"UF";"COD_MUN";"NOME_MUN";"*Ausência de Casos";"NUM_2025";"DEN_2025";"RES_2025";"ALCANCOU A META?";"RES";"METAS"
"RO";110001;"Alta Floresta D'Oeste";;10;12;83,3;"Sim";83,3;"ALCANÇOU"
"RO";110002;"Ariquemes";;51;49;104,1;"Sim";104,1;"ALCANÇOU"
"RO";110003;"Cabixi";"X";0;0;0;"Não se aplica";0;"NÃO ALCANÇOU"
"RO";110004;"Cacoal";;42;41;102,4;"Sim";102,4;"ALCANÇOU"
"RO";110005;"Cerejeiras";;10;17;58,8;"Não";58,8;"NÃO ALCANÇOU"
"RO";110006;"Colorado do Oeste";;10;9;111,1;"Sim";111,1;"ALCANÇOU"
"RO";110007;"Corumbiara";;1;12;8,3;"Não";8,3;"NÃO ALCANÇOU"
"RO";110008;"Costa Marques";;6;6;100;"Sim";100;"ALCANÇOU"
"RO";110009;"Espigão D'Oeste";;66;70;94,3;"Sim";94,3;"ALCANÇOU"
"RO";110010;"Guajará-Mirim";;5;7;71,4;"Não";71,4;"NÃO ALCANÇOU"
"RO";110011;"Jaru";;10;10;100;"Sim";100;"ALCANÇOU"
"RO";110012;"Ji-Paraná";;34;34;100;"Sim";100;"ALCANÇOU"
"RO";110013;"Machadinho D'Oeste";;51;52;98,1;"Sim";98,1;"ALCANÇOU"
"RO";110014;"Nova Brasilândia D'Oeste";;14;14;100;"Sim";100;"ALCANÇOU"
"RO";110015;"Ouro Preto do Oeste";;18;20;90;"Sim";90;"ALCANÇOU"
"RO";110018;"Pimenta Bueno";;19;19;100;"Sim";100;"ALCANÇOU"
"RO";110020;"Porto Velho";;49;62;79;"Não";79;"NÃO ALCANÇOU"
"RO";110025;"Presidente Médici";;2;2;100;"Sim";100;"ALCANÇOU"
"RO";110026;"Rio Crespo";;2;2;100;"Sim";100;"ALCANÇOU"
"RO";110028;"Rolim de Moura";;40;40;100;"Sim";100;"ALCANÇOU"
"RO";110029;"Santa Luzia D'Oeste";;16;16;100;"Sim";100;"ALCANÇOU"
"RO";110030;"Vilhena";;65;81;80,2;"Não";80,2;"NÃO ALCANÇOU"
"RO";110032;"São Miguel do Guaporé";;15;22;68,2;"Não";68,2;"NÃO ALCANÇOU"
"RO";110033;"Nova Mamoré";;15;19;78,9;"Não";78,9;"NÃO ALCANÇOU"
"RO";110034;"Alvorada D'Oeste";;6;6;100;"Sim";100;"ALCANÇOU"
"RO";110037;"Alto Alegre dos Parecis";;23;25;92;"Sim";92;"ALCANÇOU"
"RO";110040;"Alto Paraíso";;6;6;100;"Sim";100;"ALCANÇOU"
"RO";110045;"Buritis";;23;24;95,8;"Sim";95,8;"ALCANÇOU"
"RO";110050;"Novo Horizonte do Oeste";;4;7;57,1;"Não";57,1;"NÃO ALCANÇOU"
"RO";110060;"Cacaulândia";"X";0;0;0;"Não se aplica";0;"NÃO ALCANÇOU"
"RO";110070;"Campo Novo de Rondônia";;13;13;100;"Sim";100;"ALCANÇOU"
"RO";110080;"Candeias do Jamari";;13;16;81,3;"Não";81,3;"NÃO ALCANÇOU"
"RO";110090;"Castanheiras";;1;6;16,7;"Não";16,7;"NÃO ALCANÇOU"
"RO";110092;"Chupinguaia";;16;12;133,3;"Sim";133,3;"ALCANÇOU"
"RO";110094;"Cujubim";;15;15;100;"Sim";100;"ALCANÇOU"
"RO";110100;"Governador Jorge Teixeira";;3;3;100;"Sim";100;"ALCANÇOU"
"RO";110110;"Itapuã do Oeste";;4;4;100;"Sim";100;"ALCANÇOU"
"RO";110120;"Ministro Andreazza";;4;4;100;"Sim";100;"ALCANÇOU"
"RO";110130;"Mirante da Serra";;0;0;0;"Não";0;"NÃO ALCANÇOU"
"RO";110140;"Monte Negro";;27;27;100;"Sim";100;"ALCANÇOU"
"RO";110143;"Nova União";;1;1;100;"Sim";100;"ALCANÇOU"
"RO";110145;"Parecis";;4;4;100;"Sim";100;"ALCANÇOU"
"RO";110146;"Pimenteiras do Oeste";;6;3;200;"Sim";200;"ALCANÇOU"
"RO";110147;"Primavera de Rondônia";"X";0;0;0;"Não se aplica";0;"NÃO ALCANÇOU"
"RO";110148;"São Felipe D'Oeste";;3;4;75;"Não";75;"NÃO ALCANÇOU"
"RO";110149;"São Francisco do Guaporé";;10;10;100;"Sim";100;"ALCANÇOU"
"RO";110150;"Seringueiras";;1;1;100;"Sim";100;"ALCANÇOU"
"RO";110155;"Teixeirópolis";;2;2;100;"Sim";100;"ALCANÇOU"
"RO";110160;"Theobroma";;1;1;100;"Sim";100;"ALCANÇOU"
"RO";110170;"Urupá";;2;2;100;"Sim";100;"ALCANÇOU"
"RO";110175;"Vale do Anari";"X";0;0;0;"Não se aplica";0;"NÃO ALCANÇOU"
"RO";110180;"Vale do Paraíso";;1;1;100;"Sim";100;"ALCANÇOU"
"AC";120001;"Acrelândia";;7;7;100;"Sim";100;"ALCANÇOU"
"AC";120005;"Assis Brasil";;2;2;100;"Sim";100;"ALCANÇOU"
"AC";120010;"Brasiléia";;6;6;100;"Sim";100;"ALCANÇOU"
"AC";120013;"Bujari";;0;11;0;"Não";0;"NÃO ALCANÇOU"
"AC";120017;"Capixaba";;0;1;0;"Não";0;"NÃO ALCANÇOU"
"AC";120020;"Cruzeiro do Sul";;25;25;100;"Sim";100;"ALCANÇOU"
"AC";120025;"Epitaciolândia";;11;11;100;"Sim";100;"ALCANÇOU"
"AC";120030;"Feijó";;5;13;38,5;"Não";38,5;"NÃO ALCANÇOU"
"AC";120032;"Jordão";;3;3;100;"Sim";100;"ALCANÇOU"
"AC";120033;"Mâncio Lima";"X";0;0;0;"Não se aplica";0;"NÃO ALCANÇOU"
"AC";120034;"Manoel Urbano";;1;1;100;"Sim";100;"ALCANÇOU"
"AC";120035;"Marechal Thaumaturgo";"X";0;0;0;"Não se aplica";0;"NÃO ALCANÇOU"
"AC";120038;"Plácido de Castro";;2;2;100;"Sim";100;"ALCANÇOU"
"AC";120039;"Porto Walter";;9;9;100;"Sim";100;"ALCANÇOU"
"AC";120040;"Rio Branco";;100;111;90,1;"Sim";90,1;"ALCANÇOU"
"AC";120042;"Rodrigues Alves";;12;12;100;"Sim";100;"ALCANÇOU"
"AC";120043;"Santa Rosa do Purus";;3;3;100;"Sim";100;"ALCANÇOU"
"AC";120045;"Senador Guiomard";;6;14;42,9;"Não";42,9;"NÃO ALCANÇOU"
"AC";120050;"Sena Madureira";;31;33;93,9;"Sim";93,9;"ALCANÇOU"
"AC";120060;"Tarauacá";;15;26;57,7;"Não";57,7;"NÃO ALCANÇOU"
"AC";120070;"Xapuri";;26;26;100;"Sim";100;"ALCANÇOU"
"AC";120080;"Porto Acre";;0;1;0;"Não";0;"NÃO ALCANÇOU"
"AM";130002;"Alvarães";"X";0;0;0;"Não se aplica";0;"NÃO ALCANÇOU"
"AM";130006;"Amaturá";;8;8;100;"Sim";100;"ALCANÇOU"
"AM";130008;"Anamã";"X";0;0;0;"Não se aplica";0;"NÃO ALCANÇOU"
"AM";130010;"Anori";;0;0;0;"Não";0;"NÃO ALCANÇOU"
"AM";130014;"Apuí";;9;9;100;"Sim";100;"ALCANÇOU"
"AM";130020;"Atalaia do Norte";"X";0;0;0;"Não se aplica";0;"NÃO ALCANÇOU"
"AM";130030;"Autazes";;18;18;100;"Sim";100;"ALCANÇOU"
"AM";130040;"Barcelos";;10;10;100;"Sim";100;"ALCANÇOU"
"AM";130050;"Barreirinha";"X";0;0;0;"Não se aplica";0;"NÃO ALCANÇOU"
"AM";130060;"Benjamin Constant";;14;14;100;"Sim";100;"ALCANÇOU"
"AM";130063;"Beruri";;12;13;92,3;"Sim";92,3;"ALCANÇOU"
"AM";130068;"Boa Vista do Ramos";;1;1;100;"Sim";100;"ALCANÇOU"
"AM";130070;"Boca do Acre";;26;26;100;"Sim";100;"ALCANÇOU"
"AM";130080;"Borba";;24;24;100;"Sim";100;"ALCANÇOU"
"AM";130083;"Caapiranga";"X";0;0;0;"Não se aplica";0;"NÃO ALCANÇOU"
"AM";130090;"Canutama";;2;2;100;"Sim";100;"ALCANÇOU"
"AM";130100;"Carauari";;36;36;100;"Sim";100;"ALCANÇOU"
"AM";130110;"Careiro";;13;15;86,7;"Sim";86,7;"ALCANÇOU"
"AM";130115;"Careiro da Várzea";;6;13;46,2;"Não";46,2;"NÃO ALCANÇOU"
"AM";130120;"Coari";;17;17;100;"Sim";100;"ALCANÇOU"
"AM";130130;"Codajás";;7;7;100;"Sim";100;"ALCANÇOU"
"AM";130140;"Eirunepé";;5;5;100;"Sim";100;"ALCANÇOU"
"AM";130150;"Envira";;2;3;66,7;"Não";66,7;"NÃO ALCANÇOU"
"AM";130160;"Fonte Boa";"X";0;0;0;"Não se aplica";0;"NÃO ALCANÇOU"
"AM";130165;"Guajará";"X";0;0;0;"Não se aplica";0;"NÃO ALCANÇOU"
"AM";130170;"Humaitá";;8;8;100;"Sim";100;"ALCANÇOU"
"AM";130180;"Ipixuna";;11;11;100;"Sim";100;"ALCANÇOU"
"AM";130185;"Iranduba";;12;15;80;"Não";80;"NÃO ALCANÇOU"
"AM";130190;"Itacoatiara";;20;25;80;"Não";80;"NÃO ALCANÇOU"
"AM";130195;"Itamarati";;0;6;0;"Não";0;"NÃO ALCANÇOU"
"AM";130200;"Itapiranga";;2;2;100;"Sim";100;"ALCANÇOU"
"AM";130210;"Japurá";"X";0;0;0;"Não se aplica";0;"NÃO ALCANÇOU"
"AM";130220;"Juruá";;7;7;100;"Sim";100;"ALCANÇOU"
"AM";130230;"Jutaí";;0;0;0;"Não";0;"NÃO ALCANÇOU"
"AM";130240;"Lábrea";;19;20;95;"Sim";95;"ALCANÇOU"
"AM";130250;"Manacapuru";;16;26;61,5;"Não";61,5;"NÃO ALCANÇOU"
"AM";130255;"Manaquiri";;0;0;0;"Não";0;"NÃO ALCANÇOU"
"AM";130260;"Manaus";;276;301;91,7;"Sim";91,7;"ALCANÇOU"
"AM";130270;"Manicoré";;37;39;94,9;"Sim";94,9;"ALCANÇOU"
"AM";130280;"Maraã";;20;20;100;"Sim";100;"ALCANÇOU"
"AM";130290;"Maués";;17;17;100;"Sim";100;"ALCANÇOU"
"AM";130300;"Nhamundá";"X";0;0;0;"Não se aplica";0;"NÃO ALCANÇOU"
"AM";130310;"Nova Olinda do Norte";;11;11;100;"Sim";100;"ALCANÇOU"
"AM";130320;"Novo Airão";;22;22;100;"Sim";100;"ALCANÇOU"
"AM";130330;"Novo Aripuanã";;5;6;83,3;"Sim";83,3;"ALCANÇOU"
"AM";130340;"Parintins";;34;34;100;"Sim";100;"ALCANÇOU"
"AM";130350;"Pauini";;2;2;100;"Sim";100;"ALCANÇOU"
"AM";130353;"Presidente Figueiredo";;9;13;69,2;"Não";69,2;"NÃO ALCANÇOU"
"AM";130356;"Rio Preto da Eva";;6;6;100;"Sim";100;"ALCANÇOU"
"AM";130360;"Santa Isabel do Rio Negro";;21;21;100;"Sim";100;"ALCANÇOU"
"AM";130370;"Santo Antônio do Içá";"X";0;0;0;"Não se aplica";0;"NÃO ALCANÇOU"
"AM";130380;"São Gabriel da Cachoeira";;9;9;100;"Sim";100;"ALCANÇOU"
"AM";130390;"São Paulo de Olivença";"X";0;0;0;"Não se aplica";0;"NÃO ALCANÇOU"
"AM";130395;"São Sebastião do Uatumã";;14;14;100;"Sim";100;"ALCANÇOU"
"AM";130400;"Silves";;14;14;100;"Sim";100;"ALCANÇOU"
"AM";130406;"Tabatinga";"X";0;0;0;"Não se aplica";0;"NÃO ALCANÇOU"
"AM";130410;"Tapauá";;13;13;100;"Sim";100;"ALCANÇOU"
"AM";130420;"Tefé";;19;19;100;"Sim";100;"ALCANÇOU"
"AM";130423;"Tonantins";"X";0;0;0;"Não se aplica";0;"NÃO ALCANÇOU"
"AM";130426;"Uarini";;20;20;100;"Sim";100;"ALCANÇOU"
"AM";130430;"Urucará";"X";0;0;0;"Não se aplica";0;"NÃO ALCANÇOU"
"AM";130440;"Urucurituba";"X";0;0;0;"Não se aplica";0;"NÃO ALCANÇOU"
"RR";140002;"Amajari";"X";0;0;0;"Não se aplica";0;"NÃO ALCANÇOU"
"RR";140005;"Alto Alegre";;8;8;100;"Sim";100;"ALCANÇOU"
"RR";140010;"Boa Vista";;106;116;91,4;"Sim";91,4;"ALCANÇOU"
"RR";140015;"Bonfim";;5;10;50;"Não";50;"NÃO ALCANÇOU"
"RR";140017;"Cantá";;10;10;100;"Sim";100;"ALCANÇOU"
"RR";140020;"Caracaraí";;0;0;0;"Não";0;"NÃO ALCANÇOU"
"RR";140023;"Caroebe";"X";0;0;0;"Não se aplica";0;"NÃO ALCANÇOU"
"RR";140028;"Iracema";;1;2;50;"Não";50;"NÃO ALCANÇOU"
"RR";140030;"Mucajaí";;0;2;0;"Não";0;"NÃO ALCANÇOU"
"RR";140040;"Normandia";"X";0;0;0;"Não se aplica";0;"NÃO ALCANÇOU"
"RR";140045;"Pacaraima";"X";0;0;0;"Não se aplica";0;"NÃO ALCANÇOU"
"RR";140047;"Rorainópolis";;2;2;100;"Sim";100;"ALCANÇOU"
"RR";140050;"São João da Baliza";;3;6;50;"Não";50;"NÃO ALCANÇOU"
"RR";140060;"São Luiz";;0;6;0;"Não";0;"NÃO ALCANÇOU"
"RR";140070;"Uiramutã";"X";0;0;0;"Não se aplica";0;"NÃO ALCANÇOU"
"PA";150010;"Abaetetuba";;30;39;76,9;"Não";76,9;"NÃO ALCANÇOU"
"PA";150013;"Abel Figueiredo";;6;6;100;"Sim";100;"ALCANÇOU"
"PA";150020;"Acará";;32;74;43,2;"Não";43,2;"NÃO ALCANÇOU"
"PA";150030;"Afuá";;9;20;45;"Não";45;"NÃO ALCANÇOU"
"PA";150034;"Água Azul do Norte";;9;9;100;"Sim";100;"ALCANÇOU"
"PA";150040;"Alenquer";;11;13;84,6;"Sim";84,6;"ALCANÇOU"
"PA";150050;"Almeirim";;0;3;0;"Não";0;"NÃO ALCANÇOU"
"PA";150060;"Altamira";;66;70;94,3;"Sim";94,3;"ALCANÇOU"
"PA";150070;"Anajás";"X";0;0;0;"Não se aplica";0;"NÃO ALCANÇOU"
"PA";150080;"Ananindeua";;90;166;54,2;"Não";54,2;"NÃO ALCANÇOU"
"PA";150085;"Anapu";;34;38;89,5;"Sim";89,5;"ALCANÇOU"
"PA";150090;"Augusto Corrêa";;16;19;84,2;"Sim";84,2;"ALCANÇOU"
"PA";150095;"Aurora do Pará";;11;20;55;"Não";55;"NÃO ALCANÇOU"
"PA";150100;"Aveiro";;7;8;87,5;"Sim";87,5;"ALCANÇOU"
"PA";150110;"Bagre";;1;16;6,3;"Não";6,3;"NÃO ALCANÇOU"
"PA";150120;"Baião";;37;41;90,2;"Sim";90,2;"ALCANÇOU"
"PA";150125;"Bannach";;0;0;0;"Não";0;"NÃO ALCANÇOU"
"PA";150130;"Barcarena";;39;39;100;"Sim";100;"ALCANÇOU"
"PA";150140;"Belém";;160;311;51,4;"Não";51,4;"NÃO ALCANÇOU"
"PA";150145;"Belterra";;2;2;100;"Sim";100;"ALCANÇOU"
"PA";150150;"Benevides";;19;38;50;"Não";50;"NÃO ALCANÇOU"
"PA";150157;"Bom Jesus do Tocantins";;44;45;97,8;"Sim";97,8;"ALCANÇOU"
"PA";150160;"Bonito";;0;0;0;"Não";0;"NÃO ALCANÇOU"
"PA";150170;"Bragança";;42;73;57,5;"Não";57,5;"NÃO ALCANÇOU"
"PA";150172;"Brasil Novo";;6;6;100;"Sim";100;"ALCANÇOU"
"PA";150175;"Brejo Grande do Araguaia";;1;1;100;"Sim";100;"ALCANÇOU"
"PA";150178;"Breu Branco";;56;68;82,4;"Sim";82,4;"ALCANÇOU"
"PA";150180;"Breves";;27;40;67,5;"Não";67,5;"NÃO ALCANÇOU"
"PA";150190;"Bujaru";;21;25;84;"Sim";84;"ALCANÇOU"
"PA";150195;"Cachoeira do Piriá";;3;11;27,3;"Não";27,3;"NÃO ALCANÇOU"
"PA";150200;"Cachoeira do Arari";;1;5;20;"Não";20;"NÃO ALCANÇOU"
"PA";150210;"Cametá";;53;93;57;"Não";57;"NÃO ALCANÇOU"
"PA";150215;"Canaã dos Carajás";;52;55;94,5;"Sim";94,5;"ALCANÇOU"
"PA";150220;"Capanema";;16;16;100;"Sim";100;"ALCANÇOU"
"PA";150230;"Capitão Poço";;48;55;87,3;"Sim";87,3;"ALCANÇOU"
"PA";150240;"Castanhal";;22;36;61,1;"Não";61,1;"NÃO ALCANÇOU"
"PA";150250;"Chaves";;10;10;100;"Sim";100;"ALCANÇOU"
"PA";150260;"Colares";;8;8;100;"Sim";100;"ALCANÇOU"
"PA";150270;"Conceição do Araguaia";;52;59;88,1;"Sim";88,1;"ALCANÇOU"
"PA";150275;"Concórdia do Pará";;5;5;100;"Sim";100;"ALCANÇOU"
"PA";150276;"Cumaru do Norte";;3;10;30;"Não";30;"NÃO ALCANÇOU"
"PA";150277;"Curionópolis";;1;1;100;"Sim";100;"ALCANÇOU"
"PA";150280;"Curralinho";;37;71;52,1;"Não";52,1;"NÃO ALCANÇOU"
"PA";150285;"Curuá";;5;5;100;"Sim";100;"ALCANÇOU"
"PA";150290;"Curuçá";"X";0;0;0;"Não se aplica";0;"NÃO ALCANÇOU"
"PA";150293;"Dom Eliseu";;19;34;55,9;"Não";55,9;"NÃO ALCANÇOU"
"PA";150295;"Eldorado dos Carajás";;29;36;80,6;"Não";80,6;"NÃO ALCANÇOU"
"PA";150300;"Faro";"X";0;0;0;"Não se aplica";0;"NÃO ALCANÇOU"
"PA";150304;"Floresta do Araguaia";;53;53;100;"Sim";100;"ALCANÇOU"
"PA";150307;"Garrafão do Norte";;35;38;92,1;"Sim";92,1;"ALCANÇOU"
"PA";150309;"Goianésia do Pará";;11;11;100;"Sim";100;"ALCANÇOU"
"PA";150310;"Gurupá";;23;29;79,3;"Não";79,3;"NÃO ALCANÇOU"
"PA";150320;"Igarapé-Açu";;14;16;87,5;"Sim";87,5;"ALCANÇOU"
"PA";150330;"Igarapé-Miri";;38;38;100;"Sim";100;"ALCANÇOU"
"PA";150340;"Inhangapi";;2;2;100;"Sim";100;"ALCANÇOU"
"PA";150345;"Ipixuna do Pará";;34;51;66,7;"Não";66,7;"NÃO ALCANÇOU"
"PA";150350;"Irituia";;9;13;69,2;"Não";69,2;"NÃO ALCANÇOU"
"PA";150360;"Itaituba";;27;40;67,5;"Não";67,5;"NÃO ALCANÇOU"
"PA";150370;"Itupiranga";;37;49;75,5;"Não";75,5;"NÃO ALCANÇOU"
"PA";150375;"Jacareacanga";;6;6;100;"Sim";100;"ALCANÇOU"
"PA";150380;"Jacundá";;31;31;100;"Sim";100;"ALCANÇOU"
"PA";150390;"Juruti";"X";0;0;0;"Não se aplica";0;"NÃO ALCANÇOU"
"PA";150400;"Limoeiro do Ajuru";;8;10;80;"Não";80;"NÃO ALCANÇOU"
"PA";150405;"Mãe do Rio";;11;13;84,6;"Sim";84,6;"ALCANÇOU"
"PA";150410;"Magalhães Barata";;4;5;80;"Não";80;"NÃO ALCANÇOU"
"PA";150420;"Marabá";;183;196;93,4;"Sim";93,4;"ALCANÇOU"
"PA";150430;"Maracanã";;0;0;0;"Não";0;"NÃO ALCANÇOU"
"PA";150440;"Marapanim";;0;2;0;"Não";0;"NÃO ALCANÇOU"
"PA";150442;"Marituba";;27;43;62,8;"Não";62,8;"NÃO ALCANÇOU"
"PA";150445;"Medicilândia";;25;29;86,2;"Sim";86,2;"ALCANÇOU"
"PA";150450;"Melgaço";;3;12;25;"Não";25;"NÃO ALCANÇOU"
"PA";150460;"Mocajuba";;7;8;87,5;"Sim";87,5;"ALCANÇOU"
"PA";150470;"Moju";;30;41;73,2;"Não";73,2;"NÃO ALCANÇOU"
"PA";150475;"Mojuí dos Campos";;0;40;0;"Não";0;"NÃO ALCANÇOU"
"PA";150480;"Monte Alegre";;6;6;100;"Sim";100;"ALCANÇOU"
"PA";150490;"Muaná";;18;21;85,7;"Sim";85,7;"ALCANÇOU"
"PA";150495;"Nova Esperança do Piriá";;10;16;62,5;"Não";62,5;"NÃO ALCANÇOU"
"PA";150497;"Nova Ipixuna";;8;8;100;"Sim";100;"ALCANÇOU"
"PA";150500;"Nova Timboteua";;6;6;100;"Sim";100;"ALCANÇOU"
"PA";150503;"Novo Progresso";;22;22;100;"Sim";100;"ALCANÇOU"
"PA";150506;"Novo Repartimento";;17;42;40,5;"Não";40,5;"NÃO ALCANÇOU"
"PA";150510;"Óbidos";;36;44;81,8;"Sim";81,8;"ALCANÇOU"
"PA";150520;"Oeiras do Pará";;54;64;84,4;"Sim";84,4;"ALCANÇOU"
"PA";150530;"Oriximiná";;32;37;86,5;"Sim";86,5;"ALCANÇOU"
"PA";150540;"Ourém";;1;4;25;"Não";25;"NÃO ALCANÇOU"
"PA";150543;"Ourilândia do Norte";;0;11;0;"Não";0;"NÃO ALCANÇOU"
"PA";150548;"Pacajá";;37;38;97,4;"Sim";97,4;"ALCANÇOU"
"PA";150549;"Palestina do Pará";"X";0;0;0;"Não se aplica";0;"NÃO ALCANÇOU"
"PA";150550;"Paragominas";;128;149;85,9;"Sim";85,9;"ALCANÇOU"
"PA";150553;"Parauapebas";;135;182;74,2;"Não";74,2;"NÃO ALCANÇOU"
"PA";150555;"Pau D'Arco";;0;4;0;"Não";0;"NÃO ALCANÇOU"
"PA";150560;"Peixe-Boi";"X";0;0;0;"Não se aplica";0;"NÃO ALCANÇOU"
"PA";150563;"Piçarra";"X";0;0;0;"Não se aplica";0;"NÃO ALCANÇOU"
"PA";150565;"Placas";;0;4;0;"Não";0;"NÃO ALCANÇOU"
"PA";150570;"Ponta de Pedras";;26;27;96,3;"Sim";96,3;"ALCANÇOU"
"PA";150580;"Portel";;75;77;97,4;"Sim";97,4;"ALCANÇOU"
"PA";150590;"Porto de Moz";;12;16;75;"Não";75;"NÃO ALCANÇOU"
"PA";150600;"Prainha";;0;1;0;"Não";0;"NÃO ALCANÇOU"
"PA";150610;"Primavera";;2;2;100;"Sim";100;"ALCANÇOU"
"PA";150611;"Quatipuru";"X";0;0;0;"Não se aplica";0;"NÃO ALCANÇOU"
"PA";150613;"Redenção";;50;54;92,6;"Sim";92,6;"ALCANÇOU"
"PA";150616;"Rio Maria";;18;20;90;"Sim";90;"ALCANÇOU"
"PA";150618;"Rondon do Pará";;36;40;90;"Sim";90;"ALCANÇOU"
"PA";150619;"Rurópolis";;23;29;79,3;"Não";79,3;"NÃO ALCANÇOU"
"PA";150620;"Salinópolis";;3;7;42,9;"Não";42,9;"NÃO ALCANÇOU"
"PA";150630;"Salvaterra";;7;7;100;"Sim";100;"ALCANÇOU"
"PA";150635;"Santa Bárbara do Pará";;2;12;16,7;"Não";16,7;"NÃO ALCANÇOU"
"PA";150640;"Santa Cruz do Arari";;23;23;100;"Sim";100;"ALCANÇOU"
"PA";150650;"Santa Isabel do Pará";;24;27;88,9;"Sim";88,9;"ALCANÇOU"
"PA";150655;"Santa Luzia do Pará";;16;16;100;"Sim";100;"ALCANÇOU"
"PA";150658;"Santa Maria das Barreiras";;0;1;0;"Não";0;"NÃO ALCANÇOU"
"PA";150660;"Santa Maria do Pará";;0;17;0;"Não";0;"NÃO ALCANÇOU"
"PA";150670;"Santana do Araguaia";;1;1;100;"Sim";100;"ALCANÇOU"
"PA";150680;"Santarém";;81;77;105,2;"Sim";105,2;"ALCANÇOU"
"PA";150690;"Santarém Novo";;3;3;100;"Sim";100;"ALCANÇOU"
"PA";150700;"Santo Antônio do Tauá";;9;14;64,3;"Não";64,3;"NÃO ALCANÇOU"
"PA";150710;"São Caetano de Odivelas";;4;4;100;"Sim";100;"ALCANÇOU"
"PA";150715;"São Domingos do Araguaia";;24;29;82,8;"Sim";82,8;"ALCANÇOU"
"PA";150720;"São Domingos do Capim";;4;9;44,4;"Não";44,4;"NÃO ALCANÇOU"
"PA";150730;"São Félix do Xingu";;25;31;80,6;"Não";80,6;"NÃO ALCANÇOU"
"PA";150740;"São Francisco do Pará";;3;3;100;"Sim";100;"ALCANÇOU"
"PA";150745;"São Geraldo do Araguaia";;23;28;82,1;"Sim";82,1;"ALCANÇOU"
"PA";150746;"São João da Ponta";;7;7;100;"Sim";100;"ALCANÇOU"
"PA";150747;"São João de Pirabas";;6;6;100;"Sim";100;"ALCANÇOU"
"PA";150750;"São João do Araguaia";;0;0;0;"Não";0;"NÃO ALCANÇOU"
"PA";150760;"São Miguel do Guamá";;14;23;60,9;"Não";60,9;"NÃO ALCANÇOU"
"PA";150770;"São Sebastião da Boa Vista";;21;26;80,8;"Não";80,8;"NÃO ALCANÇOU"
"PA";150775;"Sapucaia";"X";0;0;0;"Não se aplica";0;"NÃO ALCANÇOU"
"PA";150780;"Senador José Porfírio";;24;25;96;"Sim";96;"ALCANÇOU"
"PA";150790;"Soure";;18;21;85,7;"Sim";85,7;"ALCANÇOU"
"PA";150795;"Tailândia";;65;68;95,6;"Sim";95,6;"ALCANÇOU"
"PA";150796;"Terra Alta";;0;2;0;"Não";0;"NÃO ALCANÇOU"
"PA";150797;"Terra Santa";;1;16;6,3;"Não";6,3;"NÃO ALCANÇOU"
"PA";150800;"Tomé-Açu";;53;56;94,6;"Sim";94,6;"ALCANÇOU"
"PA";150803;"Tracuateua";;12;40;30;"Não";30;"NÃO ALCANÇOU"
"PA";150805;"Trairão";;14;14;100;"Sim";100;"ALCANÇOU"
"PA";150808;"Tucumã";;2;9;22,2;"Não";22,2;"NÃO ALCANÇOU"
"PA";150810;"Tucuruí";;39;41;95,1;"Sim";95,1;"ALCANÇOU"
"PA";150812;"Ulianópolis";;24;24;100;"Sim";100;"ALCANÇOU"
"PA";150815;"Uruará";;44;46;95,7;"Sim";95,7;"ALCANÇOU"
"PA";150820;"Vigia";;6;8;75;"Não";75;"NÃO ALCANÇOU"
"PA";150830;"Viseu";;16;33;48,5;"Não";48,5;"NÃO ALCANÇOU"
"PA";150835;"Vitória do Xingu";;16;18;88,9;"Sim";88,9;"ALCANÇOU"
"PA";150840;"Xinguara";;26;28;92,9;"Sim";92,9;"ALCANÇOU"
"AP";160005;"Serra do Navio";"X";0;0;0;"Não se aplica";0;"NÃO ALCANÇOU"
"AP";160010;"Amapá";"X";0;0;0;"Não se aplica";0;"NÃO ALCANÇOU"
"AP";160015;"Pedra Branca do Amapari";;1;1;100;"Sim";100;"ALCANÇOU"
"AP";160020;"Calçoene";;0;3;0;"Não";0;"NÃO ALCANÇOU"
"AP";160021;"Cutias";"X";0;0;0;"Não se aplica";0;"NÃO ALCANÇOU"
"AP";160023;"Ferreira Gomes";;1;1;100;"Sim";100;"ALCANÇOU"
"AP";160025;"Itaubal";"X";0;0;0;"Não se aplica";0;"NÃO ALCANÇOU"
"AP";160027;"Laranjal do Jari";;8;8;100;"Sim";100;"ALCANÇOU"
"AP";160030;"Macapá";;52;82;63,4;"Não";63,4;"NÃO ALCANÇOU"
"AP";160040;"Mazagão";;9;14;64,3;"Não";64,3;"NÃO ALCANÇOU"
"AP";160050;"Oiapoque";;2;2;100;"Sim";100;"ALCANÇOU"
"AP";160053;"Porto Grande";"X";0;0;0;"Não se aplica";0;"NÃO ALCANÇOU"
"AP";160055;"Pracuúba";;2;2;100;"Sim";100;"ALCANÇOU"
"AP";160060;"Santana";;9;9;100;"Sim";100;"ALCANÇOU"
"AP";160070;"Tartarugalzinho";"X";0;0;0;"Não se aplica";0;"NÃO ALCANÇOU"
"AP";160080;"Vitória do Jari";"X";0;0;0;"Não se aplica";0;"NÃO ALCANÇOU"
"TO";170025;"Abreulândia";;5;5;100;"Sim";100;"ALCANÇOU"
"TO";170030;"Aguiarnópolis";;3;6;50;"Não";50;"NÃO ALCANÇOU"
"TO";170035;"Aliança do Tocantins";;6;6;100;"Sim";100;"ALCANÇOU"
"TO";170040;"Almas";;1;4;25;"Não";25;"NÃO ALCANÇOU"
"TO";170070;"Alvorada";;9;9;100;"Sim";100;"ALCANÇOU"
"TO";170100;"Ananás";;9;18;50;"Não";50;"NÃO ALCANÇOU"
"TO";170105;"Angico";"X";0;0;0;"Não se aplica";0;"NÃO ALCANÇOU"
"TO";170110;"Aparecida do Rio Negro";;0;21;0;"Não";0;"NÃO ALCANÇOU"
"TO";170130;"Aragominas";;2;2;100;"Sim";100;"ALCANÇOU"
"TO";170190;"Araguacema";;14;15;93,3;"Sim";93,3;"ALCANÇOU"
"TO";170200;"Araguaçu";;16;17;94,1;"Sim";94,1;"ALCANÇOU"
"TO";170210;"Araguaína";;146;177;82,5;"Sim";82,5;"ALCANÇOU"
"TO";170215;"Araguanã";;6;11;54,5;"Não";54,5;"NÃO ALCANÇOU"
"TO";170220;"Araguatins";;21;24;87,5;"Sim";87,5;"ALCANÇOU"
"TO";170230;"Arapoema";;5;7;71,4;"Não";71,4;"NÃO ALCANÇOU"
"TO";170240;"Arraias";;5;5;100;"Sim";100;"ALCANÇOU"
"TO";170255;"Augustinópolis";;19;19;100;"Sim";100;"ALCANÇOU"
"TO";170270;"Aurora do Tocantins";;0;2;0;"Não";0;"NÃO ALCANÇOU"
"TO";170290;"Axixá do Tocantins";;3;3;100;"Sim";100;"ALCANÇOU"
"TO";170300;"Babaçulândia";;7;7;100;"Sim";100;"ALCANÇOU"
"TO";170305;"Bandeirantes do Tocantins";"X";0;0;0;"Não se aplica";0;"NÃO ALCANÇOU"
"TO";170307;"Barra do Ouro";;0;0;0;"Não";0;"NÃO ALCANÇOU"
"TO";170310;"Barrolândia";;2;2;100;"Sim";100;"ALCANÇOU"
"TO";170320;"Bernardo Sayão";;0;3;0;"Não";0;"NÃO ALCANÇOU"
"TO";170330;"Bom Jesus do Tocantins";;5;5;100;"Sim";100;"ALCANÇOU"
"TO";170360;"Brasilândia do Tocantins";;4;4;100;"Sim";100;"ALCANÇOU"
"TO";170370;"Brejinho de Nazaré";;2;4;50;"Não";50;"NÃO ALCANÇOU"
"TO";170380;"Buriti do Tocantins";;2;2;100;"Sim";100;"ALCANÇOU"
"TO";170382;"Cachoeirinha";"X";0;0;0;"Não se aplica";0;"NÃO ALCANÇOU"
"TO";170384;"Campos Lindos";;4;4;100;"Sim";100;"ALCANÇOU"
"TO";170386;"Cariri do Tocantins";;5;5;100;"Sim";100;"ALCANÇOU"
"TO";170388;"Carmolândia";"X";0;0;0;"Não se aplica";0;"NÃO ALCANÇOU"
"TO";170389;"Carrasco Bonito";"X";0;0;0;"Não se aplica";0;"NÃO ALCANÇOU"
"TO";170390;"Caseara";;2;2;100;"Sim";100;"ALCANÇOU"
"TO";170410;"Centenário";;26;26;100;"Sim";100;"ALCANÇOU"
"TO";170460;"Chapada de Areia";;3;3;100;"Sim";100;"ALCANÇOU"
"TO";170510;"Chapada da Natividade";;0;4;0;"Não";0;"NÃO ALCANÇOU"
"TO";170550;"Colinas do Tocantins";;26;34;76,5;"Não";76,5;"NÃO ALCANÇOU"
"TO";170555;"Combinado";;8;8;100;"Sim";100;"ALCANÇOU"
"TO";170560;"Conceição do Tocantins";;10;10;100;"Sim";100;"ALCANÇOU"
"TO";170600;"Couto Magalhães";;15;15;100;"Sim";100;"ALCANÇOU"
"TO";170610;"Cristalândia";"X";0;0;0;"Não se aplica";0;"NÃO ALCANÇOU"
"TO";170625;"Crixás do Tocantins";;0;1;0;"Não";0;"NÃO ALCANÇOU"
"TO";170650;"Darcinópolis";;3;6;50;"Não";50;"NÃO ALCANÇOU"
"TO";170700;"Dianópolis";;1;1;100;"Sim";100;"ALCANÇOU"
"TO";170710;"Divinópolis do Tocantins";;1;1;100;"Sim";100;"ALCANÇOU"
"TO";170720;"Dois Irmãos do Tocantins";;7;7;100;"Sim";100;"ALCANÇOU"
"TO";170730;"Dueré";;4;4;100;"Sim";100;"ALCANÇOU"
"TO";170740;"Esperantina";;6;6;100;"Sim";100;"ALCANÇOU"
"TO";170755;"Fátima";;0;1;0;"Não";0;"NÃO ALCANÇOU"
"TO";170765;"Figueirópolis";;9;11;81,8;"Sim";81,8;"ALCANÇOU"
"TO";170770;"Filadélfia";;0;2;0;"Não";0;"NÃO ALCANÇOU"
"TO";170820;"Formoso do Araguaia";;18;19;94,7;"Sim";94,7;"ALCANÇOU"
"TO";170825;"Fortaleza do Tabocão";"X";0;0;0;"Não se aplica";0;"NÃO ALCANÇOU"
"TO";170830;"Goianorte";"X";0;0;0;"Não se aplica";0;"NÃO ALCANÇOU"
"TO";170900;"Goiatins";;10;10;100;"Sim";100;"ALCANÇOU"
"TO";170930;"Guaraí";;7;11;63,6;"Não";63,6;"NÃO ALCANÇOU"
"TO";170950;"Gurupi";;65;73;89;"Sim";89;"ALCANÇOU"
"TO";170980;"Ipueiras";"X";0;0;0;"Não se aplica";0;"NÃO ALCANÇOU"
"TO";171050;"Itacajá";"X";0;0;0;"Não se aplica";0;"NÃO ALCANÇOU"
"TO";171070;"Itaguatins";"X";0;0;0;"Não se aplica";0;"NÃO ALCANÇOU"
"TO";171090;"Itapiratins";"X";0;0;0;"Não se aplica";0;"NÃO ALCANÇOU"
"TO";171110;"Itaporã do Tocantins";"X";0;0;0;"Não se aplica";0;"NÃO ALCANÇOU"
"TO";171150;"Jaú do Tocantins";"X";0;0;0;"Não se aplica";0;"NÃO ALCANÇOU"
"TO";171180;"Juarina";;0;3;0;"Não";0;"NÃO ALCANÇOU"
"TO";171190;"Lagoa da Confusão";;44;58;75,9;"Não";75,9;"NÃO ALCANÇOU"
"TO";171195;"Lagoa do Tocantins";"X";0;0;0;"Não se aplica";0;"NÃO ALCANÇOU"
"TO";171200;"Lajeado";;0;1;0;"Não";0;"NÃO ALCANÇOU"
"TO";171215;"Lavandeira";;3;11;27,3;"Não";27,3;"NÃO ALCANÇOU"
"TO";171240;"Lizarda";"X";0;0;0;"Não se aplica";0;"NÃO ALCANÇOU"
"TO";171245;"Luzinópolis";"X";0;0;0;"Não se aplica";0;"NÃO ALCANÇOU"
"TO";171250;"Marianópolis do Tocantins";;4;4;100;"Sim";100;"ALCANÇOU"
"TO";171270;"Mateiros";;6;6;100;"Sim";100;"ALCANÇOU"
"TO";171280;"Maurilândia do Tocantins";;11;11;100;"Sim";100;"ALCANÇOU"
"TO";171320;"Miracema do Tocantins";;15;16;93,8;"Sim";93,8;"ALCANÇOU"
"TO";171330;"Miranorte";;31;43;72,1;"Não";72,1;"NÃO ALCANÇOU"
"TO";171360;"Monte do Carmo";;0;10;0;"Não";0;"NÃO ALCANÇOU"
"TO";171370;"Monte Santo do Tocantins";;1;1;100;"Sim";100;"ALCANÇOU"
"TO";171380;"Palmeiras do Tocantins";"X";0;0;0;"Não se aplica";0;"NÃO ALCANÇOU"
"TO";171395;"Muricilândia";;19;22;86,4;"Sim";86,4;"ALCANÇOU"
"TO";171420;"Natividade";;5;5;100;"Sim";100;"ALCANÇOU"
"TO";171430;"Nazaré";;0;5;0;"Não";0;"NÃO ALCANÇOU"
"TO";171488;"Nova Olinda";;22;26;84,6;"Sim";84,6;"ALCANÇOU"
"TO";171500;"Nova Rosalândia";;6;6;100;"Sim";100;"ALCANÇOU"
"TO";171510;"Novo Acordo";;12;12;100;"Sim";100;"ALCANÇOU"
"TO";171515;"Novo Alegre";"X";0;0;0;"Não se aplica";0;"NÃO ALCANÇOU"
"TO";171525;"Novo Jardim";;30;49;61,2;"Não";61,2;"NÃO ALCANÇOU"
"TO";171550;"Oliveira de Fátima";"X";0;0;0;"Não se aplica";0;"NÃO ALCANÇOU"
"TO";171570;"Palmeirante";;0;1;0;"Não";0;"NÃO ALCANÇOU"
"TO";171575;"Palmeirópolis";;5;6;83,3;"Sim";83,3;"ALCANÇOU"
"TO";171610;"Paraíso do Tocantins";;45;44;102,3;"Sim";102,3;"ALCANÇOU"
"TO";171620;"Paranã";;2;2;100;"Sim";100;"ALCANÇOU"
"TO";171630;"Pau D'Arco";;0;2;0;"Não";0;"NÃO ALCANÇOU"
"TO";171650;"Pedro Afonso";;10;11;90,9;"Sim";90,9;"ALCANÇOU"
"TO";171660;"Peixe";;6;6;100;"Sim";100;"ALCANÇOU"
"TO";171665;"Pequizeiro";;3;4;75;"Não";75;"NÃO ALCANÇOU"
"TO";171670;"Colméia";;11;11;100;"Sim";100;"ALCANÇOU"
"TO";171700;"Pindorama do Tocantins";"X";0;0;0;"Não se aplica";0;"NÃO ALCANÇOU"
"TO";171720;"Piraquê";"X";0;0;0;"Não se aplica";0;"NÃO ALCANÇOU"
"TO";171750;"Pium";;35;35;100;"Sim";100;"ALCANÇOU"
"TO";171780;"Ponte Alta do Bom Jesus";"X";0;0;0;"Não se aplica";0;"NÃO ALCANÇOU"
"TO";171790;"Ponte Alta do Tocantins";;2;2;100;"Sim";100;"ALCANÇOU"
"TO";171800;"Porto Alegre do Tocantins";;4;4;100;"Sim";100;"ALCANÇOU"
"TO";171820;"Porto Nacional";;323;363;89;"Sim";89;"ALCANÇOU"
"TO";171830;"Praia Norte";"X";0;0;0;"Não se aplica";0;"NÃO ALCANÇOU"
"TO";171840;"Presidente Kennedy";"X";0;0;0;"Não se aplica";0;"NÃO ALCANÇOU"
"TO";171845;"Pugmil";;1;1;100;"Sim";100;"ALCANÇOU"
"TO";171850;"Recursolândia";;52;60;86,7;"Sim";86,7;"ALCANÇOU"
"TO";171855;"Riachinho";;6;6;100;"Sim";100;"ALCANÇOU"
"TO";171865;"Rio da Conceição";;4;4;100;"Sim";100;"ALCANÇOU"
"TO";171870;"Rio dos Bois";;5;6;83,3;"Sim";83,3;"ALCANÇOU"
"TO";171875;"Rio Sono";;28;28;100;"Sim";100;"ALCANÇOU"
"TO";171880;"Sampaio";"X";0;0;0;"Não se aplica";0;"NÃO ALCANÇOU"
"TO";171884;"Sandolândia";;2;2;100;"Sim";100;"ALCANÇOU"
"TO";171886;"Santa Fé do Araguaia";;23;40;57,5;"Não";57,5;"NÃO ALCANÇOU"
"TO";171888;"Santa Maria do Tocantins";"X";0;0;0;"Não se aplica";0;"NÃO ALCANÇOU"
"TO";171889;"Santa Rita do Tocantins";;0;1;0;"Não";0;"NÃO ALCANÇOU"
"TO";171890;"Santa Rosa do Tocantins";;0;0;0;"Não";0;"NÃO ALCANÇOU"
"TO";171900;"Santa Tereza do Tocantins";;8;8;100;"Sim";100;"ALCANÇOU"
"TO";172000;"Santa Terezinha do Tocantins";"X";0;0;0;"Não se aplica";0;"NÃO ALCANÇOU"
"TO";172010;"São Bento do Tocantins";"X";0;0;0;"Não se aplica";0;"NÃO ALCANÇOU"
"TO";172015;"São Félix do Tocantins";"X";0;0;0;"Não se aplica";0;"NÃO ALCANÇOU"
"TO";172020;"São Miguel do Tocantins";;6;6;100;"Sim";100;"ALCANÇOU"
"TO";172025;"São Salvador do Tocantins";;0;6;0;"Não";0;"NÃO ALCANÇOU"
"TO";172030;"São Sebastião do Tocantins";"X";0;0;0;"Não se aplica";0;"NÃO ALCANÇOU"
"TO";172049;"São Valério da Natividade";"X";0;0;0;"Não se aplica";0;"NÃO ALCANÇOU"
"TO";172065;"Silvanópolis";"X";0;0;0;"Não se aplica";0;"NÃO ALCANÇOU"
"TO";172080;"Sítio Novo do Tocantins";"X";0;0;0;"Não se aplica";0;"NÃO ALCANÇOU"
"TO";172085;"Sucupira";"X";0;0;0;"Não se aplica";0;"NÃO ALCANÇOU"
"TO";172090;"Taguatinga";;11;11;100;"Sim";100;"ALCANÇOU"
"TO";172093;"Taipas do Tocantins";"X";0;0;0;"Não se aplica";0;"NÃO ALCANÇOU"
"TO";172097;"Talismã";"X";0;0;0;"Não se aplica";0;"NÃO ALCANÇOU"
"TO";172100;"Palmas";;346;450;76,9;"Não";76,9;"NÃO ALCANÇOU"
"TO";172110;"Tocantínia";;16;16;100;"Sim";100;"ALCANÇOU"
"TO";172120;"Tocantinópolis";;4;4;100;"Sim";100;"ALCANÇOU"
"TO";172125;"Tupirama";"X";0;0;0;"Não se aplica";0;"NÃO ALCANÇOU"
"TO";172130;"Tupiratins";;12;15;80;"Não";80;"NÃO ALCANÇOU"
"TO";172208;"Wanderlândia";;0;7;0;"Não";0;"NÃO ALCANÇOU"
"TO";172210;"Xambioá";;0;4;0;"Não";0;"NÃO ALCANÇOU"
"MA";210005;"Açailândia";;79;100;79;"Não";79;"NÃO ALCANÇOU"
"MA";210010;"Afonso Cunha";;0;7;0;"Não";0;"NÃO ALCANÇOU"
"MA";210015;"Água Doce do Maranhão";;2;2;100;"Sim";100;"ALCANÇOU"
"MA";210020;"Alcântara";;4;4;100;"Sim";100;"ALCANÇOU"
"MA";210030;"Aldeias Altas";;6;6;100;"Sim";100;"ALCANÇOU"
"MA";210040;"Altamira do Maranhão";;12;12;100;"Sim";100;"ALCANÇOU"
"MA";210043;"Alto Alegre do Maranhão";;8;8;100;"Sim";100;"ALCANÇOU"
"MA";210047;"Alto Alegre do Pindaré";;78;86;90,7;"Sim";90,7;"ALCANÇOU"
"MA";210050;"Alto Parnaíba";"X";0;0;0;"Não se aplica";0;"NÃO ALCANÇOU"
"MA";210055;"Amapá do Maranhão";;6;6;100;"Sim";100;"ALCANÇOU"
"MA";210060;"Amarante do Maranhão";;57;57;100;"Sim";100;"ALCANÇOU"
"MA";210070;"Anajatuba";;6;19;31,6;"Não";31,6;"NÃO ALCANÇOU"
"MA";210080;"Anapurus";;3;3;100;"Sim";100;"ALCANÇOU"
"MA";210083;"Apicum-Açu";;2;2;100;"Sim";100;"ALCANÇOU"
"MA";210087;"Araguanã";;3;3;100;"Sim";100;"ALCANÇOU"
"MA";210090;"Araioses";;7;27;25,9;"Não";25,9;"NÃO ALCANÇOU"
"MA";210095;"Arame";;38;39;97,4;"Sim";97,4;"ALCANÇOU"
"MA";210100;"Arari";;40;42;95,2;"Sim";95,2;"ALCANÇOU"
"MA";210110;"Axixá";;6;6;100;"Sim";100;"ALCANÇOU"
"MA";210120;"Bacabal";;83;81;102,5;"Sim";102,5;"ALCANÇOU"
"MA";210125;"Bacabeira";;13;13;100;"Sim";100;"ALCANÇOU"
"MA";210130;"Bacuri";;0;9;0;"Não";0;"NÃO ALCANÇOU"
"MA";210135;"Bacurituba";"X";0;0;0;"Não se aplica";0;"NÃO ALCANÇOU"
"MA";210140;"Balsas";;120;125;96;"Sim";96;"ALCANÇOU"
"MA";210150;"Barão de Grajaú";;9;16;56,3;"Não";56,3;"NÃO ALCANÇOU"
"MA";210160;"Barra do Corda";;121;162;74,7;"Não";74,7;"NÃO ALCANÇOU"
"MA";210170;"Barreirinhas";;58;64;90,6;"Sim";90,6;"ALCANÇOU"
"MA";210173;"Belágua";"X";0;0;0;"Não se aplica";0;"NÃO ALCANÇOU"
"MA";210177;"Bela Vista do Maranhão";;25;25;100;"Sim";100;"ALCANÇOU"
"MA";210180;"Benedito Leite";"X";0;0;0;"Não se aplica";0;"NÃO ALCANÇOU"
"MA";210190;"Bequimão";;1;6;16,7;"Não";16,7;"NÃO ALCANÇOU"
"MA";210193;"Bernardo do Mearim";"X";0;0;0;"Não se aplica";0;"NÃO ALCANÇOU"
"MA";210197;"Boa Vista do Gurupi";"X";0;0;0;"Não se aplica";0;"NÃO ALCANÇOU"
"MA";210200;"Bom Jardim";;16;21;76,2;"Não";76,2;"NÃO ALCANÇOU"
"MA";210203;"Bom Jesus das Selvas";;35;32;109,4;"Sim";109,4;"ALCANÇOU"
"MA";210207;"Bom Lugar";"X";0;0;0;"Não se aplica";0;"NÃO ALCANÇOU"
"MA";210210;"Brejo";;5;14;35,7;"Não";35,7;"NÃO ALCANÇOU"
"MA";210215;"Brejo de Areia";;13;15;86,7;"Sim";86,7;"ALCANÇOU"
"MA";210220;"Buriti";;14;14;100;"Sim";100;"ALCANÇOU"
"MA";210230;"Buriti Bravo";;33;33;100;"Sim";100;"ALCANÇOU"
"MA";210232;"Buriticupu";;32;33;97;"Sim";97;"ALCANÇOU"
"MA";210235;"Buritirana";;11;11;100;"Sim";100;"ALCANÇOU"
"MA";210237;"Cachoeira Grande";;0;3;0;"Não";0;"NÃO ALCANÇOU"
"MA";210240;"Cajapió";;6;6;100;"Sim";100;"ALCANÇOU"
"MA";210250;"Cajari";;23;23;100;"Sim";100;"ALCANÇOU"
"MA";210255;"Campestre do Maranhão";;17;24;70,8;"Não";70,8;"NÃO ALCANÇOU"
"MA";210260;"Cândido Mendes";;7;7;100;"Sim";100;"ALCANÇOU"
"MA";210270;"Cantanhede";;68;68;100;"Sim";100;"ALCANÇOU"
"MA";210275;"Capinzal do Norte";;2;4;50;"Não";50;"NÃO ALCANÇOU"
"MA";210280;"Carolina";;1;1;100;"Sim";100;"ALCANÇOU"
"MA";210290;"Carutapera";;17;19;89,5;"Sim";89,5;"ALCANÇOU"
"MA";210300;"Caxias";;167;192;87;"Sim";87;"ALCANÇOU"
"MA";210310;"Cedral";;0;2;0;"Não";0;"NÃO ALCANÇOU"
"MA";210312;"Central do Maranhão";"X";0;0;0;"Não se aplica";0;"NÃO ALCANÇOU"
"MA";210315;"Centro do Guilherme";;11;14;78,6;"Não";78,6;"NÃO ALCANÇOU"
"MA";210317;"Centro Novo do Maranhão";;17;17;100;"Sim";100;"ALCANÇOU"
"MA";210320;"Chapadinha";;43;54;79,6;"Não";79,6;"NÃO ALCANÇOU"
"MA";210325;"Cidelândia";;6;10;60;"Não";60;"NÃO ALCANÇOU"
"MA";210330;"Codó";;311;355;87,6;"Sim";87,6;"ALCANÇOU"
"MA";210340;"Coelho Neto";;41;41;100;"Sim";100;"ALCANÇOU"
"MA";210350;"Colinas";;21;23;91,3;"Sim";91,3;"ALCANÇOU"
"MA";210355;"Conceição do Lago-Açu";;17;9;188,9;"Sim";188,9;"ALCANÇOU"
"MA";210360;"Coroatá";;123;123;100;"Sim";100;"ALCANÇOU"
"MA";210370;"Cururupu";;32;32;100;"Sim";100;"ALCANÇOU"
"MA";210375;"Davinópolis";;30;30;100;"Sim";100;"ALCANÇOU"
"MA";210380;"Dom Pedro";;41;43;95,3;"Sim";95,3;"ALCANÇOU"
"MA";210390;"Duque Bacelar";;6;10;60;"Não";60;"NÃO ALCANÇOU"
"MA";210400;"Esperantinópolis";;23;23;100;"Sim";100;"ALCANÇOU"
"MA";210405;"Estreito";;8;8;100;"Sim";100;"ALCANÇOU"
"MA";210407;"Feira Nova do Maranhão";;0;0;0;"Não";0;"NÃO ALCANÇOU"
"MA";210408;"Fernando Falcão";"X";0;0;0;"Não se aplica";0;"NÃO ALCANÇOU"
"MA";210409;"Formosa da Serra Negra";;3;3;100;"Sim";100;"ALCANÇOU"
"MA";210410;"Fortaleza dos Nogueiras";;7;7;100;"Sim";100;"ALCANÇOU"
"MA";210420;"Fortuna";;0;1;0;"Não";0;"NÃO ALCANÇOU"
"MA";210430;"Godofredo Viana";;2;6;33,3;"Não";33,3;"NÃO ALCANÇOU"
"MA";210440;"Gonçalves Dias";;0;11;0;"Não";0;"NÃO ALCANÇOU"
"MA";210450;"Governador Archer";;35;35;100;"Sim";100;"ALCANÇOU"
"MA";210455;"Governador Edison Lobão";;22;22;100;"Sim";100;"ALCANÇOU"
"MA";210460;"Governador Eugênio Barros";;13;16;81,3;"Não";81,3;"NÃO ALCANÇOU"
"MA";210462;"Governador Luiz Rocha";;1;1;100;"Sim";100;"ALCANÇOU"
"MA";210465;"Governador Newton Bello";;9;16;56,3;"Não";56,3;"NÃO ALCANÇOU"
"MA";210467;"Governador Nunes Freire";;54;54;100;"Sim";100;"ALCANÇOU"
"MA";210470;"Graça Aranha";;0;3;0;"Não";0;"NÃO ALCANÇOU"
"MA";210480;"Grajaú";;61;65;93,8;"Sim";93,8;"ALCANÇOU"
"MA";210490;"Guimarães";;7;7;100;"Sim";100;"ALCANÇOU"
"MA";210500;"Humberto de Campos";;13;7;185,7;"Sim";185,7;"ALCANÇOU"
"MA";210510;"Icatu";;8;8;100;"Sim";100;"ALCANÇOU"
"MA";210515;"Igarapé do Meio";;4;4;100;"Sim";100;"ALCANÇOU"
"MA";210520;"Igarapé Grande";;7;7;100;"Sim";100;"ALCANÇOU"
"MA";210530;"Imperatriz";;238;266;89,5;"Sim";89,5;"ALCANÇOU"
"MA";210535;"Itaipava do Grajaú";;13;12;108,3;"Sim";108,3;"ALCANÇOU"
"MA";210540;"Itapecuru Mirim";;93;107;86,9;"Sim";86,9;"ALCANÇOU"
"MA";210542;"Itinga do Maranhão";;11;11;100;"Sim";100;"ALCANÇOU"
"MA";210545;"Jatobá";;3;3;100;"Sim";100;"ALCANÇOU"
"MA";210547;"Jenipapo dos Vieiras";"X";0;0;0;"Não se aplica";0;"NÃO ALCANÇOU"
"MA";210550;"João Lisboa";;36;36;100;"Sim";100;"ALCANÇOU"
"MA";210560;"Joselândia";;9;9;100;"Sim";100;"ALCANÇOU"
"MA";210565;"Junco do Maranhão";;0;4;0;"Não";0;"NÃO ALCANÇOU"
"MA";210570;"Lago da Pedra";;90;90;100;"Sim";100;"ALCANÇOU"
"MA";210580;"Lago do Junco";;10;10;100;"Sim";100;"ALCANÇOU"
"MA";210590;"Lago Verde";;9;15;60;"Não";60;"NÃO ALCANÇOU"
"MA";210592;"Lagoa do Mato";;7;5;140;"Sim";140;"ALCANÇOU"
"MA";210594;"Lago dos Rodrigues";;14;14;100;"Sim";100;"ALCANÇOU"
"MA";210596;"Lagoa Grande do Maranhão";;15;15;100;"Sim";100;"ALCANÇOU"
"MA";210598;"Lajeado Novo";;10;10;100;"Sim";100;"ALCANÇOU"
"MA";210600;"Lima Campos";;15;15;100;"Sim";100;"ALCANÇOU"
"MA";210610;"Loreto";;40;40;100;"Sim";100;"ALCANÇOU"
"MA";210620;"Luís Domingues";;0;6;0;"Não";0;"NÃO ALCANÇOU"
"MA";210630;"Magalhães de Almeida";;0;0;0;"Não";0;"NÃO ALCANÇOU"
"MA";210632;"Maracaçumé";;17;17;100;"Sim";100;"ALCANÇOU"
"MA";210635;"Marajá do Sena";"X";0;0;0;"Não se aplica";0;"NÃO ALCANÇOU"
"MA";210637;"Maranhãozinho";;8;14;57,1;"Não";57,1;"NÃO ALCANÇOU"
"MA";210640;"Mata Roma";;2;16;12,5;"Não";12,5;"NÃO ALCANÇOU"
"MA";210650;"Matinha";;2;6;33,3;"Não";33,3;"NÃO ALCANÇOU"
"MA";210660;"Matões";;23;23;100;"Sim";100;"ALCANÇOU"
"MA";210663;"Matões do Norte";;6;10;60;"Não";60;"NÃO ALCANÇOU"
"MA";210667;"Milagres do Maranhão";"X";0;0;0;"Não se aplica";0;"NÃO ALCANÇOU"
"MA";210670;"Mirador";;9;9;100;"Sim";100;"ALCANÇOU"
"MA";210675;"Miranda do Norte";;16;31;51,6;"Não";51,6;"NÃO ALCANÇOU"
"MA";210680;"Mirinzal";;0;3;0;"Não";0;"NÃO ALCANÇOU"
"MA";210690;"Monção";;19;15;126,7;"Sim";126,7;"ALCANÇOU"
"MA";210700;"Montes Altos";;0;2;0;"Não";0;"NÃO ALCANÇOU"
"MA";210710;"Morros";;2;2;100;"Sim";100;"ALCANÇOU"
"MA";210720;"Nina Rodrigues";;33;33;100;"Sim";100;"ALCANÇOU"
"MA";210725;"Nova Colinas";"X";0;0;0;"Não se aplica";0;"NÃO ALCANÇOU"
"MA";210730;"Nova Iorque";;0;3;0;"Não";0;"NÃO ALCANÇOU"
"MA";210735;"Nova Olinda do Maranhão";;28;28;100;"Sim";100;"ALCANÇOU"
"MA";210740;"Olho d'Água das Cunhãs";;9;9;100;"Sim";100;"ALCANÇOU"
"MA";210745;"Olinda Nova do Maranhão";"X";0;0;0;"Não se aplica";0;"NÃO ALCANÇOU"
"MA";210750;"Paço do Lumiar";;91;102;89,2;"Sim";89,2;"ALCANÇOU"
"MA";210760;"Palmeirândia";;11;11;100;"Sim";100;"ALCANÇOU"
"MA";210770;"Paraibano";;6;6;100;"Sim";100;"ALCANÇOU"
"MA";210780;"Parnarama";;21;21;100;"Sim";100;"ALCANÇOU"
"MA";210790;"Passagem Franca";;22;22;100;"Sim";100;"ALCANÇOU"
"MA";210800;"Pastos Bons";;25;25;100;"Sim";100;"ALCANÇOU"
"MA";210805;"Paulino Neves";;7;11;63,6;"Não";63,6;"NÃO ALCANÇOU"
"MA";210810;"Paulo Ramos";;5;5;100;"Sim";100;"ALCANÇOU"
"MA";210820;"Pedreiras";;25;30;83,3;"Sim";83,3;"ALCANÇOU"
"MA";210825;"Pedro do Rosário";;2;22;9,1;"Não";9,1;"NÃO ALCANÇOU"
"MA";210830;"Penalva";;25;29;86,2;"Sim";86,2;"ALCANÇOU"
"MA";210840;"Peri Mirim";;0;0;0;"Não";0;"NÃO ALCANÇOU"
"MA";210845;"Peritoró";;23;28;82,1;"Sim";82,1;"ALCANÇOU"
"MA";210850;"Pindaré-Mirim";;88;83;106;"Sim";106;"ALCANÇOU"
"MA";210860;"Pinheiro";;70;76;92,1;"Sim";92,1;"ALCANÇOU"
"MA";210870;"Pio XII";;27;32;84,4;"Sim";84,4;"ALCANÇOU"
"MA";210880;"Pirapemas";;11;11;100;"Sim";100;"ALCANÇOU"
"MA";210890;"Poção de Pedras";;3;3;100;"Sim";100;"ALCANÇOU"
"MA";210900;"Porto Franco";;18;18;100;"Sim";100;"ALCANÇOU"
"MA";210905;"Porto Rico do Maranhão";"X";0;0;0;"Não se aplica";0;"NÃO ALCANÇOU"
"MA";210910;"Presidente Dutra";;57;57;100;"Sim";100;"ALCANÇOU"
"MA";210920;"Presidente Juscelino";;8;8;100;"Sim";100;"ALCANÇOU"
"MA";210923;"Presidente Médici";"X";0;0;0;"Não se aplica";0;"NÃO ALCANÇOU"
"MA";210927;"Presidente Sarney";;10;15;66,7;"Não";66,7;"NÃO ALCANÇOU"
"MA";210930;"Presidente Vargas";;15;20;75;"Não";75;"NÃO ALCANÇOU"
"MA";210940;"Primeira Cruz";;8;13;61,5;"Não";61,5;"NÃO ALCANÇOU"
"MA";210945;"Raposa";;28;33;84,8;"Sim";84,8;"ALCANÇOU"
"MA";210950;"Riachão";;23;23;100;"Sim";100;"ALCANÇOU"
"MA";210955;"Ribamar Fiquene";;8;8;100;"Sim";100;"ALCANÇOU"
"MA";210960;"Rosário";;8;9;88,9;"Sim";88,9;"ALCANÇOU"
"MA";210970;"Sambaíba";;10;10;100;"Sim";100;"ALCANÇOU"
"MA";210975;"Santa Filomena do Maranhão";;0;10;0;"Não";0;"NÃO ALCANÇOU"
"MA";210980;"Santa Helena";;38;38;100;"Sim";100;"ALCANÇOU"
"MA";210990;"Santa Inês";;104;102;102;"Sim";102;"ALCANÇOU"
"MA";211000;"Santa Luzia";;106;112;94,6;"Sim";94,6;"ALCANÇOU"
"MA";211003;"Santa Luzia do Paruá";;41;42;97,6;"Sim";97,6;"ALCANÇOU"
"MA";211010;"Santa Quitéria do Maranhão";;6;18;33,3;"Não";33,3;"NÃO ALCANÇOU"
"MA";211020;"Santa Rita";;48;48;100;"Sim";100;"ALCANÇOU"
"MA";211023;"Santana do Maranhão";;0;18;0;"Não";0;"NÃO ALCANÇOU"
"MA";211027;"Santo Amaro do Maranhão";;12;17;70,6;"Não";70,6;"NÃO ALCANÇOU"
"MA";211030;"Santo Antônio dos Lopes";;2;3;66,7;"Não";66,7;"NÃO ALCANÇOU"
"MA";211040;"São Benedito do Rio Preto";"X";0;0;0;"Não se aplica";0;"NÃO ALCANÇOU"
"MA";211050;"São Bento";;42;43;97,7;"Sim";97,7;"ALCANÇOU"
"MA";211060;"São Bernardo";;12;12;100;"Sim";100;"ALCANÇOU"
"MA";211065;"São Domingos do Azeitão";"X";0;0;0;"Não se aplica";0;"NÃO ALCANÇOU"
"MA";211070;"São Domingos do Maranhão";;10;10;100;"Sim";100;"ALCANÇOU"
"MA";211080;"São Félix de Balsas";;0;2;0;"Não";0;"NÃO ALCANÇOU"
"MA";211085;"São Francisco do Brejão";;12;12;100;"Sim";100;"ALCANÇOU"
"MA";211090;"São Francisco do Maranhão";;3;4;75;"Não";75;"NÃO ALCANÇOU"
"MA";211100;"São João Batista";;17;18;94,4;"Sim";94,4;"ALCANÇOU"
"MA";211102;"São João do Carú";;18;37;48,6;"Não";48,6;"NÃO ALCANÇOU"
"MA";211105;"São João do Paraíso";;3;3;100;"Sim";100;"ALCANÇOU"
"MA";211107;"São João do Soter";;14;14;100;"Sim";100;"ALCANÇOU"
"MA";211110;"São João dos Patos";;47;53;88,7;"Sim";88,7;"ALCANÇOU"
"MA";211120;"São José de Ribamar";;181;222;81,5;"Sim";81,5;"ALCANÇOU"
"MA";211125;"São José dos Basílios";;0;0;0;"Não";0;"NÃO ALCANÇOU"
"MA";211130;"São Luís";;497;638;77,9;"Não";77,9;"NÃO ALCANÇOU"
"MA";211140;"São Luís Gonzaga do Maranhão";;30;30;100;"Sim";100;"ALCANÇOU"
"MA";211150;"São Mateus do Maranhão";;46;55;83,6;"Sim";83,6;"ALCANÇOU"
"MA";211153;"São Pedro da Água Branca";;21;21;100;"Sim";100;"ALCANÇOU"
"MA";211157;"São Pedro dos Crentes";"X";0;0;0;"Não se aplica";0;"NÃO ALCANÇOU"
"MA";211160;"São Raimundo das Mangabeiras";;5;5;100;"Sim";100;"ALCANÇOU"
"MA";211163;"São Raimundo do Doca Bezerra";"X";0;0;0;"Não se aplica";0;"NÃO ALCANÇOU"
"MA";211167;"São Roberto";"X";0;0;0;"Não se aplica";0;"NÃO ALCANÇOU"
"MA";211170;"São Vicente Ferrer";;7;10;70;"Não";70;"NÃO ALCANÇOU"
"MA";211172;"Satubinha";"X";0;0;0;"Não se aplica";0;"NÃO ALCANÇOU"
"MA";211174;"Senador Alexandre Costa";;1;1;100;"Sim";100;"ALCANÇOU"
"MA";211176;"Senador La Rocque";;34;35;97,1;"Sim";97,1;"ALCANÇOU"
"MA";211178;"Serrano do Maranhão";;9;9;100;"Sim";100;"ALCANÇOU"
"MA";211180;"Sítio Novo";;8;8;100;"Sim";100;"ALCANÇOU"
"MA";211190;"Sucupira do Norte";;5;5;100;"Sim";100;"ALCANÇOU"
"MA";211195;"Sucupira do Riachão";;0;4;0;"Não";0;"NÃO ALCANÇOU"
"MA";211200;"Tasso Fragoso";;2;2;100;"Sim";100;"ALCANÇOU"
"MA";211210;"Timbiras";;40;43;93;"Sim";93;"ALCANÇOU"
"MA";211220;"Timon";;79;157;50,3;"Não";50,3;"NÃO ALCANÇOU"
"MA";211223;"Trizidela do Vale";;33;33;100;"Sim";100;"ALCANÇOU"
"MA";211227;"Tufilândia";"X";0;0;0;"Não se aplica";0;"NÃO ALCANÇOU"
"MA";211230;"Tuntum";;18;34;52,9;"Não";52,9;"NÃO ALCANÇOU"
"MA";211240;"Turiaçu";;12;12;100;"Sim";100;"ALCANÇOU"
"MA";211245;"Turilândia";;23;21;109,5;"Sim";109,5;"ALCANÇOU"
"MA";211250;"Tutóia";;41;41;100;"Sim";100;"ALCANÇOU"
"MA";211260;"Urbano Santos";;0;6;0;"Não";0;"NÃO ALCANÇOU"
"MA";211270;"Vargem Grande";;96;96;100;"Sim";100;"ALCANÇOU"
"MA";211280;"Viana";;49;49;100;"Sim";100;"ALCANÇOU"
"MA";211285;"Vila Nova dos Martírios";;4;4;100;"Sim";100;"ALCANÇOU"
"MA";211290;"Vitória do Mearim";;17;17;100;"Sim";100;"ALCANÇOU"
"MA";211300;"Vitorino Freire";;36;32;112,5;"Sim";112,5;"ALCANÇOU"
"MA";211400;"Zé Doca";;67;84;79,8;"Não";79,8;"NÃO ALCANÇOU"
"PI";220005;"Acauã";"X";0;0;0;"Não se aplica";0;"NÃO ALCANÇOU"
"PI";220010;"Agricolândia";"X";0;0;0;"Não se aplica";0;"NÃO ALCANÇOU"
"PI";220020;"Água Branca";;0;3;0;"Não";0;"NÃO ALCANÇOU"
"PI";220025;"Alagoinha do Piauí";;0;0;0;"Não";0;"NÃO ALCANÇOU"
"PI";220027;"Alegrete do Piauí";"X";0;0;0;"Não se aplica";0;"NÃO ALCANÇOU"
"PI";220030;"Alto Longá";;5;5;100;"Sim";100;"ALCANÇOU"
"PI";220040;"Altos";;39;47;83;"Sim";83;"ALCANÇOU"
"PI";220045;"Alvorada do Gurguéia";;0;4;0;"Não";0;"NÃO ALCANÇOU"
"PI";220050;"Amarante";;3;4;75;"Não";75;"NÃO ALCANÇOU"
"PI";220060;"Angical do Piauí";;9;11;81,8;"Sim";81,8;"ALCANÇOU"
"PI";220070;"Anísio de Abreu";;0;0;0;"Não";0;"NÃO ALCANÇOU"
"PI";220080;"Antônio Almeida";"X";0;0;0;"Não se aplica";0;"NÃO ALCANÇOU"
"PI";220090;"Aroazes";"X";0;0;0;"Não se aplica";0;"NÃO ALCANÇOU"
"PI";220095;"Aroeiras do Itaim";;0;4;0;"Não";0;"NÃO ALCANÇOU"
"PI";220100;"Arraial";;0;0;0;"Não";0;"NÃO ALCANÇOU"
"PI";220105;"Assunção do Piauí";;0;14;0;"Não";0;"NÃO ALCANÇOU"
"PI";220110;"Avelino Lopes";;1;10;10;"Não";10;"NÃO ALCANÇOU"
"PI";220115;"Baixa Grande do Ribeiro";;3;3;100;"Sim";100;"ALCANÇOU"
"PI";220117;"Barra D'Alcântara";;2;2;100;"Sim";100;"ALCANÇOU"
"PI";220120;"Barras";;11;11;100;"Sim";100;"ALCANÇOU"
"PI";220130;"Barreiras do Piauí";;0;0;0;"Não";0;"NÃO ALCANÇOU"
"PI";220140;"Barro Duro";;0;3;0;"Não";0;"NÃO ALCANÇOU"
"PI";220150;"Batalha";;13;17;76,5;"Não";76,5;"NÃO ALCANÇOU"
"PI";220155;"Bela Vista do Piauí";;2;2;100;"Sim";100;"ALCANÇOU"
"PI";220157;"Belém do Piauí";"X";0;0;0;"Não se aplica";0;"NÃO ALCANÇOU"
"PI";220160;"Beneditinos";"X";0;0;0;"Não se aplica";0;"NÃO ALCANÇOU"
"PI";220170;"Bertolínia";"X";0;0;0;"Não se aplica";0;"NÃO ALCANÇOU"
"PI";220173;"Betânia do Piauí";"X";0;0;0;"Não se aplica";0;"NÃO ALCANÇOU"
"PI";220177;"Boa Hora";;0;0;0;"Não";0;"NÃO ALCANÇOU"
"PI";220180;"Bocaina";"X";0;0;0;"Não se aplica";0;"NÃO ALCANÇOU"
"PI";220190;"Bom Jesus";;9;13;69,2;"Não";69,2;"NÃO ALCANÇOU"
"PI";220191;"Bom Princípio do Piauí";;3;3;100;"Sim";100;"ALCANÇOU"
"PI";220192;"Bonfim do Piauí";"X";0;0;0;"Não se aplica";0;"NÃO ALCANÇOU"
"PI";220194;"Boqueirão do Piauí";"X";0;0;0;"Não se aplica";0;"NÃO ALCANÇOU"
"PI";220196;"Brasileira";;6;4;150;"Sim";150;"ALCANÇOU"
"PI";220198;"Brejo do Piauí";;48;48;100;"Sim";100;"ALCANÇOU"
"PI";220200;"Buriti dos Lopes";;8;9;88,9;"Sim";88,9;"ALCANÇOU"
"PI";220202;"Buriti dos Montes";"X";0;0;0;"Não se aplica";0;"NÃO ALCANÇOU"
"PI";220205;"Cabeceiras do Piauí";;4;4;100;"Sim";100;"ALCANÇOU"
"PI";220207;"Cajazeiras do Piauí";"X";0;0;0;"Não se aplica";0;"NÃO ALCANÇOU"
"PI";220208;"Cajueiro da Praia";;0;0;0;"Não";0;"NÃO ALCANÇOU"
"PI";220209;"Caldeirão Grande do Piauí";;2;2;100;"Sim";100;"ALCANÇOU"
"PI";220210;"Campinas do Piauí";;2;2;100;"Sim";100;"ALCANÇOU"
"PI";220211;"Campo Alegre do Fidalgo";"X";0;0;0;"Não se aplica";0;"NÃO ALCANÇOU"
"PI";220213;"Campo Grande do Piauí";;4;5;80;"Não";80;"NÃO ALCANÇOU"
"PI";220217;"Campo Largo do Piauí";"X";0;0;0;"Não se aplica";0;"NÃO ALCANÇOU"
"PI";220220;"Campo Maior";;105;111;94,6;"Sim";94,6;"ALCANÇOU"
"PI";220225;"Canavieira";"X";0;0;0;"Não se aplica";0;"NÃO ALCANÇOU"
"PI";220230;"Canto do Buriti";;4;9;44,4;"Não";44,4;"NÃO ALCANÇOU"
"PI";220240;"Capitão de Campos";"X";0;0;0;"Não se aplica";0;"NÃO ALCANÇOU"
"PI";220245;"Capitão Gervásio Oliveira";"X";0;0;0;"Não se aplica";0;"NÃO ALCANÇOU"
"PI";220250;"Caracol";;0;1;0;"Não";0;"NÃO ALCANÇOU"
"PI";220253;"Caraúbas do Piauí";"X";0;0;0;"Não se aplica";0;"NÃO ALCANÇOU"
"PI";220255;"Caridade do Piauí";;0;10;0;"Não";0;"NÃO ALCANÇOU"
"PI";220260;"Castelo do Piauí";;5;5;100;"Sim";100;"ALCANÇOU"
"PI";220265;"Caxingó";;3;3;100;"Sim";100;"ALCANÇOU"
"PI";220270;"Cocal";;10;12;83,3;"Sim";83,3;"ALCANÇOU"
"PI";220271;"Cocal de Telha";"X";0;0;0;"Não se aplica";0;"NÃO ALCANÇOU"
"PI";220272;"Cocal dos Alves";"X";0;0;0;"Não se aplica";0;"NÃO ALCANÇOU"
"PI";220273;"Coivaras";"X";0;0;0;"Não se aplica";0;"NÃO ALCANÇOU"
"PI";220275;"Colônia do Gurguéia";"X";0;0;0;"Não se aplica";0;"NÃO ALCANÇOU"
"PI";220277;"Colônia do Piauí";;4;1;400;"Sim";400;"ALCANÇOU"
"PI";220280;"Conceição do Canindé";;3;3;100;"Sim";100;"ALCANÇOU"
"PI";220285;"Coronel José Dias";"X";0;0;0;"Não se aplica";0;"NÃO ALCANÇOU"
"PI";220290;"Corrente";;5;17;29,4;"Não";29,4;"NÃO ALCANÇOU"
"PI";220300;"Cristalândia do Piauí";;0;7;0;"Não";0;"NÃO ALCANÇOU"
"PI";220310;"Cristino Castro";;54;54;100;"Sim";100;"ALCANÇOU"
"PI";220320;"Curimatá";;0;0;0;"Não";0;"NÃO ALCANÇOU"
"PI";220323;"Currais";"X";0;0;0;"Não se aplica";0;"NÃO ALCANÇOU"
"PI";220325;"Curralinhos";"X";0;0;0;"Não se aplica";0;"NÃO ALCANÇOU"
"PI";220327;"Curral Novo do Piauí";"X";0;0;0;"Não se aplica";0;"NÃO ALCANÇOU"
"PI";220330;"Demerval Lobão";;9;16;56,3;"Não";56,3;"NÃO ALCANÇOU"
"PI";220335;"Dirceu Arcoverde";"X";0;0;0;"Não se aplica";0;"NÃO ALCANÇOU"
"PI";220340;"Dom Expedito Lopes";"X";0;0;0;"Não se aplica";0;"NÃO ALCANÇOU"
"PI";220342;"Domingos Mourão";"X";0;0;0;"Não se aplica";0;"NÃO ALCANÇOU"
"PI";220345;"Dom Inocêncio";;0;0;0;"Não";0;"NÃO ALCANÇOU"
"PI";220350;"Elesbão Veloso";;0;19;0;"Não";0;"NÃO ALCANÇOU"
"PI";220360;"Eliseu Martins";;0;0;0;"Não";0;"NÃO ALCANÇOU"
"PI";220370;"Esperantina";;21;21;100;"Sim";100;"ALCANÇOU"
"PI";220375;"Fartura do Piauí";;5;5;100;"Sim";100;"ALCANÇOU"
"PI";220380;"Flores do Piauí";;1;2;50;"Não";50;"NÃO ALCANÇOU"
"PI";220385;"Floresta do Piauí";"X";0;0;0;"Não se aplica";0;"NÃO ALCANÇOU"
"PI";220390;"Floriano";;80;100;80;"Não";80;"NÃO ALCANÇOU"
"PI";220400;"Francinópolis";"X";0;0;0;"Não se aplica";0;"NÃO ALCANÇOU"
"PI";220410;"Francisco Ayres";;15;15;100;"Sim";100;"ALCANÇOU"
"PI";220415;"Francisco Macedo";"X";0;0;0;"Não se aplica";0;"NÃO ALCANÇOU"
"PI";220420;"Francisco Santos";"X";0;0;0;"Não se aplica";0;"NÃO ALCANÇOU"
"PI";220430;"Fronteiras";;2;2;100;"Sim";100;"ALCANÇOU"
"PI";220435;"Geminiano";;15;15;100;"Sim";100;"ALCANÇOU"
"PI";220440;"Gilbués";;0;0;0;"Não";0;"NÃO ALCANÇOU"
"PI";220450;"Guadalupe";"X";0;0;0;"Não se aplica";0;"NÃO ALCANÇOU"
"PI";220455;"Guaribas";"X";0;0;0;"Não se aplica";0;"NÃO ALCANÇOU"
"PI";220460;"Hugo Napoleão";"X";0;0;0;"Não se aplica";0;"NÃO ALCANÇOU"
"PI";220465;"Ilha Grande";;0;3;0;"Não";0;"NÃO ALCANÇOU"
"PI";220470;"Inhuma";;0;8;0;"Não";0;"NÃO ALCANÇOU"
"PI";220480;"Ipiranga do Piauí";"X";0;0;0;"Não se aplica";0;"NÃO ALCANÇOU"
"PI";220490;"Isaías Coelho";;5;5;100;"Sim";100;"ALCANÇOU"
"PI";220500;"Itainópolis";;5;15;33,3;"Não";33,3;"NÃO ALCANÇOU"
"PI";220510;"Itaueira";;3;4;75;"Não";75;"NÃO ALCANÇOU"
"PI";220515;"Jacobina do Piauí";;0;0;0;"Não";0;"NÃO ALCANÇOU"
"PI";220520;"Jaicós";;28;32;87,5;"Sim";87,5;"ALCANÇOU"
"PI";220525;"Jardim do Mulato";"X";0;0;0;"Não se aplica";0;"NÃO ALCANÇOU"
"PI";220527;"Jatobá do Piauí";"X";0;0;0;"Não se aplica";0;"NÃO ALCANÇOU"
"PI";220530;"Jerumenha";;7;7;100;"Sim";100;"ALCANÇOU"
"PI";220535;"João Costa";;3;9;33,3;"Não";33,3;"NÃO ALCANÇOU"
"PI";220540;"Joaquim Pires";;2;3;66,7;"Não";66,7;"NÃO ALCANÇOU"
"PI";220545;"Joca Marques";;20;20;100;"Sim";100;"ALCANÇOU"
"PI";220550;"José de Freitas";;26;32;81,3;"Não";81,3;"NÃO ALCANÇOU"
"PI";220551;"Juazeiro do Piauí";;8;8;100;"Sim";100;"ALCANÇOU"
"PI";220552;"Júlio Borges";"X";0;0;0;"Não se aplica";0;"NÃO ALCANÇOU"
"PI";220553;"Jurema";"X";0;0;0;"Não se aplica";0;"NÃO ALCANÇOU"
"PI";220554;"Lagoinha do Piauí";"X";0;0;0;"Não se aplica";0;"NÃO ALCANÇOU"
"PI";220555;"Lagoa Alegre";"X";0;0;0;"Não se aplica";0;"NÃO ALCANÇOU"
"PI";220556;"Lagoa do Barro do Piauí";"X";0;0;0;"Não se aplica";0;"NÃO ALCANÇOU"
"PI";220557;"Lagoa de São Francisco";"X";0;0;0;"Não se aplica";0;"NÃO ALCANÇOU"
"PI";220558;"Lagoa do Piauí";"X";0;0;0;"Não se aplica";0;"NÃO ALCANÇOU"
"PI";220559;"Lagoa do Sítio";"X";0;0;0;"Não se aplica";0;"NÃO ALCANÇOU"
"PI";220560;"Landri Sales";"X";0;0;0;"Não se aplica";0;"NÃO ALCANÇOU"
"PI";220570;"Luís Correia";;0;3;0;"Não";0;"NÃO ALCANÇOU"
"PI";220580;"Luzilândia";"X";0;0;0;"Não se aplica";0;"NÃO ALCANÇOU"
"PI";220585;"Madeiro";"X";0;0;0;"Não se aplica";0;"NÃO ALCANÇOU"
"PI";220590;"Manoel Emídio";"X";0;0;0;"Não se aplica";0;"NÃO ALCANÇOU"
"PI";220595;"Marcolândia";;8;8;100;"Sim";100;"ALCANÇOU"
"PI";220600;"Marcos Parente";"X";0;0;0;"Não se aplica";0;"NÃO ALCANÇOU"
"PI";220605;"Massapê do Piauí";"X";0;0;0;"Não se aplica";0;"NÃO ALCANÇOU"
"PI";220610;"Matias Olímpio";"X";0;0;0;"Não se aplica";0;"NÃO ALCANÇOU"
"PI";220620;"Miguel Alves";;19;34;55,9;"Não";55,9;"NÃO ALCANÇOU"
"PI";220630;"Miguel Leão";"X";0;0;0;"Não se aplica";0;"NÃO ALCANÇOU"
"PI";220635;"Milton Brandão";;11;12;91,7;"Sim";91,7;"ALCANÇOU"
"PI";220640;"Monsenhor Gil";;7;7;100;"Sim";100;"ALCANÇOU"
"PI";220650;"Monsenhor Hipólito";;0;2;0;"Não";0;"NÃO ALCANÇOU"
"PI";220660;"Monte Alegre do Piauí";;0;6;0;"Não";0;"NÃO ALCANÇOU"
"PI";220665;"Morro Cabeça no Tempo";"X";0;0;0;"Não se aplica";0;"NÃO ALCANÇOU"
"PI";220667;"Morro do Chapéu do Piauí";"X";0;0;0;"Não se aplica";0;"NÃO ALCANÇOU"
"PI";220669;"Murici dos Portelas";;1;1;100;"Sim";100;"ALCANÇOU"
"PI";220670;"Nazaré do Piauí";"X";0;0;0;"Não se aplica";0;"NÃO ALCANÇOU"
"PI";220672;"Nazária";;5;6;83,3;"Sim";83,3;"ALCANÇOU"
"PI";220675;"Nossa Senhora de Nazaré";;3;3;100;"Sim";100;"ALCANÇOU"
"PI";220680;"Nossa Senhora dos Remédios";"X";0;0;0;"Não se aplica";0;"NÃO ALCANÇOU"
"PI";220690;"Novo Oriente do Piauí";;0;1;0;"Não";0;"NÃO ALCANÇOU"
"PI";220695;"Novo Santo Antônio";"X";0;0;0;"Não se aplica";0;"NÃO ALCANÇOU"
"PI";220700;"Oeiras";;14;16;87,5;"Sim";87,5;"ALCANÇOU"
"PI";220710;"Olho D'Água do Piauí";"X";0;0;0;"Não se aplica";0;"NÃO ALCANÇOU"
"PI";220720;"Padre Marcos";;0;2;0;"Não";0;"NÃO ALCANÇOU"
"PI";220730;"Paes Landim";;3;7;42,9;"Não";42,9;"NÃO ALCANÇOU"
"PI";220735;"Pajeú do Piauí";"X";0;0;0;"Não se aplica";0;"NÃO ALCANÇOU"
"PI";220740;"Palmeira do Piauí";;0;0;0;"Não";0;"NÃO ALCANÇOU"
"PI";220750;"Palmeirais";;4;7;57,1;"Não";57,1;"NÃO ALCANÇOU"
"PI";220755;"Paquetá";"X";0;0;0;"Não se aplica";0;"NÃO ALCANÇOU"
"PI";220760;"Parnaguá";"X";0;0;0;"Não se aplica";0;"NÃO ALCANÇOU"
"PI";220770;"Parnaíba";;51;59;86,4;"Sim";86,4;"ALCANÇOU"
"PI";220775;"Passagem Franca do Piauí";"X";0;0;0;"Não se aplica";0;"NÃO ALCANÇOU"
"PI";220777;"Patos do Piauí";;7;17;41,2;"Não";41,2;"NÃO ALCANÇOU"
"PI";220779;"Pau D'Arco do Piauí";"X";0;0;0;"Não se aplica";0;"NÃO ALCANÇOU"
"PI";220780;"Paulistana";;9;13;69,2;"Não";69,2;"NÃO ALCANÇOU"
"PI";220785;"Pavussu";;3;3;100;"Sim";100;"ALCANÇOU"
"PI";220790;"Pedro II";;3;3;100;"Sim";100;"ALCANÇOU"
"PI";220793;"Pedro Laurentino";"X";0;0;0;"Não se aplica";0;"NÃO ALCANÇOU"
"PI";220795;"Nova Santa Rita";"X";0;0;0;"Não se aplica";0;"NÃO ALCANÇOU"
"PI";220800;"Picos";;44;60;73,3;"Não";73,3;"NÃO ALCANÇOU"
"PI";220810;"Pimenteiras";;0;7;0;"Não";0;"NÃO ALCANÇOU"
"PI";220820;"Pio IX";;2;5;40;"Não";40;"NÃO ALCANÇOU"
"PI";220830;"Piracuruca";;5;5;100;"Sim";100;"ALCANÇOU"
"PI";220840;"Piripiri";;55;53;103,8;"Sim";103,8;"ALCANÇOU"
"PI";220850;"Porto";;0;5;0;"Não";0;"NÃO ALCANÇOU"
"PI";220855;"Porto Alegre do Piauí";;0;1;0;"Não";0;"NÃO ALCANÇOU"
"PI";220860;"Prata do Piauí";"X";0;0;0;"Não se aplica";0;"NÃO ALCANÇOU"
"PI";220865;"Queimada Nova";"X";0;0;0;"Não se aplica";0;"NÃO ALCANÇOU"
"PI";220870;"Redenção do Gurguéia";;0;4;0;"Não";0;"NÃO ALCANÇOU"
"PI";220880;"Regeneração";;20;34;58,8;"Não";58,8;"NÃO ALCANÇOU"
"PI";220885;"Riacho Frio";;0;5;0;"Não";0;"NÃO ALCANÇOU"
"PI";220887;"Ribeira do Piauí";;0;0;0;"Não";0;"NÃO ALCANÇOU"
"PI";220890;"Ribeiro Gonçalves";"X";0;0;0;"Não se aplica";0;"NÃO ALCANÇOU"
"PI";220900;"Rio Grande do Piauí";;1;1;100;"Sim";100;"ALCANÇOU"
"PI";220910;"Santa Cruz do Piauí";"X";0;0;0;"Não se aplica";0;"NÃO ALCANÇOU"
"PI";220915;"Santa Cruz dos Milagres";;0;2;0;"Não";0;"NÃO ALCANÇOU"
"PI";220920;"Santa Filomena";"X";0;0;0;"Não se aplica";0;"NÃO ALCANÇOU"
"PI";220930;"Santa Luz";;3;3;100;"Sim";100;"ALCANÇOU"
"PI";220935;"Santana do Piauí";"X";0;0;0;"Não se aplica";0;"NÃO ALCANÇOU"
"PI";220937;"Santa Rosa do Piauí";"X";0;0;0;"Não se aplica";0;"NÃO ALCANÇOU"
"PI";220940;"Santo Antônio de Lisboa";"X";0;0;0;"Não se aplica";0;"NÃO ALCANÇOU"
"PI";220945;"Santo Antônio dos Milagres";"X";0;0;0;"Não se aplica";0;"NÃO ALCANÇOU"
"PI";220950;"Santo Inácio do Piauí";;6;6;100;"Sim";100;"ALCANÇOU"
"PI";220955;"São Braz do Piauí";"X";0;0;0;"Não se aplica";0;"NÃO ALCANÇOU"
"PI";220960;"São Félix do Piauí";"X";0;0;0;"Não se aplica";0;"NÃO ALCANÇOU"
"PI";220965;"São Francisco de Assis do Piauí";;0;6;0;"Não";0;"NÃO ALCANÇOU"
"PI";220970;"São Francisco do Piauí";;1;1;100;"Sim";100;"ALCANÇOU"
"PI";220975;"São Gonçalo do Gurguéia";;0;5;0;"Não";0;"NÃO ALCANÇOU"
"PI";220980;"São Gonçalo do Piauí";;0;10;0;"Não";0;"NÃO ALCANÇOU"
"PI";220985;"São João da Canabrava";"X";0;0;0;"Não se aplica";0;"NÃO ALCANÇOU"
"PI";220987;"São João da Fronteira";"X";0;0;0;"Não se aplica";0;"NÃO ALCANÇOU"
"PI";220990;"São João da Serra";;2;2;100;"Sim";100;"ALCANÇOU"
"PI";220995;"São João da Varjota";"X";0;0;0;"Não se aplica";0;"NÃO ALCANÇOU"
"PI";220997;"São João do Arraial";"X";0;0;0;"Não se aplica";0;"NÃO ALCANÇOU"
"PI";221000;"São João do Piauí";;86;115;74,8;"Não";74,8;"NÃO ALCANÇOU"
"PI";221005;"São José do Divino";"X";0;0;0;"Não se aplica";0;"NÃO ALCANÇOU"
"PI";221010;"São José do Peixe";;0;0;0;"Não";0;"NÃO ALCANÇOU"
"PI";221020;"São José do Piauí";"X";0;0;0;"Não se aplica";0;"NÃO ALCANÇOU"
"PI";221030;"São Julião";;0;0;0;"Não";0;"NÃO ALCANÇOU"
"PI";221035;"São Lourenço do Piauí";;0;0;0;"Não";0;"NÃO ALCANÇOU"
"PI";221037;"São Luis do Piauí";"X";0;0;0;"Não se aplica";0;"NÃO ALCANÇOU"
"PI";221038;"São Miguel da Baixa Grande";;0;0;0;"Não";0;"NÃO ALCANÇOU"
"PI";221039;"São Miguel do Fidalgo";"X";0;0;0;"Não se aplica";0;"NÃO ALCANÇOU"
"PI";221040;"São Miguel do Tapuio";;8;13;61,5;"Não";61,5;"NÃO ALCANÇOU"
"PI";221050;"São Pedro do Piauí";;14;15;93,3;"Sim";93,3;"ALCANÇOU"
"PI";221060;"São Raimundo Nonato";;10;13;76,9;"Não";76,9;"NÃO ALCANÇOU"
"PI";221062;"Sebastião Barros";"X";0;0;0;"Não se aplica";0;"NÃO ALCANÇOU"
"PI";221063;"Sebastião Leal";;12;12;100;"Sim";100;"ALCANÇOU"
"PI";221065;"Sigefredo Pacheco";;0;0;0;"Não";0;"NÃO ALCANÇOU"
"PI";221070;"Simões";;15;15;100;"Sim";100;"ALCANÇOU"
"PI";221080;"Simplício Mendes";;2;2;100;"Sim";100;"ALCANÇOU"
"PI";221090;"Socorro do Piauí";;9;4;225;"Sim";225;"ALCANÇOU"
"PI";221093;"Sussuapara";"X";0;0;0;"Não se aplica";0;"NÃO ALCANÇOU"
"PI";221095;"Tamboril do Piauí";"X";0;0;0;"Não se aplica";0;"NÃO ALCANÇOU"
"PI";221097;"Tanque do Piauí";"X";0;0;0;"Não se aplica";0;"NÃO ALCANÇOU"
"PI";221100;"Teresina";;297;537;55,3;"Não";55,3;"NÃO ALCANÇOU"
"PI";221110;"União";;19;18;105,6;"Sim";105,6;"ALCANÇOU"
"PI";221120;"Uruçuí";;0;0;0;"Não";0;"NÃO ALCANÇOU"
"PI";221130;"Valença do Piauí";;7;13;53,8;"Não";53,8;"NÃO ALCANÇOU"
"PI";221135;"Várzea Branca";"X";0;0;0;"Não se aplica";0;"NÃO ALCANÇOU"
"PI";221140;"Várzea Grande";"X";0;0;0;"Não se aplica";0;"NÃO ALCANÇOU"
"PI";221150;"Vera Mendes";"X";0;0;0;"Não se aplica";0;"NÃO ALCANÇOU"
"PI";221160;"Vila Nova do Piauí";"X";0;0;0;"Não se aplica";0;"NÃO ALCANÇOU"
"PI";221170;"Wall Ferraz";"X";0;0;0;"Não se aplica";0;"NÃO ALCANÇOU"
"CE";230010;"Abaiara";;8;8;100;"Sim";100;"ALCANÇOU"
"CE";230015;"Acarape";;0;0;0;"Não";0;"NÃO ALCANÇOU"
"CE";230020;"Acaraú";;17;34;50;"Não";50;"NÃO ALCANÇOU"
"CE";230030;"Acopiara";;30;30;100;"Sim";100;"ALCANÇOU"
"CE";230040;"Aiuaba";;12;12;100;"Sim";100;"ALCANÇOU"
"CE";230050;"Alcântaras";"X";0;0;0;"Não se aplica";0;"NÃO ALCANÇOU"
"CE";230060;"Altaneira";"X";0;0;0;"Não se aplica";0;"NÃO ALCANÇOU"
"CE";230070;"Alto Santo";"X";0;0;0;"Não se aplica";0;"NÃO ALCANÇOU"
"CE";230075;"Amontada";;4;4;100;"Sim";100;"ALCANÇOU"
"CE";230080;"Antonina do Norte";;24;24;100;"Sim";100;"ALCANÇOU"
"CE";230090;"Apuiarés";"X";0;0;0;"Não se aplica";0;"NÃO ALCANÇOU"
"CE";230100;"Aquiraz";;13;21;61,9;"Não";61,9;"NÃO ALCANÇOU"
"CE";230110;"Aracati";;11;11;100;"Sim";100;"ALCANÇOU"
"CE";230120;"Aracoiaba";;13;25;52;"Não";52;"NÃO ALCANÇOU"
"CE";230125;"Ararendá";;0;0;0;"Não";0;"NÃO ALCANÇOU"
"CE";230130;"Araripe";;21;21;100;"Sim";100;"ALCANÇOU"
"CE";230140;"Aratuba";"X";0;0;0;"Não se aplica";0;"NÃO ALCANÇOU"
"CE";230150;"Arneiroz";;2;2;100;"Sim";100;"ALCANÇOU"
"CE";230160;"Assaré";;30;30;100;"Sim";100;"ALCANÇOU"
"CE";230170;"Aurora";;7;7;100;"Sim";100;"ALCANÇOU"
"CE";230180;"Baixio";;3;3;100;"Sim";100;"ALCANÇOU"
"CE";230185;"Banabuiú";"X";0;0;0;"Não se aplica";0;"NÃO ALCANÇOU"
"CE";230190;"Barbalha";;28;30;93,3;"Sim";93,3;"ALCANÇOU"
"CE";230195;"Barreira";;3;3;100;"Sim";100;"ALCANÇOU"
"CE";230200;"Barro";;47;47;100;"Sim";100;"ALCANÇOU"
"CE";230205;"Barroquinha";"X";0;0;0;"Não se aplica";0;"NÃO ALCANÇOU"
"CE";230210;"Baturité";;3;9;33,3;"Não";33,3;"NÃO ALCANÇOU"
"CE";230220;"Beberibe";;1;1;100;"Sim";100;"ALCANÇOU"
"CE";230230;"Bela Cruz";;4;4;100;"Sim";100;"ALCANÇOU"
"CE";230240;"Boa Viagem";;2;2;100;"Sim";100;"ALCANÇOU"
"CE";230250;"Brejo Santo";;20;20;100;"Sim";100;"ALCANÇOU"
"CE";230260;"Camocim";"X";0;0;0;"Não se aplica";0;"NÃO ALCANÇOU"
"CE";230270;"Campos Sales";;6;6;100;"Sim";100;"ALCANÇOU"
"CE";230280;"Canindé";;53;58;91,4;"Sim";91,4;"ALCANÇOU"
"CE";230290;"Capistrano";;1;1;100;"Sim";100;"ALCANÇOU"
"CE";230300;"Caridade";;12;14;85,7;"Sim";85,7;"ALCANÇOU"
"CE";230310;"Cariré";;4;12;33,3;"Não";33,3;"NÃO ALCANÇOU"
"CE";230320;"Caririaçu";"X";0;0;0;"Não se aplica";0;"NÃO ALCANÇOU"
"CE";230330;"Cariús";;18;18;100;"Sim";100;"ALCANÇOU"
"CE";230340;"Carnaubal";;3;3;100;"Sim";100;"ALCANÇOU"
"CE";230350;"Cascavel";;6;6;100;"Sim";100;"ALCANÇOU"
"CE";230360;"Catarina";"X";0;0;0;"Não se aplica";0;"NÃO ALCANÇOU"
"CE";230365;"Catunda";"X";0;0;0;"Não se aplica";0;"NÃO ALCANÇOU"
"CE";230370;"Caucaia";;64;157;40,8;"Não";40,8;"NÃO ALCANÇOU"
"CE";230380;"Cedro";;6;6;100;"Sim";100;"ALCANÇOU"
"CE";230390;"Chaval";;3;3;100;"Sim";100;"ALCANÇOU"
"CE";230393;"Choró";;5;5;100;"Sim";100;"ALCANÇOU"
"CE";230395;"Chorozinho";;0;0;0;"Não";0;"NÃO ALCANÇOU"
"CE";230400;"Coreaú";;15;15;100;"Sim";100;"ALCANÇOU"
"CE";230410;"Crateús";;12;12;100;"Sim";100;"ALCANÇOU"
"CE";230420;"Crato";;40;40;100;"Sim";100;"ALCANÇOU"
"CE";230423;"Croatá";"X";0;0;0;"Não se aplica";0;"NÃO ALCANÇOU"
"CE";230425;"Cruz";;6;6;100;"Sim";100;"ALCANÇOU"
"CE";230426;"Deputado Irapuan Pinheiro";;4;4;100;"Sim";100;"ALCANÇOU"
"CE";230427;"Ererê";"X";0;0;0;"Não se aplica";0;"NÃO ALCANÇOU"
"CE";230428;"Eusébio";;0;7;0;"Não";0;"NÃO ALCANÇOU"
"CE";230430;"Farias Brito";;10;10;100;"Sim";100;"ALCANÇOU"
"CE";230435;"Forquilha";;0;0;0;"Não";0;"NÃO ALCANÇOU"
"CE";230440;"Fortaleza";;304;581;52,3;"Não";52,3;"NÃO ALCANÇOU"
"CE";230445;"Fortim";"X";0;0;0;"Não se aplica";0;"NÃO ALCANÇOU"
"CE";230450;"Frecheirinha";;4;4;100;"Sim";100;"ALCANÇOU"
"CE";230460;"General Sampaio";;2;13;15,4;"Não";15,4;"NÃO ALCANÇOU"
"CE";230465;"Graça";"X";0;0;0;"Não se aplica";0;"NÃO ALCANÇOU"
"CE";230470;"Granja";;16;16;100;"Sim";100;"ALCANÇOU"
"CE";230480;"Granjeiro";"X";0;0;0;"Não se aplica";0;"NÃO ALCANÇOU"
"CE";230490;"Groaíras";;17;17;100;"Sim";100;"ALCANÇOU"
"CE";230495;"Guaiúba";;10;15;66,7;"Não";66,7;"NÃO ALCANÇOU"
"CE";230500;"Guaraciaba do Norte";"X";0;0;0;"Não se aplica";0;"NÃO ALCANÇOU"
"CE";230510;"Guaramiranga";;0;4;0;"Não";0;"NÃO ALCANÇOU"
"CE";230520;"Hidrolândia";;5;5;100;"Sim";100;"ALCANÇOU"
"CE";230523;"Horizonte";;14;14;100;"Sim";100;"ALCANÇOU"
"CE";230526;"Ibaretama";;3;3;100;"Sim";100;"ALCANÇOU"
"CE";230530;"Ibiapina";;2;2;100;"Sim";100;"ALCANÇOU"
"CE";230533;"Ibicuitinga";"X";0;0;0;"Não se aplica";0;"NÃO ALCANÇOU"
"CE";230535;"Icapuí";"X";0;0;0;"Não se aplica";0;"NÃO ALCANÇOU"
"CE";230540;"Icó";;34;34;100;"Sim";100;"ALCANÇOU"
"CE";230550;"Iguatu";;31;33;93,9;"Sim";93,9;"ALCANÇOU"
"CE";230560;"Independência";;5;5;100;"Sim";100;"ALCANÇOU"
"CE";230565;"Ipaporanga";;2;2;100;"Sim";100;"ALCANÇOU"
"CE";230570;"Ipaumirim";"X";0;0;0;"Não se aplica";0;"NÃO ALCANÇOU"
"CE";230580;"Ipu";;3;3;100;"Sim";100;"ALCANÇOU"
"CE";230590;"Ipueiras";;8;19;42,1;"Não";42,1;"NÃO ALCANÇOU"
"CE";230600;"Iracema";;0;0;0;"Não";0;"NÃO ALCANÇOU"
"CE";230610;"Irauçuba";;5;5;100;"Sim";100;"ALCANÇOU"
"CE";230620;"Itaiçaba";"X";0;0;0;"Não se aplica";0;"NÃO ALCANÇOU"
"CE";230625;"Itaitinga";;9;9;100;"Sim";100;"ALCANÇOU"
"CE";230630;"Itapagé";;34;37;91,9;"Sim";91,9;"ALCANÇOU"
"CE";230640;"Itapipoca";;51;57;89,5;"Sim";89,5;"ALCANÇOU"
"CE";230650;"Itapiúna";"X";0;0;0;"Não se aplica";0;"NÃO ALCANÇOU"
"CE";230655;"Itarema";;26;26;100;"Sim";100;"ALCANÇOU"
"CE";230660;"Itatira";;24;30;80;"Não";80;"NÃO ALCANÇOU"
"CE";230670;"Jaguaretama";;5;5;100;"Sim";100;"ALCANÇOU"
"CE";230680;"Jaguaribara";;0;3;0;"Não";0;"NÃO ALCANÇOU"
"CE";230690;"Jaguaribe";;6;6;100;"Sim";100;"ALCANÇOU"
"CE";230700;"Jaguaruana";;8;8;100;"Sim";100;"ALCANÇOU"
"CE";230710;"Jardim";;19;19;100;"Sim";100;"ALCANÇOU"
"CE";230720;"Jati";"X";0;0;0;"Não se aplica";0;"NÃO ALCANÇOU"
"CE";230725;"Jijoca de Jericoacoara";;0;1;0;"Não";0;"NÃO ALCANÇOU"
"CE";230730;"Juazeiro do Norte";;62;125;49,6;"Não";49,6;"NÃO ALCANÇOU"
"CE";230740;"Jucás";;42;43;97,7;"Sim";97,7;"ALCANÇOU"
"CE";230750;"Lavras da Mangabeira";;20;20;100;"Sim";100;"ALCANÇOU"
"CE";230760;"Limoeiro do Norte";;7;7;100;"Sim";100;"ALCANÇOU"
"CE";230763;"Madalena";;8;9;88,9;"Sim";88,9;"ALCANÇOU"
"CE";230765;"Maracanaú";;69;73;94,5;"Sim";94,5;"ALCANÇOU"
"CE";230770;"Maranguape";;79;80;98,8;"Sim";98,8;"ALCANÇOU"
"CE";230780;"Marco";;3;3;100;"Sim";100;"ALCANÇOU"
"CE";230790;"Martinópole";;16;22;72,7;"Não";72,7;"NÃO ALCANÇOU"
"CE";230800;"Massapê";;31;33;93,9;"Sim";93,9;"ALCANÇOU"
"CE";230810;"Mauriti";;3;3;100;"Sim";100;"ALCANÇOU"
"CE";230820;"Meruoca";;4;4;100;"Sim";100;"ALCANÇOU"
"CE";230830;"Milagres";;1;1;100;"Sim";100;"ALCANÇOU"
"CE";230835;"Milhã";;6;15;40;"Não";40;"NÃO ALCANÇOU"
"CE";230837;"Miraíma";;8;8;100;"Sim";100;"ALCANÇOU"
"CE";230840;"Missão Velha";;3;3;100;"Sim";100;"ALCANÇOU"
"CE";230850;"Mombaça";;3;3;100;"Sim";100;"ALCANÇOU"
"CE";230860;"Monsenhor Tabosa";;7;8;87,5;"Sim";87,5;"ALCANÇOU"
"CE";230870;"Morada Nova";;40;49;81,6;"Sim";81,6;"ALCANÇOU"
"CE";230880;"Moraújo";"X";0;0;0;"Não se aplica";0;"NÃO ALCANÇOU"
"CE";230890;"Morrinhos";;3;5;60;"Não";60;"NÃO ALCANÇOU"
"CE";230900;"Mucambo";"X";0;0;0;"Não se aplica";0;"NÃO ALCANÇOU"
"CE";230910;"Mulungu";"X";0;0;0;"Não se aplica";0;"NÃO ALCANÇOU"
"CE";230920;"Nova Olinda";;10;10;100;"Sim";100;"ALCANÇOU"
"CE";230930;"Nova Russas";;26;31;83,9;"Sim";83,9;"ALCANÇOU"
"CE";230940;"Novo Oriente";;0;0;0;"Não";0;"NÃO ALCANÇOU"
"CE";230945;"Ocara";;11;11;100;"Sim";100;"ALCANÇOU"
"CE";230950;"Orós";;10;12;83,3;"Sim";83,3;"ALCANÇOU"
"CE";230960;"Pacajus";;2;3;66,7;"Não";66,7;"NÃO ALCANÇOU"
"CE";230970;"Pacatuba";;54;54;100;"Sim";100;"ALCANÇOU"
"CE";230980;"Pacoti";"X";0;0;0;"Não se aplica";0;"NÃO ALCANÇOU"
"CE";230990;"Pacujá";;1;3;33,3;"Não";33,3;"NÃO ALCANÇOU"
"CE";231000;"Palhano";"X";0;0;0;"Não se aplica";0;"NÃO ALCANÇOU"
"CE";231010;"Palmácia";;10;12;83,3;"Sim";83,3;"ALCANÇOU"
"CE";231020;"Paracuru";"X";0;0;0;"Não se aplica";0;"NÃO ALCANÇOU"
"CE";231025;"Paraipaba";;2;2;100;"Sim";100;"ALCANÇOU"
"CE";231030;"Parambu";;29;29;100;"Sim";100;"ALCANÇOU"
"CE";231040;"Paramoti";;2;2;100;"Sim";100;"ALCANÇOU"
"CE";231050;"Pedra Branca";;18;18;100;"Sim";100;"ALCANÇOU"
"CE";231060;"Penaforte";;11;11;100;"Sim";100;"ALCANÇOU"
"CE";231070;"Pentecoste";;5;11;45,5;"Não";45,5;"NÃO ALCANÇOU"
"CE";231080;"Pereiro";"X";0;0;0;"Não se aplica";0;"NÃO ALCANÇOU"
"CE";231085;"Pindoretama";;13;13;100;"Sim";100;"ALCANÇOU"
"CE";231090;"Piquet Carneiro";;10;10;100;"Sim";100;"ALCANÇOU"
"CE";231095;"Pires Ferreira";"X";0;0;0;"Não se aplica";0;"NÃO ALCANÇOU"
"CE";231100;"Poranga";"X";0;0;0;"Não se aplica";0;"NÃO ALCANÇOU"
"CE";231110;"Porteiras";;7;7;100;"Sim";100;"ALCANÇOU"
"CE";231120;"Potengi";;8;8;100;"Sim";100;"ALCANÇOU"
"CE";231123;"Potiretama";;0;0;0;"Não";0;"NÃO ALCANÇOU"
"CE";231126;"Quiterianópolis";;6;6;100;"Sim";100;"ALCANÇOU"
"CE";231130;"Quixadá";;39;39;100;"Sim";100;"ALCANÇOU"
"CE";231135;"Quixelô";;4;4;100;"Sim";100;"ALCANÇOU"
"CE";231140;"Quixeramobim";;52;54;96,3;"Sim";96,3;"ALCANÇOU"
"CE";231150;"Quixeré";;6;6;100;"Sim";100;"ALCANÇOU"
"CE";231160;"Redenção";;3;3;100;"Sim";100;"ALCANÇOU"
"CE";231170;"Reriutaba";;9;27;33,3;"Não";33,3;"NÃO ALCANÇOU"
"CE";231180;"Russas";;13;13;100;"Sim";100;"ALCANÇOU"
"CE";231190;"Saboeiro";"X";0;0;0;"Não se aplica";0;"NÃO ALCANÇOU"
"CE";231195;"Salitre";;2;2;100;"Sim";100;"ALCANÇOU"
"CE";231200;"Santana do Acaraú";;6;7;85,7;"Sim";85,7;"ALCANÇOU"
"CE";231210;"Santana do Cariri";;7;8;87,5;"Sim";87,5;"ALCANÇOU"
"CE";231220;"Santa Quitéria";;13;13;100;"Sim";100;"ALCANÇOU"
"CE";231230;"São Benedito";"X";0;0;0;"Não se aplica";0;"NÃO ALCANÇOU"
"CE";231240;"São Gonçalo do Amarante";;25;25;100;"Sim";100;"ALCANÇOU"
"CE";231250;"São João do Jaguaribe";;0;1;0;"Não";0;"NÃO ALCANÇOU"
"CE";231260;"São Luís do Curu";"X";0;0;0;"Não se aplica";0;"NÃO ALCANÇOU"
"CE";231270;"Senador Pompeu";;26;26;100;"Sim";100;"ALCANÇOU"
"CE";231280;"Senador Sá";;0;1;0;"Não";0;"NÃO ALCANÇOU"
"CE";231290;"Sobral";;131;114;114,9;"Sim";114,9;"ALCANÇOU"
"CE";231300;"Solonópole";;4;4;100;"Sim";100;"ALCANÇOU"
"CE";231310;"Tabuleiro do Norte";;7;8;87,5;"Sim";87,5;"ALCANÇOU"
"CE";231320;"Tamboril";;11;11;100;"Sim";100;"ALCANÇOU"
"CE";231325;"Tarrafas";;0;1;0;"Não";0;"NÃO ALCANÇOU"
"CE";231330;"Tauá";;45;45;100;"Sim";100;"ALCANÇOU"
"CE";231335;"Tejuçuoca";;1;1;100;"Sim";100;"ALCANÇOU"
"CE";231340;"Tianguá";;4;4;100;"Sim";100;"ALCANÇOU"
"CE";231350;"Trairi";;17;31;54,8;"Não";54,8;"NÃO ALCANÇOU"
"CE";231355;"Tururu";;0;0;0;"Não";0;"NÃO ALCANÇOU"
"CE";231360;"Ubajara";;0;0;0;"Não";0;"NÃO ALCANÇOU"
"CE";231370;"Umari";"X";0;0;0;"Não se aplica";0;"NÃO ALCANÇOU"
"CE";231375;"Umirim";;4;25;16;"Não";16;"NÃO ALCANÇOU"
"CE";231380;"Uruburetama";;3;9;33,3;"Não";33,3;"NÃO ALCANÇOU"
"CE";231390;"Uruoca";;0;0;0;"Não";0;"NÃO ALCANÇOU"
"CE";231395;"Varjota";;0;18;0;"Não";0;"NÃO ALCANÇOU"
"CE";231400;"Várzea Alegre";;38;46;82,6;"Sim";82,6;"ALCANÇOU"
"CE";231410;"Viçosa do Ceará";;2;3;66,7;"Não";66,7;"NÃO ALCANÇOU"
"RN";240010;"Acari";;2;2;100;"Sim";100;"ALCANÇOU"
"RN";240020;"Açu";;3;8;37,5;"Não";37,5;"NÃO ALCANÇOU"
"RN";240030;"Afonso Bezerra";"X";0;0;0;"Não se aplica";0;"NÃO ALCANÇOU"
"RN";240040;"Água Nova";;3;12;25;"Não";25;"NÃO ALCANÇOU"
"RN";240050;"Alexandria";;2;5;40;"Não";40;"NÃO ALCANÇOU"
"RN";240060;"Almino Afonso";"X";0;0;0;"Não se aplica";0;"NÃO ALCANÇOU"
"RN";240070;"Alto do Rodrigues";"X";0;0;0;"Não se aplica";0;"NÃO ALCANÇOU"
"RN";240080;"Angicos";;3;3;100;"Sim";100;"ALCANÇOU"
"RN";240090;"Antônio Martins";;3;5;60;"Não";60;"NÃO ALCANÇOU"
"RN";240100;"Apodi";;6;6;100;"Sim";100;"ALCANÇOU"
"RN";240110;"Areia Branca";;2;2;100;"Sim";100;"ALCANÇOU"
"RN";240120;"Arês";"X";0;0;0;"Não se aplica";0;"NÃO ALCANÇOU"
"RN";240130;"Augusto Severo";"X";0;0;0;"Não se aplica";0;"NÃO ALCANÇOU"
"RN";240140;"Baía Formosa";;0;1;0;"Não";0;"NÃO ALCANÇOU"
"RN";240145;"Baraúna";;3;3;100;"Sim";100;"ALCANÇOU"
"RN";240150;"Barcelona";"X";0;0;0;"Não se aplica";0;"NÃO ALCANÇOU"
"RN";240160;"Bento Fernandes";"X";0;0;0;"Não se aplica";0;"NÃO ALCANÇOU"
"RN";240165;"Bodó";"X";0;0;0;"Não se aplica";0;"NÃO ALCANÇOU"
"RN";240170;"Bom Jesus";"X";0;0;0;"Não se aplica";0;"NÃO ALCANÇOU"
"RN";240180;"Brejinho";;0;8;0;"Não";0;"NÃO ALCANÇOU"
"RN";240185;"Caiçara do Norte";"X";0;0;0;"Não se aplica";0;"NÃO ALCANÇOU"
"RN";240190;"Caiçara do Rio do Vento";"X";0;0;0;"Não se aplica";0;"NÃO ALCANÇOU"
"RN";240200;"Caicó";;95;95;100;"Sim";100;"ALCANÇOU"
"RN";240210;"Campo Redondo";;8;8;100;"Sim";100;"ALCANÇOU"
"RN";240220;"Canguaretama";"X";0;0;0;"Não se aplica";0;"NÃO ALCANÇOU"
"RN";240230;"Caraúbas";;10;10;100;"Sim";100;"ALCANÇOU"
"RN";240240;"Carnaúba dos Dantas";"X";0;0;0;"Não se aplica";0;"NÃO ALCANÇOU"
"RN";240250;"Carnaubais";"X";0;0;0;"Não se aplica";0;"NÃO ALCANÇOU"
"RN";240260;"Ceará-Mirim";;0;4;0;"Não";0;"NÃO ALCANÇOU"
"RN";240270;"Cerro Corá";"X";0;0;0;"Não se aplica";0;"NÃO ALCANÇOU"
"RN";240280;"Coronel Ezequiel";"X";0;0;0;"Não se aplica";0;"NÃO ALCANÇOU"
"RN";240290;"Coronel João Pessoa";"X";0;0;0;"Não se aplica";0;"NÃO ALCANÇOU"
"RN";240300;"Cruzeta";;7;10;70;"Não";70;"NÃO ALCANÇOU"
"RN";240310;"Currais Novos";;9;9;100;"Sim";100;"ALCANÇOU"
"RN";240320;"Doutor Severiano";"X";0;0;0;"Não se aplica";0;"NÃO ALCANÇOU"
"RN";240325;"Parnamirim";;6;24;25;"Não";25;"NÃO ALCANÇOU"
"RN";240330;"Encanto";;0;1;0;"Não";0;"NÃO ALCANÇOU"
"RN";240340;"Equador";"X";0;0;0;"Não se aplica";0;"NÃO ALCANÇOU"
"RN";240350;"Espírito Santo";"X";0;0;0;"Não se aplica";0;"NÃO ALCANÇOU"
"RN";240360;"Extremoz";;0;1;0;"Não";0;"NÃO ALCANÇOU"
"RN";240370;"Felipe Guerra";"X";0;0;0;"Não se aplica";0;"NÃO ALCANÇOU"
"RN";240375;"Fernando Pedroza";"X";0;0;0;"Não se aplica";0;"NÃO ALCANÇOU"
"RN";240380;"Florânia";;0;0;0;"Não";0;"NÃO ALCANÇOU"
"RN";240390;"Francisco Dantas";"X";0;0;0;"Não se aplica";0;"NÃO ALCANÇOU"
"RN";240400;"Frutuoso Gomes";"X";0;0;0;"Não se aplica";0;"NÃO ALCANÇOU"
"RN";240410;"Galinhos";"X";0;0;0;"Não se aplica";0;"NÃO ALCANÇOU"
"RN";240420;"Goianinha";;8;8;100;"Sim";100;"ALCANÇOU"
"RN";240430;"Governador Dix-Sept Rosado";;3;3;100;"Sim";100;"ALCANÇOU"
"RN";240440;"Grossos";"X";0;0;0;"Não se aplica";0;"NÃO ALCANÇOU"
"RN";240450;"Guamaré";"X";0;0;0;"Não se aplica";0;"NÃO ALCANÇOU"
"RN";240460;"Ielmo Marinho";"X";0;0;0;"Não se aplica";0;"NÃO ALCANÇOU"
"RN";240470;"Ipanguaçu";;9;5;180;"Sim";180;"ALCANÇOU"
"RN";240480;"Ipueira";"X";0;0;0;"Não se aplica";0;"NÃO ALCANÇOU"
"RN";240485;"Itajá";"X";0;0;0;"Não se aplica";0;"NÃO ALCANÇOU"
"RN";240490;"Itaú";;0;0;0;"Não";0;"NÃO ALCANÇOU"
"RN";240500;"Jaçanã";"X";0;0;0;"Não se aplica";0;"NÃO ALCANÇOU"
"RN";240510;"Jandaíra";"X";0;0;0;"Não se aplica";0;"NÃO ALCANÇOU"
"RN";240520;"Janduís";"X";0;0;0;"Não se aplica";0;"NÃO ALCANÇOU"
"RN";240530;"Januário Cicco";"X";0;0;0;"Não se aplica";0;"NÃO ALCANÇOU"
"RN";240540;"Japi";"X";0;0;0;"Não se aplica";0;"NÃO ALCANÇOU"
"RN";240550;"Jardim de Angicos";"X";0;0;0;"Não se aplica";0;"NÃO ALCANÇOU"
"RN";240560;"Jardim de Piranhas";"X";0;0;0;"Não se aplica";0;"NÃO ALCANÇOU"
"RN";240570;"Jardim do Seridó";"X";0;0;0;"Não se aplica";0;"NÃO ALCANÇOU"
"RN";240580;"João Câmara";;9;10;90;"Sim";90;"ALCANÇOU"
"RN";240590;"João Dias";"X";0;0;0;"Não se aplica";0;"NÃO ALCANÇOU"
"RN";240600;"José da Penha";"X";0;0;0;"Não se aplica";0;"NÃO ALCANÇOU"
"RN";240610;"Jucurutu";;3;3;100;"Sim";100;"ALCANÇOU"
"RN";240615;"Jundiá";"X";0;0;0;"Não se aplica";0;"NÃO ALCANÇOU"
"RN";240620;"Lagoa d'Anta";"X";0;0;0;"Não se aplica";0;"NÃO ALCANÇOU"
"RN";240630;"Lagoa de Pedras";;1;11;9,1;"Não";9,1;"NÃO ALCANÇOU"
"RN";240640;"Lagoa de Velhos";"X";0;0;0;"Não se aplica";0;"NÃO ALCANÇOU"
"RN";240650;"Lagoa Nova";"X";0;0;0;"Não se aplica";0;"NÃO ALCANÇOU"
"RN";240660;"Lagoa Salgada";"X";0;0;0;"Não se aplica";0;"NÃO ALCANÇOU"
"RN";240670;"Lajes";;3;5;60;"Não";60;"NÃO ALCANÇOU"
"RN";240680;"Lajes Pintadas";"X";0;0;0;"Não se aplica";0;"NÃO ALCANÇOU"
"RN";240690;"Lucrécia";;0;3;0;"Não";0;"NÃO ALCANÇOU"
"RN";240700;"Luís Gomes";"X";0;0;0;"Não se aplica";0;"NÃO ALCANÇOU"
"RN";240710;"Macaíba";;2;23;8,7;"Não";8,7;"NÃO ALCANÇOU"
"RN";240720;"Macau";;0;0;0;"Não";0;"NÃO ALCANÇOU"
"RN";240725;"Major Sales";"X";0;0;0;"Não se aplica";0;"NÃO ALCANÇOU"
"RN";240730;"Marcelino Vieira";"X";0;0;0;"Não se aplica";0;"NÃO ALCANÇOU"
"RN";240740;"Martins";;0;5;0;"Não";0;"NÃO ALCANÇOU"
"RN";240750;"Maxaranguape";"X";0;0;0;"Não se aplica";0;"NÃO ALCANÇOU"
"RN";240760;"Messias Targino";"X";0;0;0;"Não se aplica";0;"NÃO ALCANÇOU"
"RN";240770;"Montanhas";;9;9;100;"Sim";100;"ALCANÇOU"
"RN";240780;"Monte Alegre";;0;2;0;"Não";0;"NÃO ALCANÇOU"
"RN";240790;"Monte das Gameleiras";"X";0;0;0;"Não se aplica";0;"NÃO ALCANÇOU"
"RN";240800;"Mossoró";;56;88;63,6;"Não";63,6;"NÃO ALCANÇOU"
"RN";240810;"Natal";;0;22;0;"Não";0;"NÃO ALCANÇOU"
"RN";240820;"Nísia Floresta";;2;2;100;"Sim";100;"ALCANÇOU"
"RN";240830;"Nova Cruz";;4;4;100;"Sim";100;"ALCANÇOU"
"RN";240840;"Olho-d'Água do Borges";;0;3;0;"Não";0;"NÃO ALCANÇOU"
"RN";240850;"Ouro Branco";"X";0;0;0;"Não se aplica";0;"NÃO ALCANÇOU"
"RN";240860;"Paraná";;2;2;100;"Sim";100;"ALCANÇOU"
"RN";240870;"Paraú";"X";0;0;0;"Não se aplica";0;"NÃO ALCANÇOU"
"RN";240880;"Parazinho";"X";0;0;0;"Não se aplica";0;"NÃO ALCANÇOU"
"RN";240890;"Parelhas";"X";0;0;0;"Não se aplica";0;"NÃO ALCANÇOU"
"RN";240895;"Rio do Fogo";"X";0;0;0;"Não se aplica";0;"NÃO ALCANÇOU"
"RN";240910;"Passa e Fica";"X";0;0;0;"Não se aplica";0;"NÃO ALCANÇOU"
"RN";240920;"Passagem";"X";0;0;0;"Não se aplica";0;"NÃO ALCANÇOU"
"RN";240930;"Patu";;11;10;110;"Sim";110;"ALCANÇOU"
"RN";240933;"Santa Maria";"X";0;0;0;"Não se aplica";0;"NÃO ALCANÇOU"
"RN";240940;"Pau dos Ferros";;0;1;0;"Não";0;"NÃO ALCANÇOU"
"RN";240950;"Pedra Grande";"X";0;0;0;"Não se aplica";0;"NÃO ALCANÇOU"
"RN";240960;"Pedra Preta";"X";0;0;0;"Não se aplica";0;"NÃO ALCANÇOU"
"RN";240970;"Pedro Avelino";"X";0;0;0;"Não se aplica";0;"NÃO ALCANÇOU"
"RN";240980;"Pedro Velho";"X";0;0;0;"Não se aplica";0;"NÃO ALCANÇOU"
"RN";240990;"Pendências";;8;8;100;"Sim";100;"ALCANÇOU"
"RN";241000;"Pilões";"X";0;0;0;"Não se aplica";0;"NÃO ALCANÇOU"
"RN";241010;"Poço Branco";;3;16;18,8;"Não";18,8;"NÃO ALCANÇOU"
"RN";241020;"Portalegre";"X";0;0;0;"Não se aplica";0;"NÃO ALCANÇOU"
"RN";241025;"Porto do Mangue";"X";0;0;0;"Não se aplica";0;"NÃO ALCANÇOU"
"RN";241030;"Presidente Juscelino";"X";0;0;0;"Não se aplica";0;"NÃO ALCANÇOU"
"RN";241040;"Pureza";"X";0;0;0;"Não se aplica";0;"NÃO ALCANÇOU"
"RN";241050;"Rafael Fernandes";"X";0;0;0;"Não se aplica";0;"NÃO ALCANÇOU"
"RN";241060;"Rafael Godeiro";;4;4;100;"Sim";100;"ALCANÇOU"
"RN";241070;"Riacho da Cruz";"X";0;0;0;"Não se aplica";0;"NÃO ALCANÇOU"
"RN";241080;"Riacho de Santana";"X";0;0;0;"Não se aplica";0;"NÃO ALCANÇOU"
"RN";241090;"Riachuelo";;0;6;0;"Não";0;"NÃO ALCANÇOU"
"RN";241100;"Rodolfo Fernandes";;1;1;100;"Sim";100;"ALCANÇOU"
"RN";241105;"Tibau";"X";0;0;0;"Não se aplica";0;"NÃO ALCANÇOU"
"RN";241110;"Ruy Barbosa";;3;5;60;"Não";60;"NÃO ALCANÇOU"
"RN";241120;"Santa Cruz";;1;1;100;"Sim";100;"ALCANÇOU"
"RN";241140;"Santana do Matos";"X";0;0;0;"Não se aplica";0;"NÃO ALCANÇOU"
"RN";241142;"Santana do Seridó";"X";0;0;0;"Não se aplica";0;"NÃO ALCANÇOU"
"RN";241150;"Santo Antônio";"X";0;0;0;"Não se aplica";0;"NÃO ALCANÇOU"
"RN";241160;"São Bento do Norte";;0;5;0;"Não";0;"NÃO ALCANÇOU"
"RN";241170;"São Bento do Trairí";"X";0;0;0;"Não se aplica";0;"NÃO ALCANÇOU"
"RN";241180;"São Fernando";"X";0;0;0;"Não se aplica";0;"NÃO ALCANÇOU"
"RN";241190;"São Francisco do Oeste";"X";0;0;0;"Não se aplica";0;"NÃO ALCANÇOU"
"RN";241200;"São Gonçalo do Amarante";;0;0;0;"Não";0;"NÃO ALCANÇOU"
"RN";241210;"São João do Sabugi";"X";0;0;0;"Não se aplica";0;"NÃO ALCANÇOU"
"RN";241220;"São José de Mipibu";;0;2;0;"Não";0;"NÃO ALCANÇOU"
"RN";241230;"São José do Campestre";"X";0;0;0;"Não se aplica";0;"NÃO ALCANÇOU"
"RN";241240;"São José do Seridó";;1;1;100;"Sim";100;"ALCANÇOU"
"RN";241250;"São Miguel";;4;4;100;"Sim";100;"ALCANÇOU"
"RN";241255;"São Miguel do Gostoso";"X";0;0;0;"Não se aplica";0;"NÃO ALCANÇOU"
"RN";241260;"São Paulo do Potengi";"X";0;0;0;"Não se aplica";0;"NÃO ALCANÇOU"
"RN";241270;"São Pedro";"X";0;0;0;"Não se aplica";0;"NÃO ALCANÇOU"
"RN";241280;"São Rafael";"X";0;0;0;"Não se aplica";0;"NÃO ALCANÇOU"
"RN";241290;"São Tomé";;0;2;0;"Não";0;"NÃO ALCANÇOU"
"RN";241300;"São Vicente";"X";0;0;0;"Não se aplica";0;"NÃO ALCANÇOU"
"RN";241310;"Senador Elói de Souza";"X";0;0;0;"Não se aplica";0;"NÃO ALCANÇOU"
"RN";241320;"Senador Georgino Avelino";"X";0;0;0;"Não se aplica";0;"NÃO ALCANÇOU"
"RN";241330;"Serra de São Bento";"X";0;0;0;"Não se aplica";0;"NÃO ALCANÇOU"
"RN";241335;"Serra do Mel";;4;4;100;"Sim";100;"ALCANÇOU"
"RN";241340;"Serra Negra do Norte";;2;2;100;"Sim";100;"ALCANÇOU"
"RN";241350;"Serrinha";"X";0;0;0;"Não se aplica";0;"NÃO ALCANÇOU"
"RN";241355;"Serrinha dos Pintos";"X";0;0;0;"Não se aplica";0;"NÃO ALCANÇOU"
"RN";241360;"Severiano Melo";;3;3;100;"Sim";100;"ALCANÇOU"
"RN";241370;"Sítio Novo";"X";0;0;0;"Não se aplica";0;"NÃO ALCANÇOU"
"RN";241380;"Taboleiro Grande";"X";0;0;0;"Não se aplica";0;"NÃO ALCANÇOU"
"RN";241390;"Taipu";;3;3;100;"Sim";100;"ALCANÇOU"
"RN";241400;"Tangará";"X";0;0;0;"Não se aplica";0;"NÃO ALCANÇOU"
"RN";241410;"Tenente Ananias";"X";0;0;0;"Não se aplica";0;"NÃO ALCANÇOU"
"RN";241415;"Tenente Laurentino Cruz";"X";0;0;0;"Não se aplica";0;"NÃO ALCANÇOU"
"RN";241420;"Tibau do Sul";"X";0;0;0;"Não se aplica";0;"NÃO ALCANÇOU"
"RN";241430;"Timbaúba dos Batistas";"X";0;0;0;"Não se aplica";0;"NÃO ALCANÇOU"
"RN";241440;"Touros";;0;1;0;"Não";0;"NÃO ALCANÇOU"
"RN";241445;"Triunfo Potiguar";"X";0;0;0;"Não se aplica";0;"NÃO ALCANÇOU"
"RN";241450;"Umarizal";;3;9;33,3;"Não";33,3;"NÃO ALCANÇOU"
"RN";241460;"Upanema";;5;3;166,7;"Sim";166,7;"ALCANÇOU"
"RN";241470;"Várzea";"X";0;0;0;"Não se aplica";0;"NÃO ALCANÇOU"
"RN";241475;"Venha-Ver";"X";0;0;0;"Não se aplica";0;"NÃO ALCANÇOU"
"RN";241480;"Vera Cruz";;1;1;100;"Sim";100;"ALCANÇOU"
"RN";241490;"Viçosa";"X";0;0;0;"Não se aplica";0;"NÃO ALCANÇOU"
"RN";241500;"Vila Flor";"X";0;0;0;"Não se aplica";0;"NÃO ALCANÇOU"
"PB";250010;"Água Branca";"X";0;0;0;"Não se aplica";0;"NÃO ALCANÇOU"
"PB";250020;"Aguiar";"X";0;0;0;"Não se aplica";0;"NÃO ALCANÇOU"
"PB";250030;"Alagoa Grande";;8;10;80;"Não";80;"NÃO ALCANÇOU"
"PB";250040;"Alagoa Nova";"X";0;0;0;"Não se aplica";0;"NÃO ALCANÇOU"
"PB";250050;"Alagoinha";;3;3;100;"Sim";100;"ALCANÇOU"
"PB";250053;"Alcantil";;0;4;0;"Não";0;"NÃO ALCANÇOU"
"PB";250057;"Algodão de Jandaíra";"X";0;0;0;"Não se aplica";0;"NÃO ALCANÇOU"
"PB";250060;"Alhandra";;5;5;100;"Sim";100;"ALCANÇOU"
"PB";250070;"São João do Rio do Peixe";;7;7;100;"Sim";100;"ALCANÇOU"
"PB";250073;"Amparo";"X";0;0;0;"Não se aplica";0;"NÃO ALCANÇOU"
"PB";250077;"Aparecida";;3;3;100;"Sim";100;"ALCANÇOU"
"PB";250080;"Araçagi";;3;3;100;"Sim";100;"ALCANÇOU"
"PB";250090;"Arara";"X";0;0;0;"Não se aplica";0;"NÃO ALCANÇOU"
"PB";250100;"Araruna";"X";0;0;0;"Não se aplica";0;"NÃO ALCANÇOU"
"PB";250110;"Areia";;2;2;100;"Sim";100;"ALCANÇOU"
"PB";250115;"Areia de Baraúnas";;2;2;100;"Sim";100;"ALCANÇOU"
"PB";250120;"Areial";"X";0;0;0;"Não se aplica";0;"NÃO ALCANÇOU"
"PB";250130;"Aroeiras";;34;34;100;"Sim";100;"ALCANÇOU"
"PB";250135;"Assunção";"X";0;0;0;"Não se aplica";0;"NÃO ALCANÇOU"
"PB";250140;"Baía da Traição";"X";0;0;0;"Não se aplica";0;"NÃO ALCANÇOU"
"PB";250150;"Bananeiras";"X";0;0;0;"Não se aplica";0;"NÃO ALCANÇOU"
"PB";250153;"Baraúna";"X";0;0;0;"Não se aplica";0;"NÃO ALCANÇOU"
"PB";250157;"Barra de Santana";"X";0;0;0;"Não se aplica";0;"NÃO ALCANÇOU"
"PB";250160;"Barra de Santa Rosa";"X";0;0;0;"Não se aplica";0;"NÃO ALCANÇOU"
"PB";250170;"Barra de São Miguel";"X";0;0;0;"Não se aplica";0;"NÃO ALCANÇOU"
"PB";250180;"Bayeux";;26;28;92,9;"Sim";92,9;"ALCANÇOU"
"PB";250190;"Belém";"X";0;0;0;"Não se aplica";0;"NÃO ALCANÇOU"
"PB";250200;"Belém do Brejo do Cruz";"X";0;0;0;"Não se aplica";0;"NÃO ALCANÇOU"
"PB";250205;"Bernardino Batista";"X";0;0;0;"Não se aplica";0;"NÃO ALCANÇOU"
"PB";250210;"Boa Ventura";;26;26;100;"Sim";100;"ALCANÇOU"
"PB";250215;"Boa Vista";"X";0;0;0;"Não se aplica";0;"NÃO ALCANÇOU"
"PB";250220;"Bom Jesus";"X";0;0;0;"Não se aplica";0;"NÃO ALCANÇOU"
"PB";250230;"Bom Sucesso";"X";0;0;0;"Não se aplica";0;"NÃO ALCANÇOU"
"PB";250240;"Bonito de Santa Fé";;13;13;100;"Sim";100;"ALCANÇOU"
"PB";250250;"Boqueirão";"X";0;0;0;"Não se aplica";0;"NÃO ALCANÇOU"
"PB";250260;"Igaracy";"X";0;0;0;"Não se aplica";0;"NÃO ALCANÇOU"
"PB";250270;"Borborema";"X";0;0;0;"Não se aplica";0;"NÃO ALCANÇOU"
"PB";250280;"Brejo do Cruz";"X";0;0;0;"Não se aplica";0;"NÃO ALCANÇOU"
"PB";250290;"Brejo dos Santos";"X";0;0;0;"Não se aplica";0;"NÃO ALCANÇOU"
"PB";250300;"Caaporã";;6;9;66,7;"Não";66,7;"NÃO ALCANÇOU"
"PB";250310;"Cabaceiras";"X";0;0;0;"Não se aplica";0;"NÃO ALCANÇOU"
"PB";250320;"Cabedelo";;20;20;100;"Sim";100;"ALCANÇOU"
"PB";250330;"Cachoeira dos Índios";;1;1;100;"Sim";100;"ALCANÇOU"
"PB";250340;"Cacimba de Areia";;6;6;100;"Sim";100;"ALCANÇOU"
"PB";250350;"Cacimba de Dentro";"X";0;0;0;"Não se aplica";0;"NÃO ALCANÇOU"
"PB";250355;"Cacimbas";"X";0;0;0;"Não se aplica";0;"NÃO ALCANÇOU"
"PB";250360;"Caiçara";;1;1;100;"Sim";100;"ALCANÇOU"
"PB";250370;"Cajazeiras";;44;50;88;"Sim";88;"ALCANÇOU"
"PB";250375;"Cajazeirinhas";"X";0;0;0;"Não se aplica";0;"NÃO ALCANÇOU"
"PB";250380;"Caldas Brandão";;4;4;100;"Sim";100;"ALCANÇOU"
"PB";250390;"Camalaú";;5;7;71,4;"Não";71,4;"NÃO ALCANÇOU"
"PB";250400;"Campina Grande";;124;80;155;"Sim";155;"ALCANÇOU"
"PB";250403;"Capim";;4;4;100;"Sim";100;"ALCANÇOU"
"PB";250407;"Caraúbas";"X";0;0;0;"Não se aplica";0;"NÃO ALCANÇOU"
"PB";250410;"Carrapateira";;2;5;40;"Não";40;"NÃO ALCANÇOU"
"PB";250415;"Casserengue";"X";0;0;0;"Não se aplica";0;"NÃO ALCANÇOU"
"PB";250420;"Catingueira";"X";0;0;0;"Não se aplica";0;"NÃO ALCANÇOU"
"PB";250430;"Catolé do Rocha";;4;4;100;"Sim";100;"ALCANÇOU"
"PB";250435;"Caturité";"X";0;0;0;"Não se aplica";0;"NÃO ALCANÇOU"
"PB";250440;"Conceição";;42;48;87,5;"Sim";87,5;"ALCANÇOU"
"PB";250450;"Condado";;18;18;100;"Sim";100;"ALCANÇOU"
"PB";250460;"Conde";;10;10;100;"Sim";100;"ALCANÇOU"
"PB";250470;"Congo";;6;6;100;"Sim";100;"ALCANÇOU"
"PB";250480;"Coremas";;10;11;90,9;"Sim";90,9;"ALCANÇOU"
"PB";250485;"Coxixola";"X";0;0;0;"Não se aplica";0;"NÃO ALCANÇOU"
"PB";250490;"Cruz do Espírito Santo";;1;1;100;"Sim";100;"ALCANÇOU"
"PB";250500;"Cubati";"X";0;0;0;"Não se aplica";0;"NÃO ALCANÇOU"
"PB";250510;"Cuité";;6;7;85,7;"Sim";85,7;"ALCANÇOU"
"PB";250520;"Cuitegi";;1;1;100;"Sim";100;"ALCANÇOU"
"PB";250523;"Cuité de Mamanguape";"X";0;0;0;"Não se aplica";0;"NÃO ALCANÇOU"
"PB";250527;"Curral de Cima";"X";0;0;0;"Não se aplica";0;"NÃO ALCANÇOU"
"PB";250530;"Curral Velho";"X";0;0;0;"Não se aplica";0;"NÃO ALCANÇOU"
"PB";250535;"Damião";"X";0;0;0;"Não se aplica";0;"NÃO ALCANÇOU"
"PB";250540;"Desterro";;2;2;100;"Sim";100;"ALCANÇOU"
"PB";250550;"Vista Serrana";"X";0;0;0;"Não se aplica";0;"NÃO ALCANÇOU"
"PB";250560;"Diamante";;0;6;0;"Não";0;"NÃO ALCANÇOU"
"PB";250570;"Dona Inês";"X";0;0;0;"Não se aplica";0;"NÃO ALCANÇOU"
"PB";250580;"Duas Estradas";;0;0;0;"Não";0;"NÃO ALCANÇOU"
"PB";250590;"Emas";"X";0;0;0;"Não se aplica";0;"NÃO ALCANÇOU"
"PB";250600;"Esperança";;8;8;100;"Sim";100;"ALCANÇOU"
"PB";250610;"Fagundes";;15;15;100;"Sim";100;"ALCANÇOU"
"PB";250620;"Frei Martinho";"X";0;0;0;"Não se aplica";0;"NÃO ALCANÇOU"
"PB";250625;"Gado Bravo";"X";0;0;0;"Não se aplica";0;"NÃO ALCANÇOU"
"PB";250630;"Guarabira";;7;8;87,5;"Sim";87,5;"ALCANÇOU"
"PB";250640;"Gurinhém";;3;3;100;"Sim";100;"ALCANÇOU"
"PB";250650;"Gurjão";"X";0;0;0;"Não se aplica";0;"NÃO ALCANÇOU"
"PB";250660;"Ibiara";"X";0;0;0;"Não se aplica";0;"NÃO ALCANÇOU"
"PB";250670;"Imaculada";"X";0;0;0;"Não se aplica";0;"NÃO ALCANÇOU"
"PB";250680;"Ingá";;2;2;100;"Sim";100;"ALCANÇOU"
"PB";250690;"Itabaiana";;4;4;100;"Sim";100;"ALCANÇOU"
"PB";250700;"Itaporanga";;0;0;0;"Não";0;"NÃO ALCANÇOU"
"PB";250710;"Itapororoca";"X";0;0;0;"Não se aplica";0;"NÃO ALCANÇOU"
"PB";250720;"Itatuba";"X";0;0;0;"Não se aplica";0;"NÃO ALCANÇOU"
"PB";250730;"Jacaraú";"X";0;0;0;"Não se aplica";0;"NÃO ALCANÇOU"
"PB";250740;"Jericó";;1;1;100;"Sim";100;"ALCANÇOU"
"PB";250750;"João Pessoa";;77;135;57;"Não";57;"NÃO ALCANÇOU"
"PB";250760;"Juarez Távora";;4;4;100;"Sim";100;"ALCANÇOU"
"PB";250770;"Juazeirinho";;20;17;117,6;"Sim";117,6;"ALCANÇOU"
"PB";250780;"Junco do Seridó";"X";0;0;0;"Não se aplica";0;"NÃO ALCANÇOU"
"PB";250790;"Juripiranga";;16;17;94,1;"Sim";94,1;"ALCANÇOU"
"PB";250800;"Juru";"X";0;0;0;"Não se aplica";0;"NÃO ALCANÇOU"
"PB";250810;"Lagoa";"X";0;0;0;"Não se aplica";0;"NÃO ALCANÇOU"
"PB";250820;"Lagoa de Dentro";;9;9;100;"Sim";100;"ALCANÇOU"
"PB";250830;"Lagoa Seca";"X";0;0;0;"Não se aplica";0;"NÃO ALCANÇOU"
"PB";250840;"Lastro";;2;2;100;"Sim";100;"ALCANÇOU"
"PB";250850;"Livramento";"X";0;0;0;"Não se aplica";0;"NÃO ALCANÇOU"
"PB";250855;"Logradouro";"X";0;0;0;"Não se aplica";0;"NÃO ALCANÇOU"
"PB";250860;"Lucena";;2;2;100;"Sim";100;"ALCANÇOU"
"PB";250870;"Mãe d'Água";"X";0;0;0;"Não se aplica";0;"NÃO ALCANÇOU"
"PB";250880;"Malta";"X";0;0;0;"Não se aplica";0;"NÃO ALCANÇOU"
"PB";250890;"Mamanguape";;25;25;100;"Sim";100;"ALCANÇOU"
"PB";250900;"Manaíra";"X";0;0;0;"Não se aplica";0;"NÃO ALCANÇOU"
"PB";250905;"Marcação";;4;4;100;"Sim";100;"ALCANÇOU"
"PB";250910;"Mari";;0;1;0;"Não";0;"NÃO ALCANÇOU"
"PB";250915;"Marizópolis";;1;1;100;"Sim";100;"ALCANÇOU"
"PB";250920;"Massaranduba";;5;5;100;"Sim";100;"ALCANÇOU"
"PB";250930;"Mataraca";"X";0;0;0;"Não se aplica";0;"NÃO ALCANÇOU"
"PB";250933;"Matinhas";"X";0;0;0;"Não se aplica";0;"NÃO ALCANÇOU"
"PB";250937;"Mato Grosso";;3;3;100;"Sim";100;"ALCANÇOU"
"PB";250939;"Maturéia";"X";0;0;0;"Não se aplica";0;"NÃO ALCANÇOU"
"PB";250940;"Mogeiro";"X";0;0;0;"Não se aplica";0;"NÃO ALCANÇOU"
"PB";250950;"Montadas";"X";0;0;0;"Não se aplica";0;"NÃO ALCANÇOU"
"PB";250960;"Monte Horebe";;0;0;0;"Não";0;"NÃO ALCANÇOU"
"PB";250970;"Monteiro";;11;11;100;"Sim";100;"ALCANÇOU"
"PB";250980;"Mulungu";"X";0;0;0;"Não se aplica";0;"NÃO ALCANÇOU"
"PB";250990;"Natuba";"X";0;0;0;"Não se aplica";0;"NÃO ALCANÇOU"
"PB";251000;"Nazarezinho";"X";0;0;0;"Não se aplica";0;"NÃO ALCANÇOU"
"PB";251010;"Nova Floresta";;5;5;100;"Sim";100;"ALCANÇOU"
"PB";251020;"Nova Olinda";"X";0;0;0;"Não se aplica";0;"NÃO ALCANÇOU"
"PB";251030;"Nova Palmeira";"X";0;0;0;"Não se aplica";0;"NÃO ALCANÇOU"
"PB";251040;"Olho d'Água";"X";0;0;0;"Não se aplica";0;"NÃO ALCANÇOU"
"PB";251050;"Olivedos";"X";0;0;0;"Não se aplica";0;"NÃO ALCANÇOU"
"PB";251060;"Ouro Velho";"X";0;0;0;"Não se aplica";0;"NÃO ALCANÇOU"
"PB";251065;"Parari";"X";0;0;0;"Não se aplica";0;"NÃO ALCANÇOU"
"PB";251070;"Passagem";;3;3;100;"Sim";100;"ALCANÇOU"
"PB";251080;"Patos";;85;84;101,2;"Sim";101,2;"ALCANÇOU"
"PB";251090;"Paulista";;4;4;100;"Sim";100;"ALCANÇOU"
"PB";251100;"Pedra Branca";"X";0;0;0;"Não se aplica";0;"NÃO ALCANÇOU"
"PB";251110;"Pedra Lavrada";"X";0;0;0;"Não se aplica";0;"NÃO ALCANÇOU"
"PB";251120;"Pedras de Fogo";;17;20;85;"Sim";85;"ALCANÇOU"
"PB";251130;"Piancó";;6;6;100;"Sim";100;"ALCANÇOU"
"PB";251140;"Picuí";;7;7;100;"Sim";100;"ALCANÇOU"
"PB";251150;"Pilar";;1;1;100;"Sim";100;"ALCANÇOU"
"PB";251160;"Pilões";"X";0;0;0;"Não se aplica";0;"NÃO ALCANÇOU"
"PB";251170;"Pilõezinhos";"X";0;0;0;"Não se aplica";0;"NÃO ALCANÇOU"
"PB";251180;"Pirpirituba";"X";0;0;0;"Não se aplica";0;"NÃO ALCANÇOU"
"PB";251190;"Pitimbu";;12;12;100;"Sim";100;"ALCANÇOU"
"PB";251200;"Pocinhos";"X";0;0;0;"Não se aplica";0;"NÃO ALCANÇOU"
"PB";251203;"Poço Dantas";;0;4;0;"Não";0;"NÃO ALCANÇOU"
"PB";251207;"Poço de José de Moura";"X";0;0;0;"Não se aplica";0;"NÃO ALCANÇOU"
"PB";251210;"Pombal";"X";0;0;0;"Não se aplica";0;"NÃO ALCANÇOU"
"PB";251220;"Prata";"X";0;0;0;"Não se aplica";0;"NÃO ALCANÇOU"
"PB";251230;"Princesa Isabel";"X";0;0;0;"Não se aplica";0;"NÃO ALCANÇOU"
"PB";251240;"Puxinanã";"X";0;0;0;"Não se aplica";0;"NÃO ALCANÇOU"
"PB";251250;"Queimadas";;15;6;250;"Sim";250;"ALCANÇOU"
"PB";251260;"Quixabá";"X";0;0;0;"Não se aplica";0;"NÃO ALCANÇOU"
"PB";251270;"Remígio";"X";0;0;0;"Não se aplica";0;"NÃO ALCANÇOU"
"PB";251272;"Pedro Régis";;2;2;100;"Sim";100;"ALCANÇOU"
"PB";251274;"Riachão";"X";0;0;0;"Não se aplica";0;"NÃO ALCANÇOU"
"PB";251275;"Riachão do Bacamarte";;1;1;100;"Sim";100;"ALCANÇOU"
"PB";251276;"Riachão do Poço";"X";0;0;0;"Não se aplica";0;"NÃO ALCANÇOU"
"PB";251278;"Riacho de Santo Antônio";"X";0;0;0;"Não se aplica";0;"NÃO ALCANÇOU"
"PB";251280;"Riacho dos Cavalos";"X";0;0;0;"Não se aplica";0;"NÃO ALCANÇOU"
"PB";251290;"Rio Tinto";;3;3;100;"Sim";100;"ALCANÇOU"
"PB";251300;"Salgadinho";;3;3;100;"Sim";100;"ALCANÇOU"
"PB";251310;"Salgado de São Félix";;7;8;87,5;"Sim";87,5;"ALCANÇOU"
"PB";251315;"Santa Cecília";"X";0;0;0;"Não se aplica";0;"NÃO ALCANÇOU"
"PB";251320;"Santa Cruz";"X";0;0;0;"Não se aplica";0;"NÃO ALCANÇOU"
"PB";251330;"Santa Helena";"X";0;0;0;"Não se aplica";0;"NÃO ALCANÇOU"
"PB";251335;"Santa Inês";"X";0;0;0;"Não se aplica";0;"NÃO ALCANÇOU"
"PB";251340;"Santa Luzia";"X";0;0;0;"Não se aplica";0;"NÃO ALCANÇOU"
"PB";251350;"Santana de Mangueira";;2;2;100;"Sim";100;"ALCANÇOU"
"PB";251360;"Santana dos Garrotes";"X";0;0;0;"Não se aplica";0;"NÃO ALCANÇOU"
"PB";251365;"Santarém";"X";0;0;0;"Não se aplica";0;"NÃO ALCANÇOU"
"PB";251370;"Santa Rita";;89;86;103,5;"Sim";103,5;"ALCANÇOU"
"PB";251380;"Santa Teresinha";"X";0;0;0;"Não se aplica";0;"NÃO ALCANÇOU"
"PB";251385;"Santo André";"X";0;0;0;"Não se aplica";0;"NÃO ALCANÇOU"
"PB";251390;"São Bento";;3;3;100;"Sim";100;"ALCANÇOU"
"PB";251392;"São Bentinho";"X";0;0;0;"Não se aplica";0;"NÃO ALCANÇOU"
"PB";251394;"São Domingos do Cariri";"X";0;0;0;"Não se aplica";0;"NÃO ALCANÇOU"
"PB";251396;"São Domingos";"X";0;0;0;"Não se aplica";0;"NÃO ALCANÇOU"
"PB";251398;"São Francisco";"X";0;0;0;"Não se aplica";0;"NÃO ALCANÇOU"
"PB";251400;"São João do Cariri";"X";0;0;0;"Não se aplica";0;"NÃO ALCANÇOU"
"PB";251410;"São João do Tigre";"X";0;0;0;"Não se aplica";0;"NÃO ALCANÇOU"
"PB";251420;"São José da Lagoa Tapada";;2;2;100;"Sim";100;"ALCANÇOU"
"PB";251430;"São José de Caiana";"X";0;0;0;"Não se aplica";0;"NÃO ALCANÇOU"
"PB";251440;"São José de Espinharas";"X";0;0;0;"Não se aplica";0;"NÃO ALCANÇOU"
"PB";251445;"São José dos Ramos";;2;2;100;"Sim";100;"ALCANÇOU"
"PB";251450;"São José de Piranhas";;4;4;100;"Sim";100;"ALCANÇOU"
"PB";251455;"São José de Princesa";"X";0;0;0;"Não se aplica";0;"NÃO ALCANÇOU"
"PB";251460;"São José do Bonfim";;4;4;100;"Sim";100;"ALCANÇOU"
"PB";251465;"São José do Brejo do Cruz";"X";0;0;0;"Não se aplica";0;"NÃO ALCANÇOU"
"PB";251470;"São José do Sabugi";;7;7;100;"Sim";100;"ALCANÇOU"
"PB";251480;"São José dos Cordeiros";"X";0;0;0;"Não se aplica";0;"NÃO ALCANÇOU"
"PB";251490;"São Mamede";"X";0;0;0;"Não se aplica";0;"NÃO ALCANÇOU"
"PB";251500;"São Miguel de Taipu";"X";0;0;0;"Não se aplica";0;"NÃO ALCANÇOU"
"PB";251510;"São Sebastião de Lagoa de Roça";"X";0;0;0;"Não se aplica";0;"NÃO ALCANÇOU"
"PB";251520;"São Sebastião do Umbuzeiro";"X";0;0;0;"Não se aplica";0;"NÃO ALCANÇOU"
"PB";251530;"Sapé";;0;18;0;"Não";0;"NÃO ALCANÇOU"
"PB";251540;"Seridó";;0;4;0;"Não";0;"NÃO ALCANÇOU"
"PB";251550;"Serra Branca";"X";0;0;0;"Não se aplica";0;"NÃO ALCANÇOU"
"PB";251560;"Serra da Raiz";;3;3;100;"Sim";100;"ALCANÇOU"
"PB";251570;"Serra Grande";"X";0;0;0;"Não se aplica";0;"NÃO ALCANÇOU"
"PB";251580;"Serra Redonda";;3;3;100;"Sim";100;"ALCANÇOU"
"PB";251590;"Serraria";"X";0;0;0;"Não se aplica";0;"NÃO ALCANÇOU"
"PB";251593;"Sertãozinho";"X";0;0;0;"Não se aplica";0;"NÃO ALCANÇOU"
"PB";251597;"Sobrado";"X";0;0;0;"Não se aplica";0;"NÃO ALCANÇOU"
"PB";251600;"Solânea";;7;6;116,7;"Sim";116,7;"ALCANÇOU"
"PB";251610;"Soledade";;3;9;33,3;"Não";33,3;"NÃO ALCANÇOU"
"PB";251615;"Sossêgo";"X";0;0;0;"Não se aplica";0;"NÃO ALCANÇOU"
"PB";251620;"Sousa";;43;45;95,6;"Sim";95,6;"ALCANÇOU"
"PB";251630;"Sumé";"X";0;0;0;"Não se aplica";0;"NÃO ALCANÇOU"
"PB";251640;"Campo de Santana";"X";0;0;0;"Não se aplica";0;"NÃO ALCANÇOU"
"PB";251650;"Taperoá";"X";0;0;0;"Não se aplica";0;"NÃO ALCANÇOU"
"PB";251660;"Tavares";;6;9;66,7;"Não";66,7;"NÃO ALCANÇOU"
"PB";251670;"Teixeira";"X";0;0;0;"Não se aplica";0;"NÃO ALCANÇOU"
"PB";251675;"Tenório";"X";0;0;0;"Não se aplica";0;"NÃO ALCANÇOU"
"PB";251680;"Triunfo";"X";0;0;0;"Não se aplica";0;"NÃO ALCANÇOU"
"PB";251690;"Uiraúna";;13;13;100;"Sim";100;"ALCANÇOU"
"PB";251700;"Umbuzeiro";;5;5;100;"Sim";100;"ALCANÇOU"
"PB";251710;"Várzea";;1;1;100;"Sim";100;"ALCANÇOU"
"PB";251720;"Vieirópolis";"X";0;0;0;"Não se aplica";0;"NÃO ALCANÇOU"
"PB";251740;"Zabelê";"X";0;0;0;"Não se aplica";0;"NÃO ALCANÇOU"
"PE";260005;"Abreu e Lima";;66;79;83,5;"Sim";83,5;"ALCANÇOU"
"PE";260010;"Afogados da Ingazeira";;15;15;100;"Sim";100;"ALCANÇOU"
"PE";260020;"Afrânio";;14;23;60,9;"Não";60,9;"NÃO ALCANÇOU"
"PE";260030;"Agrestina";;4;4;100;"Sim";100;"ALCANÇOU"
"PE";260040;"Água Preta";;0;0;0;"Não";0;"NÃO ALCANÇOU"
"PE";260050;"Águas Belas";;48;48;100;"Sim";100;"ALCANÇOU"
"PE";260060;"Alagoinha";;9;9;100;"Sim";100;"ALCANÇOU"
"PE";260070;"Aliança";;8;8;100;"Sim";100;"ALCANÇOU"
"PE";260080;"Altinho";"X";0;0;0;"Não se aplica";0;"NÃO ALCANÇOU"
"PE";260090;"Amaraji";"X";0;0;0;"Não se aplica";0;"NÃO ALCANÇOU"
"PE";260100;"Angelim";;3;3;100;"Sim";100;"ALCANÇOU"
"PE";260105;"Araçoiaba";;10;11;90,9;"Sim";90,9;"ALCANÇOU"
"PE";260110;"Araripina";;60;60;100;"Sim";100;"ALCANÇOU"
"PE";260120;"Arcoverde";;105;105;100;"Sim";100;"ALCANÇOU"
"PE";260130;"Barra de Guabiraba";"X";0;0;0;"Não se aplica";0;"NÃO ALCANÇOU"
"PE";260140;"Barreiros";;2;2;100;"Sim";100;"ALCANÇOU"
"PE";260150;"Belém de Maria";;2;2;100;"Sim";100;"ALCANÇOU"
"PE";260160;"Belém de São Francisco";;18;18;100;"Sim";100;"ALCANÇOU"
"PE";260170;"Belo Jardim";;23;25;92;"Sim";92;"ALCANÇOU"
"PE";260180;"Betânia";"X";0;0;0;"Não se aplica";0;"NÃO ALCANÇOU"
"PE";260190;"Bezerros";;4;4;100;"Sim";100;"ALCANÇOU"
"PE";260200;"Bodocó";;23;24;95,8;"Sim";95,8;"ALCANÇOU"
"PE";260210;"Bom Conselho";;3;3;100;"Sim";100;"ALCANÇOU"
"PE";260220;"Bom Jardim";;12;12;100;"Sim";100;"ALCANÇOU"
"PE";260230;"Bonito";;7;7;100;"Sim";100;"ALCANÇOU"
"PE";260240;"Brejão";"X";0;0;0;"Não se aplica";0;"NÃO ALCANÇOU"
"PE";260250;"Brejinho";"X";0;0;0;"Não se aplica";0;"NÃO ALCANÇOU"
"PE";260260;"Brejo da Madre de Deus";;8;8;100;"Sim";100;"ALCANÇOU"
"PE";260270;"Buenos Aires";;8;8;100;"Sim";100;"ALCANÇOU"
"PE";260280;"Buíque";;38;38;100;"Sim";100;"ALCANÇOU"
"PE";260290;"Cabo de Santo Agostinho";;244;272;89,7;"Sim";89,7;"ALCANÇOU"
"PE";260300;"Cabrobó";;29;32;90,6;"Sim";90,6;"ALCANÇOU"
"PE";260310;"Cachoeirinha";;7;7;100;"Sim";100;"ALCANÇOU"
"PE";260320;"Caetés";;4;4;100;"Sim";100;"ALCANÇOU"
"PE";260330;"Calçado";;2;2;100;"Sim";100;"ALCANÇOU"
"PE";260340;"Calumbi";"X";0;0;0;"Não se aplica";0;"NÃO ALCANÇOU"
"PE";260345;"Camaragibe";;52;55;94,5;"Sim";94,5;"ALCANÇOU"
"PE";260350;"Camocim de São Félix";"X";0;0;0;"Não se aplica";0;"NÃO ALCANÇOU"
"PE";260360;"Camutanga";"X";0;0;0;"Não se aplica";0;"NÃO ALCANÇOU"
"PE";260370;"Canhotinho";;6;6;100;"Sim";100;"ALCANÇOU"
"PE";260380;"Capoeiras";;10;10;100;"Sim";100;"ALCANÇOU"
"PE";260390;"Carnaíba";;16;16;100;"Sim";100;"ALCANÇOU"
"PE";260392;"Carnaubeira da Penha";;10;10;100;"Sim";100;"ALCANÇOU"
"PE";260400;"Carpina";;27;29;93,1;"Sim";93,1;"ALCANÇOU"
"PE";260410;"Caruaru";;54;69;78,3;"Não";78,3;"NÃO ALCANÇOU"
"PE";260415;"Casinhas";"X";0;0;0;"Não se aplica";0;"NÃO ALCANÇOU"
"PE";260420;"Catende";;2;2;100;"Sim";100;"ALCANÇOU"
"PE";260430;"Cedro";"X";0;0;0;"Não se aplica";0;"NÃO ALCANÇOU"
"PE";260440;"Chã de Alegria";;12;14;85,7;"Sim";85,7;"ALCANÇOU"
"PE";260450;"Chã Grande";;6;10;60;"Não";60;"NÃO ALCANÇOU"
"PE";260460;"Condado";;12;12;100;"Sim";100;"ALCANÇOU"
"PE";260470;"Correntes";"X";0;0;0;"Não se aplica";0;"NÃO ALCANÇOU"
"PE";260480;"Cortês";;5;6;83,3;"Sim";83,3;"ALCANÇOU"
"PE";260490;"Cumaru";;2;2;100;"Sim";100;"ALCANÇOU"
"PE";260500;"Cupira";;11;11;100;"Sim";100;"ALCANÇOU"
"PE";260510;"Custódia";;0;0;0;"Não";0;"NÃO ALCANÇOU"
"PE";260515;"Dormentes";;10;14;71,4;"Não";71,4;"NÃO ALCANÇOU"
"PE";260520;"Escada";;17;21;81;"Não";81;"NÃO ALCANÇOU"
"PE";260530;"Exu";;40;44;90,9;"Sim";90,9;"ALCANÇOU"
"PE";260540;"Feira Nova";;3;3;100;"Sim";100;"ALCANÇOU"
"PE";260550;"Ferreiros";"X";0;0;0;"Não se aplica";0;"NÃO ALCANÇOU"
"PE";260560;"Flores";;4;4;100;"Sim";100;"ALCANÇOU"
"PE";260570;"Floresta";;27;27;100;"Sim";100;"ALCANÇOU"
"PE";260580;"Frei Miguelinho";"X";0;0;0;"Não se aplica";0;"NÃO ALCANÇOU"
"PE";260590;"Gameleira";;5;5;100;"Sim";100;"ALCANÇOU"
"PE";260600;"Garanhuns";"X";0;0;0;"Não se aplica";0;"NÃO ALCANÇOU"
"PE";260610;"Glória do Goitá";;2;2;100;"Sim";100;"ALCANÇOU"
"PE";260620;"Goiana";;51;59;86,4;"Sim";86,4;"ALCANÇOU"
"PE";260630;"Granito";"X";0;0;0;"Não se aplica";0;"NÃO ALCANÇOU"
"PE";260640;"Gravatá";;17;17;100;"Sim";100;"ALCANÇOU"
"PE";260650;"Iati";"X";0;0;0;"Não se aplica";0;"NÃO ALCANÇOU"
"PE";260660;"Ibimirim";;0;8;0;"Não";0;"NÃO ALCANÇOU"
"PE";260670;"Ibirajuba";"X";0;0;0;"Não se aplica";0;"NÃO ALCANÇOU"
"PE";260680;"Igarassu";;36;36;100;"Sim";100;"ALCANÇOU"
"PE";260690;"Iguaraci";;1;1;100;"Sim";100;"ALCANÇOU"
"PE";260700;"Inajá";;51;51;100;"Sim";100;"ALCANÇOU"
"PE";260710;"Ingazeira";;5;5;100;"Sim";100;"ALCANÇOU"
"PE";260720;"Ipojuca";;42;43;97,7;"Sim";97,7;"ALCANÇOU"
"PE";260730;"Ipubi";;67;67;100;"Sim";100;"ALCANÇOU"
"PE";260740;"Itacuruba";"X";0;0;0;"Não se aplica";0;"NÃO ALCANÇOU"
"PE";260750;"Itaíba";;20;20;100;"Sim";100;"ALCANÇOU"
"PE";260760;"Ilha de Itamaracá";;32;36;88,9;"Sim";88,9;"ALCANÇOU"
"PE";260765;"Itambé";;18;18;100;"Sim";100;"ALCANÇOU"
"PE";260770;"Itapetim";;2;2;100;"Sim";100;"ALCANÇOU"
"PE";260775;"Itapissuma";;17;46;37;"Não";37;"NÃO ALCANÇOU"
"PE";260780;"Itaquitinga";;11;16;68,8;"Não";68,8;"NÃO ALCANÇOU"
"PE";260790;"Jaboatão dos Guararapes";;196;204;96,1;"Sim";96,1;"ALCANÇOU"
"PE";260795;"Jaqueira";"X";0;0;0;"Não se aplica";0;"NÃO ALCANÇOU"
"PE";260800;"Jataúba";;10;10;100;"Sim";100;"ALCANÇOU"
"PE";260805;"Jatobá";"X";0;0;0;"Não se aplica";0;"NÃO ALCANÇOU"
"PE";260810;"João Alfredo";;14;14;100;"Sim";100;"ALCANÇOU"
"PE";260820;"Joaquim Nabuco";;2;2;100;"Sim";100;"ALCANÇOU"
"PE";260825;"Jucati";"X";0;0;0;"Não se aplica";0;"NÃO ALCANÇOU"
"PE";260830;"Jupi";;3;3;100;"Sim";100;"ALCANÇOU"
"PE";260840;"Jurema";"X";0;0;0;"Não se aplica";0;"NÃO ALCANÇOU"
"PE";260845;"Lagoa do Carro";;4;4;100;"Sim";100;"ALCANÇOU"
"PE";260850;"Lagoa do Itaenga";;12;12;100;"Sim";100;"ALCANÇOU"
"PE";260860;"Lagoa do Ouro";"X";0;0;0;"Não se aplica";0;"NÃO ALCANÇOU"
"PE";260870;"Lagoa dos Gatos";"X";0;0;0;"Não se aplica";0;"NÃO ALCANÇOU"
"PE";260875;"Lagoa Grande";;20;40;50;"Não";50;"NÃO ALCANÇOU"
"PE";260880;"Lajedo";;8;8;100;"Sim";100;"ALCANÇOU"
"PE";260890;"Limoeiro";;24;24;100;"Sim";100;"ALCANÇOU"
"PE";260900;"Macaparana";;4;7;57,1;"Não";57,1;"NÃO ALCANÇOU"
"PE";260910;"Machados";"X";0;0;0;"Não se aplica";0;"NÃO ALCANÇOU"
"PE";260915;"Manari";"X";0;0;0;"Não se aplica";0;"NÃO ALCANÇOU"
"PE";260920;"Maraial";"X";0;0;0;"Não se aplica";0;"NÃO ALCANÇOU"
"PE";260930;"Mirandiba";;5;5;100;"Sim";100;"ALCANÇOU"
"PE";260940;"Moreno";"X";0;0;0;"Não se aplica";0;"NÃO ALCANÇOU"
"PE";260950;"Nazaré da Mata";"X";0;0;0;"Não se aplica";0;"NÃO ALCANÇOU"
"PE";260960;"Olinda";;16;117;13,7;"Não";13,7;"NÃO ALCANÇOU"
"PE";260970;"Orobó";;9;14;64,3;"Não";64,3;"NÃO ALCANÇOU"
"PE";260980;"Orocó";;4;4;100;"Sim";100;"ALCANÇOU"
"PE";260990;"Ouricuri";;81;81;100;"Sim";100;"ALCANÇOU"
"PE";261000;"Palmares";;3;3;100;"Sim";100;"ALCANÇOU"
"PE";261010;"Palmeirina";"X";0;0;0;"Não se aplica";0;"NÃO ALCANÇOU"
"PE";261020;"Panelas";;5;5;100;"Sim";100;"ALCANÇOU"
"PE";261030;"Paranatama";"X";0;0;0;"Não se aplica";0;"NÃO ALCANÇOU"
"PE";261040;"Parnamirim";;4;6;66,7;"Não";66,7;"NÃO ALCANÇOU"
"PE";261050;"Passira";;2;6;33,3;"Não";33,3;"NÃO ALCANÇOU"
"PE";261060;"Paudalho";;31;31;100;"Sim";100;"ALCANÇOU"
"PE";261070;"Paulista";;57;241;23,7;"Não";23,7;"NÃO ALCANÇOU"
"PE";261080;"Pedra";;21;21;100;"Sim";100;"ALCANÇOU"
"PE";261090;"Pesqueira";;6;6;100;"Sim";100;"ALCANÇOU"
"PE";261100;"Petrolândia";;29;29;100;"Sim";100;"ALCANÇOU"
"PE";261110;"Petrolina";;720;768;93,8;"Sim";93,8;"ALCANÇOU"
"PE";261120;"Poção";;2;2;100;"Sim";100;"ALCANÇOU"
"PE";261130;"Pombos";;60;64;93,8;"Sim";93,8;"ALCANÇOU"
"PE";261140;"Primavera";;0;0;0;"Não";0;"NÃO ALCANÇOU"
"PE";261150;"Quipapá";;0;0;0;"Não";0;"NÃO ALCANÇOU"
"PE";261153;"Quixaba";"X";0;0;0;"Não se aplica";0;"NÃO ALCANÇOU"
"PE";261160;"Recife";;529;733;72,2;"Não";72,2;"NÃO ALCANÇOU"
"PE";261170;"Riacho das Almas";"X";0;0;0;"Não se aplica";0;"NÃO ALCANÇOU"
"PE";261180;"Ribeirão";"X";0;0;0;"Não se aplica";0;"NÃO ALCANÇOU"
"PE";261190;"Rio Formoso";;6;6;100;"Sim";100;"ALCANÇOU"
"PE";261200;"Sairé";;2;2;100;"Sim";100;"ALCANÇOU"
"PE";261210;"Salgadinho";"X";0;0;0;"Não se aplica";0;"NÃO ALCANÇOU"
"PE";261220;"Salgueiro";;13;13;100;"Sim";100;"ALCANÇOU"
"PE";261230;"Saloá";"X";0;0;0;"Não se aplica";0;"NÃO ALCANÇOU"
"PE";261240;"Sanharó";;2;2;100;"Sim";100;"ALCANÇOU"
"PE";261245;"Santa Cruz";"X";0;0;0;"Não se aplica";0;"NÃO ALCANÇOU"
"PE";261247;"Santa Cruz da Baixa Verde";;12;12;100;"Sim";100;"ALCANÇOU"
"PE";261250;"Santa Cruz do Capibaribe";;9;9;100;"Sim";100;"ALCANÇOU"
"PE";261255;"Santa Filomena";;6;6;100;"Sim";100;"ALCANÇOU"
"PE";261260;"Santa Maria da Boa Vista";;61;69;88,4;"Sim";88,4;"ALCANÇOU"
"PE";261270;"Santa Maria do Cambucá";;1;1;100;"Sim";100;"ALCANÇOU"
"PE";261280;"Santa Terezinha";"X";0;0;0;"Não se aplica";0;"NÃO ALCANÇOU"
"PE";261290;"São Benedito do Sul";"X";0;0;0;"Não se aplica";0;"NÃO ALCANÇOU"
"PE";261300;"São Bento do Una";;0;0;0;"Não";0;"NÃO ALCANÇOU"
"PE";261310;"São Caitano";;8;8;100;"Sim";100;"ALCANÇOU"
"PE";261320;"São João";;8;8;100;"Sim";100;"ALCANÇOU"
"PE";261330;"São Joaquim do Monte";"X";0;0;0;"Não se aplica";0;"NÃO ALCANÇOU"
"PE";261340;"São José da Coroa Grande";;10;10;100;"Sim";100;"ALCANÇOU"
"PE";261350;"São José do Belmonte";;32;32;100;"Sim";100;"ALCANÇOU"
"PE";261360;"São José do Egito";;49;49;100;"Sim";100;"ALCANÇOU"
"PE";261370;"São Lourenço da Mata";;23;27;85,2;"Sim";85,2;"ALCANÇOU"
"PE";261380;"São Vicente Ferrer";;1;4;25;"Não";25;"NÃO ALCANÇOU"
"PE";261390;"Serra Talhada";;59;59;100;"Sim";100;"ALCANÇOU"
"PE";261400;"Serrita";;7;7;100;"Sim";100;"ALCANÇOU"
"PE";261410;"Sertânia";;2;2;100;"Sim";100;"ALCANÇOU"
"PE";261420;"Sirinhaém";;26;26;100;"Sim";100;"ALCANÇOU"
"PE";261430;"Moreilândia";;1;1;100;"Sim";100;"ALCANÇOU"
"PE";261440;"Solidão";;3;3;100;"Sim";100;"ALCANÇOU"
"PE";261450;"Surubim";;9;9;100;"Sim";100;"ALCANÇOU"
"PE";261460;"Tabira";;1;1;100;"Sim";100;"ALCANÇOU"
"PE";261470;"Tacaimbó";;4;4;100;"Sim";100;"ALCANÇOU"
"PE";261480;"Tacaratu";;0;11;0;"Não";0;"NÃO ALCANÇOU"
"PE";261485;"Tamandaré";;7;8;87,5;"Sim";87,5;"ALCANÇOU"
"PE";261500;"Taquaritinga do Norte";;3;3;100;"Sim";100;"ALCANÇOU"
"PE";261510;"Terezinha";"X";0;0;0;"Não se aplica";0;"NÃO ALCANÇOU"
"PE";261520;"Terra Nova";;9;9;100;"Sim";100;"ALCANÇOU"
"PE";261530;"Timbaúba";;3;3;100;"Sim";100;"ALCANÇOU"
"PE";261540;"Toritama";;1;1;100;"Sim";100;"ALCANÇOU"
"PE";261550;"Tracunhaém";;3;6;50;"Não";50;"NÃO ALCANÇOU"
"PE";261560;"Trindade";;29;32;90,6;"Sim";90,6;"ALCANÇOU"
"PE";261570;"Triunfo";"X";0;0;0;"Não se aplica";0;"NÃO ALCANÇOU"
"PE";261580;"Tupanatinga";"X";0;0;0;"Não se aplica";0;"NÃO ALCANÇOU"
"PE";261590;"Tuparetama";;6;6;100;"Sim";100;"ALCANÇOU"
"PE";261600;"Venturosa";"X";0;0;0;"Não se aplica";0;"NÃO ALCANÇOU"
"PE";261610;"Verdejante";"X";0;0;0;"Não se aplica";0;"NÃO ALCANÇOU"
"PE";261618;"Vertente do Lério";"X";0;0;0;"Não se aplica";0;"NÃO ALCANÇOU"
"PE";261620;"Vertentes";;1;3;33,3;"Não";33,3;"NÃO ALCANÇOU"
"PE";261630;"Vicência";"X";0;0;0;"Não se aplica";0;"NÃO ALCANÇOU"
"PE";261640;"Vitória de Santo Antão";;110;116;94,8;"Sim";94,8;"ALCANÇOU"
"PE";261650;"Xexéu";"X";0;0;0;"Não se aplica";0;"NÃO ALCANÇOU"
"AL";270010;"Água Branca";;3;3;100;"Sim";100;"ALCANÇOU"
"AL";270020;"Anadia";"X";0;0;0;"Não se aplica";0;"NÃO ALCANÇOU"
"AL";270030;"Arapiraca";;57;89;64;"Não";64;"NÃO ALCANÇOU"
"AL";270040;"Atalaia";;15;18;83,3;"Sim";83,3;"ALCANÇOU"
"AL";270050;"Barra de Santo Antônio";;5;5;100;"Sim";100;"ALCANÇOU"
"AL";270060;"Barra de São Miguel";;8;8;100;"Sim";100;"ALCANÇOU"
"AL";270070;"Batalha";"X";0;0;0;"Não se aplica";0;"NÃO ALCANÇOU"
"AL";270080;"Belém";"X";0;0;0;"Não se aplica";0;"NÃO ALCANÇOU"
"AL";270090;"Belo Monte";;4;12;33,3;"Não";33,3;"NÃO ALCANÇOU"
"AL";270100;"Boca da Mata";"X";0;0;0;"Não se aplica";0;"NÃO ALCANÇOU"
"AL";270110;"Branquinha";;6;6;100;"Sim";100;"ALCANÇOU"
"AL";270120;"Cacimbinhas";"X";0;0;0;"Não se aplica";0;"NÃO ALCANÇOU"
"AL";270130;"Cajueiro";;3;3;100;"Sim";100;"ALCANÇOU"
"AL";270135;"Campestre";;4;4;100;"Sim";100;"ALCANÇOU"
"AL";270140;"Campo Alegre";;13;13;100;"Sim";100;"ALCANÇOU"
"AL";270150;"Campo Grande";"X";0;0;0;"Não se aplica";0;"NÃO ALCANÇOU"
"AL";270160;"Canapi";;0;1;0;"Não";0;"NÃO ALCANÇOU"
"AL";270170;"Capela";;11;12;91,7;"Sim";91,7;"ALCANÇOU"
"AL";270180;"Carneiros";;0;9;0;"Não";0;"NÃO ALCANÇOU"
"AL";270190;"Chã Preta";"X";0;0;0;"Não se aplica";0;"NÃO ALCANÇOU"
"AL";270200;"Coité do Nóia";"X";0;0;0;"Não se aplica";0;"NÃO ALCANÇOU"
"AL";270210;"Colônia Leopoldina";;1;1;100;"Sim";100;"ALCANÇOU"
"AL";270220;"Coqueiro Seco";"X";0;0;0;"Não se aplica";0;"NÃO ALCANÇOU"
"AL";270230;"Coruripe";;25;24;104,2;"Sim";104,2;"ALCANÇOU"
"AL";270235;"Craíbas";;9;14;64,3;"Não";64,3;"NÃO ALCANÇOU"
"AL";270240;"Delmiro Gouveia";;36;36;100;"Sim";100;"ALCANÇOU"
"AL";270250;"Dois Riachos";"X";0;0;0;"Não se aplica";0;"NÃO ALCANÇOU"
"AL";270255;"Estrela de Alagoas";;7;7;100;"Sim";100;"ALCANÇOU"
"AL";270260;"Feira Grande";;0;5;0;"Não";0;"NÃO ALCANÇOU"
"AL";270270;"Feliz Deserto";"X";0;0;0;"Não se aplica";0;"NÃO ALCANÇOU"
"AL";270280;"Flexeiras";"X";0;0;0;"Não se aplica";0;"NÃO ALCANÇOU"
"AL";270290;"Girau do Ponciano";;2;2;100;"Sim";100;"ALCANÇOU"
"AL";270300;"Ibateguara";"X";0;0;0;"Não se aplica";0;"NÃO ALCANÇOU"
"AL";270310;"Igaci";"X";0;0;0;"Não se aplica";0;"NÃO ALCANÇOU"
"AL";270320;"Igreja Nova";;9;9;100;"Sim";100;"ALCANÇOU"
"AL";270330;"Inhapi";;4;4;100;"Sim";100;"ALCANÇOU"
"AL";270340;"Jacaré dos Homens";"X";0;0;0;"Não se aplica";0;"NÃO ALCANÇOU"
"AL";270350;"Jacuípe";"X";0;0;0;"Não se aplica";0;"NÃO ALCANÇOU"
"AL";270360;"Japaratinga";"X";0;0;0;"Não se aplica";0;"NÃO ALCANÇOU"
"AL";270370;"Jaramataia";"X";0;0;0;"Não se aplica";0;"NÃO ALCANÇOU"
"AL";270375;"Jequiá da Praia";"X";0;0;0;"Não se aplica";0;"NÃO ALCANÇOU"
"AL";270380;"Joaquim Gomes";"X";0;0;0;"Não se aplica";0;"NÃO ALCANÇOU"
"AL";270390;"Jundiá";"X";0;0;0;"Não se aplica";0;"NÃO ALCANÇOU"
"AL";270400;"Junqueiro";;1;1;100;"Sim";100;"ALCANÇOU"
"AL";270410;"Lagoa da Canoa";"X";0;0;0;"Não se aplica";0;"NÃO ALCANÇOU"
"AL";270420;"Limoeiro de Anadia";;12;9;133,3;"Sim";133,3;"ALCANÇOU"
"AL";270430;"Maceió";;129;241;53,5;"Não";53,5;"NÃO ALCANÇOU"
"AL";270440;"Major Isidoro";;11;14;78,6;"Não";78,6;"NÃO ALCANÇOU"
"AL";270450;"Maragogi";;26;26;100;"Sim";100;"ALCANÇOU"
"AL";270460;"Maravilha";"X";0;0;0;"Não se aplica";0;"NÃO ALCANÇOU"
"AL";270470;"Marechal Deodoro";;12;12;100;"Sim";100;"ALCANÇOU"
"AL";270480;"Maribondo";;0;1;0;"Não";0;"NÃO ALCANÇOU"
"AL";270490;"Mar Vermelho";"X";0;0;0;"Não se aplica";0;"NÃO ALCANÇOU"
"AL";270500;"Mata Grande";;5;5;100;"Sim";100;"ALCANÇOU"
"AL";270510;"Matriz de Camaragibe";"X";0;0;0;"Não se aplica";0;"NÃO ALCANÇOU"
"AL";270520;"Messias";;4;4;100;"Sim";100;"ALCANÇOU"
"AL";270530;"Minador do Negrão";"X";0;0;0;"Não se aplica";0;"NÃO ALCANÇOU"
"AL";270540;"Monteirópolis";"X";0;0;0;"Não se aplica";0;"NÃO ALCANÇOU"
"AL";270550;"Murici";;1;1;100;"Sim";100;"ALCANÇOU"
"AL";270560;"Novo Lino";"X";0;0;0;"Não se aplica";0;"NÃO ALCANÇOU"
"AL";270570;"Olho d'Água das Flores";;5;5;100;"Sim";100;"ALCANÇOU"
"AL";270580;"Olho d'Água do Casado";;1;1;100;"Sim";100;"ALCANÇOU"
"AL";270590;"Olho d'Água Grande";"X";0;0;0;"Não se aplica";0;"NÃO ALCANÇOU"
"AL";270600;"Olivença";"X";0;0;0;"Não se aplica";0;"NÃO ALCANÇOU"
"AL";270610;"Ouro Branco";;2;2;100;"Sim";100;"ALCANÇOU"
"AL";270620;"Palestina";;12;13;92,3;"Sim";92,3;"ALCANÇOU"
"AL";270630;"Palmeira dos Índios";;37;37;100;"Sim";100;"ALCANÇOU"
"AL";270640;"Pão de Açúcar";;42;42;100;"Sim";100;"ALCANÇOU"
"AL";270642;"Pariconha";"X";0;0;0;"Não se aplica";0;"NÃO ALCANÇOU"
"AL";270644;"Paripueira";;15;15;100;"Sim";100;"ALCANÇOU"
"AL";270650;"Passo de Camaragibe";;3;4;75;"Não";75;"NÃO ALCANÇOU"
"AL";270660;"Paulo Jacinto";;0;4;0;"Não";0;"NÃO ALCANÇOU"
"AL";270670;"Penedo";;20;20;100;"Sim";100;"ALCANÇOU"
"AL";270680;"Piaçabuçu";;3;3;100;"Sim";100;"ALCANÇOU"
"AL";270690;"Pilar";;22;32;68,8;"Não";68,8;"NÃO ALCANÇOU"
"AL";270700;"Pindoba";"X";0;0;0;"Não se aplica";0;"NÃO ALCANÇOU"
"AL";270710;"Piranhas";;1;4;25;"Não";25;"NÃO ALCANÇOU"
"AL";270720;"Poço das Trincheiras";"X";0;0;0;"Não se aplica";0;"NÃO ALCANÇOU"
"AL";270730;"Porto Calvo";;0;11;0;"Não";0;"NÃO ALCANÇOU"
"AL";270740;"Porto de Pedras";"X";0;0;0;"Não se aplica";0;"NÃO ALCANÇOU"
"AL";270750;"Porto Real do Colégio";"X";0;0;0;"Não se aplica";0;"NÃO ALCANÇOU"
"AL";270760;"Quebrangulo";"X";0;0;0;"Não se aplica";0;"NÃO ALCANÇOU"
"AL";270770;"Rio Largo";;19;20;95;"Sim";95;"ALCANÇOU"
"AL";270780;"Roteiro";"X";0;0;0;"Não se aplica";0;"NÃO ALCANÇOU"
"AL";270790;"Santa Luzia do Norte";"X";0;0;0;"Não se aplica";0;"NÃO ALCANÇOU"
"AL";270800;"Santana do Ipanema";;33;33;100;"Sim";100;"ALCANÇOU"
"AL";270810;"Santana do Mundaú";"X";0;0;0;"Não se aplica";0;"NÃO ALCANÇOU"
"AL";270820;"São Brás";"X";0;0;0;"Não se aplica";0;"NÃO ALCANÇOU"
"AL";270830;"São José da Laje";;3;9;33,3;"Não";33,3;"NÃO ALCANÇOU"
"AL";270840;"São José da Tapera";;10;10;100;"Sim";100;"ALCANÇOU"
"AL";270850;"São Luís do Quitunde";"X";0;0;0;"Não se aplica";0;"NÃO ALCANÇOU"
"AL";270860;"São Miguel dos Campos";;4;4;100;"Sim";100;"ALCANÇOU"
"AL";270870;"São Miguel dos Milagres";;1;1;100;"Sim";100;"ALCANÇOU"
"AL";270880;"São Sebastião";;4;8;50;"Não";50;"NÃO ALCANÇOU"
"AL";270890;"Satuba";"X";0;0;0;"Não se aplica";0;"NÃO ALCANÇOU"
"AL";270895;"Senador Rui Palmeira";;5;5;100;"Sim";100;"ALCANÇOU"
"AL";270900;"Tanque d'Arca";"X";0;0;0;"Não se aplica";0;"NÃO ALCANÇOU"
"AL";270910;"Taquarana";"X";0;0;0;"Não se aplica";0;"NÃO ALCANÇOU"
"AL";270915;"Teotônio Vilela";;20;20;100;"Sim";100;"ALCANÇOU"
"AL";270920;"Traipu";;4;4;100;"Sim";100;"ALCANÇOU"
"AL";270930;"União dos Palmares";;34;34;100;"Sim";100;"ALCANÇOU"
"AL";270940;"Viçosa";;19;17;111,8;"Sim";111,8;"ALCANÇOU"
"SE";280010;"Amparo de São Francisco";;2;2;100;"Sim";100;"ALCANÇOU"
"SE";280020;"Aquidabã";;11;11;100;"Sim";100;"ALCANÇOU"
"SE";280030;"Aracaju";;151;153;98,7;"Sim";98,7;"ALCANÇOU"
"SE";280040;"Arauá";"X";0;0;0;"Não se aplica";0;"NÃO ALCANÇOU"
"SE";280050;"Areia Branca";;5;26;19,2;"Não";19,2;"NÃO ALCANÇOU"
"SE";280060;"Barra dos Coqueiros";;3;16;18,8;"Não";18,8;"NÃO ALCANÇOU"
"SE";280067;"Boquim";"X";0;0;0;"Não se aplica";0;"NÃO ALCANÇOU"
"SE";280070;"Brejo Grande";;5;5;100;"Sim";100;"ALCANÇOU"
"SE";280100;"Campo do Brito";;7;7;100;"Sim";100;"ALCANÇOU"
"SE";280110;"Canhoba";"X";0;0;0;"Não se aplica";0;"NÃO ALCANÇOU"
"SE";280120;"Canindé de São Francisco";;27;27;100;"Sim";100;"ALCANÇOU"
"SE";280130;"Capela";;2;2;100;"Sim";100;"ALCANÇOU"
"SE";280140;"Carira";;9;11;81,8;"Sim";81,8;"ALCANÇOU"
"SE";280150;"Carmópolis";;2;2;100;"Sim";100;"ALCANÇOU"
"SE";280160;"Cedro de São João";"X";0;0;0;"Não se aplica";0;"NÃO ALCANÇOU"
"SE";280170;"Cristinápolis";;0;3;0;"Não";0;"NÃO ALCANÇOU"
"SE";280190;"Cumbe";"X";0;0;0;"Não se aplica";0;"NÃO ALCANÇOU"
"SE";280200;"Divina Pastora";;5;5;100;"Sim";100;"ALCANÇOU"
"SE";280210;"Estância";;27;27;100;"Sim";100;"ALCANÇOU"
"SE";280220;"Feira Nova";"X";0;0;0;"Não se aplica";0;"NÃO ALCANÇOU"
"SE";280230;"Frei Paulo";"X";0;0;0;"Não se aplica";0;"NÃO ALCANÇOU"
"SE";280240;"Gararu";"X";0;0;0;"Não se aplica";0;"NÃO ALCANÇOU"
"SE";280250;"General Maynard";"X";0;0;0;"Não se aplica";0;"NÃO ALCANÇOU"
"SE";280260;"Gracho Cardoso";"X";0;0;0;"Não se aplica";0;"NÃO ALCANÇOU"
"SE";280270;"Ilha das Flores";;0;3;0;"Não";0;"NÃO ALCANÇOU"
"SE";280280;"Indiaroba";"X";0;0;0;"Não se aplica";0;"NÃO ALCANÇOU"
"SE";280290;"Itabaiana";;48;48;100;"Sim";100;"ALCANÇOU"
"SE";280300;"Itabaianinha";"X";0;0;0;"Não se aplica";0;"NÃO ALCANÇOU"
"SE";280310;"Itabi";;5;5;100;"Sim";100;"ALCANÇOU"
"SE";280320;"Itaporanga d'Ajuda";;1;3;33,3;"Não";33,3;"NÃO ALCANÇOU"
"SE";280330;"Japaratuba";;42;42;100;"Sim";100;"ALCANÇOU"
"SE";280340;"Japoatã";"X";0;0;0;"Não se aplica";0;"NÃO ALCANÇOU"
"SE";280350;"Lagarto";;39;39;100;"Sim";100;"ALCANÇOU"
"SE";280360;"Laranjeiras";;3;3;100;"Sim";100;"ALCANÇOU"
"SE";280370;"Macambira";;4;2;200;"Sim";200;"ALCANÇOU"
"SE";280380;"Malhada dos Bois";;3;3;100;"Sim";100;"ALCANÇOU"
"SE";280390;"Malhador";"X";0;0;0;"Não se aplica";0;"NÃO ALCANÇOU"
"SE";280400;"Maruim";;2;4;50;"Não";50;"NÃO ALCANÇOU"
"SE";280410;"Moita Bonita";;6;6;100;"Sim";100;"ALCANÇOU"
"SE";280420;"Monte Alegre de Sergipe";;10;10;100;"Sim";100;"ALCANÇOU"
"SE";280430;"Muribeca";;1;6;16,7;"Não";16,7;"NÃO ALCANÇOU"
"SE";280440;"Neópolis";;18;18;100;"Sim";100;"ALCANÇOU"
"SE";280445;"Nossa Senhora Aparecida";;2;3;66,7;"Não";66,7;"NÃO ALCANÇOU"
"SE";280450;"Nossa Senhora da Glória";;12;12;100;"Sim";100;"ALCANÇOU"
"SE";280460;"Nossa Senhora das Dores";;9;21;42,9;"Não";42,9;"NÃO ALCANÇOU"
"SE";280470;"Nossa Senhora de Lourdes";;0;5;0;"Não";0;"NÃO ALCANÇOU"
"SE";280480;"Nossa Senhora do Socorro";;71;81;87,7;"Sim";87,7;"ALCANÇOU"
"SE";280490;"Pacatuba";;2;2;100;"Sim";100;"ALCANÇOU"
"SE";280500;"Pedra Mole";"X";0;0;0;"Não se aplica";0;"NÃO ALCANÇOU"
"SE";280510;"Pedrinhas";;9;9;100;"Sim";100;"ALCANÇOU"
"SE";280520;"Pinhão";;5;5;100;"Sim";100;"ALCANÇOU"
"SE";280530;"Pirambu";;1;2;50;"Não";50;"NÃO ALCANÇOU"
"SE";280540;"Poço Redondo";;19;36;52,8;"Não";52,8;"NÃO ALCANÇOU"
"SE";280550;"Poço Verde";;9;15;60;"Não";60;"NÃO ALCANÇOU"
"SE";280560;"Porto da Folha";;0;6;0;"Não";0;"NÃO ALCANÇOU"
"SE";280570;"Propriá";;12;15;80;"Não";80;"NÃO ALCANÇOU"
"SE";280580;"Riachão do Dantas";;14;14;100;"Sim";100;"ALCANÇOU"
"SE";280590;"Riachuelo";;6;6;100;"Sim";100;"ALCANÇOU"
"SE";280600;"Ribeirópolis";;4;4;100;"Sim";100;"ALCANÇOU"
"SE";280610;"Rosário do Catete";;1;1;100;"Sim";100;"ALCANÇOU"
"SE";280620;"Salgado";;3;3;100;"Sim";100;"ALCANÇOU"
"SE";280630;"Santa Luzia do Itanhy";"X";0;0;0;"Não se aplica";0;"NÃO ALCANÇOU"
"SE";280640;"Santana do São Francisco";;2;4;50;"Não";50;"NÃO ALCANÇOU"
"SE";280650;"Santa Rosa de Lima";;8;8;100;"Sim";100;"ALCANÇOU"
"SE";280660;"Santo Amaro das Brotas";;0;2;0;"Não";0;"NÃO ALCANÇOU"
"SE";280670;"São Cristóvão";;408;412;99;"Sim";99;"ALCANÇOU"
"SE";280680;"São Domingos";;5;9;55,6;"Não";55,6;"NÃO ALCANÇOU"
"SE";280690;"São Francisco";;1;1;100;"Sim";100;"ALCANÇOU"
"SE";280700;"São Miguel do Aleixo";;1;1;100;"Sim";100;"ALCANÇOU"
"SE";280710;"Simão Dias";;4;4;100;"Sim";100;"ALCANÇOU"
"SE";280720;"Siriri";"X";0;0;0;"Não se aplica";0;"NÃO ALCANÇOU"
"SE";280730;"Telha";;0;3;0;"Não";0;"NÃO ALCANÇOU"
"SE";280740;"Tobias Barreto";;34;40;85;"Sim";85;"ALCANÇOU"
"SE";280750;"Tomar do Geru";;9;9;100;"Sim";100;"ALCANÇOU"
"SE";280760;"Umbaúba";;0;0;0;"Não";0;"NÃO ALCANÇOU"
"BA";290010;"Abaíra";;3;3;100;"Sim";100;"ALCANÇOU"
"BA";290020;"Abaré";;3;3;100;"Sim";100;"ALCANÇOU"
"BA";290030;"Acajutiba";;4;7;57,1;"Não";57,1;"NÃO ALCANÇOU"
"BA";290035;"Adustina";;0;0;0;"Não";0;"NÃO ALCANÇOU"
"BA";290040;"Água Fria";"X";0;0;0;"Não se aplica";0;"NÃO ALCANÇOU"
"BA";290050;"Érico Cardoso";"X";0;0;0;"Não se aplica";0;"NÃO ALCANÇOU"
"BA";290060;"Aiquara";"X";0;0;0;"Não se aplica";0;"NÃO ALCANÇOU"
"BA";290070;"Alagoinhas";;63;129;48,8;"Não";48,8;"NÃO ALCANÇOU"
"BA";290080;"Alcobaça";;1;1;100;"Sim";100;"ALCANÇOU"
"BA";290090;"Almadina";"X";0;0;0;"Não se aplica";0;"NÃO ALCANÇOU"
"BA";290100;"Amargosa";;7;7;100;"Sim";100;"ALCANÇOU"
"BA";290110;"Amélia Rodrigues";;5;5;100;"Sim";100;"ALCANÇOU"
"BA";290115;"América Dourada";;4;4;100;"Sim";100;"ALCANÇOU"
"BA";290120;"Anagé";;2;2;100;"Sim";100;"ALCANÇOU"
"BA";290130;"Andaraí";;2;2;100;"Sim";100;"ALCANÇOU"
"BA";290135;"Andorinha";;4;4;100;"Sim";100;"ALCANÇOU"
"BA";290140;"Angical";;6;16;37,5;"Não";37,5;"NÃO ALCANÇOU"
"BA";290150;"Anguera";"X";0;0;0;"Não se aplica";0;"NÃO ALCANÇOU"
"BA";290160;"Antas";"X";0;0;0;"Não se aplica";0;"NÃO ALCANÇOU"
"BA";290170;"Antônio Cardoso";"X";0;0;0;"Não se aplica";0;"NÃO ALCANÇOU"
"BA";290180;"Antônio Gonçalves";;6;11;54,5;"Não";54,5;"NÃO ALCANÇOU"
"BA";290190;"Aporá";;0;9;0;"Não";0;"NÃO ALCANÇOU"
"BA";290195;"Apuarema";"X";0;0;0;"Não se aplica";0;"NÃO ALCANÇOU"
"BA";290200;"Aracatu";;1;1;100;"Sim";100;"ALCANÇOU"
"BA";290205;"Araças";"X";0;0;0;"Não se aplica";0;"NÃO ALCANÇOU"
"BA";290210;"Araci";;35;37;94,6;"Sim";94,6;"ALCANÇOU"
"BA";290220;"Aramari";;0;6;0;"Não";0;"NÃO ALCANÇOU"
"BA";290225;"Arataca";;0;1;0;"Não";0;"NÃO ALCANÇOU"
"BA";290230;"Aratuípe";;2;5;40;"Não";40;"NÃO ALCANÇOU"
"BA";290240;"Aurelino Leal";;3;3;100;"Sim";100;"ALCANÇOU"
"BA";290250;"Baianópolis";;6;7;85,7;"Sim";85,7;"ALCANÇOU"
"BA";290260;"Baixa Grande";;0;11;0;"Não";0;"NÃO ALCANÇOU"
"BA";290265;"Banzaê";"X";0;0;0;"Não se aplica";0;"NÃO ALCANÇOU"
"BA";290270;"Barra";;63;81;77,8;"Não";77,8;"NÃO ALCANÇOU"
"BA";290280;"Barra da Estiva";"X";0;0;0;"Não se aplica";0;"NÃO ALCANÇOU"
"BA";290290;"Barra do Choça";"X";0;0;0;"Não se aplica";0;"NÃO ALCANÇOU"
"BA";290300;"Barra do Mendes";;0;3;0;"Não";0;"NÃO ALCANÇOU"
"BA";290310;"Barra do Rocha";"X";0;0;0;"Não se aplica";0;"NÃO ALCANÇOU"
"BA";290320;"Barreiras";;123;147;83,7;"Sim";83,7;"ALCANÇOU"
"BA";290323;"Barro Alto";"X";0;0;0;"Não se aplica";0;"NÃO ALCANÇOU"
"BA";290327;"Barrocas";;6;6;100;"Sim";100;"ALCANÇOU"
"BA";290330;"Barro Preto";"X";0;0;0;"Não se aplica";0;"NÃO ALCANÇOU"
"BA";290340;"Belmonte";;1;9;11,1;"Não";11,1;"NÃO ALCANÇOU"
"BA";290350;"Belo Campo";"X";0;0;0;"Não se aplica";0;"NÃO ALCANÇOU"
"BA";290360;"Biritinga";"X";0;0;0;"Não se aplica";0;"NÃO ALCANÇOU"
"BA";290370;"Boa Nova";"X";0;0;0;"Não se aplica";0;"NÃO ALCANÇOU"
"BA";290380;"Boa Vista do Tupim";;2;9;22,2;"Não";22,2;"NÃO ALCANÇOU"
"BA";290390;"Bom Jesus da Lapa";;44;70;62,9;"Não";62,9;"NÃO ALCANÇOU"
"BA";290395;"Bom Jesus da Serra";"X";0;0;0;"Não se aplica";0;"NÃO ALCANÇOU"
"BA";290400;"Boninal";"X";0;0;0;"Não se aplica";0;"NÃO ALCANÇOU"
"BA";290405;"Bonito";;2;2;100;"Sim";100;"ALCANÇOU"
"BA";290410;"Boquira";"X";0;0;0;"Não se aplica";0;"NÃO ALCANÇOU"
"BA";290420;"Botuporã";"X";0;0;0;"Não se aplica";0;"NÃO ALCANÇOU"
"BA";290430;"Brejões";"X";0;0;0;"Não se aplica";0;"NÃO ALCANÇOU"
"BA";290440;"Brejolândia";"X";0;0;0;"Não se aplica";0;"NÃO ALCANÇOU"
"BA";290450;"Brotas de Macaúbas";;0;0;0;"Não";0;"NÃO ALCANÇOU"
"BA";290460;"Brumado";;29;38;76,3;"Não";76,3;"NÃO ALCANÇOU"
"BA";290470;"Buerarema";;0;4;0;"Não";0;"NÃO ALCANÇOU"
"BA";290475;"Buritirama";;6;6;100;"Sim";100;"ALCANÇOU"
"BA";290480;"Caatiba";"X";0;0;0;"Não se aplica";0;"NÃO ALCANÇOU"
"BA";290485;"Cabaceiras do Paraguaçu";"X";0;0;0;"Não se aplica";0;"NÃO ALCANÇOU"
"BA";290490;"Cachoeira";;3;3;100;"Sim";100;"ALCANÇOU"
"BA";290500;"Caculé";;3;3;100;"Sim";100;"ALCANÇOU"
"BA";290510;"Caém";;9;9;100;"Sim";100;"ALCANÇOU"
"BA";290515;"Caetanos";;0;0;0;"Não";0;"NÃO ALCANÇOU"
"BA";290520;"Caetité";;1;15;6,7;"Não";6,7;"NÃO ALCANÇOU"
"BA";290530;"Cafarnaum";;3;3;100;"Sim";100;"ALCANÇOU"
"BA";290540;"Cairu";"X";0;0;0;"Não se aplica";0;"NÃO ALCANÇOU"
"BA";290550;"Caldeirão Grande";;4;4;100;"Sim";100;"ALCANÇOU"
"BA";290560;"Camacan";;6;6;100;"Sim";100;"ALCANÇOU"
"BA";290570;"Camaçari";;38;58;65,5;"Não";65,5;"NÃO ALCANÇOU"
"BA";290580;"Camamu";;4;6;66,7;"Não";66,7;"NÃO ALCANÇOU"
"BA";290590;"Campo Alegre de Lourdes";;5;6;83,3;"Sim";83,3;"ALCANÇOU"
"BA";290600;"Campo Formoso";;29;35;82,9;"Sim";82,9;"ALCANÇOU"
"BA";290610;"Canápolis";;0;0;0;"Não";0;"NÃO ALCANÇOU"
"BA";290620;"Canarana";;4;9;44,4;"Não";44,4;"NÃO ALCANÇOU"
"BA";290630;"Canavieiras";;1;9;11,1;"Não";11,1;"NÃO ALCANÇOU"
"BA";290640;"Candeal";"X";0;0;0;"Não se aplica";0;"NÃO ALCANÇOU"
"BA";290650;"Candeias";"X";0;0;0;"Não se aplica";0;"NÃO ALCANÇOU"
"BA";290660;"Candiba";"X";0;0;0;"Não se aplica";0;"NÃO ALCANÇOU"
"BA";290670;"Cândido Sales";;6;6;100;"Sim";100;"ALCANÇOU"
"BA";290680;"Cansanção";;10;12;83,3;"Sim";83,3;"ALCANÇOU"
"BA";290682;"Canudos";"X";0;0;0;"Não se aplica";0;"NÃO ALCANÇOU"
"BA";290685;"Capela do Alto Alegre";;4;4;100;"Sim";100;"ALCANÇOU"
"BA";290687;"Capim Grosso";;15;17;88,2;"Sim";88,2;"ALCANÇOU"
"BA";290689;"Caraíbas";;4;6;66,7;"Não";66,7;"NÃO ALCANÇOU"
"BA";290690;"Caravelas";;2;8;25;"Não";25;"NÃO ALCANÇOU"
"BA";290700;"Cardeal da Silva";"X";0;0;0;"Não se aplica";0;"NÃO ALCANÇOU"
"BA";290710;"Carinhanha";;17;17;100;"Sim";100;"ALCANÇOU"
"BA";290720;"Casa Nova";;29;77;37,7;"Não";37,7;"NÃO ALCANÇOU"
"BA";290730;"Castro Alves";;5;11;45,5;"Não";45,5;"NÃO ALCANÇOU"
"BA";290740;"Catolândia";"X";0;0;0;"Não se aplica";0;"NÃO ALCANÇOU"
"BA";290750;"Catu";;5;7;71,4;"Não";71,4;"NÃO ALCANÇOU"
"BA";290755;"Caturama";;1;1;100;"Sim";100;"ALCANÇOU"
"BA";290760;"Central";"X";0;0;0;"Não se aplica";0;"NÃO ALCANÇOU"
"BA";290770;"Chorrochó";"X";0;0;0;"Não se aplica";0;"NÃO ALCANÇOU"
"BA";290780;"Cícero Dantas";;6;6;100;"Sim";100;"ALCANÇOU"
"BA";290790;"Cipó";;11;11;100;"Sim";100;"ALCANÇOU"
"BA";290800;"Coaraci";;2;3;66,7;"Não";66,7;"NÃO ALCANÇOU"
"BA";290810;"Cocos";;0;17;0;"Não";0;"NÃO ALCANÇOU"
"BA";290820;"Conceição da Feira";;1;2;50;"Não";50;"NÃO ALCANÇOU"
"BA";290830;"Conceição do Almeida";;3;3;100;"Sim";100;"ALCANÇOU"
"BA";290840;"Conceição do Coité";;7;7;100;"Sim";100;"ALCANÇOU"
"BA";290850;"Conceição do Jacuípe";"X";0;0;0;"Não se aplica";0;"NÃO ALCANÇOU"
"BA";290860;"Conde";"X";0;0;0;"Não se aplica";0;"NÃO ALCANÇOU"
"BA";290870;"Condeúba";"X";0;0;0;"Não se aplica";0;"NÃO ALCANÇOU"
"BA";290880;"Contendas do Sincorá";"X";0;0;0;"Não se aplica";0;"NÃO ALCANÇOU"
"BA";290890;"Coração de Maria";;14;22;63,6;"Não";63,6;"NÃO ALCANÇOU"
"BA";290900;"Cordeiros";"X";0;0;0;"Não se aplica";0;"NÃO ALCANÇOU"
"BA";290910;"Coribe";"X";0;0;0;"Não se aplica";0;"NÃO ALCANÇOU"
"BA";290920;"Coronel João Sá";;10;11;90,9;"Sim";90,9;"ALCANÇOU"
"BA";290930;"Correntina";;24;48;50;"Não";50;"NÃO ALCANÇOU"
"BA";290940;"Cotegipe";;13;13;100;"Sim";100;"ALCANÇOU"
"BA";290950;"Cravolândia";"X";0;0;0;"Não se aplica";0;"NÃO ALCANÇOU"
"BA";290960;"Crisópolis";;0;0;0;"Não";0;"NÃO ALCANÇOU"
"BA";290970;"Cristópolis";;2;6;33,3;"Não";33,3;"NÃO ALCANÇOU"
"BA";290980;"Cruz das Almas";;2;2;100;"Sim";100;"ALCANÇOU"
"BA";290990;"Curaçá";;7;16;43,8;"Não";43,8;"NÃO ALCANÇOU"
"BA";291000;"Dário Meira";"X";0;0;0;"Não se aplica";0;"NÃO ALCANÇOU"
"BA";291005;"Dias d'Ávila";;9;9;100;"Sim";100;"ALCANÇOU"
"BA";291010;"Dom Basílio";"X";0;0;0;"Não se aplica";0;"NÃO ALCANÇOU"
"BA";291020;"Dom Macedo Costa";"X";0;0;0;"Não se aplica";0;"NÃO ALCANÇOU"
"BA";291030;"Elísio Medrado";"X";0;0;0;"Não se aplica";0;"NÃO ALCANÇOU"
"BA";291040;"Encruzilhada";;6;7;85,7;"Sim";85,7;"ALCANÇOU"
"BA";291050;"Entre Rios";"X";0;0;0;"Não se aplica";0;"NÃO ALCANÇOU"
"BA";291060;"Esplanada";;3;3;100;"Sim";100;"ALCANÇOU"
"BA";291070;"Euclides da Cunha";;6;6;100;"Sim";100;"ALCANÇOU"
"BA";291072;"Eunápolis";;53;60;88,3;"Sim";88,3;"ALCANÇOU"
"BA";291075;"Fátima";;6;6;100;"Sim";100;"ALCANÇOU"
"BA";291077;"Feira da Mata";"X";0;0;0;"Não se aplica";0;"NÃO ALCANÇOU"
"BA";291080;"Feira de Santana";;41;67;61,2;"Não";61,2;"NÃO ALCANÇOU"
"BA";291085;"Filadélfia";;15;15;100;"Sim";100;"ALCANÇOU"
"BA";291090;"Firmino Alves";"X";0;0;0;"Não se aplica";0;"NÃO ALCANÇOU"
"BA";291100;"Floresta Azul";;3;4;75;"Não";75;"NÃO ALCANÇOU"
"BA";291110;"Formosa do Rio Preto";;14;24;58,3;"Não";58,3;"NÃO ALCANÇOU"
"BA";291120;"Gandu";"X";0;0;0;"Não se aplica";0;"NÃO ALCANÇOU"
"BA";291125;"Gavião";;1;1;100;"Sim";100;"ALCANÇOU"
"BA";291130;"Gentio do Ouro";;8;8;100;"Sim";100;"ALCANÇOU"
"BA";291140;"Glória";"X";0;0;0;"Não se aplica";0;"NÃO ALCANÇOU"
"BA";291150;"Gongogi";"X";0;0;0;"Não se aplica";0;"NÃO ALCANÇOU"
"BA";291160;"Governador Mangabeira";;7;7;100;"Sim";100;"ALCANÇOU"
"BA";291165;"Guajeru";;4;4;100;"Sim";100;"ALCANÇOU"
"BA";291170;"Guanambi";;19;19;100;"Sim";100;"ALCANÇOU"
"BA";291180;"Guaratinga";;13;16;81,3;"Não";81,3;"NÃO ALCANÇOU"
"BA";291185;"Heliópolis";;2;2;100;"Sim";100;"ALCANÇOU"
"BA";291190;"Iaçu";;11;14;78,6;"Não";78,6;"NÃO ALCANÇOU"
"BA";291200;"Ibiassucê";;3;3;100;"Sim";100;"ALCANÇOU"
"BA";291210;"Ibicaraí";;4;4;100;"Sim";100;"ALCANÇOU"
"BA";291220;"Ibicoara";;4;4;100;"Sim";100;"ALCANÇOU"
"BA";291230;"Ibicuí";"X";0;0;0;"Não se aplica";0;"NÃO ALCANÇOU"
"BA";291240;"Ibipeba";"X";0;0;0;"Não se aplica";0;"NÃO ALCANÇOU"
"BA";291250;"Ibipitanga";"X";0;0;0;"Não se aplica";0;"NÃO ALCANÇOU"
"BA";291260;"Ibiquera";"X";0;0;0;"Não se aplica";0;"NÃO ALCANÇOU"
"BA";291270;"Ibirapitanga";;6;6;100;"Sim";100;"ALCANÇOU"
"BA";291280;"Ibirapuã";"X";0;0;0;"Não se aplica";0;"NÃO ALCANÇOU"
"BA";291290;"Ibirataia";;6;6;100;"Sim";100;"ALCANÇOU"
"BA";291300;"Ibitiara";;1;1;100;"Sim";100;"ALCANÇOU"
"BA";291310;"Ibititá";"X";0;0;0;"Não se aplica";0;"NÃO ALCANÇOU"
"BA";291320;"Ibotirama";;20;63;31,7;"Não";31,7;"NÃO ALCANÇOU"
"BA";291330;"Ichu";;2;4;50;"Não";50;"NÃO ALCANÇOU"
"BA";291340;"Igaporã";;7;7;100;"Sim";100;"ALCANÇOU"
"BA";291345;"Igrapiúna";;0;2;0;"Não";0;"NÃO ALCANÇOU"
"BA";291350;"Iguaí";"X";0;0;0;"Não se aplica";0;"NÃO ALCANÇOU"
"BA";291360;"Ilhéus";;16;22;72,7;"Não";72,7;"NÃO ALCANÇOU"
"BA";291370;"Inhambupe";;0;11;0;"Não";0;"NÃO ALCANÇOU"
"BA";291380;"Ipecaetá";"X";0;0;0;"Não se aplica";0;"NÃO ALCANÇOU"
"BA";291390;"Ipiaú";"X";0;0;0;"Não se aplica";0;"NÃO ALCANÇOU"
"BA";291400;"Ipirá";;1;1;100;"Sim";100;"ALCANÇOU"
"BA";291410;"Ipupiara";;5;5;100;"Sim";100;"ALCANÇOU"
"BA";291420;"Irajuba";"X";0;0;0;"Não se aplica";0;"NÃO ALCANÇOU"
"BA";291430;"Iramaia";;0;14;0;"Não";0;"NÃO ALCANÇOU"
"BA";291440;"Iraquara";"X";0;0;0;"Não se aplica";0;"NÃO ALCANÇOU"
"BA";291450;"Irará";;9;9;100;"Sim";100;"ALCANÇOU"
"BA";291460;"Irecê";;8;8;100;"Sim";100;"ALCANÇOU"
"BA";291465;"Itabela";;16;21;76,2;"Não";76,2;"NÃO ALCANÇOU"
"BA";291470;"Itaberaba";;44;48;91,7;"Sim";91,7;"ALCANÇOU"
"BA";291480;"Itabuna";;77;95;81,1;"Não";81,1;"NÃO ALCANÇOU"
"BA";291490;"Itacaré";;0;0;0;"Não";0;"NÃO ALCANÇOU"
"BA";291500;"Itaeté";"X";0;0;0;"Não se aplica";0;"NÃO ALCANÇOU"
"BA";291510;"Itagi";;1;1;100;"Sim";100;"ALCANÇOU"
"BA";291520;"Itagibá";"X";0;0;0;"Não se aplica";0;"NÃO ALCANÇOU"
"BA";291530;"Itagimirim";"X";0;0;0;"Não se aplica";0;"NÃO ALCANÇOU"
"BA";291535;"Itaguaçu da Bahia";;4;4;100;"Sim";100;"ALCANÇOU"
"BA";291540;"Itaju do Colônia";"X";0;0;0;"Não se aplica";0;"NÃO ALCANÇOU"
"BA";291550;"Itajuípe";;3;3;100;"Sim";100;"ALCANÇOU"
"BA";291560;"Itamaraju";;39;45;86,7;"Sim";86,7;"ALCANÇOU"
"BA";291570;"Itamari";"X";0;0;0;"Não se aplica";0;"NÃO ALCANÇOU"
"BA";291580;"Itambé";"X";0;0;0;"Não se aplica";0;"NÃO ALCANÇOU"
"BA";291590;"Itanagra";"X";0;0;0;"Não se aplica";0;"NÃO ALCANÇOU"
"BA";291600;"Itanhém";"X";0;0;0;"Não se aplica";0;"NÃO ALCANÇOU"
"BA";291610;"Itaparica";;0;4;0;"Não";0;"NÃO ALCANÇOU"
"BA";291620;"Itapé";;3;3;100;"Sim";100;"ALCANÇOU"
"BA";291630;"Itapebi";;6;3;200;"Sim";200;"ALCANÇOU"
"BA";291640;"Itapetinga";;10;15;66,7;"Não";66,7;"NÃO ALCANÇOU"
"BA";291650;"Itapicuru";;11;16;68,8;"Não";68,8;"NÃO ALCANÇOU"
"BA";291660;"Itapitanga";"X";0;0;0;"Não se aplica";0;"NÃO ALCANÇOU"
"BA";291670;"Itaquara";"X";0;0;0;"Não se aplica";0;"NÃO ALCANÇOU"
"BA";291680;"Itarantim";;0;0;0;"Não";0;"NÃO ALCANÇOU"
"BA";291685;"Itatim";;1;1;100;"Sim";100;"ALCANÇOU"
"BA";291690;"Itiruçu";"X";0;0;0;"Não se aplica";0;"NÃO ALCANÇOU"
"BA";291700;"Itiúba";;12;12;100;"Sim";100;"ALCANÇOU"
"BA";291710;"Itororó";"X";0;0;0;"Não se aplica";0;"NÃO ALCANÇOU"
"BA";291720;"Ituaçu";;0;8;0;"Não";0;"NÃO ALCANÇOU"
"BA";291730;"Ituberá";;0;0;0;"Não";0;"NÃO ALCANÇOU"
"BA";291733;"Iuiú";"X";0;0;0;"Não se aplica";0;"NÃO ALCANÇOU"
"BA";291735;"Jaborandi";"X";0;0;0;"Não se aplica";0;"NÃO ALCANÇOU"
"BA";291740;"Jacaraci";"X";0;0;0;"Não se aplica";0;"NÃO ALCANÇOU"
"BA";291750;"Jacobina";;13;32;40,6;"Não";40,6;"NÃO ALCANÇOU"
"BA";291760;"Jaguaquara";;8;8;100;"Sim";100;"ALCANÇOU"
"BA";291770;"Jaguarari";;6;12;50;"Não";50;"NÃO ALCANÇOU"
"BA";291780;"Jaguaripe";;0;0;0;"Não";0;"NÃO ALCANÇOU"
"BA";291790;"Jandaíra";;5;5;100;"Sim";100;"ALCANÇOU"
"BA";291800;"Jequié";;47;45;104,4;"Sim";104,4;"ALCANÇOU"
"BA";291810;"Jeremoabo";;24;24;100;"Sim";100;"ALCANÇOU"
"BA";291820;"Jiquiriçá";"X";0;0;0;"Não se aplica";0;"NÃO ALCANÇOU"
"BA";291830;"Jitaúna";;5;5;100;"Sim";100;"ALCANÇOU"
"BA";291835;"João Dourado";;0;0;0;"Não";0;"NÃO ALCANÇOU"
"BA";291840;"Juazeiro";;262;272;96,3;"Sim";96,3;"ALCANÇOU"
"BA";291845;"Jucuruçu";;7;7;100;"Sim";100;"ALCANÇOU"
"BA";291850;"Jussara";"X";0;0;0;"Não se aplica";0;"NÃO ALCANÇOU"
"BA";291855;"Jussari";;0;2;0;"Não";0;"NÃO ALCANÇOU"
"BA";291860;"Jussiape";"X";0;0;0;"Não se aplica";0;"NÃO ALCANÇOU"
"BA";291870;"Lafaiete Coutinho";"X";0;0;0;"Não se aplica";0;"NÃO ALCANÇOU"
"BA";291875;"Lagoa Real";;5;11;45,5;"Não";45,5;"NÃO ALCANÇOU"
"BA";291880;"Laje";;5;5;100;"Sim";100;"ALCANÇOU"
"BA";291890;"Lajedão";;0;4;0;"Não";0;"NÃO ALCANÇOU"
"BA";291900;"Lajedinho";"X";0;0;0;"Não se aplica";0;"NÃO ALCANÇOU"
"BA";291905;"Lajedo do Tabocal";"X";0;0;0;"Não se aplica";0;"NÃO ALCANÇOU"
"BA";291910;"Lamarão";"X";0;0;0;"Não se aplica";0;"NÃO ALCANÇOU"
"BA";291915;"Lapão";;12;12;100;"Sim";100;"ALCANÇOU"
"BA";291920;"Lauro de Freitas";;12;20;60;"Não";60;"NÃO ALCANÇOU"
"BA";291930;"Lençóis";;27;39;69,2;"Não";69,2;"NÃO ALCANÇOU"
"BA";291940;"Licínio de Almeida";;2;2;100;"Sim";100;"ALCANÇOU"
"BA";291950;"Livramento de Nossa Senhora";;1;4;25;"Não";25;"NÃO ALCANÇOU"
"BA";291955;"Luís Eduardo Magalhães";;41;41;100;"Sim";100;"ALCANÇOU"
"BA";291960;"Macajuba";"X";0;0;0;"Não se aplica";0;"NÃO ALCANÇOU"
"BA";291970;"Macarani";;15;15;100;"Sim";100;"ALCANÇOU"
"BA";291980;"Macaúbas";;31;31;100;"Sim";100;"ALCANÇOU"
"BA";291990;"Macururé";"X";0;0;0;"Não se aplica";0;"NÃO ALCANÇOU"
"BA";291992;"Madre de Deus";;3;3;100;"Sim";100;"ALCANÇOU"
"BA";291995;"Maetinga";"X";0;0;0;"Não se aplica";0;"NÃO ALCANÇOU"
"BA";292000;"Maiquinique";"X";0;0;0;"Não se aplica";0;"NÃO ALCANÇOU"
"BA";292010;"Mairi";;10;10;100;"Sim";100;"ALCANÇOU"
"BA";292020;"Malhada";;2;2;100;"Sim";100;"ALCANÇOU"
"BA";292030;"Malhada de Pedras";"X";0;0;0;"Não se aplica";0;"NÃO ALCANÇOU"
"BA";292040;"Manoel Vitorino";;5;6;83,3;"Sim";83,3;"ALCANÇOU"
"BA";292045;"Mansidão";;0;11;0;"Não";0;"NÃO ALCANÇOU"
"BA";292050;"Maracás";"X";0;0;0;"Não se aplica";0;"NÃO ALCANÇOU"
"BA";292060;"Maragogipe";"X";0;0;0;"Não se aplica";0;"NÃO ALCANÇOU"
"BA";292070;"Maraú";"X";0;0;0;"Não se aplica";0;"NÃO ALCANÇOU"
"BA";292080;"Marcionílio Souza";;11;11;100;"Sim";100;"ALCANÇOU"
"BA";292090;"Mascote";"X";0;0;0;"Não se aplica";0;"NÃO ALCANÇOU"
"BA";292100;"Mata de São João";;4;8;50;"Não";50;"NÃO ALCANÇOU"
"BA";292105;"Matina";"X";0;0;0;"Não se aplica";0;"NÃO ALCANÇOU"
"BA";292110;"Medeiros Neto";"X";0;0;0;"Não se aplica";0;"NÃO ALCANÇOU"
"BA";292120;"Miguel Calmon";;4;4;100;"Sim";100;"ALCANÇOU"
"BA";292130;"Milagres";"X";0;0;0;"Não se aplica";0;"NÃO ALCANÇOU"
"BA";292140;"Mirangaba";;4;4;100;"Sim";100;"ALCANÇOU"
"BA";292145;"Mirante";;0;1;0;"Não";0;"NÃO ALCANÇOU"
"BA";292150;"Monte Santo";;3;3;100;"Sim";100;"ALCANÇOU"
"BA";292160;"Morpará";;4;5;80;"Não";80;"NÃO ALCANÇOU"
"BA";292170;"Morro do Chapéu";;8;8;100;"Sim";100;"ALCANÇOU"
"BA";292180;"Mortugaba";"X";0;0;0;"Não se aplica";0;"NÃO ALCANÇOU"
"BA";292190;"Mucugê";;6;6;100;"Sim";100;"ALCANÇOU"
"BA";292200;"Mucuri";;17;17;100;"Sim";100;"ALCANÇOU"
"BA";292205;"Mulungu do Morro";;0;1;0;"Não";0;"NÃO ALCANÇOU"
"BA";292210;"Mundo Novo";;9;9;100;"Sim";100;"ALCANÇOU"
"BA";292220;"Muniz Ferreira";"X";0;0;0;"Não se aplica";0;"NÃO ALCANÇOU"
"BA";292225;"Muquém de São Francisco";;2;12;16,7;"Não";16,7;"NÃO ALCANÇOU"
"BA";292230;"Muritiba";;0;7;0;"Não";0;"NÃO ALCANÇOU"
"BA";292240;"Mutuípe";"X";0;0;0;"Não se aplica";0;"NÃO ALCANÇOU"
"BA";292250;"Nazaré";;0;0;0;"Não";0;"NÃO ALCANÇOU"
"BA";292260;"Nilo Peçanha";"X";0;0;0;"Não se aplica";0;"NÃO ALCANÇOU"
"BA";292265;"Nordestina";"X";0;0;0;"Não se aplica";0;"NÃO ALCANÇOU"
"BA";292270;"Nova Canaã";"X";0;0;0;"Não se aplica";0;"NÃO ALCANÇOU"
"BA";292273;"Nova Fátima";;2;10;20;"Não";20;"NÃO ALCANÇOU"
"BA";292275;"Nova Ibiá";"X";0;0;0;"Não se aplica";0;"NÃO ALCANÇOU"
"BA";292280;"Nova Itarana";;7;7;100;"Sim";100;"ALCANÇOU"
"BA";292285;"Nova Redenção";"X";0;0;0;"Não se aplica";0;"NÃO ALCANÇOU"
"BA";292290;"Nova Soure";;0;2;0;"Não";0;"NÃO ALCANÇOU"
"BA";292300;"Nova Viçosa";;13;13;100;"Sim";100;"ALCANÇOU"
"BA";292303;"Novo Horizonte";"X";0;0;0;"Não se aplica";0;"NÃO ALCANÇOU"
"BA";292305;"Novo Triunfo";;15;15;100;"Sim";100;"ALCANÇOU"
"BA";292310;"Olindina";;0;3;0;"Não";0;"NÃO ALCANÇOU"
"BA";292320;"Oliveira dos Brejinhos";;5;5;100;"Sim";100;"ALCANÇOU"
"BA";292330;"Ouriçangas";"X";0;0;0;"Não se aplica";0;"NÃO ALCANÇOU"
"BA";292335;"Ourolândia";"X";0;0;0;"Não se aplica";0;"NÃO ALCANÇOU"
"BA";292340;"Palmas de Monte Alto";;2;2;100;"Sim";100;"ALCANÇOU"
"BA";292350;"Palmeiras";"X";0;0;0;"Não se aplica";0;"NÃO ALCANÇOU"
"BA";292360;"Paramirim";;0;2;0;"Não";0;"NÃO ALCANÇOU"
"BA";292370;"Paratinga";;14;16;87,5;"Sim";87,5;"ALCANÇOU"
"BA";292380;"Paripiranga";"X";0;0;0;"Não se aplica";0;"NÃO ALCANÇOU"
"BA";292390;"Pau Brasil";"X";0;0;0;"Não se aplica";0;"NÃO ALCANÇOU"
"BA";292400;"Paulo Afonso";;21;26;80,8;"Não";80,8;"NÃO ALCANÇOU"
"BA";292405;"Pé de Serra";;0;2;0;"Não";0;"NÃO ALCANÇOU"
"BA";292410;"Pedrão";"X";0;0;0;"Não se aplica";0;"NÃO ALCANÇOU"
"BA";292420;"Pedro Alexandre";"X";0;0;0;"Não se aplica";0;"NÃO ALCANÇOU"
"BA";292430;"Piatã";"X";0;0;0;"Não se aplica";0;"NÃO ALCANÇOU"
"BA";292440;"Pilão Arcado";;0;5;0;"Não";0;"NÃO ALCANÇOU"
"BA";292450;"Pindaí";"X";0;0;0;"Não se aplica";0;"NÃO ALCANÇOU"
"BA";292460;"Pindobaçu";;6;12;50;"Não";50;"NÃO ALCANÇOU"
"BA";292465;"Pintadas";;1;1;100;"Sim";100;"ALCANÇOU"
"BA";292467;"Piraí do Norte";"X";0;0;0;"Não se aplica";0;"NÃO ALCANÇOU"
"BA";292470;"Piripá";"X";0;0;0;"Não se aplica";0;"NÃO ALCANÇOU"
"BA";292480;"Piritiba";;1;1;100;"Sim";100;"ALCANÇOU"
"BA";292490;"Planaltino";"X";0;0;0;"Não se aplica";0;"NÃO ALCANÇOU"
"BA";292500;"Planalto";"X";0;0;0;"Não se aplica";0;"NÃO ALCANÇOU"
"BA";292510;"Poções";;1;1;100;"Sim";100;"ALCANÇOU"
"BA";292520;"Pojuca";;5;9;55,6;"Não";55,6;"NÃO ALCANÇOU"
"BA";292525;"Ponto Novo";;10;10;100;"Sim";100;"ALCANÇOU"
"BA";292530;"Porto Seguro";;146;152;96,1;"Sim";96,1;"ALCANÇOU"
"BA";292540;"Potiraguá";"X";0;0;0;"Não se aplica";0;"NÃO ALCANÇOU"
"BA";292550;"Prado";;27;27;100;"Sim";100;"ALCANÇOU"
"BA";292560;"Presidente Dutra";"X";0;0;0;"Não se aplica";0;"NÃO ALCANÇOU"
"BA";292570;"Presidente Jânio Quadros";"X";0;0;0;"Não se aplica";0;"NÃO ALCANÇOU"
"BA";292575;"Presidente Tancredo Neves";"X";0;0;0;"Não se aplica";0;"NÃO ALCANÇOU"
"BA";292580;"Queimadas";;4;4;100;"Sim";100;"ALCANÇOU"
"BA";292590;"Quijingue";"X";0;0;0;"Não se aplica";0;"NÃO ALCANÇOU"
"BA";292593;"Quixabeira";"X";0;0;0;"Não se aplica";0;"NÃO ALCANÇOU"
"BA";292595;"Rafael Jambeiro";;2;2;100;"Sim";100;"ALCANÇOU"
"BA";292600;"Remanso";;11;14;78,6;"Não";78,6;"NÃO ALCANÇOU"
"BA";292610;"Retirolândia";"X";0;0;0;"Não se aplica";0;"NÃO ALCANÇOU"
"BA";292620;"Riachão das Neves";;4;4;100;"Sim";100;"ALCANÇOU"
"BA";292630;"Riachão do Jacuípe";;0;3;0;"Não";0;"NÃO ALCANÇOU"
"BA";292640;"Riacho de Santana";;3;3;100;"Sim";100;"ALCANÇOU"
"BA";292650;"Ribeira do Amparo";;24;24;100;"Sim";100;"ALCANÇOU"
"BA";292660;"Ribeira do Pombal";;3;3;100;"Sim";100;"ALCANÇOU"
"BA";292665;"Ribeirão do Largo";"X";0;0;0;"Não se aplica";0;"NÃO ALCANÇOU"
"BA";292670;"Rio de Contas";"X";0;0;0;"Não se aplica";0;"NÃO ALCANÇOU"
"BA";292680;"Rio do Antônio";;9;9;100;"Sim";100;"ALCANÇOU"
"BA";292690;"Rio do Pires";"X";0;0;0;"Não se aplica";0;"NÃO ALCANÇOU"
"BA";292700;"Rio Real";;16;16;100;"Sim";100;"ALCANÇOU"
"BA";292710;"Rodelas";"X";0;0;0;"Não se aplica";0;"NÃO ALCANÇOU"
"BA";292720;"Ruy Barbosa";"X";0;0;0;"Não se aplica";0;"NÃO ALCANÇOU"
"BA";292730;"Salinas da Margarida";;3;3;100;"Sim";100;"ALCANÇOU"
"BA";292740;"Salvador";;156;368;42,4;"Não";42,4;"NÃO ALCANÇOU"
"BA";292750;"Santa Bárbara";;1;1;100;"Sim";100;"ALCANÇOU"
"BA";292760;"Santa Brígida";"X";0;0;0;"Não se aplica";0;"NÃO ALCANÇOU"
"BA";292770;"Santa Cruz Cabrália";;34;45;75,6;"Não";75,6;"NÃO ALCANÇOU"
"BA";292780;"Santa Cruz da Vitória";"X";0;0;0;"Não se aplica";0;"NÃO ALCANÇOU"
"BA";292790;"Santa Inês";"X";0;0;0;"Não se aplica";0;"NÃO ALCANÇOU"
"BA";292800;"Santaluz";;14;14;100;"Sim";100;"ALCANÇOU"
"BA";292805;"Santa Luzia";;0;1;0;"Não";0;"NÃO ALCANÇOU"
"BA";292810;"Santa Maria da Vitória";;14;14;100;"Sim";100;"ALCANÇOU"
"BA";292820;"Santana";;0;13;0;"Não";0;"NÃO ALCANÇOU"
"BA";292830;"Santanópolis";"X";0;0;0;"Não se aplica";0;"NÃO ALCANÇOU"
"BA";292840;"Santa Rita de Cássia";;3;26;11,5;"Não";11,5;"NÃO ALCANÇOU"
"BA";292850;"Santa Teresinha";;4;4;100;"Sim";100;"ALCANÇOU"
"BA";292860;"Santo Amaro";;0;8;0;"Não";0;"NÃO ALCANÇOU"
"BA";292870;"Santo Antônio de Jesus";;5;6;83,3;"Sim";83,3;"ALCANÇOU"
"BA";292880;"Santo Estêvão";;6;6;100;"Sim";100;"ALCANÇOU"
"BA";292890;"São Desidério";;6;15;40;"Não";40;"NÃO ALCANÇOU"
"BA";292895;"São Domingos";"X";0;0;0;"Não se aplica";0;"NÃO ALCANÇOU"
"BA";292900;"São Félix";"X";0;0;0;"Não se aplica";0;"NÃO ALCANÇOU"
"BA";292905;"São Félix do Coribe";;0;4;0;"Não";0;"NÃO ALCANÇOU"
"BA";292910;"São Felipe";"X";0;0;0;"Não se aplica";0;"NÃO ALCANÇOU"
"BA";292920;"São Francisco do Conde";;3;6;50;"Não";50;"NÃO ALCANÇOU"
"BA";292925;"São Gabriel";;10;10;100;"Sim";100;"ALCANÇOU"
"BA";292930;"São Gonçalo dos Campos";"X";0;0;0;"Não se aplica";0;"NÃO ALCANÇOU"
"BA";292935;"São José da Vitória";"X";0;0;0;"Não se aplica";0;"NÃO ALCANÇOU"
"BA";292937;"São José do Jacuípe";;3;3;100;"Sim";100;"ALCANÇOU"
"BA";292940;"São Miguel das Matas";;3;3;100;"Sim";100;"ALCANÇOU"
"BA";292950;"São Sebastião do Passé";;15;15;100;"Sim";100;"ALCANÇOU"
"BA";292960;"Sapeaçu";"X";0;0;0;"Não se aplica";0;"NÃO ALCANÇOU"
"BA";292970;"Sátiro Dias";"X";0;0;0;"Não se aplica";0;"NÃO ALCANÇOU"
"BA";292975;"Saubara";;0;3;0;"Não";0;"NÃO ALCANÇOU"
"BA";292980;"Saúde";;2;2;100;"Sim";100;"ALCANÇOU"
"BA";292990;"Seabra";;14;14;100;"Sim";100;"ALCANÇOU"
"BA";293000;"Sebastião Laranjeiras";;8;8;100;"Sim";100;"ALCANÇOU"
"BA";293010;"Senhor do Bonfim";;41;43;95,3;"Sim";95,3;"ALCANÇOU"
"BA";293015;"Serra do Ramalho";;0;0;0;"Não";0;"NÃO ALCANÇOU"
"BA";293020;"Sento Sé";;3;9;33,3;"Não";33,3;"NÃO ALCANÇOU"
"BA";293030;"Serra Dourada";"X";0;0;0;"Não se aplica";0;"NÃO ALCANÇOU"
"BA";293040;"Serra Preta";;1;1;100;"Sim";100;"ALCANÇOU"
"BA";293050;"Serrinha";;52;53;98,1;"Sim";98,1;"ALCANÇOU"
"BA";293060;"Serrolândia";;3;5;60;"Não";60;"NÃO ALCANÇOU"
"BA";293070;"Simões Filho";;12;24;50;"Não";50;"NÃO ALCANÇOU"
"BA";293075;"Sítio do Mato";;17;18;94,4;"Sim";94,4;"ALCANÇOU"
"BA";293076;"Sítio do Quinto";"X";0;0;0;"Não se aplica";0;"NÃO ALCANÇOU"
"BA";293077;"Sobradinho";;24;44;54,5;"Não";54,5;"NÃO ALCANÇOU"
"BA";293080;"Souto Soares";;5;5;100;"Sim";100;"ALCANÇOU"
"BA";293090;"Tabocas do Brejo Velho";"X";0;0;0;"Não se aplica";0;"NÃO ALCANÇOU"
"BA";293100;"Tanhaçu";"X";0;0;0;"Não se aplica";0;"NÃO ALCANÇOU"
"BA";293105;"Tanque Novo";"X";0;0;0;"Não se aplica";0;"NÃO ALCANÇOU"
"BA";293110;"Tanquinho";"X";0;0;0;"Não se aplica";0;"NÃO ALCANÇOU"
"BA";293120;"Taperoá";"X";0;0;0;"Não se aplica";0;"NÃO ALCANÇOU"
"BA";293130;"Tapiramutá";;3;3;100;"Sim";100;"ALCANÇOU"
"BA";293135;"Teixeira de Freitas";;72;80;90;"Sim";90;"ALCANÇOU"
"BA";293140;"Teodoro Sampaio";"X";0;0;0;"Não se aplica";0;"NÃO ALCANÇOU"
"BA";293150;"Teofilândia";;3;10;30;"Não";30;"NÃO ALCANÇOU"
"BA";293160;"Teolândia";"X";0;0;0;"Não se aplica";0;"NÃO ALCANÇOU"
"BA";293170;"Terra Nova";;1;1;100;"Sim";100;"ALCANÇOU"
"BA";293180;"Tremedal";;0;4;0;"Não";0;"NÃO ALCANÇOU"
"BA";293190;"Tucano";;20;20;100;"Sim";100;"ALCANÇOU"
"BA";293200;"Uauá";;4;8;50;"Não";50;"NÃO ALCANÇOU"
"BA";293210;"Ubaíra";"X";0;0;0;"Não se aplica";0;"NÃO ALCANÇOU"
"BA";293220;"Ubaitaba";"X";0;0;0;"Não se aplica";0;"NÃO ALCANÇOU"
"BA";293230;"Ubatã";"X";0;0;0;"Não se aplica";0;"NÃO ALCANÇOU"
"BA";293240;"Uibaí";;0;0;0;"Não";0;"NÃO ALCANÇOU"
"BA";293245;"Umburanas";"X";0;0;0;"Não se aplica";0;"NÃO ALCANÇOU"
"BA";293250;"Una";;2;2;100;"Sim";100;"ALCANÇOU"
"BA";293260;"Urandi";"X";0;0;0;"Não se aplica";0;"NÃO ALCANÇOU"
"BA";293270;"Uruçuca";"X";0;0;0;"Não se aplica";0;"NÃO ALCANÇOU"
"BA";293280;"Utinga";;7;10;70;"Não";70;"NÃO ALCANÇOU"
"BA";293290;"Valença";"X";0;0;0;"Não se aplica";0;"NÃO ALCANÇOU"
"BA";293300;"Valente";;0;8;0;"Não";0;"NÃO ALCANÇOU"
"BA";293305;"Várzea da Roça";;2;4;50;"Não";50;"NÃO ALCANÇOU"
"BA";293310;"Várzea do Poço";"X";0;0;0;"Não se aplica";0;"NÃO ALCANÇOU"
"BA";293315;"Várzea Nova";;4;4;100;"Sim";100;"ALCANÇOU"
"BA";293317;"Varzedo";"X";0;0;0;"Não se aplica";0;"NÃO ALCANÇOU"
"BA";293320;"Vera Cruz";;0;0;0;"Não";0;"NÃO ALCANÇOU"
"BA";293325;"Vereda";;5;6;83,3;"Sim";83,3;"ALCANÇOU"
"BA";293330;"Vitória da Conquista";;127;168;75,6;"Não";75,6;"NÃO ALCANÇOU"
"BA";293340;"Wagner";;4;4;100;"Sim";100;"ALCANÇOU"
"BA";293345;"Wanderley";;8;13;61,5;"Não";61,5;"NÃO ALCANÇOU"
"BA";293350;"Wenceslau Guimarães";;0;0;0;"Não";0;"NÃO ALCANÇOU"
"BA";293360;"Xique-Xique";;24;30;80;"Não";80;"NÃO ALCANÇOU"
"MG";310010;"Abadia dos Dourados";"X";0;0;0;"Não se aplica";0;"NÃO ALCANÇOU"
"MG";310020;"Abaeté";"X";0;0;0;"Não se aplica";0;"NÃO ALCANÇOU"
"MG";310030;"Abre Campo";"X";0;0;0;"Não se aplica";0;"NÃO ALCANÇOU"
"MG";310040;"Acaiaca";"X";0;0;0;"Não se aplica";0;"NÃO ALCANÇOU"
"MG";310050;"Açucena";"X";0;0;0;"Não se aplica";0;"NÃO ALCANÇOU"
"MG";310060;"Água Boa";"X";0;0;0;"Não se aplica";0;"NÃO ALCANÇOU"
"MG";310070;"Água Comprida";;3;3;100;"Sim";100;"ALCANÇOU"
"MG";310080;"Aguanil";"X";0;0;0;"Não se aplica";0;"NÃO ALCANÇOU"
"MG";310090;"Águas Formosas";;15;17;88,2;"Sim";88,2;"ALCANÇOU"
"MG";310100;"Águas Vermelhas";;2;2;100;"Sim";100;"ALCANÇOU"
"MG";310110;"Aimorés";;7;7;100;"Sim";100;"ALCANÇOU"
"MG";310120;"Aiuruoca";;1;1;100;"Sim";100;"ALCANÇOU"
"MG";310130;"Alagoa";;2;2;100;"Sim";100;"ALCANÇOU"
"MG";310140;"Albertina";"X";0;0;0;"Não se aplica";0;"NÃO ALCANÇOU"
"MG";310150;"Além Paraíba";;0;1;0;"Não";0;"NÃO ALCANÇOU"
"MG";310160;"Alfenas";;4;7;57,1;"Não";57,1;"NÃO ALCANÇOU"
"MG";310163;"Alfredo Vasconcelos";"X";0;0;0;"Não se aplica";0;"NÃO ALCANÇOU"
"MG";310170;"Almenara";;19;24;79,2;"Não";79,2;"NÃO ALCANÇOU"
"MG";310180;"Alpercata";"X";0;0;0;"Não se aplica";0;"NÃO ALCANÇOU"
"MG";310190;"Alpinópolis";;8;8;100;"Sim";100;"ALCANÇOU"
"MG";310200;"Alterosa";"X";0;0;0;"Não se aplica";0;"NÃO ALCANÇOU"
"MG";310205;"Alto Caparaó";"X";0;0;0;"Não se aplica";0;"NÃO ALCANÇOU"
"MG";310210;"Alto Rio Doce";"X";0;0;0;"Não se aplica";0;"NÃO ALCANÇOU"
"MG";310220;"Alvarenga";;5;5;100;"Sim";100;"ALCANÇOU"
"MG";310230;"Alvinópolis";"X";0;0;0;"Não se aplica";0;"NÃO ALCANÇOU"
"MG";310240;"Alvorada de Minas";"X";0;0;0;"Não se aplica";0;"NÃO ALCANÇOU"
"MG";310250;"Amparo do Serra";"X";0;0;0;"Não se aplica";0;"NÃO ALCANÇOU"
"MG";310260;"Andradas";"X";0;0;0;"Não se aplica";0;"NÃO ALCANÇOU"
"MG";310270;"Cachoeira de Pajeú";"X";0;0;0;"Não se aplica";0;"NÃO ALCANÇOU"
"MG";310280;"Andrelândia";"X";0;0;0;"Não se aplica";0;"NÃO ALCANÇOU"
"MG";310285;"Angelândia";;0;2;0;"Não";0;"NÃO ALCANÇOU"
"MG";310290;"Antônio Carlos";"X";0;0;0;"Não se aplica";0;"NÃO ALCANÇOU"
"MG";310300;"Antônio Dias";"X";0;0;0;"Não se aplica";0;"NÃO ALCANÇOU"
"MG";310310;"Antônio Prado de Minas";"X";0;0;0;"Não se aplica";0;"NÃO ALCANÇOU"
"MG";310320;"Araçaí";"X";0;0;0;"Não se aplica";0;"NÃO ALCANÇOU"
"MG";310330;"Aracitaba";"X";0;0;0;"Não se aplica";0;"NÃO ALCANÇOU"
"MG";310340;"Araçuaí";;11;12;91,7;"Sim";91,7;"ALCANÇOU"
"MG";310350;"Araguari";;2;4;50;"Não";50;"NÃO ALCANÇOU"
"MG";310360;"Arantina";"X";0;0;0;"Não se aplica";0;"NÃO ALCANÇOU"
"MG";310370;"Araponga";"X";0;0;0;"Não se aplica";0;"NÃO ALCANÇOU"
"MG";310375;"Araporã";"X";0;0;0;"Não se aplica";0;"NÃO ALCANÇOU"
"MG";310380;"Arapuá";"X";0;0;0;"Não se aplica";0;"NÃO ALCANÇOU"
"MG";310390;"Araújos";;0;0;0;"Não";0;"NÃO ALCANÇOU"
"MG";310400;"Araxá";;5;5;100;"Sim";100;"ALCANÇOU"
"MG";310410;"Arceburgo";"X";0;0;0;"Não se aplica";0;"NÃO ALCANÇOU"
"MG";310420;"Arcos";;2;2;100;"Sim";100;"ALCANÇOU"
"MG";310430;"Areado";"X";0;0;0;"Não se aplica";0;"NÃO ALCANÇOU"
"MG";310440;"Argirita";"X";0;0;0;"Não se aplica";0;"NÃO ALCANÇOU"
"MG";310445;"Aricanduva";"X";0;0;0;"Não se aplica";0;"NÃO ALCANÇOU"
"MG";310450;"Arinos";;0;5;0;"Não";0;"NÃO ALCANÇOU"
"MG";310460;"Astolfo Dutra";"X";0;0;0;"Não se aplica";0;"NÃO ALCANÇOU"
"MG";310470;"Ataléia";;7;8;87,5;"Sim";87,5;"ALCANÇOU"
"MG";310480;"Augusto de Lima";"X";0;0;0;"Não se aplica";0;"NÃO ALCANÇOU"
"MG";310490;"Baependi";"X";0;0;0;"Não se aplica";0;"NÃO ALCANÇOU"
"MG";310500;"Baldim";"X";0;0;0;"Não se aplica";0;"NÃO ALCANÇOU"
"MG";310510;"Bambuí";;3;3;100;"Sim";100;"ALCANÇOU"
"MG";310520;"Bandeira";"X";0;0;0;"Não se aplica";0;"NÃO ALCANÇOU"
"MG";310530;"Bandeira do Sul";"X";0;0;0;"Não se aplica";0;"NÃO ALCANÇOU"
"MG";310540;"Barão de Cocais";"X";0;0;0;"Não se aplica";0;"NÃO ALCANÇOU"
"MG";310550;"Barão de Monte Alto";"X";0;0;0;"Não se aplica";0;"NÃO ALCANÇOU"
"MG";310560;"Barbacena";"X";0;0;0;"Não se aplica";0;"NÃO ALCANÇOU"
"MG";310570;"Barra Longa";"X";0;0;0;"Não se aplica";0;"NÃO ALCANÇOU"
"MG";310590;"Barroso";"X";0;0;0;"Não se aplica";0;"NÃO ALCANÇOU"
"MG";310600;"Bela Vista de Minas";"X";0;0;0;"Não se aplica";0;"NÃO ALCANÇOU"
"MG";310610;"Belmiro Braga";"X";0;0;0;"Não se aplica";0;"NÃO ALCANÇOU"
"MG";310620;"Belo Horizonte";;46;59;78;"Não";78;"NÃO ALCANÇOU"
"MG";310630;"Belo Oriente";;3;4;75;"Não";75;"NÃO ALCANÇOU"
"MG";310640;"Belo Vale";"X";0;0;0;"Não se aplica";0;"NÃO ALCANÇOU"
"MG";310650;"Berilo";"X";0;0;0;"Não se aplica";0;"NÃO ALCANÇOU"
"MG";310660;"Bertópolis";"X";0;0;0;"Não se aplica";0;"NÃO ALCANÇOU"
"MG";310665;"Berizal";"X";0;0;0;"Não se aplica";0;"NÃO ALCANÇOU"
"MG";310670;"Betim";;9;15;60;"Não";60;"NÃO ALCANÇOU"
"MG";310680;"Bias Fortes";"X";0;0;0;"Não se aplica";0;"NÃO ALCANÇOU"
"MG";310690;"Bicas";"X";0;0;0;"Não se aplica";0;"NÃO ALCANÇOU"
"MG";310700;"Biquinhas";"X";0;0;0;"Não se aplica";0;"NÃO ALCANÇOU"
"MG";310710;"Boa Esperança";"X";0;0;0;"Não se aplica";0;"NÃO ALCANÇOU"
"MG";310720;"Bocaina de Minas";"X";0;0;0;"Não se aplica";0;"NÃO ALCANÇOU"
"MG";310730;"Bocaiúva";;6;4;150;"Sim";150;"ALCANÇOU"
"MG";310740;"Bom Despacho";;2;4;50;"Não";50;"NÃO ALCANÇOU"
"MG";310750;"Bom Jardim de Minas";"X";0;0;0;"Não se aplica";0;"NÃO ALCANÇOU"
"MG";310760;"Bom Jesus da Penha";"X";0;0;0;"Não se aplica";0;"NÃO ALCANÇOU"
"MG";310770;"Bom Jesus do Amparo";"X";0;0;0;"Não se aplica";0;"NÃO ALCANÇOU"
"MG";310780;"Bom Jesus do Galho";;3;3;100;"Sim";100;"ALCANÇOU"
"MG";310790;"Bom Repouso";;8;10;80;"Não";80;"NÃO ALCANÇOU"
"MG";310800;"Bom Sucesso";"X";0;0;0;"Não se aplica";0;"NÃO ALCANÇOU"
"MG";310810;"Bonfim";"X";0;0;0;"Não se aplica";0;"NÃO ALCANÇOU"
"MG";310820;"Bonfinópolis de Minas";"X";0;0;0;"Não se aplica";0;"NÃO ALCANÇOU"
"MG";310825;"Bonito de Minas";;6;26;23,1;"Não";23,1;"NÃO ALCANÇOU"
"MG";310830;"Borda da Mata";"X";0;0;0;"Não se aplica";0;"NÃO ALCANÇOU"
"MG";310840;"Botelhos";"X";0;0;0;"Não se aplica";0;"NÃO ALCANÇOU"
"MG";310850;"Botumirim";"X";0;0;0;"Não se aplica";0;"NÃO ALCANÇOU"
"MG";310855;"Brasilândia de Minas";;4;5;80;"Não";80;"NÃO ALCANÇOU"
"MG";310860;"Brasília de Minas";"X";0;0;0;"Não se aplica";0;"NÃO ALCANÇOU"
"MG";310870;"Brás Pires";"X";0;0;0;"Não se aplica";0;"NÃO ALCANÇOU"
"MG";310880;"Braúnas";"X";0;0;0;"Não se aplica";0;"NÃO ALCANÇOU"
"MG";310890;"Brasópolis";"X";0;0;0;"Não se aplica";0;"NÃO ALCANÇOU"
"MG";310900;"Brumadinho";;0;0;0;"Não";0;"NÃO ALCANÇOU"
"MG";310910;"Bueno Brandão";"X";0;0;0;"Não se aplica";0;"NÃO ALCANÇOU"
"MG";310920;"Buenópolis";;7;8;87,5;"Sim";87,5;"ALCANÇOU"
"MG";310925;"Bugre";"X";0;0;0;"Não se aplica";0;"NÃO ALCANÇOU"
"MG";310930;"Buritis";;0;9;0;"Não";0;"NÃO ALCANÇOU"
"MG";310940;"Buritizeiro";;0;4;0;"Não";0;"NÃO ALCANÇOU"
"MG";310945;"Cabeceira Grande";"X";0;0;0;"Não se aplica";0;"NÃO ALCANÇOU"
"MG";310950;"Cabo Verde";"X";0;0;0;"Não se aplica";0;"NÃO ALCANÇOU"
"MG";310960;"Cachoeira da Prata";"X";0;0;0;"Não se aplica";0;"NÃO ALCANÇOU"
"MG";310970;"Cachoeira de Minas";"X";0;0;0;"Não se aplica";0;"NÃO ALCANÇOU"
"MG";310980;"Cachoeira Dourada";"X";0;0;0;"Não se aplica";0;"NÃO ALCANÇOU"
"MG";310990;"Caetanópolis";"X";0;0;0;"Não se aplica";0;"NÃO ALCANÇOU"
"MG";311000;"Caeté";"X";0;0;0;"Não se aplica";0;"NÃO ALCANÇOU"
"MG";311010;"Caiana";"X";0;0;0;"Não se aplica";0;"NÃO ALCANÇOU"
"MG";311020;"Cajuri";"X";0;0;0;"Não se aplica";0;"NÃO ALCANÇOU"
"MG";311030;"Caldas";"X";0;0;0;"Não se aplica";0;"NÃO ALCANÇOU"
"MG";311040;"Camacho";"X";0;0;0;"Não se aplica";0;"NÃO ALCANÇOU"
"MG";311050;"Camanducaia";"X";0;0;0;"Não se aplica";0;"NÃO ALCANÇOU"
"MG";311060;"Cambuí";"X";0;0;0;"Não se aplica";0;"NÃO ALCANÇOU"
"MG";311070;"Cambuquira";"X";0;0;0;"Não se aplica";0;"NÃO ALCANÇOU"
"MG";311080;"Campanário";"X";0;0;0;"Não se aplica";0;"NÃO ALCANÇOU"
"MG";311090;"Campanha";;0;1;0;"Não";0;"NÃO ALCANÇOU"
"MG";311100;"Campestre";;0;1;0;"Não";0;"NÃO ALCANÇOU"
"MG";311110;"Campina Verde";"X";0;0;0;"Não se aplica";0;"NÃO ALCANÇOU"
"MG";311115;"Campo Azul";"X";0;0;0;"Não se aplica";0;"NÃO ALCANÇOU"
"MG";311120;"Campo Belo";"X";0;0;0;"Não se aplica";0;"NÃO ALCANÇOU"
"MG";311130;"Campo do Meio";;0;0;0;"Não";0;"NÃO ALCANÇOU"
"MG";311140;"Campo Florido";"X";0;0;0;"Não se aplica";0;"NÃO ALCANÇOU"
"MG";311150;"Campos Altos";"X";0;0;0;"Não se aplica";0;"NÃO ALCANÇOU"
"MG";311160;"Campos Gerais";"X";0;0;0;"Não se aplica";0;"NÃO ALCANÇOU"
"MG";311170;"Canaã";"X";0;0;0;"Não se aplica";0;"NÃO ALCANÇOU"
"MG";311180;"Canápolis";"X";0;0;0;"Não se aplica";0;"NÃO ALCANÇOU"
"MG";311190;"Cana Verde";"X";0;0;0;"Não se aplica";0;"NÃO ALCANÇOU"
"MG";311200;"Candeias";;0;3;0;"Não";0;"NÃO ALCANÇOU"
"MG";311205;"Cantagalo";"X";0;0;0;"Não se aplica";0;"NÃO ALCANÇOU"
"MG";311210;"Caparaó";"X";0;0;0;"Não se aplica";0;"NÃO ALCANÇOU"
"MG";311220;"Capela Nova";"X";0;0;0;"Não se aplica";0;"NÃO ALCANÇOU"
"MG";311230;"Capelinha";"X";0;0;0;"Não se aplica";0;"NÃO ALCANÇOU"
"MG";311240;"Capetinga";"X";0;0;0;"Não se aplica";0;"NÃO ALCANÇOU"
"MG";311250;"Capim Branco";"X";0;0;0;"Não se aplica";0;"NÃO ALCANÇOU"
"MG";311260;"Capinópolis";;4;4;100;"Sim";100;"ALCANÇOU"
"MG";311265;"Capitão Andrade";"X";0;0;0;"Não se aplica";0;"NÃO ALCANÇOU"
"MG";311270;"Capitão Enéas";;22;22;100;"Sim";100;"ALCANÇOU"
"MG";311280;"Capitólio";"X";0;0;0;"Não se aplica";0;"NÃO ALCANÇOU"
"MG";311290;"Caputira";"X";0;0;0;"Não se aplica";0;"NÃO ALCANÇOU"
"MG";311300;"Caraí";;2;2;100;"Sim";100;"ALCANÇOU"
"MG";311310;"Caranaíba";"X";0;0;0;"Não se aplica";0;"NÃO ALCANÇOU"
"MG";311320;"Carandaí";;4;4;100;"Sim";100;"ALCANÇOU"
"MG";311330;"Carangola";"X";0;0;0;"Não se aplica";0;"NÃO ALCANÇOU"
"MG";311340;"Caratinga";"X";0;0;0;"Não se aplica";0;"NÃO ALCANÇOU"
"MG";311350;"Carbonita";"X";0;0;0;"Não se aplica";0;"NÃO ALCANÇOU"
"MG";311360;"Careaçu";"X";0;0;0;"Não se aplica";0;"NÃO ALCANÇOU"
"MG";311370;"Carlos Chagas";;0;1;0;"Não";0;"NÃO ALCANÇOU"
"MG";311380;"Carmésia";"X";0;0;0;"Não se aplica";0;"NÃO ALCANÇOU"
"MG";311390;"Carmo da Cachoeira";"X";0;0;0;"Não se aplica";0;"NÃO ALCANÇOU"
"MG";311400;"Carmo da Mata";"X";0;0;0;"Não se aplica";0;"NÃO ALCANÇOU"
"MG";311410;"Carmo de Minas";"X";0;0;0;"Não se aplica";0;"NÃO ALCANÇOU"
"MG";311420;"Carmo do Cajuru";"X";0;0;0;"Não se aplica";0;"NÃO ALCANÇOU"
"MG";311430;"Carmo do Paranaíba";;3;3;100;"Sim";100;"ALCANÇOU"
"MG";311440;"Carmo do Rio Claro";;0;0;0;"Não";0;"NÃO ALCANÇOU"
"MG";311450;"Carmópolis de Minas";"X";0;0;0;"Não se aplica";0;"NÃO ALCANÇOU"
"MG";311455;"Carneirinho";;1;4;25;"Não";25;"NÃO ALCANÇOU"
"MG";311460;"Carrancas";"X";0;0;0;"Não se aplica";0;"NÃO ALCANÇOU"
"MG";311470;"Carvalhópolis";"X";0;0;0;"Não se aplica";0;"NÃO ALCANÇOU"
"MG";311480;"Carvalhos";"X";0;0;0;"Não se aplica";0;"NÃO ALCANÇOU"
"MG";311490;"Casa Grande";"X";0;0;0;"Não se aplica";0;"NÃO ALCANÇOU"
"MG";311500;"Cascalho Rico";"X";0;0;0;"Não se aplica";0;"NÃO ALCANÇOU"
"MG";311510;"Cássia";"X";0;0;0;"Não se aplica";0;"NÃO ALCANÇOU"
"MG";311520;"Conceição da Barra de Minas";"X";0;0;0;"Não se aplica";0;"NÃO ALCANÇOU"
"MG";311530;"Cataguases";;3;8;37,5;"Não";37,5;"NÃO ALCANÇOU"
"MG";311535;"Catas Altas";"X";0;0;0;"Não se aplica";0;"NÃO ALCANÇOU"
"MG";311540;"Catas Altas da Noruega";"X";0;0;0;"Não se aplica";0;"NÃO ALCANÇOU"
"MG";311545;"Catuji";;1;2;50;"Não";50;"NÃO ALCANÇOU"
"MG";311547;"Catuti";"X";0;0;0;"Não se aplica";0;"NÃO ALCANÇOU"
"MG";311550;"Caxambu";"X";0;0;0;"Não se aplica";0;"NÃO ALCANÇOU"
"MG";311560;"Cedro do Abaeté";"X";0;0;0;"Não se aplica";0;"NÃO ALCANÇOU"
"MG";311570;"Central de Minas";;1;1;100;"Sim";100;"ALCANÇOU"
"MG";311580;"Centralina";"X";0;0;0;"Não se aplica";0;"NÃO ALCANÇOU"
"MG";311590;"Chácara";"X";0;0;0;"Não se aplica";0;"NÃO ALCANÇOU"
"MG";311600;"Chalé";"X";0;0;0;"Não se aplica";0;"NÃO ALCANÇOU"
"MG";311610;"Chapada do Norte";"X";0;0;0;"Não se aplica";0;"NÃO ALCANÇOU"
"MG";311615;"Chapada Gaúcha";;1;4;25;"Não";25;"NÃO ALCANÇOU"
"MG";311620;"Chiador";"X";0;0;0;"Não se aplica";0;"NÃO ALCANÇOU"
"MG";311630;"Cipotânea";"X";0;0;0;"Não se aplica";0;"NÃO ALCANÇOU"
"MG";311640;"Claraval";"X";0;0;0;"Não se aplica";0;"NÃO ALCANÇOU"
"MG";311650;"Claro dos Poções";"X";0;0;0;"Não se aplica";0;"NÃO ALCANÇOU"
"MG";311660;"Cláudio";"X";0;0;0;"Não se aplica";0;"NÃO ALCANÇOU"
"MG";311670;"Coimbra";"X";0;0;0;"Não se aplica";0;"NÃO ALCANÇOU"
"MG";311680;"Coluna";"X";0;0;0;"Não se aplica";0;"NÃO ALCANÇOU"
"MG";311690;"Comendador Gomes";"X";0;0;0;"Não se aplica";0;"NÃO ALCANÇOU"
"MG";311700;"Comercinho";"X";0;0;0;"Não se aplica";0;"NÃO ALCANÇOU"
"MG";311710;"Conceição da Aparecida";"X";0;0;0;"Não se aplica";0;"NÃO ALCANÇOU"
"MG";311720;"Conceição das Pedras";"X";0;0;0;"Não se aplica";0;"NÃO ALCANÇOU"
"MG";311730;"Conceição das Alagoas";;4;4;100;"Sim";100;"ALCANÇOU"
"MG";311740;"Conceição de Ipanema";"X";0;0;0;"Não se aplica";0;"NÃO ALCANÇOU"
"MG";311750;"Conceição do Mato Dentro";"X";0;0;0;"Não se aplica";0;"NÃO ALCANÇOU"
"MG";311760;"Conceição do Pará";"X";0;0;0;"Não se aplica";0;"NÃO ALCANÇOU"
"MG";311770;"Conceição do Rio Verde";;2;2;100;"Sim";100;"ALCANÇOU"
"MG";311780;"Conceição dos Ouros";"X";0;0;0;"Não se aplica";0;"NÃO ALCANÇOU"
"MG";311783;"Cônego Marinho";;4;6;66,7;"Não";66,7;"NÃO ALCANÇOU"
"MG";311787;"Confins";"X";0;0;0;"Não se aplica";0;"NÃO ALCANÇOU"
"MG";311790;"Congonhal";"X";0;0;0;"Não se aplica";0;"NÃO ALCANÇOU"
"MG";311800;"Congonhas";;0;4;0;"Não";0;"NÃO ALCANÇOU"
"MG";311810;"Congonhas do Norte";"X";0;0;0;"Não se aplica";0;"NÃO ALCANÇOU"
"MG";311820;"Conquista";"X";0;0;0;"Não se aplica";0;"NÃO ALCANÇOU"
"MG";311830;"Conselheiro Lafaiete";;13;14;92,9;"Sim";92,9;"ALCANÇOU"
"MG";311840;"Conselheiro Pena";"X";0;0;0;"Não se aplica";0;"NÃO ALCANÇOU"
"MG";311850;"Consolação";"X";0;0;0;"Não se aplica";0;"NÃO ALCANÇOU"
"MG";311860;"Contagem";;12;35;34,3;"Não";34,3;"NÃO ALCANÇOU"
"MG";311870;"Coqueiral";"X";0;0;0;"Não se aplica";0;"NÃO ALCANÇOU"
"MG";311880;"Coração de Jesus";;3;3;100;"Sim";100;"ALCANÇOU"
"MG";311890;"Cordisburgo";"X";0;0;0;"Não se aplica";0;"NÃO ALCANÇOU"
"MG";311900;"Cordislândia";"X";0;0;0;"Não se aplica";0;"NÃO ALCANÇOU"
"MG";311910;"Corinto";;4;6;66,7;"Não";66,7;"NÃO ALCANÇOU"
"MG";311920;"Coroaci";"X";0;0;0;"Não se aplica";0;"NÃO ALCANÇOU"
"MG";311930;"Coromandel";"X";0;0;0;"Não se aplica";0;"NÃO ALCANÇOU"
"MG";311940;"Coronel Fabriciano";;14;14;100;"Sim";100;"ALCANÇOU"
"MG";311950;"Coronel Murta";;0;7;0;"Não";0;"NÃO ALCANÇOU"
"MG";311960;"Coronel Pacheco";"X";0;0;0;"Não se aplica";0;"NÃO ALCANÇOU"
"MG";311970;"Coronel Xavier Chaves";"X";0;0;0;"Não se aplica";0;"NÃO ALCANÇOU"
"MG";311980;"Córrego Danta";"X";0;0;0;"Não se aplica";0;"NÃO ALCANÇOU"
"MG";311990;"Córrego do Bom Jesus";"X";0;0;0;"Não se aplica";0;"NÃO ALCANÇOU"
"MG";311995;"Córrego Fundo";"X";0;0;0;"Não se aplica";0;"NÃO ALCANÇOU"
"MG";312000;"Córrego Novo";;0;3;0;"Não";0;"NÃO ALCANÇOU"
"MG";312010;"Couto de Magalhães de Minas";"X";0;0;0;"Não se aplica";0;"NÃO ALCANÇOU"
"MG";312015;"Crisólita";"X";0;0;0;"Não se aplica";0;"NÃO ALCANÇOU"
"MG";312020;"Cristais";"X";0;0;0;"Não se aplica";0;"NÃO ALCANÇOU"
"MG";312030;"Cristália";"X";0;0;0;"Não se aplica";0;"NÃO ALCANÇOU"
"MG";312040;"Cristiano Otoni";"X";0;0;0;"Não se aplica";0;"NÃO ALCANÇOU"
"MG";312050;"Cristina";"X";0;0;0;"Não se aplica";0;"NÃO ALCANÇOU"
"MG";312060;"Crucilândia";"X";0;0;0;"Não se aplica";0;"NÃO ALCANÇOU"
"MG";312070;"Cruzeiro da Fortaleza";"X";0;0;0;"Não se aplica";0;"NÃO ALCANÇOU"
"MG";312080;"Cruzília";"X";0;0;0;"Não se aplica";0;"NÃO ALCANÇOU"
"MG";312083;"Cuparaque";"X";0;0;0;"Não se aplica";0;"NÃO ALCANÇOU"
"MG";312087;"Curral de Dentro";"X";0;0;0;"Não se aplica";0;"NÃO ALCANÇOU"
"MG";312090;"Curvelo";;11;11;100;"Sim";100;"ALCANÇOU"
"MG";312100;"Datas";"X";0;0;0;"Não se aplica";0;"NÃO ALCANÇOU"
"MG";312110;"Delfim Moreira";"X";0;0;0;"Não se aplica";0;"NÃO ALCANÇOU"
"MG";312120;"Delfinópolis";"X";0;0;0;"Não se aplica";0;"NÃO ALCANÇOU"
"MG";312125;"Delta";"X";0;0;0;"Não se aplica";0;"NÃO ALCANÇOU"
"MG";312130;"Descoberto";"X";0;0;0;"Não se aplica";0;"NÃO ALCANÇOU"
"MG";312140;"Desterro de Entre Rios";"X";0;0;0;"Não se aplica";0;"NÃO ALCANÇOU"
"MG";312150;"Desterro do Melo";"X";0;0;0;"Não se aplica";0;"NÃO ALCANÇOU"
"MG";312160;"Diamantina";"X";0;0;0;"Não se aplica";0;"NÃO ALCANÇOU"
"MG";312170;"Diogo de Vasconcelos";"X";0;0;0;"Não se aplica";0;"NÃO ALCANÇOU"
"MG";312180;"Dionísio";"X";0;0;0;"Não se aplica";0;"NÃO ALCANÇOU"
"MG";312190;"Divinésia";"X";0;0;0;"Não se aplica";0;"NÃO ALCANÇOU"
"MG";312200;"Divino";;3;3;100;"Sim";100;"ALCANÇOU"
"MG";312210;"Divino das Laranjeiras";"X";0;0;0;"Não se aplica";0;"NÃO ALCANÇOU"
"MG";312220;"Divinolândia de Minas";"X";0;0;0;"Não se aplica";0;"NÃO ALCANÇOU"
"MG";312230;"Divinópolis";;3;8;37,5;"Não";37,5;"NÃO ALCANÇOU"
"MG";312235;"Divisa Alegre";"X";0;0;0;"Não se aplica";0;"NÃO ALCANÇOU"
"MG";312240;"Divisa Nova";"X";0;0;0;"Não se aplica";0;"NÃO ALCANÇOU"
"MG";312245;"Divisópolis";"X";0;0;0;"Não se aplica";0;"NÃO ALCANÇOU"
"MG";312247;"Dom Bosco";;0;1;0;"Não";0;"NÃO ALCANÇOU"
"MG";312250;"Dom Cavati";;0;0;0;"Não";0;"NÃO ALCANÇOU"
"MG";312260;"Dom Joaquim";"X";0;0;0;"Não se aplica";0;"NÃO ALCANÇOU"
"MG";312270;"Dom Silvério";"X";0;0;0;"Não se aplica";0;"NÃO ALCANÇOU"
"MG";312280;"Dom Viçoso";"X";0;0;0;"Não se aplica";0;"NÃO ALCANÇOU"
"MG";312290;"Dona Eusébia";"X";0;0;0;"Não se aplica";0;"NÃO ALCANÇOU"
"MG";312300;"Dores de Campos";"X";0;0;0;"Não se aplica";0;"NÃO ALCANÇOU"
"MG";312310;"Dores de Guanhães";;0;19;0;"Não";0;"NÃO ALCANÇOU"
"MG";312320;"Dores do Indaiá";;4;4;100;"Sim";100;"ALCANÇOU"
"MG";312330;"Dores do Turvo";"X";0;0;0;"Não se aplica";0;"NÃO ALCANÇOU"
"MG";312340;"Doresópolis";"X";0;0;0;"Não se aplica";0;"NÃO ALCANÇOU"
"MG";312350;"Douradoquara";"X";0;0;0;"Não se aplica";0;"NÃO ALCANÇOU"
"MG";312352;"Durandé";"X";0;0;0;"Não se aplica";0;"NÃO ALCANÇOU"
"MG";312360;"Elói Mendes";;0;0;0;"Não";0;"NÃO ALCANÇOU"
"MG";312370;"Engenheiro Caldas";;5;5;100;"Sim";100;"ALCANÇOU"
"MG";312380;"Engenheiro Navarro";"X";0;0;0;"Não se aplica";0;"NÃO ALCANÇOU"
"MG";312385;"Entre Folhas";"X";0;0;0;"Não se aplica";0;"NÃO ALCANÇOU"
"MG";312390;"Entre Rios de Minas";"X";0;0;0;"Não se aplica";0;"NÃO ALCANÇOU"
"MG";312400;"Ervália";;4;4;100;"Sim";100;"ALCANÇOU"
"MG";312410;"Esmeraldas";"X";0;0;0;"Não se aplica";0;"NÃO ALCANÇOU"
"MG";312420;"Espera Feliz";"X";0;0;0;"Não se aplica";0;"NÃO ALCANÇOU"
"MG";312430;"Espinosa";"X";0;0;0;"Não se aplica";0;"NÃO ALCANÇOU"
"MG";312440;"Espírito Santo do Dourado";"X";0;0;0;"Não se aplica";0;"NÃO ALCANÇOU"
"MG";312450;"Estiva";"X";0;0;0;"Não se aplica";0;"NÃO ALCANÇOU"
"MG";312460;"Estrela Dalva";"X";0;0;0;"Não se aplica";0;"NÃO ALCANÇOU"
"MG";312470;"Estrela do Indaiá";;18;18;100;"Sim";100;"ALCANÇOU"
"MG";312480;"Estrela do Sul";;2;2;100;"Sim";100;"ALCANÇOU"
"MG";312490;"Eugenópolis";"X";0;0;0;"Não se aplica";0;"NÃO ALCANÇOU"
"MG";312500;"Ewbank da Câmara";"X";0;0;0;"Não se aplica";0;"NÃO ALCANÇOU"
"MG";312510;"Extrema";"X";0;0;0;"Não se aplica";0;"NÃO ALCANÇOU"
"MG";312520;"Fama";"X";0;0;0;"Não se aplica";0;"NÃO ALCANÇOU"
"MG";312530;"Faria Lemos";"X";0;0;0;"Não se aplica";0;"NÃO ALCANÇOU"
"MG";312540;"Felício dos Santos";"X";0;0;0;"Não se aplica";0;"NÃO ALCANÇOU"
"MG";312550;"São Gonçalo do Rio Preto";"X";0;0;0;"Não se aplica";0;"NÃO ALCANÇOU"
"MG";312560;"Felisburgo";"X";0;0;0;"Não se aplica";0;"NÃO ALCANÇOU"
"MG";312570;"Felixlândia";;4;4;100;"Sim";100;"ALCANÇOU"
"MG";312580;"Fernandes Tourinho";"X";0;0;0;"Não se aplica";0;"NÃO ALCANÇOU"
"MG";312590;"Ferros";"X";0;0;0;"Não se aplica";0;"NÃO ALCANÇOU"
"MG";312595;"Fervedouro";"X";0;0;0;"Não se aplica";0;"NÃO ALCANÇOU"
"MG";312600;"Florestal";"X";0;0;0;"Não se aplica";0;"NÃO ALCANÇOU"
"MG";312610;"Formiga";"X";0;0;0;"Não se aplica";0;"NÃO ALCANÇOU"
"MG";312620;"Formoso";;1;1;100;"Sim";100;"ALCANÇOU"
"MG";312630;"Fortaleza de Minas";"X";0;0;0;"Não se aplica";0;"NÃO ALCANÇOU"
"MG";312640;"Fortuna de Minas";"X";0;0;0;"Não se aplica";0;"NÃO ALCANÇOU"
"MG";312650;"Francisco Badaró";"X";0;0;0;"Não se aplica";0;"NÃO ALCANÇOU"
"MG";312660;"Francisco Dumont";"X";0;0;0;"Não se aplica";0;"NÃO ALCANÇOU"
"MG";312670;"Francisco Sá";"X";0;0;0;"Não se aplica";0;"NÃO ALCANÇOU"
"MG";312675;"Franciscópolis";;1;1;100;"Sim";100;"ALCANÇOU"
"MG";312680;"Frei Gaspar";;7;10;70;"Não";70;"NÃO ALCANÇOU"
"MG";312690;"Frei Inocêncio";"X";0;0;0;"Não se aplica";0;"NÃO ALCANÇOU"
"MG";312695;"Frei Lagonegro";"X";0;0;0;"Não se aplica";0;"NÃO ALCANÇOU"
"MG";312700;"Fronteira";"X";0;0;0;"Não se aplica";0;"NÃO ALCANÇOU"
"MG";312705;"Fronteira dos Vales";"X";0;0;0;"Não se aplica";0;"NÃO ALCANÇOU"
"MG";312707;"Fruta de Leite";"X";0;0;0;"Não se aplica";0;"NÃO ALCANÇOU"
"MG";312710;"Frutal";;5;5;100;"Sim";100;"ALCANÇOU"
"MG";312720;"Funilândia";"X";0;0;0;"Não se aplica";0;"NÃO ALCANÇOU"
"MG";312730;"Galiléia";;6;6;100;"Sim";100;"ALCANÇOU"
"MG";312733;"Gameleiras";"X";0;0;0;"Não se aplica";0;"NÃO ALCANÇOU"
"MG";312735;"Glaucilândia";"X";0;0;0;"Não se aplica";0;"NÃO ALCANÇOU"
"MG";312737;"Goiabeira";;5;5;100;"Sim";100;"ALCANÇOU"
"MG";312738;"Goianá";"X";0;0;0;"Não se aplica";0;"NÃO ALCANÇOU"
"MG";312740;"Gonçalves";"X";0;0;0;"Não se aplica";0;"NÃO ALCANÇOU"
"MG";312750;"Gonzaga";"X";0;0;0;"Não se aplica";0;"NÃO ALCANÇOU"
"MG";312760;"Gouveia";"X";0;0;0;"Não se aplica";0;"NÃO ALCANÇOU"
"MG";312770;"Governador Valadares";;13;28;46,4;"Não";46,4;"NÃO ALCANÇOU"
"MG";312780;"Grão Mogol";;0;0;0;"Não";0;"NÃO ALCANÇOU"
"MG";312790;"Grupiara";"X";0;0;0;"Não se aplica";0;"NÃO ALCANÇOU"
"MG";312800;"Guanhães";"X";0;0;0;"Não se aplica";0;"NÃO ALCANÇOU"
"MG";312810;"Guapé";"X";0;0;0;"Não se aplica";0;"NÃO ALCANÇOU"
"MG";312820;"Guaraciaba";"X";0;0;0;"Não se aplica";0;"NÃO ALCANÇOU"
"MG";312825;"Guaraciama";"X";0;0;0;"Não se aplica";0;"NÃO ALCANÇOU"
"MG";312830;"Guaranésia";"X";0;0;0;"Não se aplica";0;"NÃO ALCANÇOU"
"MG";312840;"Guarani";"X";0;0;0;"Não se aplica";0;"NÃO ALCANÇOU"
"MG";312850;"Guarará";"X";0;0;0;"Não se aplica";0;"NÃO ALCANÇOU"
"MG";312860;"Guarda-Mor";"X";0;0;0;"Não se aplica";0;"NÃO ALCANÇOU"
"MG";312870;"Guaxupé";"X";0;0;0;"Não se aplica";0;"NÃO ALCANÇOU"
"MG";312880;"Guidoval";"X";0;0;0;"Não se aplica";0;"NÃO ALCANÇOU"
"MG";312890;"Guimarânia";"X";0;0;0;"Não se aplica";0;"NÃO ALCANÇOU"
"MG";312900;"Guiricema";"X";0;0;0;"Não se aplica";0;"NÃO ALCANÇOU"
"MG";312910;"Gurinhatã";"X";0;0;0;"Não se aplica";0;"NÃO ALCANÇOU"
"MG";312920;"Heliodora";"X";0;0;0;"Não se aplica";0;"NÃO ALCANÇOU"
"MG";312930;"Iapu";"X";0;0;0;"Não se aplica";0;"NÃO ALCANÇOU"
"MG";312940;"Ibertioga";"X";0;0;0;"Não se aplica";0;"NÃO ALCANÇOU"
"MG";312950;"Ibiá";"X";0;0;0;"Não se aplica";0;"NÃO ALCANÇOU"
"MG";312960;"Ibiaí";;0;13;0;"Não";0;"NÃO ALCANÇOU"
"MG";312965;"Ibiracatu";"X";0;0;0;"Não se aplica";0;"NÃO ALCANÇOU"
"MG";312970;"Ibiraci";"X";0;0;0;"Não se aplica";0;"NÃO ALCANÇOU"
"MG";312980;"Ibirité";"X";0;0;0;"Não se aplica";0;"NÃO ALCANÇOU"
"MG";312990;"Ibitiúra de Minas";"X";0;0;0;"Não se aplica";0;"NÃO ALCANÇOU"
"MG";313000;"Ibituruna";"X";0;0;0;"Não se aplica";0;"NÃO ALCANÇOU"
"MG";313005;"Icaraí de Minas";;1;3;33,3;"Não";33,3;"NÃO ALCANÇOU"
"MG";313010;"Igarapé";"X";0;0;0;"Não se aplica";0;"NÃO ALCANÇOU"
"MG";313020;"Igaratinga";"X";0;0;0;"Não se aplica";0;"NÃO ALCANÇOU"
"MG";313030;"Iguatama";;3;5;60;"Não";60;"NÃO ALCANÇOU"
"MG";313040;"Ijaci";"X";0;0;0;"Não se aplica";0;"NÃO ALCANÇOU"
"MG";313050;"Ilicínea";"X";0;0;0;"Não se aplica";0;"NÃO ALCANÇOU"
"MG";313055;"Imbé de Minas";"X";0;0;0;"Não se aplica";0;"NÃO ALCANÇOU"
"MG";313060;"Inconfidentes";"X";0;0;0;"Não se aplica";0;"NÃO ALCANÇOU"
"MG";313065;"Indaiabira";"X";0;0;0;"Não se aplica";0;"NÃO ALCANÇOU"
"MG";313070;"Indianópolis";"X";0;0;0;"Não se aplica";0;"NÃO ALCANÇOU"
"MG";313080;"Ingaí";"X";0;0;0;"Não se aplica";0;"NÃO ALCANÇOU"
"MG";313090;"Inhapim";;6;6;100;"Sim";100;"ALCANÇOU"
"MG";313100;"Inhaúma";"X";0;0;0;"Não se aplica";0;"NÃO ALCANÇOU"
"MG";313110;"Inimutaba";"X";0;0;0;"Não se aplica";0;"NÃO ALCANÇOU"
"MG";313115;"Ipaba";;2;2;100;"Sim";100;"ALCANÇOU"
"MG";313120;"Ipanema";"X";0;0;0;"Não se aplica";0;"NÃO ALCANÇOU"
"MG";313130;"Ipatinga";;9;11;81,8;"Sim";81,8;"ALCANÇOU"
"MG";313140;"Ipiaçu";"X";0;0;0;"Não se aplica";0;"NÃO ALCANÇOU"
"MG";313150;"Ipuiúna";"X";0;0;0;"Não se aplica";0;"NÃO ALCANÇOU"
"MG";313160;"Iraí de Minas";"X";0;0;0;"Não se aplica";0;"NÃO ALCANÇOU"
"MG";313170;"Itabira";;2;2;100;"Sim";100;"ALCANÇOU"
"MG";313180;"Itabirinha";"X";0;0;0;"Não se aplica";0;"NÃO ALCANÇOU"
"MG";313190;"Itabirito";;2;2;100;"Sim";100;"ALCANÇOU"
"MG";313200;"Itacambira";"X";0;0;0;"Não se aplica";0;"NÃO ALCANÇOU"
"MG";313210;"Itacarambi";;10;16;62,5;"Não";62,5;"NÃO ALCANÇOU"
"MG";313220;"Itaguara";"X";0;0;0;"Não se aplica";0;"NÃO ALCANÇOU"
"MG";313230;"Itaipé";"X";0;0;0;"Não se aplica";0;"NÃO ALCANÇOU"
"MG";313240;"Itajubá";;10;10;100;"Sim";100;"ALCANÇOU"
"MG";313250;"Itamarandiba";"X";0;0;0;"Não se aplica";0;"NÃO ALCANÇOU"
"MG";313260;"Itamarati de Minas";"X";0;0;0;"Não se aplica";0;"NÃO ALCANÇOU"
"MG";313270;"Itambacuri";;2;2;100;"Sim";100;"ALCANÇOU"
"MG";313280;"Itambé do Mato Dentro";"X";0;0;0;"Não se aplica";0;"NÃO ALCANÇOU"
"MG";313290;"Itamogi";"X";0;0;0;"Não se aplica";0;"NÃO ALCANÇOU"
"MG";313300;"Itamonte";"X";0;0;0;"Não se aplica";0;"NÃO ALCANÇOU"
"MG";313310;"Itanhandu";"X";0;0;0;"Não se aplica";0;"NÃO ALCANÇOU"
"MG";313320;"Itanhomi";;1;2;50;"Não";50;"NÃO ALCANÇOU"
"MG";313330;"Itaobim";;4;4;100;"Sim";100;"ALCANÇOU"
"MG";313340;"Itapagipe";"X";0;0;0;"Não se aplica";0;"NÃO ALCANÇOU"
"MG";313350;"Itapecerica";"X";0;0;0;"Não se aplica";0;"NÃO ALCANÇOU"
"MG";313360;"Itapeva";"X";0;0;0;"Não se aplica";0;"NÃO ALCANÇOU"
"MG";313370;"Itatiaiuçu";"X";0;0;0;"Não se aplica";0;"NÃO ALCANÇOU"
"MG";313375;"Itaú de Minas";;4;7;57,1;"Não";57,1;"NÃO ALCANÇOU"
"MG";313380;"Itaúna";;0;4;0;"Não";0;"NÃO ALCANÇOU"
"MG";313390;"Itaverava";"X";0;0;0;"Não se aplica";0;"NÃO ALCANÇOU"
"MG";313400;"Itinga";;5;5;100;"Sim";100;"ALCANÇOU"
"MG";313410;"Itueta";"X";0;0;0;"Não se aplica";0;"NÃO ALCANÇOU"
"MG";313420;"Ituiutaba";;22;23;95,7;"Sim";95,7;"ALCANÇOU"
"MG";313430;"Itumirim";"X";0;0;0;"Não se aplica";0;"NÃO ALCANÇOU"
"MG";313440;"Iturama";;2;2;100;"Sim";100;"ALCANÇOU"
"MG";313450;"Itutinga";"X";0;0;0;"Não se aplica";0;"NÃO ALCANÇOU"
"MG";313460;"Jaboticatubas";"X";0;0;0;"Não se aplica";0;"NÃO ALCANÇOU"
"MG";313470;"Jacinto";;17;17;100;"Sim";100;"ALCANÇOU"
"MG";313480;"Jacuí";;0;3;0;"Não";0;"NÃO ALCANÇOU"
"MG";313490;"Jacutinga";"X";0;0;0;"Não se aplica";0;"NÃO ALCANÇOU"
"MG";313500;"Jaguaraçu";"X";0;0;0;"Não se aplica";0;"NÃO ALCANÇOU"
"MG";313505;"Jaíba";"X";0;0;0;"Não se aplica";0;"NÃO ALCANÇOU"
"MG";313507;"Jampruca";"X";0;0;0;"Não se aplica";0;"NÃO ALCANÇOU"
"MG";313510;"Janaúba";"X";0;0;0;"Não se aplica";0;"NÃO ALCANÇOU"
"MG";313520;"Januária";;262;375;69,9;"Não";69,9;"NÃO ALCANÇOU"
"MG";313530;"Japaraíba";"X";0;0;0;"Não se aplica";0;"NÃO ALCANÇOU"
"MG";313535;"Japonvar";"X";0;0;0;"Não se aplica";0;"NÃO ALCANÇOU"
"MG";313540;"Jeceaba";"X";0;0;0;"Não se aplica";0;"NÃO ALCANÇOU"
"MG";313545;"Jenipapo de Minas";"X";0;0;0;"Não se aplica";0;"NÃO ALCANÇOU"
"MG";313550;"Jequeri";"X";0;0;0;"Não se aplica";0;"NÃO ALCANÇOU"
"MG";313560;"Jequitaí";;0;2;0;"Não";0;"NÃO ALCANÇOU"
"MG";313570;"Jequitibá";"X";0;0;0;"Não se aplica";0;"NÃO ALCANÇOU"
"MG";313580;"Jequitinhonha";;0;0;0;"Não";0;"NÃO ALCANÇOU"
"MG";313590;"Jesuânia";"X";0;0;0;"Não se aplica";0;"NÃO ALCANÇOU"
"MG";313600;"Joaíma";"X";0;0;0;"Não se aplica";0;"NÃO ALCANÇOU"
"MG";313610;"Joanésia";;1;14;7,1;"Não";7,1;"NÃO ALCANÇOU"
"MG";313620;"João Monlevade";;1;1;100;"Sim";100;"ALCANÇOU"
"MG";313630;"João Pinheiro";;7;7;100;"Sim";100;"ALCANÇOU"
"MG";313640;"Joaquim Felício";"X";0;0;0;"Não se aplica";0;"NÃO ALCANÇOU"
"MG";313650;"Jordânia";"X";0;0;0;"Não se aplica";0;"NÃO ALCANÇOU"
"MG";313652;"José Gonçalves de Minas";"X";0;0;0;"Não se aplica";0;"NÃO ALCANÇOU"
"MG";313655;"José Raydan";"X";0;0;0;"Não se aplica";0;"NÃO ALCANÇOU"
"MG";313657;"Josenópolis";"X";0;0;0;"Não se aplica";0;"NÃO ALCANÇOU"
"MG";313660;"Nova União";"X";0;0;0;"Não se aplica";0;"NÃO ALCANÇOU"
"MG";313665;"Juatuba";"X";0;0;0;"Não se aplica";0;"NÃO ALCANÇOU"
"MG";313670;"Juiz de Fora";;13;15;86,7;"Sim";86,7;"ALCANÇOU"
"MG";313680;"Juramento";"X";0;0;0;"Não se aplica";0;"NÃO ALCANÇOU"
"MG";313690;"Juruaia";"X";0;0;0;"Não se aplica";0;"NÃO ALCANÇOU"
"MG";313695;"Juvenília";;0;0;0;"Não";0;"NÃO ALCANÇOU"
"MG";313700;"Ladainha";;4;5;80;"Não";80;"NÃO ALCANÇOU"
"MG";313710;"Lagamar";"X";0;0;0;"Não se aplica";0;"NÃO ALCANÇOU"
"MG";313720;"Lagoa da Prata";;2;2;100;"Sim";100;"ALCANÇOU"
"MG";313730;"Lagoa dos Patos";"X";0;0;0;"Não se aplica";0;"NÃO ALCANÇOU"
"MG";313740;"Lagoa Dourada";"X";0;0;0;"Não se aplica";0;"NÃO ALCANÇOU"
"MG";313750;"Lagoa Formosa";"X";0;0;0;"Não se aplica";0;"NÃO ALCANÇOU"
"MG";313753;"Lagoa Grande";"X";0;0;0;"Não se aplica";0;"NÃO ALCANÇOU"
"MG";313760;"Lagoa Santa";"X";0;0;0;"Não se aplica";0;"NÃO ALCANÇOU"
"MG";313770;"Lajinha";;1;1;100;"Sim";100;"ALCANÇOU"
"MG";313780;"Lambari";;6;0;0;"Não";0;"NÃO ALCANÇOU"
"MG";313790;"Lamim";"X";0;0;0;"Não se aplica";0;"NÃO ALCANÇOU"
"MG";313800;"Laranjal";"X";0;0;0;"Não se aplica";0;"NÃO ALCANÇOU"
"MG";313810;"Lassance";;0;0;0;"Não";0;"NÃO ALCANÇOU"
"MG";313820;"Lavras";;6;15;40;"Não";40;"NÃO ALCANÇOU"
"MG";313830;"Leandro Ferreira";"X";0;0;0;"Não se aplica";0;"NÃO ALCANÇOU"
"MG";313835;"Leme do Prado";"X";0;0;0;"Não se aplica";0;"NÃO ALCANÇOU"
"MG";313840;"Leopoldina";;3;4;75;"Não";75;"NÃO ALCANÇOU"
"MG";313850;"Liberdade";"X";0;0;0;"Não se aplica";0;"NÃO ALCANÇOU"
"MG";313860;"Lima Duarte";"X";0;0;0;"Não se aplica";0;"NÃO ALCANÇOU"
"MG";313862;"Limeira do Oeste";;3;3;100;"Sim";100;"ALCANÇOU"
"MG";313865;"Lontra";;1;1;100;"Sim";100;"ALCANÇOU"
"MG";313867;"Luisburgo";"X";0;0;0;"Não se aplica";0;"NÃO ALCANÇOU"
"MG";313868;"Luislândia";"X";0;0;0;"Não se aplica";0;"NÃO ALCANÇOU"
"MG";313870;"Luminárias";;9;9;100;"Sim";100;"ALCANÇOU"
"MG";313880;"Luz";;1;1;100;"Sim";100;"ALCANÇOU"
"MG";313890;"Machacalis";"X";0;0;0;"Não se aplica";0;"NÃO ALCANÇOU"
"MG";313900;"Machado";;9;9;100;"Sim";100;"ALCANÇOU"
"MG";313910;"Madre de Deus de Minas";"X";0;0;0;"Não se aplica";0;"NÃO ALCANÇOU"
"MG";313920;"Malacacheta";"X";0;0;0;"Não se aplica";0;"NÃO ALCANÇOU"
"MG";313925;"Mamonas";"X";0;0;0;"Não se aplica";0;"NÃO ALCANÇOU"
"MG";313930;"Manga";;18;18;100;"Sim";100;"ALCANÇOU"
"MG";313940;"Manhuaçu";;5;5;100;"Sim";100;"ALCANÇOU"
"MG";313950;"Manhumirim";"X";0;0;0;"Não se aplica";0;"NÃO ALCANÇOU"
"MG";313960;"Mantena";;18;18;100;"Sim";100;"ALCANÇOU"
"MG";313970;"Maravilhas";"X";0;0;0;"Não se aplica";0;"NÃO ALCANÇOU"
"MG";313980;"Mar de Espanha";"X";0;0;0;"Não se aplica";0;"NÃO ALCANÇOU"
"MG";313990;"Maria da Fé";"X";0;0;0;"Não se aplica";0;"NÃO ALCANÇOU"
"MG";314000;"Mariana";;7;7;100;"Sim";100;"ALCANÇOU"
"MG";314010;"Marilac";"X";0;0;0;"Não se aplica";0;"NÃO ALCANÇOU"
"MG";314015;"Mário Campos";"X";0;0;0;"Não se aplica";0;"NÃO ALCANÇOU"
"MG";314020;"Maripá de Minas";"X";0;0;0;"Não se aplica";0;"NÃO ALCANÇOU"
"MG";314030;"Marliéria";"X";0;0;0;"Não se aplica";0;"NÃO ALCANÇOU"
"MG";314040;"Marmelópolis";"X";0;0;0;"Não se aplica";0;"NÃO ALCANÇOU"
"MG";314050;"Martinho Campos";;5;5;100;"Sim";100;"ALCANÇOU"
"MG";314053;"Martins Soares";"X";0;0;0;"Não se aplica";0;"NÃO ALCANÇOU"
"MG";314055;"Mata Verde";"X";0;0;0;"Não se aplica";0;"NÃO ALCANÇOU"
"MG";314060;"Materlândia";"X";0;0;0;"Não se aplica";0;"NÃO ALCANÇOU"
"MG";314070;"Mateus Leme";"X";0;0;0;"Não se aplica";0;"NÃO ALCANÇOU"
"MG";314080;"Matias Barbosa";"X";0;0;0;"Não se aplica";0;"NÃO ALCANÇOU"
"MG";314085;"Matias Cardoso";;2;2;100;"Sim";100;"ALCANÇOU"
"MG";314090;"Matipó";"X";0;0;0;"Não se aplica";0;"NÃO ALCANÇOU"
"MG";314100;"Mato Verde";"X";0;0;0;"Não se aplica";0;"NÃO ALCANÇOU"
"MG";314110;"Matozinhos";"X";0;0;0;"Não se aplica";0;"NÃO ALCANÇOU"
"MG";314120;"Matutina";"X";0;0;0;"Não se aplica";0;"NÃO ALCANÇOU"
"MG";314130;"Medeiros";"X";0;0;0;"Não se aplica";0;"NÃO ALCANÇOU"
"MG";314140;"Medina";"X";0;0;0;"Não se aplica";0;"NÃO ALCANÇOU"
"MG";314150;"Mendes Pimentel";;0;2;0;"Não";0;"NÃO ALCANÇOU"
"MG";314160;"Mercês";"X";0;0;0;"Não se aplica";0;"NÃO ALCANÇOU"
"MG";314170;"Mesquita";"X";0;0;0;"Não se aplica";0;"NÃO ALCANÇOU"
"MG";314180;"Minas Novas";;7;7;100;"Sim";100;"ALCANÇOU"
"MG";314190;"Minduri";"X";0;0;0;"Não se aplica";0;"NÃO ALCANÇOU"
"MG";314200;"Mirabela";;7;9;77,8;"Não";77,8;"NÃO ALCANÇOU"
"MG";314210;"Miradouro";"X";0;0;0;"Não se aplica";0;"NÃO ALCANÇOU"
"MG";314220;"Miraí";;6;5;120;"Sim";120;"ALCANÇOU"
"MG";314225;"Miravânia";"X";0;0;0;"Não se aplica";0;"NÃO ALCANÇOU"
"MG";314230;"Moeda";"X";0;0;0;"Não se aplica";0;"NÃO ALCANÇOU"
"MG";314240;"Moema";;12;12;100;"Sim";100;"ALCANÇOU"
"MG";314250;"Monjolos";"X";0;0;0;"Não se aplica";0;"NÃO ALCANÇOU"
"MG";314260;"Monsenhor Paulo";"X";0;0;0;"Não se aplica";0;"NÃO ALCANÇOU"
"MG";314270;"Montalvânia";;0;4;0;"Não";0;"NÃO ALCANÇOU"
"MG";314280;"Monte Alegre de Minas";;1;1;100;"Sim";100;"ALCANÇOU"
"MG";314290;"Monte Azul";;0;1;0;"Não";0;"NÃO ALCANÇOU"
"MG";314300;"Monte Belo";"X";0;0;0;"Não se aplica";0;"NÃO ALCANÇOU"
"MG";314310;"Monte Carmelo";;2;2;100;"Sim";100;"ALCANÇOU"
"MG";314315;"Monte Formoso";"X";0;0;0;"Não se aplica";0;"NÃO ALCANÇOU"
"MG";314320;"Monte Santo de Minas";"X";0;0;0;"Não se aplica";0;"NÃO ALCANÇOU"
"MG";314330;"Montes Claros";;150;163;92;"Sim";92;"ALCANÇOU"
"MG";314340;"Monte Sião";"X";0;0;0;"Não se aplica";0;"NÃO ALCANÇOU"
"MG";314345;"Montezuma";"X";0;0;0;"Não se aplica";0;"NÃO ALCANÇOU"
"MG";314350;"Morada Nova de Minas";"X";0;0;0;"Não se aplica";0;"NÃO ALCANÇOU"
"MG";314360;"Morro da Garça";"X";0;0;0;"Não se aplica";0;"NÃO ALCANÇOU"
"MG";314370;"Morro do Pilar";"X";0;0;0;"Não se aplica";0;"NÃO ALCANÇOU"
"MG";314380;"Munhoz";"X";0;0;0;"Não se aplica";0;"NÃO ALCANÇOU"
"MG";314390;"Muriaé";;0;4;0;"Não";0;"NÃO ALCANÇOU"
"MG";314400;"Mutum";"X";0;0;0;"Não se aplica";0;"NÃO ALCANÇOU"
"MG";314410;"Muzambinho";"X";0;0;0;"Não se aplica";0;"NÃO ALCANÇOU"
"MG";314420;"Nacip Raydan";"X";0;0;0;"Não se aplica";0;"NÃO ALCANÇOU"
"MG";314430;"Nanuque";;10;16;62,5;"Não";62,5;"NÃO ALCANÇOU"
"MG";314435;"Naque";"X";0;0;0;"Não se aplica";0;"NÃO ALCANÇOU"
"MG";314437;"Natalândia";"X";0;0;0;"Não se aplica";0;"NÃO ALCANÇOU"
"MG";314440;"Natércia";"X";0;0;0;"Não se aplica";0;"NÃO ALCANÇOU"
"MG";314450;"Nazareno";"X";0;0;0;"Não se aplica";0;"NÃO ALCANÇOU"
"MG";314460;"Nepomuceno";"X";0;0;0;"Não se aplica";0;"NÃO ALCANÇOU"
"MG";314465;"Ninheira";;0;2;0;"Não";0;"NÃO ALCANÇOU"
"MG";314467;"Nova Belém";"X";0;0;0;"Não se aplica";0;"NÃO ALCANÇOU"
"MG";314470;"Nova Era";;3;3;100;"Sim";100;"ALCANÇOU"
"MG";314480;"Nova Lima";;0;0;0;"Não";0;"NÃO ALCANÇOU"
"MG";314490;"Nova Módica";;0;1;0;"Não";0;"NÃO ALCANÇOU"
"MG";314500;"Nova Ponte";;3;3;100;"Sim";100;"ALCANÇOU"
"MG";314505;"Nova Porteirinha";"X";0;0;0;"Não se aplica";0;"NÃO ALCANÇOU"
"MG";314510;"Nova Resende";;0;1;0;"Não";0;"NÃO ALCANÇOU"
"MG";314520;"Nova Serrana";;14;14;100;"Sim";100;"ALCANÇOU"
"MG";314530;"Novo Cruzeiro";;11;17;64,7;"Não";64,7;"NÃO ALCANÇOU"
"MG";314535;"Novo Oriente de Minas";"X";0;0;0;"Não se aplica";0;"NÃO ALCANÇOU"
"MG";314537;"Novorizonte";"X";0;0;0;"Não se aplica";0;"NÃO ALCANÇOU"
"MG";314540;"Olaria";;4;4;100;"Sim";100;"ALCANÇOU"
"MG";314545;"Olhos-d'Água";"X";0;0;0;"Não se aplica";0;"NÃO ALCANÇOU"
"MG";314550;"Olímpio Noronha";"X";0;0;0;"Não se aplica";0;"NÃO ALCANÇOU"
"MG";314560;"Oliveira";"X";0;0;0;"Não se aplica";0;"NÃO ALCANÇOU"
"MG";314570;"Oliveira Fortes";"X";0;0;0;"Não se aplica";0;"NÃO ALCANÇOU"
"MG";314580;"Onça de Pitangui";"X";0;0;0;"Não se aplica";0;"NÃO ALCANÇOU"
"MG";314585;"Oratórios";"X";0;0;0;"Não se aplica";0;"NÃO ALCANÇOU"
"MG";314587;"Orizânia";"X";0;0;0;"Não se aplica";0;"NÃO ALCANÇOU"
"MG";314590;"Ouro Branco";;4;4;100;"Sim";100;"ALCANÇOU"
"MG";314600;"Ouro Fino";"X";0;0;0;"Não se aplica";0;"NÃO ALCANÇOU"
"MG";314610;"Ouro Preto";"X";0;0;0;"Não se aplica";0;"NÃO ALCANÇOU"
"MG";314620;"Ouro Verde de Minas";;1;1;100;"Sim";100;"ALCANÇOU"
"MG";314625;"Padre Carvalho";"X";0;0;0;"Não se aplica";0;"NÃO ALCANÇOU"
"MG";314630;"Padre Paraíso";"X";0;0;0;"Não se aplica";0;"NÃO ALCANÇOU"
"MG";314640;"Paineiras";"X";0;0;0;"Não se aplica";0;"NÃO ALCANÇOU"
"MG";314650;"Pains";"X";0;0;0;"Não se aplica";0;"NÃO ALCANÇOU"
"MG";314655;"Pai Pedro";"X";0;0;0;"Não se aplica";0;"NÃO ALCANÇOU"
"MG";314660;"Paiva";"X";0;0;0;"Não se aplica";0;"NÃO ALCANÇOU"
"MG";314670;"Palma";"X";0;0;0;"Não se aplica";0;"NÃO ALCANÇOU"
"MG";314675;"Palmópolis";;2;2;100;"Sim";100;"ALCANÇOU"
"MG";314690;"Papagaios";"X";0;0;0;"Não se aplica";0;"NÃO ALCANÇOU"
"MG";314700;"Paracatu";;35;35;100;"Sim";100;"ALCANÇOU"
"MG";314710;"Pará de Minas";;0;0;0;"Não";0;"NÃO ALCANÇOU"
"MG";314720;"Paraguaçu";"X";0;0;0;"Não se aplica";0;"NÃO ALCANÇOU"
"MG";314730;"Paraisópolis";"X";0;0;0;"Não se aplica";0;"NÃO ALCANÇOU"
"MG";314740;"Paraopeba";"X";0;0;0;"Não se aplica";0;"NÃO ALCANÇOU"
"MG";314750;"Passabém";"X";0;0;0;"Não se aplica";0;"NÃO ALCANÇOU"
"MG";314760;"Passa Quatro";"X";0;0;0;"Não se aplica";0;"NÃO ALCANÇOU"
"MG";314770;"Passa Tempo";"X";0;0;0;"Não se aplica";0;"NÃO ALCANÇOU"
"MG";314780;"Passa-Vinte";"X";0;0;0;"Não se aplica";0;"NÃO ALCANÇOU"
"MG";314790;"Passos";;27;27;100;"Sim";100;"ALCANÇOU"
"MG";314795;"Patis";"X";0;0;0;"Não se aplica";0;"NÃO ALCANÇOU"
"MG";314800;"Patos de Minas";;10;12;83,3;"Sim";83,3;"ALCANÇOU"
"MG";314810;"Patrocínio";"X";0;0;0;"Não se aplica";0;"NÃO ALCANÇOU"
"MG";314820;"Patrocínio do Muriaé";"X";0;0;0;"Não se aplica";0;"NÃO ALCANÇOU"
"MG";314830;"Paula Cândido";"X";0;0;0;"Não se aplica";0;"NÃO ALCANÇOU"
"MG";314840;"Paulistas";"X";0;0;0;"Não se aplica";0;"NÃO ALCANÇOU"
"MG";314850;"Pavão";;2;2;100;"Sim";100;"ALCANÇOU"
"MG";314860;"Peçanha";"X";0;0;0;"Não se aplica";0;"NÃO ALCANÇOU"
"MG";314870;"Pedra Azul";;6;6;100;"Sim";100;"ALCANÇOU"
"MG";314875;"Pedra Bonita";"X";0;0;0;"Não se aplica";0;"NÃO ALCANÇOU"
"MG";314880;"Pedra do Anta";"X";0;0;0;"Não se aplica";0;"NÃO ALCANÇOU"
"MG";314890;"Pedra do Indaiá";"X";0;0;0;"Não se aplica";0;"NÃO ALCANÇOU"
"MG";314900;"Pedra Dourada";"X";0;0;0;"Não se aplica";0;"NÃO ALCANÇOU"
"MG";314910;"Pedralva";"X";0;0;0;"Não se aplica";0;"NÃO ALCANÇOU"
"MG";314915;"Pedras de Maria da Cruz";;0;19;0;"Não";0;"NÃO ALCANÇOU"
"MG";314920;"Pedrinópolis";"X";0;0;0;"Não se aplica";0;"NÃO ALCANÇOU"
"MG";314930;"Pedro Leopoldo";"X";0;0;0;"Não se aplica";0;"NÃO ALCANÇOU"
"MG";314940;"Pedro Teixeira";"X";0;0;0;"Não se aplica";0;"NÃO ALCANÇOU"
"MG";314950;"Pequeri";"X";0;0;0;"Não se aplica";0;"NÃO ALCANÇOU"
"MG";314960;"Pequi";"X";0;0;0;"Não se aplica";0;"NÃO ALCANÇOU"
"MG";314970;"Perdigão";"X";0;0;0;"Não se aplica";0;"NÃO ALCANÇOU"
"MG";314980;"Perdizes";"X";0;0;0;"Não se aplica";0;"NÃO ALCANÇOU"
"MG";314990;"Perdões";"X";0;0;0;"Não se aplica";0;"NÃO ALCANÇOU"
"MG";314995;"Periquito";;9;9;100;"Sim";100;"ALCANÇOU"
"MG";315000;"Pescador";"X";0;0;0;"Não se aplica";0;"NÃO ALCANÇOU"
"MG";315010;"Piau";"X";0;0;0;"Não se aplica";0;"NÃO ALCANÇOU"
"MG";315015;"Piedade de Caratinga";"X";0;0;0;"Não se aplica";0;"NÃO ALCANÇOU"
"MG";315020;"Piedade de Ponte Nova";"X";0;0;0;"Não se aplica";0;"NÃO ALCANÇOU"
"MG";315030;"Piedade do Rio Grande";"X";0;0;0;"Não se aplica";0;"NÃO ALCANÇOU"
"MG";315040;"Piedade dos Gerais";"X";0;0;0;"Não se aplica";0;"NÃO ALCANÇOU"
"MG";315050;"Pimenta";"X";0;0;0;"Não se aplica";0;"NÃO ALCANÇOU"
"MG";315053;"Pingo-d'Água";"X";0;0;0;"Não se aplica";0;"NÃO ALCANÇOU"
"MG";315057;"Pintópolis";;0;6;0;"Não";0;"NÃO ALCANÇOU"
"MG";315060;"Piracema";;0;0;0;"Não";0;"NÃO ALCANÇOU"
"MG";315070;"Pirajuba";;0;0;0;"Não";0;"NÃO ALCANÇOU"
"MG";315080;"Piranga";"X";0;0;0;"Não se aplica";0;"NÃO ALCANÇOU"
"MG";315090;"Piranguçu";"X";0;0;0;"Não se aplica";0;"NÃO ALCANÇOU"
"MG";315100;"Piranguinho";;0;1;0;"Não";0;"NÃO ALCANÇOU"
"MG";315110;"Pirapetinga";"X";0;0;0;"Não se aplica";0;"NÃO ALCANÇOU"
"MG";315120;"Pirapora";;21;21;100;"Sim";100;"ALCANÇOU"
"MG";315130;"Piraúba";"X";0;0;0;"Não se aplica";0;"NÃO ALCANÇOU"
"MG";315140;"Pitangui";"X";0;0;0;"Não se aplica";0;"NÃO ALCANÇOU"
"MG";315150;"Piumhi";"X";0;0;0;"Não se aplica";0;"NÃO ALCANÇOU"
"MG";315160;"Planura";"X";0;0;0;"Não se aplica";0;"NÃO ALCANÇOU"
"MG";315170;"Poço Fundo";"X";0;0;0;"Não se aplica";0;"NÃO ALCANÇOU"
"MG";315180;"Poços de Caldas";"X";0;0;0;"Não se aplica";0;"NÃO ALCANÇOU"
"MG";315190;"Pocrane";;6;6;100;"Sim";100;"ALCANÇOU"
"MG";315200;"Pompéu";;2;4;50;"Não";50;"NÃO ALCANÇOU"
"MG";315210;"Ponte Nova";"X";0;0;0;"Não se aplica";0;"NÃO ALCANÇOU"
"MG";315213;"Ponto Chique";"X";0;0;0;"Não se aplica";0;"NÃO ALCANÇOU"
"MG";315217;"Ponto dos Volantes";"X";0;0;0;"Não se aplica";0;"NÃO ALCANÇOU"
"MG";315220;"Porteirinha";;1;7;14,3;"Não";14,3;"NÃO ALCANÇOU"
"MG";315230;"Porto Firme";"X";0;0;0;"Não se aplica";0;"NÃO ALCANÇOU"
"MG";315240;"Poté";;9;22;40,9;"Não";40,9;"NÃO ALCANÇOU"
"MG";315250;"Pouso Alegre";;12;12;100;"Sim";100;"ALCANÇOU"
"MG";315260;"Pouso Alto";"X";0;0;0;"Não se aplica";0;"NÃO ALCANÇOU"
"MG";315270;"Prados";"X";0;0;0;"Não se aplica";0;"NÃO ALCANÇOU"
"MG";315280;"Prata";"X";0;0;0;"Não se aplica";0;"NÃO ALCANÇOU"
"MG";315290;"Pratápolis";"X";0;0;0;"Não se aplica";0;"NÃO ALCANÇOU"
"MG";315300;"Pratinha";"X";0;0;0;"Não se aplica";0;"NÃO ALCANÇOU"
"MG";315310;"Presidente Bernardes";"X";0;0;0;"Não se aplica";0;"NÃO ALCANÇOU"
"MG";315320;"Presidente Juscelino";"X";0;0;0;"Não se aplica";0;"NÃO ALCANÇOU"
"MG";315330;"Presidente Kubitschek";;0;6;0;"Não";0;"NÃO ALCANÇOU"
"MG";315340;"Presidente Olegário";"X";0;0;0;"Não se aplica";0;"NÃO ALCANÇOU"
"MG";315350;"Alto Jequitibá";"X";0;0;0;"Não se aplica";0;"NÃO ALCANÇOU"
"MG";315360;"Prudente de Morais";"X";0;0;0;"Não se aplica";0;"NÃO ALCANÇOU"
"MG";315370;"Quartel Geral";"X";0;0;0;"Não se aplica";0;"NÃO ALCANÇOU"
"MG";315380;"Queluzito";"X";0;0;0;"Não se aplica";0;"NÃO ALCANÇOU"
"MG";315390;"Raposos";"X";0;0;0;"Não se aplica";0;"NÃO ALCANÇOU"
"MG";315400;"Raul Soares";"X";0;0;0;"Não se aplica";0;"NÃO ALCANÇOU"
"MG";315410;"Recreio";"X";0;0;0;"Não se aplica";0;"NÃO ALCANÇOU"
"MG";315415;"Reduto";"X";0;0;0;"Não se aplica";0;"NÃO ALCANÇOU"
"MG";315420;"Resende Costa";"X";0;0;0;"Não se aplica";0;"NÃO ALCANÇOU"
"MG";315430;"Resplendor";;3;3;100;"Sim";100;"ALCANÇOU"
"MG";315440;"Ressaquinha";"X";0;0;0;"Não se aplica";0;"NÃO ALCANÇOU"
"MG";315445;"Riachinho";"X";0;0;0;"Não se aplica";0;"NÃO ALCANÇOU"
"MG";315450;"Riacho dos Machados";"X";0;0;0;"Não se aplica";0;"NÃO ALCANÇOU"
"MG";315460;"Ribeirão das Neves";;49;60;81,7;"Sim";81,7;"ALCANÇOU"
"MG";315470;"Ribeirão Vermelho";"X";0;0;0;"Não se aplica";0;"NÃO ALCANÇOU"
"MG";315480;"Rio Acima";"X";0;0;0;"Não se aplica";0;"NÃO ALCANÇOU"
"MG";315490;"Rio Casca";"X";0;0;0;"Não se aplica";0;"NÃO ALCANÇOU"
"MG";315500;"Rio Doce";;3;3;100;"Sim";100;"ALCANÇOU"
"MG";315510;"Rio do Prado";"X";0;0;0;"Não se aplica";0;"NÃO ALCANÇOU"
"MG";315520;"Rio Espera";"X";0;0;0;"Não se aplica";0;"NÃO ALCANÇOU"
"MG";315530;"Rio Manso";"X";0;0;0;"Não se aplica";0;"NÃO ALCANÇOU"
"MG";315540;"Rio Novo";"X";0;0;0;"Não se aplica";0;"NÃO ALCANÇOU"
"MG";315550;"Rio Paranaíba";;0;0;0;"Não";0;"NÃO ALCANÇOU"
"MG";315560;"Rio Pardo de Minas";;3;2;150;"Sim";150;"ALCANÇOU"
"MG";315570;"Rio Piracicaba";"X";0;0;0;"Não se aplica";0;"NÃO ALCANÇOU"
"MG";315580;"Rio Pomba";;3;3;100;"Sim";100;"ALCANÇOU"
"MG";315590;"Rio Preto";"X";0;0;0;"Não se aplica";0;"NÃO ALCANÇOU"
"MG";315600;"Rio Vermelho";;9;9;100;"Sim";100;"ALCANÇOU"
"MG";315610;"Ritápolis";"X";0;0;0;"Não se aplica";0;"NÃO ALCANÇOU"
"MG";315620;"Rochedo de Minas";"X";0;0;0;"Não se aplica";0;"NÃO ALCANÇOU"
"MG";315630;"Rodeiro";;0;10;0;"Não";0;"NÃO ALCANÇOU"
"MG";315640;"Romaria";"X";0;0;0;"Não se aplica";0;"NÃO ALCANÇOU"
"MG";315645;"Rosário da Limeira";"X";0;0;0;"Não se aplica";0;"NÃO ALCANÇOU"
"MG";315650;"Rubelita";;7;2;350;"Sim";350;"ALCANÇOU"
"MG";315660;"Rubim";"X";0;0;0;"Não se aplica";0;"NÃO ALCANÇOU"
"MG";315670;"Sabará";;9;17;52,9;"Não";52,9;"NÃO ALCANÇOU"
"MG";315680;"Sabinópolis";"X";0;0;0;"Não se aplica";0;"NÃO ALCANÇOU"
"MG";315690;"Sacramento";;3;3;100;"Sim";100;"ALCANÇOU"
"MG";315700;"Salinas";"X";0;0;0;"Não se aplica";0;"NÃO ALCANÇOU"
"MG";315710;"Salto da Divisa";;2;5;40;"Não";40;"NÃO ALCANÇOU"
"MG";315720;"Santa Bárbara";;0;2;0;"Não";0;"NÃO ALCANÇOU"
"MG";315725;"Santa Bárbara do Leste";"X";0;0;0;"Não se aplica";0;"NÃO ALCANÇOU"
"MG";315727;"Santa Bárbara do Monte Verde";"X";0;0;0;"Não se aplica";0;"NÃO ALCANÇOU"
"MG";315730;"Santa Bárbara do Tugúrio";"X";0;0;0;"Não se aplica";0;"NÃO ALCANÇOU"
"MG";315733;"Santa Cruz de Minas";"X";0;0;0;"Não se aplica";0;"NÃO ALCANÇOU"
"MG";315737;"Santa Cruz de Salinas";"X";0;0;0;"Não se aplica";0;"NÃO ALCANÇOU"
"MG";315740;"Santa Cruz do Escalvado";"X";0;0;0;"Não se aplica";0;"NÃO ALCANÇOU"
"MG";315750;"Santa Efigênia de Minas";"X";0;0;0;"Não se aplica";0;"NÃO ALCANÇOU"
"MG";315760;"Santa Fé de Minas";"X";0;0;0;"Não se aplica";0;"NÃO ALCANÇOU"
"MG";315765;"Santa Helena de Minas";"X";0;0;0;"Não se aplica";0;"NÃO ALCANÇOU"
"MG";315770;"Santa Juliana";"X";0;0;0;"Não se aplica";0;"NÃO ALCANÇOU"
"MG";315780;"Santa Luzia";;5;5;100;"Sim";100;"ALCANÇOU"
"MG";315790;"Santa Margarida";"X";0;0;0;"Não se aplica";0;"NÃO ALCANÇOU"
"MG";315800;"Santa Maria de Itabira";"X";0;0;0;"Não se aplica";0;"NÃO ALCANÇOU"
"MG";315810;"Santa Maria do Salto";"X";0;0;0;"Não se aplica";0;"NÃO ALCANÇOU"
"MG";315820;"Santa Maria do Suaçuí";"X";0;0;0;"Não se aplica";0;"NÃO ALCANÇOU"
"MG";315830;"Santana da Vargem";"X";0;0;0;"Não se aplica";0;"NÃO ALCANÇOU"
"MG";315840;"Santana de Cataguases";"X";0;0;0;"Não se aplica";0;"NÃO ALCANÇOU"
"MG";315850;"Santana de Pirapama";"X";0;0;0;"Não se aplica";0;"NÃO ALCANÇOU"
"MG";315860;"Santana do Deserto";"X";0;0;0;"Não se aplica";0;"NÃO ALCANÇOU"
"MG";315870;"Santana do Garambéu";"X";0;0;0;"Não se aplica";0;"NÃO ALCANÇOU"
"MG";315880;"Santana do Jacaré";"X";0;0;0;"Não se aplica";0;"NÃO ALCANÇOU"
"MG";315890;"Santana do Manhuaçu";"X";0;0;0;"Não se aplica";0;"NÃO ALCANÇOU"
"MG";315895;"Santana do Paraíso";;1;1;100;"Sim";100;"ALCANÇOU"
"MG";315900;"Santana do Riacho";"X";0;0;0;"Não se aplica";0;"NÃO ALCANÇOU"
"MG";315910;"Santana dos Montes";"X";0;0;0;"Não se aplica";0;"NÃO ALCANÇOU"
"MG";315920;"Santa Rita de Caldas";"X";0;0;0;"Não se aplica";0;"NÃO ALCANÇOU"
"MG";315930;"Santa Rita de Jacutinga";"X";0;0;0;"Não se aplica";0;"NÃO ALCANÇOU"
"MG";315935;"Santa Rita de Minas";"X";0;0;0;"Não se aplica";0;"NÃO ALCANÇOU"
"MG";315940;"Santa Rita de Ibitipoca";"X";0;0;0;"Não se aplica";0;"NÃO ALCANÇOU"
"MG";315950;"Santa Rita do Itueto";"X";0;0;0;"Não se aplica";0;"NÃO ALCANÇOU"
"MG";315960;"Santa Rita do Sapucaí";"X";0;0;0;"Não se aplica";0;"NÃO ALCANÇOU"
"MG";315970;"Santa Rosa da Serra";"X";0;0;0;"Não se aplica";0;"NÃO ALCANÇOU"
"MG";315980;"Santa Vitória";;6;6;100;"Sim";100;"ALCANÇOU"
"MG";315990;"Santo Antônio do Amparo";"X";0;0;0;"Não se aplica";0;"NÃO ALCANÇOU"
"MG";316000;"Santo Antônio do Aventureiro";"X";0;0;0;"Não se aplica";0;"NÃO ALCANÇOU"
"MG";316010;"Santo Antônio do Grama";"X";0;0;0;"Não se aplica";0;"NÃO ALCANÇOU"
"MG";316020;"Santo Antônio do Itambé";;0;0;0;"Não";0;"NÃO ALCANÇOU"
"MG";316030;"Santo Antônio do Jacinto";;1;1;100;"Sim";100;"ALCANÇOU"
"MG";316040;"Santo Antônio do Monte";"X";0;0;0;"Não se aplica";0;"NÃO ALCANÇOU"
"MG";316045;"Santo Antônio do Retiro";"X";0;0;0;"Não se aplica";0;"NÃO ALCANÇOU"
"MG";316050;"Santo Antônio do Rio Abaixo";"X";0;0;0;"Não se aplica";0;"NÃO ALCANÇOU"
"MG";316060;"Santo Hipólito";"X";0;0;0;"Não se aplica";0;"NÃO ALCANÇOU"
"MG";316070;"Santos Dumont";"X";0;0;0;"Não se aplica";0;"NÃO ALCANÇOU"
"MG";316080;"São Bento Abade";"X";0;0;0;"Não se aplica";0;"NÃO ALCANÇOU"
"MG";316090;"São Brás do Suaçuí";"X";0;0;0;"Não se aplica";0;"NÃO ALCANÇOU"
"MG";316095;"São Domingos das Dores";"X";0;0;0;"Não se aplica";0;"NÃO ALCANÇOU"
"MG";316100;"São Domingos do Prata";"X";0;0;0;"Não se aplica";0;"NÃO ALCANÇOU"
"MG";316105;"São Félix de Minas";"X";0;0;0;"Não se aplica";0;"NÃO ALCANÇOU"
"MG";316110;"São Francisco";;4;59;6,8;"Não";6,8;"NÃO ALCANÇOU"
"MG";316120;"São Francisco de Paula";"X";0;0;0;"Não se aplica";0;"NÃO ALCANÇOU"
"MG";316130;"São Francisco de Sales";"X";0;0;0;"Não se aplica";0;"NÃO ALCANÇOU"
"MG";316140;"São Francisco do Glória";"X";0;0;0;"Não se aplica";0;"NÃO ALCANÇOU"
"MG";316150;"São Geraldo";"X";0;0;0;"Não se aplica";0;"NÃO ALCANÇOU"
"MG";316160;"São Geraldo da Piedade";"X";0;0;0;"Não se aplica";0;"NÃO ALCANÇOU"
"MG";316165;"São Geraldo do Baixio";;0;0;0;"Não";0;"NÃO ALCANÇOU"
"MG";316170;"São Gonçalo do Abaeté";"X";0;0;0;"Não se aplica";0;"NÃO ALCANÇOU"
"MG";316180;"São Gonçalo do Pará";"X";0;0;0;"Não se aplica";0;"NÃO ALCANÇOU"
"MG";316190;"São Gonçalo do Rio Abaixo";"X";0;0;0;"Não se aplica";0;"NÃO ALCANÇOU"
"MG";316200;"São Gonçalo do Sapucaí";;0;3;0;"Não";0;"NÃO ALCANÇOU"
"MG";316210;"São Gotardo";;5;5;100;"Sim";100;"ALCANÇOU"
"MG";316220;"São João Batista do Glória";"X";0;0;0;"Não se aplica";0;"NÃO ALCANÇOU"
"MG";316225;"São João da Lagoa";"X";0;0;0;"Não se aplica";0;"NÃO ALCANÇOU"
"MG";316230;"São João da Mata";"X";0;0;0;"Não se aplica";0;"NÃO ALCANÇOU"
"MG";316240;"São João da Ponte";;0;11;0;"Não";0;"NÃO ALCANÇOU"
"MG";316245;"São João das Missões";;0;6;0;"Não";0;"NÃO ALCANÇOU"
"MG";316250;"São João del Rei";;3;3;100;"Sim";100;"ALCANÇOU"
"MG";316255;"São João do Manhuaçu";"X";0;0;0;"Não se aplica";0;"NÃO ALCANÇOU"
"MG";316257;"São João do Manteninha";;0;3;0;"Não";0;"NÃO ALCANÇOU"
"MG";316260;"São João do Oriente";;0;2;0;"Não";0;"NÃO ALCANÇOU"
"MG";316265;"São João do Pacuí";;0;2;0;"Não";0;"NÃO ALCANÇOU"
"MG";316270;"São João do Paraíso";;3;3;100;"Sim";100;"ALCANÇOU"
"MG";316280;"São João Evangelista";"X";0;0;0;"Não se aplica";0;"NÃO ALCANÇOU"
"MG";316290;"São João Nepomuceno";"X";0;0;0;"Não se aplica";0;"NÃO ALCANÇOU"
"MG";316292;"São Joaquim de Bicas";;0;1;0;"Não";0;"NÃO ALCANÇOU"
"MG";316294;"São José da Barra";"X";0;0;0;"Não se aplica";0;"NÃO ALCANÇOU"
"MG";316295;"São José da Lapa";;0;3;0;"Não";0;"NÃO ALCANÇOU"
"MG";316300;"São José da Safira";"X";0;0;0;"Não se aplica";0;"NÃO ALCANÇOU"
"MG";316310;"São José da Varginha";"X";0;0;0;"Não se aplica";0;"NÃO ALCANÇOU"
"MG";316320;"São José do Alegre";"X";0;0;0;"Não se aplica";0;"NÃO ALCANÇOU"
"MG";316330;"São José do Divino";"X";0;0;0;"Não se aplica";0;"NÃO ALCANÇOU"
"MG";316340;"São José do Goiabal";;4;4;100;"Sim";100;"ALCANÇOU"
"MG";316350;"São José do Jacuri";;1;1;100;"Sim";100;"ALCANÇOU"
"MG";316360;"São José do Mantimento";"X";0;0;0;"Não se aplica";0;"NÃO ALCANÇOU"
"MG";316370;"São Lourenço";"X";0;0;0;"Não se aplica";0;"NÃO ALCANÇOU"
"MG";316380;"São Miguel do Anta";"X";0;0;0;"Não se aplica";0;"NÃO ALCANÇOU"
"MG";316390;"São Pedro da União";"X";0;0;0;"Não se aplica";0;"NÃO ALCANÇOU"
"MG";316400;"São Pedro dos Ferros";"X";0;0;0;"Não se aplica";0;"NÃO ALCANÇOU"
"MG";316410;"São Pedro do Suaçuí";"X";0;0;0;"Não se aplica";0;"NÃO ALCANÇOU"
"MG";316420;"São Romão";"X";0;0;0;"Não se aplica";0;"NÃO ALCANÇOU"
"MG";316430;"São Roque de Minas";;0;4;0;"Não";0;"NÃO ALCANÇOU"
"MG";316440;"São Sebastião da Bela Vista";"X";0;0;0;"Não se aplica";0;"NÃO ALCANÇOU"
"MG";316443;"São Sebastião da Vargem Alegre";"X";0;0;0;"Não se aplica";0;"NÃO ALCANÇOU"
"MG";316447;"São Sebastião do Anta";"X";0;0;0;"Não se aplica";0;"NÃO ALCANÇOU"
"MG";316450;"São Sebastião do Maranhão";"X";0;0;0;"Não se aplica";0;"NÃO ALCANÇOU"
"MG";316460;"São Sebastião do Oeste";"X";0;0;0;"Não se aplica";0;"NÃO ALCANÇOU"
"MG";316470;"São Sebastião do Paraíso";;3;3;100;"Sim";100;"ALCANÇOU"
"MG";316480;"São Sebastião do Rio Preto";"X";0;0;0;"Não se aplica";0;"NÃO ALCANÇOU"
"MG";316490;"São Sebastião do Rio Verde";"X";0;0;0;"Não se aplica";0;"NÃO ALCANÇOU"
"MG";316500;"São Tiago";;0;4;0;"Não";0;"NÃO ALCANÇOU"
"MG";316510;"São Tomás de Aquino";"X";0;0;0;"Não se aplica";0;"NÃO ALCANÇOU"
"MG";316520;"São Thomé das Letras";"X";0;0;0;"Não se aplica";0;"NÃO ALCANÇOU"
"MG";316530;"São Vicente de Minas";"X";0;0;0;"Não se aplica";0;"NÃO ALCANÇOU"
"MG";316540;"Sapucaí-Mirim";"X";0;0;0;"Não se aplica";0;"NÃO ALCANÇOU"
"MG";316550;"Sardoá";"X";0;0;0;"Não se aplica";0;"NÃO ALCANÇOU"
"MG";316553;"Sarzedo";;0;14;0;"Não";0;"NÃO ALCANÇOU"
"MG";316555;"Setubinha";"X";0;0;0;"Não se aplica";0;"NÃO ALCANÇOU"
"MG";316556;"Sem-Peixe";"X";0;0;0;"Não se aplica";0;"NÃO ALCANÇOU"
"MG";316557;"Senador Amaral";;3;7;42,9;"Não";42,9;"NÃO ALCANÇOU"
"MG";316560;"Senador Cortes";"X";0;0;0;"Não se aplica";0;"NÃO ALCANÇOU"
"MG";316570;"Senador Firmino";"X";0;0;0;"Não se aplica";0;"NÃO ALCANÇOU"
"MG";316580;"Senador José Bento";"X";0;0;0;"Não se aplica";0;"NÃO ALCANÇOU"
"MG";316590;"Senador Modestino Gonçalves";"X";0;0;0;"Não se aplica";0;"NÃO ALCANÇOU"
"MG";316600;"Senhora de Oliveira";"X";0;0;0;"Não se aplica";0;"NÃO ALCANÇOU"
"MG";316610;"Senhora do Porto";"X";0;0;0;"Não se aplica";0;"NÃO ALCANÇOU"
"MG";316620;"Senhora dos Remédios";"X";0;0;0;"Não se aplica";0;"NÃO ALCANÇOU"
"MG";316630;"Sericita";"X";0;0;0;"Não se aplica";0;"NÃO ALCANÇOU"
"MG";316640;"Seritinga";"X";0;0;0;"Não se aplica";0;"NÃO ALCANÇOU"
"MG";316650;"Serra Azul de Minas";"X";0;0;0;"Não se aplica";0;"NÃO ALCANÇOU"
"MG";316660;"Serra da Saudade";"X";0;0;0;"Não se aplica";0;"NÃO ALCANÇOU"
"MG";316670;"Serra dos Aimorés";"X";0;0;0;"Não se aplica";0;"NÃO ALCANÇOU"
"MG";316680;"Serra do Salitre";;0;0;0;"Não";0;"NÃO ALCANÇOU"
"MG";316690;"Serrania";"X";0;0;0;"Não se aplica";0;"NÃO ALCANÇOU"
"MG";316695;"Serranópolis de Minas";;7;13;53,8;"Não";53,8;"NÃO ALCANÇOU"
"MG";316700;"Serranos";"X";0;0;0;"Não se aplica";0;"NÃO ALCANÇOU"
"MG";316710;"Serro";;196;196;100;"Sim";100;"ALCANÇOU"
"MG";316720;"Sete Lagoas";;10;14;71,4;"Não";71,4;"NÃO ALCANÇOU"
"MG";316730;"Silveirânia";"X";0;0;0;"Não se aplica";0;"NÃO ALCANÇOU"
"MG";316740;"Silvianópolis";"X";0;0;0;"Não se aplica";0;"NÃO ALCANÇOU"
"MG";316750;"Simão Pereira";"X";0;0;0;"Não se aplica";0;"NÃO ALCANÇOU"
"MG";316760;"Simonésia";"X";0;0;0;"Não se aplica";0;"NÃO ALCANÇOU"
"MG";316770;"Sobrália";"X";0;0;0;"Não se aplica";0;"NÃO ALCANÇOU"
"MG";316780;"Soledade de Minas";;0;2;0;"Não";0;"NÃO ALCANÇOU"
"MG";316790;"Tabuleiro";"X";0;0;0;"Não se aplica";0;"NÃO ALCANÇOU"
"MG";316800;"Taiobeiras";"X";0;0;0;"Não se aplica";0;"NÃO ALCANÇOU"
"MG";316805;"Taparuba";"X";0;0;0;"Não se aplica";0;"NÃO ALCANÇOU"
"MG";316810;"Tapira";"X";0;0;0;"Não se aplica";0;"NÃO ALCANÇOU"
"MG";316820;"Tapiraí";"X";0;0;0;"Não se aplica";0;"NÃO ALCANÇOU"
"MG";316830;"Taquaraçu de Minas";"X";0;0;0;"Não se aplica";0;"NÃO ALCANÇOU"
"MG";316840;"Tarumirim";;0;0;0;"Não";0;"NÃO ALCANÇOU"
"MG";316850;"Teixeiras";"X";0;0;0;"Não se aplica";0;"NÃO ALCANÇOU"
"MG";316860;"Teófilo Otoni";;17;31;54,8;"Não";54,8;"NÃO ALCANÇOU"
"MG";316870;"Timóteo";"X";0;0;0;"Não se aplica";0;"NÃO ALCANÇOU"
"MG";316880;"Tiradentes";"X";0;0;0;"Não se aplica";0;"NÃO ALCANÇOU"
"MG";316890;"Tiros";;0;0;0;"Não";0;"NÃO ALCANÇOU"
"MG";316900;"Tocantins";;4;4;100;"Sim";100;"ALCANÇOU"
"MG";316905;"Tocos do Moji";"X";0;0;0;"Não se aplica";0;"NÃO ALCANÇOU"
"MG";316910;"Toledo";"X";0;0;0;"Não se aplica";0;"NÃO ALCANÇOU"
"MG";316920;"Tombos";"X";0;0;0;"Não se aplica";0;"NÃO ALCANÇOU"
"MG";316930;"Três Corações";;16;21;76,2;"Não";76,2;"NÃO ALCANÇOU"
"MG";316935;"Três Marias";;2;2;100;"Sim";100;"ALCANÇOU"
"MG";316940;"Três Pontas";"X";0;0;0;"Não se aplica";0;"NÃO ALCANÇOU"
"MG";316950;"Tumiritinga";;0;2;0;"Não";0;"NÃO ALCANÇOU"
"MG";316960;"Tupaciguara";"X";0;0;0;"Não se aplica";0;"NÃO ALCANÇOU"
"MG";316970;"Turmalina";"X";0;0;0;"Não se aplica";0;"NÃO ALCANÇOU"
"MG";316980;"Turvolândia";"X";0;0;0;"Não se aplica";0;"NÃO ALCANÇOU"
"MG";316990;"Ubá";;8;12;66,7;"Não";66,7;"NÃO ALCANÇOU"
"MG";317000;"Ubaí";;18;18;100;"Sim";100;"ALCANÇOU"
"MG";317005;"Ubaporanga";"X";0;0;0;"Não se aplica";0;"NÃO ALCANÇOU"
"MG";317010;"Uberaba";;12;12;100;"Sim";100;"ALCANÇOU"
"MG";317020;"Uberlândia";;35;38;92,1;"Sim";92,1;"ALCANÇOU"
"MG";317030;"Umburatiba";"X";0;0;0;"Não se aplica";0;"NÃO ALCANÇOU"
"MG";317040;"Unaí";;1;3;33,3;"Não";33,3;"NÃO ALCANÇOU"
"MG";317043;"União de Minas";"X";0;0;0;"Não se aplica";0;"NÃO ALCANÇOU"
"MG";317047;"Uruana de Minas";"X";0;0;0;"Não se aplica";0;"NÃO ALCANÇOU"
"MG";317050;"Urucânia";"X";0;0;0;"Não se aplica";0;"NÃO ALCANÇOU"
"MG";317052;"Urucuia";;4;4;100;"Sim";100;"ALCANÇOU"
"MG";317057;"Vargem Alegre";"X";0;0;0;"Não se aplica";0;"NÃO ALCANÇOU"
"MG";317060;"Vargem Bonita";"X";0;0;0;"Não se aplica";0;"NÃO ALCANÇOU"
"MG";317065;"Vargem Grande do Rio Pardo";"X";0;0;0;"Não se aplica";0;"NÃO ALCANÇOU"
"MG";317070;"Varginha";;0;3;0;"Não";0;"NÃO ALCANÇOU"
"MG";317075;"Varjão de Minas";"X";0;0;0;"Não se aplica";0;"NÃO ALCANÇOU"
"MG";317080;"Várzea da Palma";;10;10;100;"Sim";100;"ALCANÇOU"
"MG";317090;"Varzelândia";;8;8;100;"Sim";100;"ALCANÇOU"
"MG";317100;"Vazante";"X";0;0;0;"Não se aplica";0;"NÃO ALCANÇOU"
"MG";317103;"Verdelândia";"X";0;0;0;"Não se aplica";0;"NÃO ALCANÇOU"
"MG";317107;"Veredinha";"X";0;0;0;"Não se aplica";0;"NÃO ALCANÇOU"
"MG";317110;"Veríssimo";;2;2;100;"Sim";100;"ALCANÇOU"
"MG";317115;"Vermelho Novo";"X";0;0;0;"Não se aplica";0;"NÃO ALCANÇOU"
"MG";317120;"Vespasiano";;1;4;25;"Não";25;"NÃO ALCANÇOU"
"MG";317130;"Viçosa";;4;4;100;"Sim";100;"ALCANÇOU"
"MG";317140;"Vieiras";"X";0;0;0;"Não se aplica";0;"NÃO ALCANÇOU"
"MG";317150;"Mathias Lobato";"X";0;0;0;"Não se aplica";0;"NÃO ALCANÇOU"
"MG";317160;"Virgem da Lapa";;1;1;100;"Sim";100;"ALCANÇOU"
"MG";317170;"Virgínia";"X";0;0;0;"Não se aplica";0;"NÃO ALCANÇOU"
"MG";317180;"Virginópolis";"X";0;0;0;"Não se aplica";0;"NÃO ALCANÇOU"
"MG";317190;"Virgolândia";"X";0;0;0;"Não se aplica";0;"NÃO ALCANÇOU"
"MG";317200;"Visconde do Rio Branco";;1;6;16,7;"Não";16,7;"NÃO ALCANÇOU"
"MG";317210;"Volta Grande";"X";0;0;0;"Não se aplica";0;"NÃO ALCANÇOU"
"MG";317220;"Wenceslau Braz";"X";0;0;0;"Não se aplica";0;"NÃO ALCANÇOU"
"ES";320010;"Afonso Cláudio";;0;3;0;"Não";0;"NÃO ALCANÇOU"
"ES";320013;"Águia Branca";;0;0;0;"Não";0;"NÃO ALCANÇOU"
"ES";320016;"Água Doce do Norte";;13;13;100;"Sim";100;"ALCANÇOU"
"ES";320020;"Alegre";;4;4;100;"Sim";100;"ALCANÇOU"
"ES";320030;"Alfredo Chaves";"X";0;0;0;"Não se aplica";0;"NÃO ALCANÇOU"
"ES";320035;"Alto Rio Novo";"X";0;0;0;"Não se aplica";0;"NÃO ALCANÇOU"
"ES";320040;"Anchieta";;1;1;100;"Sim";100;"ALCANÇOU"
"ES";320050;"Apiacá";"X";0;0;0;"Não se aplica";0;"NÃO ALCANÇOU"
"ES";320060;"Aracruz";;0;0;0;"Não";0;"NÃO ALCANÇOU"
"ES";320070;"Atilio Vivacqua";;2;2;100;"Sim";100;"ALCANÇOU"
"ES";320080;"Baixo Guandu";;7;7;100;"Sim";100;"ALCANÇOU"
"ES";320090;"Barra de São Francisco";;22;22;100;"Sim";100;"ALCANÇOU"
"ES";320100;"Boa Esperança";;1;1;100;"Sim";100;"ALCANÇOU"
"ES";320110;"Bom Jesus do Norte";"X";0;0;0;"Não se aplica";0;"NÃO ALCANÇOU"
"ES";320115;"Brejetuba";;2;2;100;"Sim";100;"ALCANÇOU"
"ES";320120;"Cachoeiro de Itapemirim";;10;12;83,3;"Sim";83,3;"ALCANÇOU"
"ES";320130;"Cariacica";;98;113;86,7;"Sim";86,7;"ALCANÇOU"
"ES";320140;"Castelo";"X";0;0;0;"Não se aplica";0;"NÃO ALCANÇOU"
"ES";320150;"Colatina";;39;43;90,7;"Sim";90,7;"ALCANÇOU"
"ES";320160;"Conceição da Barra";;7;7;100;"Sim";100;"ALCANÇOU"
"ES";320170;"Conceição do Castelo";;4;4;100;"Sim";100;"ALCANÇOU"
"ES";320180;"Divino de São Lourenço";"X";0;0;0;"Não se aplica";0;"NÃO ALCANÇOU"
"ES";320190;"Domingos Martins";;0;3;0;"Não";0;"NÃO ALCANÇOU"
"ES";320200;"Dores do Rio Preto";"X";0;0;0;"Não se aplica";0;"NÃO ALCANÇOU"
"ES";320210;"Ecoporanga";;1;1;100;"Sim";100;"ALCANÇOU"
"ES";320220;"Fundão";"X";0;0;0;"Não se aplica";0;"NÃO ALCANÇOU"
"ES";320225;"Governador Lindenberg";;7;7;100;"Sim";100;"ALCANÇOU"
"ES";320230;"Guaçuí";;0;0;0;"Não";0;"NÃO ALCANÇOU"
"ES";320240;"Guarapari";;8;21;38,1;"Não";38,1;"NÃO ALCANÇOU"
"ES";320245;"Ibatiba";;2;2;100;"Sim";100;"ALCANÇOU"
"ES";320250;"Ibiraçu";;3;0;0;"Não";0;"NÃO ALCANÇOU"
"ES";320255;"Ibitirama";"X";0;0;0;"Não se aplica";0;"NÃO ALCANÇOU"
"ES";320260;"Iconha";"X";0;0;0;"Não se aplica";0;"NÃO ALCANÇOU"
"ES";320265;"Irupi";"X";0;0;0;"Não se aplica";0;"NÃO ALCANÇOU"
"ES";320270;"Itaguaçu";;14;14;100;"Sim";100;"ALCANÇOU"
"ES";320280;"Itapemirim";"X";0;0;0;"Não se aplica";0;"NÃO ALCANÇOU"
"ES";320290;"Itarana";"X";0;0;0;"Não se aplica";0;"NÃO ALCANÇOU"
"ES";320300;"Iúna";;1;1;100;"Sim";100;"ALCANÇOU"
"ES";320305;"Jaguaré";;7;7;100;"Sim";100;"ALCANÇOU"
"ES";320310;"Jerônimo Monteiro";"X";0;0;0;"Não se aplica";0;"NÃO ALCANÇOU"
"ES";320313;"João Neiva";;2;2;100;"Sim";100;"ALCANÇOU"
"ES";320316;"Laranja da Terra";"X";0;0;0;"Não se aplica";0;"NÃO ALCANÇOU"
"ES";320320;"Linhares";;37;38;97,4;"Sim";97,4;"ALCANÇOU"
"ES";320330;"Mantenópolis";"X";0;0;0;"Não se aplica";0;"NÃO ALCANÇOU"
"ES";320332;"Marataízes";;5;5;100;"Sim";100;"ALCANÇOU"
"ES";320334;"Marechal Floriano";"X";0;0;0;"Não se aplica";0;"NÃO ALCANÇOU"
"ES";320335;"Marilândia";;1;1;100;"Sim";100;"ALCANÇOU"
"ES";320340;"Mimoso do Sul";;7;7;100;"Sim";100;"ALCANÇOU"
"ES";320350;"Montanha";"X";0;0;0;"Não se aplica";0;"NÃO ALCANÇOU"
"ES";320360;"Mucurici";;0;1;0;"Não";0;"NÃO ALCANÇOU"
"ES";320370;"Muniz Freire";;4;4;100;"Sim";100;"ALCANÇOU"
"ES";320380;"Muqui";"X";0;0;0;"Não se aplica";0;"NÃO ALCANÇOU"
"ES";320390;"Nova Venécia";;10;10;100;"Sim";100;"ALCANÇOU"
"ES";320400;"Pancas";;21;22;95,5;"Sim";95,5;"ALCANÇOU"
"ES";320405;"Pedro Canário";;25;25;100;"Sim";100;"ALCANÇOU"
"ES";320410;"Pinheiros";"X";0;0;0;"Não se aplica";0;"NÃO ALCANÇOU"
"ES";320420;"Piúma";"X";0;0;0;"Não se aplica";0;"NÃO ALCANÇOU"
"ES";320425;"Ponto Belo";"X";0;0;0;"Não se aplica";0;"NÃO ALCANÇOU"
"ES";320430;"Presidente Kennedy";"X";0;0;0;"Não se aplica";0;"NÃO ALCANÇOU"
"ES";320435;"Rio Bananal";;4;4;100;"Sim";100;"ALCANÇOU"
"ES";320440;"Rio Novo do Sul";;4;4;100;"Sim";100;"ALCANÇOU"
"ES";320450;"Santa Leopoldina";;3;3;100;"Sim";100;"ALCANÇOU"
"ES";320455;"Santa Maria de Jetibá";;8;12;66,7;"Não";66,7;"NÃO ALCANÇOU"
"ES";320460;"Santa Teresa";;0;0;0;"Não";0;"NÃO ALCANÇOU"
"ES";320465;"São Domingos do Norte";;6;6;100;"Sim";100;"ALCANÇOU"
"ES";320470;"São Gabriel da Palha";;0;0;0;"Não";0;"NÃO ALCANÇOU"
"ES";320480;"São José do Calçado";"X";0;0;0;"Não se aplica";0;"NÃO ALCANÇOU"
"ES";320490;"São Mateus";;44;55;80;"Não";80;"NÃO ALCANÇOU"
"ES";320495;"São Roque do Canaã";;10;10;100;"Sim";100;"ALCANÇOU"
"ES";320500;"Serra";;135;144;93,8;"Sim";93,8;"ALCANÇOU"
"ES";320501;"Sooretama";;19;19;100;"Sim";100;"ALCANÇOU"
"ES";320503;"Vargem Alta";"X";0;0;0;"Não se aplica";0;"NÃO ALCANÇOU"
"ES";320506;"Venda Nova do Imigrante";"X";0;0;0;"Não se aplica";0;"NÃO ALCANÇOU"
"ES";320510;"Viana";;10;18;55,6;"Não";55,6;"NÃO ALCANÇOU"
"ES";320515;"Vila Pavão";;8;8;100;"Sim";100;"ALCANÇOU"
"ES";320517;"Vila Valério";;110;110;100;"Sim";100;"ALCANÇOU"
"ES";320520;"Vila Velha";;71;73;97,3;"Sim";97,3;"ALCANÇOU"
"ES";320530;"Vitória";;53;65;81,5;"Sim";81,5;"ALCANÇOU"
"RJ";330010;"Angra dos Reis";;16;17;94,1;"Sim";94,1;"ALCANÇOU"
"RJ";330015;"Aperibé";"X";0;0;0;"Não se aplica";0;"NÃO ALCANÇOU"
"RJ";330020;"Araruama";;25;32;78,1;"Não";78,1;"NÃO ALCANÇOU"
"RJ";330022;"Areal";"X";0;0;0;"Não se aplica";0;"NÃO ALCANÇOU"
"RJ";330023;"Armação dos Búzios";;0;0;0;"Não";0;"NÃO ALCANÇOU"
"RJ";330025;"Arraial do Cabo";"X";0;0;0;"Não se aplica";0;"NÃO ALCANÇOU"
"RJ";330030;"Barra do Piraí";;2;2;100;"Sim";100;"ALCANÇOU"
"RJ";330040;"Barra Mansa";;0;2;0;"Não";0;"NÃO ALCANÇOU"
"RJ";330045;"Belford Roxo";;29;40;72,5;"Não";72,5;"NÃO ALCANÇOU"
"RJ";330050;"Bom Jardim";"X";0;0;0;"Não se aplica";0;"NÃO ALCANÇOU"
"RJ";330060;"Bom Jesus do Itabapoana";"X";0;0;0;"Não se aplica";0;"NÃO ALCANÇOU"
"RJ";330070;"Cabo Frio";;32;45;71,1;"Não";71,1;"NÃO ALCANÇOU"
"RJ";330080;"Cachoeiras de Macacu";;0;0;0;"Não";0;"NÃO ALCANÇOU"
"RJ";330090;"Cambuci";;4;6;66,7;"Não";66,7;"NÃO ALCANÇOU"
"RJ";330093;"Carapebus";;1;5;20;"Não";20;"NÃO ALCANÇOU"
"RJ";330095;"Comendador Levy Gasparian";"X";0;0;0;"Não se aplica";0;"NÃO ALCANÇOU"
"RJ";330100;"Campos dos Goytacazes";;80;105;76,2;"Não";76,2;"NÃO ALCANÇOU"
"RJ";330110;"Cantagalo";"X";0;0;0;"Não se aplica";0;"NÃO ALCANÇOU"
"RJ";330115;"Cardoso Moreira";"X";0;0;0;"Não se aplica";0;"NÃO ALCANÇOU"
"RJ";330120;"Carmo";;0;6;0;"Não";0;"NÃO ALCANÇOU"
"RJ";330130;"Casimiro de Abreu";;5;5;100;"Sim";100;"ALCANÇOU"
"RJ";330140;"Conceição de Macabu";"X";0;0;0;"Não se aplica";0;"NÃO ALCANÇOU"
"RJ";330150;"Cordeiro";"X";0;0;0;"Não se aplica";0;"NÃO ALCANÇOU"
"RJ";330160;"Duas Barras";"X";0;0;0;"Não se aplica";0;"NÃO ALCANÇOU"
"RJ";330170;"Duque de Caxias";;106;113;93,8;"Sim";93,8;"ALCANÇOU"
"RJ";330180;"Engenheiro Paulo de Frontin";"X";0;0;0;"Não se aplica";0;"NÃO ALCANÇOU"
"RJ";330185;"Guapimirim";;9;9;100;"Sim";100;"ALCANÇOU"
"RJ";330187;"Iguaba Grande";;13;13;100;"Sim";100;"ALCANÇOU"
"RJ";330190;"Itaboraí";;28;28;100;"Sim";100;"ALCANÇOU"
"RJ";330200;"Itaguaí";;16;24;66,7;"Não";66,7;"NÃO ALCANÇOU"
"RJ";330205;"Italva";;3;3;100;"Sim";100;"ALCANÇOU"
"RJ";330210;"Itaocara";"X";0;0;0;"Não se aplica";0;"NÃO ALCANÇOU"
"RJ";330220;"Itaperuna";;4;6;66,7;"Não";66,7;"NÃO ALCANÇOU"
"RJ";330225;"Itatiaia";;1;1;100;"Sim";100;"ALCANÇOU"
"RJ";330227;"Japeri";;15;24;62,5;"Não";62,5;"NÃO ALCANÇOU"
"RJ";330230;"Laje do Muriaé";"X";0;0;0;"Não se aplica";0;"NÃO ALCANÇOU"
"RJ";330240;"Macaé";;29;30;96,7;"Sim";96,7;"ALCANÇOU"
"RJ";330245;"Macuco";"X";0;0;0;"Não se aplica";0;"NÃO ALCANÇOU"
"RJ";330250;"Magé";;20;36;55,6;"Não";55,6;"NÃO ALCANÇOU"
"RJ";330260;"Mangaratiba";;5;8;62,5;"Não";62,5;"NÃO ALCANÇOU"
"RJ";330270;"Maricá";;23;23;100;"Sim";100;"ALCANÇOU"
"RJ";330280;"Mendes";"X";0;0;0;"Não se aplica";0;"NÃO ALCANÇOU"
"RJ";330285;"Mesquita";;26;26;100;"Sim";100;"ALCANÇOU"
"RJ";330290;"Miguel Pereira";;6;6;100;"Sim";100;"ALCANÇOU"
"RJ";330300;"Miracema";"X";0;0;0;"Não se aplica";0;"NÃO ALCANÇOU"
"RJ";330310;"Natividade";"X";0;0;0;"Não se aplica";0;"NÃO ALCANÇOU"
"RJ";330320;"Nilópolis";;0;9;0;"Não";0;"NÃO ALCANÇOU"
"RJ";330330;"Niterói";;34;40;85;"Sim";85;"ALCANÇOU"
"RJ";330340;"Nova Friburgo";;5;6;83,3;"Sim";83,3;"ALCANÇOU"
"RJ";330350;"Nova Iguaçu";;112;126;88,9;"Sim";88,9;"ALCANÇOU"
"RJ";330360;"Paracambi";;5;5;100;"Sim";100;"ALCANÇOU"
"RJ";330370;"Paraíba do Sul";;1;2;50;"Não";50;"NÃO ALCANÇOU"
"RJ";330380;"Parati";;1;1;100;"Sim";100;"ALCANÇOU"
"RJ";330385;"Paty do Alferes";"X";0;0;0;"Não se aplica";0;"NÃO ALCANÇOU"
"RJ";330390;"Petrópolis";"X";0;0;0;"Não se aplica";0;"NÃO ALCANÇOU"
"RJ";330395;"Pinheiral";"X";0;0;0;"Não se aplica";0;"NÃO ALCANÇOU"
"RJ";330400;"Piraí";;0;0;0;"Não";0;"NÃO ALCANÇOU"
"RJ";330410;"Porciúncula";"X";0;0;0;"Não se aplica";0;"NÃO ALCANÇOU"
"RJ";330411;"Porto Real";;4;4;100;"Sim";100;"ALCANÇOU"
"RJ";330412;"Quatis";"X";0;0;0;"Não se aplica";0;"NÃO ALCANÇOU"
"RJ";330414;"Queimados";;8;8;100;"Sim";100;"ALCANÇOU"
"RJ";330415;"Quissamã";"X";0;0;0;"Não se aplica";0;"NÃO ALCANÇOU"
"RJ";330420;"Resende";;12;15;80;"Não";80;"NÃO ALCANÇOU"
"RJ";330430;"Rio Bonito";"X";0;0;0;"Não se aplica";0;"NÃO ALCANÇOU"
"RJ";330440;"Rio Claro";"X";0;0;0;"Não se aplica";0;"NÃO ALCANÇOU"
"RJ";330450;"Rio das Flores";"X";0;0;0;"Não se aplica";0;"NÃO ALCANÇOU"
"RJ";330452;"Rio das Ostras";;6;6;100;"Sim";100;"ALCANÇOU"
"RJ";330455;"Rio de Janeiro";;192;409;46,9;"Não";46,9;"NÃO ALCANÇOU"
"RJ";330460;"Santa Maria Madalena";"X";0;0;0;"Não se aplica";0;"NÃO ALCANÇOU"
"RJ";330470;"Santo Antônio de Pádua";;12;12;100;"Sim";100;"ALCANÇOU"
"RJ";330475;"São Francisco de Itabapoana";"X";0;0;0;"Não se aplica";0;"NÃO ALCANÇOU"
"RJ";330480;"São Fidélis";;8;8;100;"Sim";100;"ALCANÇOU"
"RJ";330490;"São Gonçalo";;76;120;63,3;"Não";63,3;"NÃO ALCANÇOU"
"RJ";330500;"São João da Barra";;9;9;100;"Sim";100;"ALCANÇOU"
"RJ";330510;"São João de Meriti";;21;29;72,4;"Não";72,4;"NÃO ALCANÇOU"
"RJ";330513;"São José de Ubá";;0;2;0;"Não";0;"NÃO ALCANÇOU"
"RJ";330515;"São José do Vale do Rio Preto";"X";0;0;0;"Não se aplica";0;"NÃO ALCANÇOU"
"RJ";330520;"São Pedro da Aldeia";;12;15;80;"Não";80;"NÃO ALCANÇOU"
"RJ";330530;"São Sebastião do Alto";"X";0;0;0;"Não se aplica";0;"NÃO ALCANÇOU"
"RJ";330540;"Sapucaia";"X";0;0;0;"Não se aplica";0;"NÃO ALCANÇOU"
"RJ";330550;"Saquarema";;13;13;100;"Sim";100;"ALCANÇOU"
"RJ";330555;"Seropédica";;6;8;75;"Não";75;"NÃO ALCANÇOU"
"RJ";330560;"Silva Jardim";;1;2;50;"Não";50;"NÃO ALCANÇOU"
"RJ";330570;"Sumidouro";"X";0;0;0;"Não se aplica";0;"NÃO ALCANÇOU"
"RJ";330575;"Tanguá";"X";0;0;0;"Não se aplica";0;"NÃO ALCANÇOU"
"RJ";330580;"Teresópolis";;3;3;100;"Sim";100;"ALCANÇOU"
"RJ";330590;"Trajano de Moraes";"X";0;0;0;"Não se aplica";0;"NÃO ALCANÇOU"
"RJ";330600;"Três Rios";;2;2;100;"Sim";100;"ALCANÇOU"
"RJ";330610;"Valença";"X";0;0;0;"Não se aplica";0;"NÃO ALCANÇOU"
"RJ";330615;"Varre-Sai";"X";0;0;0;"Não se aplica";0;"NÃO ALCANÇOU"
"RJ";330620;"Vassouras";;3;3;100;"Sim";100;"ALCANÇOU"
"RJ";330630;"Volta Redonda";;8;8;100;"Sim";100;"ALCANÇOU"
"SP";350010;"Adamantina";;4;4;100;"Sim";100;"ALCANÇOU"
"SP";350020;"Adolfo";"X";0;0;0;"Não se aplica";0;"NÃO ALCANÇOU"
"SP";350030;"Aguaí";;6;6;100;"Sim";100;"ALCANÇOU"
"SP";350040;"Águas da Prata";"X";0;0;0;"Não se aplica";0;"NÃO ALCANÇOU"
"SP";350050;"Águas de Lindóia";"X";0;0;0;"Não se aplica";0;"NÃO ALCANÇOU"
"SP";350055;"Águas de Santa Bárbara";"X";0;0;0;"Não se aplica";0;"NÃO ALCANÇOU"
"SP";350060;"Águas de São Pedro";;7;7;100;"Sim";100;"ALCANÇOU"
"SP";350070;"Agudos";"X";0;0;0;"Não se aplica";0;"NÃO ALCANÇOU"
"SP";350075;"Alambari";"X";0;0;0;"Não se aplica";0;"NÃO ALCANÇOU"
"SP";350080;"Alfredo Marcondes";"X";0;0;0;"Não se aplica";0;"NÃO ALCANÇOU"
"SP";350090;"Altair";"X";0;0;0;"Não se aplica";0;"NÃO ALCANÇOU"
"SP";350100;"Altinópolis";;4;4;100;"Sim";100;"ALCANÇOU"
"SP";350110;"Alto Alegre";"X";0;0;0;"Não se aplica";0;"NÃO ALCANÇOU"
"SP";350115;"Alumínio";"X";0;0;0;"Não se aplica";0;"NÃO ALCANÇOU"
"SP";350120;"Álvares Florence";;1;1;100;"Sim";100;"ALCANÇOU"
"SP";350130;"Álvares Machado";"X";0;0;0;"Não se aplica";0;"NÃO ALCANÇOU"
"SP";350140;"Álvaro de Carvalho";"X";0;0;0;"Não se aplica";0;"NÃO ALCANÇOU"
"SP";350150;"Alvinlândia";"X";0;0;0;"Não se aplica";0;"NÃO ALCANÇOU"
"SP";350160;"Americana";;5;5;100;"Sim";100;"ALCANÇOU"
"SP";350170;"Américo Brasiliense";"X";0;0;0;"Não se aplica";0;"NÃO ALCANÇOU"
"SP";350180;"Américo de Campos";"X";0;0;0;"Não se aplica";0;"NÃO ALCANÇOU"
"SP";350190;"Amparo";"X";0;0;0;"Não se aplica";0;"NÃO ALCANÇOU"
"SP";350200;"Analândia";"X";0;0;0;"Não se aplica";0;"NÃO ALCANÇOU"
"SP";350210;"Andradina";;18;57;31,6;"Não";31,6;"NÃO ALCANÇOU"
"SP";350220;"Angatuba";"X";0;0;0;"Não se aplica";0;"NÃO ALCANÇOU"
"SP";350230;"Anhembi";"X";0;0;0;"Não se aplica";0;"NÃO ALCANÇOU"
"SP";350240;"Anhumas";"X";0;0;0;"Não se aplica";0;"NÃO ALCANÇOU"
"SP";350250;"Aparecida";"X";0;0;0;"Não se aplica";0;"NÃO ALCANÇOU"
"SP";350260;"Aparecida d'Oeste";"X";0;0;0;"Não se aplica";0;"NÃO ALCANÇOU"
"SP";350270;"Apiaí";;70;95;73,7;"Não";73,7;"NÃO ALCANÇOU"
"SP";350275;"Araçariguama";"X";0;0;0;"Não se aplica";0;"NÃO ALCANÇOU"
"SP";350280;"Araçatuba";;7;7;100;"Sim";100;"ALCANÇOU"
"SP";350290;"Araçoiaba da Serra";;1;1;100;"Sim";100;"ALCANÇOU"
"SP";350300;"Aramina";"X";0;0;0;"Não se aplica";0;"NÃO ALCANÇOU"
"SP";350310;"Arandu";"X";0;0;0;"Não se aplica";0;"NÃO ALCANÇOU"
"SP";350315;"Arapeí";"X";0;0;0;"Não se aplica";0;"NÃO ALCANÇOU"
"SP";350320;"Araraquara";;4;4;100;"Sim";100;"ALCANÇOU"
"SP";350330;"Araras";"X";0;0;0;"Não se aplica";0;"NÃO ALCANÇOU"
"SP";350335;"Arco-Íris";"X";0;0;0;"Não se aplica";0;"NÃO ALCANÇOU"
"SP";350340;"Arealva";;1;1;100;"Sim";100;"ALCANÇOU"
"SP";350350;"Areias";"X";0;0;0;"Não se aplica";0;"NÃO ALCANÇOU"
"SP";350360;"Areiópolis";"X";0;0;0;"Não se aplica";0;"NÃO ALCANÇOU"
"SP";350370;"Ariranha";;4;4;100;"Sim";100;"ALCANÇOU"
"SP";350380;"Artur Nogueira";"X";0;0;0;"Não se aplica";0;"NÃO ALCANÇOU"
"SP";350390;"Arujá";"X";0;0;0;"Não se aplica";0;"NÃO ALCANÇOU"
"SP";350395;"Aspásia";"X";0;0;0;"Não se aplica";0;"NÃO ALCANÇOU"
"SP";350400;"Assis";"X";0;0;0;"Não se aplica";0;"NÃO ALCANÇOU"
"SP";350410;"Atibaia";;0;0;0;"Não";0;"NÃO ALCANÇOU"
"SP";350420;"Auriflama";"X";0;0;0;"Não se aplica";0;"NÃO ALCANÇOU"
"SP";350430;"Avaí";"X";0;0;0;"Não se aplica";0;"NÃO ALCANÇOU"
"SP";350440;"Avanhandava";;4;4;100;"Sim";100;"ALCANÇOU"
"SP";350450;"Avaré";"X";0;0;0;"Não se aplica";0;"NÃO ALCANÇOU"
"SP";350460;"Bady Bassitt";;2;2;100;"Sim";100;"ALCANÇOU"
"SP";350470;"Balbinos";"X";0;0;0;"Não se aplica";0;"NÃO ALCANÇOU"
"SP";350480;"Bálsamo";"X";0;0;0;"Não se aplica";0;"NÃO ALCANÇOU"
"SP";350490;"Bananal";"X";0;0;0;"Não se aplica";0;"NÃO ALCANÇOU"
"SP";350500;"Barão de Antonina";"X";0;0;0;"Não se aplica";0;"NÃO ALCANÇOU"
"SP";350510;"Barbosa";"X";0;0;0;"Não se aplica";0;"NÃO ALCANÇOU"
"SP";350520;"Bariri";;1;1;100;"Sim";100;"ALCANÇOU"
"SP";350530;"Barra Bonita";;1;1;100;"Sim";100;"ALCANÇOU"
"SP";350535;"Barra do Chapéu";"X";0;0;0;"Não se aplica";0;"NÃO ALCANÇOU"
"SP";350540;"Barra do Turvo";"X";0;0;0;"Não se aplica";0;"NÃO ALCANÇOU"
"SP";350550;"Barretos";;4;4;100;"Sim";100;"ALCANÇOU"
"SP";350560;"Barrinha";;3;6;50;"Não";50;"NÃO ALCANÇOU"
"SP";350570;"Barueri";;9;13;69,2;"Não";69,2;"NÃO ALCANÇOU"
"SP";350580;"Bastos";"X";0;0;0;"Não se aplica";0;"NÃO ALCANÇOU"
"SP";350590;"Batatais";;10;12;83,3;"Sim";83,3;"ALCANÇOU"
"SP";350600;"Bauru";;2;2;100;"Sim";100;"ALCANÇOU"
"SP";350610;"Bebedouro";"X";0;0;0;"Não se aplica";0;"NÃO ALCANÇOU"
"SP";350620;"Bento de Abreu";"X";0;0;0;"Não se aplica";0;"NÃO ALCANÇOU"
"SP";350630;"Bernardino de Campos";"X";0;0;0;"Não se aplica";0;"NÃO ALCANÇOU"
"SP";350635;"Bertioga";"X";0;0;0;"Não se aplica";0;"NÃO ALCANÇOU"
"SP";350640;"Bilac";"X";0;0;0;"Não se aplica";0;"NÃO ALCANÇOU"
"SP";350650;"Birigui";;7;7;100;"Sim";100;"ALCANÇOU"
"SP";350660;"Biritiba-Mirim";"X";0;0;0;"Não se aplica";0;"NÃO ALCANÇOU"
"SP";350670;"Boa Esperança do Sul";;10;10;100;"Sim";100;"ALCANÇOU"
"SP";350680;"Bocaina";;3;3;100;"Sim";100;"ALCANÇOU"
"SP";350690;"Bofete";"X";0;0;0;"Não se aplica";0;"NÃO ALCANÇOU"
"SP";350700;"Boituva";"X";0;0;0;"Não se aplica";0;"NÃO ALCANÇOU"
"SP";350710;"Bom Jesus dos Perdões";"X";0;0;0;"Não se aplica";0;"NÃO ALCANÇOU"
"SP";350715;"Bom Sucesso de Itararé";"X";0;0;0;"Não se aplica";0;"NÃO ALCANÇOU"
"SP";350720;"Borá";"X";0;0;0;"Não se aplica";0;"NÃO ALCANÇOU"
"SP";350730;"Boracéia";"X";0;0;0;"Não se aplica";0;"NÃO ALCANÇOU"
"SP";350740;"Borborema";"X";0;0;0;"Não se aplica";0;"NÃO ALCANÇOU"
"SP";350745;"Borebi";"X";0;0;0;"Não se aplica";0;"NÃO ALCANÇOU"
"SP";350750;"Botucatu";;2;2;100;"Sim";100;"ALCANÇOU"
"SP";350760;"Bragança Paulista";;7;7;100;"Sim";100;"ALCANÇOU"
"SP";350770;"Braúna";"X";0;0;0;"Não se aplica";0;"NÃO ALCANÇOU"
"SP";350775;"Brejo Alegre";"X";0;0;0;"Não se aplica";0;"NÃO ALCANÇOU"
"SP";350780;"Brodowski";"X";0;0;0;"Não se aplica";0;"NÃO ALCANÇOU"
"SP";350790;"Brotas";"X";0;0;0;"Não se aplica";0;"NÃO ALCANÇOU"
"SP";350800;"Buri";"X";0;0;0;"Não se aplica";0;"NÃO ALCANÇOU"
"SP";350810;"Buritama";"X";0;0;0;"Não se aplica";0;"NÃO ALCANÇOU"
"SP";350820;"Buritizal";"X";0;0;0;"Não se aplica";0;"NÃO ALCANÇOU"
"SP";350830;"Cabrália Paulista";"X";0;0;0;"Não se aplica";0;"NÃO ALCANÇOU"
"SP";350840;"Cabreúva";;4;5;80;"Não";80;"NÃO ALCANÇOU"
"SP";350850;"Caçapava";;3;3;100;"Sim";100;"ALCANÇOU"
"SP";350860;"Cachoeira Paulista";"X";0;0;0;"Não se aplica";0;"NÃO ALCANÇOU"
"SP";350870;"Caconde";"X";0;0;0;"Não se aplica";0;"NÃO ALCANÇOU"
"SP";350880;"Cafelândia";"X";0;0;0;"Não se aplica";0;"NÃO ALCANÇOU"
"SP";350890;"Caiabu";"X";0;0;0;"Não se aplica";0;"NÃO ALCANÇOU"
"SP";350900;"Caieiras";;2;13;15,4;"Não";15,4;"NÃO ALCANÇOU"
"SP";350910;"Caiuá";"X";0;0;0;"Não se aplica";0;"NÃO ALCANÇOU"
"SP";350920;"Cajamar";"X";0;0;0;"Não se aplica";0;"NÃO ALCANÇOU"
"SP";350925;"Cajati";;1;7;14,3;"Não";14,3;"NÃO ALCANÇOU"
"SP";350930;"Cajobi";"X";0;0;0;"Não se aplica";0;"NÃO ALCANÇOU"
"SP";350940;"Cajuru";;8;11;72,7;"Não";72,7;"NÃO ALCANÇOU"
"SP";350945;"Campina do Monte Alegre";"X";0;0;0;"Não se aplica";0;"NÃO ALCANÇOU"
"SP";350950;"Campinas";;56;58;96,6;"Sim";96,6;"ALCANÇOU"
"SP";350960;"Campo Limpo Paulista";"X";0;0;0;"Não se aplica";0;"NÃO ALCANÇOU"
"SP";350970;"Campos do Jordão";"X";0;0;0;"Não se aplica";0;"NÃO ALCANÇOU"
"SP";350980;"Campos Novos Paulista";"X";0;0;0;"Não se aplica";0;"NÃO ALCANÇOU"
"SP";350990;"Cananéia";"X";0;0;0;"Não se aplica";0;"NÃO ALCANÇOU"
"SP";350995;"Canas";"X";0;0;0;"Não se aplica";0;"NÃO ALCANÇOU"
"SP";351000;"Cândido Mota";"X";0;0;0;"Não se aplica";0;"NÃO ALCANÇOU"
"SP";351010;"Cândido Rodrigues";"X";0;0;0;"Não se aplica";0;"NÃO ALCANÇOU"
"SP";351015;"Canitar";;1;1;100;"Sim";100;"ALCANÇOU"
"SP";351020;"Capão Bonito";"X";0;0;0;"Não se aplica";0;"NÃO ALCANÇOU"
"SP";351030;"Capela do Alto";;1;1;100;"Sim";100;"ALCANÇOU"
"SP";351040;"Capivari";;3;3;100;"Sim";100;"ALCANÇOU"
"SP";351050;"Caraguatatuba";;23;24;95,8;"Sim";95,8;"ALCANÇOU"
"SP";351060;"Carapicuíba";"X";0;0;0;"Não se aplica";0;"NÃO ALCANÇOU"
"SP";351070;"Cardoso";"X";0;0;0;"Não se aplica";0;"NÃO ALCANÇOU"
"SP";351080;"Casa Branca";;6;6;100;"Sim";100;"ALCANÇOU"
"SP";351090;"Cássia dos Coqueiros";"X";0;0;0;"Não se aplica";0;"NÃO ALCANÇOU"
"SP";351100;"Castilho";;5;5;100;"Sim";100;"ALCANÇOU"
"SP";351110;"Catanduva";;39;42;92,9;"Sim";92,9;"ALCANÇOU"
"SP";351120;"Catiguá";"X";0;0;0;"Não se aplica";0;"NÃO ALCANÇOU"
"SP";351130;"Cedral";;0;0;0;"Não";0;"NÃO ALCANÇOU"
"SP";351140;"Cerqueira César";"X";0;0;0;"Não se aplica";0;"NÃO ALCANÇOU"
"SP";351150;"Cerquilho";"X";0;0;0;"Não se aplica";0;"NÃO ALCANÇOU"
"SP";351160;"Cesário Lange";"X";0;0;0;"Não se aplica";0;"NÃO ALCANÇOU"
"SP";351170;"Charqueada";"X";0;0;0;"Não se aplica";0;"NÃO ALCANÇOU"
"SP";351190;"Clementina";"X";0;0;0;"Não se aplica";0;"NÃO ALCANÇOU"
"SP";351200;"Colina";"X";0;0;0;"Não se aplica";0;"NÃO ALCANÇOU"
"SP";351210;"Colômbia";"X";0;0;0;"Não se aplica";0;"NÃO ALCANÇOU"
"SP";351220;"Conchal";;7;7;100;"Sim";100;"ALCANÇOU"
"SP";351230;"Conchas";"X";0;0;0;"Não se aplica";0;"NÃO ALCANÇOU"
"SP";351240;"Cordeirópolis";;3;3;100;"Sim";100;"ALCANÇOU"
"SP";351250;"Coroados";"X";0;0;0;"Não se aplica";0;"NÃO ALCANÇOU"
"SP";351260;"Coronel Macedo";"X";0;0;0;"Não se aplica";0;"NÃO ALCANÇOU"
"SP";351270;"Corumbataí";;3;3;100;"Sim";100;"ALCANÇOU"
"SP";351280;"Cosmópolis";;3;7;42,9;"Não";42,9;"NÃO ALCANÇOU"
"SP";351290;"Cosmorama";;2;2;100;"Sim";100;"ALCANÇOU"
"SP";351300;"Cotia";;1;1;100;"Sim";100;"ALCANÇOU"
"SP";351310;"Cravinhos";;3;6;50;"Não";50;"NÃO ALCANÇOU"
"SP";351320;"Cristais Paulista";"X";0;0;0;"Não se aplica";0;"NÃO ALCANÇOU"
"SP";351330;"Cruzália";"X";0;0;0;"Não se aplica";0;"NÃO ALCANÇOU"
"SP";351340;"Cruzeiro";;5;8;62,5;"Não";62,5;"NÃO ALCANÇOU"
"SP";351350;"Cubatão";"X";0;0;0;"Não se aplica";0;"NÃO ALCANÇOU"
"SP";351360;"Cunha";"X";0;0;0;"Não se aplica";0;"NÃO ALCANÇOU"
"SP";351370;"Descalvado";;1;1;100;"Sim";100;"ALCANÇOU"
"SP";351380;"Diadema";;18;25;72;"Não";72;"NÃO ALCANÇOU"
"SP";351385;"Dirce Reis";"X";0;0;0;"Não se aplica";0;"NÃO ALCANÇOU"
"SP";351390;"Divinolândia";;1;1;100;"Sim";100;"ALCANÇOU"
"SP";351400;"Dobrada";"X";0;0;0;"Não se aplica";0;"NÃO ALCANÇOU"
"SP";351410;"Dois Córregos";"X";0;0;0;"Não se aplica";0;"NÃO ALCANÇOU"
"SP";351420;"Dolcinópolis";"X";0;0;0;"Não se aplica";0;"NÃO ALCANÇOU"
"SP";351430;"Dourado";"X";0;0;0;"Não se aplica";0;"NÃO ALCANÇOU"
"SP";351440;"Dracena";;4;4;100;"Sim";100;"ALCANÇOU"
"SP";351450;"Duartina";"X";0;0;0;"Não se aplica";0;"NÃO ALCANÇOU"
"SP";351460;"Dumont";;0;0;0;"Não";0;"NÃO ALCANÇOU"
"SP";351470;"Echaporã";"X";0;0;0;"Não se aplica";0;"NÃO ALCANÇOU"
"SP";351480;"Eldorado";;9;9;100;"Sim";100;"ALCANÇOU"
"SP";351490;"Elias Fausto";"X";0;0;0;"Não se aplica";0;"NÃO ALCANÇOU"
"SP";351492;"Elisiário";"X";0;0;0;"Não se aplica";0;"NÃO ALCANÇOU"
"SP";351495;"Embaúba";"X";0;0;0;"Não se aplica";0;"NÃO ALCANÇOU"
"SP";351500;"Embu";;3;4;75;"Não";75;"NÃO ALCANÇOU"
"SP";351510;"Embu-Guaçu";;2;2;100;"Sim";100;"ALCANÇOU"
"SP";351512;"Emilianópolis";"X";0;0;0;"Não se aplica";0;"NÃO ALCANÇOU"
"SP";351515;"Engenheiro Coelho";;2;2;100;"Sim";100;"ALCANÇOU"
"SP";351518;"Espírito Santo do Pinhal";"X";0;0;0;"Não se aplica";0;"NÃO ALCANÇOU"
"SP";351519;"Espírito Santo do Turvo";"X";0;0;0;"Não se aplica";0;"NÃO ALCANÇOU"
"SP";351520;"Estrela d'Oeste";;4;4;100;"Sim";100;"ALCANÇOU"
"SP";351530;"Estrela do Norte";"X";0;0;0;"Não se aplica";0;"NÃO ALCANÇOU"
"SP";351535;"Euclides da Cunha Paulista";;1;1;100;"Sim";100;"ALCANÇOU"
"SP";351540;"Fartura";"X";0;0;0;"Não se aplica";0;"NÃO ALCANÇOU"
"SP";351550;"Fernandópolis";;130;141;92,2;"Sim";92,2;"ALCANÇOU"
"SP";351560;"Fernando Prestes";"X";0;0;0;"Não se aplica";0;"NÃO ALCANÇOU"
"SP";351565;"Fernão";"X";0;0;0;"Não se aplica";0;"NÃO ALCANÇOU"
"SP";351570;"Ferraz de Vasconcelos";"X";0;0;0;"Não se aplica";0;"NÃO ALCANÇOU"
"SP";351580;"Flora Rica";"X";0;0;0;"Não se aplica";0;"NÃO ALCANÇOU"
"SP";351590;"Floreal";"X";0;0;0;"Não se aplica";0;"NÃO ALCANÇOU"
"SP";351600;"Flórida Paulista";"X";0;0;0;"Não se aplica";0;"NÃO ALCANÇOU"
"SP";351610;"Florínia";"X";0;0;0;"Não se aplica";0;"NÃO ALCANÇOU"
"SP";351620;"Franca";;6;13;46,2;"Não";46,2;"NÃO ALCANÇOU"
"SP";351630;"Francisco Morato";;5;6;83,3;"Sim";83,3;"ALCANÇOU"
"SP";351640;"Franco da Rocha";;0;0;0;"Não";0;"NÃO ALCANÇOU"
"SP";351650;"Gabriel Monteiro";"X";0;0;0;"Não se aplica";0;"NÃO ALCANÇOU"
"SP";351660;"Gália";"X";0;0;0;"Não se aplica";0;"NÃO ALCANÇOU"
"SP";351670;"Garça";"X";0;0;0;"Não se aplica";0;"NÃO ALCANÇOU"
"SP";351680;"Gastão Vidigal";;1;1;100;"Sim";100;"ALCANÇOU"
"SP";351685;"Gavião Peixoto";"X";0;0;0;"Não se aplica";0;"NÃO ALCANÇOU"
"SP";351690;"General Salgado";"X";0;0;0;"Não se aplica";0;"NÃO ALCANÇOU"
"SP";351700;"Getulina";;1;1;100;"Sim";100;"ALCANÇOU"
"SP";351710;"Glicério";"X";0;0;0;"Não se aplica";0;"NÃO ALCANÇOU"
"SP";351720;"Guaiçara";"X";0;0;0;"Não se aplica";0;"NÃO ALCANÇOU"
"SP";351730;"Guaimbê";"X";0;0;0;"Não se aplica";0;"NÃO ALCANÇOU"
"SP";351740;"Guaíra";;8;8;100;"Sim";100;"ALCANÇOU"
"SP";351750;"Guapiaçu";;3;3;100;"Sim";100;"ALCANÇOU"
"SP";351760;"Guapiara";;4;4;100;"Sim";100;"ALCANÇOU"
"SP";351770;"Guará";;4;4;100;"Sim";100;"ALCANÇOU"
"SP";351780;"Guaraçaí";"X";0;0;0;"Não se aplica";0;"NÃO ALCANÇOU"
"SP";351790;"Guaraci";;0;0;0;"Não";0;"NÃO ALCANÇOU"
"SP";351800;"Guarani d'Oeste";"X";0;0;0;"Não se aplica";0;"NÃO ALCANÇOU"
"SP";351810;"Guarantã";"X";0;0;0;"Não se aplica";0;"NÃO ALCANÇOU"
"SP";351820;"Guararapes";"X";0;0;0;"Não se aplica";0;"NÃO ALCANÇOU"
"SP";351830;"Guararema";;4;4;100;"Sim";100;"ALCANÇOU"
"SP";351840;"Guaratinguetá";"X";0;0;0;"Não se aplica";0;"NÃO ALCANÇOU"
"SP";351850;"Guareí";"X";0;0;0;"Não se aplica";0;"NÃO ALCANÇOU"
"SP";351860;"Guariba";;5;13;38,5;"Não";38,5;"NÃO ALCANÇOU"
"SP";351870;"Guarujá";;5;12;41,7;"Não";41,7;"NÃO ALCANÇOU"
"SP";351880;"Guarulhos";;15;17;88,2;"Sim";88,2;"ALCANÇOU"
"SP";351885;"Guatapará";;4;0;0;"Não";0;"NÃO ALCANÇOU"
"SP";351890;"Guzolândia";;6;6;100;"Sim";100;"ALCANÇOU"
"SP";351900;"Herculândia";"X";0;0;0;"Não se aplica";0;"NÃO ALCANÇOU"
"SP";351905;"Holambra";"X";0;0;0;"Não se aplica";0;"NÃO ALCANÇOU"
"SP";351907;"Hortolândia";;4;4;100;"Sim";100;"ALCANÇOU"
"SP";351910;"Iacanga";"X";0;0;0;"Não se aplica";0;"NÃO ALCANÇOU"
"SP";351920;"Iacri";"X";0;0;0;"Não se aplica";0;"NÃO ALCANÇOU"
"SP";351925;"Iaras";"X";0;0;0;"Não se aplica";0;"NÃO ALCANÇOU"
"SP";351930;"Ibaté";"X";0;0;0;"Não se aplica";0;"NÃO ALCANÇOU"
"SP";351940;"Ibirá";;2;2;100;"Sim";100;"ALCANÇOU"
"SP";351950;"Ibirarema";;2;2;100;"Sim";100;"ALCANÇOU"
"SP";351960;"Ibitinga";"X";0;0;0;"Não se aplica";0;"NÃO ALCANÇOU"
"SP";351970;"Ibiúna";"X";0;0;0;"Não se aplica";0;"NÃO ALCANÇOU"
"SP";351980;"Icém";"X";0;0;0;"Não se aplica";0;"NÃO ALCANÇOU"
"SP";351990;"Iepê";"X";0;0;0;"Não se aplica";0;"NÃO ALCANÇOU"
"SP";352000;"Igaraçu do Tietê";;5;5;100;"Sim";100;"ALCANÇOU"
"SP";352010;"Igarapava";;10;11;90,9;"Sim";90,9;"ALCANÇOU"
"SP";352020;"Igaratá";"X";0;0;0;"Não se aplica";0;"NÃO ALCANÇOU"
"SP";352030;"Iguape";"X";0;0;0;"Não se aplica";0;"NÃO ALCANÇOU"
"SP";352040;"Ilhabela";;1;1;100;"Sim";100;"ALCANÇOU"
"SP";352042;"Ilha Comprida";;5;5;100;"Sim";100;"ALCANÇOU"
"SP";352044;"Ilha Solteira";;8;8;100;"Sim";100;"ALCANÇOU"
"SP";352050;"Indaiatuba";;2;2;100;"Sim";100;"ALCANÇOU"
"SP";352060;"Indiana";;3;3;100;"Sim";100;"ALCANÇOU"
"SP";352070;"Indiaporã";"X";0;0;0;"Não se aplica";0;"NÃO ALCANÇOU"
"SP";352080;"Inúbia Paulista";"X";0;0;0;"Não se aplica";0;"NÃO ALCANÇOU"
"SP";352090;"Ipaussu";"X";0;0;0;"Não se aplica";0;"NÃO ALCANÇOU"
"SP";352100;"Iperó";;30;30;100;"Sim";100;"ALCANÇOU"
"SP";352110;"Ipeúna";"X";0;0;0;"Não se aplica";0;"NÃO ALCANÇOU"
"SP";352115;"Ipiguá";"X";0;0;0;"Não se aplica";0;"NÃO ALCANÇOU"
"SP";352120;"Iporanga";"X";0;0;0;"Não se aplica";0;"NÃO ALCANÇOU"
"SP";352130;"Ipuã";;1;1;100;"Sim";100;"ALCANÇOU"
"SP";352140;"Iracemápolis";"X";0;0;0;"Não se aplica";0;"NÃO ALCANÇOU"
"SP";352150;"Irapuã";"X";0;0;0;"Não se aplica";0;"NÃO ALCANÇOU"
"SP";352160;"Irapuru";;0;0;0;"Não";0;"NÃO ALCANÇOU"
"SP";352170;"Itaberá";"X";0;0;0;"Não se aplica";0;"NÃO ALCANÇOU"
"SP";352180;"Itaí";"X";0;0;0;"Não se aplica";0;"NÃO ALCANÇOU"
"SP";352190;"Itajobi";;3;3;100;"Sim";100;"ALCANÇOU"
"SP";352200;"Itaju";"X";0;0;0;"Não se aplica";0;"NÃO ALCANÇOU"
"SP";352210;"Itanhaém";;13;13;100;"Sim";100;"ALCANÇOU"
"SP";352215;"Itaóca";"X";0;0;0;"Não se aplica";0;"NÃO ALCANÇOU"
"SP";352220;"Itapecerica da Serra";;2;2;100;"Sim";100;"ALCANÇOU"
"SP";352230;"Itapetininga";;2;2;100;"Sim";100;"ALCANÇOU"
"SP";352240;"Itapeva";;6;6;100;"Sim";100;"ALCANÇOU"
"SP";352250;"Itapevi";;3;3;100;"Sim";100;"ALCANÇOU"
"SP";352260;"Itapira";;2;2;100;"Sim";100;"ALCANÇOU"
"SP";352265;"Itapirapuã Paulista";"X";0;0;0;"Não se aplica";0;"NÃO ALCANÇOU"
"SP";352270;"Itápolis";;2;2;100;"Sim";100;"ALCANÇOU"
"SP";352280;"Itaporanga";"X";0;0;0;"Não se aplica";0;"NÃO ALCANÇOU"
"SP";352290;"Itapuí";"X";0;0;0;"Não se aplica";0;"NÃO ALCANÇOU"
"SP";352300;"Itapura";"X";0;0;0;"Não se aplica";0;"NÃO ALCANÇOU"
"SP";352310;"Itaquaquecetuba";;0;1;0;"Não";0;"NÃO ALCANÇOU"
"SP";352320;"Itararé";"X";0;0;0;"Não se aplica";0;"NÃO ALCANÇOU"
"SP";352330;"Itariri";"X";0;0;0;"Não se aplica";0;"NÃO ALCANÇOU"
"SP";352340;"Itatiba";;0;2;0;"Não";0;"NÃO ALCANÇOU"
"SP";352350;"Itatinga";"X";0;0;0;"Não se aplica";0;"NÃO ALCANÇOU"
"SP";352360;"Itirapina";"X";0;0;0;"Não se aplica";0;"NÃO ALCANÇOU"
"SP";352370;"Itirapuã";"X";0;0;0;"Não se aplica";0;"NÃO ALCANÇOU"
"SP";352380;"Itobi";"X";0;0;0;"Não se aplica";0;"NÃO ALCANÇOU"
"SP";352390;"Itu";;10;12;83,3;"Sim";83,3;"ALCANÇOU"
"SP";352400;"Itupeva";;4;4;100;"Sim";100;"ALCANÇOU"
"SP";352410;"Ituverava";;2;2;100;"Sim";100;"ALCANÇOU"
"SP";352420;"Jaborandi";;3;3;100;"Sim";100;"ALCANÇOU"
"SP";352430;"Jaboticabal";;3;4;75;"Não";75;"NÃO ALCANÇOU"
"SP";352440;"Jacareí";;6;6;100;"Sim";100;"ALCANÇOU"
"SP";352450;"Jaci";"X";0;0;0;"Não se aplica";0;"NÃO ALCANÇOU"
"SP";352460;"Jacupiranga";"X";0;0;0;"Não se aplica";0;"NÃO ALCANÇOU"
"SP";352470;"Jaguariúna";;0;2;0;"Não";0;"NÃO ALCANÇOU"
"SP";352480;"Jales";;32;34;94,1;"Sim";94,1;"ALCANÇOU"
"SP";352490;"Jambeiro";"X";0;0;0;"Não se aplica";0;"NÃO ALCANÇOU"
"SP";352500;"Jandira";;0;3;0;"Não";0;"NÃO ALCANÇOU"
"SP";352510;"Jardinópolis";;18;18;100;"Sim";100;"ALCANÇOU"
"SP";352520;"Jarinu";"X";0;0;0;"Não se aplica";0;"NÃO ALCANÇOU"
"SP";352530;"Jaú";"X";0;0;0;"Não se aplica";0;"NÃO ALCANÇOU"
"SP";352540;"Jeriquara";"X";0;0;0;"Não se aplica";0;"NÃO ALCANÇOU"
"SP";352550;"Joanópolis";"X";0;0;0;"Não se aplica";0;"NÃO ALCANÇOU"
"SP";352560;"João Ramalho";"X";0;0;0;"Não se aplica";0;"NÃO ALCANÇOU"
"SP";352570;"José Bonifácio";;4;4;100;"Sim";100;"ALCANÇOU"
"SP";352580;"Júlio Mesquita";"X";0;0;0;"Não se aplica";0;"NÃO ALCANÇOU"
"SP";352585;"Jumirim";"X";0;0;0;"Não se aplica";0;"NÃO ALCANÇOU"
"SP";352590;"Jundiaí";;34;41;82,9;"Sim";82,9;"ALCANÇOU"
"SP";352600;"Junqueirópolis";"X";0;0;0;"Não se aplica";0;"NÃO ALCANÇOU"
"SP";352610;"Juquiá";;0;0;0;"Não";0;"NÃO ALCANÇOU"
"SP";352620;"Juquitiba";"X";0;0;0;"Não se aplica";0;"NÃO ALCANÇOU"
"SP";352630;"Lagoinha";"X";0;0;0;"Não se aplica";0;"NÃO ALCANÇOU"
"SP";352640;"Laranjal Paulista";"X";0;0;0;"Não se aplica";0;"NÃO ALCANÇOU"
"SP";352650;"Lavínia";;1;1;100;"Sim";100;"ALCANÇOU"
"SP";352660;"Lavrinhas";;0;6;0;"Não";0;"NÃO ALCANÇOU"
"SP";352670;"Leme";;39;39;100;"Sim";100;"ALCANÇOU"
"SP";352680;"Lençóis Paulista";;12;12;100;"Sim";100;"ALCANÇOU"
"SP";352690;"Limeira";;14;14;100;"Sim";100;"ALCANÇOU"
"SP";352700;"Lindóia";"X";0;0;0;"Não se aplica";0;"NÃO ALCANÇOU"
"SP";352710;"Lins";"X";0;0;0;"Não se aplica";0;"NÃO ALCANÇOU"
"SP";352720;"Lorena";;0;0;0;"Não";0;"NÃO ALCANÇOU"
"SP";352725;"Lourdes";"X";0;0;0;"Não se aplica";0;"NÃO ALCANÇOU"
"SP";352730;"Louveira";;0;0;0;"Não";0;"NÃO ALCANÇOU"
"SP";352740;"Lucélia";"X";0;0;0;"Não se aplica";0;"NÃO ALCANÇOU"
"SP";352750;"Lucianópolis";"X";0;0;0;"Não se aplica";0;"NÃO ALCANÇOU"
"SP";352760;"Luís Antônio";"X";0;0;0;"Não se aplica";0;"NÃO ALCANÇOU"
"SP";352770;"Luiziânia";"X";0;0;0;"Não se aplica";0;"NÃO ALCANÇOU"
"SP";352780;"Lupércio";"X";0;0;0;"Não se aplica";0;"NÃO ALCANÇOU"
"SP";352790;"Lutécia";"X";0;0;0;"Não se aplica";0;"NÃO ALCANÇOU"
"SP";352800;"Macatuba";"X";0;0;0;"Não se aplica";0;"NÃO ALCANÇOU"
"SP";352810;"Macaubal";"X";0;0;0;"Não se aplica";0;"NÃO ALCANÇOU"
"SP";352820;"Macedônia";"X";0;0;0;"Não se aplica";0;"NÃO ALCANÇOU"
"SP";352830;"Magda";"X";0;0;0;"Não se aplica";0;"NÃO ALCANÇOU"
"SP";352840;"Mairinque";;4;4;100;"Sim";100;"ALCANÇOU"
"SP";352850;"Mairiporã";"X";0;0;0;"Não se aplica";0;"NÃO ALCANÇOU"
"SP";352860;"Manduri";"X";0;0;0;"Não se aplica";0;"NÃO ALCANÇOU"
"SP";352870;"Marabá Paulista";"X";0;0;0;"Não se aplica";0;"NÃO ALCANÇOU"
"SP";352880;"Maracaí";"X";0;0;0;"Não se aplica";0;"NÃO ALCANÇOU"
"SP";352885;"Marapoama";"X";0;0;0;"Não se aplica";0;"NÃO ALCANÇOU"
"SP";352890;"Mariápolis";"X";0;0;0;"Não se aplica";0;"NÃO ALCANÇOU"
"SP";352900;"Marília";;5;5;100;"Sim";100;"ALCANÇOU"
"SP";352910;"Marinópolis";;2;2;100;"Sim";100;"ALCANÇOU"
"SP";352920;"Martinópolis";;1;1;100;"Sim";100;"ALCANÇOU"
"SP";352930;"Matão";"X";0;0;0;"Não se aplica";0;"NÃO ALCANÇOU"
"SP";352940;"Mauá";;4;4;100;"Sim";100;"ALCANÇOU"
"SP";352950;"Mendonça";"X";0;0;0;"Não se aplica";0;"NÃO ALCANÇOU"
"SP";352960;"Meridiano";"X";0;0;0;"Não se aplica";0;"NÃO ALCANÇOU"
"SP";352965;"Mesópolis";"X";0;0;0;"Não se aplica";0;"NÃO ALCANÇOU"
"SP";352970;"Miguelópolis";;1;1;100;"Sim";100;"ALCANÇOU"
"SP";352980;"Mineiros do Tietê";"X";0;0;0;"Não se aplica";0;"NÃO ALCANÇOU"
"SP";352990;"Miracatu";"X";0;0;0;"Não se aplica";0;"NÃO ALCANÇOU"
"SP";353000;"Mira Estrela";"X";0;0;0;"Não se aplica";0;"NÃO ALCANÇOU"
"SP";353010;"Mirandópolis";;9;9;100;"Sim";100;"ALCANÇOU"
"SP";353020;"Mirante do Paranapanema";"X";0;0;0;"Não se aplica";0;"NÃO ALCANÇOU"
"SP";353030;"Mirassol";;7;7;100;"Sim";100;"ALCANÇOU"
"SP";353040;"Mirassolândia";"X";0;0;0;"Não se aplica";0;"NÃO ALCANÇOU"
"SP";353050;"Mococa";;1;1;100;"Sim";100;"ALCANÇOU"
"SP";353060;"Mogi das Cruzes";;50;59;84,7;"Sim";84,7;"ALCANÇOU"
"SP";353070;"Mogi Guaçu";"X";0;0;0;"Não se aplica";0;"NÃO ALCANÇOU"
"SP";353080;"Moji Mirim";"X";0;0;0;"Não se aplica";0;"NÃO ALCANÇOU"
"SP";353090;"Mombuca";"X";0;0;0;"Não se aplica";0;"NÃO ALCANÇOU"
"SP";353100;"Monções";"X";0;0;0;"Não se aplica";0;"NÃO ALCANÇOU"
"SP";353110;"Mongaguá";;13;13;100;"Sim";100;"ALCANÇOU"
"SP";353120;"Monte Alegre do Sul";"X";0;0;0;"Não se aplica";0;"NÃO ALCANÇOU"
"SP";353130;"Monte Alto";;5;14;35,7;"Não";35,7;"NÃO ALCANÇOU"
"SP";353140;"Monte Aprazível";;3;5;60;"Não";60;"NÃO ALCANÇOU"
"SP";353150;"Monte Azul Paulista";;2;2;100;"Sim";100;"ALCANÇOU"
"SP";353160;"Monte Castelo";"X";0;0;0;"Não se aplica";0;"NÃO ALCANÇOU"
"SP";353170;"Monteiro Lobato";"X";0;0;0;"Não se aplica";0;"NÃO ALCANÇOU"
"SP";353180;"Monte Mor";"X";0;0;0;"Não se aplica";0;"NÃO ALCANÇOU"
"SP";353190;"Morro Agudo";;9;11;81,8;"Sim";81,8;"ALCANÇOU"
"SP";353200;"Morungaba";"X";0;0;0;"Não se aplica";0;"NÃO ALCANÇOU"
"SP";353205;"Motuca";;4;4;100;"Sim";100;"ALCANÇOU"
"SP";353210;"Murutinga do Sul";;1;1;100;"Sim";100;"ALCANÇOU"
"SP";353215;"Nantes";"X";0;0;0;"Não se aplica";0;"NÃO ALCANÇOU"
"SP";353220;"Narandiba";"X";0;0;0;"Não se aplica";0;"NÃO ALCANÇOU"
"SP";353230;"Natividade da Serra";"X";0;0;0;"Não se aplica";0;"NÃO ALCANÇOU"
"SP";353240;"Nazaré Paulista";"X";0;0;0;"Não se aplica";0;"NÃO ALCANÇOU"
"SP";353250;"Neves Paulista";"X";0;0;0;"Não se aplica";0;"NÃO ALCANÇOU"
"SP";353260;"Nhandeara";;4;4;100;"Sim";100;"ALCANÇOU"
"SP";353270;"Nipoã";"X";0;0;0;"Não se aplica";0;"NÃO ALCANÇOU"
"SP";353280;"Nova Aliança";;6;6;100;"Sim";100;"ALCANÇOU"
"SP";353282;"Nova Campina";"X";0;0;0;"Não se aplica";0;"NÃO ALCANÇOU"
"SP";353284;"Nova Canaã Paulista";"X";0;0;0;"Não se aplica";0;"NÃO ALCANÇOU"
"SP";353286;"Nova Castilho";"X";0;0;0;"Não se aplica";0;"NÃO ALCANÇOU"
"SP";353290;"Nova Europa";"X";0;0;0;"Não se aplica";0;"NÃO ALCANÇOU"
"SP";353300;"Nova Granada";"X";0;0;0;"Não se aplica";0;"NÃO ALCANÇOU"
"SP";353310;"Nova Guataporanga";"X";0;0;0;"Não se aplica";0;"NÃO ALCANÇOU"
"SP";353320;"Nova Independência";"X";0;0;0;"Não se aplica";0;"NÃO ALCANÇOU"
"SP";353325;"Novais";"X";0;0;0;"Não se aplica";0;"NÃO ALCANÇOU"
"SP";353330;"Nova Luzitânia";"X";0;0;0;"Não se aplica";0;"NÃO ALCANÇOU"
"SP";353340;"Nova Odessa";;0;1;0;"Não";0;"NÃO ALCANÇOU"
"SP";353350;"Novo Horizonte";;10;10;100;"Sim";100;"ALCANÇOU"
"SP";353360;"Nuporanga";"X";0;0;0;"Não se aplica";0;"NÃO ALCANÇOU"
"SP";353370;"Ocauçu";"X";0;0;0;"Não se aplica";0;"NÃO ALCANÇOU"
"SP";353380;"Óleo";"X";0;0;0;"Não se aplica";0;"NÃO ALCANÇOU"
"SP";353390;"Olímpia";;10;10;100;"Sim";100;"ALCANÇOU"
"SP";353400;"Onda Verde";"X";0;0;0;"Não se aplica";0;"NÃO ALCANÇOU"
"SP";353410;"Oriente";;2;2;100;"Sim";100;"ALCANÇOU"
"SP";353420;"Orindiúva";"X";0;0;0;"Não se aplica";0;"NÃO ALCANÇOU"
"SP";353430;"Orlândia";;0;1;0;"Não";0;"NÃO ALCANÇOU"
"SP";353440;"Osasco";;8;9;88,9;"Sim";88,9;"ALCANÇOU"
"SP";353450;"Oscar Bressane";"X";0;0;0;"Não se aplica";0;"NÃO ALCANÇOU"
"SP";353460;"Osvaldo Cruz";;3;6;50;"Não";50;"NÃO ALCANÇOU"
"SP";353470;"Ourinhos";"X";0;0;0;"Não se aplica";0;"NÃO ALCANÇOU"
"SP";353475;"Ouroeste";;3;3;100;"Sim";100;"ALCANÇOU"
"SP";353480;"Ouro Verde";"X";0;0;0;"Não se aplica";0;"NÃO ALCANÇOU"
"SP";353490;"Pacaembu";"X";0;0;0;"Não se aplica";0;"NÃO ALCANÇOU"
"SP";353500;"Palestina";"X";0;0;0;"Não se aplica";0;"NÃO ALCANÇOU"
"SP";353510;"Palmares Paulista";"X";0;0;0;"Não se aplica";0;"NÃO ALCANÇOU"
"SP";353520;"Palmeira d'Oeste";;5;6;83,3;"Sim";83,3;"ALCANÇOU"
"SP";353530;"Palmital";"X";0;0;0;"Não se aplica";0;"NÃO ALCANÇOU"
"SP";353540;"Panorama";;2;2;100;"Sim";100;"ALCANÇOU"
"SP";353550;"Paraguaçu Paulista";"X";0;0;0;"Não se aplica";0;"NÃO ALCANÇOU"
"SP";353560;"Paraibuna";"X";0;0;0;"Não se aplica";0;"NÃO ALCANÇOU"
"SP";353570;"Paraíso";"X";0;0;0;"Não se aplica";0;"NÃO ALCANÇOU"
"SP";353580;"Paranapanema";"X";0;0;0;"Não se aplica";0;"NÃO ALCANÇOU"
"SP";353590;"Paranapuã";"X";0;0;0;"Não se aplica";0;"NÃO ALCANÇOU"
"SP";353600;"Parapuã";;1;1;100;"Sim";100;"ALCANÇOU"
"SP";353610;"Pardinho";"X";0;0;0;"Não se aplica";0;"NÃO ALCANÇOU"
"SP";353620;"Pariquera-Açu";;0;0;0;"Não";0;"NÃO ALCANÇOU"
"SP";353625;"Parisi";"X";0;0;0;"Não se aplica";0;"NÃO ALCANÇOU"
"SP";353630;"Patrocínio Paulista";"X";0;0;0;"Não se aplica";0;"NÃO ALCANÇOU"
"SP";353640;"Paulicéia";"X";0;0;0;"Não se aplica";0;"NÃO ALCANÇOU"
"SP";353650;"Paulínia";;0;6;0;"Não";0;"NÃO ALCANÇOU"
"SP";353657;"Paulistânia";"X";0;0;0;"Não se aplica";0;"NÃO ALCANÇOU"
"SP";353660;"Paulo de Faria";;3;3;100;"Sim";100;"ALCANÇOU"
"SP";353670;"Pederneiras";"X";0;0;0;"Não se aplica";0;"NÃO ALCANÇOU"
"SP";353680;"Pedra Bela";"X";0;0;0;"Não se aplica";0;"NÃO ALCANÇOU"
"SP";353690;"Pedranópolis";"X";0;0;0;"Não se aplica";0;"NÃO ALCANÇOU"
"SP";353700;"Pedregulho";"X";0;0;0;"Não se aplica";0;"NÃO ALCANÇOU"
"SP";353710;"Pedreira";;3;3;100;"Sim";100;"ALCANÇOU"
"SP";353715;"Pedrinhas Paulista";"X";0;0;0;"Não se aplica";0;"NÃO ALCANÇOU"
"SP";353720;"Pedro de Toledo";"X";0;0;0;"Não se aplica";0;"NÃO ALCANÇOU"
"SP";353730;"Penápolis";"X";0;0;0;"Não se aplica";0;"NÃO ALCANÇOU"
"SP";353740;"Pereira Barreto";;0;2;0;"Não";0;"NÃO ALCANÇOU"
"SP";353750;"Pereiras";"X";0;0;0;"Não se aplica";0;"NÃO ALCANÇOU"
"SP";353760;"Peruíbe";;1;1;100;"Sim";100;"ALCANÇOU"
"SP";353770;"Piacatu";"X";0;0;0;"Não se aplica";0;"NÃO ALCANÇOU"
"SP";353780;"Piedade";"X";0;0;0;"Não se aplica";0;"NÃO ALCANÇOU"
"SP";353790;"Pilar do Sul";"X";0;0;0;"Não se aplica";0;"NÃO ALCANÇOU"
"SP";353800;"Pindamonhangaba";;3;3;100;"Sim";100;"ALCANÇOU"
"SP";353810;"Pindorama";"X";0;0;0;"Não se aplica";0;"NÃO ALCANÇOU"
"SP";353820;"Pinhalzinho";"X";0;0;0;"Não se aplica";0;"NÃO ALCANÇOU"
"SP";353830;"Piquerobi";"X";0;0;0;"Não se aplica";0;"NÃO ALCANÇOU"
"SP";353850;"Piquete";"X";0;0;0;"Não se aplica";0;"NÃO ALCANÇOU"
"SP";353860;"Piracaia";"X";0;0;0;"Não se aplica";0;"NÃO ALCANÇOU"
"SP";353870;"Piracicaba";;40;40;100;"Sim";100;"ALCANÇOU"
"SP";353880;"Piraju";;7;7;100;"Sim";100;"ALCANÇOU"
"SP";353890;"Pirajuí";;1;1;100;"Sim";100;"ALCANÇOU"
"SP";353900;"Pirangi";"X";0;0;0;"Não se aplica";0;"NÃO ALCANÇOU"
"SP";353910;"Pirapora do Bom Jesus";"X";0;0;0;"Não se aplica";0;"NÃO ALCANÇOU"
"SP";353920;"Pirapozinho";;13;13;100;"Sim";100;"ALCANÇOU"
"SP";353930;"Pirassununga";;0;0;0;"Não";0;"NÃO ALCANÇOU"
"SP";353940;"Piratininga";"X";0;0;0;"Não se aplica";0;"NÃO ALCANÇOU"
"SP";353950;"Pitangueiras";;5;5;100;"Sim";100;"ALCANÇOU"
"SP";353960;"Planalto";"X";0;0;0;"Não se aplica";0;"NÃO ALCANÇOU"
"SP";353970;"Platina";"X";0;0;0;"Não se aplica";0;"NÃO ALCANÇOU"
"SP";353980;"Poá";;5;5;100;"Sim";100;"ALCANÇOU"
"SP";353990;"Poloni";;5;5;100;"Sim";100;"ALCANÇOU"
"SP";354000;"Pompéia";;2;2;100;"Sim";100;"ALCANÇOU"
"SP";354010;"Pongaí";"X";0;0;0;"Não se aplica";0;"NÃO ALCANÇOU"
"SP";354020;"Pontal";;6;6;100;"Sim";100;"ALCANÇOU"
"SP";354025;"Pontalinda";;1;1;100;"Sim";100;"ALCANÇOU"
"SP";354030;"Pontes Gestal";"X";0;0;0;"Não se aplica";0;"NÃO ALCANÇOU"
"SP";354040;"Populina";"X";0;0;0;"Não se aplica";0;"NÃO ALCANÇOU"
"SP";354050;"Porangaba";"X";0;0;0;"Não se aplica";0;"NÃO ALCANÇOU"
"SP";354060;"Porto Feliz";;3;3;100;"Sim";100;"ALCANÇOU"
"SP";354070;"Porto Ferreira";;8;8;100;"Sim";100;"ALCANÇOU"
"SP";354075;"Potim";;4;4;100;"Sim";100;"ALCANÇOU"
"SP";354080;"Potirendaba";"X";0;0;0;"Não se aplica";0;"NÃO ALCANÇOU"
"SP";354085;"Pracinha";"X";0;0;0;"Não se aplica";0;"NÃO ALCANÇOU"
"SP";354090;"Pradópolis";;3;3;100;"Sim";100;"ALCANÇOU"
"SP";354100;"Praia Grande";;37;49;75,5;"Não";75,5;"NÃO ALCANÇOU"
"SP";354105;"Pratânia";"X";0;0;0;"Não se aplica";0;"NÃO ALCANÇOU"
"SP";354110;"Presidente Alves";"X";0;0;0;"Não se aplica";0;"NÃO ALCANÇOU"
"SP";354120;"Presidente Bernardes";;1;1;100;"Sim";100;"ALCANÇOU"
"SP";354130;"Presidente Epitácio";;0;0;0;"Não";0;"NÃO ALCANÇOU"
"SP";354140;"Presidente Prudente";;11;12;91,7;"Sim";91,7;"ALCANÇOU"
"SP";354150;"Presidente Venceslau";;2;2;100;"Sim";100;"ALCANÇOU"
"SP";354160;"Promissão";;7;7;100;"Sim";100;"ALCANÇOU"
"SP";354165;"Quadra";"X";0;0;0;"Não se aplica";0;"NÃO ALCANÇOU"
"SP";354170;"Quatá";"X";0;0;0;"Não se aplica";0;"NÃO ALCANÇOU"
"SP";354180;"Queiroz";"X";0;0;0;"Não se aplica";0;"NÃO ALCANÇOU"
"SP";354190;"Queluz";"X";0;0;0;"Não se aplica";0;"NÃO ALCANÇOU"
"SP";354200;"Quintana";"X";0;0;0;"Não se aplica";0;"NÃO ALCANÇOU"
"SP";354210;"Rafard";"X";0;0;0;"Não se aplica";0;"NÃO ALCANÇOU"
"SP";354220;"Rancharia";;5;5;100;"Sim";100;"ALCANÇOU"
"SP";354230;"Redenção da Serra";"X";0;0;0;"Não se aplica";0;"NÃO ALCANÇOU"
"SP";354240;"Regente Feijó";"X";0;0;0;"Não se aplica";0;"NÃO ALCANÇOU"
"SP";354250;"Reginópolis";"X";0;0;0;"Não se aplica";0;"NÃO ALCANÇOU"
"SP";354260;"Registro";;11;11;100;"Sim";100;"ALCANÇOU"
"SP";354270;"Restinga";"X";0;0;0;"Não se aplica";0;"NÃO ALCANÇOU"
"SP";354280;"Ribeira";"X";0;0;0;"Não se aplica";0;"NÃO ALCANÇOU"
"SP";354290;"Ribeirão Bonito";"X";0;0;0;"Não se aplica";0;"NÃO ALCANÇOU"
"SP";354300;"Ribeirão Branco";;6;6;100;"Sim";100;"ALCANÇOU"
"SP";354310;"Ribeirão Corrente";"X";0;0;0;"Não se aplica";0;"NÃO ALCANÇOU"
"SP";354320;"Ribeirão do Sul";;1;1;100;"Sim";100;"ALCANÇOU"
"SP";354323;"Ribeirão dos Índios";;0;0;0;"Não";0;"NÃO ALCANÇOU"
"SP";354325;"Ribeirão Grande";"X";0;0;0;"Não se aplica";0;"NÃO ALCANÇOU"
"SP";354330;"Ribeirão Pires";"X";0;0;0;"Não se aplica";0;"NÃO ALCANÇOU"
"SP";354340;"Ribeirão Preto";;190;242;78,5;"Não";78,5;"NÃO ALCANÇOU"
"SP";354350;"Riversul";"X";0;0;0;"Não se aplica";0;"NÃO ALCANÇOU"
"SP";354360;"Rifaina";;1;8;12,5;"Não";12,5;"NÃO ALCANÇOU"
"SP";354370;"Rincão";"X";0;0;0;"Não se aplica";0;"NÃO ALCANÇOU"
"SP";354380;"Rinópolis";;3;3;100;"Sim";100;"ALCANÇOU"
"SP";354390;"Rio Claro";;7;7;100;"Sim";100;"ALCANÇOU"
"SP";354400;"Rio das Pedras";;6;6;100;"Sim";100;"ALCANÇOU"
"SP";354410;"Rio Grande da Serra";"X";0;0;0;"Não se aplica";0;"NÃO ALCANÇOU"
"SP";354420;"Riolândia";"X";0;0;0;"Não se aplica";0;"NÃO ALCANÇOU"
"SP";354425;"Rosana";"X";0;0;0;"Não se aplica";0;"NÃO ALCANÇOU"
"SP";354430;"Roseira";"X";0;0;0;"Não se aplica";0;"NÃO ALCANÇOU"
"SP";354440;"Rubiácea";"X";0;0;0;"Não se aplica";0;"NÃO ALCANÇOU"
"SP";354450;"Rubinéia";;0;1;0;"Não";0;"NÃO ALCANÇOU"
"SP";354460;"Sabino";"X";0;0;0;"Não se aplica";0;"NÃO ALCANÇOU"
"SP";354470;"Sagres";"X";0;0;0;"Não se aplica";0;"NÃO ALCANÇOU"
"SP";354480;"Sales";;4;4;100;"Sim";100;"ALCANÇOU"
"SP";354490;"Sales Oliveira";"X";0;0;0;"Não se aplica";0;"NÃO ALCANÇOU"
"SP";354500;"Salesópolis";;1;1;100;"Sim";100;"ALCANÇOU"
"SP";354510;"Salmourão";"X";0;0;0;"Não se aplica";0;"NÃO ALCANÇOU"
"SP";354515;"Saltinho";"X";0;0;0;"Não se aplica";0;"NÃO ALCANÇOU"
"SP";354520;"Salto";"X";0;0;0;"Não se aplica";0;"NÃO ALCANÇOU"
"SP";354530;"Salto de Pirapora";"X";0;0;0;"Não se aplica";0;"NÃO ALCANÇOU"
"SP";354540;"Salto Grande";"X";0;0;0;"Não se aplica";0;"NÃO ALCANÇOU"
"SP";354550;"Sandovalina";"X";0;0;0;"Não se aplica";0;"NÃO ALCANÇOU"
"SP";354560;"Santa Adélia";"X";0;0;0;"Não se aplica";0;"NÃO ALCANÇOU"
"SP";354570;"Santa Albertina";"X";0;0;0;"Não se aplica";0;"NÃO ALCANÇOU"
"SP";354580;"Santa Bárbara d'Oeste";;0;11;0;"Não";0;"NÃO ALCANÇOU"
"SP";354600;"Santa Branca";"X";0;0;0;"Não se aplica";0;"NÃO ALCANÇOU"
"SP";354610;"Santa Clara d'Oeste";"X";0;0;0;"Não se aplica";0;"NÃO ALCANÇOU"
"SP";354620;"Santa Cruz da Conceição";"X";0;0;0;"Não se aplica";0;"NÃO ALCANÇOU"
"SP";354625;"Santa Cruz da Esperança";"X";0;0;0;"Não se aplica";0;"NÃO ALCANÇOU"
"SP";354630;"Santa Cruz das Palmeiras";;2;2;100;"Sim";100;"ALCANÇOU"
"SP";354640;"Santa Cruz do Rio Pardo";"X";0;0;0;"Não se aplica";0;"NÃO ALCANÇOU"
"SP";354650;"Santa Ernestina";"X";0;0;0;"Não se aplica";0;"NÃO ALCANÇOU"
"SP";354660;"Santa Fé do Sul";;51;54;94,4;"Sim";94,4;"ALCANÇOU"
"SP";354670;"Santa Gertrudes";"X";0;0;0;"Não se aplica";0;"NÃO ALCANÇOU"
"SP";354680;"Santa Isabel";"X";0;0;0;"Não se aplica";0;"NÃO ALCANÇOU"
"SP";354690;"Santa Lúcia";"X";0;0;0;"Não se aplica";0;"NÃO ALCANÇOU"
"SP";354700;"Santa Maria da Serra";"X";0;0;0;"Não se aplica";0;"NÃO ALCANÇOU"
"SP";354710;"Santa Mercedes";"X";0;0;0;"Não se aplica";0;"NÃO ALCANÇOU"
"SP";354720;"Santana da Ponte Pensa";"X";0;0;0;"Não se aplica";0;"NÃO ALCANÇOU"
"SP";354730;"Santana de Parnaíba";"X";0;0;0;"Não se aplica";0;"NÃO ALCANÇOU"
"SP";354740;"Santa Rita d'Oeste";"X";0;0;0;"Não se aplica";0;"NÃO ALCANÇOU"
"SP";354750;"Santa Rita do Passa Quatro";"X";0;0;0;"Não se aplica";0;"NÃO ALCANÇOU"
"SP";354760;"Santa Rosa de Viterbo";;72;75;96;"Sim";96;"ALCANÇOU"
"SP";354765;"Santa Salete";"X";0;0;0;"Não se aplica";0;"NÃO ALCANÇOU"
"SP";354770;"Santo Anastácio";;4;4;100;"Sim";100;"ALCANÇOU"
"SP";354780;"Santo André";;28;31;90,3;"Sim";90,3;"ALCANÇOU"
"SP";354790;"Santo Antônio da Alegria";;4;7;57,1;"Não";57,1;"NÃO ALCANÇOU"
"SP";354800;"Santo Antônio de Posse";"X";0;0;0;"Não se aplica";0;"NÃO ALCANÇOU"
"SP";354805;"Santo Antônio do Aracanguá";"X";0;0;0;"Não se aplica";0;"NÃO ALCANÇOU"
"SP";354810;"Santo Antônio do Jardim";"X";0;0;0;"Não se aplica";0;"NÃO ALCANÇOU"
"SP";354820;"Santo Antônio do Pinhal";"X";0;0;0;"Não se aplica";0;"NÃO ALCANÇOU"
"SP";354830;"Santo Expedito";"X";0;0;0;"Não se aplica";0;"NÃO ALCANÇOU"
"SP";354840;"Santópolis do Aguapeí";"X";0;0;0;"Não se aplica";0;"NÃO ALCANÇOU"
"SP";354850;"Santos";;5;5;100;"Sim";100;"ALCANÇOU"
"SP";354860;"São Bento do Sapucaí";"X";0;0;0;"Não se aplica";0;"NÃO ALCANÇOU"
"SP";354870;"São Bernardo do Campo";;22;27;81,5;"Não";81,5;"ALCANÇOU"
"SP";354880;"São Caetano do Sul";;0;0;0;"Não";0;"NÃO ALCANÇOU"
"SP";354890;"São Carlos";;13;21;61,9;"Não";61,9;"NÃO ALCANÇOU"
"SP";354900;"São Francisco";;1;1;100;"Sim";100;"ALCANÇOU"
"SP";354910;"São João da Boa Vista";"X";0;0;0;"Não se aplica";0;"NÃO ALCANÇOU"
"SP";354920;"São João das Duas Pontes";;1;1;100;"Sim";100;"ALCANÇOU"
"SP";354925;"São João de Iracema";;3;3;100;"Sim";100;"ALCANÇOU"
"SP";354930;"São João do Pau d'Alho";;2;2;100;"Sim";100;"ALCANÇOU"
"SP";354940;"São Joaquim da Barra";;22;22;100;"Sim";100;"ALCANÇOU"
"SP";354950;"São José da Bela Vista";"X";0;0;0;"Não se aplica";0;"NÃO ALCANÇOU"
"SP";354960;"São José do Barreiro";"X";0;0;0;"Não se aplica";0;"NÃO ALCANÇOU"
"SP";354970;"São José do Rio Pardo";"X";0;0;0;"Não se aplica";0;"NÃO ALCANÇOU"
"SP";354980;"São José do Rio Preto";;52;60;86,7;"Sim";86,7;"ALCANÇOU"
"SP";354990;"São José dos Campos";;5;5;100;"Sim";100;"ALCANÇOU"
"SP";354995;"São Lourenço da Serra";"X";0;0;0;"Não se aplica";0;"NÃO ALCANÇOU"
"SP";355000;"São Luís do Paraitinga";"X";0;0;0;"Não se aplica";0;"NÃO ALCANÇOU"
"SP";355010;"São Manuel";"X";0;0;0;"Não se aplica";0;"NÃO ALCANÇOU"
"SP";355020;"São Miguel Arcanjo";"X";0;0;0;"Não se aplica";0;"NÃO ALCANÇOU"
"SP";355030;"São Paulo";;221;247;89,5;"Sim";89,5;"ALCANÇOU"
"SP";355040;"São Pedro";"X";0;0;0;"Não se aplica";0;"NÃO ALCANÇOU"
"SP";355050;"São Pedro do Turvo";;7;8;87,5;"Sim";87,5;"ALCANÇOU"
"SP";355060;"São Roque";"X";0;0;0;"Não se aplica";0;"NÃO ALCANÇOU"
"SP";355070;"São Sebastião";;19;19;100;"Sim";100;"ALCANÇOU"
"SP";355080;"São Sebastião da Grama";"X";0;0;0;"Não se aplica";0;"NÃO ALCANÇOU"
"SP";355090;"São Simão";;4;4;100;"Sim";100;"ALCANÇOU"
"SP";355100;"São Vicente";;16;22;72,7;"Não";72,7;"NÃO ALCANÇOU"
"SP";355110;"Sarapuí";"X";0;0;0;"Não se aplica";0;"NÃO ALCANÇOU"
"SP";355120;"Sarutaiá";"X";0;0;0;"Não se aplica";0;"NÃO ALCANÇOU"
"SP";355130;"Sebastianópolis do Sul";"X";0;0;0;"Não se aplica";0;"NÃO ALCANÇOU"
"SP";355140;"Serra Azul";;0;1;0;"Não";0;"NÃO ALCANÇOU"
"SP";355150;"Serrana";;9;23;39,1;"Não";39,1;"NÃO ALCANÇOU"
"SP";355160;"Serra Negra";"X";0;0;0;"Não se aplica";0;"NÃO ALCANÇOU"
"SP";355170;"Sertãozinho";;20;20;100;"Sim";100;"ALCANÇOU"
"SP";355180;"Sete Barras";"X";0;0;0;"Não se aplica";0;"NÃO ALCANÇOU"
"SP";355190;"Severínia";"X";0;0;0;"Não se aplica";0;"NÃO ALCANÇOU"
"SP";355200;"Silveiras";;0;0;0;"Não";0;"NÃO ALCANÇOU"
"SP";355210;"Socorro";;2;4;50;"Não";50;"NÃO ALCANÇOU"
"SP";355220;"Sorocaba";;99;99;100;"Sim";100;"ALCANÇOU"
"SP";355230;"Sud Mennucci";;3;3;100;"Sim";100;"ALCANÇOU"
"SP";355240;"Sumaré";;13;23;56,5;"Não";56,5;"NÃO ALCANÇOU"
"SP";355250;"Suzano";"X";0;0;0;"Não se aplica";0;"NÃO ALCANÇOU"
"SP";355255;"Suzanápolis";"X";0;0;0;"Não se aplica";0;"NÃO ALCANÇOU"
"SP";355260;"Tabapuã";"X";0;0;0;"Não se aplica";0;"NÃO ALCANÇOU"
"SP";355270;"Tabatinga";"X";0;0;0;"Não se aplica";0;"NÃO ALCANÇOU"
"SP";355280;"Taboão da Serra";;7;11;63,6;"Não";63,6;"NÃO ALCANÇOU"
"SP";355290;"Taciba";;3;3;100;"Sim";100;"ALCANÇOU"
"SP";355300;"Taguaí";"X";0;0;0;"Não se aplica";0;"NÃO ALCANÇOU"
"SP";355310;"Taiaçu";"X";0;0;0;"Não se aplica";0;"NÃO ALCANÇOU"
"SP";355320;"Taiúva";"X";0;0;0;"Não se aplica";0;"NÃO ALCANÇOU"
"SP";355330;"Tambaú";;24;24;100;"Sim";100;"ALCANÇOU"
"SP";355340;"Tanabi";;3;3;100;"Sim";100;"ALCANÇOU"
"SP";355350;"Tapiraí";"X";0;0;0;"Não se aplica";0;"NÃO ALCANÇOU"
"SP";355360;"Tapiratiba";"X";0;0;0;"Não se aplica";0;"NÃO ALCANÇOU"
"SP";355365;"Taquaral";"X";0;0;0;"Não se aplica";0;"NÃO ALCANÇOU"
"SP";355370;"Taquaritinga";;2;2;100;"Sim";100;"ALCANÇOU"
"SP";355380;"Taquarituba";"X";0;0;0;"Não se aplica";0;"NÃO ALCANÇOU"
"SP";355385;"Taquarivaí";"X";0;0;0;"Não se aplica";0;"NÃO ALCANÇOU"
"SP";355390;"Tarabai";"X";0;0;0;"Não se aplica";0;"NÃO ALCANÇOU"
"SP";355395;"Tarumã";"X";0;0;0;"Não se aplica";0;"NÃO ALCANÇOU"
"SP";355400;"Tatuí";;6;7;85,7;"Sim";85,7;"ALCANÇOU"
"SP";355410;"Taubaté";;13;20;65;"Não";65;"NÃO ALCANÇOU"
"SP";355420;"Tejupá";;3;3;100;"Sim";100;"ALCANÇOU"
"SP";355430;"Teodoro Sampaio";;6;6;100;"Sim";100;"ALCANÇOU"
"SP";355440;"Terra Roxa";;1;1;100;"Sim";100;"ALCANÇOU"
"SP";355450;"Tietê";;1;1;100;"Sim";100;"ALCANÇOU"
"SP";355460;"Timburi";"X";0;0;0;"Não se aplica";0;"NÃO ALCANÇOU"
"SP";355465;"Torre de Pedra";"X";0;0;0;"Não se aplica";0;"NÃO ALCANÇOU"
"SP";355470;"Torrinha";"X";0;0;0;"Não se aplica";0;"NÃO ALCANÇOU"
"SP";355475;"Trabiju";"X";0;0;0;"Não se aplica";0;"NÃO ALCANÇOU"
"SP";355480;"Tremembé";;0;0;0;"Não";0;"NÃO ALCANÇOU"
"SP";355490;"Três Fronteiras";;1;1;100;"Sim";100;"ALCANÇOU"
"SP";355495;"Tuiuti";"X";0;0;0;"Não se aplica";0;"NÃO ALCANÇOU"
"SP";355500;"Tupã";;3;3;100;"Sim";100;"ALCANÇOU"
"SP";355510;"Tupi Paulista";"X";0;0;0;"Não se aplica";0;"NÃO ALCANÇOU"
"SP";355520;"Turiúba";"X";0;0;0;"Não se aplica";0;"NÃO ALCANÇOU"
"SP";355530;"Turmalina";"X";0;0;0;"Não se aplica";0;"NÃO ALCANÇOU"
"SP";355535;"Ubarana";"X";0;0;0;"Não se aplica";0;"NÃO ALCANÇOU"
"SP";355540;"Ubatuba";;17;17;100;"Sim";100;"ALCANÇOU"
"SP";355550;"Ubirajara";"X";0;0;0;"Não se aplica";0;"NÃO ALCANÇOU"
"SP";355560;"Uchoa";;2;3;66,7;"Não";66,7;"NÃO ALCANÇOU"
"SP";355570;"União Paulista";"X";0;0;0;"Não se aplica";0;"NÃO ALCANÇOU"
"SP";355580;"Urânia";"X";0;0;0;"Não se aplica";0;"NÃO ALCANÇOU"
"SP";355590;"Uru";"X";0;0;0;"Não se aplica";0;"NÃO ALCANÇOU"
"SP";355600;"Urupês";;2;2;100;"Sim";100;"ALCANÇOU"
"SP";355610;"Valentim Gentil";"X";0;0;0;"Não se aplica";0;"NÃO ALCANÇOU"
"SP";355620;"Valinhos";"X";0;0;0;"Não se aplica";0;"NÃO ALCANÇOU"
"SP";355630;"Valparaíso";"X";0;0;0;"Não se aplica";0;"NÃO ALCANÇOU"
"SP";355635;"Vargem";"X";0;0;0;"Não se aplica";0;"NÃO ALCANÇOU"
"SP";355640;"Vargem Grande do Sul";"X";0;0;0;"Não se aplica";0;"NÃO ALCANÇOU"
"SP";355645;"Vargem Grande Paulista";;2;2;100;"Sim";100;"ALCANÇOU"
"SP";355650;"Várzea Paulista";;0;3;0;"Não";0;"NÃO ALCANÇOU"
"SP";355660;"Vera Cruz";"X";0;0;0;"Não se aplica";0;"NÃO ALCANÇOU"
"SP";355670;"Vinhedo";"X";0;0;0;"Não se aplica";0;"NÃO ALCANÇOU"
"SP";355680;"Viradouro";;9;9;100;"Sim";100;"ALCANÇOU"
"SP";355690;"Vista Alegre do Alto";"X";0;0;0;"Não se aplica";0;"NÃO ALCANÇOU"
"SP";355695;"Vitória Brasil";"X";0;0;0;"Não se aplica";0;"NÃO ALCANÇOU"
"SP";355700;"Votorantim";;6;6;100;"Sim";100;"ALCANÇOU"
"SP";355710;"Votuporanga";;15;15;100;"Sim";100;"ALCANÇOU"
"SP";355715;"Zacarias";"X";0;0;0;"Não se aplica";0;"NÃO ALCANÇOU"
"SP";355720;"Chavantes";"X";0;0;0;"Não se aplica";0;"NÃO ALCANÇOU"
"SP";355730;"Estiva Gerbi";"X";0;0;0;"Não se aplica";0;"NÃO ALCANÇOU"
"PR";410010;"Abatiá";"X";0;0;0;"Não se aplica";0;"NÃO ALCANÇOU"
"PR";410020;"Adrianópolis";"X";0;0;0;"Não se aplica";0;"NÃO ALCANÇOU"
"PR";410030;"Agudos do Sul";"X";0;0;0;"Não se aplica";0;"NÃO ALCANÇOU"
"PR";410040;"Almirante Tamandaré";;5;5;100;"Sim";100;"ALCANÇOU"
"PR";410045;"Altamira do Paraná";;7;7;100;"Sim";100;"ALCANÇOU"
"PR";410050;"Altônia";"X";0;0;0;"Não se aplica";0;"NÃO ALCANÇOU"
"PR";410060;"Alto Paraná";"X";0;0;0;"Não se aplica";0;"NÃO ALCANÇOU"
"PR";410070;"Alto Piquiri";;0;44;0;"Não";0;"NÃO ALCANÇOU"
"PR";410080;"Alvorada do Sul";"X";0;0;0;"Não se aplica";0;"NÃO ALCANÇOU"
"PR";410090;"Amaporã";"X";0;0;0;"Não se aplica";0;"NÃO ALCANÇOU"
"PR";410100;"Ampére";"X";0;0;0;"Não se aplica";0;"NÃO ALCANÇOU"
"PR";410105;"Anahy";"X";0;0;0;"Não se aplica";0;"NÃO ALCANÇOU"
"PR";410110;"Andirá";;4;4;100;"Sim";100;"ALCANÇOU"
"PR";410115;"Ângulo";"X";0;0;0;"Não se aplica";0;"NÃO ALCANÇOU"
"PR";410120;"Antonina";"X";0;0;0;"Não se aplica";0;"NÃO ALCANÇOU"
"PR";410130;"Antônio Olinto";"X";0;0;0;"Não se aplica";0;"NÃO ALCANÇOU"
"PR";410140;"Apucarana";;3;3;100;"Sim";100;"ALCANÇOU"
"PR";410150;"Arapongas";;0;3;0;"Não";0;"NÃO ALCANÇOU"
"PR";410160;"Arapoti";"X";0;0;0;"Não se aplica";0;"NÃO ALCANÇOU"
"PR";410165;"Arapuã";"X";0;0;0;"Não se aplica";0;"NÃO ALCANÇOU"
"PR";410170;"Araruna";"X";0;0;0;"Não se aplica";0;"NÃO ALCANÇOU"
"PR";410180;"Araucária";;5;5;100;"Sim";100;"ALCANÇOU"
"PR";410185;"Ariranha do Ivaí";"X";0;0;0;"Não se aplica";0;"NÃO ALCANÇOU"
"PR";410190;"Assaí";"X";0;0;0;"Não se aplica";0;"NÃO ALCANÇOU"
"PR";410200;"Assis Chateaubriand";;8;8;100;"Sim";100;"ALCANÇOU"
"PR";410210;"Astorga";"X";0;0;0;"Não se aplica";0;"NÃO ALCANÇOU"
"PR";410220;"Atalaia";"X";0;0;0;"Não se aplica";0;"NÃO ALCANÇOU"
"PR";410230;"Balsa Nova";;5;5;100;"Sim";100;"ALCANÇOU"
"PR";410240;"Bandeirantes";"X";0;0;0;"Não se aplica";0;"NÃO ALCANÇOU"
"PR";410250;"Barbosa Ferraz";;11;11;100;"Sim";100;"ALCANÇOU"
"PR";410260;"Barracão";"X";0;0;0;"Não se aplica";0;"NÃO ALCANÇOU"
"PR";410270;"Barra do Jacaré";"X";0;0;0;"Não se aplica";0;"NÃO ALCANÇOU"
"PR";410275;"Bela Vista da Caroba";"X";0;0;0;"Não se aplica";0;"NÃO ALCANÇOU"
"PR";410280;"Bela Vista do Paraíso";"X";0;0;0;"Não se aplica";0;"NÃO ALCANÇOU"
"PR";410290;"Bituruna";;1;1;100;"Sim";100;"ALCANÇOU"
"PR";410300;"Boa Esperança";"X";0;0;0;"Não se aplica";0;"NÃO ALCANÇOU"
"PR";410302;"Boa Esperança do Iguaçu";"X";0;0;0;"Não se aplica";0;"NÃO ALCANÇOU"
"PR";410304;"Boa Ventura de São Roque";;0;4;0;"Não";0;"NÃO ALCANÇOU"
"PR";410305;"Boa Vista da Aparecida";"X";0;0;0;"Não se aplica";0;"NÃO ALCANÇOU"
"PR";410310;"Bocaiúva do Sul";"X";0;0;0;"Não se aplica";0;"NÃO ALCANÇOU"
"PR";410315;"Bom Jesus do Sul";"X";0;0;0;"Não se aplica";0;"NÃO ALCANÇOU"
"PR";410320;"Bom Sucesso";"X";0;0;0;"Não se aplica";0;"NÃO ALCANÇOU"
"PR";410322;"Bom Sucesso do Sul";"X";0;0;0;"Não se aplica";0;"NÃO ALCANÇOU"
"PR";410330;"Borrazópolis";"X";0;0;0;"Não se aplica";0;"NÃO ALCANÇOU"
"PR";410335;"Braganey";"X";0;0;0;"Não se aplica";0;"NÃO ALCANÇOU"
"PR";410337;"Brasilândia do Sul";"X";0;0;0;"Não se aplica";0;"NÃO ALCANÇOU"
"PR";410340;"Cafeara";"X";0;0;0;"Não se aplica";0;"NÃO ALCANÇOU"
"PR";410345;"Cafelândia";;4;4;100;"Sim";100;"ALCANÇOU"
"PR";410347;"Cafezal do Sul";"X";0;0;0;"Não se aplica";0;"NÃO ALCANÇOU"
"PR";410350;"Califórnia";"X";0;0;0;"Não se aplica";0;"NÃO ALCANÇOU"
"PR";410360;"Cambará";;7;7;100;"Sim";100;"ALCANÇOU"
"PR";410370;"Cambé";;9;13;69,2;"Não";69,2;"NÃO ALCANÇOU"
"PR";410380;"Cambira";"X";0;0;0;"Não se aplica";0;"NÃO ALCANÇOU"
"PR";410390;"Campina da Lagoa";;5;5;100;"Sim";100;"ALCANÇOU"
"PR";410395;"Campina do Simão";"X";0;0;0;"Não se aplica";0;"NÃO ALCANÇOU"
"PR";410400;"Campina Grande do Sul";;0;9;0;"Não";0;"NÃO ALCANÇOU"
"PR";410405;"Campo Bonito";"X";0;0;0;"Não se aplica";0;"NÃO ALCANÇOU"
"PR";410410;"Campo do Tenente";"X";0;0;0;"Não se aplica";0;"NÃO ALCANÇOU"
"PR";410420;"Campo Largo";;0;4;0;"Não";0;"NÃO ALCANÇOU"
"PR";410425;"Campo Magro";;0;1;0;"Não";0;"NÃO ALCANÇOU"
"PR";410430;"Campo Mourão";;1;1;100;"Sim";100;"ALCANÇOU"
"PR";410440;"Cândido de Abreu";;0;0;0;"Não";0;"NÃO ALCANÇOU"
"PR";410442;"Candói";;8;9;88,9;"Sim";88,9;"ALCANÇOU"
"PR";410445;"Cantagalo";;5;5;100;"Sim";100;"ALCANÇOU"
"PR";410450;"Capanema";;0;0;0;"Não";0;"NÃO ALCANÇOU"
"PR";410460;"Capitão Leônidas Marques";"X";0;0;0;"Não se aplica";0;"NÃO ALCANÇOU"
"PR";410465;"Carambeí";;1;1;100;"Sim";100;"ALCANÇOU"
"PR";410470;"Carlópolis";"X";0;0;0;"Não se aplica";0;"NÃO ALCANÇOU"
"PR";410480;"Cascavel";;29;29;100;"Sim";100;"ALCANÇOU"
"PR";410490;"Castro";;3;3;100;"Sim";100;"ALCANÇOU"
"PR";410500;"Catanduvas";;9;9;100;"Sim";100;"ALCANÇOU"
"PR";410510;"Centenário do Sul";;0;3;0;"Não";0;"NÃO ALCANÇOU"
"PR";410520;"Cerro Azul";"X";0;0;0;"Não se aplica";0;"NÃO ALCANÇOU"
"PR";410530;"Céu Azul";"X";0;0;0;"Não se aplica";0;"NÃO ALCANÇOU"
"PR";410540;"Chopinzinho";;6;6;100;"Sim";100;"ALCANÇOU"
"PR";410550;"Cianorte";;1;1;100;"Sim";100;"ALCANÇOU"
"PR";410560;"Cidade Gaúcha";"X";0;0;0;"Não se aplica";0;"NÃO ALCANÇOU"
"PR";410570;"Clevelândia";;5;5;100;"Sim";100;"ALCANÇOU"
"PR";410580;"Colombo";;6;6;100;"Sim";100;"ALCANÇOU"
"PR";410590;"Colorado";;16;16;100;"Sim";100;"ALCANÇOU"
"PR";410600;"Congonhinhas";"X";0;0;0;"Não se aplica";0;"NÃO ALCANÇOU"
"PR";410610;"Conselheiro Mairinck";"X";0;0;0;"Não se aplica";0;"NÃO ALCANÇOU"
"PR";410620;"Contenda";"X";0;0;0;"Não se aplica";0;"NÃO ALCANÇOU"
"PR";410630;"Corbélia";"X";0;0;0;"Não se aplica";0;"NÃO ALCANÇOU"
"PR";410640;"Cornélio Procópio";;3;3;100;"Sim";100;"ALCANÇOU"
"PR";410645;"Coronel Domingos Soares";"X";0;0;0;"Não se aplica";0;"NÃO ALCANÇOU"
"PR";410650;"Coronel Vivida";;0;0;0;"Não";0;"NÃO ALCANÇOU"
"PR";410655;"Corumbataí do Sul";"X";0;0;0;"Não se aplica";0;"NÃO ALCANÇOU"
"PR";410657;"Cruzeiro do Iguaçu";"X";0;0;0;"Não se aplica";0;"NÃO ALCANÇOU"
"PR";410660;"Cruzeiro do Oeste";;3;5;60;"Não";60;"NÃO ALCANÇOU"
"PR";410670;"Cruzeiro do Sul";"X";0;0;0;"Não se aplica";0;"NÃO ALCANÇOU"
"PR";410680;"Cruz Machado";;6;6;100;"Sim";100;"ALCANÇOU"
"PR";410685;"Cruzmaltina";"X";0;0;0;"Não se aplica";0;"NÃO ALCANÇOU"
"PR";410690;"Curitiba";;35;41;85,4;"Sim";85,4;"ALCANÇOU"
"PR";410700;"Curiúva";;1;1;100;"Sim";100;"ALCANÇOU"
"PR";410710;"Diamante do Norte";"X";0;0;0;"Não se aplica";0;"NÃO ALCANÇOU"
"PR";410712;"Diamante do Sul";;16;16;100;"Sim";100;"ALCANÇOU"
"PR";410715;"Diamante D'Oeste";"X";0;0;0;"Não se aplica";0;"NÃO ALCANÇOU"
"PR";410720;"Dois Vizinhos";;1;1;100;"Sim";100;"ALCANÇOU"
"PR";410725;"Douradina";"X";0;0;0;"Não se aplica";0;"NÃO ALCANÇOU"
"PR";410730;"Doutor Camargo";"X";0;0;0;"Não se aplica";0;"NÃO ALCANÇOU"
"PR";410740;"Enéas Marques";"X";0;0;0;"Não se aplica";0;"NÃO ALCANÇOU"
"PR";410750;"Engenheiro Beltrão";;4;4;100;"Sim";100;"ALCANÇOU"
"PR";410752;"Esperança Nova";"X";0;0;0;"Não se aplica";0;"NÃO ALCANÇOU"
"PR";410753;"Entre Rios do Oeste";"X";0;0;0;"Não se aplica";0;"NÃO ALCANÇOU"
"PR";410754;"Espigão Alto do Iguaçu";"X";0;0;0;"Não se aplica";0;"NÃO ALCANÇOU"
"PR";410755;"Farol";"X";0;0;0;"Não se aplica";0;"NÃO ALCANÇOU"
"PR";410760;"Faxinal";;0;0;0;"Não";0;"NÃO ALCANÇOU"
"PR";410765;"Fazenda Rio Grande";;2;2;100;"Sim";100;"ALCANÇOU"
"PR";410770;"Fênix";"X";0;0;0;"Não se aplica";0;"NÃO ALCANÇOU"
"PR";410773;"Fernandes Pinheiro";;0;12;0;"Não";0;"NÃO ALCANÇOU"
"PR";410775;"Figueira";"X";0;0;0;"Não se aplica";0;"NÃO ALCANÇOU"
"PR";410780;"Floraí";"X";0;0;0;"Não se aplica";0;"NÃO ALCANÇOU"
"PR";410785;"Flor da Serra do Sul";"X";0;0;0;"Não se aplica";0;"NÃO ALCANÇOU"
"PR";410790;"Floresta";"X";0;0;0;"Não se aplica";0;"NÃO ALCANÇOU"
"PR";410800;"Florestópolis";;0;5;0;"Não";0;"NÃO ALCANÇOU"
"PR";410810;"Flórida";"X";0;0;0;"Não se aplica";0;"NÃO ALCANÇOU"
"PR";410820;"Formosa do Oeste";"X";0;0;0;"Não se aplica";0;"NÃO ALCANÇOU"
"PR";410830;"Foz do Iguaçu";;23;27;85,2;"Sim";85,2;"ALCANÇOU"
"PR";410832;"Francisco Alves";"X";0;0;0;"Não se aplica";0;"NÃO ALCANÇOU"
"PR";410840;"Francisco Beltrão";;17;17;100;"Sim";100;"ALCANÇOU"
"PR";410845;"Foz do Jordão";"X";0;0;0;"Não se aplica";0;"NÃO ALCANÇOU"
"PR";410850;"General Carneiro";;12;12;100;"Sim";100;"ALCANÇOU"
"PR";410855;"Godoy Moreira";;1;1;100;"Sim";100;"ALCANÇOU"
"PR";410860;"Goioerê";"X";0;0;0;"Não se aplica";0;"NÃO ALCANÇOU"
"PR";410865;"Goioxim";"X";0;0;0;"Não se aplica";0;"NÃO ALCANÇOU"
"PR";410870;"Grandes Rios";;3;3;100;"Sim";100;"ALCANÇOU"
"PR";410880;"Guaíra";;5;5;100;"Sim";100;"ALCANÇOU"
"PR";410890;"Guairaçá";"X";0;0;0;"Não se aplica";0;"NÃO ALCANÇOU"
"PR";410895;"Guamiranga";"X";0;0;0;"Não se aplica";0;"NÃO ALCANÇOU"
"PR";410900;"Guapirama";"X";0;0;0;"Não se aplica";0;"NÃO ALCANÇOU"
"PR";410910;"Guaporema";;6;6;100;"Sim";100;"ALCANÇOU"
"PR";410920;"Guaraci";;3;3;100;"Sim";100;"ALCANÇOU"
"PR";410930;"Guaraniaçu";"X";0;0;0;"Não se aplica";0;"NÃO ALCANÇOU"
"PR";410940;"Guarapuava";;19;19;100;"Sim";100;"ALCANÇOU"
"PR";410950;"Guaraqueçaba";"X";0;0;0;"Não se aplica";0;"NÃO ALCANÇOU"
"PR";410960;"Guaratuba";;1;0;0;"Não";0;"NÃO ALCANÇOU"
"PR";410965;"Honório Serpa";"X";0;0;0;"Não se aplica";0;"NÃO ALCANÇOU"
"PR";410970;"Ibaiti";;3;3;100;"Sim";100;"ALCANÇOU"
"PR";410975;"Ibema";"X";0;0;0;"Não se aplica";0;"NÃO ALCANÇOU"
"PR";410980;"Ibiporã";;7;7;100;"Sim";100;"ALCANÇOU"
"PR";410990;"Icaraíma";;0;0;0;"Não";0;"NÃO ALCANÇOU"
"PR";411000;"Iguaraçu";;6;6;100;"Sim";100;"ALCANÇOU"
"PR";411005;"Iguatu";"X";0;0;0;"Não se aplica";0;"NÃO ALCANÇOU"
"PR";411007;"Imbaú";"X";0;0;0;"Não se aplica";0;"NÃO ALCANÇOU"
"PR";411010;"Imbituva";;69;69;100;"Sim";100;"ALCANÇOU"
"PR";411020;"Inácio Martins";;2;4;50;"Não";50;"NÃO ALCANÇOU"
"PR";411030;"Inajá";;0;5;0;"Não";0;"NÃO ALCANÇOU"
"PR";411040;"Indianópolis";;2;3;66,7;"Não";66,7;"NÃO ALCANÇOU"
"PR";411050;"Ipiranga";;11;11;100;"Sim";100;"ALCANÇOU"
"PR";411060;"Iporã";"X";0;0;0;"Não se aplica";0;"NÃO ALCANÇOU"
"PR";411065;"Iracema do Oeste";"X";0;0;0;"Não se aplica";0;"NÃO ALCANÇOU"
"PR";411070;"Irati";;10;10;100;"Sim";100;"ALCANÇOU"
"PR";411080;"Iretama";"X";0;0;0;"Não se aplica";0;"NÃO ALCANÇOU"
"PR";411090;"Itaguajé";"X";0;0;0;"Não se aplica";0;"NÃO ALCANÇOU"
"PR";411095;"Itaipulândia";"X";0;0;0;"Não se aplica";0;"NÃO ALCANÇOU"
"PR";411100;"Itambaracá";"X";0;0;0;"Não se aplica";0;"NÃO ALCANÇOU"
"PR";411110;"Itambé";"X";0;0;0;"Não se aplica";0;"NÃO ALCANÇOU"
"PR";411120;"Itapejara d'Oeste";"X";0;0;0;"Não se aplica";0;"NÃO ALCANÇOU"
"PR";411125;"Itaperuçu";;0;1;0;"Não";0;"NÃO ALCANÇOU"
"PR";411130;"Itaúna do Sul";"X";0;0;0;"Não se aplica";0;"NÃO ALCANÇOU"
"PR";411140;"Ivaí";;2;2;100;"Sim";100;"ALCANÇOU"
"PR";411150;"Ivaiporã";;1;1;100;"Sim";100;"ALCANÇOU"
"PR";411155;"Ivaté";;0;0;0;"Não";0;"NÃO ALCANÇOU"
"PR";411160;"Ivatuba";"X";0;0;0;"Não se aplica";0;"NÃO ALCANÇOU"
"PR";411170;"Jaboti";"X";0;0;0;"Não se aplica";0;"NÃO ALCANÇOU"
"PR";411180;"Jacarezinho";;3;3;100;"Sim";100;"ALCANÇOU"
"PR";411190;"Jaguapitã";;1;2;50;"Não";50;"NÃO ALCANÇOU"
"PR";411200;"Jaguariaíva";;1;0;0;"Não";0;"NÃO ALCANÇOU"
"PR";411210;"Jandaia do Sul";;2;2;100;"Sim";100;"ALCANÇOU"
"PR";411220;"Janiópolis";"X";0;0;0;"Não se aplica";0;"NÃO ALCANÇOU"
"PR";411230;"Japira";"X";0;0;0;"Não se aplica";0;"NÃO ALCANÇOU"
"PR";411240;"Japurá";"X";0;0;0;"Não se aplica";0;"NÃO ALCANÇOU"
"PR";411250;"Jardim Alegre";;2;2;100;"Sim";100;"ALCANÇOU"
"PR";411260;"Jardim Olinda";"X";0;0;0;"Não se aplica";0;"NÃO ALCANÇOU"
"PR";411270;"Jataizinho";"X";0;0;0;"Não se aplica";0;"NÃO ALCANÇOU"
"PR";411275;"Jesuítas";"X";0;0;0;"Não se aplica";0;"NÃO ALCANÇOU"
"PR";411280;"Joaquim Távora";"X";0;0;0;"Não se aplica";0;"NÃO ALCANÇOU"
"PR";411290;"Jundiaí do Sul";"X";0;0;0;"Não se aplica";0;"NÃO ALCANÇOU"
"PR";411295;"Juranda";"X";0;0;0;"Não se aplica";0;"NÃO ALCANÇOU"
"PR";411300;"Jussara";"X";0;0;0;"Não se aplica";0;"NÃO ALCANÇOU"
"PR";411310;"Kaloré";"X";0;0;0;"Não se aplica";0;"NÃO ALCANÇOU"
"PR";411320;"Lapa";;0;18;0;"Não";0;"NÃO ALCANÇOU"
"PR";411325;"Laranjal";;3;3;100;"Sim";100;"ALCANÇOU"
"PR";411330;"Laranjeiras do Sul";;2;2;100;"Sim";100;"ALCANÇOU"
"PR";411340;"Leópolis";"X";0;0;0;"Não se aplica";0;"NÃO ALCANÇOU"
"PR";411342;"Lidianópolis";"X";0;0;0;"Não se aplica";0;"NÃO ALCANÇOU"
"PR";411345;"Lindoeste";"X";0;0;0;"Não se aplica";0;"NÃO ALCANÇOU"
"PR";411350;"Loanda";;5;9;55,6;"Não";55,6;"NÃO ALCANÇOU"
"PR";411360;"Lobato";"X";0;0;0;"Não se aplica";0;"NÃO ALCANÇOU"
"PR";411370;"Londrina";;19;23;82,6;"Sim";82,6;"ALCANÇOU"
"PR";411373;"Luiziana";;1;1;100;"Sim";100;"ALCANÇOU"
"PR";411375;"Lunardelli";"X";0;0;0;"Não se aplica";0;"NÃO ALCANÇOU"
"PR";411380;"Lupionópolis";"X";0;0;0;"Não se aplica";0;"NÃO ALCANÇOU"
"PR";411390;"Mallet";"X";0;0;0;"Não se aplica";0;"NÃO ALCANÇOU"
"PR";411400;"Mamborê";;3;3;100;"Sim";100;"ALCANÇOU"
"PR";411410;"Mandaguaçu";;2;2;100;"Sim";100;"ALCANÇOU"
"PR";411420;"Mandaguari";;1;1;100;"Sim";100;"ALCANÇOU"
"PR";411430;"Mandirituba";"X";0;0;0;"Não se aplica";0;"NÃO ALCANÇOU"
"PR";411435;"Manfrinópolis";"X";0;0;0;"Não se aplica";0;"NÃO ALCANÇOU"
"PR";411440;"Mangueirinha";"X";0;0;0;"Não se aplica";0;"NÃO ALCANÇOU"
"PR";411450;"Manoel Ribas";;3;3;100;"Sim";100;"ALCANÇOU"
"PR";411460;"Marechal Cândido Rondon";;2;2;100;"Sim";100;"ALCANÇOU"
"PR";411470;"Maria Helena";"X";0;0;0;"Não se aplica";0;"NÃO ALCANÇOU"
"PR";411480;"Marialva";"X";0;0;0;"Não se aplica";0;"NÃO ALCANÇOU"
"PR";411490;"Marilândia do Sul";;0;1;0;"Não";0;"NÃO ALCANÇOU"
"PR";411500;"Marilena";;2;2;100;"Sim";100;"ALCANÇOU"
"PR";411510;"Mariluz";;3;15;20;"Não";20;"NÃO ALCANÇOU"
"PR";411520;"Maringá";;17;19;89,5;"Sim";89,5;"ALCANÇOU"
"PR";411530;"Mariópolis";"X";0;0;0;"Não se aplica";0;"NÃO ALCANÇOU"
"PR";411535;"Maripá";"X";0;0;0;"Não se aplica";0;"NÃO ALCANÇOU"
"PR";411540;"Marmeleiro";"X";0;0;0;"Não se aplica";0;"NÃO ALCANÇOU"
"PR";411545;"Marquinho";"X";0;0;0;"Não se aplica";0;"NÃO ALCANÇOU"
"PR";411550;"Marumbi";"X";0;0;0;"Não se aplica";0;"NÃO ALCANÇOU"
"PR";411560;"Matelândia";;6;6;100;"Sim";100;"ALCANÇOU"
"PR";411570;"Matinhos";;3;3;100;"Sim";100;"ALCANÇOU"
"PR";411573;"Mato Rico";"X";0;0;0;"Não se aplica";0;"NÃO ALCANÇOU"
"PR";411575;"Mauá da Serra";;1;3;33,3;"Não";33,3;"NÃO ALCANÇOU"
"PR";411580;"Medianeira";;5;5;100;"Sim";100;"ALCANÇOU"
"PR";411585;"Mercedes";"X";0;0;0;"Não se aplica";0;"NÃO ALCANÇOU"
"PR";411590;"Mirador";"X";0;0;0;"Não se aplica";0;"NÃO ALCANÇOU"
"PR";411600;"Miraselva";"X";0;0;0;"Não se aplica";0;"NÃO ALCANÇOU"
"PR";411605;"Missal";"X";0;0;0;"Não se aplica";0;"NÃO ALCANÇOU"
"PR";411610;"Moreira Sales";"X";0;0;0;"Não se aplica";0;"NÃO ALCANÇOU"
"PR";411620;"Morretes";"X";0;0;0;"Não se aplica";0;"NÃO ALCANÇOU"
"PR";411630;"Munhoz de Melo";"X";0;0;0;"Não se aplica";0;"NÃO ALCANÇOU"
"PR";411640;"Nossa Senhora das Graças";"X";0;0;0;"Não se aplica";0;"NÃO ALCANÇOU"
"PR";411650;"Nova Aliança do Ivaí";"X";0;0;0;"Não se aplica";0;"NÃO ALCANÇOU"
"PR";411660;"Nova América da Colina";"X";0;0;0;"Não se aplica";0;"NÃO ALCANÇOU"
"PR";411670;"Nova Aurora";"X";0;0;0;"Não se aplica";0;"NÃO ALCANÇOU"
"PR";411680;"Nova Cantu";;3;3;100;"Sim";100;"ALCANÇOU"
"PR";411690;"Nova Esperança";"X";0;0;0;"Não se aplica";0;"NÃO ALCANÇOU"
"PR";411695;"Nova Esperança do Sudoeste";"X";0;0;0;"Não se aplica";0;"NÃO ALCANÇOU"
"PR";411700;"Nova Fátima";"X";0;0;0;"Não se aplica";0;"NÃO ALCANÇOU"
"PR";411705;"Nova Laranjeiras";"X";0;0;0;"Não se aplica";0;"NÃO ALCANÇOU"
"PR";411710;"Nova Londrina";;3;3;100;"Sim";100;"ALCANÇOU"
"PR";411720;"Nova Olímpia";"X";0;0;0;"Não se aplica";0;"NÃO ALCANÇOU"
"PR";411721;"Nova Santa Bárbara";"X";0;0;0;"Não se aplica";0;"NÃO ALCANÇOU"
"PR";411722;"Nova Santa Rosa";"X";0;0;0;"Não se aplica";0;"NÃO ALCANÇOU"
"PR";411725;"Nova Prata do Iguaçu";;0;0;0;"Não";0;"NÃO ALCANÇOU"
"PR";411727;"Nova Tebas";"X";0;0;0;"Não se aplica";0;"NÃO ALCANÇOU"
"PR";411729;"Novo Itacolomi";;0;0;0;"Não";0;"NÃO ALCANÇOU"
"PR";411730;"Ortigueira";;4;5;80;"Não";80;"NÃO ALCANÇOU"
"PR";411740;"Ourizona";"X";0;0;0;"Não se aplica";0;"NÃO ALCANÇOU"
"PR";411745;"Ouro Verde do Oeste";"X";0;0;0;"Não se aplica";0;"NÃO ALCANÇOU"
"PR";411750;"Paiçandu";;0;0;0;"Não";0;"NÃO ALCANÇOU"
"PR";411760;"Palmas";"X";0;0;0;"Não se aplica";0;"NÃO ALCANÇOU"
"PR";411770;"Palmeira";;8;8;100;"Sim";100;"ALCANÇOU"
"PR";411780;"Palmital";;2;2;100;"Sim";100;"ALCANÇOU"
"PR";411790;"Palotina";;7;7;100;"Sim";100;"ALCANÇOU"
"PR";411800;"Paraíso do Norte";"X";0;0;0;"Não se aplica";0;"NÃO ALCANÇOU"
"PR";411810;"Paranacity";"X";0;0;0;"Não se aplica";0;"NÃO ALCANÇOU"
"PR";411820;"Paranaguá";;9;11;81,8;"Sim";81,8;"ALCANÇOU"
"PR";411830;"Paranapoema";"X";0;0;0;"Não se aplica";0;"NÃO ALCANÇOU"
"PR";411840;"Paranavaí";;1;1;100;"Sim";100;"ALCANÇOU"
"PR";411845;"Pato Bragado";"X";0;0;0;"Não se aplica";0;"NÃO ALCANÇOU"
"PR";411850;"Pato Branco";;27;27;100;"Sim";100;"ALCANÇOU"
"PR";411860;"Paula Freitas";;4;4;100;"Sim";100;"ALCANÇOU"
"PR";411870;"Paulo Frontin";"X";0;0;0;"Não se aplica";0;"NÃO ALCANÇOU"
"PR";411880;"Peabiru";"X";0;0;0;"Não se aplica";0;"NÃO ALCANÇOU"
"PR";411885;"Perobal";"X";0;0;0;"Não se aplica";0;"NÃO ALCANÇOU"
"PR";411890;"Pérola";"X";0;0;0;"Não se aplica";0;"NÃO ALCANÇOU"
"PR";411900;"Pérola d'Oeste";;8;8;100;"Sim";100;"ALCANÇOU"
"PR";411910;"Piên";;0;2;0;"Não";0;"NÃO ALCANÇOU"
"PR";411915;"Pinhais";;7;10;70;"Não";70;"NÃO ALCANÇOU"
"PR";411920;"Pinhalão";"X";0;0;0;"Não se aplica";0;"NÃO ALCANÇOU"
"PR";411925;"Pinhal de São Bento";"X";0;0;0;"Não se aplica";0;"NÃO ALCANÇOU"
"PR";411930;"Pinhão";;4;4;100;"Sim";100;"ALCANÇOU"
"PR";411940;"Piraí do Sul";"X";0;0;0;"Não se aplica";0;"NÃO ALCANÇOU"
"PR";411950;"Piraquara";;18;21;85,7;"Sim";85,7;"ALCANÇOU"
"PR";411960;"Pitanga";;11;11;100;"Sim";100;"ALCANÇOU"
"PR";411965;"Pitangueiras";"X";0;0;0;"Não se aplica";0;"NÃO ALCANÇOU"
"PR";411970;"Planaltina do Paraná";"X";0;0;0;"Não se aplica";0;"NÃO ALCANÇOU"
"PR";411980;"Planalto";;1;1;100;"Sim";100;"ALCANÇOU"
"PR";411990;"Ponta Grossa";;26;32;81,3;"Não";81,3;"NÃO ALCANÇOU"
"PR";411995;"Pontal do Paraná";;4;4;100;"Sim";100;"ALCANÇOU"
"PR";412000;"Porecatu";;6;6;100;"Sim";100;"ALCANÇOU"
"PR";412010;"Porto Amazonas";"X";0;0;0;"Não se aplica";0;"NÃO ALCANÇOU"
"PR";412015;"Porto Barreiro";"X";0;0;0;"Não se aplica";0;"NÃO ALCANÇOU"
"PR";412020;"Porto Rico";"X";0;0;0;"Não se aplica";0;"NÃO ALCANÇOU"
"PR";412030;"Porto Vitória";"X";0;0;0;"Não se aplica";0;"NÃO ALCANÇOU"
"PR";412033;"Prado Ferreira";"X";0;0;0;"Não se aplica";0;"NÃO ALCANÇOU"
"PR";412035;"Pranchita";"X";0;0;0;"Não se aplica";0;"NÃO ALCANÇOU"
"PR";412040;"Presidente Castelo Branco";"X";0;0;0;"Não se aplica";0;"NÃO ALCANÇOU"
"PR";412050;"Primeiro de Maio";"X";0;0;0;"Não se aplica";0;"NÃO ALCANÇOU"
"PR";412060;"Prudentópolis";;25;25;100;"Sim";100;"ALCANÇOU"
"PR";412065;"Quarto Centenário";"X";0;0;0;"Não se aplica";0;"NÃO ALCANÇOU"
"PR";412070;"Quatiguá";"X";0;0;0;"Não se aplica";0;"NÃO ALCANÇOU"
"PR";412080;"Quatro Barras";;0;2;0;"Não";0;"NÃO ALCANÇOU"
"PR";412085;"Quatro Pontes";"X";0;0;0;"Não se aplica";0;"NÃO ALCANÇOU"
"PR";412090;"Quedas do Iguaçu";;7;7;100;"Sim";100;"ALCANÇOU"
"PR";412100;"Querência do Norte";"X";0;0;0;"Não se aplica";0;"NÃO ALCANÇOU"
"PR";412110;"Quinta do Sol";"X";0;0;0;"Não se aplica";0;"NÃO ALCANÇOU"
"PR";412120;"Quitandinha";"X";0;0;0;"Não se aplica";0;"NÃO ALCANÇOU"
"PR";412125;"Ramilândia";"X";0;0;0;"Não se aplica";0;"NÃO ALCANÇOU"
"PR";412130;"Rancho Alegre";"X";0;0;0;"Não se aplica";0;"NÃO ALCANÇOU"
"PR";412135;"Rancho Alegre D'Oeste";"X";0;0;0;"Não se aplica";0;"NÃO ALCANÇOU"
"PR";412140;"Realeza";"X";0;0;0;"Não se aplica";0;"NÃO ALCANÇOU"
"PR";412150;"Rebouças";;8;8;100;"Sim";100;"ALCANÇOU"
"PR";412160;"Renascença";"X";0;0;0;"Não se aplica";0;"NÃO ALCANÇOU"
"PR";412170;"Reserva";;11;11;100;"Sim";100;"ALCANÇOU"
"PR";412175;"Reserva do Iguaçu";"X";0;0;0;"Não se aplica";0;"NÃO ALCANÇOU"
"PR";412180;"Ribeirão Claro";"X";0;0;0;"Não se aplica";0;"NÃO ALCANÇOU"
"PR";412190;"Ribeirão do Pinhal";;3;3;100;"Sim";100;"ALCANÇOU"
"PR";412200;"Rio Azul";;5;5;100;"Sim";100;"ALCANÇOU"
"PR";412210;"Rio Bom";"X";0;0;0;"Não se aplica";0;"NÃO ALCANÇOU"
"PR";412215;"Rio Bonito do Iguaçu";"X";0;0;0;"Não se aplica";0;"NÃO ALCANÇOU"
"PR";412217;"Rio Branco do Ivaí";"X";0;0;0;"Não se aplica";0;"NÃO ALCANÇOU"
"PR";412220;"Rio Branco do Sul";"X";0;0;0;"Não se aplica";0;"NÃO ALCANÇOU"
"PR";412230;"Rio Negro";;1;13;7,7;"Não";7,7;"NÃO ALCANÇOU"
"PR";412240;"Rolândia";;5;5;100;"Sim";100;"ALCANÇOU"
"PR";412250;"Roncador";;8;8;100;"Sim";100;"ALCANÇOU"
"PR";412260;"Rondon";;2;2;100;"Sim";100;"ALCANÇOU"
"PR";412265;"Rosário do Ivaí";"X";0;0;0;"Não se aplica";0;"NÃO ALCANÇOU"
"PR";412270;"Sabáudia";;2;2;100;"Sim";100;"ALCANÇOU"
"PR";412280;"Salgado Filho";"X";0;0;0;"Não se aplica";0;"NÃO ALCANÇOU"
"PR";412290;"Salto do Itararé";"X";0;0;0;"Não se aplica";0;"NÃO ALCANÇOU"
"PR";412300;"Salto do Lontra";;3;3;100;"Sim";100;"ALCANÇOU"
"PR";412310;"Santa Amélia";"X";0;0;0;"Não se aplica";0;"NÃO ALCANÇOU"
"PR";412320;"Santa Cecília do Pavão";"X";0;0;0;"Não se aplica";0;"NÃO ALCANÇOU"
"PR";412330;"Santa Cruz de Monte Castelo";"X";0;0;0;"Não se aplica";0;"NÃO ALCANÇOU"
"PR";412340;"Santa Fé";"X";0;0;0;"Não se aplica";0;"NÃO ALCANÇOU"
"PR";412350;"Santa Helena";"X";0;0;0;"Não se aplica";0;"NÃO ALCANÇOU"
"PR";412360;"Santa Inês";"X";0;0;0;"Não se aplica";0;"NÃO ALCANÇOU"
"PR";412370;"Santa Isabel do Ivaí";;2;3;66,7;"Não";66,7;"NÃO ALCANÇOU"
"PR";412380;"Santa Izabel do Oeste";;1;1;100;"Sim";100;"ALCANÇOU"
"PR";412382;"Santa Lúcia";"X";0;0;0;"Não se aplica";0;"NÃO ALCANÇOU"
"PR";412385;"Santa Maria do Oeste";;1;2;50;"Não";50;"NÃO ALCANÇOU"
"PR";412390;"Santa Mariana";"X";0;0;0;"Não se aplica";0;"NÃO ALCANÇOU"
"PR";412395;"Santa Mônica";"X";0;0;0;"Não se aplica";0;"NÃO ALCANÇOU"
"PR";412400;"Santana do Itararé";"X";0;0;0;"Não se aplica";0;"NÃO ALCANÇOU"
"PR";412402;"Santa Tereza do Oeste";;6;6;100;"Sim";100;"ALCANÇOU"
"PR";412405;"Santa Terezinha de Itaipu";"X";0;0;0;"Não se aplica";0;"NÃO ALCANÇOU"
"PR";412410;"Santo Antônio da Platina";;4;4;100;"Sim";100;"ALCANÇOU"
"PR";412420;"Santo Antônio do Caiuá";"X";0;0;0;"Não se aplica";0;"NÃO ALCANÇOU"
"PR";412430;"Santo Antônio do Paraíso";"X";0;0;0;"Não se aplica";0;"NÃO ALCANÇOU"
"PR";412440;"Santo Antônio do Sudoeste";;0;0;0;"Não";0;"NÃO ALCANÇOU"
"PR";412450;"Santo Inácio";"X";0;0;0;"Não se aplica";0;"NÃO ALCANÇOU"
"PR";412460;"São Carlos do Ivaí";"X";0;0;0;"Não se aplica";0;"NÃO ALCANÇOU"
"PR";412470;"São Jerônimo da Serra";"X";0;0;0;"Não se aplica";0;"NÃO ALCANÇOU"
"PR";412480;"São João";"X";0;0;0;"Não se aplica";0;"NÃO ALCANÇOU"
"PR";412490;"São João do Caiuá";"X";0;0;0;"Não se aplica";0;"NÃO ALCANÇOU"
"PR";412500;"São João do Ivaí";"X";0;0;0;"Não se aplica";0;"NÃO ALCANÇOU"
"PR";412510;"São João do Triunfo";;0;2;0;"Não";0;"NÃO ALCANÇOU"
"PR";412520;"São Jorge d'Oeste";"X";0;0;0;"Não se aplica";0;"NÃO ALCANÇOU"
"PR";412530;"São Jorge do Ivaí";"X";0;0;0;"Não se aplica";0;"NÃO ALCANÇOU"
"PR";412535;"São Jorge do Patrocínio";"X";0;0;0;"Não se aplica";0;"NÃO ALCANÇOU"
"PR";412540;"São José da Boa Vista";;2;2;100;"Sim";100;"ALCANÇOU"
"PR";412545;"São José das Palmeiras";"X";0;0;0;"Não se aplica";0;"NÃO ALCANÇOU"
"PR";412550;"São José dos Pinhais";;48;48;100;"Sim";100;"ALCANÇOU"
"PR";412555;"São Manoel do Paraná";"X";0;0;0;"Não se aplica";0;"NÃO ALCANÇOU"
"PR";412560;"São Mateus do Sul";;6;6;100;"Sim";100;"ALCANÇOU"
"PR";412570;"São Miguel do Iguaçu";;9;9;100;"Sim";100;"ALCANÇOU"
"PR";412575;"São Pedro do Iguaçu";;2;3;66,7;"Não";66,7;"NÃO ALCANÇOU"
"PR";412580;"São Pedro do Ivaí";"X";0;0;0;"Não se aplica";0;"NÃO ALCANÇOU"
"PR";412590;"São Pedro do Paraná";"X";0;0;0;"Não se aplica";0;"NÃO ALCANÇOU"
"PR";412600;"São Sebastião da Amoreira";"X";0;0;0;"Não se aplica";0;"NÃO ALCANÇOU"
"PR";412610;"São Tomé";"X";0;0;0;"Não se aplica";0;"NÃO ALCANÇOU"
"PR";412620;"Sapopema";"X";0;0;0;"Não se aplica";0;"NÃO ALCANÇOU"
"PR";412625;"Sarandi";;0;0;0;"Não";0;"NÃO ALCANÇOU"
"PR";412627;"Saudade do Iguaçu";;4;4;100;"Sim";100;"ALCANÇOU"
"PR";412630;"Sengés";"X";0;0;0;"Não se aplica";0;"NÃO ALCANÇOU"
"PR";412635;"Serranópolis do Iguaçu";"X";0;0;0;"Não se aplica";0;"NÃO ALCANÇOU"
"PR";412640;"Sertaneja";"X";0;0;0;"Não se aplica";0;"NÃO ALCANÇOU"
"PR";412650;"Sertanópolis";"X";0;0;0;"Não se aplica";0;"NÃO ALCANÇOU"
"PR";412660;"Siqueira Campos";"X";0;0;0;"Não se aplica";0;"NÃO ALCANÇOU"
"PR";412665;"Sulina";"X";0;0;0;"Não se aplica";0;"NÃO ALCANÇOU"
"PR";412667;"Tamarana";;3;3;100;"Sim";100;"ALCANÇOU"
"PR";412670;"Tamboara";"X";0;0;0;"Não se aplica";0;"NÃO ALCANÇOU"
"PR";412680;"Tapejara";"X";0;0;0;"Não se aplica";0;"NÃO ALCANÇOU"
"PR";412690;"Tapira";"X";0;0;0;"Não se aplica";0;"NÃO ALCANÇOU"
"PR";412700;"Teixeira Soares";;3;3;100;"Sim";100;"ALCANÇOU"
"PR";412710;"Telêmaco Borba";;29;29;100;"Sim";100;"ALCANÇOU"
"PR";412720;"Terra Boa";"X";0;0;0;"Não se aplica";0;"NÃO ALCANÇOU"
"PR";412730;"Terra Rica";;0;4;0;"Não";0;"NÃO ALCANÇOU"
"PR";412740;"Terra Roxa";;8;8;100;"Sim";100;"ALCANÇOU"
"PR";412750;"Tibagi";;13;16;81,3;"Não";81,3;"NÃO ALCANÇOU"
"PR";412760;"Tijucas do Sul";"X";0;0;0;"Não se aplica";0;"NÃO ALCANÇOU"
"PR";412770;"Toledo";;23;23;100;"Sim";100;"ALCANÇOU"
"PR";412780;"Tomazina";"X";0;0;0;"Não se aplica";0;"NÃO ALCANÇOU"
"PR";412785;"Três Barras do Paraná";;3;3;100;"Sim";100;"ALCANÇOU"
"PR";412788;"Tunas do Paraná";"X";0;0;0;"Não se aplica";0;"NÃO ALCANÇOU"
"PR";412790;"Tuneiras do Oeste";"X";0;0;0;"Não se aplica";0;"NÃO ALCANÇOU"
"PR";412795;"Tupãssi";;1;1;100;"Sim";100;"ALCANÇOU"
"PR";412796;"Turvo";;16;16;100;"Sim";100;"ALCANÇOU"
"PR";412800;"Ubiratã";"X";0;0;0;"Não se aplica";0;"NÃO ALCANÇOU"
"PR";412810;"Umuarama";;10;10;100;"Sim";100;"ALCANÇOU"
"PR";412820;"União da Vitória";"X";0;0;0;"Não se aplica";0;"NÃO ALCANÇOU"
"PR";412830;"Uniflor";;4;4;100;"Sim";100;"ALCANÇOU"
"PR";412840;"Uraí";"X";0;0;0;"Não se aplica";0;"NÃO ALCANÇOU"
"PR";412850;"Wenceslau Braz";;1;1;100;"Sim";100;"ALCANÇOU"
"PR";412853;"Ventania";"X";0;0;0;"Não se aplica";0;"NÃO ALCANÇOU"
"PR";412855;"Vera Cruz do Oeste";"X";0;0;0;"Não se aplica";0;"NÃO ALCANÇOU"
"PR";412860;"Verê";"X";0;0;0;"Não se aplica";0;"NÃO ALCANÇOU"
"PR";412862;"Alto Paraíso";"X";0;0;0;"Não se aplica";0;"NÃO ALCANÇOU"
"PR";412863;"Doutor Ulysses";;0;0;0;"Não";0;"NÃO ALCANÇOU"
"PR";412865;"Virmond";"X";0;0;0;"Não se aplica";0;"NÃO ALCANÇOU"
"PR";412870;"Vitorino";"X";0;0;0;"Não se aplica";0;"NÃO ALCANÇOU"
"PR";412880;"Xambrê";"X";0;0;0;"Não se aplica";0;"NÃO ALCANÇOU"
"SC";420005;"Abdon Batista";"X";0;0;0;"Não se aplica";0;"NÃO ALCANÇOU"
"SC";420010;"Abelardo Luz";"X";0;0;0;"Não se aplica";0;"NÃO ALCANÇOU"
"SC";420020;"Agrolândia";"X";0;0;0;"Não se aplica";0;"NÃO ALCANÇOU"
"SC";420030;"Agronômica";"X";0;0;0;"Não se aplica";0;"NÃO ALCANÇOU"
"SC";420040;"Água Doce";"X";0;0;0;"Não se aplica";0;"NÃO ALCANÇOU"
"SC";420050;"Águas de Chapecó";"X";0;0;0;"Não se aplica";0;"NÃO ALCANÇOU"
"SC";420055;"Águas Frias";"X";0;0;0;"Não se aplica";0;"NÃO ALCANÇOU"
"SC";420060;"Águas Mornas";"X";0;0;0;"Não se aplica";0;"NÃO ALCANÇOU"
"SC";420070;"Alfredo Wagner";;0;0;0;"Não";0;"NÃO ALCANÇOU"
"SC";420075;"Alto Bela Vista";"X";0;0;0;"Não se aplica";0;"NÃO ALCANÇOU"
"SC";420080;"Anchieta";"X";0;0;0;"Não se aplica";0;"NÃO ALCANÇOU"
"SC";420090;"Angelina";"X";0;0;0;"Não se aplica";0;"NÃO ALCANÇOU"
"SC";420100;"Anita Garibaldi";"X";0;0;0;"Não se aplica";0;"NÃO ALCANÇOU"
"SC";420110;"Anitápolis";"X";0;0;0;"Não se aplica";0;"NÃO ALCANÇOU"
"SC";420120;"Antônio Carlos";"X";0;0;0;"Não se aplica";0;"NÃO ALCANÇOU"
"SC";420125;"Apiúna";"X";0;0;0;"Não se aplica";0;"NÃO ALCANÇOU"
"SC";420127;"Arabutã";"X";0;0;0;"Não se aplica";0;"NÃO ALCANÇOU"
"SC";420130;"Araquari";;1;1;100;"Sim";100;"ALCANÇOU"
"SC";420140;"Araranguá";;4;4;100;"Sim";100;"ALCANÇOU"
"SC";420150;"Armazém";"X";0;0;0;"Não se aplica";0;"NÃO ALCANÇOU"
"SC";420160;"Arroio Trinta";"X";0;0;0;"Não se aplica";0;"NÃO ALCANÇOU"
"SC";420165;"Arvoredo";"X";0;0;0;"Não se aplica";0;"NÃO ALCANÇOU"
"SC";420170;"Ascurra";"X";0;0;0;"Não se aplica";0;"NÃO ALCANÇOU"
"SC";420180;"Atalanta";"X";0;0;0;"Não se aplica";0;"NÃO ALCANÇOU"
"SC";420190;"Aurora";"X";0;0;0;"Não se aplica";0;"NÃO ALCANÇOU"
"SC";420195;"Balneário Arroio do Silva";"X";0;0;0;"Não se aplica";0;"NÃO ALCANÇOU"
"SC";420200;"Balneário Camboriú";;5;5;100;"Sim";100;"ALCANÇOU"
"SC";420205;"Balneário Barra do Sul";"X";0;0;0;"Não se aplica";0;"NÃO ALCANÇOU"
"SC";420207;"Balneário Gaivota";"X";0;0;0;"Não se aplica";0;"NÃO ALCANÇOU"
"SC";420208;"Bandeirante";"X";0;0;0;"Não se aplica";0;"NÃO ALCANÇOU"
"SC";420209;"Barra Bonita";"X";0;0;0;"Não se aplica";0;"NÃO ALCANÇOU"
"SC";420210;"Barra Velha";;1;1;100;"Sim";100;"ALCANÇOU"
"SC";420213;"Bela Vista do Toldo";"X";0;0;0;"Não se aplica";0;"NÃO ALCANÇOU"
"SC";420215;"Belmonte";"X";0;0;0;"Não se aplica";0;"NÃO ALCANÇOU"
"SC";420220;"Benedito Novo";"X";0;0;0;"Não se aplica";0;"NÃO ALCANÇOU"
"SC";420230;"Biguaçu";;0;2;0;"Não";0;"NÃO ALCANÇOU"
"SC";420240;"Blumenau";;3;3;100;"Sim";100;"ALCANÇOU"
"SC";420243;"Bocaina do Sul";"X";0;0;0;"Não se aplica";0;"NÃO ALCANÇOU"
"SC";420245;"Bombinhas";;4;3;133,3;"Sim";133,3;"ALCANÇOU"
"SC";420250;"Bom Jardim da Serra";"X";0;0;0;"Não se aplica";0;"NÃO ALCANÇOU"
"SC";420253;"Bom Jesus";"X";0;0;0;"Não se aplica";0;"NÃO ALCANÇOU"
"SC";420257;"Bom Jesus do Oeste";"X";0;0;0;"Não se aplica";0;"NÃO ALCANÇOU"
"SC";420260;"Bom Retiro";"X";0;0;0;"Não se aplica";0;"NÃO ALCANÇOU"
"SC";420270;"Botuverá";"X";0;0;0;"Não se aplica";0;"NÃO ALCANÇOU"
"SC";420280;"Braço do Norte";"X";0;0;0;"Não se aplica";0;"NÃO ALCANÇOU"
"SC";420285;"Braço do Trombudo";"X";0;0;0;"Não se aplica";0;"NÃO ALCANÇOU"
"SC";420287;"Brunópolis";"X";0;0;0;"Não se aplica";0;"NÃO ALCANÇOU"
"SC";420290;"Brusque";;3;3;100;"Sim";100;"ALCANÇOU"
"SC";420300;"Caçador";;15;19;78,9;"Não";78,9;"NÃO ALCANÇOU"
"SC";420310;"Caibi";"X";0;0;0;"Não se aplica";0;"NÃO ALCANÇOU"
"SC";420315;"Calmon";"X";0;0;0;"Não se aplica";0;"NÃO ALCANÇOU"
"SC";420320;"Camboriú";;0;3;0;"Não";0;"NÃO ALCANÇOU"
"SC";420325;"Capão Alto";"X";0;0;0;"Não se aplica";0;"NÃO ALCANÇOU"
"SC";420330;"Campo Alegre";;0;0;0;"Não";0;"NÃO ALCANÇOU"
"SC";420340;"Campo Belo do Sul";"X";0;0;0;"Não se aplica";0;"NÃO ALCANÇOU"
"SC";420350;"Campo Erê";"X";0;0;0;"Não se aplica";0;"NÃO ALCANÇOU"
"SC";420360;"Campos Novos";;9;9;100;"Sim";100;"ALCANÇOU"
"SC";420370;"Canelinha";"X";0;0;0;"Não se aplica";0;"NÃO ALCANÇOU"
"SC";420380;"Canoinhas";;0;0;0;"Não";0;"NÃO ALCANÇOU"
"SC";420390;"Capinzal";;3;7;42,9;"Não";42,9;"NÃO ALCANÇOU"
"SC";420395;"Capivari de Baixo";"X";0;0;0;"Não se aplica";0;"NÃO ALCANÇOU"
"SC";420400;"Catanduvas";"X";0;0;0;"Não se aplica";0;"NÃO ALCANÇOU"
"SC";420410;"Caxambu do Sul";;1;1;100;"Sim";100;"ALCANÇOU"
"SC";420415;"Celso Ramos";"X";0;0;0;"Não se aplica";0;"NÃO ALCANÇOU"
"SC";420417;"Cerro Negro";"X";0;0;0;"Não se aplica";0;"NÃO ALCANÇOU"
"SC";420419;"Chapadão do Lageado";"X";0;0;0;"Não se aplica";0;"NÃO ALCANÇOU"
"SC";420420;"Chapecó";;2;2;100;"Sim";100;"ALCANÇOU"
"SC";420425;"Cocal do Sul";"X";0;0;0;"Não se aplica";0;"NÃO ALCANÇOU"
"SC";420430;"Concórdia";;11;11;100;"Sim";100;"ALCANÇOU"
"SC";420435;"Cordilheira Alta";"X";0;0;0;"Não se aplica";0;"NÃO ALCANÇOU"
"SC";420440;"Coronel Freitas";;2;2;100;"Sim";100;"ALCANÇOU"
"SC";420445;"Coronel Martins";"X";0;0;0;"Não se aplica";0;"NÃO ALCANÇOU"
"SC";420450;"Corupá";"X";0;0;0;"Não se aplica";0;"NÃO ALCANÇOU"
"SC";420455;"Correia Pinto";"X";0;0;0;"Não se aplica";0;"NÃO ALCANÇOU"
"SC";420460;"Criciúma";;3;14;21,4;"Não";21,4;"NÃO ALCANÇOU"
"SC";420470;"Cunha Porã";"X";0;0;0;"Não se aplica";0;"NÃO ALCANÇOU"
"SC";420475;"Cunhataí";"X";0;0;0;"Não se aplica";0;"NÃO ALCANÇOU"
"SC";420480;"Curitibanos";"X";0;0;0;"Não se aplica";0;"NÃO ALCANÇOU"
"SC";420490;"Descanso";"X";0;0;0;"Não se aplica";0;"NÃO ALCANÇOU"
"SC";420500;"Dionísio Cerqueira";;2;2;100;"Sim";100;"ALCANÇOU"
"SC";420510;"Dona Emma";"X";0;0;0;"Não se aplica";0;"NÃO ALCANÇOU"
"SC";420515;"Doutor Pedrinho";"X";0;0;0;"Não se aplica";0;"NÃO ALCANÇOU"
"SC";420517;"Entre Rios";"X";0;0;0;"Não se aplica";0;"NÃO ALCANÇOU"
"SC";420519;"Ermo";"X";0;0;0;"Não se aplica";0;"NÃO ALCANÇOU"
"SC";420520;"Erval Velho";"X";0;0;0;"Não se aplica";0;"NÃO ALCANÇOU"
"SC";420530;"Faxinal dos Guedes";"X";0;0;0;"Não se aplica";0;"NÃO ALCANÇOU"
"SC";420535;"Flor do Sertão";"X";0;0;0;"Não se aplica";0;"NÃO ALCANÇOU"
"SC";420540;"Florianópolis";;3;15;20;"Não";20;"NÃO ALCANÇOU"
"SC";420543;"Formosa do Sul";"X";0;0;0;"Não se aplica";0;"NÃO ALCANÇOU"
"SC";420545;"Forquilhinha";;3;3;100;"Sim";100;"ALCANÇOU"
"SC";420550;"Fraiburgo";"X";0;0;0;"Não se aplica";0;"NÃO ALCANÇOU"
"SC";420555;"Frei Rogério";"X";0;0;0;"Não se aplica";0;"NÃO ALCANÇOU"
"SC";420560;"Galvão";"X";0;0;0;"Não se aplica";0;"NÃO ALCANÇOU"
"SC";420570;"Garopaba";"X";0;0;0;"Não se aplica";0;"NÃO ALCANÇOU"
"SC";420580;"Garuva";;4;4;100;"Sim";100;"ALCANÇOU"
"SC";420590;"Gaspar";"X";0;0;0;"Não se aplica";0;"NÃO ALCANÇOU"
"SC";420600;"Governador Celso Ramos";"X";0;0;0;"Não se aplica";0;"NÃO ALCANÇOU"
"SC";420610;"Grão Pará";"X";0;0;0;"Não se aplica";0;"NÃO ALCANÇOU"
"SC";420620;"Gravatal";"X";0;0;0;"Não se aplica";0;"NÃO ALCANÇOU"
"SC";420630;"Guabiruba";"X";0;0;0;"Não se aplica";0;"NÃO ALCANÇOU"
"SC";420640;"Guaraciaba";"X";0;0;0;"Não se aplica";0;"NÃO ALCANÇOU"
"SC";420650;"Guaramirim";"X";0;0;0;"Não se aplica";0;"NÃO ALCANÇOU"
"SC";420660;"Guarujá do Sul";"X";0;0;0;"Não se aplica";0;"NÃO ALCANÇOU"
"SC";420665;"Guatambú";;8;8;100;"Sim";100;"ALCANÇOU"
"SC";420670;"Herval d'Oeste";"X";0;0;0;"Não se aplica";0;"NÃO ALCANÇOU"
"SC";420675;"Ibiam";"X";0;0;0;"Não se aplica";0;"NÃO ALCANÇOU"
"SC";420680;"Ibicaré";"X";0;0;0;"Não se aplica";0;"NÃO ALCANÇOU"
"SC";420690;"Ibirama";"X";0;0;0;"Não se aplica";0;"NÃO ALCANÇOU"
"SC";420700;"Içara";"X";0;0;0;"Não se aplica";0;"NÃO ALCANÇOU"
"SC";420710;"Ilhota";;1;1;100;"Sim";100;"ALCANÇOU"
"SC";420720;"Imaruí";"X";0;0;0;"Não se aplica";0;"NÃO ALCANÇOU"
"SC";420730;"Imbituba";;4;5;80;"Não";80;"NÃO ALCANÇOU"
"SC";420740;"Imbuia";"X";0;0;0;"Não se aplica";0;"NÃO ALCANÇOU"
"SC";420750;"Indaial";;4;4;100;"Sim";100;"ALCANÇOU"
"SC";420757;"Iomerê";"X";0;0;0;"Não se aplica";0;"NÃO ALCANÇOU"
"SC";420760;"Ipira";"X";0;0;0;"Não se aplica";0;"NÃO ALCANÇOU"
"SC";420765;"Iporã do Oeste";"X";0;0;0;"Não se aplica";0;"NÃO ALCANÇOU"
"SC";420768;"Ipuaçu";"X";0;0;0;"Não se aplica";0;"NÃO ALCANÇOU"
"SC";420770;"Ipumirim";"X";0;0;0;"Não se aplica";0;"NÃO ALCANÇOU"
"SC";420775;"Iraceminha";"X";0;0;0;"Não se aplica";0;"NÃO ALCANÇOU"
"SC";420780;"Irani";"X";0;0;0;"Não se aplica";0;"NÃO ALCANÇOU"
"SC";420785;"Irati";"X";0;0;0;"Não se aplica";0;"NÃO ALCANÇOU"
"SC";420790;"Irineópolis";"X";0;0;0;"Não se aplica";0;"NÃO ALCANÇOU"
"SC";420800;"Itá";"X";0;0;0;"Não se aplica";0;"NÃO ALCANÇOU"
"SC";420810;"Itaiópolis";"X";0;0;0;"Não se aplica";0;"NÃO ALCANÇOU"
"SC";420820;"Itajaí";;3;3;100;"Sim";100;"ALCANÇOU"
"SC";420830;"Itapema";"X";0;0;0;"Não se aplica";0;"NÃO ALCANÇOU"
"SC";420840;"Itapiranga";"X";0;0;0;"Não se aplica";0;"NÃO ALCANÇOU"
"SC";420845;"Itapoá";"X";0;0;0;"Não se aplica";0;"NÃO ALCANÇOU"
"SC";420850;"Ituporanga";;0;0;0;"Não";0;"NÃO ALCANÇOU"
"SC";420860;"Jaborá";"X";0;0;0;"Não se aplica";0;"NÃO ALCANÇOU"
"SC";420870;"Jacinto Machado";"X";0;0;0;"Não se aplica";0;"NÃO ALCANÇOU"
"SC";420880;"Jaguaruna";;3;3;100;"Sim";100;"ALCANÇOU"
"SC";420890;"Jaraguá do Sul";"X";0;0;0;"Não se aplica";0;"NÃO ALCANÇOU"
"SC";420895;"Jardinópolis";"X";0;0;0;"Não se aplica";0;"NÃO ALCANÇOU"
"SC";420900;"Joaçaba";"X";0;0;0;"Não se aplica";0;"NÃO ALCANÇOU"
"SC";420910;"Joinville";;11;14;78,6;"Não";78,6;"NÃO ALCANÇOU"
"SC";420915;"José Boiteux";"X";0;0;0;"Não se aplica";0;"NÃO ALCANÇOU"
"SC";420917;"Jupiá";"X";0;0;0;"Não se aplica";0;"NÃO ALCANÇOU"
"SC";420920;"Lacerdópolis";"X";0;0;0;"Não se aplica";0;"NÃO ALCANÇOU"
"SC";420930;"Lages";;2;2;100;"Sim";100;"ALCANÇOU"
"SC";420940;"Laguna";"X";0;0;0;"Não se aplica";0;"NÃO ALCANÇOU"
"SC";420945;"Lajeado Grande";"X";0;0;0;"Não se aplica";0;"NÃO ALCANÇOU"
"SC";420950;"Laurentino";"X";0;0;0;"Não se aplica";0;"NÃO ALCANÇOU"
"SC";420960;"Lauro Muller";"X";0;0;0;"Não se aplica";0;"NÃO ALCANÇOU"
"SC";420970;"Lebon Régis";;1;2;50;"Não";50;"NÃO ALCANÇOU"
"SC";420980;"Leoberto Leal";"X";0;0;0;"Não se aplica";0;"NÃO ALCANÇOU"
"SC";420985;"Lindóia do Sul";"X";0;0;0;"Não se aplica";0;"NÃO ALCANÇOU"
"SC";420990;"Lontras";"X";0;0;0;"Não se aplica";0;"NÃO ALCANÇOU"
"SC";421000;"Luiz Alves";"X";0;0;0;"Não se aplica";0;"NÃO ALCANÇOU"
"SC";421003;"Luzerna";"X";0;0;0;"Não se aplica";0;"NÃO ALCANÇOU"
"SC";421005;"Macieira";"X";0;0;0;"Não se aplica";0;"NÃO ALCANÇOU"
"SC";421010;"Mafra";;2;2;100;"Sim";100;"ALCANÇOU"
"SC";421020;"Major Gercino";"X";0;0;0;"Não se aplica";0;"NÃO ALCANÇOU"
"SC";421030;"Major Vieira";"X";0;0;0;"Não se aplica";0;"NÃO ALCANÇOU"
"SC";421040;"Maracajá";"X";0;0;0;"Não se aplica";0;"NÃO ALCANÇOU"
"SC";421050;"Maravilha";;9;9;100;"Sim";100;"ALCANÇOU"
"SC";421055;"Marema";"X";0;0;0;"Não se aplica";0;"NÃO ALCANÇOU"
"SC";421060;"Massaranduba";"X";0;0;0;"Não se aplica";0;"NÃO ALCANÇOU"
"SC";421070;"Matos Costa";"X";0;0;0;"Não se aplica";0;"NÃO ALCANÇOU"
"SC";421080;"Meleiro";"X";0;0;0;"Não se aplica";0;"NÃO ALCANÇOU"
"SC";421085;"Mirim Doce";"X";0;0;0;"Não se aplica";0;"NÃO ALCANÇOU"
"SC";421090;"Modelo";"X";0;0;0;"Não se aplica";0;"NÃO ALCANÇOU"
"SC";421100;"Mondaí";"X";0;0;0;"Não se aplica";0;"NÃO ALCANÇOU"
"SC";421105;"Monte Carlo";;0;1;0;"Não";0;"NÃO ALCANÇOU"
"SC";421110;"Monte Castelo";"X";0;0;0;"Não se aplica";0;"NÃO ALCANÇOU"
"SC";421120;"Morro da Fumaça";"X";0;0;0;"Não se aplica";0;"NÃO ALCANÇOU"
"SC";421125;"Morro Grande";"X";0;0;0;"Não se aplica";0;"NÃO ALCANÇOU"
"SC";421130;"Navegantes";"X";0;0;0;"Não se aplica";0;"NÃO ALCANÇOU"
"SC";421140;"Nova Erechim";"X";0;0;0;"Não se aplica";0;"NÃO ALCANÇOU"
"SC";421145;"Nova Itaberaba";"X";0;0;0;"Não se aplica";0;"NÃO ALCANÇOU"
"SC";421150;"Nova Trento";"X";0;0;0;"Não se aplica";0;"NÃO ALCANÇOU"
"SC";421160;"Nova Veneza";"X";0;0;0;"Não se aplica";0;"NÃO ALCANÇOU"
"SC";421165;"Novo Horizonte";"X";0;0;0;"Não se aplica";0;"NÃO ALCANÇOU"
"SC";421170;"Orleans";"X";0;0;0;"Não se aplica";0;"NÃO ALCANÇOU"
"SC";421175;"Otacílio Costa";"X";0;0;0;"Não se aplica";0;"NÃO ALCANÇOU"
"SC";421180;"Ouro";"X";0;0;0;"Não se aplica";0;"NÃO ALCANÇOU"
"SC";421185;"Ouro Verde";"X";0;0;0;"Não se aplica";0;"NÃO ALCANÇOU"
"SC";421187;"Paial";"X";0;0;0;"Não se aplica";0;"NÃO ALCANÇOU"
"SC";421189;"Painel";"X";0;0;0;"Não se aplica";0;"NÃO ALCANÇOU"
"SC";421190;"Palhoça";;7;7;100;"Sim";100;"ALCANÇOU"
"SC";421200;"Palma Sola";"X";0;0;0;"Não se aplica";0;"NÃO ALCANÇOU"
"SC";421205;"Palmeira";"X";0;0;0;"Não se aplica";0;"NÃO ALCANÇOU"
"SC";421210;"Palmitos";"X";0;0;0;"Não se aplica";0;"NÃO ALCANÇOU"
"SC";421220;"Papanduva";"X";0;0;0;"Não se aplica";0;"NÃO ALCANÇOU"
"SC";421223;"Paraíso";"X";0;0;0;"Não se aplica";0;"NÃO ALCANÇOU"
"SC";421225;"Passo de Torres";"X";0;0;0;"Não se aplica";0;"NÃO ALCANÇOU"
"SC";421227;"Passos Maia";"X";0;0;0;"Não se aplica";0;"NÃO ALCANÇOU"
"SC";421230;"Paulo Lopes";;0;0;0;"Não";0;"NÃO ALCANÇOU"
"SC";421240;"Pedras Grandes";"X";0;0;0;"Não se aplica";0;"NÃO ALCANÇOU"
"SC";421250;"Penha";;7;7;100;"Sim";100;"ALCANÇOU"
"SC";421260;"Peritiba";"X";0;0;0;"Não se aplica";0;"NÃO ALCANÇOU"
"SC";421265;"Pescaria Brava";"X";0;0;0;"Não se aplica";0;"NÃO ALCANÇOU"
"SC";421270;"Petrolândia";"X";0;0;0;"Não se aplica";0;"NÃO ALCANÇOU"
"SC";421280;"Balneário Piçarras";"X";0;0;0;"Não se aplica";0;"NÃO ALCANÇOU"
"SC";421290;"Pinhalzinho";;1;1;100;"Sim";100;"ALCANÇOU"
"SC";421300;"Pinheiro Preto";"X";0;0;0;"Não se aplica";0;"NÃO ALCANÇOU"
"SC";421310;"Piratuba";"X";0;0;0;"Não se aplica";0;"NÃO ALCANÇOU"
"SC";421315;"Planalto Alegre";"X";0;0;0;"Não se aplica";0;"NÃO ALCANÇOU"
"SC";421320;"Pomerode";;2;6;33,3;"Não";33,3;"NÃO ALCANÇOU"
"SC";421330;"Ponte Alta";"X";0;0;0;"Não se aplica";0;"NÃO ALCANÇOU"
"SC";421335;"Ponte Alta do Norte";"X";0;0;0;"Não se aplica";0;"NÃO ALCANÇOU"
"SC";421340;"Ponte Serrada";"X";0;0;0;"Não se aplica";0;"NÃO ALCANÇOU"
"SC";421350;"Porto Belo";;1;1;100;"Sim";100;"ALCANÇOU"
"SC";421360;"Porto União";;2;2;100;"Sim";100;"ALCANÇOU"
"SC";421370;"Pouso Redondo";"X";0;0;0;"Não se aplica";0;"NÃO ALCANÇOU"
"SC";421380;"Praia Grande";"X";0;0;0;"Não se aplica";0;"NÃO ALCANÇOU"
"SC";421390;"Presidente Castello Branco";"X";0;0;0;"Não se aplica";0;"NÃO ALCANÇOU"
"SC";421400;"Presidente Getúlio";"X";0;0;0;"Não se aplica";0;"NÃO ALCANÇOU"
"SC";421410;"Presidente Nereu";"X";0;0;0;"Não se aplica";0;"NÃO ALCANÇOU"
"SC";421415;"Princesa";"X";0;0;0;"Não se aplica";0;"NÃO ALCANÇOU"
"SC";421420;"Quilombo";"X";0;0;0;"Não se aplica";0;"NÃO ALCANÇOU"
"SC";421430;"Rancho Queimado";"X";0;0;0;"Não se aplica";0;"NÃO ALCANÇOU"
"SC";421440;"Rio das Antas";"X";0;0;0;"Não se aplica";0;"NÃO ALCANÇOU"
"SC";421450;"Rio do Campo";"X";0;0;0;"Não se aplica";0;"NÃO ALCANÇOU"
"SC";421460;"Rio do Oeste";"X";0;0;0;"Não se aplica";0;"NÃO ALCANÇOU"
"SC";421470;"Rio dos Cedros";"X";0;0;0;"Não se aplica";0;"NÃO ALCANÇOU"
"SC";421480;"Rio do Sul";;5;5;100;"Sim";100;"ALCANÇOU"
"SC";421490;"Rio Fortuna";"X";0;0;0;"Não se aplica";0;"NÃO ALCANÇOU"
"SC";421500;"Rio Negrinho";;3;3;100;"Sim";100;"ALCANÇOU"
"SC";421505;"Rio Rufino";"X";0;0;0;"Não se aplica";0;"NÃO ALCANÇOU"
"SC";421507;"Riqueza";"X";0;0;0;"Não se aplica";0;"NÃO ALCANÇOU"
"SC";421510;"Rodeio";"X";0;0;0;"Não se aplica";0;"NÃO ALCANÇOU"
"SC";421520;"Romelândia";;0;2;0;"Não";0;"NÃO ALCANÇOU"
"SC";421530;"Salete";"X";0;0;0;"Não se aplica";0;"NÃO ALCANÇOU"
"SC";421535;"Saltinho";"X";0;0;0;"Não se aplica";0;"NÃO ALCANÇOU"
"SC";421540;"Salto Veloso";"X";0;0;0;"Não se aplica";0;"NÃO ALCANÇOU"
"SC";421545;"Sangão";"X";0;0;0;"Não se aplica";0;"NÃO ALCANÇOU"
"SC";421550;"Santa Cecília";"X";0;0;0;"Não se aplica";0;"NÃO ALCANÇOU"
"SC";421555;"Santa Helena";"X";0;0;0;"Não se aplica";0;"NÃO ALCANÇOU"
"SC";421560;"Santa Rosa de Lima";"X";0;0;0;"Não se aplica";0;"NÃO ALCANÇOU"
"SC";421565;"Santa Rosa do Sul";"X";0;0;0;"Não se aplica";0;"NÃO ALCANÇOU"
"SC";421567;"Santa Terezinha";"X";0;0;0;"Não se aplica";0;"NÃO ALCANÇOU"
"SC";421568;"Santa Terezinha do Progresso";"X";0;0;0;"Não se aplica";0;"NÃO ALCANÇOU"
"SC";421569;"Santiago do Sul";"X";0;0;0;"Não se aplica";0;"NÃO ALCANÇOU"
"SC";421570;"Santo Amaro da Imperatriz";"X";0;0;0;"Não se aplica";0;"NÃO ALCANÇOU"
"SC";421575;"São Bernardino";"X";0;0;0;"Não se aplica";0;"NÃO ALCANÇOU"
"SC";421580;"São Bento do Sul";"X";0;0;0;"Não se aplica";0;"NÃO ALCANÇOU"
"SC";421590;"São Bonifácio";"X";0;0;0;"Não se aplica";0;"NÃO ALCANÇOU"
"SC";421600;"São Carlos";"X";0;0;0;"Não se aplica";0;"NÃO ALCANÇOU"
"SC";421605;"São Cristovão do Sul";"X";0;0;0;"Não se aplica";0;"NÃO ALCANÇOU"
"SC";421610;"São Domingos";"X";0;0;0;"Não se aplica";0;"NÃO ALCANÇOU"
"SC";421620;"São Francisco do Sul";;1;1;100;"Sim";100;"ALCANÇOU"
"SC";421625;"São João do Oeste";"X";0;0;0;"Não se aplica";0;"NÃO ALCANÇOU"
"SC";421630;"São João Batista";;2;2;100;"Sim";100;"ALCANÇOU"
"SC";421635;"São João do Itaperiú";"X";0;0;0;"Não se aplica";0;"NÃO ALCANÇOU"
"SC";421640;"São João do Sul";"X";0;0;0;"Não se aplica";0;"NÃO ALCANÇOU"
"SC";421650;"São Joaquim";;0;0;0;"Não";0;"NÃO ALCANÇOU"
"SC";421660;"São José";;8;11;72,7;"Não";72,7;"NÃO ALCANÇOU"
"SC";421670;"São José do Cedro";"X";0;0;0;"Não se aplica";0;"NÃO ALCANÇOU"
"SC";421680;"São José do Cerrito";"X";0;0;0;"Não se aplica";0;"NÃO ALCANÇOU"
"SC";421690;"São Lourenço do Oeste";;6;6;100;"Sim";100;"ALCANÇOU"
"SC";421700;"São Ludgero";"X";0;0;0;"Não se aplica";0;"NÃO ALCANÇOU"
"SC";421710;"São Martinho";"X";0;0;0;"Não se aplica";0;"NÃO ALCANÇOU"
"SC";421715;"São Miguel da Boa Vista";"X";0;0;0;"Não se aplica";0;"NÃO ALCANÇOU"
"SC";421720;"São Miguel do Oeste";;14;15;93,3;"Sim";93,3;"ALCANÇOU"
"SC";421725;"São Pedro de Alcântara";"X";0;0;0;"Não se aplica";0;"NÃO ALCANÇOU"
"SC";421730;"Saudades";"X";0;0;0;"Não se aplica";0;"NÃO ALCANÇOU"
"SC";421740;"Schroeder";"X";0;0;0;"Não se aplica";0;"NÃO ALCANÇOU"
"SC";421750;"Seara";"X";0;0;0;"Não se aplica";0;"NÃO ALCANÇOU"
"SC";421755;"Serra Alta";"X";0;0;0;"Não se aplica";0;"NÃO ALCANÇOU"
"SC";421760;"Siderópolis";"X";0;0;0;"Não se aplica";0;"NÃO ALCANÇOU"
"SC";421770;"Sombrio";;2;2;100;"Sim";100;"ALCANÇOU"
"SC";421775;"Sul Brasil";"X";0;0;0;"Não se aplica";0;"NÃO ALCANÇOU"
"SC";421780;"Taió";"X";0;0;0;"Não se aplica";0;"NÃO ALCANÇOU"
"SC";421790;"Tangará";"X";0;0;0;"Não se aplica";0;"NÃO ALCANÇOU"
"SC";421795;"Tigrinhos";"X";0;0;0;"Não se aplica";0;"NÃO ALCANÇOU"
"SC";421800;"Tijucas";;2;2;100;"Sim";100;"ALCANÇOU"
"SC";421810;"Timbé do Sul";"X";0;0;0;"Não se aplica";0;"NÃO ALCANÇOU"
"SC";421820;"Timbó";"X";0;0;0;"Não se aplica";0;"NÃO ALCANÇOU"
"SC";421825;"Timbó Grande";;4;4;100;"Sim";100;"ALCANÇOU"
"SC";421830;"Três Barras";;0;1;0;"Não";0;"NÃO ALCANÇOU"
"SC";421835;"Treviso";"X";0;0;0;"Não se aplica";0;"NÃO ALCANÇOU"
"SC";421840;"Treze de Maio";"X";0;0;0;"Não se aplica";0;"NÃO ALCANÇOU"
"SC";421850;"Treze Tílias";"X";0;0;0;"Não se aplica";0;"NÃO ALCANÇOU"
"SC";421860;"Trombudo Central";"X";0;0;0;"Não se aplica";0;"NÃO ALCANÇOU"
"SC";421870;"Tubarão";"X";0;0;0;"Não se aplica";0;"NÃO ALCANÇOU"
"SC";421875;"Tunápolis";"X";0;0;0;"Não se aplica";0;"NÃO ALCANÇOU"
"SC";421880;"Turvo";"X";0;0;0;"Não se aplica";0;"NÃO ALCANÇOU"
"SC";421885;"União do Oeste";"X";0;0;0;"Não se aplica";0;"NÃO ALCANÇOU"
"SC";421890;"Urubici";"X";0;0;0;"Não se aplica";0;"NÃO ALCANÇOU"
"SC";421895;"Urupema";"X";0;0;0;"Não se aplica";0;"NÃO ALCANÇOU"
"SC";421900;"Urussanga";;0;0;0;"Não";0;"NÃO ALCANÇOU"
"SC";421910;"Vargeão";"X";0;0;0;"Não se aplica";0;"NÃO ALCANÇOU"
"SC";421915;"Vargem";"X";0;0;0;"Não se aplica";0;"NÃO ALCANÇOU"
"SC";421917;"Vargem Bonita";"X";0;0;0;"Não se aplica";0;"NÃO ALCANÇOU"
"SC";421920;"Vidal Ramos";"X";0;0;0;"Não se aplica";0;"NÃO ALCANÇOU"
"SC";421930;"Videira";"X";0;0;0;"Não se aplica";0;"NÃO ALCANÇOU"
"SC";421935;"Vitor Meireles";"X";0;0;0;"Não se aplica";0;"NÃO ALCANÇOU"
"SC";421940;"Witmarsum";"X";0;0;0;"Não se aplica";0;"NÃO ALCANÇOU"
"SC";421950;"Xanxerê";;1;1;100;"Sim";100;"ALCANÇOU"
"SC";421960;"Xavantina";"X";0;0;0;"Não se aplica";0;"NÃO ALCANÇOU"
"SC";421970;"Xaxim";;0;0;0;"Não";0;"NÃO ALCANÇOU"
"SC";421985;"Zortéa";"X";0;0;0;"Não se aplica";0;"NÃO ALCANÇOU"
"SC";422000;"Balneário Rincão";"X";0;0;0;"Não se aplica";0;"NÃO ALCANÇOU"
"RS";430003;"Aceguá";"X";0;0;0;"Não se aplica";0;"NÃO ALCANÇOU"
"RS";430005;"Água Santa";"X";0;0;0;"Não se aplica";0;"NÃO ALCANÇOU"
"RS";430010;"Agudo";"X";0;0;0;"Não se aplica";0;"NÃO ALCANÇOU"
"RS";430020;"Ajuricaba";"X";0;0;0;"Não se aplica";0;"NÃO ALCANÇOU"
"RS";430030;"Alecrim";"X";0;0;0;"Não se aplica";0;"NÃO ALCANÇOU"
"RS";430040;"Alegrete";;6;6;100;"Sim";100;"ALCANÇOU"
"RS";430045;"Alegria";"X";0;0;0;"Não se aplica";0;"NÃO ALCANÇOU"
"RS";430047;"Almirante Tamandaré do Sul";"X";0;0;0;"Não se aplica";0;"NÃO ALCANÇOU"
"RS";430050;"Alpestre";"X";0;0;0;"Não se aplica";0;"NÃO ALCANÇOU"
"RS";430055;"Alto Alegre";;0;6;0;"Não";0;"NÃO ALCANÇOU"
"RS";430057;"Alto Feliz";"X";0;0;0;"Não se aplica";0;"NÃO ALCANÇOU"
"RS";430060;"Alvorada";"X";0;0;0;"Não se aplica";0;"NÃO ALCANÇOU"
"RS";430063;"Amaral Ferrador";"X";0;0;0;"Não se aplica";0;"NÃO ALCANÇOU"
"RS";430064;"Ametista do Sul";"X";0;0;0;"Não se aplica";0;"NÃO ALCANÇOU"
"RS";430066;"André da Rocha";"X";0;0;0;"Não se aplica";0;"NÃO ALCANÇOU"
"RS";430070;"Anta Gorda";"X";0;0;0;"Não se aplica";0;"NÃO ALCANÇOU"
"RS";430080;"Antônio Prado";"X";0;0;0;"Não se aplica";0;"NÃO ALCANÇOU"
"RS";430085;"Arambaré";"X";0;0;0;"Não se aplica";0;"NÃO ALCANÇOU"
"RS";430087;"Araricá";"X";0;0;0;"Não se aplica";0;"NÃO ALCANÇOU"
"RS";430090;"Aratiba";"X";0;0;0;"Não se aplica";0;"NÃO ALCANÇOU"
"RS";430100;"Arroio do Meio";"X";0;0;0;"Não se aplica";0;"NÃO ALCANÇOU"
"RS";430105;"Arroio do Sal";"X";0;0;0;"Não se aplica";0;"NÃO ALCANÇOU"
"RS";430107;"Arroio do Padre";"X";0;0;0;"Não se aplica";0;"NÃO ALCANÇOU"
"RS";430110;"Arroio dos Ratos";"X";0;0;0;"Não se aplica";0;"NÃO ALCANÇOU"
"RS";430120;"Arroio do Tigre";"X";0;0;0;"Não se aplica";0;"NÃO ALCANÇOU"
"RS";430130;"Arroio Grande";"X";0;0;0;"Não se aplica";0;"NÃO ALCANÇOU"
"RS";430140;"Arvorezinha";"X";0;0;0;"Não se aplica";0;"NÃO ALCANÇOU"
"RS";430150;"Augusto Pestana";"X";0;0;0;"Não se aplica";0;"NÃO ALCANÇOU"
"RS";430155;"Áurea";"X";0;0;0;"Não se aplica";0;"NÃO ALCANÇOU"
"RS";430160;"Bagé";;0;0;0;"Não";0;"NÃO ALCANÇOU"
"RS";430163;"Balneário Pinhal";"X";0;0;0;"Não se aplica";0;"NÃO ALCANÇOU"
"RS";430165;"Barão";"X";0;0;0;"Não se aplica";0;"NÃO ALCANÇOU"
"RS";430170;"Barão de Cotegipe";"X";0;0;0;"Não se aplica";0;"NÃO ALCANÇOU"
"RS";430175;"Barão do Triunfo";"X";0;0;0;"Não se aplica";0;"NÃO ALCANÇOU"
"RS";430180;"Barracão";"X";0;0;0;"Não se aplica";0;"NÃO ALCANÇOU"
"RS";430185;"Barra do Guarita";;3;3;100;"Sim";100;"ALCANÇOU"
"RS";430187;"Barra do Quaraí";"X";0;0;0;"Não se aplica";0;"NÃO ALCANÇOU"
"RS";430190;"Barra do Ribeiro";"X";0;0;0;"Não se aplica";0;"NÃO ALCANÇOU"
"RS";430192;"Barra do Rio Azul";"X";0;0;0;"Não se aplica";0;"NÃO ALCANÇOU"
"RS";430195;"Barra Funda";"X";0;0;0;"Não se aplica";0;"NÃO ALCANÇOU"
"RS";430200;"Barros Cassal";"X";0;0;0;"Não se aplica";0;"NÃO ALCANÇOU"
"RS";430205;"Benjamin Constant do Sul";"X";0;0;0;"Não se aplica";0;"NÃO ALCANÇOU"
"RS";430210;"Bento Gonçalves";;2;2;100;"Sim";100;"ALCANÇOU"
"RS";430215;"Boa Vista das Missões";"X";0;0;0;"Não se aplica";0;"NÃO ALCANÇOU"
"RS";430220;"Boa Vista do Buricá";"X";0;0;0;"Não se aplica";0;"NÃO ALCANÇOU"
"RS";430222;"Boa Vista do Cadeado";"X";0;0;0;"Não se aplica";0;"NÃO ALCANÇOU"
"RS";430223;"Boa Vista do Incra";"X";0;0;0;"Não se aplica";0;"NÃO ALCANÇOU"
"RS";430225;"Boa Vista do Sul";"X";0;0;0;"Não se aplica";0;"NÃO ALCANÇOU"
"RS";430230;"Bom Jesus";"X";0;0;0;"Não se aplica";0;"NÃO ALCANÇOU"
"RS";430235;"Bom Princípio";"X";0;0;0;"Não se aplica";0;"NÃO ALCANÇOU"
"RS";430237;"Bom Progresso";"X";0;0;0;"Não se aplica";0;"NÃO ALCANÇOU"
"RS";430240;"Bom Retiro do Sul";"X";0;0;0;"Não se aplica";0;"NÃO ALCANÇOU"
"RS";430245;"Boqueirão do Leão";"X";0;0;0;"Não se aplica";0;"NÃO ALCANÇOU"
"RS";430250;"Bossoroca";"X";0;0;0;"Não se aplica";0;"NÃO ALCANÇOU"
"RS";430258;"Bozano";"X";0;0;0;"Não se aplica";0;"NÃO ALCANÇOU"
"RS";430260;"Braga";"X";0;0;0;"Não se aplica";0;"NÃO ALCANÇOU"
"RS";430265;"Brochier";"X";0;0;0;"Não se aplica";0;"NÃO ALCANÇOU"
"RS";430270;"Butiá";;0;4;0;"Não";0;"NÃO ALCANÇOU"
"RS";430280;"Caçapava do Sul";"X";0;0;0;"Não se aplica";0;"NÃO ALCANÇOU"
"RS";430290;"Cacequi";"X";0;0;0;"Não se aplica";0;"NÃO ALCANÇOU"
"RS";430300;"Cachoeira do Sul";;1;2;50;"Não";50;"NÃO ALCANÇOU"
"RS";430310;"Cachoeirinha";"X";0;0;0;"Não se aplica";0;"NÃO ALCANÇOU"
"RS";430320;"Cacique Doble";"X";0;0;0;"Não se aplica";0;"NÃO ALCANÇOU"
"RS";430330;"Caibaté";"X";0;0;0;"Não se aplica";0;"NÃO ALCANÇOU"
"RS";430340;"Caiçara";"X";0;0;0;"Não se aplica";0;"NÃO ALCANÇOU"
"RS";430350;"Camaquã";"X";0;0;0;"Não se aplica";0;"NÃO ALCANÇOU"
"RS";430355;"Camargo";"X";0;0;0;"Não se aplica";0;"NÃO ALCANÇOU"
"RS";430360;"Cambará do Sul";"X";0;0;0;"Não se aplica";0;"NÃO ALCANÇOU"
"RS";430367;"Campestre da Serra";"X";0;0;0;"Não se aplica";0;"NÃO ALCANÇOU"
"RS";430370;"Campina das Missões";"X";0;0;0;"Não se aplica";0;"NÃO ALCANÇOU"
"RS";430380;"Campinas do Sul";"X";0;0;0;"Não se aplica";0;"NÃO ALCANÇOU"
"RS";430390;"Campo Bom";"X";0;0;0;"Não se aplica";0;"NÃO ALCANÇOU"
"RS";430400;"Campo Novo";"X";0;0;0;"Não se aplica";0;"NÃO ALCANÇOU"
"RS";430410;"Campos Borges";"X";0;0;0;"Não se aplica";0;"NÃO ALCANÇOU"
"RS";430420;"Candelária";"X";0;0;0;"Não se aplica";0;"NÃO ALCANÇOU"
"RS";430430;"Cândido Godói";"X";0;0;0;"Não se aplica";0;"NÃO ALCANÇOU"
"RS";430435;"Candiota";"X";0;0;0;"Não se aplica";0;"NÃO ALCANÇOU"
"RS";430440;"Canela";"X";0;0;0;"Não se aplica";0;"NÃO ALCANÇOU"
"RS";430450;"Canguçu";"X";0;0;0;"Não se aplica";0;"NÃO ALCANÇOU"
"RS";430460;"Canoas";;9;9;100;"Sim";100;"ALCANÇOU"
"RS";430461;"Canudos do Vale";"X";0;0;0;"Não se aplica";0;"NÃO ALCANÇOU"
"RS";430462;"Capão Bonito do Sul";"X";0;0;0;"Não se aplica";0;"NÃO ALCANÇOU"
"RS";430463;"Capão da Canoa";"X";0;0;0;"Não se aplica";0;"NÃO ALCANÇOU"
"RS";430465;"Capão do Cipó";"X";0;0;0;"Não se aplica";0;"NÃO ALCANÇOU"
"RS";430466;"Capão do Leão";"X";0;0;0;"Não se aplica";0;"NÃO ALCANÇOU"
"RS";430467;"Capivari do Sul";"X";0;0;0;"Não se aplica";0;"NÃO ALCANÇOU"
"RS";430468;"Capela de Santana";"X";0;0;0;"Não se aplica";0;"NÃO ALCANÇOU"
"RS";430469;"Capitão";"X";0;0;0;"Não se aplica";0;"NÃO ALCANÇOU"
"RS";430470;"Carazinho";"X";0;0;0;"Não se aplica";0;"NÃO ALCANÇOU"
"RS";430471;"Caraá";;0;3;0;"Não";0;"NÃO ALCANÇOU"
"RS";430480;"Carlos Barbosa";"X";0;0;0;"Não se aplica";0;"NÃO ALCANÇOU"
"RS";430485;"Carlos Gomes";"X";0;0;0;"Não se aplica";0;"NÃO ALCANÇOU"
"RS";430490;"Casca";"X";0;0;0;"Não se aplica";0;"NÃO ALCANÇOU"
"RS";430495;"Caseiros";"X";0;0;0;"Não se aplica";0;"NÃO ALCANÇOU"
"RS";430500;"Catuípe";"X";0;0;0;"Não se aplica";0;"NÃO ALCANÇOU"
"RS";430510;"Caxias do Sul";;0;0;0;"Não";0;"NÃO ALCANÇOU"
"RS";430511;"Centenário";"X";0;0;0;"Não se aplica";0;"NÃO ALCANÇOU"
"RS";430512;"Cerrito";"X";0;0;0;"Não se aplica";0;"NÃO ALCANÇOU"
"RS";430513;"Cerro Branco";"X";0;0;0;"Não se aplica";0;"NÃO ALCANÇOU"
"RS";430515;"Cerro Grande";"X";0;0;0;"Não se aplica";0;"NÃO ALCANÇOU"
"RS";430517;"Cerro Grande do Sul";"X";0;0;0;"Não se aplica";0;"NÃO ALCANÇOU"
"RS";430520;"Cerro Largo";"X";0;0;0;"Não se aplica";0;"NÃO ALCANÇOU"
"RS";430530;"Chapada";"X";0;0;0;"Não se aplica";0;"NÃO ALCANÇOU"
"RS";430535;"Charqueadas";"X";0;0;0;"Não se aplica";0;"NÃO ALCANÇOU"
"RS";430537;"Charrua";"X";0;0;0;"Não se aplica";0;"NÃO ALCANÇOU"
"RS";430540;"Chiapetta";"X";0;0;0;"Não se aplica";0;"NÃO ALCANÇOU"
"RS";430543;"Chuí";"X";0;0;0;"Não se aplica";0;"NÃO ALCANÇOU"
"RS";430544;"Chuvisca";"X";0;0;0;"Não se aplica";0;"NÃO ALCANÇOU"
"RS";430545;"Cidreira";"X";0;0;0;"Não se aplica";0;"NÃO ALCANÇOU"
"RS";430550;"Ciríaco";"X";0;0;0;"Não se aplica";0;"NÃO ALCANÇOU"
"RS";430558;"Colinas";"X";0;0;0;"Não se aplica";0;"NÃO ALCANÇOU"
"RS";430560;"Colorado";"X";0;0;0;"Não se aplica";0;"NÃO ALCANÇOU"
"RS";430570;"Condor";"X";0;0;0;"Não se aplica";0;"NÃO ALCANÇOU"
"RS";430580;"Constantina";"X";0;0;0;"Não se aplica";0;"NÃO ALCANÇOU"
"RS";430583;"Coqueiro Baixo";"X";0;0;0;"Não se aplica";0;"NÃO ALCANÇOU"
"RS";430585;"Coqueiros do Sul";"X";0;0;0;"Não se aplica";0;"NÃO ALCANÇOU"
"RS";430587;"Coronel Barros";"X";0;0;0;"Não se aplica";0;"NÃO ALCANÇOU"
"RS";430590;"Coronel Bicaco";"X";0;0;0;"Não se aplica";0;"NÃO ALCANÇOU"
"RS";430593;"Coronel Pilar";"X";0;0;0;"Não se aplica";0;"NÃO ALCANÇOU"
"RS";430595;"Cotiporã";"X";0;0;0;"Não se aplica";0;"NÃO ALCANÇOU"
"RS";430597;"Coxilha";"X";0;0;0;"Não se aplica";0;"NÃO ALCANÇOU"
"RS";430600;"Crissiumal";"X";0;0;0;"Não se aplica";0;"NÃO ALCANÇOU"
"RS";430605;"Cristal";"X";0;0;0;"Não se aplica";0;"NÃO ALCANÇOU"
"RS";430607;"Cristal do Sul";"X";0;0;0;"Não se aplica";0;"NÃO ALCANÇOU"
"RS";430610;"Cruz Alta";"X";0;0;0;"Não se aplica";0;"NÃO ALCANÇOU"
"RS";430613;"Cruzaltense";"X";0;0;0;"Não se aplica";0;"NÃO ALCANÇOU"
"RS";430620;"Cruzeiro do Sul";"X";0;0;0;"Não se aplica";0;"NÃO ALCANÇOU"
"RS";430630;"David Canabarro";"X";0;0;0;"Não se aplica";0;"NÃO ALCANÇOU"
"RS";430632;"Derrubadas";"X";0;0;0;"Não se aplica";0;"NÃO ALCANÇOU"
"RS";430635;"Dezesseis de Novembro";"X";0;0;0;"Não se aplica";0;"NÃO ALCANÇOU"
"RS";430637;"Dilermando de Aguiar";"X";0;0;0;"Não se aplica";0;"NÃO ALCANÇOU"
"RS";430640;"Dois Irmãos";"X";0;0;0;"Não se aplica";0;"NÃO ALCANÇOU"
"RS";430642;"Dois Irmãos das Missões";"X";0;0;0;"Não se aplica";0;"NÃO ALCANÇOU"
"RS";430645;"Dois Lajeados";"X";0;0;0;"Não se aplica";0;"NÃO ALCANÇOU"
"RS";430650;"Dom Feliciano";"X";0;0;0;"Não se aplica";0;"NÃO ALCANÇOU"
"RS";430655;"Dom Pedro de Alcântara";"X";0;0;0;"Não se aplica";0;"NÃO ALCANÇOU"
"RS";430660;"Dom Pedrito";"X";0;0;0;"Não se aplica";0;"NÃO ALCANÇOU"
"RS";430670;"Dona Francisca";"X";0;0;0;"Não se aplica";0;"NÃO ALCANÇOU"
"RS";430673;"Doutor Maurício Cardoso";"X";0;0;0;"Não se aplica";0;"NÃO ALCANÇOU"
"RS";430675;"Doutor Ricardo";"X";0;0;0;"Não se aplica";0;"NÃO ALCANÇOU"
"RS";430676;"Eldorado do Sul";"X";0;0;0;"Não se aplica";0;"NÃO ALCANÇOU"
"RS";430680;"Encantado";"X";0;0;0;"Não se aplica";0;"NÃO ALCANÇOU"
"RS";430690;"Encruzilhada do Sul";"X";0;0;0;"Não se aplica";0;"NÃO ALCANÇOU"
"RS";430692;"Engenho Velho";"X";0;0;0;"Não se aplica";0;"NÃO ALCANÇOU"
"RS";430693;"Entre-Ijuís";"X";0;0;0;"Não se aplica";0;"NÃO ALCANÇOU"
"RS";430695;"Entre Rios do Sul";"X";0;0;0;"Não se aplica";0;"NÃO ALCANÇOU"
"RS";430697;"Erebango";"X";0;0;0;"Não se aplica";0;"NÃO ALCANÇOU"
"RS";430700;"Erechim";"X";0;0;0;"Não se aplica";0;"NÃO ALCANÇOU"
"RS";430705;"Ernestina";"X";0;0;0;"Não se aplica";0;"NÃO ALCANÇOU"
"RS";430710;"Herval";"X";0;0;0;"Não se aplica";0;"NÃO ALCANÇOU"
"RS";430720;"Erval Grande";"X";0;0;0;"Não se aplica";0;"NÃO ALCANÇOU"
"RS";430730;"Erval Seco";"X";0;0;0;"Não se aplica";0;"NÃO ALCANÇOU"
"RS";430740;"Esmeralda";"X";0;0;0;"Não se aplica";0;"NÃO ALCANÇOU"
"RS";430745;"Esperança do Sul";"X";0;0;0;"Não se aplica";0;"NÃO ALCANÇOU"
"RS";430750;"Espumoso";"X";0;0;0;"Não se aplica";0;"NÃO ALCANÇOU"
"RS";430755;"Estação";"X";0;0;0;"Não se aplica";0;"NÃO ALCANÇOU"
"RS";430760;"Estância Velha";"X";0;0;0;"Não se aplica";0;"NÃO ALCANÇOU"
"RS";430770;"Esteio";"X";0;0;0;"Não se aplica";0;"NÃO ALCANÇOU"
"RS";430780;"Estrela";"X";0;0;0;"Não se aplica";0;"NÃO ALCANÇOU"
"RS";430781;"Estrela Velha";"X";0;0;0;"Não se aplica";0;"NÃO ALCANÇOU"
"RS";430783;"Eugênio de Castro";"X";0;0;0;"Não se aplica";0;"NÃO ALCANÇOU"
"RS";430786;"Fagundes Varela";"X";0;0;0;"Não se aplica";0;"NÃO ALCANÇOU"
"RS";430790;"Farroupilha";"X";0;0;0;"Não se aplica";0;"NÃO ALCANÇOU"
"RS";430800;"Faxinal do Soturno";"X";0;0;0;"Não se aplica";0;"NÃO ALCANÇOU"
"RS";430805;"Faxinalzinho";"X";0;0;0;"Não se aplica";0;"NÃO ALCANÇOU"
"RS";430807;"Fazenda Vilanova";"X";0;0;0;"Não se aplica";0;"NÃO ALCANÇOU"
"RS";430810;"Feliz";"X";0;0;0;"Não se aplica";0;"NÃO ALCANÇOU"
"RS";430820;"Flores da Cunha";;2;2;100;"Sim";100;"ALCANÇOU"
"RS";430825;"Floriano Peixoto";"X";0;0;0;"Não se aplica";0;"NÃO ALCANÇOU"
"RS";430830;"Fontoura Xavier";"X";0;0;0;"Não se aplica";0;"NÃO ALCANÇOU"
"RS";430840;"Formigueiro";"X";0;0;0;"Não se aplica";0;"NÃO ALCANÇOU"
"RS";430843;"Forquetinha";"X";0;0;0;"Não se aplica";0;"NÃO ALCANÇOU"
"RS";430845;"Fortaleza dos Valos";"X";0;0;0;"Não se aplica";0;"NÃO ALCANÇOU"
"RS";430850;"Frederico Westphalen";;7;7;100;"Sim";100;"ALCANÇOU"
"RS";430860;"Garibaldi";"X";0;0;0;"Não se aplica";0;"NÃO ALCANÇOU"
"RS";430865;"Garruchos";"X";0;0;0;"Não se aplica";0;"NÃO ALCANÇOU"
"RS";430870;"Gaurama";"X";0;0;0;"Não se aplica";0;"NÃO ALCANÇOU"
"RS";430880;"General Câmara";"X";0;0;0;"Não se aplica";0;"NÃO ALCANÇOU"
"RS";430885;"Gentil";;2;2;100;"Sim";100;"ALCANÇOU"
"RS";430890;"Getúlio Vargas";"X";0;0;0;"Não se aplica";0;"NÃO ALCANÇOU"
"RS";430900;"Giruá";"X";0;0;0;"Não se aplica";0;"NÃO ALCANÇOU"
"RS";430905;"Glorinha";"X";0;0;0;"Não se aplica";0;"NÃO ALCANÇOU"
"RS";430910;"Gramado";"X";0;0;0;"Não se aplica";0;"NÃO ALCANÇOU"
"RS";430912;"Gramado dos Loureiros";"X";0;0;0;"Não se aplica";0;"NÃO ALCANÇOU"
"RS";430915;"Gramado Xavier";"X";0;0;0;"Não se aplica";0;"NÃO ALCANÇOU"
"RS";430920;"Gravataí";;2;5;40;"Não";40;"NÃO ALCANÇOU"
"RS";430925;"Guabiju";"X";0;0;0;"Não se aplica";0;"NÃO ALCANÇOU"
"RS";430930;"Guaíba";"X";0;0;0;"Não se aplica";0;"NÃO ALCANÇOU"
"RS";430940;"Guaporé";"X";0;0;0;"Não se aplica";0;"NÃO ALCANÇOU"
"RS";430950;"Guarani das Missões";"X";0;0;0;"Não se aplica";0;"NÃO ALCANÇOU"
"RS";430955;"Harmonia";"X";0;0;0;"Não se aplica";0;"NÃO ALCANÇOU"
"RS";430957;"Herveiras";"X";0;0;0;"Não se aplica";0;"NÃO ALCANÇOU"
"RS";430960;"Horizontina";"X";0;0;0;"Não se aplica";0;"NÃO ALCANÇOU"
"RS";430965;"Hulha Negra";"X";0;0;0;"Não se aplica";0;"NÃO ALCANÇOU"
"RS";430970;"Humaitá";"X";0;0;0;"Não se aplica";0;"NÃO ALCANÇOU"
"RS";430975;"Ibarama";"X";0;0;0;"Não se aplica";0;"NÃO ALCANÇOU"
"RS";430980;"Ibiaçá";"X";0;0;0;"Não se aplica";0;"NÃO ALCANÇOU"
"RS";430990;"Ibiraiaras";"X";0;0;0;"Não se aplica";0;"NÃO ALCANÇOU"
"RS";430995;"Ibirapuitã";"X";0;0;0;"Não se aplica";0;"NÃO ALCANÇOU"
"RS";431000;"Ibirubá";"X";0;0;0;"Não se aplica";0;"NÃO ALCANÇOU"
"RS";431010;"Igrejinha";"X";0;0;0;"Não se aplica";0;"NÃO ALCANÇOU"
"RS";431020;"Ijuí";;2;2;100;"Sim";100;"ALCANÇOU"
"RS";431030;"Ilópolis";"X";0;0;0;"Não se aplica";0;"NÃO ALCANÇOU"
"RS";431033;"Imbé";"X";0;0;0;"Não se aplica";0;"NÃO ALCANÇOU"
"RS";431036;"Imigrante";"X";0;0;0;"Não se aplica";0;"NÃO ALCANÇOU"
"RS";431040;"Independência";"X";0;0;0;"Não se aplica";0;"NÃO ALCANÇOU"
"RS";431041;"Inhacorá";"X";0;0;0;"Não se aplica";0;"NÃO ALCANÇOU"
"RS";431043;"Ipê";"X";0;0;0;"Não se aplica";0;"NÃO ALCANÇOU"
"RS";431046;"Ipiranga do Sul";"X";0;0;0;"Não se aplica";0;"NÃO ALCANÇOU"
"RS";431050;"Iraí";"X";0;0;0;"Não se aplica";0;"NÃO ALCANÇOU"
"RS";431053;"Itaara";"X";0;0;0;"Não se aplica";0;"NÃO ALCANÇOU"
"RS";431055;"Itacurubi";"X";0;0;0;"Não se aplica";0;"NÃO ALCANÇOU"
"RS";431057;"Itapuca";"X";0;0;0;"Não se aplica";0;"NÃO ALCANÇOU"
"RS";431060;"Itaqui";;2;2;100;"Sim";100;"ALCANÇOU"
"RS";431065;"Itati";"X";0;0;0;"Não se aplica";0;"NÃO ALCANÇOU"
"RS";431070;"Itatiba do Sul";"X";0;0;0;"Não se aplica";0;"NÃO ALCANÇOU"
"RS";431075;"Ivorá";"X";0;0;0;"Não se aplica";0;"NÃO ALCANÇOU"
"RS";431080;"Ivoti";"X";0;0;0;"Não se aplica";0;"NÃO ALCANÇOU"
"RS";431085;"Jaboticaba";"X";0;0;0;"Não se aplica";0;"NÃO ALCANÇOU"
"RS";431087;"Jacuizinho";"X";0;0;0;"Não se aplica";0;"NÃO ALCANÇOU"
"RS";431090;"Jacutinga";"X";0;0;0;"Não se aplica";0;"NÃO ALCANÇOU"
"RS";431100;"Jaguarão";"X";0;0;0;"Não se aplica";0;"NÃO ALCANÇOU"
"RS";431110;"Jaguari";"X";0;0;0;"Não se aplica";0;"NÃO ALCANÇOU"
"RS";431112;"Jaquirana";"X";0;0;0;"Não se aplica";0;"NÃO ALCANÇOU"
"RS";431113;"Jari";"X";0;0;0;"Não se aplica";0;"NÃO ALCANÇOU"
"RS";431115;"Jóia";"X";0;0;0;"Não se aplica";0;"NÃO ALCANÇOU"
"RS";431120;"Júlio de Castilhos";"X";0;0;0;"Não se aplica";0;"NÃO ALCANÇOU"
"RS";431123;"Lagoa Bonita do Sul";"X";0;0;0;"Não se aplica";0;"NÃO ALCANÇOU"
"RS";431125;"Lagoão";"X";0;0;0;"Não se aplica";0;"NÃO ALCANÇOU"
"RS";431127;"Lagoa dos Três Cantos";"X";0;0;0;"Não se aplica";0;"NÃO ALCANÇOU"
"RS";431130;"Lagoa Vermelha";"X";0;0;0;"Não se aplica";0;"NÃO ALCANÇOU"
"RS";431140;"Lajeado";;3;3;100;"Sim";100;"ALCANÇOU"
"RS";431142;"Lajeado do Bugre";"X";0;0;0;"Não se aplica";0;"NÃO ALCANÇOU"
"RS";431150;"Lavras do Sul";"X";0;0;0;"Não se aplica";0;"NÃO ALCANÇOU"
"RS";431160;"Liberato Salzano";"X";0;0;0;"Não se aplica";0;"NÃO ALCANÇOU"
"RS";431162;"Lindolfo Collor";"X";0;0;0;"Não se aplica";0;"NÃO ALCANÇOU"
"RS";431164;"Linha Nova";"X";0;0;0;"Não se aplica";0;"NÃO ALCANÇOU"
"RS";431170;"Machadinho";"X";0;0;0;"Não se aplica";0;"NÃO ALCANÇOU"
"RS";431171;"Maçambará";"X";0;0;0;"Não se aplica";0;"NÃO ALCANÇOU"
"RS";431173;"Mampituba";"X";0;0;0;"Não se aplica";0;"NÃO ALCANÇOU"
"RS";431175;"Manoel Viana";"X";0;0;0;"Não se aplica";0;"NÃO ALCANÇOU"
"RS";431177;"Maquiné";"X";0;0;0;"Não se aplica";0;"NÃO ALCANÇOU"
"RS";431179;"Maratá";"X";0;0;0;"Não se aplica";0;"NÃO ALCANÇOU"
"RS";431180;"Marau";"X";0;0;0;"Não se aplica";0;"NÃO ALCANÇOU"
"RS";431190;"Marcelino Ramos";"X";0;0;0;"Não se aplica";0;"NÃO ALCANÇOU"
"RS";431198;"Mariana Pimentel";"X";0;0;0;"Não se aplica";0;"NÃO ALCANÇOU"
"RS";431200;"Mariano Moro";"X";0;0;0;"Não se aplica";0;"NÃO ALCANÇOU"
"RS";431205;"Marques de Souza";"X";0;0;0;"Não se aplica";0;"NÃO ALCANÇOU"
"RS";431210;"Mata";"X";0;0;0;"Não se aplica";0;"NÃO ALCANÇOU"
"RS";431213;"Mato Castelhano";"X";0;0;0;"Não se aplica";0;"NÃO ALCANÇOU"
"RS";431215;"Mato Leitão";"X";0;0;0;"Não se aplica";0;"NÃO ALCANÇOU"
"RS";431217;"Mato Queimado";"X";0;0;0;"Não se aplica";0;"NÃO ALCANÇOU"
"RS";431220;"Maximiliano de Almeida";"X";0;0;0;"Não se aplica";0;"NÃO ALCANÇOU"
"RS";431225;"Minas do Leão";"X";0;0;0;"Não se aplica";0;"NÃO ALCANÇOU"
"RS";431230;"Miraguaí";"X";0;0;0;"Não se aplica";0;"NÃO ALCANÇOU"
"RS";431235;"Montauri";"X";0;0;0;"Não se aplica";0;"NÃO ALCANÇOU"
"RS";431237;"Monte Alegre dos Campos";"X";0;0;0;"Não se aplica";0;"NÃO ALCANÇOU"
"RS";431238;"Monte Belo do Sul";"X";0;0;0;"Não se aplica";0;"NÃO ALCANÇOU"
"RS";431240;"Montenegro";;0;2;0;"Não";0;"NÃO ALCANÇOU"
"RS";431242;"Mormaço";"X";0;0;0;"Não se aplica";0;"NÃO ALCANÇOU"
"RS";431244;"Morrinhos do Sul";"X";0;0;0;"Não se aplica";0;"NÃO ALCANÇOU"
"RS";431245;"Morro Redondo";"X";0;0;0;"Não se aplica";0;"NÃO ALCANÇOU"
"RS";431247;"Morro Reuter";"X";0;0;0;"Não se aplica";0;"NÃO ALCANÇOU"
"RS";431250;"Mostardas";"X";0;0;0;"Não se aplica";0;"NÃO ALCANÇOU"
"RS";431260;"Muçum";"X";0;0;0;"Não se aplica";0;"NÃO ALCANÇOU"
"RS";431261;"Muitos Capões";"X";0;0;0;"Não se aplica";0;"NÃO ALCANÇOU"
"RS";431262;"Muliterno";"X";0;0;0;"Não se aplica";0;"NÃO ALCANÇOU"
"RS";431265;"Não-Me-Toque";"X";0;0;0;"Não se aplica";0;"NÃO ALCANÇOU"
"RS";431267;"Nicolau Vergueiro";"X";0;0;0;"Não se aplica";0;"NÃO ALCANÇOU"
"RS";431270;"Nonoai";;4;4;100;"Sim";100;"ALCANÇOU"
"RS";431275;"Nova Alvorada";"X";0;0;0;"Não se aplica";0;"NÃO ALCANÇOU"
"RS";431280;"Nova Araçá";"X";0;0;0;"Não se aplica";0;"NÃO ALCANÇOU"
"RS";431290;"Nova Bassano";"X";0;0;0;"Não se aplica";0;"NÃO ALCANÇOU"
"RS";431295;"Nova Boa Vista";"X";0;0;0;"Não se aplica";0;"NÃO ALCANÇOU"
"RS";431300;"Nova Bréscia";"X";0;0;0;"Não se aplica";0;"NÃO ALCANÇOU"
"RS";431301;"Nova Candelária";"X";0;0;0;"Não se aplica";0;"NÃO ALCANÇOU"
"RS";431303;"Nova Esperança do Sul";"X";0;0;0;"Não se aplica";0;"NÃO ALCANÇOU"
"RS";431306;"Nova Hartz";"X";0;0;0;"Não se aplica";0;"NÃO ALCANÇOU"
"RS";431308;"Nova Pádua";"X";0;0;0;"Não se aplica";0;"NÃO ALCANÇOU"
"RS";431310;"Nova Palma";"X";0;0;0;"Não se aplica";0;"NÃO ALCANÇOU"
"RS";431320;"Nova Petrópolis";"X";0;0;0;"Não se aplica";0;"NÃO ALCANÇOU"
"RS";431330;"Nova Prata";"X";0;0;0;"Não se aplica";0;"NÃO ALCANÇOU"
"RS";431333;"Nova Ramada";"X";0;0;0;"Não se aplica";0;"NÃO ALCANÇOU"
"RS";431335;"Nova Roma do Sul";"X";0;0;0;"Não se aplica";0;"NÃO ALCANÇOU"
"RS";431337;"Nova Santa Rita";"X";0;0;0;"Não se aplica";0;"NÃO ALCANÇOU"
"RS";431339;"Novo Cabrais";"X";0;0;0;"Não se aplica";0;"NÃO ALCANÇOU"
"RS";431340;"Novo Hamburgo";;1;1;100;"Sim";100;"ALCANÇOU"
"RS";431342;"Novo Machado";"X";0;0;0;"Não se aplica";0;"NÃO ALCANÇOU"
"RS";431344;"Novo Tiradentes";"X";0;0;0;"Não se aplica";0;"NÃO ALCANÇOU"
"RS";431346;"Novo Xingu";"X";0;0;0;"Não se aplica";0;"NÃO ALCANÇOU"
"RS";431349;"Novo Barreiro";"X";0;0;0;"Não se aplica";0;"NÃO ALCANÇOU"
"RS";431350;"Osório";;5;5;100;"Sim";100;"ALCANÇOU"
"RS";431360;"Paim Filho";"X";0;0;0;"Não se aplica";0;"NÃO ALCANÇOU"
"RS";431365;"Palmares do Sul";"X";0;0;0;"Não se aplica";0;"NÃO ALCANÇOU"
"RS";431370;"Palmeira das Missões";;1;4;25;"Não";25;"NÃO ALCANÇOU"
"RS";431380;"Palmitinho";;8;8;100;"Sim";100;"ALCANÇOU"
"RS";431390;"Panambi";"X";0;0;0;"Não se aplica";0;"NÃO ALCANÇOU"
"RS";431395;"Pantano Grande";"X";0;0;0;"Não se aplica";0;"NÃO ALCANÇOU"
"RS";431400;"Paraí";"X";0;0;0;"Não se aplica";0;"NÃO ALCANÇOU"
"RS";431402;"Paraíso do Sul";"X";0;0;0;"Não se aplica";0;"NÃO ALCANÇOU"
"RS";431403;"Pareci Novo";"X";0;0;0;"Não se aplica";0;"NÃO ALCANÇOU"
"RS";431405;"Parobé";"X";0;0;0;"Não se aplica";0;"NÃO ALCANÇOU"
"RS";431406;"Passa Sete";"X";0;0;0;"Não se aplica";0;"NÃO ALCANÇOU"
"RS";431407;"Passo do Sobrado";"X";0;0;0;"Não se aplica";0;"NÃO ALCANÇOU"
"RS";431410;"Passo Fundo";;10;11;90,9;"Sim";90,9;"ALCANÇOU"
"RS";431413;"Paulo Bento";"X";0;0;0;"Não se aplica";0;"NÃO ALCANÇOU"
"RS";431415;"Paverama";"X";0;0;0;"Não se aplica";0;"NÃO ALCANÇOU"
"RS";431417;"Pedras Altas";"X";0;0;0;"Não se aplica";0;"NÃO ALCANÇOU"
"RS";431420;"Pedro Osório";"X";0;0;0;"Não se aplica";0;"NÃO ALCANÇOU"
"RS";431430;"Pejuçara";"X";0;0;0;"Não se aplica";0;"NÃO ALCANÇOU"
"RS";431440;"Pelotas";"X";0;0;0;"Não se aplica";0;"NÃO ALCANÇOU"
"RS";431442;"Picada Café";"X";0;0;0;"Não se aplica";0;"NÃO ALCANÇOU"
"RS";431445;"Pinhal";"X";0;0;0;"Não se aplica";0;"NÃO ALCANÇOU"
"RS";431446;"Pinhal da Serra";"X";0;0;0;"Não se aplica";0;"NÃO ALCANÇOU"
"RS";431447;"Pinhal Grande";"X";0;0;0;"Não se aplica";0;"NÃO ALCANÇOU"
"RS";431449;"Pinheirinho do Vale";"X";0;0;0;"Não se aplica";0;"NÃO ALCANÇOU"
"RS";431450;"Pinheiro Machado";"X";0;0;0;"Não se aplica";0;"NÃO ALCANÇOU"
"RS";431454;"Pinto Bandeira";"X";0;0;0;"Não se aplica";0;"NÃO ALCANÇOU"
"RS";431455;"Pirapó";"X";0;0;0;"Não se aplica";0;"NÃO ALCANÇOU"
"RS";431460;"Piratini";"X";0;0;0;"Não se aplica";0;"NÃO ALCANÇOU"
"RS";431470;"Planalto";;0;0;0;"Não";0;"NÃO ALCANÇOU"
"RS";431475;"Poço das Antas";"X";0;0;0;"Não se aplica";0;"NÃO ALCANÇOU"
"RS";431477;"Pontão";"X";0;0;0;"Não se aplica";0;"NÃO ALCANÇOU"
"RS";431478;"Ponte Preta";"X";0;0;0;"Não se aplica";0;"NÃO ALCANÇOU"
"RS";431480;"Portão";"X";0;0;0;"Não se aplica";0;"NÃO ALCANÇOU"
"RS";431490;"Porto Alegre";;8;8;100;"Sim";100;"ALCANÇOU"
"RS";431500;"Porto Lucena";"X";0;0;0;"Não se aplica";0;"NÃO ALCANÇOU"
"RS";431505;"Porto Mauá";"X";0;0;0;"Não se aplica";0;"NÃO ALCANÇOU"
"RS";431507;"Porto Vera Cruz";"X";0;0;0;"Não se aplica";0;"NÃO ALCANÇOU"
"RS";431510;"Porto Xavier";"X";0;0;0;"Não se aplica";0;"NÃO ALCANÇOU"
"RS";431513;"Pouso Novo";"X";0;0;0;"Não se aplica";0;"NÃO ALCANÇOU"
"RS";431514;"Presidente Lucena";"X";0;0;0;"Não se aplica";0;"NÃO ALCANÇOU"
"RS";431515;"Progresso";"X";0;0;0;"Não se aplica";0;"NÃO ALCANÇOU"
"RS";431517;"Protásio Alves";"X";0;0;0;"Não se aplica";0;"NÃO ALCANÇOU"
"RS";431520;"Putinga";"X";0;0;0;"Não se aplica";0;"NÃO ALCANÇOU"
"RS";431530;"Quaraí";"X";0;0;0;"Não se aplica";0;"NÃO ALCANÇOU"
"RS";431531;"Quatro Irmãos";"X";0;0;0;"Não se aplica";0;"NÃO ALCANÇOU"
"RS";431532;"Quevedos";"X";0;0;0;"Não se aplica";0;"NÃO ALCANÇOU"
"RS";431535;"Quinze de Novembro";"X";0;0;0;"Não se aplica";0;"NÃO ALCANÇOU"
"RS";431540;"Redentora";"X";0;0;0;"Não se aplica";0;"NÃO ALCANÇOU"
"RS";431545;"Relvado";"X";0;0;0;"Não se aplica";0;"NÃO ALCANÇOU"
"RS";431550;"Restinga Seca";"X";0;0;0;"Não se aplica";0;"NÃO ALCANÇOU"
"RS";431555;"Rio dos Índios";"X";0;0;0;"Não se aplica";0;"NÃO ALCANÇOU"
"RS";431560;"Rio Grande";"X";0;0;0;"Não se aplica";0;"NÃO ALCANÇOU"
"RS";431570;"Rio Pardo";"X";0;0;0;"Não se aplica";0;"NÃO ALCANÇOU"
"RS";431575;"Riozinho";"X";0;0;0;"Não se aplica";0;"NÃO ALCANÇOU"
"RS";431580;"Roca Sales";"X";0;0;0;"Não se aplica";0;"NÃO ALCANÇOU"
"RS";431590;"Rodeio Bonito";"X";0;0;0;"Não se aplica";0;"NÃO ALCANÇOU"
"RS";431595;"Rolador";"X";0;0;0;"Não se aplica";0;"NÃO ALCANÇOU"
"RS";431600;"Rolante";"X";0;0;0;"Não se aplica";0;"NÃO ALCANÇOU"
"RS";431610;"Ronda Alta";"X";0;0;0;"Não se aplica";0;"NÃO ALCANÇOU"
"RS";431620;"Rondinha";"X";0;0;0;"Não se aplica";0;"NÃO ALCANÇOU"
"RS";431630;"Roque Gonzales";"X";0;0;0;"Não se aplica";0;"NÃO ALCANÇOU"
"RS";431640;"Rosário do Sul";"X";0;0;0;"Não se aplica";0;"NÃO ALCANÇOU"
"RS";431642;"Sagrada Família";"X";0;0;0;"Não se aplica";0;"NÃO ALCANÇOU"
"RS";431643;"Saldanha Marinho";"X";0;0;0;"Não se aplica";0;"NÃO ALCANÇOU"
"RS";431645;"Salto do Jacuí";"X";0;0;0;"Não se aplica";0;"NÃO ALCANÇOU"
"RS";431647;"Salvador das Missões";"X";0;0;0;"Não se aplica";0;"NÃO ALCANÇOU"
"RS";431650;"Salvador do Sul";"X";0;0;0;"Não se aplica";0;"NÃO ALCANÇOU"
"RS";431660;"Sananduva";"X";0;0;0;"Não se aplica";0;"NÃO ALCANÇOU"
"RS";431670;"Santa Bárbara do Sul";"X";0;0;0;"Não se aplica";0;"NÃO ALCANÇOU"
"RS";431673;"Santa Cecília do Sul";"X";0;0;0;"Não se aplica";0;"NÃO ALCANÇOU"
"RS";431675;"Santa Clara do Sul";"X";0;0;0;"Não se aplica";0;"NÃO ALCANÇOU"
"RS";431680;"Santa Cruz do Sul";"X";0;0;0;"Não se aplica";0;"NÃO ALCANÇOU"
"RS";431690;"Santa Maria";;0;0;0;"Não";0;"NÃO ALCANÇOU"
"RS";431695;"Santa Maria do Herval";"X";0;0;0;"Não se aplica";0;"NÃO ALCANÇOU"
"RS";431697;"Santa Margarida do Sul";"X";0;0;0;"Não se aplica";0;"NÃO ALCANÇOU"
"RS";431700;"Santana da Boa Vista";"X";0;0;0;"Não se aplica";0;"NÃO ALCANÇOU"
"RS";431710;"Sant' Ana do Livramento";"X";0;0;0;"Não se aplica";0;"NÃO ALCANÇOU"
"RS";431720;"Santa Rosa";;3;3;100;"Sim";100;"ALCANÇOU"
"RS";431725;"Santa Tereza";"X";0;0;0;"Não se aplica";0;"NÃO ALCANÇOU"
"RS";431730;"Santa Vitória do Palmar";"X";0;0;0;"Não se aplica";0;"NÃO ALCANÇOU"
"RS";431740;"Santiago";"X";0;0;0;"Não se aplica";0;"NÃO ALCANÇOU"
"RS";431750;"Santo Ângelo";"X";0;0;0;"Não se aplica";0;"NÃO ALCANÇOU"
"RS";431755;"Santo Antônio do Palma";"X";0;0;0;"Não se aplica";0;"NÃO ALCANÇOU"
"RS";431760;"Santo Antônio da Patrulha";"X";0;0;0;"Não se aplica";0;"NÃO ALCANÇOU"
"RS";431770;"Santo Antônio das Missões";"X";0;0;0;"Não se aplica";0;"NÃO ALCANÇOU"
"RS";431775;"Santo Antônio do Planalto";"X";0;0;0;"Não se aplica";0;"NÃO ALCANÇOU"
"RS";431780;"Santo Augusto";"X";0;0;0;"Não se aplica";0;"NÃO ALCANÇOU"
"RS";431790;"Santo Cristo";"X";0;0;0;"Não se aplica";0;"NÃO ALCANÇOU"
"RS";431795;"Santo Expedito do Sul";"X";0;0;0;"Não se aplica";0;"NÃO ALCANÇOU"
"RS";431800;"São Borja";;6;8;75;"Não";75;"NÃO ALCANÇOU"
"RS";431805;"São Domingos do Sul";"X";0;0;0;"Não se aplica";0;"NÃO ALCANÇOU"
"RS";431810;"São Francisco de Assis";"X";0;0;0;"Não se aplica";0;"NÃO ALCANÇOU"
"RS";431820;"São Francisco de Paula";"X";0;0;0;"Não se aplica";0;"NÃO ALCANÇOU"
"RS";431830;"São Gabriel";;0;2;0;"Não";0;"NÃO ALCANÇOU"
"RS";431840;"São Jerônimo";"X";0;0;0;"Não se aplica";0;"NÃO ALCANÇOU"
"RS";431842;"São João da Urtiga";"X";0;0;0;"Não se aplica";0;"NÃO ALCANÇOU"
"RS";431843;"São João do Polêsine";"X";0;0;0;"Não se aplica";0;"NÃO ALCANÇOU"
"RS";431844;"São Jorge";"X";0;0;0;"Não se aplica";0;"NÃO ALCANÇOU"
"RS";431845;"São José das Missões";"X";0;0;0;"Não se aplica";0;"NÃO ALCANÇOU"
"RS";431846;"São José do Herval";"X";0;0;0;"Não se aplica";0;"NÃO ALCANÇOU"
"RS";431848;"São José do Hortêncio";"X";0;0;0;"Não se aplica";0;"NÃO ALCANÇOU"
"RS";431849;"São José do Inhacorá";"X";0;0;0;"Não se aplica";0;"NÃO ALCANÇOU"
"RS";431850;"São José do Norte";"X";0;0;0;"Não se aplica";0;"NÃO ALCANÇOU"
"RS";431860;"São José do Ouro";"X";0;0;0;"Não se aplica";0;"NÃO ALCANÇOU"
"RS";431861;"São José do Sul";"X";0;0;0;"Não se aplica";0;"NÃO ALCANÇOU"
"RS";431862;"São José dos Ausentes";"X";0;0;0;"Não se aplica";0;"NÃO ALCANÇOU"
"RS";431870;"São Leopoldo";"X";0;0;0;"Não se aplica";0;"NÃO ALCANÇOU"
"RS";431880;"São Lourenço do Sul";"X";0;0;0;"Não se aplica";0;"NÃO ALCANÇOU"
"RS";431890;"São Luiz Gonzaga";;1;1;100;"Sim";100;"ALCANÇOU"
"RS";431900;"São Marcos";"X";0;0;0;"Não se aplica";0;"NÃO ALCANÇOU"
"RS";431910;"São Martinho";"X";0;0;0;"Não se aplica";0;"NÃO ALCANÇOU"
"RS";431912;"São Martinho da Serra";"X";0;0;0;"Não se aplica";0;"NÃO ALCANÇOU"
"RS";431915;"São Miguel das Missões";"X";0;0;0;"Não se aplica";0;"NÃO ALCANÇOU"
"RS";431920;"São Nicolau";"X";0;0;0;"Não se aplica";0;"NÃO ALCANÇOU"
"RS";431930;"São Paulo das Missões";"X";0;0;0;"Não se aplica";0;"NÃO ALCANÇOU"
"RS";431935;"São Pedro da Serra";"X";0;0;0;"Não se aplica";0;"NÃO ALCANÇOU"
"RS";431936;"São Pedro das Missões";;2;3;66,7;"Não";66,7;"NÃO ALCANÇOU"
"RS";431937;"São Pedro do Butiá";"X";0;0;0;"Não se aplica";0;"NÃO ALCANÇOU"
"RS";431940;"São Pedro do Sul";"X";0;0;0;"Não se aplica";0;"NÃO ALCANÇOU"
"RS";431950;"São Sebastião do Caí";"X";0;0;0;"Não se aplica";0;"NÃO ALCANÇOU"
"RS";431960;"São Sepé";"X";0;0;0;"Não se aplica";0;"NÃO ALCANÇOU"
"RS";431970;"São Valentim";"X";0;0;0;"Não se aplica";0;"NÃO ALCANÇOU"
"RS";431971;"São Valentim do Sul";"X";0;0;0;"Não se aplica";0;"NÃO ALCANÇOU"
"RS";431973;"São Valério do Sul";"X";0;0;0;"Não se aplica";0;"NÃO ALCANÇOU"
"RS";431975;"São Vendelino";"X";0;0;0;"Não se aplica";0;"NÃO ALCANÇOU"
"RS";431980;"São Vicente do Sul";;1;1;100;"Sim";100;"ALCANÇOU"
"RS";431990;"Sapiranga";"X";0;0;0;"Não se aplica";0;"NÃO ALCANÇOU"
"RS";432000;"Sapucaia do Sul";;7;7;100;"Sim";100;"ALCANÇOU"
"RS";432010;"Sarandi";"X";0;0;0;"Não se aplica";0;"NÃO ALCANÇOU"
"RS";432020;"Seberi";"X";0;0;0;"Não se aplica";0;"NÃO ALCANÇOU"
"RS";432023;"Sede Nova";"X";0;0;0;"Não se aplica";0;"NÃO ALCANÇOU"
"RS";432026;"Segredo";"X";0;0;0;"Não se aplica";0;"NÃO ALCANÇOU"
"RS";432030;"Selbach";"X";0;0;0;"Não se aplica";0;"NÃO ALCANÇOU"
"RS";432032;"Senador Salgado Filho";"X";0;0;0;"Não se aplica";0;"NÃO ALCANÇOU"
"RS";432035;"Sentinela do Sul";"X";0;0;0;"Não se aplica";0;"NÃO ALCANÇOU"
"RS";432040;"Serafina Corrêa";;2;2;100;"Sim";100;"ALCANÇOU"
"RS";432045;"Sério";"X";0;0;0;"Não se aplica";0;"NÃO ALCANÇOU"
"RS";432050;"Sertão";"X";0;0;0;"Não se aplica";0;"NÃO ALCANÇOU"
"RS";432055;"Sertão Santana";"X";0;0;0;"Não se aplica";0;"NÃO ALCANÇOU"
"RS";432057;"Sete de Setembro";"X";0;0;0;"Não se aplica";0;"NÃO ALCANÇOU"
"RS";432060;"Severiano de Almeida";"X";0;0;0;"Não se aplica";0;"NÃO ALCANÇOU"
"RS";432065;"Silveira Martins";"X";0;0;0;"Não se aplica";0;"NÃO ALCANÇOU"
"RS";432067;"Sinimbu";"X";0;0;0;"Não se aplica";0;"NÃO ALCANÇOU"
"RS";432070;"Sobradinho";"X";0;0;0;"Não se aplica";0;"NÃO ALCANÇOU"
"RS";432080;"Soledade";"X";0;0;0;"Não se aplica";0;"NÃO ALCANÇOU"
"RS";432085;"Tabaí";"X";0;0;0;"Não se aplica";0;"NÃO ALCANÇOU"
"RS";432090;"Tapejara";"X";0;0;0;"Não se aplica";0;"NÃO ALCANÇOU"
"RS";432100;"Tapera";"X";0;0;0;"Não se aplica";0;"NÃO ALCANÇOU"
"RS";432110;"Tapes";"X";0;0;0;"Não se aplica";0;"NÃO ALCANÇOU"
"RS";432120;"Taquara";"X";0;0;0;"Não se aplica";0;"NÃO ALCANÇOU"
"RS";432130;"Taquari";"X";0;0;0;"Não se aplica";0;"NÃO ALCANÇOU"
"RS";432132;"Taquaruçu do Sul";"X";0;0;0;"Não se aplica";0;"NÃO ALCANÇOU"
"RS";432135;"Tavares";"X";0;0;0;"Não se aplica";0;"NÃO ALCANÇOU"
"RS";432140;"Tenente Portela";"X";0;0;0;"Não se aplica";0;"NÃO ALCANÇOU"
"RS";432143;"Terra de Areia";"X";0;0;0;"Não se aplica";0;"NÃO ALCANÇOU"
"RS";432145;"Teutônia";;7;7;100;"Sim";100;"ALCANÇOU"
"RS";432146;"Tio Hugo";"X";0;0;0;"Não se aplica";0;"NÃO ALCANÇOU"
"RS";432147;"Tiradentes do Sul";"X";0;0;0;"Não se aplica";0;"NÃO ALCANÇOU"
"RS";432149;"Toropi";"X";0;0;0;"Não se aplica";0;"NÃO ALCANÇOU"
"RS";432150;"Torres";"X";0;0;0;"Não se aplica";0;"NÃO ALCANÇOU"
"RS";432160;"Tramandaí";"X";0;0;0;"Não se aplica";0;"NÃO ALCANÇOU"
"RS";432162;"Travesseiro";"X";0;0;0;"Não se aplica";0;"NÃO ALCANÇOU"
"RS";432163;"Três Arroios";"X";0;0;0;"Não se aplica";0;"NÃO ALCANÇOU"
"RS";432166;"Três Cachoeiras";"X";0;0;0;"Não se aplica";0;"NÃO ALCANÇOU"
"RS";432170;"Três Coroas";"X";0;0;0;"Não se aplica";0;"NÃO ALCANÇOU"
"RS";432180;"Três de Maio";"X";0;0;0;"Não se aplica";0;"NÃO ALCANÇOU"
"RS";432183;"Três Forquilhas";"X";0;0;0;"Não se aplica";0;"NÃO ALCANÇOU"
"RS";432185;"Três Palmeiras";"X";0;0;0;"Não se aplica";0;"NÃO ALCANÇOU"
"RS";432190;"Três Passos";;3;3;100;"Sim";100;"ALCANÇOU"
"RS";432195;"Trindade do Sul";"X";0;0;0;"Não se aplica";0;"NÃO ALCANÇOU"
"RS";432200;"Triunfo";;3;3;100;"Sim";100;"ALCANÇOU"
"RS";432210;"Tucunduva";"X";0;0;0;"Não se aplica";0;"NÃO ALCANÇOU"
"RS";432215;"Tunas";"X";0;0;0;"Não se aplica";0;"NÃO ALCANÇOU"
"RS";432218;"Tupanci do Sul";"X";0;0;0;"Não se aplica";0;"NÃO ALCANÇOU"
"RS";432220;"Tupanciretã";"X";0;0;0;"Não se aplica";0;"NÃO ALCANÇOU"
"RS";432225;"Tupandi";"X";0;0;0;"Não se aplica";0;"NÃO ALCANÇOU"
"RS";432230;"Tuparendi";"X";0;0;0;"Não se aplica";0;"NÃO ALCANÇOU"
"RS";432232;"Turuçu";"X";0;0;0;"Não se aplica";0;"NÃO ALCANÇOU"
"RS";432234;"Ubiretama";"X";0;0;0;"Não se aplica";0;"NÃO ALCANÇOU"
"RS";432235;"União da Serra";"X";0;0;0;"Não se aplica";0;"NÃO ALCANÇOU"
"RS";432237;"Unistalda";"X";0;0;0;"Não se aplica";0;"NÃO ALCANÇOU"
"RS";432240;"Uruguaiana";;0;0;0;"Não";0;"NÃO ALCANÇOU"
"RS";432250;"Vacaria";"X";0;0;0;"Não se aplica";0;"NÃO ALCANÇOU"
"RS";432252;"Vale Verde";"X";0;0;0;"Não se aplica";0;"NÃO ALCANÇOU"
"RS";432253;"Vale do Sol";"X";0;0;0;"Não se aplica";0;"NÃO ALCANÇOU"
"RS";432254;"Vale Real";"X";0;0;0;"Não se aplica";0;"NÃO ALCANÇOU"
"RS";432255;"Vanini";"X";0;0;0;"Não se aplica";0;"NÃO ALCANÇOU"
"RS";432260;"Venâncio Aires";;2;2;100;"Sim";100;"ALCANÇOU"
"RS";432270;"Vera Cruz";"X";0;0;0;"Não se aplica";0;"NÃO ALCANÇOU"
"RS";432280;"Veranópolis";"X";0;0;0;"Não se aplica";0;"NÃO ALCANÇOU"
"RS";432285;"Vespasiano Correa";"X";0;0;0;"Não se aplica";0;"NÃO ALCANÇOU"
"RS";432290;"Viadutos";"X";0;0;0;"Não se aplica";0;"NÃO ALCANÇOU"
"RS";432300;"Viamão";"X";0;0;0;"Não se aplica";0;"NÃO ALCANÇOU"
"RS";432310;"Vicente Dutra";"X";0;0;0;"Não se aplica";0;"NÃO ALCANÇOU"
"RS";432320;"Victor Graeff";"X";0;0;0;"Não se aplica";0;"NÃO ALCANÇOU"
"RS";432330;"Vila Flores";"X";0;0;0;"Não se aplica";0;"NÃO ALCANÇOU"
"RS";432335;"Vila Lângaro";"X";0;0;0;"Não se aplica";0;"NÃO ALCANÇOU"
"RS";432340;"Vila Maria";"X";0;0;0;"Não se aplica";0;"NÃO ALCANÇOU"
"RS";432345;"Vila Nova do Sul";"X";0;0;0;"Não se aplica";0;"NÃO ALCANÇOU"
"RS";432350;"Vista Alegre";"X";0;0;0;"Não se aplica";0;"NÃO ALCANÇOU"
"RS";432360;"Vista Alegre do Prata";"X";0;0;0;"Não se aplica";0;"NÃO ALCANÇOU"
"RS";432370;"Vista Gaúcha";"X";0;0;0;"Não se aplica";0;"NÃO ALCANÇOU"
"RS";432375;"Vitória das Missões";"X";0;0;0;"Não se aplica";0;"NÃO ALCANÇOU"
"RS";432377;"Westfalia";"X";0;0;0;"Não se aplica";0;"NÃO ALCANÇOU"
"RS";432380;"Xangri-lá";"X";0;0;0;"Não se aplica";0;"NÃO ALCANÇOU"
"MS";500020;"Água Clara";;3;5;60;"Não";60;"NÃO ALCANÇOU"
"MS";500025;"Alcinópolis";;0;3;0;"Não";0;"NÃO ALCANÇOU"
"MS";500060;"Amambai";;0;0;0;"Não";0;"NÃO ALCANÇOU"
"MS";500070;"Anastácio";;5;5;100;"Sim";100;"ALCANÇOU"
"MS";500080;"Anaurilândia";"X";0;0;0;"Não se aplica";0;"NÃO ALCANÇOU"
"MS";500085;"Angélica";;2;2;100;"Sim";100;"ALCANÇOU"
"MS";500090;"Antônio João";;0;3;0;"Não";0;"NÃO ALCANÇOU"
"MS";500100;"Aparecida do Taboado";;8;8;100;"Sim";100;"ALCANÇOU"
"MS";500110;"Aquidauana";;3;4;75;"Não";75;"NÃO ALCANÇOU"
"MS";500124;"Aral Moreira";"X";0;0;0;"Não se aplica";0;"NÃO ALCANÇOU"
"MS";500150;"Bandeirantes";;10;10;100;"Sim";100;"ALCANÇOU"
"MS";500190;"Bataguassu";;7;9;77,8;"Não";77,8;"NÃO ALCANÇOU"
"MS";500200;"Batayporã";"X";0;0;0;"Não se aplica";0;"NÃO ALCANÇOU"
"MS";500210;"Bela Vista";"X";0;0;0;"Não se aplica";0;"NÃO ALCANÇOU"
"MS";500215;"Bodoquena";;4;4;100;"Sim";100;"ALCANÇOU"
"MS";500220;"Bonito";;2;2;100;"Sim";100;"ALCANÇOU"
"MS";500230;"Brasilândia";;0;4;0;"Não";0;"NÃO ALCANÇOU"
"MS";500240;"Caarapó";"X";0;0;0;"Não se aplica";0;"NÃO ALCANÇOU"
"MS";500260;"Camapuã";;0;7;0;"Não";0;"NÃO ALCANÇOU"
"MS";500270;"Campo Grande";;65;99;65,7;"Não";65,7;"NÃO ALCANÇOU"
"MS";500280;"Caracol";;13;14;92,9;"Sim";92,9;"ALCANÇOU"
"MS";500290;"Cassilândia";;1;3;33,3;"Não";33,3;"NÃO ALCANÇOU"
"MS";500295;"Chapadão do Sul";;7;7;100;"Sim";100;"ALCANÇOU"
"MS";500310;"Corguinho";;0;0;0;"Não";0;"NÃO ALCANÇOU"
"MS";500315;"Coronel Sapucaia";;2;2;100;"Sim";100;"ALCANÇOU"
"MS";500320;"Corumbá";;11;11;100;"Sim";100;"ALCANÇOU"
"MS";500325;"Costa Rica";"X";0;0;0;"Não se aplica";0;"NÃO ALCANÇOU"
"MS";500330;"Coxim";;13;20;65;"Não";65;"NÃO ALCANÇOU"
"MS";500345;"Deodápolis";"X";0;0;0;"Não se aplica";0;"NÃO ALCANÇOU"
"MS";500348;"Dois Irmãos do Buriti";;0;0;0;"Não";0;"NÃO ALCANÇOU"
"MS";500350;"Douradina";"X";0;0;0;"Não se aplica";0;"NÃO ALCANÇOU"
"MS";500370;"Dourados";;5;5;100;"Sim";100;"ALCANÇOU"
"MS";500375;"Eldorado";;4;4;100;"Sim";100;"ALCANÇOU"
"MS";500380;"Fátima do Sul";;4;4;100;"Sim";100;"ALCANÇOU"
"MS";500390;"Figueirão";;2;2;100;"Sim";100;"ALCANÇOU"
"MS";500400;"Glória de Dourados";"X";0;0;0;"Não se aplica";0;"NÃO ALCANÇOU"
"MS";500410;"Guia Lopes da Laguna";"X";0;0;0;"Não se aplica";0;"NÃO ALCANÇOU"
"MS";500430;"Iguatemi";"X";0;0;0;"Não se aplica";0;"NÃO ALCANÇOU"
"MS";500440;"Inocência";;1;1;100;"Sim";100;"ALCANÇOU"
"MS";500450;"Itaporã";;9;9;100;"Sim";100;"ALCANÇOU"
"MS";500460;"Itaquiraí";;2;2;100;"Sim";100;"ALCANÇOU"
"MS";500470;"Ivinhema";;15;8;187,5;"Sim";187,5;"ALCANÇOU"
"MS";500480;"Japorã";;0;0;0;"Não";0;"NÃO ALCANÇOU"
"MS";500490;"Jaraguari";;0;2;0;"Não";0;"NÃO ALCANÇOU"
"MS";500500;"Jardim";;2;2;100;"Sim";100;"ALCANÇOU"
"MS";500510;"Jateí";"X";0;0;0;"Não se aplica";0;"NÃO ALCANÇOU"
"MS";500515;"Juti";"X";0;0;0;"Não se aplica";0;"NÃO ALCANÇOU"
"MS";500520;"Ladário";;0;1;0;"Não";0;"NÃO ALCANÇOU"
"MS";500525;"Laguna Carapã";"X";0;0;0;"Não se aplica";0;"NÃO ALCANÇOU"
"MS";500540;"Maracaju";;0;6;0;"Não";0;"NÃO ALCANÇOU"
"MS";500560;"Miranda";;0;2;0;"Não";0;"NÃO ALCANÇOU"
"MS";500568;"Mundo Novo";;7;7;100;"Sim";100;"ALCANÇOU"
"MS";500570;"Naviraí";;13;13;100;"Sim";100;"ALCANÇOU"
"MS";500580;"Nioaque";"X";0;0;0;"Não se aplica";0;"NÃO ALCANÇOU"
"MS";500600;"Nova Alvorada do Sul";"X";0;0;0;"Não se aplica";0;"NÃO ALCANÇOU"
"MS";500620;"Nova Andradina";;2;2;100;"Sim";100;"ALCANÇOU"
"MS";500625;"Novo Horizonte do Sul";"X";0;0;0;"Não se aplica";0;"NÃO ALCANÇOU"
"MS";500627;"Paraíso das Águas";"X";0;0;0;"Não se aplica";0;"NÃO ALCANÇOU"
"MS";500630;"Paranaíba";;0;69;0;"Não";0;"NÃO ALCANÇOU"
"MS";500635;"Paranhos";"X";0;0;0;"Não se aplica";0;"NÃO ALCANÇOU"
"MS";500640;"Pedro Gomes";;1;5;20;"Não";20;"NÃO ALCANÇOU"
"MS";500660;"Ponta Porã";;30;30;100;"Sim";100;"ALCANÇOU"
"MS";500690;"Porto Murtinho";;21;21;100;"Sim";100;"ALCANÇOU"
"MS";500710;"Ribas do Rio Pardo";;7;4;175;"Sim";175;"ALCANÇOU"
"MS";500720;"Rio Brilhante";;0;4;0;"Não";0;"NÃO ALCANÇOU"
"MS";500730;"Rio Negro";;2;2;100;"Sim";100;"ALCANÇOU"
"MS";500740;"Rio Verde de Mato Grosso";;0;0;0;"Não";0;"NÃO ALCANÇOU"
"MS";500750;"Rochedo";"X";0;0;0;"Não se aplica";0;"NÃO ALCANÇOU"
"MS";500755;"Santa Rita do Pardo";;0;6;0;"Não";0;"NÃO ALCANÇOU"
"MS";500769;"São Gabriel do Oeste";;5;5;100;"Sim";100;"ALCANÇOU"
"MS";500770;"Sete Quedas";;0;1;0;"Não";0;"NÃO ALCANÇOU"
"MS";500780;"Selvíria";"X";0;0;0;"Não se aplica";0;"NÃO ALCANÇOU"
"MS";500790;"Sidrolândia";;3;2;150;"Sim";150;"ALCANÇOU"
"MS";500793;"Sonora";"X";0;0;0;"Não se aplica";0;"NÃO ALCANÇOU"
"MS";500795;"Tacuru";"X";0;0;0;"Não se aplica";0;"NÃO ALCANÇOU"
"MS";500797;"Taquarussu";"X";0;0;0;"Não se aplica";0;"NÃO ALCANÇOU"
"MS";500800;"Terenos";;0;2;0;"Não";0;"NÃO ALCANÇOU"
"MS";500830;"Três Lagoas";;9;9;100;"Sim";100;"ALCANÇOU"
"MS";500840;"Vicentina";;0;1;0;"Não";0;"NÃO ALCANÇOU"
"MT";510010;"Acorizal";"X";0;0;0;"Não se aplica";0;"NÃO ALCANÇOU"
"MT";510020;"Água Boa";;206;220;93,6;"Sim";93,6;"ALCANÇOU"
"MT";510025;"Alta Floresta";;167;147;113,6;"Sim";113,6;"ALCANÇOU"
"MT";510030;"Alto Araguaia";;3;3;100;"Sim";100;"ALCANÇOU"
"MT";510035;"Alto Boa Vista";"X";0;0;0;"Não se aplica";0;"NÃO ALCANÇOU"
"MT";510040;"Alto Garças";;19;19;100;"Sim";100;"ALCANÇOU"
"MT";510050;"Alto Paraguai";"X";0;0;0;"Não se aplica";0;"NÃO ALCANÇOU"
"MT";510060;"Alto Taquari";"X";0;0;0;"Não se aplica";0;"NÃO ALCANÇOU"
"MT";510080;"Apiacás";;14;17;82,4;"Sim";82,4;"ALCANÇOU"
"MT";510100;"Araguaiana";;2;2;100;"Sim";100;"ALCANÇOU"
"MT";510120;"Araguainha";"X";0;0;0;"Não se aplica";0;"NÃO ALCANÇOU"
"MT";510125;"Araputanga";;30;30;100;"Sim";100;"ALCANÇOU"
"MT";510130;"Arenápolis";"X";0;0;0;"Não se aplica";0;"NÃO ALCANÇOU"
"MT";510140;"Aripuanã";;153;156;98,1;"Sim";98,1;"ALCANÇOU"
"MT";510160;"Barão de Melgaço";;8;24;33,3;"Não";33,3;"NÃO ALCANÇOU"
"MT";510170;"Barra do Bugres";;11;11;100;"Sim";100;"ALCANÇOU"
"MT";510180;"Barra do Garças";;22;33;66,7;"Não";66,7;"NÃO ALCANÇOU"
"MT";510185;"Bom Jesus do Araguaia";;0;1;0;"Não";0;"NÃO ALCANÇOU"
"MT";510190;"Brasnorte";;29;32;90,6;"Sim";90,6;"ALCANÇOU"
"MT";510250;"Cáceres";;51;62;82,3;"Sim";82,3;"ALCANÇOU"
"MT";510260;"Campinápolis";;25;25;100;"Sim";100;"ALCANÇOU"
"MT";510263;"Campo Novo do Parecis";;49;50;98;"Sim";98;"ALCANÇOU"
"MT";510267;"Campo Verde";;82;82;100;"Sim";100;"ALCANÇOU"
"MT";510268;"Campos de Júlio";"X";0;0;0;"Não se aplica";0;"NÃO ALCANÇOU"
"MT";510269;"Canabrava do Norte";;22;24;91,7;"Sim";91,7;"ALCANÇOU"
"MT";510270;"Canarana";;56;70;80;"Não";80;"NÃO ALCANÇOU"
"MT";510279;"Carlinda";;4;5;80;"Não";80;"NÃO ALCANÇOU"
"MT";510285;"Castanheira";;194;288;67,4;"Não";67,4;"NÃO ALCANÇOU"
"MT";510300;"Chapada dos Guimarães";;8;13;61,5;"Não";61,5;"NÃO ALCANÇOU"
"MT";510305;"Cláudia";;91;91;100;"Sim";100;"ALCANÇOU"
"MT";510310;"Cocalinho";;3;6;50;"Não";50;"NÃO ALCANÇOU"
"MT";510320;"Colíder";;46;49;93,9;"Sim";93,9;"ALCANÇOU"
"MT";510325;"Colniza";;160;173;92,5;"Sim";92,5;"ALCANÇOU"
"MT";510330;"Comodoro";;0;5;0;"Não";0;"NÃO ALCANÇOU"
"MT";510335;"Confresa";;462;484;95,5;"Sim";95,5;"ALCANÇOU"
"MT";510336;"Conquista D'Oeste";;19;23;82,6;"Sim";82,6;"ALCANÇOU"
"MT";510337;"Cotriguaçu";;23;27;85,2;"Sim";85,2;"ALCANÇOU"
"MT";510340;"Cuiabá";;512;862;59,4;"Não";59,4;"NÃO ALCANÇOU"
"MT";510343;"Curvelândia";;2;2;100;"Sim";100;"ALCANÇOU"
"MT";510345;"Denise";;2;2;100;"Sim";100;"ALCANÇOU"
"MT";510350;"Diamantino";;21;21;100;"Sim";100;"ALCANÇOU"
"MT";510360;"Dom Aquino";;1;6;16,7;"Não";16,7;"NÃO ALCANÇOU"
"MT";510370;"Feliz Natal";;4;15;26,7;"Não";26,7;"NÃO ALCANÇOU"
"MT";510380;"Figueirópolis D'Oeste";;1;1;100;"Sim";100;"ALCANÇOU"
"MT";510385;"Gaúcha do Norte";;4;4;100;"Sim";100;"ALCANÇOU"
"MT";510390;"General Carneiro";;0;0;0;"Não";0;"NÃO ALCANÇOU"
"MT";510395;"Glória D'Oeste";"X";0;0;0;"Não se aplica";0;"NÃO ALCANÇOU"
"MT";510410;"Guarantã do Norte";;65;68;95,6;"Sim";95,6;"ALCANÇOU"
"MT";510420;"Guiratinga";;11;13;84,6;"Sim";84,6;"ALCANÇOU"
"MT";510450;"Indiavaí";"X";0;0;0;"Não se aplica";0;"NÃO ALCANÇOU"
"MT";510452;"Ipiranga do Norte";;31;31;100;"Sim";100;"ALCANÇOU"
"MT";510454;"Itanhangá";;26;26;100;"Sim";100;"ALCANÇOU"
"MT";510455;"Itaúba";;9;9;100;"Sim";100;"ALCANÇOU"
"MT";510460;"Itiquira";;3;3;100;"Sim";100;"ALCANÇOU"
"MT";510480;"Jaciara";;13;15;86,7;"Sim";86,7;"ALCANÇOU"
"MT";510490;"Jangada";;0;2;0;"Não";0;"NÃO ALCANÇOU"
"MT";510500;"Jauru";;9;9;100;"Sim";100;"ALCANÇOU"
"MT";510510;"Juara";;72;72;100;"Sim";100;"ALCANÇOU"
"MT";510515;"Juína";;751;837;89,7;"Sim";89,7;"ALCANÇOU"
"MT";510517;"Juruena";;473;476;99,4;"Sim";99,4;"ALCANÇOU"
"MT";510520;"Juscimeira";;11;11;100;"Sim";100;"ALCANÇOU"
"MT";510523;"Lambari D'Oeste";"X";0;0;0;"Não se aplica";0;"NÃO ALCANÇOU"
"MT";510525;"Lucas do Rio Verde";;128;129;99,2;"Sim";99,2;"ALCANÇOU"
"MT";510530;"Luciara";;1;1;100;"Sim";100;"ALCANÇOU"
"MT";510550;"Vila Bela da Santíssima Trindade";;2;3;66,7;"Não";66,7;"NÃO ALCANÇOU"
"MT";510558;"Marcelândia";;26;26;100;"Sim";100;"ALCANÇOU"
"MT";510560;"Matupá";;20;21;95,2;"Sim";95,2;"ALCANÇOU"
"MT";510562;"Mirassol d'Oeste";;45;49;91,8;"Sim";91,8;"ALCANÇOU"
"MT";510590;"Nobres";;5;7;71,4;"Não";71,4;"NÃO ALCANÇOU"
"MT";510600;"Nortelândia";;7;18;38,9;"Não";38,9;"NÃO ALCANÇOU"
"MT";510610;"Nossa Senhora do Livramento";;20;37;54,1;"Não";54,1;"NÃO ALCANÇOU"
"MT";510615;"Nova Bandeirantes";;106;106;100;"Sim";100;"ALCANÇOU"
"MT";510617;"Nova Nazaré";;6;12;50;"Não";50;"NÃO ALCANÇOU"
"MT";510618;"Nova Lacerda";;2;5;40;"Não";40;"NÃO ALCANÇOU"
"MT";510619;"Nova Santa Helena";;5;5;100;"Sim";100;"ALCANÇOU"
"MT";510620;"Nova Brasilândia";;2;2;100;"Sim";100;"ALCANÇOU"
"MT";510621;"Nova Canaã do Norte";;21;26;80,8;"Não";80,8;"NÃO ALCANÇOU"
"MT";510622;"Nova Mutum";;23;26;88,5;"Sim";88,5;"ALCANÇOU"
"MT";510623;"Nova Olímpia";;12;22;54,5;"Não";54,5;"NÃO ALCANÇOU"
"MT";510624;"Nova Ubiratã";;6;6;100;"Sim";100;"ALCANÇOU"
"MT";510625;"Nova Xavantina";;11;12;91,7;"Sim";91,7;"ALCANÇOU"
"MT";510626;"Novo Mundo";"X";0;0;0;"Não se aplica";0;"NÃO ALCANÇOU"
"MT";510627;"Novo Horizonte do Norte";;8;8;100;"Sim";100;"ALCANÇOU"
"MT";510628;"Novo São Joaquim";;3;6;50;"Não";50;"NÃO ALCANÇOU"
"MT";510629;"Paranaíta";;8;10;80;"Não";80;"NÃO ALCANÇOU"
"MT";510630;"Paranatinga";;5;9;55,6;"Não";55,6;"NÃO ALCANÇOU"
"MT";510631;"Novo Santo Antônio";"X";0;0;0;"Não se aplica";0;"NÃO ALCANÇOU"
"MT";510637;"Pedra Preta";;13;13;100;"Sim";100;"ALCANÇOU"
"MT";510642;"Peixoto de Azevedo";;36;49;73,5;"Não";73,5;"NÃO ALCANÇOU"
"MT";510645;"Planalto da Serra";;2;7;28,6;"Não";28,6;"NÃO ALCANÇOU"
"MT";510650;"Poconé";;62;66;93,9;"Sim";93,9;"ALCANÇOU"
"MT";510665;"Pontal do Araguaia";;17;17;100;"Sim";100;"ALCANÇOU"
"MT";510670;"Ponte Branca";;3;3;100;"Sim";100;"ALCANÇOU"
"MT";510675;"Pontes e Lacerda";;55;62;88,7;"Sim";88,7;"ALCANÇOU"
"MT";510677;"Porto Alegre do Norte";;60;60;100;"Sim";100;"ALCANÇOU"
"MT";510680;"Porto dos Gaúchos";;36;36;100;"Sim";100;"ALCANÇOU"
"MT";510682;"Porto Esperidião";;2;5;40;"Não";40;"NÃO ALCANÇOU"
"MT";510685;"Porto Estrela";;0;1;0;"Não";0;"NÃO ALCANÇOU"
"MT";510700;"Poxoréo";;10;14;71,4;"Não";71,4;"NÃO ALCANÇOU"
"MT";510704;"Primavera do Leste";;20;22;90,9;"Sim";90,9;"ALCANÇOU"
"MT";510706;"Querência";;17;19;89,5;"Sim";89,5;"ALCANÇOU"
"MT";510710;"São José dos Quatro Marcos";;7;7;100;"Sim";100;"ALCANÇOU"
"MT";510715;"Reserva do Cabaçal";"X";0;0;0;"Não se aplica";0;"NÃO ALCANÇOU"
"MT";510718;"Ribeirão Cascalheira";;6;6;100;"Sim";100;"ALCANÇOU"
"MT";510719;"Ribeirãozinho";;2;2;100;"Sim";100;"ALCANÇOU"
"MT";510720;"Rio Branco";;21;21;100;"Sim";100;"ALCANÇOU"
"MT";510724;"Santa Carmem";;9;13;69,2;"Não";69,2;"NÃO ALCANÇOU"
"MT";510726;"Santo Afonso";;6;9;66,7;"Não";66,7;"NÃO ALCANÇOU"
"MT";510729;"São José do Povo";;3;3;100;"Sim";100;"ALCANÇOU"
"MT";510730;"São José do Rio Claro";;10;13;76,9;"Não";76,9;"NÃO ALCANÇOU"
"MT";510735;"São José do Xingu";;5;5;100;"Sim";100;"ALCANÇOU"
"MT";510740;"São Pedro da Cipa";;2;4;50;"Não";50;"NÃO ALCANÇOU"
"MT";510757;"Rondolândia";"X";0;0;0;"Não se aplica";0;"NÃO ALCANÇOU"
"MT";510760;"Rondonópolis";;45;147;30,6;"Não";30,6;"NÃO ALCANÇOU"
"MT";510770;"Rosário Oeste";;65;65;100;"Sim";100;"ALCANÇOU"
"MT";510774;"Santa Cruz do Xingu";;0;3;0;"Não";0;"NÃO ALCANÇOU"
"MT";510775;"Salto do Céu";;3;3;100;"Sim";100;"ALCANÇOU"
"MT";510776;"Santa Rita do Trivelato";;3;4;75;"Não";75;"NÃO ALCANÇOU"
"MT";510777;"Santa Terezinha";;11;11;100;"Sim";100;"ALCANÇOU"
"MT";510779;"Santo Antônio do Leste";;2;9;22,2;"Não";22,2;"NÃO ALCANÇOU"
"MT";510780;"Santo Antônio do Leverger";;100;172;58,1;"Não";58,1;"NÃO ALCANÇOU"
"MT";510785;"São Félix do Araguaia";;39;41;95,1;"Sim";95,1;"ALCANÇOU"
"MT";510787;"Sapezal";;13;13;100;"Sim";100;"ALCANÇOU"
"MT";510788;"Serra Nova Dourada";"X";0;0;0;"Não se aplica";0;"NÃO ALCANÇOU"
"MT";510790;"Sinop";;179;268;66,8;"Não";66,8;"NÃO ALCANÇOU"
"MT";510792;"Sorriso";;159;170;93,5;"Sim";93,5;"ALCANÇOU"
"MT";510794;"Tabaporã";;21;24;87,5;"Sim";87,5;"ALCANÇOU"
"MT";510795;"Tangará da Serra";;212;240;88,3;"Sim";88,3;"ALCANÇOU"
"MT";510800;"Tapurah";;45;73;61,6;"Não";61,6;"NÃO ALCANÇOU"
"MT";510805;"Terra Nova do Norte";;2;11;18,2;"Não";18,2;"NÃO ALCANÇOU"
"MT";510810;"Tesouro";"X";0;0;0;"Não se aplica";0;"NÃO ALCANÇOU"
"MT";510820;"Torixoréu";"X";0;0;0;"Não se aplica";0;"NÃO ALCANÇOU"
"MT";510830;"União do Sul";;29;30;96,7;"Sim";96,7;"ALCANÇOU"
"MT";510835;"Vale de São Domingos";"X";0;0;0;"Não se aplica";0;"NÃO ALCANÇOU"
"MT";510840;"Várzea Grande";;753;1044;72,1;"Não";72,1;"NÃO ALCANÇOU"
"MT";510850;"Vera";;2;5;40;"Não";40;"NÃO ALCANÇOU"
"MT";510860;"Vila Rica";;24;24;100;"Sim";100;"ALCANÇOU"
"MT";510880;"Nova Guarita";;14;14;100;"Sim";100;"ALCANÇOU"
"MT";510885;"Nova Marilândia";;2;2;100;"Sim";100;"ALCANÇOU"
"MT";510890;"Nova Maringá";;15;18;83,3;"Sim";83,3;"ALCANÇOU"
"MT";510895;"Nova Monte Verde";;8;8;100;"Sim";100;"ALCANÇOU"
"GO";520005;"Abadia de Goiás";;11;11;100;"Sim";100;"ALCANÇOU"
"GO";520010;"Abadiânia";;2;5;40;"Não";40;"NÃO ALCANÇOU"
"GO";520013;"Acreúna";;1;1;100;"Sim";100;"ALCANÇOU"
"GO";520015;"Adelândia";"X";0;0;0;"Não se aplica";0;"NÃO ALCANÇOU"
"GO";520017;"Água Fria de Goiás";;3;3;100;"Sim";100;"ALCANÇOU"
"GO";520020;"Água Limpa";;0;4;0;"Não";0;"NÃO ALCANÇOU"
"GO";520025;"Águas Lindas de Goiás";;42;60;70;"Não";70;"NÃO ALCANÇOU"
"GO";520030;"Alexânia";;4;4;100;"Sim";100;"ALCANÇOU"
"GO";520050;"Aloândia";"X";0;0;0;"Não se aplica";0;"NÃO ALCANÇOU"
"GO";520055;"Alto Horizonte";;5;7;71,4;"Não";71,4;"NÃO ALCANÇOU"
"GO";520060;"Alto Paraíso de Goiás";"X";0;0;0;"Não se aplica";0;"NÃO ALCANÇOU"
"GO";520080;"Alvorada do Norte";;6;6;100;"Sim";100;"ALCANÇOU"
"GO";520082;"Amaralina";"X";0;0;0;"Não se aplica";0;"NÃO ALCANÇOU"
"GO";520085;"Americano do Brasil";;4;4;100;"Sim";100;"ALCANÇOU"
"GO";520090;"Amorinópolis";"X";0;0;0;"Não se aplica";0;"NÃO ALCANÇOU"
"GO";520110;"Anápolis";;79;88;89,8;"Sim";89,8;"ALCANÇOU"
"GO";520120;"Anhanguera";"X";0;0;0;"Não se aplica";0;"NÃO ALCANÇOU"
"GO";520130;"Anicuns";;2;2;100;"Sim";100;"ALCANÇOU"
"GO";520140;"Aparecida de Goiânia";;143;169;84,6;"Sim";84,6;"ALCANÇOU"
"GO";520145;"Aparecida do Rio Doce";"X";0;0;0;"Não se aplica";0;"NÃO ALCANÇOU"
"GO";520150;"Aporé";"X";0;0;0;"Não se aplica";0;"NÃO ALCANÇOU"
"GO";520160;"Araçu";;1;1;100;"Sim";100;"ALCANÇOU"
"GO";520170;"Aragarças";;11;11;100;"Sim";100;"ALCANÇOU"
"GO";520180;"Aragoiânia";"X";0;0;0;"Não se aplica";0;"NÃO ALCANÇOU"
"GO";520215;"Araguapaz";;4;4;100;"Sim";100;"ALCANÇOU"
"GO";520235;"Arenópolis";"X";0;0;0;"Não se aplica";0;"NÃO ALCANÇOU"
"GO";520250;"Aruanã";;5;5;100;"Sim";100;"ALCANÇOU"
"GO";520260;"Aurilândia";"X";0;0;0;"Não se aplica";0;"NÃO ALCANÇOU"
"GO";520280;"Avelinópolis";"X";0;0;0;"Não se aplica";0;"NÃO ALCANÇOU"
"GO";520310;"Baliza";"X";0;0;0;"Não se aplica";0;"NÃO ALCANÇOU"
"GO";520320;"Barro Alto";;20;20;100;"Sim";100;"ALCANÇOU"
"GO";520330;"Bela Vista de Goiás";;11;11;100;"Sim";100;"ALCANÇOU"
"GO";520340;"Bom Jardim de Goiás";"X";0;0;0;"Não se aplica";0;"NÃO ALCANÇOU"
"GO";520350;"Bom Jesus de Goiás";;11;11;100;"Sim";100;"ALCANÇOU"
"GO";520355;"Bonfinópolis";"X";0;0;0;"Não se aplica";0;"NÃO ALCANÇOU"
"GO";520357;"Bonópolis";"X";0;0;0;"Não se aplica";0;"NÃO ALCANÇOU"
"GO";520360;"Brazabrantes";;7;7;100;"Sim";100;"ALCANÇOU"
"GO";520380;"Britânia";;0;0;0;"Não";0;"NÃO ALCANÇOU"
"GO";520390;"Buriti Alegre";;1;2;50;"Não";50;"NÃO ALCANÇOU"
"GO";520393;"Buriti de Goiás";"X";0;0;0;"Não se aplica";0;"NÃO ALCANÇOU"
"GO";520396;"Buritinópolis";"X";0;0;0;"Não se aplica";0;"NÃO ALCANÇOU"
"GO";520400;"Cabeceiras";"X";0;0;0;"Não se aplica";0;"NÃO ALCANÇOU"
"GO";520410;"Cachoeira Alta";;3;3;100;"Sim";100;"ALCANÇOU"
"GO";520420;"Cachoeira de Goiás";"X";0;0;0;"Não se aplica";0;"NÃO ALCANÇOU"
"GO";520425;"Cachoeira Dourada";;2;2;100;"Sim";100;"ALCANÇOU"
"GO";520430;"Caçu";;1;1;100;"Sim";100;"ALCANÇOU"
"GO";520440;"Caiapônia";"X";0;0;0;"Não se aplica";0;"NÃO ALCANÇOU"
"GO";520450;"Caldas Novas";;35;35;100;"Sim";100;"ALCANÇOU"
"GO";520455;"Caldazinha";"X";0;0;0;"Não se aplica";0;"NÃO ALCANÇOU"
"GO";520460;"Campestre de Goiás";;5;5;100;"Sim";100;"ALCANÇOU"
"GO";520465;"Campinaçu";;0;1;0;"Não";0;"NÃO ALCANÇOU"
"GO";520470;"Campinorte";;6;6;100;"Sim";100;"ALCANÇOU"
"GO";520480;"Campo Alegre de Goiás";"X";0;0;0;"Não se aplica";0;"NÃO ALCANÇOU"
"GO";520485;"Campo Limpo de Goiás";;2;2;100;"Sim";100;"ALCANÇOU"
"GO";520490;"Campos Belos";;6;6;100;"Sim";100;"ALCANÇOU"
"GO";520495;"Campos Verdes";;10;10;100;"Sim";100;"ALCANÇOU"
"GO";520500;"Carmo do Rio Verde";;3;3;100;"Sim";100;"ALCANÇOU"
"GO";520505;"Castelândia";"X";0;0;0;"Não se aplica";0;"NÃO ALCANÇOU"
"GO";520510;"Catalão";;1;3;33,3;"Não";33,3;"NÃO ALCANÇOU"
"GO";520520;"Caturaí";;1;1;100;"Sim";100;"ALCANÇOU"
"GO";520530;"Cavalcante";;15;15;100;"Sim";100;"ALCANÇOU"
"GO";520540;"Ceres";;8;9;88,9;"Sim";88,9;"ALCANÇOU"
"GO";520545;"Cezarina";"X";0;0;0;"Não se aplica";0;"NÃO ALCANÇOU"
"GO";520547;"Chapadão do Céu";"X";0;0;0;"Não se aplica";0;"NÃO ALCANÇOU"
"GO";520549;"Cidade Ocidental";;12;12;100;"Sim";100;"ALCANÇOU"
"GO";520551;"Cocalzinho de Goiás";;1;1;100;"Sim";100;"ALCANÇOU"
"GO";520552;"Colinas do Sul";;0;0;0;"Não";0;"NÃO ALCANÇOU"
"GO";520570;"Córrego do Ouro";"X";0;0;0;"Não se aplica";0;"NÃO ALCANÇOU"
"GO";520580;"Corumbá de Goiás";;2;2;100;"Sim";100;"ALCANÇOU"
"GO";520590;"Corumbaíba";"X";0;0;0;"Não se aplica";0;"NÃO ALCANÇOU"
"GO";520620;"Cristalina";;7;7;100;"Sim";100;"ALCANÇOU"
"GO";520630;"Cristianópolis";"X";0;0;0;"Não se aplica";0;"NÃO ALCANÇOU"
"GO";520640;"Crixás";;3;3;100;"Sim";100;"ALCANÇOU"
"GO";520650;"Cromínia";"X";0;0;0;"Não se aplica";0;"NÃO ALCANÇOU"
"GO";520660;"Cumari";"X";0;0;0;"Não se aplica";0;"NÃO ALCANÇOU"
"GO";520670;"Damianópolis";"X";0;0;0;"Não se aplica";0;"NÃO ALCANÇOU"
"GO";520680;"Damolândia";"X";0;0;0;"Não se aplica";0;"NÃO ALCANÇOU"
"GO";520690;"Davinópolis";"X";0;0;0;"Não se aplica";0;"NÃO ALCANÇOU"
"GO";520710;"Diorama";;4;4;100;"Sim";100;"ALCANÇOU"
"GO";520725;"Doverlândia";;26;27;96,3;"Sim";96,3;"ALCANÇOU"
"GO";520735;"Edealina";"X";0;0;0;"Não se aplica";0;"NÃO ALCANÇOU"
"GO";520740;"Edéia";"X";0;0;0;"Não se aplica";0;"NÃO ALCANÇOU"
"GO";520750;"Estrela do Norte";"X";0;0;0;"Não se aplica";0;"NÃO ALCANÇOU"
"GO";520753;"Faina";;13;13;100;"Sim";100;"ALCANÇOU"
"GO";520760;"Fazenda Nova";"X";0;0;0;"Não se aplica";0;"NÃO ALCANÇOU"
"GO";520780;"Firminópolis";"X";0;0;0;"Não se aplica";0;"NÃO ALCANÇOU"
"GO";520790;"Flores de Goiás";;1;2;50;"Não";50;"NÃO ALCANÇOU"
"GO";520800;"Formosa";;16;20;80;"Não";80;"NÃO ALCANÇOU"
"GO";520810;"Formoso";;2;2;100;"Sim";100;"ALCANÇOU"
"GO";520815;"Gameleira de Goiás";"X";0;0;0;"Não se aplica";0;"NÃO ALCANÇOU"
"GO";520830;"Divinópolis de Goiás";;0;0;0;"Não";0;"NÃO ALCANÇOU"
"GO";520840;"Goianápolis";"X";0;0;0;"Não se aplica";0;"NÃO ALCANÇOU"
"GO";520850;"Goiandira";"X";0;0;0;"Não se aplica";0;"NÃO ALCANÇOU"
"GO";520860;"Goianésia";;41;41;100;"Sim";100;"ALCANÇOU"
"GO";520870;"Goiânia";;155;188;82,4;"Sim";82,4;"ALCANÇOU"
"GO";520880;"Goianira";;42;42;100;"Sim";100;"ALCANÇOU"
"GO";520890;"Goiás";;9;9;100;"Sim";100;"ALCANÇOU"
"GO";520910;"Goiatuba";;8;8;100;"Sim";100;"ALCANÇOU"
"GO";520915;"Gouvelândia";;3;3;100;"Sim";100;"ALCANÇOU"
"GO";520920;"Guapó";;5;5;100;"Sim";100;"ALCANÇOU"
"GO";520929;"Guaraíta";"X";0;0;0;"Não se aplica";0;"NÃO ALCANÇOU"
"GO";520940;"Guarani de Goiás";"X";0;0;0;"Não se aplica";0;"NÃO ALCANÇOU"
"GO";520945;"Guarinos";"X";0;0;0;"Não se aplica";0;"NÃO ALCANÇOU"
"GO";520960;"Heitoraí";"X";0;0;0;"Não se aplica";0;"NÃO ALCANÇOU"
"GO";520970;"Hidrolândia";;12;12;100;"Sim";100;"ALCANÇOU"
"GO";520980;"Hidrolina";"X";0;0;0;"Não se aplica";0;"NÃO ALCANÇOU"
"GO";520990;"Iaciara";;6;6;100;"Sim";100;"ALCANÇOU"
"GO";520993;"Inaciolândia";;12;12;100;"Sim";100;"ALCANÇOU"
"GO";520995;"Indiara";"X";0;0;0;"Não se aplica";0;"NÃO ALCANÇOU"
"GO";521000;"Inhumas";;25;26;96,2;"Sim";96,2;"ALCANÇOU"
"GO";521010;"Ipameri";"X";0;0;0;"Não se aplica";0;"NÃO ALCANÇOU"
"GO";521015;"Ipiranga de Goiás";"X";0;0;0;"Não se aplica";0;"NÃO ALCANÇOU"
"GO";521020;"Iporá";;14;14;100;"Sim";100;"ALCANÇOU"
"GO";521030;"Israelândia";;0;3;0;"Não";0;"NÃO ALCANÇOU"
"GO";521040;"Itaberaí";;12;12;100;"Sim";100;"ALCANÇOU"
"GO";521056;"Itaguari";"X";0;0;0;"Não se aplica";0;"NÃO ALCANÇOU"
"GO";521060;"Itaguaru";;3;6;50;"Não";50;"NÃO ALCANÇOU"
"GO";521080;"Itajá";"X";0;0;0;"Não se aplica";0;"NÃO ALCANÇOU"
"GO";521090;"Itapaci";;37;37;100;"Sim";100;"ALCANÇOU"
"GO";521100;"Itapirapuã";;3;3;100;"Sim";100;"ALCANÇOU"
"GO";521120;"Itapuranga";;5;8;62,5;"Não";62,5;"NÃO ALCANÇOU"
"GO";521130;"Itarumã";"X";0;0;0;"Não se aplica";0;"NÃO ALCANÇOU"
"GO";521140;"Itauçu";"X";0;0;0;"Não se aplica";0;"NÃO ALCANÇOU"
"GO";521150;"Itumbiara";;9;9;100;"Sim";100;"ALCANÇOU"
"GO";521160;"Ivolândia";"X";0;0;0;"Não se aplica";0;"NÃO ALCANÇOU"
"GO";521170;"Jandaia";;1;1;100;"Sim";100;"ALCANÇOU"
"GO";521180;"Jaraguá";;23;30;76,7;"Não";76,7;"NÃO ALCANÇOU"
"GO";521190;"Jataí";;22;22;100;"Sim";100;"ALCANÇOU"
"GO";521200;"Jaupaci";"X";0;0;0;"Não se aplica";0;"NÃO ALCANÇOU"
"GO";521205;"Jesúpolis";"X";0;0;0;"Não se aplica";0;"NÃO ALCANÇOU"
"GO";521210;"Joviânia";;1;1;100;"Sim";100;"ALCANÇOU"
"GO";521220;"Jussara";;28;28;100;"Sim";100;"ALCANÇOU"
"GO";521225;"Lagoa Santa";"X";0;0;0;"Não se aplica";0;"NÃO ALCANÇOU"
"GO";521230;"Leopoldo de Bulhões";"X";0;0;0;"Não se aplica";0;"NÃO ALCANÇOU"
"GO";521250;"Luziânia";;36;38;94,7;"Sim";94,7;"ALCANÇOU"
"GO";521260;"Mairipotaba";"X";0;0;0;"Não se aplica";0;"NÃO ALCANÇOU"
"GO";521270;"Mambaí";"X";0;0;0;"Não se aplica";0;"NÃO ALCANÇOU"
"GO";521280;"Mara Rosa";"X";0;0;0;"Não se aplica";0;"NÃO ALCANÇOU"
"GO";521290;"Marzagão";;6;6;100;"Sim";100;"ALCANÇOU"
"GO";521295;"Matrinchã";;2;3;66,7;"Não";66,7;"NÃO ALCANÇOU"
"GO";521300;"Maurilândia";;4;4;100;"Sim";100;"ALCANÇOU"
"GO";521305;"Mimoso de Goiás";"X";0;0;0;"Não se aplica";0;"NÃO ALCANÇOU"
"GO";521308;"Minaçu";;18;19;94,7;"Sim";94,7;"ALCANÇOU"
"GO";521310;"Mineiros";;24;27;88,9;"Sim";88,9;"ALCANÇOU"
"GO";521340;"Moiporá";"X";0;0;0;"Não se aplica";0;"NÃO ALCANÇOU"
"GO";521350;"Monte Alegre de Goiás";;5;5;100;"Sim";100;"ALCANÇOU"
"GO";521370;"Montes Claros de Goiás";"X";0;0;0;"Não se aplica";0;"NÃO ALCANÇOU"
"GO";521375;"Montividiu";"X";0;0;0;"Não se aplica";0;"NÃO ALCANÇOU"
"GO";521377;"Montividiu do Norte";"X";0;0;0;"Não se aplica";0;"NÃO ALCANÇOU"
"GO";521380;"Morrinhos";;5;5;100;"Sim";100;"ALCANÇOU"
"GO";521385;"Morro Agudo de Goiás";"X";0;0;0;"Não se aplica";0;"NÃO ALCANÇOU"
"GO";521390;"Mossâmedes";;2;2;100;"Sim";100;"ALCANÇOU"
"GO";521400;"Mozarlândia";;10;10;100;"Sim";100;"ALCANÇOU"
"GO";521405;"Mundo Novo";;8;8;100;"Sim";100;"ALCANÇOU"
"GO";521410;"Mutunópolis";;3;3;100;"Sim";100;"ALCANÇOU"
"GO";521440;"Nazário";;8;8;100;"Sim";100;"ALCANÇOU"
"GO";521450;"Nerópolis";;7;8;87,5;"Sim";87,5;"ALCANÇOU"
"GO";521460;"Niquelândia";;15;15;100;"Sim";100;"ALCANÇOU"
"GO";521470;"Nova América";"X";0;0;0;"Não se aplica";0;"NÃO ALCANÇOU"
"GO";521480;"Nova Aurora";"X";0;0;0;"Não se aplica";0;"NÃO ALCANÇOU"
"GO";521483;"Nova Crixás";;15;15;100;"Sim";100;"ALCANÇOU"
"GO";521486;"Nova Glória";;1;1;100;"Sim";100;"ALCANÇOU"
"GO";521487;"Nova Iguaçu de Goiás";;6;6;100;"Sim";100;"ALCANÇOU"
"GO";521490;"Nova Roma";;3;3;100;"Sim";100;"ALCANÇOU"
"GO";521500;"Nova Veneza";;1;1;100;"Sim";100;"ALCANÇOU"
"GO";521520;"Novo Brasil";"X";0;0;0;"Não se aplica";0;"NÃO ALCANÇOU"
"GO";521523;"Novo Gama";;8;8;100;"Sim";100;"ALCANÇOU"
"GO";521525;"Novo Planalto";"X";0;0;0;"Não se aplica";0;"NÃO ALCANÇOU"
"GO";521530;"Orizona";"X";0;0;0;"Não se aplica";0;"NÃO ALCANÇOU"
"GO";521540;"Ouro Verde de Goiás";"X";0;0;0;"Não se aplica";0;"NÃO ALCANÇOU"
"GO";521550;"Ouvidor";"X";0;0;0;"Não se aplica";0;"NÃO ALCANÇOU"
"GO";521560;"Padre Bernardo";;1;1;100;"Sim";100;"ALCANÇOU"
"GO";521565;"Palestina de Goiás";;2;2;100;"Sim";100;"ALCANÇOU"
"GO";521570;"Palmeiras de Goiás";;6;7;85,7;"Sim";85,7;"ALCANÇOU"
"GO";521580;"Palmelo";"X";0;0;0;"Não se aplica";0;"NÃO ALCANÇOU"
"GO";521590;"Palminópolis";;0;0;0;"Não";0;"NÃO ALCANÇOU"
"GO";521600;"Panamá";"X";0;0;0;"Não se aplica";0;"NÃO ALCANÇOU"
"GO";521630;"Paranaiguara";;2;2;100;"Sim";100;"ALCANÇOU"
"GO";521640;"Paraúna";;0;1;0;"Não";0;"NÃO ALCANÇOU"
"GO";521645;"Perolândia";"X";0;0;0;"Não se aplica";0;"NÃO ALCANÇOU"
"GO";521680;"Petrolina de Goiás";"X";0;0;0;"Não se aplica";0;"NÃO ALCANÇOU"
"GO";521690;"Pilar de Goiás";;8;8;100;"Sim";100;"ALCANÇOU"
"GO";521710;"Piracanjuba";;2;2;100;"Sim";100;"ALCANÇOU"
"GO";521720;"Piranhas";;7;7;100;"Sim";100;"ALCANÇOU"
"GO";521730;"Pirenópolis";;9;9;100;"Sim";100;"ALCANÇOU"
"GO";521740;"Pires do Rio";;11;11;100;"Sim";100;"ALCANÇOU"
"GO";521760;"Planaltina";;22;22;100;"Sim";100;"ALCANÇOU"
"GO";521770;"Pontalina";;2;2;100;"Sim";100;"ALCANÇOU"
"GO";521800;"Porangatu";;27;35;77,1;"Não";77,1;"NÃO ALCANÇOU"
"GO";521805;"Porteirão";"X";0;0;0;"Não se aplica";0;"NÃO ALCANÇOU"
"GO";521810;"Portelândia";;5;5;100;"Sim";100;"ALCANÇOU"
"GO";521830;"Posse";;8;8;100;"Sim";100;"ALCANÇOU"
"GO";521839;"Professor Jamil";;0;3;0;"Não";0;"NÃO ALCANÇOU"
"GO";521850;"Quirinópolis";;13;13;100;"Sim";100;"ALCANÇOU"
"GO";521860;"Rialma";;3;3;100;"Sim";100;"ALCANÇOU"
"GO";521870;"Rianápolis";"X";0;0;0;"Não se aplica";0;"NÃO ALCANÇOU"
"GO";521878;"Rio Quente";"X";0;0;0;"Não se aplica";0;"NÃO ALCANÇOU"
"GO";521880;"Rio Verde";;25;26;96,2;"Sim";96,2;"ALCANÇOU"
"GO";521890;"Rubiataba";;13;13;100;"Sim";100;"ALCANÇOU"
"GO";521900;"Sanclerlândia";;3;3;100;"Sim";100;"ALCANÇOU"
"GO";521910;"Santa Bárbara de Goiás";;1;1;100;"Sim";100;"ALCANÇOU"
"GO";521920;"Santa Cruz de Goiás";"X";0;0;0;"Não se aplica";0;"NÃO ALCANÇOU"
"GO";521925;"Santa Fé de Goiás";;1;1;100;"Sim";100;"ALCANÇOU"
"GO";521930;"Santa Helena de Goiás";;13;13;100;"Sim";100;"ALCANÇOU"
"GO";521935;"Santa Isabel";;2;2;100;"Sim";100;"ALCANÇOU"
"GO";521940;"Santa Rita do Araguaia";;6;7;85,7;"Sim";85,7;"ALCANÇOU"
"GO";521945;"Santa Rita do Novo Destino";"X";0;0;0;"Não se aplica";0;"NÃO ALCANÇOU"
"GO";521950;"Santa Rosa de Goiás";"X";0;0;0;"Não se aplica";0;"NÃO ALCANÇOU"
"GO";521960;"Santa Tereza de Goiás";"X";0;0;0;"Não se aplica";0;"NÃO ALCANÇOU"
"GO";521970;"Santa Terezinha de Goiás";;20;20;100;"Sim";100;"ALCANÇOU"
"GO";521971;"Santo Antônio da Barra";"X";0;0;0;"Não se aplica";0;"NÃO ALCANÇOU"
"GO";521973;"Santo Antônio de Goiás";"X";0;0;0;"Não se aplica";0;"NÃO ALCANÇOU"
"GO";521975;"Santo Antônio do Descoberto";;7;7;100;"Sim";100;"ALCANÇOU"
"GO";521980;"São Domingos";;4;4;100;"Sim";100;"ALCANÇOU"
"GO";521990;"São Francisco de Goiás";"X";0;0;0;"Não se aplica";0;"NÃO ALCANÇOU"
"GO";522000;"São João d'Aliança";;2;2;100;"Sim";100;"ALCANÇOU"
"GO";522005;"São João da Paraúna";"X";0;0;0;"Não se aplica";0;"NÃO ALCANÇOU"
"GO";522010;"São Luís de Montes Belos";;2;2;100;"Sim";100;"ALCANÇOU"
"GO";522015;"São Luíz do Norte";;14;14;100;"Sim";100;"ALCANÇOU"
"GO";522020;"São Miguel do Araguaia";;17;27;63;"Não";63;"NÃO ALCANÇOU"
"GO";522026;"São Miguel do Passa Quatro";"X";0;0;0;"Não se aplica";0;"NÃO ALCANÇOU"
"GO";522028;"São Patrício";"X";0;0;0;"Não se aplica";0;"NÃO ALCANÇOU"
"GO";522040;"São Simão";"X";0;0;0;"Não se aplica";0;"NÃO ALCANÇOU"
"GO";522045;"Senador Canedo";;96;98;98;"Sim";98;"ALCANÇOU"
"GO";522050;"Serranópolis";"X";0;0;0;"Não se aplica";0;"NÃO ALCANÇOU"
"GO";522060;"Silvânia";;0;0;0;"Não";0;"NÃO ALCANÇOU"
"GO";522068;"Simolândia";;4;4;100;"Sim";100;"ALCANÇOU"
"GO";522070;"Sítio d'Abadia";"X";0;0;0;"Não se aplica";0;"NÃO ALCANÇOU"
"GO";522100;"Taquaral de Goiás";;4;4;100;"Sim";100;"ALCANÇOU"
"GO";522108;"Teresina de Goiás";;2;2;100;"Sim";100;"ALCANÇOU"
"GO";522119;"Terezópolis de Goiás";;4;4;100;"Sim";100;"ALCANÇOU"
"GO";522130;"Três Ranchos";"X";0;0;0;"Não se aplica";0;"NÃO ALCANÇOU"
"GO";522140;"Trindade";;90;89;101,1;"Sim";101,1;"ALCANÇOU"
"GO";522145;"Trombas";;2;2;100;"Sim";100;"ALCANÇOU"
"GO";522150;"Turvânia";"X";0;0;0;"Não se aplica";0;"NÃO ALCANÇOU"
"GO";522155;"Turvelândia";"X";0;0;0;"Não se aplica";0;"NÃO ALCANÇOU"
"GO";522157;"Uirapuru";"X";0;0;0;"Não se aplica";0;"NÃO ALCANÇOU"
"GO";522160;"Uruaçu";;33;37;89,2;"Sim";89,2;"ALCANÇOU"
"GO";522170;"Uruana";;9;9;100;"Sim";100;"ALCANÇOU"
"GO";522180;"Urutaí";"X";0;0;0;"Não se aplica";0;"NÃO ALCANÇOU"
"GO";522185;"Valparaíso de Goiás";;26;26;100;"Sim";100;"ALCANÇOU"
"GO";522190;"Varjão";"X";0;0;0;"Não se aplica";0;"NÃO ALCANÇOU"
"GO";522200;"Vianópolis";;3;3;100;"Sim";100;"ALCANÇOU"
"GO";522205;"Vicentinópolis";"X";0;0;0;"Não se aplica";0;"NÃO ALCANÇOU"
"GO";522220;"Vila Boa";"X";0;0;0;"Não se aplica";0;"NÃO ALCANÇOU"
"GO";522230;"Vila Propício";;1;5;20;"Não";20;"NÃO ALCANÇOU"
"DF";530010;"Brasília";;249;274;90,9;"Sim";90,9;"ALCANÇOU"
