"Região";"UF";"COD_MUN";"Município";"NUM_2025";"DEN_2025";"RES_2025";"RES";"METAS"
"Norte";"RO";110001;"Alta Floresta D'Oeste";4;4;1;100;"ALCANÇOU"
"Norte";"RO";110002;"Ariquemes";3;4;0,75;75;"NÃO ALCANÇOU"
"Norte";"RO";110003;"Cabixi";4;4;1;100;"ALCANÇOU"
"Norte";"RO";110004;"Cacoal";3;4;0,75;75;"NÃO ALCANÇOU"
"Norte";"RO";110005;"Cerejeiras";4;4;1;100;"ALCANÇOU"
"Norte";"RO";110006;"Colorado do Oeste";2;4;0,5;50;"NÃO ALCANÇOU"
"Norte";"RO";110007;"Corumbiara";4;4;1;100;"ALCANÇOU"
"Norte";"RO";110008;"Costa Marques";0;4;0;0;"NÃO ALCANÇOU"
"Norte";"RO";110009;"Espigão D'Oeste";1;4;0,25;25;"NÃO ALCANÇOU"
"Norte";"RO";110010;"Guajará-Mirim";0;4;0;0;"NÃO ALCANÇOU"
"Norte";"RO";110011;"Jaru";4;4;1;100;"ALCANÇOU"
"Norte";"RO";110012;"Ji-Paraná";1;4;0,25;25;"NÃO ALCANÇOU"
"Norte";"RO";110013;"Machadinho D'Oeste";1;4;0,25;25;"NÃO ALCANÇOU"
"Norte";"RO";110014;"Nova Brasilândia D'Oeste";4;4;1;100;"ALCANÇOU"
"Norte";"RO";110015;"Ouro Preto do Oeste";0;4;0;0;"NÃO ALCANÇOU"
"Norte";"RO";110018;"Pimenta Bueno";4;4;1;100;"ALCANÇOU"
"Norte";"RO";110020;"Porto Velho";0;4;0;0;"NÃO ALCANÇOU"
"Norte";"RO";110025;"Presidente Médici";2;4;0,5;50;"NÃO ALCANÇOU"
"Norte";"RO";110026;"Rio Crespo";1;4;0,25;25;"NÃO ALCANÇOU"
"Norte";"RO";110028;"Rolim de Moura";1;4;0,25;25;"NÃO ALCANÇOU"
"Norte";"RO";110029;"Santa Luzia D'Oeste";4;4;1;100;"ALCANÇOU"
"Norte";"RO";110030;"Vilhena";2;4;0,5;50;"NÃO ALCANÇOU"
"Norte";"RO";110032;"São Miguel do Guaporé";4;4;1;100;"ALCANÇOU"
"Norte";"RO";110033;"Nova Mamoré";0;4;0;0;"NÃO ALCANÇOU"
"Norte";"RO";110034;"Alvorada D'Oeste";0;4;0;0;"NÃO ALCANÇOU"
"Norte";"RO";110037;"Alto Alegre dos Parecis";4;4;1;100;"ALCANÇOU"
"Norte";"RO";110040;"Alto Paraíso";4;4;1;100;"ALCANÇOU"
"Norte";"RO";110045;"Buritis";4;4;1;100;"ALCANÇOU"
"Norte";"RO";110050;"Novo Horizonte do Oeste";4;4;1;100;"ALCANÇOU"
"Norte";"RO";110060;"Cacaulândia";1;4;0,25;25;"NÃO ALCANÇOU"
"Norte";"RO";110070;"Campo Novo de Rondônia";4;4;1;100;"ALCANÇOU"
"Norte";"RO";110080;"Candeias do Jamari";0;4;0;0;"NÃO ALCANÇOU"
"Norte";"RO";110090;"Castanheiras";2;4;0,5;50;"NÃO ALCANÇOU"
"Norte";"RO";110092;"Chupinguaia";3;4;0,75;75;"NÃO ALCANÇOU"
"Norte";"RO";110094;"Cujubim";0;4;0;0;"NÃO ALCANÇOU"
"Norte";"RO";110100;"Governador Jorge Teixeira";4;4;1;100;"ALCANÇOU"
"Norte";"RO";110110;"Itapuã do Oeste";0;4;0;0;"NÃO ALCANÇOU"
"Norte";"RO";110120;"Ministro Andreazza";4;4;1;100;"ALCANÇOU"
"Norte";"RO";110130;"Mirante da Serra";0;4;0;0;"NÃO ALCANÇOU"
"Norte";"RO";110140;"Monte Negro";4;4;1;100;"ALCANÇOU"
"Norte";"RO";110143;"Nova União";1;4;0,25;25;"NÃO ALCANÇOU"
"Norte";"RO";110145;"Parecis";4;4;1;100;"ALCANÇOU"
"Norte";"RO";110146;"Pimenteiras do Oeste";1;4;0,25;25;"NÃO ALCANÇOU"
"Norte";"RO";110147;"Primavera de Rondônia";3;4;0,75;75;"NÃO ALCANÇOU"
"Norte";"RO";110148;"São Felipe D'Oeste";3;4;0,75;75;"NÃO ALCANÇOU"
"Norte";"RO";110149;"São Francisco do Guaporé";4;4;1;100;"ALCANÇOU"
"Norte";"RO";110150;"Seringueiras";4;4;1;100;"ALCANÇOU"
"Norte";"RO";110155;"Teixeirópolis";4;4;1;100;"ALCANÇOU"
"Norte";"RO";110160;"Theobroma";1;4;0,25;25;"NÃO ALCANÇOU"
"Norte";"RO";110170;"Urupá";4;4;1;100;"ALCANÇOU"
"Norte";"RO";110175;"Vale do Anari";4;4;1;100;"ALCANÇOU"
"Norte";"RO";110180;"Vale do Paraíso";1;4;0,25;25;"NÃO ALCANÇOU"
"Norte";"AC";120001;"Acrelândia";0;4;0;0;"NÃO ALCANÇOU"
"Norte";"AC";120005;"Assis Brasil";2;4;0,5;50;"NÃO ALCANÇOU"
"Norte";"AC";120010;"Brasiléia";1;4;0,25;25;"NÃO ALCANÇOU"
"Norte";"AC";120013;"Bujari";0;4;0;0;"NÃO ALCANÇOU"
"Norte";"AC";120017;"Capixaba";0;4;0;0;"NÃO ALCANÇOU"
"Norte";"AC";120020;"Cruzeiro do Sul";2;4;0,5;50;"NÃO ALCANÇOU"
"Norte";"AC";120025;"Epitaciolândia";0;4;0;0;"NÃO ALCANÇOU"
"Norte";"AC";120030;"Feijó";0;4;0;0;"NÃO ALCANÇOU"
"Norte";"AC";120032;"Jordão";4;4;1;100;"ALCANÇOU"
"Norte";"AC";120033;"Mâncio Lima";1;4;0,25;25;"NÃO ALCANÇOU"
"Norte";"AC";120034;"Manoel Urbano";0;4;0;0;"NÃO ALCANÇOU"
"Norte";"AC";120035;"Marechal Thaumaturgo";0;4;0;0;"NÃO ALCANÇOU"
"Norte";"AC";120038;"Plácido de Castro";0;4;0;0;"NÃO ALCANÇOU"
"Norte";"AC";120039;"Porto Walter";0;4;0;0;"NÃO ALCANÇOU"
"Norte";"AC";120040;"Rio Branco";2;4;0,5;50;"NÃO ALCANÇOU"
"Norte";"AC";120042;"Rodrigues Alves";0;4;0;0;"NÃO ALCANÇOU"
"Norte";"AC";120043;"Santa Rosa do Purus";0;4;0;0;"NÃO ALCANÇOU"
"Norte";"AC";120045;"Senador Guiomard";0;4;0;0;"NÃO ALCANÇOU"
"Norte";"AC";120050;"Sena Madureira";1;4;0,25;25;"NÃO ALCANÇOU"
"Norte";"AC";120060;"Tarauacá";0;4;0;0;"NÃO ALCANÇOU"
"Norte";"AC";120070;"Xapuri";0;4;0;0;"NÃO ALCANÇOU"
"Norte";"AC";120080;"Porto Acre";0;4;0;0;"NÃO ALCANÇOU"
"Norte";"AM";130002;"Alvarães";3;4;0,75;75;"NÃO ALCANÇOU"
"Norte";"AM";130006;"Amaturá";4;4;1;100;"ALCANÇOU"
"Norte";"AM";130008;"Anamã";3;4;0,75;75;"NÃO ALCANÇOU"
"Norte";"AM";130010;"Anori";1;4;0,25;25;"NÃO ALCANÇOU"
"Norte";"AM";130014;"Apuí";3;4;0,75;75;"NÃO ALCANÇOU"
"Norte";"AM";130020;"Atalaia do Norte";1;4;0,25;25;"NÃO ALCANÇOU"
"Norte";"AM";130030;"Autazes";0;4;0;0;"NÃO ALCANÇOU"
"Norte";"AM";130040;"Barcelos";0;4;0;0;"NÃO ALCANÇOU"
"Norte";"AM";130050;"Barreirinha";0;4;0;0;"NÃO ALCANÇOU"
"Norte";"AM";130060;"Benjamin Constant";0;4;0;0;"NÃO ALCANÇOU"
"Norte";"AM";130063;"Beruri";1;4;0,25;25;"NÃO ALCANÇOU"
"Norte";"AM";130068;"Boa Vista do Ramos";3;4;0,75;75;"NÃO ALCANÇOU"
"Norte";"AM";130070;"Boca do Acre";0;4;0;0;"NÃO ALCANÇOU"
"Norte";"AM";130080;"Borba";0;4;0;0;"NÃO ALCANÇOU"
"Norte";"AM";130083;"Caapiranga";1;4;0,25;25;"NÃO ALCANÇOU"
"Norte";"AM";130090;"Canutama";1;4;0,25;25;"NÃO ALCANÇOU"
"Norte";"AM";130100;"Carauari";0;4;0;0;"NÃO ALCANÇOU"
"Norte";"AM";130110;"Careiro";0;4;0;0;"NÃO ALCANÇOU"
"Norte";"AM";130115;"Careiro da Várzea";1;4;0,25;25;"NÃO ALCANÇOU"
"Norte";"AM";130120;"Coari";0;4;0;0;"NÃO ALCANÇOU"
"Norte";"AM";130130;"Codajás";3;4;0,75;75;"NÃO ALCANÇOU"
"Norte";"AM";130140;"Eirunepé";1;4;0,25;25;"NÃO ALCANÇOU"
"Norte";"AM";130150;"Envira";0;4;0;0;"NÃO ALCANÇOU"
"Norte";"AM";130160;"Fonte Boa";1;4;0,25;25;"NÃO ALCANÇOU"
"Norte";"AM";130165;"Guajará";0;4;0;0;"NÃO ALCANÇOU"
"Norte";"AM";130170;"Humaitá";1;4;0,25;25;"NÃO ALCANÇOU"
"Norte";"AM";130180;"Ipixuna";0;4;0;0;"NÃO ALCANÇOU"
"Norte";"AM";130185;"Iranduba";1;4;0,25;25;"NÃO ALCANÇOU"
"Norte";"AM";130190;"Itacoatiara";1;4;0,25;25;"NÃO ALCANÇOU"
"Norte";"AM";130195;"Itamarati";0;4;0;0;"NÃO ALCANÇOU"
"Norte";"AM";130200;"Itapiranga";4;4;1;100;"ALCANÇOU"
"Norte";"AM";130210;"Japurá";0;4;0;0;"NÃO ALCANÇOU"
"Norte";"AM";130220;"Juruá";0;4;0;0;"NÃO ALCANÇOU"
"Norte";"AM";130230;"Jutaí";0;4;0;0;"NÃO ALCANÇOU"
"Norte";"AM";130240;"Lábrea";0;4;0;0;"NÃO ALCANÇOU"
"Norte";"AM";130250;"Manacapuru";0;4;0;0;"NÃO ALCANÇOU"
"Norte";"AM";130255;"Manaquiri";4;4;1;100;"ALCANÇOU"
"Norte";"AM";130260;"Manaus";1;4;0,25;25;"NÃO ALCANÇOU"
"Norte";"AM";130270;"Manicoré";0;4;0;0;"NÃO ALCANÇOU"
"Norte";"AM";130280;"Maraã";0;4;0;0;"NÃO ALCANÇOU"
"Norte";"AM";130290;"Maués";0;4;0;0;"NÃO ALCANÇOU"
"Norte";"AM";130300;"Nhamundá";1;4;0,25;25;"NÃO ALCANÇOU"
"Norte";"AM";130310;"Nova Olinda do Norte";1;4;0,25;25;"NÃO ALCANÇOU"
"Norte";"AM";130320;"Novo Airão";0;4;0;0;"NÃO ALCANÇOU"
"Norte";"AM";130330;"Novo Aripuanã";1;4;0,25;25;"NÃO ALCANÇOU"
"Norte";"AM";130340;"Parintins";0;4;0;0;"NÃO ALCANÇOU"
"Norte";"AM";130350;"Pauini";0;4;0;0;"NÃO ALCANÇOU"
"Norte";"AM";130353;"Presidente Figueiredo";0;4;0;0;"NÃO ALCANÇOU"
"Norte";"AM";130356;"Rio Preto da Eva";0;4;0;0;"NÃO ALCANÇOU"
"Norte";"AM";130360;"Santa Isabel do Rio Negro";0;4;0;0;"NÃO ALCANÇOU"
"Norte";"AM";130370;"Santo Antônio do Içá";1;4;0,25;25;"NÃO ALCANÇOU"
"Norte";"AM";130380;"São Gabriel da Cachoeira";1;4;0,25;25;"NÃO ALCANÇOU"
"Norte";"AM";130390;"São Paulo de Olivença";1;4;0,25;25;"NÃO ALCANÇOU"
"Norte";"AM";130395;"São Sebastião do Uatumã";3;4;0,75;75;"NÃO ALCANÇOU"
"Norte";"AM";130400;"Silves";3;4;0,75;75;"NÃO ALCANÇOU"
"Norte";"AM";130406;"Tabatinga";0;4;0;0;"NÃO ALCANÇOU"
"Norte";"AM";130410;"Tapauá";0;4;0;0;"NÃO ALCANÇOU"
"Norte";"AM";130420;"Tefé";0;4;0;0;"NÃO ALCANÇOU"
"Norte";"AM";130423;"Tonantins";4;4;1;100;"ALCANÇOU"
"Norte";"AM";130426;"Uarini";4;4;1;100;"ALCANÇOU"
"Norte";"AM";130430;"Urucará";4;4;1;100;"ALCANÇOU"
"Norte";"AM";130440;"Urucurituba";1;4;0,25;25;"NÃO ALCANÇOU"
"Norte";"RR";140002;"Amajari";0;4;0;0;"NÃO ALCANÇOU"
"Norte";"RR";140005;"Alto Alegre";0;4;0;0;"NÃO ALCANÇOU"
"Norte";"RR";140010;"Boa Vista";0;4;0;0;"NÃO ALCANÇOU"
"Norte";"RR";140015;"Bonfim";1;4;0,25;25;"NÃO ALCANÇOU"
"Norte";"RR";140017;"Cantá";0;4;0;0;"NÃO ALCANÇOU"
"Norte";"RR";140020;"Caracaraí";0;4;0;0;"NÃO ALCANÇOU"
"Norte";"RR";140023;"Caroebe";4;4;1;100;"ALCANÇOU"
"Norte";"RR";140028;"Iracema";0;4;0;0;"NÃO ALCANÇOU"
"Norte";"RR";140030;"Mucajaí";0;4;0;0;"NÃO ALCANÇOU"
"Norte";"RR";140040;"Normandia";0;4;0;0;"NÃO ALCANÇOU"
"Norte";"RR";140045;"Pacaraima";4;4;1;100;"ALCANÇOU"
"Norte";"RR";140047;"Rorainópolis";0;4;0;0;"NÃO ALCANÇOU"
"Norte";"RR";140050;"São João da Baliza";4;4;1;100;"ALCANÇOU"
"Norte";"RR";140060;"São Luiz";1;4;0,25;25;"NÃO ALCANÇOU"
"Norte";"RR";140070;"Uiramutã";0;4;0;0;"NÃO ALCANÇOU"
"Norte";"PA";150010;"Abaetetuba";0;4;0;0;"NÃO ALCANÇOU"
"Norte";"PA";150013;"Abel Figueiredo";1;4;0,25;25;"NÃO ALCANÇOU"
"Norte";"PA";150020;"Acará";0;4;0;0;"NÃO ALCANÇOU"
"Norte";"PA";150030;"Afuá";0;4;0;0;"NÃO ALCANÇOU"
"Norte";"PA";150034;"Água Azul do Norte";4;4;1;100;"ALCANÇOU"
"Norte";"PA";150040;"Alenquer";0;4;0;0;"NÃO ALCANÇOU"
"Norte";"PA";150050;"Almeirim";0;4;0;0;"NÃO ALCANÇOU"
"Norte";"PA";150060;"Altamira";1;4;0,25;25;"NÃO ALCANÇOU"
"Norte";"PA";150070;"Anajás";0;4;0;0;"NÃO ALCANÇOU"
"Norte";"PA";150080;"Ananindeua";0;4;0;0;"NÃO ALCANÇOU"
"Norte";"PA";150085;"Anapu";2;4;0,5;50;"NÃO ALCANÇOU"
"Norte";"PA";150090;"Augusto Corrêa";1;4;0,25;25;"NÃO ALCANÇOU"
"Norte";"PA";150095;"Aurora do Pará";0;4;0;0;"NÃO ALCANÇOU"
"Norte";"PA";150100;"Aveiro";1;4;0,25;25;"NÃO ALCANÇOU"
"Norte";"PA";150110;"Bagre";0;4;0;0;"NÃO ALCANÇOU"
"Norte";"PA";150120;"Baião";0;4;0;0;"NÃO ALCANÇOU"
"Norte";"PA";150125;"Bannach";3;4;0,75;75;"NÃO ALCANÇOU"
"Norte";"PA";150130;"Barcarena";1;4;0,25;25;"NÃO ALCANÇOU"
"Norte";"PA";150140;"Belém";0;4;0;0;"NÃO ALCANÇOU"
"Norte";"PA";150145;"Belterra";0;4;0;0;"NÃO ALCANÇOU"
"Norte";"PA";150150;"Benevides";2;4;0,5;50;"NÃO ALCANÇOU"
"Norte";"PA";150157;"Bom Jesus do Tocantins";0;4;0;0;"NÃO ALCANÇOU"
"Norte";"PA";150160;"Bonito";2;4;0,5;50;"NÃO ALCANÇOU"
"Norte";"PA";150170;"Bragança";0;4;0;0;"NÃO ALCANÇOU"
"Norte";"PA";150172;"Brasil Novo";0;4;0;0;"NÃO ALCANÇOU"
"Norte";"PA";150175;"Brejo Grande do Araguaia";4;4;1;100;"ALCANÇOU"
"Norte";"PA";150178;"Breu Branco";0;4;0;0;"NÃO ALCANÇOU"
"Norte";"PA";150180;"Breves";0;4;0;0;"NÃO ALCANÇOU"
"Norte";"PA";150190;"Bujaru";1;4;0,25;25;"NÃO ALCANÇOU"
"Norte";"PA";150195;"Cachoeira do Piriá";1;4;0,25;25;"NÃO ALCANÇOU"
"Norte";"PA";150200;"Cachoeira do Arari";0;4;0;0;"NÃO ALCANÇOU"
"Norte";"PA";150210;"Cametá";0;4;0;0;"NÃO ALCANÇOU"
"Norte";"PA";150215;"Canaã dos Carajás";1;4;0,25;25;"NÃO ALCANÇOU"
"Norte";"PA";150220;"Capanema";0;4;0;0;"NÃO ALCANÇOU"
"Norte";"PA";150230;"Capitão Poço";0;4;0;0;"NÃO ALCANÇOU"
"Norte";"PA";150240;"Castanhal";0;4;0;0;"NÃO ALCANÇOU"
"Norte";"PA";150250;"Chaves";0;4;0;0;"NÃO ALCANÇOU"
"Norte";"PA";150260;"Colares";2;4;0,5;50;"NÃO ALCANÇOU"
"Norte";"PA";150270;"Conceição do Araguaia";0;4;0;0;"NÃO ALCANÇOU"
"Norte";"PA";150275;"Concórdia do Pará";4;4;1;100;"ALCANÇOU"
"Norte";"PA";150276;"Cumaru do Norte";0;4;0;0;"NÃO ALCANÇOU"
"Norte";"PA";150277;"Curionópolis";1;4;0,25;25;"NÃO ALCANÇOU"
"Norte";"PA";150280;"Curralinho";0;4;0;0;"NÃO ALCANÇOU"
"Norte";"PA";150285;"Curuá";4;4;1;100;"ALCANÇOU"
"Norte";"PA";150290;"Curuçá";3;4;0,75;75;"NÃO ALCANÇOU"
"Norte";"PA";150293;"Dom Eliseu";0;4;0;0;"NÃO ALCANÇOU"
"Norte";"PA";150295;"Eldorado do Carajás";2;4;0,5;50;"NÃO ALCANÇOU"
"Norte";"PA";150300;"Faro";4;4;1;100;"ALCANÇOU"
"Norte";"PA";150304;"Floresta do Araguaia";2;4;0,5;50;"NÃO ALCANÇOU"
"Norte";"PA";150307;"Garrafão do Norte";4;4;1;100;"ALCANÇOU"
"Norte";"PA";150309;"Goianésia do Pará";0;4;0;0;"NÃO ALCANÇOU"
"Norte";"PA";150310;"Gurupá";0;4;0;0;"NÃO ALCANÇOU"
"Norte";"PA";150320;"Igarapé-Açu";1;4;0,25;25;"NÃO ALCANÇOU"
"Norte";"PA";150330;"Igarapé-Miri";0;4;0;0;"NÃO ALCANÇOU"
"Norte";"PA";150340;"Inhangapi";3;4;0,75;75;"NÃO ALCANÇOU"
"Norte";"PA";150345;"Ipixuna do Pará";0;4;0;0;"NÃO ALCANÇOU"
"Norte";"PA";150350;"Irituia";1;4;0,25;25;"NÃO ALCANÇOU"
"Norte";"PA";150360;"Itaituba";0;4;0;0;"NÃO ALCANÇOU"
"Norte";"PA";150370;"Itupiranga";0;4;0;0;"NÃO ALCANÇOU"
"Norte";"PA";150375;"Jacareacanga";0;4;0;0;"NÃO ALCANÇOU"
"Norte";"PA";150380;"Jacundá";0;4;0;0;"NÃO ALCANÇOU"
"Norte";"PA";150390;"Juruti";0;4;0;0;"NÃO ALCANÇOU"
"Norte";"PA";150400;"Limoeiro do Ajuru";1;4;0,25;25;"NÃO ALCANÇOU"
"Norte";"PA";150405;"Mãe do Rio";2;4;0,5;50;"NÃO ALCANÇOU"
"Norte";"PA";150410;"Magalhães Barata";1;4;0,25;25;"NÃO ALCANÇOU"
"Norte";"PA";150420;"Marabá";0;4;0;0;"NÃO ALCANÇOU"
"Norte";"PA";150430;"Maracanã";0;4;0;0;"NÃO ALCANÇOU"
"Norte";"PA";150440;"Marapanim";0;4;0;0;"NÃO ALCANÇOU"
"Norte";"PA";150442;"Marituba";0;4;0;0;"NÃO ALCANÇOU"
"Norte";"PA";150445;"Medicilândia";2;4;0,5;50;"NÃO ALCANÇOU"
"Norte";"PA";150450;"Melgaço";0;4;0;0;"NÃO ALCANÇOU"
"Norte";"PA";150460;"Mocajuba";2;4;0,5;50;"NÃO ALCANÇOU"
"Norte";"PA";150470;"Moju";0;4;0;0;"NÃO ALCANÇOU"
"Norte";"PA";150475;"Mojuí dos Campos";4;4;1;100;"ALCANÇOU"
"Norte";"PA";150480;"Monte Alegre";0;4;0;0;"NÃO ALCANÇOU"
"Norte";"PA";150490;"Muaná";0;4;0;0;"NÃO ALCANÇOU"
"Norte";"PA";150495;"Nova Esperança do Piriá";3;4;0,75;75;"NÃO ALCANÇOU"
"Norte";"PA";150497;"Nova Ipixuna";4;4;1;100;"ALCANÇOU"
"Norte";"PA";150500;"Nova Timboteua";4;4;1;100;"ALCANÇOU"
"Norte";"PA";150503;"Novo Progresso";1;4;0,25;25;"NÃO ALCANÇOU"
"Norte";"PA";150506;"Novo Repartimento";1;4;0,25;25;"NÃO ALCANÇOU"
"Norte";"PA";150510;"Óbidos";0;4;0;0;"NÃO ALCANÇOU"
"Norte";"PA";150520;"Oeiras do Pará";0;4;0;0;"NÃO ALCANÇOU"
"Norte";"PA";150530;"Oriximiná";0;4;0;0;"NÃO ALCANÇOU"
"Norte";"PA";150540;"Ourém";0;4;0;0;"NÃO ALCANÇOU"
"Norte";"PA";150543;"Ourilândia do Norte";0;4;0;0;"NÃO ALCANÇOU"
"Norte";"PA";150548;"Pacajá";1;4;0,25;25;"NÃO ALCANÇOU"
"Norte";"PA";150549;"Palestina do Pará";0;4;0;0;"NÃO ALCANÇOU"
"Norte";"PA";150550;"Paragominas";0;4;0;0;"NÃO ALCANÇOU"
"Norte";"PA";150553;"Parauapebas";1;4;0,25;25;"NÃO ALCANÇOU"
"Norte";"PA";150555;"Pau D'Arco";1;4;0,25;25;"NÃO ALCANÇOU"
"Norte";"PA";150560;"Peixe-Boi";3;4;0,75;75;"NÃO ALCANÇOU"
"Norte";"PA";150563;"Piçarra";4;4;1;100;"ALCANÇOU"
"Norte";"PA";150565;"Placas";0;4;0;0;"NÃO ALCANÇOU"
"Norte";"PA";150570;"Ponta de Pedras";1;4;0,25;25;"NÃO ALCANÇOU"
"Norte";"PA";150580;"Portel";0;4;0;0;"NÃO ALCANÇOU"
"Norte";"PA";150590;"Porto de Moz";0;4;0;0;"NÃO ALCANÇOU"
"Norte";"PA";150600;"Prainha";0;4;0;0;"NÃO ALCANÇOU"
"Norte";"PA";150610;"Primavera";2;4;0,5;50;"NÃO ALCANÇOU"
"Norte";"PA";150611;"Quatipuru";1;4;0,25;25;"NÃO ALCANÇOU"
"Norte";"PA";150613;"Redenção";1;4;0,25;25;"NÃO ALCANÇOU"
"Norte";"PA";150616;"Rio Maria";0;4;0;0;"NÃO ALCANÇOU"
"Norte";"PA";150618;"Rondon do Pará";1;4;0,25;25;"NÃO ALCANÇOU"
"Norte";"PA";150619;"Rurópolis";0;4;0;0;"NÃO ALCANÇOU"
"Norte";"PA";150620;"Salinópolis";0;4;0;0;"NÃO ALCANÇOU"
"Norte";"PA";150630;"Salvaterra";0;4;0;0;"NÃO ALCANÇOU"
"Norte";"PA";150635;"Santa Bárbara do Pará";0;4;0;0;"NÃO ALCANÇOU"
"Norte";"PA";150640;"Santa Cruz do Arari";0;4;0;0;"NÃO ALCANÇOU"
"Norte";"PA";150650;"Santa Izabel do Pará";0;4;0;0;"NÃO ALCANÇOU"
"Norte";"PA";150655;"Santa Luzia do Pará";4;4;1;100;"ALCANÇOU"
"Norte";"PA";150658;"Santa Maria das Barreiras";1;4;0,25;25;"NÃO ALCANÇOU"
"Norte";"PA";150660;"Santa Maria do Pará";1;4;0,25;25;"NÃO ALCANÇOU"
"Norte";"PA";150670;"Santana do Araguaia";0;4;0;0;"NÃO ALCANÇOU"
"Norte";"PA";150680;"Santarém";0;4;0;0;"NÃO ALCANÇOU"
"Norte";"PA";150690;"Santarém Novo";4;4;1;100;"ALCANÇOU"
"Norte";"PA";150700;"Santo Antônio do Tauá";0;4;0;0;"NÃO ALCANÇOU"
"Norte";"PA";150710;"São Caetano de Odivelas";3;4;0,75;75;"NÃO ALCANÇOU"
"Norte";"PA";150715;"São Domingos do Araguaia";0;4;0;0;"NÃO ALCANÇOU"
"Norte";"PA";150720;"São Domingos do Capim";3;4;0,75;75;"NÃO ALCANÇOU"
"Norte";"PA";150730;"São Félix do Xingu";0;4;0;0;"NÃO ALCANÇOU"
"Norte";"PA";150740;"São Francisco do Pará";0;4;0;0;"NÃO ALCANÇOU"
"Norte";"PA";150745;"São Geraldo do Araguaia";0;4;0;0;"NÃO ALCANÇOU"
"Norte";"PA";150746;"São João da Ponta";1;4;0,25;25;"NÃO ALCANÇOU"
"Norte";"PA";150747;"São João de Pirabas";0;4;0;0;"NÃO ALCANÇOU"
"Norte";"PA";150750;"São João do Araguaia";0;4;0;0;"NÃO ALCANÇOU"
"Norte";"PA";150760;"São Miguel do Guamá";1;4;0,25;25;"NÃO ALCANÇOU"
"Norte";"PA";150770;"São Sebastião da Boa Vista";3;4;0,75;75;"NÃO ALCANÇOU"
"Norte";"PA";150775;"Sapucaia";1;4;0,25;25;"NÃO ALCANÇOU"
"Norte";"PA";150780;"Senador José Porfírio";0;4;0;0;"NÃO ALCANÇOU"
"Norte";"PA";150790;"Soure";1;4;0,25;25;"NÃO ALCANÇOU"
"Norte";"PA";150795;"Tailândia";1;4;0,25;25;"NÃO ALCANÇOU"
"Norte";"PA";150796;"Terra Alta";0;4;0;0;"NÃO ALCANÇOU"
"Norte";"PA";150797;"Terra Santa";2;4;0,5;50;"NÃO ALCANÇOU"
"Norte";"PA";150800;"Tomé-Açu";0;4;0;0;"NÃO ALCANÇOU"
"Norte";"PA";150803;"Tracuateua";2;4;0,5;50;"NÃO ALCANÇOU"
"Norte";"PA";150805;"Trairão";0;4;0;0;"NÃO ALCANÇOU"
"Norte";"PA";150808;"Tucumã";1;4;0,25;25;"NÃO ALCANÇOU"
"Norte";"PA";150810;"Tucuruí";0;4;0;0;"NÃO ALCANÇOU"
"Norte";"PA";150812;"Ulianópolis";1;4;0,25;25;"NÃO ALCANÇOU"
"Norte";"PA";150815;"Uruará";0;4;0;0;"NÃO ALCANÇOU"
"Norte";"PA";150820;"Vigia";0;4;0;0;"NÃO ALCANÇOU"
"Norte";"PA";150830;"Viseu";0;4;0;0;"NÃO ALCANÇOU"
"Norte";"PA";150835;"Vitória do Xingu";0;4;0;0;"NÃO ALCANÇOU"
"Norte";"PA";150840;"Xinguara";1;4;0,25;25;"NÃO ALCANÇOU"
"Norte";"AP";160005;"Serra do Navio";2;4;0,5;50;"NÃO ALCANÇOU"
"Norte";"AP";160010;"Amapá";0;4;0;0;"NÃO ALCANÇOU"
"Norte";"AP";160015;"Pedra Branca do Amapari";0;4;0;0;"NÃO ALCANÇOU"
"Norte";"AP";160020;"Calçoene";1;4;0,25;25;"NÃO ALCANÇOU"
"Norte";"AP";160021;"Cutias";0;4;0;0;"NÃO ALCANÇOU"
"Norte";"AP";160023;"Ferreira Gomes";0;4;0;0;"NÃO ALCANÇOU"
"Norte";"AP";160025;"Itaubal";0;4;0;0;"NÃO ALCANÇOU"
"Norte";"AP";160027;"Laranjal do Jari";0;4;0;0;"NÃO ALCANÇOU"
"Norte";"AP";160030;"Macapá";0;4;0;0;"NÃO ALCANÇOU"
"Norte";"AP";160040;"Mazagão";0;4;0;0;"NÃO ALCANÇOU"
"Norte";"AP";160050;"Oiapoque";0;4;0;0;"NÃO ALCANÇOU"
"Norte";"AP";160053;"Porto Grande";0;4;0;0;"NÃO ALCANÇOU"
"Norte";"AP";160055;"Pracuúba";2;4;0,5;50;"NÃO ALCANÇOU"
"Norte";"AP";160060;"Santana";0;4;0;0;"NÃO ALCANÇOU"
"Norte";"AP";160070;"Tartarugalzinho";2;4;0,5;50;"NÃO ALCANÇOU"
"Norte";"AP";160080;"Vitória do Jari";1;4;0,25;25;"NÃO ALCANÇOU"
"Norte";"TO";170025;"Abreulândia";4;4;1;100;"ALCANÇOU"
"Norte";"TO";170030;"Aguiarnópolis";4;4;1;100;"ALCANÇOU"
"Norte";"TO";170035;"Aliança do Tocantins";4;4;1;100;"ALCANÇOU"
"Norte";"TO";170040;"Almas";4;4;1;100;"ALCANÇOU"
"Norte";"TO";170070;"Alvorada";1;4;0,25;25;"NÃO ALCANÇOU"
"Norte";"TO";170100;"Ananás";4;4;1;100;"ALCANÇOU"
"Norte";"TO";170105;"Angico";2;4;0,5;50;"NÃO ALCANÇOU"
"Norte";"TO";170110;"Aparecida do Rio Negro";3;4;0,75;75;"NÃO ALCANÇOU"
"Norte";"TO";170130;"Aragominas";3;4;0,75;75;"NÃO ALCANÇOU"
"Norte";"TO";170190;"Araguacema";1;4;0,25;25;"NÃO ALCANÇOU"
"Norte";"TO";170200;"Araguaçu";4;4;1;100;"ALCANÇOU"
"Norte";"TO";170210;"Araguaína";0;4;0;0;"NÃO ALCANÇOU"
"Norte";"TO";170215;"Araguanã";2;4;0,5;50;"NÃO ALCANÇOU"
"Norte";"TO";170220;"Araguatins";0;4;0;0;"NÃO ALCANÇOU"
"Norte";"TO";170230;"Arapoema";1;4;0,25;25;"NÃO ALCANÇOU"
"Norte";"TO";170240;"Arraias";1;4;0,25;25;"NÃO ALCANÇOU"
"Norte";"TO";170255;"Augustinópolis";2;4;0,5;50;"NÃO ALCANÇOU"
"Norte";"TO";170270;"Aurora do Tocantins";0;4;0;0;"NÃO ALCANÇOU"
"Norte";"TO";170290;"Axixá do Tocantins";4;4;1;100;"ALCANÇOU"
"Norte";"TO";170300;"Babaçulândia";0;4;0;0;"NÃO ALCANÇOU"
"Norte";"TO";170305;"Bandeirantes do Tocantins";4;4;1;100;"ALCANÇOU"
"Norte";"TO";170307;"Barra do Ouro";1;4;0,25;25;"NÃO ALCANÇOU"
"Norte";"TO";170310;"Barrolândia";3;4;0,75;75;"NÃO ALCANÇOU"
"Norte";"TO";170320;"Bernardo Sayão";3;4;0,75;75;"NÃO ALCANÇOU"
"Norte";"TO";170330;"Bom Jesus do Tocantins";4;4;1;100;"ALCANÇOU"
"Norte";"TO";170360;"Brasilândia do Tocantins";4;4;1;100;"ALCANÇOU"
"Norte";"TO";170370;"Brejinho de Nazaré";2;4;0,5;50;"NÃO ALCANÇOU"
"Norte";"TO";170380;"Buriti do Tocantins";4;4;1;100;"ALCANÇOU"
"Norte";"TO";170382;"Cachoeirinha";4;4;1;100;"ALCANÇOU"
"Norte";"TO";170384;"Campos Lindos";4;4;1;100;"ALCANÇOU"
"Norte";"TO";170386;"Cariri do Tocantins";1;4;0,25;25;"NÃO ALCANÇOU"
"Norte";"TO";170388;"Carmolândia";3;4;0,75;75;"NÃO ALCANÇOU"
"Norte";"TO";170389;"Carrasco Bonito";4;4;1;100;"ALCANÇOU"
"Norte";"TO";170390;"Caseara";3;4;0,75;75;"NÃO ALCANÇOU"
"Norte";"TO";170410;"Centenário";4;4;1;100;"ALCANÇOU"
"Norte";"TO";170460;"Chapada de Areia";4;4;1;100;"ALCANÇOU"
"Norte";"TO";170510;"Chapada da Natividade";4;4;1;100;"ALCANÇOU"
"Norte";"TO";170550;"Colinas do Tocantins";1;4;0,25;25;"NÃO ALCANÇOU"
"Norte";"TO";170555;"Combinado";0;4;0;0;"NÃO ALCANÇOU"
"Norte";"TO";170560;"Conceição do Tocantins";4;4;1;100;"ALCANÇOU"
"Norte";"TO";170600;"Couto Magalhães";4;4;1;100;"ALCANÇOU"
"Norte";"TO";170610;"Cristalândia";0;4;0;0;"NÃO ALCANÇOU"
"Norte";"TO";170625;"Crixás do Tocantins";1;4;0,25;25;"NÃO ALCANÇOU"
"Norte";"TO";170650;"Darcinópolis";3;4;0,75;75;"NÃO ALCANÇOU"
"Norte";"TO";170700;"Dianópolis";2;4;0,5;50;"NÃO ALCANÇOU"
"Norte";"TO";170710;"Divinópolis do Tocantins";1;4;0,25;25;"NÃO ALCANÇOU"
"Norte";"TO";170720;"Dois Irmãos do Tocantins";4;4;1;100;"ALCANÇOU"
"Norte";"TO";170730;"Dueré";4;4;1;100;"ALCANÇOU"
"Norte";"TO";170740;"Esperantina";4;4;1;100;"ALCANÇOU"
"Norte";"TO";170755;"Fátima";1;4;0,25;25;"NÃO ALCANÇOU"
"Norte";"TO";170765;"Figueirópolis";2;4;0,5;50;"NÃO ALCANÇOU"
"Norte";"TO";170770;"Filadélfia";1;4;0,25;25;"NÃO ALCANÇOU"
"Norte";"TO";170820;"Formoso do Araguaia";1;4;0,25;25;"NÃO ALCANÇOU"
"Norte";"TO";170825;"Tabocão";4;4;1;100;"ALCANÇOU"
"Norte";"TO";170830;"Goianorte";4;4;1;100;"ALCANÇOU"
"Norte";"TO";170900;"Goiatins";4;4;1;100;"ALCANÇOU"
"Norte";"TO";170930;"Guaraí";2;4;0,5;50;"NÃO ALCANÇOU"
"Norte";"TO";170950;"Gurupi";0;4;0;0;"NÃO ALCANÇOU"
"Norte";"TO";170980;"Ipueiras";2;4;0,5;50;"NÃO ALCANÇOU"
"Norte";"TO";171050;"Itacajá";0;4;0;0;"NÃO ALCANÇOU"
"Norte";"TO";171070;"Itaguatins";3;4;0,75;75;"NÃO ALCANÇOU"
"Norte";"TO";171090;"Itapiratins";4;4;1;100;"ALCANÇOU"
"Norte";"TO";171110;"Itaporã do Tocantins";0;4;0;0;"NÃO ALCANÇOU"
"Norte";"TO";171150;"Jaú do Tocantins";2;4;0,5;50;"NÃO ALCANÇOU"
"Norte";"TO";171180;"Juarina";4;4;1;100;"ALCANÇOU"
"Norte";"TO";171190;"Lagoa da Confusão";0;4;0;0;"NÃO ALCANÇOU"
"Norte";"TO";171195;"Lagoa do Tocantins";4;4;1;100;"ALCANÇOU"
"Norte";"TO";171200;"Lajeado";4;4;1;100;"ALCANÇOU"
"Norte";"TO";171215;"Lavandeira";3;4;0,75;75;"NÃO ALCANÇOU"
"Norte";"TO";171240;"Lizarda";1;4;0,25;25;"NÃO ALCANÇOU"
"Norte";"TO";171245;"Luzinópolis";4;4;1;100;"ALCANÇOU"
"Norte";"TO";171250;"Marianópolis do Tocantins";0;4;0;0;"NÃO ALCANÇOU"
"Norte";"TO";171270;"Mateiros";2;4;0,5;50;"NÃO ALCANÇOU"
"Norte";"TO";171280;"Maurilândia do Tocantins";2;4;0,5;50;"NÃO ALCANÇOU"
"Norte";"TO";171320;"Miracema do Tocantins";0;4;0;0;"NÃO ALCANÇOU"
"Norte";"TO";171330;"Miranorte";4;4;1;100;"ALCANÇOU"
"Norte";"TO";171360;"Monte do Carmo";0;4;0;0;"NÃO ALCANÇOU"
"Norte";"TO";171370;"Monte Santo do Tocantins";1;4;0,25;25;"NÃO ALCANÇOU"
"Norte";"TO";171380;"Palmeiras do Tocantins";4;4;1;100;"ALCANÇOU"
"Norte";"TO";171395;"Muricilândia";1;4;0,25;25;"NÃO ALCANÇOU"
"Norte";"TO";171420;"Natividade";1;4;0,25;25;"NÃO ALCANÇOU"
"Norte";"TO";171430;"Nazaré";0;4;0;0;"NÃO ALCANÇOU"
"Norte";"TO";171488;"Nova Olinda";2;4;0,5;50;"NÃO ALCANÇOU"
"Norte";"TO";171500;"Nova Rosalândia";2;4;0,5;50;"NÃO ALCANÇOU"
"Norte";"TO";171510;"Novo Acordo";2;4;0,5;50;"NÃO ALCANÇOU"
"Norte";"TO";171515;"Novo Alegre";4;4;1;100;"ALCANÇOU"
"Norte";"TO";171525;"Novo Jardim";1;4;0,25;25;"NÃO ALCANÇOU"
"Norte";"TO";171550;"Oliveira de Fátima";4;4;1;100;"ALCANÇOU"
"Norte";"TO";171570;"Palmeirante";4;4;1;100;"ALCANÇOU"
"Norte";"TO";171575;"Palmeirópolis";4;4;1;100;"ALCANÇOU"
"Norte";"TO";171610;"Paraíso do Tocantins";0;4;0;0;"NÃO ALCANÇOU"
"Norte";"TO";171620;"Paranã";1;4;0,25;25;"NÃO ALCANÇOU"
"Norte";"TO";171630;"Pau D'Arco";0;4;0;0;"NÃO ALCANÇOU"
"Norte";"TO";171650;"Pedro Afonso";0;4;0;0;"NÃO ALCANÇOU"
"Norte";"TO";171660;"Peixe";1;4;0,25;25;"NÃO ALCANÇOU"
"Norte";"TO";171665;"Pequizeiro";4;4;1;100;"ALCANÇOU"
"Norte";"TO";171670;"Colméia";0;4;0;0;"NÃO ALCANÇOU"
"Norte";"TO";171700;"Pindorama do Tocantins";4;4;1;100;"ALCANÇOU"
"Norte";"TO";171720;"Piraquê";1;4;0,25;25;"NÃO ALCANÇOU"
"Norte";"TO";171750;"Pium";3;4;0,75;75;"NÃO ALCANÇOU"
"Norte";"TO";171780;"Ponte Alta do Bom Jesus";3;4;0,75;75;"NÃO ALCANÇOU"
"Norte";"TO";171790;"Ponte Alta do Tocantins";0;4;0;0;"NÃO ALCANÇOU"
"Norte";"TO";171800;"Porto Alegre do Tocantins";4;4;1;100;"ALCANÇOU"
"Norte";"TO";171820;"Porto Nacional";2;4;0,5;50;"NÃO ALCANÇOU"
"Norte";"TO";171830;"Praia Norte";1;4;0,25;25;"NÃO ALCANÇOU"
"Norte";"TO";171840;"Presidente Kennedy";4;4;1;100;"ALCANÇOU"
"Norte";"TO";171845;"Pugmil";1;4;0,25;25;"NÃO ALCANÇOU"
"Norte";"TO";171850;"Recursolândia";4;4;1;100;"ALCANÇOU"
"Norte";"TO";171855;"Riachinho";0;4;0;0;"NÃO ALCANÇOU"
"Norte";"TO";171865;"Rio da Conceição";4;4;1;100;"ALCANÇOU"
"Norte";"TO";171870;"Rio dos Bois";1;4;0,25;25;"NÃO ALCANÇOU"
"Norte";"TO";171875;"Rio Sono";4;4;1;100;"ALCANÇOU"
"Norte";"TO";171880;"Sampaio";4;4;1;100;"ALCANÇOU"
"Norte";"TO";171884;"Sandolândia";4;4;1;100;"ALCANÇOU"
"Norte";"TO";171886;"Santa Fé do Araguaia";1;4;0,25;25;"NÃO ALCANÇOU"
"Norte";"TO";171888;"Santa Maria do Tocantins";0;4;0;0;"NÃO ALCANÇOU"
"Norte";"TO";171889;"Santa Rita do Tocantins";4;4;1;100;"ALCANÇOU"
"Norte";"TO";171890;"Santa Rosa do Tocantins";4;4;1;100;"ALCANÇOU"
"Norte";"TO";171900;"Santa Tereza do Tocantins";1;4;0,25;25;"NÃO ALCANÇOU"
"Norte";"TO";172000;"Santa Terezinha do Tocantins";0;4;0;0;"NÃO ALCANÇOU"
"Norte";"TO";172010;"São Bento do Tocantins";3;4;0,75;75;"NÃO ALCANÇOU"
"Norte";"TO";172015;"São Félix do Tocantins";2;4;0,5;50;"NÃO ALCANÇOU"
"Norte";"TO";172020;"São Miguel do Tocantins";4;4;1;100;"ALCANÇOU"
"Norte";"TO";172025;"São Salvador do Tocantins";4;4;1;100;"ALCANÇOU"
"Norte";"TO";172030;"São Sebastião do Tocantins";1;4;0,25;25;"NÃO ALCANÇOU"
"Norte";"TO";172049;"São Valério";1;4;0,25;25;"NÃO ALCANÇOU"
"Norte";"TO";172065;"Silvanópolis";1;4;0,25;25;"NÃO ALCANÇOU"
"Norte";"TO";172080;"Sítio Novo do Tocantins";1;4;0,25;25;"NÃO ALCANÇOU"
"Norte";"TO";172085;"Sucupira";4;4;1;100;"ALCANÇOU"
"Norte";"TO";172090;"Taguatinga";4;4;1;100;"ALCANÇOU"
"Norte";"TO";172093;"Taipas do Tocantins";3;4;0,75;75;"NÃO ALCANÇOU"
"Norte";"TO";172097;"Talismã";4;4;1;100;"ALCANÇOU"
"Norte";"TO";172100;"Palmas";1;4;0,25;25;"NÃO ALCANÇOU"
"Norte";"TO";172110;"Tocantínia";3;4;0,75;75;"NÃO ALCANÇOU"
"Norte";"TO";172120;"Tocantinópolis";1;4;0,25;25;"NÃO ALCANÇOU"
"Norte";"TO";172125;"Tupirama";0;4;0;0;"NÃO ALCANÇOU"
"Norte";"TO";172130;"Tupiratins";2;4;0,5;50;"NÃO ALCANÇOU"
"Norte";"TO";172208;"Wanderlândia";2;4;0,5;50;"NÃO ALCANÇOU"
"Norte";"TO";172210;"Xambioá";1;4;0,25;25;"NÃO ALCANÇOU"
"Nordeste";"MA";210005;"Açailândia";0;4;0;0;"NÃO ALCANÇOU"
"Nordeste";"MA";210010;"Afonso Cunha";4;4;1;100;"ALCANÇOU"
"Nordeste";"MA";210015;"Água Doce do Maranhão";4;4;1;100;"ALCANÇOU"
"Nordeste";"MA";210020;"Alcântara";3;4;0,75;75;"NÃO ALCANÇOU"
"Nordeste";"MA";210030;"Aldeias Altas";0;4;0;0;"NÃO ALCANÇOU"
"Nordeste";"MA";210040;"Altamira do Maranhão";3;4;0,75;75;"NÃO ALCANÇOU"
"Nordeste";"MA";210043;"Alto Alegre do Maranhão";0;4;0;0;"NÃO ALCANÇOU"
"Nordeste";"MA";210047;"Alto Alegre do Pindaré";3;4;0,75;75;"NÃO ALCANÇOU"
"Nordeste";"MA";210050;"Alto Parnaíba";2;4;0,5;50;"NÃO ALCANÇOU"
"Nordeste";"MA";210055;"Amapá do Maranhão";1;4;0,25;25;"NÃO ALCANÇOU"
"Nordeste";"MA";210060;"Amarante do Maranhão";0;4;0;0;"NÃO ALCANÇOU"
"Nordeste";"MA";210070;"Anajatuba";4;4;1;100;"ALCANÇOU"
"Nordeste";"MA";210080;"Anapurus";1;4;0,25;25;"NÃO ALCANÇOU"
"Nordeste";"MA";210083;"Apicum-Açu";4;4;1;100;"ALCANÇOU"
"Nordeste";"MA";210087;"Araguanã";0;4;0;0;"NÃO ALCANÇOU"
"Nordeste";"MA";210090;"Araioses";4;4;1;100;"ALCANÇOU"
"Nordeste";"MA";210095;"Arame";0;4;0;0;"NÃO ALCANÇOU"
"Nordeste";"MA";210100;"Arari";3;4;0,75;75;"NÃO ALCANÇOU"
"Nordeste";"MA";210110;"Axixá";4;4;1;100;"ALCANÇOU"
"Nordeste";"MA";210120;"Bacabal";0;4;0;0;"NÃO ALCANÇOU"
"Nordeste";"MA";210125;"Bacabeira";0;4;0;0;"NÃO ALCANÇOU"
"Nordeste";"MA";210130;"Bacuri";0;4;0;0;"NÃO ALCANÇOU"
"Nordeste";"MA";210135;"Bacurituba";4;4;1;100;"ALCANÇOU"
"Nordeste";"MA";210140;"Balsas";0;4;0;0;"NÃO ALCANÇOU"
"Nordeste";"MA";210150;"Barão de Grajaú";1;4;0,25;25;"NÃO ALCANÇOU"
"Nordeste";"MA";210160;"Barra do Corda";0;4;0;0;"NÃO ALCANÇOU"
"Nordeste";"MA";210170;"Barreirinhas";3;4;0,75;75;"NÃO ALCANÇOU"
"Nordeste";"MA";210173;"Belágua";4;4;1;100;"ALCANÇOU"
"Nordeste";"MA";210177;"Bela Vista do Maranhão";1;4;0,25;25;"NÃO ALCANÇOU"
"Nordeste";"MA";210180;"Benedito Leite";1;4;0,25;25;"NÃO ALCANÇOU"
"Nordeste";"MA";210190;"Bequimão";0;4;0;0;"NÃO ALCANÇOU"
"Nordeste";"MA";210193;"Bernardo do Mearim";4;4;1;100;"ALCANÇOU"
"Nordeste";"MA";210197;"Boa Vista do Gurupi";1;4;0,25;25;"NÃO ALCANÇOU"
"Nordeste";"MA";210200;"Bom Jardim";0;4;0;0;"NÃO ALCANÇOU"
"Nordeste";"MA";210203;"Bom Jesus das Selvas";0;4;0;0;"NÃO ALCANÇOU"
"Nordeste";"MA";210207;"Bom Lugar";4;4;1;100;"ALCANÇOU"
"Nordeste";"MA";210210;"Brejo";1;4;0,25;25;"NÃO ALCANÇOU"
"Nordeste";"MA";210215;"Brejo de Areia";4;4;1;100;"ALCANÇOU"
"Nordeste";"MA";210220;"Buriti";4;4;1;100;"ALCANÇOU"
"Nordeste";"MA";210230;"Buriti Bravo";0;4;0;0;"NÃO ALCANÇOU"
"Nordeste";"MA";210232;"Buriticupu";2;4;0,5;50;"NÃO ALCANÇOU"
"Nordeste";"MA";210235;"Buritirana";1;4;0,25;25;"NÃO ALCANÇOU"
"Nordeste";"MA";210237;"Cachoeira Grande";1;4;0,25;25;"NÃO ALCANÇOU"
"Nordeste";"MA";210240;"Cajapió";3;4;0,75;75;"NÃO ALCANÇOU"
"Nordeste";"MA";210250;"Cajari";0;4;0;0;"NÃO ALCANÇOU"
"Nordeste";"MA";210255;"Campestre do Maranhão";1;4;0,25;25;"NÃO ALCANÇOU"
"Nordeste";"MA";210260;"Cândido Mendes";1;4;0,25;25;"NÃO ALCANÇOU"
"Nordeste";"MA";210270;"Cantanhede";4;4;1;100;"ALCANÇOU"
"Nordeste";"MA";210275;"Capinzal do Norte";0;4;0;0;"NÃO ALCANÇOU"
"Nordeste";"MA";210280;"Carolina";0;4;0;0;"NÃO ALCANÇOU"
"Nordeste";"MA";210290;"Carutapera";3;4;0,75;75;"NÃO ALCANÇOU"
"Nordeste";"MA";210300;"Caxias";0;4;0;0;"NÃO ALCANÇOU"
"Nordeste";"MA";210310;"Cedral";0;4;0;0;"NÃO ALCANÇOU"
"Nordeste";"MA";210312;"Central do Maranhão";1;4;0,25;25;"NÃO ALCANÇOU"
"Nordeste";"MA";210315;"Centro do Guilherme";1;4;0,25;25;"NÃO ALCANÇOU"
"Nordeste";"MA";210317;"Centro Novo do Maranhão";4;4;1;100;"ALCANÇOU"
"Nordeste";"MA";210320;"Chapadinha";0;4;0;0;"NÃO ALCANÇOU"
"Nordeste";"MA";210325;"Cidelândia";4;4;1;100;"ALCANÇOU"
"Nordeste";"MA";210330;"Codó";0;4;0;0;"NÃO ALCANÇOU"
"Nordeste";"MA";210340;"Coelho Neto";1;4;0,25;25;"NÃO ALCANÇOU"
"Nordeste";"MA";210350;"Colinas";0;4;0;0;"NÃO ALCANÇOU"
"Nordeste";"MA";210355;"Conceição do Lago-Açu";4;4;1;100;"ALCANÇOU"
"Nordeste";"MA";210360;"Coroatá";0;4;0;0;"NÃO ALCANÇOU"
"Nordeste";"MA";210370;"Cururupu";0;4;0;0;"NÃO ALCANÇOU"
"Nordeste";"MA";210375;"Davinópolis";1;4;0,25;25;"NÃO ALCANÇOU"
"Nordeste";"MA";210380;"Dom Pedro";0;4;0;0;"NÃO ALCANÇOU"
"Nordeste";"MA";210390;"Duque Bacelar";4;4;1;100;"ALCANÇOU"
"Nordeste";"MA";210400;"Esperantinópolis";1;4;0,25;25;"NÃO ALCANÇOU"
"Nordeste";"MA";210405;"Estreito";0;4;0;0;"NÃO ALCANÇOU"
"Nordeste";"MA";210407;"Feira Nova do Maranhão";3;4;0,75;75;"NÃO ALCANÇOU"
"Nordeste";"MA";210408;"Fernando Falcão";0;4;0;0;"NÃO ALCANÇOU"
"Nordeste";"MA";210409;"Formosa da Serra Negra";4;4;1;100;"ALCANÇOU"
"Nordeste";"MA";210410;"Fortaleza dos Nogueiras";2;4;0,5;50;"NÃO ALCANÇOU"
"Nordeste";"MA";210420;"Fortuna";1;4;0,25;25;"NÃO ALCANÇOU"
"Nordeste";"MA";210430;"Godofredo Viana";0;4;0;0;"NÃO ALCANÇOU"
"Nordeste";"MA";210440;"Gonçalves Dias";0;4;0;0;"NÃO ALCANÇOU"
"Nordeste";"MA";210450;"Governador Archer";3;4;0,75;75;"NÃO ALCANÇOU"
"Nordeste";"MA";210455;"Governador Edison Lobão";3;4;0,75;75;"NÃO ALCANÇOU"
"Nordeste";"MA";210460;"Governador Eugênio Barros";2;4;0,5;50;"NÃO ALCANÇOU"
"Nordeste";"MA";210462;"Governador Luiz Rocha";0;4;0;0;"NÃO ALCANÇOU"
"Nordeste";"MA";210465;"Governador Newton Bello";3;4;0,75;75;"NÃO ALCANÇOU"
"Nordeste";"MA";210467;"Governador Nunes Freire";1;4;0,25;25;"NÃO ALCANÇOU"
"Nordeste";"MA";210470;"Graça Aranha";4;4;1;100;"ALCANÇOU"
"Nordeste";"MA";210480;"Grajaú";1;4;0,25;25;"NÃO ALCANÇOU"
"Nordeste";"MA";210490;"Guimarães";4;4;1;100;"ALCANÇOU"
"Nordeste";"MA";210500;"Humberto de Campos";4;4;1;100;"ALCANÇOU"
"Nordeste";"MA";210510;"Icatu";2;4;0,5;50;"NÃO ALCANÇOU"
"Nordeste";"MA";210515;"Igarapé do Meio";0;4;0;0;"NÃO ALCANÇOU"
"Nordeste";"MA";210520;"Igarapé Grande";0;4;0;0;"NÃO ALCANÇOU"
"Nordeste";"MA";210530;"Imperatriz";0;4;0;0;"NÃO ALCANÇOU"
"Nordeste";"MA";210535;"Itaipava do Grajaú";0;4;0;0;"NÃO ALCANÇOU"
"Nordeste";"MA";210540;"Itapecuru Mirim";2;4;0,5;50;"NÃO ALCANÇOU"
"Nordeste";"MA";210542;"Itinga do Maranhão";4;4;1;100;"ALCANÇOU"
"Nordeste";"MA";210545;"Jatobá";1;4;0,25;25;"NÃO ALCANÇOU"
"Nordeste";"MA";210547;"Jenipapo dos Vieiras";4;4;1;100;"ALCANÇOU"
"Nordeste";"MA";210550;"João Lisboa";0;4;0;0;"NÃO ALCANÇOU"
"Nordeste";"MA";210560;"Joselândia";1;4;0,25;25;"NÃO ALCANÇOU"
"Nordeste";"MA";210565;"Junco do Maranhão";4;4;1;100;"ALCANÇOU"
"Nordeste";"MA";210570;"Lago da Pedra";0;4;0;0;"NÃO ALCANÇOU"
"Nordeste";"MA";210580;"Lago do Junco";0;4;0;0;"NÃO ALCANÇOU"
"Nordeste";"MA";210590;"Lago Verde";3;4;0,75;75;"NÃO ALCANÇOU"
"Nordeste";"MA";210592;"Lagoa do Mato";4;4;1;100;"ALCANÇOU"
"Nordeste";"MA";210594;"Lago dos Rodrigues";4;4;1;100;"ALCANÇOU"
"Nordeste";"MA";210596;"Lagoa Grande do Maranhão";3;4;0,75;75;"NÃO ALCANÇOU"
"Nordeste";"MA";210598;"Lajeado Novo";4;4;1;100;"ALCANÇOU"
"Nordeste";"MA";210600;"Lima Campos";3;4;0,75;75;"NÃO ALCANÇOU"
"Nordeste";"MA";210610;"Loreto";4;4;1;100;"ALCANÇOU"
"Nordeste";"MA";210620;"Luís Domingues";0;4;0;0;"NÃO ALCANÇOU"
"Nordeste";"MA";210630;"Magalhães de Almeida";3;4;0,75;75;"NÃO ALCANÇOU"
"Nordeste";"MA";210632;"Maracaçumé";1;4;0,25;25;"NÃO ALCANÇOU"
"Nordeste";"MA";210635;"Marajá do Sena";4;4;1;100;"ALCANÇOU"
"Nordeste";"MA";210637;"Maranhãozinho";1;4;0,25;25;"NÃO ALCANÇOU"
"Nordeste";"MA";210640;"Mata Roma";4;4;1;100;"ALCANÇOU"
"Nordeste";"MA";210650;"Matinha";0;4;0;0;"NÃO ALCANÇOU"
"Nordeste";"MA";210660;"Matões";4;4;1;100;"ALCANÇOU"
"Nordeste";"MA";210663;"Matões do Norte";3;4;0,75;75;"NÃO ALCANÇOU"
"Nordeste";"MA";210667;"Milagres do Maranhão";4;4;1;100;"ALCANÇOU"
"Nordeste";"MA";210670;"Mirador";1;4;0,25;25;"NÃO ALCANÇOU"
"Nordeste";"MA";210675;"Miranda do Norte";3;4;0,75;75;"NÃO ALCANÇOU"
"Nordeste";"MA";210680;"Mirinzal";3;4;0,75;75;"NÃO ALCANÇOU"
"Nordeste";"MA";210690;"Monção";0;4;0;0;"NÃO ALCANÇOU"
"Nordeste";"MA";210700;"Montes Altos";1;4;0,25;25;"NÃO ALCANÇOU"
"Nordeste";"MA";210710;"Morros";1;4;0,25;25;"NÃO ALCANÇOU"
"Nordeste";"MA";210720;"Nina Rodrigues";0;4;0;0;"NÃO ALCANÇOU"
"Nordeste";"MA";210725;"Nova Colinas";0;4;0;0;"NÃO ALCANÇOU"
"Nordeste";"MA";210730;"Nova Iorque";1;4;0,25;25;"NÃO ALCANÇOU"
"Nordeste";"MA";210735;"Nova Olinda do Maranhão";0;4;0;0;"NÃO ALCANÇOU"
"Nordeste";"MA";210740;"Olho d'Água das Cunhãs";0;4;0;0;"NÃO ALCANÇOU"
"Nordeste";"MA";210745;"Olinda Nova do Maranhão";1;4;0,25;25;"NÃO ALCANÇOU"
"Nordeste";"MA";210750;"Paço do Lumiar";0;4;0;0;"NÃO ALCANÇOU"
"Nordeste";"MA";210760;"Palmeirândia";1;4;0,25;25;"NÃO ALCANÇOU"
"Nordeste";"MA";210770;"Paraibano";0;4;0;0;"NÃO ALCANÇOU"
"Nordeste";"MA";210780;"Parnarama";4;4;1;100;"ALCANÇOU"
"Nordeste";"MA";210790;"Passagem Franca";1;4;0,25;25;"NÃO ALCANÇOU"
"Nordeste";"MA";210800;"Pastos Bons";0;4;0;0;"NÃO ALCANÇOU"
"Nordeste";"MA";210805;"Paulino Neves";0;4;0;0;"NÃO ALCANÇOU"
"Nordeste";"MA";210810;"Paulo Ramos";0;4;0;0;"NÃO ALCANÇOU"
"Nordeste";"MA";210820;"Pedreiras";0;4;0;0;"NÃO ALCANÇOU"
"Nordeste";"MA";210825;"Pedro do Rosário";0;4;0;0;"NÃO ALCANÇOU"
"Nordeste";"MA";210830;"Penalva";0;4;0;0;"NÃO ALCANÇOU"
"Nordeste";"MA";210840;"Peri Mirim";2;4;0,5;50;"NÃO ALCANÇOU"
"Nordeste";"MA";210845;"Peritoró";2;4;0,5;50;"NÃO ALCANÇOU"
"Nordeste";"MA";210850;"Pindaré-Mirim";0;4;0;0;"NÃO ALCANÇOU"
"Nordeste";"MA";210860;"Pinheiro";0;4;0;0;"NÃO ALCANÇOU"
"Nordeste";"MA";210870;"Pio XII";2;4;0,5;50;"NÃO ALCANÇOU"
"Nordeste";"MA";210880;"Pirapemas";4;4;1;100;"ALCANÇOU"
"Nordeste";"MA";210890;"Poção de Pedras";4;4;1;100;"ALCANÇOU"
"Nordeste";"MA";210900;"Porto Franco";2;4;0,5;50;"NÃO ALCANÇOU"
"Nordeste";"MA";210905;"Porto Rico do Maranhão";2;4;0,5;50;"NÃO ALCANÇOU"
"Nordeste";"MA";210910;"Presidente Dutra";0;4;0;0;"NÃO ALCANÇOU"
"Nordeste";"MA";210920;"Presidente Juscelino";1;4;0,25;25;"NÃO ALCANÇOU"
"Nordeste";"MA";210923;"Presidente Médici";4;4;1;100;"ALCANÇOU"
"Nordeste";"MA";210927;"Presidente Sarney";1;4;0,25;25;"NÃO ALCANÇOU"
"Nordeste";"MA";210930;"Presidente Vargas";2;4;0,5;50;"NÃO ALCANÇOU"
"Nordeste";"MA";210940;"Primeira Cruz";1;4;0,25;25;"NÃO ALCANÇOU"
"Nordeste";"MA";210945;"Raposa";0;4;0;0;"NÃO ALCANÇOU"
"Nordeste";"MA";210950;"Riachão";1;4;0,25;25;"NÃO ALCANÇOU"
"Nordeste";"MA";210955;"Ribamar Fiquene";2;4;0,5;50;"NÃO ALCANÇOU"
"Nordeste";"MA";210960;"Rosário";0;4;0;0;"NÃO ALCANÇOU"
"Nordeste";"MA";210970;"Sambaíba";3;4;0,75;75;"NÃO ALCANÇOU"
"Nordeste";"MA";210975;"Santa Filomena do Maranhão";4;4;1;100;"ALCANÇOU"
"Nordeste";"MA";210980;"Santa Helena";0;4;0;0;"NÃO ALCANÇOU"
"Nordeste";"MA";210990;"Santa Inês";0;4;0;0;"NÃO ALCANÇOU"
"Nordeste";"MA";211000;"Santa Luzia";0;4;0;0;"NÃO ALCANÇOU"
"Nordeste";"MA";211003;"Santa Luzia do Paruá";1;4;0,25;25;"NÃO ALCANÇOU"
"Nordeste";"MA";211010;"Santa Quitéria do Maranhão";2;4;0,5;50;"NÃO ALCANÇOU"
"Nordeste";"MA";211020;"Santa Rita";0;4;0;0;"NÃO ALCANÇOU"
"Nordeste";"MA";211023;"Santana do Maranhão";4;4;1;100;"ALCANÇOU"
"Nordeste";"MA";211027;"Santo Amaro do Maranhão";4;4;1;100;"ALCANÇOU"
"Nordeste";"MA";211030;"Santo Antônio dos Lopes";4;4;1;100;"ALCANÇOU"
"Nordeste";"MA";211040;"São Benedito do Rio Preto";0;4;0;0;"NÃO ALCANÇOU"
"Nordeste";"MA";211050;"São Bento";0;4;0;0;"NÃO ALCANÇOU"
"Nordeste";"MA";211060;"São Bernardo";4;4;1;100;"ALCANÇOU"
"Nordeste";"MA";211065;"São Domingos do Azeitão";2;4;0,5;50;"NÃO ALCANÇOU"
"Nordeste";"MA";211070;"São Domingos do Maranhão";0;4;0;0;"NÃO ALCANÇOU"
"Nordeste";"MA";211080;"São Félix de Balsas";0;4;0;0;"NÃO ALCANÇOU"
"Nordeste";"MA";211085;"São Francisco do Brejão";4;4;1;100;"ALCANÇOU"
"Nordeste";"MA";211090;"São Francisco do Maranhão";4;4;1;100;"ALCANÇOU"
"Nordeste";"MA";211100;"São João Batista";0;4;0;0;"NÃO ALCANÇOU"
"Nordeste";"MA";211102;"São João do Carú";2;4;0,5;50;"NÃO ALCANÇOU"
"Nordeste";"MA";211105;"São João do Paraíso";1;4;0,25;25;"NÃO ALCANÇOU"
"Nordeste";"MA";211107;"São João do Soter";2;4;0,5;50;"NÃO ALCANÇOU"
"Nordeste";"MA";211110;"São João dos Patos";1;4;0,25;25;"NÃO ALCANÇOU"
"Nordeste";"MA";211120;"São José de Ribamar";0;4;0;0;"NÃO ALCANÇOU"
"Nordeste";"MA";211125;"São José dos Basílios";4;4;1;100;"ALCANÇOU"
"Nordeste";"MA";211130;"São Luís";0;4;0;0;"NÃO ALCANÇOU"
"Nordeste";"MA";211140;"São Luís Gonzaga do Maranhão";1;4;0,25;25;"NÃO ALCANÇOU"
"Nordeste";"MA";211150;"São Mateus do Maranhão";1;4;0,25;25;"NÃO ALCANÇOU"
"Nordeste";"MA";211153;"São Pedro da Água Branca";2;4;0,5;50;"NÃO ALCANÇOU"
"Nordeste";"MA";211157;"São Pedro dos Crentes";1;4;0,25;25;"NÃO ALCANÇOU"
"Nordeste";"MA";211160;"São Raimundo das Mangabeiras";0;4;0;0;"NÃO ALCANÇOU"
"Nordeste";"MA";211163;"São Raimundo do Doca Bezerra";4;4;1;100;"ALCANÇOU"
"Nordeste";"MA";211167;"São Roberto";4;4;1;100;"ALCANÇOU"
"Nordeste";"MA";211170;"São Vicente Ferrer";2;4;0,5;50;"NÃO ALCANÇOU"
"Nordeste";"MA";211172;"Satubinha";4;4;1;100;"ALCANÇOU"
"Nordeste";"MA";211174;"Senador Alexandre Costa";1;4;0,25;25;"NÃO ALCANÇOU"
"Nordeste";"MA";211176;"Senador La Rocque";2;4;0,5;50;"NÃO ALCANÇOU"
"Nordeste";"MA";211178;"Serrano do Maranhão";0;4;0;0;"NÃO ALCANÇOU"
"Nordeste";"MA";211180;"Sítio Novo";4;4;1;100;"ALCANÇOU"
"Nordeste";"MA";211190;"Sucupira do Norte";4;4;1;100;"ALCANÇOU"
"Nordeste";"MA";211195;"Sucupira do Riachão";4;4;1;100;"ALCANÇOU"
"Nordeste";"MA";211200;"Tasso Fragoso";4;4;1;100;"ALCANÇOU"
"Nordeste";"MA";211210;"Timbiras";0;4;0;0;"NÃO ALCANÇOU"
"Nordeste";"MA";211220;"Timon";0;4;0;0;"NÃO ALCANÇOU"
"Nordeste";"MA";211223;"Trizidela do Vale";3;4;0,75;75;"NÃO ALCANÇOU"
"Nordeste";"MA";211227;"Tufilândia";2;4;0,5;50;"NÃO ALCANÇOU"
"Nordeste";"MA";211230;"Tuntum";0;4;0;0;"NÃO ALCANÇOU"
"Nordeste";"MA";211240;"Turiaçu";0;4;0;0;"NÃO ALCANÇOU"
"Nordeste";"MA";211245;"Turilândia";3;4;0,75;75;"NÃO ALCANÇOU"
"Nordeste";"MA";211250;"Tutóia";0;4;0;0;"NÃO ALCANÇOU"
"Nordeste";"MA";211260;"Urbano Santos";0;4;0;0;"NÃO ALCANÇOU"
"Nordeste";"MA";211270;"Vargem Grande";0;4;0;0;"NÃO ALCANÇOU"
"Nordeste";"MA";211280;"Viana";0;4;0;0;"NÃO ALCANÇOU"
"Nordeste";"MA";211285;"Vila Nova dos Martírios";4;4;1;100;"ALCANÇOU"
"Nordeste";"MA";211290;"Vitória do Mearim";0;4;0;0;"NÃO ALCANÇOU"
"Nordeste";"MA";211300;"Vitorino Freire";0;4;0;0;"NÃO ALCANÇOU"
"Nordeste";"MA";211400;"Zé Doca";0;4;0;0;"NÃO ALCANÇOU"
"Nordeste";"PI";220005;"Acauã";4;4;1;100;"ALCANÇOU"
"Nordeste";"PI";220010;"Agricolândia";4;4;1;100;"ALCANÇOU"
"Nordeste";"PI";220020;"Água Branca";3;4;0,75;75;"NÃO ALCANÇOU"
"Nordeste";"PI";220025;"Alagoinha do Piauí";1;4;0,25;25;"NÃO ALCANÇOU"
"Nordeste";"PI";220027;"Alegrete do Piauí";1;4;0,25;25;"NÃO ALCANÇOU"
"Nordeste";"PI";220030;"Alto Longá";4;4;1;100;"ALCANÇOU"
"Nordeste";"PI";220040;"Altos";3;4;0,75;75;"NÃO ALCANÇOU"
"Nordeste";"PI";220045;"Alvorada do Gurguéia";3;4;0,75;75;"NÃO ALCANÇOU"
"Nordeste";"PI";220050;"Amarante";4;4;1;100;"ALCANÇOU"
"Nordeste";"PI";220060;"Angical do Piauí";1;4;0,25;25;"NÃO ALCANÇOU"
"Nordeste";"PI";220070;"Anísio de Abreu";4;4;1;100;"ALCANÇOU"
"Nordeste";"PI";220080;"Antônio Almeida";2;4;0,5;50;"NÃO ALCANÇOU"
"Nordeste";"PI";220090;"Aroazes";3;4;0,75;75;"NÃO ALCANÇOU"
"Nordeste";"PI";220095;"Aroeiras do Itaim";0;4;0;0;"NÃO ALCANÇOU"
"Nordeste";"PI";220100;"Arraial";4;4;1;100;"ALCANÇOU"
"Nordeste";"PI";220105;"Assunção do Piauí";4;4;1;100;"ALCANÇOU"
"Nordeste";"PI";220110;"Avelino Lopes";1;4;0,25;25;"NÃO ALCANÇOU"
"Nordeste";"PI";220115;"Baixa Grande do Ribeiro";4;4;1;100;"ALCANÇOU"
"Nordeste";"PI";220117;"Barra D'Alcântara";1;4;0,25;25;"NÃO ALCANÇOU"
"Nordeste";"PI";220120;"Barras";1;4;0,25;25;"NÃO ALCANÇOU"
"Nordeste";"PI";220130;"Barreiras do Piauí";3;4;0,75;75;"NÃO ALCANÇOU"
"Nordeste";"PI";220140;"Barro Duro";0;4;0;0;"NÃO ALCANÇOU"
"Nordeste";"PI";220150;"Batalha";1;4;0,25;25;"NÃO ALCANÇOU"
"Nordeste";"PI";220155;"Bela Vista do Piauí";4;4;1;100;"ALCANÇOU"
"Nordeste";"PI";220157;"Belém do Piauí";2;4;0,5;50;"NÃO ALCANÇOU"
"Nordeste";"PI";220160;"Beneditinos";4;4;1;100;"ALCANÇOU"
"Nordeste";"PI";220170;"Bertolínia";3;4;0,75;75;"NÃO ALCANÇOU"
"Nordeste";"PI";220173;"Betânia do Piauí";2;4;0,5;50;"NÃO ALCANÇOU"
"Nordeste";"PI";220177;"Boa Hora";3;4;0,75;75;"NÃO ALCANÇOU"
"Nordeste";"PI";220180;"Bocaina";0;4;0;0;"NÃO ALCANÇOU"
"Nordeste";"PI";220190;"Bom Jesus";2;4;0,5;50;"NÃO ALCANÇOU"
"Nordeste";"PI";220191;"Bom Princípio do Piauí";3;4;0,75;75;"NÃO ALCANÇOU"
"Nordeste";"PI";220192;"Bonfim do Piauí";3;4;0,75;75;"NÃO ALCANÇOU"
"Nordeste";"PI";220194;"Boqueirão do Piauí";1;4;0,25;25;"NÃO ALCANÇOU"
"Nordeste";"PI";220196;"Brasileira";0;4;0;0;"NÃO ALCANÇOU"
"Nordeste";"PI";220198;"Brejo do Piauí";4;4;1;100;"ALCANÇOU"
"Nordeste";"PI";220200;"Buriti dos Lopes";2;4;0,5;50;"NÃO ALCANÇOU"
"Nordeste";"PI";220202;"Buriti dos Montes";4;4;1;100;"ALCANÇOU"
"Nordeste";"PI";220205;"Cabeceiras do Piauí";4;4;1;100;"ALCANÇOU"
"Nordeste";"PI";220207;"Cajazeiras do Piauí";3;4;0,75;75;"NÃO ALCANÇOU"
"Nordeste";"PI";220208;"Cajueiro da Praia";2;4;0,5;50;"NÃO ALCANÇOU"
"Nordeste";"PI";220209;"Caldeirão Grande do Piauí";1;4;0,25;25;"NÃO ALCANÇOU"
"Nordeste";"PI";220210;"Campinas do Piauí";0;4;0;0;"NÃO ALCANÇOU"
"Nordeste";"PI";220211;"Campo Alegre do Fidalgo";1;4;0,25;25;"NÃO ALCANÇOU"
"Nordeste";"PI";220213;"Campo Grande do Piauí";3;4;0,75;75;"NÃO ALCANÇOU"
"Nordeste";"PI";220217;"Campo Largo do Piauí";4;4;1;100;"ALCANÇOU"
"Nordeste";"PI";220220;"Campo Maior";4;4;1;100;"ALCANÇOU"
"Nordeste";"PI";220225;"Canavieira";4;4;1;100;"ALCANÇOU"
"Nordeste";"PI";220230;"Canto do Buriti";1;4;0,25;25;"NÃO ALCANÇOU"
"Nordeste";"PI";220240;"Capitão de Campos";2;4;0,5;50;"NÃO ALCANÇOU"
"Nordeste";"PI";220245;"Capitão Gervásio Oliveira";1;4;0,25;25;"NÃO ALCANÇOU"
"Nordeste";"PI";220250;"Caracol";4;4;1;100;"ALCANÇOU"
"Nordeste";"PI";220253;"Caraúbas do Piauí";4;4;1;100;"ALCANÇOU"
"Nordeste";"PI";220255;"Caridade do Piauí";3;4;0,75;75;"NÃO ALCANÇOU"
"Nordeste";"PI";220260;"Castelo do Piauí";4;4;1;100;"ALCANÇOU"
"Nordeste";"PI";220265;"Caxingó";4;4;1;100;"ALCANÇOU"
"Nordeste";"PI";220270;"Cocal";0;4;0;0;"NÃO ALCANÇOU"
"Nordeste";"PI";220271;"Cocal de Telha";2;4;0,5;50;"NÃO ALCANÇOU"
"Nordeste";"PI";220272;"Cocal dos Alves";4;4;1;100;"ALCANÇOU"
"Nordeste";"PI";220273;"Coivaras";4;4;1;100;"ALCANÇOU"
"Nordeste";"PI";220275;"Colônia do Gurguéia";4;4;1;100;"ALCANÇOU"
"Nordeste";"PI";220277;"Colônia do Piauí";3;4;0,75;75;"NÃO ALCANÇOU"
"Nordeste";"PI";220280;"Conceição do Canindé";1;4;0,25;25;"NÃO ALCANÇOU"
"Nordeste";"PI";220285;"Coronel José Dias";2;4;0,5;50;"NÃO ALCANÇOU"
"Nordeste";"PI";220290;"Corrente";1;4;0,25;25;"NÃO ALCANÇOU"
"Nordeste";"PI";220300;"Cristalândia do Piauí";4;4;1;100;"ALCANÇOU"
"Nordeste";"PI";220310;"Cristino Castro";0;4;0;0;"NÃO ALCANÇOU"
"Nordeste";"PI";220320;"Curimatá";4;4;1;100;"ALCANÇOU"
"Nordeste";"PI";220323;"Currais";3;4;0,75;75;"NÃO ALCANÇOU"
"Nordeste";"PI";220325;"Curralinhos";1;4;0,25;25;"NÃO ALCANÇOU"
"Nordeste";"PI";220327;"Curral Novo do Piauí";1;4;0,25;25;"NÃO ALCANÇOU"
"Nordeste";"PI";220330;"Demerval Lobão";4;4;1;100;"ALCANÇOU"
"Nordeste";"PI";220335;"Dirceu Arcoverde";3;4;0,75;75;"NÃO ALCANÇOU"
"Nordeste";"PI";220340;"Dom Expedito Lopes";4;4;1;100;"ALCANÇOU"
"Nordeste";"PI";220342;"Domingos Mourão";2;4;0,5;50;"NÃO ALCANÇOU"
"Nordeste";"PI";220345;"Dom Inocêncio";1;4;0,25;25;"NÃO ALCANÇOU"
"Nordeste";"PI";220350;"Elesbão Veloso";4;4;1;100;"ALCANÇOU"
"Nordeste";"PI";220360;"Eliseu Martins";4;4;1;100;"ALCANÇOU"
"Nordeste";"PI";220370;"Esperantina";4;4;1;100;"ALCANÇOU"
"Nordeste";"PI";220375;"Fartura do Piauí";4;4;1;100;"ALCANÇOU"
"Nordeste";"PI";220380;"Flores do Piauí";4;4;1;100;"ALCANÇOU"
"Nordeste";"PI";220385;"Floresta do Piauí";1;4;0,25;25;"NÃO ALCANÇOU"
"Nordeste";"PI";220390;"Floriano";3;4;0,75;75;"NÃO ALCANÇOU"
"Nordeste";"PI";220400;"Francinópolis";4;4;1;100;"ALCANÇOU"
"Nordeste";"PI";220410;"Francisco Ayres";4;4;1;100;"ALCANÇOU"
"Nordeste";"PI";220415;"Francisco Macedo";4;4;1;100;"ALCANÇOU"
"Nordeste";"PI";220420;"Francisco Santos";2;4;0,5;50;"NÃO ALCANÇOU"
"Nordeste";"PI";220430;"Fronteiras";1;4;0,25;25;"NÃO ALCANÇOU"
"Nordeste";"PI";220435;"Geminiano";0;4;0;0;"NÃO ALCANÇOU"
"Nordeste";"PI";220440;"Gilbués";1;4;0,25;25;"NÃO ALCANÇOU"
"Nordeste";"PI";220450;"Guadalupe";4;4;1;100;"ALCANÇOU"
"Nordeste";"PI";220455;"Guaribas";0;4;0;0;"NÃO ALCANÇOU"
"Nordeste";"PI";220460;"Hugo Napoleão";4;4;1;100;"ALCANÇOU"
"Nordeste";"PI";220465;"Ilha Grande";1;4;0,25;25;"NÃO ALCANÇOU"
"Nordeste";"PI";220470;"Inhuma";4;4;1;100;"ALCANÇOU"
"Nordeste";"PI";220480;"Ipiranga do Piauí";1;4;0,25;25;"NÃO ALCANÇOU"
"Nordeste";"PI";220490;"Isaías Coelho";1;4;0,25;25;"NÃO ALCANÇOU"
"Nordeste";"PI";220500;"Itainópolis";4;4;1;100;"ALCANÇOU"
"Nordeste";"PI";220510;"Itaueira";3;4;0,75;75;"NÃO ALCANÇOU"
"Nordeste";"PI";220515;"Jacobina do Piauí";4;4;1;100;"ALCANÇOU"
"Nordeste";"PI";220520;"Jaicós";2;4;0,5;50;"NÃO ALCANÇOU"
"Nordeste";"PI";220525;"Jardim do Mulato";3;4;0,75;75;"NÃO ALCANÇOU"
"Nordeste";"PI";220527;"Jatobá do Piauí";1;4;0,25;25;"NÃO ALCANÇOU"
"Nordeste";"PI";220530;"Jerumenha";1;4;0,25;25;"NÃO ALCANÇOU"
"Nordeste";"PI";220535;"João Costa";4;4;1;100;"ALCANÇOU"
"Nordeste";"PI";220540;"Joaquim Pires";1;4;0,25;25;"NÃO ALCANÇOU"
"Nordeste";"PI";220545;"Joca Marques";1;4;0,25;25;"NÃO ALCANÇOU"
"Nordeste";"PI";220550;"José de Freitas";2;4;0,5;50;"NÃO ALCANÇOU"
"Nordeste";"PI";220551;"Juazeiro do Piauí";4;4;1;100;"ALCANÇOU"
"Nordeste";"PI";220552;"Júlio Borges";1;4;0,25;25;"NÃO ALCANÇOU"
"Nordeste";"PI";220553;"Jurema";2;4;0,5;50;"NÃO ALCANÇOU"
"Nordeste";"PI";220554;"Lagoinha do Piauí";4;4;1;100;"ALCANÇOU"
"Nordeste";"PI";220555;"Lagoa Alegre";4;4;1;100;"ALCANÇOU"
"Nordeste";"PI";220556;"Lagoa do Barro do Piauí";4;4;1;100;"ALCANÇOU"
"Nordeste";"PI";220557;"Lagoa de São Francisco";4;4;1;100;"ALCANÇOU"
"Nordeste";"PI";220558;"Lagoa do Piauí";2;4;0,5;50;"NÃO ALCANÇOU"
"Nordeste";"PI";220559;"Lagoa do Sítio";4;4;1;100;"ALCANÇOU"
"Nordeste";"PI";220560;"Landri Sales";4;4;1;100;"ALCANÇOU"
"Nordeste";"PI";220570;"Luís Correia";1;4;0,25;25;"NÃO ALCANÇOU"
"Nordeste";"PI";220580;"Luzilândia";2;4;0,5;50;"NÃO ALCANÇOU"
"Nordeste";"PI";220585;"Madeiro";1;4;0,25;25;"NÃO ALCANÇOU"
"Nordeste";"PI";220590;"Manoel Emídio";1;4;0,25;25;"NÃO ALCANÇOU"
"Nordeste";"PI";220595;"Marcolândia";4;4;1;100;"ALCANÇOU"
"Nordeste";"PI";220600;"Marcos Parente";2;4;0,5;50;"NÃO ALCANÇOU"
"Nordeste";"PI";220605;"Massapê do Piauí";0;4;0;0;"NÃO ALCANÇOU"
"Nordeste";"PI";220610;"Matias Olímpio";1;4;0,25;25;"NÃO ALCANÇOU"
"Nordeste";"PI";220620;"Miguel Alves";4;4;1;100;"ALCANÇOU"
"Nordeste";"PI";220630;"Miguel Leão";1;4;0,25;25;"NÃO ALCANÇOU"
"Nordeste";"PI";220635;"Milton Brandão";2;4;0,5;50;"NÃO ALCANÇOU"
"Nordeste";"PI";220640;"Monsenhor Gil";2;4;0,5;50;"NÃO ALCANÇOU"
"Nordeste";"PI";220650;"Monsenhor Hipólito";4;4;1;100;"ALCANÇOU"
"Nordeste";"PI";220660;"Monte Alegre do Piauí";0;4;0;0;"NÃO ALCANÇOU"
"Nordeste";"PI";220665;"Morro Cabeça no Tempo";0;4;0;0;"NÃO ALCANÇOU"
"Nordeste";"PI";220667;"Morro do Chapéu do Piauí";4;4;1;100;"ALCANÇOU"
"Nordeste";"PI";220669;"Murici dos Portelas";1;4;0,25;25;"NÃO ALCANÇOU"
"Nordeste";"PI";220670;"Nazaré do Piauí";0;4;0;0;"NÃO ALCANÇOU"
"Nordeste";"PI";220672;"Nazária";1;4;0,25;25;"NÃO ALCANÇOU"
"Nordeste";"PI";220675;"Nossa Senhora de Nazaré";4;4;1;100;"ALCANÇOU"
"Nordeste";"PI";220680;"Nossa Senhora dos Remédios";4;4;1;100;"ALCANÇOU"
"Nordeste";"PI";220690;"Novo Oriente do Piauí";4;4;1;100;"ALCANÇOU"
"Nordeste";"PI";220695;"Novo Santo Antônio";0;4;0;0;"NÃO ALCANÇOU"
"Nordeste";"PI";220700;"Oeiras";0;4;0;0;"NÃO ALCANÇOU"
"Nordeste";"PI";220710;"Olho D'Água do Piauí";4;4;1;100;"ALCANÇOU"
"Nordeste";"PI";220720;"Padre Marcos";4;4;1;100;"ALCANÇOU"
"Nordeste";"PI";220730;"Paes Landim";4;4;1;100;"ALCANÇOU"
"Nordeste";"PI";220735;"Pajeú do Piauí";1;4;0,25;25;"NÃO ALCANÇOU"
"Nordeste";"PI";220740;"Palmeira do Piauí";3;4;0,75;75;"NÃO ALCANÇOU"
"Nordeste";"PI";220750;"Palmeirais";4;4;1;100;"ALCANÇOU"
"Nordeste";"PI";220755;"Paquetá";1;4;0,25;25;"NÃO ALCANÇOU"
"Nordeste";"PI";220760;"Parnaguá";2;4;0,5;50;"NÃO ALCANÇOU"
"Nordeste";"PI";220770;"Parnaíba";0;4;0;0;"NÃO ALCANÇOU"
"Nordeste";"PI";220775;"Passagem Franca do Piauí";3;4;0,75;75;"NÃO ALCANÇOU"
"Nordeste";"PI";220777;"Patos do Piauí";4;4;1;100;"ALCANÇOU"
"Nordeste";"PI";220779;"Pau D'Arco do Piauí";3;4;0,75;75;"NÃO ALCANÇOU"
"Nordeste";"PI";220780;"Paulistana";3;4;0,75;75;"NÃO ALCANÇOU"
"Nordeste";"PI";220785;"Pavussu";2;4;0,5;50;"NÃO ALCANÇOU"
"Nordeste";"PI";220790;"Pedro II";4;4;1;100;"ALCANÇOU"
"Nordeste";"PI";220793;"Pedro Laurentino";4;4;1;100;"ALCANÇOU"
"Nordeste";"PI";220795;"Nova Santa Rita";4;4;1;100;"ALCANÇOU"
"Nordeste";"PI";220800;"Picos";0;4;0;0;"NÃO ALCANÇOU"
"Nordeste";"PI";220810;"Pimenteiras";3;4;0,75;75;"NÃO ALCANÇOU"
"Nordeste";"PI";220820;"Pio IX";3;4;0,75;75;"NÃO ALCANÇOU"
"Nordeste";"PI";220830;"Piracuruca";4;4;1;100;"ALCANÇOU"
"Nordeste";"PI";220840;"Piripiri";0;4;0;0;"NÃO ALCANÇOU"
"Nordeste";"PI";220850;"Porto";2;4;0,5;50;"NÃO ALCANÇOU"
"Nordeste";"PI";220855;"Porto Alegre do Piauí";4;4;1;100;"ALCANÇOU"
"Nordeste";"PI";220860;"Prata do Piauí";3;4;0,75;75;"NÃO ALCANÇOU"
"Nordeste";"PI";220865;"Queimada Nova";4;4;1;100;"ALCANÇOU"
"Nordeste";"PI";220870;"Redenção do Gurguéia";3;4;0,75;75;"NÃO ALCANÇOU"
"Nordeste";"PI";220880;"Regeneração";1;4;0,25;25;"NÃO ALCANÇOU"
"Nordeste";"PI";220885;"Riacho Frio";4;4;1;100;"ALCANÇOU"
"Nordeste";"PI";220887;"Ribeira do Piauí";4;4;1;100;"ALCANÇOU"
"Nordeste";"PI";220890;"Ribeiro Gonçalves";0;4;0;0;"NÃO ALCANÇOU"
"Nordeste";"PI";220900;"Rio Grande do Piauí";2;4;0,5;50;"NÃO ALCANÇOU"
"Nordeste";"PI";220910;"Santa Cruz do Piauí";0;4;0;0;"NÃO ALCANÇOU"
"Nordeste";"PI";220915;"Santa Cruz dos Milagres";4;4;1;100;"ALCANÇOU"
"Nordeste";"PI";220920;"Santa Filomena";1;4;0,25;25;"NÃO ALCANÇOU"
"Nordeste";"PI";220930;"Santa Luz";2;4;0,5;50;"NÃO ALCANÇOU"
"Nordeste";"PI";220935;"Santana do Piauí";1;4;0,25;25;"NÃO ALCANÇOU"
"Nordeste";"PI";220937;"Santa Rosa do Piauí";4;4;1;100;"ALCANÇOU"
"Nordeste";"PI";220940;"Santo Antônio de Lisboa";4;4;1;100;"ALCANÇOU"
"Nordeste";"PI";220945;"Santo Antônio dos Milagres";4;4;1;100;"ALCANÇOU"
"Nordeste";"PI";220950;"Santo Inácio do Piauí";4;4;1;100;"ALCANÇOU"
"Nordeste";"PI";220955;"São Braz do Piauí";0;4;0;0;"NÃO ALCANÇOU"
"Nordeste";"PI";220960;"São Félix do Piauí";1;4;0,25;25;"NÃO ALCANÇOU"
"Nordeste";"PI";220965;"São Francisco de Assis do Piauí";4;4;1;100;"ALCANÇOU"
"Nordeste";"PI";220970;"São Francisco do Piauí";1;4;0,25;25;"NÃO ALCANÇOU"
"Nordeste";"PI";220975;"São Gonçalo do Gurguéia";3;4;0,75;75;"NÃO ALCANÇOU"
"Nordeste";"PI";220980;"São Gonçalo do Piauí";4;4;1;100;"ALCANÇOU"
"Nordeste";"PI";220985;"São João da Canabrava";1;4;0,25;25;"NÃO ALCANÇOU"
"Nordeste";"PI";220987;"São João da Fronteira";1;4;0,25;25;"NÃO ALCANÇOU"
"Nordeste";"PI";220990;"São João da Serra";3;4;0,75;75;"NÃO ALCANÇOU"
"Nordeste";"PI";220995;"São João da Varjota";4;4;1;100;"ALCANÇOU"
"Nordeste";"PI";220997;"São João do Arraial";1;4;0,25;25;"NÃO ALCANÇOU"
"Nordeste";"PI";221000;"São João do Piauí";0;4;0;0;"NÃO ALCANÇOU"
"Nordeste";"PI";221005;"São José do Divino";4;4;1;100;"ALCANÇOU"
"Nordeste";"PI";221010;"São José do Peixe";1;4;0,25;25;"NÃO ALCANÇOU"
"Nordeste";"PI";221020;"São José do Piauí";2;4;0,5;50;"NÃO ALCANÇOU"
"Nordeste";"PI";221030;"São Julião";3;4;0,75;75;"NÃO ALCANÇOU"
"Nordeste";"PI";221035;"São Lourenço do Piauí";3;4;0,75;75;"NÃO ALCANÇOU"
"Nordeste";"PI";221037;"São Luis do Piauí";2;4;0,5;50;"NÃO ALCANÇOU"
"Nordeste";"PI";221038;"São Miguel da Baixa Grande";3;4;0,75;75;"NÃO ALCANÇOU"
"Nordeste";"PI";221039;"São Miguel do Fidalgo";4;4;1;100;"ALCANÇOU"
"Nordeste";"PI";221040;"São Miguel do Tapuio";1;4;0,25;25;"NÃO ALCANÇOU"
"Nordeste";"PI";221050;"São Pedro do Piauí";0;4;0;0;"NÃO ALCANÇOU"
"Nordeste";"PI";221060;"São Raimundo Nonato";4;4;1;100;"ALCANÇOU"
"Nordeste";"PI";221062;"Sebastião Barros";4;4;1;100;"ALCANÇOU"
"Nordeste";"PI";221063;"Sebastião Leal";1;4;0,25;25;"NÃO ALCANÇOU"
"Nordeste";"PI";221065;"Sigefredo Pacheco";4;4;1;100;"ALCANÇOU"
"Nordeste";"PI";221070;"Simões";4;4;1;100;"ALCANÇOU"
"Nordeste";"PI";221080;"Simplício Mendes";4;4;1;100;"ALCANÇOU"
"Nordeste";"PI";221090;"Socorro do Piauí";4;4;1;100;"ALCANÇOU"
"Nordeste";"PI";221093;"Sussuapara";1;4;0,25;25;"NÃO ALCANÇOU"
"Nordeste";"PI";221095;"Tamboril do Piauí";4;4;1;100;"ALCANÇOU"
"Nordeste";"PI";221097;"Tanque do Piauí";1;4;0,25;25;"NÃO ALCANÇOU"
"Nordeste";"PI";221100;"Teresina";1;4;0,25;25;"NÃO ALCANÇOU"
"Nordeste";"PI";221110;"União";3;4;0,75;75;"NÃO ALCANÇOU"
"Nordeste";"PI";221120;"Uruçuí";1;4;0,25;25;"NÃO ALCANÇOU"
"Nordeste";"PI";221130;"Valença do Piauí";3;4;0,75;75;"NÃO ALCANÇOU"
"Nordeste";"PI";221135;"Várzea Branca";0;4;0;0;"NÃO ALCANÇOU"
"Nordeste";"PI";221140;"Várzea Grande";4;4;1;100;"ALCANÇOU"
"Nordeste";"PI";221150;"Vera Mendes";0;4;0;0;"NÃO ALCANÇOU"
"Nordeste";"PI";221160;"Vila Nova do Piauí";4;4;1;100;"ALCANÇOU"
"Nordeste";"PI";221170;"Wall Ferraz";1;4;0,25;25;"NÃO ALCANÇOU"
"Nordeste";"CE";230010;"Abaiara";1;4;0,25;25;"NÃO ALCANÇOU"
"Nordeste";"CE";230015;"Acarape";3;4;0,75;75;"NÃO ALCANÇOU"
"Nordeste";"CE";230020;"Acaraú";3;4;0,75;75;"NÃO ALCANÇOU"
"Nordeste";"CE";230030;"Acopiara";4;4;1;100;"ALCANÇOU"
"Nordeste";"CE";230040;"Aiuaba";4;4;1;100;"ALCANÇOU"
"Nordeste";"CE";230050;"Alcântaras";4;4;1;100;"ALCANÇOU"
"Nordeste";"CE";230060;"Altaneira";1;4;0,25;25;"NÃO ALCANÇOU"
"Nordeste";"CE";230070;"Alto Santo";4;4;1;100;"ALCANÇOU"
"Nordeste";"CE";230075;"Amontada";4;4;1;100;"ALCANÇOU"
"Nordeste";"CE";230080;"Antonina do Norte";4;4;1;100;"ALCANÇOU"
"Nordeste";"CE";230090;"Apuiarés";1;4;0,25;25;"NÃO ALCANÇOU"
"Nordeste";"CE";230100;"Aquiraz";2;4;0,5;50;"NÃO ALCANÇOU"
"Nordeste";"CE";230110;"Aracati";1;4;0,25;25;"NÃO ALCANÇOU"
"Nordeste";"CE";230120;"Aracoiaba";4;4;1;100;"ALCANÇOU"
"Nordeste";"CE";230125;"Ararendá";4;4;1;100;"ALCANÇOU"
"Nordeste";"CE";230130;"Araripe";4;4;1;100;"ALCANÇOU"
"Nordeste";"CE";230140;"Aratuba";3;4;0,75;75;"NÃO ALCANÇOU"
"Nordeste";"CE";230150;"Arneiroz";0;4;0;0;"NÃO ALCANÇOU"
"Nordeste";"CE";230160;"Assaré";4;4;1;100;"ALCANÇOU"
"Nordeste";"CE";230170;"Aurora";0;4;0;0;"NÃO ALCANÇOU"
"Nordeste";"CE";230180;"Baixio";1;4;0,25;25;"NÃO ALCANÇOU"
"Nordeste";"CE";230185;"Banabuiú";4;4;1;100;"ALCANÇOU"
"Nordeste";"CE";230190;"Barbalha";0;4;0;0;"NÃO ALCANÇOU"
"Nordeste";"CE";230195;"Barreira";3;4;0,75;75;"NÃO ALCANÇOU"
"Nordeste";"CE";230200;"Barro";0;4;0;0;"NÃO ALCANÇOU"
"Nordeste";"CE";230205;"Barroquinha";4;4;1;100;"ALCANÇOU"
"Nordeste";"CE";230210;"Baturité";4;4;1;100;"ALCANÇOU"
"Nordeste";"CE";230220;"Beberibe";3;4;0,75;75;"NÃO ALCANÇOU"
"Nordeste";"CE";230230;"Bela Cruz";4;4;1;100;"ALCANÇOU"
"Nordeste";"CE";230240;"Boa Viagem";3;4;0,75;75;"NÃO ALCANÇOU"
"Nordeste";"CE";230250;"Brejo Santo";4;4;1;100;"ALCANÇOU"
"Nordeste";"CE";230260;"Camocim";1;4;0,25;25;"NÃO ALCANÇOU"
"Nordeste";"CE";230270;"Campos Sales";0;4;0;0;"NÃO ALCANÇOU"
"Nordeste";"CE";230280;"Canindé";3;4;0,75;75;"NÃO ALCANÇOU"
"Nordeste";"CE";230290;"Capistrano";4;4;1;100;"ALCANÇOU"
"Nordeste";"CE";230300;"Caridade";4;4;1;100;"ALCANÇOU"
"Nordeste";"CE";230310;"Cariré";4;4;1;100;"ALCANÇOU"
"Nordeste";"CE";230320;"Caririaçu";0;4;0;0;"NÃO ALCANÇOU"
"Nordeste";"CE";230330;"Cariús";4;4;1;100;"ALCANÇOU"
"Nordeste";"CE";230340;"Carnaubal";4;4;1;100;"ALCANÇOU"
"Nordeste";"CE";230350;"Cascavel";4;4;1;100;"ALCANÇOU"
"Nordeste";"CE";230360;"Catarina";3;4;0,75;75;"NÃO ALCANÇOU"
"Nordeste";"CE";230365;"Catunda";2;4;0,5;50;"NÃO ALCANÇOU"
"Nordeste";"CE";230370;"Caucaia";0;4;0;0;"NÃO ALCANÇOU"
"Nordeste";"CE";230380;"Cedro";2;4;0,5;50;"NÃO ALCANÇOU"
"Nordeste";"CE";230390;"Chaval";4;4;1;100;"ALCANÇOU"
"Nordeste";"CE";230393;"Choró";4;4;1;100;"ALCANÇOU"
"Nordeste";"CE";230395;"Chorozinho";4;4;1;100;"ALCANÇOU"
"Nordeste";"CE";230400;"Coreaú";4;4;1;100;"ALCANÇOU"
"Nordeste";"CE";230410;"Crateús";2;4;0,5;50;"NÃO ALCANÇOU"
"Nordeste";"CE";230420;"Crato";0;4;0;0;"NÃO ALCANÇOU"
"Nordeste";"CE";230423;"Croatá";4;4;1;100;"ALCANÇOU"
"Nordeste";"CE";230425;"Cruz";4;4;1;100;"ALCANÇOU"
"Nordeste";"CE";230426;"Deputado Irapuan Pinheiro";3;4;0,75;75;"NÃO ALCANÇOU"
"Nordeste";"CE";230427;"Ereré";4;4;1;100;"ALCANÇOU"
"Nordeste";"CE";230428;"Eusébio";1;4;0,25;25;"NÃO ALCANÇOU"
"Nordeste";"CE";230430;"Farias Brito";1;4;0,25;25;"NÃO ALCANÇOU"
"Nordeste";"CE";230435;"Forquilha";4;4;1;100;"ALCANÇOU"
"Nordeste";"CE";230440;"Fortaleza";0;4;0;0;"NÃO ALCANÇOU"
"Nordeste";"CE";230445;"Fortim";4;4;1;100;"ALCANÇOU"
"Nordeste";"CE";230450;"Frecheirinha";4;4;1;100;"ALCANÇOU"
"Nordeste";"CE";230460;"General Sampaio";4;4;1;100;"ALCANÇOU"
"Nordeste";"CE";230465;"Graça";4;4;1;100;"ALCANÇOU"
"Nordeste";"CE";230470;"Granja";4;4;1;100;"ALCANÇOU"
"Nordeste";"CE";230480;"Granjeiro";4;4;1;100;"ALCANÇOU"
"Nordeste";"CE";230490;"Groaíras";1;4;0,25;25;"NÃO ALCANÇOU"
"Nordeste";"CE";230495;"Guaiúba";4;4;1;100;"ALCANÇOU"
"Nordeste";"CE";230500;"Guaraciaba do Norte";4;4;1;100;"ALCANÇOU"
"Nordeste";"CE";230510;"Guaramiranga";0;4;0;0;"NÃO ALCANÇOU"
"Nordeste";"CE";230520;"Hidrolândia";1;4;0,25;25;"NÃO ALCANÇOU"
"Nordeste";"CE";230523;"Horizonte";4;4;1;100;"ALCANÇOU"
"Nordeste";"CE";230526;"Ibaretama";4;4;1;100;"ALCANÇOU"
"Nordeste";"CE";230530;"Ibiapina";4;4;1;100;"ALCANÇOU"
"Nordeste";"CE";230533;"Ibicuitinga";4;4;1;100;"ALCANÇOU"
"Nordeste";"CE";230535;"Icapuí";4;4;1;100;"ALCANÇOU"
"Nordeste";"CE";230540;"Icó";4;4;1;100;"ALCANÇOU"
"Nordeste";"CE";230550;"Iguatu";3;4;0,75;75;"NÃO ALCANÇOU"
"Nordeste";"CE";230560;"Independência";4;4;1;100;"ALCANÇOU"
"Nordeste";"CE";230565;"Ipaporanga";4;4;1;100;"ALCANÇOU"
"Nordeste";"CE";230570;"Ipaumirim";3;4;0,75;75;"NÃO ALCANÇOU"
"Nordeste";"CE";230580;"Ipu";0;4;0;0;"NÃO ALCANÇOU"
"Nordeste";"CE";230590;"Ipueiras";1;4;0,25;25;"NÃO ALCANÇOU"
"Nordeste";"CE";230600;"Iracema";4;4;1;100;"ALCANÇOU"
"Nordeste";"CE";230610;"Irauçuba";4;4;1;100;"ALCANÇOU"
"Nordeste";"CE";230620;"Itaiçaba";4;4;1;100;"ALCANÇOU"
"Nordeste";"CE";230625;"Itaitinga";4;4;1;100;"ALCANÇOU"
"Nordeste";"CE";230630;"Itapajé";4;4;1;100;"ALCANÇOU"
"Nordeste";"CE";230640;"Itapipoca";1;4;0,25;25;"NÃO ALCANÇOU"
"Nordeste";"CE";230650;"Itapiúna";4;4;1;100;"ALCANÇOU"
"Nordeste";"CE";230655;"Itarema";2;4;0,5;50;"NÃO ALCANÇOU"
"Nordeste";"CE";230660;"Itatira";4;4;1;100;"ALCANÇOU"
"Nordeste";"CE";230670;"Jaguaretama";3;4;0,75;75;"NÃO ALCANÇOU"
"Nordeste";"CE";230680;"Jaguaribara";1;4;0,25;25;"NÃO ALCANÇOU"
"Nordeste";"CE";230690;"Jaguaribe";4;4;1;100;"ALCANÇOU"
"Nordeste";"CE";230700;"Jaguaruana";4;4;1;100;"ALCANÇOU"
"Nordeste";"CE";230710;"Jardim";4;4;1;100;"ALCANÇOU"
"Nordeste";"CE";230720;"Jati";4;4;1;100;"ALCANÇOU"
"Nordeste";"CE";230725;"Jijoca de Jericoacoara";4;4;1;100;"ALCANÇOU"
"Nordeste";"CE";230730;"Juazeiro do Norte";1;4;0,25;25;"NÃO ALCANÇOU"
"Nordeste";"CE";230740;"Jucás";0;4;0;0;"NÃO ALCANÇOU"
"Nordeste";"CE";230750;"Lavras da Mangabeira";3;4;0,75;75;"NÃO ALCANÇOU"
"Nordeste";"CE";230760;"Limoeiro do Norte";4;4;1;100;"ALCANÇOU"
"Nordeste";"CE";230763;"Madalena";4;4;1;100;"ALCANÇOU"
"Nordeste";"CE";230765;"Maracanaú";0;4;0;0;"NÃO ALCANÇOU"
"Nordeste";"CE";230770;"Maranguape";4;4;1;100;"ALCANÇOU"
"Nordeste";"CE";230780;"Marco";3;4;0,75;75;"NÃO ALCANÇOU"
"Nordeste";"CE";230790;"Martinópole";1;4;0,25;25;"NÃO ALCANÇOU"
"Nordeste";"CE";230800;"Massapê";4;4;1;100;"ALCANÇOU"
"Nordeste";"CE";230810;"Mauriti";3;4;0,75;75;"NÃO ALCANÇOU"
"Nordeste";"CE";230820;"Meruoca";1;4;0,25;25;"NÃO ALCANÇOU"
"Nordeste";"CE";230830;"Milagres";3;4;0,75;75;"NÃO ALCANÇOU"
"Nordeste";"CE";230835;"Milhã";3;4;0,75;75;"NÃO ALCANÇOU"
"Nordeste";"CE";230837;"Miraíma";4;4;1;100;"ALCANÇOU"
"Nordeste";"CE";230840;"Missão Velha";3;4;0,75;75;"NÃO ALCANÇOU"
"Nordeste";"CE";230850;"Mombaça";4;4;1;100;"ALCANÇOU"
"Nordeste";"CE";230860;"Monsenhor Tabosa";4;4;1;100;"ALCANÇOU"
"Nordeste";"CE";230870;"Morada Nova";2;4;0,5;50;"NÃO ALCANÇOU"
"Nordeste";"CE";230880;"Moraújo";4;4;1;100;"ALCANÇOU"
"Nordeste";"CE";230890;"Morrinhos";4;4;1;100;"ALCANÇOU"
"Nordeste";"CE";230900;"Mucambo";4;4;1;100;"ALCANÇOU"
"Nordeste";"CE";230910;"Mulungu";4;4;1;100;"ALCANÇOU"
"Nordeste";"CE";230920;"Nova Olinda";4;4;1;100;"ALCANÇOU"
"Nordeste";"CE";230930;"Nova Russas";4;4;1;100;"ALCANÇOU"
"Nordeste";"CE";230940;"Novo Oriente";4;4;1;100;"ALCANÇOU"
"Nordeste";"CE";230945;"Ocara";4;4;1;100;"ALCANÇOU"
"Nordeste";"CE";230950;"Orós";4;4;1;100;"ALCANÇOU"
"Nordeste";"CE";230960;"Pacajus";2;4;0,5;50;"NÃO ALCANÇOU"
"Nordeste";"CE";230970;"Pacatuba";4;4;1;100;"ALCANÇOU"
"Nordeste";"CE";230980;"Pacoti";1;4;0,25;25;"NÃO ALCANÇOU"
"Nordeste";"CE";230990;"Pacujá";3;4;0,75;75;"NÃO ALCANÇOU"
"Nordeste";"CE";231000;"Palhano";4;4;1;100;"ALCANÇOU"
"Nordeste";"CE";231010;"Palmácia";0;4;0;0;"NÃO ALCANÇOU"
"Nordeste";"CE";231020;"Paracuru";4;4;1;100;"ALCANÇOU"
"Nordeste";"CE";231025;"Paraipaba";1;4;0,25;25;"NÃO ALCANÇOU"
"Nordeste";"CE";231030;"Parambu";3;4;0,75;75;"NÃO ALCANÇOU"
"Nordeste";"CE";231040;"Paramoti";4;4;1;100;"ALCANÇOU"
"Nordeste";"CE";231050;"Pedra Branca";4;4;1;100;"ALCANÇOU"
"Nordeste";"CE";231060;"Penaforte";0;4;0;0;"NÃO ALCANÇOU"
"Nordeste";"CE";231070;"Pentecoste";4;4;1;100;"ALCANÇOU"
"Nordeste";"CE";231080;"Pereiro";4;4;1;100;"ALCANÇOU"
"Nordeste";"CE";231085;"Pindoretama";4;4;1;100;"ALCANÇOU"
"Nordeste";"CE";231090;"Piquet Carneiro";4;4;1;100;"ALCANÇOU"
"Nordeste";"CE";231095;"Pires Ferreira";1;4;0,25;25;"NÃO ALCANÇOU"
"Nordeste";"CE";231100;"Poranga";4;4;1;100;"ALCANÇOU"
"Nordeste";"CE";231110;"Porteiras";4;4;1;100;"ALCANÇOU"
"Nordeste";"CE";231120;"Potengi";4;4;1;100;"ALCANÇOU"
"Nordeste";"CE";231123;"Potiretama";4;4;1;100;"ALCANÇOU"
"Nordeste";"CE";231126;"Quiterianópolis";4;4;1;100;"ALCANÇOU"
"Nordeste";"CE";231130;"Quixadá";0;4;0;0;"NÃO ALCANÇOU"
"Nordeste";"CE";231135;"Quixelô";4;4;1;100;"ALCANÇOU"
"Nordeste";"CE";231140;"Quixeramobim";3;4;0,75;75;"NÃO ALCANÇOU"
"Nordeste";"CE";231150;"Quixeré";4;4;1;100;"ALCANÇOU"
"Nordeste";"CE";231160;"Redenção";1;4;0,25;25;"NÃO ALCANÇOU"
"Nordeste";"CE";231170;"Reriutaba";1;4;0,25;25;"NÃO ALCANÇOU"
"Nordeste";"CE";231180;"Russas";4;4;1;100;"ALCANÇOU"
"Nordeste";"CE";231190;"Saboeiro";4;4;1;100;"ALCANÇOU"
"Nordeste";"CE";231195;"Salitre";4;4;1;100;"ALCANÇOU"
"Nordeste";"CE";231200;"Santana do Acaraú";4;4;1;100;"ALCANÇOU"
"Nordeste";"CE";231210;"Santana do Cariri";4;4;1;100;"ALCANÇOU"
"Nordeste";"CE";231220;"Santa Quitéria";4;4;1;100;"ALCANÇOU"
"Nordeste";"CE";231230;"São Benedito";3;4;0,75;75;"NÃO ALCANÇOU"
"Nordeste";"CE";231240;"São Gonçalo do Amarante";4;4;1;100;"ALCANÇOU"
"Nordeste";"CE";231250;"São João do Jaguaribe";4;4;1;100;"ALCANÇOU"
"Nordeste";"CE";231260;"São Luís do Curu";4;4;1;100;"ALCANÇOU"
"Nordeste";"CE";231270;"Senador Pompeu";4;4;1;100;"ALCANÇOU"
"Nordeste";"CE";231280;"Senador Sá";4;4;1;100;"ALCANÇOU"
"Nordeste";"CE";231290;"Sobral";3;4;0,75;75;"NÃO ALCANÇOU"
"Nordeste";"CE";231300;"Solonópole";4;4;1;100;"ALCANÇOU"
"Nordeste";"CE";231310;"Tabuleiro do Norte";4;4;1;100;"ALCANÇOU"
"Nordeste";"CE";231320;"Tamboril";4;4;1;100;"ALCANÇOU"
"Nordeste";"CE";231325;"Tarrafas";4;4;1;100;"ALCANÇOU"
"Nordeste";"CE";231330;"Tauá";2;4;0,5;50;"NÃO ALCANÇOU"
"Nordeste";"CE";231335;"Tejuçuoca";4;4;1;100;"ALCANÇOU"
"Nordeste";"CE";231340;"Tianguá";4;4;1;100;"ALCANÇOU"
"Nordeste";"CE";231350;"Trairi";1;4;0,25;25;"NÃO ALCANÇOU"
"Nordeste";"CE";231355;"Tururu";4;4;1;100;"ALCANÇOU"
"Nordeste";"CE";231360;"Ubajara";4;4;1;100;"ALCANÇOU"
"Nordeste";"CE";231370;"Umari";3;4;0,75;75;"NÃO ALCANÇOU"
"Nordeste";"CE";231375;"Umirim";3;4;0,75;75;"NÃO ALCANÇOU"
"Nordeste";"CE";231380;"Uruburetama";2;4;0,5;50;"NÃO ALCANÇOU"
"Nordeste";"CE";231390;"Uruoca";4;4;1;100;"ALCANÇOU"
"Nordeste";"CE";231395;"Varjota";4;4;1;100;"ALCANÇOU"
"Nordeste";"CE";231400;"Várzea Alegre";3;4;0,75;75;"NÃO ALCANÇOU"
"Nordeste";"CE";231410;"Viçosa do Ceará";4;4;1;100;"ALCANÇOU"
"Nordeste";"RN";240010;"Acari";1;4;0,25;25;"NÃO ALCANÇOU"
"Nordeste";"RN";240020;"Açu";1;4;0,25;25;"NÃO ALCANÇOU"
"Nordeste";"RN";240030;"Afonso Bezerra";1;4;0,25;25;"NÃO ALCANÇOU"
"Nordeste";"RN";240040;"Água Nova";1;4;0,25;25;"NÃO ALCANÇOU"
"Nordeste";"RN";240050;"Alexandria";0;4;0;0;"NÃO ALCANÇOU"
"Nordeste";"RN";240060;"Almino Afonso";0;4;0;0;"NÃO ALCANÇOU"
"Nordeste";"RN";240070;"Alto do Rodrigues";3;4;0,75;75;"NÃO ALCANÇOU"
"Nordeste";"RN";240080;"Angicos";2;4;0,5;50;"NÃO ALCANÇOU"
"Nordeste";"RN";240090;"Antônio Martins";2;4;0,5;50;"NÃO ALCANÇOU"
"Nordeste";"RN";240100;"Apodi";0;4;0;0;"NÃO ALCANÇOU"
"Nordeste";"RN";240110;"Areia Branca";0;4;0;0;"NÃO ALCANÇOU"
"Nordeste";"RN";240120;"Arês";4;4;1;100;"ALCANÇOU"
"Nordeste";"RN";240130;"Campo Grande";4;4;1;100;"ALCANÇOU"
"Nordeste";"RN";240140;"Baía Formosa";1;4;0,25;25;"NÃO ALCANÇOU"
"Nordeste";"RN";240145;"Baraúna";4;4;1;100;"ALCANÇOU"
"Nordeste";"RN";240150;"Barcelona";4;4;1;100;"ALCANÇOU"
"Nordeste";"RN";240160;"Bento Fernandes";1;4;0,25;25;"NÃO ALCANÇOU"
"Nordeste";"RN";240165;"Bodó";1;4;0,25;25;"NÃO ALCANÇOU"
"Nordeste";"RN";240170;"Bom Jesus";0;4;0;0;"NÃO ALCANÇOU"
"Nordeste";"RN";240180;"Brejinho";0;4;0;0;"NÃO ALCANÇOU"
"Nordeste";"RN";240185;"Caiçara do Norte";4;4;1;100;"ALCANÇOU"
"Nordeste";"RN";240190;"Caiçara do Rio do Vento";1;4;0,25;25;"NÃO ALCANÇOU"
"Nordeste";"RN";240200;"Caicó";1;4;0,25;25;"NÃO ALCANÇOU"
"Nordeste";"RN";240210;"Campo Redondo";4;4;1;100;"ALCANÇOU"
"Nordeste";"RN";240220;"Canguaretama";1;4;0,25;25;"NÃO ALCANÇOU"
"Nordeste";"RN";240230;"Caraúbas";0;4;0;0;"NÃO ALCANÇOU"
"Nordeste";"RN";240240;"Carnaúba dos Dantas";1;4;0,25;25;"NÃO ALCANÇOU"
"Nordeste";"RN";240250;"Carnaubais";3;4;0,75;75;"NÃO ALCANÇOU"
"Nordeste";"RN";240260;"Ceará-Mirim";0;4;0;0;"NÃO ALCANÇOU"
"Nordeste";"RN";240270;"Cerro Corá";0;4;0;0;"NÃO ALCANÇOU"
"Nordeste";"RN";240280;"Coronel Ezequiel";1;4;0,25;25;"NÃO ALCANÇOU"
"Nordeste";"RN";240290;"Coronel João Pessoa";0;4;0;0;"NÃO ALCANÇOU"
"Nordeste";"RN";240300;"Cruzeta";4;4;1;100;"ALCANÇOU"
"Nordeste";"RN";240310;"Currais Novos";1;4;0,25;25;"NÃO ALCANÇOU"
"Nordeste";"RN";240320;"Doutor Severiano";3;4;0,75;75;"NÃO ALCANÇOU"
"Nordeste";"RN";240325;"Parnamirim";0;4;0;0;"NÃO ALCANÇOU"
"Nordeste";"RN";240330;"Encanto";0;4;0;0;"NÃO ALCANÇOU"
"Nordeste";"RN";240340;"Equador";4;4;1;100;"ALCANÇOU"
"Nordeste";"RN";240350;"Espírito Santo";2;4;0,5;50;"NÃO ALCANÇOU"
"Nordeste";"RN";240360;"Extremoz";0;4;0;0;"NÃO ALCANÇOU"
"Nordeste";"RN";240370;"Felipe Guerra";4;4;1;100;"ALCANÇOU"
"Nordeste";"RN";240375;"Fernando Pedroza";0;4;0;0;"NÃO ALCANÇOU"
"Nordeste";"RN";240380;"Florânia";4;4;1;100;"ALCANÇOU"
"Nordeste";"RN";240390;"Francisco Dantas";1;4;0,25;25;"NÃO ALCANÇOU"
"Nordeste";"RN";240400;"Frutuoso Gomes";2;4;0,5;50;"NÃO ALCANÇOU"
"Nordeste";"RN";240410;"Galinhos";4;4;1;100;"ALCANÇOU"
"Nordeste";"RN";240420;"Goianinha";3;4;0,75;75;"NÃO ALCANÇOU"
"Nordeste";"RN";240430;"Governador Dix-Sept Rosado";1;4;0,25;25;"NÃO ALCANÇOU"
"Nordeste";"RN";240440;"Grossos";0;4;0;0;"NÃO ALCANÇOU"
"Nordeste";"RN";240450;"Guamaré";0;4;0;0;"NÃO ALCANÇOU"
"Nordeste";"RN";240460;"Ielmo Marinho";2;4;0,5;50;"NÃO ALCANÇOU"
"Nordeste";"RN";240470;"Ipanguaçu";0;4;0;0;"NÃO ALCANÇOU"
"Nordeste";"RN";240480;"Ipueira";4;4;1;100;"ALCANÇOU"
"Nordeste";"RN";240485;"Itajá";0;4;0;0;"NÃO ALCANÇOU"
"Nordeste";"RN";240490;"Itaú";1;4;0,25;25;"NÃO ALCANÇOU"
"Nordeste";"RN";240500;"Jaçanã";0;4;0;0;"NÃO ALCANÇOU"
"Nordeste";"RN";240510;"Jandaíra";4;4;1;100;"ALCANÇOU"
"Nordeste";"RN";240520;"Janduís";4;4;1;100;"ALCANÇOU"
"Nordeste";"RN";240530;"Januário Cicco";4;4;1;100;"ALCANÇOU"
"Nordeste";"RN";240540;"Japi";4;4;1;100;"ALCANÇOU"
"Nordeste";"RN";240550;"Jardim de Angicos";4;4;1;100;"ALCANÇOU"
"Nordeste";"RN";240560;"Jardim de Piranhas";4;4;1;100;"ALCANÇOU"
"Nordeste";"RN";240570;"Jardim do Seridó";4;4;1;100;"ALCANÇOU"
"Nordeste";"RN";240580;"João Câmara";0;4;0;0;"NÃO ALCANÇOU"
"Nordeste";"RN";240590;"João Dias";0;4;0;0;"NÃO ALCANÇOU"
"Nordeste";"RN";240600;"José da Penha";3;4;0,75;75;"NÃO ALCANÇOU"
"Nordeste";"RN";240610;"Jucurutu";4;4;1;100;"ALCANÇOU"
"Nordeste";"RN";240615;"Jundiá";1;4;0,25;25;"NÃO ALCANÇOU"
"Nordeste";"RN";240620;"Lagoa d'Anta";4;4;1;100;"ALCANÇOU"
"Nordeste";"RN";240630;"Lagoa de Pedras";4;4;1;100;"ALCANÇOU"
"Nordeste";"RN";240640;"Lagoa de Velhos";2;4;0,5;50;"NÃO ALCANÇOU"
"Nordeste";"RN";240650;"Lagoa Nova";4;4;1;100;"ALCANÇOU"
"Nordeste";"RN";240660;"Lagoa Salgada";4;4;1;100;"ALCANÇOU"
"Nordeste";"RN";240670;"Lajes";0;4;0;0;"NÃO ALCANÇOU"
"Nordeste";"RN";240680;"Lajes Pintadas";1;4;0,25;25;"NÃO ALCANÇOU"
"Nordeste";"RN";240690;"Lucrécia";3;4;0,75;75;"NÃO ALCANÇOU"
"Nordeste";"RN";240700;"Luís Gomes";4;4;1;100;"ALCANÇOU"
"Nordeste";"RN";240710;"Macaíba";3;4;0,75;75;"NÃO ALCANÇOU"
"Nordeste";"RN";240720;"Macau";0;4;0;0;"NÃO ALCANÇOU"
"Nordeste";"RN";240725;"Major Sales";3;4;0,75;75;"NÃO ALCANÇOU"
"Nordeste";"RN";240730;"Marcelino Vieira";3;4;0,75;75;"NÃO ALCANÇOU"
"Nordeste";"RN";240740;"Martins";1;4;0,25;25;"NÃO ALCANÇOU"
"Nordeste";"RN";240750;"Maxaranguape";1;4;0,25;25;"NÃO ALCANÇOU"
"Nordeste";"RN";240760;"Messias Targino";1;4;0,25;25;"NÃO ALCANÇOU"
"Nordeste";"RN";240770;"Montanhas";3;4;0,75;75;"NÃO ALCANÇOU"
"Nordeste";"RN";240780;"Monte Alegre";3;4;0,75;75;"NÃO ALCANÇOU"
"Nordeste";"RN";240790;"Monte das Gameleiras";3;4;0,75;75;"NÃO ALCANÇOU"
"Nordeste";"RN";240800;"Mossoró";0;4;0;0;"NÃO ALCANÇOU"
"Nordeste";"RN";240810;"Natal";0;4;0;0;"NÃO ALCANÇOU"
"Nordeste";"RN";240820;"Nísia Floresta";2;4;0,5;50;"NÃO ALCANÇOU"
"Nordeste";"RN";240830;"Nova Cruz";0;4;0;0;"NÃO ALCANÇOU"
"Nordeste";"RN";240840;"Olho d'Água do Borges";4;4;1;100;"ALCANÇOU"
"Nordeste";"RN";240850;"Ouro Branco";1;4;0,25;25;"NÃO ALCANÇOU"
"Nordeste";"RN";240860;"Paraná";0;4;0;0;"NÃO ALCANÇOU"
"Nordeste";"RN";240870;"Paraú";4;4;1;100;"ALCANÇOU"
"Nordeste";"RN";240880;"Parazinho";4;4;1;100;"ALCANÇOU"
"Nordeste";"RN";240890;"Parelhas";3;4;0,75;75;"NÃO ALCANÇOU"
"Nordeste";"RN";240895;"Rio do Fogo";1;4;0,25;25;"NÃO ALCANÇOU"
"Nordeste";"RN";240910;"Passa e Fica";1;4;0,25;25;"NÃO ALCANÇOU"
"Nordeste";"RN";240920;"Passagem";2;4;0,5;50;"NÃO ALCANÇOU"
"Nordeste";"RN";240930;"Patu";3;4;0,75;75;"NÃO ALCANÇOU"
"Nordeste";"RN";240933;"Santa Maria";2;4;0,5;50;"NÃO ALCANÇOU"
"Nordeste";"RN";240940;"Pau dos Ferros";0;4;0;0;"NÃO ALCANÇOU"
"Nordeste";"RN";240950;"Pedra Grande";4;4;1;100;"ALCANÇOU"
"Nordeste";"RN";240960;"Pedra Preta";4;4;1;100;"ALCANÇOU"
"Nordeste";"RN";240970;"Pedro Avelino";1;4;0,25;25;"NÃO ALCANÇOU"
"Nordeste";"RN";240980;"Pedro Velho";0;4;0;0;"NÃO ALCANÇOU"
"Nordeste";"RN";240990;"Pendências";4;4;1;100;"ALCANÇOU"
"Nordeste";"RN";241000;"Pilões";3;4;0,75;75;"NÃO ALCANÇOU"
"Nordeste";"RN";241010;"Poço Branco";3;4;0,75;75;"NÃO ALCANÇOU"
"Nordeste";"RN";241020;"Portalegre";4;4;1;100;"ALCANÇOU"
"Nordeste";"RN";241025;"Porto do Mangue";1;4;0,25;25;"NÃO ALCANÇOU"
"Nordeste";"RN";241030;"Serra Caiada";4;4;1;100;"ALCANÇOU"
"Nordeste";"RN";241040;"Pureza";4;4;1;100;"ALCANÇOU"
"Nordeste";"RN";241050;"Rafael Fernandes";0;4;0;0;"NÃO ALCANÇOU"
"Nordeste";"RN";241060;"Rafael Godeiro";3;4;0,75;75;"NÃO ALCANÇOU"
"Nordeste";"RN";241070;"Riacho da Cruz";3;4;0,75;75;"NÃO ALCANÇOU"
"Nordeste";"RN";241080;"Riacho de Santana";2;4;0,5;50;"NÃO ALCANÇOU"
"Nordeste";"RN";241090;"Riachuelo";4;4;1;100;"ALCANÇOU"
"Nordeste";"RN";241100;"Rodolfo Fernandes";0;4;0;0;"NÃO ALCANÇOU"
"Nordeste";"RN";241105;"Tibau";3;4;0,75;75;"NÃO ALCANÇOU"
"Nordeste";"RN";241110;"Ruy Barbosa";2;4;0,5;50;"NÃO ALCANÇOU"
"Nordeste";"RN";241120;"Santa Cruz";0;4;0;0;"NÃO ALCANÇOU"
"Nordeste";"RN";241140;"Santana do Matos";3;4;0,75;75;"NÃO ALCANÇOU"
"Nordeste";"RN";241142;"Santana do Seridó";3;4;0,75;75;"NÃO ALCANÇOU"
"Nordeste";"RN";241150;"Santo Antônio";1;4;0,25;25;"NÃO ALCANÇOU"
"Nordeste";"RN";241160;"São Bento do Norte";0;4;0;0;"NÃO ALCANÇOU"
"Nordeste";"RN";241170;"São Bento do Trairí";1;4;0,25;25;"NÃO ALCANÇOU"
"Nordeste";"RN";241180;"São Fernando";2;4;0,5;50;"NÃO ALCANÇOU"
"Nordeste";"RN";241190;"São Francisco do Oeste";3;4;0,75;75;"NÃO ALCANÇOU"
"Nordeste";"RN";241200;"São Gonçalo do Amarante";1;4;0,25;25;"NÃO ALCANÇOU"
"Nordeste";"RN";241210;"São João do Sabugi";4;4;1;100;"ALCANÇOU"
"Nordeste";"RN";241220;"São José de Mipibu";2;4;0,5;50;"NÃO ALCANÇOU"
"Nordeste";"RN";241230;"São José do Campestre";1;4;0,25;25;"NÃO ALCANÇOU"
"Nordeste";"RN";241240;"São José do Seridó";4;4;1;100;"ALCANÇOU"
"Nordeste";"RN";241250;"São Miguel";1;4;0,25;25;"NÃO ALCANÇOU"
"Nordeste";"RN";241255;"São Miguel do Gostoso";1;4;0,25;25;"NÃO ALCANÇOU"
"Nordeste";"RN";241260;"São Paulo do Potengi";4;4;1;100;"ALCANÇOU"
"Nordeste";"RN";241270;"São Pedro";0;4;0;0;"NÃO ALCANÇOU"
"Nordeste";"RN";241280;"São Rafael";0;4;0;0;"NÃO ALCANÇOU"
"Nordeste";"RN";241290;"São Tomé";4;4;1;100;"ALCANÇOU"
"Nordeste";"RN";241300;"São Vicente";2;4;0,5;50;"NÃO ALCANÇOU"
"Nordeste";"RN";241310;"Senador Elói de Souza";4;4;1;100;"ALCANÇOU"
"Nordeste";"RN";241320;"Senador Georgino Avelino";0;4;0;0;"NÃO ALCANÇOU"
"Nordeste";"RN";241330;"Serra de São Bento";4;4;1;100;"ALCANÇOU"
"Nordeste";"RN";241335;"Serra do Mel";0;4;0;0;"NÃO ALCANÇOU"
"Nordeste";"RN";241340;"Serra Negra do Norte";0;4;0;0;"NÃO ALCANÇOU"
"Nordeste";"RN";241350;"Serrinha";2;4;0,5;50;"NÃO ALCANÇOU"
"Nordeste";"RN";241355;"Serrinha dos Pintos";1;4;0,25;25;"NÃO ALCANÇOU"
"Nordeste";"RN";241360;"Severiano Melo";4;4;1;100;"ALCANÇOU"
"Nordeste";"RN";241370;"Sítio Novo";1;4;0,25;25;"NÃO ALCANÇOU"
"Nordeste";"RN";241380;"Taboleiro Grande";4;4;1;100;"ALCANÇOU"
"Nordeste";"RN";241390;"Taipu";2;4;0,5;50;"NÃO ALCANÇOU"
"Nordeste";"RN";241400;"Tangará";4;4;1;100;"ALCANÇOU"
"Nordeste";"RN";241410;"Tenente Ananias";4;4;1;100;"ALCANÇOU"
"Nordeste";"RN";241415;"Tenente Laurentino Cruz";4;4;1;100;"ALCANÇOU"
"Nordeste";"RN";241420;"Tibau do Sul";1;4;0,25;25;"NÃO ALCANÇOU"
"Nordeste";"RN";241430;"Timbaúba dos Batistas";3;4;0,75;75;"NÃO ALCANÇOU"
"Nordeste";"RN";241440;"Touros";4;4;1;100;"ALCANÇOU"
"Nordeste";"RN";241445;"Triunfo Potiguar";4;4;1;100;"ALCANÇOU"
"Nordeste";"RN";241450;"Umarizal";3;4;0,75;75;"NÃO ALCANÇOU"
"Nordeste";"RN";241460;"Upanema";4;4;1;100;"ALCANÇOU"
"Nordeste";"RN";241470;"Várzea";4;4;1;100;"ALCANÇOU"
"Nordeste";"RN";241475;"Venha-Ver";3;4;0,75;75;"NÃO ALCANÇOU"
"Nordeste";"RN";241480;"Vera Cruz";4;4;1;100;"ALCANÇOU"
"Nordeste";"RN";241490;"Viçosa";0;4;0;0;"NÃO ALCANÇOU"
"Nordeste";"RN";241500;"Vila Flor";1;4;0,25;25;"NÃO ALCANÇOU"
"Nordeste";"PB";250010;"Água Branca";1;4;0,25;25;"NÃO ALCANÇOU"
"Nordeste";"PB";250020;"Aguiar";1;4;0,25;25;"NÃO ALCANÇOU"
"Nordeste";"PB";250030;"Alagoa Grande";4;4;1;100;"ALCANÇOU"
"Nordeste";"PB";250040;"Alagoa Nova";4;4;1;100;"ALCANÇOU"
"Nordeste";"PB";250050;"Alagoinha";3;4;0,75;75;"NÃO ALCANÇOU"
"Nordeste";"PB";250053;"Alcantil";0;4;0;0;"NÃO ALCANÇOU"
"Nordeste";"PB";250057;"Algodão de Jandaíra";4;4;1;100;"ALCANÇOU"
"Nordeste";"PB";250060;"Alhandra";4;4;1;100;"ALCANÇOU"
"Nordeste";"PB";250070;"São João do Rio do Peixe";4;4;1;100;"ALCANÇOU"
"Nordeste";"PB";250073;"Amparo";0;4;0;0;"NÃO ALCANÇOU"
"Nordeste";"PB";250077;"Aparecida";4;4;1;100;"ALCANÇOU"
"Nordeste";"PB";250080;"Araçagi";4;4;1;100;"ALCANÇOU"
"Nordeste";"PB";250090;"Arara";3;4;0,75;75;"NÃO ALCANÇOU"
"Nordeste";"PB";250100;"Araruna";3;4;0,75;75;"NÃO ALCANÇOU"
"Nordeste";"PB";250110;"Areia";1;4;0,25;25;"NÃO ALCANÇOU"
"Nordeste";"PB";250115;"Areia de Baraúnas";1;4;0,25;25;"NÃO ALCANÇOU"
"Nordeste";"PB";250120;"Areial";2;4;0,5;50;"NÃO ALCANÇOU"
"Nordeste";"PB";250130;"Aroeiras";1;4;0,25;25;"NÃO ALCANÇOU"
"Nordeste";"PB";250135;"Assunção";4;4;1;100;"ALCANÇOU"
"Nordeste";"PB";250140;"Baía da Traição";2;4;0,5;50;"NÃO ALCANÇOU"
"Nordeste";"PB";250150;"Bananeiras";4;4;1;100;"ALCANÇOU"
"Nordeste";"PB";250153;"Baraúna";4;4;1;100;"ALCANÇOU"
"Nordeste";"PB";250157;"Barra de Santana";3;4;0,75;75;"NÃO ALCANÇOU"
"Nordeste";"PB";250160;"Barra de Santa Rosa";1;4;0,25;25;"NÃO ALCANÇOU"
"Nordeste";"PB";250170;"Barra de São Miguel";4;4;1;100;"ALCANÇOU"
"Nordeste";"PB";250180;"Bayeux";0;4;0;0;"NÃO ALCANÇOU"
"Nordeste";"PB";250190;"Belém";4;4;1;100;"ALCANÇOU"
"Nordeste";"PB";250200;"Belém do Brejo do Cruz";3;4;0,75;75;"NÃO ALCANÇOU"
"Nordeste";"PB";250205;"Bernardino Batista";4;4;1;100;"ALCANÇOU"
"Nordeste";"PB";250210;"Boa Ventura";4;4;1;100;"ALCANÇOU"
"Nordeste";"PB";250215;"Boa Vista";2;4;0,5;50;"NÃO ALCANÇOU"
"Nordeste";"PB";250220;"Bom Jesus";4;4;1;100;"ALCANÇOU"
"Nordeste";"PB";250230;"Bom Sucesso";1;4;0,25;25;"NÃO ALCANÇOU"
"Nordeste";"PB";250240;"Bonito de Santa Fé";4;4;1;100;"ALCANÇOU"
"Nordeste";"PB";250250;"Boqueirão";1;4;0,25;25;"NÃO ALCANÇOU"
"Nordeste";"PB";250260;"Igaracy";3;4;0,75;75;"NÃO ALCANÇOU"
"Nordeste";"PB";250270;"Borborema";2;4;0,5;50;"NÃO ALCANÇOU"
"Nordeste";"PB";250280;"Brejo do Cruz";3;4;0,75;75;"NÃO ALCANÇOU"
"Nordeste";"PB";250290;"Brejo dos Santos";4;4;1;100;"ALCANÇOU"
"Nordeste";"PB";250300;"Caaporã";4;4;1;100;"ALCANÇOU"
"Nordeste";"PB";250310;"Cabaceiras";2;4;0,5;50;"NÃO ALCANÇOU"
"Nordeste";"PB";250320;"Cabedelo";2;4;0,5;50;"NÃO ALCANÇOU"
"Nordeste";"PB";250330;"Cachoeira dos Índios";3;4;0,75;75;"NÃO ALCANÇOU"
"Nordeste";"PB";250340;"Cacimba de Areia";1;4;0,25;25;"NÃO ALCANÇOU"
"Nordeste";"PB";250350;"Cacimba de Dentro";4;4;1;100;"ALCANÇOU"
"Nordeste";"PB";250355;"Cacimbas";1;4;0,25;25;"NÃO ALCANÇOU"
"Nordeste";"PB";250360;"Caiçara";4;4;1;100;"ALCANÇOU"
"Nordeste";"PB";250370;"Cajazeiras";1;4;0,25;25;"NÃO ALCANÇOU"
"Nordeste";"PB";250375;"Cajazeirinhas";1;4;0,25;25;"NÃO ALCANÇOU"
"Nordeste";"PB";250380;"Caldas Brandão";4;4;1;100;"ALCANÇOU"
"Nordeste";"PB";250390;"Camalaú";2;4;0,5;50;"NÃO ALCANÇOU"
"Nordeste";"PB";250400;"Campina Grande";0;4;0;0;"NÃO ALCANÇOU"
"Nordeste";"PB";250403;"Capim";4;4;1;100;"ALCANÇOU"
"Nordeste";"PB";250407;"Caraúbas";1;4;0,25;25;"NÃO ALCANÇOU"
"Nordeste";"PB";250410;"Carrapateira";4;4;1;100;"ALCANÇOU"
"Nordeste";"PB";250415;"Casserengue";1;4;0,25;25;"NÃO ALCANÇOU"
"Nordeste";"PB";250420;"Catingueira";4;4;1;100;"ALCANÇOU"
"Nordeste";"PB";250430;"Catolé do Rocha";3;4;0,75;75;"NÃO ALCANÇOU"
"Nordeste";"PB";250435;"Caturité";4;4;1;100;"ALCANÇOU"
"Nordeste";"PB";250440;"Conceição";4;4;1;100;"ALCANÇOU"
"Nordeste";"PB";250450;"Condado";4;4;1;100;"ALCANÇOU"
"Nordeste";"PB";250460;"Conde";2;4;0,5;50;"NÃO ALCANÇOU"
"Nordeste";"PB";250470;"Congo";0;4;0;0;"NÃO ALCANÇOU"
"Nordeste";"PB";250480;"Coremas";4;4;1;100;"ALCANÇOU"
"Nordeste";"PB";250485;"Coxixola";2;4;0,5;50;"NÃO ALCANÇOU"
"Nordeste";"PB";250490;"Cruz do Espírito Santo";4;4;1;100;"ALCANÇOU"
"Nordeste";"PB";250500;"Cubati";1;4;0,25;25;"NÃO ALCANÇOU"
"Nordeste";"PB";250510;"Cuité";3;4;0,75;75;"NÃO ALCANÇOU"
"Nordeste";"PB";250520;"Cuitegi";1;4;0,25;25;"NÃO ALCANÇOU"
"Nordeste";"PB";250523;"Cuité de Mamanguape";4;4;1;100;"ALCANÇOU"
"Nordeste";"PB";250527;"Curral de Cima";4;4;1;100;"ALCANÇOU"
"Nordeste";"PB";250530;"Curral Velho";4;4;1;100;"ALCANÇOU"
"Nordeste";"PB";250535;"Damião";2;4;0,5;50;"NÃO ALCANÇOU"
"Nordeste";"PB";250540;"Desterro";2;4;0,5;50;"NÃO ALCANÇOU"
"Nordeste";"PB";250550;"Vista Serrana";3;4;0,75;75;"NÃO ALCANÇOU"
"Nordeste";"PB";250560;"Diamante";4;4;1;100;"ALCANÇOU"
"Nordeste";"PB";250570;"Dona Inês";4;4;1;100;"ALCANÇOU"
"Nordeste";"PB";250580;"Duas Estradas";4;4;1;100;"ALCANÇOU"
"Nordeste";"PB";250590;"Emas";4;4;1;100;"ALCANÇOU"
"Nordeste";"PB";250600;"Esperança";3;4;0,75;75;"NÃO ALCANÇOU"
"Nordeste";"PB";250610;"Fagundes";3;4;0,75;75;"NÃO ALCANÇOU"
"Nordeste";"PB";250620;"Frei Martinho";4;4;1;100;"ALCANÇOU"
"Nordeste";"PB";250625;"Gado Bravo";1;4;0,25;25;"NÃO ALCANÇOU"
"Nordeste";"PB";250630;"Guarabira";0;4;0;0;"NÃO ALCANÇOU"
"Nordeste";"PB";250640;"Gurinhém";3;4;0,75;75;"NÃO ALCANÇOU"
"Nordeste";"PB";250650;"Gurjão";3;4;0,75;75;"NÃO ALCANÇOU"
"Nordeste";"PB";250660;"Ibiara";1;4;0,25;25;"NÃO ALCANÇOU"
"Nordeste";"PB";250670;"Imaculada";1;4;0,25;25;"NÃO ALCANÇOU"
"Nordeste";"PB";250680;"Ingá";1;4;0,25;25;"NÃO ALCANÇOU"
"Nordeste";"PB";250690;"Itabaiana";1;4;0,25;25;"NÃO ALCANÇOU"
"Nordeste";"PB";250700;"Itaporanga";0;4;0;0;"NÃO ALCANÇOU"
"Nordeste";"PB";250710;"Itapororoca";4;4;1;100;"ALCANÇOU"
"Nordeste";"PB";250720;"Itatuba";4;4;1;100;"ALCANÇOU"
"Nordeste";"PB";250730;"Jacaraú";1;4;0,25;25;"NÃO ALCANÇOU"
"Nordeste";"PB";250740;"Jericó";4;4;1;100;"ALCANÇOU"
"Nordeste";"PB";250750;"João Pessoa";0;4;0;0;"NÃO ALCANÇOU"
"Nordeste";"PB";250760;"Juarez Távora";4;4;1;100;"ALCANÇOU"
"Nordeste";"PB";250770;"Juazeirinho";1;4;0,25;25;"NÃO ALCANÇOU"
"Nordeste";"PB";250780;"Junco do Seridó";1;4;0,25;25;"NÃO ALCANÇOU"
"Nordeste";"PB";250790;"Juripiranga";0;4;0;0;"NÃO ALCANÇOU"
"Nordeste";"PB";250800;"Juru";4;4;1;100;"ALCANÇOU"
"Nordeste";"PB";250810;"Lagoa";4;4;1;100;"ALCANÇOU"
"Nordeste";"PB";250820;"Lagoa de Dentro";4;4;1;100;"ALCANÇOU"
"Nordeste";"PB";250830;"Lagoa Seca";1;4;0,25;25;"NÃO ALCANÇOU"
"Nordeste";"PB";250840;"Lastro";4;4;1;100;"ALCANÇOU"
"Nordeste";"PB";250850;"Livramento";3;4;0,75;75;"NÃO ALCANÇOU"
"Nordeste";"PB";250855;"Logradouro";4;4;1;100;"ALCANÇOU"
"Nordeste";"PB";250860;"Lucena";1;4;0,25;25;"NÃO ALCANÇOU"
"Nordeste";"PB";250870;"Mãe d'Água";4;4;1;100;"ALCANÇOU"
"Nordeste";"PB";250880;"Malta";3;4;0,75;75;"NÃO ALCANÇOU"
"Nordeste";"PB";250890;"Mamanguape";0;4;0;0;"NÃO ALCANÇOU"
"Nordeste";"PB";250900;"Manaíra";4;4;1;100;"ALCANÇOU"
"Nordeste";"PB";250905;"Marcação";4;4;1;100;"ALCANÇOU"
"Nordeste";"PB";250910;"Mari";4;4;1;100;"ALCANÇOU"
"Nordeste";"PB";250915;"Marizópolis";4;4;1;100;"ALCANÇOU"
"Nordeste";"PB";250920;"Massaranduba";4;4;1;100;"ALCANÇOU"
"Nordeste";"PB";250930;"Mataraca";4;4;1;100;"ALCANÇOU"
"Nordeste";"PB";250933;"Matinhas";2;4;0,5;50;"NÃO ALCANÇOU"
"Nordeste";"PB";250937;"Mato Grosso";1;4;0,25;25;"NÃO ALCANÇOU"
"Nordeste";"PB";250939;"Maturéia";4;4;1;100;"ALCANÇOU"
"Nordeste";"PB";250940;"Mogeiro";3;4;0,75;75;"NÃO ALCANÇOU"
"Nordeste";"PB";250950;"Montadas";4;4;1;100;"ALCANÇOU"
"Nordeste";"PB";250960;"Monte Horebe";1;4;0,25;25;"NÃO ALCANÇOU"
"Nordeste";"PB";250970;"Monteiro";0;4;0;0;"NÃO ALCANÇOU"
"Nordeste";"PB";250980;"Mulungu";4;4;1;100;"ALCANÇOU"
"Nordeste";"PB";250990;"Natuba";1;4;0,25;25;"NÃO ALCANÇOU"
"Nordeste";"PB";251000;"Nazarezinho";3;4;0,75;75;"NÃO ALCANÇOU"
"Nordeste";"PB";251010;"Nova Floresta";4;4;1;100;"ALCANÇOU"
"Nordeste";"PB";251020;"Nova Olinda";2;4;0,5;50;"NÃO ALCANÇOU"
"Nordeste";"PB";251030;"Nova Palmeira";3;4;0,75;75;"NÃO ALCANÇOU"
"Nordeste";"PB";251040;"Olho d'Água";0;4;0;0;"NÃO ALCANÇOU"
"Nordeste";"PB";251050;"Olivedos";1;4;0,25;25;"NÃO ALCANÇOU"
"Nordeste";"PB";251060;"Ouro Velho";4;4;1;100;"ALCANÇOU"
"Nordeste";"PB";251065;"Parari";4;4;1;100;"ALCANÇOU"
"Nordeste";"PB";251070;"Passagem";3;4;0,75;75;"NÃO ALCANÇOU"
"Nordeste";"PB";251080;"Patos";0;4;0;0;"NÃO ALCANÇOU"
"Nordeste";"PB";251090;"Paulista";4;4;1;100;"ALCANÇOU"
"Nordeste";"PB";251100;"Pedra Branca";3;4;0,75;75;"NÃO ALCANÇOU"
"Nordeste";"PB";251110;"Pedra Lavrada";4;4;1;100;"ALCANÇOU"
"Nordeste";"PB";251120;"Pedras de Fogo";0;4;0;0;"NÃO ALCANÇOU"
"Nordeste";"PB";251130;"Piancó";3;4;0,75;75;"NÃO ALCANÇOU"
"Nordeste";"PB";251140;"Picuí";1;4;0,25;25;"NÃO ALCANÇOU"
"Nordeste";"PB";251150;"Pilar";4;4;1;100;"ALCANÇOU"
"Nordeste";"PB";251160;"Pilões";4;4;1;100;"ALCANÇOU"
"Nordeste";"PB";251170;"Pilõezinhos";4;4;1;100;"ALCANÇOU"
"Nordeste";"PB";251180;"Pirpirituba";1;4;0,25;25;"NÃO ALCANÇOU"
"Nordeste";"PB";251190;"Pitimbu";1;4;0,25;25;"NÃO ALCANÇOU"
"Nordeste";"PB";251200;"Pocinhos";4;4;1;100;"ALCANÇOU"
"Nordeste";"PB";251203;"Poço Dantas";4;4;1;100;"ALCANÇOU"
"Nordeste";"PB";251207;"Poço de José de Moura";4;4;1;100;"ALCANÇOU"
"Nordeste";"PB";251210;"Pombal";2;4;0,5;50;"NÃO ALCANÇOU"
"Nordeste";"PB";251220;"Prata";4;4;1;100;"ALCANÇOU"
"Nordeste";"PB";251230;"Princesa Isabel";3;4;0,75;75;"NÃO ALCANÇOU"
"Nordeste";"PB";251240;"Puxinanã";4;4;1;100;"ALCANÇOU"
"Nordeste";"PB";251250;"Queimadas";1;4;0,25;25;"NÃO ALCANÇOU"
"Nordeste";"PB";251260;"Quixaba";4;4;1;100;"ALCANÇOU"
"Nordeste";"PB";251270;"Remígio";4;4;1;100;"ALCANÇOU"
"Nordeste";"PB";251272;"Pedro Régis";4;4;1;100;"ALCANÇOU"
"Nordeste";"PB";251274;"Riachão";4;4;1;100;"ALCANÇOU"
"Nordeste";"PB";251275;"Riachão do Bacamarte";4;4;1;100;"ALCANÇOU"
"Nordeste";"PB";251276;"Riachão do Poço";3;4;0,75;75;"NÃO ALCANÇOU"
"Nordeste";"PB";251278;"Riacho de Santo Antônio";2;4;0,5;50;"NÃO ALCANÇOU"
"Nordeste";"PB";251280;"Riacho dos Cavalos";2;4;0,5;50;"NÃO ALCANÇOU"
"Nordeste";"PB";251290;"Rio Tinto";4;4;1;100;"ALCANÇOU"
"Nordeste";"PB";251300;"Salgadinho";1;4;0,25;25;"NÃO ALCANÇOU"
"Nordeste";"PB";251310;"Salgado de São Félix";4;4;1;100;"ALCANÇOU"
"Nordeste";"PB";251315;"Santa Cecília";3;4;0,75;75;"NÃO ALCANÇOU"
"Nordeste";"PB";251320;"Santa Cruz";0;4;0;0;"NÃO ALCANÇOU"
"Nordeste";"PB";251330;"Santa Helena";3;4;0,75;75;"NÃO ALCANÇOU"
"Nordeste";"PB";251335;"Santa Inês";1;4;0,25;25;"NÃO ALCANÇOU"
"Nordeste";"PB";251340;"Santa Luzia";0;4;0;0;"NÃO ALCANÇOU"
"Nordeste";"PB";251350;"Santana de Mangueira";3;4;0,75;75;"NÃO ALCANÇOU"
"Nordeste";"PB";251360;"Santana dos Garrotes";4;4;1;100;"ALCANÇOU"
"Nordeste";"PB";251365;"Joca Claudino";4;4;1;100;"ALCANÇOU"
"Nordeste";"PB";251370;"Santa Rita";0;4;0;0;"NÃO ALCANÇOU"
"Nordeste";"PB";251380;"Santa Teresinha";0;4;0;0;"NÃO ALCANÇOU"
"Nordeste";"PB";251385;"Santo André";4;4;1;100;"ALCANÇOU"
"Nordeste";"PB";251390;"São Bento";0;4;0;0;"NÃO ALCANÇOU"
"Nordeste";"PB";251392;"São Bentinho";1;4;0,25;25;"NÃO ALCANÇOU"
"Nordeste";"PB";251394;"São Domingos do Cariri";4;4;1;100;"ALCANÇOU"
"Nordeste";"PB";251396;"São Domingos";1;4;0,25;25;"NÃO ALCANÇOU"
"Nordeste";"PB";251398;"São Francisco";3;4;0,75;75;"NÃO ALCANÇOU"
"Nordeste";"PB";251400;"São João do Cariri";4;4;1;100;"ALCANÇOU"
"Nordeste";"PB";251410;"São João do Tigre";4;4;1;100;"ALCANÇOU"
"Nordeste";"PB";251420;"São José da Lagoa Tapada";4;4;1;100;"ALCANÇOU"
"Nordeste";"PB";251430;"São José de Caiana";4;4;1;100;"ALCANÇOU"
"Nordeste";"PB";251440;"São José de Espinharas";4;4;1;100;"ALCANÇOU"
"Nordeste";"PB";251445;"São José dos Ramos";4;4;1;100;"ALCANÇOU"
"Nordeste";"PB";251450;"São José de Piranhas";0;4;0;0;"NÃO ALCANÇOU"
"Nordeste";"PB";251455;"São José de Princesa";4;4;1;100;"ALCANÇOU"
"Nordeste";"PB";251460;"São José do Bonfim";0;4;0;0;"NÃO ALCANÇOU"
"Nordeste";"PB";251465;"São José do Brejo do Cruz";1;4;0,25;25;"NÃO ALCANÇOU"
"Nordeste";"PB";251470;"São José do Sabugi";4;4;1;100;"ALCANÇOU"
"Nordeste";"PB";251480;"São José dos Cordeiros";1;4;0,25;25;"NÃO ALCANÇOU"
"Nordeste";"PB";251490;"São Mamede";1;4;0,25;25;"NÃO ALCANÇOU"
"Nordeste";"PB";251500;"São Miguel de Taipu";4;4;1;100;"ALCANÇOU"
"Nordeste";"PB";251510;"São Sebastião de Lagoa de Roça";4;4;1;100;"ALCANÇOU"
"Nordeste";"PB";251520;"São Sebastião do Umbuzeiro";1;4;0,25;25;"NÃO ALCANÇOU"
"Nordeste";"PB";251530;"Sapé";0;4;0;0;"NÃO ALCANÇOU"
"Nordeste";"PB";251540;"São Vicente do Seridó";4;4;1;100;"ALCANÇOU"
"Nordeste";"PB";251550;"Serra Branca";1;4;0,25;25;"NÃO ALCANÇOU"
"Nordeste";"PB";251560;"Serra da Raiz";4;4;1;100;"ALCANÇOU"
"Nordeste";"PB";251570;"Serra Grande";3;4;0,75;75;"NÃO ALCANÇOU"
"Nordeste";"PB";251580;"Serra Redonda";4;4;1;100;"ALCANÇOU"
"Nordeste";"PB";251590;"Serraria";4;4;1;100;"ALCANÇOU"
"Nordeste";"PB";251593;"Sertãozinho";1;4;0,25;25;"NÃO ALCANÇOU"
"Nordeste";"PB";251597;"Sobrado";4;4;1;100;"ALCANÇOU"
"Nordeste";"PB";251600;"Solânea";1;4;0,25;25;"NÃO ALCANÇOU"
"Nordeste";"PB";251610;"Soledade";4;4;1;100;"ALCANÇOU"
"Nordeste";"PB";251615;"Sossêgo";3;4;0,75;75;"NÃO ALCANÇOU"
"Nordeste";"PB";251620;"Sousa";0;4;0;0;"NÃO ALCANÇOU"
"Nordeste";"PB";251630;"Sumé";1;4;0,25;25;"NÃO ALCANÇOU"
"Nordeste";"PB";251640;"Tacima";1;4;0,25;25;"NÃO ALCANÇOU"
"Nordeste";"PB";251650;"Taperoá";4;4;1;100;"ALCANÇOU"
"Nordeste";"PB";251660;"Tavares";4;4;1;100;"ALCANÇOU"
"Nordeste";"PB";251670;"Teixeira";1;4;0,25;25;"NÃO ALCANÇOU"
"Nordeste";"PB";251675;"Tenório";3;4;0,75;75;"NÃO ALCANÇOU"
"Nordeste";"PB";251680;"Triunfo";2;4;0,5;50;"NÃO ALCANÇOU"
"Nordeste";"PB";251690;"Uiraúna";4;4;1;100;"ALCANÇOU"
"Nordeste";"PB";251700;"Umbuzeiro";4;4;1;100;"ALCANÇOU"
"Nordeste";"PB";251710;"Várzea";4;4;1;100;"ALCANÇOU"
"Nordeste";"PB";251720;"Vieirópolis";4;4;1;100;"ALCANÇOU"
"Nordeste";"PB";251740;"Zabelê";4;4;1;100;"ALCANÇOU"
"Nordeste";"PE";260005;"Abreu e Lima";0;4;0;0;"NÃO ALCANÇOU"
"Nordeste";"PE";260010;"Afogados da Ingazeira";0;4;0;0;"NÃO ALCANÇOU"
"Nordeste";"PE";260020;"Afrânio";0;4;0;0;"NÃO ALCANÇOU"
"Nordeste";"PE";260030;"Agrestina";2;4;0,5;50;"NÃO ALCANÇOU"
"Nordeste";"PE";260040;"Água Preta";4;4;1;100;"ALCANÇOU"
"Nordeste";"PE";260050;"Águas Belas";4;4;1;100;"ALCANÇOU"
"Nordeste";"PE";260060;"Alagoinha";4;4;1;100;"ALCANÇOU"
"Nordeste";"PE";260070;"Aliança";4;4;1;100;"ALCANÇOU"
"Nordeste";"PE";260080;"Altinho";4;4;1;100;"ALCANÇOU"
"Nordeste";"PE";260090;"Amaraji";1;4;0,25;25;"NÃO ALCANÇOU"
"Nordeste";"PE";260100;"Angelim";1;4;0,25;25;"NÃO ALCANÇOU"
"Nordeste";"PE";260105;"Araçoiaba";3;4;0,75;75;"NÃO ALCANÇOU"
"Nordeste";"PE";260110;"Araripina";1;4;0,25;25;"NÃO ALCANÇOU"
"Nordeste";"PE";260120;"Arcoverde";1;4;0,25;25;"NÃO ALCANÇOU"
"Nordeste";"PE";260130;"Barra de Guabiraba";4;4;1;100;"ALCANÇOU"
"Nordeste";"PE";260140;"Barreiros";0;4;0;0;"NÃO ALCANÇOU"
"Nordeste";"PE";260150;"Belém de Maria";4;4;1;100;"ALCANÇOU"
"Nordeste";"PE";260160;"Belém do São Francisco";0;4;0;0;"NÃO ALCANÇOU"
"Nordeste";"PE";260170;"Belo Jardim";1;4;0,25;25;"NÃO ALCANÇOU"
"Nordeste";"PE";260180;"Betânia";1;4;0,25;25;"NÃO ALCANÇOU"
"Nordeste";"PE";260190;"Bezerros";1;4;0,25;25;"NÃO ALCANÇOU"
"Nordeste";"PE";260200;"Bodocó";0;4;0;0;"NÃO ALCANÇOU"
"Nordeste";"PE";260210;"Bom Conselho";4;4;1;100;"ALCANÇOU"
"Nordeste";"PE";260220;"Bom Jardim";4;4;1;100;"ALCANÇOU"
"Nordeste";"PE";260230;"Bonito";1;4;0,25;25;"NÃO ALCANÇOU"
"Nordeste";"PE";260240;"Brejão";3;4;0,75;75;"NÃO ALCANÇOU"
"Nordeste";"PE";260250;"Brejinho";1;4;0,25;25;"NÃO ALCANÇOU"
"Nordeste";"PE";260260;"Brejo da Madre de Deus";4;4;1;100;"ALCANÇOU"
"Nordeste";"PE";260270;"Buenos Aires";4;4;1;100;"ALCANÇOU"
"Nordeste";"PE";260280;"Buíque";4;4;1;100;"ALCANÇOU"
"Nordeste";"PE";260290;"Cabo de Santo Agostinho";0;4;0;0;"NÃO ALCANÇOU"
"Nordeste";"PE";260300;"Cabrobó";0;4;0;0;"NÃO ALCANÇOU"
"Nordeste";"PE";260310;"Cachoeirinha";4;4;1;100;"ALCANÇOU"
"Nordeste";"PE";260320;"Caetés";2;4;0,5;50;"NÃO ALCANÇOU"
"Nordeste";"PE";260330;"Calçado";1;4;0,25;25;"NÃO ALCANÇOU"
"Nordeste";"PE";260340;"Calumbi";4;4;1;100;"ALCANÇOU"
"Nordeste";"PE";260345;"Camaragibe";0;4;0;0;"NÃO ALCANÇOU"
"Nordeste";"PE";260350;"Camocim de São Félix";4;4;1;100;"ALCANÇOU"
"Nordeste";"PE";260360;"Camutanga";2;4;0,5;50;"NÃO ALCANÇOU"
"Nordeste";"PE";260370;"Canhotinho";4;4;1;100;"ALCANÇOU"
"Nordeste";"PE";260380;"Capoeiras";1;4;0,25;25;"NÃO ALCANÇOU"
"Nordeste";"PE";260390;"Carnaíba";4;4;1;100;"ALCANÇOU"
"Nordeste";"PE";260392;"Carnaubeira da Penha";3;4;0,75;75;"NÃO ALCANÇOU"
"Nordeste";"PE";260400;"Carpina";2;4;0,5;50;"NÃO ALCANÇOU"
"Nordeste";"PE";260410;"Caruaru";0;4;0;0;"NÃO ALCANÇOU"
"Nordeste";"PE";260415;"Casinhas";4;4;1;100;"ALCANÇOU"
"Nordeste";"PE";260420;"Catende";3;4;0,75;75;"NÃO ALCANÇOU"
"Nordeste";"PE";260430;"Cedro";4;4;1;100;"ALCANÇOU"
"Nordeste";"PE";260440;"Chã de Alegria";3;4;0,75;75;"NÃO ALCANÇOU"
"Nordeste";"PE";260450;"Chã Grande";1;4;0,25;25;"NÃO ALCANÇOU"
"Nordeste";"PE";260460;"Condado";3;4;0,75;75;"NÃO ALCANÇOU"
"Nordeste";"PE";260470;"Correntes";4;4;1;100;"ALCANÇOU"
"Nordeste";"PE";260480;"Cortês";3;4;0,75;75;"NÃO ALCANÇOU"
"Nordeste";"PE";260490;"Cumaru";2;4;0,5;50;"NÃO ALCANÇOU"
"Nordeste";"PE";260500;"Cupira";4;4;1;100;"ALCANÇOU"
"Nordeste";"PE";260510;"Custódia";4;4;1;100;"ALCANÇOU"
"Nordeste";"PE";260515;"Dormentes";4;4;1;100;"ALCANÇOU"
"Nordeste";"PE";260520;"Escada";0;4;0;0;"NÃO ALCANÇOU"
"Nordeste";"PE";260530;"Exu";4;4;1;100;"ALCANÇOU"
"Nordeste";"PE";260540;"Feira Nova";1;4;0,25;25;"NÃO ALCANÇOU"
"Nordeste";"PE";260550;"Ferreiros";4;4;1;100;"ALCANÇOU"
"Nordeste";"PE";260560;"Flores";4;4;1;100;"ALCANÇOU"
"Nordeste";"PE";260570;"Floresta";2;4;0,5;50;"NÃO ALCANÇOU"
"Nordeste";"PE";260580;"Frei Miguelinho";4;4;1;100;"ALCANÇOU"
"Nordeste";"PE";260590;"Gameleira";0;4;0;0;"NÃO ALCANÇOU"
"Nordeste";"PE";260600;"Garanhuns";0;4;0;0;"NÃO ALCANÇOU"
"Nordeste";"PE";260610;"Glória do Goitá";0;4;0;0;"NÃO ALCANÇOU"
"Nordeste";"PE";260620;"Goiana";1;4;0,25;25;"NÃO ALCANÇOU"
"Nordeste";"PE";260630;"Granito";2;4;0,5;50;"NÃO ALCANÇOU"
"Nordeste";"PE";260640;"Gravatá";0;4;0;0;"NÃO ALCANÇOU"
"Nordeste";"PE";260650;"Iati";4;4;1;100;"ALCANÇOU"
"Nordeste";"PE";260660;"Ibimirim";3;4;0,75;75;"NÃO ALCANÇOU"
"Nordeste";"PE";260670;"Ibirajuba";4;4;1;100;"ALCANÇOU"
"Nordeste";"PE";260680;"Igarassu";0;4;0;0;"NÃO ALCANÇOU"
"Nordeste";"PE";260690;"Iguaracy";4;4;1;100;"ALCANÇOU"
"Nordeste";"PE";260700;"Inajá";0;4;0;0;"NÃO ALCANÇOU"
"Nordeste";"PE";260710;"Ingazeira";4;4;1;100;"ALCANÇOU"
"Nordeste";"PE";260720;"Ipojuca";0;4;0;0;"NÃO ALCANÇOU"
"Nordeste";"PE";260730;"Ipubi";4;4;1;100;"ALCANÇOU"
"Nordeste";"PE";260740;"Itacuruba";4;4;1;100;"ALCANÇOU"
"Nordeste";"PE";260750;"Itaíba";1;4;0,25;25;"NÃO ALCANÇOU"
"Nordeste";"PE";260760;"Ilha de Itamaracá";0;4;0;0;"NÃO ALCANÇOU"
"Nordeste";"PE";260765;"Itambé";4;4;1;100;"ALCANÇOU"
"Nordeste";"PE";260770;"Itapetim";3;4;0,75;75;"NÃO ALCANÇOU"
"Nordeste";"PE";260775;"Itapissuma";1;4;0,25;25;"NÃO ALCANÇOU"
"Nordeste";"PE";260780;"Itaquitinga";4;4;1;100;"ALCANÇOU"
"Nordeste";"PE";260790;"Jaboatão dos Guararapes";0;4;0;0;"NÃO ALCANÇOU"
"Nordeste";"PE";260795;"Jaqueira";2;4;0,5;50;"NÃO ALCANÇOU"
"Nordeste";"PE";260800;"Jataúba";1;4;0,25;25;"NÃO ALCANÇOU"
"Nordeste";"PE";260805;"Jatobá";3;4;0,75;75;"NÃO ALCANÇOU"
"Nordeste";"PE";260810;"João Alfredo";2;4;0,5;50;"NÃO ALCANÇOU"
"Nordeste";"PE";260820;"Joaquim Nabuco";1;4;0,25;25;"NÃO ALCANÇOU"
"Nordeste";"PE";260825;"Jucati";3;4;0,75;75;"NÃO ALCANÇOU"
"Nordeste";"PE";260830;"Jupi";1;4;0,25;25;"NÃO ALCANÇOU"
"Nordeste";"PE";260840;"Jurema";4;4;1;100;"ALCANÇOU"
"Nordeste";"PE";260845;"Lagoa do Carro";4;4;1;100;"ALCANÇOU"
"Nordeste";"PE";260850;"Lagoa de Itaenga";0;4;0;0;"NÃO ALCANÇOU"
"Nordeste";"PE";260860;"Lagoa do Ouro";4;4;1;100;"ALCANÇOU"
"Nordeste";"PE";260870;"Lagoa dos Gatos";4;4;1;100;"ALCANÇOU"
"Nordeste";"PE";260875;"Lagoa Grande";4;4;1;100;"ALCANÇOU"
"Nordeste";"PE";260880;"Lajedo";0;4;0;0;"NÃO ALCANÇOU"
"Nordeste";"PE";260890;"Limoeiro";0;4;0;0;"NÃO ALCANÇOU"
"Nordeste";"PE";260900;"Macaparana";4;4;1;100;"ALCANÇOU"
"Nordeste";"PE";260910;"Machados";4;4;1;100;"ALCANÇOU"
"Nordeste";"PE";260915;"Manari";4;4;1;100;"ALCANÇOU"
"Nordeste";"PE";260920;"Maraial";4;4;1;100;"ALCANÇOU"
"Nordeste";"PE";260930;"Mirandiba";0;4;0;0;"NÃO ALCANÇOU"
"Nordeste";"PE";260940;"Moreno";0;4;0;0;"NÃO ALCANÇOU"
"Nordeste";"PE";260950;"Nazaré da Mata";0;4;0;0;"NÃO ALCANÇOU"
"Nordeste";"PE";260960;"Olinda";0;4;0;0;"NÃO ALCANÇOU"
"Nordeste";"PE";260970;"Orobó";1;4;0,25;25;"NÃO ALCANÇOU"
"Nordeste";"PE";260980;"Orocó";4;4;1;100;"ALCANÇOU"
"Nordeste";"PE";260990;"Ouricuri";0;4;0;0;"NÃO ALCANÇOU"
"Nordeste";"PE";261000;"Palmares";0;4;0;0;"NÃO ALCANÇOU"
"Nordeste";"PE";261010;"Palmeirina";4;4;1;100;"ALCANÇOU"
"Nordeste";"PE";261020;"Panelas";1;4;0,25;25;"NÃO ALCANÇOU"
"Nordeste";"PE";261030;"Paranatama";0;4;0;0;"NÃO ALCANÇOU"
"Nordeste";"PE";261040;"Parnamirim";4;4;1;100;"ALCANÇOU"
"Nordeste";"PE";261050;"Passira";4;4;1;100;"ALCANÇOU"
"Nordeste";"PE";261060;"Paudalho";1;4;0,25;25;"NÃO ALCANÇOU"
"Nordeste";"PE";261070;"Paulista";0;4;0;0;"NÃO ALCANÇOU"
"Nordeste";"PE";261080;"Pedra";3;4;0,75;75;"NÃO ALCANÇOU"
"Nordeste";"PE";261090;"Pesqueira";0;4;0;0;"NÃO ALCANÇOU"
"Nordeste";"PE";261100;"Petrolândia";0;4;0;0;"NÃO ALCANÇOU"
"Nordeste";"PE";261110;"Petrolina";0;4;0;0;"NÃO ALCANÇOU"
"Nordeste";"PE";261120;"Poção";4;4;1;100;"ALCANÇOU"
"Nordeste";"PE";261130;"Pombos";1;4;0,25;25;"NÃO ALCANÇOU"
"Nordeste";"PE";261140;"Primavera";1;4;0,25;25;"NÃO ALCANÇOU"
"Nordeste";"PE";261150;"Quipapá";4;4;1;100;"ALCANÇOU"
"Nordeste";"PE";261153;"Quixaba";1;4;0,25;25;"NÃO ALCANÇOU"
"Nordeste";"PE";261160;"Recife";0;4;0;0;"NÃO ALCANÇOU"
"Nordeste";"PE";261170;"Riacho das Almas";0;4;0;0;"NÃO ALCANÇOU"
"Nordeste";"PE";261180;"Ribeirão";1;4;0,25;25;"NÃO ALCANÇOU"
"Nordeste";"PE";261190;"Rio Formoso";0;4;0;0;"NÃO ALCANÇOU"
"Nordeste";"PE";261200;"Sairé";3;4;0,75;75;"NÃO ALCANÇOU"
"Nordeste";"PE";261210;"Salgadinho";4;4;1;100;"ALCANÇOU"
"Nordeste";"PE";261220;"Salgueiro";0;4;0;0;"NÃO ALCANÇOU"
"Nordeste";"PE";261230;"Saloá";3;4;0,75;75;"NÃO ALCANÇOU"
"Nordeste";"PE";261240;"Sanharó";1;4;0,25;25;"NÃO ALCANÇOU"
"Nordeste";"PE";261245;"Santa Cruz";3;4;0,75;75;"NÃO ALCANÇOU"
"Nordeste";"PE";261247;"Santa Cruz da Baixa Verde";1;4;0,25;25;"NÃO ALCANÇOU"
"Nordeste";"PE";261250;"Santa Cruz do Capibaribe";0;4;0;0;"NÃO ALCANÇOU"
"Nordeste";"PE";261255;"Santa Filomena";3;4;0,75;75;"NÃO ALCANÇOU"
"Nordeste";"PE";261260;"Santa Maria da Boa Vista";4;4;1;100;"ALCANÇOU"
"Nordeste";"PE";261270;"Santa Maria do Cambucá";4;4;1;100;"ALCANÇOU"
"Nordeste";"PE";261280;"Santa Terezinha";4;4;1;100;"ALCANÇOU"
"Nordeste";"PE";261290;"São Benedito do Sul";0;4;0;0;"NÃO ALCANÇOU"
"Nordeste";"PE";261300;"São Bento do Una";1;4;0,25;25;"NÃO ALCANÇOU"
"Nordeste";"PE";261310;"São Caitano";4;4;1;100;"ALCANÇOU"
"Nordeste";"PE";261320;"São João";4;4;1;100;"ALCANÇOU"
"Nordeste";"PE";261330;"São Joaquim do Monte";1;4;0,25;25;"NÃO ALCANÇOU"
"Nordeste";"PE";261340;"São José da Coroa Grande";4;4;1;100;"ALCANÇOU"
"Nordeste";"PE";261350;"São José do Belmonte";1;4;0,25;25;"NÃO ALCANÇOU"
"Nordeste";"PE";261360;"São José do Egito";1;4;0,25;25;"NÃO ALCANÇOU"
"Nordeste";"PE";261370;"São Lourenço da Mata";0;4;0;0;"NÃO ALCANÇOU"
"Nordeste";"PE";261380;"São Vicente Férrer";1;4;0,25;25;"NÃO ALCANÇOU"
"Nordeste";"PE";261390;"Serra Talhada";0;4;0;0;"NÃO ALCANÇOU"
"Nordeste";"PE";261400;"Serrita";2;4;0,5;50;"NÃO ALCANÇOU"
"Nordeste";"PE";261410;"Sertânia";1;4;0,25;25;"NÃO ALCANÇOU"
"Nordeste";"PE";261420;"Sirinhaém";0;4;0;0;"NÃO ALCANÇOU"
"Nordeste";"PE";261430;"Moreilândia";4;4;1;100;"ALCANÇOU"
"Nordeste";"PE";261440;"Solidão";3;4;0,75;75;"NÃO ALCANÇOU"
"Nordeste";"PE";261450;"Surubim";0;4;0;0;"NÃO ALCANÇOU"
"Nordeste";"PE";261460;"Tabira";0;4;0;0;"NÃO ALCANÇOU"
"Nordeste";"PE";261470;"Tacaimbó";2;4;0,5;50;"NÃO ALCANÇOU"
"Nordeste";"PE";261480;"Tacaratu";4;4;1;100;"ALCANÇOU"
"Nordeste";"PE";261485;"Tamandaré";0;4;0;0;"NÃO ALCANÇOU"
"Nordeste";"PE";261500;"Taquaritinga do Norte";4;4;1;100;"ALCANÇOU"
"Nordeste";"PE";261510;"Terezinha";2;4;0,5;50;"NÃO ALCANÇOU"
"Nordeste";"PE";261520;"Terra Nova";3;4;0,75;75;"NÃO ALCANÇOU"
"Nordeste";"PE";261530;"Timbaúba";0;4;0;0;"NÃO ALCANÇOU"
"Nordeste";"PE";261540;"Toritama";1;4;0,25;25;"NÃO ALCANÇOU"
"Nordeste";"PE";261550;"Tracunhaém";3;4;0,75;75;"NÃO ALCANÇOU"
"Nordeste";"PE";261560;"Trindade";3;4;0,75;75;"NÃO ALCANÇOU"
"Nordeste";"PE";261570;"Triunfo";2;4;0,5;50;"NÃO ALCANÇOU"
"Nordeste";"PE";261580;"Tupanatinga";4;4;1;100;"ALCANÇOU"
"Nordeste";"PE";261590;"Tuparetama";2;4;0,5;50;"NÃO ALCANÇOU"
"Nordeste";"PE";261600;"Venturosa";1;4;0,25;25;"NÃO ALCANÇOU"
"Nordeste";"PE";261610;"Verdejante";3;4;0,75;75;"NÃO ALCANÇOU"
"Nordeste";"PE";261618;"Vertente do Lério";4;4;1;100;"ALCANÇOU"
"Nordeste";"PE";261620;"Vertentes";1;4;0,25;25;"NÃO ALCANÇOU"
"Nordeste";"PE";261630;"Vicência";4;4;1;100;"ALCANÇOU"
"Nordeste";"PE";261640;"Vitória de Santo Antão";0;4;0;0;"NÃO ALCANÇOU"
"Nordeste";"PE";261650;"Xexéu";1;4;0,25;25;"NÃO ALCANÇOU"
"Nordeste";"AL";270010;"Água Branca";0;4;0;0;"NÃO ALCANÇOU"
"Nordeste";"AL";270020;"Anadia";4;4;1;100;"ALCANÇOU"
"Nordeste";"AL";270030;"Arapiraca";0;4;0;0;"NÃO ALCANÇOU"
"Nordeste";"AL";270040;"Atalaia";1;4;0,25;25;"NÃO ALCANÇOU"
"Nordeste";"AL";270050;"Barra de Santo Antônio";0;4;0;0;"NÃO ALCANÇOU"
"Nordeste";"AL";270060;"Barra de São Miguel";0;4;0;0;"NÃO ALCANÇOU"
"Nordeste";"AL";270070;"Batalha";3;4;0,75;75;"NÃO ALCANÇOU"
"Nordeste";"AL";270080;"Belém";1;4;0,25;25;"NÃO ALCANÇOU"
"Nordeste";"AL";270090;"Belo Monte";4;4;1;100;"ALCANÇOU"
"Nordeste";"AL";270100;"Boca da Mata";2;4;0,5;50;"NÃO ALCANÇOU"
"Nordeste";"AL";270110;"Branquinha";2;4;0,5;50;"NÃO ALCANÇOU"
"Nordeste";"AL";270120;"Cacimbinhas";0;4;0;0;"NÃO ALCANÇOU"
"Nordeste";"AL";270130;"Cajueiro";0;4;0;0;"NÃO ALCANÇOU"
"Nordeste";"AL";270135;"Campestre";4;4;1;100;"ALCANÇOU"
"Nordeste";"AL";270140;"Campo Alegre";4;4;1;100;"ALCANÇOU"
"Nordeste";"AL";270150;"Campo Grande";0;4;0;0;"NÃO ALCANÇOU"
"Nordeste";"AL";270160;"Canapi";3;4;0,75;75;"NÃO ALCANÇOU"
"Nordeste";"AL";270170;"Capela";2;4;0,5;50;"NÃO ALCANÇOU"
"Nordeste";"AL";270180;"Carneiros";4;4;1;100;"ALCANÇOU"
"Nordeste";"AL";270190;"Chã Preta";4;4;1;100;"ALCANÇOU"
"Nordeste";"AL";270200;"Coité do Nóia";1;4;0,25;25;"NÃO ALCANÇOU"
"Nordeste";"AL";270210;"Colônia Leopoldina";1;4;0,25;25;"NÃO ALCANÇOU"
"Nordeste";"AL";270220;"Coqueiro Seco";2;4;0,5;50;"NÃO ALCANÇOU"
"Nordeste";"AL";270230;"Coruripe";4;4;1;100;"ALCANÇOU"
"Nordeste";"AL";270235;"Craíbas";4;4;1;100;"ALCANÇOU"
"Nordeste";"AL";270240;"Delmiro Gouveia";0;4;0;0;"NÃO ALCANÇOU"
"Nordeste";"AL";270250;"Dois Riachos";4;4;1;100;"ALCANÇOU"
"Nordeste";"AL";270255;"Estrela de Alagoas";0;4;0;0;"NÃO ALCANÇOU"
"Nordeste";"AL";270260;"Feira Grande";3;4;0,75;75;"NÃO ALCANÇOU"
"Nordeste";"AL";270270;"Feliz Deserto";4;4;1;100;"ALCANÇOU"
"Nordeste";"AL";270280;"Flexeiras";4;4;1;100;"ALCANÇOU"
"Nordeste";"AL";270290;"Girau do Ponciano";3;4;0,75;75;"NÃO ALCANÇOU"
"Nordeste";"AL";270300;"Ibateguara";4;4;1;100;"ALCANÇOU"
"Nordeste";"AL";270310;"Igaci";4;4;1;100;"ALCANÇOU"
"Nordeste";"AL";270320;"Igreja Nova";4;4;1;100;"ALCANÇOU"
"Nordeste";"AL";270330;"Inhapi";2;4;0,5;50;"NÃO ALCANÇOU"
"Nordeste";"AL";270340;"Jacaré dos Homens";0;4;0;0;"NÃO ALCANÇOU"
"Nordeste";"AL";270350;"Jacuípe";1;4;0,25;25;"NÃO ALCANÇOU"
"Nordeste";"AL";270360;"Japaratinga";1;4;0,25;25;"NÃO ALCANÇOU"
"Nordeste";"AL";270370;"Jaramataia";1;4;0,25;25;"NÃO ALCANÇOU"
"Nordeste";"AL";270375;"Jequiá da Praia";4;4;1;100;"ALCANÇOU"
"Nordeste";"AL";270380;"Joaquim Gomes";1;4;0,25;25;"NÃO ALCANÇOU"
"Nordeste";"AL";270390;"Jundiá";4;4;1;100;"ALCANÇOU"
"Nordeste";"AL";270400;"Junqueiro";2;4;0,5;50;"NÃO ALCANÇOU"
"Nordeste";"AL";270410;"Lagoa da Canoa";3;4;0,75;75;"NÃO ALCANÇOU"
"Nordeste";"AL";270420;"Limoeiro de Anadia";4;4;1;100;"ALCANÇOU"
"Nordeste";"AL";270430;"Maceió";0;4;0;0;"NÃO ALCANÇOU"
"Nordeste";"AL";270440;"Major Isidoro";3;4;0,75;75;"NÃO ALCANÇOU"
"Nordeste";"AL";270450;"Maragogi";4;4;1;100;"ALCANÇOU"
"Nordeste";"AL";270460;"Maravilha";4;4;1;100;"ALCANÇOU"
"Nordeste";"AL";270470;"Marechal Deodoro";3;4;0,75;75;"NÃO ALCANÇOU"
"Nordeste";"AL";270480;"Maribondo";4;4;1;100;"ALCANÇOU"
"Nordeste";"AL";270490;"Mar Vermelho";4;4;1;100;"ALCANÇOU"
"Nordeste";"AL";270500;"Mata Grande";4;4;1;100;"ALCANÇOU"
"Nordeste";"AL";270510;"Matriz de Camaragibe";4;4;1;100;"ALCANÇOU"
"Nordeste";"AL";270520;"Messias";1;4;0,25;25;"NÃO ALCANÇOU"
"Nordeste";"AL";270530;"Minador do Negrão";1;4;0,25;25;"NÃO ALCANÇOU"
"Nordeste";"AL";270540;"Monteirópolis";3;4;0,75;75;"NÃO ALCANÇOU"
"Nordeste";"AL";270550;"Murici";2;4;0,5;50;"NÃO ALCANÇOU"
"Nordeste";"AL";270560;"Novo Lino";4;4;1;100;"ALCANÇOU"
"Nordeste";"AL";270570;"Olho d'Água das Flores";3;4;0,75;75;"NÃO ALCANÇOU"
"Nordeste";"AL";270580;"Olho d'Água do Casado";1;4;0,25;25;"NÃO ALCANÇOU"
"Nordeste";"AL";270590;"Olho d'Água Grande";4;4;1;100;"ALCANÇOU"
"Nordeste";"AL";270600;"Olivença";3;4;0,75;75;"NÃO ALCANÇOU"
"Nordeste";"AL";270610;"Ouro Branco";3;4;0,75;75;"NÃO ALCANÇOU"
"Nordeste";"AL";270620;"Palestina";1;4;0,25;25;"NÃO ALCANÇOU"
"Nordeste";"AL";270630;"Palmeira dos Índios";0;4;0;0;"NÃO ALCANÇOU"
"Nordeste";"AL";270640;"Pão de Açúcar";2;4;0,5;50;"NÃO ALCANÇOU"
"Nordeste";"AL";270642;"Pariconha";1;4;0,25;25;"NÃO ALCANÇOU"
"Nordeste";"AL";270644;"Paripueira";1;4;0,25;25;"NÃO ALCANÇOU"
"Nordeste";"AL";270650;"Passo de Camaragibe";3;4;0,75;75;"NÃO ALCANÇOU"
"Nordeste";"AL";270660;"Paulo Jacinto";1;4;0,25;25;"NÃO ALCANÇOU"
"Nordeste";"AL";270670;"Penedo";1;4;0,25;25;"NÃO ALCANÇOU"
"Nordeste";"AL";270680;"Piaçabuçu";3;4;0,75;75;"NÃO ALCANÇOU"
"Nordeste";"AL";270690;"Pilar";4;4;1;100;"ALCANÇOU"
"Nordeste";"AL";270700;"Pindoba";1;4;0,25;25;"NÃO ALCANÇOU"
"Nordeste";"AL";270710;"Piranhas";3;4;0,75;75;"NÃO ALCANÇOU"
"Nordeste";"AL";270720;"Poço das Trincheiras";0;4;0;0;"NÃO ALCANÇOU"
"Nordeste";"AL";270730;"Porto Calvo";0;4;0;0;"NÃO ALCANÇOU"
"Nordeste";"AL";270740;"Porto de Pedras";2;4;0,5;50;"NÃO ALCANÇOU"
"Nordeste";"AL";270750;"Porto Real do Colégio";4;4;1;100;"ALCANÇOU"
"Nordeste";"AL";270760;"Quebrangulo";1;4;0,25;25;"NÃO ALCANÇOU"
"Nordeste";"AL";270770;"Rio Largo";1;4;0,25;25;"NÃO ALCANÇOU"
"Nordeste";"AL";270780;"Roteiro";1;4;0,25;25;"NÃO ALCANÇOU"
"Nordeste";"AL";270790;"Santa Luzia do Norte";4;4;1;100;"ALCANÇOU"
"Nordeste";"AL";270800;"Santana do Ipanema";0;4;0;0;"NÃO ALCANÇOU"
"Nordeste";"AL";270810;"Santana do Mundaú";1;4;0,25;25;"NÃO ALCANÇOU"
"Nordeste";"AL";270820;"São Brás";3;4;0,75;75;"NÃO ALCANÇOU"
"Nordeste";"AL";270830;"São José da Laje";3;4;0,75;75;"NÃO ALCANÇOU"
"Nordeste";"AL";270840;"São José da Tapera";4;4;1;100;"ALCANÇOU"
"Nordeste";"AL";270850;"São Luís do Quitunde";0;4;0;0;"NÃO ALCANÇOU"
"Nordeste";"AL";270860;"São Miguel dos Campos";0;4;0;0;"NÃO ALCANÇOU"
"Nordeste";"AL";270870;"São Miguel dos Milagres";3;4;0,75;75;"NÃO ALCANÇOU"
"Nordeste";"AL";270880;"São Sebastião";3;4;0,75;75;"NÃO ALCANÇOU"
"Nordeste";"AL";270890;"Satuba";0;4;0;0;"NÃO ALCANÇOU"
"Nordeste";"AL";270895;"Senador Rui Palmeira";1;4;0,25;25;"NÃO ALCANÇOU"
"Nordeste";"AL";270900;"Tanque d'Arca";2;4;0,5;50;"NÃO ALCANÇOU"
"Nordeste";"AL";270910;"Taquarana";1;4;0,25;25;"NÃO ALCANÇOU"
"Nordeste";"AL";270915;"Teotônio Vilela";2;4;0,5;50;"NÃO ALCANÇOU"
"Nordeste";"AL";270920;"Traipu";4;4;1;100;"ALCANÇOU"
"Nordeste";"AL";270930;"União dos Palmares";4;4;1;100;"ALCANÇOU"
"Nordeste";"AL";270940;"Viçosa";0;4;0;0;"NÃO ALCANÇOU"
"Nordeste";"SE";280010;"Amparo do São Francisco";3;4;0,75;75;"NÃO ALCANÇOU"
"Nordeste";"SE";280020;"Aquidabã";3;4;0,75;75;"NÃO ALCANÇOU"
"Nordeste";"SE";280030;"Aracaju";0;4;0;0;"NÃO ALCANÇOU"
"Nordeste";"SE";280040;"Arauá";3;4;0,75;75;"NÃO ALCANÇOU"
"Nordeste";"SE";280050;"Areia Branca";0;4;0;0;"NÃO ALCANÇOU"
"Nordeste";"SE";280060;"Barra dos Coqueiros";4;4;1;100;"ALCANÇOU"
"Nordeste";"SE";280067;"Boquim";3;4;0,75;75;"NÃO ALCANÇOU"
"Nordeste";"SE";280070;"Brejo Grande";4;4;1;100;"ALCANÇOU"
"Nordeste";"SE";280100;"Campo do Brito";4;4;1;100;"ALCANÇOU"
"Nordeste";"SE";280110;"Canhoba";1;4;0,25;25;"NÃO ALCANÇOU"
"Nordeste";"SE";280120;"Canindé de São Francisco";1;4;0,25;25;"NÃO ALCANÇOU"
"Nordeste";"SE";280130;"Capela";4;4;1;100;"ALCANÇOU"
"Nordeste";"SE";280140;"Carira";4;4;1;100;"ALCANÇOU"
"Nordeste";"SE";280150;"Carmópolis";4;4;1;100;"ALCANÇOU"
"Nordeste";"SE";280160;"Cedro de São João";4;4;1;100;"ALCANÇOU"
"Nordeste";"SE";280170;"Cristinápolis";2;4;0,5;50;"NÃO ALCANÇOU"
"Nordeste";"SE";280190;"Cumbe";4;4;1;100;"ALCANÇOU"
"Nordeste";"SE";280200;"Divina Pastora";1;4;0,25;25;"NÃO ALCANÇOU"
"Nordeste";"SE";280210;"Estância";2;4;0,5;50;"NÃO ALCANÇOU"
"Nordeste";"SE";280220;"Feira Nova";1;4;0,25;25;"NÃO ALCANÇOU"
"Nordeste";"SE";280230;"Frei Paulo";3;4;0,75;75;"NÃO ALCANÇOU"
"Nordeste";"SE";280240;"Gararu";4;4;1;100;"ALCANÇOU"
"Nordeste";"SE";280250;"General Maynard";4;4;1;100;"ALCANÇOU"
"Nordeste";"SE";280260;"Gracho Cardoso";1;4;0,25;25;"NÃO ALCANÇOU"
"Nordeste";"SE";280270;"Ilha das Flores";4;4;1;100;"ALCANÇOU"
"Nordeste";"SE";280280;"Indiaroba";1;4;0,25;25;"NÃO ALCANÇOU"
"Nordeste";"SE";280290;"Itabaiana";1;4;0,25;25;"NÃO ALCANÇOU"
"Nordeste";"SE";280300;"Itabaianinha";4;4;1;100;"ALCANÇOU"
"Nordeste";"SE";280310;"Itabi";1;4;0,25;25;"NÃO ALCANÇOU"
"Nordeste";"SE";280320;"Itaporanga d'Ajuda";2;4;0,5;50;"NÃO ALCANÇOU"
"Nordeste";"SE";280330;"Japaratuba";0;4;0;0;"NÃO ALCANÇOU"
"Nordeste";"SE";280340;"Japoatã";0;4;0;0;"NÃO ALCANÇOU"
"Nordeste";"SE";280350;"Lagarto";0;4;0;0;"NÃO ALCANÇOU"
"Nordeste";"SE";280360;"Laranjeiras";2;4;0,5;50;"NÃO ALCANÇOU"
"Nordeste";"SE";280370;"Macambira";4;4;1;100;"ALCANÇOU"
"Nordeste";"SE";280380;"Malhada dos Bois";3;4;0,75;75;"NÃO ALCANÇOU"
"Nordeste";"SE";280390;"Malhador";1;4;0,25;25;"NÃO ALCANÇOU"
"Nordeste";"SE";280400;"Maruim";4;4;1;100;"ALCANÇOU"
"Nordeste";"SE";280410;"Moita Bonita";4;4;1;100;"ALCANÇOU"
"Nordeste";"SE";280420;"Monte Alegre de Sergipe";4;4;1;100;"ALCANÇOU"
"Nordeste";"SE";280430;"Muribeca";4;4;1;100;"ALCANÇOU"
"Nordeste";"SE";280440;"Neópolis";3;4;0,75;75;"NÃO ALCANÇOU"
"Nordeste";"SE";280445;"Nossa Senhora Aparecida";4;4;1;100;"ALCANÇOU"
"Nordeste";"SE";280450;"Nossa Senhora da Glória";1;4;0,25;25;"NÃO ALCANÇOU"
"Nordeste";"SE";280460;"Nossa Senhora das Dores";4;4;1;100;"ALCANÇOU"
"Nordeste";"SE";280470;"Nossa Senhora de Lourdes";1;4;0,25;25;"NÃO ALCANÇOU"
"Nordeste";"SE";280480;"Nossa Senhora do Socorro";0;4;0;0;"NÃO ALCANÇOU"
"Nordeste";"SE";280490;"Pacatuba";4;4;1;100;"ALCANÇOU"
"Nordeste";"SE";280500;"Pedra Mole";4;4;1;100;"ALCANÇOU"
"Nordeste";"SE";280510;"Pedrinhas";4;4;1;100;"ALCANÇOU"
"Nordeste";"SE";280520;"Pinhão";4;4;1;100;"ALCANÇOU"
"Nordeste";"SE";280530;"Pirambu";0;4;0;0;"NÃO ALCANÇOU"
"Nordeste";"SE";280540;"Poço Redondo";4;4;1;100;"ALCANÇOU"
"Nordeste";"SE";280550;"Poço Verde";1;4;0,25;25;"NÃO ALCANÇOU"
"Nordeste";"SE";280560;"Porto da Folha";4;4;1;100;"ALCANÇOU"
"Nordeste";"SE";280570;"Propriá";1;4;0,25;25;"NÃO ALCANÇOU"
"Nordeste";"SE";280580;"Riachão do Dantas";1;4;0,25;25;"NÃO ALCANÇOU"
"Nordeste";"SE";280590;"Riachuelo";1;4;0,25;25;"NÃO ALCANÇOU"
"Nordeste";"SE";280600;"Ribeirópolis";4;4;1;100;"ALCANÇOU"
"Nordeste";"SE";280610;"Rosário do Catete";1;4;0,25;25;"NÃO ALCANÇOU"
"Nordeste";"SE";280620;"Salgado";0;4;0;0;"NÃO ALCANÇOU"
"Nordeste";"SE";280630;"Santa Luzia do Itanhy";4;4;1;100;"ALCANÇOU"
"Nordeste";"SE";280640;"Santana do São Francisco";4;4;1;100;"ALCANÇOU"
"Nordeste";"SE";280650;"Santa Rosa de Lima";2;4;0,5;50;"NÃO ALCANÇOU"
"Nordeste";"SE";280660;"Santo Amaro das Brotas";4;4;1;100;"ALCANÇOU"
"Nordeste";"SE";280670;"São Cristóvão";2;4;0,5;50;"NÃO ALCANÇOU"
"Nordeste";"SE";280680;"São Domingos";4;4;1;100;"ALCANÇOU"
"Nordeste";"SE";280690;"São Francisco";4;4;1;100;"ALCANÇOU"
"Nordeste";"SE";280700;"São Miguel do Aleixo";1;4;0,25;25;"NÃO ALCANÇOU"
"Nordeste";"SE";280710;"Simão Dias";3;4;0,75;75;"NÃO ALCANÇOU"
"Nordeste";"SE";280720;"Siriri";4;4;1;100;"ALCANÇOU"
"Nordeste";"SE";280730;"Telha";4;4;1;100;"ALCANÇOU"
"Nordeste";"SE";280740;"Tobias Barreto";0;4;0;0;"NÃO ALCANÇOU"
"Nordeste";"SE";280750;"Tomar do Geru";4;4;1;100;"ALCANÇOU"
"Nordeste";"SE";280760;"Umbaúba";1;4;0,25;25;"NÃO ALCANÇOU"
"Nordeste";"BA";290010;"Abaíra";1;4;0,25;25;"NÃO ALCANÇOU"
"Nordeste";"BA";290020;"Abaré";4;4;1;100;"ALCANÇOU"
"Nordeste";"BA";290030;"Acajutiba";0;4;0;0;"NÃO ALCANÇOU"
"Nordeste";"BA";290035;"Adustina";4;4;1;100;"ALCANÇOU"
"Nordeste";"BA";290040;"Água Fria";4;4;1;100;"ALCANÇOU"
"Nordeste";"BA";290050;"Érico Cardoso";1;4;0,25;25;"NÃO ALCANÇOU"
"Nordeste";"BA";290060;"Aiquara";2;4;0,5;50;"NÃO ALCANÇOU"
"Nordeste";"BA";290070;"Alagoinhas";1;4;0,25;25;"NÃO ALCANÇOU"
"Nordeste";"BA";290080;"Alcobaça";4;4;1;100;"ALCANÇOU"
"Nordeste";"BA";290090;"Almadina";4;4;1;100;"ALCANÇOU"
"Nordeste";"BA";290100;"Amargosa";4;4;1;100;"ALCANÇOU"
"Nordeste";"BA";290110;"Amélia Rodrigues";4;4;1;100;"ALCANÇOU"
"Nordeste";"BA";290115;"América Dourada";4;4;1;100;"ALCANÇOU"
"Nordeste";"BA";290120;"Anagé";2;4;0,5;50;"NÃO ALCANÇOU"
"Nordeste";"BA";290130;"Andaraí";1;4;0,25;25;"NÃO ALCANÇOU"
"Nordeste";"BA";290135;"Andorinha";4;4;1;100;"ALCANÇOU"
"Nordeste";"BA";290140;"Angical";4;4;1;100;"ALCANÇOU"
"Nordeste";"BA";290150;"Anguera";4;4;1;100;"ALCANÇOU"
"Nordeste";"BA";290160;"Antas";2;4;0,5;50;"NÃO ALCANÇOU"
"Nordeste";"BA";290170;"Antônio Cardoso";2;4;0,5;50;"NÃO ALCANÇOU"
"Nordeste";"BA";290180;"Antônio Gonçalves";2;4;0,5;50;"NÃO ALCANÇOU"
"Nordeste";"BA";290190;"Aporá";2;4;0,5;50;"NÃO ALCANÇOU"
"Nordeste";"BA";290195;"Apuarema";1;4;0,25;25;"NÃO ALCANÇOU"
"Nordeste";"BA";290200;"Aracatu";4;4;1;100;"ALCANÇOU"
"Nordeste";"BA";290205;"Araçás";2;4;0,5;50;"NÃO ALCANÇOU"
"Nordeste";"BA";290210;"Araci";0;4;0;0;"NÃO ALCANÇOU"
"Nordeste";"BA";290220;"Aramari";0;4;0;0;"NÃO ALCANÇOU"
"Nordeste";"BA";290225;"Arataca";1;4;0,25;25;"NÃO ALCANÇOU"
"Nordeste";"BA";290230;"Aratuípe";4;4;1;100;"ALCANÇOU"
"Nordeste";"BA";290240;"Aurelino Leal";4;4;1;100;"ALCANÇOU"
"Nordeste";"BA";290250;"Baianópolis";2;4;0,5;50;"NÃO ALCANÇOU"
"Nordeste";"BA";290260;"Baixa Grande";4;4;1;100;"ALCANÇOU"
"Nordeste";"BA";290265;"Banzaê";4;4;1;100;"ALCANÇOU"
"Nordeste";"BA";290270;"Barra";1;4;0,25;25;"NÃO ALCANÇOU"
"Nordeste";"BA";290280;"Barra da Estiva";4;4;1;100;"ALCANÇOU"
"Nordeste";"BA";290290;"Barra do Choça";4;4;1;100;"ALCANÇOU"
"Nordeste";"BA";290300;"Barra do Mendes";1;4;0,25;25;"NÃO ALCANÇOU"
"Nordeste";"BA";290310;"Barra do Rocha";1;4;0,25;25;"NÃO ALCANÇOU"
"Nordeste";"BA";290320;"Barreiras";0;4;0;0;"NÃO ALCANÇOU"
"Nordeste";"BA";290323;"Barro Alto";2;4;0,5;50;"NÃO ALCANÇOU"
"Nordeste";"BA";290327;"Barrocas";4;4;1;100;"ALCANÇOU"
"Nordeste";"BA";290330;"Barro Preto";4;4;1;100;"ALCANÇOU"
"Nordeste";"BA";290340;"Belmonte";2;4;0,5;50;"NÃO ALCANÇOU"
"Nordeste";"BA";290350;"Belo Campo";4;4;1;100;"ALCANÇOU"
"Nordeste";"BA";290360;"Biritinga";1;4;0,25;25;"NÃO ALCANÇOU"
"Nordeste";"BA";290370;"Boa Nova";0;4;0;0;"NÃO ALCANÇOU"
"Nordeste";"BA";290380;"Boa Vista do Tupim";0;4;0;0;"NÃO ALCANÇOU"
"Nordeste";"BA";290390;"Bom Jesus da Lapa";3;4;0,75;75;"NÃO ALCANÇOU"
"Nordeste";"BA";290395;"Bom Jesus da Serra";3;4;0,75;75;"NÃO ALCANÇOU"
"Nordeste";"BA";290400;"Boninal";4;4;1;100;"ALCANÇOU"
"Nordeste";"BA";290405;"Bonito";1;4;0,25;25;"NÃO ALCANÇOU"
"Nordeste";"BA";290410;"Boquira";4;4;1;100;"ALCANÇOU"
"Nordeste";"BA";290420;"Botuporã";4;4;1;100;"ALCANÇOU"
"Nordeste";"BA";290430;"Brejões";4;4;1;100;"ALCANÇOU"
"Nordeste";"BA";290440;"Brejolândia";4;4;1;100;"ALCANÇOU"
"Nordeste";"BA";290450;"Brotas de Macaúbas";3;4;0,75;75;"NÃO ALCANÇOU"
"Nordeste";"BA";290460;"Brumado";4;4;1;100;"ALCANÇOU"
"Nordeste";"BA";290470;"Buerarema";1;4;0,25;25;"NÃO ALCANÇOU"
"Nordeste";"BA";290475;"Buritirama";4;4;1;100;"ALCANÇOU"
"Nordeste";"BA";290480;"Caatiba";4;4;1;100;"ALCANÇOU"
"Nordeste";"BA";290485;"Cabaceiras do Paraguaçu";3;4;0,75;75;"NÃO ALCANÇOU"
"Nordeste";"BA";290490;"Cachoeira";0;4;0;0;"NÃO ALCANÇOU"
"Nordeste";"BA";290500;"Caculé";0;4;0;0;"NÃO ALCANÇOU"
"Nordeste";"BA";290510;"Caém";4;4;1;100;"ALCANÇOU"
"Nordeste";"BA";290515;"Caetanos";2;4;0,5;50;"NÃO ALCANÇOU"
"Nordeste";"BA";290520;"Caetité";1;4;0,25;25;"NÃO ALCANÇOU"
"Nordeste";"BA";290530;"Cafarnaum";0;4;0;0;"NÃO ALCANÇOU"
"Nordeste";"BA";290540;"Cairu";1;4;0,25;25;"NÃO ALCANÇOU"
"Nordeste";"BA";290550;"Caldeirão Grande";4;4;1;100;"ALCANÇOU"
"Nordeste";"BA";290560;"Camacan";0;4;0;0;"NÃO ALCANÇOU"
"Nordeste";"BA";290570;"Camaçari";0;4;0;0;"NÃO ALCANÇOU"
"Nordeste";"BA";290580;"Camamu";1;4;0,25;25;"NÃO ALCANÇOU"
"Nordeste";"BA";290590;"Campo Alegre de Lourdes";0;4;0;0;"NÃO ALCANÇOU"
"Nordeste";"BA";290600;"Campo Formoso";1;4;0,25;25;"NÃO ALCANÇOU"
"Nordeste";"BA";290610;"Canápolis";0;4;0;0;"NÃO ALCANÇOU"
"Nordeste";"BA";290620;"Canarana";1;4;0,25;25;"NÃO ALCANÇOU"
"Nordeste";"BA";290630;"Canavieiras";0;4;0;0;"NÃO ALCANÇOU"
"Nordeste";"BA";290640;"Candeal";4;4;1;100;"ALCANÇOU"
"Nordeste";"BA";290650;"Candeias";0;4;0;0;"NÃO ALCANÇOU"
"Nordeste";"BA";290660;"Candiba";4;4;1;100;"ALCANÇOU"
"Nordeste";"BA";290670;"Cândido Sales";0;4;0;0;"NÃO ALCANÇOU"
"Nordeste";"BA";290680;"Cansanção";1;4;0,25;25;"NÃO ALCANÇOU"
"Nordeste";"BA";290682;"Canudos";3;4;0,75;75;"NÃO ALCANÇOU"
"Nordeste";"BA";290685;"Capela do Alto Alegre";3;4;0,75;75;"NÃO ALCANÇOU"
"Nordeste";"BA";290687;"Capim Grosso";3;4;0,75;75;"NÃO ALCANÇOU"
"Nordeste";"BA";290689;"Caraíbas";4;4;1;100;"ALCANÇOU"
"Nordeste";"BA";290690;"Caravelas";4;4;1;100;"ALCANÇOU"
"Nordeste";"BA";290700;"Cardeal da Silva";4;4;1;100;"ALCANÇOU"
"Nordeste";"BA";290710;"Carinhanha";1;4;0,25;25;"NÃO ALCANÇOU"
"Nordeste";"BA";290720;"Casa Nova";1;4;0,25;25;"NÃO ALCANÇOU"
"Nordeste";"BA";290730;"Castro Alves";0;4;0;0;"NÃO ALCANÇOU"
"Nordeste";"BA";290740;"Catolândia";0;4;0;0;"NÃO ALCANÇOU"
"Nordeste";"BA";290750;"Catu";1;4;0,25;25;"NÃO ALCANÇOU"
"Nordeste";"BA";290755;"Caturama";1;4;0,25;25;"NÃO ALCANÇOU"
"Nordeste";"BA";290760;"Central";1;4;0,25;25;"NÃO ALCANÇOU"
"Nordeste";"BA";290770;"Chorrochó";4;4;1;100;"ALCANÇOU"
"Nordeste";"BA";290780;"Cícero Dantas";4;4;1;100;"ALCANÇOU"
"Nordeste";"BA";290790;"Cipó";3;4;0,75;75;"NÃO ALCANÇOU"
"Nordeste";"BA";290800;"Coaraci";3;4;0,75;75;"NÃO ALCANÇOU"
"Nordeste";"BA";290810;"Cocos";3;4;0,75;75;"NÃO ALCANÇOU"
"Nordeste";"BA";290820;"Conceição da Feira";4;4;1;100;"ALCANÇOU"
"Nordeste";"BA";290830;"Conceição do Almeida";4;4;1;100;"ALCANÇOU"
"Nordeste";"BA";290840;"Conceição do Coité";1;4;0,25;25;"NÃO ALCANÇOU"
"Nordeste";"BA";290850;"Conceição do Jacuípe";3;4;0,75;75;"NÃO ALCANÇOU"
"Nordeste";"BA";290860;"Conde";0;4;0;0;"NÃO ALCANÇOU"
"Nordeste";"BA";290870;"Condeúba";4;4;1;100;"ALCANÇOU"
"Nordeste";"BA";290880;"Contendas do Sincorá";4;4;1;100;"ALCANÇOU"
"Nordeste";"BA";290890;"Coração de Maria";0;4;0;0;"NÃO ALCANÇOU"
"Nordeste";"BA";290900;"Cordeiros";4;4;1;100;"ALCANÇOU"
"Nordeste";"BA";290910;"Coribe";1;4;0,25;25;"NÃO ALCANÇOU"
"Nordeste";"BA";290920;"Coronel João Sá";4;4;1;100;"ALCANÇOU"
"Nordeste";"BA";290930;"Correntina";1;4;0,25;25;"NÃO ALCANÇOU"
"Nordeste";"BA";290940;"Cotegipe";1;4;0,25;25;"NÃO ALCANÇOU"
"Nordeste";"BA";290950;"Cravolândia";4;4;1;100;"ALCANÇOU"
"Nordeste";"BA";290960;"Crisópolis";4;4;1;100;"ALCANÇOU"
"Nordeste";"BA";290970;"Cristópolis";4;4;1;100;"ALCANÇOU"
"Nordeste";"BA";290980;"Cruz das Almas";1;4;0,25;25;"NÃO ALCANÇOU"
"Nordeste";"BA";290990;"Curaçá";3;4;0,75;75;"NÃO ALCANÇOU"
"Nordeste";"BA";291000;"Dário Meira";3;4;0,75;75;"NÃO ALCANÇOU"
"Nordeste";"BA";291005;"Dias d'Ávila";2;4;0,5;50;"NÃO ALCANÇOU"
"Nordeste";"BA";291010;"Dom Basílio";4;4;1;100;"ALCANÇOU"
"Nordeste";"BA";291020;"Dom Macedo Costa";4;4;1;100;"ALCANÇOU"
"Nordeste";"BA";291030;"Elísio Medrado";3;4;0,75;75;"NÃO ALCANÇOU"
"Nordeste";"BA";291040;"Encruzilhada";4;4;1;100;"ALCANÇOU"
"Nordeste";"BA";291050;"Entre Rios";0;4;0;0;"NÃO ALCANÇOU"
"Nordeste";"BA";291060;"Esplanada";3;4;0,75;75;"NÃO ALCANÇOU"
"Nordeste";"BA";291070;"Euclides da Cunha";3;4;0,75;75;"NÃO ALCANÇOU"
"Nordeste";"BA";291072;"Eunápolis";0;4;0;0;"NÃO ALCANÇOU"
"Nordeste";"BA";291075;"Fátima";4;4;1;100;"ALCANÇOU"
"Nordeste";"BA";291077;"Feira da Mata";4;4;1;100;"ALCANÇOU"
"Nordeste";"BA";291080;"Feira de Santana";0;4;0;0;"NÃO ALCANÇOU"
"Nordeste";"BA";291085;"Filadélfia";3;4;0,75;75;"NÃO ALCANÇOU"
"Nordeste";"BA";291090;"Firmino Alves";4;4;1;100;"ALCANÇOU"
"Nordeste";"BA";291100;"Floresta Azul";3;4;0,75;75;"NÃO ALCANÇOU"
"Nordeste";"BA";291110;"Formosa do Rio Preto";0;4;0;0;"NÃO ALCANÇOU"
"Nordeste";"BA";291120;"Gandu";0;4;0;0;"NÃO ALCANÇOU"
"Nordeste";"BA";291125;"Gavião";4;4;1;100;"ALCANÇOU"
"Nordeste";"BA";291130;"Gentio do Ouro";4;4;1;100;"ALCANÇOU"
"Nordeste";"BA";291140;"Glória";1;4;0,25;25;"NÃO ALCANÇOU"
"Nordeste";"BA";291150;"Gongogi";4;4;1;100;"ALCANÇOU"
"Nordeste";"BA";291160;"Governador Mangabeira";3;4;0,75;75;"NÃO ALCANÇOU"
"Nordeste";"BA";291165;"Guajeru";4;4;1;100;"ALCANÇOU"
"Nordeste";"BA";291170;"Guanambi";0;4;0;0;"NÃO ALCANÇOU"
"Nordeste";"BA";291180;"Guaratinga";2;4;0,5;50;"NÃO ALCANÇOU"
"Nordeste";"BA";291185;"Heliópolis";4;4;1;100;"ALCANÇOU"
"Nordeste";"BA";291190;"Iaçu";1;4;0,25;25;"NÃO ALCANÇOU"
"Nordeste";"BA";291200;"Ibiassucê";1;4;0,25;25;"NÃO ALCANÇOU"
"Nordeste";"BA";291210;"Ibicaraí";1;4;0,25;25;"NÃO ALCANÇOU"
"Nordeste";"BA";291220;"Ibicoara";0;4;0;0;"NÃO ALCANÇOU"
"Nordeste";"BA";291230;"Ibicuí";4;4;1;100;"ALCANÇOU"
"Nordeste";"BA";291240;"Ibipeba";1;4;0,25;25;"NÃO ALCANÇOU"
"Nordeste";"BA";291250;"Ibipitanga";4;4;1;100;"ALCANÇOU"
"Nordeste";"BA";291260;"Ibiquera";3;4;0,75;75;"NÃO ALCANÇOU"
"Nordeste";"BA";291270;"Ibirapitanga";4;4;1;100;"ALCANÇOU"
"Nordeste";"BA";291280;"Ibirapuã";4;4;1;100;"ALCANÇOU"
"Nordeste";"BA";291290;"Ibirataia";2;4;0,5;50;"NÃO ALCANÇOU"
"Nordeste";"BA";291300;"Ibitiara";4;4;1;100;"ALCANÇOU"
"Nordeste";"BA";291310;"Ibititá";4;4;1;100;"ALCANÇOU"
"Nordeste";"BA";291320;"Ibotirama";4;4;1;100;"ALCANÇOU"
"Nordeste";"BA";291330;"Ichu";4;4;1;100;"ALCANÇOU"
"Nordeste";"BA";291340;"Igaporã";2;4;0,5;50;"NÃO ALCANÇOU"
"Nordeste";"BA";291345;"Igrapiúna";4;4;1;100;"ALCANÇOU"
"Nordeste";"BA";291350;"Iguaí";0;4;0;0;"NÃO ALCANÇOU"
"Nordeste";"BA";291360;"Ilhéus";0;4;0;0;"NÃO ALCANÇOU"
"Nordeste";"BA";291370;"Inhambupe";3;4;0,75;75;"NÃO ALCANÇOU"
"Nordeste";"BA";291380;"Ipecaetá";3;4;0,75;75;"NÃO ALCANÇOU"
"Nordeste";"BA";291390;"Ipiaú";0;4;0;0;"NÃO ALCANÇOU"
"Nordeste";"BA";291400;"Ipirá";0;4;0;0;"NÃO ALCANÇOU"
"Nordeste";"BA";291410;"Ipupiara";4;4;1;100;"ALCANÇOU"
"Nordeste";"BA";291420;"Irajuba";3;4;0,75;75;"NÃO ALCANÇOU"
"Nordeste";"BA";291430;"Iramaia";4;4;1;100;"ALCANÇOU"
"Nordeste";"BA";291440;"Iraquara";4;4;1;100;"ALCANÇOU"
"Nordeste";"BA";291450;"Irará";4;4;1;100;"ALCANÇOU"
"Nordeste";"BA";291460;"Irecê";4;4;1;100;"ALCANÇOU"
"Nordeste";"BA";291465;"Itabela";3;4;0,75;75;"NÃO ALCANÇOU"
"Nordeste";"BA";291470;"Itaberaba";0;4;0;0;"NÃO ALCANÇOU"
"Nordeste";"BA";291480;"Itabuna";0;4;0;0;"NÃO ALCANÇOU"
"Nordeste";"BA";291490;"Itacaré";1;4;0,25;25;"NÃO ALCANÇOU"
"Nordeste";"BA";291500;"Itaeté";1;4;0,25;25;"NÃO ALCANÇOU"
"Nordeste";"BA";291510;"Itagi";1;4;0,25;25;"NÃO ALCANÇOU"
"Nordeste";"BA";291520;"Itagibá";3;4;0,75;75;"NÃO ALCANÇOU"
"Nordeste";"BA";291530;"Itagimirim";2;4;0,5;50;"NÃO ALCANÇOU"
"Nordeste";"BA";291535;"Itaguaçu da Bahia";0;4;0;0;"NÃO ALCANÇOU"
"Nordeste";"BA";291540;"Itaju do Colônia";4;4;1;100;"ALCANÇOU"
"Nordeste";"BA";291550;"Itajuípe";4;4;1;100;"ALCANÇOU"
"Nordeste";"BA";291560;"Itamaraju";1;4;0,25;25;"NÃO ALCANÇOU"
"Nordeste";"BA";291570;"Itamari";0;4;0;0;"NÃO ALCANÇOU"
"Nordeste";"BA";291580;"Itambé";4;4;1;100;"ALCANÇOU"
"Nordeste";"BA";291590;"Itanagra";3;4;0,75;75;"NÃO ALCANÇOU"
"Nordeste";"BA";291600;"Itanhém";4;4;1;100;"ALCANÇOU"
"Nordeste";"BA";291610;"Itaparica";0;4;0;0;"NÃO ALCANÇOU"
"Nordeste";"BA";291620;"Itapé";1;4;0,25;25;"NÃO ALCANÇOU"
"Nordeste";"BA";291630;"Itapebi";1;4;0,25;25;"NÃO ALCANÇOU"
"Nordeste";"BA";291640;"Itapetinga";0;4;0;0;"NÃO ALCANÇOU"
"Nordeste";"BA";291650;"Itapicuru";4;4;1;100;"ALCANÇOU"
"Nordeste";"BA";291660;"Itapitanga";4;4;1;100;"ALCANÇOU"
"Nordeste";"BA";291670;"Itaquara";4;4;1;100;"ALCANÇOU"
"Nordeste";"BA";291680;"Itarantim";2;4;0,5;50;"NÃO ALCANÇOU"
"Nordeste";"BA";291685;"Itatim";4;4;1;100;"ALCANÇOU"
"Nordeste";"BA";291690;"Itiruçu";4;4;1;100;"ALCANÇOU"
"Nordeste";"BA";291700;"Itiúba";2;4;0,5;50;"NÃO ALCANÇOU"
"Nordeste";"BA";291710;"Itororó";4;4;1;100;"ALCANÇOU"
"Nordeste";"BA";291720;"Ituaçu";2;4;0,5;50;"NÃO ALCANÇOU"
"Nordeste";"BA";291730;"Ituberá";2;4;0,5;50;"NÃO ALCANÇOU"
"Nordeste";"BA";291733;"Iuiu";4;4;1;100;"ALCANÇOU"
"Nordeste";"BA";291735;"Jaborandi";1;4;0,25;25;"NÃO ALCANÇOU"
"Nordeste";"BA";291740;"Jacaraci";2;4;0,5;50;"NÃO ALCANÇOU"
"Nordeste";"BA";291750;"Jacobina";0;4;0;0;"NÃO ALCANÇOU"
"Nordeste";"BA";291760;"Jaguaquara";0;4;0;0;"NÃO ALCANÇOU"
"Nordeste";"BA";291770;"Jaguarari";3;4;0,75;75;"NÃO ALCANÇOU"
"Nordeste";"BA";291780;"Jaguaripe";4;4;1;100;"ALCANÇOU"
"Nordeste";"BA";291790;"Jandaíra";4;4;1;100;"ALCANÇOU"
"Nordeste";"BA";291800;"Jequié";0;4;0;0;"NÃO ALCANÇOU"
"Nordeste";"BA";291810;"Jeremoabo";4;4;1;100;"ALCANÇOU"
"Nordeste";"BA";291820;"Jiquiriçá";4;4;1;100;"ALCANÇOU"
"Nordeste";"BA";291830;"Jitaúna";1;4;0,25;25;"NÃO ALCANÇOU"
"Nordeste";"BA";291835;"João Dourado";2;4;0,5;50;"NÃO ALCANÇOU"
"Nordeste";"BA";291840;"Juazeiro";0;4;0;0;"NÃO ALCANÇOU"
"Nordeste";"BA";291845;"Jucuruçu";4;4;1;100;"ALCANÇOU"
"Nordeste";"BA";291850;"Jussara";0;4;0;0;"NÃO ALCANÇOU"
"Nordeste";"BA";291855;"Jussari";4;4;1;100;"ALCANÇOU"
"Nordeste";"BA";291860;"Jussiape";4;4;1;100;"ALCANÇOU"
"Nordeste";"BA";291870;"Lafaiete Coutinho";1;4;0,25;25;"NÃO ALCANÇOU"
"Nordeste";"BA";291875;"Lagoa Real";4;4;1;100;"ALCANÇOU"
"Nordeste";"BA";291880;"Laje";2;4;0,5;50;"NÃO ALCANÇOU"
"Nordeste";"BA";291890;"Lajedão";4;4;1;100;"ALCANÇOU"
"Nordeste";"BA";291900;"Lajedinho";4;4;1;100;"ALCANÇOU"
"Nordeste";"BA";291905;"Lajedo do Tabocal";3;4;0,75;75;"NÃO ALCANÇOU"
"Nordeste";"BA";291910;"Lamarão";2;4;0,5;50;"NÃO ALCANÇOU"
"Nordeste";"BA";291915;"Lapão";4;4;1;100;"ALCANÇOU"
"Nordeste";"BA";291920;"Lauro de Freitas";0;4;0;0;"NÃO ALCANÇOU"
"Nordeste";"BA";291930;"Lençóis";4;4;1;100;"ALCANÇOU"
"Nordeste";"BA";291940;"Licínio de Almeida";2;4;0,5;50;"NÃO ALCANÇOU"
"Nordeste";"BA";291950;"Livramento de Nossa Senhora";4;4;1;100;"ALCANÇOU"
"Nordeste";"BA";291955;"Luís Eduardo Magalhães";1;4;0,25;25;"NÃO ALCANÇOU"
"Nordeste";"BA";291960;"Macajuba";1;4;0,25;25;"NÃO ALCANÇOU"
"Nordeste";"BA";291970;"Macarani";4;4;1;100;"ALCANÇOU"
"Nordeste";"BA";291980;"Macaúbas";2;4;0,5;50;"NÃO ALCANÇOU"
"Nordeste";"BA";291990;"Macururé";1;4;0,25;25;"NÃO ALCANÇOU"
"Nordeste";"BA";291992;"Madre de Deus";1;4;0,25;25;"NÃO ALCANÇOU"
"Nordeste";"BA";291995;"Maetinga";1;4;0,25;25;"NÃO ALCANÇOU"
"Nordeste";"BA";292000;"Maiquinique";1;4;0,25;25;"NÃO ALCANÇOU"
"Nordeste";"BA";292010;"Mairi";1;4;0,25;25;"NÃO ALCANÇOU"
"Nordeste";"BA";292020;"Malhada";0;4;0;0;"NÃO ALCANÇOU"
"Nordeste";"BA";292030;"Malhada de Pedras";4;4;1;100;"ALCANÇOU"
"Nordeste";"BA";292040;"Manoel Vitorino";3;4;0,75;75;"NÃO ALCANÇOU"
"Nordeste";"BA";292045;"Mansidão";4;4;1;100;"ALCANÇOU"
"Nordeste";"BA";292050;"Maracás";4;4;1;100;"ALCANÇOU"
"Nordeste";"BA";292060;"Maragogipe";4;4;1;100;"ALCANÇOU"
"Nordeste";"BA";292070;"Maraú";0;4;0;0;"NÃO ALCANÇOU"
"Nordeste";"BA";292080;"Marcionílio Souza";4;4;1;100;"ALCANÇOU"
"Nordeste";"BA";292090;"Mascote";2;4;0,5;50;"NÃO ALCANÇOU"
"Nordeste";"BA";292100;"Mata de São João";1;4;0,25;25;"NÃO ALCANÇOU"
"Nordeste";"BA";292105;"Matina";3;4;0,75;75;"NÃO ALCANÇOU"
"Nordeste";"BA";292110;"Medeiros Neto";2;4;0,5;50;"NÃO ALCANÇOU"
"Nordeste";"BA";292120;"Miguel Calmon";3;4;0,75;75;"NÃO ALCANÇOU"
"Nordeste";"BA";292130;"Milagres";4;4;1;100;"ALCANÇOU"
"Nordeste";"BA";292140;"Mirangaba";4;4;1;100;"ALCANÇOU"
"Nordeste";"BA";292145;"Mirante";4;4;1;100;"ALCANÇOU"
"Nordeste";"BA";292150;"Monte Santo";1;4;0,25;25;"NÃO ALCANÇOU"
"Nordeste";"BA";292160;"Morpará";4;4;1;100;"ALCANÇOU"
"Nordeste";"BA";292170;"Morro do Chapéu";3;4;0,75;75;"NÃO ALCANÇOU"
"Nordeste";"BA";292180;"Mortugaba";3;4;0,75;75;"NÃO ALCANÇOU"
"Nordeste";"BA";292190;"Mucugê";0;4;0;0;"NÃO ALCANÇOU"
"Nordeste";"BA";292200;"Mucuri";2;4;0,5;50;"NÃO ALCANÇOU"
"Nordeste";"BA";292205;"Mulungu do Morro";4;4;1;100;"ALCANÇOU"
"Nordeste";"BA";292210;"Mundo Novo";3;4;0,75;75;"NÃO ALCANÇOU"
"Nordeste";"BA";292220;"Muniz Ferreira";1;4;0,25;25;"NÃO ALCANÇOU"
"Nordeste";"BA";292225;"Muquém do São Francisco";0;4;0;0;"NÃO ALCANÇOU"
"Nordeste";"BA";292230;"Muritiba";3;4;0,75;75;"NÃO ALCANÇOU"
"Nordeste";"BA";292240;"Mutuípe";4;4;1;100;"ALCANÇOU"
"Nordeste";"BA";292250;"Nazaré";0;4;0;0;"NÃO ALCANÇOU"
"Nordeste";"BA";292260;"Nilo Peçanha";0;4;0;0;"NÃO ALCANÇOU"
"Nordeste";"BA";292265;"Nordestina";4;4;1;100;"ALCANÇOU"
"Nordeste";"BA";292270;"Nova Canaã";4;4;1;100;"ALCANÇOU"
"Nordeste";"BA";292273;"Nova Fátima";2;4;0,5;50;"NÃO ALCANÇOU"
"Nordeste";"BA";292275;"Nova Ibiá";4;4;1;100;"ALCANÇOU"
"Nordeste";"BA";292280;"Nova Itarana";4;4;1;100;"ALCANÇOU"
"Nordeste";"BA";292285;"Nova Redenção";3;4;0,75;75;"NÃO ALCANÇOU"
"Nordeste";"BA";292290;"Nova Soure";4;4;1;100;"ALCANÇOU"
"Nordeste";"BA";292300;"Nova Viçosa";4;4;1;100;"ALCANÇOU"
"Nordeste";"BA";292303;"Novo Horizonte";4;4;1;100;"ALCANÇOU"
"Nordeste";"BA";292305;"Novo Triunfo";3;4;0,75;75;"NÃO ALCANÇOU"
"Nordeste";"BA";292310;"Olindina";4;4;1;100;"ALCANÇOU"
"Nordeste";"BA";292320;"Oliveira dos Brejinhos";3;4;0,75;75;"NÃO ALCANÇOU"
"Nordeste";"BA";292330;"Ouriçangas";1;4;0,25;25;"NÃO ALCANÇOU"
"Nordeste";"BA";292335;"Ourolândia";4;4;1;100;"ALCANÇOU"
"Nordeste";"BA";292340;"Palmas de Monte Alto";1;4;0,25;25;"NÃO ALCANÇOU"
"Nordeste";"BA";292350;"Palmeiras";0;4;0;0;"NÃO ALCANÇOU"
"Nordeste";"BA";292360;"Paramirim";0;4;0;0;"NÃO ALCANÇOU"
"Nordeste";"BA";292370;"Paratinga";4;4;1;100;"ALCANÇOU"
"Nordeste";"BA";292380;"Paripiranga";4;4;1;100;"ALCANÇOU"
"Nordeste";"BA";292390;"Pau Brasil";4;4;1;100;"ALCANÇOU"
"Nordeste";"BA";292400;"Paulo Afonso";0;4;0;0;"NÃO ALCANÇOU"
"Nordeste";"BA";292405;"Pé de Serra";2;4;0,5;50;"NÃO ALCANÇOU"
"Nordeste";"BA";292410;"Pedrão";3;4;0,75;75;"NÃO ALCANÇOU"
"Nordeste";"BA";292420;"Pedro Alexandre";3;4;0,75;75;"NÃO ALCANÇOU"
"Nordeste";"BA";292430;"Piatã";1;4;0,25;25;"NÃO ALCANÇOU"
"Nordeste";"BA";292440;"Pilão Arcado";0;4;0;0;"NÃO ALCANÇOU"
"Nordeste";"BA";292450;"Pindaí";4;4;1;100;"ALCANÇOU"
"Nordeste";"BA";292460;"Pindobaçu";0;4;0;0;"NÃO ALCANÇOU"
"Nordeste";"BA";292465;"Pintadas";4;4;1;100;"ALCANÇOU"
"Nordeste";"BA";292467;"Piraí do Norte";4;4;1;100;"ALCANÇOU"
"Nordeste";"BA";292470;"Piripá";4;4;1;100;"ALCANÇOU"
"Nordeste";"BA";292480;"Piritiba";4;4;1;100;"ALCANÇOU"
"Nordeste";"BA";292490;"Planaltino";1;4;0,25;25;"NÃO ALCANÇOU"
"Nordeste";"BA";292500;"Planalto";4;4;1;100;"ALCANÇOU"
"Nordeste";"BA";292510;"Poções";3;4;0,75;75;"NÃO ALCANÇOU"
"Nordeste";"BA";292520;"Pojuca";0;4;0;0;"NÃO ALCANÇOU"
"Nordeste";"BA";292525;"Ponto Novo";1;4;0,25;25;"NÃO ALCANÇOU"
"Nordeste";"BA";292530;"Porto Seguro";0;4;0;0;"NÃO ALCANÇOU"
"Nordeste";"BA";292540;"Potiraguá";4;4;1;100;"ALCANÇOU"
"Nordeste";"BA";292550;"Prado";0;4;0;0;"NÃO ALCANÇOU"
"Nordeste";"BA";292560;"Presidente Dutra";1;4;0,25;25;"NÃO ALCANÇOU"
"Nordeste";"BA";292570;"Presidente Jânio Quadros";4;4;1;100;"ALCANÇOU"
"Nordeste";"BA";292575;"Presidente Tancredo Neves";3;4;0,75;75;"NÃO ALCANÇOU"
"Nordeste";"BA";292580;"Queimadas";3;4;0,75;75;"NÃO ALCANÇOU"
"Nordeste";"BA";292590;"Quijingue";1;4;0,25;25;"NÃO ALCANÇOU"
"Nordeste";"BA";292593;"Quixabeira";4;4;1;100;"ALCANÇOU"
"Nordeste";"BA";292595;"Rafael Jambeiro";2;4;0,5;50;"NÃO ALCANÇOU"
"Nordeste";"BA";292600;"Remanso";3;4;0,75;75;"NÃO ALCANÇOU"
"Nordeste";"BA";292610;"Retirolândia";4;4;1;100;"ALCANÇOU"
"Nordeste";"BA";292620;"Riachão das Neves";0;4;0;0;"NÃO ALCANÇOU"
"Nordeste";"BA";292630;"Riachão do Jacuípe";0;4;0;0;"NÃO ALCANÇOU"
"Nordeste";"BA";292640;"Riacho de Santana";3;4;0,75;75;"NÃO ALCANÇOU"
"Nordeste";"BA";292650;"Ribeira do Amparo";4;4;1;100;"ALCANÇOU"
"Nordeste";"BA";292660;"Ribeira do Pombal";0;4;0;0;"NÃO ALCANÇOU"
"Nordeste";"BA";292665;"Ribeirão do Largo";4;4;1;100;"ALCANÇOU"
"Nordeste";"BA";292670;"Rio de Contas";3;4;0,75;75;"NÃO ALCANÇOU"
"Nordeste";"BA";292680;"Rio do Antônio";4;4;1;100;"ALCANÇOU"
"Nordeste";"BA";292690;"Rio do Pires";4;4;1;100;"ALCANÇOU"
"Nordeste";"BA";292700;"Rio Real";3;4;0,75;75;"NÃO ALCANÇOU"
"Nordeste";"BA";292710;"Rodelas";0;4;0;0;"NÃO ALCANÇOU"
"Nordeste";"BA";292720;"Ruy Barbosa";2;4;0,5;50;"NÃO ALCANÇOU"
"Nordeste";"BA";292730;"Salinas da Margarida";3;4;0,75;75;"NÃO ALCANÇOU"
"Nordeste";"BA";292740;"Salvador";0;4;0;0;"NÃO ALCANÇOU"
"Nordeste";"BA";292750;"Santa Bárbara";2;4;0,5;50;"NÃO ALCANÇOU"
"Nordeste";"BA";292760;"Santa Brígida";4;4;1;100;"ALCANÇOU"
"Nordeste";"BA";292770;"Santa Cruz Cabrália";1;4;0,25;25;"NÃO ALCANÇOU"
"Nordeste";"BA";292780;"Santa Cruz da Vitória";4;4;1;100;"ALCANÇOU"
"Nordeste";"BA";292790;"Santa Inês";3;4;0,75;75;"NÃO ALCANÇOU"
"Nordeste";"BA";292800;"Santaluz";4;4;1;100;"ALCANÇOU"
"Nordeste";"BA";292805;"Santa Luzia";4;4;1;100;"ALCANÇOU"
"Nordeste";"BA";292810;"Santa Maria da Vitória";4;4;1;100;"ALCANÇOU"
"Nordeste";"BA";292820;"Santana";4;4;1;100;"ALCANÇOU"
"Nordeste";"BA";292830;"Santanópolis";4;4;1;100;"ALCANÇOU"
"Nordeste";"BA";292840;"Santa Rita de Cássia";4;4;1;100;"ALCANÇOU"
"Nordeste";"BA";292850;"Santa Terezinha";4;4;1;100;"ALCANÇOU"
"Nordeste";"BA";292860;"Santo Amaro";0;4;0;0;"NÃO ALCANÇOU"
"Nordeste";"BA";292870;"Santo Antônio de Jesus";0;4;0;0;"NÃO ALCANÇOU"
"Nordeste";"BA";292880;"Santo Estêvão";1;4;0,25;25;"NÃO ALCANÇOU"
"Nordeste";"BA";292890;"São Desidério";3;4;0,75;75;"NÃO ALCANÇOU"
"Nordeste";"BA";292895;"São Domingos";4;4;1;100;"ALCANÇOU"
"Nordeste";"BA";292900;"São Félix";4;4;1;100;"ALCANÇOU"
"Nordeste";"BA";292905;"São Félix do Coribe";0;4;0;0;"NÃO ALCANÇOU"
"Nordeste";"BA";292910;"São Felipe";1;4;0,25;25;"NÃO ALCANÇOU"
"Nordeste";"BA";292920;"São Francisco do Conde";0;4;0;0;"NÃO ALCANÇOU"
"Nordeste";"BA";292925;"São Gabriel";1;4;0,25;25;"NÃO ALCANÇOU"
"Nordeste";"BA";292930;"São Gonçalo dos Campos";2;4;0,5;50;"NÃO ALCANÇOU"
"Nordeste";"BA";292935;"São José da Vitória";4;4;1;100;"ALCANÇOU"
"Nordeste";"BA";292937;"São José do Jacuípe";4;4;1;100;"ALCANÇOU"
"Nordeste";"BA";292940;"São Miguel das Matas";4;4;1;100;"ALCANÇOU"
"Nordeste";"BA";292950;"São Sebastião do Passé";0;4;0;0;"NÃO ALCANÇOU"
"Nordeste";"BA";292960;"Sapeaçu";2;4;0,5;50;"NÃO ALCANÇOU"
"Nordeste";"BA";292970;"Sátiro Dias";0;4;0;0;"NÃO ALCANÇOU"
"Nordeste";"BA";292975;"Saubara";4;4;1;100;"ALCANÇOU"
"Nordeste";"BA";292980;"Saúde";4;4;1;100;"ALCANÇOU"
"Nordeste";"BA";292990;"Seabra";0;4;0;0;"NÃO ALCANÇOU"
"Nordeste";"BA";293000;"Sebastião Laranjeiras";1;4;0,25;25;"NÃO ALCANÇOU"
"Nordeste";"BA";293010;"Senhor do Bonfim";0;4;0;0;"NÃO ALCANÇOU"
"Nordeste";"BA";293015;"Serra do Ramalho";1;4;0,25;25;"NÃO ALCANÇOU"
"Nordeste";"BA";293020;"Sento Sé";4;4;1;100;"ALCANÇOU"
"Nordeste";"BA";293030;"Serra Dourada";2;4;0,5;50;"NÃO ALCANÇOU"
"Nordeste";"BA";293040;"Serra Preta";4;4;1;100;"ALCANÇOU"
"Nordeste";"BA";293050;"Serrinha";0;4;0;0;"NÃO ALCANÇOU"
"Nordeste";"BA";293060;"Serrolândia";4;4;1;100;"ALCANÇOU"
"Nordeste";"BA";293070;"Simões Filho";0;4;0;0;"NÃO ALCANÇOU"
"Nordeste";"BA";293075;"Sítio do Mato";4;4;1;100;"ALCANÇOU"
"Nordeste";"BA";293076;"Sítio do Quinto";4;4;1;100;"ALCANÇOU"
"Nordeste";"BA";293077;"Sobradinho";4;4;1;100;"ALCANÇOU"
"Nordeste";"BA";293080;"Souto Soares";4;4;1;100;"ALCANÇOU"
"Nordeste";"BA";293090;"Tabocas do Brejo Velho";0;4;0;0;"NÃO ALCANÇOU"
"Nordeste";"BA";293100;"Tanhaçu";4;4;1;100;"ALCANÇOU"
"Nordeste";"BA";293105;"Tanque Novo";3;4;0,75;75;"NÃO ALCANÇOU"
"Nordeste";"BA";293110;"Tanquinho";3;4;0,75;75;"NÃO ALCANÇOU"
"Nordeste";"BA";293120;"Taperoá";4;4;1;100;"ALCANÇOU"
"Nordeste";"BA";293130;"Tapiramutá";0;4;0;0;"NÃO ALCANÇOU"
"Nordeste";"BA";293135;"Teixeira de Freitas";0;4;0;0;"NÃO ALCANÇOU"
"Nordeste";"BA";293140;"Teodoro Sampaio";4;4;1;100;"ALCANÇOU"
"Nordeste";"BA";293150;"Teofilândia";4;4;1;100;"ALCANÇOU"
"Nordeste";"BA";293160;"Teolândia";4;4;1;100;"ALCANÇOU"
"Nordeste";"BA";293170;"Terra Nova";1;4;0,25;25;"NÃO ALCANÇOU"
"Nordeste";"BA";293180;"Tremedal";3;4;0,75;75;"NÃO ALCANÇOU"
"Nordeste";"BA";293190;"Tucano";2;4;0,5;50;"NÃO ALCANÇOU"
"Nordeste";"BA";293200;"Uauá";2;4;0,5;50;"NÃO ALCANÇOU"
"Nordeste";"BA";293210;"Ubaíra";2;4;0,5;50;"NÃO ALCANÇOU"
"Nordeste";"BA";293220;"Ubaitaba";0;4;0;0;"NÃO ALCANÇOU"
"Nordeste";"BA";293230;"Ubatã";2;4;0,5;50;"NÃO ALCANÇOU"
"Nordeste";"BA";293240;"Uibaí";4;4;1;100;"ALCANÇOU"
"Nordeste";"BA";293245;"Umburanas";4;4;1;100;"ALCANÇOU"
"Nordeste";"BA";293250;"Una";1;4;0,25;25;"NÃO ALCANÇOU"
"Nordeste";"BA";293260;"Urandi";0;4;0;0;"NÃO ALCANÇOU"
"Nordeste";"BA";293270;"Uruçuca";2;4;0,5;50;"NÃO ALCANÇOU"
"Nordeste";"BA";293280;"Utinga";0;4;0;0;"NÃO ALCANÇOU"
"Nordeste";"BA";293290;"Valença";0;4;0;0;"NÃO ALCANÇOU"
"Nordeste";"BA";293300;"Valente";4;4;1;100;"ALCANÇOU"
"Nordeste";"BA";293305;"Várzea da Roça";4;4;1;100;"ALCANÇOU"
"Nordeste";"BA";293310;"Várzea do Poço";4;4;1;100;"ALCANÇOU"
"Nordeste";"BA";293315;"Várzea Nova";4;4;1;100;"ALCANÇOU"
"Nordeste";"BA";293317;"Varzedo";0;4;0;0;"NÃO ALCANÇOU"
"Nordeste";"BA";293320;"Vera Cruz";0;4;0;0;"NÃO ALCANÇOU"
"Nordeste";"BA";293325;"Vereda";4;4;1;100;"ALCANÇOU"
"Nordeste";"BA";293330;"Vitória da Conquista";0;4;0;0;"NÃO ALCANÇOU"
"Nordeste";"BA";293340;"Wagner";1;4;0,25;25;"NÃO ALCANÇOU"
"Nordeste";"BA";293345;"Wanderley";4;4;1;100;"ALCANÇOU"
"Nordeste";"BA";293350;"Wenceslau Guimarães";3;4;0,75;75;"NÃO ALCANÇOU"
"Nordeste";"BA";293360;"Xique-Xique";0;4;0;0;"NÃO ALCANÇOU"
"Sudeste";"MG";310010;"Abadia dos Dourados";4;4;1;100;"ALCANÇOU"
"Sudeste";"MG";310020;"Abaeté";1;4;0,25;25;"NÃO ALCANÇOU"
"Sudeste";"MG";310030;"Abre Campo";2;4;0,5;50;"NÃO ALCANÇOU"
"Sudeste";"MG";310040;"Acaiaca";4;4;1;100;"ALCANÇOU"
"Sudeste";"MG";310050;"Açucena";4;4;1;100;"ALCANÇOU"
"Sudeste";"MG";310060;"Água Boa";4;4;1;100;"ALCANÇOU"
"Sudeste";"MG";310070;"Água Comprida";4;4;1;100;"ALCANÇOU"
"Sudeste";"MG";310080;"Aguanil";4;4;1;100;"ALCANÇOU"
"Sudeste";"MG";310090;"Águas Formosas";1;4;0,25;25;"NÃO ALCANÇOU"
"Sudeste";"MG";310100;"Águas Vermelhas";1;4;0,25;25;"NÃO ALCANÇOU"
"Sudeste";"MG";310110;"Aimorés";0;4;0;0;"NÃO ALCANÇOU"
"Sudeste";"MG";310120;"Aiuruoca";1;4;0,25;25;"NÃO ALCANÇOU"
"Sudeste";"MG";310130;"Alagoa";4;4;1;100;"ALCANÇOU"
"Sudeste";"MG";310140;"Albertina";4;4;1;100;"ALCANÇOU"
"Sudeste";"MG";310150;"Além Paraíba";1;4;0,25;25;"NÃO ALCANÇOU"
"Sudeste";"MG";310160;"Alfenas";1;4;0,25;25;"NÃO ALCANÇOU"
"Sudeste";"MG";310163;"Alfredo Vasconcelos";4;4;1;100;"ALCANÇOU"
"Sudeste";"MG";310170;"Almenara";0;4;0;0;"NÃO ALCANÇOU"
"Sudeste";"MG";310180;"Alpercata";3;4;0,75;75;"NÃO ALCANÇOU"
"Sudeste";"MG";310190;"Alpinópolis";1;4;0,25;25;"NÃO ALCANÇOU"
"Sudeste";"MG";310200;"Alterosa";3;4;0,75;75;"NÃO ALCANÇOU"
"Sudeste";"MG";310205;"Alto Caparaó";4;4;1;100;"ALCANÇOU"
"Sudeste";"MG";310210;"Alto Rio Doce";4;4;1;100;"ALCANÇOU"
"Sudeste";"MG";310220;"Alvarenga";4;4;1;100;"ALCANÇOU"
"Sudeste";"MG";310230;"Alvinópolis";3;4;0,75;75;"NÃO ALCANÇOU"
"Sudeste";"MG";310240;"Alvorada de Minas";3;4;0,75;75;"NÃO ALCANÇOU"
"Sudeste";"MG";310250;"Amparo do Serra";1;4;0,25;25;"NÃO ALCANÇOU"
"Sudeste";"MG";310260;"Andradas";4;4;1;100;"ALCANÇOU"
"Sudeste";"MG";310270;"Cachoeira de Pajeú";1;4;0,25;25;"NÃO ALCANÇOU"
"Sudeste";"MG";310280;"Andrelândia";3;4;0,75;75;"NÃO ALCANÇOU"
"Sudeste";"MG";310285;"Angelândia";4;4;1;100;"ALCANÇOU"
"Sudeste";"MG";310290;"Antônio Carlos";4;4;1;100;"ALCANÇOU"
"Sudeste";"MG";310300;"Antônio Dias";3;4;0,75;75;"NÃO ALCANÇOU"
"Sudeste";"MG";310310;"Antônio Prado de Minas";2;4;0,5;50;"NÃO ALCANÇOU"
"Sudeste";"MG";310320;"Araçaí";4;4;1;100;"ALCANÇOU"
"Sudeste";"MG";310330;"Aracitaba";4;4;1;100;"ALCANÇOU"
"Sudeste";"MG";310340;"Araçuaí";4;4;1;100;"ALCANÇOU"
"Sudeste";"MG";310350;"Araguari";2;4;0,5;50;"NÃO ALCANÇOU"
"Sudeste";"MG";310360;"Arantina";0;4;0;0;"NÃO ALCANÇOU"
"Sudeste";"MG";310370;"Araponga";4;4;1;100;"ALCANÇOU"
"Sudeste";"MG";310375;"Araporã";0;4;0;0;"NÃO ALCANÇOU"
"Sudeste";"MG";310380;"Arapuá";4;4;1;100;"ALCANÇOU"
"Sudeste";"MG";310390;"Araújos";2;4;0,5;50;"NÃO ALCANÇOU"
"Sudeste";"MG";310400;"Araxá";0;4;0;0;"NÃO ALCANÇOU"
"Sudeste";"MG";310410;"Arceburgo";4;4;1;100;"ALCANÇOU"
"Sudeste";"MG";310420;"Arcos";1;4;0,25;25;"NÃO ALCANÇOU"
"Sudeste";"MG";310430;"Areado";1;4;0,25;25;"NÃO ALCANÇOU"
"Sudeste";"MG";310440;"Argirita";2;4;0,5;50;"NÃO ALCANÇOU"
"Sudeste";"MG";310445;"Aricanduva";4;4;1;100;"ALCANÇOU"
"Sudeste";"MG";310450;"Arinos";4;4;1;100;"ALCANÇOU"
"Sudeste";"MG";310460;"Astolfo Dutra";2;4;0,5;50;"NÃO ALCANÇOU"
"Sudeste";"MG";310470;"Ataléia";3;4;0,75;75;"NÃO ALCANÇOU"
"Sudeste";"MG";310480;"Augusto de Lima";4;4;1;100;"ALCANÇOU"
"Sudeste";"MG";310490;"Baependi";4;4;1;100;"ALCANÇOU"
"Sudeste";"MG";310500;"Baldim";2;4;0,5;50;"NÃO ALCANÇOU"
"Sudeste";"MG";310510;"Bambuí";1;4;0,25;25;"NÃO ALCANÇOU"
"Sudeste";"MG";310520;"Bandeira";4;4;1;100;"ALCANÇOU"
"Sudeste";"MG";310530;"Bandeira do Sul";4;4;1;100;"ALCANÇOU"
"Sudeste";"MG";310540;"Barão de Cocais";4;4;1;100;"ALCANÇOU"
"Sudeste";"MG";310550;"Barão de Monte Alto";3;4;0,75;75;"NÃO ALCANÇOU"
"Sudeste";"MG";310560;"Barbacena";0;4;0;0;"NÃO ALCANÇOU"
"Sudeste";"MG";310570;"Barra Longa";3;4;0,75;75;"NÃO ALCANÇOU"
"Sudeste";"MG";310590;"Barroso";1;4;0,25;25;"NÃO ALCANÇOU"
"Sudeste";"MG";310600;"Bela Vista de Minas";1;4;0,25;25;"NÃO ALCANÇOU"
"Sudeste";"MG";310610;"Belmiro Braga";1;4;0,25;25;"NÃO ALCANÇOU"
"Sudeste";"MG";310620;"Belo Horizonte";1;4;0,25;25;"NÃO ALCANÇOU"
"Sudeste";"MG";310630;"Belo Oriente";4;4;1;100;"ALCANÇOU"
"Sudeste";"MG";310640;"Belo Vale";4;4;1;100;"ALCANÇOU"
"Sudeste";"MG";310650;"Berilo";4;4;1;100;"ALCANÇOU"
"Sudeste";"MG";310660;"Bertópolis";0;4;0;0;"NÃO ALCANÇOU"
"Sudeste";"MG";310665;"Berizal";3;4;0,75;75;"NÃO ALCANÇOU"
"Sudeste";"MG";310670;"Betim";4;4;1;100;"ALCANÇOU"
"Sudeste";"MG";310680;"Bias Fortes";4;4;1;100;"ALCANÇOU"
"Sudeste";"MG";310690;"Bicas";4;4;1;100;"ALCANÇOU"
"Sudeste";"MG";310700;"Biquinhas";2;4;0,5;50;"NÃO ALCANÇOU"
"Sudeste";"MG";310710;"Boa Esperança";1;4;0,25;25;"NÃO ALCANÇOU"
"Sudeste";"MG";310720;"Bocaina de Minas";2;4;0,5;50;"NÃO ALCANÇOU"
"Sudeste";"MG";310730;"Bocaiúva";1;4;0,25;25;"NÃO ALCANÇOU"
"Sudeste";"MG";310740;"Bom Despacho";0;4;0;0;"NÃO ALCANÇOU"
"Sudeste";"MG";310750;"Bom Jardim de Minas";3;4;0,75;75;"NÃO ALCANÇOU"
"Sudeste";"MG";310760;"Bom Jesus da Penha";1;4;0,25;25;"NÃO ALCANÇOU"
"Sudeste";"MG";310770;"Bom Jesus do Amparo";0;4;0;0;"NÃO ALCANÇOU"
"Sudeste";"MG";310780;"Bom Jesus do Galho";1;4;0,25;25;"NÃO ALCANÇOU"
"Sudeste";"MG";310790;"Bom Repouso";4;4;1;100;"ALCANÇOU"
"Sudeste";"MG";310800;"Bom Sucesso";4;4;1;100;"ALCANÇOU"
"Sudeste";"MG";310810;"Bonfim";1;4;0,25;25;"NÃO ALCANÇOU"
"Sudeste";"MG";310820;"Bonfinópolis de Minas";4;4;1;100;"ALCANÇOU"
"Sudeste";"MG";310825;"Bonito de Minas";4;4;1;100;"ALCANÇOU"
"Sudeste";"MG";310830;"Borda da Mata";2;4;0,5;50;"NÃO ALCANÇOU"
"Sudeste";"MG";310840;"Botelhos";4;4;1;100;"ALCANÇOU"
"Sudeste";"MG";310850;"Botumirim";4;4;1;100;"ALCANÇOU"
"Sudeste";"MG";310855;"Brasilândia de Minas";4;4;1;100;"ALCANÇOU"
"Sudeste";"MG";310860;"Brasília de Minas";0;4;0;0;"NÃO ALCANÇOU"
"Sudeste";"MG";310870;"Brás Pires";3;4;0,75;75;"NÃO ALCANÇOU"
"Sudeste";"MG";310880;"Braúnas";1;4;0,25;25;"NÃO ALCANÇOU"
"Sudeste";"MG";310890;"Brazópolis";4;4;1;100;"ALCANÇOU"
"Sudeste";"MG";310900;"Brumadinho";2;4;0,5;50;"NÃO ALCANÇOU"
"Sudeste";"MG";310910;"Bueno Brandão";4;4;1;100;"ALCANÇOU"
"Sudeste";"MG";310920;"Buenópolis";4;4;1;100;"ALCANÇOU"
"Sudeste";"MG";310925;"Bugre";4;4;1;100;"ALCANÇOU"
"Sudeste";"MG";310930;"Buritis";4;4;1;100;"ALCANÇOU"
"Sudeste";"MG";310940;"Buritizeiro";1;4;0,25;25;"NÃO ALCANÇOU"
"Sudeste";"MG";310945;"Cabeceira Grande";4;4;1;100;"ALCANÇOU"
"Sudeste";"MG";310950;"Cabo Verde";1;4;0,25;25;"NÃO ALCANÇOU"
"Sudeste";"MG";310960;"Cachoeira da Prata";1;4;0,25;25;"NÃO ALCANÇOU"
"Sudeste";"MG";310970;"Cachoeira de Minas";0;4;0;0;"NÃO ALCANÇOU"
"Sudeste";"MG";310980;"Cachoeira Dourada";3;4;0,75;75;"NÃO ALCANÇOU"
"Sudeste";"MG";310990;"Caetanópolis";2;4;0,5;50;"NÃO ALCANÇOU"
"Sudeste";"MG";311000;"Caeté";0;4;0;0;"NÃO ALCANÇOU"
"Sudeste";"MG";311010;"Caiana";2;4;0,5;50;"NÃO ALCANÇOU"
"Sudeste";"MG";311020;"Cajuri";4;4;1;100;"ALCANÇOU"
"Sudeste";"MG";311030;"Caldas";4;4;1;100;"ALCANÇOU"
"Sudeste";"MG";311040;"Camacho";4;4;1;100;"ALCANÇOU"
"Sudeste";"MG";311050;"Camanducaia";3;4;0,75;75;"NÃO ALCANÇOU"
"Sudeste";"MG";311060;"Cambuí";0;4;0;0;"NÃO ALCANÇOU"
"Sudeste";"MG";311070;"Cambuquira";1;4;0,25;25;"NÃO ALCANÇOU"
"Sudeste";"MG";311080;"Campanário";1;4;0,25;25;"NÃO ALCANÇOU"
"Sudeste";"MG";311090;"Campanha";4;4;1;100;"ALCANÇOU"
"Sudeste";"MG";311100;"Campestre";4;4;1;100;"ALCANÇOU"
"Sudeste";"MG";311110;"Campina Verde";4;4;1;100;"ALCANÇOU"
"Sudeste";"MG";311115;"Campo Azul";1;4;0,25;25;"NÃO ALCANÇOU"
"Sudeste";"MG";311120;"Campo Belo";0;4;0;0;"NÃO ALCANÇOU"
"Sudeste";"MG";311130;"Campo do Meio";1;4;0,25;25;"NÃO ALCANÇOU"
"Sudeste";"MG";311140;"Campo Florido";3;4;0,75;75;"NÃO ALCANÇOU"
"Sudeste";"MG";311150;"Campos Altos";4;4;1;100;"ALCANÇOU"
"Sudeste";"MG";311160;"Campos Gerais";2;4;0,5;50;"NÃO ALCANÇOU"
"Sudeste";"MG";311170;"Canaã";4;4;1;100;"ALCANÇOU"
"Sudeste";"MG";311180;"Canápolis";4;4;1;100;"ALCANÇOU"
"Sudeste";"MG";311190;"Cana Verde";4;4;1;100;"ALCANÇOU"
"Sudeste";"MG";311200;"Candeias";4;4;1;100;"ALCANÇOU"
"Sudeste";"MG";311205;"Cantagalo";3;4;0,75;75;"NÃO ALCANÇOU"
"Sudeste";"MG";311210;"Caparaó";1;4;0,25;25;"NÃO ALCANÇOU"
"Sudeste";"MG";311220;"Capela Nova";4;4;1;100;"ALCANÇOU"
"Sudeste";"MG";311230;"Capelinha";1;4;0,25;25;"NÃO ALCANÇOU"
"Sudeste";"MG";311240;"Capetinga";3;4;0,75;75;"NÃO ALCANÇOU"
"Sudeste";"MG";311250;"Capim Branco";0;4;0;0;"NÃO ALCANÇOU"
"Sudeste";"MG";311260;"Capinópolis";3;4;0,75;75;"NÃO ALCANÇOU"
"Sudeste";"MG";311265;"Capitão Andrade";4;4;1;100;"ALCANÇOU"
"Sudeste";"MG";311270;"Capitão Enéas";4;4;1;100;"ALCANÇOU"
"Sudeste";"MG";311280;"Capitólio";4;4;1;100;"ALCANÇOU"
"Sudeste";"MG";311290;"Caputira";0;4;0;0;"NÃO ALCANÇOU"
"Sudeste";"MG";311300;"Caraí";4;4;1;100;"ALCANÇOU"
"Sudeste";"MG";311310;"Caranaíba";4;4;1;100;"ALCANÇOU"
"Sudeste";"MG";311320;"Carandaí";4;4;1;100;"ALCANÇOU"
"Sudeste";"MG";311330;"Carangola";3;4;0,75;75;"NÃO ALCANÇOU"
"Sudeste";"MG";311340;"Caratinga";0;4;0;0;"NÃO ALCANÇOU"
"Sudeste";"MG";311350;"Carbonita";4;4;1;100;"ALCANÇOU"
"Sudeste";"MG";311360;"Careaçu";1;4;0,25;25;"NÃO ALCANÇOU"
"Sudeste";"MG";311370;"Carlos Chagas";4;4;1;100;"ALCANÇOU"
"Sudeste";"MG";311380;"Carmésia";1;4;0,25;25;"NÃO ALCANÇOU"
"Sudeste";"MG";311390;"Carmo da Cachoeira";4;4;1;100;"ALCANÇOU"
"Sudeste";"MG";311400;"Carmo da Mata";4;4;1;100;"ALCANÇOU"
"Sudeste";"MG";311410;"Carmo de Minas";4;4;1;100;"ALCANÇOU"
"Sudeste";"MG";311420;"Carmo do Cajuru";2;4;0,5;50;"NÃO ALCANÇOU"
"Sudeste";"MG";311430;"Carmo do Paranaíba";4;4;1;100;"ALCANÇOU"
"Sudeste";"MG";311440;"Carmo do Rio Claro";1;4;0,25;25;"NÃO ALCANÇOU"
"Sudeste";"MG";311450;"Carmópolis de Minas";0;4;0;0;"NÃO ALCANÇOU"
"Sudeste";"MG";311455;"Carneirinho";0;4;0;0;"NÃO ALCANÇOU"
"Sudeste";"MG";311460;"Carrancas";1;4;0,25;25;"NÃO ALCANÇOU"
"Sudeste";"MG";311470;"Carvalhópolis";1;4;0,25;25;"NÃO ALCANÇOU"
"Sudeste";"MG";311480;"Carvalhos";1;4;0,25;25;"NÃO ALCANÇOU"
"Sudeste";"MG";311490;"Casa Grande";2;4;0,5;50;"NÃO ALCANÇOU"
"Sudeste";"MG";311500;"Cascalho Rico";1;4;0,25;25;"NÃO ALCANÇOU"
"Sudeste";"MG";311510;"Cássia";4;4;1;100;"ALCANÇOU"
"Sudeste";"MG";311520;"Conceição da Barra de Minas";0;4;0;0;"NÃO ALCANÇOU"
"Sudeste";"MG";311530;"Cataguases";4;4;1;100;"ALCANÇOU"
"Sudeste";"MG";311535;"Catas Altas";4;4;1;100;"ALCANÇOU"
"Sudeste";"MG";311540;"Catas Altas da Noruega";4;4;1;100;"ALCANÇOU"
"Sudeste";"MG";311545;"Catuji";0;4;0;0;"NÃO ALCANÇOU"
"Sudeste";"MG";311547;"Catuti";4;4;1;100;"ALCANÇOU"
"Sudeste";"MG";311550;"Caxambu";4;4;1;100;"ALCANÇOU"
"Sudeste";"MG";311560;"Cedro do Abaeté";4;4;1;100;"ALCANÇOU"
"Sudeste";"MG";311570;"Central de Minas";3;4;0,75;75;"NÃO ALCANÇOU"
"Sudeste";"MG";311580;"Centralina";0;4;0;0;"NÃO ALCANÇOU"
"Sudeste";"MG";311590;"Chácara";3;4;0,75;75;"NÃO ALCANÇOU"
"Sudeste";"MG";311600;"Chalé";1;4;0,25;25;"NÃO ALCANÇOU"
"Sudeste";"MG";311610;"Chapada do Norte";1;4;0,25;25;"NÃO ALCANÇOU"
"Sudeste";"MG";311615;"Chapada Gaúcha";2;4;0,5;50;"NÃO ALCANÇOU"
"Sudeste";"MG";311620;"Chiador";1;4;0,25;25;"NÃO ALCANÇOU"
"Sudeste";"MG";311630;"Cipotânea";4;4;1;100;"ALCANÇOU"
"Sudeste";"MG";311640;"Claraval";4;4;1;100;"ALCANÇOU"
"Sudeste";"MG";311650;"Claro dos Poções";4;4;1;100;"ALCANÇOU"
"Sudeste";"MG";311660;"Cláudio";4;4;1;100;"ALCANÇOU"
"Sudeste";"MG";311670;"Coimbra";4;4;1;100;"ALCANÇOU"
"Sudeste";"MG";311680;"Coluna";4;4;1;100;"ALCANÇOU"
"Sudeste";"MG";311690;"Comendador Gomes";1;4;0,25;25;"NÃO ALCANÇOU"
"Sudeste";"MG";311700;"Comercinho";2;4;0,5;50;"NÃO ALCANÇOU"
"Sudeste";"MG";311710;"Conceição da Aparecida";3;4;0,75;75;"NÃO ALCANÇOU"
"Sudeste";"MG";311720;"Conceição das Pedras";1;4;0,25;25;"NÃO ALCANÇOU"
"Sudeste";"MG";311730;"Conceição das Alagoas";1;4;0,25;25;"NÃO ALCANÇOU"
"Sudeste";"MG";311740;"Conceição de Ipanema";4;4;1;100;"ALCANÇOU"
"Sudeste";"MG";311750;"Conceição do Mato Dentro";1;4;0,25;25;"NÃO ALCANÇOU"
"Sudeste";"MG";311760;"Conceição do Pará";4;4;1;100;"ALCANÇOU"
"Sudeste";"MG";311770;"Conceição do Rio Verde";4;4;1;100;"ALCANÇOU"
"Sudeste";"MG";311780;"Conceição dos Ouros";4;4;1;100;"ALCANÇOU"
"Sudeste";"MG";311783;"Cônego Marinho";4;4;1;100;"ALCANÇOU"
"Sudeste";"MG";311787;"Confins";1;4;0,25;25;"NÃO ALCANÇOU"
"Sudeste";"MG";311790;"Congonhal";3;4;0,75;75;"NÃO ALCANÇOU"
"Sudeste";"MG";311800;"Congonhas";4;4;1;100;"ALCANÇOU"
"Sudeste";"MG";311810;"Congonhas do Norte";4;4;1;100;"ALCANÇOU"
"Sudeste";"MG";311820;"Conquista";4;4;1;100;"ALCANÇOU"
"Sudeste";"MG";311830;"Conselheiro Lafaiete";0;4;0;0;"NÃO ALCANÇOU"
"Sudeste";"MG";311840;"Conselheiro Pena";0;4;0;0;"NÃO ALCANÇOU"
"Sudeste";"MG";311850;"Consolação";0;4;0;0;"NÃO ALCANÇOU"
"Sudeste";"MG";311860;"Contagem";0;4;0;0;"NÃO ALCANÇOU"
"Sudeste";"MG";311870;"Coqueiral";4;4;1;100;"ALCANÇOU"
"Sudeste";"MG";311880;"Coração de Jesus";4;4;1;100;"ALCANÇOU"
"Sudeste";"MG";311890;"Cordisburgo";2;4;0,5;50;"NÃO ALCANÇOU"
"Sudeste";"MG";311900;"Cordislândia";1;4;0,25;25;"NÃO ALCANÇOU"
"Sudeste";"MG";311910;"Corinto";0;4;0;0;"NÃO ALCANÇOU"
"Sudeste";"MG";311920;"Coroaci";4;4;1;100;"ALCANÇOU"
"Sudeste";"MG";311930;"Coromandel";1;4;0,25;25;"NÃO ALCANÇOU"
"Sudeste";"MG";311940;"Coronel Fabriciano";0;4;0;0;"NÃO ALCANÇOU"
"Sudeste";"MG";311950;"Coronel Murta";4;4;1;100;"ALCANÇOU"
"Sudeste";"MG";311960;"Coronel Pacheco";4;4;1;100;"ALCANÇOU"
"Sudeste";"MG";311970;"Coronel Xavier Chaves";4;4;1;100;"ALCANÇOU"
"Sudeste";"MG";311980;"Córrego Danta";1;4;0,25;25;"NÃO ALCANÇOU"
"Sudeste";"MG";311990;"Córrego do Bom Jesus";2;4;0,5;50;"NÃO ALCANÇOU"
"Sudeste";"MG";311995;"Córrego Fundo";4;4;1;100;"ALCANÇOU"
"Sudeste";"MG";312000;"Córrego Novo";1;4;0,25;25;"NÃO ALCANÇOU"
"Sudeste";"MG";312010;"Couto de Magalhães de Minas";4;4;1;100;"ALCANÇOU"
"Sudeste";"MG";312015;"Crisólita";4;4;1;100;"ALCANÇOU"
"Sudeste";"MG";312020;"Cristais";4;4;1;100;"ALCANÇOU"
"Sudeste";"MG";312030;"Cristália";2;4;0,5;50;"NÃO ALCANÇOU"
"Sudeste";"MG";312040;"Cristiano Otoni";3;4;0,75;75;"NÃO ALCANÇOU"
"Sudeste";"MG";312050;"Cristina";2;4;0,5;50;"NÃO ALCANÇOU"
"Sudeste";"MG";312060;"Crucilândia";2;4;0,5;50;"NÃO ALCANÇOU"
"Sudeste";"MG";312070;"Cruzeiro da Fortaleza";4;4;1;100;"ALCANÇOU"
"Sudeste";"MG";312080;"Cruzília";0;4;0;0;"NÃO ALCANÇOU"
"Sudeste";"MG";312083;"Cuparaque";3;4;0,75;75;"NÃO ALCANÇOU"
"Sudeste";"MG";312087;"Curral de Dentro";1;4;0,25;25;"NÃO ALCANÇOU"
"Sudeste";"MG";312090;"Curvelo";4;4;1;100;"ALCANÇOU"
"Sudeste";"MG";312100;"Datas";4;4;1;100;"ALCANÇOU"
"Sudeste";"MG";312110;"Delfim Moreira";2;4;0,5;50;"NÃO ALCANÇOU"
"Sudeste";"MG";312120;"Delfinópolis";4;4;1;100;"ALCANÇOU"
"Sudeste";"MG";312125;"Delta";4;4;1;100;"ALCANÇOU"
"Sudeste";"MG";312130;"Descoberto";4;4;1;100;"ALCANÇOU"
"Sudeste";"MG";312140;"Desterro de Entre Rios";4;4;1;100;"ALCANÇOU"
"Sudeste";"MG";312150;"Desterro do Melo";2;4;0,5;50;"NÃO ALCANÇOU"
"Sudeste";"MG";312160;"Diamantina";0;4;0;0;"NÃO ALCANÇOU"
"Sudeste";"MG";312170;"Diogo de Vasconcelos";3;4;0,75;75;"NÃO ALCANÇOU"
"Sudeste";"MG";312180;"Dionísio";3;4;0,75;75;"NÃO ALCANÇOU"
"Sudeste";"MG";312190;"Divinésia";4;4;1;100;"ALCANÇOU"
"Sudeste";"MG";312200;"Divino";0;4;0;0;"NÃO ALCANÇOU"
"Sudeste";"MG";312210;"Divino das Laranjeiras";2;4;0,5;50;"NÃO ALCANÇOU"
"Sudeste";"MG";312220;"Divinolândia de Minas";4;4;1;100;"ALCANÇOU"
"Sudeste";"MG";312230;"Divinópolis";4;4;1;100;"ALCANÇOU"
"Sudeste";"MG";312235;"Divisa Alegre";4;4;1;100;"ALCANÇOU"
"Sudeste";"MG";312240;"Divisa Nova";1;4;0,25;25;"NÃO ALCANÇOU"
"Sudeste";"MG";312245;"Divisópolis";4;4;1;100;"ALCANÇOU"
"Sudeste";"MG";312247;"Dom Bosco";1;4;0,25;25;"NÃO ALCANÇOU"
"Sudeste";"MG";312250;"Dom Cavati";2;4;0,5;50;"NÃO ALCANÇOU"
"Sudeste";"MG";312260;"Dom Joaquim";4;4;1;100;"ALCANÇOU"
"Sudeste";"MG";312270;"Dom Silvério";0;4;0;0;"NÃO ALCANÇOU"
"Sudeste";"MG";312280;"Dom Viçoso";4;4;1;100;"ALCANÇOU"
"Sudeste";"MG";312290;"Dona Euzébia";4;4;1;100;"ALCANÇOU"
"Sudeste";"MG";312300;"Dores de Campos";0;4;0;0;"NÃO ALCANÇOU"
"Sudeste";"MG";312310;"Dores de Guanhães";4;4;1;100;"ALCANÇOU"
"Sudeste";"MG";312320;"Dores do Indaiá";1;4;0,25;25;"NÃO ALCANÇOU"
"Sudeste";"MG";312330;"Dores do Turvo";1;4;0,25;25;"NÃO ALCANÇOU"
"Sudeste";"MG";312340;"Doresópolis";3;4;0,75;75;"NÃO ALCANÇOU"
"Sudeste";"MG";312350;"Douradoquara";1;4;0,25;25;"NÃO ALCANÇOU"
"Sudeste";"MG";312352;"Durandé";0;4;0;0;"NÃO ALCANÇOU"
"Sudeste";"MG";312360;"Elói Mendes";1;4;0,25;25;"NÃO ALCANÇOU"
"Sudeste";"MG";312370;"Engenheiro Caldas";4;4;1;100;"ALCANÇOU"
"Sudeste";"MG";312380;"Engenheiro Navarro";1;4;0,25;25;"NÃO ALCANÇOU"
"Sudeste";"MG";312385;"Entre Folhas";4;4;1;100;"ALCANÇOU"
"Sudeste";"MG";312390;"Entre Rios de Minas";1;4;0,25;25;"NÃO ALCANÇOU"
"Sudeste";"MG";312400;"Ervália";4;4;1;100;"ALCANÇOU"
"Sudeste";"MG";312410;"Esmeraldas";1;4;0,25;25;"NÃO ALCANÇOU"
"Sudeste";"MG";312420;"Espera Feliz";1;4;0,25;25;"NÃO ALCANÇOU"
"Sudeste";"MG";312430;"Espinosa";2;4;0,5;50;"NÃO ALCANÇOU"
"Sudeste";"MG";312440;"Espírito Santo do Dourado";4;4;1;100;"ALCANÇOU"
"Sudeste";"MG";312450;"Estiva";4;4;1;100;"ALCANÇOU"
"Sudeste";"MG";312460;"Estrela Dalva";2;4;0,5;50;"NÃO ALCANÇOU"
"Sudeste";"MG";312470;"Estrela do Indaiá";1;4;0,25;25;"NÃO ALCANÇOU"
"Sudeste";"MG";312480;"Estrela do Sul";1;4;0,25;25;"NÃO ALCANÇOU"
"Sudeste";"MG";312490;"Eugenópolis";1;4;0,25;25;"NÃO ALCANÇOU"
"Sudeste";"MG";312500;"Ewbank da Câmara";4;4;1;100;"ALCANÇOU"
"Sudeste";"MG";312510;"Extrema";2;4;0,5;50;"NÃO ALCANÇOU"
"Sudeste";"MG";312520;"Fama";0;4;0;0;"NÃO ALCANÇOU"
"Sudeste";"MG";312530;"Faria Lemos";3;4;0,75;75;"NÃO ALCANÇOU"
"Sudeste";"MG";312540;"Felício dos Santos";2;4;0,5;50;"NÃO ALCANÇOU"
"Sudeste";"MG";312550;"São Gonçalo do Rio Preto";4;4;1;100;"ALCANÇOU"
"Sudeste";"MG";312560;"Felisburgo";4;4;1;100;"ALCANÇOU"
"Sudeste";"MG";312570;"Felixlândia";1;4;0,25;25;"NÃO ALCANÇOU"
"Sudeste";"MG";312580;"Fernandes Tourinho";4;4;1;100;"ALCANÇOU"
"Sudeste";"MG";312590;"Ferros";4;4;1;100;"ALCANÇOU"
"Sudeste";"MG";312595;"Fervedouro";0;4;0;0;"NÃO ALCANÇOU"
"Sudeste";"MG";312600;"Florestal";1;4;0,25;25;"NÃO ALCANÇOU"
"Sudeste";"MG";312610;"Formiga";4;4;1;100;"ALCANÇOU"
"Sudeste";"MG";312620;"Formoso";4;4;1;100;"ALCANÇOU"
"Sudeste";"MG";312630;"Fortaleza de Minas";0;4;0;0;"NÃO ALCANÇOU"
"Sudeste";"MG";312640;"Fortuna de Minas";3;4;0,75;75;"NÃO ALCANÇOU"
"Sudeste";"MG";312650;"Francisco Badaró";3;4;0,75;75;"NÃO ALCANÇOU"
"Sudeste";"MG";312660;"Francisco Dumont";4;4;1;100;"ALCANÇOU"
"Sudeste";"MG";312670;"Francisco Sá";1;4;0,25;25;"NÃO ALCANÇOU"
"Sudeste";"MG";312675;"Franciscópolis";0;4;0;0;"NÃO ALCANÇOU"
"Sudeste";"MG";312680;"Frei Gaspar";2;4;0,5;50;"NÃO ALCANÇOU"
"Sudeste";"MG";312690;"Frei Inocêncio";3;4;0,75;75;"NÃO ALCANÇOU"
"Sudeste";"MG";312695;"Frei Lagonegro";4;4;1;100;"ALCANÇOU"
"Sudeste";"MG";312700;"Fronteira";1;4;0,25;25;"NÃO ALCANÇOU"
"Sudeste";"MG";312705;"Fronteira dos Vales";3;4;0,75;75;"NÃO ALCANÇOU"
"Sudeste";"MG";312707;"Fruta de Leite";1;4;0,25;25;"NÃO ALCANÇOU"
"Sudeste";"MG";312710;"Frutal";1;4;0,25;25;"NÃO ALCANÇOU"
"Sudeste";"MG";312720;"Funilândia";4;4;1;100;"ALCANÇOU"
"Sudeste";"MG";312730;"Galiléia";3;4;0,75;75;"NÃO ALCANÇOU"
"Sudeste";"MG";312733;"Gameleiras";4;4;1;100;"ALCANÇOU"
"Sudeste";"MG";312735;"Glaucilândia";4;4;1;100;"ALCANÇOU"
"Sudeste";"MG";312737;"Goiabeira";4;4;1;100;"ALCANÇOU"
"Sudeste";"MG";312738;"Goianá";2;4;0,5;50;"NÃO ALCANÇOU"
"Sudeste";"MG";312740;"Gonçalves";1;4;0,25;25;"NÃO ALCANÇOU"
"Sudeste";"MG";312750;"Gonzaga";4;4;1;100;"ALCANÇOU"
"Sudeste";"MG";312760;"Gouveia";0;4;0;0;"NÃO ALCANÇOU"
"Sudeste";"MG";312770;"Governador Valadares";0;4;0;0;"NÃO ALCANÇOU"
"Sudeste";"MG";312780;"Grão Mogol";3;4;0,75;75;"NÃO ALCANÇOU"
"Sudeste";"MG";312790;"Grupiara";4;4;1;100;"ALCANÇOU"
"Sudeste";"MG";312800;"Guanhães";2;4;0,5;50;"NÃO ALCANÇOU"
"Sudeste";"MG";312810;"Guapé";4;4;1;100;"ALCANÇOU"
"Sudeste";"MG";312820;"Guaraciaba";1;4;0,25;25;"NÃO ALCANÇOU"
"Sudeste";"MG";312825;"Guaraciama";4;4;1;100;"ALCANÇOU"
"Sudeste";"MG";312830;"Guaranésia";4;4;1;100;"ALCANÇOU"
"Sudeste";"MG";312840;"Guarani";4;4;1;100;"ALCANÇOU"
"Sudeste";"MG";312850;"Guarará";1;4;0,25;25;"NÃO ALCANÇOU"
"Sudeste";"MG";312860;"Guarda-Mor";4;4;1;100;"ALCANÇOU"
"Sudeste";"MG";312870;"Guaxupé";0;4;0;0;"NÃO ALCANÇOU"
"Sudeste";"MG";312880;"Guidoval";0;4;0;0;"NÃO ALCANÇOU"
"Sudeste";"MG";312890;"Guimarânia";4;4;1;100;"ALCANÇOU"
"Sudeste";"MG";312900;"Guiricema";4;4;1;100;"ALCANÇOU"
"Sudeste";"MG";312910;"Gurinhatã";2;4;0,5;50;"NÃO ALCANÇOU"
"Sudeste";"MG";312920;"Heliodora";1;4;0,25;25;"NÃO ALCANÇOU"
"Sudeste";"MG";312930;"Iapu";4;4;1;100;"ALCANÇOU"
"Sudeste";"MG";312940;"Ibertioga";4;4;1;100;"ALCANÇOU"
"Sudeste";"MG";312950;"Ibiá";4;4;1;100;"ALCANÇOU"
"Sudeste";"MG";312960;"Ibiaí";0;4;0;0;"NÃO ALCANÇOU"
"Sudeste";"MG";312965;"Ibiracatu";4;4;1;100;"ALCANÇOU"
"Sudeste";"MG";312970;"Ibiraci";4;4;1;100;"ALCANÇOU"
"Sudeste";"MG";312980;"Ibirité";0;4;0;0;"NÃO ALCANÇOU"
"Sudeste";"MG";312990;"Ibitiúra de Minas";2;4;0,5;50;"NÃO ALCANÇOU"
"Sudeste";"MG";313000;"Ibituruna";2;4;0,5;50;"NÃO ALCANÇOU"
"Sudeste";"MG";313005;"Icaraí de Minas";4;4;1;100;"ALCANÇOU"
"Sudeste";"MG";313010;"Igarapé";3;4;0,75;75;"NÃO ALCANÇOU"
"Sudeste";"MG";313020;"Igaratinga";4;4;1;100;"ALCANÇOU"
"Sudeste";"MG";313030;"Iguatama";4;4;1;100;"ALCANÇOU"
"Sudeste";"MG";313040;"Ijaci";4;4;1;100;"ALCANÇOU"
"Sudeste";"MG";313050;"Ilicínea";0;4;0;0;"NÃO ALCANÇOU"
"Sudeste";"MG";313055;"Imbé de Minas";4;4;1;100;"ALCANÇOU"
"Sudeste";"MG";313060;"Inconfidentes";4;4;1;100;"ALCANÇOU"
"Sudeste";"MG";313065;"Indaiabira";0;4;0;0;"NÃO ALCANÇOU"
"Sudeste";"MG";313070;"Indianópolis";4;4;1;100;"ALCANÇOU"
"Sudeste";"MG";313080;"Ingaí";4;4;1;100;"ALCANÇOU"
"Sudeste";"MG";313090;"Inhapim";1;4;0,25;25;"NÃO ALCANÇOU"
"Sudeste";"MG";313100;"Inhaúma";2;4;0,5;50;"NÃO ALCANÇOU"
"Sudeste";"MG";313110;"Inimutaba";2;4;0,5;50;"NÃO ALCANÇOU"
"Sudeste";"MG";313115;"Ipaba";1;4;0,25;25;"NÃO ALCANÇOU"
"Sudeste";"MG";313120;"Ipanema";1;4;0,25;25;"NÃO ALCANÇOU"
"Sudeste";"MG";313130;"Ipatinga";2;4;0,5;50;"NÃO ALCANÇOU"
"Sudeste";"MG";313140;"Ipiaçu";4;4;1;100;"ALCANÇOU"
"Sudeste";"MG";313150;"Ipuiúna";4;4;1;100;"ALCANÇOU"
"Sudeste";"MG";313160;"Iraí de Minas";3;4;0,75;75;"NÃO ALCANÇOU"
"Sudeste";"MG";313170;"Itabira";2;4;0,5;50;"NÃO ALCANÇOU"
"Sudeste";"MG";313180;"Itabirinha";3;4;0,75;75;"NÃO ALCANÇOU"
"Sudeste";"MG";313190;"Itabirito";2;4;0,5;50;"NÃO ALCANÇOU"
"Sudeste";"MG";313200;"Itacambira";4;4;1;100;"ALCANÇOU"
"Sudeste";"MG";313210;"Itacarambi";3;4;0,75;75;"NÃO ALCANÇOU"
"Sudeste";"MG";313220;"Itaguara";3;4;0,75;75;"NÃO ALCANÇOU"
"Sudeste";"MG";313230;"Itaipé";4;4;1;100;"ALCANÇOU"
"Sudeste";"MG";313240;"Itajubá";2;4;0,5;50;"NÃO ALCANÇOU"
"Sudeste";"MG";313250;"Itamarandiba";4;4;1;100;"ALCANÇOU"
"Sudeste";"MG";313260;"Itamarati de Minas";1;4;0,25;25;"NÃO ALCANÇOU"
"Sudeste";"MG";313270;"Itambacuri";0;4;0;0;"NÃO ALCANÇOU"
"Sudeste";"MG";313280;"Itambé do Mato Dentro";4;4;1;100;"ALCANÇOU"
"Sudeste";"MG";313290;"Itamogi";4;4;1;100;"ALCANÇOU"
"Sudeste";"MG";313300;"Itamonte";4;4;1;100;"ALCANÇOU"
"Sudeste";"MG";313310;"Itanhandu";4;4;1;100;"ALCANÇOU"
"Sudeste";"MG";313320;"Itanhomi";4;4;1;100;"ALCANÇOU"
"Sudeste";"MG";313330;"Itaobim";4;4;1;100;"ALCANÇOU"
"Sudeste";"MG";313340;"Itapagipe";4;4;1;100;"ALCANÇOU"
"Sudeste";"MG";313350;"Itapecerica";0;4;0;0;"NÃO ALCANÇOU"
"Sudeste";"MG";313360;"Itapeva";1;4;0,25;25;"NÃO ALCANÇOU"
"Sudeste";"MG";313370;"Itatiaiuçu";4;4;1;100;"ALCANÇOU"
"Sudeste";"MG";313375;"Itaú de Minas";4;4;1;100;"ALCANÇOU"
"Sudeste";"MG";313380;"Itaúna";2;4;0,5;50;"NÃO ALCANÇOU"
"Sudeste";"MG";313390;"Itaverava";4;4;1;100;"ALCANÇOU"
"Sudeste";"MG";313400;"Itinga";4;4;1;100;"ALCANÇOU"
"Sudeste";"MG";313410;"Itueta";4;4;1;100;"ALCANÇOU"
"Sudeste";"MG";313420;"Ituiutaba";3;4;0,75;75;"NÃO ALCANÇOU"
"Sudeste";"MG";313430;"Itumirim";4;4;1;100;"ALCANÇOU"
"Sudeste";"MG";313440;"Iturama";0;4;0;0;"NÃO ALCANÇOU"
"Sudeste";"MG";313450;"Itutinga";3;4;0,75;75;"NÃO ALCANÇOU"
"Sudeste";"MG";313460;"Jaboticatubas";4;4;1;100;"ALCANÇOU"
"Sudeste";"MG";313470;"Jacinto";0;4;0;0;"NÃO ALCANÇOU"
"Sudeste";"MG";313480;"Jacuí";1;4;0,25;25;"NÃO ALCANÇOU"
"Sudeste";"MG";313490;"Jacutinga";4;4;1;100;"ALCANÇOU"
"Sudeste";"MG";313500;"Jaguaraçu";0;4;0;0;"NÃO ALCANÇOU"
"Sudeste";"MG";313505;"Jaíba";0;4;0;0;"NÃO ALCANÇOU"
"Sudeste";"MG";313507;"Jampruca";1;4;0,25;25;"NÃO ALCANÇOU"
"Sudeste";"MG";313510;"Janaúba";3;4;0,75;75;"NÃO ALCANÇOU"
"Sudeste";"MG";313520;"Januária";1;4;0,25;25;"NÃO ALCANÇOU"
"Sudeste";"MG";313530;"Japaraíba";4;4;1;100;"ALCANÇOU"
"Sudeste";"MG";313535;"Japonvar";4;4;1;100;"ALCANÇOU"
"Sudeste";"MG";313540;"Jeceaba";4;4;1;100;"ALCANÇOU"
"Sudeste";"MG";313545;"Jenipapo de Minas";3;4;0,75;75;"NÃO ALCANÇOU"
"Sudeste";"MG";313550;"Jequeri";4;4;1;100;"ALCANÇOU"
"Sudeste";"MG";313560;"Jequitaí";4;4;1;100;"ALCANÇOU"
"Sudeste";"MG";313570;"Jequitibá";1;4;0,25;25;"NÃO ALCANÇOU"
"Sudeste";"MG";313580;"Jequitinhonha";1;4;0,25;25;"NÃO ALCANÇOU"
"Sudeste";"MG";313590;"Jesuânia";4;4;1;100;"ALCANÇOU"
"Sudeste";"MG";313600;"Joaíma";2;4;0,5;50;"NÃO ALCANÇOU"
"Sudeste";"MG";313610;"Joanésia";3;4;0,75;75;"NÃO ALCANÇOU"
"Sudeste";"MG";313620;"João Monlevade";1;4;0,25;25;"NÃO ALCANÇOU"
"Sudeste";"MG";313630;"João Pinheiro";4;4;1;100;"ALCANÇOU"
"Sudeste";"MG";313640;"Joaquim Felício";4;4;1;100;"ALCANÇOU"
"Sudeste";"MG";313650;"Jordânia";4;4;1;100;"ALCANÇOU"
"Sudeste";"MG";313652;"José Gonçalves de Minas";1;4;0,25;25;"NÃO ALCANÇOU"
"Sudeste";"MG";313655;"José Raydan";2;4;0,5;50;"NÃO ALCANÇOU"
"Sudeste";"MG";313657;"Josenópolis";4;4;1;100;"ALCANÇOU"
"Sudeste";"MG";313660;"Nova União";1;4;0,25;25;"NÃO ALCANÇOU"
"Sudeste";"MG";313665;"Juatuba";2;4;0,5;50;"NÃO ALCANÇOU"
"Sudeste";"MG";313670;"Juiz de Fora";0;4;0;0;"NÃO ALCANÇOU"
"Sudeste";"MG";313680;"Juramento";4;4;1;100;"ALCANÇOU"
"Sudeste";"MG";313690;"Juruaia";3;4;0,75;75;"NÃO ALCANÇOU"
"Sudeste";"MG";313695;"Juvenília";0;4;0;0;"NÃO ALCANÇOU"
"Sudeste";"MG";313700;"Ladainha";2;4;0,5;50;"NÃO ALCANÇOU"
"Sudeste";"MG";313710;"Lagamar";4;4;1;100;"ALCANÇOU"
"Sudeste";"MG";313720;"Lagoa da Prata";4;4;1;100;"ALCANÇOU"
"Sudeste";"MG";313730;"Lagoa dos Patos";4;4;1;100;"ALCANÇOU"
"Sudeste";"MG";313740;"Lagoa Dourada";4;4;1;100;"ALCANÇOU"
"Sudeste";"MG";313750;"Lagoa Formosa";4;4;1;100;"ALCANÇOU"
"Sudeste";"MG";313753;"Lagoa Grande";4;4;1;100;"ALCANÇOU"
"Sudeste";"MG";313760;"Lagoa Santa";0;4;0;0;"NÃO ALCANÇOU"
"Sudeste";"MG";313770;"Lajinha";0;4;0;0;"NÃO ALCANÇOU"
"Sudeste";"MG";313780;"Lambari";4;4;1;100;"ALCANÇOU"
"Sudeste";"MG";313790;"Lamim";4;4;1;100;"ALCANÇOU"
"Sudeste";"MG";313800;"Laranjal";3;4;0,75;75;"NÃO ALCANÇOU"
"Sudeste";"MG";313810;"Lassance";3;4;0,75;75;"NÃO ALCANÇOU"
"Sudeste";"MG";313820;"Lavras";0;4;0;0;"NÃO ALCANÇOU"
"Sudeste";"MG";313830;"Leandro Ferreira";4;4;1;100;"ALCANÇOU"
"Sudeste";"MG";313835;"Leme do Prado";4;4;1;100;"ALCANÇOU"
"Sudeste";"MG";313840;"Leopoldina";1;4;0,25;25;"NÃO ALCANÇOU"
"Sudeste";"MG";313850;"Liberdade";1;4;0,25;25;"NÃO ALCANÇOU"
"Sudeste";"MG";313860;"Lima Duarte";1;4;0,25;25;"NÃO ALCANÇOU"
"Sudeste";"MG";313862;"Limeira do Oeste";4;4;1;100;"ALCANÇOU"
"Sudeste";"MG";313865;"Lontra";3;4;0,75;75;"NÃO ALCANÇOU"
"Sudeste";"MG";313867;"Luisburgo";2;4;0,5;50;"NÃO ALCANÇOU"
"Sudeste";"MG";313868;"Luislândia";3;4;0,75;75;"NÃO ALCANÇOU"
"Sudeste";"MG";313870;"Luminárias";4;4;1;100;"ALCANÇOU"
"Sudeste";"MG";313880;"Luz";4;4;1;100;"ALCANÇOU"
"Sudeste";"MG";313890;"Machacalis";1;4;0,25;25;"NÃO ALCANÇOU"
"Sudeste";"MG";313900;"Machado";3;4;0,75;75;"NÃO ALCANÇOU"
"Sudeste";"MG";313910;"Madre de Deus de Minas";0;4;0;0;"NÃO ALCANÇOU"
"Sudeste";"MG";313920;"Malacacheta";3;4;0,75;75;"NÃO ALCANÇOU"
"Sudeste";"MG";313925;"Mamonas";3;4;0,75;75;"NÃO ALCANÇOU"
"Sudeste";"MG";313930;"Manga";0;4;0;0;"NÃO ALCANÇOU"
"Sudeste";"MG";313940;"Manhuaçu";0;4;0;0;"NÃO ALCANÇOU"
"Sudeste";"MG";313950;"Manhumirim";0;4;0;0;"NÃO ALCANÇOU"
"Sudeste";"MG";313960;"Mantena";4;4;1;100;"ALCANÇOU"
"Sudeste";"MG";313970;"Maravilhas";4;4;1;100;"ALCANÇOU"
"Sudeste";"MG";313980;"Mar de Espanha";4;4;1;100;"ALCANÇOU"
"Sudeste";"MG";313990;"Maria da Fé";4;4;1;100;"ALCANÇOU"
"Sudeste";"MG";314000;"Mariana";2;4;0,5;50;"NÃO ALCANÇOU"
"Sudeste";"MG";314010;"Marilac";3;4;0,75;75;"NÃO ALCANÇOU"
"Sudeste";"MG";314015;"Mário Campos";1;4;0,25;25;"NÃO ALCANÇOU"
"Sudeste";"MG";314020;"Maripá de Minas";0;4;0;0;"NÃO ALCANÇOU"
"Sudeste";"MG";314030;"Marliéria";3;4;0,75;75;"NÃO ALCANÇOU"
"Sudeste";"MG";314040;"Marmelópolis";1;4;0,25;25;"NÃO ALCANÇOU"
"Sudeste";"MG";314050;"Martinho Campos";3;4;0,75;75;"NÃO ALCANÇOU"
"Sudeste";"MG";314053;"Martins Soares";4;4;1;100;"ALCANÇOU"
"Sudeste";"MG";314055;"Mata Verde";4;4;1;100;"ALCANÇOU"
"Sudeste";"MG";314060;"Materlândia";4;4;1;100;"ALCANÇOU"
"Sudeste";"MG";314070;"Mateus Leme";4;4;1;100;"ALCANÇOU"
"Sudeste";"MG";314080;"Matias Barbosa";1;4;0,25;25;"NÃO ALCANÇOU"
"Sudeste";"MG";314085;"Matias Cardoso";0;4;0;0;"NÃO ALCANÇOU"
"Sudeste";"MG";314090;"Matipó";0;4;0;0;"NÃO ALCANÇOU"
"Sudeste";"MG";314100;"Mato Verde";1;4;0,25;25;"NÃO ALCANÇOU"
"Sudeste";"MG";314110;"Matozinhos";0;4;0;0;"NÃO ALCANÇOU"
"Sudeste";"MG";314120;"Matutina";1;4;0,25;25;"NÃO ALCANÇOU"
"Sudeste";"MG";314130;"Medeiros";4;4;1;100;"ALCANÇOU"
"Sudeste";"MG";314140;"Medina";3;4;0,75;75;"NÃO ALCANÇOU"
"Sudeste";"MG";314150;"Mendes Pimentel";4;4;1;100;"ALCANÇOU"
"Sudeste";"MG";314160;"Mercês";2;4;0,5;50;"NÃO ALCANÇOU"
"Sudeste";"MG";314170;"Mesquita";3;4;0,75;75;"NÃO ALCANÇOU"
"Sudeste";"MG";314180;"Minas Novas";3;4;0,75;75;"NÃO ALCANÇOU"
"Sudeste";"MG";314190;"Minduri";1;4;0,25;25;"NÃO ALCANÇOU"
"Sudeste";"MG";314200;"Mirabela";3;4;0,75;75;"NÃO ALCANÇOU"
"Sudeste";"MG";314210;"Miradouro";0;4;0;0;"NÃO ALCANÇOU"
"Sudeste";"MG";314220;"Miraí";4;4;1;100;"ALCANÇOU"
"Sudeste";"MG";314225;"Miravânia";4;4;1;100;"ALCANÇOU"
"Sudeste";"MG";314230;"Moeda";4;4;1;100;"ALCANÇOU"
"Sudeste";"MG";314240;"Moema";4;4;1;100;"ALCANÇOU"
"Sudeste";"MG";314250;"Monjolos";0;4;0;0;"NÃO ALCANÇOU"
"Sudeste";"MG";314260;"Monsenhor Paulo";3;4;0,75;75;"NÃO ALCANÇOU"
"Sudeste";"MG";314270;"Montalvânia";2;4;0,5;50;"NÃO ALCANÇOU"
"Sudeste";"MG";314280;"Monte Alegre de Minas";2;4;0,5;50;"NÃO ALCANÇOU"
"Sudeste";"MG";314290;"Monte Azul";4;4;1;100;"ALCANÇOU"
"Sudeste";"MG";314300;"Monte Belo";4;4;1;100;"ALCANÇOU"
"Sudeste";"MG";314310;"Monte Carmelo";4;4;1;100;"ALCANÇOU"
"Sudeste";"MG";314315;"Monte Formoso";3;4;0,75;75;"NÃO ALCANÇOU"
"Sudeste";"MG";314320;"Monte Santo de Minas";4;4;1;100;"ALCANÇOU"
"Sudeste";"MG";314330;"Montes Claros";1;4;0,25;25;"NÃO ALCANÇOU"
"Sudeste";"MG";314340;"Monte Sião";4;4;1;100;"ALCANÇOU"
"Sudeste";"MG";314345;"Montezuma";3;4;0,75;75;"NÃO ALCANÇOU"
"Sudeste";"MG";314350;"Morada Nova de Minas";4;4;1;100;"ALCANÇOU"
"Sudeste";"MG";314360;"Morro da Garça";4;4;1;100;"ALCANÇOU"
"Sudeste";"MG";314370;"Morro do Pilar";3;4;0,75;75;"NÃO ALCANÇOU"
"Sudeste";"MG";314380;"Munhoz";4;4;1;100;"ALCANÇOU"
"Sudeste";"MG";314390;"Muriaé";3;4;0,75;75;"NÃO ALCANÇOU"
"Sudeste";"MG";314400;"Mutum";0;4;0;0;"NÃO ALCANÇOU"
"Sudeste";"MG";314410;"Muzambinho";2;4;0,5;50;"NÃO ALCANÇOU"
"Sudeste";"MG";314420;"Nacip Raydan";4;4;1;100;"ALCANÇOU"
"Sudeste";"MG";314430;"Nanuque";0;4;0;0;"NÃO ALCANÇOU"
"Sudeste";"MG";314435;"Naque";2;4;0,5;50;"NÃO ALCANÇOU"
"Sudeste";"MG";314437;"Natalândia";4;4;1;100;"ALCANÇOU"
"Sudeste";"MG";314440;"Natércia";4;4;1;100;"ALCANÇOU"
"Sudeste";"MG";314450;"Nazareno";3;4;0,75;75;"NÃO ALCANÇOU"
"Sudeste";"MG";314460;"Nepomuceno";4;4;1;100;"ALCANÇOU"
"Sudeste";"MG";314465;"Ninheira";1;4;0,25;25;"NÃO ALCANÇOU"
"Sudeste";"MG";314467;"Nova Belém";4;4;1;100;"ALCANÇOU"
"Sudeste";"MG";314470;"Nova Era";1;4;0,25;25;"NÃO ALCANÇOU"
"Sudeste";"MG";314480;"Nova Lima";0;4;0;0;"NÃO ALCANÇOU"
"Sudeste";"MG";314490;"Nova Módica";4;4;1;100;"ALCANÇOU"
"Sudeste";"MG";314500;"Nova Ponte";4;4;1;100;"ALCANÇOU"
"Sudeste";"MG";314505;"Nova Porteirinha";3;4;0,75;75;"NÃO ALCANÇOU"
"Sudeste";"MG";314510;"Nova Resende";2;4;0,5;50;"NÃO ALCANÇOU"
"Sudeste";"MG";314520;"Nova Serrana";2;4;0,5;50;"NÃO ALCANÇOU"
"Sudeste";"MG";314530;"Novo Cruzeiro";3;4;0,75;75;"NÃO ALCANÇOU"
"Sudeste";"MG";314535;"Novo Oriente de Minas";2;4;0,5;50;"NÃO ALCANÇOU"
"Sudeste";"MG";314537;"Novorizonte";4;4;1;100;"ALCANÇOU"
"Sudeste";"MG";314540;"Olaria";4;4;1;100;"ALCANÇOU"
"Sudeste";"MG";314545;"Olhos-d'Água";4;4;1;100;"ALCANÇOU"
"Sudeste";"MG";314550;"Olímpio Noronha";4;4;1;100;"ALCANÇOU"
"Sudeste";"MG";314560;"Oliveira";2;4;0,5;50;"NÃO ALCANÇOU"
"Sudeste";"MG";314570;"Oliveira Fortes";4;4;1;100;"ALCANÇOU"
"Sudeste";"MG";314580;"Onça de Pitangui";1;4;0,25;25;"NÃO ALCANÇOU"
"Sudeste";"MG";314585;"Oratórios";1;4;0,25;25;"NÃO ALCANÇOU"
"Sudeste";"MG";314587;"Orizânia";1;4;0,25;25;"NÃO ALCANÇOU"
"Sudeste";"MG";314590;"Ouro Branco";3;4;0,75;75;"NÃO ALCANÇOU"
"Sudeste";"MG";314600;"Ouro Fino";3;4;0,75;75;"NÃO ALCANÇOU"
"Sudeste";"MG";314610;"Ouro Preto";4;4;1;100;"ALCANÇOU"
"Sudeste";"MG";314620;"Ouro Verde de Minas";4;4;1;100;"ALCANÇOU"
"Sudeste";"MG";314625;"Padre Carvalho";4;4;1;100;"ALCANÇOU"
"Sudeste";"MG";314630;"Padre Paraíso";4;4;1;100;"ALCANÇOU"
"Sudeste";"MG";314640;"Paineiras";4;4;1;100;"ALCANÇOU"
"Sudeste";"MG";314650;"Pains";0;4;0;0;"NÃO ALCANÇOU"
"Sudeste";"MG";314655;"Pai Pedro";4;4;1;100;"ALCANÇOU"
"Sudeste";"MG";314660;"Paiva";1;4;0,25;25;"NÃO ALCANÇOU"
"Sudeste";"MG";314670;"Palma";2;4;0,5;50;"NÃO ALCANÇOU"
"Sudeste";"MG";314675;"Palmópolis";4;4;1;100;"ALCANÇOU"
"Sudeste";"MG";314690;"Papagaios";4;4;1;100;"ALCANÇOU"
"Sudeste";"MG";314700;"Paracatu";0;4;0;0;"NÃO ALCANÇOU"
"Sudeste";"MG";314710;"Pará de Minas";1;4;0,25;25;"NÃO ALCANÇOU"
"Sudeste";"MG";314720;"Paraguaçu";1;4;0,25;25;"NÃO ALCANÇOU"
"Sudeste";"MG";314730;"Paraisópolis";1;4;0,25;25;"NÃO ALCANÇOU"
"Sudeste";"MG";314740;"Paraopeba";2;4;0,5;50;"NÃO ALCANÇOU"
"Sudeste";"MG";314750;"Passabém";3;4;0,75;75;"NÃO ALCANÇOU"
"Sudeste";"MG";314760;"Passa Quatro";0;4;0;0;"NÃO ALCANÇOU"
"Sudeste";"MG";314770;"Passa Tempo";1;4;0,25;25;"NÃO ALCANÇOU"
"Sudeste";"MG";314780;"Passa Vinte";4;4;1;100;"ALCANÇOU"
"Sudeste";"MG";314790;"Passos";0;4;0;0;"NÃO ALCANÇOU"
"Sudeste";"MG";314795;"Patis";4;4;1;100;"ALCANÇOU"
"Sudeste";"MG";314800;"Patos de Minas";1;4;0,25;25;"NÃO ALCANÇOU"
"Sudeste";"MG";314810;"Patrocínio";0;4;0;0;"NÃO ALCANÇOU"
"Sudeste";"MG";314820;"Patrocínio do Muriaé";4;4;1;100;"ALCANÇOU"
"Sudeste";"MG";314830;"Paula Cândido";1;4;0,25;25;"NÃO ALCANÇOU"
"Sudeste";"MG";314840;"Paulistas";4;4;1;100;"ALCANÇOU"
"Sudeste";"MG";314850;"Pavão";0;4;0;0;"NÃO ALCANÇOU"
"Sudeste";"MG";314860;"Peçanha";4;4;1;100;"ALCANÇOU"
"Sudeste";"MG";314870;"Pedra Azul";1;4;0,25;25;"NÃO ALCANÇOU"
"Sudeste";"MG";314875;"Pedra Bonita";1;4;0,25;25;"NÃO ALCANÇOU"
"Sudeste";"MG";314880;"Pedra do Anta";3;4;0,75;75;"NÃO ALCANÇOU"
"Sudeste";"MG";314890;"Pedra do Indaiá";3;4;0,75;75;"NÃO ALCANÇOU"
"Sudeste";"MG";314900;"Pedra Dourada";0;4;0;0;"NÃO ALCANÇOU"
"Sudeste";"MG";314910;"Pedralva";4;4;1;100;"ALCANÇOU"
"Sudeste";"MG";314915;"Pedras de Maria da Cruz";1;4;0,25;25;"NÃO ALCANÇOU"
"Sudeste";"MG";314920;"Pedrinópolis";1;4;0,25;25;"NÃO ALCANÇOU"
"Sudeste";"MG";314930;"Pedro Leopoldo";0;4;0;0;"NÃO ALCANÇOU"
"Sudeste";"MG";314940;"Pedro Teixeira";1;4;0,25;25;"NÃO ALCANÇOU"
"Sudeste";"MG";314950;"Pequeri";0;4;0;0;"NÃO ALCANÇOU"
"Sudeste";"MG";314960;"Pequi";4;4;1;100;"ALCANÇOU"
"Sudeste";"MG";314970;"Perdigão";4;4;1;100;"ALCANÇOU"
"Sudeste";"MG";314980;"Perdizes";4;4;1;100;"ALCANÇOU"
"Sudeste";"MG";314990;"Perdões";4;4;1;100;"ALCANÇOU"
"Sudeste";"MG";314995;"Periquito";1;4;0,25;25;"NÃO ALCANÇOU"
"Sudeste";"MG";315000;"Pescador";4;4;1;100;"ALCANÇOU"
"Sudeste";"MG";315010;"Piau";3;4;0,75;75;"NÃO ALCANÇOU"
"Sudeste";"MG";315015;"Piedade de Caratinga";3;4;0,75;75;"NÃO ALCANÇOU"
"Sudeste";"MG";315020;"Piedade de Ponte Nova";4;4;1;100;"ALCANÇOU"
"Sudeste";"MG";315030;"Piedade do Rio Grande";4;4;1;100;"ALCANÇOU"
"Sudeste";"MG";315040;"Piedade dos Gerais";3;4;0,75;75;"NÃO ALCANÇOU"
"Sudeste";"MG";315050;"Pimenta";2;4;0,5;50;"NÃO ALCANÇOU"
"Sudeste";"MG";315053;"Pingo d'Água";4;4;1;100;"ALCANÇOU"
"Sudeste";"MG";315057;"Pintópolis";4;4;1;100;"ALCANÇOU"
"Sudeste";"MG";315060;"Piracema";4;4;1;100;"ALCANÇOU"
"Sudeste";"MG";315070;"Pirajuba";4;4;1;100;"ALCANÇOU"
"Sudeste";"MG";315080;"Piranga";4;4;1;100;"ALCANÇOU"
"Sudeste";"MG";315090;"Piranguçu";4;4;1;100;"ALCANÇOU"
"Sudeste";"MG";315100;"Piranguinho";0;4;0;0;"NÃO ALCANÇOU"
"Sudeste";"MG";315110;"Pirapetinga";1;4;0,25;25;"NÃO ALCANÇOU"
"Sudeste";"MG";315120;"Pirapora";1;4;0,25;25;"NÃO ALCANÇOU"
"Sudeste";"MG";315130;"Piraúba";4;4;1;100;"ALCANÇOU"
"Sudeste";"MG";315140;"Pitangui";3;4;0,75;75;"NÃO ALCANÇOU"
"Sudeste";"MG";315150;"Piumhi";1;4;0,25;25;"NÃO ALCANÇOU"
"Sudeste";"MG";315160;"Planura";1;4;0,25;25;"NÃO ALCANÇOU"
"Sudeste";"MG";315170;"Poço Fundo";4;4;1;100;"ALCANÇOU"
"Sudeste";"MG";315180;"Poços de Caldas";0;4;0;0;"NÃO ALCANÇOU"
"Sudeste";"MG";315190;"Pocrane";4;4;1;100;"ALCANÇOU"
"Sudeste";"MG";315200;"Pompéu";4;4;1;100;"ALCANÇOU"
"Sudeste";"MG";315210;"Ponte Nova";1;4;0,25;25;"NÃO ALCANÇOU"
"Sudeste";"MG";315213;"Ponto Chique";4;4;1;100;"ALCANÇOU"
"Sudeste";"MG";315217;"Ponto dos Volantes";1;4;0,25;25;"NÃO ALCANÇOU"
"Sudeste";"MG";315220;"Porteirinha";3;4;0,75;75;"NÃO ALCANÇOU"
"Sudeste";"MG";315230;"Porto Firme";4;4;1;100;"ALCANÇOU"
"Sudeste";"MG";315240;"Poté";4;4;1;100;"ALCANÇOU"
"Sudeste";"MG";315250;"Pouso Alegre";1;4;0,25;25;"NÃO ALCANÇOU"
"Sudeste";"MG";315260;"Pouso Alto";1;4;0,25;25;"NÃO ALCANÇOU"
"Sudeste";"MG";315270;"Prados";3;4;0,75;75;"NÃO ALCANÇOU"
"Sudeste";"MG";315280;"Prata";0;4;0;0;"NÃO ALCANÇOU"
"Sudeste";"MG";315290;"Pratápolis";0;4;0;0;"NÃO ALCANÇOU"
"Sudeste";"MG";315300;"Pratinha";4;4;1;100;"ALCANÇOU"
"Sudeste";"MG";315310;"Presidente Bernardes";4;4;1;100;"ALCANÇOU"
"Sudeste";"MG";315320;"Presidente Juscelino";4;4;1;100;"ALCANÇOU"
"Sudeste";"MG";315330;"Presidente Kubitschek";4;4;1;100;"ALCANÇOU"
"Sudeste";"MG";315340;"Presidente Olegário";4;4;1;100;"ALCANÇOU"
"Sudeste";"MG";315350;"Alto Jequitibá";3;4;0,75;75;"NÃO ALCANÇOU"
"Sudeste";"MG";315360;"Prudente de Morais";4;4;1;100;"ALCANÇOU"
"Sudeste";"MG";315370;"Quartel Geral";2;4;0,5;50;"NÃO ALCANÇOU"
"Sudeste";"MG";315380;"Queluzito";0;4;0;0;"NÃO ALCANÇOU"
"Sudeste";"MG";315390;"Raposos";1;4;0,25;25;"NÃO ALCANÇOU"
"Sudeste";"MG";315400;"Raul Soares";0;4;0;0;"NÃO ALCANÇOU"
"Sudeste";"MG";315410;"Recreio";2;4;0,5;50;"NÃO ALCANÇOU"
"Sudeste";"MG";315415;"Reduto";0;4;0;0;"NÃO ALCANÇOU"
"Sudeste";"MG";315420;"Resende Costa";3;4;0,75;75;"NÃO ALCANÇOU"
"Sudeste";"MG";315430;"Resplendor";1;4;0,25;25;"NÃO ALCANÇOU"
"Sudeste";"MG";315440;"Ressaquinha";1;4;0,25;25;"NÃO ALCANÇOU"
"Sudeste";"MG";315445;"Riachinho";4;4;1;100;"ALCANÇOU"
"Sudeste";"MG";315450;"Riacho dos Machados";0;4;0;0;"NÃO ALCANÇOU"
"Sudeste";"MG";315460;"Ribeirão das Neves";0;4;0;0;"NÃO ALCANÇOU"
"Sudeste";"MG";315470;"Ribeirão Vermelho";4;4;1;100;"ALCANÇOU"
"Sudeste";"MG";315480;"Rio Acima";4;4;1;100;"ALCANÇOU"
"Sudeste";"MG";315490;"Rio Casca";4;4;1;100;"ALCANÇOU"
"Sudeste";"MG";315500;"Rio Doce";1;4;0,25;25;"NÃO ALCANÇOU"
"Sudeste";"MG";315510;"Rio do Prado";2;4;0,5;50;"NÃO ALCANÇOU"
"Sudeste";"MG";315520;"Rio Espera";1;4;0,25;25;"NÃO ALCANÇOU"
"Sudeste";"MG";315530;"Rio Manso";2;4;0,5;50;"NÃO ALCANÇOU"
"Sudeste";"MG";315540;"Rio Novo";0;4;0;0;"NÃO ALCANÇOU"
"Sudeste";"MG";315550;"Rio Paranaíba";4;4;1;100;"ALCANÇOU"
"Sudeste";"MG";315560;"Rio Pardo de Minas";4;4;1;100;"ALCANÇOU"
"Sudeste";"MG";315570;"Rio Piracicaba";1;4;0,25;25;"NÃO ALCANÇOU"
"Sudeste";"MG";315580;"Rio Pomba";0;4;0;0;"NÃO ALCANÇOU"
"Sudeste";"MG";315590;"Rio Preto";4;4;1;100;"ALCANÇOU"
"Sudeste";"MG";315600;"Rio Vermelho";1;4;0,25;25;"NÃO ALCANÇOU"
"Sudeste";"MG";315610;"Ritápolis";0;4;0;0;"NÃO ALCANÇOU"
"Sudeste";"MG";315620;"Rochedo de Minas";1;4;0,25;25;"NÃO ALCANÇOU"
"Sudeste";"MG";315630;"Rodeiro";4;4;1;100;"ALCANÇOU"
"Sudeste";"MG";315640;"Romaria";4;4;1;100;"ALCANÇOU"
"Sudeste";"MG";315645;"Rosário da Limeira";1;4;0,25;25;"NÃO ALCANÇOU"
"Sudeste";"MG";315650;"Rubelita";3;4;0,75;75;"NÃO ALCANÇOU"
"Sudeste";"MG";315660;"Rubim";3;4;0,75;75;"NÃO ALCANÇOU"
"Sudeste";"MG";315670;"Sabará";0;4;0;0;"NÃO ALCANÇOU"
"Sudeste";"MG";315680;"Sabinópolis";1;4;0,25;25;"NÃO ALCANÇOU"
"Sudeste";"MG";315690;"Sacramento";0;4;0;0;"NÃO ALCANÇOU"
"Sudeste";"MG";315700;"Salinas";0;4;0;0;"NÃO ALCANÇOU"
"Sudeste";"MG";315710;"Salto da Divisa";0;4;0;0;"NÃO ALCANÇOU"
"Sudeste";"MG";315720;"Santa Bárbara";4;4;1;100;"ALCANÇOU"
"Sudeste";"MG";315725;"Santa Bárbara do Leste";4;4;1;100;"ALCANÇOU"
"Sudeste";"MG";315727;"Santa Bárbara do Monte Verde";1;4;0,25;25;"NÃO ALCANÇOU"
"Sudeste";"MG";315730;"Santa Bárbara do Tugúrio";4;4;1;100;"ALCANÇOU"
"Sudeste";"MG";315733;"Santa Cruz de Minas";1;4;0,25;25;"NÃO ALCANÇOU"
"Sudeste";"MG";315737;"Santa Cruz de Salinas";4;4;1;100;"ALCANÇOU"
"Sudeste";"MG";315740;"Santa Cruz do Escalvado";4;4;1;100;"ALCANÇOU"
"Sudeste";"MG";315750;"Santa Efigênia de Minas";4;4;1;100;"ALCANÇOU"
"Sudeste";"MG";315760;"Santa Fé de Minas";0;4;0;0;"NÃO ALCANÇOU"
"Sudeste";"MG";315765;"Santa Helena de Minas";4;4;1;100;"ALCANÇOU"
"Sudeste";"MG";315770;"Santa Juliana";0;4;0;0;"NÃO ALCANÇOU"
"Sudeste";"MG";315780;"Santa Luzia";0;4;0;0;"NÃO ALCANÇOU"
"Sudeste";"MG";315790;"Santa Margarida";2;4;0,5;50;"NÃO ALCANÇOU"
"Sudeste";"MG";315800;"Santa Maria de Itabira";1;4;0,25;25;"NÃO ALCANÇOU"
"Sudeste";"MG";315810;"Santa Maria do Salto";0;4;0;0;"NÃO ALCANÇOU"
"Sudeste";"MG";315820;"Santa Maria do Suaçuí";1;4;0,25;25;"NÃO ALCANÇOU"
"Sudeste";"MG";315830;"Santana da Vargem";1;4;0,25;25;"NÃO ALCANÇOU"
"Sudeste";"MG";315840;"Santana de Cataguases";3;4;0,75;75;"NÃO ALCANÇOU"
"Sudeste";"MG";315850;"Santana de Pirapama";2;4;0,5;50;"NÃO ALCANÇOU"
"Sudeste";"MG";315860;"Santana do Deserto";3;4;0,75;75;"NÃO ALCANÇOU"
"Sudeste";"MG";315870;"Santana do Garambéu";4;4;1;100;"ALCANÇOU"
"Sudeste";"MG";315880;"Santana do Jacaré";3;4;0,75;75;"NÃO ALCANÇOU"
"Sudeste";"MG";315890;"Santana do Manhuaçu";0;4;0;0;"NÃO ALCANÇOU"
"Sudeste";"MG";315895;"Santana do Paraíso";3;4;0,75;75;"NÃO ALCANÇOU"
"Sudeste";"MG";315900;"Santana do Riacho";2;4;0,5;50;"NÃO ALCANÇOU"
"Sudeste";"MG";315910;"Santana dos Montes";4;4;1;100;"ALCANÇOU"
"Sudeste";"MG";315920;"Santa Rita de Caldas";4;4;1;100;"ALCANÇOU"
"Sudeste";"MG";315930;"Santa Rita de Jacutinga";1;4;0,25;25;"NÃO ALCANÇOU"
"Sudeste";"MG";315935;"Santa Rita de Minas";1;4;0,25;25;"NÃO ALCANÇOU"
"Sudeste";"MG";315940;"Santa Rita de Ibitipoca";4;4;1;100;"ALCANÇOU"
"Sudeste";"MG";315950;"Santa Rita do Itueto";1;4;0,25;25;"NÃO ALCANÇOU"
"Sudeste";"MG";315960;"Santa Rita do Sapucaí";3;4;0,75;75;"NÃO ALCANÇOU"
"Sudeste";"MG";315970;"Santa Rosa da Serra";4;4;1;100;"ALCANÇOU"
"Sudeste";"MG";315980;"Santa Vitória";3;4;0,75;75;"NÃO ALCANÇOU"
"Sudeste";"MG";315990;"Santo Antônio do Amparo";4;4;1;100;"ALCANÇOU"
"Sudeste";"MG";316000;"Santo Antônio do Aventureiro";4;4;1;100;"ALCANÇOU"
"Sudeste";"MG";316010;"Santo Antônio do Grama";0;4;0;0;"NÃO ALCANÇOU"
"Sudeste";"MG";316020;"Santo Antônio do Itambé";0;4;0;0;"NÃO ALCANÇOU"
"Sudeste";"MG";316030;"Santo Antônio do Jacinto";3;4;0,75;75;"NÃO ALCANÇOU"
"Sudeste";"MG";316040;"Santo Antônio do Monte";0;4;0;0;"NÃO ALCANÇOU"
"Sudeste";"MG";316045;"Santo Antônio do Retiro";4;4;1;100;"ALCANÇOU"
"Sudeste";"MG";316050;"Santo Antônio do Rio Abaixo";2;4;0,5;50;"NÃO ALCANÇOU"
"Sudeste";"MG";316060;"Santo Hipólito";4;4;1;100;"ALCANÇOU"
"Sudeste";"MG";316070;"Santos Dumont";0;4;0;0;"NÃO ALCANÇOU"
"Sudeste";"MG";316080;"São Bento Abade";3;4;0,75;75;"NÃO ALCANÇOU"
"Sudeste";"MG";316090;"São Brás do Suaçuí";1;4;0,25;25;"NÃO ALCANÇOU"
"Sudeste";"MG";316095;"São Domingos das Dores";4;4;1;100;"ALCANÇOU"
"Sudeste";"MG";316100;"São Domingos do Prata";4;4;1;100;"ALCANÇOU"
"Sudeste";"MG";316105;"São Félix de Minas";4;4;1;100;"ALCANÇOU"
"Sudeste";"MG";316110;"São Francisco";1;4;0,25;25;"NÃO ALCANÇOU"
"Sudeste";"MG";316120;"São Francisco de Paula";3;4;0,75;75;"NÃO ALCANÇOU"
"Sudeste";"MG";316130;"São Francisco de Sales";1;4;0,25;25;"NÃO ALCANÇOU"
"Sudeste";"MG";316140;"São Francisco do Glória";4;4;1;100;"ALCANÇOU"
"Sudeste";"MG";316150;"São Geraldo";3;4;0,75;75;"NÃO ALCANÇOU"
"Sudeste";"MG";316160;"São Geraldo da Piedade";4;4;1;100;"ALCANÇOU"
"Sudeste";"MG";316165;"São Geraldo do Baixio";1;4;0,25;25;"NÃO ALCANÇOU"
"Sudeste";"MG";316170;"São Gonçalo do Abaeté";4;4;1;100;"ALCANÇOU"
"Sudeste";"MG";316180;"São Gonçalo do Pará";0;4;0;0;"NÃO ALCANÇOU"
"Sudeste";"MG";316190;"São Gonçalo do Rio Abaixo";0;4;0;0;"NÃO ALCANÇOU"
"Sudeste";"MG";316200;"São Gonçalo do Sapucaí";0;4;0;0;"NÃO ALCANÇOU"
"Sudeste";"MG";316210;"São Gotardo";1;4;0,25;25;"NÃO ALCANÇOU"
"Sudeste";"MG";316220;"São João Batista do Glória";2;4;0,5;50;"NÃO ALCANÇOU"
"Sudeste";"MG";316225;"São João da Lagoa";2;4;0,5;50;"NÃO ALCANÇOU"
"Sudeste";"MG";316230;"São João da Mata";2;4;0,5;50;"NÃO ALCANÇOU"
"Sudeste";"MG";316240;"São João da Ponte";4;4;1;100;"ALCANÇOU"
"Sudeste";"MG";316245;"São João das Missões";2;4;0,5;50;"NÃO ALCANÇOU"
"Sudeste";"MG";316250;"São João del Rei";0;4;0;0;"NÃO ALCANÇOU"
"Sudeste";"MG";316255;"São João do Manhuaçu";0;4;0;0;"NÃO ALCANÇOU"
"Sudeste";"MG";316257;"São João do Manteninha";4;4;1;100;"ALCANÇOU"
"Sudeste";"MG";316260;"São João do Oriente";4;4;1;100;"ALCANÇOU"
"Sudeste";"MG";316265;"São João do Pacuí";4;4;1;100;"ALCANÇOU"
"Sudeste";"MG";316270;"São João do Paraíso";1;4;0,25;25;"NÃO ALCANÇOU"
"Sudeste";"MG";316280;"São João Evangelista";4;4;1;100;"ALCANÇOU"
"Sudeste";"MG";316290;"São João Nepomuceno";0;4;0;0;"NÃO ALCANÇOU"
"Sudeste";"MG";316292;"São Joaquim de Bicas";4;4;1;100;"ALCANÇOU"
"Sudeste";"MG";316294;"São José da Barra";1;4;0,25;25;"NÃO ALCANÇOU"
"Sudeste";"MG";316295;"São José da Lapa";0;4;0;0;"NÃO ALCANÇOU"
"Sudeste";"MG";316300;"São José da Safira";4;4;1;100;"ALCANÇOU"
"Sudeste";"MG";316310;"São José da Varginha";4;4;1;100;"ALCANÇOU"
"Sudeste";"MG";316320;"São José do Alegre";4;4;1;100;"ALCANÇOU"
"Sudeste";"MG";316330;"São José do Divino";2;4;0,5;50;"NÃO ALCANÇOU"
"Sudeste";"MG";316340;"São José do Goiabal";1;4;0,25;25;"NÃO ALCANÇOU"
"Sudeste";"MG";316350;"São José do Jacuri";4;4;1;100;"ALCANÇOU"
"Sudeste";"MG";316360;"São José do Mantimento";0;4;0;0;"NÃO ALCANÇOU"
"Sudeste";"MG";316370;"São Lourenço";0;4;0;0;"NÃO ALCANÇOU"
"Sudeste";"MG";316380;"São Miguel do Anta";3;4;0,75;75;"NÃO ALCANÇOU"
"Sudeste";"MG";316390;"São Pedro da União";4;4;1;100;"ALCANÇOU"
"Sudeste";"MG";316400;"São Pedro dos Ferros";4;4;1;100;"ALCANÇOU"
"Sudeste";"MG";316410;"São Pedro do Suaçuí";1;4;0,25;25;"NÃO ALCANÇOU"
"Sudeste";"MG";316420;"São Romão";2;4;0,5;50;"NÃO ALCANÇOU"
"Sudeste";"MG";316430;"São Roque de Minas";1;4;0,25;25;"NÃO ALCANÇOU"
"Sudeste";"MG";316440;"São Sebastião da Bela Vista";4;4;1;100;"ALCANÇOU"
"Sudeste";"MG";316443;"São Sebastião da Vargem Alegre";4;4;1;100;"ALCANÇOU"
"Sudeste";"MG";316447;"São Sebastião do Anta";4;4;1;100;"ALCANÇOU"
"Sudeste";"MG";316450;"São Sebastião do Maranhão";4;4;1;100;"ALCANÇOU"
"Sudeste";"MG";316460;"São Sebastião do Oeste";1;4;0,25;25;"NÃO ALCANÇOU"
"Sudeste";"MG";316470;"São Sebastião do Paraíso";0;4;0;0;"NÃO ALCANÇOU"
"Sudeste";"MG";316480;"São Sebastião do Rio Preto";4;4;1;100;"ALCANÇOU"
"Sudeste";"MG";316490;"São Sebastião do Rio Verde";4;4;1;100;"ALCANÇOU"
"Sudeste";"MG";316500;"São Tiago";4;4;1;100;"ALCANÇOU"
"Sudeste";"MG";316510;"São Tomás de Aquino";1;4;0,25;25;"NÃO ALCANÇOU"
"Sudeste";"MG";316520;"São Tomé das Letras";4;4;1;100;"ALCANÇOU"
"Sudeste";"MG";316530;"São Vicente de Minas";4;4;1;100;"ALCANÇOU"
"Sudeste";"MG";316540;"Sapucaí-Mirim";4;4;1;100;"ALCANÇOU"
"Sudeste";"MG";316550;"Sardoá";3;4;0,75;75;"NÃO ALCANÇOU"
"Sudeste";"MG";316553;"Sarzedo";4;4;1;100;"ALCANÇOU"
"Sudeste";"MG";316555;"Setubinha";4;4;1;100;"ALCANÇOU"
"Sudeste";"MG";316556;"Sem-Peixe";2;4;0,5;50;"NÃO ALCANÇOU"
"Sudeste";"MG";316557;"Senador Amaral";4;4;1;100;"ALCANÇOU"
"Sudeste";"MG";316560;"Senador Cortes";1;4;0,25;25;"NÃO ALCANÇOU"
"Sudeste";"MG";316570;"Senador Firmino";4;4;1;100;"ALCANÇOU"
"Sudeste";"MG";316580;"Senador José Bento";1;4;0,25;25;"NÃO ALCANÇOU"
"Sudeste";"MG";316590;"Senador Modestino Gonçalves";4;4;1;100;"ALCANÇOU"
"Sudeste";"MG";316600;"Senhora de Oliveira";4;4;1;100;"ALCANÇOU"
"Sudeste";"MG";316610;"Senhora do Porto";0;4;0;0;"NÃO ALCANÇOU"
"Sudeste";"MG";316620;"Senhora dos Remédios";1;4;0,25;25;"NÃO ALCANÇOU"
"Sudeste";"MG";316630;"Sericita";4;4;1;100;"ALCANÇOU"
"Sudeste";"MG";316640;"Seritinga";4;4;1;100;"ALCANÇOU"
"Sudeste";"MG";316650;"Serra Azul de Minas";1;4;0,25;25;"NÃO ALCANÇOU"
"Sudeste";"MG";316660;"Serra da Saudade";3;4;0,75;75;"NÃO ALCANÇOU"
"Sudeste";"MG";316670;"Serra dos Aimorés";4;4;1;100;"ALCANÇOU"
"Sudeste";"MG";316680;"Serra do Salitre";1;4;0,25;25;"NÃO ALCANÇOU"
"Sudeste";"MG";316690;"Serrania";4;4;1;100;"ALCANÇOU"
"Sudeste";"MG";316695;"Serranópolis de Minas";4;4;1;100;"ALCANÇOU"
"Sudeste";"MG";316700;"Serranos";3;4;0,75;75;"NÃO ALCANÇOU"
"Sudeste";"MG";316710;"Serro";4;4;1;100;"ALCANÇOU"
"Sudeste";"MG";316720;"Sete Lagoas";0;4;0;0;"NÃO ALCANÇOU"
"Sudeste";"MG";316730;"Silveirânia";1;4;0,25;25;"NÃO ALCANÇOU"
"Sudeste";"MG";316740;"Silvianópolis";3;4;0,75;75;"NÃO ALCANÇOU"
"Sudeste";"MG";316750;"Simão Pereira";0;4;0;0;"NÃO ALCANÇOU"
"Sudeste";"MG";316760;"Simonésia";4;4;1;100;"ALCANÇOU"
"Sudeste";"MG";316770;"Sobrália";4;4;1;100;"ALCANÇOU"
"Sudeste";"MG";316780;"Soledade de Minas";2;4;0,5;50;"NÃO ALCANÇOU"
"Sudeste";"MG";316790;"Tabuleiro";2;4;0,5;50;"NÃO ALCANÇOU"
"Sudeste";"MG";316800;"Taiobeiras";4;4;1;100;"ALCANÇOU"
"Sudeste";"MG";316805;"Taparuba";4;4;1;100;"ALCANÇOU"
"Sudeste";"MG";316810;"Tapira";0;4;0;0;"NÃO ALCANÇOU"
"Sudeste";"MG";316820;"Tapiraí";1;4;0,25;25;"NÃO ALCANÇOU"
"Sudeste";"MG";316830;"Taquaraçu de Minas";4;4;1;100;"ALCANÇOU"
"Sudeste";"MG";316840;"Tarumirim";4;4;1;100;"ALCANÇOU"
"Sudeste";"MG";316850;"Teixeiras";0;4;0;0;"NÃO ALCANÇOU"
"Sudeste";"MG";316860;"Teófilo Otoni";1;4;0,25;25;"NÃO ALCANÇOU"
"Sudeste";"MG";316870;"Timóteo";2;4;0,5;50;"NÃO ALCANÇOU"
"Sudeste";"MG";316880;"Tiradentes";1;4;0,25;25;"NÃO ALCANÇOU"
"Sudeste";"MG";316890;"Tiros";4;4;1;100;"ALCANÇOU"
"Sudeste";"MG";316900;"Tocantins";4;4;1;100;"ALCANÇOU"
"Sudeste";"MG";316905;"Tocos do Moji";1;4;0,25;25;"NÃO ALCANÇOU"
"Sudeste";"MG";316910;"Toledo";4;4;1;100;"ALCANÇOU"
"Sudeste";"MG";316920;"Tombos";1;4;0,25;25;"NÃO ALCANÇOU"
"Sudeste";"MG";316930;"Três Corações";1;4;0,25;25;"NÃO ALCANÇOU"
"Sudeste";"MG";316935;"Três Marias";0;4;0;0;"NÃO ALCANÇOU"
"Sudeste";"MG";316940;"Três Pontas";4;4;1;100;"ALCANÇOU"
"Sudeste";"MG";316950;"Tumiritinga";1;4;0,25;25;"NÃO ALCANÇOU"
"Sudeste";"MG";316960;"Tupaciguara";1;4;0,25;25;"NÃO ALCANÇOU"
"Sudeste";"MG";316970;"Turmalina";4;4;1;100;"ALCANÇOU"
"Sudeste";"MG";316980;"Turvolândia";4;4;1;100;"ALCANÇOU"
"Sudeste";"MG";316990;"Ubá";1;4;0,25;25;"NÃO ALCANÇOU"
"Sudeste";"MG";317000;"Ubaí";4;4;1;100;"ALCANÇOU"
"Sudeste";"MG";317005;"Ubaporanga";4;4;1;100;"ALCANÇOU"
"Sudeste";"MG";317010;"Uberaba";0;4;0;0;"NÃO ALCANÇOU"
"Sudeste";"MG";317020;"Uberlândia";4;4;1;100;"ALCANÇOU"
"Sudeste";"MG";317030;"Umburatiba";3;4;0,75;75;"NÃO ALCANÇOU"
"Sudeste";"MG";317040;"Unaí";1;4;0,25;25;"NÃO ALCANÇOU"
"Sudeste";"MG";317043;"União de Minas";4;4;1;100;"ALCANÇOU"
"Sudeste";"MG";317047;"Uruana de Minas";2;4;0,5;50;"NÃO ALCANÇOU"
"Sudeste";"MG";317050;"Urucânia";4;4;1;100;"ALCANÇOU"
"Sudeste";"MG";317052;"Urucuia";4;4;1;100;"ALCANÇOU"
"Sudeste";"MG";317057;"Vargem Alegre";4;4;1;100;"ALCANÇOU"
"Sudeste";"MG";317060;"Vargem Bonita";2;4;0,5;50;"NÃO ALCANÇOU"
"Sudeste";"MG";317065;"Vargem Grande do Rio Pardo";4;4;1;100;"ALCANÇOU"
"Sudeste";"MG";317070;"Varginha";1;4;0,25;25;"NÃO ALCANÇOU"
"Sudeste";"MG";317075;"Varjão de Minas";3;4;0,75;75;"NÃO ALCANÇOU"
"Sudeste";"MG";317080;"Várzea da Palma";4;4;1;100;"ALCANÇOU"
"Sudeste";"MG";317090;"Varzelândia";4;4;1;100;"ALCANÇOU"
"Sudeste";"MG";317100;"Vazante";4;4;1;100;"ALCANÇOU"
"Sudeste";"MG";317103;"Verdelândia";4;4;1;100;"ALCANÇOU"
"Sudeste";"MG";317107;"Veredinha";3;4;0,75;75;"NÃO ALCANÇOU"
"Sudeste";"MG";317110;"Veríssimo";1;4;0,25;25;"NÃO ALCANÇOU"
"Sudeste";"MG";317115;"Vermelho Novo";4;4;1;100;"ALCANÇOU"
"Sudeste";"MG";317120;"Vespasiano";0;4;0;0;"NÃO ALCANÇOU"
"Sudeste";"MG";317130;"Viçosa";3;4;0,75;75;"NÃO ALCANÇOU"
"Sudeste";"MG";317140;"Vieiras";2;4;0,5;50;"NÃO ALCANÇOU"
"Sudeste";"MG";317150;"Mathias Lobato";4;4;1;100;"ALCANÇOU"
"Sudeste";"MG";317160;"Virgem da Lapa";3;4;0,75;75;"NÃO ALCANÇOU"
"Sudeste";"MG";317170;"Virgínia";4;4;1;100;"ALCANÇOU"
"Sudeste";"MG";317180;"Virginópolis";2;4;0,5;50;"NÃO ALCANÇOU"
"Sudeste";"MG";317190;"Virgolândia";2;4;0,5;50;"NÃO ALCANÇOU"
"Sudeste";"MG";317200;"Visconde do Rio Branco";1;4;0,25;25;"NÃO ALCANÇOU"
"Sudeste";"MG";317210;"Volta Grande";1;4;0,25;25;"NÃO ALCANÇOU"
"Sudeste";"MG";317220;"Wenceslau Braz";4;4;1;100;"ALCANÇOU"
"Sudeste";"ES";320010;"Afonso Cláudio";4;4;1;100;"ALCANÇOU"
"Sudeste";"ES";320013;"Águia Branca";4;4;1;100;"ALCANÇOU"
"Sudeste";"ES";320016;"Água Doce do Norte";1;4;0,25;25;"NÃO ALCANÇOU"
"Sudeste";"ES";320020;"Alegre";4;4;1;100;"ALCANÇOU"
"Sudeste";"ES";320030;"Alfredo Chaves";4;4;1;100;"ALCANÇOU"
"Sudeste";"ES";320035;"Alto Rio Novo";4;4;1;100;"ALCANÇOU"
"Sudeste";"ES";320040;"Anchieta";4;4;1;100;"ALCANÇOU"
"Sudeste";"ES";320050;"Apiacá";1;4;0,25;25;"NÃO ALCANÇOU"
"Sudeste";"ES";320060;"Aracruz";2;4;0,5;50;"NÃO ALCANÇOU"
"Sudeste";"ES";320070;"Atílio Vivacqua";4;4;1;100;"ALCANÇOU"
"Sudeste";"ES";320080;"Baixo Guandu";4;4;1;100;"ALCANÇOU"
"Sudeste";"ES";320090;"Barra de São Francisco";2;4;0,5;50;"NÃO ALCANÇOU"
"Sudeste";"ES";320100;"Boa Esperança";2;4;0,5;50;"NÃO ALCANÇOU"
"Sudeste";"ES";320110;"Bom Jesus do Norte";4;4;1;100;"ALCANÇOU"
"Sudeste";"ES";320115;"Brejetuba";3;4;0,75;75;"NÃO ALCANÇOU"
"Sudeste";"ES";320120;"Cachoeiro de Itapemirim";1;4;0,25;25;"NÃO ALCANÇOU"
"Sudeste";"ES";320130;"Cariacica";0;4;0;0;"NÃO ALCANÇOU"
"Sudeste";"ES";320140;"Castelo";4;4;1;100;"ALCANÇOU"
"Sudeste";"ES";320150;"Colatina";0;4;0;0;"NÃO ALCANÇOU"
"Sudeste";"ES";320160;"Conceição da Barra";4;4;1;100;"ALCANÇOU"
"Sudeste";"ES";320170;"Conceição do Castelo";3;4;0,75;75;"NÃO ALCANÇOU"
"Sudeste";"ES";320180;"Divino de São Lourenço";1;4;0,25;25;"NÃO ALCANÇOU"
"Sudeste";"ES";320190;"Domingos Martins";4;4;1;100;"ALCANÇOU"
"Sudeste";"ES";320200;"Dores do Rio Preto";3;4;0,75;75;"NÃO ALCANÇOU"
"Sudeste";"ES";320210;"Ecoporanga";3;4;0,75;75;"NÃO ALCANÇOU"
"Sudeste";"ES";320220;"Fundão";4;4;1;100;"ALCANÇOU"
"Sudeste";"ES";320225;"Governador Lindenberg";4;4;1;100;"ALCANÇOU"
"Sudeste";"ES";320230;"Guaçuí";0;4;0;0;"NÃO ALCANÇOU"
"Sudeste";"ES";320240;"Guarapari";0;4;0;0;"NÃO ALCANÇOU"
"Sudeste";"ES";320245;"Ibatiba";2;4;0,5;50;"NÃO ALCANÇOU"
"Sudeste";"ES";320250;"Ibiraçu";1;4;0,25;25;"NÃO ALCANÇOU"
"Sudeste";"ES";320255;"Ibitirama";4;4;1;100;"ALCANÇOU"
"Sudeste";"ES";320260;"Iconha";4;4;1;100;"ALCANÇOU"
"Sudeste";"ES";320265;"Irupi";4;4;1;100;"ALCANÇOU"
"Sudeste";"ES";320270;"Itaguaçu";3;4;0,75;75;"NÃO ALCANÇOU"
"Sudeste";"ES";320280;"Itapemirim";2;4;0,5;50;"NÃO ALCANÇOU"
"Sudeste";"ES";320290;"Itarana";3;4;0,75;75;"NÃO ALCANÇOU"
"Sudeste";"ES";320300;"Iúna";0;4;0;0;"NÃO ALCANÇOU"
"Sudeste";"ES";320305;"Jaguaré";2;4;0,5;50;"NÃO ALCANÇOU"
"Sudeste";"ES";320310;"Jerônimo Monteiro";1;4;0,25;25;"NÃO ALCANÇOU"
"Sudeste";"ES";320313;"João Neiva";1;4;0,25;25;"NÃO ALCANÇOU"
"Sudeste";"ES";320316;"Laranja da Terra";4;4;1;100;"ALCANÇOU"
"Sudeste";"ES";320320;"Linhares";1;4;0,25;25;"NÃO ALCANÇOU"
"Sudeste";"ES";320330;"Mantenópolis";1;4;0,25;25;"NÃO ALCANÇOU"
"Sudeste";"ES";320332;"Marataízes";2;4;0,5;50;"NÃO ALCANÇOU"
"Sudeste";"ES";320334;"Marechal Floriano";4;4;1;100;"ALCANÇOU"
"Sudeste";"ES";320335;"Marilândia";4;4;1;100;"ALCANÇOU"
"Sudeste";"ES";320340;"Mimoso do Sul";4;4;1;100;"ALCANÇOU"
"Sudeste";"ES";320350;"Montanha";4;4;1;100;"ALCANÇOU"
"Sudeste";"ES";320360;"Mucurici";0;4;0;0;"NÃO ALCANÇOU"
"Sudeste";"ES";320370;"Muniz Freire";4;4;1;100;"ALCANÇOU"
"Sudeste";"ES";320380;"Muqui";4;4;1;100;"ALCANÇOU"
"Sudeste";"ES";320390;"Nova Venécia";4;4;1;100;"ALCANÇOU"
"Sudeste";"ES";320400;"Pancas";4;4;1;100;"ALCANÇOU"
"Sudeste";"ES";320405;"Pedro Canário";2;4;0,5;50;"NÃO ALCANÇOU"
"Sudeste";"ES";320410;"Pinheiros";4;4;1;100;"ALCANÇOU"
"Sudeste";"ES";320420;"Piúma";3;4;0,75;75;"NÃO ALCANÇOU"
"Sudeste";"ES";320425;"Ponto Belo";4;4;1;100;"ALCANÇOU"
"Sudeste";"ES";320430;"Presidente Kennedy";4;4;1;100;"ALCANÇOU"
"Sudeste";"ES";320435;"Rio Bananal";4;4;1;100;"ALCANÇOU"
"Sudeste";"ES";320440;"Rio Novo do Sul";4;4;1;100;"ALCANÇOU"
"Sudeste";"ES";320450;"Santa Leopoldina";4;4;1;100;"ALCANÇOU"
"Sudeste";"ES";320455;"Santa Maria de Jetibá";3;4;0,75;75;"NÃO ALCANÇOU"
"Sudeste";"ES";320460;"Santa Teresa";0;4;0;0;"NÃO ALCANÇOU"
"Sudeste";"ES";320465;"São Domingos do Norte";1;4;0,25;25;"NÃO ALCANÇOU"
"Sudeste";"ES";320470;"São Gabriel da Palha";1;4;0,25;25;"NÃO ALCANÇOU"
"Sudeste";"ES";320480;"São José do Calçado";4;4;1;100;"ALCANÇOU"
"Sudeste";"ES";320490;"São Mateus";0;4;0;0;"NÃO ALCANÇOU"
"Sudeste";"ES";320495;"São Roque do Canaã";2;4;0,5;50;"NÃO ALCANÇOU"
"Sudeste";"ES";320500;"Serra";1;4;0,25;25;"NÃO ALCANÇOU"
"Sudeste";"ES";320501;"Sooretama";1;4;0,25;25;"NÃO ALCANÇOU"
"Sudeste";"ES";320503;"Vargem Alta";4;4;1;100;"ALCANÇOU"
"Sudeste";"ES";320506;"Venda Nova do Imigrante";2;4;0,5;50;"NÃO ALCANÇOU"
"Sudeste";"ES";320510;"Viana";3;4;0,75;75;"NÃO ALCANÇOU"
"Sudeste";"ES";320515;"Vila Pavão";4;4;1;100;"ALCANÇOU"
"Sudeste";"ES";320517;"Vila Valério";2;4;0,5;50;"NÃO ALCANÇOU"
"Sudeste";"ES";320520;"Vila Velha";1;4;0,25;25;"NÃO ALCANÇOU"
"Sudeste";"ES";320530;"Vitória";2;4;0,5;50;"NÃO ALCANÇOU"
"Sudeste";"RJ";330010;"Angra dos Reis";0;4;0;0;"NÃO ALCANÇOU"
"Sudeste";"RJ";330015;"Aperibé";0;4;0;0;"NÃO ALCANÇOU"
"Sudeste";"RJ";330020;"Araruama";0;4;0;0;"NÃO ALCANÇOU"
"Sudeste";"RJ";330022;"Areal";3;4;0,75;75;"NÃO ALCANÇOU"
"Sudeste";"RJ";330023;"Armação dos Búzios";0;4;0;0;"NÃO ALCANÇOU"
"Sudeste";"RJ";330025;"Arraial do Cabo";0;4;0;0;"NÃO ALCANÇOU"
"Sudeste";"RJ";330030;"Barra do Piraí";0;4;0;0;"NÃO ALCANÇOU"
"Sudeste";"RJ";330040;"Barra Mansa";0;4;0;0;"NÃO ALCANÇOU"
"Sudeste";"RJ";330045;"Belford Roxo";0;4;0;0;"NÃO ALCANÇOU"
"Sudeste";"RJ";330050;"Bom Jardim";1;4;0,25;25;"NÃO ALCANÇOU"
"Sudeste";"RJ";330060;"Bom Jesus do Itabapoana";0;4;0;0;"NÃO ALCANÇOU"
"Sudeste";"RJ";330070;"Cabo Frio";0;4;0;0;"NÃO ALCANÇOU"
"Sudeste";"RJ";330080;"Cachoeiras de Macacu";0;4;0;0;"NÃO ALCANÇOU"
"Sudeste";"RJ";330090;"Cambuci";1;4;0,25;25;"NÃO ALCANÇOU"
"Sudeste";"RJ";330093;"Carapebus";0;4;0;0;"NÃO ALCANÇOU"
"Sudeste";"RJ";330095;"Comendador Levy Gasparian";3;4;0,75;75;"NÃO ALCANÇOU"
"Sudeste";"RJ";330100;"Campos dos Goytacazes";0;4;0;0;"NÃO ALCANÇOU"
"Sudeste";"RJ";330110;"Cantagalo";2;4;0,5;50;"NÃO ALCANÇOU"
"Sudeste";"RJ";330115;"Cardoso Moreira";1;4;0,25;25;"NÃO ALCANÇOU"
"Sudeste";"RJ";330120;"Carmo";0;4;0;0;"NÃO ALCANÇOU"
"Sudeste";"RJ";330130;"Casimiro de Abreu";0;4;0;0;"NÃO ALCANÇOU"
"Sudeste";"RJ";330140;"Conceição de Macabu";1;4;0,25;25;"NÃO ALCANÇOU"
"Sudeste";"RJ";330150;"Cordeiro";1;4;0,25;25;"NÃO ALCANÇOU"
"Sudeste";"RJ";330160;"Duas Barras";1;4;0,25;25;"NÃO ALCANÇOU"
"Sudeste";"RJ";330170;"Duque de Caxias";0;4;0;0;"NÃO ALCANÇOU"
"Sudeste";"RJ";330180;"Engenheiro Paulo de Frontin";2;4;0,5;50;"NÃO ALCANÇOU"
"Sudeste";"RJ";330185;"Guapimirim";2;4;0,5;50;"NÃO ALCANÇOU"
"Sudeste";"RJ";330187;"Iguaba Grande";1;4;0,25;25;"NÃO ALCANÇOU"
"Sudeste";"RJ";330190;"Itaboraí";0;4;0;0;"NÃO ALCANÇOU"
"Sudeste";"RJ";330200;"Itaguaí";2;4;0,5;50;"NÃO ALCANÇOU"
"Sudeste";"RJ";330205;"Italva";3;4;0,75;75;"NÃO ALCANÇOU"
"Sudeste";"RJ";330210;"Itaocara";1;4;0,25;25;"NÃO ALCANÇOU"
"Sudeste";"RJ";330220;"Itaperuna";0;4;0;0;"NÃO ALCANÇOU"
"Sudeste";"RJ";330225;"Itatiaia";0;4;0;0;"NÃO ALCANÇOU"
"Sudeste";"RJ";330227;"Japeri";0;4;0;0;"NÃO ALCANÇOU"
"Sudeste";"RJ";330230;"Laje do Muriaé";0;4;0;0;"NÃO ALCANÇOU"
"Sudeste";"RJ";330240;"Macaé";0;4;0;0;"NÃO ALCANÇOU"
"Sudeste";"RJ";330245;"Macuco";1;4;0,25;25;"NÃO ALCANÇOU"
"Sudeste";"RJ";330250;"Magé";0;4;0;0;"NÃO ALCANÇOU"
"Sudeste";"RJ";330260;"Mangaratiba";2;4;0,5;50;"NÃO ALCANÇOU"
"Sudeste";"RJ";330270;"Maricá";0;4;0;0;"NÃO ALCANÇOU"
"Sudeste";"RJ";330280;"Mendes";4;4;1;100;"ALCANÇOU"
"Sudeste";"RJ";330285;"Mesquita";4;4;1;100;"ALCANÇOU"
"Sudeste";"RJ";330290;"Miguel Pereira";1;4;0,25;25;"NÃO ALCANÇOU"
"Sudeste";"RJ";330300;"Miracema";0;4;0;0;"NÃO ALCANÇOU"
"Sudeste";"RJ";330310;"Natividade";3;4;0,75;75;"NÃO ALCANÇOU"
"Sudeste";"RJ";330320;"Nilópolis";0;4;0;0;"NÃO ALCANÇOU"
"Sudeste";"RJ";330330;"Niterói";0;4;0;0;"NÃO ALCANÇOU"
"Sudeste";"RJ";330340;"Nova Friburgo";0;4;0;0;"NÃO ALCANÇOU"
"Sudeste";"RJ";330350;"Nova Iguaçu";0;4;0;0;"NÃO ALCANÇOU"
"Sudeste";"RJ";330360;"Paracambi";1;4;0,25;25;"NÃO ALCANÇOU"
"Sudeste";"RJ";330370;"Paraíba do Sul";1;4;0,25;25;"NÃO ALCANÇOU"
"Sudeste";"RJ";330380;"Paraty";0;4;0;0;"NÃO ALCANÇOU"
"Sudeste";"RJ";330385;"Paty do Alferes";1;4;0,25;25;"NÃO ALCANÇOU"
"Sudeste";"RJ";330390;"Petrópolis";0;4;0;0;"NÃO ALCANÇOU"
"Sudeste";"RJ";330395;"Pinheiral";3;4;0,75;75;"NÃO ALCANÇOU"
"Sudeste";"RJ";330400;"Piraí";1;4;0,25;25;"NÃO ALCANÇOU"
"Sudeste";"RJ";330410;"Porciúncula";3;4;0,75;75;"NÃO ALCANÇOU"
"Sudeste";"RJ";330411;"Porto Real";1;4;0,25;25;"NÃO ALCANÇOU"
"Sudeste";"RJ";330412;"Quatis";1;4;0,25;25;"NÃO ALCANÇOU"
"Sudeste";"RJ";330414;"Queimados";0;4;0;0;"NÃO ALCANÇOU"
"Sudeste";"RJ";330415;"Quissamã";4;4;1;100;"ALCANÇOU"
"Sudeste";"RJ";330420;"Resende";0;4;0;0;"NÃO ALCANÇOU"
"Sudeste";"RJ";330430;"Rio Bonito";0;4;0;0;"NÃO ALCANÇOU"
"Sudeste";"RJ";330440;"Rio Claro";2;4;0,5;50;"NÃO ALCANÇOU"
"Sudeste";"RJ";330450;"Rio das Flores";0;4;0;0;"NÃO ALCANÇOU"
"Sudeste";"RJ";330452;"Rio das Ostras";0;4;0;0;"NÃO ALCANÇOU"
"Sudeste";"RJ";330455;"Rio de Janeiro";2;4;0,5;50;"NÃO ALCANÇOU"
"Sudeste";"RJ";330460;"Santa Maria Madalena";4;4;1;100;"ALCANÇOU"
"Sudeste";"RJ";330470;"Santo Antônio de Pádua";1;4;0,25;25;"NÃO ALCANÇOU"
"Sudeste";"RJ";330475;"São Francisco de Itabapoana";0;4;0;0;"NÃO ALCANÇOU"
"Sudeste";"RJ";330480;"São Fidélis";1;4;0,25;25;"NÃO ALCANÇOU"
"Sudeste";"RJ";330490;"São Gonçalo";0;4;0;0;"NÃO ALCANÇOU"
"Sudeste";"RJ";330500;"São João da Barra";1;4;0,25;25;"NÃO ALCANÇOU"
"Sudeste";"RJ";330510;"São João de Meriti";0;4;0;0;"NÃO ALCANÇOU"
"Sudeste";"RJ";330513;"São José de Ubá";0;4;0;0;"NÃO ALCANÇOU"
"Sudeste";"RJ";330515;"São José do Vale do Rio Preto";4;4;1;100;"ALCANÇOU"
"Sudeste";"RJ";330520;"São Pedro da Aldeia";0;4;0;0;"NÃO ALCANÇOU"
"Sudeste";"RJ";330530;"São Sebastião do Alto";0;4;0;0;"NÃO ALCANÇOU"
"Sudeste";"RJ";330540;"Sapucaia";0;4;0;0;"NÃO ALCANÇOU"
"Sudeste";"RJ";330550;"Saquarema";0;4;0;0;"NÃO ALCANÇOU"
"Sudeste";"RJ";330555;"Seropédica";0;4;0;0;"NÃO ALCANÇOU"
"Sudeste";"RJ";330560;"Silva Jardim";0;4;0;0;"NÃO ALCANÇOU"
"Sudeste";"RJ";330570;"Sumidouro";1;4;0,25;25;"NÃO ALCANÇOU"
"Sudeste";"RJ";330575;"Tanguá";1;4;0,25;25;"NÃO ALCANÇOU"
"Sudeste";"RJ";330580;"Teresópolis";0;4;0;0;"NÃO ALCANÇOU"
"Sudeste";"RJ";330590;"Trajano de Moraes";0;4;0;0;"NÃO ALCANÇOU"
"Sudeste";"RJ";330600;"Três Rios";0;4;0;0;"NÃO ALCANÇOU"
"Sudeste";"RJ";330610;"Valença";1;4;0,25;25;"NÃO ALCANÇOU"
"Sudeste";"RJ";330615;"Varre-Sai";3;4;0,75;75;"NÃO ALCANÇOU"
"Sudeste";"RJ";330620;"Vassouras";0;4;0;0;"NÃO ALCANÇOU"
"Sudeste";"RJ";330630;"Volta Redonda";0;4;0;0;"NÃO ALCANÇOU"
"Sudeste";"SP";350010;"Adamantina";2;4;0,5;50;"NÃO ALCANÇOU"
"Sudeste";"SP";350020;"Adolfo";3;4;0,75;75;"NÃO ALCANÇOU"
"Sudeste";"SP";350030;"Aguaí";4;4;1;100;"ALCANÇOU"
"Sudeste";"SP";350040;"Águas da Prata";4;4;1;100;"ALCANÇOU"
"Sudeste";"SP";350050;"Águas de Lindóia";0;4;0;0;"NÃO ALCANÇOU"
"Sudeste";"SP";350055;"Águas de Santa Bárbara";4;4;1;100;"ALCANÇOU"
"Sudeste";"SP";350060;"Águas de São Pedro";4;4;1;100;"ALCANÇOU"
"Sudeste";"SP";350070;"Agudos";1;4;0,25;25;"NÃO ALCANÇOU"
"Sudeste";"SP";350075;"Alambari";0;4;0;0;"NÃO ALCANÇOU"
"Sudeste";"SP";350080;"Alfredo Marcondes";4;4;1;100;"ALCANÇOU"
"Sudeste";"SP";350090;"Altair";1;4;0,25;25;"NÃO ALCANÇOU"
"Sudeste";"SP";350100;"Altinópolis";4;4;1;100;"ALCANÇOU"
"Sudeste";"SP";350110;"Alto Alegre";0;4;0;0;"NÃO ALCANÇOU"
"Sudeste";"SP";350115;"Alumínio";3;4;0,75;75;"NÃO ALCANÇOU"
"Sudeste";"SP";350120;"Álvares Florence";4;4;1;100;"ALCANÇOU"
"Sudeste";"SP";350130;"Álvares Machado";4;4;1;100;"ALCANÇOU"
"Sudeste";"SP";350140;"Álvaro de Carvalho";0;4;0;0;"NÃO ALCANÇOU"
"Sudeste";"SP";350150;"Alvinlândia";1;4;0,25;25;"NÃO ALCANÇOU"
"Sudeste";"SP";350160;"Americana";2;4;0,5;50;"NÃO ALCANÇOU"
"Sudeste";"SP";350170;"Américo Brasiliense";2;4;0,5;50;"NÃO ALCANÇOU"
"Sudeste";"SP";350180;"Américo de Campos";1;4;0,25;25;"NÃO ALCANÇOU"
"Sudeste";"SP";350190;"Amparo";2;4;0,5;50;"NÃO ALCANÇOU"
"Sudeste";"SP";350200;"Analândia";4;4;1;100;"ALCANÇOU"
"Sudeste";"SP";350210;"Andradina";1;4;0,25;25;"NÃO ALCANÇOU"
"Sudeste";"SP";350220;"Angatuba";1;4;0,25;25;"NÃO ALCANÇOU"
"Sudeste";"SP";350230;"Anhembi";1;4;0,25;25;"NÃO ALCANÇOU"
"Sudeste";"SP";350240;"Anhumas";1;4;0,25;25;"NÃO ALCANÇOU"
"Sudeste";"SP";350250;"Aparecida";0;4;0;0;"NÃO ALCANÇOU"
"Sudeste";"SP";350260;"Aparecida d'Oeste";4;4;1;100;"ALCANÇOU"
"Sudeste";"SP";350270;"Apiaí";4;4;1;100;"ALCANÇOU"
"Sudeste";"SP";350275;"Araçariguama";3;4;0,75;75;"NÃO ALCANÇOU"
"Sudeste";"SP";350280;"Araçatuba";0;4;0;0;"NÃO ALCANÇOU"
"Sudeste";"SP";350290;"Araçoiaba da Serra";4;4;1;100;"ALCANÇOU"
"Sudeste";"SP";350300;"Aramina";0;4;0;0;"NÃO ALCANÇOU"
"Sudeste";"SP";350310;"Arandu";4;4;1;100;"ALCANÇOU"
"Sudeste";"SP";350315;"Arapeí";4;4;1;100;"ALCANÇOU"
"Sudeste";"SP";350320;"Araraquara";1;4;0,25;25;"NÃO ALCANÇOU"
"Sudeste";"SP";350330;"Araras";1;4;0,25;25;"NÃO ALCANÇOU"
"Sudeste";"SP";350335;"Arco-Íris";4;4;1;100;"ALCANÇOU"
"Sudeste";"SP";350340;"Arealva";2;4;0,5;50;"NÃO ALCANÇOU"
"Sudeste";"SP";350350;"Areias";4;4;1;100;"ALCANÇOU"
"Sudeste";"SP";350360;"Areiópolis";4;4;1;100;"ALCANÇOU"
"Sudeste";"SP";350370;"Ariranha";1;4;0,25;25;"NÃO ALCANÇOU"
"Sudeste";"SP";350380;"Artur Nogueira";0;4;0;0;"NÃO ALCANÇOU"
"Sudeste";"SP";350390;"Arujá";3;4;0,75;75;"NÃO ALCANÇOU"
"Sudeste";"SP";350395;"Aspásia";1;4;0,25;25;"NÃO ALCANÇOU"
"Sudeste";"SP";350400;"Assis";1;4;0,25;25;"NÃO ALCANÇOU"
"Sudeste";"SP";350410;"Atibaia";3;4;0,75;75;"NÃO ALCANÇOU"
"Sudeste";"SP";350420;"Auriflama";2;4;0,5;50;"NÃO ALCANÇOU"
"Sudeste";"SP";350430;"Avaí";2;4;0,5;50;"NÃO ALCANÇOU"
"Sudeste";"SP";350440;"Avanhandava";2;4;0,5;50;"NÃO ALCANÇOU"
"Sudeste";"SP";350450;"Avaré";1;4;0,25;25;"NÃO ALCANÇOU"
"Sudeste";"SP";350460;"Bady Bassitt";0;4;0;0;"NÃO ALCANÇOU"
"Sudeste";"SP";350470;"Balbinos";4;4;1;100;"ALCANÇOU"
"Sudeste";"SP";350480;"Bálsamo";4;4;1;100;"ALCANÇOU"
"Sudeste";"SP";350490;"Bananal";3;4;0,75;75;"NÃO ALCANÇOU"
"Sudeste";"SP";350500;"Barão de Antonina";1;4;0,25;25;"NÃO ALCANÇOU"
"Sudeste";"SP";350510;"Barbosa";4;4;1;100;"ALCANÇOU"
"Sudeste";"SP";350520;"Bariri";2;4;0,5;50;"NÃO ALCANÇOU"
"Sudeste";"SP";350530;"Barra Bonita";4;4;1;100;"ALCANÇOU"
"Sudeste";"SP";350535;"Barra do Chapéu";0;4;0;0;"NÃO ALCANÇOU"
"Sudeste";"SP";350540;"Barra do Turvo";4;4;1;100;"ALCANÇOU"
"Sudeste";"SP";350550;"Barretos";3;4;0,75;75;"NÃO ALCANÇOU"
"Sudeste";"SP";350560;"Barrinha";0;4;0;0;"NÃO ALCANÇOU"
"Sudeste";"SP";350570;"Barueri";1;4;0,25;25;"NÃO ALCANÇOU"
"Sudeste";"SP";350580;"Bastos";3;4;0,75;75;"NÃO ALCANÇOU"
"Sudeste";"SP";350590;"Batatais";1;4;0,25;25;"NÃO ALCANÇOU"
"Sudeste";"SP";350600;"Bauru";1;4;0,25;25;"NÃO ALCANÇOU"
"Sudeste";"SP";350610;"Bebedouro";0;4;0;0;"NÃO ALCANÇOU"
"Sudeste";"SP";350620;"Bento de Abreu";1;4;0,25;25;"NÃO ALCANÇOU"
"Sudeste";"SP";350630;"Bernardino de Campos";4;4;1;100;"ALCANÇOU"
"Sudeste";"SP";350635;"Bertioga";0;4;0;0;"NÃO ALCANÇOU"
"Sudeste";"SP";350640;"Bilac";0;4;0;0;"NÃO ALCANÇOU"
"Sudeste";"SP";350650;"Birigui";4;4;1;100;"ALCANÇOU"
"Sudeste";"SP";350660;"Biritiba Mirim";1;4;0,25;25;"NÃO ALCANÇOU"
"Sudeste";"SP";350670;"Boa Esperança do Sul";1;4;0,25;25;"NÃO ALCANÇOU"
"Sudeste";"SP";350680;"Bocaina";2;4;0,5;50;"NÃO ALCANÇOU"
"Sudeste";"SP";350690;"Bofete";3;4;0,75;75;"NÃO ALCANÇOU"
"Sudeste";"SP";350700;"Boituva";1;4;0,25;25;"NÃO ALCANÇOU"
"Sudeste";"SP";350710;"Bom Jesus dos Perdões";0;4;0;0;"NÃO ALCANÇOU"
"Sudeste";"SP";350715;"Bom Sucesso de Itararé";4;4;1;100;"ALCANÇOU"
"Sudeste";"SP";350720;"Borá";3;4;0,75;75;"NÃO ALCANÇOU"
"Sudeste";"SP";350730;"Boracéia";4;4;1;100;"ALCANÇOU"
"Sudeste";"SP";350740;"Borborema";4;4;1;100;"ALCANÇOU"
"Sudeste";"SP";350745;"Borebi";4;4;1;100;"ALCANÇOU"
"Sudeste";"SP";350750;"Botucatu";2;4;0,5;50;"NÃO ALCANÇOU"
"Sudeste";"SP";350760;"Bragança Paulista";2;4;0,5;50;"NÃO ALCANÇOU"
"Sudeste";"SP";350770;"Braúna";0;4;0;0;"NÃO ALCANÇOU"
"Sudeste";"SP";350775;"Brejo Alegre";3;4;0,75;75;"NÃO ALCANÇOU"
"Sudeste";"SP";350780;"Brodowski";0;4;0;0;"NÃO ALCANÇOU"
"Sudeste";"SP";350790;"Brotas";0;4;0;0;"NÃO ALCANÇOU"
"Sudeste";"SP";350800;"Buri";4;4;1;100;"ALCANÇOU"
"Sudeste";"SP";350810;"Buritama";1;4;0,25;25;"NÃO ALCANÇOU"
"Sudeste";"SP";350820;"Buritizal";4;4;1;100;"ALCANÇOU"
"Sudeste";"SP";350830;"Cabrália Paulista";3;4;0,75;75;"NÃO ALCANÇOU"
"Sudeste";"SP";350840;"Cabreúva";0;4;0;0;"NÃO ALCANÇOU"
"Sudeste";"SP";350850;"Caçapava";2;4;0,5;50;"NÃO ALCANÇOU"
"Sudeste";"SP";350860;"Cachoeira Paulista";1;4;0,25;25;"NÃO ALCANÇOU"
"Sudeste";"SP";350870;"Caconde";0;4;0;0;"NÃO ALCANÇOU"
"Sudeste";"SP";350880;"Cafelândia";0;4;0;0;"NÃO ALCANÇOU"
"Sudeste";"SP";350890;"Caiabu";4;4;1;100;"ALCANÇOU"
"Sudeste";"SP";350900;"Caieiras";1;4;0,25;25;"NÃO ALCANÇOU"
"Sudeste";"SP";350910;"Caiuá";2;4;0,5;50;"NÃO ALCANÇOU"
"Sudeste";"SP";350920;"Cajamar";4;4;1;100;"ALCANÇOU"
"Sudeste";"SP";350925;"Cajati";2;4;0,5;50;"NÃO ALCANÇOU"
"Sudeste";"SP";350930;"Cajobi";4;4;1;100;"ALCANÇOU"
"Sudeste";"SP";350940;"Cajuru";3;4;0,75;75;"NÃO ALCANÇOU"
"Sudeste";"SP";350945;"Campina do Monte Alegre";0;4;0;0;"NÃO ALCANÇOU"
"Sudeste";"SP";350950;"Campinas";2;4;0,5;50;"NÃO ALCANÇOU"
"Sudeste";"SP";350960;"Campo Limpo Paulista";4;4;1;100;"ALCANÇOU"
"Sudeste";"SP";350970;"Campos do Jordão";2;4;0,5;50;"NÃO ALCANÇOU"
"Sudeste";"SP";350980;"Campos Novos Paulista";4;4;1;100;"ALCANÇOU"
"Sudeste";"SP";350990;"Cananéia";0;4;0;0;"NÃO ALCANÇOU"
"Sudeste";"SP";350995;"Canas";0;4;0;0;"NÃO ALCANÇOU"
"Sudeste";"SP";351000;"Cândido Mota";1;4;0,25;25;"NÃO ALCANÇOU"
"Sudeste";"SP";351010;"Cândido Rodrigues";1;4;0,25;25;"NÃO ALCANÇOU"
"Sudeste";"SP";351015;"Canitar";2;4;0,5;50;"NÃO ALCANÇOU"
"Sudeste";"SP";351020;"Capão Bonito";3;4;0,75;75;"NÃO ALCANÇOU"
"Sudeste";"SP";351030;"Capela do Alto";0;4;0;0;"NÃO ALCANÇOU"
"Sudeste";"SP";351040;"Capivari";1;4;0,25;25;"NÃO ALCANÇOU"
"Sudeste";"SP";351050;"Caraguatatuba";1;4;0,25;25;"NÃO ALCANÇOU"
"Sudeste";"SP";351060;"Carapicuíba";0;4;0;0;"NÃO ALCANÇOU"
"Sudeste";"SP";351070;"Cardoso";3;4;0,75;75;"NÃO ALCANÇOU"
"Sudeste";"SP";351080;"Casa Branca";2;4;0,5;50;"NÃO ALCANÇOU"
"Sudeste";"SP";351090;"Cássia dos Coqueiros";1;4;0,25;25;"NÃO ALCANÇOU"
"Sudeste";"SP";351100;"Castilho";3;4;0,75;75;"NÃO ALCANÇOU"
"Sudeste";"SP";351110;"Catanduva";1;4;0,25;25;"NÃO ALCANÇOU"
"Sudeste";"SP";351120;"Catiguá";4;4;1;100;"ALCANÇOU"
"Sudeste";"SP";351130;"Cedral";3;4;0,75;75;"NÃO ALCANÇOU"
"Sudeste";"SP";351140;"Cerqueira César";1;4;0,25;25;"NÃO ALCANÇOU"
"Sudeste";"SP";351150;"Cerquilho";4;4;1;100;"ALCANÇOU"
"Sudeste";"SP";351160;"Cesário Lange";4;4;1;100;"ALCANÇOU"
"Sudeste";"SP";351170;"Charqueada";3;4;0,75;75;"NÃO ALCANÇOU"
"Sudeste";"SP";351190;"Clementina";1;4;0,25;25;"NÃO ALCANÇOU"
"Sudeste";"SP";351200;"Colina";1;4;0,25;25;"NÃO ALCANÇOU"
"Sudeste";"SP";351210;"Colômbia";4;4;1;100;"ALCANÇOU"
"Sudeste";"SP";351220;"Conchal";3;4;0,75;75;"NÃO ALCANÇOU"
"Sudeste";"SP";351230;"Conchas";2;4;0,5;50;"NÃO ALCANÇOU"
"Sudeste";"SP";351240;"Cordeirópolis";4;4;1;100;"ALCANÇOU"
"Sudeste";"SP";351250;"Coroados";0;4;0;0;"NÃO ALCANÇOU"
"Sudeste";"SP";351260;"Coronel Macedo";3;4;0,75;75;"NÃO ALCANÇOU"
"Sudeste";"SP";351270;"Corumbataí";3;4;0,75;75;"NÃO ALCANÇOU"
"Sudeste";"SP";351280;"Cosmópolis";4;4;1;100;"ALCANÇOU"
"Sudeste";"SP";351290;"Cosmorama";0;4;0;0;"NÃO ALCANÇOU"
"Sudeste";"SP";351300;"Cotia";1;4;0,25;25;"NÃO ALCANÇOU"
"Sudeste";"SP";351310;"Cravinhos";0;4;0;0;"NÃO ALCANÇOU"
"Sudeste";"SP";351320;"Cristais Paulista";2;4;0,5;50;"NÃO ALCANÇOU"
"Sudeste";"SP";351330;"Cruzália";1;4;0,25;25;"NÃO ALCANÇOU"
"Sudeste";"SP";351340;"Cruzeiro";0;4;0;0;"NÃO ALCANÇOU"
"Sudeste";"SP";351350;"Cubatão";1;4;0,25;25;"NÃO ALCANÇOU"
"Sudeste";"SP";351360;"Cunha";4;4;1;100;"ALCANÇOU"
"Sudeste";"SP";351370;"Descalvado";1;4;0,25;25;"NÃO ALCANÇOU"
"Sudeste";"SP";351380;"Diadema";4;4;1;100;"ALCANÇOU"
"Sudeste";"SP";351385;"Dirce Reis";1;4;0,25;25;"NÃO ALCANÇOU"
"Sudeste";"SP";351390;"Divinolândia";3;4;0,75;75;"NÃO ALCANÇOU"
"Sudeste";"SP";351400;"Dobrada";3;4;0,75;75;"NÃO ALCANÇOU"
"Sudeste";"SP";351410;"Dois Córregos";2;4;0,5;50;"NÃO ALCANÇOU"
"Sudeste";"SP";351420;"Dolcinópolis";4;4;1;100;"ALCANÇOU"
"Sudeste";"SP";351430;"Dourado";0;4;0;0;"NÃO ALCANÇOU"
"Sudeste";"SP";351440;"Dracena";0;4;0;0;"NÃO ALCANÇOU"
"Sudeste";"SP";351450;"Duartina";2;4;0,5;50;"NÃO ALCANÇOU"
"Sudeste";"SP";351460;"Dumont";1;4;0,25;25;"NÃO ALCANÇOU"
"Sudeste";"SP";351470;"Echaporã";3;4;0,75;75;"NÃO ALCANÇOU"
"Sudeste";"SP";351480;"Eldorado";0;4;0;0;"NÃO ALCANÇOU"
"Sudeste";"SP";351490;"Elias Fausto";1;4;0,25;25;"NÃO ALCANÇOU"
"Sudeste";"SP";351492;"Elisiário";4;4;1;100;"ALCANÇOU"
"Sudeste";"SP";351495;"Embaúba";1;4;0,25;25;"NÃO ALCANÇOU"
"Sudeste";"SP";351500;"Embu das Artes";1;4;0,25;25;"NÃO ALCANÇOU"
"Sudeste";"SP";351510;"Embu-Guaçu";1;4;0,25;25;"NÃO ALCANÇOU"
"Sudeste";"SP";351512;"Emilianópolis";4;4;1;100;"ALCANÇOU"
"Sudeste";"SP";351515;"Engenheiro Coelho";4;4;1;100;"ALCANÇOU"
"Sudeste";"SP";351518;"Espírito Santo do Pinhal";0;4;0;0;"NÃO ALCANÇOU"
"Sudeste";"SP";351519;"Espírito Santo do Turvo";4;4;1;100;"ALCANÇOU"
"Sudeste";"SP";351520;"Estrela d'Oeste";4;4;1;100;"ALCANÇOU"
"Sudeste";"SP";351530;"Estrela do Norte";3;4;0,75;75;"NÃO ALCANÇOU"
"Sudeste";"SP";351535;"Euclides da Cunha Paulista";0;4;0;0;"NÃO ALCANÇOU"
"Sudeste";"SP";351540;"Fartura";1;4;0,25;25;"NÃO ALCANÇOU"
"Sudeste";"SP";351550;"Fernandópolis";1;4;0,25;25;"NÃO ALCANÇOU"
"Sudeste";"SP";351560;"Fernando Prestes";4;4;1;100;"ALCANÇOU"
"Sudeste";"SP";351565;"Fernão";4;4;1;100;"ALCANÇOU"
"Sudeste";"SP";351570;"Ferraz de Vasconcelos";0;4;0;0;"NÃO ALCANÇOU"
"Sudeste";"SP";351580;"Flora Rica";4;4;1;100;"ALCANÇOU"
"Sudeste";"SP";351590;"Floreal";4;4;1;100;"ALCANÇOU"
"Sudeste";"SP";351600;"Flórida Paulista";4;4;1;100;"ALCANÇOU"
"Sudeste";"SP";351610;"Florínea";4;4;1;100;"ALCANÇOU"
"Sudeste";"SP";351620;"Franca";0;4;0;0;"NÃO ALCANÇOU"
"Sudeste";"SP";351630;"Francisco Morato";0;4;0;0;"NÃO ALCANÇOU"
"Sudeste";"SP";351640;"Franco da Rocha";4;4;1;100;"ALCANÇOU"
"Sudeste";"SP";351650;"Gabriel Monteiro";0;4;0;0;"NÃO ALCANÇOU"
"Sudeste";"SP";351660;"Gália";0;4;0;0;"NÃO ALCANÇOU"
"Sudeste";"SP";351670;"Garça";2;4;0,5;50;"NÃO ALCANÇOU"
"Sudeste";"SP";351680;"Gastão Vidigal";1;4;0,25;25;"NÃO ALCANÇOU"
"Sudeste";"SP";351685;"Gavião Peixoto";2;4;0,5;50;"NÃO ALCANÇOU"
"Sudeste";"SP";351690;"General Salgado";4;4;1;100;"ALCANÇOU"
"Sudeste";"SP";351700;"Getulina";1;4;0,25;25;"NÃO ALCANÇOU"
"Sudeste";"SP";351710;"Glicério";0;4;0;0;"NÃO ALCANÇOU"
"Sudeste";"SP";351720;"Guaiçara";4;4;1;100;"ALCANÇOU"
"Sudeste";"SP";351730;"Guaimbê";3;4;0,75;75;"NÃO ALCANÇOU"
"Sudeste";"SP";351740;"Guaíra";4;4;1;100;"ALCANÇOU"
"Sudeste";"SP";351750;"Guapiaçu";0;4;0;0;"NÃO ALCANÇOU"
"Sudeste";"SP";351760;"Guapiara";1;4;0,25;25;"NÃO ALCANÇOU"
"Sudeste";"SP";351770;"Guará";4;4;1;100;"ALCANÇOU"
"Sudeste";"SP";351780;"Guaraçaí";3;4;0,75;75;"NÃO ALCANÇOU"
"Sudeste";"SP";351790;"Guaraci";4;4;1;100;"ALCANÇOU"
"Sudeste";"SP";351800;"Guarani d'Oeste";0;4;0;0;"NÃO ALCANÇOU"
"Sudeste";"SP";351810;"Guarantã";4;4;1;100;"ALCANÇOU"
"Sudeste";"SP";351820;"Guararapes";0;4;0;0;"NÃO ALCANÇOU"
"Sudeste";"SP";351830;"Guararema";2;4;0,5;50;"NÃO ALCANÇOU"
"Sudeste";"SP";351840;"Guaratinguetá";0;4;0;0;"NÃO ALCANÇOU"
"Sudeste";"SP";351850;"Guareí";0;4;0;0;"NÃO ALCANÇOU"
"Sudeste";"SP";351860;"Guariba";4;4;1;100;"ALCANÇOU"
"Sudeste";"SP";351870;"Guarujá";0;4;0;0;"NÃO ALCANÇOU"
"Sudeste";"SP";351880;"Guarulhos";2;4;0,5;50;"NÃO ALCANÇOU"
"Sudeste";"SP";351885;"Guatapará";1;4;0,25;25;"NÃO ALCANÇOU"
"Sudeste";"SP";351890;"Guzolândia";1;4;0,25;25;"NÃO ALCANÇOU"
"Sudeste";"SP";351900;"Herculândia";0;4;0;0;"NÃO ALCANÇOU"
"Sudeste";"SP";351905;"Holambra";0;4;0;0;"NÃO ALCANÇOU"
"Sudeste";"SP";351907;"Hortolândia";4;4;1;100;"ALCANÇOU"
"Sudeste";"SP";351910;"Iacanga";4;4;1;100;"ALCANÇOU"
"Sudeste";"SP";351920;"Iacri";1;4;0,25;25;"NÃO ALCANÇOU"
"Sudeste";"SP";351925;"Iaras";4;4;1;100;"ALCANÇOU"
"Sudeste";"SP";351930;"Ibaté";0;4;0;0;"NÃO ALCANÇOU"
"Sudeste";"SP";351940;"Ibirá";4;4;1;100;"ALCANÇOU"
"Sudeste";"SP";351950;"Ibirarema";0;4;0;0;"NÃO ALCANÇOU"
"Sudeste";"SP";351960;"Ibitinga";1;4;0,25;25;"NÃO ALCANÇOU"
"Sudeste";"SP";351970;"Ibiúna";1;4;0,25;25;"NÃO ALCANÇOU"
"Sudeste";"SP";351980;"Icém";4;4;1;100;"ALCANÇOU"
"Sudeste";"SP";351990;"Iepê";1;4;0,25;25;"NÃO ALCANÇOU"
"Sudeste";"SP";352000;"Igaraçu do Tietê";4;4;1;100;"ALCANÇOU"
"Sudeste";"SP";352010;"Igarapava";0;4;0;0;"NÃO ALCANÇOU"
"Sudeste";"SP";352020;"Igaratá";1;4;0,25;25;"NÃO ALCANÇOU"
"Sudeste";"SP";352030;"Iguape";3;4;0,75;75;"NÃO ALCANÇOU"
"Sudeste";"SP";352040;"Ilhabela";1;4;0,25;25;"NÃO ALCANÇOU"
"Sudeste";"SP";352042;"Ilha Comprida";4;4;1;100;"ALCANÇOU"
"Sudeste";"SP";352044;"Ilha Solteira";3;4;0,75;75;"NÃO ALCANÇOU"
"Sudeste";"SP";352050;"Indaiatuba";1;4;0,25;25;"NÃO ALCANÇOU"
"Sudeste";"SP";352060;"Indiana";4;4;1;100;"ALCANÇOU"
"Sudeste";"SP";352070;"Indiaporã";1;4;0,25;25;"NÃO ALCANÇOU"
"Sudeste";"SP";352080;"Inúbia Paulista";4;4;1;100;"ALCANÇOU"
"Sudeste";"SP";352090;"Ipaussu";0;4;0;0;"NÃO ALCANÇOU"
"Sudeste";"SP";352100;"Iperó";0;4;0;0;"NÃO ALCANÇOU"
"Sudeste";"SP";352110;"Ipeúna";4;4;1;100;"ALCANÇOU"
"Sudeste";"SP";352115;"Ipiguá";4;4;1;100;"ALCANÇOU"
"Sudeste";"SP";352120;"Iporanga";3;4;0,75;75;"NÃO ALCANÇOU"
"Sudeste";"SP";352130;"Ipuã";4;4;1;100;"ALCANÇOU"
"Sudeste";"SP";352140;"Iracemápolis";4;4;1;100;"ALCANÇOU"
"Sudeste";"SP";352150;"Irapuã";4;4;1;100;"ALCANÇOU"
"Sudeste";"SP";352160;"Irapuru";4;4;1;100;"ALCANÇOU"
"Sudeste";"SP";352170;"Itaberá";1;4;0,25;25;"NÃO ALCANÇOU"
"Sudeste";"SP";352180;"Itaí";3;4;0,75;75;"NÃO ALCANÇOU"
"Sudeste";"SP";352190;"Itajobi";3;4;0,75;75;"NÃO ALCANÇOU"
"Sudeste";"SP";352200;"Itaju";1;4;0,25;25;"NÃO ALCANÇOU"
"Sudeste";"SP";352210;"Itanhaém";0;4;0;0;"NÃO ALCANÇOU"
"Sudeste";"SP";352215;"Itaoca";1;4;0,25;25;"NÃO ALCANÇOU"
"Sudeste";"SP";352220;"Itapecerica da Serra";0;4;0;0;"NÃO ALCANÇOU"
"Sudeste";"SP";352230;"Itapetininga";4;4;1;100;"ALCANÇOU"
"Sudeste";"SP";352240;"Itapeva";4;4;1;100;"ALCANÇOU"
"Sudeste";"SP";352250;"Itapevi";1;4;0,25;25;"NÃO ALCANÇOU"
"Sudeste";"SP";352260;"Itapira";0;4;0;0;"NÃO ALCANÇOU"
"Sudeste";"SP";352265;"Itapirapuã Paulista";0;4;0;0;"NÃO ALCANÇOU"
"Sudeste";"SP";352270;"Itápolis";3;4;0,75;75;"NÃO ALCANÇOU"
"Sudeste";"SP";352280;"Itaporanga";1;4;0,25;25;"NÃO ALCANÇOU"
"Sudeste";"SP";352290;"Itapuí";4;4;1;100;"ALCANÇOU"
"Sudeste";"SP";352300;"Itapura";3;4;0,75;75;"NÃO ALCANÇOU"
"Sudeste";"SP";352310;"Itaquaquecetuba";1;4;0,25;25;"NÃO ALCANÇOU"
"Sudeste";"SP";352320;"Itararé";1;4;0,25;25;"NÃO ALCANÇOU"
"Sudeste";"SP";352330;"Itariri";4;4;1;100;"ALCANÇOU"
"Sudeste";"SP";352340;"Itatiba";0;4;0;0;"NÃO ALCANÇOU"
"Sudeste";"SP";352350;"Itatinga";4;4;1;100;"ALCANÇOU"
"Sudeste";"SP";352360;"Itirapina";1;4;0,25;25;"NÃO ALCANÇOU"
"Sudeste";"SP";352370;"Itirapuã";4;4;1;100;"ALCANÇOU"
"Sudeste";"SP";352380;"Itobi";1;4;0,25;25;"NÃO ALCANÇOU"
"Sudeste";"SP";352390;"Itu";2;4;0,5;50;"NÃO ALCANÇOU"
"Sudeste";"SP";352400;"Itupeva";0;4;0;0;"NÃO ALCANÇOU"
"Sudeste";"SP";352410;"Ituverava";0;4;0;0;"NÃO ALCANÇOU"
"Sudeste";"SP";352420;"Jaborandi";1;4;0,25;25;"NÃO ALCANÇOU"
"Sudeste";"SP";352430;"Jaboticabal";1;4;0,25;25;"NÃO ALCANÇOU"
"Sudeste";"SP";352440;"Jacareí";0;4;0;0;"NÃO ALCANÇOU"
"Sudeste";"SP";352450;"Jaci";3;4;0,75;75;"NÃO ALCANÇOU"
"Sudeste";"SP";352460;"Jacupiranga";4;4;1;100;"ALCANÇOU"
"Sudeste";"SP";352470;"Jaguariúna";2;4;0,5;50;"NÃO ALCANÇOU"
"Sudeste";"SP";352480;"Jales";1;4;0,25;25;"NÃO ALCANÇOU"
"Sudeste";"SP";352490;"Jambeiro";4;4;1;100;"ALCANÇOU"
"Sudeste";"SP";352500;"Jandira";0;4;0;0;"NÃO ALCANÇOU"
"Sudeste";"SP";352510;"Jardinópolis";0;4;0;0;"NÃO ALCANÇOU"
"Sudeste";"SP";352520;"Jarinu";4;4;1;100;"ALCANÇOU"
"Sudeste";"SP";352530;"Jaú";0;4;0;0;"NÃO ALCANÇOU"
"Sudeste";"SP";352540;"Jeriquara";3;4;0,75;75;"NÃO ALCANÇOU"
"Sudeste";"SP";352550;"Joanópolis";3;4;0,75;75;"NÃO ALCANÇOU"
"Sudeste";"SP";352560;"João Ramalho";3;4;0,75;75;"NÃO ALCANÇOU"
"Sudeste";"SP";352570;"José Bonifácio";1;4;0,25;25;"NÃO ALCANÇOU"
"Sudeste";"SP";352580;"Júlio Mesquita";0;4;0;0;"NÃO ALCANÇOU"
"Sudeste";"SP";352585;"Jumirim";3;4;0,75;75;"NÃO ALCANÇOU"
"Sudeste";"SP";352590;"Jundiaí";1;4;0,25;25;"NÃO ALCANÇOU"
"Sudeste";"SP";352600;"Junqueirópolis";1;4;0,25;25;"NÃO ALCANÇOU"
"Sudeste";"SP";352610;"Juquiá";0;4;0;0;"NÃO ALCANÇOU"
"Sudeste";"SP";352620;"Juquitiba";2;4;0,5;50;"NÃO ALCANÇOU"
"Sudeste";"SP";352630;"Lagoinha";2;4;0,5;50;"NÃO ALCANÇOU"
"Sudeste";"SP";352640;"Laranjal Paulista";1;4;0,25;25;"NÃO ALCANÇOU"
"Sudeste";"SP";352650;"Lavínia";3;4;0,75;75;"NÃO ALCANÇOU"
"Sudeste";"SP";352660;"Lavrinhas";4;4;1;100;"ALCANÇOU"
"Sudeste";"SP";352670;"Leme";2;4;0,5;50;"NÃO ALCANÇOU"
"Sudeste";"SP";352680;"Lençóis Paulista";4;4;1;100;"ALCANÇOU"
"Sudeste";"SP";352690;"Limeira";0;4;0;0;"NÃO ALCANÇOU"
"Sudeste";"SP";352700;"Lindóia";0;4;0;0;"NÃO ALCANÇOU"
"Sudeste";"SP";352710;"Lins";1;4;0,25;25;"NÃO ALCANÇOU"
"Sudeste";"SP";352720;"Lorena";4;4;1;100;"ALCANÇOU"
"Sudeste";"SP";352725;"Lourdes";0;4;0;0;"NÃO ALCANÇOU"
"Sudeste";"SP";352730;"Louveira";4;4;1;100;"ALCANÇOU"
"Sudeste";"SP";352740;"Lucélia";1;4;0,25;25;"NÃO ALCANÇOU"
"Sudeste";"SP";352750;"Lucianópolis";1;4;0,25;25;"NÃO ALCANÇOU"
"Sudeste";"SP";352760;"Luís Antônio";4;4;1;100;"ALCANÇOU"
"Sudeste";"SP";352770;"Luiziânia";4;4;1;100;"ALCANÇOU"
"Sudeste";"SP";352780;"Lupércio";1;4;0,25;25;"NÃO ALCANÇOU"
"Sudeste";"SP";352790;"Lutécia";4;4;1;100;"ALCANÇOU"
"Sudeste";"SP";352800;"Macatuba";4;4;1;100;"ALCANÇOU"
"Sudeste";"SP";352810;"Macaubal";1;4;0,25;25;"NÃO ALCANÇOU"
"Sudeste";"SP";352820;"Macedônia";4;4;1;100;"ALCANÇOU"
"Sudeste";"SP";352830;"Magda";4;4;1;100;"ALCANÇOU"
"Sudeste";"SP";352840;"Mairinque";0;4;0;0;"NÃO ALCANÇOU"
"Sudeste";"SP";352850;"Mairiporã";4;4;1;100;"ALCANÇOU"
"Sudeste";"SP";352860;"Manduri";4;4;1;100;"ALCANÇOU"
"Sudeste";"SP";352870;"Marabá Paulista";1;4;0,25;25;"NÃO ALCANÇOU"
"Sudeste";"SP";352880;"Maracaí";3;4;0,75;75;"NÃO ALCANÇOU"
"Sudeste";"SP";352885;"Marapoama";3;4;0,75;75;"NÃO ALCANÇOU"
"Sudeste";"SP";352890;"Mariápolis";1;4;0,25;25;"NÃO ALCANÇOU"
"Sudeste";"SP";352900;"Marília";1;4;0,25;25;"NÃO ALCANÇOU"
"Sudeste";"SP";352910;"Marinópolis";1;4;0,25;25;"NÃO ALCANÇOU"
"Sudeste";"SP";352920;"Martinópolis";2;4;0,5;50;"NÃO ALCANÇOU"
"Sudeste";"SP";352930;"Matão";0;4;0;0;"NÃO ALCANÇOU"
"Sudeste";"SP";352940;"Mauá";1;4;0,25;25;"NÃO ALCANÇOU"
"Sudeste";"SP";352950;"Mendonça";3;4;0,75;75;"NÃO ALCANÇOU"
"Sudeste";"SP";352960;"Meridiano";4;4;1;100;"ALCANÇOU"
"Sudeste";"SP";352965;"Mesópolis";4;4;1;100;"ALCANÇOU"
"Sudeste";"SP";352970;"Miguelópolis";0;4;0;0;"NÃO ALCANÇOU"
"Sudeste";"SP";352980;"Mineiros do Tietê";0;4;0;0;"NÃO ALCANÇOU"
"Sudeste";"SP";352990;"Miracatu";3;4;0,75;75;"NÃO ALCANÇOU"
"Sudeste";"SP";353000;"Mira Estrela";3;4;0,75;75;"NÃO ALCANÇOU"
"Sudeste";"SP";353010;"Mirandópolis";3;4;0,75;75;"NÃO ALCANÇOU"
"Sudeste";"SP";353020;"Mirante do Paranapanema";4;4;1;100;"ALCANÇOU"
"Sudeste";"SP";353030;"Mirassol";0;4;0;0;"NÃO ALCANÇOU"
"Sudeste";"SP";353040;"Mirassolândia";1;4;0,25;25;"NÃO ALCANÇOU"
"Sudeste";"SP";353050;"Mococa";1;4;0,25;25;"NÃO ALCANÇOU"
"Sudeste";"SP";353060;"Mogi das Cruzes";0;4;0;0;"NÃO ALCANÇOU"
"Sudeste";"SP";353070;"Mogi Guaçu";4;4;1;100;"ALCANÇOU"
"Sudeste";"SP";353080;"Mogi Mirim";1;4;0,25;25;"NÃO ALCANÇOU"
"Sudeste";"SP";353090;"Mombuca";4;4;1;100;"ALCANÇOU"
"Sudeste";"SP";353100;"Monções";4;4;1;100;"ALCANÇOU"
"Sudeste";"SP";353110;"Mongaguá";0;4;0;0;"NÃO ALCANÇOU"
"Sudeste";"SP";353120;"Monte Alegre do Sul";1;4;0,25;25;"NÃO ALCANÇOU"
"Sudeste";"SP";353130;"Monte Alto";1;4;0,25;25;"NÃO ALCANÇOU"
"Sudeste";"SP";353140;"Monte Aprazível";1;4;0,25;25;"NÃO ALCANÇOU"
"Sudeste";"SP";353150;"Monte Azul Paulista";4;4;1;100;"ALCANÇOU"
"Sudeste";"SP";353160;"Monte Castelo";1;4;0,25;25;"NÃO ALCANÇOU"
"Sudeste";"SP";353170;"Monteiro Lobato";1;4;0,25;25;"NÃO ALCANÇOU"
"Sudeste";"SP";353180;"Monte Mor";4;4;1;100;"ALCANÇOU"
"Sudeste";"SP";353190;"Morro Agudo";3;4;0,75;75;"NÃO ALCANÇOU"
"Sudeste";"SP";353200;"Morungaba";1;4;0,25;25;"NÃO ALCANÇOU"
"Sudeste";"SP";353205;"Motuca";3;4;0,75;75;"NÃO ALCANÇOU"
"Sudeste";"SP";353210;"Murutinga do Sul";4;4;1;100;"ALCANÇOU"
"Sudeste";"SP";353215;"Nantes";2;4;0,5;50;"NÃO ALCANÇOU"
"Sudeste";"SP";353220;"Narandiba";3;4;0,75;75;"NÃO ALCANÇOU"
"Sudeste";"SP";353230;"Natividade da Serra";1;4;0,25;25;"NÃO ALCANÇOU"
"Sudeste";"SP";353240;"Nazaré Paulista";4;4;1;100;"ALCANÇOU"
"Sudeste";"SP";353250;"Neves Paulista";4;4;1;100;"ALCANÇOU"
"Sudeste";"SP";353260;"Nhandeara";0;4;0;0;"NÃO ALCANÇOU"
"Sudeste";"SP";353270;"Nipoã";1;4;0,25;25;"NÃO ALCANÇOU"
"Sudeste";"SP";353280;"Nova Aliança";4;4;1;100;"ALCANÇOU"
"Sudeste";"SP";353282;"Nova Campina";4;4;1;100;"ALCANÇOU"
"Sudeste";"SP";353284;"Nova Canaã Paulista";4;4;1;100;"ALCANÇOU"
"Sudeste";"SP";353286;"Nova Castilho";2;4;0,5;50;"NÃO ALCANÇOU"
"Sudeste";"SP";353290;"Nova Europa";4;4;1;100;"ALCANÇOU"
"Sudeste";"SP";353300;"Nova Granada";1;4;0,25;25;"NÃO ALCANÇOU"
"Sudeste";"SP";353310;"Nova Guataporanga";4;4;1;100;"ALCANÇOU"
"Sudeste";"SP";353320;"Nova Independência";4;4;1;100;"ALCANÇOU"
"Sudeste";"SP";353325;"Novais";4;4;1;100;"ALCANÇOU"
"Sudeste";"SP";353330;"Nova Luzitânia";2;4;0,5;50;"NÃO ALCANÇOU"
"Sudeste";"SP";353340;"Nova Odessa";4;4;1;100;"ALCANÇOU"
"Sudeste";"SP";353350;"Novo Horizonte";0;4;0;0;"NÃO ALCANÇOU"
"Sudeste";"SP";353360;"Nuporanga";1;4;0,25;25;"NÃO ALCANÇOU"
"Sudeste";"SP";353370;"Ocauçu";1;4;0,25;25;"NÃO ALCANÇOU"
"Sudeste";"SP";353380;"Óleo";4;4;1;100;"ALCANÇOU"
"Sudeste";"SP";353390;"Olímpia";1;4;0,25;25;"NÃO ALCANÇOU"
"Sudeste";"SP";353400;"Onda Verde";2;4;0,5;50;"NÃO ALCANÇOU"
"Sudeste";"SP";353410;"Oriente";1;4;0,25;25;"NÃO ALCANÇOU"
"Sudeste";"SP";353420;"Orindiúva";0;4;0;0;"NÃO ALCANÇOU"
"Sudeste";"SP";353430;"Orlândia";2;4;0,5;50;"NÃO ALCANÇOU"
"Sudeste";"SP";353440;"Osasco";2;4;0,5;50;"NÃO ALCANÇOU"
"Sudeste";"SP";353450;"Oscar Bressane";4;4;1;100;"ALCANÇOU"
"Sudeste";"SP";353460;"Osvaldo Cruz";3;4;0,75;75;"NÃO ALCANÇOU"
"Sudeste";"SP";353470;"Ourinhos";1;4;0,25;25;"NÃO ALCANÇOU"
"Sudeste";"SP";353475;"Ouroeste";2;4;0,5;50;"NÃO ALCANÇOU"
"Sudeste";"SP";353480;"Ouro Verde";3;4;0,75;75;"NÃO ALCANÇOU"
"Sudeste";"SP";353490;"Pacaembu";0;4;0;0;"NÃO ALCANÇOU"
"Sudeste";"SP";353500;"Palestina";4;4;1;100;"ALCANÇOU"
"Sudeste";"SP";353510;"Palmares Paulista";1;4;0,25;25;"NÃO ALCANÇOU"
"Sudeste";"SP";353520;"Palmeira d'Oeste";3;4;0,75;75;"NÃO ALCANÇOU"
"Sudeste";"SP";353530;"Palmital";3;4;0,75;75;"NÃO ALCANÇOU"
"Sudeste";"SP";353540;"Panorama";1;4;0,25;25;"NÃO ALCANÇOU"
"Sudeste";"SP";353550;"Paraguaçu Paulista";1;4;0,25;25;"NÃO ALCANÇOU"
"Sudeste";"SP";353560;"Paraibuna";4;4;1;100;"ALCANÇOU"
"Sudeste";"SP";353570;"Paraíso";2;4;0,5;50;"NÃO ALCANÇOU"
"Sudeste";"SP";353580;"Paranapanema";0;4;0;0;"NÃO ALCANÇOU"
"Sudeste";"SP";353590;"Paranapuã";1;4;0,25;25;"NÃO ALCANÇOU"
"Sudeste";"SP";353600;"Parapuã";2;4;0,5;50;"NÃO ALCANÇOU"
"Sudeste";"SP";353610;"Pardinho";4;4;1;100;"ALCANÇOU"
"Sudeste";"SP";353620;"Pariquera-Açu";1;4;0,25;25;"NÃO ALCANÇOU"
"Sudeste";"SP";353625;"Parisi";4;4;1;100;"ALCANÇOU"
"Sudeste";"SP";353630;"Patrocínio Paulista";0;4;0;0;"NÃO ALCANÇOU"
"Sudeste";"SP";353640;"Paulicéia";1;4;0,25;25;"NÃO ALCANÇOU"
"Sudeste";"SP";353650;"Paulínia";3;4;0,75;75;"NÃO ALCANÇOU"
"Sudeste";"SP";353657;"Paulistânia";4;4;1;100;"ALCANÇOU"
"Sudeste";"SP";353660;"Paulo de Faria";4;4;1;100;"ALCANÇOU"
"Sudeste";"SP";353670;"Pederneiras";0;4;0;0;"NÃO ALCANÇOU"
"Sudeste";"SP";353680;"Pedra Bela";1;4;0,25;25;"NÃO ALCANÇOU"
"Sudeste";"SP";353690;"Pedranópolis";0;4;0;0;"NÃO ALCANÇOU"
"Sudeste";"SP";353700;"Pedregulho";4;4;1;100;"ALCANÇOU"
"Sudeste";"SP";353710;"Pedreira";1;4;0,25;25;"NÃO ALCANÇOU"
"Sudeste";"SP";353715;"Pedrinhas Paulista";1;4;0,25;25;"NÃO ALCANÇOU"
"Sudeste";"SP";353720;"Pedro de Toledo";1;4;0,25;25;"NÃO ALCANÇOU"
"Sudeste";"SP";353730;"Penápolis";0;4;0;0;"NÃO ALCANÇOU"
"Sudeste";"SP";353740;"Pereira Barreto";0;4;0;0;"NÃO ALCANÇOU"
"Sudeste";"SP";353750;"Pereiras";4;4;1;100;"ALCANÇOU"
"Sudeste";"SP";353760;"Peruíbe";0;4;0;0;"NÃO ALCANÇOU"
"Sudeste";"SP";353770;"Piacatu";0;4;0;0;"NÃO ALCANÇOU"
"Sudeste";"SP";353780;"Piedade";1;4;0,25;25;"NÃO ALCANÇOU"
"Sudeste";"SP";353790;"Pilar do Sul";0;4;0;0;"NÃO ALCANÇOU"
"Sudeste";"SP";353800;"Pindamonhangaba";0;4;0;0;"NÃO ALCANÇOU"
"Sudeste";"SP";353810;"Pindorama";4;4;1;100;"ALCANÇOU"
"Sudeste";"SP";353820;"Pinhalzinho";1;4;0,25;25;"NÃO ALCANÇOU"
"Sudeste";"SP";353830;"Piquerobi";4;4;1;100;"ALCANÇOU"
"Sudeste";"SP";353850;"Piquete";0;4;0;0;"NÃO ALCANÇOU"
"Sudeste";"SP";353860;"Piracaia";4;4;1;100;"ALCANÇOU"
"Sudeste";"SP";353870;"Piracicaba";2;4;0,5;50;"NÃO ALCANÇOU"
"Sudeste";"SP";353880;"Piraju";3;4;0,75;75;"NÃO ALCANÇOU"
"Sudeste";"SP";353890;"Pirajuí";3;4;0,75;75;"NÃO ALCANÇOU"
"Sudeste";"SP";353900;"Pirangi";3;4;0,75;75;"NÃO ALCANÇOU"
"Sudeste";"SP";353910;"Pirapora do Bom Jesus";0;4;0;0;"NÃO ALCANÇOU"
"Sudeste";"SP";353920;"Pirapozinho";1;4;0,25;25;"NÃO ALCANÇOU"
"Sudeste";"SP";353930;"Pirassununga";3;4;0,75;75;"NÃO ALCANÇOU"
"Sudeste";"SP";353940;"Piratininga";4;4;1;100;"ALCANÇOU"
"Sudeste";"SP";353950;"Pitangueiras";2;4;0,5;50;"NÃO ALCANÇOU"
"Sudeste";"SP";353960;"Planalto";4;4;1;100;"ALCANÇOU"
"Sudeste";"SP";353970;"Platina";1;4;0,25;25;"NÃO ALCANÇOU"
"Sudeste";"SP";353980;"Poá";4;4;1;100;"ALCANÇOU"
"Sudeste";"SP";353990;"Poloni";3;4;0,75;75;"NÃO ALCANÇOU"
"Sudeste";"SP";354000;"Pompéia";1;4;0,25;25;"NÃO ALCANÇOU"
"Sudeste";"SP";354010;"Pongaí";4;4;1;100;"ALCANÇOU"
"Sudeste";"SP";354020;"Pontal";0;4;0;0;"NÃO ALCANÇOU"
"Sudeste";"SP";354025;"Pontalinda";4;4;1;100;"ALCANÇOU"
"Sudeste";"SP";354030;"Pontes Gestal";4;4;1;100;"ALCANÇOU"
"Sudeste";"SP";354040;"Populina";4;4;1;100;"ALCANÇOU"
"Sudeste";"SP";354050;"Porangaba";4;4;1;100;"ALCANÇOU"
"Sudeste";"SP";354060;"Porto Feliz";1;4;0,25;25;"NÃO ALCANÇOU"
"Sudeste";"SP";354070;"Porto Ferreira";4;4;1;100;"ALCANÇOU"
"Sudeste";"SP";354075;"Potim";4;4;1;100;"ALCANÇOU"
"Sudeste";"SP";354080;"Potirendaba";3;4;0,75;75;"NÃO ALCANÇOU"
"Sudeste";"SP";354085;"Pracinha";2;4;0,5;50;"NÃO ALCANÇOU"
"Sudeste";"SP";354090;"Pradópolis";1;4;0,25;25;"NÃO ALCANÇOU"
"Sudeste";"SP";354100;"Praia Grande";2;4;0,5;50;"NÃO ALCANÇOU"
"Sudeste";"SP";354105;"Pratânia";4;4;1;100;"ALCANÇOU"
"Sudeste";"SP";354110;"Presidente Alves";4;4;1;100;"ALCANÇOU"
"Sudeste";"SP";354120;"Presidente Bernardes";1;4;0,25;25;"NÃO ALCANÇOU"
"Sudeste";"SP";354130;"Presidente Epitácio";3;4;0,75;75;"NÃO ALCANÇOU"
"Sudeste";"SP";354140;"Presidente Prudente";3;4;0,75;75;"NÃO ALCANÇOU"
"Sudeste";"SP";354150;"Presidente Venceslau";0;4;0;0;"NÃO ALCANÇOU"
"Sudeste";"SP";354160;"Promissão";4;4;1;100;"ALCANÇOU"
"Sudeste";"SP";354165;"Quadra";3;4;0,75;75;"NÃO ALCANÇOU"
"Sudeste";"SP";354170;"Quatá";4;4;1;100;"ALCANÇOU"
"Sudeste";"SP";354180;"Queiroz";4;4;1;100;"ALCANÇOU"
"Sudeste";"SP";354190;"Queluz";1;4;0,25;25;"NÃO ALCANÇOU"
"Sudeste";"SP";354200;"Quintana";4;4;1;100;"ALCANÇOU"
"Sudeste";"SP";354210;"Rafard";3;4;0,75;75;"NÃO ALCANÇOU"
"Sudeste";"SP";354220;"Rancharia";2;4;0,5;50;"NÃO ALCANÇOU"
"Sudeste";"SP";354230;"Redenção da Serra";1;4;0,25;25;"NÃO ALCANÇOU"
"Sudeste";"SP";354240;"Regente Feijó";4;4;1;100;"ALCANÇOU"
"Sudeste";"SP";354250;"Reginópolis";1;4;0,25;25;"NÃO ALCANÇOU"
"Sudeste";"SP";354260;"Registro";1;4;0,25;25;"NÃO ALCANÇOU"
"Sudeste";"SP";354270;"Restinga";1;4;0,25;25;"NÃO ALCANÇOU"
"Sudeste";"SP";354280;"Ribeira";0;4;0;0;"NÃO ALCANÇOU"
"Sudeste";"SP";354290;"Ribeirão Bonito";0;4;0;0;"NÃO ALCANÇOU"
"Sudeste";"SP";354300;"Ribeirão Branco";4;4;1;100;"ALCANÇOU"
"Sudeste";"SP";354310;"Ribeirão Corrente";3;4;0,75;75;"NÃO ALCANÇOU"
"Sudeste";"SP";354320;"Ribeirão do Sul";1;4;0,25;25;"NÃO ALCANÇOU"
"Sudeste";"SP";354323;"Ribeirão dos Índios";0;4;0;0;"NÃO ALCANÇOU"
"Sudeste";"SP";354325;"Ribeirão Grande";4;4;1;100;"ALCANÇOU"
"Sudeste";"SP";354330;"Ribeirão Pires";0;4;0;0;"NÃO ALCANÇOU"
"Sudeste";"SP";354340;"Ribeirão Preto";0;4;0;0;"NÃO ALCANÇOU"
"Sudeste";"SP";354350;"Riversul";2;4;0,5;50;"NÃO ALCANÇOU"
"Sudeste";"SP";354360;"Rifaina";1;4;0,25;25;"NÃO ALCANÇOU"
"Sudeste";"SP";354370;"Rincão";4;4;1;100;"ALCANÇOU"
"Sudeste";"SP";354380;"Rinópolis";1;4;0,25;25;"NÃO ALCANÇOU"
"Sudeste";"SP";354390;"Rio Claro";2;4;0,5;50;"NÃO ALCANÇOU"
"Sudeste";"SP";354400;"Rio das Pedras";2;4;0,5;50;"NÃO ALCANÇOU"
"Sudeste";"SP";354410;"Rio Grande da Serra";0;4;0;0;"NÃO ALCANÇOU"
"Sudeste";"SP";354420;"Riolândia";1;4;0,25;25;"NÃO ALCANÇOU"
"Sudeste";"SP";354425;"Rosana";1;4;0,25;25;"NÃO ALCANÇOU"
"Sudeste";"SP";354430;"Roseira";0;4;0;0;"NÃO ALCANÇOU"
"Sudeste";"SP";354440;"Rubiácea";4;4;1;100;"ALCANÇOU"
"Sudeste";"SP";354450;"Rubinéia";3;4;0,75;75;"NÃO ALCANÇOU"
"Sudeste";"SP";354460;"Sabino";4;4;1;100;"ALCANÇOU"
"Sudeste";"SP";354470;"Sagres";2;4;0,5;50;"NÃO ALCANÇOU"
"Sudeste";"SP";354480;"Sales";3;4;0,75;75;"NÃO ALCANÇOU"
"Sudeste";"SP";354490;"Sales Oliveira";4;4;1;100;"ALCANÇOU"
"Sudeste";"SP";354500;"Salesópolis";4;4;1;100;"ALCANÇOU"
"Sudeste";"SP";354510;"Salmourão";0;4;0;0;"NÃO ALCANÇOU"
"Sudeste";"SP";354515;"Saltinho";4;4;1;100;"ALCANÇOU"
"Sudeste";"SP";354520;"Salto";3;4;0,75;75;"NÃO ALCANÇOU"
"Sudeste";"SP";354530;"Salto de Pirapora";3;4;0,75;75;"NÃO ALCANÇOU"
"Sudeste";"SP";354540;"Salto Grande";4;4;1;100;"ALCANÇOU"
"Sudeste";"SP";354550;"Sandovalina";1;4;0,25;25;"NÃO ALCANÇOU"
"Sudeste";"SP";354560;"Santa Adélia";4;4;1;100;"ALCANÇOU"
"Sudeste";"SP";354570;"Santa Albertina";1;4;0,25;25;"NÃO ALCANÇOU"
"Sudeste";"SP";354580;"Santa Bárbara d'Oeste";1;4;0,25;25;"NÃO ALCANÇOU"
"Sudeste";"SP";354600;"Santa Branca";1;4;0,25;25;"NÃO ALCANÇOU"
"Sudeste";"SP";354610;"Santa Clara d'Oeste";4;4;1;100;"ALCANÇOU"
"Sudeste";"SP";354620;"Santa Cruz da Conceição";1;4;0,25;25;"NÃO ALCANÇOU"
"Sudeste";"SP";354625;"Santa Cruz da Esperança";3;4;0,75;75;"NÃO ALCANÇOU"
"Sudeste";"SP";354630;"Santa Cruz das Palmeiras";4;4;1;100;"ALCANÇOU"
"Sudeste";"SP";354640;"Santa Cruz do Rio Pardo";0;4;0;0;"NÃO ALCANÇOU"
"Sudeste";"SP";354650;"Santa Ernestina";2;4;0,5;50;"NÃO ALCANÇOU"
"Sudeste";"SP";354660;"Santa Fé do Sul";4;4;1;100;"ALCANÇOU"
"Sudeste";"SP";354670;"Santa Gertrudes";2;4;0,5;50;"NÃO ALCANÇOU"
"Sudeste";"SP";354680;"Santa Isabel";4;4;1;100;"ALCANÇOU"
"Sudeste";"SP";354690;"Santa Lúcia";4;4;1;100;"ALCANÇOU"
"Sudeste";"SP";354700;"Santa Maria da Serra";4;4;1;100;"ALCANÇOU"
"Sudeste";"SP";354710;"Santa Mercedes";4;4;1;100;"ALCANÇOU"
"Sudeste";"SP";354720;"Santana da Ponte Pensa";4;4;1;100;"ALCANÇOU"
"Sudeste";"SP";354730;"Santana de Parnaíba";1;4;0,25;25;"NÃO ALCANÇOU"
"Sudeste";"SP";354740;"Santa Rita d'Oeste";0;4;0;0;"NÃO ALCANÇOU"
"Sudeste";"SP";354750;"Santa Rita do Passa Quatro";4;4;1;100;"ALCANÇOU"
"Sudeste";"SP";354760;"Santa Rosa de Viterbo";0;4;0;0;"NÃO ALCANÇOU"
"Sudeste";"SP";354765;"Santa Salete";4;4;1;100;"ALCANÇOU"
"Sudeste";"SP";354770;"Santo Anastácio";4;4;1;100;"ALCANÇOU"
"Sudeste";"SP";354780;"Santo André";0;4;0;0;"NÃO ALCANÇOU"
"Sudeste";"SP";354790;"Santo Antônio da Alegria";2;4;0,5;50;"NÃO ALCANÇOU"
"Sudeste";"SP";354800;"Santo Antônio de Posse";0;4;0;0;"NÃO ALCANÇOU"
"Sudeste";"SP";354805;"Santo Antônio do Aracanguá";4;4;1;100;"ALCANÇOU"
"Sudeste";"SP";354810;"Santo Antônio do Jardim";4;4;1;100;"ALCANÇOU"
"Sudeste";"SP";354820;"Santo Antônio do Pinhal";0;4;0;0;"NÃO ALCANÇOU"
"Sudeste";"SP";354830;"Santo Expedito";4;4;1;100;"ALCANÇOU"
"Sudeste";"SP";354840;"Santópolis do Aguapeí";0;4;0;0;"NÃO ALCANÇOU"
"Sudeste";"SP";354850;"Santos";2;4;0,5;50;"NÃO ALCANÇOU"
"Sudeste";"SP";354860;"São Bento do Sapucaí";4;4;1;100;"ALCANÇOU"
"Sudeste";"SP";354870;"São Bernardo do Campo";1;4;0,25;25;"NÃO ALCANÇOU"
"Sudeste";"SP";354880;"São Caetano do Sul";0;4;0;0;"NÃO ALCANÇOU"
"Sudeste";"SP";354890;"São Carlos";2;4;0,5;50;"NÃO ALCANÇOU"
"Sudeste";"SP";354900;"São Francisco";4;4;1;100;"ALCANÇOU"
"Sudeste";"SP";354910;"São João da Boa Vista";1;4;0,25;25;"NÃO ALCANÇOU"
"Sudeste";"SP";354920;"São João das Duas Pontes";1;4;0,25;25;"NÃO ALCANÇOU"
"Sudeste";"SP";354925;"São João de Iracema";0;4;0;0;"NÃO ALCANÇOU"
"Sudeste";"SP";354930;"São João do Pau d'Alho";3;4;0,75;75;"NÃO ALCANÇOU"
"Sudeste";"SP";354940;"São Joaquim da Barra";1;4;0,25;25;"NÃO ALCANÇOU"
"Sudeste";"SP";354950;"São José da Bela Vista";1;4;0,25;25;"NÃO ALCANÇOU"
"Sudeste";"SP";354960;"São José do Barreiro";1;4;0,25;25;"NÃO ALCANÇOU"
"Sudeste";"SP";354970;"São José do Rio Pardo";4;4;1;100;"ALCANÇOU"
"Sudeste";"SP";354980;"São José do Rio Preto";4;4;1;100;"ALCANÇOU"
"Sudeste";"SP";354990;"São José dos Campos";0;4;0;0;"NÃO ALCANÇOU"
"Sudeste";"SP";354995;"São Lourenço da Serra";1;4;0,25;25;"NÃO ALCANÇOU"
"Sudeste";"SP";355000;"São Luiz do Paraitinga";4;4;1;100;"ALCANÇOU"
"Sudeste";"SP";355010;"São Manuel";2;4;0,5;50;"NÃO ALCANÇOU"
"Sudeste";"SP";355020;"São Miguel Arcanjo";1;4;0,25;25;"NÃO ALCANÇOU"
"Sudeste";"SP";355030;"São Paulo";0;4;0;0;"NÃO ALCANÇOU"
"Sudeste";"SP";355040;"São Pedro";1;4;0,25;25;"NÃO ALCANÇOU"
"Sudeste";"SP";355050;"São Pedro do Turvo";4;4;1;100;"ALCANÇOU"
"Sudeste";"SP";355060;"São Roque";1;4;0,25;25;"NÃO ALCANÇOU"
"Sudeste";"SP";355070;"São Sebastião";0;4;0;0;"NÃO ALCANÇOU"
"Sudeste";"SP";355080;"São Sebastião da Grama";3;4;0,75;75;"NÃO ALCANÇOU"
"Sudeste";"SP";355090;"São Simão";0;4;0;0;"NÃO ALCANÇOU"
"Sudeste";"SP";355100;"São Vicente";0;4;0;0;"NÃO ALCANÇOU"
"Sudeste";"SP";355110;"Sarapuí";1;4;0,25;25;"NÃO ALCANÇOU"
"Sudeste";"SP";355120;"Sarutaiá";1;4;0,25;25;"NÃO ALCANÇOU"
"Sudeste";"SP";355130;"Sebastianópolis do Sul";4;4;1;100;"ALCANÇOU"
"Sudeste";"SP";355140;"Serra Azul";0;4;0;0;"NÃO ALCANÇOU"
"Sudeste";"SP";355150;"Serrana";1;4;0,25;25;"NÃO ALCANÇOU"
"Sudeste";"SP";355160;"Serra Negra";4;4;1;100;"ALCANÇOU"
"Sudeste";"SP";355170;"Sertãozinho";0;4;0;0;"NÃO ALCANÇOU"
"Sudeste";"SP";355180;"Sete Barras";4;4;1;100;"ALCANÇOU"
"Sudeste";"SP";355190;"Severínia";4;4;1;100;"ALCANÇOU"
"Sudeste";"SP";355200;"Silveiras";4;4;1;100;"ALCANÇOU"
"Sudeste";"SP";355210;"Socorro";1;4;0,25;25;"NÃO ALCANÇOU"
"Sudeste";"SP";355220;"Sorocaba";4;4;1;100;"ALCANÇOU"
"Sudeste";"SP";355230;"Sud Mennucci";0;4;0;0;"NÃO ALCANÇOU"
"Sudeste";"SP";355240;"Sumaré";0;4;0;0;"NÃO ALCANÇOU"
"Sudeste";"SP";355250;"Suzano";0;4;0;0;"NÃO ALCANÇOU"
"Sudeste";"SP";355255;"Suzanápolis";0;4;0;0;"NÃO ALCANÇOU"
"Sudeste";"SP";355260;"Tabapuã";3;4;0,75;75;"NÃO ALCANÇOU"
"Sudeste";"SP";355270;"Tabatinga";1;4;0,25;25;"NÃO ALCANÇOU"
"Sudeste";"SP";355280;"Taboão da Serra";0;4;0;0;"NÃO ALCANÇOU"
"Sudeste";"SP";355290;"Taciba";2;4;0,5;50;"NÃO ALCANÇOU"
"Sudeste";"SP";355300;"Taguaí";4;4;1;100;"ALCANÇOU"
"Sudeste";"SP";355310;"Taiaçu";4;4;1;100;"ALCANÇOU"
"Sudeste";"SP";355320;"Taiúva";4;4;1;100;"ALCANÇOU"
"Sudeste";"SP";355330;"Tambaú";1;4;0,25;25;"NÃO ALCANÇOU"
"Sudeste";"SP";355340;"Tanabi";4;4;1;100;"ALCANÇOU"
"Sudeste";"SP";355350;"Tapiraí";2;4;0,5;50;"NÃO ALCANÇOU"
"Sudeste";"SP";355360;"Tapiratiba";3;4;0,75;75;"NÃO ALCANÇOU"
"Sudeste";"SP";355365;"Taquaral";4;4;1;100;"ALCANÇOU"
"Sudeste";"SP";355370;"Taquaritinga";0;4;0;0;"NÃO ALCANÇOU"
"Sudeste";"SP";355380;"Taquarituba";1;4;0,25;25;"NÃO ALCANÇOU"
"Sudeste";"SP";355385;"Taquarivaí";2;4;0,5;50;"NÃO ALCANÇOU"
"Sudeste";"SP";355390;"Tarabai";3;4;0,75;75;"NÃO ALCANÇOU"
"Sudeste";"SP";355395;"Tarumã";1;4;0,25;25;"NÃO ALCANÇOU"
"Sudeste";"SP";355400;"Tatuí";2;4;0,5;50;"NÃO ALCANÇOU"
"Sudeste";"SP";355410;"Taubaté";1;4;0,25;25;"NÃO ALCANÇOU"
"Sudeste";"SP";355420;"Tejupá";1;4;0,25;25;"NÃO ALCANÇOU"
"Sudeste";"SP";355430;"Teodoro Sampaio";4;4;1;100;"ALCANÇOU"
"Sudeste";"SP";355440;"Terra Roxa";4;4;1;100;"ALCANÇOU"
"Sudeste";"SP";355450;"Tietê";0;4;0;0;"NÃO ALCANÇOU"
"Sudeste";"SP";355460;"Timburi";4;4;1;100;"ALCANÇOU"
"Sudeste";"SP";355465;"Torre de Pedra";4;4;1;100;"ALCANÇOU"
"Sudeste";"SP";355470;"Torrinha";2;4;0,5;50;"NÃO ALCANÇOU"
"Sudeste";"SP";355475;"Trabiju";4;4;1;100;"ALCANÇOU"
"Sudeste";"SP";355480;"Tremembé";4;4;1;100;"ALCANÇOU"
"Sudeste";"SP";355490;"Três Fronteiras";1;4;0,25;25;"NÃO ALCANÇOU"
"Sudeste";"SP";355495;"Tuiuti";2;4;0,5;50;"NÃO ALCANÇOU"
"Sudeste";"SP";355500;"Tupã";3;4;0,75;75;"NÃO ALCANÇOU"
"Sudeste";"SP";355510;"Tupi Paulista";1;4;0,25;25;"NÃO ALCANÇOU"
"Sudeste";"SP";355520;"Turiúba";1;4;0,25;25;"NÃO ALCANÇOU"
"Sudeste";"SP";355530;"Turmalina";4;4;1;100;"ALCANÇOU"
"Sudeste";"SP";355535;"Ubarana";4;4;1;100;"ALCANÇOU"
"Sudeste";"SP";355540;"Ubatuba";1;4;0,25;25;"NÃO ALCANÇOU"
"Sudeste";"SP";355550;"Ubirajara";2;4;0,5;50;"NÃO ALCANÇOU"
"Sudeste";"SP";355560;"Uchoa";4;4;1;100;"ALCANÇOU"
"Sudeste";"SP";355570;"União Paulista";1;4;0,25;25;"NÃO ALCANÇOU"
"Sudeste";"SP";355580;"Urânia";4;4;1;100;"ALCANÇOU"
"Sudeste";"SP";355590;"Uru";0;4;0;0;"NÃO ALCANÇOU"
"Sudeste";"SP";355600;"Urupês";4;4;1;100;"ALCANÇOU"
"Sudeste";"SP";355610;"Valentim Gentil";4;4;1;100;"ALCANÇOU"
"Sudeste";"SP";355620;"Valinhos";1;4;0,25;25;"NÃO ALCANÇOU"
"Sudeste";"SP";355630;"Valparaíso";1;4;0,25;25;"NÃO ALCANÇOU"
"Sudeste";"SP";355635;"Vargem";3;4;0,75;75;"NÃO ALCANÇOU"
"Sudeste";"SP";355640;"Vargem Grande do Sul";0;4;0;0;"NÃO ALCANÇOU"
"Sudeste";"SP";355645;"Vargem Grande Paulista";4;4;1;100;"ALCANÇOU"
"Sudeste";"SP";355650;"Várzea Paulista";1;4;0,25;25;"NÃO ALCANÇOU"
"Sudeste";"SP";355660;"Vera Cruz";0;4;0;0;"NÃO ALCANÇOU"
"Sudeste";"SP";355670;"Vinhedo";4;4;1;100;"ALCANÇOU"
"Sudeste";"SP";355680;"Viradouro";3;4;0,75;75;"NÃO ALCANÇOU"
"Sudeste";"SP";355690;"Vista Alegre do Alto";4;4;1;100;"ALCANÇOU"
"Sudeste";"SP";355695;"Vitória Brasil";3;4;0,75;75;"NÃO ALCANÇOU"
"Sudeste";"SP";355700;"Votorantim";4;4;1;100;"ALCANÇOU"
"Sudeste";"SP";355710;"Votuporanga";4;4;1;100;"ALCANÇOU"
"Sudeste";"SP";355715;"Zacarias";3;4;0,75;75;"NÃO ALCANÇOU"
"Sudeste";"SP";355720;"Chavantes";1;4;0,25;25;"NÃO ALCANÇOU"
"Sudeste";"SP";355730;"Estiva Gerbi";0;4;0;0;"NÃO ALCANÇOU"
"Sul";"PR";410010;"Abatiá";4;4;1;100;"ALCANÇOU"
"Sul";"PR";410020;"Adrianópolis";1;4;0,25;25;"NÃO ALCANÇOU"
"Sul";"PR";410030;"Agudos do Sul";4;4;1;100;"ALCANÇOU"
"Sul";"PR";410040;"Almirante Tamandaré";2;4;0,5;50;"NÃO ALCANÇOU"
"Sul";"PR";410045;"Altamira do Paraná";4;4;1;100;"ALCANÇOU"
"Sul";"PR";410050;"Altônia";0;4;0;0;"NÃO ALCANÇOU"
"Sul";"PR";410060;"Alto Paraná";3;4;0,75;75;"NÃO ALCANÇOU"
"Sul";"PR";410070;"Alto Piquiri";1;4;0,25;25;"NÃO ALCANÇOU"
"Sul";"PR";410080;"Alvorada do Sul";4;4;1;100;"ALCANÇOU"
"Sul";"PR";410090;"Amaporã";3;4;0,75;75;"NÃO ALCANÇOU"
"Sul";"PR";410100;"Ampére";4;4;1;100;"ALCANÇOU"
"Sul";"PR";410105;"Anahy";2;4;0,5;50;"NÃO ALCANÇOU"
"Sul";"PR";410110;"Andirá";4;4;1;100;"ALCANÇOU"
"Sul";"PR";410115;"Ângulo";1;4;0,25;25;"NÃO ALCANÇOU"
"Sul";"PR";410120;"Antonina";0;4;0;0;"NÃO ALCANÇOU"
"Sul";"PR";410130;"Antônio Olinto";4;4;1;100;"ALCANÇOU"
"Sul";"PR";410140;"Apucarana";0;4;0;0;"NÃO ALCANÇOU"
"Sul";"PR";410150;"Arapongas";1;4;0,25;25;"NÃO ALCANÇOU"
"Sul";"PR";410160;"Arapoti";0;4;0;0;"NÃO ALCANÇOU"
"Sul";"PR";410165;"Arapuã";4;4;1;100;"ALCANÇOU"
"Sul";"PR";410170;"Araruna";2;4;0,5;50;"NÃO ALCANÇOU"
"Sul";"PR";410180;"Araucária";4;4;1;100;"ALCANÇOU"
"Sul";"PR";410185;"Ariranha do Ivaí";0;4;0;0;"NÃO ALCANÇOU"
"Sul";"PR";410190;"Assaí";4;4;1;100;"ALCANÇOU"
"Sul";"PR";410200;"Assis Chateaubriand";1;4;0,25;25;"NÃO ALCANÇOU"
"Sul";"PR";410210;"Astorga";2;4;0,5;50;"NÃO ALCANÇOU"
"Sul";"PR";410220;"Atalaia";4;4;1;100;"ALCANÇOU"
"Sul";"PR";410230;"Balsa Nova";4;4;1;100;"ALCANÇOU"
"Sul";"PR";410240;"Bandeirantes";2;4;0,5;50;"NÃO ALCANÇOU"
"Sul";"PR";410250;"Barbosa Ferraz";0;4;0;0;"NÃO ALCANÇOU"
"Sul";"PR";410260;"Barracão";2;4;0,5;50;"NÃO ALCANÇOU"
"Sul";"PR";410270;"Barra do Jacaré";3;4;0,75;75;"NÃO ALCANÇOU"
"Sul";"PR";410275;"Bela Vista da Caroba";4;4;1;100;"ALCANÇOU"
"Sul";"PR";410280;"Bela Vista do Paraíso";3;4;0,75;75;"NÃO ALCANÇOU"
"Sul";"PR";410290;"Bituruna";2;4;0,5;50;"NÃO ALCANÇOU"
"Sul";"PR";410300;"Boa Esperança";4;4;1;100;"ALCANÇOU"
"Sul";"PR";410302;"Boa Esperança do Iguaçu";2;4;0,5;50;"NÃO ALCANÇOU"
"Sul";"PR";410304;"Boa Ventura de São Roque";4;4;1;100;"ALCANÇOU"
"Sul";"PR";410305;"Boa Vista da Aparecida";4;4;1;100;"ALCANÇOU"
"Sul";"PR";410310;"Bocaiúva do Sul";4;4;1;100;"ALCANÇOU"
"Sul";"PR";410315;"Bom Jesus do Sul";4;4;1;100;"ALCANÇOU"
"Sul";"PR";410320;"Bom Sucesso";4;4;1;100;"ALCANÇOU"
"Sul";"PR";410322;"Bom Sucesso do Sul";1;4;0,25;25;"NÃO ALCANÇOU"
"Sul";"PR";410330;"Borrazópolis";4;4;1;100;"ALCANÇOU"
"Sul";"PR";410335;"Braganey";2;4;0,5;50;"NÃO ALCANÇOU"
"Sul";"PR";410337;"Brasilândia do Sul";4;4;1;100;"ALCANÇOU"
"Sul";"PR";410340;"Cafeara";4;4;1;100;"ALCANÇOU"
"Sul";"PR";410345;"Cafelândia";2;4;0,5;50;"NÃO ALCANÇOU"
"Sul";"PR";410347;"Cafezal do Sul";1;4;0,25;25;"NÃO ALCANÇOU"
"Sul";"PR";410350;"Califórnia";0;4;0;0;"NÃO ALCANÇOU"
"Sul";"PR";410360;"Cambará";3;4;0,75;75;"NÃO ALCANÇOU"
"Sul";"PR";410370;"Cambé";2;4;0,5;50;"NÃO ALCANÇOU"
"Sul";"PR";410380;"Cambira";0;4;0;0;"NÃO ALCANÇOU"
"Sul";"PR";410390;"Campina da Lagoa";2;4;0,5;50;"NÃO ALCANÇOU"
"Sul";"PR";410395;"Campina do Simão";0;4;0;0;"NÃO ALCANÇOU"
"Sul";"PR";410400;"Campina Grande do Sul";3;4;0,75;75;"NÃO ALCANÇOU"
"Sul";"PR";410405;"Campo Bonito";4;4;1;100;"ALCANÇOU"
"Sul";"PR";410410;"Campo do Tenente";4;4;1;100;"ALCANÇOU"
"Sul";"PR";410420;"Campo Largo";4;4;1;100;"ALCANÇOU"
"Sul";"PR";410425;"Campo Magro";2;4;0,5;50;"NÃO ALCANÇOU"
"Sul";"PR";410430;"Campo Mourão";4;4;1;100;"ALCANÇOU"
"Sul";"PR";410440;"Cândido de Abreu";2;4;0,5;50;"NÃO ALCANÇOU"
"Sul";"PR";410442;"Candói";1;4;0,25;25;"NÃO ALCANÇOU"
"Sul";"PR";410445;"Cantagalo";3;4;0,75;75;"NÃO ALCANÇOU"
"Sul";"PR";410450;"Capanema";3;4;0,75;75;"NÃO ALCANÇOU"
"Sul";"PR";410460;"Capitão Leônidas Marques";1;4;0,25;25;"NÃO ALCANÇOU"
"Sul";"PR";410465;"Carambeí";4;4;1;100;"ALCANÇOU"
"Sul";"PR";410470;"Carlópolis";1;4;0,25;25;"NÃO ALCANÇOU"
"Sul";"PR";410480;"Cascavel";4;4;1;100;"ALCANÇOU"
"Sul";"PR";410490;"Castro";0;4;0;0;"NÃO ALCANÇOU"
"Sul";"PR";410500;"Catanduvas";2;4;0,5;50;"NÃO ALCANÇOU"
"Sul";"PR";410510;"Centenário do Sul";2;4;0,5;50;"NÃO ALCANÇOU"
"Sul";"PR";410520;"Cerro Azul";4;4;1;100;"ALCANÇOU"
"Sul";"PR";410530;"Céu Azul";4;4;1;100;"ALCANÇOU"
"Sul";"PR";410540;"Chopinzinho";4;4;1;100;"ALCANÇOU"
"Sul";"PR";410550;"Cianorte";4;4;1;100;"ALCANÇOU"
"Sul";"PR";410560;"Cidade Gaúcha";3;4;0,75;75;"NÃO ALCANÇOU"
"Sul";"PR";410570;"Clevelândia";0;4;0;0;"NÃO ALCANÇOU"
"Sul";"PR";410580;"Colombo";3;4;0,75;75;"NÃO ALCANÇOU"
"Sul";"PR";410590;"Colorado";0;4;0;0;"NÃO ALCANÇOU"
"Sul";"PR";410600;"Congonhinhas";2;4;0,5;50;"NÃO ALCANÇOU"
"Sul";"PR";410610;"Conselheiro Mairinck";0;4;0;0;"NÃO ALCANÇOU"
"Sul";"PR";410620;"Contenda";0;4;0;0;"NÃO ALCANÇOU"
"Sul";"PR";410630;"Corbélia";0;4;0;0;"NÃO ALCANÇOU"
"Sul";"PR";410640;"Cornélio Procópio";4;4;1;100;"ALCANÇOU"
"Sul";"PR";410645;"Coronel Domingos Soares";2;4;0,5;50;"NÃO ALCANÇOU"
"Sul";"PR";410650;"Coronel Vivida";4;4;1;100;"ALCANÇOU"
"Sul";"PR";410655;"Corumbataí do Sul";4;4;1;100;"ALCANÇOU"
"Sul";"PR";410657;"Cruzeiro do Iguaçu";4;4;1;100;"ALCANÇOU"
"Sul";"PR";410660;"Cruzeiro do Oeste";4;4;1;100;"ALCANÇOU"
"Sul";"PR";410670;"Cruzeiro do Sul";3;4;0,75;75;"NÃO ALCANÇOU"
"Sul";"PR";410680;"Cruz Machado";4;4;1;100;"ALCANÇOU"
"Sul";"PR";410685;"Cruzmaltina";4;4;1;100;"ALCANÇOU"
"Sul";"PR";410690;"Curitiba";0;4;0;0;"NÃO ALCANÇOU"
"Sul";"PR";410700;"Curiúva";3;4;0,75;75;"NÃO ALCANÇOU"
"Sul";"PR";410710;"Diamante do Norte";3;4;0,75;75;"NÃO ALCANÇOU"
"Sul";"PR";410712;"Diamante do Sul";4;4;1;100;"ALCANÇOU"
"Sul";"PR";410715;"Diamante D'Oeste";4;4;1;100;"ALCANÇOU"
"Sul";"PR";410720;"Dois Vizinhos";4;4;1;100;"ALCANÇOU"
"Sul";"PR";410725;"Douradina";4;4;1;100;"ALCANÇOU"
"Sul";"PR";410730;"Doutor Camargo";4;4;1;100;"ALCANÇOU"
"Sul";"PR";410740;"Enéas Marques";2;4;0,5;50;"NÃO ALCANÇOU"
"Sul";"PR";410750;"Engenheiro Beltrão";1;4;0,25;25;"NÃO ALCANÇOU"
"Sul";"PR";410752;"Esperança Nova";4;4;1;100;"ALCANÇOU"
"Sul";"PR";410753;"Entre Rios do Oeste";3;4;0,75;75;"NÃO ALCANÇOU"
"Sul";"PR";410754;"Espigão Alto do Iguaçu";4;4;1;100;"ALCANÇOU"
"Sul";"PR";410755;"Farol";3;4;0,75;75;"NÃO ALCANÇOU"
"Sul";"PR";410760;"Faxinal";2;4;0,5;50;"NÃO ALCANÇOU"
"Sul";"PR";410765;"Fazenda Rio Grande";1;4;0,25;25;"NÃO ALCANÇOU"
"Sul";"PR";410770;"Fênix";1;4;0,25;25;"NÃO ALCANÇOU"
"Sul";"PR";410773;"Fernandes Pinheiro";4;4;1;100;"ALCANÇOU"
"Sul";"PR";410775;"Figueira";0;4;0;0;"NÃO ALCANÇOU"
"Sul";"PR";410780;"Floraí";2;4;0,5;50;"NÃO ALCANÇOU"
"Sul";"PR";410785;"Flor da Serra do Sul";1;4;0,25;25;"NÃO ALCANÇOU"
"Sul";"PR";410790;"Floresta";4;4;1;100;"ALCANÇOU"
"Sul";"PR";410800;"Florestópolis";2;4;0,5;50;"NÃO ALCANÇOU"
"Sul";"PR";410810;"Flórida";3;4;0,75;75;"NÃO ALCANÇOU"
"Sul";"PR";410820;"Formosa do Oeste";0;4;0;0;"NÃO ALCANÇOU"
"Sul";"PR";410830;"Foz do Iguaçu";0;4;0;0;"NÃO ALCANÇOU"
"Sul";"PR";410832;"Francisco Alves";3;4;0,75;75;"NÃO ALCANÇOU"
"Sul";"PR";410840;"Francisco Beltrão";1;4;0,25;25;"NÃO ALCANÇOU"
"Sul";"PR";410845;"Foz do Jordão";0;4;0;0;"NÃO ALCANÇOU"
"Sul";"PR";410850;"General Carneiro";0;4;0;0;"NÃO ALCANÇOU"
"Sul";"PR";410855;"Godoy Moreira";4;4;1;100;"ALCANÇOU"
"Sul";"PR";410860;"Goioerê";2;4;0,5;50;"NÃO ALCANÇOU"
"Sul";"PR";410865;"Goioxim";4;4;1;100;"ALCANÇOU"
"Sul";"PR";410870;"Grandes Rios";4;4;1;100;"ALCANÇOU"
"Sul";"PR";410880;"Guaíra";4;4;1;100;"ALCANÇOU"
"Sul";"PR";410890;"Guairaçá";4;4;1;100;"ALCANÇOU"
"Sul";"PR";410895;"Guamiranga";4;4;1;100;"ALCANÇOU"
"Sul";"PR";410900;"Guapirama";4;4;1;100;"ALCANÇOU"
"Sul";"PR";410910;"Guaporema";1;4;0,25;25;"NÃO ALCANÇOU"
"Sul";"PR";410920;"Guaraci";4;4;1;100;"ALCANÇOU"
"Sul";"PR";410930;"Guaraniaçu";4;4;1;100;"ALCANÇOU"
"Sul";"PR";410940;"Guarapuava";2;4;0,5;50;"NÃO ALCANÇOU"
"Sul";"PR";410950;"Guaraqueçaba";1;4;0,25;25;"NÃO ALCANÇOU"
"Sul";"PR";410960;"Guaratuba";1;4;0,25;25;"NÃO ALCANÇOU"
"Sul";"PR";410965;"Honório Serpa";2;4;0,5;50;"NÃO ALCANÇOU"
"Sul";"PR";410970;"Ibaiti";4;4;1;100;"ALCANÇOU"
"Sul";"PR";410975;"Ibema";0;4;0;0;"NÃO ALCANÇOU"
"Sul";"PR";410980;"Ibiporã";4;4;1;100;"ALCANÇOU"
"Sul";"PR";410990;"Icaraíma";0;4;0;0;"NÃO ALCANÇOU"
"Sul";"PR";411000;"Iguaraçu";0;4;0;0;"NÃO ALCANÇOU"
"Sul";"PR";411005;"Iguatu";4;4;1;100;"ALCANÇOU"
"Sul";"PR";411007;"Imbaú";3;4;0,75;75;"NÃO ALCANÇOU"
"Sul";"PR";411010;"Imbituva";4;4;1;100;"ALCANÇOU"
"Sul";"PR";411020;"Inácio Martins";4;4;1;100;"ALCANÇOU"
"Sul";"PR";411030;"Inajá";1;4;0,25;25;"NÃO ALCANÇOU"
"Sul";"PR";411040;"Indianópolis";4;4;1;100;"ALCANÇOU"
"Sul";"PR";411050;"Ipiranga";4;4;1;100;"ALCANÇOU"
"Sul";"PR";411060;"Iporã";4;4;1;100;"ALCANÇOU"
"Sul";"PR";411065;"Iracema do Oeste";4;4;1;100;"ALCANÇOU"
"Sul";"PR";411070;"Irati";4;4;1;100;"ALCANÇOU"
"Sul";"PR";411080;"Iretama";4;4;1;100;"ALCANÇOU"
"Sul";"PR";411090;"Itaguajé";1;4;0,25;25;"NÃO ALCANÇOU"
"Sul";"PR";411095;"Itaipulândia";4;4;1;100;"ALCANÇOU"
"Sul";"PR";411100;"Itambaracá";4;4;1;100;"ALCANÇOU"
"Sul";"PR";411110;"Itambé";4;4;1;100;"ALCANÇOU"
"Sul";"PR";411120;"Itapejara d'Oeste";4;4;1;100;"ALCANÇOU"
"Sul";"PR";411125;"Itaperuçu";1;4;0,25;25;"NÃO ALCANÇOU"
"Sul";"PR";411130;"Itaúna do Sul";4;4;1;100;"ALCANÇOU"
"Sul";"PR";411140;"Ivaí";4;4;1;100;"ALCANÇOU"
"Sul";"PR";411150;"Ivaiporã";4;4;1;100;"ALCANÇOU"
"Sul";"PR";411155;"Ivaté";3;4;0,75;75;"NÃO ALCANÇOU"
"Sul";"PR";411160;"Ivatuba";0;4;0;0;"NÃO ALCANÇOU"
"Sul";"PR";411170;"Jaboti";4;4;1;100;"ALCANÇOU"
"Sul";"PR";411180;"Jacarezinho";4;4;1;100;"ALCANÇOU"
"Sul";"PR";411190;"Jaguapitã";0;4;0;0;"NÃO ALCANÇOU"
"Sul";"PR";411200;"Jaguariaíva";1;4;0,25;25;"NÃO ALCANÇOU"
"Sul";"PR";411210;"Jandaia do Sul";4;4;1;100;"ALCANÇOU"
"Sul";"PR";411220;"Janiópolis";1;4;0,25;25;"NÃO ALCANÇOU"
"Sul";"PR";411230;"Japira";2;4;0,5;50;"NÃO ALCANÇOU"
"Sul";"PR";411240;"Japurá";3;4;0,75;75;"NÃO ALCANÇOU"
"Sul";"PR";411250;"Jardim Alegre";4;4;1;100;"ALCANÇOU"
"Sul";"PR";411260;"Jardim Olinda";3;4;0,75;75;"NÃO ALCANÇOU"
"Sul";"PR";411270;"Jataizinho";1;4;0,25;25;"NÃO ALCANÇOU"
"Sul";"PR";411275;"Jesuítas";4;4;1;100;"ALCANÇOU"
"Sul";"PR";411280;"Joaquim Távora";4;4;1;100;"ALCANÇOU"
"Sul";"PR";411290;"Jundiaí do Sul";4;4;1;100;"ALCANÇOU"
"Sul";"PR";411295;"Juranda";2;4;0,5;50;"NÃO ALCANÇOU"
"Sul";"PR";411300;"Jussara";4;4;1;100;"ALCANÇOU"
"Sul";"PR";411310;"Kaloré";3;4;0,75;75;"NÃO ALCANÇOU"
"Sul";"PR";411320;"Lapa";0;4;0;0;"NÃO ALCANÇOU"
"Sul";"PR";411325;"Laranjal";4;4;1;100;"ALCANÇOU"
"Sul";"PR";411330;"Laranjeiras do Sul";4;4;1;100;"ALCANÇOU"
"Sul";"PR";411340;"Leópolis";2;4;0,5;50;"NÃO ALCANÇOU"
"Sul";"PR";411342;"Lidianópolis";4;4;1;100;"ALCANÇOU"
"Sul";"PR";411345;"Lindoeste";4;4;1;100;"ALCANÇOU"
"Sul";"PR";411350;"Loanda";4;4;1;100;"ALCANÇOU"
"Sul";"PR";411360;"Lobato";4;4;1;100;"ALCANÇOU"
"Sul";"PR";411370;"Londrina";1;4;0,25;25;"NÃO ALCANÇOU"
"Sul";"PR";411373;"Luiziana";1;4;0,25;25;"NÃO ALCANÇOU"
"Sul";"PR";411375;"Lunardelli";4;4;1;100;"ALCANÇOU"
"Sul";"PR";411380;"Lupionópolis";1;4;0,25;25;"NÃO ALCANÇOU"
"Sul";"PR";411390;"Mallet";4;4;1;100;"ALCANÇOU"
"Sul";"PR";411400;"Mamborê";3;4;0,75;75;"NÃO ALCANÇOU"
"Sul";"PR";411410;"Mandaguaçu";3;4;0,75;75;"NÃO ALCANÇOU"
"Sul";"PR";411420;"Mandaguari";4;4;1;100;"ALCANÇOU"
"Sul";"PR";411430;"Mandirituba";0;4;0;0;"NÃO ALCANÇOU"
"Sul";"PR";411435;"Manfrinópolis";4;4;1;100;"ALCANÇOU"
"Sul";"PR";411440;"Mangueirinha";4;4;1;100;"ALCANÇOU"
"Sul";"PR";411450;"Manoel Ribas";3;4;0,75;75;"NÃO ALCANÇOU"
"Sul";"PR";411460;"Marechal Cândido Rondon";4;4;1;100;"ALCANÇOU"
"Sul";"PR";411470;"Maria Helena";4;4;1;100;"ALCANÇOU"
"Sul";"PR";411480;"Marialva";3;4;0,75;75;"NÃO ALCANÇOU"
"Sul";"PR";411490;"Marilândia do Sul";4;4;1;100;"ALCANÇOU"
"Sul";"PR";411500;"Marilena";4;4;1;100;"ALCANÇOU"
"Sul";"PR";411510;"Mariluz";4;4;1;100;"ALCANÇOU"
"Sul";"PR";411520;"Maringá";4;4;1;100;"ALCANÇOU"
"Sul";"PR";411530;"Mariópolis";4;4;1;100;"ALCANÇOU"
"Sul";"PR";411535;"Maripá";0;4;0;0;"NÃO ALCANÇOU"
"Sul";"PR";411540;"Marmeleiro";4;4;1;100;"ALCANÇOU"
"Sul";"PR";411545;"Marquinho";2;4;0,5;50;"NÃO ALCANÇOU"
"Sul";"PR";411550;"Marumbi";4;4;1;100;"ALCANÇOU"
"Sul";"PR";411560;"Matelândia";4;4;1;100;"ALCANÇOU"
"Sul";"PR";411570;"Matinhos";2;4;0,5;50;"NÃO ALCANÇOU"
"Sul";"PR";411573;"Mato Rico";3;4;0,75;75;"NÃO ALCANÇOU"
"Sul";"PR";411575;"Mauá da Serra";4;4;1;100;"ALCANÇOU"
"Sul";"PR";411580;"Medianeira";4;4;1;100;"ALCANÇOU"
"Sul";"PR";411585;"Mercedes";4;4;1;100;"ALCANÇOU"
"Sul";"PR";411590;"Mirador";3;4;0,75;75;"NÃO ALCANÇOU"
"Sul";"PR";411600;"Miraselva";4;4;1;100;"ALCANÇOU"
"Sul";"PR";411605;"Missal";4;4;1;100;"ALCANÇOU"
"Sul";"PR";411610;"Moreira Sales";2;4;0,5;50;"NÃO ALCANÇOU"
"Sul";"PR";411620;"Morretes";1;4;0,25;25;"NÃO ALCANÇOU"
"Sul";"PR";411630;"Munhoz de Melo";1;4;0,25;25;"NÃO ALCANÇOU"
"Sul";"PR";411640;"Nossa Senhora das Graças";0;4;0;0;"NÃO ALCANÇOU"
"Sul";"PR";411650;"Nova Aliança do Ivaí";0;4;0;0;"NÃO ALCANÇOU"
"Sul";"PR";411660;"Nova América da Colina";1;4;0,25;25;"NÃO ALCANÇOU"
"Sul";"PR";411670;"Nova Aurora";2;4;0,5;50;"NÃO ALCANÇOU"
"Sul";"PR";411680;"Nova Cantu";3;4;0,75;75;"NÃO ALCANÇOU"
"Sul";"PR";411690;"Nova Esperança";4;4;1;100;"ALCANÇOU"
"Sul";"PR";411695;"Nova Esperança do Sudoeste";1;4;0,25;25;"NÃO ALCANÇOU"
"Sul";"PR";411700;"Nova Fátima";1;4;0,25;25;"NÃO ALCANÇOU"
"Sul";"PR";411705;"Nova Laranjeiras";4;4;1;100;"ALCANÇOU"
"Sul";"PR";411710;"Nova Londrina";3;4;0,75;75;"NÃO ALCANÇOU"
"Sul";"PR";411720;"Nova Olímpia";4;4;1;100;"ALCANÇOU"
"Sul";"PR";411721;"Nova Santa Bárbara";3;4;0,75;75;"NÃO ALCANÇOU"
"Sul";"PR";411722;"Nova Santa Rosa";1;4;0,25;25;"NÃO ALCANÇOU"
"Sul";"PR";411725;"Nova Prata do Iguaçu";4;4;1;100;"ALCANÇOU"
"Sul";"PR";411727;"Nova Tebas";4;4;1;100;"ALCANÇOU"
"Sul";"PR";411729;"Novo Itacolomi";4;4;1;100;"ALCANÇOU"
"Sul";"PR";411730;"Ortigueira";1;4;0,25;25;"NÃO ALCANÇOU"
"Sul";"PR";411740;"Ourizona";2;4;0,5;50;"NÃO ALCANÇOU"
"Sul";"PR";411745;"Ouro Verde do Oeste";4;4;1;100;"ALCANÇOU"
"Sul";"PR";411750;"Paiçandu";3;4;0,75;75;"NÃO ALCANÇOU"
"Sul";"PR";411760;"Palmas";0;4;0;0;"NÃO ALCANÇOU"
"Sul";"PR";411770;"Palmeira";4;4;1;100;"ALCANÇOU"
"Sul";"PR";411780;"Palmital";4;4;1;100;"ALCANÇOU"
"Sul";"PR";411790;"Palotina";1;4;0,25;25;"NÃO ALCANÇOU"
"Sul";"PR";411800;"Paraíso do Norte";4;4;1;100;"ALCANÇOU"
"Sul";"PR";411810;"Paranacity";3;4;0,75;75;"NÃO ALCANÇOU"
"Sul";"PR";411820;"Paranaguá";2;4;0,5;50;"NÃO ALCANÇOU"
"Sul";"PR";411830;"Paranapoema";1;4;0,25;25;"NÃO ALCANÇOU"
"Sul";"PR";411840;"Paranavaí";2;4;0,5;50;"NÃO ALCANÇOU"
"Sul";"PR";411845;"Pato Bragado";3;4;0,75;75;"NÃO ALCANÇOU"
"Sul";"PR";411850;"Pato Branco";4;4;1;100;"ALCANÇOU"
"Sul";"PR";411860;"Paula Freitas";1;4;0,25;25;"NÃO ALCANÇOU"
"Sul";"PR";411870;"Paulo Frontin";1;4;0,25;25;"NÃO ALCANÇOU"
"Sul";"PR";411880;"Peabiru";4;4;1;100;"ALCANÇOU"
"Sul";"PR";411885;"Perobal";1;4;0,25;25;"NÃO ALCANÇOU"
"Sul";"PR";411890;"Pérola";1;4;0,25;25;"NÃO ALCANÇOU"
"Sul";"PR";411900;"Pérola d'Oeste";0;4;0;0;"NÃO ALCANÇOU"
"Sul";"PR";411910;"Piên";4;4;1;100;"ALCANÇOU"
"Sul";"PR";411915;"Pinhais";0;4;0;0;"NÃO ALCANÇOU"
"Sul";"PR";411920;"Pinhalão";4;4;1;100;"ALCANÇOU"
"Sul";"PR";411925;"Pinhal de São Bento";4;4;1;100;"ALCANÇOU"
"Sul";"PR";411930;"Pinhão";1;4;0,25;25;"NÃO ALCANÇOU"
"Sul";"PR";411940;"Piraí do Sul";1;4;0,25;25;"NÃO ALCANÇOU"
"Sul";"PR";411950;"Piraquara";1;4;0,25;25;"NÃO ALCANÇOU"
"Sul";"PR";411960;"Pitanga";4;4;1;100;"ALCANÇOU"
"Sul";"PR";411965;"Pitangueiras";4;4;1;100;"ALCANÇOU"
"Sul";"PR";411970;"Planaltina do Paraná";4;4;1;100;"ALCANÇOU"
"Sul";"PR";411980;"Planalto";4;4;1;100;"ALCANÇOU"
"Sul";"PR";411990;"Ponta Grossa";2;4;0,5;50;"NÃO ALCANÇOU"
"Sul";"PR";411995;"Pontal do Paraná";2;4;0,5;50;"NÃO ALCANÇOU"
"Sul";"PR";412000;"Porecatu";1;4;0,25;25;"NÃO ALCANÇOU"
"Sul";"PR";412010;"Porto Amazonas";2;4;0,5;50;"NÃO ALCANÇOU"
"Sul";"PR";412015;"Porto Barreiro";0;4;0;0;"NÃO ALCANÇOU"
"Sul";"PR";412020;"Porto Rico";1;4;0,25;25;"NÃO ALCANÇOU"
"Sul";"PR";412030;"Porto Vitória";1;4;0,25;25;"NÃO ALCANÇOU"
"Sul";"PR";412033;"Prado Ferreira";1;4;0,25;25;"NÃO ALCANÇOU"
"Sul";"PR";412035;"Pranchita";4;4;1;100;"ALCANÇOU"
"Sul";"PR";412040;"Presidente Castelo Branco";0;4;0;0;"NÃO ALCANÇOU"
"Sul";"PR";412050;"Primeiro de Maio";0;4;0;0;"NÃO ALCANÇOU"
"Sul";"PR";412060;"Prudentópolis";4;4;1;100;"ALCANÇOU"
"Sul";"PR";412065;"Quarto Centenário";4;4;1;100;"ALCANÇOU"
"Sul";"PR";412070;"Quatiguá";1;4;0,25;25;"NÃO ALCANÇOU"
"Sul";"PR";412080;"Quatro Barras";4;4;1;100;"ALCANÇOU"
"Sul";"PR";412085;"Quatro Pontes";4;4;1;100;"ALCANÇOU"
"Sul";"PR";412090;"Quedas do Iguaçu";4;4;1;100;"ALCANÇOU"
"Sul";"PR";412100;"Querência do Norte";4;4;1;100;"ALCANÇOU"
"Sul";"PR";412110;"Quinta do Sol";4;4;1;100;"ALCANÇOU"
"Sul";"PR";412120;"Quitandinha";2;4;0,5;50;"NÃO ALCANÇOU"
"Sul";"PR";412125;"Ramilândia";3;4;0,75;75;"NÃO ALCANÇOU"
"Sul";"PR";412130;"Rancho Alegre";3;4;0,75;75;"NÃO ALCANÇOU"
"Sul";"PR";412135;"Rancho Alegre D'Oeste";0;4;0;0;"NÃO ALCANÇOU"
"Sul";"PR";412140;"Realeza";4;4;1;100;"ALCANÇOU"
"Sul";"PR";412150;"Rebouças";4;4;1;100;"ALCANÇOU"
"Sul";"PR";412160;"Renascença";4;4;1;100;"ALCANÇOU"
"Sul";"PR";412170;"Reserva";4;4;1;100;"ALCANÇOU"
"Sul";"PR";412175;"Reserva do Iguaçu";2;4;0,5;50;"NÃO ALCANÇOU"
"Sul";"PR";412180;"Ribeirão Claro";4;4;1;100;"ALCANÇOU"
"Sul";"PR";412190;"Ribeirão do Pinhal";4;4;1;100;"ALCANÇOU"
"Sul";"PR";412200;"Rio Azul";3;4;0,75;75;"NÃO ALCANÇOU"
"Sul";"PR";412210;"Rio Bom";3;4;0,75;75;"NÃO ALCANÇOU"
"Sul";"PR";412215;"Rio Bonito do Iguaçu";2;4;0,5;50;"NÃO ALCANÇOU"
"Sul";"PR";412217;"Rio Branco do Ivaí";4;4;1;100;"ALCANÇOU"
"Sul";"PR";412220;"Rio Branco do Sul";0;4;0;0;"NÃO ALCANÇOU"
"Sul";"PR";412230;"Rio Negro";4;4;1;100;"ALCANÇOU"
"Sul";"PR";412240;"Rolândia";2;4;0,5;50;"NÃO ALCANÇOU"
"Sul";"PR";412250;"Roncador";0;4;0;0;"NÃO ALCANÇOU"
"Sul";"PR";412260;"Rondon";4;4;1;100;"ALCANÇOU"
"Sul";"PR";412265;"Rosário do Ivaí";3;4;0,75;75;"NÃO ALCANÇOU"
"Sul";"PR";412270;"Sabáudia";1;4;0,25;25;"NÃO ALCANÇOU"
"Sul";"PR";412280;"Salgado Filho";4;4;1;100;"ALCANÇOU"
"Sul";"PR";412290;"Salto do Itararé";0;4;0;0;"NÃO ALCANÇOU"
"Sul";"PR";412300;"Salto do Lontra";4;4;1;100;"ALCANÇOU"
"Sul";"PR";412310;"Santa Amélia";4;4;1;100;"ALCANÇOU"
"Sul";"PR";412320;"Santa Cecília do Pavão";3;4;0,75;75;"NÃO ALCANÇOU"
"Sul";"PR";412330;"Santa Cruz de Monte Castelo";0;4;0;0;"NÃO ALCANÇOU"
"Sul";"PR";412340;"Santa Fé";3;4;0,75;75;"NÃO ALCANÇOU"
"Sul";"PR";412350;"Santa Helena";4;4;1;100;"ALCANÇOU"
"Sul";"PR";412360;"Santa Inês";4;4;1;100;"ALCANÇOU"
"Sul";"PR";412370;"Santa Isabel do Ivaí";2;4;0,5;50;"NÃO ALCANÇOU"
"Sul";"PR";412380;"Santa Izabel do Oeste";4;4;1;100;"ALCANÇOU"
"Sul";"PR";412382;"Santa Lúcia";4;4;1;100;"ALCANÇOU"
"Sul";"PR";412385;"Santa Maria do Oeste";1;4;0,25;25;"NÃO ALCANÇOU"
"Sul";"PR";412390;"Santa Mariana";1;4;0,25;25;"NÃO ALCANÇOU"
"Sul";"PR";412395;"Santa Mônica";0;4;0;0;"NÃO ALCANÇOU"
"Sul";"PR";412400;"Santana do Itararé";4;4;1;100;"ALCANÇOU"
"Sul";"PR";412402;"Santa Tereza do Oeste";4;4;1;100;"ALCANÇOU"
"Sul";"PR";412405;"Santa Terezinha de Itaipu";4;4;1;100;"ALCANÇOU"
"Sul";"PR";412410;"Santo Antônio da Platina";3;4;0,75;75;"NÃO ALCANÇOU"
"Sul";"PR";412420;"Santo Antônio do Caiuá";2;4;0,5;50;"NÃO ALCANÇOU"
"Sul";"PR";412430;"Santo Antônio do Paraíso";4;4;1;100;"ALCANÇOU"
"Sul";"PR";412440;"Santo Antônio do Sudoeste";4;4;1;100;"ALCANÇOU"
"Sul";"PR";412450;"Santo Inácio";2;4;0,5;50;"NÃO ALCANÇOU"
"Sul";"PR";412460;"São Carlos do Ivaí";1;4;0,25;25;"NÃO ALCANÇOU"
"Sul";"PR";412470;"São Jerônimo da Serra";2;4;0,5;50;"NÃO ALCANÇOU"
"Sul";"PR";412480;"São João";4;4;1;100;"ALCANÇOU"
"Sul";"PR";412490;"São João do Caiuá";4;4;1;100;"ALCANÇOU"
"Sul";"PR";412500;"São João do Ivaí";3;4;0,75;75;"NÃO ALCANÇOU"
"Sul";"PR";412510;"São João do Triunfo";4;4;1;100;"ALCANÇOU"
"Sul";"PR";412520;"São Jorge d'Oeste";1;4;0,25;25;"NÃO ALCANÇOU"
"Sul";"PR";412530;"São Jorge do Ivaí";4;4;1;100;"ALCANÇOU"
"Sul";"PR";412535;"São Jorge do Patrocínio";3;4;0,75;75;"NÃO ALCANÇOU"
"Sul";"PR";412540;"São José da Boa Vista";4;4;1;100;"ALCANÇOU"
"Sul";"PR";412545;"São José das Palmeiras";3;4;0,75;75;"NÃO ALCANÇOU"
"Sul";"PR";412550;"São José dos Pinhais";1;4;0,25;25;"NÃO ALCANÇOU"
"Sul";"PR";412555;"São Manoel do Paraná";4;4;1;100;"ALCANÇOU"
"Sul";"PR";412560;"São Mateus do Sul";1;4;0,25;25;"NÃO ALCANÇOU"
"Sul";"PR";412570;"São Miguel do Iguaçu";4;4;1;100;"ALCANÇOU"
"Sul";"PR";412575;"São Pedro do Iguaçu";0;4;0;0;"NÃO ALCANÇOU"
"Sul";"PR";412580;"São Pedro do Ivaí";0;4;0;0;"NÃO ALCANÇOU"
"Sul";"PR";412590;"São Pedro do Paraná";3;4;0,75;75;"NÃO ALCANÇOU"
"Sul";"PR";412600;"São Sebastião da Amoreira";4;4;1;100;"ALCANÇOU"
"Sul";"PR";412610;"São Tomé";4;4;1;100;"ALCANÇOU"
"Sul";"PR";412620;"Sapopema";3;4;0,75;75;"NÃO ALCANÇOU"
"Sul";"PR";412625;"Sarandi";2;4;0,5;50;"NÃO ALCANÇOU"
"Sul";"PR";412627;"Saudade do Iguaçu";4;4;1;100;"ALCANÇOU"
"Sul";"PR";412630;"Sengés";4;4;1;100;"ALCANÇOU"
"Sul";"PR";412635;"Serranópolis do Iguaçu";1;4;0,25;25;"NÃO ALCANÇOU"
"Sul";"PR";412640;"Sertaneja";1;4;0,25;25;"NÃO ALCANÇOU"
"Sul";"PR";412650;"Sertanópolis";4;4;1;100;"ALCANÇOU"
"Sul";"PR";412660;"Siqueira Campos";0;4;0;0;"NÃO ALCANÇOU"
"Sul";"PR";412665;"Sulina";4;4;1;100;"ALCANÇOU"
"Sul";"PR";412667;"Tamarana";0;4;0;0;"NÃO ALCANÇOU"
"Sul";"PR";412670;"Tamboara";1;4;0,25;25;"NÃO ALCANÇOU"
"Sul";"PR";412680;"Tapejara";4;4;1;100;"ALCANÇOU"
"Sul";"PR";412690;"Tapira";2;4;0,5;50;"NÃO ALCANÇOU"
"Sul";"PR";412700;"Teixeira Soares";3;4;0,75;75;"NÃO ALCANÇOU"
"Sul";"PR";412710;"Telêmaco Borba";1;4;0,25;25;"NÃO ALCANÇOU"
"Sul";"PR";412720;"Terra Boa";4;4;1;100;"ALCANÇOU"
"Sul";"PR";412730;"Terra Rica";4;4;1;100;"ALCANÇOU"
"Sul";"PR";412740;"Terra Roxa";4;4;1;100;"ALCANÇOU"
"Sul";"PR";412750;"Tibagi";2;4;0,5;50;"NÃO ALCANÇOU"
"Sul";"PR";412760;"Tijucas do Sul";4;4;1;100;"ALCANÇOU"
"Sul";"PR";412770;"Toledo";4;4;1;100;"ALCANÇOU"
"Sul";"PR";412780;"Tomazina";3;4;0,75;75;"NÃO ALCANÇOU"
"Sul";"PR";412785;"Três Barras do Paraná";4;4;1;100;"ALCANÇOU"
"Sul";"PR";412788;"Tunas do Paraná";0;4;0;0;"NÃO ALCANÇOU"
"Sul";"PR";412790;"Tuneiras do Oeste";4;4;1;100;"ALCANÇOU"
"Sul";"PR";412795;"Tupãssi";0;4;0;0;"NÃO ALCANÇOU"
"Sul";"PR";412796;"Turvo";4;4;1;100;"ALCANÇOU"
"Sul";"PR";412800;"Ubiratã";1;4;0,25;25;"NÃO ALCANÇOU"
"Sul";"PR";412810;"Umuarama";2;4;0,5;50;"NÃO ALCANÇOU"
"Sul";"PR";412820;"União da Vitória";4;4;1;100;"ALCANÇOU"
"Sul";"PR";412830;"Uniflor";3;4;0,75;75;"NÃO ALCANÇOU"
"Sul";"PR";412840;"Uraí";1;4;0,25;25;"NÃO ALCANÇOU"
"Sul";"PR";412850;"Wenceslau Braz";2;4;0,5;50;"NÃO ALCANÇOU"
"Sul";"PR";412853;"Ventania";4;4;1;100;"ALCANÇOU"
"Sul";"PR";412855;"Vera Cruz do Oeste";3;4;0,75;75;"NÃO ALCANÇOU"
"Sul";"PR";412860;"Verê";2;4;0,5;50;"NÃO ALCANÇOU"
"Sul";"PR";412862;"Alto Paraíso";4;4;1;100;"ALCANÇOU"
"Sul";"PR";412863;"Doutor Ulysses";4;4;1;100;"ALCANÇOU"
"Sul";"PR";412865;"Virmond";4;4;1;100;"ALCANÇOU"
"Sul";"PR";412870;"Vitorino";4;4;1;100;"ALCANÇOU"
"Sul";"PR";412880;"Xambrê";4;4;1;100;"ALCANÇOU"
"Sul";"SC";420005;"Abdon Batista";4;4;1;100;"ALCANÇOU"
"Sul";"SC";420010;"Abelardo Luz";0;4;0;0;"NÃO ALCANÇOU"
"Sul";"SC";420020;"Agrolândia";4;4;1;100;"ALCANÇOU"
"Sul";"SC";420030;"Agronômica";4;4;1;100;"ALCANÇOU"
"Sul";"SC";420040;"Água Doce";2;4;0,5;50;"NÃO ALCANÇOU"
"Sul";"SC";420050;"Águas de Chapecó";2;4;0,5;50;"NÃO ALCANÇOU"
"Sul";"SC";420055;"Águas Frias";3;4;0,75;75;"NÃO ALCANÇOU"
"Sul";"SC";420060;"Águas Mornas";2;4;0,5;50;"NÃO ALCANÇOU"
"Sul";"SC";420070;"Alfredo Wagner";1;4;0,25;25;"NÃO ALCANÇOU"
"Sul";"SC";420075;"Alto Bela Vista";1;4;0,25;25;"NÃO ALCANÇOU"
"Sul";"SC";420080;"Anchieta";0;4;0;0;"NÃO ALCANÇOU"
"Sul";"SC";420090;"Angelina";4;4;1;100;"ALCANÇOU"
"Sul";"SC";420100;"Anita Garibaldi";3;4;0,75;75;"NÃO ALCANÇOU"
"Sul";"SC";420110;"Anitápolis";3;4;0,75;75;"NÃO ALCANÇOU"
"Sul";"SC";420120;"Antônio Carlos";4;4;1;100;"ALCANÇOU"
"Sul";"SC";420125;"Apiúna";1;4;0,25;25;"NÃO ALCANÇOU"
"Sul";"SC";420127;"Arabutã";1;4;0,25;25;"NÃO ALCANÇOU"
"Sul";"SC";420130;"Araquari";4;4;1;100;"ALCANÇOU"
"Sul";"SC";420140;"Araranguá";1;4;0,25;25;"NÃO ALCANÇOU"
"Sul";"SC";420150;"Armazém";1;4;0,25;25;"NÃO ALCANÇOU"
"Sul";"SC";420160;"Arroio Trinta";4;4;1;100;"ALCANÇOU"
"Sul";"SC";420165;"Arvoredo";3;4;0,75;75;"NÃO ALCANÇOU"
"Sul";"SC";420170;"Ascurra";4;4;1;100;"ALCANÇOU"
"Sul";"SC";420180;"Atalanta";0;4;0;0;"NÃO ALCANÇOU"
"Sul";"SC";420190;"Aurora";4;4;1;100;"ALCANÇOU"
"Sul";"SC";420195;"Balneário Arroio do Silva";0;4;0;0;"NÃO ALCANÇOU"
"Sul";"SC";420200;"Balneário Camboriú";0;4;0;0;"NÃO ALCANÇOU"
"Sul";"SC";420205;"Balneário Barra do Sul";0;4;0;0;"NÃO ALCANÇOU"
"Sul";"SC";420207;"Balneário Gaivota";3;4;0,75;75;"NÃO ALCANÇOU"
"Sul";"SC";420208;"Bandeirante";1;4;0,25;25;"NÃO ALCANÇOU"
"Sul";"SC";420209;"Barra Bonita";2;4;0,5;50;"NÃO ALCANÇOU"
"Sul";"SC";420210;"Barra Velha";0;4;0;0;"NÃO ALCANÇOU"
"Sul";"SC";420213;"Bela Vista do Toldo";4;4;1;100;"ALCANÇOU"
"Sul";"SC";420215;"Belmonte";4;4;1;100;"ALCANÇOU"
"Sul";"SC";420220;"Benedito Novo";4;4;1;100;"ALCANÇOU"
"Sul";"SC";420230;"Biguaçu";0;4;0;0;"NÃO ALCANÇOU"
"Sul";"SC";420240;"Blumenau";2;4;0,5;50;"NÃO ALCANÇOU"
"Sul";"SC";420243;"Bocaina do Sul";4;4;1;100;"ALCANÇOU"
"Sul";"SC";420245;"Bombinhas";4;4;1;100;"ALCANÇOU"
"Sul";"SC";420250;"Bom Jardim da Serra";2;4;0,5;50;"NÃO ALCANÇOU"
"Sul";"SC";420253;"Bom Jesus";2;4;0,5;50;"NÃO ALCANÇOU"
"Sul";"SC";420257;"Bom Jesus do Oeste";4;4;1;100;"ALCANÇOU"
"Sul";"SC";420260;"Bom Retiro";3;4;0,75;75;"NÃO ALCANÇOU"
"Sul";"SC";420270;"Botuverá";4;4;1;100;"ALCANÇOU"
"Sul";"SC";420280;"Braço do Norte";1;4;0,25;25;"NÃO ALCANÇOU"
"Sul";"SC";420285;"Braço do Trombudo";4;4;1;100;"ALCANÇOU"
"Sul";"SC";420287;"Brunópolis";2;4;0,5;50;"NÃO ALCANÇOU"
"Sul";"SC";420290;"Brusque";3;4;0,75;75;"NÃO ALCANÇOU"
"Sul";"SC";420300;"Caçador";1;4;0,25;25;"NÃO ALCANÇOU"
"Sul";"SC";420310;"Caibi";3;4;0,75;75;"NÃO ALCANÇOU"
"Sul";"SC";420315;"Calmon";4;4;1;100;"ALCANÇOU"
"Sul";"SC";420320;"Camboriú";2;4;0,5;50;"NÃO ALCANÇOU"
"Sul";"SC";420325;"Capão Alto";4;4;1;100;"ALCANÇOU"
"Sul";"SC";420330;"Campo Alegre";1;4;0,25;25;"NÃO ALCANÇOU"
"Sul";"SC";420340;"Campo Belo do Sul";2;4;0,5;50;"NÃO ALCANÇOU"
"Sul";"SC";420350;"Campo Erê";0;4;0;0;"NÃO ALCANÇOU"
"Sul";"SC";420360;"Campos Novos";1;4;0,25;25;"NÃO ALCANÇOU"
"Sul";"SC";420370;"Canelinha";2;4;0,5;50;"NÃO ALCANÇOU"
"Sul";"SC";420380;"Canoinhas";1;4;0,25;25;"NÃO ALCANÇOU"
"Sul";"SC";420390;"Capinzal";4;4;1;100;"ALCANÇOU"
"Sul";"SC";420395;"Capivari de Baixo";2;4;0,5;50;"NÃO ALCANÇOU"
"Sul";"SC";420400;"Catanduvas";4;4;1;100;"ALCANÇOU"
"Sul";"SC";420410;"Caxambu do Sul";1;4;0,25;25;"NÃO ALCANÇOU"
"Sul";"SC";420415;"Celso Ramos";4;4;1;100;"ALCANÇOU"
"Sul";"SC";420417;"Cerro Negro";2;4;0,5;50;"NÃO ALCANÇOU"
"Sul";"SC";420419;"Chapadão do Lageado";1;4;0,25;25;"NÃO ALCANÇOU"
"Sul";"SC";420420;"Chapecó";4;4;1;100;"ALCANÇOU"
"Sul";"SC";420425;"Cocal do Sul";4;4;1;100;"ALCANÇOU"
"Sul";"SC";420430;"Concórdia";4;4;1;100;"ALCANÇOU"
"Sul";"SC";420435;"Cordilheira Alta";3;4;0,75;75;"NÃO ALCANÇOU"
"Sul";"SC";420440;"Coronel Freitas";1;4;0,25;25;"NÃO ALCANÇOU"
"Sul";"SC";420445;"Coronel Martins";4;4;1;100;"ALCANÇOU"
"Sul";"SC";420450;"Corupá";4;4;1;100;"ALCANÇOU"
"Sul";"SC";420455;"Correia Pinto";3;4;0,75;75;"NÃO ALCANÇOU"
"Sul";"SC";420460;"Criciúma";3;4;0,75;75;"NÃO ALCANÇOU"
"Sul";"SC";420470;"Cunha Porã";3;4;0,75;75;"NÃO ALCANÇOU"
"Sul";"SC";420475;"Cunhataí";4;4;1;100;"ALCANÇOU"
"Sul";"SC";420480;"Curitibanos";0;4;0;0;"NÃO ALCANÇOU"
"Sul";"SC";420490;"Descanso";4;4;1;100;"ALCANÇOU"
"Sul";"SC";420500;"Dionísio Cerqueira";0;4;0;0;"NÃO ALCANÇOU"
"Sul";"SC";420510;"Dona Emma";4;4;1;100;"ALCANÇOU"
"Sul";"SC";420515;"Doutor Pedrinho";0;4;0;0;"NÃO ALCANÇOU"
"Sul";"SC";420517;"Entre Rios";4;4;1;100;"ALCANÇOU"
"Sul";"SC";420519;"Ermo";1;4;0,25;25;"NÃO ALCANÇOU"
"Sul";"SC";420520;"Erval Velho";2;4;0,5;50;"NÃO ALCANÇOU"
"Sul";"SC";420530;"Faxinal dos Guedes";4;4;1;100;"ALCANÇOU"
"Sul";"SC";420535;"Flor do Sertão";4;4;1;100;"ALCANÇOU"
"Sul";"SC";420540;"Florianópolis";0;4;0;0;"NÃO ALCANÇOU"
"Sul";"SC";420543;"Formosa do Sul";1;4;0,25;25;"NÃO ALCANÇOU"
"Sul";"SC";420545;"Forquilhinha";4;4;1;100;"ALCANÇOU"
"Sul";"SC";420550;"Fraiburgo";3;4;0,75;75;"NÃO ALCANÇOU"
"Sul";"SC";420555;"Frei Rogério";0;4;0;0;"NÃO ALCANÇOU"
"Sul";"SC";420560;"Galvão";4;4;1;100;"ALCANÇOU"
"Sul";"SC";420570;"Garopaba";0;4;0;0;"NÃO ALCANÇOU"
"Sul";"SC";420580;"Garuva";4;4;1;100;"ALCANÇOU"
"Sul";"SC";420590;"Gaspar";4;4;1;100;"ALCANÇOU"
"Sul";"SC";420600;"Governador Celso Ramos";3;4;0,75;75;"NÃO ALCANÇOU"
"Sul";"SC";420610;"Grão Pará";4;4;1;100;"ALCANÇOU"
"Sul";"SC";420620;"Gravatal";2;4;0,5;50;"NÃO ALCANÇOU"
"Sul";"SC";420630;"Guabiruba";3;4;0,75;75;"NÃO ALCANÇOU"
"Sul";"SC";420640;"Guaraciaba";4;4;1;100;"ALCANÇOU"
"Sul";"SC";420650;"Guaramirim";0;4;0;0;"NÃO ALCANÇOU"
"Sul";"SC";420660;"Guarujá do Sul";2;4;0,5;50;"NÃO ALCANÇOU"
"Sul";"SC";420665;"Guatambú";1;4;0,25;25;"NÃO ALCANÇOU"
"Sul";"SC";420670;"Herval d'Oeste";4;4;1;100;"ALCANÇOU"
"Sul";"SC";420675;"Ibiam";2;4;0,5;50;"NÃO ALCANÇOU"
"Sul";"SC";420680;"Ibicaré";1;4;0,25;25;"NÃO ALCANÇOU"
"Sul";"SC";420690;"Ibirama";3;4;0,75;75;"NÃO ALCANÇOU"
"Sul";"SC";420700;"Içara";4;4;1;100;"ALCANÇOU"
"Sul";"SC";420710;"Ilhota";4;4;1;100;"ALCANÇOU"
"Sul";"SC";420720;"Imaruí";4;4;1;100;"ALCANÇOU"
"Sul";"SC";420730;"Imbituba";1;4;0,25;25;"NÃO ALCANÇOU"
"Sul";"SC";420740;"Imbuia";1;4;0,25;25;"NÃO ALCANÇOU"
"Sul";"SC";420750;"Indaial";4;4;1;100;"ALCANÇOU"
"Sul";"SC";420757;"Iomerê";4;4;1;100;"ALCANÇOU"
"Sul";"SC";420760;"Ipira";4;4;1;100;"ALCANÇOU"
"Sul";"SC";420765;"Iporã do Oeste";1;4;0,25;25;"NÃO ALCANÇOU"
"Sul";"SC";420768;"Ipuaçu";3;4;0,75;75;"NÃO ALCANÇOU"
"Sul";"SC";420770;"Ipumirim";0;4;0;0;"NÃO ALCANÇOU"
"Sul";"SC";420775;"Iraceminha";0;4;0;0;"NÃO ALCANÇOU"
"Sul";"SC";420780;"Irani";1;4;0,25;25;"NÃO ALCANÇOU"
"Sul";"SC";420785;"Irati";4;4;1;100;"ALCANÇOU"
"Sul";"SC";420790;"Irineópolis";4;4;1;100;"ALCANÇOU"
"Sul";"SC";420800;"Itá";4;4;1;100;"ALCANÇOU"
"Sul";"SC";420810;"Itaiópolis";3;4;0,75;75;"NÃO ALCANÇOU"
"Sul";"SC";420820;"Itajaí";1;4;0,25;25;"NÃO ALCANÇOU"
"Sul";"SC";420830;"Itapema";4;4;1;100;"ALCANÇOU"
"Sul";"SC";420840;"Itapiranga";1;4;0,25;25;"NÃO ALCANÇOU"
"Sul";"SC";420845;"Itapoá";0;4;0;0;"NÃO ALCANÇOU"
"Sul";"SC";420850;"Ituporanga";0;4;0;0;"NÃO ALCANÇOU"
"Sul";"SC";420860;"Jaborá";4;4;1;100;"ALCANÇOU"
"Sul";"SC";420870;"Jacinto Machado";3;4;0,75;75;"NÃO ALCANÇOU"
"Sul";"SC";420880;"Jaguaruna";2;4;0,5;50;"NÃO ALCANÇOU"
"Sul";"SC";420890;"Jaraguá do Sul";3;4;0,75;75;"NÃO ALCANÇOU"
"Sul";"SC";420895;"Jardinópolis";2;4;0,5;50;"NÃO ALCANÇOU"
"Sul";"SC";420900;"Joaçaba";0;4;0;0;"NÃO ALCANÇOU"
"Sul";"SC";420910;"Joinville";1;4;0,25;25;"NÃO ALCANÇOU"
"Sul";"SC";420915;"José Boiteux";0;4;0;0;"NÃO ALCANÇOU"
"Sul";"SC";420917;"Jupiá";1;4;0,25;25;"NÃO ALCANÇOU"
"Sul";"SC";420920;"Lacerdópolis";3;4;0,75;75;"NÃO ALCANÇOU"
"Sul";"SC";420930;"Lages";0;4;0;0;"NÃO ALCANÇOU"
"Sul";"SC";420940;"Laguna";0;4;0;0;"NÃO ALCANÇOU"
"Sul";"SC";420945;"Lajeado Grande";1;4;0,25;25;"NÃO ALCANÇOU"
"Sul";"SC";420950;"Laurentino";3;4;0,75;75;"NÃO ALCANÇOU"
"Sul";"SC";420960;"Lauro Müller";4;4;1;100;"ALCANÇOU"
"Sul";"SC";420970;"Lebon Régis";0;4;0;0;"NÃO ALCANÇOU"
"Sul";"SC";420980;"Leoberto Leal";3;4;0,75;75;"NÃO ALCANÇOU"
"Sul";"SC";420985;"Lindóia do Sul";4;4;1;100;"ALCANÇOU"
"Sul";"SC";420990;"Lontras";1;4;0,25;25;"NÃO ALCANÇOU"
"Sul";"SC";421000;"Luiz Alves";4;4;1;100;"ALCANÇOU"
"Sul";"SC";421003;"Luzerna";1;4;0,25;25;"NÃO ALCANÇOU"
"Sul";"SC";421005;"Macieira";3;4;0,75;75;"NÃO ALCANÇOU"
"Sul";"SC";421010;"Mafra";1;4;0,25;25;"NÃO ALCANÇOU"
"Sul";"SC";421020;"Major Gercino";3;4;0,75;75;"NÃO ALCANÇOU"
"Sul";"SC";421030;"Major Vieira";4;4;1;100;"ALCANÇOU"
"Sul";"SC";421040;"Maracajá";1;4;0,25;25;"NÃO ALCANÇOU"
"Sul";"SC";421050;"Maravilha";3;4;0,75;75;"NÃO ALCANÇOU"
"Sul";"SC";421055;"Marema";4;4;1;100;"ALCANÇOU"
"Sul";"SC";421060;"Massaranduba";1;4;0,25;25;"NÃO ALCANÇOU"
"Sul";"SC";421070;"Matos Costa";2;4;0,5;50;"NÃO ALCANÇOU"
"Sul";"SC";421080;"Meleiro";3;4;0,75;75;"NÃO ALCANÇOU"
"Sul";"SC";421085;"Mirim Doce";3;4;0,75;75;"NÃO ALCANÇOU"
"Sul";"SC";421090;"Modelo";1;4;0,25;25;"NÃO ALCANÇOU"
"Sul";"SC";421100;"Mondaí";4;4;1;100;"ALCANÇOU"
"Sul";"SC";421105;"Monte Carlo";4;4;1;100;"ALCANÇOU"
"Sul";"SC";421110;"Monte Castelo";4;4;1;100;"ALCANÇOU"
"Sul";"SC";421120;"Morro da Fumaça";1;4;0,25;25;"NÃO ALCANÇOU"
"Sul";"SC";421125;"Morro Grande";2;4;0,5;50;"NÃO ALCANÇOU"
"Sul";"SC";421130;"Navegantes";4;4;1;100;"ALCANÇOU"
"Sul";"SC";421140;"Nova Erechim";4;4;1;100;"ALCANÇOU"
"Sul";"SC";421145;"Nova Itaberaba";4;4;1;100;"ALCANÇOU"
"Sul";"SC";421150;"Nova Trento";4;4;1;100;"ALCANÇOU"
"Sul";"SC";421160;"Nova Veneza";3;4;0,75;75;"NÃO ALCANÇOU"
"Sul";"SC";421165;"Novo Horizonte";1;4;0,25;25;"NÃO ALCANÇOU"
"Sul";"SC";421170;"Orleans";0;4;0;0;"NÃO ALCANÇOU"
"Sul";"SC";421175;"Otacílio Costa";0;4;0;0;"NÃO ALCANÇOU"
"Sul";"SC";421180;"Ouro";4;4;1;100;"ALCANÇOU"
"Sul";"SC";421185;"Ouro Verde";4;4;1;100;"ALCANÇOU"
"Sul";"SC";421187;"Paial";2;4;0,5;50;"NÃO ALCANÇOU"
"Sul";"SC";421189;"Painel";0;4;0;0;"NÃO ALCANÇOU"
"Sul";"SC";421190;"Palhoça";2;4;0,5;50;"NÃO ALCANÇOU"
"Sul";"SC";421200;"Palma Sola";1;4;0,25;25;"NÃO ALCANÇOU"
"Sul";"SC";421205;"Palmeira";4;4;1;100;"ALCANÇOU"
"Sul";"SC";421210;"Palmitos";0;4;0;0;"NÃO ALCANÇOU"
"Sul";"SC";421220;"Papanduva";3;4;0,75;75;"NÃO ALCANÇOU"
"Sul";"SC";421223;"Paraíso";4;4;1;100;"ALCANÇOU"
"Sul";"SC";421225;"Passo de Torres";1;4;0,25;25;"NÃO ALCANÇOU"
"Sul";"SC";421227;"Passos Maia";2;4;0,5;50;"NÃO ALCANÇOU"
"Sul";"SC";421230;"Paulo Lopes";3;4;0,75;75;"NÃO ALCANÇOU"
"Sul";"SC";421240;"Pedras Grandes";3;4;0,75;75;"NÃO ALCANÇOU"
"Sul";"SC";421250;"Penha";2;4;0,5;50;"NÃO ALCANÇOU"
"Sul";"SC";421260;"Peritiba";4;4;1;100;"ALCANÇOU"
"Sul";"SC";421265;"Pescaria Brava";4;4;1;100;"ALCANÇOU"
"Sul";"SC";421270;"Petrolândia";2;4;0,5;50;"NÃO ALCANÇOU"
"Sul";"SC";421280;"Balneário Piçarras";4;4;1;100;"ALCANÇOU"
"Sul";"SC";421290;"Pinhalzinho";4;4;1;100;"ALCANÇOU"
"Sul";"SC";421300;"Pinheiro Preto";0;4;0;0;"NÃO ALCANÇOU"
"Sul";"SC";421310;"Piratuba";1;4;0,25;25;"NÃO ALCANÇOU"
"Sul";"SC";421315;"Planalto Alegre";0;4;0;0;"NÃO ALCANÇOU"
"Sul";"SC";421320;"Pomerode";2;4;0,5;50;"NÃO ALCANÇOU"
"Sul";"SC";421330;"Ponte Alta";1;4;0,25;25;"NÃO ALCANÇOU"
"Sul";"SC";421335;"Ponte Alta do Norte";2;4;0,5;50;"NÃO ALCANÇOU"
"Sul";"SC";421340;"Ponte Serrada";1;4;0,25;25;"NÃO ALCANÇOU"
"Sul";"SC";421350;"Porto Belo";4;4;1;100;"ALCANÇOU"
"Sul";"SC";421360;"Porto União";3;4;0,75;75;"NÃO ALCANÇOU"
"Sul";"SC";421370;"Pouso Redondo";3;4;0,75;75;"NÃO ALCANÇOU"
"Sul";"SC";421380;"Praia Grande";1;4;0,25;25;"NÃO ALCANÇOU"
"Sul";"SC";421390;"Presidente Castello Branco";4;4;1;100;"ALCANÇOU"
"Sul";"SC";421400;"Presidente Getúlio";0;4;0;0;"NÃO ALCANÇOU"
"Sul";"SC";421410;"Presidente Nereu";4;4;1;100;"ALCANÇOU"
"Sul";"SC";421415;"Princesa";4;4;1;100;"ALCANÇOU"
"Sul";"SC";421420;"Quilombo";1;4;0,25;25;"NÃO ALCANÇOU"
"Sul";"SC";421430;"Rancho Queimado";2;4;0,5;50;"NÃO ALCANÇOU"
"Sul";"SC";421440;"Rio das Antas";3;4;0,75;75;"NÃO ALCANÇOU"
"Sul";"SC";421450;"Rio do Campo";4;4;1;100;"ALCANÇOU"
"Sul";"SC";421460;"Rio do Oeste";2;4;0,5;50;"NÃO ALCANÇOU"
"Sul";"SC";421470;"Rio dos Cedros";4;4;1;100;"ALCANÇOU"
"Sul";"SC";421480;"Rio do Sul";0;4;0;0;"NÃO ALCANÇOU"
"Sul";"SC";421490;"Rio Fortuna";4;4;1;100;"ALCANÇOU"
"Sul";"SC";421500;"Rio Negrinho";0;4;0;0;"NÃO ALCANÇOU"
"Sul";"SC";421505;"Rio Rufino";4;4;1;100;"ALCANÇOU"
"Sul";"SC";421507;"Riqueza";3;4;0,75;75;"NÃO ALCANÇOU"
"Sul";"SC";421510;"Rodeio";4;4;1;100;"ALCANÇOU"
"Sul";"SC";421520;"Romelândia";3;4;0,75;75;"NÃO ALCANÇOU"
"Sul";"SC";421530;"Salete";4;4;1;100;"ALCANÇOU"
"Sul";"SC";421535;"Saltinho";3;4;0,75;75;"NÃO ALCANÇOU"
"Sul";"SC";421540;"Salto Veloso";3;4;0,75;75;"NÃO ALCANÇOU"
"Sul";"SC";421545;"Sangão";3;4;0,75;75;"NÃO ALCANÇOU"
"Sul";"SC";421550;"Santa Cecília";0;4;0;0;"NÃO ALCANÇOU"
"Sul";"SC";421555;"Santa Helena";4;4;1;100;"ALCANÇOU"
"Sul";"SC";421560;"Santa Rosa de Lima";3;4;0,75;75;"NÃO ALCANÇOU"
"Sul";"SC";421565;"Santa Rosa do Sul";2;4;0,5;50;"NÃO ALCANÇOU"
"Sul";"SC";421567;"Santa Terezinha";3;4;0,75;75;"NÃO ALCANÇOU"
"Sul";"SC";421568;"Santa Terezinha do Progresso";4;4;1;100;"ALCANÇOU"
"Sul";"SC";421569;"Santiago do Sul";1;4;0,25;25;"NÃO ALCANÇOU"
"Sul";"SC";421570;"Santo Amaro da Imperatriz";0;4;0;0;"NÃO ALCANÇOU"
"Sul";"SC";421575;"São Bernardino";1;4;0,25;25;"NÃO ALCANÇOU"
"Sul";"SC";421580;"São Bento do Sul";2;4;0,5;50;"NÃO ALCANÇOU"
"Sul";"SC";421590;"São Bonifácio";4;4;1;100;"ALCANÇOU"
"Sul";"SC";421600;"São Carlos";1;4;0,25;25;"NÃO ALCANÇOU"
"Sul";"SC";421605;"São Cristóvão do Sul";4;4;1;100;"ALCANÇOU"
"Sul";"SC";421610;"São Domingos";1;4;0,25;25;"NÃO ALCANÇOU"
"Sul";"SC";421620;"São Francisco do Sul";1;4;0,25;25;"NÃO ALCANÇOU"
"Sul";"SC";421625;"São João do Oeste";1;4;0,25;25;"NÃO ALCANÇOU"
"Sul";"SC";421630;"São João Batista";3;4;0,75;75;"NÃO ALCANÇOU"
"Sul";"SC";421635;"São João do Itaperiú";1;4;0,25;25;"NÃO ALCANÇOU"
"Sul";"SC";421640;"São João do Sul";4;4;1;100;"ALCANÇOU"
"Sul";"SC";421650;"São Joaquim";0;4;0;0;"NÃO ALCANÇOU"
"Sul";"SC";421660;"São José";1;4;0,25;25;"NÃO ALCANÇOU"
"Sul";"SC";421670;"São José do Cedro";4;4;1;100;"ALCANÇOU"
"Sul";"SC";421680;"São José do Cerrito";2;4;0,5;50;"NÃO ALCANÇOU"
"Sul";"SC";421690;"São Lourenço do Oeste";0;4;0;0;"NÃO ALCANÇOU"
"Sul";"SC";421700;"São Ludgero";4;4;1;100;"ALCANÇOU"
"Sul";"SC";421710;"São Martinho";3;4;0,75;75;"NÃO ALCANÇOU"
"Sul";"SC";421715;"São Miguel da Boa Vista";4;4;1;100;"ALCANÇOU"
"Sul";"SC";421720;"São Miguel do Oeste";4;4;1;100;"ALCANÇOU"
"Sul";"SC";421725;"São Pedro de Alcântara";4;4;1;100;"ALCANÇOU"
"Sul";"SC";421730;"Saudades";2;4;0,5;50;"NÃO ALCANÇOU"
"Sul";"SC";421740;"Schroeder";3;4;0,75;75;"NÃO ALCANÇOU"
"Sul";"SC";421750;"Seara";2;4;0,5;50;"NÃO ALCANÇOU"
"Sul";"SC";421755;"Serra Alta";2;4;0,5;50;"NÃO ALCANÇOU"
"Sul";"SC";421760;"Siderópolis";4;4;1;100;"ALCANÇOU"
"Sul";"SC";421770;"Sombrio";4;4;1;100;"ALCANÇOU"
"Sul";"SC";421775;"Sul Brasil";2;4;0,5;50;"NÃO ALCANÇOU"
"Sul";"SC";421780;"Taió";1;4;0,25;25;"NÃO ALCANÇOU"
"Sul";"SC";421790;"Tangará";4;4;1;100;"ALCANÇOU"
"Sul";"SC";421795;"Tigrinhos";4;4;1;100;"ALCANÇOU"
"Sul";"SC";421800;"Tijucas";0;4;0;0;"NÃO ALCANÇOU"
"Sul";"SC";421810;"Timbé do Sul";0;4;0;0;"NÃO ALCANÇOU"
"Sul";"SC";421820;"Timbó";3;4;0,75;75;"NÃO ALCANÇOU"
"Sul";"SC";421825;"Timbó Grande";1;4;0,25;25;"NÃO ALCANÇOU"
"Sul";"SC";421830;"Três Barras";1;4;0,25;25;"NÃO ALCANÇOU"
"Sul";"SC";421835;"Treviso";4;4;1;100;"ALCANÇOU"
"Sul";"SC";421840;"Treze de Maio";1;4;0,25;25;"NÃO ALCANÇOU"
"Sul";"SC";421850;"Treze Tílias";1;4;0,25;25;"NÃO ALCANÇOU"
"Sul";"SC";421860;"Trombudo Central";4;4;1;100;"ALCANÇOU"
"Sul";"SC";421870;"Tubarão";1;4;0,25;25;"NÃO ALCANÇOU"
"Sul";"SC";421875;"Tunápolis";1;4;0,25;25;"NÃO ALCANÇOU"
"Sul";"SC";421880;"Turvo";4;4;1;100;"ALCANÇOU"
"Sul";"SC";421885;"União do Oeste";0;4;0;0;"NÃO ALCANÇOU"
"Sul";"SC";421890;"Urubici";1;4;0,25;25;"NÃO ALCANÇOU"
"Sul";"SC";421895;"Urupema";1;4;0,25;25;"NÃO ALCANÇOU"
"Sul";"SC";421900;"Urussanga";1;4;0,25;25;"NÃO ALCANÇOU"
"Sul";"SC";421910;"Vargeão";2;4;0,5;50;"NÃO ALCANÇOU"
"Sul";"SC";421915;"Vargem";4;4;1;100;"ALCANÇOU"
"Sul";"SC";421917;"Vargem Bonita";4;4;1;100;"ALCANÇOU"
"Sul";"SC";421920;"Vidal Ramos";1;4;0,25;25;"NÃO ALCANÇOU"
"Sul";"SC";421930;"Videira";0;4;0;0;"NÃO ALCANÇOU"
"Sul";"SC";421935;"Vitor Meireles";1;4;0,25;25;"NÃO ALCANÇOU"
"Sul";"SC";421940;"Witmarsum";4;4;1;100;"ALCANÇOU"
"Sul";"SC";421950;"Xanxerê";1;4;0,25;25;"NÃO ALCANÇOU"
"Sul";"SC";421960;"Xavantina";1;4;0,25;25;"NÃO ALCANÇOU"
"Sul";"SC";421970;"Xaxim";3;4;0,75;75;"NÃO ALCANÇOU"
"Sul";"SC";421985;"Zortéa";4;4;1;100;"ALCANÇOU"
"Sul";"SC";422000;"Balneário Rincão";3;4;0,75;75;"NÃO ALCANÇOU"
"Sul";"RS";430003;"Aceguá";4;4;1;100;"ALCANÇOU"
"Sul";"RS";430005;"Água Santa";3;4;0,75;75;"NÃO ALCANÇOU"
"Sul";"RS";430010;"Agudo";4;4;1;100;"ALCANÇOU"
"Sul";"RS";430020;"Ajuricaba";1;4;0,25;25;"NÃO ALCANÇOU"
"Sul";"RS";430030;"Alecrim";3;4;0,75;75;"NÃO ALCANÇOU"
"Sul";"RS";430040;"Alegrete";1;4;0,25;25;"NÃO ALCANÇOU"
"Sul";"RS";430045;"Alegria";0;4;0;0;"NÃO ALCANÇOU"
"Sul";"RS";430047;"Almirante Tamandaré do Sul";1;4;0,25;25;"NÃO ALCANÇOU"
"Sul";"RS";430050;"Alpestre";3;4;0,75;75;"NÃO ALCANÇOU"
"Sul";"RS";430055;"Alto Alegre";2;4;0,5;50;"NÃO ALCANÇOU"
"Sul";"RS";430057;"Alto Feliz";2;4;0,5;50;"NÃO ALCANÇOU"
"Sul";"RS";430060;"Alvorada";1;4;0,25;25;"NÃO ALCANÇOU"
"Sul";"RS";430063;"Amaral Ferrador";4;4;1;100;"ALCANÇOU"
"Sul";"RS";430064;"Ametista do Sul";4;4;1;100;"ALCANÇOU"
"Sul";"RS";430066;"André da Rocha";0;4;0;0;"NÃO ALCANÇOU"
"Sul";"RS";430070;"Anta Gorda";1;4;0,25;25;"NÃO ALCANÇOU"
"Sul";"RS";430080;"Antônio Prado";4;4;1;100;"ALCANÇOU"
"Sul";"RS";430085;"Arambaré";0;4;0;0;"NÃO ALCANÇOU"
"Sul";"RS";430087;"Araricá";4;4;1;100;"ALCANÇOU"
"Sul";"RS";430090;"Aratiba";4;4;1;100;"ALCANÇOU"
"Sul";"RS";430100;"Arroio do Meio";0;4;0;0;"NÃO ALCANÇOU"
"Sul";"RS";430105;"Arroio do Sal";4;4;1;100;"ALCANÇOU"
"Sul";"RS";430107;"Arroio do Padre";1;4;0,25;25;"NÃO ALCANÇOU"
"Sul";"RS";430110;"Arroio dos Ratos";1;4;0,25;25;"NÃO ALCANÇOU"
"Sul";"RS";430120;"Arroio do Tigre";1;4;0,25;25;"NÃO ALCANÇOU"
"Sul";"RS";430130;"Arroio Grande";1;4;0,25;25;"NÃO ALCANÇOU"
"Sul";"RS";430140;"Arvorezinha";1;4;0,25;25;"NÃO ALCANÇOU"
"Sul";"RS";430150;"Augusto Pestana";4;4;1;100;"ALCANÇOU"
"Sul";"RS";430155;"Áurea";2;4;0,5;50;"NÃO ALCANÇOU"
"Sul";"RS";430160;"Bagé";0;4;0;0;"NÃO ALCANÇOU"
"Sul";"RS";430163;"Balneário Pinhal";3;4;0,75;75;"NÃO ALCANÇOU"
"Sul";"RS";430165;"Barão";4;4;1;100;"ALCANÇOU"
"Sul";"RS";430170;"Barão de Cotegipe";4;4;1;100;"ALCANÇOU"
"Sul";"RS";430175;"Barão do Triunfo";1;4;0,25;25;"NÃO ALCANÇOU"
"Sul";"RS";430180;"Barracão";3;4;0,75;75;"NÃO ALCANÇOU"
"Sul";"RS";430185;"Barra do Guarita";2;4;0,5;50;"NÃO ALCANÇOU"
"Sul";"RS";430187;"Barra do Quaraí";4;4;1;100;"ALCANÇOU"
"Sul";"RS";430190;"Barra do Ribeiro";1;4;0,25;25;"NÃO ALCANÇOU"
"Sul";"RS";430192;"Barra do Rio Azul";4;4;1;100;"ALCANÇOU"
"Sul";"RS";430195;"Barra Funda";4;4;1;100;"ALCANÇOU"
"Sul";"RS";430200;"Barros Cassal";4;4;1;100;"ALCANÇOU"
"Sul";"RS";430205;"Benjamin Constant do Sul";0;4;0;0;"NÃO ALCANÇOU"
"Sul";"RS";430210;"Bento Gonçalves";0;4;0;0;"NÃO ALCANÇOU"
"Sul";"RS";430215;"Boa Vista das Missões";3;4;0,75;75;"NÃO ALCANÇOU"
"Sul";"RS";430220;"Boa Vista do Buricá";4;4;1;100;"ALCANÇOU"
"Sul";"RS";430222;"Boa Vista do Cadeado";4;4;1;100;"ALCANÇOU"
"Sul";"RS";430223;"Boa Vista do Incra";1;4;0,25;25;"NÃO ALCANÇOU"
"Sul";"RS";430225;"Boa Vista do Sul";4;4;1;100;"ALCANÇOU"
"Sul";"RS";430230;"Bom Jesus";1;4;0,25;25;"NÃO ALCANÇOU"
"Sul";"RS";430235;"Bom Princípio";4;4;1;100;"ALCANÇOU"
"Sul";"RS";430237;"Bom Progresso";2;4;0,5;50;"NÃO ALCANÇOU"
"Sul";"RS";430240;"Bom Retiro do Sul";1;4;0,25;25;"NÃO ALCANÇOU"
"Sul";"RS";430245;"Boqueirão do Leão";0;4;0;0;"NÃO ALCANÇOU"
"Sul";"RS";430250;"Bossoroca";4;4;1;100;"ALCANÇOU"
"Sul";"RS";430258;"Bozano";3;4;0,75;75;"NÃO ALCANÇOU"
"Sul";"RS";430260;"Braga";4;4;1;100;"ALCANÇOU"
"Sul";"RS";430265;"Brochier";1;4;0,25;25;"NÃO ALCANÇOU"
"Sul";"RS";430270;"Butiá";0;4;0;0;"NÃO ALCANÇOU"
"Sul";"RS";430280;"Caçapava do Sul";1;4;0,25;25;"NÃO ALCANÇOU"
"Sul";"RS";430290;"Cacequi";1;4;0,25;25;"NÃO ALCANÇOU"
"Sul";"RS";430300;"Cachoeira do Sul";1;4;0,25;25;"NÃO ALCANÇOU"
"Sul";"RS";430310;"Cachoeirinha";1;4;0,25;25;"NÃO ALCANÇOU"
"Sul";"RS";430320;"Cacique Doble";4;4;1;100;"ALCANÇOU"
"Sul";"RS";430330;"Caibaté";1;4;0,25;25;"NÃO ALCANÇOU"
"Sul";"RS";430340;"Caiçara";4;4;1;100;"ALCANÇOU"
"Sul";"RS";430350;"Camaquã";1;4;0,25;25;"NÃO ALCANÇOU"
"Sul";"RS";430355;"Camargo";4;4;1;100;"ALCANÇOU"
"Sul";"RS";430360;"Cambará do Sul";1;4;0,25;25;"NÃO ALCANÇOU"
"Sul";"RS";430367;"Campestre da Serra";1;4;0,25;25;"NÃO ALCANÇOU"
"Sul";"RS";430370;"Campina das Missões";4;4;1;100;"ALCANÇOU"
"Sul";"RS";430380;"Campinas do Sul";0;4;0;0;"NÃO ALCANÇOU"
"Sul";"RS";430390;"Campo Bom";4;4;1;100;"ALCANÇOU"
"Sul";"RS";430400;"Campo Novo";0;4;0;0;"NÃO ALCANÇOU"
"Sul";"RS";430410;"Campos Borges";2;4;0,5;50;"NÃO ALCANÇOU"
"Sul";"RS";430420;"Candelária";1;4;0,25;25;"NÃO ALCANÇOU"
"Sul";"RS";430430;"Cândido Godói";4;4;1;100;"ALCANÇOU"
"Sul";"RS";430435;"Candiota";1;4;0,25;25;"NÃO ALCANÇOU"
"Sul";"RS";430440;"Canela";1;4;0,25;25;"NÃO ALCANÇOU"
"Sul";"RS";430450;"Canguçu";0;4;0;0;"NÃO ALCANÇOU"
"Sul";"RS";430460;"Canoas";0;4;0;0;"NÃO ALCANÇOU"
"Sul";"RS";430461;"Canudos do Vale";3;4;0,75;75;"NÃO ALCANÇOU"
"Sul";"RS";430462;"Capão Bonito do Sul";0;4;0;0;"NÃO ALCANÇOU"
"Sul";"RS";430463;"Capão da Canoa";0;4;0;0;"NÃO ALCANÇOU"
"Sul";"RS";430465;"Capão do Cipó";4;4;1;100;"ALCANÇOU"
"Sul";"RS";430466;"Capão do Leão";0;4;0;0;"NÃO ALCANÇOU"
"Sul";"RS";430467;"Capivari do Sul";4;4;1;100;"ALCANÇOU"
"Sul";"RS";430468;"Capela de Santana";0;4;0;0;"NÃO ALCANÇOU"
"Sul";"RS";430469;"Capitão";3;4;0,75;75;"NÃO ALCANÇOU"
"Sul";"RS";430470;"Carazinho";1;4;0,25;25;"NÃO ALCANÇOU"
"Sul";"RS";430471;"Caraá";1;4;0,25;25;"NÃO ALCANÇOU"
"Sul";"RS";430480;"Carlos Barbosa";3;4;0,75;75;"NÃO ALCANÇOU"
"Sul";"RS";430485;"Carlos Gomes";4;4;1;100;"ALCANÇOU"
"Sul";"RS";430490;"Casca";4;4;1;100;"ALCANÇOU"
"Sul";"RS";430495;"Caseiros";4;4;1;100;"ALCANÇOU"
"Sul";"RS";430500;"Catuípe";4;4;1;100;"ALCANÇOU"
"Sul";"RS";430510;"Caxias do Sul";4;4;1;100;"ALCANÇOU"
"Sul";"RS";430511;"Centenário";0;4;0;0;"NÃO ALCANÇOU"
"Sul";"RS";430512;"Cerrito";4;4;1;100;"ALCANÇOU"
"Sul";"RS";430513;"Cerro Branco";2;4;0,5;50;"NÃO ALCANÇOU"
"Sul";"RS";430515;"Cerro Grande";4;4;1;100;"ALCANÇOU"
"Sul";"RS";430517;"Cerro Grande do Sul";1;4;0,25;25;"NÃO ALCANÇOU"
"Sul";"RS";430520;"Cerro Largo";3;4;0,75;75;"NÃO ALCANÇOU"
"Sul";"RS";430530;"Chapada";4;4;1;100;"ALCANÇOU"
"Sul";"RS";430535;"Charqueadas";4;4;1;100;"ALCANÇOU"
"Sul";"RS";430537;"Charrua";0;4;0;0;"NÃO ALCANÇOU"
"Sul";"RS";430540;"Chiapetta";4;4;1;100;"ALCANÇOU"
"Sul";"RS";430543;"Chuí";4;4;1;100;"ALCANÇOU"
"Sul";"RS";430544;"Chuvisca";3;4;0,75;75;"NÃO ALCANÇOU"
"Sul";"RS";430545;"Cidreira";0;4;0;0;"NÃO ALCANÇOU"
"Sul";"RS";430550;"Ciríaco";4;4;1;100;"ALCANÇOU"
"Sul";"RS";430558;"Colinas";0;4;0;0;"NÃO ALCANÇOU"
"Sul";"RS";430560;"Colorado";4;4;1;100;"ALCANÇOU"
"Sul";"RS";430570;"Condor";1;4;0,25;25;"NÃO ALCANÇOU"
"Sul";"RS";430580;"Constantina";1;4;0,25;25;"NÃO ALCANÇOU"
"Sul";"RS";430583;"Coqueiro Baixo";4;4;1;100;"ALCANÇOU"
"Sul";"RS";430585;"Coqueiros do Sul";4;4;1;100;"ALCANÇOU"
"Sul";"RS";430587;"Coronel Barros";3;4;0,75;75;"NÃO ALCANÇOU"
"Sul";"RS";430590;"Coronel Bicaco";2;4;0,5;50;"NÃO ALCANÇOU"
"Sul";"RS";430593;"Coronel Pilar";0;4;0;0;"NÃO ALCANÇOU"
"Sul";"RS";430595;"Cotiporã";4;4;1;100;"ALCANÇOU"
"Sul";"RS";430597;"Coxilha";1;4;0,25;25;"NÃO ALCANÇOU"
"Sul";"RS";430600;"Crissiumal";4;4;1;100;"ALCANÇOU"
"Sul";"RS";430605;"Cristal";0;4;0;0;"NÃO ALCANÇOU"
"Sul";"RS";430607;"Cristal do Sul";3;4;0,75;75;"NÃO ALCANÇOU"
"Sul";"RS";430610;"Cruz Alta";0;4;0;0;"NÃO ALCANÇOU"
"Sul";"RS";430613;"Cruzaltense";3;4;0,75;75;"NÃO ALCANÇOU"
"Sul";"RS";430620;"Cruzeiro do Sul";1;4;0,25;25;"NÃO ALCANÇOU"
"Sul";"RS";430630;"David Canabarro";3;4;0,75;75;"NÃO ALCANÇOU"
"Sul";"RS";430632;"Derrubadas";4;4;1;100;"ALCANÇOU"
"Sul";"RS";430635;"Dezesseis de Novembro";1;4;0,25;25;"NÃO ALCANÇOU"
"Sul";"RS";430637;"Dilermando de Aguiar";1;4;0,25;25;"NÃO ALCANÇOU"
"Sul";"RS";430640;"Dois Irmãos";2;4;0,5;50;"NÃO ALCANÇOU"
"Sul";"RS";430642;"Dois Irmãos das Missões";4;4;1;100;"ALCANÇOU"
"Sul";"RS";430645;"Dois Lajeados";3;4;0,75;75;"NÃO ALCANÇOU"
"Sul";"RS";430650;"Dom Feliciano";3;4;0,75;75;"NÃO ALCANÇOU"
"Sul";"RS";430655;"Dom Pedro de Alcântara";4;4;1;100;"ALCANÇOU"
"Sul";"RS";430660;"Dom Pedrito";4;4;1;100;"ALCANÇOU"
"Sul";"RS";430670;"Dona Francisca";1;4;0,25;25;"NÃO ALCANÇOU"
"Sul";"RS";430673;"Doutor Maurício Cardoso";0;4;0;0;"NÃO ALCANÇOU"
"Sul";"RS";430675;"Doutor Ricardo";4;4;1;100;"ALCANÇOU"
"Sul";"RS";430676;"Eldorado do Sul";0;4;0;0;"NÃO ALCANÇOU"
"Sul";"RS";430680;"Encantado";1;4;0,25;25;"NÃO ALCANÇOU"
"Sul";"RS";430690;"Encruzilhada do Sul";1;4;0,25;25;"NÃO ALCANÇOU"
"Sul";"RS";430692;"Engenho Velho";3;4;0,75;75;"NÃO ALCANÇOU"
"Sul";"RS";430693;"Entre-Ijuís";3;4;0,75;75;"NÃO ALCANÇOU"
"Sul";"RS";430695;"Entre Rios do Sul";4;4;1;100;"ALCANÇOU"
"Sul";"RS";430697;"Erebango";3;4;0,75;75;"NÃO ALCANÇOU"
"Sul";"RS";430700;"Erechim";3;4;0,75;75;"NÃO ALCANÇOU"
"Sul";"RS";430705;"Ernestina";1;4;0,25;25;"NÃO ALCANÇOU"
"Sul";"RS";430710;"Herval";0;4;0;0;"NÃO ALCANÇOU"
"Sul";"RS";430720;"Erval Grande";4;4;1;100;"ALCANÇOU"
"Sul";"RS";430730;"Erval Seco";1;4;0,25;25;"NÃO ALCANÇOU"
"Sul";"RS";430740;"Esmeralda";1;4;0,25;25;"NÃO ALCANÇOU"
"Sul";"RS";430745;"Esperança do Sul";1;4;0,25;25;"NÃO ALCANÇOU"
"Sul";"RS";430750;"Espumoso";0;4;0;0;"NÃO ALCANÇOU"
"Sul";"RS";430755;"Estação";1;4;0,25;25;"NÃO ALCANÇOU"
"Sul";"RS";430760;"Estância Velha";4;4;1;100;"ALCANÇOU"
"Sul";"RS";430770;"Esteio";2;4;0,5;50;"NÃO ALCANÇOU"
"Sul";"RS";430780;"Estrela";0;4;0;0;"NÃO ALCANÇOU"
"Sul";"RS";430781;"Estrela Velha";1;4;0,25;25;"NÃO ALCANÇOU"
"Sul";"RS";430783;"Eugênio de Castro";4;4;1;100;"ALCANÇOU"
"Sul";"RS";430786;"Fagundes Varela";0;4;0;0;"NÃO ALCANÇOU"
"Sul";"RS";430790;"Farroupilha";3;4;0,75;75;"NÃO ALCANÇOU"
"Sul";"RS";430800;"Faxinal do Soturno";0;4;0;0;"NÃO ALCANÇOU"
"Sul";"RS";430805;"Faxinalzinho";0;4;0;0;"NÃO ALCANÇOU"
"Sul";"RS";430807;"Fazenda Vilanova";2;4;0,5;50;"NÃO ALCANÇOU"
"Sul";"RS";430810;"Feliz";4;4;1;100;"ALCANÇOU"
"Sul";"RS";430820;"Flores da Cunha";3;4;0,75;75;"NÃO ALCANÇOU"
"Sul";"RS";430825;"Floriano Peixoto";4;4;1;100;"ALCANÇOU"
"Sul";"RS";430830;"Fontoura Xavier";4;4;1;100;"ALCANÇOU"
"Sul";"RS";430840;"Formigueiro";4;4;1;100;"ALCANÇOU"
"Sul";"RS";430843;"Forquetinha";1;4;0,25;25;"NÃO ALCANÇOU"
"Sul";"RS";430845;"Fortaleza dos Valos";4;4;1;100;"ALCANÇOU"
"Sul";"RS";430850;"Frederico Westphalen";3;4;0,75;75;"NÃO ALCANÇOU"
"Sul";"RS";430860;"Garibaldi";4;4;1;100;"ALCANÇOU"
"Sul";"RS";430865;"Garruchos";1;4;0,25;25;"NÃO ALCANÇOU"
"Sul";"RS";430870;"Gaurama";1;4;0,25;25;"NÃO ALCANÇOU"
"Sul";"RS";430880;"General Câmara";4;4;1;100;"ALCANÇOU"
"Sul";"RS";430885;"Gentil";4;4;1;100;"ALCANÇOU"
"Sul";"RS";430890;"Getúlio Vargas";2;4;0,5;50;"NÃO ALCANÇOU"
"Sul";"RS";430900;"Giruá";3;4;0,75;75;"NÃO ALCANÇOU"
"Sul";"RS";430905;"Glorinha";4;4;1;100;"ALCANÇOU"
"Sul";"RS";430910;"Gramado";0;4;0;0;"NÃO ALCANÇOU"
"Sul";"RS";430912;"Gramado dos Loureiros";2;4;0,5;50;"NÃO ALCANÇOU"
"Sul";"RS";430915;"Gramado Xavier";3;4;0,75;75;"NÃO ALCANÇOU"
"Sul";"RS";430920;"Gravataí";1;4;0,25;25;"NÃO ALCANÇOU"
"Sul";"RS";430925;"Guabiju";4;4;1;100;"ALCANÇOU"
"Sul";"RS";430930;"Guaíba";2;4;0,5;50;"NÃO ALCANÇOU"
"Sul";"RS";430940;"Guaporé";3;4;0,75;75;"NÃO ALCANÇOU"
"Sul";"RS";430950;"Guarani das Missões";0;4;0;0;"NÃO ALCANÇOU"
"Sul";"RS";430955;"Harmonia";1;4;0,25;25;"NÃO ALCANÇOU"
"Sul";"RS";430957;"Herveiras";4;4;1;100;"ALCANÇOU"
"Sul";"RS";430960;"Horizontina";4;4;1;100;"ALCANÇOU"
"Sul";"RS";430965;"Hulha Negra";2;4;0,5;50;"NÃO ALCANÇOU"
"Sul";"RS";430970;"Humaitá";1;4;0,25;25;"NÃO ALCANÇOU"
"Sul";"RS";430975;"Ibarama";4;4;1;100;"ALCANÇOU"
"Sul";"RS";430980;"Ibiaçá";4;4;1;100;"ALCANÇOU"
"Sul";"RS";430990;"Ibiraiaras";4;4;1;100;"ALCANÇOU"
"Sul";"RS";430995;"Ibirapuitã";3;4;0,75;75;"NÃO ALCANÇOU"
"Sul";"RS";431000;"Ibirubá";1;4;0,25;25;"NÃO ALCANÇOU"
"Sul";"RS";431010;"Igrejinha";3;4;0,75;75;"NÃO ALCANÇOU"
"Sul";"RS";431020;"Ijuí";2;4;0,5;50;"NÃO ALCANÇOU"
"Sul";"RS";431030;"Ilópolis";0;4;0;0;"NÃO ALCANÇOU"
"Sul";"RS";431033;"Imbé";0;4;0;0;"NÃO ALCANÇOU"
"Sul";"RS";431036;"Imigrante";4;4;1;100;"ALCANÇOU"
"Sul";"RS";431040;"Independência";4;4;1;100;"ALCANÇOU"
"Sul";"RS";431041;"Inhacorá";3;4;0,75;75;"NÃO ALCANÇOU"
"Sul";"RS";431043;"Ipê";1;4;0,25;25;"NÃO ALCANÇOU"
"Sul";"RS";431046;"Ipiranga do Sul";1;4;0,25;25;"NÃO ALCANÇOU"
"Sul";"RS";431050;"Iraí";1;4;0,25;25;"NÃO ALCANÇOU"
"Sul";"RS";431053;"Itaara";3;4;0,75;75;"NÃO ALCANÇOU"
"Sul";"RS";431055;"Itacurubi";3;4;0,75;75;"NÃO ALCANÇOU"
"Sul";"RS";431057;"Itapuca";3;4;0,75;75;"NÃO ALCANÇOU"
"Sul";"RS";431060;"Itaqui";4;4;1;100;"ALCANÇOU"
"Sul";"RS";431065;"Itati";4;4;1;100;"ALCANÇOU"
"Sul";"RS";431070;"Itatiba do Sul";0;4;0;0;"NÃO ALCANÇOU"
"Sul";"RS";431075;"Ivorá";3;4;0,75;75;"NÃO ALCANÇOU"
"Sul";"RS";431080;"Ivoti";4;4;1;100;"ALCANÇOU"
"Sul";"RS";431085;"Jaboticaba";3;4;0,75;75;"NÃO ALCANÇOU"
"Sul";"RS";431087;"Jacuizinho";2;4;0,5;50;"NÃO ALCANÇOU"
"Sul";"RS";431090;"Jacutinga";1;4;0,25;25;"NÃO ALCANÇOU"
"Sul";"RS";431100;"Jaguarão";1;4;0,25;25;"NÃO ALCANÇOU"
"Sul";"RS";431110;"Jaguari";0;4;0;0;"NÃO ALCANÇOU"
"Sul";"RS";431112;"Jaquirana";3;4;0,75;75;"NÃO ALCANÇOU"
"Sul";"RS";431113;"Jari";1;4;0,25;25;"NÃO ALCANÇOU"
"Sul";"RS";431115;"Jóia";2;4;0,5;50;"NÃO ALCANÇOU"
"Sul";"RS";431120;"Júlio de Castilhos";0;4;0;0;"NÃO ALCANÇOU"
"Sul";"RS";431123;"Lagoa Bonita do Sul";3;4;0,75;75;"NÃO ALCANÇOU"
"Sul";"RS";431125;"Lagoão";4;4;1;100;"ALCANÇOU"
"Sul";"RS";431127;"Lagoa dos Três Cantos";2;4;0,5;50;"NÃO ALCANÇOU"
"Sul";"RS";431130;"Lagoa Vermelha";4;4;1;100;"ALCANÇOU"
"Sul";"RS";431140;"Lajeado";4;4;1;100;"ALCANÇOU"
"Sul";"RS";431142;"Lajeado do Bugre";4;4;1;100;"ALCANÇOU"
"Sul";"RS";431150;"Lavras do Sul";4;4;1;100;"ALCANÇOU"
"Sul";"RS";431160;"Liberato Salzano";1;4;0,25;25;"NÃO ALCANÇOU"
"Sul";"RS";431162;"Lindolfo Collor";4;4;1;100;"ALCANÇOU"
"Sul";"RS";431164;"Linha Nova";1;4;0,25;25;"NÃO ALCANÇOU"
"Sul";"RS";431170;"Machadinho";4;4;1;100;"ALCANÇOU"
"Sul";"RS";431171;"Maçambará";1;4;0,25;25;"NÃO ALCANÇOU"
"Sul";"RS";431173;"Mampituba";4;4;1;100;"ALCANÇOU"
"Sul";"RS";431175;"Manoel Viana";2;4;0,5;50;"NÃO ALCANÇOU"
"Sul";"RS";431177;"Maquiné";4;4;1;100;"ALCANÇOU"
"Sul";"RS";431179;"Maratá";4;4;1;100;"ALCANÇOU"
"Sul";"RS";431180;"Marau";3;4;0,75;75;"NÃO ALCANÇOU"
"Sul";"RS";431190;"Marcelino Ramos";1;4;0,25;25;"NÃO ALCANÇOU"
"Sul";"RS";431198;"Mariana Pimentel";4;4;1;100;"ALCANÇOU"
"Sul";"RS";431200;"Mariano Moro";1;4;0,25;25;"NÃO ALCANÇOU"
"Sul";"RS";431205;"Marques de Souza";3;4;0,75;75;"NÃO ALCANÇOU"
"Sul";"RS";431210;"Mata";4;4;1;100;"ALCANÇOU"
"Sul";"RS";431213;"Mato Castelhano";0;4;0;0;"NÃO ALCANÇOU"
"Sul";"RS";431215;"Mato Leitão";1;4;0,25;25;"NÃO ALCANÇOU"
"Sul";"RS";431217;"Mato Queimado";4;4;1;100;"ALCANÇOU"
"Sul";"RS";431220;"Maximiliano de Almeida";0;4;0;0;"NÃO ALCANÇOU"
"Sul";"RS";431225;"Minas do Leão";1;4;0,25;25;"NÃO ALCANÇOU"
"Sul";"RS";431230;"Miraguaí";2;4;0,5;50;"NÃO ALCANÇOU"
"Sul";"RS";431235;"Montauri";1;4;0,25;25;"NÃO ALCANÇOU"
"Sul";"RS";431237;"Monte Alegre dos Campos";4;4;1;100;"ALCANÇOU"
"Sul";"RS";431238;"Monte Belo do Sul";0;4;0;0;"NÃO ALCANÇOU"
"Sul";"RS";431240;"Montenegro";4;4;1;100;"ALCANÇOU"
"Sul";"RS";431242;"Mormaço";2;4;0,5;50;"NÃO ALCANÇOU"
"Sul";"RS";431244;"Morrinhos do Sul";3;4;0,75;75;"NÃO ALCANÇOU"
"Sul";"RS";431245;"Morro Redondo";4;4;1;100;"ALCANÇOU"
"Sul";"RS";431247;"Morro Reuter";4;4;1;100;"ALCANÇOU"
"Sul";"RS";431250;"Mostardas";0;4;0;0;"NÃO ALCANÇOU"
"Sul";"RS";431260;"Muçum";1;4;0,25;25;"NÃO ALCANÇOU"
"Sul";"RS";431261;"Muitos Capões";1;4;0,25;25;"NÃO ALCANÇOU"
"Sul";"RS";431262;"Muliterno";1;4;0,25;25;"NÃO ALCANÇOU"
"Sul";"RS";431265;"Não-Me-Toque";1;4;0,25;25;"NÃO ALCANÇOU"
"Sul";"RS";431267;"Nicolau Vergueiro";0;4;0;0;"NÃO ALCANÇOU"
"Sul";"RS";431270;"Nonoai";1;4;0,25;25;"NÃO ALCANÇOU"
"Sul";"RS";431275;"Nova Alvorada";0;4;0;0;"NÃO ALCANÇOU"
"Sul";"RS";431280;"Nova Araçá";4;4;1;100;"ALCANÇOU"
"Sul";"RS";431290;"Nova Bassano";4;4;1;100;"ALCANÇOU"
"Sul";"RS";431295;"Nova Boa Vista";4;4;1;100;"ALCANÇOU"
"Sul";"RS";431300;"Nova Bréscia";3;4;0,75;75;"NÃO ALCANÇOU"
"Sul";"RS";431301;"Nova Candelária";4;4;1;100;"ALCANÇOU"
"Sul";"RS";431303;"Nova Esperança do Sul";4;4;1;100;"ALCANÇOU"
"Sul";"RS";431306;"Nova Hartz";1;4;0,25;25;"NÃO ALCANÇOU"
"Sul";"RS";431308;"Nova Pádua";3;4;0,75;75;"NÃO ALCANÇOU"
"Sul";"RS";431310;"Nova Palma";4;4;1;100;"ALCANÇOU"
"Sul";"RS";431320;"Nova Petrópolis";0;4;0;0;"NÃO ALCANÇOU"
"Sul";"RS";431330;"Nova Prata";1;4;0,25;25;"NÃO ALCANÇOU"
"Sul";"RS";431333;"Nova Ramada";3;4;0,75;75;"NÃO ALCANÇOU"
"Sul";"RS";431335;"Nova Roma do Sul";1;4;0,25;25;"NÃO ALCANÇOU"
"Sul";"RS";431337;"Nova Santa Rita";0;4;0;0;"NÃO ALCANÇOU"
"Sul";"RS";431339;"Novo Cabrais";2;4;0,5;50;"NÃO ALCANÇOU"
"Sul";"RS";431340;"Novo Hamburgo";2;4;0,5;50;"NÃO ALCANÇOU"
"Sul";"RS";431342;"Novo Machado";4;4;1;100;"ALCANÇOU"
"Sul";"RS";431344;"Novo Tiradentes";3;4;0,75;75;"NÃO ALCANÇOU"
"Sul";"RS";431346;"Novo Xingu";1;4;0,25;25;"NÃO ALCANÇOU"
"Sul";"RS";431349;"Novo Barreiro";3;4;0,75;75;"NÃO ALCANÇOU"
"Sul";"RS";431350;"Osório";0;4;0;0;"NÃO ALCANÇOU"
"Sul";"RS";431360;"Paim Filho";1;4;0,25;25;"NÃO ALCANÇOU"
"Sul";"RS";431365;"Palmares do Sul";2;4;0,5;50;"NÃO ALCANÇOU"
"Sul";"RS";431370;"Palmeira das Missões";1;4;0,25;25;"NÃO ALCANÇOU"
"Sul";"RS";431380;"Palmitinho";4;4;1;100;"ALCANÇOU"
"Sul";"RS";431390;"Panambi";4;4;1;100;"ALCANÇOU"
"Sul";"RS";431395;"Pantano Grande";1;4;0,25;25;"NÃO ALCANÇOU"
"Sul";"RS";431400;"Paraí";1;4;0,25;25;"NÃO ALCANÇOU"
"Sul";"RS";431402;"Paraíso do Sul";2;4;0,5;50;"NÃO ALCANÇOU"
"Sul";"RS";431403;"Pareci Novo";4;4;1;100;"ALCANÇOU"
"Sul";"RS";431405;"Parobé";2;4;0,5;50;"NÃO ALCANÇOU"
"Sul";"RS";431406;"Passa Sete";2;4;0,5;50;"NÃO ALCANÇOU"
"Sul";"RS";431407;"Passo do Sobrado";4;4;1;100;"ALCANÇOU"
"Sul";"RS";431410;"Passo Fundo";0;4;0;0;"NÃO ALCANÇOU"
"Sul";"RS";431413;"Paulo Bento";1;4;0,25;25;"NÃO ALCANÇOU"
"Sul";"RS";431415;"Paverama";1;4;0,25;25;"NÃO ALCANÇOU"
"Sul";"RS";431417;"Pedras Altas";4;4;1;100;"ALCANÇOU"
"Sul";"RS";431420;"Pedro Osório";2;4;0,5;50;"NÃO ALCANÇOU"
"Sul";"RS";431430;"Pejuçara";1;4;0,25;25;"NÃO ALCANÇOU"
"Sul";"RS";431440;"Pelotas";2;4;0,5;50;"NÃO ALCANÇOU"
"Sul";"RS";431442;"Picada Café";0;4;0;0;"NÃO ALCANÇOU"
"Sul";"RS";431445;"Pinhal";3;4;0,75;75;"NÃO ALCANÇOU"
"Sul";"RS";431446;"Pinhal da Serra";4;4;1;100;"ALCANÇOU"
"Sul";"RS";431447;"Pinhal Grande";1;4;0,25;25;"NÃO ALCANÇOU"
"Sul";"RS";431449;"Pinheirinho do Vale";3;4;0,75;75;"NÃO ALCANÇOU"
"Sul";"RS";431450;"Pinheiro Machado";4;4;1;100;"ALCANÇOU"
"Sul";"RS";431454;"Pinto Bandeira";1;4;0,25;25;"NÃO ALCANÇOU"
"Sul";"RS";431455;"Pirapó";4;4;1;100;"ALCANÇOU"
"Sul";"RS";431460;"Piratini";0;4;0;0;"NÃO ALCANÇOU"
"Sul";"RS";431470;"Planalto";1;4;0,25;25;"NÃO ALCANÇOU"
"Sul";"RS";431475;"Poço das Antas";0;4;0;0;"NÃO ALCANÇOU"
"Sul";"RS";431477;"Pontão";2;4;0,5;50;"NÃO ALCANÇOU"
"Sul";"RS";431478;"Ponte Preta";4;4;1;100;"ALCANÇOU"
"Sul";"RS";431480;"Portão";0;4;0;0;"NÃO ALCANÇOU"
"Sul";"RS";431490;"Porto Alegre";0;4;0;0;"NÃO ALCANÇOU"
"Sul";"RS";431500;"Porto Lucena";4;4;1;100;"ALCANÇOU"
"Sul";"RS";431505;"Porto Mauá";3;4;0,75;75;"NÃO ALCANÇOU"
"Sul";"RS";431507;"Porto Vera Cruz";1;4;0,25;25;"NÃO ALCANÇOU"
"Sul";"RS";431510;"Porto Xavier";1;4;0,25;25;"NÃO ALCANÇOU"
"Sul";"RS";431513;"Pouso Novo";1;4;0,25;25;"NÃO ALCANÇOU"
"Sul";"RS";431514;"Presidente Lucena";4;4;1;100;"ALCANÇOU"
"Sul";"RS";431515;"Progresso";3;4;0,75;75;"NÃO ALCANÇOU"
"Sul";"RS";431517;"Protásio Alves";4;4;1;100;"ALCANÇOU"
"Sul";"RS";431520;"Putinga";3;4;0,75;75;"NÃO ALCANÇOU"
"Sul";"RS";431530;"Quaraí";4;4;1;100;"ALCANÇOU"
"Sul";"RS";431531;"Quatro Irmãos";4;4;1;100;"ALCANÇOU"
"Sul";"RS";431532;"Quevedos";0;4;0;0;"NÃO ALCANÇOU"
"Sul";"RS";431535;"Quinze de Novembro";4;4;1;100;"ALCANÇOU"
"Sul";"RS";431540;"Redentora";0;4;0;0;"NÃO ALCANÇOU"
"Sul";"RS";431545;"Relvado";4;4;1;100;"ALCANÇOU"
"Sul";"RS";431550;"Restinga Sêca";1;4;0,25;25;"NÃO ALCANÇOU"
"Sul";"RS";431555;"Rio dos Índios";4;4;1;100;"ALCANÇOU"
"Sul";"RS";431560;"Rio Grande";0;4;0;0;"NÃO ALCANÇOU"
"Sul";"RS";431570;"Rio Pardo";2;4;0,5;50;"NÃO ALCANÇOU"
"Sul";"RS";431575;"Riozinho";1;4;0,25;25;"NÃO ALCANÇOU"
"Sul";"RS";431580;"Roca Sales";4;4;1;100;"ALCANÇOU"
"Sul";"RS";431590;"Rodeio Bonito";4;4;1;100;"ALCANÇOU"
"Sul";"RS";431595;"Rolador";4;4;1;100;"ALCANÇOU"
"Sul";"RS";431600;"Rolante";0;4;0;0;"NÃO ALCANÇOU"
"Sul";"RS";431610;"Ronda Alta";1;4;0,25;25;"NÃO ALCANÇOU"
"Sul";"RS";431620;"Rondinha";1;4;0,25;25;"NÃO ALCANÇOU"
"Sul";"RS";431630;"Roque Gonzales";3;4;0,75;75;"NÃO ALCANÇOU"
"Sul";"RS";431640;"Rosário do Sul";0;4;0;0;"NÃO ALCANÇOU"
"Sul";"RS";431642;"Sagrada Família";4;4;1;100;"ALCANÇOU"
"Sul";"RS";431643;"Saldanha Marinho";4;4;1;100;"ALCANÇOU"
"Sul";"RS";431645;"Salto do Jacuí";4;4;1;100;"ALCANÇOU"
"Sul";"RS";431647;"Salvador das Missões";4;4;1;100;"ALCANÇOU"
"Sul";"RS";431650;"Salvador do Sul";1;4;0,25;25;"NÃO ALCANÇOU"
"Sul";"RS";431660;"Sananduva";0;4;0;0;"NÃO ALCANÇOU"
"Sul";"RS";431670;"Santa Bárbara do Sul";4;4;1;100;"ALCANÇOU"
"Sul";"RS";431673;"Santa Cecília do Sul";4;4;1;100;"ALCANÇOU"
"Sul";"RS";431675;"Santa Clara do Sul";4;4;1;100;"ALCANÇOU"
"Sul";"RS";431680;"Santa Cruz do Sul";2;4;0,5;50;"NÃO ALCANÇOU"
"Sul";"RS";431690;"Santa Maria";1;4;0,25;25;"NÃO ALCANÇOU"
"Sul";"RS";431695;"Santa Maria do Herval";2;4;0,5;50;"NÃO ALCANÇOU"
"Sul";"RS";431697;"Santa Margarida do Sul";3;4;0,75;75;"NÃO ALCANÇOU"
"Sul";"RS";431700;"Santana da Boa Vista";0;4;0;0;"NÃO ALCANÇOU"
"Sul";"RS";431710;"Sant'Ana do Livramento";0;4;0;0;"NÃO ALCANÇOU"
"Sul";"RS";431720;"Santa Rosa";3;4;0,75;75;"NÃO ALCANÇOU"
"Sul";"RS";431725;"Santa Tereza";1;4;0,25;25;"NÃO ALCANÇOU"
"Sul";"RS";431730;"Santa Vitória do Palmar";0;4;0;0;"NÃO ALCANÇOU"
"Sul";"RS";431740;"Santiago";2;4;0,5;50;"NÃO ALCANÇOU"
"Sul";"RS";431750;"Santo Ângelo";0;4;0;0;"NÃO ALCANÇOU"
"Sul";"RS";431755;"Santo Antônio do Palma";1;4;0,25;25;"NÃO ALCANÇOU"
"Sul";"RS";431760;"Santo Antônio da Patrulha";4;4;1;100;"ALCANÇOU"
"Sul";"RS";431770;"Santo Antônio das Missões";1;4;0,25;25;"NÃO ALCANÇOU"
"Sul";"RS";431775;"Santo Antônio do Planalto";1;4;0,25;25;"NÃO ALCANÇOU"
"Sul";"RS";431780;"Santo Augusto";1;4;0,25;25;"NÃO ALCANÇOU"
"Sul";"RS";431790;"Santo Cristo";4;4;1;100;"ALCANÇOU"
"Sul";"RS";431795;"Santo Expedito do Sul";1;4;0,25;25;"NÃO ALCANÇOU"
"Sul";"RS";431800;"São Borja";2;4;0,5;50;"NÃO ALCANÇOU"
"Sul";"RS";431805;"São Domingos do Sul";3;4;0,75;75;"NÃO ALCANÇOU"
"Sul";"RS";431810;"São Francisco de Assis";0;4;0;0;"NÃO ALCANÇOU"
"Sul";"RS";431820;"São Francisco de Paula";0;4;0;0;"NÃO ALCANÇOU"
"Sul";"RS";431830;"São Gabriel";1;4;0,25;25;"NÃO ALCANÇOU"
"Sul";"RS";431840;"São Jerônimo";1;4;0,25;25;"NÃO ALCANÇOU"
"Sul";"RS";431842;"São João da Urtiga";3;4;0,75;75;"NÃO ALCANÇOU"
"Sul";"RS";431843;"São João do Polêsine";4;4;1;100;"ALCANÇOU"
"Sul";"RS";431844;"São Jorge";3;4;0,75;75;"NÃO ALCANÇOU"
"Sul";"RS";431845;"São José das Missões";2;4;0,5;50;"NÃO ALCANÇOU"
"Sul";"RS";431846;"São José do Herval";2;4;0,5;50;"NÃO ALCANÇOU"
"Sul";"RS";431848;"São José do Hortêncio";4;4;1;100;"ALCANÇOU"
"Sul";"RS";431849;"São José do Inhacorá";1;4;0,25;25;"NÃO ALCANÇOU"
"Sul";"RS";431850;"São José do Norte";1;4;0,25;25;"NÃO ALCANÇOU"
"Sul";"RS";431860;"São José do Ouro";2;4;0,5;50;"NÃO ALCANÇOU"
"Sul";"RS";431861;"São José do Sul";4;4;1;100;"ALCANÇOU"
"Sul";"RS";431862;"São José dos Ausentes";3;4;0,75;75;"NÃO ALCANÇOU"
"Sul";"RS";431870;"São Leopoldo";0;4;0;0;"NÃO ALCANÇOU"
"Sul";"RS";431880;"São Lourenço do Sul";4;4;1;100;"ALCANÇOU"
"Sul";"RS";431890;"São Luiz Gonzaga";0;4;0;0;"NÃO ALCANÇOU"
"Sul";"RS";431900;"São Marcos";3;4;0,75;75;"NÃO ALCANÇOU"
"Sul";"RS";431910;"São Martinho";4;4;1;100;"ALCANÇOU"
"Sul";"RS";431912;"São Martinho da Serra";1;4;0,25;25;"NÃO ALCANÇOU"
"Sul";"RS";431915;"São Miguel das Missões";4;4;1;100;"ALCANÇOU"
"Sul";"RS";431920;"São Nicolau";1;4;0,25;25;"NÃO ALCANÇOU"
"Sul";"RS";431930;"São Paulo das Missões";2;4;0,5;50;"NÃO ALCANÇOU"
"Sul";"RS";431935;"São Pedro da Serra";2;4;0,5;50;"NÃO ALCANÇOU"
"Sul";"RS";431936;"São Pedro das Missões";0;4;0;0;"NÃO ALCANÇOU"
"Sul";"RS";431937;"São Pedro do Butiá";4;4;1;100;"ALCANÇOU"
"Sul";"RS";431940;"São Pedro do Sul";0;4;0;0;"NÃO ALCANÇOU"
"Sul";"RS";431950;"São Sebastião do Caí";1;4;0,25;25;"NÃO ALCANÇOU"
"Sul";"RS";431960;"São Sepé";4;4;1;100;"ALCANÇOU"
"Sul";"RS";431970;"São Valentim";0;4;0;0;"NÃO ALCANÇOU"
"Sul";"RS";431971;"São Valentim do Sul";4;4;1;100;"ALCANÇOU"
"Sul";"RS";431973;"São Valério do Sul";0;4;0;0;"NÃO ALCANÇOU"
"Sul";"RS";431975;"São Vendelino";3;4;0,75;75;"NÃO ALCANÇOU"
"Sul";"RS";431980;"São Vicente do Sul";1;4;0,25;25;"NÃO ALCANÇOU"
"Sul";"RS";431990;"Sapiranga";0;4;0;0;"NÃO ALCANÇOU"
"Sul";"RS";432000;"Sapucaia do Sul";0;4;0;0;"NÃO ALCANÇOU"
"Sul";"RS";432010;"Sarandi";1;4;0,25;25;"NÃO ALCANÇOU"
"Sul";"RS";432020;"Seberi";4;4;1;100;"ALCANÇOU"
"Sul";"RS";432023;"Sede Nova";0;4;0;0;"NÃO ALCANÇOU"
"Sul";"RS";432026;"Segredo";3;4;0,75;75;"NÃO ALCANÇOU"
"Sul";"RS";432030;"Selbach";4;4;1;100;"ALCANÇOU"
"Sul";"RS";432032;"Senador Salgado Filho";1;4;0,25;25;"NÃO ALCANÇOU"
"Sul";"RS";432035;"Sentinela do Sul";3;4;0,75;75;"NÃO ALCANÇOU"
"Sul";"RS";432040;"Serafina Corrêa";2;4;0,5;50;"NÃO ALCANÇOU"
"Sul";"RS";432045;"Sério";4;4;1;100;"ALCANÇOU"
"Sul";"RS";432050;"Sertão";1;4;0,25;25;"NÃO ALCANÇOU"
"Sul";"RS";432055;"Sertão Santana";1;4;0,25;25;"NÃO ALCANÇOU"
"Sul";"RS";432057;"Sete de Setembro";0;4;0;0;"NÃO ALCANÇOU"
"Sul";"RS";432060;"Severiano de Almeida";4;4;1;100;"ALCANÇOU"
"Sul";"RS";432065;"Silveira Martins";3;4;0,75;75;"NÃO ALCANÇOU"
"Sul";"RS";432067;"Sinimbu";1;4;0,25;25;"NÃO ALCANÇOU"
"Sul";"RS";432070;"Sobradinho";3;4;0,75;75;"NÃO ALCANÇOU"
"Sul";"RS";432080;"Soledade";4;4;1;100;"ALCANÇOU"
"Sul";"RS";432085;"Tabaí";4;4;1;100;"ALCANÇOU"
"Sul";"RS";432090;"Tapejara";2;4;0,5;50;"NÃO ALCANÇOU"
"Sul";"RS";432100;"Tapera";0;4;0;0;"NÃO ALCANÇOU"
"Sul";"RS";432110;"Tapes";0;4;0;0;"NÃO ALCANÇOU"
"Sul";"RS";432120;"Taquara";0;4;0;0;"NÃO ALCANÇOU"
"Sul";"RS";432130;"Taquari";1;4;0,25;25;"NÃO ALCANÇOU"
"Sul";"RS";432132;"Taquaruçu do Sul";3;4;0,75;75;"NÃO ALCANÇOU"
"Sul";"RS";432135;"Tavares";4;4;1;100;"ALCANÇOU"
"Sul";"RS";432140;"Tenente Portela";0;4;0;0;"NÃO ALCANÇOU"
"Sul";"RS";432143;"Terra de Areia";2;4;0,5;50;"NÃO ALCANÇOU"
"Sul";"RS";432145;"Teutônia";1;4;0,25;25;"NÃO ALCANÇOU"
"Sul";"RS";432146;"Tio Hugo";4;4;1;100;"ALCANÇOU"
"Sul";"RS";432147;"Tiradentes do Sul";0;4;0;0;"NÃO ALCANÇOU"
"Sul";"RS";432149;"Toropi";1;4;0,25;25;"NÃO ALCANÇOU"
"Sul";"RS";432150;"Torres";0;4;0;0;"NÃO ALCANÇOU"
"Sul";"RS";432160;"Tramandaí";1;4;0,25;25;"NÃO ALCANÇOU"
"Sul";"RS";432162;"Travesseiro";0;4;0;0;"NÃO ALCANÇOU"
"Sul";"RS";432163;"Três Arroios";1;4;0,25;25;"NÃO ALCANÇOU"
"Sul";"RS";432166;"Três Cachoeiras";4;4;1;100;"ALCANÇOU"
"Sul";"RS";432170;"Três Coroas";4;4;1;100;"ALCANÇOU"
"Sul";"RS";432180;"Três de Maio";3;4;0,75;75;"NÃO ALCANÇOU"
"Sul";"RS";432183;"Três Forquilhas";3;4;0,75;75;"NÃO ALCANÇOU"
"Sul";"RS";432185;"Três Palmeiras";4;4;1;100;"ALCANÇOU"
"Sul";"RS";432190;"Três Passos";4;4;1;100;"ALCANÇOU"
"Sul";"RS";432195;"Trindade do Sul";4;4;1;100;"ALCANÇOU"
"Sul";"RS";432200;"Triunfo";3;4;0,75;75;"NÃO ALCANÇOU"
"Sul";"RS";432210;"Tucunduva";3;4;0,75;75;"NÃO ALCANÇOU"
"Sul";"RS";432215;"Tunas";2;4;0,5;50;"NÃO ALCANÇOU"
"Sul";"RS";432218;"Tupanci do Sul";4;4;1;100;"ALCANÇOU"
"Sul";"RS";432220;"Tupanciretã";2;4;0,5;50;"NÃO ALCANÇOU"
"Sul";"RS";432225;"Tupandi";2;4;0,5;50;"NÃO ALCANÇOU"
"Sul";"RS";432230;"Tuparendi";3;4;0,75;75;"NÃO ALCANÇOU"
"Sul";"RS";432232;"Turuçu";0;4;0;0;"NÃO ALCANÇOU"
"Sul";"RS";432234;"Ubiretama";1;4;0,25;25;"NÃO ALCANÇOU"
"Sul";"RS";432235;"União da Serra";0;4;0;0;"NÃO ALCANÇOU"
"Sul";"RS";432237;"Unistalda";1;4;0,25;25;"NÃO ALCANÇOU"
"Sul";"RS";432240;"Uruguaiana";0;4;0;0;"NÃO ALCANÇOU"
"Sul";"RS";432250;"Vacaria";2;4;0,5;50;"NÃO ALCANÇOU"
"Sul";"RS";432252;"Vale Verde";3;4;0,75;75;"NÃO ALCANÇOU"
"Sul";"RS";432253;"Vale do Sol";4;4;1;100;"ALCANÇOU"
"Sul";"RS";432254;"Vale Real";4;4;1;100;"ALCANÇOU"
"Sul";"RS";432255;"Vanini";3;4;0,75;75;"NÃO ALCANÇOU"
"Sul";"RS";432260;"Venâncio Aires";1;4;0,25;25;"NÃO ALCANÇOU"
"Sul";"RS";432270;"Vera Cruz";4;4;1;100;"ALCANÇOU"
"Sul";"RS";432280;"Veranópolis";0;4;0;0;"NÃO ALCANÇOU"
"Sul";"RS";432285;"Vespasiano Corrêa";4;4;1;100;"ALCANÇOU"
"Sul";"RS";432290;"Viadutos";3;4;0,75;75;"NÃO ALCANÇOU"
"Sul";"RS";432300;"Viamão";4;4;1;100;"ALCANÇOU"
"Sul";"RS";432310;"Vicente Dutra";4;4;1;100;"ALCANÇOU"
"Sul";"RS";432320;"Victor Graeff";2;4;0,5;50;"NÃO ALCANÇOU"
"Sul";"RS";432330;"Vila Flores";1;4;0,25;25;"NÃO ALCANÇOU"
"Sul";"RS";432335;"Vila Lângaro";4;4;1;100;"ALCANÇOU"
"Sul";"RS";432340;"Vila Maria";4;4;1;100;"ALCANÇOU"
"Sul";"RS";432345;"Vila Nova do Sul";4;4;1;100;"ALCANÇOU"
"Sul";"RS";432350;"Vista Alegre";3;4;0,75;75;"NÃO ALCANÇOU"
"Sul";"RS";432360;"Vista Alegre do Prata";2;4;0,5;50;"NÃO ALCANÇOU"
"Sul";"RS";432370;"Vista Gaúcha";1;4;0,25;25;"NÃO ALCANÇOU"
"Sul";"RS";432375;"Vitória das Missões";2;4;0,5;50;"NÃO ALCANÇOU"
"Sul";"RS";432377;"Westfália";1;4;0,25;25;"NÃO ALCANÇOU"
"Sul";"RS";432380;"Xangri-lá";2;4;0,5;50;"NÃO ALCANÇOU"
"Centro-Oeste";"MS";500020;"Água Clara";4;4;1;100;"ALCANÇOU"
"Centro-Oeste";"MS";500025;"Alcinópolis";4;4;1;100;"ALCANÇOU"
"Centro-Oeste";"MS";500060;"Amambai";1;4;0,25;25;"NÃO ALCANÇOU"
"Centro-Oeste";"MS";500070;"Anastácio";4;4;1;100;"ALCANÇOU"
"Centro-Oeste";"MS";500080;"Anaurilândia";4;4;1;100;"ALCANÇOU"
"Centro-Oeste";"MS";500085;"Angélica";4;4;1;100;"ALCANÇOU"
"Centro-Oeste";"MS";500090;"Antônio João";4;4;1;100;"ALCANÇOU"
"Centro-Oeste";"MS";500100;"Aparecida do Taboado";3;4;0,75;75;"NÃO ALCANÇOU"
"Centro-Oeste";"MS";500110;"Aquidauana";1;4;0,25;25;"NÃO ALCANÇOU"
"Centro-Oeste";"MS";500124;"Aral Moreira";4;4;1;100;"ALCANÇOU"
"Centro-Oeste";"MS";500150;"Bandeirantes";0;4;0;0;"NÃO ALCANÇOU"
"Centro-Oeste";"MS";500190;"Bataguassu";4;4;1;100;"ALCANÇOU"
"Centro-Oeste";"MS";500200;"Batayporã";4;4;1;100;"ALCANÇOU"
"Centro-Oeste";"MS";500210;"Bela Vista";0;4;0;0;"NÃO ALCANÇOU"
"Centro-Oeste";"MS";500215;"Bodoquena";4;4;1;100;"ALCANÇOU"
"Centro-Oeste";"MS";500220;"Bonito";1;4;0,25;25;"NÃO ALCANÇOU"
"Centro-Oeste";"MS";500230;"Brasilândia";4;4;1;100;"ALCANÇOU"
"Centro-Oeste";"MS";500240;"Caarapó";2;4;0,5;50;"NÃO ALCANÇOU"
"Centro-Oeste";"MS";500260;"Camapuã";4;4;1;100;"ALCANÇOU"
"Centro-Oeste";"MS";500270;"Campo Grande";1;4;0,25;25;"NÃO ALCANÇOU"
"Centro-Oeste";"MS";500280;"Caracol";4;4;1;100;"ALCANÇOU"
"Centro-Oeste";"MS";500290;"Cassilândia";4;4;1;100;"ALCANÇOU"
"Centro-Oeste";"MS";500295;"Chapadão do Sul";4;4;1;100;"ALCANÇOU"
"Centro-Oeste";"MS";500310;"Corguinho";0;4;0;0;"NÃO ALCANÇOU"
"Centro-Oeste";"MS";500315;"Coronel Sapucaia";1;4;0,25;25;"NÃO ALCANÇOU"
"Centro-Oeste";"MS";500320;"Corumbá";1;4;0,25;25;"NÃO ALCANÇOU"
"Centro-Oeste";"MS";500325;"Costa Rica";2;4;0,5;50;"NÃO ALCANÇOU"
"Centro-Oeste";"MS";500330;"Coxim";0;4;0;0;"NÃO ALCANÇOU"
"Centro-Oeste";"MS";500345;"Deodápolis";4;4;1;100;"ALCANÇOU"
"Centro-Oeste";"MS";500348;"Dois Irmãos do Buriti";1;4;0,25;25;"NÃO ALCANÇOU"
"Centro-Oeste";"MS";500350;"Douradina";4;4;1;100;"ALCANÇOU"
"Centro-Oeste";"MS";500370;"Dourados";1;4;0,25;25;"NÃO ALCANÇOU"
"Centro-Oeste";"MS";500375;"Eldorado";2;4;0,5;50;"NÃO ALCANÇOU"
"Centro-Oeste";"MS";500380;"Fátima do Sul";4;4;1;100;"ALCANÇOU"
"Centro-Oeste";"MS";500390;"Figueirão";4;4;1;100;"ALCANÇOU"
"Centro-Oeste";"MS";500400;"Glória de Dourados";0;4;0;0;"NÃO ALCANÇOU"
"Centro-Oeste";"MS";500410;"Guia Lopes da Laguna";4;4;1;100;"ALCANÇOU"
"Centro-Oeste";"MS";500430;"Iguatemi";4;4;1;100;"ALCANÇOU"
"Centro-Oeste";"MS";500440;"Inocência";4;4;1;100;"ALCANÇOU"
"Centro-Oeste";"MS";500450;"Itaporã";4;4;1;100;"ALCANÇOU"
"Centro-Oeste";"MS";500460;"Itaquiraí";1;4;0,25;25;"NÃO ALCANÇOU"
"Centro-Oeste";"MS";500470;"Ivinhema";0;4;0;0;"NÃO ALCANÇOU"
"Centro-Oeste";"MS";500480;"Japorã";4;4;1;100;"ALCANÇOU"
"Centro-Oeste";"MS";500490;"Jaraguari";0;4;0;0;"NÃO ALCANÇOU"
"Centro-Oeste";"MS";500500;"Jardim";4;4;1;100;"ALCANÇOU"
"Centro-Oeste";"MS";500510;"Jateí";4;4;1;100;"ALCANÇOU"
"Centro-Oeste";"MS";500515;"Juti";4;4;1;100;"ALCANÇOU"
"Centro-Oeste";"MS";500520;"Ladário";1;4;0,25;25;"NÃO ALCANÇOU"
"Centro-Oeste";"MS";500525;"Laguna Carapã";4;4;1;100;"ALCANÇOU"
"Centro-Oeste";"MS";500540;"Maracaju";3;4;0,75;75;"NÃO ALCANÇOU"
"Centro-Oeste";"MS";500560;"Miranda";0;4;0;0;"NÃO ALCANÇOU"
"Centro-Oeste";"MS";500568;"Mundo Novo";2;4;0,5;50;"NÃO ALCANÇOU"
"Centro-Oeste";"MS";500570;"Naviraí";3;4;0,75;75;"NÃO ALCANÇOU"
"Centro-Oeste";"MS";500580;"Nioaque";4;4;1;100;"ALCANÇOU"
"Centro-Oeste";"MS";500600;"Nova Alvorada do Sul";3;4;0,75;75;"NÃO ALCANÇOU"
"Centro-Oeste";"MS";500620;"Nova Andradina";2;4;0,5;50;"NÃO ALCANÇOU"
"Centro-Oeste";"MS";500625;"Novo Horizonte do Sul";1;4;0,25;25;"NÃO ALCANÇOU"
"Centro-Oeste";"MS";500627;"Paraíso das Águas";4;4;1;100;"ALCANÇOU"
"Centro-Oeste";"MS";500630;"Paranaíba";0;4;0;0;"NÃO ALCANÇOU"
"Centro-Oeste";"MS";500635;"Paranhos";4;4;1;100;"ALCANÇOU"
"Centro-Oeste";"MS";500640;"Pedro Gomes";4;4;1;100;"ALCANÇOU"
"Centro-Oeste";"MS";500660;"Ponta Porã";4;4;1;100;"ALCANÇOU"
"Centro-Oeste";"MS";500690;"Porto Murtinho";4;4;1;100;"ALCANÇOU"
"Centro-Oeste";"MS";500710;"Ribas do Rio Pardo";0;4;0;0;"NÃO ALCANÇOU"
"Centro-Oeste";"MS";500720;"Rio Brilhante";1;4;0,25;25;"NÃO ALCANÇOU"
"Centro-Oeste";"MS";500730;"Rio Negro";4;4;1;100;"ALCANÇOU"
"Centro-Oeste";"MS";500740;"Rio Verde de Mato Grosso";4;4;1;100;"ALCANÇOU"
"Centro-Oeste";"MS";500750;"Rochedo";3;4;0,75;75;"NÃO ALCANÇOU"
"Centro-Oeste";"MS";500755;"Santa Rita do Pardo";4;4;1;100;"ALCANÇOU"
"Centro-Oeste";"MS";500769;"São Gabriel do Oeste";4;4;1;100;"ALCANÇOU"
"Centro-Oeste";"MS";500770;"Sete Quedas";4;4;1;100;"ALCANÇOU"
"Centro-Oeste";"MS";500780;"Selvíria";4;4;1;100;"ALCANÇOU"
"Centro-Oeste";"MS";500790;"Sidrolândia";1;4;0,25;25;"NÃO ALCANÇOU"
"Centro-Oeste";"MS";500793;"Sonora";1;4;0,25;25;"NÃO ALCANÇOU"
"Centro-Oeste";"MS";500795;"Tacuru";0;4;0;0;"NÃO ALCANÇOU"
"Centro-Oeste";"MS";500797;"Taquarussu";3;4;0,75;75;"NÃO ALCANÇOU"
"Centro-Oeste";"MS";500800;"Terenos";4;4;1;100;"ALCANÇOU"
"Centro-Oeste";"MS";500830;"Três Lagoas";2;4;0,5;50;"NÃO ALCANÇOU"
"Centro-Oeste";"MS";500840;"Vicentina";4;4;1;100;"ALCANÇOU"
"Centro-Oeste";"MT";510010;"Acorizal";4;4;1;100;"ALCANÇOU"
"Centro-Oeste";"MT";510020;"Água Boa";4;4;1;100;"ALCANÇOU"
"Centro-Oeste";"MT";510025;"Alta Floresta";1;4;0,25;25;"NÃO ALCANÇOU"
"Centro-Oeste";"MT";510030;"Alto Araguaia";4;4;1;100;"ALCANÇOU"
"Centro-Oeste";"MT";510035;"Alto Boa Vista";1;4;0,25;25;"NÃO ALCANÇOU"
"Centro-Oeste";"MT";510040;"Alto Garças";4;4;1;100;"ALCANÇOU"
"Centro-Oeste";"MT";510050;"Alto Paraguai";0;4;0;0;"NÃO ALCANÇOU"
"Centro-Oeste";"MT";510060;"Alto Taquari";1;4;0,25;25;"NÃO ALCANÇOU"
"Centro-Oeste";"MT";510080;"Apiacás";1;4;0,25;25;"NÃO ALCANÇOU"
"Centro-Oeste";"MT";510100;"Araguaiana";4;4;1;100;"ALCANÇOU"
"Centro-Oeste";"MT";510120;"Araguainha";4;4;1;100;"ALCANÇOU"
"Centro-Oeste";"MT";510125;"Araputanga";0;4;0;0;"NÃO ALCANÇOU"
"Centro-Oeste";"MT";510130;"Arenápolis";1;4;0,25;25;"NÃO ALCANÇOU"
"Centro-Oeste";"MT";510140;"Aripuanã";4;4;1;100;"ALCANÇOU"
"Centro-Oeste";"MT";510160;"Barão de Melgaço";1;4;0,25;25;"NÃO ALCANÇOU"
"Centro-Oeste";"MT";510170;"Barra do Bugres";4;4;1;100;"ALCANÇOU"
"Centro-Oeste";"MT";510180;"Barra do Garças";0;4;0;0;"NÃO ALCANÇOU"
"Centro-Oeste";"MT";510185;"Bom Jesus do Araguaia";4;4;1;100;"ALCANÇOU"
"Centro-Oeste";"MT";510190;"Brasnorte";1;4;0,25;25;"NÃO ALCANÇOU"
"Centro-Oeste";"MT";510250;"Cáceres";0;4;0;0;"NÃO ALCANÇOU"
"Centro-Oeste";"MT";510260;"Campinápolis";1;4;0,25;25;"NÃO ALCANÇOU"
"Centro-Oeste";"MT";510263;"Campo Novo do Parecis";4;4;1;100;"ALCANÇOU"
"Centro-Oeste";"MT";510267;"Campo Verde";4;4;1;100;"ALCANÇOU"
"Centro-Oeste";"MT";510268;"Campos de Júlio";4;4;1;100;"ALCANÇOU"
"Centro-Oeste";"MT";510269;"Canabrava do Norte";3;4;0,75;75;"NÃO ALCANÇOU"
"Centro-Oeste";"MT";510270;"Canarana";2;4;0,5;50;"NÃO ALCANÇOU"
"Centro-Oeste";"MT";510279;"Carlinda";4;4;1;100;"ALCANÇOU"
"Centro-Oeste";"MT";510285;"Castanheira";0;4;0;0;"NÃO ALCANÇOU"
"Centro-Oeste";"MT";510300;"Chapada dos Guimarães";4;4;1;100;"ALCANÇOU"
"Centro-Oeste";"MT";510305;"Cláudia";4;4;1;100;"ALCANÇOU"
"Centro-Oeste";"MT";510310;"Cocalinho";4;4;1;100;"ALCANÇOU"
"Centro-Oeste";"MT";510320;"Colíder";4;4;1;100;"ALCANÇOU"
"Centro-Oeste";"MT";510325;"Colniza";4;4;1;100;"ALCANÇOU"
"Centro-Oeste";"MT";510330;"Comodoro";0;4;0;0;"NÃO ALCANÇOU"
"Centro-Oeste";"MT";510335;"Confresa";1;4;0,25;25;"NÃO ALCANÇOU"
"Centro-Oeste";"MT";510336;"Conquista D'Oeste";3;4;0,75;75;"NÃO ALCANÇOU"
"Centro-Oeste";"MT";510337;"Cotriguaçu";1;4;0,25;25;"NÃO ALCANÇOU"
"Centro-Oeste";"MT";510340;"Cuiabá";0;4;0;0;"NÃO ALCANÇOU"
"Centro-Oeste";"MT";510343;"Curvelândia";4;4;1;100;"ALCANÇOU"
"Centro-Oeste";"MT";510345;"Denise";1;4;0,25;25;"NÃO ALCANÇOU"
"Centro-Oeste";"MT";510350;"Diamantino";0;4;0;0;"NÃO ALCANÇOU"
"Centro-Oeste";"MT";510360;"Dom Aquino";4;4;1;100;"ALCANÇOU"
"Centro-Oeste";"MT";510370;"Feliz Natal";2;4;0,5;50;"NÃO ALCANÇOU"
"Centro-Oeste";"MT";510380;"Figueirópolis D'Oeste";0;4;0;0;"NÃO ALCANÇOU"
"Centro-Oeste";"MT";510385;"Gaúcha do Norte";4;4;1;100;"ALCANÇOU"
"Centro-Oeste";"MT";510390;"General Carneiro";0;4;0;0;"NÃO ALCANÇOU"
"Centro-Oeste";"MT";510395;"Glória D'Oeste";2;4;0,5;50;"NÃO ALCANÇOU"
"Centro-Oeste";"MT";510410;"Guarantã do Norte";3;4;0,75;75;"NÃO ALCANÇOU"
"Centro-Oeste";"MT";510420;"Guiratinga";4;4;1;100;"ALCANÇOU"
"Centro-Oeste";"MT";510450;"Indiavaí";4;4;1;100;"ALCANÇOU"
"Centro-Oeste";"MT";510452;"Ipiranga do Norte";4;4;1;100;"ALCANÇOU"
"Centro-Oeste";"MT";510454;"Itanhangá";4;4;1;100;"ALCANÇOU"
"Centro-Oeste";"MT";510455;"Itaúba";0;4;0;0;"NÃO ALCANÇOU"
"Centro-Oeste";"MT";510460;"Itiquira";4;4;1;100;"ALCANÇOU"
"Centro-Oeste";"MT";510480;"Jaciara";4;4;1;100;"ALCANÇOU"
"Centro-Oeste";"MT";510490;"Jangada";2;4;0,5;50;"NÃO ALCANÇOU"
"Centro-Oeste";"MT";510500;"Jauru";4;4;1;100;"ALCANÇOU"
"Centro-Oeste";"MT";510510;"Juara";0;4;0;0;"NÃO ALCANÇOU"
"Centro-Oeste";"MT";510515;"Juína";0;4;0;0;"NÃO ALCANÇOU"
"Centro-Oeste";"MT";510517;"Juruena";4;4;1;100;"ALCANÇOU"
"Centro-Oeste";"MT";510520;"Juscimeira";4;4;1;100;"ALCANÇOU"
"Centro-Oeste";"MT";510523;"Lambari D'Oeste";4;4;1;100;"ALCANÇOU"
"Centro-Oeste";"MT";510525;"Lucas do Rio Verde";2;4;0,5;50;"NÃO ALCANÇOU"
"Centro-Oeste";"MT";510530;"Luciara";3;4;0,75;75;"NÃO ALCANÇOU"
"Centro-Oeste";"MT";510550;"Vila Bela da Santíssima Trindade";1;4;0,25;25;"NÃO ALCANÇOU"
"Centro-Oeste";"MT";510558;"Marcelândia";2;4;0,5;50;"NÃO ALCANÇOU"
"Centro-Oeste";"MT";510560;"Matupá";2;4;0,5;50;"NÃO ALCANÇOU"
"Centro-Oeste";"MT";510562;"Mirassol d'Oeste";0;4;0;0;"NÃO ALCANÇOU"
"Centro-Oeste";"MT";510590;"Nobres";4;4;1;100;"ALCANÇOU"
"Centro-Oeste";"MT";510600;"Nortelândia";4;4;1;100;"ALCANÇOU"
"Centro-Oeste";"MT";510610;"Nossa Senhora do Livramento";4;4;1;100;"ALCANÇOU"
"Centro-Oeste";"MT";510615;"Nova Bandeirantes";4;4;1;100;"ALCANÇOU"
"Centro-Oeste";"MT";510617;"Nova Nazaré";4;4;1;100;"ALCANÇOU"
"Centro-Oeste";"MT";510618;"Nova Lacerda";4;4;1;100;"ALCANÇOU"
"Centro-Oeste";"MT";510619;"Nova Santa Helena";4;4;1;100;"ALCANÇOU"
"Centro-Oeste";"MT";510620;"Nova Brasilândia";1;4;0,25;25;"NÃO ALCANÇOU"
"Centro-Oeste";"MT";510621;"Nova Canaã do Norte";4;4;1;100;"ALCANÇOU"
"Centro-Oeste";"MT";510622;"Nova Mutum";4;4;1;100;"ALCANÇOU"
"Centro-Oeste";"MT";510623;"Nova Olímpia";1;4;0,25;25;"NÃO ALCANÇOU"
"Centro-Oeste";"MT";510624;"Nova Ubiratã";0;4;0;0;"NÃO ALCANÇOU"
"Centro-Oeste";"MT";510625;"Nova Xavantina";4;4;1;100;"ALCANÇOU"
"Centro-Oeste";"MT";510626;"Novo Mundo";4;4;1;100;"ALCANÇOU"
"Centro-Oeste";"MT";510627;"Novo Horizonte do Norte";4;4;1;100;"ALCANÇOU"
"Centro-Oeste";"MT";510628;"Novo São Joaquim";1;4;0,25;25;"NÃO ALCANÇOU"
"Centro-Oeste";"MT";510629;"Paranaíta";3;4;0,75;75;"NÃO ALCANÇOU"
"Centro-Oeste";"MT";510630;"Paranatinga";2;4;0,5;50;"NÃO ALCANÇOU"
"Centro-Oeste";"MT";510631;"Novo Santo Antônio";2;4;0,5;50;"NÃO ALCANÇOU"
"Centro-Oeste";"MT";510637;"Pedra Preta";4;4;1;100;"ALCANÇOU"
"Centro-Oeste";"MT";510642;"Peixoto de Azevedo";0;4;0;0;"NÃO ALCANÇOU"
"Centro-Oeste";"MT";510645;"Planalto da Serra";4;4;1;100;"ALCANÇOU"
"Centro-Oeste";"MT";510650;"Poconé";0;4;0;0;"NÃO ALCANÇOU"
"Centro-Oeste";"MT";510665;"Pontal do Araguaia";3;4;0,75;75;"NÃO ALCANÇOU"
"Centro-Oeste";"MT";510670;"Ponte Branca";4;4;1;100;"ALCANÇOU"
"Centro-Oeste";"MT";510675;"Pontes e Lacerda";1;4;0,25;25;"NÃO ALCANÇOU"
"Centro-Oeste";"MT";510677;"Porto Alegre do Norte";4;4;1;100;"ALCANÇOU"
"Centro-Oeste";"MT";510680;"Porto dos Gaúchos";4;4;1;100;"ALCANÇOU"
"Centro-Oeste";"MT";510682;"Porto Esperidião";2;4;0,5;50;"NÃO ALCANÇOU"
"Centro-Oeste";"MT";510685;"Porto Estrela";0;4;0;0;"NÃO ALCANÇOU"
"Centro-Oeste";"MT";510700;"Poxoréu";0;4;0;0;"NÃO ALCANÇOU"
"Centro-Oeste";"MT";510704;"Primavera do Leste";4;4;1;100;"ALCANÇOU"
"Centro-Oeste";"MT";510706;"Querência";4;4;1;100;"ALCANÇOU"
"Centro-Oeste";"MT";510710;"São José dos Quatro Marcos";4;4;1;100;"ALCANÇOU"
"Centro-Oeste";"MT";510715;"Reserva do Cabaçal";4;4;1;100;"ALCANÇOU"
"Centro-Oeste";"MT";510718;"Ribeirão Cascalheira";4;4;1;100;"ALCANÇOU"
"Centro-Oeste";"MT";510719;"Ribeirãozinho";3;4;0,75;75;"NÃO ALCANÇOU"
"Centro-Oeste";"MT";510720;"Rio Branco";1;4;0,25;25;"NÃO ALCANÇOU"
"Centro-Oeste";"MT";510724;"Santa Carmem";4;4;1;100;"ALCANÇOU"
"Centro-Oeste";"MT";510726;"Santo Afonso";3;4;0,75;75;"NÃO ALCANÇOU"
"Centro-Oeste";"MT";510729;"São José do Povo";4;4;1;100;"ALCANÇOU"
"Centro-Oeste";"MT";510730;"São José do Rio Claro";4;4;1;100;"ALCANÇOU"
"Centro-Oeste";"MT";510735;"São José do Xingu";4;4;1;100;"ALCANÇOU"
"Centro-Oeste";"MT";510740;"São Pedro da Cipa";2;4;0,5;50;"NÃO ALCANÇOU"
"Centro-Oeste";"MT";510757;"Rondolândia";0;4;0;0;"NÃO ALCANÇOU"
"Centro-Oeste";"MT";510760;"Rondonópolis";0;4;0;0;"NÃO ALCANÇOU"
"Centro-Oeste";"MT";510770;"Rosário Oeste";4;4;1;100;"ALCANÇOU"
"Centro-Oeste";"MT";510774;"Santa Cruz do Xingu";4;4;1;100;"ALCANÇOU"
"Centro-Oeste";"MT";510775;"Salto do Céu";4;4;1;100;"ALCANÇOU"
"Centro-Oeste";"MT";510776;"Santa Rita do Trivelato";4;4;1;100;"ALCANÇOU"
"Centro-Oeste";"MT";510777;"Santa Terezinha";4;4;1;100;"ALCANÇOU"
"Centro-Oeste";"MT";510779;"Santo Antônio do Leste";1;4;0,25;25;"NÃO ALCANÇOU"
"Centro-Oeste";"MT";510780;"Santo Antônio do Leverger";1;4;0,25;25;"NÃO ALCANÇOU"
"Centro-Oeste";"MT";510785;"São Félix do Araguaia";4;4;1;100;"ALCANÇOU"
"Centro-Oeste";"MT";510787;"Sapezal";1;4;0,25;25;"NÃO ALCANÇOU"
"Centro-Oeste";"MT";510788;"Serra Nova Dourada";1;4;0,25;25;"NÃO ALCANÇOU"
"Centro-Oeste";"MT";510790;"Sinop";1;4;0,25;25;"NÃO ALCANÇOU"
"Centro-Oeste";"MT";510792;"Sorriso";4;4;1;100;"ALCANÇOU"
"Centro-Oeste";"MT";510794;"Tabaporã";0;4;0;0;"NÃO ALCANÇOU"
"Centro-Oeste";"MT";510795;"Tangará da Serra";4;4;1;100;"ALCANÇOU"
"Centro-Oeste";"MT";510800;"Tapurah";4;4;1;100;"ALCANÇOU"
"Centro-Oeste";"MT";510805;"Terra Nova do Norte";0;4;0;0;"NÃO ALCANÇOU"
"Centro-Oeste";"MT";510810;"Tesouro";1;4;0,25;25;"NÃO ALCANÇOU"
"Centro-Oeste";"MT";510820;"Torixoréu";4;4;1;100;"ALCANÇOU"
"Centro-Oeste";"MT";510830;"União do Sul";1;4;0,25;25;"NÃO ALCANÇOU"
"Centro-Oeste";"MT";510835;"Vale de São Domingos";4;4;1;100;"ALCANÇOU"
"Centro-Oeste";"MT";510840;"Várzea Grande";0;4;0;0;"NÃO ALCANÇOU"
"Centro-Oeste";"MT";510850;"Vera";4;4;1;100;"ALCANÇOU"
"Centro-Oeste";"MT";510860;"Vila Rica";4;4;1;100;"ALCANÇOU"
"Centro-Oeste";"MT";510880;"Nova Guarita";4;4;1;100;"ALCANÇOU"
"Centro-Oeste";"MT";510885;"Nova Marilândia";4;4;1;100;"ALCANÇOU"
"Centro-Oeste";"MT";510890;"Nova Maringá";4;4;1;100;"ALCANÇOU"
"Centro-Oeste";"MT";510895;"Nova Monte Verde";4;4;1;100;"ALCANÇOU"
"Centro-Oeste";"GO";520005;"Abadia de Goiás";2;4;0,5;50;"NÃO ALCANÇOU"
"Centro-Oeste";"GO";520010;"Abadiânia";0;4;0;0;"NÃO ALCANÇOU"
"Centro-Oeste";"GO";520013;"Acreúna";4;4;1;100;"ALCANÇOU"
"Centro-Oeste";"GO";520015;"Adelândia";4;4;1;100;"ALCANÇOU"
"Centro-Oeste";"GO";520017;"Água Fria de Goiás";1;4;0,25;25;"NÃO ALCANÇOU"
"Centro-Oeste";"GO";520020;"Água Limpa";4;4;1;100;"ALCANÇOU"
"Centro-Oeste";"GO";520025;"Águas Lindas de Goiás";0;4;0;0;"NÃO ALCANÇOU"
"Centro-Oeste";"GO";520030;"Alexânia";0;4;0;0;"NÃO ALCANÇOU"
"Centro-Oeste";"GO";520050;"Aloândia";0;4;0;0;"NÃO ALCANÇOU"
"Centro-Oeste";"GO";520055;"Alto Horizonte";4;4;1;100;"ALCANÇOU"
"Centro-Oeste";"GO";520060;"Alto Paraíso de Goiás";0;4;0;0;"NÃO ALCANÇOU"
"Centro-Oeste";"GO";520080;"Alvorada do Norte";3;4;0,75;75;"NÃO ALCANÇOU"
"Centro-Oeste";"GO";520082;"Amaralina";4;4;1;100;"ALCANÇOU"
"Centro-Oeste";"GO";520085;"Americano do Brasil";1;4;0,25;25;"NÃO ALCANÇOU"
"Centro-Oeste";"GO";520090;"Amorinópolis";3;4;0,75;75;"NÃO ALCANÇOU"
"Centro-Oeste";"GO";520110;"Anápolis";0;4;0;0;"NÃO ALCANÇOU"
"Centro-Oeste";"GO";520120;"Anhanguera";3;4;0,75;75;"NÃO ALCANÇOU"
"Centro-Oeste";"GO";520130;"Anicuns";0;4;0;0;"NÃO ALCANÇOU"
"Centro-Oeste";"GO";520140;"Aparecida de Goiânia";1;4;0,25;25;"NÃO ALCANÇOU"
"Centro-Oeste";"GO";520145;"Aparecida do Rio Doce";1;4;0,25;25;"NÃO ALCANÇOU"
"Centro-Oeste";"GO";520150;"Aporé";3;4;0,75;75;"NÃO ALCANÇOU"
"Centro-Oeste";"GO";520160;"Araçu";3;4;0,75;75;"NÃO ALCANÇOU"
"Centro-Oeste";"GO";520170;"Aragarças";1;4;0,25;25;"NÃO ALCANÇOU"
"Centro-Oeste";"GO";520180;"Aragoiânia";1;4;0,25;25;"NÃO ALCANÇOU"
"Centro-Oeste";"GO";520215;"Araguapaz";4;4;1;100;"ALCANÇOU"
"Centro-Oeste";"GO";520235;"Arenópolis";3;4;0,75;75;"NÃO ALCANÇOU"
"Centro-Oeste";"GO";520250;"Aruanã";0;4;0;0;"NÃO ALCANÇOU"
"Centro-Oeste";"GO";520260;"Aurilândia";1;4;0,25;25;"NÃO ALCANÇOU"
"Centro-Oeste";"GO";520280;"Avelinópolis";1;4;0,25;25;"NÃO ALCANÇOU"
"Centro-Oeste";"GO";520310;"Baliza";2;4;0,5;50;"NÃO ALCANÇOU"
"Centro-Oeste";"GO";520320;"Barro Alto";0;4;0;0;"NÃO ALCANÇOU"
"Centro-Oeste";"GO";520330;"Bela Vista de Goiás";0;4;0;0;"NÃO ALCANÇOU"
"Centro-Oeste";"GO";520340;"Bom Jardim de Goiás";3;4;0,75;75;"NÃO ALCANÇOU"
"Centro-Oeste";"GO";520350;"Bom Jesus de Goiás";1;4;0,25;25;"NÃO ALCANÇOU"
"Centro-Oeste";"GO";520355;"Bonfinópolis";3;4;0,75;75;"NÃO ALCANÇOU"
"Centro-Oeste";"GO";520357;"Bonópolis";4;4;1;100;"ALCANÇOU"
"Centro-Oeste";"GO";520360;"Brazabrantes";2;4;0,5;50;"NÃO ALCANÇOU"
"Centro-Oeste";"GO";520380;"Britânia";2;4;0,5;50;"NÃO ALCANÇOU"
"Centro-Oeste";"GO";520390;"Buriti Alegre";2;4;0,5;50;"NÃO ALCANÇOU"
"Centro-Oeste";"GO";520393;"Buriti de Goiás";4;4;1;100;"ALCANÇOU"
"Centro-Oeste";"GO";520396;"Buritinópolis";4;4;1;100;"ALCANÇOU"
"Centro-Oeste";"GO";520400;"Cabeceiras";3;4;0,75;75;"NÃO ALCANÇOU"
"Centro-Oeste";"GO";520410;"Cachoeira Alta";3;4;0,75;75;"NÃO ALCANÇOU"
"Centro-Oeste";"GO";520420;"Cachoeira de Goiás";4;4;1;100;"ALCANÇOU"
"Centro-Oeste";"GO";520425;"Cachoeira Dourada";4;4;1;100;"ALCANÇOU"
"Centro-Oeste";"GO";520430;"Caçu";1;4;0,25;25;"NÃO ALCANÇOU"
"Centro-Oeste";"GO";520440;"Caiapônia";0;4;0;0;"NÃO ALCANÇOU"
"Centro-Oeste";"GO";520450;"Caldas Novas";1;4;0,25;25;"NÃO ALCANÇOU"
"Centro-Oeste";"GO";520455;"Caldazinha";1;4;0,25;25;"NÃO ALCANÇOU"
"Centro-Oeste";"GO";520460;"Campestre de Goiás";4;4;1;100;"ALCANÇOU"
"Centro-Oeste";"GO";520465;"Campinaçu";3;4;0,75;75;"NÃO ALCANÇOU"
"Centro-Oeste";"GO";520470;"Campinorte";2;4;0,5;50;"NÃO ALCANÇOU"
"Centro-Oeste";"GO";520480;"Campo Alegre de Goiás";1;4;0,25;25;"NÃO ALCANÇOU"
"Centro-Oeste";"GO";520485;"Campo Limpo de Goiás";3;4;0,75;75;"NÃO ALCANÇOU"
"Centro-Oeste";"GO";520490;"Campos Belos";1;4;0,25;25;"NÃO ALCANÇOU"
"Centro-Oeste";"GO";520495;"Campos Verdes";1;4;0,25;25;"NÃO ALCANÇOU"
"Centro-Oeste";"GO";520500;"Carmo do Rio Verde";4;4;1;100;"ALCANÇOU"
"Centro-Oeste";"GO";520505;"Castelândia";3;4;0,75;75;"NÃO ALCANÇOU"
"Centro-Oeste";"GO";520510;"Catalão";0;4;0;0;"NÃO ALCANÇOU"
"Centro-Oeste";"GO";520520;"Caturaí";4;4;1;100;"ALCANÇOU"
"Centro-Oeste";"GO";520530;"Cavalcante";1;4;0,25;25;"NÃO ALCANÇOU"
"Centro-Oeste";"GO";520540;"Ceres";0;4;0;0;"NÃO ALCANÇOU"
"Centro-Oeste";"GO";520545;"Cezarina";3;4;0,75;75;"NÃO ALCANÇOU"
"Centro-Oeste";"GO";520547;"Chapadão do Céu";4;4;1;100;"ALCANÇOU"
"Centro-Oeste";"GO";520549;"Cidade Ocidental";0;4;0;0;"NÃO ALCANÇOU"
"Centro-Oeste";"GO";520551;"Cocalzinho de Goiás";4;4;1;100;"ALCANÇOU"
"Centro-Oeste";"GO";520552;"Colinas do Sul";1;4;0,25;25;"NÃO ALCANÇOU"
"Centro-Oeste";"GO";520570;"Córrego do Ouro";1;4;0,25;25;"NÃO ALCANÇOU"
"Centro-Oeste";"GO";520580;"Corumbá de Goiás";4;4;1;100;"ALCANÇOU"
"Centro-Oeste";"GO";520590;"Corumbaíba";4;4;1;100;"ALCANÇOU"
"Centro-Oeste";"GO";520620;"Cristalina";2;4;0,5;50;"NÃO ALCANÇOU"
"Centro-Oeste";"GO";520630;"Cristianópolis";1;4;0,25;25;"NÃO ALCANÇOU"
"Centro-Oeste";"GO";520640;"Crixás";1;4;0,25;25;"NÃO ALCANÇOU"
"Centro-Oeste";"GO";520650;"Cromínia";1;4;0,25;25;"NÃO ALCANÇOU"
"Centro-Oeste";"GO";520660;"Cumari";1;4;0,25;25;"NÃO ALCANÇOU"
"Centro-Oeste";"GO";520670;"Damianópolis";2;4;0,5;50;"NÃO ALCANÇOU"
"Centro-Oeste";"GO";520680;"Damolândia";4;4;1;100;"ALCANÇOU"
"Centro-Oeste";"GO";520690;"Davinópolis";0;4;0;0;"NÃO ALCANÇOU"
"Centro-Oeste";"GO";520710;"Diorama";4;4;1;100;"ALCANÇOU"
"Centro-Oeste";"GO";520725;"Doverlândia";4;4;1;100;"ALCANÇOU"
"Centro-Oeste";"GO";520735;"Edealina";4;4;1;100;"ALCANÇOU"
"Centro-Oeste";"GO";520740;"Edéia";3;4;0,75;75;"NÃO ALCANÇOU"
"Centro-Oeste";"GO";520750;"Estrela do Norte";4;4;1;100;"ALCANÇOU"
"Centro-Oeste";"GO";520753;"Faina";4;4;1;100;"ALCANÇOU"
"Centro-Oeste";"GO";520760;"Fazenda Nova";0;4;0;0;"NÃO ALCANÇOU"
"Centro-Oeste";"GO";520780;"Firminópolis";4;4;1;100;"ALCANÇOU"
"Centro-Oeste";"GO";520790;"Flores de Goiás";0;4;0;0;"NÃO ALCANÇOU"
"Centro-Oeste";"GO";520800;"Formosa";0;4;0;0;"NÃO ALCANÇOU"
"Centro-Oeste";"GO";520810;"Formoso";3;4;0,75;75;"NÃO ALCANÇOU"
"Centro-Oeste";"GO";520815;"Gameleira de Goiás";2;4;0,5;50;"NÃO ALCANÇOU"
"Centro-Oeste";"GO";520830;"Divinópolis de Goiás";4;4;1;100;"ALCANÇOU"
"Centro-Oeste";"GO";520840;"Goianápolis";4;4;1;100;"ALCANÇOU"
"Centro-Oeste";"GO";520850;"Goiandira";1;4;0,25;25;"NÃO ALCANÇOU"
"Centro-Oeste";"GO";520860;"Goianésia";1;4;0,25;25;"NÃO ALCANÇOU"
"Centro-Oeste";"GO";520870;"Goiânia";0;4;0;0;"NÃO ALCANÇOU"
"Centro-Oeste";"GO";520880;"Goianira";4;4;1;100;"ALCANÇOU"
"Centro-Oeste";"GO";520890;"Goiás";0;4;0;0;"NÃO ALCANÇOU"
"Centro-Oeste";"GO";520910;"Goiatuba";0;4;0;0;"NÃO ALCANÇOU"
"Centro-Oeste";"GO";520915;"Gouvelândia";2;4;0,5;50;"NÃO ALCANÇOU"
"Centro-Oeste";"GO";520920;"Guapó";0;4;0;0;"NÃO ALCANÇOU"
"Centro-Oeste";"GO";520929;"Guaraíta";3;4;0,75;75;"NÃO ALCANÇOU"
"Centro-Oeste";"GO";520940;"Guarani de Goiás";4;4;1;100;"ALCANÇOU"
"Centro-Oeste";"GO";520945;"Guarinos";3;4;0,75;75;"NÃO ALCANÇOU"
"Centro-Oeste";"GO";520960;"Heitoraí";4;4;1;100;"ALCANÇOU"
"Centro-Oeste";"GO";520970;"Hidrolândia";4;4;1;100;"ALCANÇOU"
"Centro-Oeste";"GO";520980;"Hidrolina";3;4;0,75;75;"NÃO ALCANÇOU"
"Centro-Oeste";"GO";520990;"Iaciara";3;4;0,75;75;"NÃO ALCANÇOU"
"Centro-Oeste";"GO";520993;"Inaciolândia";4;4;1;100;"ALCANÇOU"
"Centro-Oeste";"GO";520995;"Indiara";1;4;0,25;25;"NÃO ALCANÇOU"
"Centro-Oeste";"GO";521000;"Inhumas";0;4;0;0;"NÃO ALCANÇOU"
"Centro-Oeste";"GO";521010;"Ipameri";3;4;0,75;75;"NÃO ALCANÇOU"
"Centro-Oeste";"GO";521015;"Ipiranga de Goiás";1;4;0,25;25;"NÃO ALCANÇOU"
"Centro-Oeste";"GO";521020;"Iporá";0;4;0;0;"NÃO ALCANÇOU"
"Centro-Oeste";"GO";521030;"Israelândia";3;4;0,75;75;"NÃO ALCANÇOU"
"Centro-Oeste";"GO";521040;"Itaberaí";1;4;0,25;25;"NÃO ALCANÇOU"
"Centro-Oeste";"GO";521056;"Itaguari";4;4;1;100;"ALCANÇOU"
"Centro-Oeste";"GO";521060;"Itaguaru";4;4;1;100;"ALCANÇOU"
"Centro-Oeste";"GO";521080;"Itajá";3;4;0,75;75;"NÃO ALCANÇOU"
"Centro-Oeste";"GO";521090;"Itapaci";3;4;0,75;75;"NÃO ALCANÇOU"
"Centro-Oeste";"GO";521100;"Itapirapuã";0;4;0;0;"NÃO ALCANÇOU"
"Centro-Oeste";"GO";521120;"Itapuranga";1;4;0,25;25;"NÃO ALCANÇOU"
"Centro-Oeste";"GO";521130;"Itarumã";0;4;0;0;"NÃO ALCANÇOU"
"Centro-Oeste";"GO";521140;"Itauçu";4;4;1;100;"ALCANÇOU"
"Centro-Oeste";"GO";521150;"Itumbiara";1;4;0,25;25;"NÃO ALCANÇOU"
"Centro-Oeste";"GO";521160;"Ivolândia";4;4;1;100;"ALCANÇOU"
"Centro-Oeste";"GO";521170;"Jandaia";4;4;1;100;"ALCANÇOU"
"Centro-Oeste";"GO";521180;"Jaraguá";0;4;0;0;"NÃO ALCANÇOU"
"Centro-Oeste";"GO";521190;"Jataí";2;4;0,5;50;"NÃO ALCANÇOU"
"Centro-Oeste";"GO";521200;"Jaupaci";0;4;0;0;"NÃO ALCANÇOU"
"Centro-Oeste";"GO";521205;"Jesúpolis";4;4;1;100;"ALCANÇOU"
"Centro-Oeste";"GO";521210;"Joviânia";2;4;0,5;50;"NÃO ALCANÇOU"
"Centro-Oeste";"GO";521220;"Jussara";0;4;0;0;"NÃO ALCANÇOU"
"Centro-Oeste";"GO";521225;"Lagoa Santa";3;4;0,75;75;"NÃO ALCANÇOU"
"Centro-Oeste";"GO";521230;"Leopoldo de Bulhões";2;4;0,5;50;"NÃO ALCANÇOU"
"Centro-Oeste";"GO";521250;"Luziânia";1;4;0,25;25;"NÃO ALCANÇOU"
"Centro-Oeste";"GO";521260;"Mairipotaba";3;4;0,75;75;"NÃO ALCANÇOU"
"Centro-Oeste";"GO";521270;"Mambaí";1;4;0,25;25;"NÃO ALCANÇOU"
"Centro-Oeste";"GO";521280;"Mara Rosa";1;4;0,25;25;"NÃO ALCANÇOU"
"Centro-Oeste";"GO";521290;"Marzagão";4;4;1;100;"ALCANÇOU"
"Centro-Oeste";"GO";521295;"Matrinchã";1;4;0,25;25;"NÃO ALCANÇOU"
"Centro-Oeste";"GO";521300;"Maurilândia";0;4;0;0;"NÃO ALCANÇOU"
"Centro-Oeste";"GO";521305;"Mimoso de Goiás";4;4;1;100;"ALCANÇOU"
"Centro-Oeste";"GO";521308;"Minaçu";2;4;0,5;50;"NÃO ALCANÇOU"
"Centro-Oeste";"GO";521310;"Mineiros";0;4;0;0;"NÃO ALCANÇOU"
"Centro-Oeste";"GO";521340;"Moiporá";1;4;0,25;25;"NÃO ALCANÇOU"
"Centro-Oeste";"GO";521350;"Monte Alegre de Goiás";1;4;0,25;25;"NÃO ALCANÇOU"
"Centro-Oeste";"GO";521370;"Montes Claros de Goiás";4;4;1;100;"ALCANÇOU"
"Centro-Oeste";"GO";521375;"Montividiu";4;4;1;100;"ALCANÇOU"
"Centro-Oeste";"GO";521377;"Montividiu do Norte";4;4;1;100;"ALCANÇOU"
"Centro-Oeste";"GO";521380;"Morrinhos";0;4;0;0;"NÃO ALCANÇOU"
"Centro-Oeste";"GO";521385;"Morro Agudo de Goiás";1;4;0,25;25;"NÃO ALCANÇOU"
"Centro-Oeste";"GO";521390;"Mossâmedes";3;4;0,75;75;"NÃO ALCANÇOU"
"Centro-Oeste";"GO";521400;"Mozarlândia";2;4;0,5;50;"NÃO ALCANÇOU"
"Centro-Oeste";"GO";521405;"Mundo Novo";2;4;0,5;50;"NÃO ALCANÇOU"
"Centro-Oeste";"GO";521410;"Mutunópolis";1;4;0,25;25;"NÃO ALCANÇOU"
"Centro-Oeste";"GO";521440;"Nazário";1;4;0,25;25;"NÃO ALCANÇOU"
"Centro-Oeste";"GO";521450;"Nerópolis";0;4;0;0;"NÃO ALCANÇOU"
"Centro-Oeste";"GO";521460;"Niquelândia";1;4;0,25;25;"NÃO ALCANÇOU"
"Centro-Oeste";"GO";521470;"Nova América";1;4;0,25;25;"NÃO ALCANÇOU"
"Centro-Oeste";"GO";521480;"Nova Aurora";1;4;0,25;25;"NÃO ALCANÇOU"
"Centro-Oeste";"GO";521483;"Nova Crixás";0;4;0;0;"NÃO ALCANÇOU"
"Centro-Oeste";"GO";521486;"Nova Glória";0;4;0;0;"NÃO ALCANÇOU"
"Centro-Oeste";"GO";521487;"Nova Iguaçu de Goiás";4;4;1;100;"ALCANÇOU"
"Centro-Oeste";"GO";521490;"Nova Roma";1;4;0,25;25;"NÃO ALCANÇOU"
"Centro-Oeste";"GO";521500;"Nova Veneza";2;4;0,5;50;"NÃO ALCANÇOU"
"Centro-Oeste";"GO";521520;"Novo Brasil";1;4;0,25;25;"NÃO ALCANÇOU"
"Centro-Oeste";"GO";521523;"Novo Gama";0;4;0;0;"NÃO ALCANÇOU"
"Centro-Oeste";"GO";521525;"Novo Planalto";3;4;0,75;75;"NÃO ALCANÇOU"
"Centro-Oeste";"GO";521530;"Orizona";1;4;0,25;25;"NÃO ALCANÇOU"
"Centro-Oeste";"GO";521540;"Ouro Verde de Goiás";3;4;0,75;75;"NÃO ALCANÇOU"
"Centro-Oeste";"GO";521550;"Ouvidor";4;4;1;100;"ALCANÇOU"
"Centro-Oeste";"GO";521560;"Padre Bernardo";0;4;0;0;"NÃO ALCANÇOU"
"Centro-Oeste";"GO";521565;"Palestina de Goiás";0;4;0;0;"NÃO ALCANÇOU"
"Centro-Oeste";"GO";521570;"Palmeiras de Goiás";0;4;0;0;"NÃO ALCANÇOU"
"Centro-Oeste";"GO";521580;"Palmelo";4;4;1;100;"ALCANÇOU"
"Centro-Oeste";"GO";521590;"Palminópolis";1;4;0,25;25;"NÃO ALCANÇOU"
"Centro-Oeste";"GO";521600;"Panamá";4;4;1;100;"ALCANÇOU"
"Centro-Oeste";"GO";521630;"Paranaiguara";1;4;0,25;25;"NÃO ALCANÇOU"
"Centro-Oeste";"GO";521640;"Paraúna";3;4;0,75;75;"NÃO ALCANÇOU"
"Centro-Oeste";"GO";521645;"Perolândia";3;4;0,75;75;"NÃO ALCANÇOU"
"Centro-Oeste";"GO";521680;"Petrolina de Goiás";4;4;1;100;"ALCANÇOU"
"Centro-Oeste";"GO";521690;"Pilar de Goiás";1;4;0,25;25;"NÃO ALCANÇOU"
"Centro-Oeste";"GO";521710;"Piracanjuba";4;4;1;100;"ALCANÇOU"
"Centro-Oeste";"GO";521720;"Piranhas";1;4;0,25;25;"NÃO ALCANÇOU"
"Centro-Oeste";"GO";521730;"Pirenópolis";1;4;0,25;25;"NÃO ALCANÇOU"
"Centro-Oeste";"GO";521740;"Pires do Rio";1;4;0,25;25;"NÃO ALCANÇOU"
"Centro-Oeste";"GO";521760;"Planaltina";0;4;0;0;"NÃO ALCANÇOU"
"Centro-Oeste";"GO";521770;"Pontalina";3;4;0,75;75;"NÃO ALCANÇOU"
"Centro-Oeste";"GO";521800;"Porangatu";0;4;0;0;"NÃO ALCANÇOU"
"Centro-Oeste";"GO";521805;"Porteirão";4;4;1;100;"ALCANÇOU"
"Centro-Oeste";"GO";521810;"Portelândia";1;4;0,25;25;"NÃO ALCANÇOU"
"Centro-Oeste";"GO";521830;"Posse";1;4;0,25;25;"NÃO ALCANÇOU"
"Centro-Oeste";"GO";521839;"Professor Jamil";4;4;1;100;"ALCANÇOU"
"Centro-Oeste";"GO";521850;"Quirinópolis";0;4;0;0;"NÃO ALCANÇOU"
"Centro-Oeste";"GO";521860;"Rialma";2;4;0,5;50;"NÃO ALCANÇOU"
"Centro-Oeste";"GO";521870;"Rianápolis";4;4;1;100;"ALCANÇOU"
"Centro-Oeste";"GO";521878;"Rio Quente";4;4;1;100;"ALCANÇOU"
"Centro-Oeste";"GO";521880;"Rio Verde";0;4;0;0;"NÃO ALCANÇOU"
"Centro-Oeste";"GO";521890;"Rubiataba";3;4;0,75;75;"NÃO ALCANÇOU"
"Centro-Oeste";"GO";521900;"Sanclerlândia";4;4;1;100;"ALCANÇOU"
"Centro-Oeste";"GO";521910;"Santa Bárbara de Goiás";1;4;0,25;25;"NÃO ALCANÇOU"
"Centro-Oeste";"GO";521920;"Santa Cruz de Goiás";1;4;0,25;25;"NÃO ALCANÇOU"
"Centro-Oeste";"GO";521925;"Santa Fé de Goiás";4;4;1;100;"ALCANÇOU"
"Centro-Oeste";"GO";521930;"Santa Helena de Goiás";0;4;0;0;"NÃO ALCANÇOU"
"Centro-Oeste";"GO";521935;"Santa Isabel";1;4;0,25;25;"NÃO ALCANÇOU"
"Centro-Oeste";"GO";521940;"Santa Rita do Araguaia";2;4;0,5;50;"NÃO ALCANÇOU"
"Centro-Oeste";"GO";521945;"Santa Rita do Novo Destino";4;4;1;100;"ALCANÇOU"
"Centro-Oeste";"GO";521950;"Santa Rosa de Goiás";0;4;0;0;"NÃO ALCANÇOU"
"Centro-Oeste";"GO";521960;"Santa Tereza de Goiás";0;4;0;0;"NÃO ALCANÇOU"
"Centro-Oeste";"GO";521970;"Santa Terezinha de Goiás";4;4;1;100;"ALCANÇOU"
"Centro-Oeste";"GO";521971;"Santo Antônio da Barra";4;4;1;100;"ALCANÇOU"
"Centro-Oeste";"GO";521973;"Santo Antônio de Goiás";1;4;0,25;25;"NÃO ALCANÇOU"
"Centro-Oeste";"GO";521975;"Santo Antônio do Descoberto";0;4;0;0;"NÃO ALCANÇOU"
"Centro-Oeste";"GO";521980;"São Domingos";4;4;1;100;"ALCANÇOU"
"Centro-Oeste";"GO";521990;"São Francisco de Goiás";1;4;0,25;25;"NÃO ALCANÇOU"
"Centro-Oeste";"GO";522000;"São João d'Aliança";4;4;1;100;"ALCANÇOU"
"Centro-Oeste";"GO";522005;"São João da Paraúna";3;4;0,75;75;"NÃO ALCANÇOU"
"Centro-Oeste";"GO";522010;"São Luís de Montes Belos";0;4;0;0;"NÃO ALCANÇOU"
"Centro-Oeste";"GO";522015;"São Luiz do Norte";0;4;0;0;"NÃO ALCANÇOU"
"Centro-Oeste";"GO";522020;"São Miguel do Araguaia";2;4;0,5;50;"NÃO ALCANÇOU"
"Centro-Oeste";"GO";522026;"São Miguel do Passa Quatro";4;4;1;100;"ALCANÇOU"
"Centro-Oeste";"GO";522028;"São Patrício";0;4;0;0;"NÃO ALCANÇOU"
"Centro-Oeste";"GO";522040;"São Simão";1;4;0,25;25;"NÃO ALCANÇOU"
"Centro-Oeste";"GO";522045;"Senador Canedo";1;4;0,25;25;"NÃO ALCANÇOU"
"Centro-Oeste";"GO";522050;"Serranópolis";1;4;0,25;25;"NÃO ALCANÇOU"
"Centro-Oeste";"GO";522060;"Silvânia";0;4;0;0;"NÃO ALCANÇOU"
"Centro-Oeste";"GO";522068;"Simolândia";3;4;0,75;75;"NÃO ALCANÇOU"
"Centro-Oeste";"GO";522070;"Sítio d'Abadia";4;4;1;100;"ALCANÇOU"
"Centro-Oeste";"GO";522100;"Taquaral de Goiás";2;4;0,5;50;"NÃO ALCANÇOU"
"Centro-Oeste";"GO";522108;"Teresina de Goiás";2;4;0,5;50;"NÃO ALCANÇOU"
"Centro-Oeste";"GO";522119;"Terezópolis de Goiás";0;4;0;0;"NÃO ALCANÇOU"
"Centro-Oeste";"GO";522130;"Três Ranchos";2;4;0,5;50;"NÃO ALCANÇOU"
"Centro-Oeste";"GO";522140;"Trindade";0;4;0;0;"NÃO ALCANÇOU"
"Centro-Oeste";"GO";522145;"Trombas";0;4;0;0;"NÃO ALCANÇOU"
"Centro-Oeste";"GO";522150;"Turvânia";3;4;0,75;75;"NÃO ALCANÇOU"
"Centro-Oeste";"GO";522155;"Turvelândia";2;4;0,5;50;"NÃO ALCANÇOU"
"Centro-Oeste";"GO";522157;"Uirapuru";4;4;1;100;"ALCANÇOU"
"Centro-Oeste";"GO";522160;"Uruaçu";1;4;0,25;25;"NÃO ALCANÇOU"
"Centro-Oeste";"GO";522170;"Uruana";4;4;1;100;"ALCANÇOU"
"Centro-Oeste";"GO";522180;"Urutaí";4;4;1;100;"ALCANÇOU"
"Centro-Oeste";"GO";522185;"Valparaíso de Goiás";0;4;0;0;"NÃO ALCANÇOU"
"Centro-Oeste";"GO";522190;"Varjão";4;4;1;100;"ALCANÇOU"
"Centro-Oeste";"GO";522200;"Vianópolis";1;4;0,25;25;"NÃO ALCANÇOU"
"Centro-Oeste";"GO";522205;"Vicentinópolis";4;4;1;100;"ALCANÇOU"
"Centro-Oeste";"GO";522220;"Vila Boa";4;4;1;100;"ALCANÇOU"
"Centro-Oeste";"GO";522230;"Vila Propício";4;4;1;100;"ALCANÇOU"
"Centro-Oeste";"DF";530010;"Brasília";1;4;0,25;25;"NÃO ALCANÇOU"
