"UF";"IBGE";"Município";"Ausência de Casos";"NUM_2025";"DEN_2025";"RES_2025";"RES";"METAS"
"RO";110001;"Alta Floresta D'Oeste";;1;1;100;100;"ALCANÇOU"
"RO";110002;"Ariquemes";;1;1;100;100;"ALCANÇOU"
"RO";110003;"Cabixi";;1;1;100;100;"ALCANÇOU"
"RO";110004;"Cacoal";;8;8;100;100;"ALCANÇOU"
"RO";110005;"Cerejeiras";;5;5;100;100;"ALCANÇOU"
"RO";110006;"Colorado do Oeste";;10;10;100;100;"ALCANÇOU"
"RO";110007;"Corumbiara";;2;2;100;100;"ALCANÇOU"
"RO";110008;"Costa Marques";"X";0;0;;;"NÃO ALCANÇOU"
"RO";110009;"Espigão D'Oeste";;1;1;100;100;"ALCANÇOU"
"RO";110010;"Guajará-Mirim";;4;4;100;100;"ALCANÇOU"
"RO";110011;"Jaru";;5;5;100;100;"ALCANÇOU"
"RO";110012;"Ji-Paraná";;5;6;83,3333333333333;83,3;"ALCANÇOU"
"RO";110013;"Machadinho D'Oeste";"X";0;0;;;"NÃO ALCANÇOU"
"RO";110014;"Nova Brasilândia D'Oeste";"X";0;0;;;"NÃO ALCANÇOU"
"RO";110015;"Ouro Preto do Oeste";"X";0;0;;;"NÃO ALCANÇOU"
"RO";110018;"Pimenta Bueno";;3;3;100;100;"ALCANÇOU"
"RO";110020;"Porto Velho";;44;46;95,6521739130435;95,7;"ALCANÇOU"
"RO";110025;"Presidente Médici";"X";0;0;;;"NÃO ALCANÇOU"
"RO";110026;"Rio Crespo";"X";0;0;;;"NÃO ALCANÇOU"
"RO";110028;"Rolim de Moura";;1;1;100;100;"ALCANÇOU"
"RO";110029;"Santa Luzia D'Oeste";"X";0;0;;;"NÃO ALCANÇOU"
"RO";110030;"Vilhena";;5;5;100;100;"ALCANÇOU"
"RO";110032;"São Miguel do Guaporé";"X";0;0;;;"NÃO ALCANÇOU"
"RO";110033;"Nova Mamoré";;6;6;100;100;"ALCANÇOU"
"RO";110034;"Alvorada D'Oeste";"X";0;0;;;"NÃO ALCANÇOU"
"RO";110037;"Alto Alegre dos Parecis";"X";0;0;;;"NÃO ALCANÇOU"
"RO";110040;"Alto Paraíso";;1;1;100;100;"ALCANÇOU"
"RO";110045;"Buritis";;1;1;100;100;"ALCANÇOU"
"RO";110050;"Novo Horizonte do Oeste";"X";0;0;;;"NÃO ALCANÇOU"
"RO";110060;"Cacaulândia";"X";0;0;;;"NÃO ALCANÇOU"
"RO";110070;"Campo Novo de Rondônia";"X";0;0;;;"NÃO ALCANÇOU"
"RO";110080;"Candeias do Jamari";;3;3;100;100;"ALCANÇOU"
"RO";110090;"Castanheiras";"X";0;0;;;"NÃO ALCANÇOU"
"RO";110092;"Chupinguaia";"X";0;0;;;"NÃO ALCANÇOU"
"RO";110094;"Cujubim";"X";0;0;;;"NÃO ALCANÇOU"
"RO";110100;"Governador Jorge Teixeira";"X";0;0;;;"NÃO ALCANÇOU"
"RO";110110;"Itapuã do Oeste";"X";0;0;;;"NÃO ALCANÇOU"
"RO";110120;"Ministro Andreazza";"X";0;0;;;"NÃO ALCANÇOU"
"RO";110130;"Mirante da Serra";"X";0;0;;;"NÃO ALCANÇOU"
"RO";110140;"Monte Negro";;1;1;100;100;"ALCANÇOU"
"RO";110143;"Nova União";;1;1;100;100;"ALCANÇOU"
"RO";110145;"Parecis";"X";0;0;;;"NÃO ALCANÇOU"
"RO";110146;"Pimenteiras do Oeste";;1;1;100;100;"ALCANÇOU"
"RO";110147;"Primavera de Rondônia";"X";0;0;;;"NÃO ALCANÇOU"
"RO";110148;"São Felipe D'Oeste";"X";0;0;;;"NÃO ALCANÇOU"
"RO";110149;"São Francisco do Guaporé";"X";0;0;;;"NÃO ALCANÇOU"
"RO";110150;"Seringueiras";"X";0;0;;;"NÃO ALCANÇOU"
"RO";110155;"Teixeirópolis";"X";0;0;;;"NÃO ALCANÇOU"
"RO";110160;"Theobroma";"X";0;0;;;"NÃO ALCANÇOU"
"RO";110170;"Urupá";"X";0;0;;;"NÃO ALCANÇOU"
"RO";110175;"Vale do Anari";"X";0;0;;;"NÃO ALCANÇOU"
"RO";110180;"Vale do Paraíso";"X";0;0;;;"NÃO ALCANÇOU"
"AC";120001;"Acrelândia";;6;7;85,7142857142857;85,7;"ALCANÇOU"
"AC";120005;"Assis Brasil";;2;2;100;100;"ALCANÇOU"
"AC";120010;"Brasiléia";;10;10;100;100;"ALCANÇOU"
"AC";120013;"Bujari";"X";0;0;;;"NÃO ALCANÇOU"
"AC";120017;"Capixaba";"X";0;0;;;"NÃO ALCANÇOU"
"AC";120020;"Cruzeiro do Sul";;8;8;100;100;"ALCANÇOU"
"AC";120025;"Epitaciolândia";;4;4;100;100;"ALCANÇOU"
"AC";120030;"Feijó";;1;1;100;100;"ALCANÇOU"
"AC";120032;"Jordão";"X";0;0;;;"NÃO ALCANÇOU"
"AC";120033;"Mâncio Lima";;1;1;100;100;"ALCANÇOU"
"AC";120034;"Manoel Urbano";;1;1;100;100;"ALCANÇOU"
"AC";120035;"Marechal Thaumaturgo";"X";0;0;;;"NÃO ALCANÇOU"
"AC";120038;"Plácido de Castro";;1;1;100;100;"ALCANÇOU"
"AC";120039;"Porto Walter";"X";0;0;;;"NÃO ALCANÇOU"
"AC";120040;"Rio Branco";;14;14;100;100;"ALCANÇOU"
"AC";120042;"Rodrigues Alves";"X";0;0;;;"NÃO ALCANÇOU"
"AC";120043;"Santa Rosa do Purus";"X";0;0;;;"NÃO ALCANÇOU"
"AC";120045;"Senador Guiomard";"X";0;0;;;"NÃO ALCANÇOU"
"AC";120050;"Sena Madureira";;3;3;100;100;"ALCANÇOU"
"AC";120060;"Tarauacá";;1;1;100;100;"ALCANÇOU"
"AC";120070;"Xapuri";"X";0;0;;;"NÃO ALCANÇOU"
"AC";120080;"Porto Acre";;3;3;100;100;"ALCANÇOU"
"AM";130002;"Alvarães";;2;2;100;100;"ALCANÇOU"
"AM";130006;"Amaturá";"X";0;0;;;"NÃO ALCANÇOU"
"AM";130008;"Anamã";"X";0;0;;;"NÃO ALCANÇOU"
"AM";130010;"Anori";"X";0;0;;;"NÃO ALCANÇOU"
"AM";130014;"Apuí";;1;1;100;100;"ALCANÇOU"
"AM";130020;"Atalaia do Norte";;1;1;100;100;"ALCANÇOU"
"AM";130030;"Autazes";;1;1;100;100;"ALCANÇOU"
"AM";130040;"Barcelos";;2;4;50;50;"NÃO ALCANÇOU"
"AM";130050;"Barreirinha";"X";0;0;;;"NÃO ALCANÇOU"
"AM";130060;"Benjamin Constant";;2;2;100;100;"ALCANÇOU"
"AM";130063;"Beruri";"X";0;0;;;"NÃO ALCANÇOU"
"AM";130068;"Boa Vista do Ramos";"X";0;0;;;"NÃO ALCANÇOU"
"AM";130070;"Boca do Acre";;1;2;50;50;"NÃO ALCANÇOU"
"AM";130080;"Borba";"X";0;0;;;"NÃO ALCANÇOU"
"AM";130083;"Caapiranga";;2;2;100;100;"ALCANÇOU"
"AM";130090;"Canutama";"X";0;0;;;"NÃO ALCANÇOU"
"AM";130100;"Carauari";;3;4;75;75;"NÃO ALCANÇOU"
"AM";130110;"Careiro";;1;1;100;100;"ALCANÇOU"
"AM";130115;"Careiro da Várzea";;1;1;100;100;"ALCANÇOU"
"AM";130120;"Coari";;1;1;100;100;"ALCANÇOU"
"AM";130130;"Codajás";;1;1;100;100;"ALCANÇOU"
"AM";130140;"Eirunepé";;2;2;100;100;"ALCANÇOU"
"AM";130150;"Envira";;1;1;100;100;"ALCANÇOU"
"AM";130160;"Fonte Boa";"X";0;0;;;"NÃO ALCANÇOU"
"AM";130165;"Guajará";"X";0;0;;;"NÃO ALCANÇOU"
"AM";130170;"Humaitá";;4;4;100;100;"ALCANÇOU"
"AM";130180;"Ipixuna";;1;1;100;100;"ALCANÇOU"
"AM";130185;"Iranduba";;2;2;100;100;"ALCANÇOU"
"AM";130190;"Itacoatiara";"X";0;0;;;"NÃO ALCANÇOU"
"AM";130195;"Itamarati";"X";0;0;;;"NÃO ALCANÇOU"
"AM";130200;"Itapiranga";"X";0;0;;;"NÃO ALCANÇOU"
"AM";130210;"Japurá";"X";0;0;;;"NÃO ALCANÇOU"
"AM";130220;"Juruá";;1;1;100;100;"ALCANÇOU"
"AM";130230;"Jutaí";;2;4;50;50;"NÃO ALCANÇOU"
"AM";130240;"Lábrea";;1;1;100;100;"ALCANÇOU"
"AM";130250;"Manacapuru";;1;1;100;100;"ALCANÇOU"
"AM";130255;"Manaquiri";"X";0;0;;;"NÃO ALCANÇOU"
"AM";130260;"Manaus";;43;46;93,4782608695652;93,5;"ALCANÇOU"
"AM";130270;"Manicoré";"X";0;0;;;"NÃO ALCANÇOU"
"AM";130280;"Maraã";"X";0;0;;;"NÃO ALCANÇOU"
"AM";130290;"Maués";;1;1;100;100;"ALCANÇOU"
"AM";130300;"Nhamundá";"X";0;0;;;"NÃO ALCANÇOU"
"AM";130310;"Nova Olinda do Norte";;2;2;100;100;"ALCANÇOU"
"AM";130320;"Novo Airão";;1;1;100;100;"ALCANÇOU"
"AM";130330;"Novo Aripuanã";"X";0;0;;;"NÃO ALCANÇOU"
"AM";130340;"Parintins";;2;2;100;100;"ALCANÇOU"
"AM";130350;"Pauini";"X";0;0;;;"NÃO ALCANÇOU"
"AM";130353;"Presidente Figueiredo";;1;1;100;100;"ALCANÇOU"
"AM";130356;"Rio Preto da Eva";"X";0;0;;;"NÃO ALCANÇOU"
"AM";130360;"Santa Isabel do Rio Negro";;1;1;100;100;"ALCANÇOU"
"AM";130370;"Santo Antônio do Içá";"X";0;0;;;"NÃO ALCANÇOU"
"AM";130380;"São Gabriel da Cachoeira";;3;4;75;75;"NÃO ALCANÇOU"
"AM";130390;"São Paulo de Olivença";;2;2;100;100;"ALCANÇOU"
"AM";130395;"São Sebastião do Uatumã";"X";0;0;;;"NÃO ALCANÇOU"
"AM";130400;"Silves";"X";0;0;;;"NÃO ALCANÇOU"
"AM";130406;"Tabatinga";;5;5;100;100;"ALCANÇOU"
"AM";130410;"Tapauá";"X";0;0;;;"NÃO ALCANÇOU"
"AM";130420;"Tefé";;2;3;66,6666666666667;66,7;"NÃO ALCANÇOU"
"AM";130423;"Tonantins";"X";0;0;;;"NÃO ALCANÇOU"
"AM";130426;"Uarini";"X";0;0;;;"NÃO ALCANÇOU"
"AM";130430;"Urucará";;1;1;100;100;"ALCANÇOU"
"AM";130440;"Urucurituba";"X";0;0;;;"NÃO ALCANÇOU"
"RR";140002;"Amajari";;2;2;100;100;"ALCANÇOU"
"RR";140005;"Alto Alegre";"X";0;0;;;"NÃO ALCANÇOU"
"RR";140010;"Boa Vista";;21;24;87,5;87,5;"ALCANÇOU"
"RR";140015;"Bonfim";"X";0;0;;;"NÃO ALCANÇOU"
"RR";140017;"Cantá";;1;1;100;100;"ALCANÇOU"
"RR";140020;"Caracaraí";;1;2;50;50;"NÃO ALCANÇOU"
"RR";140023;"Caroebe";;1;1;100;100;"ALCANÇOU"
"RR";140028;"Iracema";"X";0;0;;;"NÃO ALCANÇOU"
"RR";140030;"Mucajaí";"X";0;0;;;"NÃO ALCANÇOU"
"RR";140040;"Normandia";"X";0;0;;;"NÃO ALCANÇOU"
"RR";140045;"Pacaraima";;1;1;100;100;"ALCANÇOU"
"RR";140047;"Rorainópolis";;1;2;50;50;"NÃO ALCANÇOU"
"RR";140050;"São João da Baliza";"X";0;0;;;"NÃO ALCANÇOU"
"RR";140060;"São Luiz";"X";0;0;;;"NÃO ALCANÇOU"
"RR";140070;"Uiramutã";;2;2;100;100;"ALCANÇOU"
"PA";150010;"Abaetetuba";;6;6;100;100;"ALCANÇOU"
"PA";150013;"Abel Figueiredo";;1;1;100;100;"ALCANÇOU"
"PA";150020;"Acará";;3;3;100;100;"ALCANÇOU"
"PA";150030;"Afuá";;5;8;62,5;62,5;"NÃO ALCANÇOU"
"PA";150034;"Água Azul do Norte";"X";0;0;;;"NÃO ALCANÇOU"
"PA";150040;"Alenquer";"X";0;0;;;"NÃO ALCANÇOU"
"PA";150050;"Almeirim";"X";0;0;;;"NÃO ALCANÇOU"
"PA";150060;"Altamira";;3;3;100;100;"ALCANÇOU"
"PA";150070;"Anajás";;2;2;100;100;"ALCANÇOU"
"PA";150080;"Ananindeua";;10;12;83,3333333333333;83,3;"ALCANÇOU"
"PA";150085;"Anapu";"X";0;0;;;"NÃO ALCANÇOU"
"PA";150090;"Augusto Corrêa";"X";0;0;;;"NÃO ALCANÇOU"
"PA";150095;"Aurora do Pará";"X";0;0;;;"NÃO ALCANÇOU"
"PA";150100;"Aveiro";"X";0;0;;;"NÃO ALCANÇOU"
"PA";150110;"Bagre";;2;3;66,6666666666667;66,7;"NÃO ALCANÇOU"
"PA";150120;"Baião";;1;1;100;100;"ALCANÇOU"
"PA";150125;"Bannach";"X";0;0;;;"NÃO ALCANÇOU"
"PA";150130;"Barcarena";;6;6;100;100;"ALCANÇOU"
"PA";150140;"Belém";;14;15;93,3333333333333;93,3;"ALCANÇOU"
"PA";150145;"Belterra";;1;1;100;100;"ALCANÇOU"
"PA";150150;"Benevides";;1;2;50;50;"NÃO ALCANÇOU"
"PA";150157;"Bom Jesus do Tocantins";;1;1;100;100;"ALCANÇOU"
"PA";150160;"Bonito";"X";0;0;;;"NÃO ALCANÇOU"
"PA";150170;"Bragança";;1;1;100;100;"ALCANÇOU"
"PA";150172;"Brasil Novo";;2;2;100;100;"ALCANÇOU"
"PA";150175;"Brejo Grande do Araguaia";"X";0;0;;;"NÃO ALCANÇOU"
"PA";150178;"Breu Branco";"X";0;0;;;"NÃO ALCANÇOU"
"PA";150180;"Breves";;98;117;83,7606837606838;83,8;"ALCANÇOU"
"PA";150190;"Bujaru";"X";0;0;;;"NÃO ALCANÇOU"
"PA";150195;"Cachoeira do Piriá";"X";0;0;;;"NÃO ALCANÇOU"
"PA";150200;"Cachoeira do Arari";"X";0;0;;;"NÃO ALCANÇOU"
"PA";150210;"Cametá";;20;21;95,2380952380952;95,2;"ALCANÇOU"
"PA";150215;"Canaã dos Carajás";;1;1;100;100;"ALCANÇOU"
"PA";150220;"Capanema";;1;1;100;100;"ALCANÇOU"
"PA";150230;"Capitão Poço";;1;1;100;100;"ALCANÇOU"
"PA";150240;"Castanhal";;5;5;100;100;"ALCANÇOU"
"PA";150250;"Chaves";;1;1;100;100;"ALCANÇOU"
"PA";150260;"Colares";;4;4;100;100;"ALCANÇOU"
"PA";150270;"Conceição do Araguaia";;2;2;100;100;"ALCANÇOU"
"PA";150275;"Concórdia do Pará";"X";0;0;;;"NÃO ALCANÇOU"
"PA";150276;"Cumaru do Norte";"X";0;0;;;"NÃO ALCANÇOU"
"PA";150277;"Curionópolis";"X";0;0;;;"NÃO ALCANÇOU"
"PA";150280;"Curralinho";;0;1;0;0;"NÃO ALCANÇOU"
"PA";150285;"Curuá";"X";0;0;;;"NÃO ALCANÇOU"
"PA";150290;"Curuçá";;0;1;0;0;"NÃO ALCANÇOU"
"PA";150293;"Dom Eliseu";"X";0;0;;;"NÃO ALCANÇOU"
"PA";150295;"Eldorado do Carajás";"X";0;0;;;"NÃO ALCANÇOU"
"PA";150300;"Faro";"X";0;0;;;"NÃO ALCANÇOU"
"PA";150304;"Floresta do Araguaia";;2;2;100;100;"ALCANÇOU"
"PA";150307;"Garrafão do Norte";"X";0;0;;;"NÃO ALCANÇOU"
"PA";150309;"Goianésia do Pará";"X";0;0;;;"NÃO ALCANÇOU"
"PA";150310;"Gurupá";;2;5;40;40;"NÃO ALCANÇOU"
"PA";150320;"Igarapé-Açu";"X";0;0;;;"NÃO ALCANÇOU"
"PA";150330;"Igarapé-Miri";;1;2;50;50;"NÃO ALCANÇOU"
"PA";150340;"Inhangapi";"X";0;0;;;"NÃO ALCANÇOU"
"PA";150345;"Ipixuna do Pará";;1;1;100;100;"ALCANÇOU"
"PA";150350;"Irituia";;1;1;100;100;"ALCANÇOU"
"PA";150360;"Itaituba";;9;9;100;100;"ALCANÇOU"
"PA";150370;"Itupiranga";"X";0;0;;;"NÃO ALCANÇOU"
"PA";150375;"Jacareacanga";"X";0;0;;;"NÃO ALCANÇOU"
"PA";150380;"Jacundá";;0;1;0;0;"NÃO ALCANÇOU"
"PA";150390;"Juruti";;3;3;100;100;"ALCANÇOU"
"PA";150400;"Limoeiro do Ajuru";;1;2;50;50;"NÃO ALCANÇOU"
"PA";150405;"Mãe do Rio";;2;2;100;100;"ALCANÇOU"
"PA";150410;"Magalhães Barata";;2;3;66,6666666666667;66,7;"NÃO ALCANÇOU"
"PA";150420;"Marabá";;2;2;100;100;"ALCANÇOU"
"PA";150430;"Maracanã";"X";0;0;;;"NÃO ALCANÇOU"
"PA";150440;"Marapanim";"X";0;0;;;"NÃO ALCANÇOU"
"PA";150442;"Marituba";;2;3;66,6666666666667;66,7;"NÃO ALCANÇOU"
"PA";150445;"Medicilândia";"X";0;0;;;"NÃO ALCANÇOU"
"PA";150450;"Melgaço";;5;16;31,25;31,2;"NÃO ALCANÇOU"
"PA";150460;"Mocajuba";"X";0;0;;;"NÃO ALCANÇOU"
"PA";150470;"Moju";;2;2;100;100;"ALCANÇOU"
"PA";150475;"Mojuí dos Campos";"X";0;0;;;"NÃO ALCANÇOU"
"PA";150480;"Monte Alegre";"X";0;0;;;"NÃO ALCANÇOU"
"PA";150490;"Muaná";;2;3;66,6666666666667;66,7;"NÃO ALCANÇOU"
"PA";150495;"Nova Esperança do Piriá";"X";0;0;;;"NÃO ALCANÇOU"
"PA";150497;"Nova Ipixuna";"X";0;0;;;"NÃO ALCANÇOU"
"PA";150500;"Nova Timboteua";"X";0;0;;;"NÃO ALCANÇOU"
"PA";150503;"Novo Progresso";;4;4;100;100;"ALCANÇOU"
"PA";150506;"Novo Repartimento";"X";0;0;;;"NÃO ALCANÇOU"
"PA";150510;"Óbidos";"X";0;0;;;"NÃO ALCANÇOU"
"PA";150520;"Oeiras do Pará";"X";0;0;;;"NÃO ALCANÇOU"
"PA";150530;"Oriximiná";;1;1;100;100;"ALCANÇOU"
"PA";150540;"Ourém";"X";0;0;;;"NÃO ALCANÇOU"
"PA";150543;"Ourilândia do Norte";;1;2;50;50;"NÃO ALCANÇOU"
"PA";150548;"Pacajá";;1;1;100;100;"ALCANÇOU"
"PA";150549;"Palestina do Pará";"X";0;0;;;"NÃO ALCANÇOU"
"PA";150550;"Paragominas";;1;1;100;100;"ALCANÇOU"
"PA";150553;"Parauapebas";;4;4;100;100;"ALCANÇOU"
"PA";150555;"Pau D'Arco";"X";0;0;;;"NÃO ALCANÇOU"
"PA";150560;"Peixe-Boi";"X";0;0;;;"NÃO ALCANÇOU"
"PA";150563;"Piçarra";"X";0;0;;;"NÃO ALCANÇOU"
"PA";150565;"Placas";;1;1;100;100;"ALCANÇOU"
"PA";150570;"Ponta de Pedras";;1;2;50;50;"NÃO ALCANÇOU"
"PA";150580;"Portel";;13;14;92,8571428571429;92,9;"ALCANÇOU"
"PA";150590;"Porto de Moz";"X";0;0;;;"NÃO ALCANÇOU"
"PA";150600;"Prainha";"X";0;0;;;"NÃO ALCANÇOU"
"PA";150610;"Primavera";"X";0;0;;;"NÃO ALCANÇOU"
"PA";150611;"Quatipuru";"X";0;0;;;"NÃO ALCANÇOU"
"PA";150613;"Redenção";;4;5;80;80;"ALCANÇOU"
"PA";150616;"Rio Maria";"X";0;0;;;"NÃO ALCANÇOU"
"PA";150618;"Rondon do Pará";"X";0;0;;;"NÃO ALCANÇOU"
"PA";150619;"Rurópolis";;0;1;0;0;"NÃO ALCANÇOU"
"PA";150620;"Salinópolis";;1;2;50;50;"NÃO ALCANÇOU"
"PA";150630;"Salvaterra";"X";0;0;;;"NÃO ALCANÇOU"
"PA";150635;"Santa Bárbara do Pará";;3;3;100;100;"ALCANÇOU"
"PA";150640;"Santa Cruz do Arari";"X";0;0;;;"NÃO ALCANÇOU"
"PA";150650;"Santa Izabel do Pará";;1;1;100;100;"ALCANÇOU"
"PA";150655;"Santa Luzia do Pará";"X";0;0;;;"NÃO ALCANÇOU"
"PA";150658;"Santa Maria das Barreiras";;1;1;100;100;"ALCANÇOU"
"PA";150660;"Santa Maria do Pará";;1;1;100;100;"ALCANÇOU"
"PA";150670;"Santana do Araguaia";;1;1;100;100;"ALCANÇOU"
"PA";150680;"Santarém";;1;2;50;50;"NÃO ALCANÇOU"
"PA";150690;"Santarém Novo";;1;1;100;100;"ALCANÇOU"
"PA";150700;"Santo Antônio do Tauá";;2;2;100;100;"ALCANÇOU"
"PA";150710;"São Caetano de Odivelas";;1;2;50;50;"NÃO ALCANÇOU"
"PA";150715;"São Domingos do Araguaia";"X";0;0;;;"NÃO ALCANÇOU"
"PA";150720;"São Domingos do Capim";"X";0;0;;;"NÃO ALCANÇOU"
"PA";150730;"São Félix do Xingu";"X";0;0;;;"NÃO ALCANÇOU"
"PA";150740;"São Francisco do Pará";;1;1;100;100;"ALCANÇOU"
"PA";150745;"São Geraldo do Araguaia";"X";0;0;;;"NÃO ALCANÇOU"
"PA";150746;"São João da Ponta";"X";0;0;;;"NÃO ALCANÇOU"
"PA";150747;"São João de Pirabas";;2;2;100;100;"ALCANÇOU"
"PA";150750;"São João do Araguaia";"X";0;0;;;"NÃO ALCANÇOU"
"PA";150760;"São Miguel do Guamá";;0;1;0;0;"NÃO ALCANÇOU"
"PA";150770;"São Sebastião da Boa Vista";;3;3;100;100;"ALCANÇOU"
"PA";150775;"Sapucaia";"X";0;0;;;"NÃO ALCANÇOU"
"PA";150780;"Senador José Porfírio";;1;1;100;100;"ALCANÇOU"
"PA";150790;"Soure";"X";0;0;;;"NÃO ALCANÇOU"
"PA";150795;"Tailândia";;3;3;100;100;"ALCANÇOU"
"PA";150796;"Terra Alta";"X";0;0;;;"NÃO ALCANÇOU"
"PA";150797;"Terra Santa";"X";0;0;;;"NÃO ALCANÇOU"
"PA";150800;"Tomé-Açu";;2;2;100;100;"ALCANÇOU"
"PA";150803;"Tracuateua";"X";0;0;;;"NÃO ALCANÇOU"
"PA";150805;"Trairão";"X";0;0;;;"NÃO ALCANÇOU"
"PA";150808;"Tucumã";"X";0;0;;;"NÃO ALCANÇOU"
"PA";150810;"Tucuruí";;1;1;100;100;"ALCANÇOU"
"PA";150812;"Ulianópolis";"X";0;0;;;"NÃO ALCANÇOU"
"PA";150815;"Uruará";;1;1;100;100;"ALCANÇOU"
"PA";150820;"Vigia";"X";0;0;;;"NÃO ALCANÇOU"
"PA";150830;"Viseu";"X";0;0;;;"NÃO ALCANÇOU"
"PA";150835;"Vitória do Xingu";;1;1;100;100;"ALCANÇOU"
"PA";150840;"Xinguara";"X";0;0;;;"NÃO ALCANÇOU"
"AP";160005;"Serra do Navio";"X";0;0;;;"NÃO ALCANÇOU"
"AP";160010;"Amapá";;6;10;60;60;"NÃO ALCANÇOU"
"AP";160015;"Pedra Branca do Amapari";;51;59;86,4406779661017;86,4;"ALCANÇOU"
"AP";160020;"Calçoene";;1;2;50;50;"NÃO ALCANÇOU"
"AP";160021;"Cutias";;1;1;100;100;"ALCANÇOU"
"AP";160023;"Ferreira Gomes";;0;1;0;0;"NÃO ALCANÇOU"
"AP";160025;"Itaubal";"X";0;0;;;"NÃO ALCANÇOU"
"AP";160027;"Laranjal do Jari";;2;3;66,6666666666667;66,7;"NÃO ALCANÇOU"
"AP";160030;"Macapá";;73;84;86,9047619047619;86,9;"ALCANÇOU"
"AP";160040;"Mazagão";;4;4;100;100;"ALCANÇOU"
"AP";160050;"Oiapoque";;2;2;100;100;"ALCANÇOU"
"AP";160053;"Porto Grande";;4;8;50;50;"NÃO ALCANÇOU"
"AP";160055;"Pracuúba";"X";0;0;;;"NÃO ALCANÇOU"
"AP";160060;"Santana";;31;32;96,875;96,9;"ALCANÇOU"
"AP";160070;"Tartarugalzinho";;3;4;75;75;"NÃO ALCANÇOU"
"AP";160080;"Vitória do Jari";"X";0;0;;;"NÃO ALCANÇOU"
"TO";170025;"Abreulândia";"X";0;0;;;"NÃO ALCANÇOU"
"TO";170030;"Aguiarnópolis";"X";0;0;;;"NÃO ALCANÇOU"
"TO";170035;"Aliança do Tocantins";"X";0;0;;;"NÃO ALCANÇOU"
"TO";170040;"Almas";"X";0;0;;;"NÃO ALCANÇOU"
"TO";170070;"Alvorada";"X";0;0;;;"NÃO ALCANÇOU"
"TO";170100;"Ananás";"X";0;0;;;"NÃO ALCANÇOU"
"TO";170105;"Angico";;2;2;100;100;"ALCANÇOU"
"TO";170110;"Aparecida do Rio Negro";"X";0;0;;;"NÃO ALCANÇOU"
"TO";170130;"Aragominas";"X";0;0;;;"NÃO ALCANÇOU"
"TO";170190;"Araguacema";"X";0;0;;;"NÃO ALCANÇOU"
"TO";170200;"Araguaçu";"X";0;0;;;"NÃO ALCANÇOU"
"TO";170210;"Araguaína";;17;17;100;100;"ALCANÇOU"
"TO";170215;"Araguanã";"X";0;0;;;"NÃO ALCANÇOU"
"TO";170220;"Araguatins";"X";0;0;;;"NÃO ALCANÇOU"
"TO";170230;"Arapoema";"X";0;0;;;"NÃO ALCANÇOU"
"TO";170240;"Arraias";"X";0;0;;;"NÃO ALCANÇOU"
"TO";170255;"Augustinópolis";;1;1;100;100;"ALCANÇOU"
"TO";170270;"Aurora do Tocantins";"X";0;0;;;"NÃO ALCANÇOU"
"TO";170290;"Axixá do Tocantins";"X";0;0;;;"NÃO ALCANÇOU"
"TO";170300;"Babaçulândia";;1;1;100;100;"ALCANÇOU"
"TO";170305;"Bandeirantes do Tocantins";"X";0;0;;;"NÃO ALCANÇOU"
"TO";170307;"Barra do Ouro";;1;1;100;100;"ALCANÇOU"
"TO";170310;"Barrolândia";"X";0;0;;;"NÃO ALCANÇOU"
"TO";170320;"Bernardo Sayão";"X";0;0;;;"NÃO ALCANÇOU"
"TO";170330;"Bom Jesus do Tocantins";"X";0;0;;;"NÃO ALCANÇOU"
"TO";170360;"Brasilândia do Tocantins";"X";0;0;;;"NÃO ALCANÇOU"
"TO";170370;"Brejinho de Nazaré";;0;3;0;0;"NÃO ALCANÇOU"
"TO";170380;"Buriti do Tocantins";;1;1;100;100;"ALCANÇOU"
"TO";170382;"Cachoeirinha";;1;1;100;100;"ALCANÇOU"
"TO";170384;"Campos Lindos";;26;26;100;100;"ALCANÇOU"
"TO";170386;"Cariri do Tocantins";"X";0;0;;;"NÃO ALCANÇOU"
"TO";170388;"Carmolândia";;0;1;0;0;"NÃO ALCANÇOU"
"TO";170389;"Carrasco Bonito";"X";0;0;;;"NÃO ALCANÇOU"
"TO";170390;"Caseara";"X";0;0;;;"NÃO ALCANÇOU"
"TO";170410;"Centenário";"X";0;0;;;"NÃO ALCANÇOU"
"TO";170460;"Chapada de Areia";"X";0;0;;;"NÃO ALCANÇOU"
"TO";170510;"Chapada da Natividade";;0;1;0;0;"NÃO ALCANÇOU"
"TO";170550;"Colinas do Tocantins";;2;2;100;100;"ALCANÇOU"
"TO";170555;"Combinado";"X";0;0;;;"NÃO ALCANÇOU"
"TO";170560;"Conceição do Tocantins";"X";0;0;;;"NÃO ALCANÇOU"
"TO";170600;"Couto Magalhães";"X";0;0;;;"NÃO ALCANÇOU"
"TO";170610;"Cristalândia";"X";0;0;;;"NÃO ALCANÇOU"
"TO";170625;"Crixás do Tocantins";"X";0;0;;;"NÃO ALCANÇOU"
"TO";170650;"Darcinópolis";"X";0;0;;;"NÃO ALCANÇOU"
"TO";170700;"Dianópolis";"X";0;0;;;"NÃO ALCANÇOU"
"TO";170710;"Divinópolis do Tocantins";"X";0;0;;;"NÃO ALCANÇOU"
"TO";170720;"Dois Irmãos do Tocantins";;1;1;100;100;"ALCANÇOU"
"TO";170730;"Dueré";"X";0;0;;;"NÃO ALCANÇOU"
"TO";170740;"Esperantina";"X";0;0;;;"NÃO ALCANÇOU"
"TO";170755;"Fátima";;0;1;0;0;"NÃO ALCANÇOU"
"TO";170765;"Figueirópolis";"X";0;0;;;"NÃO ALCANÇOU"
"TO";170770;"Filadélfia";;2;2;100;100;"ALCANÇOU"
"TO";170820;"Formoso do Araguaia";;2;3;66,6666666666667;66,7;"NÃO ALCANÇOU"
"TO";170825;"Fortaleza do Tabocão";"X";0;0;;;"NÃO ALCANÇOU"
"TO";170830;"Goianorte";"X";0;0;;;"NÃO ALCANÇOU"
"TO";170900;"Goiatins";;1;1;100;100;"ALCANÇOU"
"TO";170930;"Guaraí";"X";0;0;;;"NÃO ALCANÇOU"
"TO";170950;"Gurupi";;9;10;90;90;"ALCANÇOU"
"TO";170980;"Ipueiras";"X";0;0;;;"NÃO ALCANÇOU"
"TO";171050;"Itacajá";"X";0;0;;;"NÃO ALCANÇOU"
"TO";171070;"Itaguatins";"X";0;0;;;"NÃO ALCANÇOU"
"TO";171090;"Itapiratins";"X";0;0;;;"NÃO ALCANÇOU"
"TO";171110;"Itaporã do Tocantins";"X";0;0;;;"NÃO ALCANÇOU"
"TO";171150;"Jaú do Tocantins";"X";0;0;;;"NÃO ALCANÇOU"
"TO";171180;"Juarina";"X";0;0;;;"NÃO ALCANÇOU"
"TO";171190;"Lagoa da Confusão";"X";0;0;;;"NÃO ALCANÇOU"
"TO";171195;"Lagoa do Tocantins";"X";0;0;;;"NÃO ALCANÇOU"
"TO";171200;"Lajeado";"X";0;0;;;"NÃO ALCANÇOU"
"TO";171215;"Lavandeira";"X";0;0;;;"NÃO ALCANÇOU"
"TO";171240;"Lizarda";"X";0;0;;;"NÃO ALCANÇOU"
"TO";171245;"Luzinópolis";;1;3;33,3333333333333;33,3;"NÃO ALCANÇOU"
"TO";171250;"Marianópolis do Tocantins";"X";0;0;;;"NÃO ALCANÇOU"
"TO";171270;"Mateiros";"X";0;0;;;"NÃO ALCANÇOU"
"TO";171280;"Maurilândia do Tocantins";"X";0;0;;;"NÃO ALCANÇOU"
"TO";171320;"Miracema do Tocantins";"X";0;0;;;"NÃO ALCANÇOU"
"TO";171330;"Miranorte";"X";0;0;;;"NÃO ALCANÇOU"
"TO";171360;"Monte do Carmo";"X";0;0;;;"NÃO ALCANÇOU"
"TO";171370;"Monte Santo do Tocantins";"X";0;0;;;"NÃO ALCANÇOU"
"TO";171380;"Palmeiras do Tocantins";;1;1;100;100;"ALCANÇOU"
"TO";171395;"Muricilândia";"X";0;0;;;"NÃO ALCANÇOU"
"TO";171420;"Natividade";"X";0;0;;;"NÃO ALCANÇOU"
"TO";171430;"Nazaré";"X";0;0;;;"NÃO ALCANÇOU"
"TO";171488;"Nova Olinda";;4;4;100;100;"ALCANÇOU"
"TO";171500;"Nova Rosalândia";;1;1;100;100;"ALCANÇOU"
"TO";171510;"Novo Acordo";"X";0;0;;;"NÃO ALCANÇOU"
"TO";171515;"Novo Alegre";"X";0;0;;;"NÃO ALCANÇOU"
"TO";171525;"Novo Jardim";"X";0;0;;;"NÃO ALCANÇOU"
"TO";171550;"Oliveira de Fátima";;0;1;0;0;"NÃO ALCANÇOU"
"TO";171570;"Palmeirante";"X";0;0;;;"NÃO ALCANÇOU"
"TO";171575;"Palmeirópolis";;0;1;0;0;"NÃO ALCANÇOU"
"TO";171610;"Paraíso do Tocantins";;1;2;50;50;"NÃO ALCANÇOU"
"TO";171620;"Paranã";"X";0;0;;;"NÃO ALCANÇOU"
"TO";171630;"Pau D'Arco";;1;1;100;100;"ALCANÇOU"
"TO";171650;"Pedro Afonso";;0;1;0;0;"NÃO ALCANÇOU"
"TO";171660;"Peixe";;1;1;100;100;"ALCANÇOU"
"TO";171665;"Pequizeiro";"X";0;0;;;"NÃO ALCANÇOU"
"TO";171670;"Colméia";"X";0;0;;;"NÃO ALCANÇOU"
"TO";171700;"Pindorama do Tocantins";"X";0;0;;;"NÃO ALCANÇOU"
"TO";171720;"Piraquê";"X";0;0;;;"NÃO ALCANÇOU"
"TO";171750;"Pium";"X";0;0;;;"NÃO ALCANÇOU"
"TO";171780;"Ponte Alta do Bom Jesus";"X";0;0;;;"NÃO ALCANÇOU"
"TO";171790;"Ponte Alta do Tocantins";"X";0;0;;;"NÃO ALCANÇOU"
"TO";171800;"Porto Alegre do Tocantins";"X";0;0;;;"NÃO ALCANÇOU"
"TO";171820;"Porto Nacional";;11;11;100;100;"ALCANÇOU"
"TO";171830;"Praia Norte";;1;1;100;100;"ALCANÇOU"
"TO";171840;"Presidente Kennedy";"X";0;0;;;"NÃO ALCANÇOU"
"TO";171845;"Pugmil";"X";0;0;;;"NÃO ALCANÇOU"
"TO";171850;"Recursolândia";"X";0;0;;;"NÃO ALCANÇOU"
"TO";171855;"Riachinho";"X";0;0;;;"NÃO ALCANÇOU"
"TO";171865;"Rio da Conceição";"X";0;0;;;"NÃO ALCANÇOU"
"TO";171870;"Rio dos Bois";"X";0;0;;;"NÃO ALCANÇOU"
"TO";171875;"Rio Sono";;1;1;100;100;"ALCANÇOU"
"TO";171880;"Sampaio";;1;1;100;100;"ALCANÇOU"
"TO";171884;"Sandolândia";"X";0;0;;;"NÃO ALCANÇOU"
"TO";171886;"Santa Fé do Araguaia";"X";0;0;;;"NÃO ALCANÇOU"
"TO";171888;"Santa Maria do Tocantins";"X";0;0;;;"NÃO ALCANÇOU"
"TO";171889;"Santa Rita do Tocantins";"X";0;0;;;"NÃO ALCANÇOU"
"TO";171890;"Santa Rosa do Tocantins";"X";0;0;;;"NÃO ALCANÇOU"
"TO";171900;"Santa Tereza do Tocantins";"X";0;0;;;"NÃO ALCANÇOU"
"TO";172000;"Santa Terezinha do Tocantins";"X";0;0;;;"NÃO ALCANÇOU"
"TO";172010;"São Bento do Tocantins";"X";0;0;;;"NÃO ALCANÇOU"
"TO";172015;"São Félix do Tocantins";"X";0;0;;;"NÃO ALCANÇOU"
"TO";172020;"São Miguel do Tocantins";"X";0;0;;;"NÃO ALCANÇOU"
"TO";172025;"São Salvador do Tocantins";"X";0;0;;;"NÃO ALCANÇOU"
"TO";172030;"São Sebastião do Tocantins";"X";0;0;;;"NÃO ALCANÇOU"
"TO";172049;"São Valério";"X";0;0;;;"NÃO ALCANÇOU"
"TO";172065;"Silvanópolis";;1;1;100;100;"ALCANÇOU"
"TO";172080;"Sítio Novo do Tocantins";"X";0;0;;;"NÃO ALCANÇOU"
"TO";172085;"Sucupira";"X";0;0;;;"NÃO ALCANÇOU"
"TO";172090;"Taguatinga";"X";0;0;;;"NÃO ALCANÇOU"
"TO";172093;"Taipas do Tocantins";"X";0;0;;;"NÃO ALCANÇOU"
"TO";172097;"Talismã";"X";0;0;;;"NÃO ALCANÇOU"
"TO";172100;"Palmas";;47;49;95,9183673469388;95,9;"ALCANÇOU"
"TO";172110;"Tocantínia";"X";0;0;;;"NÃO ALCANÇOU"
"TO";172120;"Tocantinópolis";"X";0;0;;;"NÃO ALCANÇOU"
"TO";172125;"Tupirama";"X";0;0;;;"NÃO ALCANÇOU"
"TO";172130;"Tupiratins";"X";0;0;;;"NÃO ALCANÇOU"
"TO";172208;"Wanderlândia";;1;1;100;100;"ALCANÇOU"
"TO";172210;"Xambioá";;1;1;100;100;"ALCANÇOU"
"MA";210005;"Açailândia";;7;7;100;100;"ALCANÇOU"
"MA";210010;"Afonso Cunha";"X";0;0;;;"NÃO ALCANÇOU"
"MA";210015;"Água Doce do Maranhão";"X";0;0;;;"NÃO ALCANÇOU"
"MA";210020;"Alcântara";;1;1;100;100;"ALCANÇOU"
"MA";210030;"Aldeias Altas";;1;1;100;100;"ALCANÇOU"
"MA";210040;"Altamira do Maranhão";"X";0;0;;;"NÃO ALCANÇOU"
"MA";210043;"Alto Alegre do Maranhão";;0;1;0;0;"NÃO ALCANÇOU"
"MA";210047;"Alto Alegre do Pindaré";"X";0;0;;;"NÃO ALCANÇOU"
"MA";210050;"Alto Parnaíba";"X";0;0;;;"NÃO ALCANÇOU"
"MA";210055;"Amapá do Maranhão";"X";0;0;;;"NÃO ALCANÇOU"
"MA";210060;"Amarante do Maranhão";"X";0;0;;;"NÃO ALCANÇOU"
"MA";210070;"Anajatuba";;1;1;100;100;"ALCANÇOU"
"MA";210080;"Anapurus";"X";0;0;;;"NÃO ALCANÇOU"
"MA";210083;"Apicum-Açu";"X";0;0;;;"NÃO ALCANÇOU"
"MA";210087;"Araguanã";"X";0;0;;;"NÃO ALCANÇOU"
"MA";210090;"Araioses";"X";0;0;;;"NÃO ALCANÇOU"
"MA";210095;"Arame";"X";0;0;;;"NÃO ALCANÇOU"
"MA";210100;"Arari";;1;1;100;100;"ALCANÇOU"
"MA";210110;"Axixá";"X";0;0;;;"NÃO ALCANÇOU"
"MA";210120;"Bacabal";;0;1;0;0;"NÃO ALCANÇOU"
"MA";210125;"Bacabeira";"X";0;0;;;"NÃO ALCANÇOU"
"MA";210130;"Bacuri";"X";0;0;;;"NÃO ALCANÇOU"
"MA";210135;"Bacurituba";"X";0;0;;;"NÃO ALCANÇOU"
"MA";210140;"Balsas";;1;3;33,3333333333333;33,3;"NÃO ALCANÇOU"
"MA";210150;"Barão de Grajaú";"X";0;0;;;"NÃO ALCANÇOU"
"MA";210160;"Barra do Corda";"X";0;0;;;"NÃO ALCANÇOU"
"MA";210170;"Barreirinhas";"X";0;0;;;"NÃO ALCANÇOU"
"MA";210173;"Belágua";"X";0;0;;;"NÃO ALCANÇOU"
"MA";210177;"Bela Vista do Maranhão";"X";0;0;;;"NÃO ALCANÇOU"
"MA";210180;"Benedito Leite";"X";0;0;;;"NÃO ALCANÇOU"
"MA";210190;"Bequimão";"X";0;0;;;"NÃO ALCANÇOU"
"MA";210193;"Bernardo do Mearim";"X";0;0;;;"NÃO ALCANÇOU"
"MA";210197;"Boa Vista do Gurupi";"X";0;0;;;"NÃO ALCANÇOU"
"MA";210200;"Bom Jardim";"X";0;0;;;"NÃO ALCANÇOU"
"MA";210203;"Bom Jesus das Selvas";"X";0;0;;;"NÃO ALCANÇOU"
"MA";210207;"Bom Lugar";"X";0;0;;;"NÃO ALCANÇOU"
"MA";210210;"Brejo";;0;1;0;0;"NÃO ALCANÇOU"
"MA";210215;"Brejo de Areia";"X";0;0;;;"NÃO ALCANÇOU"
"MA";210220;"Buriti";"X";0;0;;;"NÃO ALCANÇOU"
"MA";210230;"Buriti Bravo";"X";0;0;;;"NÃO ALCANÇOU"
"MA";210232;"Buriticupu";;1;2;50;50;"NÃO ALCANÇOU"
"MA";210235;"Buritirana";"X";0;0;;;"NÃO ALCANÇOU"
"MA";210237;"Cachoeira Grande";"X";0;0;;;"NÃO ALCANÇOU"
"MA";210240;"Cajapió";"X";0;0;;;"NÃO ALCANÇOU"
"MA";210250;"Cajari";"X";0;0;;;"NÃO ALCANÇOU"
"MA";210255;"Campestre do Maranhão";"X";0;0;;;"NÃO ALCANÇOU"
"MA";210260;"Cândido Mendes";"X";0;0;;;"NÃO ALCANÇOU"
"MA";210270;"Cantanhede";;0;1;0;0;"NÃO ALCANÇOU"
"MA";210275;"Capinzal do Norte";"X";0;0;;;"NÃO ALCANÇOU"
"MA";210280;"Carolina";;0;1;0;0;"NÃO ALCANÇOU"
"MA";210290;"Carutapera";"X";0;0;;;"NÃO ALCANÇOU"
"MA";210300;"Caxias";"X";0;0;;;"NÃO ALCANÇOU"
"MA";210310;"Cedral";"X";0;0;;;"NÃO ALCANÇOU"
"MA";210312;"Central do Maranhão";"X";0;0;;;"NÃO ALCANÇOU"
"MA";210315;"Centro do Guilherme";"X";0;0;;;"NÃO ALCANÇOU"
"MA";210317;"Centro Novo do Maranhão";;14;41;34,1463414634146;34,1;"NÃO ALCANÇOU"
"MA";210320;"Chapadinha";"X";0;0;;;"NÃO ALCANÇOU"
"MA";210325;"Cidelândia";"X";0;0;;;"NÃO ALCANÇOU"
"MA";210330;"Codó";;0;1;0;0;"NÃO ALCANÇOU"
"MA";210340;"Coelho Neto";"X";0;0;;;"NÃO ALCANÇOU"
"MA";210350;"Colinas";"X";0;0;;;"NÃO ALCANÇOU"
"MA";210355;"Conceição do Lago-Açu";"X";0;0;;;"NÃO ALCANÇOU"
"MA";210360;"Coroatá";;1;1;100;100;"ALCANÇOU"
"MA";210370;"Cururupu";;0;1;0;0;"NÃO ALCANÇOU"
"MA";210375;"Davinópolis";"X";0;0;;;"NÃO ALCANÇOU"
"MA";210380;"Dom Pedro";"X";0;0;;;"NÃO ALCANÇOU"
"MA";210390;"Duque Bacelar";"X";0;0;;;"NÃO ALCANÇOU"
"MA";210400;"Esperantinópolis";"X";0;0;;;"NÃO ALCANÇOU"
"MA";210405;"Estreito";"X";0;0;;;"NÃO ALCANÇOU"
"MA";210407;"Feira Nova do Maranhão";;1;1;100;100;"ALCANÇOU"
"MA";210408;"Fernando Falcão";"X";0;0;;;"NÃO ALCANÇOU"
"MA";210409;"Formosa da Serra Negra";"X";0;0;;;"NÃO ALCANÇOU"
"MA";210410;"Fortaleza dos Nogueiras";"X";0;0;;;"NÃO ALCANÇOU"
"MA";210420;"Fortuna";"X";0;0;;;"NÃO ALCANÇOU"
"MA";210430;"Godofredo Viana";"X";0;0;;;"NÃO ALCANÇOU"
"MA";210440;"Gonçalves Dias";;1;1;100;100;"ALCANÇOU"
"MA";210450;"Governador Archer";"X";0;0;;;"NÃO ALCANÇOU"
"MA";210455;"Governador Edison Lobão";"X";0;0;;;"NÃO ALCANÇOU"
"MA";210460;"Governador Eugênio Barros";"X";0;0;;;"NÃO ALCANÇOU"
"MA";210462;"Governador Luiz Rocha";"X";0;0;;;"NÃO ALCANÇOU"
"MA";210465;"Governador Newton Bello";"X";0;0;;;"NÃO ALCANÇOU"
"MA";210467;"Governador Nunes Freire";;0;1;0;0;"NÃO ALCANÇOU"
"MA";210470;"Graça Aranha";"X";0;0;;;"NÃO ALCANÇOU"
"MA";210480;"Grajaú";"X";0;0;;;"NÃO ALCANÇOU"
"MA";210490;"Guimarães";"X";0;0;;;"NÃO ALCANÇOU"
"MA";210500;"Humberto de Campos";"X";0;0;;;"NÃO ALCANÇOU"
"MA";210510;"Icatu";"X";0;0;;;"NÃO ALCANÇOU"
"MA";210515;"Igarapé do Meio";"X";0;0;;;"NÃO ALCANÇOU"
"MA";210520;"Igarapé Grande";"X";0;0;;;"NÃO ALCANÇOU"
"MA";210530;"Imperatriz";;2;2;100;100;"ALCANÇOU"
"MA";210535;"Itaipava do Grajaú";"X";0;0;;;"NÃO ALCANÇOU"
"MA";210540;"Itapecuru Mirim";;1;2;50;50;"NÃO ALCANÇOU"
"MA";210542;"Itinga do Maranhão";;0;1;0;0;"NÃO ALCANÇOU"
"MA";210545;"Jatobá";;0;1;0;0;"NÃO ALCANÇOU"
"MA";210547;"Jenipapo dos Vieiras";"X";0;0;;;"NÃO ALCANÇOU"
"MA";210550;"João Lisboa";"X";0;0;;;"NÃO ALCANÇOU"
"MA";210560;"Joselândia";"X";0;0;;;"NÃO ALCANÇOU"
"MA";210565;"Junco do Maranhão";;1;1;100;100;"ALCANÇOU"
"MA";210570;"Lago da Pedra";"X";0;0;;;"NÃO ALCANÇOU"
"MA";210580;"Lago do Junco";"X";0;0;;;"NÃO ALCANÇOU"
"MA";210590;"Lago Verde";"X";0;0;;;"NÃO ALCANÇOU"
"MA";210592;"Lagoa do Mato";"X";0;0;;;"NÃO ALCANÇOU"
"MA";210594;"Lago dos Rodrigues";"X";0;0;;;"NÃO ALCANÇOU"
"MA";210596;"Lagoa Grande do Maranhão";;1;1;100;100;"ALCANÇOU"
"MA";210598;"Lajeado Novo";"X";0;0;;;"NÃO ALCANÇOU"
"MA";210600;"Lima Campos";"X";0;0;;;"NÃO ALCANÇOU"
"MA";210610;"Loreto";"X";0;0;;;"NÃO ALCANÇOU"
"MA";210620;"Luís Domingues";"X";0;0;;;"NÃO ALCANÇOU"
"MA";210630;"Magalhães de Almeida";"X";0;0;;;"NÃO ALCANÇOU"
"MA";210632;"Maracaçumé";"X";0;0;;;"NÃO ALCANÇOU"
"MA";210635;"Marajá do Sena";"X";0;0;;;"NÃO ALCANÇOU"
"MA";210637;"Maranhãozinho";"X";0;0;;;"NÃO ALCANÇOU"
"MA";210640;"Mata Roma";;1;1;100;100;"ALCANÇOU"
"MA";210650;"Matinha";"X";0;0;;;"NÃO ALCANÇOU"
"MA";210660;"Matões";"X";0;0;;;"NÃO ALCANÇOU"
"MA";210663;"Matões do Norte";"X";0;0;;;"NÃO ALCANÇOU"
"MA";210667;"Milagres do Maranhão";"X";0;0;;;"NÃO ALCANÇOU"
"MA";210670;"Mirador";"X";0;0;;;"NÃO ALCANÇOU"
"MA";210675;"Miranda do Norte";"X";0;0;;;"NÃO ALCANÇOU"
"MA";210680;"Mirinzal";"X";0;0;;;"NÃO ALCANÇOU"
"MA";210690;"Monção";"X";0;0;;;"NÃO ALCANÇOU"
"MA";210700;"Montes Altos";"X";0;0;;;"NÃO ALCANÇOU"
"MA";210710;"Morros";;2;3;66,6666666666667;66,7;"NÃO ALCANÇOU"
"MA";210720;"Nina Rodrigues";"X";0;0;;;"NÃO ALCANÇOU"
"MA";210725;"Nova Colinas";"X";0;0;;;"NÃO ALCANÇOU"
"MA";210730;"Nova Iorque";"X";0;0;;;"NÃO ALCANÇOU"
"MA";210735;"Nova Olinda do Maranhão";"X";0;0;;;"NÃO ALCANÇOU"
"MA";210740;"Olho d'Água das Cunhãs";"X";0;0;;;"NÃO ALCANÇOU"
"MA";210745;"Olinda Nova do Maranhão";"X";0;0;;;"NÃO ALCANÇOU"
"MA";210750;"Paço do Lumiar";;5;5;100;100;"ALCANÇOU"
"MA";210760;"Palmeirândia";"X";0;0;;;"NÃO ALCANÇOU"
"MA";210770;"Paraibano";"X";0;0;;;"NÃO ALCANÇOU"
"MA";210780;"Parnarama";"X";0;0;;;"NÃO ALCANÇOU"
"MA";210790;"Passagem Franca";"X";0;0;;;"NÃO ALCANÇOU"
"MA";210800;"Pastos Bons";"X";0;0;;;"NÃO ALCANÇOU"
"MA";210805;"Paulino Neves";"X";0;0;;;"NÃO ALCANÇOU"
"MA";210810;"Paulo Ramos";;2;2;100;100;"ALCANÇOU"
"MA";210820;"Pedreiras";;8;8;100;100;"ALCANÇOU"
"MA";210825;"Pedro do Rosário";"X";0;0;;;"NÃO ALCANÇOU"
"MA";210830;"Penalva";"X";0;0;;;"NÃO ALCANÇOU"
"MA";210840;"Peri Mirim";;1;1;100;100;"ALCANÇOU"
"MA";210845;"Peritoró";"X";0;0;;;"NÃO ALCANÇOU"
"MA";210850;"Pindaré-Mirim";;1;1;100;100;"ALCANÇOU"
"MA";210860;"Pinheiro";"X";0;0;;;"NÃO ALCANÇOU"
"MA";210870;"Pio XII";"X";0;0;;;"NÃO ALCANÇOU"
"MA";210880;"Pirapemas";"X";0;0;;;"NÃO ALCANÇOU"
"MA";210890;"Poção de Pedras";"X";0;0;;;"NÃO ALCANÇOU"
"MA";210900;"Porto Franco";"X";0;0;;;"NÃO ALCANÇOU"
"MA";210905;"Porto Rico do Maranhão";;0;1;0;0;"NÃO ALCANÇOU"
"MA";210910;"Presidente Dutra";"X";0;0;;;"NÃO ALCANÇOU"
"MA";210920;"Presidente Juscelino";"X";0;0;;;"NÃO ALCANÇOU"
"MA";210923;"Presidente Médici";"X";0;0;;;"NÃO ALCANÇOU"
"MA";210927;"Presidente Sarney";"X";0;0;;;"NÃO ALCANÇOU"
"MA";210930;"Presidente Vargas";"X";0;0;;;"NÃO ALCANÇOU"
"MA";210940;"Primeira Cruz";"X";0;0;;;"NÃO ALCANÇOU"
"MA";210945;"Raposa";;2;2;100;100;"ALCANÇOU"
"MA";210950;"Riachão";;1;2;50;50;"NÃO ALCANÇOU"
"MA";210955;"Ribamar Fiquene";"X";0;0;;;"NÃO ALCANÇOU"
"MA";210960;"Rosário";;3;4;75;75;"NÃO ALCANÇOU"
"MA";210970;"Sambaíba";"X";0;0;;;"NÃO ALCANÇOU"
"MA";210975;"Santa Filomena do Maranhão";;1;1;100;100;"ALCANÇOU"
"MA";210980;"Santa Helena";"X";0;0;;;"NÃO ALCANÇOU"
"MA";210990;"Santa Inês";;1;1;100;100;"ALCANÇOU"
"MA";211000;"Santa Luzia";;1;1;100;100;"ALCANÇOU"
"MA";211003;"Santa Luzia do Paruá";"X";0;0;;;"NÃO ALCANÇOU"
"MA";211010;"Santa Quitéria do Maranhão";"X";0;0;;;"NÃO ALCANÇOU"
"MA";211020;"Santa Rita";;0;1;0;0;"NÃO ALCANÇOU"
"MA";211023;"Santana do Maranhão";"X";0;0;;;"NÃO ALCANÇOU"
"MA";211027;"Santo Amaro do Maranhão";"X";0;0;;;"NÃO ALCANÇOU"
"MA";211030;"Santo Antônio dos Lopes";"X";0;0;;;"NÃO ALCANÇOU"
"MA";211040;"São Benedito do Rio Preto";"X";0;0;;;"NÃO ALCANÇOU"
"MA";211050;"São Bento";;0;1;0;0;"NÃO ALCANÇOU"
"MA";211060;"São Bernardo";"X";0;0;;;"NÃO ALCANÇOU"
"MA";211065;"São Domingos do Azeitão";"X";0;0;;;"NÃO ALCANÇOU"
"MA";211070;"São Domingos do Maranhão";"X";0;0;;;"NÃO ALCANÇOU"
"MA";211080;"São Félix de Balsas";"X";0;0;;;"NÃO ALCANÇOU"
"MA";211085;"São Francisco do Brejão";"X";0;0;;;"NÃO ALCANÇOU"
"MA";211090;"São Francisco do Maranhão";"X";0;0;;;"NÃO ALCANÇOU"
"MA";211100;"São João Batista";"X";0;0;;;"NÃO ALCANÇOU"
"MA";211102;"São João do Carú";;1;1;100;100;"ALCANÇOU"
"MA";211105;"São João do Paraíso";"X";0;0;;;"NÃO ALCANÇOU"
"MA";211107;"São João do Soter";"X";0;0;;;"NÃO ALCANÇOU"
"MA";211110;"São João dos Patos";"X";0;0;;;"NÃO ALCANÇOU"
"MA";211120;"São José de Ribamar";;7;9;77,7777777777778;77,8;"NÃO ALCANÇOU"
"MA";211125;"São José dos Basílios";"X";0;0;;;"NÃO ALCANÇOU"
"MA";211130;"São Luís";;60;61;98,3606557377049;98,4;"ALCANÇOU"
"MA";211140;"São Luís Gonzaga do Maranhão";"X";0;0;;;"NÃO ALCANÇOU"
"MA";211150;"São Mateus do Maranhão";;2;3;66,6666666666667;66,7;"NÃO ALCANÇOU"
"MA";211153;"São Pedro da Água Branca";;0;1;0;0;"NÃO ALCANÇOU"
"MA";211157;"São Pedro dos Crentes";"X";0;0;;;"NÃO ALCANÇOU"
"MA";211160;"São Raimundo das Mangabeiras";;1;1;100;100;"ALCANÇOU"
"MA";211163;"São Raimundo do Doca Bezerra";"X";0;0;;;"NÃO ALCANÇOU"
"MA";211167;"São Roberto";"X";0;0;;;"NÃO ALCANÇOU"
"MA";211170;"São Vicente Ferrer";"X";0;0;;;"NÃO ALCANÇOU"
"MA";211172;"Satubinha";"X";0;0;;;"NÃO ALCANÇOU"
"MA";211174;"Senador Alexandre Costa";"X";0;0;;;"NÃO ALCANÇOU"
"MA";211176;"Senador La Rocque";;1;1;100;100;"ALCANÇOU"
"MA";211178;"Serrano do Maranhão";"X";0;0;;;"NÃO ALCANÇOU"
"MA";211180;"Sítio Novo";"X";0;0;;;"NÃO ALCANÇOU"
"MA";211190;"Sucupira do Norte";;1;1;100;100;"ALCANÇOU"
"MA";211195;"Sucupira do Riachão";"X";0;0;;;"NÃO ALCANÇOU"
"MA";211200;"Tasso Fragoso";;0;1;0;0;"NÃO ALCANÇOU"
"MA";211210;"Timbiras";"X";0;0;;;"NÃO ALCANÇOU"
"MA";211220;"Timon";;1;1;100;100;"ALCANÇOU"
"MA";211223;"Trizidela do Vale";;2;2;100;100;"ALCANÇOU"
"MA";211227;"Tufilândia";"X";0;0;;;"NÃO ALCANÇOU"
"MA";211230;"Tuntum";"X";0;0;;;"NÃO ALCANÇOU"
"MA";211240;"Turiaçu";"X";0;0;;;"NÃO ALCANÇOU"
"MA";211245;"Turilândia";"X";0;0;;;"NÃO ALCANÇOU"
"MA";211250;"Tutóia";;1;2;50;50;"NÃO ALCANÇOU"
"MA";211260;"Urbano Santos";"X";0;0;;;"NÃO ALCANÇOU"
"MA";211270;"Vargem Grande";"X";0;0;;;"NÃO ALCANÇOU"
"MA";211280;"Viana";;1;1;100;100;"ALCANÇOU"
"MA";211285;"Vila Nova dos Martírios";"X";0;0;;;"NÃO ALCANÇOU"
"MA";211290;"Vitória do Mearim";"X";0;0;;;"NÃO ALCANÇOU"
"MA";211300;"Vitorino Freire";"X";0;0;;;"NÃO ALCANÇOU"
"MA";211400;"Zé Doca";;1;1;100;100;"ALCANÇOU"
"PI";220005;"Acauã";"X";0;0;;;"NÃO ALCANÇOU"
"PI";220010;"Agricolândia";"X";0;0;;;"NÃO ALCANÇOU"
"PI";220020;"Água Branca";"X";0;0;;;"NÃO ALCANÇOU"
"PI";220025;"Alagoinha do Piauí";"X";0;0;;;"NÃO ALCANÇOU"
"PI";220027;"Alegrete do Piauí";"X";0;0;;;"NÃO ALCANÇOU"
"PI";220030;"Alto Longá";"X";0;0;;;"NÃO ALCANÇOU"
"PI";220040;"Altos";;1;1;100;100;"ALCANÇOU"
"PI";220045;"Alvorada do Gurguéia";"X";0;0;;;"NÃO ALCANÇOU"
"PI";220050;"Amarante";"X";0;0;;;"NÃO ALCANÇOU"
"PI";220060;"Angical do Piauí";"X";0;0;;;"NÃO ALCANÇOU"
"PI";220070;"Anísio de Abreu";"X";0;0;;;"NÃO ALCANÇOU"
"PI";220080;"Antônio Almeida";;1;1;100;100;"ALCANÇOU"
"PI";220090;"Aroazes";"X";0;0;;;"NÃO ALCANÇOU"
"PI";220095;"Aroeiras do Itaim";"X";0;0;;;"NÃO ALCANÇOU"
"PI";220100;"Arraial";"X";0;0;;;"NÃO ALCANÇOU"
"PI";220105;"Assunção do Piauí";"X";0;0;;;"NÃO ALCANÇOU"
"PI";220110;"Avelino Lopes";"X";0;0;;;"NÃO ALCANÇOU"
"PI";220115;"Baixa Grande do Ribeiro";;0;1;0;0;"NÃO ALCANÇOU"
"PI";220117;"Barra D'Alcântara";"X";0;0;;;"NÃO ALCANÇOU"
"PI";220120;"Barras";;7;7;100;100;"ALCANÇOU"
"PI";220130;"Barreiras do Piauí";"X";0;0;;;"NÃO ALCANÇOU"
"PI";220140;"Barro Duro";"X";0;0;;;"NÃO ALCANÇOU"
"PI";220150;"Batalha";"X";0;0;;;"NÃO ALCANÇOU"
"PI";220155;"Bela Vista do Piauí";"X";0;0;;;"NÃO ALCANÇOU"
"PI";220157;"Belém do Piauí";"X";0;0;;;"NÃO ALCANÇOU"
"PI";220160;"Beneditinos";"X";0;0;;;"NÃO ALCANÇOU"
"PI";220170;"Bertolínia";"X";0;0;;;"NÃO ALCANÇOU"
"PI";220173;"Betânia do Piauí";"X";0;0;;;"NÃO ALCANÇOU"
"PI";220177;"Boa Hora";"X";0;0;;;"NÃO ALCANÇOU"
"PI";220180;"Bocaina";"X";0;0;;;"NÃO ALCANÇOU"
"PI";220190;"Bom Jesus";"X";0;0;;;"NÃO ALCANÇOU"
"PI";220191;"Bom Princípio do Piauí";"X";0;0;;;"NÃO ALCANÇOU"
"PI";220192;"Bonfim do Piauí";"X";0;0;;;"NÃO ALCANÇOU"
"PI";220194;"Boqueirão do Piauí";"X";0;0;;;"NÃO ALCANÇOU"
"PI";220196;"Brasileira";"X";0;0;;;"NÃO ALCANÇOU"
"PI";220198;"Brejo do Piauí";"X";0;0;;;"NÃO ALCANÇOU"
"PI";220200;"Buriti dos Lopes";"X";0;0;;;"NÃO ALCANÇOU"
"PI";220202;"Buriti dos Montes";"X";0;0;;;"NÃO ALCANÇOU"
"PI";220205;"Cabeceiras do Piauí";"X";0;0;;;"NÃO ALCANÇOU"
"PI";220207;"Cajazeiras do Piauí";"X";0;0;;;"NÃO ALCANÇOU"
"PI";220208;"Cajueiro da Praia";"X";0;0;;;"NÃO ALCANÇOU"
"PI";220209;"Caldeirão Grande do Piauí";"X";0;0;;;"NÃO ALCANÇOU"
"PI";220210;"Campinas do Piauí";"X";0;0;;;"NÃO ALCANÇOU"
"PI";220211;"Campo Alegre do Fidalgo";"X";0;0;;;"NÃO ALCANÇOU"
"PI";220213;"Campo Grande do Piauí";"X";0;0;;;"NÃO ALCANÇOU"
"PI";220217;"Campo Largo do Piauí";"X";0;0;;;"NÃO ALCANÇOU"
"PI";220220;"Campo Maior";;1;2;50;50;"NÃO ALCANÇOU"
"PI";220225;"Canavieira";"X";0;0;;;"NÃO ALCANÇOU"
"PI";220230;"Canto do Buriti";"X";0;0;;;"NÃO ALCANÇOU"
"PI";220240;"Capitão de Campos";"X";0;0;;;"NÃO ALCANÇOU"
"PI";220245;"Capitão Gervásio Oliveira";"X";0;0;;;"NÃO ALCANÇOU"
"PI";220250;"Caracol";"X";0;0;;;"NÃO ALCANÇOU"
"PI";220253;"Caraúbas do Piauí";"X";0;0;;;"NÃO ALCANÇOU"
"PI";220255;"Caridade do Piauí";"X";0;0;;;"NÃO ALCANÇOU"
"PI";220260;"Castelo do Piauí";"X";0;0;;;"NÃO ALCANÇOU"
"PI";220265;"Caxingó";"X";0;0;;;"NÃO ALCANÇOU"
"PI";220270;"Cocal";"X";0;0;;;"NÃO ALCANÇOU"
"PI";220271;"Cocal de Telha";"X";0;0;;;"NÃO ALCANÇOU"
"PI";220272;"Cocal dos Alves";"X";0;0;;;"NÃO ALCANÇOU"
"PI";220273;"Coivaras";"X";0;0;;;"NÃO ALCANÇOU"
"PI";220275;"Colônia do Gurguéia";;0;3;0;0;"NÃO ALCANÇOU"
"PI";220277;"Colônia do Piauí";"X";0;0;;;"NÃO ALCANÇOU"
"PI";220280;"Conceição do Canindé";"X";0;0;;;"NÃO ALCANÇOU"
"PI";220285;"Coronel José Dias";"X";0;0;;;"NÃO ALCANÇOU"
"PI";220290;"Corrente";"X";0;0;;;"NÃO ALCANÇOU"
"PI";220300;"Cristalândia do Piauí";"X";0;0;;;"NÃO ALCANÇOU"
"PI";220310;"Cristino Castro";"X";0;0;;;"NÃO ALCANÇOU"
"PI";220320;"Curimatá";"X";0;0;;;"NÃO ALCANÇOU"
"PI";220323;"Currais";"X";0;0;;;"NÃO ALCANÇOU"
"PI";220325;"Curralinhos";"X";0;0;;;"NÃO ALCANÇOU"
"PI";220327;"Curral Novo do Piauí";"X";0;0;;;"NÃO ALCANÇOU"
"PI";220330;"Demerval Lobão";"X";0;0;;;"NÃO ALCANÇOU"
"PI";220335;"Dirceu Arcoverde";"X";0;0;;;"NÃO ALCANÇOU"
"PI";220340;"Dom Expedito Lopes";"X";0;0;;;"NÃO ALCANÇOU"
"PI";220342;"Domingos Mourão";"X";0;0;;;"NÃO ALCANÇOU"
"PI";220345;"Dom Inocêncio";;1;1;100;100;"ALCANÇOU"
"PI";220350;"Elesbão Veloso";"X";0;0;;;"NÃO ALCANÇOU"
"PI";220360;"Eliseu Martins";"X";0;0;;;"NÃO ALCANÇOU"
"PI";220370;"Esperantina";;1;1;100;100;"ALCANÇOU"
"PI";220375;"Fartura do Piauí";"X";0;0;;;"NÃO ALCANÇOU"
"PI";220380;"Flores do Piauí";"X";0;0;;;"NÃO ALCANÇOU"
"PI";220385;"Floresta do Piauí";"X";0;0;;;"NÃO ALCANÇOU"
"PI";220390;"Floriano";"X";0;0;;;"NÃO ALCANÇOU"
"PI";220400;"Francinópolis";"X";0;0;;;"NÃO ALCANÇOU"
"PI";220410;"Francisco Ayres";"X";0;0;;;"NÃO ALCANÇOU"
"PI";220415;"Francisco Macedo";"X";0;0;;;"NÃO ALCANÇOU"
"PI";220420;"Francisco Santos";"X";0;0;;;"NÃO ALCANÇOU"
"PI";220430;"Fronteiras";"X";0;0;;;"NÃO ALCANÇOU"
"PI";220435;"Geminiano";"X";0;0;;;"NÃO ALCANÇOU"
"PI";220440;"Gilbués";"X";0;0;;;"NÃO ALCANÇOU"
"PI";220450;"Guadalupe";"X";0;0;;;"NÃO ALCANÇOU"
"PI";220455;"Guaribas";"X";0;0;;;"NÃO ALCANÇOU"
"PI";220460;"Hugo Napoleão";"X";0;0;;;"NÃO ALCANÇOU"
"PI";220465;"Ilha Grande";"X";0;0;;;"NÃO ALCANÇOU"
"PI";220470;"Inhuma";"X";0;0;;;"NÃO ALCANÇOU"
"PI";220480;"Ipiranga do Piauí";"X";0;0;;;"NÃO ALCANÇOU"
"PI";220490;"Isaías Coelho";"X";0;0;;;"NÃO ALCANÇOU"
"PI";220500;"Itainópolis";;1;1;100;100;"ALCANÇOU"
"PI";220510;"Itaueira";"X";0;0;;;"NÃO ALCANÇOU"
"PI";220515;"Jacobina do Piauí";"X";0;0;;;"NÃO ALCANÇOU"
"PI";220520;"Jaicós";"X";0;0;;;"NÃO ALCANÇOU"
"PI";220525;"Jardim do Mulato";"X";0;0;;;"NÃO ALCANÇOU"
"PI";220527;"Jatobá do Piauí";"X";0;0;;;"NÃO ALCANÇOU"
"PI";220530;"Jerumenha";"X";0;0;;;"NÃO ALCANÇOU"
"PI";220535;"João Costa";"X";0;0;;;"NÃO ALCANÇOU"
"PI";220540;"Joaquim Pires";"X";0;0;;;"NÃO ALCANÇOU"
"PI";220545;"Joca Marques";"X";0;0;;;"NÃO ALCANÇOU"
"PI";220550;"José de Freitas";"X";0;0;;;"NÃO ALCANÇOU"
"PI";220551;"Juazeiro do Piauí";"X";0;0;;;"NÃO ALCANÇOU"
"PI";220552;"Júlio Borges";"X";0;0;;;"NÃO ALCANÇOU"
"PI";220553;"Jurema";"X";0;0;;;"NÃO ALCANÇOU"
"PI";220554;"Lagoinha do Piauí";"X";0;0;;;"NÃO ALCANÇOU"
"PI";220555;"Lagoa Alegre";"X";0;0;;;"NÃO ALCANÇOU"
"PI";220556;"Lagoa do Barro do Piauí";"X";0;0;;;"NÃO ALCANÇOU"
"PI";220557;"Lagoa de São Francisco";"X";0;0;;;"NÃO ALCANÇOU"
"PI";220558;"Lagoa do Piauí";"X";0;0;;;"NÃO ALCANÇOU"
"PI";220559;"Lagoa do Sítio";"X";0;0;;;"NÃO ALCANÇOU"
"PI";220560;"Landri Sales";"X";0;0;;;"NÃO ALCANÇOU"
"PI";220570;"Luís Correia";"X";0;0;;;"NÃO ALCANÇOU"
"PI";220580;"Luzilândia";"X";0;0;;;"NÃO ALCANÇOU"
"PI";220585;"Madeiro";;1;1;100;100;"ALCANÇOU"
"PI";220590;"Manoel Emídio";"X";0;0;;;"NÃO ALCANÇOU"
"PI";220595;"Marcolândia";"X";0;0;;;"NÃO ALCANÇOU"
"PI";220600;"Marcos Parente";"X";0;0;;;"NÃO ALCANÇOU"
"PI";220605;"Massapê do Piauí";"X";0;0;;;"NÃO ALCANÇOU"
"PI";220610;"Matias Olímpio";;5;7;71,4285714285714;71,4;"NÃO ALCANÇOU"
"PI";220620;"Miguel Alves";;1;1;100;100;"ALCANÇOU"
"PI";220630;"Miguel Leão";"X";0;0;;;"NÃO ALCANÇOU"
"PI";220635;"Milton Brandão";"X";0;0;;;"NÃO ALCANÇOU"
"PI";220640;"Monsenhor Gil";"X";0;0;;;"NÃO ALCANÇOU"
"PI";220650;"Monsenhor Hipólito";"X";0;0;;;"NÃO ALCANÇOU"
"PI";220660;"Monte Alegre do Piauí";"X";0;0;;;"NÃO ALCANÇOU"
"PI";220665;"Morro Cabeça no Tempo";"X";0;0;;;"NÃO ALCANÇOU"
"PI";220667;"Morro do Chapéu do Piauí";"X";0;0;;;"NÃO ALCANÇOU"
"PI";220669;"Murici dos Portelas";"X";0;0;;;"NÃO ALCANÇOU"
"PI";220670;"Nazaré do Piauí";;2;2;100;100;"ALCANÇOU"
"PI";220672;"Nazária";"X";0;0;;;"NÃO ALCANÇOU"
"PI";220675;"Nossa Senhora de Nazaré";"X";0;0;;;"NÃO ALCANÇOU"
"PI";220680;"Nossa Senhora dos Remédios";"X";0;0;;;"NÃO ALCANÇOU"
"PI";220690;"Novo Oriente do Piauí";"X";0;0;;;"NÃO ALCANÇOU"
"PI";220695;"Novo Santo Antônio";"X";0;0;;;"NÃO ALCANÇOU"
"PI";220700;"Oeiras";"X";0;0;;;"NÃO ALCANÇOU"
"PI";220710;"Olho D'Água do Piauí";"X";0;0;;;"NÃO ALCANÇOU"
"PI";220720;"Padre Marcos";"X";0;0;;;"NÃO ALCANÇOU"
"PI";220730;"Paes Landim";"X";0;0;;;"NÃO ALCANÇOU"
"PI";220735;"Pajeú do Piauí";"X";0;0;;;"NÃO ALCANÇOU"
"PI";220740;"Palmeira do Piauí";"X";0;0;;;"NÃO ALCANÇOU"
"PI";220750;"Palmeirais";"X";0;0;;;"NÃO ALCANÇOU"
"PI";220755;"Paquetá";"X";0;0;;;"NÃO ALCANÇOU"
"PI";220760;"Parnaguá";"X";0;0;;;"NÃO ALCANÇOU"
"PI";220770;"Parnaíba";"X";0;0;;;"NÃO ALCANÇOU"
"PI";220775;"Passagem Franca do Piauí";"X";0;0;;;"NÃO ALCANÇOU"
"PI";220777;"Patos do Piauí";"X";0;0;;;"NÃO ALCANÇOU"
"PI";220779;"Pau D'Arco do Piauí";"X";0;0;;;"NÃO ALCANÇOU"
"PI";220780;"Paulistana";"X";0;0;;;"NÃO ALCANÇOU"
"PI";220785;"Pavussu";"X";0;0;;;"NÃO ALCANÇOU"
"PI";220790;"Pedro II";"X";0;0;;;"NÃO ALCANÇOU"
"PI";220793;"Pedro Laurentino";"X";0;0;;;"NÃO ALCANÇOU"
"PI";220795;"Nova Santa Rita";"X";0;0;;;"NÃO ALCANÇOU"
"PI";220800;"Picos";;1;1;100;100;"ALCANÇOU"
"PI";220810;"Pimenteiras";"X";0;0;;;"NÃO ALCANÇOU"
"PI";220820;"Pio IX";"X";0;0;;;"NÃO ALCANÇOU"
"PI";220830;"Piracuruca";"X";0;0;;;"NÃO ALCANÇOU"
"PI";220840;"Piripiri";;1;2;50;50;"NÃO ALCANÇOU"
"PI";220850;"Porto";"X";0;0;;;"NÃO ALCANÇOU"
"PI";220855;"Porto Alegre do Piauí";"X";0;0;;;"NÃO ALCANÇOU"
"PI";220860;"Prata do Piauí";"X";0;0;;;"NÃO ALCANÇOU"
"PI";220865;"Queimada Nova";"X";0;0;;;"NÃO ALCANÇOU"
"PI";220870;"Redenção do Gurguéia";"X";0;0;;;"NÃO ALCANÇOU"
"PI";220880;"Regeneração";"X";0;0;;;"NÃO ALCANÇOU"
"PI";220885;"Riacho Frio";"X";0;0;;;"NÃO ALCANÇOU"
"PI";220887;"Ribeira do Piauí";"X";0;0;;;"NÃO ALCANÇOU"
"PI";220890;"Ribeiro Gonçalves";"X";0;0;;;"NÃO ALCANÇOU"
"PI";220900;"Rio Grande do Piauí";"X";0;0;;;"NÃO ALCANÇOU"
"PI";220910;"Santa Cruz do Piauí";"X";0;0;;;"NÃO ALCANÇOU"
"PI";220915;"Santa Cruz dos Milagres";"X";0;0;;;"NÃO ALCANÇOU"
"PI";220920;"Santa Filomena";;0;1;0;0;"NÃO ALCANÇOU"
"PI";220930;"Santa Luz";"X";0;0;;;"NÃO ALCANÇOU"
"PI";220935;"Santana do Piauí";"X";0;0;;;"NÃO ALCANÇOU"
"PI";220937;"Santa Rosa do Piauí";"X";0;0;;;"NÃO ALCANÇOU"
"PI";220940;"Santo Antônio de Lisboa";"X";0;0;;;"NÃO ALCANÇOU"
"PI";220945;"Santo Antônio dos Milagres";"X";0;0;;;"NÃO ALCANÇOU"
"PI";220950;"Santo Inácio do Piauí";"X";0;0;;;"NÃO ALCANÇOU"
"PI";220955;"São Braz do Piauí";"X";0;0;;;"NÃO ALCANÇOU"
"PI";220960;"São Félix do Piauí";"X";0;0;;;"NÃO ALCANÇOU"
"PI";220965;"São Francisco de Assis do Piauí";"X";0;0;;;"NÃO ALCANÇOU"
"PI";220970;"São Francisco do Piauí";"X";0;0;;;"NÃO ALCANÇOU"
"PI";220975;"São Gonçalo do Gurguéia";"X";0;0;;;"NÃO ALCANÇOU"
"PI";220980;"São Gonçalo do Piauí";"X";0;0;;;"NÃO ALCANÇOU"
"PI";220985;"São João da Canabrava";"X";0;0;;;"NÃO ALCANÇOU"
"PI";220987;"São João da Fronteira";"X";0;0;;;"NÃO ALCANÇOU"
"PI";220990;"São João da Serra";"X";0;0;;;"NÃO ALCANÇOU"
"PI";220995;"São João da Varjota";"X";0;0;;;"NÃO ALCANÇOU"
"PI";220997;"São João do Arraial";"X";0;0;;;"NÃO ALCANÇOU"
"PI";221000;"São João do Piauí";"X";0;0;;;"NÃO ALCANÇOU"
"PI";221005;"São José do Divino";"X";0;0;;;"NÃO ALCANÇOU"
"PI";221010;"São José do Peixe";"X";0;0;;;"NÃO ALCANÇOU"
"PI";221020;"São José do Piauí";"X";0;0;;;"NÃO ALCANÇOU"
"PI";221030;"São Julião";"X";0;0;;;"NÃO ALCANÇOU"
"PI";221035;"São Lourenço do Piauí";"X";0;0;;;"NÃO ALCANÇOU"
"PI";221037;"São Luis do Piauí";"X";0;0;;;"NÃO ALCANÇOU"
"PI";221038;"São Miguel da Baixa Grande";"X";0;0;;;"NÃO ALCANÇOU"
"PI";221039;"São Miguel do Fidalgo";"X";0;0;;;"NÃO ALCANÇOU"
"PI";221040;"São Miguel do Tapuio";"X";0;0;;;"NÃO ALCANÇOU"
"PI";221050;"São Pedro do Piauí";"X";0;0;;;"NÃO ALCANÇOU"
"PI";221060;"São Raimundo Nonato";"X";0;0;;;"NÃO ALCANÇOU"
"PI";221062;"Sebastião Barros";"X";0;0;;;"NÃO ALCANÇOU"
"PI";221063;"Sebastião Leal";"X";0;0;;;"NÃO ALCANÇOU"
"PI";221065;"Sigefredo Pacheco";"X";0;0;;;"NÃO ALCANÇOU"
"PI";221070;"Simões";"X";0;0;;;"NÃO ALCANÇOU"
"PI";221080;"Simplício Mendes";"X";0;0;;;"NÃO ALCANÇOU"
"PI";221090;"Socorro do Piauí";"X";0;0;;;"NÃO ALCANÇOU"
"PI";221093;"Sussuapara";"X";0;0;;;"NÃO ALCANÇOU"
"PI";221095;"Tamboril do Piauí";"X";0;0;;;"NÃO ALCANÇOU"
"PI";221097;"Tanque do Piauí";"X";0;0;;;"NÃO ALCANÇOU"
"PI";221100;"Teresina";;11;13;84,6153846153846;84,6;"ALCANÇOU"
"PI";221110;"União";"X";0;0;;;"NÃO ALCANÇOU"
"PI";221120;"Uruçuí";"X";0;0;;;"NÃO ALCANÇOU"
"PI";221130;"Valença do Piauí";"X";0;0;;;"NÃO ALCANÇOU"
"PI";221135;"Várzea Branca";"X";0;0;;;"NÃO ALCANÇOU"
"PI";221140;"Várzea Grande";"X";0;0;;;"NÃO ALCANÇOU"
"PI";221150;"Vera Mendes";"X";0;0;;;"NÃO ALCANÇOU"
"PI";221160;"Vila Nova do Piauí";"X";0;0;;;"NÃO ALCANÇOU"
"PI";221170;"Wall Ferraz";"X";0;0;;;"NÃO ALCANÇOU"
"CE";230010;"Abaiara";"X";0;0;;;"NÃO ALCANÇOU"
"CE";230015;"Acarape";"X";0;0;;;"NÃO ALCANÇOU"
"CE";230020;"Acaraú";;0;1;0;0;"NÃO ALCANÇOU"
"CE";230030;"Acopiara";"X";0;0;;;"NÃO ALCANÇOU"
"CE";230040;"Aiuaba";"X";0;0;;;"NÃO ALCANÇOU"
"CE";230050;"Alcântaras";"X";0;0;;;"NÃO ALCANÇOU"
"CE";230060;"Altaneira";"X";0;0;;;"NÃO ALCANÇOU"
"CE";230070;"Alto Santo";;1;1;100;100;"ALCANÇOU"
"CE";230075;"Amontada";"X";0;0;;;"NÃO ALCANÇOU"
"CE";230080;"Antonina do Norte";"X";0;0;;;"NÃO ALCANÇOU"
"CE";230090;"Apuiarés";"X";0;0;;;"NÃO ALCANÇOU"
"CE";230100;"Aquiraz";;1;1;100;100;"ALCANÇOU"
"CE";230110;"Aracati";;0;2;0;0;"NÃO ALCANÇOU"
"CE";230120;"Aracoiaba";"X";0;0;;;"NÃO ALCANÇOU"
"CE";230125;"Ararendá";"X";0;0;;;"NÃO ALCANÇOU"
"CE";230130;"Araripe";;1;1;100;100;"ALCANÇOU"
"CE";230140;"Aratuba";"X";0;0;;;"NÃO ALCANÇOU"
"CE";230150;"Arneiroz";;1;1;100;100;"ALCANÇOU"
"CE";230160;"Assaré";"X";0;0;;;"NÃO ALCANÇOU"
"CE";230170;"Aurora";"X";0;0;;;"NÃO ALCANÇOU"
"CE";230180;"Baixio";"X";0;0;;;"NÃO ALCANÇOU"
"CE";230185;"Banabuiú";"X";0;0;;;"NÃO ALCANÇOU"
"CE";230190;"Barbalha";"X";0;0;;;"NÃO ALCANÇOU"
"CE";230195;"Barreira";"X";0;0;;;"NÃO ALCANÇOU"
"CE";230200;"Barro";"X";0;0;;;"NÃO ALCANÇOU"
"CE";230205;"Barroquinha";"X";0;0;;;"NÃO ALCANÇOU"
"CE";230210;"Baturité";"X";0;0;;;"NÃO ALCANÇOU"
"CE";230220;"Beberibe";;1;1;100;100;"ALCANÇOU"
"CE";230230;"Bela Cruz";"X";0;0;;;"NÃO ALCANÇOU"
"CE";230240;"Boa Viagem";;1;2;50;50;"NÃO ALCANÇOU"
"CE";230250;"Brejo Santo";;1;1;100;100;"ALCANÇOU"
"CE";230260;"Camocim";"X";0;0;;;"NÃO ALCANÇOU"
"CE";230270;"Campos Sales";"X";0;0;;;"NÃO ALCANÇOU"
"CE";230280;"Canindé";"X";0;0;;;"NÃO ALCANÇOU"
"CE";230290;"Capistrano";"X";0;0;;;"NÃO ALCANÇOU"
"CE";230300;"Caridade";"X";0;0;;;"NÃO ALCANÇOU"
"CE";230310;"Cariré";"X";0;0;;;"NÃO ALCANÇOU"
"CE";230320;"Caririaçu";;1;2;50;50;"NÃO ALCANÇOU"
"CE";230330;"Cariús";"X";0;0;;;"NÃO ALCANÇOU"
"CE";230340;"Carnaubal";"X";0;0;;;"NÃO ALCANÇOU"
"CE";230350;"Cascavel";;1;1;100;100;"ALCANÇOU"
"CE";230360;"Catarina";"X";0;0;;;"NÃO ALCANÇOU"
"CE";230365;"Catunda";"X";0;0;;;"NÃO ALCANÇOU"
"CE";230370;"Caucaia";;12;13;92,3076923076923;92,3;"ALCANÇOU"
"CE";230380;"Cedro";"X";0;0;;;"NÃO ALCANÇOU"
"CE";230390;"Chaval";"X";0;0;;;"NÃO ALCANÇOU"
"CE";230393;"Choró";"X";0;0;;;"NÃO ALCANÇOU"
"CE";230395;"Chorozinho";"X";0;0;;;"NÃO ALCANÇOU"
"CE";230400;"Coreaú";"X";0;0;;;"NÃO ALCANÇOU"
"CE";230410;"Crateús";;0;1;0;0;"NÃO ALCANÇOU"
"CE";230420;"Crato";;1;1;100;100;"ALCANÇOU"
"CE";230423;"Croatá";"X";0;0;;;"NÃO ALCANÇOU"
"CE";230425;"Cruz";;1;1;100;100;"ALCANÇOU"
"CE";230426;"Deputado Irapuan Pinheiro";"X";0;0;;;"NÃO ALCANÇOU"
"CE";230427;"Ererê";"X";0;0;;;"NÃO ALCANÇOU"
"CE";230428;"Eusébio";;1;2;50;50;"NÃO ALCANÇOU"
"CE";230430;"Farias Brito";"X";0;0;;;"NÃO ALCANÇOU"
"CE";230435;"Forquilha";"X";0;0;;;"NÃO ALCANÇOU"
"CE";230440;"Fortaleza";;13;18;72,2222222222222;72,2;"NÃO ALCANÇOU"
"CE";230445;"Fortim";"X";0;0;;;"NÃO ALCANÇOU"
"CE";230450;"Frecheirinha";"X";0;0;;;"NÃO ALCANÇOU"
"CE";230460;"General Sampaio";"X";0;0;;;"NÃO ALCANÇOU"
"CE";230465;"Graça";"X";0;0;;;"NÃO ALCANÇOU"
"CE";230470;"Granja";;1;1;100;100;"ALCANÇOU"
"CE";230480;"Granjeiro";"X";0;0;;;"NÃO ALCANÇOU"
"CE";230490;"Groaíras";"X";0;0;;;"NÃO ALCANÇOU"
"CE";230495;"Guaiúba";;2;5;40;40;"NÃO ALCANÇOU"
"CE";230500;"Guaraciaba do Norte";"X";0;0;;;"NÃO ALCANÇOU"
"CE";230510;"Guaramiranga";"X";0;0;;;"NÃO ALCANÇOU"
"CE";230520;"Hidrolândia";"X";0;0;;;"NÃO ALCANÇOU"
"CE";230523;"Horizonte";"X";0;0;;;"NÃO ALCANÇOU"
"CE";230526;"Ibaretama";"X";0;0;;;"NÃO ALCANÇOU"
"CE";230530;"Ibiapina";"X";0;0;;;"NÃO ALCANÇOU"
"CE";230533;"Ibicuitinga";"X";0;0;;;"NÃO ALCANÇOU"
"CE";230535;"Icapuí";"X";0;0;;;"NÃO ALCANÇOU"
"CE";230540;"Icó";;2;2;100;100;"ALCANÇOU"
"CE";230550;"Iguatu";"X";0;0;;;"NÃO ALCANÇOU"
"CE";230560;"Independência";"X";0;0;;;"NÃO ALCANÇOU"
"CE";230565;"Ipaporanga";"X";0;0;;;"NÃO ALCANÇOU"
"CE";230570;"Ipaumirim";"X";0;0;;;"NÃO ALCANÇOU"
"CE";230580;"Ipu";;1;1;100;100;"ALCANÇOU"
"CE";230590;"Ipueiras";"X";0;0;;;"NÃO ALCANÇOU"
"CE";230600;"Iracema";;2;2;100;100;"ALCANÇOU"
"CE";230610;"Irauçuba";;0;1;0;0;"NÃO ALCANÇOU"
"CE";230620;"Itaiçaba";"X";0;0;;;"NÃO ALCANÇOU"
"CE";230625;"Itaitinga";;6;6;100;100;"ALCANÇOU"
"CE";230630;"Itapagé";"X";0;0;;;"NÃO ALCANÇOU"
"CE";230640;"Itapipoca";;2;2;100;100;"ALCANÇOU"
"CE";230650;"Itapiúna";"X";0;0;;;"NÃO ALCANÇOU"
"CE";230655;"Itarema";;2;2;100;100;"ALCANÇOU"
"CE";230660;"Itatira";"X";0;0;;;"NÃO ALCANÇOU"
"CE";230670;"Jaguaretama";"X";0;0;;;"NÃO ALCANÇOU"
"CE";230680;"Jaguaribara";;1;1;100;100;"ALCANÇOU"
"CE";230690;"Jaguaribe";"X";0;0;;;"NÃO ALCANÇOU"
"CE";230700;"Jaguaruana";;3;5;60;60;"NÃO ALCANÇOU"
"CE";230710;"Jardim";;0;1;0;0;"NÃO ALCANÇOU"
"CE";230720;"Jati";"X";0;0;;;"NÃO ALCANÇOU"
"CE";230725;"Jijoca de Jericoacoara";;7;7;100;100;"ALCANÇOU"
"CE";230730;"Juazeiro do Norte";;0;2;0;0;"NÃO ALCANÇOU"
"CE";230740;"Jucás";;2;2;100;100;"ALCANÇOU"
"CE";230750;"Lavras da Mangabeira";"X";0;0;;;"NÃO ALCANÇOU"
"CE";230760;"Limoeiro do Norte";;3;3;100;100;"ALCANÇOU"
"CE";230763;"Madalena";;0;1;0;0;"NÃO ALCANÇOU"
"CE";230765;"Maracanaú";;2;3;66,6666666666667;66,7;"NÃO ALCANÇOU"
"CE";230770;"Maranguape";"X";0;0;;;"NÃO ALCANÇOU"
"CE";230780;"Marco";;1;1;100;100;"ALCANÇOU"
"CE";230790;"Martinópole";"X";0;0;;;"NÃO ALCANÇOU"
"CE";230800;"Massapê";"X";0;0;;;"NÃO ALCANÇOU"
"CE";230810;"Mauriti";"X";0;0;;;"NÃO ALCANÇOU"
"CE";230820;"Meruoca";"X";0;0;;;"NÃO ALCANÇOU"
"CE";230830;"Milagres";;1;1;100;100;"ALCANÇOU"
"CE";230835;"Milhã";"X";0;0;;;"NÃO ALCANÇOU"
"CE";230837;"Miraíma";"X";0;0;;;"NÃO ALCANÇOU"
"CE";230840;"Missão Velha";"X";0;0;;;"NÃO ALCANÇOU"
"CE";230850;"Mombaça";"X";0;0;;;"NÃO ALCANÇOU"
"CE";230860;"Monsenhor Tabosa";"X";0;0;;;"NÃO ALCANÇOU"
"CE";230870;"Morada Nova";"X";0;0;;;"NÃO ALCANÇOU"
"CE";230880;"Moraújo";;0;2;0;0;"NÃO ALCANÇOU"
"CE";230890;"Morrinhos";"X";0;0;;;"NÃO ALCANÇOU"
"CE";230900;"Mucambo";"X";0;0;;;"NÃO ALCANÇOU"
"CE";230910;"Mulungu";"X";0;0;;;"NÃO ALCANÇOU"
"CE";230920;"Nova Olinda";"X";0;0;;;"NÃO ALCANÇOU"
"CE";230930;"Nova Russas";;1;1;100;100;"ALCANÇOU"
"CE";230940;"Novo Oriente";"X";0;0;;;"NÃO ALCANÇOU"
"CE";230945;"Ocara";;2;2;100;100;"ALCANÇOU"
"CE";230950;"Orós";"X";0;0;;;"NÃO ALCANÇOU"
"CE";230960;"Pacajus";;1;1;100;100;"ALCANÇOU"
"CE";230970;"Pacatuba";;1;2;50;50;"NÃO ALCANÇOU"
"CE";230980;"Pacoti";"X";0;0;;;"NÃO ALCANÇOU"
"CE";230990;"Pacujá";"X";0;0;;;"NÃO ALCANÇOU"
"CE";231000;"Palhano";"X";0;0;;;"NÃO ALCANÇOU"
"CE";231010;"Palmácia";"X";0;0;;;"NÃO ALCANÇOU"
"CE";231020;"Paracuru";;2;2;100;100;"ALCANÇOU"
"CE";231025;"Paraipaba";"X";0;0;;;"NÃO ALCANÇOU"
"CE";231030;"Parambu";"X";0;0;;;"NÃO ALCANÇOU"
"CE";231040;"Paramoti";"X";0;0;;;"NÃO ALCANÇOU"
"CE";231050;"Pedra Branca";;1;1;100;100;"ALCANÇOU"
"CE";231060;"Penaforte";"X";0;0;;;"NÃO ALCANÇOU"
"CE";231070;"Pentecoste";;1;1;100;100;"ALCANÇOU"
"CE";231080;"Pereiro";"X";0;0;;;"NÃO ALCANÇOU"
"CE";231085;"Pindoretama";"X";0;0;;;"NÃO ALCANÇOU"
"CE";231090;"Piquet Carneiro";;1;1;100;100;"ALCANÇOU"
"CE";231095;"Pires Ferreira";"X";0;0;;;"NÃO ALCANÇOU"
"CE";231100;"Poranga";"X";0;0;;;"NÃO ALCANÇOU"
"CE";231110;"Porteiras";;1;2;50;50;"NÃO ALCANÇOU"
"CE";231120;"Potengi";"X";0;0;;;"NÃO ALCANÇOU"
"CE";231123;"Potiretama";"X";0;0;;;"NÃO ALCANÇOU"
"CE";231126;"Quiterianópolis";"X";0;0;;;"NÃO ALCANÇOU"
"CE";231130;"Quixadá";"X";0;0;;;"NÃO ALCANÇOU"
"CE";231135;"Quixelô";"X";0;0;;;"NÃO ALCANÇOU"
"CE";231140;"Quixeramobim";"X";0;0;;;"NÃO ALCANÇOU"
"CE";231150;"Quixeré";"X";0;0;;;"NÃO ALCANÇOU"
"CE";231160;"Redenção";"X";0;0;;;"NÃO ALCANÇOU"
"CE";231170;"Reriutaba";;1;1;100;100;"ALCANÇOU"
"CE";231180;"Russas";;3;3;100;100;"ALCANÇOU"
"CE";231190;"Saboeiro";"X";0;0;;;"NÃO ALCANÇOU"
"CE";231195;"Salitre";"X";0;0;;;"NÃO ALCANÇOU"
"CE";231200;"Santana do Acaraú";"X";0;0;;;"NÃO ALCANÇOU"
"CE";231210;"Santana do Cariri";"X";0;0;;;"NÃO ALCANÇOU"
"CE";231220;"Santa Quitéria";"X";0;0;;;"NÃO ALCANÇOU"
"CE";231230;"São Benedito";;1;1;100;100;"ALCANÇOU"
"CE";231240;"São Gonçalo do Amarante";;2;2;100;100;"ALCANÇOU"
"CE";231250;"São João do Jaguaribe";"X";0;0;;;"NÃO ALCANÇOU"
"CE";231260;"São Luís do Curu";"X";0;0;;;"NÃO ALCANÇOU"
"CE";231270;"Senador Pompeu";"X";0;0;;;"NÃO ALCANÇOU"
"CE";231280;"Senador Sá";"X";0;0;;;"NÃO ALCANÇOU"
"CE";231290;"Sobral";"X";0;0;;;"NÃO ALCANÇOU"
"CE";231300;"Solonópole";"X";0;0;;;"NÃO ALCANÇOU"
"CE";231310;"Tabuleiro do Norte";;3;4;75;75;"NÃO ALCANÇOU"
"CE";231320;"Tamboril";"X";0;0;;;"NÃO ALCANÇOU"
"CE";231325;"Tarrafas";"X";0;0;;;"NÃO ALCANÇOU"
"CE";231330;"Tauá";"X";0;0;;;"NÃO ALCANÇOU"
"CE";231335;"Tejuçuoca";"X";0;0;;;"NÃO ALCANÇOU"
"CE";231340;"Tianguá";;1;4;25;25;"NÃO ALCANÇOU"
"CE";231350;"Trairi";;1;1;100;100;"ALCANÇOU"
"CE";231355;"Tururu";;2;2;100;100;"ALCANÇOU"
"CE";231360;"Ubajara";"X";0;0;;;"NÃO ALCANÇOU"
"CE";231370;"Umari";"X";0;0;;;"NÃO ALCANÇOU"
"CE";231375;"Umirim";"X";0;0;;;"NÃO ALCANÇOU"
"CE";231380;"Uruburetama";;1;7;14,2857142857143;14,3;"NÃO ALCANÇOU"
"CE";231390;"Uruoca";"X";0;0;;;"NÃO ALCANÇOU"
"CE";231395;"Varjota";"X";0;0;;;"NÃO ALCANÇOU"
"CE";231400;"Várzea Alegre";"X";0;0;;;"NÃO ALCANÇOU"
"CE";231410;"Viçosa do Ceará";"X";0;0;;;"NÃO ALCANÇOU"
"RN";240010;"Acari";;1;1;100;100;"ALCANÇOU"
"RN";240020;"Açu";;1;1;100;100;"ALCANÇOU"
"RN";240030;"Afonso Bezerra";;2;2;100;100;"ALCANÇOU"
"RN";240040;"Água Nova";"X";0;0;;;"NÃO ALCANÇOU"
"RN";240050;"Alexandria";"X";0;0;;;"NÃO ALCANÇOU"
"RN";240060;"Almino Afonso";"X";0;0;;;"NÃO ALCANÇOU"
"RN";240070;"Alto do Rodrigues";;1;1;100;100;"ALCANÇOU"
"RN";240080;"Angicos";"X";0;0;;;"NÃO ALCANÇOU"
"RN";240090;"Antônio Martins";"X";0;0;;;"NÃO ALCANÇOU"
"RN";240100;"Apodi";"X";0;0;;;"NÃO ALCANÇOU"
"RN";240110;"Areia Branca";"X";0;0;;;"NÃO ALCANÇOU"
"RN";240120;"Arês";"X";0;0;;;"NÃO ALCANÇOU"
"RN";240130;"Augusto Severo";"X";0;0;;;"NÃO ALCANÇOU"
"RN";240140;"Baía Formosa";;0;2;0;0;"NÃO ALCANÇOU"
"RN";240145;"Baraúna";"X";0;0;;;"NÃO ALCANÇOU"
"RN";240150;"Barcelona";"X";0;0;;;"NÃO ALCANÇOU"
"RN";240160;"Bento Fernandes";"X";0;0;;;"NÃO ALCANÇOU"
"RN";240165;"Bodó";"X";0;0;;;"NÃO ALCANÇOU"
"RN";240170;"Bom Jesus";"X";0;0;;;"NÃO ALCANÇOU"
"RN";240180;"Brejinho";"X";0;0;;;"NÃO ALCANÇOU"
"RN";240185;"Caiçara do Norte";"X";0;0;;;"NÃO ALCANÇOU"
"RN";240190;"Caiçara do Rio do Vento";"X";0;0;;;"NÃO ALCANÇOU"
"RN";240200;"Caicó";;1;2;50;50;"NÃO ALCANÇOU"
"RN";240210;"Campo Redondo";"X";0;0;;;"NÃO ALCANÇOU"
"RN";240220;"Canguaretama";;2;2;100;100;"ALCANÇOU"
"RN";240230;"Caraúbas";"X";0;0;;;"NÃO ALCANÇOU"
"RN";240240;"Carnaúba dos Dantas";"X";0;0;;;"NÃO ALCANÇOU"
"RN";240250;"Carnaubais";"X";0;0;;;"NÃO ALCANÇOU"
"RN";240260;"Ceará-Mirim";;1;2;50;50;"NÃO ALCANÇOU"
"RN";240270;"Cerro Corá";"X";0;0;;;"NÃO ALCANÇOU"
"RN";240280;"Coronel Ezequiel";;1;1;100;100;"ALCANÇOU"
"RN";240290;"Coronel João Pessoa";"X";0;0;;;"NÃO ALCANÇOU"
"RN";240300;"Cruzeta";"X";0;0;;;"NÃO ALCANÇOU"
"RN";240310;"Currais Novos";"X";0;0;;;"NÃO ALCANÇOU"
"RN";240320;"Doutor Severiano";;2;2;100;100;"ALCANÇOU"
"RN";240325;"Parnamirim";;12;12;100;100;"ALCANÇOU"
"RN";240330;"Encanto";"X";0;0;;;"NÃO ALCANÇOU"
"RN";240340;"Equador";"X";0;0;;;"NÃO ALCANÇOU"
"RN";240350;"Espírito Santo";;1;1;100;100;"ALCANÇOU"
"RN";240360;"Extremoz";;1;2;50;50;"NÃO ALCANÇOU"
"RN";240370;"Felipe Guerra";"X";0;0;;;"NÃO ALCANÇOU"
"RN";240375;"Fernando Pedroza";"X";0;0;;;"NÃO ALCANÇOU"
"RN";240380;"Florânia";"X";0;0;;;"NÃO ALCANÇOU"
"RN";240390;"Francisco Dantas";"X";0;0;;;"NÃO ALCANÇOU"
"RN";240400;"Frutuoso Gomes";"X";0;0;;;"NÃO ALCANÇOU"
"RN";240410;"Galinhos";"X";0;0;;;"NÃO ALCANÇOU"
"RN";240420;"Goianinha";"X";0;0;;;"NÃO ALCANÇOU"
"RN";240430;"Governador Dix-Sept Rosado";"X";0;0;;;"NÃO ALCANÇOU"
"RN";240440;"Grossos";"X";0;0;;;"NÃO ALCANÇOU"
"RN";240450;"Guamaré";"X";0;0;;;"NÃO ALCANÇOU"
"RN";240460;"Ielmo Marinho";;0;1;0;0;"NÃO ALCANÇOU"
"RN";240470;"Ipanguaçu";"X";0;0;;;"NÃO ALCANÇOU"
"RN";240480;"Ipueira";"X";0;0;;;"NÃO ALCANÇOU"
"RN";240485;"Itajá";"X";0;0;;;"NÃO ALCANÇOU"
"RN";240490;"Itaú";"X";0;0;;;"NÃO ALCANÇOU"
"RN";240500;"Jaçanã";;1;1;100;100;"ALCANÇOU"
"RN";240510;"Jandaíra";"X";0;0;;;"NÃO ALCANÇOU"
"RN";240520;"Janduís";"X";0;0;;;"NÃO ALCANÇOU"
"RN";240530;"Januário Cicco";"X";0;0;;;"NÃO ALCANÇOU"
"RN";240540;"Japi";"X";0;0;;;"NÃO ALCANÇOU"
"RN";240550;"Jardim de Angicos";"X";0;0;;;"NÃO ALCANÇOU"
"RN";240560;"Jardim de Piranhas";;1;1;100;100;"ALCANÇOU"
"RN";240570;"Jardim do Seridó";"X";0;0;;;"NÃO ALCANÇOU"
"RN";240580;"João Câmara";;1;1;100;100;"ALCANÇOU"
"RN";240590;"João Dias";"X";0;0;;;"NÃO ALCANÇOU"
"RN";240600;"José da Penha";;1;1;100;100;"ALCANÇOU"
"RN";240610;"Jucurutu";"X";0;0;;;"NÃO ALCANÇOU"
"RN";240615;"Jundiá";"X";0;0;;;"NÃO ALCANÇOU"
"RN";240620;"Lagoa d'Anta";"X";0;0;;;"NÃO ALCANÇOU"
"RN";240630;"Lagoa de Pedras";"X";0;0;;;"NÃO ALCANÇOU"
"RN";240640;"Lagoa de Velhos";"X";0;0;;;"NÃO ALCANÇOU"
"RN";240650;"Lagoa Nova";"X";0;0;;;"NÃO ALCANÇOU"
"RN";240660;"Lagoa Salgada";"X";0;0;;;"NÃO ALCANÇOU"
"RN";240670;"Lajes";"X";0;0;;;"NÃO ALCANÇOU"
"RN";240680;"Lajes Pintadas";;1;1;100;100;"ALCANÇOU"
"RN";240690;"Lucrécia";"X";0;0;;;"NÃO ALCANÇOU"
"RN";240700;"Luís Gomes";"X";0;0;;;"NÃO ALCANÇOU"
"RN";240710;"Macaíba";;2;2;100;100;"ALCANÇOU"
"RN";240720;"Macau";"X";0;0;;;"NÃO ALCANÇOU"
"RN";240725;"Major Sales";"X";0;0;;;"NÃO ALCANÇOU"
"RN";240730;"Marcelino Vieira";"X";0;0;;;"NÃO ALCANÇOU"
"RN";240740;"Martins";"X";0;0;;;"NÃO ALCANÇOU"
"RN";240750;"Maxaranguape";;1;1;100;100;"ALCANÇOU"
"RN";240760;"Messias Targino";"X";0;0;;;"NÃO ALCANÇOU"
"RN";240770;"Montanhas";"X";0;0;;;"NÃO ALCANÇOU"
"RN";240780;"Monte Alegre";;2;2;100;100;"ALCANÇOU"
"RN";240790;"Monte das Gameleiras";;0;1;0;0;"NÃO ALCANÇOU"
"RN";240800;"Mossoró";"X";0;0;;;"NÃO ALCANÇOU"
"RN";240810;"Natal";;17;21;80,9523809523809;81;"ALCANÇOU"
"RN";240820;"Nísia Floresta";"X";0;0;;;"NÃO ALCANÇOU"
"RN";240830;"Nova Cruz";;2;2;100;100;"ALCANÇOU"
"RN";240840;"Olho-d'Água do Borges";"X";0;0;;;"NÃO ALCANÇOU"
"RN";240850;"Ouro Branco";"X";0;0;;;"NÃO ALCANÇOU"
"RN";240860;"Paraná";"X";0;0;;;"NÃO ALCANÇOU"
"RN";240870;"Paraú";"X";0;0;;;"NÃO ALCANÇOU"
"RN";240880;"Parazinho";"X";0;0;;;"NÃO ALCANÇOU"
"RN";240890;"Parelhas";;2;2;100;100;"ALCANÇOU"
"RN";240895;"Rio do Fogo";;1;2;50;50;"NÃO ALCANÇOU"
"RN";240910;"Passa e Fica";"X";0;0;;;"NÃO ALCANÇOU"
"RN";240920;"Passagem";"X";0;0;;;"NÃO ALCANÇOU"
"RN";240930;"Patu";"X";0;0;;;"NÃO ALCANÇOU"
"RN";240933;"Santa Maria";;1;1;100;100;"ALCANÇOU"
"RN";240940;"Pau dos Ferros";"X";0;0;;;"NÃO ALCANÇOU"
"RN";240950;"Pedra Grande";"X";0;0;;;"NÃO ALCANÇOU"
"RN";240960;"Pedra Preta";;1;1;100;100;"ALCANÇOU"
"RN";240970;"Pedro Avelino";;1;1;100;100;"ALCANÇOU"
"RN";240980;"Pedro Velho";;1;1;100;100;"ALCANÇOU"
"RN";240990;"Pendências";;4;4;100;100;"ALCANÇOU"
"RN";241000;"Pilões";"X";0;0;;;"NÃO ALCANÇOU"
"RN";241010;"Poço Branco";"X";0;0;;;"NÃO ALCANÇOU"
"RN";241020;"Portalegre";"X";0;0;;;"NÃO ALCANÇOU"
"RN";241025;"Porto do Mangue";"X";0;0;;;"NÃO ALCANÇOU"
"RN";241030;"Serra Caiada";"X";0;0;;;"NÃO ALCANÇOU"
"RN";241040;"Pureza";"X";0;0;;;"NÃO ALCANÇOU"
"RN";241050;"Rafael Fernandes";;2;2;100;100;"ALCANÇOU"
"RN";241060;"Rafael Godeiro";"X";0;0;;;"NÃO ALCANÇOU"
"RN";241070;"Riacho da Cruz";"X";0;0;;;"NÃO ALCANÇOU"
"RN";241080;"Riacho de Santana";"X";0;0;;;"NÃO ALCANÇOU"
"RN";241090;"Riachuelo";"X";0;0;;;"NÃO ALCANÇOU"
"RN";241100;"Rodolfo Fernandes";"X";0;0;;;"NÃO ALCANÇOU"
"RN";241105;"Tibau";;1;1;100;100;"ALCANÇOU"
"RN";241110;"Ruy Barbosa";"X";0;0;;;"NÃO ALCANÇOU"
"RN";241120;"Santa Cruz";;1;2;50;50;"NÃO ALCANÇOU"
"RN";241140;"Santana do Matos";"X";0;0;;;"NÃO ALCANÇOU"
"RN";241142;"Santana do Seridó";"X";0;0;;;"NÃO ALCANÇOU"
"RN";241150;"Santo Antônio";;2;2;100;100;"ALCANÇOU"
"RN";241160;"São Bento do Norte";"X";0;0;;;"NÃO ALCANÇOU"
"RN";241170;"São Bento do Trairí";"X";0;0;;;"NÃO ALCANÇOU"
"RN";241180;"São Fernando";"X";0;0;;;"NÃO ALCANÇOU"
"RN";241190;"São Francisco do Oeste";"X";0;0;;;"NÃO ALCANÇOU"
"RN";241200;"São Gonçalo do Amarante";"X";0;0;;;"NÃO ALCANÇOU"
"RN";241210;"São João do Sabugi";;1;1;100;100;"ALCANÇOU"
"RN";241220;"São José de Mipibu";;0;1;0;0;"NÃO ALCANÇOU"
"RN";241230;"São José do Campestre";"X";0;0;;;"NÃO ALCANÇOU"
"RN";241240;"São José do Seridó";"X";0;0;;;"NÃO ALCANÇOU"
"RN";241250;"São Miguel";;2;3;66,6666666666667;66,7;"NÃO ALCANÇOU"
"RN";241255;"São Miguel do Gostoso";"X";0;0;;;"NÃO ALCANÇOU"
"RN";241260;"São Paulo do Potengi";;0;1;0;0;"NÃO ALCANÇOU"
"RN";241270;"São Pedro";"X";0;0;;;"NÃO ALCANÇOU"
"RN";241280;"São Rafael";;4;4;100;100;"ALCANÇOU"
"RN";241290;"São Tomé";"X";0;0;;;"NÃO ALCANÇOU"
"RN";241300;"São Vicente";"X";0;0;;;"NÃO ALCANÇOU"
"RN";241310;"Senador Elói de Souza";"X";0;0;;;"NÃO ALCANÇOU"
"RN";241320;"Senador Georgino Avelino";"X";0;0;;;"NÃO ALCANÇOU"
"RN";241330;"Serra de São Bento";;1;1;100;100;"ALCANÇOU"
"RN";241335;"Serra do Mel";"X";0;0;;;"NÃO ALCANÇOU"
"RN";241340;"Serra Negra do Norte";"X";0;0;;;"NÃO ALCANÇOU"
"RN";241350;"Serrinha";"X";0;0;;;"NÃO ALCANÇOU"
"RN";241355;"Serrinha dos Pintos";"X";0;0;;;"NÃO ALCANÇOU"
"RN";241360;"Severiano Melo";"X";0;0;;;"NÃO ALCANÇOU"
"RN";241370;"Sítio Novo";"X";0;0;;;"NÃO ALCANÇOU"
"RN";241380;"Taboleiro Grande";;1;1;100;100;"ALCANÇOU"
"RN";241390;"Taipu";"X";0;0;;;"NÃO ALCANÇOU"
"RN";241400;"Tangará";;2;2;100;100;"ALCANÇOU"
"RN";241410;"Tenente Ananias";"X";0;0;;;"NÃO ALCANÇOU"
"RN";241415;"Tenente Laurentino Cruz";"X";0;0;;;"NÃO ALCANÇOU"
"RN";241420;"Tibau do Sul";;1;2;50;50;"NÃO ALCANÇOU"
"RN";241430;"Timbaúba dos Batistas";"X";0;0;;;"NÃO ALCANÇOU"
"RN";241440;"Touros";;1;1;100;100;"ALCANÇOU"
"RN";241445;"Triunfo Potiguar";"X";0;0;;;"NÃO ALCANÇOU"
"RN";241450;"Umarizal";;1;1;100;100;"ALCANÇOU"
"RN";241460;"Upanema";"X";0;0;;;"NÃO ALCANÇOU"
"RN";241470;"Várzea";"X";0;0;;;"NÃO ALCANÇOU"
"RN";241475;"Venha-Ver";"X";0;0;;;"NÃO ALCANÇOU"
"RN";241480;"Vera Cruz";"X";0;0;;;"NÃO ALCANÇOU"
"RN";241490;"Viçosa";"X";0;0;;;"NÃO ALCANÇOU"
"RN";241500;"Vila Flor";"X";0;0;;;"NÃO ALCANÇOU"
"PB";250010;"Água Branca";"X";0;0;;;"NÃO ALCANÇOU"
"PB";250020;"Aguiar";"X";0;0;;;"NÃO ALCANÇOU"
"PB";250030;"Alagoa Grande";"X";0;0;;;"NÃO ALCANÇOU"
"PB";250040;"Alagoa Nova";"X";0;0;;;"NÃO ALCANÇOU"
"PB";250050;"Alagoinha";"X";0;0;;;"NÃO ALCANÇOU"
"PB";250053;"Alcantil";"X";0;0;;;"NÃO ALCANÇOU"
"PB";250057;"Algodão de Jandaíra";"X";0;0;;;"NÃO ALCANÇOU"
"PB";250060;"Alhandra";"X";0;0;;;"NÃO ALCANÇOU"
"PB";250070;"São João do Rio do Peixe";"X";0;0;;;"NÃO ALCANÇOU"
"PB";250073;"Amparo";"X";0;0;;;"NÃO ALCANÇOU"
"PB";250077;"Aparecida";"X";0;0;;;"NÃO ALCANÇOU"
"PB";250080;"Araçagi";"X";0;0;;;"NÃO ALCANÇOU"
"PB";250090;"Arara";"X";0;0;;;"NÃO ALCANÇOU"
"PB";250100;"Araruna";;1;1;100;100;"ALCANÇOU"
"PB";250110;"Areia";"X";0;0;;;"NÃO ALCANÇOU"
"PB";250115;"Areia de Baraúnas";"X";0;0;;;"NÃO ALCANÇOU"
"PB";250120;"Areial";"X";0;0;;;"NÃO ALCANÇOU"
"PB";250130;"Aroeiras";;1;1;100;100;"ALCANÇOU"
"PB";250135;"Assunção";"X";0;0;;;"NÃO ALCANÇOU"
"PB";250140;"Baía da Traição";"X";0;0;;;"NÃO ALCANÇOU"
"PB";250150;"Bananeiras";;2;2;100;100;"ALCANÇOU"
"PB";250153;"Baraúna";"X";0;0;;;"NÃO ALCANÇOU"
"PB";250157;"Barra de Santana";"X";0;0;;;"NÃO ALCANÇOU"
"PB";250160;"Barra de Santa Rosa";"X";0;0;;;"NÃO ALCANÇOU"
"PB";250170;"Barra de São Miguel";"X";0;0;;;"NÃO ALCANÇOU"
"PB";250180;"Bayeux";;1;1;100;100;"ALCANÇOU"
"PB";250190;"Belém";"X";0;0;;;"NÃO ALCANÇOU"
"PB";250200;"Belém do Brejo do Cruz";"X";0;0;;;"NÃO ALCANÇOU"
"PB";250205;"Bernardino Batista";"X";0;0;;;"NÃO ALCANÇOU"
"PB";250210;"Boa Ventura";"X";0;0;;;"NÃO ALCANÇOU"
"PB";250215;"Boa Vista";"X";0;0;;;"NÃO ALCANÇOU"
"PB";250220;"Bom Jesus";"X";0;0;;;"NÃO ALCANÇOU"
"PB";250230;"Bom Sucesso";"X";0;0;;;"NÃO ALCANÇOU"
"PB";250240;"Bonito de Santa Fé";"X";0;0;;;"NÃO ALCANÇOU"
"PB";250250;"Boqueirão";"X";0;0;;;"NÃO ALCANÇOU"
"PB";250260;"Igaracy";"X";0;0;;;"NÃO ALCANÇOU"
"PB";250270;"Borborema";"X";0;0;;;"NÃO ALCANÇOU"
"PB";250280;"Brejo do Cruz";"X";0;0;;;"NÃO ALCANÇOU"
"PB";250290;"Brejo dos Santos";"X";0;0;;;"NÃO ALCANÇOU"
"PB";250300;"Caaporã";;2;2;100;100;"ALCANÇOU"
"PB";250310;"Cabaceiras";"X";0;0;;;"NÃO ALCANÇOU"
"PB";250320;"Cabedelo";;1;1;100;100;"ALCANÇOU"
"PB";250330;"Cachoeira dos Índios";"X";0;0;;;"NÃO ALCANÇOU"
"PB";250340;"Cacimba de Areia";"X";0;0;;;"NÃO ALCANÇOU"
"PB";250350;"Cacimba de Dentro";"X";0;0;;;"NÃO ALCANÇOU"
"PB";250355;"Cacimbas";"X";0;0;;;"NÃO ALCANÇOU"
"PB";250360;"Caiçara";"X";0;0;;;"NÃO ALCANÇOU"
"PB";250370;"Cajazeiras";"X";0;0;;;"NÃO ALCANÇOU"
"PB";250375;"Cajazeirinhas";"X";0;0;;;"NÃO ALCANÇOU"
"PB";250380;"Caldas Brandão";"X";0;0;;;"NÃO ALCANÇOU"
"PB";250390;"Camalaú";;1;1;100;100;"ALCANÇOU"
"PB";250400;"Campina Grande";;21;21;100;100;"ALCANÇOU"
"PB";250403;"Capim";"X";0;0;;;"NÃO ALCANÇOU"
"PB";250407;"Caraúbas";;1;2;50;50;"NÃO ALCANÇOU"
"PB";250410;"Carrapateira";"X";0;0;;;"NÃO ALCANÇOU"
"PB";250415;"Casserengue";"X";0;0;;;"NÃO ALCANÇOU"
"PB";250420;"Catingueira";"X";0;0;;;"NÃO ALCANÇOU"
"PB";250430;"Catolé do Rocha";"X";0;0;;;"NÃO ALCANÇOU"
"PB";250435;"Caturité";;1;1;100;100;"ALCANÇOU"
"PB";250440;"Conceição";"X";0;0;;;"NÃO ALCANÇOU"
"PB";250450;"Condado";"X";0;0;;;"NÃO ALCANÇOU"
"PB";250460;"Conde";;0;1;0;0;"NÃO ALCANÇOU"
"PB";250470;"Congo";"X";0;0;;;"NÃO ALCANÇOU"
"PB";250480;"Coremas";"X";0;0;;;"NÃO ALCANÇOU"
"PB";250485;"Coxixola";"X";0;0;;;"NÃO ALCANÇOU"
"PB";250490;"Cruz do Espírito Santo";"X";0;0;;;"NÃO ALCANÇOU"
"PB";250500;"Cubati";;1;1;100;100;"ALCANÇOU"
"PB";250510;"Cuité";;2;2;100;100;"ALCANÇOU"
"PB";250520;"Cuitegi";"X";0;0;;;"NÃO ALCANÇOU"
"PB";250523;"Cuité de Mamanguape";"X";0;0;;;"NÃO ALCANÇOU"
"PB";250527;"Curral de Cima";;1;1;100;100;"ALCANÇOU"
"PB";250530;"Curral Velho";"X";0;0;;;"NÃO ALCANÇOU"
"PB";250535;"Damião";"X";0;0;;;"NÃO ALCANÇOU"
"PB";250540;"Desterro";;0;1;0;0;"NÃO ALCANÇOU"
"PB";250550;"Vista Serrana";"X";0;0;;;"NÃO ALCANÇOU"
"PB";250560;"Diamante";"X";0;0;;;"NÃO ALCANÇOU"
"PB";250570;"Dona Inês";"X";0;0;;;"NÃO ALCANÇOU"
"PB";250580;"Duas Estradas";"X";0;0;;;"NÃO ALCANÇOU"
"PB";250590;"Emas";"X";0;0;;;"NÃO ALCANÇOU"
"PB";250600;"Esperança";;2;3;66,6666666666667;66,7;"NÃO ALCANÇOU"
"PB";250610;"Fagundes";"X";0;0;;;"NÃO ALCANÇOU"
"PB";250620;"Frei Martinho";"X";0;0;;;"NÃO ALCANÇOU"
"PB";250625;"Gado Bravo";"X";0;0;;;"NÃO ALCANÇOU"
"PB";250630;"Guarabira";"X";0;0;;;"NÃO ALCANÇOU"
"PB";250640;"Gurinhém";"X";0;0;;;"NÃO ALCANÇOU"
"PB";250650;"Gurjão";"X";0;0;;;"NÃO ALCANÇOU"
"PB";250660;"Ibiara";"X";0;0;;;"NÃO ALCANÇOU"
"PB";250670;"Imaculada";"X";0;0;;;"NÃO ALCANÇOU"
"PB";250680;"Ingá";"X";0;0;;;"NÃO ALCANÇOU"
"PB";250690;"Itabaiana";"X";0;0;;;"NÃO ALCANÇOU"
"PB";250700;"Itaporanga";"X";0;0;;;"NÃO ALCANÇOU"
"PB";250710;"Itapororoca";"X";0;0;;;"NÃO ALCANÇOU"
"PB";250720;"Itatuba";"X";0;0;;;"NÃO ALCANÇOU"
"PB";250730;"Jacaraú";;1;1;100;100;"ALCANÇOU"
"PB";250740;"Jericó";"X";0;0;;;"NÃO ALCANÇOU"
"PB";250750;"João Pessoa";;47;56;83,9285714285714;83,9;"ALCANÇOU"
"PB";250760;"Juarez Távora";"X";0;0;;;"NÃO ALCANÇOU"
"PB";250770;"Juazeirinho";"X";0;0;;;"NÃO ALCANÇOU"
"PB";250780;"Junco do Seridó";"X";0;0;;;"NÃO ALCANÇOU"
"PB";250790;"Juripiranga";"X";0;0;;;"NÃO ALCANÇOU"
"PB";250800;"Juru";"X";0;0;;;"NÃO ALCANÇOU"
"PB";250810;"Lagoa";"X";0;0;;;"NÃO ALCANÇOU"
"PB";250820;"Lagoa de Dentro";"X";0;0;;;"NÃO ALCANÇOU"
"PB";250830;"Lagoa Seca";;0;1;0;0;"NÃO ALCANÇOU"
"PB";250840;"Lastro";"X";0;0;;;"NÃO ALCANÇOU"
"PB";250850;"Livramento";"X";0;0;;;"NÃO ALCANÇOU"
"PB";250855;"Logradouro";"X";0;0;;;"NÃO ALCANÇOU"
"PB";250860;"Lucena";"X";0;0;;;"NÃO ALCANÇOU"
"PB";250870;"Mãe d'Água";"X";0;0;;;"NÃO ALCANÇOU"
"PB";250880;"Malta";"X";0;0;;;"NÃO ALCANÇOU"
"PB";250890;"Mamanguape";"X";0;0;;;"NÃO ALCANÇOU"
"PB";250900;"Manaíra";;1;1;100;100;"ALCANÇOU"
"PB";250905;"Marcação";"X";0;0;;;"NÃO ALCANÇOU"
"PB";250910;"Mari";;1;1;100;100;"ALCANÇOU"
"PB";250915;"Marizópolis";"X";0;0;;;"NÃO ALCANÇOU"
"PB";250920;"Massaranduba";"X";0;0;;;"NÃO ALCANÇOU"
"PB";250930;"Mataraca";"X";0;0;;;"NÃO ALCANÇOU"
"PB";250933;"Matinhas";;3;3;100;100;"ALCANÇOU"
"PB";250937;"Mato Grosso";"X";0;0;;;"NÃO ALCANÇOU"
"PB";250939;"Maturéia";"X";0;0;;;"NÃO ALCANÇOU"
"PB";250940;"Mogeiro";"X";0;0;;;"NÃO ALCANÇOU"
"PB";250950;"Montadas";"X";0;0;;;"NÃO ALCANÇOU"
"PB";250960;"Monte Horebe";"X";0;0;;;"NÃO ALCANÇOU"
"PB";250970;"Monteiro";;5;6;83,3333333333333;83,3;"ALCANÇOU"
"PB";250980;"Mulungu";"X";0;0;;;"NÃO ALCANÇOU"
"PB";250990;"Natuba";"X";0;0;;;"NÃO ALCANÇOU"
"PB";251000;"Nazarezinho";"X";0;0;;;"NÃO ALCANÇOU"
"PB";251010;"Nova Floresta";"X";0;0;;;"NÃO ALCANÇOU"
"PB";251020;"Nova Olinda";"X";0;0;;;"NÃO ALCANÇOU"
"PB";251030;"Nova Palmeira";"X";0;0;;;"NÃO ALCANÇOU"
"PB";251040;"Olho d'Água";"X";0;0;;;"NÃO ALCANÇOU"
"PB";251050;"Olivedos";"X";0;0;;;"NÃO ALCANÇOU"
"PB";251060;"Ouro Velho";"X";0;0;;;"NÃO ALCANÇOU"
"PB";251065;"Parari";"X";0;0;;;"NÃO ALCANÇOU"
"PB";251070;"Passagem";"X";0;0;;;"NÃO ALCANÇOU"
"PB";251080;"Patos";;2;2;100;100;"ALCANÇOU"
"PB";251090;"Paulista";"X";0;0;;;"NÃO ALCANÇOU"
"PB";251100;"Pedra Branca";"X";0;0;;;"NÃO ALCANÇOU"
"PB";251110;"Pedra Lavrada";"X";0;0;;;"NÃO ALCANÇOU"
"PB";251120;"Pedras de Fogo";"X";0;0;;;"NÃO ALCANÇOU"
"PB";251130;"Piancó";"X";0;0;;;"NÃO ALCANÇOU"
"PB";251140;"Picuí";"X";0;0;;;"NÃO ALCANÇOU"
"PB";251150;"Pilar";"X";0;0;;;"NÃO ALCANÇOU"
"PB";251160;"Pilões";"X";0;0;;;"NÃO ALCANÇOU"
"PB";251170;"Pilõezinhos";"X";0;0;;;"NÃO ALCANÇOU"
"PB";251180;"Pirpirituba";"X";0;0;;;"NÃO ALCANÇOU"
"PB";251190;"Pitimbu";"X";0;0;;;"NÃO ALCANÇOU"
"PB";251200;"Pocinhos";"X";0;0;;;"NÃO ALCANÇOU"
"PB";251203;"Poço Dantas";"X";0;0;;;"NÃO ALCANÇOU"
"PB";251207;"Poço de José de Moura";"X";0;0;;;"NÃO ALCANÇOU"
"PB";251210;"Pombal";"X";0;0;;;"NÃO ALCANÇOU"
"PB";251220;"Prata";"X";0;0;;;"NÃO ALCANÇOU"
"PB";251230;"Princesa Isabel";"X";0;0;;;"NÃO ALCANÇOU"
"PB";251240;"Puxinanã";"X";0;0;;;"NÃO ALCANÇOU"
"PB";251250;"Queimadas";;0;1;0;0;"NÃO ALCANÇOU"
"PB";251260;"Quixabá";"X";0;0;;;"NÃO ALCANÇOU"
"PB";251270;"Remígio";"X";0;0;;;"NÃO ALCANÇOU"
"PB";251272;"Pedro Régis";"X";0;0;;;"NÃO ALCANÇOU"
"PB";251274;"Riachão";"X";0;0;;;"NÃO ALCANÇOU"
"PB";251275;"Riachão do Bacamarte";"X";0;0;;;"NÃO ALCANÇOU"
"PB";251276;"Riachão do Poço";;1;1;100;100;"ALCANÇOU"
"PB";251278;"Riacho de Santo Antônio";"X";0;0;;;"NÃO ALCANÇOU"
"PB";251280;"Riacho dos Cavalos";"X";0;0;;;"NÃO ALCANÇOU"
"PB";251290;"Rio Tinto";"X";0;0;;;"NÃO ALCANÇOU"
"PB";251300;"Salgadinho";"X";0;0;;;"NÃO ALCANÇOU"
"PB";251310;"Salgado de São Félix";;1;1;100;100;"ALCANÇOU"
"PB";251315;"Santa Cecília";"X";0;0;;;"NÃO ALCANÇOU"
"PB";251320;"Santa Cruz";"X";0;0;;;"NÃO ALCANÇOU"
"PB";251330;"Santa Helena";"X";0;0;;;"NÃO ALCANÇOU"
"PB";251335;"Santa Inês";"X";0;0;;;"NÃO ALCANÇOU"
"PB";251340;"Santa Luzia";"X";0;0;;;"NÃO ALCANÇOU"
"PB";251350;"Santana de Mangueira";"X";0;0;;;"NÃO ALCANÇOU"
"PB";251360;"Santana dos Garrotes";"X";0;0;;;"NÃO ALCANÇOU"
"PB";251365;"Joca Claudino";"X";0;0;;;"NÃO ALCANÇOU"
"PB";251370;"Santa Rita";;1;1;100;100;"ALCANÇOU"
"PB";251380;"Santa Teresinha";"X";0;0;;;"NÃO ALCANÇOU"
"PB";251385;"Santo André";"X";0;0;;;"NÃO ALCANÇOU"
"PB";251390;"São Bento";"X";0;0;;;"NÃO ALCANÇOU"
"PB";251392;"São Bentinho";"X";0;0;;;"NÃO ALCANÇOU"
"PB";251394;"São Domingos do Cariri";;1;1;100;100;"ALCANÇOU"
"PB";251396;"São Domingos";;0;1;0;0;"NÃO ALCANÇOU"
"PB";251398;"São Francisco";;0;1;0;0;"NÃO ALCANÇOU"
"PB";251400;"São João do Cariri";"X";0;0;;;"NÃO ALCANÇOU"
"PB";251410;"São João do Tigre";"X";0;0;;;"NÃO ALCANÇOU"
"PB";251420;"São José da Lagoa Tapada";"X";0;0;;;"NÃO ALCANÇOU"
"PB";251430;"São José de Caiana";"X";0;0;;;"NÃO ALCANÇOU"
"PB";251440;"São José de Espinharas";"X";0;0;;;"NÃO ALCANÇOU"
"PB";251445;"São José dos Ramos";"X";0;0;;;"NÃO ALCANÇOU"
"PB";251450;"São José de Piranhas";"X";0;0;;;"NÃO ALCANÇOU"
"PB";251455;"São José de Princesa";"X";0;0;;;"NÃO ALCANÇOU"
"PB";251460;"São José do Bonfim";"X";0;0;;;"NÃO ALCANÇOU"
"PB";251465;"São José do Brejo do Cruz";"X";0;0;;;"NÃO ALCANÇOU"
"PB";251470;"São José do Sabugi";"X";0;0;;;"NÃO ALCANÇOU"
"PB";251480;"São José dos Cordeiros";"X";0;0;;;"NÃO ALCANÇOU"
"PB";251490;"São Mamede";"X";0;0;;;"NÃO ALCANÇOU"
"PB";251500;"São Miguel de Taipu";"X";0;0;;;"NÃO ALCANÇOU"
"PB";251510;"São Sebastião de Lagoa de Roça";"X";0;0;;;"NÃO ALCANÇOU"
"PB";251520;"São Sebastião do Umbuzeiro";"X";0;0;;;"NÃO ALCANÇOU"
"PB";251530;"Sapé";;1;1;100;100;"ALCANÇOU"
"PB";251540;"São Vicente do Seridó";"X";0;0;;;"NÃO ALCANÇOU"
"PB";251550;"Serra Branca";"X";0;0;;;"NÃO ALCANÇOU"
"PB";251560;"Serra da Raiz";"X";0;0;;;"NÃO ALCANÇOU"
"PB";251570;"Serra Grande";"X";0;0;;;"NÃO ALCANÇOU"
"PB";251580;"Serra Redonda";"X";0;0;;;"NÃO ALCANÇOU"
"PB";251590;"Serraria";"X";0;0;;;"NÃO ALCANÇOU"
"PB";251593;"Sertãozinho";"X";0;0;;;"NÃO ALCANÇOU"
"PB";251597;"Sobrado";;1;1;100;100;"ALCANÇOU"
"PB";251600;"Solânea";;1;1;100;100;"ALCANÇOU"
"PB";251610;"Soledade";"X";0;0;;;"NÃO ALCANÇOU"
"PB";251615;"Sossêgo";"X";0;0;;;"NÃO ALCANÇOU"
"PB";251620;"Sousa";"X";0;0;;;"NÃO ALCANÇOU"
"PB";251630;"Sumé";;2;2;100;100;"ALCANÇOU"
"PB";251640;"Tacima";"X";0;0;;;"NÃO ALCANÇOU"
"PB";251650;"Taperoá";"X";0;0;;;"NÃO ALCANÇOU"
"PB";251660;"Tavares";;1;1;100;100;"ALCANÇOU"
"PB";251670;"Teixeira";;1;1;100;100;"ALCANÇOU"
"PB";251675;"Tenório";"X";0;0;;;"NÃO ALCANÇOU"
"PB";251680;"Triunfo";"X";0;0;;;"NÃO ALCANÇOU"
"PB";251690;"Uiraúna";"X";0;0;;;"NÃO ALCANÇOU"
"PB";251700;"Umbuzeiro";"X";0;0;;;"NÃO ALCANÇOU"
"PB";251710;"Várzea";"X";0;0;;;"NÃO ALCANÇOU"
"PB";251720;"Vieirópolis";"X";0;0;;;"NÃO ALCANÇOU"
"PB";251740;"Zabelê";"X";0;0;;;"NÃO ALCANÇOU"
"PE";260005;"Abreu e Lima";"X";0;0;;;"NÃO ALCANÇOU"
"PE";260010;"Afogados da Ingazeira";;0;1;0;0;"NÃO ALCANÇOU"
"PE";260020;"Afrânio";"X";0;0;;;"NÃO ALCANÇOU"
"PE";260030;"Agrestina";"X";0;0;;;"NÃO ALCANÇOU"
"PE";260040;"Água Preta";"X";0;0;;;"NÃO ALCANÇOU"
"PE";260050;"Águas Belas";"X";0;0;;;"NÃO ALCANÇOU"
"PE";260060;"Alagoinha";"X";0;0;;;"NÃO ALCANÇOU"
"PE";260070;"Aliança";"X";0;0;;;"NÃO ALCANÇOU"
"PE";260080;"Altinho";"X";0;0;;;"NÃO ALCANÇOU"
"PE";260090;"Amaraji";"X";0;0;;;"NÃO ALCANÇOU"
"PE";260100;"Angelim";"X";0;0;;;"NÃO ALCANÇOU"
"PE";260105;"Araçoiaba";"X";0;0;;;"NÃO ALCANÇOU"
"PE";260110;"Araripina";;1;1;100;100;"ALCANÇOU"
"PE";260120;"Arcoverde";"X";0;0;;;"NÃO ALCANÇOU"
"PE";260130;"Barra de Guabiraba";"X";0;0;;;"NÃO ALCANÇOU"
"PE";260140;"Barreiros";"X";0;0;;;"NÃO ALCANÇOU"
"PE";260150;"Belém de Maria";"X";0;0;;;"NÃO ALCANÇOU"
"PE";260160;"Belém do São Francisco";"X";0;0;;;"NÃO ALCANÇOU"
"PE";260170;"Belo Jardim";"X";0;0;;;"NÃO ALCANÇOU"
"PE";260180;"Betânia";"X";0;0;;;"NÃO ALCANÇOU"
"PE";260190;"Bezerros";;0;2;0;0;"NÃO ALCANÇOU"
"PE";260200;"Bodocó";"X";0;0;;;"NÃO ALCANÇOU"
"PE";260210;"Bom Conselho";"X";0;0;;;"NÃO ALCANÇOU"
"PE";260220;"Bom Jardim";;0;1;0;0;"NÃO ALCANÇOU"
"PE";260230;"Bonito";"X";0;0;;;"NÃO ALCANÇOU"
"PE";260240;"Brejão";"X";0;0;;;"NÃO ALCANÇOU"
"PE";260250;"Brejinho";"X";0;0;;;"NÃO ALCANÇOU"
"PE";260260;"Brejo da Madre de Deus";"X";0;0;;;"NÃO ALCANÇOU"
"PE";260270;"Buenos Aires";"X";0;0;;;"NÃO ALCANÇOU"
"PE";260280;"Buíque";"X";0;0;;;"NÃO ALCANÇOU"
"PE";260290;"Cabo de Santo Agostinho";;2;3;66,6666666666667;66,7;"NÃO ALCANÇOU"
"PE";260300;"Cabrobó";"X";0;0;;;"NÃO ALCANÇOU"
"PE";260310;"Cachoeirinha";;0;1;0;0;"NÃO ALCANÇOU"
"PE";260320;"Caetés";"X";0;0;;;"NÃO ALCANÇOU"
"PE";260330;"Calçado";"X";0;0;;;"NÃO ALCANÇOU"
"PE";260340;"Calumbi";"X";0;0;;;"NÃO ALCANÇOU"
"PE";260345;"Camaragibe";;2;2;100;100;"ALCANÇOU"
"PE";260350;"Camocim de São Félix";"X";0;0;;;"NÃO ALCANÇOU"
"PE";260360;"Camutanga";"X";0;0;;;"NÃO ALCANÇOU"
"PE";260370;"Canhotinho";"X";0;0;;;"NÃO ALCANÇOU"
"PE";260380;"Capoeiras";"X";0;0;;;"NÃO ALCANÇOU"
"PE";260390;"Carnaíba";"X";0;0;;;"NÃO ALCANÇOU"
"PE";260392;"Carnaubeira da Penha";"X";0;0;;;"NÃO ALCANÇOU"
"PE";260400;"Carpina";"X";0;0;;;"NÃO ALCANÇOU"
"PE";260410;"Caruaru";;7;7;100;100;"ALCANÇOU"
"PE";260415;"Casinhas";"X";0;0;;;"NÃO ALCANÇOU"
"PE";260420;"Catende";"X";0;0;;;"NÃO ALCANÇOU"
"PE";260430;"Cedro";"X";0;0;;;"NÃO ALCANÇOU"
"PE";260440;"Chã de Alegria";"X";0;0;;;"NÃO ALCANÇOU"
"PE";260450;"Chã Grande";"X";0;0;;;"NÃO ALCANÇOU"
"PE";260460;"Condado";"X";0;0;;;"NÃO ALCANÇOU"
"PE";260470;"Correntes";;1;1;100;100;"ALCANÇOU"
"PE";260480;"Cortês";;0;1;0;0;"NÃO ALCANÇOU"
"PE";260490;"Cumaru";"X";0;0;;;"NÃO ALCANÇOU"
"PE";260500;"Cupira";"X";0;0;;;"NÃO ALCANÇOU"
"PE";260510;"Custódia";"X";0;0;;;"NÃO ALCANÇOU"
"PE";260515;"Dormentes";;2;2;100;100;"ALCANÇOU"
"PE";260520;"Escada";"X";0;0;;;"NÃO ALCANÇOU"
"PE";260530;"Exu";"X";0;0;;;"NÃO ALCANÇOU"
"PE";260540;"Feira Nova";"X";0;0;;;"NÃO ALCANÇOU"
"PE";260550;"Ferreiros";"X";0;0;;;"NÃO ALCANÇOU"
"PE";260560;"Flores";"X";0;0;;;"NÃO ALCANÇOU"
"PE";260570;"Floresta";"X";0;0;;;"NÃO ALCANÇOU"
"PE";260580;"Frei Miguelinho";"X";0;0;;;"NÃO ALCANÇOU"
"PE";260590;"Gameleira";;0;1;0;0;"NÃO ALCANÇOU"
"PE";260600;"Garanhuns";;6;8;75;75;"NÃO ALCANÇOU"
"PE";260610;"Glória do Goitá";"X";0;0;;;"NÃO ALCANÇOU"
"PE";260620;"Goiana";"X";0;0;;;"NÃO ALCANÇOU"
"PE";260630;"Granito";;1;1;100;100;"ALCANÇOU"
"PE";260640;"Gravatá";"X";0;0;;;"NÃO ALCANÇOU"
"PE";260650;"Iati";"X";0;0;;;"NÃO ALCANÇOU"
"PE";260660;"Ibimirim";"X";0;0;;;"NÃO ALCANÇOU"
"PE";260670;"Ibirajuba";"X";0;0;;;"NÃO ALCANÇOU"
"PE";260680;"Igarassu";"X";0;0;;;"NÃO ALCANÇOU"
"PE";260690;"Iguaracy";"X";0;0;;;"NÃO ALCANÇOU"
"PE";260700;"Inajá";;0;1;0;0;"NÃO ALCANÇOU"
"PE";260710;"Ingazeira";"X";0;0;;;"NÃO ALCANÇOU"
"PE";260720;"Ipojuca";;3;3;100;100;"ALCANÇOU"
"PE";260730;"Ipubi";"X";0;0;;;"NÃO ALCANÇOU"
"PE";260740;"Itacuruba";"X";0;0;;;"NÃO ALCANÇOU"
"PE";260750;"Itaíba";"X";0;0;;;"NÃO ALCANÇOU"
"PE";260760;"Ilha de Itamaracá";;2;3;66,6666666666667;66,7;"NÃO ALCANÇOU"
"PE";260765;"Itambé";"X";0;0;;;"NÃO ALCANÇOU"
"PE";260770;"Itapetim";"X";0;0;;;"NÃO ALCANÇOU"
"PE";260775;"Itapissuma";"X";0;0;;;"NÃO ALCANÇOU"
"PE";260780;"Itaquitinga";"X";0;0;;;"NÃO ALCANÇOU"
"PE";260790;"Jaboatão dos Guararapes";;8;9;88,8888888888889;88,9;"ALCANÇOU"
"PE";260795;"Jaqueira";"X";0;0;;;"NÃO ALCANÇOU"
"PE";260800;"Jataúba";;1;1;100;100;"ALCANÇOU"
"PE";260805;"Jatobá";"X";0;0;;;"NÃO ALCANÇOU"
"PE";260810;"João Alfredo";"X";0;0;;;"NÃO ALCANÇOU"
"PE";260820;"Joaquim Nabuco";"X";0;0;;;"NÃO ALCANÇOU"
"PE";260825;"Jucati";"X";0;0;;;"NÃO ALCANÇOU"
"PE";260830;"Jupi";;3;5;60;60;"NÃO ALCANÇOU"
"PE";260840;"Jurema";"X";0;0;;;"NÃO ALCANÇOU"
"PE";260845;"Lagoa do Carro";"X";0;0;;;"NÃO ALCANÇOU"
"PE";260850;"Lagoa de Itaenga";;1;1;100;100;"ALCANÇOU"
"PE";260860;"Lagoa do Ouro";;1;1;100;100;"ALCANÇOU"
"PE";260870;"Lagoa dos Gatos";;0;1;0;0;"NÃO ALCANÇOU"
"PE";260875;"Lagoa Grande";"X";0;0;;;"NÃO ALCANÇOU"
"PE";260880;"Lajedo";;2;2;100;100;"ALCANÇOU"
"PE";260890;"Limoeiro";"X";0;0;;;"NÃO ALCANÇOU"
"PE";260900;"Macaparana";"X";0;0;;;"NÃO ALCANÇOU"
"PE";260910;"Machados";"X";0;0;;;"NÃO ALCANÇOU"
"PE";260915;"Manari";;0;1;0;0;"NÃO ALCANÇOU"
"PE";260920;"Maraial";"X";0;0;;;"NÃO ALCANÇOU"
"PE";260930;"Mirandiba";"X";0;0;;;"NÃO ALCANÇOU"
"PE";260940;"Moreno";"X";0;0;;;"NÃO ALCANÇOU"
"PE";260950;"Nazaré da Mata";"X";0;0;;;"NÃO ALCANÇOU"
"PE";260960;"Olinda";;0;2;0;0;"NÃO ALCANÇOU"
"PE";260970;"Orobó";;1;1;100;100;"ALCANÇOU"
"PE";260980;"Orocó";"X";0;0;;;"NÃO ALCANÇOU"
"PE";260990;"Ouricuri";;1;1;100;100;"ALCANÇOU"
"PE";261000;"Palmares";"X";0;0;;;"NÃO ALCANÇOU"
"PE";261010;"Palmeirina";"X";0;0;;;"NÃO ALCANÇOU"
"PE";261020;"Panelas";;0;1;0;0;"NÃO ALCANÇOU"
"PE";261030;"Paranatama";"X";0;0;;;"NÃO ALCANÇOU"
"PE";261040;"Parnamirim";"X";0;0;;;"NÃO ALCANÇOU"
"PE";261050;"Passira";"X";0;0;;;"NÃO ALCANÇOU"
"PE";261060;"Paudalho";"X";0;0;;;"NÃO ALCANÇOU"
"PE";261070;"Paulista";;1;2;50;50;"NÃO ALCANÇOU"
"PE";261080;"Pedra";"X";0;0;;;"NÃO ALCANÇOU"
"PE";261090;"Pesqueira";;2;2;100;100;"ALCANÇOU"
"PE";261100;"Petrolândia";;0;1;0;0;"NÃO ALCANÇOU"
"PE";261110;"Petrolina";;5;6;83,3333333333333;83,3;"ALCANÇOU"
"PE";261120;"Poção";;1;1;100;100;"ALCANÇOU"
"PE";261130;"Pombos";"X";0;0;;;"NÃO ALCANÇOU"
"PE";261140;"Primavera";"X";0;0;;;"NÃO ALCANÇOU"
"PE";261150;"Quipapá";"X";0;0;;;"NÃO ALCANÇOU"
"PE";261153;"Quixaba";"X";0;0;;;"NÃO ALCANÇOU"
"PE";261160;"Recife";;27;30;90;90;"ALCANÇOU"
"PE";261170;"Riacho das Almas";"X";0;0;;;"NÃO ALCANÇOU"
"PE";261180;"Ribeirão";;1;1;100;100;"ALCANÇOU"
"PE";261190;"Rio Formoso";;1;1;100;100;"ALCANÇOU"
"PE";261200;"Sairé";"X";0;0;;;"NÃO ALCANÇOU"
"PE";261210;"Salgadinho";"X";0;0;;;"NÃO ALCANÇOU"
"PE";261220;"Salgueiro";"X";0;0;;;"NÃO ALCANÇOU"
"PE";261230;"Saloá";"X";0;0;;;"NÃO ALCANÇOU"
"PE";261240;"Sanharó";"X";0;0;;;"NÃO ALCANÇOU"
"PE";261245;"Santa Cruz";"X";0;0;;;"NÃO ALCANÇOU"
"PE";261247;"Santa Cruz da Baixa Verde";"X";0;0;;;"NÃO ALCANÇOU"
"PE";261250;"Santa Cruz do Capibaribe";;3;3;100;100;"ALCANÇOU"
"PE";261255;"Santa Filomena";;1;1;100;100;"ALCANÇOU"
"PE";261260;"Santa Maria da Boa Vista";;1;1;100;100;"ALCANÇOU"
"PE";261270;"Santa Maria do Cambucá";;1;1;100;100;"ALCANÇOU"
"PE";261280;"Santa Terezinha";"X";0;0;;;"NÃO ALCANÇOU"
"PE";261290;"São Benedito do Sul";"X";0;0;;;"NÃO ALCANÇOU"
"PE";261300;"São Bento do Una";;1;1;100;100;"ALCANÇOU"
"PE";261310;"São Caitano";;1;1;100;100;"ALCANÇOU"
"PE";261320;"São João";"X";0;0;;;"NÃO ALCANÇOU"
"PE";261330;"São Joaquim do Monte";"X";0;0;;;"NÃO ALCANÇOU"
"PE";261340;"São José da Coroa Grande";;1;1;100;100;"ALCANÇOU"
"PE";261350;"São José do Belmonte";"X";0;0;;;"NÃO ALCANÇOU"
"PE";261360;"São José do Egito";"X";0;0;;;"NÃO ALCANÇOU"
"PE";261370;"São Lourenço da Mata";;2;7;28,5714285714286;28,6;"NÃO ALCANÇOU"
"PE";261380;"São Vicente Ferrer";;1;2;50;50;"NÃO ALCANÇOU"
"PE";261390;"Serra Talhada";;3;3;100;100;"ALCANÇOU"
"PE";261400;"Serrita";"X";0;0;;;"NÃO ALCANÇOU"
"PE";261410;"Sertânia";"X";0;0;;;"NÃO ALCANÇOU"
"PE";261420;"Sirinhaém";"X";0;0;;;"NÃO ALCANÇOU"
"PE";261430;"Moreilândia";"X";0;0;;;"NÃO ALCANÇOU"
"PE";261440;"Solidão";"X";0;0;;;"NÃO ALCANÇOU"
"PE";261450;"Surubim";"X";0;0;;;"NÃO ALCANÇOU"
"PE";261460;"Tabira";;1;1;100;100;"ALCANÇOU"
"PE";261470;"Tacaimbó";"X";0;0;;;"NÃO ALCANÇOU"
"PE";261480;"Tacaratu";;1;1;100;100;"ALCANÇOU"
"PE";261485;"Tamandaré";;0;1;0;0;"NÃO ALCANÇOU"
"PE";261500;"Taquaritinga do Norte";"X";0;0;;;"NÃO ALCANÇOU"
"PE";261510;"Terezinha";"X";0;0;;;"NÃO ALCANÇOU"
"PE";261520;"Terra Nova";"X";0;0;;;"NÃO ALCANÇOU"
"PE";261530;"Timbaúba";;1;1;100;100;"ALCANÇOU"
"PE";261540;"Toritama";;0;1;0;0;"NÃO ALCANÇOU"
"PE";261550;"Tracunhaém";"X";0;0;;;"NÃO ALCANÇOU"
"PE";261560;"Trindade";"X";0;0;;;"NÃO ALCANÇOU"
"PE";261570;"Triunfo";;0;1;0;0;"NÃO ALCANÇOU"
"PE";261580;"Tupanatinga";;1;1;100;100;"ALCANÇOU"
"PE";261590;"Tuparetama";"X";0;0;;;"NÃO ALCANÇOU"
"PE";261600;"Venturosa";"X";0;0;;;"NÃO ALCANÇOU"
"PE";261610;"Verdejante";"X";0;0;;;"NÃO ALCANÇOU"
"PE";261618;"Vertente do Lério";"X";0;0;;;"NÃO ALCANÇOU"
"PE";261620;"Vertentes";"X";0;0;;;"NÃO ALCANÇOU"
"PE";261630;"Vicência";"X";0;0;;;"NÃO ALCANÇOU"
"PE";261640;"Vitória de Santo Antão";;5;5;100;100;"ALCANÇOU"
"PE";261650;"Xexéu";;1;1;100;100;"ALCANÇOU"
"AL";270010;"Água Branca";"X";0;0;;;"NÃO ALCANÇOU"
"AL";270020;"Anadia";"X";0;0;;;"NÃO ALCANÇOU"
"AL";270030;"Arapiraca";;1;1;100;100;"ALCANÇOU"
"AL";270040;"Atalaia";"X";0;0;;;"NÃO ALCANÇOU"
"AL";270050;"Barra de Santo Antônio";"X";0;0;;;"NÃO ALCANÇOU"
"AL";270060;"Barra de São Miguel";"X";0;0;;;"NÃO ALCANÇOU"
"AL";270070;"Batalha";"X";0;0;;;"NÃO ALCANÇOU"
"AL";270080;"Belém";"X";0;0;;;"NÃO ALCANÇOU"
"AL";270090;"Belo Monte";"X";0;0;;;"NÃO ALCANÇOU"
"AL";270100;"Boca da Mata";"X";0;0;;;"NÃO ALCANÇOU"
"AL";270110;"Branquinha";;1;1;100;100;"ALCANÇOU"
"AL";270120;"Cacimbinhas";"X";0;0;;;"NÃO ALCANÇOU"
"AL";270130;"Cajueiro";"X";0;0;;;"NÃO ALCANÇOU"
"AL";270135;"Campestre";"X";0;0;;;"NÃO ALCANÇOU"
"AL";270140;"Campo Alegre";"X";0;0;;;"NÃO ALCANÇOU"
"AL";270150;"Campo Grande";"X";0;0;;;"NÃO ALCANÇOU"
"AL";270160;"Canapi";"X";0;0;;;"NÃO ALCANÇOU"
"AL";270170;"Capela";"X";0;0;;;"NÃO ALCANÇOU"
"AL";270180;"Carneiros";"X";0;0;;;"NÃO ALCANÇOU"
"AL";270190;"Chã Preta";"X";0;0;;;"NÃO ALCANÇOU"
"AL";270200;"Coité do Nóia";"X";0;0;;;"NÃO ALCANÇOU"
"AL";270210;"Colônia Leopoldina";"X";0;0;;;"NÃO ALCANÇOU"
"AL";270220;"Coqueiro Seco";"X";0;0;;;"NÃO ALCANÇOU"
"AL";270230;"Coruripe";;2;2;100;100;"ALCANÇOU"
"AL";270235;"Craíbas";"X";0;0;;;"NÃO ALCANÇOU"
"AL";270240;"Delmiro Gouveia";"X";0;0;;;"NÃO ALCANÇOU"
"AL";270250;"Dois Riachos";"X";0;0;;;"NÃO ALCANÇOU"
"AL";270255;"Estrela de Alagoas";"X";0;0;;;"NÃO ALCANÇOU"
"AL";270260;"Feira Grande";"X";0;0;;;"NÃO ALCANÇOU"
"AL";270270;"Feliz Deserto";"X";0;0;;;"NÃO ALCANÇOU"
"AL";270280;"Flexeiras";"X";0;0;;;"NÃO ALCANÇOU"
"AL";270290;"Girau do Ponciano";"X";0;0;;;"NÃO ALCANÇOU"
"AL";270300;"Ibateguara";;2;2;100;100;"ALCANÇOU"
"AL";270310;"Igaci";"X";0;0;;;"NÃO ALCANÇOU"
"AL";270320;"Igreja Nova";"X";0;0;;;"NÃO ALCANÇOU"
"AL";270330;"Inhapi";"X";0;0;;;"NÃO ALCANÇOU"
"AL";270340;"Jacaré dos Homens";"X";0;0;;;"NÃO ALCANÇOU"
"AL";270350;"Jacuípe";"X";0;0;;;"NÃO ALCANÇOU"
"AL";270360;"Japaratinga";;1;1;100;100;"ALCANÇOU"
"AL";270370;"Jaramataia";"X";0;0;;;"NÃO ALCANÇOU"
"AL";270375;"Jequiá da Praia";"X";0;0;;;"NÃO ALCANÇOU"
"AL";270380;"Joaquim Gomes";"X";0;0;;;"NÃO ALCANÇOU"
"AL";270390;"Jundiá";"X";0;0;;;"NÃO ALCANÇOU"
"AL";270400;"Junqueiro";;1;1;100;100;"ALCANÇOU"
"AL";270410;"Lagoa da Canoa";"X";0;0;;;"NÃO ALCANÇOU"
"AL";270420;"Limoeiro de Anadia";"X";0;0;;;"NÃO ALCANÇOU"
"AL";270430;"Maceió";;9;10;90;90;"ALCANÇOU"
"AL";270440;"Major Isidoro";"X";0;0;;;"NÃO ALCANÇOU"
"AL";270450;"Maragogi";"X";0;0;;;"NÃO ALCANÇOU"
"AL";270460;"Maravilha";"X";0;0;;;"NÃO ALCANÇOU"
"AL";270470;"Marechal Deodoro";;1;1;100;100;"ALCANÇOU"
"AL";270480;"Maribondo";"X";0;0;;;"NÃO ALCANÇOU"
"AL";270490;"Mar Vermelho";"X";0;0;;;"NÃO ALCANÇOU"
"AL";270500;"Mata Grande";"X";0;0;;;"NÃO ALCANÇOU"
"AL";270510;"Matriz de Camaragibe";"X";0;0;;;"NÃO ALCANÇOU"
"AL";270520;"Messias";"X";0;0;;;"NÃO ALCANÇOU"
"AL";270530;"Minador do Negrão";"X";0;0;;;"NÃO ALCANÇOU"
"AL";270540;"Monteirópolis";"X";0;0;;;"NÃO ALCANÇOU"
"AL";270550;"Murici";;1;1;100;100;"ALCANÇOU"
"AL";270560;"Novo Lino";"X";0;0;;;"NÃO ALCANÇOU"
"AL";270570;"Olho d'Água das Flores";"X";0;0;;;"NÃO ALCANÇOU"
"AL";270580;"Olho d'Água do Casado";"X";0;0;;;"NÃO ALCANÇOU"
"AL";270590;"Olho d'Água Grande";"X";0;0;;;"NÃO ALCANÇOU"
"AL";270600;"Olivença";"X";0;0;;;"NÃO ALCANÇOU"
"AL";270610;"Ouro Branco";"X";0;0;;;"NÃO ALCANÇOU"
"AL";270620;"Palestina";"X";0;0;;;"NÃO ALCANÇOU"
"AL";270630;"Palmeira dos Índios";;2;2;100;100;"ALCANÇOU"
"AL";270640;"Pão de Açúcar";"X";0;0;;;"NÃO ALCANÇOU"
"AL";270642;"Pariconha";"X";0;0;;;"NÃO ALCANÇOU"
"AL";270644;"Paripueira";;1;1;100;100;"ALCANÇOU"
"AL";270650;"Passo de Camaragibe";"X";0;0;;;"NÃO ALCANÇOU"
"AL";270660;"Paulo Jacinto";"X";0;0;;;"NÃO ALCANÇOU"
"AL";270670;"Penedo";"X";0;0;;;"NÃO ALCANÇOU"
"AL";270680;"Piaçabuçu";"X";0;0;;;"NÃO ALCANÇOU"
"AL";270690;"Pilar";"X";0;0;;;"NÃO ALCANÇOU"
"AL";270700;"Pindoba";"X";0;0;;;"NÃO ALCANÇOU"
"AL";270710;"Piranhas";"X";0;0;;;"NÃO ALCANÇOU"
"AL";270720;"Poço das Trincheiras";"X";0;0;;;"NÃO ALCANÇOU"
"AL";270730;"Porto Calvo";"X";0;0;;;"NÃO ALCANÇOU"
"AL";270740;"Porto de Pedras";"X";0;0;;;"NÃO ALCANÇOU"
"AL";270750;"Porto Real do Colégio";"X";0;0;;;"NÃO ALCANÇOU"
"AL";270760;"Quebrangulo";"X";0;0;;;"NÃO ALCANÇOU"
"AL";270770;"Rio Largo";;1;1;100;100;"ALCANÇOU"
"AL";270780;"Roteiro";"X";0;0;;;"NÃO ALCANÇOU"
"AL";270790;"Santa Luzia do Norte";"X";0;0;;;"NÃO ALCANÇOU"
"AL";270800;"Santana do Ipanema";;3;3;100;100;"ALCANÇOU"
"AL";270810;"Santana do Mundaú";"X";0;0;;;"NÃO ALCANÇOU"
"AL";270820;"São Brás";"X";0;0;;;"NÃO ALCANÇOU"
"AL";270830;"São José da Laje";"X";0;0;;;"NÃO ALCANÇOU"
"AL";270840;"São José da Tapera";;1;1;100;100;"ALCANÇOU"
"AL";270850;"São Luís do Quitunde";"X";0;0;;;"NÃO ALCANÇOU"
"AL";270860;"São Miguel dos Campos";"X";0;0;;;"NÃO ALCANÇOU"
"AL";270870;"São Miguel dos Milagres";"X";0;0;;;"NÃO ALCANÇOU"
"AL";270880;"São Sebastião";;4;4;100;100;"ALCANÇOU"
"AL";270890;"Satuba";"X";0;0;;;"NÃO ALCANÇOU"
"AL";270895;"Senador Rui Palmeira";"X";0;0;;;"NÃO ALCANÇOU"
"AL";270900;"Tanque d'Arca";"X";0;0;;;"NÃO ALCANÇOU"
"AL";270910;"Taquarana";"X";0;0;;;"NÃO ALCANÇOU"
"AL";270915;"Teotônio Vilela";"X";0;0;;;"NÃO ALCANÇOU"
"AL";270920;"Traipu";;1;1;100;100;"ALCANÇOU"
"AL";270930;"União dos Palmares";;1;1;100;100;"ALCANÇOU"
"AL";270940;"Viçosa";"X";0;0;;;"NÃO ALCANÇOU"
"SE";280010;"Amparo de São Francisco";"X";0;0;;;"NÃO ALCANÇOU"
"SE";280020;"Aquidabã";;1;1;100;100;"ALCANÇOU"
"SE";280030;"Aracaju";;9;9;100;100;"ALCANÇOU"
"SE";280040;"Arauá";"X";0;0;;;"NÃO ALCANÇOU"
"SE";280050;"Areia Branca";"X";0;0;;;"NÃO ALCANÇOU"
"SE";280060;"Barra dos Coqueiros";;3;3;100;100;"ALCANÇOU"
"SE";280067;"Boquim";"X";0;0;;;"NÃO ALCANÇOU"
"SE";280070;"Brejo Grande";"X";0;0;;;"NÃO ALCANÇOU"
"SE";280100;"Campo do Brito";"X";0;0;;;"NÃO ALCANÇOU"
"SE";280110;"Canhoba";"X";0;0;;;"NÃO ALCANÇOU"
"SE";280120;"Canindé de São Francisco";"X";0;0;;;"NÃO ALCANÇOU"
"SE";280130;"Capela";;1;1;100;100;"ALCANÇOU"
"SE";280140;"Carira";"X";0;0;;;"NÃO ALCANÇOU"
"SE";280150;"Carmópolis";"X";0;0;;;"NÃO ALCANÇOU"
"SE";280160;"Cedro de São João";"X";0;0;;;"NÃO ALCANÇOU"
"SE";280170;"Cristinápolis";"X";0;0;;;"NÃO ALCANÇOU"
"SE";280190;"Cumbe";"X";0;0;;;"NÃO ALCANÇOU"
"SE";280200;"Divina Pastora";"X";0;0;;;"NÃO ALCANÇOU"
"SE";280210;"Estância";"X";0;0;;;"NÃO ALCANÇOU"
"SE";280220;"Feira Nova";"X";0;0;;;"NÃO ALCANÇOU"
"SE";280230;"Frei Paulo";"X";0;0;;;"NÃO ALCANÇOU"
"SE";280240;"Gararu";;1;1;100;100;"ALCANÇOU"
"SE";280250;"General Maynard";"X";0;0;;;"NÃO ALCANÇOU"
"SE";280260;"Gracho Cardoso";"X";0;0;;;"NÃO ALCANÇOU"
"SE";280270;"Ilha das Flores";"X";0;0;;;"NÃO ALCANÇOU"
"SE";280280;"Indiaroba";"X";0;0;;;"NÃO ALCANÇOU"
"SE";280290;"Itabaiana";"X";0;0;;;"NÃO ALCANÇOU"
"SE";280300;"Itabaianinha";"X";0;0;;;"NÃO ALCANÇOU"
"SE";280310;"Itabi";"X";0;0;;;"NÃO ALCANÇOU"
"SE";280320;"Itaporanga d'Ajuda";;2;2;100;100;"ALCANÇOU"
"SE";280330;"Japaratuba";"X";0;0;;;"NÃO ALCANÇOU"
"SE";280340;"Japoatã";"X";0;0;;;"NÃO ALCANÇOU"
"SE";280350;"Lagarto";"X";0;0;;;"NÃO ALCANÇOU"
"SE";280360;"Laranjeiras";"X";0;0;;;"NÃO ALCANÇOU"
"SE";280370;"Macambira";"X";0;0;;;"NÃO ALCANÇOU"
"SE";280380;"Malhada dos Bois";"X";0;0;;;"NÃO ALCANÇOU"
"SE";280390;"Malhador";"X";0;0;;;"NÃO ALCANÇOU"
"SE";280400;"Maruim";"X";0;0;;;"NÃO ALCANÇOU"
"SE";280410;"Moita Bonita";;1;1;100;100;"ALCANÇOU"
"SE";280420;"Monte Alegre de Sergipe";"X";0;0;;;"NÃO ALCANÇOU"
"SE";280430;"Muribeca";"X";0;0;;;"NÃO ALCANÇOU"
"SE";280440;"Neópolis";"X";0;0;;;"NÃO ALCANÇOU"
"SE";280445;"Nossa Senhora Aparecida";"X";0;0;;;"NÃO ALCANÇOU"
"SE";280450;"Nossa Senhora da Glória";;2;2;100;100;"ALCANÇOU"
"SE";280460;"Nossa Senhora das Dores";;1;1;100;100;"ALCANÇOU"
"SE";280470;"Nossa Senhora de Lourdes";"X";0;0;;;"NÃO ALCANÇOU"
"SE";280480;"Nossa Senhora do Socorro";;2;3;66,6666666666667;66,7;"NÃO ALCANÇOU"
"SE";280490;"Pacatuba";"X";0;0;;;"NÃO ALCANÇOU"
"SE";280500;"Pedra Mole";"X";0;0;;;"NÃO ALCANÇOU"
"SE";280510;"Pedrinhas";"X";0;0;;;"NÃO ALCANÇOU"
"SE";280520;"Pinhão";"X";0;0;;;"NÃO ALCANÇOU"
"SE";280530;"Pirambu";"X";0;0;;;"NÃO ALCANÇOU"
"SE";280540;"Poço Redondo";;1;1;100;100;"ALCANÇOU"
"SE";280550;"Poço Verde";"X";0;0;;;"NÃO ALCANÇOU"
"SE";280560;"Porto da Folha";"X";0;0;;;"NÃO ALCANÇOU"
"SE";280570;"Propriá";"X";0;0;;;"NÃO ALCANÇOU"
"SE";280580;"Riachão do Dantas";"X";0;0;;;"NÃO ALCANÇOU"
"SE";280590;"Riachuelo";"X";0;0;;;"NÃO ALCANÇOU"
"SE";280600;"Ribeirópolis";"X";0;0;;;"NÃO ALCANÇOU"
"SE";280610;"Rosário do Catete";"X";0;0;;;"NÃO ALCANÇOU"
"SE";280620;"Salgado";;1;1;100;100;"ALCANÇOU"
"SE";280630;"Santa Luzia do Itanhy";;1;1;100;100;"ALCANÇOU"
"SE";280640;"Santana do São Francisco";"X";0;0;;;"NÃO ALCANÇOU"
"SE";280650;"Santa Rosa de Lima";"X";0;0;;;"NÃO ALCANÇOU"
"SE";280660;"Santo Amaro das Brotas";"X";0;0;;;"NÃO ALCANÇOU"
"SE";280670;"São Cristóvão";;5;5;100;100;"ALCANÇOU"
"SE";280680;"São Domingos";"X";0;0;;;"NÃO ALCANÇOU"
"SE";280690;"São Francisco";;0;1;0;0;"NÃO ALCANÇOU"
"SE";280700;"São Miguel do Aleixo";"X";0;0;;;"NÃO ALCANÇOU"
"SE";280710;"Simão Dias";"X";0;0;;;"NÃO ALCANÇOU"
"SE";280720;"Siriri";;1;1;100;100;"ALCANÇOU"
"SE";280730;"Telha";"X";0;0;;;"NÃO ALCANÇOU"
"SE";280740;"Tobias Barreto";;1;1;100;100;"ALCANÇOU"
"SE";280750;"Tomar do Geru";"X";0;0;;;"NÃO ALCANÇOU"
"SE";280760;"Umbaúba";"X";0;0;;;"NÃO ALCANÇOU"
"BA";290010;"Abaíra";"X";0;0;;;"NÃO ALCANÇOU"
"BA";290020;"Abaré";"X";0;0;;;"NÃO ALCANÇOU"
"BA";290030;"Acajutiba";"X";0;0;;;"NÃO ALCANÇOU"
"BA";290035;"Adustina";;1;2;50;50;"NÃO ALCANÇOU"
"BA";290040;"Água Fria";"X";0;0;;;"NÃO ALCANÇOU"
"BA";290050;"Érico Cardoso";;1;1;100;100;"ALCANÇOU"
"BA";290060;"Aiquara";"X";0;0;;;"NÃO ALCANÇOU"
"BA";290070;"Alagoinhas";"X";0;0;;;"NÃO ALCANÇOU"
"BA";290080;"Alcobaça";"X";0;0;;;"NÃO ALCANÇOU"
"BA";290090;"Almadina";"X";0;0;;;"NÃO ALCANÇOU"
"BA";290100;"Amargosa";;2;3;66,6666666666667;66,7;"NÃO ALCANÇOU"
"BA";290110;"Amélia Rodrigues";;1;1;100;100;"ALCANÇOU"
"BA";290115;"América Dourada";"X";0;0;;;"NÃO ALCANÇOU"
"BA";290120;"Anagé";;1;2;50;50;"NÃO ALCANÇOU"
"BA";290130;"Andaraí";;1;1;100;100;"ALCANÇOU"
"BA";290135;"Andorinha";"X";0;0;;;"NÃO ALCANÇOU"
"BA";290140;"Angical";"X";0;0;;;"NÃO ALCANÇOU"
"BA";290150;"Anguera";"X";0;0;;;"NÃO ALCANÇOU"
"BA";290160;"Antas";"X";0;0;;;"NÃO ALCANÇOU"
"BA";290170;"Antônio Cardoso";"X";0;0;;;"NÃO ALCANÇOU"
"BA";290180;"Antônio Gonçalves";"X";0;0;;;"NÃO ALCANÇOU"
"BA";290190;"Aporá";"X";0;0;;;"NÃO ALCANÇOU"
"BA";290195;"Apuarema";"X";0;0;;;"NÃO ALCANÇOU"
"BA";290200;"Aracatu";"X";0;0;;;"NÃO ALCANÇOU"
"BA";290205;"Araças";"X";0;0;;;"NÃO ALCANÇOU"
"BA";290210;"Araci";"X";0;0;;;"NÃO ALCANÇOU"
"BA";290220;"Aramari";"X";0;0;;;"NÃO ALCANÇOU"
"BA";290225;"Arataca";"X";0;0;;;"NÃO ALCANÇOU"
"BA";290230;"Aratuípe";"X";0;0;;;"NÃO ALCANÇOU"
"BA";290240;"Aurelino Leal";;1;1;100;100;"ALCANÇOU"
"BA";290250;"Baianópolis";;0;1;0;0;"NÃO ALCANÇOU"
"BA";290260;"Baixa Grande";;0;1;0;0;"NÃO ALCANÇOU"
"BA";290265;"Banzaê";"X";0;0;;;"NÃO ALCANÇOU"
"BA";290270;"Barra";"X";0;0;;;"NÃO ALCANÇOU"
"BA";290280;"Barra da Estiva";"X";0;0;;;"NÃO ALCANÇOU"
"BA";290290;"Barra do Choça";;2;2;100;100;"ALCANÇOU"
"BA";290300;"Barra do Mendes";"X";0;0;;;"NÃO ALCANÇOU"
"BA";290310;"Barra do Rocha";"X";0;0;;;"NÃO ALCANÇOU"
"BA";290320;"Barreiras";;5;5;100;100;"ALCANÇOU"
"BA";290323;"Barro Alto";"X";0;0;;;"NÃO ALCANÇOU"
"BA";290327;"Barrocas";"X";0;0;;;"NÃO ALCANÇOU"
"BA";290330;"Barro Preto";"X";0;0;;;"NÃO ALCANÇOU"
"BA";290340;"Belmonte";"X";0;0;;;"NÃO ALCANÇOU"
"BA";290350;"Belo Campo";;0;5;0;0;"NÃO ALCANÇOU"
"BA";290360;"Biritinga";"X";0;0;;;"NÃO ALCANÇOU"
"BA";290370;"Boa Nova";"X";0;0;;;"NÃO ALCANÇOU"
"BA";290380;"Boa Vista do Tupim";"X";0;0;;;"NÃO ALCANÇOU"
"BA";290390;"Bom Jesus da Lapa";;1;1;100;100;"ALCANÇOU"
"BA";290395;"Bom Jesus da Serra";"X";0;0;;;"NÃO ALCANÇOU"
"BA";290400;"Boninal";"X";0;0;;;"NÃO ALCANÇOU"
"BA";290405;"Bonito";;1;1;100;100;"ALCANÇOU"
"BA";290410;"Boquira";"X";0;0;;;"NÃO ALCANÇOU"
"BA";290420;"Botuporã";"X";0;0;;;"NÃO ALCANÇOU"
"BA";290430;"Brejões";"X";0;0;;;"NÃO ALCANÇOU"
"BA";290440;"Brejolândia";"X";0;0;;;"NÃO ALCANÇOU"
"BA";290450;"Brotas de Macaúbas";"X";0;0;;;"NÃO ALCANÇOU"
"BA";290460;"Brumado";"X";0;0;;;"NÃO ALCANÇOU"
"BA";290470;"Buerarema";"X";0;0;;;"NÃO ALCANÇOU"
"BA";290475;"Buritirama";;1;1;100;100;"ALCANÇOU"
"BA";290480;"Caatiba";"X";0;0;;;"NÃO ALCANÇOU"
"BA";290485;"Cabaceiras do Paraguaçu";;0;2;0;0;"NÃO ALCANÇOU"
"BA";290490;"Cachoeira";;4;4;100;100;"ALCANÇOU"
"BA";290500;"Caculé";"X";0;0;;;"NÃO ALCANÇOU"
"BA";290510;"Caém";"X";0;0;;;"NÃO ALCANÇOU"
"BA";290515;"Caetanos";;0;1;0;0;"NÃO ALCANÇOU"
"BA";290520;"Caetité";"X";0;0;;;"NÃO ALCANÇOU"
"BA";290530;"Cafarnaum";"X";0;0;;;"NÃO ALCANÇOU"
"BA";290540;"Cairu";"X";0;0;;;"NÃO ALCANÇOU"
"BA";290550;"Caldeirão Grande";"X";0;0;;;"NÃO ALCANÇOU"
"BA";290560;"Camacan";"X";0;0;;;"NÃO ALCANÇOU"
"BA";290570;"Camaçari";;14;14;100;100;"ALCANÇOU"
"BA";290580;"Camamu";;1;1;100;100;"ALCANÇOU"
"BA";290590;"Campo Alegre de Lourdes";"X";0;0;;;"NÃO ALCANÇOU"
"BA";290600;"Campo Formoso";"X";0;0;;;"NÃO ALCANÇOU"
"BA";290610;"Canápolis";"X";0;0;;;"NÃO ALCANÇOU"
"BA";290620;"Canarana";"X";0;0;;;"NÃO ALCANÇOU"
"BA";290630;"Canavieiras";"X";0;0;;;"NÃO ALCANÇOU"
"BA";290640;"Candeal";"X";0;0;;;"NÃO ALCANÇOU"
"BA";290650;"Candeias";;1;1;100;100;"ALCANÇOU"
"BA";290660;"Candiba";;0;1;0;0;"NÃO ALCANÇOU"
"BA";290670;"Cândido Sales";"X";0;0;;;"NÃO ALCANÇOU"
"BA";290680;"Cansanção";;1;1;100;100;"ALCANÇOU"
"BA";290682;"Canudos";"X";0;0;;;"NÃO ALCANÇOU"
"BA";290685;"Capela do Alto Alegre";;1;1;100;100;"ALCANÇOU"
"BA";290687;"Capim Grosso";;2;2;100;100;"ALCANÇOU"
"BA";290689;"Caraíbas";"X";0;0;;;"NÃO ALCANÇOU"
"BA";290690;"Caravelas";;5;9;55,5555555555556;55,6;"NÃO ALCANÇOU"
"BA";290700;"Cardeal da Silva";;1;1;100;100;"ALCANÇOU"
"BA";290710;"Carinhanha";"X";0;0;;;"NÃO ALCANÇOU"
"BA";290720;"Casa Nova";"X";0;0;;;"NÃO ALCANÇOU"
"BA";290730;"Castro Alves";"X";0;0;;;"NÃO ALCANÇOU"
"BA";290740;"Catolândia";;1;1;100;100;"ALCANÇOU"
"BA";290750;"Catu";;1;1;100;100;"ALCANÇOU"
"BA";290755;"Caturama";"X";0;0;;;"NÃO ALCANÇOU"
"BA";290760;"Central";"X";0;0;;;"NÃO ALCANÇOU"
"BA";290770;"Chorrochó";"X";0;0;;;"NÃO ALCANÇOU"
"BA";290780;"Cícero Dantas";"X";0;0;;;"NÃO ALCANÇOU"
"BA";290790;"Cipó";"X";0;0;;;"NÃO ALCANÇOU"
"BA";290800;"Coaraci";"X";0;0;;;"NÃO ALCANÇOU"
"BA";290810;"Cocos";"X";0;0;;;"NÃO ALCANÇOU"
"BA";290820;"Conceição da Feira";"X";0;0;;;"NÃO ALCANÇOU"
"BA";290830;"Conceição do Almeida";;0;1;0;0;"NÃO ALCANÇOU"
"BA";290840;"Conceição do Coité";;1;3;33,3333333333333;33,3;"NÃO ALCANÇOU"
"BA";290850;"Conceição do Jacuípe";;0;1;0;0;"NÃO ALCANÇOU"
"BA";290860;"Conde";;3;5;60;60;"NÃO ALCANÇOU"
"BA";290870;"Condeúba";"X";0;0;;;"NÃO ALCANÇOU"
"BA";290880;"Contendas do Sincorá";"X";0;0;;;"NÃO ALCANÇOU"
"BA";290890;"Coração de Maria";"X";0;0;;;"NÃO ALCANÇOU"
"BA";290900;"Cordeiros";"X";0;0;;;"NÃO ALCANÇOU"
"BA";290910;"Coribe";;1;1;100;100;"ALCANÇOU"
"BA";290920;"Coronel João Sá";"X";0;0;;;"NÃO ALCANÇOU"
"BA";290930;"Correntina";"X";0;0;;;"NÃO ALCANÇOU"
"BA";290940;"Cotegipe";;1;1;100;100;"ALCANÇOU"
"BA";290950;"Cravolândia";"X";0;0;;;"NÃO ALCANÇOU"
"BA";290960;"Crisópolis";;1;1;100;100;"ALCANÇOU"
"BA";290970;"Cristópolis";"X";0;0;;;"NÃO ALCANÇOU"
"BA";290980;"Cruz das Almas";;1;1;100;100;"ALCANÇOU"
"BA";290990;"Curaçá";"X";0;0;;;"NÃO ALCANÇOU"
"BA";291000;"Dário Meira";"X";0;0;;;"NÃO ALCANÇOU"
"BA";291005;"Dias d'Ávila";;20;22;90,9090909090909;90,9;"ALCANÇOU"
"BA";291010;"Dom Basílio";"X";0;0;;;"NÃO ALCANÇOU"
"BA";291020;"Dom Macedo Costa";"X";0;0;;;"NÃO ALCANÇOU"
"BA";291030;"Elísio Medrado";"X";0;0;;;"NÃO ALCANÇOU"
"BA";291040;"Encruzilhada";"X";0;0;;;"NÃO ALCANÇOU"
"BA";291050;"Entre Rios";"X";0;0;;;"NÃO ALCANÇOU"
"BA";291060;"Esplanada";;1;2;50;50;"NÃO ALCANÇOU"
"BA";291070;"Euclides da Cunha";"X";0;0;;;"NÃO ALCANÇOU"
"BA";291072;"Eunápolis";;6;6;100;100;"ALCANÇOU"
"BA";291075;"Fátima";"X";0;0;;;"NÃO ALCANÇOU"
"BA";291077;"Feira da Mata";"X";0;0;;;"NÃO ALCANÇOU"
"BA";291080;"Feira de Santana";;19;24;79,1666666666667;79,2;"NÃO ALCANÇOU"
"BA";291085;"Filadélfia";;1;2;50;50;"NÃO ALCANÇOU"
"BA";291090;"Firmino Alves";"X";0;0;;;"NÃO ALCANÇOU"
"BA";291100;"Floresta Azul";;1;1;100;100;"ALCANÇOU"
"BA";291110;"Formosa do Rio Preto";"X";0;0;;;"NÃO ALCANÇOU"
"BA";291120;"Gandu";"X";0;0;;;"NÃO ALCANÇOU"
"BA";291125;"Gavião";"X";0;0;;;"NÃO ALCANÇOU"
"BA";291130;"Gentio do Ouro";"X";0;0;;;"NÃO ALCANÇOU"
"BA";291140;"Glória";"X";0;0;;;"NÃO ALCANÇOU"
"BA";291150;"Gongogi";"X";0;0;;;"NÃO ALCANÇOU"
"BA";291160;"Governador Mangabeira";"X";0;0;;;"NÃO ALCANÇOU"
"BA";291165;"Guajeru";"X";0;0;;;"NÃO ALCANÇOU"
"BA";291170;"Guanambi";;1;1;100;100;"ALCANÇOU"
"BA";291180;"Guaratinga";"X";0;0;;;"NÃO ALCANÇOU"
"BA";291185;"Heliópolis";;1;1;100;100;"ALCANÇOU"
"BA";291190;"Iaçu";"X";0;0;;;"NÃO ALCANÇOU"
"BA";291200;"Ibiassucê";"X";0;0;;;"NÃO ALCANÇOU"
"BA";291210;"Ibicaraí";"X";0;0;;;"NÃO ALCANÇOU"
"BA";291220;"Ibicoara";"X";0;0;;;"NÃO ALCANÇOU"
"BA";291230;"Ibicuí";"X";0;0;;;"NÃO ALCANÇOU"
"BA";291240;"Ibipeba";"X";0;0;;;"NÃO ALCANÇOU"
"BA";291250;"Ibipitanga";"X";0;0;;;"NÃO ALCANÇOU"
"BA";291260;"Ibiquera";"X";0;0;;;"NÃO ALCANÇOU"
"BA";291270;"Ibirapitanga";"X";0;0;;;"NÃO ALCANÇOU"
"BA";291280;"Ibirapuã";"X";0;0;;;"NÃO ALCANÇOU"
"BA";291290;"Ibirataia";"X";0;0;;;"NÃO ALCANÇOU"
"BA";291300;"Ibitiara";"X";0;0;;;"NÃO ALCANÇOU"
"BA";291310;"Ibititá";"X";0;0;;;"NÃO ALCANÇOU"
"BA";291320;"Ibotirama";;1;2;50;50;"NÃO ALCANÇOU"
"BA";291330;"Ichu";"X";0;0;;;"NÃO ALCANÇOU"
"BA";291340;"Igaporã";;1;1;100;100;"ALCANÇOU"
"BA";291345;"Igrapiúna";"X";0;0;;;"NÃO ALCANÇOU"
"BA";291350;"Iguaí";;1;1;100;100;"ALCANÇOU"
"BA";291360;"Ilhéus";;1;2;50;50;"NÃO ALCANÇOU"
"BA";291370;"Inhambupe";"X";0;0;;;"NÃO ALCANÇOU"
"BA";291380;"Ipecaetá";"X";0;0;;;"NÃO ALCANÇOU"
"BA";291390;"Ipiaú";"X";0;0;;;"NÃO ALCANÇOU"
"BA";291400;"Ipirá";;1;1;100;100;"ALCANÇOU"
"BA";291410;"Ipupiara";"X";0;0;;;"NÃO ALCANÇOU"
"BA";291420;"Irajuba";"X";0;0;;;"NÃO ALCANÇOU"
"BA";291430;"Iramaia";"X";0;0;;;"NÃO ALCANÇOU"
"BA";291440;"Iraquara";;1;1;100;100;"ALCANÇOU"
"BA";291450;"Irará";"X";0;0;;;"NÃO ALCANÇOU"
"BA";291460;"Irecê";"X";0;0;;;"NÃO ALCANÇOU"
"BA";291465;"Itabela";"X";0;0;;;"NÃO ALCANÇOU"
"BA";291470;"Itaberaba";"X";0;0;;;"NÃO ALCANÇOU"
"BA";291480;"Itabuna";;3;3;100;100;"ALCANÇOU"
"BA";291490;"Itacaré";;2;2;100;100;"ALCANÇOU"
"BA";291500;"Itaeté";"X";0;0;;;"NÃO ALCANÇOU"
"BA";291510;"Itagi";"X";0;0;;;"NÃO ALCANÇOU"
"BA";291520;"Itagibá";"X";0;0;;;"NÃO ALCANÇOU"
"BA";291530;"Itagimirim";"X";0;0;;;"NÃO ALCANÇOU"
"BA";291535;"Itaguaçu da Bahia";"X";0;0;;;"NÃO ALCANÇOU"
"BA";291540;"Itaju do Colônia";"X";0;0;;;"NÃO ALCANÇOU"
"BA";291550;"Itajuípe";"X";0;0;;;"NÃO ALCANÇOU"
"BA";291560;"Itamaraju";;1;1;100;100;"ALCANÇOU"
"BA";291570;"Itamari";"X";0;0;;;"NÃO ALCANÇOU"
"BA";291580;"Itambé";;1;1;100;100;"ALCANÇOU"
"BA";291590;"Itanagra";"X";0;0;;;"NÃO ALCANÇOU"
"BA";291600;"Itanhém";"X";0;0;;;"NÃO ALCANÇOU"
"BA";291610;"Itaparica";;1;17;5,88235294117647;5,9;"NÃO ALCANÇOU"
"BA";291620;"Itapé";"X";0;0;;;"NÃO ALCANÇOU"
"BA";291630;"Itapebi";"X";0;0;;;"NÃO ALCANÇOU"
"BA";291640;"Itapetinga";"X";0;0;;;"NÃO ALCANÇOU"
"BA";291650;"Itapicuru";"X";0;0;;;"NÃO ALCANÇOU"
"BA";291660;"Itapitanga";;1;1;100;100;"ALCANÇOU"
"BA";291670;"Itaquara";"X";0;0;;;"NÃO ALCANÇOU"
"BA";291680;"Itarantim";"X";0;0;;;"NÃO ALCANÇOU"
"BA";291685;"Itatim";"X";0;0;;;"NÃO ALCANÇOU"
"BA";291690;"Itiruçu";"X";0;0;;;"NÃO ALCANÇOU"
"BA";291700;"Itiúba";"X";0;0;;;"NÃO ALCANÇOU"
"BA";291710;"Itororó";"X";0;0;;;"NÃO ALCANÇOU"
"BA";291720;"Ituaçu";"X";0;0;;;"NÃO ALCANÇOU"
"BA";291730;"Ituberá";;3;3;100;100;"ALCANÇOU"
"BA";291733;"Iuiú";"X";0;0;;;"NÃO ALCANÇOU"
"BA";291735;"Jaborandi";"X";0;0;;;"NÃO ALCANÇOU"
"BA";291740;"Jacaraci";"X";0;0;;;"NÃO ALCANÇOU"
"BA";291750;"Jacobina";"X";0;0;;;"NÃO ALCANÇOU"
"BA";291760;"Jaguaquara";;0;1;0;0;"NÃO ALCANÇOU"
"BA";291770;"Jaguarari";;1;1;100;100;"ALCANÇOU"
"BA";291780;"Jaguaripe";;1;1;100;100;"ALCANÇOU"
"BA";291790;"Jandaíra";"X";0;0;;;"NÃO ALCANÇOU"
"BA";291800;"Jequié";;0;1;0;0;"NÃO ALCANÇOU"
"BA";291810;"Jeremoabo";"X";0;0;;;"NÃO ALCANÇOU"
"BA";291820;"Jiquiriçá";"X";0;0;;;"NÃO ALCANÇOU"
"BA";291830;"Jitaúna";"X";0;0;;;"NÃO ALCANÇOU"
"BA";291835;"João Dourado";"X";0;0;;;"NÃO ALCANÇOU"
"BA";291840;"Juazeiro";;0;1;0;0;"NÃO ALCANÇOU"
"BA";291845;"Jucuruçu";;0;1;0;0;"NÃO ALCANÇOU"
"BA";291850;"Jussara";;0;1;0;0;"NÃO ALCANÇOU"
"BA";291855;"Jussari";;1;1;100;100;"ALCANÇOU"
"BA";291860;"Jussiape";"X";0;0;;;"NÃO ALCANÇOU"
"BA";291870;"Lafaiete Coutinho";"X";0;0;;;"NÃO ALCANÇOU"
"BA";291875;"Lagoa Real";"X";0;0;;;"NÃO ALCANÇOU"
"BA";291880;"Laje";;1;1;100;100;"ALCANÇOU"
"BA";291890;"Lajedão";"X";0;0;;;"NÃO ALCANÇOU"
"BA";291900;"Lajedinho";"X";0;0;;;"NÃO ALCANÇOU"
"BA";291905;"Lajedo do Tabocal";"X";0;0;;;"NÃO ALCANÇOU"
"BA";291910;"Lamarão";"X";0;0;;;"NÃO ALCANÇOU"
"BA";291915;"Lapão";"X";0;0;;;"NÃO ALCANÇOU"
"BA";291920;"Lauro de Freitas";;3;3;100;100;"ALCANÇOU"
"BA";291930;"Lençóis";"X";0;0;;;"NÃO ALCANÇOU"
"BA";291940;"Licínio de Almeida";"X";0;0;;;"NÃO ALCANÇOU"
"BA";291950;"Livramento de Nossa Senhora";;0;1;0;0;"NÃO ALCANÇOU"
"BA";291955;"Luís Eduardo Magalhães";;0;1;0;0;"NÃO ALCANÇOU"
"BA";291960;"Macajuba";"X";0;0;;;"NÃO ALCANÇOU"
"BA";291970;"Macarani";"X";0;0;;;"NÃO ALCANÇOU"
"BA";291980;"Macaúbas";"X";0;0;;;"NÃO ALCANÇOU"
"BA";291990;"Macururé";"X";0;0;;;"NÃO ALCANÇOU"
"BA";291992;"Madre de Deus";"X";0;0;;;"NÃO ALCANÇOU"
"BA";291995;"Maetinga";"X";0;0;;;"NÃO ALCANÇOU"
"BA";292000;"Maiquinique";"X";0;0;;;"NÃO ALCANÇOU"
"BA";292010;"Mairi";"X";0;0;;;"NÃO ALCANÇOU"
"BA";292020;"Malhada";;0;1;0;0;"NÃO ALCANÇOU"
"BA";292030;"Malhada de Pedras";"X";0;0;;;"NÃO ALCANÇOU"
"BA";292040;"Manoel Vitorino";"X";0;0;;;"NÃO ALCANÇOU"
"BA";292045;"Mansidão";"X";0;0;;;"NÃO ALCANÇOU"
"BA";292050;"Maracás";;3;4;75;75;"NÃO ALCANÇOU"
"BA";292060;"Maragogipe";"X";0;0;;;"NÃO ALCANÇOU"
"BA";292070;"Maraú";"X";0;0;;;"NÃO ALCANÇOU"
"BA";292080;"Marcionílio Souza";"X";0;0;;;"NÃO ALCANÇOU"
"BA";292090;"Mascote";"X";0;0;;;"NÃO ALCANÇOU"
"BA";292100;"Mata de São João";;1;1;100;100;"ALCANÇOU"
"BA";292105;"Matina";"X";0;0;;;"NÃO ALCANÇOU"
"BA";292110;"Medeiros Neto";"X";0;0;;;"NÃO ALCANÇOU"
"BA";292120;"Miguel Calmon";"X";0;0;;;"NÃO ALCANÇOU"
"BA";292130;"Milagres";"X";0;0;;;"NÃO ALCANÇOU"
"BA";292140;"Mirangaba";;0;1;0;0;"NÃO ALCANÇOU"
"BA";292145;"Mirante";"X";0;0;;;"NÃO ALCANÇOU"
"BA";292150;"Monte Santo";;1;1;100;100;"ALCANÇOU"
"BA";292160;"Morpará";"X";0;0;;;"NÃO ALCANÇOU"
"BA";292170;"Morro do Chapéu";;3;3;100;100;"ALCANÇOU"
"BA";292180;"Mortugaba";"X";0;0;;;"NÃO ALCANÇOU"
"BA";292190;"Mucugê";"X";0;0;;;"NÃO ALCANÇOU"
"BA";292200;"Mucuri";"X";0;0;;;"NÃO ALCANÇOU"
"BA";292205;"Mulungu do Morro";;3;3;100;100;"ALCANÇOU"
"BA";292210;"Mundo Novo";;1;1;100;100;"ALCANÇOU"
"BA";292220;"Muniz Ferreira";"X";0;0;;;"NÃO ALCANÇOU"
"BA";292225;"Muquém de São Francisco";;1;1;100;100;"ALCANÇOU"
"BA";292230;"Muritiba";"X";0;0;;;"NÃO ALCANÇOU"
"BA";292240;"Mutuípe";;3;4;75;75;"NÃO ALCANÇOU"
"BA";292250;"Nazaré";"X";0;0;;;"NÃO ALCANÇOU"
"BA";292260;"Nilo Peçanha";"X";0;0;;;"NÃO ALCANÇOU"
"BA";292265;"Nordestina";"X";0;0;;;"NÃO ALCANÇOU"
"BA";292270;"Nova Canaã";"X";0;0;;;"NÃO ALCANÇOU"
"BA";292273;"Nova Fátima";"X";0;0;;;"NÃO ALCANÇOU"
"BA";292275;"Nova Ibiá";"X";0;0;;;"NÃO ALCANÇOU"
"BA";292280;"Nova Itarana";;0;1;0;0;"NÃO ALCANÇOU"
"BA";292285;"Nova Redenção";"X";0;0;;;"NÃO ALCANÇOU"
"BA";292290;"Nova Soure";"X";0;0;;;"NÃO ALCANÇOU"
"BA";292300;"Nova Viçosa";"X";0;0;;;"NÃO ALCANÇOU"
"BA";292303;"Novo Horizonte";"X";0;0;;;"NÃO ALCANÇOU"
"BA";292305;"Novo Triunfo";"X";0;0;;;"NÃO ALCANÇOU"
"BA";292310;"Olindina";;2;2;100;100;"ALCANÇOU"
"BA";292320;"Oliveira dos Brejinhos";"X";0;0;;;"NÃO ALCANÇOU"
"BA";292330;"Ouriçangas";"X";0;0;;;"NÃO ALCANÇOU"
"BA";292335;"Ourolândia";"X";0;0;;;"NÃO ALCANÇOU"
"BA";292340;"Palmas de Monte Alto";"X";0;0;;;"NÃO ALCANÇOU"
"BA";292350;"Palmeiras";"X";0;0;;;"NÃO ALCANÇOU"
"BA";292360;"Paramirim";"X";0;0;;;"NÃO ALCANÇOU"
"BA";292370;"Paratinga";"X";0;0;;;"NÃO ALCANÇOU"
"BA";292380;"Paripiranga";;3;3;100;100;"ALCANÇOU"
"BA";292390;"Pau Brasil";"X";0;0;;;"NÃO ALCANÇOU"
"BA";292400;"Paulo Afonso";;3;3;100;100;"ALCANÇOU"
"BA";292405;"Pé de Serra";"X";0;0;;;"NÃO ALCANÇOU"
"BA";292410;"Pedrão";"X";0;0;;;"NÃO ALCANÇOU"
"BA";292420;"Pedro Alexandre";"X";0;0;;;"NÃO ALCANÇOU"
"BA";292430;"Piatã";;1;1;100;100;"ALCANÇOU"
"BA";292440;"Pilão Arcado";"X";0;0;;;"NÃO ALCANÇOU"
"BA";292450;"Pindaí";"X";0;0;;;"NÃO ALCANÇOU"
"BA";292460;"Pindobaçu";;8;8;100;100;"ALCANÇOU"
"BA";292465;"Pintadas";"X";0;0;;;"NÃO ALCANÇOU"
"BA";292467;"Piraí do Norte";"X";0;0;;;"NÃO ALCANÇOU"
"BA";292470;"Piripá";"X";0;0;;;"NÃO ALCANÇOU"
"BA";292480;"Piritiba";"X";0;0;;;"NÃO ALCANÇOU"
"BA";292490;"Planaltino";"X";0;0;;;"NÃO ALCANÇOU"
"BA";292500;"Planalto";;1;1;100;100;"ALCANÇOU"
"BA";292510;"Poções";"X";0;0;;;"NÃO ALCANÇOU"
"BA";292520;"Pojuca";;2;2;100;100;"ALCANÇOU"
"BA";292525;"Ponto Novo";"X";0;0;;;"NÃO ALCANÇOU"
"BA";292530;"Porto Seguro";;5;6;83,3333333333333;83,3;"ALCANÇOU"
"BA";292540;"Potiraguá";"X";0;0;;;"NÃO ALCANÇOU"
"BA";292550;"Prado";"X";0;0;;;"NÃO ALCANÇOU"
"BA";292560;"Presidente Dutra";"X";0;0;;;"NÃO ALCANÇOU"
"BA";292570;"Presidente Jânio Quadros";"X";0;0;;;"NÃO ALCANÇOU"
"BA";292575;"Presidente Tancredo Neves";;0;1;0;0;"NÃO ALCANÇOU"
"BA";292580;"Queimadas";"X";0;0;;;"NÃO ALCANÇOU"
"BA";292590;"Quijingue";"X";0;0;;;"NÃO ALCANÇOU"
"BA";292593;"Quixabeira";"X";0;0;;;"NÃO ALCANÇOU"
"BA";292595;"Rafael Jambeiro";"X";0;0;;;"NÃO ALCANÇOU"
"BA";292600;"Remanso";;2;3;66,6666666666667;66,7;"NÃO ALCANÇOU"
"BA";292610;"Retirolândia";"X";0;0;;;"NÃO ALCANÇOU"
"BA";292620;"Riachão das Neves";"X";0;0;;;"NÃO ALCANÇOU"
"BA";292630;"Riachão do Jacuípe";"X";0;0;;;"NÃO ALCANÇOU"
"BA";292640;"Riacho de Santana";"X";0;0;;;"NÃO ALCANÇOU"
"BA";292650;"Ribeira do Amparo";"X";0;0;;;"NÃO ALCANÇOU"
"BA";292660;"Ribeira do Pombal";;2;2;100;100;"ALCANÇOU"
"BA";292665;"Ribeirão do Largo";"X";0;0;;;"NÃO ALCANÇOU"
"BA";292670;"Rio de Contas";"X";0;0;;;"NÃO ALCANÇOU"
"BA";292680;"Rio do Antônio";;2;2;100;100;"ALCANÇOU"
"BA";292690;"Rio do Pires";"X";0;0;;;"NÃO ALCANÇOU"
"BA";292700;"Rio Real";;0;1;0;0;"NÃO ALCANÇOU"
"BA";292710;"Rodelas";"X";0;0;;;"NÃO ALCANÇOU"
"BA";292720;"Ruy Barbosa";"X";0;0;;;"NÃO ALCANÇOU"
"BA";292730;"Salinas da Margarida";"X";0;0;;;"NÃO ALCANÇOU"
"BA";292740;"Salvador";;41;41;100;100;"ALCANÇOU"
"BA";292750;"Santa Bárbara";"X";0;0;;;"NÃO ALCANÇOU"
"BA";292760;"Santa Brígida";"X";0;0;;;"NÃO ALCANÇOU"
"BA";292770;"Santa Cruz Cabrália";"X";0;0;;;"NÃO ALCANÇOU"
"BA";292780;"Santa Cruz da Vitória";"X";0;0;;;"NÃO ALCANÇOU"
"BA";292790;"Santa Inês";;1;1;100;100;"ALCANÇOU"
"BA";292800;"Santaluz";"X";0;0;;;"NÃO ALCANÇOU"
"BA";292805;"Santa Luzia";"X";0;0;;;"NÃO ALCANÇOU"
"BA";292810;"Santa Maria da Vitória";;1;1;100;100;"ALCANÇOU"
"BA";292820;"Santana";"X";0;0;;;"NÃO ALCANÇOU"
"BA";292830;"Santanópolis";"X";0;0;;;"NÃO ALCANÇOU"
"BA";292840;"Santa Rita de Cássia";"X";0;0;;;"NÃO ALCANÇOU"
"BA";292850;"Santa Teresinha";"X";0;0;;;"NÃO ALCANÇOU"
"BA";292860;"Santo Amaro";;1;1;100;100;"ALCANÇOU"
"BA";292870;"Santo Antônio de Jesus";"X";0;0;;;"NÃO ALCANÇOU"
"BA";292880;"Santo Estêvão";"X";0;0;;;"NÃO ALCANÇOU"
"BA";292890;"São Desidério";;1;2;50;50;"NÃO ALCANÇOU"
"BA";292895;"São Domingos";"X";0;0;;;"NÃO ALCANÇOU"
"BA";292900;"São Félix";"X";0;0;;;"NÃO ALCANÇOU"
"BA";292905;"São Félix do Coribe";"X";0;0;;;"NÃO ALCANÇOU"
"BA";292910;"São Felipe";"X";0;0;;;"NÃO ALCANÇOU"
"BA";292920;"São Francisco do Conde";"X";0;0;;;"NÃO ALCANÇOU"
"BA";292925;"São Gabriel";;1;1;100;100;"ALCANÇOU"
"BA";292930;"São Gonçalo dos Campos";;0;1;0;0;"NÃO ALCANÇOU"
"BA";292935;"São José da Vitória";"X";0;0;;;"NÃO ALCANÇOU"
"BA";292937;"São José do Jacuípe";"X";0;0;;;"NÃO ALCANÇOU"
"BA";292940;"São Miguel das Matas";;2;2;100;100;"ALCANÇOU"
"BA";292950;"São Sebastião do Passé";"X";0;0;;;"NÃO ALCANÇOU"
"BA";292960;"Sapeaçu";"X";0;0;;;"NÃO ALCANÇOU"
"BA";292970;"Sátiro Dias";"X";0;0;;;"NÃO ALCANÇOU"
"BA";292975;"Saubara";"X";0;0;;;"NÃO ALCANÇOU"
"BA";292980;"Saúde";"X";0;0;;;"NÃO ALCANÇOU"
"BA";292990;"Seabra";;0;1;0;0;"NÃO ALCANÇOU"
"BA";293000;"Sebastião Laranjeiras";"X";0;0;;;"NÃO ALCANÇOU"
"BA";293010;"Senhor do Bonfim";"X";0;0;;;"NÃO ALCANÇOU"
"BA";293015;"Serra do Ramalho";"X";0;0;;;"NÃO ALCANÇOU"
"BA";293020;"Sento Sé";;0;2;0;0;"NÃO ALCANÇOU"
"BA";293030;"Serra Dourada";"X";0;0;;;"NÃO ALCANÇOU"
"BA";293040;"Serra Preta";"X";0;0;;;"NÃO ALCANÇOU"
"BA";293050;"Serrinha";;2;2;100;100;"ALCANÇOU"
"BA";293060;"Serrolândia";"X";0;0;;;"NÃO ALCANÇOU"
"BA";293070;"Simões Filho";;1;2;50;50;"NÃO ALCANÇOU"
"BA";293075;"Sítio do Mato";"X";0;0;;;"NÃO ALCANÇOU"
"BA";293076;"Sítio do Quinto";"X";0;0;;;"NÃO ALCANÇOU"
"BA";293077;"Sobradinho";"X";0;0;;;"NÃO ALCANÇOU"
"BA";293080;"Souto Soares";;2;2;100;100;"ALCANÇOU"
"BA";293090;"Tabocas do Brejo Velho";;1;2;50;50;"NÃO ALCANÇOU"
"BA";293100;"Tanhaçu";"X";0;0;;;"NÃO ALCANÇOU"
"BA";293105;"Tanque Novo";"X";0;0;;;"NÃO ALCANÇOU"
"BA";293110;"Tanquinho";"X";0;0;;;"NÃO ALCANÇOU"
"BA";293120;"Taperoá";;1;5;20;20;"NÃO ALCANÇOU"
"BA";293130;"Tapiramutá";"X";0;0;;;"NÃO ALCANÇOU"
"BA";293135;"Teixeira de Freitas";;4;5;80;80;"ALCANÇOU"
"BA";293140;"Teodoro Sampaio";"X";0;0;;;"NÃO ALCANÇOU"
"BA";293150;"Teofilândia";"X";0;0;;;"NÃO ALCANÇOU"
"BA";293160;"Teolândia";"X";0;0;;;"NÃO ALCANÇOU"
"BA";293170;"Terra Nova";"X";0;0;;;"NÃO ALCANÇOU"
"BA";293180;"Tremedal";"X";0;0;;;"NÃO ALCANÇOU"
"BA";293190;"Tucano";"X";0;0;;;"NÃO ALCANÇOU"
"BA";293200;"Uauá";"X";0;0;;;"NÃO ALCANÇOU"
"BA";293210;"Ubaíra";;0;1;0;0;"NÃO ALCANÇOU"
"BA";293220;"Ubaitaba";"X";0;0;;;"NÃO ALCANÇOU"
"BA";293230;"Ubatã";"X";0;0;;;"NÃO ALCANÇOU"
"BA";293240;"Uibaí";"X";0;0;;;"NÃO ALCANÇOU"
"BA";293245;"Umburanas";"X";0;0;;;"NÃO ALCANÇOU"
"BA";293250;"Una";"X";0;0;;;"NÃO ALCANÇOU"
"BA";293260;"Urandi";;0;1;0;0;"NÃO ALCANÇOU"
"BA";293270;"Uruçuca";"X";0;0;;;"NÃO ALCANÇOU"
"BA";293280;"Utinga";"X";0;0;;;"NÃO ALCANÇOU"
"BA";293290;"Valença";;0;1;0;0;"NÃO ALCANÇOU"
"BA";293300;"Valente";"X";0;0;;;"NÃO ALCANÇOU"
"BA";293305;"Várzea da Roça";"X";0;0;;;"NÃO ALCANÇOU"
"BA";293310;"Várzea do Poço";"X";0;0;;;"NÃO ALCANÇOU"
"BA";293315;"Várzea Nova";"X";0;0;;;"NÃO ALCANÇOU"
"BA";293317;"Varzedo";"X";0;0;;;"NÃO ALCANÇOU"
"BA";293320;"Vera Cruz";;0;1;0;0;"NÃO ALCANÇOU"
"BA";293325;"Vereda";"X";0;0;;;"NÃO ALCANÇOU"
"BA";293330;"Vitória da Conquista";;1;1;100;100;"ALCANÇOU"
"BA";293340;"Wagner";"X";0;0;;;"NÃO ALCANÇOU"
"BA";293345;"Wanderley";"X";0;0;;;"NÃO ALCANÇOU"
"BA";293350;"Wenceslau Guimarães";;1;1;100;100;"ALCANÇOU"
"BA";293360;"Xique-Xique";"X";0;0;;;"NÃO ALCANÇOU"
"MG";310010;"Abadia dos Dourados";"X";0;0;;;"NÃO ALCANÇOU"
"MG";310020;"Abaeté";"X";0;0;;;"NÃO ALCANÇOU"
"MG";310030;"Abre Campo";;1;1;100;100;"ALCANÇOU"
"MG";310040;"Acaiaca";"X";0;0;;;"NÃO ALCANÇOU"
"MG";310050;"Açucena";"X";0;0;;;"NÃO ALCANÇOU"
"MG";310060;"Água Boa";;0;1;0;0;"NÃO ALCANÇOU"
"MG";310070;"Água Comprida";"X";0;0;;;"NÃO ALCANÇOU"
"MG";310080;"Aguanil";"X";0;0;;;"NÃO ALCANÇOU"
"MG";310090;"Águas Formosas";;0;1;0;0;"NÃO ALCANÇOU"
"MG";310100;"Águas Vermelhas";"X";0;0;;;"NÃO ALCANÇOU"
"MG";310110;"Aimorés";"X";0;0;;;"NÃO ALCANÇOU"
"MG";310120;"Aiuruoca";;1;2;50;50;"NÃO ALCANÇOU"
"MG";310130;"Alagoa";"X";0;0;;;"NÃO ALCANÇOU"
"MG";310140;"Albertina";"X";0;0;;;"NÃO ALCANÇOU"
"MG";310150;"Além Paraíba";;1;1;100;100;"ALCANÇOU"
"MG";310160;"Alfenas";;2;2;100;100;"ALCANÇOU"
"MG";310163;"Alfredo Vasconcelos";"X";0;0;;;"NÃO ALCANÇOU"
"MG";310170;"Almenara";"X";0;0;;;"NÃO ALCANÇOU"
"MG";310180;"Alpercata";"X";0;0;;;"NÃO ALCANÇOU"
"MG";310190;"Alpinópolis";;3;3;100;100;"ALCANÇOU"
"MG";310200;"Alterosa";;6;6;100;100;"ALCANÇOU"
"MG";310205;"Alto Caparaó";"X";0;0;;;"NÃO ALCANÇOU"
"MG";310210;"Alto Rio Doce";"X";0;0;;;"NÃO ALCANÇOU"
"MG";310220;"Alvarenga";;1;1;100;100;"ALCANÇOU"
"MG";310230;"Alvinópolis";"X";0;0;;;"NÃO ALCANÇOU"
"MG";310240;"Alvorada de Minas";"X";0;0;;;"NÃO ALCANÇOU"
"MG";310250;"Amparo do Serra";"X";0;0;;;"NÃO ALCANÇOU"
"MG";310260;"Andradas";;34;34;100;100;"ALCANÇOU"
"MG";310270;"Cachoeira de Pajeú";"X";0;0;;;"NÃO ALCANÇOU"
"MG";310280;"Andrelândia";"X";0;0;;;"NÃO ALCANÇOU"
"MG";310285;"Angelândia";;5;13;38,4615384615385;38,5;"NÃO ALCANÇOU"
"MG";310290;"Antônio Carlos";;1;1;100;100;"ALCANÇOU"
"MG";310300;"Antônio Dias";;3;4;75;75;"NÃO ALCANÇOU"
"MG";310310;"Antônio Prado de Minas";"X";0;0;;;"NÃO ALCANÇOU"
"MG";310320;"Araçaí";"X";0;0;;;"NÃO ALCANÇOU"
"MG";310330;"Aracitaba";"X";0;0;;;"NÃO ALCANÇOU"
"MG";310340;"Araçuaí";;1;1;100;100;"ALCANÇOU"
"MG";310350;"Araguari";;3;4;75;75;"NÃO ALCANÇOU"
"MG";310360;"Arantina";"X";0;0;;;"NÃO ALCANÇOU"
"MG";310370;"Araponga";"X";0;0;;;"NÃO ALCANÇOU"
"MG";310375;"Araporã";"X";0;0;;;"NÃO ALCANÇOU"
"MG";310380;"Arapuá";"X";0;0;;;"NÃO ALCANÇOU"
"MG";310390;"Araújos";"X";0;0;;;"NÃO ALCANÇOU"
"MG";310400;"Araxá";;3;6;50;50;"NÃO ALCANÇOU"
"MG";310410;"Arceburgo";"X";0;0;;;"NÃO ALCANÇOU"
"MG";310420;"Arcos";"X";0;0;;;"NÃO ALCANÇOU"
"MG";310430;"Areado";;1;1;100;100;"ALCANÇOU"
"MG";310440;"Argirita";"X";0;0;;;"NÃO ALCANÇOU"
"MG";310445;"Aricanduva";"X";0;0;;;"NÃO ALCANÇOU"
"MG";310450;"Arinos";;1;2;50;50;"NÃO ALCANÇOU"
"MG";310460;"Astolfo Dutra";"X";0;0;;;"NÃO ALCANÇOU"
"MG";310470;"Ataléia";"X";0;0;;;"NÃO ALCANÇOU"
"MG";310480;"Augusto de Lima";"X";0;0;;;"NÃO ALCANÇOU"
"MG";310490;"Baependi";"X";0;0;;;"NÃO ALCANÇOU"
"MG";310500;"Baldim";"X";0;0;;;"NÃO ALCANÇOU"
"MG";310510;"Bambuí";"X";0;0;;;"NÃO ALCANÇOU"
"MG";310520;"Bandeira";"X";0;0;;;"NÃO ALCANÇOU"
"MG";310530;"Bandeira do Sul";"X";0;0;;;"NÃO ALCANÇOU"
"MG";310540;"Barão de Cocais";;1;1;100;100;"ALCANÇOU"
"MG";310550;"Barão de Monte Alto";"X";0;0;;;"NÃO ALCANÇOU"
"MG";310560;"Barbacena";;2;2;100;100;"ALCANÇOU"
"MG";310570;"Barra Longa";"X";0;0;;;"NÃO ALCANÇOU"
"MG";310590;"Barroso";"X";0;0;;;"NÃO ALCANÇOU"
"MG";310600;"Bela Vista de Minas";"X";0;0;;;"NÃO ALCANÇOU"
"MG";310610;"Belmiro Braga";;2;2;100;100;"ALCANÇOU"
"MG";310620;"Belo Horizonte";;111;117;94,8717948717949;94,9;"ALCANÇOU"
"MG";310630;"Belo Oriente";"X";0;0;;;"NÃO ALCANÇOU"
"MG";310640;"Belo Vale";"X";0;0;;;"NÃO ALCANÇOU"
"MG";310650;"Berilo";"X";0;0;;;"NÃO ALCANÇOU"
"MG";310660;"Bertópolis";"X";0;0;;;"NÃO ALCANÇOU"
"MG";310665;"Berizal";;0;1;0;0;"NÃO ALCANÇOU"
"MG";310670;"Betim";;12;13;92,3076923076923;92,3;"ALCANÇOU"
"MG";310680;"Bias Fortes";"X";0;0;;;"NÃO ALCANÇOU"
"MG";310690;"Bicas";;1;1;100;100;"ALCANÇOU"
"MG";310700;"Biquinhas";"X";0;0;;;"NÃO ALCANÇOU"
"MG";310710;"Boa Esperança";"X";0;0;;;"NÃO ALCANÇOU"
"MG";310720;"Bocaina de Minas";"X";0;0;;;"NÃO ALCANÇOU"
"MG";310730;"Bocaiúva";;2;3;66,6666666666667;66,7;"NÃO ALCANÇOU"
"MG";310740;"Bom Despacho";;2;4;50;50;"NÃO ALCANÇOU"
"MG";310750;"Bom Jardim de Minas";"X";0;0;;;"NÃO ALCANÇOU"
"MG";310760;"Bom Jesus da Penha";;14;14;100;100;"ALCANÇOU"
"MG";310770;"Bom Jesus do Amparo";;0;2;0;0;"NÃO ALCANÇOU"
"MG";310780;"Bom Jesus do Galho";"X";0;0;;;"NÃO ALCANÇOU"
"MG";310790;"Bom Repouso";"X";0;0;;;"NÃO ALCANÇOU"
"MG";310800;"Bom Sucesso";"X";0;0;;;"NÃO ALCANÇOU"
"MG";310810;"Bonfim";"X";0;0;;;"NÃO ALCANÇOU"
"MG";310820;"Bonfinópolis de Minas";"X";0;0;;;"NÃO ALCANÇOU"
"MG";310825;"Bonito de Minas";"X";0;0;;;"NÃO ALCANÇOU"
"MG";310830;"Borda da Mata";"X";0;0;;;"NÃO ALCANÇOU"
"MG";310840;"Botelhos";;0;1;0;0;"NÃO ALCANÇOU"
"MG";310850;"Botumirim";"X";0;0;;;"NÃO ALCANÇOU"
"MG";310855;"Brasilândia de Minas";;1;1;100;100;"ALCANÇOU"
"MG";310860;"Brasília de Minas";"X";0;0;;;"NÃO ALCANÇOU"
"MG";310870;"Brás Pires";"X";0;0;;;"NÃO ALCANÇOU"
"MG";310880;"Braúnas";"X";0;0;;;"NÃO ALCANÇOU"
"MG";310890;"Brazópolis";;26;28;92,8571428571429;92,9;"ALCANÇOU"
"MG";310900;"Brumadinho";;2;5;40;40;"NÃO ALCANÇOU"
"MG";310910;"Bueno Brandão";;1;1;100;100;"ALCANÇOU"
"MG";310920;"Buenópolis";"X";0;0;;;"NÃO ALCANÇOU"
"MG";310925;"Bugre";;1;1;100;100;"ALCANÇOU"
"MG";310930;"Buritis";;3;3;100;100;"ALCANÇOU"
"MG";310940;"Buritizeiro";"X";0;0;;;"NÃO ALCANÇOU"
"MG";310945;"Cabeceira Grande";;1;1;100;100;"ALCANÇOU"
"MG";310950;"Cabo Verde";"X";0;0;;;"NÃO ALCANÇOU"
"MG";310960;"Cachoeira da Prata";"X";0;0;;;"NÃO ALCANÇOU"
"MG";310970;"Cachoeira de Minas";;28;34;82,3529411764706;82,4;"ALCANÇOU"
"MG";310980;"Cachoeira Dourada";"X";0;0;;;"NÃO ALCANÇOU"
"MG";310990;"Caetanópolis";"X";0;0;;;"NÃO ALCANÇOU"
"MG";311000;"Caeté";;5;13;38,4615384615385;38,5;"NÃO ALCANÇOU"
"MG";311010;"Caiana";"X";0;0;;;"NÃO ALCANÇOU"
"MG";311020;"Cajuri";"X";0;0;;;"NÃO ALCANÇOU"
"MG";311030;"Caldas";"X";0;0;;;"NÃO ALCANÇOU"
"MG";311040;"Camacho";"X";0;0;;;"NÃO ALCANÇOU"
"MG";311050;"Camanducaia";;2;3;66,6666666666667;66,7;"NÃO ALCANÇOU"
"MG";311060;"Cambuí";;39;63;61,9047619047619;61,9;"NÃO ALCANÇOU"
"MG";311070;"Cambuquira";"X";0;0;;;"NÃO ALCANÇOU"
"MG";311080;"Campanário";"X";0;0;;;"NÃO ALCANÇOU"
"MG";311090;"Campanha";;2;2;100;100;"ALCANÇOU"
"MG";311100;"Campestre";;1;1;100;100;"ALCANÇOU"
"MG";311110;"Campina Verde";"X";0;0;;;"NÃO ALCANÇOU"
"MG";311115;"Campo Azul";"X";0;0;;;"NÃO ALCANÇOU"
"MG";311120;"Campo Belo";;1;1;100;100;"ALCANÇOU"
"MG";311130;"Campo do Meio";"X";0;0;;;"NÃO ALCANÇOU"
"MG";311140;"Campo Florido";;1;1;100;100;"ALCANÇOU"
"MG";311150;"Campos Altos";"X";0;0;;;"NÃO ALCANÇOU"
"MG";311160;"Campos Gerais";"X";0;0;;;"NÃO ALCANÇOU"
"MG";311170;"Canaã";"X";0;0;;;"NÃO ALCANÇOU"
"MG";311180;"Canápolis";"X";0;0;;;"NÃO ALCANÇOU"
"MG";311190;"Cana Verde";"X";0;0;;;"NÃO ALCANÇOU"
"MG";311200;"Candeias";;0;1;0;0;"NÃO ALCANÇOU"
"MG";311205;"Cantagalo";"X";0;0;;;"NÃO ALCANÇOU"
"MG";311210;"Caparaó";"X";0;0;;;"NÃO ALCANÇOU"
"MG";311220;"Capela Nova";"X";0;0;;;"NÃO ALCANÇOU"
"MG";311230;"Capelinha";;4;6;66,6666666666667;66,7;"NÃO ALCANÇOU"
"MG";311240;"Capetinga";"X";0;0;;;"NÃO ALCANÇOU"
"MG";311250;"Capim Branco";"X";0;0;;;"NÃO ALCANÇOU"
"MG";311260;"Capinópolis";;1;2;50;50;"NÃO ALCANÇOU"
"MG";311265;"Capitão Andrade";"X";0;0;;;"NÃO ALCANÇOU"
"MG";311270;"Capitão Enéas";"X";0;0;;;"NÃO ALCANÇOU"
"MG";311280;"Capitólio";;0;1;0;0;"NÃO ALCANÇOU"
"MG";311290;"Caputira";"X";0;0;;;"NÃO ALCANÇOU"
"MG";311300;"Caraí";"X";0;0;;;"NÃO ALCANÇOU"
"MG";311310;"Caranaíba";"X";0;0;;;"NÃO ALCANÇOU"
"MG";311320;"Carandaí";"X";0;0;;;"NÃO ALCANÇOU"
"MG";311330;"Carangola";"X";0;0;;;"NÃO ALCANÇOU"
"MG";311340;"Caratinga";;4;5;80;80;"ALCANÇOU"
"MG";311350;"Carbonita";"X";0;0;;;"NÃO ALCANÇOU"
"MG";311360;"Careaçu";;0;1;0;0;"NÃO ALCANÇOU"
"MG";311370;"Carlos Chagas";"X";0;0;;;"NÃO ALCANÇOU"
"MG";311380;"Carmésia";"X";0;0;;;"NÃO ALCANÇOU"
"MG";311390;"Carmo da Cachoeira";"X";0;0;;;"NÃO ALCANÇOU"
"MG";311400;"Carmo da Mata";;0;1;0;0;"NÃO ALCANÇOU"
"MG";311410;"Carmo de Minas";;5;7;71,4285714285714;71,4;"NÃO ALCANÇOU"
"MG";311420;"Carmo do Cajuru";"X";0;0;;;"NÃO ALCANÇOU"
"MG";311430;"Carmo do Paranaíba";;1;1;100;100;"ALCANÇOU"
"MG";311440;"Carmo do Rio Claro";;1;3;33,3333333333333;33,3;"NÃO ALCANÇOU"
"MG";311450;"Carmópolis de Minas";"X";0;0;;;"NÃO ALCANÇOU"
"MG";311455;"Carneirinho";;0;1;0;0;"NÃO ALCANÇOU"
"MG";311460;"Carrancas";"X";0;0;;;"NÃO ALCANÇOU"
"MG";311470;"Carvalhópolis";"X";0;0;;;"NÃO ALCANÇOU"
"MG";311480;"Carvalhos";;1;1;100;100;"ALCANÇOU"
"MG";311490;"Casa Grande";;0;1;0;0;"NÃO ALCANÇOU"
"MG";311500;"Cascalho Rico";"X";0;0;;;"NÃO ALCANÇOU"
"MG";311510;"Cássia";"X";0;0;;;"NÃO ALCANÇOU"
"MG";311520;"Conceição da Barra de Minas";"X";0;0;;;"NÃO ALCANÇOU"
"MG";311530;"Cataguases";"X";0;0;;;"NÃO ALCANÇOU"
"MG";311535;"Catas Altas";"X";0;0;;;"NÃO ALCANÇOU"
"MG";311540;"Catas Altas da Noruega";"X";0;0;;;"NÃO ALCANÇOU"
"MG";311545;"Catuji";"X";0;0;;;"NÃO ALCANÇOU"
"MG";311547;"Catuti";"X";0;0;;;"NÃO ALCANÇOU"
"MG";311550;"Caxambu";;2;3;66,6666666666667;66,7;"NÃO ALCANÇOU"
"MG";311560;"Cedro do Abaeté";"X";0;0;;;"NÃO ALCANÇOU"
"MG";311570;"Central de Minas";;2;2;100;100;"ALCANÇOU"
"MG";311580;"Centralina";"X";0;0;;;"NÃO ALCANÇOU"
"MG";311590;"Chácara";"X";0;0;;;"NÃO ALCANÇOU"
"MG";311600;"Chalé";"X";0;0;;;"NÃO ALCANÇOU"
"MG";311610;"Chapada do Norte";;1;1;100;100;"ALCANÇOU"
"MG";311615;"Chapada Gaúcha";;2;2;100;100;"ALCANÇOU"
"MG";311620;"Chiador";"X";0;0;;;"NÃO ALCANÇOU"
"MG";311630;"Cipotânea";;1;1;100;100;"ALCANÇOU"
"MG";311640;"Claraval";"X";0;0;;;"NÃO ALCANÇOU"
"MG";311650;"Claro dos Poções";"X";0;0;;;"NÃO ALCANÇOU"
"MG";311660;"Cláudio";;1;4;25;25;"NÃO ALCANÇOU"
"MG";311670;"Coimbra";"X";0;0;;;"NÃO ALCANÇOU"
"MG";311680;"Coluna";"X";0;0;;;"NÃO ALCANÇOU"
"MG";311690;"Comendador Gomes";"X";0;0;;;"NÃO ALCANÇOU"
"MG";311700;"Comercinho";"X";0;0;;;"NÃO ALCANÇOU"
"MG";311710;"Conceição da Aparecida";"X";0;0;;;"NÃO ALCANÇOU"
"MG";311720;"Conceição das Pedras";"X";0;0;;;"NÃO ALCANÇOU"
"MG";311730;"Conceição das Alagoas";;1;2;50;50;"NÃO ALCANÇOU"
"MG";311740;"Conceição de Ipanema";"X";0;0;;;"NÃO ALCANÇOU"
"MG";311750;"Conceição do Mato Dentro";"X";0;0;;;"NÃO ALCANÇOU"
"MG";311760;"Conceição do Pará";"X";0;0;;;"NÃO ALCANÇOU"
"MG";311770;"Conceição do Rio Verde";"X";0;0;;;"NÃO ALCANÇOU"
"MG";311780;"Conceição dos Ouros";;5;5;100;100;"ALCANÇOU"
"MG";311783;"Cônego Marinho";"X";0;0;;;"NÃO ALCANÇOU"
"MG";311787;"Confins";"X";0;0;;;"NÃO ALCANÇOU"
"MG";311790;"Congonhal";"X";0;0;;;"NÃO ALCANÇOU"
"MG";311800;"Congonhas";;1;1;100;100;"ALCANÇOU"
"MG";311810;"Congonhas do Norte";"X";0;0;;;"NÃO ALCANÇOU"
"MG";311820;"Conquista";;0;1;0;0;"NÃO ALCANÇOU"
"MG";311830;"Conselheiro Lafaiete";;1;1;100;100;"ALCANÇOU"
"MG";311840;"Conselheiro Pena";"X";0;0;;;"NÃO ALCANÇOU"
"MG";311850;"Consolação";"X";0;0;;;"NÃO ALCANÇOU"
"MG";311860;"Contagem";;12;12;100;100;"ALCANÇOU"
"MG";311870;"Coqueiral";"X";0;0;;;"NÃO ALCANÇOU"
"MG";311880;"Coração de Jesus";;3;3;100;100;"ALCANÇOU"
"MG";311890;"Cordisburgo";;1;2;50;50;"NÃO ALCANÇOU"
"MG";311900;"Cordislândia";"X";0;0;;;"NÃO ALCANÇOU"
"MG";311910;"Corinto";"X";0;0;;;"NÃO ALCANÇOU"
"MG";311920;"Coroaci";"X";0;0;;;"NÃO ALCANÇOU"
"MG";311930;"Coromandel";"X";0;0;;;"NÃO ALCANÇOU"
"MG";311940;"Coronel Fabriciano";;6;6;100;100;"ALCANÇOU"
"MG";311950;"Coronel Murta";;1;1;100;100;"ALCANÇOU"
"MG";311960;"Coronel Pacheco";"X";0;0;;;"NÃO ALCANÇOU"
"MG";311970;"Coronel Xavier Chaves";"X";0;0;;;"NÃO ALCANÇOU"
"MG";311980;"Córrego Danta";"X";0;0;;;"NÃO ALCANÇOU"
"MG";311990;"Córrego do Bom Jesus";"X";0;0;;;"NÃO ALCANÇOU"
"MG";311995;"Córrego Fundo";;1;1;100;100;"ALCANÇOU"
"MG";312000;"Córrego Novo";"X";0;0;;;"NÃO ALCANÇOU"
"MG";312010;"Couto de Magalhães de Minas";"X";0;0;;;"NÃO ALCANÇOU"
"MG";312015;"Crisólita";"X";0;0;;;"NÃO ALCANÇOU"
"MG";312020;"Cristais";"X";0;0;;;"NÃO ALCANÇOU"
"MG";312030;"Cristália";"X";0;0;;;"NÃO ALCANÇOU"
"MG";312040;"Cristiano Otoni";"X";0;0;;;"NÃO ALCANÇOU"
"MG";312050;"Cristina";"X";0;0;;;"NÃO ALCANÇOU"
"MG";312060;"Crucilândia";"X";0;0;;;"NÃO ALCANÇOU"
"MG";312070;"Cruzeiro da Fortaleza";;1;1;100;100;"ALCANÇOU"
"MG";312080;"Cruzília";"X";0;0;;;"NÃO ALCANÇOU"
"MG";312083;"Cuparaque";;1;1;100;100;"ALCANÇOU"
"MG";312087;"Curral de Dentro";"X";0;0;;;"NÃO ALCANÇOU"
"MG";312090;"Curvelo";;2;2;100;100;"ALCANÇOU"
"MG";312100;"Datas";"X";0;0;;;"NÃO ALCANÇOU"
"MG";312110;"Delfim Moreira";"X";0;0;;;"NÃO ALCANÇOU"
"MG";312120;"Delfinópolis";;0;1;0;0;"NÃO ALCANÇOU"
"MG";312125;"Delta";"X";0;0;;;"NÃO ALCANÇOU"
"MG";312130;"Descoberto";"X";0;0;;;"NÃO ALCANÇOU"
"MG";312140;"Desterro de Entre Rios";;0;2;0;0;"NÃO ALCANÇOU"
"MG";312150;"Desterro do Melo";;1;1;100;100;"ALCANÇOU"
"MG";312160;"Diamantina";;2;2;100;100;"ALCANÇOU"
"MG";312170;"Diogo de Vasconcelos";"X";0;0;;;"NÃO ALCANÇOU"
"MG";312180;"Dionísio";"X";0;0;;;"NÃO ALCANÇOU"
"MG";312190;"Divinésia";;1;1;100;100;"ALCANÇOU"
"MG";312200;"Divino";"X";0;0;;;"NÃO ALCANÇOU"
"MG";312210;"Divino das Laranjeiras";"X";0;0;;;"NÃO ALCANÇOU"
"MG";312220;"Divinolândia de Minas";"X";0;0;;;"NÃO ALCANÇOU"
"MG";312230;"Divinópolis";;0;1;0;0;"NÃO ALCANÇOU"
"MG";312235;"Divisa Alegre";"X";0;0;;;"NÃO ALCANÇOU"
"MG";312240;"Divisa Nova";"X";0;0;;;"NÃO ALCANÇOU"
"MG";312245;"Divisópolis";"X";0;0;;;"NÃO ALCANÇOU"
"MG";312247;"Dom Bosco";"X";0;0;;;"NÃO ALCANÇOU"
"MG";312250;"Dom Cavati";"X";0;0;;;"NÃO ALCANÇOU"
"MG";312260;"Dom Joaquim";"X";0;0;;;"NÃO ALCANÇOU"
"MG";312270;"Dom Silvério";"X";0;0;;;"NÃO ALCANÇOU"
"MG";312280;"Dom Viçoso";"X";0;0;;;"NÃO ALCANÇOU"
"MG";312290;"Dona Eusébia";"X";0;0;;;"NÃO ALCANÇOU"
"MG";312300;"Dores de Campos";"X";0;0;;;"NÃO ALCANÇOU"
"MG";312310;"Dores de Guanhães";"X";0;0;;;"NÃO ALCANÇOU"
"MG";312320;"Dores do Indaiá";;0;2;0;0;"NÃO ALCANÇOU"
"MG";312330;"Dores do Turvo";"X";0;0;;;"NÃO ALCANÇOU"
"MG";312340;"Doresópolis";"X";0;0;;;"NÃO ALCANÇOU"
"MG";312350;"Douradoquara";"X";0;0;;;"NÃO ALCANÇOU"
"MG";312352;"Durandé";"X";0;0;;;"NÃO ALCANÇOU"
"MG";312360;"Elói Mendes";;2;2;100;100;"ALCANÇOU"
"MG";312370;"Engenheiro Caldas";"X";0;0;;;"NÃO ALCANÇOU"
"MG";312380;"Engenheiro Navarro";;1;1;100;100;"ALCANÇOU"
"MG";312385;"Entre Folhas";"X";0;0;;;"NÃO ALCANÇOU"
"MG";312390;"Entre Rios de Minas";;1;1;100;100;"ALCANÇOU"
"MG";312400;"Ervália";"X";0;0;;;"NÃO ALCANÇOU"
"MG";312410;"Esmeraldas";;1;2;50;50;"NÃO ALCANÇOU"
"MG";312420;"Espera Feliz";"X";0;0;;;"NÃO ALCANÇOU"
"MG";312430;"Espinosa";;2;2;100;100;"ALCANÇOU"
"MG";312440;"Espírito Santo do Dourado";;1;1;100;100;"ALCANÇOU"
"MG";312450;"Estiva";;3;3;100;100;"ALCANÇOU"
"MG";312460;"Estrela Dalva";"X";0;0;;;"NÃO ALCANÇOU"
"MG";312470;"Estrela do Indaiá";;1;1;100;100;"ALCANÇOU"
"MG";312480;"Estrela do Sul";"X";0;0;;;"NÃO ALCANÇOU"
"MG";312490;"Eugenópolis";;1;1;100;100;"ALCANÇOU"
"MG";312500;"Ewbank da Câmara";"X";0;0;;;"NÃO ALCANÇOU"
"MG";312510;"Extrema";;4;6;66,6666666666667;66,7;"NÃO ALCANÇOU"
"MG";312520;"Fama";"X";0;0;;;"NÃO ALCANÇOU"
"MG";312530;"Faria Lemos";"X";0;0;;;"NÃO ALCANÇOU"
"MG";312540;"Felício dos Santos";;1;2;50;50;"NÃO ALCANÇOU"
"MG";312550;"São Gonçalo do Rio Preto";;0;2;0;0;"NÃO ALCANÇOU"
"MG";312560;"Felisburgo";"X";0;0;;;"NÃO ALCANÇOU"
"MG";312570;"Felixlândia";"X";0;0;;;"NÃO ALCANÇOU"
"MG";312580;"Fernandes Tourinho";"X";0;0;;;"NÃO ALCANÇOU"
"MG";312590;"Ferros";"X";0;0;;;"NÃO ALCANÇOU"
"MG";312595;"Fervedouro";"X";0;0;;;"NÃO ALCANÇOU"
"MG";312600;"Florestal";"X";0;0;;;"NÃO ALCANÇOU"
"MG";312610;"Formiga";"X";0;0;;;"NÃO ALCANÇOU"
"MG";312620;"Formoso";"X";0;0;;;"NÃO ALCANÇOU"
"MG";312630;"Fortaleza de Minas";"X";0;0;;;"NÃO ALCANÇOU"
"MG";312640;"Fortuna de Minas";"X";0;0;;;"NÃO ALCANÇOU"
"MG";312650;"Francisco Badaró";"X";0;0;;;"NÃO ALCANÇOU"
"MG";312660;"Francisco Dumont";"X";0;0;;;"NÃO ALCANÇOU"
"MG";312670;"Francisco Sá";"X";0;0;;;"NÃO ALCANÇOU"
"MG";312675;"Franciscópolis";"X";0;0;;;"NÃO ALCANÇOU"
"MG";312680;"Frei Gaspar";"X";0;0;;;"NÃO ALCANÇOU"
"MG";312690;"Frei Inocêncio";"X";0;0;;;"NÃO ALCANÇOU"
"MG";312695;"Frei Lagonegro";"X";0;0;;;"NÃO ALCANÇOU"
"MG";312700;"Fronteira";;0;1;0;0;"NÃO ALCANÇOU"
"MG";312705;"Fronteira dos Vales";"X";0;0;;;"NÃO ALCANÇOU"
"MG";312707;"Fruta de Leite";"X";0;0;;;"NÃO ALCANÇOU"
"MG";312710;"Frutal";;7;10;70;70;"NÃO ALCANÇOU"
"MG";312720;"Funilândia";;5;5;100;100;"ALCANÇOU"
"MG";312730;"Galiléia";"X";0;0;;;"NÃO ALCANÇOU"
"MG";312733;"Gameleiras";"X";0;0;;;"NÃO ALCANÇOU"
"MG";312735;"Glaucilândia";"X";0;0;;;"NÃO ALCANÇOU"
"MG";312737;"Goiabeira";;2;2;100;100;"ALCANÇOU"
"MG";312738;"Goianá";"X";0;0;;;"NÃO ALCANÇOU"
"MG";312740;"Gonçalves";;1;2;50;50;"NÃO ALCANÇOU"
"MG";312750;"Gonzaga";"X";0;0;;;"NÃO ALCANÇOU"
"MG";312760;"Gouveia";"X";0;0;;;"NÃO ALCANÇOU"
"MG";312770;"Governador Valadares";;4;5;80;80;"ALCANÇOU"
"MG";312780;"Grão Mogol";"X";0;0;;;"NÃO ALCANÇOU"
"MG";312790;"Grupiara";"X";0;0;;;"NÃO ALCANÇOU"
"MG";312800;"Guanhães";;1;1;100;100;"ALCANÇOU"
"MG";312810;"Guapé";"X";0;0;;;"NÃO ALCANÇOU"
"MG";312820;"Guaraciaba";"X";0;0;;;"NÃO ALCANÇOU"
"MG";312825;"Guaraciama";"X";0;0;;;"NÃO ALCANÇOU"
"MG";312830;"Guaranésia";"X";0;0;;;"NÃO ALCANÇOU"
"MG";312840;"Guarani";"X";0;0;;;"NÃO ALCANÇOU"
"MG";312850;"Guarará";"X";0;0;;;"NÃO ALCANÇOU"
"MG";312860;"Guarda-Mor";"X";0;0;;;"NÃO ALCANÇOU"
"MG";312870;"Guaxupé";;2;2;100;100;"ALCANÇOU"
"MG";312880;"Guidoval";"X";0;0;;;"NÃO ALCANÇOU"
"MG";312890;"Guimarânia";"X";0;0;;;"NÃO ALCANÇOU"
"MG";312900;"Guiricema";"X";0;0;;;"NÃO ALCANÇOU"
"MG";312910;"Gurinhatã";"X";0;0;;;"NÃO ALCANÇOU"
"MG";312920;"Heliodora";;1;2;50;50;"NÃO ALCANÇOU"
"MG";312930;"Iapu";"X";0;0;;;"NÃO ALCANÇOU"
"MG";312940;"Ibertioga";"X";0;0;;;"NÃO ALCANÇOU"
"MG";312950;"Ibiá";;2;2;100;100;"ALCANÇOU"
"MG";312960;"Ibiaí";"X";0;0;;;"NÃO ALCANÇOU"
"MG";312965;"Ibiracatu";"X";0;0;;;"NÃO ALCANÇOU"
"MG";312970;"Ibiraci";;1;1;100;100;"ALCANÇOU"
"MG";312980;"Ibirité";;3;3;100;100;"ALCANÇOU"
"MG";312990;"Ibitiúra de Minas";"X";0;0;;;"NÃO ALCANÇOU"
"MG";313000;"Ibituruna";"X";0;0;;;"NÃO ALCANÇOU"
"MG";313005;"Icaraí de Minas";"X";0;0;;;"NÃO ALCANÇOU"
"MG";313010;"Igarapé";;0;1;0;0;"NÃO ALCANÇOU"
"MG";313020;"Igaratinga";"X";0;0;;;"NÃO ALCANÇOU"
"MG";313030;"Iguatama";"X";0;0;;;"NÃO ALCANÇOU"
"MG";313040;"Ijaci";"X";0;0;;;"NÃO ALCANÇOU"
"MG";313050;"Ilicínea";"X";0;0;;;"NÃO ALCANÇOU"
"MG";313055;"Imbé de Minas";"X";0;0;;;"NÃO ALCANÇOU"
"MG";313060;"Inconfidentes";"X";0;0;;;"NÃO ALCANÇOU"
"MG";313065;"Indaiabira";;1;1;100;100;"ALCANÇOU"
"MG";313070;"Indianópolis";"X";0;0;;;"NÃO ALCANÇOU"
"MG";313080;"Ingaí";"X";0;0;;;"NÃO ALCANÇOU"
"MG";313090;"Inhapim";"X";0;0;;;"NÃO ALCANÇOU"
"MG";313100;"Inhaúma";"X";0;0;;;"NÃO ALCANÇOU"
"MG";313110;"Inimutaba";"X";0;0;;;"NÃO ALCANÇOU"
"MG";313115;"Ipaba";"X";0;0;;;"NÃO ALCANÇOU"
"MG";313120;"Ipanema";;0;1;0;0;"NÃO ALCANÇOU"
"MG";313130;"Ipatinga";;1;1;100;100;"ALCANÇOU"
"MG";313140;"Ipiaçu";;1;1;100;100;"ALCANÇOU"
"MG";313150;"Ipuiúna";"X";0;0;;;"NÃO ALCANÇOU"
"MG";313160;"Iraí de Minas";"X";0;0;;;"NÃO ALCANÇOU"
"MG";313170;"Itabira";;8;10;80;80;"ALCANÇOU"
"MG";313180;"Itabirinha";"X";0;0;;;"NÃO ALCANÇOU"
"MG";313190;"Itabirito";;0;2;0;0;"NÃO ALCANÇOU"
"MG";313200;"Itacambira";"X";0;0;;;"NÃO ALCANÇOU"
"MG";313210;"Itacarambi";"X";0;0;;;"NÃO ALCANÇOU"
"MG";313220;"Itaguara";"X";0;0;;;"NÃO ALCANÇOU"
"MG";313230;"Itaipé";;1;1;100;100;"ALCANÇOU"
"MG";313240;"Itajubá";;105;108;97,2222222222222;97,2;"ALCANÇOU"
"MG";313250;"Itamarandiba";"X";0;0;;;"NÃO ALCANÇOU"
"MG";313260;"Itamarati de Minas";"X";0;0;;;"NÃO ALCANÇOU"
"MG";313270;"Itambacuri";"X";0;0;;;"NÃO ALCANÇOU"
"MG";313280;"Itambé do Mato Dentro";"X";0;0;;;"NÃO ALCANÇOU"
"MG";313290;"Itamogi";"X";0;0;;;"NÃO ALCANÇOU"
"MG";313300;"Itamonte";"X";0;0;;;"NÃO ALCANÇOU"
"MG";313310;"Itanhandu";;1;1;100;100;"ALCANÇOU"
"MG";313320;"Itanhomi";"X";0;0;;;"NÃO ALCANÇOU"
"MG";313330;"Itaobim";"X";0;0;;;"NÃO ALCANÇOU"
"MG";313340;"Itapagipe";;2;4;50;50;"NÃO ALCANÇOU"
"MG";313350;"Itapecerica";"X";0;0;;;"NÃO ALCANÇOU"
"MG";313360;"Itapeva";;12;14;85,7142857142857;85,7;"ALCANÇOU"
"MG";313370;"Itatiaiuçu";;1;2;50;50;"NÃO ALCANÇOU"
"MG";313375;"Itaú de Minas";;1;1;100;100;"ALCANÇOU"
"MG";313380;"Itaúna";;4;4;100;100;"ALCANÇOU"
"MG";313390;"Itaverava";;0;5;0;0;"NÃO ALCANÇOU"
"MG";313400;"Itinga";"X";0;0;;;"NÃO ALCANÇOU"
"MG";313410;"Itueta";"X";0;0;;;"NÃO ALCANÇOU"
"MG";313420;"Ituiutaba";;3;4;75;75;"NÃO ALCANÇOU"
"MG";313430;"Itumirim";;1;1;100;100;"ALCANÇOU"
"MG";313440;"Iturama";;4;5;80;80;"ALCANÇOU"
"MG";313450;"Itutinga";"X";0;0;;;"NÃO ALCANÇOU"
"MG";313460;"Jaboticatubas";;1;1;100;100;"ALCANÇOU"
"MG";313470;"Jacinto";"X";0;0;;;"NÃO ALCANÇOU"
"MG";313480;"Jacuí";"X";0;0;;;"NÃO ALCANÇOU"
"MG";313490;"Jacutinga";;18;22;81,8181818181818;81,8;"ALCANÇOU"
"MG";313500;"Jaguaraçu";"X";0;0;;;"NÃO ALCANÇOU"
"MG";313505;"Jaíba";;1;1;100;100;"ALCANÇOU"
"MG";313507;"Jampruca";"X";0;0;;;"NÃO ALCANÇOU"
"MG";313510;"Janaúba";;1;1;100;100;"ALCANÇOU"
"MG";313520;"Januária";;1;1;100;100;"ALCANÇOU"
"MG";313530;"Japaraíba";"X";0;0;;;"NÃO ALCANÇOU"
"MG";313535;"Japonvar";"X";0;0;;;"NÃO ALCANÇOU"
"MG";313540;"Jeceaba";"X";0;0;;;"NÃO ALCANÇOU"
"MG";313545;"Jenipapo de Minas";;13;15;86,6666666666667;86,7;"ALCANÇOU"
"MG";313550;"Jequeri";"X";0;0;;;"NÃO ALCANÇOU"
"MG";313560;"Jequitaí";"X";0;0;;;"NÃO ALCANÇOU"
"MG";313570;"Jequitibá";"X";0;0;;;"NÃO ALCANÇOU"
"MG";313580;"Jequitinhonha";"X";0;0;;;"NÃO ALCANÇOU"
"MG";313590;"Jesuânia";"X";0;0;;;"NÃO ALCANÇOU"
"MG";313600;"Joaíma";"X";0;0;;;"NÃO ALCANÇOU"
"MG";313610;"Joanésia";"X";0;0;;;"NÃO ALCANÇOU"
"MG";313620;"João Monlevade";;2;2;100;100;"ALCANÇOU"
"MG";313630;"João Pinheiro";"X";0;0;;;"NÃO ALCANÇOU"
"MG";313640;"Joaquim Felício";"X";0;0;;;"NÃO ALCANÇOU"
"MG";313650;"Jordânia";"X";0;0;;;"NÃO ALCANÇOU"
"MG";313652;"José Gonçalves de Minas";"X";0;0;;;"NÃO ALCANÇOU"
"MG";313655;"José Raydan";;0;4;0;0;"NÃO ALCANÇOU"
"MG";313657;"Josenópolis";"X";0;0;;;"NÃO ALCANÇOU"
"MG";313660;"Nova União";"X";0;0;;;"NÃO ALCANÇOU"
"MG";313665;"Juatuba";"X";0;0;;;"NÃO ALCANÇOU"
"MG";313670;"Juiz de Fora";;7;7;100;100;"ALCANÇOU"
"MG";313680;"Juramento";"X";0;0;;;"NÃO ALCANÇOU"
"MG";313690;"Juruaia";;0;1;0;0;"NÃO ALCANÇOU"
"MG";313695;"Juvenília";"X";0;0;;;"NÃO ALCANÇOU"
"MG";313700;"Ladainha";;1;2;50;50;"NÃO ALCANÇOU"
"MG";313710;"Lagamar";"X";0;0;;;"NÃO ALCANÇOU"
"MG";313720;"Lagoa da Prata";;1;1;100;100;"ALCANÇOU"
"MG";313730;"Lagoa dos Patos";"X";0;0;;;"NÃO ALCANÇOU"
"MG";313740;"Lagoa Dourada";"X";0;0;;;"NÃO ALCANÇOU"
"MG";313750;"Lagoa Formosa";;1;1;100;100;"ALCANÇOU"
"MG";313753;"Lagoa Grande";;1;1;100;100;"ALCANÇOU"
"MG";313760;"Lagoa Santa";;3;3;100;100;"ALCANÇOU"
"MG";313770;"Lajinha";"X";0;0;;;"NÃO ALCANÇOU"
"MG";313780;"Lambari";"X";0;0;;;"NÃO ALCANÇOU"
"MG";313790;"Lamim";;3;3;100;100;"ALCANÇOU"
"MG";313800;"Laranjal";;1;1;100;100;"ALCANÇOU"
"MG";313810;"Lassance";"X";0;0;;;"NÃO ALCANÇOU"
"MG";313820;"Lavras";;2;2;100;100;"ALCANÇOU"
"MG";313830;"Leandro Ferreira";"X";0;0;;;"NÃO ALCANÇOU"
"MG";313835;"Leme do Prado";"X";0;0;;;"NÃO ALCANÇOU"
"MG";313840;"Leopoldina";;2;2;100;100;"ALCANÇOU"
"MG";313850;"Liberdade";;1;1;100;100;"ALCANÇOU"
"MG";313860;"Lima Duarte";;1;1;100;100;"ALCANÇOU"
"MG";313862;"Limeira do Oeste";;5;6;83,3333333333333;83,3;"ALCANÇOU"
"MG";313865;"Lontra";"X";0;0;;;"NÃO ALCANÇOU"
"MG";313867;"Luisburgo";"X";0;0;;;"NÃO ALCANÇOU"
"MG";313868;"Luislândia";"X";0;0;;;"NÃO ALCANÇOU"
"MG";313870;"Luminárias";"X";0;0;;;"NÃO ALCANÇOU"
"MG";313880;"Luz";;1;1;100;100;"ALCANÇOU"
"MG";313890;"Machacalis";"X";0;0;;;"NÃO ALCANÇOU"
"MG";313900;"Machado";"X";0;0;;;"NÃO ALCANÇOU"
"MG";313910;"Madre de Deus de Minas";"X";0;0;;;"NÃO ALCANÇOU"
"MG";313920;"Malacacheta";;1;1;100;100;"ALCANÇOU"
"MG";313925;"Mamonas";"X";0;0;;;"NÃO ALCANÇOU"
"MG";313930;"Manga";"X";0;0;;;"NÃO ALCANÇOU"
"MG";313940;"Manhuaçu";"X";0;0;;;"NÃO ALCANÇOU"
"MG";313950;"Manhumirim";"X";0;0;;;"NÃO ALCANÇOU"
"MG";313960;"Mantena";;0;1;0;0;"NÃO ALCANÇOU"
"MG";313970;"Maravilhas";"X";0;0;;;"NÃO ALCANÇOU"
"MG";313980;"Mar de Espanha";"X";0;0;;;"NÃO ALCANÇOU"
"MG";313990;"Maria da Fé";;12;13;92,3076923076923;92,3;"ALCANÇOU"
"MG";314000;"Mariana";;1;2;50;50;"NÃO ALCANÇOU"
"MG";314010;"Marilac";"X";0;0;;;"NÃO ALCANÇOU"
"MG";314015;"Mário Campos";;2;3;66,6666666666667;66,7;"NÃO ALCANÇOU"
"MG";314020;"Maripá de Minas";"X";0;0;;;"NÃO ALCANÇOU"
"MG";314030;"Marliéria";"X";0;0;;;"NÃO ALCANÇOU"
"MG";314040;"Marmelópolis";"X";0;0;;;"NÃO ALCANÇOU"
"MG";314050;"Martinho Campos";"X";0;0;;;"NÃO ALCANÇOU"
"MG";314053;"Martins Soares";"X";0;0;;;"NÃO ALCANÇOU"
"MG";314055;"Mata Verde";"X";0;0;;;"NÃO ALCANÇOU"
"MG";314060;"Materlândia";"X";0;0;;;"NÃO ALCANÇOU"
"MG";314070;"Mateus Leme";;2;2;100;100;"ALCANÇOU"
"MG";314080;"Matias Barbosa";;1;3;33,3333333333333;33,3;"NÃO ALCANÇOU"
"MG";314085;"Matias Cardoso";"X";0;0;;;"NÃO ALCANÇOU"
"MG";314090;"Matipó";;1;2;50;50;"NÃO ALCANÇOU"
"MG";314100;"Mato Verde";"X";0;0;;;"NÃO ALCANÇOU"
"MG";314110;"Matozinhos";"X";0;0;;;"NÃO ALCANÇOU"
"MG";314120;"Matutina";"X";0;0;;;"NÃO ALCANÇOU"
"MG";314130;"Medeiros";"X";0;0;;;"NÃO ALCANÇOU"
"MG";314140;"Medina";"X";0;0;;;"NÃO ALCANÇOU"
"MG";314150;"Mendes Pimentel";"X";0;0;;;"NÃO ALCANÇOU"
"MG";314160;"Mercês";;1;1;100;100;"ALCANÇOU"
"MG";314170;"Mesquita";;0;1;0;0;"NÃO ALCANÇOU"
"MG";314180;"Minas Novas";;1;7;14,2857142857143;14,3;"NÃO ALCANÇOU"
"MG";314190;"Minduri";"X";0;0;;;"NÃO ALCANÇOU"
"MG";314200;"Mirabela";"X";0;0;;;"NÃO ALCANÇOU"
"MG";314210;"Miradouro";"X";0;0;;;"NÃO ALCANÇOU"
"MG";314220;"Miraí";;1;2;50;50;"NÃO ALCANÇOU"
"MG";314225;"Miravânia";"X";0;0;;;"NÃO ALCANÇOU"
"MG";314230;"Moeda";"X";0;0;;;"NÃO ALCANÇOU"
"MG";314240;"Moema";"X";0;0;;;"NÃO ALCANÇOU"
"MG";314250;"Monjolos";"X";0;0;;;"NÃO ALCANÇOU"
"MG";314260;"Monsenhor Paulo";"X";0;0;;;"NÃO ALCANÇOU"
"MG";314270;"Montalvânia";;0;1;0;0;"NÃO ALCANÇOU"
"MG";314280;"Monte Alegre de Minas";;7;7;100;100;"ALCANÇOU"
"MG";314290;"Monte Azul";"X";0;0;;;"NÃO ALCANÇOU"
"MG";314300;"Monte Belo";;2;4;50;50;"NÃO ALCANÇOU"
"MG";314310;"Monte Carmelo";;2;2;100;100;"ALCANÇOU"
"MG";314315;"Monte Formoso";"X";0;0;;;"NÃO ALCANÇOU"
"MG";314320;"Monte Santo de Minas";;2;3;66,6666666666667;66,7;"NÃO ALCANÇOU"
"MG";314330;"Montes Claros";;21;22;95,4545454545455;95,5;"ALCANÇOU"
"MG";314340;"Monte Sião";;1;1;100;100;"ALCANÇOU"
"MG";314345;"Montezuma";"X";0;0;;;"NÃO ALCANÇOU"
"MG";314350;"Morada Nova de Minas";"X";0;0;;;"NÃO ALCANÇOU"
"MG";314360;"Morro da Garça";"X";0;0;;;"NÃO ALCANÇOU"
"MG";314370;"Morro do Pilar";"X";0;0;;;"NÃO ALCANÇOU"
"MG";314380;"Munhoz";;1;1;100;100;"ALCANÇOU"
"MG";314390;"Muriaé";;13;13;100;100;"ALCANÇOU"
"MG";314400;"Mutum";"X";0;0;;;"NÃO ALCANÇOU"
"MG";314410;"Muzambinho";"X";0;0;;;"NÃO ALCANÇOU"
"MG";314420;"Nacip Raydan";"X";0;0;;;"NÃO ALCANÇOU"
"MG";314430;"Nanuque";"X";0;0;;;"NÃO ALCANÇOU"
"MG";314435;"Naque";"X";0;0;;;"NÃO ALCANÇOU"
"MG";314437;"Natalândia";"X";0;0;;;"NÃO ALCANÇOU"
"MG";314440;"Natércia";"X";0;0;;;"NÃO ALCANÇOU"
"MG";314450;"Nazareno";"X";0;0;;;"NÃO ALCANÇOU"
"MG";314460;"Nepomuceno";"X";0;0;;;"NÃO ALCANÇOU"
"MG";314465;"Ninheira";;0;2;0;0;"NÃO ALCANÇOU"
"MG";314467;"Nova Belém";"X";0;0;;;"NÃO ALCANÇOU"
"MG";314470;"Nova Era";"X";0;0;;;"NÃO ALCANÇOU"
"MG";314480;"Nova Lima";;44;49;89,7959183673469;89,8;"ALCANÇOU"
"MG";314490;"Nova Módica";"X";0;0;;;"NÃO ALCANÇOU"
"MG";314500;"Nova Ponte";"X";0;0;;;"NÃO ALCANÇOU"
"MG";314505;"Nova Porteirinha";"X";0;0;;;"NÃO ALCANÇOU"
"MG";314510;"Nova Resende";"X";0;0;;;"NÃO ALCANÇOU"
"MG";314520;"Nova Serrana";;2;3;66,6666666666667;66,7;"NÃO ALCANÇOU"
"MG";314530;"Novo Cruzeiro";;0;1;0;0;"NÃO ALCANÇOU"
"MG";314535;"Novo Oriente de Minas";"X";0;0;;;"NÃO ALCANÇOU"
"MG";314537;"Novorizonte";;1;1;100;100;"ALCANÇOU"
"MG";314540;"Olaria";"X";0;0;;;"NÃO ALCANÇOU"
"MG";314545;"Olhos-d'Água";"X";0;0;;;"NÃO ALCANÇOU"
"MG";314550;"Olímpio Noronha";"X";0;0;;;"NÃO ALCANÇOU"
"MG";314560;"Oliveira";"X";0;0;;;"NÃO ALCANÇOU"
"MG";314570;"Oliveira Fortes";"X";0;0;;;"NÃO ALCANÇOU"
"MG";314580;"Onça de Pitangui";"X";0;0;;;"NÃO ALCANÇOU"
"MG";314585;"Oratórios";"X";0;0;;;"NÃO ALCANÇOU"
"MG";314587;"Orizânia";"X";0;0;;;"NÃO ALCANÇOU"
"MG";314590;"Ouro Branco";;3;3;100;100;"ALCANÇOU"
"MG";314600;"Ouro Fino";;0;6;0;0;"NÃO ALCANÇOU"
"MG";314610;"Ouro Preto";;1;1;100;100;"ALCANÇOU"
"MG";314620;"Ouro Verde de Minas";"X";0;0;;;"NÃO ALCANÇOU"
"MG";314625;"Padre Carvalho";"X";0;0;;;"NÃO ALCANÇOU"
"MG";314630;"Padre Paraíso";;0;1;0;0;"NÃO ALCANÇOU"
"MG";314640;"Paineiras";"X";0;0;;;"NÃO ALCANÇOU"
"MG";314650;"Pains";"X";0;0;;;"NÃO ALCANÇOU"
"MG";314655;"Pai Pedro";"X";0;0;;;"NÃO ALCANÇOU"
"MG";314660;"Paiva";"X";0;0;;;"NÃO ALCANÇOU"
"MG";314670;"Palma";;1;1;100;100;"ALCANÇOU"
"MG";314675;"Palmópolis";"X";0;0;;;"NÃO ALCANÇOU"
"MG";314690;"Papagaios";;0;1;0;0;"NÃO ALCANÇOU"
"MG";314700;"Paracatu";;3;5;60;60;"NÃO ALCANÇOU"
"MG";314710;"Pará de Minas";;3;4;75;75;"NÃO ALCANÇOU"
"MG";314720;"Paraguaçu";"X";0;0;;;"NÃO ALCANÇOU"
"MG";314730;"Paraisópolis";;0;1;0;0;"NÃO ALCANÇOU"
"MG";314740;"Paraopeba";;2;3;66,6666666666667;66,7;"NÃO ALCANÇOU"
"MG";314750;"Passabém";"X";0;0;;;"NÃO ALCANÇOU"
"MG";314760;"Passa Quatro";"X";0;0;;;"NÃO ALCANÇOU"
"MG";314770;"Passa Tempo";"X";0;0;;;"NÃO ALCANÇOU"
"MG";314780;"Passa-Vinte";;3;3;100;100;"ALCANÇOU"
"MG";314790;"Passos";;6;7;85,7142857142857;85,7;"ALCANÇOU"
"MG";314795;"Patis";"X";0;0;;;"NÃO ALCANÇOU"
"MG";314800;"Patos de Minas";;12;12;100;100;"ALCANÇOU"
"MG";314810;"Patrocínio";;0;1;0;0;"NÃO ALCANÇOU"
"MG";314820;"Patrocínio do Muriaé";"X";0;0;;;"NÃO ALCANÇOU"
"MG";314830;"Paula Cândido";;1;1;100;100;"ALCANÇOU"
"MG";314840;"Paulistas";"X";0;0;;;"NÃO ALCANÇOU"
"MG";314850;"Pavão";"X";0;0;;;"NÃO ALCANÇOU"
"MG";314860;"Peçanha";;10;13;76,9230769230769;76,9;"NÃO ALCANÇOU"
"MG";314870;"Pedra Azul";"X";0;0;;;"NÃO ALCANÇOU"
"MG";314875;"Pedra Bonita";"X";0;0;;;"NÃO ALCANÇOU"
"MG";314880;"Pedra do Anta";"X";0;0;;;"NÃO ALCANÇOU"
"MG";314890;"Pedra do Indaiá";"X";0;0;;;"NÃO ALCANÇOU"
"MG";314900;"Pedra Dourada";"X";0;0;;;"NÃO ALCANÇOU"
"MG";314910;"Pedralva";;5;7;71,4285714285714;71,4;"NÃO ALCANÇOU"
"MG";314915;"Pedras de Maria da Cruz";"X";0;0;;;"NÃO ALCANÇOU"
"MG";314920;"Pedrinópolis";;1;1;100;100;"ALCANÇOU"
"MG";314930;"Pedro Leopoldo";;3;3;100;100;"ALCANÇOU"
"MG";314940;"Pedro Teixeira";"X";0;0;;;"NÃO ALCANÇOU"
"MG";314950;"Pequeri";;1;1;100;100;"ALCANÇOU"
"MG";314960;"Pequi";"X";0;0;;;"NÃO ALCANÇOU"
"MG";314970;"Perdigão";;0;1;0;0;"NÃO ALCANÇOU"
"MG";314980;"Perdizes";;0;2;0;0;"NÃO ALCANÇOU"
"MG";314990;"Perdões";;1;1;100;100;"ALCANÇOU"
"MG";314995;"Periquito";"X";0;0;;;"NÃO ALCANÇOU"
"MG";315000;"Pescador";"X";0;0;;;"NÃO ALCANÇOU"
"MG";315010;"Piau";"X";0;0;;;"NÃO ALCANÇOU"
"MG";315015;"Piedade de Caratinga";;1;1;100;100;"ALCANÇOU"
"MG";315020;"Piedade de Ponte Nova";"X";0;0;;;"NÃO ALCANÇOU"
"MG";315030;"Piedade do Rio Grande";"X";0;0;;;"NÃO ALCANÇOU"
"MG";315040;"Piedade dos Gerais";;1;1;100;100;"ALCANÇOU"
"MG";315050;"Pimenta";"X";0;0;;;"NÃO ALCANÇOU"
"MG";315053;"Pingo-d'Água";"X";0;0;;;"NÃO ALCANÇOU"
"MG";315057;"Pintópolis";;1;1;100;100;"ALCANÇOU"
"MG";315060;"Piracema";"X";0;0;;;"NÃO ALCANÇOU"
"MG";315070;"Pirajuba";;1;1;100;100;"ALCANÇOU"
"MG";315080;"Piranga";;1;1;100;100;"ALCANÇOU"
"MG";315090;"Piranguçu";;1;2;50;50;"NÃO ALCANÇOU"
"MG";315100;"Piranguinho";;1;2;50;50;"NÃO ALCANÇOU"
"MG";315110;"Pirapetinga";"X";0;0;;;"NÃO ALCANÇOU"
"MG";315120;"Pirapora";"X";0;0;;;"NÃO ALCANÇOU"
"MG";315130;"Piraúba";"X";0;0;;;"NÃO ALCANÇOU"
"MG";315140;"Pitangui";"X";0;0;;;"NÃO ALCANÇOU"
"MG";315150;"Piumhi";;1;1;100;100;"ALCANÇOU"
"MG";315160;"Planura";"X";0;0;;;"NÃO ALCANÇOU"
"MG";315170;"Poço Fundo";;1;1;100;100;"ALCANÇOU"
"MG";315180;"Poços de Caldas";;6;7;85,7142857142857;85,7;"ALCANÇOU"
"MG";315190;"Pocrane";"X";0;0;;;"NÃO ALCANÇOU"
"MG";315200;"Pompéu";;1;2;50;50;"NÃO ALCANÇOU"
"MG";315210;"Ponte Nova";;4;4;100;100;"ALCANÇOU"
"MG";315213;"Ponto Chique";"X";0;0;;;"NÃO ALCANÇOU"
"MG";315217;"Ponto dos Volantes";"X";0;0;;;"NÃO ALCANÇOU"
"MG";315220;"Porteirinha";;0;1;0;0;"NÃO ALCANÇOU"
"MG";315230;"Porto Firme";"X";0;0;;;"NÃO ALCANÇOU"
"MG";315240;"Poté";"X";0;0;;;"NÃO ALCANÇOU"
"MG";315250;"Pouso Alegre";;204;224;91,0714285714286;91,1;"ALCANÇOU"
"MG";315260;"Pouso Alto";;0;1;0;0;"NÃO ALCANÇOU"
"MG";315270;"Prados";"X";0;0;;;"NÃO ALCANÇOU"
"MG";315280;"Prata";;1;1;100;100;"ALCANÇOU"
"MG";315290;"Pratápolis";;0;1;0;0;"NÃO ALCANÇOU"
"MG";315300;"Pratinha";"X";0;0;;;"NÃO ALCANÇOU"
"MG";315310;"Presidente Bernardes";"X";0;0;;;"NÃO ALCANÇOU"
"MG";315320;"Presidente Juscelino";"X";0;0;;;"NÃO ALCANÇOU"
"MG";315330;"Presidente Kubitschek";"X";0;0;;;"NÃO ALCANÇOU"
"MG";315340;"Presidente Olegário";"X";0;0;;;"NÃO ALCANÇOU"
"MG";315350;"Alto Jequitibá";"X";0;0;;;"NÃO ALCANÇOU"
"MG";315360;"Prudente de Morais";;0;1;0;0;"NÃO ALCANÇOU"
"MG";315370;"Quartel Geral";"X";0;0;;;"NÃO ALCANÇOU"
"MG";315380;"Queluzito";"X";0;0;;;"NÃO ALCANÇOU"
"MG";315390;"Raposos";;0;1;0;0;"NÃO ALCANÇOU"
"MG";315400;"Raul Soares";"X";0;0;;;"NÃO ALCANÇOU"
"MG";315410;"Recreio";;0;1;0;0;"NÃO ALCANÇOU"
"MG";315415;"Reduto";"X";0;0;;;"NÃO ALCANÇOU"
"MG";315420;"Resende Costa";"X";0;0;;;"NÃO ALCANÇOU"
"MG";315430;"Resplendor";"X";0;0;;;"NÃO ALCANÇOU"
"MG";315440;"Ressaquinha";"X";0;0;;;"NÃO ALCANÇOU"
"MG";315445;"Riachinho";"X";0;0;;;"NÃO ALCANÇOU"
"MG";315450;"Riacho dos Machados";"X";0;0;;;"NÃO ALCANÇOU"
"MG";315460;"Ribeirão das Neves";;7;7;100;100;"ALCANÇOU"
"MG";315470;"Ribeirão Vermelho";;0;1;0;0;"NÃO ALCANÇOU"
"MG";315480;"Rio Acima";"X";0;0;;;"NÃO ALCANÇOU"
"MG";315490;"Rio Casca";;1;2;50;50;"NÃO ALCANÇOU"
"MG";315500;"Rio Doce";"X";0;0;;;"NÃO ALCANÇOU"
"MG";315510;"Rio do Prado";"X";0;0;;;"NÃO ALCANÇOU"
"MG";315520;"Rio Espera";"X";0;0;;;"NÃO ALCANÇOU"
"MG";315530;"Rio Manso";;1;1;100;100;"ALCANÇOU"
"MG";315540;"Rio Novo";;1;4;25;25;"NÃO ALCANÇOU"
"MG";315550;"Rio Paranaíba";"X";0;0;;;"NÃO ALCANÇOU"
"MG";315560;"Rio Pardo de Minas";;0;1;0;0;"NÃO ALCANÇOU"
"MG";315570;"Rio Piracicaba";"X";0;0;;;"NÃO ALCANÇOU"
"MG";315580;"Rio Pomba";;0;1;0;0;"NÃO ALCANÇOU"
"MG";315590;"Rio Preto";"X";0;0;;;"NÃO ALCANÇOU"
"MG";315600;"Rio Vermelho";"X";0;0;;;"NÃO ALCANÇOU"
"MG";315610;"Ritápolis";"X";0;0;;;"NÃO ALCANÇOU"
"MG";315620;"Rochedo de Minas";"X";0;0;;;"NÃO ALCANÇOU"
"MG";315630;"Rodeiro";"X";0;0;;;"NÃO ALCANÇOU"
"MG";315640;"Romaria";"X";0;0;;;"NÃO ALCANÇOU"
"MG";315645;"Rosário da Limeira";"X";0;0;;;"NÃO ALCANÇOU"
"MG";315650;"Rubelita";;7;7;100;100;"ALCANÇOU"
"MG";315660;"Rubim";;2;2;100;100;"ALCANÇOU"
"MG";315670;"Sabará";;5;7;71,4285714285714;71,4;"NÃO ALCANÇOU"
"MG";315680;"Sabinópolis";;0;1;0;0;"NÃO ALCANÇOU"
"MG";315690;"Sacramento";;1;1;100;100;"ALCANÇOU"
"MG";315700;"Salinas";"X";0;0;;;"NÃO ALCANÇOU"
"MG";315710;"Salto da Divisa";"X";0;0;;;"NÃO ALCANÇOU"
"MG";315720;"Santa Bárbara";;8;8;100;100;"ALCANÇOU"
"MG";315725;"Santa Bárbara do Leste";"X";0;0;;;"NÃO ALCANÇOU"
"MG";315727;"Santa Bárbara do Monte Verde";"X";0;0;;;"NÃO ALCANÇOU"
"MG";315730;"Santa Bárbara do Tugúrio";"X";0;0;;;"NÃO ALCANÇOU"
"MG";315733;"Santa Cruz de Minas";"X";0;0;;;"NÃO ALCANÇOU"
"MG";315737;"Santa Cruz de Salinas";"X";0;0;;;"NÃO ALCANÇOU"
"MG";315740;"Santa Cruz do Escalvado";"X";0;0;;;"NÃO ALCANÇOU"
"MG";315750;"Santa Efigênia de Minas";"X";0;0;;;"NÃO ALCANÇOU"
"MG";315760;"Santa Fé de Minas";"X";0;0;;;"NÃO ALCANÇOU"
"MG";315765;"Santa Helena de Minas";"X";0;0;;;"NÃO ALCANÇOU"
"MG";315770;"Santa Juliana";;0;2;0;0;"NÃO ALCANÇOU"
"MG";315780;"Santa Luzia";;3;5;60;60;"NÃO ALCANÇOU"
"MG";315790;"Santa Margarida";;0;1;0;0;"NÃO ALCANÇOU"
"MG";315800;"Santa Maria de Itabira";;1;2;50;50;"NÃO ALCANÇOU"
"MG";315810;"Santa Maria do Salto";;1;1;100;100;"ALCANÇOU"
"MG";315820;"Santa Maria do Suaçuí";"X";0;0;;;"NÃO ALCANÇOU"
"MG";315830;"Santana da Vargem";;1;1;100;100;"ALCANÇOU"
"MG";315840;"Santana de Cataguases";"X";0;0;;;"NÃO ALCANÇOU"
"MG";315850;"Santana de Pirapama";"X";0;0;;;"NÃO ALCANÇOU"
"MG";315860;"Santana do Deserto";;1;1;100;100;"ALCANÇOU"
"MG";315870;"Santana do Garambéu";"X";0;0;;;"NÃO ALCANÇOU"
"MG";315880;"Santana do Jacaré";"X";0;0;;;"NÃO ALCANÇOU"
"MG";315890;"Santana do Manhuaçu";"X";0;0;;;"NÃO ALCANÇOU"
"MG";315895;"Santana do Paraíso";;0;1;0;0;"NÃO ALCANÇOU"
"MG";315900;"Santana do Riacho";"X";0;0;;;"NÃO ALCANÇOU"
"MG";315910;"Santana dos Montes";"X";0;0;;;"NÃO ALCANÇOU"
"MG";315920;"Santa Rita de Caldas";"X";0;0;;;"NÃO ALCANÇOU"
"MG";315930;"Santa Rita de Jacutinga";"X";0;0;;;"NÃO ALCANÇOU"
"MG";315935;"Santa Rita de Minas";"X";0;0;;;"NÃO ALCANÇOU"
"MG";315940;"Santa Rita de Ibitipoca";"X";0;0;;;"NÃO ALCANÇOU"
"MG";315950;"Santa Rita do Itueto";"X";0;0;;;"NÃO ALCANÇOU"
"MG";315960;"Santa Rita do Sapucaí";;36;36;100;100;"ALCANÇOU"
"MG";315970;"Santa Rosa da Serra";"X";0;0;;;"NÃO ALCANÇOU"
"MG";315980;"Santa Vitória";"X";0;0;;;"NÃO ALCANÇOU"
"MG";315990;"Santo Antônio do Amparo";;1;2;50;50;"NÃO ALCANÇOU"
"MG";316000;"Santo Antônio do Aventureiro";;0;1;0;0;"NÃO ALCANÇOU"
"MG";316010;"Santo Antônio do Grama";;0;1;0;0;"NÃO ALCANÇOU"
"MG";316020;"Santo Antônio do Itambé";"X";0;0;;;"NÃO ALCANÇOU"
"MG";316030;"Santo Antônio do Jacinto";"X";0;0;;;"NÃO ALCANÇOU"
"MG";316040;"Santo Antônio do Monte";"X";0;0;;;"NÃO ALCANÇOU"
"MG";316045;"Santo Antônio do Retiro";"X";0;0;;;"NÃO ALCANÇOU"
"MG";316050;"Santo Antônio do Rio Abaixo";"X";0;0;;;"NÃO ALCANÇOU"
"MG";316060;"Santo Hipólito";"X";0;0;;;"NÃO ALCANÇOU"
"MG";316070;"Santos Dumont";"X";0;0;;;"NÃO ALCANÇOU"
"MG";316080;"São Bento Abade";"X";0;0;;;"NÃO ALCANÇOU"
"MG";316090;"São Brás do Suaçuí";"X";0;0;;;"NÃO ALCANÇOU"
"MG";316095;"São Domingos das Dores";"X";0;0;;;"NÃO ALCANÇOU"
"MG";316100;"São Domingos do Prata";"X";0;0;;;"NÃO ALCANÇOU"
"MG";316105;"São Félix de Minas";"X";0;0;;;"NÃO ALCANÇOU"
"MG";316110;"São Francisco";"X";0;0;;;"NÃO ALCANÇOU"
"MG";316120;"São Francisco de Paula";"X";0;0;;;"NÃO ALCANÇOU"
"MG";316130;"São Francisco de Sales";;1;2;50;50;"NÃO ALCANÇOU"
"MG";316140;"São Francisco do Glória";"X";0;0;;;"NÃO ALCANÇOU"
"MG";316150;"São Geraldo";"X";0;0;;;"NÃO ALCANÇOU"
"MG";316160;"São Geraldo da Piedade";"X";0;0;;;"NÃO ALCANÇOU"
"MG";316165;"São Geraldo do Baixio";"X";0;0;;;"NÃO ALCANÇOU"
"MG";316170;"São Gonçalo do Abaeté";"X";0;0;;;"NÃO ALCANÇOU"
"MG";316180;"São Gonçalo do Pará";"X";0;0;;;"NÃO ALCANÇOU"
"MG";316190;"São Gonçalo do Rio Abaixo";;1;1;100;100;"ALCANÇOU"
"MG";316200;"São Gonçalo do Sapucaí";;2;2;100;100;"ALCANÇOU"
"MG";316210;"São Gotardo";"X";0;0;;;"NÃO ALCANÇOU"
"MG";316220;"São João Batista do Glória";"X";0;0;;;"NÃO ALCANÇOU"
"MG";316225;"São João da Lagoa";"X";0;0;;;"NÃO ALCANÇOU"
"MG";316230;"São João da Mata";"X";0;0;;;"NÃO ALCANÇOU"
"MG";316240;"São João da Ponte";"X";0;0;;;"NÃO ALCANÇOU"
"MG";316245;"São João das Missões";"X";0;0;;;"NÃO ALCANÇOU"
"MG";316250;"São João del Rei";;3;3;100;100;"ALCANÇOU"
"MG";316255;"São João do Manhuaçu";"X";0;0;;;"NÃO ALCANÇOU"
"MG";316257;"São João do Manteninha";;0;1;0;0;"NÃO ALCANÇOU"
"MG";316260;"São João do Oriente";"X";0;0;;;"NÃO ALCANÇOU"
"MG";316265;"São João do Pacuí";"X";0;0;;;"NÃO ALCANÇOU"
"MG";316270;"São João do Paraíso";;1;1;100;100;"ALCANÇOU"
"MG";316280;"São João Evangelista";"X";0;0;;;"NÃO ALCANÇOU"
"MG";316290;"São João Nepomuceno";"X";0;0;;;"NÃO ALCANÇOU"
"MG";316292;"São Joaquim de Bicas";;0;2;0;0;"NÃO ALCANÇOU"
"MG";316294;"São José da Barra";;11;11;100;100;"ALCANÇOU"
"MG";316295;"São José da Lapa";;0;1;0;0;"NÃO ALCANÇOU"
"MG";316300;"São José da Safira";;0;1;0;0;"NÃO ALCANÇOU"
"MG";316310;"São José da Varginha";"X";0;0;;;"NÃO ALCANÇOU"
"MG";316320;"São José do Alegre";;1;1;100;100;"ALCANÇOU"
"MG";316330;"São José do Divino";;5;5;100;100;"ALCANÇOU"
"MG";316340;"São José do Goiabal";"X";0;0;;;"NÃO ALCANÇOU"
"MG";316350;"São José do Jacuri";"X";0;0;;;"NÃO ALCANÇOU"
"MG";316360;"São José do Mantimento";"X";0;0;;;"NÃO ALCANÇOU"
"MG";316370;"São Lourenço";;5;5;100;100;"ALCANÇOU"
"MG";316380;"São Miguel do Anta";"X";0;0;;;"NÃO ALCANÇOU"
"MG";316390;"São Pedro da União";;1;1;100;100;"ALCANÇOU"
"MG";316400;"São Pedro dos Ferros";"X";0;0;;;"NÃO ALCANÇOU"
"MG";316410;"São Pedro do Suaçuí";"X";0;0;;;"NÃO ALCANÇOU"
"MG";316420;"São Romão";"X";0;0;;;"NÃO ALCANÇOU"
"MG";316430;"São Roque de Minas";"X";0;0;;;"NÃO ALCANÇOU"
"MG";316440;"São Sebastião da Bela Vista";;1;2;50;50;"NÃO ALCANÇOU"
"MG";316443;"São Sebastião da Vargem Alegre";"X";0;0;;;"NÃO ALCANÇOU"
"MG";316447;"São Sebastião do Anta";"X";0;0;;;"NÃO ALCANÇOU"
"MG";316450;"São Sebastião do Maranhão";"X";0;0;;;"NÃO ALCANÇOU"
"MG";316460;"São Sebastião do Oeste";"X";0;0;;;"NÃO ALCANÇOU"
"MG";316470;"São Sebastião do Paraíso";;5;5;100;100;"ALCANÇOU"
"MG";316480;"São Sebastião do Rio Preto";"X";0;0;;;"NÃO ALCANÇOU"
"MG";316490;"São Sebastião do Rio Verde";"X";0;0;;;"NÃO ALCANÇOU"
"MG";316500;"São Tiago";"X";0;0;;;"NÃO ALCANÇOU"
"MG";316510;"São Tomás de Aquino";;7;8;87,5;87,5;"ALCANÇOU"
"MG";316520;"São Thomé das Letras";"X";0;0;;;"NÃO ALCANÇOU"
"MG";316530;"São Vicente de Minas";;0;3;0;0;"NÃO ALCANÇOU"
"MG";316540;"Sapucaí-Mirim";;1;1;100;100;"ALCANÇOU"
"MG";316550;"Sardoá";;0;2;0;0;"NÃO ALCANÇOU"
"MG";316553;"Sarzedo";"X";0;0;;;"NÃO ALCANÇOU"
"MG";316555;"Setubinha";"X";0;0;;;"NÃO ALCANÇOU"
"MG";316556;"Sem-Peixe";"X";0;0;;;"NÃO ALCANÇOU"
"MG";316557;"Senador Amaral";;1;1;100;100;"ALCANÇOU"
"MG";316560;"Senador Cortes";"X";0;0;;;"NÃO ALCANÇOU"
"MG";316570;"Senador Firmino";"X";0;0;;;"NÃO ALCANÇOU"
"MG";316580;"Senador José Bento";;4;5;80;80;"ALCANÇOU"
"MG";316590;"Senador Modestino Gonçalves";"X";0;0;;;"NÃO ALCANÇOU"
"MG";316600;"Senhora de Oliveira";;0;16;0;0;"NÃO ALCANÇOU"
"MG";316610;"Senhora do Porto";"X";0;0;;;"NÃO ALCANÇOU"
"MG";316620;"Senhora dos Remédios";"X";0;0;;;"NÃO ALCANÇOU"
"MG";316630;"Sericita";"X";0;0;;;"NÃO ALCANÇOU"
"MG";316640;"Seritinga";"X";0;0;;;"NÃO ALCANÇOU"
"MG";316650;"Serra Azul de Minas";;1;1;100;100;"ALCANÇOU"
"MG";316660;"Serra da Saudade";"X";0;0;;;"NÃO ALCANÇOU"
"MG";316670;"Serra dos Aimorés";"X";0;0;;;"NÃO ALCANÇOU"
"MG";316680;"Serra do Salitre";"X";0;0;;;"NÃO ALCANÇOU"
"MG";316690;"Serrania";;1;1;100;100;"ALCANÇOU"
"MG";316695;"Serranópolis de Minas";"X";0;0;;;"NÃO ALCANÇOU"
"MG";316700;"Serranos";"X";0;0;;;"NÃO ALCANÇOU"
"MG";316710;"Serro";"X";0;0;;;"NÃO ALCANÇOU"
"MG";316720;"Sete Lagoas";;7;7;100;100;"ALCANÇOU"
"MG";316730;"Silveirânia";"X";0;0;;;"NÃO ALCANÇOU"
"MG";316740;"Silvianópolis";;3;20;15;15;"NÃO ALCANÇOU"
"MG";316750;"Simão Pereira";"X";0;0;;;"NÃO ALCANÇOU"
"MG";316760;"Simonésia";"X";0;0;;;"NÃO ALCANÇOU"
"MG";316770;"Sobrália";"X";0;0;;;"NÃO ALCANÇOU"
"MG";316780;"Soledade de Minas";;1;1;100;100;"ALCANÇOU"
"MG";316790;"Tabuleiro";"X";0;0;;;"NÃO ALCANÇOU"
"MG";316800;"Taiobeiras";"X";0;0;;;"NÃO ALCANÇOU"
"MG";316805;"Taparuba";"X";0;0;;;"NÃO ALCANÇOU"
"MG";316810;"Tapira";"X";0;0;;;"NÃO ALCANÇOU"
"MG";316820;"Tapiraí";"X";0;0;;;"NÃO ALCANÇOU"
"MG";316830;"Taquaraçu de Minas";"X";0;0;;;"NÃO ALCANÇOU"
"MG";316840;"Tarumirim";;0;1;0;0;"NÃO ALCANÇOU"
"MG";316850;"Teixeiras";"X";0;0;;;"NÃO ALCANÇOU"
"MG";316860;"Teófilo Otoni";"X";0;0;;;"NÃO ALCANÇOU"
"MG";316870;"Timóteo";;4;5;80;80;"ALCANÇOU"
"MG";316880;"Tiradentes";"X";0;0;;;"NÃO ALCANÇOU"
"MG";316890;"Tiros";"X";0;0;;;"NÃO ALCANÇOU"
"MG";316900;"Tocantins";"X";0;0;;;"NÃO ALCANÇOU"
"MG";316905;"Tocos do Moji";;0;1;0;0;"NÃO ALCANÇOU"
"MG";316910;"Toledo";"X";0;0;;;"NÃO ALCANÇOU"
"MG";316920;"Tombos";"X";0;0;;;"NÃO ALCANÇOU"
"MG";316930;"Três Corações";;2;3;66,6666666666667;66,7;"NÃO ALCANÇOU"
"MG";316935;"Três Marias";;1;1;100;100;"ALCANÇOU"
"MG";316940;"Três Pontas";"X";0;0;;;"NÃO ALCANÇOU"
"MG";316950;"Tumiritinga";"X";0;0;;;"NÃO ALCANÇOU"
"MG";316960;"Tupaciguara";"X";0;0;;;"NÃO ALCANÇOU"
"MG";316970;"Turmalina";"X";0;0;;;"NÃO ALCANÇOU"
"MG";316980;"Turvolândia";"X";0;0;;;"NÃO ALCANÇOU"
"MG";316990;"Ubá";;4;5;80;80;"ALCANÇOU"
"MG";317000;"Ubaí";"X";0;0;;;"NÃO ALCANÇOU"
"MG";317005;"Ubaporanga";"X";0;0;;;"NÃO ALCANÇOU"
"MG";317010;"Uberaba";;17;19;89,4736842105263;89,5;"ALCANÇOU"
"MG";317020;"Uberlândia";;114;118;96,6101694915254;96,6;"ALCANÇOU"
"MG";317030;"Umburatiba";;0;2;0;0;"NÃO ALCANÇOU"
"MG";317040;"Unaí";;8;9;88,8888888888889;88,9;"ALCANÇOU"
"MG";317043;"União de Minas";;1;1;100;100;"ALCANÇOU"
"MG";317047;"Uruana de Minas";"X";0;0;;;"NÃO ALCANÇOU"
"MG";317050;"Urucânia";"X";0;0;;;"NÃO ALCANÇOU"
"MG";317052;"Urucuia";"X";0;0;;;"NÃO ALCANÇOU"
"MG";317057;"Vargem Alegre";"X";0;0;;;"NÃO ALCANÇOU"
"MG";317060;"Vargem Bonita";"X";0;0;;;"NÃO ALCANÇOU"
"MG";317065;"Vargem Grande do Rio Pardo";"X";0;0;;;"NÃO ALCANÇOU"
"MG";317070;"Varginha";;7;8;87,5;87,5;"ALCANÇOU"
"MG";317075;"Varjão de Minas";"X";0;0;;;"NÃO ALCANÇOU"
"MG";317080;"Várzea da Palma";"X";0;0;;;"NÃO ALCANÇOU"
"MG";317090;"Varzelândia";"X";0;0;;;"NÃO ALCANÇOU"
"MG";317100;"Vazante";;1;1;100;100;"ALCANÇOU"
"MG";317103;"Verdelândia";"X";0;0;;;"NÃO ALCANÇOU"
"MG";317107;"Veredinha";"X";0;0;;;"NÃO ALCANÇOU"
"MG";317110;"Veríssimo";"X";0;0;;;"NÃO ALCANÇOU"
"MG";317115;"Vermelho Novo";"X";0;0;;;"NÃO ALCANÇOU"
"MG";317120;"Vespasiano";;4;4;100;100;"ALCANÇOU"
"MG";317130;"Viçosa";;5;6;83,3333333333333;83,3;"ALCANÇOU"
"MG";317140;"Vieiras";;1;2;50;50;"NÃO ALCANÇOU"
"MG";317150;"Mathias Lobato";"X";0;0;;;"NÃO ALCANÇOU"
"MG";317160;"Virgem da Lapa";"X";0;0;;;"NÃO ALCANÇOU"
"MG";317170;"Virgínia";"X";0;0;;;"NÃO ALCANÇOU"
"MG";317180;"Virginópolis";"X";0;0;;;"NÃO ALCANÇOU"
"MG";317190;"Virgolândia";"X";0;0;;;"NÃO ALCANÇOU"
"MG";317200;"Visconde do Rio Branco";"X";0;0;;;"NÃO ALCANÇOU"
"MG";317210;"Volta Grande";"X";0;0;;;"NÃO ALCANÇOU"
"MG";317220;"Wenceslau Braz";;2;2;100;100;"ALCANÇOU"
"ES";320010;"Afonso Cláudio";;4;4;100;100;"ALCANÇOU"
"ES";320013;"Águia Branca";"X";0;0;;;"NÃO ALCANÇOU"
"ES";320016;"Água Doce do Norte";;0;1;0;0;"NÃO ALCANÇOU"
"ES";320020;"Alegre";;3;3;100;100;"ALCANÇOU"
"ES";320030;"Alfredo Chaves";;4;4;100;100;"ALCANÇOU"
"ES";320035;"Alto Rio Novo";;1;1;100;100;"ALCANÇOU"
"ES";320040;"Anchieta";;1;1;100;100;"ALCANÇOU"
"ES";320050;"Apiacá";"X";0;0;;;"NÃO ALCANÇOU"
"ES";320060;"Aracruz";;4;4;100;100;"ALCANÇOU"
"ES";320070;"Atilio Vivacqua";;1;1;100;100;"ALCANÇOU"
"ES";320080;"Baixo Guandu";;5;5;100;100;"ALCANÇOU"
"ES";320090;"Barra de São Francisco";;1;1;100;100;"ALCANÇOU"
"ES";320100;"Boa Esperança";"X";0;0;;;"NÃO ALCANÇOU"
"ES";320110;"Bom Jesus do Norte";;1;1;100;100;"ALCANÇOU"
"ES";320115;"Brejetuba";;0;1;0;0;"NÃO ALCANÇOU"
"ES";320120;"Cachoeiro de Itapemirim";;4;4;100;100;"ALCANÇOU"
"ES";320130;"Cariacica";;13;15;86,6666666666667;86,7;"ALCANÇOU"
"ES";320140;"Castelo";;5;5;100;100;"ALCANÇOU"
"ES";320150;"Colatina";;1;1;100;100;"ALCANÇOU"
"ES";320160;"Conceição da Barra";;1;1;100;100;"ALCANÇOU"
"ES";320170;"Conceição do Castelo";"X";0;0;;;"NÃO ALCANÇOU"
"ES";320180;"Divino de São Lourenço";"X";0;0;;;"NÃO ALCANÇOU"
"ES";320190;"Domingos Martins";;16;16;100;100;"ALCANÇOU"
"ES";320200;"Dores do Rio Preto";;2;2;100;100;"ALCANÇOU"
"ES";320210;"Ecoporanga";"X";0;0;;;"NÃO ALCANÇOU"
"ES";320220;"Fundão";;2;2;100;100;"ALCANÇOU"
"ES";320225;"Governador Lindenberg";;4;4;100;100;"ALCANÇOU"
"ES";320230;"Guaçuí";;1;1;100;100;"ALCANÇOU"
"ES";320240;"Guarapari";;5;6;83,3333333333333;83,3;"ALCANÇOU"
"ES";320245;"Ibatiba";;2;2;100;100;"ALCANÇOU"
"ES";320250;"Ibiraçu";"X";0;0;;;"NÃO ALCANÇOU"
"ES";320255;"Ibitirama";;2;2;100;100;"ALCANÇOU"
"ES";320260;"Iconha";;4;4;100;100;"ALCANÇOU"
"ES";320265;"Irupi";;1;1;100;100;"ALCANÇOU"
"ES";320270;"Itaguaçu";"X";0;0;;;"NÃO ALCANÇOU"
"ES";320280;"Itapemirim";;2;2;100;100;"ALCANÇOU"
"ES";320290;"Itarana";;2;2;100;100;"ALCANÇOU"
"ES";320300;"Iúna";"X";0;0;;;"NÃO ALCANÇOU"
"ES";320305;"Jaguaré";"X";0;0;;;"NÃO ALCANÇOU"
"ES";320310;"Jerônimo Monteiro";;1;1;100;100;"ALCANÇOU"
"ES";320313;"João Neiva";;1;1;100;100;"ALCANÇOU"
"ES";320316;"Laranja da Terra";"X";0;0;;;"NÃO ALCANÇOU"
"ES";320320;"Linhares";;3;3;100;100;"ALCANÇOU"
"ES";320330;"Mantenópolis";"X";0;0;;;"NÃO ALCANÇOU"
"ES";320332;"Marataízes";;1;1;100;100;"ALCANÇOU"
"ES";320334;"Marechal Floriano";;6;6;100;100;"ALCANÇOU"
"ES";320335;"Marilândia";;1;1;100;100;"ALCANÇOU"
"ES";320340;"Mimoso do Sul";"X";0;0;;;"NÃO ALCANÇOU"
"ES";320350;"Montanha";"X";0;0;;;"NÃO ALCANÇOU"
"ES";320360;"Mucurici";;2;2;100;100;"ALCANÇOU"
"ES";320370;"Muniz Freire";;2;2;100;100;"ALCANÇOU"
"ES";320380;"Muqui";"X";0;0;;;"NÃO ALCANÇOU"
"ES";320390;"Nova Venécia";;4;5;80;80;"ALCANÇOU"
"ES";320400;"Pancas";;9;9;100;100;"ALCANÇOU"
"ES";320405;"Pedro Canário";;6;6;100;100;"ALCANÇOU"
"ES";320410;"Pinheiros";;1;1;100;100;"ALCANÇOU"
"ES";320420;"Piúma";"X";0;0;;;"NÃO ALCANÇOU"
"ES";320425;"Ponto Belo";"X";0;0;;;"NÃO ALCANÇOU"
"ES";320430;"Presidente Kennedy";"X";0;0;;;"NÃO ALCANÇOU"
"ES";320435;"Rio Bananal";;6;6;100;100;"ALCANÇOU"
"ES";320440;"Rio Novo do Sul";"X";0;0;;;"NÃO ALCANÇOU"
"ES";320450;"Santa Leopoldina";"X";0;0;;;"NÃO ALCANÇOU"
"ES";320455;"Santa Maria de Jetibá";;5;5;100;100;"ALCANÇOU"
"ES";320460;"Santa Teresa";;5;5;100;100;"ALCANÇOU"
"ES";320465;"São Domingos do Norte";;1;1;100;100;"ALCANÇOU"
"ES";320470;"São Gabriel da Palha";;2;2;100;100;"ALCANÇOU"
"ES";320480;"São José do Calçado";;0;1;0;0;"NÃO ALCANÇOU"
"ES";320490;"São Mateus";;5;6;83,3333333333333;83,3;"ALCANÇOU"
"ES";320495;"São Roque do Canaã";;2;2;100;100;"ALCANÇOU"
"ES";320500;"Serra";;36;37;97,2972972972973;97,3;"ALCANÇOU"
"ES";320501;"Sooretama";;2;2;100;100;"ALCANÇOU"
"ES";320503;"Vargem Alta";;2;2;100;100;"ALCANÇOU"
"ES";320506;"Venda Nova do Imigrante";;4;4;100;100;"ALCANÇOU"
"ES";320510;"Viana";;1;1;100;100;"ALCANÇOU"
"ES";320515;"Vila Pavão";;3;4;75;75;"NÃO ALCANÇOU"
"ES";320517;"Vila Valério";;1;1;100;100;"ALCANÇOU"
"ES";320520;"Vila Velha";;34;34;100;100;"ALCANÇOU"
"ES";320530;"Vitória";;45;45;100;100;"ALCANÇOU"
"RJ";330010;"Angra dos Reis";;6;7;85,7142857142857;85,7;"ALCANÇOU"
"RJ";330015;"Aperibé";"X";0;0;;;"NÃO ALCANÇOU"
"RJ";330020;"Araruama";;1;1;100;100;"ALCANÇOU"
"RJ";330022;"Areal";;2;2;100;100;"ALCANÇOU"
"RJ";330023;"Armação dos Búzios";"X";0;0;;;"NÃO ALCANÇOU"
"RJ";330025;"Arraial do Cabo";;0;2;0;0;"NÃO ALCANÇOU"
"RJ";330030;"Barra do Piraí";;2;2;100;100;"ALCANÇOU"
"RJ";330040;"Barra Mansa";;1;2;50;50;"NÃO ALCANÇOU"
"RJ";330045;"Belford Roxo";;7;9;77,7777777777778;77,8;"NÃO ALCANÇOU"
"RJ";330050;"Bom Jardim";;3;3;100;100;"ALCANÇOU"
"RJ";330060;"Bom Jesus do Itabapoana";;3;5;60;60;"NÃO ALCANÇOU"
"RJ";330070;"Cabo Frio";;6;7;85,7142857142857;85,7;"ALCANÇOU"
"RJ";330080;"Cachoeiras de Macacu";;1;2;50;50;"NÃO ALCANÇOU"
"RJ";330090;"Cambuci";;262;265;98,8679245283019;98,9;"ALCANÇOU"
"RJ";330093;"Carapebus";"X";0;0;;;"NÃO ALCANÇOU"
"RJ";330095;"Comendador Levy Gasparian";;1;1;100;100;"ALCANÇOU"
"RJ";330100;"Campos dos Goytacazes";;3;4;75;75;"NÃO ALCANÇOU"
"RJ";330110;"Cantagalo";"X";0;0;;;"NÃO ALCANÇOU"
"RJ";330115;"Cardoso Moreira";"X";0;0;;;"NÃO ALCANÇOU"
"RJ";330120;"Carmo";"X";0;0;;;"NÃO ALCANÇOU"
"RJ";330130;"Casimiro de Abreu";;1;1;100;100;"ALCANÇOU"
"RJ";330140;"Conceição de Macabu";;0;1;0;0;"NÃO ALCANÇOU"
"RJ";330150;"Cordeiro";"X";0;0;;;"NÃO ALCANÇOU"
"RJ";330160;"Duas Barras";;1;1;100;100;"ALCANÇOU"
"RJ";330170;"Duque de Caxias";;31;31;100;100;"ALCANÇOU"
"RJ";330180;"Engenheiro Paulo de Frontin";;3;3;100;100;"ALCANÇOU"
"RJ";330185;"Guapimirim";"X";0;0;;;"NÃO ALCANÇOU"
"RJ";330187;"Iguaba Grande";"X";0;0;;;"NÃO ALCANÇOU"
"RJ";330190;"Itaboraí";;15;15;100;100;"ALCANÇOU"
"RJ";330200;"Itaguaí";;17;17;100;100;"ALCANÇOU"
"RJ";330205;"Italva";;28;28;100;100;"ALCANÇOU"
"RJ";330210;"Itaocara";;0;1;0;0;"NÃO ALCANÇOU"
"RJ";330220;"Itaperuna";;2;4;50;50;"NÃO ALCANÇOU"
"RJ";330225;"Itatiaia";;2;2;100;100;"ALCANÇOU"
"RJ";330227;"Japeri";;1;2;50;50;"NÃO ALCANÇOU"
"RJ";330230;"Laje do Muriaé";"X";0;0;;;"NÃO ALCANÇOU"
"RJ";330240;"Macaé";;8;8;100;100;"ALCANÇOU"
"RJ";330245;"Macuco";"X";0;0;;;"NÃO ALCANÇOU"
"RJ";330250;"Magé";;7;7;100;100;"ALCANÇOU"
"RJ";330260;"Mangaratiba";"X";0;0;;;"NÃO ALCANÇOU"
"RJ";330270;"Maricá";;5;6;83,3333333333333;83,3;"ALCANÇOU"
"RJ";330280;"Mendes";"X";0;0;;;"NÃO ALCANÇOU"
"RJ";330285;"Mesquita";;2;2;100;100;"ALCANÇOU"
"RJ";330290;"Miguel Pereira";"X";0;0;;;"NÃO ALCANÇOU"
"RJ";330300;"Miracema";"X";0;0;;;"NÃO ALCANÇOU"
"RJ";330310;"Natividade";"X";0;0;;;"NÃO ALCANÇOU"
"RJ";330320;"Nilópolis";;1;1;100;100;"ALCANÇOU"
"RJ";330330;"Niterói";;23;23;100;100;"ALCANÇOU"
"RJ";330340;"Nova Friburgo";;15;15;100;100;"ALCANÇOU"
"RJ";330350;"Nova Iguaçu";;5;6;83,3333333333333;83,3;"ALCANÇOU"
"RJ";330360;"Paracambi";;2;2;100;100;"ALCANÇOU"
"RJ";330370;"Paraíba do Sul";;3;4;75;75;"NÃO ALCANÇOU"
"RJ";330380;"Paraty";;6;6;100;100;"ALCANÇOU"
"RJ";330385;"Paty do Alferes";;2;2;100;100;"ALCANÇOU"
"RJ";330390;"Petrópolis";;5;5;100;100;"ALCANÇOU"
"RJ";330395;"Pinheiral";"X";0;0;;;"NÃO ALCANÇOU"
"RJ";330400;"Piraí";;1;1;100;100;"ALCANÇOU"
"RJ";330410;"Porciúncula";;4;4;100;100;"ALCANÇOU"
"RJ";330411;"Porto Real";;6;7;85,7142857142857;85,7;"ALCANÇOU"
"RJ";330412;"Quatis";"X";0;0;;;"NÃO ALCANÇOU"
"RJ";330414;"Queimados";;3;5;60;60;"NÃO ALCANÇOU"
"RJ";330415;"Quissamã";"X";0;0;;;"NÃO ALCANÇOU"
"RJ";330420;"Resende";;4;4;100;100;"ALCANÇOU"
"RJ";330430;"Rio Bonito";;0;1;0;0;"NÃO ALCANÇOU"
"RJ";330440;"Rio Claro";;15;15;100;100;"ALCANÇOU"
"RJ";330450;"Rio das Flores";"X";0;0;;;"NÃO ALCANÇOU"
"RJ";330452;"Rio das Ostras";;4;4;100;100;"ALCANÇOU"
"RJ";330455;"Rio de Janeiro";;349;349;100;100;"ALCANÇOU"
"RJ";330460;"Santa Maria Madalena";"X";0;0;;;"NÃO ALCANÇOU"
"RJ";330470;"Santo Antônio de Pádua";"X";0;0;;;"NÃO ALCANÇOU"
"RJ";330475;"São Francisco de Itabapoana";"X";0;0;;;"NÃO ALCANÇOU"
"RJ";330480;"São Fidélis";;0;1;0;0;"NÃO ALCANÇOU"
"RJ";330490;"São Gonçalo";;28;30;93,3333333333333;93,3;"ALCANÇOU"
"RJ";330500;"São João da Barra";"X";0;0;;;"NÃO ALCANÇOU"
"RJ";330510;"São João de Meriti";;27;28;96,4285714285714;96,4;"ALCANÇOU"
"RJ";330513;"São José de Ubá";;0;3;0;0;"NÃO ALCANÇOU"
"RJ";330515;"São José do Vale do Rio Preto";"X";0;0;;;"NÃO ALCANÇOU"
"RJ";330520;"São Pedro da Aldeia";;3;3;100;100;"ALCANÇOU"
"RJ";330530;"São Sebastião do Alto";"X";0;0;;;"NÃO ALCANÇOU"
"RJ";330540;"Sapucaia";;1;1;100;100;"ALCANÇOU"
"RJ";330550;"Saquarema";;2;2;100;100;"ALCANÇOU"
"RJ";330555;"Seropédica";"X";0;0;;;"NÃO ALCANÇOU"
"RJ";330560;"Silva Jardim";"X";0;0;;;"NÃO ALCANÇOU"
"RJ";330570;"Sumidouro";"X";0;0;;;"NÃO ALCANÇOU"
"RJ";330575;"Tanguá";;1;1;100;100;"ALCANÇOU"
"RJ";330580;"Teresópolis";;6;8;75;75;"NÃO ALCANÇOU"
"RJ";330590;"Trajano de Moraes";"X";0;0;;;"NÃO ALCANÇOU"
"RJ";330600;"Três Rios";;3;3;100;100;"ALCANÇOU"
"RJ";330610;"Valença";;2;2;100;100;"ALCANÇOU"
"RJ";330615;"Varre-Sai";"X";0;0;;;"NÃO ALCANÇOU"
"RJ";330620;"Vassouras";;2;2;100;100;"ALCANÇOU"
"RJ";330630;"Volta Redonda";;3;3;100;100;"ALCANÇOU"
"SP";350010;"Adamantina";"X";0;0;;;"NÃO ALCANÇOU"
"SP";350020;"Adolfo";"X";0;0;;;"NÃO ALCANÇOU"
"SP";350030;"Aguaí";;6;6;100;100;"ALCANÇOU"
"SP";350040;"Águas da Prata";;2;2;100;100;"ALCANÇOU"
"SP";350050;"Águas de Lindóia";;2;3;66,6666666666667;66,7;"NÃO ALCANÇOU"
"SP";350055;"Águas de Santa Bárbara";"X";0;0;;;"NÃO ALCANÇOU"
"SP";350060;"Águas de São Pedro";;0;1;0;0;"NÃO ALCANÇOU"
"SP";350070;"Agudos";;2;3;66,6666666666667;66,7;"NÃO ALCANÇOU"
"SP";350075;"Alambari";;1;1;100;100;"ALCANÇOU"
"SP";350080;"Alfredo Marcondes";;2;2;100;100;"ALCANÇOU"
"SP";350090;"Altair";"X";0;0;;;"NÃO ALCANÇOU"
"SP";350100;"Altinópolis";;1;2;50;50;"NÃO ALCANÇOU"
"SP";350110;"Alto Alegre";;1;2;50;50;"NÃO ALCANÇOU"
"SP";350115;"Alumínio";;1;1;100;100;"ALCANÇOU"
"SP";350120;"Álvares Florence";;1;1;100;100;"ALCANÇOU"
"SP";350130;"Álvares Machado";;2;2;100;100;"ALCANÇOU"
"SP";350140;"Álvaro de Carvalho";;2;2;100;100;"ALCANÇOU"
"SP";350150;"Alvinlândia";;17;21;80,9523809523809;81;"ALCANÇOU"
"SP";350160;"Americana";;30;33;90,9090909090909;90,9;"ALCANÇOU"
"SP";350170;"Américo Brasiliense";;2;4;50;50;"NÃO ALCANÇOU"
"SP";350180;"Américo de Campos";;1;1;100;100;"ALCANÇOU"
"SP";350190;"Amparo";;28;32;87,5;87,5;"ALCANÇOU"
"SP";350200;"Analândia";;1;1;100;100;"ALCANÇOU"
"SP";350210;"Andradina";"X";0;0;;;"NÃO ALCANÇOU"
"SP";350220;"Angatuba";;2;2;100;100;"ALCANÇOU"
"SP";350230;"Anhembi";"X";0;0;;;"NÃO ALCANÇOU"
"SP";350240;"Anhumas";;2;2;100;100;"ALCANÇOU"
"SP";350250;"Aparecida";"X";0;0;;;"NÃO ALCANÇOU"
"SP";350260;"Aparecida d'Oeste";"X";0;0;;;"NÃO ALCANÇOU"
"SP";350270;"Apiaí";;4;5;80;80;"ALCANÇOU"
"SP";350275;"Araçariguama";;4;4;100;100;"ALCANÇOU"
"SP";350280;"Araçatuba";;17;18;94,4444444444444;94,4;"ALCANÇOU"
"SP";350290;"Araçoiaba da Serra";"X";0;0;;;"NÃO ALCANÇOU"
"SP";350300;"Aramina";"X";0;0;;;"NÃO ALCANÇOU"
"SP";350310;"Arandu";"X";0;0;;;"NÃO ALCANÇOU"
"SP";350315;"Arapeí";"X";0;0;;;"NÃO ALCANÇOU"
"SP";350320;"Araraquara";;9;15;60;60;"NÃO ALCANÇOU"
"SP";350330;"Araras";;17;18;94,4444444444444;94,4;"ALCANÇOU"
"SP";350335;"Arco-Íris";"X";0;0;;;"NÃO ALCANÇOU"
"SP";350340;"Arealva";;3;3;100;100;"ALCANÇOU"
"SP";350350;"Areias";"X";0;0;;;"NÃO ALCANÇOU"
"SP";350360;"Areiópolis";;0;1;0;0;"NÃO ALCANÇOU"
"SP";350370;"Ariranha";;2;2;100;100;"ALCANÇOU"
"SP";350380;"Artur Nogueira";;3;9;33,3333333333333;33,3;"NÃO ALCANÇOU"
"SP";350390;"Arujá";;2;3;66,6666666666667;66,7;"NÃO ALCANÇOU"
"SP";350395;"Aspásia";"X";0;0;;;"NÃO ALCANÇOU"
"SP";350400;"Assis";;10;11;90,9090909090909;90,9;"ALCANÇOU"
"SP";350410;"Atibaia";;22;32;68,75;68,8;"NÃO ALCANÇOU"
"SP";350420;"Auriflama";"X";0;0;;;"NÃO ALCANÇOU"
"SP";350430;"Avaí";"X";0;0;;;"NÃO ALCANÇOU"
"SP";350440;"Avanhandava";"X";0;0;;;"NÃO ALCANÇOU"
"SP";350450;"Avaré";;1;2;50;50;"NÃO ALCANÇOU"
"SP";350460;"Bady Bassitt";;9;10;90;90;"ALCANÇOU"
"SP";350470;"Balbinos";"X";0;0;;;"NÃO ALCANÇOU"
"SP";350480;"Bálsamo";;1;1;100;100;"ALCANÇOU"
"SP";350490;"Bananal";;0;1;0;0;"NÃO ALCANÇOU"
"SP";350500;"Barão de Antonina";;0;1;0;0;"NÃO ALCANÇOU"
"SP";350510;"Barbosa";"X";0;0;;;"NÃO ALCANÇOU"
"SP";350520;"Bariri";;2;2;100;100;"ALCANÇOU"
"SP";350530;"Barra Bonita";"X";0;0;;;"NÃO ALCANÇOU"
"SP";350535;"Barra do Chapéu";"X";0;0;;;"NÃO ALCANÇOU"
"SP";350540;"Barra do Turvo";;1;1;100;100;"ALCANÇOU"
"SP";350550;"Barretos";;27;29;93,1034482758621;93,1;"ALCANÇOU"
"SP";350560;"Barrinha";;1;2;50;50;"NÃO ALCANÇOU"
"SP";350570;"Barueri";;7;7;100;100;"ALCANÇOU"
"SP";350580;"Bastos";;4;5;80;80;"ALCANÇOU"
"SP";350590;"Batatais";;1;4;25;25;"NÃO ALCANÇOU"
"SP";350600;"Bauru";;20;23;86,9565217391304;87;"ALCANÇOU"
"SP";350610;"Bebedouro";;5;5;100;100;"ALCANÇOU"
"SP";350620;"Bento de Abreu";"X";0;0;;;"NÃO ALCANÇOU"
"SP";350630;"Bernardino de Campos";"X";0;0;;;"NÃO ALCANÇOU"
"SP";350635;"Bertioga";;2;4;50;50;"NÃO ALCANÇOU"
"SP";350640;"Bilac";"X";0;0;;;"NÃO ALCANÇOU"
"SP";350650;"Birigui";;13;16;81,25;81,2;"ALCANÇOU"
"SP";350660;"Biritiba-Mirim";"X";0;0;;;"NÃO ALCANÇOU"
"SP";350670;"Boa Esperança do Sul";"X";0;0;;;"NÃO ALCANÇOU"
"SP";350680;"Bocaina";;2;2;100;100;"ALCANÇOU"
"SP";350690;"Bofete";;0;1;0;0;"NÃO ALCANÇOU"
"SP";350700;"Boituva";;2;2;100;100;"ALCANÇOU"
"SP";350710;"Bom Jesus dos Perdões";;4;6;66,6666666666667;66,7;"NÃO ALCANÇOU"
"SP";350715;"Bom Sucesso de Itararé";"X";0;0;;;"NÃO ALCANÇOU"
"SP";350720;"Borá";"X";0;0;;;"NÃO ALCANÇOU"
"SP";350730;"Boracéia";"X";0;0;;;"NÃO ALCANÇOU"
"SP";350740;"Borborema";;5;7;71,4285714285714;71,4;"NÃO ALCANÇOU"
"SP";350745;"Borebi";;0;1;0;0;"NÃO ALCANÇOU"
"SP";350750;"Botucatu";;11;11;100;100;"ALCANÇOU"
"SP";350760;"Bragança Paulista";;28;36;77,7777777777778;77,8;"NÃO ALCANÇOU"
"SP";350770;"Braúna";"X";0;0;;;"NÃO ALCANÇOU"
"SP";350775;"Brejo Alegre";"X";0;0;;;"NÃO ALCANÇOU"
"SP";350780;"Brodowski";;0;1;0;0;"NÃO ALCANÇOU"
"SP";350790;"Brotas";;7;11;63,6363636363636;63,6;"NÃO ALCANÇOU"
"SP";350800;"Buri";;1;1;100;100;"ALCANÇOU"
"SP";350810;"Buritama";"X";0;0;;;"NÃO ALCANÇOU"
"SP";350820;"Buritizal";"X";0;0;;;"NÃO ALCANÇOU"
"SP";350830;"Cabrália Paulista";"X";0;0;;;"NÃO ALCANÇOU"
"SP";350840;"Cabreúva";"X";0;0;;;"NÃO ALCANÇOU"
"SP";350850;"Caçapava";;11;21;52,3809523809524;52,4;"NÃO ALCANÇOU"
"SP";350860;"Cachoeira Paulista";"X";0;0;;;"NÃO ALCANÇOU"
"SP";350870;"Caconde";;2;2;100;100;"ALCANÇOU"
"SP";350880;"Cafelândia";"X";0;0;;;"NÃO ALCANÇOU"
"SP";350890;"Caiabu";"X";0;0;;;"NÃO ALCANÇOU"
"SP";350900;"Caieiras";;3;3;100;100;"ALCANÇOU"
"SP";350910;"Caiuá";"X";0;0;;;"NÃO ALCANÇOU"
"SP";350920;"Cajamar";;2;2;100;100;"ALCANÇOU"
"SP";350925;"Cajati";;2;2;100;100;"ALCANÇOU"
"SP";350930;"Cajobi";;1;1;100;100;"ALCANÇOU"
"SP";350940;"Cajuru";;1;2;50;50;"NÃO ALCANÇOU"
"SP";350945;"Campina do Monte Alegre";;1;1;100;100;"ALCANÇOU"
"SP";350950;"Campinas";;100;122;81,9672131147541;82;"ALCANÇOU"
"SP";350960;"Campo Limpo Paulista";;11;11;100;100;"ALCANÇOU"
"SP";350970;"Campos do Jordão";;7;10;70;70;"NÃO ALCANÇOU"
"SP";350980;"Campos Novos Paulista";;4;4;100;100;"ALCANÇOU"
"SP";350990;"Cananéia";;0;1;0;0;"NÃO ALCANÇOU"
"SP";350995;"Canas";"X";0;0;;;"NÃO ALCANÇOU"
"SP";351000;"Cândido Mota";;10;14;71,4285714285714;71,4;"NÃO ALCANÇOU"
"SP";351010;"Cândido Rodrigues";"X";0;0;;;"NÃO ALCANÇOU"
"SP";351015;"Canitar";;1;1;100;100;"ALCANÇOU"
"SP";351020;"Capão Bonito";;3;3;100;100;"ALCANÇOU"
"SP";351030;"Capela do Alto";;3;3;100;100;"ALCANÇOU"
"SP";351040;"Capivari";;1;1;100;100;"ALCANÇOU"
"SP";351050;"Caraguatatuba";;8;11;72,7272727272727;72,7;"NÃO ALCANÇOU"
"SP";351060;"Carapicuíba";;13;14;92,8571428571429;92,9;"ALCANÇOU"
"SP";351070;"Cardoso";;1;1;100;100;"ALCANÇOU"
"SP";351080;"Casa Branca";;2;2;100;100;"ALCANÇOU"
"SP";351090;"Cássia dos Coqueiros";"X";0;0;;;"NÃO ALCANÇOU"
"SP";351100;"Castilho";;1;1;100;100;"ALCANÇOU"
"SP";351110;"Catanduva";;16;18;88,8888888888889;88,9;"ALCANÇOU"
"SP";351120;"Catiguá";;2;2;100;100;"ALCANÇOU"
"SP";351130;"Cedral";;7;7;100;100;"ALCANÇOU"
"SP";351140;"Cerqueira César";"X";0;0;;;"NÃO ALCANÇOU"
"SP";351150;"Cerquilho";;1;1;100;100;"ALCANÇOU"
"SP";351160;"Cesário Lange";;3;3;100;100;"ALCANÇOU"
"SP";351170;"Charqueada";"X";0;0;;;"NÃO ALCANÇOU"
"SP";351190;"Clementina";"X";0;0;;;"NÃO ALCANÇOU"
"SP";351200;"Colina";;0;1;0;0;"NÃO ALCANÇOU"
"SP";351210;"Colômbia";;1;1;100;100;"ALCANÇOU"
"SP";351220;"Conchal";;0;1;0;0;"NÃO ALCANÇOU"
"SP";351230;"Conchas";;11;11;100;100;"ALCANÇOU"
"SP";351240;"Cordeirópolis";;4;5;80;80;"ALCANÇOU"
"SP";351250;"Coroados";;4;5;80;80;"ALCANÇOU"
"SP";351260;"Coronel Macedo";"X";0;0;;;"NÃO ALCANÇOU"
"SP";351270;"Corumbataí";"X";0;0;;;"NÃO ALCANÇOU"
"SP";351280;"Cosmópolis";;2;3;66,6666666666667;66,7;"NÃO ALCANÇOU"
"SP";351290;"Cosmorama";;0;1;0;0;"NÃO ALCANÇOU"
"SP";351300;"Cotia";;17;17;100;100;"ALCANÇOU"
"SP";351310;"Cravinhos";;0;2;0;0;"NÃO ALCANÇOU"
"SP";351320;"Cristais Paulista";"X";0;0;;;"NÃO ALCANÇOU"
"SP";351330;"Cruzália";"X";0;0;;;"NÃO ALCANÇOU"
"SP";351340;"Cruzeiro";;1;2;50;50;"NÃO ALCANÇOU"
"SP";351350;"Cubatão";;6;6;100;100;"ALCANÇOU"
"SP";351360;"Cunha";;5;5;100;100;"ALCANÇOU"
"SP";351370;"Descalvado";;11;15;73,3333333333333;73,3;"NÃO ALCANÇOU"
"SP";351380;"Diadema";;16;19;84,2105263157895;84,2;"ALCANÇOU"
"SP";351385;"Dirce Reis";"X";0;0;;;"NÃO ALCANÇOU"
"SP";351390;"Divinolândia";;2;2;100;100;"ALCANÇOU"
"SP";351400;"Dobrada";;1;1;100;100;"ALCANÇOU"
"SP";351410;"Dois Córregos";"X";0;0;;;"NÃO ALCANÇOU"
"SP";351420;"Dolcinópolis";"X";0;0;;;"NÃO ALCANÇOU"
"SP";351430;"Dourado";;2;3;66,6666666666667;66,7;"NÃO ALCANÇOU"
"SP";351440;"Dracena";;1;1;100;100;"ALCANÇOU"
"SP";351450;"Duartina";"X";0;0;;;"NÃO ALCANÇOU"
"SP";351460;"Dumont";"X";0;0;;;"NÃO ALCANÇOU"
"SP";351470;"Echaporã";;12;12;100;100;"ALCANÇOU"
"SP";351480;"Eldorado";;0;2;0;0;"NÃO ALCANÇOU"
"SP";351490;"Elias Fausto";"X";0;0;;;"NÃO ALCANÇOU"
"SP";351492;"Elisiário";"X";0;0;;;"NÃO ALCANÇOU"
"SP";351495;"Embaúba";;1;1;100;100;"ALCANÇOU"
"SP";351500;"Embu das Artes";;8;10;80;80;"ALCANÇOU"
"SP";351510;"Embu-Guaçu";;8;8;100;100;"ALCANÇOU"
"SP";351512;"Emilianópolis";"X";0;0;;;"NÃO ALCANÇOU"
"SP";351515;"Engenheiro Coelho";;1;1;100;100;"ALCANÇOU"
"SP";351518;"Espírito Santo do Pinhal";;5;9;55,5555555555556;55,6;"NÃO ALCANÇOU"
"SP";351519;"Espírito Santo do Turvo";;2;2;100;100;"ALCANÇOU"
"SP";351520;"Estrela d'Oeste";;2;4;50;50;"NÃO ALCANÇOU"
"SP";351530;"Estrela do Norte";"X";0;0;;;"NÃO ALCANÇOU"
"SP";351535;"Euclides da Cunha Paulista";"X";0;0;;;"NÃO ALCANÇOU"
"SP";351540;"Fartura";;0;1;0;0;"NÃO ALCANÇOU"
"SP";351550;"Fernandópolis";;4;6;66,6666666666667;66,7;"NÃO ALCANÇOU"
"SP";351560;"Fernando Prestes";"X";0;0;;;"NÃO ALCANÇOU"
"SP";351565;"Fernão";"X";0;0;;;"NÃO ALCANÇOU"
"SP";351570;"Ferraz de Vasconcelos";;11;12;91,6666666666667;91,7;"ALCANÇOU"
"SP";351580;"Flora Rica";"X";0;0;;;"NÃO ALCANÇOU"
"SP";351590;"Floreal";"X";0;0;;;"NÃO ALCANÇOU"
"SP";351600;"Flórida Paulista";;1;1;100;100;"ALCANÇOU"
"SP";351610;"Florínia";"X";0;0;;;"NÃO ALCANÇOU"
"SP";351620;"Franca";;9;12;75;75;"NÃO ALCANÇOU"
"SP";351630;"Francisco Morato";;2;2;100;100;"ALCANÇOU"
"SP";351640;"Franco da Rocha";;2;2;100;100;"ALCANÇOU"
"SP";351650;"Gabriel Monteiro";"X";0;0;;;"NÃO ALCANÇOU"
"SP";351660;"Gália";;2;2;100;100;"ALCANÇOU"
"SP";351670;"Garça";;50;56;89,2857142857143;89,3;"ALCANÇOU"
"SP";351680;"Gastão Vidigal";"X";0;0;;;"NÃO ALCANÇOU"
"SP";351685;"Gavião Peixoto";;1;1;100;100;"ALCANÇOU"
"SP";351690;"General Salgado";;2;3;66,6666666666667;66,7;"NÃO ALCANÇOU"
"SP";351700;"Getulina";"X";0;0;;;"NÃO ALCANÇOU"
"SP";351710;"Glicério";;1;2;50;50;"NÃO ALCANÇOU"
"SP";351720;"Guaiçara";"X";0;0;;;"NÃO ALCANÇOU"
"SP";351730;"Guaimbê";;40;41;97,5609756097561;97,6;"ALCANÇOU"
"SP";351740;"Guaíra";;8;9;88,8888888888889;88,9;"ALCANÇOU"
"SP";351750;"Guapiaçu";;8;8;100;100;"ALCANÇOU"
"SP";351760;"Guapiara";"X";0;0;;;"NÃO ALCANÇOU"
"SP";351770;"Guará";"X";0;0;;;"NÃO ALCANÇOU"
"SP";351780;"Guaraçaí";;2;2;100;100;"ALCANÇOU"
"SP";351790;"Guaraci";;1;2;50;50;"NÃO ALCANÇOU"
"SP";351800;"Guarani d'Oeste";"X";0;0;;;"NÃO ALCANÇOU"
"SP";351810;"Guarantã";;1;4;25;25;"NÃO ALCANÇOU"
"SP";351820;"Guararapes";;3;4;75;75;"NÃO ALCANÇOU"
"SP";351830;"Guararema";;2;2;100;100;"ALCANÇOU"
"SP";351840;"Guaratinguetá";;5;7;71,4285714285714;71,4;"NÃO ALCANÇOU"
"SP";351850;"Guareí";"X";0;0;;;"NÃO ALCANÇOU"
"SP";351860;"Guariba";;0;1;0;0;"NÃO ALCANÇOU"
"SP";351870;"Guarujá";;4;5;80;80;"ALCANÇOU"
"SP";351880;"Guarulhos";;51;52;98,0769230769231;98,1;"ALCANÇOU"
"SP";351885;"Guatapará";;1;1;100;100;"ALCANÇOU"
"SP";351890;"Guzolândia";"X";0;0;;;"NÃO ALCANÇOU"
"SP";351900;"Herculândia";;6;6;100;100;"ALCANÇOU"
"SP";351905;"Holambra";;1;2;50;50;"NÃO ALCANÇOU"
"SP";351907;"Hortolândia";;17;18;94,4444444444444;94,4;"ALCANÇOU"
"SP";351910;"Iacanga";;2;2;100;100;"ALCANÇOU"
"SP";351920;"Iacri";"X";0;0;;;"NÃO ALCANÇOU"
"SP";351925;"Iaras";"X";0;0;;;"NÃO ALCANÇOU"
"SP";351930;"Ibaté";;2;2;100;100;"ALCANÇOU"
"SP";351940;"Ibirá";;4;4;100;100;"ALCANÇOU"
"SP";351950;"Ibirarema";;1;1;100;100;"ALCANÇOU"
"SP";351960;"Ibitinga";;4;5;80;80;"ALCANÇOU"
"SP";351970;"Ibiúna";;12;12;100;100;"ALCANÇOU"
"SP";351980;"Icém";"X";0;0;;;"NÃO ALCANÇOU"
"SP";351990;"Iepê";;2;2;100;100;"ALCANÇOU"
"SP";352000;"Igaraçu do Tietê";;1;1;100;100;"ALCANÇOU"
"SP";352010;"Igarapava";"X";0;0;;;"NÃO ALCANÇOU"
"SP";352020;"Igaratá";;0;1;0;0;"NÃO ALCANÇOU"
"SP";352030;"Iguape";;2;2;100;100;"ALCANÇOU"
"SP";352040;"Ilhabela";;2;2;100;100;"ALCANÇOU"
"SP";352042;"Ilha Comprida";"X";0;0;;;"NÃO ALCANÇOU"
"SP";352044;"Ilha Solteira";;2;3;66,6666666666667;66,7;"NÃO ALCANÇOU"
"SP";352050;"Indaiatuba";;23;42;54,7619047619048;54,8;"NÃO ALCANÇOU"
"SP";352060;"Indiana";"X";0;0;;;"NÃO ALCANÇOU"
"SP";352070;"Indiaporã";;2;2;100;100;"ALCANÇOU"
"SP";352080;"Inúbia Paulista";"X";0;0;;;"NÃO ALCANÇOU"
"SP";352090;"Ipaussu";;1;2;50;50;"NÃO ALCANÇOU"
"SP";352100;"Iperó";;2;2;100;100;"ALCANÇOU"
"SP";352110;"Ipeúna";;3;4;75;75;"NÃO ALCANÇOU"
"SP";352115;"Ipiguá";;6;6;100;100;"ALCANÇOU"
"SP";352120;"Iporanga";"X";0;0;;;"NÃO ALCANÇOU"
"SP";352130;"Ipuã";;1;1;100;100;"ALCANÇOU"
"SP";352140;"Iracemápolis";;1;1;100;100;"ALCANÇOU"
"SP";352150;"Irapuã";;2;2;100;100;"ALCANÇOU"
"SP";352160;"Irapuru";"X";0;0;;;"NÃO ALCANÇOU"
"SP";352170;"Itaberá";;4;4;100;100;"ALCANÇOU"
"SP";352180;"Itaí";"X";0;0;;;"NÃO ALCANÇOU"
"SP";352190;"Itajobi";;2;2;100;100;"ALCANÇOU"
"SP";352200;"Itaju";"X";0;0;;;"NÃO ALCANÇOU"
"SP";352210;"Itanhaém";;4;5;80;80;"ALCANÇOU"
"SP";352215;"Itaóca";"X";0;0;;;"NÃO ALCANÇOU"
"SP";352220;"Itapecerica da Serra";;6;6;100;100;"ALCANÇOU"
"SP";352230;"Itapetininga";;9;9;100;100;"ALCANÇOU"
"SP";352240;"Itapeva";;4;4;100;100;"ALCANÇOU"
"SP";352250;"Itapevi";;7;16;43,75;43,8;"NÃO ALCANÇOU"
"SP";352260;"Itapira";;2;5;40;40;"NÃO ALCANÇOU"
"SP";352265;"Itapirapuã Paulista";"X";0;0;;;"NÃO ALCANÇOU"
"SP";352270;"Itápolis";;1;3;33,3333333333333;33,3;"NÃO ALCANÇOU"
"SP";352280;"Itaporanga";;1;1;100;100;"ALCANÇOU"
"SP";352290;"Itapuí";"X";0;0;;;"NÃO ALCANÇOU"
"SP";352300;"Itapura";"X";0;0;;;"NÃO ALCANÇOU"
"SP";352310;"Itaquaquecetuba";;20;20;100;100;"ALCANÇOU"
"SP";352320;"Itararé";;4;4;100;100;"ALCANÇOU"
"SP";352330;"Itariri";;18;18;100;100;"ALCANÇOU"
"SP";352340;"Itatiba";;16;19;84,2105263157895;84,2;"ALCANÇOU"
"SP";352350;"Itatinga";"X";0;0;;;"NÃO ALCANÇOU"
"SP";352360;"Itirapina";;1;2;50;50;"NÃO ALCANÇOU"
"SP";352370;"Itirapuã";;1;1;100;100;"ALCANÇOU"
"SP";352380;"Itobi";;2;3;66,6666666666667;66,7;"NÃO ALCANÇOU"
"SP";352390;"Itu";;18;18;100;100;"ALCANÇOU"
"SP";352400;"Itupeva";;4;4;100;100;"ALCANÇOU"
"SP";352410;"Ituverava";;6;6;100;100;"ALCANÇOU"
"SP";352420;"Jaborandi";;2;3;66,6666666666667;66,7;"NÃO ALCANÇOU"
"SP";352430;"Jaboticabal";;20;23;86,9565217391304;87;"ALCANÇOU"
"SP";352440;"Jacareí";;45;46;97,8260869565217;97,8;"ALCANÇOU"
"SP";352450;"Jaci";;3;4;75;75;"NÃO ALCANÇOU"
"SP";352460;"Jacupiranga";"X";0;0;;;"NÃO ALCANÇOU"
"SP";352470;"Jaguariúna";;12;18;66,6666666666667;66,7;"NÃO ALCANÇOU"
"SP";352480;"Jales";;11;11;100;100;"ALCANÇOU"
"SP";352490;"Jambeiro";;1;3;33,3333333333333;33,3;"NÃO ALCANÇOU"
"SP";352500;"Jandira";;3;3;100;100;"ALCANÇOU"
"SP";352510;"Jardinópolis";;1;1;100;100;"ALCANÇOU"
"SP";352520;"Jarinu";"X";0;0;;;"NÃO ALCANÇOU"
"SP";352530;"Jaú";;12;13;92,3076923076923;92,3;"ALCANÇOU"
"SP";352540;"Jeriquara";"X";0;0;;;"NÃO ALCANÇOU"
"SP";352550;"Joanópolis";;6;6;100;100;"ALCANÇOU"
"SP";352560;"João Ramalho";;1;1;100;100;"ALCANÇOU"
"SP";352570;"José Bonifácio";;3;4;75;75;"NÃO ALCANÇOU"
"SP";352580;"Júlio Mesquita";;4;6;66,6666666666667;66,7;"NÃO ALCANÇOU"
"SP";352585;"Jumirim";;1;1;100;100;"ALCANÇOU"
"SP";352590;"Jundiaí";;6;11;54,5454545454545;54,5;"NÃO ALCANÇOU"
"SP";352600;"Junqueirópolis";"X";0;0;;;"NÃO ALCANÇOU"
"SP";352610;"Juquiá";;1;1;100;100;"ALCANÇOU"
"SP";352620;"Juquitiba";;3;5;60;60;"NÃO ALCANÇOU"
"SP";352630;"Lagoinha";;1;1;100;100;"ALCANÇOU"
"SP";352640;"Laranjal Paulista";"X";0;0;;;"NÃO ALCANÇOU"
"SP";352650;"Lavínia";;3;3;100;100;"ALCANÇOU"
"SP";352660;"Lavrinhas";"X";0;0;;;"NÃO ALCANÇOU"
"SP";352670;"Leme";;6;7;85,7142857142857;85,7;"ALCANÇOU"
"SP";352680;"Lençóis Paulista";;1;1;100;100;"ALCANÇOU"
"SP";352690;"Limeira";;8;21;38,0952380952381;38,1;"NÃO ALCANÇOU"
"SP";352700;"Lindóia";;2;2;100;100;"ALCANÇOU"
"SP";352710;"Lins";;9;9;100;100;"ALCANÇOU"
"SP";352720;"Lorena";;1;1;100;100;"ALCANÇOU"
"SP";352725;"Lourdes";"X";0;0;;;"NÃO ALCANÇOU"
"SP";352730;"Louveira";;1;1;100;100;"ALCANÇOU"
"SP";352740;"Lucélia";;1;1;100;100;"ALCANÇOU"
"SP";352750;"Lucianópolis";"X";0;0;;;"NÃO ALCANÇOU"
"SP";352760;"Luís Antônio";"X";0;0;;;"NÃO ALCANÇOU"
"SP";352770;"Luiziânia";;1;1;100;100;"ALCANÇOU"
"SP";352780;"Lupércio";;1;2;50;50;"NÃO ALCANÇOU"
"SP";352790;"Lutécia";"X";0;0;;;"NÃO ALCANÇOU"
"SP";352800;"Macatuba";;2;2;100;100;"ALCANÇOU"
"SP";352810;"Macaubal";"X";0;0;;;"NÃO ALCANÇOU"
"SP";352820;"Macedônia";;1;1;100;100;"ALCANÇOU"
"SP";352830;"Magda";;2;2;100;100;"ALCANÇOU"
"SP";352840;"Mairinque";;4;5;80;80;"ALCANÇOU"
"SP";352850;"Mairiporã";;3;4;75;75;"NÃO ALCANÇOU"
"SP";352860;"Manduri";;1;1;100;100;"ALCANÇOU"
"SP";352870;"Marabá Paulista";"X";0;0;;;"NÃO ALCANÇOU"
"SP";352880;"Maracaí";;3;3;100;100;"ALCANÇOU"
"SP";352885;"Marapoama";"X";0;0;;;"NÃO ALCANÇOU"
"SP";352890;"Mariápolis";;6;7;85,7142857142857;85,7;"ALCANÇOU"
"SP";352900;"Marília";;144;162;88,8888888888889;88,9;"ALCANÇOU"
"SP";352910;"Marinópolis";"X";0;0;;;"NÃO ALCANÇOU"
"SP";352920;"Martinópolis";;2;2;100;100;"ALCANÇOU"
"SP";352930;"Matão";;6;6;100;100;"ALCANÇOU"
"SP";352940;"Mauá";;16;18;88,8888888888889;88,9;"ALCANÇOU"
"SP";352950;"Mendonça";;1;1;100;100;"ALCANÇOU"
"SP";352960;"Meridiano";"X";0;0;;;"NÃO ALCANÇOU"
"SP";352965;"Mesópolis";;1;1;100;100;"ALCANÇOU"
"SP";352970;"Miguelópolis";;2;2;100;100;"ALCANÇOU"
"SP";352980;"Mineiros do Tietê";"X";0;0;;;"NÃO ALCANÇOU"
"SP";352990;"Miracatu";;1;1;100;100;"ALCANÇOU"
"SP";353000;"Mira Estrela";;1;2;50;50;"NÃO ALCANÇOU"
"SP";353010;"Mirandópolis";;2;2;100;100;"ALCANÇOU"
"SP";353020;"Mirante do Paranapanema";;2;2;100;100;"ALCANÇOU"
"SP";353030;"Mirassol";;11;12;91,6666666666667;91,7;"ALCANÇOU"
"SP";353040;"Mirassolândia";;1;2;50;50;"NÃO ALCANÇOU"
"SP";353050;"Mococa";;3;4;75;75;"NÃO ALCANÇOU"
"SP";353060;"Mogi das Cruzes";;8;11;72,7272727272727;72,7;"NÃO ALCANÇOU"
"SP";353070;"Mogi Guaçu";;29;35;82,8571428571429;82,9;"ALCANÇOU"
"SP";353080;"Mogi Mirim";;13;14;92,8571428571429;92,9;"ALCANÇOU"
"SP";353090;"Mombuca";;0;1;0;0;"NÃO ALCANÇOU"
"SP";353100;"Monções";;3;3;100;100;"ALCANÇOU"
"SP";353110;"Mongaguá";;2;5;40;40;"NÃO ALCANÇOU"
"SP";353120;"Monte Alegre do Sul";"X";0;0;;;"NÃO ALCANÇOU"
"SP";353130;"Monte Alto";;2;2;100;100;"ALCANÇOU"
"SP";353140;"Monte Aprazível";;8;9;88,8888888888889;88,9;"ALCANÇOU"
"SP";353150;"Monte Azul Paulista";"X";0;0;;;"NÃO ALCANÇOU"
"SP";353160;"Monte Castelo";"X";0;0;;;"NÃO ALCANÇOU"
"SP";353170;"Monteiro Lobato";"X";0;0;;;"NÃO ALCANÇOU"
"SP";353180;"Monte Mor";;4;4;100;100;"ALCANÇOU"
"SP";353190;"Morro Agudo";;2;3;66,6666666666667;66,7;"NÃO ALCANÇOU"
"SP";353200;"Morungaba";;15;15;100;100;"ALCANÇOU"
"SP";353205;"Motuca";"X";0;0;;;"NÃO ALCANÇOU"
"SP";353210;"Murutinga do Sul";;1;1;100;100;"ALCANÇOU"
"SP";353215;"Nantes";"X";0;0;;;"NÃO ALCANÇOU"
"SP";353220;"Narandiba";"X";0;0;;;"NÃO ALCANÇOU"
"SP";353230;"Natividade da Serra";"X";0;0;;;"NÃO ALCANÇOU"
"SP";353240;"Nazaré Paulista";;7;9;77,7777777777778;77,8;"NÃO ALCANÇOU"
"SP";353250;"Neves Paulista";;1;1;100;100;"ALCANÇOU"
"SP";353260;"Nhandeara";"X";0;0;;;"NÃO ALCANÇOU"
"SP";353270;"Nipoã";"X";0;0;;;"NÃO ALCANÇOU"
"SP";353280;"Nova Aliança";;3;3;100;100;"ALCANÇOU"
"SP";353282;"Nova Campina";"X";0;0;;;"NÃO ALCANÇOU"
"SP";353284;"Nova Canaã Paulista";;2;2;100;100;"ALCANÇOU"
"SP";353286;"Nova Castilho";"X";0;0;;;"NÃO ALCANÇOU"
"SP";353290;"Nova Europa";;1;1;100;100;"ALCANÇOU"
"SP";353300;"Nova Granada";;1;1;100;100;"ALCANÇOU"
"SP";353310;"Nova Guataporanga";"X";0;0;;;"NÃO ALCANÇOU"
"SP";353320;"Nova Independência";"X";0;0;;;"NÃO ALCANÇOU"
"SP";353325;"Novais";"X";0;0;;;"NÃO ALCANÇOU"
"SP";353330;"Nova Luzitânia";"X";0;0;;;"NÃO ALCANÇOU"
"SP";353340;"Nova Odessa";;2;2;100;100;"ALCANÇOU"
"SP";353350;"Novo Horizonte";;8;8;100;100;"ALCANÇOU"
"SP";353360;"Nuporanga";"X";0;0;;;"NÃO ALCANÇOU"
"SP";353370;"Ocauçu";;6;7;85,7142857142857;85,7;"ALCANÇOU"
"SP";353380;"Óleo";"X";0;0;;;"NÃO ALCANÇOU"
"SP";353390;"Olímpia";;5;5;100;100;"ALCANÇOU"
"SP";353400;"Onda Verde";;3;3;100;100;"ALCANÇOU"
"SP";353410;"Oriente";"X";0;0;;;"NÃO ALCANÇOU"
"SP";353420;"Orindiúva";"X";0;0;;;"NÃO ALCANÇOU"
"SP";353430;"Orlândia";;1;2;50;50;"NÃO ALCANÇOU"
"SP";353440;"Osasco";;138;155;89,0322580645161;89;"ALCANÇOU"
"SP";353450;"Oscar Bressane";;2;3;66,6666666666667;66,7;"NÃO ALCANÇOU"
"SP";353460;"Osvaldo Cruz";;2;2;100;100;"ALCANÇOU"
"SP";353470;"Ourinhos";;16;16;100;100;"ALCANÇOU"
"SP";353475;"Ouroeste";"X";0;0;;;"NÃO ALCANÇOU"
"SP";353480;"Ouro Verde";"X";0;0;;;"NÃO ALCANÇOU"
"SP";353490;"Pacaembu";;10;11;90,9090909090909;90,9;"ALCANÇOU"
"SP";353500;"Palestina";;1;1;100;100;"ALCANÇOU"
"SP";353510;"Palmares Paulista";"X";0;0;;;"NÃO ALCANÇOU"
"SP";353520;"Palmeira d'Oeste";;2;2;100;100;"ALCANÇOU"
"SP";353530;"Palmital";;2;2;100;100;"ALCANÇOU"
"SP";353540;"Panorama";"X";0;0;;;"NÃO ALCANÇOU"
"SP";353550;"Paraguaçu Paulista";;5;5;100;100;"ALCANÇOU"
"SP";353560;"Paraibuna";;0;3;0;0;"NÃO ALCANÇOU"
"SP";353570;"Paraíso";;1;1;100;100;"ALCANÇOU"
"SP";353580;"Paranapanema";"X";0;0;;;"NÃO ALCANÇOU"
"SP";353590;"Paranapuã";"X";0;0;;;"NÃO ALCANÇOU"
"SP";353600;"Parapuã";"X";0;0;;;"NÃO ALCANÇOU"
"SP";353610;"Pardinho";;1;1;100;100;"ALCANÇOU"
"SP";353620;"Pariquera-Açu";"X";0;0;;;"NÃO ALCANÇOU"
"SP";353625;"Parisi";;5;5;100;100;"ALCANÇOU"
"SP";353630;"Patrocínio Paulista";;0;3;0;0;"NÃO ALCANÇOU"
"SP";353640;"Paulicéia";"X";0;0;;;"NÃO ALCANÇOU"
"SP";353650;"Paulínia";;5;6;83,3333333333333;83,3;"ALCANÇOU"
"SP";353657;"Paulistânia";"X";0;0;;;"NÃO ALCANÇOU"
"SP";353660;"Paulo de Faria";"X";0;0;;;"NÃO ALCANÇOU"
"SP";353670;"Pederneiras";;1;5;20;20;"NÃO ALCANÇOU"
"SP";353680;"Pedra Bela";;1;3;33,3333333333333;33,3;"NÃO ALCANÇOU"
"SP";353690;"Pedranópolis";"X";0;0;;;"NÃO ALCANÇOU"
"SP";353700;"Pedregulho";"X";0;0;;;"NÃO ALCANÇOU"
"SP";353710;"Pedreira";;11;11;100;100;"ALCANÇOU"
"SP";353715;"Pedrinhas Paulista";"X";0;0;;;"NÃO ALCANÇOU"
"SP";353720;"Pedro de Toledo";;1;1;100;100;"ALCANÇOU"
"SP";353730;"Penápolis";;4;6;66,6666666666667;66,7;"NÃO ALCANÇOU"
"SP";353740;"Pereira Barreto";"X";0;0;;;"NÃO ALCANÇOU"
"SP";353750;"Pereiras";;0;1;0;0;"NÃO ALCANÇOU"
"SP";353760;"Peruíbe";;7;7;100;100;"ALCANÇOU"
"SP";353770;"Piacatu";"X";0;0;;;"NÃO ALCANÇOU"
"SP";353780;"Piedade";;2;2;100;100;"ALCANÇOU"
"SP";353790;"Pilar do Sul";"X";0;0;;;"NÃO ALCANÇOU"
"SP";353800;"Pindamonhangaba";;66;67;98,5074626865672;98,5;"ALCANÇOU"
"SP";353810;"Pindorama";;3;3;100;100;"ALCANÇOU"
"SP";353820;"Pinhalzinho";;2;3;66,6666666666667;66,7;"NÃO ALCANÇOU"
"SP";353830;"Piquerobi";;1;1;100;100;"ALCANÇOU"
"SP";353850;"Piquete";"X";0;0;;;"NÃO ALCANÇOU"
"SP";353860;"Piracaia";;3;4;75;75;"NÃO ALCANÇOU"
"SP";353870;"Piracicaba";;16;17;94,1176470588235;94,1;"ALCANÇOU"
"SP";353880;"Piraju";;1;1;100;100;"ALCANÇOU"
"SP";353890;"Pirajuí";;1;1;100;100;"ALCANÇOU"
"SP";353900;"Pirangi";;2;3;66,6666666666667;66,7;"NÃO ALCANÇOU"
"SP";353910;"Pirapora do Bom Jesus";"X";0;0;;;"NÃO ALCANÇOU"
"SP";353920;"Pirapozinho";;4;4;100;100;"ALCANÇOU"
"SP";353930;"Pirassununga";;9;11;81,8181818181818;81,8;"ALCANÇOU"
"SP";353940;"Piratininga";;0;1;0;0;"NÃO ALCANÇOU"
"SP";353950;"Pitangueiras";;1;2;50;50;"NÃO ALCANÇOU"
"SP";353960;"Planalto";;0;1;0;0;"NÃO ALCANÇOU"
"SP";353970;"Platina";"X";0;0;;;"NÃO ALCANÇOU"
"SP";353980;"Poá";;5;5;100;100;"ALCANÇOU"
"SP";353990;"Poloni";;1;1;100;100;"ALCANÇOU"
"SP";354000;"Pompéia";;3;4;75;75;"NÃO ALCANÇOU"
"SP";354010;"Pongaí";;0;1;0;0;"NÃO ALCANÇOU"
"SP";354020;"Pontal";;4;8;50;50;"NÃO ALCANÇOU"
"SP";354025;"Pontalinda";;1;1;100;100;"ALCANÇOU"
"SP";354030;"Pontes Gestal";;1;1;100;100;"ALCANÇOU"
"SP";354040;"Populina";"X";0;0;;;"NÃO ALCANÇOU"
"SP";354050;"Porangaba";"X";0;0;;;"NÃO ALCANÇOU"
"SP";354060;"Porto Feliz";;3;3;100;100;"ALCANÇOU"
"SP";354070;"Porto Ferreira";;6;7;85,7142857142857;85,7;"ALCANÇOU"
"SP";354075;"Potim";;6;10;60;60;"NÃO ALCANÇOU"
"SP";354080;"Potirendaba";;5;5;100;100;"ALCANÇOU"
"SP";354085;"Pracinha";"X";0;0;;;"NÃO ALCANÇOU"
"SP";354090;"Pradópolis";;3;3;100;100;"ALCANÇOU"
"SP";354100;"Praia Grande";;11;15;73,3333333333333;73,3;"NÃO ALCANÇOU"
"SP";354105;"Pratânia";"X";0;0;;;"NÃO ALCANÇOU"
"SP";354110;"Presidente Alves";"X";0;0;;;"NÃO ALCANÇOU"
"SP";354120;"Presidente Bernardes";;2;2;100;100;"ALCANÇOU"
"SP";354130;"Presidente Epitácio";"X";0;0;;;"NÃO ALCANÇOU"
"SP";354140;"Presidente Prudente";;27;27;100;100;"ALCANÇOU"
"SP";354150;"Presidente Venceslau";;4;5;80;80;"ALCANÇOU"
"SP";354160;"Promissão";;14;14;100;100;"ALCANÇOU"
"SP";354165;"Quadra";;1;1;100;100;"ALCANÇOU"
"SP";354170;"Quatá";"X";0;0;;;"NÃO ALCANÇOU"
"SP";354180;"Queiroz";"X";0;0;;;"NÃO ALCANÇOU"
"SP";354190;"Queluz";;0;1;0;0;"NÃO ALCANÇOU"
"SP";354200;"Quintana";;2;2;100;100;"ALCANÇOU"
"SP";354210;"Rafard";;4;4;100;100;"ALCANÇOU"
"SP";354220;"Rancharia";;100;100;100;100;"ALCANÇOU"
"SP";354230;"Redenção da Serra";;2;2;100;100;"ALCANÇOU"
"SP";354240;"Regente Feijó";;5;5;100;100;"ALCANÇOU"
"SP";354250;"Reginópolis";;19;19;100;100;"ALCANÇOU"
"SP";354260;"Registro";;3;3;100;100;"ALCANÇOU"
"SP";354270;"Restinga";"X";0;0;;;"NÃO ALCANÇOU"
"SP";354280;"Ribeira";"X";0;0;;;"NÃO ALCANÇOU"
"SP";354290;"Ribeirão Bonito";;2;2;100;100;"ALCANÇOU"
"SP";354300;"Ribeirão Branco";;2;2;100;100;"ALCANÇOU"
"SP";354310;"Ribeirão Corrente";"X";0;0;;;"NÃO ALCANÇOU"
"SP";354320;"Ribeirão do Sul";;0;1;0;0;"NÃO ALCANÇOU"
"SP";354323;"Ribeirão dos Índios";"X";0;0;;;"NÃO ALCANÇOU"
"SP";354325;"Ribeirão Grande";"X";0;0;;;"NÃO ALCANÇOU"
"SP";354330;"Ribeirão Pires";;1;2;50;50;"NÃO ALCANÇOU"
"SP";354340;"Ribeirão Preto";;41;43;95,3488372093023;95,3;"ALCANÇOU"
"SP";354350;"Riversul";;2;2;100;100;"ALCANÇOU"
"SP";354360;"Rifaina";"X";0;0;;;"NÃO ALCANÇOU"
"SP";354370;"Rincão";;2;2;100;100;"ALCANÇOU"
"SP";354380;"Rinópolis";;2;2;100;100;"ALCANÇOU"
"SP";354390;"Rio Claro";;14;14;100;100;"ALCANÇOU"
"SP";354400;"Rio das Pedras";;1;1;100;100;"ALCANÇOU"
"SP";354410;"Rio Grande da Serra";;2;4;50;50;"NÃO ALCANÇOU"
"SP";354420;"Riolândia";;2;2;100;100;"ALCANÇOU"
"SP";354425;"Rosana";"X";0;0;;;"NÃO ALCANÇOU"
"SP";354430;"Roseira";;5;5;100;100;"ALCANÇOU"
"SP";354440;"Rubiácea";"X";0;0;;;"NÃO ALCANÇOU"
"SP";354450;"Rubinéia";"X";0;0;;;"NÃO ALCANÇOU"
"SP";354460;"Sabino";"X";0;0;;;"NÃO ALCANÇOU"
"SP";354470;"Sagres";"X";0;0;;;"NÃO ALCANÇOU"
"SP";354480;"Sales";;1;1;100;100;"ALCANÇOU"
"SP";354490;"Sales Oliveira";;3;4;75;75;"NÃO ALCANÇOU"
"SP";354500;"Salesópolis";"X";0;0;;;"NÃO ALCANÇOU"
"SP";354510;"Salmourão";;1;1;100;100;"ALCANÇOU"
"SP";354515;"Saltinho";"X";0;0;;;"NÃO ALCANÇOU"
"SP";354520;"Salto";;20;20;100;100;"ALCANÇOU"
"SP";354530;"Salto de Pirapora";;2;3;66,6666666666667;66,7;"NÃO ALCANÇOU"
"SP";354540;"Salto Grande";;1;1;100;100;"ALCANÇOU"
"SP";354550;"Sandovalina";"X";0;0;;;"NÃO ALCANÇOU"
"SP";354560;"Santa Adélia";"X";0;0;;;"NÃO ALCANÇOU"
"SP";354570;"Santa Albertina";"X";0;0;;;"NÃO ALCANÇOU"
"SP";354580;"Santa Bárbara d'Oeste";;26;34;76,4705882352941;76,5;"NÃO ALCANÇOU"
"SP";354600;"Santa Branca";;2;3;66,6666666666667;66,7;"NÃO ALCANÇOU"
"SP";354610;"Santa Clara d'Oeste";"X";0;0;;;"NÃO ALCANÇOU"
"SP";354620;"Santa Cruz da Conceição";"X";0;0;;;"NÃO ALCANÇOU"
"SP";354625;"Santa Cruz da Esperança";;1;1;100;100;"ALCANÇOU"
"SP";354630;"Santa Cruz das Palmeiras";"X";0;0;;;"NÃO ALCANÇOU"
"SP";354640;"Santa Cruz do Rio Pardo";;11;13;84,6153846153846;84,6;"ALCANÇOU"
"SP";354650;"Santa Ernestina";"X";0;0;;;"NÃO ALCANÇOU"
"SP";354660;"Santa Fé do Sul";;4;5;80;80;"ALCANÇOU"
"SP";354670;"Santa Gertrudes";;0;1;0;0;"NÃO ALCANÇOU"
"SP";354680;"Santa Isabel";;2;2;100;100;"ALCANÇOU"
"SP";354690;"Santa Lúcia";"X";0;0;;;"NÃO ALCANÇOU"
"SP";354700;"Santa Maria da Serra";"X";0;0;;;"NÃO ALCANÇOU"
"SP";354710;"Santa Mercedes";"X";0;0;;;"NÃO ALCANÇOU"
"SP";354720;"Santana da Ponte Pensa";"X";0;0;;;"NÃO ALCANÇOU"
"SP";354730;"Santana de Parnaíba";;17;19;89,4736842105263;89,5;"ALCANÇOU"
"SP";354740;"Santa Rita d'Oeste";"X";0;0;;;"NÃO ALCANÇOU"
"SP";354750;"Santa Rita do Passa Quatro";;6;6;100;100;"ALCANÇOU"
"SP";354760;"Santa Rosa de Viterbo";;2;2;100;100;"ALCANÇOU"
"SP";354765;"Santa Salete";"X";0;0;;;"NÃO ALCANÇOU"
"SP";354770;"Santo Anastácio";;2;2;100;100;"ALCANÇOU"
"SP";354780;"Santo André";;25;26;96,1538461538462;96,2;"ALCANÇOU"
"SP";354790;"Santo Antônio da Alegria";;2;2;100;100;"ALCANÇOU"
"SP";354800;"Santo Antônio de Posse";;4;5;80;80;"ALCANÇOU"
"SP";354805;"Santo Antônio do Aracanguá";"X";0;0;;;"NÃO ALCANÇOU"
"SP";354810;"Santo Antônio do Jardim";;1;1;100;100;"ALCANÇOU"
"SP";354820;"Santo Antônio do Pinhal";;2;2;100;100;"ALCANÇOU"
"SP";354830;"Santo Expedito";"X";0;0;;;"NÃO ALCANÇOU"
"SP";354840;"Santópolis do Aguapeí";"X";0;0;;;"NÃO ALCANÇOU"
"SP";354850;"Santos";;10;10;100;100;"ALCANÇOU"
"SP";354860;"São Bento do Sapucaí";;2;4;50;50;"NÃO ALCANÇOU"
"SP";354870;"São Bernardo do Campo";;23;24;95,8333333333333;95,8;"ALCANÇOU"
"SP";354880;"São Caetano do Sul";;4;4;100;100;"ALCANÇOU"
"SP";354890;"São Carlos";;33;35;94,2857142857143;94,3;"ALCANÇOU"
"SP";354900;"São Francisco";"X";0;0;;;"NÃO ALCANÇOU"
"SP";354910;"São João da Boa Vista";;9;9;100;100;"ALCANÇOU"
"SP";354920;"São João das Duas Pontes";"X";0;0;;;"NÃO ALCANÇOU"
"SP";354925;"São João de Iracema";"X";0;0;;;"NÃO ALCANÇOU"
"SP";354930;"São João do Pau d'Alho";"X";0;0;;;"NÃO ALCANÇOU"
"SP";354940;"São Joaquim da Barra";;1;1;100;100;"ALCANÇOU"
"SP";354950;"São José da Bela Vista";"X";0;0;;;"NÃO ALCANÇOU"
"SP";354960;"São José do Barreiro";"X";0;0;;;"NÃO ALCANÇOU"
"SP";354970;"São José do Rio Pardo";;2;7;28,5714285714286;28,6;"NÃO ALCANÇOU"
"SP";354980;"São José do Rio Preto";;86;89;96,6292134831461;96,6;"ALCANÇOU"
"SP";354990;"São José dos Campos";;57;60;95;95;"ALCANÇOU"
"SP";354995;"São Lourenço da Serra";"X";0;0;;;"NÃO ALCANÇOU"
"SP";355000;"São Luís do Paraitinga";;0;2;0;0;"NÃO ALCANÇOU"
"SP";355010;"São Manuel";;4;4;100;100;"ALCANÇOU"
"SP";355020;"São Miguel Arcanjo";"X";0;0;;;"NÃO ALCANÇOU"
"SP";355030;"São Paulo";;761;791;96,2073324905183;96,2;"ALCANÇOU"
"SP";355040;"São Pedro";;5;7;71,4285714285714;71,4;"NÃO ALCANÇOU"
"SP";355050;"São Pedro do Turvo";;3;3;100;100;"ALCANÇOU"
"SP";355060;"São Roque";;4;4;100;100;"ALCANÇOU"
"SP";355070;"São Sebastião";;5;10;50;50;"NÃO ALCANÇOU"
"SP";355080;"São Sebastião da Grama";;1;1;100;100;"ALCANÇOU"
"SP";355090;"São Simão";"X";0;0;;;"NÃO ALCANÇOU"
"SP";355100;"São Vicente";;10;13;76,9230769230769;76,9;"NÃO ALCANÇOU"
"SP";355110;"Sarapuí";;1;1;100;100;"ALCANÇOU"
"SP";355120;"Sarutaiá";"X";0;0;;;"NÃO ALCANÇOU"
"SP";355130;"Sebastianópolis do Sul";"X";0;0;;;"NÃO ALCANÇOU"
"SP";355140;"Serra Azul";"X";0;0;;;"NÃO ALCANÇOU"
"SP";355150;"Serrana";;1;3;33,3333333333333;33,3;"NÃO ALCANÇOU"
"SP";355160;"Serra Negra";;0;2;0;0;"NÃO ALCANÇOU"
"SP";355170;"Sertãozinho";;21;21;100;100;"ALCANÇOU"
"SP";355180;"Sete Barras";;1;2;50;50;"NÃO ALCANÇOU"
"SP";355190;"Severínia";;5;5;100;100;"ALCANÇOU"
"SP";355200;"Silveiras";"X";0;0;;;"NÃO ALCANÇOU"
"SP";355210;"Socorro";;44;53;83,0188679245283;83;"ALCANÇOU"
"SP";355220;"Sorocaba";;39;40;97,5;97,5;"ALCANÇOU"
"SP";355230;"Sud Mennucci";;1;2;50;50;"NÃO ALCANÇOU"
"SP";355240;"Sumaré";;19;21;90,4761904761905;90,5;"ALCANÇOU"
"SP";355250;"Suzano";;10;10;100;100;"ALCANÇOU"
"SP";355255;"Suzanápolis";"X";0;0;;;"NÃO ALCANÇOU"
"SP";355260;"Tabapuã";;1;1;100;100;"ALCANÇOU"
"SP";355270;"Tabatinga";;2;3;66,6666666666667;66,7;"NÃO ALCANÇOU"
"SP";355280;"Taboão da Serra";;9;12;75;75;"NÃO ALCANÇOU"
"SP";355290;"Taciba";;4;4;100;100;"ALCANÇOU"
"SP";355300;"Taguaí";"X";0;0;;;"NÃO ALCANÇOU"
"SP";355310;"Taiaçu";"X";0;0;;;"NÃO ALCANÇOU"
"SP";355320;"Taiúva";;1;1;100;100;"ALCANÇOU"
"SP";355330;"Tambaú";;2;2;100;100;"ALCANÇOU"
"SP";355340;"Tanabi";;5;6;83,3333333333333;83,3;"ALCANÇOU"
"SP";355350;"Tapiraí";"X";0;0;;;"NÃO ALCANÇOU"
"SP";355360;"Tapiratiba";"X";0;0;;;"NÃO ALCANÇOU"
"SP";355365;"Taquaral";"X";0;0;;;"NÃO ALCANÇOU"
"SP";355370;"Taquaritinga";;1;1;100;100;"ALCANÇOU"
"SP";355380;"Taquarituba";"X";0;0;;;"NÃO ALCANÇOU"
"SP";355385;"Taquarivaí";"X";0;0;;;"NÃO ALCANÇOU"
"SP";355390;"Tarabai";;2;3;66,6666666666667;66,7;"NÃO ALCANÇOU"
"SP";355395;"Tarumã";;3;5;60;60;"NÃO ALCANÇOU"
"SP";355400;"Tatuí";;5;5;100;100;"ALCANÇOU"
"SP";355410;"Taubaté";;12;21;57,1428571428571;57,1;"NÃO ALCANÇOU"
"SP";355420;"Tejupá";"X";0;0;;;"NÃO ALCANÇOU"
"SP";355430;"Teodoro Sampaio";;3;3;100;100;"ALCANÇOU"
"SP";355440;"Terra Roxa";;2;2;100;100;"ALCANÇOU"
"SP";355450;"Tietê";;2;2;100;100;"ALCANÇOU"
"SP";355460;"Timburi";"X";0;0;;;"NÃO ALCANÇOU"
"SP";355465;"Torre de Pedra";"X";0;0;;;"NÃO ALCANÇOU"
"SP";355470;"Torrinha";"X";0;0;;;"NÃO ALCANÇOU"
"SP";355475;"Trabiju";"X";0;0;;;"NÃO ALCANÇOU"
"SP";355480;"Tremembé";;8;11;72,7272727272727;72,7;"NÃO ALCANÇOU"
"SP";355490;"Três Fronteiras";;0;1;0;0;"NÃO ALCANÇOU"
"SP";355495;"Tuiuti";;1;2;50;50;"NÃO ALCANÇOU"
"SP";355500;"Tupã";;8;12;66,6666666666667;66,7;"NÃO ALCANÇOU"
"SP";355510;"Tupi Paulista";"X";0;0;;;"NÃO ALCANÇOU"
"SP";355520;"Turiúba";"X";0;0;;;"NÃO ALCANÇOU"
"SP";355530;"Turmalina";;1;1;100;100;"ALCANÇOU"
"SP";355535;"Ubarana";"X";0;0;;;"NÃO ALCANÇOU"
"SP";355540;"Ubatuba";;3;5;60;60;"NÃO ALCANÇOU"
"SP";355550;"Ubirajara";;4;5;80;80;"ALCANÇOU"
"SP";355560;"Uchoa";;1;2;50;50;"NÃO ALCANÇOU"
"SP";355570;"União Paulista";"X";0;0;;;"NÃO ALCANÇOU"
"SP";355580;"Urânia";;3;3;100;100;"ALCANÇOU"
"SP";355590;"Uru";"X";0;0;;;"NÃO ALCANÇOU"
"SP";355600;"Urupês";"X";0;0;;;"NÃO ALCANÇOU"
"SP";355610;"Valentim Gentil";;4;4;100;100;"ALCANÇOU"
"SP";355620;"Valinhos";;8;9;88,8888888888889;88,9;"ALCANÇOU"
"SP";355630;"Valparaíso";;1;2;50;50;"NÃO ALCANÇOU"
"SP";355635;"Vargem";;3;5;60;60;"NÃO ALCANÇOU"
"SP";355640;"Vargem Grande do Sul";;4;4;100;100;"ALCANÇOU"
"SP";355645;"Vargem Grande Paulista";;12;14;85,7142857142857;85,7;"ALCANÇOU"
"SP";355650;"Várzea Paulista";;9;10;90;90;"ALCANÇOU"
"SP";355660;"Vera Cruz";;15;16;93,75;93,8;"ALCANÇOU"
"SP";355670;"Vinhedo";;9;10;90;90;"ALCANÇOU"
"SP";355680;"Viradouro";"X";0;0;;;"NÃO ALCANÇOU"
"SP";355690;"Vista Alegre do Alto";;1;1;100;100;"ALCANÇOU"
"SP";355695;"Vitória Brasil";"X";0;0;;;"NÃO ALCANÇOU"
"SP";355700;"Votorantim";;2;2;100;100;"ALCANÇOU"
"SP";355710;"Votuporanga";;10;10;100;100;"ALCANÇOU"
"SP";355715;"Zacarias";"X";0;0;;;"NÃO ALCANÇOU"
"SP";355720;"Chavantes";;0;1;0;0;"NÃO ALCANÇOU"
"SP";355730;"Estiva Gerbi";;1;1;100;100;"ALCANÇOU"
"PR";410010;"Abatiá";;1;1;100;100;"ALCANÇOU"
"PR";410020;"Adrianópolis";;1;1;100;100;"ALCANÇOU"
"PR";410030;"Agudos do Sul";;4;4;100;100;"ALCANÇOU"
"PR";410040;"Almirante Tamandaré";;2;3;66,6666666666667;66,7;"NÃO ALCANÇOU"
"PR";410045;"Altamira do Paraná";"X";0;0;;;"NÃO ALCANÇOU"
"PR";410050;"Altônia";;2;2;100;100;"ALCANÇOU"
"PR";410060;"Alto Paraná";;1;1;100;100;"ALCANÇOU"
"PR";410070;"Alto Piquiri";;1;1;100;100;"ALCANÇOU"
"PR";410080;"Alvorada do Sul";;3;3;100;100;"ALCANÇOU"
"PR";410090;"Amaporã";"X";0;0;;;"NÃO ALCANÇOU"
"PR";410100;"Ampére";;1;1;100;100;"ALCANÇOU"
"PR";410105;"Anahy";"X";0;0;;;"NÃO ALCANÇOU"
"PR";410110;"Andirá";;3;4;75;75;"NÃO ALCANÇOU"
"PR";410115;"Ângulo";"X";0;0;;;"NÃO ALCANÇOU"
"PR";410120;"Antonina";"X";0;0;;;"NÃO ALCANÇOU"
"PR";410130;"Antônio Olinto";;1;1;100;100;"ALCANÇOU"
"PR";410140;"Apucarana";;2;4;50;50;"NÃO ALCANÇOU"
"PR";410150;"Arapongas";;3;4;75;75;"NÃO ALCANÇOU"
"PR";410160;"Arapoti";"X";0;0;;;"NÃO ALCANÇOU"
"PR";410165;"Arapuã";;0;1;0;0;"NÃO ALCANÇOU"
"PR";410170;"Araruna";"X";0;0;;;"NÃO ALCANÇOU"
"PR";410180;"Araucária";;2;2;100;100;"ALCANÇOU"
"PR";410185;"Ariranha do Ivaí";"X";0;0;;;"NÃO ALCANÇOU"
"PR";410190;"Assaí";;1;1;100;100;"ALCANÇOU"
"PR";410200;"Assis Chateaubriand";;0;3;0;0;"NÃO ALCANÇOU"
"PR";410210;"Astorga";"X";0;0;;;"NÃO ALCANÇOU"
"PR";410220;"Atalaia";;1;1;100;100;"ALCANÇOU"
"PR";410230;"Balsa Nova";;3;3;100;100;"ALCANÇOU"
"PR";410240;"Bandeirantes";;1;1;100;100;"ALCANÇOU"
"PR";410250;"Barbosa Ferraz";"X";0;0;;;"NÃO ALCANÇOU"
"PR";410260;"Barracão";"X";0;0;;;"NÃO ALCANÇOU"
"PR";410270;"Barra do Jacaré";"X";0;0;;;"NÃO ALCANÇOU"
"PR";410275;"Bela Vista da Caroba";"X";0;0;;;"NÃO ALCANÇOU"
"PR";410280;"Bela Vista do Paraíso";;2;3;66,6666666666667;66,7;"NÃO ALCANÇOU"
"PR";410290;"Bituruna";;1;1;100;100;"ALCANÇOU"
"PR";410300;"Boa Esperança";"X";0;0;;;"NÃO ALCANÇOU"
"PR";410302;"Boa Esperança do Iguaçu";"X";0;0;;;"NÃO ALCANÇOU"
"PR";410304;"Boa Ventura de São Roque";"X";0;0;;;"NÃO ALCANÇOU"
"PR";410305;"Boa Vista da Aparecida";"X";0;0;;;"NÃO ALCANÇOU"
"PR";410310;"Bocaiúva do Sul";"X";0;0;;;"NÃO ALCANÇOU"
"PR";410315;"Bom Jesus do Sul";"X";0;0;;;"NÃO ALCANÇOU"
"PR";410320;"Bom Sucesso";"X";0;0;;;"NÃO ALCANÇOU"
"PR";410322;"Bom Sucesso do Sul";"X";0;0;;;"NÃO ALCANÇOU"
"PR";410330;"Borrazópolis";"X";0;0;;;"NÃO ALCANÇOU"
"PR";410335;"Braganey";"X";0;0;;;"NÃO ALCANÇOU"
"PR";410337;"Brasilândia do Sul";"X";0;0;;;"NÃO ALCANÇOU"
"PR";410340;"Cafeara";;0;1;0;0;"NÃO ALCANÇOU"
"PR";410345;"Cafelândia";;3;3;100;100;"ALCANÇOU"
"PR";410347;"Cafezal do Sul";;1;1;100;100;"ALCANÇOU"
"PR";410350;"Califórnia";;1;1;100;100;"ALCANÇOU"
"PR";410360;"Cambará";;1;1;100;100;"ALCANÇOU"
"PR";410370;"Cambé";;9;13;69,2307692307692;69,2;"NÃO ALCANÇOU"
"PR";410380;"Cambira";;1;1;100;100;"ALCANÇOU"
"PR";410390;"Campina da Lagoa";"X";0;0;;;"NÃO ALCANÇOU"
"PR";410395;"Campina do Simão";"X";0;0;;;"NÃO ALCANÇOU"
"PR";410400;"Campina Grande do Sul";;1;2;50;50;"NÃO ALCANÇOU"
"PR";410405;"Campo Bonito";"X";0;0;;;"NÃO ALCANÇOU"
"PR";410410;"Campo do Tenente";;1;1;100;100;"ALCANÇOU"
"PR";410420;"Campo Largo";;4;5;80;80;"ALCANÇOU"
"PR";410425;"Campo Magro";;1;2;50;50;"NÃO ALCANÇOU"
"PR";410430;"Campo Mourão";"X";0;0;;;"NÃO ALCANÇOU"
"PR";410440;"Cândido de Abreu";;1;1;100;100;"ALCANÇOU"
"PR";410442;"Candói";"X";0;0;;;"NÃO ALCANÇOU"
"PR";410445;"Cantagalo";"X";0;0;;;"NÃO ALCANÇOU"
"PR";410450;"Capanema";"X";0;0;;;"NÃO ALCANÇOU"
"PR";410460;"Capitão Leônidas Marques";;0;1;0;0;"NÃO ALCANÇOU"
"PR";410465;"Carambeí";;0;1;0;0;"NÃO ALCANÇOU"
"PR";410470;"Carlópolis";;4;4;100;100;"ALCANÇOU"
"PR";410480;"Cascavel";;34;40;85;85;"ALCANÇOU"
"PR";410490;"Castro";;9;10;90;90;"ALCANÇOU"
"PR";410500;"Catanduvas";"X";0;0;;;"NÃO ALCANÇOU"
"PR";410510;"Centenário do Sul";"X";0;0;;;"NÃO ALCANÇOU"
"PR";410520;"Cerro Azul";"X";0;0;;;"NÃO ALCANÇOU"
"PR";410530;"Céu Azul";;0;1;0;0;"NÃO ALCANÇOU"
"PR";410540;"Chopinzinho";"X";0;0;;;"NÃO ALCANÇOU"
"PR";410550;"Cianorte";;3;4;75;75;"NÃO ALCANÇOU"
"PR";410560;"Cidade Gaúcha";;0;4;0;0;"NÃO ALCANÇOU"
"PR";410570;"Clevelândia";;1;1;100;100;"ALCANÇOU"
"PR";410580;"Colombo";;4;4;100;100;"ALCANÇOU"
"PR";410590;"Colorado";"X";0;0;;;"NÃO ALCANÇOU"
"PR";410600;"Congonhinhas";"X";0;0;;;"NÃO ALCANÇOU"
"PR";410610;"Conselheiro Mairinck";"X";0;0;;;"NÃO ALCANÇOU"
"PR";410620;"Contenda";;1;2;50;50;"NÃO ALCANÇOU"
"PR";410630;"Corbélia";"X";0;0;;;"NÃO ALCANÇOU"
"PR";410640;"Cornélio Procópio";;2;2;100;100;"ALCANÇOU"
"PR";410645;"Coronel Domingos Soares";"X";0;0;;;"NÃO ALCANÇOU"
"PR";410650;"Coronel Vivida";;1;1;100;100;"ALCANÇOU"
"PR";410655;"Corumbataí do Sul";"X";0;0;;;"NÃO ALCANÇOU"
"PR";410657;"Cruzeiro do Iguaçu";"X";0;0;;;"NÃO ALCANÇOU"
"PR";410660;"Cruzeiro do Oeste";"X";0;0;;;"NÃO ALCANÇOU"
"PR";410670;"Cruzeiro do Sul";"X";0;0;;;"NÃO ALCANÇOU"
"PR";410680;"Cruz Machado";"X";0;0;;;"NÃO ALCANÇOU"
"PR";410685;"Cruzmaltina";"X";0;0;;;"NÃO ALCANÇOU"
"PR";410690;"Curitiba";;85;96;88,5416666666667;88,5;"ALCANÇOU"
"PR";410700;"Curiúva";;1;2;50;50;"NÃO ALCANÇOU"
"PR";410710;"Diamante do Norte";;0;1;0;0;"NÃO ALCANÇOU"
"PR";410712;"Diamante do Sul";"X";0;0;;;"NÃO ALCANÇOU"
"PR";410715;"Diamante D'Oeste";"X";0;0;;;"NÃO ALCANÇOU"
"PR";410720;"Dois Vizinhos";;1;1;100;100;"ALCANÇOU"
"PR";410725;"Douradina";;1;1;100;100;"ALCANÇOU"
"PR";410730;"Doutor Camargo";"X";0;0;;;"NÃO ALCANÇOU"
"PR";410740;"Enéas Marques";"X";0;0;;;"NÃO ALCANÇOU"
"PR";410750;"Engenheiro Beltrão";"X";0;0;;;"NÃO ALCANÇOU"
"PR";410752;"Esperança Nova";;1;1;100;100;"ALCANÇOU"
"PR";410753;"Entre Rios do Oeste";;1;1;100;100;"ALCANÇOU"
"PR";410754;"Espigão Alto do Iguaçu";"X";0;0;;;"NÃO ALCANÇOU"
"PR";410755;"Farol";"X";0;0;;;"NÃO ALCANÇOU"
"PR";410760;"Faxinal";;3;3;100;100;"ALCANÇOU"
"PR";410765;"Fazenda Rio Grande";;3;4;75;75;"NÃO ALCANÇOU"
"PR";410770;"Fênix";;2;2;100;100;"ALCANÇOU"
"PR";410773;"Fernandes Pinheiro";"X";0;0;;;"NÃO ALCANÇOU"
"PR";410775;"Figueira";"X";0;0;;;"NÃO ALCANÇOU"
"PR";410780;"Floraí";"X";0;0;;;"NÃO ALCANÇOU"
"PR";410785;"Flor da Serra do Sul";"X";0;0;;;"NÃO ALCANÇOU"
"PR";410790;"Floresta";;1;1;100;100;"ALCANÇOU"
"PR";410800;"Florestópolis";;4;5;80;80;"ALCANÇOU"
"PR";410810;"Flórida";"X";0;0;;;"NÃO ALCANÇOU"
"PR";410820;"Formosa do Oeste";"X";0;0;;;"NÃO ALCANÇOU"
"PR";410830;"Foz do Iguaçu";;27;31;87,0967741935484;87,1;"ALCANÇOU"
"PR";410832;"Francisco Alves";"X";0;0;;;"NÃO ALCANÇOU"
"PR";410840;"Francisco Beltrão";;5;5;100;100;"ALCANÇOU"
"PR";410845;"Foz do Jordão";;1;1;100;100;"ALCANÇOU"
"PR";410850;"General Carneiro";;1;1;100;100;"ALCANÇOU"
"PR";410855;"Godoy Moreira";"X";0;0;;;"NÃO ALCANÇOU"
"PR";410860;"Goioerê";;2;2;100;100;"ALCANÇOU"
"PR";410865;"Goioxim";"X";0;0;;;"NÃO ALCANÇOU"
"PR";410870;"Grandes Rios";"X";0;0;;;"NÃO ALCANÇOU"
"PR";410880;"Guaíra";;2;2;100;100;"ALCANÇOU"
"PR";410890;"Guairaçá";"X";0;0;;;"NÃO ALCANÇOU"
"PR";410895;"Guamiranga";"X";0;0;;;"NÃO ALCANÇOU"
"PR";410900;"Guapirama";"X";0;0;;;"NÃO ALCANÇOU"
"PR";410910;"Guaporema";"X";0;0;;;"NÃO ALCANÇOU"
"PR";410920;"Guaraci";"X";0;0;;;"NÃO ALCANÇOU"
"PR";410930;"Guaraniaçu";;5;5;100;100;"ALCANÇOU"
"PR";410940;"Guarapuava";;15;15;100;100;"ALCANÇOU"
"PR";410950;"Guaraqueçaba";"X";0;0;;;"NÃO ALCANÇOU"
"PR";410960;"Guaratuba";"X";0;0;;;"NÃO ALCANÇOU"
"PR";410965;"Honório Serpa";"X";0;0;;;"NÃO ALCANÇOU"
"PR";410970;"Ibaiti";;0;2;0;0;"NÃO ALCANÇOU"
"PR";410975;"Ibema";"X";0;0;;;"NÃO ALCANÇOU"
"PR";410980;"Ibiporã";;10;10;100;100;"ALCANÇOU"
"PR";410990;"Icaraíma";;1;1;100;100;"ALCANÇOU"
"PR";411000;"Iguaraçu";;1;1;100;100;"ALCANÇOU"
"PR";411005;"Iguatu";"X";0;0;;;"NÃO ALCANÇOU"
"PR";411007;"Imbaú";"X";0;0;;;"NÃO ALCANÇOU"
"PR";411010;"Imbituva";;1;2;50;50;"NÃO ALCANÇOU"
"PR";411020;"Inácio Martins";;0;1;0;0;"NÃO ALCANÇOU"
"PR";411030;"Inajá";"X";0;0;;;"NÃO ALCANÇOU"
"PR";411040;"Indianópolis";;1;1;100;100;"ALCANÇOU"
"PR";411050;"Ipiranga";;1;3;33,3333333333333;33,3;"NÃO ALCANÇOU"
"PR";411060;"Iporã";"X";0;0;;;"NÃO ALCANÇOU"
"PR";411065;"Iracema do Oeste";"X";0;0;;;"NÃO ALCANÇOU"
"PR";411070;"Irati";"X";0;0;;;"NÃO ALCANÇOU"
"PR";411080;"Iretama";"X";0;0;;;"NÃO ALCANÇOU"
"PR";411090;"Itaguajé";;1;1;100;100;"ALCANÇOU"
"PR";411095;"Itaipulândia";"X";0;0;;;"NÃO ALCANÇOU"
"PR";411100;"Itambaracá";"X";0;0;;;"NÃO ALCANÇOU"
"PR";411110;"Itambé";;1;1;100;100;"ALCANÇOU"
"PR";411120;"Itapejara d'Oeste";"X";0;0;;;"NÃO ALCANÇOU"
"PR";411125;"Itaperuçu";"X";0;0;;;"NÃO ALCANÇOU"
"PR";411130;"Itaúna do Sul";;0;1;0;0;"NÃO ALCANÇOU"
"PR";411140;"Ivaí";;0;1;0;0;"NÃO ALCANÇOU"
"PR";411150;"Ivaiporã";"X";0;0;;;"NÃO ALCANÇOU"
"PR";411155;"Ivaté";"X";0;0;;;"NÃO ALCANÇOU"
"PR";411160;"Ivatuba";"X";0;0;;;"NÃO ALCANÇOU"
"PR";411170;"Jaboti";;1;2;50;50;"NÃO ALCANÇOU"
"PR";411180;"Jacarezinho";;9;9;100;100;"ALCANÇOU"
"PR";411190;"Jaguapitã";;17;17;100;100;"ALCANÇOU"
"PR";411200;"Jaguariaíva";;2;3;66,6666666666667;66,7;"NÃO ALCANÇOU"
"PR";411210;"Jandaia do Sul";;0;1;0;0;"NÃO ALCANÇOU"
"PR";411220;"Janiópolis";;0;1;0;0;"NÃO ALCANÇOU"
"PR";411230;"Japira";"X";0;0;;;"NÃO ALCANÇOU"
"PR";411240;"Japurá";;1;1;100;100;"ALCANÇOU"
"PR";411250;"Jardim Alegre";;5;5;100;100;"ALCANÇOU"
"PR";411260;"Jardim Olinda";"X";0;0;;;"NÃO ALCANÇOU"
"PR";411270;"Jataizinho";;2;2;100;100;"ALCANÇOU"
"PR";411275;"Jesuítas";"X";0;0;;;"NÃO ALCANÇOU"
"PR";411280;"Joaquim Távora";;0;3;0;0;"NÃO ALCANÇOU"
"PR";411290;"Jundiaí do Sul";"X";0;0;;;"NÃO ALCANÇOU"
"PR";411295;"Juranda";"X";0;0;;;"NÃO ALCANÇOU"
"PR";411300;"Jussara";"X";0;0;;;"NÃO ALCANÇOU"
"PR";411310;"Kaloré";"X";0;0;;;"NÃO ALCANÇOU"
"PR";411320;"Lapa";;2;2;100;100;"ALCANÇOU"
"PR";411325;"Laranjal";"X";0;0;;;"NÃO ALCANÇOU"
"PR";411330;"Laranjeiras do Sul";;12;13;92,3076923076923;92,3;"ALCANÇOU"
"PR";411340;"Leópolis";"X";0;0;;;"NÃO ALCANÇOU"
"PR";411342;"Lidianópolis";"X";0;0;;;"NÃO ALCANÇOU"
"PR";411345;"Lindoeste";"X";0;0;;;"NÃO ALCANÇOU"
"PR";411350;"Loanda";;2;2;100;100;"ALCANÇOU"
"PR";411360;"Lobato";"X";0;0;;;"NÃO ALCANÇOU"
"PR";411370;"Londrina";;34;35;97,1428571428571;97,1;"ALCANÇOU"
"PR";411373;"Luiziana";"X";0;0;;;"NÃO ALCANÇOU"
"PR";411375;"Lunardelli";;1;1;100;100;"ALCANÇOU"
"PR";411380;"Lupionópolis";"X";0;0;;;"NÃO ALCANÇOU"
"PR";411390;"Mallet";;1;1;100;100;"ALCANÇOU"
"PR";411400;"Mamborê";;1;1;100;100;"ALCANÇOU"
"PR";411410;"Mandaguaçu";;4;6;66,6666666666667;66,7;"NÃO ALCANÇOU"
"PR";411420;"Mandaguari";;2;2;100;100;"ALCANÇOU"
"PR";411430;"Mandirituba";;0;1;0;0;"NÃO ALCANÇOU"
"PR";411435;"Manfrinópolis";"X";0;0;;;"NÃO ALCANÇOU"
"PR";411440;"Mangueirinha";;2;2;100;100;"ALCANÇOU"
"PR";411450;"Manoel Ribas";"X";0;0;;;"NÃO ALCANÇOU"
"PR";411460;"Marechal Cândido Rondon";;6;6;100;100;"ALCANÇOU"
"PR";411470;"Maria Helena";"X";0;0;;;"NÃO ALCANÇOU"
"PR";411480;"Marialva";"X";0;0;;;"NÃO ALCANÇOU"
"PR";411490;"Marilândia do Sul";"X";0;0;;;"NÃO ALCANÇOU"
"PR";411500;"Marilena";;2;2;100;100;"ALCANÇOU"
"PR";411510;"Mariluz";"X";0;0;;;"NÃO ALCANÇOU"
"PR";411520;"Maringá";;25;26;96,1538461538462;96,2;"ALCANÇOU"
"PR";411530;"Mariópolis";"X";0;0;;;"NÃO ALCANÇOU"
"PR";411535;"Maripá";"X";0;0;;;"NÃO ALCANÇOU"
"PR";411540;"Marmeleiro";;4;4;100;100;"ALCANÇOU"
"PR";411545;"Marquinho";"X";0;0;;;"NÃO ALCANÇOU"
"PR";411550;"Marumbi";"X";0;0;;;"NÃO ALCANÇOU"
"PR";411560;"Matelândia";;1;1;100;100;"ALCANÇOU"
"PR";411570;"Matinhos";;3;3;100;100;"ALCANÇOU"
"PR";411573;"Mato Rico";"X";0;0;;;"NÃO ALCANÇOU"
"PR";411575;"Mauá da Serra";"X";0;0;;;"NÃO ALCANÇOU"
"PR";411580;"Medianeira";;2;2;100;100;"ALCANÇOU"
"PR";411585;"Mercedes";"X";0;0;;;"NÃO ALCANÇOU"
"PR";411590;"Mirador";;1;1;100;100;"ALCANÇOU"
"PR";411600;"Miraselva";"X";0;0;;;"NÃO ALCANÇOU"
"PR";411605;"Missal";"X";0;0;;;"NÃO ALCANÇOU"
"PR";411610;"Moreira Sales";"X";0;0;;;"NÃO ALCANÇOU"
"PR";411620;"Morretes";"X";0;0;;;"NÃO ALCANÇOU"
"PR";411630;"Munhoz de Melo";"X";0;0;;;"NÃO ALCANÇOU"
"PR";411640;"Nossa Senhora das Graças";"X";0;0;;;"NÃO ALCANÇOU"
"PR";411650;"Nova Aliança do Ivaí";;1;2;50;50;"NÃO ALCANÇOU"
"PR";411660;"Nova América da Colina";;1;1;100;100;"ALCANÇOU"
"PR";411670;"Nova Aurora";;1;1;100;100;"ALCANÇOU"
"PR";411680;"Nova Cantu";"X";0;0;;;"NÃO ALCANÇOU"
"PR";411690;"Nova Esperança";;2;2;100;100;"ALCANÇOU"
"PR";411695;"Nova Esperança do Sudoeste";;1;1;100;100;"ALCANÇOU"
"PR";411700;"Nova Fátima";;5;5;100;100;"ALCANÇOU"
"PR";411705;"Nova Laranjeiras";;0;1;0;0;"NÃO ALCANÇOU"
"PR";411710;"Nova Londrina";;1;3;33,3333333333333;33,3;"NÃO ALCANÇOU"
"PR";411720;"Nova Olímpia";;1;1;100;100;"ALCANÇOU"
"PR";411721;"Nova Santa Bárbara";"X";0;0;;;"NÃO ALCANÇOU"
"PR";411722;"Nova Santa Rosa";"X";0;0;;;"NÃO ALCANÇOU"
"PR";411725;"Nova Prata do Iguaçu";;2;2;100;100;"ALCANÇOU"
"PR";411727;"Nova Tebas";;1;1;100;100;"ALCANÇOU"
"PR";411729;"Novo Itacolomi";"X";0;0;;;"NÃO ALCANÇOU"
"PR";411730;"Ortigueira";;1;4;25;25;"NÃO ALCANÇOU"
"PR";411740;"Ourizona";;1;1;100;100;"ALCANÇOU"
"PR";411745;"Ouro Verde do Oeste";;1;1;100;100;"ALCANÇOU"
"PR";411750;"Paiçandu";;5;5;100;100;"ALCANÇOU"
"PR";411760;"Palmas";;1;1;100;100;"ALCANÇOU"
"PR";411770;"Palmeira";;7;7;100;100;"ALCANÇOU"
"PR";411780;"Palmital";;1;1;100;100;"ALCANÇOU"
"PR";411790;"Palotina";;1;1;100;100;"ALCANÇOU"
"PR";411800;"Paraíso do Norte";"X";0;0;;;"NÃO ALCANÇOU"
"PR";411810;"Paranacity";;1;1;100;100;"ALCANÇOU"
"PR";411820;"Paranaguá";;12;15;80;80;"ALCANÇOU"
"PR";411830;"Paranapoema";"X";0;0;;;"NÃO ALCANÇOU"
"PR";411840;"Paranavaí";;5;5;100;100;"ALCANÇOU"
"PR";411845;"Pato Bragado";"X";0;0;;;"NÃO ALCANÇOU"
"PR";411850;"Pato Branco";;2;3;66,6666666666667;66,7;"NÃO ALCANÇOU"
"PR";411860;"Paula Freitas";;1;1;100;100;"ALCANÇOU"
"PR";411870;"Paulo Frontin";"X";0;0;;;"NÃO ALCANÇOU"
"PR";411880;"Peabiru";"X";0;0;;;"NÃO ALCANÇOU"
"PR";411885;"Perobal";"X";0;0;;;"NÃO ALCANÇOU"
"PR";411890;"Pérola";"X";0;0;;;"NÃO ALCANÇOU"
"PR";411900;"Pérola d'Oeste";"X";0;0;;;"NÃO ALCANÇOU"
"PR";411910;"Piên";;1;1;100;100;"ALCANÇOU"
"PR";411915;"Pinhais";;5;5;100;100;"ALCANÇOU"
"PR";411920;"Pinhalão";"X";0;0;;;"NÃO ALCANÇOU"
"PR";411925;"Pinhal de São Bento";"X";0;0;;;"NÃO ALCANÇOU"
"PR";411930;"Pinhão";;2;3;66,6666666666667;66,7;"NÃO ALCANÇOU"
"PR";411940;"Piraí do Sul";;2;2;100;100;"ALCANÇOU"
"PR";411950;"Piraquara";;5;5;100;100;"ALCANÇOU"
"PR";411960;"Pitanga";;5;6;83,3333333333333;83,3;"ALCANÇOU"
"PR";411965;"Pitangueiras";"X";0;0;;;"NÃO ALCANÇOU"
"PR";411970;"Planaltina do Paraná";"X";0;0;;;"NÃO ALCANÇOU"
"PR";411980;"Planalto";"X";0;0;;;"NÃO ALCANÇOU"
"PR";411990;"Ponta Grossa";;27;36;75;75;"NÃO ALCANÇOU"
"PR";411995;"Pontal do Paraná";"X";0;0;;;"NÃO ALCANÇOU"
"PR";412000;"Porecatu";;7;9;77,7777777777778;77,8;"NÃO ALCANÇOU"
"PR";412010;"Porto Amazonas";"X";0;0;;;"NÃO ALCANÇOU"
"PR";412015;"Porto Barreiro";"X";0;0;;;"NÃO ALCANÇOU"
"PR";412020;"Porto Rico";"X";0;0;;;"NÃO ALCANÇOU"
"PR";412030;"Porto Vitória";"X";0;0;;;"NÃO ALCANÇOU"
"PR";412033;"Prado Ferreira";;1;1;100;100;"ALCANÇOU"
"PR";412035;"Pranchita";"X";0;0;;;"NÃO ALCANÇOU"
"PR";412040;"Presidente Castelo Branco";"X";0;0;;;"NÃO ALCANÇOU"
"PR";412050;"Primeiro de Maio";;1;1;100;100;"ALCANÇOU"
"PR";412060;"Prudentópolis";;1;1;100;100;"ALCANÇOU"
"PR";412065;"Quarto Centenário";;1;1;100;100;"ALCANÇOU"
"PR";412070;"Quatiguá";"X";0;0;;;"NÃO ALCANÇOU"
"PR";412080;"Quatro Barras";"X";0;0;;;"NÃO ALCANÇOU"
"PR";412085;"Quatro Pontes";"X";0;0;;;"NÃO ALCANÇOU"
"PR";412090;"Quedas do Iguaçu";;2;2;100;100;"ALCANÇOU"
"PR";412100;"Querência do Norte";;3;5;60;60;"NÃO ALCANÇOU"
"PR";412110;"Quinta do Sol";"X";0;0;;;"NÃO ALCANÇOU"
"PR";412120;"Quitandinha";;1;1;100;100;"ALCANÇOU"
"PR";412125;"Ramilândia";"X";0;0;;;"NÃO ALCANÇOU"
"PR";412130;"Rancho Alegre";"X";0;0;;;"NÃO ALCANÇOU"
"PR";412135;"Rancho Alegre D'Oeste";"X";0;0;;;"NÃO ALCANÇOU"
"PR";412140;"Realeza";"X";0;0;;;"NÃO ALCANÇOU"
"PR";412150;"Rebouças";"X";0;0;;;"NÃO ALCANÇOU"
"PR";412160;"Renascença";"X";0;0;;;"NÃO ALCANÇOU"
"PR";412170;"Reserva";;2;2;100;100;"ALCANÇOU"
"PR";412175;"Reserva do Iguaçu";;1;1;100;100;"ALCANÇOU"
"PR";412180;"Ribeirão Claro";;2;5;40;40;"NÃO ALCANÇOU"
"PR";412190;"Ribeirão do Pinhal";;1;2;50;50;"NÃO ALCANÇOU"
"PR";412200;"Rio Azul";"X";0;0;;;"NÃO ALCANÇOU"
"PR";412210;"Rio Bom";"X";0;0;;;"NÃO ALCANÇOU"
"PR";412215;"Rio Bonito do Iguaçu";"X";0;0;;;"NÃO ALCANÇOU"
"PR";412217;"Rio Branco do Ivaí";"X";0;0;;;"NÃO ALCANÇOU"
"PR";412220;"Rio Branco do Sul";;0;2;0;0;"NÃO ALCANÇOU"
"PR";412230;"Rio Negro";;1;1;100;100;"ALCANÇOU"
"PR";412240;"Rolândia";;2;3;66,6666666666667;66,7;"NÃO ALCANÇOU"
"PR";412250;"Roncador";"X";0;0;;;"NÃO ALCANÇOU"
"PR";412260;"Rondon";;1;1;100;100;"ALCANÇOU"
"PR";412265;"Rosário do Ivaí";;0;1;0;0;"NÃO ALCANÇOU"
"PR";412270;"Sabáudia";;2;2;100;100;"ALCANÇOU"
"PR";412280;"Salgado Filho";"X";0;0;;;"NÃO ALCANÇOU"
"PR";412290;"Salto do Itararé";"X";0;0;;;"NÃO ALCANÇOU"
"PR";412300;"Salto do Lontra";"X";0;0;;;"NÃO ALCANÇOU"
"PR";412310;"Santa Amélia";"X";0;0;;;"NÃO ALCANÇOU"
"PR";412320;"Santa Cecília do Pavão";"X";0;0;;;"NÃO ALCANÇOU"
"PR";412330;"Santa Cruz de Monte Castelo";;0;1;0;0;"NÃO ALCANÇOU"
"PR";412340;"Santa Fé";"X";0;0;;;"NÃO ALCANÇOU"
"PR";412350;"Santa Helena";;6;6;100;100;"ALCANÇOU"
"PR";412360;"Santa Inês";;1;1;100;100;"ALCANÇOU"
"PR";412370;"Santa Isabel do Ivaí";"X";0;0;;;"NÃO ALCANÇOU"
"PR";412380;"Santa Izabel do Oeste";"X";0;0;;;"NÃO ALCANÇOU"
"PR";412382;"Santa Lúcia";;1;1;100;100;"ALCANÇOU"
"PR";412385;"Santa Maria do Oeste";"X";0;0;;;"NÃO ALCANÇOU"
"PR";412390;"Santa Mariana";"X";0;0;;;"NÃO ALCANÇOU"
"PR";412395;"Santa Mônica";"X";0;0;;;"NÃO ALCANÇOU"
"PR";412400;"Santana do Itararé";;0;2;0;0;"NÃO ALCANÇOU"
"PR";412402;"Santa Tereza do Oeste";;1;1;100;100;"ALCANÇOU"
"PR";412405;"Santa Terezinha de Itaipu";;4;5;80;80;"ALCANÇOU"
"PR";412410;"Santo Antônio da Platina";;0;3;0;0;"NÃO ALCANÇOU"
"PR";412420;"Santo Antônio do Caiuá";;1;2;50;50;"NÃO ALCANÇOU"
"PR";412430;"Santo Antônio do Paraíso";"X";0;0;;;"NÃO ALCANÇOU"
"PR";412440;"Santo Antônio do Sudoeste";"X";0;0;;;"NÃO ALCANÇOU"
"PR";412450;"Santo Inácio";;2;2;100;100;"ALCANÇOU"
"PR";412460;"São Carlos do Ivaí";"X";0;0;;;"NÃO ALCANÇOU"
"PR";412470;"São Jerônimo da Serra";;1;1;100;100;"ALCANÇOU"
"PR";412480;"São João";"X";0;0;;;"NÃO ALCANÇOU"
"PR";412490;"São João do Caiuá";;0;1;0;0;"NÃO ALCANÇOU"
"PR";412500;"São João do Ivaí";;1;1;100;100;"ALCANÇOU"
"PR";412510;"São João do Triunfo";;4;4;100;100;"ALCANÇOU"
"PR";412520;"São Jorge d'Oeste";;0;1;0;0;"NÃO ALCANÇOU"
"PR";412530;"São Jorge do Ivaí";;1;1;100;100;"ALCANÇOU"
"PR";412535;"São Jorge do Patrocínio";;1;1;100;100;"ALCANÇOU"
"PR";412540;"São José da Boa Vista";"X";0;0;;;"NÃO ALCANÇOU"
"PR";412545;"São José das Palmeiras";"X";0;0;;;"NÃO ALCANÇOU"
"PR";412550;"São José dos Pinhais";;9;9;100;100;"ALCANÇOU"
"PR";412555;"São Manoel do Paraná";"X";0;0;;;"NÃO ALCANÇOU"
"PR";412560;"São Mateus do Sul";;1;1;100;100;"ALCANÇOU"
"PR";412570;"São Miguel do Iguaçu";;1;1;100;100;"ALCANÇOU"
"PR";412575;"São Pedro do Iguaçu";"X";0;0;;;"NÃO ALCANÇOU"
"PR";412580;"São Pedro do Ivaí";"X";0;0;;;"NÃO ALCANÇOU"
"PR";412590;"São Pedro do Paraná";"X";0;0;;;"NÃO ALCANÇOU"
"PR";412600;"São Sebastião da Amoreira";"X";0;0;;;"NÃO ALCANÇOU"
"PR";412610;"São Tomé";"X";0;0;;;"NÃO ALCANÇOU"
"PR";412620;"Sapopema";;2;3;66,6666666666667;66,7;"NÃO ALCANÇOU"
"PR";412625;"Sarandi";;4;4;100;100;"ALCANÇOU"
"PR";412627;"Saudade do Iguaçu";"X";0;0;;;"NÃO ALCANÇOU"
"PR";412630;"Sengés";;2;2;100;100;"ALCANÇOU"
"PR";412635;"Serranópolis do Iguaçu";;1;1;100;100;"ALCANÇOU"
"PR";412640;"Sertaneja";;1;1;100;100;"ALCANÇOU"
"PR";412650;"Sertanópolis";;3;4;75;75;"NÃO ALCANÇOU"
"PR";412660;"Siqueira Campos";;0;1;0;0;"NÃO ALCANÇOU"
"PR";412665;"Sulina";"X";0;0;;;"NÃO ALCANÇOU"
"PR";412667;"Tamarana";;0;1;0;0;"NÃO ALCANÇOU"
"PR";412670;"Tamboara";"X";0;0;;;"NÃO ALCANÇOU"
"PR";412680;"Tapejara";"X";0;0;;;"NÃO ALCANÇOU"
"PR";412690;"Tapira";"X";0;0;;;"NÃO ALCANÇOU"
"PR";412700;"Teixeira Soares";"X";0;0;;;"NÃO ALCANÇOU"
"PR";412710;"Telêmaco Borba";;8;9;88,8888888888889;88,9;"ALCANÇOU"
"PR";412720;"Terra Boa";"X";0;0;;;"NÃO ALCANÇOU"
"PR";412730;"Terra Rica";"X";0;0;;;"NÃO ALCANÇOU"
"PR";412740;"Terra Roxa";;2;4;50;50;"NÃO ALCANÇOU"
"PR";412750;"Tibagi";;1;1;100;100;"ALCANÇOU"
"PR";412760;"Tijucas do Sul";;0;10;0;0;"NÃO ALCANÇOU"
"PR";412770;"Toledo";;11;11;100;100;"ALCANÇOU"
"PR";412780;"Tomazina";;4;5;80;80;"ALCANÇOU"
"PR";412785;"Três Barras do Paraná";;3;3;100;100;"ALCANÇOU"
"PR";412788;"Tunas do Paraná";"X";0;0;;;"NÃO ALCANÇOU"
"PR";412790;"Tuneiras do Oeste";;0;1;0;0;"NÃO ALCANÇOU"
"PR";412795;"Tupãssi";"X";0;0;;;"NÃO ALCANÇOU"
"PR";412796;"Turvo";;1;1;100;100;"ALCANÇOU"
"PR";412800;"Ubiratã";;1;1;100;100;"ALCANÇOU"
"PR";412810;"Umuarama";;4;4;100;100;"ALCANÇOU"
"PR";412820;"União da Vitória";;6;6;100;100;"ALCANÇOU"
"PR";412830;"Uniflor";"X";0;0;;;"NÃO ALCANÇOU"
"PR";412840;"Uraí";"X";0;0;;;"NÃO ALCANÇOU"
"PR";412850;"Wenceslau Braz";;1;1;100;100;"ALCANÇOU"
"PR";412853;"Ventania";"X";0;0;;;"NÃO ALCANÇOU"
"PR";412855;"Vera Cruz do Oeste";"X";0;0;;;"NÃO ALCANÇOU"
"PR";412860;"Verê";"X";0;0;;;"NÃO ALCANÇOU"
"PR";412862;"Alto Paraíso";"X";0;0;;;"NÃO ALCANÇOU"
"PR";412863;"Doutor Ulysses";"X";0;0;;;"NÃO ALCANÇOU"
"PR";412865;"Virmond";"X";0;0;;;"NÃO ALCANÇOU"
"PR";412870;"Vitorino";"X";0;0;;;"NÃO ALCANÇOU"
"PR";412880;"Xambrê";"X";0;0;;;"NÃO ALCANÇOU"
"SC";420005;"Abdon Batista";"X";0;0;;;"NÃO ALCANÇOU"
"SC";420010;"Abelardo Luz";"X";0;0;;;"NÃO ALCANÇOU"
"SC";420020;"Agrolândia";;5;5;100;100;"ALCANÇOU"
"SC";420030;"Agronômica";;6;8;75;75;"NÃO ALCANÇOU"
"SC";420040;"Água Doce";"X";0;0;;;"NÃO ALCANÇOU"
"SC";420050;"Águas de Chapecó";"X";0;0;;;"NÃO ALCANÇOU"
"SC";420055;"Águas Frias";"X";0;0;;;"NÃO ALCANÇOU"
"SC";420060;"Águas Mornas";;1;1;100;100;"ALCANÇOU"
"SC";420070;"Alfredo Wagner";"X";0;0;;;"NÃO ALCANÇOU"
"SC";420075;"Alto Bela Vista";"X";0;0;;;"NÃO ALCANÇOU"
"SC";420080;"Anchieta";"X";0;0;;;"NÃO ALCANÇOU"
"SC";420090;"Angelina";"X";0;0;;;"NÃO ALCANÇOU"
"SC";420100;"Anita Garibaldi";"X";0;0;;;"NÃO ALCANÇOU"
"SC";420110;"Anitápolis";"X";0;0;;;"NÃO ALCANÇOU"
"SC";420120;"Antônio Carlos";;2;2;100;100;"ALCANÇOU"
"SC";420125;"Apiúna";"X";0;0;;;"NÃO ALCANÇOU"
"SC";420127;"Arabutã";;0;1;0;0;"NÃO ALCANÇOU"
"SC";420130;"Araquari";;5;5;100;100;"ALCANÇOU"
"SC";420140;"Araranguá";"X";0;0;;;"NÃO ALCANÇOU"
"SC";420150;"Armazém";;1;1;100;100;"ALCANÇOU"
"SC";420160;"Arroio Trinta";"X";0;0;;;"NÃO ALCANÇOU"
"SC";420165;"Arvoredo";"X";0;0;;;"NÃO ALCANÇOU"
"SC";420170;"Ascurra";"X";0;0;;;"NÃO ALCANÇOU"
"SC";420180;"Atalanta";"X";0;0;;;"NÃO ALCANÇOU"
"SC";420190;"Aurora";"X";0;0;;;"NÃO ALCANÇOU"
"SC";420195;"Balneário Arroio do Silva";"X";0;0;;;"NÃO ALCANÇOU"
"SC";420200;"Balneário Camboriú";;14;14;100;100;"ALCANÇOU"
"SC";420205;"Balneário Barra do Sul";"X";0;0;;;"NÃO ALCANÇOU"
"SC";420207;"Balneário Gaivota";;2;2;100;100;"ALCANÇOU"
"SC";420208;"Bandeirante";"X";0;0;;;"NÃO ALCANÇOU"
"SC";420209;"Barra Bonita";"X";0;0;;;"NÃO ALCANÇOU"
"SC";420210;"Barra Velha";;1;1;100;100;"ALCANÇOU"
"SC";420213;"Bela Vista do Toldo";"X";0;0;;;"NÃO ALCANÇOU"
"SC";420215;"Belmonte";"X";0;0;;;"NÃO ALCANÇOU"
"SC";420220;"Benedito Novo";"X";0;0;;;"NÃO ALCANÇOU"
"SC";420230;"Biguaçu";;3;3;100;100;"ALCANÇOU"
"SC";420240;"Blumenau";;8;9;88,8888888888889;88,9;"ALCANÇOU"
"SC";420243;"Bocaina do Sul";"X";0;0;;;"NÃO ALCANÇOU"
"SC";420245;"Bombinhas";;4;4;100;100;"ALCANÇOU"
"SC";420250;"Bom Jardim da Serra";"X";0;0;;;"NÃO ALCANÇOU"
"SC";420253;"Bom Jesus";"X";0;0;;;"NÃO ALCANÇOU"
"SC";420257;"Bom Jesus do Oeste";"X";0;0;;;"NÃO ALCANÇOU"
"SC";420260;"Bom Retiro";"X";0;0;;;"NÃO ALCANÇOU"
"SC";420270;"Botuverá";"X";0;0;;;"NÃO ALCANÇOU"
"SC";420280;"Braço do Norte";;4;4;100;100;"ALCANÇOU"
"SC";420285;"Braço do Trombudo";"X";0;0;;;"NÃO ALCANÇOU"
"SC";420287;"Brunópolis";"X";0;0;;;"NÃO ALCANÇOU"
"SC";420290;"Brusque";;3;3;100;100;"ALCANÇOU"
"SC";420300;"Caçador";"X";0;0;;;"NÃO ALCANÇOU"
"SC";420310;"Caibi";"X";0;0;;;"NÃO ALCANÇOU"
"SC";420315;"Calmon";"X";0;0;;;"NÃO ALCANÇOU"
"SC";420320;"Camboriú";;5;5;100;100;"ALCANÇOU"
"SC";420325;"Capão Alto";"X";0;0;;;"NÃO ALCANÇOU"
"SC";420330;"Campo Alegre";"X";0;0;;;"NÃO ALCANÇOU"
"SC";420340;"Campo Belo do Sul";"X";0;0;;;"NÃO ALCANÇOU"
"SC";420350;"Campo Erê";"X";0;0;;;"NÃO ALCANÇOU"
"SC";420360;"Campos Novos";"X";0;0;;;"NÃO ALCANÇOU"
"SC";420370;"Canelinha";"X";0;0;;;"NÃO ALCANÇOU"
"SC";420380;"Canoinhas";"X";0;0;;;"NÃO ALCANÇOU"
"SC";420390;"Capinzal";"X";0;0;;;"NÃO ALCANÇOU"
"SC";420395;"Capivari de Baixo";;1;1;100;100;"ALCANÇOU"
"SC";420400;"Catanduvas";"X";0;0;;;"NÃO ALCANÇOU"
"SC";420410;"Caxambu do Sul";"X";0;0;;;"NÃO ALCANÇOU"
"SC";420415;"Celso Ramos";"X";0;0;;;"NÃO ALCANÇOU"
"SC";420417;"Cerro Negro";"X";0;0;;;"NÃO ALCANÇOU"
"SC";420419;"Chapadão do Lageado";"X";0;0;;;"NÃO ALCANÇOU"
"SC";420420;"Chapecó";;26;26;100;100;"ALCANÇOU"
"SC";420425;"Cocal do Sul";"X";0;0;;;"NÃO ALCANÇOU"
"SC";420430;"Concórdia";"X";0;0;;;"NÃO ALCANÇOU"
"SC";420435;"Cordilheira Alta";"X";0;0;;;"NÃO ALCANÇOU"
"SC";420440;"Coronel Freitas";"X";0;0;;;"NÃO ALCANÇOU"
"SC";420445;"Coronel Martins";"X";0;0;;;"NÃO ALCANÇOU"
"SC";420450;"Corupá";"X";0;0;;;"NÃO ALCANÇOU"
"SC";420455;"Correia Pinto";;0;1;0;0;"NÃO ALCANÇOU"
"SC";420460;"Criciúma";;12;12;100;100;"ALCANÇOU"
"SC";420470;"Cunha Porã";;1;1;100;100;"ALCANÇOU"
"SC";420475;"Cunhataí";"X";0;0;;;"NÃO ALCANÇOU"
"SC";420480;"Curitibanos";"X";0;0;;;"NÃO ALCANÇOU"
"SC";420490;"Descanso";;2;2;100;100;"ALCANÇOU"
"SC";420500;"Dionísio Cerqueira";"X";0;0;;;"NÃO ALCANÇOU"
"SC";420510;"Dona Emma";"X";0;0;;;"NÃO ALCANÇOU"
"SC";420515;"Doutor Pedrinho";"X";0;0;;;"NÃO ALCANÇOU"
"SC";420517;"Entre Rios";"X";0;0;;;"NÃO ALCANÇOU"
"SC";420519;"Ermo";"X";0;0;;;"NÃO ALCANÇOU"
"SC";420520;"Erval Velho";;2;2;100;100;"ALCANÇOU"
"SC";420530;"Faxinal dos Guedes";"X";0;0;;;"NÃO ALCANÇOU"
"SC";420535;"Flor do Sertão";"X";0;0;;;"NÃO ALCANÇOU"
"SC";420540;"Florianópolis";;52;55;94,5454545454545;94,5;"ALCANÇOU"
"SC";420543;"Formosa do Sul";"X";0;0;;;"NÃO ALCANÇOU"
"SC";420545;"Forquilhinha";"X";0;0;;;"NÃO ALCANÇOU"
"SC";420550;"Fraiburgo";"X";0;0;;;"NÃO ALCANÇOU"
"SC";420555;"Frei Rogério";"X";0;0;;;"NÃO ALCANÇOU"
"SC";420560;"Galvão";"X";0;0;;;"NÃO ALCANÇOU"
"SC";420570;"Garopaba";;1;3;33,3333333333333;33,3;"NÃO ALCANÇOU"
"SC";420580;"Garuva";"X";0;0;;;"NÃO ALCANÇOU"
"SC";420590;"Gaspar";;1;1;100;100;"ALCANÇOU"
"SC";420600;"Governador Celso Ramos";;1;1;100;100;"ALCANÇOU"
"SC";420610;"Grão Pará";"X";0;0;;;"NÃO ALCANÇOU"
"SC";420620;"Gravatal";"X";0;0;;;"NÃO ALCANÇOU"
"SC";420630;"Guabiruba";;1;1;100;100;"ALCANÇOU"
"SC";420640;"Guaraciaba";"X";0;0;;;"NÃO ALCANÇOU"
"SC";420650;"Guaramirim";;2;3;66,6666666666667;66,7;"NÃO ALCANÇOU"
"SC";420660;"Guarujá do Sul";"X";0;0;;;"NÃO ALCANÇOU"
"SC";420665;"Guatambú";"X";0;0;;;"NÃO ALCANÇOU"
"SC";420670;"Herval d'Oeste";;7;7;100;100;"ALCANÇOU"
"SC";420675;"Ibiam";"X";0;0;;;"NÃO ALCANÇOU"
"SC";420680;"Ibicaré";"X";0;0;;;"NÃO ALCANÇOU"
"SC";420690;"Ibirama";;2;2;100;100;"ALCANÇOU"
"SC";420700;"Içara";"X";0;0;;;"NÃO ALCANÇOU"
"SC";420710;"Ilhota";"X";0;0;;;"NÃO ALCANÇOU"
"SC";420720;"Imaruí";"X";0;0;;;"NÃO ALCANÇOU"
"SC";420730;"Imbituba";;1;1;100;100;"ALCANÇOU"
"SC";420740;"Imbuia";"X";0;0;;;"NÃO ALCANÇOU"
"SC";420750;"Indaial";;1;1;100;100;"ALCANÇOU"
"SC";420757;"Iomerê";"X";0;0;;;"NÃO ALCANÇOU"
"SC";420760;"Ipira";"X";0;0;;;"NÃO ALCANÇOU"
"SC";420765;"Iporã do Oeste";"X";0;0;;;"NÃO ALCANÇOU"
"SC";420768;"Ipuaçu";"X";0;0;;;"NÃO ALCANÇOU"
"SC";420770;"Ipumirim";"X";0;0;;;"NÃO ALCANÇOU"
"SC";420775;"Iraceminha";"X";0;0;;;"NÃO ALCANÇOU"
"SC";420780;"Irani";;1;1;100;100;"ALCANÇOU"
"SC";420785;"Irati";"X";0;0;;;"NÃO ALCANÇOU"
"SC";420790;"Irineópolis";"X";0;0;;;"NÃO ALCANÇOU"
"SC";420800;"Itá";;1;1;100;100;"ALCANÇOU"
"SC";420810;"Itaiópolis";;5;5;100;100;"ALCANÇOU"
"SC";420820;"Itajaí";;19;19;100;100;"ALCANÇOU"
"SC";420830;"Itapema";;9;9;100;100;"ALCANÇOU"
"SC";420840;"Itapiranga";;2;2;100;100;"ALCANÇOU"
"SC";420845;"Itapoá";;2;2;100;100;"ALCANÇOU"
"SC";420850;"Ituporanga";;7;7;100;100;"ALCANÇOU"
"SC";420860;"Jaborá";;0;1;0;0;"NÃO ALCANÇOU"
"SC";420870;"Jacinto Machado";"X";0;0;;;"NÃO ALCANÇOU"
"SC";420880;"Jaguaruna";;1;1;100;100;"ALCANÇOU"
"SC";420890;"Jaraguá do Sul";;8;8;100;100;"ALCANÇOU"
"SC";420895;"Jardinópolis";"X";0;0;;;"NÃO ALCANÇOU"
"SC";420900;"Joaçaba";;1;1;100;100;"ALCANÇOU"
"SC";420910;"Joinville";;61;61;100;100;"ALCANÇOU"
"SC";420915;"José Boiteux";"X";0;0;;;"NÃO ALCANÇOU"
"SC";420917;"Jupiá";"X";0;0;;;"NÃO ALCANÇOU"
"SC";420920;"Lacerdópolis";"X";0;0;;;"NÃO ALCANÇOU"
"SC";420930;"Lages";;2;2;100;100;"ALCANÇOU"
"SC";420940;"Laguna";;2;2;100;100;"ALCANÇOU"
"SC";420945;"Lajeado Grande";"X";0;0;;;"NÃO ALCANÇOU"
"SC";420950;"Laurentino";"X";0;0;;;"NÃO ALCANÇOU"
"SC";420960;"Lauro Muller";"X";0;0;;;"NÃO ALCANÇOU"
"SC";420970;"Lebon Régis";;1;1;100;100;"ALCANÇOU"
"SC";420980;"Leoberto Leal";"X";0;0;;;"NÃO ALCANÇOU"
"SC";420985;"Lindóia do Sul";"X";0;0;;;"NÃO ALCANÇOU"
"SC";420990;"Lontras";"X";0;0;;;"NÃO ALCANÇOU"
"SC";421000;"Luiz Alves";"X";0;0;;;"NÃO ALCANÇOU"
"SC";421003;"Luzerna";"X";0;0;;;"NÃO ALCANÇOU"
"SC";421005;"Macieira";"X";0;0;;;"NÃO ALCANÇOU"
"SC";421010;"Mafra";;5;5;100;100;"ALCANÇOU"
"SC";421020;"Major Gercino";"X";0;0;;;"NÃO ALCANÇOU"
"SC";421030;"Major Vieira";"X";0;0;;;"NÃO ALCANÇOU"
"SC";421040;"Maracajá";"X";0;0;;;"NÃO ALCANÇOU"
"SC";421050;"Maravilha";;2;3;66,6666666666667;66,7;"NÃO ALCANÇOU"
"SC";421055;"Marema";"X";0;0;;;"NÃO ALCANÇOU"
"SC";421060;"Massaranduba";"X";0;0;;;"NÃO ALCANÇOU"
"SC";421070;"Matos Costa";"X";0;0;;;"NÃO ALCANÇOU"
"SC";421080;"Meleiro";"X";0;0;;;"NÃO ALCANÇOU"
"SC";421085;"Mirim Doce";"X";0;0;;;"NÃO ALCANÇOU"
"SC";421090;"Modelo";"X";0;0;;;"NÃO ALCANÇOU"
"SC";421100;"Mondaí";"X";0;0;;;"NÃO ALCANÇOU"
"SC";421105;"Monte Carlo";"X";0;0;;;"NÃO ALCANÇOU"
"SC";421110;"Monte Castelo";;0;1;0;0;"NÃO ALCANÇOU"
"SC";421120;"Morro da Fumaça";;1;1;100;100;"ALCANÇOU"
"SC";421125;"Morro Grande";"X";0;0;;;"NÃO ALCANÇOU"
"SC";421130;"Navegantes";;5;5;100;100;"ALCANÇOU"
"SC";421140;"Nova Erechim";"X";0;0;;;"NÃO ALCANÇOU"
"SC";421145;"Nova Itaberaba";"X";0;0;;;"NÃO ALCANÇOU"
"SC";421150;"Nova Trento";;0;1;0;0;"NÃO ALCANÇOU"
"SC";421160;"Nova Veneza";"X";0;0;;;"NÃO ALCANÇOU"
"SC";421165;"Novo Horizonte";"X";0;0;;;"NÃO ALCANÇOU"
"SC";421170;"Orleans";;1;1;100;100;"ALCANÇOU"
"SC";421175;"Otacílio Costa";"X";0;0;;;"NÃO ALCANÇOU"
"SC";421180;"Ouro";"X";0;0;;;"NÃO ALCANÇOU"
"SC";421185;"Ouro Verde";"X";0;0;;;"NÃO ALCANÇOU"
"SC";421187;"Paial";"X";0;0;;;"NÃO ALCANÇOU"
"SC";421189;"Painel";"X";0;0;;;"NÃO ALCANÇOU"
"SC";421190;"Palhoça";;4;4;100;100;"ALCANÇOU"
"SC";421200;"Palma Sola";;1;1;100;100;"ALCANÇOU"
"SC";421205;"Palmeira";;1;1;100;100;"ALCANÇOU"
"SC";421210;"Palmitos";"X";0;0;;;"NÃO ALCANÇOU"
"SC";421220;"Papanduva";"X";0;0;;;"NÃO ALCANÇOU"
"SC";421223;"Paraíso";"X";0;0;;;"NÃO ALCANÇOU"
"SC";421225;"Passo de Torres";"X";0;0;;;"NÃO ALCANÇOU"
"SC";421227;"Passos Maia";;0;1;0;0;"NÃO ALCANÇOU"
"SC";421230;"Paulo Lopes";"X";0;0;;;"NÃO ALCANÇOU"
"SC";421240;"Pedras Grandes";"X";0;0;;;"NÃO ALCANÇOU"
"SC";421250;"Penha";"X";0;0;;;"NÃO ALCANÇOU"
"SC";421260;"Peritiba";"X";0;0;;;"NÃO ALCANÇOU"
"SC";421265;"Pescaria Brava";"X";0;0;;;"NÃO ALCANÇOU"
"SC";421270;"Petrolândia";"X";0;0;;;"NÃO ALCANÇOU"
"SC";421280;"Balneário Piçarras";;2;2;100;100;"ALCANÇOU"
"SC";421290;"Pinhalzinho";;1;1;100;100;"ALCANÇOU"
"SC";421300;"Pinheiro Preto";"X";0;0;;;"NÃO ALCANÇOU"
"SC";421310;"Piratuba";"X";0;0;;;"NÃO ALCANÇOU"
"SC";421315;"Planalto Alegre";"X";0;0;;;"NÃO ALCANÇOU"
"SC";421320;"Pomerode";"X";0;0;;;"NÃO ALCANÇOU"
"SC";421330;"Ponte Alta";"X";0;0;;;"NÃO ALCANÇOU"
"SC";421335;"Ponte Alta do Norte";"X";0;0;;;"NÃO ALCANÇOU"
"SC";421340;"Ponte Serrada";"X";0;0;;;"NÃO ALCANÇOU"
"SC";421350;"Porto Belo";;2;2;100;100;"ALCANÇOU"
"SC";421360;"Porto União";"X";0;0;;;"NÃO ALCANÇOU"
"SC";421370;"Pouso Redondo";"X";0;0;;;"NÃO ALCANÇOU"
"SC";421380;"Praia Grande";"X";0;0;;;"NÃO ALCANÇOU"
"SC";421390;"Presidente Castello Branco";"X";0;0;;;"NÃO ALCANÇOU"
"SC";421400;"Presidente Getúlio";"X";0;0;;;"NÃO ALCANÇOU"
"SC";421410;"Presidente Nereu";"X";0;0;;;"NÃO ALCANÇOU"
"SC";421415;"Princesa";"X";0;0;;;"NÃO ALCANÇOU"
"SC";421420;"Quilombo";;1;1;100;100;"ALCANÇOU"
"SC";421430;"Rancho Queimado";"X";0;0;;;"NÃO ALCANÇOU"
"SC";421440;"Rio das Antas";"X";0;0;;;"NÃO ALCANÇOU"
"SC";421450;"Rio do Campo";"X";0;0;;;"NÃO ALCANÇOU"
"SC";421460;"Rio do Oeste";"X";0;0;;;"NÃO ALCANÇOU"
"SC";421470;"Rio dos Cedros";"X";0;0;;;"NÃO ALCANÇOU"
"SC";421480;"Rio do Sul";;2;2;100;100;"ALCANÇOU"
"SC";421490;"Rio Fortuna";"X";0;0;;;"NÃO ALCANÇOU"
"SC";421500;"Rio Negrinho";;1;1;100;100;"ALCANÇOU"
"SC";421505;"Rio Rufino";"X";0;0;;;"NÃO ALCANÇOU"
"SC";421507;"Riqueza";"X";0;0;;;"NÃO ALCANÇOU"
"SC";421510;"Rodeio";;2;2;100;100;"ALCANÇOU"
"SC";421520;"Romelândia";"X";0;0;;;"NÃO ALCANÇOU"
"SC";421530;"Salete";"X";0;0;;;"NÃO ALCANÇOU"
"SC";421535;"Saltinho";"X";0;0;;;"NÃO ALCANÇOU"
"SC";421540;"Salto Veloso";"X";0;0;;;"NÃO ALCANÇOU"
"SC";421545;"Sangão";"X";0;0;;;"NÃO ALCANÇOU"
"SC";421550;"Santa Cecília";;0;1;0;0;"NÃO ALCANÇOU"
"SC";421555;"Santa Helena";"X";0;0;;;"NÃO ALCANÇOU"
"SC";421560;"Santa Rosa de Lima";"X";0;0;;;"NÃO ALCANÇOU"
"SC";421565;"Santa Rosa do Sul";"X";0;0;;;"NÃO ALCANÇOU"
"SC";421567;"Santa Terezinha";"X";0;0;;;"NÃO ALCANÇOU"
"SC";421568;"Santa Terezinha do Progresso";"X";0;0;;;"NÃO ALCANÇOU"
"SC";421569;"Santiago do Sul";"X";0;0;;;"NÃO ALCANÇOU"
"SC";421570;"Santo Amaro da Imperatriz";;2;2;100;100;"ALCANÇOU"
"SC";421575;"São Bernardino";"X";0;0;;;"NÃO ALCANÇOU"
"SC";421580;"São Bento do Sul";"X";0;0;;;"NÃO ALCANÇOU"
"SC";421590;"São Bonifácio";"X";0;0;;;"NÃO ALCANÇOU"
"SC";421600;"São Carlos";"X";0;0;;;"NÃO ALCANÇOU"
"SC";421605;"São Cristovão do Sul";"X";0;0;;;"NÃO ALCANÇOU"
"SC";421610;"São Domingos";"X";0;0;;;"NÃO ALCANÇOU"
"SC";421620;"São Francisco do Sul";;1;2;50;50;"NÃO ALCANÇOU"
"SC";421625;"São João do Oeste";"X";0;0;;;"NÃO ALCANÇOU"
"SC";421630;"São João Batista";"X";0;0;;;"NÃO ALCANÇOU"
"SC";421635;"São João do Itaperiú";"X";0;0;;;"NÃO ALCANÇOU"
"SC";421640;"São João do Sul";"X";0;0;;;"NÃO ALCANÇOU"
"SC";421650;"São Joaquim";;1;1;100;100;"ALCANÇOU"
"SC";421660;"São José";;7;7;100;100;"ALCANÇOU"
"SC";421670;"São José do Cedro";"X";0;0;;;"NÃO ALCANÇOU"
"SC";421680;"São José do Cerrito";"X";0;0;;;"NÃO ALCANÇOU"
"SC";421690;"São Lourenço do Oeste";;2;2;100;100;"ALCANÇOU"
"SC";421700;"São Ludgero";"X";0;0;;;"NÃO ALCANÇOU"
"SC";421710;"São Martinho";"X";0;0;;;"NÃO ALCANÇOU"
"SC";421715;"São Miguel da Boa Vista";"X";0;0;;;"NÃO ALCANÇOU"
"SC";421720;"São Miguel do Oeste";;2;2;100;100;"ALCANÇOU"
"SC";421725;"São Pedro de Alcântara";"X";0;0;;;"NÃO ALCANÇOU"
"SC";421730;"Saudades";"X";0;0;;;"NÃO ALCANÇOU"
"SC";421740;"Schroeder";;12;12;100;100;"ALCANÇOU"
"SC";421750;"Seara";;2;2;100;100;"ALCANÇOU"
"SC";421755;"Serra Alta";"X";0;0;;;"NÃO ALCANÇOU"
"SC";421760;"Siderópolis";"X";0;0;;;"NÃO ALCANÇOU"
"SC";421770;"Sombrio";;1;1;100;100;"ALCANÇOU"
"SC";421775;"Sul Brasil";"X";0;0;;;"NÃO ALCANÇOU"
"SC";421780;"Taió";"X";0;0;;;"NÃO ALCANÇOU"
"SC";421790;"Tangará";"X";0;0;;;"NÃO ALCANÇOU"
"SC";421795;"Tigrinhos";"X";0;0;;;"NÃO ALCANÇOU"
"SC";421800;"Tijucas";;2;2;100;100;"ALCANÇOU"
"SC";421810;"Timbé do Sul";"X";0;0;;;"NÃO ALCANÇOU"
"SC";421820;"Timbó";"X";0;0;;;"NÃO ALCANÇOU"
"SC";421825;"Timbó Grande";"X";0;0;;;"NÃO ALCANÇOU"
"SC";421830;"Três Barras";"X";0;0;;;"NÃO ALCANÇOU"
"SC";421835;"Treviso";"X";0;0;;;"NÃO ALCANÇOU"
"SC";421840;"Treze de Maio";"X";0;0;;;"NÃO ALCANÇOU"
"SC";421850;"Treze Tílias";"X";0;0;;;"NÃO ALCANÇOU"
"SC";421860;"Trombudo Central";"X";0;0;;;"NÃO ALCANÇOU"
"SC";421870;"Tubarão";;38;38;100;100;"ALCANÇOU"
"SC";421875;"Tunápolis";;1;1;100;100;"ALCANÇOU"
"SC";421880;"Turvo";"X";0;0;;;"NÃO ALCANÇOU"
"SC";421885;"União do Oeste";"X";0;0;;;"NÃO ALCANÇOU"
"SC";421890;"Urubici";;3;3;100;100;"ALCANÇOU"
"SC";421895;"Urupema";"X";0;0;;;"NÃO ALCANÇOU"
"SC";421900;"Urussanga";;1;1;100;100;"ALCANÇOU"
"SC";421910;"Vargeão";"X";0;0;;;"NÃO ALCANÇOU"
"SC";421915;"Vargem";"X";0;0;;;"NÃO ALCANÇOU"
"SC";421917;"Vargem Bonita";"X";0;0;;;"NÃO ALCANÇOU"
"SC";421920;"Vidal Ramos";"X";0;0;;;"NÃO ALCANÇOU"
"SC";421930;"Videira";;1;1;100;100;"ALCANÇOU"
"SC";421935;"Vitor Meireles";"X";0;0;;;"NÃO ALCANÇOU"
"SC";421940;"Witmarsum";"X";0;0;;;"NÃO ALCANÇOU"
"SC";421950;"Xanxerê";"X";0;0;;;"NÃO ALCANÇOU"
"SC";421960;"Xavantina";"X";0;0;;;"NÃO ALCANÇOU"
"SC";421970;"Xaxim";;7;8;87,5;87,5;"ALCANÇOU"
"SC";421985;"Zortéa";"X";0;0;;;"NÃO ALCANÇOU"
"SC";422000;"Balneário Rincão";"X";0;0;;;"NÃO ALCANÇOU"
"RS";430003;"Aceguá";"X";0;0;;;"NÃO ALCANÇOU"
"RS";430005;"Água Santa";"X";0;0;;;"NÃO ALCANÇOU"
"RS";430010;"Agudo";"X";0;0;;;"NÃO ALCANÇOU"
"RS";430020;"Ajuricaba";;2;2;100;100;"ALCANÇOU"
"RS";430030;"Alecrim";;1;1;100;100;"ALCANÇOU"
"RS";430040;"Alegrete";;1;2;50;50;"NÃO ALCANÇOU"
"RS";430045;"Alegria";;3;3;100;100;"ALCANÇOU"
"RS";430047;"Almirante Tamandaré do Sul";"X";0;0;;;"NÃO ALCANÇOU"
"RS";430050;"Alpestre";"X";0;0;;;"NÃO ALCANÇOU"
"RS";430055;"Alto Alegre";"X";0;0;;;"NÃO ALCANÇOU"
"RS";430057;"Alto Feliz";;1;1;100;100;"ALCANÇOU"
"RS";430060;"Alvorada";;7;8;87,5;87,5;"ALCANÇOU"
"RS";430063;"Amaral Ferrador";;0;1;0;0;"NÃO ALCANÇOU"
"RS";430064;"Ametista do Sul";"X";0;0;;;"NÃO ALCANÇOU"
"RS";430066;"André da Rocha";"X";0;0;;;"NÃO ALCANÇOU"
"RS";430070;"Anta Gorda";"X";0;0;;;"NÃO ALCANÇOU"
"RS";430080;"Antônio Prado";"X";0;0;;;"NÃO ALCANÇOU"
"RS";430085;"Arambaré";"X";0;0;;;"NÃO ALCANÇOU"
"RS";430087;"Araricá";"X";0;0;;;"NÃO ALCANÇOU"
"RS";430090;"Aratiba";;1;1;100;100;"ALCANÇOU"
"RS";430100;"Arroio do Meio";"X";0;0;;;"NÃO ALCANÇOU"
"RS";430105;"Arroio do Sal";"X";0;0;;;"NÃO ALCANÇOU"
"RS";430107;"Arroio do Padre";;3;3;100;100;"ALCANÇOU"
"RS";430110;"Arroio dos Ratos";"X";0;0;;;"NÃO ALCANÇOU"
"RS";430120;"Arroio do Tigre";"X";0;0;;;"NÃO ALCANÇOU"
"RS";430130;"Arroio Grande";"X";0;0;;;"NÃO ALCANÇOU"
"RS";430140;"Arvorezinha";"X";0;0;;;"NÃO ALCANÇOU"
"RS";430150;"Augusto Pestana";"X";0;0;;;"NÃO ALCANÇOU"
"RS";430155;"Áurea";"X";0;0;;;"NÃO ALCANÇOU"
"RS";430160;"Bagé";;1;1;100;100;"ALCANÇOU"
"RS";430163;"Balneário Pinhal";"X";0;0;;;"NÃO ALCANÇOU"
"RS";430165;"Barão";;1;1;100;100;"ALCANÇOU"
"RS";430170;"Barão de Cotegipe";"X";0;0;;;"NÃO ALCANÇOU"
"RS";430175;"Barão do Triunfo";"X";0;0;;;"NÃO ALCANÇOU"
"RS";430180;"Barracão";"X";0;0;;;"NÃO ALCANÇOU"
"RS";430185;"Barra do Guarita";;1;1;100;100;"ALCANÇOU"
"RS";430187;"Barra do Quaraí";"X";0;0;;;"NÃO ALCANÇOU"
"RS";430190;"Barra do Ribeiro";"X";0;0;;;"NÃO ALCANÇOU"
"RS";430192;"Barra do Rio Azul";"X";0;0;;;"NÃO ALCANÇOU"
"RS";430195;"Barra Funda";"X";0;0;;;"NÃO ALCANÇOU"
"RS";430200;"Barros Cassal";"X";0;0;;;"NÃO ALCANÇOU"
"RS";430205;"Benjamin Constant do Sul";"X";0;0;;;"NÃO ALCANÇOU"
"RS";430210;"Bento Gonçalves";;4;4;100;100;"ALCANÇOU"
"RS";430215;"Boa Vista das Missões";"X";0;0;;;"NÃO ALCANÇOU"
"RS";430220;"Boa Vista do Buricá";"X";0;0;;;"NÃO ALCANÇOU"
"RS";430222;"Boa Vista do Cadeado";"X";0;0;;;"NÃO ALCANÇOU"
"RS";430223;"Boa Vista do Incra";;42;108;38,8888888888889;38,9;"NÃO ALCANÇOU"
"RS";430225;"Boa Vista do Sul";"X";0;0;;;"NÃO ALCANÇOU"
"RS";430230;"Bom Jesus";"X";0;0;;;"NÃO ALCANÇOU"
"RS";430235;"Bom Princípio";;0;1;0;0;"NÃO ALCANÇOU"
"RS";430237;"Bom Progresso";"X";0;0;;;"NÃO ALCANÇOU"
"RS";430240;"Bom Retiro do Sul";"X";0;0;;;"NÃO ALCANÇOU"
"RS";430245;"Boqueirão do Leão";"X";0;0;;;"NÃO ALCANÇOU"
"RS";430250;"Bossoroca";"X";0;0;;;"NÃO ALCANÇOU"
"RS";430258;"Bozano";"X";0;0;;;"NÃO ALCANÇOU"
"RS";430260;"Braga";"X";0;0;;;"NÃO ALCANÇOU"
"RS";430265;"Brochier";"X";0;0;;;"NÃO ALCANÇOU"
"RS";430270;"Butiá";;1;1;100;100;"ALCANÇOU"
"RS";430280;"Caçapava do Sul";"X";0;0;;;"NÃO ALCANÇOU"
"RS";430290;"Cacequi";"X";0;0;;;"NÃO ALCANÇOU"
"RS";430300;"Cachoeira do Sul";;16;17;94,1176470588235;94,1;"ALCANÇOU"
"RS";430310;"Cachoeirinha";;3;3;100;100;"ALCANÇOU"
"RS";430320;"Cacique Doble";"X";0;0;;;"NÃO ALCANÇOU"
"RS";430330;"Caibaté";"X";0;0;;;"NÃO ALCANÇOU"
"RS";430340;"Caiçara";"X";0;0;;;"NÃO ALCANÇOU"
"RS";430350;"Camaquã";"X";0;0;;;"NÃO ALCANÇOU"
"RS";430355;"Camargo";"X";0;0;;;"NÃO ALCANÇOU"
"RS";430360;"Cambará do Sul";;2;5;40;40;"NÃO ALCANÇOU"
"RS";430367;"Campestre da Serra";"X";0;0;;;"NÃO ALCANÇOU"
"RS";430370;"Campina das Missões";"X";0;0;;;"NÃO ALCANÇOU"
"RS";430380;"Campinas do Sul";"X";0;0;;;"NÃO ALCANÇOU"
"RS";430390;"Campo Bom";;4;4;100;100;"ALCANÇOU"
"RS";430400;"Campo Novo";"X";0;0;;;"NÃO ALCANÇOU"
"RS";430410;"Campos Borges";"X";0;0;;;"NÃO ALCANÇOU"
"RS";430420;"Candelária";;4;4;100;100;"ALCANÇOU"
"RS";430430;"Cândido Godói";"X";0;0;;;"NÃO ALCANÇOU"
"RS";430435;"Candiota";"X";0;0;;;"NÃO ALCANÇOU"
"RS";430440;"Canela";;4;5;80;80;"ALCANÇOU"
"RS";430450;"Canguçu";"X";0;0;;;"NÃO ALCANÇOU"
"RS";430460;"Canoas";;22;24;91,6666666666667;91,7;"ALCANÇOU"
"RS";430461;"Canudos do Vale";"X";0;0;;;"NÃO ALCANÇOU"
"RS";430462;"Capão Bonito do Sul";"X";0;0;;;"NÃO ALCANÇOU"
"RS";430463;"Capão da Canoa";;1;1;100;100;"ALCANÇOU"
"RS";430465;"Capão do Cipó";"X";0;0;;;"NÃO ALCANÇOU"
"RS";430466;"Capão do Leão";"X";0;0;;;"NÃO ALCANÇOU"
"RS";430467;"Capivari do Sul";"X";0;0;;;"NÃO ALCANÇOU"
"RS";430468;"Capela de Santana";"X";0;0;;;"NÃO ALCANÇOU"
"RS";430469;"Capitão";"X";0;0;;;"NÃO ALCANÇOU"
"RS";430470;"Carazinho";;1;1;100;100;"ALCANÇOU"
"RS";430471;"Caraá";"X";0;0;;;"NÃO ALCANÇOU"
"RS";430480;"Carlos Barbosa";"X";0;0;;;"NÃO ALCANÇOU"
"RS";430485;"Carlos Gomes";"X";0;0;;;"NÃO ALCANÇOU"
"RS";430490;"Casca";;0;2;0;0;"NÃO ALCANÇOU"
"RS";430495;"Caseiros";"X";0;0;;;"NÃO ALCANÇOU"
"RS";430500;"Catuípe";;2;5;40;40;"NÃO ALCANÇOU"
"RS";430510;"Caxias do Sul";;6;6;100;100;"ALCANÇOU"
"RS";430511;"Centenário";;0;1;0;0;"NÃO ALCANÇOU"
"RS";430512;"Cerrito";"X";0;0;;;"NÃO ALCANÇOU"
"RS";430513;"Cerro Branco";"X";0;0;;;"NÃO ALCANÇOU"
"RS";430515;"Cerro Grande";"X";0;0;;;"NÃO ALCANÇOU"
"RS";430517;"Cerro Grande do Sul";"X";0;0;;;"NÃO ALCANÇOU"
"RS";430520;"Cerro Largo";"X";0;0;;;"NÃO ALCANÇOU"
"RS";430530;"Chapada";;1;1;100;100;"ALCANÇOU"
"RS";430535;"Charqueadas";"X";0;0;;;"NÃO ALCANÇOU"
"RS";430537;"Charrua";"X";0;0;;;"NÃO ALCANÇOU"
"RS";430540;"Chiapetta";"X";0;0;;;"NÃO ALCANÇOU"
"RS";430543;"Chuí";"X";0;0;;;"NÃO ALCANÇOU"
"RS";430544;"Chuvisca";"X";0;0;;;"NÃO ALCANÇOU"
"RS";430545;"Cidreira";"X";0;0;;;"NÃO ALCANÇOU"
"RS";430550;"Ciríaco";"X";0;0;;;"NÃO ALCANÇOU"
"RS";430558;"Colinas";"X";0;0;;;"NÃO ALCANÇOU"
"RS";430560;"Colorado";"X";0;0;;;"NÃO ALCANÇOU"
"RS";430570;"Condor";"X";0;0;;;"NÃO ALCANÇOU"
"RS";430580;"Constantina";;1;2;50;50;"NÃO ALCANÇOU"
"RS";430583;"Coqueiro Baixo";"X";0;0;;;"NÃO ALCANÇOU"
"RS";430585;"Coqueiros do Sul";"X";0;0;;;"NÃO ALCANÇOU"
"RS";430587;"Coronel Barros";"X";0;0;;;"NÃO ALCANÇOU"
"RS";430590;"Coronel Bicaco";"X";0;0;;;"NÃO ALCANÇOU"
"RS";430593;"Coronel Pilar";"X";0;0;;;"NÃO ALCANÇOU"
"RS";430595;"Cotiporã";"X";0;0;;;"NÃO ALCANÇOU"
"RS";430597;"Coxilha";"X";0;0;;;"NÃO ALCANÇOU"
"RS";430600;"Crissiumal";;2;3;66,6666666666667;66,7;"NÃO ALCANÇOU"
"RS";430605;"Cristal";"X";0;0;;;"NÃO ALCANÇOU"
"RS";430607;"Cristal do Sul";"X";0;0;;;"NÃO ALCANÇOU"
"RS";430610;"Cruz Alta";;3;3;100;100;"ALCANÇOU"
"RS";430613;"Cruzaltense";"X";0;0;;;"NÃO ALCANÇOU"
"RS";430620;"Cruzeiro do Sul";"X";0;0;;;"NÃO ALCANÇOU"
"RS";430630;"David Canabarro";"X";0;0;;;"NÃO ALCANÇOU"
"RS";430632;"Derrubadas";;1;1;100;100;"ALCANÇOU"
"RS";430635;"Dezesseis de Novembro";"X";0;0;;;"NÃO ALCANÇOU"
"RS";430637;"Dilermando de Aguiar";"X";0;0;;;"NÃO ALCANÇOU"
"RS";430640;"Dois Irmãos";;3;3;100;100;"ALCANÇOU"
"RS";430642;"Dois Irmãos das Missões";"X";0;0;;;"NÃO ALCANÇOU"
"RS";430645;"Dois Lajeados";"X";0;0;;;"NÃO ALCANÇOU"
"RS";430650;"Dom Feliciano";;1;1;100;100;"ALCANÇOU"
"RS";430655;"Dom Pedro de Alcântara";"X";0;0;;;"NÃO ALCANÇOU"
"RS";430660;"Dom Pedrito";;1;1;100;100;"ALCANÇOU"
"RS";430670;"Dona Francisca";"X";0;0;;;"NÃO ALCANÇOU"
"RS";430673;"Doutor Maurício Cardoso";"X";0;0;;;"NÃO ALCANÇOU"
"RS";430675;"Doutor Ricardo";"X";0;0;;;"NÃO ALCANÇOU"
"RS";430676;"Eldorado do Sul";;2;2;100;100;"ALCANÇOU"
"RS";430680;"Encantado";;1;2;50;50;"NÃO ALCANÇOU"
"RS";430690;"Encruzilhada do Sul";"X";0;0;;;"NÃO ALCANÇOU"
"RS";430692;"Engenho Velho";"X";0;0;;;"NÃO ALCANÇOU"
"RS";430693;"Entre-Ijuís";"X";0;0;;;"NÃO ALCANÇOU"
"RS";430695;"Entre Rios do Sul";"X";0;0;;;"NÃO ALCANÇOU"
"RS";430697;"Erebango";;2;2;100;100;"ALCANÇOU"
"RS";430700;"Erechim";;6;6;100;100;"ALCANÇOU"
"RS";430705;"Ernestina";"X";0;0;;;"NÃO ALCANÇOU"
"RS";430710;"Herval";"X";0;0;;;"NÃO ALCANÇOU"
"RS";430720;"Erval Grande";"X";0;0;;;"NÃO ALCANÇOU"
"RS";430730;"Erval Seco";"X";0;0;;;"NÃO ALCANÇOU"
"RS";430740;"Esmeralda";"X";0;0;;;"NÃO ALCANÇOU"
"RS";430745;"Esperança do Sul";"X";0;0;;;"NÃO ALCANÇOU"
"RS";430750;"Espumoso";"X";0;0;;;"NÃO ALCANÇOU"
"RS";430755;"Estação";"X";0;0;;;"NÃO ALCANÇOU"
"RS";430760;"Estância Velha";;1;1;100;100;"ALCANÇOU"
"RS";430770;"Esteio";;2;3;66,6666666666667;66,7;"NÃO ALCANÇOU"
"RS";430780;"Estrela";;4;4;100;100;"ALCANÇOU"
"RS";430781;"Estrela Velha";;1;1;100;100;"ALCANÇOU"
"RS";430783;"Eugênio de Castro";;7;7;100;100;"ALCANÇOU"
"RS";430786;"Fagundes Varela";"X";0;0;;;"NÃO ALCANÇOU"
"RS";430790;"Farroupilha";;4;4;100;100;"ALCANÇOU"
"RS";430800;"Faxinal do Soturno";"X";0;0;;;"NÃO ALCANÇOU"
"RS";430805;"Faxinalzinho";"X";0;0;;;"NÃO ALCANÇOU"
"RS";430807;"Fazenda Vilanova";"X";0;0;;;"NÃO ALCANÇOU"
"RS";430810;"Feliz";"X";0;0;;;"NÃO ALCANÇOU"
"RS";430820;"Flores da Cunha";"X";0;0;;;"NÃO ALCANÇOU"
"RS";430825;"Floriano Peixoto";"X";0;0;;;"NÃO ALCANÇOU"
"RS";430830;"Fontoura Xavier";"X";0;0;;;"NÃO ALCANÇOU"
"RS";430840;"Formigueiro";"X";0;0;;;"NÃO ALCANÇOU"
"RS";430843;"Forquetinha";"X";0;0;;;"NÃO ALCANÇOU"
"RS";430845;"Fortaleza dos Valos";"X";0;0;;;"NÃO ALCANÇOU"
"RS";430850;"Frederico Westphalen";;0;3;0;0;"NÃO ALCANÇOU"
"RS";430860;"Garibaldi";;3;3;100;100;"ALCANÇOU"
"RS";430865;"Garruchos";"X";0;0;;;"NÃO ALCANÇOU"
"RS";430870;"Gaurama";"X";0;0;;;"NÃO ALCANÇOU"
"RS";430880;"General Câmara";"X";0;0;;;"NÃO ALCANÇOU"
"RS";430885;"Gentil";"X";0;0;;;"NÃO ALCANÇOU"
"RS";430890;"Getúlio Vargas";;3;3;100;100;"ALCANÇOU"
"RS";430900;"Giruá";"X";0;0;;;"NÃO ALCANÇOU"
"RS";430905;"Glorinha";"X";0;0;;;"NÃO ALCANÇOU"
"RS";430910;"Gramado";;4;4;100;100;"ALCANÇOU"
"RS";430912;"Gramado dos Loureiros";"X";0;0;;;"NÃO ALCANÇOU"
"RS";430915;"Gramado Xavier";"X";0;0;;;"NÃO ALCANÇOU"
"RS";430920;"Gravataí";;5;6;83,3333333333333;83,3;"ALCANÇOU"
"RS";430925;"Guabiju";"X";0;0;;;"NÃO ALCANÇOU"
"RS";430930;"Guaíba";;1;1;100;100;"ALCANÇOU"
"RS";430940;"Guaporé";;3;4;75;75;"NÃO ALCANÇOU"
"RS";430950;"Guarani das Missões";"X";0;0;;;"NÃO ALCANÇOU"
"RS";430955;"Harmonia";;1;1;100;100;"ALCANÇOU"
"RS";430957;"Herveiras";"X";0;0;;;"NÃO ALCANÇOU"
"RS";430960;"Horizontina";;1;1;100;100;"ALCANÇOU"
"RS";430965;"Hulha Negra";"X";0;0;;;"NÃO ALCANÇOU"
"RS";430970;"Humaitá";"X";0;0;;;"NÃO ALCANÇOU"
"RS";430975;"Ibarama";"X";0;0;;;"NÃO ALCANÇOU"
"RS";430980;"Ibiaçá";"X";0;0;;;"NÃO ALCANÇOU"
"RS";430990;"Ibiraiaras";"X";0;0;;;"NÃO ALCANÇOU"
"RS";430995;"Ibirapuitã";"X";0;0;;;"NÃO ALCANÇOU"
"RS";431000;"Ibirubá";"X";0;0;;;"NÃO ALCANÇOU"
"RS";431010;"Igrejinha";;2;2;100;100;"ALCANÇOU"
"RS";431020;"Ijuí";;4;7;57,1428571428571;57,1;"NÃO ALCANÇOU"
"RS";431030;"Ilópolis";"X";0;0;;;"NÃO ALCANÇOU"
"RS";431033;"Imbé";;1;1;100;100;"ALCANÇOU"
"RS";431036;"Imigrante";"X";0;0;;;"NÃO ALCANÇOU"
"RS";431040;"Independência";"X";0;0;;;"NÃO ALCANÇOU"
"RS";431041;"Inhacorá";;0;5;0;0;"NÃO ALCANÇOU"
"RS";431043;"Ipê";"X";0;0;;;"NÃO ALCANÇOU"
"RS";431046;"Ipiranga do Sul";"X";0;0;;;"NÃO ALCANÇOU"
"RS";431050;"Iraí";"X";0;0;;;"NÃO ALCANÇOU"
"RS";431053;"Itaara";"X";0;0;;;"NÃO ALCANÇOU"
"RS";431055;"Itacurubi";"X";0;0;;;"NÃO ALCANÇOU"
"RS";431057;"Itapuca";"X";0;0;;;"NÃO ALCANÇOU"
"RS";431060;"Itaqui";;1;1;100;100;"ALCANÇOU"
"RS";431065;"Itati";"X";0;0;;;"NÃO ALCANÇOU"
"RS";431070;"Itatiba do Sul";"X";0;0;;;"NÃO ALCANÇOU"
"RS";431075;"Ivorá";"X";0;0;;;"NÃO ALCANÇOU"
"RS";431080;"Ivoti";;5;5;100;100;"ALCANÇOU"
"RS";431085;"Jaboticaba";;1;1;100;100;"ALCANÇOU"
"RS";431087;"Jacuizinho";"X";0;0;;;"NÃO ALCANÇOU"
"RS";431090;"Jacutinga";"X";0;0;;;"NÃO ALCANÇOU"
"RS";431100;"Jaguarão";"X";0;0;;;"NÃO ALCANÇOU"
"RS";431110;"Jaguari";;1;1;100;100;"ALCANÇOU"
"RS";431112;"Jaquirana";"X";0;0;;;"NÃO ALCANÇOU"
"RS";431113;"Jari";"X";0;0;;;"NÃO ALCANÇOU"
"RS";431115;"Jóia";"X";0;0;;;"NÃO ALCANÇOU"
"RS";431120;"Júlio de Castilhos";"X";0;0;;;"NÃO ALCANÇOU"
"RS";431123;"Lagoa Bonita do Sul";"X";0;0;;;"NÃO ALCANÇOU"
"RS";431125;"Lagoão";"X";0;0;;;"NÃO ALCANÇOU"
"RS";431127;"Lagoa dos Três Cantos";"X";0;0;;;"NÃO ALCANÇOU"
"RS";431130;"Lagoa Vermelha";"X";0;0;;;"NÃO ALCANÇOU"
"RS";431140;"Lajeado";;3;3;100;100;"ALCANÇOU"
"RS";431142;"Lajeado do Bugre";"X";0;0;;;"NÃO ALCANÇOU"
"RS";431150;"Lavras do Sul";"X";0;0;;;"NÃO ALCANÇOU"
"RS";431160;"Liberato Salzano";"X";0;0;;;"NÃO ALCANÇOU"
"RS";431162;"Lindolfo Collor";;1;1;100;100;"ALCANÇOU"
"RS";431164;"Linha Nova";"X";0;0;;;"NÃO ALCANÇOU"
"RS";431170;"Machadinho";"X";0;0;;;"NÃO ALCANÇOU"
"RS";431171;"Maçambará";"X";0;0;;;"NÃO ALCANÇOU"
"RS";431173;"Mampituba";"X";0;0;;;"NÃO ALCANÇOU"
"RS";431175;"Manoel Viana";"X";0;0;;;"NÃO ALCANÇOU"
"RS";431177;"Maquiné";;1;1;100;100;"ALCANÇOU"
"RS";431179;"Maratá";"X";0;0;;;"NÃO ALCANÇOU"
"RS";431180;"Marau";;3;3;100;100;"ALCANÇOU"
"RS";431190;"Marcelino Ramos";"X";0;0;;;"NÃO ALCANÇOU"
"RS";431198;"Mariana Pimentel";;46;47;97,8723404255319;97,9;"ALCANÇOU"
"RS";431200;"Mariano Moro";"X";0;0;;;"NÃO ALCANÇOU"
"RS";431205;"Marques de Souza";"X";0;0;;;"NÃO ALCANÇOU"
"RS";431210;"Mata";"X";0;0;;;"NÃO ALCANÇOU"
"RS";431213;"Mato Castelhano";"X";0;0;;;"NÃO ALCANÇOU"
"RS";431215;"Mato Leitão";;0;1;0;0;"NÃO ALCANÇOU"
"RS";431217;"Mato Queimado";"X";0;0;;;"NÃO ALCANÇOU"
"RS";431220;"Maximiliano de Almeida";"X";0;0;;;"NÃO ALCANÇOU"
"RS";431225;"Minas do Leão";"X";0;0;;;"NÃO ALCANÇOU"
"RS";431230;"Miraguaí";"X";0;0;;;"NÃO ALCANÇOU"
"RS";431235;"Montauri";"X";0;0;;;"NÃO ALCANÇOU"
"RS";431237;"Monte Alegre dos Campos";"X";0;0;;;"NÃO ALCANÇOU"
"RS";431238;"Monte Belo do Sul";"X";0;0;;;"NÃO ALCANÇOU"
"RS";431240;"Montenegro";;18;18;100;100;"ALCANÇOU"
"RS";431242;"Mormaço";"X";0;0;;;"NÃO ALCANÇOU"
"RS";431244;"Morrinhos do Sul";"X";0;0;;;"NÃO ALCANÇOU"
"RS";431245;"Morro Redondo";"X";0;0;;;"NÃO ALCANÇOU"
"RS";431247;"Morro Reuter";"X";0;0;;;"NÃO ALCANÇOU"
"RS";431250;"Mostardas";"X";0;0;;;"NÃO ALCANÇOU"
"RS";431260;"Muçum";"X";0;0;;;"NÃO ALCANÇOU"
"RS";431261;"Muitos Capões";"X";0;0;;;"NÃO ALCANÇOU"
"RS";431262;"Muliterno";"X";0;0;;;"NÃO ALCANÇOU"
"RS";431265;"Não-Me-Toque";;0;1;0;0;"NÃO ALCANÇOU"
"RS";431267;"Nicolau Vergueiro";"X";0;0;;;"NÃO ALCANÇOU"
"RS";431270;"Nonoai";"X";0;0;;;"NÃO ALCANÇOU"
"RS";431275;"Nova Alvorada";"X";0;0;;;"NÃO ALCANÇOU"
"RS";431280;"Nova Araçá";;0;1;0;0;"NÃO ALCANÇOU"
"RS";431290;"Nova Bassano";"X";0;0;;;"NÃO ALCANÇOU"
"RS";431295;"Nova Boa Vista";"X";0;0;;;"NÃO ALCANÇOU"
"RS";431300;"Nova Bréscia";"X";0;0;;;"NÃO ALCANÇOU"
"RS";431301;"Nova Candelária";"X";0;0;;;"NÃO ALCANÇOU"
"RS";431303;"Nova Esperança do Sul";"X";0;0;;;"NÃO ALCANÇOU"
"RS";431306;"Nova Hartz";"X";0;0;;;"NÃO ALCANÇOU"
"RS";431308;"Nova Pádua";"X";0;0;;;"NÃO ALCANÇOU"
"RS";431310;"Nova Palma";"X";0;0;;;"NÃO ALCANÇOU"
"RS";431320;"Nova Petrópolis";"X";0;0;;;"NÃO ALCANÇOU"
"RS";431330;"Nova Prata";;1;2;50;50;"NÃO ALCANÇOU"
"RS";431333;"Nova Ramada";"X";0;0;;;"NÃO ALCANÇOU"
"RS";431335;"Nova Roma do Sul";"X";0;0;;;"NÃO ALCANÇOU"
"RS";431337;"Nova Santa Rita";;4;4;100;100;"ALCANÇOU"
"RS";431339;"Novo Cabrais";"X";0;0;;;"NÃO ALCANÇOU"
"RS";431340;"Novo Hamburgo";;8;8;100;100;"ALCANÇOU"
"RS";431342;"Novo Machado";"X";0;0;;;"NÃO ALCANÇOU"
"RS";431344;"Novo Tiradentes";"X";0;0;;;"NÃO ALCANÇOU"
"RS";431346;"Novo Xingu";"X";0;0;;;"NÃO ALCANÇOU"
"RS";431349;"Novo Barreiro";"X";0;0;;;"NÃO ALCANÇOU"
"RS";431350;"Osório";;3;3;100;100;"ALCANÇOU"
"RS";431360;"Paim Filho";"X";0;0;;;"NÃO ALCANÇOU"
"RS";431365;"Palmares do Sul";"X";0;0;;;"NÃO ALCANÇOU"
"RS";431370;"Palmeira das Missões";;2;3;66,6666666666667;66,7;"NÃO ALCANÇOU"
"RS";431380;"Palmitinho";"X";0;0;;;"NÃO ALCANÇOU"
"RS";431390;"Panambi";;5;6;83,3333333333333;83,3;"ALCANÇOU"
"RS";431395;"Pantano Grande";"X";0;0;;;"NÃO ALCANÇOU"
"RS";431400;"Paraí";"X";0;0;;;"NÃO ALCANÇOU"
"RS";431402;"Paraíso do Sul";"X";0;0;;;"NÃO ALCANÇOU"
"RS";431403;"Pareci Novo";"X";0;0;;;"NÃO ALCANÇOU"
"RS";431405;"Parobé";;4;4;100;100;"ALCANÇOU"
"RS";431406;"Passa Sete";"X";0;0;;;"NÃO ALCANÇOU"
"RS";431407;"Passo do Sobrado";;1;1;100;100;"ALCANÇOU"
"RS";431410;"Passo Fundo";;7;8;87,5;87,5;"ALCANÇOU"
"RS";431413;"Paulo Bento";"X";0;0;;;"NÃO ALCANÇOU"
"RS";431415;"Paverama";"X";0;0;;;"NÃO ALCANÇOU"
"RS";431417;"Pedras Altas";"X";0;0;;;"NÃO ALCANÇOU"
"RS";431420;"Pedro Osório";"X";0;0;;;"NÃO ALCANÇOU"
"RS";431430;"Pejuçara";"X";0;0;;;"NÃO ALCANÇOU"
"RS";431440;"Pelotas";;0;2;0;0;"NÃO ALCANÇOU"
"RS";431442;"Picada Café";;4;4;100;100;"ALCANÇOU"
"RS";431445;"Pinhal";"X";0;0;;;"NÃO ALCANÇOU"
"RS";431446;"Pinhal da Serra";"X";0;0;;;"NÃO ALCANÇOU"
"RS";431447;"Pinhal Grande";"X";0;0;;;"NÃO ALCANÇOU"
"RS";431449;"Pinheirinho do Vale";"X";0;0;;;"NÃO ALCANÇOU"
"RS";431450;"Pinheiro Machado";"X";0;0;;;"NÃO ALCANÇOU"
"RS";431454;"Pinto Bandeira";"X";0;0;;;"NÃO ALCANÇOU"
"RS";431455;"Pirapó";"X";0;0;;;"NÃO ALCANÇOU"
"RS";431460;"Piratini";"X";0;0;;;"NÃO ALCANÇOU"
"RS";431470;"Planalto";"X";0;0;;;"NÃO ALCANÇOU"
"RS";431475;"Poço das Antas";"X";0;0;;;"NÃO ALCANÇOU"
"RS";431477;"Pontão";"X";0;0;;;"NÃO ALCANÇOU"
"RS";431478;"Ponte Preta";"X";0;0;;;"NÃO ALCANÇOU"
"RS";431480;"Portão";;1;2;50;50;"NÃO ALCANÇOU"
"RS";431490;"Porto Alegre";;122;136;89,7058823529412;89,7;"ALCANÇOU"
"RS";431500;"Porto Lucena";"X";0;0;;;"NÃO ALCANÇOU"
"RS";431505;"Porto Mauá";;1;1;100;100;"ALCANÇOU"
"RS";431507;"Porto Vera Cruz";;1;1;100;100;"ALCANÇOU"
"RS";431510;"Porto Xavier";"X";0;0;;;"NÃO ALCANÇOU"
"RS";431513;"Pouso Novo";"X";0;0;;;"NÃO ALCANÇOU"
"RS";431514;"Presidente Lucena";;1;1;100;100;"ALCANÇOU"
"RS";431515;"Progresso";"X";0;0;;;"NÃO ALCANÇOU"
"RS";431517;"Protásio Alves";"X";0;0;;;"NÃO ALCANÇOU"
"RS";431520;"Putinga";;1;1;100;100;"ALCANÇOU"
"RS";431530;"Quaraí";;19;19;100;100;"ALCANÇOU"
"RS";431531;"Quatro Irmãos";"X";0;0;;;"NÃO ALCANÇOU"
"RS";431532;"Quevedos";"X";0;0;;;"NÃO ALCANÇOU"
"RS";431535;"Quinze de Novembro";"X";0;0;;;"NÃO ALCANÇOU"
"RS";431540;"Redentora";"X";0;0;;;"NÃO ALCANÇOU"
"RS";431545;"Relvado";"X";0;0;;;"NÃO ALCANÇOU"
"RS";431550;"Restinga Seca";"X";0;0;;;"NÃO ALCANÇOU"
"RS";431555;"Rio dos Índios";"X";0;0;;;"NÃO ALCANÇOU"
"RS";431560;"Rio Grande";;1;1;100;100;"ALCANÇOU"
"RS";431570;"Rio Pardo";"X";0;0;;;"NÃO ALCANÇOU"
"RS";431575;"Riozinho";"X";0;0;;;"NÃO ALCANÇOU"
"RS";431580;"Roca Sales";;2;2;100;100;"ALCANÇOU"
"RS";431590;"Rodeio Bonito";"X";0;0;;;"NÃO ALCANÇOU"
"RS";431595;"Rolador";"X";0;0;;;"NÃO ALCANÇOU"
"RS";431600;"Rolante";;8;8;100;100;"ALCANÇOU"
"RS";431610;"Ronda Alta";"X";0;0;;;"NÃO ALCANÇOU"
"RS";431620;"Rondinha";"X";0;0;;;"NÃO ALCANÇOU"
"RS";431630;"Roque Gonzales";"X";0;0;;;"NÃO ALCANÇOU"
"RS";431640;"Rosário do Sul";"X";0;0;;;"NÃO ALCANÇOU"
"RS";431642;"Sagrada Família";"X";0;0;;;"NÃO ALCANÇOU"
"RS";431643;"Saldanha Marinho";"X";0;0;;;"NÃO ALCANÇOU"
"RS";431645;"Salto do Jacuí";"X";0;0;;;"NÃO ALCANÇOU"
"RS";431647;"Salvador das Missões";"X";0;0;;;"NÃO ALCANÇOU"
"RS";431650;"Salvador do Sul";;2;2;100;100;"ALCANÇOU"
"RS";431660;"Sananduva";;1;1;100;100;"ALCANÇOU"
"RS";431670;"Santa Bárbara do Sul";"X";0;0;;;"NÃO ALCANÇOU"
"RS";431673;"Santa Cecília do Sul";"X";0;0;;;"NÃO ALCANÇOU"
"RS";431675;"Santa Clara do Sul";"X";0;0;;;"NÃO ALCANÇOU"
"RS";431680;"Santa Cruz do Sul";;17;17;100;100;"ALCANÇOU"
"RS";431690;"Santa Maria";;4;4;100;100;"ALCANÇOU"
"RS";431695;"Santa Maria do Herval";"X";0;0;;;"NÃO ALCANÇOU"
"RS";431697;"Santa Margarida do Sul";"X";0;0;;;"NÃO ALCANÇOU"
"RS";431700;"Santana da Boa Vista";"X";0;0;;;"NÃO ALCANÇOU"
"RS";431710;"Sant'Ana do Livramento";;6;6;100;100;"ALCANÇOU"
"RS";431720;"Santa Rosa";;5;5;100;100;"ALCANÇOU"
"RS";431725;"Santa Tereza";"X";0;0;;;"NÃO ALCANÇOU"
"RS";431730;"Santa Vitória do Palmar";"X";0;0;;;"NÃO ALCANÇOU"
"RS";431740;"Santiago";"X";0;0;;;"NÃO ALCANÇOU"
"RS";431750;"Santo Ângelo";;6;6;100;100;"ALCANÇOU"
"RS";431755;"Santo Antônio do Palma";"X";0;0;;;"NÃO ALCANÇOU"
"RS";431760;"Santo Antônio da Patrulha";;3;3;100;100;"ALCANÇOU"
"RS";431770;"Santo Antônio das Missões";"X";0;0;;;"NÃO ALCANÇOU"
"RS";431775;"Santo Antônio do Planalto";"X";0;0;;;"NÃO ALCANÇOU"
"RS";431780;"Santo Augusto";"X";0;0;;;"NÃO ALCANÇOU"
"RS";431790;"Santo Cristo";;1;1;100;100;"ALCANÇOU"
"RS";431795;"Santo Expedito do Sul";"X";0;0;;;"NÃO ALCANÇOU"
"RS";431800;"São Borja";"X";0;0;;;"NÃO ALCANÇOU"
"RS";431805;"São Domingos do Sul";"X";0;0;;;"NÃO ALCANÇOU"
"RS";431810;"São Francisco de Assis";"X";0;0;;;"NÃO ALCANÇOU"
"RS";431820;"São Francisco de Paula";;1;1;100;100;"ALCANÇOU"
"RS";431830;"São Gabriel";;1;1;100;100;"ALCANÇOU"
"RS";431840;"São Jerônimo";"X";0;0;;;"NÃO ALCANÇOU"
"RS";431842;"São João da Urtiga";"X";0;0;;;"NÃO ALCANÇOU"
"RS";431843;"São João do Polêsine";"X";0;0;;;"NÃO ALCANÇOU"
"RS";431844;"São Jorge";"X";0;0;;;"NÃO ALCANÇOU"
"RS";431845;"São José das Missões";"X";0;0;;;"NÃO ALCANÇOU"
"RS";431846;"São José do Herval";"X";0;0;;;"NÃO ALCANÇOU"
"RS";431848;"São José do Hortêncio";"X";0;0;;;"NÃO ALCANÇOU"
"RS";431849;"São José do Inhacorá";"X";0;0;;;"NÃO ALCANÇOU"
"RS";431850;"São José do Norte";;2;2;100;100;"ALCANÇOU"
"RS";431860;"São José do Ouro";"X";0;0;;;"NÃO ALCANÇOU"
"RS";431861;"São José do Sul";;1;1;100;100;"ALCANÇOU"
"RS";431862;"São José dos Ausentes";"X";0;0;;;"NÃO ALCANÇOU"
"RS";431870;"São Leopoldo";;14;15;93,3333333333333;93,3;"ALCANÇOU"
"RS";431880;"São Lourenço do Sul";"X";0;0;;;"NÃO ALCANÇOU"
"RS";431890;"São Luiz Gonzaga";;1;1;100;100;"ALCANÇOU"
"RS";431900;"São Marcos";;1;1;100;100;"ALCANÇOU"
"RS";431910;"São Martinho";"X";0;0;;;"NÃO ALCANÇOU"
"RS";431912;"São Martinho da Serra";"X";0;0;;;"NÃO ALCANÇOU"
"RS";431915;"São Miguel das Missões";;1;1;100;100;"ALCANÇOU"
"RS";431920;"São Nicolau";"X";0;0;;;"NÃO ALCANÇOU"
"RS";431930;"São Paulo das Missões";"X";0;0;;;"NÃO ALCANÇOU"
"RS";431935;"São Pedro da Serra";"X";0;0;;;"NÃO ALCANÇOU"
"RS";431936;"São Pedro das Missões";"X";0;0;;;"NÃO ALCANÇOU"
"RS";431937;"São Pedro do Butiá";"X";0;0;;;"NÃO ALCANÇOU"
"RS";431940;"São Pedro do Sul";"X";0;0;;;"NÃO ALCANÇOU"
"RS";431950;"São Sebastião do Caí";;1;1;100;100;"ALCANÇOU"
"RS";431960;"São Sepé";"X";0;0;;;"NÃO ALCANÇOU"
"RS";431970;"São Valentim";"X";0;0;;;"NÃO ALCANÇOU"
"RS";431971;"São Valentim do Sul";"X";0;0;;;"NÃO ALCANÇOU"
"RS";431973;"São Valério do Sul";"X";0;0;;;"NÃO ALCANÇOU"
"RS";431975;"São Vendelino";"X";0;0;;;"NÃO ALCANÇOU"
"RS";431980;"São Vicente do Sul";"X";0;0;;;"NÃO ALCANÇOU"
"RS";431990;"Sapiranga";;2;3;66,6666666666667;66,7;"NÃO ALCANÇOU"
"RS";432000;"Sapucaia do Sul";;15;16;93,75;93,8;"ALCANÇOU"
"RS";432010;"Sarandi";;3;4;75;75;"NÃO ALCANÇOU"
"RS";432020;"Seberi";"X";0;0;;;"NÃO ALCANÇOU"
"RS";432023;"Sede Nova";"X";0;0;;;"NÃO ALCANÇOU"
"RS";432026;"Segredo";"X";0;0;;;"NÃO ALCANÇOU"
"RS";432030;"Selbach";"X";0;0;;;"NÃO ALCANÇOU"
"RS";432032;"Senador Salgado Filho";"X";0;0;;;"NÃO ALCANÇOU"
"RS";432035;"Sentinela do Sul";"X";0;0;;;"NÃO ALCANÇOU"
"RS";432040;"Serafina Corrêa";;5;5;100;100;"ALCANÇOU"
"RS";432045;"Sério";"X";0;0;;;"NÃO ALCANÇOU"
"RS";432050;"Sertão";"X";0;0;;;"NÃO ALCANÇOU"
"RS";432055;"Sertão Santana";;1;2;50;50;"NÃO ALCANÇOU"
"RS";432057;"Sete de Setembro";"X";0;0;;;"NÃO ALCANÇOU"
"RS";432060;"Severiano de Almeida";"X";0;0;;;"NÃO ALCANÇOU"
"RS";432065;"Silveira Martins";"X";0;0;;;"NÃO ALCANÇOU"
"RS";432067;"Sinimbu";"X";0;0;;;"NÃO ALCANÇOU"
"RS";432070;"Sobradinho";"X";0;0;;;"NÃO ALCANÇOU"
"RS";432080;"Soledade";;1;1;100;100;"ALCANÇOU"
"RS";432085;"Tabaí";"X";0;0;;;"NÃO ALCANÇOU"
"RS";432090;"Tapejara";"X";0;0;;;"NÃO ALCANÇOU"
"RS";432100;"Tapera";"X";0;0;;;"NÃO ALCANÇOU"
"RS";432110;"Tapes";;0;1;0;0;"NÃO ALCANÇOU"
"RS";432120;"Taquara";;2;4;50;50;"NÃO ALCANÇOU"
"RS";432130;"Taquari";;1;1;100;100;"ALCANÇOU"
"RS";432132;"Taquaruçu do Sul";"X";0;0;;;"NÃO ALCANÇOU"
"RS";432135;"Tavares";"X";0;0;;;"NÃO ALCANÇOU"
"RS";432140;"Tenente Portela";;2;3;66,6666666666667;66,7;"NÃO ALCANÇOU"
"RS";432143;"Terra de Areia";"X";0;0;;;"NÃO ALCANÇOU"
"RS";432145;"Teutônia";;5;5;100;100;"ALCANÇOU"
"RS";432146;"Tio Hugo";"X";0;0;;;"NÃO ALCANÇOU"
"RS";432147;"Tiradentes do Sul";;1;1;100;100;"ALCANÇOU"
"RS";432149;"Toropi";"X";0;0;;;"NÃO ALCANÇOU"
"RS";432150;"Torres";;2;2;100;100;"ALCANÇOU"
"RS";432160;"Tramandaí";;1;1;100;100;"ALCANÇOU"
"RS";432162;"Travesseiro";"X";0;0;;;"NÃO ALCANÇOU"
"RS";432163;"Três Arroios";"X";0;0;;;"NÃO ALCANÇOU"
"RS";432166;"Três Cachoeiras";"X";0;0;;;"NÃO ALCANÇOU"
"RS";432170;"Três Coroas";"X";0;0;;;"NÃO ALCANÇOU"
"RS";432180;"Três de Maio";;1;1;100;100;"ALCANÇOU"
"RS";432183;"Três Forquilhas";"X";0;0;;;"NÃO ALCANÇOU"
"RS";432185;"Três Palmeiras";;0;2;0;0;"NÃO ALCANÇOU"
"RS";432190;"Três Passos";;3;3;100;100;"ALCANÇOU"
"RS";432195;"Trindade do Sul";;1;1;100;100;"ALCANÇOU"
"RS";432200;"Triunfo";;4;4;100;100;"ALCANÇOU"
"RS";432210;"Tucunduva";;4;4;100;100;"ALCANÇOU"
"RS";432215;"Tunas";"X";0;0;;;"NÃO ALCANÇOU"
"RS";432218;"Tupanci do Sul";;0;1;0;0;"NÃO ALCANÇOU"
"RS";432220;"Tupanciretã";;0;1;0;0;"NÃO ALCANÇOU"
"RS";432225;"Tupandi";"X";0;0;;;"NÃO ALCANÇOU"
"RS";432230;"Tuparendi";"X";0;0;;;"NÃO ALCANÇOU"
"RS";432232;"Turuçu";"X";0;0;;;"NÃO ALCANÇOU"
"RS";432234;"Ubiretama";"X";0;0;;;"NÃO ALCANÇOU"
"RS";432235;"União da Serra";;1;1;100;100;"ALCANÇOU"
"RS";432237;"Unistalda";"X";0;0;;;"NÃO ALCANÇOU"
"RS";432240;"Uruguaiana";;11;19;57,8947368421053;57,9;"NÃO ALCANÇOU"
"RS";432250;"Vacaria";;1;1;100;100;"ALCANÇOU"
"RS";432252;"Vale Verde";"X";0;0;;;"NÃO ALCANÇOU"
"RS";432253;"Vale do Sol";"X";0;0;;;"NÃO ALCANÇOU"
"RS";432254;"Vale Real";;1;1;100;100;"ALCANÇOU"
"RS";432255;"Vanini";"X";0;0;;;"NÃO ALCANÇOU"
"RS";432260;"Venâncio Aires";;9;9;100;100;"ALCANÇOU"
"RS";432270;"Vera Cruz";;2;3;66,6666666666667;66,7;"NÃO ALCANÇOU"
"RS";432280;"Veranópolis";"X";0;0;;;"NÃO ALCANÇOU"
"RS";432285;"Vespasiano Correa";"X";0;0;;;"NÃO ALCANÇOU"
"RS";432290;"Viadutos";"X";0;0;;;"NÃO ALCANÇOU"
"RS";432300;"Viamão";;10;12;83,3333333333333;83,3;"ALCANÇOU"
"RS";432310;"Vicente Dutra";;3;3;100;100;"ALCANÇOU"
"RS";432320;"Victor Graeff";"X";0;0;;;"NÃO ALCANÇOU"
"RS";432330;"Vila Flores";"X";0;0;;;"NÃO ALCANÇOU"
"RS";432335;"Vila Lângaro";"X";0;0;;;"NÃO ALCANÇOU"
"RS";432340;"Vila Maria";"X";0;0;;;"NÃO ALCANÇOU"
"RS";432345;"Vila Nova do Sul";"X";0;0;;;"NÃO ALCANÇOU"
"RS";432350;"Vista Alegre";"X";0;0;;;"NÃO ALCANÇOU"
"RS";432360;"Vista Alegre do Prata";"X";0;0;;;"NÃO ALCANÇOU"
"RS";432370;"Vista Gaúcha";"X";0;0;;;"NÃO ALCANÇOU"
"RS";432375;"Vitória das Missões";"X";0;0;;;"NÃO ALCANÇOU"
"RS";432377;"Westfalia";"X";0;0;;;"NÃO ALCANÇOU"
"RS";432380;"Xangri-lá";"X";0;0;;;"NÃO ALCANÇOU"
"MS";500020;"Água Clara";;2;4;50;50;"NÃO ALCANÇOU"
"MS";500025;"Alcinópolis";"X";0;0;;;"NÃO ALCANÇOU"
"MS";500060;"Amambai";;2;2;100;100;"ALCANÇOU"
"MS";500070;"Anastácio";;3;3;100;100;"ALCANÇOU"
"MS";500080;"Anaurilândia";"X";0;0;;;"NÃO ALCANÇOU"
"MS";500085;"Angélica";;0;6;0;0;"NÃO ALCANÇOU"
"MS";500090;"Antônio João";;0;1;0;0;"NÃO ALCANÇOU"
"MS";500100;"Aparecida do Taboado";;1;1;100;100;"ALCANÇOU"
"MS";500110;"Aquidauana";;1;1;100;100;"ALCANÇOU"
"MS";500124;"Aral Moreira";;0;2;0;0;"NÃO ALCANÇOU"
"MS";500150;"Bandeirantes";;1;1;100;100;"ALCANÇOU"
"MS";500190;"Bataguassu";;0;3;0;0;"NÃO ALCANÇOU"
"MS";500200;"Batayporã";;1;1;100;100;"ALCANÇOU"
"MS";500210;"Bela Vista";;1;1;100;100;"ALCANÇOU"
"MS";500215;"Bodoquena";"X";0;0;;;"NÃO ALCANÇOU"
"MS";500220;"Bonito";;3;4;75;75;"NÃO ALCANÇOU"
"MS";500230;"Brasilândia";;1;1;100;100;"ALCANÇOU"
"MS";500240;"Caarapó";"X";0;0;;;"NÃO ALCANÇOU"
"MS";500260;"Camapuã";;3;6;50;50;"NÃO ALCANÇOU"
"MS";500270;"Campo Grande";;51;51;100;100;"ALCANÇOU"
"MS";500280;"Caracol";"X";0;0;;;"NÃO ALCANÇOU"
"MS";500290;"Cassilândia";"X";0;0;;;"NÃO ALCANÇOU"
"MS";500295;"Chapadão do Sul";;17;17;100;100;"ALCANÇOU"
"MS";500310;"Corguinho";"X";0;0;;;"NÃO ALCANÇOU"
"MS";500315;"Coronel Sapucaia";;3;3;100;100;"ALCANÇOU"
"MS";500320;"Corumbá";;2;3;66,6666666666667;66,7;"NÃO ALCANÇOU"
"MS";500325;"Costa Rica";;1;1;100;100;"ALCANÇOU"
"MS";500330;"Coxim";;1;1;100;100;"ALCANÇOU"
"MS";500345;"Deodápolis";;1;1;100;100;"ALCANÇOU"
"MS";500348;"Dois Irmãos do Buriti";;1;2;50;50;"NÃO ALCANÇOU"
"MS";500350;"Douradina";;0;1;0;0;"NÃO ALCANÇOU"
"MS";500370;"Dourados";;11;12;91,6666666666667;91,7;"ALCANÇOU"
"MS";500375;"Eldorado";;0;3;0;0;"NÃO ALCANÇOU"
"MS";500380;"Fátima do Sul";;0;1;0;0;"NÃO ALCANÇOU"
"MS";500390;"Figueirão";"X";0;0;;;"NÃO ALCANÇOU"
"MS";500400;"Glória de Dourados";"X";0;0;;;"NÃO ALCANÇOU"
"MS";500410;"Guia Lopes da Laguna";;1;1;100;100;"ALCANÇOU"
"MS";500430;"Iguatemi";;2;3;66,6666666666667;66,7;"NÃO ALCANÇOU"
"MS";500440;"Inocência";;1;1;100;100;"ALCANÇOU"
"MS";500450;"Itaporã";;3;3;100;100;"ALCANÇOU"
"MS";500460;"Itaquiraí";;6;6;100;100;"ALCANÇOU"
"MS";500470;"Ivinhema";;1;1;100;100;"ALCANÇOU"
"MS";500480;"Japorã";"X";0;0;;;"NÃO ALCANÇOU"
"MS";500490;"Jaraguari";;1;1;100;100;"ALCANÇOU"
"MS";500500;"Jardim";;2;4;50;50;"NÃO ALCANÇOU"
"MS";500510;"Jateí";;0;1;0;0;"NÃO ALCANÇOU"
"MS";500515;"Juti";"X";0;0;;;"NÃO ALCANÇOU"
"MS";500520;"Ladário";"X";0;0;;;"NÃO ALCANÇOU"
"MS";500525;"Laguna Carapã";"X";0;0;;;"NÃO ALCANÇOU"
"MS";500540;"Maracaju";;2;3;66,6666666666667;66,7;"NÃO ALCANÇOU"
"MS";500560;"Miranda";;7;8;87,5;87,5;"ALCANÇOU"
"MS";500568;"Mundo Novo";;4;4;100;100;"ALCANÇOU"
"MS";500570;"Naviraí";;1;1;100;100;"ALCANÇOU"
"MS";500580;"Nioaque";;7;9;77,7777777777778;77,8;"NÃO ALCANÇOU"
"MS";500600;"Nova Alvorada do Sul";;1;1;100;100;"ALCANÇOU"
"MS";500620;"Nova Andradina";;4;4;100;100;"ALCANÇOU"
"MS";500625;"Novo Horizonte do Sul";"X";0;0;;;"NÃO ALCANÇOU"
"MS";500627;"Paraíso das Águas";"X";0;0;;;"NÃO ALCANÇOU"
"MS";500630;"Paranaíba";"X";0;0;;;"NÃO ALCANÇOU"
"MS";500635;"Paranhos";;1;1;100;100;"ALCANÇOU"
"MS";500640;"Pedro Gomes";"X";0;0;;;"NÃO ALCANÇOU"
"MS";500660;"Ponta Porã";;9;11;81,8181818181818;81,8;"ALCANÇOU"
"MS";500690;"Porto Murtinho";"X";0;0;;;"NÃO ALCANÇOU"
"MS";500710;"Ribas do Rio Pardo";;5;5;100;100;"ALCANÇOU"
"MS";500720;"Rio Brilhante";"X";0;0;;;"NÃO ALCANÇOU"
"MS";500730;"Rio Negro";"X";0;0;;;"NÃO ALCANÇOU"
"MS";500740;"Rio Verde de Mato Grosso";;6;7;85,7142857142857;85,7;"ALCANÇOU"
"MS";500750;"Rochedo";;0;1;0;0;"NÃO ALCANÇOU"
"MS";500755;"Santa Rita do Pardo";"X";0;0;;;"NÃO ALCANÇOU"
"MS";500769;"São Gabriel do Oeste";;0;1;0;0;"NÃO ALCANÇOU"
"MS";500770;"Sete Quedas";"X";0;0;;;"NÃO ALCANÇOU"
"MS";500780;"Selvíria";"X";0;0;;;"NÃO ALCANÇOU"
"MS";500790;"Sidrolândia";;1;1;100;100;"ALCANÇOU"
"MS";500793;"Sonora";"X";0;0;;;"NÃO ALCANÇOU"
"MS";500795;"Tacuru";"X";0;0;;;"NÃO ALCANÇOU"
"MS";500797;"Taquarussu";"X";0;0;;;"NÃO ALCANÇOU"
"MS";500800;"Terenos";;0;1;0;0;"NÃO ALCANÇOU"
"MS";500830;"Três Lagoas";;2;2;100;100;"ALCANÇOU"
"MS";500840;"Vicentina";"X";0;0;;;"NÃO ALCANÇOU"
"MT";510010;"Acorizal";"X";0;0;;;"NÃO ALCANÇOU"
"MT";510020;"Água Boa";"X";0;0;;;"NÃO ALCANÇOU"
"MT";510025;"Alta Floresta";"X";0;0;;;"NÃO ALCANÇOU"
"MT";510030;"Alto Araguaia";"X";0;0;;;"NÃO ALCANÇOU"
"MT";510035;"Alto Boa Vista";"X";0;0;;;"NÃO ALCANÇOU"
"MT";510040;"Alto Garças";;1;1;100;100;"ALCANÇOU"
"MT";510050;"Alto Paraguai";"X";0;0;;;"NÃO ALCANÇOU"
"MT";510060;"Alto Taquari";"X";0;0;;;"NÃO ALCANÇOU"
"MT";510080;"Apiacás";;1;1;100;100;"ALCANÇOU"
"MT";510100;"Araguaiana";"X";0;0;;;"NÃO ALCANÇOU"
"MT";510120;"Araguainha";"X";0;0;;;"NÃO ALCANÇOU"
"MT";510125;"Araputanga";;3;3;100;100;"ALCANÇOU"
"MT";510130;"Arenápolis";"X";0;0;;;"NÃO ALCANÇOU"
"MT";510140;"Aripuanã";"X";0;0;;;"NÃO ALCANÇOU"
"MT";510160;"Barão de Melgaço";"X";0;0;;;"NÃO ALCANÇOU"
"MT";510170;"Barra do Bugres";;2;2;100;100;"ALCANÇOU"
"MT";510180;"Barra do Garças";;4;4;100;100;"ALCANÇOU"
"MT";510185;"Bom Jesus do Araguaia";"X";0;0;;;"NÃO ALCANÇOU"
"MT";510190;"Brasnorte";"X";0;0;;;"NÃO ALCANÇOU"
"MT";510250;"Cáceres";;12;12;100;100;"ALCANÇOU"
"MT";510260;"Campinápolis";;4;5;80;80;"ALCANÇOU"
"MT";510263;"Campo Novo do Parecis";;1;1;100;100;"ALCANÇOU"
"MT";510267;"Campo Verde";;1;1;100;100;"ALCANÇOU"
"MT";510268;"Campos de Júlio";;1;1;100;100;"ALCANÇOU"
"MT";510269;"Canabrava do Norte";"X";0;0;;;"NÃO ALCANÇOU"
"MT";510270;"Canarana";;1;1;100;100;"ALCANÇOU"
"MT";510279;"Carlinda";"X";0;0;;;"NÃO ALCANÇOU"
"MT";510285;"Castanheira";"X";0;0;;;"NÃO ALCANÇOU"
"MT";510300;"Chapada dos Guimarães";;1;1;100;100;"ALCANÇOU"
"MT";510305;"Cláudia";"X";0;0;;;"NÃO ALCANÇOU"
"MT";510310;"Cocalinho";"X";0;0;;;"NÃO ALCANÇOU"
"MT";510320;"Colíder";"X";0;0;;;"NÃO ALCANÇOU"
"MT";510325;"Colniza";"X";0;0;;;"NÃO ALCANÇOU"
"MT";510330;"Comodoro";;1;1;100;100;"ALCANÇOU"
"MT";510335;"Confresa";;1;1;100;100;"ALCANÇOU"
"MT";510336;"Conquista D'Oeste";;2;3;66,6666666666667;66,7;"NÃO ALCANÇOU"
"MT";510337;"Cotriguaçu";"X";0;0;;;"NÃO ALCANÇOU"
"MT";510340;"Cuiabá";;36;42;85,7142857142857;85,7;"ALCANÇOU"
"MT";510343;"Curvelândia";;1;1;100;100;"ALCANÇOU"
"MT";510345;"Denise";"X";0;0;;;"NÃO ALCANÇOU"
"MT";510350;"Diamantino";;1;4;25;25;"NÃO ALCANÇOU"
"MT";510360;"Dom Aquino";;2;3;66,6666666666667;66,7;"NÃO ALCANÇOU"
"MT";510370;"Feliz Natal";"X";0;0;;;"NÃO ALCANÇOU"
"MT";510380;"Figueirópolis D'Oeste";;0;4;0;0;"NÃO ALCANÇOU"
"MT";510385;"Gaúcha do Norte";"X";0;0;;;"NÃO ALCANÇOU"
"MT";510390;"General Carneiro";;2;2;100;100;"ALCANÇOU"
"MT";510395;"Glória D'Oeste";"X";0;0;;;"NÃO ALCANÇOU"
"MT";510410;"Guarantã do Norte";;2;3;66,6666666666667;66,7;"NÃO ALCANÇOU"
"MT";510420;"Guiratinga";"X";0;0;;;"NÃO ALCANÇOU"
"MT";510450;"Indiavaí";"X";0;0;;;"NÃO ALCANÇOU"
"MT";510452;"Ipiranga do Norte";"X";0;0;;;"NÃO ALCANÇOU"
"MT";510454;"Itanhangá";"X";0;0;;;"NÃO ALCANÇOU"
"MT";510455;"Itaúba";"X";0;0;;;"NÃO ALCANÇOU"
"MT";510460;"Itiquira";"X";0;0;;;"NÃO ALCANÇOU"
"MT";510480;"Jaciara";;5;5;100;100;"ALCANÇOU"
"MT";510490;"Jangada";"X";0;0;;;"NÃO ALCANÇOU"
"MT";510500;"Jauru";;1;1;100;100;"ALCANÇOU"
"MT";510510;"Juara";;1;1;100;100;"ALCANÇOU"
"MT";510515;"Juína";;3;5;60;60;"NÃO ALCANÇOU"
"MT";510517;"Juruena";;4;4;100;100;"ALCANÇOU"
"MT";510520;"Juscimeira";;0;2;0;0;"NÃO ALCANÇOU"
"MT";510523;"Lambari D'Oeste";;1;1;100;100;"ALCANÇOU"
"MT";510525;"Lucas do Rio Verde";;1;1;100;100;"ALCANÇOU"
"MT";510530;"Luciara";"X";0;0;;;"NÃO ALCANÇOU"
"MT";510550;"Vila Bela da Santíssima Trindade";"X";0;0;;;"NÃO ALCANÇOU"
"MT";510558;"Marcelândia";"X";0;0;;;"NÃO ALCANÇOU"
"MT";510560;"Matupá";;1;2;50;50;"NÃO ALCANÇOU"
"MT";510562;"Mirassol d'Oeste";;3;5;60;60;"NÃO ALCANÇOU"
"MT";510590;"Nobres";"X";0;0;;;"NÃO ALCANÇOU"
"MT";510600;"Nortelândia";;1;1;100;100;"ALCANÇOU"
"MT";510610;"Nossa Senhora do Livramento";"X";0;0;;;"NÃO ALCANÇOU"
"MT";510615;"Nova Bandeirantes";"X";0;0;;;"NÃO ALCANÇOU"
"MT";510617;"Nova Nazaré";;0;1;0;0;"NÃO ALCANÇOU"
"MT";510618;"Nova Lacerda";;1;2;50;50;"NÃO ALCANÇOU"
"MT";510619;"Nova Santa Helena";"X";0;0;;;"NÃO ALCANÇOU"
"MT";510620;"Nova Brasilândia";"X";0;0;;;"NÃO ALCANÇOU"
"MT";510621;"Nova Canaã do Norte";"X";0;0;;;"NÃO ALCANÇOU"
"MT";510622;"Nova Mutum";"X";0;0;;;"NÃO ALCANÇOU"
"MT";510623;"Nova Olímpia";"X";0;0;;;"NÃO ALCANÇOU"
"MT";510624;"Nova Ubiratã";;1;1;100;100;"ALCANÇOU"
"MT";510625;"Nova Xavantina";;2;2;100;100;"ALCANÇOU"
"MT";510626;"Novo Mundo";"X";0;0;;;"NÃO ALCANÇOU"
"MT";510627;"Novo Horizonte do Norte";;1;1;100;100;"ALCANÇOU"
"MT";510628;"Novo São Joaquim";"X";0;0;;;"NÃO ALCANÇOU"
"MT";510629;"Paranaíta";"X";0;0;;;"NÃO ALCANÇOU"
"MT";510630;"Paranatinga";;4;4;100;100;"ALCANÇOU"
"MT";510631;"Novo Santo Antônio";"X";0;0;;;"NÃO ALCANÇOU"
"MT";510637;"Pedra Preta";"X";0;0;;;"NÃO ALCANÇOU"
"MT";510642;"Peixoto de Azevedo";"X";0;0;;;"NÃO ALCANÇOU"
"MT";510645;"Planalto da Serra";"X";0;0;;;"NÃO ALCANÇOU"
"MT";510650;"Poconé";;2;2;100;100;"ALCANÇOU"
"MT";510665;"Pontal do Araguaia";"X";0;0;;;"NÃO ALCANÇOU"
"MT";510670;"Ponte Branca";;0;1;0;0;"NÃO ALCANÇOU"
"MT";510675;"Pontes e Lacerda";;14;15;93,3333333333333;93,3;"ALCANÇOU"
"MT";510677;"Porto Alegre do Norte";;1;1;100;100;"ALCANÇOU"
"MT";510680;"Porto dos Gaúchos";"X";0;0;;;"NÃO ALCANÇOU"
"MT";510682;"Porto Esperidião";"X";0;0;;;"NÃO ALCANÇOU"
"MT";510685;"Porto Estrela";"X";0;0;;;"NÃO ALCANÇOU"
"MT";510700;"Poxoréo";"X";0;0;;;"NÃO ALCANÇOU"
"MT";510704;"Primavera do Leste";;20;20;100;100;"ALCANÇOU"
"MT";510706;"Querência";;4;4;100;100;"ALCANÇOU"
"MT";510710;"São José dos Quatro Marcos";"X";0;0;;;"NÃO ALCANÇOU"
"MT";510715;"Reserva do Cabaçal";"X";0;0;;;"NÃO ALCANÇOU"
"MT";510718;"Ribeirão Cascalheira";"X";0;0;;;"NÃO ALCANÇOU"
"MT";510719;"Ribeirãozinho";"X";0;0;;;"NÃO ALCANÇOU"
"MT";510720;"Rio Branco";"X";0;0;;;"NÃO ALCANÇOU"
"MT";510724;"Santa Carmem";"X";0;0;;;"NÃO ALCANÇOU"
"MT";510726;"Santo Afonso";;1;1;100;100;"ALCANÇOU"
"MT";510729;"São José do Povo";;0;1;0;0;"NÃO ALCANÇOU"
"MT";510730;"São José do Rio Claro";"X";0;0;;;"NÃO ALCANÇOU"
"MT";510735;"São José do Xingu";"X";0;0;;;"NÃO ALCANÇOU"
"MT";510740;"São Pedro da Cipa";"X";0;0;;;"NÃO ALCANÇOU"
"MT";510757;"Rondolândia";"X";0;0;;;"NÃO ALCANÇOU"
"MT";510760;"Rondonópolis";;4;4;100;100;"ALCANÇOU"
"MT";510770;"Rosário Oeste";"X";0;0;;;"NÃO ALCANÇOU"
"MT";510774;"Santa Cruz do Xingu";"X";0;0;;;"NÃO ALCANÇOU"
"MT";510775;"Salto do Céu";"X";0;0;;;"NÃO ALCANÇOU"
"MT";510776;"Santa Rita do Trivelato";"X";0;0;;;"NÃO ALCANÇOU"
"MT";510777;"Santa Terezinha";"X";0;0;;;"NÃO ALCANÇOU"
"MT";510779;"Santo Antônio do Leste";"X";0;0;;;"NÃO ALCANÇOU"
"MT";510780;"Santo Antônio do Leverger";;2;3;66,6666666666667;66,7;"NÃO ALCANÇOU"
"MT";510785;"São Félix do Araguaia";"X";0;0;;;"NÃO ALCANÇOU"
"MT";510787;"Sapezal";;2;2;100;100;"ALCANÇOU"
"MT";510788;"Serra Nova Dourada";"X";0;0;;;"NÃO ALCANÇOU"
"MT";510790;"Sinop";;8;8;100;100;"ALCANÇOU"
"MT";510792;"Sorriso";;4;4;100;100;"ALCANÇOU"
"MT";510794;"Tabaporã";"X";0;0;;;"NÃO ALCANÇOU"
"MT";510795;"Tangará da Serra";;3;3;100;100;"ALCANÇOU"
"MT";510800;"Tapurah";"X";0;0;;;"NÃO ALCANÇOU"
"MT";510805;"Terra Nova do Norte";;2;2;100;100;"ALCANÇOU"
"MT";510810;"Tesouro";"X";0;0;;;"NÃO ALCANÇOU"
"MT";510820;"Torixoréu";"X";0;0;;;"NÃO ALCANÇOU"
"MT";510830;"União do Sul";"X";0;0;;;"NÃO ALCANÇOU"
"MT";510835;"Vale de São Domingos";"X";0;0;;;"NÃO ALCANÇOU"
"MT";510840;"Várzea Grande";;49;53;92,4528301886792;92,5;"ALCANÇOU"
"MT";510850;"Vera";;1;1;100;100;"ALCANÇOU"
"MT";510860;"Vila Rica";"X";0;0;;;"NÃO ALCANÇOU"
"MT";510880;"Nova Guarita";"X";0;0;;;"NÃO ALCANÇOU"
"MT";510885;"Nova Marilândia";"X";0;0;;;"NÃO ALCANÇOU"
"MT";510890;"Nova Maringá";"X";0;0;;;"NÃO ALCANÇOU"
"MT";510895;"Nova Monte Verde";;0;1;0;0;"NÃO ALCANÇOU"
"GO";520005;"Abadia de Goiás";"X";0;0;;;"NÃO ALCANÇOU"
"GO";520010;"Abadiânia";;2;3;66,6666666666667;66,7;"NÃO ALCANÇOU"
"GO";520013;"Acreúna";;1;1;100;100;"ALCANÇOU"
"GO";520015;"Adelândia";"X";0;0;;;"NÃO ALCANÇOU"
"GO";520017;"Água Fria de Goiás";"X";0;0;;;"NÃO ALCANÇOU"
"GO";520020;"Água Limpa";"X";0;0;;;"NÃO ALCANÇOU"
"GO";520025;"Águas Lindas de Goiás";;11;11;100;100;"ALCANÇOU"
"GO";520030;"Alexânia";;0;1;0;0;"NÃO ALCANÇOU"
"GO";520050;"Aloândia";"X";0;0;;;"NÃO ALCANÇOU"
"GO";520055;"Alto Horizonte";;1;1;100;100;"ALCANÇOU"
"GO";520060;"Alto Paraíso de Goiás";"X";0;0;;;"NÃO ALCANÇOU"
"GO";520080;"Alvorada do Norte";"X";0;0;;;"NÃO ALCANÇOU"
"GO";520082;"Amaralina";"X";0;0;;;"NÃO ALCANÇOU"
"GO";520085;"Americano do Brasil";;21;22;95,4545454545455;95,5;"ALCANÇOU"
"GO";520090;"Amorinópolis";"X";0;0;;;"NÃO ALCANÇOU"
"GO";520110;"Anápolis";;18;21;85,7142857142857;85,7;"ALCANÇOU"
"GO";520120;"Anhanguera";"X";0;0;;;"NÃO ALCANÇOU"
"GO";520130;"Anicuns";;1;1;100;100;"ALCANÇOU"
"GO";520140;"Aparecida de Goiânia";;33;46;71,7391304347826;71,7;"NÃO ALCANÇOU"
"GO";520145;"Aparecida do Rio Doce";"X";0;0;;;"NÃO ALCANÇOU"
"GO";520150;"Aporé";"X";0;0;;;"NÃO ALCANÇOU"
"GO";520160;"Araçu";;1;1;100;100;"ALCANÇOU"
"GO";520170;"Aragarças";;1;1;100;100;"ALCANÇOU"
"GO";520180;"Aragoiânia";;1;1;100;100;"ALCANÇOU"
"GO";520215;"Araguapaz";"X";0;0;;;"NÃO ALCANÇOU"
"GO";520235;"Arenópolis";;0;1;0;0;"NÃO ALCANÇOU"
"GO";520250;"Aruanã";"X";0;0;;;"NÃO ALCANÇOU"
"GO";520260;"Aurilândia";"X";0;0;;;"NÃO ALCANÇOU"
"GO";520280;"Avelinópolis";"X";0;0;;;"NÃO ALCANÇOU"
"GO";520310;"Baliza";"X";0;0;;;"NÃO ALCANÇOU"
"GO";520320;"Barro Alto";;1;3;33,3333333333333;33,3;"NÃO ALCANÇOU"
"GO";520330;"Bela Vista de Goiás";;1;1;100;100;"ALCANÇOU"
"GO";520340;"Bom Jardim de Goiás";"X";0;0;;;"NÃO ALCANÇOU"
"GO";520350;"Bom Jesus de Goiás";"X";0;0;;;"NÃO ALCANÇOU"
"GO";520355;"Bonfinópolis";"X";0;0;;;"NÃO ALCANÇOU"
"GO";520357;"Bonópolis";"X";0;0;;;"NÃO ALCANÇOU"
"GO";520360;"Brazabrantes";"X";0;0;;;"NÃO ALCANÇOU"
"GO";520380;"Britânia";"X";0;0;;;"NÃO ALCANÇOU"
"GO";520390;"Buriti Alegre";"X";0;0;;;"NÃO ALCANÇOU"
"GO";520393;"Buriti de Goiás";"X";0;0;;;"NÃO ALCANÇOU"
"GO";520396;"Buritinópolis";"X";0;0;;;"NÃO ALCANÇOU"
"GO";520400;"Cabeceiras";"X";0;0;;;"NÃO ALCANÇOU"
"GO";520410;"Cachoeira Alta";;0;1;0;0;"NÃO ALCANÇOU"
"GO";520420;"Cachoeira de Goiás";"X";0;0;;;"NÃO ALCANÇOU"
"GO";520425;"Cachoeira Dourada";;1;2;50;50;"NÃO ALCANÇOU"
"GO";520430;"Caçu";;2;4;50;50;"NÃO ALCANÇOU"
"GO";520440;"Caiapônia";;0;2;0;0;"NÃO ALCANÇOU"
"GO";520450;"Caldas Novas";;2;3;66,6666666666667;66,7;"NÃO ALCANÇOU"
"GO";520455;"Caldazinha";;0;1;0;0;"NÃO ALCANÇOU"
"GO";520460;"Campestre de Goiás";"X";0;0;;;"NÃO ALCANÇOU"
"GO";520465;"Campinaçu";"X";0;0;;;"NÃO ALCANÇOU"
"GO";520470;"Campinorte";;1;1;100;100;"ALCANÇOU"
"GO";520480;"Campo Alegre de Goiás";"X";0;0;;;"NÃO ALCANÇOU"
"GO";520485;"Campo Limpo de Goiás";"X";0;0;;;"NÃO ALCANÇOU"
"GO";520490;"Campos Belos";;1;1;100;100;"ALCANÇOU"
"GO";520495;"Campos Verdes";;1;1;100;100;"ALCANÇOU"
"GO";520500;"Carmo do Rio Verde";;1;1;100;100;"ALCANÇOU"
"GO";520505;"Castelândia";"X";0;0;;;"NÃO ALCANÇOU"
"GO";520510;"Catalão";;4;6;66,6666666666667;66,7;"NÃO ALCANÇOU"
"GO";520520;"Caturaí";"X";0;0;;;"NÃO ALCANÇOU"
"GO";520530;"Cavalcante";"X";0;0;;;"NÃO ALCANÇOU"
"GO";520540;"Ceres";;1;1;100;100;"ALCANÇOU"
"GO";520545;"Cezarina";;0;1;0;0;"NÃO ALCANÇOU"
"GO";520547;"Chapadão do Céu";;1;1;100;100;"ALCANÇOU"
"GO";520549;"Cidade Ocidental";;4;7;57,1428571428571;57,1;"NÃO ALCANÇOU"
"GO";520551;"Cocalzinho de Goiás";;1;1;100;100;"ALCANÇOU"
"GO";520552;"Colinas do Sul";"X";0;0;;;"NÃO ALCANÇOU"
"GO";520570;"Córrego do Ouro";"X";0;0;;;"NÃO ALCANÇOU"
"GO";520580;"Corumbá de Goiás";;1;1;100;100;"ALCANÇOU"
"GO";520590;"Corumbaíba";"X";0;0;;;"NÃO ALCANÇOU"
"GO";520620;"Cristalina";;1;2;50;50;"NÃO ALCANÇOU"
"GO";520630;"Cristianópolis";"X";0;0;;;"NÃO ALCANÇOU"
"GO";520640;"Crixás";"X";0;0;;;"NÃO ALCANÇOU"
"GO";520650;"Cromínia";"X";0;0;;;"NÃO ALCANÇOU"
"GO";520660;"Cumari";;1;1;100;100;"ALCANÇOU"
"GO";520670;"Damianópolis";"X";0;0;;;"NÃO ALCANÇOU"
"GO";520680;"Damolândia";;1;1;100;100;"ALCANÇOU"
"GO";520690;"Davinópolis";;1;1;100;100;"ALCANÇOU"
"GO";520710;"Diorama";"X";0;0;;;"NÃO ALCANÇOU"
"GO";520725;"Doverlândia";"X";0;0;;;"NÃO ALCANÇOU"
"GO";520735;"Edealina";"X";0;0;;;"NÃO ALCANÇOU"
"GO";520740;"Edéia";"X";0;0;;;"NÃO ALCANÇOU"
"GO";520750;"Estrela do Norte";;1;1;100;100;"ALCANÇOU"
"GO";520753;"Faina";;3;3;100;100;"ALCANÇOU"
"GO";520760;"Fazenda Nova";"X";0;0;;;"NÃO ALCANÇOU"
"GO";520780;"Firminópolis";"X";0;0;;;"NÃO ALCANÇOU"
"GO";520790;"Flores de Goiás";"X";0;0;;;"NÃO ALCANÇOU"
"GO";520800;"Formosa";;2;4;50;50;"NÃO ALCANÇOU"
"GO";520810;"Formoso";"X";0;0;;;"NÃO ALCANÇOU"
"GO";520815;"Gameleira de Goiás";"X";0;0;;;"NÃO ALCANÇOU"
"GO";520830;"Divinópolis de Goiás";"X";0;0;;;"NÃO ALCANÇOU"
"GO";520840;"Goianápolis";;1;1;100;100;"ALCANÇOU"
"GO";520850;"Goiandira";"X";0;0;;;"NÃO ALCANÇOU"
"GO";520860;"Goianésia";;10;10;100;100;"ALCANÇOU"
"GO";520870;"Goiânia";;102;139;73,3812949640288;73,4;"NÃO ALCANÇOU"
"GO";520880;"Goianira";;2;4;50;50;"NÃO ALCANÇOU"
"GO";520890;"Goiás";;2;2;100;100;"ALCANÇOU"
"GO";520910;"Goiatuba";;1;3;33,3333333333333;33,3;"NÃO ALCANÇOU"
"GO";520915;"Gouvelândia";"X";0;0;;;"NÃO ALCANÇOU"
"GO";520920;"Guapó";;2;4;50;50;"NÃO ALCANÇOU"
"GO";520929;"Guaraíta";"X";0;0;;;"NÃO ALCANÇOU"
"GO";520940;"Guarani de Goiás";"X";0;0;;;"NÃO ALCANÇOU"
"GO";520945;"Guarinos";"X";0;0;;;"NÃO ALCANÇOU"
"GO";520960;"Heitoraí";;1;1;100;100;"ALCANÇOU"
"GO";520970;"Hidrolândia";;2;2;100;100;"ALCANÇOU"
"GO";520980;"Hidrolina";"X";0;0;;;"NÃO ALCANÇOU"
"GO";520990;"Iaciara";"X";0;0;;;"NÃO ALCANÇOU"
"GO";520993;"Inaciolândia";"X";0;0;;;"NÃO ALCANÇOU"
"GO";520995;"Indiara";;2;2;100;100;"ALCANÇOU"
"GO";521000;"Inhumas";;2;2;100;100;"ALCANÇOU"
"GO";521010;"Ipameri";"X";0;0;;;"NÃO ALCANÇOU"
"GO";521015;"Ipiranga de Goiás";"X";0;0;;;"NÃO ALCANÇOU"
"GO";521020;"Iporá";;1;3;33,3333333333333;33,3;"NÃO ALCANÇOU"
"GO";521030;"Israelândia";;0;1;0;0;"NÃO ALCANÇOU"
"GO";521040;"Itaberaí";;2;3;66,6666666666667;66,7;"NÃO ALCANÇOU"
"GO";521056;"Itaguari";"X";0;0;;;"NÃO ALCANÇOU"
"GO";521060;"Itaguaru";"X";0;0;;;"NÃO ALCANÇOU"
"GO";521080;"Itajá";"X";0;0;;;"NÃO ALCANÇOU"
"GO";521090;"Itapaci";"X";0;0;;;"NÃO ALCANÇOU"
"GO";521100;"Itapirapuã";;0;15;0;0;"NÃO ALCANÇOU"
"GO";521120;"Itapuranga";;3;4;75;75;"NÃO ALCANÇOU"
"GO";521130;"Itarumã";"X";0;0;;;"NÃO ALCANÇOU"
"GO";521140;"Itauçu";"X";0;0;;;"NÃO ALCANÇOU"
"GO";521150;"Itumbiara";;1;2;50;50;"NÃO ALCANÇOU"
"GO";521160;"Ivolândia";"X";0;0;;;"NÃO ALCANÇOU"
"GO";521170;"Jandaia";"X";0;0;;;"NÃO ALCANÇOU"
"GO";521180;"Jaraguá";"X";0;0;;;"NÃO ALCANÇOU"
"GO";521190;"Jataí";;2;3;66,6666666666667;66,7;"NÃO ALCANÇOU"
"GO";521200;"Jaupaci";"X";0;0;;;"NÃO ALCANÇOU"
"GO";521205;"Jesúpolis";"X";0;0;;;"NÃO ALCANÇOU"
"GO";521210;"Joviânia";"X";0;0;;;"NÃO ALCANÇOU"
"GO";521220;"Jussara";;3;24;12,5;12,5;"NÃO ALCANÇOU"
"GO";521225;"Lagoa Santa";"X";0;0;;;"NÃO ALCANÇOU"
"GO";521230;"Leopoldo de Bulhões";;1;1;100;100;"ALCANÇOU"
"GO";521250;"Luziânia";;5;5;100;100;"ALCANÇOU"
"GO";521260;"Mairipotaba";"X";0;0;;;"NÃO ALCANÇOU"
"GO";521270;"Mambaí";"X";0;0;;;"NÃO ALCANÇOU"
"GO";521280;"Mara Rosa";;2;2;100;100;"ALCANÇOU"
"GO";521290;"Marzagão";"X";0;0;;;"NÃO ALCANÇOU"
"GO";521295;"Matrinchã";"X";0;0;;;"NÃO ALCANÇOU"
"GO";521300;"Maurilândia";"X";0;0;;;"NÃO ALCANÇOU"
"GO";521305;"Mimoso de Goiás";"X";0;0;;;"NÃO ALCANÇOU"
"GO";521308;"Minaçu";;1;1;100;100;"ALCANÇOU"
"GO";521310;"Mineiros";"X";0;0;;;"NÃO ALCANÇOU"
"GO";521340;"Moiporá";"X";0;0;;;"NÃO ALCANÇOU"
"GO";521350;"Monte Alegre de Goiás";"X";0;0;;;"NÃO ALCANÇOU"
"GO";521370;"Montes Claros de Goiás";;2;2;100;100;"ALCANÇOU"
"GO";521375;"Montividiu";;0;3;0;0;"NÃO ALCANÇOU"
"GO";521377;"Montividiu do Norte";;1;1;100;100;"ALCANÇOU"
"GO";521380;"Morrinhos";;6;8;75;75;"NÃO ALCANÇOU"
"GO";521385;"Morro Agudo de Goiás";"X";0;0;;;"NÃO ALCANÇOU"
"GO";521390;"Mossâmedes";"X";0;0;;;"NÃO ALCANÇOU"
"GO";521400;"Mozarlândia";;2;2;100;100;"ALCANÇOU"
"GO";521405;"Mundo Novo";"X";0;0;;;"NÃO ALCANÇOU"
"GO";521410;"Mutunópolis";"X";0;0;;;"NÃO ALCANÇOU"
"GO";521440;"Nazário";"X";0;0;;;"NÃO ALCANÇOU"
"GO";521450;"Nerópolis";;1;3;33,3333333333333;33,3;"NÃO ALCANÇOU"
"GO";521460;"Niquelândia";;1;3;33,3333333333333;33,3;"NÃO ALCANÇOU"
"GO";521470;"Nova América";"X";0;0;;;"NÃO ALCANÇOU"
"GO";521480;"Nova Aurora";"X";0;0;;;"NÃO ALCANÇOU"
"GO";521483;"Nova Crixás";;20;20;100;100;"ALCANÇOU"
"GO";521486;"Nova Glória";"X";0;0;;;"NÃO ALCANÇOU"
"GO";521487;"Nova Iguaçu de Goiás";"X";0;0;;;"NÃO ALCANÇOU"
"GO";521490;"Nova Roma";"X";0;0;;;"NÃO ALCANÇOU"
"GO";521500;"Nova Veneza";;9;9;100;100;"ALCANÇOU"
"GO";521520;"Novo Brasil";"X";0;0;;;"NÃO ALCANÇOU"
"GO";521523;"Novo Gama";;3;3;100;100;"ALCANÇOU"
"GO";521525;"Novo Planalto";;1;1;100;100;"ALCANÇOU"
"GO";521530;"Orizona";;1;1;100;100;"ALCANÇOU"
"GO";521540;"Ouro Verde de Goiás";"X";0;0;;;"NÃO ALCANÇOU"
"GO";521550;"Ouvidor";"X";0;0;;;"NÃO ALCANÇOU"
"GO";521560;"Padre Bernardo";"X";0;0;;;"NÃO ALCANÇOU"
"GO";521565;"Palestina de Goiás";"X";0;0;;;"NÃO ALCANÇOU"
"GO";521570;"Palmeiras de Goiás";;2;2;100;100;"ALCANÇOU"
"GO";521580;"Palmelo";"X";0;0;;;"NÃO ALCANÇOU"
"GO";521590;"Palminópolis";"X";0;0;;;"NÃO ALCANÇOU"
"GO";521600;"Panamá";"X";0;0;;;"NÃO ALCANÇOU"
"GO";521630;"Paranaiguara";;1;2;50;50;"NÃO ALCANÇOU"
"GO";521640;"Paraúna";"X";0;0;;;"NÃO ALCANÇOU"
"GO";521645;"Perolândia";"X";0;0;;;"NÃO ALCANÇOU"
"GO";521680;"Petrolina de Goiás";;1;1;100;100;"ALCANÇOU"
"GO";521690;"Pilar de Goiás";"X";0;0;;;"NÃO ALCANÇOU"
"GO";521710;"Piracanjuba";"X";0;0;;;"NÃO ALCANÇOU"
"GO";521720;"Piranhas";"X";0;0;;;"NÃO ALCANÇOU"
"GO";521730;"Pirenópolis";;2;2;100;100;"ALCANÇOU"
"GO";521740;"Pires do Rio";"X";0;0;;;"NÃO ALCANÇOU"
"GO";521760;"Planaltina";;1;1;100;100;"ALCANÇOU"
"GO";521770;"Pontalina";"X";0;0;;;"NÃO ALCANÇOU"
"GO";521800;"Porangatu";;5;5;100;100;"ALCANÇOU"
"GO";521805;"Porteirão";;2;2;100;100;"ALCANÇOU"
"GO";521810;"Portelândia";"X";0;0;;;"NÃO ALCANÇOU"
"GO";521830;"Posse";"X";0;0;;;"NÃO ALCANÇOU"
"GO";521839;"Professor Jamil";"X";0;0;;;"NÃO ALCANÇOU"
"GO";521850;"Quirinópolis";;34;34;100;100;"ALCANÇOU"
"GO";521860;"Rialma";;1;1;100;100;"ALCANÇOU"
"GO";521870;"Rianápolis";"X";0;0;;;"NÃO ALCANÇOU"
"GO";521878;"Rio Quente";"X";0;0;;;"NÃO ALCANÇOU"
"GO";521880;"Rio Verde";;9;10;90;90;"ALCANÇOU"
"GO";521890;"Rubiataba";;1;1;100;100;"ALCANÇOU"
"GO";521900;"Sanclerlândia";"X";0;0;;;"NÃO ALCANÇOU"
"GO";521910;"Santa Bárbara de Goiás";"X";0;0;;;"NÃO ALCANÇOU"
"GO";521920;"Santa Cruz de Goiás";"X";0;0;;;"NÃO ALCANÇOU"
"GO";521925;"Santa Fé de Goiás";"X";0;0;;;"NÃO ALCANÇOU"
"GO";521930;"Santa Helena de Goiás";"X";0;0;;;"NÃO ALCANÇOU"
"GO";521935;"Santa Isabel";"X";0;0;;;"NÃO ALCANÇOU"
"GO";521940;"Santa Rita do Araguaia";"X";0;0;;;"NÃO ALCANÇOU"
"GO";521945;"Santa Rita do Novo Destino";"X";0;0;;;"NÃO ALCANÇOU"
"GO";521950;"Santa Rosa de Goiás";"X";0;0;;;"NÃO ALCANÇOU"
"GO";521960;"Santa Tereza de Goiás";"X";0;0;;;"NÃO ALCANÇOU"
"GO";521970;"Santa Terezinha de Goiás";;2;3;66,6666666666667;66,7;"NÃO ALCANÇOU"
"GO";521971;"Santo Antônio da Barra";"X";0;0;;;"NÃO ALCANÇOU"
"GO";521973;"Santo Antônio de Goiás";;1;1;100;100;"ALCANÇOU"
"GO";521975;"Santo Antônio do Descoberto";;1;1;100;100;"ALCANÇOU"
"GO";521980;"São Domingos";"X";0;0;;;"NÃO ALCANÇOU"
"GO";521990;"São Francisco de Goiás";;2;2;100;100;"ALCANÇOU"
"GO";522000;"São João d'Aliança";"X";0;0;;;"NÃO ALCANÇOU"
"GO";522005;"São João da Paraúna";"X";0;0;;;"NÃO ALCANÇOU"
"GO";522010;"São Luís de Montes Belos";;0;1;0;0;"NÃO ALCANÇOU"
"GO";522015;"São Luíz do Norte";"X";0;0;;;"NÃO ALCANÇOU"
"GO";522020;"São Miguel do Araguaia";"X";0;0;;;"NÃO ALCANÇOU"
"GO";522026;"São Miguel do Passa Quatro";"X";0;0;;;"NÃO ALCANÇOU"
"GO";522028;"São Patrício";"X";0;0;;;"NÃO ALCANÇOU"
"GO";522040;"São Simão";;1;1;100;100;"ALCANÇOU"
"GO";522045;"Senador Canedo";;7;7;100;100;"ALCANÇOU"
"GO";522050;"Serranópolis";"X";0;0;;;"NÃO ALCANÇOU"
"GO";522060;"Silvânia";"X";0;0;;;"NÃO ALCANÇOU"
"GO";522068;"Simolândia";"X";0;0;;;"NÃO ALCANÇOU"
"GO";522070;"Sítio d'Abadia";"X";0;0;;;"NÃO ALCANÇOU"
"GO";522100;"Taquaral de Goiás";"X";0;0;;;"NÃO ALCANÇOU"
"GO";522108;"Teresina de Goiás";"X";0;0;;;"NÃO ALCANÇOU"
"GO";522119;"Terezópolis de Goiás";"X";0;0;;;"NÃO ALCANÇOU"
"GO";522130;"Três Ranchos";"X";0;0;;;"NÃO ALCANÇOU"
"GO";522140;"Trindade";;6;9;66,6666666666667;66,7;"NÃO ALCANÇOU"
"GO";522145;"Trombas";"X";0;0;;;"NÃO ALCANÇOU"
"GO";522150;"Turvânia";"X";0;0;;;"NÃO ALCANÇOU"
"GO";522155;"Turvelândia";;0;1;0;0;"NÃO ALCANÇOU"
"GO";522157;"Uirapuru";"X";0;0;;;"NÃO ALCANÇOU"
"GO";522160;"Uruaçu";;4;5;80;80;"ALCANÇOU"
"GO";522170;"Uruana";"X";0;0;;;"NÃO ALCANÇOU"
"GO";522180;"Urutaí";"X";0;0;;;"NÃO ALCANÇOU"
"GO";522185;"Valparaíso de Goiás";;8;9;88,8888888888889;88,9;"ALCANÇOU"
"GO";522190;"Varjão";"X";0;0;;;"NÃO ALCANÇOU"
"GO";522200;"Vianópolis";;1;1;100;100;"ALCANÇOU"
"GO";522205;"Vicentinópolis";"X";0;0;;;"NÃO ALCANÇOU"
"GO";522220;"Vila Boa";"X";0;0;;;"NÃO ALCANÇOU"
"GO";522230;"Vila Propício";"X";0;0;;;"NÃO ALCANÇOU"
"DF";530010;"Brasília";;251;275;91,2727272727273;91,3;"ALCANÇOU"
