"UF";"COD_MUN";"NOME_MUN";"RES_2024";"NUM_2025";"DEN_2025";"RES_2025";"ALCANCOU A META?";"RES";"METAS"
"RO";110001;"Alta Floresta D'Oeste";40;1;3;33,3333333333333;"Sim";-6,7;"ALCANÇOU"
"RO";110002;"Ariquemes";34,1463414634146;7;28;25;"Sim";-9,1;"ALCANÇOU"
"RO";110003;"Cabixi";0;0;0;0;"Sim";0;"ALCANÇOU"
"RO";110004;"Cacoal";12,9032258064516;2;27;7,40740740740741;"Sim";-5,5;"ALCANÇOU"
"RO";110005;"Cerejeiras";40;2;3;66,6666666666667;"Não";26,7;"NÃO ALCANÇOU"
"RO";110006;"Colorado do Oeste";66,6666666666667;1;3;33,3333333333333;"Sim";-33,3;"ALCANÇOU"
"RO";110007;"Corumbiara";0;0;2;0;"Sim";0;"ALCANÇOU"
"RO";110008;"Costa Marques";0;1;4;25;"Não";25;"NÃO ALCANÇOU"
"RO";110009;"Espigão D'Oeste";0;2;7;28,5714285714286;"Não";28,6;"NÃO ALCANÇOU"
"RO";110010;"Guajará-Mirim";33,3333333333333;2;15;13,3333333333333;"Sim";-20;"ALCANÇOU"
"RO";110011;"Jaru";30;1;7;14,2857142857143;"Sim";-15,7;"ALCANÇOU"
"RO";110012;"Ji-Paraná";25;8;27;29,6296296296296;"Não";4,6;"NÃO ALCANÇOU"
"RO";110013;"Machadinho D'Oeste";0;1;3;33,3333333333333;"Não";33,3;"NÃO ALCANÇOU"
"RO";110014;"Nova Brasilândia D'Oeste";0;0;3;0;"Sim";0;"ALCANÇOU"
"RO";110015;"Ouro Preto do Oeste";0;0;3;0;"Sim";0;"ALCANÇOU"
"RO";110018;"Pimenta Bueno";12,5;0;6;0;"Sim";-12,5;"ALCANÇOU"
"RO";110020;"Porto Velho";26,4406779661017;64;264;24,2424242424242;"Sim";-2,2;"ALCANÇOU"
"RO";110025;"Presidente Médici";0;0;0;0;"Sim";0;"ALCANÇOU"
"RO";110026;"Rio Crespo";0;0;0;0;"Sim";0;"ALCANÇOU"
"RO";110028;"Rolim de Moura";5,55555555555556;0;5;0;"Sim";-5,6;"ALCANÇOU"
"RO";110029;"Santa Luzia D'Oeste";0;0;1;0;"Sim";0;"ALCANÇOU"
"RO";110030;"Vilhena";40,7407407407407;16;35;45,7142857142857;"Não";5;"NÃO ALCANÇOU"
"RO";110032;"São Miguel do Guaporé";0;0;2;0;"Sim";0;"ALCANÇOU"
"RO";110033;"Nova Mamoré";33,3333333333333;0;2;0;"Sim";-33,3;"ALCANÇOU"
"RO";110034;"Alvorada D'Oeste";0;0;0;0;"Sim";0;"ALCANÇOU"
"RO";110037;"Alto Alegre dos Parecis";100;0;0;0;"Sim";-100;"ALCANÇOU"
"RO";110040;"Alto Paraíso";0;1;3;33,3333333333333;"Não";33,3;"NÃO ALCANÇOU"
"RO";110045;"Buritis";100;2;6;33,3333333333333;"Sim";-66,7;"ALCANÇOU"
"RO";110050;"Novo Horizonte do Oeste";0;0;0;0;"Sim";0;"ALCANÇOU"
"RO";110060;"Cacaulândia";100;0;0;0;"Sim";-100;"ALCANÇOU"
"RO";110070;"Campo Novo de Rondônia";0;0;2;0;"Sim";0;"ALCANÇOU"
"RO";110080;"Candeias do Jamari";50;2;6;33,3333333333333;"Sim";-16,7;"ALCANÇOU"
"RO";110090;"Castanheiras";0;0;0;0;"Sim";0;"ALCANÇOU"
"RO";110092;"Chupinguaia";33,3333333333333;0;0;0;"Sim";-33,3;"ALCANÇOU"
"RO";110094;"Cujubim";0;1;3;33,3333333333333;"Não";33,3;"NÃO ALCANÇOU"
"RO";110100;"Governador Jorge Teixeira";0;0;0;0;"Sim";0;"ALCANÇOU"
"RO";110110;"Itapuã do Oeste";0;0;1;0;"Sim";0;"ALCANÇOU"
"RO";110120;"Ministro Andreazza";0;0;0;0;"Sim";0;"ALCANÇOU"
"RO";110130;"Mirante da Serra";100;0;1;0;"Sim";-100;"ALCANÇOU"
"RO";110140;"Monte Negro";0;0;0;0;"Sim";0;"ALCANÇOU"
"RO";110143;"Nova União";0;1;1;100;"Não";100;"NÃO ALCANÇOU"
"RO";110145;"Parecis";0;0;0;0;"Sim";0;"ALCANÇOU"
"RO";110146;"Pimenteiras do Oeste";0;0;0;0;"Sim";0;"ALCANÇOU"
"RO";110147;"Primavera de Rondônia";100;0;0;0;"Sim";-100;"ALCANÇOU"
"RO";110148;"São Felipe D'Oeste";0;0;0;0;"Sim";0;"ALCANÇOU"
"RO";110149;"São Francisco do Guaporé";0;1;1;100;"Não";100;"NÃO ALCANÇOU"
"RO";110150;"Seringueiras";0;0;1;0;"Sim";0;"ALCANÇOU"
"RO";110155;"Teixeirópolis";0;1;1;100;"Não";100;"NÃO ALCANÇOU"
"RO";110160;"Theobroma";0;0;0;0;"Sim";0;"ALCANÇOU"
"RO";110170;"Urupá";0;1;2;50;"Não";50;"NÃO ALCANÇOU"
"RO";110175;"Vale do Anari";100;0;1;0;"Sim";-100;"ALCANÇOU"
"RO";110180;"Vale do Paraíso";0;0;0;0;"Sim";0;"ALCANÇOU"
"AC";120001;"Acrelândia";0;0;1;0;"Sim";0;"ALCANÇOU"
"AC";120005;"Assis Brasil";0;0;0;0;"Sim";0;"ALCANÇOU"
"AC";120010;"Brasiléia";25;1;6;16,6666666666667;"Sim";-8,3;"ALCANÇOU"
"AC";120013;"Bujari";50;2;2;100;"Não";50;"NÃO ALCANÇOU"
"AC";120017;"Capixaba";0;1;2;50;"Não";50;"NÃO ALCANÇOU"
"AC";120020;"Cruzeiro do Sul";33,3333333333333;2;9;22,2222222222222;"Sim";-11,1;"ALCANÇOU"
"AC";120025;"Epitaciolândia";50;0;6;0;"Sim";-50;"ALCANÇOU"
"AC";120030;"Feijó";0;0;0;0;"Sim";0;"ALCANÇOU"
"AC";120032;"Jordão";0;0;1;0;"Sim";0;"ALCANÇOU"
"AC";120033;"Mâncio Lima";0;1;2;50;"Não";50;"NÃO ALCANÇOU"
"AC";120034;"Manoel Urbano";0;0;0;0;"Sim";0;"ALCANÇOU"
"AC";120035;"Marechal Thaumaturgo";0;0;0;0;"Sim";0;"ALCANÇOU"
"AC";120038;"Plácido de Castro";25;0;0;0;"Sim";-25;"ALCANÇOU"
"AC";120039;"Porto Walter";0;0;0;0;"Sim";0;"ALCANÇOU"
"AC";120040;"Rio Branco";24,113475177305;26;124;20,9677419354839;"Sim";-3,1;"ALCANÇOU"
"AC";120042;"Rodrigues Alves";0;0;0;0;"Sim";0;"ALCANÇOU"
"AC";120043;"Santa Rosa do Purus";0;0;0;0;"Sim";0;"ALCANÇOU"
"AC";120045;"Senador Guiomard";0;0;1;0;"Sim";0;"ALCANÇOU"
"AC";120050;"Sena Madureira";40;0;1;0;"Sim";-40;"ALCANÇOU"
"AC";120060;"Tarauacá";50;3;4;75;"Não";25;"NÃO ALCANÇOU"
"AC";120070;"Xapuri";0;0;0;0;"Sim";0;"ALCANÇOU"
"AC";120080;"Porto Acre";33,3333333333333;0;1;0;"Sim";-33,3;"ALCANÇOU"
"AM";130002;"Alvarães";0;2;7;28,5714285714286;"Não";28,6;"NÃO ALCANÇOU"
"AM";130006;"Amaturá";100;0;0;0;"Sim";-100;"ALCANÇOU"
"AM";130008;"Anamã";0;0;1;0;"Sim";0;"ALCANÇOU"
"AM";130010;"Anori";0;0;1;0;"Sim";0;"ALCANÇOU"
"AM";130014;"Apuí";0;0;0;0;"Sim";0;"ALCANÇOU"
"AM";130020;"Atalaia do Norte";28,5714285714286;0;3;0;"Sim";-28,6;"ALCANÇOU"
"AM";130030;"Autazes";14,2857142857143;4;11;36,3636363636364;"Não";22,1;"NÃO ALCANÇOU"
"AM";130040;"Barcelos";100;1;1;100;"Não";0;"NÃO ALCANÇOU"
"AM";130050;"Barreirinha";25;3;11;27,2727272727273;"Não";2,3;"NÃO ALCANÇOU"
"AM";130060;"Benjamin Constant";22,2222222222222;0;3;0;"Sim";-22,2;"ALCANÇOU"
"AM";130063;"Beruri";0;1;2;50;"Não";50;"NÃO ALCANÇOU"
"AM";130068;"Boa Vista do Ramos";25;1;2;50;"Não";25;"NÃO ALCANÇOU"
"AM";130070;"Boca do Acre";28,5714285714286;2;4;50;"Não";21,4;"NÃO ALCANÇOU"
"AM";130080;"Borba";0;4;9;44,4444444444444;"Não";44,4;"NÃO ALCANÇOU"
"AM";130083;"Caapiranga";0;0;2;0;"Sim";0;"ALCANÇOU"
"AM";130090;"Canutama";0;1;1;100;"Não";100;"NÃO ALCANÇOU"
"AM";130100;"Carauari";28,5714285714286;0;1;0;"Sim";-28,6;"ALCANÇOU"
"AM";130110;"Careiro";20;2;10;20;"Não";0;"NÃO ALCANÇOU"
"AM";130115;"Careiro da Várzea";0;0;0;0;"Sim";0;"ALCANÇOU"
"AM";130120;"Coari";34,4827586206897;14;34;41,1764705882353;"Não";6,7;"NÃO ALCANÇOU"
"AM";130130;"Codajás";50;1;4;25;"Sim";-25;"ALCANÇOU"
"AM";130140;"Eirunepé";50;0;0;0;"Sim";-50;"ALCANÇOU"
"AM";130150;"Envira";33,3333333333333;0;0;0;"Sim";-33,3;"ALCANÇOU"
"AM";130160;"Fonte Boa";100;2;4;50;"Sim";-50;"ALCANÇOU"
"AM";130165;"Guajará";0;0;3;0;"Sim";0;"ALCANÇOU"
"AM";130170;"Humaitá";60;2;8;25;"Sim";-35;"ALCANÇOU"
"AM";130180;"Ipixuna";0;0;0;0;"Sim";0;"ALCANÇOU"
"AM";130185;"Iranduba";26,9230769230769;5;25;20;"Sim";-6,9;"ALCANÇOU"
"AM";130190;"Itacoatiara";26,6666666666667;20;50;40;"Não";13,3;"NÃO ALCANÇOU"
"AM";130195;"Itamarati";0;0;1;0;"Sim";0;"ALCANÇOU"
"AM";130200;"Itapiranga";0;0;2;0;"Sim";0;"ALCANÇOU"
"AM";130210;"Japurá";0;1;1;100;"Não";100;"NÃO ALCANÇOU"
"AM";130220;"Juruá";0;0;0;0;"Sim";0;"ALCANÇOU"
"AM";130230;"Jutaí";16,6666666666667;0;2;0;"Sim";-16,7;"ALCANÇOU"
"AM";130240;"Lábrea";0;0;5;0;"Sim";0;"ALCANÇOU"
"AM";130250;"Manacapuru";25;10;40;25;"Não";0;"NÃO ALCANÇOU"
"AM";130255;"Manaquiri";0;1;3;33,3333333333333;"Não";33,3;"NÃO ALCANÇOU"
"AM";130260;"Manaus";27,6875;455;1541;29,5262816353017;"Não";1,8;"NÃO ALCANÇOU"
"AM";130270;"Manicoré";60;0;3;0;"Sim";-60;"ALCANÇOU"
"AM";130280;"Maraã";0;1;1;100;"Não";100;"NÃO ALCANÇOU"
"AM";130290;"Maués";42,8571428571428;4;7;57,1428571428571;"Não";14,3;"NÃO ALCANÇOU"
"AM";130300;"Nhamundá";60;1;3;33,3333333333333;"Sim";-26,7;"ALCANÇOU"
"AM";130310;"Nova Olinda do Norte";0;3;9;33,3333333333333;"Não";33,3;"NÃO ALCANÇOU"
"AM";130320;"Novo Airão";28,5714285714286;3;11;27,2727272727273;"Sim";-1,3;"ALCANÇOU"
"AM";130330;"Novo Aripuanã";0;1;2;50;"Não";50;"NÃO ALCANÇOU"
"AM";130340;"Parintins";31,7460317460317;28;74;37,8378378378378;"Não";6,1;"NÃO ALCANÇOU"
"AM";130350;"Pauini";100;0;0;0;"Sim";-100;"ALCANÇOU"
"AM";130353;"Presidente Figueiredo";14,2857142857143;2;9;22,2222222222222;"Não";7,9;"NÃO ALCANÇOU"
"AM";130356;"Rio Preto da Eva";0;4;5;80;"Não";80;"NÃO ALCANÇOU"
"AM";130360;"Santa Isabel do Rio Negro";0;0;0;0;"Sim";0;"ALCANÇOU"
"AM";130370;"Santo Antônio do Içá";50;1;6;16,6666666666667;"Sim";-33,3;"ALCANÇOU"
"AM";130380;"São Gabriel da Cachoeira";0;1;3;33,3333333333333;"Não";33,3;"NÃO ALCANÇOU"
"AM";130390;"São Paulo de Olivença";40;1;9;11,1111111111111;"Sim";-28,9;"ALCANÇOU"
"AM";130395;"São Sebastião do Uatumã";100;1;2;50;"Sim";-50;"ALCANÇOU"
"AM";130400;"Silves";0;0;2;0;"Sim";0;"ALCANÇOU"
"AM";130406;"Tabatinga";35,4838709677419;12;33;36,3636363636364;"Não";0,9;"NÃO ALCANÇOU"
"AM";130410;"Tapauá";0;0;0;0;"Sim";0;"ALCANÇOU"
"AM";130420;"Tefé";40;4;22;18,1818181818182;"Sim";-21,8;"ALCANÇOU"
"AM";130423;"Tonantins";0;0;0;0;"Sim";0;"ALCANÇOU"
"AM";130426;"Uarini";20;0;2;0;"Sim";-20;"ALCANÇOU"
"AM";130430;"Urucará";28,5714285714286;0;1;0;"Sim";-28,6;"ALCANÇOU"
"AM";130440;"Urucurituba";100;1;2;50;"Sim";-50;"ALCANÇOU"
"RR";140002;"Amajari";100;0;2;0;"Sim";-100;"ALCANÇOU"
"RR";140005;"Alto Alegre";0;0;3;0;"Sim";0;"ALCANÇOU"
"RR";140010;"Boa Vista";28,4697508896797;64;204;31,3725490196078;"Não";2,9;"NÃO ALCANÇOU"
"RR";140015;"Bonfim";25;0;6;0;"Sim";-25;"ALCANÇOU"
"RR";140017;"Cantá";14,2857142857143;1;3;33,3333333333333;"Não";19;"NÃO ALCANÇOU"
"RR";140020;"Caracaraí";33,3333333333333;2;5;40;"Não";6,7;"NÃO ALCANÇOU"
"RR";140023;"Caroebe";33,3333333333333;0;2;0;"Sim";-33,3;"ALCANÇOU"
"RR";140028;"Iracema";0;0;2;0;"Sim";0;"ALCANÇOU"
"RR";140030;"Mucajaí";14,2857142857143;1;3;33,3333333333333;"Não";19;"NÃO ALCANÇOU"
"RR";140040;"Normandia";0;1;2;50;"Não";50;"NÃO ALCANÇOU"
"RR";140045;"Pacaraima";41,1764705882353;2;9;22,2222222222222;"Sim";-19;"ALCANÇOU"
"RR";140047;"Rorainópolis";50;3;11;27,2727272727273;"Sim";-22,7;"ALCANÇOU"
"RR";140050;"São João da Baliza";0;0;1;0;"Sim";0;"ALCANÇOU"
"RR";140060;"São Luiz";0;1;5;20;"Não";20;"NÃO ALCANÇOU"
"RR";140070;"Uiramutã";0;1;1;100;"Não";100;"NÃO ALCANÇOU"
"PA";150010;"Abaetetuba";20,6896551724138;13;32;40,625;"Não";19,9;"NÃO ALCANÇOU"
"PA";150013;"Abel Figueiredo";0;1;3;33,3333333333333;"Não";33,3;"NÃO ALCANÇOU"
"PA";150020;"Acará";20;4;9;44,4444444444444;"Não";24,4;"NÃO ALCANÇOU"
"PA";150030;"Afuá";66,6666666666667;1;2;50;"Sim";-16,7;"ALCANÇOU"
"PA";150034;"Água Azul do Norte";0;0;1;0;"Sim";0;"ALCANÇOU"
"PA";150040;"Alenquer";60;1;2;50;"Sim";-10;"ALCANÇOU"
"PA";150050;"Almeirim";0;3;6;50;"Não";50;"NÃO ALCANÇOU"
"PA";150060;"Altamira";37,5;19;51;37,2549019607843;"Não";-0,25;"NÃO ALCANÇOU"
"PA";150070;"Anajás";100;0;2;0;"Sim";-100;"ALCANÇOU"
"PA";150080;"Ananindeua";30,9352517985611;78;263;29,6577946768061;"Sim";-1,3;"ALCANÇOU"
"PA";150085;"Anapu";0;1;3;33,3333333333333;"Não";33,3;"NÃO ALCANÇOU"
"PA";150090;"Augusto Corrêa";40;1;9;11,1111111111111;"Sim";-28,9;"ALCANÇOU"
"PA";150095;"Aurora do Pará";0;1;7;14,2857142857143;"Não";14,3;"NÃO ALCANÇOU"
"PA";150100;"Aveiro";100;0;0;0;"Sim";-100;"ALCANÇOU"
"PA";150110;"Bagre";40;0;3;0;"Sim";-40;"ALCANÇOU"
"PA";150120;"Baião";50;3;10;30;"Sim";-20;"ALCANÇOU"
"PA";150125;"Bannach";0;0;0;0;"Sim";0;"ALCANÇOU"
"PA";150130;"Barcarena";27,8688524590164;22;61;36,0655737704918;"Não";8,2;"NÃO ALCANÇOU"
"PA";150140;"Belém";27,3542600896861;259;819;31,6239316239316;"Não";4,3;"NÃO ALCANÇOU"
"PA";150145;"Belterra";60;4;6;66,6666666666667;"Não";6,7;"NÃO ALCANÇOU"
"PA";150150;"Benevides";20;7;25;28;"Não";8;"NÃO ALCANÇOU"
"PA";150157;"Bom Jesus do Tocantins";33,3333333333333;3;6;50;"Não";16,7;"NÃO ALCANÇOU"
"PA";150160;"Bonito";0;0;0;0;"Sim";0;"ALCANÇOU"
"PA";150170;"Bragança";33,3333333333333;23;53;43,3962264150943;"Não";10,1;"NÃO ALCANÇOU"
"PA";150172;"Brasil Novo";25;0;1;0;"Sim";-25;"ALCANÇOU"
"PA";150175;"Brejo Grande do Araguaia";0;1;2;50;"Não";50;"NÃO ALCANÇOU"
"PA";150178;"Breu Branco";58,3333333333333;4;11;36,3636363636364;"Sim";-22;"ALCANÇOU"
"PA";150180;"Breves";23,0769230769231;6;24;25;"Não";1,9;"NÃO ALCANÇOU"
"PA";150190;"Bujaru";33,3333333333333;1;4;25;"Sim";-8,3;"ALCANÇOU"
"PA";150195;"Cachoeira do Piriá";50;5;10;50;"Não";0;"NÃO ALCANÇOU"
"PA";150200;"Cachoeira do Arari";0;0;2;0;"Sim";0;"ALCANÇOU"
"PA";150210;"Cametá";0;2;15;13,3333333333333;"Não";13,3;"NÃO ALCANÇOU"
"PA";150215;"Canaã dos Carajás";26,4705882352941;16;45;35,5555555555556;"Não";9,1;"NÃO ALCANÇOU"
"PA";150220;"Capanema";22,5;4;31;12,9032258064516;"Sim";-9,6;"ALCANÇOU"
"PA";150230;"Capitão Poço";50;4;9;44,4444444444444;"Sim";-5,6;"ALCANÇOU"
"PA";150240;"Castanhal";34,9206349206349;40;135;29,6296296296296;"Sim";-5,3;"ALCANÇOU"
"PA";150250;"Chaves";100;1;3;33,3333333333333;"Sim";-66,7;"ALCANÇOU"
"PA";150260;"Colares";16,6666666666667;1;4;25;"Não";8,3;"NÃO ALCANÇOU"
"PA";150270;"Conceição do Araguaia";25;0;5;0;"Sim";-25;"ALCANÇOU"
"PA";150275;"Concórdia do Pará";0;2;2;100;"Não";100;"NÃO ALCANÇOU"
"PA";150276;"Cumaru do Norte";0;2;5;40;"Não";40;"NÃO ALCANÇOU"
"PA";150277;"Curionópolis";37,5;1;5;20;"Sim";-17,5;"ALCANÇOU"
"PA";150280;"Curralinho";0;0;2;0;"Sim";0;"ALCANÇOU"
"PA";150285;"Curuá";42,8571428571428;1;3;33,3333333333333;"Sim";-9,5;"ALCANÇOU"
"PA";150290;"Curuçá";18,1818181818182;5;13;38,4615384615385;"Não";20,3;"NÃO ALCANÇOU"
"PA";150293;"Dom Eliseu";50;3;11;27,2727272727273;"Sim";-22,7;"ALCANÇOU"
"PA";150295;"Eldorado do Carajás";50;1;10;10;"Sim";-40;"ALCANÇOU"
"PA";150300;"Faro";0;1;1;100;"Não";100;"NÃO ALCANÇOU"
"PA";150304;"Floresta do Araguaia";0;1;6;16,6666666666667;"Não";16,7;"NÃO ALCANÇOU"
"PA";150307;"Garrafão do Norte";42,8571428571428;6;7;85,7142857142857;"Não";42,9;"NÃO ALCANÇOU"
"PA";150309;"Goianésia do Pará";16,6666666666667;3;7;42,8571428571428;"Não";26,2;"NÃO ALCANÇOU"
"PA";150310;"Gurupá";0;1;2;50;"Não";50;"NÃO ALCANÇOU"
"PA";150320;"Igarapé-Açu";16,6666666666667;8;16;50;"Não";33,3;"NÃO ALCANÇOU"
"PA";150330;"Igarapé-Miri";0;6;11;54,5454545454545;"Não";54,5;"NÃO ALCANÇOU"
"PA";150340;"Inhangapi";0;1;4;25;"Não";25;"NÃO ALCANÇOU"
"PA";150345;"Ipixuna do Pará";0;4;6;66,6666666666667;"Não";66,7;"NÃO ALCANÇOU"
"PA";150350;"Irituia";100;0;4;0;"Sim";-100;"ALCANÇOU"
"PA";150360;"Itaituba";23,0769230769231;1;3;33,3333333333333;"Não";10,3;"NÃO ALCANÇOU"
"PA";150370;"Itupiranga";42,8571428571428;5;8;62,5;"Não";19,6;"NÃO ALCANÇOU"
"PA";150375;"Jacareacanga";50;0;1;0;"Sim";-50;"ALCANÇOU"
"PA";150380;"Jacundá";33,3333333333333;3;10;30;"Sim";-3,3;"ALCANÇOU"
"PA";150390;"Juruti";25;5;11;45,4545454545454;"Não";20,5;"NÃO ALCANÇOU"
"PA";150400;"Limoeiro do Ajuru";0;0;0;0;"Sim";0;"ALCANÇOU"
"PA";150405;"Mãe do Rio";40;3;9;33,3333333333333;"Sim";-6,7;"ALCANÇOU"
"PA";150410;"Magalhães Barata";75;2;4;50;"Sim";-25;"ALCANÇOU"
"PA";150420;"Marabá";36,0655737704918;42;149;28,1879194630873;"Sim";-7,9;"ALCANÇOU"
"PA";150430;"Maracanã";20;2;8;25;"Não";5;"NÃO ALCANÇOU"
"PA";150440;"Marapanim";28,5714285714286;3;7;42,8571428571428;"Não";14,3;"NÃO ALCANÇOU"
"PA";150442;"Marituba";16,6666666666667;26;61;42,6229508196721;"Não";26;"NÃO ALCANÇOU"
"PA";150445;"Medicilândia";0;3;8;37,5;"Não";37,5;"NÃO ALCANÇOU"
"PA";150450;"Melgaço";0;0;2;0;"Sim";0;"ALCANÇOU"
"PA";150460;"Mocajuba";50;1;8;12,5;"Sim";-37,5;"ALCANÇOU"
"PA";150470;"Moju";35,7142857142857;7;24;29,1666666666667;"Sim";-6,5;"ALCANÇOU"
"PA";150475;"Mojuí dos Campos";50;2;4;50;"Não";0;"NÃO ALCANÇOU"
"PA";150480;"Monte Alegre";42,1052631578947;2;6;33,3333333333333;"Sim";-8,8;"ALCANÇOU"
"PA";150490;"Muaná";12,5;3;8;37,5;"Não";25;"NÃO ALCANÇOU"
"PA";150495;"Nova Esperança do Piriá";20;0;5;0;"Sim";-20;"ALCANÇOU"
"PA";150497;"Nova Ipixuna";0;1;2;50;"Não";50;"NÃO ALCANÇOU"
"PA";150500;"Nova Timboteua";0;1;2;50;"Não";50;"NÃO ALCANÇOU"
"PA";150503;"Novo Progresso";0;1;2;50;"Não";50;"NÃO ALCANÇOU"
"PA";150506;"Novo Repartimento";45;0;17;0;"Sim";-45;"ALCANÇOU"
"PA";150510;"Óbidos";22,2222222222222;1;3;33,3333333333333;"Não";11,1;"NÃO ALCANÇOU"
"PA";150520;"Oeiras do Pará";0;0;1;0;"Sim";0;"ALCANÇOU"
"PA";150530;"Oriximiná";50;0;3;0;"Sim";-50;"ALCANÇOU"
"PA";150540;"Ourém";66,6666666666667;2;6;33,3333333333333;"Sim";-33,3;"ALCANÇOU"
"PA";150543;"Ourilândia do Norte";0;0;2;0;"Sim";0;"ALCANÇOU"
"PA";150548;"Pacajá";40;5;9;55,5555555555556;"Não";15,6;"NÃO ALCANÇOU"
"PA";150549;"Palestina do Pará";0;1;2;50;"Não";50;"NÃO ALCANÇOU"
"PA";150550;"Paragominas";31,7073170731707;9;47;19,1489361702128;"Sim";-12,6;"ALCANÇOU"
"PA";150553;"Parauapebas";32,8671328671329;39;123;31,7073170731707;"Sim";-1,2;"ALCANÇOU"
"PA";150555;"Pau D'Arco";0;1;2;50;"Não";50;"NÃO ALCANÇOU"
"PA";150560;"Peixe-Boi";66,6666666666667;0;2;0;"Sim";-66,7;"ALCANÇOU"
"PA";150563;"Piçarra";0;2;3;66,6666666666667;"Não";66,7;"NÃO ALCANÇOU"
"PA";150565;"Placas";50;1;3;33,3333333333333;"Sim";-16,7;"ALCANÇOU"
"PA";150570;"Ponta de Pedras";33,3333333333333;3;8;37,5;"Não";4,2;"NÃO ALCANÇOU"
"PA";150580;"Portel";44,4444444444444;3;9;33,3333333333333;"Sim";-11,1;"ALCANÇOU"
"PA";150590;"Porto de Moz";0;1;5;20;"Não";20;"NÃO ALCANÇOU"
"PA";150600;"Prainha";40;1;5;20;"Sim";-20;"ALCANÇOU"
"PA";150610;"Primavera";25;2;2;100;"Não";75;"NÃO ALCANÇOU"
"PA";150611;"Quatipuru";0;4;9;44,4444444444444;"Não";44,4;"NÃO ALCANÇOU"
"PA";150613;"Redenção";20,8333333333333;19;41;46,3414634146341;"Não";25,5;"NÃO ALCANÇOU"
"PA";150616;"Rio Maria";25;0;1;0;"Sim";-25;"ALCANÇOU"
"PA";150618;"Rondon do Pará";50;2;8;25;"Sim";-25;"ALCANÇOU"
"PA";150619;"Rurópolis";0;2;6;33,3333333333333;"Não";33,3;"NÃO ALCANÇOU"
"PA";150620;"Salinópolis";16,6666666666667;8;40;20;"Não";3,3;"NÃO ALCANÇOU"
"PA";150630;"Salvaterra";0;4;12;33,3333333333333;"Não";33,3;"NÃO ALCANÇOU"
"PA";150635;"Santa Bárbara do Pará";33,3333333333333;1;2;50;"Não";16,7;"NÃO ALCANÇOU"
"PA";150640;"Santa Cruz do Arari";33,3333333333333;0;0;0;"Sim";-33,3;"ALCANÇOU"
"PA";150650;"Santa Izabel do Pará";40;12;42;28,5714285714286;"Sim";-11,4;"ALCANÇOU"
"PA";150655;"Santa Luzia do Pará";25;1;5;20;"Sim";-5;"ALCANÇOU"
"PA";150658;"Santa Maria das Barreiras";0;1;3;33,3333333333333;"Não";33,3;"NÃO ALCANÇOU"
"PA";150660;"Santa Maria do Pará";33,3333333333333;3;6;50;"Não";16,7;"NÃO ALCANÇOU"
"PA";150670;"Santana do Araguaia";0;3;12;25;"Não";25;"NÃO ALCANÇOU"
"PA";150680;"Santarém";26,0869565217391;81;223;36,322869955157;"Não";10,2;"NÃO ALCANÇOU"
"PA";150690;"Santarém Novo";0;0;1;0;"Sim";0;"ALCANÇOU"
"PA";150700;"Santo Antônio do Tauá";33,3333333333333;2;6;33,3333333333333;"Não";0;"NÃO ALCANÇOU"
"PA";150710;"São Caetano de Odivelas";66,6666666666667;1;4;25;"Sim";-41,7;"ALCANÇOU"
"PA";150715;"São Domingos do Araguaia";33,3333333333333;1;3;33,3333333333333;"Não";0;"NÃO ALCANÇOU"
"PA";150720;"São Domingos do Capim";100;2;6;33,3333333333333;"Sim";-66,7;"ALCANÇOU"
"PA";150730;"São Félix do Xingu";0;0;1;0;"Sim";0;"ALCANÇOU"
"PA";150740;"São Francisco do Pará";0;0;2;0;"Sim";0;"ALCANÇOU"
"PA";150745;"São Geraldo do Araguaia";100;1;6;16,6666666666667;"Sim";-83,3;"ALCANÇOU"
"PA";150746;"São João da Ponta";83,3333333333333;1;1;100;"Não";16,7;"NÃO ALCANÇOU"
"PA";150747;"São João de Pirabas";33,3333333333333;5;14;35,7142857142857;"Não";2,4;"NÃO ALCANÇOU"
"PA";150750;"São João do Araguaia";66,6666666666667;0;0;0;"Sim";-66,7;"ALCANÇOU"
"PA";150760;"São Miguel do Guamá";50;4;15;26,6666666666667;"Sim";-23,3;"ALCANÇOU"
"PA";150770;"São Sebastião da Boa Vista";50;3;9;33,3333333333333;"Sim";-16,7;"ALCANÇOU"
"PA";150775;"Sapucaia";100;1;1;100;"Não";0;"NÃO ALCANÇOU"
"PA";150780;"Senador José Porfírio";0;1;1;100;"Não";100;"NÃO ALCANÇOU"
"PA";150790;"Soure";22,7272727272727;1;16;6,25;"Sim";-16,5;"ALCANÇOU"
"PA";150795;"Tailândia";37,037037037037;10;30;33,3333333333333;"Sim";-3,7;"ALCANÇOU"
"PA";150796;"Terra Alta";33,3333333333333;1;5;20;"Sim";-13,3;"ALCANÇOU"
"PA";150797;"Terra Santa";50;0;0;0;"Sim";-50;"ALCANÇOU"
"PA";150800;"Tomé-Açu";50;6;26;23,0769230769231;"Sim";-26,9;"ALCANÇOU"
"PA";150803;"Tracuateua";20;1;2;50;"Não";30;"NÃO ALCANÇOU"
"PA";150805;"Trairão";28,5714285714286;0;0;0;"Sim";-28,6;"ALCANÇOU"
"PA";150808;"Tucumã";0;4;6;66,6666666666667;"Não";66,7;"NÃO ALCANÇOU"
"PA";150810;"Tucuruí";18,1818181818182;13;41;31,7073170731707;"Não";13,5;"NÃO ALCANÇOU"
"PA";150812;"Ulianópolis";33,3333333333333;2;7;28,5714285714286;"Sim";-4,8;"ALCANÇOU"
"PA";150815;"Uruará";0;2;8;25;"Não";25;"NÃO ALCANÇOU"
"PA";150820;"Vigia";35;11;22;50;"Não";15;"NÃO ALCANÇOU"
"PA";150830;"Viseu";35,2941176470588;8;16;50;"Não";14,7;"NÃO ALCANÇOU"
"PA";150835;"Vitória do Xingu";33,3333333333333;1;5;20;"Sim";-13,3;"ALCANÇOU"
"PA";150840;"Xinguara";15,3846153846154;0;9;0;"Sim";-15,4;"ALCANÇOU"
"AP";160005;"Serra do Navio";0;0;0;0;"Sim";0;"ALCANÇOU"
"AP";160010;"Amapá";0;0;2;0;"Sim";0;"ALCANÇOU"
"AP";160015;"Pedra Branca do Amapari";33,3333333333333;0;2;0;"Sim";-33,3;"ALCANÇOU"
"AP";160020;"Calçoene";0;3;5;60;"Não";60;"NÃO ALCANÇOU"
"AP";160021;"Cutias";0;0;0;0;"Sim";0;"ALCANÇOU"
"AP";160023;"Ferreira Gomes";0;2;2;100;"Não";100;"NÃO ALCANÇOU"
"AP";160025;"Itaubal";0;1;1;100;"Não";100;"NÃO ALCANÇOU"
"AP";160027;"Laranjal do Jari";33,3333333333333;6;18;33,3333333333333;"Não";0;"NÃO ALCANÇOU"
"AP";160030;"Macapá";29,2682926829268;82;287;28,5714285714286;"Não";-0,7;"NÃO ALCANÇOU"
"AP";160040;"Mazagão";20;0;3;0;"Sim";-20;"ALCANÇOU"
"AP";160050;"Oiapoque";25;5;15;33,3333333333333;"Não";8,3;"NÃO ALCANÇOU"
"AP";160053;"Porto Grande";100;4;5;80;"Sim";-20;"ALCANÇOU"
"AP";160055;"Pracuúba";0;0;0;0;"Sim";0;"ALCANÇOU"
"AP";160060;"Santana";23,5294117647059;12;54;22,2222222222222;"Sim";-1,3;"ALCANÇOU"
"AP";160070;"Tartarugalzinho";50;2;2;100;"Não";50;"NÃO ALCANÇOU"
"AP";160080;"Vitória do Jari";0;0;0;0;"Sim";0;"ALCANÇOU"
"TO";170025;"Abreulândia";0;0;0;0;"Sim";0;"ALCANÇOU"
"TO";170030;"Aguiarnópolis";0;2;4;50;"Não";50;"NÃO ALCANÇOU"
"TO";170035;"Aliança do Tocantins";0;0;0;0;"Sim";0;"ALCANÇOU"
"TO";170040;"Almas";0;0;0;0;"Sim";0;"ALCANÇOU"
"TO";170070;"Alvorada";50;1;2;50;"Não";0;"NÃO ALCANÇOU"
"TO";170100;"Ananás";0;1;3;33,3333333333333;"Não";33,3;"NÃO ALCANÇOU"
"TO";170105;"Angico";0;0;0;0;"Sim";0;"ALCANÇOU"
"TO";170110;"Aparecida do Rio Negro";0;0;0;0;"Sim";0;"ALCANÇOU"
"TO";170130;"Aragominas";0;0;0;0;"Sim";0;"ALCANÇOU"
"TO";170190;"Araguacema";0;0;0;0;"Sim";0;"ALCANÇOU"
"TO";170200;"Araguaçu";0;1;1;100;"Não";100;"NÃO ALCANÇOU"
"TO";170210;"Araguaína";36,3636363636364;18;62;29,0322580645161;"Sim";-7,3;"ALCANÇOU"
"TO";170215;"Araguanã";0;0;1;0;"Sim";0;"ALCANÇOU"
"TO";170220;"Araguatins";50;3;3;100;"Não";50;"NÃO ALCANÇOU"
"TO";170230;"Arapoema";40;0;5;0;"Sim";-40;"ALCANÇOU"
"TO";170240;"Arraias";0;0;0;0;"Sim";0;"ALCANÇOU"
"TO";170255;"Augustinópolis";33,3333333333333;0;1;0;"Sim";-33,3;"ALCANÇOU"
"TO";170270;"Aurora do Tocantins";0;0;0;0;"Sim";0;"ALCANÇOU"
"TO";170290;"Axixá do Tocantins";100;1;1;100;"Não";0;"NÃO ALCANÇOU"
"TO";170300;"Babaçulândia";100;1;1;100;"Não";0;"NÃO ALCANÇOU"
"TO";170305;"Bandeirantes do Tocantins";100;0;0;0;"Sim";-100;"ALCANÇOU"
"TO";170307;"Barra do Ouro";0;0;0;0;"Sim";0;"ALCANÇOU"
"TO";170310;"Barrolândia";0;0;0;0;"Sim";0;"ALCANÇOU"
"TO";170320;"Bernardo Sayão";0;0;0;0;"Sim";0;"ALCANÇOU"
"TO";170330;"Bom Jesus do Tocantins";0;1;2;50;"Não";50;"NÃO ALCANÇOU"
"TO";170360;"Brasilândia do Tocantins";0;0;0;0;"Sim";0;"ALCANÇOU"
"TO";170370;"Brejinho de Nazaré";0;0;1;0;"Sim";0;"ALCANÇOU"
"TO";170380;"Buriti do Tocantins";0;1;1;100;"Não";100;"NÃO ALCANÇOU"
"TO";170382;"Cachoeirinha";0;0;0;0;"Sim";0;"ALCANÇOU"
"TO";170384;"Campos Lindos";0;0;3;0;"Sim";0;"ALCANÇOU"
"TO";170386;"Cariri do Tocantins";0;0;1;0;"Sim";0;"ALCANÇOU"
"TO";170388;"Carmolândia";0;0;0;0;"Sim";0;"ALCANÇOU"
"TO";170389;"Carrasco Bonito";100;0;1;0;"Sim";-100;"ALCANÇOU"
"TO";170390;"Caseara";0;0;1;0;"Sim";0;"ALCANÇOU"
"TO";170410;"Centenário";0;0;0;0;"Sim";0;"ALCANÇOU"
"TO";170460;"Chapada de Areia";0;0;0;0;"Sim";0;"ALCANÇOU"
"TO";170510;"Chapada da Natividade";0;0;1;0;"Sim";0;"ALCANÇOU"
"TO";170550;"Colinas do Tocantins";33,3333333333333;1;5;20;"Sim";-13,3;"ALCANÇOU"
"TO";170555;"Combinado";0;0;0;0;"Sim";0;"ALCANÇOU"
"TO";170560;"Conceição do Tocantins";0;0;0;0;"Sim";0;"ALCANÇOU"
"TO";170600;"Couto Magalhães";0;0;0;0;"Sim";0;"ALCANÇOU"
"TO";170610;"Cristalândia";0;0;1;0;"Sim";0;"ALCANÇOU"
"TO";170625;"Crixás do Tocantins";0;0;0;0;"Sim";0;"ALCANÇOU"
"TO";170650;"Darcinópolis";100;0;0;0;"Sim";-100;"ALCANÇOU"
"TO";170700;"Dianópolis";0;0;0;0;"Sim";0;"ALCANÇOU"
"TO";170710;"Divinópolis do Tocantins";0;0;3;0;"Sim";0;"ALCANÇOU"
"TO";170720;"Dois Irmãos do Tocantins";0;0;0;0;"Sim";0;"ALCANÇOU"
"TO";170730;"Dueré";0;1;2;50;"Não";50;"NÃO ALCANÇOU"
"TO";170740;"Esperantina";0;0;3;0;"Sim";0;"ALCANÇOU"
"TO";170755;"Fátima";0;0;0;0;"Sim";0;"ALCANÇOU"
"TO";170765;"Figueirópolis";100;2;2;100;"Não";0;"NÃO ALCANÇOU"
"TO";170770;"Filadélfia";50;1;1;100;"Não";50;"NÃO ALCANÇOU"
"TO";170820;"Formoso do Araguaia";50;1;3;33,3333333333333;"Sim";-16,7;"ALCANÇOU"
"TO";170825;"Fortaleza do Tabocão";0;0;0;0;"Sim";0;"ALCANÇOU"
"TO";170830;"Goianorte";0;0;0;0;"Sim";0;"ALCANÇOU"
"TO";170900;"Goiatins";0;0;0;0;"Sim";0;"ALCANÇOU"
"TO";170930;"Guaraí";0;2;7;28,5714285714286;"Não";28,6;"NÃO ALCANÇOU"
"TO";170950;"Gurupi";13,7931034482759;15;34;44,1176470588235;"Não";30,3;"NÃO ALCANÇOU"
"TO";170980;"Ipueiras";0;1;1;100;"Não";100;"NÃO ALCANÇOU"
"TO";171050;"Itacajá";0;0;0;0;"Sim";0;"ALCANÇOU"
"TO";171070;"Itaguatins";0;1;1;100;"Não";100;"NÃO ALCANÇOU"
"TO";171090;"Itapiratins";0;0;0;0;"Sim";0;"ALCANÇOU"
"TO";171110;"Itaporã do Tocantins";0;0;0;0;"Sim";0;"ALCANÇOU"
"TO";171150;"Jaú do Tocantins";0;0;0;0;"Sim";0;"ALCANÇOU"
"TO";171180;"Juarina";0;0;0;0;"Sim";0;"ALCANÇOU"
"TO";171190;"Lagoa da Confusão";37,5;1;1;100;"Não";62,5;"NÃO ALCANÇOU"
"TO";171195;"Lagoa do Tocantins";0;0;0;0;"Sim";0;"ALCANÇOU"
"TO";171200;"Lajeado";0;2;2;100;"Não";100;"NÃO ALCANÇOU"
"TO";171215;"Lavandeira";0;0;0;0;"Sim";0;"ALCANÇOU"
"TO";171240;"Lizarda";0;0;0;0;"Sim";0;"ALCANÇOU"
"TO";171245;"Luzinópolis";0;0;0;0;"Sim";0;"ALCANÇOU"
"TO";171250;"Marianópolis do Tocantins";0;0;2;0;"Sim";0;"ALCANÇOU"
"TO";171270;"Mateiros";0;0;0;0;"Sim";0;"ALCANÇOU"
"TO";171280;"Maurilândia do Tocantins";0;0;1;0;"Sim";0;"ALCANÇOU"
"TO";171320;"Miracema do Tocantins";25;0;1;0;"Sim";-25;"ALCANÇOU"
"TO";171330;"Miranorte";0;0;1;0;"Sim";0;"ALCANÇOU"
"TO";171360;"Monte do Carmo";100;0;0;0;"Sim";-100;"ALCANÇOU"
"TO";171370;"Monte Santo do Tocantins";0;0;0;0;"Sim";0;"ALCANÇOU"
"TO";171380;"Palmeiras do Tocantins";0;1;2;50;"Não";50;"NÃO ALCANÇOU"
"TO";171395;"Muricilândia";100;0;0;0;"Sim";-100;"ALCANÇOU"
"TO";171420;"Natividade";0;1;3;33,3333333333333;"Não";33,3;"NÃO ALCANÇOU"
"TO";171430;"Nazaré";100;0;0;0;"Sim";-100;"ALCANÇOU"
"TO";171488;"Nova Olinda";0;0;0;0;"Sim";0;"ALCANÇOU"
"TO";171500;"Nova Rosalândia";0;0;0;0;"Sim";0;"ALCANÇOU"
"TO";171510;"Novo Acordo";0;1;1;100;"Não";100;"NÃO ALCANÇOU"
"TO";171515;"Novo Alegre";0;0;0;0;"Sim";0;"ALCANÇOU"
"TO";171525;"Novo Jardim";0;0;0;0;"Sim";0;"ALCANÇOU"
"TO";171550;"Oliveira de Fátima";0;0;0;0;"Sim";0;"ALCANÇOU"
"TO";171570;"Palmeirante";0;0;0;0;"Sim";0;"ALCANÇOU"
"TO";171575;"Palmeirópolis";0;0;0;0;"Sim";0;"ALCANÇOU"
"TO";171610;"Paraíso do Tocantins";31,5789473684211;10;13;76,9230769230769;"Não";45,3;"NÃO ALCANÇOU"
"TO";171620;"Paranã";0;0;0;0;"Sim";0;"ALCANÇOU"
"TO";171630;"Pau D'Arco";0;0;0;0;"Sim";0;"ALCANÇOU"
"TO";171650;"Pedro Afonso";25;0;4;0;"Sim";-25;"ALCANÇOU"
"TO";171660;"Peixe";50;1;1;100;"Não";50;"NÃO ALCANÇOU"
"TO";171665;"Pequizeiro";0;0;0;0;"Sim";0;"ALCANÇOU"
"TO";171670;"Colméia";100;0;1;0;"Sim";-100;"ALCANÇOU"
"TO";171700;"Pindorama do Tocantins";0;0;0;0;"Sim";0;"ALCANÇOU"
"TO";171720;"Piraquê";0;0;1;0;"Sim";0;"ALCANÇOU"
"TO";171750;"Pium";0;1;1;100;"Não";100;"NÃO ALCANÇOU"
"TO";171780;"Ponte Alta do Bom Jesus";0;0;0;0;"Sim";0;"ALCANÇOU"
"TO";171790;"Ponte Alta do Tocantins";0;0;1;0;"Sim";0;"ALCANÇOU"
"TO";171800;"Porto Alegre do Tocantins";0;0;0;0;"Sim";0;"ALCANÇOU"
"TO";171820;"Porto Nacional";33,3333333333333;6;9;66,6666666666667;"Não";33,3;"NÃO ALCANÇOU"
"TO";171830;"Praia Norte";0;0;1;0;"Sim";0;"ALCANÇOU"
"TO";171840;"Presidente Kennedy";0;0;0;0;"Sim";0;"ALCANÇOU"
"TO";171845;"Pugmil";0;0;0;0;"Sim";0;"ALCANÇOU"
"TO";171850;"Recursolândia";0;0;0;0;"Sim";0;"ALCANÇOU"
"TO";171855;"Riachinho";100;0;0;0;"Sim";-100;"ALCANÇOU"
"TO";171865;"Rio da Conceição";0;0;0;0;"Sim";0;"ALCANÇOU"
"TO";171870;"Rio dos Bois";0;0;0;0;"Sim";0;"ALCANÇOU"
"TO";171875;"Rio Sono";0;0;0;0;"Sim";0;"ALCANÇOU"
"TO";171880;"Sampaio";0;0;0;0;"Sim";0;"ALCANÇOU"
"TO";171884;"Sandolândia";0;0;0;0;"Sim";0;"ALCANÇOU"
"TO";171886;"Santa Fé do Araguaia";100;1;2;50;"Sim";-50;"ALCANÇOU"
"TO";171888;"Santa Maria do Tocantins";0;0;0;0;"Sim";0;"ALCANÇOU"
"TO";171889;"Santa Rita do Tocantins";0;0;0;0;"Sim";0;"ALCANÇOU"
"TO";171890;"Santa Rosa do Tocantins";0;0;0;0;"Sim";0;"ALCANÇOU"
"TO";171900;"Santa Tereza do Tocantins";100;0;0;0;"Sim";-100;"ALCANÇOU"
"TO";172000;"Santa Terezinha do Tocantins";0;0;0;0;"Sim";0;"ALCANÇOU"
"TO";172010;"São Bento do Tocantins";50;0;0;0;"Sim";-50;"ALCANÇOU"
"TO";172015;"São Félix do Tocantins";0;0;0;0;"Sim";0;"ALCANÇOU"
"TO";172020;"São Miguel do Tocantins";0;0;2;0;"Sim";0;"ALCANÇOU"
"TO";172025;"São Salvador do Tocantins";0;0;0;0;"Sim";0;"ALCANÇOU"
"TO";172030;"São Sebastião do Tocantins";0;0;0;0;"Sim";0;"ALCANÇOU"
"TO";172049;"São Valério";0;1;1;100;"Não";100;"NÃO ALCANÇOU"
"TO";172065;"Silvanópolis";0;1;1;100;"Não";100;"NÃO ALCANÇOU"
"TO";172080;"Sítio Novo do Tocantins";100;0;1;0;"Sim";-100;"ALCANÇOU"
"TO";172085;"Sucupira";0;0;0;0;"Sim";0;"ALCANÇOU"
"TO";172090;"Taguatinga";50;0;2;0;"Sim";-50;"ALCANÇOU"
"TO";172093;"Taipas do Tocantins";0;0;0;0;"Sim";0;"ALCANÇOU"
"TO";172097;"Talismã";0;0;0;0;"Sim";0;"ALCANÇOU"
"TO";172100;"Palmas";13,6054421768707;21;122;17,2131147540984;"Não";3,6;"NÃO ALCANÇOU"
"TO";172110;"Tocantínia";0;0;1;0;"Sim";0;"ALCANÇOU"
"TO";172120;"Tocantinópolis";50;3;4;75;"Não";25;"NÃO ALCANÇOU"
"TO";172125;"Tupirama";0;0;0;0;"Sim";0;"ALCANÇOU"
"TO";172130;"Tupiratins";0;0;0;0;"Sim";0;"ALCANÇOU"
"TO";172208;"Wanderlândia";0;2;4;50;"Não";50;"NÃO ALCANÇOU"
"TO";172210;"Xambioá";50;4;5;80;"Não";30;"NÃO ALCANÇOU"
"MA";210005;"Açailândia";66,6666666666667;2;3;66,6666666666667;"Não";0;"NÃO ALCANÇOU"
"MA";210010;"Afonso Cunha";0;0;0;0;"Sim";0;"ALCANÇOU"
"MA";210015;"Água Doce do Maranhão";0;0;0;0;"Sim";0;"ALCANÇOU"
"MA";210020;"Alcântara";0;0;0;0;"Sim";0;"ALCANÇOU"
"MA";210030;"Aldeias Altas";0;0;1;0;"Sim";0;"ALCANÇOU"
"MA";210040;"Altamira do Maranhão";0;0;0;0;"Sim";0;"ALCANÇOU"
"MA";210043;"Alto Alegre do Maranhão";36,3636363636364;3;6;50;"Não";13,6;"NÃO ALCANÇOU"
"MA";210047;"Alto Alegre do Pindaré";0;0;1;0;"Sim";0;"ALCANÇOU"
"MA";210050;"Alto Parnaíba";100;3;4;75;"Sim";-25;"ALCANÇOU"
"MA";210055;"Amapá do Maranhão";0;0;0;0;"Sim";0;"ALCANÇOU"
"MA";210060;"Amarante do Maranhão";50;3;6;50;"Não";0;"NÃO ALCANÇOU"
"MA";210070;"Anajatuba";50;1;5;20;"Sim";-30;"ALCANÇOU"
"MA";210080;"Anapurus";0;2;2;100;"Não";100;"NÃO ALCANÇOU"
"MA";210083;"Apicum-Açu";0;1;3;33,3333333333333;"Não";33,3;"NÃO ALCANÇOU"
"MA";210087;"Araguanã";0;0;0;0;"Sim";0;"ALCANÇOU"
"MA";210090;"Araioses";0;3;4;75;"Não";75;"NÃO ALCANÇOU"
"MA";210095;"Arame";100;1;1;100;"Não";0;"NÃO ALCANÇOU"
"MA";210100;"Arari";0;1;2;50;"Não";50;"NÃO ALCANÇOU"
"MA";210110;"Axixá";0;1;1;100;"Não";100;"NÃO ALCANÇOU"
"MA";210120;"Bacabal";21,2765957446809;19;63;30,1587301587302;"Não";8,9;"NÃO ALCANÇOU"
"MA";210125;"Bacabeira";100;2;2;100;"Não";0;"NÃO ALCANÇOU"
"MA";210130;"Bacuri";50;1;1;100;"Não";50;"NÃO ALCANÇOU"
"MA";210135;"Bacurituba";0;0;0;0;"Sim";0;"ALCANÇOU"
"MA";210140;"Balsas";18,1818181818182;14;75;18,6666666666667;"Não";0,5;"NÃO ALCANÇOU"
"MA";210150;"Barão de Grajaú";50;0;3;0;"Sim";-50;"ALCANÇOU"
"MA";210160;"Barra do Corda";35,7142857142857;7;15;46,6666666666667;"Não";11;"NÃO ALCANÇOU"
"MA";210170;"Barreirinhas";31,5789473684211;3;20;15;"Sim";-16,6;"ALCANÇOU"
"MA";210173;"Belágua";0;0;0;0;"Sim";0;"ALCANÇOU"
"MA";210177;"Bela Vista do Maranhão";0;0;0;0;"Sim";0;"ALCANÇOU"
"MA";210180;"Benedito Leite";0;0;0;0;"Sim";0;"ALCANÇOU"
"MA";210190;"Bequimão";0;1;2;50;"Não";50;"NÃO ALCANÇOU"
"MA";210193;"Bernardo do Mearim";0;0;0;0;"Sim";0;"ALCANÇOU"
"MA";210197;"Boa Vista do Gurupi";0;0;1;0;"Sim";0;"ALCANÇOU"
"MA";210200;"Bom Jardim";0;0;1;0;"Sim";0;"ALCANÇOU"
"MA";210203;"Bom Jesus das Selvas";50;4;10;40;"Sim";-10;"ALCANÇOU"
"MA";210207;"Bom Lugar";0;0;0;0;"Sim";0;"ALCANÇOU"
"MA";210210;"Brejo";50;2;3;66,6666666666667;"Não";16,7;"NÃO ALCANÇOU"
"MA";210215;"Brejo de Areia";0;0;2;0;"Sim";0;"ALCANÇOU"
"MA";210220;"Buriti";50;0;1;0;"Sim";-50;"ALCANÇOU"
"MA";210230;"Buriti Bravo";50;1;2;50;"Não";0;"NÃO ALCANÇOU"
"MA";210232;"Buriticupu";33,3333333333333;4;10;40;"Não";6,7;"NÃO ALCANÇOU"
"MA";210235;"Buritirana";20;2;4;50;"Não";30;"NÃO ALCANÇOU"
"MA";210237;"Cachoeira Grande";0;0;1;0;"Sim";0;"ALCANÇOU"
"MA";210240;"Cajapió";50;1;4;25;"Sim";-25;"ALCANÇOU"
"MA";210250;"Cajari";0;0;0;0;"Sim";0;"ALCANÇOU"
"MA";210255;"Campestre do Maranhão";0;1;4;25;"Não";25;"NÃO ALCANÇOU"
"MA";210260;"Cândido Mendes";50;2;6;33,3333333333333;"Sim";-16,7;"ALCANÇOU"
"MA";210270;"Cantanhede";0;0;0;0;"Sim";0;"ALCANÇOU"
"MA";210275;"Capinzal do Norte";50;0;0;0;"Sim";-50;"ALCANÇOU"
"MA";210280;"Carolina";60;1;5;20;"Sim";-40;"ALCANÇOU"
"MA";210290;"Carutapera";0;4;8;50;"Não";50;"NÃO ALCANÇOU"
"MA";210300;"Caxias";24;7;18;38,8888888888889;"Não";14,9;"NÃO ALCANÇOU"
"MA";210310;"Cedral";0;0;1;0;"Sim";0;"ALCANÇOU"
"MA";210312;"Central do Maranhão";0;0;4;0;"Sim";0;"ALCANÇOU"
"MA";210315;"Centro do Guilherme";50;1;2;50;"Não";0;"NÃO ALCANÇOU"
"MA";210317;"Centro Novo do Maranhão";60;1;1;100;"Não";40;"NÃO ALCANÇOU"
"MA";210320;"Chapadinha";16,6666666666667;2;9;22,2222222222222;"Não";5,6;"NÃO ALCANÇOU"
"MA";210325;"Cidelândia";50;0;2;0;"Sim";-50;"ALCANÇOU"
"MA";210330;"Codó";20;16;63;25,3968253968254;"Não";5,4;"NÃO ALCANÇOU"
"MA";210340;"Coelho Neto";40;0;3;0;"Sim";-40;"ALCANÇOU"
"MA";210350;"Colinas";15,3846153846154;0;3;0;"Sim";-15,4;"ALCANÇOU"
"MA";210355;"Conceição do Lago-Açu";0;2;3;66,6666666666667;"Não";66,7;"NÃO ALCANÇOU"
"MA";210360;"Coroatá";17,6470588235294;6;17;35,2941176470588;"Não";17,6;"NÃO ALCANÇOU"
"MA";210370;"Cururupu";20;5;12;41,6666666666667;"Não";21,7;"NÃO ALCANÇOU"
"MA";210375;"Davinópolis";33,3333333333333;3;4;75;"Não";41,7;"NÃO ALCANÇOU"
"MA";210380;"Dom Pedro";100;1;2;50;"Sim";-50;"ALCANÇOU"
"MA";210390;"Duque Bacelar";0;0;1;0;"Sim";0;"ALCANÇOU"
"MA";210400;"Esperantinópolis";0;0;0;0;"Sim";0;"ALCANÇOU"
"MA";210405;"Estreito";37,5;4;13;30,7692307692308;"Sim";-6,7;"ALCANÇOU"
"MA";210407;"Feira Nova do Maranhão";50;0;0;0;"Sim";-50;"ALCANÇOU"
"MA";210408;"Fernando Falcão";0;0;0;0;"Sim";0;"ALCANÇOU"
"MA";210409;"Formosa da Serra Negra";100;0;2;0;"Sim";-100;"ALCANÇOU"
"MA";210410;"Fortaleza dos Nogueiras";100;0;1;0;"Sim";-100;"ALCANÇOU"
"MA";210420;"Fortuna";0;0;4;0;"Sim";0;"ALCANÇOU"
"MA";210430;"Godofredo Viana";0;3;7;42,8571428571428;"Não";42,9;"NÃO ALCANÇOU"
"MA";210440;"Gonçalves Dias";0;0;1;0;"Sim";0;"ALCANÇOU"
"MA";210450;"Governador Archer";0;2;3;66,6666666666667;"Não";66,7;"NÃO ALCANÇOU"
"MA";210455;"Governador Edison Lobão";37,5;0;5;0;"Sim";-37,5;"ALCANÇOU"
"MA";210460;"Governador Eugênio Barros";0;0;0;0;"Sim";0;"ALCANÇOU"
"MA";210462;"Governador Luiz Rocha";0;0;0;0;"Sim";0;"ALCANÇOU"
"MA";210465;"Governador Newton Bello";0;0;0;0;"Sim";0;"ALCANÇOU"
"MA";210467;"Governador Nunes Freire";0;1;1;100;"Não";100;"NÃO ALCANÇOU"
"MA";210470;"Graça Aranha";0;0;0;0;"Sim";0;"ALCANÇOU"
"MA";210480;"Grajaú";21,0526315789474;8;31;25,8064516129032;"Não";4,8;"NÃO ALCANÇOU"
"MA";210490;"Guimarães";0;0;0;0;"Sim";0;"ALCANÇOU"
"MA";210500;"Humberto de Campos";0;1;3;33,3333333333333;"Não";33,3;"NÃO ALCANÇOU"
"MA";210510;"Icatu";25;0;2;0;"Sim";-25;"ALCANÇOU"
"MA";210515;"Igarapé do Meio";0;0;0;0;"Sim";0;"ALCANÇOU"
"MA";210520;"Igarapé Grande";0;1;2;50;"Não";50;"NÃO ALCANÇOU"
"MA";210530;"Imperatriz";25,1748251748252;54;137;39,4160583941606;"Não";14,2;"NÃO ALCANÇOU"
"MA";210535;"Itaipava do Grajaú";0;0;1;0;"Sim";0;"ALCANÇOU"
"MA";210540;"Itapecuru Mirim";31,25;2;9;22,2222222222222;"Sim";-9;"ALCANÇOU"
"MA";210542;"Itinga do Maranhão";100;3;5;60;"Sim";-40;"ALCANÇOU"
"MA";210545;"Jatobá";100;0;0;0;"Sim";-100;"ALCANÇOU"
"MA";210547;"Jenipapo dos Vieiras";0;0;0;0;"Sim";0;"ALCANÇOU"
"MA";210550;"João Lisboa";100;3;7;42,8571428571428;"Sim";-57,1;"ALCANÇOU"
"MA";210560;"Joselândia";50;0;3;0;"Sim";-50;"ALCANÇOU"
"MA";210565;"Junco do Maranhão";0;0;0;0;"Sim";0;"ALCANÇOU"
"MA";210570;"Lago da Pedra";50;1;8;12,5;"Sim";-37,5;"ALCANÇOU"
"MA";210580;"Lago do Junco";0;0;0;0;"Sim";0;"ALCANÇOU"
"MA";210590;"Lago Verde";33,3333333333333;0;4;0;"Sim";-33,3;"ALCANÇOU"
"MA";210592;"Lagoa do Mato";0;0;0;0;"Sim";0;"ALCANÇOU"
"MA";210594;"Lago dos Rodrigues";0;1;4;25;"Não";25;"NÃO ALCANÇOU"
"MA";210596;"Lagoa Grande do Maranhão";0;0;1;0;"Sim";0;"ALCANÇOU"
"MA";210598;"Lajeado Novo";0;0;0;0;"Sim";0;"ALCANÇOU"
"MA";210600;"Lima Campos";100;0;0;0;"Sim";-100;"ALCANÇOU"
"MA";210610;"Loreto";100;1;3;33,3333333333333;"Sim";-66,7;"ALCANÇOU"
"MA";210620;"Luís Domingues";0;0;0;0;"Sim";0;"ALCANÇOU"
"MA";210630;"Magalhães de Almeida";0;1;4;25;"Não";25;"NÃO ALCANÇOU"
"MA";210632;"Maracaçumé";0;3;6;50;"Não";50;"NÃO ALCANÇOU"
"MA";210635;"Marajá do Sena";0;0;1;0;"Sim";0;"ALCANÇOU"
"MA";210637;"Maranhãozinho";100;2;2;100;"Não";0;"NÃO ALCANÇOU"
"MA";210640;"Mata Roma";75;0;1;0;"Sim";-75;"ALCANÇOU"
"MA";210650;"Matinha";66,6666666666667;0;3;0;"Sim";-66,7;"ALCANÇOU"
"MA";210660;"Matões";25;2;6;33,3333333333333;"Não";8,3;"NÃO ALCANÇOU"
"MA";210663;"Matões do Norte";0;2;2;100;"Não";100;"NÃO ALCANÇOU"
"MA";210667;"Milagres do Maranhão";0;0;1;0;"Sim";0;"ALCANÇOU"
"MA";210670;"Mirador";33,3333333333333;0;2;0;"Sim";-33,3;"ALCANÇOU"
"MA";210675;"Miranda do Norte";0;0;2;0;"Sim";0;"ALCANÇOU"
"MA";210680;"Mirinzal";50;2;4;50;"Não";0;"NÃO ALCANÇOU"
"MA";210690;"Monção";0;0;0;0;"Sim";0;"ALCANÇOU"
"MA";210700;"Montes Altos";66,6666666666667;0;0;0;"Sim";-66,7;"ALCANÇOU"
"MA";210710;"Morros";20;1;4;25;"Não";5;"NÃO ALCANÇOU"
"MA";210720;"Nina Rodrigues";0;0;0;0;"Sim";0;"ALCANÇOU"
"MA";210725;"Nova Colinas";0;0;0;0;"Sim";0;"ALCANÇOU"
"MA";210730;"Nova Iorque";0;0;0;0;"Sim";0;"ALCANÇOU"
"MA";210735;"Nova Olinda do Maranhão";0;0;0;0;"Sim";0;"ALCANÇOU"
"MA";210740;"Olho d'Água das Cunhãs";50;0;2;0;"Sim";-50;"ALCANÇOU"
"MA";210745;"Olinda Nova do Maranhão";0;0;0;0;"Sim";0;"ALCANÇOU"
"MA";210750;"Paço do Lumiar";28,5714285714286;9;45;20;"Sim";-8,6;"ALCANÇOU"
"MA";210760;"Palmeirândia";50;0;1;0;"Sim";-50;"ALCANÇOU"
"MA";210770;"Paraibano";50;0;1;0;"Sim";-50;"ALCANÇOU"
"MA";210780;"Parnarama";100;3;4;75;"Sim";-25;"ALCANÇOU"
"MA";210790;"Passagem Franca";33,3333333333333;1;1;100;"Não";66,7;"NÃO ALCANÇOU"
"MA";210800;"Pastos Bons";0;0;0;0;"Sim";0;"ALCANÇOU"
"MA";210805;"Paulino Neves";0;1;1;100;"Não";100;"NÃO ALCANÇOU"
"MA";210810;"Paulo Ramos";100;0;1;0;"Sim";-100;"ALCANÇOU"
"MA";210820;"Pedreiras";50;0;4;0;"Sim";-50;"ALCANÇOU"
"MA";210825;"Pedro do Rosário";0;0;1;0;"Sim";0;"ALCANÇOU"
"MA";210830;"Penalva";28,5714285714286;4;9;44,4444444444444;"Não";15,9;"NÃO ALCANÇOU"
"MA";210840;"Peri Mirim";0;0;1;0;"Sim";0;"ALCANÇOU"
"MA";210845;"Peritoró";0;1;1;100;"Não";100;"NÃO ALCANÇOU"
"MA";210850;"Pindaré-Mirim";0;1;4;25;"Não";25;"NÃO ALCANÇOU"
"MA";210860;"Pinheiro";9,52380952380952;7;32;21,875;"Não";12,4;"NÃO ALCANÇOU"
"MA";210870;"Pio XII";50;4;4;100;"Não";50;"NÃO ALCANÇOU"
"MA";210880;"Pirapemas";100;2;4;50;"Sim";-50;"ALCANÇOU"
"MA";210890;"Poção de Pedras";0;0;0;0;"Sim";0;"ALCANÇOU"
"MA";210900;"Porto Franco";33,3333333333333;1;4;25;"Sim";-8,3;"ALCANÇOU"
"MA";210905;"Porto Rico do Maranhão";0;0;0;0;"Sim";0;"ALCANÇOU"
"MA";210910;"Presidente Dutra";20;2;7;28,5714285714286;"Não";8,6;"NÃO ALCANÇOU"
"MA";210920;"Presidente Juscelino";100;0;0;0;"Sim";-100;"ALCANÇOU"
"MA";210923;"Presidente Médici";0;0;1;0;"Sim";0;"ALCANÇOU"
"MA";210927;"Presidente Sarney";0;1;4;25;"Não";25;"NÃO ALCANÇOU"
"MA";210930;"Presidente Vargas";0;0;0;0;"Sim";0;"ALCANÇOU"
"MA";210940;"Primeira Cruz";25;1;1;100;"Não";75;"NÃO ALCANÇOU"
"MA";210945;"Raposa";14,2857142857143;5;10;50;"Não";35,7;"NÃO ALCANÇOU"
"MA";210950;"Riachão";50;1;5;20;"Sim";-30;"ALCANÇOU"
"MA";210955;"Ribamar Fiquene";0;1;1;100;"Não";100;"NÃO ALCANÇOU"
"MA";210960;"Rosário";50;6;10;60;"Não";10;"NÃO ALCANÇOU"
"MA";210970;"Sambaíba";66,6666666666667;0;0;0;"Sim";-66,7;"ALCANÇOU"
"MA";210975;"Santa Filomena do Maranhão";0;0;0;0;"Sim";0;"ALCANÇOU"
"MA";210980;"Santa Helena";43,75;4;14;28,5714285714286;"Sim";-15,2;"ALCANÇOU"
"MA";210990;"Santa Inês";21,7391304347826;5;31;16,1290322580645;"Sim";-5,6;"ALCANÇOU"
"MA";211000;"Santa Luzia";0;3;6;50;"Não";50;"NÃO ALCANÇOU"
"MA";211003;"Santa Luzia do Paruá";0;0;1;0;"Sim";0;"ALCANÇOU"
"MA";211010;"Santa Quitéria do Maranhão";0;1;3;33,3333333333333;"Não";33,3;"NÃO ALCANÇOU"
"MA";211020;"Santa Rita";40;2;4;50;"Não";10;"NÃO ALCANÇOU"
"MA";211023;"Santana do Maranhão";0;0;0;0;"Sim";0;"ALCANÇOU"
"MA";211027;"Santo Amaro do Maranhão";66,6666666666667;0;1;0;"Sim";-66,7;"ALCANÇOU"
"MA";211030;"Santo Antônio dos Lopes";0;0;0;0;"Sim";0;"ALCANÇOU"
"MA";211040;"São Benedito do Rio Preto";0;0;1;0;"Sim";0;"ALCANÇOU"
"MA";211050;"São Bento";50;0;10;0;"Sim";-50;"ALCANÇOU"
"MA";211060;"São Bernardo";0;1;2;50;"Não";50;"NÃO ALCANÇOU"
"MA";211065;"São Domingos do Azeitão";60;1;2;50;"Sim";-10;"ALCANÇOU"
"MA";211070;"São Domingos do Maranhão";50;0;3;0;"Sim";-50;"ALCANÇOU"
"MA";211080;"São Félix de Balsas";0;0;0;0;"Sim";0;"ALCANÇOU"
"MA";211085;"São Francisco do Brejão";0;1;1;100;"Não";100;"NÃO ALCANÇOU"
"MA";211090;"São Francisco do Maranhão";0;0;0;0;"Sim";0;"ALCANÇOU"
"MA";211100;"São João Batista";50;0;0;0;"Sim";-50;"ALCANÇOU"
"MA";211102;"São João do Carú";0;0;0;0;"Sim";0;"ALCANÇOU"
"MA";211105;"São João do Paraíso";75;1;3;33,3333333333333;"Sim";-41,7;"ALCANÇOU"
"MA";211107;"São João do Soter";0;1;1;100;"Não";100;"NÃO ALCANÇOU"
"MA";211110;"São João dos Patos";66,6666666666667;0;2;0;"Sim";-66,7;"ALCANÇOU"
"MA";211120;"São José de Ribamar";25,3164556962025;31;85;36,4705882352941;"Não";11,2;"NÃO ALCANÇOU"
"MA";211125;"São José dos Basílios";50;0;0;0;"Sim";-50;"ALCANÇOU"
"MA";211130;"São Luís";22,8668941979522;162;614;26,3843648208469;"Não";3,5;"NÃO ALCANÇOU"
"MA";211140;"São Luís Gonzaga do Maranhão";0;0;2;0;"Sim";0;"ALCANÇOU"
"MA";211150;"São Mateus do Maranhão";26,6666666666667;4;9;44,4444444444444;"Não";17,8;"NÃO ALCANÇOU"
"MA";211153;"São Pedro da Água Branca";0;0;0;0;"Sim";0;"ALCANÇOU"
"MA";211157;"São Pedro dos Crentes";0;0;0;0;"Sim";0;"ALCANÇOU"
"MA";211160;"São Raimundo das Mangabeiras";55,5555555555556;0;1;0;"Sim";-55,6;"ALCANÇOU"
"MA";211163;"São Raimundo do Doca Bezerra";0;0;0;0;"Sim";0;"ALCANÇOU"
"MA";211167;"São Roberto";0;0;0;0;"Sim";0;"ALCANÇOU"
"MA";211170;"São Vicente Ferrer";0;0;0;0;"Sim";0;"ALCANÇOU"
"MA";211172;"Satubinha";33,3333333333333;2;4;50;"Não";16,7;"NÃO ALCANÇOU"
"MA";211174;"Senador Alexandre Costa";0;0;3;0;"Sim";0;"ALCANÇOU"
"MA";211176;"Senador La Rocque";50;1;3;33,3333333333333;"Sim";-16,7;"ALCANÇOU"
"MA";211178;"Serrano do Maranhão";75;1;1;100;"Não";25;"NÃO ALCANÇOU"
"MA";211180;"Sítio Novo";50;1;1;100;"Não";50;"NÃO ALCANÇOU"
"MA";211190;"Sucupira do Norte";0;0;0;0;"Sim";0;"ALCANÇOU"
"MA";211195;"Sucupira do Riachão";0;0;0;0;"Sim";0;"ALCANÇOU"
"MA";211200;"Tasso Fragoso";0;0;2;0;"Sim";0;"ALCANÇOU"
"MA";211210;"Timbiras";25;0;0;0;"Sim";-25;"ALCANÇOU"
"MA";211220;"Timon";23,3333333333333;13;51;25,4901960784314;"Não";2,2;"NÃO ALCANÇOU"
"MA";211223;"Trizidela do Vale";33,3333333333333;0;2;0;"Sim";-33,3;"ALCANÇOU"
"MA";211227;"Tufilândia";0;0;0;0;"Sim";0;"ALCANÇOU"
"MA";211230;"Tuntum";0;0;1;0;"Sim";0;"ALCANÇOU"
"MA";211240;"Turiaçu";50;0;3;0;"Sim";-50;"ALCANÇOU"
"MA";211245;"Turilândia";0;0;9;0;"Sim";0;"ALCANÇOU"
"MA";211250;"Tutóia";50;2;6;33,3333333333333;"Sim";-16,7;"ALCANÇOU"
"MA";211260;"Urbano Santos";100;1;2;50;"Sim";-50;"ALCANÇOU"
"MA";211270;"Vargem Grande";50;0;8;0;"Sim";-50;"ALCANÇOU"
"MA";211280;"Viana";25;2;6;33,3333333333333;"Não";8,3;"NÃO ALCANÇOU"
"MA";211285;"Vila Nova dos Martírios";100;0;1;0;"Sim";-100;"ALCANÇOU"
"MA";211290;"Vitória do Mearim";28,5714285714286;2;3;66,6666666666667;"Não";38,1;"NÃO ALCANÇOU"
"MA";211300;"Vitorino Freire";60;2;8;25;"Sim";-35;"ALCANÇOU"
"MA";211400;"Zé Doca";0;0;5;0;"Sim";0;"ALCANÇOU"
"PI";220005;"Acauã";0;0;0;0;"Sim";0;"ALCANÇOU"
"PI";220010;"Agricolândia";0;0;0;0;"Sim";0;"ALCANÇOU"
"PI";220020;"Água Branca";75;2;2;100;"Não";25;"NÃO ALCANÇOU"
"PI";220025;"Alagoinha do Piauí";100;0;0;0;"Sim";-100;"ALCANÇOU"
"PI";220027;"Alegrete do Piauí";0;0;1;0;"Sim";0;"ALCANÇOU"
"PI";220030;"Alto Longá";0;1;1;100;"Não";100;"NÃO ALCANÇOU"
"PI";220040;"Altos";50;4;14;28,5714285714286;"Sim";-21,4;"ALCANÇOU"
"PI";220045;"Alvorada do Gurguéia";0;0;0;0;"Sim";0;"ALCANÇOU"
"PI";220050;"Amarante";40;0;2;0;"Sim";-40;"ALCANÇOU"
"PI";220060;"Angical do Piauí";0;0;1;0;"Sim";0;"ALCANÇOU"
"PI";220070;"Anísio de Abreu";100;0;0;0;"Sim";-100;"ALCANÇOU"
"PI";220080;"Antônio Almeida";0;0;0;0;"Sim";0;"ALCANÇOU"
"PI";220090;"Aroazes";50;0;0;0;"Sim";-50;"ALCANÇOU"
"PI";220095;"Aroeiras do Itaim";0;0;0;0;"Sim";0;"ALCANÇOU"
"PI";220100;"Arraial";0;0;0;0;"Sim";0;"ALCANÇOU"
"PI";220105;"Assunção do Piauí";0;0;0;0;"Sim";0;"ALCANÇOU"
"PI";220110;"Avelino Lopes";0;0;0;0;"Sim";0;"ALCANÇOU"
"PI";220115;"Baixa Grande do Ribeiro";0;0;0;0;"Sim";0;"ALCANÇOU"
"PI";220117;"Barra D'Alcântara";0;0;0;0;"Sim";0;"ALCANÇOU"
"PI";220120;"Barras";50;3;13;23,0769230769231;"Sim";-26,9;"ALCANÇOU"
"PI";220130;"Barreiras do Piauí";0;0;0;0;"Sim";0;"ALCANÇOU"
"PI";220140;"Barro Duro";100;0;0;0;"Sim";-100;"ALCANÇOU"
"PI";220150;"Batalha";0;0;1;0;"Sim";0;"ALCANÇOU"
"PI";220155;"Bela Vista do Piauí";0;0;0;0;"Sim";0;"ALCANÇOU"
"PI";220157;"Belém do Piauí";0;0;1;0;"Sim";0;"ALCANÇOU"
"PI";220160;"Beneditinos";66,6666666666667;3;5;60;"Sim";-6,7;"ALCANÇOU"
"PI";220170;"Bertolínia";0;0;0;0;"Sim";0;"ALCANÇOU"
"PI";220173;"Betânia do Piauí";50;0;0;0;"Sim";-50;"ALCANÇOU"
"PI";220177;"Boa Hora";0;0;2;0;"Sim";0;"ALCANÇOU"
"PI";220180;"Bocaina";0;0;1;0;"Sim";0;"ALCANÇOU"
"PI";220190;"Bom Jesus";33,3333333333333;0;2;0;"Sim";-33,3;"ALCANÇOU"
"PI";220191;"Bom Princípio do Piauí";0;0;0;0;"Sim";0;"ALCANÇOU"
"PI";220192;"Bonfim do Piauí";0;1;1;100;"Não";100;"NÃO ALCANÇOU"
"PI";220194;"Boqueirão do Piauí";0;0;0;0;"Sim";0;"ALCANÇOU"
"PI";220196;"Brasileira";0;0;2;0;"Sim";0;"ALCANÇOU"
"PI";220198;"Brejo do Piauí";0;0;0;0;"Sim";0;"ALCANÇOU"
"PI";220200;"Buriti dos Lopes";66,6666666666667;2;4;50;"Sim";-16,7;"ALCANÇOU"
"PI";220202;"Buriti dos Montes";0;1;3;33,3333333333333;"Não";33,3;"NÃO ALCANÇOU"
"PI";220205;"Cabeceiras do Piauí";0;1;1;100;"Não";100;"NÃO ALCANÇOU"
"PI";220207;"Cajazeiras do Piauí";100;0;0;0;"Sim";-100;"ALCANÇOU"
"PI";220208;"Cajueiro da Praia";100;0;0;0;"Sim";-100;"ALCANÇOU"
"PI";220209;"Caldeirão Grande do Piauí";0;0;0;0;"Sim";0;"ALCANÇOU"
"PI";220210;"Campinas do Piauí";0;0;0;0;"Sim";0;"ALCANÇOU"
"PI";220211;"Campo Alegre do Fidalgo";0;0;0;0;"Sim";0;"ALCANÇOU"
"PI";220213;"Campo Grande do Piauí";0;0;1;0;"Sim";0;"ALCANÇOU"
"PI";220217;"Campo Largo do Piauí";0;0;0;0;"Sim";0;"ALCANÇOU"
"PI";220220;"Campo Maior";28,5714285714286;1;6;16,6666666666667;"Sim";-11,9;"ALCANÇOU"
"PI";220225;"Canavieira";100;0;0;0;"Sim";-100;"ALCANÇOU"
"PI";220230;"Canto do Buriti";0;0;1;0;"Sim";0;"ALCANÇOU"
"PI";220240;"Capitão de Campos";0;0;0;0;"Sim";0;"ALCANÇOU"
"PI";220245;"Capitão Gervásio Oliveira";0;0;0;0;"Sim";0;"ALCANÇOU"
"PI";220250;"Caracol";0;0;0;0;"Sim";0;"ALCANÇOU"
"PI";220253;"Caraúbas do Piauí";0;0;0;0;"Sim";0;"ALCANÇOU"
"PI";220255;"Caridade do Piauí";0;0;0;0;"Sim";0;"ALCANÇOU"
"PI";220260;"Castelo do Piauí";50;0;2;0;"Sim";-50;"ALCANÇOU"
"PI";220265;"Caxingó";0;0;0;0;"Sim";0;"ALCANÇOU"
"PI";220270;"Cocal";50;3;5;60;"Não";10;"NÃO ALCANÇOU"
"PI";220271;"Cocal de Telha";0;2;3;66,6666666666667;"Não";66,7;"NÃO ALCANÇOU"
"PI";220272;"Cocal dos Alves";0;0;0;0;"Sim";0;"ALCANÇOU"
"PI";220273;"Coivaras";0;0;0;0;"Sim";0;"ALCANÇOU"
"PI";220275;"Colônia do Gurguéia";0;0;0;0;"Sim";0;"ALCANÇOU"
"PI";220277;"Colônia do Piauí";100;1;1;100;"Não";0;"NÃO ALCANÇOU"
"PI";220280;"Conceição do Canindé";0;0;0;0;"Sim";0;"ALCANÇOU"
"PI";220285;"Coronel José Dias";0;0;0;0;"Sim";0;"ALCANÇOU"
"PI";220290;"Corrente";0;0;0;0;"Sim";0;"ALCANÇOU"
"PI";220300;"Cristalândia do Piauí";0;0;0;0;"Sim";0;"ALCANÇOU"
"PI";220310;"Cristino Castro";0;1;2;50;"Não";50;"NÃO ALCANÇOU"
"PI";220320;"Curimatá";0;0;0;0;"Sim";0;"ALCANÇOU"
"PI";220323;"Currais";0;0;0;0;"Sim";0;"ALCANÇOU"
"PI";220325;"Curralinhos";0;0;0;0;"Sim";0;"ALCANÇOU"
"PI";220327;"Curral Novo do Piauí";0;0;0;0;"Sim";0;"ALCANÇOU"
"PI";220330;"Demerval Lobão";42,8571428571428;2;2;100;"Não";57,1;"NÃO ALCANÇOU"
"PI";220335;"Dirceu Arcoverde";0;1;1;100;"Não";100;"NÃO ALCANÇOU"
"PI";220340;"Dom Expedito Lopes";100;2;3;66,6666666666667;"Sim";-33,3;"ALCANÇOU"
"PI";220342;"Domingos Mourão";0;0;0;0;"Sim";0;"ALCANÇOU"
"PI";220345;"Dom Inocêncio";0;1;2;50;"Não";50;"NÃO ALCANÇOU"
"PI";220350;"Elesbão Veloso";100;0;1;0;"Sim";-100;"ALCANÇOU"
"PI";220360;"Eliseu Martins";0;0;0;0;"Sim";0;"ALCANÇOU"
"PI";220370;"Esperantina";50;2;10;20;"Sim";-30;"ALCANÇOU"
"PI";220375;"Fartura do Piauí";100;0;0;0;"Sim";-100;"ALCANÇOU"
"PI";220380;"Flores do Piauí";0;0;0;0;"Sim";0;"ALCANÇOU"
"PI";220385;"Floresta do Piauí";0;0;0;0;"Sim";0;"ALCANÇOU"
"PI";220390;"Floriano";23,0769230769231;3;17;17,6470588235294;"Sim";-5,4;"ALCANÇOU"
"PI";220400;"Francinópolis";0;0;0;0;"Sim";0;"ALCANÇOU"
"PI";220410;"Francisco Ayres";100;0;0;0;"Sim";-100;"ALCANÇOU"
"PI";220415;"Francisco Macedo";0;0;0;0;"Sim";0;"ALCANÇOU"
"PI";220420;"Francisco Santos";0;0;1;0;"Sim";0;"ALCANÇOU"
"PI";220430;"Fronteiras";0;0;0;0;"Sim";0;"ALCANÇOU"
"PI";220435;"Geminiano";0;0;1;0;"Sim";0;"ALCANÇOU"
"PI";220440;"Gilbués";0;0;0;0;"Sim";0;"ALCANÇOU"
"PI";220450;"Guadalupe";0;0;0;0;"Sim";0;"ALCANÇOU"
"PI";220455;"Guaribas";0;0;0;0;"Sim";0;"ALCANÇOU"
"PI";220460;"Hugo Napoleão";0;0;0;0;"Sim";0;"ALCANÇOU"
"PI";220465;"Ilha Grande";0;0;1;0;"Sim";0;"ALCANÇOU"
"PI";220470;"Inhuma";0;0;1;0;"Sim";0;"ALCANÇOU"
"PI";220480;"Ipiranga do Piauí";0;2;4;50;"Não";50;"NÃO ALCANÇOU"
"PI";220490;"Isaías Coelho";0;0;0;0;"Sim";0;"ALCANÇOU"
"PI";220500;"Itainópolis";0;0;0;0;"Sim";0;"ALCANÇOU"
"PI";220510;"Itaueira";0;1;2;50;"Não";50;"NÃO ALCANÇOU"
"PI";220515;"Jacobina do Piauí";0;0;0;0;"Sim";0;"ALCANÇOU"
"PI";220520;"Jaicós";50;0;1;0;"Sim";-50;"ALCANÇOU"
"PI";220525;"Jardim do Mulato";0;0;0;0;"Sim";0;"ALCANÇOU"
"PI";220527;"Jatobá do Piauí";0;0;1;0;"Sim";0;"ALCANÇOU"
"PI";220530;"Jerumenha";0;0;1;0;"Sim";0;"ALCANÇOU"
"PI";220535;"João Costa";0;0;0;0;"Sim";0;"ALCANÇOU"
"PI";220540;"Joaquim Pires";0;0;0;0;"Sim";0;"ALCANÇOU"
"PI";220545;"Joca Marques";0;0;2;0;"Sim";0;"ALCANÇOU"
"PI";220550;"José de Freitas";0;1;4;25;"Não";25;"NÃO ALCANÇOU"
"PI";220551;"Juazeiro do Piauí";0;0;0;0;"Sim";0;"ALCANÇOU"
"PI";220552;"Júlio Borges";0;0;0;0;"Sim";0;"ALCANÇOU"
"PI";220553;"Jurema";0;0;0;0;"Sim";0;"ALCANÇOU"
"PI";220554;"Lagoinha do Piauí";0;2;2;100;"Não";100;"NÃO ALCANÇOU"
"PI";220555;"Lagoa Alegre";0;0;0;0;"Sim";0;"ALCANÇOU"
"PI";220556;"Lagoa do Barro do Piauí";0;0;0;0;"Sim";0;"ALCANÇOU"
"PI";220557;"Lagoa de São Francisco";0;0;0;0;"Sim";0;"ALCANÇOU"
"PI";220558;"Lagoa do Piauí";0;0;0;0;"Sim";0;"ALCANÇOU"
"PI";220559;"Lagoa do Sítio";0;0;0;0;"Sim";0;"ALCANÇOU"
"PI";220560;"Landri Sales";0;0;0;0;"Sim";0;"ALCANÇOU"
"PI";220570;"Luís Correia";25;0;1;0;"Sim";-25;"ALCANÇOU"
"PI";220580;"Luzilândia";66,6666666666667;1;3;33,3333333333333;"Sim";-33,3;"ALCANÇOU"
"PI";220585;"Madeiro";50;1;2;50;"Não";0;"NÃO ALCANÇOU"
"PI";220590;"Manoel Emídio";0;0;0;0;"Sim";0;"ALCANÇOU"
"PI";220595;"Marcolândia";100;0;0;0;"Sim";-100;"ALCANÇOU"
"PI";220600;"Marcos Parente";0;1;2;50;"Não";50;"NÃO ALCANÇOU"
"PI";220605;"Massapê do Piauí";0;1;1;100;"Não";100;"NÃO ALCANÇOU"
"PI";220610;"Matias Olímpio";50;1;5;20;"Sim";-30;"ALCANÇOU"
"PI";220620;"Miguel Alves";20;0;1;0;"Sim";-20;"ALCANÇOU"
"PI";220630;"Miguel Leão";0;0;0;0;"Sim";0;"ALCANÇOU"
"PI";220635;"Milton Brandão";100;0;1;0;"Sim";-100;"ALCANÇOU"
"PI";220640;"Monsenhor Gil";0;0;0;0;"Sim";0;"ALCANÇOU"
"PI";220650;"Monsenhor Hipólito";33,3333333333333;3;3;100;"Não";66,7;"NÃO ALCANÇOU"
"PI";220660;"Monte Alegre do Piauí";0;1;3;33,3333333333333;"Não";33,3;"NÃO ALCANÇOU"
"PI";220665;"Morro Cabeça no Tempo";0;0;0;0;"Sim";0;"ALCANÇOU"
"PI";220667;"Morro do Chapéu do Piauí";0;0;0;0;"Sim";0;"ALCANÇOU"
"PI";220669;"Murici dos Portelas";100;0;0;0;"Sim";-100;"ALCANÇOU"
"PI";220670;"Nazaré do Piauí";0;0;0;0;"Sim";0;"ALCANÇOU"
"PI";220672;"Nazária";100;0;1;0;"Sim";-100;"ALCANÇOU"
"PI";220675;"Nossa Senhora de Nazaré";100;0;0;0;"Sim";-100;"ALCANÇOU"
"PI";220680;"Nossa Senhora dos Remédios";0;0;1;0;"Sim";0;"ALCANÇOU"
"PI";220690;"Novo Oriente do Piauí";0;0;1;0;"Sim";0;"ALCANÇOU"
"PI";220695;"Novo Santo Antônio";0;0;0;0;"Sim";0;"ALCANÇOU"
"PI";220700;"Oeiras";9,09090909090909;2;11;18,1818181818182;"Não";9,1;"NÃO ALCANÇOU"
"PI";220710;"Olho D'Água do Piauí";0;0;0;0;"Sim";0;"ALCANÇOU"
"PI";220720;"Padre Marcos";0;3;3;100;"Não";100;"NÃO ALCANÇOU"
"PI";220730;"Paes Landim";0;0;0;0;"Sim";0;"ALCANÇOU"
"PI";220735;"Pajeú do Piauí";0;1;2;50;"Não";50;"NÃO ALCANÇOU"
"PI";220740;"Palmeira do Piauí";0;0;0;0;"Sim";0;"ALCANÇOU"
"PI";220750;"Palmeirais";100;0;0;0;"Sim";-100;"ALCANÇOU"
"PI";220755;"Paquetá";0;0;0;0;"Sim";0;"ALCANÇOU"
"PI";220760;"Parnaguá";0;0;1;0;"Sim";0;"ALCANÇOU"
"PI";220770;"Parnaíba";13,3333333333333;6;54;11,1111111111111;"Sim";-2,2;"ALCANÇOU"
"PI";220775;"Passagem Franca do Piauí";0;0;0;0;"Sim";0;"ALCANÇOU"
"PI";220777;"Patos do Piauí";50;0;0;0;"Sim";-50;"ALCANÇOU"
"PI";220779;"Pau D'Arco do Piauí";100;0;1;0;"Sim";-100;"ALCANÇOU"
"PI";220780;"Paulistana";100;0;1;0;"Sim";-100;"ALCANÇOU"
"PI";220785;"Pavussu";0;0;0;0;"Sim";0;"ALCANÇOU"
"PI";220790;"Pedro II";66,6666666666667;1;8;12,5;"Sim";-54,2;"ALCANÇOU"
"PI";220793;"Pedro Laurentino";0;0;0;0;"Sim";0;"ALCANÇOU"
"PI";220795;"Nova Santa Rita";0;0;0;0;"Sim";0;"ALCANÇOU"
"PI";220800;"Picos";15,1515151515151;7;21;33,3333333333333;"Não";18,2;"NÃO ALCANÇOU"
"PI";220810;"Pimenteiras";0;0;0;0;"Sim";0;"ALCANÇOU"
"PI";220820;"Pio IX";0;1;2;50;"Não";50;"NÃO ALCANÇOU"
"PI";220830;"Piracuruca";0;2;3;66,6666666666667;"Não";66,7;"NÃO ALCANÇOU"
"PI";220840;"Piripiri";16,6666666666667;2;13;15,3846153846154;"Sim";-1,3;"ALCANÇOU"
"PI";220850;"Porto";0;1;2;50;"Não";50;"NÃO ALCANÇOU"
"PI";220855;"Porto Alegre do Piauí";0;0;0;0;"Sim";0;"ALCANÇOU"
"PI";220860;"Prata do Piauí";0;0;0;0;"Sim";0;"ALCANÇOU"
"PI";220865;"Queimada Nova";0;0;0;0;"Sim";0;"ALCANÇOU"
"PI";220870;"Redenção do Gurguéia";0;0;0;0;"Sim";0;"ALCANÇOU"
"PI";220880;"Regeneração";100;1;3;33,3333333333333;"Sim";-66,7;"ALCANÇOU"
"PI";220885;"Riacho Frio";0;0;1;0;"Sim";0;"ALCANÇOU"
"PI";220887;"Ribeira do Piauí";0;0;0;0;"Sim";0;"ALCANÇOU"
"PI";220890;"Ribeiro Gonçalves";0;1;2;50;"Não";50;"NÃO ALCANÇOU"
"PI";220900;"Rio Grande do Piauí";0;0;0;0;"Sim";0;"ALCANÇOU"
"PI";220910;"Santa Cruz do Piauí";0;0;0;0;"Sim";0;"ALCANÇOU"
"PI";220915;"Santa Cruz dos Milagres";100;0;0;0;"Sim";-100;"ALCANÇOU"
"PI";220920;"Santa Filomena";0;0;0;0;"Sim";0;"ALCANÇOU"
"PI";220930;"Santa Luz";0;0;0;0;"Sim";0;"ALCANÇOU"
"PI";220935;"Santana do Piauí";0;2;2;100;"Não";100;"NÃO ALCANÇOU"
"PI";220937;"Santa Rosa do Piauí";0;0;0;0;"Sim";0;"ALCANÇOU"
"PI";220940;"Santo Antônio de Lisboa";0;1;1;100;"Não";100;"NÃO ALCANÇOU"
"PI";220945;"Santo Antônio dos Milagres";100;0;0;0;"Sim";-100;"ALCANÇOU"
"PI";220950;"Santo Inácio do Piauí";0;0;0;0;"Sim";0;"ALCANÇOU"
"PI";220955;"São Braz do Piauí";0;0;0;0;"Sim";0;"ALCANÇOU"
"PI";220960;"São Félix do Piauí";0;0;1;0;"Sim";0;"ALCANÇOU"
"PI";220965;"São Francisco de Assis do Piauí";0;0;0;0;"Sim";0;"ALCANÇOU"
"PI";220970;"São Francisco do Piauí";0;0;0;0;"Sim";0;"ALCANÇOU"
"PI";220975;"São Gonçalo do Gurguéia";0;0;0;0;"Sim";0;"ALCANÇOU"
"PI";220980;"São Gonçalo do Piauí";0;1;1;100;"Não";100;"NÃO ALCANÇOU"
"PI";220985;"São João da Canabrava";0;0;0;0;"Sim";0;"ALCANÇOU"
"PI";220987;"São João da Fronteira";100;0;1;0;"Sim";-100;"ALCANÇOU"
"PI";220990;"São João da Serra";0;0;0;0;"Sim";0;"ALCANÇOU"
"PI";220995;"São João da Varjota";0;0;0;0;"Sim";0;"ALCANÇOU"
"PI";220997;"São João do Arraial";0;0;0;0;"Sim";0;"ALCANÇOU"
"PI";221000;"São João do Piauí";33,3333333333333;1;2;50;"Não";16,7;"NÃO ALCANÇOU"
"PI";221005;"São José do Divino";0;0;0;0;"Sim";0;"ALCANÇOU"
"PI";221010;"São José do Peixe";0;0;0;0;"Sim";0;"ALCANÇOU"
"PI";221020;"São José do Piauí";0;0;0;0;"Sim";0;"ALCANÇOU"
"PI";221030;"São Julião";0;0;1;0;"Sim";0;"ALCANÇOU"
"PI";221035;"São Lourenço do Piauí";0;0;0;0;"Sim";0;"ALCANÇOU"
"PI";221037;"São Luis do Piauí";0;0;0;0;"Sim";0;"ALCANÇOU"
"PI";221038;"São Miguel da Baixa Grande";0;0;0;0;"Sim";0;"ALCANÇOU"
"PI";221039;"São Miguel do Fidalgo";0;0;0;0;"Sim";0;"ALCANÇOU"
"PI";221040;"São Miguel do Tapuio";0;0;0;0;"Sim";0;"ALCANÇOU"
"PI";221050;"São Pedro do Piauí";50;0;0;0;"Sim";-50;"ALCANÇOU"
"PI";221060;"São Raimundo Nonato";50;3;6;50;"Não";0;"NÃO ALCANÇOU"
"PI";221062;"Sebastião Barros";0;0;0;0;"Sim";0;"ALCANÇOU"
"PI";221063;"Sebastião Leal";0;0;1;0;"Sim";0;"ALCANÇOU"
"PI";221065;"Sigefredo Pacheco";100;0;1;0;"Sim";-100;"ALCANÇOU"
"PI";221070;"Simões";0;0;0;0;"Sim";0;"ALCANÇOU"
"PI";221080;"Simplício Mendes";0;0;0;0;"Sim";0;"ALCANÇOU"
"PI";221090;"Socorro do Piauí";0;0;0;0;"Sim";0;"ALCANÇOU"
"PI";221093;"Sussuapara";0;0;1;0;"Sim";0;"ALCANÇOU"
"PI";221095;"Tamboril do Piauí";0;0;0;0;"Sim";0;"ALCANÇOU"
"PI";221097;"Tanque do Piauí";0;0;0;0;"Sim";0;"ALCANÇOU"
"PI";221100;"Teresina";22,508038585209;100;330;30,3030303030303;"Não";7,8;"NÃO ALCANÇOU"
"PI";221110;"União";33,3333333333333;0;6;0;"Sim";-33,3;"ALCANÇOU"
"PI";221120;"Uruçuí";0;0;1;0;"Sim";0;"ALCANÇOU"
"PI";221130;"Valença do Piauí";0;0;1;0;"Sim";0;"ALCANÇOU"
"PI";221135;"Várzea Branca";0;0;0;0;"Sim";0;"ALCANÇOU"
"PI";221140;"Várzea Grande";0;1;1;100;"Não";100;"NÃO ALCANÇOU"
"PI";221150;"Vera Mendes";0;0;0;0;"Sim";0;"ALCANÇOU"
"PI";221160;"Vila Nova do Piauí";0;1;1;100;"Não";100;"NÃO ALCANÇOU"
"PI";221170;"Wall Ferraz";0;1;1;100;"Não";100;"NÃO ALCANÇOU"
"CE";230010;"Abaiara";0;0;0;0;"Sim";0;"ALCANÇOU"
"CE";230015;"Acarape";60;0;0;0;"Sim";-60;"ALCANÇOU"
"CE";230020;"Acaraú";40;10;21;47,6190476190476;"Não";7,6;"NÃO ALCANÇOU"
"CE";230030;"Acopiara";20;0;1;0;"Sim";-20;"ALCANÇOU"
"CE";230040;"Aiuaba";0;0;0;0;"Sim";0;"ALCANÇOU"
"CE";230050;"Alcântaras";0;0;1;0;"Sim";0;"ALCANÇOU"
"CE";230060;"Altaneira";0;0;0;0;"Sim";0;"ALCANÇOU"
"CE";230070;"Alto Santo";25;0;0;0;"Sim";-25;"ALCANÇOU"
"CE";230075;"Amontada";50;5;17;29,4117647058823;"Sim";-20,6;"ALCANÇOU"
"CE";230080;"Antonina do Norte";100;0;0;0;"Sim";-100;"ALCANÇOU"
"CE";230090;"Apuiarés";0;4;4;100;"Não";100;"NÃO ALCANÇOU"
"CE";230100;"Aquiraz";23,6842105263158;10;59;16,9491525423729;"Sim";-6,7;"ALCANÇOU"
"CE";230110;"Aracati";16,6666666666667;3;12;25;"Não";8,3;"NÃO ALCANÇOU"
"CE";230120;"Aracoiaba";60;2;8;25;"Sim";-35;"ALCANÇOU"
"CE";230125;"Ararendá";0;0;2;0;"Sim";0;"ALCANÇOU"
"CE";230130;"Araripe";80;1;2;50;"Sim";-30;"ALCANÇOU"
"CE";230140;"Aratuba";0;0;1;0;"Sim";0;"ALCANÇOU"
"CE";230150;"Arneiroz";0;0;0;0;"Sim";0;"ALCANÇOU"
"CE";230160;"Assaré";0;1;1;100;"Não";100;"NÃO ALCANÇOU"
"CE";230170;"Aurora";0;1;2;50;"Não";50;"NÃO ALCANÇOU"
"CE";230180;"Baixio";0;0;0;0;"Sim";0;"ALCANÇOU"
"CE";230185;"Banabuiú";0;1;2;50;"Não";50;"NÃO ALCANÇOU"
"CE";230190;"Barbalha";25;3;10;30;"Não";5;"NÃO ALCANÇOU"
"CE";230195;"Barreira";0;1;3;33,3333333333333;"Não";33,3;"NÃO ALCANÇOU"
"CE";230200;"Barro";0;1;2;50;"Não";50;"NÃO ALCANÇOU"
"CE";230205;"Barroquinha";66,6666666666667;1;2;50;"Sim";-16,7;"ALCANÇOU"
"CE";230210;"Baturité";50;3;9;33,3333333333333;"Sim";-16,7;"ALCANÇOU"
"CE";230220;"Beberibe";25;0;5;0;"Sim";-25;"ALCANÇOU"
"CE";230230;"Bela Cruz";75;2;9;22,2222222222222;"Sim";-52,8;"ALCANÇOU"
"CE";230240;"Boa Viagem";50;1;6;16,6666666666667;"Sim";-33,3;"ALCANÇOU"
"CE";230250;"Brejo Santo";60;2;4;50;"Sim";-10;"ALCANÇOU"
"CE";230260;"Camocim";18,1818181818182;10;16;62,5;"Não";44,3;"NÃO ALCANÇOU"
"CE";230270;"Campos Sales";33,3333333333333;3;3;100;"Não";66,7;"NÃO ALCANÇOU"
"CE";230280;"Canindé";75;4;13;30,7692307692308;"Sim";-44,2;"ALCANÇOU"
"CE";230290;"Capistrano";50;1;1;100;"Não";50;"NÃO ALCANÇOU"
"CE";230300;"Caridade";0;0;1;0;"Sim";0;"ALCANÇOU"
"CE";230310;"Cariré";100;1;3;33,3333333333333;"Sim";-66,7;"ALCANÇOU"
"CE";230320;"Caririaçu";0;0;5;0;"Sim";0;"ALCANÇOU"
"CE";230330;"Cariús";0;0;1;0;"Sim";0;"ALCANÇOU"
"CE";230340;"Carnaubal";0;0;2;0;"Sim";0;"ALCANÇOU"
"CE";230350;"Cascavel";25;7;12;58,3333333333333;"Não";33,3;"NÃO ALCANÇOU"
"CE";230360;"Catarina";0;0;1;0;"Sim";0;"ALCANÇOU"
"CE";230365;"Catunda";50;0;0;0;"Sim";-50;"ALCANÇOU"
"CE";230370;"Caucaia";34,1463414634146;33;116;28,448275862069;"Sim";-5,7;"ALCANÇOU"
"CE";230380;"Cedro";100;1;1;100;"Não";0;"NÃO ALCANÇOU"
"CE";230390;"Chaval";60;3;3;100;"Não";40;"NÃO ALCANÇOU"
"CE";230393;"Choró";0;0;0;0;"Sim";0;"ALCANÇOU"
"CE";230395;"Chorozinho";0;0;1;0;"Sim";0;"ALCANÇOU"
"CE";230400;"Coreaú";100;0;3;0;"Sim";-100;"ALCANÇOU"
"CE";230410;"Crateús";60;1;9;11,1111111111111;"Sim";-48,9;"ALCANÇOU"
"CE";230420;"Crato";29,6296296296296;9;26;34,6153846153846;"Não";5;"NÃO ALCANÇOU"
"CE";230423;"Croatá";0;0;0;0;"Sim";0;"ALCANÇOU"
"CE";230425;"Cruz";36,3636363636364;1;11;9,09090909090909;"Sim";-27,3;"ALCANÇOU"
"CE";230426;"Deputado Irapuan Pinheiro";0;0;2;0;"Sim";0;"ALCANÇOU"
"CE";230427;"Ererê";0;0;0;0;"Sim";0;"ALCANÇOU"
"CE";230428;"Eusébio";31,25;4;15;26,6666666666667;"Sim";-4,6;"ALCANÇOU"
"CE";230430;"Farias Brito";0;1;1;100;"Não";100;"NÃO ALCANÇOU"
"CE";230435;"Forquilha";25;4;5;80;"Não";55;"NÃO ALCANÇOU"
"CE";230440;"Fortaleza";26,7148014440433;314;1077;29,1550603528319;"Não";2,4;"NÃO ALCANÇOU"
"CE";230445;"Fortim";33,3333333333333;0;1;0;"Sim";-33,3;"ALCANÇOU"
"CE";230450;"Frecheirinha";66,6666666666667;0;3;0;"Sim";-66,7;"ALCANÇOU"
"CE";230460;"General Sampaio";0;0;0;0;"Sim";0;"ALCANÇOU"
"CE";230465;"Graça";0;1;2;50;"Não";50;"NÃO ALCANÇOU"
"CE";230470;"Granja";18,1818181818182;4;7;57,1428571428571;"Não";39;"NÃO ALCANÇOU"
"CE";230480;"Granjeiro";0;0;0;0;"Sim";0;"ALCANÇOU"
"CE";230490;"Groaíras";0;0;3;0;"Sim";0;"ALCANÇOU"
"CE";230495;"Guaiúba";66,6666666666667;1;3;33,3333333333333;"Sim";-33,3;"ALCANÇOU"
"CE";230500;"Guaraciaba do Norte";50;2;3;66,6666666666667;"Não";16,7;"NÃO ALCANÇOU"
"CE";230510;"Guaramiranga";0;0;0;0;"Sim";0;"ALCANÇOU"
"CE";230520;"Hidrolândia";100;2;4;50;"Sim";-50;"ALCANÇOU"
"CE";230523;"Horizonte";20;10;34;29,4117647058823;"Não";9,4;"NÃO ALCANÇOU"
"CE";230526;"Ibaretama";0;0;1;0;"Sim";0;"ALCANÇOU"
"CE";230530;"Ibiapina";50;1;4;25;"Sim";-25;"ALCANÇOU"
"CE";230533;"Ibicuitinga";0;0;0;0;"Sim";0;"ALCANÇOU"
"CE";230535;"Icapuí";0;1;1;100;"Não";100;"NÃO ALCANÇOU"
"CE";230540;"Icó";33,3333333333333;1;6;16,6666666666667;"Sim";-16,7;"ALCANÇOU"
"CE";230550;"Iguatu";25,7142857142857;12;40;30;"Não";4,3;"NÃO ALCANÇOU"
"CE";230560;"Independência";100;0;0;0;"Sim";-100;"ALCANÇOU"
"CE";230565;"Ipaporanga";0;0;2;0;"Sim";0;"ALCANÇOU"
"CE";230570;"Ipaumirim";0;0;0;0;"Sim";0;"ALCANÇOU"
"CE";230580;"Ipu";16,6666666666667;0;5;0;"Sim";-16,7;"ALCANÇOU"
"CE";230590;"Ipueiras";66,6666666666667;0;1;0;"Sim";-66,7;"ALCANÇOU"
"CE";230600;"Iracema";0;0;3;0;"Sim";0;"ALCANÇOU"
"CE";230610;"Irauçuba";33,3333333333333;0;2;0;"Sim";-33,3;"ALCANÇOU"
"CE";230620;"Itaiçaba";0;1;2;50;"Não";50;"NÃO ALCANÇOU"
"CE";230625;"Itaitinga";18,1818181818182;3;24;12,5;"Sim";-5,7;"ALCANÇOU"
"CE";230630;"Itapagé";40;1;4;25;"Sim";-15;"ALCANÇOU"
"CE";230640;"Itapipoca";27,2727272727273;5;26;19,2307692307692;"Sim";-8;"ALCANÇOU"
"CE";230650;"Itapiúna";0;1;3;33,3333333333333;"Não";33,3;"NÃO ALCANÇOU"
"CE";230655;"Itarema";50;4;10;40;"Sim";-10;"ALCANÇOU"
"CE";230660;"Itatira";0;0;1;0;"Sim";0;"ALCANÇOU"
"CE";230670;"Jaguaretama";100;0;0;0;"Sim";-100;"ALCANÇOU"
"CE";230680;"Jaguaribara";0;0;1;0;"Sim";0;"ALCANÇOU"
"CE";230690;"Jaguaribe";33,3333333333333;1;3;33,3333333333333;"Não";0;"NÃO ALCANÇOU"
"CE";230700;"Jaguaruana";0;2;5;40;"Não";40;"NÃO ALCANÇOU"
"CE";230710;"Jardim";50;0;2;0;"Sim";-50;"ALCANÇOU"
"CE";230720;"Jati";0;0;1;0;"Sim";0;"ALCANÇOU"
"CE";230725;"Jijoca de Jericoacoara";37,5;7;11;63,6363636363636;"Não";26,1;"NÃO ALCANÇOU"
"CE";230730;"Juazeiro do Norte";15,6862745098039;17;75;22,6666666666667;"Não";7;"NÃO ALCANÇOU"
"CE";230740;"Jucás";0;3;4;75;"Não";75;"NÃO ALCANÇOU"
"CE";230750;"Lavras da Mangabeira";0;1;1;100;"Não";100;"NÃO ALCANÇOU"
"CE";230760;"Limoeiro do Norte";22,2222222222222;2;6;33,3333333333333;"Não";11,1;"NÃO ALCANÇOU"
"CE";230763;"Madalena";66,6666666666667;0;0;0;"Sim";-66,7;"ALCANÇOU"
"CE";230765;"Maracanaú";26,7857142857143;26;94;27,6595744680851;"Não";0,9;"NÃO ALCANÇOU"
"CE";230770;"Maranguape";26,0869565217391;5;19;26,3157894736842;"Não";0,2;"NÃO ALCANÇOU"
"CE";230780;"Marco";28,5714285714286;1;3;33,3333333333333;"Não";4,8;"NÃO ALCANÇOU"
"CE";230790;"Martinópole";100;2;4;50;"Sim";-50;"ALCANÇOU"
"CE";230800;"Massapê";55,5555555555556;3;10;30;"Sim";-25,6;"ALCANÇOU"
"CE";230810;"Mauriti";37,5;1;2;50;"Não";12,5;"NÃO ALCANÇOU"
"CE";230820;"Meruoca";0;0;2;0;"Sim";0;"ALCANÇOU"
"CE";230830;"Milagres";100;0;1;0;"Sim";-100;"ALCANÇOU"
"CE";230835;"Milhã";0;0;0;0;"Sim";0;"ALCANÇOU"
"CE";230837;"Miraíma";0;1;1;100;"Não";100;"NÃO ALCANÇOU"
"CE";230840;"Missão Velha";0;4;5;80;"Não";80;"NÃO ALCANÇOU"
"CE";230850;"Mombaça";0;2;4;50;"Não";50;"NÃO ALCANÇOU"
"CE";230860;"Monsenhor Tabosa";0;2;4;50;"Não";50;"NÃO ALCANÇOU"
"CE";230870;"Morada Nova";42,8571428571428;2;7;28,5714285714286;"Sim";-14,3;"ALCANÇOU"
"CE";230880;"Moraújo";60;0;2;0;"Sim";-60;"ALCANÇOU"
"CE";230890;"Morrinhos";0;0;2;0;"Sim";0;"ALCANÇOU"
"CE";230900;"Mucambo";0;2;4;50;"Não";50;"NÃO ALCANÇOU"
"CE";230910;"Mulungu";0;1;1;100;"Não";100;"NÃO ALCANÇOU"
"CE";230920;"Nova Olinda";50;2;2;100;"Não";50;"NÃO ALCANÇOU"
"CE";230930;"Nova Russas";66,6666666666667;1;2;50;"Sim";-16,7;"ALCANÇOU"
"CE";230940;"Novo Oriente";66,6666666666667;3;4;75;"Não";8,3;"NÃO ALCANÇOU"
"CE";230945;"Ocara";0;0;0;0;"Sim";0;"ALCANÇOU"
"CE";230950;"Orós";0;0;0;0;"Sim";0;"ALCANÇOU"
"CE";230960;"Pacajus";7,14285714285714;3;11;27,2727272727273;"Não";20,1;"NÃO ALCANÇOU"
"CE";230970;"Pacatuba";20,8333333333333;6;17;35,2941176470588;"Não";14,5;"NÃO ALCANÇOU"
"CE";230980;"Pacoti";33,3333333333333;3;5;60;"Não";26,7;"NÃO ALCANÇOU"
"CE";230990;"Pacujá";0;0;0;0;"Sim";0;"ALCANÇOU"
"CE";231000;"Palhano";75;0;0;0;"Sim";-75;"ALCANÇOU"
"CE";231010;"Palmácia";0;0;0;0;"Sim";0;"ALCANÇOU"
"CE";231020;"Paracuru";40;5;13;38,4615384615385;"Sim";-1,5;"ALCANÇOU"
"CE";231025;"Paraipaba";33,3333333333333;1;3;33,3333333333333;"Não";0;"NÃO ALCANÇOU"
"CE";231030;"Parambu";0;2;2;100;"Não";100;"NÃO ALCANÇOU"
"CE";231040;"Paramoti";100;0;0;0;"Sim";-100;"ALCANÇOU"
"CE";231050;"Pedra Branca";50;0;6;0;"Sim";-50;"ALCANÇOU"
"CE";231060;"Penaforte";50;2;4;50;"Não";0;"NÃO ALCANÇOU"
"CE";231070;"Pentecoste";50;1;2;50;"Não";0;"NÃO ALCANÇOU"
"CE";231080;"Pereiro";100;1;7;14,2857142857143;"Sim";-85,7;"ALCANÇOU"
"CE";231085;"Pindoretama";25;1;6;16,6666666666667;"Sim";-8,3;"ALCANÇOU"
"CE";231090;"Piquet Carneiro";0;0;1;0;"Sim";0;"ALCANÇOU"
"CE";231095;"Pires Ferreira";0;0;0;0;"Sim";0;"ALCANÇOU"
"CE";231100;"Poranga";0;1;2;50;"Não";50;"NÃO ALCANÇOU"
"CE";231110;"Porteiras";66,6666666666667;1;3;33,3333333333333;"Sim";-33,3;"ALCANÇOU"
"CE";231120;"Potengi";0;0;0;0;"Sim";0;"ALCANÇOU"
"CE";231123;"Potiretama";50;0;0;0;"Sim";-50;"ALCANÇOU"
"CE";231126;"Quiterianópolis";0;2;3;66,6666666666667;"Não";66,7;"NÃO ALCANÇOU"
"CE";231130;"Quixadá";31,25;5;19;26,3157894736842;"Sim";-4,9;"ALCANÇOU"
"CE";231135;"Quixelô";0;2;2;100;"Não";100;"NÃO ALCANÇOU"
"CE";231140;"Quixeramobim";50;5;19;26,3157894736842;"Sim";-23,7;"ALCANÇOU"
"CE";231150;"Quixeré";0;2;3;66,6666666666667;"Não";66,7;"NÃO ALCANÇOU"
"CE";231160;"Redenção";66,6666666666667;3;8;37,5;"Sim";-29,2;"ALCANÇOU"
"CE";231170;"Reriutaba";100;1;3;33,3333333333333;"Sim";-66,7;"ALCANÇOU"
"CE";231180;"Russas";37,5;5;11;45,4545454545454;"Não";8;"NÃO ALCANÇOU"
"CE";231190;"Saboeiro";50;1;3;33,3333333333333;"Sim";-16,7;"ALCANÇOU"
"CE";231195;"Salitre";0;0;0;0;"Sim";0;"ALCANÇOU"
"CE";231200;"Santana do Acaraú";66,6666666666667;0;1;0;"Sim";-66,7;"ALCANÇOU"
"CE";231210;"Santana do Cariri";100;0;1;0;"Sim";-100;"ALCANÇOU"
"CE";231220;"Santa Quitéria";57,1428571428571;2;4;50;"Sim";-7,1;"ALCANÇOU"
"CE";231230;"São Benedito";66,6666666666667;1;7;14,2857142857143;"Sim";-52,4;"ALCANÇOU"
"CE";231240;"São Gonçalo do Amarante";15,7894736842105;10;24;41,6666666666667;"Não";25,9;"NÃO ALCANÇOU"
"CE";231250;"São João do Jaguaribe";0;0;1;0;"Sim";0;"ALCANÇOU"
"CE";231260;"São Luís do Curu";100;0;2;0;"Sim";-100;"ALCANÇOU"
"CE";231270;"Senador Pompeu";33,3333333333333;1;3;33,3333333333333;"Não";0;"NÃO ALCANÇOU"
"CE";231280;"Senador Sá";0;0;1;0;"Sim";0;"ALCANÇOU"
"CE";231290;"Sobral";34,4086021505376;45;118;38,135593220339;"Não";3,7;"NÃO ALCANÇOU"
"CE";231300;"Solonópole";0;0;0;0;"Sim";0;"ALCANÇOU"
"CE";231310;"Tabuleiro do Norte";40;2;4;50;"Não";10;"NÃO ALCANÇOU"
"CE";231320;"Tamboril";0;0;1;0;"Sim";0;"ALCANÇOU"
"CE";231325;"Tarrafas";0;0;0;0;"Sim";0;"ALCANÇOU"
"CE";231330;"Tauá";0;2;12;16,6666666666667;"Não";16,7;"NÃO ALCANÇOU"
"CE";231335;"Tejuçuoca";100;0;5;0;"Sim";-100;"ALCANÇOU"
"CE";231340;"Tianguá";50;7;21;33,3333333333333;"Sim";-16,7;"ALCANÇOU"
"CE";231350;"Trairi";42,8571428571428;3;11;27,2727272727273;"Sim";-15,6;"ALCANÇOU"
"CE";231355;"Tururu";30;2;3;66,6666666666667;"Não";36,7;"NÃO ALCANÇOU"
"CE";231360;"Ubajara";20;1;4;25;"Não";5;"NÃO ALCANÇOU"
"CE";231370;"Umari";0;0;0;0;"Sim";0;"ALCANÇOU"
"CE";231375;"Umirim";33,3333333333333;3;4;75;"Não";41,7;"NÃO ALCANÇOU"
"CE";231380;"Uruburetama";0;0;7;0;"Sim";0;"ALCANÇOU"
"CE";231390;"Uruoca";0;0;1;0;"Sim";0;"ALCANÇOU"
"CE";231395;"Varjota";0;3;9;33,3333333333333;"Não";33,3;"NÃO ALCANÇOU"
"CE";231400;"Várzea Alegre";100;5;7;71,4285714285714;"Sim";-28,6;"ALCANÇOU"
"CE";231410;"Viçosa do Ceará";57,1428571428571;7;13;53,8461538461538;"Sim";-3,3;"ALCANÇOU"
"RN";240010;"Acari";0;0;4;0;"Sim";0;"ALCANÇOU"
"RN";240020;"Açu";37,5;11;17;64,7058823529412;"Não";27,2;"NÃO ALCANÇOU"
"RN";240030;"Afonso Bezerra";0;0;2;0;"Sim";0;"ALCANÇOU"
"RN";240040;"Água Nova";0;0;0;0;"Sim";0;"ALCANÇOU"
"RN";240050;"Alexandria";0;0;1;0;"Sim";0;"ALCANÇOU"
"RN";240060;"Almino Afonso";100;0;0;0;"Sim";-100;"ALCANÇOU"
"RN";240070;"Alto do Rodrigues";0;1;2;50;"Não";50;"NÃO ALCANÇOU"
"RN";240080;"Angicos";33,3333333333333;0;0;0;"Sim";-33,3;"ALCANÇOU"
"RN";240090;"Antônio Martins";0;1;1;100;"Não";100;"NÃO ALCANÇOU"
"RN";240100;"Apodi";25;1;5;20;"Sim";-5;"ALCANÇOU"
"RN";240110;"Areia Branca";40;5;7;71,4285714285714;"Não";31,4;"NÃO ALCANÇOU"
"RN";240120;"Arês";25;0;0;0;"Sim";-25;"ALCANÇOU"
"RN";240130;"Augusto Severo";0;0;3;0;"Sim";0;"ALCANÇOU"
"RN";240140;"Baía Formosa";0;0;1;0;"Sim";0;"ALCANÇOU"
"RN";240145;"Baraúna";30;5;11;45,4545454545454;"Não";15,5;"NÃO ALCANÇOU"
"RN";240150;"Barcelona";0;0;0;0;"Sim";0;"ALCANÇOU"
"RN";240160;"Bento Fernandes";100;0;1;0;"Sim";-100;"ALCANÇOU"
"RN";240165;"Bodó";0;0;0;0;"Sim";0;"ALCANÇOU"
"RN";240170;"Bom Jesus";20;1;2;50;"Não";30;"NÃO ALCANÇOU"
"RN";240180;"Brejinho";50;0;0;0;"Sim";-50;"ALCANÇOU"
"RN";240185;"Caiçara do Norte";0;0;0;0;"Sim";0;"ALCANÇOU"
"RN";240190;"Caiçara do Rio do Vento";0;0;1;0;"Sim";0;"ALCANÇOU"
"RN";240200;"Caicó";14,2857142857143;1;6;16,6666666666667;"Não";2,4;"NÃO ALCANÇOU"
"RN";240210;"Campo Redondo";50;1;1;100;"Não";50;"NÃO ALCANÇOU"
"RN";240220;"Canguaretama";16,6666666666667;0;2;0;"Sim";-16,7;"ALCANÇOU"
"RN";240230;"Caraúbas";20;2;4;50;"Não";30;"NÃO ALCANÇOU"
"RN";240240;"Carnaúba dos Dantas";0;0;0;0;"Sim";0;"ALCANÇOU"
"RN";240250;"Carnaubais";0;0;0;0;"Sim";0;"ALCANÇOU"
"RN";240260;"Ceará-Mirim";22,2222222222222;5;23;21,7391304347826;"Não";-0,48;"NÃO ALCANÇOU"
"RN";240270;"Cerro Corá";0;0;0;0;"Sim";0;"ALCANÇOU"
"RN";240280;"Coronel Ezequiel";0;1;1;100;"Não";100;"NÃO ALCANÇOU"
"RN";240290;"Coronel João Pessoa";100;0;0;0;"Sim";-100;"ALCANÇOU"
"RN";240300;"Cruzeta";0;1;2;50;"Não";50;"NÃO ALCANÇOU"
"RN";240310;"Currais Novos";33,3333333333333;3;6;50;"Não";16,7;"NÃO ALCANÇOU"
"RN";240320;"Doutor Severiano";0;2;4;50;"Não";50;"NÃO ALCANÇOU"
"RN";240325;"Parnamirim";12,1621621621622;19;76;25;"Não";12,8;"NÃO ALCANÇOU"
"RN";240330;"Encanto";100;1;1;100;"Não";0;"NÃO ALCANÇOU"
"RN";240340;"Equador";0;0;0;0;"Sim";0;"ALCANÇOU"
"RN";240350;"Espírito Santo";100;0;0;0;"Sim";-100;"ALCANÇOU"
"RN";240360;"Extremoz";36;3;15;20;"Sim";-16;"ALCANÇOU"
"RN";240370;"Felipe Guerra";0;1;1;100;"Não";100;"NÃO ALCANÇOU"
"RN";240375;"Fernando Pedroza";0;0;0;0;"Sim";0;"ALCANÇOU"
"RN";240380;"Florânia";0;0;0;0;"Sim";0;"ALCANÇOU"
"RN";240390;"Francisco Dantas";0;0;0;0;"Sim";0;"ALCANÇOU"
"RN";240400;"Frutuoso Gomes";0;0;0;0;"Sim";0;"ALCANÇOU"
"RN";240410;"Galinhos";0;0;0;0;"Sim";0;"ALCANÇOU"
"RN";240420;"Goianinha";20;0;3;0;"Sim";-20;"ALCANÇOU"
"RN";240430;"Governador Dix-Sept Rosado";0;0;0;0;"Sim";0;"ALCANÇOU"
"RN";240440;"Grossos";0;0;0;0;"Sim";0;"ALCANÇOU"
"RN";240450;"Guamaré";25;1;6;16,6666666666667;"Sim";-8,3;"ALCANÇOU"
"RN";240460;"Ielmo Marinho";0;0;0;0;"Sim";0;"ALCANÇOU"
"RN";240470;"Ipanguaçu";80;0;4;0;"Sim";-80;"ALCANÇOU"
"RN";240480;"Ipueira";0;0;0;0;"Sim";0;"ALCANÇOU"
"RN";240485;"Itajá";0;0;1;0;"Sim";0;"ALCANÇOU"
"RN";240490;"Itaú";100;0;1;0;"Sim";-100;"ALCANÇOU"
"RN";240500;"Jaçanã";100;0;0;0;"Sim";-100;"ALCANÇOU"
"RN";240510;"Jandaíra";0;1;2;50;"Não";50;"NÃO ALCANÇOU"
"RN";240520;"Janduís";0;1;2;50;"Não";50;"NÃO ALCANÇOU"
"RN";240530;"Januário Cicco";0;0;0;0;"Sim";0;"ALCANÇOU"
"RN";240540;"Japi";0;0;0;0;"Sim";0;"ALCANÇOU"
"RN";240550;"Jardim de Angicos";0;0;0;0;"Sim";0;"ALCANÇOU"
"RN";240560;"Jardim de Piranhas";37,5;0;1;0;"Sim";-37,5;"ALCANÇOU"
"RN";240570;"Jardim do Seridó";0;1;1;100;"Não";100;"NÃO ALCANÇOU"
"RN";240580;"João Câmara";0;4;5;80;"Não";80;"NÃO ALCANÇOU"
"RN";240590;"João Dias";100;0;0;0;"Sim";-100;"ALCANÇOU"
"RN";240600;"José da Penha";0;1;1;100;"Não";100;"NÃO ALCANÇOU"
"RN";240610;"Jucurutu";33,3333333333333;1;2;50;"Não";16,7;"NÃO ALCANÇOU"
"RN";240615;"Jundiá";0;0;0;0;"Sim";0;"ALCANÇOU"
"RN";240620;"Lagoa d'Anta";50;1;3;33,3333333333333;"Sim";-16,7;"ALCANÇOU"
"RN";240630;"Lagoa de Pedras";100;0;1;0;"Sim";-100;"ALCANÇOU"
"RN";240640;"Lagoa de Velhos";100;0;1;0;"Sim";-100;"ALCANÇOU"
"RN";240650;"Lagoa Nova";0;0;0;0;"Sim";0;"ALCANÇOU"
"RN";240660;"Lagoa Salgada";0;1;4;25;"Não";25;"NÃO ALCANÇOU"
"RN";240670;"Lajes";33,3333333333333;1;1;100;"Não";66,7;"NÃO ALCANÇOU"
"RN";240680;"Lajes Pintadas";0;0;0;0;"Sim";0;"ALCANÇOU"
"RN";240690;"Lucrécia";0;0;0;0;"Sim";0;"ALCANÇOU"
"RN";240700;"Luís Gomes";100;0;0;0;"Sim";-100;"ALCANÇOU"
"RN";240710;"Macaíba";15,3846153846154;7;28;25;"Não";9,6;"NÃO ALCANÇOU"
"RN";240720;"Macau";37,5;4;7;57,1428571428571;"Não";19,6;"NÃO ALCANÇOU"
"RN";240725;"Major Sales";100;0;1;0;"Sim";-100;"ALCANÇOU"
"RN";240730;"Marcelino Vieira";0;0;0;0;"Sim";0;"ALCANÇOU"
"RN";240740;"Martins";50;0;2;0;"Sim";-50;"ALCANÇOU"
"RN";240750;"Maxaranguape";0;0;0;0;"Sim";0;"ALCANÇOU"
"RN";240760;"Messias Targino";0;0;0;0;"Sim";0;"ALCANÇOU"
"RN";240770;"Montanhas";33,3333333333333;0;0;0;"Sim";-33,3;"ALCANÇOU"
"RN";240780;"Monte Alegre";0;0;0;0;"Sim";0;"ALCANÇOU"
"RN";240790;"Monte das Gameleiras";0;0;0;0;"Sim";0;"ALCANÇOU"
"RN";240800;"Mossoró";35,8490566037736;34;88;38,6363636363636;"Não";2,8;"NÃO ALCANÇOU"
"RN";240810;"Natal";24,1645244215938;88;366;24,0437158469945;"Não";-0,12;"NÃO ALCANÇOU"
"RN";240820;"Nísia Floresta";37,5;3;9;33,3333333333333;"Sim";-4,2;"ALCANÇOU"
"RN";240830;"Nova Cruz";50;1;1;100;"Não";50;"NÃO ALCANÇOU"
"RN";240840;"Olho-d'Água do Borges";66,6666666666667;0;0;0;"Sim";-66,7;"ALCANÇOU"
"RN";240850;"Ouro Branco";100;0;0;0;"Sim";-100;"ALCANÇOU"
"RN";240860;"Paraná";100;1;3;33,3333333333333;"Sim";-66,7;"ALCANÇOU"
"RN";240870;"Paraú";0;0;0;0;"Sim";0;"ALCANÇOU"
"RN";240880;"Parazinho";0;0;0;0;"Sim";0;"ALCANÇOU"
"RN";240890;"Parelhas";50;1;7;14,2857142857143;"Sim";-35,7;"ALCANÇOU"
"RN";240895;"Rio do Fogo";100;0;0;0;"Sim";-100;"ALCANÇOU"
"RN";240910;"Passa e Fica";20;0;1;0;"Sim";-20;"ALCANÇOU"
"RN";240920;"Passagem";0;0;2;0;"Sim";0;"ALCANÇOU"
"RN";240930;"Patu";0;2;3;66,6666666666667;"Não";66,7;"NÃO ALCANÇOU"
"RN";240933;"Santa Maria";0;1;1;100;"Não";100;"NÃO ALCANÇOU"
"RN";240940;"Pau dos Ferros";27,2727272727273;5;13;38,4615384615385;"Não";11,2;"NÃO ALCANÇOU"
"RN";240950;"Pedra Grande";0;0;2;0;"Sim";0;"ALCANÇOU"
"RN";240960;"Pedra Preta";0;0;0;0;"Sim";0;"ALCANÇOU"
"RN";240970;"Pedro Avelino";0;0;1;0;"Sim";0;"ALCANÇOU"
"RN";240980;"Pedro Velho";71,4285714285714;0;4;0;"Sim";-71,4;"ALCANÇOU"
"RN";240990;"Pendências";50;1;1;100;"Não";50;"NÃO ALCANÇOU"
"RN";241000;"Pilões";0;0;1;0;"Sim";0;"ALCANÇOU"
"RN";241010;"Poço Branco";0;2;2;100;"Não";100;"NÃO ALCANÇOU"
"RN";241020;"Portalegre";50;1;1;100;"Não";50;"NÃO ALCANÇOU"
"RN";241025;"Porto do Mangue";0;1;1;100;"Não";100;"NÃO ALCANÇOU"
"RN";241030;"Serra Caiada";33,3333333333333;1;1;100;"Não";66,7;"NÃO ALCANÇOU"
"RN";241040;"Pureza";0;0;1;0;"Sim";0;"ALCANÇOU"
"RN";241050;"Rafael Fernandes";33,3333333333333;0;0;0;"Sim";-33,3;"ALCANÇOU"
"RN";241060;"Rafael Godeiro";0;0;0;0;"Sim";0;"ALCANÇOU"
"RN";241070;"Riacho da Cruz";0;0;1;0;"Sim";0;"ALCANÇOU"
"RN";241080;"Riacho de Santana";0;1;1;100;"Não";100;"NÃO ALCANÇOU"
"RN";241090;"Riachuelo";0;1;1;100;"Não";100;"NÃO ALCANÇOU"
"RN";241100;"Rodolfo Fernandes";100;0;1;0;"Sim";-100;"ALCANÇOU"
"RN";241105;"Tibau";50;2;2;100;"Não";50;"NÃO ALCANÇOU"
"RN";241110;"Ruy Barbosa";0;0;0;0;"Sim";0;"ALCANÇOU"
"RN";241120;"Santa Cruz";25;1;9;11,1111111111111;"Sim";-13,9;"ALCANÇOU"
"RN";241140;"Santana do Matos";0;0;0;0;"Sim";0;"ALCANÇOU"
"RN";241142;"Santana do Seridó";0;0;0;0;"Sim";0;"ALCANÇOU"
"RN";241150;"Santo Antônio";0;1;3;33,3333333333333;"Não";33,3;"NÃO ALCANÇOU"
"RN";241160;"São Bento do Norte";0;0;0;0;"Sim";0;"ALCANÇOU"
"RN";241170;"São Bento do Trairí";0;0;0;0;"Sim";0;"ALCANÇOU"
"RN";241180;"São Fernando";0;0;0;0;"Sim";0;"ALCANÇOU"
"RN";241190;"São Francisco do Oeste";0;0;0;0;"Sim";0;"ALCANÇOU"
"RN";241200;"São Gonçalo do Amarante";24,390243902439;10;33;30,3030303030303;"Não";5,9;"NÃO ALCANÇOU"
"RN";241210;"São João do Sabugi";0;0;0;0;"Sim";0;"ALCANÇOU"
"RN";241220;"São José de Mipibu";37,5;2;10;20;"Sim";-17,5;"ALCANÇOU"
"RN";241230;"São José do Campestre";0;1;3;33,3333333333333;"Não";33,3;"NÃO ALCANÇOU"
"RN";241240;"São José do Seridó";0;0;0;0;"Sim";0;"ALCANÇOU"
"RN";241250;"São Miguel";50;1;3;33,3333333333333;"Sim";-16,7;"ALCANÇOU"
"RN";241255;"São Miguel do Gostoso";0;2;2;100;"Não";100;"NÃO ALCANÇOU"
"RN";241260;"São Paulo do Potengi";28,5714285714286;0;3;0;"Sim";-28,6;"ALCANÇOU"
"RN";241270;"São Pedro";0;0;0;0;"Sim";0;"ALCANÇOU"
"RN";241280;"São Rafael";0;1;1;100;"Não";100;"NÃO ALCANÇOU"
"RN";241290;"São Tomé";0;0;0;0;"Sim";0;"ALCANÇOU"
"RN";241300;"São Vicente";100;0;1;0;"Sim";-100;"ALCANÇOU"
"RN";241310;"Senador Elói de Souza";100;0;1;0;"Sim";-100;"ALCANÇOU"
"RN";241320;"Senador Georgino Avelino";0;1;1;100;"Não";100;"NÃO ALCANÇOU"
"RN";241330;"Serra de São Bento";100;0;1;0;"Sim";-100;"ALCANÇOU"
"RN";241335;"Serra do Mel";33,3333333333333;3;8;37,5;"Não";4,2;"NÃO ALCANÇOU"
"RN";241340;"Serra Negra do Norte";0;0;2;0;"Sim";0;"ALCANÇOU"
"RN";241350;"Serrinha";0;0;0;0;"Sim";0;"ALCANÇOU"
"RN";241355;"Serrinha dos Pintos";0;2;3;66,6666666666667;"Não";66,7;"NÃO ALCANÇOU"
"RN";241360;"Severiano Melo";0;1;1;100;"Não";100;"NÃO ALCANÇOU"
"RN";241370;"Sítio Novo";0;0;2;0;"Sim";0;"ALCANÇOU"
"RN";241380;"Taboleiro Grande";0;0;0;0;"Sim";0;"ALCANÇOU"
"RN";241390;"Taipu";0;0;0;0;"Sim";0;"ALCANÇOU"
"RN";241400;"Tangará";50;0;2;0;"Sim";-50;"ALCANÇOU"
"RN";241410;"Tenente Ananias";100;2;2;100;"Não";0;"NÃO ALCANÇOU"
"RN";241415;"Tenente Laurentino Cruz";0;1;3;33,3333333333333;"Não";33,3;"NÃO ALCANÇOU"
"RN";241420;"Tibau do Sul";16,6666666666667;1;7;14,2857142857143;"Sim";-2,4;"ALCANÇOU"
"RN";241430;"Timbaúba dos Batistas";0;0;0;0;"Sim";0;"ALCANÇOU"
"RN";241440;"Touros";0;4;7;57,1428571428571;"Não";57,1;"NÃO ALCANÇOU"
"RN";241445;"Triunfo Potiguar";0;0;0;0;"Sim";0;"ALCANÇOU"
"RN";241450;"Umarizal";0;1;4;25;"Não";25;"NÃO ALCANÇOU"
"RN";241460;"Upanema";100;0;0;0;"Sim";-100;"ALCANÇOU"
"RN";241470;"Várzea";100;0;0;0;"Sim";-100;"ALCANÇOU"
"RN";241475;"Venha-Ver";100;0;0;0;"Sim";-100;"ALCANÇOU"
"RN";241480;"Vera Cruz";33,3333333333333;0;3;0;"Sim";-33,3;"ALCANÇOU"
"RN";241490;"Viçosa";0;0;0;0;"Sim";0;"ALCANÇOU"
"RN";241500;"Vila Flor";0;0;0;0;"Sim";0;"ALCANÇOU"
"PB";250010;"Água Branca";0;0;0;0;"Sim";0;"ALCANÇOU"
"PB";250020;"Aguiar";0;0;0;0;"Sim";0;"ALCANÇOU"
"PB";250030;"Alagoa Grande";0;2;3;66,6666666666667;"Não";66,7;"NÃO ALCANÇOU"
"PB";250040;"Alagoa Nova";0;0;0;0;"Sim";0;"ALCANÇOU"
"PB";250050;"Alagoinha";0;0;0;0;"Sim";0;"ALCANÇOU"
"PB";250053;"Alcantil";0;0;1;0;"Sim";0;"ALCANÇOU"
"PB";250057;"Algodão de Jandaíra";0;0;0;0;"Sim";0;"ALCANÇOU"
"PB";250060;"Alhandra";0;2;2;100;"Não";100;"NÃO ALCANÇOU"
"PB";250070;"São João do Rio do Peixe";0;0;0;0;"Sim";0;"ALCANÇOU"
"PB";250073;"Amparo";0;0;0;0;"Sim";0;"ALCANÇOU"
"PB";250077;"Aparecida";0;0;0;0;"Sim";0;"ALCANÇOU"
"PB";250080;"Araçagi";0;0;0;0;"Sim";0;"ALCANÇOU"
"PB";250090;"Arara";50;1;2;50;"Não";0;"NÃO ALCANÇOU"
"PB";250100;"Araruna";0;0;3;0;"Sim";0;"ALCANÇOU"
"PB";250110;"Areia";0;2;3;66,6666666666667;"Não";66,7;"NÃO ALCANÇOU"
"PB";250115;"Areia de Baraúnas";0;0;0;0;"Sim";0;"ALCANÇOU"
"PB";250120;"Areial";0;0;0;0;"Sim";0;"ALCANÇOU"
"PB";250130;"Aroeiras";0;0;0;0;"Sim";0;"ALCANÇOU"
"PB";250135;"Assunção";0;0;0;0;"Sim";0;"ALCANÇOU"
"PB";250140;"Baía da Traição";0;1;2;50;"Não";50;"NÃO ALCANÇOU"
"PB";250150;"Bananeiras";0;1;3;33,3333333333333;"Não";33,3;"NÃO ALCANÇOU"
"PB";250153;"Baraúna";0;0;0;0;"Sim";0;"ALCANÇOU"
"PB";250157;"Barra de Santana";0;1;1;100;"Não";100;"NÃO ALCANÇOU"
"PB";250160;"Barra de Santa Rosa";0;0;0;0;"Sim";0;"ALCANÇOU"
"PB";250170;"Barra de São Miguel";0;1;2;50;"Não";50;"NÃO ALCANÇOU"
"PB";250180;"Bayeux";35,7142857142857;5;14;35,7142857142857;"Não";0;"NÃO ALCANÇOU"
"PB";250190;"Belém";0;2;3;66,6666666666667;"Não";66,7;"NÃO ALCANÇOU"
"PB";250200;"Belém do Brejo do Cruz";0;0;0;0;"Sim";0;"ALCANÇOU"
"PB";250205;"Bernardino Batista";0;1;2;50;"Não";50;"NÃO ALCANÇOU"
"PB";250210;"Boa Ventura";0;0;0;0;"Sim";0;"ALCANÇOU"
"PB";250215;"Boa Vista";0;0;0;0;"Sim";0;"ALCANÇOU"
"PB";250220;"Bom Jesus";0;0;0;0;"Sim";0;"ALCANÇOU"
"PB";250230;"Bom Sucesso";0;0;0;0;"Sim";0;"ALCANÇOU"
"PB";250240;"Bonito de Santa Fé";50;1;3;33,3333333333333;"Sim";-16,7;"ALCANÇOU"
"PB";250250;"Boqueirão";0;0;2;0;"Sim";0;"ALCANÇOU"
"PB";250260;"Igaracy";0;1;1;100;"Não";100;"NÃO ALCANÇOU"
"PB";250270;"Borborema";0;0;0;0;"Sim";0;"ALCANÇOU"
"PB";250280;"Brejo do Cruz";100;0;0;0;"Sim";-100;"ALCANÇOU"
"PB";250290;"Brejo dos Santos";0;0;0;0;"Sim";0;"ALCANÇOU"
"PB";250300;"Caaporã";50;2;2;100;"Não";50;"NÃO ALCANÇOU"
"PB";250310;"Cabaceiras";0;0;0;0;"Sim";0;"ALCANÇOU"
"PB";250320;"Cabedelo";14,2857142857143;1;9;11,1111111111111;"Sim";-3,2;"ALCANÇOU"
"PB";250330;"Cachoeira dos Índios";0;1;4;25;"Não";25;"NÃO ALCANÇOU"
"PB";250340;"Cacimba de Areia";0;0;0;0;"Sim";0;"ALCANÇOU"
"PB";250350;"Cacimba de Dentro";0;0;0;0;"Sim";0;"ALCANÇOU"
"PB";250355;"Cacimbas";0;0;0;0;"Sim";0;"ALCANÇOU"
"PB";250360;"Caiçara";0;0;0;0;"Sim";0;"ALCANÇOU"
"PB";250370;"Cajazeiras";6,66666666666667;2;14;14,2857142857143;"Não";7,6;"NÃO ALCANÇOU"
"PB";250375;"Cajazeirinhas";0;0;0;0;"Sim";0;"ALCANÇOU"
"PB";250380;"Caldas Brandão";0;0;0;0;"Sim";0;"ALCANÇOU"
"PB";250390;"Camalaú";0;0;0;0;"Sim";0;"ALCANÇOU"
"PB";250400;"Campina Grande";34,5794392523364;36;130;27,6923076923077;"Sim";-6,9;"ALCANÇOU"
"PB";250403;"Capim";0;0;0;0;"Sim";0;"ALCANÇOU"
"PB";250407;"Caraúbas";0;0;0;0;"Sim";0;"ALCANÇOU"
"PB";250410;"Carrapateira";0;0;0;0;"Sim";0;"ALCANÇOU"
"PB";250415;"Casserengue";0;1;1;100;"Não";100;"NÃO ALCANÇOU"
"PB";250420;"Catingueira";0;0;0;0;"Sim";0;"ALCANÇOU"
"PB";250430;"Catolé do Rocha";100;2;2;100;"Não";0;"NÃO ALCANÇOU"
"PB";250435;"Caturité";0;0;0;0;"Sim";0;"ALCANÇOU"
"PB";250440;"Conceição";0;2;2;100;"Não";100;"NÃO ALCANÇOU"
"PB";250450;"Condado";0;0;0;0;"Sim";0;"ALCANÇOU"
"PB";250460;"Conde";37,5;1;2;50;"Não";12,5;"NÃO ALCANÇOU"
"PB";250470;"Congo";0;0;0;0;"Sim";0;"ALCANÇOU"
"PB";250480;"Coremas";0;0;0;0;"Sim";0;"ALCANÇOU"
"PB";250485;"Coxixola";0;0;0;0;"Sim";0;"ALCANÇOU"
"PB";250490;"Cruz do Espírito Santo";100;1;1;100;"Não";0;"NÃO ALCANÇOU"
"PB";250500;"Cubati";0;0;0;0;"Sim";0;"ALCANÇOU"
"PB";250510;"Cuité";0;0;0;0;"Sim";0;"ALCANÇOU"
"PB";250520;"Cuitegi";0;0;0;0;"Sim";0;"ALCANÇOU"
"PB";250523;"Cuité de Mamanguape";0;0;0;0;"Sim";0;"ALCANÇOU"
"PB";250527;"Curral de Cima";0;0;0;0;"Sim";0;"ALCANÇOU"
"PB";250530;"Curral Velho";0;0;0;0;"Sim";0;"ALCANÇOU"
"PB";250535;"Damião";0;0;0;0;"Sim";0;"ALCANÇOU"
"PB";250540;"Desterro";0;0;0;0;"Sim";0;"ALCANÇOU"
"PB";250550;"Vista Serrana";0;0;0;0;"Sim";0;"ALCANÇOU"
"PB";250560;"Diamante";0;0;0;0;"Sim";0;"ALCANÇOU"
"PB";250570;"Dona Inês";0;0;0;0;"Sim";0;"ALCANÇOU"
"PB";250580;"Duas Estradas";0;0;1;0;"Sim";0;"ALCANÇOU"
"PB";250590;"Emas";0;0;0;0;"Sim";0;"ALCANÇOU"
"PB";250600;"Esperança";0;2;5;40;"Não";40;"NÃO ALCANÇOU"
"PB";250610;"Fagundes";0;0;1;0;"Sim";0;"ALCANÇOU"
"PB";250620;"Frei Martinho";0;0;0;0;"Sim";0;"ALCANÇOU"
"PB";250625;"Gado Bravo";0;0;0;0;"Sim";0;"ALCANÇOU"
"PB";250630;"Guarabira";0;2;4;50;"Não";50;"NÃO ALCANÇOU"
"PB";250640;"Gurinhém";0;0;2;0;"Sim";0;"ALCANÇOU"
"PB";250650;"Gurjão";0;0;0;0;"Sim";0;"ALCANÇOU"
"PB";250660;"Ibiara";0;0;0;0;"Sim";0;"ALCANÇOU"
"PB";250670;"Imaculada";0;0;0;0;"Sim";0;"ALCANÇOU"
"PB";250680;"Ingá";0;0;0;0;"Sim";0;"ALCANÇOU"
"PB";250690;"Itabaiana";0;2;3;66,6666666666667;"Não";66,7;"NÃO ALCANÇOU"
"PB";250700;"Itaporanga";0;0;0;0;"Sim";0;"ALCANÇOU"
"PB";250710;"Itapororoca";0;0;1;0;"Sim";0;"ALCANÇOU"
"PB";250720;"Itatuba";0;0;1;0;"Sim";0;"ALCANÇOU"
"PB";250730;"Jacaraú";50;0;1;0;"Sim";-50;"ALCANÇOU"
"PB";250740;"Jericó";0;0;0;0;"Sim";0;"ALCANÇOU"
"PB";250750;"João Pessoa";25,9023354564756;106;449;23,6080178173719;"Sim";-2,3;"ALCANÇOU"
"PB";250760;"Juarez Távora";0;0;1;0;"Sim";0;"ALCANÇOU"
"PB";250770;"Juazeirinho";0;2;4;50;"Não";50;"NÃO ALCANÇOU"
"PB";250780;"Junco do Seridó";0;0;0;0;"Sim";0;"ALCANÇOU"
"PB";250790;"Juripiranga";50;1;1;100;"Não";50;"NÃO ALCANÇOU"
"PB";250800;"Juru";0;0;0;0;"Sim";0;"ALCANÇOU"
"PB";250810;"Lagoa";0;0;0;0;"Sim";0;"ALCANÇOU"
"PB";250820;"Lagoa de Dentro";0;0;0;0;"Sim";0;"ALCANÇOU"
"PB";250830;"Lagoa Seca";0;0;0;0;"Sim";0;"ALCANÇOU"
"PB";250840;"Lastro";0;0;0;0;"Sim";0;"ALCANÇOU"
"PB";250850;"Livramento";0;0;0;0;"Sim";0;"ALCANÇOU"
"PB";250855;"Logradouro";0;0;0;0;"Sim";0;"ALCANÇOU"
"PB";250860;"Lucena";0;2;2;100;"Não";100;"NÃO ALCANÇOU"
"PB";250870;"Mãe d'Água";0;0;0;0;"Sim";0;"ALCANÇOU"
"PB";250880;"Malta";0;0;0;0;"Sim";0;"ALCANÇOU"
"PB";250890;"Mamanguape";57,1428571428571;3;7;42,8571428571428;"Sim";-14,3;"ALCANÇOU"
"PB";250900;"Manaíra";0;0;0;0;"Sim";0;"ALCANÇOU"
"PB";250905;"Marcação";0;1;1;100;"Não";100;"NÃO ALCANÇOU"
"PB";250910;"Mari";33,3333333333333;0;1;0;"Sim";-33,3;"ALCANÇOU"
"PB";250915;"Marizópolis";0;0;0;0;"Sim";0;"ALCANÇOU"
"PB";250920;"Massaranduba";75;0;1;0;"Sim";-75;"ALCANÇOU"
"PB";250930;"Mataraca";0;0;0;0;"Sim";0;"ALCANÇOU"
"PB";250933;"Matinhas";0;0;0;0;"Sim";0;"ALCANÇOU"
"PB";250937;"Mato Grosso";0;0;0;0;"Sim";0;"ALCANÇOU"
"PB";250939;"Maturéia";0;1;2;50;"Não";50;"NÃO ALCANÇOU"
"PB";250940;"Mogeiro";0;0;1;0;"Sim";0;"ALCANÇOU"
"PB";250950;"Montadas";0;0;0;0;"Sim";0;"ALCANÇOU"
"PB";250960;"Monte Horebe";100;0;0;0;"Sim";-100;"ALCANÇOU"
"PB";250970;"Monteiro";0;0;0;0;"Sim";0;"ALCANÇOU"
"PB";250980;"Mulungu";0;0;0;0;"Sim";0;"ALCANÇOU"
"PB";250990;"Natuba";0;0;0;0;"Sim";0;"ALCANÇOU"
"PB";251000;"Nazarezinho";0;0;0;0;"Sim";0;"ALCANÇOU"
"PB";251010;"Nova Floresta";0;0;0;0;"Sim";0;"ALCANÇOU"
"PB";251020;"Nova Olinda";0;0;0;0;"Sim";0;"ALCANÇOU"
"PB";251030;"Nova Palmeira";0;0;0;0;"Sim";0;"ALCANÇOU"
"PB";251040;"Olho d'Água";0;0;1;0;"Sim";0;"ALCANÇOU"
"PB";251050;"Olivedos";0;0;0;0;"Sim";0;"ALCANÇOU"
"PB";251060;"Ouro Velho";0;0;0;0;"Sim";0;"ALCANÇOU"
"PB";251065;"Parari";0;1;1;100;"Não";100;"NÃO ALCANÇOU"
"PB";251070;"Passagem";0;0;0;0;"Sim";0;"ALCANÇOU"
"PB";251080;"Patos";33,3333333333333;8;26;30,7692307692308;"Sim";-2,6;"ALCANÇOU"
"PB";251090;"Paulista";0;1;1;100;"Não";100;"NÃO ALCANÇOU"
"PB";251100;"Pedra Branca";0;0;0;0;"Sim";0;"ALCANÇOU"
"PB";251110;"Pedra Lavrada";0;1;1;100;"Não";100;"NÃO ALCANÇOU"
"PB";251120;"Pedras de Fogo";25;1;1;100;"Não";75;"NÃO ALCANÇOU"
"PB";251130;"Piancó";0;0;0;0;"Sim";0;"ALCANÇOU"
"PB";251140;"Picuí";0;0;0;0;"Sim";0;"ALCANÇOU"
"PB";251150;"Pilar";0;0;0;0;"Sim";0;"ALCANÇOU"
"PB";251160;"Pilões";0;0;1;0;"Sim";0;"ALCANÇOU"
"PB";251170;"Pilõezinhos";0;0;1;0;"Sim";0;"ALCANÇOU"
"PB";251180;"Pirpirituba";0;1;2;50;"Não";50;"NÃO ALCANÇOU"
"PB";251190;"Pitimbu";50;1;2;50;"Não";0;"NÃO ALCANÇOU"
"PB";251200;"Pocinhos";100;1;2;50;"Sim";-50;"ALCANÇOU"
"PB";251203;"Poço Dantas";100;0;0;0;"Sim";-100;"ALCANÇOU"
"PB";251207;"Poço de José de Moura";0;0;1;0;"Sim";0;"ALCANÇOU"
"PB";251210;"Pombal";100;2;5;40;"Sim";-60;"ALCANÇOU"
"PB";251220;"Prata";0;0;0;0;"Sim";0;"ALCANÇOU"
"PB";251230;"Princesa Isabel";0;0;1;0;"Sim";0;"ALCANÇOU"
"PB";251240;"Puxinanã";0;1;2;50;"Não";50;"NÃO ALCANÇOU"
"PB";251250;"Queimadas";50;1;1;100;"Não";50;"NÃO ALCANÇOU"
"PB";251260;"Quixabá";0;0;0;0;"Sim";0;"ALCANÇOU"
"PB";251270;"Remígio";0;0;0;0;"Sim";0;"ALCANÇOU"
"PB";251272;"Pedro Régis";0;0;0;0;"Sim";0;"ALCANÇOU"
"PB";251274;"Riachão";0;0;0;0;"Sim";0;"ALCANÇOU"
"PB";251275;"Riachão do Bacamarte";0;0;0;0;"Sim";0;"ALCANÇOU"
"PB";251276;"Riachão do Poço";0;1;3;33,3333333333333;"Não";33,3;"NÃO ALCANÇOU"
"PB";251278;"Riacho de Santo Antônio";0;0;0;0;"Sim";0;"ALCANÇOU"
"PB";251280;"Riacho dos Cavalos";0;1;2;50;"Não";50;"NÃO ALCANÇOU"
"PB";251290;"Rio Tinto";50;1;3;33,3333333333333;"Sim";-16,7;"ALCANÇOU"
"PB";251300;"Salgadinho";0;1;1;100;"Não";100;"NÃO ALCANÇOU"
"PB";251310;"Salgado de São Félix";0;1;1;100;"Não";100;"NÃO ALCANÇOU"
"PB";251315;"Santa Cecília";0;0;0;0;"Sim";0;"ALCANÇOU"
"PB";251320;"Santa Cruz";0;0;0;0;"Sim";0;"ALCANÇOU"
"PB";251330;"Santa Helena";0;0;1;0;"Sim";0;"ALCANÇOU"
"PB";251335;"Santa Inês";0;0;0;0;"Sim";0;"ALCANÇOU"
"PB";251340;"Santa Luzia";50;0;0;0;"Sim";-50;"ALCANÇOU"
"PB";251350;"Santana de Mangueira";0;0;0;0;"Sim";0;"ALCANÇOU"
"PB";251360;"Santana dos Garrotes";0;0;0;0;"Sim";0;"ALCANÇOU"
"PB";251365;"Joca Claudino";0;1;1;100;"Não";100;"NÃO ALCANÇOU"
"PB";251370;"Santa Rita";27,2727272727273;5;25;20;"Sim";-7,3;"ALCANÇOU"
"PB";251380;"Santa Teresinha";0;0;0;0;"Sim";0;"ALCANÇOU"
"PB";251385;"Santo André";0;0;0;0;"Sim";0;"ALCANÇOU"
"PB";251390;"São Bento";100;3;4;75;"Sim";-25;"ALCANÇOU"
"PB";251392;"São Bentinho";0;0;0;0;"Sim";0;"ALCANÇOU"
"PB";251394;"São Domingos do Cariri";0;1;1;100;"Não";100;"NÃO ALCANÇOU"
"PB";251396;"São Domingos";0;0;0;0;"Sim";0;"ALCANÇOU"
"PB";251398;"São Francisco";0;0;0;0;"Sim";0;"ALCANÇOU"
"PB";251400;"São João do Cariri";0;0;0;0;"Sim";0;"ALCANÇOU"
"PB";251410;"São João do Tigre";0;0;0;0;"Sim";0;"ALCANÇOU"
"PB";251420;"São José da Lagoa Tapada";0;0;0;0;"Sim";0;"ALCANÇOU"
"PB";251430;"São José de Caiana";0;0;0;0;"Sim";0;"ALCANÇOU"
"PB";251440;"São José de Espinharas";0;0;0;0;"Sim";0;"ALCANÇOU"
"PB";251445;"São José dos Ramos";0;0;0;0;"Sim";0;"ALCANÇOU"
"PB";251450;"São José de Piranhas";100;0;3;0;"Sim";-100;"ALCANÇOU"
"PB";251455;"São José de Princesa";0;0;0;0;"Sim";0;"ALCANÇOU"
"PB";251460;"São José do Bonfim";0;0;0;0;"Sim";0;"ALCANÇOU"
"PB";251465;"São José do Brejo do Cruz";0;2;2;100;"Não";100;"NÃO ALCANÇOU"
"PB";251470;"São José do Sabugi";0;0;0;0;"Sim";0;"ALCANÇOU"
"PB";251480;"São José dos Cordeiros";0;0;0;0;"Sim";0;"ALCANÇOU"
"PB";251490;"São Mamede";0;1;1;100;"Não";100;"NÃO ALCANÇOU"
"PB";251500;"São Miguel de Taipu";0;0;0;0;"Sim";0;"ALCANÇOU"
"PB";251510;"São Sebastião de Lagoa de Roça";0;1;1;100;"Não";100;"NÃO ALCANÇOU"
"PB";251520;"São Sebastião do Umbuzeiro";0;0;0;0;"Sim";0;"ALCANÇOU"
"PB";251530;"Sapé";25;1;3;33,3333333333333;"Não";8,3;"NÃO ALCANÇOU"
"PB";251540;"São Vicente do Seridó";0;0;0;0;"Sim";0;"ALCANÇOU"
"PB";251550;"Serra Branca";0;0;0;0;"Sim";0;"ALCANÇOU"
"PB";251560;"Serra da Raiz";50;0;0;0;"Sim";-50;"ALCANÇOU"
"PB";251570;"Serra Grande";0;0;0;0;"Sim";0;"ALCANÇOU"
"PB";251580;"Serra Redonda";0;0;0;0;"Sim";0;"ALCANÇOU"
"PB";251590;"Serraria";0;0;0;0;"Sim";0;"ALCANÇOU"
"PB";251593;"Sertãozinho";0;0;0;0;"Sim";0;"ALCANÇOU"
"PB";251597;"Sobrado";0;0;0;0;"Sim";0;"ALCANÇOU"
"PB";251600;"Solânea";0;1;3;33,3333333333333;"Não";33,3;"NÃO ALCANÇOU"
"PB";251610;"Soledade";0;0;1;0;"Sim";0;"ALCANÇOU"
"PB";251615;"Sossêgo";0;0;0;0;"Sim";0;"ALCANÇOU"
"PB";251620;"Sousa";0;2;4;50;"Não";50;"NÃO ALCANÇOU"
"PB";251630;"Sumé";100;1;1;100;"Não";0;"NÃO ALCANÇOU"
"PB";251640;"Tacima";0;0;0;0;"Sim";0;"ALCANÇOU"
"PB";251650;"Taperoá";0;1;1;100;"Não";100;"NÃO ALCANÇOU"
"PB";251660;"Tavares";0;0;0;0;"Sim";0;"ALCANÇOU"
"PB";251670;"Teixeira";50;0;0;0;"Sim";-50;"ALCANÇOU"
"PB";251675;"Tenório";0;0;0;0;"Sim";0;"ALCANÇOU"
"PB";251680;"Triunfo";0;0;0;0;"Sim";0;"ALCANÇOU"
"PB";251690;"Uiraúna";0;1;1;100;"Não";100;"NÃO ALCANÇOU"
"PB";251700;"Umbuzeiro";0;0;0;0;"Sim";0;"ALCANÇOU"
"PB";251710;"Várzea";0;0;0;0;"Sim";0;"ALCANÇOU"
"PB";251720;"Vieirópolis";0;0;0;0;"Sim";0;"ALCANÇOU"
"PB";251740;"Zabelê";0;1;1;100;"Não";100;"NÃO ALCANÇOU"
"PE";260005;"Abreu e Lima";15;10;42;23,8095238095238;"Não";8,8;"NÃO ALCANÇOU"
"PE";260010;"Afogados da Ingazeira";44,4444444444444;0;3;0;"Sim";-44,4;"ALCANÇOU"
"PE";260020;"Afrânio";0;0;0;0;"Sim";0;"ALCANÇOU"
"PE";260030;"Agrestina";50;2;5;40;"Sim";-10;"ALCANÇOU"
"PE";260040;"Água Preta";0;0;3;0;"Sim";0;"ALCANÇOU"
"PE";260050;"Águas Belas";33,3333333333333;1;2;50;"Não";16,7;"NÃO ALCANÇOU"
"PE";260060;"Alagoinha";50;0;0;0;"Sim";-50;"ALCANÇOU"
"PE";260070;"Aliança";0;0;5;0;"Sim";0;"ALCANÇOU"
"PE";260080;"Altinho";0;0;4;0;"Sim";0;"ALCANÇOU"
"PE";260090;"Amaraji";28,5714285714286;1;6;16,6666666666667;"Sim";-11,9;"ALCANÇOU"
"PE";260100;"Angelim";0;0;2;0;"Sim";0;"ALCANÇOU"
"PE";260105;"Araçoiaba";0;1;5;20;"Não";20;"NÃO ALCANÇOU"
"PE";260110;"Araripina";46,6666666666667;4;5;80;"Não";33,3;"NÃO ALCANÇOU"
"PE";260120;"Arcoverde";30;2;13;15,3846153846154;"Sim";-14,6;"ALCANÇOU"
"PE";260130;"Barra de Guabiraba";0;0;1;0;"Sim";0;"ALCANÇOU"
"PE";260140;"Barreiros";0;1;13;7,69230769230769;"Não";7,7;"NÃO ALCANÇOU"
"PE";260150;"Belém de Maria";0;0;1;0;"Sim";0;"ALCANÇOU"
"PE";260160;"Belém do São Francisco";0;1;2;50;"Não";50;"NÃO ALCANÇOU"
"PE";260170;"Belo Jardim";58,3333333333333;5;16;31,25;"Sim";-27,1;"ALCANÇOU"
"PE";260180;"Betânia";50;0;0;0;"Sim";-50;"ALCANÇOU"
"PE";260190;"Bezerros";28,5714285714286;2;6;33,3333333333333;"Não";4,8;"NÃO ALCANÇOU"
"PE";260200;"Bodocó";0;0;0;0;"Sim";0;"ALCANÇOU"
"PE";260210;"Bom Conselho";0;0;3;0;"Sim";0;"ALCANÇOU"
"PE";260220;"Bom Jardim";33,3333333333333;2;3;66,6666666666667;"Não";33,3;"NÃO ALCANÇOU"
"PE";260230;"Bonito";16,6666666666667;0;2;0;"Sim";-16,7;"ALCANÇOU"
"PE";260240;"Brejão";100;0;2;0;"Sim";-100;"ALCANÇOU"
"PE";260250;"Brejinho";100;0;0;0;"Sim";-100;"ALCANÇOU"
"PE";260260;"Brejo da Madre de Deus";12,5;3;6;50;"Não";37,5;"NÃO ALCANÇOU"
"PE";260270;"Buenos Aires";0;1;6;16,6666666666667;"Não";16,7;"NÃO ALCANÇOU"
"PE";260280;"Buíque";0;0;1;0;"Sim";0;"ALCANÇOU"
"PE";260290;"Cabo de Santo Agostinho";12,5;13;60;21,6666666666667;"Não";9,2;"NÃO ALCANÇOU"
"PE";260300;"Cabrobó";20;0;4;0;"Sim";-20;"ALCANÇOU"
"PE";260310;"Cachoeirinha";0;0;1;0;"Sim";0;"ALCANÇOU"
"PE";260320;"Caetés";0;0;0;0;"Sim";0;"ALCANÇOU"
"PE";260330;"Calçado";0;0;1;0;"Sim";0;"ALCANÇOU"
"PE";260340;"Calumbi";0;0;0;0;"Sim";0;"ALCANÇOU"
"PE";260345;"Camaragibe";30,9523809523809;12;47;25,531914893617;"Sim";-5,4;"ALCANÇOU"
"PE";260350;"Camocim de São Félix";0;0;3;0;"Sim";0;"ALCANÇOU"
"PE";260360;"Camutanga";100;0;1;0;"Sim";-100;"ALCANÇOU"
"PE";260370;"Canhotinho";0;1;1;100;"Não";100;"NÃO ALCANÇOU"
"PE";260380;"Capoeiras";50;0;1;0;"Sim";-50;"ALCANÇOU"
"PE";260390;"Carnaíba";0;1;2;50;"Não";50;"NÃO ALCANÇOU"
"PE";260392;"Carnaubeira da Penha";50;0;0;0;"Sim";-50;"ALCANÇOU"
"PE";260400;"Carpina";25;3;5;60;"Não";35;"NÃO ALCANÇOU"
"PE";260410;"Caruaru";30;29;117;24,7863247863248;"Sim";-5,2;"ALCANÇOU"
"PE";260415;"Casinhas";0;0;1;0;"Sim";0;"ALCANÇOU"
"PE";260420;"Catende";0;0;1;0;"Sim";0;"ALCANÇOU"
"PE";260430;"Cedro";0;1;1;100;"Não";100;"NÃO ALCANÇOU"
"PE";260440;"Chã de Alegria";0;0;0;0;"Sim";0;"ALCANÇOU"
"PE";260450;"Chã Grande";33,3333333333333;1;1;100;"Não";66,7;"NÃO ALCANÇOU"
"PE";260460;"Condado";0;3;6;50;"Não";50;"NÃO ALCANÇOU"
"PE";260470;"Correntes";100;0;1;0;"Sim";-100;"ALCANÇOU"
"PE";260480;"Cortês";0;0;0;0;"Sim";0;"ALCANÇOU"
"PE";260490;"Cumaru";0;1;3;33,3333333333333;"Não";33,3;"NÃO ALCANÇOU"
"PE";260500;"Cupira";0;1;2;50;"Não";50;"NÃO ALCANÇOU"
"PE";260510;"Custódia";0;5;8;62,5;"Não";62,5;"NÃO ALCANÇOU"
"PE";260515;"Dormentes";0;1;1;100;"Não";100;"NÃO ALCANÇOU"
"PE";260520;"Escada";25;6;27;22,2222222222222;"Sim";-2,8;"ALCANÇOU"
"PE";260530;"Exu";0;0;1;0;"Sim";0;"ALCANÇOU"
"PE";260540;"Feira Nova";100;1;6;16,6666666666667;"Sim";-83,3;"ALCANÇOU"
"PE";260550;"Ferreiros";0;0;0;0;"Sim";0;"ALCANÇOU"
"PE";260560;"Flores";0;0;1;0;"Sim";0;"ALCANÇOU"
"PE";260570;"Floresta";12,5;1;7;14,2857142857143;"Não";1,8;"NÃO ALCANÇOU"
"PE";260580;"Frei Miguelinho";100;1;2;50;"Sim";-50;"ALCANÇOU"
"PE";260590;"Gameleira";16,6666666666667;0;3;0;"Sim";-16,7;"ALCANÇOU"
"PE";260600;"Garanhuns";12,5;5;19;26,3157894736842;"Não";13,8;"NÃO ALCANÇOU"
"PE";260610;"Glória do Goitá";0;1;2;50;"Não";50;"NÃO ALCANÇOU"
"PE";260620;"Goiana";10,5263157894737;5;20;25;"Não";14,5;"NÃO ALCANÇOU"
"PE";260630;"Granito";0;0;0;0;"Sim";0;"ALCANÇOU"
"PE";260640;"Gravatá";17,3913043478261;5;18;27,7777777777778;"Não";10,4;"NÃO ALCANÇOU"
"PE";260650;"Iati";0;0;1;0;"Sim";0;"ALCANÇOU"
"PE";260660;"Ibimirim";0;0;0;0;"Sim";0;"ALCANÇOU"
"PE";260670;"Ibirajuba";0;0;1;0;"Sim";0;"ALCANÇOU"
"PE";260680;"Igarassu";16,3636363636364;8;43;18,6046511627907;"Não";2,2;"NÃO ALCANÇOU"
"PE";260690;"Iguaracy";0;0;0;0;"Sim";0;"ALCANÇOU"
"PE";260700;"Inajá";0;1;1;100;"Não";100;"NÃO ALCANÇOU"
"PE";260710;"Ingazeira";0;0;0;0;"Sim";0;"ALCANÇOU"
"PE";260720;"Ipojuca";28,8888888888889;10;39;25,6410256410256;"Sim";-3,2;"ALCANÇOU"
"PE";260730;"Ipubi";14,2857142857143;1;2;50;"Não";35,7;"NÃO ALCANÇOU"
"PE";260740;"Itacuruba";100;0;3;0;"Sim";-100;"ALCANÇOU"
"PE";260750;"Itaíba";0;0;0;0;"Sim";0;"ALCANÇOU"
"PE";260760;"Ilha de Itamaracá";20;2;6;33,3333333333333;"Não";13,3;"NÃO ALCANÇOU"
"PE";260765;"Itambé";0;1;2;50;"Não";50;"NÃO ALCANÇOU"
"PE";260770;"Itapetim";0;0;0;0;"Sim";0;"ALCANÇOU"
"PE";260775;"Itapissuma";15,3846153846154;1;18;5,55555555555556;"Sim";-9,8;"ALCANÇOU"
"PE";260780;"Itaquitinga";0;0;3;0;"Sim";0;"ALCANÇOU"
"PE";260790;"Jaboatão dos Guararapes";19,9052132701422;44;188;23,4042553191489;"Não";3,5;"NÃO ALCANÇOU"
"PE";260795;"Jaqueira";25;1;3;33,3333333333333;"Não";8,3;"NÃO ALCANÇOU"
"PE";260800;"Jataúba";0;0;0;0;"Sim";0;"ALCANÇOU"
"PE";260805;"Jatobá";0;0;0;0;"Sim";0;"ALCANÇOU"
"PE";260810;"João Alfredo";100;0;0;0;"Sim";-100;"ALCANÇOU"
"PE";260820;"Joaquim Nabuco";100;0;0;0;"Sim";-100;"ALCANÇOU"
"PE";260825;"Jucati";0;0;2;0;"Sim";0;"ALCANÇOU"
"PE";260830;"Jupi";100;2;7;28,5714285714286;"Sim";-71,4;"ALCANÇOU"
"PE";260840;"Jurema";0;0;0;0;"Sim";0;"ALCANÇOU"
"PE";260845;"Lagoa do Carro";0;0;1;0;"Sim";0;"ALCANÇOU"
"PE";260850;"Lagoa de Itaenga";0;1;4;25;"Não";25;"NÃO ALCANÇOU"
"PE";260860;"Lagoa do Ouro";0;0;0;0;"Sim";0;"ALCANÇOU"
"PE";260870;"Lagoa dos Gatos";0;3;4;75;"Não";75;"NÃO ALCANÇOU"
"PE";260875;"Lagoa Grande";0;1;2;50;"Não";50;"NÃO ALCANÇOU"
"PE";260880;"Lajedo";11,1111111111111;1;8;12,5;"Não";1,4;"NÃO ALCANÇOU"
"PE";260890;"Limoeiro";10;1;6;16,6666666666667;"Não";6,7;"NÃO ALCANÇOU"
"PE";260900;"Macaparana";50;1;2;50;"Não";0;"NÃO ALCANÇOU"
"PE";260910;"Machados";0;1;1;100;"Não";100;"NÃO ALCANÇOU"
"PE";260915;"Manari";0;0;0;0;"Sim";0;"ALCANÇOU"
"PE";260920;"Maraial";0;0;0;0;"Sim";0;"ALCANÇOU"
"PE";260930;"Mirandiba";0;0;0;0;"Sim";0;"ALCANÇOU"
"PE";260940;"Moreno";40;2;13;15,3846153846154;"Sim";-24,6;"ALCANÇOU"
"PE";260950;"Nazaré da Mata";50;1;4;25;"Sim";-25;"ALCANÇOU"
"PE";260960;"Olinda";22,7941176470588;41;139;29,4964028776978;"Não";6,7;"NÃO ALCANÇOU"
"PE";260970;"Orobó";0;0;0;0;"Sim";0;"ALCANÇOU"
"PE";260980;"Orocó";0;1;1;100;"Não";100;"NÃO ALCANÇOU"
"PE";260990;"Ouricuri";12,5;2;7;28,5714285714286;"Não";16,1;"NÃO ALCANÇOU"
"PE";261000;"Palmares";13,3333333333333;1;17;5,88235294117647;"Sim";-7,5;"ALCANÇOU"
"PE";261010;"Palmeirina";0;0;1;0;"Sim";0;"ALCANÇOU"
"PE";261020;"Panelas";0;0;0;0;"Sim";0;"ALCANÇOU"
"PE";261030;"Paranatama";50;0;0;0;"Sim";-50;"ALCANÇOU"
"PE";261040;"Parnamirim";0;0;0;0;"Sim";0;"ALCANÇOU"
"PE";261050;"Passira";33,3333333333333;1;1;100;"Não";66,7;"NÃO ALCANÇOU"
"PE";261060;"Paudalho";42,8571428571428;4;10;40;"Sim";-2,9;"ALCANÇOU"
"PE";261070;"Paulista";20,8791208791209;25;100;25;"Não";4,1;"NÃO ALCANÇOU"
"PE";261080;"Pedra";0;1;1;100;"Não";100;"NÃO ALCANÇOU"
"PE";261090;"Pesqueira";11,1111111111111;0;8;0;"Sim";-11,1;"ALCANÇOU"
"PE";261100;"Petrolândia";60;0;1;0;"Sim";-60;"ALCANÇOU"
"PE";261110;"Petrolina";18,4615384615385;14;88;15,9090909090909;"Sim";-2,6;"ALCANÇOU"
"PE";261120;"Poção";0;0;0;0;"Sim";0;"ALCANÇOU"
"PE";261130;"Pombos";0;2;3;66,6666666666667;"Não";66,7;"NÃO ALCANÇOU"
"PE";261140;"Primavera";0;1;1;100;"Não";100;"NÃO ALCANÇOU"
"PE";261150;"Quipapá";0;0;1;0;"Sim";0;"ALCANÇOU"
"PE";261153;"Quixaba";50;1;2;50;"Não";0;"NÃO ALCANÇOU"
"PE";261160;"Recife";21,3375796178344;129;620;20,8064516129032;"Não";-0,53;"NÃO ALCANÇOU"
"PE";261170;"Riacho das Almas";0;0;2;0;"Sim";0;"ALCANÇOU"
"PE";261180;"Ribeirão";33,3333333333333;3;7;42,8571428571428;"Não";9,5;"NÃO ALCANÇOU"
"PE";261190;"Rio Formoso";16,6666666666667;1;5;20;"Não";3,3;"NÃO ALCANÇOU"
"PE";261200;"Sairé";0;0;1;0;"Sim";0;"ALCANÇOU"
"PE";261210;"Salgadinho";66,6666666666667;1;1;100;"Não";33,3;"NÃO ALCANÇOU"
"PE";261220;"Salgueiro";0;6;22;27,2727272727273;"Não";27,3;"NÃO ALCANÇOU"
"PE";261230;"Saloá";100;0;0;0;"Sim";-100;"ALCANÇOU"
"PE";261240;"Sanharó";33,3333333333333;2;5;40;"Não";6,7;"NÃO ALCANÇOU"
"PE";261245;"Santa Cruz";0;0;0;0;"Sim";0;"ALCANÇOU"
"PE";261247;"Santa Cruz da Baixa Verde";0;0;0;0;"Sim";0;"ALCANÇOU"
"PE";261250;"Santa Cruz do Capibaribe";27,2727272727273;5;31;16,1290322580645;"Sim";-11,1;"ALCANÇOU"
"PE";261255;"Santa Filomena";0;0;0;0;"Sim";0;"ALCANÇOU"
"PE";261260;"Santa Maria da Boa Vista";62,5;0;1;0;"Sim";-62,5;"ALCANÇOU"
"PE";261270;"Santa Maria do Cambucá";0;0;0;0;"Sim";0;"ALCANÇOU"
"PE";261280;"Santa Terezinha";0;0;0;0;"Sim";0;"ALCANÇOU"
"PE";261290;"São Benedito do Sul";0;1;2;50;"Não";50;"NÃO ALCANÇOU"
"PE";261300;"São Bento do Una";20;3;9;33,3333333333333;"Não";13,3;"NÃO ALCANÇOU"
"PE";261310;"São Caitano";50;1;3;33,3333333333333;"Sim";-16,7;"ALCANÇOU"
"PE";261320;"São João";75;0;2;0;"Sim";-75;"ALCANÇOU"
"PE";261330;"São Joaquim do Monte";0;1;3;33,3333333333333;"Não";33,3;"NÃO ALCANÇOU"
"PE";261340;"São José da Coroa Grande";66,6666666666667;0;5;0;"Sim";-66,7;"ALCANÇOU"
"PE";261350;"São José do Belmonte";50;1;3;33,3333333333333;"Sim";-16,7;"ALCANÇOU"
"PE";261360;"São José do Egito";100;0;1;0;"Sim";-100;"ALCANÇOU"
"PE";261370;"São Lourenço da Mata";8;7;25;28;"Não";20;"NÃO ALCANÇOU"
"PE";261380;"São Vicente Ferrer";0;0;1;0;"Sim";0;"ALCANÇOU"
"PE";261390;"Serra Talhada";32,1428571428572;6;16;37,5;"Não";5,4;"NÃO ALCANÇOU"
"PE";261400;"Serrita";50;0;3;0;"Sim";-50;"ALCANÇOU"
"PE";261410;"Sertânia";16,6666666666667;0;1;0;"Sim";-16,7;"ALCANÇOU"
"PE";261420;"Sirinhaém";33,3333333333333;8;17;47,0588235294118;"Não";13,7;"NÃO ALCANÇOU"
"PE";261430;"Moreilândia";0;0;0;0;"Sim";0;"ALCANÇOU"
"PE";261440;"Solidão";0;0;0;0;"Sim";0;"ALCANÇOU"
"PE";261450;"Surubim";20;1;7;14,2857142857143;"Sim";-5,7;"ALCANÇOU"
"PE";261460;"Tabira";50;1;3;33,3333333333333;"Sim";-16,7;"ALCANÇOU"
"PE";261470;"Tacaimbó";0;0;0;0;"Sim";0;"ALCANÇOU"
"PE";261480;"Tacaratu";0;0;0;0;"Sim";0;"ALCANÇOU"
"PE";261485;"Tamandaré";25;2;6;33,3333333333333;"Não";8,3;"NÃO ALCANÇOU"
"PE";261500;"Taquaritinga do Norte";0;0;2;0;"Sim";0;"ALCANÇOU"
"PE";261510;"Terezinha";0;0;1;0;"Sim";0;"ALCANÇOU"
"PE";261520;"Terra Nova";0;0;0;0;"Sim";0;"ALCANÇOU"
"PE";261530;"Timbaúba";40;1;5;20;"Sim";-20;"ALCANÇOU"
"PE";261540;"Toritama";42,8571428571428;3;7;42,8571428571428;"Não";0;"NÃO ALCANÇOU"
"PE";261550;"Tracunhaém";20;0;1;0;"Sim";-20;"ALCANÇOU"
"PE";261560;"Trindade";0;3;11;27,2727272727273;"Não";27,3;"NÃO ALCANÇOU"
"PE";261570;"Triunfo";50;0;0;0;"Sim";-50;"ALCANÇOU"
"PE";261580;"Tupanatinga";0;0;0;0;"Sim";0;"ALCANÇOU"
"PE";261590;"Tuparetama";0;0;0;0;"Sim";0;"ALCANÇOU"
"PE";261600;"Venturosa";0;0;0;0;"Sim";0;"ALCANÇOU"
"PE";261610;"Verdejante";0;0;0;0;"Sim";0;"ALCANÇOU"
"PE";261618;"Vertente do Lério";0;0;0;0;"Sim";0;"ALCANÇOU"
"PE";261620;"Vertentes";20;0;1;0;"Sim";-20;"ALCANÇOU"
"PE";261630;"Vicência";100;0;4;0;"Sim";-100;"ALCANÇOU"
"PE";261640;"Vitória de Santo Antão";24;13;32;40,625;"Não";16,6;"NÃO ALCANÇOU"
"PE";261650;"Xexéu";50;0;0;0;"Sim";-50;"ALCANÇOU"
"AL";270010;"Água Branca";0;0;0;0;"Sim";0;"ALCANÇOU"
"AL";270020;"Anadia";0;1;2;50;"Não";50;"NÃO ALCANÇOU"
"AL";270030;"Arapiraca";25,3968253968254;7;58;12,0689655172414;"Sim";-13,3;"ALCANÇOU"
"AL";270040;"Atalaia";10;1;4;25;"Não";15;"NÃO ALCANÇOU"
"AL";270050;"Barra de Santo Antônio";75;3;6;50;"Sim";-25;"ALCANÇOU"
"AL";270060;"Barra de São Miguel";0;2;3;66,6666666666667;"Não";66,7;"NÃO ALCANÇOU"
"AL";270070;"Batalha";50;0;1;0;"Sim";-50;"ALCANÇOU"
"AL";270080;"Belém";0;1;3;33,3333333333333;"Não";33,3;"NÃO ALCANÇOU"
"AL";270090;"Belo Monte";0;0;0;0;"Sim";0;"ALCANÇOU"
"AL";270100;"Boca da Mata";100;0;0;0;"Sim";-100;"ALCANÇOU"
"AL";270110;"Branquinha";0;2;2;100;"Não";100;"NÃO ALCANÇOU"
"AL";270120;"Cacimbinhas";0;1;1;100;"Não";100;"NÃO ALCANÇOU"
"AL";270130;"Cajueiro";0;1;6;16,6666666666667;"Não";16,7;"NÃO ALCANÇOU"
"AL";270135;"Campestre";0;0;1;0;"Sim";0;"ALCANÇOU"
"AL";270140;"Campo Alegre";50;0;3;0;"Sim";-50;"ALCANÇOU"
"AL";270150;"Campo Grande";100;0;1;0;"Sim";-100;"ALCANÇOU"
"AL";270160;"Canapi";0;0;2;0;"Sim";0;"ALCANÇOU"
"AL";270170;"Capela";0;1;3;33,3333333333333;"Não";33,3;"NÃO ALCANÇOU"
"AL";270180;"Carneiros";0;0;1;0;"Sim";0;"ALCANÇOU"
"AL";270190;"Chã Preta";100;2;3;66,6666666666667;"Sim";-33,3;"ALCANÇOU"
"AL";270200;"Coité do Nóia";0;1;4;25;"Não";25;"NÃO ALCANÇOU"
"AL";270210;"Colônia Leopoldina";33,3333333333333;2;4;50;"Não";16,7;"NÃO ALCANÇOU"
"AL";270220;"Coqueiro Seco";50;0;1;0;"Sim";-50;"ALCANÇOU"
"AL";270230;"Coruripe";9,09090909090909;9;14;64,2857142857143;"Não";55,2;"NÃO ALCANÇOU"
"AL";270235;"Craíbas";0;2;3;66,6666666666667;"Não";66,7;"NÃO ALCANÇOU"
"AL";270240;"Delmiro Gouveia";18,1818181818182;3;5;60;"Não";41,8;"NÃO ALCANÇOU"
"AL";270250;"Dois Riachos";0;0;2;0;"Sim";0;"ALCANÇOU"
"AL";270255;"Estrela de Alagoas";0;0;0;0;"Sim";0;"ALCANÇOU"
"AL";270260;"Feira Grande";0;3;3;100;"Não";100;"NÃO ALCANÇOU"
"AL";270270;"Feliz Deserto";0;1;1;100;"Não";100;"NÃO ALCANÇOU"
"AL";270280;"Flexeiras";33,3333333333333;2;6;33,3333333333333;"Não";0;"NÃO ALCANÇOU"
"AL";270290;"Girau do Ponciano";100;0;1;0;"Sim";-100;"ALCANÇOU"
"AL";270300;"Ibateguara";100;2;3;66,6666666666667;"Sim";-33,3;"ALCANÇOU"
"AL";270310;"Igaci";0;0;0;0;"Sim";0;"ALCANÇOU"
"AL";270320;"Igreja Nova";0;0;1;0;"Sim";0;"ALCANÇOU"
"AL";270330;"Inhapi";50;1;2;50;"Não";0;"NÃO ALCANÇOU"
"AL";270340;"Jacaré dos Homens";0;0;0;0;"Sim";0;"ALCANÇOU"
"AL";270350;"Jacuípe";0;0;0;0;"Sim";0;"ALCANÇOU"
"AL";270360;"Japaratinga";0;2;4;50;"Não";50;"NÃO ALCANÇOU"
"AL";270370;"Jaramataia";0;0;0;0;"Sim";0;"ALCANÇOU"
"AL";270375;"Jequiá da Praia";100;0;2;0;"Sim";-100;"ALCANÇOU"
"AL";270380;"Joaquim Gomes";0;0;0;0;"Sim";0;"ALCANÇOU"
"AL";270390;"Jundiá";0;1;1;100;"Não";100;"NÃO ALCANÇOU"
"AL";270400;"Junqueiro";0;0;4;0;"Sim";0;"ALCANÇOU"
"AL";270410;"Lagoa da Canoa";0;0;1;0;"Sim";0;"ALCANÇOU"
"AL";270420;"Limoeiro de Anadia";33,3333333333333;2;2;100;"Não";66,7;"NÃO ALCANÇOU"
"AL";270430;"Maceió";26,0780287474333;132;508;25,9842519685039;"Não";-0,09;"NÃO ALCANÇOU"
"AL";270440;"Major Isidoro";0;0;0;0;"Sim";0;"ALCANÇOU"
"AL";270450;"Maragogi";20;1;5;20;"Não";0;"NÃO ALCANÇOU"
"AL";270460;"Maravilha";0;0;0;0;"Sim";0;"ALCANÇOU"
"AL";270470;"Marechal Deodoro";35,7142857142857;3;19;15,7894736842105;"Sim";-19,9;"ALCANÇOU"
"AL";270480;"Maribondo";50;1;5;20;"Sim";-30;"ALCANÇOU"
"AL";270490;"Mar Vermelho";0;0;1;0;"Sim";0;"ALCANÇOU"
"AL";270500;"Mata Grande";0;0;2;0;"Sim";0;"ALCANÇOU"
"AL";270510;"Matriz de Camaragibe";0;1;2;50;"Não";50;"NÃO ALCANÇOU"
"AL";270520;"Messias";50;2;5;40;"Sim";-10;"ALCANÇOU"
"AL";270530;"Minador do Negrão";0;0;1;0;"Sim";0;"ALCANÇOU"
"AL";270540;"Monteirópolis";0;0;0;0;"Sim";0;"ALCANÇOU"
"AL";270550;"Murici";50;2;7;28,5714285714286;"Sim";-21,4;"ALCANÇOU"
"AL";270560;"Novo Lino";0;0;1;0;"Sim";0;"ALCANÇOU"
"AL";270570;"Olho d'Água das Flores";0;0;1;0;"Sim";0;"ALCANÇOU"
"AL";270580;"Olho d'Água do Casado";0;0;2;0;"Sim";0;"ALCANÇOU"
"AL";270590;"Olho d'Água Grande";0;0;0;0;"Sim";0;"ALCANÇOU"
"AL";270600;"Olivença";0;1;2;50;"Não";50;"NÃO ALCANÇOU"
"AL";270610;"Ouro Branco";100;0;0;0;"Sim";-100;"ALCANÇOU"
"AL";270620;"Palestina";0;0;1;0;"Sim";0;"ALCANÇOU"
"AL";270630;"Palmeira dos Índios";26,6666666666667;2;10;20;"Sim";-6,7;"ALCANÇOU"
"AL";270640;"Pão de Açúcar";50;1;4;25;"Sim";-25;"ALCANÇOU"
"AL";270642;"Pariconha";0;0;1;0;"Sim";0;"ALCANÇOU"
"AL";270644;"Paripueira";50;1;5;20;"Sim";-30;"ALCANÇOU"
"AL";270650;"Passo de Camaragibe";0;2;5;40;"Não";40;"NÃO ALCANÇOU"
"AL";270660;"Paulo Jacinto";0;0;0;0;"Sim";0;"ALCANÇOU"
"AL";270670;"Penedo";40;6;12;50;"Não";10;"NÃO ALCANÇOU"
"AL";270680;"Piaçabuçu";33,3333333333333;3;4;75;"Não";41,7;"NÃO ALCANÇOU"
"AL";270690;"Pilar";43,75;3;10;30;"Sim";-13,8;"ALCANÇOU"
"AL";270700;"Pindoba";0;0;1;0;"Sim";0;"ALCANÇOU"
"AL";270710;"Piranhas";0;2;5;40;"Não";40;"NÃO ALCANÇOU"
"AL";270720;"Poço das Trincheiras";0;1;2;50;"Não";50;"NÃO ALCANÇOU"
"AL";270730;"Porto Calvo";11,1111111111111;0;4;0;"Sim";-11,1;"ALCANÇOU"
"AL";270740;"Porto de Pedras";0;1;1;100;"Não";100;"NÃO ALCANÇOU"
"AL";270750;"Porto Real do Colégio";0;0;0;0;"Sim";0;"ALCANÇOU"
"AL";270760;"Quebrangulo";100;2;3;66,6666666666667;"Sim";-33,3;"ALCANÇOU"
"AL";270770;"Rio Largo";35,7142857142857;4;28;14,2857142857143;"Sim";-21,4;"ALCANÇOU"
"AL";270780;"Roteiro";0;0;1;0;"Sim";0;"ALCANÇOU"
"AL";270790;"Santa Luzia do Norte";50;1;2;50;"Não";0;"NÃO ALCANÇOU"
"AL";270800;"Santana do Ipanema";0;3;5;60;"Não";60;"NÃO ALCANÇOU"
"AL";270810;"Santana do Mundaú";50;0;3;0;"Sim";-50;"ALCANÇOU"
"AL";270820;"São Brás";0;0;0;0;"Sim";0;"ALCANÇOU"
"AL";270830;"São José da Laje";28,5714285714286;2;5;40;"Não";11,4;"NÃO ALCANÇOU"
"AL";270840;"São José da Tapera";100;0;0;0;"Sim";-100;"ALCANÇOU"
"AL";270850;"São Luís do Quitunde";66,6666666666667;0;2;0;"Sim";-66,7;"ALCANÇOU"
"AL";270860;"São Miguel dos Campos";23,5294117647059;8;18;44,4444444444444;"Não";20,9;"NÃO ALCANÇOU"
"AL";270870;"São Miguel dos Milagres";25;1;2;50;"Não";25;"NÃO ALCANÇOU"
"AL";270880;"São Sebastião";0;1;1;100;"Não";100;"NÃO ALCANÇOU"
"AL";270890;"Satuba";33,3333333333333;5;13;38,4615384615385;"Não";5,1;"NÃO ALCANÇOU"
"AL";270895;"Senador Rui Palmeira";0;0;0;0;"Sim";0;"ALCANÇOU"
"AL";270900;"Tanque d'Arca";100;0;0;0;"Sim";-100;"ALCANÇOU"
"AL";270910;"Taquarana";0;1;1;100;"Não";100;"NÃO ALCANÇOU"
"AL";270915;"Teotônio Vilela";0;3;7;42,8571428571428;"Não";42,9;"NÃO ALCANÇOU"
"AL";270920;"Traipu";100;0;0;0;"Sim";-100;"ALCANÇOU"
"AL";270930;"União dos Palmares";33,3333333333333;7;18;38,8888888888889;"Não";5,6;"NÃO ALCANÇOU"
"AL";270940;"Viçosa";100;1;1;100;"Não";0;"NÃO ALCANÇOU"
"SE";280010;"Amparo de São Francisco";0;0;0;0;"Sim";0;"ALCANÇOU"
"SE";280020;"Aquidabã";40;1;4;25;"Sim";-15;"ALCANÇOU"
"SE";280030;"Aracaju";25,1162790697674;55;221;24,8868778280543;"Não";-0,23;"NÃO ALCANÇOU"
"SE";280040;"Arauá";50;0;2;0;"Sim";-50;"ALCANÇOU"
"SE";280050;"Areia Branca";0;1;2;50;"Não";50;"NÃO ALCANÇOU"
"SE";280060;"Barra dos Coqueiros";16,6666666666667;5;17;29,4117647058823;"Não";12,7;"NÃO ALCANÇOU"
"SE";280067;"Boquim";40;1;2;50;"Não";10;"NÃO ALCANÇOU"
"SE";280070;"Brejo Grande";25;1;1;100;"Não";75;"NÃO ALCANÇOU"
"SE";280100;"Campo do Brito";0;0;2;0;"Sim";0;"ALCANÇOU"
"SE";280110;"Canhoba";0;0;2;0;"Sim";0;"ALCANÇOU"
"SE";280120;"Canindé de São Francisco";63,6363636363636;0;2;0;"Sim";-63,6;"ALCANÇOU"
"SE";280130;"Capela";50;4;10;40;"Sim";-10;"ALCANÇOU"
"SE";280140;"Carira";0;1;1;100;"Não";100;"NÃO ALCANÇOU"
"SE";280150;"Carmópolis";0;0;1;0;"Sim";0;"ALCANÇOU"
"SE";280160;"Cedro de São João";0;1;2;50;"Não";50;"NÃO ALCANÇOU"
"SE";280170;"Cristinápolis";100;0;2;0;"Sim";-100;"ALCANÇOU"
"SE";280190;"Cumbe";0;0;2;0;"Sim";0;"ALCANÇOU"
"SE";280200;"Divina Pastora";0;1;1;100;"Não";100;"NÃO ALCANÇOU"
"SE";280210;"Estância";47,0588235294118;1;11;9,09090909090909;"Sim";-38;"ALCANÇOU"
"SE";280220;"Feira Nova";0;0;0;0;"Sim";0;"ALCANÇOU"
"SE";280230;"Frei Paulo";0;1;3;33,3333333333333;"Não";33,3;"NÃO ALCANÇOU"
"SE";280240;"Gararu";0;0;1;0;"Sim";0;"ALCANÇOU"
"SE";280250;"General Maynard";0;1;1;100;"Não";100;"NÃO ALCANÇOU"
"SE";280260;"Gracho Cardoso";0;0;0;0;"Sim";0;"ALCANÇOU"
"SE";280270;"Ilha das Flores";0;0;1;0;"Sim";0;"ALCANÇOU"
"SE";280280;"Indiaroba";0;0;2;0;"Sim";0;"ALCANÇOU"
"SE";280290;"Itabaiana";26,6666666666667;2;13;15,3846153846154;"Sim";-11,3;"ALCANÇOU"
"SE";280300;"Itabaianinha";50;4;5;80;"Não";30;"NÃO ALCANÇOU"
"SE";280310;"Itabi";0;0;0;0;"Sim";0;"ALCANÇOU"
"SE";280320;"Itaporanga d'Ajuda";33,3333333333333;1;2;50;"Não";16,7;"NÃO ALCANÇOU"
"SE";280330;"Japaratuba";0;0;0;0;"Sim";0;"ALCANÇOU"
"SE";280340;"Japoatã";16,6666666666667;1;3;33,3333333333333;"Não";16,7;"NÃO ALCANÇOU"
"SE";280350;"Lagarto";35,2941176470588;7;19;36,8421052631579;"Não";1,5;"NÃO ALCANÇOU"
"SE";280360;"Laranjeiras";0;1;1;100;"Não";100;"NÃO ALCANÇOU"
"SE";280370;"Macambira";0;0;0;0;"Sim";0;"ALCANÇOU"
"SE";280380;"Malhada dos Bois";50;0;0;0;"Sim";-50;"ALCANÇOU"
"SE";280390;"Malhador";40;0;1;0;"Sim";-40;"ALCANÇOU"
"SE";280400;"Maruim";100;2;7;28,5714285714286;"Sim";-71,4;"ALCANÇOU"
"SE";280410;"Moita Bonita";0;0;0;0;"Sim";0;"ALCANÇOU"
"SE";280420;"Monte Alegre de Sergipe";0;0;5;0;"Sim";0;"ALCANÇOU"
"SE";280430;"Muribeca";0;0;0;0;"Sim";0;"ALCANÇOU"
"SE";280440;"Neópolis";100;1;1;100;"Não";0;"NÃO ALCANÇOU"
"SE";280445;"Nossa Senhora Aparecida";0;0;0;0;"Sim";0;"ALCANÇOU"
"SE";280450;"Nossa Senhora da Glória";33,3333333333333;6;11;54,5454545454545;"Não";21,2;"NÃO ALCANÇOU"
"SE";280460;"Nossa Senhora das Dores";100;2;4;50;"Sim";-50;"ALCANÇOU"
"SE";280470;"Nossa Senhora de Lourdes";0;0;0;0;"Sim";0;"ALCANÇOU"
"SE";280480;"Nossa Senhora do Socorro";20;21;49;42,8571428571428;"Não";22,9;"NÃO ALCANÇOU"
"SE";280490;"Pacatuba";0;0;1;0;"Sim";0;"ALCANÇOU"
"SE";280500;"Pedra Mole";0;0;0;0;"Sim";0;"ALCANÇOU"
"SE";280510;"Pedrinhas";50;1;1;100;"Não";50;"NÃO ALCANÇOU"
"SE";280520;"Pinhão";0;1;1;100;"Não";100;"NÃO ALCANÇOU"
"SE";280530;"Pirambu";0;0;0;0;"Sim";0;"ALCANÇOU"
"SE";280540;"Poço Redondo";66,6666666666667;0;2;0;"Sim";-66,7;"ALCANÇOU"
"SE";280550;"Poço Verde";50;1;2;50;"Não";0;"NÃO ALCANÇOU"
"SE";280560;"Porto da Folha";0;1;1;100;"Não";100;"NÃO ALCANÇOU"
"SE";280570;"Propriá";25;2;3;66,6666666666667;"Não";41,7;"NÃO ALCANÇOU"
"SE";280580;"Riachão do Dantas";40;0;1;0;"Sim";-40;"ALCANÇOU"
"SE";280590;"Riachuelo";0;0;5;0;"Sim";0;"ALCANÇOU"
"SE";280600;"Ribeirópolis";50;1;1;100;"Não";50;"NÃO ALCANÇOU"
"SE";280610;"Rosário do Catete";0;0;4;0;"Sim";0;"ALCANÇOU"
"SE";280620;"Salgado";0;1;2;50;"Não";50;"NÃO ALCANÇOU"
"SE";280630;"Santa Luzia do Itanhy";0;0;3;0;"Sim";0;"ALCANÇOU"
"SE";280640;"Santana do São Francisco";0;0;0;0;"Sim";0;"ALCANÇOU"
"SE";280650;"Santa Rosa de Lima";0;0;0;0;"Sim";0;"ALCANÇOU"
"SE";280660;"Santo Amaro das Brotas";0;0;1;0;"Sim";0;"ALCANÇOU"
"SE";280670;"São Cristóvão";26,9230769230769;4;20;20;"Sim";-6,9;"ALCANÇOU"
"SE";280680;"São Domingos";0;0;1;0;"Sim";0;"ALCANÇOU"
"SE";280690;"São Francisco";0;0;0;0;"Sim";0;"ALCANÇOU"
"SE";280700;"São Miguel do Aleixo";0;1;2;50;"Não";50;"NÃO ALCANÇOU"
"SE";280710;"Simão Dias";0;1;5;20;"Não";20;"NÃO ALCANÇOU"
"SE";280720;"Siriri";100;2;2;100;"Não";0;"NÃO ALCANÇOU"
"SE";280730;"Telha";0;0;0;0;"Sim";0;"ALCANÇOU"
"SE";280740;"Tobias Barreto";57,1428571428571;4;11;36,3636363636364;"Sim";-20,8;"ALCANÇOU"
"SE";280750;"Tomar do Geru";0;0;0;0;"Sim";0;"ALCANÇOU"
"SE";280760;"Umbaúba";0;1;3;33,3333333333333;"Não";33,3;"NÃO ALCANÇOU"
"BA";290010;"Abaíra";0;0;0;0;"Sim";0;"ALCANÇOU"
"BA";290020;"Abaré";0;0;0;0;"Sim";0;"ALCANÇOU"
"BA";290030;"Acajutiba";0;0;1;0;"Sim";0;"ALCANÇOU"
"BA";290035;"Adustina";0;0;1;0;"Sim";0;"ALCANÇOU"
"BA";290040;"Água Fria";100;0;0;0;"Sim";-100;"ALCANÇOU"
"BA";290050;"Érico Cardoso";0;0;0;0;"Sim";0;"ALCANÇOU"
"BA";290060;"Aiquara";0;0;0;0;"Sim";0;"ALCANÇOU"
"BA";290070;"Alagoinhas";16;7;32;21,875;"Não";5,9;"NÃO ALCANÇOU"
"BA";290080;"Alcobaça";50;0;1;0;"Sim";-50;"ALCANÇOU"
"BA";290090;"Almadina";0;3;3;100;"Não";100;"NÃO ALCANÇOU"
"BA";290100;"Amargosa";0;1;8;12,5;"Não";12,5;"NÃO ALCANÇOU"
"BA";290110;"Amélia Rodrigues";50;2;3;66,6666666666667;"Não";16,7;"NÃO ALCANÇOU"
"BA";290115;"América Dourada";0;0;0;0;"Sim";0;"ALCANÇOU"
"BA";290120;"Anagé";0;0;1;0;"Sim";0;"ALCANÇOU"
"BA";290130;"Andaraí";0;0;1;0;"Sim";0;"ALCANÇOU"
"BA";290135;"Andorinha";100;0;2;0;"Sim";-100;"ALCANÇOU"
"BA";290140;"Angical";0;0;0;0;"Sim";0;"ALCANÇOU"
"BA";290150;"Anguera";0;1;1;100;"Não";100;"NÃO ALCANÇOU"
"BA";290160;"Antas";0;0;0;0;"Sim";0;"ALCANÇOU"
"BA";290170;"Antônio Cardoso";0;0;1;0;"Sim";0;"ALCANÇOU"
"BA";290180;"Antônio Gonçalves";0;0;0;0;"Sim";0;"ALCANÇOU"
"BA";290190;"Aporá";50;0;1;0;"Sim";-50;"ALCANÇOU"
"BA";290195;"Apuarema";0;0;0;0;"Sim";0;"ALCANÇOU"
"BA";290200;"Aracatu";0;2;2;100;"Não";100;"NÃO ALCANÇOU"
"BA";290205;"Araças";50;0;1;0;"Sim";-50;"ALCANÇOU"
"BA";290210;"Araci";0;4;7;57,1428571428571;"Não";57,1;"NÃO ALCANÇOU"
"BA";290220;"Aramari";50;0;0;0;"Sim";-50;"ALCANÇOU"
"BA";290225;"Arataca";0;1;1;100;"Não";100;"NÃO ALCANÇOU"
"BA";290230;"Aratuípe";100;0;1;0;"Sim";-100;"ALCANÇOU"
"BA";290240;"Aurelino Leal";0;0;2;0;"Sim";0;"ALCANÇOU"
"BA";290250;"Baianópolis";0;0;1;0;"Sim";0;"ALCANÇOU"
"BA";290260;"Baixa Grande";0;0;1;0;"Sim";0;"ALCANÇOU"
"BA";290265;"Banzaê";0;0;0;0;"Sim";0;"ALCANÇOU"
"BA";290270;"Barra";50;2;3;66,6666666666667;"Não";16,7;"NÃO ALCANÇOU"
"BA";290280;"Barra da Estiva";40;0;1;0;"Sim";-40;"ALCANÇOU"
"BA";290290;"Barra do Choça";33,3333333333333;2;2;100;"Não";66,7;"NÃO ALCANÇOU"
"BA";290300;"Barra do Mendes";0;0;1;0;"Sim";0;"ALCANÇOU"
"BA";290310;"Barra do Rocha";0;0;2;0;"Sim";0;"ALCANÇOU"
"BA";290320;"Barreiras";39,5348837209302;9;32;28,125;"Sim";-11,4;"ALCANÇOU"
"BA";290323;"Barro Alto";0;1;1;100;"Não";100;"NÃO ALCANÇOU"
"BA";290327;"Barrocas";0;0;0;0;"Sim";0;"ALCANÇOU"
"BA";290330;"Barro Preto";0;0;0;0;"Sim";0;"ALCANÇOU"
"BA";290340;"Belmonte";50;0;3;0;"Sim";-50;"ALCANÇOU"
"BA";290350;"Belo Campo";0;0;1;0;"Sim";0;"ALCANÇOU"
"BA";290360;"Biritinga";100;0;1;0;"Sim";-100;"ALCANÇOU"
"BA";290370;"Boa Nova";0;0;0;0;"Sim";0;"ALCANÇOU"
"BA";290380;"Boa Vista do Tupim";0;0;0;0;"Sim";0;"ALCANÇOU"
"BA";290390;"Bom Jesus da Lapa";37,5;4;14;28,5714285714286;"Sim";-8,9;"ALCANÇOU"
"BA";290395;"Bom Jesus da Serra";0;0;0;0;"Sim";0;"ALCANÇOU"
"BA";290400;"Boninal";0;0;0;0;"Sim";0;"ALCANÇOU"
"BA";290405;"Bonito";0;0;1;0;"Sim";0;"ALCANÇOU"
"BA";290410;"Boquira";50;0;0;0;"Sim";-50;"ALCANÇOU"
"BA";290420;"Botuporã";33,3333333333333;0;0;0;"Sim";-33,3;"ALCANÇOU"
"BA";290430;"Brejões";0;0;1;0;"Sim";0;"ALCANÇOU"
"BA";290440;"Brejolândia";0;0;0;0;"Sim";0;"ALCANÇOU"
"BA";290450;"Brotas de Macaúbas";0;0;0;0;"Sim";0;"ALCANÇOU"
"BA";290460;"Brumado";14,2857142857143;4;7;57,1428571428571;"Não";42,9;"NÃO ALCANÇOU"
"BA";290470;"Buerarema";0;2;3;66,6666666666667;"Não";66,7;"NÃO ALCANÇOU"
"BA";290475;"Buritirama";0;1;5;20;"Não";20;"NÃO ALCANÇOU"
"BA";290480;"Caatiba";0;0;1;0;"Sim";0;"ALCANÇOU"
"BA";290485;"Cabaceiras do Paraguaçu";0;3;6;50;"Não";50;"NÃO ALCANÇOU"
"BA";290490;"Cachoeira";20;3;7;42,8571428571428;"Não";22,9;"NÃO ALCANÇOU"
"BA";290500;"Caculé";0;0;0;0;"Sim";0;"ALCANÇOU"
"BA";290510;"Caém";0;0;1;0;"Sim";0;"ALCANÇOU"
"BA";290515;"Caetanos";0;0;0;0;"Sim";0;"ALCANÇOU"
"BA";290520;"Caetité";50;4;6;66,6666666666667;"Não";16,7;"NÃO ALCANÇOU"
"BA";290530;"Cafarnaum";0;0;0;0;"Sim";0;"ALCANÇOU"
"BA";290540;"Cairu";0;1;3;33,3333333333333;"Não";33,3;"NÃO ALCANÇOU"
"BA";290550;"Caldeirão Grande";0;0;0;0;"Sim";0;"ALCANÇOU"
"BA";290560;"Camacan";16,6666666666667;2;3;66,6666666666667;"Não";50;"NÃO ALCANÇOU"
"BA";290570;"Camaçari";31,5068493150685;21;83;25,3012048192771;"Sim";-6,2;"ALCANÇOU"
"BA";290580;"Camamu";40;1;6;16,6666666666667;"Sim";-23,3;"ALCANÇOU"
"BA";290590;"Campo Alegre de Lourdes";0;0;0;0;"Sim";0;"ALCANÇOU"
"BA";290600;"Campo Formoso";0;1;5;20;"Não";20;"NÃO ALCANÇOU"
"BA";290610;"Canápolis";0;0;0;0;"Sim";0;"ALCANÇOU"
"BA";290620;"Canarana";0;1;1;100;"Não";100;"NÃO ALCANÇOU"
"BA";290630;"Canavieiras";20;3;5;60;"Não";40;"NÃO ALCANÇOU"
"BA";290640;"Candeal";0;0;0;0;"Sim";0;"ALCANÇOU"
"BA";290650;"Candeias";53,8461538461538;3;12;25;"Sim";-28,8;"ALCANÇOU"
"BA";290660;"Candiba";0;0;1;0;"Sim";0;"ALCANÇOU"
"BA";290670;"Cândido Sales";0;0;2;0;"Sim";0;"ALCANÇOU"
"BA";290680;"Cansanção";0;0;2;0;"Sim";0;"ALCANÇOU"
"BA";290682;"Canudos";0;1;1;100;"Não";100;"NÃO ALCANÇOU"
"BA";290685;"Capela do Alto Alegre";0;0;0;0;"Sim";0;"ALCANÇOU"
"BA";290687;"Capim Grosso";0;1;5;20;"Não";20;"NÃO ALCANÇOU"
"BA";290689;"Caraíbas";0;0;0;0;"Sim";0;"ALCANÇOU"
"BA";290690;"Caravelas";40;1;1;100;"Não";60;"NÃO ALCANÇOU"
"BA";290700;"Cardeal da Silva";100;1;2;50;"Sim";-50;"ALCANÇOU"
"BA";290710;"Carinhanha";75;1;2;50;"Sim";-25;"ALCANÇOU"
"BA";290720;"Casa Nova";45,4545454545454;5;9;55,5555555555556;"Não";10,1;"NÃO ALCANÇOU"
"BA";290730;"Castro Alves";100;1;2;50;"Sim";-50;"ALCANÇOU"
"BA";290740;"Catolândia";0;0;0;0;"Sim";0;"ALCANÇOU"
"BA";290750;"Catu";25;1;3;33,3333333333333;"Não";8,3;"NÃO ALCANÇOU"
"BA";290755;"Caturama";0;0;0;0;"Sim";0;"ALCANÇOU"
"BA";290760;"Central";0;0;0;0;"Sim";0;"ALCANÇOU"
"BA";290770;"Chorrochó";0;0;1;0;"Sim";0;"ALCANÇOU"
"BA";290780;"Cícero Dantas";100;1;1;100;"Não";0;"NÃO ALCANÇOU"
"BA";290790;"Cipó";50;0;1;0;"Sim";-50;"ALCANÇOU"
"BA";290800;"Coaraci";40;1;1;100;"Não";60;"NÃO ALCANÇOU"
"BA";290810;"Cocos";0;0;0;0;"Sim";0;"ALCANÇOU"
"BA";290820;"Conceição da Feira";0;0;2;0;"Sim";0;"ALCANÇOU"
"BA";290830;"Conceição do Almeida";0;3;3;100;"Não";100;"NÃO ALCANÇOU"
"BA";290840;"Conceição do Coité";20;2;5;40;"Não";20;"NÃO ALCANÇOU"
"BA";290850;"Conceição do Jacuípe";50;1;2;50;"Não";0;"NÃO ALCANÇOU"
"BA";290860;"Conde";66,6666666666667;1;6;16,6666666666667;"Sim";-50;"ALCANÇOU"
"BA";290870;"Condeúba";0;0;1;0;"Sim";0;"ALCANÇOU"
"BA";290880;"Contendas do Sincorá";0;0;0;0;"Sim";0;"ALCANÇOU"
"BA";290890;"Coração de Maria";0;1;6;16,6666666666667;"Não";16,7;"NÃO ALCANÇOU"
"BA";290900;"Cordeiros";0;0;0;0;"Sim";0;"ALCANÇOU"
"BA";290910;"Coribe";0;0;1;0;"Sim";0;"ALCANÇOU"
"BA";290920;"Coronel João Sá";0;0;1;0;"Sim";0;"ALCANÇOU"
"BA";290930;"Correntina";0;0;0;0;"Sim";0;"ALCANÇOU"
"BA";290940;"Cotegipe";0;0;0;0;"Sim";0;"ALCANÇOU"
"BA";290950;"Cravolândia";0;0;0;0;"Sim";0;"ALCANÇOU"
"BA";290960;"Crisópolis";0;1;2;50;"Não";50;"NÃO ALCANÇOU"
"BA";290970;"Cristópolis";0;0;0;0;"Sim";0;"ALCANÇOU"
"BA";290980;"Cruz das Almas";0;1;11;9,09090909090909;"Não";9,1;"NÃO ALCANÇOU"
"BA";290990;"Curaçá";0;2;6;33,3333333333333;"Não";33,3;"NÃO ALCANÇOU"
"BA";291000;"Dário Meira";0;0;0;0;"Sim";0;"ALCANÇOU"
"BA";291005;"Dias d'Ávila";35,2941176470588;5;13;38,4615384615385;"Não";3,2;"NÃO ALCANÇOU"
"BA";291010;"Dom Basílio";0;0;0;0;"Sim";0;"ALCANÇOU"
"BA";291020;"Dom Macedo Costa";0;0;0;0;"Sim";0;"ALCANÇOU"
"BA";291030;"Elísio Medrado";0;0;0;0;"Sim";0;"ALCANÇOU"
"BA";291040;"Encruzilhada";100;2;2;100;"Não";0;"NÃO ALCANÇOU"
"BA";291050;"Entre Rios";20;2;7;28,5714285714286;"Não";8,6;"NÃO ALCANÇOU"
"BA";291060;"Esplanada";42,8571428571428;1;5;20;"Sim";-22,9;"ALCANÇOU"
"BA";291070;"Euclides da Cunha";40;0;3;0;"Sim";-40;"ALCANÇOU"
"BA";291072;"Eunápolis";29,7297297297297;10;34;29,4117647058823;"Não";-0,32;"NÃO ALCANÇOU"
"BA";291075;"Fátima";0;1;2;50;"Não";50;"NÃO ALCANÇOU"
"BA";291077;"Feira da Mata";0;0;0;0;"Sim";0;"ALCANÇOU"
"BA";291080;"Feira de Santana";21,7948717948718;51;221;23,0769230769231;"Não";1,3;"NÃO ALCANÇOU"
"BA";291085;"Filadélfia";0;1;3;33,3333333333333;"Não";33,3;"NÃO ALCANÇOU"
"BA";291090;"Firmino Alves";100;0;0;0;"Sim";-100;"ALCANÇOU"
"BA";291100;"Floresta Azul";0;3;4;75;"Não";75;"NÃO ALCANÇOU"
"BA";291110;"Formosa do Rio Preto";33,3333333333333;1;1;100;"Não";66,7;"NÃO ALCANÇOU"
"BA";291120;"Gandu";0;2;6;33,3333333333333;"Não";33,3;"NÃO ALCANÇOU"
"BA";291125;"Gavião";0;0;1;0;"Sim";0;"ALCANÇOU"
"BA";291130;"Gentio do Ouro";100;1;1;100;"Não";0;"NÃO ALCANÇOU"
"BA";291140;"Glória";0;0;0;0;"Sim";0;"ALCANÇOU"
"BA";291150;"Gongogi";0;0;0;0;"Sim";0;"ALCANÇOU"
"BA";291160;"Governador Mangabeira";0;1;1;100;"Não";100;"NÃO ALCANÇOU"
"BA";291165;"Guajeru";100;0;0;0;"Sim";-100;"ALCANÇOU"
"BA";291170;"Guanambi";28,5714285714286;0;8;0;"Sim";-28,6;"ALCANÇOU"
"BA";291180;"Guaratinga";33,3333333333333;1;2;50;"Não";16,7;"NÃO ALCANÇOU"
"BA";291185;"Heliópolis";0;0;0;0;"Sim";0;"ALCANÇOU"
"BA";291190;"Iaçu";0;0;2;0;"Sim";0;"ALCANÇOU"
"BA";291200;"Ibiassucê";0;0;1;0;"Sim";0;"ALCANÇOU"
"BA";291210;"Ibicaraí";0;0;2;0;"Sim";0;"ALCANÇOU"
"BA";291220;"Ibicoara";0;2;5;40;"Não";40;"NÃO ALCANÇOU"
"BA";291230;"Ibicuí";0;0;0;0;"Sim";0;"ALCANÇOU"
"BA";291240;"Ibipeba";0;0;2;0;"Sim";0;"ALCANÇOU"
"BA";291250;"Ibipitanga";100;2;2;100;"Não";0;"NÃO ALCANÇOU"
"BA";291260;"Ibiquera";0;0;0;0;"Sim";0;"ALCANÇOU"
"BA";291270;"Ibirapitanga";66,6666666666667;0;0;0;"Sim";-66,7;"ALCANÇOU"
"BA";291280;"Ibirapuã";0;0;1;0;"Sim";0;"ALCANÇOU"
"BA";291290;"Ibirataia";0;4;10;40;"Não";40;"NÃO ALCANÇOU"
"BA";291300;"Ibitiara";0;0;2;0;"Sim";0;"ALCANÇOU"
"BA";291310;"Ibititá";0;0;2;0;"Sim";0;"ALCANÇOU"
"BA";291320;"Ibotirama";50;1;3;33,3333333333333;"Sim";-16,7;"ALCANÇOU"
"BA";291330;"Ichu";0;0;0;0;"Sim";0;"ALCANÇOU"
"BA";291340;"Igaporã";100;1;1;100;"Não";0;"NÃO ALCANÇOU"
"BA";291345;"Igrapiúna";0;0;0;0;"Sim";0;"ALCANÇOU"
"BA";291350;"Iguaí";100;0;0;0;"Sim";-100;"ALCANÇOU"
"BA";291360;"Ilhéus";29,8701298701299;23;61;37,7049180327869;"Não";7,8;"NÃO ALCANÇOU"
"BA";291370;"Inhambupe";25;0;3;0;"Sim";-25;"ALCANÇOU"
"BA";291380;"Ipecaetá";50;0;1;0;"Sim";-50;"ALCANÇOU"
"BA";291390;"Ipiaú";15,3846153846154;2;15;13,3333333333333;"Sim";-2,1;"ALCANÇOU"
"BA";291400;"Ipirá";33,3333333333333;4;6;66,6666666666667;"Não";33,3;"NÃO ALCANÇOU"
"BA";291410;"Ipupiara";0;0;0;0;"Sim";0;"ALCANÇOU"
"BA";291420;"Irajuba";0;0;0;0;"Sim";0;"ALCANÇOU"
"BA";291430;"Iramaia";0;0;0;0;"Sim";0;"ALCANÇOU"
"BA";291440;"Iraquara";33,3333333333333;1;2;50;"Não";16,7;"NÃO ALCANÇOU"
"BA";291450;"Irará";33,3333333333333;0;0;0;"Sim";-33,3;"ALCANÇOU"
"BA";291460;"Irecê";0;5;13;38,4615384615385;"Não";38,5;"NÃO ALCANÇOU"
"BA";291465;"Itabela";22,2222222222222;5;19;26,3157894736842;"Não";4,1;"NÃO ALCANÇOU"
"BA";291470;"Itaberaba";33,3333333333333;3;9;33,3333333333333;"Não";0;"NÃO ALCANÇOU"
"BA";291480;"Itabuna";29,1666666666667;27;69;39,1304347826087;"Não";10;"NÃO ALCANÇOU"
"BA";291490;"Itacaré";33,3333333333333;3;5;60;"Não";26,7;"NÃO ALCANÇOU"
"BA";291500;"Itaeté";0;0;2;0;"Sim";0;"ALCANÇOU"
"BA";291510;"Itagi";0;0;0;0;"Sim";0;"ALCANÇOU"
"BA";291520;"Itagibá";0;0;3;0;"Sim";0;"ALCANÇOU"
"BA";291530;"Itagimirim";0;0;0;0;"Sim";0;"ALCANÇOU"
"BA";291535;"Itaguaçu da Bahia";0;1;2;50;"Não";50;"NÃO ALCANÇOU"
"BA";291540;"Itaju do Colônia";0;0;0;0;"Sim";0;"ALCANÇOU"
"BA";291550;"Itajuípe";25;1;8;12,5;"Sim";-12,5;"ALCANÇOU"
"BA";291560;"Itamaraju";15,7894736842105;11;20;55;"Não";39,2;"NÃO ALCANÇOU"
"BA";291570;"Itamari";0;0;0;0;"Sim";0;"ALCANÇOU"
"BA";291580;"Itambé";50;1;3;33,3333333333333;"Sim";-16,7;"ALCANÇOU"
"BA";291590;"Itanagra";0;0;1;0;"Sim";0;"ALCANÇOU"
"BA";291600;"Itanhém";100;2;4;50;"Sim";-50;"ALCANÇOU"
"BA";291610;"Itaparica";0;2;2;100;"Não";100;"NÃO ALCANÇOU"
"BA";291620;"Itapé";100;0;1;0;"Sim";-100;"ALCANÇOU"
"BA";291630;"Itapebi";0;0;1;0;"Sim";0;"ALCANÇOU"
"BA";291640;"Itapetinga";30,7692307692308;1;11;9,09090909090909;"Sim";-21,7;"ALCANÇOU"
"BA";291650;"Itapicuru";0;1;5;20;"Não";20;"NÃO ALCANÇOU"
"BA";291660;"Itapitanga";0;0;0;0;"Sim";0;"ALCANÇOU"
"BA";291670;"Itaquara";0;1;2;50;"Não";50;"NÃO ALCANÇOU"
"BA";291680;"Itarantim";0;1;2;50;"Não";50;"NÃO ALCANÇOU"
"BA";291685;"Itatim";100;1;1;100;"Não";0;"NÃO ALCANÇOU"
"BA";291690;"Itiruçu";0;0;0;0;"Sim";0;"ALCANÇOU"
"BA";291700;"Itiúba";75;0;0;0;"Sim";-75;"ALCANÇOU"
"BA";291710;"Itororó";0;1;5;20;"Não";20;"NÃO ALCANÇOU"
"BA";291720;"Ituaçu";100;0;0;0;"Sim";-100;"ALCANÇOU"
"BA";291730;"Ituberá";33,3333333333333;0;4;0;"Sim";-33,3;"ALCANÇOU"
"BA";291733;"Iuiú";0;0;0;0;"Sim";0;"ALCANÇOU"
"BA";291735;"Jaborandi";0;0;0;0;"Sim";0;"ALCANÇOU"
"BA";291740;"Jacaraci";0;0;0;0;"Sim";0;"ALCANÇOU"
"BA";291750;"Jacobina";33,3333333333333;4;7;57,1428571428571;"Não";23,8;"NÃO ALCANÇOU"
"BA";291760;"Jaguaquara";0;0;3;0;"Sim";0;"ALCANÇOU"
"BA";291770;"Jaguarari";33,3333333333333;2;6;33,3333333333333;"Não";0;"NÃO ALCANÇOU"
"BA";291780;"Jaguaripe";0;0;1;0;"Sim";0;"ALCANÇOU"
"BA";291790;"Jandaíra";0;0;1;0;"Sim";0;"ALCANÇOU"
"BA";291800;"Jequié";6,89655172413793;5;29;17,2413793103448;"Não";10,3;"NÃO ALCANÇOU"
"BA";291810;"Jeremoabo";20;1;3;33,3333333333333;"Não";13,3;"NÃO ALCANÇOU"
"BA";291820;"Jiquiriçá";0;1;1;100;"Não";100;"NÃO ALCANÇOU"
"BA";291830;"Jitaúna";0;0;0;0;"Sim";0;"ALCANÇOU"
"BA";291835;"João Dourado";0;0;0;0;"Sim";0;"ALCANÇOU"
"BA";291840;"Juazeiro";29,0909090909091;13;66;19,6969696969697;"Sim";-9,4;"ALCANÇOU"
"BA";291845;"Jucuruçu";0;0;0;0;"Sim";0;"ALCANÇOU"
"BA";291850;"Jussara";0;0;0;0;"Sim";0;"ALCANÇOU"
"BA";291855;"Jussari";0;0;1;0;"Sim";0;"ALCANÇOU"
"BA";291860;"Jussiape";0;0;0;0;"Sim";0;"ALCANÇOU"
"BA";291870;"Lafaiete Coutinho";0;0;1;0;"Sim";0;"ALCANÇOU"
"BA";291875;"Lagoa Real";0;2;3;66,6666666666667;"Não";66,7;"NÃO ALCANÇOU"
"BA";291880;"Laje";0;1;2;50;"Não";50;"NÃO ALCANÇOU"
"BA";291890;"Lajedão";0;0;0;0;"Sim";0;"ALCANÇOU"
"BA";291900;"Lajedinho";0;0;0;0;"Sim";0;"ALCANÇOU"
"BA";291905;"Lajedo do Tabocal";0;1;1;100;"Não";100;"NÃO ALCANÇOU"
"BA";291910;"Lamarão";0;2;2;100;"Não";100;"NÃO ALCANÇOU"
"BA";291915;"Lapão";50;0;2;0;"Sim";-50;"ALCANÇOU"
"BA";291920;"Lauro de Freitas";26,1538461538462;24;87;27,5862068965517;"Não";1,4;"NÃO ALCANÇOU"
"BA";291930;"Lençóis";0;0;0;0;"Sim";0;"ALCANÇOU"
"BA";291940;"Licínio de Almeida";0;0;0;0;"Sim";0;"ALCANÇOU"
"BA";291950;"Livramento de Nossa Senhora";100;1;2;50;"Sim";-50;"ALCANÇOU"
"BA";291955;"Luís Eduardo Magalhães";18,4210526315789;4;21;19,0476190476191;"Não";0,6;"NÃO ALCANÇOU"
"BA";291960;"Macajuba";0;0;0;0;"Sim";0;"ALCANÇOU"
"BA";291970;"Macarani";50;0;3;0;"Sim";-50;"ALCANÇOU"
"BA";291980;"Macaúbas";50;2;2;100;"Não";50;"NÃO ALCANÇOU"
"BA";291990;"Macururé";0;0;0;0;"Sim";0;"ALCANÇOU"
"BA";291992;"Madre de Deus";80;0;1;0;"Sim";-80;"ALCANÇOU"
"BA";291995;"Maetinga";0;0;0;0;"Sim";0;"ALCANÇOU"
"BA";292000;"Maiquinique";100;0;1;0;"Sim";-100;"ALCANÇOU"
"BA";292010;"Mairi";100;2;2;100;"Não";0;"NÃO ALCANÇOU"
"BA";292020;"Malhada";0;0;0;0;"Sim";0;"ALCANÇOU"
"BA";292030;"Malhada de Pedras";0;0;0;0;"Sim";0;"ALCANÇOU"
"BA";292040;"Manoel Vitorino";0;0;1;0;"Sim";0;"ALCANÇOU"
"BA";292045;"Mansidão";0;0;0;0;"Sim";0;"ALCANÇOU"
"BA";292050;"Maracás";50;1;1;100;"Não";50;"NÃO ALCANÇOU"
"BA";292060;"Maragogipe";0;3;3;100;"Não";100;"NÃO ALCANÇOU"
"BA";292070;"Maraú";25;0;0;0;"Sim";-25;"ALCANÇOU"
"BA";292080;"Marcionílio Souza";0;0;0;0;"Sim";0;"ALCANÇOU"
"BA";292090;"Mascote";66,6666666666667;1;1;100;"Não";33,3;"NÃO ALCANÇOU"
"BA";292100;"Mata de São João";25;4;15;26,6666666666667;"Não";1,7;"NÃO ALCANÇOU"
"BA";292105;"Matina";0;0;0;0;"Sim";0;"ALCANÇOU"
"BA";292110;"Medeiros Neto";33,3333333333333;4;9;44,4444444444444;"Não";11,1;"NÃO ALCANÇOU"
"BA";292120;"Miguel Calmon";0;0;0;0;"Sim";0;"ALCANÇOU"
"BA";292130;"Milagres";0;0;0;0;"Sim";0;"ALCANÇOU"
"BA";292140;"Mirangaba";0;0;0;0;"Sim";0;"ALCANÇOU"
"BA";292145;"Mirante";0;0;0;0;"Sim";0;"ALCANÇOU"
"BA";292150;"Monte Santo";66,6666666666667;0;1;0;"Sim";-66,7;"ALCANÇOU"
"BA";292160;"Morpará";0;0;0;0;"Sim";0;"ALCANÇOU"
"BA";292170;"Morro do Chapéu";50;1;7;14,2857142857143;"Sim";-35,7;"ALCANÇOU"
"BA";292180;"Mortugaba";0;0;0;0;"Sim";0;"ALCANÇOU"
"BA";292190;"Mucugê";0;0;0;0;"Sim";0;"ALCANÇOU"
"BA";292200;"Mucuri";20;1;8;12,5;"Sim";-7,5;"ALCANÇOU"
"BA";292205;"Mulungu do Morro";0;0;1;0;"Sim";0;"ALCANÇOU"
"BA";292210;"Mundo Novo";0;0;0;0;"Sim";0;"ALCANÇOU"
"BA";292220;"Muniz Ferreira";0;0;1;0;"Sim";0;"ALCANÇOU"
"BA";292225;"Muquém de São Francisco";0;0;0;0;"Sim";0;"ALCANÇOU"
"BA";292230;"Muritiba";0;0;1;0;"Sim";0;"ALCANÇOU"
"BA";292240;"Mutuípe";100;0;1;0;"Sim";-100;"ALCANÇOU"
"BA";292250;"Nazaré";0;0;5;0;"Sim";0;"ALCANÇOU"
"BA";292260;"Nilo Peçanha";0;0;2;0;"Sim";0;"ALCANÇOU"
"BA";292265;"Nordestina";33,3333333333333;0;0;0;"Sim";-33,3;"ALCANÇOU"
"BA";292270;"Nova Canaã";0;0;0;0;"Sim";0;"ALCANÇOU"
"BA";292273;"Nova Fátima";0;1;1;100;"Não";100;"NÃO ALCANÇOU"
"BA";292275;"Nova Ibiá";0;0;0;0;"Sim";0;"ALCANÇOU"
"BA";292280;"Nova Itarana";0;0;0;0;"Sim";0;"ALCANÇOU"
"BA";292285;"Nova Redenção";0;0;0;0;"Sim";0;"ALCANÇOU"
"BA";292290;"Nova Soure";0;0;1;0;"Sim";0;"ALCANÇOU"
"BA";292300;"Nova Viçosa";44,4444444444444;4;12;33,3333333333333;"Sim";-11,1;"ALCANÇOU"
"BA";292303;"Novo Horizonte";0;0;2;0;"Sim";0;"ALCANÇOU"
"BA";292305;"Novo Triunfo";0;0;0;0;"Sim";0;"ALCANÇOU"
"BA";292310;"Olindina";0;2;3;66,6666666666667;"Não";66,7;"NÃO ALCANÇOU"
"BA";292320;"Oliveira dos Brejinhos";0;0;1;0;"Sim";0;"ALCANÇOU"
"BA";292330;"Ouriçangas";0;0;1;0;"Sim";0;"ALCANÇOU"
"BA";292335;"Ourolândia";0;0;0;0;"Sim";0;"ALCANÇOU"
"BA";292340;"Palmas de Monte Alto";50;0;0;0;"Sim";-50;"ALCANÇOU"
"BA";292350;"Palmeiras";0;0;1;0;"Sim";0;"ALCANÇOU"
"BA";292360;"Paramirim";0;0;1;0;"Sim";0;"ALCANÇOU"
"BA";292370;"Paratinga";0;0;0;0;"Sim";0;"ALCANÇOU"
"BA";292380;"Paripiranga";0;0;0;0;"Sim";0;"ALCANÇOU"
"BA";292390;"Pau Brasil";0;0;1;0;"Sim";0;"ALCANÇOU"
"BA";292400;"Paulo Afonso";22,2222222222222;7;14;50;"Não";27,8;"NÃO ALCANÇOU"
"BA";292405;"Pé de Serra";0;0;0;0;"Sim";0;"ALCANÇOU"
"BA";292410;"Pedrão";0;0;0;0;"Sim";0;"ALCANÇOU"
"BA";292420;"Pedro Alexandre";0;0;0;0;"Sim";0;"ALCANÇOU"
"BA";292430;"Piatã";0;0;0;0;"Sim";0;"ALCANÇOU"
"BA";292440;"Pilão Arcado";0;0;1;0;"Sim";0;"ALCANÇOU"
"BA";292450;"Pindaí";0;0;0;0;"Sim";0;"ALCANÇOU"
"BA";292460;"Pindobaçu";0;1;2;50;"Não";50;"NÃO ALCANÇOU"
"BA";292465;"Pintadas";0;0;0;0;"Sim";0;"ALCANÇOU"
"BA";292467;"Piraí do Norte";0;1;1;100;"Não";100;"NÃO ALCANÇOU"
"BA";292470;"Piripá";0;0;2;0;"Sim";0;"ALCANÇOU"
"BA";292480;"Piritiba";0;0;2;0;"Sim";0;"ALCANÇOU"
"BA";292490;"Planaltino";0;0;0;0;"Sim";0;"ALCANÇOU"
"BA";292500;"Planalto";0;1;2;50;"Não";50;"NÃO ALCANÇOU"
"BA";292510;"Poções";0;2;9;22,2222222222222;"Não";22,2;"NÃO ALCANÇOU"
"BA";292520;"Pojuca";50;5;9;55,5555555555556;"Não";5,6;"NÃO ALCANÇOU"
"BA";292525;"Ponto Novo";0;0;0;0;"Sim";0;"ALCANÇOU"
"BA";292530;"Porto Seguro";28,2051282051282;16;94;17,0212765957447;"Sim";-11,2;"ALCANÇOU"
"BA";292540;"Potiraguá";0;0;0;0;"Sim";0;"ALCANÇOU"
"BA";292550;"Prado";50;3;7;42,8571428571428;"Sim";-7,1;"ALCANÇOU"
"BA";292560;"Presidente Dutra";0;0;0;0;"Sim";0;"ALCANÇOU"
"BA";292570;"Presidente Jânio Quadros";0;0;1;0;"Sim";0;"ALCANÇOU"
"BA";292575;"Presidente Tancredo Neves";33,3333333333333;1;4;25;"Sim";-8,3;"ALCANÇOU"
"BA";292580;"Queimadas";60;2;5;40;"Sim";-20;"ALCANÇOU"
"BA";292590;"Quijingue";0;0;0;0;"Sim";0;"ALCANÇOU"
"BA";292593;"Quixabeira";0;0;0;0;"Sim";0;"ALCANÇOU"
"BA";292595;"Rafael Jambeiro";50;1;1;100;"Não";50;"NÃO ALCANÇOU"
"BA";292600;"Remanso";0;0;6;0;"Sim";0;"ALCANÇOU"
"BA";292610;"Retirolândia";0;1;1;100;"Não";100;"NÃO ALCANÇOU"
"BA";292620;"Riachão das Neves";0;0;1;0;"Sim";0;"ALCANÇOU"
"BA";292630;"Riachão do Jacuípe";0;1;3;33,3333333333333;"Não";33,3;"NÃO ALCANÇOU"
"BA";292640;"Riacho de Santana";0;0;1;0;"Sim";0;"ALCANÇOU"
"BA";292650;"Ribeira do Amparo";0;0;0;0;"Sim";0;"ALCANÇOU"
"BA";292660;"Ribeira do Pombal";36,3636363636364;0;3;0;"Sim";-36,4;"ALCANÇOU"
"BA";292665;"Ribeirão do Largo";0;0;0;0;"Sim";0;"ALCANÇOU"
"BA";292670;"Rio de Contas";0;1;1;100;"Não";100;"NÃO ALCANÇOU"
"BA";292680;"Rio do Antônio";100;0;0;0;"Sim";-100;"ALCANÇOU"
"BA";292690;"Rio do Pires";0;0;0;0;"Sim";0;"ALCANÇOU"
"BA";292700;"Rio Real";0;0;2;0;"Sim";0;"ALCANÇOU"
"BA";292710;"Rodelas";50;1;1;100;"Não";50;"NÃO ALCANÇOU"
"BA";292720;"Ruy Barbosa";20;4;8;50;"Não";30;"NÃO ALCANÇOU"
"BA";292730;"Salinas da Margarida";25;0;1;0;"Sim";-25;"ALCANÇOU"
"BA";292740;"Salvador";27,3960216998192;313;1100;28,4545454545454;"Não";1,1;"NÃO ALCANÇOU"
"BA";292750;"Santa Bárbara";0;2;4;50;"Não";50;"NÃO ALCANÇOU"
"BA";292760;"Santa Brígida";0;1;1;100;"Não";100;"NÃO ALCANÇOU"
"BA";292770;"Santa Cruz Cabrália";12,5;4;9;44,4444444444444;"Não";31,9;"NÃO ALCANÇOU"
"BA";292780;"Santa Cruz da Vitória";0;0;0;0;"Sim";0;"ALCANÇOU"
"BA";292790;"Santa Inês";0;0;0;0;"Sim";0;"ALCANÇOU"
"BA";292800;"Santaluz";100;1;2;50;"Sim";-50;"ALCANÇOU"
"BA";292805;"Santa Luzia";0;0;2;0;"Sim";0;"ALCANÇOU"
"BA";292810;"Santa Maria da Vitória";50;0;0;0;"Sim";-50;"ALCANÇOU"
"BA";292820;"Santana";0;0;0;0;"Sim";0;"ALCANÇOU"
"BA";292830;"Santanópolis";0;0;0;0;"Sim";0;"ALCANÇOU"
"BA";292840;"Santa Rita de Cássia";0;2;5;40;"Não";40;"NÃO ALCANÇOU"
"BA";292850;"Santa Teresinha";0;0;0;0;"Sim";0;"ALCANÇOU"
"BA";292860;"Santo Amaro";33,3333333333333;3;9;33,3333333333333;"Não";0;"NÃO ALCANÇOU"
"BA";292870;"Santo Antônio de Jesus";22,2222222222222;3;19;15,7894736842105;"Sim";-6,4;"ALCANÇOU"
"BA";292880;"Santo Estêvão";50;1;4;25;"Sim";-25;"ALCANÇOU"
"BA";292890;"São Desidério";0;3;3;100;"Não";100;"NÃO ALCANÇOU"
"BA";292895;"São Domingos";0;0;0;0;"Sim";0;"ALCANÇOU"
"BA";292900;"São Félix";0;0;2;0;"Sim";0;"ALCANÇOU"
"BA";292905;"São Félix do Coribe";0;0;2;0;"Sim";0;"ALCANÇOU"
"BA";292910;"São Felipe";0;1;2;50;"Não";50;"NÃO ALCANÇOU"
"BA";292920;"São Francisco do Conde";25;4;11;36,3636363636364;"Não";11,4;"NÃO ALCANÇOU"
"BA";292925;"São Gabriel";0;0;2;0;"Sim";0;"ALCANÇOU"
"BA";292930;"São Gonçalo dos Campos";66,6666666666667;0;2;0;"Sim";-66,7;"ALCANÇOU"
"BA";292935;"São José da Vitória";0;1;3;33,3333333333333;"Não";33,3;"NÃO ALCANÇOU"
"BA";292937;"São José do Jacuípe";0;0;0;0;"Sim";0;"ALCANÇOU"
"BA";292940;"São Miguel das Matas";0;1;2;50;"Não";50;"NÃO ALCANÇOU"
"BA";292950;"São Sebastião do Passé";0;2;7;28,5714285714286;"Não";28,6;"NÃO ALCANÇOU"
"BA";292960;"Sapeaçu";50;1;5;20;"Sim";-30;"ALCANÇOU"
"BA";292970;"Sátiro Dias";0;0;0;0;"Sim";0;"ALCANÇOU"
"BA";292975;"Saubara";0;1;1;100;"Não";100;"NÃO ALCANÇOU"
"BA";292980;"Saúde";0;0;0;0;"Sim";0;"ALCANÇOU"
"BA";292990;"Seabra";33,3333333333333;1;1;100;"Não";66,7;"NÃO ALCANÇOU"
"BA";293000;"Sebastião Laranjeiras";0;0;0;0;"Sim";0;"ALCANÇOU"
"BA";293010;"Senhor do Bonfim";10;3;16;18,75;"Não";8,8;"NÃO ALCANÇOU"
"BA";293015;"Serra do Ramalho";33,3333333333333;2;3;66,6666666666667;"Não";33,3;"NÃO ALCANÇOU"
"BA";293020;"Sento Sé";0;1;1;100;"Não";100;"NÃO ALCANÇOU"
"BA";293030;"Serra Dourada";0;0;0;0;"Sim";0;"ALCANÇOU"
"BA";293040;"Serra Preta";0;2;3;66,6666666666667;"Não";66,7;"NÃO ALCANÇOU"
"BA";293050;"Serrinha";30;6;21;28,5714285714286;"Sim";-1,4;"ALCANÇOU"
"BA";293060;"Serrolândia";0;0;1;0;"Sim";0;"ALCANÇOU"
"BA";293070;"Simões Filho";18,9189189189189;8;29;27,5862068965517;"Não";8,7;"NÃO ALCANÇOU"
"BA";293075;"Sítio do Mato";0;0;1;0;"Sim";0;"ALCANÇOU"
"BA";293076;"Sítio do Quinto";0;0;0;0;"Sim";0;"ALCANÇOU"
"BA";293077;"Sobradinho";50;1;2;50;"Não";0;"NÃO ALCANÇOU"
"BA";293080;"Souto Soares";0;0;0;0;"Sim";0;"ALCANÇOU"
"BA";293090;"Tabocas do Brejo Velho";0;1;2;50;"Não";50;"NÃO ALCANÇOU"
"BA";293100;"Tanhaçu";0;0;1;0;"Sim";0;"ALCANÇOU"
"BA";293105;"Tanque Novo";0;0;0;0;"Sim";0;"ALCANÇOU"
"BA";293110;"Tanquinho";50;0;1;0;"Sim";-50;"ALCANÇOU"
"BA";293120;"Taperoá";0;0;0;0;"Sim";0;"ALCANÇOU"
"BA";293130;"Tapiramutá";100;1;1;100;"Não";0;"NÃO ALCANÇOU"
"BA";293135;"Teixeira de Freitas";17,5438596491228;8;35;22,8571428571429;"Não";5,3;"NÃO ALCANÇOU"
"BA";293140;"Teodoro Sampaio";0;0;2;0;"Sim";0;"ALCANÇOU"
"BA";293150;"Teofilândia";100;0;2;0;"Sim";-100;"ALCANÇOU"
"BA";293160;"Teolândia";0;0;2;0;"Sim";0;"ALCANÇOU"
"BA";293170;"Terra Nova";40;0;1;0;"Sim";-40;"ALCANÇOU"
"BA";293180;"Tremedal";0;0;0;0;"Sim";0;"ALCANÇOU"
"BA";293190;"Tucano";0;0;4;0;"Sim";0;"ALCANÇOU"
"BA";293200;"Uauá";0;0;1;0;"Sim";0;"ALCANÇOU"
"BA";293210;"Ubaíra";100;0;0;0;"Sim";-100;"ALCANÇOU"
"BA";293220;"Ubaitaba";25;2;6;33,3333333333333;"Não";8,3;"NÃO ALCANÇOU"
"BA";293230;"Ubatã";40;0;0;0;"Sim";-40;"ALCANÇOU"
"BA";293240;"Uibaí";0;0;0;0;"Sim";0;"ALCANÇOU"
"BA";293245;"Umburanas";0;1;1;100;"Não";100;"NÃO ALCANÇOU"
"BA";293250;"Una";50;0;1;0;"Sim";-50;"ALCANÇOU"
"BA";293260;"Urandi";0;0;0;0;"Sim";0;"ALCANÇOU"
"BA";293270;"Uruçuca";0;1;1;100;"Não";100;"NÃO ALCANÇOU"
"BA";293280;"Utinga";0;0;0;0;"Sim";0;"ALCANÇOU"
"BA";293290;"Valença";26,6666666666667;3;14;21,4285714285714;"Sim";-5,2;"ALCANÇOU"
"BA";293300;"Valente";100;0;1;0;"Sim";-100;"ALCANÇOU"
"BA";293305;"Várzea da Roça";0;0;0;0;"Sim";0;"ALCANÇOU"
"BA";293310;"Várzea do Poço";0;0;0;0;"Sim";0;"ALCANÇOU"
"BA";293315;"Várzea Nova";0;0;1;0;"Sim";0;"ALCANÇOU"
"BA";293317;"Varzedo";33,3333333333333;0;1;0;"Sim";-33,3;"ALCANÇOU"
"BA";293320;"Vera Cruz";12,5;1;11;9,09090909090909;"Sim";-3,4;"ALCANÇOU"
"BA";293325;"Vereda";100;0;0;0;"Sim";-100;"ALCANÇOU"
"BA";293330;"Vitória da Conquista";35,4838709677419;30;109;27,5229357798165;"Sim";-8;"ALCANÇOU"
"BA";293340;"Wagner";0;1;1;100;"Não";100;"NÃO ALCANÇOU"
"BA";293345;"Wanderley";0;0;0;0;"Sim";0;"ALCANÇOU"
"BA";293350;"Wenceslau Guimarães";25;0;2;0;"Sim";-25;"ALCANÇOU"
"BA";293360;"Xique-Xique";50;1;3;33,3333333333333;"Sim";-16,7;"ALCANÇOU"
"MG";310010;"Abadia dos Dourados";0;0;0;0;"Sim";0;"ALCANÇOU"
"MG";310020;"Abaeté";0;0;3;0;"Sim";0;"ALCANÇOU"
"MG";310030;"Abre Campo";0;0;0;0;"Sim";0;"ALCANÇOU"
"MG";310040;"Acaiaca";0;0;0;0;"Sim";0;"ALCANÇOU"
"MG";310050;"Açucena";0;0;0;0;"Sim";0;"ALCANÇOU"
"MG";310060;"Água Boa";0;0;3;0;"Sim";0;"ALCANÇOU"
"MG";310070;"Água Comprida";0;0;0;0;"Sim";0;"ALCANÇOU"
"MG";310080;"Aguanil";0;0;0;0;"Sim";0;"ALCANÇOU"
"MG";310090;"Águas Formosas";33,3333333333333;1;5;20;"Sim";-13,3;"ALCANÇOU"
"MG";310100;"Águas Vermelhas";0;0;0;0;"Sim";0;"ALCANÇOU"
"MG";310110;"Aimorés";0;1;2;50;"Não";50;"NÃO ALCANÇOU"
"MG";310120;"Aiuruoca";0;1;1;100;"Não";100;"NÃO ALCANÇOU"
"MG";310130;"Alagoa";0;0;0;0;"Sim";0;"ALCANÇOU"
"MG";310140;"Albertina";0;0;1;0;"Sim";0;"ALCANÇOU"
"MG";310150;"Além Paraíba";25;4;7;57,1428571428571;"Não";32,1;"NÃO ALCANÇOU"
"MG";310160;"Alfenas";23,5294117647059;0;13;0;"Sim";-23,5;"ALCANÇOU"
"MG";310163;"Alfredo Vasconcelos";0;0;0;0;"Sim";0;"ALCANÇOU"
"MG";310170;"Almenara";0;1;4;25;"Não";25;"NÃO ALCANÇOU"
"MG";310180;"Alpercata";0;0;0;0;"Sim";0;"ALCANÇOU"
"MG";310190;"Alpinópolis";33,3333333333333;1;2;50;"Não";16,7;"NÃO ALCANÇOU"
"MG";310200;"Alterosa";0;1;1;100;"Não";100;"NÃO ALCANÇOU"
"MG";310205;"Alto Caparaó";0;0;1;0;"Sim";0;"ALCANÇOU"
"MG";310210;"Alto Rio Doce";0;0;0;0;"Sim";0;"ALCANÇOU"
"MG";310220;"Alvarenga";0;0;0;0;"Sim";0;"ALCANÇOU"
"MG";310230;"Alvinópolis";0;0;2;0;"Sim";0;"ALCANÇOU"
"MG";310240;"Alvorada de Minas";0;0;0;0;"Sim";0;"ALCANÇOU"
"MG";310250;"Amparo do Serra";0;0;0;0;"Sim";0;"ALCANÇOU"
"MG";310260;"Andradas";33,3333333333333;0;2;0;"Sim";-33,3;"ALCANÇOU"
"MG";310270;"Cachoeira de Pajeú";0;0;0;0;"Sim";0;"ALCANÇOU"
"MG";310280;"Andrelândia";0;0;1;0;"Sim";0;"ALCANÇOU"
"MG";310285;"Angelândia";0;0;0;0;"Sim";0;"ALCANÇOU"
"MG";310290;"Antônio Carlos";33,3333333333333;0;2;0;"Sim";-33,3;"ALCANÇOU"
"MG";310300;"Antônio Dias";0;0;0;0;"Sim";0;"ALCANÇOU"
"MG";310310;"Antônio Prado de Minas";0;0;0;0;"Sim";0;"ALCANÇOU"
"MG";310320;"Araçaí";0;0;1;0;"Sim";0;"ALCANÇOU"
"MG";310330;"Aracitaba";0;0;0;0;"Sim";0;"ALCANÇOU"
"MG";310340;"Araçuaí";0;0;6;0;"Sim";0;"ALCANÇOU"
"MG";310350;"Araguari";24;10;36;27,7777777777778;"Não";3,8;"NÃO ALCANÇOU"
"MG";310360;"Arantina";0;0;0;0;"Sim";0;"ALCANÇOU"
"MG";310370;"Araponga";0;0;0;0;"Sim";0;"ALCANÇOU"
"MG";310375;"Araporã";0;1;3;33,3333333333333;"Não";33,3;"NÃO ALCANÇOU"
"MG";310380;"Arapuá";0;0;0;0;"Sim";0;"ALCANÇOU"
"MG";310390;"Araújos";0;0;2;0;"Sim";0;"ALCANÇOU"
"MG";310400;"Araxá";13,6363636363636;3;18;16,6666666666667;"Não";3;"NÃO ALCANÇOU"
"MG";310410;"Arceburgo";0;0;0;0;"Sim";0;"ALCANÇOU"
"MG";310420;"Arcos";11,1111111111111;2;4;50;"Não";38,9;"NÃO ALCANÇOU"
"MG";310430;"Areado";0;0;0;0;"Sim";0;"ALCANÇOU"
"MG";310440;"Argirita";0;0;1;0;"Sim";0;"ALCANÇOU"
"MG";310445;"Aricanduva";0;0;0;0;"Sim";0;"ALCANÇOU"
"MG";310450;"Arinos";0;1;2;50;"Não";50;"NÃO ALCANÇOU"
"MG";310460;"Astolfo Dutra";0;0;0;0;"Sim";0;"ALCANÇOU"
"MG";310470;"Ataléia";0;0;0;0;"Sim";0;"ALCANÇOU"
"MG";310480;"Augusto de Lima";0;0;0;0;"Sim";0;"ALCANÇOU"
"MG";310490;"Baependi";0;0;2;0;"Sim";0;"ALCANÇOU"
"MG";310500;"Baldim";0;0;0;0;"Sim";0;"ALCANÇOU"
"MG";310510;"Bambuí";66,6666666666667;0;4;0;"Sim";-66,7;"ALCANÇOU"
"MG";310520;"Bandeira";0;0;0;0;"Sim";0;"ALCANÇOU"
"MG";310530;"Bandeira do Sul";0;0;0;0;"Sim";0;"ALCANÇOU"
"MG";310540;"Barão de Cocais";0;3;9;33,3333333333333;"Não";33,3;"NÃO ALCANÇOU"
"MG";310550;"Barão de Monte Alto";0;0;0;0;"Sim";0;"ALCANÇOU"
"MG";310560;"Barbacena";17,6470588235294;6;16;37,5;"Não";19,9;"NÃO ALCANÇOU"
"MG";310570;"Barra Longa";0;0;1;0;"Sim";0;"ALCANÇOU"
"MG";310590;"Barroso";0;1;4;25;"Não";25;"NÃO ALCANÇOU"
"MG";310600;"Bela Vista de Minas";0;0;1;0;"Sim";0;"ALCANÇOU"
"MG";310610;"Belmiro Braga";0;0;1;0;"Sim";0;"ALCANÇOU"
"MG";310620;"Belo Horizonte";19,6396396396396;103;626;16,4536741214058;"Sim";-3,2;"ALCANÇOU"
"MG";310630;"Belo Oriente";100;0;4;0;"Sim";-100;"ALCANÇOU"
"MG";310640;"Belo Vale";0;0;0;0;"Sim";0;"ALCANÇOU"
"MG";310650;"Berilo";0;0;0;0;"Sim";0;"ALCANÇOU"
"MG";310660;"Bertópolis";0;1;1;100;"Não";100;"NÃO ALCANÇOU"
"MG";310665;"Berizal";0;0;0;0;"Sim";0;"ALCANÇOU"
"MG";310670;"Betim";20,2380952380952;26;93;27,9569892473118;"Não";7,7;"NÃO ALCANÇOU"
"MG";310680;"Bias Fortes";100;1;1;100;"Não";0;"NÃO ALCANÇOU"
"MG";310690;"Bicas";50;0;0;0;"Sim";-50;"ALCANÇOU"
"MG";310700;"Biquinhas";0;0;0;0;"Sim";0;"ALCANÇOU"
"MG";310710;"Boa Esperança";16,6666666666667;3;7;42,8571428571428;"Não";26,2;"NÃO ALCANÇOU"
"MG";310720;"Bocaina de Minas";0;0;0;0;"Sim";0;"ALCANÇOU"
"MG";310730;"Bocaiúva";16,6666666666667;2;9;22,2222222222222;"Não";5,6;"NÃO ALCANÇOU"
"MG";310740;"Bom Despacho";11,1111111111111;3;9;33,3333333333333;"Não";22,2;"NÃO ALCANÇOU"
"MG";310750;"Bom Jardim de Minas";0;0;0;0;"Sim";0;"ALCANÇOU"
"MG";310760;"Bom Jesus da Penha";0;0;0;0;"Sim";0;"ALCANÇOU"
"MG";310770;"Bom Jesus do Amparo";0;0;0;0;"Sim";0;"ALCANÇOU"
"MG";310780;"Bom Jesus do Galho";0;0;2;0;"Sim";0;"ALCANÇOU"
"MG";310790;"Bom Repouso";0;0;0;0;"Sim";0;"ALCANÇOU"
"MG";310800;"Bom Sucesso";50;0;0;0;"Sim";-50;"ALCANÇOU"
"MG";310810;"Bonfim";0;1;1;100;"Não";100;"NÃO ALCANÇOU"
"MG";310820;"Bonfinópolis de Minas";0;0;0;0;"Sim";0;"ALCANÇOU"
"MG";310825;"Bonito de Minas";0;0;0;0;"Sim";0;"ALCANÇOU"
"MG";310830;"Borda da Mata";0;0;1;0;"Sim";0;"ALCANÇOU"
"MG";310840;"Botelhos";0;0;1;0;"Sim";0;"ALCANÇOU"
"MG";310850;"Botumirim";0;0;0;0;"Sim";0;"ALCANÇOU"
"MG";310855;"Brasilândia de Minas";0;1;2;50;"Não";50;"NÃO ALCANÇOU"
"MG";310860;"Brasília de Minas";0;1;1;100;"Não";100;"NÃO ALCANÇOU"
"MG";310870;"Brás Pires";0;0;0;0;"Sim";0;"ALCANÇOU"
"MG";310880;"Braúnas";0;0;0;0;"Sim";0;"ALCANÇOU"
"MG";310890;"Brazópolis";0;0;2;0;"Sim";0;"ALCANÇOU"
"MG";310900;"Brumadinho";12,5;2;6;33,3333333333333;"Não";20,8;"NÃO ALCANÇOU"
"MG";310910;"Bueno Brandão";0;0;0;0;"Sim";0;"ALCANÇOU"
"MG";310920;"Buenópolis";0;0;0;0;"Sim";0;"ALCANÇOU"
"MG";310925;"Bugre";0;0;0;0;"Sim";0;"ALCANÇOU"
"MG";310930;"Buritis";0;0;1;0;"Sim";0;"ALCANÇOU"
"MG";310940;"Buritizeiro";0;1;5;20;"Não";20;"NÃO ALCANÇOU"
"MG";310945;"Cabeceira Grande";0;0;1;0;"Sim";0;"ALCANÇOU"
"MG";310950;"Cabo Verde";0;0;2;0;"Sim";0;"ALCANÇOU"
"MG";310960;"Cachoeira da Prata";0;0;0;0;"Sim";0;"ALCANÇOU"
"MG";310970;"Cachoeira de Minas";0;0;0;0;"Sim";0;"ALCANÇOU"
"MG";310980;"Cachoeira Dourada";0;0;1;0;"Sim";0;"ALCANÇOU"
"MG";310990;"Caetanópolis";0;1;5;20;"Não";20;"NÃO ALCANÇOU"
"MG";311000;"Caeté";50;3;10;30;"Sim";-20;"ALCANÇOU"
"MG";311010;"Caiana";0;0;0;0;"Sim";0;"ALCANÇOU"
"MG";311020;"Cajuri";0;0;0;0;"Sim";0;"ALCANÇOU"
"MG";311030;"Caldas";0;0;1;0;"Sim";0;"ALCANÇOU"
"MG";311040;"Camacho";100;0;0;0;"Sim";-100;"ALCANÇOU"
"MG";311050;"Camanducaia";66,6666666666667;2;5;40;"Sim";-26,7;"ALCANÇOU"
"MG";311060;"Cambuí";0;1;1;100;"Não";100;"NÃO ALCANÇOU"
"MG";311070;"Cambuquira";0;0;0;0;"Sim";0;"ALCANÇOU"
"MG";311080;"Campanário";0;1;1;100;"Não";100;"NÃO ALCANÇOU"
"MG";311090;"Campanha";0;1;1;100;"Não";100;"NÃO ALCANÇOU"
"MG";311100;"Campestre";33,3333333333333;0;3;0;"Sim";-33,3;"ALCANÇOU"
"MG";311110;"Campina Verde";0;0;0;0;"Sim";0;"ALCANÇOU"
"MG";311115;"Campo Azul";0;0;0;0;"Sim";0;"ALCANÇOU"
"MG";311120;"Campo Belo";33,3333333333333;3;6;50;"Não";16,7;"NÃO ALCANÇOU"
"MG";311130;"Campo do Meio";0;0;1;0;"Sim";0;"ALCANÇOU"
"MG";311140;"Campo Florido";66,6666666666667;0;0;0;"Sim";-66,7;"ALCANÇOU"
"MG";311150;"Campos Altos";0;1;2;50;"Não";50;"NÃO ALCANÇOU"
"MG";311160;"Campos Gerais";50;1;1;100;"Não";50;"NÃO ALCANÇOU"
"MG";311170;"Canaã";0;0;0;0;"Sim";0;"ALCANÇOU"
"MG";311180;"Canápolis";0;0;0;0;"Sim";0;"ALCANÇOU"
"MG";311190;"Cana Verde";0;0;0;0;"Sim";0;"ALCANÇOU"
"MG";311200;"Candeias";0;0;0;0;"Sim";0;"ALCANÇOU"
"MG";311205;"Cantagalo";0;0;1;0;"Sim";0;"ALCANÇOU"
"MG";311210;"Caparaó";0;0;0;0;"Sim";0;"ALCANÇOU"
"MG";311220;"Capela Nova";0;0;0;0;"Sim";0;"ALCANÇOU"
"MG";311230;"Capelinha";0;1;7;14,2857142857143;"Não";14,3;"NÃO ALCANÇOU"
"MG";311240;"Capetinga";0;0;1;0;"Sim";0;"ALCANÇOU"
"MG";311250;"Capim Branco";50;0;1;0;"Sim";-50;"ALCANÇOU"
"MG";311260;"Capinópolis";40;1;3;33,3333333333333;"Sim";-6,7;"ALCANÇOU"
"MG";311265;"Capitão Andrade";0;0;0;0;"Sim";0;"ALCANÇOU"
"MG";311270;"Capitão Enéas";0;0;2;0;"Sim";0;"ALCANÇOU"
"MG";311280;"Capitólio";0;0;0;0;"Sim";0;"ALCANÇOU"
"MG";311290;"Caputira";0;0;0;0;"Sim";0;"ALCANÇOU"
"MG";311300;"Caraí";0;3;3;100;"Não";100;"NÃO ALCANÇOU"
"MG";311310;"Caranaíba";0;0;0;0;"Sim";0;"ALCANÇOU"
"MG";311320;"Carandaí";100;1;1;100;"Não";0;"NÃO ALCANÇOU"
"MG";311330;"Carangola";66,6666666666667;3;3;100;"Não";33,3;"NÃO ALCANÇOU"
"MG";311340;"Caratinga";10;3;14;21,4285714285714;"Não";11,4;"NÃO ALCANÇOU"
"MG";311350;"Carbonita";0;0;0;0;"Sim";0;"ALCANÇOU"
"MG";311360;"Careaçu";50;0;0;0;"Sim";-50;"ALCANÇOU"
"MG";311370;"Carlos Chagas";0;0;1;0;"Sim";0;"ALCANÇOU"
"MG";311380;"Carmésia";0;0;0;0;"Sim";0;"ALCANÇOU"
"MG";311390;"Carmo da Cachoeira";0;1;2;50;"Não";50;"NÃO ALCANÇOU"
"MG";311400;"Carmo da Mata";25;0;0;0;"Sim";-25;"ALCANÇOU"
"MG";311410;"Carmo de Minas";0;0;0;0;"Sim";0;"ALCANÇOU"
"MG";311420;"Carmo do Cajuru";25;1;2;50;"Não";25;"NÃO ALCANÇOU"
"MG";311430;"Carmo do Paranaíba";25;0;2;0;"Sim";-25;"ALCANÇOU"
"MG";311440;"Carmo do Rio Claro";0;1;2;50;"Não";50;"NÃO ALCANÇOU"
"MG";311450;"Carmópolis de Minas";0;0;0;0;"Sim";0;"ALCANÇOU"
"MG";311455;"Carneirinho";0;0;0;0;"Sim";0;"ALCANÇOU"
"MG";311460;"Carrancas";0;0;0;0;"Sim";0;"ALCANÇOU"
"MG";311470;"Carvalhópolis";0;0;0;0;"Sim";0;"ALCANÇOU"
"MG";311480;"Carvalhos";0;0;1;0;"Sim";0;"ALCANÇOU"
"MG";311490;"Casa Grande";0;0;0;0;"Sim";0;"ALCANÇOU"
"MG";311500;"Cascalho Rico";0;0;0;0;"Sim";0;"ALCANÇOU"
"MG";311510;"Cássia";0;0;1;0;"Sim";0;"ALCANÇOU"
"MG";311520;"Conceição da Barra de Minas";0;0;0;0;"Sim";0;"ALCANÇOU"
"MG";311530;"Cataguases";25;4;7;57,1428571428571;"Não";32,1;"NÃO ALCANÇOU"
"MG";311535;"Catas Altas";0;0;0;0;"Sim";0;"ALCANÇOU"
"MG";311540;"Catas Altas da Noruega";100;0;0;0;"Sim";-100;"ALCANÇOU"
"MG";311545;"Catuji";0;0;0;0;"Sim";0;"ALCANÇOU"
"MG";311547;"Catuti";100;0;1;0;"Sim";-100;"ALCANÇOU"
"MG";311550;"Caxambu";0;0;1;0;"Sim";0;"ALCANÇOU"
"MG";311560;"Cedro do Abaeté";0;0;0;0;"Sim";0;"ALCANÇOU"
"MG";311570;"Central de Minas";25;0;1;0;"Sim";-25;"ALCANÇOU"
"MG";311580;"Centralina";50;0;1;0;"Sim";-50;"ALCANÇOU"
"MG";311590;"Chácara";100;0;0;0;"Sim";-100;"ALCANÇOU"
"MG";311600;"Chalé";0;0;0;0;"Sim";0;"ALCANÇOU"
"MG";311610;"Chapada do Norte";0;0;0;0;"Sim";0;"ALCANÇOU"
"MG";311615;"Chapada Gaúcha";0;0;0;0;"Sim";0;"ALCANÇOU"
"MG";311620;"Chiador";0;0;0;0;"Sim";0;"ALCANÇOU"
"MG";311630;"Cipotânea";0;0;0;0;"Sim";0;"ALCANÇOU"
"MG";311640;"Claraval";0;0;0;0;"Sim";0;"ALCANÇOU"
"MG";311650;"Claro dos Poções";50;0;0;0;"Sim";-50;"ALCANÇOU"
"MG";311660;"Cláudio";33,3333333333333;1;3;33,3333333333333;"Não";0;"NÃO ALCANÇOU"
"MG";311670;"Coimbra";0;0;1;0;"Sim";0;"ALCANÇOU"
"MG";311680;"Coluna";0;1;2;50;"Não";50;"NÃO ALCANÇOU"
"MG";311690;"Comendador Gomes";0;0;1;0;"Sim";0;"ALCANÇOU"
"MG";311700;"Comercinho";0;0;0;0;"Sim";0;"ALCANÇOU"
"MG";311710;"Conceição da Aparecida";0;0;1;0;"Sim";0;"ALCANÇOU"
"MG";311720;"Conceição das Pedras";0;0;0;0;"Sim";0;"ALCANÇOU"
"MG";311730;"Conceição das Alagoas";50;3;5;60;"Não";10;"NÃO ALCANÇOU"
"MG";311740;"Conceição de Ipanema";0;0;0;0;"Sim";0;"ALCANÇOU"
"MG";311750;"Conceição do Mato Dentro";100;0;2;0;"Sim";-100;"ALCANÇOU"
"MG";311760;"Conceição do Pará";0;0;0;0;"Sim";0;"ALCANÇOU"
"MG";311770;"Conceição do Rio Verde";0;0;1;0;"Sim";0;"ALCANÇOU"
"MG";311780;"Conceição dos Ouros";100;2;3;66,6666666666667;"Sim";-33,3;"ALCANÇOU"
"MG";311783;"Cônego Marinho";0;0;0;0;"Sim";0;"ALCANÇOU"
"MG";311787;"Confins";50;0;0;0;"Sim";-50;"ALCANÇOU"
"MG";311790;"Congonhal";0;1;2;50;"Não";50;"NÃO ALCANÇOU"
"MG";311800;"Congonhas";21,4285714285714;1;12;8,33333333333333;"Sim";-13,1;"ALCANÇOU"
"MG";311810;"Congonhas do Norte";0;0;0;0;"Sim";0;"ALCANÇOU"
"MG";311820;"Conquista";0;0;0;0;"Sim";0;"ALCANÇOU"
"MG";311830;"Conselheiro Lafaiete";20,8333333333333;3;15;20;"Não";-0,83;"NÃO ALCANÇOU"
"MG";311840;"Conselheiro Pena";0;1;2;50;"Não";50;"NÃO ALCANÇOU"
"MG";311850;"Consolação";0;0;0;0;"Sim";0;"ALCANÇOU"
"MG";311860;"Contagem";21,8579234972678;47;181;25,9668508287293;"Não";4,1;"NÃO ALCANÇOU"
"MG";311870;"Coqueiral";0;0;0;0;"Sim";0;"ALCANÇOU"
"MG";311880;"Coração de Jesus";0;1;1;100;"Não";100;"NÃO ALCANÇOU"
"MG";311890;"Cordisburgo";0;0;0;0;"Sim";0;"ALCANÇOU"
"MG";311900;"Cordislândia";0;0;1;0;"Sim";0;"ALCANÇOU"
"MG";311910;"Corinto";25;0;6;0;"Sim";-25;"ALCANÇOU"
"MG";311920;"Coroaci";0;0;0;0;"Sim";0;"ALCANÇOU"
"MG";311930;"Coromandel";0;0;5;0;"Sim";0;"ALCANÇOU"
"MG";311940;"Coronel Fabriciano";33,3333333333333;5;15;33,3333333333333;"Não";0;"NÃO ALCANÇOU"
"MG";311950;"Coronel Murta";0;0;1;0;"Sim";0;"ALCANÇOU"
"MG";311960;"Coronel Pacheco";0;0;0;0;"Sim";0;"ALCANÇOU"
"MG";311970;"Coronel Xavier Chaves";0;0;0;0;"Sim";0;"ALCANÇOU"
"MG";311980;"Córrego Danta";0;1;1;100;"Não";100;"NÃO ALCANÇOU"
"MG";311990;"Córrego do Bom Jesus";100;0;1;0;"Sim";-100;"ALCANÇOU"
"MG";311995;"Córrego Fundo";0;1;1;100;"Não";100;"NÃO ALCANÇOU"
"MG";312000;"Córrego Novo";0;1;1;100;"Não";100;"NÃO ALCANÇOU"
"MG";312010;"Couto de Magalhães de Minas";0;0;1;0;"Sim";0;"ALCANÇOU"
"MG";312015;"Crisólita";0;0;0;0;"Sim";0;"ALCANÇOU"
"MG";312020;"Cristais";0;2;4;50;"Não";50;"NÃO ALCANÇOU"
"MG";312030;"Cristália";0;0;0;0;"Sim";0;"ALCANÇOU"
"MG";312040;"Cristiano Otoni";0;1;1;100;"Não";100;"NÃO ALCANÇOU"
"MG";312050;"Cristina";0;0;1;0;"Sim";0;"ALCANÇOU"
"MG";312060;"Crucilândia";0;0;0;0;"Sim";0;"ALCANÇOU"
"MG";312070;"Cruzeiro da Fortaleza";0;0;0;0;"Sim";0;"ALCANÇOU"
"MG";312080;"Cruzília";0;0;0;0;"Sim";0;"ALCANÇOU"
"MG";312083;"Cuparaque";0;0;0;0;"Sim";0;"ALCANÇOU"
"MG";312087;"Curral de Dentro";33,3333333333333;1;1;100;"Não";66,7;"NÃO ALCANÇOU"
"MG";312090;"Curvelo";25;5;18;27,7777777777778;"Não";2,8;"NÃO ALCANÇOU"
"MG";312100;"Datas";0;0;0;0;"Sim";0;"ALCANÇOU"
"MG";312110;"Delfim Moreira";0;0;0;0;"Sim";0;"ALCANÇOU"
"MG";312120;"Delfinópolis";0;0;2;0;"Sim";0;"ALCANÇOU"
"MG";312125;"Delta";0;0;1;0;"Sim";0;"ALCANÇOU"
"MG";312130;"Descoberto";0;0;0;0;"Sim";0;"ALCANÇOU"
"MG";312140;"Desterro de Entre Rios";0;0;0;0;"Sim";0;"ALCANÇOU"
"MG";312150;"Desterro do Melo";0;0;0;0;"Sim";0;"ALCANÇOU"
"MG";312160;"Diamantina";7,69230769230769;2;6;33,3333333333333;"Não";25,6;"NÃO ALCANÇOU"
"MG";312170;"Diogo de Vasconcelos";0;0;0;0;"Sim";0;"ALCANÇOU"
"MG";312180;"Dionísio";0;0;0;0;"Sim";0;"ALCANÇOU"
"MG";312190;"Divinésia";0;0;1;0;"Sim";0;"ALCANÇOU"
"MG";312200;"Divino";0;1;1;100;"Não";100;"NÃO ALCANÇOU"
"MG";312210;"Divino das Laranjeiras";0;0;0;0;"Sim";0;"ALCANÇOU"
"MG";312220;"Divinolândia de Minas";0;1;1;100;"Não";100;"NÃO ALCANÇOU"
"MG";312230;"Divinópolis";15,7894736842105;13;57;22,8070175438597;"Não";7;"NÃO ALCANÇOU"
"MG";312235;"Divisa Alegre";0;1;2;50;"Não";50;"NÃO ALCANÇOU"
"MG";312240;"Divisa Nova";0;0;0;0;"Sim";0;"ALCANÇOU"
"MG";312245;"Divisópolis";0;0;1;0;"Sim";0;"ALCANÇOU"
"MG";312247;"Dom Bosco";0;0;0;0;"Sim";0;"ALCANÇOU"
"MG";312250;"Dom Cavati";0;0;0;0;"Sim";0;"ALCANÇOU"
"MG";312260;"Dom Joaquim";0;0;0;0;"Sim";0;"ALCANÇOU"
"MG";312270;"Dom Silvério";0;0;0;0;"Sim";0;"ALCANÇOU"
"MG";312280;"Dom Viçoso";0;0;0;0;"Sim";0;"ALCANÇOU"
"MG";312290;"Dona Eusébia";0;0;0;0;"Sim";0;"ALCANÇOU"
"MG";312300;"Dores de Campos";0;0;0;0;"Sim";0;"ALCANÇOU"
"MG";312310;"Dores de Guanhães";0;0;0;0;"Sim";0;"ALCANÇOU"
"MG";312320;"Dores do Indaiá";0;0;2;0;"Sim";0;"ALCANÇOU"
"MG";312330;"Dores do Turvo";0;0;2;0;"Sim";0;"ALCANÇOU"
"MG";312340;"Doresópolis";0;0;0;0;"Sim";0;"ALCANÇOU"
"MG";312350;"Douradoquara";33,3333333333333;0;0;0;"Sim";-33,3;"ALCANÇOU"
"MG";312352;"Durandé";50;0;0;0;"Sim";-50;"ALCANÇOU"
"MG";312360;"Elói Mendes";20;2;4;50;"Não";30;"NÃO ALCANÇOU"
"MG";312370;"Engenheiro Caldas";0;0;1;0;"Sim";0;"ALCANÇOU"
"MG";312380;"Engenheiro Navarro";0;0;1;0;"Sim";0;"ALCANÇOU"
"MG";312385;"Entre Folhas";0;0;0;0;"Sim";0;"ALCANÇOU"
"MG";312390;"Entre Rios de Minas";0;1;3;33,3333333333333;"Não";33,3;"NÃO ALCANÇOU"
"MG";312400;"Ervália";33,3333333333333;2;3;66,6666666666667;"Não";33,3;"NÃO ALCANÇOU"
"MG";312410;"Esmeraldas";16,6666666666667;3;8;37,5;"Não";20,8;"NÃO ALCANÇOU"
"MG";312420;"Espera Feliz";0;0;2;0;"Sim";0;"ALCANÇOU"
"MG";312430;"Espinosa";0;0;0;0;"Sim";0;"ALCANÇOU"
"MG";312440;"Espírito Santo do Dourado";0;0;0;0;"Sim";0;"ALCANÇOU"
"MG";312450;"Estiva";0;0;1;0;"Sim";0;"ALCANÇOU"
"MG";312460;"Estrela Dalva";100;0;0;0;"Sim";-100;"ALCANÇOU"
"MG";312470;"Estrela do Indaiá";0;0;0;0;"Sim";0;"ALCANÇOU"
"MG";312480;"Estrela do Sul";0;0;0;0;"Sim";0;"ALCANÇOU"
"MG";312490;"Eugenópolis";0;0;2;0;"Sim";0;"ALCANÇOU"
"MG";312500;"Ewbank da Câmara";0;0;1;0;"Sim";0;"ALCANÇOU"
"MG";312510;"Extrema";7,14285714285714;0;9;0;"Sim";-7,1;"ALCANÇOU"
"MG";312520;"Fama";0;0;0;0;"Sim";0;"ALCANÇOU"
"MG";312530;"Faria Lemos";0;0;1;0;"Sim";0;"ALCANÇOU"
"MG";312540;"Felício dos Santos";0;0;0;0;"Sim";0;"ALCANÇOU"
"MG";312550;"São Gonçalo do Rio Preto";0;0;0;0;"Sim";0;"ALCANÇOU"
"MG";312560;"Felisburgo";0;0;0;0;"Sim";0;"ALCANÇOU"
"MG";312570;"Felixlândia";100;0;0;0;"Sim";-100;"ALCANÇOU"
"MG";312580;"Fernandes Tourinho";0;1;1;100;"Não";100;"NÃO ALCANÇOU"
"MG";312590;"Ferros";0;0;0;0;"Sim";0;"ALCANÇOU"
"MG";312595;"Fervedouro";0;1;2;50;"Não";50;"NÃO ALCANÇOU"
"MG";312600;"Florestal";0;0;1;0;"Sim";0;"ALCANÇOU"
"MG";312610;"Formiga";18,75;3;15;20;"Não";1,2;"NÃO ALCANÇOU"
"MG";312620;"Formoso";0;0;1;0;"Sim";0;"ALCANÇOU"
"MG";312630;"Fortaleza de Minas";0;0;0;0;"Sim";0;"ALCANÇOU"
"MG";312640;"Fortuna de Minas";0;0;0;0;"Sim";0;"ALCANÇOU"
"MG";312650;"Francisco Badaró";0;0;0;0;"Sim";0;"ALCANÇOU"
"MG";312660;"Francisco Dumont";0;0;0;0;"Sim";0;"ALCANÇOU"
"MG";312670;"Francisco Sá";0;1;1;100;"Não";100;"NÃO ALCANÇOU"
"MG";312675;"Franciscópolis";0;0;0;0;"Sim";0;"ALCANÇOU"
"MG";312680;"Frei Gaspar";0;1;1;100;"Não";100;"NÃO ALCANÇOU"
"MG";312690;"Frei Inocêncio";25;1;1;100;"Não";75;"NÃO ALCANÇOU"
"MG";312695;"Frei Lagonegro";0;0;0;0;"Sim";0;"ALCANÇOU"
"MG";312700;"Fronteira";0;1;2;50;"Não";50;"NÃO ALCANÇOU"
"MG";312705;"Fronteira dos Vales";0;0;0;0;"Sim";0;"ALCANÇOU"
"MG";312707;"Fruta de Leite";0;0;0;0;"Sim";0;"ALCANÇOU"
"MG";312710;"Frutal";46,1538461538462;5;11;45,4545454545454;"Não";-0,7;"NÃO ALCANÇOU"
"MG";312720;"Funilândia";0;0;0;0;"Sim";0;"ALCANÇOU"
"MG";312730;"Galiléia";0;0;0;0;"Sim";0;"ALCANÇOU"
"MG";312733;"Gameleiras";0;0;0;0;"Sim";0;"ALCANÇOU"
"MG";312735;"Glaucilândia";0;0;0;0;"Sim";0;"ALCANÇOU"
"MG";312737;"Goiabeira";100;0;1;0;"Sim";-100;"ALCANÇOU"
"MG";312738;"Goianá";0;0;0;0;"Sim";0;"ALCANÇOU"
"MG";312740;"Gonçalves";0;0;0;0;"Sim";0;"ALCANÇOU"
"MG";312750;"Gonzaga";0;0;0;0;"Sim";0;"ALCANÇOU"
"MG";312760;"Gouveia";100;0;0;0;"Sim";-100;"ALCANÇOU"
"MG";312770;"Governador Valadares";7,79220779220779;17;113;15,0442477876106;"Não";7,3;"NÃO ALCANÇOU"
"MG";312780;"Grão Mogol";0;0;0;0;"Sim";0;"ALCANÇOU"
"MG";312790;"Grupiara";0;0;0;0;"Sim";0;"ALCANÇOU"
"MG";312800;"Guanhães";0;0;3;0;"Sim";0;"ALCANÇOU"
"MG";312810;"Guapé";0;0;0;0;"Sim";0;"ALCANÇOU"
"MG";312820;"Guaraciaba";0;0;0;0;"Sim";0;"ALCANÇOU"
"MG";312825;"Guaraciama";0;0;0;0;"Sim";0;"ALCANÇOU"
"MG";312830;"Guaranésia";0;0;0;0;"Sim";0;"ALCANÇOU"
"MG";312840;"Guarani";0;0;0;0;"Sim";0;"ALCANÇOU"
"MG";312850;"Guarará";0;0;2;0;"Sim";0;"ALCANÇOU"
"MG";312860;"Guarda-Mor";0;0;1;0;"Sim";0;"ALCANÇOU"
"MG";312870;"Guaxupé";25;1;6;16,6666666666667;"Sim";-8,3;"ALCANÇOU"
"MG";312880;"Guidoval";0;1;1;100;"Não";100;"NÃO ALCANÇOU"
"MG";312890;"Guimarânia";0;1;3;33,3333333333333;"Não";33,3;"NÃO ALCANÇOU"
"MG";312900;"Guiricema";0;0;0;0;"Sim";0;"ALCANÇOU"
"MG";312910;"Gurinhatã";0;0;0;0;"Sim";0;"ALCANÇOU"
"MG";312920;"Heliodora";0;0;0;0;"Sim";0;"ALCANÇOU"
"MG";312930;"Iapu";0;0;1;0;"Sim";0;"ALCANÇOU"
"MG";312940;"Ibertioga";0;0;0;0;"Sim";0;"ALCANÇOU"
"MG";312950;"Ibiá";25;1;1;100;"Não";75;"NÃO ALCANÇOU"
"MG";312960;"Ibiaí";0;0;0;0;"Sim";0;"ALCANÇOU"
"MG";312965;"Ibiracatu";0;0;0;0;"Sim";0;"ALCANÇOU"
"MG";312970;"Ibiraci";0;0;0;0;"Sim";0;"ALCANÇOU"
"MG";312980;"Ibirité";29,4117647058823;7;37;18,9189189189189;"Sim";-10,5;"ALCANÇOU"
"MG";312990;"Ibitiúra de Minas";0;0;0;0;"Sim";0;"ALCANÇOU"
"MG";313000;"Ibituruna";0;0;0;0;"Sim";0;"ALCANÇOU"
"MG";313005;"Icaraí de Minas";0;0;0;0;"Sim";0;"ALCANÇOU"
"MG";313010;"Igarapé";30;1;7;14,2857142857143;"Sim";-15,7;"ALCANÇOU"
"MG";313020;"Igaratinga";0;0;0;0;"Sim";0;"ALCANÇOU"
"MG";313030;"Iguatama";0;0;0;0;"Sim";0;"ALCANÇOU"
"MG";313040;"Ijaci";0;0;0;0;"Sim";0;"ALCANÇOU"
"MG";313050;"Ilicínea";0;0;1;0;"Sim";0;"ALCANÇOU"
"MG";313055;"Imbé de Minas";0;0;1;0;"Sim";0;"ALCANÇOU"
"MG";313060;"Inconfidentes";0;0;1;0;"Sim";0;"ALCANÇOU"
"MG";313065;"Indaiabira";0;0;0;0;"Sim";0;"ALCANÇOU"
"MG";313070;"Indianópolis";100;0;0;0;"Sim";-100;"ALCANÇOU"
"MG";313080;"Ingaí";0;0;0;0;"Sim";0;"ALCANÇOU"
"MG";313090;"Inhapim";25;1;3;33,3333333333333;"Não";8,3;"NÃO ALCANÇOU"
"MG";313100;"Inhaúma";0;0;0;0;"Sim";0;"ALCANÇOU"
"MG";313110;"Inimutaba";0;1;1;100;"Não";100;"NÃO ALCANÇOU"
"MG";313115;"Ipaba";0;0;1;0;"Sim";0;"ALCANÇOU"
"MG";313120;"Ipanema";0;0;0;0;"Sim";0;"ALCANÇOU"
"MG";313130;"Ipatinga";25,5813953488372;6;36;16,6666666666667;"Sim";-8,9;"ALCANÇOU"
"MG";313140;"Ipiaçu";0;0;0;0;"Sim";0;"ALCANÇOU"
"MG";313150;"Ipuiúna";50;0;1;0;"Sim";-50;"ALCANÇOU"
"MG";313160;"Iraí de Minas";0;0;0;0;"Sim";0;"ALCANÇOU"
"MG";313170;"Itabira";12,5;4;16;25;"Não";12,5;"NÃO ALCANÇOU"
"MG";313180;"Itabirinha";0;0;2;0;"Sim";0;"ALCANÇOU"
"MG";313190;"Itabirito";50;1;7;14,2857142857143;"Sim";-35,7;"ALCANÇOU"
"MG";313200;"Itacambira";0;0;0;0;"Sim";0;"ALCANÇOU"
"MG";313210;"Itacarambi";0;0;2;0;"Sim";0;"ALCANÇOU"
"MG";313220;"Itaguara";0;0;0;0;"Sim";0;"ALCANÇOU"
"MG";313230;"Itaipé";0;1;2;50;"Não";50;"NÃO ALCANÇOU"
"MG";313240;"Itajubá";17,6470588235294;6;16;37,5;"Não";19,9;"NÃO ALCANÇOU"
"MG";313250;"Itamarandiba";0;0;1;0;"Sim";0;"ALCANÇOU"
"MG";313260;"Itamarati de Minas";0;0;0;0;"Sim";0;"ALCANÇOU"
"MG";313270;"Itambacuri";75;0;1;0;"Sim";-75;"ALCANÇOU"
"MG";313280;"Itambé do Mato Dentro";0;0;1;0;"Sim";0;"ALCANÇOU"
"MG";313290;"Itamogi";0;0;0;0;"Sim";0;"ALCANÇOU"
"MG";313300;"Itamonte";25;0;1;0;"Sim";-25;"ALCANÇOU"
"MG";313310;"Itanhandu";0;0;0;0;"Sim";0;"ALCANÇOU"
"MG";313320;"Itanhomi";0;0;0;0;"Sim";0;"ALCANÇOU"
"MG";313330;"Itaobim";0;3;5;60;"Não";60;"NÃO ALCANÇOU"
"MG";313340;"Itapagipe";0;0;5;0;"Sim";0;"ALCANÇOU"
"MG";313350;"Itapecerica";25;2;3;66,6666666666667;"Não";41,7;"NÃO ALCANÇOU"
"MG";313360;"Itapeva";100;0;3;0;"Sim";-100;"ALCANÇOU"
"MG";313370;"Itatiaiuçu";0;2;2;100;"Não";100;"NÃO ALCANÇOU"
"MG";313375;"Itaú de Minas";0;2;2;100;"Não";100;"NÃO ALCANÇOU"
"MG";313380;"Itaúna";0;2;8;25;"Não";25;"NÃO ALCANÇOU"
"MG";313390;"Itaverava";0;0;0;0;"Sim";0;"ALCANÇOU"
"MG";313400;"Itinga";50;0;1;0;"Sim";-50;"ALCANÇOU"
"MG";313410;"Itueta";0;0;0;0;"Sim";0;"ALCANÇOU"
"MG";313420;"Ituiutaba";26,4705882352941;5;34;14,7058823529412;"Sim";-11,8;"ALCANÇOU"
"MG";313430;"Itumirim";0;0;0;0;"Sim";0;"ALCANÇOU"
"MG";313440;"Iturama";66,6666666666667;0;7;0;"Sim";-66,7;"ALCANÇOU"
"MG";313450;"Itutinga";0;0;0;0;"Sim";0;"ALCANÇOU"
"MG";313460;"Jaboticatubas";0;0;0;0;"Sim";0;"ALCANÇOU"
"MG";313470;"Jacinto";50;1;1;100;"Não";50;"NÃO ALCANÇOU"
"MG";313480;"Jacuí";0;0;0;0;"Sim";0;"ALCANÇOU"
"MG";313490;"Jacutinga";0;0;2;0;"Sim";0;"ALCANÇOU"
"MG";313500;"Jaguaraçu";0;0;1;0;"Sim";0;"ALCANÇOU"
"MG";313505;"Jaíba";33,3333333333333;0;0;0;"Sim";-33,3;"ALCANÇOU"
"MG";313507;"Jampruca";50;1;2;50;"Não";0;"NÃO ALCANÇOU"
"MG";313510;"Janaúba";46,1538461538462;6;13;46,1538461538462;"Não";0;"NÃO ALCANÇOU"
"MG";313520;"Januária";0;0;1;0;"Sim";0;"ALCANÇOU"
"MG";313530;"Japaraíba";0;1;1;100;"Não";100;"NÃO ALCANÇOU"
"MG";313535;"Japonvar";0;0;1;0;"Sim";0;"ALCANÇOU"
"MG";313540;"Jeceaba";0;0;0;0;"Sim";0;"ALCANÇOU"
"MG";313545;"Jenipapo de Minas";0;0;0;0;"Sim";0;"ALCANÇOU"
"MG";313550;"Jequeri";0;1;1;100;"Não";100;"NÃO ALCANÇOU"
"MG";313560;"Jequitaí";0;0;1;0;"Sim";0;"ALCANÇOU"
"MG";313570;"Jequitibá";0;0;1;0;"Sim";0;"ALCANÇOU"
"MG";313580;"Jequitinhonha";100;3;5;60;"Sim";-40;"ALCANÇOU"
"MG";313590;"Jesuânia";0;1;1;100;"Não";100;"NÃO ALCANÇOU"
"MG";313600;"Joaíma";0;0;3;0;"Sim";0;"ALCANÇOU"
"MG";313610;"Joanésia";0;0;0;0;"Sim";0;"ALCANÇOU"
"MG";313620;"João Monlevade";26,6666666666667;1;10;10;"Sim";-16,7;"ALCANÇOU"
"MG";313630;"João Pinheiro";66,6666666666667;1;6;16,6666666666667;"Sim";-50;"ALCANÇOU"
"MG";313640;"Joaquim Felício";0;0;0;0;"Sim";0;"ALCANÇOU"
"MG";313650;"Jordânia";0;1;3;33,3333333333333;"Não";33,3;"NÃO ALCANÇOU"
"MG";313652;"José Gonçalves de Minas";0;0;0;0;"Sim";0;"ALCANÇOU"
"MG";313655;"José Raydan";0;0;0;0;"Sim";0;"ALCANÇOU"
"MG";313657;"Josenópolis";0;0;0;0;"Sim";0;"ALCANÇOU"
"MG";313660;"Nova União";100;0;0;0;"Sim";-100;"ALCANÇOU"
"MG";313665;"Juatuba";20;1;3;33,3333333333333;"Não";13,3;"NÃO ALCANÇOU"
"MG";313670;"Juiz de Fora";27,4509803921569;53;178;29,7752808988764;"Não";2,3;"NÃO ALCANÇOU"
"MG";313680;"Juramento";0;0;0;0;"Sim";0;"ALCANÇOU"
"MG";313690;"Juruaia";0;0;1;0;"Sim";0;"ALCANÇOU"
"MG";313695;"Juvenília";0;0;0;0;"Sim";0;"ALCANÇOU"
"MG";313700;"Ladainha";0;0;0;0;"Sim";0;"ALCANÇOU"
"MG";313710;"Lagamar";0;0;0;0;"Sim";0;"ALCANÇOU"
"MG";313720;"Lagoa da Prata";0;1;7;14,2857142857143;"Não";14,3;"NÃO ALCANÇOU"
"MG";313730;"Lagoa dos Patos";0;0;0;0;"Sim";0;"ALCANÇOU"
"MG";313740;"Lagoa Dourada";0;1;1;100;"Não";100;"NÃO ALCANÇOU"
"MG";313750;"Lagoa Formosa";0;0;5;0;"Sim";0;"ALCANÇOU"
"MG";313753;"Lagoa Grande";0;0;0;0;"Sim";0;"ALCANÇOU"
"MG";313760;"Lagoa Santa";10;2;10;20;"Não";10;"NÃO ALCANÇOU"
"MG";313770;"Lajinha";0;1;1;100;"Não";100;"NÃO ALCANÇOU"
"MG";313780;"Lambari";0;1;3;33,3333333333333;"Não";33,3;"NÃO ALCANÇOU"
"MG";313790;"Lamim";0;0;0;0;"Sim";0;"ALCANÇOU"
"MG";313800;"Laranjal";100;0;0;0;"Sim";-100;"ALCANÇOU"
"MG";313810;"Lassance";0;0;4;0;"Sim";0;"ALCANÇOU"
"MG";313820;"Lavras";0;0;13;0;"Sim";0;"ALCANÇOU"
"MG";313830;"Leandro Ferreira";0;0;0;0;"Sim";0;"ALCANÇOU"
"MG";313835;"Leme do Prado";0;0;0;0;"Sim";0;"ALCANÇOU"
"MG";313840;"Leopoldina";10;2;9;22,2222222222222;"Não";12,2;"NÃO ALCANÇOU"
"MG";313850;"Liberdade";0;0;0;0;"Sim";0;"ALCANÇOU"
"MG";313860;"Lima Duarte";33,3333333333333;4;6;66,6666666666667;"Não";33,3;"NÃO ALCANÇOU"
"MG";313862;"Limeira do Oeste";0;0;0;0;"Sim";0;"ALCANÇOU"
"MG";313865;"Lontra";0;0;0;0;"Sim";0;"ALCANÇOU"
"MG";313867;"Luisburgo";0;0;0;0;"Sim";0;"ALCANÇOU"
"MG";313868;"Luislândia";0;0;0;0;"Sim";0;"ALCANÇOU"
"MG";313870;"Luminárias";0;0;0;0;"Sim";0;"ALCANÇOU"
"MG";313880;"Luz";33,3333333333333;1;4;25;"Sim";-8,3;"ALCANÇOU"
"MG";313890;"Machacalis";0;0;0;0;"Sim";0;"ALCANÇOU"
"MG";313900;"Machado";0;0;3;0;"Sim";0;"ALCANÇOU"
"MG";313910;"Madre de Deus de Minas";0;0;0;0;"Sim";0;"ALCANÇOU"
"MG";313920;"Malacacheta";0;0;2;0;"Sim";0;"ALCANÇOU"
"MG";313925;"Mamonas";0;1;1;100;"Não";100;"NÃO ALCANÇOU"
"MG";313930;"Manga";0;3;3;100;"Não";100;"NÃO ALCANÇOU"
"MG";313940;"Manhuaçu";17,3913043478261;4;21;19,0476190476191;"Não";1,7;"NÃO ALCANÇOU"
"MG";313950;"Manhumirim";0;1;5;20;"Não";20;"NÃO ALCANÇOU"
"MG";313960;"Mantena";0;2;2;100;"Não";100;"NÃO ALCANÇOU"
"MG";313970;"Maravilhas";25;1;2;50;"Não";25;"NÃO ALCANÇOU"
"MG";313980;"Mar de Espanha";0;0;1;0;"Sim";0;"ALCANÇOU"
"MG";313990;"Maria da Fé";0;2;2;100;"Não";100;"NÃO ALCANÇOU"
"MG";314000;"Mariana";0;2;11;18,1818181818182;"Não";18,2;"NÃO ALCANÇOU"
"MG";314010;"Marilac";0;0;0;0;"Sim";0;"ALCANÇOU"
"MG";314015;"Mário Campos";0;2;3;66,6666666666667;"Não";66,7;"NÃO ALCANÇOU"
"MG";314020;"Maripá de Minas";0;0;0;0;"Sim";0;"ALCANÇOU"
"MG";314030;"Marliéria";0;0;0;0;"Sim";0;"ALCANÇOU"
"MG";314040;"Marmelópolis";0;0;0;0;"Sim";0;"ALCANÇOU"
"MG";314050;"Martinho Campos";0;0;0;0;"Sim";0;"ALCANÇOU"
"MG";314053;"Martins Soares";0;0;0;0;"Sim";0;"ALCANÇOU"
"MG";314055;"Mata Verde";0;0;0;0;"Sim";0;"ALCANÇOU"
"MG";314060;"Materlândia";0;0;0;0;"Sim";0;"ALCANÇOU"
"MG";314070;"Mateus Leme";46,1538461538462;4;5;80;"Não";33,8;"NÃO ALCANÇOU"
"MG";314080;"Matias Barbosa";0;1;2;50;"Não";50;"NÃO ALCANÇOU"
"MG";314085;"Matias Cardoso";100;0;0;0;"Sim";-100;"ALCANÇOU"
"MG";314090;"Matipó";0;0;0;0;"Sim";0;"ALCANÇOU"
"MG";314100;"Mato Verde";0;0;1;0;"Sim";0;"ALCANÇOU"
"MG";314110;"Matozinhos";22,2222222222222;3;6;50;"Não";27,8;"NÃO ALCANÇOU"
"MG";314120;"Matutina";0;0;0;0;"Sim";0;"ALCANÇOU"
"MG";314130;"Medeiros";0;0;0;0;"Sim";0;"ALCANÇOU"
"MG";314140;"Medina";0;1;3;33,3333333333333;"Não";33,3;"NÃO ALCANÇOU"
"MG";314150;"Mendes Pimentel";50;0;0;0;"Sim";-50;"ALCANÇOU"
"MG";314160;"Mercês";0;0;0;0;"Sim";0;"ALCANÇOU"
"MG";314170;"Mesquita";0;0;0;0;"Sim";0;"ALCANÇOU"
"MG";314180;"Minas Novas";0;0;1;0;"Sim";0;"ALCANÇOU"
"MG";314190;"Minduri";0;0;0;0;"Sim";0;"ALCANÇOU"
"MG";314200;"Mirabela";100;0;0;0;"Sim";-100;"ALCANÇOU"
"MG";314210;"Miradouro";0;0;1;0;"Sim";0;"ALCANÇOU"
"MG";314220;"Miraí";0;1;1;100;"Não";100;"NÃO ALCANÇOU"
"MG";314225;"Miravânia";0;0;0;0;"Sim";0;"ALCANÇOU"
"MG";314230;"Moeda";0;0;0;0;"Sim";0;"ALCANÇOU"
"MG";314240;"Moema";0;1;3;33,3333333333333;"Não";33,3;"NÃO ALCANÇOU"
"MG";314250;"Monjolos";0;0;0;0;"Sim";0;"ALCANÇOU"
"MG";314260;"Monsenhor Paulo";0;0;0;0;"Sim";0;"ALCANÇOU"
"MG";314270;"Montalvânia";0;1;2;50;"Não";50;"NÃO ALCANÇOU"
"MG";314280;"Monte Alegre de Minas";0;1;1;100;"Não";100;"NÃO ALCANÇOU"
"MG";314290;"Monte Azul";50;0;0;0;"Sim";-50;"ALCANÇOU"
"MG";314300;"Monte Belo";0;2;2;100;"Não";100;"NÃO ALCANÇOU"
"MG";314310;"Monte Carmelo";0;2;5;40;"Não";40;"NÃO ALCANÇOU"
"MG";314315;"Monte Formoso";0;0;0;0;"Sim";0;"ALCANÇOU"
"MG";314320;"Monte Santo de Minas";0;0;1;0;"Sim";0;"ALCANÇOU"
"MG";314330;"Montes Claros";18;24;80;30;"Não";12;"NÃO ALCANÇOU"
"MG";314340;"Monte Sião";0;0;1;0;"Sim";0;"ALCANÇOU"
"MG";314345;"Montezuma";0;0;0;0;"Sim";0;"ALCANÇOU"
"MG";314350;"Morada Nova de Minas";50;0;1;0;"Sim";-50;"ALCANÇOU"
"MG";314360;"Morro da Garça";0;0;0;0;"Sim";0;"ALCANÇOU"
"MG";314370;"Morro do Pilar";0;0;0;0;"Sim";0;"ALCANÇOU"
"MG";314380;"Munhoz";0;0;0;0;"Sim";0;"ALCANÇOU"
"MG";314390;"Muriaé";19,0476190476191;9;31;29,0322580645161;"Não";10;"NÃO ALCANÇOU"
"MG";314400;"Mutum";50;0;3;0;"Sim";-50;"ALCANÇOU"
"MG";314410;"Muzambinho";0;0;0;0;"Sim";0;"ALCANÇOU"
"MG";314420;"Nacip Raydan";0;0;0;0;"Sim";0;"ALCANÇOU"
"MG";314430;"Nanuque";100;1;6;16,6666666666667;"Sim";-83,3;"ALCANÇOU"
"MG";314435;"Naque";0;0;0;0;"Sim";0;"ALCANÇOU"
"MG";314437;"Natalândia";0;0;1;0;"Sim";0;"ALCANÇOU"
"MG";314440;"Natércia";100;0;0;0;"Sim";-100;"ALCANÇOU"
"MG";314450;"Nazareno";50;1;2;50;"Não";0;"NÃO ALCANÇOU"
"MG";314460;"Nepomuceno";0;0;1;0;"Sim";0;"ALCANÇOU"
"MG";314465;"Ninheira";0;0;1;0;"Sim";0;"ALCANÇOU"
"MG";314467;"Nova Belém";0;0;0;0;"Sim";0;"ALCANÇOU"
"MG";314470;"Nova Era";0;0;8;0;"Sim";0;"ALCANÇOU"
"MG";314480;"Nova Lima";5,55555555555556;3;13;23,0769230769231;"Não";17,5;"NÃO ALCANÇOU"
"MG";314490;"Nova Módica";0;0;0;0;"Sim";0;"ALCANÇOU"
"MG";314500;"Nova Ponte";50;1;1;100;"Não";50;"NÃO ALCANÇOU"
"MG";314505;"Nova Porteirinha";0;0;0;0;"Sim";0;"ALCANÇOU"
"MG";314510;"Nova Resende";0;0;0;0;"Sim";0;"ALCANÇOU"
"MG";314520;"Nova Serrana";23,5294117647059;5;33;15,1515151515151;"Sim";-8,4;"ALCANÇOU"
"MG";314530;"Novo Cruzeiro";0;0;1;0;"Sim";0;"ALCANÇOU"
"MG";314535;"Novo Oriente de Minas";0;0;0;0;"Sim";0;"ALCANÇOU"
"MG";314537;"Novorizonte";100;0;0;0;"Sim";-100;"ALCANÇOU"
"MG";314540;"Olaria";0;0;0;0;"Sim";0;"ALCANÇOU"
"MG";314545;"Olhos-d'Água";0;0;0;0;"Sim";0;"ALCANÇOU"
"MG";314550;"Olímpio Noronha";0;0;1;0;"Sim";0;"ALCANÇOU"
"MG";314560;"Oliveira";0;2;6;33,3333333333333;"Não";33,3;"NÃO ALCANÇOU"
"MG";314570;"Oliveira Fortes";0;0;0;0;"Sim";0;"ALCANÇOU"
"MG";314580;"Onça de Pitangui";0;0;0;0;"Sim";0;"ALCANÇOU"
"MG";314585;"Oratórios";0;1;2;50;"Não";50;"NÃO ALCANÇOU"
"MG";314587;"Orizânia";0;1;1;100;"Não";100;"NÃO ALCANÇOU"
"MG";314590;"Ouro Branco";0;0;1;0;"Sim";0;"ALCANÇOU"
"MG";314600;"Ouro Fino";100;0;0;0;"Sim";-100;"ALCANÇOU"
"MG";314610;"Ouro Preto";16,6666666666667;3;8;37,5;"Não";20,8;"NÃO ALCANÇOU"
"MG";314620;"Ouro Verde de Minas";0;0;2;0;"Sim";0;"ALCANÇOU"
"MG";314625;"Padre Carvalho";0;0;0;0;"Sim";0;"ALCANÇOU"
"MG";314630;"Padre Paraíso";42,8571428571428;0;2;0;"Sim";-42,9;"ALCANÇOU"
"MG";314640;"Paineiras";0;0;1;0;"Sim";0;"ALCANÇOU"
"MG";314650;"Pains";50;0;0;0;"Sim";-50;"ALCANÇOU"
"MG";314655;"Pai Pedro";0;0;0;0;"Sim";0;"ALCANÇOU"
"MG";314660;"Paiva";0;0;0;0;"Sim";0;"ALCANÇOU"
"MG";314670;"Palma";0;1;1;100;"Não";100;"NÃO ALCANÇOU"
"MG";314675;"Palmópolis";0;0;0;0;"Sim";0;"ALCANÇOU"
"MG";314690;"Papagaios";0;0;1;0;"Sim";0;"ALCANÇOU"
"MG";314700;"Paracatu";11,1111111111111;9;29;31,0344827586207;"Não";19,9;"NÃO ALCANÇOU"
"MG";314710;"Pará de Minas";15,7894736842105;4;20;20;"Não";4,2;"NÃO ALCANÇOU"
"MG";314720;"Paraguaçu";0;0;1;0;"Sim";0;"ALCANÇOU"
"MG";314730;"Paraisópolis";0;0;0;0;"Sim";0;"ALCANÇOU"
"MG";314740;"Paraopeba";40;2;2;100;"Não";60;"NÃO ALCANÇOU"
"MG";314750;"Passabém";0;0;0;0;"Sim";0;"ALCANÇOU"
"MG";314760;"Passa Quatro";0;1;4;25;"Não";25;"NÃO ALCANÇOU"
"MG";314770;"Passa Tempo";100;0;0;0;"Sim";-100;"ALCANÇOU"
"MG";314780;"Passa-Vinte";0;0;0;0;"Sim";0;"ALCANÇOU"
"MG";314790;"Passos";17,8571428571429;3;22;13,6363636363636;"Sim";-4,2;"ALCANÇOU"
"MG";314795;"Patis";0;0;1;0;"Sim";0;"ALCANÇOU"
"MG";314800;"Patos de Minas";9,375;5;33;15,1515151515151;"Não";5,8;"NÃO ALCANÇOU"
"MG";314810;"Patrocínio";22,2222222222222;0;7;0;"Sim";-22,2;"ALCANÇOU"
"MG";314820;"Patrocínio do Muriaé";0;0;1;0;"Sim";0;"ALCANÇOU"
"MG";314830;"Paula Cândido";0;0;0;0;"Sim";0;"ALCANÇOU"
"MG";314840;"Paulistas";0;0;0;0;"Sim";0;"ALCANÇOU"
"MG";314850;"Pavão";0;0;0;0;"Sim";0;"ALCANÇOU"
"MG";314860;"Peçanha";0;0;0;0;"Sim";0;"ALCANÇOU"
"MG";314870;"Pedra Azul";0;0;2;0;"Sim";0;"ALCANÇOU"
"MG";314875;"Pedra Bonita";0;0;0;0;"Sim";0;"ALCANÇOU"
"MG";314880;"Pedra do Anta";0;0;0;0;"Sim";0;"ALCANÇOU"
"MG";314890;"Pedra do Indaiá";0;0;0;0;"Sim";0;"ALCANÇOU"
"MG";314900;"Pedra Dourada";0;1;2;50;"Não";50;"NÃO ALCANÇOU"
"MG";314910;"Pedralva";0;0;0;0;"Sim";0;"ALCANÇOU"
"MG";314915;"Pedras de Maria da Cruz";50;0;0;0;"Sim";-50;"ALCANÇOU"
"MG";314920;"Pedrinópolis";0;0;0;0;"Sim";0;"ALCANÇOU"
"MG";314930;"Pedro Leopoldo";66,6666666666667;6;14;42,8571428571428;"Sim";-23,8;"ALCANÇOU"
"MG";314940;"Pedro Teixeira";0;0;1;0;"Sim";0;"ALCANÇOU"
"MG";314950;"Pequeri";50;0;0;0;"Sim";-50;"ALCANÇOU"
"MG";314960;"Pequi";0;0;0;0;"Sim";0;"ALCANÇOU"
"MG";314970;"Perdigão";0;0;0;0;"Sim";0;"ALCANÇOU"
"MG";314980;"Perdizes";100;0;1;0;"Sim";-100;"ALCANÇOU"
"MG";314990;"Perdões";50;0;0;0;"Sim";-50;"ALCANÇOU"
"MG";314995;"Periquito";50;0;0;0;"Sim";-50;"ALCANÇOU"
"MG";315000;"Pescador";0;1;1;100;"Não";100;"NÃO ALCANÇOU"
"MG";315010;"Piau";0;0;0;0;"Sim";0;"ALCANÇOU"
"MG";315015;"Piedade de Caratinga";0;0;0;0;"Sim";0;"ALCANÇOU"
"MG";315020;"Piedade de Ponte Nova";0;0;0;0;"Sim";0;"ALCANÇOU"
"MG";315030;"Piedade do Rio Grande";0;0;1;0;"Sim";0;"ALCANÇOU"
"MG";315040;"Piedade dos Gerais";0;0;0;0;"Sim";0;"ALCANÇOU"
"MG";315050;"Pimenta";0;0;0;0;"Sim";0;"ALCANÇOU"
"MG";315053;"Pingo-d'Água";0;0;0;0;"Sim";0;"ALCANÇOU"
"MG";315057;"Pintópolis";0;0;1;0;"Sim";0;"ALCANÇOU"
"MG";315060;"Piracema";0;0;0;0;"Sim";0;"ALCANÇOU"
"MG";315070;"Pirajuba";33,3333333333333;0;1;0;"Sim";-33,3;"ALCANÇOU"
"MG";315080;"Piranga";0;0;0;0;"Sim";0;"ALCANÇOU"
"MG";315090;"Piranguçu";0;0;0;0;"Sim";0;"ALCANÇOU"
"MG";315100;"Piranguinho";100;0;0;0;"Sim";-100;"ALCANÇOU"
"MG";315110;"Pirapetinga";0;0;0;0;"Sim";0;"ALCANÇOU"
"MG";315120;"Pirapora";22,2222222222222;1;10;10;"Sim";-12,2;"ALCANÇOU"
"MG";315130;"Piraúba";50;0;0;0;"Sim";-50;"ALCANÇOU"
"MG";315140;"Pitangui";100;0;1;0;"Sim";-100;"ALCANÇOU"
"MG";315150;"Piumhi";50;0;8;0;"Sim";-50;"ALCANÇOU"
"MG";315160;"Planura";100;0;1;0;"Sim";-100;"ALCANÇOU"
"MG";315170;"Poço Fundo";0;0;2;0;"Sim";0;"ALCANÇOU"
"MG";315180;"Poços de Caldas";18,4210526315789;4;30;13,3333333333333;"Sim";-5,1;"ALCANÇOU"
"MG";315190;"Pocrane";0;0;0;0;"Sim";0;"ALCANÇOU"
"MG";315200;"Pompéu";42,8571428571428;0;3;0;"Sim";-42,9;"ALCANÇOU"
"MG";315210;"Ponte Nova";11,1111111111111;0;8;0;"Sim";-11,1;"ALCANÇOU"
"MG";315213;"Ponto Chique";0;0;0;0;"Sim";0;"ALCANÇOU"
"MG";315217;"Ponto dos Volantes";0;1;2;50;"Não";50;"NÃO ALCANÇOU"
"MG";315220;"Porteirinha";33,3333333333333;0;2;0;"Sim";-33,3;"ALCANÇOU"
"MG";315230;"Porto Firme";0;0;0;0;"Sim";0;"ALCANÇOU"
"MG";315240;"Poté";0;0;0;0;"Sim";0;"ALCANÇOU"
"MG";315250;"Pouso Alegre";30,5555555555556;2;17;11,7647058823529;"Sim";-18,8;"ALCANÇOU"
"MG";315260;"Pouso Alto";0;0;0;0;"Sim";0;"ALCANÇOU"
"MG";315270;"Prados";0;0;0;0;"Sim";0;"ALCANÇOU"
"MG";315280;"Prata";33,3333333333333;1;8;12,5;"Sim";-20,8;"ALCANÇOU"
"MG";315290;"Pratápolis";0;0;0;0;"Sim";0;"ALCANÇOU"
"MG";315300;"Pratinha";0;0;0;0;"Sim";0;"ALCANÇOU"
"MG";315310;"Presidente Bernardes";0;0;1;0;"Sim";0;"ALCANÇOU"
"MG";315320;"Presidente Juscelino";0;0;0;0;"Sim";0;"ALCANÇOU"
"MG";315330;"Presidente Kubitschek";0;0;1;0;"Sim";0;"ALCANÇOU"
"MG";315340;"Presidente Olegário";50;0;1;0;"Sim";-50;"ALCANÇOU"
"MG";315350;"Alto Jequitibá";0;1;1;100;"Não";100;"NÃO ALCANÇOU"
"MG";315360;"Prudente de Morais";50;0;1;0;"Sim";-50;"ALCANÇOU"
"MG";315370;"Quartel Geral";0;0;0;0;"Sim";0;"ALCANÇOU"
"MG";315380;"Queluzito";0;0;0;0;"Sim";0;"ALCANÇOU"
"MG";315390;"Raposos";28,5714285714286;0;1;0;"Sim";-28,6;"ALCANÇOU"
"MG";315400;"Raul Soares";50;0;1;0;"Sim";-50;"ALCANÇOU"
"MG";315410;"Recreio";0;0;3;0;"Sim";0;"ALCANÇOU"
"MG";315415;"Reduto";100;0;0;0;"Sim";-100;"ALCANÇOU"
"MG";315420;"Resende Costa";0;0;0;0;"Sim";0;"ALCANÇOU"
"MG";315430;"Resplendor";0;0;1;0;"Sim";0;"ALCANÇOU"
"MG";315440;"Ressaquinha";0;0;0;0;"Sim";0;"ALCANÇOU"
"MG";315445;"Riachinho";0;0;0;0;"Sim";0;"ALCANÇOU"
"MG";315450;"Riacho dos Machados";0;0;0;0;"Sim";0;"ALCANÇOU"
"MG";315460;"Ribeirão das Neves";15,4929577464789;17;70;24,2857142857143;"Não";8,8;"NÃO ALCANÇOU"
"MG";315470;"Ribeirão Vermelho";0;0;0;0;"Sim";0;"ALCANÇOU"
"MG";315480;"Rio Acima";0;0;0;0;"Sim";0;"ALCANÇOU"
"MG";315490;"Rio Casca";0;0;0;0;"Sim";0;"ALCANÇOU"
"MG";315500;"Rio Doce";0;0;0;0;"Sim";0;"ALCANÇOU"
"MG";315510;"Rio do Prado";0;0;0;0;"Sim";0;"ALCANÇOU"
"MG";315520;"Rio Espera";0;1;1;100;"Não";100;"NÃO ALCANÇOU"
"MG";315530;"Rio Manso";0;0;0;0;"Sim";0;"ALCANÇOU"
"MG";315540;"Rio Novo";0;0;0;0;"Sim";0;"ALCANÇOU"
"MG";315550;"Rio Paranaíba";0;0;2;0;"Sim";0;"ALCANÇOU"
"MG";315560;"Rio Pardo de Minas";0;0;0;0;"Sim";0;"ALCANÇOU"
"MG";315570;"Rio Piracicaba";0;0;1;0;"Sim";0;"ALCANÇOU"
"MG";315580;"Rio Pomba";100;0;1;0;"Sim";-100;"ALCANÇOU"
"MG";315590;"Rio Preto";100;0;0;0;"Sim";-100;"ALCANÇOU"
"MG";315600;"Rio Vermelho";0;0;0;0;"Sim";0;"ALCANÇOU"
"MG";315610;"Ritápolis";0;0;1;0;"Sim";0;"ALCANÇOU"
"MG";315620;"Rochedo de Minas";0;0;0;0;"Sim";0;"ALCANÇOU"
"MG";315630;"Rodeiro";0;0;0;0;"Sim";0;"ALCANÇOU"
"MG";315640;"Romaria";50;0;1;0;"Sim";-50;"ALCANÇOU"
"MG";315645;"Rosário da Limeira";0;0;0;0;"Sim";0;"ALCANÇOU"
"MG";315650;"Rubelita";0;0;0;0;"Sim";0;"ALCANÇOU"
"MG";315660;"Rubim";0;0;1;0;"Sim";0;"ALCANÇOU"
"MG";315670;"Sabará";27,2727272727273;7;29;24,1379310344828;"Sim";-3,1;"ALCANÇOU"
"MG";315680;"Sabinópolis";0;0;0;0;"Sim";0;"ALCANÇOU"
"MG";315690;"Sacramento";20;1;1;100;"Não";80;"NÃO ALCANÇOU"
"MG";315700;"Salinas";50;2;2;100;"Não";50;"NÃO ALCANÇOU"
"MG";315710;"Salto da Divisa";0;1;1;100;"Não";100;"NÃO ALCANÇOU"
"MG";315720;"Santa Bárbara";16,6666666666667;1;3;33,3333333333333;"Não";16,7;"NÃO ALCANÇOU"
"MG";315725;"Santa Bárbara do Leste";0;0;0;0;"Sim";0;"ALCANÇOU"
"MG";315727;"Santa Bárbara do Monte Verde";0;0;0;0;"Sim";0;"ALCANÇOU"
"MG";315730;"Santa Bárbara do Tugúrio";100;0;0;0;"Sim";-100;"ALCANÇOU"
"MG";315733;"Santa Cruz de Minas";0;0;2;0;"Sim";0;"ALCANÇOU"
"MG";315737;"Santa Cruz de Salinas";0;3;4;75;"Não";75;"NÃO ALCANÇOU"
"MG";315740;"Santa Cruz do Escalvado";0;0;0;0;"Sim";0;"ALCANÇOU"
"MG";315750;"Santa Efigênia de Minas";100;0;0;0;"Sim";-100;"ALCANÇOU"
"MG";315760;"Santa Fé de Minas";0;0;0;0;"Sim";0;"ALCANÇOU"
"MG";315765;"Santa Helena de Minas";0;0;0;0;"Sim";0;"ALCANÇOU"
"MG";315770;"Santa Juliana";0;1;3;33,3333333333333;"Não";33,3;"NÃO ALCANÇOU"
"MG";315780;"Santa Luzia";22,7272727272727;5;43;11,6279069767442;"Sim";-11,1;"ALCANÇOU"
"MG";315790;"Santa Margarida";100;1;1;100;"Não";0;"NÃO ALCANÇOU"
"MG";315800;"Santa Maria de Itabira";0;0;2;0;"Sim";0;"ALCANÇOU"
"MG";315810;"Santa Maria do Salto";0;0;2;0;"Sim";0;"ALCANÇOU"
"MG";315820;"Santa Maria do Suaçuí";0;2;3;66,6666666666667;"Não";66,7;"NÃO ALCANÇOU"
"MG";315830;"Santana da Vargem";0;1;1;100;"Não";100;"NÃO ALCANÇOU"
"MG";315840;"Santana de Cataguases";0;0;1;0;"Sim";0;"ALCANÇOU"
"MG";315850;"Santana de Pirapama";0;0;1;0;"Sim";0;"ALCANÇOU"
"MG";315860;"Santana do Deserto";50;0;0;0;"Sim";-50;"ALCANÇOU"
"MG";315870;"Santana do Garambéu";0;0;0;0;"Sim";0;"ALCANÇOU"
"MG";315880;"Santana do Jacaré";0;0;0;0;"Sim";0;"ALCANÇOU"
"MG";315890;"Santana do Manhuaçu";0;0;0;0;"Sim";0;"ALCANÇOU"
"MG";315895;"Santana do Paraíso";0;1;9;11,1111111111111;"Não";11,1;"NÃO ALCANÇOU"
"MG";315900;"Santana do Riacho";0;0;1;0;"Sim";0;"ALCANÇOU"
"MG";315910;"Santana dos Montes";0;0;0;0;"Sim";0;"ALCANÇOU"
"MG";315920;"Santa Rita de Caldas";0;0;0;0;"Sim";0;"ALCANÇOU"
"MG";315930;"Santa Rita de Jacutinga";0;0;2;0;"Sim";0;"ALCANÇOU"
"MG";315935;"Santa Rita de Minas";0;0;0;0;"Sim";0;"ALCANÇOU"
"MG";315940;"Santa Rita de Ibitipoca";0;0;0;0;"Sim";0;"ALCANÇOU"
"MG";315950;"Santa Rita do Itueto";100;0;2;0;"Sim";-100;"ALCANÇOU"
"MG";315960;"Santa Rita do Sapucaí";0;1;5;20;"Não";20;"NÃO ALCANÇOU"
"MG";315970;"Santa Rosa da Serra";0;0;1;0;"Sim";0;"ALCANÇOU"
"MG";315980;"Santa Vitória";0;2;7;28,5714285714286;"Não";28,6;"NÃO ALCANÇOU"
"MG";315990;"Santo Antônio do Amparo";0;1;4;25;"Não";25;"NÃO ALCANÇOU"
"MG";316000;"Santo Antônio do Aventureiro";0;0;0;0;"Sim";0;"ALCANÇOU"
"MG";316010;"Santo Antônio do Grama";0;0;0;0;"Sim";0;"ALCANÇOU"
"MG";316020;"Santo Antônio do Itambé";0;0;0;0;"Sim";0;"ALCANÇOU"
"MG";316030;"Santo Antônio do Jacinto";0;0;0;0;"Sim";0;"ALCANÇOU"
"MG";316040;"Santo Antônio do Monte";0;0;2;0;"Sim";0;"ALCANÇOU"
"MG";316045;"Santo Antônio do Retiro";0;0;0;0;"Sim";0;"ALCANÇOU"
"MG";316050;"Santo Antônio do Rio Abaixo";0;0;0;0;"Sim";0;"ALCANÇOU"
"MG";316060;"Santo Hipólito";0;0;0;0;"Sim";0;"ALCANÇOU"
"MG";316070;"Santos Dumont";66,6666666666667;1;5;20;"Sim";-46,7;"ALCANÇOU"
"MG";316080;"São Bento Abade";100;0;0;0;"Sim";-100;"ALCANÇOU"
"MG";316090;"São Brás do Suaçuí";0;0;0;0;"Sim";0;"ALCANÇOU"
"MG";316095;"São Domingos das Dores";0;0;1;0;"Sim";0;"ALCANÇOU"
"MG";316100;"São Domingos do Prata";100;0;1;0;"Sim";-100;"ALCANÇOU"
"MG";316105;"São Félix de Minas";0;1;1;100;"Não";100;"NÃO ALCANÇOU"
"MG";316110;"São Francisco";100;1;2;50;"Sim";-50;"ALCANÇOU"
"MG";316120;"São Francisco de Paula";0;0;2;0;"Sim";0;"ALCANÇOU"
"MG";316130;"São Francisco de Sales";0;0;0;0;"Sim";0;"ALCANÇOU"
"MG";316140;"São Francisco do Glória";0;0;0;0;"Sim";0;"ALCANÇOU"
"MG";316150;"São Geraldo";100;1;2;50;"Sim";-50;"ALCANÇOU"
"MG";316160;"São Geraldo da Piedade";0;0;1;0;"Sim";0;"ALCANÇOU"
"MG";316165;"São Geraldo do Baixio";0;0;0;0;"Sim";0;"ALCANÇOU"
"MG";316170;"São Gonçalo do Abaeté";0;0;0;0;"Sim";0;"ALCANÇOU"
"MG";316180;"São Gonçalo do Pará";0;0;0;0;"Sim";0;"ALCANÇOU"
"MG";316190;"São Gonçalo do Rio Abaixo";50;0;3;0;"Sim";-50;"ALCANÇOU"
"MG";316200;"São Gonçalo do Sapucaí";0;1;2;50;"Não";50;"NÃO ALCANÇOU"
"MG";316210;"São Gotardo";33,3333333333333;1;5;20;"Sim";-13,3;"ALCANÇOU"
"MG";316220;"São João Batista do Glória";0;0;0;0;"Sim";0;"ALCANÇOU"
"MG";316225;"São João da Lagoa";0;0;0;0;"Sim";0;"ALCANÇOU"
"MG";316230;"São João da Mata";0;0;0;0;"Sim";0;"ALCANÇOU"
"MG";316240;"São João da Ponte";100;0;0;0;"Sim";-100;"ALCANÇOU"
"MG";316245;"São João das Missões";0;0;0;0;"Sim";0;"ALCANÇOU"
"MG";316250;"São João del Rei";11,1111111111111;0;15;0;"Sim";-11,1;"ALCANÇOU"
"MG";316255;"São João do Manhuaçu";0;0;3;0;"Sim";0;"ALCANÇOU"
"MG";316257;"São João do Manteninha";0;0;0;0;"Sim";0;"ALCANÇOU"
"MG";316260;"São João do Oriente";0;0;1;0;"Sim";0;"ALCANÇOU"
"MG";316265;"São João do Pacuí";0;0;0;0;"Sim";0;"ALCANÇOU"
"MG";316270;"São João do Paraíso";0;0;2;0;"Sim";0;"ALCANÇOU"
"MG";316280;"São João Evangelista";0;1;3;33,3333333333333;"Não";33,3;"NÃO ALCANÇOU"
"MG";316290;"São João Nepomuceno";0;0;0;0;"Sim";0;"ALCANÇOU"
"MG";316292;"São Joaquim de Bicas";33,3333333333333;2;7;28,5714285714286;"Sim";-4,8;"ALCANÇOU"
"MG";316294;"São José da Barra";0;0;0;0;"Sim";0;"ALCANÇOU"
"MG";316295;"São José da Lapa";33,3333333333333;1;5;20;"Sim";-13,3;"ALCANÇOU"
"MG";316300;"São José da Safira";0;0;0;0;"Sim";0;"ALCANÇOU"
"MG";316310;"São José da Varginha";0;0;0;0;"Sim";0;"ALCANÇOU"
"MG";316320;"São José do Alegre";0;0;0;0;"Sim";0;"ALCANÇOU"
"MG";316330;"São José do Divino";0;0;0;0;"Sim";0;"ALCANÇOU"
"MG";316340;"São José do Goiabal";0;0;0;0;"Sim";0;"ALCANÇOU"
"MG";316350;"São José do Jacuri";0;0;0;0;"Sim";0;"ALCANÇOU"
"MG";316360;"São José do Mantimento";0;0;0;0;"Sim";0;"ALCANÇOU"
"MG";316370;"São Lourenço";33,3333333333333;1;10;10;"Sim";-23,3;"ALCANÇOU"
"MG";316380;"São Miguel do Anta";0;0;0;0;"Sim";0;"ALCANÇOU"
"MG";316390;"São Pedro da União";0;0;0;0;"Sim";0;"ALCANÇOU"
"MG";316400;"São Pedro dos Ferros";0;0;0;0;"Sim";0;"ALCANÇOU"
"MG";316410;"São Pedro do Suaçuí";0;0;0;0;"Sim";0;"ALCANÇOU"
"MG";316420;"São Romão";0;0;0;0;"Sim";0;"ALCANÇOU"
"MG";316430;"São Roque de Minas";0;0;2;0;"Sim";0;"ALCANÇOU"
"MG";316440;"São Sebastião da Bela Vista";0;0;0;0;"Sim";0;"ALCANÇOU"
"MG";316443;"São Sebastião da Vargem Alegre";0;0;0;0;"Sim";0;"ALCANÇOU"
"MG";316447;"São Sebastião do Anta";0;0;0;0;"Sim";0;"ALCANÇOU"
"MG";316450;"São Sebastião do Maranhão";0;0;0;0;"Sim";0;"ALCANÇOU"
"MG";316460;"São Sebastião do Oeste";0;0;1;0;"Sim";0;"ALCANÇOU"
"MG";316470;"São Sebastião do Paraíso";28,5714285714286;2;11;18,1818181818182;"Sim";-10,4;"ALCANÇOU"
"MG";316480;"São Sebastião do Rio Preto";0;0;0;0;"Sim";0;"ALCANÇOU"
"MG";316490;"São Sebastião do Rio Verde";0;0;2;0;"Sim";0;"ALCANÇOU"
"MG";316500;"São Tiago";0;0;2;0;"Sim";0;"ALCANÇOU"
"MG";316510;"São Tomás de Aquino";0;0;0;0;"Sim";0;"ALCANÇOU"
"MG";316520;"São Thomé das Letras";0;0;0;0;"Sim";0;"ALCANÇOU"
"MG";316530;"São Vicente de Minas";0;0;0;0;"Sim";0;"ALCANÇOU"
"MG";316540;"Sapucaí-Mirim";100;0;1;0;"Sim";-100;"ALCANÇOU"
"MG";316550;"Sardoá";0;0;0;0;"Sim";0;"ALCANÇOU"
"MG";316553;"Sarzedo";33,3333333333333;2;5;40;"Não";6,7;"NÃO ALCANÇOU"
"MG";316555;"Setubinha";0;0;0;0;"Sim";0;"ALCANÇOU"
"MG";316556;"Sem-Peixe";0;0;0;0;"Sim";0;"ALCANÇOU"
"MG";316557;"Senador Amaral";0;0;1;0;"Sim";0;"ALCANÇOU"
"MG";316560;"Senador Cortes";0;0;0;0;"Sim";0;"ALCANÇOU"
"MG";316570;"Senador Firmino";50;0;0;0;"Sim";-50;"ALCANÇOU"
"MG";316580;"Senador José Bento";0;0;0;0;"Sim";0;"ALCANÇOU"
"MG";316590;"Senador Modestino Gonçalves";0;0;0;0;"Sim";0;"ALCANÇOU"
"MG";316600;"Senhora de Oliveira";0;0;0;0;"Sim";0;"ALCANÇOU"
"MG";316610;"Senhora do Porto";0;0;0;0;"Sim";0;"ALCANÇOU"
"MG";316620;"Senhora dos Remédios";0;0;0;0;"Sim";0;"ALCANÇOU"
"MG";316630;"Sericita";0;0;2;0;"Sim";0;"ALCANÇOU"
"MG";316640;"Seritinga";0;0;0;0;"Sim";0;"ALCANÇOU"
"MG";316650;"Serra Azul de Minas";33,3333333333333;1;1;100;"Não";66,7;"NÃO ALCANÇOU"
"MG";316660;"Serra da Saudade";0;0;0;0;"Sim";0;"ALCANÇOU"
"MG";316670;"Serra dos Aimorés";0;0;0;0;"Sim";0;"ALCANÇOU"
"MG";316680;"Serra do Salitre";25;0;0;0;"Sim";-25;"ALCANÇOU"
"MG";316690;"Serrania";0;0;1;0;"Sim";0;"ALCANÇOU"
"MG";316695;"Serranópolis de Minas";0;0;0;0;"Sim";0;"ALCANÇOU"
"MG";316700;"Serranos";0;0;0;0;"Sim";0;"ALCANÇOU"
"MG";316710;"Serro";0;0;2;0;"Sim";0;"ALCANÇOU"
"MG";316720;"Sete Lagoas";26,865671641791;19;63;30,1587301587302;"Não";3,3;"NÃO ALCANÇOU"
"MG";316730;"Silveirânia";0;0;0;0;"Sim";0;"ALCANÇOU"
"MG";316740;"Silvianópolis";0;0;0;0;"Sim";0;"ALCANÇOU"
"MG";316750;"Simão Pereira";100;0;1;0;"Sim";-100;"ALCANÇOU"
"MG";316760;"Simonésia";25;0;0;0;"Sim";-25;"ALCANÇOU"
"MG";316770;"Sobrália";100;0;0;0;"Sim";-100;"ALCANÇOU"
"MG";316780;"Soledade de Minas";33,3333333333333;0;0;0;"Sim";-33,3;"ALCANÇOU"
"MG";316790;"Tabuleiro";0;0;1;0;"Sim";0;"ALCANÇOU"
"MG";316800;"Taiobeiras";66,6666666666667;2;3;66,6666666666667;"Não";0;"NÃO ALCANÇOU"
"MG";316805;"Taparuba";0;1;1;100;"Não";100;"NÃO ALCANÇOU"
"MG";316810;"Tapira";0;0;0;0;"Sim";0;"ALCANÇOU"
"MG";316820;"Tapiraí";0;0;0;0;"Sim";0;"ALCANÇOU"
"MG";316830;"Taquaraçu de Minas";0;0;0;0;"Sim";0;"ALCANÇOU"
"MG";316840;"Tarumirim";0;0;0;0;"Sim";0;"ALCANÇOU"
"MG";316850;"Teixeiras";0;0;0;0;"Sim";0;"ALCANÇOU"
"MG";316860;"Teófilo Otoni";31,25;3;23;13,0434782608696;"Sim";-18,2;"ALCANÇOU"
"MG";316870;"Timóteo";8,33333333333333;4;12;33,3333333333333;"Não";25;"NÃO ALCANÇOU"
"MG";316880;"Tiradentes";0;1;1;100;"Não";100;"NÃO ALCANÇOU"
"MG";316890;"Tiros";33,3333333333333;0;0;0;"Sim";-33,3;"ALCANÇOU"
"MG";316900;"Tocantins";0;0;2;0;"Sim";0;"ALCANÇOU"
"MG";316905;"Tocos do Moji";0;0;0;0;"Sim";0;"ALCANÇOU"
"MG";316910;"Toledo";0;1;1;100;"Não";100;"NÃO ALCANÇOU"
"MG";316920;"Tombos";0;0;0;0;"Sim";0;"ALCANÇOU"
"MG";316930;"Três Corações";30,7692307692308;1;6;16,6666666666667;"Sim";-14,1;"ALCANÇOU"
"MG";316935;"Três Marias";100;0;3;0;"Sim";-100;"ALCANÇOU"
"MG";316940;"Três Pontas";50;2;4;50;"Não";0;"NÃO ALCANÇOU"
"MG";316950;"Tumiritinga";0;0;0;0;"Sim";0;"ALCANÇOU"
"MG";316960;"Tupaciguara";50;0;1;0;"Sim";-50;"ALCANÇOU"
"MG";316970;"Turmalina";0;0;4;0;"Sim";0;"ALCANÇOU"
"MG";316980;"Turvolândia";0;0;0;0;"Sim";0;"ALCANÇOU"
"MG";316990;"Ubá";15,3846153846154;1;20;5;"Sim";-10,4;"ALCANÇOU"
"MG";317000;"Ubaí";0;0;0;0;"Sim";0;"ALCANÇOU"
"MG";317005;"Ubaporanga";0;2;2;100;"Não";100;"NÃO ALCANÇOU"
"MG";317010;"Uberaba";16,5217391304348;27;101;26,7326732673267;"Não";10,2;"NÃO ALCANÇOU"
"MG";317020;"Uberlândia";23,8683127572017;51;210;24,2857142857143;"Não";0,4;"NÃO ALCANÇOU"
"MG";317030;"Umburatiba";0;0;0;0;"Sim";0;"ALCANÇOU"
"MG";317040;"Unaí";29,4117647058823;2;18;11,1111111111111;"Sim";-18,3;"ALCANÇOU"
"MG";317043;"União de Minas";50;0;0;0;"Sim";-50;"ALCANÇOU"
"MG";317047;"Uruana de Minas";0;0;0;0;"Sim";0;"ALCANÇOU"
"MG";317050;"Urucânia";0;0;0;0;"Sim";0;"ALCANÇOU"
"MG";317052;"Urucuia";0;0;0;0;"Sim";0;"ALCANÇOU"
"MG";317057;"Vargem Alegre";0;0;0;0;"Sim";0;"ALCANÇOU"
"MG";317060;"Vargem Bonita";0;0;0;0;"Sim";0;"ALCANÇOU"
"MG";317065;"Vargem Grande do Rio Pardo";0;0;0;0;"Sim";0;"ALCANÇOU"
"MG";317070;"Varginha";46,6666666666667;4;16;25;"Sim";-21,7;"ALCANÇOU"
"MG";317075;"Varjão de Minas";0;0;0;0;"Sim";0;"ALCANÇOU"
"MG";317080;"Várzea da Palma";37,5;0;4;0;"Sim";-37,5;"ALCANÇOU"
"MG";317090;"Varzelândia";0;0;0;0;"Sim";0;"ALCANÇOU"
"MG";317100;"Vazante";0;3;5;60;"Não";60;"NÃO ALCANÇOU"
"MG";317103;"Verdelândia";0;0;0;0;"Sim";0;"ALCANÇOU"
"MG";317107;"Veredinha";0;0;0;0;"Sim";0;"ALCANÇOU"
"MG";317110;"Veríssimo";0;0;0;0;"Sim";0;"ALCANÇOU"
"MG";317115;"Vermelho Novo";0;0;0;0;"Sim";0;"ALCANÇOU"
"MG";317120;"Vespasiano";17,3913043478261;9;28;32,1428571428572;"Não";14,8;"NÃO ALCANÇOU"
"MG";317130;"Viçosa";12,5;0;13;0;"Sim";-12,5;"ALCANÇOU"
"MG";317140;"Vieiras";0;0;0;0;"Sim";0;"ALCANÇOU"
"MG";317150;"Mathias Lobato";0;0;2;0;"Sim";0;"ALCANÇOU"
"MG";317160;"Virgem da Lapa";0;0;1;0;"Sim";0;"ALCANÇOU"
"MG";317170;"Virgínia";0;0;3;0;"Sim";0;"ALCANÇOU"
"MG";317180;"Virginópolis";0;0;0;0;"Sim";0;"ALCANÇOU"
"MG";317190;"Virgolândia";0;0;0;0;"Sim";0;"ALCANÇOU"
"MG";317200;"Visconde do Rio Branco";11,1111111111111;3;7;42,8571428571428;"Não";31,7;"NÃO ALCANÇOU"
"MG";317210;"Volta Grande";0;0;0;0;"Sim";0;"ALCANÇOU"
"MG";317220;"Wenceslau Braz";0;0;1;0;"Sim";0;"ALCANÇOU"
"ES";320010;"Afonso Cláudio";0;0;3;0;"Sim";0;"ALCANÇOU"
"ES";320013;"Águia Branca";0;0;0;0;"Sim";0;"ALCANÇOU"
"ES";320016;"Água Doce do Norte";0;1;1;100;"Não";100;"NÃO ALCANÇOU"
"ES";320020;"Alegre";0;3;10;30;"Não";30;"NÃO ALCANÇOU"
"ES";320030;"Alfredo Chaves";0;0;0;0;"Sim";0;"ALCANÇOU"
"ES";320035;"Alto Rio Novo";50;0;1;0;"Sim";-50;"ALCANÇOU"
"ES";320040;"Anchieta";25;2;7;28,5714285714286;"Não";3,6;"NÃO ALCANÇOU"
"ES";320050;"Apiacá";0;0;0;0;"Sim";0;"ALCANÇOU"
"ES";320060;"Aracruz";28,5714285714286;6;21;28,5714285714286;"Não";0;"NÃO ALCANÇOU"
"ES";320070;"Atilio Vivacqua";0;1;4;25;"Não";25;"NÃO ALCANÇOU"
"ES";320080;"Baixo Guandu";0;2;5;40;"Não";40;"NÃO ALCANÇOU"
"ES";320090;"Barra de São Francisco";25;1;9;11,1111111111111;"Sim";-13,9;"ALCANÇOU"
"ES";320100;"Boa Esperança";0;2;5;40;"Não";40;"NÃO ALCANÇOU"
"ES";320110;"Bom Jesus do Norte";0;0;0;0;"Sim";0;"ALCANÇOU"
"ES";320115;"Brejetuba";0;0;0;0;"Sim";0;"ALCANÇOU"
"ES";320120;"Cachoeiro de Itapemirim";32,3529411764706;18;51;35,2941176470588;"Não";2,9;"NÃO ALCANÇOU"
"ES";320130;"Cariacica";17,1428571428571;21;103;20,3883495145631;"Não";3,2;"NÃO ALCANÇOU"
"ES";320140;"Castelo";33,3333333333333;0;4;0;"Sim";-33,3;"ALCANÇOU"
"ES";320150;"Colatina";25;11;37;29,7297297297297;"Não";4,7;"NÃO ALCANÇOU"
"ES";320160;"Conceição da Barra";100;2;6;33,3333333333333;"Sim";-66,7;"ALCANÇOU"
"ES";320170;"Conceição do Castelo";0;0;0;0;"Sim";0;"ALCANÇOU"
"ES";320180;"Divino de São Lourenço";0;0;2;0;"Sim";0;"ALCANÇOU"
"ES";320190;"Domingos Martins";0;1;5;20;"Não";20;"NÃO ALCANÇOU"
"ES";320200;"Dores do Rio Preto";0;0;0;0;"Sim";0;"ALCANÇOU"
"ES";320210;"Ecoporanga";0;2;3;66,6666666666667;"Não";66,7;"NÃO ALCANÇOU"
"ES";320220;"Fundão";50;0;4;0;"Sim";-50;"ALCANÇOU"
"ES";320225;"Governador Lindenberg";33,3333333333333;0;0;0;"Sim";-33,3;"ALCANÇOU"
"ES";320230;"Guaçuí";100;1;6;16,6666666666667;"Sim";-83,3;"ALCANÇOU"
"ES";320240;"Guarapari";22,5;12;42;28,5714285714286;"Não";6,1;"NÃO ALCANÇOU"
"ES";320245;"Ibatiba";66,6666666666667;0;4;0;"Sim";-66,7;"ALCANÇOU"
"ES";320250;"Ibiraçu";100;1;3;33,3333333333333;"Sim";-66,7;"ALCANÇOU"
"ES";320255;"Ibitirama";0;0;0;0;"Sim";0;"ALCANÇOU"
"ES";320260;"Iconha";0;0;1;0;"Sim";0;"ALCANÇOU"
"ES";320265;"Irupi";0;0;0;0;"Sim";0;"ALCANÇOU"
"ES";320270;"Itaguaçu";0;0;1;0;"Sim";0;"ALCANÇOU"
"ES";320280;"Itapemirim";25;2;3;66,6666666666667;"Não";41,7;"NÃO ALCANÇOU"
"ES";320290;"Itarana";0;0;1;0;"Sim";0;"ALCANÇOU"
"ES";320300;"Iúna";0;1;7;14,2857142857143;"Não";14,3;"NÃO ALCANÇOU"
"ES";320305;"Jaguaré";20;0;7;0;"Sim";-20;"ALCANÇOU"
"ES";320310;"Jerônimo Monteiro";0;1;3;33,3333333333333;"Não";33,3;"NÃO ALCANÇOU"
"ES";320313;"João Neiva";100;1;3;33,3333333333333;"Sim";-66,7;"ALCANÇOU"
"ES";320316;"Laranja da Terra";0;0;1;0;"Sim";0;"ALCANÇOU"
"ES";320320;"Linhares";25,8620689655172;15;62;24,1935483870968;"Sim";-1,7;"ALCANÇOU"
"ES";320330;"Mantenópolis";16,6666666666667;1;3;33,3333333333333;"Não";16,7;"NÃO ALCANÇOU"
"ES";320332;"Marataízes";50;3;9;33,3333333333333;"Sim";-16,7;"ALCANÇOU"
"ES";320334;"Marechal Floriano";0;1;2;50;"Não";50;"NÃO ALCANÇOU"
"ES";320335;"Marilândia";100;0;2;0;"Sim";-100;"ALCANÇOU"
"ES";320340;"Mimoso do Sul";0;0;1;0;"Sim";0;"ALCANÇOU"
"ES";320350;"Montanha";50;2;2;100;"Não";50;"NÃO ALCANÇOU"
"ES";320360;"Mucurici";0;0;0;0;"Sim";0;"ALCANÇOU"
"ES";320370;"Muniz Freire";75;0;2;0;"Sim";-75;"ALCANÇOU"
"ES";320380;"Muqui";25;0;0;0;"Sim";-25;"ALCANÇOU"
"ES";320390;"Nova Venécia";25;2;11;18,1818181818182;"Sim";-6,8;"ALCANÇOU"
"ES";320400;"Pancas";0;1;2;50;"Não";50;"NÃO ALCANÇOU"
"ES";320405;"Pedro Canário";37,5;3;6;50;"Não";12,5;"NÃO ALCANÇOU"
"ES";320410;"Pinheiros";75;3;4;75;"Não";0;"NÃO ALCANÇOU"
"ES";320420;"Piúma";0;2;10;20;"Não";20;"NÃO ALCANÇOU"
"ES";320425;"Ponto Belo";0;0;0;0;"Sim";0;"ALCANÇOU"
"ES";320430;"Presidente Kennedy";75;0;3;0;"Sim";-75;"ALCANÇOU"
"ES";320435;"Rio Bananal";0;0;2;0;"Sim";0;"ALCANÇOU"
"ES";320440;"Rio Novo do Sul";0;0;1;0;"Sim";0;"ALCANÇOU"
"ES";320450;"Santa Leopoldina";0;0;0;0;"Sim";0;"ALCANÇOU"
"ES";320455;"Santa Maria de Jetibá";0;1;4;25;"Não";25;"NÃO ALCANÇOU"
"ES";320460;"Santa Teresa";100;0;1;0;"Sim";-100;"ALCANÇOU"
"ES";320465;"São Domingos do Norte";0;0;2;0;"Sim";0;"ALCANÇOU"
"ES";320470;"São Gabriel da Palha";0;1;1;100;"Não";100;"NÃO ALCANÇOU"
"ES";320480;"São José do Calçado";0;0;0;0;"Sim";0;"ALCANÇOU"
"ES";320490;"São Mateus";33,3333333333333;19;50;38;"Não";4,7;"NÃO ALCANÇOU"
"ES";320495;"São Roque do Canaã";100;0;0;0;"Sim";-100;"ALCANÇOU"
"ES";320500;"Serra";16,7630057803468;45;189;23,8095238095238;"Não";7;"NÃO ALCANÇOU"
"ES";320501;"Sooretama";50;2;8;25;"Sim";-25;"ALCANÇOU"
"ES";320503;"Vargem Alta";0;1;2;50;"Não";50;"NÃO ALCANÇOU"
"ES";320506;"Venda Nova do Imigrante";33,3333333333333;3;7;42,8571428571428;"Não";9,5;"NÃO ALCANÇOU"
"ES";320510;"Viana";18,5185185185185;3;33;9,09090909090909;"Sim";-9,4;"ALCANÇOU"
"ES";320515;"Vila Pavão";0;0;4;0;"Sim";0;"ALCANÇOU"
"ES";320517;"Vila Valério";0;1;1;100;"Não";100;"NÃO ALCANÇOU"
"ES";320520;"Vila Velha";20,1970443349754;51;212;24,0566037735849;"Não";3,9;"NÃO ALCANÇOU"
"ES";320530;"Vitória";14,7435897435897;26;143;18,1818181818182;"Não";3,4;"NÃO ALCANÇOU"
"RJ";330010;"Angra dos Reis";21,2121212121212;13;44;29,5454545454546;"Não";8,3;"NÃO ALCANÇOU"
"RJ";330015;"Aperibé";0;0;1;0;"Sim";0;"ALCANÇOU"
"RJ";330020;"Araruama";14,2857142857143;5;33;15,1515151515151;"Não";0,9;"NÃO ALCANÇOU"
"RJ";330022;"Areal";50;0;1;0;"Sim";-50;"ALCANÇOU"
"RJ";330023;"Armação dos Búzios";25;4;19;21,0526315789474;"Sim";-3,9;"ALCANÇOU"
"RJ";330025;"Arraial do Cabo";36,3636363636364;7;16;43,75;"Não";7,4;"NÃO ALCANÇOU"
"RJ";330030;"Barra do Piraí";33,3333333333333;5;29;17,2413793103448;"Sim";-16,1;"ALCANÇOU"
"RJ";330040;"Barra Mansa";17,9487179487179;14;56;25;"Não";7,1;"NÃO ALCANÇOU"
"RJ";330045;"Belford Roxo";29,9212598425197;60;167;35,9281437125749;"Não";6;"NÃO ALCANÇOU"
"RJ";330050;"Bom Jardim";0;0;1;0;"Sim";0;"ALCANÇOU"
"RJ";330060;"Bom Jesus do Itabapoana";22,2222222222222;3;11;27,2727272727273;"Não";5,1;"NÃO ALCANÇOU"
"RJ";330070;"Cabo Frio";22,1052631578947;24;105;22,8571428571429;"Não";0,8;"NÃO ALCANÇOU"
"RJ";330080;"Cachoeiras de Macacu";31,8181818181818;4;10;40;"Não";8,2;"NÃO ALCANÇOU"
"RJ";330090;"Cambuci";50;1;1;100;"Não";50;"NÃO ALCANÇOU"
"RJ";330093;"Carapebus";40;2;3;66,6666666666667;"Não";26,7;"NÃO ALCANÇOU"
"RJ";330095;"Comendador Levy Gasparian";0;1;1;100;"Não";100;"NÃO ALCANÇOU"
"RJ";330100;"Campos dos Goytacazes";36,283185840708;32;107;29,9065420560748;"Sim";-6,4;"ALCANÇOU"
"RJ";330110;"Cantagalo";0;1;5;20;"Não";20;"NÃO ALCANÇOU"
"RJ";330115;"Cardoso Moreira";0;0;0;0;"Sim";0;"ALCANÇOU"
"RJ";330120;"Carmo";0;0;0;0;"Sim";0;"ALCANÇOU"
"RJ";330130;"Casimiro de Abreu";40;1;8;12,5;"Sim";-27,5;"ALCANÇOU"
"RJ";330140;"Conceição de Macabu";0;2;2;100;"Não";100;"NÃO ALCANÇOU"
"RJ";330150;"Cordeiro";20;1;5;20;"Não";0;"NÃO ALCANÇOU"
"RJ";330160;"Duas Barras";0;0;4;0;"Sim";0;"ALCANÇOU"
"RJ";330170;"Duque de Caxias";27,6752767527675;69;220;31,3636363636364;"Não";3,7;"NÃO ALCANÇOU"
"RJ";330180;"Engenheiro Paulo de Frontin";0;1;2;50;"Não";50;"NÃO ALCANÇOU"
"RJ";330185;"Guapimirim";29,4117647058823;3;11;27,2727272727273;"Sim";-2,1;"ALCANÇOU"
"RJ";330187;"Iguaba Grande";22,2222222222222;2;13;15,3846153846154;"Sim";-6,8;"ALCANÇOU"
"RJ";330190;"Itaboraí";18,4615384615385;18;63;28,5714285714286;"Não";10,1;"NÃO ALCANÇOU"
"RJ";330200;"Itaguaí";16,2162162162162;11;48;22,9166666666667;"Não";6,7;"NÃO ALCANÇOU"
"RJ";330205;"Italva";0;0;0;0;"Sim";0;"ALCANÇOU"
"RJ";330210;"Itaocara";33,3333333333333;0;1;0;"Sim";-33,3;"ALCANÇOU"
"RJ";330220;"Itaperuna";33,3333333333333;2;17;11,7647058823529;"Sim";-21,6;"ALCANÇOU"
"RJ";330225;"Itatiaia";0;0;1;0;"Sim";0;"ALCANÇOU"
"RJ";330227;"Japeri";23,2142857142857;8;53;15,0943396226415;"Sim";-8,1;"ALCANÇOU"
"RJ";330230;"Laje do Muriaé";0;0;0;0;"Sim";0;"ALCANÇOU"
"RJ";330240;"Macaé";27,8481012658228;26;95;27,3684210526316;"Não";-0,48;"NÃO ALCANÇOU"
"RJ";330245;"Macuco";0;0;3;0;"Sim";0;"ALCANÇOU"
"RJ";330250;"Magé";36,283185840708;30;91;32,967032967033;"Sim";-3,3;"ALCANÇOU"
"RJ";330260;"Mangaratiba";23,5294117647059;3;10;30;"Não";6,5;"NÃO ALCANÇOU"
"RJ";330270;"Maricá";16,1290322580645;13;63;20,6349206349206;"Não";4,5;"NÃO ALCANÇOU"
"RJ";330280;"Mendes";100;3;4;75;"Sim";-25;"ALCANÇOU"
"RJ";330285;"Mesquita";26,9230769230769;18;58;31,0344827586207;"Não";4,1;"NÃO ALCANÇOU"
"RJ";330290;"Miguel Pereira";100;0;2;0;"Sim";-100;"ALCANÇOU"
"RJ";330300;"Miracema";33,3333333333333;0;3;0;"Sim";-33,3;"ALCANÇOU"
"RJ";330310;"Natividade";100;1;4;25;"Sim";-75;"ALCANÇOU"
"RJ";330320;"Nilópolis";43,3333333333333;15;37;40,5405405405405;"Sim";-2,8;"ALCANÇOU"
"RJ";330330;"Niterói";20,3389830508475;35;150;23,3333333333333;"Não";3;"NÃO ALCANÇOU"
"RJ";330340;"Nova Friburgo";34,4827586206897;16;35;45,7142857142857;"Não";11,2;"NÃO ALCANÇOU"
"RJ";330350;"Nova Iguaçu";31,0679611650485;103;357;28,8515406162465;"Sim";-2,2;"ALCANÇOU"
"RJ";330360;"Paracambi";20;3;8;37,5;"Não";17,5;"NÃO ALCANÇOU"
"RJ";330370;"Paraíba do Sul";42,1052631578947;4;13;30,7692307692308;"Sim";-11,3;"ALCANÇOU"
"RJ";330380;"Paraty";14,2857142857143;1;8;12,5;"Sim";-1,8;"ALCANÇOU"
"RJ";330385;"Paty do Alferes";40;1;3;33,3333333333333;"Sim";-6,7;"ALCANÇOU"
"RJ";330390;"Petrópolis";22,3684210526316;17;68;25;"Não";2,6;"NÃO ALCANÇOU"
"RJ";330395;"Pinheiral";25;4;11;36,3636363636364;"Não";11,4;"NÃO ALCANÇOU"
"RJ";330400;"Piraí";54,5454545454545;7;11;63,6363636363636;"Não";9,1;"NÃO ALCANÇOU"
"RJ";330410;"Porciúncula";0;2;3;66,6666666666667;"Não";66,7;"NÃO ALCANÇOU"
"RJ";330411;"Porto Real";28,5714285714286;0;7;0;"Sim";-28,6;"ALCANÇOU"
"RJ";330412;"Quatis";25;1;4;25;"Não";0;"NÃO ALCANÇOU"
"RJ";330414;"Queimados";46,9387755102041;18;59;30,5084745762712;"Sim";-16,4;"ALCANÇOU"
"RJ";330415;"Quissamã";33,3333333333333;2;4;50;"Não";16,7;"NÃO ALCANÇOU"
"RJ";330420;"Resende";38,4615384615385;7;34;20,5882352941176;"Sim";-17,9;"ALCANÇOU"
"RJ";330430;"Rio Bonito";33,3333333333333;3;9;33,3333333333333;"Não";0;"NÃO ALCANÇOU"
"RJ";330440;"Rio Claro";50;0;1;0;"Sim";-50;"ALCANÇOU"
"RJ";330450;"Rio das Flores";50;1;2;50;"Não";0;"NÃO ALCANÇOU"
"RJ";330452;"Rio das Ostras";25;14;51;27,4509803921569;"Não";2,5;"NÃO ALCANÇOU"
"RJ";330455;"Rio de Janeiro";18,2156133828996;453;2478;18,2808716707022;"Não";0,1;"NÃO ALCANÇOU"
"RJ";330460;"Santa Maria Madalena";66,6666666666667;0;1;0;"Sim";-66,7;"ALCANÇOU"
"RJ";330470;"Santo Antônio de Pádua";100;1;4;25;"Sim";-75;"ALCANÇOU"
"RJ";330475;"São Francisco de Itabapoana";57,1428571428571;1;1;100;"Não";42,9;"NÃO ALCANÇOU"
"RJ";330480;"São Fidélis";0;0;1;0;"Sim";0;"ALCANÇOU"
"RJ";330490;"São Gonçalo";32,9501915708812;93;330;28,1818181818182;"Sim";-4,8;"ALCANÇOU"
"RJ";330500;"São João da Barra";42,8571428571428;3;8;37,5;"Sim";-5,4;"ALCANÇOU"
"RJ";330510;"São João de Meriti";35,1190476190476;45;131;34,3511450381679;"Não";-0,77;"NÃO ALCANÇOU"
"RJ";330513;"São José de Ubá";0;1;2;50;"Não";50;"NÃO ALCANÇOU"
"RJ";330515;"São José do Vale do Rio Preto";0;0;1;0;"Sim";0;"ALCANÇOU"
"RJ";330520;"São Pedro da Aldeia";36;9;40;22,5;"Sim";-13,5;"ALCANÇOU"
"RJ";330530;"São Sebastião do Alto";0;0;0;0;"Sim";0;"ALCANÇOU"
"RJ";330540;"Sapucaia";33,3333333333333;2;5;40;"Não";6,7;"NÃO ALCANÇOU"
"RJ";330550;"Saquarema";26,9230769230769;4;31;12,9032258064516;"Sim";-14;"ALCANÇOU"
"RJ";330555;"Seropédica";29,4117647058823;1;21;4,76190476190476;"Sim";-24,6;"ALCANÇOU"
"RJ";330560;"Silva Jardim";50;3;4;75;"Não";25;"NÃO ALCANÇOU"
"RJ";330570;"Sumidouro";0;0;2;0;"Sim";0;"ALCANÇOU"
"RJ";330575;"Tanguá";0;4;9;44,4444444444444;"Não";44,4;"NÃO ALCANÇOU"
"RJ";330580;"Teresópolis";23,3333333333333;3;28;10,7142857142857;"Sim";-12,6;"ALCANÇOU"
"RJ";330590;"Trajano de Moraes";0;0;0;0;"Sim";0;"ALCANÇOU"
"RJ";330600;"Três Rios";28;10;18;55,5555555555556;"Não";27,6;"NÃO ALCANÇOU"
"RJ";330610;"Valença";25;0;9;0;"Sim";-25;"ALCANÇOU"
"RJ";330615;"Varre-Sai";0;1;1;100;"Não";100;"NÃO ALCANÇOU"
"RJ";330620;"Vassouras";10;2;8;25;"Não";15;"NÃO ALCANÇOU"
"RJ";330630;"Volta Redonda";23,4782608695652;29;121;23,9669421487603;"Não";0,5;"NÃO ALCANÇOU"
"SP";350010;"Adamantina";50;1;3;33,3333333333333;"Sim";-16,7;"ALCANÇOU"
"SP";350020;"Adolfo";0;1;2;50;"Não";50;"NÃO ALCANÇOU"
"SP";350030;"Aguaí";60;0;0;0;"Sim";-60;"ALCANÇOU"
"SP";350040;"Águas da Prata";0;0;0;0;"Sim";0;"ALCANÇOU"
"SP";350050;"Águas de Lindóia";33,3333333333333;1;1;100;"Não";66,7;"NÃO ALCANÇOU"
"SP";350055;"Águas de Santa Bárbara";100;2;4;50;"Sim";-50;"ALCANÇOU"
"SP";350060;"Águas de São Pedro";0;0;0;0;"Sim";0;"ALCANÇOU"
"SP";350070;"Agudos";33,3333333333333;4;8;50;"Não";16,7;"NÃO ALCANÇOU"
"SP";350075;"Alambari";0;0;0;0;"Sim";0;"ALCANÇOU"
"SP";350080;"Alfredo Marcondes";0;0;0;0;"Sim";0;"ALCANÇOU"
"SP";350090;"Altair";0;0;0;0;"Sim";0;"ALCANÇOU"
"SP";350100;"Altinópolis";100;1;1;100;"Não";0;"NÃO ALCANÇOU"
"SP";350110;"Alto Alegre";100;0;0;0;"Sim";-100;"ALCANÇOU"
"SP";350115;"Alumínio";50;0;1;0;"Sim";-50;"ALCANÇOU"
"SP";350120;"Álvares Florence";0;0;0;0;"Sim";0;"ALCANÇOU"
"SP";350130;"Álvares Machado";33,3333333333333;3;4;75;"Não";41,7;"NÃO ALCANÇOU"
"SP";350140;"Álvaro de Carvalho";0;1;3;33,3333333333333;"Não";33,3;"NÃO ALCANÇOU"
"SP";350150;"Alvinlândia";0;0;0;0;"Sim";0;"ALCANÇOU"
"SP";350160;"Americana";22,9166666666667;4;34;11,7647058823529;"Sim";-11,2;"ALCANÇOU"
"SP";350170;"Américo Brasiliense";25;1;5;20;"Sim";-5;"ALCANÇOU"
"SP";350180;"Américo de Campos";0;0;0;0;"Sim";0;"ALCANÇOU"
"SP";350190;"Amparo";33,3333333333333;1;6;16,6666666666667;"Sim";-16,7;"ALCANÇOU"
"SP";350200;"Analândia";0;0;0;0;"Sim";0;"ALCANÇOU"
"SP";350210;"Andradina";18,1818181818182;2;15;13,3333333333333;"Sim";-4,8;"ALCANÇOU"
"SP";350220;"Angatuba";0;1;2;50;"Não";50;"NÃO ALCANÇOU"
"SP";350230;"Anhembi";0;0;0;0;"Sim";0;"ALCANÇOU"
"SP";350240;"Anhumas";0;0;0;0;"Sim";0;"ALCANÇOU"
"SP";350250;"Aparecida";12,5;0;1;0;"Sim";-12,5;"ALCANÇOU"
"SP";350260;"Aparecida d'Oeste";0;0;0;0;"Sim";0;"ALCANÇOU"
"SP";350270;"Apiaí";33,3333333333333;0;0;0;"Sim";-33,3;"ALCANÇOU"
"SP";350275;"Araçariguama";0;2;8;25;"Não";25;"NÃO ALCANÇOU"
"SP";350280;"Araçatuba";23,0769230769231;8;49;16,3265306122449;"Sim";-6,8;"ALCANÇOU"
"SP";350290;"Araçoiaba da Serra";0;2;6;33,3333333333333;"Não";33,3;"NÃO ALCANÇOU"
"SP";350300;"Aramina";0;0;0;0;"Sim";0;"ALCANÇOU"
"SP";350310;"Arandu";50;2;3;66,6666666666667;"Não";16,7;"NÃO ALCANÇOU"
"SP";350315;"Arapeí";100;0;0;0;"Sim";-100;"ALCANÇOU"
"SP";350320;"Araraquara";14,2857142857143;8;43;18,6046511627907;"Não";4,3;"NÃO ALCANÇOU"
"SP";350330;"Araras";31,25;8;25;32;"Não";0,8;"NÃO ALCANÇOU"
"SP";350335;"Arco-Íris";0;0;0;0;"Sim";0;"ALCANÇOU"
"SP";350340;"Arealva";0;0;0;0;"Sim";0;"ALCANÇOU"
"SP";350350;"Areias";0;0;0;0;"Sim";0;"ALCANÇOU"
"SP";350360;"Areiópolis";0;1;2;50;"Não";50;"NÃO ALCANÇOU"
"SP";350370;"Ariranha";0;1;1;100;"Não";100;"NÃO ALCANÇOU"
"SP";350380;"Artur Nogueira";42,8571428571428;1;5;20;"Sim";-22,9;"ALCANÇOU"
"SP";350390;"Arujá";16,6666666666667;1;11;9,09090909090909;"Sim";-7,6;"ALCANÇOU"
"SP";350395;"Aspásia";0;0;0;0;"Sim";0;"ALCANÇOU"
"SP";350400;"Assis";20;4;14;28,5714285714286;"Não";8,6;"NÃO ALCANÇOU"
"SP";350410;"Atibaia";15,3846153846154;2;21;9,52380952380952;"Sim";-5,9;"ALCANÇOU"
"SP";350420;"Auriflama";0;2;3;66,6666666666667;"Não";66,7;"NÃO ALCANÇOU"
"SP";350430;"Avaí";0;0;0;0;"Sim";0;"ALCANÇOU"
"SP";350440;"Avanhandava";0;0;4;0;"Sim";0;"ALCANÇOU"
"SP";350450;"Avaré";20;3;14;21,4285714285714;"Não";1,4;"NÃO ALCANÇOU"
"SP";350460;"Bady Bassitt";0;0;1;0;"Sim";0;"ALCANÇOU"
"SP";350470;"Balbinos";0;1;4;25;"Não";25;"NÃO ALCANÇOU"
"SP";350480;"Bálsamo";0;0;0;0;"Sim";0;"ALCANÇOU"
"SP";350490;"Bananal";100;1;3;33,3333333333333;"Sim";-66,7;"ALCANÇOU"
"SP";350500;"Barão de Antonina";0;0;0;0;"Sim";0;"ALCANÇOU"
"SP";350510;"Barbosa";0;0;1;0;"Sim";0;"ALCANÇOU"
"SP";350520;"Bariri";100;0;3;0;"Sim";-100;"ALCANÇOU"
"SP";350530;"Barra Bonita";25;4;9;44,4444444444444;"Não";19,4;"NÃO ALCANÇOU"
"SP";350535;"Barra do Chapéu";0;0;0;0;"Sim";0;"ALCANÇOU"
"SP";350540;"Barra do Turvo";0;0;1;0;"Sim";0;"ALCANÇOU"
"SP";350550;"Barretos";43,5897435897436;11;38;28,9473684210526;"Sim";-14,6;"ALCANÇOU"
"SP";350560;"Barrinha";0;0;3;0;"Sim";0;"ALCANÇOU"
"SP";350570;"Barueri";22,4719101123595;12;58;20,6896551724138;"Sim";-1,8;"ALCANÇOU"
"SP";350580;"Bastos";0;1;3;33,3333333333333;"Não";33,3;"NÃO ALCANÇOU"
"SP";350590;"Batatais";33,3333333333333;2;6;33,3333333333333;"Não";0;"NÃO ALCANÇOU"
"SP";350600;"Bauru";31,7073170731707;27;97;27,8350515463917;"Sim";-3,9;"ALCANÇOU"
"SP";350610;"Bebedouro";9,09090909090909;4;14;28,5714285714286;"Não";19,5;"NÃO ALCANÇOU"
"SP";350620;"Bento de Abreu";0;0;0;0;"Sim";0;"ALCANÇOU"
"SP";350630;"Bernardino de Campos";0;0;0;0;"Sim";0;"ALCANÇOU"
"SP";350635;"Bertioga";9,09090909090909;4;21;19,0476190476191;"Não";10;"NÃO ALCANÇOU"
"SP";350640;"Bilac";0;0;1;0;"Sim";0;"ALCANÇOU"
"SP";350650;"Birigui";22,2222222222222;6;25;24;"Não";1,8;"NÃO ALCANÇOU"
"SP";350660;"Biritiba-Mirim";0;0;3;0;"Sim";0;"ALCANÇOU"
"SP";350670;"Boa Esperança do Sul";0;0;0;0;"Sim";0;"ALCANÇOU"
"SP";350680;"Bocaina";0;1;1;100;"Não";100;"NÃO ALCANÇOU"
"SP";350690;"Bofete";0;1;1;100;"Não";100;"NÃO ALCANÇOU"
"SP";350700;"Boituva";28,5714285714286;1;8;12,5;"Sim";-16,1;"ALCANÇOU"
"SP";350710;"Bom Jesus dos Perdões";40;1;6;16,6666666666667;"Sim";-23,3;"ALCANÇOU"
"SP";350715;"Bom Sucesso de Itararé";0;0;0;0;"Sim";0;"ALCANÇOU"
"SP";350720;"Borá";0;0;0;0;"Sim";0;"ALCANÇOU"
"SP";350730;"Boracéia";0;0;1;0;"Sim";0;"ALCANÇOU"
"SP";350740;"Borborema";0;0;1;0;"Sim";0;"ALCANÇOU"
"SP";350745;"Borebi";0;0;0;0;"Sim";0;"ALCANÇOU"
"SP";350750;"Botucatu";27,7777777777778;2;17;11,7647058823529;"Sim";-16;"ALCANÇOU"
"SP";350760;"Bragança Paulista";25;4;28;14,2857142857143;"Sim";-10,7;"ALCANÇOU"
"SP";350770;"Braúna";0;0;0;0;"Sim";0;"ALCANÇOU"
"SP";350775;"Brejo Alegre";100;0;0;0;"Sim";-100;"ALCANÇOU"
"SP";350780;"Brodowski";50;0;2;0;"Sim";-50;"ALCANÇOU"
"SP";350790;"Brotas";25;0;4;0;"Sim";-25;"ALCANÇOU"
"SP";350800;"Buri";0;0;0;0;"Sim";0;"ALCANÇOU"
"SP";350810;"Buritama";20;0;4;0;"Sim";-20;"ALCANÇOU"
"SP";350820;"Buritizal";0;0;1;0;"Sim";0;"ALCANÇOU"
"SP";350830;"Cabrália Paulista";0;0;0;0;"Sim";0;"ALCANÇOU"
"SP";350840;"Cabreúva";28,5714285714286;1;3;33,3333333333333;"Não";4,8;"NÃO ALCANÇOU"
"SP";350850;"Caçapava";21,4285714285714;4;12;33,3333333333333;"Não";11,9;"NÃO ALCANÇOU"
"SP";350860;"Cachoeira Paulista";25;1;4;25;"Não";0;"NÃO ALCANÇOU"
"SP";350870;"Caconde";0;0;1;0;"Sim";0;"ALCANÇOU"
"SP";350880;"Cafelândia";0;0;0;0;"Sim";0;"ALCANÇOU"
"SP";350890;"Caiabu";0;1;1;100;"Não";100;"NÃO ALCANÇOU"
"SP";350900;"Caieiras";30,7692307692308;2;12;16,6666666666667;"Sim";-14,1;"ALCANÇOU"
"SP";350910;"Caiuá";0;0;2;0;"Sim";0;"ALCANÇOU"
"SP";350920;"Cajamar";0;7;19;36,8421052631579;"Não";36,8;"NÃO ALCANÇOU"
"SP";350925;"Cajati";0;1;1;100;"Não";100;"NÃO ALCANÇOU"
"SP";350930;"Cajobi";0;0;0;0;"Sim";0;"ALCANÇOU"
"SP";350940;"Cajuru";16,6666666666667;3;4;75;"Não";58,3;"NÃO ALCANÇOU"
"SP";350945;"Campina do Monte Alegre";0;0;1;0;"Sim";0;"ALCANÇOU"
"SP";350950;"Campinas";22,8310502283105;59;245;24,0816326530612;"Não";1,3;"NÃO ALCANÇOU"
"SP";350960;"Campo Limpo Paulista";36,3636363636364;4;13;30,7692307692308;"Sim";-5,6;"ALCANÇOU"
"SP";350970;"Campos do Jordão";0;0;10;0;"Sim";0;"ALCANÇOU"
"SP";350980;"Campos Novos Paulista";100;0;0;0;"Sim";-100;"ALCANÇOU"
"SP";350990;"Cananéia";0;0;1;0;"Sim";0;"ALCANÇOU"
"SP";350995;"Canas";0;1;1;100;"Não";100;"NÃO ALCANÇOU"
"SP";351000;"Cândido Mota";100;0;0;0;"Sim";-100;"ALCANÇOU"
"SP";351010;"Cândido Rodrigues";0;0;0;0;"Sim";0;"ALCANÇOU"
"SP";351015;"Canitar";0;0;0;0;"Sim";0;"ALCANÇOU"
"SP";351020;"Capão Bonito";100;1;3;33,3333333333333;"Sim";-66,7;"ALCANÇOU"
"SP";351030;"Capela do Alto";0;1;3;33,3333333333333;"Não";33,3;"NÃO ALCANÇOU"
"SP";351040;"Capivari";14,2857142857143;2;7;28,5714285714286;"Não";14,3;"NÃO ALCANÇOU"
"SP";351050;"Caraguatatuba";17,6470588235294;2;22;9,09090909090909;"Sim";-8,6;"ALCANÇOU"
"SP";351060;"Carapicuíba";23,3333333333333;15;76;19,7368421052632;"Sim";-3,6;"ALCANÇOU"
"SP";351070;"Cardoso";0;2;2;100;"Não";100;"NÃO ALCANÇOU"
"SP";351080;"Casa Branca";0;1;3;33,3333333333333;"Não";33,3;"NÃO ALCANÇOU"
"SP";351090;"Cássia dos Coqueiros";0;0;0;0;"Sim";0;"ALCANÇOU"
"SP";351100;"Castilho";25;2;6;33,3333333333333;"Não";8,3;"NÃO ALCANÇOU"
"SP";351110;"Catanduva";24;3;11;27,2727272727273;"Não";3,3;"NÃO ALCANÇOU"
"SP";351120;"Catiguá";100;0;0;0;"Sim";-100;"ALCANÇOU"
"SP";351130;"Cedral";50;0;3;0;"Sim";-50;"ALCANÇOU"
"SP";351140;"Cerqueira César";0;0;1;0;"Sim";0;"ALCANÇOU"
"SP";351150;"Cerquilho";11,1111111111111;1;6;16,6666666666667;"Não";5,6;"NÃO ALCANÇOU"
"SP";351160;"Cesário Lange";0;0;0;0;"Sim";0;"ALCANÇOU"
"SP";351170;"Charqueada";25;1;3;33,3333333333333;"Não";8,3;"NÃO ALCANÇOU"
"SP";351190;"Clementina";0;0;0;0;"Sim";0;"ALCANÇOU"
"SP";351200;"Colina";33,3333333333333;1;3;33,3333333333333;"Não";0;"NÃO ALCANÇOU"
"SP";351210;"Colômbia";0;0;0;0;"Sim";0;"ALCANÇOU"
"SP";351220;"Conchal";75;0;3;0;"Sim";-75;"ALCANÇOU"
"SP";351230;"Conchas";0;2;3;66,6666666666667;"Não";66,7;"NÃO ALCANÇOU"
"SP";351240;"Cordeirópolis";0;0;3;0;"Sim";0;"ALCANÇOU"
"SP";351250;"Coroados";0;0;0;0;"Sim";0;"ALCANÇOU"
"SP";351260;"Coronel Macedo";0;0;0;0;"Sim";0;"ALCANÇOU"
"SP";351270;"Corumbataí";0;0;0;0;"Sim";0;"ALCANÇOU"
"SP";351280;"Cosmópolis";33,3333333333333;4;10;40;"Não";6,7;"NÃO ALCANÇOU"
"SP";351290;"Cosmorama";0;0;1;0;"Sim";0;"ALCANÇOU"
"SP";351300;"Cotia";47,2222222222222;6;36;16,6666666666667;"Sim";-30,6;"ALCANÇOU"
"SP";351310;"Cravinhos";50;1;4;25;"Sim";-25;"ALCANÇOU"
"SP";351320;"Cristais Paulista";0;0;0;0;"Sim";0;"ALCANÇOU"
"SP";351330;"Cruzália";0;0;0;0;"Sim";0;"ALCANÇOU"
"SP";351340;"Cruzeiro";22,2222222222222;2;8;25;"Não";2,8;"NÃO ALCANÇOU"
"SP";351350;"Cubatão";17,3913043478261;11;39;28,2051282051282;"Não";10,8;"NÃO ALCANÇOU"
"SP";351360;"Cunha";0;0;2;0;"Sim";0;"ALCANÇOU"
"SP";351370;"Descalvado";0;0;4;0;"Sim";0;"ALCANÇOU"
"SP";351380;"Diadema";21,7391304347826;16;69;23,1884057971014;"Não";1,4;"NÃO ALCANÇOU"
"SP";351385;"Dirce Reis";0;0;0;0;"Sim";0;"ALCANÇOU"
"SP";351390;"Divinolândia";100;0;0;0;"Sim";-100;"ALCANÇOU"
"SP";351400;"Dobrada";0;1;2;50;"Não";50;"NÃO ALCANÇOU"
"SP";351410;"Dois Córregos";33,3333333333333;0;0;0;"Sim";-33,3;"ALCANÇOU"
"SP";351420;"Dolcinópolis";0;0;1;0;"Sim";0;"ALCANÇOU"
"SP";351430;"Dourado";0;1;1;100;"Não";100;"NÃO ALCANÇOU"
"SP";351440;"Dracena";0;1;4;25;"Não";25;"NÃO ALCANÇOU"
"SP";351450;"Duartina";0;0;0;0;"Sim";0;"ALCANÇOU"
"SP";351460;"Dumont";0;0;1;0;"Sim";0;"ALCANÇOU"
"SP";351470;"Echaporã";0;0;0;0;"Sim";0;"ALCANÇOU"
"SP";351480;"Eldorado";0;0;1;0;"Sim";0;"ALCANÇOU"
"SP";351490;"Elias Fausto";25;1;1;100;"Não";75;"NÃO ALCANÇOU"
"SP";351492;"Elisiário";0;0;0;0;"Sim";0;"ALCANÇOU"
"SP";351495;"Embaúba";0;0;0;0;"Sim";0;"ALCANÇOU"
"SP";351500;"Embu das Artes";21,2765957446809;11;43;25,5813953488372;"Não";4,3;"NÃO ALCANÇOU"
"SP";351510;"Embu-Guaçu";14,2857142857143;1;5;20;"Não";5,7;"NÃO ALCANÇOU"
"SP";351512;"Emilianópolis";0;1;1;100;"Não";100;"NÃO ALCANÇOU"
"SP";351515;"Engenheiro Coelho";50;0;4;0;"Sim";-50;"ALCANÇOU"
"SP";351518;"Espírito Santo do Pinhal";50;0;2;0;"Sim";-50;"ALCANÇOU"
"SP";351519;"Espírito Santo do Turvo";0;0;0;0;"Sim";0;"ALCANÇOU"
"SP";351520;"Estrela d'Oeste";100;0;0;0;"Sim";-100;"ALCANÇOU"
"SP";351530;"Estrela do Norte";100;0;0;0;"Sim";-100;"ALCANÇOU"
"SP";351535;"Euclides da Cunha Paulista";0;0;0;0;"Sim";0;"ALCANÇOU"
"SP";351540;"Fartura";0;1;5;20;"Não";20;"NÃO ALCANÇOU"
"SP";351550;"Fernandópolis";14,2857142857143;5;29;17,2413793103448;"Não";3;"NÃO ALCANÇOU"
"SP";351560;"Fernando Prestes";0;0;0;0;"Sim";0;"ALCANÇOU"
"SP";351565;"Fernão";33,3333333333333;0;0;0;"Sim";-33,3;"ALCANÇOU"
"SP";351570;"Ferraz de Vasconcelos";17,5;3;24;12,5;"Sim";-5;"ALCANÇOU"
"SP";351580;"Flora Rica";0;0;0;0;"Sim";0;"ALCANÇOU"
"SP";351590;"Floreal";0;1;1;100;"Não";100;"NÃO ALCANÇOU"
"SP";351600;"Flórida Paulista";0;0;1;0;"Sim";0;"ALCANÇOU"
"SP";351610;"Florínia";0;0;1;0;"Sim";0;"ALCANÇOU"
"SP";351620;"Franca";16,4556962025316;8;44;18,1818181818182;"Não";1,7;"NÃO ALCANÇOU"
"SP";351630;"Francisco Morato";12,9032258064516;8;47;17,0212765957447;"Não";4,1;"NÃO ALCANÇOU"
"SP";351640;"Franco da Rocha";17,1428571428571;7;32;21,875;"Não";4,7;"NÃO ALCANÇOU"
"SP";351650;"Gabriel Monteiro";0;0;0;0;"Sim";0;"ALCANÇOU"
"SP";351660;"Gália";0;0;2;0;"Sim";0;"ALCANÇOU"
"SP";351670;"Garça";33,3333333333333;1;2;50;"Não";16,7;"NÃO ALCANÇOU"
"SP";351680;"Gastão Vidigal";0;1;2;50;"Não";50;"NÃO ALCANÇOU"
"SP";351685;"Gavião Peixoto";0;0;0;0;"Sim";0;"ALCANÇOU"
"SP";351690;"General Salgado";0;0;1;0;"Sim";0;"ALCANÇOU"
"SP";351700;"Getulina";0;0;2;0;"Sim";0;"ALCANÇOU"
"SP";351710;"Glicério";0;0;0;0;"Sim";0;"ALCANÇOU"
"SP";351720;"Guaiçara";50;1;3;33,3333333333333;"Sim";-16,7;"ALCANÇOU"
"SP";351730;"Guaimbê";0;0;1;0;"Sim";0;"ALCANÇOU"
"SP";351740;"Guaíra";14,2857142857143;1;7;14,2857142857143;"Não";0;"NÃO ALCANÇOU"
"SP";351750;"Guapiaçu";0;0;2;0;"Sim";0;"ALCANÇOU"
"SP";351760;"Guapiara";0;0;1;0;"Sim";0;"ALCANÇOU"
"SP";351770;"Guará";0;0;2;0;"Sim";0;"ALCANÇOU"
"SP";351780;"Guaraçaí";0;0;2;0;"Sim";0;"ALCANÇOU"
"SP";351790;"Guaraci";0;0;1;0;"Sim";0;"ALCANÇOU"
"SP";351800;"Guarani d'Oeste";0;0;0;0;"Sim";0;"ALCANÇOU"
"SP";351810;"Guarantã";0;0;0;0;"Sim";0;"ALCANÇOU"
"SP";351820;"Guararapes";33,3333333333333;1;7;14,2857142857143;"Sim";-19;"ALCANÇOU"
"SP";351830;"Guararema";100;0;0;0;"Sim";-100;"ALCANÇOU"
"SP";351840;"Guaratinguetá";21,0526315789474;8;35;22,8571428571429;"Não";1,8;"NÃO ALCANÇOU"
"SP";351850;"Guareí";33,3333333333333;1;1;100;"Não";66,7;"NÃO ALCANÇOU"
"SP";351860;"Guariba";0;1;4;25;"Não";25;"NÃO ALCANÇOU"
"SP";351870;"Guarujá";30,4347826086956;13;80;16,25;"Sim";-14,2;"ALCANÇOU"
"SP";351880;"Guarulhos";23,1292517006803;68;286;23,7762237762238;"Não";0,6;"NÃO ALCANÇOU"
"SP";351885;"Guatapará";0;0;1;0;"Sim";0;"ALCANÇOU"
"SP";351890;"Guzolândia";0;0;0;0;"Sim";0;"ALCANÇOU"
"SP";351900;"Herculândia";0;0;1;0;"Sim";0;"ALCANÇOU"
"SP";351905;"Holambra";0;0;0;0;"Sim";0;"ALCANÇOU"
"SP";351907;"Hortolândia";24,0740740740741;12;46;26,0869565217391;"Não";2;"NÃO ALCANÇOU"
"SP";351910;"Iacanga";50;1;1;100;"Não";50;"NÃO ALCANÇOU"
"SP";351920;"Iacri";0;0;0;0;"Sim";0;"ALCANÇOU"
"SP";351925;"Iaras";0;0;3;0;"Sim";0;"ALCANÇOU"
"SP";351930;"Ibaté";0;1;7;14,2857142857143;"Não";14,3;"NÃO ALCANÇOU"
"SP";351940;"Ibirá";50;0;1;0;"Sim";-50;"ALCANÇOU"
"SP";351950;"Ibirarema";100;2;4;50;"Sim";-50;"ALCANÇOU"
"SP";351960;"Ibitinga";25;0;4;0;"Sim";-25;"ALCANÇOU"
"SP";351970;"Ibiúna";20;4;15;26,6666666666667;"Não";6,7;"NÃO ALCANÇOU"
"SP";351980;"Icém";33,3333333333333;0;0;0;"Sim";-33,3;"ALCANÇOU"
"SP";351990;"Iepê";0;0;0;0;"Sim";0;"ALCANÇOU"
"SP";352000;"Igaraçu do Tietê";0;0;2;0;"Sim";0;"ALCANÇOU"
"SP";352010;"Igarapava";0;4;4;100;"Não";100;"NÃO ALCANÇOU"
"SP";352020;"Igaratá";0;1;2;50;"Não";50;"NÃO ALCANÇOU"
"SP";352030;"Iguape";0;1;4;25;"Não";25;"NÃO ALCANÇOU"
"SP";352040;"Ilhabela";0;4;11;36,3636363636364;"Não";36,4;"NÃO ALCANÇOU"
"SP";352042;"Ilha Comprida";14,2857142857143;0;1;0;"Sim";-14,3;"ALCANÇOU"
"SP";352044;"Ilha Solteira";25;0;2;0;"Sim";-25;"ALCANÇOU"
"SP";352050;"Indaiatuba";34,0909090909091;14;53;26,4150943396226;"Sim";-7,7;"ALCANÇOU"
"SP";352060;"Indiana";0;1;3;33,3333333333333;"Não";33,3;"NÃO ALCANÇOU"
"SP";352070;"Indiaporã";50;0;0;0;"Sim";-50;"ALCANÇOU"
"SP";352080;"Inúbia Paulista";0;0;0;0;"Sim";0;"ALCANÇOU"
"SP";352090;"Ipaussu";100;0;1;0;"Sim";-100;"ALCANÇOU"
"SP";352100;"Iperó";50;0;4;0;"Sim";-50;"ALCANÇOU"
"SP";352110;"Ipeúna";0;1;1;100;"Não";100;"NÃO ALCANÇOU"
"SP";352115;"Ipiguá";0;1;2;50;"Não";50;"NÃO ALCANÇOU"
"SP";352120;"Iporanga";0;0;0;0;"Sim";0;"ALCANÇOU"
"SP";352130;"Ipuã";0;1;5;20;"Não";20;"NÃO ALCANÇOU"
"SP";352140;"Iracemápolis";50;0;4;0;"Sim";-50;"ALCANÇOU"
"SP";352150;"Irapuã";100;0;1;0;"Sim";-100;"ALCANÇOU"
"SP";352160;"Irapuru";0;2;3;66,6666666666667;"Não";66,7;"NÃO ALCANÇOU"
"SP";352170;"Itaberá";50;0;1;0;"Sim";-50;"ALCANÇOU"
"SP";352180;"Itaí";33,3333333333333;3;4;75;"Não";41,7;"NÃO ALCANÇOU"
"SP";352190;"Itajobi";0;0;3;0;"Sim";0;"ALCANÇOU"
"SP";352200;"Itaju";0;0;2;0;"Sim";0;"ALCANÇOU"
"SP";352210;"Itanhaém";29,6296296296296;10;40;25;"Sim";-4,6;"ALCANÇOU"
"SP";352215;"Itaóca";0;0;0;0;"Sim";0;"ALCANÇOU"
"SP";352220;"Itapecerica da Serra";30;5;25;20;"Sim";-10;"ALCANÇOU"
"SP";352230;"Itapetininga";33,3333333333333;11;37;29,7297297297297;"Sim";-3,6;"ALCANÇOU"
"SP";352240;"Itapeva";25;3;11;27,2727272727273;"Não";2,3;"NÃO ALCANÇOU"
"SP";352250;"Itapevi";16,9014084507042;10;62;16,1290322580645;"Não";-0,77;"NÃO ALCANÇOU"
"SP";352260;"Itapira";28,5714285714286;2;7;28,5714285714286;"Não";0;"NÃO ALCANÇOU"
"SP";352265;"Itapirapuã Paulista";0;0;0;0;"Sim";0;"ALCANÇOU"
"SP";352270;"Itápolis";0;3;9;33,3333333333333;"Não";33,3;"NÃO ALCANÇOU"
"SP";352280;"Itaporanga";0;0;1;0;"Sim";0;"ALCANÇOU"
"SP";352290;"Itapuí";0;2;3;66,6666666666667;"Não";66,7;"NÃO ALCANÇOU"
"SP";352300;"Itapura";0;1;1;100;"Não";100;"NÃO ALCANÇOU"
"SP";352310;"Itaquaquecetuba";18,75;11;64;17,1875;"Sim";-1,6;"ALCANÇOU"
"SP";352320;"Itararé";60;0;1;0;"Sim";-60;"ALCANÇOU"
"SP";352330;"Itariri";0;0;1;0;"Sim";0;"ALCANÇOU"
"SP";352340;"Itatiba";35;3;14;21,4285714285714;"Sim";-13,6;"ALCANÇOU"
"SP";352350;"Itatinga";50;0;2;0;"Sim";-50;"ALCANÇOU"
"SP";352360;"Itirapina";0;0;2;0;"Sim";0;"ALCANÇOU"
"SP";352370;"Itirapuã";0;0;0;0;"Sim";0;"ALCANÇOU"
"SP";352380;"Itobi";0;1;2;50;"Não";50;"NÃO ALCANÇOU"
"SP";352390;"Itu";29,7297297297297;14;30;46,6666666666667;"Não";16,9;"NÃO ALCANÇOU"
"SP";352400;"Itupeva";33,3333333333333;1;8;12,5;"Sim";-20,8;"ALCANÇOU"
"SP";352410;"Ituverava";50;1;4;25;"Sim";-25;"ALCANÇOU"
"SP";352420;"Jaborandi";0;0;2;0;"Sim";0;"ALCANÇOU"
"SP";352430;"Jaboticabal";40;2;9;22,2222222222222;"Sim";-17,8;"ALCANÇOU"
"SP";352440;"Jacareí";25,9259259259259;5;27;18,5185185185185;"Sim";-7,4;"ALCANÇOU"
"SP";352450;"Jaci";66,6666666666667;0;1;0;"Sim";-66,7;"ALCANÇOU"
"SP";352460;"Jacupiranga";0;0;0;0;"Sim";0;"ALCANÇOU"
"SP";352470;"Jaguariúna";14,2857142857143;0;7;0;"Sim";-14,3;"ALCANÇOU"
"SP";352480;"Jales";12,5;4;11;36,3636363636364;"Não";23,9;"NÃO ALCANÇOU"
"SP";352490;"Jambeiro";0;0;0;0;"Sim";0;"ALCANÇOU"
"SP";352500;"Jandira";9,52380952380952;5;18;27,7777777777778;"Não";18,3;"NÃO ALCANÇOU"
"SP";352510;"Jardinópolis";25;0;6;0;"Sim";-25;"ALCANÇOU"
"SP";352520;"Jarinu";33,3333333333333;0;3;0;"Sim";-33,3;"ALCANÇOU"
"SP";352530;"Jaú";13,6363636363636;4;25;16;"Não";2,4;"NÃO ALCANÇOU"
"SP";352540;"Jeriquara";0;0;0;0;"Sim";0;"ALCANÇOU"
"SP";352550;"Joanópolis";0;0;0;0;"Sim";0;"ALCANÇOU"
"SP";352560;"João Ramalho";0;0;0;0;"Sim";0;"ALCANÇOU"
"SP";352570;"José Bonifácio";33,3333333333333;3;9;33,3333333333333;"Não";0;"NÃO ALCANÇOU"
"SP";352580;"Júlio Mesquita";0;0;0;0;"Sim";0;"ALCANÇOU"
"SP";352585;"Jumirim";0;0;0;0;"Sim";0;"ALCANÇOU"
"SP";352590;"Jundiaí";31,1827956989247;10;73;13,6986301369863;"Sim";-17,5;"ALCANÇOU"
"SP";352600;"Junqueirópolis";0;0;4;0;"Sim";0;"ALCANÇOU"
"SP";352610;"Juquiá";0;1;2;50;"Não";50;"NÃO ALCANÇOU"
"SP";352620;"Juquitiba";44,4444444444444;0;1;0;"Sim";-44,4;"ALCANÇOU"
"SP";352630;"Lagoinha";0;0;0;0;"Sim";0;"ALCANÇOU"
"SP";352640;"Laranjal Paulista";0;1;3;33,3333333333333;"Não";33,3;"NÃO ALCANÇOU"
"SP";352650;"Lavínia";25;0;4;0;"Sim";-25;"ALCANÇOU"
"SP";352660;"Lavrinhas";0;0;0;0;"Sim";0;"ALCANÇOU"
"SP";352670;"Leme";23,8095238095238;3;13;23,0769230769231;"Não";-0,73;"NÃO ALCANÇOU"
"SP";352680;"Lençóis Paulista";44,4444444444444;2;13;15,3846153846154;"Sim";-29,1;"ALCANÇOU"
"SP";352690;"Limeira";29,1666666666667;7;34;20,5882352941176;"Sim";-8,6;"ALCANÇOU"
"SP";352700;"Lindóia";0;0;0;0;"Sim";0;"ALCANÇOU"
"SP";352710;"Lins";28,5714285714286;7;19;36,8421052631579;"Não";8,3;"NÃO ALCANÇOU"
"SP";352720;"Lorena";25;5;15;33,3333333333333;"Não";8,3;"NÃO ALCANÇOU"
"SP";352725;"Lourdes";0;0;0;0;"Sim";0;"ALCANÇOU"
"SP";352730;"Louveira";50;0;2;0;"Sim";-50;"ALCANÇOU"
"SP";352740;"Lucélia";50;1;1;100;"Não";50;"NÃO ALCANÇOU"
"SP";352750;"Lucianópolis";0;0;0;0;"Sim";0;"ALCANÇOU"
"SP";352760;"Luís Antônio";0;0;0;0;"Sim";0;"ALCANÇOU"
"SP";352770;"Luiziânia";0;0;0;0;"Sim";0;"ALCANÇOU"
"SP";352780;"Lupércio";0;0;1;0;"Sim";0;"ALCANÇOU"
"SP";352790;"Lutécia";0;0;0;0;"Sim";0;"ALCANÇOU"
"SP";352800;"Macatuba";0;1;1;100;"Não";100;"NÃO ALCANÇOU"
"SP";352810;"Macaubal";0;0;1;0;"Sim";0;"ALCANÇOU"
"SP";352820;"Macedônia";0;0;0;0;"Sim";0;"ALCANÇOU"
"SP";352830;"Magda";0;0;0;0;"Sim";0;"ALCANÇOU"
"SP";352840;"Mairinque";14,2857142857143;1;6;16,6666666666667;"Não";2,4;"NÃO ALCANÇOU"
"SP";352850;"Mairiporã";33,3333333333333;0;5;0;"Sim";-33,3;"ALCANÇOU"
"SP";352860;"Manduri";0;0;0;0;"Sim";0;"ALCANÇOU"
"SP";352870;"Marabá Paulista";0;0;0;0;"Sim";0;"ALCANÇOU"
"SP";352880;"Maracaí";33,3333333333333;0;1;0;"Sim";-33,3;"ALCANÇOU"
"SP";352885;"Marapoama";0;0;1;0;"Sim";0;"ALCANÇOU"
"SP";352890;"Mariápolis";0;0;0;0;"Sim";0;"ALCANÇOU"
"SP";352900;"Marília";11,7647058823529;7;32;21,875;"Não";10,1;"NÃO ALCANÇOU"
"SP";352910;"Marinópolis";0;0;0;0;"Sim";0;"ALCANÇOU"
"SP";352920;"Martinópolis";33,3333333333333;0;1;0;"Sim";-33,3;"ALCANÇOU"
"SP";352930;"Matão";28,5714285714286;2;12;16,6666666666667;"Sim";-11,9;"ALCANÇOU"
"SP";352940;"Mauá";22,3880597014925;20;76;26,3157894736842;"Não";3,9;"NÃO ALCANÇOU"
"SP";352950;"Mendonça";0;0;0;0;"Sim";0;"ALCANÇOU"
"SP";352960;"Meridiano";0;1;2;50;"Não";50;"NÃO ALCANÇOU"
"SP";352965;"Mesópolis";0;0;0;0;"Sim";0;"ALCANÇOU"
"SP";352970;"Miguelópolis";0;1;2;50;"Não";50;"NÃO ALCANÇOU"
"SP";352980;"Mineiros do Tietê";0;0;0;0;"Sim";0;"ALCANÇOU"
"SP";352990;"Miracatu";66,6666666666667;0;2;0;"Sim";-66,7;"ALCANÇOU"
"SP";353000;"Mira Estrela";0;1;1;100;"Não";100;"NÃO ALCANÇOU"
"SP";353010;"Mirandópolis";100;0;2;0;"Sim";-100;"ALCANÇOU"
"SP";353020;"Mirante do Paranapanema";25;0;0;0;"Sim";-25;"ALCANÇOU"
"SP";353030;"Mirassol";0;1;9;11,1111111111111;"Não";11,1;"NÃO ALCANÇOU"
"SP";353040;"Mirassolândia";0;0;1;0;"Sim";0;"ALCANÇOU"
"SP";353050;"Mococa";0;2;12;16,6666666666667;"Não";16,7;"NÃO ALCANÇOU"
"SP";353060;"Mogi das Cruzes";13,2075471698113;20;49;40,8163265306123;"Não";27,6;"NÃO ALCANÇOU"
"SP";353070;"Mogi Guaçu";33,3333333333333;10;42;23,8095238095238;"Sim";-9,5;"ALCANÇOU"
"SP";353080;"Mogi Mirim";23,5294117647059;7;20;35;"Não";11,5;"NÃO ALCANÇOU"
"SP";353090;"Mombuca";0;0;1;0;"Sim";0;"ALCANÇOU"
"SP";353100;"Monções";0;0;0;0;"Sim";0;"ALCANÇOU"
"SP";353110;"Mongaguá";46,1538461538462;2;12;16,6666666666667;"Sim";-29,5;"ALCANÇOU"
"SP";353120;"Monte Alegre do Sul";0;0;1;0;"Sim";0;"ALCANÇOU"
"SP";353130;"Monte Alto";0;0;2;0;"Sim";0;"ALCANÇOU"
"SP";353140;"Monte Aprazível";100;0;0;0;"Sim";-100;"ALCANÇOU"
"SP";353150;"Monte Azul Paulista";50;0;0;0;"Sim";-50;"ALCANÇOU"
"SP";353160;"Monte Castelo";0;0;0;0;"Sim";0;"ALCANÇOU"
"SP";353170;"Monteiro Lobato";0;0;0;0;"Sim";0;"ALCANÇOU"
"SP";353180;"Monte Mor";10,5263157894737;2;18;11,1111111111111;"Não";0,6;"NÃO ALCANÇOU"
"SP";353190;"Morro Agudo";0;0;1;0;"Sim";0;"ALCANÇOU"
"SP";353200;"Morungaba";0;0;1;0;"Sim";0;"ALCANÇOU"
"SP";353205;"Motuca";0;0;0;0;"Sim";0;"ALCANÇOU"
"SP";353210;"Murutinga do Sul";0;0;0;0;"Sim";0;"ALCANÇOU"
"SP";353215;"Nantes";0;0;0;0;"Sim";0;"ALCANÇOU"
"SP";353220;"Narandiba";0;1;5;20;"Não";20;"NÃO ALCANÇOU"
"SP";353230;"Natividade da Serra";0;0;1;0;"Sim";0;"ALCANÇOU"
"SP";353240;"Nazaré Paulista";100;0;2;0;"Sim";-100;"ALCANÇOU"
"SP";353250;"Neves Paulista";100;0;1;0;"Sim";-100;"ALCANÇOU"
"SP";353260;"Nhandeara";100;0;1;0;"Sim";-100;"ALCANÇOU"
"SP";353270;"Nipoã";0;1;1;100;"Não";100;"NÃO ALCANÇOU"
"SP";353280;"Nova Aliança";0;0;0;0;"Sim";0;"ALCANÇOU"
"SP";353282;"Nova Campina";0;0;0;0;"Sim";0;"ALCANÇOU"
"SP";353284;"Nova Canaã Paulista";0;0;0;0;"Sim";0;"ALCANÇOU"
"SP";353286;"Nova Castilho";0;0;0;0;"Sim";0;"ALCANÇOU"
"SP";353290;"Nova Europa";0;0;1;0;"Sim";0;"ALCANÇOU"
"SP";353300;"Nova Granada";33,3333333333333;0;0;0;"Sim";-33,3;"ALCANÇOU"
"SP";353310;"Nova Guataporanga";0;0;0;0;"Sim";0;"ALCANÇOU"
"SP";353320;"Nova Independência";0;0;1;0;"Sim";0;"ALCANÇOU"
"SP";353325;"Novais";50;0;0;0;"Sim";-50;"ALCANÇOU"
"SP";353330;"Nova Luzitânia";0;0;0;0;"Sim";0;"ALCANÇOU"
"SP";353340;"Nova Odessa";29,4117647058823;4;6;66,6666666666667;"Não";37,3;"NÃO ALCANÇOU"
"SP";353350;"Novo Horizonte";25;1;6;16,6666666666667;"Sim";-8,3;"ALCANÇOU"
"SP";353360;"Nuporanga";0;2;2;100;"Não";100;"NÃO ALCANÇOU"
"SP";353370;"Ocauçu";0;0;1;0;"Sim";0;"ALCANÇOU"
"SP";353380;"Óleo";0;0;0;0;"Sim";0;"ALCANÇOU"
"SP";353390;"Olímpia";30;2;7;28,5714285714286;"Sim";-1,4;"ALCANÇOU"
"SP";353400;"Onda Verde";0;0;0;0;"Sim";0;"ALCANÇOU"
"SP";353410;"Oriente";0;0;0;0;"Sim";0;"ALCANÇOU"
"SP";353420;"Orindiúva";0;0;0;0;"Sim";0;"ALCANÇOU"
"SP";353430;"Orlândia";0;4;7;57,1428571428571;"Não";57,1;"NÃO ALCANÇOU"
"SP";353440;"Osasco";20,9876543209877;46;157;29,2993630573248;"Não";8,3;"NÃO ALCANÇOU"
"SP";353450;"Oscar Bressane";0;0;0;0;"Sim";0;"ALCANÇOU"
"SP";353460;"Osvaldo Cruz";0;0;1;0;"Sim";0;"ALCANÇOU"
"SP";353470;"Ourinhos";18,5185185185185;2;13;15,3846153846154;"Sim";-3,1;"ALCANÇOU"
"SP";353475;"Ouroeste";0;0;3;0;"Sim";0;"ALCANÇOU"
"SP";353480;"Ouro Verde";33,3333333333333;0;0;0;"Sim";-33,3;"ALCANÇOU"
"SP";353490;"Pacaembu";33,3333333333333;0;1;0;"Sim";-33,3;"ALCANÇOU"
"SP";353500;"Palestina";0;0;0;0;"Sim";0;"ALCANÇOU"
"SP";353510;"Palmares Paulista";100;0;0;0;"Sim";-100;"ALCANÇOU"
"SP";353520;"Palmeira d'Oeste";0;0;1;0;"Sim";0;"ALCANÇOU"
"SP";353530;"Palmital";0;0;1;0;"Sim";0;"ALCANÇOU"
"SP";353540;"Panorama";25;0;1;0;"Sim";-25;"ALCANÇOU"
"SP";353550;"Paraguaçu Paulista";50;4;11;36,3636363636364;"Sim";-13,6;"ALCANÇOU"
"SP";353560;"Paraibuna";50;0;1;0;"Sim";-50;"ALCANÇOU"
"SP";353570;"Paraíso";0;0;0;0;"Sim";0;"ALCANÇOU"
"SP";353580;"Paranapanema";50;0;0;0;"Sim";-50;"ALCANÇOU"
"SP";353590;"Paranapuã";0;0;0;0;"Sim";0;"ALCANÇOU"
"SP";353600;"Parapuã";0;0;2;0;"Sim";0;"ALCANÇOU"
"SP";353610;"Pardinho";0;2;3;66,6666666666667;"Não";66,7;"NÃO ALCANÇOU"
"SP";353620;"Pariquera-Açu";57,1428571428571;1;6;16,6666666666667;"Sim";-40,5;"ALCANÇOU"
"SP";353625;"Parisi";0;0;1;0;"Sim";0;"ALCANÇOU"
"SP";353630;"Patrocínio Paulista";0;0;0;0;"Sim";0;"ALCANÇOU"
"SP";353640;"Paulicéia";0;0;0;0;"Sim";0;"ALCANÇOU"
"SP";353650;"Paulínia";14,2857142857143;6;22;27,2727272727273;"Não";13;"NÃO ALCANÇOU"
"SP";353657;"Paulistânia";0;0;0;0;"Sim";0;"ALCANÇOU"
"SP";353660;"Paulo de Faria";0;1;1;100;"Não";100;"NÃO ALCANÇOU"
"SP";353670;"Pederneiras";33,3333333333333;0;1;0;"Sim";-33,3;"ALCANÇOU"
"SP";353680;"Pedra Bela";0;1;1;100;"Não";100;"NÃO ALCANÇOU"
"SP";353690;"Pedranópolis";0;0;1;0;"Sim";0;"ALCANÇOU"
"SP";353700;"Pedregulho";66,6666666666667;0;2;0;"Sim";-66,7;"ALCANÇOU"
"SP";353710;"Pedreira";50;2;4;50;"Não";0;"NÃO ALCANÇOU"
"SP";353715;"Pedrinhas Paulista";0;0;0;0;"Sim";0;"ALCANÇOU"
"SP";353720;"Pedro de Toledo";50;0;1;0;"Sim";-50;"ALCANÇOU"
"SP";353730;"Penápolis";25;3;9;33,3333333333333;"Não";8,3;"NÃO ALCANÇOU"
"SP";353740;"Pereira Barreto";0;0;0;0;"Sim";0;"ALCANÇOU"
"SP";353750;"Pereiras";0;0;0;0;"Sim";0;"ALCANÇOU"
"SP";353760;"Peruíbe";25;6;30;20;"Sim";-5;"ALCANÇOU"
"SP";353770;"Piacatu";0;0;0;0;"Sim";0;"ALCANÇOU"
"SP";353780;"Piedade";0;3;4;75;"Não";75;"NÃO ALCANÇOU"
"SP";353790;"Pilar do Sul";0;1;4;25;"Não";25;"NÃO ALCANÇOU"
"SP";353800;"Pindamonhangaba";25,8064516129032;5;21;23,8095238095238;"Sim";-2;"ALCANÇOU"
"SP";353810;"Pindorama";25;0;1;0;"Sim";-25;"ALCANÇOU"
"SP";353820;"Pinhalzinho";0;0;2;0;"Sim";0;"ALCANÇOU"
"SP";353830;"Piquerobi";0;0;0;0;"Sim";0;"ALCANÇOU"
"SP";353850;"Piquete";0;0;3;0;"Sim";0;"ALCANÇOU"
"SP";353860;"Piracaia";0;3;8;37,5;"Não";37,5;"NÃO ALCANÇOU"
"SP";353870;"Piracicaba";21,7821782178218;18;80;22,5;"Não";0,7;"NÃO ALCANÇOU"
"SP";353880;"Piraju";40;1;3;33,3333333333333;"Sim";-6,7;"ALCANÇOU"
"SP";353890;"Pirajuí";0;2;4;50;"Não";50;"NÃO ALCANÇOU"
"SP";353900;"Pirangi";50;0;1;0;"Sim";-50;"ALCANÇOU"
"SP";353910;"Pirapora do Bom Jesus";0;0;0;0;"Sim";0;"ALCANÇOU"
"SP";353920;"Pirapozinho";16,6666666666667;1;5;20;"Não";3,3;"NÃO ALCANÇOU"
"SP";353930;"Pirassununga";23,0769230769231;0;10;0;"Sim";-23,1;"ALCANÇOU"
"SP";353940;"Piratininga";0;1;3;33,3333333333333;"Não";33,3;"NÃO ALCANÇOU"
"SP";353950;"Pitangueiras";50;1;4;25;"Sim";-25;"ALCANÇOU"
"SP";353960;"Planalto";0;0;0;0;"Sim";0;"ALCANÇOU"
"SP";353970;"Platina";0;0;0;0;"Sim";0;"ALCANÇOU"
"SP";353980;"Poá";23,0769230769231;3;18;16,6666666666667;"Sim";-6,4;"ALCANÇOU"
"SP";353990;"Poloni";0;0;1;0;"Sim";0;"ALCANÇOU"
"SP";354000;"Pompéia";0;1;1;100;"Não";100;"NÃO ALCANÇOU"
"SP";354010;"Pongaí";0;0;0;0;"Sim";0;"ALCANÇOU"
"SP";354020;"Pontal";12,5;1;7;14,2857142857143;"Não";1,8;"NÃO ALCANÇOU"
"SP";354025;"Pontalinda";0;0;0;0;"Sim";0;"ALCANÇOU"
"SP";354030;"Pontes Gestal";0;0;0;0;"Sim";0;"ALCANÇOU"
"SP";354040;"Populina";50;1;1;100;"Não";50;"NÃO ALCANÇOU"
"SP";354050;"Porangaba";100;1;3;33,3333333333333;"Sim";-66,7;"ALCANÇOU"
"SP";354060;"Porto Feliz";33,3333333333333;0;4;0;"Sim";-33,3;"ALCANÇOU"
"SP";354070;"Porto Ferreira";33,3333333333333;2;3;66,6666666666667;"Não";33,3;"NÃO ALCANÇOU"
"SP";354075;"Potim";50;2;4;50;"Não";0;"NÃO ALCANÇOU"
"SP";354080;"Potirendaba";0;2;5;40;"Não";40;"NÃO ALCANÇOU"
"SP";354085;"Pracinha";50;1;2;50;"Não";0;"NÃO ALCANÇOU"
"SP";354090;"Pradópolis";25;2;6;33,3333333333333;"Não";8,3;"NÃO ALCANÇOU"
"SP";354100;"Praia Grande";22,7642276422764;27;103;26,2135922330097;"Não";3,4;"NÃO ALCANÇOU"
"SP";354105;"Pratânia";0;0;0;0;"Sim";0;"ALCANÇOU"
"SP";354110;"Presidente Alves";0;0;0;0;"Sim";0;"ALCANÇOU"
"SP";354120;"Presidente Bernardes";100;2;3;66,6666666666667;"Sim";-33,3;"ALCANÇOU"
"SP";354130;"Presidente Epitácio";33,3333333333333;0;3;0;"Sim";-33,3;"ALCANÇOU"
"SP";354140;"Presidente Prudente";19,3548387096774;11;46;23,9130434782609;"Não";4,6;"NÃO ALCANÇOU"
"SP";354150;"Presidente Venceslau";33,3333333333333;1;3;33,3333333333333;"Não";0;"NÃO ALCANÇOU"
"SP";354160;"Promissão";0;1;6;16,6666666666667;"Não";16,7;"NÃO ALCANÇOU"
"SP";354165;"Quadra";0;0;1;0;"Sim";0;"ALCANÇOU"
"SP";354170;"Quatá";0;0;0;0;"Sim";0;"ALCANÇOU"
"SP";354180;"Queiroz";0;1;1;100;"Não";100;"NÃO ALCANÇOU"
"SP";354190;"Queluz";0;0;1;0;"Sim";0;"ALCANÇOU"
"SP";354200;"Quintana";0;0;0;0;"Sim";0;"ALCANÇOU"
"SP";354210;"Rafard";50;1;3;33,3333333333333;"Sim";-16,7;"ALCANÇOU"
"SP";354220;"Rancharia";0;0;1;0;"Sim";0;"ALCANÇOU"
"SP";354230;"Redenção da Serra";0;1;1;100;"Não";100;"NÃO ALCANÇOU"
"SP";354240;"Regente Feijó";0;3;4;75;"Não";75;"NÃO ALCANÇOU"
"SP";354250;"Reginópolis";0;0;2;0;"Sim";0;"ALCANÇOU"
"SP";354260;"Registro";36,3636363636364;3;8;37,5;"Não";1,1;"NÃO ALCANÇOU"
"SP";354270;"Restinga";0;1;1;100;"Não";100;"NÃO ALCANÇOU"
"SP";354280;"Ribeira";0;0;0;0;"Sim";0;"ALCANÇOU"
"SP";354290;"Ribeirão Bonito";0;0;2;0;"Sim";0;"ALCANÇOU"
"SP";354300;"Ribeirão Branco";0;0;2;0;"Sim";0;"ALCANÇOU"
"SP";354310;"Ribeirão Corrente";0;0;0;0;"Sim";0;"ALCANÇOU"
"SP";354320;"Ribeirão do Sul";0;0;0;0;"Sim";0;"ALCANÇOU"
"SP";354323;"Ribeirão dos Índios";0;0;0;0;"Sim";0;"ALCANÇOU"
"SP";354325;"Ribeirão Grande";0;0;0;0;"Sim";0;"ALCANÇOU"
"SP";354330;"Ribeirão Pires";30;0;9;0;"Sim";-30;"ALCANÇOU"
"SP";354340;"Ribeirão Preto";20,1793721973094;29;206;14,0776699029126;"Sim";-6,1;"ALCANÇOU"
"SP";354350;"Riversul";0;0;0;0;"Sim";0;"ALCANÇOU"
"SP";354360;"Rifaina";0;0;0;0;"Sim";0;"ALCANÇOU"
"SP";354370;"Rincão";0;0;0;0;"Sim";0;"ALCANÇOU"
"SP";354380;"Rinópolis";0;1;2;50;"Não";50;"NÃO ALCANÇOU"
"SP";354390;"Rio Claro";25,531914893617;4;22;18,1818181818182;"Sim";-7,4;"ALCANÇOU"
"SP";354400;"Rio das Pedras";20;0;1;0;"Sim";-20;"ALCANÇOU"
"SP";354410;"Rio Grande da Serra";0;1;5;20;"Não";20;"NÃO ALCANÇOU"
"SP";354420;"Riolândia";0;0;2;0;"Sim";0;"ALCANÇOU"
"SP";354425;"Rosana";50;0;2;0;"Sim";-50;"ALCANÇOU"
"SP";354430;"Roseira";0;0;1;0;"Sim";0;"ALCANÇOU"
"SP";354440;"Rubiácea";0;0;0;0;"Sim";0;"ALCANÇOU"
"SP";354450;"Rubinéia";0;0;0;0;"Sim";0;"ALCANÇOU"
"SP";354460;"Sabino";0;0;1;0;"Sim";0;"ALCANÇOU"
"SP";354470;"Sagres";0;0;0;0;"Sim";0;"ALCANÇOU"
"SP";354480;"Sales";50;1;1;100;"Não";50;"NÃO ALCANÇOU"
"SP";354490;"Sales Oliveira";0;0;0;0;"Sim";0;"ALCANÇOU"
"SP";354500;"Salesópolis";0;2;2;100;"Não";100;"NÃO ALCANÇOU"
"SP";354510;"Salmourão";0;0;2;0;"Sim";0;"ALCANÇOU"
"SP";354515;"Saltinho";0;0;1;0;"Sim";0;"ALCANÇOU"
"SP";354520;"Salto";20;5;26;19,2307692307692;"Não";-0,77;"NÃO ALCANÇOU"
"SP";354530;"Salto de Pirapora";0;1;7;14,2857142857143;"Não";14,3;"NÃO ALCANÇOU"
"SP";354540;"Salto Grande";0;0;1;0;"Sim";0;"ALCANÇOU"
"SP";354550;"Sandovalina";0;0;0;0;"Sim";0;"ALCANÇOU"
"SP";354560;"Santa Adélia";0;0;0;0;"Sim";0;"ALCANÇOU"
"SP";354570;"Santa Albertina";0;0;0;0;"Sim";0;"ALCANÇOU"
"SP";354580;"Santa Bárbara d'Oeste";28,5714285714286;14;36;38,8888888888889;"Não";10,3;"NÃO ALCANÇOU"
"SP";354600;"Santa Branca";0;0;2;0;"Sim";0;"ALCANÇOU"
"SP";354610;"Santa Clara d'Oeste";0;2;3;66,6666666666667;"Não";66,7;"NÃO ALCANÇOU"
"SP";354620;"Santa Cruz da Conceição";0;0;0;0;"Sim";0;"ALCANÇOU"
"SP";354625;"Santa Cruz da Esperança";0;0;0;0;"Sim";0;"ALCANÇOU"
"SP";354630;"Santa Cruz das Palmeiras";50;0;3;0;"Sim";-50;"ALCANÇOU"
"SP";354640;"Santa Cruz do Rio Pardo";40;2;8;25;"Sim";-15;"ALCANÇOU"
"SP";354650;"Santa Ernestina";0;0;0;0;"Sim";0;"ALCANÇOU"
"SP";354660;"Santa Fé do Sul";20;2;8;25;"Não";5;"NÃO ALCANÇOU"
"SP";354670;"Santa Gertrudes";16,6666666666667;2;2;100;"Não";83,3;"NÃO ALCANÇOU"
"SP";354680;"Santa Isabel";50;1;3;33,3333333333333;"Sim";-16,7;"ALCANÇOU"
"SP";354690;"Santa Lúcia";0;1;1;100;"Não";100;"NÃO ALCANÇOU"
"SP";354700;"Santa Maria da Serra";0;0;0;0;"Sim";0;"ALCANÇOU"
"SP";354710;"Santa Mercedes";0;0;0;0;"Sim";0;"ALCANÇOU"
"SP";354720;"Santana da Ponte Pensa";0;0;0;0;"Sim";0;"ALCANÇOU"
"SP";354730;"Santana de Parnaíba";20;5;19;26,3157894736842;"Não";6,3;"NÃO ALCANÇOU"
"SP";354740;"Santa Rita d'Oeste";0;0;0;0;"Sim";0;"ALCANÇOU"
"SP";354750;"Santa Rita do Passa Quatro";0;0;2;0;"Sim";0;"ALCANÇOU"
"SP";354760;"Santa Rosa de Viterbo";0;1;2;50;"Não";50;"NÃO ALCANÇOU"
"SP";354765;"Santa Salete";0;0;0;0;"Sim";0;"ALCANÇOU"
"SP";354770;"Santo Anastácio";33,3333333333333;1;2;50;"Não";16,7;"NÃO ALCANÇOU"
"SP";354780;"Santo André";25;19;78;24,3589743589744;"Não";-0,64;"NÃO ALCANÇOU"
"SP";354790;"Santo Antônio da Alegria";0;0;0;0;"Sim";0;"ALCANÇOU"
"SP";354800;"Santo Antônio de Posse";0;2;4;50;"Não";50;"NÃO ALCANÇOU"
"SP";354805;"Santo Antônio do Aracanguá";0;0;0;0;"Sim";0;"ALCANÇOU"
"SP";354810;"Santo Antônio do Jardim";0;0;0;0;"Sim";0;"ALCANÇOU"
"SP";354820;"Santo Antônio do Pinhal";0;0;1;0;"Sim";0;"ALCANÇOU"
"SP";354830;"Santo Expedito";0;1;1;100;"Não";100;"NÃO ALCANÇOU"
"SP";354840;"Santópolis do Aguapeí";0;0;0;0;"Sim";0;"ALCANÇOU"
"SP";354850;"Santos";19,2307692307692;21;102;20,5882352941176;"Não";1,4;"NÃO ALCANÇOU"
"SP";354860;"São Bento do Sapucaí";0;0;0;0;"Sim";0;"ALCANÇOU"
"SP";354870;"São Bernardo do Campo";20,1342281879195;21;105;20;"Não";-0,13;"NÃO ALCANÇOU"
"SP";354880;"São Caetano do Sul";15;1;10;10;"Sim";-5;"ALCANÇOU"
"SP";354890;"São Carlos";23,4375;11;64;17,1875;"Sim";-6,2;"ALCANÇOU"
"SP";354900;"São Francisco";0;0;0;0;"Sim";0;"ALCANÇOU"
"SP";354910;"São João da Boa Vista";0;4;10;40;"Não";40;"NÃO ALCANÇOU"
"SP";354920;"São João das Duas Pontes";0;0;0;0;"Sim";0;"ALCANÇOU"
"SP";354925;"São João de Iracema";0;0;0;0;"Sim";0;"ALCANÇOU"
"SP";354930;"São João do Pau d'Alho";0;0;0;0;"Sim";0;"ALCANÇOU"
"SP";354940;"São Joaquim da Barra";33,3333333333333;2;10;20;"Sim";-13,3;"ALCANÇOU"
"SP";354950;"São José da Bela Vista";0;0;0;0;"Sim";0;"ALCANÇOU"
"SP";354960;"São José do Barreiro";0;0;0;0;"Sim";0;"ALCANÇOU"
"SP";354970;"São José do Rio Pardo";60;1;4;25;"Sim";-35;"ALCANÇOU"
"SP";354980;"São José do Rio Preto";24,5398773006135;18;137;13,1386861313869;"Sim";-11,4;"ALCANÇOU"
"SP";354990;"São José dos Campos";30,9859154929577;34;116;29,3103448275862;"Sim";-1,7;"ALCANÇOU"
"SP";354995;"São Lourenço da Serra";0;0;0;0;"Sim";0;"ALCANÇOU"
"SP";355000;"São Luís do Paraitinga";0;0;0;0;"Sim";0;"ALCANÇOU"
"SP";355010;"São Manuel";50;3;5;60;"Não";10;"NÃO ALCANÇOU"
"SP";355020;"São Miguel Arcanjo";100;1;2;50;"Sim";-50;"ALCANÇOU"
"SP";355030;"São Paulo";20,5627705627706;557;2994;18,6038744154977;"Sim";-2;"ALCANÇOU"
"SP";355040;"São Pedro";20;1;5;20;"Não";0;"NÃO ALCANÇOU"
"SP";355050;"São Pedro do Turvo";0;1;1;100;"Não";100;"NÃO ALCANÇOU"
"SP";355060;"São Roque";14,2857142857143;1;10;10;"Sim";-4,3;"ALCANÇOU"
"SP";355070;"São Sebastião";25,8064516129032;6;24;25;"Não";-0,81;"NÃO ALCANÇOU"
"SP";355080;"São Sebastião da Grama";0;1;2;50;"Não";50;"NÃO ALCANÇOU"
"SP";355090;"São Simão";0;0;0;0;"Sim";0;"ALCANÇOU"
"SP";355100;"São Vicente";21,1764705882353;21;98;21,4285714285714;"Não";0,3;"NÃO ALCANÇOU"
"SP";355110;"Sarapuí";0;0;1;0;"Sim";0;"ALCANÇOU"
"SP";355120;"Sarutaiá";0;0;0;0;"Sim";0;"ALCANÇOU"
"SP";355130;"Sebastianópolis do Sul";0;0;0;0;"Sim";0;"ALCANÇOU"
"SP";355140;"Serra Azul";33,3333333333333;2;8;25;"Sim";-8,3;"ALCANÇOU"
"SP";355150;"Serrana";80;1;4;25;"Sim";-55;"ALCANÇOU"
"SP";355160;"Serra Negra";40;3;7;42,8571428571428;"Não";2,9;"NÃO ALCANÇOU"
"SP";355170;"Sertãozinho";40,7407407407407;3;13;23,0769230769231;"Sim";-17,7;"ALCANÇOU"
"SP";355180;"Sete Barras";0;0;0;0;"Sim";0;"ALCANÇOU"
"SP";355190;"Severínia";25;0;1;0;"Sim";-25;"ALCANÇOU"
"SP";355200;"Silveiras";0;0;0;0;"Sim";0;"ALCANÇOU"
"SP";355210;"Socorro";50;0;0;0;"Sim";-50;"ALCANÇOU"
"SP";355220;"Sorocaba";23,780487804878;42;168;25;"Não";1,2;"NÃO ALCANÇOU"
"SP";355230;"Sud Mennucci";0;0;0;0;"Sim";0;"ALCANÇOU"
"SP";355240;"Sumaré";23,6842105263158;15;52;28,8461538461538;"Não";5,2;"NÃO ALCANÇOU"
"SP";355250;"Suzano";16,1290322580645;11;48;22,9166666666667;"Não";6,8;"NÃO ALCANÇOU"
"SP";355255;"Suzanápolis";0;0;0;0;"Sim";0;"ALCANÇOU"
"SP";355260;"Tabapuã";0;1;2;50;"Não";50;"NÃO ALCANÇOU"
"SP";355270;"Tabatinga";0;3;4;75;"Não";75;"NÃO ALCANÇOU"
"SP";355280;"Taboão da Serra";17,1875;13;50;26;"Não";8,8;"NÃO ALCANÇOU"
"SP";355290;"Taciba";0;0;1;0;"Sim";0;"ALCANÇOU"
"SP";355300;"Taguaí";0;0;0;0;"Sim";0;"ALCANÇOU"
"SP";355310;"Taiaçu";0;0;0;0;"Sim";0;"ALCANÇOU"
"SP";355320;"Taiúva";100;0;0;0;"Sim";-100;"ALCANÇOU"
"SP";355330;"Tambaú";0;1;1;100;"Não";100;"NÃO ALCANÇOU"
"SP";355340;"Tanabi";0;1;1;100;"Não";100;"NÃO ALCANÇOU"
"SP";355350;"Tapiraí";0;0;0;0;"Sim";0;"ALCANÇOU"
"SP";355360;"Tapiratiba";0;0;0;0;"Sim";0;"ALCANÇOU"
"SP";355365;"Taquaral";0;0;0;0;"Sim";0;"ALCANÇOU"
"SP";355370;"Taquaritinga";33,3333333333333;1;3;33,3333333333333;"Não";0;"NÃO ALCANÇOU"
"SP";355380;"Taquarituba";66,6666666666667;2;2;100;"Não";33,3;"NÃO ALCANÇOU"
"SP";355385;"Taquarivaí";0;0;0;0;"Sim";0;"ALCANÇOU"
"SP";355390;"Tarabai";100;1;1;100;"Não";0;"NÃO ALCANÇOU"
"SP";355395;"Tarumã";50;0;0;0;"Sim";-50;"ALCANÇOU"
"SP";355400;"Tatuí";30,7692307692308;4;11;36,3636363636364;"Não";5,6;"NÃO ALCANÇOU"
"SP";355410;"Taubaté";18,9655172413793;13;61;21,3114754098361;"Não";2,3;"NÃO ALCANÇOU"
"SP";355420;"Tejupá";0;0;0;0;"Sim";0;"ALCANÇOU"
"SP";355430;"Teodoro Sampaio";0;0;1;0;"Sim";0;"ALCANÇOU"
"SP";355440;"Terra Roxa";50;0;0;0;"Sim";-50;"ALCANÇOU"
"SP";355450;"Tietê";50;0;2;0;"Sim";-50;"ALCANÇOU"
"SP";355460;"Timburi";0;0;0;0;"Sim";0;"ALCANÇOU"
"SP";355465;"Torre de Pedra";0;0;0;0;"Sim";0;"ALCANÇOU"
"SP";355470;"Torrinha";0;0;0;0;"Sim";0;"ALCANÇOU"
"SP";355475;"Trabiju";0;0;0;0;"Sim";0;"ALCANÇOU"
"SP";355480;"Tremembé";9,09090909090909;1;6;16,6666666666667;"Não";7,6;"NÃO ALCANÇOU"
"SP";355490;"Três Fronteiras";0;0;0;0;"Sim";0;"ALCANÇOU"
"SP";355495;"Tuiuti";0;0;0;0;"Sim";0;"ALCANÇOU"
"SP";355500;"Tupã";13,3333333333333;2;14;14,2857142857143;"Não";1;"NÃO ALCANÇOU"
"SP";355510;"Tupi Paulista";28,5714285714286;2;6;33,3333333333333;"Não";4,8;"NÃO ALCANÇOU"
"SP";355520;"Turiúba";0;0;0;0;"Sim";0;"ALCANÇOU"
"SP";355530;"Turmalina";0;0;0;0;"Sim";0;"ALCANÇOU"
"SP";355535;"Ubarana";100;0;0;0;"Sim";-100;"ALCANÇOU"
"SP";355540;"Ubatuba";12,5;2;19;10,5263157894737;"Sim";-2;"ALCANÇOU"
"SP";355550;"Ubirajara";0;0;0;0;"Sim";0;"ALCANÇOU"
"SP";355560;"Uchoa";100;1;1;100;"Não";0;"NÃO ALCANÇOU"
"SP";355570;"União Paulista";0;0;0;0;"Sim";0;"ALCANÇOU"
"SP";355580;"Urânia";0;0;2;0;"Sim";0;"ALCANÇOU"
"SP";355590;"Uru";0;0;0;0;"Sim";0;"ALCANÇOU"
"SP";355600;"Urupês";0;1;3;33,3333333333333;"Não";33,3;"NÃO ALCANÇOU"
"SP";355610;"Valentim Gentil";0;1;2;50;"Não";50;"NÃO ALCANÇOU"
"SP";355620;"Valinhos";22,7272727272727;5;18;27,7777777777778;"Não";5,1;"NÃO ALCANÇOU"
"SP";355630;"Valparaíso";0;1;4;25;"Não";25;"NÃO ALCANÇOU"
"SP";355635;"Vargem";50;0;1;0;"Sim";-50;"ALCANÇOU"
"SP";355640;"Vargem Grande do Sul";40;2;4;50;"Não";10;"NÃO ALCANÇOU"
"SP";355645;"Vargem Grande Paulista";0;2;6;33,3333333333333;"Não";33,3;"NÃO ALCANÇOU"
"SP";355650;"Várzea Paulista";21,0526315789474;3;12;25;"Não";3,9;"NÃO ALCANÇOU"
"SP";355660;"Vera Cruz";0;0;2;0;"Sim";0;"ALCANÇOU"
"SP";355670;"Vinhedo";9,09090909090909;2;7;28,5714285714286;"Não";19,5;"NÃO ALCANÇOU"
"SP";355680;"Viradouro";0;0;1;0;"Sim";0;"ALCANÇOU"
"SP";355690;"Vista Alegre do Alto";66,6666666666667;0;0;0;"Sim";-66,7;"ALCANÇOU"
"SP";355695;"Vitória Brasil";0;0;0;0;"Sim";0;"ALCANÇOU"
"SP";355700;"Votorantim";33,3333333333333;3;21;14,2857142857143;"Sim";-19;"ALCANÇOU"
"SP";355710;"Votuporanga";35,7142857142857;2;15;13,3333333333333;"Sim";-22,4;"ALCANÇOU"
"SP";355715;"Zacarias";0;0;0;0;"Sim";0;"ALCANÇOU"
"SP";355720;"Chavantes";0;0;0;0;"Sim";0;"ALCANÇOU"
"SP";355730;"Estiva Gerbi";66,6666666666667;0;2;0;"Sim";-66,7;"ALCANÇOU"
"PR";410010;"Abatiá";100;0;0;0;"Sim";-100;"ALCANÇOU"
"PR";410020;"Adrianópolis";100;0;0;0;"Sim";-100;"ALCANÇOU"
"PR";410030;"Agudos do Sul";0;1;2;50;"Não";50;"NÃO ALCANÇOU"
"PR";410040;"Almirante Tamandaré";18,75;11;32;34,375;"Não";15,6;"NÃO ALCANÇOU"
"PR";410045;"Altamira do Paraná";0;0;0;0;"Sim";0;"ALCANÇOU"
"PR";410050;"Altônia";0;0;1;0;"Sim";0;"ALCANÇOU"
"PR";410060;"Alto Paraná";0;0;0;0;"Sim";0;"ALCANÇOU"
"PR";410070;"Alto Piquiri";0;0;1;0;"Sim";0;"ALCANÇOU"
"PR";410080;"Alvorada do Sul";0;0;0;0;"Sim";0;"ALCANÇOU"
"PR";410090;"Amaporã";100;0;0;0;"Sim";-100;"ALCANÇOU"
"PR";410100;"Ampére";100;0;2;0;"Sim";-100;"ALCANÇOU"
"PR";410105;"Anahy";0;1;1;100;"Não";100;"NÃO ALCANÇOU"
"PR";410110;"Andirá";33,3333333333333;0;2;0;"Sim";-33,3;"ALCANÇOU"
"PR";410115;"Ângulo";0;0;0;0;"Sim";0;"ALCANÇOU"
"PR";410120;"Antonina";20;2;5;40;"Não";20;"NÃO ALCANÇOU"
"PR";410130;"Antônio Olinto";0;0;1;0;"Sim";0;"ALCANÇOU"
"PR";410140;"Apucarana";37,9310344827586;2;22;9,09090909090909;"Sim";-28,8;"ALCANÇOU"
"PR";410150;"Arapongas";28,5714285714286;10;31;32,258064516129;"Não";3,7;"NÃO ALCANÇOU"
"PR";410160;"Arapoti";50;0;0;0;"Sim";-50;"ALCANÇOU"
"PR";410165;"Arapuã";0;0;0;0;"Sim";0;"ALCANÇOU"
"PR";410170;"Araruna";50;0;1;0;"Sim";-50;"ALCANÇOU"
"PR";410180;"Araucária";31,4814814814815;12;37;32,4324324324324;"Não";1;"NÃO ALCANÇOU"
"PR";410185;"Ariranha do Ivaí";0;0;0;0;"Sim";0;"ALCANÇOU"
"PR";410190;"Assaí";66,6666666666667;0;0;0;"Sim";-66,7;"ALCANÇOU"
"PR";410200;"Assis Chateaubriand";0;0;8;0;"Sim";0;"ALCANÇOU"
"PR";410210;"Astorga";33,3333333333333;1;7;14,2857142857143;"Sim";-19;"ALCANÇOU"
"PR";410220;"Atalaia";0;0;0;0;"Sim";0;"ALCANÇOU"
"PR";410230;"Balsa Nova";0;0;0;0;"Sim";0;"ALCANÇOU"
"PR";410240;"Bandeirantes";50;1;2;50;"Não";0;"NÃO ALCANÇOU"
"PR";410250;"Barbosa Ferraz";0;0;1;0;"Sim";0;"ALCANÇOU"
"PR";410260;"Barracão";100;1;4;25;"Sim";-75;"ALCANÇOU"
"PR";410270;"Barra do Jacaré";0;0;0;0;"Sim";0;"ALCANÇOU"
"PR";410275;"Bela Vista da Caroba";0;0;0;0;"Sim";0;"ALCANÇOU"
"PR";410280;"Bela Vista do Paraíso";0;0;0;0;"Sim";0;"ALCANÇOU"
"PR";410290;"Bituruna";0;1;1;100;"Não";100;"NÃO ALCANÇOU"
"PR";410300;"Boa Esperança";0;0;0;0;"Sim";0;"ALCANÇOU"
"PR";410302;"Boa Esperança do Iguaçu";0;0;0;0;"Sim";0;"ALCANÇOU"
"PR";410304;"Boa Ventura de São Roque";0;0;0;0;"Sim";0;"ALCANÇOU"
"PR";410305;"Boa Vista da Aparecida";0;1;3;33,3333333333333;"Não";33,3;"NÃO ALCANÇOU"
"PR";410310;"Bocaiúva do Sul";0;0;3;0;"Sim";0;"ALCANÇOU"
"PR";410315;"Bom Jesus do Sul";0;1;1;100;"Não";100;"NÃO ALCANÇOU"
"PR";410320;"Bom Sucesso";0;0;0;0;"Sim";0;"ALCANÇOU"
"PR";410322;"Bom Sucesso do Sul";0;0;0;0;"Sim";0;"ALCANÇOU"
"PR";410330;"Borrazópolis";0;0;0;0;"Sim";0;"ALCANÇOU"
"PR";410335;"Braganey";0;0;0;0;"Sim";0;"ALCANÇOU"
"PR";410337;"Brasilândia do Sul";0;0;0;0;"Sim";0;"ALCANÇOU"
"PR";410340;"Cafeara";0;0;0;0;"Sim";0;"ALCANÇOU"
"PR";410345;"Cafelândia";16,6666666666667;3;5;60;"Não";43,3;"NÃO ALCANÇOU"
"PR";410347;"Cafezal do Sul";0;0;0;0;"Sim";0;"ALCANÇOU"
"PR";410350;"Califórnia";0;0;1;0;"Sim";0;"ALCANÇOU"
"PR";410360;"Cambará";0;3;4;75;"Não";75;"NÃO ALCANÇOU"
"PR";410370;"Cambé";30,4347826086956;9;26;34,6153846153846;"Não";4,2;"NÃO ALCANÇOU"
"PR";410380;"Cambira";0;0;0;0;"Sim";0;"ALCANÇOU"
"PR";410390;"Campina da Lagoa";0;1;2;50;"Não";50;"NÃO ALCANÇOU"
"PR";410395;"Campina do Simão";0;0;0;0;"Sim";0;"ALCANÇOU"
"PR";410400;"Campina Grande do Sul";6,66666666666667;5;10;50;"Não";43,3;"NÃO ALCANÇOU"
"PR";410405;"Campo Bonito";0;0;0;0;"Sim";0;"ALCANÇOU"
"PR";410410;"Campo do Tenente";0;0;1;0;"Sim";0;"ALCANÇOU"
"PR";410420;"Campo Largo";18,75;5;17;29,4117647058823;"Não";10,7;"NÃO ALCANÇOU"
"PR";410425;"Campo Magro";50;1;1;100;"Não";50;"NÃO ALCANÇOU"
"PR";410430;"Campo Mourão";12,5;2;10;20;"Não";7,5;"NÃO ALCANÇOU"
"PR";410440;"Cândido de Abreu";0;0;1;0;"Sim";0;"ALCANÇOU"
"PR";410442;"Candói";0;1;4;25;"Não";25;"NÃO ALCANÇOU"
"PR";410445;"Cantagalo";0;0;0;0;"Sim";0;"ALCANÇOU"
"PR";410450;"Capanema";0;2;6;33,3333333333333;"Não";33,3;"NÃO ALCANÇOU"
"PR";410460;"Capitão Leônidas Marques";33,3333333333333;0;2;0;"Sim";-33,3;"ALCANÇOU"
"PR";410465;"Carambeí";0;0;1;0;"Sim";0;"ALCANÇOU"
"PR";410470;"Carlópolis";100;0;1;0;"Sim";-100;"ALCANÇOU"
"PR";410480;"Cascavel";9,64912280701754;24;107;22,4299065420561;"Não";12,8;"NÃO ALCANÇOU"
"PR";410490;"Castro";30;2;11;18,1818181818182;"Sim";-11,8;"ALCANÇOU"
"PR";410500;"Catanduvas";0;1;1;100;"Não";100;"NÃO ALCANÇOU"
"PR";410510;"Centenário do Sul";0;0;0;0;"Sim";0;"ALCANÇOU"
"PR";410520;"Cerro Azul";0;0;1;0;"Sim";0;"ALCANÇOU"
"PR";410530;"Céu Azul";0;0;1;0;"Sim";0;"ALCANÇOU"
"PR";410540;"Chopinzinho";0;0;4;0;"Sim";0;"ALCANÇOU"
"PR";410550;"Cianorte";13,3333333333333;3;22;13,6363636363636;"Não";0,3;"NÃO ALCANÇOU"
"PR";410560;"Cidade Gaúcha";0;1;1;100;"Não";100;"NÃO ALCANÇOU"
"PR";410570;"Clevelândia";0;1;1;100;"Não";100;"NÃO ALCANÇOU"
"PR";410580;"Colombo";31,4285714285714;25;81;30,8641975308642;"Não";-0,56;"NÃO ALCANÇOU"
"PR";410590;"Colorado";100;0;2;0;"Sim";-100;"ALCANÇOU"
"PR";410600;"Congonhinhas";50;0;1;0;"Sim";-50;"ALCANÇOU"
"PR";410610;"Conselheiro Mairinck";0;0;2;0;"Sim";0;"ALCANÇOU"
"PR";410620;"Contenda";0;1;1;100;"Não";100;"NÃO ALCANÇOU"
"PR";410630;"Corbélia";50;0;0;0;"Sim";-50;"ALCANÇOU"
"PR";410640;"Cornélio Procópio";0;4;8;50;"Não";50;"NÃO ALCANÇOU"
"PR";410645;"Coronel Domingos Soares";0;1;2;50;"Não";50;"NÃO ALCANÇOU"
"PR";410650;"Coronel Vivida";33,3333333333333;3;4;75;"Não";41,7;"NÃO ALCANÇOU"
"PR";410655;"Corumbataí do Sul";0;0;0;0;"Sim";0;"ALCANÇOU"
"PR";410657;"Cruzeiro do Iguaçu";0;2;3;66,6666666666667;"Não";66,7;"NÃO ALCANÇOU"
"PR";410660;"Cruzeiro do Oeste";33,3333333333333;0;1;0;"Sim";-33,3;"ALCANÇOU"
"PR";410670;"Cruzeiro do Sul";0;0;0;0;"Sim";0;"ALCANÇOU"
"PR";410680;"Cruz Machado";0;0;1;0;"Sim";0;"ALCANÇOU"
"PR";410685;"Cruzmaltina";0;0;0;0;"Sim";0;"ALCANÇOU"
"PR";410690;"Curitiba";23,6024844720497;148;637;23,2339089481947;"Não";-0,37;"NÃO ALCANÇOU"
"PR";410700;"Curiúva";0;0;0;0;"Sim";0;"ALCANÇOU"
"PR";410710;"Diamante do Norte";0;0;2;0;"Sim";0;"ALCANÇOU"
"PR";410712;"Diamante do Sul";0;0;0;0;"Sim";0;"ALCANÇOU"
"PR";410715;"Diamante D'Oeste";0;0;1;0;"Sim";0;"ALCANÇOU"
"PR";410720;"Dois Vizinhos";0;3;10;30;"Não";30;"NÃO ALCANÇOU"
"PR";410725;"Douradina";0;0;1;0;"Sim";0;"ALCANÇOU"
"PR";410730;"Doutor Camargo";0;1;2;50;"Não";50;"NÃO ALCANÇOU"
"PR";410740;"Enéas Marques";0;1;1;100;"Não";100;"NÃO ALCANÇOU"
"PR";410750;"Engenheiro Beltrão";50;0;0;0;"Sim";-50;"ALCANÇOU"
"PR";410752;"Esperança Nova";50;0;0;0;"Sim";-50;"ALCANÇOU"
"PR";410753;"Entre Rios do Oeste";0;0;0;0;"Sim";0;"ALCANÇOU"
"PR";410754;"Espigão Alto do Iguaçu";0;0;0;0;"Sim";0;"ALCANÇOU"
"PR";410755;"Farol";0;0;0;0;"Sim";0;"ALCANÇOU"
"PR";410760;"Faxinal";50;0;2;0;"Sim";-50;"ALCANÇOU"
"PR";410765;"Fazenda Rio Grande";29,2682926829268;7;29;24,1379310344828;"Sim";-5,1;"ALCANÇOU"
"PR";410770;"Fênix";0;1;1;100;"Não";100;"NÃO ALCANÇOU"
"PR";410773;"Fernandes Pinheiro";0;0;0;0;"Sim";0;"ALCANÇOU"
"PR";410775;"Figueira";33,3333333333333;2;5;40;"Não";6,7;"NÃO ALCANÇOU"
"PR";410780;"Floraí";0;0;0;0;"Sim";0;"ALCANÇOU"
"PR";410785;"Flor da Serra do Sul";0;0;1;0;"Sim";0;"ALCANÇOU"
"PR";410790;"Floresta";0;3;4;75;"Não";75;"NÃO ALCANÇOU"
"PR";410800;"Florestópolis";100;0;0;0;"Sim";-100;"ALCANÇOU"
"PR";410810;"Flórida";0;0;0;0;"Sim";0;"ALCANÇOU"
"PR";410820;"Formosa do Oeste";100;0;1;0;"Sim";-100;"ALCANÇOU"
"PR";410830;"Foz do Iguaçu";27,5167785234899;36;166;21,6867469879518;"Sim";-5,8;"ALCANÇOU"
"PR";410832;"Francisco Alves";100;0;2;0;"Sim";-100;"ALCANÇOU"
"PR";410840;"Francisco Beltrão";20;4;21;19,0476190476191;"Não";-0,95;"NÃO ALCANÇOU"
"PR";410845;"Foz do Jordão";0;0;1;0;"Sim";0;"ALCANÇOU"
"PR";410850;"General Carneiro";0;2;3;66,6666666666667;"Não";66,7;"NÃO ALCANÇOU"
"PR";410855;"Godoy Moreira";0;1;1;100;"Não";100;"NÃO ALCANÇOU"
"PR";410860;"Goioerê";0;0;3;0;"Sim";0;"ALCANÇOU"
"PR";410865;"Goioxim";0;0;0;0;"Sim";0;"ALCANÇOU"
"PR";410870;"Grandes Rios";0;0;0;0;"Sim";0;"ALCANÇOU"
"PR";410880;"Guaíra";17,6470588235294;4;9;44,4444444444444;"Não";26,8;"NÃO ALCANÇOU"
"PR";410890;"Guairaçá";0;0;1;0;"Sim";0;"ALCANÇOU"
"PR";410895;"Guamiranga";0;0;0;0;"Sim";0;"ALCANÇOU"
"PR";410900;"Guapirama";0;0;0;0;"Sim";0;"ALCANÇOU"
"PR";410910;"Guaporema";0;0;0;0;"Sim";0;"ALCANÇOU"
"PR";410920;"Guaraci";0;0;0;0;"Sim";0;"ALCANÇOU"
"PR";410930;"Guaraniaçu";100;0;0;0;"Sim";-100;"ALCANÇOU"
"PR";410940;"Guarapuava";20,5882352941176;11;36;30,5555555555556;"Não";10;"NÃO ALCANÇOU"
"PR";410950;"Guaraqueçaba";100;0;2;0;"Sim";-100;"ALCANÇOU"
"PR";410960;"Guaratuba";37,5;8;24;33,3333333333333;"Sim";-4,2;"ALCANÇOU"
"PR";410965;"Honório Serpa";0;0;0;0;"Sim";0;"ALCANÇOU"
"PR";410970;"Ibaiti";100;1;5;20;"Sim";-80;"ALCANÇOU"
"PR";410975;"Ibema";0;0;0;0;"Sim";0;"ALCANÇOU"
"PR";410980;"Ibiporã";25;2;8;25;"Não";0;"NÃO ALCANÇOU"
"PR";410990;"Icaraíma";0;0;0;0;"Sim";0;"ALCANÇOU"
"PR";411000;"Iguaraçu";0;0;0;0;"Sim";0;"ALCANÇOU"
"PR";411005;"Iguatu";0;0;0;0;"Sim";0;"ALCANÇOU"
"PR";411007;"Imbaú";0;0;1;0;"Sim";0;"ALCANÇOU"
"PR";411010;"Imbituva";33,3333333333333;0;3;0;"Sim";-33,3;"ALCANÇOU"
"PR";411020;"Inácio Martins";0;0;1;0;"Sim";0;"ALCANÇOU"
"PR";411030;"Inajá";0;0;0;0;"Sim";0;"ALCANÇOU"
"PR";411040;"Indianópolis";0;0;1;0;"Sim";0;"ALCANÇOU"
"PR";411050;"Ipiranga";0;1;1;100;"Não";100;"NÃO ALCANÇOU"
"PR";411060;"Iporã";100;1;3;33,3333333333333;"Sim";-66,7;"ALCANÇOU"
"PR";411065;"Iracema do Oeste";0;0;0;0;"Sim";0;"ALCANÇOU"
"PR";411070;"Irati";33,3333333333333;0;4;0;"Sim";-33,3;"ALCANÇOU"
"PR";411080;"Iretama";0;0;0;0;"Sim";0;"ALCANÇOU"
"PR";411090;"Itaguajé";0;0;0;0;"Sim";0;"ALCANÇOU"
"PR";411095;"Itaipulândia";0;2;4;50;"Não";50;"NÃO ALCANÇOU"
"PR";411100;"Itambaracá";0;0;0;0;"Sim";0;"ALCANÇOU"
"PR";411110;"Itambé";0;1;1;100;"Não";100;"NÃO ALCANÇOU"
"PR";411120;"Itapejara d'Oeste";0;0;3;0;"Sim";0;"ALCANÇOU"
"PR";411125;"Itaperuçu";0;2;4;50;"Não";50;"NÃO ALCANÇOU"
"PR";411130;"Itaúna do Sul";0;0;0;0;"Sim";0;"ALCANÇOU"
"PR";411140;"Ivaí";0;1;1;100;"Não";100;"NÃO ALCANÇOU"
"PR";411150;"Ivaiporã";20;2;5;40;"Não";20;"NÃO ALCANÇOU"
"PR";411155;"Ivaté";100;0;0;0;"Sim";-100;"ALCANÇOU"
"PR";411160;"Ivatuba";0;0;0;0;"Sim";0;"ALCANÇOU"
"PR";411170;"Jaboti";100;0;0;0;"Sim";-100;"ALCANÇOU"
"PR";411180;"Jacarezinho";16,6666666666667;1;7;14,2857142857143;"Sim";-2,4;"ALCANÇOU"
"PR";411190;"Jaguapitã";0;2;6;33,3333333333333;"Não";33,3;"NÃO ALCANÇOU"
"PR";411200;"Jaguariaíva";33,3333333333333;3;4;75;"Não";41,7;"NÃO ALCANÇOU"
"PR";411210;"Jandaia do Sul";0;1;4;25;"Não";25;"NÃO ALCANÇOU"
"PR";411220;"Janiópolis";0;0;0;0;"Sim";0;"ALCANÇOU"
"PR";411230;"Japira";0;0;0;0;"Sim";0;"ALCANÇOU"
"PR";411240;"Japurá";25;0;0;0;"Sim";-25;"ALCANÇOU"
"PR";411250;"Jardim Alegre";0;1;1;100;"Não";100;"NÃO ALCANÇOU"
"PR";411260;"Jardim Olinda";0;0;0;0;"Sim";0;"ALCANÇOU"
"PR";411270;"Jataizinho";0;0;2;0;"Sim";0;"ALCANÇOU"
"PR";411275;"Jesuítas";66,6666666666667;1;2;50;"Sim";-16,7;"ALCANÇOU"
"PR";411280;"Joaquim Távora";0;1;1;100;"Não";100;"NÃO ALCANÇOU"
"PR";411290;"Jundiaí do Sul";0;0;0;0;"Sim";0;"ALCANÇOU"
"PR";411295;"Juranda";0;0;0;0;"Sim";0;"ALCANÇOU"
"PR";411300;"Jussara";100;0;0;0;"Sim";-100;"ALCANÇOU"
"PR";411310;"Kaloré";0;0;1;0;"Sim";0;"ALCANÇOU"
"PR";411320;"Lapa";100;1;4;25;"Sim";-75;"ALCANÇOU"
"PR";411325;"Laranjal";0;0;1;0;"Sim";0;"ALCANÇOU"
"PR";411330;"Laranjeiras do Sul";37,5;1;8;12,5;"Sim";-25;"ALCANÇOU"
"PR";411340;"Leópolis";0;0;0;0;"Sim";0;"ALCANÇOU"
"PR";411342;"Lidianópolis";0;0;0;0;"Sim";0;"ALCANÇOU"
"PR";411345;"Lindoeste";0;0;0;0;"Sim";0;"ALCANÇOU"
"PR";411350;"Loanda";0;2;5;40;"Não";40;"NÃO ALCANÇOU"
"PR";411360;"Lobato";50;0;0;0;"Sim";-50;"ALCANÇOU"
"PR";411370;"Londrina";23,3576642335766;36;157;22,9299363057325;"Não";-0,43;"NÃO ALCANÇOU"
"PR";411373;"Luiziana";0;0;0;0;"Sim";0;"ALCANÇOU"
"PR";411375;"Lunardelli";0;0;1;0;"Sim";0;"ALCANÇOU"
"PR";411380;"Lupionópolis";0;1;3;33,3333333333333;"Não";33,3;"NÃO ALCANÇOU"
"PR";411390;"Mallet";0;0;0;0;"Sim";0;"ALCANÇOU"
"PR";411400;"Mamborê";0;0;0;0;"Sim";0;"ALCANÇOU"
"PR";411410;"Mandaguaçu";0;3;6;50;"Não";50;"NÃO ALCANÇOU"
"PR";411420;"Mandaguari";0;3;7;42,8571428571428;"Não";42,9;"NÃO ALCANÇOU"
"PR";411430;"Mandirituba";0;1;4;25;"Não";25;"NÃO ALCANÇOU"
"PR";411435;"Manfrinópolis";0;0;2;0;"Sim";0;"ALCANÇOU"
"PR";411440;"Mangueirinha";0;0;0;0;"Sim";0;"ALCANÇOU"
"PR";411450;"Manoel Ribas";0;0;0;0;"Sim";0;"ALCANÇOU"
"PR";411460;"Marechal Cândido Rondon";22,2222222222222;1;5;20;"Sim";-2,2;"ALCANÇOU"
"PR";411470;"Maria Helena";0;1;1;100;"Não";100;"NÃO ALCANÇOU"
"PR";411480;"Marialva";20;3;6;50;"Não";30;"NÃO ALCANÇOU"
"PR";411490;"Marilândia do Sul";0;0;2;0;"Sim";0;"ALCANÇOU"
"PR";411500;"Marilena";0;0;1;0;"Sim";0;"ALCANÇOU"
"PR";411510;"Mariluz";0;0;1;0;"Sim";0;"ALCANÇOU"
"PR";411520;"Maringá";17,0542635658915;25;110;22,7272727272727;"Não";5,7;"NÃO ALCANÇOU"
"PR";411530;"Mariópolis";50;0;0;0;"Sim";-50;"ALCANÇOU"
"PR";411535;"Maripá";0;0;2;0;"Sim";0;"ALCANÇOU"
"PR";411540;"Marmeleiro";33,3333333333333;1;5;20;"Sim";-13,3;"ALCANÇOU"
"PR";411545;"Marquinho";0;0;0;0;"Sim";0;"ALCANÇOU"
"PR";411550;"Marumbi";0;0;0;0;"Sim";0;"ALCANÇOU"
"PR";411560;"Matelândia";20;1;5;20;"Não";0;"NÃO ALCANÇOU"
"PR";411570;"Matinhos";15,3846153846154;1;19;5,26315789473684;"Sim";-10,1;"ALCANÇOU"
"PR";411573;"Mato Rico";0;0;0;0;"Sim";0;"ALCANÇOU"
"PR";411575;"Mauá da Serra";0;0;0;0;"Sim";0;"ALCANÇOU"
"PR";411580;"Medianeira";18,1818181818182;4;13;30,7692307692308;"Não";12,6;"NÃO ALCANÇOU"
"PR";411585;"Mercedes";0;0;0;0;"Sim";0;"ALCANÇOU"
"PR";411590;"Mirador";0;1;1;100;"Não";100;"NÃO ALCANÇOU"
"PR";411600;"Miraselva";100;0;0;0;"Sim";-100;"ALCANÇOU"
"PR";411605;"Missal";0;0;1;0;"Sim";0;"ALCANÇOU"
"PR";411610;"Moreira Sales";0;0;0;0;"Sim";0;"ALCANÇOU"
"PR";411620;"Morretes";20;4;7;57,1428571428571;"Não";37,1;"NÃO ALCANÇOU"
"PR";411630;"Munhoz de Melo";0;0;0;0;"Sim";0;"ALCANÇOU"
"PR";411640;"Nossa Senhora das Graças";100;1;1;100;"Não";0;"NÃO ALCANÇOU"
"PR";411650;"Nova Aliança do Ivaí";0;0;0;0;"Sim";0;"ALCANÇOU"
"PR";411660;"Nova América da Colina";100;0;0;0;"Sim";-100;"ALCANÇOU"
"PR";411670;"Nova Aurora";0;0;2;0;"Sim";0;"ALCANÇOU"
"PR";411680;"Nova Cantu";0;0;1;0;"Sim";0;"ALCANÇOU"
"PR";411690;"Nova Esperança";50;3;5;60;"Não";10;"NÃO ALCANÇOU"
"PR";411695;"Nova Esperança do Sudoeste";0;0;0;0;"Sim";0;"ALCANÇOU"
"PR";411700;"Nova Fátima";25;0;1;0;"Sim";-25;"ALCANÇOU"
"PR";411705;"Nova Laranjeiras";0;0;3;0;"Sim";0;"ALCANÇOU"
"PR";411710;"Nova Londrina";50;0;3;0;"Sim";-50;"ALCANÇOU"
"PR";411720;"Nova Olímpia";0;0;0;0;"Sim";0;"ALCANÇOU"
"PR";411721;"Nova Santa Bárbara";0;0;1;0;"Sim";0;"ALCANÇOU"
"PR";411722;"Nova Santa Rosa";0;0;2;0;"Sim";0;"ALCANÇOU"
"PR";411725;"Nova Prata do Iguaçu";100;0;2;0;"Sim";-100;"ALCANÇOU"
"PR";411727;"Nova Tebas";0;0;1;0;"Sim";0;"ALCANÇOU"
"PR";411729;"Novo Itacolomi";0;0;0;0;"Sim";0;"ALCANÇOU"
"PR";411730;"Ortigueira";0;1;4;25;"Não";25;"NÃO ALCANÇOU"
"PR";411740;"Ourizona";0;0;0;0;"Sim";0;"ALCANÇOU"
"PR";411745;"Ouro Verde do Oeste";0;1;1;100;"Não";100;"NÃO ALCANÇOU"
"PR";411750;"Paiçandu";0;5;11;45,4545454545454;"Não";45,5;"NÃO ALCANÇOU"
"PR";411760;"Palmas";38,4615384615385;2;8;25;"Sim";-13,5;"ALCANÇOU"
"PR";411770;"Palmeira";0;0;1;0;"Sim";0;"ALCANÇOU"
"PR";411780;"Palmital";50;0;0;0;"Sim";-50;"ALCANÇOU"
"PR";411790;"Palotina";16,6666666666667;3;8;37,5;"Não";20,8;"NÃO ALCANÇOU"
"PR";411800;"Paraíso do Norte";0;0;1;0;"Sim";0;"ALCANÇOU"
"PR";411810;"Paranacity";50;0;0;0;"Sim";-50;"ALCANÇOU"
"PR";411820;"Paranaguá";39,4736842105263;33;71;46,4788732394366;"Não";7;"NÃO ALCANÇOU"
"PR";411830;"Paranapoema";0;0;0;0;"Sim";0;"ALCANÇOU"
"PR";411840;"Paranavaí";33,3333333333333;2;16;12,5;"Sim";-20,8;"ALCANÇOU"
"PR";411845;"Pato Bragado";0;0;0;0;"Sim";0;"ALCANÇOU"
"PR";411850;"Pato Branco";35;8;28;28,5714285714286;"Sim";-6,4;"ALCANÇOU"
"PR";411860;"Paula Freitas";0;0;0;0;"Sim";0;"ALCANÇOU"
"PR";411870;"Paulo Frontin";0;0;1;0;"Sim";0;"ALCANÇOU"
"PR";411880;"Peabiru";0;1;1;100;"Não";100;"NÃO ALCANÇOU"
"PR";411885;"Perobal";0;0;0;0;"Sim";0;"ALCANÇOU"
"PR";411890;"Pérola";0;0;1;0;"Sim";0;"ALCANÇOU"
"PR";411900;"Pérola d'Oeste";0;0;0;0;"Sim";0;"ALCANÇOU"
"PR";411910;"Piên";0;0;1;0;"Sim";0;"ALCANÇOU"
"PR";411915;"Pinhais";19,7183098591549;16;74;21,6216216216216;"Não";1,9;"NÃO ALCANÇOU"
"PR";411920;"Pinhalão";0;0;1;0;"Sim";0;"ALCANÇOU"
"PR";411925;"Pinhal de São Bento";0;0;0;0;"Sim";0;"ALCANÇOU"
"PR";411930;"Pinhão";0;1;3;33,3333333333333;"Não";33,3;"NÃO ALCANÇOU"
"PR";411940;"Piraí do Sul";0;1;3;33,3333333333333;"Não";33,3;"NÃO ALCANÇOU"
"PR";411950;"Piraquara";34,2105263157895;8;24;33,3333333333333;"Não";-0,88;"NÃO ALCANÇOU"
"PR";411960;"Pitanga";60;0;1;0;"Sim";-60;"ALCANÇOU"
"PR";411965;"Pitangueiras";0;0;1;0;"Sim";0;"ALCANÇOU"
"PR";411970;"Planaltina do Paraná";0;0;0;0;"Sim";0;"ALCANÇOU"
"PR";411980;"Planalto";0;1;2;50;"Não";50;"NÃO ALCANÇOU"
"PR";411990;"Ponta Grossa";26,7326732673267;26;85;30,5882352941176;"Não";3,9;"NÃO ALCANÇOU"
"PR";411995;"Pontal do Paraná";37,5;3;12;25;"Sim";-12,5;"ALCANÇOU"
"PR";412000;"Porecatu";0;0;0;0;"Sim";0;"ALCANÇOU"
"PR";412010;"Porto Amazonas";0;0;0;0;"Sim";0;"ALCANÇOU"
"PR";412015;"Porto Barreiro";0;0;0;0;"Sim";0;"ALCANÇOU"
"PR";412020;"Porto Rico";0;0;1;0;"Sim";0;"ALCANÇOU"
"PR";412030;"Porto Vitória";0;0;0;0;"Sim";0;"ALCANÇOU"
"PR";412033;"Prado Ferreira";0;0;0;0;"Sim";0;"ALCANÇOU"
"PR";412035;"Pranchita";0;0;0;0;"Sim";0;"ALCANÇOU"
"PR";412040;"Presidente Castelo Branco";0;0;0;0;"Sim";0;"ALCANÇOU"
"PR";412050;"Primeiro de Maio";100;2;4;50;"Sim";-50;"ALCANÇOU"
"PR";412060;"Prudentópolis";0;0;1;0;"Sim";0;"ALCANÇOU"
"PR";412065;"Quarto Centenário";0;0;0;0;"Sim";0;"ALCANÇOU"
"PR";412070;"Quatiguá";0;0;1;0;"Sim";0;"ALCANÇOU"
"PR";412080;"Quatro Barras";25;2;4;50;"Não";25;"NÃO ALCANÇOU"
"PR";412085;"Quatro Pontes";0;0;0;0;"Sim";0;"ALCANÇOU"
"PR";412090;"Quedas do Iguaçu";25;3;5;60;"Não";35;"NÃO ALCANÇOU"
"PR";412100;"Querência do Norte";0;1;1;100;"Não";100;"NÃO ALCANÇOU"
"PR";412110;"Quinta do Sol";0;0;0;0;"Sim";0;"ALCANÇOU"
"PR";412120;"Quitandinha";50;1;1;100;"Não";50;"NÃO ALCANÇOU"
"PR";412125;"Ramilândia";100;0;1;0;"Sim";-100;"ALCANÇOU"
"PR";412130;"Rancho Alegre";0;0;0;0;"Sim";0;"ALCANÇOU"
"PR";412135;"Rancho Alegre D'Oeste";0;0;0;0;"Sim";0;"ALCANÇOU"
"PR";412140;"Realeza";14,2857142857143;1;2;50;"Não";35,7;"NÃO ALCANÇOU"
"PR";412150;"Rebouças";50;0;0;0;"Sim";-50;"ALCANÇOU"
"PR";412160;"Renascença";0;0;1;0;"Sim";0;"ALCANÇOU"
"PR";412170;"Reserva";33,3333333333333;0;1;0;"Sim";-33,3;"ALCANÇOU"
"PR";412175;"Reserva do Iguaçu";100;1;2;50;"Sim";-50;"ALCANÇOU"
"PR";412180;"Ribeirão Claro";0;0;1;0;"Sim";0;"ALCANÇOU"
"PR";412190;"Ribeirão do Pinhal";100;1;2;50;"Sim";-50;"ALCANÇOU"
"PR";412200;"Rio Azul";0;1;1;100;"Não";100;"NÃO ALCANÇOU"
"PR";412210;"Rio Bom";0;0;0;0;"Sim";0;"ALCANÇOU"
"PR";412215;"Rio Bonito do Iguaçu";0;2;2;100;"Não";100;"NÃO ALCANÇOU"
"PR";412217;"Rio Branco do Ivaí";0;0;0;0;"Sim";0;"ALCANÇOU"
"PR";412220;"Rio Branco do Sul";0;3;6;50;"Não";50;"NÃO ALCANÇOU"
"PR";412230;"Rio Negro";25;5;8;62,5;"Não";37,5;"NÃO ALCANÇOU"
"PR";412240;"Rolândia";33,3333333333333;4;17;23,5294117647059;"Sim";-9,8;"ALCANÇOU"
"PR";412250;"Roncador";0;0;0;0;"Sim";0;"ALCANÇOU"
"PR";412260;"Rondon";0;0;0;0;"Sim";0;"ALCANÇOU"
"PR";412265;"Rosário do Ivaí";0;0;0;0;"Sim";0;"ALCANÇOU"
"PR";412270;"Sabáudia";0;0;1;0;"Sim";0;"ALCANÇOU"
"PR";412280;"Salgado Filho";0;0;0;0;"Sim";0;"ALCANÇOU"
"PR";412290;"Salto do Itararé";0;0;0;0;"Sim";0;"ALCANÇOU"
"PR";412300;"Salto do Lontra";0;0;2;0;"Sim";0;"ALCANÇOU"
"PR";412310;"Santa Amélia";0;0;0;0;"Sim";0;"ALCANÇOU"
"PR";412320;"Santa Cecília do Pavão";0;1;1;100;"Não";100;"NÃO ALCANÇOU"
"PR";412330;"Santa Cruz de Monte Castelo";0;0;1;0;"Sim";0;"ALCANÇOU"
"PR";412340;"Santa Fé";0;0;3;0;"Sim";0;"ALCANÇOU"
"PR";412350;"Santa Helena";75;1;5;20;"Sim";-55;"ALCANÇOU"
"PR";412360;"Santa Inês";0;0;0;0;"Sim";0;"ALCANÇOU"
"PR";412370;"Santa Isabel do Ivaí";33,3333333333333;0;1;0;"Sim";-33,3;"ALCANÇOU"
"PR";412380;"Santa Izabel do Oeste";25;0;1;0;"Sim";-25;"ALCANÇOU"
"PR";412382;"Santa Lúcia";0;0;0;0;"Sim";0;"ALCANÇOU"
"PR";412385;"Santa Maria do Oeste";0;1;1;100;"Não";100;"NÃO ALCANÇOU"
"PR";412390;"Santa Mariana";100;1;3;33,3333333333333;"Sim";-66,7;"ALCANÇOU"
"PR";412395;"Santa Mônica";0;0;0;0;"Sim";0;"ALCANÇOU"
"PR";412400;"Santana do Itararé";100;0;1;0;"Sim";-100;"ALCANÇOU"
"PR";412402;"Santa Tereza do Oeste";0;0;2;0;"Sim";0;"ALCANÇOU"
"PR";412405;"Santa Terezinha de Itaipu";0;1;8;12,5;"Não";12,5;"NÃO ALCANÇOU"
"PR";412410;"Santo Antônio da Platina";50;0;7;0;"Sim";-50;"ALCANÇOU"
"PR";412420;"Santo Antônio do Caiuá";0;0;0;0;"Sim";0;"ALCANÇOU"
"PR";412430;"Santo Antônio do Paraíso";0;0;0;0;"Sim";0;"ALCANÇOU"
"PR";412440;"Santo Antônio do Sudoeste";33,3333333333333;1;5;20;"Sim";-13,3;"ALCANÇOU"
"PR";412450;"Santo Inácio";50;0;0;0;"Sim";-50;"ALCANÇOU"
"PR";412460;"São Carlos do Ivaí";0;0;0;0;"Sim";0;"ALCANÇOU"
"PR";412470;"São Jerônimo da Serra";0;0;0;0;"Sim";0;"ALCANÇOU"
"PR";412480;"São João";0;0;0;0;"Sim";0;"ALCANÇOU"
"PR";412490;"São João do Caiuá";100;0;0;0;"Sim";-100;"ALCANÇOU"
"PR";412500;"São João do Ivaí";0;0;0;0;"Sim";0;"ALCANÇOU"
"PR";412510;"São João do Triunfo";0;0;0;0;"Sim";0;"ALCANÇOU"
"PR";412520;"São Jorge d'Oeste";0;0;1;0;"Sim";0;"ALCANÇOU"
"PR";412530;"São Jorge do Ivaí";0;0;0;0;"Sim";0;"ALCANÇOU"
"PR";412535;"São Jorge do Patrocínio";0;0;0;0;"Sim";0;"ALCANÇOU"
"PR";412540;"São José da Boa Vista";0;0;0;0;"Sim";0;"ALCANÇOU"
"PR";412545;"São José das Palmeiras";0;0;0;0;"Sim";0;"ALCANÇOU"
"PR";412550;"São José dos Pinhais";24,2105263157895;21;94;22,3404255319149;"Sim";-1,9;"ALCANÇOU"
"PR";412555;"São Manoel do Paraná";100;0;0;0;"Sim";-100;"ALCANÇOU"
"PR";412560;"São Mateus do Sul";0;1;2;50;"Não";50;"NÃO ALCANÇOU"
"PR";412570;"São Miguel do Iguaçu";16,6666666666667;1;4;25;"Não";8,3;"NÃO ALCANÇOU"
"PR";412575;"São Pedro do Iguaçu";0;0;1;0;"Sim";0;"ALCANÇOU"
"PR";412580;"São Pedro do Ivaí";0;0;0;0;"Sim";0;"ALCANÇOU"
"PR";412590;"São Pedro do Paraná";0;0;1;0;"Sim";0;"ALCANÇOU"
"PR";412600;"São Sebastião da Amoreira";0;1;2;50;"Não";50;"NÃO ALCANÇOU"
"PR";412610;"São Tomé";0;3;3;100;"Não";100;"NÃO ALCANÇOU"
"PR";412620;"Sapopema";0;0;0;0;"Sim";0;"ALCANÇOU"
"PR";412625;"Sarandi";36,6666666666667;9;23;39,1304347826087;"Não";2,5;"NÃO ALCANÇOU"
"PR";412627;"Saudade do Iguaçu";0;0;0;0;"Sim";0;"ALCANÇOU"
"PR";412630;"Sengés";0;0;0;0;"Sim";0;"ALCANÇOU"
"PR";412635;"Serranópolis do Iguaçu";0;0;0;0;"Sim";0;"ALCANÇOU"
"PR";412640;"Sertaneja";0;0;0;0;"Sim";0;"ALCANÇOU"
"PR";412650;"Sertanópolis";0;0;1;0;"Sim";0;"ALCANÇOU"
"PR";412660;"Siqueira Campos";100;0;1;0;"Sim";-100;"ALCANÇOU"
"PR";412665;"Sulina";0;0;0;0;"Sim";0;"ALCANÇOU"
"PR";412667;"Tamarana";0;0;0;0;"Sim";0;"ALCANÇOU"
"PR";412670;"Tamboara";0;0;0;0;"Sim";0;"ALCANÇOU"
"PR";412680;"Tapejara";0;0;1;0;"Sim";0;"ALCANÇOU"
"PR";412690;"Tapira";0;0;0;0;"Sim";0;"ALCANÇOU"
"PR";412700;"Teixeira Soares";0;0;0;0;"Sim";0;"ALCANÇOU"
"PR";412710;"Telêmaco Borba";22,2222222222222;1;5;20;"Sim";-2,2;"ALCANÇOU"
"PR";412720;"Terra Boa";100;0;4;0;"Sim";-100;"ALCANÇOU"
"PR";412730;"Terra Rica";0;0;0;0;"Sim";0;"ALCANÇOU"
"PR";412740;"Terra Roxa";50;0;4;0;"Sim";-50;"ALCANÇOU"
"PR";412750;"Tibagi";0;0;1;0;"Sim";0;"ALCANÇOU"
"PR";412760;"Tijucas do Sul";0;1;2;50;"Não";50;"NÃO ALCANÇOU"
"PR";412770;"Toledo";24,2424242424242;11;35;31,4285714285714;"Não";7,2;"NÃO ALCANÇOU"
"PR";412780;"Tomazina";0;1;1;100;"Não";100;"NÃO ALCANÇOU"
"PR";412785;"Três Barras do Paraná";0;1;2;50;"Não";50;"NÃO ALCANÇOU"
"PR";412788;"Tunas do Paraná";0;0;1;0;"Sim";0;"ALCANÇOU"
"PR";412790;"Tuneiras do Oeste";0;0;0;0;"Sim";0;"ALCANÇOU"
"PR";412795;"Tupãssi";0;0;1;0;"Sim";0;"ALCANÇOU"
"PR";412796;"Turvo";100;0;0;0;"Sim";-100;"ALCANÇOU"
"PR";412800;"Ubiratã";7,14285714285714;1;7;14,2857142857143;"Não";7,1;"NÃO ALCANÇOU"
"PR";412810;"Umuarama";8;3;26;11,5384615384615;"Não";3,5;"NÃO ALCANÇOU"
"PR";412820;"União da Vitória";30;7;10;70;"Não";40;"NÃO ALCANÇOU"
"PR";412830;"Uniflor";0;0;0;0;"Sim";0;"ALCANÇOU"
"PR";412840;"Uraí";0;1;1;100;"Não";100;"NÃO ALCANÇOU"
"PR";412850;"Wenceslau Braz";0;0;6;0;"Sim";0;"ALCANÇOU"
"PR";412853;"Ventania";0;0;0;0;"Sim";0;"ALCANÇOU"
"PR";412855;"Vera Cruz do Oeste";100;0;2;0;"Sim";-100;"ALCANÇOU"
"PR";412860;"Verê";0;0;1;0;"Sim";0;"ALCANÇOU"
"PR";412862;"Alto Paraíso";0;0;0;0;"Sim";0;"ALCANÇOU"
"PR";412863;"Doutor Ulysses";0;0;0;0;"Sim";0;"ALCANÇOU"
"PR";412865;"Virmond";0;0;0;0;"Sim";0;"ALCANÇOU"
"PR";412870;"Vitorino";0;0;1;0;"Sim";0;"ALCANÇOU"
"PR";412880;"Xambrê";0;0;0;0;"Sim";0;"ALCANÇOU"
"SC";420005;"Abdon Batista";0;0;0;0;"Sim";0;"ALCANÇOU"
"SC";420010;"Abelardo Luz";50;1;1;100;"Não";50;"NÃO ALCANÇOU"
"SC";420020;"Agrolândia";100;1;3;33,3333333333333;"Sim";-66,7;"ALCANÇOU"
"SC";420030;"Agronômica";33,3333333333333;0;1;0;"Sim";-33,3;"ALCANÇOU"
"SC";420040;"Água Doce";50;0;0;0;"Sim";-50;"ALCANÇOU"
"SC";420050;"Águas de Chapecó";50;0;1;0;"Sim";-50;"ALCANÇOU"
"SC";420055;"Águas Frias";100;0;0;0;"Sim";-100;"ALCANÇOU"
"SC";420060;"Águas Mornas";0;0;2;0;"Sim";0;"ALCANÇOU"
"SC";420070;"Alfredo Wagner";0;0;1;0;"Sim";0;"ALCANÇOU"
"SC";420075;"Alto Bela Vista";0;0;0;0;"Sim";0;"ALCANÇOU"
"SC";420080;"Anchieta";0;0;1;0;"Sim";0;"ALCANÇOU"
"SC";420090;"Angelina";0;0;0;0;"Sim";0;"ALCANÇOU"
"SC";420100;"Anita Garibaldi";0;0;0;0;"Sim";0;"ALCANÇOU"
"SC";420110;"Anitápolis";0;0;0;0;"Sim";0;"ALCANÇOU"
"SC";420120;"Antônio Carlos";0;0;1;0;"Sim";0;"ALCANÇOU"
"SC";420125;"Apiúna";50;1;3;33,3333333333333;"Sim";-16,7;"ALCANÇOU"
"SC";420127;"Arabutã";0;0;0;0;"Sim";0;"ALCANÇOU"
"SC";420130;"Araquari";22,2222222222222;6;19;31,5789473684211;"Não";9,4;"NÃO ALCANÇOU"
"SC";420140;"Araranguá";10,8108108108108;2;16;12,5;"Não";1,7;"NÃO ALCANÇOU"
"SC";420150;"Armazém";75;0;1;0;"Sim";-75;"ALCANÇOU"
"SC";420160;"Arroio Trinta";0;0;1;0;"Sim";0;"ALCANÇOU"
"SC";420165;"Arvoredo";0;0;0;0;"Sim";0;"ALCANÇOU"
"SC";420170;"Ascurra";0;0;1;0;"Sim";0;"ALCANÇOU"
"SC";420180;"Atalanta";0;0;0;0;"Sim";0;"ALCANÇOU"
"SC";420190;"Aurora";0;0;1;0;"Sim";0;"ALCANÇOU"
"SC";420195;"Balneário Arroio do Silva";0;2;4;50;"Não";50;"NÃO ALCANÇOU"
"SC";420200;"Balneário Camboriú";24,5283018867925;29;112;25,8928571428571;"Não";1,4;"NÃO ALCANÇOU"
"SC";420205;"Balneário Barra do Sul";75;0;0;0;"Sim";-75;"ALCANÇOU"
"SC";420207;"Balneário Gaivota";25;1;6;16,6666666666667;"Sim";-8,3;"ALCANÇOU"
"SC";420208;"Bandeirante";0;0;0;0;"Sim";0;"ALCANÇOU"
"SC";420209;"Barra Bonita";0;0;0;0;"Sim";0;"ALCANÇOU"
"SC";420210;"Barra Velha";19,0476190476191;7;26;26,9230769230769;"Não";7,9;"NÃO ALCANÇOU"
"SC";420213;"Bela Vista do Toldo";0;0;0;0;"Sim";0;"ALCANÇOU"
"SC";420215;"Belmonte";0;0;0;0;"Sim";0;"ALCANÇOU"
"SC";420220;"Benedito Novo";0;0;0;0;"Sim";0;"ALCANÇOU"
"SC";420230;"Biguaçu";17,5;7;53;13,2075471698113;"Sim";-4,3;"ALCANÇOU"
"SC";420240;"Blumenau";24,8322147651007;36;150;24;"Não";-0,83;"NÃO ALCANÇOU"
"SC";420243;"Bocaina do Sul";0;0;0;0;"Sim";0;"ALCANÇOU"
"SC";420245;"Bombinhas";27,2727272727273;4;22;18,1818181818182;"Sim";-9,1;"ALCANÇOU"
"SC";420250;"Bom Jardim da Serra";0;1;1;100;"Não";100;"NÃO ALCANÇOU"
"SC";420253;"Bom Jesus";0;0;0;0;"Sim";0;"ALCANÇOU"
"SC";420257;"Bom Jesus do Oeste";0;0;0;0;"Sim";0;"ALCANÇOU"
"SC";420260;"Bom Retiro";0;0;2;0;"Sim";0;"ALCANÇOU"
"SC";420270;"Botuverá";0;0;0;0;"Sim";0;"ALCANÇOU"
"SC";420280;"Braço do Norte";50;0;8;0;"Sim";-50;"ALCANÇOU"
"SC";420285;"Braço do Trombudo";0;0;1;0;"Sim";0;"ALCANÇOU"
"SC";420287;"Brunópolis";0;0;0;0;"Sim";0;"ALCANÇOU"
"SC";420290;"Brusque";25,4901960784314;12;45;26,6666666666667;"Não";1,2;"NÃO ALCANÇOU"
"SC";420300;"Caçador";33,3333333333333;1;16;6,25;"Sim";-27,1;"ALCANÇOU"
"SC";420310;"Caibi";100;0;0;0;"Sim";-100;"ALCANÇOU"
"SC";420315;"Calmon";0;0;0;0;"Sim";0;"ALCANÇOU"
"SC";420320;"Camboriú";31,4285714285714;7;47;14,8936170212766;"Sim";-16,5;"ALCANÇOU"
"SC";420325;"Capão Alto";0;0;0;0;"Sim";0;"ALCANÇOU"
"SC";420330;"Campo Alegre";0;0;1;0;"Sim";0;"ALCANÇOU"
"SC";420340;"Campo Belo do Sul";0;1;1;100;"Não";100;"NÃO ALCANÇOU"
"SC";420350;"Campo Erê";0;0;0;0;"Sim";0;"ALCANÇOU"
"SC";420360;"Campos Novos";30;4;7;57,1428571428571;"Não";27,1;"NÃO ALCANÇOU"
"SC";420370;"Canelinha";50;1;3;33,3333333333333;"Sim";-16,7;"ALCANÇOU"
"SC";420380;"Canoinhas";25;1;2;50;"Não";25;"NÃO ALCANÇOU"
"SC";420390;"Capinzal";45,4545454545454;2;7;28,5714285714286;"Sim";-16,9;"ALCANÇOU"
"SC";420395;"Capivari de Baixo";14,2857142857143;2;4;50;"Não";35,7;"NÃO ALCANÇOU"
"SC";420400;"Catanduvas";0;0;0;0;"Sim";0;"ALCANÇOU"
"SC";420410;"Caxambu do Sul";0;0;1;0;"Sim";0;"ALCANÇOU"
"SC";420415;"Celso Ramos";0;0;0;0;"Sim";0;"ALCANÇOU"
"SC";420417;"Cerro Negro";0;0;0;0;"Sim";0;"ALCANÇOU"
"SC";420419;"Chapadão do Lageado";0;0;0;0;"Sim";0;"ALCANÇOU"
"SC";420420;"Chapecó";25,4716981132076;13;86;15,1162790697674;"Sim";-10,4;"ALCANÇOU"
"SC";420425;"Cocal do Sul";16,6666666666667;0;3;0;"Sim";-16,7;"ALCANÇOU"
"SC";420430;"Concórdia";31,25;5;25;20;"Sim";-11,2;"ALCANÇOU"
"SC";420435;"Cordilheira Alta";50;0;0;0;"Sim";-50;"ALCANÇOU"
"SC";420440;"Coronel Freitas";100;0;4;0;"Sim";-100;"ALCANÇOU"
"SC";420445;"Coronel Martins";0;0;0;0;"Sim";0;"ALCANÇOU"
"SC";420450;"Corupá";0;0;1;0;"Sim";0;"ALCANÇOU"
"SC";420455;"Correia Pinto";50;0;1;0;"Sim";-50;"ALCANÇOU"
"SC";420460;"Criciúma";18,4466019417476;22;82;26,8292682926829;"Não";8,4;"NÃO ALCANÇOU"
"SC";420470;"Cunha Porã";0;0;2;0;"Sim";0;"ALCANÇOU"
"SC";420475;"Cunhataí";0;0;0;0;"Sim";0;"ALCANÇOU"
"SC";420480;"Curitibanos";23,0769230769231;5;19;26,3157894736842;"Não";3,2;"NÃO ALCANÇOU"
"SC";420490;"Descanso";0;0;1;0;"Sim";0;"ALCANÇOU"
"SC";420500;"Dionísio Cerqueira";25;0;1;0;"Sim";-25;"ALCANÇOU"
"SC";420510;"Dona Emma";0;0;0;0;"Sim";0;"ALCANÇOU"
"SC";420515;"Doutor Pedrinho";100;1;1;100;"Não";0;"NÃO ALCANÇOU"
"SC";420517;"Entre Rios";0;0;1;0;"Sim";0;"ALCANÇOU"
"SC";420519;"Ermo";0;0;0;0;"Sim";0;"ALCANÇOU"
"SC";420520;"Erval Velho";0;0;4;0;"Sim";0;"ALCANÇOU"
"SC";420530;"Faxinal dos Guedes";0;1;1;100;"Não";100;"NÃO ALCANÇOU"
"SC";420535;"Flor do Sertão";0;0;0;0;"Sim";0;"ALCANÇOU"
"SC";420540;"Florianópolis";16,2921348314607;52;318;16,3522012578616;"Não";0,1;"NÃO ALCANÇOU"
"SC";420543;"Formosa do Sul";0;0;1;0;"Sim";0;"ALCANÇOU"
"SC";420545;"Forquilhinha";14,2857142857143;2;6;33,3333333333333;"Não";19;"NÃO ALCANÇOU"
"SC";420550;"Fraiburgo";30;2;5;40;"Não";10;"NÃO ALCANÇOU"
"SC";420555;"Frei Rogério";0;0;0;0;"Sim";0;"ALCANÇOU"
"SC";420560;"Galvão";0;0;0;0;"Sim";0;"ALCANÇOU"
"SC";420570;"Garopaba";5,88235294117647;2;7;28,5714285714286;"Não";22,7;"NÃO ALCANÇOU"
"SC";420580;"Garuva";33,3333333333333;2;8;25;"Sim";-8,3;"ALCANÇOU"
"SC";420590;"Gaspar";21,875;3;15;20;"Sim";-1,9;"ALCANÇOU"
"SC";420600;"Governador Celso Ramos";75;1;4;25;"Sim";-50;"ALCANÇOU"
"SC";420610;"Grão Pará";0;0;0;0;"Sim";0;"ALCANÇOU"
"SC";420620;"Gravatal";0;1;5;20;"Não";20;"NÃO ALCANÇOU"
"SC";420630;"Guabiruba";33,3333333333333;1;4;25;"Sim";-8,3;"ALCANÇOU"
"SC";420640;"Guaraciaba";0;1;1;100;"Não";100;"NÃO ALCANÇOU"
"SC";420650;"Guaramirim";35,7142857142857;1;9;11,1111111111111;"Sim";-24,6;"ALCANÇOU"
"SC";420660;"Guarujá do Sul";0;0;0;0;"Sim";0;"ALCANÇOU"
"SC";420665;"Guatambú";0;1;1;100;"Não";100;"NÃO ALCANÇOU"
"SC";420670;"Herval d'Oeste";33,3333333333333;0;7;0;"Sim";-33,3;"ALCANÇOU"
"SC";420675;"Ibiam";0;0;0;0;"Sim";0;"ALCANÇOU"
"SC";420680;"Ibicaré";100;0;1;0;"Sim";-100;"ALCANÇOU"
"SC";420690;"Ibirama";0;0;4;0;"Sim";0;"ALCANÇOU"
"SC";420700;"Içara";25;4;29;13,7931034482759;"Sim";-11,2;"ALCANÇOU"
"SC";420710;"Ilhota";16,6666666666667;1;6;16,6666666666667;"Não";0;"NÃO ALCANÇOU"
"SC";420720;"Imaruí";0;1;2;50;"Não";50;"NÃO ALCANÇOU"
"SC";420730;"Imbituba";17,6470588235294;3;25;12;"Sim";-5,6;"ALCANÇOU"
"SC";420740;"Imbuia";0;0;1;0;"Sim";0;"ALCANÇOU"
"SC";420750;"Indaial";29,6296296296296;4;19;21,0526315789474;"Sim";-8,6;"ALCANÇOU"
"SC";420757;"Iomerê";0;0;0;0;"Sim";0;"ALCANÇOU"
"SC";420760;"Ipira";100;0;0;0;"Sim";-100;"ALCANÇOU"
"SC";420765;"Iporã do Oeste";0;0;1;0;"Sim";0;"ALCANÇOU"
"SC";420768;"Ipuaçu";0;1;1;100;"Não";100;"NÃO ALCANÇOU"
"SC";420770;"Ipumirim";0;0;0;0;"Sim";0;"ALCANÇOU"
"SC";420775;"Iraceminha";0;0;0;0;"Sim";0;"ALCANÇOU"
"SC";420780;"Irani";0;0;0;0;"Sim";0;"ALCANÇOU"
"SC";420785;"Irati";0;0;0;0;"Sim";0;"ALCANÇOU"
"SC";420790;"Irineópolis";0;0;1;0;"Sim";0;"ALCANÇOU"
"SC";420800;"Itá";50;0;0;0;"Sim";-50;"ALCANÇOU"
"SC";420810;"Itaiópolis";100;1;1;100;"Não";0;"NÃO ALCANÇOU"
"SC";420820;"Itajaí";27,4647887323944;33;133;24,812030075188;"Sim";-2,7;"ALCANÇOU"
"SC";420830;"Itapema";27,2727272727273;9;43;20,9302325581395;"Sim";-6,3;"ALCANÇOU"
"SC";420840;"Itapiranga";0;1;3;33,3333333333333;"Não";33,3;"NÃO ALCANÇOU"
"SC";420845;"Itapoá";27,2727272727273;2;9;22,2222222222222;"Sim";-5,1;"ALCANÇOU"
"SC";420850;"Ituporanga";0;0;3;0;"Sim";0;"ALCANÇOU"
"SC";420860;"Jaborá";0;0;0;0;"Sim";0;"ALCANÇOU"
"SC";420870;"Jacinto Machado";50;0;0;0;"Sim";-50;"ALCANÇOU"
"SC";420880;"Jaguaruna";0;2;3;66,6666666666667;"Não";66,7;"NÃO ALCANÇOU"
"SC";420890;"Jaraguá do Sul";17,6470588235294;9;46;19,5652173913043;"Não";1,9;"NÃO ALCANÇOU"
"SC";420895;"Jardinópolis";0;0;0;0;"Sim";0;"ALCANÇOU"
"SC";420900;"Joaçaba";22,2222222222222;2;6;33,3333333333333;"Não";11,1;"NÃO ALCANÇOU"
"SC";420910;"Joinville";21,551724137931;47;293;16,0409556313993;"Sim";-5,5;"ALCANÇOU"
"SC";420915;"José Boiteux";0;0;0;0;"Sim";0;"ALCANÇOU"
"SC";420917;"Jupiá";0;0;0;0;"Sim";0;"ALCANÇOU"
"SC";420920;"Lacerdópolis";0;0;0;0;"Sim";0;"ALCANÇOU"
"SC";420930;"Lages";20,9876543209877;24;71;33,8028169014084;"Não";12,8;"NÃO ALCANÇOU"
"SC";420940;"Laguna";23,0769230769231;3;22;13,6363636363636;"Sim";-9,4;"ALCANÇOU"
"SC";420945;"Lajeado Grande";0;0;0;0;"Sim";0;"ALCANÇOU"
"SC";420950;"Laurentino";20;1;2;50;"Não";30;"NÃO ALCANÇOU"
"SC";420960;"Lauro Muller";0;0;2;0;"Sim";0;"ALCANÇOU"
"SC";420970;"Lebon Régis";100;1;2;50;"Sim";-50;"ALCANÇOU"
"SC";420980;"Leoberto Leal";0;1;1;100;"Não";100;"NÃO ALCANÇOU"
"SC";420985;"Lindóia do Sul";0;0;1;0;"Sim";0;"ALCANÇOU"
"SC";420990;"Lontras";25;0;2;0;"Sim";-25;"ALCANÇOU"
"SC";421000;"Luiz Alves";0;2;3;66,6666666666667;"Não";66,7;"NÃO ALCANÇOU"
"SC";421003;"Luzerna";0;0;0;0;"Sim";0;"ALCANÇOU"
"SC";421005;"Macieira";0;0;0;0;"Sim";0;"ALCANÇOU"
"SC";421010;"Mafra";41,6666666666667;3;12;25;"Sim";-16,7;"ALCANÇOU"
"SC";421020;"Major Gercino";0;1;1;100;"Não";100;"NÃO ALCANÇOU"
"SC";421030;"Major Vieira";33,3333333333333;2;6;33,3333333333333;"Não";0;"NÃO ALCANÇOU"
"SC";421040;"Maracajá";50;0;0;0;"Sim";-50;"ALCANÇOU"
"SC";421050;"Maravilha";25;2;5;40;"Não";15;"NÃO ALCANÇOU"
"SC";421055;"Marema";0;1;1;100;"Não";100;"NÃO ALCANÇOU"
"SC";421060;"Massaranduba";33,3333333333333;0;2;0;"Sim";-33,3;"ALCANÇOU"
"SC";421070;"Matos Costa";0;0;0;0;"Sim";0;"ALCANÇOU"
"SC";421080;"Meleiro";0;1;1;100;"Não";100;"NÃO ALCANÇOU"
"SC";421085;"Mirim Doce";0;0;0;0;"Sim";0;"ALCANÇOU"
"SC";421090;"Modelo";0;0;0;0;"Sim";0;"ALCANÇOU"
"SC";421100;"Mondaí";0;1;3;33,3333333333333;"Não";33,3;"NÃO ALCANÇOU"
"SC";421105;"Monte Carlo";100;0;0;0;"Sim";-100;"ALCANÇOU"
"SC";421110;"Monte Castelo";0;0;1;0;"Sim";0;"ALCANÇOU"
"SC";421120;"Morro da Fumaça";25;0;0;0;"Sim";-25;"ALCANÇOU"
"SC";421125;"Morro Grande";0;0;1;0;"Sim";0;"ALCANÇOU"
"SC";421130;"Navegantes";30,2325581395349;13;52;25;"Sim";-5,2;"ALCANÇOU"
"SC";421140;"Nova Erechim";0;0;1;0;"Sim";0;"ALCANÇOU"
"SC";421145;"Nova Itaberaba";0;0;0;0;"Sim";0;"ALCANÇOU"
"SC";421150;"Nova Trento";28,5714285714286;0;1;0;"Sim";-28,6;"ALCANÇOU"
"SC";421160;"Nova Veneza";60;3;3;100;"Não";40;"NÃO ALCANÇOU"
"SC";421165;"Novo Horizonte";0;1;1;100;"Não";100;"NÃO ALCANÇOU"
"SC";421170;"Orleans";75;1;6;16,6666666666667;"Sim";-58,3;"ALCANÇOU"
"SC";421175;"Otacílio Costa";50;0;4;0;"Sim";-50;"ALCANÇOU"
"SC";421180;"Ouro";0;1;2;50;"Não";50;"NÃO ALCANÇOU"
"SC";421185;"Ouro Verde";0;0;0;0;"Sim";0;"ALCANÇOU"
"SC";421187;"Paial";0;0;0;0;"Sim";0;"ALCANÇOU"
"SC";421189;"Painel";0;0;0;0;"Sim";0;"ALCANÇOU"
"SC";421190;"Palhoça";22,5352112676056;32;135;23,7037037037037;"Não";1,2;"NÃO ALCANÇOU"
"SC";421200;"Palma Sola";0;0;0;0;"Sim";0;"ALCANÇOU"
"SC";421205;"Palmeira";0;0;0;0;"Sim";0;"ALCANÇOU"
"SC";421210;"Palmitos";0;0;5;0;"Sim";0;"ALCANÇOU"
"SC";421220;"Papanduva";0;0;2;0;"Sim";0;"ALCANÇOU"
"SC";421223;"Paraíso";100;0;0;0;"Sim";-100;"ALCANÇOU"
"SC";421225;"Passo de Torres";16,6666666666667;1;3;33,3333333333333;"Não";16,7;"NÃO ALCANÇOU"
"SC";421227;"Passos Maia";0;0;0;0;"Sim";0;"ALCANÇOU"
"SC";421230;"Paulo Lopes";25;0;2;0;"Sim";-25;"ALCANÇOU"
"SC";421240;"Pedras Grandes";0;2;2;100;"Não";100;"NÃO ALCANÇOU"
"SC";421250;"Penha";21,7391304347826;7;15;46,6666666666667;"Não";24,9;"NÃO ALCANÇOU"
"SC";421260;"Peritiba";0;0;0;0;"Sim";0;"ALCANÇOU"
"SC";421265;"Pescaria Brava";33,3333333333333;1;2;50;"Não";16,7;"NÃO ALCANÇOU"
"SC";421270;"Petrolândia";0;0;0;0;"Sim";0;"ALCANÇOU"
"SC";421280;"Balneário Piçarras";12,5;1;14;7,14285714285714;"Sim";-5,4;"ALCANÇOU"
"SC";421290;"Pinhalzinho";0;0;2;0;"Sim";0;"ALCANÇOU"
"SC";421300;"Pinheiro Preto";0;0;1;0;"Sim";0;"ALCANÇOU"
"SC";421310;"Piratuba";0;0;1;0;"Sim";0;"ALCANÇOU"
"SC";421315;"Planalto Alegre";0;1;1;100;"Não";100;"NÃO ALCANÇOU"
"SC";421320;"Pomerode";22,2222222222222;1;9;11,1111111111111;"Sim";-11,1;"ALCANÇOU"
"SC";421330;"Ponte Alta";0;0;0;0;"Sim";0;"ALCANÇOU"
"SC";421335;"Ponte Alta do Norte";50;0;0;0;"Sim";-50;"ALCANÇOU"
"SC";421340;"Ponte Serrada";0;3;6;50;"Não";50;"NÃO ALCANÇOU"
"SC";421350;"Porto Belo";41,1764705882353;1;7;14,2857142857143;"Sim";-26,9;"ALCANÇOU"
"SC";421360;"Porto União";0;1;5;20;"Não";20;"NÃO ALCANÇOU"
"SC";421370;"Pouso Redondo";0;0;2;0;"Sim";0;"ALCANÇOU"
"SC";421380;"Praia Grande";100;0;2;0;"Sim";-100;"ALCANÇOU"
"SC";421390;"Presidente Castello Branco";0;0;0;0;"Sim";0;"ALCANÇOU"
"SC";421400;"Presidente Getúlio";0;0;2;0;"Sim";0;"ALCANÇOU"
"SC";421410;"Presidente Nereu";0;0;0;0;"Sim";0;"ALCANÇOU"
"SC";421415;"Princesa";0;0;0;0;"Sim";0;"ALCANÇOU"
"SC";421420;"Quilombo";0;0;2;0;"Sim";0;"ALCANÇOU"
"SC";421430;"Rancho Queimado";0;0;0;0;"Sim";0;"ALCANÇOU"
"SC";421440;"Rio das Antas";0;2;3;66,6666666666667;"Não";66,7;"NÃO ALCANÇOU"
"SC";421450;"Rio do Campo";33,3333333333333;0;0;0;"Sim";-33,3;"ALCANÇOU"
"SC";421460;"Rio do Oeste";0;0;0;0;"Sim";0;"ALCANÇOU"
"SC";421470;"Rio dos Cedros";0;0;1;0;"Sim";0;"ALCANÇOU"
"SC";421480;"Rio do Sul";13,1578947368421;5;22;22,7272727272727;"Não";9,6;"NÃO ALCANÇOU"
"SC";421490;"Rio Fortuna";0;0;0;0;"Sim";0;"ALCANÇOU"
"SC";421500;"Rio Negrinho";28,5714285714286;4;8;50;"Não";21,4;"NÃO ALCANÇOU"
"SC";421505;"Rio Rufino";0;0;1;0;"Sim";0;"ALCANÇOU"
"SC";421507;"Riqueza";0;1;3;33,3333333333333;"Não";33,3;"NÃO ALCANÇOU"
"SC";421510;"Rodeio";0;0;0;0;"Sim";0;"ALCANÇOU"
"SC";421520;"Romelândia";0;0;0;0;"Sim";0;"ALCANÇOU"
"SC";421530;"Salete";100;0;0;0;"Sim";-100;"ALCANÇOU"
"SC";421535;"Saltinho";0;0;0;0;"Sim";0;"ALCANÇOU"
"SC";421540;"Salto Veloso";0;0;0;0;"Sim";0;"ALCANÇOU"
"SC";421545;"Sangão";25;2;2;100;"Não";75;"NÃO ALCANÇOU"
"SC";421550;"Santa Cecília";16,6666666666667;1;12;8,33333333333333;"Sim";-8,3;"ALCANÇOU"
"SC";421555;"Santa Helena";0;0;0;0;"Sim";0;"ALCANÇOU"
"SC";421560;"Santa Rosa de Lima";0;0;0;0;"Sim";0;"ALCANÇOU"
"SC";421565;"Santa Rosa do Sul";0;1;2;50;"Não";50;"NÃO ALCANÇOU"
"SC";421567;"Santa Terezinha";0;1;2;50;"Não";50;"NÃO ALCANÇOU"
"SC";421568;"Santa Terezinha do Progresso";0;0;0;0;"Sim";0;"ALCANÇOU"
"SC";421569;"Santiago do Sul";0;0;0;0;"Sim";0;"ALCANÇOU"
"SC";421570;"Santo Amaro da Imperatriz";20;1;9;11,1111111111111;"Sim";-8,9;"ALCANÇOU"
"SC";421575;"São Bernardino";0;0;1;0;"Sim";0;"ALCANÇOU"
"SC";421580;"São Bento do Sul";18,1818181818182;5;11;45,4545454545454;"Não";27,3;"NÃO ALCANÇOU"
"SC";421590;"São Bonifácio";0;0;0;0;"Sim";0;"ALCANÇOU"
"SC";421600;"São Carlos";0;0;0;0;"Sim";0;"ALCANÇOU"
"SC";421605;"São Cristovão do Sul";0;2;4;50;"Não";50;"NÃO ALCANÇOU"
"SC";421610;"São Domingos";0;0;0;0;"Sim";0;"ALCANÇOU"
"SC";421620;"São Francisco do Sul";25;4;18;22,2222222222222;"Sim";-2,8;"ALCANÇOU"
"SC";421625;"São João do Oeste";0;0;0;0;"Sim";0;"ALCANÇOU"
"SC";421630;"São João Batista";30,7692307692308;3;17;17,6470588235294;"Sim";-13,1;"ALCANÇOU"
"SC";421635;"São João do Itaperiú";0;0;0;0;"Sim";0;"ALCANÇOU"
"SC";421640;"São João do Sul";0;0;1;0;"Sim";0;"ALCANÇOU"
"SC";421650;"São Joaquim";50;1;7;14,2857142857143;"Sim";-35,7;"ALCANÇOU"
"SC";421660;"São José";19,8795180722892;35;157;22,2929936305732;"Não";2,4;"NÃO ALCANÇOU"
"SC";421670;"São José do Cedro";0;1;3;33,3333333333333;"Não";33,3;"NÃO ALCANÇOU"
"SC";421680;"São José do Cerrito";0;0;0;0;"Sim";0;"ALCANÇOU"
"SC";421690;"São Lourenço do Oeste";50;0;2;0;"Sim";-50;"ALCANÇOU"
"SC";421700;"São Ludgero";0;0;2;0;"Sim";0;"ALCANÇOU"
"SC";421710;"São Martinho";0;0;1;0;"Sim";0;"ALCANÇOU"
"SC";421715;"São Miguel da Boa Vista";0;0;0;0;"Sim";0;"ALCANÇOU"
"SC";421720;"São Miguel do Oeste";12,5;1;8;12,5;"Não";0;"NÃO ALCANÇOU"
"SC";421725;"São Pedro de Alcântara";0;1;1;100;"Não";100;"NÃO ALCANÇOU"
"SC";421730;"Saudades";33,3333333333333;0;3;0;"Sim";-33,3;"ALCANÇOU"
"SC";421740;"Schroeder";0;0;1;0;"Sim";0;"ALCANÇOU"
"SC";421750;"Seara";27,2727272727273;1;4;25;"Sim";-2,3;"ALCANÇOU"
"SC";421755;"Serra Alta";0;0;0;0;"Sim";0;"ALCANÇOU"
"SC";421760;"Siderópolis";14,2857142857143;0;3;0;"Sim";-14,3;"ALCANÇOU"
"SC";421770;"Sombrio";11,1111111111111;1;10;10;"Sim";-1,1;"ALCANÇOU"
"SC";421775;"Sul Brasil";0;0;1;0;"Sim";0;"ALCANÇOU"
"SC";421780;"Taió";50;1;3;33,3333333333333;"Sim";-16,7;"ALCANÇOU"
"SC";421790;"Tangará";0;0;0;0;"Sim";0;"ALCANÇOU"
"SC";421795;"Tigrinhos";0;0;0;0;"Sim";0;"ALCANÇOU"
"SC";421800;"Tijucas";25;4;18;22,2222222222222;"Sim";-2,8;"ALCANÇOU"
"SC";421810;"Timbé do Sul";0;0;0;0;"Sim";0;"ALCANÇOU"
"SC";421820;"Timbó";7,69230769230769;4;8;50;"Não";42,3;"NÃO ALCANÇOU"
"SC";421825;"Timbó Grande";33,3333333333333;0;0;0;"Sim";-33,3;"ALCANÇOU"
"SC";421830;"Três Barras";20;0;2;0;"Sim";-20;"ALCANÇOU"
"SC";421835;"Treviso";0;0;1;0;"Sim";0;"ALCANÇOU"
"SC";421840;"Treze de Maio";0;0;2;0;"Sim";0;"ALCANÇOU"
"SC";421850;"Treze Tílias";0;0;2;0;"Sim";0;"ALCANÇOU"
"SC";421860;"Trombudo Central";33,3333333333333;2;2;100;"Não";66,7;"NÃO ALCANÇOU"
"SC";421870;"Tubarão";28,2608695652174;8;33;24,2424242424242;"Sim";-4;"ALCANÇOU"
"SC";421875;"Tunápolis";0;0;1;0;"Sim";0;"ALCANÇOU"
"SC";421880;"Turvo";0;1;2;50;"Não";50;"NÃO ALCANÇOU"
"SC";421885;"União do Oeste";0;0;0;0;"Sim";0;"ALCANÇOU"
"SC";421890;"Urubici";66,6666666666667;1;2;50;"Sim";-16,7;"ALCANÇOU"
"SC";421895;"Urupema";0;0;0;0;"Sim";0;"ALCANÇOU"
"SC";421900;"Urussanga";60;1;4;25;"Sim";-35;"ALCANÇOU"
"SC";421910;"Vargeão";66,6666666666667;0;0;0;"Sim";-66,7;"ALCANÇOU"
"SC";421915;"Vargem";0;0;0;0;"Sim";0;"ALCANÇOU"
"SC";421917;"Vargem Bonita";0;0;0;0;"Sim";0;"ALCANÇOU"
"SC";421920;"Vidal Ramos";0;0;1;0;"Sim";0;"ALCANÇOU"
"SC";421930;"Videira";46,6666666666667;5;20;25;"Sim";-21,7;"ALCANÇOU"
"SC";421935;"Vitor Meireles";0;0;0;0;"Sim";0;"ALCANÇOU"
"SC";421940;"Witmarsum";0;0;0;0;"Sim";0;"ALCANÇOU"
"SC";421950;"Xanxerê";21,0526315789474;3;18;16,6666666666667;"Sim";-4,4;"ALCANÇOU"
"SC";421960;"Xavantina";0;0;0;0;"Sim";0;"ALCANÇOU"
"SC";421970;"Xaxim";33,3333333333333;3;6;50;"Não";16,7;"NÃO ALCANÇOU"
"SC";421985;"Zortéa";100;0;1;0;"Sim";-100;"ALCANÇOU"
"SC";422000;"Balneário Rincão";100;1;7;14,2857142857143;"Sim";-85,7;"ALCANÇOU"
"RS";430003;"Aceguá";0;1;2;50;"Não";50;"NÃO ALCANÇOU"
"RS";430005;"Água Santa";0;0;0;0;"Sim";0;"ALCANÇOU"
"RS";430010;"Agudo";0;0;0;0;"Sim";0;"ALCANÇOU"
"RS";430020;"Ajuricaba";0;0;2;0;"Sim";0;"ALCANÇOU"
"RS";430030;"Alecrim";0;0;1;0;"Sim";0;"ALCANÇOU"
"RS";430040;"Alegrete";30,7692307692308;3;14;21,4285714285714;"Sim";-9,3;"ALCANÇOU"
"RS";430045;"Alegria";0;0;0;0;"Sim";0;"ALCANÇOU"
"RS";430047;"Almirante Tamandaré do Sul";0;0;0;0;"Sim";0;"ALCANÇOU"
"RS";430050;"Alpestre";0;0;2;0;"Sim";0;"ALCANÇOU"
"RS";430055;"Alto Alegre";0;0;0;0;"Sim";0;"ALCANÇOU"
"RS";430057;"Alto Feliz";0;0;0;0;"Sim";0;"ALCANÇOU"
"RS";430060;"Alvorada";32,6315789473684;20;98;20,4081632653061;"Sim";-12,2;"ALCANÇOU"
"RS";430063;"Amaral Ferrador";0;0;0;0;"Sim";0;"ALCANÇOU"
"RS";430064;"Ametista do Sul";0;0;0;0;"Sim";0;"ALCANÇOU"
"RS";430066;"André da Rocha";0;0;0;0;"Sim";0;"ALCANÇOU"
"RS";430070;"Anta Gorda";0;0;1;0;"Sim";0;"ALCANÇOU"
"RS";430080;"Antônio Prado";0;0;1;0;"Sim";0;"ALCANÇOU"
"RS";430085;"Arambaré";0;0;1;0;"Sim";0;"ALCANÇOU"
"RS";430087;"Araricá";0;0;2;0;"Sim";0;"ALCANÇOU"
"RS";430090;"Aratiba";0;0;0;0;"Sim";0;"ALCANÇOU"
"RS";430100;"Arroio do Meio";33,3333333333333;1;6;16,6666666666667;"Sim";-16,7;"ALCANÇOU"
"RS";430105;"Arroio do Sal";0;1;5;20;"Não";20;"NÃO ALCANÇOU"
"RS";430107;"Arroio do Padre";0;0;0;0;"Sim";0;"ALCANÇOU"
"RS";430110;"Arroio dos Ratos";20;2;4;50;"Não";30;"NÃO ALCANÇOU"
"RS";430120;"Arroio do Tigre";0;0;0;0;"Sim";0;"ALCANÇOU"
"RS";430130;"Arroio Grande";40;5;8;62,5;"Não";22,5;"NÃO ALCANÇOU"
"RS";430140;"Arvorezinha";100;0;1;0;"Sim";-100;"ALCANÇOU"
"RS";430150;"Augusto Pestana";0;0;2;0;"Sim";0;"ALCANÇOU"
"RS";430155;"Áurea";0;0;1;0;"Sim";0;"ALCANÇOU"
"RS";430160;"Bagé";26,6666666666667;8;25;32;"Não";5,3;"NÃO ALCANÇOU"
"RS";430163;"Balneário Pinhal";33,3333333333333;1;4;25;"Sim";-8,3;"ALCANÇOU"
"RS";430165;"Barão";0;0;1;0;"Sim";0;"ALCANÇOU"
"RS";430170;"Barão de Cotegipe";0;0;0;0;"Sim";0;"ALCANÇOU"
"RS";430175;"Barão do Triunfo";100;0;0;0;"Sim";-100;"ALCANÇOU"
"RS";430180;"Barracão";0;0;0;0;"Sim";0;"ALCANÇOU"
"RS";430185;"Barra do Guarita";0;0;0;0;"Sim";0;"ALCANÇOU"
"RS";430187;"Barra do Quaraí";0;0;1;0;"Sim";0;"ALCANÇOU"
"RS";430190;"Barra do Ribeiro";40;0;4;0;"Sim";-40;"ALCANÇOU"
"RS";430192;"Barra do Rio Azul";0;0;0;0;"Sim";0;"ALCANÇOU"
"RS";430195;"Barra Funda";0;0;0;0;"Sim";0;"ALCANÇOU"
"RS";430200;"Barros Cassal";0;0;1;0;"Sim";0;"ALCANÇOU"
"RS";430205;"Benjamin Constant do Sul";0;0;1;0;"Sim";0;"ALCANÇOU"
"RS";430210;"Bento Gonçalves";18,5185185185185;6;22;27,2727272727273;"Não";8,8;"NÃO ALCANÇOU"
"RS";430215;"Boa Vista das Missões";0;0;1;0;"Sim";0;"ALCANÇOU"
"RS";430220;"Boa Vista do Buricá";0;0;2;0;"Sim";0;"ALCANÇOU"
"RS";430222;"Boa Vista do Cadeado";0;0;0;0;"Sim";0;"ALCANÇOU"
"RS";430223;"Boa Vista do Incra";0;0;0;0;"Sim";0;"ALCANÇOU"
"RS";430225;"Boa Vista do Sul";0;0;0;0;"Sim";0;"ALCANÇOU"
"RS";430230;"Bom Jesus";50;0;0;0;"Sim";-50;"ALCANÇOU"
"RS";430235;"Bom Princípio";28,5714285714286;0;2;0;"Sim";-28,6;"ALCANÇOU"
"RS";430237;"Bom Progresso";0;0;0;0;"Sim";0;"ALCANÇOU"
"RS";430240;"Bom Retiro do Sul";0;0;0;0;"Sim";0;"ALCANÇOU"
"RS";430245;"Boqueirão do Leão";0;0;1;0;"Sim";0;"ALCANÇOU"
"RS";430250;"Bossoroca";0;0;0;0;"Sim";0;"ALCANÇOU"
"RS";430258;"Bozano";0;0;0;0;"Sim";0;"ALCANÇOU"
"RS";430260;"Braga";0;0;0;0;"Sim";0;"ALCANÇOU"
"RS";430265;"Brochier";0;0;1;0;"Sim";0;"ALCANÇOU"
"RS";430270;"Butiá";33,3333333333333;1;4;25;"Sim";-8,3;"ALCANÇOU"
"RS";430280;"Caçapava do Sul";0;0;4;0;"Sim";0;"ALCANÇOU"
"RS";430290;"Cacequi";0;4;6;66,6666666666667;"Não";66,7;"NÃO ALCANÇOU"
"RS";430300;"Cachoeira do Sul";16,1290322580645;6;16;37,5;"Não";21,4;"NÃO ALCANÇOU"
"RS";430310;"Cachoeirinha";23,6363636363636;25;78;32,0512820512821;"Não";8,4;"NÃO ALCANÇOU"
"RS";430320;"Cacique Doble";0;0;0;0;"Sim";0;"ALCANÇOU"
"RS";430330;"Caibaté";0;0;0;0;"Sim";0;"ALCANÇOU"
"RS";430340;"Caiçara";0;0;0;0;"Sim";0;"ALCANÇOU"
"RS";430350;"Camaquã";40,9090909090909;4;20;20;"Sim";-20,9;"ALCANÇOU"
"RS";430355;"Camargo";0;0;1;0;"Sim";0;"ALCANÇOU"
"RS";430360;"Cambará do Sul";0;0;2;0;"Sim";0;"ALCANÇOU"
"RS";430367;"Campestre da Serra";0;1;1;100;"Não";100;"NÃO ALCANÇOU"
"RS";430370;"Campina das Missões";0;0;2;0;"Sim";0;"ALCANÇOU"
"RS";430380;"Campinas do Sul";0;0;0;0;"Sim";0;"ALCANÇOU"
"RS";430390;"Campo Bom";15,7894736842105;2;10;20;"Não";4,2;"NÃO ALCANÇOU"
"RS";430400;"Campo Novo";0;0;0;0;"Sim";0;"ALCANÇOU"
"RS";430410;"Campos Borges";0;0;0;0;"Sim";0;"ALCANÇOU"
"RS";430420;"Candelária";20;2;10;20;"Não";0;"NÃO ALCANÇOU"
"RS";430430;"Cândido Godói";0;0;2;0;"Sim";0;"ALCANÇOU"
"RS";430435;"Candiota";100;3;3;100;"Não";0;"NÃO ALCANÇOU"
"RS";430440;"Canela";25;6;17;35,2941176470588;"Não";10,3;"NÃO ALCANÇOU"
"RS";430450;"Canguçu";37,5;1;3;33,3333333333333;"Sim";-4,2;"ALCANÇOU"
"RS";430460;"Canoas";22,8571428571429;27;170;15,8823529411765;"Sim";-7;"ALCANÇOU"
"RS";430461;"Canudos do Vale";0;0;0;0;"Sim";0;"ALCANÇOU"
"RS";430462;"Capão Bonito do Sul";0;0;0;0;"Sim";0;"ALCANÇOU"
"RS";430463;"Capão da Canoa";31,25;6;23;26,0869565217391;"Sim";-5,2;"ALCANÇOU"
"RS";430465;"Capão do Cipó";0;0;0;0;"Sim";0;"ALCANÇOU"
"RS";430466;"Capão do Leão";57,1428571428571;2;5;40;"Sim";-17,1;"ALCANÇOU"
"RS";430467;"Capivari do Sul";100;0;0;0;"Sim";-100;"ALCANÇOU"
"RS";430468;"Capela de Santana";0;2;2;100;"Não";100;"NÃO ALCANÇOU"
"RS";430469;"Capitão";0;0;1;0;"Sim";0;"ALCANÇOU"
"RS";430470;"Carazinho";31,0344827586207;6;16;37,5;"Não";6,5;"NÃO ALCANÇOU"
"RS";430471;"Caraá";0;0;2;0;"Sim";0;"ALCANÇOU"
"RS";430480;"Carlos Barbosa";25;1;2;50;"Não";25;"NÃO ALCANÇOU"
"RS";430485;"Carlos Gomes";0;0;0;0;"Sim";0;"ALCANÇOU"
"RS";430490;"Casca";0;0;3;0;"Sim";0;"ALCANÇOU"
"RS";430495;"Caseiros";0;0;0;0;"Sim";0;"ALCANÇOU"
"RS";430500;"Catuípe";0;0;4;0;"Sim";0;"ALCANÇOU"
"RS";430510;"Caxias do Sul";19,7604790419162;30;158;18,9873417721519;"Não";-0,77;"NÃO ALCANÇOU"
"RS";430511;"Centenário";0;0;0;0;"Sim";0;"ALCANÇOU"
"RS";430512;"Cerrito";100;0;0;0;"Sim";-100;"ALCANÇOU"
"RS";430513;"Cerro Branco";0;0;0;0;"Sim";0;"ALCANÇOU"
"RS";430515;"Cerro Grande";33,3333333333333;0;0;0;"Sim";-33,3;"ALCANÇOU"
"RS";430517;"Cerro Grande do Sul";0;0;1;0;"Sim";0;"ALCANÇOU"
"RS";430520;"Cerro Largo";0;0;4;0;"Sim";0;"ALCANÇOU"
"RS";430530;"Chapada";0;0;2;0;"Sim";0;"ALCANÇOU"
"RS";430535;"Charqueadas";10,8108108108108;7;34;20,5882352941176;"Não";9,8;"NÃO ALCANÇOU"
"RS";430537;"Charrua";0;0;0;0;"Sim";0;"ALCANÇOU"
"RS";430540;"Chiapetta";0;0;0;0;"Sim";0;"ALCANÇOU"
"RS";430543;"Chuí";0;0;1;0;"Sim";0;"ALCANÇOU"
"RS";430544;"Chuvisca";0;0;0;0;"Sim";0;"ALCANÇOU"
"RS";430545;"Cidreira";0;3;7;42,8571428571428;"Não";42,9;"NÃO ALCANÇOU"
"RS";430550;"Ciríaco";0;0;1;0;"Sim";0;"ALCANÇOU"
"RS";430558;"Colinas";0;0;1;0;"Sim";0;"ALCANÇOU"
"RS";430560;"Colorado";0;0;0;0;"Sim";0;"ALCANÇOU"
"RS";430570;"Condor";0;0;0;0;"Sim";0;"ALCANÇOU"
"RS";430580;"Constantina";0;0;0;0;"Sim";0;"ALCANÇOU"
"RS";430583;"Coqueiro Baixo";0;0;0;0;"Sim";0;"ALCANÇOU"
"RS";430585;"Coqueiros do Sul";0;0;0;0;"Sim";0;"ALCANÇOU"
"RS";430587;"Coronel Barros";0;1;1;100;"Não";100;"NÃO ALCANÇOU"
"RS";430590;"Coronel Bicaco";0;0;0;0;"Sim";0;"ALCANÇOU"
"RS";430593;"Coronel Pilar";0;0;0;0;"Sim";0;"ALCANÇOU"
"RS";430595;"Cotiporã";0;0;0;0;"Sim";0;"ALCANÇOU"
"RS";430597;"Coxilha";0;0;0;0;"Sim";0;"ALCANÇOU"
"RS";430600;"Crissiumal";100;1;1;100;"Não";0;"NÃO ALCANÇOU"
"RS";430605;"Cristal";0;0;1;0;"Sim";0;"ALCANÇOU"
"RS";430607;"Cristal do Sul";0;0;0;0;"Sim";0;"ALCANÇOU"
"RS";430610;"Cruz Alta";31,8181818181818;12;27;44,4444444444444;"Não";12,6;"NÃO ALCANÇOU"
"RS";430613;"Cruzaltense";0;0;0;0;"Sim";0;"ALCANÇOU"
"RS";430620;"Cruzeiro do Sul";100;0;2;0;"Sim";-100;"ALCANÇOU"
"RS";430630;"David Canabarro";0;0;0;0;"Sim";0;"ALCANÇOU"
"RS";430632;"Derrubadas";0;0;0;0;"Sim";0;"ALCANÇOU"
"RS";430635;"Dezesseis de Novembro";0;1;1;100;"Não";100;"NÃO ALCANÇOU"
"RS";430637;"Dilermando de Aguiar";0;0;1;0;"Sim";0;"ALCANÇOU"
"RS";430640;"Dois Irmãos";0;0;6;0;"Sim";0;"ALCANÇOU"
"RS";430642;"Dois Irmãos das Missões";0;0;0;0;"Sim";0;"ALCANÇOU"
"RS";430645;"Dois Lajeados";0;0;0;0;"Sim";0;"ALCANÇOU"
"RS";430650;"Dom Feliciano";33,3333333333333;0;1;0;"Sim";-33,3;"ALCANÇOU"
"RS";430655;"Dom Pedro de Alcântara";0;0;0;0;"Sim";0;"ALCANÇOU"
"RS";430660;"Dom Pedrito";57,1428571428571;6;10;60;"Não";2,9;"NÃO ALCANÇOU"
"RS";430670;"Dona Francisca";0;0;0;0;"Sim";0;"ALCANÇOU"
"RS";430673;"Doutor Maurício Cardoso";0;0;0;0;"Sim";0;"ALCANÇOU"
"RS";430675;"Doutor Ricardo";0;0;0;0;"Sim";0;"ALCANÇOU"
"RS";430676;"Eldorado do Sul";9,09090909090909;2;10;20;"Não";10,9;"NÃO ALCANÇOU"
"RS";430680;"Encantado";0;1;1;100;"Não";100;"NÃO ALCANÇOU"
"RS";430690;"Encruzilhada do Sul";40;2;2;100;"Não";60;"NÃO ALCANÇOU"
"RS";430692;"Engenho Velho";0;0;0;0;"Sim";0;"ALCANÇOU"
"RS";430693;"Entre-Ijuís";0;0;1;0;"Sim";0;"ALCANÇOU"
"RS";430695;"Entre Rios do Sul";0;0;1;0;"Sim";0;"ALCANÇOU"
"RS";430697;"Erebango";0;0;0;0;"Sim";0;"ALCANÇOU"
"RS";430700;"Erechim";10;5;36;13,8888888888889;"Não";3,9;"NÃO ALCANÇOU"
"RS";430705;"Ernestina";0;0;0;0;"Sim";0;"ALCANÇOU"
"RS";430710;"Herval";0;0;0;0;"Sim";0;"ALCANÇOU"
"RS";430720;"Erval Grande";0;0;0;0;"Sim";0;"ALCANÇOU"
"RS";430730;"Erval Seco";0;0;0;0;"Sim";0;"ALCANÇOU"
"RS";430740;"Esmeralda";0;0;0;0;"Sim";0;"ALCANÇOU"
"RS";430745;"Esperança do Sul";0;0;0;0;"Sim";0;"ALCANÇOU"
"RS";430750;"Espumoso";0;1;4;25;"Não";25;"NÃO ALCANÇOU"
"RS";430755;"Estação";0;0;0;0;"Sim";0;"ALCANÇOU"
"RS";430760;"Estância Velha";25;2;12;16,6666666666667;"Sim";-8,3;"ALCANÇOU"
"RS";430770;"Esteio";16,6666666666667;10;31;32,258064516129;"Não";15,6;"NÃO ALCANÇOU"
"RS";430780;"Estrela";11,1111111111111;2;9;22,2222222222222;"Não";11,1;"NÃO ALCANÇOU"
"RS";430781;"Estrela Velha";0;0;1;0;"Sim";0;"ALCANÇOU"
"RS";430783;"Eugênio de Castro";0;0;0;0;"Sim";0;"ALCANÇOU"
"RS";430786;"Fagundes Varela";0;0;1;0;"Sim";0;"ALCANÇOU"
"RS";430790;"Farroupilha";13,0434782608696;6;20;30;"Não";17;"NÃO ALCANÇOU"
"RS";430800;"Faxinal do Soturno";0;1;3;33,3333333333333;"Não";33,3;"NÃO ALCANÇOU"
"RS";430805;"Faxinalzinho";0;0;0;0;"Sim";0;"ALCANÇOU"
"RS";430807;"Fazenda Vilanova";0;0;0;0;"Sim";0;"ALCANÇOU"
"RS";430810;"Feliz";0;0;1;0;"Sim";0;"ALCANÇOU"
"RS";430820;"Flores da Cunha";0;2;8;25;"Não";25;"NÃO ALCANÇOU"
"RS";430825;"Floriano Peixoto";0;0;0;0;"Sim";0;"ALCANÇOU"
"RS";430830;"Fontoura Xavier";0;0;0;0;"Sim";0;"ALCANÇOU"
"RS";430840;"Formigueiro";0;0;0;0;"Sim";0;"ALCANÇOU"
"RS";430843;"Forquetinha";0;0;0;0;"Sim";0;"ALCANÇOU"
"RS";430845;"Fortaleza dos Valos";0;0;1;0;"Sim";0;"ALCANÇOU"
"RS";430850;"Frederico Westphalen";44,4444444444444;1;5;20;"Sim";-24,4;"ALCANÇOU"
"RS";430860;"Garibaldi";20;1;6;16,6666666666667;"Sim";-3,3;"ALCANÇOU"
"RS";430865;"Garruchos";0;0;0;0;"Sim";0;"ALCANÇOU"
"RS";430870;"Gaurama";0;0;0;0;"Sim";0;"ALCANÇOU"
"RS";430880;"General Câmara";0;1;1;100;"Não";100;"NÃO ALCANÇOU"
"RS";430885;"Gentil";0;0;0;0;"Sim";0;"ALCANÇOU"
"RS";430890;"Getúlio Vargas";0;0;0;0;"Sim";0;"ALCANÇOU"
"RS";430900;"Giruá";0;1;3;33,3333333333333;"Não";33,3;"NÃO ALCANÇOU"
"RS";430905;"Glorinha";0;1;2;50;"Não";50;"NÃO ALCANÇOU"
"RS";430910;"Gramado";25;4;18;22,2222222222222;"Sim";-2,8;"ALCANÇOU"
"RS";430912;"Gramado dos Loureiros";0;0;1;0;"Sim";0;"ALCANÇOU"
"RS";430915;"Gramado Xavier";0;0;2;0;"Sim";0;"ALCANÇOU"
"RS";430920;"Gravataí";26,4367816091954;22;95;23,1578947368421;"Sim";-3,3;"ALCANÇOU"
"RS";430925;"Guabiju";0;0;0;0;"Sim";0;"ALCANÇOU"
"RS";430930;"Guaíba";26,530612244898;11;37;29,7297297297297;"Não";3,2;"NÃO ALCANÇOU"
"RS";430940;"Guaporé";0;0;4;0;"Sim";0;"ALCANÇOU"
"RS";430950;"Guarani das Missões";0;0;0;0;"Sim";0;"ALCANÇOU"
"RS";430955;"Harmonia";0;0;1;0;"Sim";0;"ALCANÇOU"
"RS";430957;"Herveiras";0;0;1;0;"Sim";0;"ALCANÇOU"
"RS";430960;"Horizontina";0;0;2;0;"Sim";0;"ALCANÇOU"
"RS";430965;"Hulha Negra";0;0;0;0;"Sim";0;"ALCANÇOU"
"RS";430970;"Humaitá";0;0;0;0;"Sim";0;"ALCANÇOU"
"RS";430975;"Ibarama";0;0;0;0;"Sim";0;"ALCANÇOU"
"RS";430980;"Ibiaçá";0;0;0;0;"Sim";0;"ALCANÇOU"
"RS";430990;"Ibiraiaras";0;0;1;0;"Sim";0;"ALCANÇOU"
"RS";430995;"Ibirapuitã";0;0;0;0;"Sim";0;"ALCANÇOU"
"RS";431000;"Ibirubá";37,5;0;8;0;"Sim";-37,5;"ALCANÇOU"
"RS";431010;"Igrejinha";20;1;6;16,6666666666667;"Sim";-3,3;"ALCANÇOU"
"RS";431020;"Ijuí";18,5185185185185;6;21;28,5714285714286;"Não";10,1;"NÃO ALCANÇOU"
"RS";431030;"Ilópolis";0;0;0;0;"Sim";0;"ALCANÇOU"
"RS";431033;"Imbé";42,1052631578947;3;15;20;"Sim";-22,1;"ALCANÇOU"
"RS";431036;"Imigrante";0;1;1;100;"Não";100;"NÃO ALCANÇOU"
"RS";431040;"Independência";0;1;3;33,3333333333333;"Não";33,3;"NÃO ALCANÇOU"
"RS";431041;"Inhacorá";0;0;0;0;"Sim";0;"ALCANÇOU"
"RS";431043;"Ipê";100;1;1;100;"Não";0;"NÃO ALCANÇOU"
"RS";431046;"Ipiranga do Sul";0;1;1;100;"Não";100;"NÃO ALCANÇOU"
"RS";431050;"Iraí";0;0;1;0;"Sim";0;"ALCANÇOU"
"RS";431053;"Itaara";0;0;1;0;"Sim";0;"ALCANÇOU"
"RS";431055;"Itacurubi";0;0;0;0;"Sim";0;"ALCANÇOU"
"RS";431057;"Itapuca";0;0;0;0;"Sim";0;"ALCANÇOU"
"RS";431060;"Itaqui";33,3333333333333;0;5;0;"Sim";-33,3;"ALCANÇOU"
"RS";431065;"Itati";0;0;0;0;"Sim";0;"ALCANÇOU"
"RS";431070;"Itatiba do Sul";0;0;0;0;"Sim";0;"ALCANÇOU"
"RS";431075;"Ivorá";0;0;0;0;"Sim";0;"ALCANÇOU"
"RS";431080;"Ivoti";0;0;4;0;"Sim";0;"ALCANÇOU"
"RS";431085;"Jaboticaba";100;0;0;0;"Sim";-100;"ALCANÇOU"
"RS";431087;"Jacuizinho";0;0;0;0;"Sim";0;"ALCANÇOU"
"RS";431090;"Jacutinga";0;0;0;0;"Sim";0;"ALCANÇOU"
"RS";431100;"Jaguarão";0;3;7;42,8571428571428;"Não";42,9;"NÃO ALCANÇOU"
"RS";431110;"Jaguari";0;2;5;40;"Não";40;"NÃO ALCANÇOU"
"RS";431112;"Jaquirana";0;1;2;50;"Não";50;"NÃO ALCANÇOU"
"RS";431113;"Jari";0;0;0;0;"Sim";0;"ALCANÇOU"
"RS";431115;"Jóia";0;0;1;0;"Sim";0;"ALCANÇOU"
"RS";431120;"Júlio de Castilhos";25;0;2;0;"Sim";-25;"ALCANÇOU"
"RS";431123;"Lagoa Bonita do Sul";0;0;0;0;"Sim";0;"ALCANÇOU"
"RS";431125;"Lagoão";0;0;0;0;"Sim";0;"ALCANÇOU"
"RS";431127;"Lagoa dos Três Cantos";0;0;0;0;"Sim";0;"ALCANÇOU"
"RS";431130;"Lagoa Vermelha";57,1428571428571;3;6;50;"Sim";-7,1;"ALCANÇOU"
"RS";431140;"Lajeado";16,6666666666667;9;34;26,4705882352941;"Não";9,8;"NÃO ALCANÇOU"
"RS";431142;"Lajeado do Bugre";0;0;0;0;"Sim";0;"ALCANÇOU"
"RS";431150;"Lavras do Sul";0;0;1;0;"Sim";0;"ALCANÇOU"
"RS";431160;"Liberato Salzano";0;0;0;0;"Sim";0;"ALCANÇOU"
"RS";431162;"Lindolfo Collor";0;1;3;33,3333333333333;"Não";33,3;"NÃO ALCANÇOU"
"RS";431164;"Linha Nova";50;0;0;0;"Sim";-50;"ALCANÇOU"
"RS";431170;"Machadinho";0;0;0;0;"Sim";0;"ALCANÇOU"
"RS";431171;"Maçambará";66,6666666666667;0;0;0;"Sim";-66,7;"ALCANÇOU"
"RS";431173;"Mampituba";0;0;1;0;"Sim";0;"ALCANÇOU"
"RS";431175;"Manoel Viana";0;0;0;0;"Sim";0;"ALCANÇOU"
"RS";431177;"Maquiné";0;0;0;0;"Sim";0;"ALCANÇOU"
"RS";431179;"Maratá";0;0;0;0;"Sim";0;"ALCANÇOU"
"RS";431180;"Marau";18,1818181818182;2;14;14,2857142857143;"Sim";-3,9;"ALCANÇOU"
"RS";431190;"Marcelino Ramos";0;0;0;0;"Sim";0;"ALCANÇOU"
"RS";431198;"Mariana Pimentel";100;0;1;0;"Sim";-100;"ALCANÇOU"
"RS";431200;"Mariano Moro";0;0;0;0;"Sim";0;"ALCANÇOU"
"RS";431205;"Marques de Souza";0;0;0;0;"Sim";0;"ALCANÇOU"
"RS";431210;"Mata";100;0;0;0;"Sim";-100;"ALCANÇOU"
"RS";431213;"Mato Castelhano";0;0;0;0;"Sim";0;"ALCANÇOU"
"RS";431215;"Mato Leitão";0;0;1;0;"Sim";0;"ALCANÇOU"
"RS";431217;"Mato Queimado";0;0;0;0;"Sim";0;"ALCANÇOU"
"RS";431220;"Maximiliano de Almeida";0;0;0;0;"Sim";0;"ALCANÇOU"
"RS";431225;"Minas do Leão";0;0;1;0;"Sim";0;"ALCANÇOU"
"RS";431230;"Miraguaí";100;0;2;0;"Sim";-100;"ALCANÇOU"
"RS";431235;"Montauri";0;0;0;0;"Sim";0;"ALCANÇOU"
"RS";431237;"Monte Alegre dos Campos";0;0;0;0;"Sim";0;"ALCANÇOU"
"RS";431238;"Monte Belo do Sul";100;0;0;0;"Sim";-100;"ALCANÇOU"
"RS";431240;"Montenegro";10;5;30;16,6666666666667;"Não";6,7;"NÃO ALCANÇOU"
"RS";431242;"Mormaço";0;0;1;0;"Sim";0;"ALCANÇOU"
"RS";431244;"Morrinhos do Sul";0;0;0;0;"Sim";0;"ALCANÇOU"
"RS";431245;"Morro Redondo";0;1;1;100;"Não";100;"NÃO ALCANÇOU"
"RS";431247;"Morro Reuter";100;0;1;0;"Sim";-100;"ALCANÇOU"
"RS";431250;"Mostardas";100;0;2;0;"Sim";-100;"ALCANÇOU"
"RS";431260;"Muçum";0;0;1;0;"Sim";0;"ALCANÇOU"
"RS";431261;"Muitos Capões";0;0;0;0;"Sim";0;"ALCANÇOU"
"RS";431262;"Muliterno";0;0;0;0;"Sim";0;"ALCANÇOU"
"RS";431265;"Não-Me-Toque";0;1;5;20;"Não";20;"NÃO ALCANÇOU"
"RS";431267;"Nicolau Vergueiro";0;0;0;0;"Sim";0;"ALCANÇOU"
"RS";431270;"Nonoai";0;0;2;0;"Sim";0;"ALCANÇOU"
"RS";431275;"Nova Alvorada";0;0;0;0;"Sim";0;"ALCANÇOU"
"RS";431280;"Nova Araçá";0;0;0;0;"Sim";0;"ALCANÇOU"
"RS";431290;"Nova Bassano";0;0;1;0;"Sim";0;"ALCANÇOU"
"RS";431295;"Nova Boa Vista";100;0;0;0;"Sim";-100;"ALCANÇOU"
"RS";431300;"Nova Bréscia";0;0;0;0;"Sim";0;"ALCANÇOU"
"RS";431301;"Nova Candelária";0;0;0;0;"Sim";0;"ALCANÇOU"
"RS";431303;"Nova Esperança do Sul";0;0;0;0;"Sim";0;"ALCANÇOU"
"RS";431306;"Nova Hartz";16,6666666666667;4;9;44,4444444444444;"Não";27,8;"NÃO ALCANÇOU"
"RS";431308;"Nova Pádua";0;0;0;0;"Sim";0;"ALCANÇOU"
"RS";431310;"Nova Palma";0;0;0;0;"Sim";0;"ALCANÇOU"
"RS";431320;"Nova Petrópolis";0;0;4;0;"Sim";0;"ALCANÇOU"
"RS";431330;"Nova Prata";33,3333333333333;1;4;25;"Sim";-8,3;"ALCANÇOU"
"RS";431333;"Nova Ramada";0;0;0;0;"Sim";0;"ALCANÇOU"
"RS";431335;"Nova Roma do Sul";0;0;0;0;"Sim";0;"ALCANÇOU"
"RS";431337;"Nova Santa Rita";38,4615384615385;2;5;40;"Não";1,5;"NÃO ALCANÇOU"
"RS";431339;"Novo Cabrais";0;0;0;0;"Sim";0;"ALCANÇOU"
"RS";431340;"Novo Hamburgo";34,9397590361446;19;67;28,3582089552239;"Sim";-6,6;"ALCANÇOU"
"RS";431342;"Novo Machado";0;0;0;0;"Sim";0;"ALCANÇOU"
"RS";431344;"Novo Tiradentes";0;0;0;0;"Sim";0;"ALCANÇOU"
"RS";431346;"Novo Xingu";0;0;0;0;"Sim";0;"ALCANÇOU"
"RS";431349;"Novo Barreiro";0;1;1;100;"Não";100;"NÃO ALCANÇOU"
"RS";431350;"Osório";9,52380952380952;6;20;30;"Não";20,5;"NÃO ALCANÇOU"
"RS";431360;"Paim Filho";0;0;0;0;"Sim";0;"ALCANÇOU"
"RS";431365;"Palmares do Sul";50;3;4;75;"Não";25;"NÃO ALCANÇOU"
"RS";431370;"Palmeira das Missões";14,2857142857143;1;8;12,5;"Sim";-1,8;"ALCANÇOU"
"RS";431380;"Palmitinho";0;0;2;0;"Sim";0;"ALCANÇOU"
"RS";431390;"Panambi";27,2727272727273;3;8;37,5;"Não";10,2;"NÃO ALCANÇOU"
"RS";431395;"Pantano Grande";33,3333333333333;0;1;0;"Sim";-33,3;"ALCANÇOU"
"RS";431400;"Paraí";0;1;1;100;"Não";100;"NÃO ALCANÇOU"
"RS";431402;"Paraíso do Sul";0;2;4;50;"Não";50;"NÃO ALCANÇOU"
"RS";431403;"Pareci Novo";0;0;0;0;"Sim";0;"ALCANÇOU"
"RS";431405;"Parobé";36,8421052631579;5;17;29,4117647058823;"Sim";-7,4;"ALCANÇOU"
"RS";431406;"Passa Sete";0;0;0;0;"Sim";0;"ALCANÇOU"
"RS";431407;"Passo do Sobrado";100;0;1;0;"Sim";-100;"ALCANÇOU"
"RS";431410;"Passo Fundo";23,3766233766234;16;68;23,5294117647059;"Não";0,2;"NÃO ALCANÇOU"
"RS";431413;"Paulo Bento";0;0;0;0;"Sim";0;"ALCANÇOU"
"RS";431415;"Paverama";0;0;0;0;"Sim";0;"ALCANÇOU"
"RS";431417;"Pedras Altas";0;0;0;0;"Sim";0;"ALCANÇOU"
"RS";431420;"Pedro Osório";100;1;1;100;"Não";0;"NÃO ALCANÇOU"
"RS";431430;"Pejuçara";100;0;0;0;"Sim";-100;"ALCANÇOU"
"RS";431440;"Pelotas";20,2020202020202;27;131;20,6106870229008;"Não";0,4;"NÃO ALCANÇOU"
"RS";431442;"Picada Café";0;0;0;0;"Sim";0;"ALCANÇOU"
"RS";431445;"Pinhal";0;0;1;0;"Sim";0;"ALCANÇOU"
"RS";431446;"Pinhal da Serra";0;0;0;0;"Sim";0;"ALCANÇOU"
"RS";431447;"Pinhal Grande";100;1;2;50;"Sim";-50;"ALCANÇOU"
"RS";431449;"Pinheirinho do Vale";0;0;0;0;"Sim";0;"ALCANÇOU"
"RS";431450;"Pinheiro Machado";40;0;3;0;"Sim";-40;"ALCANÇOU"
"RS";431454;"Pinto Bandeira";0;0;0;0;"Sim";0;"ALCANÇOU"
"RS";431455;"Pirapó";0;0;0;0;"Sim";0;"ALCANÇOU"
"RS";431460;"Piratini";100;0;0;0;"Sim";-100;"ALCANÇOU"
"RS";431470;"Planalto";0;2;3;66,6666666666667;"Não";66,7;"NÃO ALCANÇOU"
"RS";431475;"Poço das Antas";0;0;0;0;"Sim";0;"ALCANÇOU"
"RS";431477;"Pontão";0;0;0;0;"Sim";0;"ALCANÇOU"
"RS";431478;"Ponte Preta";0;0;0;0;"Sim";0;"ALCANÇOU"
"RS";431480;"Portão";29,4117647058823;4;23;17,3913043478261;"Sim";-12;"ALCANÇOU"
"RS";431490;"Porto Alegre";24,5205479452055;179;742;24,1239892183288;"Não";-0,4;"NÃO ALCANÇOU"
"RS";431500;"Porto Lucena";0;1;1;100;"Não";100;"NÃO ALCANÇOU"
"RS";431505;"Porto Mauá";0;0;0;0;"Sim";0;"ALCANÇOU"
"RS";431507;"Porto Vera Cruz";0;0;0;0;"Sim";0;"ALCANÇOU"
"RS";431510;"Porto Xavier";0;0;1;0;"Sim";0;"ALCANÇOU"
"RS";431513;"Pouso Novo";0;0;0;0;"Sim";0;"ALCANÇOU"
"RS";431514;"Presidente Lucena";0;0;0;0;"Sim";0;"ALCANÇOU"
"RS";431515;"Progresso";0;0;1;0;"Sim";0;"ALCANÇOU"
"RS";431517;"Protásio Alves";0;0;0;0;"Sim";0;"ALCANÇOU"
"RS";431520;"Putinga";0;1;1;100;"Não";100;"NÃO ALCANÇOU"
"RS";431530;"Quaraí";50;1;2;50;"Não";0;"NÃO ALCANÇOU"
"RS";431531;"Quatro Irmãos";0;0;1;0;"Sim";0;"ALCANÇOU"
"RS";431532;"Quevedos";0;0;0;0;"Sim";0;"ALCANÇOU"
"RS";431535;"Quinze de Novembro";100;0;1;0;"Sim";-100;"ALCANÇOU"
"RS";431540;"Redentora";20;0;0;0;"Sim";-20;"ALCANÇOU"
"RS";431545;"Relvado";0;0;0;0;"Sim";0;"ALCANÇOU"
"RS";431550;"Restinga Seca";0;0;0;0;"Sim";0;"ALCANÇOU"
"RS";431555;"Rio dos Índios";0;0;1;0;"Sim";0;"ALCANÇOU"
"RS";431560;"Rio Grande";31,3725490196078;20;90;22,2222222222222;"Sim";-9,2;"ALCANÇOU"
"RS";431570;"Rio Pardo";38,4615384615385;1;5;20;"Sim";-18,5;"ALCANÇOU"
"RS";431575;"Riozinho";50;0;0;0;"Sim";-50;"ALCANÇOU"
"RS";431580;"Roca Sales";0;1;1;100;"Não";100;"NÃO ALCANÇOU"
"RS";431590;"Rodeio Bonito";0;0;0;0;"Sim";0;"ALCANÇOU"
"RS";431595;"Rolador";0;0;0;0;"Sim";0;"ALCANÇOU"
"RS";431600;"Rolante";0;0;1;0;"Sim";0;"ALCANÇOU"
"RS";431610;"Ronda Alta";0;1;1;100;"Não";100;"NÃO ALCANÇOU"
"RS";431620;"Rondinha";0;0;0;0;"Sim";0;"ALCANÇOU"
"RS";431630;"Roque Gonzales";0;0;0;0;"Sim";0;"ALCANÇOU"
"RS";431640;"Rosário do Sul";20;1;5;20;"Não";0;"NÃO ALCANÇOU"
"RS";431642;"Sagrada Família";0;0;0;0;"Sim";0;"ALCANÇOU"
"RS";431643;"Saldanha Marinho";0;0;0;0;"Sim";0;"ALCANÇOU"
"RS";431645;"Salto do Jacuí";0;0;2;0;"Sim";0;"ALCANÇOU"
"RS";431647;"Salvador das Missões";0;0;0;0;"Sim";0;"ALCANÇOU"
"RS";431650;"Salvador do Sul";0;0;0;0;"Sim";0;"ALCANÇOU"
"RS";431660;"Sananduva";0;1;2;50;"Não";50;"NÃO ALCANÇOU"
"RS";431670;"Santa Bárbara do Sul";0;0;3;0;"Sim";0;"ALCANÇOU"
"RS";431673;"Santa Cecília do Sul";0;0;0;0;"Sim";0;"ALCANÇOU"
"RS";431675;"Santa Clara do Sul";66,6666666666667;0;0;0;"Sim";-66,7;"ALCANÇOU"
"RS";431680;"Santa Cruz do Sul";19,1489361702128;10;48;20,8333333333333;"Não";1,7;"NÃO ALCANÇOU"
"RS";431690;"Santa Maria";20,1923076923077;17;85;20;"Não";-0,19;"NÃO ALCANÇOU"
"RS";431695;"Santa Maria do Herval";0;0;0;0;"Sim";0;"ALCANÇOU"
"RS";431697;"Santa Margarida do Sul";0;0;0;0;"Sim";0;"ALCANÇOU"
"RS";431700;"Santana da Boa Vista";100;1;3;33,3333333333333;"Sim";-66,7;"ALCANÇOU"
"RS";431710;"Sant'Ana do Livramento";37,5;10;18;55,5555555555556;"Não";18,1;"NÃO ALCANÇOU"
"RS";431720;"Santa Rosa";22,2222222222222;6;23;26,0869565217391;"Não";3,9;"NÃO ALCANÇOU"
"RS";431725;"Santa Tereza";0;0;1;0;"Sim";0;"ALCANÇOU"
"RS";431730;"Santa Vitória do Palmar";27,7777777777778;5;15;33,3333333333333;"Não";5,6;"NÃO ALCANÇOU"
"RS";431740;"Santiago";27,2727272727273;4;8;50;"Não";22,7;"NÃO ALCANÇOU"
"RS";431750;"Santo Ângelo";21,4285714285714;5;19;26,3157894736842;"Não";4,9;"NÃO ALCANÇOU"
"RS";431755;"Santo Antônio do Palma";0;0;0;0;"Sim";0;"ALCANÇOU"
"RS";431760;"Santo Antônio da Patrulha";35,7142857142857;2;13;15,3846153846154;"Sim";-20,3;"ALCANÇOU"
"RS";431770;"Santo Antônio das Missões";0;2;3;66,6666666666667;"Não";66,7;"NÃO ALCANÇOU"
"RS";431775;"Santo Antônio do Planalto";0;0;0;0;"Sim";0;"ALCANÇOU"
"RS";431780;"Santo Augusto";33,3333333333333;0;0;0;"Sim";-33,3;"ALCANÇOU"
"RS";431790;"Santo Cristo";0;1;1;100;"Não";100;"NÃO ALCANÇOU"
"RS";431795;"Santo Expedito do Sul";0;0;0;0;"Sim";0;"ALCANÇOU"
"RS";431800;"São Borja";12,5;4;19;21,0526315789474;"Não";8,6;"NÃO ALCANÇOU"
"RS";431805;"São Domingos do Sul";0;0;0;0;"Sim";0;"ALCANÇOU"
"RS";431810;"São Francisco de Assis";50;0;0;0;"Sim";-50;"ALCANÇOU"
"RS";431820;"São Francisco de Paula";0;0;4;0;"Sim";0;"ALCANÇOU"
"RS";431830;"São Gabriel";12,5;2;9;22,2222222222222;"Não";9,7;"NÃO ALCANÇOU"
"RS";431840;"São Jerônimo";10;3;6;50;"Não";40;"NÃO ALCANÇOU"
"RS";431842;"São João da Urtiga";0;0;0;0;"Sim";0;"ALCANÇOU"
"RS";431843;"São João do Polêsine";0;0;0;0;"Sim";0;"ALCANÇOU"
"RS";431844;"São Jorge";0;0;0;0;"Sim";0;"ALCANÇOU"
"RS";431845;"São José das Missões";0;0;1;0;"Sim";0;"ALCANÇOU"
"RS";431846;"São José do Herval";0;0;0;0;"Sim";0;"ALCANÇOU"
"RS";431848;"São José do Hortêncio";0;0;0;0;"Sim";0;"ALCANÇOU"
"RS";431849;"São José do Inhacorá";0;0;0;0;"Sim";0;"ALCANÇOU"
"RS";431850;"São José do Norte";0;0;3;0;"Sim";0;"ALCANÇOU"
"RS";431860;"São José do Ouro";0;0;0;0;"Sim";0;"ALCANÇOU"
"RS";431861;"São José do Sul";0;0;1;0;"Sim";0;"ALCANÇOU"
"RS";431862;"São José dos Ausentes";100;0;1;0;"Sim";-100;"ALCANÇOU"
"RS";431870;"São Leopoldo";24,2424242424242;20;77;25,974025974026;"Não";1,7;"NÃO ALCANÇOU"
"RS";431880;"São Lourenço do Sul";20;1;2;50;"Não";30;"NÃO ALCANÇOU"
"RS";431890;"São Luiz Gonzaga";54,5454545454545;3;5;60;"Não";5,5;"NÃO ALCANÇOU"
"RS";431900;"São Marcos";0;0;5;0;"Sim";0;"ALCANÇOU"
"RS";431910;"São Martinho";0;0;0;0;"Sim";0;"ALCANÇOU"
"RS";431912;"São Martinho da Serra";0;0;0;0;"Sim";0;"ALCANÇOU"
"RS";431915;"São Miguel das Missões";0;0;2;0;"Sim";0;"ALCANÇOU"
"RS";431920;"São Nicolau";0;0;0;0;"Sim";0;"ALCANÇOU"
"RS";431930;"São Paulo das Missões";0;0;0;0;"Sim";0;"ALCANÇOU"
"RS";431935;"São Pedro da Serra";0;2;4;50;"Não";50;"NÃO ALCANÇOU"
"RS";431936;"São Pedro das Missões";0;0;3;0;"Sim";0;"ALCANÇOU"
"RS";431937;"São Pedro do Butiá";0;0;0;0;"Sim";0;"ALCANÇOU"
"RS";431940;"São Pedro do Sul";100;0;4;0;"Sim";-100;"ALCANÇOU"
"RS";431950;"São Sebastião do Caí";16,6666666666667;4;13;30,7692307692308;"Não";14,1;"NÃO ALCANÇOU"
"RS";431960;"São Sepé";33,3333333333333;1;5;20;"Sim";-13,3;"ALCANÇOU"
"RS";431970;"São Valentim";0;0;0;0;"Sim";0;"ALCANÇOU"
"RS";431971;"São Valentim do Sul";0;0;0;0;"Sim";0;"ALCANÇOU"
"RS";431973;"São Valério do Sul";0;0;0;0;"Sim";0;"ALCANÇOU"
"RS";431975;"São Vendelino";0;0;0;0;"Sim";0;"ALCANÇOU"
"RS";431980;"São Vicente do Sul";66,6666666666667;0;2;0;"Sim";-66,7;"ALCANÇOU"
"RS";431990;"Sapiranga";48;7;22;31,8181818181818;"Sim";-16,2;"ALCANÇOU"
"RS";432000;"Sapucaia do Sul";24,5283018867925;9;54;16,6666666666667;"Sim";-7,9;"ALCANÇOU"
"RS";432010;"Sarandi";33,3333333333333;0;9;0;"Sim";-33,3;"ALCANÇOU"
"RS";432020;"Seberi";100;1;3;33,3333333333333;"Sim";-66,7;"ALCANÇOU"
"RS";432023;"Sede Nova";0;0;0;0;"Sim";0;"ALCANÇOU"
"RS";432026;"Segredo";0;0;0;0;"Sim";0;"ALCANÇOU"
"RS";432030;"Selbach";0;0;0;0;"Sim";0;"ALCANÇOU"
"RS";432032;"Senador Salgado Filho";0;0;1;0;"Sim";0;"ALCANÇOU"
"RS";432035;"Sentinela do Sul";0;0;1;0;"Sim";0;"ALCANÇOU"
"RS";432040;"Serafina Corrêa";33,3333333333333;1;1;100;"Não";66,7;"NÃO ALCANÇOU"
"RS";432045;"Sério";0;0;0;0;"Sim";0;"ALCANÇOU"
"RS";432050;"Sertão";0;0;0;0;"Sim";0;"ALCANÇOU"
"RS";432055;"Sertão Santana";0;1;1;100;"Não";100;"NÃO ALCANÇOU"
"RS";432057;"Sete de Setembro";0;1;2;50;"Não";50;"NÃO ALCANÇOU"
"RS";432060;"Severiano de Almeida";0;0;0;0;"Sim";0;"ALCANÇOU"
"RS";432065;"Silveira Martins";0;0;0;0;"Sim";0;"ALCANÇOU"
"RS";432067;"Sinimbu";0;0;1;0;"Sim";0;"ALCANÇOU"
"RS";432070;"Sobradinho";50;0;2;0;"Sim";-50;"ALCANÇOU"
"RS";432080;"Soledade";0;2;7;28,5714285714286;"Não";28,6;"NÃO ALCANÇOU"
"RS";432085;"Tabaí";0;0;0;0;"Sim";0;"ALCANÇOU"
"RS";432090;"Tapejara";0;0;7;0;"Sim";0;"ALCANÇOU"
"RS";432100;"Tapera";0;1;2;50;"Não";50;"NÃO ALCANÇOU"
"RS";432110;"Tapes";25;4;7;57,1428571428571;"Não";32,1;"NÃO ALCANÇOU"
"RS";432120;"Taquara";20;5;16;31,25;"Não";11,2;"NÃO ALCANÇOU"
"RS";432130;"Taquari";0;0;2;0;"Sim";0;"ALCANÇOU"
"RS";432132;"Taquaruçu do Sul";0;0;0;0;"Sim";0;"ALCANÇOU"
"RS";432135;"Tavares";0;0;1;0;"Sim";0;"ALCANÇOU"
"RS";432140;"Tenente Portela";0;0;1;0;"Sim";0;"ALCANÇOU"
"RS";432143;"Terra de Areia";0;1;4;25;"Não";25;"NÃO ALCANÇOU"
"RS";432145;"Teutônia";12,5;3;8;37,5;"Não";25;"NÃO ALCANÇOU"
"RS";432146;"Tio Hugo";0;0;0;0;"Sim";0;"ALCANÇOU"
"RS";432147;"Tiradentes do Sul";0;0;0;0;"Sim";0;"ALCANÇOU"
"RS";432149;"Toropi";0;0;0;0;"Sim";0;"ALCANÇOU"
"RS";432150;"Torres";14,2857142857143;2;11;18,1818181818182;"Não";3,9;"NÃO ALCANÇOU"
"RS";432160;"Tramandaí";25,8064516129032;10;32;31,25;"Não";5,4;"NÃO ALCANÇOU"
"RS";432162;"Travesseiro";0;0;0;0;"Sim";0;"ALCANÇOU"
"RS";432163;"Três Arroios";0;0;0;0;"Sim";0;"ALCANÇOU"
"RS";432166;"Três Cachoeiras";0;1;1;100;"Não";100;"NÃO ALCANÇOU"
"RS";432170;"Três Coroas";25;2;3;66,6666666666667;"Não";41,7;"NÃO ALCANÇOU"
"RS";432180;"Três de Maio";16,6666666666667;2;8;25;"Não";8,3;"NÃO ALCANÇOU"
"RS";432183;"Três Forquilhas";0;0;1;0;"Sim";0;"ALCANÇOU"
"RS";432185;"Três Palmeiras";0;0;2;0;"Sim";0;"ALCANÇOU"
"RS";432190;"Três Passos";0;3;4;75;"Não";75;"NÃO ALCANÇOU"
"RS";432195;"Trindade do Sul";0;0;0;0;"Sim";0;"ALCANÇOU"
"RS";432200;"Triunfo";20;2;10;20;"Não";0;"NÃO ALCANÇOU"
"RS";432210;"Tucunduva";0;0;1;0;"Sim";0;"ALCANÇOU"
"RS";432215;"Tunas";0;0;0;0;"Sim";0;"ALCANÇOU"
"RS";432218;"Tupanci do Sul";0;0;0;0;"Sim";0;"ALCANÇOU"
"RS";432220;"Tupanciretã";0;0;0;0;"Sim";0;"ALCANÇOU"
"RS";432225;"Tupandi";0;0;0;0;"Sim";0;"ALCANÇOU"
"RS";432230;"Tuparendi";0;0;1;0;"Sim";0;"ALCANÇOU"
"RS";432232;"Turuçu";0;0;0;0;"Sim";0;"ALCANÇOU"
"RS";432234;"Ubiretama";0;0;0;0;"Sim";0;"ALCANÇOU"
"RS";432235;"União da Serra";0;0;0;0;"Sim";0;"ALCANÇOU"
"RS";432237;"Unistalda";0;0;0;0;"Sim";0;"ALCANÇOU"
"RS";432240;"Uruguaiana";26;9;30;30;"Não";4;"NÃO ALCANÇOU"
"RS";432250;"Vacaria";52,9411764705882;5;19;26,3157894736842;"Sim";-26,6;"ALCANÇOU"
"RS";432252;"Vale Verde";0;0;2;0;"Sim";0;"ALCANÇOU"
"RS";432253;"Vale do Sol";0;0;1;0;"Sim";0;"ALCANÇOU"
"RS";432254;"Vale Real";33,3333333333333;0;0;0;"Sim";-33,3;"ALCANÇOU"
"RS";432255;"Vanini";0;0;0;0;"Sim";0;"ALCANÇOU"
"RS";432260;"Venâncio Aires";16,6666666666667;7;21;33,3333333333333;"Não";16,7;"NÃO ALCANÇOU"
"RS";432270;"Vera Cruz";14,2857142857143;1;3;33,3333333333333;"Não";19;"NÃO ALCANÇOU"
"RS";432280;"Veranópolis";50;1;4;25;"Sim";-25;"ALCANÇOU"
"RS";432285;"Vespasiano Correa";0;0;0;0;"Sim";0;"ALCANÇOU"
"RS";432290;"Viadutos";0;0;1;0;"Sim";0;"ALCANÇOU"
"RS";432300;"Viamão";26,0869565217391;20;93;21,505376344086;"Sim";-4,6;"ALCANÇOU"
"RS";432310;"Vicente Dutra";100;0;1;0;"Sim";-100;"ALCANÇOU"
"RS";432320;"Victor Graeff";0;0;0;0;"Sim";0;"ALCANÇOU"
"RS";432330;"Vila Flores";0;0;0;0;"Sim";0;"ALCANÇOU"
"RS";432335;"Vila Lângaro";0;0;0;0;"Sim";0;"ALCANÇOU"
"RS";432340;"Vila Maria";0;0;0;0;"Sim";0;"ALCANÇOU"
"RS";432345;"Vila Nova do Sul";0;0;0;0;"Sim";0;"ALCANÇOU"
"RS";432350;"Vista Alegre";0;0;1;0;"Sim";0;"ALCANÇOU"
"RS";432360;"Vista Alegre do Prata";0;0;0;0;"Sim";0;"ALCANÇOU"
"RS";432370;"Vista Gaúcha";0;0;0;0;"Sim";0;"ALCANÇOU"
"RS";432375;"Vitória das Missões";50;0;0;0;"Sim";-50;"ALCANÇOU"
"RS";432377;"Westfalia";0;0;0;0;"Sim";0;"ALCANÇOU"
"RS";432380;"Xangri-lá";0;1;12;8,33333333333333;"Não";8,3;"NÃO ALCANÇOU"
"MS";500020;"Água Clara";50;1;4;25;"Sim";-25;"ALCANÇOU"
"MS";500025;"Alcinópolis";0;0;0;0;"Sim";0;"ALCANÇOU"
"MS";500060;"Amambai";52,6315789473684;12;24;50;"Sim";-2,6;"ALCANÇOU"
"MS";500070;"Anastácio";36,3636363636364;2;5;40;"Não";3,6;"NÃO ALCANÇOU"
"MS";500080;"Anaurilândia";0;0;0;0;"Sim";0;"ALCANÇOU"
"MS";500085;"Angélica";0;1;1;100;"Não";100;"NÃO ALCANÇOU"
"MS";500090;"Antônio João";0;0;1;0;"Sim";0;"ALCANÇOU"
"MS";500100;"Aparecida do Taboado";50;1;4;25;"Sim";-25;"ALCANÇOU"
"MS";500110;"Aquidauana";28,5714285714286;2;19;10,5263157894737;"Sim";-18;"ALCANÇOU"
"MS";500124;"Aral Moreira";0;0;0;0;"Sim";0;"ALCANÇOU"
"MS";500150;"Bandeirantes";0;0;0;0;"Sim";0;"ALCANÇOU"
"MS";500190;"Bataguassu";0;0;2;0;"Sim";0;"ALCANÇOU"
"MS";500200;"Batayporã";0;1;4;25;"Não";25;"NÃO ALCANÇOU"
"MS";500210;"Bela Vista";41,6666666666667;5;9;55,5555555555556;"Não";13,9;"NÃO ALCANÇOU"
"MS";500215;"Bodoquena";0;0;0;0;"Sim";0;"ALCANÇOU"
"MS";500220;"Bonito";50;0;3;0;"Sim";-50;"ALCANÇOU"
"MS";500230;"Brasilândia";0;0;0;0;"Sim";0;"ALCANÇOU"
"MS";500240;"Caarapó";20;2;6;33,3333333333333;"Não";13,3;"NÃO ALCANÇOU"
"MS";500260;"Camapuã";0;2;3;66,6666666666667;"Não";66,7;"NÃO ALCANÇOU"
"MS";500270;"Campo Grande";26,2019230769231;106;451;23,5033259423503;"Sim";-2,7;"ALCANÇOU"
"MS";500280;"Caracol";50;0;0;0;"Sim";-50;"ALCANÇOU"
"MS";500290;"Cassilândia";100;0;4;0;"Sim";-100;"ALCANÇOU"
"MS";500295;"Chapadão do Sul";60;0;4;0;"Sim";-60;"ALCANÇOU"
"MS";500310;"Corguinho";0;0;0;0;"Sim";0;"ALCANÇOU"
"MS";500315;"Coronel Sapucaia";33,3333333333333;3;4;75;"Não";41,7;"NÃO ALCANÇOU"
"MS";500320;"Corumbá";34,0909090909091;18;51;35,2941176470588;"Não";1,2;"NÃO ALCANÇOU"
"MS";500325;"Costa Rica";40;4;7;57,1428571428571;"Não";17,1;"NÃO ALCANÇOU"
"MS";500330;"Coxim";45,4545454545454;4;16;25;"Sim";-20,5;"ALCANÇOU"
"MS";500345;"Deodápolis";0;4;4;100;"Não";100;"NÃO ALCANÇOU"
"MS";500348;"Dois Irmãos do Buriti";0;2;4;50;"Não";50;"NÃO ALCANÇOU"
"MS";500350;"Douradina";0;0;1;0;"Sim";0;"ALCANÇOU"
"MS";500370;"Dourados";31,5789473684211;42;107;39,2523364485981;"Não";7,7;"NÃO ALCANÇOU"
"MS";500375;"Eldorado";66,6666666666667;0;1;0;"Sim";-66,7;"ALCANÇOU"
"MS";500380;"Fátima do Sul";40;1;4;25;"Sim";-15;"ALCANÇOU"
"MS";500390;"Figueirão";0;0;0;0;"Sim";0;"ALCANÇOU"
"MS";500400;"Glória de Dourados";0;0;1;0;"Sim";0;"ALCANÇOU"
"MS";500410;"Guia Lopes da Laguna";100;0;4;0;"Sim";-100;"ALCANÇOU"
"MS";500430;"Iguatemi";25;2;5;40;"Não";15;"NÃO ALCANÇOU"
"MS";500440;"Inocência";40;2;8;25;"Sim";-15;"ALCANÇOU"
"MS";500450;"Itaporã";0;1;1;100;"Não";100;"NÃO ALCANÇOU"
"MS";500460;"Itaquiraí";40;1;1;100;"Não";60;"NÃO ALCANÇOU"
"MS";500470;"Ivinhema";41,6666666666667;1;7;14,2857142857143;"Sim";-27,4;"ALCANÇOU"
"MS";500480;"Japorã";33,3333333333333;1;6;16,6666666666667;"Sim";-16,7;"ALCANÇOU"
"MS";500490;"Jaraguari";0;1;1;100;"Não";100;"NÃO ALCANÇOU"
"MS";500500;"Jardim";37,5;0;9;0;"Sim";-37,5;"ALCANÇOU"
"MS";500510;"Jateí";100;1;1;100;"Não";0;"NÃO ALCANÇOU"
"MS";500515;"Juti";0;0;2;0;"Sim";0;"ALCANÇOU"
"MS";500520;"Ladário";60;3;5;60;"Não";0;"NÃO ALCANÇOU"
"MS";500525;"Laguna Carapã";0;0;1;0;"Sim";0;"ALCANÇOU"
"MS";500540;"Maracaju";42,8571428571428;2;7;28,5714285714286;"Sim";-14,3;"ALCANÇOU"
"MS";500560;"Miranda";33,3333333333333;1;4;25;"Sim";-8,3;"ALCANÇOU"
"MS";500568;"Mundo Novo";33,3333333333333;1;8;12,5;"Sim";-20,8;"ALCANÇOU"
"MS";500570;"Naviraí";33,3333333333333;3;25;12;"Sim";-21,3;"ALCANÇOU"
"MS";500580;"Nioaque";50;1;2;50;"Não";0;"NÃO ALCANÇOU"
"MS";500600;"Nova Alvorada do Sul";33,3333333333333;1;4;25;"Sim";-8,3;"ALCANÇOU"
"MS";500620;"Nova Andradina";50;5;10;50;"Não";0;"NÃO ALCANÇOU"
"MS";500625;"Novo Horizonte do Sul";0;0;0;0;"Sim";0;"ALCANÇOU"
"MS";500627;"Paraíso das Águas";0;1;1;100;"Não";100;"NÃO ALCANÇOU"
"MS";500630;"Paranaíba";28,5714285714286;8;15;53,3333333333333;"Não";24,8;"NÃO ALCANÇOU"
"MS";500635;"Paranhos";0;0;0;0;"Sim";0;"ALCANÇOU"
"MS";500640;"Pedro Gomes";0;0;0;0;"Sim";0;"ALCANÇOU"
"MS";500660;"Ponta Porã";39,5348837209302;15;36;41,6666666666667;"Não";2,1;"NÃO ALCANÇOU"
"MS";500690;"Porto Murtinho";100;1;3;33,3333333333333;"Sim";-66,7;"ALCANÇOU"
"MS";500710;"Ribas do Rio Pardo";16,6666666666667;3;4;75;"Não";58,3;"NÃO ALCANÇOU"
"MS";500720;"Rio Brilhante";30;1;7;14,2857142857143;"Sim";-15,7;"ALCANÇOU"
"MS";500730;"Rio Negro";50;0;3;0;"Sim";-50;"ALCANÇOU"
"MS";500740;"Rio Verde de Mato Grosso";0;4;9;44,4444444444444;"Não";44,4;"NÃO ALCANÇOU"
"MS";500750;"Rochedo";0;1;1;100;"Não";100;"NÃO ALCANÇOU"
"MS";500755;"Santa Rita do Pardo";0;0;2;0;"Sim";0;"ALCANÇOU"
"MS";500769;"São Gabriel do Oeste";100;2;5;40;"Sim";-60;"ALCANÇOU"
"MS";500770;"Sete Quedas";50;1;1;100;"Não";50;"NÃO ALCANÇOU"
"MS";500780;"Selvíria";0;0;0;0;"Sim";0;"ALCANÇOU"
"MS";500790;"Sidrolândia";77,7777777777778;7;11;63,6363636363636;"Sim";-14,1;"ALCANÇOU"
"MS";500793;"Sonora";0;1;10;10;"Não";10;"NÃO ALCANÇOU"
"MS";500795;"Tacuru";100;5;8;62,5;"Sim";-37,5;"ALCANÇOU"
"MS";500797;"Taquarussu";0;0;0;0;"Sim";0;"ALCANÇOU"
"MS";500800;"Terenos";100;0;2;0;"Sim";-100;"ALCANÇOU"
"MS";500830;"Três Lagoas";20;13;46;28,2608695652174;"Não";8,3;"NÃO ALCANÇOU"
"MS";500840;"Vicentina";100;2;4;50;"Sim";-50;"ALCANÇOU"
"MT";510010;"Acorizal";0;0;0;0;"Sim";0;"ALCANÇOU"
"MT";510020;"Água Boa";22,2222222222222;8;16;50;"Não";27,8;"NÃO ALCANÇOU"
"MT";510025;"Alta Floresta";16,6666666666667;5;23;21,7391304347826;"Não";5,1;"NÃO ALCANÇOU"
"MT";510030;"Alto Araguaia";50;0;0;0;"Sim";-50;"ALCANÇOU"
"MT";510035;"Alto Boa Vista";0;0;0;0;"Sim";0;"ALCANÇOU"
"MT";510040;"Alto Garças";16,6666666666667;3;5;60;"Não";43,3;"NÃO ALCANÇOU"
"MT";510050;"Alto Paraguai";0;0;0;0;"Sim";0;"ALCANÇOU"
"MT";510060;"Alto Taquari";0;1;4;25;"Não";25;"NÃO ALCANÇOU"
"MT";510080;"Apiacás";0;0;2;0;"Sim";0;"ALCANÇOU"
"MT";510100;"Araguaiana";0;0;1;0;"Sim";0;"ALCANÇOU"
"MT";510120;"Araguainha";0;0;0;0;"Sim";0;"ALCANÇOU"
"MT";510125;"Araputanga";100;1;4;25;"Sim";-75;"ALCANÇOU"
"MT";510130;"Arenápolis";40;2;3;66,6666666666667;"Não";26,7;"NÃO ALCANÇOU"
"MT";510140;"Aripuanã";66,6666666666667;2;5;40;"Sim";-26,7;"ALCANÇOU"
"MT";510160;"Barão de Melgaço";0;0;0;0;"Sim";0;"ALCANÇOU"
"MT";510170;"Barra do Bugres";50;2;10;20;"Sim";-30;"ALCANÇOU"
"MT";510180;"Barra do Garças";20,8333333333333;6;20;30;"Não";9,2;"NÃO ALCANÇOU"
"MT";510185;"Bom Jesus do Araguaia";0;0;0;0;"Sim";0;"ALCANÇOU"
"MT";510190;"Brasnorte";0;0;0;0;"Sim";0;"ALCANÇOU"
"MT";510250;"Cáceres";16,6666666666667;3;22;13,6363636363636;"Sim";-3;"ALCANÇOU"
"MT";510260;"Campinápolis";0;0;0;0;"Sim";0;"ALCANÇOU"
"MT";510263;"Campo Novo do Parecis";52,3809523809524;10;21;47,6190476190476;"Sim";-4,8;"ALCANÇOU"
"MT";510267;"Campo Verde";33,3333333333333;2;10;20;"Sim";-13,3;"ALCANÇOU"
"MT";510268;"Campos de Júlio";33,3333333333333;4;6;66,6666666666667;"Não";33,3;"NÃO ALCANÇOU"
"MT";510269;"Canabrava do Norte";0;0;0;0;"Sim";0;"ALCANÇOU"
"MT";510270;"Canarana";12,5;3;8;37,5;"Não";25;"NÃO ALCANÇOU"
"MT";510279;"Carlinda";0;0;1;0;"Sim";0;"ALCANÇOU"
"MT";510285;"Castanheira";0;0;1;0;"Sim";0;"ALCANÇOU"
"MT";510300;"Chapada dos Guimarães";25;2;6;33,3333333333333;"Não";8,3;"NÃO ALCANÇOU"
"MT";510305;"Cláudia";0;0;1;0;"Sim";0;"ALCANÇOU"
"MT";510310;"Cocalinho";0;0;0;0;"Sim";0;"ALCANÇOU"
"MT";510320;"Colíder";46,1538461538462;0;4;0;"Sim";-46,2;"ALCANÇOU"
"MT";510325;"Colniza";0;1;2;50;"Não";50;"NÃO ALCANÇOU"
"MT";510330;"Comodoro";0;1;2;50;"Não";50;"NÃO ALCANÇOU"
"MT";510335;"Confresa";15;2;9;22,2222222222222;"Não";7,2;"NÃO ALCANÇOU"
"MT";510336;"Conquista D'Oeste";0;0;0;0;"Sim";0;"ALCANÇOU"
"MT";510337;"Cotriguaçu";33,3333333333333;0;0;0;"Sim";-33,3;"ALCANÇOU"
"MT";510340;"Cuiabá";27,027027027027;81;306;26,4705882352941;"Não";-0,56;"NÃO ALCANÇOU"
"MT";510343;"Curvelândia";0;0;0;0;"Sim";0;"ALCANÇOU"
"MT";510345;"Denise";0;0;0;0;"Sim";0;"ALCANÇOU"
"MT";510350;"Diamantino";0;2;9;22,2222222222222;"Não";22,2;"NÃO ALCANÇOU"
"MT";510360;"Dom Aquino";0;0;1;0;"Sim";0;"ALCANÇOU"
"MT";510370;"Feliz Natal";0;1;1;100;"Não";100;"NÃO ALCANÇOU"
"MT";510380;"Figueirópolis D'Oeste";0;0;0;0;"Sim";0;"ALCANÇOU"
"MT";510385;"Gaúcha do Norte";0;0;0;0;"Sim";0;"ALCANÇOU"
"MT";510390;"General Carneiro";0;0;0;0;"Sim";0;"ALCANÇOU"
"MT";510395;"Glória D'Oeste";0;0;0;0;"Sim";0;"ALCANÇOU"
"MT";510410;"Guarantã do Norte";20;1;2;50;"Não";30;"NÃO ALCANÇOU"
"MT";510420;"Guiratinga";0;2;3;66,6666666666667;"Não";66,7;"NÃO ALCANÇOU"
"MT";510450;"Indiavaí";0;0;0;0;"Sim";0;"ALCANÇOU"
"MT";510452;"Ipiranga do Norte";0;1;2;50;"Não";50;"NÃO ALCANÇOU"
"MT";510454;"Itanhangá";50;0;1;0;"Sim";-50;"ALCANÇOU"
"MT";510455;"Itaúba";0;0;0;0;"Sim";0;"ALCANÇOU"
"MT";510460;"Itiquira";0;0;1;0;"Sim";0;"ALCANÇOU"
"MT";510480;"Jaciara";33,3333333333333;2;8;25;"Sim";-8,3;"ALCANÇOU"
"MT";510490;"Jangada";0;0;0;0;"Sim";0;"ALCANÇOU"
"MT";510500;"Jauru";0;0;1;0;"Sim";0;"ALCANÇOU"
"MT";510510;"Juara";33,3333333333333;0;2;0;"Sim";-33,3;"ALCANÇOU"
"MT";510515;"Juína";50;0;3;0;"Sim";-50;"ALCANÇOU"
"MT";510517;"Juruena";0;0;0;0;"Sim";0;"ALCANÇOU"
"MT";510520;"Juscimeira";50;0;0;0;"Sim";-50;"ALCANÇOU"
"MT";510523;"Lambari D'Oeste";100;0;0;0;"Sim";-100;"ALCANÇOU"
"MT";510525;"Lucas do Rio Verde";25;2;7;28,5714285714286;"Não";3,6;"NÃO ALCANÇOU"
"MT";510530;"Luciara";0;0;0;0;"Sim";0;"ALCANÇOU"
"MT";510550;"Vila Bela da Santíssima Trindade";0;2;4;50;"Não";50;"NÃO ALCANÇOU"
"MT";510558;"Marcelândia";50;0;0;0;"Sim";-50;"ALCANÇOU"
"MT";510560;"Matupá";50;3;10;30;"Sim";-20;"ALCANÇOU"
"MT";510562;"Mirassol d'Oeste";50;2;3;66,6666666666667;"Não";16,7;"NÃO ALCANÇOU"
"MT";510590;"Nobres";0;4;6;66,6666666666667;"Não";66,7;"NÃO ALCANÇOU"
"MT";510600;"Nortelândia";50;0;0;0;"Sim";-50;"ALCANÇOU"
"MT";510610;"Nossa Senhora do Livramento";33,3333333333333;0;1;0;"Sim";-33,3;"ALCANÇOU"
"MT";510615;"Nova Bandeirantes";0;0;0;0;"Sim";0;"ALCANÇOU"
"MT";510617;"Nova Nazaré";0;0;0;0;"Sim";0;"ALCANÇOU"
"MT";510618;"Nova Lacerda";0;0;0;0;"Sim";0;"ALCANÇOU"
"MT";510619;"Nova Santa Helena";0;0;0;0;"Sim";0;"ALCANÇOU"
"MT";510620;"Nova Brasilândia";0;0;0;0;"Sim";0;"ALCANÇOU"
"MT";510621;"Nova Canaã do Norte";0;0;0;0;"Sim";0;"ALCANÇOU"
"MT";510622;"Nova Mutum";8,33333333333333;3;19;15,7894736842105;"Não";7,5;"NÃO ALCANÇOU"
"MT";510623;"Nova Olímpia";0;1;4;25;"Não";25;"NÃO ALCANÇOU"
"MT";510624;"Nova Ubiratã";0;1;2;50;"Não";50;"NÃO ALCANÇOU"
"MT";510625;"Nova Xavantina";33,3333333333333;2;5;40;"Não";6,7;"NÃO ALCANÇOU"
"MT";510626;"Novo Mundo";0;0;1;0;"Sim";0;"ALCANÇOU"
"MT";510627;"Novo Horizonte do Norte";0;1;3;33,3333333333333;"Não";33,3;"NÃO ALCANÇOU"
"MT";510628;"Novo São Joaquim";0;1;1;100;"Não";100;"NÃO ALCANÇOU"
"MT";510629;"Paranaíta";100;0;1;0;"Sim";-100;"ALCANÇOU"
"MT";510630;"Paranatinga";80;1;3;33,3333333333333;"Sim";-46,7;"ALCANÇOU"
"MT";510631;"Novo Santo Antônio";0;0;0;0;"Sim";0;"ALCANÇOU"
"MT";510637;"Pedra Preta";0;3;7;42,8571428571428;"Não";42,9;"NÃO ALCANÇOU"
"MT";510642;"Peixoto de Azevedo";25;1;7;14,2857142857143;"Sim";-10,7;"ALCANÇOU"
"MT";510645;"Planalto da Serra";50;0;0;0;"Sim";-50;"ALCANÇOU"
"MT";510650;"Poconé";57,1428571428571;2;3;66,6666666666667;"Não";9,5;"NÃO ALCANÇOU"
"MT";510665;"Pontal do Araguaia";0;0;0;0;"Sim";0;"ALCANÇOU"
"MT";510670;"Ponte Branca";0;0;0;0;"Sim";0;"ALCANÇOU"
"MT";510675;"Pontes e Lacerda";28,5714285714286;6;19;31,5789473684211;"Não";3;"NÃO ALCANÇOU"
"MT";510677;"Porto Alegre do Norte";0;2;3;66,6666666666667;"Não";66,7;"NÃO ALCANÇOU"
"MT";510680;"Porto dos Gaúchos";0;0;1;0;"Sim";0;"ALCANÇOU"
"MT";510682;"Porto Esperidião";0;0;0;0;"Sim";0;"ALCANÇOU"
"MT";510685;"Porto Estrela";0;0;0;0;"Sim";0;"ALCANÇOU"
"MT";510700;"Poxoréo";100;2;4;50;"Sim";-50;"ALCANÇOU"
"MT";510704;"Primavera do Leste";11,7647058823529;6;43;13,953488372093;"Não";2,2;"NÃO ALCANÇOU"
"MT";510706;"Querência";50;1;6;16,6666666666667;"Sim";-33,3;"ALCANÇOU"
"MT";510710;"São José dos Quatro Marcos";50;0;1;0;"Sim";-50;"ALCANÇOU"
"MT";510715;"Reserva do Cabaçal";0;0;0;0;"Sim";0;"ALCANÇOU"
"MT";510718;"Ribeirão Cascalheira";50;0;1;0;"Sim";-50;"ALCANÇOU"
"MT";510719;"Ribeirãozinho";0;0;1;0;"Sim";0;"ALCANÇOU"
"MT";510720;"Rio Branco";0;0;0;0;"Sim";0;"ALCANÇOU"
"MT";510724;"Santa Carmem";0;0;0;0;"Sim";0;"ALCANÇOU"
"MT";510726;"Santo Afonso";0;0;0;0;"Sim";0;"ALCANÇOU"
"MT";510729;"São José do Povo";0;0;0;0;"Sim";0;"ALCANÇOU"
"MT";510730;"São José do Rio Claro";0;0;1;0;"Sim";0;"ALCANÇOU"
"MT";510735;"São José do Xingu";0;0;0;0;"Sim";0;"ALCANÇOU"
"MT";510740;"São Pedro da Cipa";0;0;0;0;"Sim";0;"ALCANÇOU"
"MT";510757;"Rondolândia";0;0;0;0;"Sim";0;"ALCANÇOU"
"MT";510760;"Rondonópolis";28,4615384615385;22;121;18,1818181818182;"Sim";-10,3;"ALCANÇOU"
"MT";510770;"Rosário Oeste";0;1;2;50;"Não";50;"NÃO ALCANÇOU"
"MT";510774;"Santa Cruz do Xingu";50;0;0;0;"Sim";-50;"ALCANÇOU"
"MT";510775;"Salto do Céu";0;1;1;100;"Não";100;"NÃO ALCANÇOU"
"MT";510776;"Santa Rita do Trivelato";0;2;3;66,6666666666667;"Não";66,7;"NÃO ALCANÇOU"
"MT";510777;"Santa Terezinha";0;0;1;0;"Sim";0;"ALCANÇOU"
"MT";510779;"Santo Antônio do Leste";0;0;1;0;"Sim";0;"ALCANÇOU"
"MT";510780;"Santo Antônio do Leverger";20;2;3;66,6666666666667;"Não";46,7;"NÃO ALCANÇOU"
"MT";510785;"São Félix do Araguaia";20;2;2;100;"Não";80;"NÃO ALCANÇOU"
"MT";510787;"Sapezal";54,5454545454545;1;9;11,1111111111111;"Sim";-43,4;"ALCANÇOU"
"MT";510788;"Serra Nova Dourada";0;0;0;0;"Sim";0;"ALCANÇOU"
"MT";510790;"Sinop";22,1238938053097;14;72;19,4444444444444;"Sim";-2,7;"ALCANÇOU"
"MT";510792;"Sorriso";26,7857142857143;18;58;31,0344827586207;"Não";4,2;"NÃO ALCANÇOU"
"MT";510794;"Tabaporã";0;1;1;100;"Não";100;"NÃO ALCANÇOU"
"MT";510795;"Tangará da Serra";29,0322580645161;4;32;12,5;"Sim";-16,5;"ALCANÇOU"
"MT";510800;"Tapurah";14,2857142857143;0;1;0;"Sim";-14,3;"ALCANÇOU"
"MT";510805;"Terra Nova do Norte";0;0;0;0;"Sim";0;"ALCANÇOU"
"MT";510810;"Tesouro";0;0;0;0;"Sim";0;"ALCANÇOU"
"MT";510820;"Torixoréu";0;0;0;0;"Sim";0;"ALCANÇOU"
"MT";510830;"União do Sul";0;0;0;0;"Sim";0;"ALCANÇOU"
"MT";510835;"Vale de São Domingos";0;0;0;0;"Sim";0;"ALCANÇOU"
"MT";510840;"Várzea Grande";34,4370860927152;52;134;38,8059701492537;"Não";4,4;"NÃO ALCANÇOU"
"MT";510850;"Vera";0;1;2;50;"Não";50;"NÃO ALCANÇOU"
"MT";510860;"Vila Rica";0;3;9;33,3333333333333;"Não";33,3;"NÃO ALCANÇOU"
"MT";510880;"Nova Guarita";0;0;2;0;"Sim";0;"ALCANÇOU"
"MT";510885;"Nova Marilândia";50;0;0;0;"Sim";-50;"ALCANÇOU"
"MT";510890;"Nova Maringá";0;0;1;0;"Sim";0;"ALCANÇOU"
"MT";510895;"Nova Monte Verde";0;2;2;100;"Não";100;"NÃO ALCANÇOU"
"GO";520005;"Abadia de Goiás";0;0;1;0;"Sim";0;"ALCANÇOU"
"GO";520010;"Abadiânia";75;1;2;50;"Sim";-25;"ALCANÇOU"
"GO";520013;"Acreúna";0;2;3;66,6666666666667;"Não";66,7;"NÃO ALCANÇOU"
"GO";520015;"Adelândia";0;0;1;0;"Sim";0;"ALCANÇOU"
"GO";520017;"Água Fria de Goiás";0;0;0;0;"Sim";0;"ALCANÇOU"
"GO";520020;"Água Limpa";0;0;0;0;"Sim";0;"ALCANÇOU"
"GO";520025;"Águas Lindas de Goiás";26,0869565217391;10;31;32,258064516129;"Não";6,2;"NÃO ALCANÇOU"
"GO";520030;"Alexânia";20;3;10;30;"Não";10;"NÃO ALCANÇOU"
"GO";520050;"Aloândia";0;0;0;0;"Sim";0;"ALCANÇOU"
"GO";520055;"Alto Horizonte";0;0;1;0;"Sim";0;"ALCANÇOU"
"GO";520060;"Alto Paraíso de Goiás";20;2;2;100;"Não";80;"NÃO ALCANÇOU"
"GO";520080;"Alvorada do Norte";0;0;0;0;"Sim";0;"ALCANÇOU"
"GO";520082;"Amaralina";0;0;0;0;"Sim";0;"ALCANÇOU"
"GO";520085;"Americano do Brasil";50;1;1;100;"Não";50;"NÃO ALCANÇOU"
"GO";520090;"Amorinópolis";0;0;1;0;"Sim";0;"ALCANÇOU"
"GO";520110;"Anápolis";33,3333333333333;46;146;31,5068493150685;"Sim";-1,8;"ALCANÇOU"
"GO";520120;"Anhanguera";0;0;0;0;"Sim";0;"ALCANÇOU"
"GO";520130;"Anicuns";0;1;1;100;"Não";100;"NÃO ALCANÇOU"
"GO";520140;"Aparecida de Goiânia";24,1176470588235;35;173;20,2312138728324;"Sim";-3,9;"ALCANÇOU"
"GO";520145;"Aparecida do Rio Doce";0;0;0;0;"Sim";0;"ALCANÇOU"
"GO";520150;"Aporé";0;0;1;0;"Sim";0;"ALCANÇOU"
"GO";520160;"Araçu";0;0;0;0;"Sim";0;"ALCANÇOU"
"GO";520170;"Aragarças";36,3636363636364;0;5;0;"Sim";-36,4;"ALCANÇOU"
"GO";520180;"Aragoiânia";0;0;1;0;"Sim";0;"ALCANÇOU"
"GO";520215;"Araguapaz";0;0;0;0;"Sim";0;"ALCANÇOU"
"GO";520235;"Arenópolis";0;0;0;0;"Sim";0;"ALCANÇOU"
"GO";520250;"Aruanã";50;2;5;40;"Sim";-10;"ALCANÇOU"
"GO";520260;"Aurilândia";0;0;0;0;"Sim";0;"ALCANÇOU"
"GO";520280;"Avelinópolis";100;0;0;0;"Sim";-100;"ALCANÇOU"
"GO";520310;"Baliza";0;0;0;0;"Sim";0;"ALCANÇOU"
"GO";520320;"Barro Alto";0;0;1;0;"Sim";0;"ALCANÇOU"
"GO";520330;"Bela Vista de Goiás";22,2222222222222;1;5;20;"Sim";-2,2;"ALCANÇOU"
"GO";520340;"Bom Jardim de Goiás";100;1;2;50;"Sim";-50;"ALCANÇOU"
"GO";520350;"Bom Jesus de Goiás";0;3;10;30;"Não";30;"NÃO ALCANÇOU"
"GO";520355;"Bonfinópolis";100;1;3;33,3333333333333;"Sim";-66,7;"ALCANÇOU"
"GO";520357;"Bonópolis";0;1;1;100;"Não";100;"NÃO ALCANÇOU"
"GO";520360;"Brazabrantes";0;0;0;0;"Sim";0;"ALCANÇOU"
"GO";520380;"Britânia";0;0;0;0;"Sim";0;"ALCANÇOU"
"GO";520390;"Buriti Alegre";0;0;2;0;"Sim";0;"ALCANÇOU"
"GO";520393;"Buriti de Goiás";0;0;0;0;"Sim";0;"ALCANÇOU"
"GO";520396;"Buritinópolis";0;0;2;0;"Sim";0;"ALCANÇOU"
"GO";520400;"Cabeceiras";0;0;0;0;"Sim";0;"ALCANÇOU"
"GO";520410;"Cachoeira Alta";50;1;2;50;"Não";0;"NÃO ALCANÇOU"
"GO";520420;"Cachoeira de Goiás";0;0;0;0;"Sim";0;"ALCANÇOU"
"GO";520425;"Cachoeira Dourada";0;2;2;100;"Não";100;"NÃO ALCANÇOU"
"GO";520430;"Caçu";25;0;0;0;"Sim";-25;"ALCANÇOU"
"GO";520440;"Caiapônia";33,3333333333333;0;2;0;"Sim";-33,3;"ALCANÇOU"
"GO";520450;"Caldas Novas";27,6595744680851;12;30;40;"Não";12,3;"NÃO ALCANÇOU"
"GO";520455;"Caldazinha";0;0;0;0;"Sim";0;"ALCANÇOU"
"GO";520460;"Campestre de Goiás";0;0;1;0;"Sim";0;"ALCANÇOU"
"GO";520465;"Campinaçu";0;0;1;0;"Sim";0;"ALCANÇOU"
"GO";520470;"Campinorte";0;0;4;0;"Sim";0;"ALCANÇOU"
"GO";520480;"Campo Alegre de Goiás";0;2;2;100;"Não";100;"NÃO ALCANÇOU"
"GO";520485;"Campo Limpo de Goiás";0;0;0;0;"Sim";0;"ALCANÇOU"
"GO";520490;"Campos Belos";0;0;1;0;"Sim";0;"ALCANÇOU"
"GO";520495;"Campos Verdes";0;0;0;0;"Sim";0;"ALCANÇOU"
"GO";520500;"Carmo do Rio Verde";0;0;0;0;"Sim";0;"ALCANÇOU"
"GO";520505;"Castelândia";100;0;0;0;"Sim";-100;"ALCANÇOU"
"GO";520510;"Catalão";14,7058823529412;4;29;13,7931034482759;"Não";-0,91;"NÃO ALCANÇOU"
"GO";520520;"Caturaí";0;0;0;0;"Sim";0;"ALCANÇOU"
"GO";520530;"Cavalcante";0;0;0;0;"Sim";0;"ALCANÇOU"
"GO";520540;"Ceres";0;1;3;33,3333333333333;"Não";33,3;"NÃO ALCANÇOU"
"GO";520545;"Cezarina";0;0;0;0;"Sim";0;"ALCANÇOU"
"GO";520547;"Chapadão do Céu";50;0;3;0;"Sim";-50;"ALCANÇOU"
"GO";520549;"Cidade Ocidental";40;6;18;33,3333333333333;"Sim";-6,7;"ALCANÇOU"
"GO";520551;"Cocalzinho de Goiás";0;0;0;0;"Sim";0;"ALCANÇOU"
"GO";520552;"Colinas do Sul";0;0;1;0;"Sim";0;"ALCANÇOU"
"GO";520570;"Córrego do Ouro";0;0;0;0;"Sim";0;"ALCANÇOU"
"GO";520580;"Corumbá de Goiás";50;2;3;66,6666666666667;"Não";16,7;"NÃO ALCANÇOU"
"GO";520590;"Corumbaíba";0;0;0;0;"Sim";0;"ALCANÇOU"
"GO";520620;"Cristalina";14,2857142857143;4;8;50;"Não";35,7;"NÃO ALCANÇOU"
"GO";520630;"Cristianópolis";0;0;1;0;"Sim";0;"ALCANÇOU"
"GO";520640;"Crixás";0;1;4;25;"Não";25;"NÃO ALCANÇOU"
"GO";520650;"Cromínia";0;0;0;0;"Sim";0;"ALCANÇOU"
"GO";520660;"Cumari";0;0;0;0;"Sim";0;"ALCANÇOU"
"GO";520670;"Damianópolis";0;0;0;0;"Sim";0;"ALCANÇOU"
"GO";520680;"Damolândia";0;0;0;0;"Sim";0;"ALCANÇOU"
"GO";520690;"Davinópolis";100;0;0;0;"Sim";-100;"ALCANÇOU"
"GO";520710;"Diorama";0;0;0;0;"Sim";0;"ALCANÇOU"
"GO";520725;"Doverlândia";0;0;0;0;"Sim";0;"ALCANÇOU"
"GO";520735;"Edealina";0;0;0;0;"Sim";0;"ALCANÇOU"
"GO";520740;"Edéia";25;0;0;0;"Sim";-25;"ALCANÇOU"
"GO";520750;"Estrela do Norte";0;0;0;0;"Sim";0;"ALCANÇOU"
"GO";520753;"Faina";0;0;0;0;"Sim";0;"ALCANÇOU"
"GO";520760;"Fazenda Nova";0;0;0;0;"Sim";0;"ALCANÇOU"
"GO";520780;"Firminópolis";0;1;2;50;"Não";50;"NÃO ALCANÇOU"
"GO";520790;"Flores de Goiás";33,3333333333333;0;3;0;"Sim";-33,3;"ALCANÇOU"
"GO";520800;"Formosa";30,7692307692308;4;9;44,4444444444444;"Não";13,7;"NÃO ALCANÇOU"
"GO";520810;"Formoso";0;0;1;0;"Sim";0;"ALCANÇOU"
"GO";520815;"Gameleira de Goiás";33,3333333333333;0;1;0;"Sim";-33,3;"ALCANÇOU"
"GO";520830;"Divinópolis de Goiás";0;0;0;0;"Sim";0;"ALCANÇOU"
"GO";520840;"Goianápolis";0;0;1;0;"Sim";0;"ALCANÇOU"
"GO";520850;"Goiandira";0;2;3;66,6666666666667;"Não";66,7;"NÃO ALCANÇOU"
"GO";520860;"Goianésia";100;1;9;11,1111111111111;"Sim";-88,9;"ALCANÇOU"
"GO";520870;"Goiânia";23,6220472440945;119;505;23,5643564356436;"Não";-0,06;"NÃO ALCANÇOU"
"GO";520880;"Goianira";25;9;24;37,5;"Não";12,5;"NÃO ALCANÇOU"
"GO";520890;"Goiás";50;2;4;50;"Não";0;"NÃO ALCANÇOU"
"GO";520910;"Goiatuba";40;0;6;0;"Sim";-40;"ALCANÇOU"
"GO";520915;"Gouvelândia";33,3333333333333;0;2;0;"Sim";-33,3;"ALCANÇOU"
"GO";520920;"Guapó";40;1;4;25;"Sim";-15;"ALCANÇOU"
"GO";520929;"Guaraíta";0;0;0;0;"Sim";0;"ALCANÇOU"
"GO";520940;"Guarani de Goiás";0;0;0;0;"Sim";0;"ALCANÇOU"
"GO";520945;"Guarinos";0;0;0;0;"Sim";0;"ALCANÇOU"
"GO";520960;"Heitoraí";0;0;0;0;"Sim";0;"ALCANÇOU"
"GO";520970;"Hidrolândia";40;2;2;100;"Não";60;"NÃO ALCANÇOU"
"GO";520980;"Hidrolina";0;0;0;0;"Sim";0;"ALCANÇOU"
"GO";520990;"Iaciara";0;0;0;0;"Sim";0;"ALCANÇOU"
"GO";520993;"Inaciolândia";0;0;1;0;"Sim";0;"ALCANÇOU"
"GO";520995;"Indiara";57,1428571428571;2;3;66,6666666666667;"Não";9,5;"NÃO ALCANÇOU"
"GO";521000;"Inhumas";50;5;16;31,25;"Sim";-18,8;"ALCANÇOU"
"GO";521010;"Ipameri";22,2222222222222;0;3;0;"Sim";-22,2;"ALCANÇOU"
"GO";521015;"Ipiranga de Goiás";0;0;0;0;"Sim";0;"ALCANÇOU"
"GO";521020;"Iporá";12,5;1;7;14,2857142857143;"Não";1,8;"NÃO ALCANÇOU"
"GO";521030;"Israelândia";0;0;0;0;"Sim";0;"ALCANÇOU"
"GO";521040;"Itaberaí";100;4;6;66,6666666666667;"Sim";-33,3;"ALCANÇOU"
"GO";521056;"Itaguari";0;0;1;0;"Sim";0;"ALCANÇOU"
"GO";521060;"Itaguaru";0;0;0;0;"Sim";0;"ALCANÇOU"
"GO";521080;"Itajá";0;0;0;0;"Sim";0;"ALCANÇOU"
"GO";521090;"Itapaci";66,6666666666667;5;6;83,3333333333333;"Não";16,7;"NÃO ALCANÇOU"
"GO";521100;"Itapirapuã";0;0;0;0;"Sim";0;"ALCANÇOU"
"GO";521120;"Itapuranga";0;1;1;100;"Não";100;"NÃO ALCANÇOU"
"GO";521130;"Itarumã";0;0;2;0;"Sim";0;"ALCANÇOU"
"GO";521140;"Itauçu";0;1;1;100;"Não";100;"NÃO ALCANÇOU"
"GO";521150;"Itumbiara";34,2857142857143;12;45;26,6666666666667;"Sim";-7,6;"ALCANÇOU"
"GO";521160;"Ivolândia";0;0;0;0;"Sim";0;"ALCANÇOU"
"GO";521170;"Jandaia";50;0;0;0;"Sim";-50;"ALCANÇOU"
"GO";521180;"Jaraguá";25;1;6;16,6666666666667;"Sim";-8,3;"ALCANÇOU"
"GO";521190;"Jataí";30,9523809523809;3;25;12;"Sim";-19;"ALCANÇOU"
"GO";521200;"Jaupaci";0;0;0;0;"Sim";0;"ALCANÇOU"
"GO";521205;"Jesúpolis";0;0;0;0;"Sim";0;"ALCANÇOU"
"GO";521210;"Joviânia";50;0;0;0;"Sim";-50;"ALCANÇOU"
"GO";521220;"Jussara";0;1;1;100;"Não";100;"NÃO ALCANÇOU"
"GO";521225;"Lagoa Santa";0;0;0;0;"Sim";0;"ALCANÇOU"
"GO";521230;"Leopoldo de Bulhões";100;0;0;0;"Sim";-100;"ALCANÇOU"
"GO";521250;"Luziânia";23,3333333333333;4;32;12,5;"Sim";-10,8;"ALCANÇOU"
"GO";521260;"Mairipotaba";0;0;0;0;"Sim";0;"ALCANÇOU"
"GO";521270;"Mambaí";0;0;1;0;"Sim";0;"ALCANÇOU"
"GO";521280;"Mara Rosa";66,6666666666667;1;2;50;"Sim";-16,7;"ALCANÇOU"
"GO";521290;"Marzagão";0;1;1;100;"Não";100;"NÃO ALCANÇOU"
"GO";521295;"Matrinchã";0;0;0;0;"Sim";0;"ALCANÇOU"
"GO";521300;"Maurilândia";0;0;0;0;"Sim";0;"ALCANÇOU"
"GO";521305;"Mimoso de Goiás";0;0;0;0;"Sim";0;"ALCANÇOU"
"GO";521308;"Minaçu";100;1;1;100;"Não";0;"NÃO ALCANÇOU"
"GO";521310;"Mineiros";27,2727272727273;4;12;33,3333333333333;"Não";6,1;"NÃO ALCANÇOU"
"GO";521340;"Moiporá";0;0;0;0;"Sim";0;"ALCANÇOU"
"GO";521350;"Monte Alegre de Goiás";0;0;0;0;"Sim";0;"ALCANÇOU"
"GO";521370;"Montes Claros de Goiás";100;0;0;0;"Sim";-100;"ALCANÇOU"
"GO";521375;"Montividiu";33,3333333333333;1;5;20;"Sim";-13,3;"ALCANÇOU"
"GO";521377;"Montividiu do Norte";0;0;0;0;"Sim";0;"ALCANÇOU"
"GO";521380;"Morrinhos";42,8571428571428;5;13;38,4615384615385;"Sim";-4,4;"ALCANÇOU"
"GO";521385;"Morro Agudo de Goiás";0;0;0;0;"Sim";0;"ALCANÇOU"
"GO";521390;"Mossâmedes";0;0;0;0;"Sim";0;"ALCANÇOU"
"GO";521400;"Mozarlândia";100;1;2;50;"Sim";-50;"ALCANÇOU"
"GO";521405;"Mundo Novo";0;0;0;0;"Sim";0;"ALCANÇOU"
"GO";521410;"Mutunópolis";0;0;1;0;"Sim";0;"ALCANÇOU"
"GO";521440;"Nazário";100;0;1;0;"Sim";-100;"ALCANÇOU"
"GO";521450;"Nerópolis";33,3333333333333;1;4;25;"Sim";-8,3;"ALCANÇOU"
"GO";521460;"Niquelândia";0;0;2;0;"Sim";0;"ALCANÇOU"
"GO";521470;"Nova América";100;0;1;0;"Sim";-100;"ALCANÇOU"
"GO";521480;"Nova Aurora";0;0;0;0;"Sim";0;"ALCANÇOU"
"GO";521483;"Nova Crixás";0;2;4;50;"Não";50;"NÃO ALCANÇOU"
"GO";521486;"Nova Glória";100;0;0;0;"Sim";-100;"ALCANÇOU"
"GO";521487;"Nova Iguaçu de Goiás";33,3333333333333;0;1;0;"Sim";-33,3;"ALCANÇOU"
"GO";521490;"Nova Roma";0;0;0;0;"Sim";0;"ALCANÇOU"
"GO";521500;"Nova Veneza";0;0;0;0;"Sim";0;"ALCANÇOU"
"GO";521520;"Novo Brasil";0;1;1;100;"Não";100;"NÃO ALCANÇOU"
"GO";521523;"Novo Gama";0;4;7;57,1428571428571;"Não";57,1;"NÃO ALCANÇOU"
"GO";521525;"Novo Planalto";0;0;0;0;"Sim";0;"ALCANÇOU"
"GO";521530;"Orizona";0;0;4;0;"Sim";0;"ALCANÇOU"
"GO";521540;"Ouro Verde de Goiás";0;0;0;0;"Sim";0;"ALCANÇOU"
"GO";521550;"Ouvidor";100;0;1;0;"Sim";-100;"ALCANÇOU"
"GO";521560;"Padre Bernardo";0;0;2;0;"Sim";0;"ALCANÇOU"
"GO";521565;"Palestina de Goiás";0;1;1;100;"Não";100;"NÃO ALCANÇOU"
"GO";521570;"Palmeiras de Goiás";25;3;8;37,5;"Não";12,5;"NÃO ALCANÇOU"
"GO";521580;"Palmelo";100;0;0;0;"Sim";-100;"ALCANÇOU"
"GO";521590;"Palminópolis";0;2;2;100;"Não";100;"NÃO ALCANÇOU"
"GO";521600;"Panamá";100;0;0;0;"Sim";-100;"ALCANÇOU"
"GO";521630;"Paranaiguara";0;0;0;0;"Sim";0;"ALCANÇOU"
"GO";521640;"Paraúna";20;0;2;0;"Sim";-20;"ALCANÇOU"
"GO";521645;"Perolândia";0;0;0;0;"Sim";0;"ALCANÇOU"
"GO";521680;"Petrolina de Goiás";20;0;1;0;"Sim";-20;"ALCANÇOU"
"GO";521690;"Pilar de Goiás";0;0;1;0;"Sim";0;"ALCANÇOU"
"GO";521710;"Piracanjuba";66,6666666666667;3;4;75;"Não";8,3;"NÃO ALCANÇOU"
"GO";521720;"Piranhas";33,3333333333333;0;1;0;"Sim";-33,3;"ALCANÇOU"
"GO";521730;"Pirenópolis";0;0;1;0;"Sim";0;"ALCANÇOU"
"GO";521740;"Pires do Rio";12,5;4;9;44,4444444444444;"Não";31,9;"NÃO ALCANÇOU"
"GO";521760;"Planaltina";0;3;19;15,7894736842105;"Não";15,8;"NÃO ALCANÇOU"
"GO";521770;"Pontalina";66,6666666666667;1;1;100;"Não";33,3;"NÃO ALCANÇOU"
"GO";521800;"Porangatu";0;3;5;60;"Não";60;"NÃO ALCANÇOU"
"GO";521805;"Porteirão";0;0;1;0;"Sim";0;"ALCANÇOU"
"GO";521810;"Portelândia";0;0;0;0;"Sim";0;"ALCANÇOU"
"GO";521830;"Posse";100;0;0;0;"Sim";-100;"ALCANÇOU"
"GO";521839;"Professor Jamil";100;0;0;0;"Sim";-100;"ALCANÇOU"
"GO";521850;"Quirinópolis";50;4;11;36,3636363636364;"Sim";-13,6;"ALCANÇOU"
"GO";521860;"Rialma";100;0;1;0;"Sim";-100;"ALCANÇOU"
"GO";521870;"Rianápolis";100;0;0;0;"Sim";-100;"ALCANÇOU"
"GO";521878;"Rio Quente";0;0;1;0;"Sim";0;"ALCANÇOU"
"GO";521880;"Rio Verde";23,0769230769231;39;124;31,4516129032258;"Não";8,4;"NÃO ALCANÇOU"
"GO";521890;"Rubiataba";50;0;0;0;"Sim";-50;"ALCANÇOU"
"GO";521900;"Sanclerlândia";100;1;2;50;"Sim";-50;"ALCANÇOU"
"GO";521910;"Santa Bárbara de Goiás";0;0;3;0;"Sim";0;"ALCANÇOU"
"GO";521920;"Santa Cruz de Goiás";0;0;0;0;"Sim";0;"ALCANÇOU"
"GO";521925;"Santa Fé de Goiás";0;0;0;0;"Sim";0;"ALCANÇOU"
"GO";521930;"Santa Helena de Goiás";53,8461538461538;4;9;44,4444444444444;"Sim";-9,4;"ALCANÇOU"
"GO";521935;"Santa Isabel";0;0;0;0;"Sim";0;"ALCANÇOU"
"GO";521940;"Santa Rita do Araguaia";50;1;1;100;"Não";50;"NÃO ALCANÇOU"
"GO";521945;"Santa Rita do Novo Destino";0;0;0;0;"Sim";0;"ALCANÇOU"
"GO";521950;"Santa Rosa de Goiás";100;0;0;0;"Sim";-100;"ALCANÇOU"
"GO";521960;"Santa Tereza de Goiás";0;0;1;0;"Sim";0;"ALCANÇOU"
"GO";521970;"Santa Terezinha de Goiás";0;2;4;50;"Não";50;"NÃO ALCANÇOU"
"GO";521971;"Santo Antônio da Barra";0;0;0;0;"Sim";0;"ALCANÇOU"
"GO";521973;"Santo Antônio de Goiás";100;1;2;50;"Sim";-50;"ALCANÇOU"
"GO";521975;"Santo Antônio do Descoberto";30;6;12;50;"Não";20;"NÃO ALCANÇOU"
"GO";521980;"São Domingos";0;1;1;100;"Não";100;"NÃO ALCANÇOU"
"GO";521990;"São Francisco de Goiás";100;0;1;0;"Sim";-100;"ALCANÇOU"
"GO";522000;"São João d'Aliança";100;0;0;0;"Sim";-100;"ALCANÇOU"
"GO";522005;"São João da Paraúna";50;0;0;0;"Sim";-50;"ALCANÇOU"
"GO";522010;"São Luís de Montes Belos";40;2;5;40;"Não";0;"NÃO ALCANÇOU"
"GO";522015;"São Luíz do Norte";0;0;0;0;"Sim";0;"ALCANÇOU"
"GO";522020;"São Miguel do Araguaia";40;3;6;50;"Não";10;"NÃO ALCANÇOU"
"GO";522026;"São Miguel do Passa Quatro";0;0;0;0;"Sim";0;"ALCANÇOU"
"GO";522028;"São Patrício";0;0;0;0;"Sim";0;"ALCANÇOU"
"GO";522040;"São Simão";25;0;0;0;"Sim";-25;"ALCANÇOU"
"GO";522045;"Senador Canedo";19,4444444444444;6;43;13,953488372093;"Sim";-5,5;"ALCANÇOU"
"GO";522050;"Serranópolis";0;0;2;0;"Sim";0;"ALCANÇOU"
"GO";522060;"Silvânia";100;2;6;33,3333333333333;"Sim";-66,7;"ALCANÇOU"
"GO";522068;"Simolândia";0;0;3;0;"Sim";0;"ALCANÇOU"
"GO";522070;"Sítio d'Abadia";0;0;0;0;"Sim";0;"ALCANÇOU"
"GO";522100;"Taquaral de Goiás";100;0;2;0;"Sim";-100;"ALCANÇOU"
"GO";522108;"Teresina de Goiás";50;1;1;100;"Não";50;"NÃO ALCANÇOU"
"GO";522119;"Terezópolis de Goiás";0;0;1;0;"Sim";0;"ALCANÇOU"
"GO";522130;"Três Ranchos";0;0;1;0;"Sim";0;"ALCANÇOU"
"GO";522140;"Trindade";34,7826086956522;9;28;32,1428571428572;"Sim";-2,6;"ALCANÇOU"
"GO";522145;"Trombas";0;0;0;0;"Sim";0;"ALCANÇOU"
"GO";522150;"Turvânia";0;0;0;0;"Sim";0;"ALCANÇOU"
"GO";522155;"Turvelândia";0;0;1;0;"Sim";0;"ALCANÇOU"
"GO";522157;"Uirapuru";0;0;0;0;"Sim";0;"ALCANÇOU"
"GO";522160;"Uruaçu";40;5;16;31,25;"Sim";-8,8;"ALCANÇOU"
"GO";522170;"Uruana";0;1;4;25;"Não";25;"NÃO ALCANÇOU"
"GO";522180;"Urutaí";0;0;0;0;"Sim";0;"ALCANÇOU"
"GO";522185;"Valparaíso de Goiás";35;10;37;27,027027027027;"Sim";-8;"ALCANÇOU"
"GO";522190;"Varjão";0;1;1;100;"Não";100;"NÃO ALCANÇOU"
"GO";522200;"Vianópolis";0;0;0;0;"Sim";0;"ALCANÇOU"
"GO";522205;"Vicentinópolis";50;0;0;0;"Sim";-50;"ALCANÇOU"
"GO";522220;"Vila Boa";0;0;0;0;"Sim";0;"ALCANÇOU"
"GO";522230;"Vila Propício";0;0;0;0;"Sim";0;"ALCANÇOU"
"DF";530010;"Brasília";19,5088676671214;145;674;21,513353115727;"Não";2;"NÃO ALCANÇOU"
