"UF";"COD_MUN";"NOME_MUN";"*Ausência de Óbitos";"NUM_2025";"DEN_2025";"RES_2025";"RES";"METAS"
"AC";"120001";"Acrelândia";"X";;;;;"NÃO ALCANÇOU"
"AC";"120005";"Assis Brasil";"X";;;;;"NÃO ALCANÇOU"
"AC";"120010";"Brasiléia";"X";;;;;"NÃO ALCANÇOU"
"AC";"120013";"Bujari";"X";;;;;"NÃO ALCANÇOU"
"AC";"120017";"Capixaba";"X";;;;;"NÃO ALCANÇOU"
"AC";"120020";"Cruzeiro do Sul";;3;5;60;60;"NÃO ALCANÇOU"
"AC";"120025";"Epitaciolândia";"X";;;;;"NÃO ALCANÇOU"
"AC";"120030";"Feijó";"X";;;;;"NÃO ALCANÇOU"
"AC";"120032";"Jordão";"X";;;;;"NÃO ALCANÇOU"
"AC";"120033";"Mâncio Lima";;1;1;100;100;"ALCANÇOU"
"AC";"120034";"Manoel Urbano";"X";;;;;"NÃO ALCANÇOU"
"AC";"120035";"Marechal Thaumaturgo";;0;1;0;0;"NÃO ALCANÇOU"
"AC";"120038";"Plácido de Castro";"X";;;;;"NÃO ALCANÇOU"
"AC";"120039";"Porto Walter";"X";;;;;"NÃO ALCANÇOU"
"AC";"120040";"Rio Branco";;3;3;100;100;"ALCANÇOU"
"AC";"120042";"Rodrigues Alves";"X";;;;;"NÃO ALCANÇOU"
"AC";"120043";"Santa Rosa do Purus";"X";;;;;"NÃO ALCANÇOU"
"AC";"120045";"Senador Guiomard";"X";;;;;"NÃO ALCANÇOU"
"AC";"120050";"Sena Madureira";"X";;;;;"NÃO ALCANÇOU"
"AC";"120060";"Tarauacá";;2;2;100;100;"ALCANÇOU"
"AC";"120070";"Xapuri";"X";;;;;"NÃO ALCANÇOU"
"AC";"120080";"Porto Acre";"X";;;;;"NÃO ALCANÇOU"
"AL";"270010";"Água Branca";"X";;;;;"NÃO ALCANÇOU"
"AL";"270020";"Anadia";"X";;;;;"NÃO ALCANÇOU"
"AL";"270030";"Arapiraca";;3;3;100;100;"ALCANÇOU"
"AL";"270040";"Atalaia";;0;1;0;0;"NÃO ALCANÇOU"
"AL";"270050";"Barra de Santo Antônio";"X";;;;;"NÃO ALCANÇOU"
"AL";"270060";"Barra de São Miguel";"X";;;;;"NÃO ALCANÇOU"
"AL";"270070";"Batalha";"X";;;;;"NÃO ALCANÇOU"
"AL";"270080";"Belém";"X";;;;;"NÃO ALCANÇOU"
"AL";"270090";"Belo Monte";"X";;;;;"NÃO ALCANÇOU"
"AL";"270100";"Boca da Mata";"X";;;;;"NÃO ALCANÇOU"
"AL";"270110";"Branquinha";"X";;;;;"NÃO ALCANÇOU"
"AL";"270120";"Cacimbinhas";"X";;;;;"NÃO ALCANÇOU"
"AL";"270130";"Cajueiro";"X";;;;;"NÃO ALCANÇOU"
"AL";"270135";"Campestre";"X";;;;;"NÃO ALCANÇOU"
"AL";"270140";"Campo Alegre";"X";;;;;"NÃO ALCANÇOU"
"AL";"270150";"Campo Grande";"X";;;;;"NÃO ALCANÇOU"
"AL";"270160";"Canapi";"X";;;;;"NÃO ALCANÇOU"
"AL";"270170";"Capela";"X";;;;;"NÃO ALCANÇOU"
"AL";"270180";"Carneiros";"X";;;;;"NÃO ALCANÇOU"
"AL";"270190";"Chã Preta";"X";;;;;"NÃO ALCANÇOU"
"AL";"270200";"Coité do Nóia";"X";;;;;"NÃO ALCANÇOU"
"AL";"270210";"Colônia Leopoldina";"X";;;;;"NÃO ALCANÇOU"
"AL";"270220";"Coqueiro Seco";"X";;;;;"NÃO ALCANÇOU"
"AL";"270230";"Coruripe";"X";;;;;"NÃO ALCANÇOU"
"AL";"270235";"Craíbas";"X";;;;;"NÃO ALCANÇOU"
"AL";"270240";"Delmiro Gouveia";"X";;;;;"NÃO ALCANÇOU"
"AL";"270250";"Dois Riachos";"X";;;;;"NÃO ALCANÇOU"
"AL";"270255";"Estrela de Alagoas";"X";;;;;"NÃO ALCANÇOU"
"AL";"270260";"Feira Grande";"X";;;;;"NÃO ALCANÇOU"
"AL";"270270";"Feliz Deserto";"X";;;;;"NÃO ALCANÇOU"
"AL";"270280";"Flexeiras";"X";;;;;"NÃO ALCANÇOU"
"AL";"270290";"Girau do Ponciano";"X";;;;;"NÃO ALCANÇOU"
"AL";"270300";"Ibateguara";"X";;;;;"NÃO ALCANÇOU"
"AL";"270310";"Igaci";"X";;;;;"NÃO ALCANÇOU"
"AL";"270320";"Igreja Nova";"X";;;;;"NÃO ALCANÇOU"
"AL";"270330";"Inhapi";"X";;;;;"NÃO ALCANÇOU"
"AL";"270340";"Jacaré dos Homens";"X";;;;;"NÃO ALCANÇOU"
"AL";"270350";"Jacuípe";"X";;;;;"NÃO ALCANÇOU"
"AL";"270360";"Japaratinga";"X";;;;;"NÃO ALCANÇOU"
"AL";"270370";"Jaramataia";"X";;;;;"NÃO ALCANÇOU"
"AL";"270375";"Jequiá da Praia";"X";;;;;"NÃO ALCANÇOU"
"AL";"270380";"Joaquim Gomes";"X";;;;;"NÃO ALCANÇOU"
"AL";"270390";"Jundiá";"X";;;;;"NÃO ALCANÇOU"
"AL";"270400";"Junqueiro";"X";;;;;"NÃO ALCANÇOU"
"AL";"270410";"Lagoa da Canoa";"X";;;;;"NÃO ALCANÇOU"
"AL";"270420";"Limoeiro de Anadia";"X";;;;;"NÃO ALCANÇOU"
"AL";"270430";"Maceió";;26;26;100;100;"ALCANÇOU"
"AL";"270440";"Major Isidoro";"X";;;;;"NÃO ALCANÇOU"
"AL";"270450";"Maragogi";;1;1;100;100;"ALCANÇOU"
"AL";"270460";"Maravilha";"X";;;;;"NÃO ALCANÇOU"
"AL";"270470";"Marechal Deodoro";;1;1;100;100;"ALCANÇOU"
"AL";"270480";"Maribondo";"X";;;;;"NÃO ALCANÇOU"
"AL";"270490";"Mar Vermelho";"X";;;;;"NÃO ALCANÇOU"
"AL";"270500";"Mata Grande";"X";;;;;"NÃO ALCANÇOU"
"AL";"270510";"Matriz de Camaragibe";"X";;;;;"NÃO ALCANÇOU"
"AL";"270520";"Messias";"X";;;;;"NÃO ALCANÇOU"
"AL";"270530";"Minador do Negrão";"X";;;;;"NÃO ALCANÇOU"
"AL";"270540";"Monteirópolis";"X";;;;;"NÃO ALCANÇOU"
"AL";"270550";"Murici";;1;1;100;100;"ALCANÇOU"
"AL";"270560";"Novo Lino";"X";;;;;"NÃO ALCANÇOU"
"AL";"270570";"Olho d'Água das Flores";"X";;;;;"NÃO ALCANÇOU"
"AL";"270580";"Olho d'Água do Casado";"X";;;;;"NÃO ALCANÇOU"
"AL";"270590";"Olho d'Água Grande";"X";;;;;"NÃO ALCANÇOU"
"AL";"270600";"Olivença";"X";;;;;"NÃO ALCANÇOU"
"AL";"270610";"Ouro Branco";"X";;;;;"NÃO ALCANÇOU"
"AL";"270620";"Palestina";;1;1;100;100;"ALCANÇOU"
"AL";"270630";"Palmeira dos Índios";"X";;;;;"NÃO ALCANÇOU"
"AL";"270640";"Pão de Açúcar";"X";;;;;"NÃO ALCANÇOU"
"AL";"270642";"Pariconha";"X";;;;;"NÃO ALCANÇOU"
"AL";"270644";"Paripueira";"X";;;;;"NÃO ALCANÇOU"
"AL";"270650";"Passo de Camaragibe";"X";;;;;"NÃO ALCANÇOU"
"AL";"270660";"Paulo Jacinto";"X";;;;;"NÃO ALCANÇOU"
"AL";"270670";"Penedo";"X";;;;;"NÃO ALCANÇOU"
"AL";"270680";"Piaçabuçu";"X";;;;;"NÃO ALCANÇOU"
"AL";"270690";"Pilar";"X";;;;;"NÃO ALCANÇOU"
"AL";"270700";"Pindoba";"X";;;;;"NÃO ALCANÇOU"
"AL";"270710";"Piranhas";"X";;;;;"NÃO ALCANÇOU"
"AL";"270720";"Poço das Trincheiras";"X";;;;;"NÃO ALCANÇOU"
"AL";"270730";"Porto Calvo";;1;1;100;100;"ALCANÇOU"
"AL";"270740";"Porto de Pedras";"X";;;;;"NÃO ALCANÇOU"
"AL";"270750";"Porto Real do Colégio";"X";;;;;"NÃO ALCANÇOU"
"AL";"270760";"Quebrangulo";"X";;;;;"NÃO ALCANÇOU"
"AL";"270770";"Rio Largo";;1;1;100;100;"ALCANÇOU"
"AL";"270780";"Roteiro";"X";;;;;"NÃO ALCANÇOU"
"AL";"270790";"Santa Luzia do Norte";"X";;;;;"NÃO ALCANÇOU"
"AL";"270800";"Santana do Ipanema";"X";;;;;"NÃO ALCANÇOU"
"AL";"270810";"Santana do Mundaú";"X";;;;;"NÃO ALCANÇOU"
"AL";"270820";"São Brás";"X";;;;;"NÃO ALCANÇOU"
"AL";"270830";"São José da Laje";"X";;;;;"NÃO ALCANÇOU"
"AL";"270840";"São José da Tapera";"X";;;;;"NÃO ALCANÇOU"
"AL";"270850";"São Luís do Quitunde";;1;1;100;100;"ALCANÇOU"
"AL";"270860";"São Miguel dos Campos";"X";;;;;"NÃO ALCANÇOU"
"AL";"270870";"São Miguel dos Milagres";"X";;;;;"NÃO ALCANÇOU"
"AL";"270880";"São Sebastião";;1;1;100;100;"ALCANÇOU"
"AL";"270890";"Satuba";"X";;;;;"NÃO ALCANÇOU"
"AL";"270895";"Senador Rui Palmeira";"X";;;;;"NÃO ALCANÇOU"
"AL";"270900";"Tanque d'Arca";"X";;;;;"NÃO ALCANÇOU"
"AL";"270910";"Taquarana";"X";;;;;"NÃO ALCANÇOU"
"AL";"270915";"Teotônio Vilela";;1;1;100;100;"ALCANÇOU"
"AL";"270920";"Traipu";"X";;;;;"NÃO ALCANÇOU"
"AL";"270930";"União dos Palmares";;2;2;100;100;"ALCANÇOU"
"AL";"270940";"Viçosa";;1;1;100;100;"ALCANÇOU"
"AM";"130002";"Alvarães";"X";;;;;"NÃO ALCANÇOU"
"AM";"130006";"Amaturá";"X";;;;;"NÃO ALCANÇOU"
"AM";"130008";"Anamã";"X";;;;;"NÃO ALCANÇOU"
"AM";"130010";"Anori";"X";;;;;"NÃO ALCANÇOU"
"AM";"130014";"Apuí";"X";;;;;"NÃO ALCANÇOU"
"AM";"130020";"Atalaia do Norte";;2;2;100;100;"ALCANÇOU"
"AM";"130030";"Autazes";"X";;;;;"NÃO ALCANÇOU"
"AM";"130040";"Barcelos";"X";;;;;"NÃO ALCANÇOU"
"AM";"130050";"Barreirinha";"X";;;;;"NÃO ALCANÇOU"
"AM";"130060";"Benjamin Constant";"X";;;;;"NÃO ALCANÇOU"
"AM";"130063";"Beruri";"X";;;;;"NÃO ALCANÇOU"
"AM";"130068";"Boa Vista do Ramos";"X";;;;;"NÃO ALCANÇOU"
"AM";"130070";"Boca do Acre";"X";;;;;"NÃO ALCANÇOU"
"AM";"130080";"Borba";"X";;;;;"NÃO ALCANÇOU"
"AM";"130083";"Caapiranga";"X";;;;;"NÃO ALCANÇOU"
"AM";"130090";"Canutama";"X";;;;;"NÃO ALCANÇOU"
"AM";"130100";"Carauari";"X";;;;;"NÃO ALCANÇOU"
"AM";"130110";"Careiro";"X";;;;;"NÃO ALCANÇOU"
"AM";"130115";"Careiro da Várzea";"X";;;;;"NÃO ALCANÇOU"
"AM";"130120";"Coari";"X";;;;;"NÃO ALCANÇOU"
"AM";"130130";"Codajás";"X";;;;;"NÃO ALCANÇOU"
"AM";"130140";"Eirunepé";"X";;;;;"NÃO ALCANÇOU"
"AM";"130150";"Envira";"X";;;;;"NÃO ALCANÇOU"
"AM";"130160";"Fonte Boa";"X";;;;;"NÃO ALCANÇOU"
"AM";"130165";"Guajará";;1;1;100;100;"ALCANÇOU"
"AM";"130170";"Humaitá";"X";;;;;"NÃO ALCANÇOU"
"AM";"130180";"Ipixuna";;1;1;100;100;"ALCANÇOU"
"AM";"130185";"Iranduba";;1;1;100;100;"ALCANÇOU"
"AM";"130190";"Itacoatiara";;1;1;100;100;"ALCANÇOU"
"AM";"130195";"Itamarati";"X";;;;;"NÃO ALCANÇOU"
"AM";"130200";"Itapiranga";"X";;;;;"NÃO ALCANÇOU"
"AM";"130210";"Japurá";"X";;;;;"NÃO ALCANÇOU"
"AM";"130220";"Juruá";"X";;;;;"NÃO ALCANÇOU"
"AM";"130230";"Jutaí";;1;1;100;100;"ALCANÇOU"
"AM";"130240";"Lábrea";;1;1;100;100;"ALCANÇOU"
"AM";"130250";"Manacapuru";"X";;;;;"NÃO ALCANÇOU"
"AM";"130255";"Manaquiri";"X";;;;;"NÃO ALCANÇOU"
"AM";"130260";"Manaus";;24;24;100;100;"ALCANÇOU"
"AM";"130270";"Manicoré";"X";;;;;"NÃO ALCANÇOU"
"AM";"130280";"Maraã";"X";;;;;"NÃO ALCANÇOU"
"AM";"130290";"Maués";"X";;;;;"NÃO ALCANÇOU"
"AM";"130300";"Nhamundá";"X";;;;;"NÃO ALCANÇOU"
"AM";"130310";"Nova Olinda do Norte";"X";;;;;"NÃO ALCANÇOU"
"AM";"130320";"Novo Airão";"X";;;;;"NÃO ALCANÇOU"
"AM";"130330";"Novo Aripuanã";"X";;;;;"NÃO ALCANÇOU"
"AM";"130340";"Parintins";"X";;;;;"NÃO ALCANÇOU"
"AM";"130350";"Pauini";"X";;;;;"NÃO ALCANÇOU"
"AM";"130353";"Presidente Figueiredo";;1;1;100;100;"ALCANÇOU"
"AM";"130356";"Rio Preto da Eva";"X";;;;;"NÃO ALCANÇOU"
"AM";"130360";"Santa Isabel do Rio Negro";"X";;;;;"NÃO ALCANÇOU"
"AM";"130370";"Santo Antônio do Içá";"X";;;;;"NÃO ALCANÇOU"
"AM";"130380";"São Gabriel da Cachoeira";"X";;;;;"NÃO ALCANÇOU"
"AM";"130390";"São Paulo de Olivença";"X";;;;;"NÃO ALCANÇOU"
"AM";"130395";"São Sebastião do Uatumã";"X";;;;;"NÃO ALCANÇOU"
"AM";"130400";"Silves";"X";;;;;"NÃO ALCANÇOU"
"AM";"130406";"Tabatinga";;1;1;100;100;"ALCANÇOU"
"AM";"130410";"Tapauá";"X";;;;;"NÃO ALCANÇOU"
"AM";"130420";"Tefé";"X";;;;;"NÃO ALCANÇOU"
"AM";"130423";"Tonantins";"X";;;;;"NÃO ALCANÇOU"
"AM";"130426";"Uarini";"X";;;;;"NÃO ALCANÇOU"
"AM";"130430";"Urucará";"X";;;;;"NÃO ALCANÇOU"
"AM";"130440";"Urucurituba";"X";;;;;"NÃO ALCANÇOU"
"AP";"160005";"Serra do Navio";"X";;;;;"NÃO ALCANÇOU"
"AP";"160010";"Amapá";"X";;;;;"NÃO ALCANÇOU"
"AP";"160015";"Pedra Branca do Amapari";"X";;;;;"NÃO ALCANÇOU"
"AP";"160020";"Calçoene";"X";;;;;"NÃO ALCANÇOU"
"AP";"160021";"Cutias";"X";;;;;"NÃO ALCANÇOU"
"AP";"160023";"Ferreira Gomes";"X";;;;;"NÃO ALCANÇOU"
"AP";"160025";"Itaubal";"X";;;;;"NÃO ALCANÇOU"
"AP";"160027";"Laranjal do Jari";"X";;;;;"NÃO ALCANÇOU"
"AP";"160030";"Macapá";;6;6;100;100;"ALCANÇOU"
"AP";"160040";"Mazagão";"X";;;;;"NÃO ALCANÇOU"
"AP";"160050";"Oiapoque";"X";;;;;"NÃO ALCANÇOU"
"AP";"160053";"Porto Grande";"X";;;;;"NÃO ALCANÇOU"
"AP";"160055";"Pracuúba";"X";;;;;"NÃO ALCANÇOU"
"AP";"160060";"Santana";;3;3;100;100;"ALCANÇOU"
"AP";"160070";"Tartarugalzinho";"X";;;;;"NÃO ALCANÇOU"
"AP";"160080";"Vitória do Jari";"X";;;;;"NÃO ALCANÇOU"
"BA";"290010";"Abaíra";"X";;;;;"NÃO ALCANÇOU"
"BA";"290020";"Abaré";"X";;;;;"NÃO ALCANÇOU"
"BA";"290030";"Acajutiba";"X";;;;;"NÃO ALCANÇOU"
"BA";"290035";"Adustina";"X";;;;;"NÃO ALCANÇOU"
"BA";"290040";"Água Fria";"X";;;;;"NÃO ALCANÇOU"
"BA";"290050";"Érico Cardoso";"X";;;;;"NÃO ALCANÇOU"
"BA";"290060";"Aiquara";"X";;;;;"NÃO ALCANÇOU"
"BA";"290070";"Alagoinhas";"X";;;;;"NÃO ALCANÇOU"
"BA";"290080";"Alcobaça";"X";;;;;"NÃO ALCANÇOU"
"BA";"290090";"Almadina";"X";;;;;"NÃO ALCANÇOU"
"BA";"290100";"Amargosa";"X";;;;;"NÃO ALCANÇOU"
"BA";"290110";"Amélia Rodrigues";"X";;;;;"NÃO ALCANÇOU"
"BA";"290115";"América Dourada";"X";;;;;"NÃO ALCANÇOU"
"BA";"290120";"Anagé";"X";;;;;"NÃO ALCANÇOU"
"BA";"290130";"Andaraí";"X";;;;;"NÃO ALCANÇOU"
"BA";"290135";"Andorinha";"X";;;;;"NÃO ALCANÇOU"
"BA";"290140";"Angical";"X";;;;;"NÃO ALCANÇOU"
"BA";"290150";"Anguera";"X";;;;;"NÃO ALCANÇOU"
"BA";"290160";"Antas";"X";;;;;"NÃO ALCANÇOU"
"BA";"290170";"Antônio Cardoso";"X";;;;;"NÃO ALCANÇOU"
"BA";"290180";"Antônio Gonçalves";"X";;;;;"NÃO ALCANÇOU"
"BA";"290190";"Aporá";"X";;;;;"NÃO ALCANÇOU"
"BA";"290195";"Apuarema";"X";;;;;"NÃO ALCANÇOU"
"BA";"290200";"Aracatu";"X";;;;;"NÃO ALCANÇOU"
"BA";"290205";"Araçás";"X";;;;;"NÃO ALCANÇOU"
"BA";"290210";"Araci";"X";;;;;"NÃO ALCANÇOU"
"BA";"290220";"Aramari";"X";;;;;"NÃO ALCANÇOU"
"BA";"290225";"Arataca";"X";;;;;"NÃO ALCANÇOU"
"BA";"290230";"Aratuípe";"X";;;;;"NÃO ALCANÇOU"
"BA";"290240";"Aurelino Leal";"X";;;;;"NÃO ALCANÇOU"
"BA";"290250";"Baianópolis";"X";;;;;"NÃO ALCANÇOU"
"BA";"290260";"Baixa Grande";"X";;;;;"NÃO ALCANÇOU"
"BA";"290265";"Banzaê";"X";;;;;"NÃO ALCANÇOU"
"BA";"290270";"Barra";"X";;;;;"NÃO ALCANÇOU"
"BA";"290280";"Barra da Estiva";"X";;;;;"NÃO ALCANÇOU"
"BA";"290290";"Barra do Choça";"X";;;;;"NÃO ALCANÇOU"
"BA";"290300";"Barra do Mendes";"X";;;;;"NÃO ALCANÇOU"
"BA";"290310";"Barra do Rocha";"X";;;;;"NÃO ALCANÇOU"
"BA";"290320";"Barreiras";;2;2;100;100;"ALCANÇOU"
"BA";"290323";"Barro Alto";"X";;;;;"NÃO ALCANÇOU"
"BA";"290327";"Barrocas";"X";;;;;"NÃO ALCANÇOU"
"BA";"290330";"Barro Preto";"X";;;;;"NÃO ALCANÇOU"
"BA";"290340";"Belmonte";"X";;;;;"NÃO ALCANÇOU"
"BA";"290350";"Belo Campo";;5;24;20,8;20,8;"NÃO ALCANÇOU"
"BA";"290360";"Biritinga";"X";;;;;"NÃO ALCANÇOU"
"BA";"290370";"Boa Nova";"X";;;;;"NÃO ALCANÇOU"
"BA";"290380";"Boa Vista do Tupim";"X";;;;;"NÃO ALCANÇOU"
"BA";"290390";"Bom Jesus da Lapa";"X";;;;;"NÃO ALCANÇOU"
"BA";"290395";"Bom Jesus da Serra";"X";;;;;"NÃO ALCANÇOU"
"BA";"290400";"Boninal";"X";;;;;"NÃO ALCANÇOU"
"BA";"290405";"Bonito";"X";;;;;"NÃO ALCANÇOU"
"BA";"290410";"Boquira";"X";;;;;"NÃO ALCANÇOU"
"BA";"290420";"Botuporã";"X";;;;;"NÃO ALCANÇOU"
"BA";"290430";"Brejões";"X";;;;;"NÃO ALCANÇOU"
"BA";"290440";"Brejolândia";"X";;;;;"NÃO ALCANÇOU"
"BA";"290450";"Brotas de Macaúbas";"X";;;;;"NÃO ALCANÇOU"
"BA";"290460";"Brumado";;1;2;50;50;"NÃO ALCANÇOU"
"BA";"290470";"Buerarema";"X";;;;;"NÃO ALCANÇOU"
"BA";"290475";"Buritirama";"X";;;;;"NÃO ALCANÇOU"
"BA";"290480";"Caatiba";"X";;;;;"NÃO ALCANÇOU"
"BA";"290485";"Cabaceiras do Paraguaçu";"X";;;;;"NÃO ALCANÇOU"
"BA";"290490";"Cachoeira";"X";;;;;"NÃO ALCANÇOU"
"BA";"290500";"Caculé";"X";;;;;"NÃO ALCANÇOU"
"BA";"290510";"Caém";"X";;;;;"NÃO ALCANÇOU"
"BA";"290515";"Caetanos";"X";;;;;"NÃO ALCANÇOU"
"BA";"290520";"Caetité";"X";;;;;"NÃO ALCANÇOU"
"BA";"290530";"Cafarnaum";"X";;;;;"NÃO ALCANÇOU"
"BA";"290540";"Cairu";"X";;;;;"NÃO ALCANÇOU"
"BA";"290550";"Caldeirão Grande";"X";;;;;"NÃO ALCANÇOU"
"BA";"290560";"Camacan";"X";;;;;"NÃO ALCANÇOU"
"BA";"290570";"Camaçari";;2;2;100;100;"ALCANÇOU"
"BA";"290580";"Camamu";"X";;;;;"NÃO ALCANÇOU"
"BA";"290590";"Campo Alegre de Lourdes";"X";;;;;"NÃO ALCANÇOU"
"BA";"290600";"Campo Formoso";"X";;;;;"NÃO ALCANÇOU"
"BA";"290610";"Canápolis";"X";;;;;"NÃO ALCANÇOU"
"BA";"290620";"Canarana";"X";;;;;"NÃO ALCANÇOU"
"BA";"290630";"Canavieiras";"X";;;;;"NÃO ALCANÇOU"
"BA";"290640";"Candeal";"X";;;;;"NÃO ALCANÇOU"
"BA";"290650";"Candeias";;1;1;100;100;"ALCANÇOU"
"BA";"290660";"Candiba";"X";;;;;"NÃO ALCANÇOU"
"BA";"290670";"Cândido Sales";"X";;;;;"NÃO ALCANÇOU"
"BA";"290680";"Cansanção";;1;1;100;100;"ALCANÇOU"
"BA";"290682";"Canudos";"X";;;;;"NÃO ALCANÇOU"
"BA";"290685";"Capela do Alto Alegre";"X";;;;;"NÃO ALCANÇOU"
"BA";"290687";"Capim Grosso";;1;1;100;100;"ALCANÇOU"
"BA";"290689";"Caraíbas";;1;1;100;100;"ALCANÇOU"
"BA";"290690";"Caravelas";"X";;;;;"NÃO ALCANÇOU"
"BA";"290700";"Cardeal da Silva";"X";;;;;"NÃO ALCANÇOU"
"BA";"290710";"Carinhanha";"X";;;;;"NÃO ALCANÇOU"
"BA";"290720";"Casa Nova";"X";;;;;"NÃO ALCANÇOU"
"BA";"290730";"Castro Alves";"X";;;;;"NÃO ALCANÇOU"
"BA";"290740";"Catolândia";"X";;;;;"NÃO ALCANÇOU"
"BA";"290750";"Catu";"X";;;;;"NÃO ALCANÇOU"
"BA";"290755";"Caturama";"X";;;;;"NÃO ALCANÇOU"
"BA";"290760";"Central";"X";;;;;"NÃO ALCANÇOU"
"BA";"290770";"Chorrochó";"X";;;;;"NÃO ALCANÇOU"
"BA";"290780";"Cícero Dantas";"X";;;;;"NÃO ALCANÇOU"
"BA";"290790";"Cipó";"X";;;;;"NÃO ALCANÇOU"
"BA";"290800";"Coaraci";"X";;;;;"NÃO ALCANÇOU"
"BA";"290810";"Cocos";"X";;;;;"NÃO ALCANÇOU"
"BA";"290820";"Conceição da Feira";"X";;;;;"NÃO ALCANÇOU"
"BA";"290830";"Conceição do Almeida";"X";;;;;"NÃO ALCANÇOU"
"BA";"290840";"Conceição do Coité";"X";;;;;"NÃO ALCANÇOU"
"BA";"290850";"Conceição do Jacuípe";;1;1;100;100;"ALCANÇOU"
"BA";"290860";"Conde";"X";;;;;"NÃO ALCANÇOU"
"BA";"290870";"Condeúba";;1;1;100;100;"ALCANÇOU"
"BA";"290880";"Contendas do Sincorá";"X";;;;;"NÃO ALCANÇOU"
"BA";"290890";"Coração de Maria";"X";;;;;"NÃO ALCANÇOU"
"BA";"290900";"Cordeiros";"X";;;;;"NÃO ALCANÇOU"
"BA";"290910";"Coribe";"X";;;;;"NÃO ALCANÇOU"
"BA";"290920";"Coronel João Sá";"X";;;;;"NÃO ALCANÇOU"
"BA";"290930";"Correntina";"X";;;;;"NÃO ALCANÇOU"
"BA";"290940";"Cotegipe";"X";;;;;"NÃO ALCANÇOU"
"BA";"290950";"Cravolândia";"X";;;;;"NÃO ALCANÇOU"
"BA";"290960";"Crisópolis";"X";;;;;"NÃO ALCANÇOU"
"BA";"290970";"Cristópolis";"X";;;;;"NÃO ALCANÇOU"
"BA";"290980";"Cruz das Almas";"X";;;;;"NÃO ALCANÇOU"
"BA";"290990";"Curaçá";"X";;;;;"NÃO ALCANÇOU"
"BA";"291000";"Dário Meira";"X";;;;;"NÃO ALCANÇOU"
"BA";"291005";"Dias d'Ávila";;0;1;0;0;"NÃO ALCANÇOU"
"BA";"291010";"Dom Basílio";;0;1;0;0;"NÃO ALCANÇOU"
"BA";"291020";"Dom Macedo Costa";"X";;;;;"NÃO ALCANÇOU"
"BA";"291030";"Elísio Medrado";"X";;;;;"NÃO ALCANÇOU"
"BA";"291040";"Encruzilhada";;1;1;100;100;"ALCANÇOU"
"BA";"291050";"Entre Rios";"X";;;;;"NÃO ALCANÇOU"
"BA";"291060";"Esplanada";;1;1;100;100;"ALCANÇOU"
"BA";"291070";"Euclides da Cunha";;1;1;100;100;"ALCANÇOU"
"BA";"291072";"Eunápolis";;4;4;100;100;"ALCANÇOU"
"BA";"291075";"Fátima";"X";;;;;"NÃO ALCANÇOU"
"BA";"291077";"Feira da Mata";"X";;;;;"NÃO ALCANÇOU"
"BA";"291080";"Feira de Santana";;17;21;81;81;"ALCANÇOU"
"BA";"291085";"Filadélfia";"X";;;;;"NÃO ALCANÇOU"
"BA";"291090";"Firmino Alves";"X";;;;;"NÃO ALCANÇOU"
"BA";"291100";"Floresta Azul";"X";;;;;"NÃO ALCANÇOU"
"BA";"291110";"Formosa do Rio Preto";"X";;;;;"NÃO ALCANÇOU"
"BA";"291120";"Gandu";"X";;;;;"NÃO ALCANÇOU"
"BA";"291125";"Gavião";"X";;;;;"NÃO ALCANÇOU"
"BA";"291130";"Gentio do Ouro";"X";;;;;"NÃO ALCANÇOU"
"BA";"291140";"Glória";"X";;;;;"NÃO ALCANÇOU"
"BA";"291150";"Gongogi";"X";;;;;"NÃO ALCANÇOU"
"BA";"291160";"Governador Mangabeira";"X";;;;;"NÃO ALCANÇOU"
"BA";"291165";"Guajeru";"X";;;;;"NÃO ALCANÇOU"
"BA";"291170";"Guanambi";;3;3;100;100;"ALCANÇOU"
"BA";"291180";"Guaratinga";"X";;;;;"NÃO ALCANÇOU"
"BA";"291185";"Heliópolis";"X";;;;;"NÃO ALCANÇOU"
"BA";"291190";"Iaçu";"X";;;;;"NÃO ALCANÇOU"
"BA";"291200";"Ibiassucê";;1;2;50;50;"NÃO ALCANÇOU"
"BA";"291210";"Ibicaraí";"X";;;;;"NÃO ALCANÇOU"
"BA";"291220";"Ibicoara";"X";;;;;"NÃO ALCANÇOU"
"BA";"291230";"Ibicuí";"X";;;;;"NÃO ALCANÇOU"
"BA";"291240";"Ibipeba";"X";;;;;"NÃO ALCANÇOU"
"BA";"291250";"Ibipitanga";"X";;;;;"NÃO ALCANÇOU"
"BA";"291260";"Ibiquera";"X";;;;;"NÃO ALCANÇOU"
"BA";"291270";"Ibirapitanga";"X";;;;;"NÃO ALCANÇOU"
"BA";"291280";"Ibirapuã";"X";;;;;"NÃO ALCANÇOU"
"BA";"291290";"Ibirataia";"X";;;;;"NÃO ALCANÇOU"
"BA";"291300";"Ibitiara";"X";;;;;"NÃO ALCANÇOU"
"BA";"291310";"Ibititá";"X";;;;;"NÃO ALCANÇOU"
"BA";"291320";"Ibotirama";"X";;;;;"NÃO ALCANÇOU"
"BA";"291330";"Ichu";"X";;;;;"NÃO ALCANÇOU"
"BA";"291340";"Igaporã";"X";;;;;"NÃO ALCANÇOU"
"BA";"291345";"Igrapiúna";"X";;;;;"NÃO ALCANÇOU"
"BA";"291350";"Iguaí";"X";;;;;"NÃO ALCANÇOU"
"BA";"291360";"Ilhéus";;1;2;50;50;"NÃO ALCANÇOU"
"BA";"291370";"Inhambupe";"X";;;;;"NÃO ALCANÇOU"
"BA";"291380";"Ipecaetá";"X";;;;;"NÃO ALCANÇOU"
"BA";"291390";"Ipiaú";"X";;;;;"NÃO ALCANÇOU"
"BA";"291400";"Ipirá";"X";;;;;"NÃO ALCANÇOU"
"BA";"291410";"Ipupiara";"X";;;;;"NÃO ALCANÇOU"
"BA";"291420";"Irajuba";"X";;;;;"NÃO ALCANÇOU"
"BA";"291430";"Iramaia";"X";;;;;"NÃO ALCANÇOU"
"BA";"291440";"Iraquara";"X";;;;;"NÃO ALCANÇOU"
"BA";"291450";"Irará";"X";;;;;"NÃO ALCANÇOU"
"BA";"291460";"Irecê";;1;1;100;100;"ALCANÇOU"
"BA";"291465";"Itabela";"X";;;;;"NÃO ALCANÇOU"
"BA";"291470";"Itaberaba";"X";;;;;"NÃO ALCANÇOU"
"BA";"291480";"Itabuna";;14;19;73,7;73,7;"NÃO ALCANÇOU"
"BA";"291490";"Itacaré";"X";;;;;"NÃO ALCANÇOU"
"BA";"291500";"Itaeté";"X";;;;;"NÃO ALCANÇOU"
"BA";"291510";"Itagi";"X";;;;;"NÃO ALCANÇOU"
"BA";"291520";"Itagibá";"X";;;;;"NÃO ALCANÇOU"
"BA";"291530";"Itagimirim";"X";;;;;"NÃO ALCANÇOU"
"BA";"291535";"Itaguaçu da Bahia";"X";;;;;"NÃO ALCANÇOU"
"BA";"291540";"Itaju do Colônia";"X";;;;;"NÃO ALCANÇOU"
"BA";"291550";"Itajuípe";"X";;;;;"NÃO ALCANÇOU"
"BA";"291560";"Itamaraju";"X";;;;;"NÃO ALCANÇOU"
"BA";"291570";"Itamari";"X";;;;;"NÃO ALCANÇOU"
"BA";"291580";"Itambé";"X";;;;;"NÃO ALCANÇOU"
"BA";"291590";"Itanagra";"X";;;;;"NÃO ALCANÇOU"
"BA";"291600";"Itanhém";"X";;;;;"NÃO ALCANÇOU"
"BA";"291610";"Itaparica";"X";;;;;"NÃO ALCANÇOU"
"BA";"291620";"Itapé";"X";;;;;"NÃO ALCANÇOU"
"BA";"291630";"Itapebi";"X";;;;;"NÃO ALCANÇOU"
"BA";"291640";"Itapetinga";"X";;;;;"NÃO ALCANÇOU"
"BA";"291650";"Itapicuru";"X";;;;;"NÃO ALCANÇOU"
"BA";"291660";"Itapitanga";"X";;;;;"NÃO ALCANÇOU"
"BA";"291670";"Itaquara";"X";;;;;"NÃO ALCANÇOU"
"BA";"291680";"Itarantim";"X";;;;;"NÃO ALCANÇOU"
"BA";"291685";"Itatim";"X";;;;;"NÃO ALCANÇOU"
"BA";"291690";"Itiruçu";"X";;;;;"NÃO ALCANÇOU"
"BA";"291700";"Itiúba";"X";;;;;"NÃO ALCANÇOU"
"BA";"291710";"Itororó";"X";;;;;"NÃO ALCANÇOU"
"BA";"291720";"Ituaçu";"X";;;;;"NÃO ALCANÇOU"
"BA";"291730";"Ituberá";;1;1;100;100;"ALCANÇOU"
"BA";"291733";"Iuiu";"X";;;;;"NÃO ALCANÇOU"
"BA";"291735";"Jaborandi";"X";;;;;"NÃO ALCANÇOU"
"BA";"291740";"Jacaraci";"X";;;;;"NÃO ALCANÇOU"
"BA";"291750";"Jacobina";"X";;;;;"NÃO ALCANÇOU"
"BA";"291760";"Jaguaquara";"X";;;;;"NÃO ALCANÇOU"
"BA";"291770";"Jaguarari";"X";;;;;"NÃO ALCANÇOU"
"BA";"291780";"Jaguaripe";"X";;;;;"NÃO ALCANÇOU"
"BA";"291790";"Jandaíra";"X";;;;;"NÃO ALCANÇOU"
"BA";"291800";"Jequié";;6;6;100;100;"ALCANÇOU"
"BA";"291810";"Jeremoabo";"X";;;;;"NÃO ALCANÇOU"
"BA";"291820";"Jiquiriçá";"X";;;;;"NÃO ALCANÇOU"
"BA";"291830";"Jitaúna";"X";;;;;"NÃO ALCANÇOU"
"BA";"291835";"João Dourado";"X";;;;;"NÃO ALCANÇOU"
"BA";"291840";"Juazeiro";;4;4;100;100;"ALCANÇOU"
"BA";"291845";"Jucuruçu";"X";;;;;"NÃO ALCANÇOU"
"BA";"291850";"Jussara";"X";;;;;"NÃO ALCANÇOU"
"BA";"291855";"Jussari";"X";;;;;"NÃO ALCANÇOU"
"BA";"291860";"Jussiape";"X";;;;;"NÃO ALCANÇOU"
"BA";"291870";"Lafaiete Coutinho";"X";;;;;"NÃO ALCANÇOU"
"BA";"291875";"Lagoa Real";"X";;;;;"NÃO ALCANÇOU"
"BA";"291880";"Laje";"X";;;;;"NÃO ALCANÇOU"
"BA";"291890";"Lajedão";"X";;;;;"NÃO ALCANÇOU"
"BA";"291900";"Lajedinho";"X";;;;;"NÃO ALCANÇOU"
"BA";"291905";"Lajedo do Tabocal";"X";;;;;"NÃO ALCANÇOU"
"BA";"291910";"Lamarão";"X";;;;;"NÃO ALCANÇOU"
"BA";"291915";"Lapão";"X";;;;;"NÃO ALCANÇOU"
"BA";"291920";"Lauro de Freitas";;3;3;100;100;"ALCANÇOU"
"BA";"291930";"Lençóis";"X";;;;;"NÃO ALCANÇOU"
"BA";"291940";"Licínio de Almeida";"X";;;;;"NÃO ALCANÇOU"
"BA";"291950";"Livramento de Nossa Senhora";"X";;;;;"NÃO ALCANÇOU"
"BA";"291955";"Luís Eduardo Magalhães";"X";;;;;"NÃO ALCANÇOU"
"BA";"291960";"Macajuba";"X";;;;;"NÃO ALCANÇOU"
"BA";"291970";"Macarani";"X";;;;;"NÃO ALCANÇOU"
"BA";"291980";"Macaúbas";"X";;;;;"NÃO ALCANÇOU"
"BA";"291990";"Macururé";"X";;;;;"NÃO ALCANÇOU"
"BA";"291992";"Madre de Deus";"X";;;;;"NÃO ALCANÇOU"
"BA";"291995";"Maetinga";"X";;;;;"NÃO ALCANÇOU"
"BA";"292000";"Maiquinique";"X";;;;;"NÃO ALCANÇOU"
"BA";"292010";"Mairi";"X";;;;;"NÃO ALCANÇOU"
"BA";"292020";"Malhada";"X";;;;;"NÃO ALCANÇOU"
"BA";"292030";"Malhada de Pedras";"X";;;;;"NÃO ALCANÇOU"
"BA";"292040";"Manoel Vitorino";"X";;;;;"NÃO ALCANÇOU"
"BA";"292045";"Mansidão";"X";;;;;"NÃO ALCANÇOU"
"BA";"292050";"Maracás";;2;2;100;100;"ALCANÇOU"
"BA";"292060";"Maragogipe";"X";;;;;"NÃO ALCANÇOU"
"BA";"292070";"Maraú";"X";;;;;"NÃO ALCANÇOU"
"BA";"292080";"Marcionílio Souza";"X";;;;;"NÃO ALCANÇOU"
"BA";"292090";"Mascote";"X";;;;;"NÃO ALCANÇOU"
"BA";"292100";"Mata de São João";;1;1;100;100;"ALCANÇOU"
"BA";"292105";"Matina";"X";;;;;"NÃO ALCANÇOU"
"BA";"292110";"Medeiros Neto";"X";;;;;"NÃO ALCANÇOU"
"BA";"292120";"Miguel Calmon";"X";;;;;"NÃO ALCANÇOU"
"BA";"292130";"Milagres";"X";;;;;"NÃO ALCANÇOU"
"BA";"292140";"Mirangaba";"X";;;;;"NÃO ALCANÇOU"
"BA";"292145";"Mirante";"X";;;;;"NÃO ALCANÇOU"
"BA";"292150";"Monte Santo";;1;1;100;100;"ALCANÇOU"
"BA";"292160";"Morpará";"X";;;;;"NÃO ALCANÇOU"
"BA";"292170";"Morro do Chapéu";"X";;;;;"NÃO ALCANÇOU"
"BA";"292180";"Mortugaba";"X";;;;;"NÃO ALCANÇOU"
"BA";"292190";"Mucugê";"X";;;;;"NÃO ALCANÇOU"
"BA";"292200";"Mucuri";;0;1;0;0;"NÃO ALCANÇOU"
"BA";"292205";"Mulungu do Morro";"X";;;;;"NÃO ALCANÇOU"
"BA";"292210";"Mundo Novo";"X";;;;;"NÃO ALCANÇOU"
"BA";"292220";"Muniz Ferreira";"X";;;;;"NÃO ALCANÇOU"
"BA";"292225";"Muquém do São Francisco";"X";;;;;"NÃO ALCANÇOU"
"BA";"292230";"Muritiba";"X";;;;;"NÃO ALCANÇOU"
"BA";"292240";"Mutuípe";"X";;;;;"NÃO ALCANÇOU"
"BA";"292250";"Nazaré";"X";;;;;"NÃO ALCANÇOU"
"BA";"292260";"Nilo Peçanha";"X";;;;;"NÃO ALCANÇOU"
"BA";"292265";"Nordestina";"X";;;;;"NÃO ALCANÇOU"
"BA";"292270";"Nova Canaã";"X";;;;;"NÃO ALCANÇOU"
"BA";"292273";"Nova Fátima";"X";;;;;"NÃO ALCANÇOU"
"BA";"292275";"Nova Ibiá";"X";;;;;"NÃO ALCANÇOU"
"BA";"292280";"Nova Itarana";"X";;;;;"NÃO ALCANÇOU"
"BA";"292285";"Nova Redenção";;1;1;100;100;"ALCANÇOU"
"BA";"292290";"Nova Soure";"X";;;;;"NÃO ALCANÇOU"
"BA";"292300";"Nova Viçosa";"X";;;;;"NÃO ALCANÇOU"
"BA";"292303";"Novo Horizonte";"X";;;;;"NÃO ALCANÇOU"
"BA";"292305";"Novo Triunfo";"X";;;;;"NÃO ALCANÇOU"
"BA";"292310";"Olindina";"X";;;;;"NÃO ALCANÇOU"
"BA";"292320";"Oliveira dos Brejinhos";"X";;;;;"NÃO ALCANÇOU"
"BA";"292330";"Ouriçangas";"X";;;;;"NÃO ALCANÇOU"
"BA";"292335";"Ourolândia";"X";;;;;"NÃO ALCANÇOU"
"BA";"292340";"Palmas de Monte Alto";"X";;;;;"NÃO ALCANÇOU"
"BA";"292350";"Palmeiras";"X";;;;;"NÃO ALCANÇOU"
"BA";"292360";"Paramirim";"X";;;;;"NÃO ALCANÇOU"
"BA";"292370";"Paratinga";"X";;;;;"NÃO ALCANÇOU"
"BA";"292380";"Paripiranga";"X";;;;;"NÃO ALCANÇOU"
"BA";"292390";"Pau Brasil";"X";;;;;"NÃO ALCANÇOU"
"BA";"292400";"Paulo Afonso";"X";;;;;"NÃO ALCANÇOU"
"BA";"292405";"Pé de Serra";"X";;;;;"NÃO ALCANÇOU"
"BA";"292410";"Pedrão";"X";;;;;"NÃO ALCANÇOU"
"BA";"292420";"Pedro Alexandre";"X";;;;;"NÃO ALCANÇOU"
"BA";"292430";"Piatã";"X";;;;;"NÃO ALCANÇOU"
"BA";"292440";"Pilão Arcado";"X";;;;;"NÃO ALCANÇOU"
"BA";"292450";"Pindaí";"X";;;;;"NÃO ALCANÇOU"
"BA";"292460";"Pindobaçu";"X";;;;;"NÃO ALCANÇOU"
"BA";"292465";"Pintadas";"X";;;;;"NÃO ALCANÇOU"
"BA";"292467";"Piraí do Norte";"X";;;;;"NÃO ALCANÇOU"
"BA";"292470";"Piripá";"X";;;;;"NÃO ALCANÇOU"
"BA";"292480";"Piritiba";"X";;;;;"NÃO ALCANÇOU"
"BA";"292490";"Planaltino";"X";;;;;"NÃO ALCANÇOU"
"BA";"292500";"Planalto";"X";;;;;"NÃO ALCANÇOU"
"BA";"292510";"Poções";"X";;;;;"NÃO ALCANÇOU"
"BA";"292520";"Pojuca";"X";;;;;"NÃO ALCANÇOU"
"BA";"292525";"Ponto Novo";"X";;;;;"NÃO ALCANÇOU"
"BA";"292530";"Porto Seguro";;3;5;60;60;"NÃO ALCANÇOU"
"BA";"292540";"Potiraguá";"X";;;;;"NÃO ALCANÇOU"
"BA";"292550";"Prado";"X";;;;;"NÃO ALCANÇOU"
"BA";"292560";"Presidente Dutra";"X";;;;;"NÃO ALCANÇOU"
"BA";"292570";"Presidente Jânio Quadros";"X";;;;;"NÃO ALCANÇOU"
"BA";"292575";"Presidente Tancredo Neves";"X";;;;;"NÃO ALCANÇOU"
"BA";"292580";"Queimadas";"X";;;;;"NÃO ALCANÇOU"
"BA";"292590";"Quijingue";"X";;;;;"NÃO ALCANÇOU"
"BA";"292593";"Quixabeira";"X";;;;;"NÃO ALCANÇOU"
"BA";"292595";"Rafael Jambeiro";"X";;;;;"NÃO ALCANÇOU"
"BA";"292600";"Remanso";"X";;;;;"NÃO ALCANÇOU"
"BA";"292610";"Retirolândia";"X";;;;;"NÃO ALCANÇOU"
"BA";"292620";"Riachão das Neves";"X";;;;;"NÃO ALCANÇOU"
"BA";"292630";"Riachão do Jacuípe";"X";;;;;"NÃO ALCANÇOU"
"BA";"292640";"Riacho de Santana";"X";;;;;"NÃO ALCANÇOU"
"BA";"292650";"Ribeira do Amparo";"X";;;;;"NÃO ALCANÇOU"
"BA";"292660";"Ribeira do Pombal";"X";;;;;"NÃO ALCANÇOU"
"BA";"292665";"Ribeirão do Largo";"X";;;;;"NÃO ALCANÇOU"
"BA";"292670";"Rio de Contas";"X";;;;;"NÃO ALCANÇOU"
"BA";"292680";"Rio do Antônio";;1;1;100;100;"ALCANÇOU"
"BA";"292690";"Rio do Pires";"X";;;;;"NÃO ALCANÇOU"
"BA";"292700";"Rio Real";"X";;;;;"NÃO ALCANÇOU"
"BA";"292710";"Rodelas";"X";;;;;"NÃO ALCANÇOU"
"BA";"292720";"Ruy Barbosa";"X";;;;;"NÃO ALCANÇOU"
"BA";"292730";"Salinas da Margarida";"X";;;;;"NÃO ALCANÇOU"
"BA";"292740";"Salvador";;27;34;79,4;79,4;"ALCANÇOU"
"BA";"292750";"Santa Bárbara";"X";;;;;"NÃO ALCANÇOU"
"BA";"292760";"Santa Brígida";"X";;;;;"NÃO ALCANÇOU"
"BA";"292770";"Santa Cruz Cabrália";"X";;;;;"NÃO ALCANÇOU"
"BA";"292780";"Santa Cruz da Vitória";"X";;;;;"NÃO ALCANÇOU"
"BA";"292790";"Santa Inês";"X";;;;;"NÃO ALCANÇOU"
"BA";"292800";"Santaluz";"X";;;;;"NÃO ALCANÇOU"
"BA";"292805";"Santa Luzia";"X";;;;;"NÃO ALCANÇOU"
"BA";"292810";"Santa Maria da Vitória";"X";;;;;"NÃO ALCANÇOU"
"BA";"292820";"Santana";"X";;;;;"NÃO ALCANÇOU"
"BA";"292830";"Santanópolis";"X";;;;;"NÃO ALCANÇOU"
"BA";"292840";"Santa Rita de Cássia";"X";;;;;"NÃO ALCANÇOU"
"BA";"292850";"Santa Terezinha";"X";;;;;"NÃO ALCANÇOU"
"BA";"292860";"Santo Amaro";"X";;;;;"NÃO ALCANÇOU"
"BA";"292870";"Santo Antônio de Jesus";"X";;;;;"NÃO ALCANÇOU"
"BA";"292880";"Santo Estêvão";"X";;;;;"NÃO ALCANÇOU"
"BA";"292890";"São Desidério";"X";;;;;"NÃO ALCANÇOU"
"BA";"292895";"São Domingos";"X";;;;;"NÃO ALCANÇOU"
"BA";"292900";"São Félix";"X";;;;;"NÃO ALCANÇOU"
"BA";"292905";"São Félix do Coribe";"X";;;;;"NÃO ALCANÇOU"
"BA";"292910";"São Felipe";"X";;;;;"NÃO ALCANÇOU"
"BA";"292920";"São Francisco do Conde";"X";;;;;"NÃO ALCANÇOU"
"BA";"292925";"São Gabriel";"X";;;;;"NÃO ALCANÇOU"
"BA";"292930";"São Gonçalo dos Campos";"X";;;;;"NÃO ALCANÇOU"
"BA";"292935";"São José da Vitória";"X";;;;;"NÃO ALCANÇOU"
"BA";"292937";"São José do Jacuípe";"X";;;;;"NÃO ALCANÇOU"
"BA";"292940";"São Miguel das Matas";"X";;;;;"NÃO ALCANÇOU"
"BA";"292950";"São Sebastião do Passé";"X";;;;;"NÃO ALCANÇOU"
"BA";"292960";"Sapeaçu";"X";;;;;"NÃO ALCANÇOU"
"BA";"292970";"Sátiro Dias";"X";;;;;"NÃO ALCANÇOU"
"BA";"292975";"Saubara";"X";;;;;"NÃO ALCANÇOU"
"BA";"292980";"Saúde";"X";;;;;"NÃO ALCANÇOU"
"BA";"292990";"Seabra";"X";;;;;"NÃO ALCANÇOU"
"BA";"293000";"Sebastião Laranjeiras";"X";;;;;"NÃO ALCANÇOU"
"BA";"293010";"Senhor do Bonfim";"X";;;;;"NÃO ALCANÇOU"
"BA";"293015";"Serra do Ramalho";"X";;;;;"NÃO ALCANÇOU"
"BA";"293020";"Sento Sé";"X";;;;;"NÃO ALCANÇOU"
"BA";"293030";"Serra Dourada";"X";;;;;"NÃO ALCANÇOU"
"BA";"293040";"Serra Preta";"X";;;;;"NÃO ALCANÇOU"
"BA";"293050";"Serrinha";"X";;;;;"NÃO ALCANÇOU"
"BA";"293060";"Serrolândia";"X";;;;;"NÃO ALCANÇOU"
"BA";"293070";"Simões Filho";"X";;;;;"NÃO ALCANÇOU"
"BA";"293075";"Sítio do Mato";"X";;;;;"NÃO ALCANÇOU"
"BA";"293076";"Sítio do Quinto";"X";;;;;"NÃO ALCANÇOU"
"BA";"293077";"Sobradinho";"X";;;;;"NÃO ALCANÇOU"
"BA";"293080";"Souto Soares";"X";;;;;"NÃO ALCANÇOU"
"BA";"293090";"Tabocas do Brejo Velho";"X";;;;;"NÃO ALCANÇOU"
"BA";"293100";"Tanhaçu";;1;1;100;100;"ALCANÇOU"
"BA";"293105";"Tanque Novo";"X";;;;;"NÃO ALCANÇOU"
"BA";"293110";"Tanquinho";"X";;;;;"NÃO ALCANÇOU"
"BA";"293120";"Taperoá";"X";;;;;"NÃO ALCANÇOU"
"BA";"293130";"Tapiramutá";"X";;;;;"NÃO ALCANÇOU"
"BA";"293135";"Teixeira de Freitas";;4;7;57,1;57,1;"NÃO ALCANÇOU"
"BA";"293140";"Teodoro Sampaio";"X";;;;;"NÃO ALCANÇOU"
"BA";"293150";"Teofilândia";"X";;;;;"NÃO ALCANÇOU"
"BA";"293160";"Teolândia";"X";;;;;"NÃO ALCANÇOU"
"BA";"293170";"Terra Nova";"X";;;;;"NÃO ALCANÇOU"
"BA";"293180";"Tremedal";"X";;;;;"NÃO ALCANÇOU"
"BA";"293190";"Tucano";;1;1;100;100;"ALCANÇOU"
"BA";"293200";"Uauá";"X";;;;;"NÃO ALCANÇOU"
"BA";"293210";"Ubaíra";"X";;;;;"NÃO ALCANÇOU"
"BA";"293220";"Ubaitaba";"X";;;;;"NÃO ALCANÇOU"
"BA";"293230";"Ubatã";"X";;;;;"NÃO ALCANÇOU"
"BA";"293240";"Uibaí";"X";;;;;"NÃO ALCANÇOU"
"BA";"293245";"Umburanas";"X";;;;;"NÃO ALCANÇOU"
"BA";"293250";"Una";"X";;;;;"NÃO ALCANÇOU"
"BA";"293260";"Urandi";"X";;;;;"NÃO ALCANÇOU"
"BA";"293270";"Uruçuca";;1;1;100;100;"ALCANÇOU"
"BA";"293280";"Utinga";"X";;;;;"NÃO ALCANÇOU"
"BA";"293290";"Valença";"X";;;;;"NÃO ALCANÇOU"
"BA";"293300";"Valente";;0;1;0;0;"NÃO ALCANÇOU"
"BA";"293305";"Várzea da Roça";"X";;;;;"NÃO ALCANÇOU"
"BA";"293310";"Várzea do Poço";"X";;;;;"NÃO ALCANÇOU"
"BA";"293315";"Várzea Nova";"X";;;;;"NÃO ALCANÇOU"
"BA";"293317";"Varzedo";"X";;;;;"NÃO ALCANÇOU"
"BA";"293320";"Vera Cruz";"X";;;;;"NÃO ALCANÇOU"
"BA";"293325";"Vereda";"X";;;;;"NÃO ALCANÇOU"
"BA";"293330";"Vitória da Conquista";;9;13;69,2;69,2;"NÃO ALCANÇOU"
"BA";"293340";"Wagner";"X";;;;;"NÃO ALCANÇOU"
"BA";"293345";"Wanderley";"X";;;;;"NÃO ALCANÇOU"
"BA";"293350";"Wenceslau Guimarães";"X";;;;;"NÃO ALCANÇOU"
"BA";"293360";"Xique-Xique";"X";;;;;"NÃO ALCANÇOU"
"CE";"230010";"Abaiara";"X";;;;;"NÃO ALCANÇOU"
"CE";"230015";"Acarape";"X";;;;;"NÃO ALCANÇOU"
"CE";"230020";"Acaraú";"X";;;;;"NÃO ALCANÇOU"
"CE";"230030";"Acopiara";"X";;;;;"NÃO ALCANÇOU"
"CE";"230040";"Aiuaba";"X";;;;;"NÃO ALCANÇOU"
"CE";"230050";"Alcântaras";"X";;;;;"NÃO ALCANÇOU"
"CE";"230060";"Altaneira";"X";;;;;"NÃO ALCANÇOU"
"CE";"230070";"Alto Santo";"X";;;;;"NÃO ALCANÇOU"
"CE";"230075";"Amontada";"X";;;;;"NÃO ALCANÇOU"
"CE";"230080";"Antonina do Norte";"X";;;;;"NÃO ALCANÇOU"
"CE";"230090";"Apuiarés";"X";;;;;"NÃO ALCANÇOU"
"CE";"230100";"Aquiraz";"X";;;;;"NÃO ALCANÇOU"
"CE";"230110";"Aracati";"X";;;;;"NÃO ALCANÇOU"
"CE";"230120";"Aracoiaba";"X";;;;;"NÃO ALCANÇOU"
"CE";"230125";"Ararendá";"X";;;;;"NÃO ALCANÇOU"
"CE";"230130";"Araripe";"X";;;;;"NÃO ALCANÇOU"
"CE";"230140";"Aratuba";"X";;;;;"NÃO ALCANÇOU"
"CE";"230150";"Arneiroz";"X";;;;;"NÃO ALCANÇOU"
"CE";"230160";"Assaré";"X";;;;;"NÃO ALCANÇOU"
"CE";"230170";"Aurora";"X";;;;;"NÃO ALCANÇOU"
"CE";"230180";"Baixio";"X";;;;;"NÃO ALCANÇOU"
"CE";"230185";"Banabuiú";"X";;;;;"NÃO ALCANÇOU"
"CE";"230190";"Barbalha";;11;13;84,6;84,6;"ALCANÇOU"
"CE";"230195";"Barreira";"X";;;;;"NÃO ALCANÇOU"
"CE";"230200";"Barro";"X";;;;;"NÃO ALCANÇOU"
"CE";"230205";"Barroquinha";"X";;;;;"NÃO ALCANÇOU"
"CE";"230210";"Baturité";"X";;;;;"NÃO ALCANÇOU"
"CE";"230220";"Beberibe";"X";;;;;"NÃO ALCANÇOU"
"CE";"230230";"Bela Cruz";"X";;;;;"NÃO ALCANÇOU"
"CE";"230240";"Boa Viagem";"X";;;;;"NÃO ALCANÇOU"
"CE";"230250";"Brejo Santo";;1;1;100;100;"ALCANÇOU"
"CE";"230260";"Camocim";"X";;;;;"NÃO ALCANÇOU"
"CE";"230270";"Campos Sales";"X";;;;;"NÃO ALCANÇOU"
"CE";"230280";"Canindé";"X";;;;;"NÃO ALCANÇOU"
"CE";"230290";"Capistrano";"X";;;;;"NÃO ALCANÇOU"
"CE";"230300";"Caridade";"X";;;;;"NÃO ALCANÇOU"
"CE";"230310";"Cariré";"X";;;;;"NÃO ALCANÇOU"
"CE";"230320";"Caririaçu";"X";;;;;"NÃO ALCANÇOU"
"CE";"230330";"Cariús";"X";;;;;"NÃO ALCANÇOU"
"CE";"230340";"Carnaubal";;1;1;100;100;"ALCANÇOU"
"CE";"230350";"Cascavel";"X";;;;;"NÃO ALCANÇOU"
"CE";"230360";"Catarina";"X";;;;;"NÃO ALCANÇOU"
"CE";"230365";"Catunda";"X";;;;;"NÃO ALCANÇOU"
"CE";"230370";"Caucaia";"X";;;;;"NÃO ALCANÇOU"
"CE";"230380";"Cedro";"X";;;;;"NÃO ALCANÇOU"
"CE";"230390";"Chaval";"X";;;;;"NÃO ALCANÇOU"
"CE";"230393";"Choró";"X";;;;;"NÃO ALCANÇOU"
"CE";"230395";"Chorozinho";"X";;;;;"NÃO ALCANÇOU"
"CE";"230400";"Coreaú";"X";;;;;"NÃO ALCANÇOU"
"CE";"230410";"Crateús";"X";;;;;"NÃO ALCANÇOU"
"CE";"230420";"Crato";"X";;;;;"NÃO ALCANÇOU"
"CE";"230423";"Croatá";"X";;;;;"NÃO ALCANÇOU"
"CE";"230425";"Cruz";"X";;;;;"NÃO ALCANÇOU"
"CE";"230426";"Deputado Irapuan Pinheiro";"X";;;;;"NÃO ALCANÇOU"
"CE";"230427";"Ereré";"X";;;;;"NÃO ALCANÇOU"
"CE";"230428";"Eusébio";"X";;;;;"NÃO ALCANÇOU"
"CE";"230430";"Farias Brito";"X";;;;;"NÃO ALCANÇOU"
"CE";"230435";"Forquilha";"X";;;;;"NÃO ALCANÇOU"
"CE";"230440";"Fortaleza";;23;27;85,2;85,2;"ALCANÇOU"
"CE";"230445";"Fortim";"X";;;;;"NÃO ALCANÇOU"
"CE";"230450";"Frecheirinha";"X";;;;;"NÃO ALCANÇOU"
"CE";"230460";"General Sampaio";"X";;;;;"NÃO ALCANÇOU"
"CE";"230465";"Graça";"X";;;;;"NÃO ALCANÇOU"
"CE";"230470";"Granja";"X";;;;;"NÃO ALCANÇOU"
"CE";"230480";"Granjeiro";"X";;;;;"NÃO ALCANÇOU"
"CE";"230490";"Groaíras";"X";;;;;"NÃO ALCANÇOU"
"CE";"230495";"Guaiúba";"X";;;;;"NÃO ALCANÇOU"
"CE";"230500";"Guaraciaba do Norte";"X";;;;;"NÃO ALCANÇOU"
"CE";"230510";"Guaramiranga";"X";;;;;"NÃO ALCANÇOU"
"CE";"230520";"Hidrolândia";"X";;;;;"NÃO ALCANÇOU"
"CE";"230523";"Horizonte";"X";;;;;"NÃO ALCANÇOU"
"CE";"230526";"Ibaretama";"X";;;;;"NÃO ALCANÇOU"
"CE";"230530";"Ibiapina";"X";;;;;"NÃO ALCANÇOU"
"CE";"230533";"Ibicuitinga";"X";;;;;"NÃO ALCANÇOU"
"CE";"230535";"Icapuí";"X";;;;;"NÃO ALCANÇOU"
"CE";"230540";"Icó";"X";;;;;"NÃO ALCANÇOU"
"CE";"230550";"Iguatu";"X";;;;;"NÃO ALCANÇOU"
"CE";"230560";"Independência";"X";;;;;"NÃO ALCANÇOU"
"CE";"230565";"Ipaporanga";"X";;;;;"NÃO ALCANÇOU"
"CE";"230570";"Ipaumirim";"X";;;;;"NÃO ALCANÇOU"
"CE";"230580";"Ipu";"X";;;;;"NÃO ALCANÇOU"
"CE";"230590";"Ipueiras";"X";;;;;"NÃO ALCANÇOU"
"CE";"230600";"Iracema";"X";;;;;"NÃO ALCANÇOU"
"CE";"230610";"Irauçuba";"X";;;;;"NÃO ALCANÇOU"
"CE";"230620";"Itaiçaba";"X";;;;;"NÃO ALCANÇOU"
"CE";"230625";"Itaitinga";"X";;;;;"NÃO ALCANÇOU"
"CE";"230630";"Itapajé";"X";;;;;"NÃO ALCANÇOU"
"CE";"230640";"Itapipoca";"X";;;;;"NÃO ALCANÇOU"
"CE";"230650";"Itapiúna";"X";;;;;"NÃO ALCANÇOU"
"CE";"230655";"Itarema";"X";;;;;"NÃO ALCANÇOU"
"CE";"230660";"Itatira";"X";;;;;"NÃO ALCANÇOU"
"CE";"230670";"Jaguaretama";"X";;;;;"NÃO ALCANÇOU"
"CE";"230680";"Jaguaribara";"X";;;;;"NÃO ALCANÇOU"
"CE";"230690";"Jaguaribe";"X";;;;;"NÃO ALCANÇOU"
"CE";"230700";"Jaguaruana";"X";;;;;"NÃO ALCANÇOU"
"CE";"230710";"Jardim";"X";;;;;"NÃO ALCANÇOU"
"CE";"230720";"Jati";"X";;;;;"NÃO ALCANÇOU"
"CE";"230725";"Jijoca de Jericoacoara";"X";;;;;"NÃO ALCANÇOU"
"CE";"230730";"Juazeiro do Norte";"X";;;;;"NÃO ALCANÇOU"
"CE";"230740";"Jucás";"X";;;;;"NÃO ALCANÇOU"
"CE";"230750";"Lavras da Mangabeira";"X";;;;;"NÃO ALCANÇOU"
"CE";"230760";"Limoeiro do Norte";;3;3;100;100;"ALCANÇOU"
"CE";"230763";"Madalena";"X";;;;;"NÃO ALCANÇOU"
"CE";"230765";"Maracanaú";;1;1;100;100;"ALCANÇOU"
"CE";"230770";"Maranguape";"X";;;;;"NÃO ALCANÇOU"
"CE";"230780";"Marco";"X";;;;;"NÃO ALCANÇOU"
"CE";"230790";"Martinópole";"X";;;;;"NÃO ALCANÇOU"
"CE";"230800";"Massapê";"X";;;;;"NÃO ALCANÇOU"
"CE";"230810";"Mauriti";"X";;;;;"NÃO ALCANÇOU"
"CE";"230820";"Meruoca";"X";;;;;"NÃO ALCANÇOU"
"CE";"230830";"Milagres";"X";;;;;"NÃO ALCANÇOU"
"CE";"230835";"Milhã";"X";;;;;"NÃO ALCANÇOU"
"CE";"230837";"Miraíma";"X";;;;;"NÃO ALCANÇOU"
"CE";"230840";"Missão Velha";;1;1;100;100;"ALCANÇOU"
"CE";"230850";"Mombaça";"X";;;;;"NÃO ALCANÇOU"
"CE";"230860";"Monsenhor Tabosa";"X";;;;;"NÃO ALCANÇOU"
"CE";"230870";"Morada Nova";"X";;;;;"NÃO ALCANÇOU"
"CE";"230880";"Moraújo";"X";;;;;"NÃO ALCANÇOU"
"CE";"230890";"Morrinhos";"X";;;;;"NÃO ALCANÇOU"
"CE";"230900";"Mucambo";"X";;;;;"NÃO ALCANÇOU"
"CE";"230910";"Mulungu";"X";;;;;"NÃO ALCANÇOU"
"CE";"230920";"Nova Olinda";"X";;;;;"NÃO ALCANÇOU"
"CE";"230930";"Nova Russas";"X";;;;;"NÃO ALCANÇOU"
"CE";"230940";"Novo Oriente";"X";;;;;"NÃO ALCANÇOU"
"CE";"230945";"Ocara";"X";;;;;"NÃO ALCANÇOU"
"CE";"230950";"Orós";"X";;;;;"NÃO ALCANÇOU"
"CE";"230960";"Pacajus";"X";;;;;"NÃO ALCANÇOU"
"CE";"230970";"Pacatuba";"X";;;;;"NÃO ALCANÇOU"
"CE";"230980";"Pacoti";"X";;;;;"NÃO ALCANÇOU"
"CE";"230990";"Pacujá";"X";;;;;"NÃO ALCANÇOU"
"CE";"231000";"Palhano";"X";;;;;"NÃO ALCANÇOU"
"CE";"231010";"Palmácia";"X";;;;;"NÃO ALCANÇOU"
"CE";"231020";"Paracuru";"X";;;;;"NÃO ALCANÇOU"
"CE";"231025";"Paraipaba";"X";;;;;"NÃO ALCANÇOU"
"CE";"231030";"Parambu";"X";;;;;"NÃO ALCANÇOU"
"CE";"231040";"Paramoti";;1;1;100;100;"ALCANÇOU"
"CE";"231050";"Pedra Branca";"X";;;;;"NÃO ALCANÇOU"
"CE";"231060";"Penaforte";"X";;;;;"NÃO ALCANÇOU"
"CE";"231070";"Pentecoste";;1;1;100;100;"ALCANÇOU"
"CE";"231080";"Pereiro";"X";;;;;"NÃO ALCANÇOU"
"CE";"231085";"Pindoretama";"X";;;;;"NÃO ALCANÇOU"
"CE";"231090";"Piquet Carneiro";"X";;;;;"NÃO ALCANÇOU"
"CE";"231095";"Pires Ferreira";"X";;;;;"NÃO ALCANÇOU"
"CE";"231100";"Poranga";"X";;;;;"NÃO ALCANÇOU"
"CE";"231110";"Porteiras";"X";;;;;"NÃO ALCANÇOU"
"CE";"231120";"Potengi";"X";;;;;"NÃO ALCANÇOU"
"CE";"231123";"Potiretama";"X";;;;;"NÃO ALCANÇOU"
"CE";"231126";"Quiterianópolis";"X";;;;;"NÃO ALCANÇOU"
"CE";"231130";"Quixadá";"X";;;;;"NÃO ALCANÇOU"
"CE";"231135";"Quixelô";"X";;;;;"NÃO ALCANÇOU"
"CE";"231140";"Quixeramobim";;2;2;100;100;"ALCANÇOU"
"CE";"231150";"Quixeré";"X";;;;;"NÃO ALCANÇOU"
"CE";"231160";"Redenção";"X";;;;;"NÃO ALCANÇOU"
"CE";"231170";"Reriutaba";"X";;;;;"NÃO ALCANÇOU"
"CE";"231180";"Russas";"X";;;;;"NÃO ALCANÇOU"
"CE";"231190";"Saboeiro";"X";;;;;"NÃO ALCANÇOU"
"CE";"231195";"Salitre";"X";;;;;"NÃO ALCANÇOU"
"CE";"231200";"Santana do Acaraú";"X";;;;;"NÃO ALCANÇOU"
"CE";"231210";"Santana do Cariri";"X";;;;;"NÃO ALCANÇOU"
"CE";"231220";"Santa Quitéria";"X";;;;;"NÃO ALCANÇOU"
"CE";"231230";"São Benedito";"X";;;;;"NÃO ALCANÇOU"
"CE";"231240";"São Gonçalo do Amarante";"X";;;;;"NÃO ALCANÇOU"
"CE";"231250";"São João do Jaguaribe";"X";;;;;"NÃO ALCANÇOU"
"CE";"231260";"São Luís do Curu";"X";;;;;"NÃO ALCANÇOU"
"CE";"231270";"Senador Pompeu";"X";;;;;"NÃO ALCANÇOU"
"CE";"231280";"Senador Sá";"X";;;;;"NÃO ALCANÇOU"
"CE";"231290";"Sobral";;2;2;100;100;"ALCANÇOU"
"CE";"231300";"Solonópole";"X";;;;;"NÃO ALCANÇOU"
"CE";"231310";"Tabuleiro do Norte";"X";;;;;"NÃO ALCANÇOU"
"CE";"231320";"Tamboril";"X";;;;;"NÃO ALCANÇOU"
"CE";"231325";"Tarrafas";"X";;;;;"NÃO ALCANÇOU"
"CE";"231330";"Tauá";"X";;;;;"NÃO ALCANÇOU"
"CE";"231335";"Tejuçuoca";"X";;;;;"NÃO ALCANÇOU"
"CE";"231340";"Tianguá";"X";;;;;"NÃO ALCANÇOU"
"CE";"231350";"Trairi";"X";;;;;"NÃO ALCANÇOU"
"CE";"231355";"Tururu";"X";;;;;"NÃO ALCANÇOU"
"CE";"231360";"Ubajara";"X";;;;;"NÃO ALCANÇOU"
"CE";"231370";"Umari";"X";;;;;"NÃO ALCANÇOU"
"CE";"231375";"Umirim";"X";;;;;"NÃO ALCANÇOU"
"CE";"231380";"Uruburetama";"X";;;;;"NÃO ALCANÇOU"
"CE";"231390";"Uruoca";"X";;;;;"NÃO ALCANÇOU"
"CE";"231395";"Varjota";"X";;;;;"NÃO ALCANÇOU"
"CE";"231400";"Várzea Alegre";"X";;;;;"NÃO ALCANÇOU"
"CE";"231410";"Viçosa do Ceará";"X";;;;;"NÃO ALCANÇOU"
"DF";"530010";"Brasília";;40;48;83,3;83,3;"ALCANÇOU"
"ES";"320010";"Afonso Cláudio";;0;1;0;0;"NÃO ALCANÇOU"
"ES";"320013";"Águia Branca";"X";;;;;"NÃO ALCANÇOU"
"ES";"320016";"Água Doce do Norte";"X";;;;;"NÃO ALCANÇOU"
"ES";"320020";"Alegre";"X";;;;;"NÃO ALCANÇOU"
"ES";"320030";"Alfredo Chaves";"X";;;;;"NÃO ALCANÇOU"
"ES";"320035";"Alto Rio Novo";"X";;;;;"NÃO ALCANÇOU"
"ES";"320040";"Anchieta";;1;2;50;50;"NÃO ALCANÇOU"
"ES";"320050";"Apiacá";"X";;;;;"NÃO ALCANÇOU"
"ES";"320060";"Aracruz";"X";;;;;"NÃO ALCANÇOU"
"ES";"320070";"Atílio Vivácqua";"X";;;;;"NÃO ALCANÇOU"
"ES";"320080";"Baixo Guandu";;1;1;100;100;"ALCANÇOU"
"ES";"320090";"Barra de São Francisco";"X";;;;;"NÃO ALCANÇOU"
"ES";"320100";"Boa Esperança";"X";;;;;"NÃO ALCANÇOU"
"ES";"320110";"Bom Jesus do Norte";"X";;;;;"NÃO ALCANÇOU"
"ES";"320115";"Brejetuba";"X";;;;;"NÃO ALCANÇOU"
"ES";"320120";"Cachoeiro de Itapemirim";;8;8;100;100;"ALCANÇOU"
"ES";"320130";"Cariacica";;0;1;0;0;"NÃO ALCANÇOU"
"ES";"320140";"Castelo";;1;2;50;50;"NÃO ALCANÇOU"
"ES";"320150";"Colatina";;3;4;75;75;"ALCANÇOU"
"ES";"320160";"Conceição da Barra";"X";;;;;"NÃO ALCANÇOU"
"ES";"320170";"Conceição do Castelo";"X";;;;;"NÃO ALCANÇOU"
"ES";"320180";"Divino de São Lourenço";"X";;;;;"NÃO ALCANÇOU"
"ES";"320190";"Domingos Martins";"X";;;;;"NÃO ALCANÇOU"
"ES";"320200";"Dores do Rio Preto";"X";;;;;"NÃO ALCANÇOU"
"ES";"320210";"Ecoporanga";"X";;;;;"NÃO ALCANÇOU"
"ES";"320220";"Fundão";"X";;;;;"NÃO ALCANÇOU"
"ES";"320225";"Governador Lindenberg";"X";;;;;"NÃO ALCANÇOU"
"ES";"320230";"Guaçuí";"X";;;;;"NÃO ALCANÇOU"
"ES";"320240";"Guarapari";"X";;;;;"NÃO ALCANÇOU"
"ES";"320245";"Ibatiba";;2;2;100;100;"ALCANÇOU"
"ES";"320250";"Ibiraçu";"X";;;;;"NÃO ALCANÇOU"
"ES";"320255";"Ibitirama";"X";;;;;"NÃO ALCANÇOU"
"ES";"320260";"Iconha";"X";;;;;"NÃO ALCANÇOU"
"ES";"320265";"Irupi";;0;1;0;0;"NÃO ALCANÇOU"
"ES";"320270";"Itaguaçu";"X";;;;;"NÃO ALCANÇOU"
"ES";"320280";"Itapemirim";;1;2;50;50;"NÃO ALCANÇOU"
"ES";"320290";"Itarana";"X";;;;;"NÃO ALCANÇOU"
"ES";"320300";"Iúna";"X";;;;;"NÃO ALCANÇOU"
"ES";"320305";"Jaguaré";;2;2;100;100;"ALCANÇOU"
"ES";"320310";"Jerônimo Monteiro";"X";;;;;"NÃO ALCANÇOU"
"ES";"320313";"João Neiva";"X";;;;;"NÃO ALCANÇOU"
"ES";"320316";"Laranja da Terra";"X";;;;;"NÃO ALCANÇOU"
"ES";"320320";"Linhares";"X";;;;;"NÃO ALCANÇOU"
"ES";"320330";"Mantenópolis";"X";;;;;"NÃO ALCANÇOU"
"ES";"320332";"Marataízes";;2;2;100;100;"ALCANÇOU"
"ES";"320334";"Marechal Floriano";"X";;;;;"NÃO ALCANÇOU"
"ES";"320335";"Marilândia";"X";;;;;"NÃO ALCANÇOU"
"ES";"320340";"Mimoso do Sul";"X";;;;;"NÃO ALCANÇOU"
"ES";"320350";"Montanha";"X";;;;;"NÃO ALCANÇOU"
"ES";"320360";"Mucurici";"X";;;;;"NÃO ALCANÇOU"
"ES";"320370";"Muniz Freire";"X";;;;;"NÃO ALCANÇOU"
"ES";"320380";"Muqui";"X";;;;;"NÃO ALCANÇOU"
"ES";"320390";"Nova Venécia";"X";;;;;"NÃO ALCANÇOU"
"ES";"320400";"Pancas";;1;1;100;100;"ALCANÇOU"
"ES";"320405";"Pedro Canário";"X";;;;;"NÃO ALCANÇOU"
"ES";"320410";"Pinheiros";"X";;;;;"NÃO ALCANÇOU"
"ES";"320420";"Piúma";"X";;;;;"NÃO ALCANÇOU"
"ES";"320425";"Ponto Belo";"X";;;;;"NÃO ALCANÇOU"
"ES";"320430";"Presidente Kennedy";"X";;;;;"NÃO ALCANÇOU"
"ES";"320435";"Rio Bananal";"X";;;;;"NÃO ALCANÇOU"
"ES";"320440";"Rio Novo do Sul";"X";;;;;"NÃO ALCANÇOU"
"ES";"320450";"Santa Leopoldina";"X";;;;;"NÃO ALCANÇOU"
"ES";"320455";"Santa Maria de Jetibá";"X";;;;;"NÃO ALCANÇOU"
"ES";"320460";"Santa Teresa";;1;1;100;100;"ALCANÇOU"
"ES";"320465";"São Domingos do Norte";"X";;;;;"NÃO ALCANÇOU"
"ES";"320470";"São Gabriel da Palha";"X";;;;;"NÃO ALCANÇOU"
"ES";"320480";"São José do Calçado";"X";;;;;"NÃO ALCANÇOU"
"ES";"320490";"São Mateus";;3;4;75;75;"ALCANÇOU"
"ES";"320495";"São Roque do Canaã";"X";;;;;"NÃO ALCANÇOU"
"ES";"320500";"Serra";;25;26;96,2;96,2;"ALCANÇOU"
"ES";"320501";"Sooretama";"X";;;;;"NÃO ALCANÇOU"
"ES";"320503";"Vargem Alta";"X";;;;;"NÃO ALCANÇOU"
"ES";"320506";"Venda Nova do Imigrante";"X";;;;;"NÃO ALCANÇOU"
"ES";"320510";"Viana";"X";;;;;"NÃO ALCANÇOU"
"ES";"320515";"Vila Pavão";"X";;;;;"NÃO ALCANÇOU"
"ES";"320517";"Vila Valério";"X";;;;;"NÃO ALCANÇOU"
"ES";"320520";"Vila Velha";;11;15;73,3;73,3;"NÃO ALCANÇOU"
"ES";"320530";"Vitória";;38;45;84,4;84,4;"ALCANÇOU"
"GO";"520005";"Abadia de Goiás";"X";;;;;"NÃO ALCANÇOU"
"GO";"520010";"Abadiânia";"X";;;;;"NÃO ALCANÇOU"
"GO";"520013";"Acreúna";;1;1;100;100;"ALCANÇOU"
"GO";"520015";"Adelândia";"X";;;;;"NÃO ALCANÇOU"
"GO";"520017";"Água Fria de Goiás";"X";;;;;"NÃO ALCANÇOU"
"GO";"520020";"Água Limpa";"X";;;;;"NÃO ALCANÇOU"
"GO";"520025";"Águas Lindas de Goiás";;0;2;0;0;"NÃO ALCANÇOU"
"GO";"520030";"Alexânia";;0;2;0;0;"NÃO ALCANÇOU"
"GO";"520050";"Aloândia";"X";;;;;"NÃO ALCANÇOU"
"GO";"520055";"Alto Horizonte";;1;1;100;100;"ALCANÇOU"
"GO";"520060";"Alto Paraíso de Goiás";;1;1;100;100;"ALCANÇOU"
"GO";"520080";"Alvorada do Norte";;0;1;0;0;"NÃO ALCANÇOU"
"GO";"520082";"Amaralina";"X";;;;;"NÃO ALCANÇOU"
"GO";"520085";"Americano do Brasil";;0;2;0;0;"NÃO ALCANÇOU"
"GO";"520090";"Amorinópolis";"X";;;;;"NÃO ALCANÇOU"
"GO";"520110";"Anápolis";;5;15;33,3;33,3;"NÃO ALCANÇOU"
"GO";"520120";"Anhanguera";"X";;;;;"NÃO ALCANÇOU"
"GO";"520130";"Anicuns";;0;1;0;0;"NÃO ALCANÇOU"
"GO";"520140";"Aparecida de Goiânia";;9;15;60;60;"NÃO ALCANÇOU"
"GO";"520145";"Aparecida do Rio Doce";"X";;;;;"NÃO ALCANÇOU"
"GO";"520150";"Aporé";"X";;;;;"NÃO ALCANÇOU"
"GO";"520160";"Araçu";"X";;;;;"NÃO ALCANÇOU"
"GO";"520170";"Aragarças";"X";;;;;"NÃO ALCANÇOU"
"GO";"520180";"Aragoiânia";"X";;;;;"NÃO ALCANÇOU"
"GO";"520215";"Araguapaz";"X";;;;;"NÃO ALCANÇOU"
"GO";"520235";"Arenópolis";"X";;;;;"NÃO ALCANÇOU"
"GO";"520250";"Aruanã";"X";;;;;"NÃO ALCANÇOU"
"GO";"520260";"Aurilândia";"X";;;;;"NÃO ALCANÇOU"
"GO";"520280";"Avelinópolis";"X";;;;;"NÃO ALCANÇOU"
"GO";"520310";"Baliza";"X";;;;;"NÃO ALCANÇOU"
"GO";"520320";"Barro Alto";;0;2;0;0;"NÃO ALCANÇOU"
"GO";"520330";"Bela Vista de Goiás";"X";;;;;"NÃO ALCANÇOU"
"GO";"520340";"Bom Jardim de Goiás";;0;1;0;0;"NÃO ALCANÇOU"
"GO";"520350";"Bom Jesus de Goiás";"X";;;;;"NÃO ALCANÇOU"
"GO";"520355";"Bonfinópolis";"X";;;;;"NÃO ALCANÇOU"
"GO";"520357";"Bonópolis";"X";;;;;"NÃO ALCANÇOU"
"GO";"520360";"Brazabrantes";"X";;;;;"NÃO ALCANÇOU"
"GO";"520380";"Britânia";"X";;;;;"NÃO ALCANÇOU"
"GO";"520390";"Buriti Alegre";;0;1;0;0;"NÃO ALCANÇOU"
"GO";"520393";"Buriti de Goiás";"X";;;;;"NÃO ALCANÇOU"
"GO";"520396";"Buritinópolis";"X";;;;;"NÃO ALCANÇOU"
"GO";"520400";"Cabeceiras";"X";;;;;"NÃO ALCANÇOU"
"GO";"520410";"Cachoeira Alta";;1;1;100;100;"ALCANÇOU"
"GO";"520420";"Cachoeira de Goiás";"X";;;;;"NÃO ALCANÇOU"
"GO";"520425";"Cachoeira Dourada";"X";;;;;"NÃO ALCANÇOU"
"GO";"520430";"Caçu";;0;1;0;0;"NÃO ALCANÇOU"
"GO";"520440";"Caiapônia";;1;4;25;25;"NÃO ALCANÇOU"
"GO";"520450";"Caldas Novas";;1;1;100;100;"ALCANÇOU"
"GO";"520455";"Caldazinha";;0;2;0;0;"NÃO ALCANÇOU"
"GO";"520460";"Campestre de Goiás";"X";;;;;"NÃO ALCANÇOU"
"GO";"520465";"Campinaçu";"X";;;;;"NÃO ALCANÇOU"
"GO";"520470";"Campinorte";;0;1;0;0;"NÃO ALCANÇOU"
"GO";"520480";"Campo Alegre de Goiás";"X";;;;;"NÃO ALCANÇOU"
"GO";"520485";"Campo Limpo de Goiás";"X";;;;;"NÃO ALCANÇOU"
"GO";"520490";"Campos Belos";;3;3;100;100;"ALCANÇOU"
"GO";"520495";"Campos Verdes";"X";;;;;"NÃO ALCANÇOU"
"GO";"520500";"Carmo do Rio Verde";"X";;;;;"NÃO ALCANÇOU"
"GO";"520505";"Castelândia";"X";;;;;"NÃO ALCANÇOU"
"GO";"520510";"Catalão";;2;3;66,7;66,7;"NÃO ALCANÇOU"
"GO";"520520";"Caturaí";"X";;;;;"NÃO ALCANÇOU"
"GO";"520530";"Cavalcante";"X";;;;;"NÃO ALCANÇOU"
"GO";"520540";"Ceres";;3;4;75;75;"ALCANÇOU"
"GO";"520545";"Cezarina";"X";;;;;"NÃO ALCANÇOU"
"GO";"520547";"Chapadão do Céu";"X";;;;;"NÃO ALCANÇOU"
"GO";"520549";"Cidade Ocidental";"X";;;;;"NÃO ALCANÇOU"
"GO";"520551";"Cocalzinho de Goiás";"X";;;;;"NÃO ALCANÇOU"
"GO";"520552";"Colinas do Sul";;0;1;0;0;"NÃO ALCANÇOU"
"GO";"520570";"Córrego do Ouro";"X";;;;;"NÃO ALCANÇOU"
"GO";"520580";"Corumbá de Goiás";"X";;;;;"NÃO ALCANÇOU"
"GO";"520590";"Corumbaíba";;0;1;0;0;"NÃO ALCANÇOU"
"GO";"520620";"Cristalina";;0;1;0;0;"NÃO ALCANÇOU"
"GO";"520630";"Cristianópolis";"X";;;;;"NÃO ALCANÇOU"
"GO";"520640";"Crixás";"X";;;;;"NÃO ALCANÇOU"
"GO";"520650";"Cromínia";;0;1;0;0;"NÃO ALCANÇOU"
"GO";"520660";"Cumari";"X";;;;;"NÃO ALCANÇOU"
"GO";"520670";"Damianópolis";"X";;;;;"NÃO ALCANÇOU"
"GO";"520680";"Damolândia";;0;1;0;0;"NÃO ALCANÇOU"
"GO";"520690";"Davinópolis";"X";;;;;"NÃO ALCANÇOU"
"GO";"520710";"Diorama";"X";;;;;"NÃO ALCANÇOU"
"GO";"520725";"Doverlândia";"X";;;;;"NÃO ALCANÇOU"
"GO";"520735";"Edealina";"X";;;;;"NÃO ALCANÇOU"
"GO";"520740";"Edéia";"X";;;;;"NÃO ALCANÇOU"
"GO";"520750";"Estrela do Norte";"X";;;;;"NÃO ALCANÇOU"
"GO";"520753";"Faina";"X";;;;;"NÃO ALCANÇOU"
"GO";"520760";"Fazenda Nova";"X";;;;;"NÃO ALCANÇOU"
"GO";"520780";"Firminópolis";"X";;;;;"NÃO ALCANÇOU"
"GO";"520790";"Flores de Goiás";"X";;;;;"NÃO ALCANÇOU"
"GO";"520800";"Formosa";;3;5;60;60;"NÃO ALCANÇOU"
"GO";"520810";"Formoso";"X";;;;;"NÃO ALCANÇOU"
"GO";"520815";"Gameleira de Goiás";"X";;;;;"NÃO ALCANÇOU"
"GO";"520830";"Divinópolis de Goiás";"X";;;;;"NÃO ALCANÇOU"
"GO";"520840";"Goianápolis";"X";;;;;"NÃO ALCANÇOU"
"GO";"520850";"Goiandira";"X";;;;;"NÃO ALCANÇOU"
"GO";"520860";"Goianésia";;1;2;50;50;"NÃO ALCANÇOU"
"GO";"520870";"Goiânia";;50;128;39,1;39,1;"NÃO ALCANÇOU"
"GO";"520880";"Goianira";;0;3;0;0;"NÃO ALCANÇOU"
"GO";"520890";"Goiás";"X";;;;;"NÃO ALCANÇOU"
"GO";"520910";"Goiatuba";;2;5;40;40;"NÃO ALCANÇOU"
"GO";"520915";"Gouvelândia";"X";;;;;"NÃO ALCANÇOU"
"GO";"520920";"Guapó";"X";;;;;"NÃO ALCANÇOU"
"GO";"520929";"Guaraíta";"X";;;;;"NÃO ALCANÇOU"
"GO";"520940";"Guarani de Goiás";"X";;;;;"NÃO ALCANÇOU"
"GO";"520945";"Guarinos";"X";;;;;"NÃO ALCANÇOU"
"GO";"520960";"Heitoraí";;1;1;100;100;"ALCANÇOU"
"GO";"520970";"Hidrolândia";"X";;;;;"NÃO ALCANÇOU"
"GO";"520980";"Hidrolina";"X";;;;;"NÃO ALCANÇOU"
"GO";"520990";"Iaciara";"X";;;;;"NÃO ALCANÇOU"
"GO";"520993";"Inaciolândia";"X";;;;;"NÃO ALCANÇOU"
"GO";"520995";"Indiara";;2;2;100;100;"ALCANÇOU"
"GO";"521000";"Inhumas";;2;2;100;100;"ALCANÇOU"
"GO";"521010";"Ipameri";"X";;;;;"NÃO ALCANÇOU"
"GO";"521015";"Ipiranga de Goiás";"X";;;;;"NÃO ALCANÇOU"
"GO";"521020";"Iporá";;2;4;50;50;"NÃO ALCANÇOU"
"GO";"521030";"Israelândia";;0;1;0;0;"NÃO ALCANÇOU"
"GO";"521040";"Itaberaí";;0;1;0;0;"NÃO ALCANÇOU"
"GO";"521056";"Itaguari";"X";;;;;"NÃO ALCANÇOU"
"GO";"521060";"Itaguaru";"X";;;;;"NÃO ALCANÇOU"
"GO";"521080";"Itajá";"X";;;;;"NÃO ALCANÇOU"
"GO";"521090";"Itapaci";;0;1;0;0;"NÃO ALCANÇOU"
"GO";"521100";"Itapirapuã";"X";;;;;"NÃO ALCANÇOU"
"GO";"521120";"Itapuranga";"X";;;;;"NÃO ALCANÇOU"
"GO";"521130";"Itarumã";"X";;;;;"NÃO ALCANÇOU"
"GO";"521140";"Itauçu";"X";;;;;"NÃO ALCANÇOU"
"GO";"521150";"Itumbiara";;1;2;50;50;"NÃO ALCANÇOU"
"GO";"521160";"Ivolândia";"X";;;;;"NÃO ALCANÇOU"
"GO";"521170";"Jandaia";"X";;;;;"NÃO ALCANÇOU"
"GO";"521180";"Jaraguá";"X";;;;;"NÃO ALCANÇOU"
"GO";"521190";"Jataí";;6;8;75;75;"ALCANÇOU"
"GO";"521200";"Jaupaci";"X";;;;;"NÃO ALCANÇOU"
"GO";"521205";"Jesúpolis";"X";;;;;"NÃO ALCANÇOU"
"GO";"521210";"Joviânia";"X";;;;;"NÃO ALCANÇOU"
"GO";"521220";"Jussara";"X";;;;;"NÃO ALCANÇOU"
"GO";"521225";"Lagoa Santa";"X";;;;;"NÃO ALCANÇOU"
"GO";"521230";"Leopoldo de Bulhões";"X";;;;;"NÃO ALCANÇOU"
"GO";"521250";"Luziânia";;7;15;46,7;46,7;"NÃO ALCANÇOU"
"GO";"521260";"Mairipotaba";"X";;;;;"NÃO ALCANÇOU"
"GO";"521270";"Mambaí";"X";;;;;"NÃO ALCANÇOU"
"GO";"521280";"Mara Rosa";"X";;;;;"NÃO ALCANÇOU"
"GO";"521290";"Marzagão";"X";;;;;"NÃO ALCANÇOU"
"GO";"521295";"Matrinchã";;0;1;0;0;"NÃO ALCANÇOU"
"GO";"521300";"Maurilândia";"X";;;;;"NÃO ALCANÇOU"
"GO";"521305";"Mimoso de Goiás";"X";;;;;"NÃO ALCANÇOU"
"GO";"521308";"Minaçu";"X";;;;;"NÃO ALCANÇOU"
"GO";"521310";"Mineiros";;2;4;50;50;"NÃO ALCANÇOU"
"GO";"521340";"Moiporá";"X";;;;;"NÃO ALCANÇOU"
"GO";"521350";"Monte Alegre de Goiás";"X";;;;;"NÃO ALCANÇOU"
"GO";"521370";"Montes Claros de Goiás";"X";;;;;"NÃO ALCANÇOU"
"GO";"521375";"Montividiu";;0;4;0;0;"NÃO ALCANÇOU"
"GO";"521377";"Montividiu do Norte";"X";;;;;"NÃO ALCANÇOU"
"GO";"521380";"Morrinhos";;0;5;0;0;"NÃO ALCANÇOU"
"GO";"521385";"Morro Agudo de Goiás";"X";;;;;"NÃO ALCANÇOU"
"GO";"521390";"Mossâmedes";"X";;;;;"NÃO ALCANÇOU"
"GO";"521400";"Mozarlândia";;2;2;100;100;"ALCANÇOU"
"GO";"521405";"Mundo Novo";"X";;;;;"NÃO ALCANÇOU"
"GO";"521410";"Mutunópolis";"X";;;;;"NÃO ALCANÇOU"
"GO";"521440";"Nazário";"X";;;;;"NÃO ALCANÇOU"
"GO";"521450";"Nerópolis";;3;11;27,3;27,3;"NÃO ALCANÇOU"
"GO";"521460";"Niquelândia";"X";;;;;"NÃO ALCANÇOU"
"GO";"521470";"Nova América";"X";;;;;"NÃO ALCANÇOU"
"GO";"521480";"Nova Aurora";"X";;;;;"NÃO ALCANÇOU"
"GO";"521483";"Nova Crixás";"X";;;;;"NÃO ALCANÇOU"
"GO";"521486";"Nova Glória";"X";;;;;"NÃO ALCANÇOU"
"GO";"521487";"Nova Iguaçu de Goiás";"X";;;;;"NÃO ALCANÇOU"
"GO";"521490";"Nova Roma";"X";;;;;"NÃO ALCANÇOU"
"GO";"521500";"Nova Veneza";"X";;;;;"NÃO ALCANÇOU"
"GO";"521520";"Novo Brasil";;0;1;0;0;"NÃO ALCANÇOU"
"GO";"521523";"Novo Gama";;3;3;100;100;"ALCANÇOU"
"GO";"521525";"Novo Planalto";"X";;;;;"NÃO ALCANÇOU"
"GO";"521530";"Orizona";"X";;;;;"NÃO ALCANÇOU"
"GO";"521540";"Ouro Verde de Goiás";"X";;;;;"NÃO ALCANÇOU"
"GO";"521550";"Ouvidor";"X";;;;;"NÃO ALCANÇOU"
"GO";"521560";"Padre Bernardo";"X";;;;;"NÃO ALCANÇOU"
"GO";"521565";"Palestina de Goiás";"X";;;;;"NÃO ALCANÇOU"
"GO";"521570";"Palmeiras de Goiás";"X";;;;;"NÃO ALCANÇOU"
"GO";"521580";"Palmelo";"X";;;;;"NÃO ALCANÇOU"
"GO";"521590";"Palminópolis";"X";;;;;"NÃO ALCANÇOU"
"GO";"521600";"Panamá";"X";;;;;"NÃO ALCANÇOU"
"GO";"521630";"Paranaiguara";;1;1;100;100;"ALCANÇOU"
"GO";"521640";"Paraúna";;1;1;100;100;"ALCANÇOU"
"GO";"521645";"Perolândia";;0;1;0;0;"NÃO ALCANÇOU"
"GO";"521680";"Petrolina de Goiás";"X";;;;;"NÃO ALCANÇOU"
"GO";"521690";"Pilar de Goiás";"X";;;;;"NÃO ALCANÇOU"
"GO";"521710";"Piracanjuba";"X";;;;;"NÃO ALCANÇOU"
"GO";"521720";"Piranhas";"X";;;;;"NÃO ALCANÇOU"
"GO";"521730";"Pirenópolis";;1;1;100;100;"ALCANÇOU"
"GO";"521740";"Pires do Rio";"X";;;;;"NÃO ALCANÇOU"
"GO";"521760";"Planaltina";"X";;;;;"NÃO ALCANÇOU"
"GO";"521770";"Pontalina";"X";;;;;"NÃO ALCANÇOU"
"GO";"521800";"Porangatu";;2;2;100;100;"ALCANÇOU"
"GO";"521805";"Porteirão";"X";;;;;"NÃO ALCANÇOU"
"GO";"521810";"Portelândia";"X";;;;;"NÃO ALCANÇOU"
"GO";"521830";"Posse";"X";;;;;"NÃO ALCANÇOU"
"GO";"521839";"Professor Jamil";"X";;;;;"NÃO ALCANÇOU"
"GO";"521850";"Quirinópolis";;0;1;0;0;"NÃO ALCANÇOU"
"GO";"521860";"Rialma";"X";;;;;"NÃO ALCANÇOU"
"GO";"521870";"Rianápolis";"X";;;;;"NÃO ALCANÇOU"
"GO";"521878";"Rio Quente";"X";;;;;"NÃO ALCANÇOU"
"GO";"521880";"Rio Verde";;6;10;60;60;"NÃO ALCANÇOU"
"GO";"521890";"Rubiataba";;1;1;100;100;"ALCANÇOU"
"GO";"521900";"Sanclerlândia";;1;1;100;100;"ALCANÇOU"
"GO";"521910";"Santa Bárbara de Goiás";"X";;;;;"NÃO ALCANÇOU"
"GO";"521920";"Santa Cruz de Goiás";"X";;;;;"NÃO ALCANÇOU"
"GO";"521925";"Santa Fé de Goiás";"X";;;;;"NÃO ALCANÇOU"
"GO";"521930";"Santa Helena de Goiás";;1;1;100;100;"ALCANÇOU"
"GO";"521935";"Santa Isabel";"X";;;;;"NÃO ALCANÇOU"
"GO";"521940";"Santa Rita do Araguaia";"X";;;;;"NÃO ALCANÇOU"
"GO";"521945";"Santa Rita do Novo Destino";"X";;;;;"NÃO ALCANÇOU"
"GO";"521950";"Santa Rosa de Goiás";"X";;;;;"NÃO ALCANÇOU"
"GO";"521960";"Santa Tereza de Goiás";"X";;;;;"NÃO ALCANÇOU"
"GO";"521970";"Santa Terezinha de Goiás";;1;1;100;100;"ALCANÇOU"
"GO";"521971";"Santo Antônio da Barra";"X";;;;;"NÃO ALCANÇOU"
"GO";"521973";"Santo Antônio de Goiás";"X";;;;;"NÃO ALCANÇOU"
"GO";"521975";"Santo Antônio do Descoberto";"X";;;;;"NÃO ALCANÇOU"
"GO";"521980";"São Domingos";"X";;;;;"NÃO ALCANÇOU"
"GO";"521990";"São Francisco de Goiás";;1;1;100;100;"ALCANÇOU"
"GO";"522000";"São João d'Aliança";"X";;;;;"NÃO ALCANÇOU"
"GO";"522005";"São João da Paraúna";"X";;;;;"NÃO ALCANÇOU"
"GO";"522010";"São Luís de Montes Belos";;4;4;100;100;"ALCANÇOU"
"GO";"522015";"São Luiz do Norte";"X";;;;;"NÃO ALCANÇOU"
"GO";"522020";"São Miguel do Araguaia";"X";;;;;"NÃO ALCANÇOU"
"GO";"522026";"São Miguel do Passa Quatro";"X";;;;;"NÃO ALCANÇOU"
"GO";"522028";"São Patrício";"X";;;;;"NÃO ALCANÇOU"
"GO";"522040";"São Simão";;1;1;100;100;"ALCANÇOU"
"GO";"522045";"Senador Canedo";;1;3;33,3;33,3;"NÃO ALCANÇOU"
"GO";"522050";"Serranópolis";"X";;;;;"NÃO ALCANÇOU"
"GO";"522060";"Silvânia";;1;1;100;100;"ALCANÇOU"
"GO";"522068";"Simolândia";"X";;;;;"NÃO ALCANÇOU"
"GO";"522070";"Sítio d'Abadia";"X";;;;;"NÃO ALCANÇOU"
"GO";"522100";"Taquaral de Goiás";"X";;;;;"NÃO ALCANÇOU"
"GO";"522108";"Teresina de Goiás";"X";;;;;"NÃO ALCANÇOU"
"GO";"522119";"Terezópolis de Goiás";"X";;;;;"NÃO ALCANÇOU"
"GO";"522130";"Três Ranchos";"X";;;;;"NÃO ALCANÇOU"
"GO";"522140";"Trindade";;2;4;50;50;"NÃO ALCANÇOU"
"GO";"522145";"Trombas";"X";;;;;"NÃO ALCANÇOU"
"GO";"522150";"Turvânia";"X";;;;;"NÃO ALCANÇOU"
"GO";"522155";"Turvelândia";"X";;;;;"NÃO ALCANÇOU"
"GO";"522157";"Uirapuru";"X";;;;;"NÃO ALCANÇOU"
"GO";"522160";"Uruaçu";;3;4;75;75;"ALCANÇOU"
"GO";"522170";"Uruana";"X";;;;;"NÃO ALCANÇOU"
"GO";"522180";"Urutaí";"X";;;;;"NÃO ALCANÇOU"
"GO";"522185";"Valparaíso de Goiás";"X";;;;;"NÃO ALCANÇOU"
"GO";"522190";"Varjão";"X";;;;;"NÃO ALCANÇOU"
"GO";"522200";"Vianópolis";;0;1;0;0;"NÃO ALCANÇOU"
"GO";"522205";"Vicentinópolis";"X";;;;;"NÃO ALCANÇOU"
"GO";"522220";"Vila Boa";"X";;;;;"NÃO ALCANÇOU"
"GO";"522230";"Vila Propício";"X";;;;;"NÃO ALCANÇOU"
"MA";"210005";"Açailândia";"X";;;;;"NÃO ALCANÇOU"
"MA";"210010";"Afonso Cunha";"X";;;;;"NÃO ALCANÇOU"
"MA";"210015";"Água Doce do Maranhão";"X";;;;;"NÃO ALCANÇOU"
"MA";"210020";"Alcântara";"X";;;;;"NÃO ALCANÇOU"
"MA";"210030";"Aldeias Altas";"X";;;;;"NÃO ALCANÇOU"
"MA";"210040";"Altamira do Maranhão";"X";;;;;"NÃO ALCANÇOU"
"MA";"210043";"Alto Alegre do Maranhão";"X";;;;;"NÃO ALCANÇOU"
"MA";"210047";"Alto Alegre do Pindaré";"X";;;;;"NÃO ALCANÇOU"
"MA";"210050";"Alto Parnaíba";"X";;;;;"NÃO ALCANÇOU"
"MA";"210055";"Amapá do Maranhão";"X";;;;;"NÃO ALCANÇOU"
"MA";"210060";"Amarante do Maranhão";"X";;;;;"NÃO ALCANÇOU"
"MA";"210070";"Anajatuba";"X";;;;;"NÃO ALCANÇOU"
"MA";"210080";"Anapurus";;1;1;100;100;"ALCANÇOU"
"MA";"210083";"Apicum-Açu";"X";;;;;"NÃO ALCANÇOU"
"MA";"210087";"Araguanã";"X";;;;;"NÃO ALCANÇOU"
"MA";"210090";"Araioses";"X";;;;;"NÃO ALCANÇOU"
"MA";"210095";"Arame";"X";;;;;"NÃO ALCANÇOU"
"MA";"210100";"Arari";;1;1;100;100;"ALCANÇOU"
"MA";"210110";"Axixá";"X";;;;;"NÃO ALCANÇOU"
"MA";"210120";"Bacabal";"X";;;;;"NÃO ALCANÇOU"
"MA";"210125";"Bacabeira";"X";;;;;"NÃO ALCANÇOU"
"MA";"210130";"Bacuri";"X";;;;;"NÃO ALCANÇOU"
"MA";"210135";"Bacurituba";"X";;;;;"NÃO ALCANÇOU"
"MA";"210140";"Balsas";;1;1;100;100;"ALCANÇOU"
"MA";"210150";"Barão de Grajaú";"X";;;;;"NÃO ALCANÇOU"
"MA";"210160";"Barra do Corda";"X";;;;;"NÃO ALCANÇOU"
"MA";"210170";"Barreirinhas";"X";;;;;"NÃO ALCANÇOU"
"MA";"210173";"Belágua";"X";;;;;"NÃO ALCANÇOU"
"MA";"210177";"Bela Vista do Maranhão";"X";;;;;"NÃO ALCANÇOU"
"MA";"210180";"Benedito Leite";"X";;;;;"NÃO ALCANÇOU"
"MA";"210190";"Bequimão";"X";;;;;"NÃO ALCANÇOU"
"MA";"210193";"Bernardo do Mearim";"X";;;;;"NÃO ALCANÇOU"
"MA";"210197";"Boa Vista do Gurupi";"X";;;;;"NÃO ALCANÇOU"
"MA";"210200";"Bom Jardim";"X";;;;;"NÃO ALCANÇOU"
"MA";"210203";"Bom Jesus das Selvas";"X";;;;;"NÃO ALCANÇOU"
"MA";"210207";"Bom Lugar";"X";;;;;"NÃO ALCANÇOU"
"MA";"210210";"Brejo";"X";;;;;"NÃO ALCANÇOU"
"MA";"210215";"Brejo de Areia";"X";;;;;"NÃO ALCANÇOU"
"MA";"210220";"Buriti";"X";;;;;"NÃO ALCANÇOU"
"MA";"210230";"Buriti Bravo";"X";;;;;"NÃO ALCANÇOU"
"MA";"210232";"Buriticupu";"X";;;;;"NÃO ALCANÇOU"
"MA";"210235";"Buritirana";"X";;;;;"NÃO ALCANÇOU"
"MA";"210237";"Cachoeira Grande";"X";;;;;"NÃO ALCANÇOU"
"MA";"210240";"Cajapió";"X";;;;;"NÃO ALCANÇOU"
"MA";"210250";"Cajari";"X";;;;;"NÃO ALCANÇOU"
"MA";"210255";"Campestre do Maranhão";"X";;;;;"NÃO ALCANÇOU"
"MA";"210260";"Cândido Mendes";"X";;;;;"NÃO ALCANÇOU"
"MA";"210270";"Cantanhede";"X";;;;;"NÃO ALCANÇOU"
"MA";"210275";"Capinzal do Norte";"X";;;;;"NÃO ALCANÇOU"
"MA";"210280";"Carolina";"X";;;;;"NÃO ALCANÇOU"
"MA";"210290";"Carutapera";"X";;;;;"NÃO ALCANÇOU"
"MA";"210300";"Caxias";"X";;;;;"NÃO ALCANÇOU"
"MA";"210310";"Cedral";"X";;;;;"NÃO ALCANÇOU"
"MA";"210312";"Central do Maranhão";"X";;;;;"NÃO ALCANÇOU"
"MA";"210315";"Centro do Guilherme";"X";;;;;"NÃO ALCANÇOU"
"MA";"210317";"Centro Novo do Maranhão";"X";;;;;"NÃO ALCANÇOU"
"MA";"210320";"Chapadinha";;2;2;100;100;"ALCANÇOU"
"MA";"210325";"Cidelândia";"X";;;;;"NÃO ALCANÇOU"
"MA";"210330";"Codó";"X";;;;;"NÃO ALCANÇOU"
"MA";"210340";"Coelho Neto";"X";;;;;"NÃO ALCANÇOU"
"MA";"210350";"Colinas";"X";;;;;"NÃO ALCANÇOU"
"MA";"210355";"Conceição do Lago-Açu";"X";;;;;"NÃO ALCANÇOU"
"MA";"210360";"Coroatá";;2;2;100;100;"ALCANÇOU"
"MA";"210370";"Cururupu";"X";;;;;"NÃO ALCANÇOU"
"MA";"210375";"Davinópolis";"X";;;;;"NÃO ALCANÇOU"
"MA";"210380";"Dom Pedro";"X";;;;;"NÃO ALCANÇOU"
"MA";"210390";"Duque Bacelar";"X";;;;;"NÃO ALCANÇOU"
"MA";"210400";"Esperantinópolis";"X";;;;;"NÃO ALCANÇOU"
"MA";"210405";"Estreito";"X";;;;;"NÃO ALCANÇOU"
"MA";"210407";"Feira Nova do Maranhão";"X";;;;;"NÃO ALCANÇOU"
"MA";"210408";"Fernando Falcão";"X";;;;;"NÃO ALCANÇOU"
"MA";"210409";"Formosa da Serra Negra";"X";;;;;"NÃO ALCANÇOU"
"MA";"210410";"Fortaleza dos Nogueiras";"X";;;;;"NÃO ALCANÇOU"
"MA";"210420";"Fortuna";"X";;;;;"NÃO ALCANÇOU"
"MA";"210430";"Godofredo Viana";"X";;;;;"NÃO ALCANÇOU"
"MA";"210440";"Gonçalves Dias";"X";;;;;"NÃO ALCANÇOU"
"MA";"210450";"Governador Archer";"X";;;;;"NÃO ALCANÇOU"
"MA";"210455";"Governador Edison Lobão";"X";;;;;"NÃO ALCANÇOU"
"MA";"210460";"Governador Eugênio Barros";"X";;;;;"NÃO ALCANÇOU"
"MA";"210462";"Governador Luiz Rocha";"X";;;;;"NÃO ALCANÇOU"
"MA";"210465";"Governador Newton Bello";"X";;;;;"NÃO ALCANÇOU"
"MA";"210467";"Governador Nunes Freire";"X";;;;;"NÃO ALCANÇOU"
"MA";"210470";"Graça Aranha";"X";;;;;"NÃO ALCANÇOU"
"MA";"210480";"Grajaú";;1;1;100;100;"ALCANÇOU"
"MA";"210490";"Guimarães";"X";;;;;"NÃO ALCANÇOU"
"MA";"210500";"Humberto de Campos";"X";;;;;"NÃO ALCANÇOU"
"MA";"210510";"Icatu";"X";;;;;"NÃO ALCANÇOU"
"MA";"210515";"Igarapé do Meio";"X";;;;;"NÃO ALCANÇOU"
"MA";"210520";"Igarapé Grande";"X";;;;;"NÃO ALCANÇOU"
"MA";"210530";"Imperatriz";"X";;;;;"NÃO ALCANÇOU"
"MA";"210535";"Itaipava do Grajaú";"X";;;;;"NÃO ALCANÇOU"
"MA";"210540";"Itapecuru Mirim";"X";;;;;"NÃO ALCANÇOU"
"MA";"210542";"Itinga do Maranhão";"X";;;;;"NÃO ALCANÇOU"
"MA";"210545";"Jatobá";"X";;;;;"NÃO ALCANÇOU"
"MA";"210547";"Jenipapo dos Vieiras";"X";;;;;"NÃO ALCANÇOU"
"MA";"210550";"João Lisboa";"X";;;;;"NÃO ALCANÇOU"
"MA";"210560";"Joselândia";"X";;;;;"NÃO ALCANÇOU"
"MA";"210565";"Junco do Maranhão";;1;1;100;100;"ALCANÇOU"
"MA";"210570";"Lago da Pedra";"X";;;;;"NÃO ALCANÇOU"
"MA";"210580";"Lago do Junco";"X";;;;;"NÃO ALCANÇOU"
"MA";"210590";"Lago Verde";"X";;;;;"NÃO ALCANÇOU"
"MA";"210592";"Lagoa do Mato";"X";;;;;"NÃO ALCANÇOU"
"MA";"210594";"Lago dos Rodrigues";"X";;;;;"NÃO ALCANÇOU"
"MA";"210596";"Lagoa Grande do Maranhão";"X";;;;;"NÃO ALCANÇOU"
"MA";"210598";"Lajeado Novo";"X";;;;;"NÃO ALCANÇOU"
"MA";"210600";"Lima Campos";"X";;;;;"NÃO ALCANÇOU"
"MA";"210610";"Loreto";"X";;;;;"NÃO ALCANÇOU"
"MA";"210620";"Luís Domingues";"X";;;;;"NÃO ALCANÇOU"
"MA";"210630";"Magalhães de Almeida";"X";;;;;"NÃO ALCANÇOU"
"MA";"210632";"Maracaçumé";"X";;;;;"NÃO ALCANÇOU"
"MA";"210635";"Marajá do Sena";"X";;;;;"NÃO ALCANÇOU"
"MA";"210637";"Maranhãozinho";"X";;;;;"NÃO ALCANÇOU"
"MA";"210640";"Mata Roma";"X";;;;;"NÃO ALCANÇOU"
"MA";"210650";"Matinha";"X";;;;;"NÃO ALCANÇOU"
"MA";"210660";"Matões";"X";;;;;"NÃO ALCANÇOU"
"MA";"210663";"Matões do Norte";"X";;;;;"NÃO ALCANÇOU"
"MA";"210667";"Milagres do Maranhão";"X";;;;;"NÃO ALCANÇOU"
"MA";"210670";"Mirador";"X";;;;;"NÃO ALCANÇOU"
"MA";"210675";"Miranda do Norte";"X";;;;;"NÃO ALCANÇOU"
"MA";"210680";"Mirinzal";"X";;;;;"NÃO ALCANÇOU"
"MA";"210690";"Monção";"X";;;;;"NÃO ALCANÇOU"
"MA";"210700";"Montes Altos";"X";;;;;"NÃO ALCANÇOU"
"MA";"210710";"Morros";"X";;;;;"NÃO ALCANÇOU"
"MA";"210720";"Nina Rodrigues";"X";;;;;"NÃO ALCANÇOU"
"MA";"210725";"Nova Colinas";"X";;;;;"NÃO ALCANÇOU"
"MA";"210730";"Nova Iorque";"X";;;;;"NÃO ALCANÇOU"
"MA";"210735";"Nova Olinda do Maranhão";"X";;;;;"NÃO ALCANÇOU"
"MA";"210740";"Olho d'Água das Cunhãs";"X";;;;;"NÃO ALCANÇOU"
"MA";"210745";"Olinda Nova do Maranhão";"X";;;;;"NÃO ALCANÇOU"
"MA";"210750";"Paço do Lumiar";"X";;;;;"NÃO ALCANÇOU"
"MA";"210760";"Palmeirândia";"X";;;;;"NÃO ALCANÇOU"
"MA";"210770";"Paraibano";"X";;;;;"NÃO ALCANÇOU"
"MA";"210780";"Parnarama";"X";;;;;"NÃO ALCANÇOU"
"MA";"210790";"Passagem Franca";"X";;;;;"NÃO ALCANÇOU"
"MA";"210800";"Pastos Bons";"X";;;;;"NÃO ALCANÇOU"
"MA";"210805";"Paulino Neves";"X";;;;;"NÃO ALCANÇOU"
"MA";"210810";"Paulo Ramos";"X";;;;;"NÃO ALCANÇOU"
"MA";"210820";"Pedreiras";"X";;;;;"NÃO ALCANÇOU"
"MA";"210825";"Pedro do Rosário";"X";;;;;"NÃO ALCANÇOU"
"MA";"210830";"Penalva";"X";;;;;"NÃO ALCANÇOU"
"MA";"210840";"Peri Mirim";"X";;;;;"NÃO ALCANÇOU"
"MA";"210845";"Peritoró";"X";;;;;"NÃO ALCANÇOU"
"MA";"210850";"Pindaré-Mirim";"X";;;;;"NÃO ALCANÇOU"
"MA";"210860";"Pinheiro";"X";;;;;"NÃO ALCANÇOU"
"MA";"210870";"Pio XII";;1;1;100;100;"ALCANÇOU"
"MA";"210880";"Pirapemas";"X";;;;;"NÃO ALCANÇOU"
"MA";"210890";"Poção de Pedras";"X";;;;;"NÃO ALCANÇOU"
"MA";"210900";"Porto Franco";;1;1;100;100;"ALCANÇOU"
"MA";"210905";"Porto Rico do Maranhão";"X";;;;;"NÃO ALCANÇOU"
"MA";"210910";"Presidente Dutra";"X";;;;;"NÃO ALCANÇOU"
"MA";"210920";"Presidente Juscelino";"X";;;;;"NÃO ALCANÇOU"
"MA";"210923";"Presidente Médici";"X";;;;;"NÃO ALCANÇOU"
"MA";"210927";"Presidente Sarney";"X";;;;;"NÃO ALCANÇOU"
"MA";"210930";"Presidente Vargas";"X";;;;;"NÃO ALCANÇOU"
"MA";"210940";"Primeira Cruz";"X";;;;;"NÃO ALCANÇOU"
"MA";"210945";"Raposa";"X";;;;;"NÃO ALCANÇOU"
"MA";"210950";"Riachão";"X";;;;;"NÃO ALCANÇOU"
"MA";"210955";"Ribamar Fiquene";"X";;;;;"NÃO ALCANÇOU"
"MA";"210960";"Rosário";;1;1;100;100;"ALCANÇOU"
"MA";"210970";"Sambaíba";"X";;;;;"NÃO ALCANÇOU"
"MA";"210975";"Santa Filomena do Maranhão";"X";;;;;"NÃO ALCANÇOU"
"MA";"210980";"Santa Helena";"X";;;;;"NÃO ALCANÇOU"
"MA";"210990";"Santa Inês";"X";;;;;"NÃO ALCANÇOU"
"MA";"211000";"Santa Luzia";"X";;;;;"NÃO ALCANÇOU"
"MA";"211003";"Santa Luzia do Paruá";"X";;;;;"NÃO ALCANÇOU"
"MA";"211010";"Santa Quitéria do Maranhão";"X";;;;;"NÃO ALCANÇOU"
"MA";"211020";"Santa Rita";;1;1;100;100;"ALCANÇOU"
"MA";"211023";"Santana do Maranhão";"X";;;;;"NÃO ALCANÇOU"
"MA";"211027";"Santo Amaro do Maranhão";"X";;;;;"NÃO ALCANÇOU"
"MA";"211030";"Santo Antônio dos Lopes";"X";;;;;"NÃO ALCANÇOU"
"MA";"211040";"São Benedito do Rio Preto";"X";;;;;"NÃO ALCANÇOU"
"MA";"211050";"São Bento";"X";;;;;"NÃO ALCANÇOU"
"MA";"211060";"São Bernardo";"X";;;;;"NÃO ALCANÇOU"
"MA";"211065";"São Domingos do Azeitão";"X";;;;;"NÃO ALCANÇOU"
"MA";"211070";"São Domingos do Maranhão";"X";;;;;"NÃO ALCANÇOU"
"MA";"211080";"São Félix de Balsas";"X";;;;;"NÃO ALCANÇOU"
"MA";"211085";"São Francisco do Brejão";"X";;;;;"NÃO ALCANÇOU"
"MA";"211090";"São Francisco do Maranhão";"X";;;;;"NÃO ALCANÇOU"
"MA";"211100";"São João Batista";"X";;;;;"NÃO ALCANÇOU"
"MA";"211102";"São João do Carú";"X";;;;;"NÃO ALCANÇOU"
"MA";"211105";"São João do Paraíso";"X";;;;;"NÃO ALCANÇOU"
"MA";"211107";"São João do Soter";"X";;;;;"NÃO ALCANÇOU"
"MA";"211110";"São João dos Patos";"X";;;;;"NÃO ALCANÇOU"
"MA";"211120";"São José de Ribamar";"X";;;;;"NÃO ALCANÇOU"
"MA";"211125";"São José dos Basílios";"X";;;;;"NÃO ALCANÇOU"
"MA";"211130";"São Luís";;47;60;78,3;78,3;"ALCANÇOU"
"MA";"211140";"São Luís Gonzaga do Maranhão";"X";;;;;"NÃO ALCANÇOU"
"MA";"211150";"São Mateus do Maranhão";"X";;;;;"NÃO ALCANÇOU"
"MA";"211153";"São Pedro da Água Branca";"X";;;;;"NÃO ALCANÇOU"
"MA";"211157";"São Pedro dos Crentes";"X";;;;;"NÃO ALCANÇOU"
"MA";"211160";"São Raimundo das Mangabeiras";"X";;;;;"NÃO ALCANÇOU"
"MA";"211163";"São Raimundo do Doca Bezerra";"X";;;;;"NÃO ALCANÇOU"
"MA";"211167";"São Roberto";"X";;;;;"NÃO ALCANÇOU"
"MA";"211170";"São Vicente Ferrer";"X";;;;;"NÃO ALCANÇOU"
"MA";"211172";"Satubinha";"X";;;;;"NÃO ALCANÇOU"
"MA";"211174";"Senador Alexandre Costa";"X";;;;;"NÃO ALCANÇOU"
"MA";"211176";"Senador La Rocque";"X";;;;;"NÃO ALCANÇOU"
"MA";"211178";"Serrano do Maranhão";"X";;;;;"NÃO ALCANÇOU"
"MA";"211180";"Sítio Novo";"X";;;;;"NÃO ALCANÇOU"
"MA";"211190";"Sucupira do Norte";"X";;;;;"NÃO ALCANÇOU"
"MA";"211195";"Sucupira do Riachão";"X";;;;;"NÃO ALCANÇOU"
"MA";"211200";"Tasso Fragoso";"X";;;;;"NÃO ALCANÇOU"
"MA";"211210";"Timbiras";"X";;;;;"NÃO ALCANÇOU"
"MA";"211220";"Timon";"X";;;;;"NÃO ALCANÇOU"
"MA";"211223";"Trizidela do Vale";"X";;;;;"NÃO ALCANÇOU"
"MA";"211227";"Tufilândia";"X";;;;;"NÃO ALCANÇOU"
"MA";"211230";"Tuntum";"X";;;;;"NÃO ALCANÇOU"
"MA";"211240";"Turiaçu";"X";;;;;"NÃO ALCANÇOU"
"MA";"211245";"Turilândia";"X";;;;;"NÃO ALCANÇOU"
"MA";"211250";"Tutóia";"X";;;;;"NÃO ALCANÇOU"
"MA";"211260";"Urbano Santos";"X";;;;;"NÃO ALCANÇOU"
"MA";"211270";"Vargem Grande";"X";;;;;"NÃO ALCANÇOU"
"MA";"211280";"Viana";"X";;;;;"NÃO ALCANÇOU"
"MA";"211285";"Vila Nova dos Martírios";"X";;;;;"NÃO ALCANÇOU"
"MA";"211290";"Vitória do Mearim";"X";;;;;"NÃO ALCANÇOU"
"MA";"211300";"Vitorino Freire";"X";;;;;"NÃO ALCANÇOU"
"MA";"211400";"Zé Doca";"X";;;;;"NÃO ALCANÇOU"
"MG";"310010";"Abadia dos Dourados";"X";;;;;"NÃO ALCANÇOU"
"MG";"310020";"Abaeté";"X";;;;;"NÃO ALCANÇOU"
"MG";"310030";"Abre Campo";"X";;;;;"NÃO ALCANÇOU"
"MG";"310040";"Acaiaca";"X";;;;;"NÃO ALCANÇOU"
"MG";"310050";"Açucena";"X";;;;;"NÃO ALCANÇOU"
"MG";"310060";"Água Boa";"X";;;;;"NÃO ALCANÇOU"
"MG";"310070";"Água Comprida";"X";;;;;"NÃO ALCANÇOU"
"MG";"310080";"Aguanil";"X";;;;;"NÃO ALCANÇOU"
"MG";"310090";"Águas Formosas";"X";;;;;"NÃO ALCANÇOU"
"MG";"310100";"Águas Vermelhas";"X";;;;;"NÃO ALCANÇOU"
"MG";"310110";"Aimorés";;1;1;100;100;"ALCANÇOU"
"MG";"310120";"Aiuruoca";"X";;;;;"NÃO ALCANÇOU"
"MG";"310130";"Alagoa";"X";;;;;"NÃO ALCANÇOU"
"MG";"310140";"Albertina";"X";;;;;"NÃO ALCANÇOU"
"MG";"310150";"Além Paraíba";;2;2;100;100;"ALCANÇOU"
"MG";"310160";"Alfenas";;4;5;80;80;"ALCANÇOU"
"MG";"310163";"Alfredo Vasconcelos";"X";;;;;"NÃO ALCANÇOU"
"MG";"310170";"Almenara";"X";;;;;"NÃO ALCANÇOU"
"MG";"310180";"Alpercata";"X";;;;;"NÃO ALCANÇOU"
"MG";"310190";"Alpinópolis";"X";;;;;"NÃO ALCANÇOU"
"MG";"310200";"Alterosa";;1;1;100;100;"ALCANÇOU"
"MG";"310205";"Alto Caparaó";"X";;;;;"NÃO ALCANÇOU"
"MG";"310210";"Alto Rio Doce";"X";;;;;"NÃO ALCANÇOU"
"MG";"310220";"Alvarenga";"X";;;;;"NÃO ALCANÇOU"
"MG";"310230";"Alvinópolis";"X";;;;;"NÃO ALCANÇOU"
"MG";"310240";"Alvorada de Minas";"X";;;;;"NÃO ALCANÇOU"
"MG";"310250";"Amparo do Serra";"X";;;;;"NÃO ALCANÇOU"
"MG";"310260";"Andradas";;1;3;33,3;33,3;"NÃO ALCANÇOU"
"MG";"310270";"Cachoeira de Pajeú";"X";;;;;"NÃO ALCANÇOU"
"MG";"310280";"Andrelândia";"X";;;;;"NÃO ALCANÇOU"
"MG";"310285";"Angelândia";"X";;;;;"NÃO ALCANÇOU"
"MG";"310290";"Antônio Carlos";"X";;;;;"NÃO ALCANÇOU"
"MG";"310300";"Antônio Dias";"X";;;;;"NÃO ALCANÇOU"
"MG";"310310";"Antônio Prado de Minas";"X";;;;;"NÃO ALCANÇOU"
"MG";"310320";"Araçaí";"X";;;;;"NÃO ALCANÇOU"
"MG";"310330";"Aracitaba";"X";;;;;"NÃO ALCANÇOU"
"MG";"310340";"Araçuaí";;2;2;100;100;"ALCANÇOU"
"MG";"310350";"Araguari";"X";;;;;"NÃO ALCANÇOU"
"MG";"310360";"Arantina";"X";;;;;"NÃO ALCANÇOU"
"MG";"310370";"Araponga";"X";;;;;"NÃO ALCANÇOU"
"MG";"310375";"Araporã";"X";;;;;"NÃO ALCANÇOU"
"MG";"310380";"Arapuá";"X";;;;;"NÃO ALCANÇOU"
"MG";"310390";"Araújos";"X";;;;;"NÃO ALCANÇOU"
"MG";"310400";"Araxá";;3;6;50;50;"NÃO ALCANÇOU"
"MG";"310410";"Arceburgo";;3;3;100;100;"ALCANÇOU"
"MG";"310420";"Arcos";;0;1;0;0;"NÃO ALCANÇOU"
"MG";"310430";"Areado";"X";;;;;"NÃO ALCANÇOU"
"MG";"310440";"Argirita";"X";;;;;"NÃO ALCANÇOU"
"MG";"310445";"Aricanduva";"X";;;;;"NÃO ALCANÇOU"
"MG";"310450";"Arinos";"X";;;;;"NÃO ALCANÇOU"
"MG";"310460";"Astolfo Dutra";"X";;;;;"NÃO ALCANÇOU"
"MG";"310470";"Ataléia";"X";;;;;"NÃO ALCANÇOU"
"MG";"310480";"Augusto de Lima";"X";;;;;"NÃO ALCANÇOU"
"MG";"310490";"Baependi";"X";;;;;"NÃO ALCANÇOU"
"MG";"310500";"Baldim";"X";;;;;"NÃO ALCANÇOU"
"MG";"310510";"Bambuí";"X";;;;;"NÃO ALCANÇOU"
"MG";"310520";"Bandeira";"X";;;;;"NÃO ALCANÇOU"
"MG";"310530";"Bandeira do Sul";"X";;;;;"NÃO ALCANÇOU"
"MG";"310540";"Barão de Cocais";"X";;;;;"NÃO ALCANÇOU"
"MG";"310550";"Barão de Monte Alto";"X";;;;;"NÃO ALCANÇOU"
"MG";"310560";"Barbacena";;3;4;75;75;"ALCANÇOU"
"MG";"310570";"Barra Longa";"X";;;;;"NÃO ALCANÇOU"
"MG";"310590";"Barroso";"X";;;;;"NÃO ALCANÇOU"
"MG";"310600";"Bela Vista de Minas";"X";;;;;"NÃO ALCANÇOU"
"MG";"310610";"Belmiro Braga";"X";;;;;"NÃO ALCANÇOU"
"MG";"310620";"Belo Horizonte";;13;18;72,2;72,2;"NÃO ALCANÇOU"
"MG";"310630";"Belo Oriente";"X";;;;;"NÃO ALCANÇOU"
"MG";"310640";"Belo Vale";"X";;;;;"NÃO ALCANÇOU"
"MG";"310650";"Berilo";"X";;;;;"NÃO ALCANÇOU"
"MG";"310660";"Bertópolis";"X";;;;;"NÃO ALCANÇOU"
"MG";"310665";"Berizal";"X";;;;;"NÃO ALCANÇOU"
"MG";"310670";"Betim";;1;4;25;25;"NÃO ALCANÇOU"
"MG";"310680";"Bias Fortes";"X";;;;;"NÃO ALCANÇOU"
"MG";"310690";"Bicas";"X";;;;;"NÃO ALCANÇOU"
"MG";"310700";"Biquinhas";"X";;;;;"NÃO ALCANÇOU"
"MG";"310710";"Boa Esperança";;1;1;100;100;"ALCANÇOU"
"MG";"310720";"Bocaina de Minas";"X";;;;;"NÃO ALCANÇOU"
"MG";"310730";"Bocaiúva";"X";;;;;"NÃO ALCANÇOU"
"MG";"310740";"Bom Despacho";;0;1;0;0;"NÃO ALCANÇOU"
"MG";"310750";"Bom Jardim de Minas";"X";;;;;"NÃO ALCANÇOU"
"MG";"310760";"Bom Jesus da Penha";;1;1;100;100;"ALCANÇOU"
"MG";"310770";"Bom Jesus do Amparo";"X";;;;;"NÃO ALCANÇOU"
"MG";"310780";"Bom Jesus do Galho";"X";;;;;"NÃO ALCANÇOU"
"MG";"310790";"Bom Repouso";"X";;;;;"NÃO ALCANÇOU"
"MG";"310800";"Bom Sucesso";"X";;;;;"NÃO ALCANÇOU"
"MG";"310810";"Bonfim";"X";;;;;"NÃO ALCANÇOU"
"MG";"310820";"Bonfinópolis de Minas";"X";;;;;"NÃO ALCANÇOU"
"MG";"310825";"Bonito de Minas";"X";;;;;"NÃO ALCANÇOU"
"MG";"310830";"Borda da Mata";"X";;;;;"NÃO ALCANÇOU"
"MG";"310840";"Botelhos";"X";;;;;"NÃO ALCANÇOU"
"MG";"310850";"Botumirim";"X";;;;;"NÃO ALCANÇOU"
"MG";"310855";"Brasilândia de Minas";"X";;;;;"NÃO ALCANÇOU"
"MG";"310860";"Brasília de Minas";"X";;;;;"NÃO ALCANÇOU"
"MG";"310870";"Brás Pires";"X";;;;;"NÃO ALCANÇOU"
"MG";"310880";"Braúnas";"X";;;;;"NÃO ALCANÇOU"
"MG";"310890";"Brazópolis";"X";;;;;"NÃO ALCANÇOU"
"MG";"310900";"Brumadinho";;3;3;100;100;"ALCANÇOU"
"MG";"310910";"Bueno Brandão";"X";;;;;"NÃO ALCANÇOU"
"MG";"310920";"Buenópolis";"X";;;;;"NÃO ALCANÇOU"
"MG";"310925";"Bugre";"X";;;;;"NÃO ALCANÇOU"
"MG";"310930";"Buritis";"X";;;;;"NÃO ALCANÇOU"
"MG";"310940";"Buritizeiro";;1;1;100;100;"ALCANÇOU"
"MG";"310945";"Cabeceira Grande";"X";;;;;"NÃO ALCANÇOU"
"MG";"310950";"Cabo Verde";"X";;;;;"NÃO ALCANÇOU"
"MG";"310960";"Cachoeira da Prata";"X";;;;;"NÃO ALCANÇOU"
"MG";"310970";"Cachoeira de Minas";"X";;;;;"NÃO ALCANÇOU"
"MG";"310980";"Cachoeira Dourada";"X";;;;;"NÃO ALCANÇOU"
"MG";"310990";"Caetanópolis";"X";;;;;"NÃO ALCANÇOU"
"MG";"311000";"Caeté";;4;4;100;100;"ALCANÇOU"
"MG";"311010";"Caiana";"X";;;;;"NÃO ALCANÇOU"
"MG";"311020";"Cajuri";"X";;;;;"NÃO ALCANÇOU"
"MG";"311030";"Caldas";"X";;;;;"NÃO ALCANÇOU"
"MG";"311040";"Camacho";"X";;;;;"NÃO ALCANÇOU"
"MG";"311050";"Camanducaia";"X";;;;;"NÃO ALCANÇOU"
"MG";"311060";"Cambuí";"X";;;;;"NÃO ALCANÇOU"
"MG";"311070";"Cambuquira";"X";;;;;"NÃO ALCANÇOU"
"MG";"311080";"Campanário";"X";;;;;"NÃO ALCANÇOU"
"MG";"311090";"Campanha";"X";;;;;"NÃO ALCANÇOU"
"MG";"311100";"Campestre";"X";;;;;"NÃO ALCANÇOU"
"MG";"311110";"Campina Verde";"X";;;;;"NÃO ALCANÇOU"
"MG";"311115";"Campo Azul";"X";;;;;"NÃO ALCANÇOU"
"MG";"311120";"Campo Belo";;1;3;33,3;33,3;"NÃO ALCANÇOU"
"MG";"311130";"Campo do Meio";"X";;;;;"NÃO ALCANÇOU"
"MG";"311140";"Campo Florido";;1;1;100;100;"ALCANÇOU"
"MG";"311150";"Campos Altos";"X";;;;;"NÃO ALCANÇOU"
"MG";"311160";"Campos Gerais";"X";;;;;"NÃO ALCANÇOU"
"MG";"311170";"Canaã";"X";;;;;"NÃO ALCANÇOU"
"MG";"311180";"Canápolis";;0;1;0;0;"NÃO ALCANÇOU"
"MG";"311190";"Cana Verde";"X";;;;;"NÃO ALCANÇOU"
"MG";"311200";"Candeias";"X";;;;;"NÃO ALCANÇOU"
"MG";"311205";"Cantagalo";"X";;;;;"NÃO ALCANÇOU"
"MG";"311210";"Caparaó";"X";;;;;"NÃO ALCANÇOU"
"MG";"311220";"Capela Nova";"X";;;;;"NÃO ALCANÇOU"
"MG";"311230";"Capelinha";"X";;;;;"NÃO ALCANÇOU"
"MG";"311240";"Capetinga";"X";;;;;"NÃO ALCANÇOU"
"MG";"311250";"Capim Branco";"X";;;;;"NÃO ALCANÇOU"
"MG";"311260";"Capinópolis";;1;4;25;25;"NÃO ALCANÇOU"
"MG";"311265";"Capitão Andrade";"X";;;;;"NÃO ALCANÇOU"
"MG";"311270";"Capitão Enéas";;1;1;100;100;"ALCANÇOU"
"MG";"311280";"Capitólio";"X";;;;;"NÃO ALCANÇOU"
"MG";"311290";"Caputira";"X";;;;;"NÃO ALCANÇOU"
"MG";"311300";"Caraí";"X";;;;;"NÃO ALCANÇOU"
"MG";"311310";"Caranaíba";"X";;;;;"NÃO ALCANÇOU"
"MG";"311320";"Carandaí";"X";;;;;"NÃO ALCANÇOU"
"MG";"311330";"Carangola";;1;1;100;100;"ALCANÇOU"
"MG";"311340";"Caratinga";"X";;;;;"NÃO ALCANÇOU"
"MG";"311350";"Carbonita";"X";;;;;"NÃO ALCANÇOU"
"MG";"311360";"Careaçu";"X";;;;;"NÃO ALCANÇOU"
"MG";"311370";"Carlos Chagas";"X";;;;;"NÃO ALCANÇOU"
"MG";"311380";"Carmésia";"X";;;;;"NÃO ALCANÇOU"
"MG";"311390";"Carmo da Cachoeira";"X";;;;;"NÃO ALCANÇOU"
"MG";"311400";"Carmo da Mata";"X";;;;;"NÃO ALCANÇOU"
"MG";"311410";"Carmo de Minas";"X";;;;;"NÃO ALCANÇOU"
"MG";"311420";"Carmo do Cajuru";"X";;;;;"NÃO ALCANÇOU"
"MG";"311430";"Carmo do Paranaíba";;0;1;0;0;"NÃO ALCANÇOU"
"MG";"311440";"Carmo do Rio Claro";;0;1;0;0;"NÃO ALCANÇOU"
"MG";"311450";"Carmópolis de Minas";"X";;;;;"NÃO ALCANÇOU"
"MG";"311455";"Carneirinho";;1;2;50;50;"NÃO ALCANÇOU"
"MG";"311460";"Carrancas";"X";;;;;"NÃO ALCANÇOU"
"MG";"311470";"Carvalhópolis";"X";;;;;"NÃO ALCANÇOU"
"MG";"311480";"Carvalhos";"X";;;;;"NÃO ALCANÇOU"
"MG";"311490";"Casa Grande";"X";;;;;"NÃO ALCANÇOU"
"MG";"311500";"Cascalho Rico";"X";;;;;"NÃO ALCANÇOU"
"MG";"311510";"Cássia";"X";;;;;"NÃO ALCANÇOU"
"MG";"311520";"Conceição da Barra de Minas";"X";;;;;"NÃO ALCANÇOU"
"MG";"311530";"Cataguases";"X";;;;;"NÃO ALCANÇOU"
"MG";"311535";"Catas Altas";"X";;;;;"NÃO ALCANÇOU"
"MG";"311540";"Catas Altas da Noruega";"X";;;;;"NÃO ALCANÇOU"
"MG";"311545";"Catuji";"X";;;;;"NÃO ALCANÇOU"
"MG";"311547";"Catuti";"X";;;;;"NÃO ALCANÇOU"
"MG";"311550";"Caxambu";"X";;;;;"NÃO ALCANÇOU"
"MG";"311560";"Cedro do Abaeté";"X";;;;;"NÃO ALCANÇOU"
"MG";"311570";"Central de Minas";"X";;;;;"NÃO ALCANÇOU"
"MG";"311580";"Centralina";"X";;;;;"NÃO ALCANÇOU"
"MG";"311590";"Chácara";"X";;;;;"NÃO ALCANÇOU"
"MG";"311600";"Chalé";"X";;;;;"NÃO ALCANÇOU"
"MG";"311610";"Chapada do Norte";;2;2;100;100;"ALCANÇOU"
"MG";"311615";"Chapada Gaúcha";"X";;;;;"NÃO ALCANÇOU"
"MG";"311620";"Chiador";"X";;;;;"NÃO ALCANÇOU"
"MG";"311630";"Cipotânea";"X";;;;;"NÃO ALCANÇOU"
"MG";"311640";"Claraval";"X";;;;;"NÃO ALCANÇOU"
"MG";"311650";"Claro dos Poções";"X";;;;;"NÃO ALCANÇOU"
"MG";"311660";"Cláudio";"X";;;;;"NÃO ALCANÇOU"
"MG";"311670";"Coimbra";"X";;;;;"NÃO ALCANÇOU"
"MG";"311680";"Coluna";"X";;;;;"NÃO ALCANÇOU"
"MG";"311690";"Comendador Gomes";"X";;;;;"NÃO ALCANÇOU"
"MG";"311700";"Comercinho";"X";;;;;"NÃO ALCANÇOU"
"MG";"311710";"Conceição da Aparecida";"X";;;;;"NÃO ALCANÇOU"
"MG";"311720";"Conceição das Pedras";"X";;;;;"NÃO ALCANÇOU"
"MG";"311730";"Conceição das Alagoas";"X";;;;;"NÃO ALCANÇOU"
"MG";"311740";"Conceição de Ipanema";"X";;;;;"NÃO ALCANÇOU"
"MG";"311750";"Conceição do Mato Dentro";"X";;;;;"NÃO ALCANÇOU"
"MG";"311760";"Conceição do Pará";"X";;;;;"NÃO ALCANÇOU"
"MG";"311770";"Conceição do Rio Verde";"X";;;;;"NÃO ALCANÇOU"
"MG";"311780";"Conceição dos Ouros";"X";;;;;"NÃO ALCANÇOU"
"MG";"311783";"Cônego Marinho";"X";;;;;"NÃO ALCANÇOU"
"MG";"311787";"Confins";"X";;;;;"NÃO ALCANÇOU"
"MG";"311790";"Congonhal";"X";;;;;"NÃO ALCANÇOU"
"MG";"311800";"Congonhas";"X";;;;;"NÃO ALCANÇOU"
"MG";"311810";"Congonhas do Norte";"X";;;;;"NÃO ALCANÇOU"
"MG";"311820";"Conquista";"X";;;;;"NÃO ALCANÇOU"
"MG";"311830";"Conselheiro Lafaiete";"X";;;;;"NÃO ALCANÇOU"
"MG";"311840";"Conselheiro Pena";"X";;;;;"NÃO ALCANÇOU"
"MG";"311850";"Consolação";"X";;;;;"NÃO ALCANÇOU"
"MG";"311860";"Contagem";;12;15;80;80;"ALCANÇOU"
"MG";"311870";"Coqueiral";"X";;;;;"NÃO ALCANÇOU"
"MG";"311880";"Coração de Jesus";"X";;;;;"NÃO ALCANÇOU"
"MG";"311890";"Cordisburgo";"X";;;;;"NÃO ALCANÇOU"
"MG";"311900";"Cordislândia";"X";;;;;"NÃO ALCANÇOU"
"MG";"311910";"Corinto";"X";;;;;"NÃO ALCANÇOU"
"MG";"311920";"Coroaci";"X";;;;;"NÃO ALCANÇOU"
"MG";"311930";"Coromandel";"X";;;;;"NÃO ALCANÇOU"
"MG";"311940";"Coronel Fabriciano";;1;1;100;100;"ALCANÇOU"
"MG";"311950";"Coronel Murta";"X";;;;;"NÃO ALCANÇOU"
"MG";"311960";"Coronel Pacheco";"X";;;;;"NÃO ALCANÇOU"
"MG";"311970";"Coronel Xavier Chaves";"X";;;;;"NÃO ALCANÇOU"
"MG";"311980";"Córrego Danta";"X";;;;;"NÃO ALCANÇOU"
"MG";"311990";"Córrego do Bom Jesus";"X";;;;;"NÃO ALCANÇOU"
"MG";"311995";"Córrego Fundo";"X";;;;;"NÃO ALCANÇOU"
"MG";"312000";"Córrego Novo";"X";;;;;"NÃO ALCANÇOU"
"MG";"312010";"Couto de Magalhães de Minas";"X";;;;;"NÃO ALCANÇOU"
"MG";"312015";"Crisólita";"X";;;;;"NÃO ALCANÇOU"
"MG";"312020";"Cristais";"X";;;;;"NÃO ALCANÇOU"
"MG";"312030";"Cristália";"X";;;;;"NÃO ALCANÇOU"
"MG";"312040";"Cristiano Otoni";"X";;;;;"NÃO ALCANÇOU"
"MG";"312050";"Cristina";"X";;;;;"NÃO ALCANÇOU"
"MG";"312060";"Crucilândia";"X";;;;;"NÃO ALCANÇOU"
"MG";"312070";"Cruzeiro da Fortaleza";"X";;;;;"NÃO ALCANÇOU"
"MG";"312080";"Cruzília";;1;1;100;100;"ALCANÇOU"
"MG";"312083";"Cuparaque";"X";;;;;"NÃO ALCANÇOU"
"MG";"312087";"Curral de Dentro";"X";;;;;"NÃO ALCANÇOU"
"MG";"312090";"Curvelo";;2;2;100;100;"ALCANÇOU"
"MG";"312100";"Datas";"X";;;;;"NÃO ALCANÇOU"
"MG";"312110";"Delfim Moreira";"X";;;;;"NÃO ALCANÇOU"
"MG";"312120";"Delfinópolis";"X";;;;;"NÃO ALCANÇOU"
"MG";"312125";"Delta";"X";;;;;"NÃO ALCANÇOU"
"MG";"312130";"Descoberto";"X";;;;;"NÃO ALCANÇOU"
"MG";"312140";"Desterro de Entre Rios";"X";;;;;"NÃO ALCANÇOU"
"MG";"312150";"Desterro do Melo";"X";;;;;"NÃO ALCANÇOU"
"MG";"312160";"Diamantina";;5;5;100;100;"ALCANÇOU"
"MG";"312170";"Diogo de Vasconcelos";"X";;;;;"NÃO ALCANÇOU"
"MG";"312180";"Dionísio";"X";;;;;"NÃO ALCANÇOU"
"MG";"312190";"Divinésia";"X";;;;;"NÃO ALCANÇOU"
"MG";"312200";"Divino";"X";;;;;"NÃO ALCANÇOU"
"MG";"312210";"Divino das Laranjeiras";"X";;;;;"NÃO ALCANÇOU"
"MG";"312220";"Divinolândia de Minas";"X";;;;;"NÃO ALCANÇOU"
"MG";"312230";"Divinópolis";;8;12;66,7;66,7;"NÃO ALCANÇOU"
"MG";"312235";"Divisa Alegre";"X";;;;;"NÃO ALCANÇOU"
"MG";"312240";"Divisa Nova";"X";;;;;"NÃO ALCANÇOU"
"MG";"312245";"Divisópolis";"X";;;;;"NÃO ALCANÇOU"
"MG";"312247";"Dom Bosco";"X";;;;;"NÃO ALCANÇOU"
"MG";"312250";"Dom Cavati";"X";;;;;"NÃO ALCANÇOU"
"MG";"312260";"Dom Joaquim";"X";;;;;"NÃO ALCANÇOU"
"MG";"312270";"Dom Silvério";"X";;;;;"NÃO ALCANÇOU"
"MG";"312280";"Dom Viçoso";"X";;;;;"NÃO ALCANÇOU"
"MG";"312290";"Dona Euzébia";"X";;;;;"NÃO ALCANÇOU"
"MG";"312300";"Dores de Campos";"X";;;;;"NÃO ALCANÇOU"
"MG";"312310";"Dores de Guanhães";"X";;;;;"NÃO ALCANÇOU"
"MG";"312320";"Dores do Indaiá";;0;3;0;0;"NÃO ALCANÇOU"
"MG";"312330";"Dores do Turvo";"X";;;;;"NÃO ALCANÇOU"
"MG";"312340";"Doresópolis";;1;1;100;100;"ALCANÇOU"
"MG";"312350";"Douradoquara";"X";;;;;"NÃO ALCANÇOU"
"MG";"312352";"Durandé";"X";;;;;"NÃO ALCANÇOU"
"MG";"312360";"Elói Mendes";"X";;;;;"NÃO ALCANÇOU"
"MG";"312370";"Engenheiro Caldas";"X";;;;;"NÃO ALCANÇOU"
"MG";"312380";"Engenheiro Navarro";"X";;;;;"NÃO ALCANÇOU"
"MG";"312385";"Entre Folhas";"X";;;;;"NÃO ALCANÇOU"
"MG";"312390";"Entre Rios de Minas";"X";;;;;"NÃO ALCANÇOU"
"MG";"312400";"Ervália";"X";;;;;"NÃO ALCANÇOU"
"MG";"312410";"Esmeraldas";"X";;;;;"NÃO ALCANÇOU"
"MG";"312420";"Espera Feliz";"X";;;;;"NÃO ALCANÇOU"
"MG";"312430";"Espinosa";;1;1;100;100;"ALCANÇOU"
"MG";"312440";"Espírito Santo do Dourado";"X";;;;;"NÃO ALCANÇOU"
"MG";"312450";"Estiva";"X";;;;;"NÃO ALCANÇOU"
"MG";"312460";"Estrela Dalva";"X";;;;;"NÃO ALCANÇOU"
"MG";"312470";"Estrela do Indaiá";"X";;;;;"NÃO ALCANÇOU"
"MG";"312480";"Estrela do Sul";"X";;;;;"NÃO ALCANÇOU"
"MG";"312490";"Eugenópolis";"X";;;;;"NÃO ALCANÇOU"
"MG";"312500";"Ewbank da Câmara";;1;1;100;100;"ALCANÇOU"
"MG";"312510";"Extrema";"X";;;;;"NÃO ALCANÇOU"
"MG";"312520";"Fama";"X";;;;;"NÃO ALCANÇOU"
"MG";"312530";"Faria Lemos";"X";;;;;"NÃO ALCANÇOU"
"MG";"312540";"Felício dos Santos";"X";;;;;"NÃO ALCANÇOU"
"MG";"312550";"São Gonçalo do Rio Preto";"X";;;;;"NÃO ALCANÇOU"
"MG";"312560";"Felisburgo";"X";;;;;"NÃO ALCANÇOU"
"MG";"312570";"Felixlândia";"X";;;;;"NÃO ALCANÇOU"
"MG";"312580";"Fernandes Tourinho";"X";;;;;"NÃO ALCANÇOU"
"MG";"312590";"Ferros";;2;2;100;100;"ALCANÇOU"
"MG";"312595";"Fervedouro";"X";;;;;"NÃO ALCANÇOU"
"MG";"312600";"Florestal";"X";;;;;"NÃO ALCANÇOU"
"MG";"312610";"Formiga";"X";;;;;"NÃO ALCANÇOU"
"MG";"312620";"Formoso";"X";;;;;"NÃO ALCANÇOU"
"MG";"312630";"Fortaleza de Minas";"X";;;;;"NÃO ALCANÇOU"
"MG";"312640";"Fortuna de Minas";"X";;;;;"NÃO ALCANÇOU"
"MG";"312650";"Francisco Badaró";"X";;;;;"NÃO ALCANÇOU"
"MG";"312660";"Francisco Dumont";"X";;;;;"NÃO ALCANÇOU"
"MG";"312670";"Francisco Sá";"X";;;;;"NÃO ALCANÇOU"
"MG";"312675";"Franciscópolis";"X";;;;;"NÃO ALCANÇOU"
"MG";"312680";"Frei Gaspar";"X";;;;;"NÃO ALCANÇOU"
"MG";"312690";"Frei Inocêncio";"X";;;;;"NÃO ALCANÇOU"
"MG";"312695";"Frei Lagonegro";"X";;;;;"NÃO ALCANÇOU"
"MG";"312700";"Fronteira";"X";;;;;"NÃO ALCANÇOU"
"MG";"312705";"Fronteira dos Vales";"X";;;;;"NÃO ALCANÇOU"
"MG";"312707";"Fruta de Leite";"X";;;;;"NÃO ALCANÇOU"
"MG";"312710";"Frutal";;7;7;100;100;"ALCANÇOU"
"MG";"312720";"Funilândia";"X";;;;;"NÃO ALCANÇOU"
"MG";"312730";"Galiléia";"X";;;;;"NÃO ALCANÇOU"
"MG";"312733";"Gameleiras";"X";;;;;"NÃO ALCANÇOU"
"MG";"312735";"Glaucilândia";"X";;;;;"NÃO ALCANÇOU"
"MG";"312737";"Goiabeira";"X";;;;;"NÃO ALCANÇOU"
"MG";"312738";"Goianá";"X";;;;;"NÃO ALCANÇOU"
"MG";"312740";"Gonçalves";"X";;;;;"NÃO ALCANÇOU"
"MG";"312750";"Gonzaga";"X";;;;;"NÃO ALCANÇOU"
"MG";"312760";"Gouveia";"X";;;;;"NÃO ALCANÇOU"
"MG";"312770";"Governador Valadares";;2;3;66,7;66,7;"NÃO ALCANÇOU"
"MG";"312780";"Grão Mogol";"X";;;;;"NÃO ALCANÇOU"
"MG";"312790";"Grupiara";"X";;;;;"NÃO ALCANÇOU"
"MG";"312800";"Guanhães";"X";;;;;"NÃO ALCANÇOU"
"MG";"312810";"Guapé";"X";;;;;"NÃO ALCANÇOU"
"MG";"312820";"Guaraciaba";"X";;;;;"NÃO ALCANÇOU"
"MG";"312825";"Guaraciama";"X";;;;;"NÃO ALCANÇOU"
"MG";"312830";"Guaranésia";"X";;;;;"NÃO ALCANÇOU"
"MG";"312840";"Guarani";"X";;;;;"NÃO ALCANÇOU"
"MG";"312850";"Guarará";"X";;;;;"NÃO ALCANÇOU"
"MG";"312860";"Guarda-Mor";"X";;;;;"NÃO ALCANÇOU"
"MG";"312870";"Guaxupé";;4;4;100;100;"ALCANÇOU"
"MG";"312880";"Guidoval";"X";;;;;"NÃO ALCANÇOU"
"MG";"312890";"Guimarânia";"X";;;;;"NÃO ALCANÇOU"
"MG";"312900";"Guiricema";"X";;;;;"NÃO ALCANÇOU"
"MG";"312910";"Gurinhatã";"X";;;;;"NÃO ALCANÇOU"
"MG";"312920";"Heliodora";"X";;;;;"NÃO ALCANÇOU"
"MG";"312930";"Iapu";"X";;;;;"NÃO ALCANÇOU"
"MG";"312940";"Ibertioga";"X";;;;;"NÃO ALCANÇOU"
"MG";"312950";"Ibiá";;1;1;100;100;"ALCANÇOU"
"MG";"312960";"Ibiaí";"X";;;;;"NÃO ALCANÇOU"
"MG";"312965";"Ibiracatu";"X";;;;;"NÃO ALCANÇOU"
"MG";"312970";"Ibiraci";"X";;;;;"NÃO ALCANÇOU"
"MG";"312980";"Ibirité";"X";;;;;"NÃO ALCANÇOU"
"MG";"312990";"Ibitiúra de Minas";"X";;;;;"NÃO ALCANÇOU"
"MG";"313000";"Ibituruna";"X";;;;;"NÃO ALCANÇOU"
"MG";"313005";"Icaraí de Minas";"X";;;;;"NÃO ALCANÇOU"
"MG";"313010";"Igarapé";"X";;;;;"NÃO ALCANÇOU"
"MG";"313020";"Igaratinga";"X";;;;;"NÃO ALCANÇOU"
"MG";"313030";"Iguatama";"X";;;;;"NÃO ALCANÇOU"
"MG";"313040";"Ijaci";"X";;;;;"NÃO ALCANÇOU"
"MG";"313050";"Ilicínea";"X";;;;;"NÃO ALCANÇOU"
"MG";"313055";"Imbé de Minas";"X";;;;;"NÃO ALCANÇOU"
"MG";"313060";"Inconfidentes";"X";;;;;"NÃO ALCANÇOU"
"MG";"313065";"Indaiabira";"X";;;;;"NÃO ALCANÇOU"
"MG";"313070";"Indianópolis";"X";;;;;"NÃO ALCANÇOU"
"MG";"313080";"Ingaí";"X";;;;;"NÃO ALCANÇOU"
"MG";"313090";"Inhapim";"X";;;;;"NÃO ALCANÇOU"
"MG";"313100";"Inhaúma";"X";;;;;"NÃO ALCANÇOU"
"MG";"313110";"Inimutaba";"X";;;;;"NÃO ALCANÇOU"
"MG";"313115";"Ipaba";"X";;;;;"NÃO ALCANÇOU"
"MG";"313120";"Ipanema";"X";;;;;"NÃO ALCANÇOU"
"MG";"313130";"Ipatinga";;2;2;100;100;"ALCANÇOU"
"MG";"313140";"Ipiaçu";;1;1;100;100;"ALCANÇOU"
"MG";"313150";"Ipuiúna";"X";;;;;"NÃO ALCANÇOU"
"MG";"313160";"Iraí de Minas";"X";;;;;"NÃO ALCANÇOU"
"MG";"313170";"Itabira";;2;2;100;100;"ALCANÇOU"
"MG";"313180";"Itabirinha";"X";;;;;"NÃO ALCANÇOU"
"MG";"313190";"Itabirito";"X";;;;;"NÃO ALCANÇOU"
"MG";"313200";"Itacambira";"X";;;;;"NÃO ALCANÇOU"
"MG";"313210";"Itacarambi";"X";;;;;"NÃO ALCANÇOU"
"MG";"313220";"Itaguara";"X";;;;;"NÃO ALCANÇOU"
"MG";"313230";"Itaipé";"X";;;;;"NÃO ALCANÇOU"
"MG";"313240";"Itajubá";;4;4;100;100;"ALCANÇOU"
"MG";"313250";"Itamarandiba";"X";;;;;"NÃO ALCANÇOU"
"MG";"313260";"Itamarati de Minas";"X";;;;;"NÃO ALCANÇOU"
"MG";"313270";"Itambacuri";"X";;;;;"NÃO ALCANÇOU"
"MG";"313280";"Itambé do Mato Dentro";"X";;;;;"NÃO ALCANÇOU"
"MG";"313290";"Itamogi";"X";;;;;"NÃO ALCANÇOU"
"MG";"313300";"Itamonte";"X";;;;;"NÃO ALCANÇOU"
"MG";"313310";"Itanhandu";"X";;;;;"NÃO ALCANÇOU"
"MG";"313320";"Itanhomi";"X";;;;;"NÃO ALCANÇOU"
"MG";"313330";"Itaobim";"X";;;;;"NÃO ALCANÇOU"
"MG";"313340";"Itapagipe";;0;1;0;0;"NÃO ALCANÇOU"
"MG";"313350";"Itapecerica";"X";;;;;"NÃO ALCANÇOU"
"MG";"313360";"Itapeva";"X";;;;;"NÃO ALCANÇOU"
"MG";"313370";"Itatiaiuçu";"X";;;;;"NÃO ALCANÇOU"
"MG";"313375";"Itaú de Minas";;1;1;100;100;"ALCANÇOU"
"MG";"313380";"Itaúna";"X";;;;;"NÃO ALCANÇOU"
"MG";"313390";"Itaverava";"X";;;;;"NÃO ALCANÇOU"
"MG";"313400";"Itinga";"X";;;;;"NÃO ALCANÇOU"
"MG";"313410";"Itueta";"X";;;;;"NÃO ALCANÇOU"
"MG";"313420";"Ituiutaba";;4;6;66,7;66,7;"NÃO ALCANÇOU"
"MG";"313430";"Itumirim";"X";;;;;"NÃO ALCANÇOU"
"MG";"313440";"Iturama";;4;7;57,1;57,1;"NÃO ALCANÇOU"
"MG";"313450";"Itutinga";"X";;;;;"NÃO ALCANÇOU"
"MG";"313460";"Jaboticatubas";"X";;;;;"NÃO ALCANÇOU"
"MG";"313470";"Jacinto";"X";;;;;"NÃO ALCANÇOU"
"MG";"313480";"Jacuí";"X";;;;;"NÃO ALCANÇOU"
"MG";"313490";"Jacutinga";;0;2;0;0;"NÃO ALCANÇOU"
"MG";"313500";"Jaguaraçu";"X";;;;;"NÃO ALCANÇOU"
"MG";"313505";"Jaíba";"X";;;;;"NÃO ALCANÇOU"
"MG";"313507";"Jampruca";"X";;;;;"NÃO ALCANÇOU"
"MG";"313510";"Janaúba";"X";;;;;"NÃO ALCANÇOU"
"MG";"313520";"Januária";;4;4;100;100;"ALCANÇOU"
"MG";"313530";"Japaraíba";"X";;;;;"NÃO ALCANÇOU"
"MG";"313535";"Japonvar";"X";;;;;"NÃO ALCANÇOU"
"MG";"313540";"Jeceaba";"X";;;;;"NÃO ALCANÇOU"
"MG";"313545";"Jenipapo de Minas";"X";;;;;"NÃO ALCANÇOU"
"MG";"313550";"Jequeri";"X";;;;;"NÃO ALCANÇOU"
"MG";"313560";"Jequitaí";"X";;;;;"NÃO ALCANÇOU"
"MG";"313570";"Jequitibá";"X";;;;;"NÃO ALCANÇOU"
"MG";"313580";"Jequitinhonha";"X";;;;;"NÃO ALCANÇOU"
"MG";"313590";"Jesuânia";"X";;;;;"NÃO ALCANÇOU"
"MG";"313600";"Joaíma";;1;1;100;100;"ALCANÇOU"
"MG";"313610";"Joanésia";"X";;;;;"NÃO ALCANÇOU"
"MG";"313620";"João Monlevade";;6;7;85,7;85,7;"ALCANÇOU"
"MG";"313630";"João Pinheiro";;1;1;100;100;"ALCANÇOU"
"MG";"313640";"Joaquim Felício";"X";;;;;"NÃO ALCANÇOU"
"MG";"313650";"Jordânia";"X";;;;;"NÃO ALCANÇOU"
"MG";"313652";"José Gonçalves de Minas";"X";;;;;"NÃO ALCANÇOU"
"MG";"313655";"José Raydan";"X";;;;;"NÃO ALCANÇOU"
"MG";"313657";"Josenópolis";"X";;;;;"NÃO ALCANÇOU"
"MG";"313660";"Nova União";"X";;;;;"NÃO ALCANÇOU"
"MG";"313665";"Juatuba";"X";;;;;"NÃO ALCANÇOU"
"MG";"313670";"Juiz de Fora";;12;18;66,7;66,7;"NÃO ALCANÇOU"
"MG";"313680";"Juramento";"X";;;;;"NÃO ALCANÇOU"
"MG";"313690";"Juruaia";"X";;;;;"NÃO ALCANÇOU"
"MG";"313695";"Juvenília";"X";;;;;"NÃO ALCANÇOU"
"MG";"313700";"Ladainha";"X";;;;;"NÃO ALCANÇOU"
"MG";"313710";"Lagamar";"X";;;;;"NÃO ALCANÇOU"
"MG";"313720";"Lagoa da Prata";;0;1;0;0;"NÃO ALCANÇOU"
"MG";"313730";"Lagoa dos Patos";"X";;;;;"NÃO ALCANÇOU"
"MG";"313740";"Lagoa Dourada";"X";;;;;"NÃO ALCANÇOU"
"MG";"313750";"Lagoa Formosa";"X";;;;;"NÃO ALCANÇOU"
"MG";"313753";"Lagoa Grande";"X";;;;;"NÃO ALCANÇOU"
"MG";"313760";"Lagoa Santa";;3;3;100;100;"ALCANÇOU"
"MG";"313770";"Lajinha";"X";;;;;"NÃO ALCANÇOU"
"MG";"313780";"Lambari";"X";;;;;"NÃO ALCANÇOU"
"MG";"313790";"Lamim";"X";;;;;"NÃO ALCANÇOU"
"MG";"313800";"Laranjal";"X";;;;;"NÃO ALCANÇOU"
"MG";"313810";"Lassance";"X";;;;;"NÃO ALCANÇOU"
"MG";"313820";"Lavras";;3;3;100;100;"ALCANÇOU"
"MG";"313830";"Leandro Ferreira";"X";;;;;"NÃO ALCANÇOU"
"MG";"313835";"Leme do Prado";"X";;;;;"NÃO ALCANÇOU"
"MG";"313840";"Leopoldina";"X";;;;;"NÃO ALCANÇOU"
"MG";"313850";"Liberdade";"X";;;;;"NÃO ALCANÇOU"
"MG";"313860";"Lima Duarte";"X";;;;;"NÃO ALCANÇOU"
"MG";"313862";"Limeira do Oeste";"X";;;;;"NÃO ALCANÇOU"
"MG";"313865";"Lontra";"X";;;;;"NÃO ALCANÇOU"
"MG";"313867";"Luisburgo";"X";;;;;"NÃO ALCANÇOU"
"MG";"313868";"Luislândia";"X";;;;;"NÃO ALCANÇOU"
"MG";"313870";"Luminárias";"X";;;;;"NÃO ALCANÇOU"
"MG";"313880";"Luz";;1;1;100;100;"ALCANÇOU"
"MG";"313890";"Machacalis";"X";;;;;"NÃO ALCANÇOU"
"MG";"313900";"Machado";"X";;;;;"NÃO ALCANÇOU"
"MG";"313910";"Madre de Deus de Minas";"X";;;;;"NÃO ALCANÇOU"
"MG";"313920";"Malacacheta";;1;1;100;100;"ALCANÇOU"
"MG";"313925";"Mamonas";"X";;;;;"NÃO ALCANÇOU"
"MG";"313930";"Manga";"X";;;;;"NÃO ALCANÇOU"
"MG";"313940";"Manhuaçu";;2;2;100;100;"ALCANÇOU"
"MG";"313950";"Manhumirim";;1;1;100;100;"ALCANÇOU"
"MG";"313960";"Mantena";"X";;;;;"NÃO ALCANÇOU"
"MG";"313970";"Maravilhas";"X";;;;;"NÃO ALCANÇOU"
"MG";"313980";"Mar de Espanha";"X";;;;;"NÃO ALCANÇOU"
"MG";"313990";"Maria da Fé";;1;2;50;50;"NÃO ALCANÇOU"
"MG";"314000";"Mariana";;1;1;100;100;"ALCANÇOU"
"MG";"314010";"Marilac";"X";;;;;"NÃO ALCANÇOU"
"MG";"314015";"Mário Campos";"X";;;;;"NÃO ALCANÇOU"
"MG";"314020";"Maripá de Minas";"X";;;;;"NÃO ALCANÇOU"
"MG";"314030";"Marliéria";"X";;;;;"NÃO ALCANÇOU"
"MG";"314040";"Marmelópolis";"X";;;;;"NÃO ALCANÇOU"
"MG";"314050";"Martinho Campos";"X";;;;;"NÃO ALCANÇOU"
"MG";"314053";"Martins Soares";"X";;;;;"NÃO ALCANÇOU"
"MG";"314055";"Mata Verde";"X";;;;;"NÃO ALCANÇOU"
"MG";"314060";"Materlândia";"X";;;;;"NÃO ALCANÇOU"
"MG";"314070";"Mateus Leme";"X";;;;;"NÃO ALCANÇOU"
"MG";"314080";"Matias Barbosa";"X";;;;;"NÃO ALCANÇOU"
"MG";"314085";"Matias Cardoso";"X";;;;;"NÃO ALCANÇOU"
"MG";"314090";"Matipó";;1;2;50;50;"NÃO ALCANÇOU"
"MG";"314100";"Mato Verde";"X";;;;;"NÃO ALCANÇOU"
"MG";"314110";"Matozinhos";;1;1;100;100;"ALCANÇOU"
"MG";"314120";"Matutina";"X";;;;;"NÃO ALCANÇOU"
"MG";"314130";"Medeiros";"X";;;;;"NÃO ALCANÇOU"
"MG";"314140";"Medina";"X";;;;;"NÃO ALCANÇOU"
"MG";"314150";"Mendes Pimentel";"X";;;;;"NÃO ALCANÇOU"
"MG";"314160";"Mercês";"X";;;;;"NÃO ALCANÇOU"
"MG";"314170";"Mesquita";"X";;;;;"NÃO ALCANÇOU"
"MG";"314180";"Minas Novas";"X";;;;;"NÃO ALCANÇOU"
"MG";"314190";"Minduri";"X";;;;;"NÃO ALCANÇOU"
"MG";"314200";"Mirabela";"X";;;;;"NÃO ALCANÇOU"
"MG";"314210";"Miradouro";;0;1;0;0;"NÃO ALCANÇOU"
"MG";"314220";"Miraí";"X";;;;;"NÃO ALCANÇOU"
"MG";"314225";"Miravânia";"X";;;;;"NÃO ALCANÇOU"
"MG";"314230";"Moeda";"X";;;;;"NÃO ALCANÇOU"
"MG";"314240";"Moema";"X";;;;;"NÃO ALCANÇOU"
"MG";"314250";"Monjolos";"X";;;;;"NÃO ALCANÇOU"
"MG";"314260";"Monsenhor Paulo";"X";;;;;"NÃO ALCANÇOU"
"MG";"314270";"Montalvânia";"X";;;;;"NÃO ALCANÇOU"
"MG";"314280";"Monte Alegre de Minas";"X";;;;;"NÃO ALCANÇOU"
"MG";"314290";"Monte Azul";"X";;;;;"NÃO ALCANÇOU"
"MG";"314300";"Monte Belo";"X";;;;;"NÃO ALCANÇOU"
"MG";"314310";"Monte Carmelo";;2;2;100;100;"ALCANÇOU"
"MG";"314315";"Monte Formoso";"X";;;;;"NÃO ALCANÇOU"
"MG";"314320";"Monte Santo de Minas";;4;5;80;80;"ALCANÇOU"
"MG";"314330";"Montes Claros";;2;3;66,7;66,7;"NÃO ALCANÇOU"
"MG";"314340";"Monte Sião";"X";;;;;"NÃO ALCANÇOU"
"MG";"314345";"Montezuma";"X";;;;;"NÃO ALCANÇOU"
"MG";"314350";"Morada Nova de Minas";"X";;;;;"NÃO ALCANÇOU"
"MG";"314360";"Morro da Garça";"X";;;;;"NÃO ALCANÇOU"
"MG";"314370";"Morro do Pilar";"X";;;;;"NÃO ALCANÇOU"
"MG";"314380";"Munhoz";"X";;;;;"NÃO ALCANÇOU"
"MG";"314390";"Muriaé";"X";;;;;"NÃO ALCANÇOU"
"MG";"314400";"Mutum";"X";;;;;"NÃO ALCANÇOU"
"MG";"314410";"Muzambinho";"X";;;;;"NÃO ALCANÇOU"
"MG";"314420";"Nacip Raydan";"X";;;;;"NÃO ALCANÇOU"
"MG";"314430";"Nanuque";"X";;;;;"NÃO ALCANÇOU"
"MG";"314435";"Naque";"X";;;;;"NÃO ALCANÇOU"
"MG";"314437";"Natalândia";"X";;;;;"NÃO ALCANÇOU"
"MG";"314440";"Natércia";"X";;;;;"NÃO ALCANÇOU"
"MG";"314450";"Nazareno";"X";;;;;"NÃO ALCANÇOU"
"MG";"314460";"Nepomuceno";"X";;;;;"NÃO ALCANÇOU"
"MG";"314465";"Ninheira";"X";;;;;"NÃO ALCANÇOU"
"MG";"314467";"Nova Belém";"X";;;;;"NÃO ALCANÇOU"
"MG";"314470";"Nova Era";"X";;;;;"NÃO ALCANÇOU"
"MG";"314480";"Nova Lima";;1;2;50;50;"NÃO ALCANÇOU"
"MG";"314490";"Nova Módica";"X";;;;;"NÃO ALCANÇOU"
"MG";"314500";"Nova Ponte";"X";;;;;"NÃO ALCANÇOU"
"MG";"314505";"Nova Porteirinha";"X";;;;;"NÃO ALCANÇOU"
"MG";"314510";"Nova Resende";"X";;;;;"NÃO ALCANÇOU"
"MG";"314520";"Nova Serrana";;1;2;50;50;"NÃO ALCANÇOU"
"MG";"314530";"Novo Cruzeiro";;0;1;0;0;"NÃO ALCANÇOU"
"MG";"314535";"Novo Oriente de Minas";"X";;;;;"NÃO ALCANÇOU"
"MG";"314537";"Novorizonte";"X";;;;;"NÃO ALCANÇOU"
"MG";"314540";"Olaria";"X";;;;;"NÃO ALCANÇOU"
"MG";"314545";"Olhos-d'Água";"X";;;;;"NÃO ALCANÇOU"
"MG";"314550";"Olímpio Noronha";"X";;;;;"NÃO ALCANÇOU"
"MG";"314560";"Oliveira";"X";;;;;"NÃO ALCANÇOU"
"MG";"314570";"Oliveira Fortes";"X";;;;;"NÃO ALCANÇOU"
"MG";"314580";"Onça de Pitangui";"X";;;;;"NÃO ALCANÇOU"
"MG";"314585";"Oratórios";"X";;;;;"NÃO ALCANÇOU"
"MG";"314587";"Orizânia";"X";;;;;"NÃO ALCANÇOU"
"MG";"314590";"Ouro Branco";;1;1;100;100;"ALCANÇOU"
"MG";"314600";"Ouro Fino";;1;1;100;100;"ALCANÇOU"
"MG";"314610";"Ouro Preto";;1;2;50;50;"NÃO ALCANÇOU"
"MG";"314620";"Ouro Verde de Minas";"X";;;;;"NÃO ALCANÇOU"
"MG";"314625";"Padre Carvalho";"X";;;;;"NÃO ALCANÇOU"
"MG";"314630";"Padre Paraíso";"X";;;;;"NÃO ALCANÇOU"
"MG";"314640";"Paineiras";"X";;;;;"NÃO ALCANÇOU"
"MG";"314650";"Pains";"X";;;;;"NÃO ALCANÇOU"
"MG";"314655";"Pai Pedro";"X";;;;;"NÃO ALCANÇOU"
"MG";"314660";"Paiva";"X";;;;;"NÃO ALCANÇOU"
"MG";"314670";"Palma";"X";;;;;"NÃO ALCANÇOU"
"MG";"314675";"Palmópolis";"X";;;;;"NÃO ALCANÇOU"
"MG";"314690";"Papagaios";"X";;;;;"NÃO ALCANÇOU"
"MG";"314700";"Paracatu";;1;1;100;100;"ALCANÇOU"
"MG";"314710";"Pará de Minas";;2;3;66,7;66,7;"NÃO ALCANÇOU"
"MG";"314720";"Paraguaçu";"X";;;;;"NÃO ALCANÇOU"
"MG";"314730";"Paraisópolis";"X";;;;;"NÃO ALCANÇOU"
"MG";"314740";"Paraopeba";"X";;;;;"NÃO ALCANÇOU"
"MG";"314750";"Passabém";"X";;;;;"NÃO ALCANÇOU"
"MG";"314760";"Passa Quatro";"X";;;;;"NÃO ALCANÇOU"
"MG";"314770";"Passa Tempo";"X";;;;;"NÃO ALCANÇOU"
"MG";"314780";"Passa Vinte";"X";;;;;"NÃO ALCANÇOU"
"MG";"314790";"Passos";"X";;;;;"NÃO ALCANÇOU"
"MG";"314795";"Patis";"X";;;;;"NÃO ALCANÇOU"
"MG";"314800";"Patos de Minas";;10;11;90,9;90,9;"ALCANÇOU"
"MG";"314810";"Patrocínio";;1;3;33,3;33,3;"NÃO ALCANÇOU"
"MG";"314820";"Patrocínio do Muriaé";"X";;;;;"NÃO ALCANÇOU"
"MG";"314830";"Paula Cândido";"X";;;;;"NÃO ALCANÇOU"
"MG";"314840";"Paulistas";"X";;;;;"NÃO ALCANÇOU"
"MG";"314850";"Pavão";"X";;;;;"NÃO ALCANÇOU"
"MG";"314860";"Peçanha";"X";;;;;"NÃO ALCANÇOU"
"MG";"314870";"Pedra Azul";"X";;;;;"NÃO ALCANÇOU"
"MG";"314875";"Pedra Bonita";"X";;;;;"NÃO ALCANÇOU"
"MG";"314880";"Pedra do Anta";"X";;;;;"NÃO ALCANÇOU"
"MG";"314890";"Pedra do Indaiá";"X";;;;;"NÃO ALCANÇOU"
"MG";"314900";"Pedra Dourada";"X";;;;;"NÃO ALCANÇOU"
"MG";"314910";"Pedralva";"X";;;;;"NÃO ALCANÇOU"
"MG";"314915";"Pedras de Maria da Cruz";"X";;;;;"NÃO ALCANÇOU"
"MG";"314920";"Pedrinópolis";"X";;;;;"NÃO ALCANÇOU"
"MG";"314930";"Pedro Leopoldo";;3;3;100;100;"ALCANÇOU"
"MG";"314940";"Pedro Teixeira";"X";;;;;"NÃO ALCANÇOU"
"MG";"314950";"Pequeri";"X";;;;;"NÃO ALCANÇOU"
"MG";"314960";"Pequi";"X";;;;;"NÃO ALCANÇOU"
"MG";"314970";"Perdigão";"X";;;;;"NÃO ALCANÇOU"
"MG";"314980";"Perdizes";"X";;;;;"NÃO ALCANÇOU"
"MG";"314990";"Perdões";"X";;;;;"NÃO ALCANÇOU"
"MG";"314995";"Periquito";"X";;;;;"NÃO ALCANÇOU"
"MG";"315000";"Pescador";"X";;;;;"NÃO ALCANÇOU"
"MG";"315010";"Piau";"X";;;;;"NÃO ALCANÇOU"
"MG";"315015";"Piedade de Caratinga";"X";;;;;"NÃO ALCANÇOU"
"MG";"315020";"Piedade de Ponte Nova";"X";;;;;"NÃO ALCANÇOU"
"MG";"315030";"Piedade do Rio Grande";"X";;;;;"NÃO ALCANÇOU"
"MG";"315040";"Piedade dos Gerais";"X";;;;;"NÃO ALCANÇOU"
"MG";"315050";"Pimenta";"X";;;;;"NÃO ALCANÇOU"
"MG";"315053";"Pingo-d'Água";"X";;;;;"NÃO ALCANÇOU"
"MG";"315057";"Pintópolis";"X";;;;;"NÃO ALCANÇOU"
"MG";"315060";"Piracema";"X";;;;;"NÃO ALCANÇOU"
"MG";"315070";"Pirajuba";"X";;;;;"NÃO ALCANÇOU"
"MG";"315080";"Piranga";"X";;;;;"NÃO ALCANÇOU"
"MG";"315090";"Piranguçu";"X";;;;;"NÃO ALCANÇOU"
"MG";"315100";"Piranguinho";"X";;;;;"NÃO ALCANÇOU"
"MG";"315110";"Pirapetinga";"X";;;;;"NÃO ALCANÇOU"
"MG";"315120";"Pirapora";;2;2;100;100;"ALCANÇOU"
"MG";"315130";"Piraúba";"X";;;;;"NÃO ALCANÇOU"
"MG";"315140";"Pitangui";"X";;;;;"NÃO ALCANÇOU"
"MG";"315150";"Piumhi";;0;1;0;0;"NÃO ALCANÇOU"
"MG";"315160";"Planura";;0;1;0;0;"NÃO ALCANÇOU"
"MG";"315170";"Poço Fundo";;1;1;100;100;"ALCANÇOU"
"MG";"315180";"Poços de Caldas";;1;1;100;100;"ALCANÇOU"
"MG";"315190";"Pocrane";"X";;;;;"NÃO ALCANÇOU"
"MG";"315200";"Pompéu";;1;2;50;50;"NÃO ALCANÇOU"
"MG";"315210";"Ponte Nova";;3;7;42,9;42,9;"NÃO ALCANÇOU"
"MG";"315213";"Ponto Chique";"X";;;;;"NÃO ALCANÇOU"
"MG";"315217";"Ponto dos Volantes";"X";;;;;"NÃO ALCANÇOU"
"MG";"315220";"Porteirinha";"X";;;;;"NÃO ALCANÇOU"
"MG";"315230";"Porto Firme";"X";;;;;"NÃO ALCANÇOU"
"MG";"315240";"Poté";"X";;;;;"NÃO ALCANÇOU"
"MG";"315250";"Pouso Alegre";;3;3;100;100;"ALCANÇOU"
"MG";"315260";"Pouso Alto";"X";;;;;"NÃO ALCANÇOU"
"MG";"315270";"Prados";"X";;;;;"NÃO ALCANÇOU"
"MG";"315280";"Prata";;1;1;100;100;"ALCANÇOU"
"MG";"315290";"Pratápolis";"X";;;;;"NÃO ALCANÇOU"
"MG";"315300";"Pratinha";"X";;;;;"NÃO ALCANÇOU"
"MG";"315310";"Presidente Bernardes";"X";;;;;"NÃO ALCANÇOU"
"MG";"315320";"Presidente Juscelino";"X";;;;;"NÃO ALCANÇOU"
"MG";"315330";"Presidente Kubitschek";"X";;;;;"NÃO ALCANÇOU"
"MG";"315340";"Presidente Olegário";"X";;;;;"NÃO ALCANÇOU"
"MG";"315350";"Alto Jequitibá";;1;1;100;100;"ALCANÇOU"
"MG";"315360";"Prudente de Morais";"X";;;;;"NÃO ALCANÇOU"
"MG";"315370";"Quartel Geral";"X";;;;;"NÃO ALCANÇOU"
"MG";"315380";"Queluzito";"X";;;;;"NÃO ALCANÇOU"
"MG";"315390";"Raposos";"X";;;;;"NÃO ALCANÇOU"
"MG";"315400";"Raul Soares";"X";;;;;"NÃO ALCANÇOU"
"MG";"315410";"Recreio";"X";;;;;"NÃO ALCANÇOU"
"MG";"315415";"Reduto";"X";;;;;"NÃO ALCANÇOU"
"MG";"315420";"Resende Costa";"X";;;;;"NÃO ALCANÇOU"
"MG";"315430";"Resplendor";;1;2;50;50;"NÃO ALCANÇOU"
"MG";"315440";"Ressaquinha";"X";;;;;"NÃO ALCANÇOU"
"MG";"315445";"Riachinho";"X";;;;;"NÃO ALCANÇOU"
"MG";"315450";"Riacho dos Machados";"X";;;;;"NÃO ALCANÇOU"
"MG";"315460";"Ribeirão das Neves";;4;5;80;80;"ALCANÇOU"
"MG";"315470";"Ribeirão Vermelho";;0;1;0;0;"NÃO ALCANÇOU"
"MG";"315480";"Rio Acima";"X";;;;;"NÃO ALCANÇOU"
"MG";"315490";"Rio Casca";;1;2;50;50;"NÃO ALCANÇOU"
"MG";"315500";"Rio Doce";"X";;;;;"NÃO ALCANÇOU"
"MG";"315510";"Rio do Prado";"X";;;;;"NÃO ALCANÇOU"
"MG";"315520";"Rio Espera";"X";;;;;"NÃO ALCANÇOU"
"MG";"315530";"Rio Manso";"X";;;;;"NÃO ALCANÇOU"
"MG";"315540";"Rio Novo";"X";;;;;"NÃO ALCANÇOU"
"MG";"315550";"Rio Paranaíba";"X";;;;;"NÃO ALCANÇOU"
"MG";"315560";"Rio Pardo de Minas";"X";;;;;"NÃO ALCANÇOU"
"MG";"315570";"Rio Piracicaba";"X";;;;;"NÃO ALCANÇOU"
"MG";"315580";"Rio Pomba";"X";;;;;"NÃO ALCANÇOU"
"MG";"315590";"Rio Preto";"X";;;;;"NÃO ALCANÇOU"
"MG";"315600";"Rio Vermelho";"X";;;;;"NÃO ALCANÇOU"
"MG";"315610";"Ritápolis";"X";;;;;"NÃO ALCANÇOU"
"MG";"315620";"Rochedo de Minas";"X";;;;;"NÃO ALCANÇOU"
"MG";"315630";"Rodeiro";"X";;;;;"NÃO ALCANÇOU"
"MG";"315640";"Romaria";"X";;;;;"NÃO ALCANÇOU"
"MG";"315645";"Rosário da Limeira";"X";;;;;"NÃO ALCANÇOU"
"MG";"315650";"Rubelita";"X";;;;;"NÃO ALCANÇOU"
"MG";"315660";"Rubim";"X";;;;;"NÃO ALCANÇOU"
"MG";"315670";"Sabará";"X";;;;;"NÃO ALCANÇOU"
"MG";"315680";"Sabinópolis";"X";;;;;"NÃO ALCANÇOU"
"MG";"315690";"Sacramento";;1;1;100;100;"ALCANÇOU"
"MG";"315700";"Salinas";"X";;;;;"NÃO ALCANÇOU"
"MG";"315710";"Salto da Divisa";"X";;;;;"NÃO ALCANÇOU"
"MG";"315720";"Santa Bárbara";"X";;;;;"NÃO ALCANÇOU"
"MG";"315725";"Santa Bárbara do Leste";"X";;;;;"NÃO ALCANÇOU"
"MG";"315727";"Santa Bárbara do Monte Verde";"X";;;;;"NÃO ALCANÇOU"
"MG";"315730";"Santa Bárbara do Tugúrio";"X";;;;;"NÃO ALCANÇOU"
"MG";"315733";"Santa Cruz de Minas";"X";;;;;"NÃO ALCANÇOU"
"MG";"315737";"Santa Cruz de Salinas";"X";;;;;"NÃO ALCANÇOU"
"MG";"315740";"Santa Cruz do Escalvado";"X";;;;;"NÃO ALCANÇOU"
"MG";"315750";"Santa Efigênia de Minas";"X";;;;;"NÃO ALCANÇOU"
"MG";"315760";"Santa Fé de Minas";"X";;;;;"NÃO ALCANÇOU"
"MG";"315765";"Santa Helena de Minas";"X";;;;;"NÃO ALCANÇOU"
"MG";"315770";"Santa Juliana";;0;1;0;0;"NÃO ALCANÇOU"
"MG";"315780";"Santa Luzia";"X";;;;;"NÃO ALCANÇOU"
"MG";"315790";"Santa Margarida";"X";;;;;"NÃO ALCANÇOU"
"MG";"315800";"Santa Maria de Itabira";"X";;;;;"NÃO ALCANÇOU"
"MG";"315810";"Santa Maria do Salto";"X";;;;;"NÃO ALCANÇOU"
"MG";"315820";"Santa Maria do Suaçuí";"X";;;;;"NÃO ALCANÇOU"
"MG";"315830";"Santana da Vargem";"X";;;;;"NÃO ALCANÇOU"
"MG";"315840";"Santana de Cataguases";"X";;;;;"NÃO ALCANÇOU"
"MG";"315850";"Santana de Pirapama";"X";;;;;"NÃO ALCANÇOU"
"MG";"315860";"Santana do Deserto";"X";;;;;"NÃO ALCANÇOU"
"MG";"315870";"Santana do Garambéu";"X";;;;;"NÃO ALCANÇOU"
"MG";"315880";"Santana do Jacaré";"X";;;;;"NÃO ALCANÇOU"
"MG";"315890";"Santana do Manhuaçu";"X";;;;;"NÃO ALCANÇOU"
"MG";"315895";"Santana do Paraíso";"X";;;;;"NÃO ALCANÇOU"
"MG";"315900";"Santana do Riacho";"X";;;;;"NÃO ALCANÇOU"
"MG";"315910";"Santana dos Montes";"X";;;;;"NÃO ALCANÇOU"
"MG";"315920";"Santa Rita de Caldas";"X";;;;;"NÃO ALCANÇOU"
"MG";"315930";"Santa Rita de Jacutinga";"X";;;;;"NÃO ALCANÇOU"
"MG";"315935";"Santa Rita de Minas";"X";;;;;"NÃO ALCANÇOU"
"MG";"315940";"Santa Rita de Ibitipoca";"X";;;;;"NÃO ALCANÇOU"
"MG";"315950";"Santa Rita do Itueto";"X";;;;;"NÃO ALCANÇOU"
"MG";"315960";"Santa Rita do Sapucaí";;1;1;100;100;"ALCANÇOU"
"MG";"315970";"Santa Rosa da Serra";"X";;;;;"NÃO ALCANÇOU"
"MG";"315980";"Santa Vitória";;2;2;100;100;"ALCANÇOU"
"MG";"315990";"Santo Antônio do Amparo";"X";;;;;"NÃO ALCANÇOU"
"MG";"316000";"Santo Antônio do Aventureiro";;0;1;0;0;"NÃO ALCANÇOU"
"MG";"316010";"Santo Antônio do Grama";"X";;;;;"NÃO ALCANÇOU"
"MG";"316020";"Santo Antônio do Itambé";"X";;;;;"NÃO ALCANÇOU"
"MG";"316030";"Santo Antônio do Jacinto";"X";;;;;"NÃO ALCANÇOU"
"MG";"316040";"Santo Antônio do Monte";"X";;;;;"NÃO ALCANÇOU"
"MG";"316045";"Santo Antônio do Retiro";"X";;;;;"NÃO ALCANÇOU"
"MG";"316050";"Santo Antônio do Rio Abaixo";"X";;;;;"NÃO ALCANÇOU"
"MG";"316060";"Santo Hipólito";"X";;;;;"NÃO ALCANÇOU"
"MG";"316070";"Santos Dumont";"X";;;;;"NÃO ALCANÇOU"
"MG";"316080";"São Bento Abade";"X";;;;;"NÃO ALCANÇOU"
"MG";"316090";"São Brás do Suaçuí";"X";;;;;"NÃO ALCANÇOU"
"MG";"316095";"São Domingos das Dores";"X";;;;;"NÃO ALCANÇOU"
"MG";"316100";"São Domingos do Prata";"X";;;;;"NÃO ALCANÇOU"
"MG";"316105";"São Félix de Minas";"X";;;;;"NÃO ALCANÇOU"
"MG";"316110";"São Francisco";"X";;;;;"NÃO ALCANÇOU"
"MG";"316120";"São Francisco de Paula";"X";;;;;"NÃO ALCANÇOU"
"MG";"316130";"São Francisco de Sales";;0;1;0;0;"NÃO ALCANÇOU"
"MG";"316140";"São Francisco do Glória";"X";;;;;"NÃO ALCANÇOU"
"MG";"316150";"São Geraldo";"X";;;;;"NÃO ALCANÇOU"
"MG";"316160";"São Geraldo da Piedade";"X";;;;;"NÃO ALCANÇOU"
"MG";"316165";"São Geraldo do Baixio";"X";;;;;"NÃO ALCANÇOU"
"MG";"316170";"São Gonçalo do Abaeté";"X";;;;;"NÃO ALCANÇOU"
"MG";"316180";"São Gonçalo do Pará";"X";;;;;"NÃO ALCANÇOU"
"MG";"316190";"São Gonçalo do Rio Abaixo";"X";;;;;"NÃO ALCANÇOU"
"MG";"316200";"São Gonçalo do Sapucaí";"X";;;;;"NÃO ALCANÇOU"
"MG";"316210";"São Gotardo";"X";;;;;"NÃO ALCANÇOU"
"MG";"316220";"São João Batista do Glória";"X";;;;;"NÃO ALCANÇOU"
"MG";"316225";"São João da Lagoa";"X";;;;;"NÃO ALCANÇOU"
"MG";"316230";"São João da Mata";"X";;;;;"NÃO ALCANÇOU"
"MG";"316240";"São João da Ponte";"X";;;;;"NÃO ALCANÇOU"
"MG";"316245";"São João das Missões";"X";;;;;"NÃO ALCANÇOU"
"MG";"316250";"São João del Rei";;1;1;100;100;"ALCANÇOU"
"MG";"316255";"São João do Manhuaçu";"X";;;;;"NÃO ALCANÇOU"
"MG";"316257";"São João do Manteninha";"X";;;;;"NÃO ALCANÇOU"
"MG";"316260";"São João do Oriente";"X";;;;;"NÃO ALCANÇOU"
"MG";"316265";"São João do Pacuí";"X";;;;;"NÃO ALCANÇOU"
"MG";"316270";"São João do Paraíso";"X";;;;;"NÃO ALCANÇOU"
"MG";"316280";"São João Evangelista";"X";;;;;"NÃO ALCANÇOU"
"MG";"316290";"São João Nepomuceno";"X";;;;;"NÃO ALCANÇOU"
"MG";"316292";"São Joaquim de Bicas";"X";;;;;"NÃO ALCANÇOU"
"MG";"316294";"São José da Barra";"X";;;;;"NÃO ALCANÇOU"
"MG";"316295";"São José da Lapa";"X";;;;;"NÃO ALCANÇOU"
"MG";"316300";"São José da Safira";"X";;;;;"NÃO ALCANÇOU"
"MG";"316310";"São José da Varginha";"X";;;;;"NÃO ALCANÇOU"
"MG";"316320";"São José do Alegre";"X";;;;;"NÃO ALCANÇOU"
"MG";"316330";"São José do Divino";"X";;;;;"NÃO ALCANÇOU"
"MG";"316340";"São José do Goiabal";"X";;;;;"NÃO ALCANÇOU"
"MG";"316350";"São José do Jacuri";"X";;;;;"NÃO ALCANÇOU"
"MG";"316360";"São José do Mantimento";"X";;;;;"NÃO ALCANÇOU"
"MG";"316370";"São Lourenço";;2;2;100;100;"ALCANÇOU"
"MG";"316380";"São Miguel do Anta";"X";;;;;"NÃO ALCANÇOU"
"MG";"316390";"São Pedro da União";"X";;;;;"NÃO ALCANÇOU"
"MG";"316400";"São Pedro dos Ferros";"X";;;;;"NÃO ALCANÇOU"
"MG";"316410";"São Pedro do Suaçuí";"X";;;;;"NÃO ALCANÇOU"
"MG";"316420";"São Romão";"X";;;;;"NÃO ALCANÇOU"
"MG";"316430";"São Roque de Minas";"X";;;;;"NÃO ALCANÇOU"
"MG";"316440";"São Sebastião da Bela Vista";"X";;;;;"NÃO ALCANÇOU"
"MG";"316443";"São Sebastião da Vargem Alegre";"X";;;;;"NÃO ALCANÇOU"
"MG";"316447";"São Sebastião do Anta";"X";;;;;"NÃO ALCANÇOU"
"MG";"316450";"São Sebastião do Maranhão";"X";;;;;"NÃO ALCANÇOU"
"MG";"316460";"São Sebastião do Oeste";"X";;;;;"NÃO ALCANÇOU"
"MG";"316470";"São Sebastião do Paraíso";;3;4;75;75;"ALCANÇOU"
"MG";"316480";"São Sebastião do Rio Preto";"X";;;;;"NÃO ALCANÇOU"
"MG";"316490";"São Sebastião do Rio Verde";"X";;;;;"NÃO ALCANÇOU"
"MG";"316500";"São Tiago";"X";;;;;"NÃO ALCANÇOU"
"MG";"316510";"São Tomás de Aquino";;0;1;0;0;"NÃO ALCANÇOU"
"MG";"316520";"São Tomé das Letras";"X";;;;;"NÃO ALCANÇOU"
"MG";"316530";"São Vicente de Minas";"X";;;;;"NÃO ALCANÇOU"
"MG";"316540";"Sapucaí-Mirim";"X";;;;;"NÃO ALCANÇOU"
"MG";"316550";"Sardoá";"X";;;;;"NÃO ALCANÇOU"
"MG";"316553";"Sarzedo";;0;1;0;0;"NÃO ALCANÇOU"
"MG";"316555";"Setubinha";"X";;;;;"NÃO ALCANÇOU"
"MG";"316556";"Sem-Peixe";"X";;;;;"NÃO ALCANÇOU"
"MG";"316557";"Senador Amaral";"X";;;;;"NÃO ALCANÇOU"
"MG";"316560";"Senador Cortes";"X";;;;;"NÃO ALCANÇOU"
"MG";"316570";"Senador Firmino";"X";;;;;"NÃO ALCANÇOU"
"MG";"316580";"Senador José Bento";"X";;;;;"NÃO ALCANÇOU"
"MG";"316590";"Senador Modestino Gonçalves";"X";;;;;"NÃO ALCANÇOU"
"MG";"316600";"Senhora de Oliveira";"X";;;;;"NÃO ALCANÇOU"
"MG";"316610";"Senhora do Porto";"X";;;;;"NÃO ALCANÇOU"
"MG";"316620";"Senhora dos Remédios";"X";;;;;"NÃO ALCANÇOU"
"MG";"316630";"Sericita";"X";;;;;"NÃO ALCANÇOU"
"MG";"316640";"Seritinga";"X";;;;;"NÃO ALCANÇOU"
"MG";"316650";"Serra Azul de Minas";"X";;;;;"NÃO ALCANÇOU"
"MG";"316660";"Serra da Saudade";"X";;;;;"NÃO ALCANÇOU"
"MG";"316670";"Serra dos Aimorés";"X";;;;;"NÃO ALCANÇOU"
"MG";"316680";"Serra do Salitre";"X";;;;;"NÃO ALCANÇOU"
"MG";"316690";"Serrania";"X";;;;;"NÃO ALCANÇOU"
"MG";"316695";"Serranópolis de Minas";"X";;;;;"NÃO ALCANÇOU"
"MG";"316700";"Serranos";"X";;;;;"NÃO ALCANÇOU"
"MG";"316710";"Serro";"X";;;;;"NÃO ALCANÇOU"
"MG";"316720";"Sete Lagoas";;1;1;100;100;"ALCANÇOU"
"MG";"316730";"Silveirânia";"X";;;;;"NÃO ALCANÇOU"
"MG";"316740";"Silvianópolis";"X";;;;;"NÃO ALCANÇOU"
"MG";"316750";"Simão Pereira";"X";;;;;"NÃO ALCANÇOU"
"MG";"316760";"Simonésia";"X";;;;;"NÃO ALCANÇOU"
"MG";"316770";"Sobrália";"X";;;;;"NÃO ALCANÇOU"
"MG";"316780";"Soledade de Minas";"X";;;;;"NÃO ALCANÇOU"
"MG";"316790";"Tabuleiro";"X";;;;;"NÃO ALCANÇOU"
"MG";"316800";"Taiobeiras";"X";;;;;"NÃO ALCANÇOU"
"MG";"316805";"Taparuba";"X";;;;;"NÃO ALCANÇOU"
"MG";"316810";"Tapira";"X";;;;;"NÃO ALCANÇOU"
"MG";"316820";"Tapiraí";"X";;;;;"NÃO ALCANÇOU"
"MG";"316830";"Taquaraçu de Minas";"X";;;;;"NÃO ALCANÇOU"
"MG";"316840";"Tarumirim";"X";;;;;"NÃO ALCANÇOU"
"MG";"316850";"Teixeiras";"X";;;;;"NÃO ALCANÇOU"
"MG";"316860";"Teófilo Otoni";;4;5;80;80;"ALCANÇOU"
"MG";"316870";"Timóteo";;1;1;100;100;"ALCANÇOU"
"MG";"316880";"Tiradentes";"X";;;;;"NÃO ALCANÇOU"
"MG";"316890";"Tiros";"X";;;;;"NÃO ALCANÇOU"
"MG";"316900";"Tocantins";"X";;;;;"NÃO ALCANÇOU"
"MG";"316905";"Tocos do Moji";"X";;;;;"NÃO ALCANÇOU"
"MG";"316910";"Toledo";"X";;;;;"NÃO ALCANÇOU"
"MG";"316920";"Tombos";"X";;;;;"NÃO ALCANÇOU"
"MG";"316930";"Três Corações";;0;1;0;0;"NÃO ALCANÇOU"
"MG";"316935";"Três Marias";"X";;;;;"NÃO ALCANÇOU"
"MG";"316940";"Três Pontas";"X";;;;;"NÃO ALCANÇOU"
"MG";"316950";"Tumiritinga";"X";;;;;"NÃO ALCANÇOU"
"MG";"316960";"Tupaciguara";;0;1;0;0;"NÃO ALCANÇOU"
"MG";"316970";"Turmalina";;2;2;100;100;"ALCANÇOU"
"MG";"316980";"Turvolândia";"X";;;;;"NÃO ALCANÇOU"
"MG";"316990";"Ubá";;6;10;60;60;"NÃO ALCANÇOU"
"MG";"317000";"Ubaí";"X";;;;;"NÃO ALCANÇOU"
"MG";"317005";"Ubaporanga";"X";;;;;"NÃO ALCANÇOU"
"MG";"317010";"Uberaba";;50;66;75,8;75,8;"ALCANÇOU"
"MG";"317020";"Uberlândia";;85;99;85,9;85,9;"ALCANÇOU"
"MG";"317030";"Umburatiba";"X";;;;;"NÃO ALCANÇOU"
"MG";"317040";"Unaí";;6;6;100;100;"ALCANÇOU"
"MG";"317043";"União de Minas";;1;1;100;100;"ALCANÇOU"
"MG";"317047";"Uruana de Minas";"X";;;;;"NÃO ALCANÇOU"
"MG";"317050";"Urucânia";"X";;;;;"NÃO ALCANÇOU"
"MG";"317052";"Urucuia";"X";;;;;"NÃO ALCANÇOU"
"MG";"317057";"Vargem Alegre";"X";;;;;"NÃO ALCANÇOU"
"MG";"317060";"Vargem Bonita";"X";;;;;"NÃO ALCANÇOU"
"MG";"317065";"Vargem Grande do Rio Pardo";"X";;;;;"NÃO ALCANÇOU"
"MG";"317070";"Varginha";;1;2;50;50;"NÃO ALCANÇOU"
"MG";"317075";"Varjão de Minas";"X";;;;;"NÃO ALCANÇOU"
"MG";"317080";"Várzea da Palma";"X";;;;;"NÃO ALCANÇOU"
"MG";"317090";"Varzelândia";"X";;;;;"NÃO ALCANÇOU"
"MG";"317100";"Vazante";;1;1;100;100;"ALCANÇOU"
"MG";"317103";"Verdelândia";"X";;;;;"NÃO ALCANÇOU"
"MG";"317107";"Veredinha";"X";;;;;"NÃO ALCANÇOU"
"MG";"317110";"Veríssimo";;1;1;100;100;"ALCANÇOU"
"MG";"317115";"Vermelho Novo";"X";;;;;"NÃO ALCANÇOU"
"MG";"317120";"Vespasiano";;1;1;100;100;"ALCANÇOU"
"MG";"317130";"Viçosa";;5;7;71,4;71,4;"NÃO ALCANÇOU"
"MG";"317140";"Vieiras";"X";;;;;"NÃO ALCANÇOU"
"MG";"317150";"Mathias Lobato";"X";;;;;"NÃO ALCANÇOU"
"MG";"317160";"Virgem da Lapa";"X";;;;;"NÃO ALCANÇOU"
"MG";"317170";"Virgínia";"X";;;;;"NÃO ALCANÇOU"
"MG";"317180";"Virginópolis";"X";;;;;"NÃO ALCANÇOU"
"MG";"317190";"Virgolândia";"X";;;;;"NÃO ALCANÇOU"
"MG";"317200";"Visconde do Rio Branco";"X";;;;;"NÃO ALCANÇOU"
"MG";"317210";"Volta Grande";"X";;;;;"NÃO ALCANÇOU"
"MG";"317220";"Wenceslau Braz";"X";;;;;"NÃO ALCANÇOU"
"MS";"500020";"Água Clara";;3;3;100;100;"ALCANÇOU"
"MS";"500025";"Alcinópolis";"X";;;;;"NÃO ALCANÇOU"
"MS";"500060";"Amambai";;3;3;100;100;"ALCANÇOU"
"MS";"500070";"Anastácio";"X";;;;;"NÃO ALCANÇOU"
"MS";"500080";"Anaurilândia";"X";;;;;"NÃO ALCANÇOU"
"MS";"500085";"Angélica";"X";;;;;"NÃO ALCANÇOU"
"MS";"500090";"Antônio João";;0;3;0;0;"NÃO ALCANÇOU"
"MS";"500100";"Aparecida do Taboado";;2;2;100;100;"ALCANÇOU"
"MS";"500110";"Aquidauana";;4;6;66,7;66,7;"NÃO ALCANÇOU"
"MS";"500124";"Aral Moreira";"X";;;;;"NÃO ALCANÇOU"
"MS";"500150";"Bandeirantes";"X";;;;;"NÃO ALCANÇOU"
"MS";"500190";"Bataguassu";"X";;;;;"NÃO ALCANÇOU"
"MS";"500200";"Batayporã";"X";;;;;"NÃO ALCANÇOU"
"MS";"500210";"Bela Vista";"X";;;;;"NÃO ALCANÇOU"
"MS";"500215";"Bodoquena";"X";;;;;"NÃO ALCANÇOU"
"MS";"500220";"Bonito";"X";;;;;"NÃO ALCANÇOU"
"MS";"500230";"Brasilândia";"X";;;;;"NÃO ALCANÇOU"
"MS";"500240";"Caarapó";"X";;;;;"NÃO ALCANÇOU"
"MS";"500260";"Camapuã";"X";;;;;"NÃO ALCANÇOU"
"MS";"500270";"Campo Grande";;39;42;92,9;92,9;"ALCANÇOU"
"MS";"500280";"Caracol";"X";;;;;"NÃO ALCANÇOU"
"MS";"500290";"Cassilândia";"X";;;;;"NÃO ALCANÇOU"
"MS";"500295";"Chapadão do Sul";;2;2;100;100;"ALCANÇOU"
"MS";"500310";"Corguinho";"X";;;;;"NÃO ALCANÇOU"
"MS";"500315";"Coronel Sapucaia";"X";;;;;"NÃO ALCANÇOU"
"MS";"500320";"Corumbá";;4;5;80;80;"ALCANÇOU"
"MS";"500325";"Costa Rica";"X";;;;;"NÃO ALCANÇOU"
"MS";"500330";"Coxim";;2;2;100;100;"ALCANÇOU"
"MS";"500345";"Deodápolis";;2;4;50;50;"NÃO ALCANÇOU"
"MS";"500348";"Dois Irmãos do Buriti";;2;2;100;100;"ALCANÇOU"
"MS";"500350";"Douradina";"X";;;;;"NÃO ALCANÇOU"
"MS";"500370";"Dourados";;6;7;85,7;85,7;"ALCANÇOU"
"MS";"500375";"Eldorado";"X";;;;;"NÃO ALCANÇOU"
"MS";"500380";"Fátima do Sul";;3;3;100;100;"ALCANÇOU"
"MS";"500390";"Figueirão";;2;2;100;100;"ALCANÇOU"
"MS";"500400";"Glória de Dourados";;2;4;50;50;"NÃO ALCANÇOU"
"MS";"500410";"Guia Lopes da Laguna";"X";;;;;"NÃO ALCANÇOU"
"MS";"500430";"Iguatemi";;2;4;50;50;"NÃO ALCANÇOU"
"MS";"500440";"Inocência";;1;1;100;100;"ALCANÇOU"
"MS";"500450";"Itaporã";"X";;;;;"NÃO ALCANÇOU"
"MS";"500460";"Itaquiraí";;3;4;75;75;"ALCANÇOU"
"MS";"500470";"Ivinhema";;2;2;100;100;"ALCANÇOU"
"MS";"500480";"Japorã";"X";;;;;"NÃO ALCANÇOU"
"MS";"500490";"Jaraguari";"X";;;;;"NÃO ALCANÇOU"
"MS";"500500";"Jardim";"X";;;;;"NÃO ALCANÇOU"
"MS";"500510";"Jateí";"X";;;;;"NÃO ALCANÇOU"
"MS";"500515";"Juti";"X";;;;;"NÃO ALCANÇOU"
"MS";"500520";"Ladário";"X";;;;;"NÃO ALCANÇOU"
"MS";"500525";"Laguna Carapã";;1;1;100;100;"ALCANÇOU"
"MS";"500540";"Maracaju";;12;18;66,7;66,7;"NÃO ALCANÇOU"
"MS";"500560";"Miranda";;2;2;100;100;"ALCANÇOU"
"MS";"500568";"Mundo Novo";;0;2;0;0;"NÃO ALCANÇOU"
"MS";"500570";"Naviraí";;7;7;100;100;"ALCANÇOU"
"MS";"500580";"Nioaque";;4;4;100;100;"ALCANÇOU"
"MS";"500600";"Nova Alvorada do Sul";"X";;;;;"NÃO ALCANÇOU"
"MS";"500620";"Nova Andradina";;1;1;100;100;"ALCANÇOU"
"MS";"500625";"Novo Horizonte do Sul";"X";;;;;"NÃO ALCANÇOU"
"MS";"500627";"Paraíso das Águas";"X";;;;;"NÃO ALCANÇOU"
"MS";"500630";"Paranaíba";"X";;;;;"NÃO ALCANÇOU"
"MS";"500635";"Paranhos";;2;2;100;100;"ALCANÇOU"
"MS";"500640";"Pedro Gomes";"X";;;;;"NÃO ALCANÇOU"
"MS";"500660";"Ponta Porã";;2;2;100;100;"ALCANÇOU"
"MS";"500690";"Porto Murtinho";"X";;;;;"NÃO ALCANÇOU"
"MS";"500710";"Ribas do Rio Pardo";;4;4;100;100;"ALCANÇOU"
"MS";"500720";"Rio Brilhante";"X";;;;;"NÃO ALCANÇOU"
"MS";"500730";"Rio Negro";"X";;;;;"NÃO ALCANÇOU"
"MS";"500740";"Rio Verde de Mato Grosso";"X";;;;;"NÃO ALCANÇOU"
"MS";"500750";"Rochedo";"X";;;;;"NÃO ALCANÇOU"
"MS";"500755";"Santa Rita do Pardo";"X";;;;;"NÃO ALCANÇOU"
"MS";"500769";"São Gabriel do Oeste";;3;3;100;100;"ALCANÇOU"
"MS";"500770";"Sete Quedas";;2;2;100;100;"ALCANÇOU"
"MS";"500780";"Selvíria";"X";;;;;"NÃO ALCANÇOU"
"MS";"500790";"Sidrolândia";;2;2;100;100;"ALCANÇOU"
"MS";"500793";"Sonora";"X";;;;;"NÃO ALCANÇOU"
"MS";"500795";"Tacuru";"X";;;;;"NÃO ALCANÇOU"
"MS";"500797";"Taquarussu";"X";;;;;"NÃO ALCANÇOU"
"MS";"500800";"Terenos";;2;2;100;100;"ALCANÇOU"
"MS";"500830";"Três Lagoas";;2;2;100;100;"ALCANÇOU"
"MS";"500840";"Vicentina";;4;4;100;100;"ALCANÇOU"
"MT";"510010";"Acorizal";"X";;;;;"NÃO ALCANÇOU"
"MT";"510020";"Água Boa";"X";;;;;"NÃO ALCANÇOU"
"MT";"510025";"Alta Floresta";"X";;;;;"NÃO ALCANÇOU"
"MT";"510030";"Alto Araguaia";"X";;;;;"NÃO ALCANÇOU"
"MT";"510035";"Alto Boa Vista";"X";;;;;"NÃO ALCANÇOU"
"MT";"510040";"Alto Garças";"X";;;;;"NÃO ALCANÇOU"
"MT";"510050";"Alto Paraguai";"X";;;;;"NÃO ALCANÇOU"
"MT";"510060";"Alto Taquari";;0;1;0;0;"NÃO ALCANÇOU"
"MT";"510080";"Apiacás";;4;4;100;100;"ALCANÇOU"
"MT";"510100";"Araguaiana";"X";;;;;"NÃO ALCANÇOU"
"MT";"510120";"Araguainha";"X";;;;;"NÃO ALCANÇOU"
"MT";"510125";"Araputanga";;1;1;100;100;"ALCANÇOU"
"MT";"510130";"Arenápolis";"X";;;;;"NÃO ALCANÇOU"
"MT";"510140";"Aripuanã";"X";;;;;"NÃO ALCANÇOU"
"MT";"510160";"Barão de Melgaço";"X";;;;;"NÃO ALCANÇOU"
"MT";"510170";"Barra do Bugres";"X";;;;;"NÃO ALCANÇOU"
"MT";"510180";"Barra do Garças";"X";;;;;"NÃO ALCANÇOU"
"MT";"510185";"Bom Jesus do Araguaia";"X";;;;;"NÃO ALCANÇOU"
"MT";"510190";"Brasnorte";"X";;;;;"NÃO ALCANÇOU"
"MT";"510250";"Cáceres";;11;11;100;100;"ALCANÇOU"
"MT";"510260";"Campinápolis";"X";;;;;"NÃO ALCANÇOU"
"MT";"510263";"Campo Novo do Parecis";;3;4;75;75;"ALCANÇOU"
"MT";"510267";"Campo Verde";;0;1;0;0;"NÃO ALCANÇOU"
"MT";"510268";"Campos de Júlio";;2;2;100;100;"ALCANÇOU"
"MT";"510269";"Canabrava do Norte";;1;1;100;100;"ALCANÇOU"
"MT";"510270";"Canarana";"X";;;;;"NÃO ALCANÇOU"
"MT";"510279";"Carlinda";"X";;;;;"NÃO ALCANÇOU"
"MT";"510285";"Castanheira";"X";;;;;"NÃO ALCANÇOU"
"MT";"510300";"Chapada dos Guimarães";"X";;;;;"NÃO ALCANÇOU"
"MT";"510305";"Cláudia";;2;2;100;100;"ALCANÇOU"
"MT";"510310";"Cocalinho";"X";;;;;"NÃO ALCANÇOU"
"MT";"510320";"Colíder";;5;5;100;100;"ALCANÇOU"
"MT";"510325";"Colniza";;1;1;100;100;"ALCANÇOU"
"MT";"510330";"Comodoro";"X";;;;;"NÃO ALCANÇOU"
"MT";"510335";"Confresa";;1;1;100;100;"ALCANÇOU"
"MT";"510336";"Conquista D'Oeste";"X";;;;;"NÃO ALCANÇOU"
"MT";"510337";"Cotriguaçu";"X";;;;;"NÃO ALCANÇOU"
"MT";"510340";"Cuiabá";;65;86;75,6;75,6;"ALCANÇOU"
"MT";"510343";"Curvelândia";"X";;;;;"NÃO ALCANÇOU"
"MT";"510345";"Denise";"X";;;;;"NÃO ALCANÇOU"
"MT";"510350";"Diamantino";"X";;;;;"NÃO ALCANÇOU"
"MT";"510360";"Dom Aquino";"X";;;;;"NÃO ALCANÇOU"
"MT";"510370";"Feliz Natal";"X";;;;;"NÃO ALCANÇOU"
"MT";"510380";"Figueirópolis D'Oeste";"X";;;;;"NÃO ALCANÇOU"
"MT";"510385";"Gaúcha do Norte";"X";;;;;"NÃO ALCANÇOU"
"MT";"510390";"General Carneiro";"X";;;;;"NÃO ALCANÇOU"
"MT";"510395";"Glória D'Oeste";"X";;;;;"NÃO ALCANÇOU"
"MT";"510410";"Guarantã do Norte";;2;2;100;100;"ALCANÇOU"
"MT";"510420";"Guiratinga";"X";;;;;"NÃO ALCANÇOU"
"MT";"510450";"Indiavaí";"X";;;;;"NÃO ALCANÇOU"
"MT";"510452";"Ipiranga do Norte";;2;2;100;100;"ALCANÇOU"
"MT";"510454";"Itanhangá";"X";;;;;"NÃO ALCANÇOU"
"MT";"510455";"Itaúba";"X";;;;;"NÃO ALCANÇOU"
"MT";"510460";"Itiquira";"X";;;;;"NÃO ALCANÇOU"
"MT";"510480";"Jaciara";;1;2;50;50;"NÃO ALCANÇOU"
"MT";"510490";"Jangada";"X";;;;;"NÃO ALCANÇOU"
"MT";"510500";"Jauru";"X";;;;;"NÃO ALCANÇOU"
"MT";"510510";"Juara";;5;5;100;100;"ALCANÇOU"
"MT";"510515";"Juína";;3;3;100;100;"ALCANÇOU"
"MT";"510517";"Juruena";"X";;;;;"NÃO ALCANÇOU"
"MT";"510520";"Juscimeira";"X";;;;;"NÃO ALCANÇOU"
"MT";"510523";"Lambari D'Oeste";"X";;;;;"NÃO ALCANÇOU"
"MT";"510525";"Lucas do Rio Verde";;1;1;100;100;"ALCANÇOU"
"MT";"510530";"Luciara";"X";;;;;"NÃO ALCANÇOU"
"MT";"510550";"Vila Bela da Santíssima Trindade";"X";;;;;"NÃO ALCANÇOU"
"MT";"510558";"Marcelândia";"X";;;;;"NÃO ALCANÇOU"
"MT";"510560";"Matupá";"X";;;;;"NÃO ALCANÇOU"
"MT";"510562";"Mirassol d'Oeste";"X";;;;;"NÃO ALCANÇOU"
"MT";"510590";"Nobres";"X";;;;;"NÃO ALCANÇOU"
"MT";"510600";"Nortelândia";"X";;;;;"NÃO ALCANÇOU"
"MT";"510610";"Nossa Senhora do Livramento";"X";;;;;"NÃO ALCANÇOU"
"MT";"510615";"Nova Bandeirantes";"X";;;;;"NÃO ALCANÇOU"
"MT";"510617";"Nova Nazaré";"X";;;;;"NÃO ALCANÇOU"
"MT";"510618";"Nova Lacerda";"X";;;;;"NÃO ALCANÇOU"
"MT";"510619";"Nova Santa Helena";;1;1;100;100;"ALCANÇOU"
"MT";"510620";"Nova Brasilândia";"X";;;;;"NÃO ALCANÇOU"
"MT";"510621";"Nova Canaã do Norte";"X";;;;;"NÃO ALCANÇOU"
"MT";"510622";"Nova Mutum";;1;1;100;100;"ALCANÇOU"
"MT";"510623";"Nova Olímpia";"X";;;;;"NÃO ALCANÇOU"
"MT";"510624";"Nova Ubiratã";"X";;;;;"NÃO ALCANÇOU"
"MT";"510625";"Nova Xavantina";"X";;;;;"NÃO ALCANÇOU"
"MT";"510626";"Novo Mundo";"X";;;;;"NÃO ALCANÇOU"
"MT";"510627";"Novo Horizonte do Norte";"X";;;;;"NÃO ALCANÇOU"
"MT";"510628";"Novo São Joaquim";"X";;;;;"NÃO ALCANÇOU"
"MT";"510629";"Paranaíta";;1;1;100;100;"ALCANÇOU"
"MT";"510630";"Paranatinga";;2;2;100;100;"ALCANÇOU"
"MT";"510631";"Novo Santo Antônio";"X";;;;;"NÃO ALCANÇOU"
"MT";"510637";"Pedra Preta";"X";;;;;"NÃO ALCANÇOU"
"MT";"510642";"Peixoto de Azevedo";"X";;;;;"NÃO ALCANÇOU"
"MT";"510645";"Planalto da Serra";"X";;;;;"NÃO ALCANÇOU"
"MT";"510650";"Poconé";;1;1;100;100;"ALCANÇOU"
"MT";"510665";"Pontal do Araguaia";"X";;;;;"NÃO ALCANÇOU"
"MT";"510670";"Ponte Branca";"X";;;;;"NÃO ALCANÇOU"
"MT";"510675";"Pontes e Lacerda";;4;4;100;100;"ALCANÇOU"
"MT";"510677";"Porto Alegre do Norte";;1;1;100;100;"ALCANÇOU"
"MT";"510680";"Porto dos Gaúchos";"X";;;;;"NÃO ALCANÇOU"
"MT";"510682";"Porto Esperidião";"X";;;;;"NÃO ALCANÇOU"
"MT";"510685";"Porto Estrela";"X";;;;;"NÃO ALCANÇOU"
"MT";"510700";"Poxoréu";"X";;;;;"NÃO ALCANÇOU"
"MT";"510704";"Primavera do Leste";"X";;;;;"NÃO ALCANÇOU"
"MT";"510706";"Querência";;2;3;66,7;66,7;"NÃO ALCANÇOU"
"MT";"510710";"São José dos Quatro Marcos";"X";;;;;"NÃO ALCANÇOU"
"MT";"510715";"Reserva do Cabaçal";"X";;;;;"NÃO ALCANÇOU"
"MT";"510718";"Ribeirão Cascalheira";"X";;;;;"NÃO ALCANÇOU"
"MT";"510719";"Ribeirãozinho";"X";;;;;"NÃO ALCANÇOU"
"MT";"510720";"Rio Branco";"X";;;;;"NÃO ALCANÇOU"
"MT";"510724";"Santa Carmem";;1;1;100;100;"ALCANÇOU"
"MT";"510726";"Santo Afonso";"X";;;;;"NÃO ALCANÇOU"
"MT";"510729";"São José do Povo";"X";;;;;"NÃO ALCANÇOU"
"MT";"510730";"São José do Rio Claro";"X";;;;;"NÃO ALCANÇOU"
"MT";"510735";"São José do Xingu";"X";;;;;"NÃO ALCANÇOU"
"MT";"510740";"São Pedro da Cipa";"X";;;;;"NÃO ALCANÇOU"
"MT";"510757";"Rondolândia";"X";;;;;"NÃO ALCANÇOU"
"MT";"510760";"Rondonópolis";;8;9;88,9;88,9;"ALCANÇOU"
"MT";"510770";"Rosário Oeste";"X";;;;;"NÃO ALCANÇOU"
"MT";"510774";"Santa Cruz do Xingu";"X";;;;;"NÃO ALCANÇOU"
"MT";"510775";"Salto do Céu";"X";;;;;"NÃO ALCANÇOU"
"MT";"510776";"Santa Rita do Trivelato";"X";;;;;"NÃO ALCANÇOU"
"MT";"510777";"Santa Terezinha";"X";;;;;"NÃO ALCANÇOU"
"MT";"510779";"Santo Antônio do Leste";"X";;;;;"NÃO ALCANÇOU"
"MT";"510780";"Santo Antônio de Leverger";"X";;;;;"NÃO ALCANÇOU"
"MT";"510785";"São Félix do Araguaia";"X";;;;;"NÃO ALCANÇOU"
"MT";"510787";"Sapezal";"X";;;;;"NÃO ALCANÇOU"
"MT";"510788";"Serra Nova Dourada";"X";;;;;"NÃO ALCANÇOU"
"MT";"510790";"Sinop";;50;57;87,7;87,7;"ALCANÇOU"
"MT";"510792";"Sorriso";;3;3;100;100;"ALCANÇOU"
"MT";"510794";"Tabaporã";"X";;;;;"NÃO ALCANÇOU"
"MT";"510795";"Tangará da Serra";;3;3;100;100;"ALCANÇOU"
"MT";"510800";"Tapurah";;1;1;100;100;"ALCANÇOU"
"MT";"510805";"Terra Nova do Norte";"X";;;;;"NÃO ALCANÇOU"
"MT";"510810";"Tesouro";"X";;;;;"NÃO ALCANÇOU"
"MT";"510820";"Torixoréu";"X";;;;;"NÃO ALCANÇOU"
"MT";"510830";"União do Sul";"X";;;;;"NÃO ALCANÇOU"
"MT";"510835";"Vale de São Domingos";"X";;;;;"NÃO ALCANÇOU"
"MT";"510840";"Várzea Grande";;16;16;100;100;"ALCANÇOU"
"MT";"510850";"Vera";;2;2;100;100;"ALCANÇOU"
"MT";"510860";"Vila Rica";"X";;;;;"NÃO ALCANÇOU"
"MT";"510880";"Nova Guarita";"X";;;;;"NÃO ALCANÇOU"
"MT";"510885";"Nova Marilândia";;1;1;100;100;"ALCANÇOU"
"MT";"510890";"Nova Maringá";"X";;;;;"NÃO ALCANÇOU"
"MT";"510895";"Nova Monte Verde";"X";;;;;"NÃO ALCANÇOU"
"PA";"150010";"Abaetetuba";"X";;;;;"NÃO ALCANÇOU"
"PA";"150013";"Abel Figueiredo";"X";;;;;"NÃO ALCANÇOU"
"PA";"150020";"Acará";"X";;;;;"NÃO ALCANÇOU"
"PA";"150030";"Afuá";"X";;;;;"NÃO ALCANÇOU"
"PA";"150034";"Água Azul do Norte";"X";;;;;"NÃO ALCANÇOU"
"PA";"150040";"Alenquer";"X";;;;;"NÃO ALCANÇOU"
"PA";"150050";"Almeirim";"X";;;;;"NÃO ALCANÇOU"
"PA";"150060";"Altamira";;6;6;100;100;"ALCANÇOU"
"PA";"150070";"Anajás";"X";;;;;"NÃO ALCANÇOU"
"PA";"150080";"Ananindeua";;3;5;60;60;"NÃO ALCANÇOU"
"PA";"150085";"Anapu";"X";;;;;"NÃO ALCANÇOU"
"PA";"150090";"Augusto Corrêa";"X";;;;;"NÃO ALCANÇOU"
"PA";"150095";"Aurora do Pará";"X";;;;;"NÃO ALCANÇOU"
"PA";"150100";"Aveiro";"X";;;;;"NÃO ALCANÇOU"
"PA";"150110";"Bagre";"X";;;;;"NÃO ALCANÇOU"
"PA";"150120";"Baião";"X";;;;;"NÃO ALCANÇOU"
"PA";"150125";"Bannach";"X";;;;;"NÃO ALCANÇOU"
"PA";"150130";"Barcarena";"X";;;;;"NÃO ALCANÇOU"
"PA";"150140";"Belém";;25;26;96,2;96,2;"ALCANÇOU"
"PA";"150145";"Belterra";"X";;;;;"NÃO ALCANÇOU"
"PA";"150150";"Benevides";"X";;;;;"NÃO ALCANÇOU"
"PA";"150157";"Bom Jesus do Tocantins";;1;1;100;100;"ALCANÇOU"
"PA";"150160";"Bonito";"X";;;;;"NÃO ALCANÇOU"
"PA";"150170";"Bragança";"X";;;;;"NÃO ALCANÇOU"
"PA";"150172";"Brasil Novo";;2;2;100;100;"ALCANÇOU"
"PA";"150175";"Brejo Grande do Araguaia";"X";;;;;"NÃO ALCANÇOU"
"PA";"150178";"Breu Branco";"X";;;;;"NÃO ALCANÇOU"
"PA";"150180";"Breves";;2;2;100;100;"ALCANÇOU"
"PA";"150190";"Bujaru";"X";;;;;"NÃO ALCANÇOU"
"PA";"150195";"Cachoeira do Piriá";"X";;;;;"NÃO ALCANÇOU"
"PA";"150200";"Cachoeira do Arari";"X";;;;;"NÃO ALCANÇOU"
"PA";"150210";"Cametá";;5;6;83,3;83,3;"ALCANÇOU"
"PA";"150215";"Canaã dos Carajás";;3;3;100;100;"ALCANÇOU"
"PA";"150220";"Capanema";"X";;;;;"NÃO ALCANÇOU"
"PA";"150230";"Capitão Poço";"X";;;;;"NÃO ALCANÇOU"
"PA";"150240";"Castanhal";;1;1;100;100;"ALCANÇOU"
"PA";"150250";"Chaves";"X";;;;;"NÃO ALCANÇOU"
"PA";"150260";"Colares";;2;2;100;100;"ALCANÇOU"
"PA";"150270";"Conceição do Araguaia";;3;3;100;100;"ALCANÇOU"
"PA";"150275";"Concórdia do Pará";"X";;;;;"NÃO ALCANÇOU"
"PA";"150276";"Cumaru do Norte";"X";;;;;"NÃO ALCANÇOU"
"PA";"150277";"Curionópolis";"X";;;;;"NÃO ALCANÇOU"
"PA";"150280";"Curralinho";"X";;;;;"NÃO ALCANÇOU"
"PA";"150285";"Curuá";"X";;;;;"NÃO ALCANÇOU"
"PA";"150290";"Curuçá";;1;1;100;100;"ALCANÇOU"
"PA";"150293";"Dom Eliseu";"X";;;;;"NÃO ALCANÇOU"
"PA";"150295";"Eldorado do Carajás";;1;1;100;100;"ALCANÇOU"
"PA";"150300";"Faro";"X";;;;;"NÃO ALCANÇOU"
"PA";"150304";"Floresta do Araguaia";;1;1;100;100;"ALCANÇOU"
"PA";"150307";"Garrafão do Norte";"X";;;;;"NÃO ALCANÇOU"
"PA";"150309";"Goianésia do Pará";"X";;;;;"NÃO ALCANÇOU"
"PA";"150310";"Gurupá";"X";;;;;"NÃO ALCANÇOU"
"PA";"150320";"Igarapé-Açu";"X";;;;;"NÃO ALCANÇOU"
"PA";"150330";"Igarapé-Miri";"X";;;;;"NÃO ALCANÇOU"
"PA";"150340";"Inhangapi";"X";;;;;"NÃO ALCANÇOU"
"PA";"150345";"Ipixuna do Pará";"X";;;;;"NÃO ALCANÇOU"
"PA";"150350";"Irituia";"X";;;;;"NÃO ALCANÇOU"
"PA";"150360";"Itaituba";;5;6;83,3;83,3;"ALCANÇOU"
"PA";"150370";"Itupiranga";"X";;;;;"NÃO ALCANÇOU"
"PA";"150375";"Jacareacanga";;1;1;100;100;"ALCANÇOU"
"PA";"150380";"Jacundá";"X";;;;;"NÃO ALCANÇOU"
"PA";"150390";"Juruti";"X";;;;;"NÃO ALCANÇOU"
"PA";"150400";"Limoeiro do Ajuru";"X";;;;;"NÃO ALCANÇOU"
"PA";"150405";"Mãe do Rio";;2;2;100;100;"ALCANÇOU"
"PA";"150410";"Magalhães Barata";"X";;;;;"NÃO ALCANÇOU"
"PA";"150420";"Marabá";;1;1;100;100;"ALCANÇOU"
"PA";"150430";"Maracanã";"X";;;;;"NÃO ALCANÇOU"
"PA";"150440";"Marapanim";"X";;;;;"NÃO ALCANÇOU"
"PA";"150442";"Marituba";"X";;;;;"NÃO ALCANÇOU"
"PA";"150445";"Medicilândia";"X";;;;;"NÃO ALCANÇOU"
"PA";"150450";"Melgaço";"X";;;;;"NÃO ALCANÇOU"
"PA";"150460";"Mocajuba";;0;1;0;0;"NÃO ALCANÇOU"
"PA";"150470";"Moju";"X";;;;;"NÃO ALCANÇOU"
"PA";"150475";"Mojuí dos Campos";"X";;;;;"NÃO ALCANÇOU"
"PA";"150480";"Monte Alegre";"X";;;;;"NÃO ALCANÇOU"
"PA";"150490";"Muaná";"X";;;;;"NÃO ALCANÇOU"
"PA";"150495";"Nova Esperança do Piriá";"X";;;;;"NÃO ALCANÇOU"
"PA";"150497";"Nova Ipixuna";"X";;;;;"NÃO ALCANÇOU"
"PA";"150500";"Nova Timboteua";"X";;;;;"NÃO ALCANÇOU"
"PA";"150503";"Novo Progresso";;4;4;100;100;"ALCANÇOU"
"PA";"150506";"Novo Repartimento";;1;1;100;100;"ALCANÇOU"
"PA";"150510";"Óbidos";"X";;;;;"NÃO ALCANÇOU"
"PA";"150520";"Oeiras do Pará";"X";;;;;"NÃO ALCANÇOU"
"PA";"150530";"Oriximiná";;1;1;100;100;"ALCANÇOU"
"PA";"150540";"Ourém";"X";;;;;"NÃO ALCANÇOU"
"PA";"150543";"Ourilândia do Norte";"X";;;;;"NÃO ALCANÇOU"
"PA";"150548";"Pacajá";;2;2;100;100;"ALCANÇOU"
"PA";"150549";"Palestina do Pará";"X";;;;;"NÃO ALCANÇOU"
"PA";"150550";"Paragominas";"X";;;;;"NÃO ALCANÇOU"
"PA";"150553";"Parauapebas";;1;1;100;100;"ALCANÇOU"
"PA";"150555";"Pau D'Arco";"X";;;;;"NÃO ALCANÇOU"
"PA";"150560";"Peixe-Boi";"X";;;;;"NÃO ALCANÇOU"
"PA";"150563";"Piçarra";"X";;;;;"NÃO ALCANÇOU"
"PA";"150565";"Placas";"X";;;;;"NÃO ALCANÇOU"
"PA";"150570";"Ponta de Pedras";;1;1;100;100;"ALCANÇOU"
"PA";"150580";"Portel";;2;2;100;100;"ALCANÇOU"
"PA";"150590";"Porto de Moz";"X";;;;;"NÃO ALCANÇOU"
"PA";"150600";"Prainha";"X";;;;;"NÃO ALCANÇOU"
"PA";"150610";"Primavera";"X";;;;;"NÃO ALCANÇOU"
"PA";"150611";"Quatipuru";"X";;;;;"NÃO ALCANÇOU"
"PA";"150613";"Redenção";;7;7;100;100;"ALCANÇOU"
"PA";"150616";"Rio Maria";;1;1;100;100;"ALCANÇOU"
"PA";"150618";"Rondon do Pará";"X";;;;;"NÃO ALCANÇOU"
"PA";"150619";"Rurópolis";"X";;;;;"NÃO ALCANÇOU"
"PA";"150620";"Salinópolis";"X";;;;;"NÃO ALCANÇOU"
"PA";"150630";"Salvaterra";"X";;;;;"NÃO ALCANÇOU"
"PA";"150635";"Santa Bárbara do Pará";"X";;;;;"NÃO ALCANÇOU"
"PA";"150640";"Santa Cruz do Arari";"X";;;;;"NÃO ALCANÇOU"
"PA";"150650";"Santa Izabel do Pará";"X";;;;;"NÃO ALCANÇOU"
"PA";"150655";"Santa Luzia do Pará";"X";;;;;"NÃO ALCANÇOU"
"PA";"150658";"Santa Maria das Barreiras";"X";;;;;"NÃO ALCANÇOU"
"PA";"150660";"Santa Maria do Pará";"X";;;;;"NÃO ALCANÇOU"
"PA";"150670";"Santana do Araguaia";;1;3;33,3;33,3;"NÃO ALCANÇOU"
"PA";"150680";"Santarém";;3;3;100;100;"ALCANÇOU"
"PA";"150690";"Santarém Novo";"X";;;;;"NÃO ALCANÇOU"
"PA";"150700";"Santo Antônio do Tauá";"X";;;;;"NÃO ALCANÇOU"
"PA";"150710";"São Caetano de Odivelas";"X";;;;;"NÃO ALCANÇOU"
"PA";"150715";"São Domingos do Araguaia";"X";;;;;"NÃO ALCANÇOU"
"PA";"150720";"São Domingos do Capim";"X";;;;;"NÃO ALCANÇOU"
"PA";"150730";"São Félix do Xingu";"X";;;;;"NÃO ALCANÇOU"
"PA";"150740";"São Francisco do Pará";"X";;;;;"NÃO ALCANÇOU"
"PA";"150745";"São Geraldo do Araguaia";"X";;;;;"NÃO ALCANÇOU"
"PA";"150746";"São João da Ponta";"X";;;;;"NÃO ALCANÇOU"
"PA";"150747";"São João de Pirabas";"X";;;;;"NÃO ALCANÇOU"
"PA";"150750";"São João do Araguaia";"X";;;;;"NÃO ALCANÇOU"
"PA";"150760";"São Miguel do Guamá";"X";;;;;"NÃO ALCANÇOU"
"PA";"150770";"São Sebastião da Boa Vista";;1;1;100;100;"ALCANÇOU"
"PA";"150775";"Sapucaia";;1;1;100;100;"ALCANÇOU"
"PA";"150780";"Senador José Porfírio";"X";;;;;"NÃO ALCANÇOU"
"PA";"150790";"Soure";"X";;;;;"NÃO ALCANÇOU"
"PA";"150795";"Tailândia";;1;1;100;100;"ALCANÇOU"
"PA";"150796";"Terra Alta";"X";;;;;"NÃO ALCANÇOU"
"PA";"150797";"Terra Santa";"X";;;;;"NÃO ALCANÇOU"
"PA";"150800";"Tomé-Açu";;2;2;100;100;"ALCANÇOU"
"PA";"150803";"Tracuateua";"X";;;;;"NÃO ALCANÇOU"
"PA";"150805";"Trairão";"X";;;;;"NÃO ALCANÇOU"
"PA";"150808";"Tucumã";;2;2;100;100;"ALCANÇOU"
"PA";"150810";"Tucuruí";;4;4;100;100;"ALCANÇOU"
"PA";"150812";"Ulianópolis";"X";;;;;"NÃO ALCANÇOU"
"PA";"150815";"Uruará";;1;2;50;50;"NÃO ALCANÇOU"
"PA";"150820";"Vigia";;1;1;100;100;"ALCANÇOU"
"PA";"150830";"Viseu";;1;1;100;100;"ALCANÇOU"
"PA";"150835";"Vitória do Xingu";;1;1;100;100;"ALCANÇOU"
"PA";"150840";"Xinguara";"X";;;;;"NÃO ALCANÇOU"
"PB";"250010";"Água Branca";"X";;;;;"NÃO ALCANÇOU"
"PB";"250020";"Aguiar";"X";;;;;"NÃO ALCANÇOU"
"PB";"250030";"Alagoa Grande";"X";;;;;"NÃO ALCANÇOU"
"PB";"250040";"Alagoa Nova";"X";;;;;"NÃO ALCANÇOU"
"PB";"250050";"Alagoinha";"X";;;;;"NÃO ALCANÇOU"
"PB";"250053";"Alcantil";"X";;;;;"NÃO ALCANÇOU"
"PB";"250057";"Algodão de Jandaíra";"X";;;;;"NÃO ALCANÇOU"
"PB";"250060";"Alhandra";"X";;;;;"NÃO ALCANÇOU"
"PB";"250070";"São João do Rio do Peixe";"X";;;;;"NÃO ALCANÇOU"
"PB";"250073";"Amparo";"X";;;;;"NÃO ALCANÇOU"
"PB";"250077";"Aparecida";"X";;;;;"NÃO ALCANÇOU"
"PB";"250080";"Araçagi";"X";;;;;"NÃO ALCANÇOU"
"PB";"250090";"Arara";"X";;;;;"NÃO ALCANÇOU"
"PB";"250100";"Araruna";"X";;;;;"NÃO ALCANÇOU"
"PB";"250110";"Areia";"X";;;;;"NÃO ALCANÇOU"
"PB";"250115";"Areia de Baraúnas";"X";;;;;"NÃO ALCANÇOU"
"PB";"250120";"Areial";"X";;;;;"NÃO ALCANÇOU"
"PB";"250130";"Aroeiras";"X";;;;;"NÃO ALCANÇOU"
"PB";"250135";"Assunção";"X";;;;;"NÃO ALCANÇOU"
"PB";"250140";"Baía da Traição";"X";;;;;"NÃO ALCANÇOU"
"PB";"250150";"Bananeiras";"X";;;;;"NÃO ALCANÇOU"
"PB";"250153";"Baraúna";"X";;;;;"NÃO ALCANÇOU"
"PB";"250157";"Barra de Santana";"X";;;;;"NÃO ALCANÇOU"
"PB";"250160";"Barra de Santa Rosa";"X";;;;;"NÃO ALCANÇOU"
"PB";"250170";"Barra de São Miguel";"X";;;;;"NÃO ALCANÇOU"
"PB";"250180";"Bayeux";"X";;;;;"NÃO ALCANÇOU"
"PB";"250190";"Belém";"X";;;;;"NÃO ALCANÇOU"
"PB";"250200";"Belém do Brejo do Cruz";"X";;;;;"NÃO ALCANÇOU"
"PB";"250205";"Bernardino Batista";"X";;;;;"NÃO ALCANÇOU"
"PB";"250210";"Boa Ventura";"X";;;;;"NÃO ALCANÇOU"
"PB";"250215";"Boa Vista";"X";;;;;"NÃO ALCANÇOU"
"PB";"250220";"Bom Jesus";"X";;;;;"NÃO ALCANÇOU"
"PB";"250230";"Bom Sucesso";"X";;;;;"NÃO ALCANÇOU"
"PB";"250240";"Bonito de Santa Fé";"X";;;;;"NÃO ALCANÇOU"
"PB";"250250";"Boqueirão";"X";;;;;"NÃO ALCANÇOU"
"PB";"250260";"Igaracy";"X";;;;;"NÃO ALCANÇOU"
"PB";"250270";"Borborema";"X";;;;;"NÃO ALCANÇOU"
"PB";"250280";"Brejo do Cruz";"X";;;;;"NÃO ALCANÇOU"
"PB";"250290";"Brejo dos Santos";"X";;;;;"NÃO ALCANÇOU"
"PB";"250300";"Caaporã";"X";;;;;"NÃO ALCANÇOU"
"PB";"250310";"Cabaceiras";"X";;;;;"NÃO ALCANÇOU"
"PB";"250320";"Cabedelo";"X";;;;;"NÃO ALCANÇOU"
"PB";"250330";"Cachoeira dos Índios";"X";;;;;"NÃO ALCANÇOU"
"PB";"250340";"Cacimba de Areia";"X";;;;;"NÃO ALCANÇOU"
"PB";"250350";"Cacimba de Dentro";"X";;;;;"NÃO ALCANÇOU"
"PB";"250355";"Cacimbas";"X";;;;;"NÃO ALCANÇOU"
"PB";"250360";"Caiçara";"X";;;;;"NÃO ALCANÇOU"
"PB";"250370";"Cajazeiras";"X";;;;;"NÃO ALCANÇOU"
"PB";"250375";"Cajazeirinhas";"X";;;;;"NÃO ALCANÇOU"
"PB";"250380";"Caldas Brandão";"X";;;;;"NÃO ALCANÇOU"
"PB";"250390";"Camalaú";"X";;;;;"NÃO ALCANÇOU"
"PB";"250400";"Campina Grande";;6;6;100;100;"ALCANÇOU"
"PB";"250403";"Capim";"X";;;;;"NÃO ALCANÇOU"
"PB";"250407";"Caraúbas";"X";;;;;"NÃO ALCANÇOU"
"PB";"250410";"Carrapateira";"X";;;;;"NÃO ALCANÇOU"
"PB";"250415";"Casserengue";"X";;;;;"NÃO ALCANÇOU"
"PB";"250420";"Catingueira";"X";;;;;"NÃO ALCANÇOU"
"PB";"250430";"Catolé do Rocha";"X";;;;;"NÃO ALCANÇOU"
"PB";"250435";"Caturité";"X";;;;;"NÃO ALCANÇOU"
"PB";"250440";"Conceição";"X";;;;;"NÃO ALCANÇOU"
"PB";"250450";"Condado";"X";;;;;"NÃO ALCANÇOU"
"PB";"250460";"Conde";"X";;;;;"NÃO ALCANÇOU"
"PB";"250470";"Congo";"X";;;;;"NÃO ALCANÇOU"
"PB";"250480";"Coremas";"X";;;;;"NÃO ALCANÇOU"
"PB";"250485";"Coxixola";"X";;;;;"NÃO ALCANÇOU"
"PB";"250490";"Cruz do Espírito Santo";"X";;;;;"NÃO ALCANÇOU"
"PB";"250500";"Cubati";"X";;;;;"NÃO ALCANÇOU"
"PB";"250510";"Cuité";"X";;;;;"NÃO ALCANÇOU"
"PB";"250520";"Cuitegi";"X";;;;;"NÃO ALCANÇOU"
"PB";"250523";"Cuité de Mamanguape";"X";;;;;"NÃO ALCANÇOU"
"PB";"250527";"Curral de Cima";"X";;;;;"NÃO ALCANÇOU"
"PB";"250530";"Curral Velho";"X";;;;;"NÃO ALCANÇOU"
"PB";"250535";"Damião";"X";;;;;"NÃO ALCANÇOU"
"PB";"250540";"Desterro";"X";;;;;"NÃO ALCANÇOU"
"PB";"250550";"Vista Serrana";"X";;;;;"NÃO ALCANÇOU"
"PB";"250560";"Diamante";"X";;;;;"NÃO ALCANÇOU"
"PB";"250570";"Dona Inês";"X";;;;;"NÃO ALCANÇOU"
"PB";"250580";"Duas Estradas";"X";;;;;"NÃO ALCANÇOU"
"PB";"250590";"Emas";"X";;;;;"NÃO ALCANÇOU"
"PB";"250600";"Esperança";"X";;;;;"NÃO ALCANÇOU"
"PB";"250610";"Fagundes";"X";;;;;"NÃO ALCANÇOU"
"PB";"250620";"Frei Martinho";"X";;;;;"NÃO ALCANÇOU"
"PB";"250625";"Gado Bravo";"X";;;;;"NÃO ALCANÇOU"
"PB";"250630";"Guarabira";"X";;;;;"NÃO ALCANÇOU"
"PB";"250640";"Gurinhém";"X";;;;;"NÃO ALCANÇOU"
"PB";"250650";"Gurjão";"X";;;;;"NÃO ALCANÇOU"
"PB";"250660";"Ibiara";"X";;;;;"NÃO ALCANÇOU"
"PB";"250670";"Imaculada";"X";;;;;"NÃO ALCANÇOU"
"PB";"250680";"Ingá";"X";;;;;"NÃO ALCANÇOU"
"PB";"250690";"Itabaiana";;1;1;100;100;"ALCANÇOU"
"PB";"250700";"Itaporanga";"X";;;;;"NÃO ALCANÇOU"
"PB";"250710";"Itapororoca";"X";;;;;"NÃO ALCANÇOU"
"PB";"250720";"Itatuba";"X";;;;;"NÃO ALCANÇOU"
"PB";"250730";"Jacaraú";"X";;;;;"NÃO ALCANÇOU"
"PB";"250740";"Jericó";"X";;;;;"NÃO ALCANÇOU"
"PB";"250750";"João Pessoa";;26;31;83,9;83,9;"ALCANÇOU"
"PB";"250760";"Juarez Távora";"X";;;;;"NÃO ALCANÇOU"
"PB";"250770";"Juazeirinho";"X";;;;;"NÃO ALCANÇOU"
"PB";"250780";"Junco do Seridó";"X";;;;;"NÃO ALCANÇOU"
"PB";"250790";"Juripiranga";"X";;;;;"NÃO ALCANÇOU"
"PB";"250800";"Juru";"X";;;;;"NÃO ALCANÇOU"
"PB";"250810";"Lagoa";"X";;;;;"NÃO ALCANÇOU"
"PB";"250820";"Lagoa de Dentro";"X";;;;;"NÃO ALCANÇOU"
"PB";"250830";"Lagoa Seca";"X";;;;;"NÃO ALCANÇOU"
"PB";"250840";"Lastro";"X";;;;;"NÃO ALCANÇOU"
"PB";"250850";"Livramento";"X";;;;;"NÃO ALCANÇOU"
"PB";"250855";"Logradouro";"X";;;;;"NÃO ALCANÇOU"
"PB";"250860";"Lucena";"X";;;;;"NÃO ALCANÇOU"
"PB";"250870";"Mãe d'Água";"X";;;;;"NÃO ALCANÇOU"
"PB";"250880";"Malta";"X";;;;;"NÃO ALCANÇOU"
"PB";"250890";"Mamanguape";"X";;;;;"NÃO ALCANÇOU"
"PB";"250900";"Manaíra";"X";;;;;"NÃO ALCANÇOU"
"PB";"250905";"Marcação";"X";;;;;"NÃO ALCANÇOU"
"PB";"250910";"Mari";"X";;;;;"NÃO ALCANÇOU"
"PB";"250915";"Marizópolis";"X";;;;;"NÃO ALCANÇOU"
"PB";"250920";"Massaranduba";"X";;;;;"NÃO ALCANÇOU"
"PB";"250930";"Mataraca";"X";;;;;"NÃO ALCANÇOU"
"PB";"250933";"Matinhas";"X";;;;;"NÃO ALCANÇOU"
"PB";"250937";"Mato Grosso";"X";;;;;"NÃO ALCANÇOU"
"PB";"250939";"Maturéia";"X";;;;;"NÃO ALCANÇOU"
"PB";"250940";"Mogeiro";"X";;;;;"NÃO ALCANÇOU"
"PB";"250950";"Montadas";"X";;;;;"NÃO ALCANÇOU"
"PB";"250960";"Monte Horebe";"X";;;;;"NÃO ALCANÇOU"
"PB";"250970";"Monteiro";;2;2;100;100;"ALCANÇOU"
"PB";"250980";"Mulungu";"X";;;;;"NÃO ALCANÇOU"
"PB";"250990";"Natuba";"X";;;;;"NÃO ALCANÇOU"
"PB";"251000";"Nazarezinho";"X";;;;;"NÃO ALCANÇOU"
"PB";"251010";"Nova Floresta";"X";;;;;"NÃO ALCANÇOU"
"PB";"251020";"Nova Olinda";"X";;;;;"NÃO ALCANÇOU"
"PB";"251030";"Nova Palmeira";"X";;;;;"NÃO ALCANÇOU"
"PB";"251040";"Olho d'Água";"X";;;;;"NÃO ALCANÇOU"
"PB";"251050";"Olivedos";"X";;;;;"NÃO ALCANÇOU"
"PB";"251060";"Ouro Velho";"X";;;;;"NÃO ALCANÇOU"
"PB";"251065";"Parari";"X";;;;;"NÃO ALCANÇOU"
"PB";"251070";"Passagem";"X";;;;;"NÃO ALCANÇOU"
"PB";"251080";"Patos";"X";;;;;"NÃO ALCANÇOU"
"PB";"251090";"Paulista";"X";;;;;"NÃO ALCANÇOU"
"PB";"251100";"Pedra Branca";"X";;;;;"NÃO ALCANÇOU"
"PB";"251110";"Pedra Lavrada";"X";;;;;"NÃO ALCANÇOU"
"PB";"251120";"Pedras de Fogo";"X";;;;;"NÃO ALCANÇOU"
"PB";"251130";"Piancó";"X";;;;;"NÃO ALCANÇOU"
"PB";"251140";"Picuí";;2;2;100;100;"ALCANÇOU"
"PB";"251150";"Pilar";"X";;;;;"NÃO ALCANÇOU"
"PB";"251160";"Pilões";"X";;;;;"NÃO ALCANÇOU"
"PB";"251170";"Pilõezinhos";"X";;;;;"NÃO ALCANÇOU"
"PB";"251180";"Pirpirituba";"X";;;;;"NÃO ALCANÇOU"
"PB";"251190";"Pitimbu";"X";;;;;"NÃO ALCANÇOU"
"PB";"251200";"Pocinhos";"X";;;;;"NÃO ALCANÇOU"
"PB";"251203";"Poço Dantas";"X";;;;;"NÃO ALCANÇOU"
"PB";"251207";"Poço de José de Moura";"X";;;;;"NÃO ALCANÇOU"
"PB";"251210";"Pombal";"X";;;;;"NÃO ALCANÇOU"
"PB";"251220";"Prata";"X";;;;;"NÃO ALCANÇOU"
"PB";"251230";"Princesa Isabel";"X";;;;;"NÃO ALCANÇOU"
"PB";"251240";"Puxinanã";"X";;;;;"NÃO ALCANÇOU"
"PB";"251250";"Queimadas";"X";;;;;"NÃO ALCANÇOU"
"PB";"251260";"Quixaba";"X";;;;;"NÃO ALCANÇOU"
"PB";"251270";"Remígio";"X";;;;;"NÃO ALCANÇOU"
"PB";"251272";"Pedro Régis";"X";;;;;"NÃO ALCANÇOU"
"PB";"251274";"Riachão";"X";;;;;"NÃO ALCANÇOU"
"PB";"251275";"Riachão do Bacamarte";"X";;;;;"NÃO ALCANÇOU"
"PB";"251276";"Riachão do Poço";"X";;;;;"NÃO ALCANÇOU"
"PB";"251278";"Riacho de Santo Antônio";"X";;;;;"NÃO ALCANÇOU"
"PB";"251280";"Riacho dos Cavalos";"X";;;;;"NÃO ALCANÇOU"
"PB";"251290";"Rio Tinto";"X";;;;;"NÃO ALCANÇOU"
"PB";"251300";"Salgadinho";"X";;;;;"NÃO ALCANÇOU"
"PB";"251310";"Salgado de São Félix";"X";;;;;"NÃO ALCANÇOU"
"PB";"251315";"Santa Cecília";"X";;;;;"NÃO ALCANÇOU"
"PB";"251320";"Santa Cruz";"X";;;;;"NÃO ALCANÇOU"
"PB";"251330";"Santa Helena";"X";;;;;"NÃO ALCANÇOU"
"PB";"251335";"Santa Inês";"X";;;;;"NÃO ALCANÇOU"
"PB";"251340";"Santa Luzia";"X";;;;;"NÃO ALCANÇOU"
"PB";"251350";"Santana de Mangueira";"X";;;;;"NÃO ALCANÇOU"
"PB";"251360";"Santana dos Garrotes";"X";;;;;"NÃO ALCANÇOU"
"PB";"251365";"Joca Claudino";"X";;;;;"NÃO ALCANÇOU"
"PB";"251370";"Santa Rita";"X";;;;;"NÃO ALCANÇOU"
"PB";"251380";"Santa Teresinha";"X";;;;;"NÃO ALCANÇOU"
"PB";"251385";"Santo André";"X";;;;;"NÃO ALCANÇOU"
"PB";"251390";"São Bento";"X";;;;;"NÃO ALCANÇOU"
"PB";"251392";"São Bentinho";"X";;;;;"NÃO ALCANÇOU"
"PB";"251394";"São Domingos do Cariri";"X";;;;;"NÃO ALCANÇOU"
"PB";"251396";"São Domingos";"X";;;;;"NÃO ALCANÇOU"
"PB";"251398";"São Francisco";"X";;;;;"NÃO ALCANÇOU"
"PB";"251400";"São João do Cariri";"X";;;;;"NÃO ALCANÇOU"
"PB";"251410";"São João do Tigre";"X";;;;;"NÃO ALCANÇOU"
"PB";"251420";"São José da Lagoa Tapada";"X";;;;;"NÃO ALCANÇOU"
"PB";"251430";"São José de Caiana";"X";;;;;"NÃO ALCANÇOU"
"PB";"251440";"São José de Espinharas";"X";;;;;"NÃO ALCANÇOU"
"PB";"251445";"São José dos Ramos";"X";;;;;"NÃO ALCANÇOU"
"PB";"251450";"São José de Piranhas";"X";;;;;"NÃO ALCANÇOU"
"PB";"251455";"São José de Princesa";"X";;;;;"NÃO ALCANÇOU"
"PB";"251460";"São José do Bonfim";"X";;;;;"NÃO ALCANÇOU"
"PB";"251465";"São José do Brejo do Cruz";"X";;;;;"NÃO ALCANÇOU"
"PB";"251470";"São José do Sabugi";"X";;;;;"NÃO ALCANÇOU"
"PB";"251480";"São José dos Cordeiros";"X";;;;;"NÃO ALCANÇOU"
"PB";"251490";"São Mamede";"X";;;;;"NÃO ALCANÇOU"
"PB";"251500";"São Miguel de Taipu";"X";;;;;"NÃO ALCANÇOU"
"PB";"251510";"São Sebastião de Lagoa de Roça";"X";;;;;"NÃO ALCANÇOU"
"PB";"251520";"São Sebastião do Umbuzeiro";"X";;;;;"NÃO ALCANÇOU"
"PB";"251530";"Sapé";"X";;;;;"NÃO ALCANÇOU"
"PB";"251540";"São Vicente do Seridó";"X";;;;;"NÃO ALCANÇOU"
"PB";"251550";"Serra Branca";"X";;;;;"NÃO ALCANÇOU"
"PB";"251560";"Serra da Raiz";"X";;;;;"NÃO ALCANÇOU"
"PB";"251570";"Serra Grande";"X";;;;;"NÃO ALCANÇOU"
"PB";"251580";"Serra Redonda";"X";;;;;"NÃO ALCANÇOU"
"PB";"251590";"Serraria";"X";;;;;"NÃO ALCANÇOU"
"PB";"251593";"Sertãozinho";"X";;;;;"NÃO ALCANÇOU"
"PB";"251597";"Sobrado";"X";;;;;"NÃO ALCANÇOU"
"PB";"251600";"Solânea";;1;1;100;100;"ALCANÇOU"
"PB";"251610";"Soledade";"X";;;;;"NÃO ALCANÇOU"
"PB";"251615";"Sossêgo";"X";;;;;"NÃO ALCANÇOU"
"PB";"251620";"Sousa";"X";;;;;"NÃO ALCANÇOU"
"PB";"251630";"Sumé";"X";;;;;"NÃO ALCANÇOU"
"PB";"251640";"Tacima";"X";;;;;"NÃO ALCANÇOU"
"PB";"251650";"Taperoá";"X";;;;;"NÃO ALCANÇOU"
"PB";"251660";"Tavares";;1;1;100;100;"ALCANÇOU"
"PB";"251670";"Teixeira";"X";;;;;"NÃO ALCANÇOU"
"PB";"251675";"Tenório";"X";;;;;"NÃO ALCANÇOU"
"PB";"251680";"Triunfo";"X";;;;;"NÃO ALCANÇOU"
"PB";"251690";"Uiraúna";"X";;;;;"NÃO ALCANÇOU"
"PB";"251700";"Umbuzeiro";"X";;;;;"NÃO ALCANÇOU"
"PB";"251710";"Várzea";"X";;;;;"NÃO ALCANÇOU"
"PB";"251720";"Vieirópolis";"X";;;;;"NÃO ALCANÇOU"
"PB";"251740";"Zabelê";"X";;;;;"NÃO ALCANÇOU"
"PE";"260005";"Abreu e Lima";"X";;;;;"NÃO ALCANÇOU"
"PE";"260010";"Afogados da Ingazeira";"X";;;;;"NÃO ALCANÇOU"
"PE";"260020";"Afrânio";"X";;;;;"NÃO ALCANÇOU"
"PE";"260030";"Agrestina";"X";;;;;"NÃO ALCANÇOU"
"PE";"260040";"Água Preta";"X";;;;;"NÃO ALCANÇOU"
"PE";"260050";"Águas Belas";"X";;;;;"NÃO ALCANÇOU"
"PE";"260060";"Alagoinha";"X";;;;;"NÃO ALCANÇOU"
"PE";"260070";"Aliança";"X";;;;;"NÃO ALCANÇOU"
"PE";"260080";"Altinho";"X";;;;;"NÃO ALCANÇOU"
"PE";"260090";"Amaraji";"X";;;;;"NÃO ALCANÇOU"
"PE";"260100";"Angelim";"X";;;;;"NÃO ALCANÇOU"
"PE";"260105";"Araçoiaba";"X";;;;;"NÃO ALCANÇOU"
"PE";"260110";"Araripina";"X";;;;;"NÃO ALCANÇOU"
"PE";"260120";"Arcoverde";;1;1;100;100;"ALCANÇOU"
"PE";"260130";"Barra de Guabiraba";"X";;;;;"NÃO ALCANÇOU"
"PE";"260140";"Barreiros";"X";;;;;"NÃO ALCANÇOU"
"PE";"260150";"Belém de Maria";"X";;;;;"NÃO ALCANÇOU"
"PE";"260160";"Belém do São Francisco";"X";;;;;"NÃO ALCANÇOU"
"PE";"260170";"Belo Jardim";"X";;;;;"NÃO ALCANÇOU"
"PE";"260180";"Betânia";"X";;;;;"NÃO ALCANÇOU"
"PE";"260190";"Bezerros";"X";;;;;"NÃO ALCANÇOU"
"PE";"260200";"Bodocó";"X";;;;;"NÃO ALCANÇOU"
"PE";"260210";"Bom Conselho";"X";;;;;"NÃO ALCANÇOU"
"PE";"260220";"Bom Jardim";"X";;;;;"NÃO ALCANÇOU"
"PE";"260230";"Bonito";"X";;;;;"NÃO ALCANÇOU"
"PE";"260240";"Brejão";"X";;;;;"NÃO ALCANÇOU"
"PE";"260250";"Brejinho";"X";;;;;"NÃO ALCANÇOU"
"PE";"260260";"Brejo da Madre de Deus";"X";;;;;"NÃO ALCANÇOU"
"PE";"260270";"Buenos Aires";"X";;;;;"NÃO ALCANÇOU"
"PE";"260280";"Buíque";;1;1;100;100;"ALCANÇOU"
"PE";"260290";"Cabo de Santo Agostinho";"X";;;;;"NÃO ALCANÇOU"
"PE";"260300";"Cabrobó";"X";;;;;"NÃO ALCANÇOU"
"PE";"260310";"Cachoeirinha";"X";;;;;"NÃO ALCANÇOU"
"PE";"260320";"Caetés";"X";;;;;"NÃO ALCANÇOU"
"PE";"260330";"Calçado";"X";;;;;"NÃO ALCANÇOU"
"PE";"260340";"Calumbi";"X";;;;;"NÃO ALCANÇOU"
"PE";"260345";"Camaragibe";"X";;;;;"NÃO ALCANÇOU"
"PE";"260350";"Camocim de São Félix";"X";;;;;"NÃO ALCANÇOU"
"PE";"260360";"Camutanga";"X";;;;;"NÃO ALCANÇOU"
"PE";"260370";"Canhotinho";"X";;;;;"NÃO ALCANÇOU"
"PE";"260380";"Capoeiras";"X";;;;;"NÃO ALCANÇOU"
"PE";"260390";"Carnaíba";"X";;;;;"NÃO ALCANÇOU"
"PE";"260392";"Carnaubeira da Penha";"X";;;;;"NÃO ALCANÇOU"
"PE";"260400";"Carpina";"X";;;;;"NÃO ALCANÇOU"
"PE";"260410";"Caruaru";;1;3;33,3;33,3;"NÃO ALCANÇOU"
"PE";"260415";"Casinhas";"X";;;;;"NÃO ALCANÇOU"
"PE";"260420";"Catende";"X";;;;;"NÃO ALCANÇOU"
"PE";"260430";"Cedro";"X";;;;;"NÃO ALCANÇOU"
"PE";"260440";"Chã de Alegria";"X";;;;;"NÃO ALCANÇOU"
"PE";"260450";"Chã Grande";"X";;;;;"NÃO ALCANÇOU"
"PE";"260460";"Condado";"X";;;;;"NÃO ALCANÇOU"
"PE";"260470";"Correntes";"X";;;;;"NÃO ALCANÇOU"
"PE";"260480";"Cortês";"X";;;;;"NÃO ALCANÇOU"
"PE";"260490";"Cumaru";"X";;;;;"NÃO ALCANÇOU"
"PE";"260500";"Cupira";"X";;;;;"NÃO ALCANÇOU"
"PE";"260510";"Custódia";"X";;;;;"NÃO ALCANÇOU"
"PE";"260515";"Dormentes";"X";;;;;"NÃO ALCANÇOU"
"PE";"260520";"Escada";"X";;;;;"NÃO ALCANÇOU"
"PE";"260530";"Exu";"X";;;;;"NÃO ALCANÇOU"
"PE";"260540";"Feira Nova";"X";;;;;"NÃO ALCANÇOU"
"PE";"260550";"Ferreiros";"X";;;;;"NÃO ALCANÇOU"
"PE";"260560";"Flores";"X";;;;;"NÃO ALCANÇOU"
"PE";"260570";"Floresta";"X";;;;;"NÃO ALCANÇOU"
"PE";"260580";"Frei Miguelinho";"X";;;;;"NÃO ALCANÇOU"
"PE";"260590";"Gameleira";"X";;;;;"NÃO ALCANÇOU"
"PE";"260600";"Garanhuns";;1;2;50;50;"NÃO ALCANÇOU"
"PE";"260610";"Glória do Goitá";"X";;;;;"NÃO ALCANÇOU"
"PE";"260620";"Goiana";"X";;;;;"NÃO ALCANÇOU"
"PE";"260630";"Granito";;1;1;100;100;"ALCANÇOU"
"PE";"260640";"Gravatá";"X";;;;;"NÃO ALCANÇOU"
"PE";"260650";"Iati";"X";;;;;"NÃO ALCANÇOU"
"PE";"260660";"Ibimirim";"X";;;;;"NÃO ALCANÇOU"
"PE";"260670";"Ibirajuba";"X";;;;;"NÃO ALCANÇOU"
"PE";"260680";"Igarassu";"X";;;;;"NÃO ALCANÇOU"
"PE";"260690";"Iguaracy";"X";;;;;"NÃO ALCANÇOU"
"PE";"260700";"Inajá";;1;1;100;100;"ALCANÇOU"
"PE";"260710";"Ingazeira";"X";;;;;"NÃO ALCANÇOU"
"PE";"260720";"Ipojuca";;5;5;100;100;"ALCANÇOU"
"PE";"260730";"Ipubi";"X";;;;;"NÃO ALCANÇOU"
"PE";"260740";"Itacuruba";"X";;;;;"NÃO ALCANÇOU"
"PE";"260750";"Itaíba";"X";;;;;"NÃO ALCANÇOU"
"PE";"260760";"Ilha de Itamaracá";"X";;;;;"NÃO ALCANÇOU"
"PE";"260765";"Itambé";"X";;;;;"NÃO ALCANÇOU"
"PE";"260770";"Itapetim";;1;1;100;100;"ALCANÇOU"
"PE";"260775";"Itapissuma";"X";;;;;"NÃO ALCANÇOU"
"PE";"260780";"Itaquitinga";"X";;;;;"NÃO ALCANÇOU"
"PE";"260790";"Jaboatão dos Guararapes";;1;1;100;100;"ALCANÇOU"
"PE";"260795";"Jaqueira";"X";;;;;"NÃO ALCANÇOU"
"PE";"260800";"Jataúba";"X";;;;;"NÃO ALCANÇOU"
"PE";"260805";"Jatobá";"X";;;;;"NÃO ALCANÇOU"
"PE";"260810";"João Alfredo";"X";;;;;"NÃO ALCANÇOU"
"PE";"260820";"Joaquim Nabuco";"X";;;;;"NÃO ALCANÇOU"
"PE";"260825";"Jucati";"X";;;;;"NÃO ALCANÇOU"
"PE";"260830";"Jupi";"X";;;;;"NÃO ALCANÇOU"
"PE";"260840";"Jurema";"X";;;;;"NÃO ALCANÇOU"
"PE";"260845";"Lagoa do Carro";"X";;;;;"NÃO ALCANÇOU"
"PE";"260850";"Lagoa de Itaenga";"X";;;;;"NÃO ALCANÇOU"
"PE";"260860";"Lagoa do Ouro";"X";;;;;"NÃO ALCANÇOU"
"PE";"260870";"Lagoa dos Gatos";"X";;;;;"NÃO ALCANÇOU"
"PE";"260875";"Lagoa Grande";"X";;;;;"NÃO ALCANÇOU"
"PE";"260880";"Lajedo";"X";;;;;"NÃO ALCANÇOU"
"PE";"260890";"Limoeiro";;1;1;100;100;"ALCANÇOU"
"PE";"260900";"Macaparana";"X";;;;;"NÃO ALCANÇOU"
"PE";"260910";"Machados";"X";;;;;"NÃO ALCANÇOU"
"PE";"260915";"Manari";"X";;;;;"NÃO ALCANÇOU"
"PE";"260920";"Maraial";"X";;;;;"NÃO ALCANÇOU"
"PE";"260930";"Mirandiba";"X";;;;;"NÃO ALCANÇOU"
"PE";"260940";"Moreno";"X";;;;;"NÃO ALCANÇOU"
"PE";"260950";"Nazaré da Mata";"X";;;;;"NÃO ALCANÇOU"
"PE";"260960";"Olinda";;1;2;50;50;"NÃO ALCANÇOU"
"PE";"260970";"Orobó";"X";;;;;"NÃO ALCANÇOU"
"PE";"260980";"Orocó";"X";;;;;"NÃO ALCANÇOU"
"PE";"260990";"Ouricuri";;2;2;100;100;"ALCANÇOU"
"PE";"261000";"Palmares";"X";;;;;"NÃO ALCANÇOU"
"PE";"261010";"Palmeirina";"X";;;;;"NÃO ALCANÇOU"
"PE";"261020";"Panelas";"X";;;;;"NÃO ALCANÇOU"
"PE";"261030";"Paranatama";"X";;;;;"NÃO ALCANÇOU"
"PE";"261040";"Parnamirim";"X";;;;;"NÃO ALCANÇOU"
"PE";"261050";"Passira";"X";;;;;"NÃO ALCANÇOU"
"PE";"261060";"Paudalho";;1;1;100;100;"ALCANÇOU"
"PE";"261070";"Paulista";"X";;;;;"NÃO ALCANÇOU"
"PE";"261080";"Pedra";"X";;;;;"NÃO ALCANÇOU"
"PE";"261090";"Pesqueira";"X";;;;;"NÃO ALCANÇOU"
"PE";"261100";"Petrolândia";"X";;;;;"NÃO ALCANÇOU"
"PE";"261110";"Petrolina";;1;2;50;50;"NÃO ALCANÇOU"
"PE";"261120";"Poção";"X";;;;;"NÃO ALCANÇOU"
"PE";"261130";"Pombos";"X";;;;;"NÃO ALCANÇOU"
"PE";"261140";"Primavera";"X";;;;;"NÃO ALCANÇOU"
"PE";"261150";"Quipapá";"X";;;;;"NÃO ALCANÇOU"
"PE";"261153";"Quixaba";"X";;;;;"NÃO ALCANÇOU"
"PE";"261160";"Recife";;98;119;82,4;82,4;"ALCANÇOU"
"PE";"261170";"Riacho das Almas";"X";;;;;"NÃO ALCANÇOU"
"PE";"261180";"Ribeirão";"X";;;;;"NÃO ALCANÇOU"
"PE";"261190";"Rio Formoso";"X";;;;;"NÃO ALCANÇOU"
"PE";"261200";"Sairé";"X";;;;;"NÃO ALCANÇOU"
"PE";"261210";"Salgadinho";"X";;;;;"NÃO ALCANÇOU"
"PE";"261220";"Salgueiro";"X";;;;;"NÃO ALCANÇOU"
"PE";"261230";"Saloá";"X";;;;;"NÃO ALCANÇOU"
"PE";"261240";"Sanharó";"X";;;;;"NÃO ALCANÇOU"
"PE";"261245";"Santa Cruz";"X";;;;;"NÃO ALCANÇOU"
"PE";"261247";"Santa Cruz da Baixa Verde";"X";;;;;"NÃO ALCANÇOU"
"PE";"261250";"Santa Cruz do Capibaribe";"X";;;;;"NÃO ALCANÇOU"
"PE";"261255";"Santa Filomena";"X";;;;;"NÃO ALCANÇOU"
"PE";"261260";"Santa Maria da Boa Vista";;1;1;100;100;"ALCANÇOU"
"PE";"261270";"Santa Maria do Cambucá";"X";;;;;"NÃO ALCANÇOU"
"PE";"261280";"Santa Terezinha";"X";;;;;"NÃO ALCANÇOU"
"PE";"261290";"São Benedito do Sul";"X";;;;;"NÃO ALCANÇOU"
"PE";"261300";"São Bento do Una";;1;1;100;100;"ALCANÇOU"
"PE";"261310";"São Caitano";"X";;;;;"NÃO ALCANÇOU"
"PE";"261320";"São João";"X";;;;;"NÃO ALCANÇOU"
"PE";"261330";"São Joaquim do Monte";"X";;;;;"NÃO ALCANÇOU"
"PE";"261340";"São José da Coroa Grande";"X";;;;;"NÃO ALCANÇOU"
"PE";"261350";"São José do Belmonte";"X";;;;;"NÃO ALCANÇOU"
"PE";"261360";"São José do Egito";"X";;;;;"NÃO ALCANÇOU"
"PE";"261370";"São Lourenço da Mata";"X";;;;;"NÃO ALCANÇOU"
"PE";"261380";"São Vicente Férrer";"X";;;;;"NÃO ALCANÇOU"
"PE";"261390";"Serra Talhada";;4;4;100;100;"ALCANÇOU"
"PE";"261400";"Serrita";"X";;;;;"NÃO ALCANÇOU"
"PE";"261410";"Sertânia";"X";;;;;"NÃO ALCANÇOU"
"PE";"261420";"Sirinhaém";"X";;;;;"NÃO ALCANÇOU"
"PE";"261430";"Moreilândia";"X";;;;;"NÃO ALCANÇOU"
"PE";"261440";"Solidão";"X";;;;;"NÃO ALCANÇOU"
"PE";"261450";"Surubim";"X";;;;;"NÃO ALCANÇOU"
"PE";"261460";"Tabira";"X";;;;;"NÃO ALCANÇOU"
"PE";"261470";"Tacaimbó";"X";;;;;"NÃO ALCANÇOU"
"PE";"261480";"Tacaratu";"X";;;;;"NÃO ALCANÇOU"
"PE";"261485";"Tamandaré";"X";;;;;"NÃO ALCANÇOU"
"PE";"261500";"Taquaritinga do Norte";"X";;;;;"NÃO ALCANÇOU"
"PE";"261510";"Terezinha";"X";;;;;"NÃO ALCANÇOU"
"PE";"261520";"Terra Nova";"X";;;;;"NÃO ALCANÇOU"
"PE";"261530";"Timbaúba";"X";;;;;"NÃO ALCANÇOU"
"PE";"261540";"Toritama";"X";;;;;"NÃO ALCANÇOU"
"PE";"261550";"Tracunhaém";"X";;;;;"NÃO ALCANÇOU"
"PE";"261560";"Trindade";"X";;;;;"NÃO ALCANÇOU"
"PE";"261570";"Triunfo";"X";;;;;"NÃO ALCANÇOU"
"PE";"261580";"Tupanatinga";"X";;;;;"NÃO ALCANÇOU"
"PE";"261590";"Tuparetama";"X";;;;;"NÃO ALCANÇOU"
"PE";"261600";"Venturosa";"X";;;;;"NÃO ALCANÇOU"
"PE";"261610";"Verdejante";"X";;;;;"NÃO ALCANÇOU"
"PE";"261618";"Vertente do Lério";"X";;;;;"NÃO ALCANÇOU"
"PE";"261620";"Vertentes";"X";;;;;"NÃO ALCANÇOU"
"PE";"261630";"Vicência";"X";;;;;"NÃO ALCANÇOU"
"PE";"261640";"Vitória de Santo Antão";;2;2;100;100;"ALCANÇOU"
"PE";"261650";"Xexéu";"X";;;;;"NÃO ALCANÇOU"
"PI";"220005";"Acauã";"X";;;;;"NÃO ALCANÇOU"
"PI";"220010";"Agricolândia";"X";;;;;"NÃO ALCANÇOU"
"PI";"220020";"Água Branca";"X";;;;;"NÃO ALCANÇOU"
"PI";"220025";"Alagoinha do Piauí";"X";;;;;"NÃO ALCANÇOU"
"PI";"220027";"Alegrete do Piauí";"X";;;;;"NÃO ALCANÇOU"
"PI";"220030";"Alto Longá";"X";;;;;"NÃO ALCANÇOU"
"PI";"220040";"Altos";"X";;;;;"NÃO ALCANÇOU"
"PI";"220045";"Alvorada do Gurguéia";"X";;;;;"NÃO ALCANÇOU"
"PI";"220050";"Amarante";"X";;;;;"NÃO ALCANÇOU"
"PI";"220060";"Angical do Piauí";"X";;;;;"NÃO ALCANÇOU"
"PI";"220070";"Anísio de Abreu";"X";;;;;"NÃO ALCANÇOU"
"PI";"220080";"Antônio Almeida";"X";;;;;"NÃO ALCANÇOU"
"PI";"220090";"Aroazes";"X";;;;;"NÃO ALCANÇOU"
"PI";"220095";"Aroeiras do Itaim";"X";;;;;"NÃO ALCANÇOU"
"PI";"220100";"Arraial";"X";;;;;"NÃO ALCANÇOU"
"PI";"220105";"Assunção do Piauí";"X";;;;;"NÃO ALCANÇOU"
"PI";"220110";"Avelino Lopes";"X";;;;;"NÃO ALCANÇOU"
"PI";"220115";"Baixa Grande do Ribeiro";"X";;;;;"NÃO ALCANÇOU"
"PI";"220117";"Barra D'Alcântara";"X";;;;;"NÃO ALCANÇOU"
"PI";"220120";"Barras";;2;2;100;100;"ALCANÇOU"
"PI";"220130";"Barreiras do Piauí";"X";;;;;"NÃO ALCANÇOU"
"PI";"220140";"Barro Duro";"X";;;;;"NÃO ALCANÇOU"
"PI";"220150";"Batalha";"X";;;;;"NÃO ALCANÇOU"
"PI";"220155";"Bela Vista do Piauí";"X";;;;;"NÃO ALCANÇOU"
"PI";"220157";"Belém do Piauí";"X";;;;;"NÃO ALCANÇOU"
"PI";"220160";"Beneditinos";"X";;;;;"NÃO ALCANÇOU"
"PI";"220170";"Bertolínia";"X";;;;;"NÃO ALCANÇOU"
"PI";"220173";"Betânia do Piauí";"X";;;;;"NÃO ALCANÇOU"
"PI";"220177";"Boa Hora";"X";;;;;"NÃO ALCANÇOU"
"PI";"220180";"Bocaina";"X";;;;;"NÃO ALCANÇOU"
"PI";"220190";"Bom Jesus";"X";;;;;"NÃO ALCANÇOU"
"PI";"220191";"Bom Princípio do Piauí";"X";;;;;"NÃO ALCANÇOU"
"PI";"220192";"Bonfim do Piauí";"X";;;;;"NÃO ALCANÇOU"
"PI";"220194";"Boqueirão do Piauí";"X";;;;;"NÃO ALCANÇOU"
"PI";"220196";"Brasileira";"X";;;;;"NÃO ALCANÇOU"
"PI";"220198";"Brejo do Piauí";"X";;;;;"NÃO ALCANÇOU"
"PI";"220200";"Buriti dos Lopes";"X";;;;;"NÃO ALCANÇOU"
"PI";"220202";"Buriti dos Montes";"X";;;;;"NÃO ALCANÇOU"
"PI";"220205";"Cabeceiras do Piauí";"X";;;;;"NÃO ALCANÇOU"
"PI";"220207";"Cajazeiras do Piauí";"X";;;;;"NÃO ALCANÇOU"
"PI";"220208";"Cajueiro da Praia";"X";;;;;"NÃO ALCANÇOU"
"PI";"220209";"Caldeirão Grande do Piauí";"X";;;;;"NÃO ALCANÇOU"
"PI";"220210";"Campinas do Piauí";"X";;;;;"NÃO ALCANÇOU"
"PI";"220211";"Campo Alegre do Fidalgo";"X";;;;;"NÃO ALCANÇOU"
"PI";"220213";"Campo Grande do Piauí";"X";;;;;"NÃO ALCANÇOU"
"PI";"220217";"Campo Largo do Piauí";"X";;;;;"NÃO ALCANÇOU"
"PI";"220220";"Campo Maior";"X";;;;;"NÃO ALCANÇOU"
"PI";"220225";"Canavieira";"X";;;;;"NÃO ALCANÇOU"
"PI";"220230";"Canto do Buriti";"X";;;;;"NÃO ALCANÇOU"
"PI";"220240";"Capitão de Campos";"X";;;;;"NÃO ALCANÇOU"
"PI";"220245";"Capitão Gervásio Oliveira";"X";;;;;"NÃO ALCANÇOU"
"PI";"220250";"Caracol";"X";;;;;"NÃO ALCANÇOU"
"PI";"220253";"Caraúbas do Piauí";"X";;;;;"NÃO ALCANÇOU"
"PI";"220255";"Caridade do Piauí";"X";;;;;"NÃO ALCANÇOU"
"PI";"220260";"Castelo do Piauí";"X";;;;;"NÃO ALCANÇOU"
"PI";"220265";"Caxingó";"X";;;;;"NÃO ALCANÇOU"
"PI";"220270";"Cocal";"X";;;;;"NÃO ALCANÇOU"
"PI";"220271";"Cocal de Telha";"X";;;;;"NÃO ALCANÇOU"
"PI";"220272";"Cocal dos Alves";;1;1;100;100;"ALCANÇOU"
"PI";"220273";"Coivaras";"X";;;;;"NÃO ALCANÇOU"
"PI";"220275";"Colônia do Gurguéia";"X";;;;;"NÃO ALCANÇOU"
"PI";"220277";"Colônia do Piauí";"X";;;;;"NÃO ALCANÇOU"
"PI";"220280";"Conceição do Canindé";"X";;;;;"NÃO ALCANÇOU"
"PI";"220285";"Coronel José Dias";"X";;;;;"NÃO ALCANÇOU"
"PI";"220290";"Corrente";"X";;;;;"NÃO ALCANÇOU"
"PI";"220300";"Cristalândia do Piauí";"X";;;;;"NÃO ALCANÇOU"
"PI";"220310";"Cristino Castro";"X";;;;;"NÃO ALCANÇOU"
"PI";"220320";"Curimatá";"X";;;;;"NÃO ALCANÇOU"
"PI";"220323";"Currais";"X";;;;;"NÃO ALCANÇOU"
"PI";"220325";"Curralinhos";"X";;;;;"NÃO ALCANÇOU"
"PI";"220327";"Curral Novo do Piauí";"X";;;;;"NÃO ALCANÇOU"
"PI";"220330";"Demerval Lobão";"X";;;;;"NÃO ALCANÇOU"
"PI";"220335";"Dirceu Arcoverde";"X";;;;;"NÃO ALCANÇOU"
"PI";"220340";"Dom Expedito Lopes";"X";;;;;"NÃO ALCANÇOU"
"PI";"220342";"Domingos Mourão";"X";;;;;"NÃO ALCANÇOU"
"PI";"220345";"Dom Inocêncio";"X";;;;;"NÃO ALCANÇOU"
"PI";"220350";"Elesbão Veloso";"X";;;;;"NÃO ALCANÇOU"
"PI";"220360";"Eliseu Martins";"X";;;;;"NÃO ALCANÇOU"
"PI";"220370";"Esperantina";;1;1;100;100;"ALCANÇOU"
"PI";"220375";"Fartura do Piauí";"X";;;;;"NÃO ALCANÇOU"
"PI";"220380";"Flores do Piauí";"X";;;;;"NÃO ALCANÇOU"
"PI";"220385";"Floresta do Piauí";"X";;;;;"NÃO ALCANÇOU"
"PI";"220390";"Floriano";"X";;;;;"NÃO ALCANÇOU"
"PI";"220400";"Francinópolis";"X";;;;;"NÃO ALCANÇOU"
"PI";"220410";"Francisco Ayres";"X";;;;;"NÃO ALCANÇOU"
"PI";"220415";"Francisco Macedo";"X";;;;;"NÃO ALCANÇOU"
"PI";"220420";"Francisco Santos";"X";;;;;"NÃO ALCANÇOU"
"PI";"220430";"Fronteiras";"X";;;;;"NÃO ALCANÇOU"
"PI";"220435";"Geminiano";"X";;;;;"NÃO ALCANÇOU"
"PI";"220440";"Gilbués";"X";;;;;"NÃO ALCANÇOU"
"PI";"220450";"Guadalupe";"X";;;;;"NÃO ALCANÇOU"
"PI";"220455";"Guaribas";"X";;;;;"NÃO ALCANÇOU"
"PI";"220460";"Hugo Napoleão";"X";;;;;"NÃO ALCANÇOU"
"PI";"220465";"Ilha Grande";"X";;;;;"NÃO ALCANÇOU"
"PI";"220470";"Inhuma";;2;2;100;100;"ALCANÇOU"
"PI";"220480";"Ipiranga do Piauí";"X";;;;;"NÃO ALCANÇOU"
"PI";"220490";"Isaías Coelho";"X";;;;;"NÃO ALCANÇOU"
"PI";"220500";"Itainópolis";"X";;;;;"NÃO ALCANÇOU"
"PI";"220510";"Itaueira";"X";;;;;"NÃO ALCANÇOU"
"PI";"220515";"Jacobina do Piauí";"X";;;;;"NÃO ALCANÇOU"
"PI";"220520";"Jaicós";"X";;;;;"NÃO ALCANÇOU"
"PI";"220525";"Jardim do Mulato";"X";;;;;"NÃO ALCANÇOU"
"PI";"220527";"Jatobá do Piauí";"X";;;;;"NÃO ALCANÇOU"
"PI";"220530";"Jerumenha";"X";;;;;"NÃO ALCANÇOU"
"PI";"220535";"João Costa";"X";;;;;"NÃO ALCANÇOU"
"PI";"220540";"Joaquim Pires";"X";;;;;"NÃO ALCANÇOU"
"PI";"220545";"Joca Marques";"X";;;;;"NÃO ALCANÇOU"
"PI";"220550";"José de Freitas";"X";;;;;"NÃO ALCANÇOU"
"PI";"220551";"Juazeiro do Piauí";"X";;;;;"NÃO ALCANÇOU"
"PI";"220552";"Júlio Borges";"X";;;;;"NÃO ALCANÇOU"
"PI";"220553";"Jurema";"X";;;;;"NÃO ALCANÇOU"
"PI";"220554";"Lagoinha do Piauí";"X";;;;;"NÃO ALCANÇOU"
"PI";"220555";"Lagoa Alegre";"X";;;;;"NÃO ALCANÇOU"
"PI";"220556";"Lagoa do Barro do Piauí";"X";;;;;"NÃO ALCANÇOU"
"PI";"220557";"Lagoa de São Francisco";"X";;;;;"NÃO ALCANÇOU"
"PI";"220558";"Lagoa do Piauí";"X";;;;;"NÃO ALCANÇOU"
"PI";"220559";"Lagoa do Sítio";"X";;;;;"NÃO ALCANÇOU"
"PI";"220560";"Landri Sales";"X";;;;;"NÃO ALCANÇOU"
"PI";"220570";"Luís Correia";"X";;;;;"NÃO ALCANÇOU"
"PI";"220580";"Luzilândia";"X";;;;;"NÃO ALCANÇOU"
"PI";"220585";"Madeiro";"X";;;;;"NÃO ALCANÇOU"
"PI";"220590";"Manoel Emídio";"X";;;;;"NÃO ALCANÇOU"
"PI";"220595";"Marcolândia";"X";;;;;"NÃO ALCANÇOU"
"PI";"220600";"Marcos Parente";"X";;;;;"NÃO ALCANÇOU"
"PI";"220605";"Massapê do Piauí";"X";;;;;"NÃO ALCANÇOU"
"PI";"220610";"Matias Olímpio";"X";;;;;"NÃO ALCANÇOU"
"PI";"220620";"Miguel Alves";;1;1;100;100;"ALCANÇOU"
"PI";"220630";"Miguel Leão";"X";;;;;"NÃO ALCANÇOU"
"PI";"220635";"Milton Brandão";"X";;;;;"NÃO ALCANÇOU"
"PI";"220640";"Monsenhor Gil";"X";;;;;"NÃO ALCANÇOU"
"PI";"220650";"Monsenhor Hipólito";"X";;;;;"NÃO ALCANÇOU"
"PI";"220660";"Monte Alegre do Piauí";"X";;;;;"NÃO ALCANÇOU"
"PI";"220665";"Morro Cabeça no Tempo";"X";;;;;"NÃO ALCANÇOU"
"PI";"220667";"Morro do Chapéu do Piauí";"X";;;;;"NÃO ALCANÇOU"
"PI";"220669";"Murici dos Portelas";"X";;;;;"NÃO ALCANÇOU"
"PI";"220670";"Nazaré do Piauí";;2;2;100;100;"ALCANÇOU"
"PI";"220672";"Nazária";"X";;;;;"NÃO ALCANÇOU"
"PI";"220675";"Nossa Senhora de Nazaré";"X";;;;;"NÃO ALCANÇOU"
"PI";"220680";"Nossa Senhora dos Remédios";"X";;;;;"NÃO ALCANÇOU"
"PI";"220690";"Novo Oriente do Piauí";"X";;;;;"NÃO ALCANÇOU"
"PI";"220695";"Novo Santo Antônio";"X";;;;;"NÃO ALCANÇOU"
"PI";"220700";"Oeiras";"X";;;;;"NÃO ALCANÇOU"
"PI";"220710";"Olho D'Água do Piauí";"X";;;;;"NÃO ALCANÇOU"
"PI";"220720";"Padre Marcos";"X";;;;;"NÃO ALCANÇOU"
"PI";"220730";"Paes Landim";"X";;;;;"NÃO ALCANÇOU"
"PI";"220735";"Pajeú do Piauí";"X";;;;;"NÃO ALCANÇOU"
"PI";"220740";"Palmeira do Piauí";"X";;;;;"NÃO ALCANÇOU"
"PI";"220750";"Palmeirais";"X";;;;;"NÃO ALCANÇOU"
"PI";"220755";"Paquetá";"X";;;;;"NÃO ALCANÇOU"
"PI";"220760";"Parnaguá";"X";;;;;"NÃO ALCANÇOU"
"PI";"220770";"Parnaíba";;2;2;100;100;"ALCANÇOU"
"PI";"220775";"Passagem Franca do Piauí";"X";;;;;"NÃO ALCANÇOU"
"PI";"220777";"Patos do Piauí";"X";;;;;"NÃO ALCANÇOU"
"PI";"220779";"Pau D'Arco do Piauí";"X";;;;;"NÃO ALCANÇOU"
"PI";"220780";"Paulistana";"X";;;;;"NÃO ALCANÇOU"
"PI";"220785";"Pavussu";"X";;;;;"NÃO ALCANÇOU"
"PI";"220790";"Pedro II";"X";;;;;"NÃO ALCANÇOU"
"PI";"220793";"Pedro Laurentino";"X";;;;;"NÃO ALCANÇOU"
"PI";"220795";"Nova Santa Rita";"X";;;;;"NÃO ALCANÇOU"
"PI";"220800";"Picos";;1;1;100;100;"ALCANÇOU"
"PI";"220810";"Pimenteiras";"X";;;;;"NÃO ALCANÇOU"
"PI";"220820";"Pio IX";"X";;;;;"NÃO ALCANÇOU"
"PI";"220830";"Piracuruca";"X";;;;;"NÃO ALCANÇOU"
"PI";"220840";"Piripiri";;1;1;100;100;"ALCANÇOU"
"PI";"220850";"Porto";"X";;;;;"NÃO ALCANÇOU"
"PI";"220855";"Porto Alegre do Piauí";"X";;;;;"NÃO ALCANÇOU"
"PI";"220860";"Prata do Piauí";"X";;;;;"NÃO ALCANÇOU"
"PI";"220865";"Queimada Nova";"X";;;;;"NÃO ALCANÇOU"
"PI";"220870";"Redenção do Gurguéia";"X";;;;;"NÃO ALCANÇOU"
"PI";"220880";"Regeneração";"X";;;;;"NÃO ALCANÇOU"
"PI";"220885";"Riacho Frio";"X";;;;;"NÃO ALCANÇOU"
"PI";"220887";"Ribeira do Piauí";"X";;;;;"NÃO ALCANÇOU"
"PI";"220890";"Ribeiro Gonçalves";"X";;;;;"NÃO ALCANÇOU"
"PI";"220900";"Rio Grande do Piauí";"X";;;;;"NÃO ALCANÇOU"
"PI";"220910";"Santa Cruz do Piauí";"X";;;;;"NÃO ALCANÇOU"
"PI";"220915";"Santa Cruz dos Milagres";"X";;;;;"NÃO ALCANÇOU"
"PI";"220920";"Santa Filomena";"X";;;;;"NÃO ALCANÇOU"
"PI";"220930";"Santa Luz";"X";;;;;"NÃO ALCANÇOU"
"PI";"220935";"Santana do Piauí";"X";;;;;"NÃO ALCANÇOU"
"PI";"220937";"Santa Rosa do Piauí";"X";;;;;"NÃO ALCANÇOU"
"PI";"220940";"Santo Antônio de Lisboa";"X";;;;;"NÃO ALCANÇOU"
"PI";"220945";"Santo Antônio dos Milagres";"X";;;;;"NÃO ALCANÇOU"
"PI";"220950";"Santo Inácio do Piauí";"X";;;;;"NÃO ALCANÇOU"
"PI";"220955";"São Braz do Piauí";"X";;;;;"NÃO ALCANÇOU"
"PI";"220960";"São Félix do Piauí";"X";;;;;"NÃO ALCANÇOU"
"PI";"220965";"São Francisco de Assis do Piauí";"X";;;;;"NÃO ALCANÇOU"
"PI";"220970";"São Francisco do Piauí";"X";;;;;"NÃO ALCANÇOU"
"PI";"220975";"São Gonçalo do Gurguéia";"X";;;;;"NÃO ALCANÇOU"
"PI";"220980";"São Gonçalo do Piauí";"X";;;;;"NÃO ALCANÇOU"
"PI";"220985";"São João da Canabrava";"X";;;;;"NÃO ALCANÇOU"
"PI";"220987";"São João da Fronteira";"X";;;;;"NÃO ALCANÇOU"
"PI";"220990";"São João da Serra";"X";;;;;"NÃO ALCANÇOU"
"PI";"220995";"São João da Varjota";"X";;;;;"NÃO ALCANÇOU"
"PI";"220997";"São João do Arraial";"X";;;;;"NÃO ALCANÇOU"
"PI";"221000";"São João do Piauí";"X";;;;;"NÃO ALCANÇOU"
"PI";"221005";"São José do Divino";"X";;;;;"NÃO ALCANÇOU"
"PI";"221010";"São José do Peixe";"X";;;;;"NÃO ALCANÇOU"
"PI";"221020";"São José do Piauí";"X";;;;;"NÃO ALCANÇOU"
"PI";"221030";"São Julião";"X";;;;;"NÃO ALCANÇOU"
"PI";"221035";"São Lourenço do Piauí";"X";;;;;"NÃO ALCANÇOU"
"PI";"221037";"São Luis do Piauí";"X";;;;;"NÃO ALCANÇOU"
"PI";"221038";"São Miguel da Baixa Grande";"X";;;;;"NÃO ALCANÇOU"
"PI";"221039";"São Miguel do Fidalgo";"X";;;;;"NÃO ALCANÇOU"
"PI";"221040";"São Miguel do Tapuio";"X";;;;;"NÃO ALCANÇOU"
"PI";"221050";"São Pedro do Piauí";"X";;;;;"NÃO ALCANÇOU"
"PI";"221060";"São Raimundo Nonato";"X";;;;;"NÃO ALCANÇOU"
"PI";"221062";"Sebastião Barros";"X";;;;;"NÃO ALCANÇOU"
"PI";"221063";"Sebastião Leal";"X";;;;;"NÃO ALCANÇOU"
"PI";"221065";"Sigefredo Pacheco";"X";;;;;"NÃO ALCANÇOU"
"PI";"221070";"Simões";"X";;;;;"NÃO ALCANÇOU"
"PI";"221080";"Simplício Mendes";"X";;;;;"NÃO ALCANÇOU"
"PI";"221090";"Socorro do Piauí";"X";;;;;"NÃO ALCANÇOU"
"PI";"221093";"Sussuapara";"X";;;;;"NÃO ALCANÇOU"
"PI";"221095";"Tamboril do Piauí";"X";;;;;"NÃO ALCANÇOU"
"PI";"221097";"Tanque do Piauí";"X";;;;;"NÃO ALCANÇOU"
"PI";"221100";"Teresina";;20;23;87;87;"ALCANÇOU"
"PI";"221110";"União";"X";;;;;"NÃO ALCANÇOU"
"PI";"221120";"Uruçuí";"X";;;;;"NÃO ALCANÇOU"
"PI";"221130";"Valença do Piauí";"X";;;;;"NÃO ALCANÇOU"
"PI";"221135";"Várzea Branca";"X";;;;;"NÃO ALCANÇOU"
"PI";"221140";"Várzea Grande";"X";;;;;"NÃO ALCANÇOU"
"PI";"221150";"Vera Mendes";"X";;;;;"NÃO ALCANÇOU"
"PI";"221160";"Vila Nova do Piauí";"X";;;;;"NÃO ALCANÇOU"
"PI";"221170";"Wall Ferraz";"X";;;;;"NÃO ALCANÇOU"
"PR";"410010";"Abatiá";"X";;;;;"NÃO ALCANÇOU"
"PR";"410020";"Adrianópolis";"X";;;;;"NÃO ALCANÇOU"
"PR";"410030";"Agudos do Sul";"X";;;;;"NÃO ALCANÇOU"
"PR";"410040";"Almirante Tamandaré";"X";;;;;"NÃO ALCANÇOU"
"PR";"410045";"Altamira do Paraná";;1;1;100;100;"ALCANÇOU"
"PR";"410050";"Altônia";;1;1;100;100;"ALCANÇOU"
"PR";"410060";"Alto Paraná";;1;1;100;100;"ALCANÇOU"
"PR";"410070";"Alto Piquiri";"X";;;;;"NÃO ALCANÇOU"
"PR";"410080";"Alvorada do Sul";;3;3;100;100;"ALCANÇOU"
"PR";"410090";"Amaporã";"X";;;;;"NÃO ALCANÇOU"
"PR";"410100";"Ampére";"X";;;;;"NÃO ALCANÇOU"
"PR";"410105";"Anahy";"X";;;;;"NÃO ALCANÇOU"
"PR";"410110";"Andirá";"X";;;;;"NÃO ALCANÇOU"
"PR";"410115";"Ângulo";"X";;;;;"NÃO ALCANÇOU"
"PR";"410120";"Antonina";"X";;;;;"NÃO ALCANÇOU"
"PR";"410130";"Antônio Olinto";"X";;;;;"NÃO ALCANÇOU"
"PR";"410140";"Apucarana";;9;14;64,3;64,3;"NÃO ALCANÇOU"
"PR";"410150";"Arapongas";;7;8;87,5;87,5;"ALCANÇOU"
"PR";"410160";"Arapoti";;1;1;100;100;"ALCANÇOU"
"PR";"410165";"Arapuã";"X";;;;;"NÃO ALCANÇOU"
"PR";"410170";"Araruna";"X";;;;;"NÃO ALCANÇOU"
"PR";"410180";"Araucária";"X";;;;;"NÃO ALCANÇOU"
"PR";"410185";"Ariranha do Ivaí";"X";;;;;"NÃO ALCANÇOU"
"PR";"410190";"Assaí";;2;2;100;100;"ALCANÇOU"
"PR";"410200";"Assis Chateaubriand";;4;4;100;100;"ALCANÇOU"
"PR";"410210";"Astorga";"X";;;;;"NÃO ALCANÇOU"
"PR";"410220";"Atalaia";"X";;;;;"NÃO ALCANÇOU"
"PR";"410230";"Balsa Nova";"X";;;;;"NÃO ALCANÇOU"
"PR";"410240";"Bandeirantes";;3;3;100;100;"ALCANÇOU"
"PR";"410250";"Barbosa Ferraz";;1;1;100;100;"ALCANÇOU"
"PR";"410260";"Barracão";"X";;;;;"NÃO ALCANÇOU"
"PR";"410270";"Barra do Jacaré";"X";;;;;"NÃO ALCANÇOU"
"PR";"410275";"Bela Vista da Caroba";"X";;;;;"NÃO ALCANÇOU"
"PR";"410280";"Bela Vista do Paraíso";"X";;;;;"NÃO ALCANÇOU"
"PR";"410290";"Bituruna";"X";;;;;"NÃO ALCANÇOU"
"PR";"410300";"Boa Esperança";"X";;;;;"NÃO ALCANÇOU"
"PR";"410302";"Boa Esperança do Iguaçu";"X";;;;;"NÃO ALCANÇOU"
"PR";"410304";"Boa Ventura de São Roque";"X";;;;;"NÃO ALCANÇOU"
"PR";"410305";"Boa Vista da Aparecida";;3;3;100;100;"ALCANÇOU"
"PR";"410310";"Bocaiúva do Sul";"X";;;;;"NÃO ALCANÇOU"
"PR";"410315";"Bom Jesus do Sul";"X";;;;;"NÃO ALCANÇOU"
"PR";"410320";"Bom Sucesso";"X";;;;;"NÃO ALCANÇOU"
"PR";"410322";"Bom Sucesso do Sul";"X";;;;;"NÃO ALCANÇOU"
"PR";"410330";"Borrazópolis";;2;2;100;100;"ALCANÇOU"
"PR";"410335";"Braganey";"X";;;;;"NÃO ALCANÇOU"
"PR";"410337";"Brasilândia do Sul";"X";;;;;"NÃO ALCANÇOU"
"PR";"410340";"Cafeara";"X";;;;;"NÃO ALCANÇOU"
"PR";"410345";"Cafelândia";;3;4;75;75;"ALCANÇOU"
"PR";"410347";"Cafezal do Sul";;1;1;100;100;"ALCANÇOU"
"PR";"410350";"Califórnia";"X";;;;;"NÃO ALCANÇOU"
"PR";"410360";"Cambará";;4;4;100;100;"ALCANÇOU"
"PR";"410370";"Cambé";;6;9;66,7;66,7;"NÃO ALCANÇOU"
"PR";"410380";"Cambira";"X";;;;;"NÃO ALCANÇOU"
"PR";"410390";"Campina da Lagoa";;1;1;100;100;"ALCANÇOU"
"PR";"410395";"Campina do Simão";"X";;;;;"NÃO ALCANÇOU"
"PR";"410400";"Campina Grande do Sul";;1;1;100;100;"ALCANÇOU"
"PR";"410405";"Campo Bonito";"X";;;;;"NÃO ALCANÇOU"
"PR";"410410";"Campo do Tenente";"X";;;;;"NÃO ALCANÇOU"
"PR";"410420";"Campo Largo";"X";;;;;"NÃO ALCANÇOU"
"PR";"410425";"Campo Magro";;2;2;100;100;"ALCANÇOU"
"PR";"410430";"Campo Mourão";;2;2;100;100;"ALCANÇOU"
"PR";"410440";"Cândido de Abreu";;1;1;100;100;"ALCANÇOU"
"PR";"410442";"Candói";"X";;;;;"NÃO ALCANÇOU"
"PR";"410445";"Cantagalo";"X";;;;;"NÃO ALCANÇOU"
"PR";"410450";"Capanema";"X";;;;;"NÃO ALCANÇOU"
"PR";"410460";"Capitão Leônidas Marques";"X";;;;;"NÃO ALCANÇOU"
"PR";"410465";"Carambeí";"X";;;;;"NÃO ALCANÇOU"
"PR";"410470";"Carlópolis";;3;3;100;100;"ALCANÇOU"
"PR";"410480";"Cascavel";;28;35;80;80;"ALCANÇOU"
"PR";"410490";"Castro";;2;2;100;100;"ALCANÇOU"
"PR";"410500";"Catanduvas";"X";;;;;"NÃO ALCANÇOU"
"PR";"410510";"Centenário do Sul";"X";;;;;"NÃO ALCANÇOU"
"PR";"410520";"Cerro Azul";"X";;;;;"NÃO ALCANÇOU"
"PR";"410530";"Céu Azul";"X";;;;;"NÃO ALCANÇOU"
"PR";"410540";"Chopinzinho";"X";;;;;"NÃO ALCANÇOU"
"PR";"410550";"Cianorte";;7;7;100;100;"ALCANÇOU"
"PR";"410560";"Cidade Gaúcha";;0;1;0;0;"NÃO ALCANÇOU"
"PR";"410570";"Clevelândia";;1;1;100;100;"ALCANÇOU"
"PR";"410580";"Colombo";"X";;;;;"NÃO ALCANÇOU"
"PR";"410590";"Colorado";;3;3;100;100;"ALCANÇOU"
"PR";"410600";"Congonhinhas";"X";;;;;"NÃO ALCANÇOU"
"PR";"410610";"Conselheiro Mairinck";"X";;;;;"NÃO ALCANÇOU"
"PR";"410620";"Contenda";"X";;;;;"NÃO ALCANÇOU"
"PR";"410630";"Corbélia";"X";;;;;"NÃO ALCANÇOU"
"PR";"410640";"Cornélio Procópio";;8;8;100;100;"ALCANÇOU"
"PR";"410645";"Coronel Domingos Soares";"X";;;;;"NÃO ALCANÇOU"
"PR";"410650";"Coronel Vivida";"X";;;;;"NÃO ALCANÇOU"
"PR";"410655";"Corumbataí do Sul";"X";;;;;"NÃO ALCANÇOU"
"PR";"410657";"Cruzeiro do Iguaçu";"X";;;;;"NÃO ALCANÇOU"
"PR";"410660";"Cruzeiro do Oeste";"X";;;;;"NÃO ALCANÇOU"
"PR";"410670";"Cruzeiro do Sul";"X";;;;;"NÃO ALCANÇOU"
"PR";"410680";"Cruz Machado";"X";;;;;"NÃO ALCANÇOU"
"PR";"410685";"Cruzmaltina";"X";;;;;"NÃO ALCANÇOU"
"PR";"410690";"Curitiba";;10;10;100;100;"ALCANÇOU"
"PR";"410700";"Curiúva";;2;3;66,7;66,7;"NÃO ALCANÇOU"
"PR";"410710";"Diamante do Norte";"X";;;;;"NÃO ALCANÇOU"
"PR";"410712";"Diamante do Sul";"X";;;;;"NÃO ALCANÇOU"
"PR";"410715";"Diamante D'Oeste";"X";;;;;"NÃO ALCANÇOU"
"PR";"410720";"Dois Vizinhos";"X";;;;;"NÃO ALCANÇOU"
"PR";"410725";"Douradina";"X";;;;;"NÃO ALCANÇOU"
"PR";"410730";"Doutor Camargo";"X";;;;;"NÃO ALCANÇOU"
"PR";"410740";"Enéas Marques";"X";;;;;"NÃO ALCANÇOU"
"PR";"410750";"Engenheiro Beltrão";"X";;;;;"NÃO ALCANÇOU"
"PR";"410752";"Esperança Nova";"X";;;;;"NÃO ALCANÇOU"
"PR";"410753";"Entre Rios do Oeste";"X";;;;;"NÃO ALCANÇOU"
"PR";"410754";"Espigão Alto do Iguaçu";"X";;;;;"NÃO ALCANÇOU"
"PR";"410755";"Farol";"X";;;;;"NÃO ALCANÇOU"
"PR";"410760";"Faxinal";"X";;;;;"NÃO ALCANÇOU"
"PR";"410765";"Fazenda Rio Grande";"X";;;;;"NÃO ALCANÇOU"
"PR";"410770";"Fênix";"X";;;;;"NÃO ALCANÇOU"
"PR";"410773";"Fernandes Pinheiro";"X";;;;;"NÃO ALCANÇOU"
"PR";"410775";"Figueira";"X";;;;;"NÃO ALCANÇOU"
"PR";"410780";"Floraí";"X";;;;;"NÃO ALCANÇOU"
"PR";"410785";"Flor da Serra do Sul";"X";;;;;"NÃO ALCANÇOU"
"PR";"410790";"Floresta";;1;1;100;100;"ALCANÇOU"
"PR";"410800";"Florestópolis";;3;4;75;75;"ALCANÇOU"
"PR";"410810";"Flórida";"X";;;;;"NÃO ALCANÇOU"
"PR";"410820";"Formosa do Oeste";"X";;;;;"NÃO ALCANÇOU"
"PR";"410830";"Foz do Iguaçu";;19;23;82,6;82,6;"ALCANÇOU"
"PR";"410832";"Francisco Alves";"X";;;;;"NÃO ALCANÇOU"
"PR";"410840";"Francisco Beltrão";;2;2;100;100;"ALCANÇOU"
"PR";"410845";"Foz do Jordão";"X";;;;;"NÃO ALCANÇOU"
"PR";"410850";"General Carneiro";"X";;;;;"NÃO ALCANÇOU"
"PR";"410855";"Godoy Moreira";"X";;;;;"NÃO ALCANÇOU"
"PR";"410860";"Goioerê";"X";;;;;"NÃO ALCANÇOU"
"PR";"410865";"Goioxim";"X";;;;;"NÃO ALCANÇOU"
"PR";"410870";"Grandes Rios";"X";;;;;"NÃO ALCANÇOU"
"PR";"410880";"Guaíra";"X";;;;;"NÃO ALCANÇOU"
"PR";"410890";"Guairaçá";"X";;;;;"NÃO ALCANÇOU"
"PR";"410895";"Guamiranga";"X";;;;;"NÃO ALCANÇOU"
"PR";"410900";"Guapirama";"X";;;;;"NÃO ALCANÇOU"
"PR";"410910";"Guaporema";"X";;;;;"NÃO ALCANÇOU"
"PR";"410920";"Guaraci";"X";;;;;"NÃO ALCANÇOU"
"PR";"410930";"Guaraniaçu";"X";;;;;"NÃO ALCANÇOU"
"PR";"410940";"Guarapuava";"X";;;;;"NÃO ALCANÇOU"
"PR";"410950";"Guaraqueçaba";"X";;;;;"NÃO ALCANÇOU"
"PR";"410960";"Guaratuba";;1;1;100;100;"ALCANÇOU"
"PR";"410965";"Honório Serpa";"X";;;;;"NÃO ALCANÇOU"
"PR";"410970";"Ibaiti";"X";;;;;"NÃO ALCANÇOU"
"PR";"410975";"Ibema";"X";;;;;"NÃO ALCANÇOU"
"PR";"410980";"Ibiporã";;3;3;100;100;"ALCANÇOU"
"PR";"410990";"Icaraíma";"X";;;;;"NÃO ALCANÇOU"
"PR";"411000";"Iguaraçu";"X";;;;;"NÃO ALCANÇOU"
"PR";"411005";"Iguatu";"X";;;;;"NÃO ALCANÇOU"
"PR";"411007";"Imbaú";"X";;;;;"NÃO ALCANÇOU"
"PR";"411010";"Imbituva";"X";;;;;"NÃO ALCANÇOU"
"PR";"411020";"Inácio Martins";"X";;;;;"NÃO ALCANÇOU"
"PR";"411030";"Inajá";"X";;;;;"NÃO ALCANÇOU"
"PR";"411040";"Indianópolis";"X";;;;;"NÃO ALCANÇOU"
"PR";"411050";"Ipiranga";"X";;;;;"NÃO ALCANÇOU"
"PR";"411060";"Iporã";"X";;;;;"NÃO ALCANÇOU"
"PR";"411065";"Iracema do Oeste";"X";;;;;"NÃO ALCANÇOU"
"PR";"411070";"Irati";;2;2;100;100;"ALCANÇOU"
"PR";"411080";"Iretama";"X";;;;;"NÃO ALCANÇOU"
"PR";"411090";"Itaguajé";"X";;;;;"NÃO ALCANÇOU"
"PR";"411095";"Itaipulândia";"X";;;;;"NÃO ALCANÇOU"
"PR";"411100";"Itambaracá";;1;1;100;100;"ALCANÇOU"
"PR";"411110";"Itambé";"X";;;;;"NÃO ALCANÇOU"
"PR";"411120";"Itapejara d'Oeste";"X";;;;;"NÃO ALCANÇOU"
"PR";"411125";"Itaperuçu";"X";;;;;"NÃO ALCANÇOU"
"PR";"411130";"Itaúna do Sul";;0;1;0;0;"NÃO ALCANÇOU"
"PR";"411140";"Ivaí";"X";;;;;"NÃO ALCANÇOU"
"PR";"411150";"Ivaiporã";;6;8;75;75;"ALCANÇOU"
"PR";"411155";"Ivaté";;0;1;0;0;"NÃO ALCANÇOU"
"PR";"411160";"Ivatuba";"X";;;;;"NÃO ALCANÇOU"
"PR";"411170";"Jaboti";"X";;;;;"NÃO ALCANÇOU"
"PR";"411180";"Jacarezinho";;1;1;100;100;"ALCANÇOU"
"PR";"411190";"Jaguapitã";;2;2;100;100;"ALCANÇOU"
"PR";"411200";"Jaguariaíva";;1;1;100;100;"ALCANÇOU"
"PR";"411210";"Jandaia do Sul";"X";;;;;"NÃO ALCANÇOU"
"PR";"411220";"Janiópolis";"X";;;;;"NÃO ALCANÇOU"
"PR";"411230";"Japira";;1;1;100;100;"ALCANÇOU"
"PR";"411240";"Japurá";"X";;;;;"NÃO ALCANÇOU"
"PR";"411250";"Jardim Alegre";"X";;;;;"NÃO ALCANÇOU"
"PR";"411260";"Jardim Olinda";"X";;;;;"NÃO ALCANÇOU"
"PR";"411270";"Jataizinho";;4;4;100;100;"ALCANÇOU"
"PR";"411275";"Jesuítas";"X";;;;;"NÃO ALCANÇOU"
"PR";"411280";"Joaquim Távora";;3;6;50;50;"NÃO ALCANÇOU"
"PR";"411290";"Jundiaí do Sul";"X";;;;;"NÃO ALCANÇOU"
"PR";"411295";"Juranda";"X";;;;;"NÃO ALCANÇOU"
"PR";"411300";"Jussara";"X";;;;;"NÃO ALCANÇOU"
"PR";"411310";"Kaloré";"X";;;;;"NÃO ALCANÇOU"
"PR";"411320";"Lapa";"X";;;;;"NÃO ALCANÇOU"
"PR";"411325";"Laranjal";"X";;;;;"NÃO ALCANÇOU"
"PR";"411330";"Laranjeiras do Sul";"X";;;;;"NÃO ALCANÇOU"
"PR";"411340";"Leópolis";"X";;;;;"NÃO ALCANÇOU"
"PR";"411342";"Lidianópolis";"X";;;;;"NÃO ALCANÇOU"
"PR";"411345";"Lindoeste";"X";;;;;"NÃO ALCANÇOU"
"PR";"411350";"Loanda";;1;3;33,3;33,3;"NÃO ALCANÇOU"
"PR";"411360";"Lobato";"X";;;;;"NÃO ALCANÇOU"
"PR";"411370";"Londrina";;100;102;98;98;"ALCANÇOU"
"PR";"411373";"Luiziana";"X";;;;;"NÃO ALCANÇOU"
"PR";"411375";"Lunardelli";"X";;;;;"NÃO ALCANÇOU"
"PR";"411380";"Lupionópolis";"X";;;;;"NÃO ALCANÇOU"
"PR";"411390";"Mallet";"X";;;;;"NÃO ALCANÇOU"
"PR";"411400";"Mamborê";"X";;;;;"NÃO ALCANÇOU"
"PR";"411410";"Mandaguaçu";;3;3;100;100;"ALCANÇOU"
"PR";"411420";"Mandaguari";;4;5;80;80;"ALCANÇOU"
"PR";"411430";"Mandirituba";"X";;;;;"NÃO ALCANÇOU"
"PR";"411435";"Manfrinópolis";"X";;;;;"NÃO ALCANÇOU"
"PR";"411440";"Mangueirinha";"X";;;;;"NÃO ALCANÇOU"
"PR";"411450";"Manoel Ribas";;1;1;100;100;"ALCANÇOU"
"PR";"411460";"Marechal Cândido Rondon";;2;2;100;100;"ALCANÇOU"
"PR";"411470";"Maria Helena";;1;1;100;100;"ALCANÇOU"
"PR";"411480";"Marialva";;2;2;100;100;"ALCANÇOU"
"PR";"411490";"Marilândia do Sul";"X";;;;;"NÃO ALCANÇOU"
"PR";"411500";"Marilena";;1;2;50;50;"NÃO ALCANÇOU"
"PR";"411510";"Mariluz";"X";;;;;"NÃO ALCANÇOU"
"PR";"411520";"Maringá";;50;53;94,3;94,3;"ALCANÇOU"
"PR";"411530";"Mariópolis";"X";;;;;"NÃO ALCANÇOU"
"PR";"411535";"Maripá";"X";;;;;"NÃO ALCANÇOU"
"PR";"411540";"Marmeleiro";"X";;;;;"NÃO ALCANÇOU"
"PR";"411545";"Marquinho";"X";;;;;"NÃO ALCANÇOU"
"PR";"411550";"Marumbi";;1;1;100;100;"ALCANÇOU"
"PR";"411560";"Matelândia";"X";;;;;"NÃO ALCANÇOU"
"PR";"411570";"Matinhos";;2;2;100;100;"ALCANÇOU"
"PR";"411573";"Mato Rico";;2;2;100;100;"ALCANÇOU"
"PR";"411575";"Mauá da Serra";"X";;;;;"NÃO ALCANÇOU"
"PR";"411580";"Medianeira";"X";;;;;"NÃO ALCANÇOU"
"PR";"411585";"Mercedes";"X";;;;;"NÃO ALCANÇOU"
"PR";"411590";"Mirador";"X";;;;;"NÃO ALCANÇOU"
"PR";"411600";"Miraselva";"X";;;;;"NÃO ALCANÇOU"
"PR";"411605";"Missal";"X";;;;;"NÃO ALCANÇOU"
"PR";"411610";"Moreira Sales";"X";;;;;"NÃO ALCANÇOU"
"PR";"411620";"Morretes";;2;2;100;100;"ALCANÇOU"
"PR";"411630";"Munhoz de Melo";"X";;;;;"NÃO ALCANÇOU"
"PR";"411640";"Nossa Senhora das Graças";"X";;;;;"NÃO ALCANÇOU"
"PR";"411650";"Nova Aliança do Ivaí";"X";;;;;"NÃO ALCANÇOU"
"PR";"411660";"Nova América da Colina";"X";;;;;"NÃO ALCANÇOU"
"PR";"411670";"Nova Aurora";"X";;;;;"NÃO ALCANÇOU"
"PR";"411680";"Nova Cantu";"X";;;;;"NÃO ALCANÇOU"
"PR";"411690";"Nova Esperança";;2;2;100;100;"ALCANÇOU"
"PR";"411695";"Nova Esperança do Sudoeste";"X";;;;;"NÃO ALCANÇOU"
"PR";"411700";"Nova Fátima";;3;3;100;100;"ALCANÇOU"
"PR";"411705";"Nova Laranjeiras";"X";;;;;"NÃO ALCANÇOU"
"PR";"411710";"Nova Londrina";;3;4;75;75;"ALCANÇOU"
"PR";"411720";"Nova Olímpia";;1;1;100;100;"ALCANÇOU"
"PR";"411721";"Nova Santa Bárbara";"X";;;;;"NÃO ALCANÇOU"
"PR";"411722";"Nova Santa Rosa";"X";;;;;"NÃO ALCANÇOU"
"PR";"411725";"Nova Prata do Iguaçu";;2;2;100;100;"ALCANÇOU"
"PR";"411727";"Nova Tebas";;2;2;100;100;"ALCANÇOU"
"PR";"411729";"Novo Itacolomi";"X";;;;;"NÃO ALCANÇOU"
"PR";"411730";"Ortigueira";;1;1;100;100;"ALCANÇOU"
"PR";"411740";"Ourizona";;1;1;100;100;"ALCANÇOU"
"PR";"411745";"Ouro Verde do Oeste";"X";;;;;"NÃO ALCANÇOU"
"PR";"411750";"Paiçandu";;2;2;100;100;"ALCANÇOU"
"PR";"411760";"Palmas";"X";;;;;"NÃO ALCANÇOU"
"PR";"411770";"Palmeira";"X";;;;;"NÃO ALCANÇOU"
"PR";"411780";"Palmital";;1;1;100;100;"ALCANÇOU"
"PR";"411790";"Palotina";"X";;;;;"NÃO ALCANÇOU"
"PR";"411800";"Paraíso do Norte";"X";;;;;"NÃO ALCANÇOU"
"PR";"411810";"Paranacity";;1;1;100;100;"ALCANÇOU"
"PR";"411820";"Paranaguá";;5;5;100;100;"ALCANÇOU"
"PR";"411830";"Paranapoema";"X";;;;;"NÃO ALCANÇOU"
"PR";"411840";"Paranavaí";;26;29;89,7;89,7;"ALCANÇOU"
"PR";"411845";"Pato Bragado";"X";;;;;"NÃO ALCANÇOU"
"PR";"411850";"Pato Branco";;1;2;50;50;"NÃO ALCANÇOU"
"PR";"411860";"Paula Freitas";"X";;;;;"NÃO ALCANÇOU"
"PR";"411870";"Paulo Frontin";"X";;;;;"NÃO ALCANÇOU"
"PR";"411880";"Peabiru";"X";;;;;"NÃO ALCANÇOU"
"PR";"411885";"Perobal";"X";;;;;"NÃO ALCANÇOU"
"PR";"411890";"Pérola";;0;2;0;0;"NÃO ALCANÇOU"
"PR";"411900";"Pérola d'Oeste";"X";;;;;"NÃO ALCANÇOU"
"PR";"411910";"Piên";"X";;;;;"NÃO ALCANÇOU"
"PR";"411915";"Pinhais";;1;1;100;100;"ALCANÇOU"
"PR";"411920";"Pinhalão";"X";;;;;"NÃO ALCANÇOU"
"PR";"411925";"Pinhal de São Bento";"X";;;;;"NÃO ALCANÇOU"
"PR";"411930";"Pinhão";"X";;;;;"NÃO ALCANÇOU"
"PR";"411940";"Piraí do Sul";"X";;;;;"NÃO ALCANÇOU"
"PR";"411950";"Piraquara";"X";;;;;"NÃO ALCANÇOU"
"PR";"411960";"Pitanga";;3;3;100;100;"ALCANÇOU"
"PR";"411965";"Pitangueiras";"X";;;;;"NÃO ALCANÇOU"
"PR";"411970";"Planaltina do Paraná";;1;2;50;50;"NÃO ALCANÇOU"
"PR";"411980";"Planalto";"X";;;;;"NÃO ALCANÇOU"
"PR";"411990";"Ponta Grossa";;17;23;73,9;73,9;"NÃO ALCANÇOU"
"PR";"411995";"Pontal do Paraná";"X";;;;;"NÃO ALCANÇOU"
"PR";"412000";"Porecatu";;4;5;80;80;"ALCANÇOU"
"PR";"412010";"Porto Amazonas";"X";;;;;"NÃO ALCANÇOU"
"PR";"412015";"Porto Barreiro";"X";;;;;"NÃO ALCANÇOU"
"PR";"412020";"Porto Rico";;0;1;0;0;"NÃO ALCANÇOU"
"PR";"412030";"Porto Vitória";"X";;;;;"NÃO ALCANÇOU"
"PR";"412033";"Prado Ferreira";"X";;;;;"NÃO ALCANÇOU"
"PR";"412035";"Pranchita";"X";;;;;"NÃO ALCANÇOU"
"PR";"412040";"Presidente Castelo Branco";"X";;;;;"NÃO ALCANÇOU"
"PR";"412050";"Primeiro de Maio";"X";;;;;"NÃO ALCANÇOU"
"PR";"412060";"Prudentópolis";"X";;;;;"NÃO ALCANÇOU"
"PR";"412065";"Quarto Centenário";;1;1;100;100;"ALCANÇOU"
"PR";"412070";"Quatiguá";"X";;;;;"NÃO ALCANÇOU"
"PR";"412080";"Quatro Barras";"X";;;;;"NÃO ALCANÇOU"
"PR";"412085";"Quatro Pontes";"X";;;;;"NÃO ALCANÇOU"
"PR";"412090";"Quedas do Iguaçu";"X";;;;;"NÃO ALCANÇOU"
"PR";"412100";"Querência do Norte";;2;6;33,3;33,3;"NÃO ALCANÇOU"
"PR";"412110";"Quinta do Sol";;1;1;100;100;"ALCANÇOU"
"PR";"412120";"Quitandinha";"X";;;;;"NÃO ALCANÇOU"
"PR";"412125";"Ramilândia";"X";;;;;"NÃO ALCANÇOU"
"PR";"412130";"Rancho Alegre";;1;1;100;100;"ALCANÇOU"
"PR";"412135";"Rancho Alegre D'Oeste";"X";;;;;"NÃO ALCANÇOU"
"PR";"412140";"Realeza";"X";;;;;"NÃO ALCANÇOU"
"PR";"412150";"Rebouças";"X";;;;;"NÃO ALCANÇOU"
"PR";"412160";"Renascença";"X";;;;;"NÃO ALCANÇOU"
"PR";"412170";"Reserva";"X";;;;;"NÃO ALCANÇOU"
"PR";"412175";"Reserva do Iguaçu";"X";;;;;"NÃO ALCANÇOU"
"PR";"412180";"Ribeirão Claro";"X";;;;;"NÃO ALCANÇOU"
"PR";"412190";"Ribeirão do Pinhal";;1;1;100;100;"ALCANÇOU"
"PR";"412200";"Rio Azul";;1;1;100;100;"ALCANÇOU"
"PR";"412210";"Rio Bom";"X";;;;;"NÃO ALCANÇOU"
"PR";"412215";"Rio Bonito do Iguaçu";"X";;;;;"NÃO ALCANÇOU"
"PR";"412217";"Rio Branco do Ivaí";"X";;;;;"NÃO ALCANÇOU"
"PR";"412220";"Rio Branco do Sul";"X";;;;;"NÃO ALCANÇOU"
"PR";"412230";"Rio Negro";"X";;;;;"NÃO ALCANÇOU"
"PR";"412240";"Rolândia";;3;4;75;75;"ALCANÇOU"
"PR";"412250";"Roncador";"X";;;;;"NÃO ALCANÇOU"
"PR";"412260";"Rondon";;1;1;100;100;"ALCANÇOU"
"PR";"412265";"Rosário do Ivaí";"X";;;;;"NÃO ALCANÇOU"
"PR";"412270";"Sabáudia";"X";;;;;"NÃO ALCANÇOU"
"PR";"412280";"Salgado Filho";"X";;;;;"NÃO ALCANÇOU"
"PR";"412290";"Salto do Itararé";"X";;;;;"NÃO ALCANÇOU"
"PR";"412300";"Salto do Lontra";"X";;;;;"NÃO ALCANÇOU"
"PR";"412310";"Santa Amélia";"X";;;;;"NÃO ALCANÇOU"
"PR";"412320";"Santa Cecília do Pavão";"X";;;;;"NÃO ALCANÇOU"
"PR";"412330";"Santa Cruz de Monte Castelo";;0;1;0;0;"NÃO ALCANÇOU"
"PR";"412340";"Santa Fé";"X";;;;;"NÃO ALCANÇOU"
"PR";"412350";"Santa Helena";;2;2;100;100;"ALCANÇOU"
"PR";"412360";"Santa Inês";"X";;;;;"NÃO ALCANÇOU"
"PR";"412370";"Santa Isabel do Ivaí";;1;1;100;100;"ALCANÇOU"
"PR";"412380";"Santa Izabel do Oeste";;0;1;0;0;"NÃO ALCANÇOU"
"PR";"412382";"Santa Lúcia";"X";;;;;"NÃO ALCANÇOU"
"PR";"412385";"Santa Maria do Oeste";"X";;;;;"NÃO ALCANÇOU"
"PR";"412390";"Santa Mariana";;1;1;100;100;"ALCANÇOU"
"PR";"412395";"Santa Mônica";;0;1;0;0;"NÃO ALCANÇOU"
"PR";"412400";"Santana do Itararé";;0;1;0;0;"NÃO ALCANÇOU"
"PR";"412402";"Santa Tereza do Oeste";"X";;;;;"NÃO ALCANÇOU"
"PR";"412405";"Santa Terezinha de Itaipu";;2;3;66,7;66,7;"NÃO ALCANÇOU"
"PR";"412410";"Santo Antônio da Platina";"X";;;;;"NÃO ALCANÇOU"
"PR";"412420";"Santo Antônio do Caiuá";"X";;;;;"NÃO ALCANÇOU"
"PR";"412430";"Santo Antônio do Paraíso";"X";;;;;"NÃO ALCANÇOU"
"PR";"412440";"Santo Antônio do Sudoeste";"X";;;;;"NÃO ALCANÇOU"
"PR";"412450";"Santo Inácio";;1;1;100;100;"ALCANÇOU"
"PR";"412460";"São Carlos do Ivaí";"X";;;;;"NÃO ALCANÇOU"
"PR";"412470";"São Jerônimo da Serra";"X";;;;;"NÃO ALCANÇOU"
"PR";"412480";"São João";"X";;;;;"NÃO ALCANÇOU"
"PR";"412490";"São João do Caiuá";"X";;;;;"NÃO ALCANÇOU"
"PR";"412500";"São João do Ivaí";"X";;;;;"NÃO ALCANÇOU"
"PR";"412510";"São João do Triunfo";"X";;;;;"NÃO ALCANÇOU"
"PR";"412520";"São Jorge d'Oeste";"X";;;;;"NÃO ALCANÇOU"
"PR";"412530";"São Jorge do Ivaí";;1;1;100;100;"ALCANÇOU"
"PR";"412535";"São Jorge do Patrocínio";;4;4;100;100;"ALCANÇOU"
"PR";"412540";"São José da Boa Vista";"X";;;;;"NÃO ALCANÇOU"
"PR";"412545";"São José das Palmeiras";"X";;;;;"NÃO ALCANÇOU"
"PR";"412550";"São José dos Pinhais";;4;4;100;100;"ALCANÇOU"
"PR";"412555";"São Manoel do Paraná";"X";;;;;"NÃO ALCANÇOU"
"PR";"412560";"São Mateus do Sul";"X";;;;;"NÃO ALCANÇOU"
"PR";"412570";"São Miguel do Iguaçu";;3;3;100;100;"ALCANÇOU"
"PR";"412575";"São Pedro do Iguaçu";"X";;;;;"NÃO ALCANÇOU"
"PR";"412580";"São Pedro do Ivaí";"X";;;;;"NÃO ALCANÇOU"
"PR";"412590";"São Pedro do Paraná";"X";;;;;"NÃO ALCANÇOU"
"PR";"412600";"São Sebastião da Amoreira";;1;1;100;100;"ALCANÇOU"
"PR";"412610";"São Tomé";"X";;;;;"NÃO ALCANÇOU"
"PR";"412620";"Sapopema";"X";;;;;"NÃO ALCANÇOU"
"PR";"412625";"Sarandi";;4;6;66,7;66,7;"NÃO ALCANÇOU"
"PR";"412627";"Saudade do Iguaçu";"X";;;;;"NÃO ALCANÇOU"
"PR";"412630";"Sengés";"X";;;;;"NÃO ALCANÇOU"
"PR";"412635";"Serranópolis do Iguaçu";"X";;;;;"NÃO ALCANÇOU"
"PR";"412640";"Sertaneja";;2;2;100;100;"ALCANÇOU"
"PR";"412650";"Sertanópolis";;3;5;60;60;"NÃO ALCANÇOU"
"PR";"412660";"Siqueira Campos";"X";;;;;"NÃO ALCANÇOU"
"PR";"412665";"Sulina";"X";;;;;"NÃO ALCANÇOU"
"PR";"412667";"Tamarana";;1;1;100;100;"ALCANÇOU"
"PR";"412670";"Tamboara";;2;2;100;100;"ALCANÇOU"
"PR";"412680";"Tapejara";"X";;;;;"NÃO ALCANÇOU"
"PR";"412690";"Tapira";"X";;;;;"NÃO ALCANÇOU"
"PR";"412700";"Teixeira Soares";"X";;;;;"NÃO ALCANÇOU"
"PR";"412710";"Telêmaco Borba";;3;4;75;75;"ALCANÇOU"
"PR";"412720";"Terra Boa";;2;2;100;100;"ALCANÇOU"
"PR";"412730";"Terra Rica";"X";;;;;"NÃO ALCANÇOU"
"PR";"412740";"Terra Roxa";;2;2;100;100;"ALCANÇOU"
"PR";"412750";"Tibagi";"X";;;;;"NÃO ALCANÇOU"
"PR";"412760";"Tijucas do Sul";"X";;;;;"NÃO ALCANÇOU"
"PR";"412770";"Toledo";;4;4;100;100;"ALCANÇOU"
"PR";"412780";"Tomazina";"X";;;;;"NÃO ALCANÇOU"
"PR";"412785";"Três Barras do Paraná";;1;1;100;100;"ALCANÇOU"
"PR";"412788";"Tunas do Paraná";"X";;;;;"NÃO ALCANÇOU"
"PR";"412790";"Tuneiras do Oeste";"X";;;;;"NÃO ALCANÇOU"
"PR";"412795";"Tupãssi";"X";;;;;"NÃO ALCANÇOU"
"PR";"412796";"Turvo";"X";;;;;"NÃO ALCANÇOU"
"PR";"412800";"Ubiratã";;1;1;100;100;"ALCANÇOU"
"PR";"412810";"Umuarama";;9;11;81,8;81,8;"ALCANÇOU"
"PR";"412820";"União da Vitória";;1;1;100;100;"ALCANÇOU"
"PR";"412830";"Uniflor";"X";;;;;"NÃO ALCANÇOU"
"PR";"412840";"Uraí";"X";;;;;"NÃO ALCANÇOU"
"PR";"412850";"Wenceslau Braz";"X";;;;;"NÃO ALCANÇOU"
"PR";"412853";"Ventania";"X";;;;;"NÃO ALCANÇOU"
"PR";"412855";"Vera Cruz do Oeste";"X";;;;;"NÃO ALCANÇOU"
"PR";"412860";"Verê";"X";;;;;"NÃO ALCANÇOU"
"PR";"412862";"Alto Paraíso";"X";;;;;"NÃO ALCANÇOU"
"PR";"412863";"Doutor Ulysses";"X";;;;;"NÃO ALCANÇOU"
"PR";"412865";"Virmond";"X";;;;;"NÃO ALCANÇOU"
"PR";"412870";"Vitorino";"X";;;;;"NÃO ALCANÇOU"
"PR";"412880";"Xambrê";;1;1;100;100;"ALCANÇOU"
"RJ";"330010";"Angra dos Reis";;4;5;80;80;"ALCANÇOU"
"RJ";"330015";"Aperibé";"X";;;;;"NÃO ALCANÇOU"
"RJ";"330020";"Araruama";;3;3;100;100;"ALCANÇOU"
"RJ";"330022";"Areal";"X";;;;;"NÃO ALCANÇOU"
"RJ";"330023";"Armação dos Búzios";;1;1;100;100;"ALCANÇOU"
"RJ";"330025";"Arraial do Cabo";;1;1;100;100;"ALCANÇOU"
"RJ";"330030";"Barra do Piraí";;8;8;100;100;"ALCANÇOU"
"RJ";"330040";"Barra Mansa";;1;1;100;100;"ALCANÇOU"
"RJ";"330045";"Belford Roxo";;2;2;100;100;"ALCANÇOU"
"RJ";"330050";"Bom Jardim";;1;1;100;100;"ALCANÇOU"
"RJ";"330060";"Bom Jesus do Itabapoana";"X";;;;;"NÃO ALCANÇOU"
"RJ";"330070";"Cabo Frio";;8;8;100;100;"ALCANÇOU"
"RJ";"330080";"Cachoeiras de Macacu";;3;3;100;100;"ALCANÇOU"
"RJ";"330090";"Cambuci";"X";;;;;"NÃO ALCANÇOU"
"RJ";"330093";"Carapebus";"X";;;;;"NÃO ALCANÇOU"
"RJ";"330095";"Comendador Levy Gasparian";"X";;;;;"NÃO ALCANÇOU"
"RJ";"330100";"Campos dos Goytacazes";;24;26;92,3;92,3;"ALCANÇOU"
"RJ";"330110";"Cantagalo";;2;2;100;100;"ALCANÇOU"
"RJ";"330115";"Cardoso Moreira";"X";;;;;"NÃO ALCANÇOU"
"RJ";"330120";"Carmo";"X";;;;;"NÃO ALCANÇOU"
"RJ";"330130";"Casimiro de Abreu";"X";;;;;"NÃO ALCANÇOU"
"RJ";"330140";"Conceição de Macabu";"X";;;;;"NÃO ALCANÇOU"
"RJ";"330150";"Cordeiro";;1;1;100;100;"ALCANÇOU"
"RJ";"330160";"Duas Barras";"X";;;;;"NÃO ALCANÇOU"
"RJ";"330170";"Duque de Caxias";;14;14;100;100;"ALCANÇOU"
"RJ";"330180";"Engenheiro Paulo de Frontin";;1;1;100;100;"ALCANÇOU"
"RJ";"330185";"Guapimirim";;1;1;100;100;"ALCANÇOU"
"RJ";"330187";"Iguaba Grande";"X";;;;;"NÃO ALCANÇOU"
"RJ";"330190";"Itaboraí";;6;7;85,7;85,7;"ALCANÇOU"
"RJ";"330200";"Itaguaí";"X";;;;;"NÃO ALCANÇOU"
"RJ";"330205";"Italva";;3;3;100;100;"ALCANÇOU"
"RJ";"330210";"Itaocara";"X";;;;;"NÃO ALCANÇOU"
"RJ";"330220";"Itaperuna";;2;2;100;100;"ALCANÇOU"
"RJ";"330225";"Itatiaia";"X";;;;;"NÃO ALCANÇOU"
"RJ";"330227";"Japeri";"X";;;;;"NÃO ALCANÇOU"
"RJ";"330230";"Laje do Muriaé";"X";;;;;"NÃO ALCANÇOU"
"RJ";"330240";"Macaé";;3;4;75;75;"ALCANÇOU"
"RJ";"330245";"Macuco";"X";;;;;"NÃO ALCANÇOU"
"RJ";"330250";"Magé";;2;2;100;100;"ALCANÇOU"
"RJ";"330260";"Mangaratiba";;1;1;100;100;"ALCANÇOU"
"RJ";"330270";"Maricá";;10;10;100;100;"ALCANÇOU"
"RJ";"330280";"Mendes";"X";;;;;"NÃO ALCANÇOU"
"RJ";"330285";"Mesquita";"X";;;;;"NÃO ALCANÇOU"
"RJ";"330290";"Miguel Pereira";"X";;;;;"NÃO ALCANÇOU"
"RJ";"330300";"Miracema";"X";;;;;"NÃO ALCANÇOU"
"RJ";"330310";"Natividade";"X";;;;;"NÃO ALCANÇOU"
"RJ";"330320";"Nilópolis";"X";;;;;"NÃO ALCANÇOU"
"RJ";"330330";"Niterói";;8;8;100;100;"ALCANÇOU"
"RJ";"330340";"Nova Friburgo";;6;7;85,7;85,7;"ALCANÇOU"
"RJ";"330350";"Nova Iguaçu";;14;14;100;100;"ALCANÇOU"
"RJ";"330360";"Paracambi";"X";;;;;"NÃO ALCANÇOU"
"RJ";"330370";"Paraíba do Sul";;3;3;100;100;"ALCANÇOU"
"RJ";"330380";"Paraty";;7;10;70;70;"NÃO ALCANÇOU"
"RJ";"330385";"Paty do Alferes";"X";;;;;"NÃO ALCANÇOU"
"RJ";"330390";"Petrópolis";;6;6;100;100;"ALCANÇOU"
"RJ";"330395";"Pinheiral";"X";;;;;"NÃO ALCANÇOU"
"RJ";"330400";"Piraí";"X";;;;;"NÃO ALCANÇOU"
"RJ";"330410";"Porciúncula";"X";;;;;"NÃO ALCANÇOU"
"RJ";"330411";"Porto Real";"X";;;;;"NÃO ALCANÇOU"
"RJ";"330412";"Quatis";"X";;;;;"NÃO ALCANÇOU"
"RJ";"330414";"Queimados";;1;1;100;100;"ALCANÇOU"
"RJ";"330415";"Quissamã";;3;3;100;100;"ALCANÇOU"
"RJ";"330420";"Resende";;5;5;100;100;"ALCANÇOU"
"RJ";"330430";"Rio Bonito";;1;1;100;100;"ALCANÇOU"
"RJ";"330440";"Rio Claro";"X";;;;;"NÃO ALCANÇOU"
"RJ";"330450";"Rio das Flores";"X";;;;;"NÃO ALCANÇOU"
"RJ";"330452";"Rio das Ostras";;3;3;100;100;"ALCANÇOU"
"RJ";"330455";"Rio de Janeiro";;52;55;94,5;94,5;"ALCANÇOU"
"RJ";"330460";"Santa Maria Madalena";"X";;;;;"NÃO ALCANÇOU"
"RJ";"330470";"Santo Antônio de Pádua";"X";;;;;"NÃO ALCANÇOU"
"RJ";"330475";"São Francisco de Itabapoana";"X";;;;;"NÃO ALCANÇOU"
"RJ";"330480";"São Fidélis";;0;1;0;0;"NÃO ALCANÇOU"
"RJ";"330490";"São Gonçalo";;8;9;88,9;88,9;"ALCANÇOU"
"RJ";"330500";"São João da Barra";;1;1;100;100;"ALCANÇOU"
"RJ";"330510";"São João de Meriti";;3;3;100;100;"ALCANÇOU"
"RJ";"330513";"São José de Ubá";"X";;;;;"NÃO ALCANÇOU"
"RJ";"330515";"São José do Vale do Rio Preto";"X";;;;;"NÃO ALCANÇOU"
"RJ";"330520";"São Pedro da Aldeia";;4;4;100;100;"ALCANÇOU"
"RJ";"330530";"São Sebastião do Alto";"X";;;;;"NÃO ALCANÇOU"
"RJ";"330540";"Sapucaia";"X";;;;;"NÃO ALCANÇOU"
"RJ";"330550";"Saquarema";"X";;;;;"NÃO ALCANÇOU"
"RJ";"330555";"Seropédica";;1;1;100;100;"ALCANÇOU"
"RJ";"330560";"Silva Jardim";"X";;;;;"NÃO ALCANÇOU"
"RJ";"330570";"Sumidouro";"X";;;;;"NÃO ALCANÇOU"
"RJ";"330575";"Tanguá";"X";;;;;"NÃO ALCANÇOU"
"RJ";"330580";"Teresópolis";"X";;;;;"NÃO ALCANÇOU"
"RJ";"330590";"Trajano de Moraes";"X";;;;;"NÃO ALCANÇOU"
"RJ";"330600";"Três Rios";;6;6;100;100;"ALCANÇOU"
"RJ";"330610";"Valença";"X";;;;;"NÃO ALCANÇOU"
"RJ";"330615";"Varre-Sai";"X";;;;;"NÃO ALCANÇOU"
"RJ";"330620";"Vassouras";;1;1;100;100;"ALCANÇOU"
"RJ";"330630";"Volta Redonda";;21;23;91,3;91,3;"ALCANÇOU"
"RN";"240010";"Acari";"X";;;;;"NÃO ALCANÇOU"
"RN";"240020";"Açu";"X";;;;;"NÃO ALCANÇOU"
"RN";"240030";"Afonso Bezerra";"X";;;;;"NÃO ALCANÇOU"
"RN";"240040";"Água Nova";"X";;;;;"NÃO ALCANÇOU"
"RN";"240050";"Alexandria";"X";;;;;"NÃO ALCANÇOU"
"RN";"240060";"Almino Afonso";"X";;;;;"NÃO ALCANÇOU"
"RN";"240070";"Alto do Rodrigues";"X";;;;;"NÃO ALCANÇOU"
"RN";"240080";"Angicos";"X";;;;;"NÃO ALCANÇOU"
"RN";"240090";"Antônio Martins";"X";;;;;"NÃO ALCANÇOU"
"RN";"240100";"Apodi";"X";;;;;"NÃO ALCANÇOU"
"RN";"240110";"Areia Branca";"X";;;;;"NÃO ALCANÇOU"
"RN";"240120";"Arês";"X";;;;;"NÃO ALCANÇOU"
"RN";"240130";"Campo Grande";"X";;;;;"NÃO ALCANÇOU"
"RN";"240140";"Baía Formosa";"X";;;;;"NÃO ALCANÇOU"
"RN";"240145";"Baraúna";"X";;;;;"NÃO ALCANÇOU"
"RN";"240150";"Barcelona";"X";;;;;"NÃO ALCANÇOU"
"RN";"240160";"Bento Fernandes";"X";;;;;"NÃO ALCANÇOU"
"RN";"240165";"Bodó";"X";;;;;"NÃO ALCANÇOU"
"RN";"240170";"Bom Jesus";"X";;;;;"NÃO ALCANÇOU"
"RN";"240180";"Brejinho";"X";;;;;"NÃO ALCANÇOU"
"RN";"240185";"Caiçara do Norte";"X";;;;;"NÃO ALCANÇOU"
"RN";"240190";"Caiçara do Rio do Vento";"X";;;;;"NÃO ALCANÇOU"
"RN";"240200";"Caicó";"X";;;;;"NÃO ALCANÇOU"
"RN";"240210";"Campo Redondo";"X";;;;;"NÃO ALCANÇOU"
"RN";"240220";"Canguaretama";"X";;;;;"NÃO ALCANÇOU"
"RN";"240230";"Caraúbas";"X";;;;;"NÃO ALCANÇOU"
"RN";"240240";"Carnaúba dos Dantas";"X";;;;;"NÃO ALCANÇOU"
"RN";"240250";"Carnaubais";"X";;;;;"NÃO ALCANÇOU"
"RN";"240260";"Ceará-Mirim";"X";;;;;"NÃO ALCANÇOU"
"RN";"240270";"Cerro Corá";"X";;;;;"NÃO ALCANÇOU"
"RN";"240280";"Coronel Ezequiel";"X";;;;;"NÃO ALCANÇOU"
"RN";"240290";"Coronel João Pessoa";"X";;;;;"NÃO ALCANÇOU"
"RN";"240300";"Cruzeta";"X";;;;;"NÃO ALCANÇOU"
"RN";"240310";"Currais Novos";;0;1;0;0;"NÃO ALCANÇOU"
"RN";"240320";"Doutor Severiano";;1;1;100;100;"ALCANÇOU"
"RN";"240325";"Parnamirim";;1;3;33,3;33,3;"NÃO ALCANÇOU"
"RN";"240330";"Encanto";"X";;;;;"NÃO ALCANÇOU"
"RN";"240340";"Equador";"X";;;;;"NÃO ALCANÇOU"
"RN";"240350";"Espírito Santo";"X";;;;;"NÃO ALCANÇOU"
"RN";"240360";"Extremoz";"X";;;;;"NÃO ALCANÇOU"
"RN";"240370";"Felipe Guerra";"X";;;;;"NÃO ALCANÇOU"
"RN";"240375";"Fernando Pedroza";"X";;;;;"NÃO ALCANÇOU"
"RN";"240380";"Florânia";"X";;;;;"NÃO ALCANÇOU"
"RN";"240390";"Francisco Dantas";"X";;;;;"NÃO ALCANÇOU"
"RN";"240400";"Frutuoso Gomes";"X";;;;;"NÃO ALCANÇOU"
"RN";"240410";"Galinhos";"X";;;;;"NÃO ALCANÇOU"
"RN";"240420";"Goianinha";"X";;;;;"NÃO ALCANÇOU"
"RN";"240430";"Governador Dix-Sept Rosado";"X";;;;;"NÃO ALCANÇOU"
"RN";"240440";"Grossos";"X";;;;;"NÃO ALCANÇOU"
"RN";"240450";"Guamaré";"X";;;;;"NÃO ALCANÇOU"
"RN";"240460";"Ielmo Marinho";"X";;;;;"NÃO ALCANÇOU"
"RN";"240470";"Ipanguaçu";"X";;;;;"NÃO ALCANÇOU"
"RN";"240480";"Ipueira";"X";;;;;"NÃO ALCANÇOU"
"RN";"240485";"Itajá";"X";;;;;"NÃO ALCANÇOU"
"RN";"240490";"Itaú";"X";;;;;"NÃO ALCANÇOU"
"RN";"240500";"Jaçanã";"X";;;;;"NÃO ALCANÇOU"
"RN";"240510";"Jandaíra";"X";;;;;"NÃO ALCANÇOU"
"RN";"240520";"Janduís";"X";;;;;"NÃO ALCANÇOU"
"RN";"240530";"Januário Cicco";"X";;;;;"NÃO ALCANÇOU"
"RN";"240540";"Japi";"X";;;;;"NÃO ALCANÇOU"
"RN";"240550";"Jardim de Angicos";"X";;;;;"NÃO ALCANÇOU"
"RN";"240560";"Jardim de Piranhas";"X";;;;;"NÃO ALCANÇOU"
"RN";"240570";"Jardim do Seridó";"X";;;;;"NÃO ALCANÇOU"
"RN";"240580";"João Câmara";;0;1;0;0;"NÃO ALCANÇOU"
"RN";"240590";"João Dias";"X";;;;;"NÃO ALCANÇOU"
"RN";"240600";"José da Penha";"X";;;;;"NÃO ALCANÇOU"
"RN";"240610";"Jucurutu";"X";;;;;"NÃO ALCANÇOU"
"RN";"240615";"Jundiá";"X";;;;;"NÃO ALCANÇOU"
"RN";"240620";"Lagoa d'Anta";"X";;;;;"NÃO ALCANÇOU"
"RN";"240630";"Lagoa de Pedras";"X";;;;;"NÃO ALCANÇOU"
"RN";"240640";"Lagoa de Velhos";"X";;;;;"NÃO ALCANÇOU"
"RN";"240650";"Lagoa Nova";"X";;;;;"NÃO ALCANÇOU"
"RN";"240660";"Lagoa Salgada";"X";;;;;"NÃO ALCANÇOU"
"RN";"240670";"Lajes";"X";;;;;"NÃO ALCANÇOU"
"RN";"240680";"Lajes Pintadas";"X";;;;;"NÃO ALCANÇOU"
"RN";"240690";"Lucrécia";"X";;;;;"NÃO ALCANÇOU"
"RN";"240700";"Luís Gomes";"X";;;;;"NÃO ALCANÇOU"
"RN";"240710";"Macaíba";"X";;;;;"NÃO ALCANÇOU"
"RN";"240720";"Macau";"X";;;;;"NÃO ALCANÇOU"
"RN";"240725";"Major Sales";"X";;;;;"NÃO ALCANÇOU"
"RN";"240730";"Marcelino Vieira";"X";;;;;"NÃO ALCANÇOU"
"RN";"240740";"Martins";"X";;;;;"NÃO ALCANÇOU"
"RN";"240750";"Maxaranguape";"X";;;;;"NÃO ALCANÇOU"
"RN";"240760";"Messias Targino";"X";;;;;"NÃO ALCANÇOU"
"RN";"240770";"Montanhas";"X";;;;;"NÃO ALCANÇOU"
"RN";"240780";"Monte Alegre";"X";;;;;"NÃO ALCANÇOU"
"RN";"240790";"Monte das Gameleiras";"X";;;;;"NÃO ALCANÇOU"
"RN";"240800";"Mossoró";;1;1;100;100;"ALCANÇOU"
"RN";"240810";"Natal";;19;31;61,3;61,3;"NÃO ALCANÇOU"
"RN";"240820";"Nísia Floresta";"X";;;;;"NÃO ALCANÇOU"
"RN";"240830";"Nova Cruz";"X";;;;;"NÃO ALCANÇOU"
"RN";"240840";"Olho d'Água do Borges";"X";;;;;"NÃO ALCANÇOU"
"RN";"240850";"Ouro Branco";"X";;;;;"NÃO ALCANÇOU"
"RN";"240860";"Paraná";"X";;;;;"NÃO ALCANÇOU"
"RN";"240870";"Paraú";"X";;;;;"NÃO ALCANÇOU"
"RN";"240880";"Parazinho";"X";;;;;"NÃO ALCANÇOU"
"RN";"240890";"Parelhas";"X";;;;;"NÃO ALCANÇOU"
"RN";"240895";"Rio do Fogo";"X";;;;;"NÃO ALCANÇOU"
"RN";"240910";"Passa e Fica";"X";;;;;"NÃO ALCANÇOU"
"RN";"240920";"Passagem";"X";;;;;"NÃO ALCANÇOU"
"RN";"240930";"Patu";"X";;;;;"NÃO ALCANÇOU"
"RN";"240933";"Santa Maria";;2;2;100;100;"ALCANÇOU"
"RN";"240940";"Pau dos Ferros";;3;3;100;100;"ALCANÇOU"
"RN";"240950";"Pedra Grande";"X";;;;;"NÃO ALCANÇOU"
"RN";"240960";"Pedra Preta";"X";;;;;"NÃO ALCANÇOU"
"RN";"240970";"Pedro Avelino";"X";;;;;"NÃO ALCANÇOU"
"RN";"240980";"Pedro Velho";"X";;;;;"NÃO ALCANÇOU"
"RN";"240990";"Pendências";"X";;;;;"NÃO ALCANÇOU"
"RN";"241000";"Pilões";"X";;;;;"NÃO ALCANÇOU"
"RN";"241010";"Poço Branco";"X";;;;;"NÃO ALCANÇOU"
"RN";"241020";"Portalegre";"X";;;;;"NÃO ALCANÇOU"
"RN";"241025";"Porto do Mangue";"X";;;;;"NÃO ALCANÇOU"
"RN";"241030";"Serra Caiada";"X";;;;;"NÃO ALCANÇOU"
"RN";"241040";"Pureza";"X";;;;;"NÃO ALCANÇOU"
"RN";"241050";"Rafael Fernandes";"X";;;;;"NÃO ALCANÇOU"
"RN";"241060";"Rafael Godeiro";"X";;;;;"NÃO ALCANÇOU"
"RN";"241070";"Riacho da Cruz";"X";;;;;"NÃO ALCANÇOU"
"RN";"241080";"Riacho de Santana";"X";;;;;"NÃO ALCANÇOU"
"RN";"241090";"Riachuelo";"X";;;;;"NÃO ALCANÇOU"
"RN";"241100";"Rodolfo Fernandes";"X";;;;;"NÃO ALCANÇOU"
"RN";"241105";"Tibau";"X";;;;;"NÃO ALCANÇOU"
"RN";"241110";"Ruy Barbosa";"X";;;;;"NÃO ALCANÇOU"
"RN";"241120";"Santa Cruz";"X";;;;;"NÃO ALCANÇOU"
"RN";"241140";"Santana do Matos";"X";;;;;"NÃO ALCANÇOU"
"RN";"241142";"Santana do Seridó";"X";;;;;"NÃO ALCANÇOU"
"RN";"241150";"Santo Antônio";;2;2;100;100;"ALCANÇOU"
"RN";"241160";"São Bento do Norte";"X";;;;;"NÃO ALCANÇOU"
"RN";"241170";"São Bento do Trairí";"X";;;;;"NÃO ALCANÇOU"
"RN";"241180";"São Fernando";"X";;;;;"NÃO ALCANÇOU"
"RN";"241190";"São Francisco do Oeste";"X";;;;;"NÃO ALCANÇOU"
"RN";"241200";"São Gonçalo do Amarante";"X";;;;;"NÃO ALCANÇOU"
"RN";"241210";"São João do Sabugi";"X";;;;;"NÃO ALCANÇOU"
"RN";"241220";"São José de Mipibu";"X";;;;;"NÃO ALCANÇOU"
"RN";"241230";"São José do Campestre";"X";;;;;"NÃO ALCANÇOU"
"RN";"241240";"São José do Seridó";"X";;;;;"NÃO ALCANÇOU"
"RN";"241250";"São Miguel";"X";;;;;"NÃO ALCANÇOU"
"RN";"241255";"São Miguel do Gostoso";"X";;;;;"NÃO ALCANÇOU"
"RN";"241260";"São Paulo do Potengi";"X";;;;;"NÃO ALCANÇOU"
"RN";"241270";"São Pedro";"X";;;;;"NÃO ALCANÇOU"
"RN";"241280";"São Rafael";"X";;;;;"NÃO ALCANÇOU"
"RN";"241290";"São Tomé";"X";;;;;"NÃO ALCANÇOU"
"RN";"241300";"São Vicente";"X";;;;;"NÃO ALCANÇOU"
"RN";"241310";"Senador Elói de Souza";"X";;;;;"NÃO ALCANÇOU"
"RN";"241320";"Senador Georgino Avelino";"X";;;;;"NÃO ALCANÇOU"
"RN";"241330";"Serra de São Bento";"X";;;;;"NÃO ALCANÇOU"
"RN";"241335";"Serra do Mel";"X";;;;;"NÃO ALCANÇOU"
"RN";"241340";"Serra Negra do Norte";"X";;;;;"NÃO ALCANÇOU"
"RN";"241350";"Serrinha";"X";;;;;"NÃO ALCANÇOU"
"RN";"241355";"Serrinha dos Pintos";"X";;;;;"NÃO ALCANÇOU"
"RN";"241360";"Severiano Melo";"X";;;;;"NÃO ALCANÇOU"
"RN";"241370";"Sítio Novo";"X";;;;;"NÃO ALCANÇOU"
"RN";"241380";"Taboleiro Grande";"X";;;;;"NÃO ALCANÇOU"
"RN";"241390";"Taipu";"X";;;;;"NÃO ALCANÇOU"
"RN";"241400";"Tangará";"X";;;;;"NÃO ALCANÇOU"
"RN";"241410";"Tenente Ananias";"X";;;;;"NÃO ALCANÇOU"
"RN";"241415";"Tenente Laurentino Cruz";"X";;;;;"NÃO ALCANÇOU"
"RN";"241420";"Tibau do Sul";"X";;;;;"NÃO ALCANÇOU"
"RN";"241430";"Timbaúba dos Batistas";"X";;;;;"NÃO ALCANÇOU"
"RN";"241440";"Touros";"X";;;;;"NÃO ALCANÇOU"
"RN";"241445";"Triunfo Potiguar";"X";;;;;"NÃO ALCANÇOU"
"RN";"241450";"Umarizal";"X";;;;;"NÃO ALCANÇOU"
"RN";"241460";"Upanema";"X";;;;;"NÃO ALCANÇOU"
"RN";"241470";"Várzea";"X";;;;;"NÃO ALCANÇOU"
"RN";"241475";"Venha-Ver";"X";;;;;"NÃO ALCANÇOU"
"RN";"241480";"Vera Cruz";"X";;;;;"NÃO ALCANÇOU"
"RN";"241490";"Viçosa";"X";;;;;"NÃO ALCANÇOU"
"RN";"241500";"Vila Flor";"X";;;;;"NÃO ALCANÇOU"
"RO";"110001";"Alta Floresta D'Oeste";;0;1;0;0;"NÃO ALCANÇOU"
"RO";"110002";"Ariquemes";;1;1;100;100;"ALCANÇOU"
"RO";"110003";"Cabixi";"X";;;;;"NÃO ALCANÇOU"
"RO";"110004";"Cacoal";;13;13;100;100;"ALCANÇOU"
"RO";"110005";"Cerejeiras";"X";;;;;"NÃO ALCANÇOU"
"RO";"110006";"Colorado do Oeste";;1;1;100;100;"ALCANÇOU"
"RO";"110007";"Corumbiara";"X";;;;;"NÃO ALCANÇOU"
"RO";"110008";"Costa Marques";"X";;;;;"NÃO ALCANÇOU"
"RO";"110009";"Espigão D'Oeste";"X";;;;;"NÃO ALCANÇOU"
"RO";"110010";"Guajará-Mirim";"X";;;;;"NÃO ALCANÇOU"
"RO";"110011";"Jaru";"X";;;;;"NÃO ALCANÇOU"
"RO";"110012";"Ji-Paraná";"X";;;;;"NÃO ALCANÇOU"
"RO";"110013";"Machadinho D'Oeste";"X";;;;;"NÃO ALCANÇOU"
"RO";"110014";"Nova Brasilândia D'Oeste";"X";;;;;"NÃO ALCANÇOU"
"RO";"110015";"Ouro Preto do Oeste";"X";;;;;"NÃO ALCANÇOU"
"RO";"110018";"Pimenta Bueno";"X";;;;;"NÃO ALCANÇOU"
"RO";"110020";"Porto Velho";;14;14;100;100;"ALCANÇOU"
"RO";"110025";"Presidente Médici";"X";;;;;"NÃO ALCANÇOU"
"RO";"110026";"Rio Crespo";"X";;;;;"NÃO ALCANÇOU"
"RO";"110028";"Rolim de Moura";;2;2;100;100;"ALCANÇOU"
"RO";"110029";"Santa Luzia D'Oeste";"X";;;;;"NÃO ALCANÇOU"
"RO";"110030";"Vilhena";"X";;;;;"NÃO ALCANÇOU"
"RO";"110032";"São Miguel do Guaporé";"X";;;;;"NÃO ALCANÇOU"
"RO";"110033";"Nova Mamoré";"X";;;;;"NÃO ALCANÇOU"
"RO";"110034";"Alvorada D'Oeste";"X";;;;;"NÃO ALCANÇOU"
"RO";"110037";"Alto Alegre dos Parecis";"X";;;;;"NÃO ALCANÇOU"
"RO";"110040";"Alto Paraíso";"X";;;;;"NÃO ALCANÇOU"
"RO";"110045";"Buritis";"X";;;;;"NÃO ALCANÇOU"
"RO";"110050";"Novo Horizonte do Oeste";"X";;;;;"NÃO ALCANÇOU"
"RO";"110060";"Cacaulândia";"X";;;;;"NÃO ALCANÇOU"
"RO";"110070";"Campo Novo de Rondônia";"X";;;;;"NÃO ALCANÇOU"
"RO";"110080";"Candeias do Jamari";"X";;;;;"NÃO ALCANÇOU"
"RO";"110090";"Castanheiras";"X";;;;;"NÃO ALCANÇOU"
"RO";"110092";"Chupinguaia";;2;2;100;100;"ALCANÇOU"
"RO";"110094";"Cujubim";"X";;;;;"NÃO ALCANÇOU"
"RO";"110100";"Governador Jorge Teixeira";"X";;;;;"NÃO ALCANÇOU"
"RO";"110110";"Itapuã do Oeste";"X";;;;;"NÃO ALCANÇOU"
"RO";"110120";"Ministro Andreazza";"X";;;;;"NÃO ALCANÇOU"
"RO";"110130";"Mirante da Serra";"X";;;;;"NÃO ALCANÇOU"
"RO";"110140";"Monte Negro";"X";;;;;"NÃO ALCANÇOU"
"RO";"110143";"Nova União";"X";;;;;"NÃO ALCANÇOU"
"RO";"110145";"Parecis";"X";;;;;"NÃO ALCANÇOU"
"RO";"110146";"Pimenteiras do Oeste";"X";;;;;"NÃO ALCANÇOU"
"RO";"110147";"Primavera de Rondônia";"X";;;;;"NÃO ALCANÇOU"
"RO";"110148";"São Felipe D'Oeste";"X";;;;;"NÃO ALCANÇOU"
"RO";"110149";"São Francisco do Guaporé";"X";;;;;"NÃO ALCANÇOU"
"RO";"110150";"Seringueiras";"X";;;;;"NÃO ALCANÇOU"
"RO";"110155";"Teixeirópolis";"X";;;;;"NÃO ALCANÇOU"
"RO";"110160";"Theobroma";"X";;;;;"NÃO ALCANÇOU"
"RO";"110170";"Urupá";"X";;;;;"NÃO ALCANÇOU"
"RO";"110175";"Vale do Anari";"X";;;;;"NÃO ALCANÇOU"
"RO";"110180";"Vale do Paraíso";"X";;;;;"NÃO ALCANÇOU"
"RR";"140002";"Amajari";"X";;;;;"NÃO ALCANÇOU"
"RR";"140005";"Alto Alegre";"X";;;;;"NÃO ALCANÇOU"
"RR";"140010";"Boa Vista";;13;14;92,9;92,9;"ALCANÇOU"
"RR";"140015";"Bonfim";"X";;;;;"NÃO ALCANÇOU"
"RR";"140017";"Cantá";"X";;;;;"NÃO ALCANÇOU"
"RR";"140020";"Caracaraí";"X";;;;;"NÃO ALCANÇOU"
"RR";"140023";"Caroebe";"X";;;;;"NÃO ALCANÇOU"
"RR";"140028";"Iracema";"X";;;;;"NÃO ALCANÇOU"
"RR";"140030";"Mucajaí";"X";;;;;"NÃO ALCANÇOU"
"RR";"140040";"Normandia";"X";;;;;"NÃO ALCANÇOU"
"RR";"140045";"Pacaraima";"X";;;;;"NÃO ALCANÇOU"
"RR";"140047";"Rorainópolis";;2;2;100;100;"ALCANÇOU"
"RR";"140050";"São João da Baliza";"X";;;;;"NÃO ALCANÇOU"
"RR";"140060";"São Luiz";"X";;;;;"NÃO ALCANÇOU"
"RR";"140070";"Uiramutã";"X";;;;;"NÃO ALCANÇOU"
"RS";"430003";"Aceguá";"X";;;;;"NÃO ALCANÇOU"
"RS";"430005";"Água Santa";"X";;;;;"NÃO ALCANÇOU"
"RS";"430010";"Agudo";"X";;;;;"NÃO ALCANÇOU"
"RS";"430020";"Ajuricaba";"X";;;;;"NÃO ALCANÇOU"
"RS";"430030";"Alecrim";"X";;;;;"NÃO ALCANÇOU"
"RS";"430040";"Alegrete";"X";;;;;"NÃO ALCANÇOU"
"RS";"430045";"Alegria";"X";;;;;"NÃO ALCANÇOU"
"RS";"430047";"Almirante Tamandaré do Sul";"X";;;;;"NÃO ALCANÇOU"
"RS";"430050";"Alpestre";"X";;;;;"NÃO ALCANÇOU"
"RS";"430055";"Alto Alegre";"X";;;;;"NÃO ALCANÇOU"
"RS";"430057";"Alto Feliz";"X";;;;;"NÃO ALCANÇOU"
"RS";"430060";"Alvorada";;3;3;100;100;"ALCANÇOU"
"RS";"430063";"Amaral Ferrador";"X";;;;;"NÃO ALCANÇOU"
"RS";"430064";"Ametista do Sul";"X";;;;;"NÃO ALCANÇOU"
"RS";"430066";"André da Rocha";"X";;;;;"NÃO ALCANÇOU"
"RS";"430070";"Anta Gorda";"X";;;;;"NÃO ALCANÇOU"
"RS";"430080";"Antônio Prado";;1;1;100;100;"ALCANÇOU"
"RS";"430085";"Arambaré";"X";;;;;"NÃO ALCANÇOU"
"RS";"430087";"Araricá";"X";;;;;"NÃO ALCANÇOU"
"RS";"430090";"Aratiba";"X";;;;;"NÃO ALCANÇOU"
"RS";"430100";"Arroio do Meio";"X";;;;;"NÃO ALCANÇOU"
"RS";"430105";"Arroio do Sal";"X";;;;;"NÃO ALCANÇOU"
"RS";"430107";"Arroio do Padre";"X";;;;;"NÃO ALCANÇOU"
"RS";"430110";"Arroio dos Ratos";"X";;;;;"NÃO ALCANÇOU"
"RS";"430120";"Arroio do Tigre";"X";;;;;"NÃO ALCANÇOU"
"RS";"430130";"Arroio Grande";"X";;;;;"NÃO ALCANÇOU"
"RS";"430140";"Arvorezinha";"X";;;;;"NÃO ALCANÇOU"
"RS";"430150";"Augusto Pestana";"X";;;;;"NÃO ALCANÇOU"
"RS";"430155";"Áurea";"X";;;;;"NÃO ALCANÇOU"
"RS";"430160";"Bagé";"X";;;;;"NÃO ALCANÇOU"
"RS";"430163";"Balneário Pinhal";"X";;;;;"NÃO ALCANÇOU"
"RS";"430165";"Barão";"X";;;;;"NÃO ALCANÇOU"
"RS";"430170";"Barão de Cotegipe";"X";;;;;"NÃO ALCANÇOU"
"RS";"430175";"Barão do Triunfo";"X";;;;;"NÃO ALCANÇOU"
"RS";"430180";"Barracão";"X";;;;;"NÃO ALCANÇOU"
"RS";"430185";"Barra do Guarita";"X";;;;;"NÃO ALCANÇOU"
"RS";"430187";"Barra do Quaraí";"X";;;;;"NÃO ALCANÇOU"
"RS";"430190";"Barra do Ribeiro";"X";;;;;"NÃO ALCANÇOU"
"RS";"430192";"Barra do Rio Azul";"X";;;;;"NÃO ALCANÇOU"
"RS";"430195";"Barra Funda";"X";;;;;"NÃO ALCANÇOU"
"RS";"430200";"Barros Cassal";"X";;;;;"NÃO ALCANÇOU"
"RS";"430205";"Benjamin Constant do Sul";"X";;;;;"NÃO ALCANÇOU"
"RS";"430210";"Bento Gonçalves";"X";;;;;"NÃO ALCANÇOU"
"RS";"430215";"Boa Vista das Missões";"X";;;;;"NÃO ALCANÇOU"
"RS";"430220";"Boa Vista do Buricá";"X";;;;;"NÃO ALCANÇOU"
"RS";"430222";"Boa Vista do Cadeado";"X";;;;;"NÃO ALCANÇOU"
"RS";"430223";"Boa Vista do Incra";"X";;;;;"NÃO ALCANÇOU"
"RS";"430225";"Boa Vista do Sul";"X";;;;;"NÃO ALCANÇOU"
"RS";"430230";"Bom Jesus";"X";;;;;"NÃO ALCANÇOU"
"RS";"430235";"Bom Princípio";"X";;;;;"NÃO ALCANÇOU"
"RS";"430237";"Bom Progresso";"X";;;;;"NÃO ALCANÇOU"
"RS";"430240";"Bom Retiro do Sul";"X";;;;;"NÃO ALCANÇOU"
"RS";"430245";"Boqueirão do Leão";"X";;;;;"NÃO ALCANÇOU"
"RS";"430250";"Bossoroca";"X";;;;;"NÃO ALCANÇOU"
"RS";"430258";"Bozano";"X";;;;;"NÃO ALCANÇOU"
"RS";"430260";"Braga";"X";;;;;"NÃO ALCANÇOU"
"RS";"430265";"Brochier";"X";;;;;"NÃO ALCANÇOU"
"RS";"430270";"Butiá";"X";;;;;"NÃO ALCANÇOU"
"RS";"430280";"Caçapava do Sul";"X";;;;;"NÃO ALCANÇOU"
"RS";"430290";"Cacequi";"X";;;;;"NÃO ALCANÇOU"
"RS";"430300";"Cachoeira do Sul";;10;10;100;100;"ALCANÇOU"
"RS";"430310";"Cachoeirinha";;2;3;66,7;66,7;"NÃO ALCANÇOU"
"RS";"430320";"Cacique Doble";"X";;;;;"NÃO ALCANÇOU"
"RS";"430330";"Caibaté";"X";;;;;"NÃO ALCANÇOU"
"RS";"430340";"Caiçara";"X";;;;;"NÃO ALCANÇOU"
"RS";"430350";"Camaquã";"X";;;;;"NÃO ALCANÇOU"
"RS";"430355";"Camargo";"X";;;;;"NÃO ALCANÇOU"
"RS";"430360";"Cambará do Sul";"X";;;;;"NÃO ALCANÇOU"
"RS";"430367";"Campestre da Serra";"X";;;;;"NÃO ALCANÇOU"
"RS";"430370";"Campina das Missões";"X";;;;;"NÃO ALCANÇOU"
"RS";"430380";"Campinas do Sul";"X";;;;;"NÃO ALCANÇOU"
"RS";"430390";"Campo Bom";"X";;;;;"NÃO ALCANÇOU"
"RS";"430400";"Campo Novo";"X";;;;;"NÃO ALCANÇOU"
"RS";"430410";"Campos Borges";"X";;;;;"NÃO ALCANÇOU"
"RS";"430420";"Candelária";"X";;;;;"NÃO ALCANÇOU"
"RS";"430430";"Cândido Godói";"X";;;;;"NÃO ALCANÇOU"
"RS";"430435";"Candiota";"X";;;;;"NÃO ALCANÇOU"
"RS";"430440";"Canela";"X";;;;;"NÃO ALCANÇOU"
"RS";"430450";"Canguçu";"X";;;;;"NÃO ALCANÇOU"
"RS";"430460";"Canoas";;10;10;100;100;"ALCANÇOU"
"RS";"430461";"Canudos do Vale";"X";;;;;"NÃO ALCANÇOU"
"RS";"430462";"Capão Bonito do Sul";"X";;;;;"NÃO ALCANÇOU"
"RS";"430463";"Capão da Canoa";;2;2;100;100;"ALCANÇOU"
"RS";"430465";"Capão do Cipó";"X";;;;;"NÃO ALCANÇOU"
"RS";"430466";"Capão do Leão";"X";;;;;"NÃO ALCANÇOU"
"RS";"430467";"Capivari do Sul";"X";;;;;"NÃO ALCANÇOU"
"RS";"430468";"Capela de Santana";"X";;;;;"NÃO ALCANÇOU"
"RS";"430469";"Capitão";"X";;;;;"NÃO ALCANÇOU"
"RS";"430470";"Carazinho";;8;10;80;80;"ALCANÇOU"
"RS";"430471";"Caraá";"X";;;;;"NÃO ALCANÇOU"
"RS";"430480";"Carlos Barbosa";"X";;;;;"NÃO ALCANÇOU"
"RS";"430485";"Carlos Gomes";"X";;;;;"NÃO ALCANÇOU"
"RS";"430490";"Casca";"X";;;;;"NÃO ALCANÇOU"
"RS";"430495";"Caseiros";"X";;;;;"NÃO ALCANÇOU"
"RS";"430500";"Catuípe";"X";;;;;"NÃO ALCANÇOU"
"RS";"430510";"Caxias do Sul";;1;1;100;100;"ALCANÇOU"
"RS";"430511";"Centenário";"X";;;;;"NÃO ALCANÇOU"
"RS";"430512";"Cerrito";"X";;;;;"NÃO ALCANÇOU"
"RS";"430513";"Cerro Branco";"X";;;;;"NÃO ALCANÇOU"
"RS";"430515";"Cerro Grande";"X";;;;;"NÃO ALCANÇOU"
"RS";"430517";"Cerro Grande do Sul";"X";;;;;"NÃO ALCANÇOU"
"RS";"430520";"Cerro Largo";;1;1;100;100;"ALCANÇOU"
"RS";"430530";"Chapada";"X";;;;;"NÃO ALCANÇOU"
"RS";"430535";"Charqueadas";"X";;;;;"NÃO ALCANÇOU"
"RS";"430537";"Charrua";"X";;;;;"NÃO ALCANÇOU"
"RS";"430540";"Chiapetta";"X";;;;;"NÃO ALCANÇOU"
"RS";"430543";"Chuí";"X";;;;;"NÃO ALCANÇOU"
"RS";"430544";"Chuvisca";"X";;;;;"NÃO ALCANÇOU"
"RS";"430545";"Cidreira";"X";;;;;"NÃO ALCANÇOU"
"RS";"430550";"Ciríaco";"X";;;;;"NÃO ALCANÇOU"
"RS";"430558";"Colinas";"X";;;;;"NÃO ALCANÇOU"
"RS";"430560";"Colorado";"X";;;;;"NÃO ALCANÇOU"
"RS";"430570";"Condor";"X";;;;;"NÃO ALCANÇOU"
"RS";"430580";"Constantina";;1;1;100;100;"ALCANÇOU"
"RS";"430583";"Coqueiro Baixo";"X";;;;;"NÃO ALCANÇOU"
"RS";"430585";"Coqueiros do Sul";"X";;;;;"NÃO ALCANÇOU"
"RS";"430587";"Coronel Barros";"X";;;;;"NÃO ALCANÇOU"
"RS";"430590";"Coronel Bicaco";"X";;;;;"NÃO ALCANÇOU"
"RS";"430593";"Coronel Pilar";"X";;;;;"NÃO ALCANÇOU"
"RS";"430595";"Cotiporã";"X";;;;;"NÃO ALCANÇOU"
"RS";"430597";"Coxilha";"X";;;;;"NÃO ALCANÇOU"
"RS";"430600";"Crissiumal";"X";;;;;"NÃO ALCANÇOU"
"RS";"430605";"Cristal";"X";;;;;"NÃO ALCANÇOU"
"RS";"430607";"Cristal do Sul";"X";;;;;"NÃO ALCANÇOU"
"RS";"430610";"Cruz Alta";;2;2;100;100;"ALCANÇOU"
"RS";"430613";"Cruzaltense";"X";;;;;"NÃO ALCANÇOU"
"RS";"430620";"Cruzeiro do Sul";"X";;;;;"NÃO ALCANÇOU"
"RS";"430630";"David Canabarro";"X";;;;;"NÃO ALCANÇOU"
"RS";"430632";"Derrubadas";"X";;;;;"NÃO ALCANÇOU"
"RS";"430635";"Dezesseis de Novembro";"X";;;;;"NÃO ALCANÇOU"
"RS";"430637";"Dilermando de Aguiar";"X";;;;;"NÃO ALCANÇOU"
"RS";"430640";"Dois Irmãos";"X";;;;;"NÃO ALCANÇOU"
"RS";"430642";"Dois Irmãos das Missões";"X";;;;;"NÃO ALCANÇOU"
"RS";"430645";"Dois Lajeados";"X";;;;;"NÃO ALCANÇOU"
"RS";"430650";"Dom Feliciano";"X";;;;;"NÃO ALCANÇOU"
"RS";"430655";"Dom Pedro de Alcântara";"X";;;;;"NÃO ALCANÇOU"
"RS";"430660";"Dom Pedrito";"X";;;;;"NÃO ALCANÇOU"
"RS";"430670";"Dona Francisca";"X";;;;;"NÃO ALCANÇOU"
"RS";"430673";"Doutor Maurício Cardoso";"X";;;;;"NÃO ALCANÇOU"
"RS";"430675";"Doutor Ricardo";"X";;;;;"NÃO ALCANÇOU"
"RS";"430676";"Eldorado do Sul";"X";;;;;"NÃO ALCANÇOU"
"RS";"430680";"Encantado";"X";;;;;"NÃO ALCANÇOU"
"RS";"430690";"Encruzilhada do Sul";"X";;;;;"NÃO ALCANÇOU"
"RS";"430692";"Engenho Velho";"X";;;;;"NÃO ALCANÇOU"
"RS";"430693";"Entre-Ijuís";"X";;;;;"NÃO ALCANÇOU"
"RS";"430695";"Entre Rios do Sul";"X";;;;;"NÃO ALCANÇOU"
"RS";"430697";"Erebango";"X";;;;;"NÃO ALCANÇOU"
"RS";"430700";"Erechim";;4;5;80;80;"ALCANÇOU"
"RS";"430705";"Ernestina";"X";;;;;"NÃO ALCANÇOU"
"RS";"430710";"Herval";"X";;;;;"NÃO ALCANÇOU"
"RS";"430720";"Erval Grande";"X";;;;;"NÃO ALCANÇOU"
"RS";"430730";"Erval Seco";"X";;;;;"NÃO ALCANÇOU"
"RS";"430740";"Esmeralda";"X";;;;;"NÃO ALCANÇOU"
"RS";"430745";"Esperança do Sul";"X";;;;;"NÃO ALCANÇOU"
"RS";"430750";"Espumoso";"X";;;;;"NÃO ALCANÇOU"
"RS";"430755";"Estação";"X";;;;;"NÃO ALCANÇOU"
"RS";"430760";"Estância Velha";"X";;;;;"NÃO ALCANÇOU"
"RS";"430770";"Esteio";"X";;;;;"NÃO ALCANÇOU"
"RS";"430780";"Estrela";;2;2;100;100;"ALCANÇOU"
"RS";"430781";"Estrela Velha";"X";;;;;"NÃO ALCANÇOU"
"RS";"430783";"Eugênio de Castro";"X";;;;;"NÃO ALCANÇOU"
"RS";"430786";"Fagundes Varela";"X";;;;;"NÃO ALCANÇOU"
"RS";"430790";"Farroupilha";"X";;;;;"NÃO ALCANÇOU"
"RS";"430800";"Faxinal do Soturno";"X";;;;;"NÃO ALCANÇOU"
"RS";"430805";"Faxinalzinho";"X";;;;;"NÃO ALCANÇOU"
"RS";"430807";"Fazenda Vilanova";"X";;;;;"NÃO ALCANÇOU"
"RS";"430810";"Feliz";"X";;;;;"NÃO ALCANÇOU"
"RS";"430820";"Flores da Cunha";;1;1;100;100;"ALCANÇOU"
"RS";"430825";"Floriano Peixoto";"X";;;;;"NÃO ALCANÇOU"
"RS";"430830";"Fontoura Xavier";"X";;;;;"NÃO ALCANÇOU"
"RS";"430840";"Formigueiro";"X";;;;;"NÃO ALCANÇOU"
"RS";"430843";"Forquetinha";"X";;;;;"NÃO ALCANÇOU"
"RS";"430845";"Fortaleza dos Valos";"X";;;;;"NÃO ALCANÇOU"
"RS";"430850";"Frederico Westphalen";"X";;;;;"NÃO ALCANÇOU"
"RS";"430860";"Garibaldi";;1;1;100;100;"ALCANÇOU"
"RS";"430865";"Garruchos";"X";;;;;"NÃO ALCANÇOU"
"RS";"430870";"Gaurama";"X";;;;;"NÃO ALCANÇOU"
"RS";"430880";"General Câmara";"X";;;;;"NÃO ALCANÇOU"
"RS";"430885";"Gentil";"X";;;;;"NÃO ALCANÇOU"
"RS";"430890";"Getúlio Vargas";"X";;;;;"NÃO ALCANÇOU"
"RS";"430900";"Giruá";"X";;;;;"NÃO ALCANÇOU"
"RS";"430905";"Glorinha";"X";;;;;"NÃO ALCANÇOU"
"RS";"430910";"Gramado";"X";;;;;"NÃO ALCANÇOU"
"RS";"430912";"Gramado dos Loureiros";"X";;;;;"NÃO ALCANÇOU"
"RS";"430915";"Gramado Xavier";"X";;;;;"NÃO ALCANÇOU"
"RS";"430920";"Gravataí";;2;2;100;100;"ALCANÇOU"
"RS";"430925";"Guabiju";"X";;;;;"NÃO ALCANÇOU"
"RS";"430930";"Guaíba";"X";;;;;"NÃO ALCANÇOU"
"RS";"430940";"Guaporé";"X";;;;;"NÃO ALCANÇOU"
"RS";"430950";"Guarani das Missões";"X";;;;;"NÃO ALCANÇOU"
"RS";"430955";"Harmonia";"X";;;;;"NÃO ALCANÇOU"
"RS";"430957";"Herveiras";"X";;;;;"NÃO ALCANÇOU"
"RS";"430960";"Horizontina";"X";;;;;"NÃO ALCANÇOU"
"RS";"430965";"Hulha Negra";"X";;;;;"NÃO ALCANÇOU"
"RS";"430970";"Humaitá";"X";;;;;"NÃO ALCANÇOU"
"RS";"430975";"Ibarama";"X";;;;;"NÃO ALCANÇOU"
"RS";"430980";"Ibiaçá";"X";;;;;"NÃO ALCANÇOU"
"RS";"430990";"Ibiraiaras";"X";;;;;"NÃO ALCANÇOU"
"RS";"430995";"Ibirapuitã";"X";;;;;"NÃO ALCANÇOU"
"RS";"431000";"Ibirubá";"X";;;;;"NÃO ALCANÇOU"
"RS";"431010";"Igrejinha";"X";;;;;"NÃO ALCANÇOU"
"RS";"431020";"Ijuí";;1;1;100;100;"ALCANÇOU"
"RS";"431030";"Ilópolis";"X";;;;;"NÃO ALCANÇOU"
"RS";"431033";"Imbé";"X";;;;;"NÃO ALCANÇOU"
"RS";"431036";"Imigrante";"X";;;;;"NÃO ALCANÇOU"
"RS";"431040";"Independência";"X";;;;;"NÃO ALCANÇOU"
"RS";"431041";"Inhacorá";"X";;;;;"NÃO ALCANÇOU"
"RS";"431043";"Ipê";"X";;;;;"NÃO ALCANÇOU"
"RS";"431046";"Ipiranga do Sul";"X";;;;;"NÃO ALCANÇOU"
"RS";"431050";"Iraí";"X";;;;;"NÃO ALCANÇOU"
"RS";"431053";"Itaara";"X";;;;;"NÃO ALCANÇOU"
"RS";"431055";"Itacurubi";"X";;;;;"NÃO ALCANÇOU"
"RS";"431057";"Itapuca";"X";;;;;"NÃO ALCANÇOU"
"RS";"431060";"Itaqui";"X";;;;;"NÃO ALCANÇOU"
"RS";"431065";"Itati";"X";;;;;"NÃO ALCANÇOU"
"RS";"431070";"Itatiba do Sul";"X";;;;;"NÃO ALCANÇOU"
"RS";"431075";"Ivorá";"X";;;;;"NÃO ALCANÇOU"
"RS";"431080";"Ivoti";"X";;;;;"NÃO ALCANÇOU"
"RS";"431085";"Jaboticaba";"X";;;;;"NÃO ALCANÇOU"
"RS";"431087";"Jacuizinho";"X";;;;;"NÃO ALCANÇOU"
"RS";"431090";"Jacutinga";"X";;;;;"NÃO ALCANÇOU"
"RS";"431100";"Jaguarão";"X";;;;;"NÃO ALCANÇOU"
"RS";"431110";"Jaguari";"X";;;;;"NÃO ALCANÇOU"
"RS";"431112";"Jaquirana";"X";;;;;"NÃO ALCANÇOU"
"RS";"431113";"Jari";"X";;;;;"NÃO ALCANÇOU"
"RS";"431115";"Jóia";"X";;;;;"NÃO ALCANÇOU"
"RS";"431120";"Júlio de Castilhos";"X";;;;;"NÃO ALCANÇOU"
"RS";"431123";"Lagoa Bonita do Sul";"X";;;;;"NÃO ALCANÇOU"
"RS";"431125";"Lagoão";"X";;;;;"NÃO ALCANÇOU"
"RS";"431127";"Lagoa dos Três Cantos";"X";;;;;"NÃO ALCANÇOU"
"RS";"431130";"Lagoa Vermelha";"X";;;;;"NÃO ALCANÇOU"
"RS";"431140";"Lajeado";"X";;;;;"NÃO ALCANÇOU"
"RS";"431142";"Lajeado do Bugre";"X";;;;;"NÃO ALCANÇOU"
"RS";"431150";"Lavras do Sul";"X";;;;;"NÃO ALCANÇOU"
"RS";"431160";"Liberato Salzano";"X";;;;;"NÃO ALCANÇOU"
"RS";"431162";"Lindolfo Collor";"X";;;;;"NÃO ALCANÇOU"
"RS";"431164";"Linha Nova";"X";;;;;"NÃO ALCANÇOU"
"RS";"431170";"Machadinho";"X";;;;;"NÃO ALCANÇOU"
"RS";"431171";"Maçambará";"X";;;;;"NÃO ALCANÇOU"
"RS";"431173";"Mampituba";"X";;;;;"NÃO ALCANÇOU"
"RS";"431175";"Manoel Viana";"X";;;;;"NÃO ALCANÇOU"
"RS";"431177";"Maquiné";"X";;;;;"NÃO ALCANÇOU"
"RS";"431179";"Maratá";"X";;;;;"NÃO ALCANÇOU"
"RS";"431180";"Marau";"X";;;;;"NÃO ALCANÇOU"
"RS";"431190";"Marcelino Ramos";"X";;;;;"NÃO ALCANÇOU"
"RS";"431198";"Mariana Pimentel";"X";;;;;"NÃO ALCANÇOU"
"RS";"431200";"Mariano Moro";"X";;;;;"NÃO ALCANÇOU"
"RS";"431205";"Marques de Souza";"X";;;;;"NÃO ALCANÇOU"
"RS";"431210";"Mata";"X";;;;;"NÃO ALCANÇOU"
"RS";"431213";"Mato Castelhano";"X";;;;;"NÃO ALCANÇOU"
"RS";"431215";"Mato Leitão";"X";;;;;"NÃO ALCANÇOU"
"RS";"431217";"Mato Queimado";"X";;;;;"NÃO ALCANÇOU"
"RS";"431220";"Maximiliano de Almeida";"X";;;;;"NÃO ALCANÇOU"
"RS";"431225";"Minas do Leão";"X";;;;;"NÃO ALCANÇOU"
"RS";"431230";"Miraguaí";"X";;;;;"NÃO ALCANÇOU"
"RS";"431235";"Montauri";"X";;;;;"NÃO ALCANÇOU"
"RS";"431237";"Monte Alegre dos Campos";"X";;;;;"NÃO ALCANÇOU"
"RS";"431238";"Monte Belo do Sul";"X";;;;;"NÃO ALCANÇOU"
"RS";"431240";"Montenegro";"X";;;;;"NÃO ALCANÇOU"
"RS";"431242";"Mormaço";"X";;;;;"NÃO ALCANÇOU"
"RS";"431244";"Morrinhos do Sul";"X";;;;;"NÃO ALCANÇOU"
"RS";"431245";"Morro Redondo";"X";;;;;"NÃO ALCANÇOU"
"RS";"431247";"Morro Reuter";"X";;;;;"NÃO ALCANÇOU"
"RS";"431250";"Mostardas";"X";;;;;"NÃO ALCANÇOU"
"RS";"431260";"Muçum";"X";;;;;"NÃO ALCANÇOU"
"RS";"431261";"Muitos Capões";"X";;;;;"NÃO ALCANÇOU"
"RS";"431262";"Muliterno";"X";;;;;"NÃO ALCANÇOU"
"RS";"431265";"Não-Me-Toque";"X";;;;;"NÃO ALCANÇOU"
"RS";"431267";"Nicolau Vergueiro";"X";;;;;"NÃO ALCANÇOU"
"RS";"431270";"Nonoai";"X";;;;;"NÃO ALCANÇOU"
"RS";"431275";"Nova Alvorada";"X";;;;;"NÃO ALCANÇOU"
"RS";"431280";"Nova Araçá";"X";;;;;"NÃO ALCANÇOU"
"RS";"431290";"Nova Bassano";"X";;;;;"NÃO ALCANÇOU"
"RS";"431295";"Nova Boa Vista";"X";;;;;"NÃO ALCANÇOU"
"RS";"431300";"Nova Bréscia";"X";;;;;"NÃO ALCANÇOU"
"RS";"431301";"Nova Candelária";"X";;;;;"NÃO ALCANÇOU"
"RS";"431303";"Nova Esperança do Sul";"X";;;;;"NÃO ALCANÇOU"
"RS";"431306";"Nova Hartz";;1;1;100;100;"ALCANÇOU"
"RS";"431308";"Nova Pádua";"X";;;;;"NÃO ALCANÇOU"
"RS";"431310";"Nova Palma";"X";;;;;"NÃO ALCANÇOU"
"RS";"431320";"Nova Petrópolis";"X";;;;;"NÃO ALCANÇOU"
"RS";"431330";"Nova Prata";"X";;;;;"NÃO ALCANÇOU"
"RS";"431333";"Nova Ramada";"X";;;;;"NÃO ALCANÇOU"
"RS";"431335";"Nova Roma do Sul";"X";;;;;"NÃO ALCANÇOU"
"RS";"431337";"Nova Santa Rita";"X";;;;;"NÃO ALCANÇOU"
"RS";"431339";"Novo Cabrais";"X";;;;;"NÃO ALCANÇOU"
"RS";"431340";"Novo Hamburgo";;1;1;100;100;"ALCANÇOU"
"RS";"431342";"Novo Machado";;1;1;100;100;"ALCANÇOU"
"RS";"431344";"Novo Tiradentes";"X";;;;;"NÃO ALCANÇOU"
"RS";"431346";"Novo Xingu";"X";;;;;"NÃO ALCANÇOU"
"RS";"431349";"Novo Barreiro";"X";;;;;"NÃO ALCANÇOU"
"RS";"431350";"Osório";"X";;;;;"NÃO ALCANÇOU"
"RS";"431360";"Paim Filho";"X";;;;;"NÃO ALCANÇOU"
"RS";"431365";"Palmares do Sul";"X";;;;;"NÃO ALCANÇOU"
"RS";"431370";"Palmeira das Missões";;1;1;100;100;"ALCANÇOU"
"RS";"431380";"Palmitinho";"X";;;;;"NÃO ALCANÇOU"
"RS";"431390";"Panambi";"X";;;;;"NÃO ALCANÇOU"
"RS";"431395";"Pantano Grande";"X";;;;;"NÃO ALCANÇOU"
"RS";"431400";"Paraí";"X";;;;;"NÃO ALCANÇOU"
"RS";"431402";"Paraíso do Sul";"X";;;;;"NÃO ALCANÇOU"
"RS";"431403";"Pareci Novo";"X";;;;;"NÃO ALCANÇOU"
"RS";"431405";"Parobé";;1;1;100;100;"ALCANÇOU"
"RS";"431406";"Passa Sete";"X";;;;;"NÃO ALCANÇOU"
"RS";"431407";"Passo do Sobrado";"X";;;;;"NÃO ALCANÇOU"
"RS";"431410";"Passo Fundo";;6;9;66,7;66,7;"NÃO ALCANÇOU"
"RS";"431413";"Paulo Bento";"X";;;;;"NÃO ALCANÇOU"
"RS";"431415";"Paverama";"X";;;;;"NÃO ALCANÇOU"
"RS";"431417";"Pedras Altas";"X";;;;;"NÃO ALCANÇOU"
"RS";"431420";"Pedro Osório";"X";;;;;"NÃO ALCANÇOU"
"RS";"431430";"Pejuçara";"X";;;;;"NÃO ALCANÇOU"
"RS";"431440";"Pelotas";;2;2;100;100;"ALCANÇOU"
"RS";"431442";"Picada Café";"X";;;;;"NÃO ALCANÇOU"
"RS";"431445";"Pinhal";"X";;;;;"NÃO ALCANÇOU"
"RS";"431446";"Pinhal da Serra";"X";;;;;"NÃO ALCANÇOU"
"RS";"431447";"Pinhal Grande";"X";;;;;"NÃO ALCANÇOU"
"RS";"431449";"Pinheirinho do Vale";"X";;;;;"NÃO ALCANÇOU"
"RS";"431450";"Pinheiro Machado";"X";;;;;"NÃO ALCANÇOU"
"RS";"431454";"Pinto Bandeira";"X";;;;;"NÃO ALCANÇOU"
"RS";"431455";"Pirapó";"X";;;;;"NÃO ALCANÇOU"
"RS";"431460";"Piratini";"X";;;;;"NÃO ALCANÇOU"
"RS";"431470";"Planalto";"X";;;;;"NÃO ALCANÇOU"
"RS";"431475";"Poço das Antas";"X";;;;;"NÃO ALCANÇOU"
"RS";"431477";"Pontão";"X";;;;;"NÃO ALCANÇOU"
"RS";"431478";"Ponte Preta";"X";;;;;"NÃO ALCANÇOU"
"RS";"431480";"Portão";"X";;;;;"NÃO ALCANÇOU"
"RS";"431490";"Porto Alegre";;50;66;75,8;75,8;"ALCANÇOU"
"RS";"431500";"Porto Lucena";"X";;;;;"NÃO ALCANÇOU"
"RS";"431505";"Porto Mauá";"X";;;;;"NÃO ALCANÇOU"
"RS";"431507";"Porto Vera Cruz";"X";;;;;"NÃO ALCANÇOU"
"RS";"431510";"Porto Xavier";"X";;;;;"NÃO ALCANÇOU"
"RS";"431513";"Pouso Novo";"X";;;;;"NÃO ALCANÇOU"
"RS";"431514";"Presidente Lucena";"X";;;;;"NÃO ALCANÇOU"
"RS";"431515";"Progresso";"X";;;;;"NÃO ALCANÇOU"
"RS";"431517";"Protásio Alves";"X";;;;;"NÃO ALCANÇOU"
"RS";"431520";"Putinga";"X";;;;;"NÃO ALCANÇOU"
"RS";"431530";"Quaraí";"X";;;;;"NÃO ALCANÇOU"
"RS";"431531";"Quatro Irmãos";"X";;;;;"NÃO ALCANÇOU"
"RS";"431532";"Quevedos";"X";;;;;"NÃO ALCANÇOU"
"RS";"431535";"Quinze de Novembro";"X";;;;;"NÃO ALCANÇOU"
"RS";"431540";"Redentora";"X";;;;;"NÃO ALCANÇOU"
"RS";"431545";"Relvado";"X";;;;;"NÃO ALCANÇOU"
"RS";"431550";"Restinga Sêca";"X";;;;;"NÃO ALCANÇOU"
"RS";"431555";"Rio dos Índios";"X";;;;;"NÃO ALCANÇOU"
"RS";"431560";"Rio Grande";"X";;;;;"NÃO ALCANÇOU"
"RS";"431570";"Rio Pardo";;1;1;100;100;"ALCANÇOU"
"RS";"431575";"Riozinho";"X";;;;;"NÃO ALCANÇOU"
"RS";"431580";"Roca Sales";"X";;;;;"NÃO ALCANÇOU"
"RS";"431590";"Rodeio Bonito";"X";;;;;"NÃO ALCANÇOU"
"RS";"431595";"Rolador";"X";;;;;"NÃO ALCANÇOU"
"RS";"431600";"Rolante";;1;1;100;100;"ALCANÇOU"
"RS";"431610";"Ronda Alta";"X";;;;;"NÃO ALCANÇOU"
"RS";"431620";"Rondinha";"X";;;;;"NÃO ALCANÇOU"
"RS";"431630";"Roque Gonzales";"X";;;;;"NÃO ALCANÇOU"
"RS";"431640";"Rosário do Sul";"X";;;;;"NÃO ALCANÇOU"
"RS";"431642";"Sagrada Família";"X";;;;;"NÃO ALCANÇOU"
"RS";"431643";"Saldanha Marinho";"X";;;;;"NÃO ALCANÇOU"
"RS";"431645";"Salto do Jacuí";;1;1;100;100;"ALCANÇOU"
"RS";"431647";"Salvador das Missões";;1;1;100;100;"ALCANÇOU"
"RS";"431650";"Salvador do Sul";"X";;;;;"NÃO ALCANÇOU"
"RS";"431660";"Sananduva";"X";;;;;"NÃO ALCANÇOU"
"RS";"431670";"Santa Bárbara do Sul";"X";;;;;"NÃO ALCANÇOU"
"RS";"431673";"Santa Cecília do Sul";"X";;;;;"NÃO ALCANÇOU"
"RS";"431675";"Santa Clara do Sul";"X";;;;;"NÃO ALCANÇOU"
"RS";"431680";"Santa Cruz do Sul";;4;4;100;100;"ALCANÇOU"
"RS";"431690";"Santa Maria";;2;2;100;100;"ALCANÇOU"
"RS";"431695";"Santa Maria do Herval";"X";;;;;"NÃO ALCANÇOU"
"RS";"431697";"Santa Margarida do Sul";"X";;;;;"NÃO ALCANÇOU"
"RS";"431700";"Santana da Boa Vista";"X";;;;;"NÃO ALCANÇOU"
"RS";"431710";"Sant'Ana do Livramento";;1;1;100;100;"ALCANÇOU"
"RS";"431720";"Santa Rosa";;3;4;75;75;"ALCANÇOU"
"RS";"431725";"Santa Tereza";"X";;;;;"NÃO ALCANÇOU"
"RS";"431730";"Santa Vitória do Palmar";"X";;;;;"NÃO ALCANÇOU"
"RS";"431740";"Santiago";"X";;;;;"NÃO ALCANÇOU"
"RS";"431750";"Santo Ângelo";;3;3;100;100;"ALCANÇOU"
"RS";"431755";"Santo Antônio do Palma";"X";;;;;"NÃO ALCANÇOU"
"RS";"431760";"Santo Antônio da Patrulha";"X";;;;;"NÃO ALCANÇOU"
"RS";"431770";"Santo Antônio das Missões";"X";;;;;"NÃO ALCANÇOU"
"RS";"431775";"Santo Antônio do Planalto";"X";;;;;"NÃO ALCANÇOU"
"RS";"431780";"Santo Augusto";"X";;;;;"NÃO ALCANÇOU"
"RS";"431790";"Santo Cristo";"X";;;;;"NÃO ALCANÇOU"
"RS";"431795";"Santo Expedito do Sul";"X";;;;;"NÃO ALCANÇOU"
"RS";"431800";"São Borja";;5;5;100;100;"ALCANÇOU"
"RS";"431805";"São Domingos do Sul";"X";;;;;"NÃO ALCANÇOU"
"RS";"431810";"São Francisco de Assis";"X";;;;;"NÃO ALCANÇOU"
"RS";"431820";"São Francisco de Paula";"X";;;;;"NÃO ALCANÇOU"
"RS";"431830";"São Gabriel";"X";;;;;"NÃO ALCANÇOU"
"RS";"431840";"São Jerônimo";"X";;;;;"NÃO ALCANÇOU"
"RS";"431842";"São João da Urtiga";"X";;;;;"NÃO ALCANÇOU"
"RS";"431843";"São João do Polêsine";"X";;;;;"NÃO ALCANÇOU"
"RS";"431844";"São Jorge";"X";;;;;"NÃO ALCANÇOU"
"RS";"431845";"São José das Missões";"X";;;;;"NÃO ALCANÇOU"
"RS";"431846";"São José do Herval";"X";;;;;"NÃO ALCANÇOU"
"RS";"431848";"São José do Hortêncio";"X";;;;;"NÃO ALCANÇOU"
"RS";"431849";"São José do Inhacorá";"X";;;;;"NÃO ALCANÇOU"
"RS";"431850";"São José do Norte";"X";;;;;"NÃO ALCANÇOU"
"RS";"431860";"São José do Ouro";"X";;;;;"NÃO ALCANÇOU"
"RS";"431861";"São José do Sul";"X";;;;;"NÃO ALCANÇOU"
"RS";"431862";"São José dos Ausentes";"X";;;;;"NÃO ALCANÇOU"
"RS";"431870";"São Leopoldo";;2;2;100;100;"ALCANÇOU"
"RS";"431880";"São Lourenço do Sul";"X";;;;;"NÃO ALCANÇOU"
"RS";"431890";"São Luiz Gonzaga";"X";;;;;"NÃO ALCANÇOU"
"RS";"431900";"São Marcos";"X";;;;;"NÃO ALCANÇOU"
"RS";"431910";"São Martinho";"X";;;;;"NÃO ALCANÇOU"
"RS";"431912";"São Martinho da Serra";"X";;;;;"NÃO ALCANÇOU"
"RS";"431915";"São Miguel das Missões";;6;7;85,7;85,7;"ALCANÇOU"
"RS";"431920";"São Nicolau";"X";;;;;"NÃO ALCANÇOU"
"RS";"431930";"São Paulo das Missões";"X";;;;;"NÃO ALCANÇOU"
"RS";"431935";"São Pedro da Serra";"X";;;;;"NÃO ALCANÇOU"
"RS";"431936";"São Pedro das Missões";"X";;;;;"NÃO ALCANÇOU"
"RS";"431937";"São Pedro do Butiá";"X";;;;;"NÃO ALCANÇOU"
"RS";"431940";"São Pedro do Sul";"X";;;;;"NÃO ALCANÇOU"
"RS";"431950";"São Sebastião do Caí";"X";;;;;"NÃO ALCANÇOU"
"RS";"431960";"São Sepé";"X";;;;;"NÃO ALCANÇOU"
"RS";"431970";"São Valentim";"X";;;;;"NÃO ALCANÇOU"
"RS";"431971";"São Valentim do Sul";"X";;;;;"NÃO ALCANÇOU"
"RS";"431973";"São Valério do Sul";"X";;;;;"NÃO ALCANÇOU"
"RS";"431975";"São Vendelino";"X";;;;;"NÃO ALCANÇOU"
"RS";"431980";"São Vicente do Sul";"X";;;;;"NÃO ALCANÇOU"
"RS";"431990";"Sapiranga";;1;1;100;100;"ALCANÇOU"
"RS";"432000";"Sapucaia do Sul";;4;5;80;80;"ALCANÇOU"
"RS";"432010";"Sarandi";"X";;;;;"NÃO ALCANÇOU"
"RS";"432020";"Seberi";"X";;;;;"NÃO ALCANÇOU"
"RS";"432023";"Sede Nova";"X";;;;;"NÃO ALCANÇOU"
"RS";"432026";"Segredo";"X";;;;;"NÃO ALCANÇOU"
"RS";"432030";"Selbach";"X";;;;;"NÃO ALCANÇOU"
"RS";"432032";"Senador Salgado Filho";"X";;;;;"NÃO ALCANÇOU"
"RS";"432035";"Sentinela do Sul";"X";;;;;"NÃO ALCANÇOU"
"RS";"432040";"Serafina Corrêa";"X";;;;;"NÃO ALCANÇOU"
"RS";"432045";"Sério";"X";;;;;"NÃO ALCANÇOU"
"RS";"432050";"Sertão";"X";;;;;"NÃO ALCANÇOU"
"RS";"432055";"Sertão Santana";"X";;;;;"NÃO ALCANÇOU"
"RS";"432057";"Sete de Setembro";"X";;;;;"NÃO ALCANÇOU"
"RS";"432060";"Severiano de Almeida";"X";;;;;"NÃO ALCANÇOU"
"RS";"432065";"Silveira Martins";"X";;;;;"NÃO ALCANÇOU"
"RS";"432067";"Sinimbu";"X";;;;;"NÃO ALCANÇOU"
"RS";"432070";"Sobradinho";"X";;;;;"NÃO ALCANÇOU"
"RS";"432080";"Soledade";"X";;;;;"NÃO ALCANÇOU"
"RS";"432085";"Tabaí";"X";;;;;"NÃO ALCANÇOU"
"RS";"432090";"Tapejara";"X";;;;;"NÃO ALCANÇOU"
"RS";"432100";"Tapera";"X";;;;;"NÃO ALCANÇOU"
"RS";"432110";"Tapes";"X";;;;;"NÃO ALCANÇOU"
"RS";"432120";"Taquara";"X";;;;;"NÃO ALCANÇOU"
"RS";"432130";"Taquari";"X";;;;;"NÃO ALCANÇOU"
"RS";"432132";"Taquaruçu do Sul";"X";;;;;"NÃO ALCANÇOU"
"RS";"432135";"Tavares";"X";;;;;"NÃO ALCANÇOU"
"RS";"432140";"Tenente Portela";;1;1;100;100;"ALCANÇOU"
"RS";"432143";"Terra de Areia";"X";;;;;"NÃO ALCANÇOU"
"RS";"432145";"Teutônia";"X";;;;;"NÃO ALCANÇOU"
"RS";"432146";"Tio Hugo";"X";;;;;"NÃO ALCANÇOU"
"RS";"432147";"Tiradentes do Sul";"X";;;;;"NÃO ALCANÇOU"
"RS";"432149";"Toropi";"X";;;;;"NÃO ALCANÇOU"
"RS";"432150";"Torres";;2;2;100;100;"ALCANÇOU"
"RS";"432160";"Tramandaí";"X";;;;;"NÃO ALCANÇOU"
"RS";"432162";"Travesseiro";"X";;;;;"NÃO ALCANÇOU"
"RS";"432163";"Três Arroios";"X";;;;;"NÃO ALCANÇOU"
"RS";"432166";"Três Cachoeiras";"X";;;;;"NÃO ALCANÇOU"
"RS";"432170";"Três Coroas";"X";;;;;"NÃO ALCANÇOU"
"RS";"432180";"Três de Maio";"X";;;;;"NÃO ALCANÇOU"
"RS";"432183";"Três Forquilhas";"X";;;;;"NÃO ALCANÇOU"
"RS";"432185";"Três Palmeiras";"X";;;;;"NÃO ALCANÇOU"
"RS";"432190";"Três Passos";;1;1;100;100;"ALCANÇOU"
"RS";"432195";"Trindade do Sul";"X";;;;;"NÃO ALCANÇOU"
"RS";"432200";"Triunfo";;1;1;100;100;"ALCANÇOU"
"RS";"432210";"Tucunduva";"X";;;;;"NÃO ALCANÇOU"
"RS";"432215";"Tunas";"X";;;;;"NÃO ALCANÇOU"
"RS";"432218";"Tupanci do Sul";"X";;;;;"NÃO ALCANÇOU"
"RS";"432220";"Tupanciretã";"X";;;;;"NÃO ALCANÇOU"
"RS";"432225";"Tupandi";"X";;;;;"NÃO ALCANÇOU"
"RS";"432230";"Tuparendi";"X";;;;;"NÃO ALCANÇOU"
"RS";"432232";"Turuçu";"X";;;;;"NÃO ALCANÇOU"
"RS";"432234";"Ubiretama";"X";;;;;"NÃO ALCANÇOU"
"RS";"432235";"União da Serra";"X";;;;;"NÃO ALCANÇOU"
"RS";"432237";"Unistalda";"X";;;;;"NÃO ALCANÇOU"
"RS";"432240";"Uruguaiana";;1;1;100;100;"ALCANÇOU"
"RS";"432250";"Vacaria";"X";;;;;"NÃO ALCANÇOU"
"RS";"432252";"Vale Verde";"X";;;;;"NÃO ALCANÇOU"
"RS";"432253";"Vale do Sol";"X";;;;;"NÃO ALCANÇOU"
"RS";"432254";"Vale Real";"X";;;;;"NÃO ALCANÇOU"
"RS";"432255";"Vanini";"X";;;;;"NÃO ALCANÇOU"
"RS";"432260";"Venâncio Aires";;2;2;100;100;"ALCANÇOU"
"RS";"432270";"Vera Cruz";"X";;;;;"NÃO ALCANÇOU"
"RS";"432280";"Veranópolis";"X";;;;;"NÃO ALCANÇOU"
"RS";"432285";"Vespasiano Corrêa";"X";;;;;"NÃO ALCANÇOU"
"RS";"432290";"Viadutos";"X";;;;;"NÃO ALCANÇOU"
"RS";"432300";"Viamão";;4;4;100;100;"ALCANÇOU"
"RS";"432310";"Vicente Dutra";"X";;;;;"NÃO ALCANÇOU"
"RS";"432320";"Victor Graeff";"X";;;;;"NÃO ALCANÇOU"
"RS";"432330";"Vila Flores";"X";;;;;"NÃO ALCANÇOU"
"RS";"432335";"Vila Lângaro";"X";;;;;"NÃO ALCANÇOU"
"RS";"432340";"Vila Maria";"X";;;;;"NÃO ALCANÇOU"
"RS";"432345";"Vila Nova do Sul";"X";;;;;"NÃO ALCANÇOU"
"RS";"432350";"Vista Alegre";"X";;;;;"NÃO ALCANÇOU"
"RS";"432360";"Vista Alegre do Prata";"X";;;;;"NÃO ALCANÇOU"
"RS";"432370";"Vista Gaúcha";"X";;;;;"NÃO ALCANÇOU"
"RS";"432375";"Vitória das Missões";"X";;;;;"NÃO ALCANÇOU"
"RS";"432377";"Westfália";"X";;;;;"NÃO ALCANÇOU"
"RS";"432380";"Xangri-lá";"X";;;;;"NÃO ALCANÇOU"
"SC";"420005";"Abdon Batista";"X";;;;;"NÃO ALCANÇOU"
"SC";"420010";"Abelardo Luz";"X";;;;;"NÃO ALCANÇOU"
"SC";"420020";"Agrolândia";"X";;;;;"NÃO ALCANÇOU"
"SC";"420030";"Agronômica";"X";;;;;"NÃO ALCANÇOU"
"SC";"420040";"Água Doce";"X";;;;;"NÃO ALCANÇOU"
"SC";"420050";"Águas de Chapecó";"X";;;;;"NÃO ALCANÇOU"
"SC";"420055";"Águas Frias";"X";;;;;"NÃO ALCANÇOU"
"SC";"420060";"Águas Mornas";"X";;;;;"NÃO ALCANÇOU"
"SC";"420070";"Alfredo Wagner";"X";;;;;"NÃO ALCANÇOU"
"SC";"420075";"Alto Bela Vista";"X";;;;;"NÃO ALCANÇOU"
"SC";"420080";"Anchieta";"X";;;;;"NÃO ALCANÇOU"
"SC";"420090";"Angelina";"X";;;;;"NÃO ALCANÇOU"
"SC";"420100";"Anita Garibaldi";"X";;;;;"NÃO ALCANÇOU"
"SC";"420110";"Anitápolis";"X";;;;;"NÃO ALCANÇOU"
"SC";"420120";"Antônio Carlos";"X";;;;;"NÃO ALCANÇOU"
"SC";"420125";"Apiúna";"X";;;;;"NÃO ALCANÇOU"
"SC";"420127";"Arabutã";"X";;;;;"NÃO ALCANÇOU"
"SC";"420130";"Araquari";;4;4;100;100;"ALCANÇOU"
"SC";"420140";"Araranguá";"X";;;;;"NÃO ALCANÇOU"
"SC";"420150";"Armazém";"X";;;;;"NÃO ALCANÇOU"
"SC";"420160";"Arroio Trinta";"X";;;;;"NÃO ALCANÇOU"
"SC";"420165";"Arvoredo";"X";;;;;"NÃO ALCANÇOU"
"SC";"420170";"Ascurra";"X";;;;;"NÃO ALCANÇOU"
"SC";"420180";"Atalanta";"X";;;;;"NÃO ALCANÇOU"
"SC";"420190";"Aurora";"X";;;;;"NÃO ALCANÇOU"
"SC";"420195";"Balneário Arroio do Silva";"X";;;;;"NÃO ALCANÇOU"
"SC";"420200";"Balneário Camboriú";;7;9;77,8;77,8;"ALCANÇOU"
"SC";"420205";"Balneário Barra do Sul";;1;1;100;100;"ALCANÇOU"
"SC";"420207";"Balneário Gaivota";;1;1;100;100;"ALCANÇOU"
"SC";"420208";"Bandeirante";"X";;;;;"NÃO ALCANÇOU"
"SC";"420209";"Barra Bonita";"X";;;;;"NÃO ALCANÇOU"
"SC";"420210";"Barra Velha";"X";;;;;"NÃO ALCANÇOU"
"SC";"420213";"Bela Vista do Toldo";"X";;;;;"NÃO ALCANÇOU"
"SC";"420215";"Belmonte";"X";;;;;"NÃO ALCANÇOU"
"SC";"420220";"Benedito Novo";"X";;;;;"NÃO ALCANÇOU"
"SC";"420230";"Biguaçu";"X";;;;;"NÃO ALCANÇOU"
"SC";"420240";"Blumenau";;4;4;100;100;"ALCANÇOU"
"SC";"420243";"Bocaina do Sul";"X";;;;;"NÃO ALCANÇOU"
"SC";"420245";"Bombinhas";;1;1;100;100;"ALCANÇOU"
"SC";"420250";"Bom Jardim da Serra";"X";;;;;"NÃO ALCANÇOU"
"SC";"420253";"Bom Jesus";"X";;;;;"NÃO ALCANÇOU"
"SC";"420257";"Bom Jesus do Oeste";"X";;;;;"NÃO ALCANÇOU"
"SC";"420260";"Bom Retiro";"X";;;;;"NÃO ALCANÇOU"
"SC";"420270";"Botuverá";"X";;;;;"NÃO ALCANÇOU"
"SC";"420280";"Braço do Norte";;1;1;100;100;"ALCANÇOU"
"SC";"420285";"Braço do Trombudo";"X";;;;;"NÃO ALCANÇOU"
"SC";"420287";"Brunópolis";"X";;;;;"NÃO ALCANÇOU"
"SC";"420290";"Brusque";;4;4;100;100;"ALCANÇOU"
"SC";"420300";"Caçador";"X";;;;;"NÃO ALCANÇOU"
"SC";"420310";"Caibi";"X";;;;;"NÃO ALCANÇOU"
"SC";"420315";"Calmon";"X";;;;;"NÃO ALCANÇOU"
"SC";"420320";"Camboriú";"X";;;;;"NÃO ALCANÇOU"
"SC";"420325";"Capão Alto";"X";;;;;"NÃO ALCANÇOU"
"SC";"420330";"Campo Alegre";"X";;;;;"NÃO ALCANÇOU"
"SC";"420340";"Campo Belo do Sul";"X";;;;;"NÃO ALCANÇOU"
"SC";"420350";"Campo Erê";"X";;;;;"NÃO ALCANÇOU"
"SC";"420360";"Campos Novos";"X";;;;;"NÃO ALCANÇOU"
"SC";"420370";"Canelinha";"X";;;;;"NÃO ALCANÇOU"
"SC";"420380";"Canoinhas";"X";;;;;"NÃO ALCANÇOU"
"SC";"420390";"Capinzal";"X";;;;;"NÃO ALCANÇOU"
"SC";"420395";"Capivari de Baixo";"X";;;;;"NÃO ALCANÇOU"
"SC";"420400";"Catanduvas";"X";;;;;"NÃO ALCANÇOU"
"SC";"420410";"Caxambu do Sul";"X";;;;;"NÃO ALCANÇOU"
"SC";"420415";"Celso Ramos";"X";;;;;"NÃO ALCANÇOU"
"SC";"420417";"Cerro Negro";"X";;;;;"NÃO ALCANÇOU"
"SC";"420419";"Chapadão do Lageado";"X";;;;;"NÃO ALCANÇOU"
"SC";"420420";"Chapecó";;7;8;87,5;87,5;"ALCANÇOU"
"SC";"420425";"Cocal do Sul";"X";;;;;"NÃO ALCANÇOU"
"SC";"420430";"Concórdia";;1;1;100;100;"ALCANÇOU"
"SC";"420435";"Cordilheira Alta";"X";;;;;"NÃO ALCANÇOU"
"SC";"420440";"Coronel Freitas";;1;1;100;100;"ALCANÇOU"
"SC";"420445";"Coronel Martins";"X";;;;;"NÃO ALCANÇOU"
"SC";"420450";"Corupá";"X";;;;;"NÃO ALCANÇOU"
"SC";"420455";"Correia Pinto";"X";;;;;"NÃO ALCANÇOU"
"SC";"420460";"Criciúma";"X";;;;;"NÃO ALCANÇOU"
"SC";"420470";"Cunha Porã";;1;1;100;100;"ALCANÇOU"
"SC";"420475";"Cunhataí";"X";;;;;"NÃO ALCANÇOU"
"SC";"420480";"Curitibanos";"X";;;;;"NÃO ALCANÇOU"
"SC";"420490";"Descanso";"X";;;;;"NÃO ALCANÇOU"
"SC";"420500";"Dionísio Cerqueira";"X";;;;;"NÃO ALCANÇOU"
"SC";"420510";"Dona Emma";"X";;;;;"NÃO ALCANÇOU"
"SC";"420515";"Doutor Pedrinho";"X";;;;;"NÃO ALCANÇOU"
"SC";"420517";"Entre Rios";"X";;;;;"NÃO ALCANÇOU"
"SC";"420519";"Ermo";"X";;;;;"NÃO ALCANÇOU"
"SC";"420520";"Erval Velho";"X";;;;;"NÃO ALCANÇOU"
"SC";"420530";"Faxinal dos Guedes";"X";;;;;"NÃO ALCANÇOU"
"SC";"420535";"Flor do Sertão";"X";;;;;"NÃO ALCANÇOU"
"SC";"420540";"Florianópolis";;11;13;84,6;84,6;"ALCANÇOU"
"SC";"420543";"Formosa do Sul";"X";;;;;"NÃO ALCANÇOU"
"SC";"420545";"Forquilhinha";"X";;;;;"NÃO ALCANÇOU"
"SC";"420550";"Fraiburgo";;1;1;100;100;"ALCANÇOU"
"SC";"420555";"Frei Rogério";"X";;;;;"NÃO ALCANÇOU"
"SC";"420560";"Galvão";"X";;;;;"NÃO ALCANÇOU"
"SC";"420570";"Garopaba";"X";;;;;"NÃO ALCANÇOU"
"SC";"420580";"Garuva";;1;1;100;100;"ALCANÇOU"
"SC";"420590";"Gaspar";;1;1;100;100;"ALCANÇOU"
"SC";"420600";"Governador Celso Ramos";"X";;;;;"NÃO ALCANÇOU"
"SC";"420610";"Grão-Pará";"X";;;;;"NÃO ALCANÇOU"
"SC";"420620";"Gravatal";"X";;;;;"NÃO ALCANÇOU"
"SC";"420630";"Guabiruba";"X";;;;;"NÃO ALCANÇOU"
"SC";"420640";"Guaraciaba";"X";;;;;"NÃO ALCANÇOU"
"SC";"420650";"Guaramirim";"X";;;;;"NÃO ALCANÇOU"
"SC";"420660";"Guarujá do Sul";"X";;;;;"NÃO ALCANÇOU"
"SC";"420665";"Guatambú";"X";;;;;"NÃO ALCANÇOU"
"SC";"420670";"Herval d'Oeste";"X";;;;;"NÃO ALCANÇOU"
"SC";"420675";"Ibiam";"X";;;;;"NÃO ALCANÇOU"
"SC";"420680";"Ibicaré";"X";;;;;"NÃO ALCANÇOU"
"SC";"420690";"Ibirama";"X";;;;;"NÃO ALCANÇOU"
"SC";"420700";"Içara";"X";;;;;"NÃO ALCANÇOU"
"SC";"420710";"Ilhota";"X";;;;;"NÃO ALCANÇOU"
"SC";"420720";"Imaruí";"X";;;;;"NÃO ALCANÇOU"
"SC";"420730";"Imbituba";"X";;;;;"NÃO ALCANÇOU"
"SC";"420740";"Imbuia";"X";;;;;"NÃO ALCANÇOU"
"SC";"420750";"Indaial";"X";;;;;"NÃO ALCANÇOU"
"SC";"420757";"Iomerê";"X";;;;;"NÃO ALCANÇOU"
"SC";"420760";"Ipira";"X";;;;;"NÃO ALCANÇOU"
"SC";"420765";"Iporã do Oeste";"X";;;;;"NÃO ALCANÇOU"
"SC";"420768";"Ipuaçu";"X";;;;;"NÃO ALCANÇOU"
"SC";"420770";"Ipumirim";"X";;;;;"NÃO ALCANÇOU"
"SC";"420775";"Iraceminha";"X";;;;;"NÃO ALCANÇOU"
"SC";"420780";"Irani";"X";;;;;"NÃO ALCANÇOU"
"SC";"420785";"Irati";"X";;;;;"NÃO ALCANÇOU"
"SC";"420790";"Irineópolis";"X";;;;;"NÃO ALCANÇOU"
"SC";"420800";"Itá";"X";;;;;"NÃO ALCANÇOU"
"SC";"420810";"Itaiópolis";"X";;;;;"NÃO ALCANÇOU"
"SC";"420820";"Itajaí";;32;32;100;100;"ALCANÇOU"
"SC";"420830";"Itapema";;1;2;50;50;"NÃO ALCANÇOU"
"SC";"420840";"Itapiranga";"X";;;;;"NÃO ALCANÇOU"
"SC";"420845";"Itapoá";;8;8;100;100;"ALCANÇOU"
"SC";"420850";"Ituporanga";"X";;;;;"NÃO ALCANÇOU"
"SC";"420860";"Jaborá";"X";;;;;"NÃO ALCANÇOU"
"SC";"420870";"Jacinto Machado";"X";;;;;"NÃO ALCANÇOU"
"SC";"420880";"Jaguaruna";"X";;;;;"NÃO ALCANÇOU"
"SC";"420890";"Jaraguá do Sul";;0;1;0;0;"NÃO ALCANÇOU"
"SC";"420895";"Jardinópolis";"X";;;;;"NÃO ALCANÇOU"
"SC";"420900";"Joaçaba";;2;2;100;100;"ALCANÇOU"
"SC";"420910";"Joinville";;22;23;95,7;95,7;"ALCANÇOU"
"SC";"420915";"José Boiteux";"X";;;;;"NÃO ALCANÇOU"
"SC";"420917";"Jupiá";"X";;;;;"NÃO ALCANÇOU"
"SC";"420920";"Lacerdópolis";"X";;;;;"NÃO ALCANÇOU"
"SC";"420930";"Lages";;1;2;50;50;"NÃO ALCANÇOU"
"SC";"420940";"Laguna";"X";;;;;"NÃO ALCANÇOU"
"SC";"420945";"Lajeado Grande";"X";;;;;"NÃO ALCANÇOU"
"SC";"420950";"Laurentino";"X";;;;;"NÃO ALCANÇOU"
"SC";"420960";"Lauro Müller";"X";;;;;"NÃO ALCANÇOU"
"SC";"420970";"Lebon Régis";"X";;;;;"NÃO ALCANÇOU"
"SC";"420980";"Leoberto Leal";"X";;;;;"NÃO ALCANÇOU"
"SC";"420985";"Lindóia do Sul";"X";;;;;"NÃO ALCANÇOU"
"SC";"420990";"Lontras";"X";;;;;"NÃO ALCANÇOU"
"SC";"421000";"Luiz Alves";;1;1;100;100;"ALCANÇOU"
"SC";"421003";"Luzerna";"X";;;;;"NÃO ALCANÇOU"
"SC";"421005";"Macieira";"X";;;;;"NÃO ALCANÇOU"
"SC";"421010";"Mafra";"X";;;;;"NÃO ALCANÇOU"
"SC";"421020";"Major Gercino";"X";;;;;"NÃO ALCANÇOU"
"SC";"421030";"Major Vieira";"X";;;;;"NÃO ALCANÇOU"
"SC";"421040";"Maracajá";"X";;;;;"NÃO ALCANÇOU"
"SC";"421050";"Maravilha";"X";;;;;"NÃO ALCANÇOU"
"SC";"421055";"Marema";"X";;;;;"NÃO ALCANÇOU"
"SC";"421060";"Massaranduba";"X";;;;;"NÃO ALCANÇOU"
"SC";"421070";"Matos Costa";"X";;;;;"NÃO ALCANÇOU"
"SC";"421080";"Meleiro";"X";;;;;"NÃO ALCANÇOU"
"SC";"421085";"Mirim Doce";"X";;;;;"NÃO ALCANÇOU"
"SC";"421090";"Modelo";"X";;;;;"NÃO ALCANÇOU"
"SC";"421100";"Mondaí";"X";;;;;"NÃO ALCANÇOU"
"SC";"421105";"Monte Carlo";"X";;;;;"NÃO ALCANÇOU"
"SC";"421110";"Monte Castelo";"X";;;;;"NÃO ALCANÇOU"
"SC";"421120";"Morro da Fumaça";"X";;;;;"NÃO ALCANÇOU"
"SC";"421125";"Morro Grande";"X";;;;;"NÃO ALCANÇOU"
"SC";"421130";"Navegantes";;1;1;100;100;"ALCANÇOU"
"SC";"421140";"Nova Erechim";"X";;;;;"NÃO ALCANÇOU"
"SC";"421145";"Nova Itaberaba";"X";;;;;"NÃO ALCANÇOU"
"SC";"421150";"Nova Trento";"X";;;;;"NÃO ALCANÇOU"
"SC";"421160";"Nova Veneza";"X";;;;;"NÃO ALCANÇOU"
"SC";"421165";"Novo Horizonte";"X";;;;;"NÃO ALCANÇOU"
"SC";"421170";"Orleans";"X";;;;;"NÃO ALCANÇOU"
"SC";"421175";"Otacílio Costa";"X";;;;;"NÃO ALCANÇOU"
"SC";"421180";"Ouro";"X";;;;;"NÃO ALCANÇOU"
"SC";"421185";"Ouro Verde";"X";;;;;"NÃO ALCANÇOU"
"SC";"421187";"Paial";"X";;;;;"NÃO ALCANÇOU"
"SC";"421189";"Painel";"X";;;;;"NÃO ALCANÇOU"
"SC";"421190";"Palhoça";"X";;;;;"NÃO ALCANÇOU"
"SC";"421200";"Palma Sola";"X";;;;;"NÃO ALCANÇOU"
"SC";"421205";"Palmeira";"X";;;;;"NÃO ALCANÇOU"
"SC";"421210";"Palmitos";"X";;;;;"NÃO ALCANÇOU"
"SC";"421220";"Papanduva";"X";;;;;"NÃO ALCANÇOU"
"SC";"421223";"Paraíso";"X";;;;;"NÃO ALCANÇOU"
"SC";"421225";"Passo de Torres";"X";;;;;"NÃO ALCANÇOU"
"SC";"421227";"Passos Maia";"X";;;;;"NÃO ALCANÇOU"
"SC";"421230";"Paulo Lopes";"X";;;;;"NÃO ALCANÇOU"
"SC";"421240";"Pedras Grandes";"X";;;;;"NÃO ALCANÇOU"
"SC";"421250";"Penha";"X";;;;;"NÃO ALCANÇOU"
"SC";"421260";"Peritiba";"X";;;;;"NÃO ALCANÇOU"
"SC";"421265";"Pescaria Brava";"X";;;;;"NÃO ALCANÇOU"
"SC";"421270";"Petrolândia";"X";;;;;"NÃO ALCANÇOU"
"SC";"421280";"Balneário Piçarras";"X";;;;;"NÃO ALCANÇOU"
"SC";"421290";"Pinhalzinho";;1;1;100;100;"ALCANÇOU"
"SC";"421300";"Pinheiro Preto";"X";;;;;"NÃO ALCANÇOU"
"SC";"421310";"Piratuba";"X";;;;;"NÃO ALCANÇOU"
"SC";"421315";"Planalto Alegre";"X";;;;;"NÃO ALCANÇOU"
"SC";"421320";"Pomerode";"X";;;;;"NÃO ALCANÇOU"
"SC";"421330";"Ponte Alta";"X";;;;;"NÃO ALCANÇOU"
"SC";"421335";"Ponte Alta do Norte";"X";;;;;"NÃO ALCANÇOU"
"SC";"421340";"Ponte Serrada";"X";;;;;"NÃO ALCANÇOU"
"SC";"421350";"Porto Belo";"X";;;;;"NÃO ALCANÇOU"
"SC";"421360";"Porto União";"X";;;;;"NÃO ALCANÇOU"
"SC";"421370";"Pouso Redondo";"X";;;;;"NÃO ALCANÇOU"
"SC";"421380";"Praia Grande";"X";;;;;"NÃO ALCANÇOU"
"SC";"421390";"Presidente Castello Branco";"X";;;;;"NÃO ALCANÇOU"
"SC";"421400";"Presidente Getúlio";"X";;;;;"NÃO ALCANÇOU"
"SC";"421410";"Presidente Nereu";"X";;;;;"NÃO ALCANÇOU"
"SC";"421415";"Princesa";"X";;;;;"NÃO ALCANÇOU"
"SC";"421420";"Quilombo";"X";;;;;"NÃO ALCANÇOU"
"SC";"421430";"Rancho Queimado";"X";;;;;"NÃO ALCANÇOU"
"SC";"421440";"Rio das Antas";"X";;;;;"NÃO ALCANÇOU"
"SC";"421450";"Rio do Campo";"X";;;;;"NÃO ALCANÇOU"
"SC";"421460";"Rio do Oeste";"X";;;;;"NÃO ALCANÇOU"
"SC";"421470";"Rio dos Cedros";"X";;;;;"NÃO ALCANÇOU"
"SC";"421480";"Rio do Sul";;1;1;100;100;"ALCANÇOU"
"SC";"421490";"Rio Fortuna";"X";;;;;"NÃO ALCANÇOU"
"SC";"421500";"Rio Negrinho";"X";;;;;"NÃO ALCANÇOU"
"SC";"421505";"Rio Rufino";"X";;;;;"NÃO ALCANÇOU"
"SC";"421507";"Riqueza";;1;1;100;100;"ALCANÇOU"
"SC";"421510";"Rodeio";"X";;;;;"NÃO ALCANÇOU"
"SC";"421520";"Romelândia";"X";;;;;"NÃO ALCANÇOU"
"SC";"421530";"Salete";"X";;;;;"NÃO ALCANÇOU"
"SC";"421535";"Saltinho";"X";;;;;"NÃO ALCANÇOU"
"SC";"421540";"Salto Veloso";"X";;;;;"NÃO ALCANÇOU"
"SC";"421545";"Sangão";"X";;;;;"NÃO ALCANÇOU"
"SC";"421550";"Santa Cecília";;0;1;0;0;"NÃO ALCANÇOU"
"SC";"421555";"Santa Helena";"X";;;;;"NÃO ALCANÇOU"
"SC";"421560";"Santa Rosa de Lima";"X";;;;;"NÃO ALCANÇOU"
"SC";"421565";"Santa Rosa do Sul";"X";;;;;"NÃO ALCANÇOU"
"SC";"421567";"Santa Terezinha";"X";;;;;"NÃO ALCANÇOU"
"SC";"421568";"Santa Terezinha do Progresso";"X";;;;;"NÃO ALCANÇOU"
"SC";"421569";"Santiago do Sul";"X";;;;;"NÃO ALCANÇOU"
"SC";"421570";"Santo Amaro da Imperatriz";"X";;;;;"NÃO ALCANÇOU"
"SC";"421575";"São Bernardino";"X";;;;;"NÃO ALCANÇOU"
"SC";"421580";"São Bento do Sul";"X";;;;;"NÃO ALCANÇOU"
"SC";"421590";"São Bonifácio";"X";;;;;"NÃO ALCANÇOU"
"SC";"421600";"São Carlos";"X";;;;;"NÃO ALCANÇOU"
"SC";"421605";"São Cristóvão do Sul";"X";;;;;"NÃO ALCANÇOU"
"SC";"421610";"São Domingos";"X";;;;;"NÃO ALCANÇOU"
"SC";"421620";"São Francisco do Sul";;1;1;100;100;"ALCANÇOU"
"SC";"421625";"São João do Oeste";"X";;;;;"NÃO ALCANÇOU"
"SC";"421630";"São João Batista";"X";;;;;"NÃO ALCANÇOU"
"SC";"421635";"São João do Itaperiú";"X";;;;;"NÃO ALCANÇOU"
"SC";"421640";"São João do Sul";"X";;;;;"NÃO ALCANÇOU"
"SC";"421650";"São Joaquim";"X";;;;;"NÃO ALCANÇOU"
"SC";"421660";"São José";;5;5;100;100;"ALCANÇOU"
"SC";"421670";"São José do Cedro";;1;1;100;100;"ALCANÇOU"
"SC";"421680";"São José do Cerrito";"X";;;;;"NÃO ALCANÇOU"
"SC";"421690";"São Lourenço do Oeste";"X";;;;;"NÃO ALCANÇOU"
"SC";"421700";"São Ludgero";"X";;;;;"NÃO ALCANÇOU"
"SC";"421710";"São Martinho";"X";;;;;"NÃO ALCANÇOU"
"SC";"421715";"São Miguel da Boa Vista";"X";;;;;"NÃO ALCANÇOU"
"SC";"421720";"São Miguel do Oeste";;4;4;100;100;"ALCANÇOU"
"SC";"421725";"São Pedro de Alcântara";"X";;;;;"NÃO ALCANÇOU"
"SC";"421730";"Saudades";"X";;;;;"NÃO ALCANÇOU"
"SC";"421740";"Schroeder";"X";;;;;"NÃO ALCANÇOU"
"SC";"421750";"Seara";;1;1;100;100;"ALCANÇOU"
"SC";"421755";"Serra Alta";"X";;;;;"NÃO ALCANÇOU"
"SC";"421760";"Siderópolis";"X";;;;;"NÃO ALCANÇOU"
"SC";"421770";"Sombrio";"X";;;;;"NÃO ALCANÇOU"
"SC";"421775";"Sul Brasil";"X";;;;;"NÃO ALCANÇOU"
"SC";"421780";"Taió";"X";;;;;"NÃO ALCANÇOU"
"SC";"421790";"Tangará";"X";;;;;"NÃO ALCANÇOU"
"SC";"421795";"Tigrinhos";"X";;;;;"NÃO ALCANÇOU"
"SC";"421800";"Tijucas";;2;2;100;100;"ALCANÇOU"
"SC";"421810";"Timbé do Sul";"X";;;;;"NÃO ALCANÇOU"
"SC";"421820";"Timbó";;1;1;100;100;"ALCANÇOU"
"SC";"421825";"Timbó Grande";"X";;;;;"NÃO ALCANÇOU"
"SC";"421830";"Três Barras";"X";;;;;"NÃO ALCANÇOU"
"SC";"421835";"Treviso";"X";;;;;"NÃO ALCANÇOU"
"SC";"421840";"Treze de Maio";"X";;;;;"NÃO ALCANÇOU"
"SC";"421850";"Treze Tílias";"X";;;;;"NÃO ALCANÇOU"
"SC";"421860";"Trombudo Central";"X";;;;;"NÃO ALCANÇOU"
"SC";"421870";"Tubarão";;1;1;100;100;"ALCANÇOU"
"SC";"421875";"Tunápolis";"X";;;;;"NÃO ALCANÇOU"
"SC";"421880";"Turvo";"X";;;;;"NÃO ALCANÇOU"
"SC";"421885";"União do Oeste";"X";;;;;"NÃO ALCANÇOU"
"SC";"421890";"Urubici";"X";;;;;"NÃO ALCANÇOU"
"SC";"421895";"Urupema";"X";;;;;"NÃO ALCANÇOU"
"SC";"421900";"Urussanga";"X";;;;;"NÃO ALCANÇOU"
"SC";"421910";"Vargeão";"X";;;;;"NÃO ALCANÇOU"
"SC";"421915";"Vargem";"X";;;;;"NÃO ALCANÇOU"
"SC";"421917";"Vargem Bonita";"X";;;;;"NÃO ALCANÇOU"
"SC";"421920";"Vidal Ramos";"X";;;;;"NÃO ALCANÇOU"
"SC";"421930";"Videira";;2;2;100;100;"ALCANÇOU"
"SC";"421935";"Vitor Meireles";"X";;;;;"NÃO ALCANÇOU"
"SC";"421940";"Witmarsum";"X";;;;;"NÃO ALCANÇOU"
"SC";"421950";"Xanxerê";;8;8;100;100;"ALCANÇOU"
"SC";"421960";"Xavantina";"X";;;;;"NÃO ALCANÇOU"
"SC";"421970";"Xaxim";"X";;;;;"NÃO ALCANÇOU"
"SC";"421985";"Zortéa";"X";;;;;"NÃO ALCANÇOU"
"SC";"422000";"Balneário Rincão";"X";;;;;"NÃO ALCANÇOU"
"SE";"280010";"Amparo do São Francisco";"X";;;;;"NÃO ALCANÇOU"
"SE";"280020";"Aquidabã";"X";;;;;"NÃO ALCANÇOU"
"SE";"280030";"Aracaju";;19;19;100;100;"ALCANÇOU"
"SE";"280040";"Arauá";"X";;;;;"NÃO ALCANÇOU"
"SE";"280050";"Areia Branca";"X";;;;;"NÃO ALCANÇOU"
"SE";"280060";"Barra dos Coqueiros";"X";;;;;"NÃO ALCANÇOU"
"SE";"280067";"Boquim";"X";;;;;"NÃO ALCANÇOU"
"SE";"280070";"Brejo Grande";"X";;;;;"NÃO ALCANÇOU"
"SE";"280100";"Campo do Brito";"X";;;;;"NÃO ALCANÇOU"
"SE";"280110";"Canhoba";"X";;;;;"NÃO ALCANÇOU"
"SE";"280120";"Canindé de São Francisco";"X";;;;;"NÃO ALCANÇOU"
"SE";"280130";"Capela";"X";;;;;"NÃO ALCANÇOU"
"SE";"280140";"Carira";"X";;;;;"NÃO ALCANÇOU"
"SE";"280150";"Carmópolis";"X";;;;;"NÃO ALCANÇOU"
"SE";"280160";"Cedro de São João";"X";;;;;"NÃO ALCANÇOU"
"SE";"280170";"Cristinápolis";"X";;;;;"NÃO ALCANÇOU"
"SE";"280190";"Cumbe";"X";;;;;"NÃO ALCANÇOU"
"SE";"280200";"Divina Pastora";"X";;;;;"NÃO ALCANÇOU"
"SE";"280210";"Estância";"X";;;;;"NÃO ALCANÇOU"
"SE";"280220";"Feira Nova";"X";;;;;"NÃO ALCANÇOU"
"SE";"280230";"Frei Paulo";"X";;;;;"NÃO ALCANÇOU"
"SE";"280240";"Gararu";"X";;;;;"NÃO ALCANÇOU"
"SE";"280250";"General Maynard";"X";;;;;"NÃO ALCANÇOU"
"SE";"280260";"Gracho Cardoso";"X";;;;;"NÃO ALCANÇOU"
"SE";"280270";"Ilha das Flores";"X";;;;;"NÃO ALCANÇOU"
"SE";"280280";"Indiaroba";"X";;;;;"NÃO ALCANÇOU"
"SE";"280290";"Itabaiana";"X";;;;;"NÃO ALCANÇOU"
"SE";"280300";"Itabaianinha";"X";;;;;"NÃO ALCANÇOU"
"SE";"280310";"Itabi";"X";;;;;"NÃO ALCANÇOU"
"SE";"280320";"Itaporanga d'Ajuda";"X";;;;;"NÃO ALCANÇOU"
"SE";"280330";"Japaratuba";"X";;;;;"NÃO ALCANÇOU"
"SE";"280340";"Japoatã";"X";;;;;"NÃO ALCANÇOU"
"SE";"280350";"Lagarto";;1;1;100;100;"ALCANÇOU"
"SE";"280360";"Laranjeiras";"X";;;;;"NÃO ALCANÇOU"
"SE";"280370";"Macambira";"X";;;;;"NÃO ALCANÇOU"
"SE";"280380";"Malhada dos Bois";"X";;;;;"NÃO ALCANÇOU"
"SE";"280390";"Malhador";"X";;;;;"NÃO ALCANÇOU"
"SE";"280400";"Maruim";"X";;;;;"NÃO ALCANÇOU"
"SE";"280410";"Moita Bonita";"X";;;;;"NÃO ALCANÇOU"
"SE";"280420";"Monte Alegre de Sergipe";"X";;;;;"NÃO ALCANÇOU"
"SE";"280430";"Muribeca";"X";;;;;"NÃO ALCANÇOU"
"SE";"280440";"Neópolis";"X";;;;;"NÃO ALCANÇOU"
"SE";"280445";"Nossa Senhora Aparecida";"X";;;;;"NÃO ALCANÇOU"
"SE";"280450";"Nossa Senhora da Glória";;1;1;100;100;"ALCANÇOU"
"SE";"280460";"Nossa Senhora das Dores";"X";;;;;"NÃO ALCANÇOU"
"SE";"280470";"Nossa Senhora de Lourdes";"X";;;;;"NÃO ALCANÇOU"
"SE";"280480";"Nossa Senhora do Socorro";;1;1;100;100;"ALCANÇOU"
"SE";"280490";"Pacatuba";"X";;;;;"NÃO ALCANÇOU"
"SE";"280500";"Pedra Mole";"X";;;;;"NÃO ALCANÇOU"
"SE";"280510";"Pedrinhas";"X";;;;;"NÃO ALCANÇOU"
"SE";"280520";"Pinhão";"X";;;;;"NÃO ALCANÇOU"
"SE";"280530";"Pirambu";"X";;;;;"NÃO ALCANÇOU"
"SE";"280540";"Poço Redondo";"X";;;;;"NÃO ALCANÇOU"
"SE";"280550";"Poço Verde";"X";;;;;"NÃO ALCANÇOU"
"SE";"280560";"Porto da Folha";"X";;;;;"NÃO ALCANÇOU"
"SE";"280570";"Propriá";;0;3;0;0;"NÃO ALCANÇOU"
"SE";"280580";"Riachão do Dantas";"X";;;;;"NÃO ALCANÇOU"
"SE";"280590";"Riachuelo";"X";;;;;"NÃO ALCANÇOU"
"SE";"280600";"Ribeirópolis";"X";;;;;"NÃO ALCANÇOU"
"SE";"280610";"Rosário do Catete";"X";;;;;"NÃO ALCANÇOU"
"SE";"280620";"Salgado";"X";;;;;"NÃO ALCANÇOU"
"SE";"280630";"Santa Luzia do Itanhy";"X";;;;;"NÃO ALCANÇOU"
"SE";"280640";"Santana do São Francisco";"X";;;;;"NÃO ALCANÇOU"
"SE";"280650";"Santa Rosa de Lima";"X";;;;;"NÃO ALCANÇOU"
"SE";"280660";"Santo Amaro das Brotas";"X";;;;;"NÃO ALCANÇOU"
"SE";"280670";"São Cristóvão";"X";;;;;"NÃO ALCANÇOU"
"SE";"280680";"São Domingos";"X";;;;;"NÃO ALCANÇOU"
"SE";"280690";"São Francisco";"X";;;;;"NÃO ALCANÇOU"
"SE";"280700";"São Miguel do Aleixo";"X";;;;;"NÃO ALCANÇOU"
"SE";"280710";"Simão Dias";"X";;;;;"NÃO ALCANÇOU"
"SE";"280720";"Siriri";"X";;;;;"NÃO ALCANÇOU"
"SE";"280730";"Telha";"X";;;;;"NÃO ALCANÇOU"
"SE";"280740";"Tobias Barreto";"X";;;;;"NÃO ALCANÇOU"
"SE";"280750";"Tomar do Geru";"X";;;;;"NÃO ALCANÇOU"
"SE";"280760";"Umbaúba";"X";;;;;"NÃO ALCANÇOU"
"SP";"350010";"Adamantina";;5;7;71,4;71,4;"NÃO ALCANÇOU"
"SP";"350020";"Adolfo";"X";;;;;"NÃO ALCANÇOU"
"SP";"350030";"Aguaí";;3;3;100;100;"ALCANÇOU"
"SP";"350040";"Águas da Prata";"X";;;;;"NÃO ALCANÇOU"
"SP";"350050";"Águas de Lindóia";;3;3;100;100;"ALCANÇOU"
"SP";"350055";"Águas de Santa Bárbara";"X";;;;;"NÃO ALCANÇOU"
"SP";"350060";"Águas de São Pedro";"X";;;;;"NÃO ALCANÇOU"
"SP";"350070";"Agudos";;4;4;100;100;"ALCANÇOU"
"SP";"350075";"Alambari";"X";;;;;"NÃO ALCANÇOU"
"SP";"350080";"Alfredo Marcondes";;1;1;100;100;"ALCANÇOU"
"SP";"350090";"Altair";"X";;;;;"NÃO ALCANÇOU"
"SP";"350100";"Altinópolis";;1;1;100;100;"ALCANÇOU"
"SP";"350110";"Alto Alegre";;0;1;0;0;"NÃO ALCANÇOU"
"SP";"350115";"Alumínio";;1;2;50;50;"NÃO ALCANÇOU"
"SP";"350120";"Álvares Florence";;1;1;100;100;"ALCANÇOU"
"SP";"350130";"Álvares Machado";;1;1;100;100;"ALCANÇOU"
"SP";"350140";"Álvaro de Carvalho";"X";;;;;"NÃO ALCANÇOU"
"SP";"350150";"Alvinlândia";"X";;;;;"NÃO ALCANÇOU"
"SP";"350160";"Americana";;58;66;87,9;87,9;"ALCANÇOU"
"SP";"350170";"Américo Brasiliense";;12;14;85,7;85,7;"ALCANÇOU"
"SP";"350180";"Américo de Campos";"X";;;;;"NÃO ALCANÇOU"
"SP";"350190";"Amparo";;32;37;86,5;86,5;"ALCANÇOU"
"SP";"350200";"Analândia";"X";;;;;"NÃO ALCANÇOU"
"SP";"350210";"Andradina";;6;6;100;100;"ALCANÇOU"
"SP";"350220";"Angatuba";;2;2;100;100;"ALCANÇOU"
"SP";"350230";"Anhembi";"X";;;;;"NÃO ALCANÇOU"
"SP";"350240";"Anhumas";;2;2;100;100;"ALCANÇOU"
"SP";"350250";"Aparecida";"X";;;;;"NÃO ALCANÇOU"
"SP";"350260";"Aparecida d'Oeste";"X";;;;;"NÃO ALCANÇOU"
"SP";"350270";"Apiaí";;1;2;50;50;"NÃO ALCANÇOU"
"SP";"350275";"Araçariguama";;3;3;100;100;"ALCANÇOU"
"SP";"350280";"Araçatuba";;22;24;91,7;91,7;"ALCANÇOU"
"SP";"350290";"Araçoiaba da Serra";"X";;;;;"NÃO ALCANÇOU"
"SP";"350300";"Aramina";"X";;;;;"NÃO ALCANÇOU"
"SP";"350310";"Arandu";"X";;;;;"NÃO ALCANÇOU"
"SP";"350315";"Arapeí";"X";;;;;"NÃO ALCANÇOU"
"SP";"350320";"Araraquara";;23;50;46;46;"NÃO ALCANÇOU"
"SP";"350330";"Araras";;32;33;97;97;"ALCANÇOU"
"SP";"350335";"Arco-Íris";"X";;;;;"NÃO ALCANÇOU"
"SP";"350340";"Arealva";;2;2;100;100;"ALCANÇOU"
"SP";"350350";"Areias";"X";;;;;"NÃO ALCANÇOU"
"SP";"350360";"Areiópolis";"X";;;;;"NÃO ALCANÇOU"
"SP";"350370";"Ariranha";;3;3;100;100;"ALCANÇOU"
"SP";"350380";"Artur Nogueira";;2;3;66,7;66,7;"NÃO ALCANÇOU"
"SP";"350390";"Arujá";;3;3;100;100;"ALCANÇOU"
"SP";"350395";"Aspásia";"X";;;;;"NÃO ALCANÇOU"
"SP";"350400";"Assis";;25;27;92,6;92,6;"ALCANÇOU"
"SP";"350410";"Atibaia";;8;10;80;80;"ALCANÇOU"
"SP";"350420";"Auriflama";"X";;;;;"NÃO ALCANÇOU"
"SP";"350430";"Avaí";"X";;;;;"NÃO ALCANÇOU"
"SP";"350440";"Avanhandava";"X";;;;;"NÃO ALCANÇOU"
"SP";"350450";"Avaré";;1;2;50;50;"NÃO ALCANÇOU"
"SP";"350460";"Bady Bassitt";"X";;;;;"NÃO ALCANÇOU"
"SP";"350470";"Balbinos";"X";;;;;"NÃO ALCANÇOU"
"SP";"350480";"Bálsamo";;1;1;100;100;"ALCANÇOU"
"SP";"350490";"Bananal";"X";;;;;"NÃO ALCANÇOU"
"SP";"350500";"Barão de Antonina";"X";;;;;"NÃO ALCANÇOU"
"SP";"350510";"Barbosa";"X";;;;;"NÃO ALCANÇOU"
"SP";"350520";"Bariri";;2;2;100;100;"ALCANÇOU"
"SP";"350530";"Barra Bonita";;1;1;100;100;"ALCANÇOU"
"SP";"350535";"Barra do Chapéu";"X";;;;;"NÃO ALCANÇOU"
"SP";"350540";"Barra do Turvo";"X";;;;;"NÃO ALCANÇOU"
"SP";"350550";"Barretos";;34;36;94,4;94,4;"ALCANÇOU"
"SP";"350560";"Barrinha";;1;1;100;100;"ALCANÇOU"
"SP";"350570";"Barueri";;6;8;75;75;"ALCANÇOU"
"SP";"350580";"Bastos";"X";;;;;"NÃO ALCANÇOU"
"SP";"350590";"Batatais";;2;2;100;100;"ALCANÇOU"
"SP";"350600";"Bauru";;33;34;97,1;97,1;"ALCANÇOU"
"SP";"350610";"Bebedouro";;1;1;100;100;"ALCANÇOU"
"SP";"350620";"Bento de Abreu";"X";;;;;"NÃO ALCANÇOU"
"SP";"350630";"Bernardino de Campos";"X";;;;;"NÃO ALCANÇOU"
"SP";"350635";"Bertioga";;4;4;100;100;"ALCANÇOU"
"SP";"350640";"Bilac";;1;1;100;100;"ALCANÇOU"
"SP";"350650";"Birigui";;8;11;72,7;72,7;"NÃO ALCANÇOU"
"SP";"350660";"Biritiba Mirim";;2;2;100;100;"ALCANÇOU"
"SP";"350670";"Boa Esperança do Sul";;1;1;100;100;"ALCANÇOU"
"SP";"350680";"Bocaina";"X";;;;;"NÃO ALCANÇOU"
"SP";"350690";"Bofete";;0;1;0;0;"NÃO ALCANÇOU"
"SP";"350700";"Boituva";;3;3;100;100;"ALCANÇOU"
"SP";"350710";"Bom Jesus dos Perdões";"X";;;;;"NÃO ALCANÇOU"
"SP";"350715";"Bom Sucesso de Itararé";"X";;;;;"NÃO ALCANÇOU"
"SP";"350720";"Borá";"X";;;;;"NÃO ALCANÇOU"
"SP";"350730";"Boracéia";"X";;;;;"NÃO ALCANÇOU"
"SP";"350740";"Borborema";;6;8;75;75;"ALCANÇOU"
"SP";"350745";"Borebi";"X";;;;;"NÃO ALCANÇOU"
"SP";"350750";"Botucatu";;11;12;91,7;91,7;"ALCANÇOU"
"SP";"350760";"Bragança Paulista";;14;15;93,3;93,3;"ALCANÇOU"
"SP";"350770";"Braúna";"X";;;;;"NÃO ALCANÇOU"
"SP";"350775";"Brejo Alegre";;1;1;100;100;"ALCANÇOU"
"SP";"350780";"Brodowski";;1;1;100;100;"ALCANÇOU"
"SP";"350790";"Brotas";;3;3;100;100;"ALCANÇOU"
"SP";"350800";"Buri";;2;2;100;100;"ALCANÇOU"
"SP";"350810";"Buritama";;5;5;100;100;"ALCANÇOU"
"SP";"350820";"Buritizal";"X";;;;;"NÃO ALCANÇOU"
"SP";"350830";"Cabrália Paulista";;2;2;100;100;"ALCANÇOU"
"SP";"350840";"Cabreúva";;1;1;100;100;"ALCANÇOU"
"SP";"350850";"Caçapava";;2;2;100;100;"ALCANÇOU"
"SP";"350860";"Cachoeira Paulista";"X";;;;;"NÃO ALCANÇOU"
"SP";"350870";"Caconde";;1;1;100;100;"ALCANÇOU"
"SP";"350880";"Cafelândia";"X";;;;;"NÃO ALCANÇOU"
"SP";"350890";"Caiabu";"X";;;;;"NÃO ALCANÇOU"
"SP";"350900";"Caieiras";;1;1;100;100;"ALCANÇOU"
"SP";"350910";"Caiuá";"X";;;;;"NÃO ALCANÇOU"
"SP";"350920";"Cajamar";"X";;;;;"NÃO ALCANÇOU"
"SP";"350925";"Cajati";"X";;;;;"NÃO ALCANÇOU"
"SP";"350930";"Cajobi";;1;1;100;100;"ALCANÇOU"
"SP";"350940";"Cajuru";;2;2;100;100;"ALCANÇOU"
"SP";"350945";"Campina do Monte Alegre";"X";;;;;"NÃO ALCANÇOU"
"SP";"350950";"Campinas";;90;143;62,9;62,9;"NÃO ALCANÇOU"
"SP";"350960";"Campo Limpo Paulista";;1;1;100;100;"ALCANÇOU"
"SP";"350970";"Campos do Jordão";"X";;;;;"NÃO ALCANÇOU"
"SP";"350980";"Campos Novos Paulista";"X";;;;;"NÃO ALCANÇOU"
"SP";"350990";"Cananéia";"X";;;;;"NÃO ALCANÇOU"
"SP";"350995";"Canas";"X";;;;;"NÃO ALCANÇOU"
"SP";"351000";"Cândido Mota";;8;17;47,1;47,1;"NÃO ALCANÇOU"
"SP";"351010";"Cândido Rodrigues";"X";;;;;"NÃO ALCANÇOU"
"SP";"351015";"Canitar";"X";;;;;"NÃO ALCANÇOU"
"SP";"351020";"Capão Bonito";;4;4;100;100;"ALCANÇOU"
"SP";"351030";"Capela do Alto";;1;1;100;100;"ALCANÇOU"
"SP";"351040";"Capivari";;2;3;66,7;66,7;"NÃO ALCANÇOU"
"SP";"351050";"Caraguatatuba";;1;7;14,3;14,3;"NÃO ALCANÇOU"
"SP";"351060";"Carapicuíba";;11;13;84,6;84,6;"ALCANÇOU"
"SP";"351070";"Cardoso";;1;1;100;100;"ALCANÇOU"
"SP";"351080";"Casa Branca";;2;2;100;100;"ALCANÇOU"
"SP";"351090";"Cássia dos Coqueiros";"X";;;;;"NÃO ALCANÇOU"
"SP";"351100";"Castilho";"X";;;;;"NÃO ALCANÇOU"
"SP";"351110";"Catanduva";;45;48;93,8;93,8;"ALCANÇOU"
"SP";"351120";"Catiguá";"X";;;;;"NÃO ALCANÇOU"
"SP";"351130";"Cedral";"X";;;;;"NÃO ALCANÇOU"
"SP";"351140";"Cerqueira César";;1;1;100;100;"ALCANÇOU"
"SP";"351150";"Cerquilho";"X";;;;;"NÃO ALCANÇOU"
"SP";"351160";"Cesário Lange";;0;1;0;0;"NÃO ALCANÇOU"
"SP";"351170";"Charqueada";"X";;;;;"NÃO ALCANÇOU"
"SP";"351190";"Clementina";"X";;;;;"NÃO ALCANÇOU"
"SP";"351200";"Colina";;2;2;100;100;"ALCANÇOU"
"SP";"351210";"Colômbia";"X";;;;;"NÃO ALCANÇOU"
"SP";"351220";"Conchal";;2;2;100;100;"ALCANÇOU"
"SP";"351230";"Conchas";;13;14;92,9;92,9;"ALCANÇOU"
"SP";"351240";"Cordeirópolis";;2;2;100;100;"ALCANÇOU"
"SP";"351250";"Coroados";;1;1;100;100;"ALCANÇOU"
"SP";"351260";"Coronel Macedo";;1;1;100;100;"ALCANÇOU"
"SP";"351270";"Corumbataí";;1;1;100;100;"ALCANÇOU"
"SP";"351280";"Cosmópolis";;1;3;33,3;33,3;"NÃO ALCANÇOU"
"SP";"351290";"Cosmorama";;0;1;0;0;"NÃO ALCANÇOU"
"SP";"351300";"Cotia";;21;22;95,5;95,5;"ALCANÇOU"
"SP";"351310";"Cravinhos";;1;1;100;100;"ALCANÇOU"
"SP";"351320";"Cristais Paulista";"X";;;;;"NÃO ALCANÇOU"
"SP";"351330";"Cruzália";"X";;;;;"NÃO ALCANÇOU"
"SP";"351340";"Cruzeiro";;2;3;66,7;66,7;"NÃO ALCANÇOU"
"SP";"351350";"Cubatão";;7;8;87,5;87,5;"ALCANÇOU"
"SP";"351360";"Cunha";"X";;;;;"NÃO ALCANÇOU"
"SP";"351370";"Descalvado";;7;7;100;100;"ALCANÇOU"
"SP";"351380";"Diadema";;13;13;100;100;"ALCANÇOU"
"SP";"351385";"Dirce Reis";"X";;;;;"NÃO ALCANÇOU"
"SP";"351390";"Divinolândia";"X";;;;;"NÃO ALCANÇOU"
"SP";"351400";"Dobrada";"X";;;;;"NÃO ALCANÇOU"
"SP";"351410";"Dois Córregos";;1;1;100;100;"ALCANÇOU"
"SP";"351420";"Dolcinópolis";;0;1;0;0;"NÃO ALCANÇOU"
"SP";"351430";"Dourado";"X";;;;;"NÃO ALCANÇOU"
"SP";"351440";"Dracena";;12;12;100;100;"ALCANÇOU"
"SP";"351450";"Duartina";;1;1;100;100;"ALCANÇOU"
"SP";"351460";"Dumont";"X";;;;;"NÃO ALCANÇOU"
"SP";"351470";"Echaporã";"X";;;;;"NÃO ALCANÇOU"
"SP";"351480";"Eldorado";"X";;;;;"NÃO ALCANÇOU"
"SP";"351490";"Elias Fausto";"X";;;;;"NÃO ALCANÇOU"
"SP";"351492";"Elisiário";"X";;;;;"NÃO ALCANÇOU"
"SP";"351495";"Embaúba";;2;2;100;100;"ALCANÇOU"
"SP";"351500";"Embu das Artes";"X";;;;;"NÃO ALCANÇOU"
"SP";"351510";"Embu-Guaçu";;1;1;100;100;"ALCANÇOU"
"SP";"351512";"Emilianópolis";"X";;;;;"NÃO ALCANÇOU"
"SP";"351515";"Engenheiro Coelho";;1;2;50;50;"NÃO ALCANÇOU"
"SP";"351518";"Espírito Santo do Pinhal";;14;15;93,3;93,3;"ALCANÇOU"
"SP";"351519";"Espírito Santo do Turvo";"X";;;;;"NÃO ALCANÇOU"
"SP";"351520";"Estrela d'Oeste";;1;3;33,3;33,3;"NÃO ALCANÇOU"
"SP";"351530";"Estrela do Norte";"X";;;;;"NÃO ALCANÇOU"
"SP";"351535";"Euclides da Cunha Paulista";"X";;;;;"NÃO ALCANÇOU"
"SP";"351540";"Fartura";;1;1;100;100;"ALCANÇOU"
"SP";"351550";"Fernandópolis";;6;9;66,7;66,7;"NÃO ALCANÇOU"
"SP";"351560";"Fernando Prestes";"X";;;;;"NÃO ALCANÇOU"
"SP";"351565";"Fernão";"X";;;;;"NÃO ALCANÇOU"
"SP";"351570";"Ferraz de Vasconcelos";;1;1;100;100;"ALCANÇOU"
"SP";"351580";"Flora Rica";"X";;;;;"NÃO ALCANÇOU"
"SP";"351590";"Floreal";"X";;;;;"NÃO ALCANÇOU"
"SP";"351600";"Flórida Paulista";"X";;;;;"NÃO ALCANÇOU"
"SP";"351610";"Florínea";;1;1;100;100;"ALCANÇOU"
"SP";"351620";"Franca";;22;28;78,6;78,6;"ALCANÇOU"
"SP";"351630";"Francisco Morato";"X";;;;;"NÃO ALCANÇOU"
"SP";"351640";"Franco da Rocha";;3;3;100;100;"ALCANÇOU"
"SP";"351650";"Gabriel Monteiro";"X";;;;;"NÃO ALCANÇOU"
"SP";"351660";"Gália";"X";;;;;"NÃO ALCANÇOU"
"SP";"351670";"Garça";;2;3;66,7;66,7;"NÃO ALCANÇOU"
"SP";"351680";"Gastão Vidigal";"X";;;;;"NÃO ALCANÇOU"
"SP";"351685";"Gavião Peixoto";"X";;;;;"NÃO ALCANÇOU"
"SP";"351690";"General Salgado";"X";;;;;"NÃO ALCANÇOU"
"SP";"351700";"Getulina";"X";;;;;"NÃO ALCANÇOU"
"SP";"351710";"Glicério";;1;2;50;50;"NÃO ALCANÇOU"
"SP";"351720";"Guaiçara";"X";;;;;"NÃO ALCANÇOU"
"SP";"351730";"Guaimbê";"X";;;;;"NÃO ALCANÇOU"
"SP";"351740";"Guaíra";;6;9;66,7;66,7;"NÃO ALCANÇOU"
"SP";"351750";"Guapiaçu";"X";;;;;"NÃO ALCANÇOU"
"SP";"351760";"Guapiara";"X";;;;;"NÃO ALCANÇOU"
"SP";"351770";"Guará";"X";;;;;"NÃO ALCANÇOU"
"SP";"351780";"Guaraçaí";;2;2;100;100;"ALCANÇOU"
"SP";"351790";"Guaraci";;1;1;100;100;"ALCANÇOU"
"SP";"351800";"Guarani d'Oeste";;0;1;0;0;"NÃO ALCANÇOU"
"SP";"351810";"Guarantã";"X";;;;;"NÃO ALCANÇOU"
"SP";"351820";"Guararapes";;4;4;100;100;"ALCANÇOU"
"SP";"351830";"Guararema";;1;1;100;100;"ALCANÇOU"
"SP";"351840";"Guaratinguetá";;5;6;83,3;83,3;"ALCANÇOU"
"SP";"351850";"Guareí";"X";;;;;"NÃO ALCANÇOU"
"SP";"351860";"Guariba";"X";;;;;"NÃO ALCANÇOU"
"SP";"351870";"Guarujá";;16;18;88,9;88,9;"ALCANÇOU"
"SP";"351880";"Guarulhos";;32;34;94,1;94,1;"ALCANÇOU"
"SP";"351885";"Guatapará";;1;1;100;100;"ALCANÇOU"
"SP";"351890";"Guzolândia";"X";;;;;"NÃO ALCANÇOU"
"SP";"351900";"Herculândia";;1;1;100;100;"ALCANÇOU"
"SP";"351905";"Holambra";;1;1;100;100;"ALCANÇOU"
"SP";"351907";"Hortolândia";;10;15;66,7;66,7;"NÃO ALCANÇOU"
"SP";"351910";"Iacanga";;1;1;100;100;"ALCANÇOU"
"SP";"351920";"Iacri";"X";;;;;"NÃO ALCANÇOU"
"SP";"351925";"Iaras";"X";;;;;"NÃO ALCANÇOU"
"SP";"351930";"Ibaté";;1;1;100;100;"ALCANÇOU"
"SP";"351940";"Ibirá";"X";;;;;"NÃO ALCANÇOU"
"SP";"351950";"Ibirarema";;1;1;100;100;"ALCANÇOU"
"SP";"351960";"Ibitinga";;6;10;60;60;"NÃO ALCANÇOU"
"SP";"351970";"Ibiúna";"X";;;;;"NÃO ALCANÇOU"
"SP";"351980";"Icém";"X";;;;;"NÃO ALCANÇOU"
"SP";"351990";"Iepê";;1;2;50;50;"NÃO ALCANÇOU"
"SP";"352000";"Igaraçu do Tietê";;1;1;100;100;"ALCANÇOU"
"SP";"352010";"Igarapava";"X";;;;;"NÃO ALCANÇOU"
"SP";"352020";"Igaratá";;1;1;100;100;"ALCANÇOU"
"SP";"352030";"Iguape";"X";;;;;"NÃO ALCANÇOU"
"SP";"352040";"Ilhabela";;6;6;100;100;"ALCANÇOU"
"SP";"352042";"Ilha Comprida";"X";;;;;"NÃO ALCANÇOU"
"SP";"352044";"Ilha Solteira";;3;3;100;100;"ALCANÇOU"
"SP";"352050";"Indaiatuba";;23;42;54,8;54,8;"NÃO ALCANÇOU"
"SP";"352060";"Indiana";"X";;;;;"NÃO ALCANÇOU"
"SP";"352070";"Indiaporã";;3;3;100;100;"ALCANÇOU"
"SP";"352080";"Inúbia Paulista";"X";;;;;"NÃO ALCANÇOU"
"SP";"352090";"Ipaussu";;1;2;50;50;"NÃO ALCANÇOU"
"SP";"352100";"Iperó";;1;1;100;100;"ALCANÇOU"
"SP";"352110";"Ipeúna";;0;1;0;0;"NÃO ALCANÇOU"
"SP";"352115";"Ipiguá";"X";;;;;"NÃO ALCANÇOU"
"SP";"352120";"Iporanga";"X";;;;;"NÃO ALCANÇOU"
"SP";"352130";"Ipuã";;1;1;100;100;"ALCANÇOU"
"SP";"352140";"Iracemápolis";;2;2;100;100;"ALCANÇOU"
"SP";"352150";"Irapuã";"X";;;;;"NÃO ALCANÇOU"
"SP";"352160";"Irapuru";"X";;;;;"NÃO ALCANÇOU"
"SP";"352170";"Itaberá";;2;2;100;100;"ALCANÇOU"
"SP";"352180";"Itaí";;1;1;100;100;"ALCANÇOU"
"SP";"352190";"Itajobi";"X";;;;;"NÃO ALCANÇOU"
"SP";"352200";"Itaju";"X";;;;;"NÃO ALCANÇOU"
"SP";"352210";"Itanhaém";;4;5;80;80;"ALCANÇOU"
"SP";"352215";"Itaoca";"X";;;;;"NÃO ALCANÇOU"
"SP";"352220";"Itapecerica da Serra";;1;2;50;50;"NÃO ALCANÇOU"
"SP";"352230";"Itapetininga";;2;2;100;100;"ALCANÇOU"
"SP";"352240";"Itapeva";;7;8;87,5;87,5;"ALCANÇOU"
"SP";"352250";"Itapevi";;6;15;40;40;"NÃO ALCANÇOU"
"SP";"352260";"Itapira";;8;14;57,1;57,1;"NÃO ALCANÇOU"
"SP";"352265";"Itapirapuã Paulista";"X";;;;;"NÃO ALCANÇOU"
"SP";"352270";"Itápolis";;1;3;33,3;33,3;"NÃO ALCANÇOU"
"SP";"352280";"Itaporanga";;1;1;100;100;"ALCANÇOU"
"SP";"352290";"Itapuí";;1;1;100;100;"ALCANÇOU"
"SP";"352300";"Itapura";"X";;;;;"NÃO ALCANÇOU"
"SP";"352310";"Itaquaquecetuba";;3;3;100;100;"ALCANÇOU"
"SP";"352320";"Itararé";;0;1;0;0;"NÃO ALCANÇOU"
"SP";"352330";"Itariri";"X";;;;;"NÃO ALCANÇOU"
"SP";"352340";"Itatiba";;6;6;100;100;"ALCANÇOU"
"SP";"352350";"Itatinga";"X";;;;;"NÃO ALCANÇOU"
"SP";"352360";"Itirapina";;1;1;100;100;"ALCANÇOU"
"SP";"352370";"Itirapuã";"X";;;;;"NÃO ALCANÇOU"
"SP";"352380";"Itobi";"X";;;;;"NÃO ALCANÇOU"
"SP";"352390";"Itu";;23;23;100;100;"ALCANÇOU"
"SP";"352400";"Itupeva";"X";;;;;"NÃO ALCANÇOU"
"SP";"352410";"Ituverava";;3;3;100;100;"ALCANÇOU"
"SP";"352420";"Jaborandi";"X";;;;;"NÃO ALCANÇOU"
"SP";"352430";"Jaboticabal";;14;15;93,3;93,3;"ALCANÇOU"
"SP";"352440";"Jacareí";;36;44;81,8;81,8;"ALCANÇOU"
"SP";"352450";"Jaci";"X";;;;;"NÃO ALCANÇOU"
"SP";"352460";"Jacupiranga";"X";;;;;"NÃO ALCANÇOU"
"SP";"352470";"Jaguariúna";;10;12;83,3;83,3;"ALCANÇOU"
"SP";"352480";"Jales";;7;9;77,8;77,8;"ALCANÇOU"
"SP";"352490";"Jambeiro";"X";;;;;"NÃO ALCANÇOU"
"SP";"352500";"Jandira";;2;2;100;100;"ALCANÇOU"
"SP";"352510";"Jardinópolis";"X";;;;;"NÃO ALCANÇOU"
"SP";"352520";"Jarinu";;1;1;100;100;"ALCANÇOU"
"SP";"352530";"Jaú";;7;10;70;70;"NÃO ALCANÇOU"
"SP";"352540";"Jeriquara";"X";;;;;"NÃO ALCANÇOU"
"SP";"352550";"Joanópolis";"X";;;;;"NÃO ALCANÇOU"
"SP";"352560";"João Ramalho";"X";;;;;"NÃO ALCANÇOU"
"SP";"352570";"José Bonifácio";;4;4;100;100;"ALCANÇOU"
"SP";"352580";"Júlio Mesquita";"X";;;;;"NÃO ALCANÇOU"
"SP";"352585";"Jumirim";"X";;;;;"NÃO ALCANÇOU"
"SP";"352590";"Jundiaí";;12;14;85,7;85,7;"ALCANÇOU"
"SP";"352600";"Junqueirópolis";"X";;;;;"NÃO ALCANÇOU"
"SP";"352610";"Juquiá";;1;1;100;100;"ALCANÇOU"
"SP";"352620";"Juquitiba";"X";;;;;"NÃO ALCANÇOU"
"SP";"352630";"Lagoinha";"X";;;;;"NÃO ALCANÇOU"
"SP";"352640";"Laranjal Paulista";"X";;;;;"NÃO ALCANÇOU"
"SP";"352650";"Lavínia";;2;2;100;100;"ALCANÇOU"
"SP";"352660";"Lavrinhas";"X";;;;;"NÃO ALCANÇOU"
"SP";"352670";"Leme";;15;20;75;75;"ALCANÇOU"
"SP";"352680";"Lençóis Paulista";;2;2;100;100;"ALCANÇOU"
"SP";"352690";"Limeira";;20;45;44,4;44,4;"NÃO ALCANÇOU"
"SP";"352700";"Lindóia";"X";;;;;"NÃO ALCANÇOU"
"SP";"352710";"Lins";;13;13;100;100;"ALCANÇOU"
"SP";"352720";"Lorena";;0;1;0;0;"NÃO ALCANÇOU"
"SP";"352725";"Lourdes";"X";;;;;"NÃO ALCANÇOU"
"SP";"352730";"Louveira";"X";;;;;"NÃO ALCANÇOU"
"SP";"352740";"Lucélia";;1;1;100;100;"ALCANÇOU"
"SP";"352750";"Lucianópolis";"X";;;;;"NÃO ALCANÇOU"
"SP";"352760";"Luís Antônio";;0;1;0;0;"NÃO ALCANÇOU"
"SP";"352770";"Luiziânia";"X";;;;;"NÃO ALCANÇOU"
"SP";"352780";"Lupércio";"X";;;;;"NÃO ALCANÇOU"
"SP";"352790";"Lutécia";"X";;;;;"NÃO ALCANÇOU"
"SP";"352800";"Macatuba";;1;1;100;100;"ALCANÇOU"
"SP";"352810";"Macaubal";"X";;;;;"NÃO ALCANÇOU"
"SP";"352820";"Macedônia";"X";;;;;"NÃO ALCANÇOU"
"SP";"352830";"Magda";"X";;;;;"NÃO ALCANÇOU"
"SP";"352840";"Mairinque";;4;4;100;100;"ALCANÇOU"
"SP";"352850";"Mairiporã";;2;2;100;100;"ALCANÇOU"
"SP";"352860";"Manduri";"X";;;;;"NÃO ALCANÇOU"
"SP";"352870";"Marabá Paulista";"X";;;;;"NÃO ALCANÇOU"
"SP";"352880";"Maracaí";;3;3;100;100;"ALCANÇOU"
"SP";"352885";"Marapoama";"X";;;;;"NÃO ALCANÇOU"
"SP";"352890";"Mariápolis";"X";;;;;"NÃO ALCANÇOU"
"SP";"352900";"Marília";;63;84;75;75;"ALCANÇOU"
"SP";"352910";"Marinópolis";"X";;;;;"NÃO ALCANÇOU"
"SP";"352920";"Martinópolis";;1;1;100;100;"ALCANÇOU"
"SP";"352930";"Matão";;9;9;100;100;"ALCANÇOU"
"SP";"352940";"Mauá";;13;13;100;100;"ALCANÇOU"
"SP";"352950";"Mendonça";;0;2;0;0;"NÃO ALCANÇOU"
"SP";"352960";"Meridiano";"X";;;;;"NÃO ALCANÇOU"
"SP";"352965";"Mesópolis";"X";;;;;"NÃO ALCANÇOU"
"SP";"352970";"Miguelópolis";"X";;;;;"NÃO ALCANÇOU"
"SP";"352980";"Mineiros do Tietê";"X";;;;;"NÃO ALCANÇOU"
"SP";"352990";"Miracatu";"X";;;;;"NÃO ALCANÇOU"
"SP";"353000";"Mira Estrela";;0;1;0;0;"NÃO ALCANÇOU"
"SP";"353010";"Mirandópolis";;10;11;90,9;90,9;"ALCANÇOU"
"SP";"353020";"Mirante do Paranapanema";;3;3;100;100;"ALCANÇOU"
"SP";"353030";"Mirassol";;3;3;100;100;"ALCANÇOU"
"SP";"353040";"Mirassolândia";"X";;;;;"NÃO ALCANÇOU"
"SP";"353050";"Mococa";;4;4;100;100;"ALCANÇOU"
"SP";"353060";"Mogi das Cruzes";;9;9;100;100;"ALCANÇOU"
"SP";"353070";"Mogi Guaçu";;34;37;91,9;91,9;"ALCANÇOU"
"SP";"353080";"Mogi Mirim";;20;21;95,2;95,2;"ALCANÇOU"
"SP";"353090";"Mombuca";"X";;;;;"NÃO ALCANÇOU"
"SP";"353100";"Monções";;2;2;100;100;"ALCANÇOU"
"SP";"353110";"Mongaguá";"X";;;;;"NÃO ALCANÇOU"
"SP";"353120";"Monte Alegre do Sul";"X";;;;;"NÃO ALCANÇOU"
"SP";"353130";"Monte Alto";;2;2;100;100;"ALCANÇOU"
"SP";"353140";"Monte Aprazível";"X";;;;;"NÃO ALCANÇOU"
"SP";"353150";"Monte Azul Paulista";"X";;;;;"NÃO ALCANÇOU"
"SP";"353160";"Monte Castelo";"X";;;;;"NÃO ALCANÇOU"
"SP";"353170";"Monteiro Lobato";"X";;;;;"NÃO ALCANÇOU"
"SP";"353180";"Monte Mor";;1;1;100;100;"ALCANÇOU"
"SP";"353190";"Morro Agudo";;2;2;100;100;"ALCANÇOU"
"SP";"353200";"Morungaba";"X";;;;;"NÃO ALCANÇOU"
"SP";"353205";"Motuca";"X";;;;;"NÃO ALCANÇOU"
"SP";"353210";"Murutinga do Sul";"X";;;;;"NÃO ALCANÇOU"
"SP";"353215";"Nantes";"X";;;;;"NÃO ALCANÇOU"
"SP";"353220";"Narandiba";"X";;;;;"NÃO ALCANÇOU"
"SP";"353230";"Natividade da Serra";"X";;;;;"NÃO ALCANÇOU"
"SP";"353240";"Nazaré Paulista";;3;3;100;100;"ALCANÇOU"
"SP";"353250";"Neves Paulista";"X";;;;;"NÃO ALCANÇOU"
"SP";"353260";"Nhandeara";;1;1;100;100;"ALCANÇOU"
"SP";"353270";"Nipoã";"X";;;;;"NÃO ALCANÇOU"
"SP";"353280";"Nova Aliança";"X";;;;;"NÃO ALCANÇOU"
"SP";"353282";"Nova Campina";"X";;;;;"NÃO ALCANÇOU"
"SP";"353284";"Nova Canaã Paulista";"X";;;;;"NÃO ALCANÇOU"
"SP";"353286";"Nova Castilho";"X";;;;;"NÃO ALCANÇOU"
"SP";"353290";"Nova Europa";;2;3;66,7;66,7;"NÃO ALCANÇOU"
"SP";"353300";"Nova Granada";"X";;;;;"NÃO ALCANÇOU"
"SP";"353310";"Nova Guataporanga";"X";;;;;"NÃO ALCANÇOU"
"SP";"353320";"Nova Independência";"X";;;;;"NÃO ALCANÇOU"
"SP";"353325";"Novais";"X";;;;;"NÃO ALCANÇOU"
"SP";"353330";"Nova Luzitânia";"X";;;;;"NÃO ALCANÇOU"
"SP";"353340";"Nova Odessa";;3;3;100;100;"ALCANÇOU"
"SP";"353350";"Novo Horizonte";;8;9;88,9;88,9;"ALCANÇOU"
"SP";"353360";"Nuporanga";"X";;;;;"NÃO ALCANÇOU"
"SP";"353370";"Ocauçu";"X";;;;;"NÃO ALCANÇOU"
"SP";"353380";"Óleo";"X";;;;;"NÃO ALCANÇOU"
"SP";"353390";"Olímpia";;3;3;100;100;"ALCANÇOU"
"SP";"353400";"Onda Verde";"X";;;;;"NÃO ALCANÇOU"
"SP";"353410";"Oriente";"X";;;;;"NÃO ALCANÇOU"
"SP";"353420";"Orindiúva";"X";;;;;"NÃO ALCANÇOU"
"SP";"353430";"Orlândia";;1;1;100;100;"ALCANÇOU"
"SP";"353440";"Osasco";;39;42;92,9;92,9;"ALCANÇOU"
"SP";"353450";"Oscar Bressane";"X";;;;;"NÃO ALCANÇOU"
"SP";"353460";"Osvaldo Cruz";;1;2;50;50;"NÃO ALCANÇOU"
"SP";"353470";"Ourinhos";;22;24;91,7;91,7;"ALCANÇOU"
"SP";"353475";"Ouroeste";"X";;;;;"NÃO ALCANÇOU"
"SP";"353480";"Ouro Verde";"X";;;;;"NÃO ALCANÇOU"
"SP";"353490";"Pacaembu";;2;2;100;100;"ALCANÇOU"
"SP";"353500";"Palestina";;0;1;0;0;"NÃO ALCANÇOU"
"SP";"353510";"Palmares Paulista";"X";;;;;"NÃO ALCANÇOU"
"SP";"353520";"Palmeira d'Oeste";;1;1;100;100;"ALCANÇOU"
"SP";"353530";"Palmital";;3;3;100;100;"ALCANÇOU"
"SP";"353540";"Panorama";"X";;;;;"NÃO ALCANÇOU"
"SP";"353550";"Paraguaçu Paulista";;5;7;71,4;71,4;"NÃO ALCANÇOU"
"SP";"353560";"Paraibuna";;1;2;50;50;"NÃO ALCANÇOU"
"SP";"353570";"Paraíso";"X";;;;;"NÃO ALCANÇOU"
"SP";"353580";"Paranapanema";"X";;;;;"NÃO ALCANÇOU"
"SP";"353590";"Paranapuã";;1;1;100;100;"ALCANÇOU"
"SP";"353600";"Parapuã";"X";;;;;"NÃO ALCANÇOU"
"SP";"353610";"Pardinho";"X";;;;;"NÃO ALCANÇOU"
"SP";"353620";"Pariquera-Açu";;11;11;100;100;"ALCANÇOU"
"SP";"353625";"Parisi";"X";;;;;"NÃO ALCANÇOU"
"SP";"353630";"Patrocínio Paulista";"X";;;;;"NÃO ALCANÇOU"
"SP";"353640";"Paulicéia";;1;1;100;100;"ALCANÇOU"
"SP";"353650";"Paulínia";;8;10;80;80;"ALCANÇOU"
"SP";"353657";"Paulistânia";"X";;;;;"NÃO ALCANÇOU"
"SP";"353660";"Paulo de Faria";"X";;;;;"NÃO ALCANÇOU"
"SP";"353670";"Pederneiras";;4;6;66,7;66,7;"NÃO ALCANÇOU"
"SP";"353680";"Pedra Bela";"X";;;;;"NÃO ALCANÇOU"
"SP";"353690";"Pedranópolis";"X";;;;;"NÃO ALCANÇOU"
"SP";"353700";"Pedregulho";"X";;;;;"NÃO ALCANÇOU"
"SP";"353710";"Pedreira";;4;5;80;80;"ALCANÇOU"
"SP";"353715";"Pedrinhas Paulista";"X";;;;;"NÃO ALCANÇOU"
"SP";"353720";"Pedro de Toledo";"X";;;;;"NÃO ALCANÇOU"
"SP";"353730";"Penápolis";;4;6;66,7;66,7;"NÃO ALCANÇOU"
"SP";"353740";"Pereira Barreto";"X";;;;;"NÃO ALCANÇOU"
"SP";"353750";"Pereiras";;0;1;0;0;"NÃO ALCANÇOU"
"SP";"353760";"Peruíbe";;4;4;100;100;"ALCANÇOU"
"SP";"353770";"Piacatu";"X";;;;;"NÃO ALCANÇOU"
"SP";"353780";"Piedade";;3;3;100;100;"ALCANÇOU"
"SP";"353790";"Pilar do Sul";;1;1;100;100;"ALCANÇOU"
"SP";"353800";"Pindamonhangaba";;12;14;85,7;85,7;"ALCANÇOU"
"SP";"353810";"Pindorama";;4;4;100;100;"ALCANÇOU"
"SP";"353820";"Pinhalzinho";"X";;;;;"NÃO ALCANÇOU"
"SP";"353830";"Piquerobi";"X";;;;;"NÃO ALCANÇOU"
"SP";"353850";"Piquete";"X";;;;;"NÃO ALCANÇOU"
"SP";"353860";"Piracaia";"X";;;;;"NÃO ALCANÇOU"
"SP";"353870";"Piracicaba";;44;48;91,7;91,7;"ALCANÇOU"
"SP";"353880";"Piraju";;1;1;100;100;"ALCANÇOU"
"SP";"353890";"Pirajuí";;1;1;100;100;"ALCANÇOU"
"SP";"353900";"Pirangi";;0;1;0;0;"NÃO ALCANÇOU"
"SP";"353910";"Pirapora do Bom Jesus";"X";;;;;"NÃO ALCANÇOU"
"SP";"353920";"Pirapozinho";;6;6;100;100;"ALCANÇOU"
"SP";"353930";"Pirassununga";;9;9;100;100;"ALCANÇOU"
"SP";"353940";"Piratininga";;3;3;100;100;"ALCANÇOU"
"SP";"353950";"Pitangueiras";;5;6;83,3;83,3;"ALCANÇOU"
"SP";"353960";"Planalto";"X";;;;;"NÃO ALCANÇOU"
"SP";"353970";"Platina";"X";;;;;"NÃO ALCANÇOU"
"SP";"353980";"Poá";;3;3;100;100;"ALCANÇOU"
"SP";"353990";"Poloni";"X";;;;;"NÃO ALCANÇOU"
"SP";"354000";"Pompéia";;3;3;100;100;"ALCANÇOU"
"SP";"354010";"Pongaí";"X";;;;;"NÃO ALCANÇOU"
"SP";"354020";"Pontal";;4;5;80;80;"ALCANÇOU"
"SP";"354025";"Pontalinda";;1;1;100;100;"ALCANÇOU"
"SP";"354030";"Pontes Gestal";;2;2;100;100;"ALCANÇOU"
"SP";"354040";"Populina";"X";;;;;"NÃO ALCANÇOU"
"SP";"354050";"Porangaba";"X";;;;;"NÃO ALCANÇOU"
"SP";"354060";"Porto Feliz";;3;3;100;100;"ALCANÇOU"
"SP";"354070";"Porto Ferreira";;12;13;92,3;92,3;"ALCANÇOU"
"SP";"354075";"Potim";"X";;;;;"NÃO ALCANÇOU"
"SP";"354080";"Potirendaba";;3;4;75;75;"ALCANÇOU"
"SP";"354085";"Pracinha";;1;1;100;100;"ALCANÇOU"
"SP";"354090";"Pradópolis";;2;2;100;100;"ALCANÇOU"
"SP";"354100";"Praia Grande";;7;11;63,6;63,6;"NÃO ALCANÇOU"
"SP";"354105";"Pratânia";"X";;;;;"NÃO ALCANÇOU"
"SP";"354110";"Presidente Alves";"X";;;;;"NÃO ALCANÇOU"
"SP";"354120";"Presidente Bernardes";;2;2;100;100;"ALCANÇOU"
"SP";"354130";"Presidente Epitácio";;4;4;100;100;"ALCANÇOU"
"SP";"354140";"Presidente Prudente";;60;60;100;100;"ALCANÇOU"
"SP";"354150";"Presidente Venceslau";;3;3;100;100;"ALCANÇOU"
"SP";"354160";"Promissão";;6;6;100;100;"ALCANÇOU"
"SP";"354165";"Quadra";;0;1;0;0;"NÃO ALCANÇOU"
"SP";"354170";"Quatá";"X";;;;;"NÃO ALCANÇOU"
"SP";"354180";"Queiroz";"X";;;;;"NÃO ALCANÇOU"
"SP";"354190";"Queluz";"X";;;;;"NÃO ALCANÇOU"
"SP";"354200";"Quintana";;1;2;50;50;"NÃO ALCANÇOU"
"SP";"354210";"Rafard";"X";;;;;"NÃO ALCANÇOU"
"SP";"354220";"Rancharia";;5;5;100;100;"ALCANÇOU"
"SP";"354230";"Redenção da Serra";"X";;;;;"NÃO ALCANÇOU"
"SP";"354240";"Regente Feijó";;5;5;100;100;"ALCANÇOU"
"SP";"354250";"Reginópolis";"X";;;;;"NÃO ALCANÇOU"
"SP";"354260";"Registro";"X";;;;;"NÃO ALCANÇOU"
"SP";"354270";"Restinga";"X";;;;;"NÃO ALCANÇOU"
"SP";"354280";"Ribeira";;2;2;100;100;"ALCANÇOU"
"SP";"354290";"Ribeirão Bonito";"X";;;;;"NÃO ALCANÇOU"
"SP";"354300";"Ribeirão Branco";;1;1;100;100;"ALCANÇOU"
"SP";"354310";"Ribeirão Corrente";"X";;;;;"NÃO ALCANÇOU"
"SP";"354320";"Ribeirão do Sul";;2;3;66,7;66,7;"NÃO ALCANÇOU"
"SP";"354323";"Ribeirão dos Índios";"X";;;;;"NÃO ALCANÇOU"
"SP";"354325";"Ribeirão Grande";"X";;;;;"NÃO ALCANÇOU"
"SP";"354330";"Ribeirão Pires";;1;2;50;50;"NÃO ALCANÇOU"
"SP";"354340";"Ribeirão Preto";;71;87;81,6;81,6;"ALCANÇOU"
"SP";"354350";"Riversul";"X";;;;;"NÃO ALCANÇOU"
"SP";"354360";"Rifaina";"X";;;;;"NÃO ALCANÇOU"
"SP";"354370";"Rincão";;1;1;100;100;"ALCANÇOU"
"SP";"354380";"Rinópolis";"X";;;;;"NÃO ALCANÇOU"
"SP";"354390";"Rio Claro";;19;24;79,2;79,2;"ALCANÇOU"
"SP";"354400";"Rio das Pedras";"X";;;;;"NÃO ALCANÇOU"
"SP";"354410";"Rio Grande da Serra";"X";;;;;"NÃO ALCANÇOU"
"SP";"354420";"Riolândia";;1;1;100;100;"ALCANÇOU"
"SP";"354425";"Rosana";;3;4;75;75;"ALCANÇOU"
"SP";"354430";"Roseira";"X";;;;;"NÃO ALCANÇOU"
"SP";"354440";"Rubiácea";"X";;;;;"NÃO ALCANÇOU"
"SP";"354450";"Rubinéia";"X";;;;;"NÃO ALCANÇOU"
"SP";"354460";"Sabino";"X";;;;;"NÃO ALCANÇOU"
"SP";"354470";"Sagres";"X";;;;;"NÃO ALCANÇOU"
"SP";"354480";"Sales";"X";;;;;"NÃO ALCANÇOU"
"SP";"354490";"Sales Oliveira";;0;2;0;0;"NÃO ALCANÇOU"
"SP";"354500";"Salesópolis";;0;1;0;0;"NÃO ALCANÇOU"
"SP";"354510";"Salmourão";"X";;;;;"NÃO ALCANÇOU"
"SP";"354515";"Saltinho";"X";;;;;"NÃO ALCANÇOU"
"SP";"354520";"Salto";;57;58;98,3;98,3;"ALCANÇOU"
"SP";"354530";"Salto de Pirapora";;0;2;0;0;"NÃO ALCANÇOU"
"SP";"354540";"Salto Grande";;4;4;100;100;"ALCANÇOU"
"SP";"354550";"Sandovalina";"X";;;;;"NÃO ALCANÇOU"
"SP";"354560";"Santa Adélia";;1;1;100;100;"ALCANÇOU"
"SP";"354570";"Santa Albertina";;1;1;100;100;"ALCANÇOU"
"SP";"354580";"Santa Bárbara d'Oeste";;36;45;80;80;"ALCANÇOU"
"SP";"354600";"Santa Branca";;3;8;37,5;37,5;"NÃO ALCANÇOU"
"SP";"354610";"Santa Clara d'Oeste";"X";;;;;"NÃO ALCANÇOU"
"SP";"354620";"Santa Cruz da Conceição";"X";;;;;"NÃO ALCANÇOU"
"SP";"354625";"Santa Cruz da Esperança";;1;1;100;100;"ALCANÇOU"
"SP";"354630";"Santa Cruz das Palmeiras";;2;2;100;100;"ALCANÇOU"
"SP";"354640";"Santa Cruz do Rio Pardo";;4;5;80;80;"ALCANÇOU"
"SP";"354650";"Santa Ernestina";"X";;;;;"NÃO ALCANÇOU"
"SP";"354660";"Santa Fé do Sul";;4;6;66,7;66,7;"NÃO ALCANÇOU"
"SP";"354670";"Santa Gertrudes";;0;1;0;0;"NÃO ALCANÇOU"
"SP";"354680";"Santa Isabel";"X";;;;;"NÃO ALCANÇOU"
"SP";"354690";"Santa Lúcia";"X";;;;;"NÃO ALCANÇOU"
"SP";"354700";"Santa Maria da Serra";"X";;;;;"NÃO ALCANÇOU"
"SP";"354710";"Santa Mercedes";"X";;;;;"NÃO ALCANÇOU"
"SP";"354720";"Santana da Ponte Pensa";"X";;;;;"NÃO ALCANÇOU"
"SP";"354730";"Santana de Parnaíba";;8;8;100;100;"ALCANÇOU"
"SP";"354740";"Santa Rita d'Oeste";"X";;;;;"NÃO ALCANÇOU"
"SP";"354750";"Santa Rita do Passa Quatro";;2;2;100;100;"ALCANÇOU"
"SP";"354760";"Santa Rosa de Viterbo";;1;1;100;100;"ALCANÇOU"
"SP";"354765";"Santa Salete";"X";;;;;"NÃO ALCANÇOU"
"SP";"354770";"Santo Anastácio";"X";;;;;"NÃO ALCANÇOU"
"SP";"354780";"Santo André";;5;6;83,3;83,3;"ALCANÇOU"
"SP";"354790";"Santo Antônio da Alegria";;1;1;100;100;"ALCANÇOU"
"SP";"354800";"Santo Antônio de Posse";;4;5;80;80;"ALCANÇOU"
"SP";"354805";"Santo Antônio do Aracanguá";"X";;;;;"NÃO ALCANÇOU"
"SP";"354810";"Santo Antônio do Jardim";"X";;;;;"NÃO ALCANÇOU"
"SP";"354820";"Santo Antônio do Pinhal";"X";;;;;"NÃO ALCANÇOU"
"SP";"354830";"Santo Expedito";"X";;;;;"NÃO ALCANÇOU"
"SP";"354840";"Santópolis do Aguapeí";"X";;;;;"NÃO ALCANÇOU"
"SP";"354850";"Santos";;99;122;81,1;81,1;"ALCANÇOU"
"SP";"354860";"São Bento do Sapucaí";"X";;;;;"NÃO ALCANÇOU"
"SP";"354870";"São Bernardo do Campo";;23;23;100;100;"ALCANÇOU"
"SP";"354880";"São Caetano do Sul";;4;4;100;100;"ALCANÇOU"
"SP";"354890";"São Carlos";;52;57;91,2;91,2;"ALCANÇOU"
"SP";"354900";"São Francisco";"X";;;;;"NÃO ALCANÇOU"
"SP";"354910";"São João da Boa Vista";;20;20;100;100;"ALCANÇOU"
"SP";"354920";"São João das Duas Pontes";"X";;;;;"NÃO ALCANÇOU"
"SP";"354925";"São João de Iracema";"X";;;;;"NÃO ALCANÇOU"
"SP";"354930";"São João do Pau d'Alho";"X";;;;;"NÃO ALCANÇOU"
"SP";"354940";"São Joaquim da Barra";"X";;;;;"NÃO ALCANÇOU"
"SP";"354950";"São José da Bela Vista";"X";;;;;"NÃO ALCANÇOU"
"SP";"354960";"São José do Barreiro";"X";;;;;"NÃO ALCANÇOU"
"SP";"354970";"São José do Rio Pardo";;3;3;100;100;"ALCANÇOU"
"SP";"354980";"São José do Rio Preto";;266;319;83,4;83,4;"ALCANÇOU"
"SP";"354990";"São José dos Campos";;59;67;88,1;88,1;"ALCANÇOU"
"SP";"354995";"São Lourenço da Serra";;2;2;100;100;"ALCANÇOU"
"SP";"355000";"São Luiz do Paraitinga";"X";;;;;"NÃO ALCANÇOU"
"SP";"355010";"São Manuel";;5;5;100;100;"ALCANÇOU"
"SP";"355020";"São Miguel Arcanjo";;2;2;100;100;"ALCANÇOU"
"SP";"355030";"São Paulo";;341;453;75,3;75,3;"ALCANÇOU"
"SP";"355040";"São Pedro";;3;3;100;100;"ALCANÇOU"
"SP";"355050";"São Pedro do Turvo";"X";;;;;"NÃO ALCANÇOU"
"SP";"355060";"São Roque";;8;8;100;100;"ALCANÇOU"
"SP";"355070";"São Sebastião";;0;3;0;0;"NÃO ALCANÇOU"
"SP";"355080";"São Sebastião da Grama";;1;1;100;100;"ALCANÇOU"
"SP";"355090";"São Simão";"X";;;;;"NÃO ALCANÇOU"
"SP";"355100";"São Vicente";;2;2;100;100;"ALCANÇOU"
"SP";"355110";"Sarapuí";"X";;;;;"NÃO ALCANÇOU"
"SP";"355120";"Sarutaiá";"X";;;;;"NÃO ALCANÇOU"
"SP";"355130";"Sebastianópolis do Sul";"X";;;;;"NÃO ALCANÇOU"
"SP";"355140";"Serra Azul";"X";;;;;"NÃO ALCANÇOU"
"SP";"355150";"Serrana";"X";;;;;"NÃO ALCANÇOU"
"SP";"355160";"Serra Negra";;1;1;100;100;"ALCANÇOU"
"SP";"355170";"Sertãozinho";;26;31;83,9;83,9;"ALCANÇOU"
"SP";"355180";"Sete Barras";;0;1;0;0;"NÃO ALCANÇOU"
"SP";"355190";"Severínia";;2;2;100;100;"ALCANÇOU"
"SP";"355200";"Silveiras";"X";;;;;"NÃO ALCANÇOU"
"SP";"355210";"Socorro";;7;7;100;100;"ALCANÇOU"
"SP";"355220";"Sorocaba";;81;87;93,1;93,1;"ALCANÇOU"
"SP";"355230";"Sud Mennucci";;1;2;50;50;"NÃO ALCANÇOU"
"SP";"355240";"Sumaré";;17;18;94,4;94,4;"ALCANÇOU"
"SP";"355250";"Suzano";;3;3;100;100;"ALCANÇOU"
"SP";"355255";"Suzanápolis";"X";;;;;"NÃO ALCANÇOU"
"SP";"355260";"Tabapuã";;2;2;100;100;"ALCANÇOU"
"SP";"355270";"Tabatinga";;2;2;100;100;"ALCANÇOU"
"SP";"355280";"Taboão da Serra";;2;2;100;100;"ALCANÇOU"
"SP";"355290";"Taciba";"X";;;;;"NÃO ALCANÇOU"
"SP";"355300";"Taguaí";"X";;;;;"NÃO ALCANÇOU"
"SP";"355310";"Taiaçu";"X";;;;;"NÃO ALCANÇOU"
"SP";"355320";"Taiúva";;2;2;100;100;"ALCANÇOU"
"SP";"355330";"Tambaú";;2;2;100;100;"ALCANÇOU"
"SP";"355340";"Tanabi";"X";;;;;"NÃO ALCANÇOU"
"SP";"355350";"Tapiraí";"X";;;;;"NÃO ALCANÇOU"
"SP";"355360";"Tapiratiba";"X";;;;;"NÃO ALCANÇOU"
"SP";"355365";"Taquaral";"X";;;;;"NÃO ALCANÇOU"
"SP";"355370";"Taquaritinga";;5;5;100;100;"ALCANÇOU"
"SP";"355380";"Taquarituba";"X";;;;;"NÃO ALCANÇOU"
"SP";"355385";"Taquarivaí";"X";;;;;"NÃO ALCANÇOU"
"SP";"355390";"Tarabai";;1;1;100;100;"ALCANÇOU"
"SP";"355395";"Tarumã";;2;4;50;50;"NÃO ALCANÇOU"
"SP";"355400";"Tatuí";;1;1;100;100;"ALCANÇOU"
"SP";"355410";"Taubaté";;33;37;89,2;89,2;"ALCANÇOU"
"SP";"355420";"Tejupá";"X";;;;;"NÃO ALCANÇOU"
"SP";"355430";"Teodoro Sampaio";;4;4;100;100;"ALCANÇOU"
"SP";"355440";"Terra Roxa";"X";;;;;"NÃO ALCANÇOU"
"SP";"355450";"Tietê";;1;1;100;100;"ALCANÇOU"
"SP";"355460";"Timburi";"X";;;;;"NÃO ALCANÇOU"
"SP";"355465";"Torre de Pedra";"X";;;;;"NÃO ALCANÇOU"
"SP";"355470";"Torrinha";"X";;;;;"NÃO ALCANÇOU"
"SP";"355475";"Trabiju";"X";;;;;"NÃO ALCANÇOU"
"SP";"355480";"Tremembé";;5;5;100;100;"ALCANÇOU"
"SP";"355490";"Três Fronteiras";"X";;;;;"NÃO ALCANÇOU"
"SP";"355495";"Tuiuti";"X";;;;;"NÃO ALCANÇOU"
"SP";"355500";"Tupã";;53;69;76,8;76,8;"ALCANÇOU"
"SP";"355510";"Tupi Paulista";"X";;;;;"NÃO ALCANÇOU"
"SP";"355520";"Turiúba";"X";;;;;"NÃO ALCANÇOU"
"SP";"355530";"Turmalina";;1;1;100;100;"ALCANÇOU"
"SP";"355535";"Ubarana";;0;1;0;0;"NÃO ALCANÇOU"
"SP";"355540";"Ubatuba";;0;1;0;0;"NÃO ALCANÇOU"
"SP";"355550";"Ubirajara";"X";;;;;"NÃO ALCANÇOU"
"SP";"355560";"Uchoa";;1;2;50;50;"NÃO ALCANÇOU"
"SP";"355570";"União Paulista";"X";;;;;"NÃO ALCANÇOU"
"SP";"355580";"Urânia";;5;5;100;100;"ALCANÇOU"
"SP";"355590";"Uru";"X";;;;;"NÃO ALCANÇOU"
"SP";"355600";"Urupês";"X";;;;;"NÃO ALCANÇOU"
"SP";"355610";"Valentim Gentil";;1;1;100;100;"ALCANÇOU"
"SP";"355620";"Valinhos";;13;20;65;65;"NÃO ALCANÇOU"
"SP";"355630";"Valparaíso";;7;9;77,8;77,8;"ALCANÇOU"
"SP";"355635";"Vargem";"X";;;;;"NÃO ALCANÇOU"
"SP";"355640";"Vargem Grande do Sul";;3;3;100;100;"ALCANÇOU"
"SP";"355645";"Vargem Grande Paulista";"X";;;;;"NÃO ALCANÇOU"
"SP";"355650";"Várzea Paulista";;2;2;100;100;"ALCANÇOU"
"SP";"355660";"Vera Cruz";;1;1;100;100;"ALCANÇOU"
"SP";"355670";"Vinhedo";;18;19;94,7;94,7;"ALCANÇOU"
"SP";"355680";"Viradouro";;1;1;100;100;"ALCANÇOU"
"SP";"355690";"Vista Alegre do Alto";"X";;;;;"NÃO ALCANÇOU"
"SP";"355695";"Vitória Brasil";"X";;;;;"NÃO ALCANÇOU"
"SP";"355700";"Votorantim";"X";;;;;"NÃO ALCANÇOU"
"SP";"355710";"Votuporanga";;9;9;100;100;"ALCANÇOU"
"SP";"355715";"Zacarias";"X";;;;;"NÃO ALCANÇOU"
"SP";"355720";"Chavantes";;0;1;0;0;"NÃO ALCANÇOU"
"SP";"355730";"Estiva Gerbi";;1;1;100;100;"ALCANÇOU"
"TO";"170025";"Abreulândia";"X";;;;;"NÃO ALCANÇOU"
"TO";"170030";"Aguiarnópolis";"X";;;;;"NÃO ALCANÇOU"
"TO";"170035";"Aliança do Tocantins";"X";;;;;"NÃO ALCANÇOU"
"TO";"170040";"Almas";"X";;;;;"NÃO ALCANÇOU"
"TO";"170070";"Alvorada";;1;1;100;100;"ALCANÇOU"
"TO";"170100";"Ananás";"X";;;;;"NÃO ALCANÇOU"
"TO";"170105";"Angico";"X";;;;;"NÃO ALCANÇOU"
"TO";"170110";"Aparecida do Rio Negro";"X";;;;;"NÃO ALCANÇOU"
"TO";"170130";"Aragominas";"X";;;;;"NÃO ALCANÇOU"
"TO";"170190";"Araguacema";"X";;;;;"NÃO ALCANÇOU"
"TO";"170200";"Araguaçu";"X";;;;;"NÃO ALCANÇOU"
"TO";"170210";"Araguaína";;1;2;50;50;"NÃO ALCANÇOU"
"TO";"170215";"Araguanã";"X";;;;;"NÃO ALCANÇOU"
"TO";"170220";"Araguatins";"X";;;;;"NÃO ALCANÇOU"
"TO";"170230";"Arapoema";;0;1;0;0;"NÃO ALCANÇOU"
"TO";"170240";"Arraias";"X";;;;;"NÃO ALCANÇOU"
"TO";"170255";"Augustinópolis";;2;5;40;40;"NÃO ALCANÇOU"
"TO";"170270";"Aurora do Tocantins";"X";;;;;"NÃO ALCANÇOU"
"TO";"170290";"Axixá do Tocantins";"X";;;;;"NÃO ALCANÇOU"
"TO";"170300";"Babaçulândia";"X";;;;;"NÃO ALCANÇOU"
"TO";"170305";"Bandeirantes do Tocantins";"X";;;;;"NÃO ALCANÇOU"
"TO";"170307";"Barra do Ouro";"X";;;;;"NÃO ALCANÇOU"
"TO";"170310";"Barrolândia";"X";;;;;"NÃO ALCANÇOU"
"TO";"170320";"Bernardo Sayão";"X";;;;;"NÃO ALCANÇOU"
"TO";"170330";"Bom Jesus do Tocantins";"X";;;;;"NÃO ALCANÇOU"
"TO";"170360";"Brasilândia do Tocantins";"X";;;;;"NÃO ALCANÇOU"
"TO";"170370";"Brejinho de Nazaré";"X";;;;;"NÃO ALCANÇOU"
"TO";"170380";"Buriti do Tocantins";"X";;;;;"NÃO ALCANÇOU"
"TO";"170382";"Cachoeirinha";"X";;;;;"NÃO ALCANÇOU"
"TO";"170384";"Campos Lindos";"X";;;;;"NÃO ALCANÇOU"
"TO";"170386";"Cariri do Tocantins";"X";;;;;"NÃO ALCANÇOU"
"TO";"170388";"Carmolândia";"X";;;;;"NÃO ALCANÇOU"
"TO";"170389";"Carrasco Bonito";"X";;;;;"NÃO ALCANÇOU"
"TO";"170390";"Caseara";"X";;;;;"NÃO ALCANÇOU"
"TO";"170410";"Centenário";"X";;;;;"NÃO ALCANÇOU"
"TO";"170460";"Chapada de Areia";"X";;;;;"NÃO ALCANÇOU"
"TO";"170510";"Chapada da Natividade";"X";;;;;"NÃO ALCANÇOU"
"TO";"170550";"Colinas do Tocantins";"X";;;;;"NÃO ALCANÇOU"
"TO";"170555";"Combinado";"X";;;;;"NÃO ALCANÇOU"
"TO";"170560";"Conceição do Tocantins";"X";;;;;"NÃO ALCANÇOU"
"TO";"170600";"Couto Magalhães";"X";;;;;"NÃO ALCANÇOU"
"TO";"170610";"Cristalândia";"X";;;;;"NÃO ALCANÇOU"
"TO";"170625";"Crixás do Tocantins";"X";;;;;"NÃO ALCANÇOU"
"TO";"170650";"Darcinópolis";"X";;;;;"NÃO ALCANÇOU"
"TO";"170700";"Dianópolis";"X";;;;;"NÃO ALCANÇOU"
"TO";"170710";"Divinópolis do Tocantins";"X";;;;;"NÃO ALCANÇOU"
"TO";"170720";"Dois Irmãos do Tocantins";"X";;;;;"NÃO ALCANÇOU"
"TO";"170730";"Dueré";"X";;;;;"NÃO ALCANÇOU"
"TO";"170740";"Esperantina";"X";;;;;"NÃO ALCANÇOU"
"TO";"170755";"Fátima";"X";;;;;"NÃO ALCANÇOU"
"TO";"170765";"Figueirópolis";"X";;;;;"NÃO ALCANÇOU"
"TO";"170770";"Filadélfia";"X";;;;;"NÃO ALCANÇOU"
"TO";"170820";"Formoso do Araguaia";"X";;;;;"NÃO ALCANÇOU"
"TO";"170825";"Tabocão";"X";;;;;"NÃO ALCANÇOU"
"TO";"170830";"Goianorte";"X";;;;;"NÃO ALCANÇOU"
"TO";"170900";"Goiatins";"X";;;;;"NÃO ALCANÇOU"
"TO";"170930";"Guaraí";;2;2;100;100;"ALCANÇOU"
"TO";"170950";"Gurupi";;2;2;100;100;"ALCANÇOU"
"TO";"170980";"Ipueiras";"X";;;;;"NÃO ALCANÇOU"
"TO";"171050";"Itacajá";"X";;;;;"NÃO ALCANÇOU"
"TO";"171070";"Itaguatins";"X";;;;;"NÃO ALCANÇOU"
"TO";"171090";"Itapiratins";"X";;;;;"NÃO ALCANÇOU"
"TO";"171110";"Itaporã do Tocantins";"X";;;;;"NÃO ALCANÇOU"
"TO";"171150";"Jaú do Tocantins";"X";;;;;"NÃO ALCANÇOU"
"TO";"171180";"Juarina";"X";;;;;"NÃO ALCANÇOU"
"TO";"171190";"Lagoa da Confusão";"X";;;;;"NÃO ALCANÇOU"
"TO";"171195";"Lagoa do Tocantins";"X";;;;;"NÃO ALCANÇOU"
"TO";"171200";"Lajeado";"X";;;;;"NÃO ALCANÇOU"
"TO";"171215";"Lavandeira";"X";;;;;"NÃO ALCANÇOU"
"TO";"171240";"Lizarda";"X";;;;;"NÃO ALCANÇOU"
"TO";"171245";"Luzinópolis";"X";;;;;"NÃO ALCANÇOU"
"TO";"171250";"Marianópolis do Tocantins";"X";;;;;"NÃO ALCANÇOU"
"TO";"171270";"Mateiros";"X";;;;;"NÃO ALCANÇOU"
"TO";"171280";"Maurilândia do Tocantins";"X";;;;;"NÃO ALCANÇOU"
"TO";"171320";"Miracema do Tocantins";"X";;;;;"NÃO ALCANÇOU"
"TO";"171330";"Miranorte";"X";;;;;"NÃO ALCANÇOU"
"TO";"171360";"Monte do Carmo";"X";;;;;"NÃO ALCANÇOU"
"TO";"171370";"Monte Santo do Tocantins";"X";;;;;"NÃO ALCANÇOU"
"TO";"171380";"Palmeiras do Tocantins";"X";;;;;"NÃO ALCANÇOU"
"TO";"171395";"Muricilândia";"X";;;;;"NÃO ALCANÇOU"
"TO";"171420";"Natividade";"X";;;;;"NÃO ALCANÇOU"
"TO";"171430";"Nazaré";"X";;;;;"NÃO ALCANÇOU"
"TO";"171488";"Nova Olinda";;1;1;100;100;"ALCANÇOU"
"TO";"171500";"Nova Rosalândia";"X";;;;;"NÃO ALCANÇOU"
"TO";"171510";"Novo Acordo";"X";;;;;"NÃO ALCANÇOU"
"TO";"171515";"Novo Alegre";"X";;;;;"NÃO ALCANÇOU"
"TO";"171525";"Novo Jardim";"X";;;;;"NÃO ALCANÇOU"
"TO";"171550";"Oliveira de Fátima";"X";;;;;"NÃO ALCANÇOU"
"TO";"171570";"Palmeirante";"X";;;;;"NÃO ALCANÇOU"
"TO";"171575";"Palmeirópolis";"X";;;;;"NÃO ALCANÇOU"
"TO";"171610";"Paraíso do Tocantins";;1;1;100;100;"ALCANÇOU"
"TO";"171620";"Paranã";"X";;;;;"NÃO ALCANÇOU"
"TO";"171630";"Pau D'Arco";"X";;;;;"NÃO ALCANÇOU"
"TO";"171650";"Pedro Afonso";"X";;;;;"NÃO ALCANÇOU"
"TO";"171660";"Peixe";"X";;;;;"NÃO ALCANÇOU"
"TO";"171665";"Pequizeiro";"X";;;;;"NÃO ALCANÇOU"
"TO";"171670";"Colméia";"X";;;;;"NÃO ALCANÇOU"
"TO";"171700";"Pindorama do Tocantins";"X";;;;;"NÃO ALCANÇOU"
"TO";"171720";"Piraquê";"X";;;;;"NÃO ALCANÇOU"
"TO";"171750";"Pium";"X";;;;;"NÃO ALCANÇOU"
"TO";"171780";"Ponte Alta do Bom Jesus";"X";;;;;"NÃO ALCANÇOU"
"TO";"171790";"Ponte Alta do Tocantins";"X";;;;;"NÃO ALCANÇOU"
"TO";"171800";"Porto Alegre do Tocantins";"X";;;;;"NÃO ALCANÇOU"
"TO";"171820";"Porto Nacional";"X";;;;;"NÃO ALCANÇOU"
"TO";"171830";"Praia Norte";"X";;;;;"NÃO ALCANÇOU"
"TO";"171840";"Presidente Kennedy";"X";;;;;"NÃO ALCANÇOU"
"TO";"171845";"Pugmil";"X";;;;;"NÃO ALCANÇOU"
"TO";"171850";"Recursolândia";"X";;;;;"NÃO ALCANÇOU"
"TO";"171855";"Riachinho";"X";;;;;"NÃO ALCANÇOU"
"TO";"171865";"Rio da Conceição";"X";;;;;"NÃO ALCANÇOU"
"TO";"171870";"Rio dos Bois";"X";;;;;"NÃO ALCANÇOU"
"TO";"171875";"Rio Sono";"X";;;;;"NÃO ALCANÇOU"
"TO";"171880";"Sampaio";"X";;;;;"NÃO ALCANÇOU"
"TO";"171884";"Sandolândia";"X";;;;;"NÃO ALCANÇOU"
"TO";"171886";"Santa Fé do Araguaia";"X";;;;;"NÃO ALCANÇOU"
"TO";"171888";"Santa Maria do Tocantins";"X";;;;;"NÃO ALCANÇOU"
"TO";"171889";"Santa Rita do Tocantins";"X";;;;;"NÃO ALCANÇOU"
"TO";"171890";"Santa Rosa do Tocantins";"X";;;;;"NÃO ALCANÇOU"
"TO";"171900";"Santa Tereza do Tocantins";"X";;;;;"NÃO ALCANÇOU"
"TO";"172000";"Santa Terezinha do Tocantins";"X";;;;;"NÃO ALCANÇOU"
"TO";"172010";"São Bento do Tocantins";"X";;;;;"NÃO ALCANÇOU"
"TO";"172015";"São Félix do Tocantins";"X";;;;;"NÃO ALCANÇOU"
"TO";"172020";"São Miguel do Tocantins";"X";;;;;"NÃO ALCANÇOU"
"TO";"172025";"São Salvador do Tocantins";"X";;;;;"NÃO ALCANÇOU"
"TO";"172030";"São Sebastião do Tocantins";"X";;;;;"NÃO ALCANÇOU"
"TO";"172049";"São Valério";"X";;;;;"NÃO ALCANÇOU"
"TO";"172065";"Silvanópolis";;0;1;0;0;"NÃO ALCANÇOU"
"TO";"172080";"Sítio Novo do Tocantins";"X";;;;;"NÃO ALCANÇOU"
"TO";"172085";"Sucupira";"X";;;;;"NÃO ALCANÇOU"
"TO";"172090";"Taguatinga";"X";;;;;"NÃO ALCANÇOU"
"TO";"172093";"Taipas do Tocantins";"X";;;;;"NÃO ALCANÇOU"
"TO";"172097";"Talismã";"X";;;;;"NÃO ALCANÇOU"
"TO";"172100";"Palmas";;1;1;100;100;"ALCANÇOU"
"TO";"172110";"Tocantínia";"X";;;;;"NÃO ALCANÇOU"
"TO";"172120";"Tocantinópolis";"X";;;;;"NÃO ALCANÇOU"
"TO";"172125";"Tupirama";"X";;;;;"NÃO ALCANÇOU"
"TO";"172130";"Tupiratins";"X";;;;;"NÃO ALCANÇOU"
"TO";"172208";"Wanderlândia";"X";;;;;"NÃO ALCANÇOU"
"TO";"172210";"Xambioá";"X";;;;;"NÃO ALCANÇOU"
