"UF";"cod_mun";"NUM_2025.a";"DEN_2025.a";"NUM_2025";"DEN_2025";"RES_2025";"Alcançou a meta?";"RES";"METAS"
"RO";110001;32;39;2,66666666666667;3,25;0,82051282051282;"Sim";82,1;"ALCANÇOU"
"RO";110002;154;156;12,8333333333333;13;0,987179487179487;"Sim";98,7;"ALCANÇOU"
"RO";110003;12;12;1;1;1;"Sim";100;"ALCANÇOU"
"RO";110004;153;156;12,75;13;0,980769230769231;"Sim";98,1;"ALCANÇOU"
"RO";110005;31;34;2,58333333333333;2,83333333333333;0,911764705882353;"Sim";91,2;"ALCANÇOU"
"RO";110006;31;39;2,58333333333333;3,25;0,794871794871795;"Não";79,5;"ALCANÇOU"
"RO";110007;12;14;1;1,16666666666667;0,857142857142857;"Sim";85,7;"ALCANÇOU"
"RO";110008;19;25;1,58333333333333;2,08333333333333;0,76;"Não";76;"NÃO ALCANÇOU"
"RO";110009;9;9;0,75;0,75;1;"Sim";100;"ALCANÇOU"
"RO";110010;74;113;6,16666666666667;9,41666666666667;0,654867256637168;"Não";65,5;"NÃO ALCANÇOU"
"RO";110011;115;119;9,58333333333333;9,91666666666667;0,966386554621849;"Sim";96,6;"ALCANÇOU"
"RO";110012;178;179;14,8333333333333;14,9166666666667;0,994413407821229;"Sim";99,4;"ALCANÇOU"
"RO";110013;36;36;3;3;1;"Sim";100;"ALCANÇOU"
"RO";110014;24;24;2;2;1;"Sim";100;"ALCANÇOU"
"RO";110015;54;63;4,5;5,25;0,857142857142857;"Sim";85,7;"ALCANÇOU"
"RO";110018;48;48;4;4;1;"Sim";100;"ALCANÇOU"
"RO";110020;419;466;34,9166666666667;38,8333333333333;0,899141630901288;"Sim";89,9;"ALCANÇOU"
"RO";110025;91;120;7,58333333333333;10;0,758333333333333;"Não";75,8;"NÃO ALCANÇOU"
"RO";110026;10;10;0,833333333333333;0,833333333333333;1;"Sim";100;"ALCANÇOU"
"RO";110028;84;84;7;7;1;"Sim";100;"ALCANÇOU"
"RO";110029;18;18;1,5;1,5;1;"Sim";100;"ALCANÇOU"
"RO";110030;120;120;10;10;1;"Sim";100;"ALCANÇOU"
"RO";110032;13;26;1,08333333333333;2,16666666666667;0,5;"Não";50;"NÃO ALCANÇOU"
"RO";110033;24;24;2;2;1;"Sim";100;"ALCANÇOU"
"RO";110034;10;20;0,833333333333333;1,66666666666667;0,5;"Não";50;"NÃO ALCANÇOU"
"RO";110037;12;15;1;1,25;0,8;"Sim";80;"ALCANÇOU"
"RO";110040;8;8;0,666666666666667;0,666666666666667;1;"Sim";100;"ALCANÇOU"
"RO";110045;12;12;1;1;1;"Sim";100;"ALCANÇOU"
"RO";110050;12;12;1;1;1;"Sim";100;"ALCANÇOU"
"RO";110060;35;36;2,91666666666667;3;0,972222222222222;"Sim";97,2;"ALCANÇOU"
"RO";110070;12;12;1;1;1;"Sim";100;"ALCANÇOU"
"RO";110080;32;46;2,66666666666667;3,83333333333333;0,695652173913043;"Não";69,6;"NÃO ALCANÇOU"
"RO";110090;12;12;1;1;1;"Sim";100;"ALCANÇOU"
"RO";110092;39;56;3,25;4,66666666666667;0,696428571428571;"Não";69,6;"NÃO ALCANÇOU"
"RO";110094;12;12;1;1;1;"Sim";100;"ALCANÇOU"
"RO";110100;18;19;1,5;1,58333333333333;0,947368421052632;"Sim";94,7;"ALCANÇOU"
"RO";110110;11;12;0,916666666666667;1;0,916666666666667;"Sim";91,7;"ALCANÇOU"
"RO";110120;12;12;1;1;1;"Sim";100;"ALCANÇOU"
"RO";110130;12;12;1;1;1;"Sim";100;"ALCANÇOU"
"RO";110140;12;18;1;1,5;0,666666666666667;"Não";66,7;"NÃO ALCANÇOU"
"RO";110143;12;12;1;1;1;"Sim";100;"ALCANÇOU"
"RO";110145;12;12;1;1;1;"Sim";100;"ALCANÇOU"
"RO";110146;12;12;1;1;1;"Sim";100;"ALCANÇOU"
"RO";110147;9;9;0,75;0,75;1;"Sim";100;"ALCANÇOU"
"RO";110148;12;12;1;1;1;"Sim";100;"ALCANÇOU"
"RO";110149;13;13;1,08333333333333;1,08333333333333;1;"Sim";100;"ALCANÇOU"
"RO";110150;10;10;0,833333333333333;0,833333333333333;1;"Sim";100;"ALCANÇOU"
"RO";110155;5;5;0,416666666666667;0,416666666666667;1;"Sim";100;"ALCANÇOU"
"RO";110160;23;30;1,91666666666667;2,5;0,766666666666667;"Não";76,7;"NÃO ALCANÇOU"
"RO";110170;12;12;1;1;1;"Sim";100;"ALCANÇOU"
"RO";110175;12;18;1;1,5;0,666666666666667;"Não";66,7;"NÃO ALCANÇOU"
"RO";110180;12;12;1;1;1;"Sim";100;"ALCANÇOU"
"AC";120001;70;84;5,83333333333333;7;0,833333333333333;"Sim";83,3;"ALCANÇOU"
"AC";120005;36;36;3;3;1;"Sim";100;"ALCANÇOU"
"AC";120010;108;108;9;9;1;"Sim";100;"ALCANÇOU"
"AC";120013;48;52;4;4,33333333333333;0,923076923076923;"Sim";92,3;"ALCANÇOU"
"AC";120017;58;60;4,83333333333333;5;0,966666666666667;"Sim";96,7;"ALCANÇOU"
"AC";120020;349;364;29,0833333333333;30,3333333333333;0,958791208791209;"Sim";95,9;"ALCANÇOU"
"AC";120025;96;96;8;8;1;"Sim";100;"ALCANÇOU"
"AC";120030;107;120;8,91666666666667;10;0,891666666666667;"Sim";89,2;"ALCANÇOU"
"AC";120032;12;16;1;1,33333333333333;0,75;"Não";75;"NÃO ALCANÇOU"
"AC";120033;107;120;8,91666666666667;10;0,891666666666667;"Sim";89,2;"ALCANÇOU"
"AC";120034;36;36;3;3;1;"Sim";100;"ALCANÇOU"
"AC";120035;59;60;4,91666666666667;5;0,983333333333333;"Sim";98,3;"ALCANÇOU"
"AC";120038;63;64;5,25;5,33333333333333;0,984375;"Sim";98,4;"ALCANÇOU"
"AC";120039;38;51;3,16666666666667;4,25;0,745098039215686;"Não";74,5;"NÃO ALCANÇOU"
"AC";120040;616;720;51,3333333333333;60;0,855555555555556;"Sim";85,6;"ALCANÇOU"
"AC";120042;68;83;5,66666666666667;6,91666666666667;0,819277108433735;"Sim";81,9;"ALCANÇOU"
"AC";120043;43;60;3,58333333333333;5;0,716666666666667;"Não";71,7;"NÃO ALCANÇOU"
"AC";120045;84;87;7;7,25;0,96551724137931;"Sim";96,6;"ALCANÇOU"
"AC";120050;149;193;12,4166666666667;16,0833333333333;0,772020725388601;"Não";77,2;"NÃO ALCANÇOU"
"AC";120060;123;137;10,25;11,4166666666667;0,897810218978102;"Sim";89,8;"ALCANÇOU"
"AC";120070;48;48;4;4;1;"Sim";100;"ALCANÇOU"
"AC";120080;4;4;0,333333333333333;0,333333333333333;1;"Sim";100;"ALCANÇOU"
"AM";130002;72;84;6;7;0,857142857142857;"Sim";85,7;"ALCANÇOU"
"AM";130006;48;48;4;4;1;"Sim";100;"ALCANÇOU"
"AM";130008;14;44;1,16666666666667;3,66666666666667;0,318181818181818;"Não";31,8;"NÃO ALCANÇOU"
"AM";130010;12;12;1;1;1;"Sim";100;"ALCANÇOU"
"AM";130014;92;93;7,66666666666667;7,75;0,989247311827957;"Sim";98,9;"ALCANÇOU"
"AM";130020;59;62;4,91666666666667;5,16666666666667;0,951612903225806;"Sim";95,2;"ALCANÇOU"
"AM";130030;104;113;8,66666666666667;9,41666666666667;0,920353982300885;"Sim";92;"ALCANÇOU"
"AM";130040;82;82;6,83333333333333;6,83333333333333;1;"Sim";100;"ALCANÇOU"
"AM";130050;35;36;2,91666666666667;3;0,972222222222222;"Sim";97,2;"ALCANÇOU"
"AM";130060;162;162;13,5;13,5;1;"Sim";100;"ALCANÇOU"
"AM";130063;48;48;4;4;1;"Sim";100;"ALCANÇOU"
"AM";130068;69;72;5,75;6;0,958333333333333;"Sim";95,8;"ALCANÇOU"
"AM";130070;70;72;5,83333333333333;6;0,972222222222222;"Sim";97,2;"ALCANÇOU"
"AM";130080;120;120;10;10;1;"Sim";100;"ALCANÇOU"
"AM";130083;12;12;1;1;1;"Sim";100;"ALCANÇOU"
"AM";130090;24;24;2;2;1;"Sim";100;"ALCANÇOU"
"AM";130100;95;100;7,91666666666667;8,33333333333333;0,95;"Sim";95;"ALCANÇOU"
"AM";130110;79;88;6,58333333333333;7,33333333333333;0,897727272727273;"Sim";89,8;"ALCANÇOU"
"AM";130115;117;120;9,75;10;0,975;"Sim";97,5;"ALCANÇOU"
"AM";130120;200;204;16,6666666666667;17;0,980392156862745;"Sim";98;"ALCANÇOU"
"AM";130130;84;87;7;7,25;0,96551724137931;"Sim";96,6;"ALCANÇOU"
"AM";130140;83;84;6,91666666666667;7;0,988095238095238;"Sim";98,8;"ALCANÇOU"
"AM";130150;59;72;4,91666666666667;6;0,819444444444444;"Sim";81,9;"ALCANÇOU"
"AM";130160;68;69;5,66666666666667;5,75;0,985507246376812;"Sim";98,6;"ALCANÇOU"
"AM";130165;36;36;3;3;1;"Sim";100;"ALCANÇOU"
"AM";130170;159;168;13,25;14;0,946428571428571;"Sim";94,6;"ALCANÇOU"
"AM";130180;14;16;1,16666666666667;1,33333333333333;0,875;"Sim";87,5;"ALCANÇOU"
"AM";130185;207;207;17,25;17,25;1;"Sim";100;"ALCANÇOU"
"AM";130190;168;168;14;14;1;"Sim";100;"ALCANÇOU"
"AM";130195;30;36;2,5;3;0,833333333333333;"Sim";83,3;"ALCANÇOU"
"AM";130200;22;24;1,83333333333333;2;0,916666666666667;"Sim";91,7;"ALCANÇOU"
"AM";130210;28;46;2,33333333333333;3,83333333333333;0,608695652173913;"Não";60,9;"NÃO ALCANÇOU"
"AM";130220;30;36;2,5;3;0,833333333333333;"Sim";83,3;"ALCANÇOU"
"AM";130230;36;36;3;3;1;"Sim";100;"ALCANÇOU"
"AM";130240;84;84;7;7;1;"Sim";100;"ALCANÇOU"
"AM";130250;254;254;21,1666666666667;21,1666666666667;1;"Sim";100;"ALCANÇOU"
"AM";130255;54;54;4,5;4,5;1;"Sim";100;"ALCANÇOU"
"AM";130260;1867;1947;155,583333333333;162,25;0,958911145351823;"Sim";95,9;"ALCANÇOU"
"AM";130270;216;216;18;18;1;"Sim";100;"ALCANÇOU"
"AM";130280;36;36;3;3;1;"Sim";100;"ALCANÇOU"
"AM";130290;80;91;6,66666666666667;7,58333333333333;0,879120879120879;"Sim";87,9;"ALCANÇOU"
"AM";130300;59;72;4,91666666666667;6;0,819444444444444;"Sim";81,9;"ALCANÇOU"
"AM";130310;76;84;6,33333333333333;7;0,904761904761905;"Sim";90,5;"ALCANÇOU"
"AM";130320;60;65;5;5,41666666666667;0,923076923076923;"Sim";92,3;"ALCANÇOU"
"AM";130330;60;60;5;5;1;"Sim";100;"ALCANÇOU"
"AM";130340;207;221;17,25;18,4166666666667;0,936651583710407;"Sim";93,7;"ALCANÇOU"
"AM";130350;36;36;3;3;1;"Sim";100;"ALCANÇOU"
"AM";130353;183;192;15,25;16;0,953125;"Sim";95,3;"ALCANÇOU"
"AM";130356;166;192;13,8333333333333;16;0,864583333333333;"Sim";86,5;"ALCANÇOU"
"AM";130360;78;88;6,5;7,33333333333333;0,886363636363636;"Sim";88,6;"ALCANÇOU"
"AM";130370;108;108;9;9;1;"Sim";100;"ALCANÇOU"
"AM";130380;348;361;29;30,0833333333333;0,96398891966759;"Sim";96,4;"ALCANÇOU"
"AM";130390;156;156;13;13;1;"Sim";100;"ALCANÇOU"
"AM";130395;60;60;5;5;1;"Sim";100;"ALCANÇOU"
"AM";130400;12;12;1;1;1;"Sim";100;"ALCANÇOU"
"AM";130406;136;136;11,3333333333333;11,3333333333333;1;"Sim";100;"ALCANÇOU"
"AM";130410;86;87;7,16666666666667;7,25;0,988505747126437;"Sim";98,9;"ALCANÇOU"
"AM";130420;141;145;11,75;12,0833333333333;0,972413793103448;"Sim";97,2;"ALCANÇOU"
"AM";130423;94;95;7,83333333333333;7,91666666666667;0,989473684210526;"Sim";98,9;"ALCANÇOU"
"AM";130426;34;48;2,83333333333333;4;0,708333333333333;"Não";70,8;"NÃO ALCANÇOU"
"AM";130430;65;72;5,41666666666667;6;0,902777777777778;"Sim";90,3;"ALCANÇOU"
"AM";130440;84;84;7;7;1;"Sim";100;"ALCANÇOU"
"RR";140002;40;60;3,33333333333333;5;0,666666666666667;"Não";66,7;"NÃO ALCANÇOU"
"RR";140005;95;96;7,91666666666667;8;0,989583333333333;"Sim";99;"ALCANÇOU"
"RR";140010;494;533;41,1666666666667;44,4166666666667;0,926829268292683;"Sim";92,7;"ALCANÇOU"
"RR";140015;129;144;10,75;12;0,895833333333333;"Sim";89,6;"ALCANÇOU"
"RR";140017;59;72;4,91666666666667;6;0,819444444444444;"Sim";81,9;"ALCANÇOU"
"RR";140020;70;72;5,83333333333333;6;0,972222222222222;"Sim";97,2;"ALCANÇOU"
"RR";140023;24;24;2;2;1;"Sim";100;"ALCANÇOU"
"RR";140028;28;72;2,33333333333333;6;0,388888888888889;"Não";38,9;"NÃO ALCANÇOU"
"RR";140030;88;100;7,33333333333333;8,33333333333333;0,88;"Sim";88;"ALCANÇOU"
"RR";140040;102;126;8,5;10,5;0,80952380952381;"Sim";81;"ALCANÇOU"
"RR";140045;66;95;5,5;7,91666666666667;0,694736842105263;"Não";69,5;"NÃO ALCANÇOU"
"RR";140047;135;152;11,25;12,6666666666667;0,888157894736842;"Sim";88,8;"ALCANÇOU"
"RR";140050;24;24;2;2;1;"Sim";100;"ALCANÇOU"
"RR";140060;19;24;1,58333333333333;2;0,791666666666667;"Não";79,2;"NÃO ALCANÇOU"
"RR";140070;147;177;12,25;14,75;0,830508474576271;"Sim";83,1;"ALCANÇOU"
"PA";150010;296;311;24,6666666666667;25,9166666666667;0,951768488745981;"Sim";95,2;"ALCANÇOU"
"PA";150013;27;36;2,25;3;0,75;"Não";75;"NÃO ALCANÇOU"
"PA";150020;133;176;11,0833333333333;14,6666666666667;0,755681818181818;"Não";75,6;"NÃO ALCANÇOU"
"PA";150030;36;36;3;3;1;"Sim";100;"ALCANÇOU"
"PA";150034;99;120;8,25;10;0,825;"Sim";82,5;"ALCANÇOU"
"PA";150040;50;66;4,16666666666667;5,5;0,757575757575758;"Não";75,8;"NÃO ALCANÇOU"
"PA";150050;121;156;10,0833333333333;13;0,775641025641026;"Não";77,6;"NÃO ALCANÇOU"
"PA";150060;248;276;20,6666666666667;23;0,898550724637681;"Sim";89,9;"ALCANÇOU"
"PA";150070;57;60;4,75;5;0,95;"Sim";95;"ALCANÇOU"
"PA";150080;646;699;53,8333333333333;58,25;0,924177396280401;"Sim";92,4;"ALCANÇOU"
"PA";150085;93;94;7,75;7,83333333333333;0,98936170212766;"Sim";98,9;"ALCANÇOU"
"PA";150090;228;228;19;19;1;"Sim";100;"ALCANÇOU"
"PA";150095;120;120;10;10;1;"Sim";100;"ALCANÇOU"
"PA";150100;61;84;5,08333333333333;7;0,726190476190476;"Não";72,6;"NÃO ALCANÇOU"
"PA";150110;20;24;1,66666666666667;2;0,833333333333333;"Sim";83,3;"ALCANÇOU"
"PA";150120;86;119;7,16666666666667;9,91666666666667;0,722689075630252;"Não";72,3;"NÃO ALCANÇOU"
"PA";150125;24;36;2;3;0,666666666666667;"Não";66,7;"NÃO ALCANÇOU"
"PA";150130;391;407;32,5833333333333;33,9166666666667;0,960687960687961;"Sim";96,1;"ALCANÇOU"
"PA";150140;727;788;60,5833333333333;65,6666666666667;0,92258883248731;"Sim";92,3;"ALCANÇOU"
"PA";150145;107;108;8,91666666666667;9;0,990740740740741;"Sim";99,1;"ALCANÇOU"
"PA";150150;204;204;17;17;1;"Sim";100;"ALCANÇOU"
"PA";150157;64;72;5,33333333333333;6;0,888888888888889;"Sim";88,9;"ALCANÇOU"
"PA";150160;96;120;8;10;0,8;"Sim";80;"ALCANÇOU"
"PA";150170;347;372;28,9166666666667;31;0,932795698924731;"Sim";93,3;"ALCANÇOU"
"PA";150172;79;114;6,58333333333333;9,5;0,692982456140351;"Não";69,3;"NÃO ALCANÇOU"
"PA";150175;47;48;3,91666666666667;4;0,979166666666667;"Sim";97,9;"ALCANÇOU"
"PA";150178;184;192;15,3333333333333;16;0,958333333333333;"Sim";95,8;"ALCANÇOU"
"PA";150180;185;509;15,4166666666667;42,4166666666667;0,363457760314342;"Não";36,3;"NÃO ALCANÇOU"
"PA";150190;24;24;2;2;1;"Sim";100;"ALCANÇOU"
"PA";150195;120;150;10;12,5;0,8;"Sim";80;"ALCANÇOU"
"PA";150200;32;36;2,66666666666667;3;0,888888888888889;"Sim";88,9;"ALCANÇOU"
"PA";150210;324;336;27;28;0,964285714285714;"Sim";96,4;"ALCANÇOU"
"PA";150215;166;168;13,8333333333333;14;0,988095238095238;"Sim";98,8;"ALCANÇOU"
"PA";150220;264;288;22;24;0,916666666666667;"Sim";91,7;"ALCANÇOU"
"PA";150230;156;156;13;13;1;"Sim";100;"ALCANÇOU"
"PA";150240;537;564;44,75;47;0,952127659574468;"Sim";95,2;"ALCANÇOU"
"PA";150250;18;23;1,5;1,91666666666667;0,782608695652174;"Não";78,3;"NÃO ALCANÇOU"
"PA";150260;72;72;6;6;1;"Sim";100;"ALCANÇOU"
"PA";150270;160;192;13,3333333333333;16;0,833333333333333;"Sim";83,3;"ALCANÇOU"
"PA";150275;108;108;9;9;1;"Sim";100;"ALCANÇOU"
"PA";150276;48;84;4;7;0,571428571428571;"Não";57,1;"NÃO ALCANÇOU"
"PA";150277;96;96;8;8;1;"Sim";100;"ALCANÇOU"
"PA";150280;68;90;5,66666666666667;7,5;0,755555555555556;"Não";75,6;"NÃO ALCANÇOU"
"PA";150285;81;84;6,75;7;0,964285714285714;"Sim";96,4;"ALCANÇOU"
"PA";150290;177;180;14,75;15;0,983333333333333;"Sim";98,3;"ALCANÇOU"
"PA";150293;156;156;13;13;1;"Sim";100;"ALCANÇOU"
"PA";150295;96;132;8;11;0,727272727272727;"Não";72,7;"NÃO ALCANÇOU"
"PA";150300;36;36;3;3;1;"Sim";100;"ALCANÇOU"
"PA";150304;67;72;5,58333333333333;6;0,930555555555556;"Sim";93,1;"ALCANÇOU"
"PA";150307;98;112;8,16666666666667;9,33333333333333;0,875;"Sim";87,5;"ALCANÇOU"
"PA";150309;104;108;8,66666666666667;9;0,962962962962963;"Sim";96,3;"ALCANÇOU"
"PA";150310;0;12;0;1;0;"Não";0;"NÃO ALCANÇOU"
"PA";150320;155;156;12,9166666666667;13;0,993589743589744;"Sim";99,4;"ALCANÇOU"
"PA";150330;169;192;14,0833333333333;16;0,880208333333333;"Sim";88;"ALCANÇOU"
"PA";150340;84;84;7;7;1;"Sim";100;"ALCANÇOU"
"PA";150345;161;180;13,4166666666667;15;0,894444444444444;"Sim";89,4;"ALCANÇOU"
"PA";150350;130;132;10,8333333333333;11;0,984848484848485;"Sim";98,5;"ALCANÇOU"
"PA";150360;274;288;22,8333333333333;24;0,951388888888889;"Sim";95,1;"ALCANÇOU"
"PA";150370;96;128;8;10,6666666666667;0,75;"Não";75;"NÃO ALCANÇOU"
"PA";150375;24;36;2;3;0,666666666666667;"Não";66,7;"NÃO ALCANÇOU"
"PA";150380;143;144;11,9166666666667;12;0,993055555555556;"Sim";99,3;"ALCANÇOU"
"PA";150390;96;168;8;14;0,571428571428571;"Não";57,1;"NÃO ALCANÇOU"
"PA";150400;240;252;20;21;0,952380952380952;"Sim";95,2;"ALCANÇOU"
"PA";150405;108;108;9;9;1;"Sim";100;"ALCANÇOU"
"PA";150410;48;72;4;6;0,666666666666667;"Não";66,7;"NÃO ALCANÇOU"
"PA";150420;293;316;24,4166666666667;26,3333333333333;0,927215189873418;"Sim";92,7;"ALCANÇOU"
"PA";150430;132;132;11;11;1;"Sim";100;"ALCANÇOU"
"PA";150440;112;118;9,33333333333333;9,83333333333333;0,949152542372881;"Sim";94,9;"ALCANÇOU"
"PA";150442;227;228;18,9166666666667;19;0,995614035087719;"Sim";99,6;"ALCANÇOU"
"PA";150445;82;84;6,83333333333333;7;0,976190476190476;"Sim";97,6;"ALCANÇOU"
"PA";150450;0;0;0;0;;;;"NÃO ALCANÇOU"
"PA";150460;96;96;8;8;1;"Sim";100;"ALCANÇOU"
"PA";150470;119;132;9,91666666666667;11;0,901515151515151;"Sim";90,2;"ALCANÇOU"
"PA";150475;120;132;10;11;0,909090909090909;"Sim";90,9;"ALCANÇOU"
"PA";150480;206;216;17,1666666666667;18;0,953703703703704;"Sim";95,4;"ALCANÇOU"
"PA";150490;36;36;3;3;1;"Sim";100;"ALCANÇOU"
"PA";150495;91;96;7,58333333333333;8;0,947916666666667;"Sim";94,8;"ALCANÇOU"
"PA";150497;60;72;5;6;0,833333333333333;"Sim";83,3;"ALCANÇOU"
"PA";150500;84;84;7;7;1;"Sim";100;"ALCANÇOU"
"PA";150503;130;156;10,8333333333333;13;0,833333333333333;"Sim";83,3;"ALCANÇOU"
"PA";150506;96;120;8;10;0,8;"Sim";80;"ALCANÇOU"
"PA";150510;113;127;9,41666666666667;10,5833333333333;0,889763779527559;"Sim";89;"ALCANÇOU"
"PA";150520;94;108;7,83333333333333;9;0,87037037037037;"Sim";87;"ALCANÇOU"
"PA";150530;140;144;11,6666666666667;12;0,972222222222222;"Sim";97,2;"ALCANÇOU"
"PA";150540;96;96;8;8;1;"Sim";100;"ALCANÇOU"
"PA";150543;108;120;9;10;0,9;"Sim";90;"ALCANÇOU"
"PA";150548;134;156;11,1666666666667;13;0,858974358974359;"Sim";85,9;"ALCANÇOU"
"PA";150549;21;33;1,75;2,75;0,636363636363636;"Não";63,6;"NÃO ALCANÇOU"
"PA";150550;227;240;18,9166666666667;20;0,945833333333333;"Sim";94,6;"ALCANÇOU"
"PA";150553;331;336;27,5833333333333;28;0,985119047619048;"Sim";98,5;"ALCANÇOU"
"PA";150555;48;56;4;4,66666666666667;0,857142857142857;"Sim";85,7;"ALCANÇOU"
"PA";150560;48;60;4;5;0,8;"Sim";80;"ALCANÇOU"
"PA";150563;72;72;6;6;1;"Sim";100;"ALCANÇOU"
"PA";150565;79;79;6,58333333333333;6,58333333333333;1;"Sim";100;"ALCANÇOU"
"PA";150570;60;60;5;5;1;"Sim";100;"ALCANÇOU"
"PA";150580;189;192;15,75;16;0,984375;"Sim";98,4;"ALCANÇOU"
"PA";150590;93;101;7,75;8,41666666666667;0,920792079207921;"Sim";92,1;"ALCANÇOU"
"PA";150600;105;108;8,75;9;0,972222222222222;"Sim";97,2;"ALCANÇOU"
"PA";150610;60;72;5;6;0,833333333333333;"Sim";83,3;"ALCANÇOU"
"PA";150611;71;72;5,91666666666667;6;0,986111111111111;"Sim";98,6;"ALCANÇOU"
"PA";150613;168;180;14;15;0,933333333333333;"Sim";93,3;"ALCANÇOU"
"PA";150616;84;84;7;7;1;"Sim";100;"ALCANÇOU"
"PA";150618;74;91;6,16666666666667;7,58333333333333;0,813186813186813;"Sim";81,3;"ALCANÇOU"
"PA";150619;111;132;9,25;11;0,840909090909091;"Sim";84,1;"ALCANÇOU"
"PA";150620;216;216;18;18;1;"Sim";100;"ALCANÇOU"
"PA";150630;66;92;5,5;7,66666666666667;0,717391304347826;"Não";71,7;"NÃO ALCANÇOU"
"PA";150635;60;60;5;5;1;"Sim";100;"ALCANÇOU"
"PA";150640;0;0;0;0;;;;"NÃO ALCANÇOU"
"PA";150650;230;240;19,1666666666667;20;0,958333333333333;"Sim";95,8;"ALCANÇOU"
"PA";150655;136;146;11,3333333333333;12,1666666666667;0,931506849315068;"Sim";93,2;"ALCANÇOU"
"PA";150658;36;68;3;5,66666666666667;0,529411764705882;"Não";52,9;"NÃO ALCANÇOU"
"PA";150660;131;132;10,9166666666667;11;0,992424242424242;"Sim";99,2;"ALCANÇOU"
"PA";150670;180;192;15;16;0,9375;"Sim";93,8;"ALCANÇOU"
"PA";150680;677;698;56,4166666666667;58,1666666666667;0,969914040114613;"Sim";97;"ALCANÇOU"
"PA";150690;48;48;4;4;1;"Sim";100;"ALCANÇOU"
"PA";150700;164;168;13,6666666666667;14;0,976190476190476;"Sim";97,6;"ALCANÇOU"
"PA";150710;96;96;8;8;1;"Sim";100;"ALCANÇOU"
"PA";150715;93;96;7,75;8;0,96875;"Sim";96,9;"ALCANÇOU"
"PA";150720;190;200;15,8333333333333;16,6666666666667;0,95;"Sim";95;"ALCANÇOU"
"PA";150730;192;204;16;17;0,941176470588235;"Sim";94,1;"ALCANÇOU"
"PA";150740;94;104;7,83333333333333;8,66666666666667;0,903846153846154;"Sim";90,4;"ALCANÇOU"
"PA";150745;108;108;9;9;1;"Sim";100;"ALCANÇOU"
"PA";150746;36;36;3;3;1;"Sim";100;"ALCANÇOU"
"PA";150747;120;132;10;11;0,909090909090909;"Sim";90,9;"ALCANÇOU"
"PA";150750;71;72;5,91666666666667;6;0,986111111111111;"Sim";98,6;"ALCANÇOU"
"PA";150760;234;241;19,5;20,0833333333333;0,970954356846473;"Sim";97,1;"ALCANÇOU"
"PA";150770;0;0;0;0;;;;"NÃO ALCANÇOU"
"PA";150775;0;24;0;2;0;"Não";0;"NÃO ALCANÇOU"
"PA";150780;39;75;3,25;6,25;0,52;"Não";52;"NÃO ALCANÇOU"
"PA";150790;53;60;4,41666666666667;5;0,883333333333333;"Sim";88,3;"ALCANÇOU"
"PA";150795;128;128;10,6666666666667;10,6666666666667;1;"Sim";100;"ALCANÇOU"
"PA";150796;71;72;5,91666666666667;6;0,986111111111111;"Sim";98,6;"ALCANÇOU"
"PA";150797;72;72;6;6;1;"Sim";100;"ALCANÇOU"
"PA";150800;228;228;19;19;1;"Sim";100;"ALCANÇOU"
"PA";150803;180;192;15;16;0,9375;"Sim";93,8;"ALCANÇOU"
"PA";150805;48;48;4;4;1;"Sim";100;"ALCANÇOU"
"PA";150808;96;108;8;9;0,888888888888889;"Sim";88,9;"ALCANÇOU"
"PA";150810;242;302;20,1666666666667;25,1666666666667;0,801324503311258;"Sim";80,1;"ALCANÇOU"
"PA";150812;96;96;8;8;1;"Sim";100;"ALCANÇOU"
"PA";150815;105;108;8,75;9;0,972222222222222;"Sim";97,2;"ALCANÇOU"
"PA";150820;156;164;13;13,6666666666667;0,951219512195122;"Sim";95,1;"ALCANÇOU"
"PA";150830;300;312;25;26;0,961538461538462;"Sim";96,2;"ALCANÇOU"
"PA";150835;95;96;7,91666666666667;8;0,989583333333333;"Sim";99;"ALCANÇOU"
"PA";150840;192;192;16;16;1;"Sim";100;"ALCANÇOU"
"AP";160005;36;48;3;4;0,75;"Não";75;"NÃO ALCANÇOU"
"AP";160010;0;0;0;0;;;;"NÃO ALCANÇOU"
"AP";160015;36;36;3;3;1;"Sim";100;"ALCANÇOU"
"AP";160020;4;4;0,333333333333333;0,333333333333333;1;"Sim";100;"ALCANÇOU"
"AP";160021;2;24;0,166666666666667;2;0,0833333333333333;"Não";8,3;"NÃO ALCANÇOU"
"AP";160023;24;24;2;2;1;"Sim";100;"ALCANÇOU"
"AP";160025;48;48;4;4;1;"Sim";100;"ALCANÇOU"
"AP";160027;0;12;0;1;0;"Não";0;"NÃO ALCANÇOU"
"AP";160030;450;470;37,5;39,1666666666667;0,957446808510638;"Sim";95,7;"ALCANÇOU"
"AP";160040;0;0;0;0;;;;"NÃO ALCANÇOU"
"AP";160050;60;60;5;5;1;"Sim";100;"ALCANÇOU"
"AP";160053;80;80;6,66666666666667;6,66666666666667;1;"Sim";100;"ALCANÇOU"
"AP";160055;0;0;0;0;;;;"NÃO ALCANÇOU"
"AP";160060;38;40;3,16666666666667;3,33333333333333;0,95;"Sim";95;"ALCANÇOU"
"AP";160070;24;24;2;2;1;"Sim";100;"ALCANÇOU"
"AP";160080;0;14;0;1,16666666666667;0;"Não";0;"NÃO ALCANÇOU"
"TO";170025;4;4;0,333333333333333;0,333333333333333;1;"Sim";100;"ALCANÇOU"
"TO";170030;0;0;0;0;;;;"NÃO ALCANÇOU"
"TO";170035;2;2;0,166666666666667;0,166666666666667;1;"Sim";100;"ALCANÇOU"
"TO";170040;0;0;0;0;;;;"NÃO ALCANÇOU"
"TO";170070;0;0;0;0;;;;"NÃO ALCANÇOU"
"TO";170100;5;10;0,416666666666667;0,833333333333333;0,5;"Não";50;"NÃO ALCANÇOU"
"TO";170105;4;4;0,333333333333333;0,333333333333333;1;"Sim";100;"ALCANÇOU"
"TO";170110;0;0;0;0;;;;"NÃO ALCANÇOU"
"TO";170130;5;9;0,416666666666667;0,75;0,555555555555556;"Não";55,6;"NÃO ALCANÇOU"
"TO";170190;24;24;2;2;1;"Sim";100;"ALCANÇOU"
"TO";170200;24;24;2;2;1;"Sim";100;"ALCANÇOU"
"TO";170210;256;278;21,3333333333333;23,1666666666667;0,920863309352518;"Sim";92,1;"ALCANÇOU"
"TO";170215;3;3;0,25;0,25;1;"Sim";100;"ALCANÇOU"
"TO";170220;0;0;0;0;;;;"NÃO ALCANÇOU"
"TO";170230;0;0;0;0;;;;"NÃO ALCANÇOU"
"TO";170240;0;0;0;0;;;;"NÃO ALCANÇOU"
"TO";170255;60;60;5;5;1;"Sim";100;"ALCANÇOU"
"TO";170270;0;0;0;0;;;;"NÃO ALCANÇOU"
"TO";170290;12;12;1;1;1;"Sim";100;"ALCANÇOU"
"TO";170300;24;24;2;2;1;"Sim";100;"ALCANÇOU"
"TO";170305;12;12;1;1;1;"Sim";100;"ALCANÇOU"
"TO";170307;0;0;0;0;;;;"NÃO ALCANÇOU"
"TO";170310;0;0;0;0;;;;"NÃO ALCANÇOU"
"TO";170320;0;0;0;0;;;;"NÃO ALCANÇOU"
"TO";170330;12;12;1;1;1;"Sim";100;"ALCANÇOU"
"TO";170360;0;0;0;0;;;;"NÃO ALCANÇOU"
"TO";170370;0;0;0;0;;;;"NÃO ALCANÇOU"
"TO";170380;12;12;1;1;1;"Sim";100;"ALCANÇOU"
"TO";170382;0;0;0;0;;;;"NÃO ALCANÇOU"
"TO";170384;0;0;0;0;;;;"NÃO ALCANÇOU"
"TO";170386;12;12;1;1;1;"Sim";100;"ALCANÇOU"
"TO";170388;3;3;0,25;0,25;1;"Sim";100;"ALCANÇOU"
"TO";170389;5;5;0,416666666666667;0,416666666666667;1;"Sim";100;"ALCANÇOU"
"TO";170390;5;5;0,416666666666667;0,416666666666667;1;"Sim";100;"ALCANÇOU"
"TO";170410;4;4;0,333333333333333;0,333333333333333;1;"Sim";100;"ALCANÇOU"
"TO";170460;5;5;0,416666666666667;0,416666666666667;1;"Sim";100;"ALCANÇOU"
"TO";170510;0;0;0;0;;;;"NÃO ALCANÇOU"
"TO";170550;120;128;10;10,6666666666667;0,9375;"Sim";93,8;"ALCANÇOU"
"TO";170555;5;5;0,416666666666667;0,416666666666667;1;"Sim";100;"ALCANÇOU"
"TO";170560;0;0;0;0;;;;"NÃO ALCANÇOU"
"TO";170600;0;0;0;0;;;;"NÃO ALCANÇOU"
"TO";170610;0;0;0;0;;;;"NÃO ALCANÇOU"
"TO";170625;0;0;0;0;;;;"NÃO ALCANÇOU"
"TO";170650;0;0;0;0;;;;"NÃO ALCANÇOU"
"TO";170700;0;0;0;0;;;;"NÃO ALCANÇOU"
"TO";170710;12;12;1;1;1;"Sim";100;"ALCANÇOU"
"TO";170720;12;20;1;1,66666666666667;0,6;"Não";60;"NÃO ALCANÇOU"
"TO";170730;0;0;0;0;;;;"NÃO ALCANÇOU"
"TO";170740;0;0;0;0;;;;"NÃO ALCANÇOU"
"TO";170755;0;0;0;0;;;;"NÃO ALCANÇOU"
"TO";170765;0;0;0;0;;;;"NÃO ALCANÇOU"
"TO";170770;0;0;0;0;;;;"NÃO ALCANÇOU"
"TO";170820;20;20;1,66666666666667;1,66666666666667;1;"Sim";100;"ALCANÇOU"
"TO";170825;12;12;1;1;1;"Sim";100;"ALCANÇOU"
"TO";170830;2;2;0,166666666666667;0,166666666666667;1;"Sim";100;"ALCANÇOU"
"TO";170900;8;8;0,666666666666667;0,666666666666667;1;"Sim";100;"ALCANÇOU"
"TO";170930;0;0;0;0;;;;"NÃO ALCANÇOU"
"TO";170950;0;12;0;1;0;"Não";0;"NÃO ALCANÇOU"
"TO";170980;0;0;0;0;;;;"NÃO ALCANÇOU"
"TO";171050;2;2;0,166666666666667;0,166666666666667;1;"Sim";100;"ALCANÇOU"
"TO";171070;0;0;0;0;;;;"NÃO ALCANÇOU"
"TO";171090;0;0;0;0;;;;"NÃO ALCANÇOU"
"TO";171110;4;4;0,333333333333333;0,333333333333333;1;"Sim";100;"ALCANÇOU"
"TO";171150;0;0;0;0;;;;"NÃO ALCANÇOU"
"TO";171180;0;0;0;0;;;;"NÃO ALCANÇOU"
"TO";171190;0;0;0;0;;;;"NÃO ALCANÇOU"
"TO";171195;4;4;0,333333333333333;0,333333333333333;1;"Sim";100;"ALCANÇOU"
"TO";171200;8;8;0,666666666666667;0,666666666666667;1;"Sim";100;"ALCANÇOU"
"TO";171215;4;4;0,333333333333333;0,333333333333333;1;"Sim";100;"ALCANÇOU"
"TO";171240;12;18;1;1,5;0,666666666666667;"Não";66,7;"NÃO ALCANÇOU"
"TO";171245;0;0;0;0;;;;"NÃO ALCANÇOU"
"TO";171250;0;0;0;0;;;;"NÃO ALCANÇOU"
"TO";171270;0;0;0;0;;;;"NÃO ALCANÇOU"
"TO";171280;2;2;0,166666666666667;0,166666666666667;1;"Sim";100;"ALCANÇOU"
"TO";171320;0;0;0;0;;;;"NÃO ALCANÇOU"
"TO";171330;16;16;1,33333333333333;1,33333333333333;1;"Sim";100;"ALCANÇOU"
"TO";171360;0;0;0;0;;;;"NÃO ALCANÇOU"
"TO";171370;5;5;0,416666666666667;0,416666666666667;1;"Sim";100;"ALCANÇOU"
"TO";171380;4;4;0,333333333333333;0,333333333333333;1;"Sim";100;"ALCANÇOU"
"TO";171395;11;12;0,916666666666667;1;0,916666666666667;"Sim";91,7;"ALCANÇOU"
"TO";171420;4;4;0,333333333333333;0,333333333333333;1;"Sim";100;"ALCANÇOU"
"TO";171430;12;12;1;1;1;"Sim";100;"ALCANÇOU"
"TO";171488;3;3;0,25;0,25;1;"Sim";100;"ALCANÇOU"
"TO";171500;12;12;1;1;1;"Sim";100;"ALCANÇOU"
"TO";171510;5;5;0,416666666666667;0,416666666666667;1;"Sim";100;"ALCANÇOU"
"TO";171515;5;5;0,416666666666667;0,416666666666667;1;"Sim";100;"ALCANÇOU"
"TO";171525;0;0;0;0;;;;"NÃO ALCANÇOU"
"TO";171550;5;5;0,416666666666667;0,416666666666667;1;"Sim";100;"ALCANÇOU"
"TO";171570;2;2;0,166666666666667;0,166666666666667;1;"Sim";100;"ALCANÇOU"
"TO";171575;5;5;0,416666666666667;0,416666666666667;1;"Sim";100;"ALCANÇOU"
"TO";171610;2;12;0,166666666666667;1;0,166666666666667;"Não";16,7;"NÃO ALCANÇOU"
"TO";171620;0;0;0;0;;;;"NÃO ALCANÇOU"
"TO";171630;5;5;0,416666666666667;0,416666666666667;1;"Sim";100;"ALCANÇOU"
"TO";171650;36;48;3;4;0,75;"Não";75;"NÃO ALCANÇOU"
"TO";171660;0;0;0;0;;;;"NÃO ALCANÇOU"
"TO";171665;0;0;0;0;;;;"NÃO ALCANÇOU"
"TO";171670;2;2;0,166666666666667;0,166666666666667;1;"Sim";100;"ALCANÇOU"
"TO";171700;0;0;0;0;;;;"NÃO ALCANÇOU"
"TO";171720;0;0;0;0;;;;"NÃO ALCANÇOU"
"TO";171750;0;0;0;0;;;;"NÃO ALCANÇOU"
"TO";171780;0;0;0;0;;;;"NÃO ALCANÇOU"
"TO";171790;19;24;1,58333333333333;2;0,791666666666667;"Não";79,2;"NÃO ALCANÇOU"
"TO";171800;4;4;0,333333333333333;0,333333333333333;1;"Sim";100;"ALCANÇOU"
"TO";171820;203;204;16,9166666666667;17;0,995098039215686;"Sim";99,5;"ALCANÇOU"
"TO";171830;24;36;2;3;0,666666666666667;"Não";66,7;"NÃO ALCANÇOU"
"TO";171840;0;0;0;0;;;;"NÃO ALCANÇOU"
"TO";171845;4;4;0,333333333333333;0,333333333333333;1;"Sim";100;"ALCANÇOU"
"TO";171850;12;12;1;1;1;"Sim";100;"ALCANÇOU"
"TO";171855;12;19;1;1,58333333333333;0,631578947368421;"Não";63,2;"NÃO ALCANÇOU"
"TO";171865;12;12;1;1;1;"Sim";100;"ALCANÇOU"
"TO";171870;4;4;0,333333333333333;0,333333333333333;1;"Sim";100;"ALCANÇOU"
"TO";171875;16;19;1,33333333333333;1,58333333333333;0,842105263157895;"Sim";84,2;"ALCANÇOU"
"TO";171880;8;8;0,666666666666667;0,666666666666667;1;"Sim";100;"ALCANÇOU"
"TO";171884;13;14;1,08333333333333;1,16666666666667;0,928571428571429;"Sim";92,9;"ALCANÇOU"
"TO";171886;12;12;1;1;1;"Sim";100;"ALCANÇOU"
"TO";171888;4;4;0,333333333333333;0,333333333333333;1;"Sim";100;"ALCANÇOU"
"TO";171889;0;0;0;0;;;;"NÃO ALCANÇOU"
"TO";171890;5;5;0,416666666666667;0,416666666666667;1;"Sim";100;"ALCANÇOU"
"TO";171900;4;4;0,333333333333333;0,333333333333333;1;"Sim";100;"ALCANÇOU"
"TO";172000;12;12;1;1;1;"Sim";100;"ALCANÇOU"
"TO";172010;0;0;0;0;;;;"NÃO ALCANÇOU"
"TO";172015;0;0;0;0;;;;"NÃO ALCANÇOU"
"TO";172020;8;8;0,666666666666667;0,666666666666667;1;"Sim";100;"ALCANÇOU"
"TO";172025;0;0;0;0;;;;"NÃO ALCANÇOU"
"TO";172030;12;12;1;1;1;"Sim";100;"ALCANÇOU"
"TO";172049;4;4;0,333333333333333;0,333333333333333;1;"Sim";100;"ALCANÇOU"
"TO";172065;12;12;1;1;1;"Sim";100;"ALCANÇOU"
"TO";172080;1;4;0,0833333333333333;0,333333333333333;0,25;"Não";25;"NÃO ALCANÇOU"
"TO";172085;0;0;0;0;;;;"NÃO ALCANÇOU"
"TO";172090;0;0;0;0;;;;"NÃO ALCANÇOU"
"TO";172093;0;0;0;0;;;;"NÃO ALCANÇOU"
"TO";172097;12;12;1;1;1;"Sim";100;"ALCANÇOU"
"TO";172100;160;160;13,3333333333333;13,3333333333333;1;"Sim";100;"ALCANÇOU"
"TO";172110;5;5;0,416666666666667;0,416666666666667;1;"Sim";100;"ALCANÇOU"
"TO";172120;7;12;0,583333333333333;1;0,583333333333333;"Não";58,3;"NÃO ALCANÇOU"
"TO";172125;4;4;0,333333333333333;0,333333333333333;1;"Sim";100;"ALCANÇOU"
"TO";172130;0;0;0;0;;;;"NÃO ALCANÇOU"
"TO";172208;4;4;0,333333333333333;0,333333333333333;1;"Sim";100;"ALCANÇOU"
"TO";172210;12;12;1;1;1;"Sim";100;"ALCANÇOU"
"MA";210005;317;386;26,4166666666667;32,1666666666667;0,821243523316062;"Sim";82,1;"ALCANÇOU"
"MA";210010;11;24;0,916666666666667;2;0,458333333333333;"Não";45,8;"NÃO ALCANÇOU"
"MA";210015;0;0;0;0;;;;"NÃO ALCANÇOU"
"MA";210020;20;20;1,66666666666667;1,66666666666667;1;"Sim";100;"ALCANÇOU"
"MA";210030;120;120;10;10;1;"Sim";100;"ALCANÇOU"
"MA";210040;26;48;2,16666666666667;4;0,541666666666667;"Não";54,2;"NÃO ALCANÇOU"
"MA";210043;96;104;8;8,66666666666667;0,923076923076923;"Sim";92,3;"ALCANÇOU"
"MA";210047;155;156;12,9166666666667;13;0,993589743589744;"Sim";99,4;"ALCANÇOU"
"MA";210050;36;36;3;3;1;"Sim";100;"ALCANÇOU"
"MA";210055;34;36;2,83333333333333;3;0,944444444444444;"Sim";94,4;"ALCANÇOU"
"MA";210060;42;42;3,5;3,5;1;"Sim";100;"ALCANÇOU"
"MA";210070;144;156;12;13;0,923076923076923;"Sim";92,3;"ALCANÇOU"
"MA";210080;0;0;0;0;;;;"NÃO ALCANÇOU"
"MA";210083;12;12;1;1;1;"Sim";100;"ALCANÇOU"
"MA";210087;55;55;4,58333333333333;4,58333333333333;1;"Sim";100;"ALCANÇOU"
"MA";210090;192;200;16;16,6666666666667;0,96;"Sim";96;"ALCANÇOU"
"MA";210095;144;144;12;12;1;"Sim";100;"ALCANÇOU"
"MA";210100;146;156;12,1666666666667;13;0,935897435897436;"Sim";93,6;"ALCANÇOU"
"MA";210110;84;84;7;7;1;"Sim";100;"ALCANÇOU"
"MA";210120;285;300;23,75;25;0,95;"Sim";95;"ALCANÇOU"
"MA";210125;107;108;8,91666666666667;9;0,990740740740741;"Sim";99,1;"ALCANÇOU"
"MA";210130;12;12;1;1;1;"Sim";100;"ALCANÇOU"
"MA";210135;34;44;2,83333333333333;3,66666666666667;0,772727272727273;"Não";77,3;"NÃO ALCANÇOU"
"MA";210140;342;354;28,5;29,5;0,966101694915254;"Sim";96,6;"ALCANÇOU"
"MA";210150;98;111;8,16666666666667;9,25;0,882882882882883;"Sim";88,3;"ALCANÇOU"
"MA";210160;294;365;24,5;30,4166666666667;0,805479452054795;"Sim";80,5;"ALCANÇOU"
"MA";210170;24;37;2;3,08333333333333;0,648648648648649;"Não";64,9;"NÃO ALCANÇOU"
"MA";210173;0;0;0;0;;;;"NÃO ALCANÇOU"
"MA";210177;74;92;6,16666666666667;7,66666666666667;0,804347826086957;"Sim";80,4;"ALCANÇOU"
"MA";210180;24;35;2;2,91666666666667;0,685714285714286;"Não";68,6;"NÃO ALCANÇOU"
"MA";210190;80;108;6,66666666666667;9;0,740740740740741;"Não";74,1;"NÃO ALCANÇOU"
"MA";210193;12;12;1;1;1;"Sim";100;"ALCANÇOU"
"MA";210197;12;12;1;1;1;"Sim";100;"ALCANÇOU"
"MA";210200;229;233;19,0833333333333;19,4166666666667;0,982832618025751;"Sim";98,3;"ALCANÇOU"
"MA";210203;74;75;6,16666666666667;6,25;0,986666666666667;"Sim";98,7;"ALCANÇOU"
"MA";210207;0;0;0;0;;;;"NÃO ALCANÇOU"
"MA";210210;127;128;10,5833333333333;10,6666666666667;0,9921875;"Sim";99,2;"ALCANÇOU"
"MA";210215;60;60;5;5;1;"Sim";100;"ALCANÇOU"
"MA";210220;104;104;8,66666666666667;8,66666666666667;1;"Sim";100;"ALCANÇOU"
"MA";210230;71;76;5,91666666666667;6,33333333333333;0,934210526315789;"Sim";93,4;"ALCANÇOU"
"MA";210232;274;300;22,8333333333333;25;0,913333333333333;"Sim";91,3;"ALCANÇOU"
"MA";210235;25;27;2,08333333333333;2,25;0,925925925925926;"Sim";92,6;"ALCANÇOU"
"MA";210237;12;21;1;1,75;0,571428571428571;"Não";57,1;"NÃO ALCANÇOU"
"MA";210240;48;55;4;4,58333333333333;0,872727272727273;"Sim";87,3;"ALCANÇOU"
"MA";210250;19;22;1,58333333333333;1,83333333333333;0,863636363636364;"Sim";86,4;"ALCANÇOU"
"MA";210255;48;48;4;4;1;"Sim";100;"ALCANÇOU"
"MA";210260;12;12;1;1;1;"Sim";100;"ALCANÇOU"
"MA";210270;96;96;8;8;1;"Sim";100;"ALCANÇOU"
"MA";210275;36;44;3;3,66666666666667;0,818181818181818;"Sim";81,8;"ALCANÇOU"
"MA";210280;30;33;2,5;2,75;0,909090909090909;"Sim";90,9;"ALCANÇOU"
"MA";210290;96;96;8;8;1;"Sim";100;"ALCANÇOU"
"MA";210300;453;473;37,75;39,4166666666667;0,957716701902748;"Sim";95,8;"ALCANÇOU"
"MA";210310;12;24;1;2;0,5;"Não";50;"NÃO ALCANÇOU"
"MA";210312;0;0;0;0;;;;"NÃO ALCANÇOU"
"MA";210315;65;84;5,41666666666667;7;0,773809523809524;"Não";77,4;"NÃO ALCANÇOU"
"MA";210317;83;84;6,91666666666667;7;0,988095238095238;"Sim";98,8;"ALCANÇOU"
"MA";210320;321;336;26,75;28;0,955357142857143;"Sim";95,5;"ALCANÇOU"
"MA";210325;11;12;0,916666666666667;1;0,916666666666667;"Sim";91,7;"ALCANÇOU"
"MA";210330;0;0;0;0;;;;"NÃO ALCANÇOU"
"MA";210340;156;156;13;13;1;"Sim";100;"ALCANÇOU"
"MA";210350;234;242;19,5;20,1666666666667;0,966942148760331;"Sim";96,7;"ALCANÇOU"
"MA";210355;24;24;2;2;1;"Sim";100;"ALCANÇOU"
"MA";210360;205;206;17,0833333333333;17,1666666666667;0,995145631067961;"Sim";99,5;"ALCANÇOU"
"MA";210370;48;48;4;4;1;"Sim";100;"ALCANÇOU"
"MA";210375;18;18;1,5;1,5;1;"Sim";100;"ALCANÇOU"
"MA";210380;0;0;0;0;;;;"NÃO ALCANÇOU"
"MA";210390;58;58;4,83333333333333;4,83333333333333;1;"Sim";100;"ALCANÇOU"
"MA";210400;12;12;1;1;1;"Sim";100;"ALCANÇOU"
"MA";210405;132;132;11;11;1;"Sim";100;"ALCANÇOU"
"MA";210407;15;48;1,25;4;0,3125;"Não";31,2;"NÃO ALCANÇOU"
"MA";210408;48;48;4;4;1;"Sim";100;"ALCANÇOU"
"MA";210409;0;0;0;0;;;;"NÃO ALCANÇOU"
"MA";210410;36;48;3;4;0,75;"Não";75;"NÃO ALCANÇOU"
"MA";210420;50;60;4,16666666666667;5;0,833333333333333;"Sim";83,3;"ALCANÇOU"
"MA";210430;12;12;1;1;1;"Sim";100;"ALCANÇOU"
"MA";210440;0;0;0;0;;;;"NÃO ALCANÇOU"
"MA";210450;5;12;0,416666666666667;1;0,416666666666667;"Não";41,7;"NÃO ALCANÇOU"
"MA";210455;96;96;8;8;1;"Sim";100;"ALCANÇOU"
"MA";210460;60;72;5;6;0,833333333333333;"Sim";83,3;"ALCANÇOU"
"MA";210462;0;0;0;0;;;;"NÃO ALCANÇOU"
"MA";210465;19;60;1,58333333333333;5;0,316666666666667;"Não";31,7;"NÃO ALCANÇOU"
"MA";210467;139;144;11,5833333333333;12;0,965277777777778;"Sim";96,5;"ALCANÇOU"
"MA";210470;6;8;0,5;0,666666666666667;0,75;"Não";75;"NÃO ALCANÇOU"
"MA";210480;179;188;14,9166666666667;15,6666666666667;0,952127659574468;"Sim";95,2;"ALCANÇOU"
"MA";210490;74;76;6,16666666666667;6,33333333333333;0,973684210526316;"Sim";97,4;"ALCANÇOU"
"MA";210500;30;30;2,5;2,5;1;"Sim";100;"ALCANÇOU"
"MA";210510;24;24;2;2;1;"Sim";100;"ALCANÇOU"
"MA";210515;72;72;6;6;1;"Sim";100;"ALCANÇOU"
"MA";210520;54;56;4,5;4,66666666666667;0,964285714285714;"Sim";96,4;"ALCANÇOU"
"MA";210530;463;484;38,5833333333333;40,3333333333333;0,956611570247934;"Sim";95,7;"ALCANÇOU"
"MA";210535;56;76;4,66666666666667;6,33333333333333;0,736842105263158;"Não";73,7;"NÃO ALCANÇOU"
"MA";210540;218;218;18,1666666666667;18,1666666666667;1;"Sim";100;"ALCANÇOU"
"MA";210542;76;77;6,33333333333333;6,41666666666667;0,987012987012987;"Sim";98,7;"ALCANÇOU"
"MA";210545;0;0;0;0;;;;"NÃO ALCANÇOU"
"MA";210547;72;84;6;7;0,857142857142857;"Sim";85,7;"ALCANÇOU"
"MA";210550;67;70;5,58333333333333;5,83333333333333;0,957142857142857;"Sim";95,7;"ALCANÇOU"
"MA";210560;0;0;0;0;;;;"NÃO ALCANÇOU"
"MA";210565;8;8;0,666666666666667;0,666666666666667;1;"Sim";100;"ALCANÇOU"
"MA";210570;133;140;11,0833333333333;11,6666666666667;0,95;"Sim";95;"ALCANÇOU"
"MA";210580;25;60;2,08333333333333;5;0,416666666666667;"Não";41,7;"NÃO ALCANÇOU"
"MA";210590;96;108;8;9;0,888888888888889;"Sim";88,9;"ALCANÇOU"
"MA";210592;0;0;0;0;;;;"NÃO ALCANÇOU"
"MA";210594;12;12;1;1;1;"Sim";100;"ALCANÇOU"
"MA";210596;60;60;5;5;1;"Sim";100;"ALCANÇOU"
"MA";210598;12;12;1;1;1;"Sim";100;"ALCANÇOU"
"MA";210600;94;108;7,83333333333333;9;0,87037037037037;"Sim";87;"ALCANÇOU"
"MA";210610;11;20;0,916666666666667;1,66666666666667;0,55;"Não";55;"NÃO ALCANÇOU"
"MA";210620;37;48;3,08333333333333;4;0,770833333333333;"Não";77,1;"NÃO ALCANÇOU"
"MA";210630;12;12;1;1;1;"Sim";100;"ALCANÇOU"
"MA";210632;84;96;7;8;0,875;"Sim";87,5;"ALCANÇOU"
"MA";210635;0;0;0;0;;;;"NÃO ALCANÇOU"
"MA";210637;0;0;0;0;;;;"NÃO ALCANÇOU"
"MA";210640;76;96;6,33333333333333;8;0,791666666666667;"Não";79,2;"NÃO ALCANÇOU"
"MA";210650;138;144;11,5;12;0,958333333333333;"Sim";95,8;"ALCANÇOU"
"MA";210660;144;154;12;12,8333333333333;0,935064935064935;"Sim";93,5;"ALCANÇOU"
"MA";210663;0;0;0;0;;;;"NÃO ALCANÇOU"
"MA";210667;47;48;3,91666666666667;4;0,979166666666667;"Sim";97,9;"ALCANÇOU"
"MA";210670;20;22;1,66666666666667;1,83333333333333;0,909090909090909;"Sim";90,9;"ALCANÇOU"
"MA";210675;78;81;6,5;6,75;0,962962962962963;"Sim";96,3;"ALCANÇOU"
"MA";210680;0;16;0;1,33333333333333;0;"Não";0;"NÃO ALCANÇOU"
"MA";210690;127;140;10,5833333333333;11,6666666666667;0,907142857142857;"Sim";90,7;"ALCANÇOU"
"MA";210700;27;30;2,25;2,5;0,9;"Sim";90;"ALCANÇOU"
"MA";210710;84;84;7;7;1;"Sim";100;"ALCANÇOU"
"MA";210720;41;52;3,41666666666667;4,33333333333333;0,788461538461538;"Não";78,8;"NÃO ALCANÇOU"
"MA";210725;12;12;1;1;1;"Sim";100;"ALCANÇOU"
"MA";210730;6;6;0,5;0,5;1;"Sim";100;"ALCANÇOU"
"MA";210735;12;12;1;1;1;"Sim";100;"ALCANÇOU"
"MA";210740;12;12;1;1;1;"Sim";100;"ALCANÇOU"
"MA";210745;68;72;5,66666666666667;6;0,944444444444444;"Sim";94,4;"ALCANÇOU"
"MA";210750;218;218;18,1666666666667;18,1666666666667;1;"Sim";100;"ALCANÇOU"
"MA";210760;12;12;1;1;1;"Sim";100;"ALCANÇOU"
"MA";210770;105;108;8,75;9;0,972222222222222;"Sim";97,2;"ALCANÇOU"
"MA";210780;156;168;13;14;0,928571428571429;"Sim";92,9;"ALCANÇOU"
"MA";210790;119;120;9,91666666666667;10;0,991666666666667;"Sim";99,2;"ALCANÇOU"
"MA";210800;15;28;1,25;2,33333333333333;0,535714285714286;"Não";53,6;"NÃO ALCANÇOU"
"MA";210805;28;28;2,33333333333333;2,33333333333333;1;"Sim";100;"ALCANÇOU"
"MA";210810;84;84;7;7;1;"Sim";100;"ALCANÇOU"
"MA";210820;166;168;13,8333333333333;14;0,988095238095238;"Sim";98,8;"ALCANÇOU"
"MA";210825;0;0;0;0;;;;"NÃO ALCANÇOU"
"MA";210830;84;84;7;7;1;"Sim";100;"ALCANÇOU"
"MA";210840;12;12;1;1;1;"Sim";100;"ALCANÇOU"
"MA";210845;72;72;6;6;1;"Sim";100;"ALCANÇOU"
"MA";210850;60;60;5;5;1;"Sim";100;"ALCANÇOU"
"MA";210860;304;336;25,3333333333333;28;0,904761904761905;"Sim";90,5;"ALCANÇOU"
"MA";210870;113;132;9,41666666666667;11;0,856060606060606;"Sim";85,6;"ALCANÇOU"
"MA";210880;96;96;8;8;1;"Sim";100;"ALCANÇOU"
"MA";210890;24;24;2;2;1;"Sim";100;"ALCANÇOU"
"MA";210900;96;96;8;8;1;"Sim";100;"ALCANÇOU"
"MA";210905;0;0;0;0;;;;"NÃO ALCANÇOU"
"MA";210910;18;30;1,5;2,5;0,6;"Não";60;"NÃO ALCANÇOU"
"MA";210920;53;56;4,41666666666667;4,66666666666667;0,946428571428571;"Sim";94,6;"ALCANÇOU"
"MA";210923;43;48;3,58333333333333;4;0,895833333333333;"Sim";89,6;"ALCANÇOU"
"MA";210927;24;24;2;2;1;"Sim";100;"ALCANÇOU"
"MA";210930;48;60;4;5;0,8;"Sim";80;"ALCANÇOU"
"MA";210940;36;48;3;4;0,75;"Não";75;"NÃO ALCANÇOU"
"MA";210945;72;72;6;6;1;"Sim";100;"ALCANÇOU"
"MA";210950;12;12;1;1;1;"Sim";100;"ALCANÇOU"
"MA";210955;24;24;2;2;1;"Sim";100;"ALCANÇOU"
"MA";210960;161;161;13,4166666666667;13,4166666666667;1;"Sim";100;"ALCANÇOU"
"MA";210970;0;0;0;0;;;;"NÃO ALCANÇOU"
"MA";210975;0;0;0;0;;;;"NÃO ALCANÇOU"
"MA";210980;130;132;10,8333333333333;11;0,984848484848485;"Sim";98,5;"ALCANÇOU"
"MA";210990;256;274;21,3333333333333;22,8333333333333;0,934306569343066;"Sim";93,4;"ALCANÇOU"
"MA";211000;316;324;26,3333333333333;27;0,975308641975309;"Sim";97,5;"ALCANÇOU"
"MA";211003;96;110;8;9,16666666666667;0,872727272727273;"Sim";87,3;"ALCANÇOU"
"MA";211010;12;12;1;1;1;"Sim";100;"ALCANÇOU"
"MA";211020;26;46;2,16666666666667;3,83333333333333;0,565217391304348;"Não";56,5;"NÃO ALCANÇOU"
"MA";211023;0;0;0;0;;;;"NÃO ALCANÇOU"
"MA";211027;15;36;1,25;3;0,416666666666667;"Não";41,7;"NÃO ALCANÇOU"
"MA";211030;95;108;7,91666666666667;9;0,87962962962963;"Sim";88;"ALCANÇOU"
"MA";211040;108;113;9;9,41666666666667;0,955752212389381;"Sim";95,6;"ALCANÇOU"
"MA";211050;137;228;11,4166666666667;19;0,600877192982456;"Não";60,1;"NÃO ALCANÇOU"
"MA";211060;0;0;0;0;;;;"NÃO ALCANÇOU"
"MA";211065;60;60;5;5;1;"Sim";100;"ALCANÇOU"
"MA";211070;0;12;0;1;0;"Não";0;"NÃO ALCANÇOU"
"MA";211080;12;12;1;1;1;"Sim";100;"ALCANÇOU"
"MA";211085;60;72;5;6;0,833333333333333;"Sim";83,3;"ALCANÇOU"
"MA";211090;72;72;6;6;1;"Sim";100;"ALCANÇOU"
"MA";211100;102;102;8,5;8,5;1;"Sim";100;"ALCANÇOU"
"MA";211102;36;48;3;4;0,75;"Não";75;"NÃO ALCANÇOU"
"MA";211105;12;12;1;1;1;"Sim";100;"ALCANÇOU"
"MA";211107;96;96;8;8;1;"Sim";100;"ALCANÇOU"
"MA";211110;132;132;11;11;1;"Sim";100;"ALCANÇOU"
"MA";211120;8;8;0,666666666666667;0,666666666666667;1;"Sim";100;"ALCANÇOU"
"MA";211125;11;33;0,916666666666667;2,75;0,333333333333333;"Não";33,3;"NÃO ALCANÇOU"
"MA";211130;628;647;52,3333333333333;53,9166666666667;0,970633693972179;"Sim";97,1;"ALCANÇOU"
"MA";211140;101;102;8,41666666666667;8,5;0,990196078431373;"Sim";99;"ALCANÇOU"
"MA";211150;0;0;0;0;;;;"NÃO ALCANÇOU"
"MA";211153;47;72;3,91666666666667;6;0,652777777777778;"Não";65,3;"NÃO ALCANÇOU"
"MA";211157;0;0;0;0;;;;"NÃO ALCANÇOU"
"MA";211160;24;24;2;2;1;"Sim";100;"ALCANÇOU"
"MA";211163;34;36;2,83333333333333;3;0,944444444444444;"Sim";94,4;"ALCANÇOU"
"MA";211167;22;24;1,83333333333333;2;0,916666666666667;"Sim";91,7;"ALCANÇOU"
"MA";211170;105;113;8,75;9,41666666666667;0,929203539823009;"Sim";92,9;"ALCANÇOU"
"MA";211172;16;20;1,33333333333333;1,66666666666667;0,8;"Sim";80;"ALCANÇOU"
"MA";211174;50;72;4,16666666666667;6;0,694444444444444;"Não";69,4;"NÃO ALCANÇOU"
"MA";211176;18;21;1,5;1,75;0,857142857142857;"Sim";85,7;"ALCANÇOU"
"MA";211178;17;24;1,41666666666667;2;0,708333333333333;"Não";70,8;"NÃO ALCANÇOU"
"MA";211180;119;120;9,91666666666667;10;0,991666666666667;"Sim";99,2;"ALCANÇOU"
"MA";211190;63;72;5,25;6;0,875;"Sim";87,5;"ALCANÇOU"
"MA";211195;36;36;3;3;1;"Sim";100;"ALCANÇOU"
"MA";211200;24;24;2;2;1;"Sim";100;"ALCANÇOU"
"MA";211210;106;108;8,83333333333333;9;0,981481481481482;"Sim";98,1;"ALCANÇOU"
"MA";211220;467;491;38,9166666666667;40,9166666666667;0,95112016293279;"Sim";95,1;"ALCANÇOU"
"MA";211223;72;72;6;6;1;"Sim";100;"ALCANÇOU"
"MA";211227;12;20;1;1,66666666666667;0,6;"Não";60;"NÃO ALCANÇOU"
"MA";211230;216;240;18;20;0,9;"Sim";90;"ALCANÇOU"
"MA";211240;12;12;1;1;1;"Sim";100;"ALCANÇOU"
"MA";211245;96;96;8;8;1;"Sim";100;"ALCANÇOU"
"MA";211250;311;312;25,9166666666667;26;0,996794871794872;"Sim";99,7;"ALCANÇOU"
"MA";211260;0;19;0;1,58333333333333;0;"Não";0;"NÃO ALCANÇOU"
"MA";211270;18;18;1,5;1,5;1;"Sim";100;"ALCANÇOU"
"MA";211280;264;276;22;23;0,956521739130435;"Sim";95,7;"ALCANÇOU"
"MA";211285;68;77;5,66666666666667;6,41666666666667;0,883116883116883;"Sim";88,3;"ALCANÇOU"
"MA";211290;164;168;13,6666666666667;14;0,976190476190476;"Sim";97,6;"ALCANÇOU"
"MA";211300;0;0;0;0;;;;"NÃO ALCANÇOU"
"MA";211400;204;216;17;18;0,944444444444444;"Sim";94,4;"ALCANÇOU"
"PI";220005;36;36;3;3;1;"Sim";100;"ALCANÇOU"
"PI";220010;36;36;3;3;1;"Sim";100;"ALCANÇOU"
"PI";220020;96;108;8;9;0,888888888888889;"Sim";88,9;"ALCANÇOU"
"PI";220025;48;48;4;4;1;"Sim";100;"ALCANÇOU"
"PI";220027;36;48;3;4;0,75;"Não";75;"NÃO ALCANÇOU"
"PI";220030;84;84;7;7;1;"Sim";100;"ALCANÇOU"
"PI";220040;176;180;14,6666666666667;15;0,977777777777778;"Sim";97,8;"ALCANÇOU"
"PI";220045;36;36;3;3;1;"Sim";100;"ALCANÇOU"
"PI";220050;12;12;1;1;1;"Sim";100;"ALCANÇOU"
"PI";220060;34;36;2,83333333333333;3;0,944444444444444;"Sim";94,4;"ALCANÇOU"
"PI";220070;12;12;1;1;1;"Sim";100;"ALCANÇOU"
"PI";220080;12;12;1;1;1;"Sim";100;"ALCANÇOU"
"PI";220090;24;24;2;2;1;"Sim";100;"ALCANÇOU"
"PI";220095;12;12;1;1;1;"Sim";100;"ALCANÇOU"
"PI";220100;24;24;2;2;1;"Sim";100;"ALCANÇOU"
"PI";220105;30;48;2,5;4;0,625;"Não";62,5;"NÃO ALCANÇOU"
"PI";220110;12;72;1;6;0,166666666666667;"Não";16,7;"NÃO ALCANÇOU"
"PI";220115;68;72;5,66666666666667;6;0,944444444444444;"Sim";94,4;"ALCANÇOU"
"PI";220117;12;12;1;1;1;"Sim";100;"ALCANÇOU"
"PI";220120;240;240;20;20;1;"Sim";100;"ALCANÇOU"
"PI";220130;24;24;2;2;1;"Sim";100;"ALCANÇOU"
"PI";220140;20;36;1,66666666666667;3;0,555555555555556;"Não";55,6;"NÃO ALCANÇOU"
"PI";220150;156;168;13;14;0,928571428571429;"Sim";92,9;"ALCANÇOU"
"PI";220155;24;24;2;2;1;"Sim";100;"ALCANÇOU"
"PI";220157;16;24;1,33333333333333;2;0,666666666666667;"Não";66,7;"NÃO ALCANÇOU"
"PI";220160;59;80;4,91666666666667;6,66666666666667;0,7375;"Não";73,8;"NÃO ALCANÇOU"
"PI";220170;24;24;2;2;1;"Sim";100;"ALCANÇOU"
"PI";220173;36;36;3;3;1;"Sim";100;"ALCANÇOU"
"PI";220177;36;36;3;3;1;"Sim";100;"ALCANÇOU"
"PI";220180;12;24;1;2;0,5;"Não";50;"NÃO ALCANÇOU"
"PI";220190;134;156;11,1666666666667;13;0,858974358974359;"Sim";85,9;"ALCANÇOU"
"PI";220191;36;36;3;3;1;"Sim";100;"ALCANÇOU"
"PI";220192;22;24;1,83333333333333;2;0,916666666666667;"Sim";91,7;"ALCANÇOU"
"PI";220194;30;36;2,5;3;0,833333333333333;"Sim";83,3;"ALCANÇOU"
"PI";220196;36;72;3;6;0,5;"Não";50;"NÃO ALCANÇOU"
"PI";220198;12;12;1;1;1;"Sim";100;"ALCANÇOU"
"PI";220200;108;108;9;9;1;"Sim";100;"ALCANÇOU"
"PI";220202;32;48;2,66666666666667;4;0,666666666666667;"Não";66,7;"NÃO ALCANÇOU"
"PI";220205;48;48;4;4;1;"Sim";100;"ALCANÇOU"
"PI";220207;24;24;2;2;1;"Sim";100;"ALCANÇOU"
"PI";220208;47;48;3,91666666666667;4;0,979166666666667;"Sim";97,9;"ALCANÇOU"
"PI";220209;12;36;1;3;0,333333333333333;"Não";33,3;"NÃO ALCANÇOU"
"PI";220210;36;36;3;3;1;"Sim";100;"ALCANÇOU"
"PI";220211;12;48;1;4;0,25;"Não";25;"NÃO ALCANÇOU"
"PI";220213;34;36;2,83333333333333;3;0,944444444444444;"Sim";94,4;"ALCANÇOU"
"PI";220217;33;48;2,75;4;0,6875;"Não";68,8;"NÃO ALCANÇOU"
"PI";220220;228;228;19;19;1;"Sim";100;"ALCANÇOU"
"PI";220225;12;12;1;1;1;"Sim";100;"ALCANÇOU"
"PI";220230;108;108;9;9;1;"Sim";100;"ALCANÇOU"
"PI";220240;36;36;3;3;1;"Sim";100;"ALCANÇOU"
"PI";220245;13;24;1,08333333333333;2;0,541666666666667;"Não";54,2;"NÃO ALCANÇOU"
"PI";220250;24;24;2;2;1;"Sim";100;"ALCANÇOU"
"PI";220253;36;36;3;3;1;"Sim";100;"ALCANÇOU"
"PI";220255;36;48;3;4;0,75;"Não";75;"NÃO ALCANÇOU"
"PI";220260;82;108;6,83333333333333;9;0,759259259259259;"Não";75,9;"NÃO ALCANÇOU"
"PI";220265;36;36;3;3;1;"Sim";100;"ALCANÇOU"
"PI";220270;151;162;12,5833333333333;13,5;0,932098765432099;"Sim";93,2;"ALCANÇOU"
"PI";220271;24;24;2;2;1;"Sim";100;"ALCANÇOU"
"PI";220272;35;36;2,91666666666667;3;0,972222222222222;"Sim";97,2;"ALCANÇOU"
"PI";220273;26;28;2,16666666666667;2,33333333333333;0,928571428571429;"Sim";92,9;"ALCANÇOU"
"PI";220275;17;24;1,41666666666667;2;0,708333333333333;"Não";70,8;"NÃO ALCANÇOU"
"PI";220277;36;48;3;4;0,75;"Não";75;"NÃO ALCANÇOU"
"PI";220280;24;24;2;2;1;"Sim";100;"ALCANÇOU"
"PI";220285;24;24;2;2;1;"Sim";100;"ALCANÇOU"
"PI";220290;143;168;11,9166666666667;14;0,851190476190476;"Sim";85,1;"ALCANÇOU"
"PI";220300;12;48;1;4;0,25;"Não";25;"NÃO ALCANÇOU"
"PI";220310;36;36;3;3;1;"Sim";100;"ALCANÇOU"
"PI";220320;60;60;5;5;1;"Sim";100;"ALCANÇOU"
"PI";220323;24;24;2;2;1;"Sim";100;"ALCANÇOU"
"PI";220325;24;24;2;2;1;"Sim";100;"ALCANÇOU"
"PI";220327;36;36;3;3;1;"Sim";100;"ALCANÇOU"
"PI";220330;61;72;5,08333333333333;6;0,847222222222222;"Sim";84,7;"ALCANÇOU"
"PI";220335;44;48;3,66666666666667;4;0,916666666666667;"Sim";91,7;"ALCANÇOU"
"PI";220340;36;36;3;3;1;"Sim";100;"ALCANÇOU"
"PI";220342;23;24;1,91666666666667;2;0,958333333333333;"Sim";95,8;"ALCANÇOU"
"PI";220345;12;12;1;1;1;"Sim";100;"ALCANÇOU"
"PI";220350;70;84;5,83333333333333;7;0,833333333333333;"Sim";83,3;"ALCANÇOU"
"PI";220360;12;12;1;1;1;"Sim";100;"ALCANÇOU"
"PI";220370;216;216;18;18;1;"Sim";100;"ALCANÇOU"
"PI";220375;12;12;1;1;1;"Sim";100;"ALCANÇOU"
"PI";220380;24;36;2;3;0,666666666666667;"Não";66,7;"NÃO ALCANÇOU"
"PI";220385;12;12;1;1;1;"Sim";100;"ALCANÇOU"
"PI";220390;71;84;5,91666666666667;7;0,845238095238095;"Sim";84,5;"ALCANÇOU"
"PI";220400;36;36;3;3;1;"Sim";100;"ALCANÇOU"
"PI";220410;24;24;2;2;1;"Sim";100;"ALCANÇOU"
"PI";220415;13;20;1,08333333333333;1,66666666666667;0,65;"Não";65;"NÃO ALCANÇOU"
"PI";220420;48;48;4;4;1;"Sim";100;"ALCANÇOU"
"PI";220430;52;72;4,33333333333333;6;0,722222222222222;"Não";72,2;"NÃO ALCANÇOU"
"PI";220435;33;36;2,75;3;0,916666666666667;"Sim";91,7;"ALCANÇOU"
"PI";220440;36;36;3;3;1;"Sim";100;"ALCANÇOU"
"PI";220450;60;60;5;5;1;"Sim";100;"ALCANÇOU"
"PI";220455;22;24;1,83333333333333;2;0,916666666666667;"Sim";91,7;"ALCANÇOU"
"PI";220460;0;0;0;0;;;;"NÃO ALCANÇOU"
"PI";220465;60;60;5;5;1;"Sim";100;"ALCANÇOU"
"PI";220470;95;96;7,91666666666667;8;0,989583333333333;"Sim";99;"ALCANÇOU"
"PI";220480;48;60;4;5;0,8;"Sim";80;"ALCANÇOU"
"PI";220490;48;48;4;4;1;"Sim";100;"ALCANÇOU"
"PI";220500;72;72;6;6;1;"Sim";100;"ALCANÇOU"
"PI";220510;12;36;1;3;0,333333333333333;"Não";33,3;"NÃO ALCANÇOU"
"PI";220515;36;36;3;3;1;"Sim";100;"ALCANÇOU"
"PI";220520;119;132;9,91666666666667;11;0,901515151515151;"Sim";90,2;"ALCANÇOU"
"PI";220525;24;24;2;2;1;"Sim";100;"ALCANÇOU"
"PI";220527;24;24;2;2;1;"Sim";100;"ALCANÇOU"
"PI";220530;24;24;2;2;1;"Sim";100;"ALCANÇOU"
"PI";220535;16;24;1,33333333333333;2;0,666666666666667;"Não";66,7;"NÃO ALCANÇOU"
"PI";220540;84;84;7;7;1;"Sim";100;"ALCANÇOU"
"PI";220545;45;48;3,75;4;0,9375;"Sim";93,8;"ALCANÇOU"
"PI";220550;221;240;18,4166666666667;20;0,920833333333333;"Sim";92,1;"ALCANÇOU"
"PI";220551;22;24;1,83333333333333;2;0,916666666666667;"Sim";91,7;"ALCANÇOU"
"PI";220552;13;36;1,08333333333333;3;0,361111111111111;"Não";36,1;"NÃO ALCANÇOU"
"PI";220553;12;12;1;1;1;"Sim";100;"ALCANÇOU"
"PI";220554;12;12;1;1;1;"Sim";100;"ALCANÇOU"
"PI";220555;36;36;3;3;1;"Sim";100;"ALCANÇOU"
"PI";220556;34;36;2,83333333333333;3;0,944444444444444;"Sim";94,4;"ALCANÇOU"
"PI";220557;24;24;2;2;1;"Sim";100;"ALCANÇOU"
"PI";220558;13;24;1,08333333333333;2;0,541666666666667;"Não";54,2;"NÃO ALCANÇOU"
"PI";220559;12;12;1;1;1;"Sim";100;"ALCANÇOU"
"PI";220560;36;48;3;4;0,75;"Não";75;"NÃO ALCANÇOU"
"PI";220570;179;186;14,9166666666667;15,5;0,962365591397849;"Sim";96,2;"ALCANÇOU"
"PI";220580;156;156;13;13;1;"Sim";100;"ALCANÇOU"
"PI";220585;48;48;4;4;1;"Sim";100;"ALCANÇOU"
"PI";220590;0;0;0;0;;;;"NÃO ALCANÇOU"
"PI";220595;12;36;1;3;0,333333333333333;"Não";33,3;"NÃO ALCANÇOU"
"PI";220600;24;24;2;2;1;"Sim";100;"ALCANÇOU"
"PI";220605;36;36;3;3;1;"Sim";100;"ALCANÇOU"
"PI";220610;60;60;5;5;1;"Sim";100;"ALCANÇOU"
"PI";220620;144;144;12;12;1;"Sim";100;"ALCANÇOU"
"PI";220630;12;12;1;1;1;"Sim";100;"ALCANÇOU"
"PI";220635;12;12;1;1;1;"Sim";100;"ALCANÇOU"
"PI";220640;59;60;4,91666666666667;5;0,983333333333333;"Sim";98,3;"ALCANÇOU"
"PI";220650;47;48;3,91666666666667;4;0,979166666666667;"Sim";97,9;"ALCANÇOU"
"PI";220660;54;60;4,5;5;0,9;"Sim";90;"ALCANÇOU"
"PI";220665;12;24;1;2;0,5;"Não";50;"NÃO ALCANÇOU"
"PI";220667;36;36;3;3;1;"Sim";100;"ALCANÇOU"
"PI";220669;60;60;5;5;1;"Sim";100;"ALCANÇOU"
"PI";220670;0;0;0;0;;;;"NÃO ALCANÇOU"
"PI";220672;36;48;3;4;0,75;"Não";75;"NÃO ALCANÇOU"
"PI";220675;24;24;2;2;1;"Sim";100;"ALCANÇOU"
"PI";220680;48;60;4;5;0,8;"Sim";80;"ALCANÇOU"
"PI";220690;31;48;2,58333333333333;4;0,645833333333333;"Não";64,6;"NÃO ALCANÇOU"
"PI";220695;24;24;2;2;1;"Sim";100;"ALCANÇOU"
"PI";220700;229;236;19,0833333333333;19,6666666666667;0,970338983050847;"Sim";97;"ALCANÇOU"
"PI";220710;12;12;1;1;1;"Sim";100;"ALCANÇOU"
"PI";220720;36;36;3;3;1;"Sim";100;"ALCANÇOU"
"PI";220730;24;24;2;2;1;"Sim";100;"ALCANÇOU"
"PI";220735;12;12;1;1;1;"Sim";100;"ALCANÇOU"
"PI";220740;36;36;3;3;1;"Sim";100;"ALCANÇOU"
"PI";220750;84;84;7;7;1;"Sim";100;"ALCANÇOU"
"PI";220755;24;24;2;2;1;"Sim";100;"ALCANÇOU"
"PI";220760;60;72;5;6;0,833333333333333;"Sim";83,3;"ALCANÇOU"
"PI";220770;396;432;33;36;0,916666666666667;"Sim";91,7;"ALCANÇOU"
"PI";220775;24;24;2;2;1;"Sim";100;"ALCANÇOU"
"PI";220777;24;24;2;2;1;"Sim";100;"ALCANÇOU"
"PI";220779;24;24;2;2;1;"Sim";100;"ALCANÇOU"
"PI";220780;132;132;11;11;1;"Sim";100;"ALCANÇOU"
"PI";220785;24;24;2;2;1;"Sim";100;"ALCANÇOU"
"PI";220790;180;180;15;15;1;"Sim";100;"ALCANÇOU"
"PI";220793;12;12;1;1;1;"Sim";100;"ALCANÇOU"
"PI";220795;24;24;2;2;1;"Sim";100;"ALCANÇOU"
"PI";220800;267;336;22,25;28;0,794642857142857;"Não";79,5;"ALCANÇOU"
"PI";220810;72;84;6;7;0,857142857142857;"Sim";85,7;"ALCANÇOU"
"PI";220820;80;84;6,66666666666667;7;0,952380952380952;"Sim";95,2;"ALCANÇOU"
"PI";220830;168;168;14;14;1;"Sim";100;"ALCANÇOU"
"PI";220840;368;372;30,6666666666667;31;0,989247311827957;"Sim";98,9;"ALCANÇOU"
"PI";220850;72;72;6;6;1;"Sim";100;"ALCANÇOU"
"PI";220855;12;20;1;1,66666666666667;0,6;"Não";60;"NÃO ALCANÇOU"
"PI";220860;17;24;1,41666666666667;2;0,708333333333333;"Não";70,8;"NÃO ALCANÇOU"
"PI";220865;36;36;3;3;1;"Sim";100;"ALCANÇOU"
"PI";220870;46;60;3,83333333333333;5;0,766666666666667;"Não";76,7;"NÃO ALCANÇOU"
"PI";220880;84;96;7;8;0,875;"Sim";87,5;"ALCANÇOU"
"PI";220885;24;24;2;2;1;"Sim";100;"ALCANÇOU"
"PI";220887;24;36;2;3;0,666666666666667;"Não";66,7;"NÃO ALCANÇOU"
"PI";220890;24;36;2;3;0,666666666666667;"Não";66,7;"NÃO ALCANÇOU"
"PI";220900;12;12;1;1;1;"Sim";100;"ALCANÇOU"
"PI";220910;12;12;1;1;1;"Sim";100;"ALCANÇOU"
"PI";220915;24;24;2;2;1;"Sim";100;"ALCANÇOU"
"PI";220920;12;12;1;1;1;"Sim";100;"ALCANÇOU"
"PI";220930;29;36;2,41666666666667;3;0,805555555555556;"Sim";80,6;"ALCANÇOU"
"PI";220935;24;24;2;2;1;"Sim";100;"ALCANÇOU"
"PI";220937;27;48;2,25;4;0,5625;"Não";56,2;"NÃO ALCANÇOU"
"PI";220940;36;36;3;3;1;"Sim";100;"ALCANÇOU"
"PI";220945;12;12;1;1;1;"Sim";100;"ALCANÇOU"
"PI";220950;13;24;1,08333333333333;2;0,541666666666667;"Não";54,2;"NÃO ALCANÇOU"
"PI";220955;24;24;2;2;1;"Sim";100;"ALCANÇOU"
"PI";220960;12;12;1;1;1;"Sim";100;"ALCANÇOU"
"PI";220965;12;48;1;4;0,25;"Não";25;"NÃO ALCANÇOU"
"PI";220970;14;24;1,16666666666667;2;0,583333333333333;"Não";58,3;"NÃO ALCANÇOU"
"PI";220975;12;12;1;1;1;"Sim";100;"ALCANÇOU"
"PI";220980;0;0;0;0;;;;"NÃO ALCANÇOU"
"PI";220985;19;24;1,58333333333333;2;0,791666666666667;"Não";79,2;"NÃO ALCANÇOU"
"PI";220987;36;36;3;3;1;"Sim";100;"ALCANÇOU"
"PI";220990;18;18;1,5;1,5;1;"Sim";100;"ALCANÇOU"
"PI";220995;36;36;3;3;1;"Sim";100;"ALCANÇOU"
"PI";220997;45;84;3,75;7;0,535714285714286;"Não";53,6;"NÃO ALCANÇOU"
"PI";221000;47;84;3,91666666666667;7;0,55952380952381;"Não";56;"NÃO ALCANÇOU"
"PI";221005;36;36;3;3;1;"Sim";100;"ALCANÇOU"
"PI";221010;12;12;1;1;1;"Sim";100;"ALCANÇOU"
"PI";221020;36;36;3;3;1;"Sim";100;"ALCANÇOU"
"PI";221030;35;36;2,91666666666667;3;0,972222222222222;"Sim";97,2;"ALCANÇOU"
"PI";221035;12;12;1;1;1;"Sim";100;"ALCANÇOU"
"PI";221037;12;12;1;1;1;"Sim";100;"ALCANÇOU"
"PI";221038;12;12;1;1;1;"Sim";100;"ALCANÇOU"
"PI";221039;14;24;1,16666666666667;2;0,583333333333333;"Não";58,3;"NÃO ALCANÇOU"
"PI";221040;108;108;9;9;1;"Sim";100;"ALCANÇOU"
"PI";221050;89;108;7,41666666666667;9;0,824074074074074;"Sim";82,4;"ALCANÇOU"
"PI";221060;188;188;15,6666666666667;15,6666666666667;1;"Sim";100;"ALCANÇOU"
"PI";221062;23;24;1,91666666666667;2;0,958333333333333;"Sim";95,8;"ALCANÇOU"
"PI";221063;12;36;1;3;0,333333333333333;"Não";33,3;"NÃO ALCANÇOU"
"PI";221065;24;24;2;2;1;"Sim";100;"ALCANÇOU"
"PI";221070;84;84;7;7;1;"Sim";100;"ALCANÇOU"
"PI";221080;38;60;3,16666666666667;5;0,633333333333333;"Não";63,3;"NÃO ALCANÇOU"
"PI";221090;24;24;2;2;1;"Sim";100;"ALCANÇOU"
"PI";221093;36;36;3;3;1;"Sim";100;"ALCANÇOU"
"PI";221095;12;12;1;1;1;"Sim";100;"ALCANÇOU"
"PI";221097;12;12;1;1;1;"Sim";100;"ALCANÇOU"
"PI";221100;1224;1264;102;105,333333333333;0,968354430379747;"Sim";96,8;"ALCANÇOU"
"PI";221110;204;204;17;17;1;"Sim";100;"ALCANÇOU"
"PI";221120;105;131;8,75;10,9166666666667;0,801526717557252;"Sim";80,2;"ALCANÇOU"
"PI";221130;109;120;9,08333333333333;10;0,908333333333333;"Sim";90,8;"ALCANÇOU"
"PI";221135;24;24;2;2;1;"Sim";100;"ALCANÇOU"
"PI";221140;24;24;2;2;1;"Sim";100;"ALCANÇOU"
"PI";221150;23;24;1,91666666666667;2;0,958333333333333;"Sim";95,8;"ALCANÇOU"
"PI";221160;12;12;1;1;1;"Sim";100;"ALCANÇOU"
"PI";221170;24;24;2;2;1;"Sim";100;"ALCANÇOU"
"CE";230010;60;60;5;5;1;"Sim";100;"ALCANÇOU"
"CE";230015;71;72;5,91666666666667;6;0,986111111111111;"Sim";98,6;"ALCANÇOU"
"CE";230020;286;288;23,8333333333333;24;0,993055555555556;"Sim";99,3;"ALCANÇOU"
"CE";230030;234;235;19,5;19,5833333333333;0,995744680851064;"Sim";99,6;"ALCANÇOU"
"CE";230040;79;99;6,58333333333333;8,25;0,797979797979798;"Não";79,8;"ALCANÇOU"
"CE";230050;72;72;6;6;1;"Sim";100;"ALCANÇOU"
"CE";230060;36;36;3;3;1;"Sim";100;"ALCANÇOU"
"CE";230070;86;96;7,16666666666667;8;0,895833333333333;"Sim";89,6;"ALCANÇOU"
"CE";230075;174;175;14,5;14,5833333333333;0,994285714285714;"Sim";99,4;"ALCANÇOU"
"CE";230080;36;36;3;3;1;"Sim";100;"ALCANÇOU"
"CE";230090;84;96;7;8;0,875;"Sim";87,5;"ALCANÇOU"
"CE";230100;425;445;35,4166666666667;37,0833333333333;0,955056179775281;"Sim";95,5;"ALCANÇOU"
"CE";230110;299;312;24,9166666666667;26;0,958333333333333;"Sim";95,8;"ALCANÇOU"
"CE";230120;185;189;15,4166666666667;15,75;0,978835978835979;"Sim";97,9;"ALCANÇOU"
"CE";230125;60;72;5;6;0,833333333333333;"Sim";83,3;"ALCANÇOU"
"CE";230130;118;118;9,83333333333333;9,83333333333333;1;"Sim";100;"ALCANÇOU"
"CE";230140;84;94;7;7,83333333333333;0,893617021276596;"Sim";89,4;"ALCANÇOU"
"CE";230150;48;60;4;5;0,8;"Sim";80;"ALCANÇOU"
"CE";230160;132;132;11;11;1;"Sim";100;"ALCANÇOU"
"CE";230170;144;144;12;12;1;"Sim";100;"ALCANÇOU"
"CE";230180;36;48;3;4;0,75;"Não";75;"NÃO ALCANÇOU"
"CE";230185;120;120;10;10;1;"Sim";100;"ALCANÇOU"
"CE";230190;275;300;22,9166666666667;25;0,916666666666667;"Sim";91,7;"ALCANÇOU"
"CE";230195;120;124;10;10,3333333333333;0,967741935483871;"Sim";96,8;"ALCANÇOU"
"CE";230200;130;144;10,8333333333333;12;0,902777777777778;"Sim";90,3;"ALCANÇOU"
"CE";230205;96;96;8;8;1;"Sim";100;"ALCANÇOU"
"CE";230210;156;156;13;13;1;"Sim";100;"ALCANÇOU"
"CE";230220;276;276;23;23;1;"Sim";100;"ALCANÇOU"
"CE";230230;135;136;11,25;11,3333333333333;0,992647058823529;"Sim";99,3;"ALCANÇOU"
"CE";230240;287;291;23,9166666666667;24,25;0,986254295532646;"Sim";98,6;"ALCANÇOU"
"CE";230250;269;271;22,4166666666667;22,5833333333333;0,992619926199262;"Sim";99,3;"ALCANÇOU"
"CE";230260;267;267;22,25;22,25;1;"Sim";100;"ALCANÇOU"
"CE";230270;167;168;13,9166666666667;14;0,994047619047619;"Sim";99,4;"ALCANÇOU"
"CE";230280;216;224;18;18,6666666666667;0,964285714285714;"Sim";96,4;"ALCANÇOU"
"CE";230290;111;128;9,25;10,6666666666667;0,8671875;"Sim";86,7;"ALCANÇOU"
"CE";230300;84;85;7;7,08333333333333;0,988235294117647;"Sim";98,8;"ALCANÇOU"
"CE";230310;108;108;9;9;1;"Sim";100;"ALCANÇOU"
"CE";230320;165;168;13,75;14;0,982142857142857;"Sim";98,2;"ALCANÇOU"
"CE";230330;119;120;9,91666666666667;10;0,991666666666667;"Sim";99,2;"ALCANÇOU"
"CE";230340;114;120;9,5;10;0,95;"Sim";95;"ALCANÇOU"
"CE";230350;204;210;17;17,5;0,971428571428571;"Sim";97,1;"ALCANÇOU"
"CE";230360;96;101;8;8,41666666666667;0,95049504950495;"Sim";95;"ALCANÇOU"
"CE";230365;60;60;5;5;1;"Sim";100;"ALCANÇOU"
"CE";230370;593;600;49,4166666666667;50;0,988333333333333;"Sim";98,8;"ALCANÇOU"
"CE";230380;144;144;12;12;1;"Sim";100;"ALCANÇOU"
"CE";230390;84;84;7;7;1;"Sim";100;"ALCANÇOU"
"CE";230393;73;84;6,08333333333333;7;0,869047619047619;"Sim";86,9;"ALCANÇOU"
"CE";230395;120;120;10;10;1;"Sim";100;"ALCANÇOU"
"CE";230400;73;96;6,08333333333333;8;0,760416666666667;"Não";76;"NÃO ALCANÇOU"
"CE";230410;429;429;35,75;35,75;1;"Sim";100;"ALCANÇOU"
"CE";230420;441;456;36,75;38;0,967105263157895;"Sim";96,7;"ALCANÇOU"
"CE";230423;116;118;9,66666666666667;9,83333333333333;0,983050847457627;"Sim";98,3;"ALCANÇOU"
"CE";230425;123;123;10,25;10,25;1;"Sim";100;"ALCANÇOU"
"CE";230426;72;72;6;6;1;"Sim";100;"ALCANÇOU"
"CE";230427;36;36;3;3;1;"Sim";100;"ALCANÇOU"
"CE";230428;228;228;19;19;1;"Sim";100;"ALCANÇOU"
"CE";230430;132;132;11;11;1;"Sim";100;"ALCANÇOU"
"CE";230435;108;120;9;10;0,9;"Sim";90;"ALCANÇOU"
"CE";230440;1842;1934;153,5;161,166666666667;0,952430196483971;"Sim";95,2;"ALCANÇOU"
"CE";230445;87;96;7,25;8;0,90625;"Sim";90,6;"ALCANÇOU"
"CE";230450;71;94;5,91666666666667;7,83333333333333;0,75531914893617;"Não";75,5;"NÃO ALCANÇOU"
"CE";230460;47;47;3,91666666666667;3,91666666666667;1;"Sim";100;"ALCANÇOU"
"CE";230465;96;96;8;8;1;"Sim";100;"ALCANÇOU"
"CE";230470;192;200;16;16,6666666666667;0,96;"Sim";96;"ALCANÇOU"
"CE";230480;33;36;2,75;3;0,916666666666667;"Sim";91,7;"ALCANÇOU"
"CE";230490;60;60;5;5;1;"Sim";100;"ALCANÇOU"
"CE";230495;144;144;12;12;1;"Sim";100;"ALCANÇOU"
"CE";230500;214;221;17,8333333333333;18,4166666666667;0,968325791855204;"Sim";96,8;"ALCANÇOU"
"CE";230510;56;60;4,66666666666667;5;0,933333333333333;"Sim";93,3;"ALCANÇOU"
"CE";230520;84;84;7;7;1;"Sim";100;"ALCANÇOU"
"CE";230523;252;256;21;21,3333333333333;0,984375;"Sim";98,4;"ALCANÇOU"
"CE";230526;84;84;7;7;1;"Sim";100;"ALCANÇOU"
"CE";230530;141;152;11,75;12,6666666666667;0,927631578947368;"Sim";92,8;"ALCANÇOU"
"CE";230533;72;75;6;6,25;0,96;"Sim";96;"ALCANÇOU"
"CE";230535;103;108;8,58333333333333;9;0,953703703703704;"Sim";95,4;"ALCANÇOU"
"CE";230540;263;288;21,9166666666667;24;0,913194444444444;"Sim";91,3;"ALCANÇOU"
"CE";230550;375;383;31,25;31,9166666666667;0,97911227154047;"Sim";97,9;"ALCANÇOU"
"CE";230560;146;170;12,1666666666667;14,1666666666667;0,858823529411765;"Sim";85,9;"ALCANÇOU"
"CE";230565;72;84;6;7;0,857142857142857;"Sim";85,7;"ALCANÇOU"
"CE";230570;72;84;6;7;0,857142857142857;"Sim";85,7;"ALCANÇOU"
"CE";230580;223;228;18,5833333333333;19;0,978070175438597;"Sim";97,8;"ALCANÇOU"
"CE";230590;179;180;14,9166666666667;15;0,994444444444444;"Sim";99,4;"ALCANÇOU"
"CE";230600;84;84;7;7;1;"Sim";100;"ALCANÇOU"
"CE";230610;108;108;9;9;1;"Sim";100;"ALCANÇOU"
"CE";230620;43;46;3,58333333333333;3,83333333333333;0,934782608695652;"Sim";93,5;"ALCANÇOU"
"CE";230625;261;264;21,75;22;0,988636363636364;"Sim";98,9;"ALCANÇOU"
"CE";230630;279;288;23,25;24;0,96875;"Sim";96,9;"ALCANÇOU"
"CE";230640;443;446;36,9166666666667;37,1666666666667;0,993273542600897;"Sim";99,3;"ALCANÇOU"
"CE";230650;72;72;6;6;1;"Sim";100;"ALCANÇOU"
"CE";230655;198;216;16,5;18;0,916666666666667;"Sim";91,7;"ALCANÇOU"
"CE";230660;122;132;10,1666666666667;11;0,924242424242424;"Sim";92,4;"ALCANÇOU"
"CE";230670;104;120;8,66666666666667;10;0,866666666666667;"Sim";86,7;"ALCANÇOU"
"CE";230680;42;48;3,5;4;0,875;"Sim";87,5;"ALCANÇOU"
"CE";230690;168;168;14;14;1;"Sim";100;"ALCANÇOU"
"CE";230700;156;178;13;14,8333333333333;0,876404494382023;"Sim";87,6;"ALCANÇOU"
"CE";230710;167;168;13,9166666666667;14;0,994047619047619;"Sim";99,4;"ALCANÇOU"
"CE";230720;46;48;3,83333333333333;4;0,958333333333333;"Sim";95,8;"ALCANÇOU"
"CE";230725;108;114;9;9,5;0,947368421052632;"Sim";94,7;"ALCANÇOU"
"CE";230730;678;696;56,5;58;0,974137931034483;"Sim";97,4;"ALCANÇOU"
"CE";230740;155;156;12,9166666666667;13;0,993589743589744;"Sim";99,4;"ALCANÇOU"
"CE";230750;146;156;12,1666666666667;13;0,935897435897436;"Sim";93,6;"ALCANÇOU"
"CE";230760;273;276;22,75;23;0,989130434782609;"Sim";98,9;"ALCANÇOU"
"CE";230763;108;108;9;9;1;"Sim";100;"ALCANÇOU"
"CE";230765;374;375;31,1666666666667;31,25;0,997333333333333;"Sim";99,7;"ALCANÇOU"
"CE";230770;382;393;31,8333333333333;32,75;0,972010178117048;"Sim";97,2;"ALCANÇOU"
"CE";230780;132;132;11;11;1;"Sim";100;"ALCANÇOU"
"CE";230790;72;72;6;6;1;"Sim";100;"ALCANÇOU"
"CE";230800;160;168;13,3333333333333;14;0,952380952380952;"Sim";95,2;"ALCANÇOU"
"CE";230810;264;264;22;22;1;"Sim";100;"ALCANÇOU"
"CE";230820;84;84;7;7;1;"Sim";100;"ALCANÇOU"
"CE";230830;180;180;15;15;1;"Sim";100;"ALCANÇOU"
"CE";230835;88;100;7,33333333333333;8,33333333333333;0,88;"Sim";88;"ALCANÇOU"
"CE";230837;60;78;5;6,5;0,769230769230769;"Não";76,9;"NÃO ALCANÇOU"
"CE";230840;209;209;17,4166666666667;17,4166666666667;1;"Sim";100;"ALCANÇOU"
"CE";230850;168;180;14;15;0,933333333333333;"Sim";93,3;"ALCANÇOU"
"CE";230860;143;144;11,9166666666667;12;0,993055555555556;"Sim";99,3;"ALCANÇOU"
"CE";230870;317;324;26,4166666666667;27;0,978395061728395;"Sim";97,8;"ALCANÇOU"
"CE";230880;47;56;3,91666666666667;4,66666666666667;0,839285714285714;"Sim";83,9;"ALCANÇOU"
"CE";230890;96;96;8;8;1;"Sim";100;"ALCANÇOU"
"CE";230900;84;84;7;7;1;"Sim";100;"ALCANÇOU"
"CE";230910;52;52;4,33333333333333;4,33333333333333;1;"Sim";100;"ALCANÇOU"
"CE";230920;84;84;7;7;1;"Sim";100;"ALCANÇOU"
"CE";230930;187;204;15,5833333333333;17;0,916666666666667;"Sim";91,7;"ALCANÇOU"
"CE";230940;188;206;15,6666666666667;17,1666666666667;0,912621359223301;"Sim";91,3;"ALCANÇOU"
"CE";230945;155;156;12,9166666666667;13;0,993589743589744;"Sim";99,4;"ALCANÇOU"
"CE";230950;132;132;11;11;1;"Sim";100;"ALCANÇOU"
"CE";230960;245;251;20,4166666666667;20,9166666666667;0,97609561752988;"Sim";97,6;"ALCANÇOU"
"CE";230970;235;252;19,5833333333333;21;0,932539682539683;"Sim";93,3;"ALCANÇOU"
"CE";230980;84;84;7;7;1;"Sim";100;"ALCANÇOU"
"CE";230990;24;36;2;3;0,666666666666667;"Não";66,7;"NÃO ALCANÇOU"
"CE";231000;60;60;5;5;1;"Sim";100;"ALCANÇOU"
"CE";231010;59;60;4,91666666666667;5;0,983333333333333;"Sim";98,3;"ALCANÇOU"
"CE";231020;193;200;16,0833333333333;16,6666666666667;0,965;"Sim";96,5;"ALCANÇOU"
"CE";231025;166;180;13,8333333333333;15;0,922222222222222;"Sim";92,2;"ALCANÇOU"
"CE";231030;192;192;16;16;1;"Sim";100;"ALCANÇOU"
"CE";231040;84;84;7;7;1;"Sim";100;"ALCANÇOU"
"CE";231050;200;212;16,6666666666667;17,6666666666667;0,943396226415094;"Sim";94,3;"ALCANÇOU"
"CE";231060;59;68;4,91666666666667;5,66666666666667;0,867647058823529;"Sim";86,8;"ALCANÇOU"
"CE";231070;179;192;14,9166666666667;16;0,932291666666667;"Sim";93,2;"ALCANÇOU"
"CE";231080;96;96;8;8;1;"Sim";100;"ALCANÇOU"
"CE";231085;120;120;10;10;1;"Sim";100;"ALCANÇOU"
"CE";231090;96;96;8;8;1;"Sim";100;"ALCANÇOU"
"CE";231095;60;60;5;5;1;"Sim";100;"ALCANÇOU"
"CE";231100;84;84;7;7;1;"Sim";100;"ALCANÇOU"
"CE";231110;84;84;7;7;1;"Sim";100;"ALCANÇOU"
"CE";231120;72;72;6;6;1;"Sim";100;"ALCANÇOU"
"CE";231123;47;48;3,91666666666667;4;0,979166666666667;"Sim";97,9;"ALCANÇOU"
"CE";231126;146;164;12,1666666666667;13,6666666666667;0,890243902439024;"Sim";89;"ALCANÇOU"
"CE";231130;264;288;22;24;0,916666666666667;"Sim";91,7;"ALCANÇOU"
"CE";231135;108;108;9;9;1;"Sim";100;"ALCANÇOU"
"CE";231140;335;336;27,9166666666667;28;0,99702380952381;"Sim";99,7;"ALCANÇOU"
"CE";231150;108;108;9;9;1;"Sim";100;"ALCANÇOU"
"CE";231160;143;144;11,9166666666667;12;0,993055555555556;"Sim";99,3;"ALCANÇOU"
"CE";231170;96;96;8;8;1;"Sim";100;"ALCANÇOU"
"CE";231180;278;283;23,1666666666667;23,5833333333333;0,982332155477032;"Sim";98,2;"ALCANÇOU"
"CE";231190;96;96;8;8;1;"Sim";100;"ALCANÇOU"
"CE";231195;96;96;8;8;1;"Sim";100;"ALCANÇOU"
"CE";231200;120;124;10;10,3333333333333;0,967741935483871;"Sim";96,8;"ALCANÇOU"
"CE";231210;96;96;8;8;1;"Sim";100;"ALCANÇOU"
"CE";231220;156;156;13;13;1;"Sim";100;"ALCANÇOU"
"CE";231230;216;216;18;18;1;"Sim";100;"ALCANÇOU"
"CE";231240;255;265;21,25;22,0833333333333;0,962264150943396;"Sim";96,2;"ALCANÇOU"
"CE";231250;48;60;4;5;0,8;"Sim";80;"ALCANÇOU"
"CE";231260;72;79;6;6,58333333333333;0,911392405063291;"Sim";91,1;"ALCANÇOU"
"CE";231270;132;132;11;11;1;"Sim";100;"ALCANÇOU"
"CE";231280;48;57;4;4,75;0,842105263157895;"Sim";84,2;"ALCANÇOU"
"CE";231290;490;491;40,8333333333333;40,9166666666667;0,9979633401222;"Sim";99,8;"ALCANÇOU"
"CE";231300;117;120;9,75;10;0,975;"Sim";97,5;"ALCANÇOU"
"CE";231310;120;120;10;10;1;"Sim";100;"ALCANÇOU"
"CE";231320;157;168;13,0833333333333;14;0,93452380952381;"Sim";93,5;"ALCANÇOU"
"CE";231325;47;48;3,91666666666667;4;0,979166666666667;"Sim";97,9;"ALCANÇOU"
"CE";231330;253;258;21,0833333333333;21,5;0,98062015503876;"Sim";98,1;"ALCANÇOU"
"CE";231335;97;108;8,08333333333333;9;0,898148148148148;"Sim";89,8;"ALCANÇOU"
"CE";231340;358;396;29,8333333333333;33;0,904040404040404;"Sim";90,4;"ALCANÇOU"
"CE";231350;305;312;25,4166666666667;26;0,977564102564103;"Sim";97,8;"ALCANÇOU"
"CE";231355;77;87;6,41666666666667;7,25;0,885057471264368;"Sim";88,5;"ALCANÇOU"
"CE";231360;216;236;18;19,6666666666667;0,915254237288136;"Sim";91,5;"ALCANÇOU"
"CE";231370;47;48;3,91666666666667;4;0,979166666666667;"Sim";97,9;"ALCANÇOU"
"CE";231375;84;84;7;7;1;"Sim";100;"ALCANÇOU"
"CE";231380;132;132;11;11;1;"Sim";100;"ALCANÇOU"
"CE";231390;84;84;7;7;1;"Sim";100;"ALCANÇOU"
"CE";231395;84;96;7;8;0,875;"Sim";87,5;"ALCANÇOU"
"CE";231400;156;156;13;13;1;"Sim";100;"ALCANÇOU"
"CE";231410;216;240;18;20;0,9;"Sim";90;"ALCANÇOU"
"RN";240010;60;60;5;5;1;"Sim";100;"ALCANÇOU"
"RN";240020;198;204;16,5;17;0,970588235294118;"Sim";97,1;"ALCANÇOU"
"RN";240030;48;60;4;5;0,8;"Sim";80;"ALCANÇOU"
"RN";240040;12;12;1;1;1;"Sim";100;"ALCANÇOU"
"RN";240050;12;12;1;1;1;"Sim";100;"ALCANÇOU"
"RN";240060;12;12;1;1;1;"Sim";100;"ALCANÇOU"
"RN";240070;68;72;5,66666666666667;6;0,944444444444444;"Sim";94,4;"ALCANÇOU"
"RN";240080;0;0;0;0;;;;"NÃO ALCANÇOU"
"RN";240090;12;12;1;1;1;"Sim";100;"ALCANÇOU"
"RN";240100;108;108;9;9;1;"Sim";100;"ALCANÇOU"
"RN";240110;108;108;9;9;1;"Sim";100;"ALCANÇOU"
"RN";240120;84;84;7;7;1;"Sim";100;"ALCANÇOU"
"RN";240130;12;12;1;1;1;"Sim";100;"ALCANÇOU"
"RN";240140;48;60;4;5;0,8;"Sim";80;"ALCANÇOU"
"RN";240145;171;180;14,25;15;0,95;"Sim";95;"ALCANÇOU"
"RN";240150;12;12;1;1;1;"Sim";100;"ALCANÇOU"
"RN";240160;23;24;1,91666666666667;2;0,958333333333333;"Sim";95,8;"ALCANÇOU"
"RN";240165;12;12;1;1;1;"Sim";100;"ALCANÇOU"
"RN";240170;48;48;4;4;1;"Sim";100;"ALCANÇOU"
"RN";240180;12;12;1;1;1;"Sim";100;"ALCANÇOU"
"RN";240185;24;36;2;3;0,666666666666667;"Não";66,7;"NÃO ALCANÇOU"
"RN";240190;12;12;1;1;1;"Sim";100;"ALCANÇOU"
"RN";240200;235;240;19,5833333333333;20;0,979166666666667;"Sim";97,9;"ALCANÇOU"
"RN";240210;20;24;1,66666666666667;2;0,833333333333333;"Sim";83,3;"ALCANÇOU"
"RN";240220;0;0;0;0;;;;"NÃO ALCANÇOU"
"RN";240230;96;96;8;8;1;"Sim";100;"ALCANÇOU"
"RN";240240;35;36;2,91666666666667;3;0,972222222222222;"Sim";97,2;"ALCANÇOU"
"RN";240250;12;12;1;1;1;"Sim";100;"ALCANÇOU"
"RN";240260;339;372;28,25;31;0,911290322580645;"Sim";91,1;"ALCANÇOU"
"RN";240270;12;12;1;1;1;"Sim";100;"ALCANÇOU"
"RN";240280;12;12;1;1;1;"Sim";100;"ALCANÇOU"
"RN";240290;20;20;1,66666666666667;1,66666666666667;1;"Sim";100;"ALCANÇOU"
"RN";240300;36;36;3;3;1;"Sim";100;"ALCANÇOU"
"RN";240310;191;204;15,9166666666667;17;0,936274509803922;"Sim";93,6;"ALCANÇOU"
"RN";240320;12;12;1;1;1;"Sim";100;"ALCANÇOU"
"RN";240325;313;348;26,0833333333333;29;0,899425287356322;"Sim";89,9;"ALCANÇOU"
"RN";240330;12;12;1;1;1;"Sim";100;"ALCANÇOU"
"RN";240340;12;12;1;1;1;"Sim";100;"ALCANÇOU"
"RN";240350;54;60;4,5;5;0,9;"Sim";90;"ALCANÇOU"
"RN";240360;95;108;7,91666666666667;9;0,87962962962963;"Sim";88;"ALCANÇOU"
"RN";240370;12;12;1;1;1;"Sim";100;"ALCANÇOU"
"RN";240375;12;12;1;1;1;"Sim";100;"ALCANÇOU"
"RN";240380;12;12;1;1;1;"Sim";100;"ALCANÇOU"
"RN";240390;0;0;0;0;;;;"NÃO ALCANÇOU"
"RN";240400;12;12;1;1;1;"Sim";100;"ALCANÇOU"
"RN";240410;12;36;1;3;0,333333333333333;"Não";33,3;"NÃO ALCANÇOU"
"RN";240420;144;144;12;12;1;"Sim";100;"ALCANÇOU"
"RN";240430;12;12;1;1;1;"Sim";100;"ALCANÇOU"
"RN";240440;12;12;1;1;1;"Sim";100;"ALCANÇOU"
"RN";240450;48;48;4;4;1;"Sim";100;"ALCANÇOU"
"RN";240460;84;84;7;7;1;"Sim";100;"ALCANÇOU"
"RN";240470;9;9;0,75;0,75;1;"Sim";100;"ALCANÇOU"
"RN";240480;12;12;1;1;1;"Sim";100;"ALCANÇOU"
"RN";240485;33;48;2,75;4;0,6875;"Não";68,8;"NÃO ALCANÇOU"
"RN";240490;22;32;1,83333333333333;2,66666666666667;0,6875;"Não";68,8;"NÃO ALCANÇOU"
"RN";240500;48;48;4;4;1;"Sim";100;"ALCANÇOU"
"RN";240510;31;36;2,58333333333333;3;0,861111111111111;"Sim";86,1;"ALCANÇOU"
"RN";240520;12;12;1;1;1;"Sim";100;"ALCANÇOU"
"RN";240530;58;58;4,83333333333333;4,83333333333333;1;"Sim";100;"ALCANÇOU"
"RN";240540;12;12;1;1;1;"Sim";100;"ALCANÇOU"
"RN";240550;12;12;1;1;1;"Sim";100;"ALCANÇOU"
"RN";240560;84;84;7;7;1;"Sim";100;"ALCANÇOU"
"RN";240570;22;24;1,83333333333333;2;0,916666666666667;"Sim";91,7;"ALCANÇOU"
"RN";240580;193;216;16,0833333333333;18;0,893518518518518;"Sim";89,4;"ALCANÇOU"
"RN";240590;12;12;1;1;1;"Sim";100;"ALCANÇOU"
"RN";240600;12;12;1;1;1;"Sim";100;"ALCANÇOU"
"RN";240610;60;60;5;5;1;"Sim";100;"ALCANÇOU"
"RN";240615;12;12;1;1;1;"Sim";100;"ALCANÇOU"
"RN";240620;36;36;3;3;1;"Sim";100;"ALCANÇOU"
"RN";240630;48;48;4;4;1;"Sim";100;"ALCANÇOU"
"RN";240640;12;12;1;1;1;"Sim";100;"ALCANÇOU"
"RN";240650;12;12;1;1;1;"Sim";100;"ALCANÇOU"
"RN";240660;59;60;4,91666666666667;5;0,983333333333333;"Sim";98,3;"ALCANÇOU"
"RN";240670;60;72;5;6;0,833333333333333;"Sim";83,3;"ALCANÇOU"
"RN";240680;12;12;1;1;1;"Sim";100;"ALCANÇOU"
"RN";240690;12;12;1;1;1;"Sim";100;"ALCANÇOU"
"RN";240700;12;12;1;1;1;"Sim";100;"ALCANÇOU"
"RN";240710;321;336;26,75;28;0,955357142857143;"Sim";95,5;"ALCANÇOU"
"RN";240720;98;103;8,16666666666667;8,58333333333333;0,951456310679612;"Sim";95,1;"ALCANÇOU"
"RN";240725;12;12;1;1;1;"Sim";100;"ALCANÇOU"
"RN";240730;12;12;1;1;1;"Sim";100;"ALCANÇOU"
"RN";240740;12;12;1;1;1;"Sim";100;"ALCANÇOU"
"RN";240750;48;48;4;4;1;"Sim";100;"ALCANÇOU"
"RN";240760;12;12;1;1;1;"Sim";100;"ALCANÇOU"
"RN";240770;48;72;4;6;0,666666666666667;"Não";66,7;"NÃO ALCANÇOU"
"RN";240780;126;132;10,5;11;0,954545454545455;"Sim";95,5;"ALCANÇOU"
"RN";240790;12;12;1;1;1;"Sim";100;"ALCANÇOU"
"RN";240800;414;426;34,5;35,5;0,971830985915493;"Sim";97,2;"ALCANÇOU"
"RN";240810;267;283;22,25;23,5833333333333;0,943462897526502;"Sim";94,3;"ALCANÇOU"
"RN";240820;144;144;12;12;1;"Sim";100;"ALCANÇOU"
"RN";240830;180;180;15;15;1;"Sim";100;"ALCANÇOU"
"RN";240840;24;24;2;2;1;"Sim";100;"ALCANÇOU"
"RN";240850;12;12;1;1;1;"Sim";100;"ALCANÇOU"
"RN";240860;24;24;2;2;1;"Sim";100;"ALCANÇOU"
"RN";240870;0;0;0;0;;;;"NÃO ALCANÇOU"
"RN";240880;24;24;2;2;1;"Sim";100;"ALCANÇOU"
"RN";240890;83;84;6,91666666666667;7;0,988095238095238;"Sim";98,8;"ALCANÇOU"
"RN";240895;48;48;4;4;1;"Sim";100;"ALCANÇOU"
"RN";240910;77;84;6,41666666666667;7;0,916666666666667;"Sim";91,7;"ALCANÇOU"
"RN";240920;12;12;1;1;1;"Sim";100;"ALCANÇOU"
"RN";240930;60;60;5;5;1;"Sim";100;"ALCANÇOU"
"RN";240933;12;36;1;3;0,333333333333333;"Não";33,3;"NÃO ALCANÇOU"
"RN";240940;154;168;12,8333333333333;14;0,916666666666667;"Sim";91,7;"ALCANÇOU"
"RN";240950;25;36;2,08333333333333;3;0,694444444444444;"Não";69,4;"NÃO ALCANÇOU"
"RN";240960;12;12;1;1;1;"Sim";100;"ALCANÇOU"
"RN";240970;40;44;3,33333333333333;3,66666666666667;0,909090909090909;"Sim";90,9;"ALCANÇOU"
"RN";240980;83;84;6,91666666666667;7;0,988095238095238;"Sim";98,8;"ALCANÇOU"
"RN";240990;61;68;5,08333333333333;5,66666666666667;0,897058823529412;"Sim";89,7;"ALCANÇOU"
"RN";241000;12;12;1;1;1;"Sim";100;"ALCANÇOU"
"RN";241010;72;72;6;6;1;"Sim";100;"ALCANÇOU"
"RN";241020;12;12;1;1;1;"Sim";100;"ALCANÇOU"
"RN";241025;0;0;0;0;;;;"NÃO ALCANÇOU"
"RN";241030;60;60;5;5;1;"Sim";100;"ALCANÇOU"
"RN";241040;59;60;4,91666666666667;5;0,983333333333333;"Sim";98,3;"ALCANÇOU"
"RN";241050;12;12;1;1;1;"Sim";100;"ALCANÇOU"
"RN";241060;12;12;1;1;1;"Sim";100;"ALCANÇOU"
"RN";241070;12;12;1;1;1;"Sim";100;"ALCANÇOU"
"RN";241080;12;12;1;1;1;"Sim";100;"ALCANÇOU"
"RN";241090;35;48;2,91666666666667;4;0,729166666666667;"Não";72,9;"NÃO ALCANÇOU"
"RN";241100;12;12;1;1;1;"Sim";100;"ALCANÇOU"
"RN";241105;23;36;1,91666666666667;3;0,638888888888889;"Não";63,9;"NÃO ALCANÇOU"
"RN";241110;12;12;1;1;1;"Sim";100;"ALCANÇOU"
"RN";241120;79;86;6,58333333333333;7,16666666666667;0,918604651162791;"Sim";91,9;"ALCANÇOU"
"RN";241140;89;96;7,41666666666667;8;0,927083333333333;"Sim";92,7;"ALCANÇOU"
"RN";241142;12;12;1;1;1;"Sim";100;"ALCANÇOU"
"RN";241150;144;144;12;12;1;"Sim";100;"ALCANÇOU"
"RN";241160;0;0;0;0;;;;"NÃO ALCANÇOU"
"RN";241170;24;24;2;2;1;"Sim";100;"ALCANÇOU"
"RN";241180;12;12;1;1;1;"Sim";100;"ALCANÇOU"
"RN";241190;12;18;1;1,5;0,666666666666667;"Não";66,7;"NÃO ALCANÇOU"
"RN";241200;327;360;27,25;30;0,908333333333333;"Sim";90,8;"ALCANÇOU"
"RN";241210;24;24;2;2;1;"Sim";100;"ALCANÇOU"
"RN";241220;192;204;16;17;0,941176470588235;"Sim";94,1;"ALCANÇOU"
"RN";241230;23;24;1,91666666666667;2;0,958333333333333;"Sim";95,8;"ALCANÇOU"
"RN";241240;12;12;1;1;1;"Sim";100;"ALCANÇOU"
"RN";241250;0;0;0;0;;;;"NÃO ALCANÇOU"
"RN";241255;56;60;4,66666666666667;5;0,933333333333333;"Sim";93,3;"ALCANÇOU"
"RN";241260;107;108;8,91666666666667;9;0,990740740740741;"Sim";99,1;"ALCANÇOU"
"RN";241270;12;12;1;1;1;"Sim";100;"ALCANÇOU"
"RN";241280;33;36;2,75;3;0,916666666666667;"Sim";91,7;"ALCANÇOU"
"RN";241290;24;24;2;2;1;"Sim";100;"ALCANÇOU"
"RN";241300;36;36;3;3;1;"Sim";100;"ALCANÇOU"
"RN";241310;36;36;3;3;1;"Sim";100;"ALCANÇOU"
"RN";241320;24;24;2;2;1;"Sim";100;"ALCANÇOU"
"RN";241330;0;12;0;1;0;"Não";0;"NÃO ALCANÇOU"
"RN";241335;12;24;1;2;0,5;"Não";50;"NÃO ALCANÇOU"
"RN";241340;35;41;2,91666666666667;3,41666666666667;0,853658536585366;"Sim";85,4;"ALCANÇOU"
"RN";241350;36;36;3;3;1;"Sim";100;"ALCANÇOU"
"RN";241355;12;12;1;1;1;"Sim";100;"ALCANÇOU"
"RN";241360;48;48;4;4;1;"Sim";100;"ALCANÇOU"
"RN";241370;29;29;2,41666666666667;2,41666666666667;1;"Sim";100;"ALCANÇOU"
"RN";241380;12;12;1;1;1;"Sim";100;"ALCANÇOU"
"RN";241390;0;0;0;0;;;;"NÃO ALCANÇOU"
"RN";241400;84;84;7;7;1;"Sim";100;"ALCANÇOU"
"RN";241410;24;24;2;2;1;"Sim";100;"ALCANÇOU"
"RN";241415;12;12;1;1;1;"Sim";100;"ALCANÇOU"
"RN";241420;76;76;6,33333333333333;6,33333333333333;1;"Sim";100;"ALCANÇOU"
"RN";241430;12;12;1;1;1;"Sim";100;"ALCANÇOU"
"RN";241440;204;216;17;18;0,944444444444444;"Sim";94,4;"ALCANÇOU"
"RN";241445;12;12;1;1;1;"Sim";100;"ALCANÇOU"
"RN";241450;60;72;5;6;0,833333333333333;"Sim";83,3;"ALCANÇOU"
"RN";241460;0;0;0;0;;;;"NÃO ALCANÇOU"
"RN";241470;35;36;2,91666666666667;3;0,972222222222222;"Sim";97,2;"ALCANÇOU"
"RN";241475;12;12;1;1;1;"Sim";100;"ALCANÇOU"
"RN";241480;72;72;6;6;1;"Sim";100;"ALCANÇOU"
"RN";241490;12;12;1;1;1;"Sim";100;"ALCANÇOU"
"RN";241500;12;12;1;1;1;"Sim";100;"ALCANÇOU"
"PB";250010;60;60;5;5;1;"Sim";100;"ALCANÇOU"
"PB";250020;12;12;1;1;1;"Sim";100;"ALCANÇOU"
"PB";250030;176;178;14,6666666666667;14,8333333333333;0,98876404494382;"Sim";98,9;"ALCANÇOU"
"PB";250040;119;120;9,91666666666667;10;0,991666666666667;"Sim";99,2;"ALCANÇOU"
"PB";250050;84;84;7;7;1;"Sim";100;"ALCANÇOU"
"PB";250053;33;36;2,75;3;0,916666666666667;"Sim";91,7;"ALCANÇOU"
"PB";250057;12;12;1;1;1;"Sim";100;"ALCANÇOU"
"PB";250060;108;108;9;9;1;"Sim";100;"ALCANÇOU"
"PB";250070;121;122;10,0833333333333;10,1666666666667;0,991803278688525;"Sim";99,2;"ALCANÇOU"
"PB";250073;12;12;1;1;1;"Sim";100;"ALCANÇOU"
"PB";250077;12;12;1;1;1;"Sim";100;"ALCANÇOU"
"PB";250080;83;84;6,91666666666667;7;0,988095238095238;"Sim";98,8;"ALCANÇOU"
"PB";250090;84;84;7;7;1;"Sim";100;"ALCANÇOU"
"PB";250100;96;96;8;8;1;"Sim";100;"ALCANÇOU"
"PB";250110;152;156;12,6666666666667;13;0,974358974358974;"Sim";97,4;"ALCANÇOU"
"PB";250115;12;12;1;1;1;"Sim";100;"ALCANÇOU"
"PB";250120;36;36;3;3;1;"Sim";100;"ALCANÇOU"
"PB";250130;119;120;9,91666666666667;10;0,991666666666667;"Sim";99,2;"ALCANÇOU"
"PB";250135;24;24;2;2;1;"Sim";100;"ALCANÇOU"
"PB";250140;72;72;6;6;1;"Sim";100;"ALCANÇOU"
"PB";250150;58;60;4,83333333333333;5;0,966666666666667;"Sim";96,7;"ALCANÇOU"
"PB";250153;24;24;2;2;1;"Sim";100;"ALCANÇOU"
"PB";250157;48;48;4;4;1;"Sim";100;"ALCANÇOU"
"PB";250160;24;24;2;2;1;"Sim";100;"ALCANÇOU"
"PB";250170;36;36;3;3;1;"Sim";100;"ALCANÇOU"
"PB";250180;361;372;30,0833333333333;31;0,970430107526882;"Sim";97;"ALCANÇOU"
"PB";250190;96;96;8;8;1;"Sim";100;"ALCANÇOU"
"PB";250200;45;48;3,75;4;0,9375;"Sim";93,8;"ALCANÇOU"
"PB";250205;12;12;1;1;1;"Sim";100;"ALCANÇOU"
"PB";250210;12;12;1;1;1;"Sim";100;"ALCANÇOU"
"PB";250215;46;46;3,83333333333333;3,83333333333333;1;"Sim";100;"ALCANÇOU"
"PB";250220;12;12;1;1;1;"Sim";100;"ALCANÇOU"
"PB";250230;12;12;1;1;1;"Sim";100;"ALCANÇOU"
"PB";250240;60;60;5;5;1;"Sim";100;"ALCANÇOU"
"PB";250250;118;118;9,83333333333333;9,83333333333333;1;"Sim";100;"ALCANÇOU"
"PB";250260;12;17;1;1,41666666666667;0,705882352941177;"Não";70,6;"NÃO ALCANÇOU"
"PB";250270;12;12;1;1;1;"Sim";100;"ALCANÇOU"
"PB";250280;24;24;2;2;1;"Sim";100;"ALCANÇOU"
"PB";250290;36;36;3;3;1;"Sim";100;"ALCANÇOU"
"PB";250300;108;108;9;9;1;"Sim";100;"ALCANÇOU"
"PB";250310;47;48;3,91666666666667;4;0,979166666666667;"Sim";97,9;"ALCANÇOU"
"PB";250320;286;288;23,8333333333333;24;0,993055555555556;"Sim";99,3;"ALCANÇOU"
"PB";250330;60;60;5;5;1;"Sim";100;"ALCANÇOU"
"PB";250340;12;12;1;1;1;"Sim";100;"ALCANÇOU"
"PB";250350;86;86;7,16666666666667;7,16666666666667;1;"Sim";100;"ALCANÇOU"
"PB";250355;48;48;4;4;1;"Sim";100;"ALCANÇOU"
"PB";250360;36;36;3;3;1;"Sim";100;"ALCANÇOU"
"PB";250370;371;372;30,9166666666667;31;0,997311827956989;"Sim";99,7;"ALCANÇOU"
"PB";250375;12;12;1;1;1;"Sim";100;"ALCANÇOU"
"PB";250380;36;36;3;3;1;"Sim";100;"ALCANÇOU"
"PB";250390;12;12;1;1;1;"Sim";100;"ALCANÇOU"
"PB";250400;1177;1222;98,0833333333333;101,833333333333;0,963175122749591;"Sim";96,3;"ALCANÇOU"
"PB";250403;36;36;3;3;1;"Sim";100;"ALCANÇOU"
"PB";250407;12;12;1;1;1;"Sim";100;"ALCANÇOU"
"PB";250410;12;12;1;1;1;"Sim";100;"ALCANÇOU"
"PB";250415;48;48;4;4;1;"Sim";100;"ALCANÇOU"
"PB";250420;24;24;2;2;1;"Sim";100;"ALCANÇOU"
"PB";250430;132;132;11;11;1;"Sim";100;"ALCANÇOU"
"PB";250435;31;31;2,58333333333333;2,58333333333333;1;"Sim";100;"ALCANÇOU"
"PB";250440;12;12;1;1;1;"Sim";100;"ALCANÇOU"
"PB";250450;36;36;3;3;1;"Sim";100;"ALCANÇOU"
"PB";250460;144;144;12;12;1;"Sim";100;"ALCANÇOU"
"PB";250470;24;24;2;2;1;"Sim";100;"ALCANÇOU"
"PB";250480;70;72;5,83333333333333;6;0,972222222222222;"Sim";97,2;"ALCANÇOU"
"PB";250485;12;12;1;1;1;"Sim";100;"ALCANÇOU"
"PB";250490;83;84;6,91666666666667;7;0,988095238095238;"Sim";98,8;"ALCANÇOU"
"PB";250500;24;24;2;2;1;"Sim";100;"ALCANÇOU"
"PB";250510;132;132;11;11;1;"Sim";100;"ALCANÇOU"
"PB";250520;32;32;2,66666666666667;2,66666666666667;1;"Sim";100;"ALCANÇOU"
"PB";250523;36;36;3;3;1;"Sim";100;"ALCANÇOU"
"PB";250527;36;36;3;3;1;"Sim";100;"ALCANÇOU"
"PB";250530;12;12;1;1;1;"Sim";100;"ALCANÇOU"
"PB";250535;12;12;1;1;1;"Sim";100;"ALCANÇOU"
"PB";250540;24;24;2;2;1;"Sim";100;"ALCANÇOU"
"PB";250550;12;12;1;1;1;"Sim";100;"ALCANÇOU"
"PB";250560;12;12;1;1;1;"Sim";100;"ALCANÇOU"
"PB";250570;60;60;5;5;1;"Sim";100;"ALCANÇOU"
"PB";250580;12;12;1;1;1;"Sim";100;"ALCANÇOU"
"PB";250590;12;12;1;1;1;"Sim";100;"ALCANÇOU"
"PB";250600;180;180;15;15;1;"Sim";100;"ALCANÇOU"
"PB";250610;60;60;5;5;1;"Sim";100;"ALCANÇOU"
"PB";250620;12;12;1;1;1;"Sim";100;"ALCANÇOU"
"PB";250625;48;48;4;4;1;"Sim";100;"ALCANÇOU"
"PB";250630;250;252;20,8333333333333;21;0,992063492063492;"Sim";99,2;"ALCANÇOU"
"PB";250640;88;96;7,33333333333333;8;0,916666666666667;"Sim";91,7;"ALCANÇOU"
"PB";250650;22;24;1,83333333333333;2;0,916666666666667;"Sim";91,7;"ALCANÇOU"
"PB";250660;12;12;1;1;1;"Sim";100;"ALCANÇOU"
"PB";250670;72;72;6;6;1;"Sim";100;"ALCANÇOU"
"PB";250680;108;108;9;9;1;"Sim";100;"ALCANÇOU"
"PB";250690;144;144;12;12;1;"Sim";100;"ALCANÇOU"
"PB";250700;24;24;2;2;1;"Sim";100;"ALCANÇOU"
"PB";250710;84;84;7;7;1;"Sim";100;"ALCANÇOU"
"PB";250720;72;72;6;6;1;"Sim";100;"ALCANÇOU"
"PB";250730;12;12;1;1;1;"Sim";100;"ALCANÇOU"
"PB";250740;12;12;1;1;1;"Sim";100;"ALCANÇOU"
"PB";250750;1195;1235;99,5833333333333;102,916666666667;0,967611336032389;"Sim";96,8;"ALCANÇOU"
"PB";250760;48;48;4;4;1;"Sim";100;"ALCANÇOU"
"PB";250770;108;108;9;9;1;"Sim";100;"ALCANÇOU"
"PB";250780;36;36;3;3;1;"Sim";100;"ALCANÇOU"
"PB";250790;60;60;5;5;1;"Sim";100;"ALCANÇOU"
"PB";250800;60;60;5;5;1;"Sim";100;"ALCANÇOU"
"PB";250810;12;12;1;1;1;"Sim";100;"ALCANÇOU"
"PB";250820;12;12;1;1;1;"Sim";100;"ALCANÇOU"
"PB";250830;155;156;12,9166666666667;13;0,993589743589744;"Sim";99,4;"ALCANÇOU"
"PB";250840;12;12;1;1;1;"Sim";100;"ALCANÇOU"
"PB";250850;19;24;1,58333333333333;2;0,791666666666667;"Não";79,2;"NÃO ALCANÇOU"
"PB";250855;12;12;1;1;1;"Sim";100;"ALCANÇOU"
"PB";250860;72;72;6;6;1;"Sim";100;"ALCANÇOU"
"PB";250870;24;24;2;2;1;"Sim";100;"ALCANÇOU"
"PB";250880;12;12;1;1;1;"Sim";100;"ALCANÇOU"
"PB";250890;240;240;20;20;1;"Sim";100;"ALCANÇOU"
"PB";250900;60;60;5;5;1;"Sim";100;"ALCANÇOU"
"PB";250905;51;58;4,25;4,83333333333333;0,879310344827586;"Sim";87,9;"ALCANÇOU"
"PB";250910;132;132;11;11;1;"Sim";100;"ALCANÇOU"
"PB";250915;36;36;3;3;1;"Sim";100;"ALCANÇOU"
"PB";250920;71;96;5,91666666666667;8;0,739583333333333;"Não";74;"NÃO ALCANÇOU"
"PB";250930;60;60;5;5;1;"Sim";100;"ALCANÇOU"
"PB";250933;27;36;2,25;3;0,75;"Não";75;"NÃO ALCANÇOU"
"PB";250937;12;12;1;1;1;"Sim";100;"ALCANÇOU"
"PB";250939;12;12;1;1;1;"Sim";100;"ALCANÇOU"
"PB";250940;95;96;7,91666666666667;8;0,989583333333333;"Sim";99;"ALCANÇOU"
"PB";250950;12;12;1;1;1;"Sim";100;"ALCANÇOU"
"PB";250960;12;12;1;1;1;"Sim";100;"ALCANÇOU"
"PB";250970;168;168;14;14;1;"Sim";100;"ALCANÇOU"
"PB";250980;60;60;5;5;1;"Sim";100;"ALCANÇOU"
"PB";250990;60;72;5;6;0,833333333333333;"Sim";83,3;"ALCANÇOU"
"PB";251000;48;48;4;4;1;"Sim";100;"ALCANÇOU"
"PB";251010;43;48;3,58333333333333;4;0,895833333333333;"Sim";89,6;"ALCANÇOU"
"PB";251020;12;12;1;1;1;"Sim";100;"ALCANÇOU"
"PB";251030;12;12;1;1;1;"Sim";100;"ALCANÇOU"
"PB";251040;12;12;1;1;1;"Sim";100;"ALCANÇOU"
"PB";251050;12;12;1;1;1;"Sim";100;"ALCANÇOU"
"PB";251060;12;12;1;1;1;"Sim";100;"ALCANÇOU"
"PB";251065;12;12;1;1;1;"Sim";100;"ALCANÇOU"
"PB";251070;12;12;1;1;1;"Sim";100;"ALCANÇOU"
"PB";251080;497;504;41,4166666666667;42;0,986111111111111;"Sim";98,6;"ALCANÇOU"
"PB";251090;12;24;1;2;0,5;"Não";50;"NÃO ALCANÇOU"
"PB";251100;12;12;1;1;1;"Sim";100;"ALCANÇOU"
"PB";251110;36;36;3;3;1;"Sim";100;"ALCANÇOU"
"PB";251120;154;156;12,8333333333333;13;0,987179487179487;"Sim";98,7;"ALCANÇOU"
"PB";251130;72;72;6;6;1;"Sim";100;"ALCANÇOU"
"PB";251140;52;61;4,33333333333333;5,08333333333333;0,852459016393443;"Sim";85,2;"ALCANÇOU"
"PB";251150;72;72;6;6;1;"Sim";100;"ALCANÇOU"
"PB";251160;36;36;3;3;1;"Sim";100;"ALCANÇOU"
"PB";251170;12;12;1;1;1;"Sim";100;"ALCANÇOU"
"PB";251180;12;12;1;1;1;"Sim";100;"ALCANÇOU"
"PB";251190;95;96;7,91666666666667;8;0,989583333333333;"Sim";99;"ALCANÇOU"
"PB";251200;120;120;10;10;1;"Sim";100;"ALCANÇOU"
"PB";251203;12;12;1;1;1;"Sim";100;"ALCANÇOU"
"PB";251207;22;24;1,83333333333333;2;0,916666666666667;"Sim";91,7;"ALCANÇOU"
"PB";251210;176;192;14,6666666666667;16;0,916666666666667;"Sim";91,7;"ALCANÇOU"
"PB";251220;12;12;1;1;1;"Sim";100;"ALCANÇOU"
"PB";251230;156;156;13;13;1;"Sim";100;"ALCANÇOU"
"PB";251240;79;84;6,58333333333333;7;0,94047619047619;"Sim";94;"ALCANÇOU"
"PB";251250;216;216;18;18;1;"Sim";100;"ALCANÇOU"
"PB";251260;12;12;1;1;1;"Sim";100;"ALCANÇOU"
"PB";251270;117;120;9,75;10;0,975;"Sim";97,5;"ALCANÇOU"
"PB";251272;12;12;1;1;1;"Sim";100;"ALCANÇOU"
"PB";251274;12;12;1;1;1;"Sim";100;"ALCANÇOU"
"PB";251275;24;24;2;2;1;"Sim";100;"ALCANÇOU"
"PB";251276;24;24;2;2;1;"Sim";100;"ALCANÇOU"
"PB";251278;12;12;1;1;1;"Sim";100;"ALCANÇOU"
"PB";251280;35;36;2,91666666666667;3;0,972222222222222;"Sim";97,2;"ALCANÇOU"
"PB";251290;84;84;7;7;1;"Sim";100;"ALCANÇOU"
"PB";251300;24;24;2;2;1;"Sim";100;"ALCANÇOU"
"PB";251310;72;72;6;6;1;"Sim";100;"ALCANÇOU"
"PB";251315;36;36;3;3;1;"Sim";100;"ALCANÇOU"
"PB";251320;31;36;2,58333333333333;3;0,861111111111111;"Sim";86,1;"ALCANÇOU"
"PB";251330;24;24;2;2;1;"Sim";100;"ALCANÇOU"
"PB";251335;12;12;1;1;1;"Sim";100;"ALCANÇOU"
"PB";251340;71;72;5,91666666666667;6;0,986111111111111;"Sim";98,6;"ALCANÇOU"
"PB";251350;12;12;1;1;1;"Sim";100;"ALCANÇOU"
"PB";251360;24;24;2;2;1;"Sim";100;"ALCANÇOU"
"PB";251365;12;12;1;1;1;"Sim";100;"ALCANÇOU"
"PB";251370;523;532;43,5833333333333;44,3333333333333;0,983082706766917;"Sim";98,3;"ALCANÇOU"
"PB";251380;12;12;1;1;1;"Sim";100;"ALCANÇOU"
"PB";251385;12;12;1;1;1;"Sim";100;"ALCANÇOU"
"PB";251390;203;204;16,9166666666667;17;0,995098039215686;"Sim";99,5;"ALCANÇOU"
"PB";251392;24;24;2;2;1;"Sim";100;"ALCANÇOU"
"PB";251394;12;12;1;1;1;"Sim";100;"ALCANÇOU"
"PB";251396;23;24;1,91666666666667;2;0,958333333333333;"Sim";95,8;"ALCANÇOU"
"PB";251398;23;24;1,91666666666667;2;0,958333333333333;"Sim";95,8;"ALCANÇOU"
"PB";251400;18;18;1,5;1,5;1;"Sim";100;"ALCANÇOU"
"PB";251410;24;24;2;2;1;"Sim";100;"ALCANÇOU"
"PB";251420;48;48;4;4;1;"Sim";100;"ALCANÇOU"
"PB";251430;12;12;1;1;1;"Sim";100;"ALCANÇOU"
"PB";251440;24;24;2;2;1;"Sim";100;"ALCANÇOU"
"PB";251445;36;36;3;3;1;"Sim";100;"ALCANÇOU"
"PB";251450;24;24;2;2;1;"Sim";100;"ALCANÇOU"
"PB";251455;24;24;2;2;1;"Sim";100;"ALCANÇOU"
"PB";251460;12;12;1;1;1;"Sim";100;"ALCANÇOU"
"PB";251465;12;12;1;1;1;"Sim";100;"ALCANÇOU"
"PB";251470;22;22;1,83333333333333;1,83333333333333;1;"Sim";100;"ALCANÇOU"
"PB";251480;12;12;1;1;1;"Sim";100;"ALCANÇOU"
"PB";251490;48;48;4;4;1;"Sim";100;"ALCANÇOU"
"PB";251500;48;48;4;4;1;"Sim";100;"ALCANÇOU"
"PB";251510;60;60;5;5;1;"Sim";100;"ALCANÇOU"
"PB";251520;24;24;2;2;1;"Sim";100;"ALCANÇOU"
"PB";251530;239;240;19,9166666666667;20;0,995833333333333;"Sim";99,6;"ALCANÇOU"
"PB";251540;12;12;1;1;1;"Sim";100;"ALCANÇOU"
"PB";251550;24;27;2;2,25;0,888888888888889;"Sim";88,9;"ALCANÇOU"
"PB";251560;24;24;2;2;1;"Sim";100;"ALCANÇOU"
"PB";251570;12;12;1;1;1;"Sim";100;"ALCANÇOU"
"PB";251580;51;60;4,25;5;0,85;"Sim";85;"ALCANÇOU"
"PB";251590;12;12;1;1;1;"Sim";100;"ALCANÇOU"
"PB";251593;23;24;1,91666666666667;2;0,958333333333333;"Sim";95,8;"ALCANÇOU"
"PB";251597;48;48;4;4;1;"Sim";100;"ALCANÇOU"
"PB";251600;144;144;12;12;1;"Sim";100;"ALCANÇOU"
"PB";251610;96;96;8;8;1;"Sim";100;"ALCANÇOU"
"PB";251615;12;12;1;1;1;"Sim";100;"ALCANÇOU"
"PB";251620;430;432;35,8333333333333;36;0,99537037037037;"Sim";99,5;"ALCANÇOU"
"PB";251630;81;81;6,75;6,75;1;"Sim";100;"ALCANÇOU"
"PB";251640;64;67;5,33333333333333;5,58333333333333;0,955223880597015;"Sim";95,5;"ALCANÇOU"
"PB";251650;82;84;6,83333333333333;7;0,976190476190476;"Sim";97,6;"ALCANÇOU"
"PB";251660;83;84;6,91666666666667;7;0,988095238095238;"Sim";98,8;"ALCANÇOU"
"PB";251670;24;24;2;2;1;"Sim";100;"ALCANÇOU"
"PB";251675;12;12;1;1;1;"Sim";100;"ALCANÇOU"
"PB";251680;24;24;2;2;1;"Sim";100;"ALCANÇOU"
"PB";251690;91;96;7,58333333333333;8;0,947916666666667;"Sim";94,8;"ALCANÇOU"
"PB";251700;60;60;5;5;1;"Sim";100;"ALCANÇOU"
"PB";251710;12;12;1;1;1;"Sim";100;"ALCANÇOU"
"PB";251720;12;12;1;1;1;"Sim";100;"ALCANÇOU"
"PB";251740;12;12;1;1;1;"Sim";100;"ALCANÇOU"
"PE";260005;284;296;23,6666666666667;24,6666666666667;0,959459459459459;"Sim";95,9;"ALCANÇOU"
"PE";260010;180;180;15;15;1;"Sim";100;"ALCANÇOU"
"PE";260020;132;132;11;11;1;"Sim";100;"ALCANÇOU"
"PE";260030;151;156;12,5833333333333;13;0,967948717948718;"Sim";96,8;"ALCANÇOU"
"PE";260040;159;176;13,25;14,6666666666667;0,903409090909091;"Sim";90,3;"ALCANÇOU"
"PE";260050;269;276;22,4166666666667;23;0,97463768115942;"Sim";97,5;"ALCANÇOU"
"PE";260060;84;96;7;8;0,875;"Sim";87,5;"ALCANÇOU"
"PE";260070;168;176;14;14,6666666666667;0,954545454545455;"Sim";95,5;"ALCANÇOU"
"PE";260080;144;156;12;13;0,923076923076923;"Sim";92,3;"ALCANÇOU"
"PE";260090;108;108;9;9;1;"Sim";100;"ALCANÇOU"
"PE";260100;72;72;6;6;1;"Sim";100;"ALCANÇOU"
"PE";260105;108;108;9;9;1;"Sim";100;"ALCANÇOU"
"PE";260110;302;312;25,1666666666667;26;0,967948717948718;"Sim";96,8;"ALCANÇOU"
"PE";260120;336;336;28;28;1;"Sim";100;"ALCANÇOU"
"PE";260130;96;108;8;9;0,888888888888889;"Sim";88,9;"ALCANÇOU"
"PE";260140;156;162;13;13,5;0,962962962962963;"Sim";96,3;"ALCANÇOU"
"PE";260150;72;84;6;7;0,857142857142857;"Sim";85,7;"ALCANÇOU"
"PE";260160;118;131;9,83333333333333;10,9166666666667;0,900763358778626;"Sim";90,1;"ALCANÇOU"
"PE";260170;307;307;25,5833333333333;25,5833333333333;1;"Sim";100;"ALCANÇOU"
"PE";260180;70;86;5,83333333333333;7,16666666666667;0,813953488372093;"Sim";81,4;"ALCANÇOU"
"PE";260190;303;324;25,25;27;0,935185185185185;"Sim";93,5;"ALCANÇOU"
"PE";260200;144;174;12;14,5;0,827586206896552;"Sim";82,8;"ALCANÇOU"
"PE";260210;190;190;15,8333333333333;15,8333333333333;1;"Sim";100;"ALCANÇOU"
"PE";260220;142;146;11,8333333333333;12,1666666666667;0,972602739726027;"Sim";97,3;"ALCANÇOU"
"PE";260230;132;144;11;12;0,916666666666667;"Sim";91,7;"ALCANÇOU"
"PE";260240;57;60;4,75;5;0,95;"Sim";95;"ALCANÇOU"
"PE";260250;48;48;4;4;1;"Sim";100;"ALCANÇOU"
"PE";260260;168;192;14;16;0,875;"Sim";87,5;"ALCANÇOU"
"PE";260270;81;84;6,75;7;0,964285714285714;"Sim";96,4;"ALCANÇOU"
"PE";260280;320;325;26,6666666666667;27,0833333333333;0,984615384615385;"Sim";98,5;"ALCANÇOU"
"PE";260290;554;636;46,1666666666667;53;0,871069182389937;"Sim";87,1;"ALCANÇOU"
"PE";260300;196;216;16,3333333333333;18;0,907407407407407;"Sim";90,7;"ALCANÇOU"
"PE";260310;72;72;6;6;1;"Sim";100;"ALCANÇOU"
"PE";260320;158;168;13,1666666666667;14;0,94047619047619;"Sim";94;"ALCANÇOU"
"PE";260330;60;60;5;5;1;"Sim";100;"ALCANÇOU"
"PE";260340;36;36;3;3;1;"Sim";100;"ALCANÇOU"
"PE";260345;551;600;45,9166666666667;50;0,918333333333333;"Sim";91,8;"ALCANÇOU"
"PE";260350;111;131;9,25;10,9166666666667;0,847328244274809;"Sim";84,7;"ALCANÇOU"
"PE";260360;47;47;3,91666666666667;3,91666666666667;1;"Sim";100;"ALCANÇOU"
"PE";260370;139;144;11,5833333333333;12;0,965277777777778;"Sim";96,5;"ALCANÇOU"
"PE";260380;108;120;9;10;0,9;"Sim";90;"ALCANÇOU"
"PE";260390;132;132;11;11;1;"Sim";100;"ALCANÇOU"
"PE";260392;70;72;5,83333333333333;6;0,972222222222222;"Sim";97,2;"ALCANÇOU"
"PE";260400;264;276;22;23;0,956521739130435;"Sim";95,7;"ALCANÇOU"
"PE";260410;800;810;66,6666666666667;67,5;0,987654320987654;"Sim";98,8;"ALCANÇOU"
"PE";260415;86;102;7,16666666666667;8,5;0,843137254901961;"Sim";84,3;"ALCANÇOU"
"PE";260420;156;156;13;13;1;"Sim";100;"ALCANÇOU"
"PE";260430;60;72;5;6;0,833333333333333;"Sim";83,3;"ALCANÇOU"
"PE";260440;65;78;5,41666666666667;6,5;0,833333333333333;"Sim";83,3;"ALCANÇOU"
"PE";260450;97;108;8,08333333333333;9;0,898148148148148;"Sim";89,8;"ALCANÇOU"
"PE";260460;84;96;7;8;0,875;"Sim";87,5;"ALCANÇOU"
"PE";260470;107;110;8,91666666666667;9,16666666666667;0,972727272727273;"Sim";97,3;"ALCANÇOU"
"PE";260480;72;84;6;7;0,857142857142857;"Sim";85,7;"ALCANÇOU"
"PE";260490;82;92;6,83333333333333;7,66666666666667;0,891304347826087;"Sim";89,1;"ALCANÇOU"
"PE";260500;119;120;9,91666666666667;10;0,991666666666667;"Sim";99,2;"ALCANÇOU"
"PE";260510;216;216;18;18;1;"Sim";100;"ALCANÇOU"
"PE";260515;108;108;9;9;1;"Sim";100;"ALCANÇOU"
"PE";260520;256;273;21,3333333333333;22,75;0,937728937728938;"Sim";93,8;"ALCANÇOU"
"PE";260530;156;156;13;13;1;"Sim";100;"ALCANÇOU"
"PE";260540;127;132;10,5833333333333;11;0,962121212121212;"Sim";96,2;"ALCANÇOU"
"PE";260550;60;60;5;5;1;"Sim";100;"ALCANÇOU"
"PE";260560;96;98;8;8,16666666666667;0,979591836734694;"Sim";98;"ALCANÇOU"
"PE";260570;127;135;10,5833333333333;11,25;0,940740740740741;"Sim";94,1;"ALCANÇOU"
"PE";260580;60;60;5;5;1;"Sim";100;"ALCANÇOU"
"PE";260590;96;96;8;8;1;"Sim";100;"ALCANÇOU"
"PE";260600;492;492;41;41;1;"Sim";100;"ALCANÇOU"
"PE";260610;94;96;7,83333333333333;8;0,979166666666667;"Sim";97,9;"ALCANÇOU"
"PE";260620;300;300;25;25;1;"Sim";100;"ALCANÇOU"
"PE";260630;48;48;4;4;1;"Sim";100;"ALCANÇOU"
"PE";260640;252;276;21;23;0,91304347826087;"Sim";91,3;"ALCANÇOU"
"PE";260650;96;96;8;8;1;"Sim";100;"ALCANÇOU"
"PE";260660;156;180;13;15;0,866666666666667;"Sim";86,7;"ALCANÇOU"
"PE";260670;58;68;4,83333333333333;5,66666666666667;0,852941176470588;"Sim";85,3;"ALCANÇOU"
"PE";260680;426;456;35,5;38;0,934210526315789;"Sim";93,4;"ALCANÇOU"
"PE";260690;60;63;5;5,25;0,952380952380952;"Sim";95,2;"ALCANÇOU"
"PE";260700;107;108;8,91666666666667;9;0,990740740740741;"Sim";99,1;"ALCANÇOU"
"PE";260710;24;30;2;2,5;0,8;"Sim";80;"ALCANÇOU"
"PE";260720;360;372;30;31;0,967741935483871;"Sim";96,8;"ALCANÇOU"
"PE";260730;132;144;11;12;0,916666666666667;"Sim";91,7;"ALCANÇOU"
"PE";260740;36;36;3;3;1;"Sim";100;"ALCANÇOU"
"PE";260750;120;120;10;10;1;"Sim";100;"ALCANÇOU"
"PE";260760;120;120;10;10;1;"Sim";100;"ALCANÇOU"
"PE";260765;145;158;12,0833333333333;13,1666666666667;0,917721518987342;"Sim";91,8;"ALCANÇOU"
"PE";260770;96;96;8;8;1;"Sim";100;"ALCANÇOU"
"PE";260775;139;144;11,5833333333333;12;0,965277777777778;"Sim";96,5;"ALCANÇOU"
"PE";260780;72;84;6;7;0,857142857142857;"Sim";85,7;"ALCANÇOU"
"PE";260790;1466;1521;122,166666666667;126,75;0,963839579224195;"Sim";96,4;"ALCANÇOU"
"PE";260795;72;84;6;7;0,857142857142857;"Sim";85,7;"ALCANÇOU"
"PE";260800;108;108;9;9;1;"Sim";100;"ALCANÇOU"
"PE";260805;90;91;7,5;7,58333333333333;0,989010989010989;"Sim";98,9;"ALCANÇOU"
"PE";260810;156;168;13;14;0,928571428571429;"Sim";92,9;"ALCANÇOU"
"PE";260820;77;80;6,41666666666667;6,66666666666667;0,9625;"Sim";96,2;"ALCANÇOU"
"PE";260825;72;72;6;6;1;"Sim";100;"ALCANÇOU"
"PE";260830;107;107;8,91666666666667;8,91666666666667;1;"Sim";100;"ALCANÇOU"
"PE";260840;83;96;6,91666666666667;8;0,864583333333333;"Sim";86,5;"ALCANÇOU"
"PE";260845;105;117;8,75;9,75;0,897435897435897;"Sim";89,7;"ALCANÇOU"
"PE";260850;127;128;10,5833333333333;10,6666666666667;0,9921875;"Sim";99,2;"ALCANÇOU"
"PE";260860;84;84;7;7;1;"Sim";100;"ALCANÇOU"
"PE";260870;84;84;7;7;1;"Sim";100;"ALCANÇOU"
"PE";260875;120;120;10;10;1;"Sim";100;"ALCANÇOU"
"PE";260880;144;144;12;12;1;"Sim";100;"ALCANÇOU"
"PE";260890;233;240;19,4166666666667;20;0,970833333333333;"Sim";97,1;"ALCANÇOU"
"PE";260900;144;144;12;12;1;"Sim";100;"ALCANÇOU"
"PE";260910;100;102;8,33333333333333;8,5;0,980392156862745;"Sim";98;"ALCANÇOU"
"PE";260915;94;96;7,83333333333333;8;0,979166666666667;"Sim";97,9;"ALCANÇOU"
"PE";260920;40;60;3,33333333333333;5;0,666666666666667;"Não";66,7;"NÃO ALCANÇOU"
"PE";260930;72;72;6;6;1;"Sim";100;"ALCANÇOU"
"PE";260940;228;240;19;20;0,95;"Sim";95;"ALCANÇOU"
"PE";260950;160;176;13,3333333333333;14,6666666666667;0,909090909090909;"Sim";90,9;"ALCANÇOU"
"PE";260960;606;612;50,5;51;0,990196078431373;"Sim";99;"ALCANÇOU"
"PE";260970;127;132;10,5833333333333;11;0,962121212121212;"Sim";96,2;"ALCANÇOU"
"PE";260980;94;96;7,83333333333333;8;0,979166666666667;"Sim";97,9;"ALCANÇOU"
"PE";260990;275;276;22,9166666666667;23;0,996376811594203;"Sim";99,6;"ALCANÇOU"
"PE";261000;322;324;26,8333333333333;27;0,993827160493827;"Sim";99,4;"ALCANÇOU"
"PE";261010;48;60;4;5;0,8;"Sim";80;"ALCANÇOU"
"PE";261020;156;156;13;13;1;"Sim";100;"ALCANÇOU"
"PE";261030;72;84;6;7;0,857142857142857;"Sim";85,7;"ALCANÇOU"
"PE";261040;144;144;12;12;1;"Sim";100;"ALCANÇOU"
"PE";261050;162;192;13,5;16;0,84375;"Sim";84,4;"ALCANÇOU"
"PE";261060;288;300;24;25;0,96;"Sim";96;"ALCANÇOU"
"PE";261070;587;676;48,9166666666667;56,3333333333333;0,868343195266272;"Sim";86,8;"ALCANÇOU"
"PE";261080;132;132;11;11;1;"Sim";100;"ALCANÇOU"
"PE";261090;312;312;26;26;1;"Sim";100;"ALCANÇOU"
"PE";261100;180;180;15;15;1;"Sim";100;"ALCANÇOU"
"PE";261110;690;720;57,5;60;0,958333333333333;"Sim";95,8;"ALCANÇOU"
"PE";261120;60;60;5;5;1;"Sim";100;"ALCANÇOU"
"PE";261130;120;120;10;10;1;"Sim";100;"ALCANÇOU"
"PE";261140;60;60;5;5;1;"Sim";100;"ALCANÇOU"
"PE";261150;121;132;10,0833333333333;11;0,916666666666667;"Sim";91,7;"ALCANÇOU"
"PE";261153;36;36;3;3;1;"Sim";100;"ALCANÇOU"
"PE";261160;2000;2016;166,666666666667;168;0,992063492063492;"Sim";99,2;"ALCANÇOU"
"PE";261170;112;132;9,33333333333333;11;0,848484848484849;"Sim";84,8;"ALCANÇOU"
"PE";261180;132;132;11;11;1;"Sim";100;"ALCANÇOU"
"PE";261190;128;132;10,6666666666667;11;0,96969696969697;"Sim";97;"ALCANÇOU"
"PE";261200;71;96;5,91666666666667;8;0,739583333333333;"Não";74;"NÃO ALCANÇOU"
"PE";261210;83;88;6,91666666666667;7,33333333333333;0,943181818181818;"Sim";94,3;"ALCANÇOU"
"PE";261220;252;252;21;21;1;"Sim";100;"ALCANÇOU"
"PE";261230;96;96;8;8;1;"Sim";100;"ALCANÇOU"
"PE";261240;120;127;10;10,5833333333333;0,94488188976378;"Sim";94,5;"ALCANÇOU"
"PE";261245;72;72;6;6;1;"Sim";100;"ALCANÇOU"
"PE";261247;72;72;6;6;1;"Sim";100;"ALCANÇOU"
"PE";261250;285;285;23,75;23,75;1;"Sim";100;"ALCANÇOU"
"PE";261255;72;72;6;6;1;"Sim";100;"ALCANÇOU"
"PE";261260;157;164;13,0833333333333;13,6666666666667;0,957317073170732;"Sim";95,7;"ALCANÇOU"
"PE";261270;84;100;7;8,33333333333333;0,84;"Sim";84;"ALCANÇOU"
"PE";261280;72;72;6;6;1;"Sim";100;"ALCANÇOU"
"PE";261290;48;48;4;4;1;"Sim";100;"ALCANÇOU"
"PE";261300;132;144;11;12;0,916666666666667;"Sim";91,7;"ALCANÇOU"
"PE";261310;156;156;13;13;1;"Sim";100;"ALCANÇOU"
"PE";261320;132;144;11;12;0,916666666666667;"Sim";91,7;"ALCANÇOU"
"PE";261330;132;144;11;12;0,916666666666667;"Sim";91,7;"ALCANÇOU"
"PE";261340;108;108;9;9;1;"Sim";100;"ALCANÇOU"
"PE";261350;144;144;12;12;1;"Sim";100;"ALCANÇOU"
"PE";261360;183;185;15,25;15,4166666666667;0,989189189189189;"Sim";98,9;"ALCANÇOU"
"PE";261370;407;443;33,9166666666667;36,9166666666667;0,918735891647856;"Sim";91,9;"ALCANÇOU"
"PE";261380;58;84;4,83333333333333;7;0,69047619047619;"Não";69;"NÃO ALCANÇOU"
"PE";261390;296;320;24,6666666666667;26,6666666666667;0,925;"Sim";92,5;"ALCANÇOU"
"PE";261400;123;126;10,25;10,5;0,976190476190476;"Sim";97,6;"ALCANÇOU"
"PE";261410;204;204;17;17;1;"Sim";100;"ALCANÇOU"
"PE";261420;151;165;12,5833333333333;13,75;0,915151515151515;"Sim";91,5;"ALCANÇOU"
"PE";261430;72;72;6;6;1;"Sim";100;"ALCANÇOU"
"PE";261440;36;36;3;3;1;"Sim";100;"ALCANÇOU"
"PE";261450;249;258;20,75;21,5;0,965116279069767;"Sim";96,5;"ALCANÇOU"
"PE";261460;170;176;14,1666666666667;14,6666666666667;0,965909090909091;"Sim";96,6;"ALCANÇOU"
"PE";261470;72;84;6;7;0,857142857142857;"Sim";85,7;"ALCANÇOU"
"PE";261480;124;126;10,3333333333333;10,5;0,984126984126984;"Sim";98,4;"ALCANÇOU"
"PE";261485;120;132;10;11;0,909090909090909;"Sim";90,9;"ALCANÇOU"
"PE";261500;114;144;9,5;12;0,791666666666667;"Não";79,2;"NÃO ALCANÇOU"
"PE";261510;60;60;5;5;1;"Sim";100;"ALCANÇOU"
"PE";261520;48;48;4;4;1;"Sim";100;"ALCANÇOU"
"PE";261530;252;252;21;21;1;"Sim";100;"ALCANÇOU"
"PE";261540;105;110;8,75;9,16666666666667;0,954545454545455;"Sim";95,5;"ALCANÇOU"
"PE";261550;81;84;6,75;7;0,964285714285714;"Sim";96,4;"ALCANÇOU"
"PE";261560;143;144;11,9166666666667;12;0,993055555555556;"Sim";99,3;"ALCANÇOU"
"PE";261570;84;84;7;7;1;"Sim";100;"ALCANÇOU"
"PE";261580;109;130;9,08333333333333;10,8333333333333;0,838461538461538;"Sim";83,8;"ALCANÇOU"
"PE";261590;48;48;4;4;1;"Sim";100;"ALCANÇOU"
"PE";261600;130;132;10,8333333333333;11;0,984848484848485;"Sim";98,5;"ALCANÇOU"
"PE";261610;60;60;5;5;1;"Sim";100;"ALCANÇOU"
"PE";261618;47;60;3,91666666666667;5;0,783333333333333;"Não";78,3;"NÃO ALCANÇOU"
"PE";261620;108;108;9;9;1;"Sim";100;"ALCANÇOU"
"PE";261630;143;176;11,9166666666667;14,6666666666667;0,8125;"Sim";81,2;"ALCANÇOU"
"PE";261640;392;396;32,6666666666667;33;0,98989898989899;"Sim";99;"ALCANÇOU"
"PE";261650;84;96;7;8;0,875;"Sim";87,5;"ALCANÇOU"
"AL";270010;72;72;6;6;1;"Sim";100;"ALCANÇOU"
"AL";270020;99;112;8,25;9,33333333333333;0,883928571428571;"Sim";88,4;"ALCANÇOU"
"AL";270030;497;511;41,4166666666667;42,5833333333333;0,972602739726027;"Sim";97,3;"ALCANÇOU"
"AL";270040;228;228;19;19;1;"Sim";100;"ALCANÇOU"
"AL";270050;72;72;6;6;1;"Sim";100;"ALCANÇOU"
"AL";270060;48;48;4;4;1;"Sim";100;"ALCANÇOU"
"AL";270070;84;84;7;7;1;"Sim";100;"ALCANÇOU"
"AL";270080;24;24;2;2;1;"Sim";100;"ALCANÇOU"
"AL";270090;36;36;3;3;1;"Sim";100;"ALCANÇOU"
"AL";270100;132;132;11;11;1;"Sim";100;"ALCANÇOU"
"AL";270110;60;60;5;5;1;"Sim";100;"ALCANÇOU"
"AL";270120;60;60;5;5;1;"Sim";100;"ALCANÇOU"
"AL";270130;72;84;6;7;0,857142857142857;"Sim";85,7;"ALCANÇOU"
"AL";270135;35;36;2,91666666666667;3;0,972222222222222;"Sim";97,2;"ALCANÇOU"
"AL";270140;156;192;13;16;0,8125;"Sim";81,2;"ALCANÇOU"
"AL";270150;30;36;2,5;3;0,833333333333333;"Sim";83,3;"ALCANÇOU"
"AL";270160;87;95;7,25;7,91666666666667;0,91578947368421;"Sim";91,6;"ALCANÇOU"
"AL";270170;100;120;8,33333333333333;10;0,833333333333333;"Sim";83,3;"ALCANÇOU"
"AL";270180;56;60;4,66666666666667;5;0,933333333333333;"Sim";93,3;"ALCANÇOU"
"AL";270190;48;60;4;5;0,8;"Sim";80;"ALCANÇOU"
"AL";270200;60;60;5;5;1;"Sim";100;"ALCANÇOU"
"AL";270210;108;108;9;9;1;"Sim";100;"ALCANÇOU"
"AL";270220;36;36;3;3;1;"Sim";100;"ALCANÇOU"
"AL";270230;249;264;20,75;22;0,943181818181818;"Sim";94,3;"ALCANÇOU"
"AL";270235;121;132;10,0833333333333;11;0,916666666666667;"Sim";91,7;"ALCANÇOU"
"AL";270240;177;204;14,75;17;0,867647058823529;"Sim";86,8;"ALCANÇOU"
"AL";270250;60;60;5;5;1;"Sim";100;"ALCANÇOU"
"AL";270255;83;84;6,91666666666667;7;0,988095238095238;"Sim";98,8;"ALCANÇOU"
"AL";270260;107;108;8,91666666666667;9;0,990740740740741;"Sim";99,1;"ALCANÇOU"
"AL";270270;24;24;2;2;1;"Sim";100;"ALCANÇOU"
"AL";270280;60;60;5;5;1;"Sim";100;"ALCANÇOU"
"AL";270290;167;172;13,9166666666667;14,3333333333333;0,970930232558139;"Sim";97,1;"ALCANÇOU"
"AL";270300;72;72;6;6;1;"Sim";100;"ALCANÇOU"
"AL";270310;144;144;12;12;1;"Sim";100;"ALCANÇOU"
"AL";270320;120;132;10;11;0,909090909090909;"Sim";90,9;"ALCANÇOU"
"AL";270330;96;96;8;8;1;"Sim";100;"ALCANÇOU"
"AL";270340;36;36;3;3;1;"Sim";100;"ALCANÇOU"
"AL";270350;36;36;3;3;1;"Sim";100;"ALCANÇOU"
"AL";270360;48;48;4;4;1;"Sim";100;"ALCANÇOU"
"AL";270370;36;36;3;3;1;"Sim";100;"ALCANÇOU"
"AL";270375;72;72;6;6;1;"Sim";100;"ALCANÇOU"
"AL";270380;119;120;9,91666666666667;10;0,991666666666667;"Sim";99,2;"ALCANÇOU"
"AL";270390;19;24;1,58333333333333;2;0,791666666666667;"Não";79,2;"NÃO ALCANÇOU"
"AL";270400;112;122;9,33333333333333;10,1666666666667;0,918032786885246;"Sim";91,8;"ALCANÇOU"
"AL";270410;71;72;5,91666666666667;6;0,986111111111111;"Sim";98,6;"ALCANÇOU"
"AL";270420;156;156;13;13;1;"Sim";100;"ALCANÇOU"
"AL";270430;953;982;79,4166666666667;81,8333333333333;0,970468431771894;"Sim";97;"ALCANÇOU"
"AL";270440;82;84;6,83333333333333;7;0,976190476190476;"Sim";97,6;"ALCANÇOU"
"AL";270450;133;144;11,0833333333333;12;0,923611111111111;"Sim";92,4;"ALCANÇOU"
"AL";270460;48;48;4;4;1;"Sim";100;"ALCANÇOU"
"AL";270470;216;228;18;19;0,947368421052632;"Sim";94,7;"ALCANÇOU"
"AL";270480;64;64;5,33333333333333;5,33333333333333;1;"Sim";100;"ALCANÇOU"
"AL";270490;24;24;2;2;1;"Sim";100;"ALCANÇOU"
"AL";270500;102;102;8,5;8,5;1;"Sim";100;"ALCANÇOU"
"AL";270510;93;108;7,75;9;0,861111111111111;"Sim";86,1;"ALCANÇOU"
"AL";270520;70;72;5,83333333333333;6;0,972222222222222;"Sim";97,2;"ALCANÇOU"
"AL";270530;36;36;3;3;1;"Sim";100;"ALCANÇOU"
"AL";270540;48;48;4;4;1;"Sim";100;"ALCANÇOU"
"AL";270550;120;132;10;11;0,909090909090909;"Sim";90,9;"ALCANÇOU"
"AL";270560;60;72;5;6;0,833333333333333;"Sim";83,3;"ALCANÇOU"
"AL";270570;96;96;8;8;1;"Sim";100;"ALCANÇOU"
"AL";270580;25;32;2,08333333333333;2,66666666666667;0,78125;"Não";78,1;"NÃO ALCANÇOU"
"AL";270590;33;36;2,75;3;0,916666666666667;"Sim";91,7;"ALCANÇOU"
"AL";270600;60;60;5;5;1;"Sim";100;"ALCANÇOU"
"AL";270610;48;48;4;4;1;"Sim";100;"ALCANÇOU"
"AL";270620;36;36;3;3;1;"Sim";100;"ALCANÇOU"
"AL";270630;298;300;24,8333333333333;25;0,993333333333333;"Sim";99,3;"ALCANÇOU"
"AL";270640;120;123;10;10,25;0,975609756097561;"Sim";97,6;"ALCANÇOU"
"AL";270642;79;96;6,58333333333333;8;0,822916666666667;"Sim";82,3;"ALCANÇOU"
"AL";270644;46;48;3,83333333333333;4;0,958333333333333;"Sim";95,8;"ALCANÇOU"
"AL";270650;71;72;5,91666666666667;6;0,986111111111111;"Sim";98,6;"ALCANÇOU"
"AL";270660;47;55;3,91666666666667;4,58333333333333;0,854545454545454;"Sim";85,5;"ALCANÇOU"
"AL";270670;253;264;21,0833333333333;22;0,958333333333333;"Sim";95,8;"ALCANÇOU"
"AL";270680;72;72;6;6;1;"Sim";100;"ALCANÇOU"
"AL";270690;156;156;13;13;1;"Sim";100;"ALCANÇOU"
"AL";270700;12;12;1;1;1;"Sim";100;"ALCANÇOU"
"AL";270710;72;72;6;6;1;"Sim";100;"ALCANÇOU"
"AL";270720;72;72;6;6;1;"Sim";100;"ALCANÇOU"
"AL";270730;132;144;11;12;0,916666666666667;"Sim";91,7;"ALCANÇOU"
"AL";270740;48;60;4;5;0,8;"Sim";80;"ALCANÇOU"
"AL";270750;120;120;10;10;1;"Sim";100;"ALCANÇOU"
"AL";270760;48;60;4;5;0,8;"Sim";80;"ALCANÇOU"
"AL";270770;298;298;24,8333333333333;24,8333333333333;1;"Sim";100;"ALCANÇOU"
"AL";270780;23;24;1,91666666666667;2;0,958333333333333;"Sim";95,8;"ALCANÇOU"
"AL";270790;48;48;4;4;1;"Sim";100;"ALCANÇOU"
"AL";270800;218;224;18,1666666666667;18,6666666666667;0,973214285714286;"Sim";97,3;"ALCANÇOU"
"AL";270810;60;60;5;5;1;"Sim";100;"ALCANÇOU"
"AL";270820;36;36;3;3;1;"Sim";100;"ALCANÇOU"
"AL";270830;119;120;9,91666666666667;10;0,991666666666667;"Sim";99,2;"ALCANÇOU"
"AL";270840;180;180;15;15;1;"Sim";100;"ALCANÇOU"
"AL";270850;120;120;10;10;1;"Sim";100;"ALCANÇOU"
"AL";270860;156;156;13;13;1;"Sim";100;"ALCANÇOU"
"AL";270870;48;48;4;4;1;"Sim";100;"ALCANÇOU"
"AL";270880;262;346;21,8333333333333;28,8333333333333;0,757225433526012;"Não";75,7;"NÃO ALCANÇOU"
"AL";270890;92;100;7,66666666666667;8,33333333333333;0,92;"Sim";92;"ALCANÇOU"
"AL";270895;60;60;5;5;1;"Sim";100;"ALCANÇOU"
"AL";270900;36;36;3;3;1;"Sim";100;"ALCANÇOU"
"AL";270910;93;93;7,75;7,75;1;"Sim";100;"ALCANÇOU"
"AL";270915;237;240;19,75;20;0,9875;"Sim";98,8;"ALCANÇOU"
"AL";270920;134;135;11,1666666666667;11,25;0,992592592592593;"Sim";99,3;"ALCANÇOU"
"AL";270930;228;228;19;19;1;"Sim";100;"ALCANÇOU"
"AL";270940;120;120;10;10;1;"Sim";100;"ALCANÇOU"
"SE";280010;12;12;1;1;1;"Sim";100;"ALCANÇOU"
"SE";280020;84;96;7;8;0,875;"Sim";87,5;"ALCANÇOU"
"SE";280030;540;540;45;45;1;"Sim";100;"ALCANÇOU"
"SE";280040;12;12;1;1;1;"Sim";100;"ALCANÇOU"
"SE";280050;12;12;1;1;1;"Sim";100;"ALCANÇOU"
"SE";280060;84;84;7;7;1;"Sim";100;"ALCANÇOU"
"SE";280067;82;84;6,83333333333333;7;0,976190476190476;"Sim";97,6;"ALCANÇOU"
"SE";280070;12;12;1;1;1;"Sim";100;"ALCANÇOU"
"SE";280100;12;12;1;1;1;"Sim";100;"ALCANÇOU"
"SE";280110;12;12;1;1;1;"Sim";100;"ALCANÇOU"
"SE";280120;108;108;9;9;1;"Sim";100;"ALCANÇOU"
"SE";280130;24;24;2;2;1;"Sim";100;"ALCANÇOU"
"SE";280140;12;12;1;1;1;"Sim";100;"ALCANÇOU"
"SE";280150;48;48;4;4;1;"Sim";100;"ALCANÇOU"
"SE";280160;12;12;1;1;1;"Sim";100;"ALCANÇOU"
"SE";280170;35;36;2,91666666666667;3;0,972222222222222;"Sim";97,2;"ALCANÇOU"
"SE";280190;12;12;1;1;1;"Sim";100;"ALCANÇOU"
"SE";280200;23;24;1,91666666666667;2;0,958333333333333;"Sim";95,8;"ALCANÇOU"
"SE";280210;128;132;10,6666666666667;11;0,96969696969697;"Sim";97;"ALCANÇOU"
"SE";280220;12;12;1;1;1;"Sim";100;"ALCANÇOU"
"SE";280230;36;36;3;3;1;"Sim";100;"ALCANÇOU"
"SE";280240;12;12;1;1;1;"Sim";100;"ALCANÇOU"
"SE";280250;12;12;1;1;1;"Sim";100;"ALCANÇOU"
"SE";280260;12;12;1;1;1;"Sim";100;"ALCANÇOU"
"SE";280270;36;36;3;3;1;"Sim";100;"ALCANÇOU"
"SE";280280;34;36;2,83333333333333;3;0,944444444444444;"Sim";94,4;"ALCANÇOU"
"SE";280290;144;144;12;12;1;"Sim";100;"ALCANÇOU"
"SE";280300;120;132;10;11;0,909090909090909;"Sim";90,9;"ALCANÇOU"
"SE";280310;12;12;1;1;1;"Sim";100;"ALCANÇOU"
"SE";280320;45;45;3,75;3,75;1;"Sim";100;"ALCANÇOU"
"SE";280330;24;24;2;2;1;"Sim";100;"ALCANÇOU"
"SE";280340;73;73;6,08333333333333;6,08333333333333;1;"Sim";100;"ALCANÇOU"
"SE";280350;85;88;7,08333333333333;7,33333333333333;0,965909090909091;"Sim";96,6;"ALCANÇOU"
"SE";280360;96;96;8;8;1;"Sim";100;"ALCANÇOU"
"SE";280370;15;15;1,25;1,25;1;"Sim";100;"ALCANÇOU"
"SE";280380;24;24;2;2;1;"Sim";100;"ALCANÇOU"
"SE";280390;12;12;1;1;1;"Sim";100;"ALCANÇOU"
"SE";280400;12;12;1;1;1;"Sim";100;"ALCANÇOU"
"SE";280410;12;12;1;1;1;"Sim";100;"ALCANÇOU"
"SE";280420;36;36;3;3;1;"Sim";100;"ALCANÇOU"
"SE";280430;36;36;3;3;1;"Sim";100;"ALCANÇOU"
"SE";280440;46;48;3,83333333333333;4;0,958333333333333;"Sim";95,8;"ALCANÇOU"
"SE";280445;12;12;1;1;1;"Sim";100;"ALCANÇOU"
"SE";280450;83;84;6,91666666666667;7;0,988095238095238;"Sim";98,8;"ALCANÇOU"
"SE";280460;76;76;6,33333333333333;6,33333333333333;1;"Sim";100;"ALCANÇOU"
"SE";280470;24;24;2;2;1;"Sim";100;"ALCANÇOU"
"SE";280480;298;312;24,8333333333333;26;0,955128205128205;"Sim";95,5;"ALCANÇOU"
"SE";280490;12;12;1;1;1;"Sim";100;"ALCANÇOU"
"SE";280500;12;12;1;1;1;"Sim";100;"ALCANÇOU"
"SE";280510;12;12;1;1;1;"Sim";100;"ALCANÇOU"
"SE";280520;12;12;1;1;1;"Sim";100;"ALCANÇOU"
"SE";280530;12;12;1;1;1;"Sim";100;"ALCANÇOU"
"SE";280540;93;96;7,75;8;0,96875;"Sim";96,9;"ALCANÇOU"
"SE";280550;12;12;1;1;1;"Sim";100;"ALCANÇOU"
"SE";280560;12;12;1;1;1;"Sim";100;"ALCANÇOU"
"SE";280570;84;84;7;7;1;"Sim";100;"ALCANÇOU"
"SE";280580;12;12;1;1;1;"Sim";100;"ALCANÇOU"
"SE";280590;29;31;2,41666666666667;2,58333333333333;0,935483870967742;"Sim";93,5;"ALCANÇOU"
"SE";280600;12;12;1;1;1;"Sim";100;"ALCANÇOU"
"SE";280610;48;48;4;4;1;"Sim";100;"ALCANÇOU"
"SE";280620;60;60;5;5;1;"Sim";100;"ALCANÇOU"
"SE";280630;36;36;3;3;1;"Sim";100;"ALCANÇOU"
"SE";280640;35;36;2,91666666666667;3;0,972222222222222;"Sim";97,2;"ALCANÇOU"
"SE";280650;24;24;2;2;1;"Sim";100;"ALCANÇOU"
"SE";280660;0;0;0;0;;;;"NÃO ALCANÇOU"
"SE";280670;218;218;18,1666666666667;18,1666666666667;1;"Sim";100;"ALCANÇOU"
"SE";280680;9;12;0,75;1;0,75;"Não";75;"NÃO ALCANÇOU"
"SE";280690;24;24;2;2;1;"Sim";100;"ALCANÇOU"
"SE";280700;4;4;0,333333333333333;0,333333333333333;1;"Sim";100;"ALCANÇOU"
"SE";280710;108;108;9;9;1;"Sim";100;"ALCANÇOU"
"SE";280720;12;12;1;1;1;"Sim";100;"ALCANÇOU"
"SE";280730;12;12;1;1;1;"Sim";100;"ALCANÇOU"
"SE";280740;119;120;9,91666666666667;10;0,991666666666667;"Sim";99,2;"ALCANÇOU"
"SE";280750;12;12;1;1;1;"Sim";100;"ALCANÇOU"
"SE";280760;36;52;3;4,33333333333333;0,692307692307692;"Não";69,2;"NÃO ALCANÇOU"
"BA";290010;60;60;5;5;1;"Sim";100;"ALCANÇOU"
"BA";290020;32;32;2,66666666666667;2,66666666666667;1;"Sim";100;"ALCANÇOU"
"BA";290030;0;0;0;0;;;;"NÃO ALCANÇOU"
"BA";290035;72;72;6;6;1;"Sim";100;"ALCANÇOU"
"BA";290040;108;114;9;9,5;0,947368421052632;"Sim";94,7;"ALCANÇOU"
"BA";290050;48;60;4;5;0,8;"Sim";80;"ALCANÇOU"
"BA";290060;24;24;2;2;1;"Sim";100;"ALCANÇOU"
"BA";290070;457;471;38,0833333333333;39,25;0,970276008492569;"Sim";97;"ALCANÇOU"
"BA";290080;120;120;10;10;1;"Sim";100;"ALCANÇOU"
"BA";290090;17;17;1,41666666666667;1,41666666666667;1;"Sim";100;"ALCANÇOU"
"BA";290100;141;144;11,75;12;0,979166666666667;"Sim";97,9;"ALCANÇOU"
"BA";290110;84;87;7;7,25;0,96551724137931;"Sim";96,6;"ALCANÇOU"
"BA";290115;96;105;8;8,75;0,914285714285714;"Sim";91,4;"ALCANÇOU"
"BA";290120;99;132;8,25;11;0,75;"Não";75;"NÃO ALCANÇOU"
"BA";290130;60;60;5;5;1;"Sim";100;"ALCANÇOU"
"BA";290135;46;48;3,83333333333333;4;0,958333333333333;"Sim";95,8;"ALCANÇOU"
"BA";290140;12;12;1;1;1;"Sim";100;"ALCANÇOU"
"BA";290150;12;24;1;2;0,5;"Não";50;"NÃO ALCANÇOU"
"BA";290160;18;18;1,5;1,5;1;"Sim";100;"ALCANÇOU"
"BA";290170;59;60;4,91666666666667;5;0,983333333333333;"Sim";98,3;"ALCANÇOU"
"BA";290180;60;72;5;6;0,833333333333333;"Sim";83,3;"ALCANÇOU"
"BA";290190;0;0;0;0;;;;"NÃO ALCANÇOU"
"BA";290195;27;27;2,25;2,25;1;"Sim";100;"ALCANÇOU"
"BA";290200;72;81;6;6,75;0,888888888888889;"Sim";88,9;"ALCANÇOU"
"BA";290205;24;24;2;2;1;"Sim";100;"ALCANÇOU"
"BA";290210;213;216;17,75;18;0,986111111111111;"Sim";98,6;"ALCANÇOU"
"BA";290220;12;24;1;2;0,5;"Não";50;"NÃO ALCANÇOU"
"BA";290225;59;60;4,91666666666667;5;0,983333333333333;"Sim";98,3;"ALCANÇOU"
"BA";290230;0;0;0;0;;;;"NÃO ALCANÇOU"
"BA";290240;72;72;6;6;1;"Sim";100;"ALCANÇOU"
"BA";290250;68;72;5,66666666666667;6;0,944444444444444;"Sim";94,4;"ALCANÇOU"
"BA";290260;72;72;6;6;1;"Sim";100;"ALCANÇOU"
"BA";290265;76;76;6,33333333333333;6,33333333333333;1;"Sim";100;"ALCANÇOU"
"BA";290270;60;60;5;5;1;"Sim";100;"ALCANÇOU"
"BA";290280;108;108;9;9;1;"Sim";100;"ALCANÇOU"
"BA";290290;144;144;12;12;1;"Sim";100;"ALCANÇOU"
"BA";290300;59;72;4,91666666666667;6;0,819444444444444;"Sim";81,9;"ALCANÇOU"
"BA";290310;36;36;3;3;1;"Sim";100;"ALCANÇOU"
"BA";290320;166;235;13,8333333333333;19,5833333333333;0,706382978723404;"Não";70,6;"NÃO ALCANÇOU"
"BA";290323;72;79;6;6,58333333333333;0,911392405063291;"Sim";91,1;"ALCANÇOU"
"BA";290327;92;96;7,66666666666667;8;0,958333333333333;"Sim";95,8;"ALCANÇOU"
"BA";290330;36;48;3;4;0,75;"Não";75;"NÃO ALCANÇOU"
"BA";290340;100;123;8,33333333333333;10,25;0,813008130081301;"Sim";81,3;"ALCANÇOU"
"BA";290350;72;72;6;6;1;"Sim";100;"ALCANÇOU"
"BA";290360;24;36;2;3;0,666666666666667;"Não";66,7;"NÃO ALCANÇOU"
"BA";290370;0;0;0;0;;;;"NÃO ALCANÇOU"
"BA";290380;92;96;7,66666666666667;8;0,958333333333333;"Sim";95,8;"ALCANÇOU"
"BA";290390;230;276;19,1666666666667;23;0,833333333333333;"Sim";83,3;"ALCANÇOU"
"BA";290395;37;44;3,08333333333333;3,66666666666667;0,840909090909091;"Sim";84,1;"ALCANÇOU"
"BA";290400;12;12;1;1;1;"Sim";100;"ALCANÇOU"
"BA";290405;82;128;6,83333333333333;10,6666666666667;0,640625;"Não";64,1;"NÃO ALCANÇOU"
"BA";290410;36;36;3;3;1;"Sim";100;"ALCANÇOU"
"BA";290420;12;12;1;1;1;"Sim";100;"ALCANÇOU"
"BA";290430;72;72;6;6;1;"Sim";100;"ALCANÇOU"
"BA";290440;0;0;0;0;;;;"NÃO ALCANÇOU"
"BA";290450;60;68;5;5,66666666666667;0,882352941176471;"Sim";88,2;"ALCANÇOU"
"BA";290460;114;138;9,5;11,5;0,826086956521739;"Sim";82,6;"ALCANÇOU"
"BA";290470;0;0;0;0;;;;"NÃO ALCANÇOU"
"BA";290475;36;36;3;3;1;"Sim";100;"ALCANÇOU"
"BA";290480;36;36;3;3;1;"Sim";100;"ALCANÇOU"
"BA";290485;96;96;8;8;1;"Sim";100;"ALCANÇOU"
"BA";290490;154;156;12,8333333333333;13;0,987179487179487;"Sim";98,7;"ALCANÇOU"
"BA";290500;32;45;2,66666666666667;3,75;0,711111111111111;"Não";71,1;"NÃO ALCANÇOU"
"BA";290510;48;48;4;4;1;"Sim";100;"ALCANÇOU"
"BA";290515;72;72;6;6;1;"Sim";100;"ALCANÇOU"
"BA";290520;142;168;11,8333333333333;14;0,845238095238095;"Sim";84,5;"ALCANÇOU"
"BA";290530;94;106;7,83333333333333;8,83333333333333;0,886792452830189;"Sim";88,7;"ALCANÇOU"
"BA";290540;72;123;6;10,25;0,585365853658537;"Não";58,5;"NÃO ALCANÇOU"
"BA";290550;60;60;5;5;1;"Sim";100;"ALCANÇOU"
"BA";290560;0;12;0;1;0;"Não";0;"NÃO ALCANÇOU"
"BA";290570;515;530;42,9166666666667;44,1666666666667;0,971698113207547;"Sim";97,2;"ALCANÇOU"
"BA";290580;171;195;14,25;16,25;0,876923076923077;"Sim";87,7;"ALCANÇOU"
"BA";290590;96;96;8;8;1;"Sim";100;"ALCANÇOU"
"BA";290600;12;12;1;1;1;"Sim";100;"ALCANÇOU"
"BA";290610;26;60;2,16666666666667;5;0,433333333333333;"Não";43,3;"NÃO ALCANÇOU"
"BA";290620;96;96;8;8;1;"Sim";100;"ALCANÇOU"
"BA";290630;35;36;2,91666666666667;3;0,972222222222222;"Sim";97,2;"ALCANÇOU"
"BA";290640;48;48;4;4;1;"Sim";100;"ALCANÇOU"
"BA";290650;203;248;16,9166666666667;20,6666666666667;0,818548387096774;"Sim";81,9;"ALCANÇOU"
"BA";290660;48;48;4;4;1;"Sim";100;"ALCANÇOU"
"BA";290670;112;130;9,33333333333333;10,8333333333333;0,861538461538462;"Sim";86,2;"ALCANÇOU"
"BA";290680;156;165;13;13,75;0,945454545454545;"Sim";94,5;"ALCANÇOU"
"BA";290682;30;30;2,5;2,5;1;"Sim";100;"ALCANÇOU"
"BA";290685;61;62;5,08333333333333;5,16666666666667;0,983870967741935;"Sim";98,4;"ALCANÇOU"
"BA";290687;96;96;8;8;1;"Sim";100;"ALCANÇOU"
"BA";290689;48;48;4;4;1;"Sim";100;"ALCANÇOU"
"BA";290690;108;132;9;11;0,818181818181818;"Sim";81,8;"ALCANÇOU"
"BA";290700;48;48;4;4;1;"Sim";100;"ALCANÇOU"
"BA";290710;35;48;2,91666666666667;4;0,729166666666667;"Não";72,9;"NÃO ALCANÇOU"
"BA";290720;103;108;8,58333333333333;9;0,953703703703704;"Sim";95,4;"ALCANÇOU"
"BA";290730;108;114;9;9,5;0,947368421052632;"Sim";94,7;"ALCANÇOU"
"BA";290740;3;3;0,25;0,25;1;"Sim";100;"ALCANÇOU"
"BA";290750;180;180;15;15;1;"Sim";100;"ALCANÇOU"
"BA";290755;36;36;3;3;1;"Sim";100;"ALCANÇOU"
"BA";290760;73;74;6,08333333333333;6,16666666666667;0,986486486486487;"Sim";98,6;"ALCANÇOU"
"BA";290770;48;60;4;5;0,8;"Sim";80;"ALCANÇOU"
"BA";290780;12;12;1;1;1;"Sim";100;"ALCANÇOU"
"BA";290790;0;0;0;0;;;;"NÃO ALCANÇOU"
"BA";290800;92;96;7,66666666666667;8;0,958333333333333;"Sim";95,8;"ALCANÇOU"
"BA";290810;60;60;5;5;1;"Sim";100;"ALCANÇOU"
"BA";290820;95;96;7,91666666666667;8;0,989583333333333;"Sim";99;"ALCANÇOU"
"BA";290830;72;72;6;6;1;"Sim";100;"ALCANÇOU"
"BA";290840;207;240;17,25;20;0,8625;"Sim";86,2;"ALCANÇOU"
"BA";290850;134;136;11,1666666666667;11,3333333333333;0,985294117647059;"Sim";98,5;"ALCANÇOU"
"BA";290860;96;96;8;8;1;"Sim";100;"ALCANÇOU"
"BA";290870;96;120;8;10;0,8;"Sim";80;"ALCANÇOU"
"BA";290880;24;24;2;2;1;"Sim";100;"ALCANÇOU"
"BA";290890;15;26;1,25;2,16666666666667;0,576923076923077;"Não";57,7;"NÃO ALCANÇOU"
"BA";290900;48;48;4;4;1;"Sim";100;"ALCANÇOU"
"BA";290910;72;72;6;6;1;"Sim";100;"ALCANÇOU"
"BA";290920;12;12;1;1;1;"Sim";100;"ALCANÇOU"
"BA";290930;0;0;0;0;;;;"NÃO ALCANÇOU"
"BA";290940;0;0;0;0;;;;"NÃO ALCANÇOU"
"BA";290950;36;36;3;3;1;"Sim";100;"ALCANÇOU"
"BA";290960;14;16;1,16666666666667;1,33333333333333;0,875;"Sim";87,5;"ALCANÇOU"
"BA";290970;69;72;5,75;6;0,958333333333333;"Sim";95,8;"ALCANÇOU"
"BA";290980;193;216;16,0833333333333;18;0,893518518518518;"Sim";89,4;"ALCANÇOU"
"BA";290990;158;182;13,1666666666667;15,1666666666667;0,868131868131868;"Sim";86,8;"ALCANÇOU"
"BA";291000;18;18;1,5;1,5;1;"Sim";100;"ALCANÇOU"
"BA";291005;183;186;15,25;15,5;0,983870967741935;"Sim";98,4;"ALCANÇOU"
"BA";291010;63;66;5,25;5,5;0,954545454545455;"Sim";95,5;"ALCANÇOU"
"BA";291020;3;3;0,25;0,25;1;"Sim";100;"ALCANÇOU"
"BA";291030;36;36;3;3;1;"Sim";100;"ALCANÇOU"
"BA";291040;96;108;8;9;0,888888888888889;"Sim";88,9;"ALCANÇOU"
"BA";291050;87;87;7,25;7,25;1;"Sim";100;"ALCANÇOU"
"BA";291060;144;144;12;12;1;"Sim";100;"ALCANÇOU"
"BA";291070;247;256;20,5833333333333;21,3333333333333;0,96484375;"Sim";96,5;"ALCANÇOU"
"BA";291072;274;293;22,8333333333333;24,4166666666667;0,935153583617747;"Sim";93,5;"ALCANÇOU"
"BA";291075;30;32;2,5;2,66666666666667;0,9375;"Sim";93,8;"ALCANÇOU"
"BA";291077;12;12;1;1;1;"Sim";100;"ALCANÇOU"
"BA";291080;1248;1269;104;105,75;0,983451536643026;"Sim";98,3;"ALCANÇOU"
"BA";291085;96;96;8;8;1;"Sim";100;"ALCANÇOU"
"BA";291090;36;36;3;3;1;"Sim";100;"ALCANÇOU"
"BA";291100;15;15;1,25;1,25;1;"Sim";100;"ALCANÇOU"
"BA";291110;60;120;5;10;0,5;"Não";50;"NÃO ALCANÇOU"
"BA";291120;144;144;12;12;1;"Sim";100;"ALCANÇOU"
"BA";291125;23;24;1,91666666666667;2;0,958333333333333;"Sim";95,8;"ALCANÇOU"
"BA";291130;48;57;4;4,75;0,842105263157895;"Sim";84,2;"ALCANÇOU"
"BA";291140;0;0;0;0;;;;"NÃO ALCANÇOU"
"BA";291150;47;48;3,91666666666667;4;0,979166666666667;"Sim";97,9;"ALCANÇOU"
"BA";291160;108;108;9;9;1;"Sim";100;"ALCANÇOU"
"BA";291165;60;60;5;5;1;"Sim";100;"ALCANÇOU"
"BA";291170;253;264;21,0833333333333;22;0,958333333333333;"Sim";95,8;"ALCANÇOU"
"BA";291180;27;60;2,25;5;0,45;"Não";45;"NÃO ALCANÇOU"
"BA";291185;12;12;1;1;1;"Sim";100;"ALCANÇOU"
"BA";291190;133;144;11,0833333333333;12;0,923611111111111;"Sim";92,4;"ALCANÇOU"
"BA";291200;24;24;2;2;1;"Sim";100;"ALCANÇOU"
"BA";291210;132;132;11;11;1;"Sim";100;"ALCANÇOU"
"BA";291220;108;108;9;9;1;"Sim";100;"ALCANÇOU"
"BA";291230;96;96;8;8;1;"Sim";100;"ALCANÇOU"
"BA";291240;83;105;6,91666666666667;8,75;0,79047619047619;"Não";79;"NÃO ALCANÇOU"
"BA";291250;72;72;6;6;1;"Sim";100;"ALCANÇOU"
"BA";291260;12;12;1;1;1;"Sim";100;"ALCANÇOU"
"BA";291270;92;92;7,66666666666667;7,66666666666667;1;"Sim";100;"ALCANÇOU"
"BA";291280;48;48;4;4;1;"Sim";100;"ALCANÇOU"
"BA";291290;84;84;7;7;1;"Sim";100;"ALCANÇOU"
"BA";291300;84;84;7;7;1;"Sim";100;"ALCANÇOU"
"BA";291310;70;72;5,83333333333333;6;0,972222222222222;"Sim";97,2;"ALCANÇOU"
"BA";291320;84;84;7;7;1;"Sim";100;"ALCANÇOU"
"BA";291330;24;24;2;2;1;"Sim";100;"ALCANÇOU"
"BA";291340;75;105;6,25;8,75;0,714285714285714;"Não";71,4;"NÃO ALCANÇOU"
"BA";291345;84;86;7;7,16666666666667;0,976744186046512;"Sim";97,7;"ALCANÇOU"
"BA";291350;48;48;4;4;1;"Sim";100;"ALCANÇOU"
"BA";291360;186;219;15,5;18,25;0,849315068493151;"Sim";84,9;"ALCANÇOU"
"BA";291370;42;54;3,5;4,5;0,777777777777778;"Não";77,8;"NÃO ALCANÇOU"
"BA";291380;60;60;5;5;1;"Sim";100;"ALCANÇOU"
"BA";291390;90;90;7,5;7,5;1;"Sim";100;"ALCANÇOU"
"BA";291400;144;156;12;13;0,923076923076923;"Sim";92,3;"ALCANÇOU"
"BA";291410;0;0;0;0;;;;"NÃO ALCANÇOU"
"BA";291420;27;27;2,25;2,25;1;"Sim";100;"ALCANÇOU"
"BA";291430;45;45;3,75;3,75;1;"Sim";100;"ALCANÇOU"
"BA";291440;108;108;9;9;1;"Sim";100;"ALCANÇOU"
"BA";291450;108;122;9;10,1666666666667;0,885245901639344;"Sim";88,5;"ALCANÇOU"
"BA";291460;247;256;20,5833333333333;21,3333333333333;0,96484375;"Sim";96,5;"ALCANÇOU"
"BA";291465;151;176;12,5833333333333;14,6666666666667;0,857954545454545;"Sim";85,8;"ALCANÇOU"
"BA";291470;59;66;4,91666666666667;5,5;0,893939393939394;"Sim";89,4;"ALCANÇOU"
"BA";291480;376;388;31,3333333333333;32,3333333333333;0,969072164948454;"Sim";96,9;"ALCANÇOU"
"BA";291490;66;100;5,5;8,33333333333333;0,66;"Não";66;"NÃO ALCANÇOU"
"BA";291500;84;84;7;7;1;"Sim";100;"ALCANÇOU"
"BA";291510;10;10;0,833333333333333;0,833333333333333;1;"Sim";100;"ALCANÇOU"
"BA";291520;71;72;5,91666666666667;6;0,986111111111111;"Sim";98,6;"ALCANÇOU"
"BA";291530;24;36;2;3;0,666666666666667;"Não";66,7;"NÃO ALCANÇOU"
"BA";291535;12;12;1;1;1;"Sim";100;"ALCANÇOU"
"BA";291540;36;36;3;3;1;"Sim";100;"ALCANÇOU"
"BA";291550;78;96;6,5;8;0,8125;"Sim";81,2;"ALCANÇOU"
"BA";291560;196;261;16,3333333333333;21,75;0,75095785440613;"Não";75,1;"NÃO ALCANÇOU"
"BA";291570;36;48;3;4;0,75;"Não";75;"NÃO ALCANÇOU"
"BA";291580;84;84;7;7;1;"Sim";100;"ALCANÇOU"
"BA";291590;9;9;0,75;0,75;1;"Sim";100;"ALCANÇOU"
"BA";291600;96;96;8;8;1;"Sim";100;"ALCANÇOU"
"BA";291610;108;108;9;9;1;"Sim";100;"ALCANÇOU"
"BA";291620;60;72;5;6;0,833333333333333;"Sim";83,3;"ALCANÇOU"
"BA";291630;65;72;5,41666666666667;6;0,902777777777778;"Sim";90,3;"ALCANÇOU"
"BA";291640;144;168;12;14;0,857142857142857;"Sim";85,7;"ALCANÇOU"
"BA";291650;144;156;12;13;0,923076923076923;"Sim";92,3;"ALCANÇOU"
"BA";291660;36;48;3;4;0,75;"Não";75;"NÃO ALCANÇOU"
"BA";291670;48;48;4;4;1;"Sim";100;"ALCANÇOU"
"BA";291680;36;36;3;3;1;"Sim";100;"ALCANÇOU"
"BA";291685;85;96;7,08333333333333;8;0,885416666666667;"Sim";88,5;"ALCANÇOU"
"BA";291690;15;15;1,25;1,25;1;"Sim";100;"ALCANÇOU"
"BA";291700;148;148;12,3333333333333;12,3333333333333;1;"Sim";100;"ALCANÇOU"
"BA";291710;84;84;7;7;1;"Sim";100;"ALCANÇOU"
"BA";291720;120;132;10;11;0,909090909090909;"Sim";90,9;"ALCANÇOU"
"BA";291730;132;138;11;11,5;0,956521739130435;"Sim";95,7;"ALCANÇOU"
"BA";291733;48;48;4;4;1;"Sim";100;"ALCANÇOU"
"BA";291735;48;48;4;4;1;"Sim";100;"ALCANÇOU"
"BA";291740;36;36;3;3;1;"Sim";100;"ALCANÇOU"
"BA";291750;167;168;13,9166666666667;14;0,994047619047619;"Sim";99,4;"ALCANÇOU"
"BA";291760;18;18;1,5;1,5;1;"Sim";100;"ALCANÇOU"
"BA";291770;144;144;12;12;1;"Sim";100;"ALCANÇOU"
"BA";291780;120;120;10;10;1;"Sim";100;"ALCANÇOU"
"BA";291790;12;12;1;1;1;"Sim";100;"ALCANÇOU"
"BA";291800;350;371;29,1666666666667;30,9166666666667;0,943396226415094;"Sim";94,3;"ALCANÇOU"
"BA";291810;0;0;0;0;;;;"NÃO ALCANÇOU"
"BA";291820;63;64;5,25;5,33333333333333;0,984375;"Sim";98,4;"ALCANÇOU"
"BA";291830;72;72;6;6;1;"Sim";100;"ALCANÇOU"
"BA";291835;72;96;6;8;0,75;"Não";75;"NÃO ALCANÇOU"
"BA";291840;12;12;1;1;1;"Sim";100;"ALCANÇOU"
"BA";291845;60;60;5;5;1;"Sim";100;"ALCANÇOU"
"BA";291850;72;80;6;6,66666666666667;0,9;"Sim";90;"ALCANÇOU"
"BA";291855;36;44;3;3,66666666666667;0,818181818181818;"Sim";81,8;"ALCANÇOU"
"BA";291860;48;48;4;4;1;"Sim";100;"ALCANÇOU"
"BA";291870;24;24;2;2;1;"Sim";100;"ALCANÇOU"
"BA";291875;65;72;5,41666666666667;6;0,902777777777778;"Sim";90,3;"ALCANÇOU"
"BA";291880;108;108;9;9;1;"Sim";100;"ALCANÇOU"
"BA";291890;24;24;2;2;1;"Sim";100;"ALCANÇOU"
"BA";291900;0;0;0;0;;;;"NÃO ALCANÇOU"
"BA";291905;0;0;0;0;;;;"NÃO ALCANÇOU"
"BA";291910;15;15;1,25;1,25;1;"Sim";100;"ALCANÇOU"
"BA";291915;145;145;12,0833333333333;12,0833333333333;1;"Sim";100;"ALCANÇOU"
"BA";291920;202;216;16,8333333333333;18;0,935185185185185;"Sim";93,5;"ALCANÇOU"
"BA";291930;47;48;3,91666666666667;4;0,979166666666667;"Sim";97,9;"ALCANÇOU"
"BA";291940;35;36;2,91666666666667;3;0,972222222222222;"Sim";97,2;"ALCANÇOU"
"BA";291950;144;144;12;12;1;"Sim";100;"ALCANÇOU"
"BA";291955;0;0;0;0;;;;"NÃO ALCANÇOU"
"BA";291960;36;36;3;3;1;"Sim";100;"ALCANÇOU"
"BA";291970;60;60;5;5;1;"Sim";100;"ALCANÇOU"
"BA";291980;148;166;12,3333333333333;13,8333333333333;0,891566265060241;"Sim";89,2;"ALCANÇOU"
"BA";291990;0;0;0;0;;;;"NÃO ALCANÇOU"
"BA";291992;84;84;7;7;1;"Sim";100;"ALCANÇOU"
"BA";291995;58;60;4,83333333333333;5;0,966666666666667;"Sim";96,7;"ALCANÇOU"
"BA";292000;45;48;3,75;4;0,9375;"Sim";93,8;"ALCANÇOU"
"BA";292010;18;54;1,5;4,5;0,333333333333333;"Não";33,3;"NÃO ALCANÇOU"
"BA";292020;48;48;4;4;1;"Sim";100;"ALCANÇOU"
"BA";292030;41;56;3,41666666666667;4,66666666666667;0,732142857142857;"Não";73,2;"NÃO ALCANÇOU"
"BA";292040;30;30;2,5;2,5;1;"Sim";100;"ALCANÇOU"
"BA";292045;3;3;0,25;0,25;1;"Sim";100;"ALCANÇOU"
"BA";292050;63;75;5,25;6,25;0,84;"Sim";84;"ALCANÇOU"
"BA";292060;144;144;12;12;1;"Sim";100;"ALCANÇOU"
"BA";292070;72;72;6;6;1;"Sim";100;"ALCANÇOU"
"BA";292080;60;66;5;5,5;0,909090909090909;"Sim";90,9;"ALCANÇOU"
"BA";292090;84;84;7;7;1;"Sim";100;"ALCANÇOU"
"BA";292100;236;237;19,6666666666667;19,75;0,9957805907173;"Sim";99,6;"ALCANÇOU"
"BA";292105;36;36;3;3;1;"Sim";100;"ALCANÇOU"
"BA";292110;122;144;10,1666666666667;12;0,847222222222222;"Sim";84,7;"ALCANÇOU"
"BA";292120;44;44;3,66666666666667;3,66666666666667;1;"Sim";100;"ALCANÇOU"
"BA";292130;48;48;4;4;1;"Sim";100;"ALCANÇOU"
"BA";292140;53;57;4,41666666666667;4,75;0,929824561403509;"Sim";93;"ALCANÇOU"
"BA";292145;59;60;4,91666666666667;5;0,983333333333333;"Sim";98,3;"ALCANÇOU"
"BA";292150;180;180;15;15;1;"Sim";100;"ALCANÇOU"
"BA";292160;16;16;1,33333333333333;1,33333333333333;1;"Sim";100;"ALCANÇOU"
"BA";292170;208;220;17,3333333333333;18,3333333333333;0,945454545454545;"Sim";94,5;"ALCANÇOU"
"BA";292180;71;74;5,91666666666667;6,16666666666667;0,959459459459459;"Sim";95,9;"ALCANÇOU"
"BA";292190;72;72;6;6;1;"Sim";100;"ALCANÇOU"
"BA";292200;132;132;11;11;1;"Sim";100;"ALCANÇOU"
"BA";292205;48;60;4;5;0,8;"Sim";80;"ALCANÇOU"
"BA";292210;72;72;6;6;1;"Sim";100;"ALCANÇOU"
"BA";292220;16;18;1,33333333333333;1,5;0,888888888888889;"Sim";88,9;"ALCANÇOU"
"BA";292225;64;137;5,33333333333333;11,4166666666667;0,467153284671533;"Não";46,7;"NÃO ALCANÇOU"
"BA";292230;114;119;9,5;9,91666666666667;0,957983193277311;"Sim";95,8;"ALCANÇOU"
"BA";292240;93;96;7,75;8;0,96875;"Sim";96,9;"ALCANÇOU"
"BA";292250;48;48;4;4;1;"Sim";100;"ALCANÇOU"
"BA";292260;0;12;0;1;0;"Não";0;"NÃO ALCANÇOU"
"BA";292265;72;72;6;6;1;"Sim";100;"ALCANÇOU"
"BA";292270;108;108;9;9;1;"Sim";100;"ALCANÇOU"
"BA";292273;19;40;1,58333333333333;3,33333333333333;0,475;"Não";47,5;"NÃO ALCANÇOU"
"BA";292275;36;36;3;3;1;"Sim";100;"ALCANÇOU"
"BA";292280;24;24;2;2;1;"Sim";100;"ALCANÇOU"
"BA";292285;12;24;1;2;0,5;"Não";50;"NÃO ALCANÇOU"
"BA";292290;108;108;9;9;1;"Sim";100;"ALCANÇOU"
"BA";292300;144;168;12;14;0,857142857142857;"Sim";85,7;"ALCANÇOU"
"BA";292303;60;60;5;5;1;"Sim";100;"ALCANÇOU"
"BA";292305;66;72;5,5;6;0,916666666666667;"Sim";91,7;"ALCANÇOU"
"BA";292310;87;104;7,25;8,66666666666667;0,836538461538462;"Sim";83,7;"ALCANÇOU"
"BA";292320;104;148;8,66666666666667;12,3333333333333;0,702702702702703;"Não";70,3;"NÃO ALCANÇOU"
"BA";292330;24;24;2;2;1;"Sim";100;"ALCANÇOU"
"BA";292335;77;84;6,41666666666667;7;0,916666666666667;"Sim";91,7;"ALCANÇOU"
"BA";292340;12;12;1;1;1;"Sim";100;"ALCANÇOU"
"BA";292350;0;0;0;0;;;;"NÃO ALCANÇOU"
"BA";292360;104;140;8,66666666666667;11,6666666666667;0,742857142857143;"Não";74,3;"NÃO ALCANÇOU"
"BA";292370;144;144;12;12;1;"Sim";100;"ALCANÇOU"
"BA";292380;0;0;0;0;;;;"NÃO ALCANÇOU"
"BA";292390;48;48;4;4;1;"Sim";100;"ALCANÇOU"
"BA";292400;12;24;1;2;0,5;"Não";50;"NÃO ALCANÇOU"
"BA";292405;17;54;1,41666666666667;4,5;0,314814814814815;"Não";31,5;"NÃO ALCANÇOU"
"BA";292410;37;42;3,08333333333333;3,5;0,880952380952381;"Sim";88,1;"ALCANÇOU"
"BA";292420;59;72;4,91666666666667;6;0,819444444444444;"Sim";81,9;"ALCANÇOU"
"BA";292430;72;72;6;6;1;"Sim";100;"ALCANÇOU"
"BA";292440;70;80;5,83333333333333;6,66666666666667;0,875;"Sim";87,5;"ALCANÇOU"
"BA";292450;30;48;2,5;4;0,625;"Não";62,5;"NÃO ALCANÇOU"
"BA";292460;116;116;9,66666666666667;9,66666666666667;1;"Sim";100;"ALCANÇOU"
"BA";292465;59;60;4,91666666666667;5;0,983333333333333;"Sim";98,3;"ALCANÇOU"
"BA";292467;60;72;5;6;0,833333333333333;"Sim";83,3;"ALCANÇOU"
"BA";292470;72;72;6;6;1;"Sim";100;"ALCANÇOU"
"BA";292480;77;92;6,41666666666667;7,66666666666667;0,83695652173913;"Sim";83,7;"ALCANÇOU"
"BA";292490;0;0;0;0;;;;"NÃO ALCANÇOU"
"BA";292500;120;132;10;11;0,909090909090909;"Sim";90,9;"ALCANÇOU"
"BA";292510;132;132;11;11;1;"Sim";100;"ALCANÇOU"
"BA";292520;164;164;13,6666666666667;13,6666666666667;1;"Sim";100;"ALCANÇOU"
"BA";292525;106;106;8,83333333333333;8,83333333333333;1;"Sim";100;"ALCANÇOU"
"BA";292530;84;86;7;7,16666666666667;0,976744186046512;"Sim";97,7;"ALCANÇOU"
"BA";292540;47;60;3,91666666666667;5;0,783333333333333;"Não";78,3;"NÃO ALCANÇOU"
"BA";292550;155;190;12,9166666666667;15,8333333333333;0,815789473684211;"Sim";81,6;"ALCANÇOU"
"BA";292560;72;88;6;7,33333333333333;0,818181818181818;"Sim";81,8;"ALCANÇOU"
"BA";292570;84;96;7;8;0,875;"Sim";87,5;"ALCANÇOU"
"BA";292575;120;120;10;10;1;"Sim";100;"ALCANÇOU"
"BA";292580;12;12;1;1;1;"Sim";100;"ALCANÇOU"
"BA";292590;130;160;10,8333333333333;13,3333333333333;0,8125;"Sim";81,2;"ALCANÇOU"
"BA";292593;24;24;2;2;1;"Sim";100;"ALCANÇOU"
"BA";292595;120;122;10;10,1666666666667;0,983606557377049;"Sim";98,4;"ALCANÇOU"
"BA";292600;149;149;12,4166666666667;12,4166666666667;1;"Sim";100;"ALCANÇOU"
"BA";292610;75;84;6,25;7;0,892857142857143;"Sim";89,3;"ALCANÇOU"
"BA";292620;0;0;0;0;;;;"NÃO ALCANÇOU"
"BA";292630;137;144;11,4166666666667;12;0,951388888888889;"Sim";95,1;"ALCANÇOU"
"BA";292640;144;156;12;13;0,923076923076923;"Sim";92,3;"ALCANÇOU"
"BA";292650;72;72;6;6;1;"Sim";100;"ALCANÇOU"
"BA";292660;183;195;15,25;16,25;0,938461538461538;"Sim";93,8;"ALCANÇOU"
"BA";292665;35;45;2,91666666666667;3,75;0,777777777777778;"Não";77,8;"NÃO ALCANÇOU"
"BA";292670;72;72;6;6;1;"Sim";100;"ALCANÇOU"
"BA";292680;38;40;3,16666666666667;3,33333333333333;0,95;"Sim";95;"ALCANÇOU"
"BA";292690;66;72;5,5;6;0,916666666666667;"Sim";91,7;"ALCANÇOU"
"BA";292700;153;176;12,75;14,6666666666667;0,869318181818182;"Sim";86,9;"ALCANÇOU"
"BA";292710;36;60;3;5;0,6;"Não";60;"NÃO ALCANÇOU"
"BA";292720;120;120;10;10;1;"Sim";100;"ALCANÇOU"
"BA";292730;69;72;5,75;6;0,958333333333333;"Sim";95,8;"ALCANÇOU"
"BA";292740;1995;2023;166,25;168,583333333333;0,986159169550173;"Sim";98,6;"ALCANÇOU"
"BA";292750;72;72;6;6;1;"Sim";100;"ALCANÇOU"
"BA";292760;36;36;3;3;1;"Sim";100;"ALCANÇOU"
"BA";292770;42;42;3,5;3,5;1;"Sim";100;"ALCANÇOU"
"BA";292780;24;24;2;2;1;"Sim";100;"ALCANÇOU"
"BA";292790;48;48;4;4;1;"Sim";100;"ALCANÇOU"
"BA";292800;148;158;12,3333333333333;13,1666666666667;0,936708860759494;"Sim";93,7;"ALCANÇOU"
"BA";292805;51;51;4,25;4,25;1;"Sim";100;"ALCANÇOU"
"BA";292810;118;123;9,83333333333333;10,25;0,959349593495935;"Sim";95,9;"ALCANÇOU"
"BA";292820;0;0;0;0;;;;"NÃO ALCANÇOU"
"BA";292830;47;52;3,91666666666667;4,33333333333333;0,903846153846154;"Sim";90,4;"ALCANÇOU"
"BA";292840;0;0;0;0;;;;"NÃO ALCANÇOU"
"BA";292850;0;12;0;1;0;"Não";0;"NÃO ALCANÇOU"
"BA";292860;202;238;16,8333333333333;19,8333333333333;0,848739495798319;"Sim";84,9;"ALCANÇOU"
"BA";292870;282;282;23,5;23,5;1;"Sim";100;"ALCANÇOU"
"BA";292880;168;168;14;14;1;"Sim";100;"ALCANÇOU"
"BA";292890;156;156;13;13;1;"Sim";100;"ALCANÇOU"
"BA";292895;20;20;1,66666666666667;1,66666666666667;1;"Sim";100;"ALCANÇOU"
"BA";292900;72;72;6;6;1;"Sim";100;"ALCANÇOU"
"BA";292905;20;20;1,66666666666667;1,66666666666667;1;"Sim";100;"ALCANÇOU"
"BA";292910;18;18;1,5;1,5;1;"Sim";100;"ALCANÇOU"
"BA";292920;200;212;16,6666666666667;17,6666666666667;0,943396226415094;"Sim";94,3;"ALCANÇOU"
"BA";292925;83;84;6,91666666666667;7;0,988095238095238;"Sim";98,8;"ALCANÇOU"
"BA";292930;131;141;10,9166666666667;11,75;0,929078014184397;"Sim";92,9;"ALCANÇOU"
"BA";292935;36;56;3;4,66666666666667;0,642857142857143;"Não";64,3;"NÃO ALCANÇOU"
"BA";292937;48;48;4;4;1;"Sim";100;"ALCANÇOU"
"BA";292940;59;72;4,91666666666667;6;0,819444444444444;"Sim";81,9;"ALCANÇOU"
"BA";292950;191;192;15,9166666666667;16;0,994791666666667;"Sim";99,5;"ALCANÇOU"
"BA";292960;75;77;6,25;6,41666666666667;0,974025974025974;"Sim";97,4;"ALCANÇOU"
"BA";292970;23;42;1,91666666666667;3,5;0,547619047619048;"Não";54,8;"NÃO ALCANÇOU"
"BA";292975;60;60;5;5;1;"Sim";100;"ALCANÇOU"
"BA";292980;2;2;0,166666666666667;0,166666666666667;1;"Sim";100;"ALCANÇOU"
"BA";292990;117;125;9,75;10,4166666666667;0,936;"Sim";93,6;"ALCANÇOU"
"BA";293000;60;72;5;6;0,833333333333333;"Sim";83,3;"ALCANÇOU"
"BA";293010;275;330;22,9166666666667;27,5;0,833333333333333;"Sim";83,3;"ALCANÇOU"
"BA";293015;0;0;0;0;;;;"NÃO ALCANÇOU"
"BA";293020;84;84;7;7;1;"Sim";100;"ALCANÇOU"
"BA";293030;12;12;1;1;1;"Sim";100;"ALCANÇOU"
"BA";293040;84;86;7;7,16666666666667;0,976744186046512;"Sim";97,7;"ALCANÇOU"
"BA";293050;66;69;5,5;5,75;0,956521739130435;"Sim";95,7;"ALCANÇOU"
"BA";293060;51;51;4,25;4,25;1;"Sim";100;"ALCANÇOU"
"BA";293070;206;216;17,1666666666667;18;0,953703703703704;"Sim";95,4;"ALCANÇOU"
"BA";293075;0;0;0;0;;;;"NÃO ALCANÇOU"
"BA";293076;12;12;1;1;1;"Sim";100;"ALCANÇOU"
"BA";293077;90;96;7,5;8;0,9375;"Sim";93,8;"ALCANÇOU"
"BA";293080;21;21;1,75;1,75;1;"Sim";100;"ALCANÇOU"
"BA";293090;72;72;6;6;1;"Sim";100;"ALCANÇOU"
"BA";293100;102;120;8,5;10;0,85;"Sim";85;"ALCANÇOU"
"BA";293105;96;99;8;8,25;0,96969696969697;"Sim";97;"ALCANÇOU"
"BA";293110;36;36;3;3;1;"Sim";100;"ALCANÇOU"
"BA";293120;72;132;6;11;0,545454545454545;"Não";54,5;"NÃO ALCANÇOU"
"BA";293130;15;26;1,25;2,16666666666667;0,576923076923077;"Não";57,7;"NÃO ALCANÇOU"
"BA";293135;450;552;37,5;46;0,815217391304348;"Sim";81,5;"ALCANÇOU"
"BA";293140;48;48;4;4;1;"Sim";100;"ALCANÇOU"
"BA";293150;34;36;2,83333333333333;3;0,944444444444444;"Sim";94,4;"ALCANÇOU"
"BA";293160;84;87;7;7,25;0,96551724137931;"Sim";96,6;"ALCANÇOU"
"BA";293170;60;60;5;5;1;"Sim";100;"ALCANÇOU"
"BA";293180;96;108;8;9;0,888888888888889;"Sim";88,9;"ALCANÇOU"
"BA";293190;252;264;21;22;0,954545454545455;"Sim";95,5;"ALCANÇOU"
"BA";293200;71;74;5,91666666666667;6,16666666666667;0,959459459459459;"Sim";95,9;"ALCANÇOU"
"BA";293210;83;96;6,91666666666667;8;0,864583333333333;"Sim";86,5;"ALCANÇOU"
"BA";293220;96;100;8;8,33333333333333;0,96;"Sim";96;"ALCANÇOU"
"BA";293230;20;20;1,66666666666667;1,66666666666667;1;"Sim";100;"ALCANÇOU"
"BA";293240;0;0;0;0;;;;"NÃO ALCANÇOU"
"BA";293245;52;84;4,33333333333333;7;0,619047619047619;"Não";61,9;"NÃO ALCANÇOU"
"BA";293250;131;132;10,9166666666667;11;0,992424242424242;"Sim";99,2;"ALCANÇOU"
"BA";293260;22;22;1,83333333333333;1,83333333333333;1;"Sim";100;"ALCANÇOU"
"BA";293270;63;75;5,25;6,25;0,84;"Sim";84;"ALCANÇOU"
"BA";293280;0;0;0;0;;;;"NÃO ALCANÇOU"
"BA";293290;239;267;19,9166666666667;22,25;0,895131086142322;"Sim";89,5;"ALCANÇOU"
"BA";293300;123;156;10,25;13;0,788461538461538;"Não";78,8;"NÃO ALCANÇOU"
"BA";293305;72;72;6;6;1;"Sim";100;"ALCANÇOU"
"BA";293310;12;12;1;1;1;"Sim";100;"ALCANÇOU"
"BA";293315;25;27;2,08333333333333;2,25;0,925925925925926;"Sim";92,6;"ALCANÇOU"
"BA";293317;8;12;0,666666666666667;1;0,666666666666667;"Não";66,7;"NÃO ALCANÇOU"
"BA";293320;162;180;13,5;15;0,9;"Sim";90;"ALCANÇOU"
"BA";293325;36;36;3;3;1;"Sim";100;"ALCANÇOU"
"BA";293330;543;543;45,25;45,25;1;"Sim";100;"ALCANÇOU"
"BA";293340;24;24;2;2;1;"Sim";100;"ALCANÇOU"
"BA";293345;0;0;0;0;;;;"NÃO ALCANÇOU"
"BA";293350;95;96;7,91666666666667;8;0,989583333333333;"Sim";99;"ALCANÇOU"
"BA";293360;132;140;11;11,6666666666667;0,942857142857143;"Sim";94,3;"ALCANÇOU"
"MG";310010;24;24;2;2;1;"Sim";100;"ALCANÇOU"
"MG";310020;60;60;5;5;1;"Sim";100;"ALCANÇOU"
"MG";310030;21;21;1,75;1,75;1;"Sim";100;"ALCANÇOU"
"MG";310040;24;24;2;2;1;"Sim";100;"ALCANÇOU"
"MG";310050;12;12;1;1;1;"Sim";100;"ALCANÇOU"
"MG";310060;0;0;0;0;;;;"NÃO ALCANÇOU"
"MG";310070;0;0;0;0;;;;"NÃO ALCANÇOU"
"MG";310080;0;0;0;0;;;;"NÃO ALCANÇOU"
"MG";310090;68;108;5,66666666666667;9;0,62962962962963;"Não";63;"NÃO ALCANÇOU"
"MG";310100;0;0;0;0;;;;"NÃO ALCANÇOU"
"MG";310110;12;12;1;1;1;"Sim";100;"ALCANÇOU"
"MG";310120;12;12;1;1;1;"Sim";100;"ALCANÇOU"
"MG";310130;12;12;1;1;1;"Sim";100;"ALCANÇOU"
"MG";310140;4;4;0,333333333333333;0,333333333333333;1;"Sim";100;"ALCANÇOU"
"MG";310150;163;164;13,5833333333333;13,6666666666667;0,99390243902439;"Sim";99,4;"ALCANÇOU"
"MG";310160;60;72;5;6;0,833333333333333;"Sim";83,3;"ALCANÇOU"
"MG";310163;12;12;1;1;1;"Sim";100;"ALCANÇOU"
"MG";310170;0;18;0;1,5;0;"Não";0;"NÃO ALCANÇOU"
"MG";310180;36;36;3;3;1;"Sim";100;"ALCANÇOU"
"MG";310190;12;36;1;3;0,333333333333333;"Não";33,3;"NÃO ALCANÇOU"
"MG";310200;17;36;1,41666666666667;3;0,472222222222222;"Não";47,2;"NÃO ALCANÇOU"
"MG";310205;7;12;0,583333333333333;1;0,583333333333333;"Não";58,3;"NÃO ALCANÇOU"
"MG";310210;45;60;3,75;5;0,75;"Não";75;"NÃO ALCANÇOU"
"MG";310220;0;0;0;0;;;;"NÃO ALCANÇOU"
"MG";310230;0;0;0;0;;;;"NÃO ALCANÇOU"
"MG";310240;24;24;2;2;1;"Sim";100;"ALCANÇOU"
"MG";310250;0;0;0;0;;;;"NÃO ALCANÇOU"
"MG";310260;56;60;4,66666666666667;5;0,933333333333333;"Sim";93,3;"ALCANÇOU"
"MG";310270;72;72;6;6;1;"Sim";100;"ALCANÇOU"
"MG";310280;0;0;0;0;;;;"NÃO ALCANÇOU"
"MG";310285;8;8;0,666666666666667;0,666666666666667;1;"Sim";100;"ALCANÇOU"
"MG";310290;36;48;3;4;0,75;"Não";75;"NÃO ALCANÇOU"
"MG";310300;0;0;0;0;;;;"NÃO ALCANÇOU"
"MG";310310;12;12;1;1;1;"Sim";100;"ALCANÇOU"
"MG";310320;12;12;1;1;1;"Sim";100;"ALCANÇOU"
"MG";310330;0;0;0;0;;;;"NÃO ALCANÇOU"
"MG";310340;132;132;11;11;1;"Sim";100;"ALCANÇOU"
"MG";310350;270;270;22,5;22,5;1;"Sim";100;"ALCANÇOU"
"MG";310360;0;0;0;0;;;;"NÃO ALCANÇOU"
"MG";310370;24;24;2;2;1;"Sim";100;"ALCANÇOU"
"MG";310375;26;31;2,16666666666667;2,58333333333333;0,838709677419355;"Sim";83,9;"ALCANÇOU"
"MG";310380;12;12;1;1;1;"Sim";100;"ALCANÇOU"
"MG";310390;48;48;4;4;1;"Sim";100;"ALCANÇOU"
"MG";310400;100;112;8,33333333333333;9,33333333333333;0,892857142857143;"Sim";89,3;"ALCANÇOU"
"MG";310410;12;12;1;1;1;"Sim";100;"ALCANÇOU"
"MG";310420;147;151;12,25;12,5833333333333;0,973509933774834;"Sim";97,4;"ALCANÇOU"
"MG";310430;12;12;1;1;1;"Sim";100;"ALCANÇOU"
"MG";310440;18;20;1,5;1,66666666666667;0,9;"Sim";90;"ALCANÇOU"
"MG";310445;0;12;0;1;0;"Não";0;"NÃO ALCANÇOU"
"MG";310450;108;140;9;11,6666666666667;0,771428571428571;"Não";77,1;"NÃO ALCANÇOU"
"MG";310460;19;19;1,58333333333333;1,58333333333333;1;"Sim";100;"ALCANÇOU"
"MG";310470;24;24;2;2;1;"Sim";100;"ALCANÇOU"
"MG";310480;12;12;1;1;1;"Sim";100;"ALCANÇOU"
"MG";310490;12;12;1;1;1;"Sim";100;"ALCANÇOU"
"MG";310500;12;12;1;1;1;"Sim";100;"ALCANÇOU"
"MG";310510;84;84;7;7;1;"Sim";100;"ALCANÇOU"
"MG";310520;12;12;1;1;1;"Sim";100;"ALCANÇOU"
"MG";310530;12;12;1;1;1;"Sim";100;"ALCANÇOU"
"MG";310540;120;120;10;10;1;"Sim";100;"ALCANÇOU"
"MG";310550;12;12;1;1;1;"Sim";100;"ALCANÇOU"
"MG";310560;273;300;22,75;25;0,91;"Sim";91;"ALCANÇOU"
"MG";310570;0;0;0;0;;;;"NÃO ALCANÇOU"
"MG";310590;28;28;2,33333333333333;2,33333333333333;1;"Sim";100;"ALCANÇOU"
"MG";310600;36;36;3;3;1;"Sim";100;"ALCANÇOU"
"MG";310610;0;0;0;0;;;;"NÃO ALCANÇOU"
"MG";310620;1955;1972;162,916666666667;164,333333333333;0,991379310344828;"Sim";99,1;"ALCANÇOU"
"MG";310630;60;68;5;5,66666666666667;0,882352941176471;"Sim";88,2;"ALCANÇOU"
"MG";310640;5;28;0,416666666666667;2,33333333333333;0,178571428571429;"Não";17,9;"NÃO ALCANÇOU"
"MG";310650;48;48;4;4;1;"Sim";100;"ALCANÇOU"
"MG";310660;6;6;0,5;0,5;1;"Sim";100;"ALCANÇOU"
"MG";310665;0;0;0;0;;;;"NÃO ALCANÇOU"
"MG";310670;513;515;42,75;42,9166666666667;0,996116504854369;"Sim";99,6;"ALCANÇOU"
"MG";310680;12;12;1;1;1;"Sim";100;"ALCANÇOU"
"MG";310690;72;96;6;8;0,75;"Não";75;"NÃO ALCANÇOU"
"MG";310700;0;0;0;0;;;;"NÃO ALCANÇOU"
"MG";310710;156;168;13;14;0,928571428571429;"Sim";92,9;"ALCANÇOU"
"MG";310720;0;4;0;0,333333333333333;0;"Não";0;"NÃO ALCANÇOU"
"MG";310730;96;139;8;11,5833333333333;0,690647482014389;"Não";69,1;"NÃO ALCANÇOU"
"MG";310740;158;163;13,1666666666667;13,5833333333333;0,969325153374233;"Sim";96,9;"ALCANÇOU"
"MG";310750;12;12;1;1;1;"Sim";100;"ALCANÇOU"
"MG";310760;0;0;0;0;;;;"NÃO ALCANÇOU"
"MG";310770;12;12;1;1;1;"Sim";100;"ALCANÇOU"
"MG";310780;0;0;0;0;;;;"NÃO ALCANÇOU"
"MG";310790;12;12;1;1;1;"Sim";100;"ALCANÇOU"
"MG";310800;16;18;1,33333333333333;1,5;0,888888888888889;"Sim";88,9;"ALCANÇOU"
"MG";310810;12;12;1;1;1;"Sim";100;"ALCANÇOU"
"MG";310820;36;36;3;3;1;"Sim";100;"ALCANÇOU"
"MG";310825;24;24;2;2;1;"Sim";100;"ALCANÇOU"
"MG";310830;2;12;0,166666666666667;1;0,166666666666667;"Não";16,7;"NÃO ALCANÇOU"
"MG";310840;24;24;2;2;1;"Sim";100;"ALCANÇOU"
"MG";310850;3;3;0,25;0,25;1;"Sim";100;"ALCANÇOU"
"MG";310855;0;0;0;0;;;;"NÃO ALCANÇOU"
"MG";310860;0;36;0;3;0;"Não";0;"NÃO ALCANÇOU"
"MG";310870;11;12;0,916666666666667;1;0,916666666666667;"Sim";91,7;"ALCANÇOU"
"MG";310880;0;0;0;0;;;;"NÃO ALCANÇOU"
"MG";310890;12;12;1;1;1;"Sim";100;"ALCANÇOU"
"MG";310900;88;102;7,33333333333333;8,5;0,862745098039216;"Sim";86,3;"ALCANÇOU"
"MG";310910;12;12;1;1;1;"Sim";100;"ALCANÇOU"
"MG";310920;12;12;1;1;1;"Sim";100;"ALCANÇOU"
"MG";310925;0;0;0;0;;;;"NÃO ALCANÇOU"
"MG";310930;96;96;8;8;1;"Sim";100;"ALCANÇOU"
"MG";310940;78;84;6,5;7;0,928571428571429;"Sim";92,9;"ALCANÇOU"
"MG";310945;24;24;2;2;1;"Sim";100;"ALCANÇOU"
"MG";310950;0;0;0;0;;;;"NÃO ALCANÇOU"
"MG";310960;12;16;1;1,33333333333333;0,75;"Não";75;"NÃO ALCANÇOU"
"MG";310970;36;36;3;3;1;"Sim";100;"ALCANÇOU"
"MG";310980;12;12;1;1;1;"Sim";100;"ALCANÇOU"
"MG";310990;24;24;2;2;1;"Sim";100;"ALCANÇOU"
"MG";311000;7;12;0,583333333333333;1;0,583333333333333;"Não";58,3;"NÃO ALCANÇOU"
"MG";311010;12;12;1;1;1;"Sim";100;"ALCANÇOU"
"MG";311020;12;12;1;1;1;"Sim";100;"ALCANÇOU"
"MG";311030;73;80;6,08333333333333;6,66666666666667;0,9125;"Sim";91,2;"ALCANÇOU"
"MG";311040;12;12;1;1;1;"Sim";100;"ALCANÇOU"
"MG";311050;0;0;0;0;;;;"NÃO ALCANÇOU"
"MG";311060;108;108;9;9;1;"Sim";100;"ALCANÇOU"
"MG";311070;29;36;2,41666666666667;3;0,805555555555556;"Sim";80,6;"ALCANÇOU"
"MG";311080;12;12;1;1;1;"Sim";100;"ALCANÇOU"
"MG";311090;61;67;5,08333333333333;5,58333333333333;0,91044776119403;"Sim";91;"ALCANÇOU"
"MG";311100;20;24;1,66666666666667;2;0,833333333333333;"Sim";83,3;"ALCANÇOU"
"MG";311110;36;36;3;3;1;"Sim";100;"ALCANÇOU"
"MG";311115;0;0;0;0;;;;"NÃO ALCANÇOU"
"MG";311120;185;191;15,4166666666667;15,9166666666667;0,968586387434555;"Sim";96,9;"ALCANÇOU"
"MG";311130;12;12;1;1;1;"Sim";100;"ALCANÇOU"
"MG";311140;24;24;2;2;1;"Sim";100;"ALCANÇOU"
"MG";311150;0;0;0;0;;;;"NÃO ALCANÇOU"
"MG";311160;4;4;0,333333333333333;0,333333333333333;1;"Sim";100;"ALCANÇOU"
"MG";311170;12;12;1;1;1;"Sim";100;"ALCANÇOU"
"MG";311180;14;19;1,16666666666667;1,58333333333333;0,736842105263158;"Não";73,7;"NÃO ALCANÇOU"
"MG";311190;24;24;2;2;1;"Sim";100;"ALCANÇOU"
"MG";311200;72;72;6;6;1;"Sim";100;"ALCANÇOU"
"MG";311205;12;12;1;1;1;"Sim";100;"ALCANÇOU"
"MG";311210;14;14;1,16666666666667;1,16666666666667;1;"Sim";100;"ALCANÇOU"
"MG";311220;12;12;1;1;1;"Sim";100;"ALCANÇOU"
"MG";311230;190;211;15,8333333333333;17,5833333333333;0,900473933649289;"Sim";90;"ALCANÇOU"
"MG";311240;0;0;0;0;;;;"NÃO ALCANÇOU"
"MG";311250;12;12;1;1;1;"Sim";100;"ALCANÇOU"
"MG";311260;60;60;5;5;1;"Sim";100;"ALCANÇOU"
"MG";311265;0;0;0;0;;;;"NÃO ALCANÇOU"
"MG";311270;0;0;0;0;;;;"NÃO ALCANÇOU"
"MG";311280;0;0;0;0;;;;"NÃO ALCANÇOU"
"MG";311290;12;12;1;1;1;"Sim";100;"ALCANÇOU"
"MG";311300;44;48;3,66666666666667;4;0,916666666666667;"Sim";91,7;"ALCANÇOU"
"MG";311310;12;12;1;1;1;"Sim";100;"ALCANÇOU"
"MG";311320;106;108;8,83333333333333;9;0,981481481481482;"Sim";98,1;"ALCANÇOU"
"MG";311330;132;156;11;13;0,846153846153846;"Sim";84,6;"ALCANÇOU"
"MG";311340;71;72;5,91666666666667;6;0,986111111111111;"Sim";98,6;"ALCANÇOU"
"MG";311350;24;24;2;2;1;"Sim";100;"ALCANÇOU"
"MG";311360;12;12;1;1;1;"Sim";100;"ALCANÇOU"
"MG";311370;84;84;7;7;1;"Sim";100;"ALCANÇOU"
"MG";311380;12;12;1;1;1;"Sim";100;"ALCANÇOU"
"MG";311390;0;0;0;0;;;;"NÃO ALCANÇOU"
"MG";311400;60;60;5;5;1;"Sim";100;"ALCANÇOU"
"MG";311410;12;12;1;1;1;"Sim";100;"ALCANÇOU"
"MG";311420;96;96;8;8;1;"Sim";100;"ALCANÇOU"
"MG";311430;108;120;9;10;0,9;"Sim";90;"ALCANÇOU"
"MG";311440;0;0;0;0;;;;"NÃO ALCANÇOU"
"MG";311450;71;71;5,91666666666667;5,91666666666667;1;"Sim";100;"ALCANÇOU"
"MG";311455;47;48;3,91666666666667;4;0,979166666666667;"Sim";97,9;"ALCANÇOU"
"MG";311460;0;0;0;0;;;;"NÃO ALCANÇOU"
"MG";311470;0;0;0;0;;;;"NÃO ALCANÇOU"
"MG";311480;12;12;1;1;1;"Sim";100;"ALCANÇOU"
"MG";311490;12;12;1;1;1;"Sim";100;"ALCANÇOU"
"MG";311500;0;0;0;0;;;;"NÃO ALCANÇOU"
"MG";311510;12;24;1;2;0,5;"Não";50;"NÃO ALCANÇOU"
"MG";311520;12;12;1;1;1;"Sim";100;"ALCANÇOU"
"MG";311530;113;128;9,41666666666667;10,6666666666667;0,8828125;"Sim";88,3;"ALCANÇOU"
"MG";311535;24;24;2;2;1;"Sim";100;"ALCANÇOU"
"MG";311540;12;12;1;1;1;"Sim";100;"ALCANÇOU"
"MG";311545;0;0;0;0;;;;"NÃO ALCANÇOU"
"MG";311547;4;4;0,333333333333333;0,333333333333333;1;"Sim";100;"ALCANÇOU"
"MG";311550;12;12;1;1;1;"Sim";100;"ALCANÇOU"
"MG";311560;12;12;1;1;1;"Sim";100;"ALCANÇOU"
"MG";311570;0;0;0;0;;;;"NÃO ALCANÇOU"
"MG";311580;12;18;1;1,5;0,666666666666667;"Não";66,7;"NÃO ALCANÇOU"
"MG";311590;0;0;0;0;;;;"NÃO ALCANÇOU"
"MG";311600;47;48;3,91666666666667;4;0,979166666666667;"Sim";97,9;"ALCANÇOU"
"MG";311610;87;96;7,25;8;0,90625;"Sim";90,6;"ALCANÇOU"
"MG";311615;24;24;2;2;1;"Sim";100;"ALCANÇOU"
"MG";311620;0;0;0;0;;;;"NÃO ALCANÇOU"
"MG";311630;12;12;1;1;1;"Sim";100;"ALCANÇOU"
"MG";311640;0;0;0;0;;;;"NÃO ALCANÇOU"
"MG";311650;0;0;0;0;;;;"NÃO ALCANÇOU"
"MG";311660;108;108;9;9;1;"Sim";100;"ALCANÇOU"
"MG";311670;12;12;1;1;1;"Sim";100;"ALCANÇOU"
"MG";311680;12;12;1;1;1;"Sim";100;"ALCANÇOU"
"MG";311690;12;12;1;1;1;"Sim";100;"ALCANÇOU"
"MG";311700;0;0;0;0;;;;"NÃO ALCANÇOU"
"MG";311710;0;0;0;0;;;;"NÃO ALCANÇOU"
"MG";311720;20;24;1,66666666666667;2;0,833333333333333;"Sim";83,3;"ALCANÇOU"
"MG";311730;84;84;7;7;1;"Sim";100;"ALCANÇOU"
"MG";311740;2;12;0,166666666666667;1;0,166666666666667;"Não";16,7;"NÃO ALCANÇOU"
"MG";311750;108;127;9;10,5833333333333;0,850393700787402;"Sim";85;"ALCANÇOU"
"MG";311760;64;70;5,33333333333333;5,83333333333333;0,914285714285714;"Sim";91,4;"ALCANÇOU"
"MG";311770;0;0;0;0;;;;"NÃO ALCANÇOU"
"MG";311780;13;13;1,08333333333333;1,08333333333333;1;"Sim";100;"ALCANÇOU"
"MG";311783;36;36;3;3;1;"Sim";100;"ALCANÇOU"
"MG";311787;24;24;2;2;1;"Sim";100;"ALCANÇOU"
"MG";311790;0;0;0;0;;;;"NÃO ALCANÇOU"
"MG";311800;251;260;20,9166666666667;21,6666666666667;0,965384615384615;"Sim";96,5;"ALCANÇOU"
"MG";311810;12;12;1;1;1;"Sim";100;"ALCANÇOU"
"MG";311820;0;0;0;0;;;;"NÃO ALCANÇOU"
"MG";311830;21;22;1,75;1,83333333333333;0,954545454545455;"Sim";95,5;"ALCANÇOU"
"MG";311840;60;72;5;6;0,833333333333333;"Sim";83,3;"ALCANÇOU"
"MG";311850;12;12;1;1;1;"Sim";100;"ALCANÇOU"
"MG";311860;562;609;46,8333333333333;50,75;0,922824302134647;"Sim";92,3;"ALCANÇOU"
"MG";311870;36;36;3;3;1;"Sim";100;"ALCANÇOU"
"MG";311880;0;0;0;0;;;;"NÃO ALCANÇOU"
"MG";311890;12;12;1;1;1;"Sim";100;"ALCANÇOU"
"MG";311900;12;12;1;1;1;"Sim";100;"ALCANÇOU"
"MG";311910;12;12;1;1;1;"Sim";100;"ALCANÇOU"
"MG";311920;58;60;4,83333333333333;5;0,966666666666667;"Sim";96,7;"ALCANÇOU"
"MG";311930;142;156;11,8333333333333;13;0,91025641025641;"Sim";91;"ALCANÇOU"
"MG";311940;174;212;14,5;17,6666666666667;0,820754716981132;"Sim";82,1;"ALCANÇOU"
"MG";311950;47;48;3,91666666666667;4;0,979166666666667;"Sim";97,9;"ALCANÇOU"
"MG";311960;0;0;0;0;;;;"NÃO ALCANÇOU"
"MG";311970;0;12;0;1;0;"Não";0;"NÃO ALCANÇOU"
"MG";311980;23;24;1,91666666666667;2;0,958333333333333;"Sim";95,8;"ALCANÇOU"
"MG";311990;0;0;0;0;;;;"NÃO ALCANÇOU"
"MG";311995;24;36;2;3;0,666666666666667;"Não";66,7;"NÃO ALCANÇOU"
"MG";312000;12;12;1;1;1;"Sim";100;"ALCANÇOU"
"MG";312010;12;12;1;1;1;"Sim";100;"ALCANÇOU"
"MG";312015;24;24;2;2;1;"Sim";100;"ALCANÇOU"
"MG";312020;72;72;6;6;1;"Sim";100;"ALCANÇOU"
"MG";312030;0;0;0;0;;;;"NÃO ALCANÇOU"
"MG";312040;24;32;2;2,66666666666667;0,75;"Não";75;"NÃO ALCANÇOU"
"MG";312050;12;12;1;1;1;"Sim";100;"ALCANÇOU"
"MG";312060;12;12;1;1;1;"Sim";100;"ALCANÇOU"
"MG";312070;24;24;2;2;1;"Sim";100;"ALCANÇOU"
"MG";312080;40;72;3,33333333333333;6;0,555555555555556;"Não";55,6;"NÃO ALCANÇOU"
"MG";312083;21;36;1,75;3;0,583333333333333;"Não";58,3;"NÃO ALCANÇOU"
"MG";312087;0;0;0;0;;;;"NÃO ALCANÇOU"
"MG";312090;149;182;12,4166666666667;15,1666666666667;0,818681318681319;"Sim";81,9;"ALCANÇOU"
"MG";312100;23;36;1,91666666666667;3;0,638888888888889;"Não";63,9;"NÃO ALCANÇOU"
"MG";312110;12;12;1;1;1;"Sim";100;"ALCANÇOU"
"MG";312120;12;12;1;1;1;"Sim";100;"ALCANÇOU"
"MG";312125;0;0;0;0;;;;"NÃO ALCANÇOU"
"MG";312130;0;0;0;0;;;;"NÃO ALCANÇOU"
"MG";312140;47;60;3,91666666666667;5;0,783333333333333;"Não";78,3;"NÃO ALCANÇOU"
"MG";312150;12;12;1;1;1;"Sim";100;"ALCANÇOU"
"MG";312160;193;312;16,0833333333333;26;0,618589743589744;"Não";61,9;"NÃO ALCANÇOU"
"MG";312170;12;12;1;1;1;"Sim";100;"ALCANÇOU"
"MG";312180;0;0;0;0;;;;"NÃO ALCANÇOU"
"MG";312190;12;12;1;1;1;"Sim";100;"ALCANÇOU"
"MG";312200;19;27;1,58333333333333;2,25;0,703703703703704;"Não";70,4;"NÃO ALCANÇOU"
"MG";312210;0;0;0;0;;;;"NÃO ALCANÇOU"
"MG";312220;0;0;0;0;;;;"NÃO ALCANÇOU"
"MG";312230;567;571;47,25;47,5833333333333;0,992994746059545;"Sim";99,3;"ALCANÇOU"
"MG";312235;36;36;3;3;1;"Sim";100;"ALCANÇOU"
"MG";312240;12;12;1;1;1;"Sim";100;"ALCANÇOU"
"MG";312245;24;24;2;2;1;"Sim";100;"ALCANÇOU"
"MG";312247;24;24;2;2;1;"Sim";100;"ALCANÇOU"
"MG";312250;12;12;1;1;1;"Sim";100;"ALCANÇOU"
"MG";312260;12;12;1;1;1;"Sim";100;"ALCANÇOU"
"MG";312270;20;20;1,66666666666667;1,66666666666667;1;"Sim";100;"ALCANÇOU"
"MG";312280;12;12;1;1;1;"Sim";100;"ALCANÇOU"
"MG";312290;12;24;1;2;0,5;"Não";50;"NÃO ALCANÇOU"
"MG";312300;24;27;2;2,25;0,888888888888889;"Sim";88,9;"ALCANÇOU"
"MG";312310;0;0;0;0;;;;"NÃO ALCANÇOU"
"MG";312320;47;48;3,91666666666667;4;0,979166666666667;"Sim";97,9;"ALCANÇOU"
"MG";312330;12;12;1;1;1;"Sim";100;"ALCANÇOU"
"MG";312340;12;12;1;1;1;"Sim";100;"ALCANÇOU"
"MG";312350;0;0;0;0;;;;"NÃO ALCANÇOU"
"MG";312352;36;36;3;3;1;"Sim";100;"ALCANÇOU"
"MG";312360;12;12;1;1;1;"Sim";100;"ALCANÇOU"
"MG";312370;12;12;1;1;1;"Sim";100;"ALCANÇOU"
"MG";312380;0;0;0;0;;;;"NÃO ALCANÇOU"
"MG";312385;12;12;1;1;1;"Sim";100;"ALCANÇOU"
"MG";312390;12;12;1;1;1;"Sim";100;"ALCANÇOU"
"MG";312400;72;108;6;9;0,666666666666667;"Não";66,7;"NÃO ALCANÇOU"
"MG";312410;75;84;6,25;7;0,892857142857143;"Sim";89,3;"ALCANÇOU"
"MG";312420;84;84;7;7;1;"Sim";100;"ALCANÇOU"
"MG";312430;24;24;2;2;1;"Sim";100;"ALCANÇOU"
"MG";312440;12;12;1;1;1;"Sim";100;"ALCANÇOU"
"MG";312450;6;6;0,5;0,5;1;"Sim";100;"ALCANÇOU"
"MG";312460;12;12;1;1;1;"Sim";100;"ALCANÇOU"
"MG";312470;12;12;1;1;1;"Sim";100;"ALCANÇOU"
"MG";312480;36;36;3;3;1;"Sim";100;"ALCANÇOU"
"MG";312490;12;24;1;2;0,5;"Não";50;"NÃO ALCANÇOU"
"MG";312500;12;12;1;1;1;"Sim";100;"ALCANÇOU"
"MG";312510;106;118;8,83333333333333;9,83333333333333;0,898305084745763;"Sim";89,8;"ALCANÇOU"
"MG";312520;12;12;1;1;1;"Sim";100;"ALCANÇOU"
"MG";312530;12;12;1;1;1;"Sim";100;"ALCANÇOU"
"MG";312540;12;12;1;1;1;"Sim";100;"ALCANÇOU"
"MG";312550;12;12;1;1;1;"Sim";100;"ALCANÇOU"
"MG";312560;0;0;0;0;;;;"NÃO ALCANÇOU"
"MG";312570;12;12;1;1;1;"Sim";100;"ALCANÇOU"
"MG";312580;12;12;1;1;1;"Sim";100;"ALCANÇOU"
"MG";312590;17;17;1,41666666666667;1,41666666666667;1;"Sim";100;"ALCANÇOU"
"MG";312595;39;39;3,25;3,25;1;"Sim";100;"ALCANÇOU"
"MG";312600;12;12;1;1;1;"Sim";100;"ALCANÇOU"
"MG";312610;204;204;17;17;1;"Sim";100;"ALCANÇOU"
"MG";312620;24;24;2;2;1;"Sim";100;"ALCANÇOU"
"MG";312630;0;0;0;0;;;;"NÃO ALCANÇOU"
"MG";312640;12;12;1;1;1;"Sim";100;"ALCANÇOU"
"MG";312650;60;68;5;5,66666666666667;0,882352941176471;"Sim";88,2;"ALCANÇOU"
"MG";312660;0;0;0;0;;;;"NÃO ALCANÇOU"
"MG";312670;0;11;0;0,916666666666667;0;"Não";0;"NÃO ALCANÇOU"
"MG";312675;12;12;1;1;1;"Sim";100;"ALCANÇOU"
"MG";312680;24;24;2;2;1;"Sim";100;"ALCANÇOU"
"MG";312690;42;42;3,5;3,5;1;"Sim";100;"ALCANÇOU"
"MG";312695;0;0;0;0;;;;"NÃO ALCANÇOU"
"MG";312700;48;48;4;4;1;"Sim";100;"ALCANÇOU"
"MG";312705;0;0;0;0;;;;"NÃO ALCANÇOU"
"MG";312707;0;0;0;0;;;;"NÃO ALCANÇOU"
"MG";312710;124;129;10,3333333333333;10,75;0,961240310077519;"Sim";96,1;"ALCANÇOU"
"MG";312720;12;12;1;1;1;"Sim";100;"ALCANÇOU"
"MG";312730;12;36;1;3;0,333333333333333;"Não";33,3;"NÃO ALCANÇOU"
"MG";312733;0;0;0;0;;;;"NÃO ALCANÇOU"
"MG";312735;0;0;0;0;;;;"NÃO ALCANÇOU"
"MG";312737;12;24;1;2;0,5;"Não";50;"NÃO ALCANÇOU"
"MG";312738;0;0;0;0;;;;"NÃO ALCANÇOU"
"MG";312740;12;12;1;1;1;"Sim";100;"ALCANÇOU"
"MG";312750;12;12;1;1;1;"Sim";100;"ALCANÇOU"
"MG";312760;72;72;6;6;1;"Sim";100;"ALCANÇOU"
"MG";312770;9;100;0,75;8,33333333333333;0,09;"Não";9;"NÃO ALCANÇOU"
"MG";312780;0;0;0;0;;;;"NÃO ALCANÇOU"
"MG";312790;0;0;0;0;;;;"NÃO ALCANÇOU"
"MG";312800;161;180;13,4166666666667;15;0,894444444444444;"Sim";89,4;"ALCANÇOU"
"MG";312810;12;12;1;1;1;"Sim";100;"ALCANÇOU"
"MG";312820;0;0;0;0;;;;"NÃO ALCANÇOU"
"MG";312825;12;12;1;1;1;"Sim";100;"ALCANÇOU"
"MG";312830;35;36;2,91666666666667;3;0,972222222222222;"Sim";97,2;"ALCANÇOU"
"MG";312840;0;12;0;1;0;"Não";0;"NÃO ALCANÇOU"
"MG";312850;0;0;0;0;;;;"NÃO ALCANÇOU"
"MG";312860;30;30;2,5;2,5;1;"Sim";100;"ALCANÇOU"
"MG";312870;51;57;4,25;4,75;0,894736842105263;"Sim";89,5;"ALCANÇOU"
"MG";312880;11;11;0,916666666666667;0,916666666666667;1;"Sim";100;"ALCANÇOU"
"MG";312890;36;36;3;3;1;"Sim";100;"ALCANÇOU"
"MG";312900;12;12;1;1;1;"Sim";100;"ALCANÇOU"
"MG";312910;12;12;1;1;1;"Sim";100;"ALCANÇOU"
"MG";312920;0;0;0;0;;;;"NÃO ALCANÇOU"
"MG";312930;12;12;1;1;1;"Sim";100;"ALCANÇOU"
"MG";312940;12;12;1;1;1;"Sim";100;"ALCANÇOU"
"MG";312950;80;84;6,66666666666667;7;0,952380952380952;"Sim";95,2;"ALCANÇOU"
"MG";312960;12;12;1;1;1;"Sim";100;"ALCANÇOU"
"MG";312965;0;0;0;0;;;;"NÃO ALCANÇOU"
"MG";312970;12;12;1;1;1;"Sim";100;"ALCANÇOU"
"MG";312980;239;264;19,9166666666667;22;0,90530303030303;"Sim";90,5;"ALCANÇOU"
"MG";312990;0;0;0;0;;;;"NÃO ALCANÇOU"
"MG";313000;0;0;0;0;;;;"NÃO ALCANÇOU"
"MG";313005;0;0;0;0;;;;"NÃO ALCANÇOU"
"MG";313010;104;114;8,66666666666667;9,5;0,912280701754386;"Sim";91,2;"ALCANÇOU"
"MG";313020;71;72;5,91666666666667;6;0,986111111111111;"Sim";98,6;"ALCANÇOU"
"MG";313030;36;36;3;3;1;"Sim";100;"ALCANÇOU"
"MG";313040;12;12;1;1;1;"Sim";100;"ALCANÇOU"
"MG";313050;12;12;1;1;1;"Sim";100;"ALCANÇOU"
"MG";313055;12;12;1;1;1;"Sim";100;"ALCANÇOU"
"MG";313060;12;12;1;1;1;"Sim";100;"ALCANÇOU"
"MG";313065;48;48;4;4;1;"Sim";100;"ALCANÇOU"
"MG";313070;12;12;1;1;1;"Sim";100;"ALCANÇOU"
"MG";313080;0;0;0;0;;;;"NÃO ALCANÇOU"
"MG";313090;120;120;10;10;1;"Sim";100;"ALCANÇOU"
"MG";313100;12;12;1;1;1;"Sim";100;"ALCANÇOU"
"MG";313110;12;12;1;1;1;"Sim";100;"ALCANÇOU"
"MG";313115;12;12;1;1;1;"Sim";100;"ALCANÇOU"
"MG";313120;12;12;1;1;1;"Sim";100;"ALCANÇOU"
"MG";313130;264;285;22;23,75;0,926315789473684;"Sim";92,6;"ALCANÇOU"
"MG";313140;12;12;1;1;1;"Sim";100;"ALCANÇOU"
"MG";313150;12;12;1;1;1;"Sim";100;"ALCANÇOU"
"MG";313160;0;0;0;0;;;;"NÃO ALCANÇOU"
"MG";313170;313;319;26,0833333333333;26,5833333333333;0,981191222570533;"Sim";98,1;"ALCANÇOU"
"MG";313180;11;12;0,916666666666667;1;0,916666666666667;"Sim";91,7;"ALCANÇOU"
"MG";313190;84;84;7;7;1;"Sim";100;"ALCANÇOU"
"MG";313200;0;0;0;0;;;;"NÃO ALCANÇOU"
"MG";313210;0;0;0;0;;;;"NÃO ALCANÇOU"
"MG";313220;72;72;6;6;1;"Sim";100;"ALCANÇOU"
"MG";313230;0;0;0;0;;;;"NÃO ALCANÇOU"
"MG";313240;282;288;23,5;24;0,979166666666667;"Sim";97,9;"ALCANÇOU"
"MG";313250;151;162;12,5833333333333;13,5;0,932098765432099;"Sim";93,2;"ALCANÇOU"
"MG";313260;12;12;1;1;1;"Sim";100;"ALCANÇOU"
"MG";313270;12;12;1;1;1;"Sim";100;"ALCANÇOU"
"MG";313280;12;12;1;1;1;"Sim";100;"ALCANÇOU"
"MG";313290;12;12;1;1;1;"Sim";100;"ALCANÇOU"
"MG";313300;12;12;1;1;1;"Sim";100;"ALCANÇOU"
"MG";313310;72;72;6;6;1;"Sim";100;"ALCANÇOU"
"MG";313320;0;0;0;0;;;;"NÃO ALCANÇOU"
"MG";313330;108;120;9;10;0,9;"Sim";90;"ALCANÇOU"
"MG";313340;46;58;3,83333333333333;4,83333333333333;0,793103448275862;"Não";79,3;"NÃO ALCANÇOU"
"MG";313350;95;105;7,91666666666667;8,75;0,904761904761905;"Sim";90,5;"ALCANÇOU"
"MG";313360;12;12;1;1;1;"Sim";100;"ALCANÇOU"
"MG";313370;53;65;4,41666666666667;5,41666666666667;0,815384615384615;"Sim";81,5;"ALCANÇOU"
"MG";313375;0;0;0;0;;;;"NÃO ALCANÇOU"
"MG";313380;271;283;22,5833333333333;23,5833333333333;0,957597173144876;"Sim";95,8;"ALCANÇOU"
"MG";313390;24;24;2;2;1;"Sim";100;"ALCANÇOU"
"MG";313400;60;60;5;5;1;"Sim";100;"ALCANÇOU"
"MG";313410;36;36;3;3;1;"Sim";100;"ALCANÇOU"
"MG";313420;157;172;13,0833333333333;14,3333333333333;0,912790697674419;"Sim";91,3;"ALCANÇOU"
"MG";313430;36;36;3;3;1;"Sim";100;"ALCANÇOU"
"MG";313440;118;123;9,83333333333333;10,25;0,959349593495935;"Sim";95,9;"ALCANÇOU"
"MG";313450;12;12;1;1;1;"Sim";100;"ALCANÇOU"
"MG";313460;24;24;2;2;1;"Sim";100;"ALCANÇOU"
"MG";313470;48;90;4;7,5;0,533333333333333;"Não";53,3;"NÃO ALCANÇOU"
"MG";313480;12;12;1;1;1;"Sim";100;"ALCANÇOU"
"MG";313490;12;12;1;1;1;"Sim";100;"ALCANÇOU"
"MG";313500;24;24;2;2;1;"Sim";100;"ALCANÇOU"
"MG";313505;36;36;3;3;1;"Sim";100;"ALCANÇOU"
"MG";313507;0;0;0;0;;;;"NÃO ALCANÇOU"
"MG";313510;0;12;0;1;0;"Não";0;"NÃO ALCANÇOU"
"MG";313520;23;45;1,91666666666667;3,75;0,511111111111111;"Não";51,1;"NÃO ALCANÇOU"
"MG";313530;24;24;2;2;1;"Sim";100;"ALCANÇOU"
"MG";313535;0;0;0;0;;;;"NÃO ALCANÇOU"
"MG";313540;12;12;1;1;1;"Sim";100;"ALCANÇOU"
"MG";313545;14;20;1,16666666666667;1,66666666666667;0,7;"Não";70;"NÃO ALCANÇOU"
"MG";313550;61;72;5,08333333333333;6;0,847222222222222;"Sim";84,7;"ALCANÇOU"
"MG";313560;0;0;0;0;;;;"NÃO ALCANÇOU"
"MG";313570;12;12;1;1;1;"Sim";100;"ALCANÇOU"
"MG";313580;108;108;9;9;1;"Sim";100;"ALCANÇOU"
"MG";313590;12;12;1;1;1;"Sim";100;"ALCANÇOU"
"MG";313600;60;60;5;5;1;"Sim";100;"ALCANÇOU"
"MG";313610;0;0;0;0;;;;"NÃO ALCANÇOU"
"MG";313620;28;42;2,33333333333333;3,5;0,666666666666667;"Não";66,7;"NÃO ALCANÇOU"
"MG";313630;223;240;18,5833333333333;20;0,929166666666667;"Sim";92,9;"ALCANÇOU"
"MG";313640;4;4;0,333333333333333;0,333333333333333;1;"Sim";100;"ALCANÇOU"
"MG";313650;0;0;0;0;;;;"NÃO ALCANÇOU"
"MG";313652;26;48;2,16666666666667;4;0,541666666666667;"Não";54,2;"NÃO ALCANÇOU"
"MG";313655;24;24;2;2;1;"Sim";100;"ALCANÇOU"
"MG";313657;4;4;0,333333333333333;0,333333333333333;1;"Sim";100;"ALCANÇOU"
"MG";313660;12;12;1;1;1;"Sim";100;"ALCANÇOU"
"MG";313665;156;156;13;13;1;"Sim";100;"ALCANÇOU"
"MG";313670;33;84;2,75;7;0,392857142857143;"Não";39,3;"NÃO ALCANÇOU"
"MG";313680;12;12;1;1;1;"Sim";100;"ALCANÇOU"
"MG";313690;12;12;1;1;1;"Sim";100;"ALCANÇOU"
"MG";313695;12;12;1;1;1;"Sim";100;"ALCANÇOU"
"MG";313700;24;24;2;2;1;"Sim";100;"ALCANÇOU"
"MG";313710;48;48;4;4;1;"Sim";100;"ALCANÇOU"
"MG";313720;136;141;11,3333333333333;11,75;0,964539007092199;"Sim";96,5;"ALCANÇOU"
"MG";313730;12;12;1;1;1;"Sim";100;"ALCANÇOU"
"MG";313740;0;0;0;0;;;;"NÃO ALCANÇOU"
"MG";313750;72;109;6;9,08333333333333;0,660550458715596;"Não";66,1;"NÃO ALCANÇOU"
"MG";313753;35;36;2,91666666666667;3;0,972222222222222;"Sim";97,2;"ALCANÇOU"
"MG";313760;72;94;6;7,83333333333333;0,765957446808511;"Não";76,6;"NÃO ALCANÇOU"
"MG";313770;67;69;5,58333333333333;5,75;0,971014492753623;"Sim";97,1;"ALCANÇOU"
"MG";313780;12;36;1;3;0,333333333333333;"Não";33,3;"NÃO ALCANÇOU"
"MG";313790;12;12;1;1;1;"Sim";100;"ALCANÇOU"
"MG";313800;24;24;2;2;1;"Sim";100;"ALCANÇOU"
"MG";313810;40;41;3,33333333333333;3,41666666666667;0,975609756097561;"Sim";97,6;"ALCANÇOU"
"MG";313820;233;300;19,4166666666667;25;0,776666666666667;"Não";77,7;"NÃO ALCANÇOU"
"MG";313830;12;12;1;1;1;"Sim";100;"ALCANÇOU"
"MG";313835;24;24;2;2;1;"Sim";100;"ALCANÇOU"
"MG";313840;158;214;13,1666666666667;17,8333333333333;0,738317757009346;"Não";73,8;"NÃO ALCANÇOU"
"MG";313850;12;24;1;2;0,5;"Não";50;"NÃO ALCANÇOU"
"MG";313860;12;12;1;1;1;"Sim";100;"ALCANÇOU"
"MG";313862;24;24;2;2;1;"Sim";100;"ALCANÇOU"
"MG";313865;0;0;0;0;;;;"NÃO ALCANÇOU"
"MG";313867;12;12;1;1;1;"Sim";100;"ALCANÇOU"
"MG";313868;35;36;2,91666666666667;3;0,972222222222222;"Sim";97,2;"ALCANÇOU"
"MG";313870;12;12;1;1;1;"Sim";100;"ALCANÇOU"
"MG";313880;48;48;4;4;1;"Sim";100;"ALCANÇOU"
"MG";313890;46;48;3,83333333333333;4;0,958333333333333;"Sim";95,8;"ALCANÇOU"
"MG";313900;132;132;11;11;1;"Sim";100;"ALCANÇOU"
"MG";313910;0;0;0;0;;;;"NÃO ALCANÇOU"
"MG";313920;42;45;3,5;3,75;0,933333333333333;"Sim";93,3;"ALCANÇOU"
"MG";313925;4;4;0,333333333333333;0,333333333333333;1;"Sim";100;"ALCANÇOU"
"MG";313930;84;84;7;7;1;"Sim";100;"ALCANÇOU"
"MG";313940;82;101;6,83333333333333;8,41666666666667;0,811881188118812;"Sim";81,2;"ALCANÇOU"
"MG";313950;86;86;7,16666666666667;7,16666666666667;1;"Sim";100;"ALCANÇOU"
"MG";313960;36;52;3;4,33333333333333;0,692307692307692;"Não";69,2;"NÃO ALCANÇOU"
"MG";313970;12;12;1;1;1;"Sim";100;"ALCANÇOU"
"MG";313980;0;0;0;0;;;;"NÃO ALCANÇOU"
"MG";313990;4;4;0,333333333333333;0,333333333333333;1;"Sim";100;"ALCANÇOU"
"MG";314000;44;60;3,66666666666667;5;0,733333333333333;"Não";73,3;"NÃO ALCANÇOU"
"MG";314010;12;12;1;1;1;"Sim";100;"ALCANÇOU"
"MG";314015;32;48;2,66666666666667;4;0,666666666666667;"Não";66,7;"NÃO ALCANÇOU"
"MG";314020;0;0;0;0;;;;"NÃO ALCANÇOU"
"MG";314030;24;24;2;2;1;"Sim";100;"ALCANÇOU"
"MG";314040;12;12;1;1;1;"Sim";100;"ALCANÇOU"
"MG";314050;69;70;5,75;5,83333333333333;0,985714285714286;"Sim";98,6;"ALCANÇOU"
"MG";314053;13;15;1,08333333333333;1,25;0,866666666666667;"Sim";86,7;"ALCANÇOU"
"MG";314055;0;0;0;0;;;;"NÃO ALCANÇOU"
"MG";314060;14;14;1,16666666666667;1,16666666666667;1;"Sim";100;"ALCANÇOU"
"MG";314070;132;132;11;11;1;"Sim";100;"ALCANÇOU"
"MG";314080;61;72;5,08333333333333;6;0,847222222222222;"Sim";84,7;"ALCANÇOU"
"MG";314085;0;0;0;0;;;;"NÃO ALCANÇOU"
"MG";314090;54;54;4,5;4,5;1;"Sim";100;"ALCANÇOU"
"MG";314100;24;24;2;2;1;"Sim";100;"ALCANÇOU"
"MG";314110;121;122;10,0833333333333;10,1666666666667;0,991803278688525;"Sim";99,2;"ALCANÇOU"
"MG";314120;24;24;2;2;1;"Sim";100;"ALCANÇOU"
"MG";314130;24;24;2;2;1;"Sim";100;"ALCANÇOU"
"MG";314140;0;12;0;1;0;"Não";0;"NÃO ALCANÇOU"
"MG";314150;12;12;1;1;1;"Sim";100;"ALCANÇOU"
"MG";314160;24;24;2;2;1;"Sim";100;"ALCANÇOU"
"MG";314170;12;12;1;1;1;"Sim";100;"ALCANÇOU"
"MG";314180;120;144;10;12;0,833333333333333;"Sim";83,3;"ALCANÇOU"
"MG";314190;0;0;0;0;;;;"NÃO ALCANÇOU"
"MG";314200;89;102;7,41666666666667;8,5;0,872549019607843;"Sim";87,3;"ALCANÇOU"
"MG";314210;49;56;4,08333333333333;4,66666666666667;0,875;"Sim";87,5;"ALCANÇOU"
"MG";314220;12;12;1;1;1;"Sim";100;"ALCANÇOU"
"MG";314225;20;20;1,66666666666667;1,66666666666667;1;"Sim";100;"ALCANÇOU"
"MG";314230;12;12;1;1;1;"Sim";100;"ALCANÇOU"
"MG";314240;12;12;1;1;1;"Sim";100;"ALCANÇOU"
"MG";314250;12;12;1;1;1;"Sim";100;"ALCANÇOU"
"MG";314260;24;24;2;2;1;"Sim";100;"ALCANÇOU"
"MG";314270;0;0;0;0;;;;"NÃO ALCANÇOU"
"MG";314280;64;67;5,33333333333333;5,58333333333333;0,955223880597015;"Sim";95,5;"ALCANÇOU"
"MG";314290;15;17;1,25;1,41666666666667;0,882352941176471;"Sim";88,2;"ALCANÇOU"
"MG";314300;31;84;2,58333333333333;7;0,369047619047619;"Não";36,9;"NÃO ALCANÇOU"
"MG";314310;152;157;12,6666666666667;13,0833333333333;0,968152866242038;"Sim";96,8;"ALCANÇOU"
"MG";314315;0;0;0;0;;;;"NÃO ALCANÇOU"
"MG";314320;12;12;1;1;1;"Sim";100;"ALCANÇOU"
"MG";314330;480;482;40;40,1666666666667;0,995850622406639;"Sim";99,6;"ALCANÇOU"
"MG";314340;72;72;6;6;1;"Sim";100;"ALCANÇOU"
"MG";314345;12;16;1;1,33333333333333;0,75;"Não";75;"NÃO ALCANÇOU"
"MG";314350;36;37;3;3,08333333333333;0,972972972972973;"Sim";97,3;"ALCANÇOU"
"MG";314360;12;12;1;1;1;"Sim";100;"ALCANÇOU"
"MG";314370;12;12;1;1;1;"Sim";100;"ALCANÇOU"
"MG";314380;12;12;1;1;1;"Sim";100;"ALCANÇOU"
"MG";314390;422;478;35,1666666666667;39,8333333333333;0,882845188284519;"Sim";88,3;"ALCANÇOU"
"MG";314400;132;168;11;14;0,785714285714286;"Não";78,6;"NÃO ALCANÇOU"
"MG";314410;24;24;2;2;1;"Sim";100;"ALCANÇOU"
"MG";314420;12;12;1;1;1;"Sim";100;"ALCANÇOU"
"MG";314430;133;147;11,0833333333333;12,25;0,904761904761905;"Sim";90,5;"ALCANÇOU"
"MG";314435;12;12;1;1;1;"Sim";100;"ALCANÇOU"
"MG";314437;12;12;1;1;1;"Sim";100;"ALCANÇOU"
"MG";314440;0;0;0;0;;;;"NÃO ALCANÇOU"
"MG";314450;0;0;0;0;;;;"NÃO ALCANÇOU"
"MG";314460;0;91;0;7,58333333333333;0;"Não";0;"NÃO ALCANÇOU"
"MG";314465;60;64;5;5,33333333333333;0,9375;"Sim";93,8;"ALCANÇOU"
"MG";314467;21;24;1,75;2;0,875;"Sim";87,5;"ALCANÇOU"
"MG";314470;48;49;4;4,08333333333333;0,979591836734694;"Sim";98;"ALCANÇOU"
"MG";314480;166;170;13,8333333333333;14,1666666666667;0,976470588235294;"Sim";97,6;"ALCANÇOU"
"MG";314490;0;0;0;0;;;;"NÃO ALCANÇOU"
"MG";314500;12;12;1;1;1;"Sim";100;"ALCANÇOU"
"MG";314505;0;0;0;0;;;;"NÃO ALCANÇOU"
"MG";314510;24;24;2;2;1;"Sim";100;"ALCANÇOU"
"MG";314520;279;330;23,25;27,5;0,845454545454545;"Sim";84,5;"ALCANÇOU"
"MG";314530;99;102;8,25;8,5;0,970588235294118;"Sim";97,1;"ALCANÇOU"
"MG";314535;12;12;1;1;1;"Sim";100;"ALCANÇOU"
"MG";314537;0;0;0;0;;;;"NÃO ALCANÇOU"
"MG";314540;12;12;1;1;1;"Sim";100;"ALCANÇOU"
"MG";314545;12;12;1;1;1;"Sim";100;"ALCANÇOU"
"MG";314550;12;12;1;1;1;"Sim";100;"ALCANÇOU"
"MG";314560;144;144;12;12;1;"Sim";100;"ALCANÇOU"
"MG";314570;12;12;1;1;1;"Sim";100;"ALCANÇOU"
"MG";314580;12;12;1;1;1;"Sim";100;"ALCANÇOU"
"MG";314585;12;12;1;1;1;"Sim";100;"ALCANÇOU"
"MG";314587;12;12;1;1;1;"Sim";100;"ALCANÇOU"
"MG";314590;156;156;13;13;1;"Sim";100;"ALCANÇOU"
"MG";314600;0;0;0;0;;;;"NÃO ALCANÇOU"
"MG";314610;242;242;20,1666666666667;20,1666666666667;1;"Sim";100;"ALCANÇOU"
"MG";314620;12;12;1;1;1;"Sim";100;"ALCANÇOU"
"MG";314625;0;0;0;0;;;;"NÃO ALCANÇOU"
"MG";314630;12;12;1;1;1;"Sim";100;"ALCANÇOU"
"MG";314640;12;12;1;1;1;"Sim";100;"ALCANÇOU"
"MG";314650;36;36;3;3;1;"Sim";100;"ALCANÇOU"
"MG";314655;4;4;0,333333333333333;0,333333333333333;1;"Sim";100;"ALCANÇOU"
"MG";314660;12;12;1;1;1;"Sim";100;"ALCANÇOU"
"MG";314670;39;57;3,25;4,75;0,684210526315789;"Não";68,4;"NÃO ALCANÇOU"
"MG";314675;24;36;2;3;0,666666666666667;"Não";66,7;"NÃO ALCANÇOU"
"MG";314690;48;48;4;4;1;"Sim";100;"ALCANÇOU"
"MG";314700;199;204;16,5833333333333;17;0,975490196078431;"Sim";97,5;"ALCANÇOU"
"MG";314710;305;311;25,4166666666667;25,9166666666667;0,980707395498392;"Sim";98,1;"ALCANÇOU"
"MG";314720;0;0;0;0;;;;"NÃO ALCANÇOU"
"MG";314730;60;60;5;5;1;"Sim";100;"ALCANÇOU"
"MG";314740;12;12;1;1;1;"Sim";100;"ALCANÇOU"
"MG";314750;0;0;0;0;;;;"NÃO ALCANÇOU"
"MG";314760;9;10;0,75;0,833333333333333;0,9;"Sim";90;"ALCANÇOU"
"MG";314770;30;48;2,5;4;0,625;"Não";62,5;"NÃO ALCANÇOU"
"MG";314780;0;0;0;0;;;;"NÃO ALCANÇOU"
"MG";314790;84;96;7;8;0,875;"Sim";87,5;"ALCANÇOU"
"MG";314795;0;0;0;0;;;;"NÃO ALCANÇOU"
"MG";314800;332;369;27,6666666666667;30,75;0,899728997289973;"Sim";90;"ALCANÇOU"
"MG";314810;191;193;15,9166666666667;16,0833333333333;0,989637305699482;"Sim";99;"ALCANÇOU"
"MG";314820;12;18;1;1,5;0,666666666666667;"Não";66,7;"NÃO ALCANÇOU"
"MG";314830;12;12;1;1;1;"Sim";100;"ALCANÇOU"
"MG";314840;24;24;2;2;1;"Sim";100;"ALCANÇOU"
"MG";314850;24;24;2;2;1;"Sim";100;"ALCANÇOU"
"MG";314860;24;48;2;4;0,5;"Não";50;"NÃO ALCANÇOU"
"MG";314870;91;91;7,58333333333333;7,58333333333333;1;"Sim";100;"ALCANÇOU"
"MG";314875;12;12;1;1;1;"Sim";100;"ALCANÇOU"
"MG";314880;0;0;0;0;;;;"NÃO ALCANÇOU"
"MG";314890;24;24;2;2;1;"Sim";100;"ALCANÇOU"
"MG";314900;15;21;1,25;1,75;0,714285714285714;"Não";71,4;"NÃO ALCANÇOU"
"MG";314910;24;24;2;2;1;"Sim";100;"ALCANÇOU"
"MG";314915;0;0;0;0;;;;"NÃO ALCANÇOU"
"MG";314920;5;5;0,416666666666667;0,416666666666667;1;"Sim";100;"ALCANÇOU"
"MG";314930;114;174;9,5;14,5;0,655172413793103;"Não";65,5;"NÃO ALCANÇOU"
"MG";314940;5;5;0,416666666666667;0,416666666666667;1;"Sim";100;"ALCANÇOU"
"MG";314950;0;0;0;0;;;;"NÃO ALCANÇOU"
"MG";314960;12;12;1;1;1;"Sim";100;"ALCANÇOU"
"MG";314970;72;72;6;6;1;"Sim";100;"ALCANÇOU"
"MG";314980;27;48;2,25;4;0,5625;"Não";56,2;"NÃO ALCANÇOU"
"MG";314990;86;96;7,16666666666667;8;0,895833333333333;"Sim";89,6;"ALCANÇOU"
"MG";314995;0;0;0;0;;;;"NÃO ALCANÇOU"
"MG";315000;12;12;1;1;1;"Sim";100;"ALCANÇOU"
"MG";315010;0;0;0;0;;;;"NÃO ALCANÇOU"
"MG";315015;48;48;4;4;1;"Sim";100;"ALCANÇOU"
"MG";315020;0;0;0;0;;;;"NÃO ALCANÇOU"
"MG";315030;12;12;1;1;1;"Sim";100;"ALCANÇOU"
"MG";315040;0;0;0;0;;;;"NÃO ALCANÇOU"
"MG";315050;0;0;0;0;;;;"NÃO ALCANÇOU"
"MG";315053;12;12;1;1;1;"Sim";100;"ALCANÇOU"
"MG";315057;0;0;0;0;;;;"NÃO ALCANÇOU"
"MG";315060;12;12;1;1;1;"Sim";100;"ALCANÇOU"
"MG";315070;10;10;0,833333333333333;0,833333333333333;1;"Sim";100;"ALCANÇOU"
"MG";315080;73;144;6,08333333333333;12;0,506944444444444;"Não";50,7;"NÃO ALCANÇOU"
"MG";315090;12;12;1;1;1;"Sim";100;"ALCANÇOU"
"MG";315100;17;17;1,41666666666667;1,41666666666667;1;"Sim";100;"ALCANÇOU"
"MG";315110;19;32;1,58333333333333;2,66666666666667;0,59375;"Não";59,4;"NÃO ALCANÇOU"
"MG";315120;61;64;5,08333333333333;5,33333333333333;0,953125;"Sim";95,3;"ALCANÇOU"
"MG";315130;12;12;1;1;1;"Sim";100;"ALCANÇOU"
"MG";315140;108;108;9;9;1;"Sim";100;"ALCANÇOU"
"MG";315150;12;12;1;1;1;"Sim";100;"ALCANÇOU"
"MG";315160;0;0;0;0;;;;"NÃO ALCANÇOU"
"MG";315170;12;12;1;1;1;"Sim";100;"ALCANÇOU"
"MG";315180;251;252;20,9166666666667;21;0,996031746031746;"Sim";99,6;"ALCANÇOU"
"MG";315190;12;12;1;1;1;"Sim";100;"ALCANÇOU"
"MG";315200;88;96;7,33333333333333;8;0,916666666666667;"Sim";91,7;"ALCANÇOU"
"MG";315210;68;176;5,66666666666667;14,6666666666667;0,386363636363636;"Não";38,6;"NÃO ALCANÇOU"
"MG";315213;0;0;0;0;;;;"NÃO ALCANÇOU"
"MG";315217;72;72;6;6;1;"Sim";100;"ALCANÇOU"
"MG";315220;0;0;0;0;;;;"NÃO ALCANÇOU"
"MG";315230;12;12;1;1;1;"Sim";100;"ALCANÇOU"
"MG";315240;60;60;5;5;1;"Sim";100;"ALCANÇOU"
"MG";315250;242;247;20,1666666666667;20,5833333333333;0,979757085020243;"Sim";98;"ALCANÇOU"
"MG";315260;0;0;0;0;;;;"NÃO ALCANÇOU"
"MG";315270;0;0;0;0;;;;"NÃO ALCANÇOU"
"MG";315280;60;60;5;5;1;"Sim";100;"ALCANÇOU"
"MG";315290;1;1;0,0833333333333333;0,0833333333333333;1;"Sim";100;"ALCANÇOU"
"MG";315300;12;12;1;1;1;"Sim";100;"ALCANÇOU"
"MG";315310;12;12;1;1;1;"Sim";100;"ALCANÇOU"
"MG";315320;12;12;1;1;1;"Sim";100;"ALCANÇOU"
"MG";315330;12;12;1;1;1;"Sim";100;"ALCANÇOU"
"MG";315340;72;72;6;6;1;"Sim";100;"ALCANÇOU"
"MG";315350;1;12;0,0833333333333333;1;0,0833333333333333;"Não";8,3;"NÃO ALCANÇOU"
"MG";315360;47;48;3,91666666666667;4;0,979166666666667;"Sim";97,9;"ALCANÇOU"
"MG";315370;12;12;1;1;1;"Sim";100;"ALCANÇOU"
"MG";315380;12;12;1;1;1;"Sim";100;"ALCANÇOU"
"MG";315390;16;24;1,33333333333333;2;0,666666666666667;"Não";66,7;"NÃO ALCANÇOU"
"MG";315400;105;108;8,75;9;0,972222222222222;"Sim";97,2;"ALCANÇOU"
"MG";315410;29;33;2,41666666666667;2,75;0,878787878787879;"Sim";87,9;"ALCANÇOU"
"MG";315415;12;12;1;1;1;"Sim";100;"ALCANÇOU"
"MG";315420;12;12;1;1;1;"Sim";100;"ALCANÇOU"
"MG";315430;106;108;8,83333333333333;9;0,981481481481482;"Sim";98,1;"ALCANÇOU"
"MG";315440;15;67;1,25;5,58333333333333;0,223880597014925;"Não";22,4;"NÃO ALCANÇOU"
"MG";315445;36;48;3;4;0,75;"Não";75;"NÃO ALCANÇOU"
"MG";315450;0;0;0;0;;;;"NÃO ALCANÇOU"
"MG";315460;248;249;20,6666666666667;20,75;0,995983935742972;"Sim";99,6;"ALCANÇOU"
"MG";315470;0;0;0;0;;;;"NÃO ALCANÇOU"
"MG";315480;12;12;1;1;1;"Sim";100;"ALCANÇOU"
"MG";315490;12;12;1;1;1;"Sim";100;"ALCANÇOU"
"MG";315500;0;0;0;0;;;;"NÃO ALCANÇOU"
"MG";315510;36;36;3;3;1;"Sim";100;"ALCANÇOU"
"MG";315520;12;12;1;1;1;"Sim";100;"ALCANÇOU"
"MG";315530;0;0;0;0;;;;"NÃO ALCANÇOU"
"MG";315540;12;12;1;1;1;"Sim";100;"ALCANÇOU"
"MG";315550;60;60;5;5;1;"Sim";100;"ALCANÇOU"
"MG";315560;0;0;0;0;;;;"NÃO ALCANÇOU"
"MG";315570;36;36;3;3;1;"Sim";100;"ALCANÇOU"
"MG";315580;24;24;2;2;1;"Sim";100;"ALCANÇOU"
"MG";315590;12;12;1;1;1;"Sim";100;"ALCANÇOU"
"MG";315600;56;60;4,66666666666667;5;0,933333333333333;"Sim";93,3;"ALCANÇOU"
"MG";315610;0;12;0;1;0;"Não";0;"NÃO ALCANÇOU"
"MG";315620;0;0;0;0;;;;"NÃO ALCANÇOU"
"MG";315630;12;12;1;1;1;"Sim";100;"ALCANÇOU"
"MG";315640;12;12;1;1;1;"Sim";100;"ALCANÇOU"
"MG";315645;12;12;1;1;1;"Sim";100;"ALCANÇOU"
"MG";315650;0;0;0;0;;;;"NÃO ALCANÇOU"
"MG";315660;24;24;2;2;1;"Sim";100;"ALCANÇOU"
"MG";315670;217;222;18,0833333333333;18,5;0,977477477477477;"Sim";97,7;"ALCANÇOU"
"MG";315680;71;72;5,91666666666667;6;0,986111111111111;"Sim";98,6;"ALCANÇOU"
"MG";315690;84;96;7;8;0,875;"Sim";87,5;"ALCANÇOU"
"MG";315700;141;144;11,75;12;0,979166666666667;"Sim";97,9;"ALCANÇOU"
"MG";315710;36;36;3;3;1;"Sim";100;"ALCANÇOU"
"MG";315720;132;132;11;11;1;"Sim";100;"ALCANÇOU"
"MG";315725;0;0;0;0;;;;"NÃO ALCANÇOU"
"MG";315727;0;0;0;0;;;;"NÃO ALCANÇOU"
"MG";315730;12;12;1;1;1;"Sim";100;"ALCANÇOU"
"MG";315733;12;13;1;1,08333333333333;0,923076923076923;"Sim";92,3;"ALCANÇOU"
"MG";315737;0;0;0;0;;;;"NÃO ALCANÇOU"
"MG";315740;0;0;0;0;;;;"NÃO ALCANÇOU"
"MG";315750;0;0;0;0;;;;"NÃO ALCANÇOU"
"MG";315760;4;4;0,333333333333333;0,333333333333333;1;"Sim";100;"ALCANÇOU"
"MG";315765;15;17;1,25;1,41666666666667;0,882352941176471;"Sim";88,2;"ALCANÇOU"
"MG";315770;36;36;3;3;1;"Sim";100;"ALCANÇOU"
"MG";315780;8;9;0,666666666666667;0,75;0,888888888888889;"Sim";88,9;"ALCANÇOU"
"MG";315790;72;75;6;6,25;0,96;"Sim";96;"ALCANÇOU"
"MG";315800;13;24;1,08333333333333;2;0,541666666666667;"Não";54,2;"NÃO ALCANÇOU"
"MG";315810;0;0;0;0;;;;"NÃO ALCANÇOU"
"MG";315820;48;76;4;6,33333333333333;0,631578947368421;"Não";63,2;"NÃO ALCANÇOU"
"MG";315830;8;8;0,666666666666667;0,666666666666667;1;"Sim";100;"ALCANÇOU"
"MG";315840;12;12;1;1;1;"Sim";100;"ALCANÇOU"
"MG";315850;12;12;1;1;1;"Sim";100;"ALCANÇOU"
"MG";315860;24;24;2;2;1;"Sim";100;"ALCANÇOU"
"MG";315870;12;12;1;1;1;"Sim";100;"ALCANÇOU"
"MG";315880;12;12;1;1;1;"Sim";100;"ALCANÇOU"
"MG";315890;36;36;3;3;1;"Sim";100;"ALCANÇOU"
"MG";315895;133;144;11,0833333333333;12;0,923611111111111;"Sim";92,4;"ALCANÇOU"
"MG";315900;24;24;2;2;1;"Sim";100;"ALCANÇOU"
"MG";315910;12;12;1;1;1;"Sim";100;"ALCANÇOU"
"MG";315920;24;24;2;2;1;"Sim";100;"ALCANÇOU"
"MG";315930;12;12;1;1;1;"Sim";100;"ALCANÇOU"
"MG";315935;0;0;0;0;;;;"NÃO ALCANÇOU"
"MG";315940;12;12;1;1;1;"Sim";100;"ALCANÇOU"
"MG";315950;0;0;0;0;;;;"NÃO ALCANÇOU"
"MG";315960;0;0;0;0;;;;"NÃO ALCANÇOU"
"MG";315970;12;12;1;1;1;"Sim";100;"ALCANÇOU"
"MG";315980;63;66;5,25;5,5;0,954545454545455;"Sim";95,5;"ALCANÇOU"
"MG";315990;72;99;6;8,25;0,727272727272727;"Não";72,7;"NÃO ALCANÇOU"
"MG";316000;24;24;2;2;1;"Sim";100;"ALCANÇOU"
"MG";316010;0;0;0;0;;;;"NÃO ALCANÇOU"
"MG";316020;12;12;1;1;1;"Sim";100;"ALCANÇOU"
"MG";316030;24;24;2;2;1;"Sim";100;"ALCANÇOU"
"MG";316040;132;144;11;12;0,916666666666667;"Sim";91,7;"ALCANÇOU"
"MG";316045;16;16;1,33333333333333;1,33333333333333;1;"Sim";100;"ALCANÇOU"
"MG";316050;0;0;0;0;;;;"NÃO ALCANÇOU"
"MG";316060;12;12;1;1;1;"Sim";100;"ALCANÇOU"
"MG";316070;153;204;12,75;17;0,75;"Não";75;"NÃO ALCANÇOU"
"MG";316080;12;12;1;1;1;"Sim";100;"ALCANÇOU"
"MG";316090;12;12;1;1;1;"Sim";100;"ALCANÇOU"
"MG";316095;12;12;1;1;1;"Sim";100;"ALCANÇOU"
"MG";316100;24;60;2;5;0,4;"Não";40;"NÃO ALCANÇOU"
"MG";316105;0;0;0;0;;;;"NÃO ALCANÇOU"
"MG";316110;4;10;0,333333333333333;0,833333333333333;0,4;"Não";40;"NÃO ALCANÇOU"
"MG";316120;36;36;3;3;1;"Sim";100;"ALCANÇOU"
"MG";316130;12;12;1;1;1;"Sim";100;"ALCANÇOU"
"MG";316140;28;36;2,33333333333333;3;0,777777777777778;"Não";77,8;"NÃO ALCANÇOU"
"MG";316150;4;12;0,333333333333333;1;0,333333333333333;"Não";33,3;"NÃO ALCANÇOU"
"MG";316160;12;12;1;1;1;"Sim";100;"ALCANÇOU"
"MG";316165;12;12;1;1;1;"Sim";100;"ALCANÇOU"
"MG";316170;36;36;3;3;1;"Sim";100;"ALCANÇOU"
"MG";316180;60;60;5;5;1;"Sim";100;"ALCANÇOU"
"MG";316190;25;25;2,08333333333333;2,08333333333333;1;"Sim";100;"ALCANÇOU"
"MG";316200;12;12;1;1;1;"Sim";100;"ALCANÇOU"
"MG";316210;126;133;10,5;11,0833333333333;0,947368421052632;"Sim";94,7;"ALCANÇOU"
"MG";316220;13;24;1,08333333333333;2;0,541666666666667;"Não";54,2;"NÃO ALCANÇOU"
"MG";316225;0;0;0;0;;;;"NÃO ALCANÇOU"
"MG";316230;12;12;1;1;1;"Sim";100;"ALCANÇOU"
"MG";316240;144;156;12;13;0,923076923076923;"Sim";92,3;"ALCANÇOU"
"MG";316245;0;0;0;0;;;;"NÃO ALCANÇOU"
"MG";316250;6;47;0,5;3,91666666666667;0,127659574468085;"Não";12,8;"NÃO ALCANÇOU"
"MG";316255;12;24;1;2;0,5;"Não";50;"NÃO ALCANÇOU"
"MG";316257;0;0;0;0;;;;"NÃO ALCANÇOU"
"MG";316260;12;36;1;3;0,333333333333333;"Não";33,3;"NÃO ALCANÇOU"
"MG";316265;20;24;1,66666666666667;2;0,833333333333333;"Sim";83,3;"ALCANÇOU"
"MG";316270;36;36;3;3;1;"Sim";100;"ALCANÇOU"
"MG";316280;84;103;7;8,58333333333333;0,815533980582524;"Sim";81,6;"ALCANÇOU"
"MG";316290;68;72;5,66666666666667;6;0,944444444444444;"Sim";94,4;"ALCANÇOU"
"MG";316292;21;130;1,75;10,8333333333333;0,161538461538462;"Não";16,2;"NÃO ALCANÇOU"
"MG";316294;0;12;0;1;0;"Não";0;"NÃO ALCANÇOU"
"MG";316295;0;0;0;0;;;;"NÃO ALCANÇOU"
"MG";316300;12;12;1;1;1;"Sim";100;"ALCANÇOU"
"MG";316310;24;24;2;2;1;"Sim";100;"ALCANÇOU"
"MG";316320;0;0;0;0;;;;"NÃO ALCANÇOU"
"MG";316330;12;12;1;1;1;"Sim";100;"ALCANÇOU"
"MG";316340;0;0;0;0;;;;"NÃO ALCANÇOU"
"MG";316350;12;12;1;1;1;"Sim";100;"ALCANÇOU"
"MG";316360;0;12;0;1;0;"Não";0;"NÃO ALCANÇOU"
"MG";316370;113;134;9,41666666666667;11,1666666666667;0,843283582089552;"Sim";84,3;"ALCANÇOU"
"MG";316380;0;0;0;0;;;;"NÃO ALCANÇOU"
"MG";316390;12;12;1;1;1;"Sim";100;"ALCANÇOU"
"MG";316400;35;36;2,91666666666667;3;0,972222222222222;"Sim";97,2;"ALCANÇOU"
"MG";316410;0;0;0;0;;;;"NÃO ALCANÇOU"
"MG";316420;0;0;0;0;;;;"NÃO ALCANÇOU"
"MG";316430;21;32;1,75;2,66666666666667;0,65625;"Não";65,6;"NÃO ALCANÇOU"
"MG";316440;4;4;0,333333333333333;0,333333333333333;1;"Sim";100;"ALCANÇOU"
"MG";316443;0;12;0;1;0;"Não";0;"NÃO ALCANÇOU"
"MG";316447;12;12;1;1;1;"Sim";100;"ALCANÇOU"
"MG";316450;12;12;1;1;1;"Sim";100;"ALCANÇOU"
"MG";316460;36;36;3;3;1;"Sim";100;"ALCANÇOU"
"MG";316470;17;62;1,41666666666667;5,16666666666667;0,274193548387097;"Não";27,4;"NÃO ALCANÇOU"
"MG";316480;12;12;1;1;1;"Sim";100;"ALCANÇOU"
"MG";316490;0;12;0;1;0;"Não";0;"NÃO ALCANÇOU"
"MG";316500;12;16;1;1,33333333333333;0,75;"Não";75;"NÃO ALCANÇOU"
"MG";316510;0;0;0;0;;;;"NÃO ALCANÇOU"
"MG";316520;12;24;1;2;0,5;"Não";50;"NÃO ALCANÇOU"
"MG";316530;0;0;0;0;;;;"NÃO ALCANÇOU"
"MG";316540;0;0;0;0;;;;"NÃO ALCANÇOU"
"MG";316550;12;12;1;1;1;"Sim";100;"ALCANÇOU"
"MG";316553;132;132;11;11;1;"Sim";100;"ALCANÇOU"
"MG";316555;12;12;1;1;1;"Sim";100;"ALCANÇOU"
"MG";316556;0;0;0;0;;;;"NÃO ALCANÇOU"
"MG";316557;24;24;2;2;1;"Sim";100;"ALCANÇOU"
"MG";316560;0;0;0;0;;;;"NÃO ALCANÇOU"
"MG";316570;12;12;1;1;1;"Sim";100;"ALCANÇOU"
"MG";316580;0;0;0;0;;;;"NÃO ALCANÇOU"
"MG";316590;12;12;1;1;1;"Sim";100;"ALCANÇOU"
"MG";316600;12;12;1;1;1;"Sim";100;"ALCANÇOU"
"MG";316610;0;0;0;0;;;;"NÃO ALCANÇOU"
"MG";316620;36;36;3;3;1;"Sim";100;"ALCANÇOU"
"MG";316630;12;12;1;1;1;"Sim";100;"ALCANÇOU"
"MG";316640;12;12;1;1;1;"Sim";100;"ALCANÇOU"
"MG";316650;12;12;1;1;1;"Sim";100;"ALCANÇOU"
"MG";316660;12;12;1;1;1;"Sim";100;"ALCANÇOU"
"MG";316670;36;36;3;3;1;"Sim";100;"ALCANÇOU"
"MG";316680;56;56;4,66666666666667;4,66666666666667;1;"Sim";100;"ALCANÇOU"
"MG";316690;12;12;1;1;1;"Sim";100;"ALCANÇOU"
"MG";316695;4;4;0,333333333333333;0,333333333333333;1;"Sim";100;"ALCANÇOU"
"MG";316700;12;12;1;1;1;"Sim";100;"ALCANÇOU"
"MG";316710;96;108;8;9;0,888888888888889;"Sim";88,9;"ALCANÇOU"
"MG";316720;192;204;16;17;0,941176470588235;"Sim";94,1;"ALCANÇOU"
"MG";316730;14;14;1,16666666666667;1,16666666666667;1;"Sim";100;"ALCANÇOU"
"MG";316740;12;24;1;2;0,5;"Não";50;"NÃO ALCANÇOU"
"MG";316750;0;0;0;0;;;;"NÃO ALCANÇOU"
"MG";316760;113;114;9,41666666666667;9,5;0,991228070175439;"Sim";99,1;"ALCANÇOU"
"MG";316770;14;24;1,16666666666667;2;0,583333333333333;"Não";58,3;"NÃO ALCANÇOU"
"MG";316780;12;12;1;1;1;"Sim";100;"ALCANÇOU"
"MG";316790;12;12;1;1;1;"Sim";100;"ALCANÇOU"
"MG";316800;30;30;2,5;2,5;1;"Sim";100;"ALCANÇOU"
"MG";316805;12;12;1;1;1;"Sim";100;"ALCANÇOU"
"MG";316810;12;12;1;1;1;"Sim";100;"ALCANÇOU"
"MG";316820;19;24;1,58333333333333;2;0,791666666666667;"Não";79,2;"NÃO ALCANÇOU"
"MG";316830;0;0;0;0;;;;"NÃO ALCANÇOU"
"MG";316840;66;72;5,5;6;0,916666666666667;"Sim";91,7;"ALCANÇOU"
"MG";316850;12;12;1;1;1;"Sim";100;"ALCANÇOU"
"MG";316860;309;389;25,75;32,4166666666667;0,794344473007712;"Não";79,4;"NÃO ALCANÇOU"
"MG";316870;135;137;11,25;11,4166666666667;0,985401459854015;"Sim";98,5;"ALCANÇOU"
"MG";316880;12;12;1;1;1;"Sim";100;"ALCANÇOU"
"MG";316890;36;36;3;3;1;"Sim";100;"ALCANÇOU"
"MG";316900;12;24;1;2;0,5;"Não";50;"NÃO ALCANÇOU"
"MG";316905;0;0;0;0;;;;"NÃO ALCANÇOU"
"MG";316910;0;0;0;0;;;;"NÃO ALCANÇOU"
"MG";316920;12;12;1;1;1;"Sim";100;"ALCANÇOU"
"MG";316930;131;246;10,9166666666667;20,5;0,532520325203252;"Não";53,3;"NÃO ALCANÇOU"
"MG";316935;116;116;9,66666666666667;9,66666666666667;1;"Sim";100;"ALCANÇOU"
"MG";316940;104;144;8,66666666666667;12;0,722222222222222;"Não";72,2;"NÃO ALCANÇOU"
"MG";316950;25;48;2,08333333333333;4;0,520833333333333;"Não";52,1;"NÃO ALCANÇOU"
"MG";316960;60;67;5;5,58333333333333;0,895522388059702;"Sim";89,6;"ALCANÇOU"
"MG";316970;108;108;9;9;1;"Sim";100;"ALCANÇOU"
"MG";316980;12;12;1;1;1;"Sim";100;"ALCANÇOU"
"MG";316990;196;203;16,3333333333333;16,9166666666667;0,96551724137931;"Sim";96,6;"ALCANÇOU"
"MG";317000;0;0;0;0;;;;"NÃO ALCANÇOU"
"MG";317005;12;12;1;1;1;"Sim";100;"ALCANÇOU"
"MG";317010;393;420;32,75;35;0,935714285714286;"Sim";93,6;"ALCANÇOU"
"MG";317020;890;945;74,1666666666667;78,75;0,941798941798942;"Sim";94,2;"ALCANÇOU"
"MG";317030;0;0;0;0;;;;"NÃO ALCANÇOU"
"MG";317040;225;240;18,75;20;0,9375;"Sim";93,8;"ALCANÇOU"
"MG";317043;12;12;1;1;1;"Sim";100;"ALCANÇOU"
"MG";317047;12;12;1;1;1;"Sim";100;"ALCANÇOU"
"MG";317050;0;0;0;0;;;;"NÃO ALCANÇOU"
"MG";317052;0;0;0;0;;;;"NÃO ALCANÇOU"
"MG";317057;12;12;1;1;1;"Sim";100;"ALCANÇOU"
"MG";317060;12;12;1;1;1;"Sim";100;"ALCANÇOU"
"MG";317065;17;20;1,41666666666667;1,66666666666667;0,85;"Sim";85;"ALCANÇOU"
"MG";317070;215;250;17,9166666666667;20,8333333333333;0,86;"Sim";86;"ALCANÇOU"
"MG";317075;24;24;2;2;1;"Sim";100;"ALCANÇOU"
"MG";317080;108;120;9;10;0,9;"Sim";90;"ALCANÇOU"
"MG";317090;0;0;0;0;;;;"NÃO ALCANÇOU"
"MG";317100;95;107;7,91666666666667;8,91666666666667;0,88785046728972;"Sim";88,8;"ALCANÇOU"
"MG";317103;12;12;1;1;1;"Sim";100;"ALCANÇOU"
"MG";317107;36;36;3;3;1;"Sim";100;"ALCANÇOU"
"MG";317110;0;0;0;0;;;;"NÃO ALCANÇOU"
"MG";317115;12;12;1;1;1;"Sim";100;"ALCANÇOU"
"MG";317120;25;29;2,08333333333333;2,41666666666667;0,862068965517241;"Sim";86,2;"ALCANÇOU"
"MG";317130;112;120;9,33333333333333;10;0,933333333333333;"Sim";93,3;"ALCANÇOU"
"MG";317140;24;36;2;3;0,666666666666667;"Não";66,7;"NÃO ALCANÇOU"
"MG";317150;2;12;0,166666666666667;1;0,166666666666667;"Não";16,7;"NÃO ALCANÇOU"
"MG";317160;72;72;6;6;1;"Sim";100;"ALCANÇOU"
"MG";317170;12;12;1;1;1;"Sim";100;"ALCANÇOU"
"MG";317180;0;0;0;0;;;;"NÃO ALCANÇOU"
"MG";317190;12;12;1;1;1;"Sim";100;"ALCANÇOU"
"MG";317200;130;132;10,8333333333333;11;0,984848484848485;"Sim";98,5;"ALCANÇOU"
"MG";317210;12;12;1;1;1;"Sim";100;"ALCANÇOU"
"MG";317220;12;12;1;1;1;"Sim";100;"ALCANÇOU"
"ES";320010;24;24;2;2;1;"Sim";100;"ALCANÇOU"
"ES";320013;12;12;1;1;1;"Sim";100;"ALCANÇOU"
"ES";320016;27;36;2,25;3;0,75;"Não";75;"NÃO ALCANÇOU"
"ES";320020;106;120;8,83333333333333;10;0,883333333333333;"Sim";88,3;"ALCANÇOU"
"ES";320030;58;60;4,83333333333333;5;0,966666666666667;"Sim";96,7;"ALCANÇOU"
"ES";320035;12;12;1;1;1;"Sim";100;"ALCANÇOU"
"ES";320040;123;123;10,25;10,25;1;"Sim";100;"ALCANÇOU"
"ES";320050;12;12;1;1;1;"Sim";100;"ALCANÇOU"
"ES";320060;215;216;17,9166666666667;18;0,99537037037037;"Sim";99,5;"ALCANÇOU"
"ES";320070;12;24;1;2;0,5;"Não";50;"NÃO ALCANÇOU"
"ES";320080;163;168;13,5833333333333;14;0,970238095238095;"Sim";97;"ALCANÇOU"
"ES";320090;57;72;4,75;6;0,791666666666667;"Não";79,2;"NÃO ALCANÇOU"
"ES";320100;12;12;1;1;1;"Sim";100;"ALCANÇOU"
"ES";320110;12;12;1;1;1;"Sim";100;"ALCANÇOU"
"ES";320115;24;24;2;2;1;"Sim";100;"ALCANÇOU"
"ES";320120;345;384;28,75;32;0,8984375;"Sim";89,8;"ALCANÇOU"
"ES";320130;298;318;24,8333333333333;26,5;0,937106918238994;"Sim";93,7;"ALCANÇOU"
"ES";320140;19;44;1,58333333333333;3,66666666666667;0,431818181818182;"Não";43,2;"NÃO ALCANÇOU"
"ES";320150;149;163;12,4166666666667;13,5833333333333;0,914110429447853;"Sim";91,4;"ALCANÇOU"
"ES";320160;88;108;7,33333333333333;9;0,814814814814815;"Sim";81,5;"ALCANÇOU"
"ES";320170;12;14;1;1,16666666666667;0,857142857142857;"Sim";85,7;"ALCANÇOU"
"ES";320180;12;12;1;1;1;"Sim";100;"ALCANÇOU"
"ES";320190;132;132;11;11;1;"Sim";100;"ALCANÇOU"
"ES";320200;12;12;1;1;1;"Sim";100;"ALCANÇOU"
"ES";320210;12;24;1;2;0,5;"Não";50;"NÃO ALCANÇOU"
"ES";320220;36;36;3;3;1;"Sim";100;"ALCANÇOU"
"ES";320225;46;48;3,83333333333333;4;0,958333333333333;"Sim";95,8;"ALCANÇOU"
"ES";320230;12;12;1;1;1;"Sim";100;"ALCANÇOU"
"ES";320240;178;180;14,8333333333333;15;0,988888888888889;"Sim";98,9;"ALCANÇOU"
"ES";320245;12;12;1;1;1;"Sim";100;"ALCANÇOU"
"ES";320250;24;36;2;3;0,666666666666667;"Não";66,7;"NÃO ALCANÇOU"
"ES";320255;12;12;1;1;1;"Sim";100;"ALCANÇOU"
"ES";320260;12;24;1;2;0,5;"Não";50;"NÃO ALCANÇOU"
"ES";320265;81;96;6,75;8;0,84375;"Sim";84,4;"ALCANÇOU"
"ES";320270;12;12;1;1;1;"Sim";100;"ALCANÇOU"
"ES";320280;85;103;7,08333333333333;8,58333333333333;0,825242718446602;"Sim";82,5;"ALCANÇOU"
"ES";320290;12;12;1;1;1;"Sim";100;"ALCANÇOU"
"ES";320300;48;48;4;4;1;"Sim";100;"ALCANÇOU"
"ES";320305;107;114;8,91666666666667;9,5;0,93859649122807;"Sim";93,9;"ALCANÇOU"
"ES";320310;12;20;1;1,66666666666667;0,6;"Não";60;"NÃO ALCANÇOU"
"ES";320313;12;20;1;1,66666666666667;0,6;"Não";60;"NÃO ALCANÇOU"
"ES";320316;52;74;4,33333333333333;6,16666666666667;0,702702702702703;"Não";70,3;"NÃO ALCANÇOU"
"ES";320320;383;384;31,9166666666667;32;0,997395833333333;"Sim";99,7;"ALCANÇOU"
"ES";320330;36;48;3;4;0,75;"Não";75;"NÃO ALCANÇOU"
"ES";320332;105;109;8,75;9,08333333333333;0,963302752293578;"Sim";96,3;"ALCANÇOU"
"ES";320334;91;108;7,58333333333333;9;0,842592592592593;"Sim";84,3;"ALCANÇOU"
"ES";320335;12;12;1;1;1;"Sim";100;"ALCANÇOU"
"ES";320340;45;120;3,75;10;0,375;"Não";37,5;"NÃO ALCANÇOU"
"ES";320350;48;48;4;4;1;"Sim";100;"ALCANÇOU"
"ES";320360;16;36;1,33333333333333;3;0,444444444444444;"Não";44,4;"NÃO ALCANÇOU"
"ES";320370;71;72;5,91666666666667;6;0,986111111111111;"Sim";98,6;"ALCANÇOU"
"ES";320380;15;72;1,25;6;0,208333333333333;"Não";20,8;"NÃO ALCANÇOU"
"ES";320390;84;129;7;10,75;0,651162790697674;"Não";65,1;"NÃO ALCANÇOU"
"ES";320400;33;36;2,75;3;0,916666666666667;"Sim";91,7;"ALCANÇOU"
"ES";320405;48;48;4;4;1;"Sim";100;"ALCANÇOU"
"ES";320410;46;56;3,83333333333333;4,66666666666667;0,821428571428571;"Sim";82,1;"ALCANÇOU"
"ES";320420;108;120;9;10;0,9;"Sim";90;"ALCANÇOU"
"ES";320425;12;12;1;1;1;"Sim";100;"ALCANÇOU"
"ES";320430;12;12;1;1;1;"Sim";100;"ALCANÇOU"
"ES";320435;60;60;5;5;1;"Sim";100;"ALCANÇOU"
"ES";320440;12;12;1;1;1;"Sim";100;"ALCANÇOU"
"ES";320450;16;56;1,33333333333333;4,66666666666667;0,285714285714286;"Não";28,6;"NÃO ALCANÇOU"
"ES";320455;161;162;13,4166666666667;13,5;0,993827160493827;"Sim";99,4;"ALCANÇOU"
"ES";320460;60;60;5;5;1;"Sim";100;"ALCANÇOU"
"ES";320465;12;12;1;1;1;"Sim";100;"ALCANÇOU"
"ES";320470;12;12;1;1;1;"Sim";100;"ALCANÇOU"
"ES";320480;12;18;1;1,5;0,666666666666667;"Não";66,7;"NÃO ALCANÇOU"
"ES";320490;273;333;22,75;27,75;0,81981981981982;"Sim";82;"ALCANÇOU"
"ES";320495;12;12;1;1;1;"Sim";100;"ALCANÇOU"
"ES";320500;483;492;40,25;41;0,981707317073171;"Sim";98,2;"ALCANÇOU"
"ES";320501;75;98;6,25;8,16666666666667;0,76530612244898;"Não";76,5;"NÃO ALCANÇOU"
"ES";320503;12;12;1;1;1;"Sim";100;"ALCANÇOU"
"ES";320506;60;60;5;5;1;"Sim";100;"ALCANÇOU"
"ES";320510;214;219;17,8333333333333;18,25;0,977168949771689;"Sim";97,7;"ALCANÇOU"
"ES";320515;12;12;1;1;1;"Sim";100;"ALCANÇOU"
"ES";320517;12;12;1;1;1;"Sim";100;"ALCANÇOU"
"ES";320520;294;296;24,5;24,6666666666667;0,993243243243243;"Sim";99,3;"ALCANÇOU"
"ES";320530;372;372;31;31;1;"Sim";100;"ALCANÇOU"
"RJ";330010;459;600;38,25;50;0,765;"Não";76,5;"NÃO ALCANÇOU"
"RJ";330015;24;24;2;2;1;"Sim";100;"ALCANÇOU"
"RJ";330020;298;324;24,8333333333333;27;0,919753086419753;"Sim";92;"ALCANÇOU"
"RJ";330022;12;12;1;1;1;"Sim";100;"ALCANÇOU"
"RJ";330023;144;144;12;12;1;"Sim";100;"ALCANÇOU"
"RJ";330025;105;108;8,75;9;0,972222222222222;"Sim";97,2;"ALCANÇOU"
"RJ";330030;221;288;18,4166666666667;24;0,767361111111111;"Não";76,7;"NÃO ALCANÇOU"
"RJ";330040;632;668;52,6666666666667;55,6666666666667;0,946107784431138;"Sim";94,6;"ALCANÇOU"
"RJ";330045;530;708;44,1666666666667;59;0,748587570621469;"Não";74,9;"NÃO ALCANÇOU"
"RJ";330050;82;96;6,83333333333333;8;0,854166666666667;"Sim";85,4;"ALCANÇOU"
"RJ";330060;12;15;1;1,25;0,8;"Sim";80;"ALCANÇOU"
"RJ";330070;455;480;37,9166666666667;40;0,947916666666667;"Sim";94,8;"ALCANÇOU"
"RJ";330080;72;72;6;6;1;"Sim";100;"ALCANÇOU"
"RJ";330090;72;108;6;9;0,666666666666667;"Não";66,7;"NÃO ALCANÇOU"
"RJ";330093;26;39;2,16666666666667;3,25;0,666666666666667;"Não";66,7;"NÃO ALCANÇOU"
"RJ";330095;20;48;1,66666666666667;4;0,416666666666667;"Não";41,7;"NÃO ALCANÇOU"
"RJ";330100;481;574;40,0833333333333;47,8333333333333;0,837979094076655;"Sim";83,8;"ALCANÇOU"
"RJ";330110;94;108;7,83333333333333;9;0,87037037037037;"Sim";87;"ALCANÇOU"
"RJ";330115;33;36;2,75;3;0,916666666666667;"Sim";91,7;"ALCANÇOU"
"RJ";330120;75;84;6,25;7;0,892857142857143;"Sim";89,3;"ALCANÇOU"
"RJ";330130;145;164;12,0833333333333;13,6666666666667;0,884146341463415;"Sim";88,4;"ALCANÇOU"
"RJ";330140;7;14;0,583333333333333;1,16666666666667;0,5;"Não";50;"NÃO ALCANÇOU"
"RJ";330150;96;96;8;8;1;"Sim";100;"ALCANÇOU"
"RJ";330160;33;51;2,75;4,25;0,647058823529412;"Não";64,7;"NÃO ALCANÇOU"
"RJ";330170;707;821;58,9166666666667;68,4166666666667;0,861144945188794;"Sim";86,1;"ALCANÇOU"
"RJ";330180;72;72;6;6;1;"Sim";100;"ALCANÇOU"
"RJ";330185;66;78;5,5;6,5;0,846153846153846;"Sim";84,6;"ALCANÇOU"
"RJ";330187;108;130;9;10,8333333333333;0,830769230769231;"Sim";83,1;"ALCANÇOU"
"RJ";330190;459;468;38,25;39;0,980769230769231;"Sim";98,1;"ALCANÇOU"
"RJ";330200;248;250;20,6666666666667;20,8333333333333;0,992;"Sim";99,2;"ALCANÇOU"
"RJ";330205;50;108;4,16666666666667;9;0,462962962962963;"Não";46,3;"NÃO ALCANÇOU"
"RJ";330210;80;116;6,66666666666667;9,66666666666667;0,689655172413793;"Não";69;"NÃO ALCANÇOU"
"RJ";330220;199;201;16,5833333333333;16,75;0,990049751243781;"Sim";99;"ALCANÇOU"
"RJ";330225;127;127;10,5833333333333;10,5833333333333;1;"Sim";100;"ALCANÇOU"
"RJ";330227;143;156;11,9166666666667;13;0,916666666666667;"Sim";91,7;"ALCANÇOU"
"RJ";330230;12;12;1;1;1;"Sim";100;"ALCANÇOU"
"RJ";330240;543;563;45,25;46,9166666666667;0,964476021314387;"Sim";96,4;"ALCANÇOU"
"RJ";330245;12;24;1;2;0,5;"Não";50;"NÃO ALCANÇOU"
"RJ";330250;644;696;53,6666666666667;58;0,925287356321839;"Sim";92,5;"ALCANÇOU"
"RJ";330260;83;96;6,91666666666667;8;0,864583333333333;"Sim";86,5;"ALCANÇOU"
"RJ";330270;375;375;31,25;31,25;1;"Sim";100;"ALCANÇOU"
"RJ";330280;125;168;10,4166666666667;14;0,744047619047619;"Não";74,4;"NÃO ALCANÇOU"
"RJ";330285;144;168;12;14;0,857142857142857;"Sim";85,7;"ALCANÇOU"
"RJ";330290;168;168;14;14;1;"Sim";100;"ALCANÇOU"
"RJ";330300;111;135;9,25;11,25;0,822222222222222;"Sim";82,2;"ALCANÇOU"
"RJ";330310;84;96;7;8;0,875;"Sim";87,5;"ALCANÇOU"
"RJ";330320;103;132;8,58333333333333;11;0,78030303030303;"Não";78;"NÃO ALCANÇOU"
"RJ";330330;667;714;55,5833333333333;59,5;0,934173669467787;"Sim";93,4;"ALCANÇOU"
"RJ";330340;62;72;5,16666666666667;6;0,861111111111111;"Sim";86,1;"ALCANÇOU"
"RJ";330350;698;789;58,1666666666667;65,75;0,884664131812421;"Sim";88,5;"ALCANÇOU"
"RJ";330360;76;168;6,33333333333333;14;0,452380952380952;"Não";45,2;"NÃO ALCANÇOU"
"RJ";330370;226;252;18,8333333333333;21;0,896825396825397;"Sim";89,7;"ALCANÇOU"
"RJ";330380;178;185;14,8333333333333;15,4166666666667;0,962162162162162;"Sim";96,2;"ALCANÇOU"
"RJ";330385;178;180;14,8333333333333;15;0,988888888888889;"Sim";98,9;"ALCANÇOU"
"RJ";330390;180;180;15;15;1;"Sim";100;"ALCANÇOU"
"RJ";330395;7;16;0,583333333333333;1,33333333333333;0,4375;"Não";43,8;"NÃO ALCANÇOU"
"RJ";330400;128;128;10,6666666666667;10,6666666666667;1;"Sim";100;"ALCANÇOU"
"RJ";330410;120;120;10;10;1;"Sim";100;"ALCANÇOU"
"RJ";330411;106;108;8,83333333333333;9;0,981481481481482;"Sim";98,1;"ALCANÇOU"
"RJ";330412;42;52;3,5;4,33333333333333;0,807692307692308;"Sim";80,8;"ALCANÇOU"
"RJ";330414;212;258;17,6666666666667;21,5;0,821705426356589;"Sim";82,2;"ALCANÇOU"
"RJ";330415;128;132;10,6666666666667;11;0,96969696969697;"Sim";97;"ALCANÇOU"
"RJ";330420;373;384;31,0833333333333;32;0,971354166666667;"Sim";97,1;"ALCANÇOU"
"RJ";330430;82;240;6,83333333333333;20;0,341666666666667;"Não";34,2;"NÃO ALCANÇOU"
"RJ";330440;107;132;8,91666666666667;11;0,810606060606061;"Sim";81,1;"ALCANÇOU"
"RJ";330450;47;72;3,91666666666667;6;0,652777777777778;"Não";65,3;"NÃO ALCANÇOU"
"RJ";330452;156;168;13;14;0,928571428571429;"Sim";92,9;"ALCANÇOU"
"RJ";330455;3012;3111;251;259,25;0,96817743490839;"Sim";96,8;"ALCANÇOU"
"RJ";330460;48;48;4;4;1;"Sim";100;"ALCANÇOU"
"RJ";330470;161;162;13,4166666666667;13,5;0,993827160493827;"Sim";99,4;"ALCANÇOU"
"RJ";330475;165;168;13,75;14;0,982142857142857;"Sim";98,2;"ALCANÇOU"
"RJ";330480;178;216;14,8333333333333;18;0,824074074074074;"Sim";82,4;"ALCANÇOU"
"RJ";330490;771;900;64,25;75;0,856666666666667;"Sim";85,7;"ALCANÇOU"
"RJ";330500;144;186;12;15,5;0,774193548387097;"Não";77,4;"NÃO ALCANÇOU"
"RJ";330510;264;264;22;22;1;"Sim";100;"ALCANÇOU"
"RJ";330513;12;12;1;1;1;"Sim";100;"ALCANÇOU"
"RJ";330515;52;100;4,33333333333333;8,33333333333333;0,52;"Não";52;"NÃO ALCANÇOU"
"RJ";330520;293;300;24,4166666666667;25;0,976666666666667;"Sim";97,7;"ALCANÇOU"
"RJ";330530;47;60;3,91666666666667;5;0,783333333333333;"Não";78,3;"NÃO ALCANÇOU"
"RJ";330540;78;89;6,5;7,41666666666667;0,876404494382023;"Sim";87,6;"ALCANÇOU"
"RJ";330550;254;260;21,1666666666667;21,6666666666667;0,976923076923077;"Sim";97,7;"ALCANÇOU"
"RJ";330555;50;60;4,16666666666667;5;0,833333333333333;"Sim";83,3;"ALCANÇOU"
"RJ";330560;71;81;5,91666666666667;6,75;0,876543209876543;"Sim";87,7;"ALCANÇOU"
"RJ";330570;69;84;5,75;7;0,821428571428571;"Sim";82,1;"ALCANÇOU"
"RJ";330575;143;144;11,9166666666667;12;0,993055555555556;"Sim";99,3;"ALCANÇOU"
"RJ";330580;269;300;22,4166666666667;25;0,896666666666667;"Sim";89,7;"ALCANÇOU"
"RJ";330590;56;71;4,66666666666667;5,91666666666667;0,788732394366197;"Não";78,9;"NÃO ALCANÇOU"
"RJ";330600;360;372;30;31;0,967741935483871;"Sim";96,8;"ALCANÇOU"
"RJ";330610;322;348;26,8333333333333;29;0,925287356321839;"Sim";92,5;"ALCANÇOU"
"RJ";330615;12;12;1;1;1;"Sim";100;"ALCANÇOU"
"RJ";330620;170;312;14,1666666666667;26;0,544871794871795;"Não";54,5;"NÃO ALCANÇOU"
"RJ";330630;606;636;50,5;53;0,952830188679245;"Sim";95,3;"ALCANÇOU"
"SP";350010;96;108;8;9;0,888888888888889;"Sim";88,9;"ALCANÇOU"
"SP";350020;12;12;1;1;1;"Sim";100;"ALCANÇOU"
"SP";350030;72;72;6;6;1;"Sim";100;"ALCANÇOU"
"SP";350040;12;13;1;1,08333333333333;0,923076923076923;"Sim";92,3;"ALCANÇOU"
"SP";350050;48;60;4;5;0,8;"Sim";80;"ALCANÇOU"
"SP";350055;15;32;1,25;2,66666666666667;0,46875;"Não";46,9;"NÃO ALCANÇOU"
"SP";350060;12;12;1;1;1;"Sim";100;"ALCANÇOU"
"SP";350070;59;72;4,91666666666667;6;0,819444444444444;"Sim";81,9;"ALCANÇOU"
"SP";350075;24;24;2;2;1;"Sim";100;"ALCANÇOU"
"SP";350080;13;13;1,08333333333333;1,08333333333333;1;"Sim";100;"ALCANÇOU"
"SP";350090;12;12;1;1;1;"Sim";100;"ALCANÇOU"
"SP";350100;60;68;5;5,66666666666667;0,882352941176471;"Sim";88,2;"ALCANÇOU"
"SP";350110;12;12;1;1;1;"Sim";100;"ALCANÇOU"
"SP";350115;18;24;1,5;2;0,75;"Não";75;"NÃO ALCANÇOU"
"SP";350120;24;24;2;2;1;"Sim";100;"ALCANÇOU"
"SP";350130;24;24;2;2;1;"Sim";100;"ALCANÇOU"
"SP";350140;12;12;1;1;1;"Sim";100;"ALCANÇOU"
"SP";350150;12;12;1;1;1;"Sim";100;"ALCANÇOU"
"SP";350160;291;308;24,25;25,6666666666667;0,944805194805195;"Sim";94,5;"ALCANÇOU"
"SP";350170;55;68;4,58333333333333;5,66666666666667;0,808823529411765;"Sim";80,9;"ALCANÇOU"
"SP";350180;24;24;2;2;1;"Sim";100;"ALCANÇOU"
"SP";350190;200;204;16,6666666666667;17;0,980392156862745;"Sim";98;"ALCANÇOU"
"SP";350200;12;12;1;1;1;"Sim";100;"ALCANÇOU"
"SP";350210;72;72;6;6;1;"Sim";100;"ALCANÇOU"
"SP";350220;50;75;4,16666666666667;6,25;0,666666666666667;"Não";66,7;"NÃO ALCANÇOU"
"SP";350230;36;36;3;3;1;"Sim";100;"ALCANÇOU"
"SP";350240;12;12;1;1;1;"Sim";100;"ALCANÇOU"
"SP";350250;120;120;10;10;1;"Sim";100;"ALCANÇOU"
"SP";350260;12;12;1;1;1;"Sim";100;"ALCANÇOU"
"SP";350270;108;108;9;9;1;"Sim";100;"ALCANÇOU"
"SP";350275;36;50;3;4,16666666666667;0,72;"Não";72;"NÃO ALCANÇOU"
"SP";350280;12;12;1;1;1;"Sim";100;"ALCANÇOU"
"SP";350290;97;120;8,08333333333333;10;0,808333333333333;"Sim";80,8;"ALCANÇOU"
"SP";350300;24;52;2;4,33333333333333;0,461538461538462;"Não";46,2;"NÃO ALCANÇOU"
"SP";350310;12;12;1;1;1;"Sim";100;"ALCANÇOU"
"SP";350315;12;24;1;2;0,5;"Não";50;"NÃO ALCANÇOU"
"SP";350320;469;544;39,0833333333333;45,3333333333333;0,862132352941177;"Sim";86,2;"ALCANÇOU"
"SP";350330;84;92;7;7,66666666666667;0,91304347826087;"Sim";91,3;"ALCANÇOU"
"SP";350335;12;12;1;1;1;"Sim";100;"ALCANÇOU"
"SP";350340;14;24;1,16666666666667;2;0,583333333333333;"Não";58,3;"NÃO ALCANÇOU"
"SP";350350;12;24;1;2;0,5;"Não";50;"NÃO ALCANÇOU"
"SP";350360;36;45;3;3,75;0,8;"Sim";80;"ALCANÇOU"
"SP";350370;12;12;1;1;1;"Sim";100;"ALCANÇOU"
"SP";350380;80;108;6,66666666666667;9;0,740740740740741;"Não";74,1;"NÃO ALCANÇOU"
"SP";350390;108;114;9;9,5;0,947368421052632;"Sim";94,7;"ALCANÇOU"
"SP";350395;12;12;1;1;1;"Sim";100;"ALCANÇOU"
"SP";350400;276;300;23;25;0,92;"Sim";92;"ALCANÇOU"
"SP";350410;202;204;16,8333333333333;17;0,990196078431373;"Sim";99;"ALCANÇOU"
"SP";350420;38;60;3,16666666666667;5;0,633333333333333;"Não";63,3;"NÃO ALCANÇOU"
"SP";350430;23;27;1,91666666666667;2,25;0,851851851851852;"Sim";85,2;"ALCANÇOU"
"SP";350440;12;12;1;1;1;"Sim";100;"ALCANÇOU"
"SP";350450;94;108;7,83333333333333;9;0,87037037037037;"Sim";87;"ALCANÇOU"
"SP";350460;36;36;3;3;1;"Sim";100;"ALCANÇOU"
"SP";350470;11;11;0,916666666666667;0,916666666666667;1;"Sim";100;"ALCANÇOU"
"SP";350480;12;12;1;1;1;"Sim";100;"ALCANÇOU"
"SP";350490;60;60;5;5;1;"Sim";100;"ALCANÇOU"
"SP";350500;3;3;0,25;0,25;1;"Sim";100;"ALCANÇOU"
"SP";350510;12;12;1;1;1;"Sim";100;"ALCANÇOU"
"SP";350520;29;30;2,41666666666667;2,5;0,966666666666667;"Sim";96,7;"ALCANÇOU"
"SP";350530;60;60;5;5;1;"Sim";100;"ALCANÇOU"
"SP";350535;12;12;1;1;1;"Sim";100;"ALCANÇOU"
"SP";350540;25;52;2,08333333333333;4,33333333333333;0,480769230769231;"Não";48,1;"NÃO ALCANÇOU"
"SP";350550;195;213;16,25;17,75;0,915492957746479;"Sim";91,5;"ALCANÇOU"
"SP";350560;25;36;2,08333333333333;3;0,694444444444444;"Não";69,4;"NÃO ALCANÇOU"
"SP";350570;300;325;25;27,0833333333333;0,923076923076923;"Sim";92,3;"ALCANÇOU"
"SP";350580;72;74;6;6,16666666666667;0,972972972972973;"Sim";97,3;"ALCANÇOU"
"SP";350590;108;120;9;10;0,9;"Sim";90;"ALCANÇOU"
"SP";350600;409;439;34,0833333333333;36,5833333333333;0,931662870159453;"Sim";93,2;"ALCANÇOU"
"SP";350610;236;258;19,6666666666667;21,5;0,914728682170543;"Sim";91,5;"ALCANÇOU"
"SP";350620;12;12;1;1;1;"Sim";100;"ALCANÇOU"
"SP";350630;41;48;3,41666666666667;4;0,854166666666667;"Sim";85,4;"ALCANÇOU"
"SP";350635;83;84;6,91666666666667;7;0,988095238095238;"Sim";98,8;"ALCANÇOU"
"SP";350640;12;12;1;1;1;"Sim";100;"ALCANÇOU"
"SP";350650;132;132;11;11;1;"Sim";100;"ALCANÇOU"
"SP";350660;59;72;4,91666666666667;6;0,819444444444444;"Sim";81,9;"ALCANÇOU"
"SP";350670;48;48;4;4;1;"Sim";100;"ALCANÇOU"
"SP";350680;36;36;3;3;1;"Sim";100;"ALCANÇOU"
"SP";350690;25;29;2,08333333333333;2,41666666666667;0,862068965517241;"Sim";86,2;"ALCANÇOU"
"SP";350700;108;114;9;9,5;0,947368421052632;"Sim";94,7;"ALCANÇOU"
"SP";350710;33;33;2,75;2,75;1;"Sim";100;"ALCANÇOU"
"SP";350715;9;9;0,75;0,75;1;"Sim";100;"ALCANÇOU"
"SP";350720;12;12;1;1;1;"Sim";100;"ALCANÇOU"
"SP";350730;22;33;1,83333333333333;2,75;0,666666666666667;"Não";66,7;"NÃO ALCANÇOU"
"SP";350740;48;57;4;4,75;0,842105263157895;"Sim";84,2;"ALCANÇOU"
"SP";350745;12;12;1;1;1;"Sim";100;"ALCANÇOU"
"SP";350750;287;287;23,9166666666667;23,9166666666667;1;"Sim";100;"ALCANÇOU"
"SP";350760;376;391;31,3333333333333;32,5833333333333;0,961636828644501;"Sim";96,2;"ALCANÇOU"
"SP";350770;12;12;1;1;1;"Sim";100;"ALCANÇOU"
"SP";350775;12;12;1;1;1;"Sim";100;"ALCANÇOU"
"SP";350780;61;72;5,08333333333333;6;0,847222222222222;"Sim";84,7;"ALCANÇOU"
"SP";350790;48;60;4;5;0,8;"Sim";80;"ALCANÇOU"
"SP";350800;72;72;6;6;1;"Sim";100;"ALCANÇOU"
"SP";350810;12;24;1;2;0,5;"Não";50;"NÃO ALCANÇOU"
"SP";350820;12;21;1;1,75;0,571428571428571;"Não";57,1;"NÃO ALCANÇOU"
"SP";350830;24;24;2;2;1;"Sim";100;"ALCANÇOU"
"SP";350840;93;104;7,75;8,66666666666667;0,894230769230769;"Sim";89,4;"ALCANÇOU"
"SP";350850;124;140;10,3333333333333;11,6666666666667;0,885714285714286;"Sim";88,6;"ALCANÇOU"
"SP";350860;32;120;2,66666666666667;10;0,266666666666667;"Não";26,7;"NÃO ALCANÇOU"
"SP";350870;41;72;3,41666666666667;6;0,569444444444444;"Não";56,9;"NÃO ALCANÇOU"
"SP";350880;12;12;1;1;1;"Sim";100;"ALCANÇOU"
"SP";350890;24;24;2;2;1;"Sim";100;"ALCANÇOU"
"SP";350900;51;75;4,25;6,25;0,68;"Não";68;"NÃO ALCANÇOU"
"SP";350910;39;56;3,25;4,66666666666667;0,696428571428571;"Não";69,6;"NÃO ALCANÇOU"
"SP";350920;120;120;10;10;1;"Sim";100;"ALCANÇOU"
"SP";350925;127;132;10,5833333333333;11;0,962121212121212;"Sim";96,2;"ALCANÇOU"
"SP";350930;24;48;2;4;0,5;"Não";50;"NÃO ALCANÇOU"
"SP";350940;94;96;7,83333333333333;8;0,979166666666667;"Sim";97,9;"ALCANÇOU"
"SP";350945;12;12;1;1;1;"Sim";100;"ALCANÇOU"
"SP";350950;888;888;74;74;1;"Sim";100;"ALCANÇOU"
"SP";350960;115;120;9,58333333333333;10;0,958333333333333;"Sim";95,8;"ALCANÇOU"
"SP";350970;165;180;13,75;15;0,916666666666667;"Sim";91,7;"ALCANÇOU"
"SP";350980;12;12;1;1;1;"Sim";100;"ALCANÇOU"
"SP";350990;43;60;3,58333333333333;5;0,716666666666667;"Não";71,7;"NÃO ALCANÇOU"
"SP";350995;12;24;1;2;0,5;"Não";50;"NÃO ALCANÇOU"
"SP";351000;60;72;5;6;0,833333333333333;"Sim";83,3;"ALCANÇOU"
"SP";351010;12;12;1;1;1;"Sim";100;"ALCANÇOU"
"SP";351015;12;12;1;1;1;"Sim";100;"ALCANÇOU"
"SP";351020;120;132;10;11;0,909090909090909;"Sim";90,9;"ALCANÇOU"
"SP";351030;50;72;4,16666666666667;6;0,694444444444444;"Não";69,4;"NÃO ALCANÇOU"
"SP";351040;85;96;7,08333333333333;8;0,885416666666667;"Sim";88,5;"ALCANÇOU"
"SP";351050;163;204;13,5833333333333;17;0,799019607843137;"Não";79,9;"ALCANÇOU"
"SP";351060;194;208;16,1666666666667;17,3333333333333;0,932692307692308;"Sim";93,3;"ALCANÇOU"
"SP";351070;58;60;4,83333333333333;5;0,966666666666667;"Sim";96,7;"ALCANÇOU"
"SP";351080;61;61;5,08333333333333;5,08333333333333;1;"Sim";100;"ALCANÇOU"
"SP";351090;21;24;1,75;2;0,875;"Sim";87,5;"ALCANÇOU"
"SP";351100;12;12;1;1;1;"Sim";100;"ALCANÇOU"
"SP";351110;277;300;23,0833333333333;25;0,923333333333333;"Sim";92,3;"ALCANÇOU"
"SP";351120;12;24;1;2;0,5;"Não";50;"NÃO ALCANÇOU"
"SP";351130;24;24;2;2;1;"Sim";100;"ALCANÇOU"
"SP";351140;74;100;6,16666666666667;8,33333333333333;0,74;"Não";74;"NÃO ALCANÇOU"
"SP";351150;88;100;7,33333333333333;8,33333333333333;0,88;"Sim";88;"ALCANÇOU"
"SP";351160;48;66;4;5,5;0,727272727272727;"Não";72,7;"NÃO ALCANÇOU"
"SP";351170;48;48;4;4;1;"Sim";100;"ALCANÇOU"
"SP";351190;12;12;1;1;1;"Sim";100;"ALCANÇOU"
"SP";351200;31;36;2,58333333333333;3;0,861111111111111;"Sim";86,1;"ALCANÇOU"
"SP";351210;28;48;2,33333333333333;4;0,583333333333333;"Não";58,3;"NÃO ALCANÇOU"
"SP";351220;84;84;7;7;1;"Sim";100;"ALCANÇOU"
"SP";351230;44;54;3,66666666666667;4,5;0,814814814814815;"Sim";81,5;"ALCANÇOU"
"SP";351240;84;84;7;7;1;"Sim";100;"ALCANÇOU"
"SP";351250;12;12;1;1;1;"Sim";100;"ALCANÇOU"
"SP";351260;24;24;2;2;1;"Sim";100;"ALCANÇOU"
"SP";351270;12;12;1;1;1;"Sim";100;"ALCANÇOU"
"SP";351280;86;96;7,16666666666667;8;0,895833333333333;"Sim";89,6;"ALCANÇOU"
"SP";351290;22;22;1,83333333333333;1,83333333333333;1;"Sim";100;"ALCANÇOU"
"SP";351300;384;384;32;32;1;"Sim";100;"ALCANÇOU"
"SP";351310;48;48;4;4;1;"Sim";100;"ALCANÇOU"
"SP";351320;24;39;2;3,25;0,615384615384615;"Não";61,5;"NÃO ALCANÇOU"
"SP";351330;12;12;1;1;1;"Sim";100;"ALCANÇOU"
"SP";351340;156;180;13;15;0,866666666666667;"Sim";86,7;"ALCANÇOU"
"SP";351350;232;264;19,3333333333333;22;0,878787878787879;"Sim";87,9;"ALCANÇOU"
"SP";351360;50;60;4,16666666666667;5;0,833333333333333;"Sim";83,3;"ALCANÇOU"
"SP";351370;12;108;1;9;0,111111111111111;"Não";11,1;"NÃO ALCANÇOU"
"SP";351380;269;272;22,4166666666667;22,6666666666667;0,988970588235294;"Sim";98,9;"ALCANÇOU"
"SP";351385;12;12;1;1;1;"Sim";100;"ALCANÇOU"
"SP";351390;12;12;1;1;1;"Sim";100;"ALCANÇOU"
"SP";351400;12;12;1;1;1;"Sim";100;"ALCANÇOU"
"SP";351410;60;60;5;5;1;"Sim";100;"ALCANÇOU"
"SP";351420;12;12;1;1;1;"Sim";100;"ALCANÇOU"
"SP";351430;45;66;3,75;5,5;0,681818181818182;"Não";68,2;"NÃO ALCANÇOU"
"SP";351440;12;12;1;1;1;"Sim";100;"ALCANÇOU"
"SP";351450;36;48;3;4;0,75;"Não";75;"NÃO ALCANÇOU"
"SP";351460;17;17;1,41666666666667;1,41666666666667;1;"Sim";100;"ALCANÇOU"
"SP";351470;22;22;1,83333333333333;1,83333333333333;1;"Sim";100;"ALCANÇOU"
"SP";351480;60;60;5;5;1;"Sim";100;"ALCANÇOU"
"SP";351490;36;72;3;6;0,5;"Não";50;"NÃO ALCANÇOU"
"SP";351492;12;12;1;1;1;"Sim";100;"ALCANÇOU"
"SP";351495;12;12;1;1;1;"Sim";100;"ALCANÇOU"
"SP";351500;250;288;20,8333333333333;24;0,868055555555556;"Sim";86,8;"ALCANÇOU"
"SP";351510;141;144;11,75;12;0,979166666666667;"Sim";97,9;"ALCANÇOU"
"SP";351512;12;12;1;1;1;"Sim";100;"ALCANÇOU"
"SP";351515;33;47;2,75;3,91666666666667;0,702127659574468;"Não";70,2;"NÃO ALCANÇOU"
"SP";351518;84;84;7;7;1;"Sim";100;"ALCANÇOU"
"SP";351519;13;24;1,08333333333333;2;0,541666666666667;"Não";54,2;"NÃO ALCANÇOU"
"SP";351520;36;36;3;3;1;"Sim";100;"ALCANÇOU"
"SP";351530;12;12;1;1;1;"Sim";100;"ALCANÇOU"
"SP";351535;15;64;1,25;5,33333333333333;0,234375;"Não";23,4;"NÃO ALCANÇOU"
"SP";351540;48;48;4;4;1;"Sim";100;"ALCANÇOU"
"SP";351550;239;249;19,9166666666667;20,75;0,959839357429719;"Sim";96;"ALCANÇOU"
"SP";351560;24;24;2;2;1;"Sim";100;"ALCANÇOU"
"SP";351565;12;12;1;1;1;"Sim";100;"ALCANÇOU"
"SP";351570;192;192;16;16;1;"Sim";100;"ALCANÇOU"
"SP";351580;12;12;1;1;1;"Sim";100;"ALCANÇOU"
"SP";351590;12;12;1;1;1;"Sim";100;"ALCANÇOU"
"SP";351600;59;72;4,91666666666667;6;0,819444444444444;"Sim";81,9;"ALCANÇOU"
"SP";351610;12;12;1;1;1;"Sim";100;"ALCANÇOU"
"SP";351620;287;336;23,9166666666667;28;0,854166666666667;"Sim";85,4;"ALCANÇOU"
"SP";351630;165;168;13,75;14;0,982142857142857;"Sim";98,2;"ALCANÇOU"
"SP";351640;199;274;16,5833333333333;22,8333333333333;0,726277372262774;"Não";72,6;"NÃO ALCANÇOU"
"SP";351650;12;12;1;1;1;"Sim";100;"ALCANÇOU"
"SP";351660;12;20;1;1,66666666666667;0,6;"Não";60;"NÃO ALCANÇOU"
"SP";351670;120;120;10;10;1;"Sim";100;"ALCANÇOU"
"SP";351680;12;12;1;1;1;"Sim";100;"ALCANÇOU"
"SP";351685;12;12;1;1;1;"Sim";100;"ALCANÇOU"
"SP";351690;12;12;1;1;1;"Sim";100;"ALCANÇOU"
"SP";351700;45;46;3,75;3,83333333333333;0,978260869565217;"Sim";97,8;"ALCANÇOU"
"SP";351710;13;24;1,08333333333333;2;0,541666666666667;"Não";54,2;"NÃO ALCANÇOU"
"SP";351720;36;36;3;3;1;"Sim";100;"ALCANÇOU"
"SP";351730;12;12;1;1;1;"Sim";100;"ALCANÇOU"
"SP";351740;70;84;5,83333333333333;7;0,833333333333333;"Sim";83,3;"ALCANÇOU"
"SP";351750;36;36;3;3;1;"Sim";100;"ALCANÇOU"
"SP";351760;84;84;7;7;1;"Sim";100;"ALCANÇOU"
"SP";351770;47;84;3,91666666666667;7;0,55952380952381;"Não";56;"NÃO ALCANÇOU"
"SP";351780;12;12;1;1;1;"Sim";100;"ALCANÇOU"
"SP";351790;12;12;1;1;1;"Sim";100;"ALCANÇOU"
"SP";351800;12;12;1;1;1;"Sim";100;"ALCANÇOU"
"SP";351810;36;36;3;3;1;"Sim";100;"ALCANÇOU"
"SP";351820;15;15;1,25;1,25;1;"Sim";100;"ALCANÇOU"
"SP";351830;36;36;3;3;1;"Sim";100;"ALCANÇOU"
"SP";351840;207;216;17,25;18;0,958333333333333;"Sim";95,8;"ALCANÇOU"
"SP";351850;80;102;6,66666666666667;8,5;0,784313725490196;"Não";78,4;"NÃO ALCANÇOU"
"SP";351860;43;72;3,58333333333333;6;0,597222222222222;"Não";59,7;"NÃO ALCANÇOU"
"SP";351870;247;276;20,5833333333333;23;0,894927536231884;"Sim";89,5;"ALCANÇOU"
"SP";351880;972;1008;81;84;0,964285714285714;"Sim";96,4;"ALCANÇOU"
"SP";351885;30;69;2,5;5,75;0,434782608695652;"Não";43,5;"NÃO ALCANÇOU"
"SP";351890;12;12;1;1;1;"Sim";100;"ALCANÇOU"
"SP";351900;47;48;3,91666666666667;4;0,979166666666667;"Sim";97,9;"ALCANÇOU"
"SP";351905;31;56;2,58333333333333;4,66666666666667;0,553571428571429;"Não";55,4;"NÃO ALCANÇOU"
"SP";351907;240;240;20;20;1;"Sim";100;"ALCANÇOU"
"SP";351910;19;40;1,58333333333333;3,33333333333333;0,475;"Não";47,5;"NÃO ALCANÇOU"
"SP";351920;24;24;2;2;1;"Sim";100;"ALCANÇOU"
"SP";351925;12;12;1;1;1;"Sim";100;"ALCANÇOU"
"SP";351930;100;132;8,33333333333333;11;0,757575757575758;"Não";75,8;"NÃO ALCANÇOU"
"SP";351940;24;24;2;2;1;"Sim";100;"ALCANÇOU"
"SP";351950;12;12;1;1;1;"Sim";100;"ALCANÇOU"
"SP";351960;55;116;4,58333333333333;9,66666666666667;0,474137931034483;"Não";47,4;"NÃO ALCANÇOU"
"SP";351970;32;99;2,66666666666667;8,25;0,323232323232323;"Não";32,3;"NÃO ALCANÇOU"
"SP";351980;24;24;2;2;1;"Sim";100;"ALCANÇOU"
"SP";351990;24;24;2;2;1;"Sim";100;"ALCANÇOU"
"SP";352000;48;60;4;5;0,8;"Sim";80;"ALCANÇOU"
"SP";352010;59;96;4,91666666666667;8;0,614583333333333;"Não";61,5;"NÃO ALCANÇOU"
"SP";352020;34;60;2,83333333333333;5;0,566666666666667;"Não";56,7;"NÃO ALCANÇOU"
"SP";352030;112;120;9,33333333333333;10;0,933333333333333;"Sim";93,3;"ALCANÇOU"
"SP";352040;120;120;10;10;1;"Sim";100;"ALCANÇOU"
"SP";352042;60;84;5;7;0,714285714285714;"Não";71,4;"NÃO ALCANÇOU"
"SP";352044;48;48;4;4;1;"Sim";100;"ALCANÇOU"
"SP";352050;214;236;17,8333333333333;19,6666666666667;0,906779661016949;"Sim";90,7;"ALCANÇOU"
"SP";352060;12;12;1;1;1;"Sim";100;"ALCANÇOU"
"SP";352070;12;12;1;1;1;"Sim";100;"ALCANÇOU"
"SP";352080;12;12;1;1;1;"Sim";100;"ALCANÇOU"
"SP";352090;36;36;3;3;1;"Sim";100;"ALCANÇOU"
"SP";352100;62;72;5,16666666666667;6;0,861111111111111;"Sim";86,1;"ALCANÇOU"
"SP";352110;26;36;2,16666666666667;3;0,722222222222222;"Não";72,2;"NÃO ALCANÇOU"
"SP";352115;12;12;1;1;1;"Sim";100;"ALCANÇOU"
"SP";352120;22;36;1,83333333333333;3;0,611111111111111;"Não";61,1;"NÃO ALCANÇOU"
"SP";352130;73;81;6,08333333333333;6,75;0,901234567901235;"Sim";90,1;"ALCANÇOU"
"SP";352140;45;45;3,75;3,75;1;"Sim";100;"ALCANÇOU"
"SP";352150;12;12;1;1;1;"Sim";100;"ALCANÇOU"
"SP";352160;0;0;0;0;;;;"NÃO ALCANÇOU"
"SP";352170;93;107;7,75;8,91666666666667;0,869158878504673;"Sim";86,9;"ALCANÇOU"
"SP";352180;36;48;3;4;0,75;"Não";75;"NÃO ALCANÇOU"
"SP";352190;60;60;5;5;1;"Sim";100;"ALCANÇOU"
"SP";352200;12;12;1;1;1;"Sim";100;"ALCANÇOU"
"SP";352210;177;192;14,75;16;0,921875;"Sim";92,2;"ALCANÇOU"
"SP";352215;12;12;1;1;1;"Sim";100;"ALCANÇOU"
"SP";352220;183;200;15,25;16,6666666666667;0,915;"Sim";91,5;"ALCANÇOU"
"SP";352230;253;296;21,0833333333333;24,6666666666667;0,85472972972973;"Sim";85,5;"ALCANÇOU"
"SP";352240;251;297;20,9166666666667;24,75;0,845117845117845;"Sim";84,5;"ALCANÇOU"
"SP";352250;202;212;16,8333333333333;17,6666666666667;0,952830188679245;"Sim";95,3;"ALCANÇOU"
"SP";352260;174;180;14,5;15;0,966666666666667;"Sim";96,7;"ALCANÇOU"
"SP";352265;24;24;2;2;1;"Sim";100;"ALCANÇOU"
"SP";352270;66;84;5,5;7;0,785714285714286;"Não";78,6;"NÃO ALCANÇOU"
"SP";352280;48;48;4;4;1;"Sim";100;"ALCANÇOU"
"SP";352290;34;60;2,83333333333333;5;0,566666666666667;"Não";56,7;"NÃO ALCANÇOU"
"SP";352300;12;12;1;1;1;"Sim";100;"ALCANÇOU"
"SP";352310;216;216;18;18;1;"Sim";100;"ALCANÇOU"
"SP";352320;96;108;8;9;0,888888888888889;"Sim";88,9;"ALCANÇOU"
"SP";352330;51;56;4,25;4,66666666666667;0,910714285714286;"Sim";91,1;"ALCANÇOU"
"SP";352340;303;312;25,25;26;0,971153846153846;"Sim";97,1;"ALCANÇOU"
"SP";352350;24;36;2;3;0,666666666666667;"Não";66,7;"NÃO ALCANÇOU"
"SP";352360;36;36;3;3;1;"Sim";100;"ALCANÇOU"
"SP";352370;14;38;1,16666666666667;3,16666666666667;0,368421052631579;"Não";36,8;"NÃO ALCANÇOU"
"SP";352380;12;12;1;1;1;"Sim";100;"ALCANÇOU"
"SP";352390;252;252;21;21;1;"Sim";100;"ALCANÇOU"
"SP";352400;156;156;13;13;1;"Sim";100;"ALCANÇOU"
"SP";352410;138;144;11,5;12;0,958333333333333;"Sim";95,8;"ALCANÇOU"
"SP";352420;12;24;1;2;0,5;"Não";50;"NÃO ALCANÇOU"
"SP";352430;161;177;13,4166666666667;14,75;0,909604519774011;"Sim";91;"ALCANÇOU"
"SP";352440;253;276;21,0833333333333;23;0,916666666666667;"Sim";91,7;"ALCANÇOU"
"SP";352450;36;36;3;3;1;"Sim";100;"ALCANÇOU"
"SP";352460;96;96;8;8;1;"Sim";100;"ALCANÇOU"
"SP";352470;109;156;9,08333333333333;13;0,698717948717949;"Não";69,9;"NÃO ALCANÇOU"
"SP";352480;125;127;10,4166666666667;10,5833333333333;0,984251968503937;"Sim";98,4;"ALCANÇOU"
"SP";352490;12;24;1;2;0,5;"Não";50;"NÃO ALCANÇOU"
"SP";352500;120;120;10;10;1;"Sim";100;"ALCANÇOU"
"SP";352510;24;36;2;3;0,666666666666667;"Não";66,7;"NÃO ALCANÇOU"
"SP";352520;49;60;4,08333333333333;5;0,816666666666667;"Sim";81,7;"ALCANÇOU"
"SP";352530;221;282;18,4166666666667;23,5;0,783687943262411;"Não";78,4;"NÃO ALCANÇOU"
"SP";352540;23;24;1,91666666666667;2;0,958333333333333;"Sim";95,8;"ALCANÇOU"
"SP";352550;24;24;2;2;1;"Sim";100;"ALCANÇOU"
"SP";352560;24;24;2;2;1;"Sim";100;"ALCANÇOU"
"SP";352570;80;84;6,66666666666667;7;0,952380952380952;"Sim";95,2;"ALCANÇOU"
"SP";352580;12;12;1;1;1;"Sim";100;"ALCANÇOU"
"SP";352585;19;32;1,58333333333333;2,66666666666667;0,59375;"Não";59,4;"NÃO ALCANÇOU"
"SP";352590;444;461;37;38,4166666666667;0,963123644251627;"Sim";96,3;"ALCANÇOU"
"SP";352600;12;12;1;1;1;"Sim";100;"ALCANÇOU"
"SP";352610;86;103;7,16666666666667;8,58333333333333;0,83495145631068;"Sim";83,5;"ALCANÇOU"
"SP";352620;94;108;7,83333333333333;9;0,87037037037037;"Sim";87;"ALCANÇOU"
"SP";352630;12;12;1;1;1;"Sim";100;"ALCANÇOU"
"SP";352640;36;36;3;3;1;"Sim";100;"ALCANÇOU"
"SP";352650;18;24;1,5;2;0,75;"Não";75;"NÃO ALCANÇOU"
"SP";352660;48;48;4;4;1;"Sim";100;"ALCANÇOU"
"SP";352670;132;168;11;14;0,785714285714286;"Não";78,6;"NÃO ALCANÇOU"
"SP";352680;157;185;13,0833333333333;15,4166666666667;0,848648648648649;"Sim";84,9;"ALCANÇOU"
"SP";352690;216;240;18;20;0,9;"Sim";90;"ALCANÇOU"
"SP";352700;12;12;1;1;1;"Sim";100;"ALCANÇOU"
"SP";352710;157;168;13,0833333333333;14;0,93452380952381;"Sim";93,5;"ALCANÇOU"
"SP";352720;222;240;18,5;20;0,925;"Sim";92,5;"ALCANÇOU"
"SP";352725;12;12;1;1;1;"Sim";100;"ALCANÇOU"
"SP";352730;72;72;6;6;1;"Sim";100;"ALCANÇOU"
"SP";352740;48;65;4;5,41666666666667;0,738461538461539;"Não";73,8;"NÃO ALCANÇOU"
"SP";352750;12;12;1;1;1;"Sim";100;"ALCANÇOU"
"SP";352760;21;21;1,75;1,75;1;"Sim";100;"ALCANÇOU"
"SP";352770;12;12;1;1;1;"Sim";100;"ALCANÇOU"
"SP";352780;24;24;2;2;1;"Sim";100;"ALCANÇOU"
"SP";352790;12;12;1;1;1;"Sim";100;"ALCANÇOU"
"SP";352800;48;60;4;5;0,8;"Sim";80;"ALCANÇOU"
"SP";352810;24;24;2;2;1;"Sim";100;"ALCANÇOU"
"SP";352820;12;12;1;1;1;"Sim";100;"ALCANÇOU"
"SP";352830;12;12;1;1;1;"Sim";100;"ALCANÇOU"
"SP";352840;146;156;12,1666666666667;13;0,935897435897436;"Sim";93,6;"ALCANÇOU"
"SP";352850;180;192;15;16;0,9375;"Sim";93,8;"ALCANÇOU"
"SP";352860;24;24;2;2;1;"Sim";100;"ALCANÇOU"
"SP";352870;24;24;2;2;1;"Sim";100;"ALCANÇOU"
"SP";352880;12;12;1;1;1;"Sim";100;"ALCANÇOU"
"SP";352885;12;12;1;1;1;"Sim";100;"ALCANÇOU"
"SP";352890;12;12;1;1;1;"Sim";100;"ALCANÇOU"
"SP";352900;727;732;60,5833333333333;61;0,993169398907104;"Sim";99,3;"ALCANÇOU"
"SP";352910;12;12;1;1;1;"Sim";100;"ALCANÇOU"
"SP";352920;88;88;7,33333333333333;7,33333333333333;1;"Sim";100;"ALCANÇOU"
"SP";352930;98;186;8,16666666666667;15,5;0,526881720430108;"Não";52,7;"NÃO ALCANÇOU"
"SP";352940;291;303;24,25;25,25;0,96039603960396;"Sim";96;"ALCANÇOU"
"SP";352950;12;12;1;1;1;"Sim";100;"ALCANÇOU"
"SP";352960;12;12;1;1;1;"Sim";100;"ALCANÇOU"
"SP";352965;12;12;1;1;1;"Sim";100;"ALCANÇOU"
"SP";352970;16;72;1,33333333333333;6;0,222222222222222;"Não";22,2;"NÃO ALCANÇOU"
"SP";352980;35;60;2,91666666666667;5;0,583333333333333;"Não";58,3;"NÃO ALCANÇOU"
"SP";352990;108;120;9;10;0,9;"Sim";90;"ALCANÇOU"
"SP";353000;12;12;1;1;1;"Sim";100;"ALCANÇOU"
"SP";353010;68;72;5,66666666666667;6;0,944444444444444;"Sim";94,4;"ALCANÇOU"
"SP";353020;96;96;8;8;1;"Sim";100;"ALCANÇOU"
"SP";353030;60;60;5;5;1;"Sim";100;"ALCANÇOU"
"SP";353040;12;12;1;1;1;"Sim";100;"ALCANÇOU"
"SP";353050;122;135;10,1666666666667;11,25;0,903703703703704;"Sim";90,4;"ALCANÇOU"
"SP";353060;481;504;40,0833333333333;42;0,954365079365079;"Sim";95,4;"ALCANÇOU"
"SP";353070;251;276;20,9166666666667;23;0,909420289855073;"Sim";90,9;"ALCANÇOU"
"SP";353080;158;180;13,1666666666667;15;0,877777777777778;"Sim";87,8;"ALCANÇOU"
"SP";353090;24;24;2;2;1;"Sim";100;"ALCANÇOU"
"SP";353100;12;12;1;1;1;"Sim";100;"ALCANÇOU"
"SP";353110;108;108;9;9;1;"Sim";100;"ALCANÇOU"
"SP";353120;35;36;2,91666666666667;3;0,972222222222222;"Sim";97,2;"ALCANÇOU"
"SP";353130;82;111;6,83333333333333;9,25;0,738738738738739;"Não";73,9;"NÃO ALCANÇOU"
"SP";353140;36;36;3;3;1;"Sim";100;"ALCANÇOU"
"SP";353150;8;24;0,666666666666667;2;0,333333333333333;"Não";33,3;"NÃO ALCANÇOU"
"SP";353160;12;12;1;1;1;"Sim";100;"ALCANÇOU"
"SP";353170;24;24;2;2;1;"Sim";100;"ALCANÇOU"
"SP";353180;113;132;9,41666666666667;11;0,856060606060606;"Sim";85,6;"ALCANÇOU"
"SP";353190;92;98;7,66666666666667;8,16666666666667;0,938775510204082;"Sim";93,9;"ALCANÇOU"
"SP";353200;24;24;2;2;1;"Sim";100;"ALCANÇOU"
"SP";353205;24;24;2;2;1;"Sim";100;"ALCANÇOU"
"SP";353210;12;12;1;1;1;"Sim";100;"ALCANÇOU"
"SP";353215;12;12;1;1;1;"Sim";100;"ALCANÇOU"
"SP";353220;12;12;1;1;1;"Sim";100;"ALCANÇOU"
"SP";353230;12;12;1;1;1;"Sim";100;"ALCANÇOU"
"SP";353240;12;36;1;3;0,333333333333333;"Não";33,3;"NÃO ALCANÇOU"
"SP";353250;36;36;3;3;1;"Sim";100;"ALCANÇOU"
"SP";353260;43;48;3,58333333333333;4;0,895833333333333;"Sim";89,6;"ALCANÇOU"
"SP";353270;12;12;1;1;1;"Sim";100;"ALCANÇOU"
"SP";353280;24;24;2;2;1;"Sim";100;"ALCANÇOU"
"SP";353282;36;36;3;3;1;"Sim";100;"ALCANÇOU"
"SP";353284;12;12;1;1;1;"Sim";100;"ALCANÇOU"
"SP";353286;12;12;1;1;1;"Sim";100;"ALCANÇOU"
"SP";353290;37;48;3,08333333333333;4;0,770833333333333;"Não";77,1;"NÃO ALCANÇOU"
"SP";353300;41;48;3,41666666666667;4;0,854166666666667;"Sim";85,4;"ALCANÇOU"
"SP";353310;12;12;1;1;1;"Sim";100;"ALCANÇOU"
"SP";353320;12;12;1;1;1;"Sim";100;"ALCANÇOU"
"SP";353325;12;12;1;1;1;"Sim";100;"ALCANÇOU"
"SP";353330;12;12;1;1;1;"Sim";100;"ALCANÇOU"
"SP";353340;90;92;7,5;7,66666666666667;0,978260869565217;"Sim";97,8;"ALCANÇOU"
"SP";353350;48;48;4;4;1;"Sim";100;"ALCANÇOU"
"SP";353360;12;12;1;1;1;"Sim";100;"ALCANÇOU"
"SP";353370;12;12;1;1;1;"Sim";100;"ALCANÇOU"
"SP";353380;12;12;1;1;1;"Sim";100;"ALCANÇOU"
"SP";353390;124;137;10,3333333333333;11,4166666666667;0,905109489051095;"Sim";90,5;"ALCANÇOU"
"SP";353400;12;12;1;1;1;"Sim";100;"ALCANÇOU"
"SP";353410;34;36;2,83333333333333;3;0,944444444444444;"Sim";94,4;"ALCANÇOU"
"SP";353420;12;12;1;1;1;"Sim";100;"ALCANÇOU"
"SP";353430;12;12;1;1;1;"Sim";100;"ALCANÇOU"
"SP";353440;503;564;41,9166666666667;47;0,891843971631206;"Sim";89,2;"ALCANÇOU"
"SP";353450;12;12;1;1;1;"Sim";100;"ALCANÇOU"
"SP";353460;45;48;3,75;4;0,9375;"Sim";93,8;"ALCANÇOU"
"SP";353470;117;117;9,75;9,75;1;"Sim";100;"ALCANÇOU"
"SP";353475;48;51;4;4,25;0,941176470588235;"Sim";94,1;"ALCANÇOU"
"SP";353480;12;12;1;1;1;"Sim";100;"ALCANÇOU"
"SP";353490;62;96;5,16666666666667;8;0,645833333333333;"Não";64,6;"NÃO ALCANÇOU"
"SP";353500;36;36;3;3;1;"Sim";100;"ALCANÇOU"
"SP";353510;12;12;1;1;1;"Sim";100;"ALCANÇOU"
"SP";353520;36;36;3;3;1;"Sim";100;"ALCANÇOU"
"SP";353530;12;12;1;1;1;"Sim";100;"ALCANÇOU"
"SP";353540;12;12;1;1;1;"Sim";100;"ALCANÇOU"
"SP";353550;142;156;11,8333333333333;13;0,91025641025641;"Sim";91;"ALCANÇOU"
"SP";353560;12;24;1;2;0,5;"Não";50;"NÃO ALCANÇOU"
"SP";353570;12;12;1;1;1;"Sim";100;"ALCANÇOU"
"SP";353580;31;43;2,58333333333333;3,58333333333333;0,720930232558139;"Não";72,1;"NÃO ALCANÇOU"
"SP";353590;12;12;1;1;1;"Sim";100;"ALCANÇOU"
"SP";353600;0;0;0;0;;;;"NÃO ALCANÇOU"
"SP";353610;12;12;1;1;1;"Sim";100;"ALCANÇOU"
"SP";353620;99;108;8,25;9;0,916666666666667;"Sim";91,7;"ALCANÇOU"
"SP";353625;12;12;1;1;1;"Sim";100;"ALCANÇOU"
"SP";353630;12;35;1;2,91666666666667;0,342857142857143;"Não";34,3;"NÃO ALCANÇOU"
"SP";353640;12;12;1;1;1;"Sim";100;"ALCANÇOU"
"SP";353650;132;132;11;11;1;"Sim";100;"ALCANÇOU"
"SP";353657;12;12;1;1;1;"Sim";100;"ALCANÇOU"
"SP";353660;12;12;1;1;1;"Sim";100;"ALCANÇOU"
"SP";353670;24;24;2;2;1;"Sim";100;"ALCANÇOU"
"SP";353680;12;12;1;1;1;"Sim";100;"ALCANÇOU"
"SP";353690;12;12;1;1;1;"Sim";100;"ALCANÇOU"
"SP";353700;12;12;1;1;1;"Sim";100;"ALCANÇOU"
"SP";353710;126;138;10,5;11,5;0,91304347826087;"Sim";91,3;"ALCANÇOU"
"SP";353715;12;12;1;1;1;"Sim";100;"ALCANÇOU"
"SP";353720;60;72;5;6;0,833333333333333;"Sim";83,3;"ALCANÇOU"
"SP";353730;58;58;4,83333333333333;4,83333333333333;1;"Sim";100;"ALCANÇOU"
"SP";353740;60;60;5;5;1;"Sim";100;"ALCANÇOU"
"SP";353750;29;36;2,41666666666667;3;0,805555555555556;"Sim";80,6;"ALCANÇOU"
"SP";353760;0;0;0;0;;;;"NÃO ALCANÇOU"
"SP";353770;12;12;1;1;1;"Sim";100;"ALCANÇOU"
"SP";353780;88;96;7,33333333333333;8;0,916666666666667;"Sim";91,7;"ALCANÇOU"
"SP";353790;55;72;4,58333333333333;6;0,763888888888889;"Não";76,4;"NÃO ALCANÇOU"
"SP";353800;350;360;29,1666666666667;30;0,972222222222222;"Sim";97,2;"ALCANÇOU"
"SP";353810;36;36;3;3;1;"Sim";100;"ALCANÇOU"
"SP";353820;12;12;1;1;1;"Sim";100;"ALCANÇOU"
"SP";353830;5;5;0,416666666666667;0,416666666666667;1;"Sim";100;"ALCANÇOU"
"SP";353850;43;48;3,58333333333333;4;0,895833333333333;"Sim";89,6;"ALCANÇOU"
"SP";353860;39;48;3,25;4;0,8125;"Sim";81,2;"ALCANÇOU"
"SP";353870;926;972;77,1666666666667;81;0,952674897119342;"Sim";95,3;"ALCANÇOU"
"SP";353880;108;108;9;9;1;"Sim";100;"ALCANÇOU"
"SP";353890;12;12;1;1;1;"Sim";100;"ALCANÇOU"
"SP";353900;25;25;2,08333333333333;2,08333333333333;1;"Sim";100;"ALCANÇOU"
"SP";353910;48;60;4;5;0,8;"Sim";80;"ALCANÇOU"
"SP";353920;24;24;2;2;1;"Sim";100;"ALCANÇOU"
"SP";353930;108;108;9;9;1;"Sim";100;"ALCANÇOU"
"SP";353940;48;48;4;4;1;"Sim";100;"ALCANÇOU"
"SP";353950;83;84;6,91666666666667;7;0,988095238095238;"Sim";98,8;"ALCANÇOU"
"SP";353960;12;12;1;1;1;"Sim";100;"ALCANÇOU"
"SP";353970;12;12;1;1;1;"Sim";100;"ALCANÇOU"
"SP";353980;159;160;13,25;13,3333333333333;0,99375;"Sim";99,4;"ALCANÇOU"
"SP";353990;12;12;1;1;1;"Sim";100;"ALCANÇOU"
"SP";354000;120;120;10;10;1;"Sim";100;"ALCANÇOU"
"SP";354010;12;12;1;1;1;"Sim";100;"ALCANÇOU"
"SP";354020;50;80;4,16666666666667;6,66666666666667;0,625;"Não";62,5;"NÃO ALCANÇOU"
"SP";354025;12;12;1;1;1;"Sim";100;"ALCANÇOU"
"SP";354030;12;12;1;1;1;"Sim";100;"ALCANÇOU"
"SP";354040;12;12;1;1;1;"Sim";100;"ALCANÇOU"
"SP";354050;36;36;3;3;1;"Sim";100;"ALCANÇOU"
"SP";354060;89;113;7,41666666666667;9,41666666666667;0,787610619469027;"Não";78,8;"NÃO ALCANÇOU"
"SP";354070;85;142;7,08333333333333;11,8333333333333;0,598591549295775;"Não";59,9;"NÃO ALCANÇOU"
"SP";354075;64;72;5,33333333333333;6;0,888888888888889;"Sim";88,9;"ALCANÇOU"
"SP";354080;35;60;2,91666666666667;5;0,583333333333333;"Não";58,3;"NÃO ALCANÇOU"
"SP";354085;12;12;1;1;1;"Sim";100;"ALCANÇOU"
"SP";354090;12;30;1;2,5;0,4;"Não";40;"NÃO ALCANÇOU"
"SP";354100;397;432;33,0833333333333;36;0,918981481481482;"Sim";91,9;"ALCANÇOU"
"SP";354105;12;12;1;1;1;"Sim";100;"ALCANÇOU"
"SP";354110;12;12;1;1;1;"Sim";100;"ALCANÇOU"
"SP";354120;12;12;1;1;1;"Sim";100;"ALCANÇOU"
"SP";354130;24;36;2;3;0,666666666666667;"Não";66,7;"NÃO ALCANÇOU"
"SP";354140;396;405;33;33,75;0,977777777777778;"Sim";97,8;"ALCANÇOU"
"SP";354150;14;50;1,16666666666667;4,16666666666667;0,28;"Não";28;"NÃO ALCANÇOU"
"SP";354160;12;24;1;2;0,5;"Não";50;"NÃO ALCANÇOU"
"SP";354165;12;12;1;1;1;"Sim";100;"ALCANÇOU"
"SP";354170;12;12;1;1;1;"Sim";100;"ALCANÇOU"
"SP";354180;24;24;2;2;1;"Sim";100;"ALCANÇOU"
"SP";354190;36;60;3;5;0,6;"Não";60;"NÃO ALCANÇOU"
"SP";354200;36;36;3;3;1;"Sim";100;"ALCANÇOU"
"SP";354210;12;12;1;1;1;"Sim";100;"ALCANÇOU"
"SP";354220;120;120;10;10;1;"Sim";100;"ALCANÇOU"
"SP";354230;12;12;1;1;1;"Sim";100;"ALCANÇOU"
"SP";354240;38;44;3,16666666666667;3,66666666666667;0,863636363636364;"Sim";86,4;"ALCANÇOU"
"SP";354250;12;12;1;1;1;"Sim";100;"ALCANÇOU"
"SP";354260;236;256;19,6666666666667;21,3333333333333;0,921875;"Sim";92,2;"ALCANÇOU"
"SP";354270;12;12;1;1;1;"Sim";100;"ALCANÇOU"
"SP";354280;24;29;2;2,41666666666667;0,827586206896552;"Sim";82,8;"ALCANÇOU"
"SP";354290;35;36;2,91666666666667;3;0,972222222222222;"Sim";97,2;"ALCANÇOU"
"SP";354300;73;81;6,08333333333333;6,75;0,901234567901235;"Sim";90,1;"ALCANÇOU"
"SP";354310;20;27;1,66666666666667;2,25;0,740740740740741;"Não";74,1;"NÃO ALCANÇOU"
"SP";354320;12;12;1;1;1;"Sim";100;"ALCANÇOU"
"SP";354323;12;12;1;1;1;"Sim";100;"ALCANÇOU"
"SP";354325;12;12;1;1;1;"Sim";100;"ALCANÇOU"
"SP";354330;130;156;10,8333333333333;13;0,833333333333333;"Sim";83,3;"ALCANÇOU"
"SP";354340;493;528;41,0833333333333;44;0,933712121212121;"Sim";93,4;"ALCANÇOU"
"SP";354350;12;12;1;1;1;"Sim";100;"ALCANÇOU"
"SP";354360;21;21;1,75;1,75;1;"Sim";100;"ALCANÇOU"
"SP";354370;24;24;2;2;1;"Sim";100;"ALCANÇOU"
"SP";354380;24;24;2;2;1;"Sim";100;"ALCANÇOU"
"SP";354390;283;304;23,5833333333333;25,3333333333333;0,930921052631579;"Sim";93,1;"ALCANÇOU"
"SP";354400;36;36;3;3;1;"Sim";100;"ALCANÇOU"
"SP";354410;96;108;8;9;0,888888888888889;"Sim";88,9;"ALCANÇOU"
"SP";354420;48;48;4;4;1;"Sim";100;"ALCANÇOU"
"SP";354425;36;36;3;3;1;"Sim";100;"ALCANÇOU"
"SP";354430;51;75;4,25;6,25;0,68;"Não";68;"NÃO ALCANÇOU"
"SP";354440;12;12;1;1;1;"Sim";100;"ALCANÇOU"
"SP";354450;12;12;1;1;1;"Sim";100;"ALCANÇOU"
"SP";354460;16;24;1,33333333333333;2;0,666666666666667;"Não";66,7;"NÃO ALCANÇOU"
"SP";354470;12;12;1;1;1;"Sim";100;"ALCANÇOU"
"SP";354480;12;12;1;1;1;"Sim";100;"ALCANÇOU"
"SP";354490;20;64;1,66666666666667;5,33333333333333;0,3125;"Não";31,2;"NÃO ALCANÇOU"
"SP";354500;24;24;2;2;1;"Sim";100;"ALCANÇOU"
"SP";354510;12;12;1;1;1;"Sim";100;"ALCANÇOU"
"SP";354515;24;24;2;2;1;"Sim";100;"ALCANÇOU"
"SP";354520;149;161;12,4166666666667;13,4166666666667;0,925465838509317;"Sim";92,5;"ALCANÇOU"
"SP";354530;115;127;9,58333333333333;10,5833333333333;0,905511811023622;"Sim";90,6;"ALCANÇOU"
"SP";354540;23;24;1,91666666666667;2;0,958333333333333;"Sim";95,8;"ALCANÇOU"
"SP";354550;12;12;1;1;1;"Sim";100;"ALCANÇOU"
"SP";354560;60;60;5;5;1;"Sim";100;"ALCANÇOU"
"SP";354570;12;12;1;1;1;"Sim";100;"ALCANÇOU"
"SP";354580;164;192;13,6666666666667;16;0,854166666666667;"Sim";85,4;"ALCANÇOU"
"SP";354600;24;24;2;2;1;"Sim";100;"ALCANÇOU"
"SP";354610;12;12;1;1;1;"Sim";100;"ALCANÇOU"
"SP";354620;12;12;1;1;1;"Sim";100;"ALCANÇOU"
"SP";354625;7;12;0,583333333333333;1;0,583333333333333;"Não";58,3;"NÃO ALCANÇOU"
"SP";354630;37;66;3,08333333333333;5,5;0,560606060606061;"Não";56,1;"NÃO ALCANÇOU"
"SP";354640;120;120;10;10;1;"Sim";100;"ALCANÇOU"
"SP";354650;12;12;1;1;1;"Sim";100;"ALCANÇOU"
"SP";354660;47;48;3,91666666666667;4;0,979166666666667;"Sim";97,9;"ALCANÇOU"
"SP";354670;60;60;5;5;1;"Sim";100;"ALCANÇOU"
"SP";354680;132;132;11;11;1;"Sim";100;"ALCANÇOU"
"SP";354690;24;24;2;2;1;"Sim";100;"ALCANÇOU"
"SP";354700;12;12;1;1;1;"Sim";100;"ALCANÇOU"
"SP";354710;12;12;1;1;1;"Sim";100;"ALCANÇOU"
"SP";354720;12;12;1;1;1;"Sim";100;"ALCANÇOU"
"SP";354730;165;168;13,75;14;0,982142857142857;"Sim";98,2;"ALCANÇOU"
"SP";354740;12;12;1;1;1;"Sim";100;"ALCANÇOU"
"SP";354750;24;24;2;2;1;"Sim";100;"ALCANÇOU"
"SP";354760;24;24;2;2;1;"Sim";100;"ALCANÇOU"
"SP";354765;12;12;1;1;1;"Sim";100;"ALCANÇOU"
"SP";354770;23;28;1,91666666666667;2,33333333333333;0,821428571428571;"Sim";82,1;"ALCANÇOU"
"SP";354780;447;534;37,25;44,5;0,837078651685393;"Sim";83,7;"ALCANÇOU"
"SP";354790;36;36;3;3;1;"Sim";100;"ALCANÇOU"
"SP";354800;72;84;6;7;0,857142857142857;"Sim";85,7;"ALCANÇOU"
"SP";354805;0;0;0;0;;;;"NÃO ALCANÇOU"
"SP";354810;12;12;1;1;1;"Sim";100;"ALCANÇOU"
"SP";354820;12;12;1;1;1;"Sim";100;"ALCANÇOU"
"SP";354830;12;12;1;1;1;"Sim";100;"ALCANÇOU"
"SP";354840;12;12;1;1;1;"Sim";100;"ALCANÇOU"
"SP";354850;398;418;33,1666666666667;34,8333333333333;0,952153110047847;"Sim";95,2;"ALCANÇOU"
"SP";354860;46;48;3,83333333333333;4;0,958333333333333;"Sim";95,8;"ALCANÇOU"
"SP";354870;445;456;37,0833333333333;38;0,975877192982456;"Sim";97,6;"ALCANÇOU"
"SP";354880;209;265;17,4166666666667;22,0833333333333;0,788679245283019;"Não";78,9;"NÃO ALCANÇOU"
"SP";354890;432;432;36;36;1;"Sim";100;"ALCANÇOU"
"SP";354900;12;12;1;1;1;"Sim";100;"ALCANÇOU"
"SP";354910;179;192;14,9166666666667;16;0,932291666666667;"Sim";93,2;"ALCANÇOU"
"SP";354920;12;12;1;1;1;"Sim";100;"ALCANÇOU"
"SP";354925;12;12;1;1;1;"Sim";100;"ALCANÇOU"
"SP";354930;12;12;1;1;1;"Sim";100;"ALCANÇOU"
"SP";354940;24;24;2;2;1;"Sim";100;"ALCANÇOU"
"SP";354950;21;30;1,75;2,5;0,7;"Não";70;"NÃO ALCANÇOU"
"SP";354960;24;36;2;3;0,666666666666667;"Não";66,7;"NÃO ALCANÇOU"
"SP";354970;93;108;7,75;9;0,861111111111111;"Sim";86,1;"ALCANÇOU"
"SP";354980;413;449;34,4166666666667;37,4166666666667;0,919821826280624;"Sim";92;"ALCANÇOU"
"SP";354990;504;511;42;42,5833333333333;0,986301369863014;"Sim";98,6;"ALCANÇOU"
"SP";354995;47;48;3,91666666666667;4;0,979166666666667;"Sim";97,9;"ALCANÇOU"
"SP";355000;24;24;2;2;1;"Sim";100;"ALCANÇOU"
"SP";355010;83;84;6,91666666666667;7;0,988095238095238;"Sim";98,8;"ALCANÇOU"
"SP";355020;106;108;8,83333333333333;9;0,981481481481482;"Sim";98,1;"ALCANÇOU"
"SP";355030;6367;6683;530,583333333333;556,916666666667;0,952715846176867;"Sim";95,3;"ALCANÇOU"
"SP";355040;83;96;6,91666666666667;8;0,864583333333333;"Sim";86,5;"ALCANÇOU"
"SP";355050;47;48;3,91666666666667;4;0,979166666666667;"Sim";97,9;"ALCANÇOU"
"SP";355060;132;148;11;12,3333333333333;0,891891891891892;"Sim";89,2;"ALCANÇOU"
"SP";355070;326;360;27,1666666666667;30;0,905555555555556;"Sim";90,6;"ALCANÇOU"
"SP";355080;12;56;1;4,66666666666667;0,214285714285714;"Não";21,4;"NÃO ALCANÇOU"
"SP";355090;12;12;1;1;1;"Sim";100;"ALCANÇOU"
"SP";355100;323;324;26,9166666666667;27;0,996913580246914;"Sim";99,7;"ALCANÇOU"
"SP";355110;25;36;2,08333333333333;3;0,694444444444444;"Não";69,4;"NÃO ALCANÇOU"
"SP";355120;12;12;1;1;1;"Sim";100;"ALCANÇOU"
"SP";355130;12;12;1;1;1;"Sim";100;"ALCANÇOU"
"SP";355140;12;12;1;1;1;"Sim";100;"ALCANÇOU"
"SP";355150;12;24;1;2;0,5;"Não";50;"NÃO ALCANÇOU"
"SP";355160;54;60;4,5;5;0,9;"Sim";90;"ALCANÇOU"
"SP";355170;80;84;6,66666666666667;7;0,952380952380952;"Sim";95,2;"ALCANÇOU"
"SP";355180;52;72;4,33333333333333;6;0,722222222222222;"Não";72,2;"NÃO ALCANÇOU"
"SP";355190;12;12;1;1;1;"Sim";100;"ALCANÇOU"
"SP";355200;41;48;3,41666666666667;4;0,854166666666667;"Sim";85,4;"ALCANÇOU"
"SP";355210;120;132;10;11;0,909090909090909;"Sim";90,9;"ALCANÇOU"
"SP";355220;481;552;40,0833333333333;46;0,871376811594203;"Sim";87,1;"ALCANÇOU"
"SP";355230;15;24;1,25;2;0,625;"Não";62,5;"NÃO ALCANÇOU"
"SP";355240;267;343;22,25;28,5833333333333;0,778425655976676;"Não";77,8;"NÃO ALCANÇOU"
"SP";355250;296;300;24,6666666666667;25;0,986666666666667;"Sim";98,7;"ALCANÇOU"
"SP";355255;8;12;0,666666666666667;1;0,666666666666667;"Não";66,7;"NÃO ALCANÇOU"
"SP";355260;12;12;1;1;1;"Sim";100;"ALCANÇOU"
"SP";355270;21;36;1,75;3;0,583333333333333;"Não";58,3;"NÃO ALCANÇOU"
"SP";355280;192;204;16;17;0,941176470588235;"Sim";94,1;"ALCANÇOU"
"SP";355290;12;12;1;1;1;"Sim";100;"ALCANÇOU"
"SP";355300;60;60;5;5;1;"Sim";100;"ALCANÇOU"
"SP";355310;24;24;2;2;1;"Sim";100;"ALCANÇOU"
"SP";355320;12;12;1;1;1;"Sim";100;"ALCANÇOU"
"SP";355330;65;67;5,41666666666667;5,58333333333333;0,970149253731343;"Sim";97;"ALCANÇOU"
"SP";355340;84;84;7;7;1;"Sim";100;"ALCANÇOU"
"SP";355350;36;44;3;3,66666666666667;0,818181818181818;"Sim";81,8;"ALCANÇOU"
"SP";355360;24;24;2;2;1;"Sim";100;"ALCANÇOU"
"SP";355365;0;0;0;0;;;;"NÃO ALCANÇOU"
"SP";355370;60;81;5;6,75;0,740740740740741;"Não";74,1;"NÃO ALCANÇOU"
"SP";355380;72;72;6;6;1;"Sim";100;"ALCANÇOU"
"SP";355385;36;36;3;3;1;"Sim";100;"ALCANÇOU"
"SP";355390;12;12;1;1;1;"Sim";100;"ALCANÇOU"
"SP";355395;60;60;5;5;1;"Sim";100;"ALCANÇOU"
"SP";355400;199;232;16,5833333333333;19,3333333333333;0,857758620689655;"Sim";85,8;"ALCANÇOU"
"SP";355410;455;463;37,9166666666667;38,5833333333333;0,982721382289417;"Sim";98,3;"ALCANÇOU"
"SP";355420;36;36;3;3;1;"Sim";100;"ALCANÇOU"
"SP";355430;59;60;4,91666666666667;5;0,983333333333333;"Sim";98,3;"ALCANÇOU"
"SP";355440;12;12;1;1;1;"Sim";100;"ALCANÇOU"
"SP";355450;68;100;5,66666666666667;8,33333333333333;0,68;"Não";68;"NÃO ALCANÇOU"
"SP";355460;12;12;1;1;1;"Sim";100;"ALCANÇOU"
"SP";355465;12;12;1;1;1;"Sim";100;"ALCANÇOU"
"SP";355470;0;0;0;0;;;;"NÃO ALCANÇOU"
"SP";355475;12;12;1;1;1;"Sim";100;"ALCANÇOU"
"SP";355480;83;84;6,91666666666667;7;0,988095238095238;"Sim";98,8;"ALCANÇOU"
"SP";355490;12;24;1;2;0,5;"Não";50;"NÃO ALCANÇOU"
"SP";355495;12;12;1;1;1;"Sim";100;"ALCANÇOU"
"SP";355500;168;168;14;14;1;"Sim";100;"ALCANÇOU"
"SP";355510;12;12;1;1;1;"Sim";100;"ALCANÇOU"
"SP";355520;12;12;1;1;1;"Sim";100;"ALCANÇOU"
"SP";355530;12;12;1;1;1;"Sim";100;"ALCANÇOU"
"SP";355535;12;12;1;1;1;"Sim";100;"ALCANÇOU"
"SP";355540;246;252;20,5;21;0,976190476190476;"Sim";97,6;"ALCANÇOU"
"SP";355550;12;12;1;1;1;"Sim";100;"ALCANÇOU"
"SP";355560;24;24;2;2;1;"Sim";100;"ALCANÇOU"
"SP";355570;12;12;1;1;1;"Sim";100;"ALCANÇOU"
"SP";355580;12;12;1;1;1;"Sim";100;"ALCANÇOU"
"SP";355590;12;12;1;1;1;"Sim";100;"ALCANÇOU"
"SP";355600;12;12;1;1;1;"Sim";100;"ALCANÇOU"
"SP";355610;46;48;3,83333333333333;4;0,958333333333333;"Sim";95,8;"ALCANÇOU"
"SP";355620;189;204;15,75;17;0,926470588235294;"Sim";92,6;"ALCANÇOU"
"SP";355630;28;48;2,33333333333333;4;0,583333333333333;"Não";58,3;"NÃO ALCANÇOU"
"SP";355635;12;12;1;1;1;"Sim";100;"ALCANÇOU"
"SP";355640;43;89;3,58333333333333;7,41666666666667;0,48314606741573;"Não";48,3;"NÃO ALCANÇOU"
"SP";355645;120;132;10;11;0,909090909090909;"Sim";90,9;"ALCANÇOU"
"SP";355650;153;156;12,75;13;0,980769230769231;"Sim";98,1;"ALCANÇOU"
"SP";355660;36;36;3;3;1;"Sim";100;"ALCANÇOU"
"SP";355670;105;108;8,75;9;0,972222222222222;"Sim";97,2;"ALCANÇOU"
"SP";355680;24;24;2;2;1;"Sim";100;"ALCANÇOU"
"SP";355690;12;12;1;1;1;"Sim";100;"ALCANÇOU"
"SP";355695;12;12;1;1;1;"Sim";100;"ALCANÇOU"
"SP";355700;209;249;17,4166666666667;20,75;0,839357429718876;"Sim";83,9;"ALCANÇOU"
"SP";355710;180;180;15;15;1;"Sim";100;"ALCANÇOU"
"SP";355715;12;12;1;1;1;"Sim";100;"ALCANÇOU"
"SP";355720;42;48;3,5;4;0,875;"Sim";87,5;"ALCANÇOU"
"SP";355730;12;12;1;1;1;"Sim";100;"ALCANÇOU"
"PR";410010;12;12;1;1;1;"Sim";100;"ALCANÇOU"
"PR";410020;35;36;2,91666666666667;3;0,972222222222222;"Sim";97,2;"ALCANÇOU"
"PR";410030;25;26;2,08333333333333;2,16666666666667;0,961538461538462;"Sim";96,2;"ALCANÇOU"
"PR";410040;161;163;13,4166666666667;13,5833333333333;0,987730061349693;"Sim";98,8;"ALCANÇOU"
"PR";410045;12;12;1;1;1;"Sim";100;"ALCANÇOU"
"PR";410050;72;74;6;6,16666666666667;0,972972972972973;"Sim";97,3;"ALCANÇOU"
"PR";410060;48;48;4;4;1;"Sim";100;"ALCANÇOU"
"PR";410070;12;12;1;1;1;"Sim";100;"ALCANÇOU"
"PR";410080;12;14;1;1,16666666666667;0,857142857142857;"Sim";85,7;"ALCANÇOU"
"PR";410090;12;12;1;1;1;"Sim";100;"ALCANÇOU"
"PR";410100;60;60;5;5;1;"Sim";100;"ALCANÇOU"
"PR";410105;12;12;1;1;1;"Sim";100;"ALCANÇOU"
"PR";410110;84;84;7;7;1;"Sim";100;"ALCANÇOU"
"PR";410115;12;12;1;1;1;"Sim";100;"ALCANÇOU"
"PR";410120;12;14;1;1,16666666666667;0,857142857142857;"Sim";85,7;"ALCANÇOU"
"PR";410130;58;67;4,83333333333333;5,58333333333333;0,865671641791045;"Sim";86,6;"ALCANÇOU"
"PR";410140;337;347;28,0833333333333;28,9166666666667;0,971181556195965;"Sim";97,1;"ALCANÇOU"
"PR";410150;168;204;14;17;0,823529411764706;"Sim";82,4;"ALCANÇOU"
"PR";410160;73;74;6,08333333333333;6,16666666666667;0,986486486486487;"Sim";98,6;"ALCANÇOU"
"PR";410165;12;12;1;1;1;"Sim";100;"ALCANÇOU"
"PR";410170;38;38;3,16666666666667;3,16666666666667;1;"Sim";100;"ALCANÇOU"
"PR";410180;220;220;18,3333333333333;18,3333333333333;1;"Sim";100;"ALCANÇOU"
"PR";410185;12;12;1;1;1;"Sim";100;"ALCANÇOU"
"PR";410190;40;42;3,33333333333333;3,5;0,952380952380952;"Sim";95,2;"ALCANÇOU"
"PR";410200;117;134;9,75;11,1666666666667;0,873134328358209;"Sim";87,3;"ALCANÇOU"
"PR";410210;34;36;2,83333333333333;3;0,944444444444444;"Sim";94,4;"ALCANÇOU"
"PR";410220;12;12;1;1;1;"Sim";100;"ALCANÇOU"
"PR";410230;67;69;5,58333333333333;5,75;0,971014492753623;"Sim";97,1;"ALCANÇOU"
"PR";410240;36;36;3;3;1;"Sim";100;"ALCANÇOU"
"PR";410250;68;72;5,66666666666667;6;0,944444444444444;"Sim";94,4;"ALCANÇOU"
"PR";410260;36;36;3;3;1;"Sim";100;"ALCANÇOU"
"PR";410270;13;24;1,08333333333333;2;0,541666666666667;"Não";54,2;"NÃO ALCANÇOU"
"PR";410275;12;12;1;1;1;"Sim";100;"ALCANÇOU"
"PR";410280;36;50;3;4,16666666666667;0,72;"Não";72;"NÃO ALCANÇOU"
"PR";410290;62;62;5,16666666666667;5,16666666666667;1;"Sim";100;"ALCANÇOU"
"PR";410300;12;12;1;1;1;"Sim";100;"ALCANÇOU"
"PR";410302;12;12;1;1;1;"Sim";100;"ALCANÇOU"
"PR";410304;14;16;1,16666666666667;1,33333333333333;0,875;"Sim";87,5;"ALCANÇOU"
"PR";410305;24;24;2;2;1;"Sim";100;"ALCANÇOU"
"PR";410310;36;36;3;3;1;"Sim";100;"ALCANÇOU"
"PR";410315;12;12;1;1;1;"Sim";100;"ALCANÇOU"
"PR";410320;12;12;1;1;1;"Sim";100;"ALCANÇOU"
"PR";410322;12;12;1;1;1;"Sim";100;"ALCANÇOU"
"PR";410330;12;12;1;1;1;"Sim";100;"ALCANÇOU"
"PR";410335;13;24;1,08333333333333;2;0,541666666666667;"Não";54,2;"NÃO ALCANÇOU"
"PR";410337;10;10;0,833333333333333;0,833333333333333;1;"Sim";100;"ALCANÇOU"
"PR";410340;12;12;1;1;1;"Sim";100;"ALCANÇOU"
"PR";410345;14;14;1,16666666666667;1,16666666666667;1;"Sim";100;"ALCANÇOU"
"PR";410347;24;24;2;2;1;"Sim";100;"ALCANÇOU"
"PR";410350;12;12;1;1;1;"Sim";100;"ALCANÇOU"
"PR";410360;36;54;3;4,5;0,666666666666667;"Não";66,7;"NÃO ALCANÇOU"
"PR";410370;135;156;11,25;13;0,865384615384615;"Sim";86,5;"ALCANÇOU"
"PR";410380;12;12;1;1;1;"Sim";100;"ALCANÇOU"
"PR";410390;24;24;2;2;1;"Sim";100;"ALCANÇOU"
"PR";410395;12;12;1;1;1;"Sim";100;"ALCANÇOU"
"PR";410400;150;156;12,5;13;0,961538461538462;"Sim";96,2;"ALCANÇOU"
"PR";410405;12;24;1;2;0,5;"Não";50;"NÃO ALCANÇOU"
"PR";410410;35;48;2,91666666666667;4;0,729166666666667;"Não";72,9;"NÃO ALCANÇOU"
"PR";410420;233;234;19,4166666666667;19,5;0,995726495726496;"Sim";99,6;"ALCANÇOU"
"PR";410425;73;74;6,08333333333333;6,16666666666667;0,986486486486487;"Sim";98,6;"ALCANÇOU"
"PR";410430;177;197;14,75;16,4166666666667;0,898477157360406;"Sim";89,8;"ALCANÇOU"
"PR";410440;24;46;2;3,83333333333333;0,521739130434783;"Não";52,2;"NÃO ALCANÇOU"
"PR";410442;58;60;4,83333333333333;5;0,966666666666667;"Sim";96,7;"ALCANÇOU"
"PR";410445;12;12;1;1;1;"Sim";100;"ALCANÇOU"
"PR";410450;23;24;1,91666666666667;2;0,958333333333333;"Sim";95,8;"ALCANÇOU"
"PR";410460;36;36;3;3;1;"Sim";100;"ALCANÇOU"
"PR";410465;40;44;3,33333333333333;3,66666666666667;0,909090909090909;"Sim";90,9;"ALCANÇOU"
"PR";410470;1;1;0,0833333333333333;0,0833333333333333;1;"Sim";100;"ALCANÇOU"
"PR";410480;579;592;48,25;49,3333333333333;0,978040540540541;"Sim";97,8;"ALCANÇOU"
"PR";410490;213;214;17,75;17,8333333333333;0,995327102803738;"Sim";99,5;"ALCANÇOU"
"PR";410500;12;36;1;3;0,333333333333333;"Não";33,3;"NÃO ALCANÇOU"
"PR";410510;21;23;1,75;1,91666666666667;0,91304347826087;"Sim";91,3;"ALCANÇOU"
"PR";410520;36;60;3;5;0,6;"Não";60;"NÃO ALCANÇOU"
"PR";410530;24;60;2;5;0,4;"Não";40;"NÃO ALCANÇOU"
"PR";410540;36;36;3;3;1;"Sim";100;"ALCANÇOU"
"PR";410550;180;180;15;15;1;"Sim";100;"ALCANÇOU"
"PR";410560;12;12;1;1;1;"Sim";100;"ALCANÇOU"
"PR";410570;12;12;1;1;1;"Sim";100;"ALCANÇOU"
"PR";410580;302;302;25,1666666666667;25,1666666666667;1;"Sim";100;"ALCANÇOU"
"PR";410590;72;72;6;6;1;"Sim";100;"ALCANÇOU"
"PR";410600;12;12;1;1;1;"Sim";100;"ALCANÇOU"
"PR";410610;12;14;1;1,16666666666667;0,857142857142857;"Sim";85,7;"ALCANÇOU"
"PR";410620;60;60;5;5;1;"Sim";100;"ALCANÇOU"
"PR";410630;72;72;6;6;1;"Sim";100;"ALCANÇOU"
"PR";410640;144;144;12;12;1;"Sim";100;"ALCANÇOU"
"PR";410645;12;12;1;1;1;"Sim";100;"ALCANÇOU"
"PR";410650;88;111;7,33333333333333;9,25;0,792792792792793;"Não";79,3;"NÃO ALCANÇOU"
"PR";410655;12;12;1;1;1;"Sim";100;"ALCANÇOU"
"PR";410657;24;24;2;2;1;"Sim";100;"ALCANÇOU"
"PR";410660;38;38;3,16666666666667;3,16666666666667;1;"Sim";100;"ALCANÇOU"
"PR";410670;12;12;1;1;1;"Sim";100;"ALCANÇOU"
"PR";410680;24;26;2;2,16666666666667;0,923076923076923;"Sim";92,3;"ALCANÇOU"
"PR";410685;24;24;2;2;1;"Sim";100;"ALCANÇOU"
"PR";410690;1151;1179;95,9166666666667;98,25;0,976251060220526;"Sim";97,6;"ALCANÇOU"
"PR";410700;72;72;6;6;1;"Sim";100;"ALCANÇOU"
"PR";410710;12;12;1;1;1;"Sim";100;"ALCANÇOU"
"PR";410712;12;12;1;1;1;"Sim";100;"ALCANÇOU"
"PR";410715;12;12;1;1;1;"Sim";100;"ALCANÇOU"
"PR";410720;159;173;13,25;14,4166666666667;0,919075144508671;"Sim";91,9;"ALCANÇOU"
"PR";410725;12;12;1;1;1;"Sim";100;"ALCANÇOU"
"PR";410730;12;12;1;1;1;"Sim";100;"ALCANÇOU"
"PR";410740;12;12;1;1;1;"Sim";100;"ALCANÇOU"
"PR";410750;46;48;3,83333333333333;4;0,958333333333333;"Sim";95,8;"ALCANÇOU"
"PR";410752;12;12;1;1;1;"Sim";100;"ALCANÇOU"
"PR";410753;12;12;1;1;1;"Sim";100;"ALCANÇOU"
"PR";410754;12;12;1;1;1;"Sim";100;"ALCANÇOU"
"PR";410755;12;12;1;1;1;"Sim";100;"ALCANÇOU"
"PR";410760;14;14;1,16666666666667;1,16666666666667;1;"Sim";100;"ALCANÇOU"
"PR";410765;167;180;13,9166666666667;15;0,927777777777778;"Sim";92,8;"ALCANÇOU"
"PR";410770;12;12;1;1;1;"Sim";100;"ALCANÇOU"
"PR";410773;24;24;2;2;1;"Sim";100;"ALCANÇOU"
"PR";410775;12;14;1;1,16666666666667;0,857142857142857;"Sim";85,7;"ALCANÇOU"
"PR";410780;12;12;1;1;1;"Sim";100;"ALCANÇOU"
"PR";410785;12;12;1;1;1;"Sim";100;"ALCANÇOU"
"PR";410790;24;24;2;2;1;"Sim";100;"ALCANÇOU"
"PR";410800;48;50;4;4,16666666666667;0,96;"Sim";96;"ALCANÇOU"
"PR";410810;12;12;1;1;1;"Sim";100;"ALCANÇOU"
"PR";410820;12;12;1;1;1;"Sim";100;"ALCANÇOU"
"PR";410830;333;338;27,75;28,1666666666667;0,985207100591716;"Sim";98,5;"ALCANÇOU"
"PR";410832;12;12;1;1;1;"Sim";100;"ALCANÇOU"
"PR";410840;275;278;22,9166666666667;23,1666666666667;0,989208633093525;"Sim";98,9;"ALCANÇOU"
"PR";410845;12;12;1;1;1;"Sim";100;"ALCANÇOU"
"PR";410850;12;12;1;1;1;"Sim";100;"ALCANÇOU"
"PR";410855;12;12;1;1;1;"Sim";100;"ALCANÇOU"
"PR";410860;82;96;6,83333333333333;8;0,854166666666667;"Sim";85,4;"ALCANÇOU"
"PR";410865;24;36;2;3;0,666666666666667;"Não";66,7;"NÃO ALCANÇOU"
"PR";410870;12;12;1;1;1;"Sim";100;"ALCANÇOU"
"PR";410880;113;125;9,41666666666667;10,4166666666667;0,904;"Sim";90,4;"ALCANÇOU"
"PR";410890;12;12;1;1;1;"Sim";100;"ALCANÇOU"
"PR";410895;60;60;5;5;1;"Sim";100;"ALCANÇOU"
"PR";410900;12;12;1;1;1;"Sim";100;"ALCANÇOU"
"PR";410910;12;12;1;1;1;"Sim";100;"ALCANÇOU"
"PR";410920;24;24;2;2;1;"Sim";100;"ALCANÇOU"
"PR";410930;72;72;6;6;1;"Sim";100;"ALCANÇOU"
"PR";410940;425;432;35,4166666666667;36;0,983796296296296;"Sim";98,4;"ALCANÇOU"
"PR";410950;15;18;1,25;1,5;0,833333333333333;"Sim";83,3;"ALCANÇOU"
"PR";410960;116;120;9,66666666666667;10;0,966666666666667;"Sim";96,7;"ALCANÇOU"
"PR";410965;12;12;1;1;1;"Sim";100;"ALCANÇOU"
"PR";410970;60;62;5;5,16666666666667;0,967741935483871;"Sim";96,8;"ALCANÇOU"
"PR";410975;14;24;1,16666666666667;2;0,583333333333333;"Não";58,3;"NÃO ALCANÇOU"
"PR";410980;111;112;9,25;9,33333333333333;0,991071428571429;"Sim";99,1;"ALCANÇOU"
"PR";410990;33;36;2,75;3;0,916666666666667;"Sim";91,7;"ALCANÇOU"
"PR";411000;12;12;1;1;1;"Sim";100;"ALCANÇOU"
"PR";411005;12;12;1;1;1;"Sim";100;"ALCANÇOU"
"PR";411007;47;57;3,91666666666667;4,75;0,824561403508772;"Sim";82,5;"ALCANÇOU"
"PR";411010;108;108;9;9;1;"Sim";100;"ALCANÇOU"
"PR";411020;58;68;4,83333333333333;5,66666666666667;0,852941176470588;"Sim";85,3;"ALCANÇOU"
"PR";411030;12;12;1;1;1;"Sim";100;"ALCANÇOU"
"PR";411040;12;12;1;1;1;"Sim";100;"ALCANÇOU"
"PR";411050;24;46;2;3,83333333333333;0,521739130434783;"Não";52,2;"NÃO ALCANÇOU"
"PR";411060;12;12;1;1;1;"Sim";100;"ALCANÇOU"
"PR";411065;12;12;1;1;1;"Sim";100;"ALCANÇOU"
"PR";411070;125;177;10,4166666666667;14,75;0,706214689265537;"Não";70,6;"NÃO ALCANÇOU"
"PR";411080;24;24;2;2;1;"Sim";100;"ALCANÇOU"
"PR";411090;12;12;1;1;1;"Sim";100;"ALCANÇOU"
"PR";411095;49;53;4,08333333333333;4,41666666666667;0,924528301886792;"Sim";92,5;"ALCANÇOU"
"PR";411100;12;12;1;1;1;"Sim";100;"ALCANÇOU"
"PR";411110;12;12;1;1;1;"Sim";100;"ALCANÇOU"
"PR";411120;12;12;1;1;1;"Sim";100;"ALCANÇOU"
"PR";411125;39;40;3,25;3,33333333333333;0,975;"Sim";97,5;"ALCANÇOU"
"PR";411130;11;12;0,916666666666667;1;0,916666666666667;"Sim";91,7;"ALCANÇOU"
"PR";411140;12;12;1;1;1;"Sim";100;"ALCANÇOU"
"PR";411150;108;132;9;11;0,818181818181818;"Sim";81,8;"ALCANÇOU"
"PR";411155;24;24;2;2;1;"Sim";100;"ALCANÇOU"
"PR";411160;12;12;1;1;1;"Sim";100;"ALCANÇOU"
"PR";411170;12;14;1;1,16666666666667;0,857142857142857;"Sim";85,7;"ALCANÇOU"
"PR";411180;110;110;9,16666666666667;9,16666666666667;1;"Sim";100;"ALCANÇOU"
"PR";411190;12;48;1;4;0,25;"Não";25;"NÃO ALCANÇOU"
"PR";411200;47;58;3,91666666666667;4,83333333333333;0,810344827586207;"Sim";81;"ALCANÇOU"
"PR";411210;79;84;6,58333333333333;7;0,94047619047619;"Sim";94;"ALCANÇOU"
"PR";411220;35;36;2,91666666666667;3;0,972222222222222;"Sim";97,2;"ALCANÇOU"
"PR";411230;12;12;1;1;1;"Sim";100;"ALCANÇOU"
"PR";411240;12;12;1;1;1;"Sim";100;"ALCANÇOU"
"PR";411250;29;31;2,41666666666667;2,58333333333333;0,935483870967742;"Sim";93,5;"ALCANÇOU"
"PR";411260;12;12;1;1;1;"Sim";100;"ALCANÇOU"
"PR";411270;36;36;3;3;1;"Sim";100;"ALCANÇOU"
"PR";411275;5;12;0,416666666666667;1;0,416666666666667;"Não";41,7;"NÃO ALCANÇOU"
"PR";411280;36;36;3;3;1;"Sim";100;"ALCANÇOU"
"PR";411290;12;12;1;1;1;"Sim";100;"ALCANÇOU"
"PR";411295;24;24;2;2;1;"Sim";100;"ALCANÇOU"
"PR";411300;12;12;1;1;1;"Sim";100;"ALCANÇOU"
"PR";411310;12;12;1;1;1;"Sim";100;"ALCANÇOU"
"PR";411320;132;144;11;12;0,916666666666667;"Sim";91,7;"ALCANÇOU"
"PR";411325;4;4;0,333333333333333;0,333333333333333;1;"Sim";100;"ALCANÇOU"
"PR";411330;96;96;8;8;1;"Sim";100;"ALCANÇOU"
"PR";411340;12;12;1;1;1;"Sim";100;"ALCANÇOU"
"PR";411342;12;12;1;1;1;"Sim";100;"ALCANÇOU"
"PR";411345;24;36;2;3;0,666666666666667;"Não";66,7;"NÃO ALCANÇOU"
"PR";411350;24;24;2;2;1;"Sim";100;"ALCANÇOU"
"PR";411360;12;12;1;1;1;"Sim";100;"ALCANÇOU"
"PR";411370;682;722;56,8333333333333;60,1666666666667;0,944598337950138;"Sim";94,5;"ALCANÇOU"
"PR";411373;12;12;1;1;1;"Sim";100;"ALCANÇOU"
"PR";411375;12;12;1;1;1;"Sim";100;"ALCANÇOU"
"PR";411380;12;24;1;2;0,5;"Não";50;"NÃO ALCANÇOU"
"PR";411390;60;68;5;5,66666666666667;0,882352941176471;"Sim";88,2;"ALCANÇOU"
"PR";411400;24;24;2;2;1;"Sim";100;"ALCANÇOU"
"PR";411410;60;60;5;5;1;"Sim";100;"ALCANÇOU"
"PR";411420;96;96;8;8;1;"Sim";100;"ALCANÇOU"
"PR";411430;49;72;4,08333333333333;6;0,680555555555556;"Não";68,1;"NÃO ALCANÇOU"
"PR";411435;11;32;0,916666666666667;2,66666666666667;0,34375;"Não";34,4;"NÃO ALCANÇOU"
"PR";411440;47;49;3,91666666666667;4,08333333333333;0,959183673469388;"Sim";95,9;"ALCANÇOU"
"PR";411450;23;24;1,91666666666667;2;0,958333333333333;"Sim";95,8;"ALCANÇOU"
"PR";411460;181;192;15,0833333333333;16;0,942708333333333;"Sim";94,3;"ALCANÇOU"
"PR";411470;12;12;1;1;1;"Sim";100;"ALCANÇOU"
"PR";411480;107;108;8,91666666666667;9;0,990740740740741;"Sim";99,1;"ALCANÇOU"
"PR";411490;12;12;1;1;1;"Sim";100;"ALCANÇOU"
"PR";411500;12;14;1;1,16666666666667;0,857142857142857;"Sim";85,7;"ALCANÇOU"
"PR";411510;14;16;1,16666666666667;1,33333333333333;0,875;"Sim";87,5;"ALCANÇOU"
"PR";411520;427;468;35,5833333333333;39;0,912393162393162;"Sim";91,2;"ALCANÇOU"
"PR";411530;12;12;1;1;1;"Sim";100;"ALCANÇOU"
"PR";411535;31;36;2,58333333333333;3;0,861111111111111;"Sim";86,1;"ALCANÇOU"
"PR";411540;36;36;3;3;1;"Sim";100;"ALCANÇOU"
"PR";411545;12;12;1;1;1;"Sim";100;"ALCANÇOU"
"PR";411550;12;12;1;1;1;"Sim";100;"ALCANÇOU"
"PR";411560;81;81;6,75;6,75;1;"Sim";100;"ALCANÇOU"
"PR";411570;87;90;7,25;7,5;0,966666666666667;"Sim";96,7;"ALCANÇOU"
"PR";411573;12;12;1;1;1;"Sim";100;"ALCANÇOU"
"PR";411575;2;2;0,166666666666667;0,166666666666667;1;"Sim";100;"ALCANÇOU"
"PR";411580;132;132;11;11;1;"Sim";100;"ALCANÇOU"
"PR";411585;12;12;1;1;1;"Sim";100;"ALCANÇOU"
"PR";411590;21;24;1,75;2;0,875;"Sim";87,5;"ALCANÇOU"
"PR";411600;12;12;1;1;1;"Sim";100;"ALCANÇOU"
"PR";411605;60;60;5;5;1;"Sim";100;"ALCANÇOU"
"PR";411610;36;52;3;4,33333333333333;0,692307692307692;"Não";69,2;"NÃO ALCANÇOU"
"PR";411620;65;88;5,41666666666667;7,33333333333333;0,738636363636364;"Não";73,9;"NÃO ALCANÇOU"
"PR";411630;12;12;1;1;1;"Sim";100;"ALCANÇOU"
"PR";411640;12;12;1;1;1;"Sim";100;"ALCANÇOU"
"PR";411650;2;2;0,166666666666667;0,166666666666667;1;"Sim";100;"ALCANÇOU"
"PR";411660;12;12;1;1;1;"Sim";100;"ALCANÇOU"
"PR";411670;60;60;5;5;1;"Sim";100;"ALCANÇOU"
"PR";411680;12;12;1;1;1;"Sim";100;"ALCANÇOU"
"PR";411690;72;73;6;6,08333333333333;0,986301369863014;"Sim";98,6;"ALCANÇOU"
"PR";411695;12;13;1;1,08333333333333;0,923076923076923;"Sim";92,3;"ALCANÇOU"
"PR";411700;12;12;1;1;1;"Sim";100;"ALCANÇOU"
"PR";411705;48;48;4;4;1;"Sim";100;"ALCANÇOU"
"PR";411710;23;25;1,91666666666667;2,08333333333333;0,92;"Sim";92;"ALCANÇOU"
"PR";411720;12;12;1;1;1;"Sim";100;"ALCANÇOU"
"PR";411721;12;12;1;1;1;"Sim";100;"ALCANÇOU"
"PR";411722;12;48;1;4;0,25;"Não";25;"NÃO ALCANÇOU"
"PR";411725;12;12;1;1;1;"Sim";100;"ALCANÇOU"
"PR";411727;47;48;3,91666666666667;4;0,979166666666667;"Sim";97,9;"ALCANÇOU"
"PR";411729;12;12;1;1;1;"Sim";100;"ALCANÇOU"
"PR";411730;123;132;10,25;11;0,931818181818182;"Sim";93,2;"ALCANÇOU"
"PR";411740;12;12;1;1;1;"Sim";100;"ALCANÇOU"
"PR";411745;0;0;0;0;;;;"NÃO ALCANÇOU"
"PR";411750;47;55;3,91666666666667;4,58333333333333;0,854545454545454;"Sim";85,5;"ALCANÇOU"
"PR";411760;52;66;4,33333333333333;5,5;0,787878787878788;"Não";78,8;"NÃO ALCANÇOU"
"PR";411770;132;180;11;15;0,733333333333333;"Não";73,3;"NÃO ALCANÇOU"
"PR";411780;12;12;1;1;1;"Sim";100;"ALCANÇOU"
"PR";411790;109;109;9,08333333333333;9,08333333333333;1;"Sim";100;"ALCANÇOU"
"PR";411800;12;12;1;1;1;"Sim";100;"ALCANÇOU"
"PR";411810;24;24;2;2;1;"Sim";100;"ALCANÇOU"
"PR";411820;195;218;16,25;18,1666666666667;0,894495412844037;"Sim";89,4;"ALCANÇOU"
"PR";411830;12;12;1;1;1;"Sim";100;"ALCANÇOU"
"PR";411840;160;194;13,3333333333333;16,1666666666667;0,824742268041237;"Sim";82,5;"ALCANÇOU"
"PR";411845;12;12;1;1;1;"Sim";100;"ALCANÇOU"
"PR";411850;180;180;15;15;1;"Sim";100;"ALCANÇOU"
"PR";411860;12;12;1;1;1;"Sim";100;"ALCANÇOU"
"PR";411870;12;12;1;1;1;"Sim";100;"ALCANÇOU"
"PR";411880;12;12;1;1;1;"Sim";100;"ALCANÇOU"
"PR";411885;21;30;1,75;2,5;0,7;"Não";70;"NÃO ALCANÇOU"
"PR";411890;16;24;1,33333333333333;2;0,666666666666667;"Não";66,7;"NÃO ALCANÇOU"
"PR";411900;12;12;1;1;1;"Sim";100;"ALCANÇOU"
"PR";411910;67;74;5,58333333333333;6,16666666666667;0,905405405405405;"Sim";90,5;"ALCANÇOU"
"PR";411915;170;170;14,1666666666667;14,1666666666667;1;"Sim";100;"ALCANÇOU"
"PR";411920;27;36;2,25;3;0,75;"Não";75;"NÃO ALCANÇOU"
"PR";411925;12;12;1;1;1;"Sim";100;"ALCANÇOU"
"PR";411930;32;60;2,66666666666667;5;0,533333333333333;"Não";53,3;"NÃO ALCANÇOU"
"PR";411940;24;24;2;2;1;"Sim";100;"ALCANÇOU"
"PR";411950;132;132;11;11;1;"Sim";100;"ALCANÇOU"
"PR";411960;121;132;10,0833333333333;11;0,916666666666667;"Sim";91,7;"ALCANÇOU"
"PR";411965;12;12;1;1;1;"Sim";100;"ALCANÇOU"
"PR";411970;12;12;1;1;1;"Sim";100;"ALCANÇOU"
"PR";411980;39;60;3,25;5;0,65;"Não";65;"NÃO ALCANÇOU"
"PR";411990;289;422;24,0833333333333;35,1666666666667;0,684834123222749;"Não";68,5;"NÃO ALCANÇOU"
"PR";411995;60;64;5;5,33333333333333;0,9375;"Sim";93,8;"ALCANÇOU"
"PR";412000;48;50;4;4,16666666666667;0,96;"Sim";96;"ALCANÇOU"
"PR";412010;12;12;1;1;1;"Sim";100;"ALCANÇOU"
"PR";412015;12;12;1;1;1;"Sim";100;"ALCANÇOU"
"PR";412020;2;2;0,166666666666667;0,166666666666667;1;"Sim";100;"ALCANÇOU"
"PR";412030;12;23;1;1,91666666666667;0,521739130434783;"Não";52,2;"NÃO ALCANÇOU"
"PR";412033;12;12;1;1;1;"Sim";100;"ALCANÇOU"
"PR";412035;12;13;1;1,08333333333333;0,923076923076923;"Sim";92,3;"ALCANÇOU"
"PR";412040;12;18;1;1,5;0,666666666666667;"Não";66,7;"NÃO ALCANÇOU"
"PR";412050;16;24;1,33333333333333;2;0,666666666666667;"Não";66,7;"NÃO ALCANÇOU"
"PR";412060;304;305;25,3333333333333;25,4166666666667;0,99672131147541;"Sim";99,7;"ALCANÇOU"
"PR";412065;24;24;2;2;1;"Sim";100;"ALCANÇOU"
"PR";412070;12;14;1;1,16666666666667;0,857142857142857;"Sim";85,7;"ALCANÇOU"
"PR";412080;97;108;8,08333333333333;9;0,898148148148148;"Sim";89,8;"ALCANÇOU"
"PR";412085;12;12;1;1;1;"Sim";100;"ALCANÇOU"
"PR";412090;109;131;9,08333333333333;10,9166666666667;0,83206106870229;"Sim";83,2;"ALCANÇOU"
"PR";412100;12;26;1;2,16666666666667;0,461538461538462;"Não";46,2;"NÃO ALCANÇOU"
"PR";412110;12;12;1;1;1;"Sim";100;"ALCANÇOU"
"PR";412120;83;96;6,91666666666667;8;0,864583333333333;"Sim";86,5;"ALCANÇOU"
"PR";412125;12;12;1;1;1;"Sim";100;"ALCANÇOU"
"PR";412130;12;12;1;1;1;"Sim";100;"ALCANÇOU"
"PR";412135;12;12;1;1;1;"Sim";100;"ALCANÇOU"
"PR";412140;16;72;1,33333333333333;6;0,222222222222222;"Não";22,2;"NÃO ALCANÇOU"
"PR";412150;60;72;5;6;0,833333333333333;"Sim";83,3;"ALCANÇOU"
"PR";412160;12;12;1;1;1;"Sim";100;"ALCANÇOU"
"PR";412170;107;108;8,91666666666667;9;0,990740740740741;"Sim";99,1;"ALCANÇOU"
"PR";412175;12;12;1;1;1;"Sim";100;"ALCANÇOU"
"PR";412180;14;14;1,16666666666667;1,16666666666667;1;"Sim";100;"ALCANÇOU"
"PR";412190;12;12;1;1;1;"Sim";100;"ALCANÇOU"
"PR";412200;57;60;4,75;5;0,95;"Sim";95;"ALCANÇOU"
"PR";412210;12;12;1;1;1;"Sim";100;"ALCANÇOU"
"PR";412215;48;48;4;4;1;"Sim";100;"ALCANÇOU"
"PR";412217;12;14;1;1,16666666666667;0,857142857142857;"Sim";85,7;"ALCANÇOU"
"PR";412220;96;108;8;9;0,888888888888889;"Sim";88,9;"ALCANÇOU"
"PR";412230;122;134;10,1666666666667;11,1666666666667;0,91044776119403;"Sim";91;"ALCANÇOU"
"PR";412240;120;120;10;10;1;"Sim";100;"ALCANÇOU"
"PR";412250;47;48;3,91666666666667;4;0,979166666666667;"Sim";97,9;"ALCANÇOU"
"PR";412260;12;12;1;1;1;"Sim";100;"ALCANÇOU"
"PR";412265;12;12;1;1;1;"Sim";100;"ALCANÇOU"
"PR";412270;12;22;1;1,83333333333333;0,545454545454545;"Não";54,5;"NÃO ALCANÇOU"
"PR";412280;12;12;1;1;1;"Sim";100;"ALCANÇOU"
"PR";412290;12;22;1;1,83333333333333;0,545454545454545;"Não";54,5;"NÃO ALCANÇOU"
"PR";412300;12;12;1;1;1;"Sim";100;"ALCANÇOU"
"PR";412310;12;12;1;1;1;"Sim";100;"ALCANÇOU"
"PR";412320;12;12;1;1;1;"Sim";100;"ALCANÇOU"
"PR";412330;24;24;2;2;1;"Sim";100;"ALCANÇOU"
"PR";412340;12;12;1;1;1;"Sim";100;"ALCANÇOU"
"PR";412350;101;108;8,41666666666667;9;0,935185185185185;"Sim";93,5;"ALCANÇOU"
"PR";412360;12;12;1;1;1;"Sim";100;"ALCANÇOU"
"PR";412370;24;24;2;2;1;"Sim";100;"ALCANÇOU"
"PR";412380;12;13;1;1,08333333333333;0,923076923076923;"Sim";92,3;"ALCANÇOU"
"PR";412382;12;12;1;1;1;"Sim";100;"ALCANÇOU"
"PR";412385;33;50;2,75;4,16666666666667;0,66;"Não";66;"NÃO ALCANÇOU"
"PR";412390;48;60;4;5;0,8;"Sim";80;"ALCANÇOU"
"PR";412395;24;24;2;2;1;"Sim";100;"ALCANÇOU"
"PR";412400;12;14;1;1,16666666666667;0,857142857142857;"Sim";85,7;"ALCANÇOU"
"PR";412402;30;36;2,5;3;0,833333333333333;"Sim";83,3;"ALCANÇOU"
"PR";412405;48;48;4;4;1;"Sim";100;"ALCANÇOU"
"PR";412410;87;105;7,25;8,75;0,828571428571429;"Sim";82,9;"ALCANÇOU"
"PR";412420;0;0;0;0;;;;"NÃO ALCANÇOU"
"PR";412430;12;12;1;1;1;"Sim";100;"ALCANÇOU"
"PR";412440;74;84;6,16666666666667;7;0,880952380952381;"Sim";88,1;"ALCANÇOU"
"PR";412450;34;36;2,83333333333333;3;0,944444444444444;"Sim";94,4;"ALCANÇOU"
"PR";412460;12;12;1;1;1;"Sim";100;"ALCANÇOU"
"PR";412470;50;57;4,16666666666667;4,75;0,87719298245614;"Sim";87,7;"ALCANÇOU"
"PR";412480;12;12;1;1;1;"Sim";100;"ALCANÇOU"
"PR";412490;12;12;1;1;1;"Sim";100;"ALCANÇOU"
"PR";412500;23;23;1,91666666666667;1,91666666666667;1;"Sim";100;"ALCANÇOU"
"PR";412510;24;24;2;2;1;"Sim";100;"ALCANÇOU"
"PR";412520;36;36;3;3;1;"Sim";100;"ALCANÇOU"
"PR";412530;12;12;1;1;1;"Sim";100;"ALCANÇOU"
"PR";412535;14;17;1,16666666666667;1,41666666666667;0,823529411764706;"Sim";82,4;"ALCANÇOU"
"PR";412540;27;29;2,25;2,41666666666667;0,931034482758621;"Sim";93,1;"ALCANÇOU"
"PR";412545;12;12;1;1;1;"Sim";100;"ALCANÇOU"
"PR";412550;321;345;26,75;28,75;0,930434782608696;"Sim";93;"ALCANÇOU"
"PR";412555;12;12;1;1;1;"Sim";100;"ALCANÇOU"
"PR";412560;61;66;5,08333333333333;5,5;0,924242424242424;"Sim";92,4;"ALCANÇOU"
"PR";412570;97;99;8,08333333333333;8,25;0,97979797979798;"Sim";98;"ALCANÇOU"
"PR";412575;12;16;1;1,33333333333333;0,75;"Não";75;"NÃO ALCANÇOU"
"PR";412580;35;43;2,91666666666667;3,58333333333333;0,813953488372093;"Sim";81,4;"ALCANÇOU"
"PR";412590;0;0;0;0;;;;"NÃO ALCANÇOU"
"PR";412600;12;12;1;1;1;"Sim";100;"ALCANÇOU"
"PR";412610;12;12;1;1;1;"Sim";100;"ALCANÇOU"
"PR";412620;12;12;1;1;1;"Sim";100;"ALCANÇOU"
"PR";412625;119;131;9,91666666666667;10,9166666666667;0,908396946564885;"Sim";90,8;"ALCANÇOU"
"PR";412627;12;12;1;1;1;"Sim";100;"ALCANÇOU"
"PR";412630;50;52;4,16666666666667;4,33333333333333;0,961538461538462;"Sim";96,2;"ALCANÇOU"
"PR";412635;24;24;2;2;1;"Sim";100;"ALCANÇOU"
"PR";412640;22;36;1,83333333333333;3;0,611111111111111;"Não";61,1;"NÃO ALCANÇOU"
"PR";412650;13;26;1,08333333333333;2,16666666666667;0,5;"Não";50;"NÃO ALCANÇOU"
"PR";412660;39;44;3,25;3,66666666666667;0,886363636363636;"Sim";88,6;"ALCANÇOU"
"PR";412665;12;12;1;1;1;"Sim";100;"ALCANÇOU"
"PR";412667;24;25;2;2,08333333333333;0,96;"Sim";96;"ALCANÇOU"
"PR";412670;12;12;1;1;1;"Sim";100;"ALCANÇOU"
"PR";412680;24;24;2;2;1;"Sim";100;"ALCANÇOU"
"PR";412690;12;12;1;1;1;"Sim";100;"ALCANÇOU"
"PR";412700;48;48;4;4;1;"Sim";100;"ALCANÇOU"
"PR";412710;222;236;18,5;19,6666666666667;0,940677966101695;"Sim";94,1;"ALCANÇOU"
"PR";412720;72;72;6;6;1;"Sim";100;"ALCANÇOU"
"PR";412730;60;61;5;5,08333333333333;0,983606557377049;"Sim";98,4;"ALCANÇOU"
"PR";412740;48;60;4;5;0,8;"Sim";80;"ALCANÇOU"
"PR";412750;72;73;6;6,08333333333333;0,986301369863014;"Sim";98,6;"ALCANÇOU"
"PR";412760;72;76;6;6,33333333333333;0,947368421052632;"Sim";94,7;"ALCANÇOU"
"PR";412770;295;305;24,5833333333333;25,4166666666667;0,967213114754098;"Sim";96,7;"ALCANÇOU"
"PR";412780;24;24;2;2;1;"Sim";100;"ALCANÇOU"
"PR";412785;12;14;1;1,16666666666667;0,857142857142857;"Sim";85,7;"ALCANÇOU"
"PR";412788;33;36;2,75;3;0,916666666666667;"Sim";91,7;"ALCANÇOU"
"PR";412790;28;40;2,33333333333333;3,33333333333333;0,7;"Não";70;"NÃO ALCANÇOU"
"PR";412795;12;12;1;1;1;"Sim";100;"ALCANÇOU"
"PR";412796;71;72;5,91666666666667;6;0,986111111111111;"Sim";98,6;"ALCANÇOU"
"PR";412800;120;128;10;10,6666666666667;0,9375;"Sim";93,8;"ALCANÇOU"
"PR";412810;264;280;22;23,3333333333333;0,942857142857143;"Sim";94,3;"ALCANÇOU"
"PR";412820;142;144;11,8333333333333;12;0,986111111111111;"Sim";98,6;"ALCANÇOU"
"PR";412830;12;12;1;1;1;"Sim";100;"ALCANÇOU"
"PR";412840;12;12;1;1;1;"Sim";100;"ALCANÇOU"
"PR";412850;24;24;2;2;1;"Sim";100;"ALCANÇOU"
"PR";412853;13;24;1,08333333333333;2;0,541666666666667;"Não";54,2;"NÃO ALCANÇOU"
"PR";412855;23;24;1,91666666666667;2;0,958333333333333;"Sim";95,8;"ALCANÇOU"
"PR";412860;12;12;1;1;1;"Sim";100;"ALCANÇOU"
"PR";412862;12;12;1;1;1;"Sim";100;"ALCANÇOU"
"PR";412863;40;43;3,33333333333333;3,58333333333333;0,930232558139535;"Sim";93;"ALCANÇOU"
"PR";412865;12;12;1;1;1;"Sim";100;"ALCANÇOU"
"PR";412870;20;24;1,66666666666667;2;0,833333333333333;"Sim";83,3;"ALCANÇOU"
"PR";412880;24;36;2;3;0,666666666666667;"Não";66,7;"NÃO ALCANÇOU"
"SC";420005;12;12;1;1;1;"Sim";100;"ALCANÇOU"
"SC";420010;34;36;2,83333333333333;3;0,944444444444444;"Sim";94,4;"ALCANÇOU"
"SC";420020;20;20;1,66666666666667;1,66666666666667;1;"Sim";100;"ALCANÇOU"
"SC";420030;12;12;1;1;1;"Sim";100;"ALCANÇOU"
"SC";420040;12;12;1;1;1;"Sim";100;"ALCANÇOU"
"SC";420050;19;21;1,58333333333333;1,75;0,904761904761905;"Sim";90,5;"ALCANÇOU"
"SC";420055;12;12;1;1;1;"Sim";100;"ALCANÇOU"
"SC";420060;24;24;2;2;1;"Sim";100;"ALCANÇOU"
"SC";420070;12;12;1;1;1;"Sim";100;"ALCANÇOU"
"SC";420075;12;12;1;1;1;"Sim";100;"ALCANÇOU"
"SC";420080;12;12;1;1;1;"Sim";100;"ALCANÇOU"
"SC";420090;36;36;3;3;1;"Sim";100;"ALCANÇOU"
"SC";420100;12;12;1;1;1;"Sim";100;"ALCANÇOU"
"SC";420110;12;12;1;1;1;"Sim";100;"ALCANÇOU"
"SC";420120;12;12;1;1;1;"Sim";100;"ALCANÇOU"
"SC";420125;12;12;1;1;1;"Sim";100;"ALCANÇOU"
"SC";420127;12;12;1;1;1;"Sim";100;"ALCANÇOU"
"SC";420130;84;84;7;7;1;"Sim";100;"ALCANÇOU"
"SC";420140;173;175;14,4166666666667;14,5833333333333;0,988571428571429;"Sim";98,9;"ALCANÇOU"
"SC";420150;22;24;1,83333333333333;2;0,916666666666667;"Sim";91,7;"ALCANÇOU"
"SC";420160;12;12;1;1;1;"Sim";100;"ALCANÇOU"
"SC";420165;12;12;1;1;1;"Sim";100;"ALCANÇOU"
"SC";420170;24;36;2;3;0,666666666666667;"Não";66,7;"NÃO ALCANÇOU"
"SC";420180;12;12;1;1;1;"Sim";100;"ALCANÇOU"
"SC";420190;12;12;1;1;1;"Sim";100;"ALCANÇOU"
"SC";420195;36;42;3;3,5;0,857142857142857;"Sim";85,7;"ALCANÇOU"
"SC";420200;116;120;9,66666666666667;10;0,966666666666667;"Sim";96,7;"ALCANÇOU"
"SC";420205;18;24;1,5;2;0,75;"Não";75;"NÃO ALCANÇOU"
"SC";420207;24;24;2;2;1;"Sim";100;"ALCANÇOU"
"SC";420208;12;12;1;1;1;"Sim";100;"ALCANÇOU"
"SC";420209;12;12;1;1;1;"Sim";100;"ALCANÇOU"
"SC";420210;72;84;6;7;0,857142857142857;"Sim";85,7;"ALCANÇOU"
"SC";420213;12;12;1;1;1;"Sim";100;"ALCANÇOU"
"SC";420215;12;12;1;1;1;"Sim";100;"ALCANÇOU"
"SC";420220;48;48;4;4;1;"Sim";100;"ALCANÇOU"
"SC";420230;170;188;14,1666666666667;15,6666666666667;0,904255319148936;"Sim";90,4;"ALCANÇOU"
"SC";420240;478;547;39,8333333333333;45,5833333333333;0,873857404021938;"Sim";87,4;"ALCANÇOU"
"SC";420243;12;12;1;1;1;"Sim";100;"ALCANÇOU"
"SC";420245;93;102;7,75;8,5;0,911764705882353;"Sim";91,2;"ALCANÇOU"
"SC";420250;12;12;1;1;1;"Sim";100;"ALCANÇOU"
"SC";420253;12;12;1;1;1;"Sim";100;"ALCANÇOU"
"SC";420257;12;12;1;1;1;"Sim";100;"ALCANÇOU"
"SC";420260;24;24;2;2;1;"Sim";100;"ALCANÇOU"
"SC";420270;36;36;3;3;1;"Sim";100;"ALCANÇOU"
"SC";420280;108;108;9;9;1;"Sim";100;"ALCANÇOU"
"SC";420285;23;24;1,91666666666667;2;0,958333333333333;"Sim";95,8;"ALCANÇOU"
"SC";420287;24;24;2;2;1;"Sim";100;"ALCANÇOU"
"SC";420290;205;216;17,0833333333333;18;0,949074074074074;"Sim";94,9;"ALCANÇOU"
"SC";420300;97;106;8,08333333333333;8,83333333333333;0,915094339622642;"Sim";91,5;"ALCANÇOU"
"SC";420310;12;12;1;1;1;"Sim";100;"ALCANÇOU"
"SC";420315;12;12;1;1;1;"Sim";100;"ALCANÇOU"
"SC";420320;108;112;9;9,33333333333333;0,964285714285714;"Sim";96,4;"ALCANÇOU"
"SC";420325;12;12;1;1;1;"Sim";100;"ALCANÇOU"
"SC";420330;48;48;4;4;1;"Sim";100;"ALCANÇOU"
"SC";420340;12;12;1;1;1;"Sim";100;"ALCANÇOU"
"SC";420350;12;12;1;1;1;"Sim";100;"ALCANÇOU"
"SC";420360;36;36;3;3;1;"Sim";100;"ALCANÇOU"
"SC";420370;12;12;1;1;1;"Sim";100;"ALCANÇOU"
"SC";420380;81;81;6,75;6,75;1;"Sim";100;"ALCANÇOU"
"SC";420390;24;24;2;2;1;"Sim";100;"ALCANÇOU"
"SC";420395;24;24;2;2;1;"Sim";100;"ALCANÇOU"
"SC";420400;37;48;3,08333333333333;4;0,770833333333333;"Não";77,1;"NÃO ALCANÇOU"
"SC";420410;12;12;1;1;1;"Sim";100;"ALCANÇOU"
"SC";420415;12;19;1;1,58333333333333;0,631578947368421;"Não";63,2;"NÃO ALCANÇOU"
"SC";420417;12;12;1;1;1;"Sim";100;"ALCANÇOU"
"SC";420419;12;12;1;1;1;"Sim";100;"ALCANÇOU"
"SC";420420;322;328;26,8333333333333;27,3333333333333;0,981707317073171;"Sim";98,2;"ALCANÇOU"
"SC";420425;72;72;6;6;1;"Sim";100;"ALCANÇOU"
"SC";420430;252;252;21;21;1;"Sim";100;"ALCANÇOU"
"SC";420435;24;24;2;2;1;"Sim";100;"ALCANÇOU"
"SC";420440;12;12;1;1;1;"Sim";100;"ALCANÇOU"
"SC";420445;12;12;1;1;1;"Sim";100;"ALCANÇOU"
"SC";420450;10;10;0,833333333333333;0,833333333333333;1;"Sim";100;"ALCANÇOU"
"SC";420455;36;36;3;3;1;"Sim";100;"ALCANÇOU"
"SC";420460;541;551;45,0833333333333;45,9166666666667;0,981851179673321;"Sim";98,2;"ALCANÇOU"
"SC";420470;12;12;1;1;1;"Sim";100;"ALCANÇOU"
"SC";420475;12;12;1;1;1;"Sim";100;"ALCANÇOU"
"SC";420480;12;12;1;1;1;"Sim";100;"ALCANÇOU"
"SC";420490;12;12;1;1;1;"Sim";100;"ALCANÇOU"
"SC";420500;24;24;2;2;1;"Sim";100;"ALCANÇOU"
"SC";420510;12;12;1;1;1;"Sim";100;"ALCANÇOU"
"SC";420515;12;24;1;2;0,5;"Não";50;"NÃO ALCANÇOU"
"SC";420517;12;12;1;1;1;"Sim";100;"ALCANÇOU"
"SC";420519;11;12;0,916666666666667;1;0,916666666666667;"Sim";91,7;"ALCANÇOU"
"SC";420520;12;12;1;1;1;"Sim";100;"ALCANÇOU"
"SC";420530;27;29;2,25;2,41666666666667;0,931034482758621;"Sim";93,1;"ALCANÇOU"
"SC";420535;12;12;1;1;1;"Sim";100;"ALCANÇOU"
"SC";420540;590;599;49,1666666666667;49,9166666666667;0,984974958263773;"Sim";98,5;"ALCANÇOU"
"SC";420543;12;12;1;1;1;"Sim";100;"ALCANÇOU"
"SC";420545;127;130;10,5833333333333;10,8333333333333;0,976923076923077;"Sim";97,7;"ALCANÇOU"
"SC";420550;24;24;2;2;1;"Sim";100;"ALCANÇOU"
"SC";420555;12;12;1;1;1;"Sim";100;"ALCANÇOU"
"SC";420560;12;12;1;1;1;"Sim";100;"ALCANÇOU"
"SC";420570;36;36;3;3;1;"Sim";100;"ALCANÇOU"
"SC";420580;58;60;4,83333333333333;5;0,966666666666667;"Sim";96,7;"ALCANÇOU"
"SC";420590;158;163;13,1666666666667;13,5833333333333;0,969325153374233;"Sim";96,9;"ALCANÇOU"
"SC";420600;24;24;2;2;1;"Sim";100;"ALCANÇOU"
"SC";420610;12;12;1;1;1;"Sim";100;"ALCANÇOU"
"SC";420620;24;24;2;2;1;"Sim";100;"ALCANÇOU"
"SC";420630;22;22;1,83333333333333;1,83333333333333;1;"Sim";100;"ALCANÇOU"
"SC";420640;12;12;1;1;1;"Sim";100;"ALCANÇOU"
"SC";420650;97;116;8,08333333333333;9,66666666666667;0,836206896551724;"Sim";83,6;"ALCANÇOU"
"SC";420660;12;12;1;1;1;"Sim";100;"ALCANÇOU"
"SC";420665;24;24;2;2;1;"Sim";100;"ALCANÇOU"
"SC";420670;76;76;6,33333333333333;6,33333333333333;1;"Sim";100;"ALCANÇOU"
"SC";420675;12;12;1;1;1;"Sim";100;"ALCANÇOU"
"SC";420680;12;12;1;1;1;"Sim";100;"ALCANÇOU"
"SC";420690;36;36;3;3;1;"Sim";100;"ALCANÇOU"
"SC";420700;135;138;11,25;11,5;0,978260869565217;"Sim";97,8;"ALCANÇOU"
"SC";420710;20;24;1,66666666666667;2;0,833333333333333;"Sim";83,3;"ALCANÇOU"
"SC";420720;12;12;1;1;1;"Sim";100;"ALCANÇOU"
"SC";420730;70;72;5,83333333333333;6;0,972222222222222;"Sim";97,2;"ALCANÇOU"
"SC";420740;12;12;1;1;1;"Sim";100;"ALCANÇOU"
"SC";420750;168;168;14;14;1;"Sim";100;"ALCANÇOU"
"SC";420757;12;12;1;1;1;"Sim";100;"ALCANÇOU"
"SC";420760;12;12;1;1;1;"Sim";100;"ALCANÇOU"
"SC";420765;12;12;1;1;1;"Sim";100;"ALCANÇOU"
"SC";420768;12;12;1;1;1;"Sim";100;"ALCANÇOU"
"SC";420770;12;24;1;2;0,5;"Não";50;"NÃO ALCANÇOU"
"SC";420775;12;12;1;1;1;"Sim";100;"ALCANÇOU"
"SC";420780;25;44;2,08333333333333;3,66666666666667;0,568181818181818;"Não";56,8;"NÃO ALCANÇOU"
"SC";420785;12;12;1;1;1;"Sim";100;"ALCANÇOU"
"SC";420790;12;12;1;1;1;"Sim";100;"ALCANÇOU"
"SC";420800;12;12;1;1;1;"Sim";100;"ALCANÇOU"
"SC";420810;95;96;7,91666666666667;8;0,989583333333333;"Sim";99;"ALCANÇOU"
"SC";420820;362;372;30,1666666666667;31;0,973118279569892;"Sim";97,3;"ALCANÇOU"
"SC";420830;144;145;12;12,0833333333333;0,993103448275862;"Sim";99,3;"ALCANÇOU"
"SC";420840;12;12;1;1;1;"Sim";100;"ALCANÇOU"
"SC";420845;95;114;7,91666666666667;9,5;0,833333333333333;"Sim";83,3;"ALCANÇOU"
"SC";420850;12;12;1;1;1;"Sim";100;"ALCANÇOU"
"SC";420860;12;12;1;1;1;"Sim";100;"ALCANÇOU"
"SC";420870;12;18;1;1,5;0,666666666666667;"Não";66,7;"NÃO ALCANÇOU"
"SC";420880;72;72;6;6;1;"Sim";100;"ALCANÇOU"
"SC";420890;325;333;27,0833333333333;27,75;0,975975975975976;"Sim";97,6;"ALCANÇOU"
"SC";420895;12;12;1;1;1;"Sim";100;"ALCANÇOU"
"SC";420900;79;87;6,58333333333333;7,25;0,908045977011494;"Sim";90,8;"ALCANÇOU"
"SC";420910;632;668;52,6666666666667;55,6666666666667;0,946107784431138;"Sim";94,6;"ALCANÇOU"
"SC";420915;12;12;1;1;1;"Sim";100;"ALCANÇOU"
"SC";420917;12;12;1;1;1;"Sim";100;"ALCANÇOU"
"SC";420920;12;12;1;1;1;"Sim";100;"ALCANÇOU"
"SC";420930;210;321;17,5;26,75;0,654205607476635;"Não";65,4;"NÃO ALCANÇOU"
"SC";420940;95;96;7,91666666666667;8;0,989583333333333;"Sim";99;"ALCANÇOU"
"SC";420945;12;12;1;1;1;"Sim";100;"ALCANÇOU"
"SC";420950;12;12;1;1;1;"Sim";100;"ALCANÇOU"
"SC";420960;48;48;4;4;1;"Sim";100;"ALCANÇOU"
"SC";420970;13;20;1,08333333333333;1,66666666666667;0,65;"Não";65;"NÃO ALCANÇOU"
"SC";420980;12;12;1;1;1;"Sim";100;"ALCANÇOU"
"SC";420985;12;12;1;1;1;"Sim";100;"ALCANÇOU"
"SC";420990;22;24;1,83333333333333;2;0,916666666666667;"Sim";91,7;"ALCANÇOU"
"SC";421000;64;66;5,33333333333333;5,5;0,96969696969697;"Sim";97;"ALCANÇOU"
"SC";421003;25;32;2,08333333333333;2,66666666666667;0,78125;"Não";78,1;"NÃO ALCANÇOU"
"SC";421005;24;24;2;2;1;"Sim";100;"ALCANÇOU"
"SC";421010;150;162;12,5;13,5;0,925925925925926;"Sim";92,6;"ALCANÇOU"
"SC";421020;12;12;1;1;1;"Sim";100;"ALCANÇOU"
"SC";421030;12;12;1;1;1;"Sim";100;"ALCANÇOU"
"SC";421040;12;12;1;1;1;"Sim";100;"ALCANÇOU"
"SC";421050;12;24;1;2;0,5;"Não";50;"NÃO ALCANÇOU"
"SC";421055;12;12;1;1;1;"Sim";100;"ALCANÇOU"
"SC";421060;59;60;4,91666666666667;5;0,983333333333333;"Sim";98,3;"ALCANÇOU"
"SC";421070;12;12;1;1;1;"Sim";100;"ALCANÇOU"
"SC";421080;24;24;2;2;1;"Sim";100;"ALCANÇOU"
"SC";421085;12;12;1;1;1;"Sim";100;"ALCANÇOU"
"SC";421090;12;12;1;1;1;"Sim";100;"ALCANÇOU"
"SC";421100;12;12;1;1;1;"Sim";100;"ALCANÇOU"
"SC";421105;12;15;1;1,25;0,8;"Sim";80;"ALCANÇOU"
"SC";421110;28;36;2,33333333333333;3;0,777777777777778;"Não";77,8;"NÃO ALCANÇOU"
"SC";421120;81;84;6,75;7;0,964285714285714;"Sim";96,4;"ALCANÇOU"
"SC";421125;12;12;1;1;1;"Sim";100;"ALCANÇOU"
"SC";421130;119;135;9,91666666666667;11,25;0,881481481481482;"Sim";88,1;"ALCANÇOU"
"SC";421140;12;12;1;1;1;"Sim";100;"ALCANÇOU"
"SC";421145;12;12;1;1;1;"Sim";100;"ALCANÇOU"
"SC";421150;12;12;1;1;1;"Sim";100;"ALCANÇOU"
"SC";421160;60;60;5;5;1;"Sim";100;"ALCANÇOU"
"SC";421165;12;12;1;1;1;"Sim";100;"ALCANÇOU"
"SC";421170;84;84;7;7;1;"Sim";100;"ALCANÇOU"
"SC";421175;60;60;5;5;1;"Sim";100;"ALCANÇOU"
"SC";421180;20;24;1,66666666666667;2;0,833333333333333;"Sim";83,3;"ALCANÇOU"
"SC";421185;12;12;1;1;1;"Sim";100;"ALCANÇOU"
"SC";421187;12;15;1;1,25;0,8;"Sim";80;"ALCANÇOU"
"SC";421189;12;12;1;1;1;"Sim";100;"ALCANÇOU"
"SC";421190;263;276;21,9166666666667;23;0,952898550724638;"Sim";95,3;"ALCANÇOU"
"SC";421200;12;12;1;1;1;"Sim";100;"ALCANÇOU"
"SC";421205;12;12;1;1;1;"Sim";100;"ALCANÇOU"
"SC";421210;12;30;1;2,5;0,4;"Não";40;"NÃO ALCANÇOU"
"SC";421220;60;60;5;5;1;"Sim";100;"ALCANÇOU"
"SC";421223;12;12;1;1;1;"Sim";100;"ALCANÇOU"
"SC";421225;21;22;1,75;1,83333333333333;0,954545454545455;"Sim";95,5;"ALCANÇOU"
"SC";421227;12;12;1;1;1;"Sim";100;"ALCANÇOU"
"SC";421230;24;24;2;2;1;"Sim";100;"ALCANÇOU"
"SC";421240;12;12;1;1;1;"Sim";100;"ALCANÇOU"
"SC";421250;96;96;8;8;1;"Sim";100;"ALCANÇOU"
"SC";421260;12;12;1;1;1;"Sim";100;"ALCANÇOU"
"SC";421265;24;24;2;2;1;"Sim";100;"ALCANÇOU"
"SC";421270;12;12;1;1;1;"Sim";100;"ALCANÇOU"
"SC";421280;82;82;6,83333333333333;6,83333333333333;1;"Sim";100;"ALCANÇOU"
"SC";421290;12;12;1;1;1;"Sim";100;"ALCANÇOU"
"SC";421300;12;12;1;1;1;"Sim";100;"ALCANÇOU"
"SC";421310;12;24;1;2;0,5;"Não";50;"NÃO ALCANÇOU"
"SC";421315;12;12;1;1;1;"Sim";100;"ALCANÇOU"
"SC";421320;120;120;10;10;1;"Sim";100;"ALCANÇOU"
"SC";421330;24;24;2;2;1;"Sim";100;"ALCANÇOU"
"SC";421335;14;36;1,16666666666667;3;0,388888888888889;"Não";38,9;"NÃO ALCANÇOU"
"SC";421340;12;12;1;1;1;"Sim";100;"ALCANÇOU"
"SC";421350;57;69;4,75;5,75;0,826086956521739;"Sim";82,6;"ALCANÇOU"
"SC";421360;95;96;7,91666666666667;8;0,989583333333333;"Sim";99;"ALCANÇOU"
"SC";421370;36;36;3;3;1;"Sim";100;"ALCANÇOU"
"SC";421380;12;12;1;1;1;"Sim";100;"ALCANÇOU"
"SC";421390;12;12;1;1;1;"Sim";100;"ALCANÇOU"
"SC";421400;25;36;2,08333333333333;3;0,694444444444444;"Não";69,4;"NÃO ALCANÇOU"
"SC";421410;12;12;1;1;1;"Sim";100;"ALCANÇOU"
"SC";421415;12;12;1;1;1;"Sim";100;"ALCANÇOU"
"SC";421420;12;32;1;2,66666666666667;0,375;"Não";37,5;"NÃO ALCANÇOU"
"SC";421430;13;24;1,08333333333333;2;0,541666666666667;"Não";54,2;"NÃO ALCANÇOU"
"SC";421440;13;24;1,08333333333333;2;0,541666666666667;"Não";54,2;"NÃO ALCANÇOU"
"SC";421450;24;24;2;2;1;"Sim";100;"ALCANÇOU"
"SC";421460;12;12;1;1;1;"Sim";100;"ALCANÇOU"
"SC";421470;48;48;4;4;1;"Sim";100;"ALCANÇOU"
"SC";421480;153;156;12,75;13;0,980769230769231;"Sim";98,1;"ALCANÇOU"
"SC";421490;12;12;1;1;1;"Sim";100;"ALCANÇOU"
"SC";421500;132;132;11;11;1;"Sim";100;"ALCANÇOU"
"SC";421505;12;12;1;1;1;"Sim";100;"ALCANÇOU"
"SC";421507;12;12;1;1;1;"Sim";100;"ALCANÇOU"
"SC";421510;24;24;2;2;1;"Sim";100;"ALCANÇOU"
"SC";421520;12;12;1;1;1;"Sim";100;"ALCANÇOU"
"SC";421530;12;12;1;1;1;"Sim";100;"ALCANÇOU"
"SC";421535;12;12;1;1;1;"Sim";100;"ALCANÇOU"
"SC";421540;12;12;1;1;1;"Sim";100;"ALCANÇOU"
"SC";421545;36;36;3;3;1;"Sim";100;"ALCANÇOU"
"SC";421550;12;12;1;1;1;"Sim";100;"ALCANÇOU"
"SC";421555;12;12;1;1;1;"Sim";100;"ALCANÇOU"
"SC";421560;12;12;1;1;1;"Sim";100;"ALCANÇOU"
"SC";421565;24;24;2;2;1;"Sim";100;"ALCANÇOU"
"SC";421567;12;12;1;1;1;"Sim";100;"ALCANÇOU"
"SC";421568;12;12;1;1;1;"Sim";100;"ALCANÇOU"
"SC";421569;12;12;1;1;1;"Sim";100;"ALCANÇOU"
"SC";421570;60;72;5;6;0,833333333333333;"Sim";83,3;"ALCANÇOU"
"SC";421575;12;12;1;1;1;"Sim";100;"ALCANÇOU"
"SC";421580;252;252;21;21;1;"Sim";100;"ALCANÇOU"
"SC";421590;12;12;1;1;1;"Sim";100;"ALCANÇOU"
"SC";421600;12;12;1;1;1;"Sim";100;"ALCANÇOU"
"SC";421605;12;12;1;1;1;"Sim";100;"ALCANÇOU"
"SC";421610;24;24;2;2;1;"Sim";100;"ALCANÇOU"
"SC";421620;133;156;11,0833333333333;13;0,852564102564103;"Sim";85,3;"ALCANÇOU"
"SC";421625;12;12;1;1;1;"Sim";100;"ALCANÇOU"
"SC";421630;36;36;3;3;1;"Sim";100;"ALCANÇOU"
"SC";421635;12;12;1;1;1;"Sim";100;"ALCANÇOU"
"SC";421640;12;12;1;1;1;"Sim";100;"ALCANÇOU"
"SC";421650;12;12;1;1;1;"Sim";100;"ALCANÇOU"
"SC";421660;303;303;25,25;25,25;1;"Sim";100;"ALCANÇOU"
"SC";421670;12;12;1;1;1;"Sim";100;"ALCANÇOU"
"SC";421680;0;12;0;1;0;"Não";0;"NÃO ALCANÇOU"
"SC";421690;12;12;1;1;1;"Sim";100;"ALCANÇOU"
"SC";421700;12;12;1;1;1;"Sim";100;"ALCANÇOU"
"SC";421710;12;12;1;1;1;"Sim";100;"ALCANÇOU"
"SC";421715;12;12;1;1;1;"Sim";100;"ALCANÇOU"
"SC";421720;13;24;1,08333333333333;2;0,541666666666667;"Não";54,2;"NÃO ALCANÇOU"
"SC";421725;24;24;2;2;1;"Sim";100;"ALCANÇOU"
"SC";421730;12;12;1;1;1;"Sim";100;"ALCANÇOU"
"SC";421740;48;48;4;4;1;"Sim";100;"ALCANÇOU"
"SC";421750;69;72;5,75;6;0,958333333333333;"Sim";95,8;"ALCANÇOU"
"SC";421755;12;12;1;1;1;"Sim";100;"ALCANÇOU"
"SC";421760;66;72;5,5;6;0,916666666666667;"Sim";91,7;"ALCANÇOU"
"SC";421770;60;60;5;5;1;"Sim";100;"ALCANÇOU"
"SC";421775;12;12;1;1;1;"Sim";100;"ALCANÇOU"
"SC";421780;12;12;1;1;1;"Sim";100;"ALCANÇOU"
"SC";421790;12;12;1;1;1;"Sim";100;"ALCANÇOU"
"SC";421795;12;12;1;1;1;"Sim";100;"ALCANÇOU"
"SC";421800;51;67;4,25;5,58333333333333;0,761194029850746;"Não";76,1;"NÃO ALCANÇOU"
"SC";421810;12;12;1;1;1;"Sim";100;"ALCANÇOU"
"SC";421820;128;128;10,6666666666667;10,6666666666667;1;"Sim";100;"ALCANÇOU"
"SC";421825;12;12;1;1;1;"Sim";100;"ALCANÇOU"
"SC";421830;104;108;8,66666666666667;9;0,962962962962963;"Sim";96,3;"ALCANÇOU"
"SC";421835;12;12;1;1;1;"Sim";100;"ALCANÇOU"
"SC";421840;12;12;1;1;1;"Sim";100;"ALCANÇOU"
"SC";421850;12;12;1;1;1;"Sim";100;"ALCANÇOU"
"SC";421860;12;12;1;1;1;"Sim";100;"ALCANÇOU"
"SC";421870;251;271;20,9166666666667;22,5833333333333;0,92619926199262;"Sim";92,6;"ALCANÇOU"
"SC";421875;12;12;1;1;1;"Sim";100;"ALCANÇOU"
"SC";421880;17;24;1,41666666666667;2;0,708333333333333;"Não";70,8;"NÃO ALCANÇOU"
"SC";421885;12;12;1;1;1;"Sim";100;"ALCANÇOU"
"SC";421890;12;12;1;1;1;"Sim";100;"ALCANÇOU"
"SC";421895;12;12;1;1;1;"Sim";100;"ALCANÇOU"
"SC";421900;53;67;4,41666666666667;5,58333333333333;0,791044776119403;"Não";79,1;"NÃO ALCANÇOU"
"SC";421910;12;12;1;1;1;"Sim";100;"ALCANÇOU"
"SC";421915;12;21;1;1,75;0,571428571428571;"Não";57,1;"NÃO ALCANÇOU"
"SC";421917;21;24;1,75;2;0,875;"Sim";87,5;"ALCANÇOU"
"SC";421920;12;12;1;1;1;"Sim";100;"ALCANÇOU"
"SC";421930;35;48;2,91666666666667;4;0,729166666666667;"Não";72,9;"NÃO ALCANÇOU"
"SC";421935;9;12;0,75;1;0,75;"Não";75;"NÃO ALCANÇOU"
"SC";421940;12;12;1;1;1;"Sim";100;"ALCANÇOU"
"SC";421950;83;95;6,91666666666667;7,91666666666667;0,873684210526316;"Sim";87,4;"ALCANÇOU"
"SC";421960;24;24;2;2;1;"Sim";100;"ALCANÇOU"
"SC";421970;26;36;2,16666666666667;3;0,722222222222222;"Não";72,2;"NÃO ALCANÇOU"
"SC";421985;12;12;1;1;1;"Sim";100;"ALCANÇOU"
"SC";422000;48;48;4;4;1;"Sim";100;"ALCANÇOU"
"RS";430003;20;20;1,66666666666667;1,66666666666667;1;"Sim";100;"ALCANÇOU"
"RS";430005;10;18;0,833333333333333;1,5;0,555555555555556;"Não";55,6;"NÃO ALCANÇOU"
"RS";430010;12;12;1;1;1;"Sim";100;"ALCANÇOU"
"RS";430020;5;5;0,416666666666667;0,416666666666667;1;"Sim";100;"ALCANÇOU"
"RS";430030;12;12;1;1;1;"Sim";100;"ALCANÇOU"
"RS";430040;164;164;13,6666666666667;13,6666666666667;1;"Sim";100;"ALCANÇOU"
"RS";430045;12;18;1;1,5;0,666666666666667;"Não";66,7;"NÃO ALCANÇOU"
"RS";430047;7;7;0,583333333333333;0,583333333333333;1;"Sim";100;"ALCANÇOU"
"RS";430050;8;8;0,666666666666667;0,666666666666667;1;"Sim";100;"ALCANÇOU"
"RS";430055;7;7;0,583333333333333;0,583333333333333;1;"Sim";100;"ALCANÇOU"
"RS";430057;7;7;0,583333333333333;0,583333333333333;1;"Sim";100;"ALCANÇOU"
"RS";430060;163;176;13,5833333333333;14,6666666666667;0,926136363636364;"Sim";92,6;"ALCANÇOU"
"RS";430063;20;20;1,66666666666667;1,66666666666667;1;"Sim";100;"ALCANÇOU"
"RS";430064;12;12;1;1;1;"Sim";100;"ALCANÇOU"
"RS";430066;9;9;0,75;0,75;1;"Sim";100;"ALCANÇOU"
"RS";430070;8;8;0,666666666666667;0,666666666666667;1;"Sim";100;"ALCANÇOU"
"RS";430080;19;27;1,58333333333333;2,25;0,703703703703704;"Não";70,4;"NÃO ALCANÇOU"
"RS";430085;22;27;1,83333333333333;2,25;0,814814814814815;"Sim";81,5;"ALCANÇOU"
"RS";430087;18;18;1,5;1,5;1;"Sim";100;"ALCANÇOU"
"RS";430090;12;12;1;1;1;"Sim";100;"ALCANÇOU"
"RS";430100;40;43;3,33333333333333;3,58333333333333;0,930232558139535;"Sim";93;"ALCANÇOU"
"RS";430105;17;18;1,41666666666667;1,5;0,944444444444444;"Sim";94,4;"ALCANÇOU"
"RS";430107;8;8;0,666666666666667;0,666666666666667;1;"Sim";100;"ALCANÇOU"
"RS";430110;18;18;1,5;1,5;1;"Sim";100;"ALCANÇOU"
"RS";430120;35;36;2,91666666666667;3;0,972222222222222;"Sim";97,2;"ALCANÇOU"
"RS";430130;36;36;3;3;1;"Sim";100;"ALCANÇOU"
"RS";430140;18;27;1,5;2,25;0,666666666666667;"Não";66,7;"NÃO ALCANÇOU"
"RS";430150;12;12;1;1;1;"Sim";100;"ALCANÇOU"
"RS";430155;9;9;0,75;0,75;1;"Sim";100;"ALCANÇOU"
"RS";430160;261;264;21,75;22;0,988636363636364;"Sim";98,9;"ALCANÇOU"
"RS";430163;41;42;3,41666666666667;3,5;0,976190476190476;"Sim";97,6;"ALCANÇOU"
"RS";430165;18;18;1,5;1,5;1;"Sim";100;"ALCANÇOU"
"RS";430170;9;12;0,75;1;0,75;"Não";75;"NÃO ALCANÇOU"
"RS";430175;8;8;0,666666666666667;0,666666666666667;1;"Sim";100;"ALCANÇOU"
"RS";430180;12;12;1;1;1;"Sim";100;"ALCANÇOU"
"RS";430185;12;12;1;1;1;"Sim";100;"ALCANÇOU"
"RS";430187;0;0;0;0;;;;"NÃO ALCANÇOU"
"RS";430190;18;18;1,5;1,5;1;"Sim";100;"ALCANÇOU"
"RS";430192;12;12;1;1;1;"Sim";100;"ALCANÇOU"
"RS";430195;12;12;1;1;1;"Sim";100;"ALCANÇOU"
"RS";430200;9;9;0,75;0,75;1;"Sim";100;"ALCANÇOU"
"RS";430205;9;9;0,75;0,75;1;"Sim";100;"ALCANÇOU"
"RS";430210;190;252;15,8333333333333;21;0,753968253968254;"Não";75,4;"NÃO ALCANÇOU"
"RS";430215;12;12;1;1;1;"Sim";100;"ALCANÇOU"
"RS";430220;12;20;1;1,66666666666667;0,6;"Não";60;"NÃO ALCANÇOU"
"RS";430222;8;8;0,666666666666667;0,666666666666667;1;"Sim";100;"ALCANÇOU"
"RS";430223;8;8;0,666666666666667;0,666666666666667;1;"Sim";100;"ALCANÇOU"
"RS";430225;6;6;0,5;0,5;1;"Sim";100;"ALCANÇOU"
"RS";430230;18;30;1,5;2,5;0,6;"Não";60;"NÃO ALCANÇOU"
"RS";430235;32;32;2,66666666666667;2,66666666666667;1;"Sim";100;"ALCANÇOU"
"RS";430237;12;12;1;1;1;"Sim";100;"ALCANÇOU"
"RS";430240;18;24;1,5;2;0,75;"Não";75;"NÃO ALCANÇOU"
"RS";430245;7;7;0,583333333333333;0,583333333333333;1;"Sim";100;"ALCANÇOU"
"RS";430250;16;16;1,33333333333333;1,33333333333333;1;"Sim";100;"ALCANÇOU"
"RS";430258;12;12;1;1;1;"Sim";100;"ALCANÇOU"
"RS";430260;12;12;1;1;1;"Sim";100;"ALCANÇOU"
"RS";430265;9;9;0,75;0,75;1;"Sim";100;"ALCANÇOU"
"RS";430270;59;60;4,91666666666667;5;0,983333333333333;"Sim";98,3;"ALCANÇOU"
"RS";430280;48;72;4;6;0,666666666666667;"Não";66,7;"NÃO ALCANÇOU"
"RS";430290;7;12;0,583333333333333;1;0,583333333333333;"Não";58,3;"NÃO ALCANÇOU"
"RS";430300;75;96;6,25;8;0,78125;"Não";78,1;"NÃO ALCANÇOU"
"RS";430310;135;144;11,25;12;0,9375;"Sim";93,8;"ALCANÇOU"
"RS";430320;24;24;2;2;1;"Sim";100;"ALCANÇOU"
"RS";430330;12;12;1;1;1;"Sim";100;"ALCANÇOU"
"RS";430340;12;12;1;1;1;"Sim";100;"ALCANÇOU"
"RS";430350;45;72;3,75;6;0,625;"Não";62,5;"NÃO ALCANÇOU"
"RS";430355;9;14;0,75;1,16666666666667;0,642857142857143;"Não";64,3;"NÃO ALCANÇOU"
"RS";430360;22;25;1,83333333333333;2,08333333333333;0,88;"Sim";88;"ALCANÇOU"
"RS";430367;9;9;0,75;0,75;1;"Sim";100;"ALCANÇOU"
"RS";430370;12;12;1;1;1;"Sim";100;"ALCANÇOU"
"RS";430380;9;9;0,75;0,75;1;"Sim";100;"ALCANÇOU"
"RS";430390;131;131;10,9166666666667;10,9166666666667;1;"Sim";100;"ALCANÇOU"
"RS";430400;12;12;1;1;1;"Sim";100;"ALCANÇOU"
"RS";430410;8;8;0,666666666666667;0,666666666666667;1;"Sim";100;"ALCANÇOU"
"RS";430420;31;37;2,58333333333333;3,08333333333333;0,837837837837838;"Sim";83,8;"ALCANÇOU"
"RS";430430;12;12;1;1;1;"Sim";100;"ALCANÇOU"
"RS";430435;53;54;4,41666666666667;4,5;0,981481481481482;"Sim";98,1;"ALCANÇOU"
"RS";430440;60;60;5;5;1;"Sim";100;"ALCANÇOU"
"RS";430450;80;112;6,66666666666667;9,33333333333333;0,714285714285714;"Não";71,4;"NÃO ALCANÇOU"
"RS";430460;273;310;22,75;25,8333333333333;0,880645161290323;"Sim";88,1;"ALCANÇOU"
"RS";430461;12;12;1;1;1;"Sim";100;"ALCANÇOU"
"RS";430462;12;12;1;1;1;"Sim";100;"ALCANÇOU"
"RS";430463;28;77;2,33333333333333;6,41666666666667;0,363636363636364;"Não";36,4;"NÃO ALCANÇOU"
"RS";430465;8;8;0,666666666666667;0,666666666666667;1;"Sim";100;"ALCANÇOU"
"RS";430466;48;48;4;4;1;"Sim";100;"ALCANÇOU"
"RS";430467;21;21;1,75;1,75;1;"Sim";100;"ALCANÇOU"
"RS";430468;5;8;0,416666666666667;0,666666666666667;0,625;"Não";62,5;"NÃO ALCANÇOU"
"RS";430469;8;8;0,666666666666667;0,666666666666667;1;"Sim";100;"ALCANÇOU"
"RS";430470;47;156;3,91666666666667;13;0,301282051282051;"Não";30,1;"NÃO ALCANÇOU"
"RS";430471;10;10;0,833333333333333;0,833333333333333;1;"Sim";100;"ALCANÇOU"
"RS";430480;23;32;1,91666666666667;2,66666666666667;0,71875;"Não";71,9;"NÃO ALCANÇOU"
"RS";430485;9;9;0,75;0,75;1;"Sim";100;"ALCANÇOU"
"RS";430490;9;9;0,75;0,75;1;"Sim";100;"ALCANÇOU"
"RS";430495;10;10;0,833333333333333;0,833333333333333;1;"Sim";100;"ALCANÇOU"
"RS";430500;6;6;0,5;0,5;1;"Sim";100;"ALCANÇOU"
"RS";430510;400;404;33,3333333333333;33,6666666666667;0,99009900990099;"Sim";99;"ALCANÇOU"
"RS";430511;8;8;0,666666666666667;0,666666666666667;1;"Sim";100;"ALCANÇOU"
"RS";430512;16;22;1,33333333333333;1,83333333333333;0,727272727272727;"Não";72,7;"NÃO ALCANÇOU"
"RS";430513;12;12;1;1;1;"Sim";100;"ALCANÇOU"
"RS";430515;9;9;0,75;0,75;1;"Sim";100;"ALCANÇOU"
"RS";430517;9;9;0,75;0,75;1;"Sim";100;"ALCANÇOU"
"RS";430520;12;12;1;1;1;"Sim";100;"ALCANÇOU"
"RS";430530;12;12;1;1;1;"Sim";100;"ALCANÇOU"
"RS";430535;99;108;8,25;9;0,916666666666667;"Sim";91,7;"ALCANÇOU"
"RS";430537;8;8;0,666666666666667;0,666666666666667;1;"Sim";100;"ALCANÇOU"
"RS";430540;12;12;1;1;1;"Sim";100;"ALCANÇOU"
"RS";430543;15;16;1,25;1,33333333333333;0,9375;"Sim";93,8;"ALCANÇOU"
"RS";430544;10;10;0,833333333333333;0,833333333333333;1;"Sim";100;"ALCANÇOU"
"RS";430545;46;48;3,83333333333333;4;0,958333333333333;"Sim";95,8;"ALCANÇOU"
"RS";430550;7;14;0,583333333333333;1,16666666666667;0,5;"Não";50;"NÃO ALCANÇOU"
"RS";430558;7;7;0,583333333333333;0,583333333333333;1;"Sim";100;"ALCANÇOU"
"RS";430560;9;9;0,75;0,75;1;"Sim";100;"ALCANÇOU"
"RS";430570;12;12;1;1;1;"Sim";100;"ALCANÇOU"
"RS";430580;26;26;2,16666666666667;2,16666666666667;1;"Sim";100;"ALCANÇOU"
"RS";430583;8;8;0,666666666666667;0,666666666666667;1;"Sim";100;"ALCANÇOU"
"RS";430585;9;9;0,75;0,75;1;"Sim";100;"ALCANÇOU"
"RS";430587;12;12;1;1;1;"Sim";100;"ALCANÇOU"
"RS";430590;14;33;1,16666666666667;2,75;0,424242424242424;"Não";42,4;"NÃO ALCANÇOU"
"RS";430593;8;8;0,666666666666667;0,666666666666667;1;"Sim";100;"ALCANÇOU"
"RS";430595;8;8;0,666666666666667;0,666666666666667;1;"Sim";100;"ALCANÇOU"
"RS";430597;9;9;0,75;0,75;1;"Sim";100;"ALCANÇOU"
"RS";430600;21;26;1,75;2,16666666666667;0,807692307692308;"Sim";80,8;"ALCANÇOU"
"RS";430605;26;27;2,16666666666667;2,25;0,962962962962963;"Sim";96,3;"ALCANÇOU"
"RS";430607;12;12;1;1;1;"Sim";100;"ALCANÇOU"
"RS";430610;135;157;11,25;13,0833333333333;0,859872611464968;"Sim";86;"ALCANÇOU"
"RS";430613;8;8;0,666666666666667;0,666666666666667;1;"Sim";100;"ALCANÇOU"
"RS";430620;11;16;0,916666666666667;1,33333333333333;0,6875;"Não";68,8;"NÃO ALCANÇOU"
"RS";430630;10;10;0,833333333333333;0,833333333333333;1;"Sim";100;"ALCANÇOU"
"RS";430632;12;12;1;1;1;"Sim";100;"ALCANÇOU"
"RS";430635;12;12;1;1;1;"Sim";100;"ALCANÇOU"
"RS";430637;12;12;1;1;1;"Sim";100;"ALCANÇOU"
"RS";430640;96;96;8;8;1;"Sim";100;"ALCANÇOU"
"RS";430642;3;3;0,25;0,25;1;"Sim";100;"ALCANÇOU"
"RS";430645;12;12;1;1;1;"Sim";100;"ALCANÇOU"
"RS";430650;13;36;1,08333333333333;3;0,361111111111111;"Não";36,1;"NÃO ALCANÇOU"
"RS";430655;12;12;1;1;1;"Sim";100;"ALCANÇOU"
"RS";430660;33;95;2,75;7,91666666666667;0,347368421052632;"Não";34,7;"NÃO ALCANÇOU"
"RS";430670;8;8;0,666666666666667;0,666666666666667;1;"Sim";100;"ALCANÇOU"
"RS";430673;12;12;1;1;1;"Sim";100;"ALCANÇOU"
"RS";430675;12;12;1;1;1;"Sim";100;"ALCANÇOU"
"RS";430676;24;39;2;3,25;0,615384615384615;"Não";61,5;"NÃO ALCANÇOU"
"RS";430680;11;20;0,916666666666667;1,66666666666667;0,55;"Não";55;"NÃO ALCANÇOU"
"RS";430690;66;77;5,5;6,41666666666667;0,857142857142857;"Sim";85,7;"ALCANÇOU"
"RS";430692;20;20;1,66666666666667;1,66666666666667;1;"Sim";100;"ALCANÇOU"
"RS";430693;12;12;1;1;1;"Sim";100;"ALCANÇOU"
"RS";430695;9;9;0,75;0,75;1;"Sim";100;"ALCANÇOU"
"RS";430697;9;9;0,75;0,75;1;"Sim";100;"ALCANÇOU"
"RS";430700;103;112;8,58333333333333;9,33333333333333;0,919642857142857;"Sim";92;"ALCANÇOU"
"RS";430705;10;10;0,833333333333333;0,833333333333333;1;"Sim";100;"ALCANÇOU"
"RS";430710;10;10;0,833333333333333;0,833333333333333;1;"Sim";100;"ALCANÇOU"
"RS";430720;9;9;0,75;0,75;1;"Sim";100;"ALCANÇOU"
"RS";430730;12;12;1;1;1;"Sim";100;"ALCANÇOU"
"RS";430740;8;8;0,666666666666667;0,666666666666667;1;"Sim";100;"ALCANÇOU"
"RS";430745;12;12;1;1;1;"Sim";100;"ALCANÇOU"
"RS";430750;46;48;3,83333333333333;4;0,958333333333333;"Sim";95,8;"ALCANÇOU"
"RS";430755;9;9;0,75;0,75;1;"Sim";100;"ALCANÇOU"
"RS";430760;81;83;6,75;6,91666666666667;0,975903614457831;"Sim";97,6;"ALCANÇOU"
"RS";430770;135;135;11,25;11,25;1;"Sim";100;"ALCANÇOU"
"RS";430780;30;34;2,5;2,83333333333333;0,882352941176471;"Sim";88,2;"ALCANÇOU"
"RS";430781;24;24;2;2;1;"Sim";100;"ALCANÇOU"
"RS";430783;12;12;1;1;1;"Sim";100;"ALCANÇOU"
"RS";430786;8;8;0,666666666666667;0,666666666666667;1;"Sim";100;"ALCANÇOU"
"RS";430790;137;177;11,4166666666667;14,75;0,774011299435028;"Não";77,4;"NÃO ALCANÇOU"
"RS";430800;6;6;0,5;0,5;1;"Sim";100;"ALCANÇOU"
"RS";430805;9;9;0,75;0,75;1;"Sim";100;"ALCANÇOU"
"RS";430807;8;8;0,666666666666667;0,666666666666667;1;"Sim";100;"ALCANÇOU"
"RS";430810;12;17;1;1,41666666666667;0,705882352941177;"Não";70,6;"NÃO ALCANÇOU"
"RS";430820;56;56;4,66666666666667;4,66666666666667;1;"Sim";100;"ALCANÇOU"
"RS";430825;8;8;0,666666666666667;0,666666666666667;1;"Sim";100;"ALCANÇOU"
"RS";430830;60;60;5;5;1;"Sim";100;"ALCANÇOU"
"RS";430840;8;8;0,666666666666667;0,666666666666667;1;"Sim";100;"ALCANÇOU"
"RS";430843;8;8;0,666666666666667;0,666666666666667;1;"Sim";100;"ALCANÇOU"
"RS";430845;10;11;0,833333333333333;0,916666666666667;0,909090909090909;"Sim";90,9;"ALCANÇOU"
"RS";430850;24;24;2;2;1;"Sim";100;"ALCANÇOU"
"RS";430860;32;32;2,66666666666667;2,66666666666667;1;"Sim";100;"ALCANÇOU"
"RS";430865;12;12;1;1;1;"Sim";100;"ALCANÇOU"
"RS";430870;9;9;0,75;0,75;1;"Sim";100;"ALCANÇOU"
"RS";430880;9;15;0,75;1,25;0,6;"Não";60;"NÃO ALCANÇOU"
"RS";430885;9;18;0,75;1,5;0,5;"Não";50;"NÃO ALCANÇOU"
"RS";430890;26;32;2,16666666666667;2,66666666666667;0,8125;"Sim";81,2;"ALCANÇOU"
"RS";430900;12;18;1;1,5;0,666666666666667;"Não";66,7;"NÃO ALCANÇOU"
"RS";430905;7;7;0,583333333333333;0,583333333333333;1;"Sim";100;"ALCANÇOU"
"RS";430910;68;90;5,66666666666667;7,5;0,755555555555556;"Não";75,6;"NÃO ALCANÇOU"
"RS";430912;8;8;0,666666666666667;0,666666666666667;1;"Sim";100;"ALCANÇOU"
"RS";430915;12;12;1;1;1;"Sim";100;"ALCANÇOU"
"RS";430920;240;240;20;20;1;"Sim";100;"ALCANÇOU"
"RS";430925;7;7;0,583333333333333;0,583333333333333;1;"Sim";100;"ALCANÇOU"
"RS";430930;104;104;8,66666666666667;8,66666666666667;1;"Sim";100;"ALCANÇOU"
"RS";430940;54;54;4,5;4,5;1;"Sim";100;"ALCANÇOU"
"RS";430950;12;12;1;1;1;"Sim";100;"ALCANÇOU"
"RS";430955;8;8;0,666666666666667;0,666666666666667;1;"Sim";100;"ALCANÇOU"
"RS";430957;9;9;0,75;0,75;1;"Sim";100;"ALCANÇOU"
"RS";430960;12;12;1;1;1;"Sim";100;"ALCANÇOU"
"RS";430965;8;8;0,666666666666667;0,666666666666667;1;"Sim";100;"ALCANÇOU"
"RS";430970;12;12;1;1;1;"Sim";100;"ALCANÇOU"
"RS";430975;12;24;1;2;0,5;"Não";50;"NÃO ALCANÇOU"
"RS";430980;12;12;1;1;1;"Sim";100;"ALCANÇOU"
"RS";430990;12;12;1;1;1;"Sim";100;"ALCANÇOU"
"RS";430995;9;9;0,75;0,75;1;"Sim";100;"ALCANÇOU"
"RS";431000;49;52;4,08333333333333;4,33333333333333;0,942307692307692;"Sim";94,2;"ALCANÇOU"
"RS";431010;57;62;4,75;5,16666666666667;0,919354838709677;"Sim";91,9;"ALCANÇOU"
"RS";431020;164;168;13,6666666666667;14;0,976190476190476;"Sim";97,6;"ALCANÇOU"
"RS";431030;8;8;0,666666666666667;0,666666666666667;1;"Sim";100;"ALCANÇOU"
"RS";431033;40;40;3,33333333333333;3,33333333333333;1;"Sim";100;"ALCANÇOU"
"RS";431036;15;16;1,25;1,33333333333333;0,9375;"Sim";93,8;"ALCANÇOU"
"RS";431040;12;12;1;1;1;"Sim";100;"ALCANÇOU"
"RS";431041;12;12;1;1;1;"Sim";100;"ALCANÇOU"
"RS";431043;24;24;2;2;1;"Sim";100;"ALCANÇOU"
"RS";431046;9;9;0,75;0,75;1;"Sim";100;"ALCANÇOU"
"RS";431050;9;9;0,75;0,75;1;"Sim";100;"ALCANÇOU"
"RS";431053;12;12;1;1;1;"Sim";100;"ALCANÇOU"
"RS";431055;8;8;0,666666666666667;0,666666666666667;1;"Sim";100;"ALCANÇOU"
"RS";431057;9;9;0,75;0,75;1;"Sim";100;"ALCANÇOU"
"RS";431060;64;64;5,33333333333333;5,33333333333333;1;"Sim";100;"ALCANÇOU"
"RS";431065;7;7;0,583333333333333;0,583333333333333;1;"Sim";100;"ALCANÇOU"
"RS";431070;9;9;0,75;0,75;1;"Sim";100;"ALCANÇOU"
"RS";431075;12;12;1;1;1;"Sim";100;"ALCANÇOU"
"RS";431080;48;48;4;4;1;"Sim";100;"ALCANÇOU"
"RS";431085;12;12;1;1;1;"Sim";100;"ALCANÇOU"
"RS";431087;9;9;0,75;0,75;1;"Sim";100;"ALCANÇOU"
"RS";431090;9;9;0,75;0,75;1;"Sim";100;"ALCANÇOU"
"RS";431100;77;88;6,41666666666667;7,33333333333333;0,875;"Sim";87,5;"ALCANÇOU"
"RS";431110;8;8;0,666666666666667;0,666666666666667;1;"Sim";100;"ALCANÇOU"
"RS";431112;6;6;0,5;0,5;1;"Sim";100;"ALCANÇOU"
"RS";431113;8;8;0,666666666666667;0,666666666666667;1;"Sim";100;"ALCANÇOU"
"RS";431115;12;12;1;1;1;"Sim";100;"ALCANÇOU"
"RS";431120;42;84;3,5;7;0,5;"Não";50;"NÃO ALCANÇOU"
"RS";431123;12;12;1;1;1;"Sim";100;"ALCANÇOU"
"RS";431125;7;7;0,583333333333333;0,583333333333333;1;"Sim";100;"ALCANÇOU"
"RS";431127;8;8;0,666666666666667;0,666666666666667;1;"Sim";100;"ALCANÇOU"
"RS";431130;82;98;6,83333333333333;8,16666666666667;0,836734693877551;"Sim";83,7;"ALCANÇOU"
"RS";431140;167;179;13,9166666666667;14,9166666666667;0,932960893854749;"Sim";93,3;"ALCANÇOU"
"RS";431142;9;9;0,75;0,75;1;"Sim";100;"ALCANÇOU"
"RS";431150;12;12;1;1;1;"Sim";100;"ALCANÇOU"
"RS";431160;8;16;0,666666666666667;1,33333333333333;0,5;"Não";50;"NÃO ALCANÇOU"
"RS";431162;9;9;0,75;0,75;1;"Sim";100;"ALCANÇOU"
"RS";431164;12;12;1;1;1;"Sim";100;"ALCANÇOU"
"RS";431170;9;9;0,75;0,75;1;"Sim";100;"ALCANÇOU"
"RS";431171;8;17;0,666666666666667;1,41666666666667;0,470588235294118;"Não";47,1;"NÃO ALCANÇOU"
"RS";431173;7;7;0,583333333333333;0,583333333333333;1;"Sim";100;"ALCANÇOU"
"RS";431175;14;14;1,16666666666667;1,16666666666667;1;"Sim";100;"ALCANÇOU"
"RS";431177;5;14;0,416666666666667;1,16666666666667;0,357142857142857;"Não";35,7;"NÃO ALCANÇOU"
"RS";431179;8;8;0,666666666666667;0,666666666666667;1;"Sim";100;"ALCANÇOU"
"RS";431180;85;92;7,08333333333333;7,66666666666667;0,923913043478261;"Sim";92,4;"ALCANÇOU"
"RS";431190;8;8;0,666666666666667;0,666666666666667;1;"Sim";100;"ALCANÇOU"
"RS";431198;9;9;0,75;0,75;1;"Sim";100;"ALCANÇOU"
"RS";431200;12;12;1;1;1;"Sim";100;"ALCANÇOU"
"RS";431205;8;8;0,666666666666667;0,666666666666667;1;"Sim";100;"ALCANÇOU"
"RS";431210;12;12;1;1;1;"Sim";100;"ALCANÇOU"
"RS";431213;12;12;1;1;1;"Sim";100;"ALCANÇOU"
"RS";431215;12;20;1;1,66666666666667;0,6;"Não";60;"NÃO ALCANÇOU"
"RS";431217;12;12;1;1;1;"Sim";100;"ALCANÇOU"
"RS";431220;8;8;0,666666666666667;0,666666666666667;1;"Sim";100;"ALCANÇOU"
"RS";431225;16;16;1,33333333333333;1,33333333333333;1;"Sim";100;"ALCANÇOU"
"RS";431230;12;12;1;1;1;"Sim";100;"ALCANÇOU"
"RS";431235;9;9;0,75;0,75;1;"Sim";100;"ALCANÇOU"
"RS";431237;16;16;1,33333333333333;1,33333333333333;1;"Sim";100;"ALCANÇOU"
"RS";431238;12;12;1;1;1;"Sim";100;"ALCANÇOU"
"RS";431240;47;59;3,91666666666667;4,91666666666667;0,796610169491525;"Não";79,7;"ALCANÇOU"
"RS";431242;9;9;0,75;0,75;1;"Sim";100;"ALCANÇOU"
"RS";431244;0;0;0;0;;;;"NÃO ALCANÇOU"
"RS";431245;24;24;2;2;1;"Sim";100;"ALCANÇOU"
"RS";431247;9;9;0,75;0,75;1;"Sim";100;"ALCANÇOU"
"RS";431250;9;9;0,75;0,75;1;"Sim";100;"ALCANÇOU"
"RS";431260;8;8;0,666666666666667;0,666666666666667;1;"Sim";100;"ALCANÇOU"
"RS";431261;6;6;0,5;0,5;1;"Sim";100;"ALCANÇOU"
"RS";431262;10;10;0,833333333333333;0,833333333333333;1;"Sim";100;"ALCANÇOU"
"RS";431265;33;48;2,75;4;0,6875;"Não";68,8;"NÃO ALCANÇOU"
"RS";431267;8;8;0,666666666666667;0,666666666666667;1;"Sim";100;"ALCANÇOU"
"RS";431270;9;9;0,75;0,75;1;"Sim";100;"ALCANÇOU"
"RS";431275;8;8;0,666666666666667;0,666666666666667;1;"Sim";100;"ALCANÇOU"
"RS";431280;12;12;1;1;1;"Sim";100;"ALCANÇOU"
"RS";431290;31;32;2,58333333333333;2,66666666666667;0,96875;"Sim";96,9;"ALCANÇOU"
"RS";431295;12;12;1;1;1;"Sim";100;"ALCANÇOU"
"RS";431300;7;7;0,583333333333333;0,583333333333333;1;"Sim";100;"ALCANÇOU"
"RS";431301;8;8;0,666666666666667;0,666666666666667;1;"Sim";100;"ALCANÇOU"
"RS";431303;12;12;1;1;1;"Sim";100;"ALCANÇOU"
"RS";431306;23;25;1,91666666666667;2,08333333333333;0,92;"Sim";92;"ALCANÇOU"
"RS";431308;8;8;0,666666666666667;0,666666666666667;1;"Sim";100;"ALCANÇOU"
"RS";431310;10;16;0,833333333333333;1,33333333333333;0,625;"Não";62,5;"NÃO ALCANÇOU"
"RS";431320;86;86;7,16666666666667;7,16666666666667;1;"Sim";100;"ALCANÇOU"
"RS";431330;56;56;4,66666666666667;4,66666666666667;1;"Sim";100;"ALCANÇOU"
"RS";431333;12;12;1;1;1;"Sim";100;"ALCANÇOU"
"RS";431335;8;8;0,666666666666667;0,666666666666667;1;"Sim";100;"ALCANÇOU"
"RS";431337;47;48;3,91666666666667;4;0,979166666666667;"Sim";97,9;"ALCANÇOU"
"RS";431339;12;24;1;2;0,5;"Não";50;"NÃO ALCANÇOU"
"RS";431340;290;321;24,1666666666667;26,75;0,903426791277259;"Sim";90,3;"ALCANÇOU"
"RS";431342;12;12;1;1;1;"Sim";100;"ALCANÇOU"
"RS";431344;8;8;0,666666666666667;0,666666666666667;1;"Sim";100;"ALCANÇOU"
"RS";431346;9;9;0,75;0,75;1;"Sim";100;"ALCANÇOU"
"RS";431349;12;12;1;1;1;"Sim";100;"ALCANÇOU"
"RS";431350;80;105;6,66666666666667;8,75;0,761904761904762;"Não";76,2;"NÃO ALCANÇOU"
"RS";431360;9;9;0,75;0,75;1;"Sim";100;"ALCANÇOU"
"RS";431365;53;62;4,41666666666667;5,16666666666667;0,854838709677419;"Sim";85,5;"ALCANÇOU"
"RS";431370;50;62;4,16666666666667;5,16666666666667;0,806451612903226;"Sim";80,6;"ALCANÇOU"
"RS";431380;8;8;0,666666666666667;0,666666666666667;1;"Sim";100;"ALCANÇOU"
"RS";431390;127;132;10,5833333333333;11;0,962121212121212;"Sim";96,2;"ALCANÇOU"
"RS";431395;28;28;2,33333333333333;2,33333333333333;1;"Sim";100;"ALCANÇOU"
"RS";431400;12;12;1;1;1;"Sim";100;"ALCANÇOU"
"RS";431402;12;12;1;1;1;"Sim";100;"ALCANÇOU"
"RS";431403;9;9;0,75;0,75;1;"Sim";100;"ALCANÇOU"
"RS";431405;117;136;9,75;11,3333333333333;0,860294117647059;"Sim";86;"ALCANÇOU"
"RS";431406;12;12;1;1;1;"Sim";100;"ALCANÇOU"
"RS";431407;10;10;0,833333333333333;0,833333333333333;1;"Sim";100;"ALCANÇOU"
"RS";431410;319;331;26,5833333333333;27,5833333333333;0,963746223564955;"Sim";96,4;"ALCANÇOU"
"RS";431413;7;7;0,583333333333333;0,583333333333333;1;"Sim";100;"ALCANÇOU"
"RS";431415;12;12;1;1;1;"Sim";100;"ALCANÇOU"
"RS";431417;8;8;0,666666666666667;0,666666666666667;1;"Sim";100;"ALCANÇOU"
"RS";431420;12;12;1;1;1;"Sim";100;"ALCANÇOU"
"RS";431430;12;12;1;1;1;"Sim";100;"ALCANÇOU"
"RS";431440;417;420;34,75;35;0,992857142857143;"Sim";99,3;"ALCANÇOU"
"RS";431442;8;8;0,666666666666667;0,666666666666667;1;"Sim";100;"ALCANÇOU"
"RS";431445;7;7;0,583333333333333;0,583333333333333;1;"Sim";100;"ALCANÇOU"
"RS";431446;8;8;0,666666666666667;0,666666666666667;1;"Sim";100;"ALCANÇOU"
"RS";431447;12;24;1;2;0,5;"Não";50;"NÃO ALCANÇOU"
"RS";431449;12;12;1;1;1;"Sim";100;"ALCANÇOU"
"RS";431450;48;48;4;4;1;"Sim";100;"ALCANÇOU"
"RS";431454;8;8;0,666666666666667;0,666666666666667;1;"Sim";100;"ALCANÇOU"
"RS";431455;12;12;1;1;1;"Sim";100;"ALCANÇOU"
"RS";431460;36;44;3;3,66666666666667;0,818181818181818;"Sim";81,8;"ALCANÇOU"
"RS";431470;17;17;1,41666666666667;1,41666666666667;1;"Sim";100;"ALCANÇOU"
"RS";431475;8;8;0,666666666666667;0,666666666666667;1;"Sim";100;"ALCANÇOU"
"RS";431477;9;9;0,75;0,75;1;"Sim";100;"ALCANÇOU"
"RS";431478;9;9;0,75;0,75;1;"Sim";100;"ALCANÇOU"
"RS";431480;49;57;4,08333333333333;4,75;0,859649122807018;"Sim";86;"ALCANÇOU"
"RS";431490;1637;1737;136,416666666667;144,75;0,942429476108233;"Sim";94,2;"ALCANÇOU"
"RS";431500;12;12;1;1;1;"Sim";100;"ALCANÇOU"
"RS";431505;12;12;1;1;1;"Sim";100;"ALCANÇOU"
"RS";431507;12;12;1;1;1;"Sim";100;"ALCANÇOU"
"RS";431510;3;4;0,25;0,333333333333333;0,75;"Não";75;"NÃO ALCANÇOU"
"RS";431513;8;8;0,666666666666667;0,666666666666667;1;"Sim";100;"ALCANÇOU"
"RS";431514;8;8;0,666666666666667;0,666666666666667;1;"Sim";100;"ALCANÇOU"
"RS";431515;16;16;1,33333333333333;1,33333333333333;1;"Sim";100;"ALCANÇOU"
"RS";431517;10;10;0,833333333333333;0,833333333333333;1;"Sim";100;"ALCANÇOU"
"RS";431520;8;9;0,666666666666667;0,75;0,888888888888889;"Sim";88,9;"ALCANÇOU"
"RS";431530;47;48;3,91666666666667;4;0,979166666666667;"Sim";97,9;"ALCANÇOU"
"RS";431531;8;8;0,666666666666667;0,666666666666667;1;"Sim";100;"ALCANÇOU"
"RS";431532;8;8;0,666666666666667;0,666666666666667;1;"Sim";100;"ALCANÇOU"
"RS";431535;9;9;0,75;0,75;1;"Sim";100;"ALCANÇOU"
"RS";431540;12;12;1;1;1;"Sim";100;"ALCANÇOU"
"RS";431545;8;8;0,666666666666667;0,666666666666667;1;"Sim";100;"ALCANÇOU"
"RS";431550;8;8;0,666666666666667;0,666666666666667;1;"Sim";100;"ALCANÇOU"
"RS";431555;0;0;0;0;;;;"NÃO ALCANÇOU"
"RS";431560;384;409;32;34,0833333333333;0,938875305623472;"Sim";93,9;"ALCANÇOU"
"RS";431570;68;79;5,66666666666667;6,58333333333333;0,860759493670886;"Sim";86,1;"ALCANÇOU"
"RS";431575;8;8;0,666666666666667;0,666666666666667;1;"Sim";100;"ALCANÇOU"
"RS";431580;7;7;0,583333333333333;0,583333333333333;1;"Sim";100;"ALCANÇOU"
"RS";431590;12;12;1;1;1;"Sim";100;"ALCANÇOU"
"RS";431595;12;12;1;1;1;"Sim";100;"ALCANÇOU"
"RS";431600;24;24;2;2;1;"Sim";100;"ALCANÇOU"
"RS";431610;8;8;0,666666666666667;0,666666666666667;1;"Sim";100;"ALCANÇOU"
"RS";431620;8;9;0,666666666666667;0,75;0,888888888888889;"Sim";88,9;"ALCANÇOU"
"RS";431630;12;12;1;1;1;"Sim";100;"ALCANÇOU"
"RS";431640;56;68;4,66666666666667;5,66666666666667;0,823529411764706;"Sim";82,4;"ALCANÇOU"
"RS";431642;9;9;0,75;0,75;1;"Sim";100;"ALCANÇOU"
"RS";431643;7;7;0,583333333333333;0,583333333333333;1;"Sim";100;"ALCANÇOU"
"RS";431645;21;21;1,75;1,75;1;"Sim";100;"ALCANÇOU"
"RS";431647;12;12;1;1;1;"Sim";100;"ALCANÇOU"
"RS";431650;8;8;0,666666666666667;0,666666666666667;1;"Sim";100;"ALCANÇOU"
"RS";431660;40;40;3,33333333333333;3,33333333333333;1;"Sim";100;"ALCANÇOU"
"RS";431670;16;18;1,33333333333333;1,5;0,888888888888889;"Sim";88,9;"ALCANÇOU"
"RS";431673;12;12;1;1;1;"Sim";100;"ALCANÇOU"
"RS";431675;8;8;0,666666666666667;0,666666666666667;1;"Sim";100;"ALCANÇOU"
"RS";431680;315;318;26,25;26,5;0,990566037735849;"Sim";99,1;"ALCANÇOU"
"RS";431690;318;368;26,5;30,6666666666667;0,864130434782609;"Sim";86,4;"ALCANÇOU"
"RS";431695;9;9;0,75;0,75;1;"Sim";100;"ALCANÇOU"
"RS";431697;12;24;1;2;0,5;"Não";50;"NÃO ALCANÇOU"
"RS";431700;0;0;0;0;;;;"NÃO ALCANÇOU"
"RS";431710;101;115;8,41666666666667;9,58333333333333;0,878260869565217;"Sim";87,8;"ALCANÇOU"
"RS";431720;213;213;17,75;17,75;1;"Sim";100;"ALCANÇOU"
"RS";431725;12;12;1;1;1;"Sim";100;"ALCANÇOU"
"RS";431730;95;96;7,91666666666667;8;0,989583333333333;"Sim";99;"ALCANÇOU"
"RS";431740;96;112;8;9,33333333333333;0,857142857142857;"Sim";85,7;"ALCANÇOU"
"RS";431750;108;120;9;10;0,9;"Sim";90;"ALCANÇOU"
"RS";431755;7;7;0,583333333333333;0,583333333333333;1;"Sim";100;"ALCANÇOU"
"RS";431760;44;48;3,66666666666667;4;0,916666666666667;"Sim";91,7;"ALCANÇOU"
"RS";431770;15;16;1,25;1,33333333333333;0,9375;"Sim";93,8;"ALCANÇOU"
"RS";431775;8;8;0,666666666666667;0,666666666666667;1;"Sim";100;"ALCANÇOU"
"RS";431780;58;64;4,83333333333333;5,33333333333333;0,90625;"Sim";90,6;"ALCANÇOU"
"RS";431790;12;12;1;1;1;"Sim";100;"ALCANÇOU"
"RS";431795;7;7;0,583333333333333;0,583333333333333;1;"Sim";100;"ALCANÇOU"
"RS";431800;151;158;12,5833333333333;13,1666666666667;0,955696202531646;"Sim";95,6;"ALCANÇOU"
"RS";431805;21;22;1,75;1,83333333333333;0,954545454545455;"Sim";95,5;"ALCANÇOU"
"RS";431810;35;48;2,91666666666667;4;0,729166666666667;"Não";72,9;"NÃO ALCANÇOU"
"RS";431820;10;49;0,833333333333333;4,08333333333333;0,204081632653061;"Não";20,4;"NÃO ALCANÇOU"
"RS";431830;67;69;5,58333333333333;5,75;0,971014492753623;"Sim";97,1;"ALCANÇOU"
"RS";431840;36;36;3;3;1;"Sim";100;"ALCANÇOU"
"RS";431842;9;9;0,75;0,75;1;"Sim";100;"ALCANÇOU"
"RS";431843;12;12;1;1;1;"Sim";100;"ALCANÇOU"
"RS";431844;8;8;0,666666666666667;0,666666666666667;1;"Sim";100;"ALCANÇOU"
"RS";431845;8;8;0,666666666666667;0,666666666666667;1;"Sim";100;"ALCANÇOU"
"RS";431846;8;8;0,666666666666667;0,666666666666667;1;"Sim";100;"ALCANÇOU"
"RS";431848;5;5;0,416666666666667;0,416666666666667;1;"Sim";100;"ALCANÇOU"
"RS";431849;9;9;0,75;0,75;1;"Sim";100;"ALCANÇOU"
"RS";431850;31;72;2,58333333333333;6;0,430555555555556;"Não";43,1;"NÃO ALCANÇOU"
"RS";431860;12;12;1;1;1;"Sim";100;"ALCANÇOU"
"RS";431861;9;9;0,75;0,75;1;"Sim";100;"ALCANÇOU"
"RS";431862;6;6;0,5;0,5;1;"Sim";100;"ALCANÇOU"
"RS";431870;205;216;17,0833333333333;18;0,949074074074074;"Sim";94,9;"ALCANÇOU"
"RS";431880;168;168;14;14;1;"Sim";100;"ALCANÇOU"
"RS";431890;81;81;6,75;6,75;1;"Sim";100;"ALCANÇOU"
"RS";431900;35;36;2,91666666666667;3;0,972222222222222;"Sim";97,2;"ALCANÇOU"
"RS";431910;12;12;1;1;1;"Sim";100;"ALCANÇOU"
"RS";431912;12;12;1;1;1;"Sim";100;"ALCANÇOU"
"RS";431915;6;12;0,5;1;0,5;"Não";50;"NÃO ALCANÇOU"
"RS";431920;12;12;1;1;1;"Sim";100;"ALCANÇOU"
"RS";431930;8;8;0,666666666666667;0,666666666666667;1;"Sim";100;"ALCANÇOU"
"RS";431935;8;8;0,666666666666667;0,666666666666667;1;"Sim";100;"ALCANÇOU"
"RS";431936;12;12;1;1;1;"Sim";100;"ALCANÇOU"
"RS";431937;12;12;1;1;1;"Sim";100;"ALCANÇOU"
"RS";431940;40;60;3,33333333333333;5;0,666666666666667;"Não";66,7;"NÃO ALCANÇOU"
"RS";431950;50;62;4,16666666666667;5,16666666666667;0,806451612903226;"Sim";80,6;"ALCANÇOU"
"RS";431960;13;60;1,08333333333333;5;0,216666666666667;"Não";21,7;"NÃO ALCANÇOU"
"RS";431970;12;12;1;1;1;"Sim";100;"ALCANÇOU"
"RS";431971;12;12;1;1;1;"Sim";100;"ALCANÇOU"
"RS";431973;24;24;2;2;1;"Sim";100;"ALCANÇOU"
"RS";431975;8;8;0,666666666666667;0,666666666666667;1;"Sim";100;"ALCANÇOU"
"RS";431980;5;17;0,416666666666667;1,41666666666667;0,294117647058824;"Não";29,4;"NÃO ALCANÇOU"
"RS";431990;41;90;3,41666666666667;7,5;0,455555555555556;"Não";45,6;"NÃO ALCANÇOU"
"RS";432000;294;303;24,5;25,25;0,97029702970297;"Sim";97;"ALCANÇOU"
"RS";432010;12;12;1;1;1;"Sim";100;"ALCANÇOU"
"RS";432020;12;12;1;1;1;"Sim";100;"ALCANÇOU"
"RS";432023;6;6;0,5;0,5;1;"Sim";100;"ALCANÇOU"
"RS";432026;36;36;3;3;1;"Sim";100;"ALCANÇOU"
"RS";432030;8;8;0,666666666666667;0,666666666666667;1;"Sim";100;"ALCANÇOU"
"RS";432032;12;12;1;1;1;"Sim";100;"ALCANÇOU"
"RS";432035;9;9;0,75;0,75;1;"Sim";100;"ALCANÇOU"
"RS";432040;9;17;0,75;1,41666666666667;0,529411764705882;"Não";52,9;"NÃO ALCANÇOU"
"RS";432045;12;12;1;1;1;"Sim";100;"ALCANÇOU"
"RS";432050;8;8;0,666666666666667;0,666666666666667;1;"Sim";100;"ALCANÇOU"
"RS";432055;6;6;0,5;0,5;1;"Sim";100;"ALCANÇOU"
"RS";432057;12;12;1;1;1;"Sim";100;"ALCANÇOU"
"RS";432060;12;12;1;1;1;"Sim";100;"ALCANÇOU"
"RS";432065;7;7;0,583333333333333;0,583333333333333;1;"Sim";100;"ALCANÇOU"
"RS";432067;24;32;2;2,66666666666667;0,75;"Não";75;"NÃO ALCANÇOU"
"RS";432070;52;72;4,33333333333333;6;0,722222222222222;"Não";72,2;"NÃO ALCANÇOU"
"RS";432080;52;72;4,33333333333333;6;0,722222222222222;"Não";72,2;"NÃO ALCANÇOU"
"RS";432085;6;6;0,5;0,5;1;"Sim";100;"ALCANÇOU"
"RS";432090;35;35;2,91666666666667;2,91666666666667;1;"Sim";100;"ALCANÇOU"
"RS";432100;35;36;2,91666666666667;3;0,972222222222222;"Sim";97,2;"ALCANÇOU"
"RS";432110;24;24;2;2;1;"Sim";100;"ALCANÇOU"
"RS";432120;52;52;4,33333333333333;4,33333333333333;1;"Sim";100;"ALCANÇOU"
"RS";432130;16;16;1,33333333333333;1,33333333333333;1;"Sim";100;"ALCANÇOU"
"RS";432132;12;12;1;1;1;"Sim";100;"ALCANÇOU"
"RS";432135;12;12;1;1;1;"Sim";100;"ALCANÇOU"
"RS";432140;18;27;1,5;2,25;0,666666666666667;"Não";66,7;"NÃO ALCANÇOU"
"RS";432143;20;20;1,66666666666667;1,66666666666667;1;"Sim";100;"ALCANÇOU"
"RS";432145;35;35;2,91666666666667;2,91666666666667;1;"Sim";100;"ALCANÇOU"
"RS";432146;9;9;0,75;0,75;1;"Sim";100;"ALCANÇOU"
"RS";432147;2;2;0,166666666666667;0,166666666666667;1;"Sim";100;"ALCANÇOU"
"RS";432149;12;12;1;1;1;"Sim";100;"ALCANÇOU"
"RS";432150;94;96;7,83333333333333;8;0,979166666666667;"Sim";97,9;"ALCANÇOU"
"RS";432160;36;42;3;3,5;0,857142857142857;"Sim";85,7;"ALCANÇOU"
"RS";432162;8;8;0,666666666666667;0,666666666666667;1;"Sim";100;"ALCANÇOU"
"RS";432163;12;12;1;1;1;"Sim";100;"ALCANÇOU"
"RS";432166;10;51;0,833333333333333;4,25;0,196078431372549;"Não";19,6;"NÃO ALCANÇOU"
"RS";432170;42;45;3,5;3,75;0,933333333333333;"Sim";93,3;"ALCANÇOU"
"RS";432180;44;72;3,66666666666667;6;0,611111111111111;"Não";61,1;"NÃO ALCANÇOU"
"RS";432183;8;8;0,666666666666667;0,666666666666667;1;"Sim";100;"ALCANÇOU"
"RS";432185;9;9;0,75;0,75;1;"Sim";100;"ALCANÇOU"
"RS";432190;12;12;1;1;1;"Sim";100;"ALCANÇOU"
"RS";432195;12;12;1;1;1;"Sim";100;"ALCANÇOU"
"RS";432200;66;68;5,5;5,66666666666667;0,970588235294118;"Sim";97,1;"ALCANÇOU"
"RS";432210;12;12;1;1;1;"Sim";100;"ALCANÇOU"
"RS";432215;8;8;0,666666666666667;0,666666666666667;1;"Sim";100;"ALCANÇOU"
"RS";432218;12;12;1;1;1;"Sim";100;"ALCANÇOU"
"RS";432220;35;35;2,91666666666667;2,91666666666667;1;"Sim";100;"ALCANÇOU"
"RS";432225;12;12;1;1;1;"Sim";100;"ALCANÇOU"
"RS";432230;12;24;1;2;0,5;"Não";50;"NÃO ALCANÇOU"
"RS";432232;12;12;1;1;1;"Sim";100;"ALCANÇOU"
"RS";432234;12;12;1;1;1;"Sim";100;"ALCANÇOU"
"RS";432235;8;8;0,666666666666667;0,666666666666667;1;"Sim";100;"ALCANÇOU"
"RS";432237;12;12;1;1;1;"Sim";100;"ALCANÇOU"
"RS";432240;197;211;16,4166666666667;17,5833333333333;0,933649289099526;"Sim";93,4;"ALCANÇOU"
"RS";432250;138;149;11,5;12,4166666666667;0,926174496644295;"Sim";92,6;"ALCANÇOU"
"RS";432252;12;12;1;1;1;"Sim";100;"ALCANÇOU"
"RS";432253;24;24;2;2;1;"Sim";100;"ALCANÇOU"
"RS";432254;16;16;1,33333333333333;1,33333333333333;1;"Sim";100;"ALCANÇOU"
"RS";432255;9;9;0,75;0,75;1;"Sim";100;"ALCANÇOU"
"RS";432260;132;146;11;12,1666666666667;0,904109589041096;"Sim";90,4;"ALCANÇOU"
"RS";432270;59;60;4,91666666666667;5;0,983333333333333;"Sim";98,3;"ALCANÇOU"
"RS";432280;60;60;5;5;1;"Sim";100;"ALCANÇOU"
"RS";432285;0;0;0;0;;;;"NÃO ALCANÇOU"
"RS";432290;8;8;0,666666666666667;0,666666666666667;1;"Sim";100;"ALCANÇOU"
"RS";432300;189;208;15,75;17,3333333333333;0,908653846153846;"Sim";90,9;"ALCANÇOU"
"RS";432310;12;12;1;1;1;"Sim";100;"ALCANÇOU"
"RS";432320;12;15;1;1,25;0,8;"Sim";80;"ALCANÇOU"
"RS";432330;8;8;0,666666666666667;0,666666666666667;1;"Sim";100;"ALCANÇOU"
"RS";432335;8;8;0,666666666666667;0,666666666666667;1;"Sim";100;"ALCANÇOU"
"RS";432340;9;18;0,75;1,5;0,5;"Não";50;"NÃO ALCANÇOU"
"RS";432345;8;8;0,666666666666667;0,666666666666667;1;"Sim";100;"ALCANÇOU"
"RS";432350;12;12;1;1;1;"Sim";100;"ALCANÇOU"
"RS";432360;12;12;1;1;1;"Sim";100;"ALCANÇOU"
"RS";432370;12;12;1;1;1;"Sim";100;"ALCANÇOU"
"RS";432375;12;12;1;1;1;"Sim";100;"ALCANÇOU"
"RS";432377;8;8;0,666666666666667;0,666666666666667;1;"Sim";100;"ALCANÇOU"
"RS";432380;44;44;3,66666666666667;3,66666666666667;1;"Sim";100;"ALCANÇOU"
"MS";500020;48;48;4;4;1;"Sim";100;"ALCANÇOU"
"MS";500025;24;24;2;2;1;"Sim";100;"ALCANÇOU"
"MS";500060;120;120;10;10;1;"Sim";100;"ALCANÇOU"
"MS";500070;108;108;9;9;1;"Sim";100;"ALCANÇOU"
"MS";500080;24;24;2;2;1;"Sim";100;"ALCANÇOU"
"MS";500085;48;48;4;4;1;"Sim";100;"ALCANÇOU"
"MS";500090;35;36;2,91666666666667;3;0,972222222222222;"Sim";97,2;"ALCANÇOU"
"MS";500100;95;96;7,91666666666667;8;0,989583333333333;"Sim";99;"ALCANÇOU"
"MS";500110;168;168;14;14;1;"Sim";100;"ALCANÇOU"
"MS";500124;33;48;2,75;4;0,6875;"Não";68,8;"NÃO ALCANÇOU"
"MS";500150;24;24;2;2;1;"Sim";100;"ALCANÇOU"
"MS";500190;83;84;6,91666666666667;7;0,988095238095238;"Sim";98,8;"ALCANÇOU"
"MS";500200;14;24;1,16666666666667;2;0,583333333333333;"Não";58,3;"NÃO ALCANÇOU"
"MS";500210;83;96;6,91666666666667;8;0,864583333333333;"Sim";86,5;"ALCANÇOU"
"MS";500215;36;36;3;3;1;"Sim";100;"ALCANÇOU"
"MS";500220;29;29;2,41666666666667;2,41666666666667;1;"Sim";100;"ALCANÇOU"
"MS";500230;76;96;6,33333333333333;8;0,791666666666667;"Não";79,2;"NÃO ALCANÇOU"
"MS";500240;120;132;10;11;0,909090909090909;"Sim";90,9;"ALCANÇOU"
"MS";500260;67;72;5,58333333333333;6;0,930555555555556;"Sim";93,1;"ALCANÇOU"
"MS";500270;883;888;73,5833333333333;74;0,994369369369369;"Sim";99,4;"ALCANÇOU"
"MS";500280;20;24;1,66666666666667;2;0,833333333333333;"Sim";83,3;"ALCANÇOU"
"MS";500290;84;84;7;7;1;"Sim";100;"ALCANÇOU"
"MS";500295;95;96;7,91666666666667;8;0,989583333333333;"Sim";99;"ALCANÇOU"
"MS";500310;12;12;1;1;1;"Sim";100;"ALCANÇOU"
"MS";500315;57;60;4,75;5;0,95;"Sim";95;"ALCANÇOU"
"MS";500320;178;228;14,8333333333333;19;0,780701754385965;"Não";78,1;"NÃO ALCANÇOU"
"MS";500325;63;72;5,25;6;0,875;"Sim";87,5;"ALCANÇOU"
"MS";500330;94;96;7,83333333333333;8;0,979166666666667;"Sim";97,9;"ALCANÇOU"
"MS";500345;50;79;4,16666666666667;6,58333333333333;0,632911392405063;"Não";63,3;"NÃO ALCANÇOU"
"MS";500348;54;60;4,5;5;0,9;"Sim";90;"ALCANÇOU"
"MS";500350;12;12;1;1;1;"Sim";100;"ALCANÇOU"
"MS";500370;373;384;31,0833333333333;32;0,971354166666667;"Sim";97,1;"ALCANÇOU"
"MS";500375;22;48;1,83333333333333;4;0,458333333333333;"Não";45,8;"NÃO ALCANÇOU"
"MS";500380;60;60;5;5;1;"Sim";100;"ALCANÇOU"
"MS";500390;12;12;1;1;1;"Sim";100;"ALCANÇOU"
"MS";500400;24;24;2;2;1;"Sim";100;"ALCANÇOU"
"MS";500410;36;36;3;3;1;"Sim";100;"ALCANÇOU"
"MS";500430;48;60;4;5;0,8;"Sim";80;"ALCANÇOU"
"MS";500440;36;36;3;3;1;"Sim";100;"ALCANÇOU"
"MS";500450;87;96;7,25;8;0,90625;"Sim";90,6;"ALCANÇOU"
"MS";500460;55;60;4,58333333333333;5;0,916666666666667;"Sim";91,7;"ALCANÇOU"
"MS";500470;92;96;7,66666666666667;8;0,958333333333333;"Sim";95,8;"ALCANÇOU"
"MS";500480;47;48;3,91666666666667;4;0,979166666666667;"Sim";97,9;"ALCANÇOU"
"MS";500490;12;12;1;1;1;"Sim";100;"ALCANÇOU"
"MS";500500;91;103;7,58333333333333;8,58333333333333;0,883495145631068;"Sim";88,3;"ALCANÇOU"
"MS";500510;24;24;2;2;1;"Sim";100;"ALCANÇOU"
"MS";500515;12;12;1;1;1;"Sim";100;"ALCANÇOU"
"MS";500520;57;60;4,75;5;0,95;"Sim";95;"ALCANÇOU"
"MS";500525;26;60;2,16666666666667;5;0,433333333333333;"Não";43,3;"NÃO ALCANÇOU"
"MS";500540;118;144;9,83333333333333;12;0,819444444444444;"Sim";81,9;"ALCANÇOU"
"MS";500560;109;114;9,08333333333333;9,5;0,956140350877193;"Sim";95,6;"ALCANÇOU"
"MS";500568;24;24;2;2;1;"Sim";100;"ALCANÇOU"
"MS";500570;146;147;12,1666666666667;12,25;0,993197278911565;"Sim";99,3;"ALCANÇOU"
"MS";500580;57;60;4,75;5;0,95;"Sim";95;"ALCANÇOU"
"MS";500600;78;84;6,5;7;0,928571428571429;"Sim";92,9;"ALCANÇOU"
"MS";500620;108;108;9;9;1;"Sim";100;"ALCANÇOU"
"MS";500625;12;12;1;1;1;"Sim";100;"ALCANÇOU"
"MS";500627;36;36;3;3;1;"Sim";100;"ALCANÇOU"
"MS";500630;84;84;7;7;1;"Sim";100;"ALCANÇOU"
"MS";500635;26;36;2,16666666666667;3;0,722222222222222;"Não";72,2;"NÃO ALCANÇOU"
"MS";500640;18;30;1,5;2,5;0,6;"Não";60;"NÃO ALCANÇOU"
"MS";500660;216;216;18;18;1;"Sim";100;"ALCANÇOU"
"MS";500690;47;48;3,91666666666667;4;0,979166666666667;"Sim";97,9;"ALCANÇOU"
"MS";500710;58;58;4,83333333333333;4,83333333333333;1;"Sim";100;"ALCANÇOU"
"MS";500720;74;84;6,16666666666667;7;0,880952380952381;"Sim";88,1;"ALCANÇOU"
"MS";500730;12;12;1;1;1;"Sim";100;"ALCANÇOU"
"MS";500740;95;108;7,91666666666667;9;0,87962962962963;"Sim";88;"ALCANÇOU"
"MS";500750;12;12;1;1;1;"Sim";100;"ALCANÇOU"
"MS";500755;32;36;2,66666666666667;3;0,888888888888889;"Sim";88,9;"ALCANÇOU"
"MS";500769;120;120;10;10;1;"Sim";100;"ALCANÇOU"
"MS";500770;12;12;1;1;1;"Sim";100;"ALCANÇOU"
"MS";500780;36;36;3;3;1;"Sim";100;"ALCANÇOU"
"MS";500790;141;144;11,75;12;0,979166666666667;"Sim";97,9;"ALCANÇOU"
"MS";500793;60;60;5;5;1;"Sim";100;"ALCANÇOU"
"MS";500795;24;24;2;2;1;"Sim";100;"ALCANÇOU"
"MS";500797;12;24;1;2;0,5;"Não";50;"NÃO ALCANÇOU"
"MS";500800;84;96;7;8;0,875;"Sim";87,5;"ALCANÇOU"
"MS";500830;228;228;19;19;1;"Sim";100;"ALCANÇOU"
"MS";500840;12;12;1;1;1;"Sim";100;"ALCANÇOU"
"MT";510010;12;12;1;1;1;"Sim";100;"ALCANÇOU"
"MT";510020;12;12;1;1;1;"Sim";100;"ALCANÇOU"
"MT";510025;198;220;16,5;18,3333333333333;0,9;"Sim";90;"ALCANÇOU"
"MT";510030;18;18;1,5;1,5;1;"Sim";100;"ALCANÇOU"
"MT";510035;12;12;1;1;1;"Sim";100;"ALCANÇOU"
"MT";510040;18;18;1,5;1,5;1;"Sim";100;"ALCANÇOU"
"MT";510050;11;12;0,916666666666667;1;0,916666666666667;"Sim";91,7;"ALCANÇOU"
"MT";510060;6;6;0,5;0,5;1;"Sim";100;"ALCANÇOU"
"MT";510080;6;6;0,5;0,5;1;"Sim";100;"ALCANÇOU"
"MT";510100;12;12;1;1;1;"Sim";100;"ALCANÇOU"
"MT";510120;12;12;1;1;1;"Sim";100;"ALCANÇOU"
"MT";510125;12;12;1;1;1;"Sim";100;"ALCANÇOU"
"MT";510130;48;48;4;4;1;"Sim";100;"ALCANÇOU"
"MT";510140;72;72;6;6;1;"Sim";100;"ALCANÇOU"
"MT";510160;0;0;0;0;;;;"NÃO ALCANÇOU"
"MT";510170;84;100;7;8,33333333333333;0,84;"Sim";84;"ALCANÇOU"
"MT";510180;62;69;5,16666666666667;5,75;0,898550724637681;"Sim";89,9;"ALCANÇOU"
"MT";510185;23;24;1,91666666666667;2;0,958333333333333;"Sim";95,8;"ALCANÇOU"
"MT";510190;12;12;1;1;1;"Sim";100;"ALCANÇOU"
"MT";510250;40;41;3,33333333333333;3,41666666666667;0,975609756097561;"Sim";97,6;"ALCANÇOU"
"MT";510260;14;14;1,16666666666667;1,16666666666667;1;"Sim";100;"ALCANÇOU"
"MT";510263;149;168;12,4166666666667;14;0,886904761904762;"Sim";88,7;"ALCANÇOU"
"MT";510267;75;82;6,25;6,83333333333333;0,914634146341463;"Sim";91,5;"ALCANÇOU"
"MT";510268;0;0;0;0;;;;"NÃO ALCANÇOU"
"MT";510269;0;0;0;0;;;;"NÃO ALCANÇOU"
"MT";510270;12;12;1;1;1;"Sim";100;"ALCANÇOU"
"MT";510279;3;3;0,25;0,25;1;"Sim";100;"ALCANÇOU"
"MT";510285;36;36;3;3;1;"Sim";100;"ALCANÇOU"
"MT";510300;71;73;5,91666666666667;6,08333333333333;0,972602739726027;"Sim";97,3;"ALCANÇOU"
"MT";510305;12;51;1;4,25;0,235294117647059;"Não";23,5;"NÃO ALCANÇOU"
"MT";510310;12;21;1;1,75;0,571428571428571;"Não";57,1;"NÃO ALCANÇOU"
"MT";510320;95;108;7,91666666666667;9;0,87962962962963;"Sim";88;"ALCANÇOU"
"MT";510325;47;48;3,91666666666667;4;0,979166666666667;"Sim";97,9;"ALCANÇOU"
"MT";510330;12;12;1;1;1;"Sim";100;"ALCANÇOU"
"MT";510335;12;24;1;2;0,5;"Não";50;"NÃO ALCANÇOU"
"MT";510336;0;0;0;0;;;;"NÃO ALCANÇOU"
"MT";510337;48;55;4;4,58333333333333;0,872727272727273;"Sim";87,3;"ALCANÇOU"
"MT";510340;891;909;74,25;75,75;0,98019801980198;"Sim";98;"ALCANÇOU"
"MT";510343;0;0;0;0;;;;"NÃO ALCANÇOU"
"MT";510345;0;0;0;0;;;;"NÃO ALCANÇOU"
"MT";510350;40;50;3,33333333333333;4,16666666666667;0,8;"Sim";80;"ALCANÇOU"
"MT";510360;12;12;1;1;1;"Sim";100;"ALCANÇOU"
"MT";510370;12;12;1;1;1;"Sim";100;"ALCANÇOU"
"MT";510380;0;0;0;0;;;;"NÃO ALCANÇOU"
"MT";510385;24;24;2;2;1;"Sim";100;"ALCANÇOU"
"MT";510390;39;48;3,25;4;0,8125;"Sim";81,2;"ALCANÇOU"
"MT";510395;0;0;0;0;;;;"NÃO ALCANÇOU"
"MT";510410;12;24;1;2;0,5;"Não";50;"NÃO ALCANÇOU"
"MT";510420;10;10;0,833333333333333;0,833333333333333;1;"Sim";100;"ALCANÇOU"
"MT";510450;12;12;1;1;1;"Sim";100;"ALCANÇOU"
"MT";510452;0;0;0;0;;;;"NÃO ALCANÇOU"
"MT";510454;0;0;0;0;;;;"NÃO ALCANÇOU"
"MT";510455;8;8;0,666666666666667;0,666666666666667;1;"Sim";100;"ALCANÇOU"
"MT";510460;15;15;1,25;1,25;1;"Sim";100;"ALCANÇOU"
"MT";510480;22;24;1,83333333333333;2;0,916666666666667;"Sim";91,7;"ALCANÇOU"
"MT";510490;31;36;2,58333333333333;3;0,861111111111111;"Sim";86,1;"ALCANÇOU"
"MT";510500;0;0;0;0;;;;"NÃO ALCANÇOU"
"MT";510510;94;120;7,83333333333333;10;0,783333333333333;"Não";78,3;"NÃO ALCANÇOU"
"MT";510515;171;176;14,25;14,6666666666667;0,971590909090909;"Sim";97,2;"ALCANÇOU"
"MT";510517;12;12;1;1;1;"Sim";100;"ALCANÇOU"
"MT";510520;60;74;5;6,16666666666667;0,810810810810811;"Sim";81,1;"ALCANÇOU"
"MT";510523;5;5;0,416666666666667;0,416666666666667;1;"Sim";100;"ALCANÇOU"
"MT";510525;218;222;18,1666666666667;18,5;0,981981981981982;"Sim";98,2;"ALCANÇOU"
"MT";510530;12;12;1;1;1;"Sim";100;"ALCANÇOU"
"MT";510550;0;0;0;0;;;;"NÃO ALCANÇOU"
"MT";510558;36;36;3;3;1;"Sim";100;"ALCANÇOU"
"MT";510560;23;24;1,91666666666667;2;0,958333333333333;"Sim";95,8;"ALCANÇOU"
"MT";510562;32;35;2,66666666666667;2,91666666666667;0,914285714285714;"Sim";91,4;"ALCANÇOU"
"MT";510590;15;15;1,25;1,25;1;"Sim";100;"ALCANÇOU"
"MT";510600;6;6;0,5;0,5;1;"Sim";100;"ALCANÇOU"
"MT";510610;0;0;0;0;;;;"NÃO ALCANÇOU"
"MT";510615;32;38;2,66666666666667;3,16666666666667;0,842105263157895;"Sim";84,2;"ALCANÇOU"
"MT";510617;12;24;1;2;0,5;"Não";50;"NÃO ALCANÇOU"
"MT";510618;0;0;0;0;;;;"NÃO ALCANÇOU"
"MT";510619;12;12;1;1;1;"Sim";100;"ALCANÇOU"
"MT";510620;7;7;0,583333333333333;0,583333333333333;1;"Sim";100;"ALCANÇOU"
"MT";510621;12;12;1;1;1;"Sim";100;"ALCANÇOU"
"MT";510622;155;158;12,9166666666667;13,1666666666667;0,981012658227848;"Sim";98,1;"ALCANÇOU"
"MT";510623;0;0;0;0;;;;"NÃO ALCANÇOU"
"MT";510624;12;12;1;1;1;"Sim";100;"ALCANÇOU"
"MT";510625;84;93;7;7,75;0,903225806451613;"Sim";90,3;"ALCANÇOU"
"MT";510626;0;0;0;0;;;;"NÃO ALCANÇOU"
"MT";510627;4;4;0,333333333333333;0,333333333333333;1;"Sim";100;"ALCANÇOU"
"MT";510628;25;27;2,08333333333333;2,25;0,925925925925926;"Sim";92,6;"ALCANÇOU"
"MT";510629;12;15;1;1,25;0,8;"Sim";80;"ALCANÇOU"
"MT";510630;12;12;1;1;1;"Sim";100;"ALCANÇOU"
"MT";510631;12;12;1;1;1;"Sim";100;"ALCANÇOU"
"MT";510637;15;27;1,25;2,25;0,555555555555556;"Não";55,6;"NÃO ALCANÇOU"
"MT";510642;0;12;0;1;0;"Não";0;"NÃO ALCANÇOU"
"MT";510645;4;4;0,333333333333333;0,333333333333333;1;"Sim";100;"ALCANÇOU"
"MT";510650;108;108;9;9;1;"Sim";100;"ALCANÇOU"
"MT";510665;9;9;0,75;0,75;1;"Sim";100;"ALCANÇOU"
"MT";510670;12;12;1;1;1;"Sim";100;"ALCANÇOU"
"MT";510675;18;20;1,5;1,66666666666667;0,9;"Sim";90;"ALCANÇOU"
"MT";510677;12;12;1;1;1;"Sim";100;"ALCANÇOU"
"MT";510680;12;14;1;1,16666666666667;0,857142857142857;"Sim";85,7;"ALCANÇOU"
"MT";510682;25;25;2,08333333333333;2,08333333333333;1;"Sim";100;"ALCANÇOU"
"MT";510685;0;0;0;0;;;;"NÃO ALCANÇOU"
"MT";510700;18;18;1,5;1,5;1;"Sim";100;"ALCANÇOU"
"MT";510704;70;73;5,83333333333333;6,08333333333333;0,958904109589041;"Sim";95,9;"ALCANÇOU"
"MT";510706;96;108;8;9;0,888888888888889;"Sim";88,9;"ALCANÇOU"
"MT";510710;19;20;1,58333333333333;1,66666666666667;0,95;"Sim";95;"ALCANÇOU"
"MT";510715;0;0;0;0;;;;"NÃO ALCANÇOU"
"MT";510718;14;44;1,16666666666667;3,66666666666667;0,318181818181818;"Não";31,8;"NÃO ALCANÇOU"
"MT";510719;0;0;0;0;;;;"NÃO ALCANÇOU"
"MT";510720;0;0;0;0;;;;"NÃO ALCANÇOU"
"MT";510724;0;0;0;0;;;;"NÃO ALCANÇOU"
"MT";510726;0;0;0;0;;;;"NÃO ALCANÇOU"
"MT";510729;3;3;0,25;0,25;1;"Sim";100;"ALCANÇOU"
"MT";510730;72;72;6;6;1;"Sim";100;"ALCANÇOU"
"MT";510735;0;0;0;0;;;;"NÃO ALCANÇOU"
"MT";510740;6;6;0,5;0,5;1;"Sim";100;"ALCANÇOU"
"MT";510757;0;0;0;0;;;;"NÃO ALCANÇOU"
"MT";510760;122;124;10,1666666666667;10,3333333333333;0,983870967741935;"Sim";98,4;"ALCANÇOU"
"MT";510770;0;0;0;0;;;;"NÃO ALCANÇOU"
"MT";510774;2;2;0,166666666666667;0,166666666666667;1;"Sim";100;"ALCANÇOU"
"MT";510775;6;6;0,5;0,5;1;"Sim";100;"ALCANÇOU"
"MT";510776;0;0;0;0;;;;"NÃO ALCANÇOU"
"MT";510777;24;24;2;2;1;"Sim";100;"ALCANÇOU"
"MT";510779;3;3;0,25;0,25;1;"Sim";100;"ALCANÇOU"
"MT";510780;72;72;6;6;1;"Sim";100;"ALCANÇOU"
"MT";510785;48;48;4;4;1;"Sim";100;"ALCANÇOU"
"MT";510787;79;80;6,58333333333333;6,66666666666667;0,9875;"Sim";98,8;"ALCANÇOU"
"MT";510788;12;12;1;1;1;"Sim";100;"ALCANÇOU"
"MT";510790;271;288;22,5833333333333;24;0,940972222222222;"Sim";94,1;"ALCANÇOU"
"MT";510792;307;312;25,5833333333333;26;0,983974358974359;"Sim";98,4;"ALCANÇOU"
"MT";510794;12;14;1;1,16666666666667;0,857142857142857;"Sim";85,7;"ALCANÇOU"
"MT";510795;40;40;3,33333333333333;3,33333333333333;1;"Sim";100;"ALCANÇOU"
"MT";510800;12;12;1;1;1;"Sim";100;"ALCANÇOU"
"MT";510805;6;14;0,5;1,16666666666667;0,428571428571429;"Não";42,9;"NÃO ALCANÇOU"
"MT";510810;6;6;0,5;0,5;1;"Sim";100;"ALCANÇOU"
"MT";510820;6;6;0,5;0,5;1;"Sim";100;"ALCANÇOU"
"MT";510830;12;12;1;1;1;"Sim";100;"ALCANÇOU"
"MT";510835;2;2;0,166666666666667;0,166666666666667;1;"Sim";100;"ALCANÇOU"
"MT";510840;0;0;0;0;;;;"NÃO ALCANÇOU"
"MT";510850;4;4;0,333333333333333;0,333333333333333;1;"Sim";100;"ALCANÇOU"
"MT";510860;12;12;1;1;1;"Sim";100;"ALCANÇOU"
"MT";510880;12;12;1;1;1;"Sim";100;"ALCANÇOU"
"MT";510885;3;3;0,25;0,25;1;"Sim";100;"ALCANÇOU"
"MT";510890;29;36;2,41666666666667;3;0,805555555555556;"Sim";80,6;"ALCANÇOU"
"MT";510895;3;3;0,25;0,25;1;"Sim";100;"ALCANÇOU"
"GO";520005;28;36;2,33333333333333;3;0,777777777777778;"Não";77,8;"NÃO ALCANÇOU"
"GO";520010;48;48;4;4;1;"Sim";100;"ALCANÇOU"
"GO";520013;74;76;6,16666666666667;6,33333333333333;0,973684210526316;"Sim";97,4;"ALCANÇOU"
"GO";520015;12;12;1;1;1;"Sim";100;"ALCANÇOU"
"GO";520017;12;24;1;2;0,5;"Não";50;"NÃO ALCANÇOU"
"GO";520020;12;24;1;2;0,5;"Não";50;"NÃO ALCANÇOU"
"GO";520025;239;272;19,9166666666667;22,6666666666667;0,878676470588235;"Sim";87,9;"ALCANÇOU"
"GO";520030;93;132;7,75;11;0,704545454545455;"Não";70,5;"NÃO ALCANÇOU"
"GO";520050;12;12;1;1;1;"Sim";100;"ALCANÇOU"
"GO";520055;13;24;1,08333333333333;2;0,541666666666667;"Não";54,2;"NÃO ALCANÇOU"
"GO";520060;29;36;2,41666666666667;3;0,805555555555556;"Sim";80,6;"ALCANÇOU"
"GO";520080;39;46;3,25;3,83333333333333;0,847826086956522;"Sim";84,8;"ALCANÇOU"
"GO";520082;24;24;2;2;1;"Sim";100;"ALCANÇOU"
"GO";520085;12;14;1;1,16666666666667;0,857142857142857;"Sim";85,7;"ALCANÇOU"
"GO";520090;12;12;1;1;1;"Sim";100;"ALCANÇOU"
"GO";520110;604;624;50,3333333333333;52;0,967948717948718;"Sim";96,8;"ALCANÇOU"
"GO";520120;12;12;1;1;1;"Sim";100;"ALCANÇOU"
"GO";520130;12;12;1;1;1;"Sim";100;"ALCANÇOU"
"GO";520140;534;600;44,5;50;0,89;"Sim";89;"ALCANÇOU"
"GO";520145;12;12;1;1;1;"Sim";100;"ALCANÇOU"
"GO";520150;12;19;1;1,58333333333333;0,631578947368421;"Não";63,2;"NÃO ALCANÇOU"
"GO";520160;24;24;2;2;1;"Sim";100;"ALCANÇOU"
"GO";520170;60;60;5;5;1;"Sim";100;"ALCANÇOU"
"GO";520180;24;36;2;3;0,666666666666667;"Não";66,7;"NÃO ALCANÇOU"
"GO";520215;24;24;2;2;1;"Sim";100;"ALCANÇOU"
"GO";520235;12;12;1;1;1;"Sim";100;"ALCANÇOU"
"GO";520250;12;24;1;2;0,5;"Não";50;"NÃO ALCANÇOU"
"GO";520260;12;20;1;1,66666666666667;0,6;"Não";60;"NÃO ALCANÇOU"
"GO";520280;12;14;1;1,16666666666667;0,857142857142857;"Sim";85,7;"ALCANÇOU"
"GO";520310;12;12;1;1;1;"Sim";100;"ALCANÇOU"
"GO";520320;12;12;1;1;1;"Sim";100;"ALCANÇOU"
"GO";520330;107;120;8,91666666666667;10;0,891666666666667;"Sim";89,2;"ALCANÇOU"
"GO";520340;27;30;2,25;2,5;0,9;"Sim";90;"ALCANÇOU"
"GO";520350;24;24;2;2;1;"Sim";100;"ALCANÇOU"
"GO";520355;24;24;2;2;1;"Sim";100;"ALCANÇOU"
"GO";520357;10;12;0,833333333333333;1;0,833333333333333;"Sim";83,3;"ALCANÇOU"
"GO";520360;24;25;2;2,08333333333333;0,96;"Sim";96;"ALCANÇOU"
"GO";520380;24;24;2;2;1;"Sim";100;"ALCANÇOU"
"GO";520390;12;12;1;1;1;"Sim";100;"ALCANÇOU"
"GO";520393;12;12;1;1;1;"Sim";100;"ALCANÇOU"
"GO";520396;12;12;1;1;1;"Sim";100;"ALCANÇOU"
"GO";520400;36;36;3;3;1;"Sim";100;"ALCANÇOU"
"GO";520410;24;31;2;2,58333333333333;0,774193548387097;"Não";77,4;"NÃO ALCANÇOU"
"GO";520420;12;12;1;1;1;"Sim";100;"ALCANÇOU"
"GO";520425;44;48;3,66666666666667;4;0,916666666666667;"Sim";91,7;"ALCANÇOU"
"GO";520430;12;12;1;1;1;"Sim";100;"ALCANÇOU"
"GO";520440;69;71;5,75;5,91666666666667;0,971830985915493;"Sim";97,2;"ALCANÇOU"
"GO";520450;99;116;8,25;9,66666666666667;0,853448275862069;"Sim";85,3;"ALCANÇOU"
"GO";520455;12;12;1;1;1;"Sim";100;"ALCANÇOU"
"GO";520460;12;12;1;1;1;"Sim";100;"ALCANÇOU"
"GO";520465;12;12;1;1;1;"Sim";100;"ALCANÇOU"
"GO";520470;24;24;2;2;1;"Sim";100;"ALCANÇOU"
"GO";520480;24;24;2;2;1;"Sim";100;"ALCANÇOU"
"GO";520485;24;24;2;2;1;"Sim";100;"ALCANÇOU"
"GO";520490;52;52;4,33333333333333;4,33333333333333;1;"Sim";100;"ALCANÇOU"
"GO";520495;12;12;1;1;1;"Sim";100;"ALCANÇOU"
"GO";520500;38;38;3,16666666666667;3,16666666666667;1;"Sim";100;"ALCANÇOU"
"GO";520505;12;24;1;2;0,5;"Não";50;"NÃO ALCANÇOU"
"GO";520510;192;192;16;16;1;"Sim";100;"ALCANÇOU"
"GO";520520;24;24;2;2;1;"Sim";100;"ALCANÇOU"
"GO";520530;28;36;2,33333333333333;3;0,777777777777778;"Não";77,8;"NÃO ALCANÇOU"
"GO";520540;84;84;7;7;1;"Sim";100;"ALCANÇOU"
"GO";520545;24;26;2;2,16666666666667;0,923076923076923;"Sim";92,3;"ALCANÇOU"
"GO";520547;36;36;3;3;1;"Sim";100;"ALCANÇOU"
"GO";520549;275;288;22,9166666666667;24;0,954861111111111;"Sim";95,5;"ALCANÇOU"
"GO";520551;65;96;5,41666666666667;8;0,677083333333333;"Não";67,7;"NÃO ALCANÇOU"
"GO";520552;14;24;1,16666666666667;2;0,583333333333333;"Não";58,3;"NÃO ALCANÇOU"
"GO";520570;12;14;1;1,16666666666667;0,857142857142857;"Sim";85,7;"ALCANÇOU"
"GO";520580;24;24;2;2;1;"Sim";100;"ALCANÇOU"
"GO";520590;24;26;2;2,16666666666667;0,923076923076923;"Sim";92,3;"ALCANÇOU"
"GO";520620;216;223;18;18,5833333333333;0,968609865470852;"Sim";96,9;"ALCANÇOU"
"GO";520630;12;12;1;1;1;"Sim";100;"ALCANÇOU"
"GO";520640;25;36;2,08333333333333;3;0,694444444444444;"Não";69,4;"NÃO ALCANÇOU"
"GO";520650;12;12;1;1;1;"Sim";100;"ALCANÇOU"
"GO";520660;12;12;1;1;1;"Sim";100;"ALCANÇOU"
"GO";520670;12;12;1;1;1;"Sim";100;"ALCANÇOU"
"GO";520680;12;12;1;1;1;"Sim";100;"ALCANÇOU"
"GO";520690;13;24;1,08333333333333;2;0,541666666666667;"Não";54,2;"NÃO ALCANÇOU"
"GO";520710;12;12;1;1;1;"Sim";100;"ALCANÇOU"
"GO";520725;12;12;1;1;1;"Sim";100;"ALCANÇOU"
"GO";520735;12;12;1;1;1;"Sim";100;"ALCANÇOU"
"GO";520740;12;12;1;1;1;"Sim";100;"ALCANÇOU"
"GO";520750;12;12;1;1;1;"Sim";100;"ALCANÇOU"
"GO";520753;19;24;1,58333333333333;2;0,791666666666667;"Não";79,2;"NÃO ALCANÇOU"
"GO";520760;12;12;1;1;1;"Sim";100;"ALCANÇOU"
"GO";520780;24;26;2;2,16666666666667;0,923076923076923;"Sim";92,3;"ALCANÇOU"
"GO";520790;61;72;5,08333333333333;6;0,847222222222222;"Sim";84,7;"ALCANÇOU"
"GO";520800;208;228;17,3333333333333;19;0,912280701754386;"Sim";91,2;"ALCANÇOU"
"GO";520810;24;24;2;2;1;"Sim";100;"ALCANÇOU"
"GO";520815;24;24;2;2;1;"Sim";100;"ALCANÇOU"
"GO";520830;24;24;2;2;1;"Sim";100;"ALCANÇOU"
"GO";520840;28;44;2,33333333333333;3,66666666666667;0,636363636363636;"Não";63,6;"NÃO ALCANÇOU"
"GO";520850;12;14;1;1,16666666666667;0,857142857142857;"Sim";85,7;"ALCANÇOU"
"GO";520860;48;48;4;4;1;"Sim";100;"ALCANÇOU"
"GO";520870;936;999;78;83,25;0,936936936936937;"Sim";93,7;"ALCANÇOU"
"GO";520880;222;225;18,5;18,75;0,986666666666667;"Sim";98,7;"ALCANÇOU"
"GO";520890;60;60;5;5;1;"Sim";100;"ALCANÇOU"
"GO";520910;68;108;5,66666666666667;9;0,62962962962963;"Não";63;"NÃO ALCANÇOU"
"GO";520915;12;12;1;1;1;"Sim";100;"ALCANÇOU"
"GO";520920;38;40;3,16666666666667;3,33333333333333;0,95;"Sim";95;"ALCANÇOU"
"GO";520929;12;12;1;1;1;"Sim";100;"ALCANÇOU"
"GO";520940;12;12;1;1;1;"Sim";100;"ALCANÇOU"
"GO";520945;12;12;1;1;1;"Sim";100;"ALCANÇOU"
"GO";520960;12;12;1;1;1;"Sim";100;"ALCANÇOU"
"GO";520970;84;86;7;7,16666666666667;0,976744186046512;"Sim";97,7;"ALCANÇOU"
"GO";520980;12;12;1;1;1;"Sim";100;"ALCANÇOU"
"GO";520990;36;36;3;3;1;"Sim";100;"ALCANÇOU"
"GO";520993;24;24;2;2;1;"Sim";100;"ALCANÇOU"
"GO";520995;58;60;4,83333333333333;5;0,966666666666667;"Sim";96,7;"ALCANÇOU"
"GO";521000;155;156;12,9166666666667;13;0,993589743589744;"Sim";99,4;"ALCANÇOU"
"GO";521010;50;50;4,16666666666667;4,16666666666667;1;"Sim";100;"ALCANÇOU"
"GO";521015;12;12;1;1;1;"Sim";100;"ALCANÇOU"
"GO";521020;96;96;8;8;1;"Sim";100;"ALCANÇOU"
"GO";521030;12;12;1;1;1;"Sim";100;"ALCANÇOU"
"GO";521040;72;72;6;6;1;"Sim";100;"ALCANÇOU"
"GO";521056;12;12;1;1;1;"Sim";100;"ALCANÇOU"
"GO";521060;12;12;1;1;1;"Sim";100;"ALCANÇOU"
"GO";521080;12;12;1;1;1;"Sim";100;"ALCANÇOU"
"GO";521090;67;72;5,58333333333333;6;0,930555555555556;"Sim";93,1;"ALCANÇOU"
"GO";521100;12;12;1;1;1;"Sim";100;"ALCANÇOU"
"GO";521120;12;24;1;2;0,5;"Não";50;"NÃO ALCANÇOU"
"GO";521130;12;12;1;1;1;"Sim";100;"ALCANÇOU"
"GO";521140;26;28;2,16666666666667;2,33333333333333;0,928571428571429;"Sim";92,9;"ALCANÇOU"
"GO";521150;76;93;6,33333333333333;7,75;0,817204301075269;"Sim";81,7;"ALCANÇOU"
"GO";521160;12;12;1;1;1;"Sim";100;"ALCANÇOU"
"GO";521170;12;12;1;1;1;"Sim";100;"ALCANÇOU"
"GO";521180;144;146;12;12,1666666666667;0,986301369863014;"Sim";98,6;"ALCANÇOU"
"GO";521190;160;176;13,3333333333333;14,6666666666667;0,909090909090909;"Sim";90,9;"ALCANÇOU"
"GO";521200;12;12;1;1;1;"Sim";100;"ALCANÇOU"
"GO";521205;12;12;1;1;1;"Sim";100;"ALCANÇOU"
"GO";521210;12;12;1;1;1;"Sim";100;"ALCANÇOU"
"GO";521220;24;24;2;2;1;"Sim";100;"ALCANÇOU"
"GO";521225;12;12;1;1;1;"Sim";100;"ALCANÇOU"
"GO";521230;12;12;1;1;1;"Sim";100;"ALCANÇOU"
"GO";521250;372;384;31;32;0,96875;"Sim";96,9;"ALCANÇOU"
"GO";521260;12;12;1;1;1;"Sim";100;"ALCANÇOU"
"GO";521270;23;24;1,91666666666667;2;0,958333333333333;"Sim";95,8;"ALCANÇOU"
"GO";521280;12;12;1;1;1;"Sim";100;"ALCANÇOU"
"GO";521290;12;12;1;1;1;"Sim";100;"ALCANÇOU"
"GO";521295;12;12;1;1;1;"Sim";100;"ALCANÇOU"
"GO";521300;12;12;1;1;1;"Sim";100;"ALCANÇOU"
"GO";521305;12;12;1;1;1;"Sim";100;"ALCANÇOU"
"GO";521308;41;46;3,41666666666667;3,83333333333333;0,891304347826087;"Sim";89,1;"ALCANÇOU"
"GO";521310;71;75;5,91666666666667;6,25;0,946666666666667;"Sim";94,7;"ALCANÇOU"
"GO";521340;12;24;1;2;0,5;"Não";50;"NÃO ALCANÇOU"
"GO";521350;12;16;1;1,33333333333333;0,75;"Não";75;"NÃO ALCANÇOU"
"GO";521370;12;12;1;1;1;"Sim";100;"ALCANÇOU"
"GO";521375;12;12;1;1;1;"Sim";100;"ALCANÇOU"
"GO";521377;23;24;1,91666666666667;2;0,958333333333333;"Sim";95,8;"ALCANÇOU"
"GO";521380;83;84;6,91666666666667;7;0,988095238095238;"Sim";98,8;"ALCANÇOU"
"GO";521385;12;12;1;1;1;"Sim";100;"ALCANÇOU"
"GO";521390;12;12;1;1;1;"Sim";100;"ALCANÇOU"
"GO";521400;43;48;3,58333333333333;4;0,895833333333333;"Sim";89,6;"ALCANÇOU"
"GO";521405;12;12;1;1;1;"Sim";100;"ALCANÇOU"
"GO";521410;24;24;2;2;1;"Sim";100;"ALCANÇOU"
"GO";521440;12;12;1;1;1;"Sim";100;"ALCANÇOU"
"GO";521450;48;48;4;4;1;"Sim";100;"ALCANÇOU"
"GO";521460;52;64;4,33333333333333;5,33333333333333;0,8125;"Sim";81,2;"ALCANÇOU"
"GO";521470;12;12;1;1;1;"Sim";100;"ALCANÇOU"
"GO";521480;12;12;1;1;1;"Sim";100;"ALCANÇOU"
"GO";521483;44;48;3,66666666666667;4;0,916666666666667;"Sim";91,7;"ALCANÇOU"
"GO";521486;24;24;2;2;1;"Sim";100;"ALCANÇOU"
"GO";521487;12;12;1;1;1;"Sim";100;"ALCANÇOU"
"GO";521490;12;12;1;1;1;"Sim";100;"ALCANÇOU"
"GO";521500;36;36;3;3;1;"Sim";100;"ALCANÇOU"
"GO";521520;12;12;1;1;1;"Sim";100;"ALCANÇOU"
"GO";521523;219;252;18,25;21;0,869047619047619;"Sim";86,9;"ALCANÇOU"
"GO";521525;12;12;1;1;1;"Sim";100;"ALCANÇOU"
"GO";521530;36;40;3;3,33333333333333;0,9;"Sim";90;"ALCANÇOU"
"GO";521540;12;12;1;1;1;"Sim";100;"ALCANÇOU"
"GO";521550;24;24;2;2;1;"Sim";100;"ALCANÇOU"
"GO";521560;84;96;7;8;0,875;"Sim";87,5;"ALCANÇOU"
"GO";521565;12;12;1;1;1;"Sim";100;"ALCANÇOU"
"GO";521570;53;59;4,41666666666667;4,91666666666667;0,898305084745763;"Sim";89,8;"ALCANÇOU"
"GO";521580;12;12;1;1;1;"Sim";100;"ALCANÇOU"
"GO";521590;12;14;1;1,16666666666667;0,857142857142857;"Sim";85,7;"ALCANÇOU"
"GO";521600;12;12;1;1;1;"Sim";100;"ALCANÇOU"
"GO";521630;12;12;1;1;1;"Sim";100;"ALCANÇOU"
"GO";521640;16;26;1,33333333333333;2,16666666666667;0,615384615384615;"Não";61,5;"NÃO ALCANÇOU"
"GO";521645;12;12;1;1;1;"Sim";100;"ALCANÇOU"
"GO";521680;12;12;1;1;1;"Sim";100;"ALCANÇOU"
"GO";521690;12;12;1;1;1;"Sim";100;"ALCANÇOU"
"GO";521710;12;12;1;1;1;"Sim";100;"ALCANÇOU"
"GO";521720;24;24;2;2;1;"Sim";100;"ALCANÇOU"
"GO";521730;72;72;6;6;1;"Sim";100;"ALCANÇOU"
"GO";521740;47;48;3,91666666666667;4;0,979166666666667;"Sim";97,9;"ALCANÇOU"
"GO";521760;271;281;22,5833333333333;23,4166666666667;0,9644128113879;"Sim";96,4;"ALCANÇOU"
"GO";521770;24;28;2;2,33333333333333;0,857142857142857;"Sim";85,7;"ALCANÇOU"
"GO";521800;108;108;9;9;1;"Sim";100;"ALCANÇOU"
"GO";521805;12;12;1;1;1;"Sim";100;"ALCANÇOU"
"GO";521810;11;12;0,916666666666667;1;0,916666666666667;"Sim";91,7;"ALCANÇOU"
"GO";521830;107;120;8,91666666666667;10;0,891666666666667;"Sim";89,2;"ALCANÇOU"
"GO";521839;12;12;1;1;1;"Sim";100;"ALCANÇOU"
"GO";521850;71;80;5,91666666666667;6,66666666666667;0,8875;"Sim";88,8;"ALCANÇOU"
"GO";521860;58;60;4,83333333333333;5;0,966666666666667;"Sim";96,7;"ALCANÇOU"
"GO";521870;12;12;1;1;1;"Sim";100;"ALCANÇOU"
"GO";521878;12;12;1;1;1;"Sim";100;"ALCANÇOU"
"GO";521880;240;265;20;22,0833333333333;0,905660377358491;"Sim";90,6;"ALCANÇOU"
"GO";521890;72;72;6;6;1;"Sim";100;"ALCANÇOU"
"GO";521900;12;12;1;1;1;"Sim";100;"ALCANÇOU"
"GO";521910;24;24;2;2;1;"Sim";100;"ALCANÇOU"
"GO";521920;12;12;1;1;1;"Sim";100;"ALCANÇOU"
"GO";521925;12;24;1;2;0,5;"Não";50;"NÃO ALCANÇOU"
"GO";521930;108;108;9;9;1;"Sim";100;"ALCANÇOU"
"GO";521935;24;24;2;2;1;"Sim";100;"ALCANÇOU"
"GO";521940;24;24;2;2;1;"Sim";100;"ALCANÇOU"
"GO";521945;24;24;2;2;1;"Sim";100;"ALCANÇOU"
"GO";521950;12;12;1;1;1;"Sim";100;"ALCANÇOU"
"GO";521960;23;24;1,91666666666667;2;0,958333333333333;"Sim";95,8;"ALCANÇOU"
"GO";521970;12;12;1;1;1;"Sim";100;"ALCANÇOU"
"GO";521971;12;12;1;1;1;"Sim";100;"ALCANÇOU"
"GO";521973;12;12;1;1;1;"Sim";100;"ALCANÇOU"
"GO";521975;131;144;10,9166666666667;12;0,909722222222222;"Sim";91;"ALCANÇOU"
"GO";521980;60;60;5;5;1;"Sim";100;"ALCANÇOU"
"GO";521990;12;12;1;1;1;"Sim";100;"ALCANÇOU"
"GO";522000;36;52;3;4,33333333333333;0,692307692307692;"Não";69,2;"NÃO ALCANÇOU"
"GO";522005;12;12;1;1;1;"Sim";100;"ALCANÇOU"
"GO";522010;12;13;1;1,08333333333333;0,923076923076923;"Sim";92,3;"ALCANÇOU"
"GO";522015;12;12;1;1;1;"Sim";100;"ALCANÇOU"
"GO";522020;43;48;3,58333333333333;4;0,895833333333333;"Sim";89,6;"ALCANÇOU"
"GO";522026;12;12;1;1;1;"Sim";100;"ALCANÇOU"
"GO";522028;12;12;1;1;1;"Sim";100;"ALCANÇOU"
"GO";522040;18;20;1,5;1,66666666666667;0,9;"Sim";90;"ALCANÇOU"
"GO";522045;311;316;25,9166666666667;26,3333333333333;0,984177215189873;"Sim";98,4;"ALCANÇOU"
"GO";522050;8;12;0,666666666666667;1;0,666666666666667;"Não";66,7;"NÃO ALCANÇOU"
"GO";522060;96;108;8;9;0,888888888888889;"Sim";88,9;"ALCANÇOU"
"GO";522068;24;24;2;2;1;"Sim";100;"ALCANÇOU"
"GO";522070;12;12;1;1;1;"Sim";100;"ALCANÇOU"
"GO";522100;12;12;1;1;1;"Sim";100;"ALCANÇOU"
"GO";522108;12;13;1;1,08333333333333;0,923076923076923;"Sim";92,3;"ALCANÇOU"
"GO";522119;12;12;1;1;1;"Sim";100;"ALCANÇOU"
"GO";522130;12;12;1;1;1;"Sim";100;"ALCANÇOU"
"GO";522140;346;351;28,8333333333333;29,25;0,985754985754986;"Sim";98,6;"ALCANÇOU"
"GO";522145;12;12;1;1;1;"Sim";100;"ALCANÇOU"
"GO";522150;24;26;2;2,16666666666667;0,923076923076923;"Sim";92,3;"ALCANÇOU"
"GO";522155;12;12;1;1;1;"Sim";100;"ALCANÇOU"
"GO";522157;24;24;2;2;1;"Sim";100;"ALCANÇOU"
"GO";522160;146;168;12,1666666666667;14;0,869047619047619;"Sim";86,9;"ALCANÇOU"
"GO";522170;14;34;1,16666666666667;2,83333333333333;0,411764705882353;"Não";41,2;"NÃO ALCANÇOU"
"GO";522180;12;12;1;1;1;"Sim";100;"ALCANÇOU"
"GO";522185;350;383;29,1666666666667;31,9166666666667;0,913838120104439;"Sim";91,4;"ALCANÇOU"
"GO";522190;12;12;1;1;1;"Sim";100;"ALCANÇOU"
"GO";522200;72;72;6;6;1;"Sim";100;"ALCANÇOU"
"GO";522205;12;12;1;1;1;"Sim";100;"ALCANÇOU"
"GO";522220;12;15;1;1,25;0,8;"Sim";80;"ALCANÇOU"
"GO";522230;24;24;2;2;1;"Sim";100;"ALCANÇOU"
"DF";530010;1848;2013;154;167,75;0,918032786885246;"Sim";91,8;"ALCANÇOU"
