"UF";"COD_MUN";"NOME_MUN";"Ausencia_de_Casos";"NUM_2025";"DEN_2025";"RES_2025";"RES";"METAS"
"RO";110001;"Alta Floresta DOeste";;68;68;100;100;"ALCANÇOU"
"RO";110002;"Ariquemes";;228;228;100;100;"ALCANÇOU"
"RO";110003;"Cabixi";;6;6;100;100;"ALCANÇOU"
"RO";110004;"Cacoal";;177;177;100;100;"ALCANÇOU"
"RO";110005;"Cerejeiras";;14;14;100;100;"ALCANÇOU"
"RO";110006;"Colorado do Oeste";;20;20;100;100;"ALCANÇOU"
"RO";110007;"Corumbiara";;3;3;100;100;"ALCANÇOU"
"RO";110008;"Costa Marques";;33;33;100;100;"ALCANÇOU"
"RO";110009;"Espigão DOeste";;8;8;100;100;"ALCANÇOU"
"RO";110010;"Guajará-Mirim";;87;117;74,3589743589744;74,4;"NÃO ALCANÇOU"
"RO";110011;"Jaru";;77;78;98,7179487179487;98,7;"ALCANÇOU"
"RO";110012;"Ji-Paraná";;342;350;97,7142857142857;97,7;"ALCANÇOU"
"RO";110013;"Machadinho DOeste";;113;114;99,1228070175439;99,1;"ALCANÇOU"
"RO";110014;"Nova Brasilândia DOeste";;16;16;100;100;"ALCANÇOU"
"RO";110015;"Ouro Preto do Oeste";;39;39;100;100;"ALCANÇOU"
"RO";110018;"Pimenta Bueno";"X";;;;;"NÃO ALCANÇOU"
"RO";110020;"Porto Velho";;976;979;99,6935648621042;99,7;"ALCANÇOU"
"RO";110025;"Presidente Médici";;16;16;100;100;"ALCANÇOU"
"RO";110026;"Rio Crespo";;15;16;93,75;93,8;"NÃO ALCANÇOU"
"RO";110028;"Rolim de Moura";;78;78;100;100;"ALCANÇOU"
"RO";110029;"Santa Luzia DOeste";;1;2;50;50;"NÃO ALCANÇOU"
"RO";110030;"Vilhena";;263;265;99,2452830188679;99,2;"ALCANÇOU"
"RO";110032;"São Miguel do Guaporé";;6;6;100;100;"ALCANÇOU"
"RO";110033;"Nova Mamoré";;111;112;99,1071428571429;99,1;"ALCANÇOU"
"RO";110034;"Alvorada DOeste";;14;15;93,3333333333333;93,3;"NÃO ALCANÇOU"
"RO";110037;"Alto Alegre dos Parecis";;3;3;100;100;"ALCANÇOU"
"RO";110040;"Alto Paraíso";;3;3;100;100;"ALCANÇOU"
"RO";110045;"Buritis";;102;102;100;100;"ALCANÇOU"
"RO";110050;"Novo Horizonte do Oeste";;2;2;100;100;"ALCANÇOU"
"RO";110060;"Cacaulândia";;12;12;100;100;"ALCANÇOU"
"RO";110070;"Campo Novo de Rondônia";;5;5;100;100;"ALCANÇOU"
"RO";110080;"Candeias do Jamari";;11;12;91,6666666666667;91,7;"NÃO ALCANÇOU"
"RO";110090;"Castanheiras";;3;3;100;100;"ALCANÇOU"
"RO";110092;"Chupinguaia";;15;15;100;100;"ALCANÇOU"
"RO";110094;"Cujubim";;37;37;100;100;"ALCANÇOU"
"RO";110100;"Governador Jorge Teixeira";;8;8;100;100;"ALCANÇOU"
"RO";110110;"Itapuã do Oeste";;16;17;94,1176470588235;94,1;"NÃO ALCANÇOU"
"RO";110120;"Ministro Andreazza";;7;7;100;100;"ALCANÇOU"
"RO";110130;"Mirante da Serra";;6;7;85,7142857142857;85,7;"NÃO ALCANÇOU"
"RO";110140;"Monte Negro";;9;9;100;100;"ALCANÇOU"
"RO";110143;"Nova União";;10;10;100;100;"ALCANÇOU"
"RO";110145;"Parecis";;7;7;100;100;"ALCANÇOU"
"RO";110146;"Pimenteiras do Oeste";;8;8;100;100;"ALCANÇOU"
"RO";110147;"Primavera de Rondônia";;5;13;38,4615384615385;38,5;"NÃO ALCANÇOU"
"RO";110148;"São Felipe DOeste";;6;7;85,7142857142857;85,7;"NÃO ALCANÇOU"
"RO";110149;"São Francisco do Guaporé";;79;80;98,75;98,8;"ALCANÇOU"
"RO";110150;"Seringueiras";;12;12;100;100;"ALCANÇOU"
"RO";110155;"Teixeirópolis";;2;2;100;100;"ALCANÇOU"
"RO";110160;"Theobroma";;5;5;100;100;"ALCANÇOU"
"RO";110170;"Urupá";;11;12;91,6666666666667;91,7;"NÃO ALCANÇOU"
"RO";110175;"Vale do Anari";;23;23;100;100;"ALCANÇOU"
"RO";110180;"Vale do Paraíso";;9;9;100;100;"ALCANÇOU"
"AC";120001;"Acrelândia";;84;84;100;100;"ALCANÇOU"
"AC";120005;"Assis Brasil";;14;16;87,5;87,5;"NÃO ALCANÇOU"
"AC";120010;"Brasiléia";;70;70;100;100;"ALCANÇOU"
"AC";120013;"Bujari";;3;3;100;100;"ALCANÇOU"
"AC";120017;"Capixaba";;7;7;100;100;"ALCANÇOU"
"AC";120020;"Cruzeiro do Sul";;289;289;100;100;"ALCANÇOU"
"AC";120025;"Epitaciolândia";;5;5;100;100;"ALCANÇOU"
"AC";120030;"Feijó";;34;35;97,1428571428571;97,1;"ALCANÇOU"
"AC";120032;"Jordão";;73;73;100;100;"ALCANÇOU"
"AC";120033;"Mâncio Lima";;55;55;100;100;"ALCANÇOU"
"AC";120034;"Manoel Urbano";;35;35;100;100;"ALCANÇOU"
"AC";120035;"Marechal Thaumaturgo";;42;43;97,6744186046512;97,7;"ALCANÇOU"
"AC";120038;"Plácido de Castro";;38;38;100;100;"ALCANÇOU"
"AC";120039;"Porto Walter";;28;28;100;100;"ALCANÇOU"
"AC";120040;"Rio Branco";;1824;1869;97,5922953451043;97,6;"ALCANÇOU"
"AC";120042;"Rodrigues Alves";;27;27;100;100;"ALCANÇOU"
"AC";120043;"Santa Rosa do Purus";;14;15;93,3333333333333;93,3;"NÃO ALCANÇOU"
"AC";120045;"Senador Guiomard";;79;79;100;100;"ALCANÇOU"
"AC";120050;"Sena Madureira";;66;66;100;100;"ALCANÇOU"
"AC";120060;"Tarauacá";;91;91;100;100;"ALCANÇOU"
"AC";120070;"Xapuri";;75;75;100;100;"ALCANÇOU"
"AC";120080;"Porto Acre";;2;2;100;100;"ALCANÇOU"
"AM";130002;"Alvarães";;34;34;100;100;"ALCANÇOU"
"AM";130006;"Amaturá";;46;46;100;100;"ALCANÇOU"
"AM";130008;"Anamã";;16;16;100;100;"ALCANÇOU"
"AM";130010;"Anori";;9;9;100;100;"ALCANÇOU"
"AM";130014;"Apuí";;46;46;100;100;"ALCANÇOU"
"AM";130020;"Atalaia do Norte";;109;109;100;100;"ALCANÇOU"
"AM";130030;"Autazes";;90;90;100;100;"ALCANÇOU"
"AM";130040;"Barcelos";;155;155;100;100;"ALCANÇOU"
"AM";130050;"Barreirinha";;129;129;100;100;"ALCANÇOU"
"AM";130060;"Benjamin Constant";;155;155;100;100;"ALCANÇOU"
"AM";130063;"Beruri";;45;45;100;100;"ALCANÇOU"
"AM";130068;"Boa Vista do Ramos";;23;23;100;100;"ALCANÇOU"
"AM";130070;"Boca do Acre";;44;44;100;100;"ALCANÇOU"
"AM";130080;"Borba";;125;125;100;100;"ALCANÇOU"
"AM";130083;"Caapiranga";;16;16;100;100;"ALCANÇOU"
"AM";130090;"Canutama";;9;9;100;100;"ALCANÇOU"
"AM";130100;"Carauari";;108;108;100;100;"ALCANÇOU"
"AM";130110;"Careiro";;109;109;100;100;"ALCANÇOU"
"AM";130115;"Careiro da Várzea";;5;5;100;100;"ALCANÇOU"
"AM";130120;"Coari";;369;369;100;100;"ALCANÇOU"
"AM";130130;"Codajás";;41;41;100;100;"ALCANÇOU"
"AM";130140;"Eirunepé";;184;184;100;100;"ALCANÇOU"
"AM";130150;"Envira";;86;86;100;100;"ALCANÇOU"
"AM";130160;"Fonte Boa";;115;115;100;100;"ALCANÇOU"
"AM";130165;"Guajará";;72;72;100;100;"ALCANÇOU"
"AM";130170;"Humaitá";;112;112;100;100;"ALCANÇOU"
"AM";130180;"Ipixuna";;51;51;100;100;"ALCANÇOU"
"AM";130185;"Iranduba";;27;27;100;100;"ALCANÇOU"
"AM";130190;"Itacoatiara";;278;278;100;100;"ALCANÇOU"
"AM";130195;"Itamarati";;18;18;100;100;"ALCANÇOU"
"AM";130200;"Itapiranga";;26;26;100;100;"ALCANÇOU"
"AM";130210;"Japurá";;11;11;100;100;"ALCANÇOU"
"AM";130220;"Juruá";;49;49;100;100;"ALCANÇOU"
"AM";130230;"Jutaí";;35;35;100;100;"ALCANÇOU"
"AM";130240;"Lábrea";;80;80;100;100;"ALCANÇOU"
"AM";130250;"Manacapuru";;716;716;100;100;"ALCANÇOU"
"AM";130255;"Manaquiri";;50;50;100;100;"ALCANÇOU"
"AM";130260;"Manaus";;3881;3883;99,9484934329127;99,9;"ALCANÇOU"
"AM";130270;"Manicoré";;131;131;100;100;"ALCANÇOU"
"AM";130280;"Maraã";;67;67;100;100;"ALCANÇOU"
"AM";130290;"Maués";;257;257;100;100;"ALCANÇOU"
"AM";130300;"Nhamundá";;52;52;100;100;"ALCANÇOU"
"AM";130310;"Nova Olinda do Norte";;46;46;100;100;"ALCANÇOU"
"AM";130320;"Novo Airão";;25;25;100;100;"ALCANÇOU"
"AM";130330;"Novo Aripuanã";;58;58;100;100;"ALCANÇOU"
"AM";130340;"Parintins";;376;376;100;100;"ALCANÇOU"
"AM";130350;"Pauini";;40;40;100;100;"ALCANÇOU"
"AM";130353;"Presidente Figueiredo";;100;100;100;100;"ALCANÇOU"
"AM";130356;"Rio Preto da Eva";;53;53;100;100;"ALCANÇOU"
"AM";130360;"Santa Isabel do Rio Negro";;113;113;100;100;"ALCANÇOU"
"AM";130370;"Santo Antônio do Içá";;119;119;100;100;"ALCANÇOU"
"AM";130380;"São Gabriel da Cachoeira";;351;351;100;100;"ALCANÇOU"
"AM";130390;"São Paulo de Olivença";;119;119;100;100;"ALCANÇOU"
"AM";130395;"São Sebastião do Uatumã";;51;51;100;100;"ALCANÇOU"
"AM";130400;"Silves";;118;118;100;100;"ALCANÇOU"
"AM";130406;"Tabatinga";;135;135;100;100;"ALCANÇOU"
"AM";130410;"Tapauá";;18;18;100;100;"ALCANÇOU"
"AM";130420;"Tefé";;487;487;100;100;"ALCANÇOU"
"AM";130423;"Tonantins";;150;150;100;100;"ALCANÇOU"
"AM";130426;"Uarini";;16;16;100;100;"ALCANÇOU"
"AM";130430;"Urucará";;49;49;100;100;"ALCANÇOU"
"AM";130440;"Urucurituba";;12;12;100;100;"ALCANÇOU"
"RR";140002;"Amajari";;28;28;100;100;"ALCANÇOU"
"RR";140005;"Alto Alegre";;52;52;100;100;"ALCANÇOU"
"RR";140010;"Boa Vista";;2262;2263;99,9558108705259;100;"ALCANÇOU"
"RR";140015;"Bonfim";;29;31;93,5483870967742;93,5;"NÃO ALCANÇOU"
"RR";140017;"Cantá";;20;21;95,2380952380952;95,2;"ALCANÇOU"
"RR";140020;"Caracaraí";;111;114;97,3684210526316;97,4;"ALCANÇOU"
"RR";140023;"Caroebe";;15;16;93,75;93,8;"NÃO ALCANÇOU"
"RR";140028;"Iracema";;19;20;95;95;"ALCANÇOU"
"RR";140030;"Mucajaí";;73;73;100;100;"ALCANÇOU"
"RR";140040;"Normandia";;76;76;100;100;"ALCANÇOU"
"RR";140045;"Pacaraima";;82;82;100;100;"ALCANÇOU"
"RR";140047;"Rorainópolis";;135;135;100;100;"ALCANÇOU"
"RR";140050;"São João da Baliza";;59;59;100;100;"ALCANÇOU"
"RR";140060;"São Luiz";;14;15;93,3333333333333;93,3;"NÃO ALCANÇOU"
"RR";140070;"Uiramutã";;68;68;100;100;"ALCANÇOU"
"PA";150010;"Abaetetuba";;255;255;100;100;"ALCANÇOU"
"PA";150013;"Abel Figueiredo";;1;1;100;100;"ALCANÇOU"
"PA";150020;"Acará";;34;34;100;100;"ALCANÇOU"
"PA";150030;"Afuá";;33;33;100;100;"ALCANÇOU"
"PA";150034;"Água Azul do Norte";;33;35;94,2857142857143;94,3;"NÃO ALCANÇOU"
"PA";150040;"Alenquer";;32;32;100;100;"ALCANÇOU"
"PA";150050;"Almeirim";;13;13;100;100;"ALCANÇOU"
"PA";150060;"Altamira";;1162;1175;98,8936170212766;98,9;"ALCANÇOU"
"PA";150070;"Anajás";;31;31;100;100;"ALCANÇOU"
"PA";150080;"Ananindeua";;564;669;84,304932735426;84,3;"NÃO ALCANÇOU"
"PA";150085;"Anapu";;16;16;100;100;"ALCANÇOU"
"PA";150090;"Augusto Corrêa";;32;32;100;100;"ALCANÇOU"
"PA";150095;"Aurora do Pará";;8;8;100;100;"ALCANÇOU"
"PA";150100;"Aveiro";;6;6;100;100;"ALCANÇOU"
"PA";150110;"Bagre";;34;34;100;100;"ALCANÇOU"
"PA";150120;"Baião";;98;98;100;100;"ALCANÇOU"
"PA";150125;"Bannach";;7;7;100;100;"ALCANÇOU"
"PA";150130;"Barcarena";;127;127;100;100;"ALCANÇOU"
"PA";150140;"Belém";;3150;3165;99,5260663507109;99,5;"ALCANÇOU"
"PA";150145;"Belterra";;34;34;100;100;"ALCANÇOU"
"PA";150150;"Benevides";;58;60;96,6666666666667;96,7;"ALCANÇOU"
"PA";150157;"Bom Jesus do Tocantins";;23;23;100;100;"ALCANÇOU"
"PA";150160;"Bonito";;7;7;100;100;"ALCANÇOU"
"PA";150170;"Bragança";;109;110;99,0909090909091;99,1;"ALCANÇOU"
"PA";150172;"Brasil Novo";;36;36;100;100;"ALCANÇOU"
"PA";150175;"Brejo Grande do Araguaia";;35;36;97,2222222222222;97,2;"ALCANÇOU"
"PA";150178;"Breu Branco";;167;170;98,2352941176471;98,2;"ALCANÇOU"
"PA";150180;"Breves";;60;62;96,7741935483871;96,8;"ALCANÇOU"
"PA";150190;"Bujaru";;19;19;100;100;"ALCANÇOU"
"PA";150195;"Cachoeira do Piriá";;26;26;100;100;"ALCANÇOU"
"PA";150200;"Cachoeira do Arari";;9;10;90;90;"NÃO ALCANÇOU"
"PA";150210;"Cametá";;130;130;100;100;"ALCANÇOU"
"PA";150215;"Canaã dos Carajás";;267;268;99,6268656716418;99,6;"ALCANÇOU"
"PA";150220;"Capanema";;86;87;98,8505747126437;98,9;"ALCANÇOU"
"PA";150230;"Capitão Poço";;57;57;100;100;"ALCANÇOU"
"PA";150240;"Castanhal";;380;381;99,737532808399;99,7;"ALCANÇOU"
"PA";150250;"Chaves";;31;31;100;100;"ALCANÇOU"
"PA";150260;"Colares";;26;26;100;100;"ALCANÇOU"
"PA";150270;"Conceição do Araguaia";;7;57;12,280701754386;12,3;"NÃO ALCANÇOU"
"PA";150275;"Concórdia do Pará";;30;30;100;100;"ALCANÇOU"
"PA";150276;"Cumaru do Norte";;12;13;92,3076923076923;92,3;"NÃO ALCANÇOU"
"PA";150277;"Curionópolis";;41;41;100;100;"ALCANÇOU"
"PA";150280;"Curralinho";;20;20;100;100;"ALCANÇOU"
"PA";150285;"Curuá";;14;14;100;100;"ALCANÇOU"
"PA";150290;"Curuçá";;27;29;93,1034482758621;93,1;"NÃO ALCANÇOU"
"PA";150293;"Dom Eliseu";;64;64;100;100;"ALCANÇOU"
"PA";150295;"Eldorado do Carajás";;76;76;100;100;"ALCANÇOU"
"PA";150300;"Faro";;21;21;100;100;"ALCANÇOU"
"PA";150304;"Floresta do Araguaia";;13;13;100;100;"ALCANÇOU"
"PA";150307;"Garrafão do Norte";;3;3;100;100;"ALCANÇOU"
"PA";150309;"Goianésia do Pará";;68;71;95,7746478873239;95,8;"ALCANÇOU"
"PA";150310;"Gurupá";;6;6;100;100;"ALCANÇOU"
"PA";150320;"Igarapé-Açu";;147;147;100;100;"ALCANÇOU"
"PA";150330;"Igarapé-Miri";;84;86;97,6744186046512;97,7;"ALCANÇOU"
"PA";150340;"Inhangapi";;14;14;100;100;"ALCANÇOU"
"PA";150345;"Ipixuna do Pará";;21;21;100;100;"ALCANÇOU"
"PA";150350;"Irituia";;2;3;66,6666666666667;66,7;"NÃO ALCANÇOU"
"PA";150360;"Itaituba";;217;219;99,0867579908676;99,1;"ALCANÇOU"
"PA";150370;"Itupiranga";;127;127;100;100;"ALCANÇOU"
"PA";150375;"Jacareacanga";;45;45;100;100;"ALCANÇOU"
"PA";150380;"Jacundá";;81;81;100;100;"ALCANÇOU"
"PA";150390;"Juruti";;58;58;100;100;"ALCANÇOU"
"PA";150400;"Limoeiro do Ajuru";;5;5;100;100;"ALCANÇOU"
"PA";150405;"Mãe do Rio";;19;20;95;95;"ALCANÇOU"
"PA";150410;"Magalhães Barata";;8;8;100;100;"ALCANÇOU"
"PA";150420;"Marabá";;960;966;99,3788819875776;99,4;"ALCANÇOU"
"PA";150430;"Maracanã";;16;16;100;100;"ALCANÇOU"
"PA";150440;"Marapanim";;71;73;97,2602739726027;97,3;"ALCANÇOU"
"PA";150442;"Marituba";;63;78;80,7692307692308;80,8;"NÃO ALCANÇOU"
"PA";150445;"Medicilândia";;11;12;91,6666666666667;91,7;"NÃO ALCANÇOU"
"PA";150450;"Melgaço";;8;8;100;100;"ALCANÇOU"
"PA";150460;"Mocajuba";;18;18;100;100;"ALCANÇOU"
"PA";150470;"Moju";;16;16;100;100;"ALCANÇOU"
"PA";150475;"Mojuí dos Campos";;12;12;100;100;"ALCANÇOU"
"PA";150480;"Monte Alegre";;3;3;100;100;"ALCANÇOU"
"PA";150490;"Muaná";;1;1;100;100;"ALCANÇOU"
"PA";150495;"Nova Esperança do Piriá";;1;1;100;100;"ALCANÇOU"
"PA";150497;"Nova Ipixuna";;36;36;100;100;"ALCANÇOU"
"PA";150500;"Nova Timboteua";;3;3;100;100;"ALCANÇOU"
"PA";150503;"Novo Progresso";;96;96;100;100;"ALCANÇOU"
"PA";150506;"Novo Repartimento";;19;19;100;100;"ALCANÇOU"
"PA";150510;"Óbidos";;80;80;100;100;"ALCANÇOU"
"PA";150520;"Oeiras do Pará";;37;38;97,3684210526316;97,4;"ALCANÇOU"
"PA";150530;"Oriximiná";;342;350;97,7142857142857;97,7;"ALCANÇOU"
"PA";150540;"Ourém";;4;4;100;100;"ALCANÇOU"
"PA";150543;"Ourilândia do Norte";;129;144;89,5833333333333;89,6;"NÃO ALCANÇOU"
"PA";150548;"Pacajá";;27;27;100;100;"ALCANÇOU"
"PA";150549;"Palestina do Pará";;9;9;100;100;"ALCANÇOU"
"PA";150550;"Paragominas";;73;73;100;100;"ALCANÇOU"
"PA";150553;"Parauapebas";;643;643;100;100;"ALCANÇOU"
"PA";150555;"Pau DArco";;2;2;100;100;"ALCANÇOU"
"PA";150560;"Peixe-Boi";;3;3;100;100;"ALCANÇOU"
"PA";150563;"Piçarra";;37;37;100;100;"ALCANÇOU"
"PA";150565;"Placas";;12;12;100;100;"ALCANÇOU"
"PA";150570;"Ponta de Pedras";;89;94;94,6808510638298;94,7;"ALCANÇOU"
"PA";150580;"Portel";;153;153;100;100;"ALCANÇOU"
"PA";150590;"Porto de Moz";;52;52;100;100;"ALCANÇOU"
"PA";150600;"Prainha";;29;30;96,6666666666667;96,7;"ALCANÇOU"
"PA";150610;"Primavera";;4;6;66,6666666666667;66,7;"NÃO ALCANÇOU"
"PA";150611;"Quatipuru";;5;5;100;100;"ALCANÇOU"
"PA";150613;"Redenção";;70;70;100;100;"ALCANÇOU"
"PA";150616;"Rio Maria";;24;24;100;100;"ALCANÇOU"
"PA";150618;"Rondon do Pará";;49;49;100;100;"ALCANÇOU"
"PA";150619;"Rurópolis";;44;47;93,6170212765958;93,6;"NÃO ALCANÇOU"
"PA";150620;"Salinópolis";;39;40;97,5;97,5;"ALCANÇOU"
"PA";150630;"Salvaterra";;24;24;100;100;"ALCANÇOU"
"PA";150635;"Santa Bárbara do Pará";;2;3;66,6666666666667;66,7;"NÃO ALCANÇOU"
"PA";150640;"Santa Cruz do Arari";;5;5;100;100;"ALCANÇOU"
"PA";150650;"Santa Izabel do Pará";;52;52;100;100;"ALCANÇOU"
"PA";150655;"Santa Luzia do Pará";;11;11;100;100;"ALCANÇOU"
"PA";150658;"Santa Maria das Barreiras";;7;7;100;100;"ALCANÇOU"
"PA";150660;"Santa Maria do Pará";;7;7;100;100;"ALCANÇOU"
"PA";150670;"Santana do Araguaia";;16;16;100;100;"ALCANÇOU"
"PA";150680;"Santarém";;969;1192;81,2919463087248;81,3;"NÃO ALCANÇOU"
"PA";150690;"Santarém Novo";;7;7;100;100;"ALCANÇOU"
"PA";150700;"Santo Antônio do Tauá";;8;9;88,8888888888889;88,9;"NÃO ALCANÇOU"
"PA";150710;"São Caetano de Odivelas";;15;15;100;100;"ALCANÇOU"
"PA";150715;"São Domingos do Araguaia";;31;31;100;100;"ALCANÇOU"
"PA";150720;"São Domingos do Capim";;50;50;100;100;"ALCANÇOU"
"PA";150730;"São Félix do Xingu";;63;64;98,4375;98,4;"ALCANÇOU"
"PA";150740;"São Francisco do Pará";;3;3;100;100;"ALCANÇOU"
"PA";150745;"São Geraldo do Araguaia";;30;30;100;100;"ALCANÇOU"
"PA";150746;"São João da Ponta";;3;3;100;100;"ALCANÇOU"
"PA";150747;"São João de Pirabas";;8;8;100;100;"ALCANÇOU"
"PA";150750;"São João do Araguaia";;13;13;100;100;"ALCANÇOU"
"PA";150760;"São Miguel do Guamá";;40;40;100;100;"ALCANÇOU"
"PA";150770;"São Sebastião da Boa Vista";;10;10;100;100;"ALCANÇOU"
"PA";150775;"Sapucaia";;7;7;100;100;"ALCANÇOU"
"PA";150780;"Senador José Porfírio";;24;25;96;96;"ALCANÇOU"
"PA";150790;"Soure";;20;20;100;100;"ALCANÇOU"
"PA";150795;"Tailândia";;597;597;100;100;"ALCANÇOU"
"PA";150796;"Terra Alta";;16;17;94,1176470588235;94,1;"NÃO ALCANÇOU"
"PA";150797;"Terra Santa";;34;35;97,1428571428571;97,1;"ALCANÇOU"
"PA";150800;"Tomé-Açu";;174;174;100;100;"ALCANÇOU"
"PA";150803;"Tracuateua";;3;3;100;100;"ALCANÇOU"
"PA";150805;"Trairão";;39;40;97,5;97,5;"ALCANÇOU"
"PA";150808;"Tucumã";;47;52;90,3846153846154;90,4;"NÃO ALCANÇOU"
"PA";150810;"Tucuruí";;900;919;97,9325353645267;97,9;"ALCANÇOU"
"PA";150812;"Ulianópolis";;16;16;100;100;"ALCANÇOU"
"PA";150815;"Uruará";;180;181;99,4475138121547;99,4;"ALCANÇOU"
"PA";150820;"Vigia";;7;7;100;100;"ALCANÇOU"
"PA";150830;"Viseu";;8;8;100;100;"ALCANÇOU"
"PA";150835;"Vitória do Xingu";;83;83;100;100;"ALCANÇOU"
"PA";150840;"Xinguara";;129;130;99,2307692307692;99,2;"ALCANÇOU"
"AP";160005;"Serra do Navio";"X";;;;;"NÃO ALCANÇOU"
"AP";160010;"Amapá";;7;7;100;100;"ALCANÇOU"
"AP";160015;"Pedra Branca do Amapari";;28;28;100;100;"ALCANÇOU"
"AP";160020;"Calçoene";"X";;;;;"NÃO ALCANÇOU"
"AP";160021;"Cutias";;1;1;100;100;"ALCANÇOU"
"AP";160023;"Ferreira Gomes";;12;12;100;100;"ALCANÇOU"
"AP";160025;"Itaubal";;4;4;100;100;"ALCANÇOU"
"AP";160027;"Laranjal do Jari";;94;94;100;100;"ALCANÇOU"
"AP";160030;"Macapá";;667;668;99,8502994011976;99,9;"ALCANÇOU"
"AP";160040;"Mazagão";;1;1;100;100;"ALCANÇOU"
"AP";160050;"Oiapoque";;105;105;100;100;"ALCANÇOU"
"AP";160053;"Porto Grande";;30;31;96,7741935483871;96,8;"ALCANÇOU"
"AP";160055;"Pracuúba";;4;5;80;80;"NÃO ALCANÇOU"
"AP";160060;"Santana";;95;95;100;100;"ALCANÇOU"
"AP";160070;"Tartarugalzinho";;12;12;100;100;"ALCANÇOU"
"AP";160080;"Vitória do Jari";;19;19;100;100;"ALCANÇOU"
"TO";170025;"Abreulândia";;8;8;100;100;"ALCANÇOU"
"TO";170030;"Aguiarnópolis";;7;7;100;100;"ALCANÇOU"
"TO";170035;"Aliança do Tocantins";;24;24;100;100;"ALCANÇOU"
"TO";170040;"Almas";;4;6;66,6666666666667;66,7;"NÃO ALCANÇOU"
"TO";170070;"Alvorada";;52;52;100;100;"ALCANÇOU"
"TO";170100;"Ananás";;14;14;100;100;"ALCANÇOU"
"TO";170105;"Angico";;4;4;100;100;"ALCANÇOU"
"TO";170110;"Aparecida do Rio Negro";;4;4;100;100;"ALCANÇOU"
"TO";170130;"Aragominas";;15;15;100;100;"ALCANÇOU"
"TO";170190;"Araguacema";;9;9;100;100;"ALCANÇOU"
"TO";170200;"Araguaçu";;22;22;100;100;"ALCANÇOU"
"TO";170210;"Araguaína";;1401;1405;99,7153024911032;99,7;"ALCANÇOU"
"TO";170215;"Araguanã";"X";;;;;"NÃO ALCANÇOU"
"TO";170220;"Araguatins";;72;73;98,6301369863014;98,6;"ALCANÇOU"
"TO";170230;"Arapoema";;28;28;100;100;"ALCANÇOU"
"TO";170240;"Arraias";;68;68;100;100;"ALCANÇOU"
"TO";170255;"Augustinópolis";;275;275;100;100;"ALCANÇOU"
"TO";170270;"Aurora do Tocantins";;6;6;100;100;"ALCANÇOU"
"TO";170290;"Axixá do Tocantins";;5;5;100;100;"ALCANÇOU"
"TO";170300;"Babaçulândia";;23;23;100;100;"ALCANÇOU"
"TO";170305;"Bandeirantes do Tocantins";;9;10;90;90;"NÃO ALCANÇOU"
"TO";170307;"Barra do Ouro";"X";;;;;"NÃO ALCANÇOU"
"TO";170310;"Barrolândia";;11;11;100;100;"ALCANÇOU"
"TO";170320;"Bernardo Sayão";;13;13;100;100;"ALCANÇOU"
"TO";170330;"Bom Jesus do Tocantins";;2;2;100;100;"ALCANÇOU"
"TO";170360;"Brasilândia do Tocantins";"X";;;;;"NÃO ALCANÇOU"
"TO";170370;"Brejinho de Nazaré";;13;13;100;100;"ALCANÇOU"
"TO";170380;"Buriti do Tocantins";;43;43;100;100;"ALCANÇOU"
"TO";170382;"Cachoeirinha";;1;1;100;100;"ALCANÇOU"
"TO";170384;"Campos Lindos";;30;34;88,2352941176471;88,2;"NÃO ALCANÇOU"
"TO";170386;"Cariri do Tocantins";;8;8;100;100;"ALCANÇOU"
"TO";170388;"Carmolândia";;3;3;100;100;"ALCANÇOU"
"TO";170389;"Carrasco Bonito";"X";;;;;"NÃO ALCANÇOU"
"TO";170390;"Caseara";;5;7;71,4285714285714;71,4;"NÃO ALCANÇOU"
"TO";170410;"Centenário";;6;6;100;100;"ALCANÇOU"
"TO";170460;"Chapada de Areia";;3;3;100;100;"ALCANÇOU"
"TO";170510;"Chapada da Natividade";;7;7;100;100;"ALCANÇOU"
"TO";170550;"Colinas do Tocantins";;209;210;99,5238095238095;99,5;"ALCANÇOU"
"TO";170555;"Combinado";;1;1;100;100;"ALCANÇOU"
"TO";170560;"Conceição do Tocantins";;19;19;100;100;"ALCANÇOU"
"TO";170600;"Couto Magalhães";;1;1;100;100;"ALCANÇOU"
"TO";170610;"Cristalândia";;13;13;100;100;"ALCANÇOU"
"TO";170625;"Crixás do Tocantins";;1;1;100;100;"ALCANÇOU"
"TO";170650;"Darcinópolis";;11;11;100;100;"ALCANÇOU"
"TO";170700;"Dianópolis";;126;128;98,4375;98,4;"ALCANÇOU"
"TO";170710;"Divinópolis do Tocantins";;13;13;100;100;"ALCANÇOU"
"TO";170720;"Dois Irmãos do Tocantins";;22;22;100;100;"ALCANÇOU"
"TO";170730;"Dueré";;4;4;100;100;"ALCANÇOU"
"TO";170740;"Esperantina";;6;7;85,7142857142857;85,7;"NÃO ALCANÇOU"
"TO";170755;"Fátima";;1;1;100;100;"ALCANÇOU"
"TO";170765;"Figueirópolis";;16;16;100;100;"ALCANÇOU"
"TO";170770;"Filadélfia";;27;27;100;100;"ALCANÇOU"
"TO";170820;"Formoso do Araguaia";;43;43;100;100;"ALCANÇOU"
"TO";170825;"Fortaleza do Tabocão";;13;13;100;100;"ALCANÇOU"
"TO";170830;"Goianorte";;7;7;100;100;"ALCANÇOU"
"TO";170900;"Goiatins";;19;21;90,4761904761905;90,5;"NÃO ALCANÇOU"
"TO";170930;"Guaraí";;564;565;99,8230088495575;99,8;"ALCANÇOU"
"TO";170950;"Gurupi";;673;673;100;100;"ALCANÇOU"
"TO";170980;"Ipueiras";;2;2;100;100;"ALCANÇOU"
"TO";171050;"Itacajá";;40;40;100;100;"ALCANÇOU"
"TO";171070;"Itaguatins";;8;8;100;100;"ALCANÇOU"
"TO";171090;"Itapiratins";;10;10;100;100;"ALCANÇOU"
"TO";171110;"Itaporã do Tocantins";"X";;;;;"NÃO ALCANÇOU"
"TO";171150;"Jaú do Tocantins";;13;13;100;100;"ALCANÇOU"
"TO";171180;"Juarina";;2;3;66,6666666666667;66,7;"NÃO ALCANÇOU"
"TO";171190;"Lagoa da Confusão";;55;56;98,2142857142857;98,2;"ALCANÇOU"
"TO";171195;"Lagoa do Tocantins";;7;8;87,5;87,5;"NÃO ALCANÇOU"
"TO";171200;"Lajeado";;2;2;100;100;"ALCANÇOU"
"TO";171215;"Lavandeira";;1;1;100;100;"ALCANÇOU"
"TO";171240;"Lizarda";;6;6;100;100;"ALCANÇOU"
"TO";171245;"Luzinópolis";;5;5;100;100;"ALCANÇOU"
"TO";171250;"Marianópolis do Tocantins";;15;15;100;100;"ALCANÇOU"
"TO";171270;"Mateiros";;16;16;100;100;"ALCANÇOU"
"TO";171280;"Maurilândia do Tocantins";;30;30;100;100;"ALCANÇOU"
"TO";171320;"Miracema do Tocantins";;122;122;100;100;"ALCANÇOU"
"TO";171330;"Miranorte";;53;53;100;100;"ALCANÇOU"
"TO";171360;"Monte do Carmo";;20;20;100;100;"ALCANÇOU"
"TO";171370;"Monte Santo do Tocantins";"X";;;;;"NÃO ALCANÇOU"
"TO";171380;"Palmeiras do Tocantins";;9;9;100;100;"ALCANÇOU"
"TO";171395;"Muricilândia";;12;12;100;100;"ALCANÇOU"
"TO";171420;"Natividade";;21;21;100;100;"ALCANÇOU"
"TO";171430;"Nazaré";;10;10;100;100;"ALCANÇOU"
"TO";171488;"Nova Olinda";;21;21;100;100;"ALCANÇOU"
"TO";171500;"Nova Rosalândia";;16;16;100;100;"ALCANÇOU"
"TO";171510;"Novo Acordo";;4;4;100;100;"ALCANÇOU"
"TO";171515;"Novo Alegre";;4;4;100;100;"ALCANÇOU"
"TO";171525;"Novo Jardim";;2;2;100;100;"ALCANÇOU"
"TO";171550;"Oliveira de Fátima";"X";;;;;"NÃO ALCANÇOU"
"TO";171570;"Palmeirante";;1;1;100;100;"ALCANÇOU"
"TO";171575;"Palmeirópolis";;21;22;95,4545454545455;95,5;"ALCANÇOU"
"TO";171610;"Paraíso do Tocantins";;355;355;100;100;"ALCANÇOU"
"TO";171620;"Paranã";;15;16;93,75;93,8;"NÃO ALCANÇOU"
"TO";171630;"Pau DArco";;11;11;100;100;"ALCANÇOU"
"TO";171650;"Pedro Afonso";;168;168;100;100;"ALCANÇOU"
"TO";171660;"Peixe";;31;31;100;100;"ALCANÇOU"
"TO";171665;"Pequizeiro";;1;1;100;100;"ALCANÇOU"
"TO";171670;"Colméia";;4;4;100;100;"ALCANÇOU"
"TO";171700;"Pindorama do Tocantins";;14;14;100;100;"ALCANÇOU"
"TO";171720;"Piraquê";;6;6;100;100;"ALCANÇOU"
"TO";171750;"Pium";;11;11;100;100;"ALCANÇOU"
"TO";171780;"Ponte Alta do Bom Jesus";;20;20;100;100;"ALCANÇOU"
"TO";171790;"Ponte Alta do Tocantins";;33;33;100;100;"ALCANÇOU"
"TO";171800;"Porto Alegre do Tocantins";;6;6;100;100;"ALCANÇOU"
"TO";171820;"Porto Nacional";;347;347;100;100;"ALCANÇOU"
"TO";171830;"Praia Norte";"X";;;;;"NÃO ALCANÇOU"
"TO";171840;"Presidente Kennedy";;3;3;100;100;"ALCANÇOU"
"TO";171845;"Pugmil";;23;23;100;100;"ALCANÇOU"
"TO";171850;"Recursolândia";;11;11;100;100;"ALCANÇOU"
"TO";171855;"Riachinho";;4;4;100;100;"ALCANÇOU"
"TO";171865;"Rio da Conceição";;4;4;100;100;"ALCANÇOU"
"TO";171870;"Rio dos Bois";"X";;;;;"NÃO ALCANÇOU"
"TO";171875;"Rio Sono";;1;1;100;100;"ALCANÇOU"
"TO";171880;"Sampaio";;4;4;100;100;"ALCANÇOU"
"TO";171884;"Sandolândia";;8;8;100;100;"ALCANÇOU"
"TO";171886;"Santa Fé do Araguaia";;6;6;100;100;"ALCANÇOU"
"TO";171888;"Santa Maria do Tocantins";"X";;;;;"NÃO ALCANÇOU"
"TO";171889;"Santa Rita do Tocantins";;6;6;100;100;"ALCANÇOU"
"TO";171890;"Santa Rosa do Tocantins";;14;15;93,3333333333333;93,3;"NÃO ALCANÇOU"
"TO";171900;"Santa Tereza do Tocantins";"X";;;;;"NÃO ALCANÇOU"
"TO";172000;"Santa Terezinha do Tocantins";;1;1;100;100;"ALCANÇOU"
"TO";172010;"São Bento do Tocantins";;2;2;100;100;"ALCANÇOU"
"TO";172015;"São Félix do Tocantins";;11;11;100;100;"ALCANÇOU"
"TO";172020;"São Miguel do Tocantins";;17;17;100;100;"ALCANÇOU"
"TO";172025;"São Salvador do Tocantins";;48;48;100;100;"ALCANÇOU"
"TO";172030;"São Sebastião do Tocantins";;2;2;100;100;"ALCANÇOU"
"TO";172049;"São Valério";;25;26;96,1538461538462;96,2;"ALCANÇOU"
"TO";172065;"Silvanópolis";;19;19;100;100;"ALCANÇOU"
"TO";172080;"Sítio Novo do Tocantins";;4;4;100;100;"ALCANÇOU"
"TO";172085;"Sucupira";"X";;;;;"NÃO ALCANÇOU"
"TO";172090;"Taguatinga";;48;48;100;100;"ALCANÇOU"
"TO";172093;"Taipas do Tocantins";;6;6;100;100;"ALCANÇOU"
"TO";172097;"Talismã";;12;12;100;100;"ALCANÇOU"
"TO";172100;"Palmas";;1866;1887;98,8871224165342;98,9;"ALCANÇOU"
"TO";172110;"Tocantínia";"X";;;;;"NÃO ALCANÇOU"
"TO";172120;"Tocantinópolis";;127;127;100;100;"ALCANÇOU"
"TO";172125;"Tupirama";"X";;;;;"NÃO ALCANÇOU"
"TO";172130;"Tupiratins";"X";;;;;"NÃO ALCANÇOU"
"TO";172208;"Wanderlândia";;13;13;100;100;"ALCANÇOU"
"TO";172210;"Xambioá";;28;28;100;100;"ALCANÇOU"
"MA";210005;"Açailândia";;138;138;100;100;"ALCANÇOU"
"MA";210010;"Afonso Cunha";;3;3;100;100;"ALCANÇOU"
"MA";210015;"Água Doce do Maranhão";"X";;;;;"NÃO ALCANÇOU"
"MA";210020;"Alcântara";;5;5;100;100;"ALCANÇOU"
"MA";210030;"Aldeias Altas";;8;8;100;100;"ALCANÇOU"
"MA";210040;"Altamira do Maranhão";;1;1;100;100;"ALCANÇOU"
"MA";210043;"Alto Alegre do Maranhão";;15;15;100;100;"ALCANÇOU"
"MA";210047;"Alto Alegre do Pindaré";;2;2;100;100;"ALCANÇOU"
"MA";210050;"Alto Parnaíba";;9;9;100;100;"ALCANÇOU"
"MA";210055;"Amapá do Maranhão";;1;1;100;100;"ALCANÇOU"
"MA";210060;"Amarante do Maranhão";;156;157;99,3630573248408;99,4;"ALCANÇOU"
"MA";210070;"Anajatuba";;2;3;66,6666666666667;66,7;"NÃO ALCANÇOU"
"MA";210080;"Anapurus";;10;10;100;100;"ALCANÇOU"
"MA";210083;"Apicum-Açu";;13;13;100;100;"ALCANÇOU"
"MA";210087;"Araguanã";;1;1;100;100;"ALCANÇOU"
"MA";210090;"Araioses";;4;4;100;100;"ALCANÇOU"
"MA";210095;"Arame";;24;25;96;96;"ALCANÇOU"
"MA";210100;"Arari";;48;48;100;100;"ALCANÇOU"
"MA";210110;"Axixá";;7;7;100;100;"ALCANÇOU"
"MA";210120;"Bacabal";;361;366;98,6338797814208;98,6;"ALCANÇOU"
"MA";210125;"Bacabeira";;4;4;100;100;"ALCANÇOU"
"MA";210130;"Bacuri";;1;2;50;50;"NÃO ALCANÇOU"
"MA";210135;"Bacurituba";;1;1;100;100;"ALCANÇOU"
"MA";210140;"Balsas";;290;291;99,6563573883162;99,7;"ALCANÇOU"
"MA";210150;"Barão de Grajaú";;3;3;100;100;"ALCANÇOU"
"MA";210160;"Barra do Corda";;280;280;100;100;"ALCANÇOU"
"MA";210170;"Barreirinhas";;14;14;100;100;"ALCANÇOU"
"MA";210173;"Belágua";"X";;;;;"NÃO ALCANÇOU"
"MA";210177;"Bela Vista do Maranhão";;3;3;100;100;"ALCANÇOU"
"MA";210180;"Benedito Leite";"X";;;;;"NÃO ALCANÇOU"
"MA";210190;"Bequimão";;3;3;100;100;"ALCANÇOU"
"MA";210193;"Bernardo do Mearim";"X";;;;;"NÃO ALCANÇOU"
"MA";210197;"Boa Vista do Gurupi";"X";;;;;"NÃO ALCANÇOU"
"MA";210200;"Bom Jardim";;4;4;100;100;"ALCANÇOU"
"MA";210203;"Bom Jesus das Selvas";;30;30;100;100;"ALCANÇOU"
"MA";210207;"Bom Lugar";;2;2;100;100;"ALCANÇOU"
"MA";210210;"Brejo";"X";;;;;"NÃO ALCANÇOU"
"MA";210215;"Brejo de Areia";"X";;;;;"NÃO ALCANÇOU"
"MA";210220;"Buriti";;27;27;100;100;"ALCANÇOU"
"MA";210230;"Buriti Bravo";;25;26;96,1538461538462;96,2;"ALCANÇOU"
"MA";210232;"Buriticupu";;93;93;100;100;"ALCANÇOU"
"MA";210235;"Buritirana";;10;10;100;100;"ALCANÇOU"
"MA";210237;"Cachoeira Grande";;2;2;100;100;"ALCANÇOU"
"MA";210240;"Cajapió";;2;2;100;100;"ALCANÇOU"
"MA";210250;"Cajari";;1;1;100;100;"ALCANÇOU"
"MA";210255;"Campestre do Maranhão";;18;18;100;100;"ALCANÇOU"
"MA";210260;"Cândido Mendes";"X";;;;;"NÃO ALCANÇOU"
"MA";210270;"Cantanhede";;7;7;100;100;"ALCANÇOU"
"MA";210275;"Capinzal do Norte";;14;14;100;100;"ALCANÇOU"
"MA";210280;"Carolina";;63;63;100;100;"ALCANÇOU"
"MA";210290;"Carutapera";;63;64;98,4375;98,4;"ALCANÇOU"
"MA";210300;"Caxias";;277;279;99,2831541218638;99,3;"ALCANÇOU"
"MA";210310;"Cedral";"X";;;;;"NÃO ALCANÇOU"
"MA";210312;"Central do Maranhão";"X";;;;;"NÃO ALCANÇOU"
"MA";210315;"Centro do Guilherme";"X";;;;;"NÃO ALCANÇOU"
"MA";210317;"Centro Novo do Maranhão";;6;6;100;100;"ALCANÇOU"
"MA";210320;"Chapadinha";;6;6;100;100;"ALCANÇOU"
"MA";210325;"Cidelândia";;11;11;100;100;"ALCANÇOU"
"MA";210330;"Codó";;114;118;96,6101694915254;96,6;"ALCANÇOU"
"MA";210340;"Coelho Neto";;190;190;100;100;"ALCANÇOU"
"MA";210350;"Colinas";;7;7;100;100;"ALCANÇOU"
"MA";210355;"Conceição do Lago-Açu";;4;4;100;100;"ALCANÇOU"
"MA";210360;"Coroatá";;45;46;97,8260869565217;97,8;"ALCANÇOU"
"MA";210370;"Cururupu";;28;30;93,3333333333333;93,3;"NÃO ALCANÇOU"
"MA";210375;"Davinópolis";;3;3;100;100;"ALCANÇOU"
"MA";210380;"Dom Pedro";;12;12;100;100;"ALCANÇOU"
"MA";210390;"Duque Bacelar";;5;5;100;100;"ALCANÇOU"
"MA";210400;"Esperantinópolis";;9;9;100;100;"ALCANÇOU"
"MA";210405;"Estreito";;19;19;100;100;"ALCANÇOU"
"MA";210407;"Feira Nova do Maranhão";;5;5;100;100;"ALCANÇOU"
"MA";210408;"Fernando Falcão";;23;23;100;100;"ALCANÇOU"
"MA";210409;"Formosa da Serra Negra";;2;2;100;100;"ALCANÇOU"
"MA";210410;"Fortaleza dos Nogueiras";;11;11;100;100;"ALCANÇOU"
"MA";210420;"Fortuna";"X";;;;;"NÃO ALCANÇOU"
"MA";210430;"Godofredo Viana";;2;2;100;100;"ALCANÇOU"
"MA";210440;"Gonçalves Dias";;2;2;100;100;"ALCANÇOU"
"MA";210450;"Governador Archer";;5;5;100;100;"ALCANÇOU"
"MA";210455;"Governador Edison Lobão";;9;9;100;100;"ALCANÇOU"
"MA";210460;"Governador Eugênio Barros";"X";;;;;"NÃO ALCANÇOU"
"MA";210462;"Governador Luiz Rocha";;2;2;100;100;"ALCANÇOU"
"MA";210465;"Governador Newton Bello";;6;6;100;100;"ALCANÇOU"
"MA";210467;"Governador Nunes Freire";;22;23;95,6521739130435;95,7;"ALCANÇOU"
"MA";210470;"Graça Aranha";"X";;;;;"NÃO ALCANÇOU"
"MA";210480;"Grajaú";;43;43;100;100;"ALCANÇOU"
"MA";210490;"Guimarães";;8;8;100;100;"ALCANÇOU"
"MA";210500;"Humberto de Campos";;6;6;100;100;"ALCANÇOU"
"MA";210510;"Icatu";;2;2;100;100;"ALCANÇOU"
"MA";210515;"Igarapé do Meio";"X";;;;;"NÃO ALCANÇOU"
"MA";210520;"Igarapé Grande";;19;19;100;100;"ALCANÇOU"
"MA";210530;"Imperatriz";;334;336;99,4047619047619;99,4;"ALCANÇOU"
"MA";210535;"Itaipava do Grajaú";;3;3;100;100;"ALCANÇOU"
"MA";210540;"Itapecuru Mirim";;32;34;94,1176470588235;94,1;"NÃO ALCANÇOU"
"MA";210542;"Itinga do Maranhão";;34;34;100;100;"ALCANÇOU"
"MA";210545;"Jatobá";;4;5;80;80;"NÃO ALCANÇOU"
"MA";210547;"Jenipapo dos Vieiras";;11;11;100;100;"ALCANÇOU"
"MA";210550;"João Lisboa";;46;46;100;100;"ALCANÇOU"
"MA";210560;"Joselândia";;5;5;100;100;"ALCANÇOU"
"MA";210565;"Junco do Maranhão";;1;1;100;100;"ALCANÇOU"
"MA";210570;"Lago da Pedra";;2;2;100;100;"ALCANÇOU"
"MA";210580;"Lago do Junco";"X";;;;;"NÃO ALCANÇOU"
"MA";210590;"Lago Verde";;2;2;100;100;"ALCANÇOU"
"MA";210592;"Lagoa do Mato";;6;7;85,7142857142857;85,7;"NÃO ALCANÇOU"
"MA";210594;"Lago dos Rodrigues";;2;2;100;100;"ALCANÇOU"
"MA";210596;"Lagoa Grande do Maranhão";;2;2;100;100;"ALCANÇOU"
"MA";210598;"Lajeado Novo";;9;9;100;100;"ALCANÇOU"
"MA";210600;"Lima Campos";;9;9;100;100;"ALCANÇOU"
"MA";210610;"Loreto";;13;13;100;100;"ALCANÇOU"
"MA";210620;"Luís Domingues";"X";;;;;"NÃO ALCANÇOU"
"MA";210630;"Magalhães de Almeida";;2;2;100;100;"ALCANÇOU"
"MA";210632;"Maracaçumé";;4;4;100;100;"ALCANÇOU"
"MA";210635;"Marajá do Sena";;1;2;50;50;"NÃO ALCANÇOU"
"MA";210637;"Maranhãozinho";"X";;;;;"NÃO ALCANÇOU"
"MA";210640;"Mata Roma";;3;3;100;100;"ALCANÇOU"
"MA";210650;"Matinha";;5;5;100;100;"ALCANÇOU"
"MA";210660;"Matões";;13;13;100;100;"ALCANÇOU"
"MA";210663;"Matões do Norte";;1;1;100;100;"ALCANÇOU"
"MA";210667;"Milagres do Maranhão";;2;2;100;100;"ALCANÇOU"
"MA";210670;"Mirador";;1;1;100;100;"ALCANÇOU"
"MA";210675;"Miranda do Norte";;26;30;86,6666666666667;86,7;"NÃO ALCANÇOU"
"MA";210680;"Mirinzal";"X";;;;;"NÃO ALCANÇOU"
"MA";210690;"Monção";;11;11;100;100;"ALCANÇOU"
"MA";210700;"Montes Altos";;5;5;100;100;"ALCANÇOU"
"MA";210710;"Morros";;21;21;100;100;"ALCANÇOU"
"MA";210720;"Nina Rodrigues";;7;7;100;100;"ALCANÇOU"
"MA";210725;"Nova Colinas";;14;14;100;100;"ALCANÇOU"
"MA";210730;"Nova Iorque";"X";;;;;"NÃO ALCANÇOU"
"MA";210735;"Nova Olinda do Maranhão";"X";;;;;"NÃO ALCANÇOU"
"MA";210740;"Olho dÁgua das Cunhãs";;8;8;100;100;"ALCANÇOU"
"MA";210745;"Olinda Nova do Maranhão";;1;1;100;100;"ALCANÇOU"
"MA";210750;"Paço do Lumiar";;69;69;100;100;"ALCANÇOU"
"MA";210760;"Palmeirândia";;2;2;100;100;"ALCANÇOU"
"MA";210770;"Paraibano";;8;8;100;100;"ALCANÇOU"
"MA";210780;"Parnarama";;34;35;97,1428571428571;97,1;"ALCANÇOU"
"MA";210790;"Passagem Franca";;21;21;100;100;"ALCANÇOU"
"MA";210800;"Pastos Bons";"X";;;;;"NÃO ALCANÇOU"
"MA";210805;"Paulino Neves";;5;5;100;100;"ALCANÇOU"
"MA";210810;"Paulo Ramos";;11;12;91,6666666666667;91,7;"NÃO ALCANÇOU"
"MA";210820;"Pedreiras";;23;25;92;92;"NÃO ALCANÇOU"
"MA";210825;"Pedro do Rosário";"X";;;;;"NÃO ALCANÇOU"
"MA";210830;"Penalva";;2;2;100;100;"ALCANÇOU"
"MA";210840;"Peri Mirim";"X";;;;;"NÃO ALCANÇOU"
"MA";210845;"Peritoró";;21;21;100;100;"ALCANÇOU"
"MA";210850;"Pindaré-Mirim";;10;10;100;100;"ALCANÇOU"
"MA";210860;"Pinheiro";;26;26;100;100;"ALCANÇOU"
"MA";210870;"Pio XII";;16;16;100;100;"ALCANÇOU"
"MA";210880;"Pirapemas";;4;4;100;100;"ALCANÇOU"
"MA";210890;"Poção de Pedras";;12;13;92,3076923076923;92,3;"NÃO ALCANÇOU"
"MA";210900;"Porto Franco";;57;58;98,2758620689655;98,3;"ALCANÇOU"
"MA";210905;"Porto Rico do Maranhão";"X";;;;;"NÃO ALCANÇOU"
"MA";210910;"Presidente Dutra";;460;462;99,5670995670996;99,6;"ALCANÇOU"
"MA";210920;"Presidente Juscelino";;16;16;100;100;"ALCANÇOU"
"MA";210923;"Presidente Médici";;2;2;100;100;"ALCANÇOU"
"MA";210927;"Presidente Sarney";;6;7;85,7142857142857;85,7;"NÃO ALCANÇOU"
"MA";210930;"Presidente Vargas";;6;6;100;100;"ALCANÇOU"
"MA";210940;"Primeira Cruz";;4;4;100;100;"ALCANÇOU"
"MA";210945;"Raposa";;9;9;100;100;"ALCANÇOU"
"MA";210950;"Riachão";;65;65;100;100;"ALCANÇOU"
"MA";210955;"Ribamar Fiquene";;15;15;100;100;"ALCANÇOU"
"MA";210960;"Rosário";;19;19;100;100;"ALCANÇOU"
"MA";210970;"Sambaíba";;7;7;100;100;"ALCANÇOU"
"MA";210975;"Santa Filomena do Maranhão";;3;4;75;75;"NÃO ALCANÇOU"
"MA";210980;"Santa Helena";;11;11;100;100;"ALCANÇOU"
"MA";210990;"Santa Inês";;129;130;99,2307692307692;99,2;"ALCANÇOU"
"MA";211000;"Santa Luzia";;17;17;100;100;"ALCANÇOU"
"MA";211003;"Santa Luzia do Paruá";;35;35;100;100;"ALCANÇOU"
"MA";211010;"Santa Quitéria do Maranhão";;1;1;100;100;"ALCANÇOU"
"MA";211020;"Santa Rita";;5;5;100;100;"ALCANÇOU"
"MA";211023;"Santana do Maranhão";;7;7;100;100;"ALCANÇOU"
"MA";211027;"Santo Amaro do Maranhão";;1;1;100;100;"ALCANÇOU"
"MA";211030;"Santo Antônio dos Lopes";;20;20;100;100;"ALCANÇOU"
"MA";211040;"São Benedito do Rio Preto";;5;5;100;100;"ALCANÇOU"
"MA";211050;"São Bento";;1;1;100;100;"ALCANÇOU"
"MA";211060;"São Bernardo";;8;8;100;100;"ALCANÇOU"
"MA";211065;"São Domingos do Azeitão";;3;3;100;100;"ALCANÇOU"
"MA";211070;"São Domingos do Maranhão";;1;1;100;100;"ALCANÇOU"
"MA";211080;"São Félix de Balsas";;1;1;100;100;"ALCANÇOU"
"MA";211085;"São Francisco do Brejão";;13;13;100;100;"ALCANÇOU"
"MA";211090;"São Francisco do Maranhão";;4;4;100;100;"ALCANÇOU"
"MA";211100;"São João Batista";"X";;;;;"NÃO ALCANÇOU"
"MA";211102;"São João do Carú";;4;4;100;100;"ALCANÇOU"
"MA";211105;"São João do Paraíso";;10;10;100;100;"ALCANÇOU"
"MA";211107;"São João do Soter";;6;6;100;100;"ALCANÇOU"
"MA";211110;"São João dos Patos";;5;5;100;100;"ALCANÇOU"
"MA";211120;"São José de Ribamar";;149;149;100;100;"ALCANÇOU"
"MA";211125;"São José dos Basílios";;7;7;100;100;"ALCANÇOU"
"MA";211130;"São Luís";;1824;1824;100;100;"ALCANÇOU"
"MA";211140;"São Luís Gonzaga do Maranhão";;34;34;100;100;"ALCANÇOU"
"MA";211150;"São Mateus do Maranhão";;87;87;100;100;"ALCANÇOU"
"MA";211153;"São Pedro da Água Branca";;2;2;100;100;"ALCANÇOU"
"MA";211157;"São Pedro dos Crentes";;8;9;88,8888888888889;88,9;"NÃO ALCANÇOU"
"MA";211160;"São Raimundo das Mangabeiras";;29;29;100;100;"ALCANÇOU"
"MA";211163;"São Raimundo do Doca Bezerra";;2;2;100;100;"ALCANÇOU"
"MA";211167;"São Roberto";;1;1;100;100;"ALCANÇOU"
"MA";211170;"São Vicente Ferrer";;11;11;100;100;"ALCANÇOU"
"MA";211172;"Satubinha";;3;3;100;100;"ALCANÇOU"
"MA";211174;"Senador Alexandre Costa";;7;7;100;100;"ALCANÇOU"
"MA";211176;"Senador La Rocque";;3;3;100;100;"ALCANÇOU"
"MA";211178;"Serrano do Maranhão";;2;2;100;100;"ALCANÇOU"
"MA";211180;"Sítio Novo";;6;6;100;100;"ALCANÇOU"
"MA";211190;"Sucupira do Norte";;1;1;100;100;"ALCANÇOU"
"MA";211195;"Sucupira do Riachão";;4;4;100;100;"ALCANÇOU"
"MA";211200;"Tasso Fragoso";;18;18;100;100;"ALCANÇOU"
"MA";211210;"Timbiras";;6;6;100;100;"ALCANÇOU"
"MA";211220;"Timon";;49;49;100;100;"ALCANÇOU"
"MA";211223;"Trizidela do Vale";;41;41;100;100;"ALCANÇOU"
"MA";211227;"Tufilândia";;1;1;100;100;"ALCANÇOU"
"MA";211230;"Tuntum";;10;10;100;100;"ALCANÇOU"
"MA";211240;"Turiaçu";;3;3;100;100;"ALCANÇOU"
"MA";211245;"Turilândia";;10;10;100;100;"ALCANÇOU"
"MA";211250;"Tutóia";;8;8;100;100;"ALCANÇOU"
"MA";211260;"Urbano Santos";;9;9;100;100;"ALCANÇOU"
"MA";211270;"Vargem Grande";;65;65;100;100;"ALCANÇOU"
"MA";211280;"Viana";;14;14;100;100;"ALCANÇOU"
"MA";211285;"Vila Nova dos Martírios";;29;30;96,6666666666667;96,7;"ALCANÇOU"
"MA";211290;"Vitória do Mearim";;31;31;100;100;"ALCANÇOU"
"MA";211300;"Vitorino Freire";;10;10;100;100;"ALCANÇOU"
"MA";211400;"Zé Doca";;235;235;100;100;"ALCANÇOU"
"PI";220005;"Acauã";"X";;;;;"NÃO ALCANÇOU"
"PI";220010;"Agricolândia";"X";;;;;"NÃO ALCANÇOU"
"PI";220020;"Água Branca";;5;5;100;100;"ALCANÇOU"
"PI";220025;"Alagoinha do Piauí";;1;1;100;100;"ALCANÇOU"
"PI";220027;"Alegrete do Piauí";"X";;;;;"NÃO ALCANÇOU"
"PI";220030;"Alto Longá";;2;2;100;100;"ALCANÇOU"
"PI";220040;"Altos";;170;192;88,5416666666667;88,5;"NÃO ALCANÇOU"
"PI";220045;"Alvorada do Gurguéia";"X";;;;;"NÃO ALCANÇOU"
"PI";220050;"Amarante";;2;2;100;100;"ALCANÇOU"
"PI";220060;"Angical do Piauí";;12;12;100;100;"ALCANÇOU"
"PI";220070;"Anísio de Abreu";;3;3;100;100;"ALCANÇOU"
"PI";220080;"Antônio Almeida";;10;10;100;100;"ALCANÇOU"
"PI";220090;"Aroazes";;2;2;100;100;"ALCANÇOU"
"PI";220095;"Aroeiras do Itaim";"X";;;;;"NÃO ALCANÇOU"
"PI";220100;"Arraial";"X";;;;;"NÃO ALCANÇOU"
"PI";220105;"Assunção do Piauí";"X";;;;;"NÃO ALCANÇOU"
"PI";220110;"Avelino Lopes";;1;1;100;100;"ALCANÇOU"
"PI";220115;"Baixa Grande do Ribeiro";"X";;;;;"NÃO ALCANÇOU"
"PI";220117;"Barra DAlcântara";;5;5;100;100;"ALCANÇOU"
"PI";220120;"Barras";;1;1;100;100;"ALCANÇOU"
"PI";220130;"Barreiras do Piauí";"X";;;;;"NÃO ALCANÇOU"
"PI";220140;"Barro Duro";"X";;;;;"NÃO ALCANÇOU"
"PI";220150;"Batalha";;7;7;100;100;"ALCANÇOU"
"PI";220155;"Bela Vista do Piauí";"X";;;;;"NÃO ALCANÇOU"
"PI";220157;"Belém do Piauí";"X";;;;;"NÃO ALCANÇOU"
"PI";220160;"Beneditinos";;16;16;100;100;"ALCANÇOU"
"PI";220170;"Bertolínia";;1;1;100;100;"ALCANÇOU"
"PI";220173;"Betânia do Piauí";;1;1;100;100;"ALCANÇOU"
"PI";220177;"Boa Hora";"X";;;;;"NÃO ALCANÇOU"
"PI";220180;"Bocaina";"X";;;;;"NÃO ALCANÇOU"
"PI";220190;"Bom Jesus";;130;144;90,2777777777778;90,3;"NÃO ALCANÇOU"
"PI";220191;"Bom Princípio do Piauí";;2;2;100;100;"ALCANÇOU"
"PI";220192;"Bonfim do Piauí";;1;1;100;100;"ALCANÇOU"
"PI";220194;"Boqueirão do Piauí";"X";;;;;"NÃO ALCANÇOU"
"PI";220196;"Brasileira";;5;5;100;100;"ALCANÇOU"
"PI";220198;"Brejo do Piauí";"X";;;;;"NÃO ALCANÇOU"
"PI";220200;"Buriti dos Lopes";;12;12;100;100;"ALCANÇOU"
"PI";220202;"Buriti dos Montes";"X";;;;;"NÃO ALCANÇOU"
"PI";220205;"Cabeceiras do Piauí";;1;1;100;100;"ALCANÇOU"
"PI";220207;"Cajazeiras do Piauí";"X";;;;;"NÃO ALCANÇOU"
"PI";220208;"Cajueiro da Praia";;6;6;100;100;"ALCANÇOU"
"PI";220209;"Caldeirão Grande do Piauí";"X";;;;;"NÃO ALCANÇOU"
"PI";220210;"Campinas do Piauí";"X";;;;;"NÃO ALCANÇOU"
"PI";220211;"Campo Alegre do Fidalgo";;1;1;100;100;"ALCANÇOU"
"PI";220213;"Campo Grande do Piauí";;1;1;100;100;"ALCANÇOU"
"PI";220217;"Campo Largo do Piauí";"X";;;;;"NÃO ALCANÇOU"
"PI";220220;"Campo Maior";;225;235;95,7446808510638;95,7;"ALCANÇOU"
"PI";220225;"Canavieira";;3;3;100;100;"ALCANÇOU"
"PI";220230;"Canto do Buriti";;36;36;100;100;"ALCANÇOU"
"PI";220240;"Capitão de Campos";;4;4;100;100;"ALCANÇOU"
"PI";220245;"Capitão Gervásio Oliveira";;1;1;100;100;"ALCANÇOU"
"PI";220250;"Caracol";"X";;;;;"NÃO ALCANÇOU"
"PI";220253;"Caraúbas do Piauí";;1;1;100;100;"ALCANÇOU"
"PI";220255;"Caridade do Piauí";;1;1;100;100;"ALCANÇOU"
"PI";220260;"Castelo do Piauí";;3;3;100;100;"ALCANÇOU"
"PI";220265;"Caxingó";;3;3;100;100;"ALCANÇOU"
"PI";220270;"Cocal";;12;13;92,3076923076923;92,3;"NÃO ALCANÇOU"
"PI";220271;"Cocal de Telha";"X";;;;;"NÃO ALCANÇOU"
"PI";220272;"Cocal dos Alves";;2;2;100;100;"ALCANÇOU"
"PI";220273;"Coivaras";;2;2;100;100;"ALCANÇOU"
"PI";220275;"Colônia do Gurguéia";"X";;;;;"NÃO ALCANÇOU"
"PI";220277;"Colônia do Piauí";"X";;;;;"NÃO ALCANÇOU"
"PI";220280;"Conceição do Canindé";"X";;;;;"NÃO ALCANÇOU"
"PI";220285;"Coronel José Dias";"X";;;;;"NÃO ALCANÇOU"
"PI";220290;"Corrente";;15;15;100;100;"ALCANÇOU"
"PI";220300;"Cristalândia do Piauí";"X";;;;;"NÃO ALCANÇOU"
"PI";220310;"Cristino Castro";;5;5;100;100;"ALCANÇOU"
"PI";220320;"Curimatá";;21;22;95,4545454545455;95,5;"ALCANÇOU"
"PI";220323;"Currais";"X";;;;;"NÃO ALCANÇOU"
"PI";220325;"Curralinhos";;11;11;100;100;"ALCANÇOU"
"PI";220327;"Curral Novo do Piauí";"X";;;;;"NÃO ALCANÇOU"
"PI";220330;"Demerval Lobão";"X";;;;;"NÃO ALCANÇOU"
"PI";220335;"Dirceu Arcoverde";"X";;;;;"NÃO ALCANÇOU"
"PI";220340;"Dom Expedito Lopes";;1;1;100;100;"ALCANÇOU"
"PI";220342;"Domingos Mourão";;1;1;100;100;"ALCANÇOU"
"PI";220345;"Dom Inocêncio";;30;31;96,7741935483871;96,8;"ALCANÇOU"
"PI";220350;"Elesbão Veloso";;3;3;100;100;"ALCANÇOU"
"PI";220360;"Eliseu Martins";"X";;;;;"NÃO ALCANÇOU"
"PI";220370;"Esperantina";;8;8;100;100;"ALCANÇOU"
"PI";220375;"Fartura do Piauí";"X";;;;;"NÃO ALCANÇOU"
"PI";220380;"Flores do Piauí";"X";;;;;"NÃO ALCANÇOU"
"PI";220385;"Floresta do Piauí";"X";;;;;"NÃO ALCANÇOU"
"PI";220390;"Floriano";;354;364;97,2527472527473;97,3;"ALCANÇOU"
"PI";220400;"Francinópolis";"X";;;;;"NÃO ALCANÇOU"
"PI";220410;"Francisco Ayres";"X";;;;;"NÃO ALCANÇOU"
"PI";220415;"Francisco Macedo";"X";;;;;"NÃO ALCANÇOU"
"PI";220420;"Francisco Santos";;2;2;100;100;"ALCANÇOU"
"PI";220430;"Fronteiras";;8;8;100;100;"ALCANÇOU"
"PI";220435;"Geminiano";"X";;;;;"NÃO ALCANÇOU"
"PI";220440;"Gilbués";;7;7;100;100;"ALCANÇOU"
"PI";220450;"Guadalupe";;10;12;83,3333333333333;83,3;"NÃO ALCANÇOU"
"PI";220455;"Guaribas";"X";;;;;"NÃO ALCANÇOU"
"PI";220460;"Hugo Napoleão";;1;1;100;100;"ALCANÇOU"
"PI";220465;"Ilha Grande";"X";;;;;"NÃO ALCANÇOU"
"PI";220470;"Inhuma";;12;12;100;100;"ALCANÇOU"
"PI";220480;"Ipiranga do Piauí";;14;14;100;100;"ALCANÇOU"
"PI";220490;"Isaías Coelho";;6;7;85,7142857142857;85,7;"NÃO ALCANÇOU"
"PI";220500;"Itainópolis";;24;24;100;100;"ALCANÇOU"
"PI";220510;"Itaueira";;2;2;100;100;"ALCANÇOU"
"PI";220515;"Jacobina do Piauí";"X";;;;;"NÃO ALCANÇOU"
"PI";220520;"Jaicós";;5;5;100;100;"ALCANÇOU"
"PI";220525;"Jardim do Mulato";"X";;;;;"NÃO ALCANÇOU"
"PI";220527;"Jatobá do Piauí";"X";;;;;"NÃO ALCANÇOU"
"PI";220530;"Jerumenha";"X";;;;;"NÃO ALCANÇOU"
"PI";220535;"João Costa";"X";;;;;"NÃO ALCANÇOU"
"PI";220540;"Joaquim Pires";;1;1;100;100;"ALCANÇOU"
"PI";220545;"Joca Marques";"X";;;;;"NÃO ALCANÇOU"
"PI";220550;"José de Freitas";;87;88;98,8636363636364;98,9;"ALCANÇOU"
"PI";220551;"Juazeiro do Piauí";"X";;;;;"NÃO ALCANÇOU"
"PI";220552;"Júlio Borges";"X";;;;;"NÃO ALCANÇOU"
"PI";220553;"Jurema";;1;1;100;100;"ALCANÇOU"
"PI";220554;"Lagoinha do Piauí";;2;2;100;100;"ALCANÇOU"
"PI";220555;"Lagoa Alegre";;1;1;100;100;"ALCANÇOU"
"PI";220556;"Lagoa do Barro do Piauí";"X";;;;;"NÃO ALCANÇOU"
"PI";220557;"Lagoa de São Francisco";;1;1;100;100;"ALCANÇOU"
"PI";220558;"Lagoa do Piauí";;2;2;100;100;"ALCANÇOU"
"PI";220559;"Lagoa do Sítio";"X";;;;;"NÃO ALCANÇOU"
"PI";220560;"Landri Sales";;2;3;66,6666666666667;66,7;"NÃO ALCANÇOU"
"PI";220570;"Luís Correia";;33;34;97,0588235294118;97,1;"ALCANÇOU"
"PI";220580;"Luzilândia";;7;9;77,7777777777778;77,8;"NÃO ALCANÇOU"
"PI";220585;"Madeiro";"X";;;;;"NÃO ALCANÇOU"
"PI";220590;"Manoel Emídio";"X";;;;;"NÃO ALCANÇOU"
"PI";220595;"Marcolândia";;1;1;100;100;"ALCANÇOU"
"PI";220600;"Marcos Parente";;7;7;100;100;"ALCANÇOU"
"PI";220605;"Massapê do Piauí";;8;8;100;100;"ALCANÇOU"
"PI";220610;"Matias Olímpio";;2;2;100;100;"ALCANÇOU"
"PI";220620;"Miguel Alves";;11;11;100;100;"ALCANÇOU"
"PI";220630;"Miguel Leão";"X";;;;;"NÃO ALCANÇOU"
"PI";220635;"Milton Brandão";;10;10;100;100;"ALCANÇOU"
"PI";220640;"Monsenhor Gil";;7;7;100;100;"ALCANÇOU"
"PI";220650;"Monsenhor Hipólito";"X";;;;;"NÃO ALCANÇOU"
"PI";220660;"Monte Alegre do Piauí";;7;7;100;100;"ALCANÇOU"
"PI";220665;"Morro Cabeça no Tempo";;1;1;100;100;"ALCANÇOU"
"PI";220667;"Morro do Chapéu do Piauí";;2;2;100;100;"ALCANÇOU"
"PI";220669;"Murici dos Portelas";;3;3;100;100;"ALCANÇOU"
"PI";220670;"Nazaré do Piauí";"X";;;;;"NÃO ALCANÇOU"
"PI";220672;"Nazária";;11;11;100;100;"ALCANÇOU"
"PI";220675;"Nossa Senhora de Nazaré";"X";;;;;"NÃO ALCANÇOU"
"PI";220680;"Nossa Senhora dos Remédios";"X";;;;;"NÃO ALCANÇOU"
"PI";220690;"Novo Oriente do Piauí";;8;8;100;100;"ALCANÇOU"
"PI";220695;"Novo Santo Antônio";"X";;;;;"NÃO ALCANÇOU"
"PI";220700;"Oeiras";;91;227;40,0881057268723;40,1;"NÃO ALCANÇOU"
"PI";220710;"Olho DÁgua do Piauí";;1;1;100;100;"ALCANÇOU"
"PI";220720;"Padre Marcos";"X";;;;;"NÃO ALCANÇOU"
"PI";220730;"Paes Landim";;1;1;100;100;"ALCANÇOU"
"PI";220735;"Pajeú do Piauí";;1;1;100;100;"ALCANÇOU"
"PI";220740;"Palmeira do Piauí";"X";;;;;"NÃO ALCANÇOU"
"PI";220750;"Palmeirais";;8;8;100;100;"ALCANÇOU"
"PI";220755;"Paquetá";"X";;;;;"NÃO ALCANÇOU"
"PI";220760;"Parnaguá";;1;1;100;100;"ALCANÇOU"
"PI";220770;"Parnaíba";;334;532;62,781954887218;62,8;"NÃO ALCANÇOU"
"PI";220775;"Passagem Franca do Piauí";"X";;;;;"NÃO ALCANÇOU"
"PI";220777;"Patos do Piauí";"X";;;;;"NÃO ALCANÇOU"
"PI";220779;"Pau DArco do Piauí";"X";;;;;"NÃO ALCANÇOU"
"PI";220780;"Paulistana";;60;61;98,3606557377049;98,4;"ALCANÇOU"
"PI";220785;"Pavussu";;2;2;100;100;"ALCANÇOU"
"PI";220790;"Pedro II";;61;63;96,8253968253968;96,8;"ALCANÇOU"
"PI";220793;"Pedro Laurentino";"X";;;;;"NÃO ALCANÇOU"
"PI";220795;"Nova Santa Rita";"X";;;;;"NÃO ALCANÇOU"
"PI";220800;"Picos";;2018;2029;99,4578610152785;99,5;"ALCANÇOU"
"PI";220810;"Pimenteiras";;30;31;96,7741935483871;96,8;"ALCANÇOU"
"PI";220820;"Pio IX";;31;34;91,1764705882353;91,2;"NÃO ALCANÇOU"
"PI";220830;"Piracuruca";;5;5;100;100;"ALCANÇOU"
"PI";220840;"Piripiri";;206;211;97,6303317535545;97,6;"ALCANÇOU"
"PI";220850;"Porto";;2;2;100;100;"ALCANÇOU"
"PI";220855;"Porto Alegre do Piauí";;4;5;80;80;"NÃO ALCANÇOU"
"PI";220860;"Prata do Piauí";"X";;;;;"NÃO ALCANÇOU"
"PI";220865;"Queimada Nova";"X";;;;;"NÃO ALCANÇOU"
"PI";220870;"Redenção do Gurguéia";;2;2;100;100;"ALCANÇOU"
"PI";220880;"Regeneração";;12;13;92,3076923076923;92,3;"NÃO ALCANÇOU"
"PI";220885;"Riacho Frio";"X";;;;;"NÃO ALCANÇOU"
"PI";220887;"Ribeira do Piauí";;2;2;100;100;"ALCANÇOU"
"PI";220890;"Ribeiro Gonçalves";"X";;;;;"NÃO ALCANÇOU"
"PI";220900;"Rio Grande do Piauí";;22;23;95,6521739130435;95,7;"ALCANÇOU"
"PI";220910;"Santa Cruz do Piauí";;8;8;100;100;"ALCANÇOU"
"PI";220915;"Santa Cruz dos Milagres";"X";;;;;"NÃO ALCANÇOU"
"PI";220920;"Santa Filomena";;6;6;100;100;"ALCANÇOU"
"PI";220930;"Santa Luz";"X";;;;;"NÃO ALCANÇOU"
"PI";220935;"Santana do Piauí";;1;1;100;100;"ALCANÇOU"
"PI";220937;"Santa Rosa do Piauí";"X";;;;;"NÃO ALCANÇOU"
"PI";220940;"Santo Antônio de Lisboa";;2;2;100;100;"ALCANÇOU"
"PI";220945;"Santo Antônio dos Milagres";;0;1;0;0;"NÃO ALCANÇOU"
"PI";220950;"Santo Inácio do Piauí";;1;1;100;100;"ALCANÇOU"
"PI";220955;"São Braz do Piauí";"X";;;;;"NÃO ALCANÇOU"
"PI";220960;"São Félix do Piauí";;1;1;100;100;"ALCANÇOU"
"PI";220965;"São Francisco de Assis do Piauí";"X";;;;;"NÃO ALCANÇOU"
"PI";220970;"São Francisco do Piauí";"X";;;;;"NÃO ALCANÇOU"
"PI";220975;"São Gonçalo do Gurguéia";;1;1;100;100;"ALCANÇOU"
"PI";220980;"São Gonçalo do Piauí";"X";;;;;"NÃO ALCANÇOU"
"PI";220985;"São João da Canabrava";;3;3;100;100;"ALCANÇOU"
"PI";220987;"São João da Fronteira";"X";;;;;"NÃO ALCANÇOU"
"PI";220990;"São João da Serra";;4;4;100;100;"ALCANÇOU"
"PI";220995;"São João da Varjota";"X";;;;;"NÃO ALCANÇOU"
"PI";220997;"São João do Arraial";;4;4;100;100;"ALCANÇOU"
"PI";221000;"São João do Piauí";;43;44;97,7272727272727;97,7;"ALCANÇOU"
"PI";221005;"São José do Divino";;9;11;81,8181818181818;81,8;"NÃO ALCANÇOU"
"PI";221010;"São José do Peixe";"X";;;;;"NÃO ALCANÇOU"
"PI";221020;"São José do Piauí";"X";;;;;"NÃO ALCANÇOU"
"PI";221030;"São Julião";"X";;;;;"NÃO ALCANÇOU"
"PI";221035;"São Lourenço do Piauí";"X";;;;;"NÃO ALCANÇOU"
"PI";221037;"São Luis do Piauí";"X";;;;;"NÃO ALCANÇOU"
"PI";221038;"São Miguel da Baixa Grande";;2;2;100;100;"ALCANÇOU"
"PI";221039;"São Miguel do Fidalgo";"X";;;;;"NÃO ALCANÇOU"
"PI";221040;"São Miguel do Tapuio";;80;83;96,3855421686747;96,4;"ALCANÇOU"
"PI";221050;"São Pedro do Piauí";;36;36;100;100;"ALCANÇOU"
"PI";221060;"São Raimundo Nonato";;35;71;49,2957746478873;49,3;"NÃO ALCANÇOU"
"PI";221062;"Sebastião Barros";"X";;;;;"NÃO ALCANÇOU"
"PI";221063;"Sebastião Leal";"X";;;;;"NÃO ALCANÇOU"
"PI";221065;"Sigefredo Pacheco";;3;4;75;75;"NÃO ALCANÇOU"
"PI";221070;"Simões";;13;13;100;100;"ALCANÇOU"
"PI";221080;"Simplício Mendes";;33;36;91,6666666666667;91,7;"NÃO ALCANÇOU"
"PI";221090;"Socorro do Piauí";"X";;;;;"NÃO ALCANÇOU"
"PI";221093;"Sussuapara";"X";;;;;"NÃO ALCANÇOU"
"PI";221095;"Tamboril do Piauí";"X";;;;;"NÃO ALCANÇOU"
"PI";221097;"Tanque do Piauí";"X";;;;;"NÃO ALCANÇOU"
"PI";221100;"Teresina";;3325;3371;98,6354197567487;98,6;"ALCANÇOU"
"PI";221110;"União";;34;40;85;85;"NÃO ALCANÇOU"
"PI";221120;"Uruçuí";;45;46;97,8260869565217;97,8;"ALCANÇOU"
"PI";221130;"Valença do Piauí";;72;73;98,6301369863014;98,6;"ALCANÇOU"
"PI";221135;"Várzea Branca";;1;1;100;100;"ALCANÇOU"
"PI";221140;"Várzea Grande";"X";;;;;"NÃO ALCANÇOU"
"PI";221150;"Vera Mendes";;2;2;100;100;"ALCANÇOU"
"PI";221160;"Vila Nova do Piauí";;1;1;100;100;"ALCANÇOU"
"PI";221170;"Wall Ferraz";;1;1;100;100;"ALCANÇOU"
"CE";230010;"Abaiara";;9;9;100;100;"ALCANÇOU"
"CE";230015;"Acarape";;16;16;100;100;"ALCANÇOU"
"CE";230020;"Acaraú";;33;33;100;100;"ALCANÇOU"
"CE";230030;"Acopiara";;95;97;97,9381443298969;97,9;"ALCANÇOU"
"CE";230040;"Aiuaba";;17;18;94,4444444444444;94,4;"NÃO ALCANÇOU"
"CE";230050;"Alcântaras";;19;19;100;100;"ALCANÇOU"
"CE";230060;"Altaneira";;32;32;100;100;"ALCANÇOU"
"CE";230070;"Alto Santo";;41;41;100;100;"ALCANÇOU"
"CE";230075;"Amontada";;40;40;100;100;"ALCANÇOU"
"CE";230080;"Antonina do Norte";;16;16;100;100;"ALCANÇOU"
"CE";230090;"Apuiarés";;7;8;87,5;87,5;"NÃO ALCANÇOU"
"CE";230100;"Aquiraz";;102;105;97,1428571428571;97,1;"ALCANÇOU"
"CE";230110;"Aracati";;178;178;100;100;"ALCANÇOU"
"CE";230120;"Aracoiaba";;15;15;100;100;"ALCANÇOU"
"CE";230125;"Ararendá";;32;32;100;100;"ALCANÇOU"
"CE";230130;"Araripe";;17;17;100;100;"ALCANÇOU"
"CE";230140;"Aratuba";;11;11;100;100;"ALCANÇOU"
"CE";230150;"Arneiroz";;9;9;100;100;"ALCANÇOU"
"CE";230160;"Assaré";;16;17;94,1176470588235;94,1;"NÃO ALCANÇOU"
"CE";230170;"Aurora";;29;29;100;100;"ALCANÇOU"
"CE";230180;"Baixio";;17;18;94,4444444444444;94,4;"NÃO ALCANÇOU"
"CE";230185;"Banabuiú";;27;27;100;100;"ALCANÇOU"
"CE";230190;"Barbalha";;590;594;99,3265993265993;99,3;"ALCANÇOU"
"CE";230195;"Barreira";;2;2;100;100;"ALCANÇOU"
"CE";230200;"Barro";;55;55;100;100;"ALCANÇOU"
"CE";230205;"Barroquinha";;34;35;97,1428571428571;97,1;"ALCANÇOU"
"CE";230210;"Baturité";;125;126;99,2063492063492;99,2;"ALCANÇOU"
"CE";230220;"Beberibe";;492;492;100;100;"ALCANÇOU"
"CE";230230;"Bela Cruz";;21;21;100;100;"ALCANÇOU"
"CE";230240;"Boa Viagem";;95;95;100;100;"ALCANÇOU"
"CE";230250;"Brejo Santo";;92;92;100;100;"ALCANÇOU"
"CE";230260;"Camocim";;44;45;97,7777777777778;97,8;"ALCANÇOU"
"CE";230270;"Campos Sales";;19;19;100;100;"ALCANÇOU"
"CE";230280;"Canindé";;193;193;100;100;"ALCANÇOU"
"CE";230290;"Capistrano";;16;16;100;100;"ALCANÇOU"
"CE";230300;"Caridade";;16;16;100;100;"ALCANÇOU"
"CE";230310;"Cariré";;47;47;100;100;"ALCANÇOU"
"CE";230320;"Caririaçu";;21;21;100;100;"ALCANÇOU"
"CE";230330;"Cariús";;64;64;100;100;"ALCANÇOU"
"CE";230340;"Carnaubal";;76;76;100;100;"ALCANÇOU"
"CE";230350;"Cascavel";;92;95;96,8421052631579;96,8;"ALCANÇOU"
"CE";230360;"Catarina";;28;28;100;100;"ALCANÇOU"
"CE";230365;"Catunda";;19;19;100;100;"ALCANÇOU"
"CE";230370;"Caucaia";;394;395;99,746835443038;99,7;"ALCANÇOU"
"CE";230380;"Cedro";;8;8;100;100;"ALCANÇOU"
"CE";230390;"Chaval";;36;37;97,2972972972973;97,3;"ALCANÇOU"
"CE";230393;"Choró";;5;5;100;100;"ALCANÇOU"
"CE";230395;"Chorozinho";;5;5;100;100;"ALCANÇOU"
"CE";230400;"Coreaú";;25;26;96,1538461538462;96,2;"ALCANÇOU"
"CE";230410;"Crateús";;207;207;100;100;"ALCANÇOU"
"CE";230420;"Crato";;302;304;99,3421052631579;99,3;"ALCANÇOU"
"CE";230423;"Croatá";;22;22;100;100;"ALCANÇOU"
"CE";230425;"Cruz";;148;148;100;100;"ALCANÇOU"
"CE";230426;"Deputado Irapuan Pinheiro";;25;25;100;100;"ALCANÇOU"
"CE";230427;"Ererê";;6;6;100;100;"ALCANÇOU"
"CE";230428;"Eusébio";;167;168;99,4047619047619;99,4;"ALCANÇOU"
"CE";230430;"Farias Brito";;58;58;100;100;"ALCANÇOU"
"CE";230435;"Forquilha";;29;29;100;100;"ALCANÇOU"
"CE";230440;"Fortaleza";;12287;14225;86,3760984182777;86,4;"NÃO ALCANÇOU"
"CE";230445;"Fortim";;76;78;97,4358974358974;97,4;"ALCANÇOU"
"CE";230450;"Frecheirinha";;43;43;100;100;"ALCANÇOU"
"CE";230460;"General Sampaio";;5;5;100;100;"ALCANÇOU"
"CE";230465;"Graça";;8;8;100;100;"ALCANÇOU"
"CE";230470;"Granja";;24;24;100;100;"ALCANÇOU"
"CE";230480;"Granjeiro";;9;9;100;100;"ALCANÇOU"
"CE";230490;"Groaíras";;8;8;100;100;"ALCANÇOU"
"CE";230495;"Guaiúba";;17;17;100;100;"ALCANÇOU"
"CE";230500;"Guaraciaba do Norte";;132;132;100;100;"ALCANÇOU"
"CE";230510;"Guaramiranga";;17;17;100;100;"ALCANÇOU"
"CE";230520;"Hidrolândia";;35;41;85,3658536585366;85,4;"NÃO ALCANÇOU"
"CE";230523;"Horizonte";;193;193;100;100;"ALCANÇOU"
"CE";230526;"Ibaretama";;18;18;100;100;"ALCANÇOU"
"CE";230530;"Ibiapina";;16;16;100;100;"ALCANÇOU"
"CE";230533;"Ibicuitinga";;15;15;100;100;"ALCANÇOU"
"CE";230535;"Icapuí";;64;64;100;100;"ALCANÇOU"
"CE";230540;"Icó";;91;91;100;100;"ALCANÇOU"
"CE";230550;"Iguatu";;107;107;100;100;"ALCANÇOU"
"CE";230560;"Independência";;30;30;100;100;"ALCANÇOU"
"CE";230565;"Ipaporanga";;33;33;100;100;"ALCANÇOU"
"CE";230570;"Ipaumirim";;13;13;100;100;"ALCANÇOU"
"CE";230580;"Ipu";;89;89;100;100;"ALCANÇOU"
"CE";230590;"Ipueiras";;15;15;100;100;"ALCANÇOU"
"CE";230600;"Iracema";;29;29;100;100;"ALCANÇOU"
"CE";230610;"Irauçuba";;4;4;100;100;"ALCANÇOU"
"CE";230620;"Itaiçaba";;40;40;100;100;"ALCANÇOU"
"CE";230625;"Itaitinga";;56;56;100;100;"ALCANÇOU"
"CE";230630;"Itapajé";;21;21;100;100;"ALCANÇOU"
"CE";230640;"Itapipoca";;88;88;100;100;"ALCANÇOU"
"CE";230650;"Itapiúna";;11;11;100;100;"ALCANÇOU"
"CE";230655;"Itarema";;15;15;100;100;"ALCANÇOU"
"CE";230660;"Itatira";;6;6;100;100;"ALCANÇOU"
"CE";230670;"Jaguaretama";;26;26;100;100;"ALCANÇOU"
"CE";230680;"Jaguaribara";;14;14;100;100;"ALCANÇOU"
"CE";230690;"Jaguaribe";;106;106;100;100;"ALCANÇOU"
"CE";230700;"Jaguaruana";;75;76;98,6842105263158;98,7;"ALCANÇOU"
"CE";230710;"Jardim";;12;13;92,3076923076923;92,3;"NÃO ALCANÇOU"
"CE";230720;"Jati";;10;10;100;100;"ALCANÇOU"
"CE";230725;"Jijoca de Jericoacoara";;77;77;100;100;"ALCANÇOU"
"CE";230730;"Juazeiro do Norte";;425;477;89,0985324947589;89,1;"NÃO ALCANÇOU"
"CE";230740;"Jucás";;61;61;100;100;"ALCANÇOU"
"CE";230750;"Lavras da Mangabeira";;17;17;100;100;"ALCANÇOU"
"CE";230760;"Limoeiro do Norte";;438;454;96,4757709251101;96,5;"ALCANÇOU"
"CE";230763;"Madalena";;46;46;100;100;"ALCANÇOU"
"CE";230765;"Maracanaú";;683;711;96,0618846694796;96,1;"ALCANÇOU"
"CE";230770;"Maranguape";;290;290;100;100;"ALCANÇOU"
"CE";230780;"Marco";;26;27;96,2962962962963;96,3;"ALCANÇOU"
"CE";230790;"Martinópole";;23;23;100;100;"ALCANÇOU"
"CE";230800;"Massapê";;26;26;100;100;"ALCANÇOU"
"CE";230810;"Mauriti";;186;188;98,936170212766;98,9;"ALCANÇOU"
"CE";230820;"Meruoca";;14;14;100;100;"ALCANÇOU"
"CE";230830;"Milagres";;132;132;100;100;"ALCANÇOU"
"CE";230835;"Milhã";;28;28;100;100;"ALCANÇOU"
"CE";230837;"Miraíma";;4;4;100;100;"ALCANÇOU"
"CE";230840;"Missão Velha";;47;48;97,9166666666667;97,9;"ALCANÇOU"
"CE";230850;"Mombaça";;109;109;100;100;"ALCANÇOU"
"CE";230860;"Monsenhor Tabosa";;22;23;95,6521739130435;95,7;"ALCANÇOU"
"CE";230870;"Morada Nova";;68;68;100;100;"ALCANÇOU"
"CE";230880;"Moraújo";;6;7;85,7142857142857;85,7;"NÃO ALCANÇOU"
"CE";230890;"Morrinhos";;26;26;100;100;"ALCANÇOU"
"CE";230900;"Mucambo";;35;35;100;100;"ALCANÇOU"
"CE";230910;"Mulungu";;15;15;100;100;"ALCANÇOU"
"CE";230920;"Nova Olinda";;5;5;100;100;"ALCANÇOU"
"CE";230930;"Nova Russas";;116;116;100;100;"ALCANÇOU"
"CE";230940;"Novo Oriente";;46;46;100;100;"ALCANÇOU"
"CE";230945;"Ocara";;69;69;100;100;"ALCANÇOU"
"CE";230950;"Orós";;53;53;100;100;"ALCANÇOU"
"CE";230960;"Pacajus";;94;94;100;100;"ALCANÇOU"
"CE";230970;"Pacatuba";;74;74;100;100;"ALCANÇOU"
"CE";230980;"Pacoti";;5;5;100;100;"ALCANÇOU"
"CE";230990;"Pacujá";;3;4;75;75;"NÃO ALCANÇOU"
"CE";231000;"Palhano";;23;23;100;100;"ALCANÇOU"
"CE";231010;"Palmácia";;10;10;100;100;"ALCANÇOU"
"CE";231020;"Paracuru";;77;78;98,7179487179487;98,7;"ALCANÇOU"
"CE";231025;"Paraipaba";;81;81;100;100;"ALCANÇOU"
"CE";231030;"Parambu";;6;6;100;100;"ALCANÇOU"
"CE";231040;"Paramoti";;13;13;100;100;"ALCANÇOU"
"CE";231050;"Pedra Branca";;108;108;100;100;"ALCANÇOU"
"CE";231060;"Penaforte";;7;7;100;100;"ALCANÇOU"
"CE";231070;"Pentecoste";;29;40;72,5;72,5;"NÃO ALCANÇOU"
"CE";231080;"Pereiro";;11;11;100;100;"ALCANÇOU"
"CE";231085;"Pindoretama";;20;20;100;100;"ALCANÇOU"
"CE";231090;"Piquet Carneiro";;34;34;100;100;"ALCANÇOU"
"CE";231095;"Pires Ferreira";;22;23;95,6521739130435;95,7;"ALCANÇOU"
"CE";231100;"Poranga";;25;25;100;100;"ALCANÇOU"
"CE";231110;"Porteiras";;25;25;100;100;"ALCANÇOU"
"CE";231120;"Potengi";;36;36;100;100;"ALCANÇOU"
"CE";231123;"Potiretama";;14;14;100;100;"ALCANÇOU"
"CE";231126;"Quiterianópolis";;29;29;100;100;"ALCANÇOU"
"CE";231130;"Quixadá";;315;315;100;100;"ALCANÇOU"
"CE";231135;"Quixelô";;20;20;100;100;"ALCANÇOU"
"CE";231140;"Quixeramobim";;326;326;100;100;"ALCANÇOU"
"CE";231150;"Quixeré";;180;206;87,378640776699;87,4;"NÃO ALCANÇOU"
"CE";231160;"Redenção";;14;14;100;100;"ALCANÇOU"
"CE";231170;"Reriutaba";;46;46;100;100;"ALCANÇOU"
"CE";231180;"Russas";;166;166;100;100;"ALCANÇOU"
"CE";231190;"Saboeiro";;7;7;100;100;"ALCANÇOU"
"CE";231195;"Salitre";;40;40;100;100;"ALCANÇOU"
"CE";231200;"Santana do Acaraú";;9;9;100;100;"ALCANÇOU"
"CE";231210;"Santana do Cariri";;42;43;97,6744186046512;97,7;"ALCANÇOU"
"CE";231220;"Santa Quitéria";;40;40;100;100;"ALCANÇOU"
"CE";231230;"São Benedito";;179;179;100;100;"ALCANÇOU"
"CE";231240;"São Gonçalo do Amarante";;265;273;97,0695970695971;97,1;"ALCANÇOU"
"CE";231250;"São João do Jaguaribe";;6;6;100;100;"ALCANÇOU"
"CE";231260;"São Luís do Curu";;1;1;100;100;"ALCANÇOU"
"CE";231270;"Senador Pompeu";;32;32;100;100;"ALCANÇOU"
"CE";231280;"Senador Sá";;6;6;100;100;"ALCANÇOU"
"CE";231290;"Sobral";;3062;3071;99,7069358515142;99,7;"ALCANÇOU"
"CE";231300;"Solonópole";;3;3;100;100;"ALCANÇOU"
"CE";231310;"Tabuleiro do Norte";;47;50;94;94;"NÃO ALCANÇOU"
"CE";231320;"Tamboril";;36;36;100;100;"ALCANÇOU"
"CE";231325;"Tarrafas";"X";;;;;"NÃO ALCANÇOU"
"CE";231330;"Tauá";;173;173;100;100;"ALCANÇOU"
"CE";231335;"Tejuçuoca";;39;39;100;100;"ALCANÇOU"
"CE";231340;"Tianguá";;106;112;94,6428571428571;94,6;"ALCANÇOU"
"CE";231350;"Trairi";;67;67;100;100;"ALCANÇOU"
"CE";231355;"Tururu";;9;9;100;100;"ALCANÇOU"
"CE";231360;"Ubajara";;52;52;100;100;"ALCANÇOU"
"CE";231370;"Umari";"X";;;;;"NÃO ALCANÇOU"
"CE";231375;"Umirim";;3;3;100;100;"ALCANÇOU"
"CE";231380;"Uruburetama";;33;33;100;100;"ALCANÇOU"
"CE";231390;"Uruoca";;8;8;100;100;"ALCANÇOU"
"CE";231395;"Varjota";;12;12;100;100;"ALCANÇOU"
"CE";231400;"Várzea Alegre";;96;96;100;100;"ALCANÇOU"
"CE";231410;"Viçosa do Ceará";;26;28;92,8571428571429;92,9;"NÃO ALCANÇOU"
"RN";240010;"Acari";;7;7;100;100;"ALCANÇOU"
"RN";240020;"Açu";;6;6;100;100;"ALCANÇOU"
"RN";240030;"Afonso Bezerra";;13;13;100;100;"ALCANÇOU"
"RN";240040;"Água Nova";"X";;;;;"NÃO ALCANÇOU"
"RN";240050;"Alexandria";"X";;;;;"NÃO ALCANÇOU"
"RN";240060;"Almino Afonso";"X";;;;;"NÃO ALCANÇOU"
"RN";240070;"Alto do Rodrigues";;4;6;66,6666666666667;66,7;"NÃO ALCANÇOU"
"RN";240080;"Angicos";"X";;;;;"NÃO ALCANÇOU"
"RN";240090;"Antônio Martins";"X";;;;;"NÃO ALCANÇOU"
"RN";240100;"Apodi";;1;1;100;100;"ALCANÇOU"
"RN";240110;"Areia Branca";;83;84;98,8095238095238;98,8;"ALCANÇOU"
"RN";240120;"Arês";;3;4;75;75;"NÃO ALCANÇOU"
"RN";240130;"Augusto Severo";;1;1;100;100;"ALCANÇOU"
"RN";240140;"Baía Formosa";;2;3;66,6666666666667;66,7;"NÃO ALCANÇOU"
"RN";240145;"Baraúna";;17;18;94,4444444444444;94,4;"NÃO ALCANÇOU"
"RN";240150;"Barcelona";;2;2;100;100;"ALCANÇOU"
"RN";240160;"Bento Fernandes";;1;1;100;100;"ALCANÇOU"
"RN";240165;"Bodó";;5;5;100;100;"ALCANÇOU"
"RN";240170;"Bom Jesus";;24;28;85,7142857142857;85,7;"NÃO ALCANÇOU"
"RN";240180;"Brejinho";;2;2;100;100;"ALCANÇOU"
"RN";240185;"Caiçara do Norte";;15;16;93,75;93,8;"NÃO ALCANÇOU"
"RN";240190;"Caiçara do Rio do Vento";;10;10;100;100;"ALCANÇOU"
"RN";240200;"Caicó";;185;185;100;100;"ALCANÇOU"
"RN";240210;"Campo Redondo";;10;11;90,9090909090909;90,9;"NÃO ALCANÇOU"
"RN";240220;"Canguaretama";;25;47;53,1914893617021;53,2;"NÃO ALCANÇOU"
"RN";240230;"Caraúbas";;42;57;73,6842105263158;73,7;"NÃO ALCANÇOU"
"RN";240240;"Carnaúba dos Dantas";;19;19;100;100;"ALCANÇOU"
"RN";240250;"Carnaubais";;1;1;100;100;"ALCANÇOU"
"RN";240260;"Ceará-Mirim";;75;89;84,2696629213483;84,3;"NÃO ALCANÇOU"
"RN";240270;"Cerro Corá";;5;5;100;100;"ALCANÇOU"
"RN";240280;"Coronel Ezequiel";;6;6;100;100;"ALCANÇOU"
"RN";240290;"Coronel João Pessoa";;2;2;100;100;"ALCANÇOU"
"RN";240300;"Cruzeta";;10;10;100;100;"ALCANÇOU"
"RN";240310;"Currais Novos";;219;223;98,2062780269058;98,2;"ALCANÇOU"
"RN";240320;"Doutor Severiano";"X";;;;;"NÃO ALCANÇOU"
"RN";240325;"Parnamirim";;583;691;84,370477568741;84,4;"NÃO ALCANÇOU"
"RN";240330;"Encanto";"X";;;;;"NÃO ALCANÇOU"
"RN";240340;"Equador";;23;23;100;100;"ALCANÇOU"
"RN";240350;"Espírito Santo";;4;4;100;100;"ALCANÇOU"
"RN";240360;"Extremoz";;133;133;100;100;"ALCANÇOU"
"RN";240370;"Felipe Guerra";;3;3;100;100;"ALCANÇOU"
"RN";240375;"Fernando Pedroza";;9;9;100;100;"ALCANÇOU"
"RN";240380;"Florânia";;4;4;100;100;"ALCANÇOU"
"RN";240390;"Francisco Dantas";"X";;;;;"NÃO ALCANÇOU"
"RN";240400;"Frutuoso Gomes";;22;22;100;100;"ALCANÇOU"
"RN";240410;"Galinhos";;3;3;100;100;"ALCANÇOU"
"RN";240420;"Goianinha";;97;103;94,1747572815534;94,2;"NÃO ALCANÇOU"
"RN";240430;"Governador Dix-Sept Rosado";;19;19;100;100;"ALCANÇOU"
"RN";240440;"Grossos";;1;1;100;100;"ALCANÇOU"
"RN";240450;"Guamaré";;88;130;67,6923076923077;67,7;"NÃO ALCANÇOU"
"RN";240460;"Ielmo Marinho";;3;4;75;75;"NÃO ALCANÇOU"
"RN";240470;"Ipanguaçu";"X";;;;;"NÃO ALCANÇOU"
"RN";240480;"Ipueira";;12;12;100;100;"ALCANÇOU"
"RN";240485;"Itajá";"X";;;;;"NÃO ALCANÇOU"
"RN";240490;"Itaú";"X";;;;;"NÃO ALCANÇOU"
"RN";240500;"Jaçanã";;1;1;100;100;"ALCANÇOU"
"RN";240510;"Jandaíra";;26;26;100;100;"ALCANÇOU"
"RN";240520;"Janduís";;10;10;100;100;"ALCANÇOU"
"RN";240530;"Januário Cicco";;19;23;82,6086956521739;82,6;"NÃO ALCANÇOU"
"RN";240540;"Japi";;1;1;100;100;"ALCANÇOU"
"RN";240550;"Jardim de Angicos";;1;1;100;100;"ALCANÇOU"
"RN";240560;"Jardim de Piranhas";;41;41;100;100;"ALCANÇOU"
"RN";240570;"Jardim do Seridó";;6;6;100;100;"ALCANÇOU"
"RN";240580;"João Câmara";;51;51;100;100;"ALCANÇOU"
"RN";240590;"João Dias";"X";;;;;"NÃO ALCANÇOU"
"RN";240600;"José da Penha";"X";;;;;"NÃO ALCANÇOU"
"RN";240610;"Jucurutu";;31;31;100;100;"ALCANÇOU"
"RN";240615;"Jundiá";;1;1;100;100;"ALCANÇOU"
"RN";240620;"Lagoa dAnta";;0;2;0;0;"NÃO ALCANÇOU"
"RN";240630;"Lagoa de Pedras";;12;12;100;100;"ALCANÇOU"
"RN";240640;"Lagoa de Velhos";;9;10;90;90;"NÃO ALCANÇOU"
"RN";240650;"Lagoa Nova";;25;25;100;100;"ALCANÇOU"
"RN";240660;"Lagoa Salgada";;3;4;75;75;"NÃO ALCANÇOU"
"RN";240670;"Lajes";;2;2;100;100;"ALCANÇOU"
"RN";240680;"Lajes Pintadas";;2;2;100;100;"ALCANÇOU"
"RN";240690;"Lucrécia";"X";;;;;"NÃO ALCANÇOU"
"RN";240700;"Luís Gomes";"X";;;;;"NÃO ALCANÇOU"
"RN";240710;"Macaíba";;207;215;96,2790697674419;96,3;"ALCANÇOU"
"RN";240720;"Macau";;41;52;78,8461538461538;78,8;"NÃO ALCANÇOU"
"RN";240725;"Major Sales";"X";;;;;"NÃO ALCANÇOU"
"RN";240730;"Marcelino Vieira";"X";;;;;"NÃO ALCANÇOU"
"RN";240740;"Martins";"X";;;;;"NÃO ALCANÇOU"
"RN";240750;"Maxaranguape";;2;2;100;100;"ALCANÇOU"
"RN";240760;"Messias Targino";;9;9;100;100;"ALCANÇOU"
"RN";240770;"Montanhas";"X";;;;;"NÃO ALCANÇOU"
"RN";240780;"Monte Alegre";;1;1;100;100;"ALCANÇOU"
"RN";240790;"Monte das Gameleiras";"X";;;;;"NÃO ALCANÇOU"
"RN";240800;"Mossoró";;731;731;100;100;"ALCANÇOU"
"RN";240810;"Natal";;2582;2961;87,2002701789936;87,2;"NÃO ALCANÇOU"
"RN";240820;"Nísia Floresta";;9;9;100;100;"ALCANÇOU"
"RN";240830;"Nova Cruz";;94;95;98,9473684210526;98,9;"ALCANÇOU"
"RN";240840;"Olho-dÁgua do Borges";;2;2;100;100;"ALCANÇOU"
"RN";240850;"Ouro Branco";;3;3;100;100;"ALCANÇOU"
"RN";240860;"Paraná";"X";;;;;"NÃO ALCANÇOU"
"RN";240870;"Paraú";"X";;;;;"NÃO ALCANÇOU"
"RN";240880;"Parazinho";;11;11;100;100;"ALCANÇOU"
"RN";240890;"Parelhas";;152;152;100;100;"ALCANÇOU"
"RN";240895;"Rio do Fogo";;15;16;93,75;93,8;"NÃO ALCANÇOU"
"RN";240910;"Passa e Fica";;2;2;100;100;"ALCANÇOU"
"RN";240920;"Passagem";;3;3;100;100;"ALCANÇOU"
"RN";240930;"Patu";;1;1;100;100;"ALCANÇOU"
"RN";240933;"Santa Maria";;3;3;100;100;"ALCANÇOU"
"RN";240940;"Pau dos Ferros";;44;48;91,6666666666667;91,7;"NÃO ALCANÇOU"
"RN";240950;"Pedra Grande";"X";;;;;"NÃO ALCANÇOU"
"RN";240960;"Pedra Preta";;1;1;100;100;"ALCANÇOU"
"RN";240970;"Pedro Avelino";;31;31;100;100;"ALCANÇOU"
"RN";240980;"Pedro Velho";;15;16;93,75;93,8;"NÃO ALCANÇOU"
"RN";240990;"Pendências";;14;19;73,6842105263158;73,7;"NÃO ALCANÇOU"
"RN";241000;"Pilões";;2;2;100;100;"ALCANÇOU"
"RN";241010;"Poço Branco";;4;4;100;100;"ALCANÇOU"
"RN";241020;"Portalegre";;8;8;100;100;"ALCANÇOU"
"RN";241025;"Porto do Mangue";;3;3;100;100;"ALCANÇOU"
"RN";241030;"Serra Caiada";;1;1;100;100;"ALCANÇOU"
"RN";241040;"Pureza";;7;7;100;100;"ALCANÇOU"
"RN";241050;"Rafael Fernandes";;1;1;100;100;"ALCANÇOU"
"RN";241060;"Rafael Godeiro";"X";;;;;"NÃO ALCANÇOU"
"RN";241070;"Riacho da Cruz";"X";;;;;"NÃO ALCANÇOU"
"RN";241080;"Riacho de Santana";"X";;;;;"NÃO ALCANÇOU"
"RN";241090;"Riachuelo";;11;11;100;100;"ALCANÇOU"
"RN";241100;"Rodolfo Fernandes";;2;2;100;100;"ALCANÇOU"
"RN";241105;"Tibau";;8;10;80;80;"NÃO ALCANÇOU"
"RN";241110;"Ruy Barbosa";"X";;;;;"NÃO ALCANÇOU"
"RN";241120;"Santa Cruz";;66;111;59,4594594594595;59,5;"NÃO ALCANÇOU"
"RN";241140;"Santana do Matos";;4;4;100;100;"ALCANÇOU"
"RN";241142;"Santana do Seridó";;8;8;100;100;"ALCANÇOU"
"RN";241150;"Santo Antônio";;140;140;100;100;"ALCANÇOU"
"RN";241160;"São Bento do Norte";;3;3;100;100;"ALCANÇOU"
"RN";241170;"São Bento do Trairí";;2;2;100;100;"ALCANÇOU"
"RN";241180;"São Fernando";;2;2;100;100;"ALCANÇOU"
"RN";241190;"São Francisco do Oeste";;1;1;100;100;"ALCANÇOU"
"RN";241200;"São Gonçalo do Amarante";;20;31;64,5161290322581;64,5;"NÃO ALCANÇOU"
"RN";241210;"São João do Sabugi";"X";;;;;"NÃO ALCANÇOU"
"RN";241220;"São José de Mipibu";;63;107;58,8785046728972;58,9;"NÃO ALCANÇOU"
"RN";241230;"São José do Campestre";;30;31;96,7741935483871;96,8;"ALCANÇOU"
"RN";241240;"São José do Seridó";;8;8;100;100;"ALCANÇOU"
"RN";241250;"São Miguel";;0;1;0;0;"NÃO ALCANÇOU"
"RN";241255;"São Miguel do Gostoso";"X";;;;;"NÃO ALCANÇOU"
"RN";241260;"São Paulo do Potengi";;24;26;92,3076923076923;92,3;"NÃO ALCANÇOU"
"RN";241270;"São Pedro";"X";;;;;"NÃO ALCANÇOU"
"RN";241280;"São Rafael";;8;8;100;100;"ALCANÇOU"
"RN";241290;"São Tomé";;10;10;100;100;"ALCANÇOU"
"RN";241300;"São Vicente";;13;13;100;100;"ALCANÇOU"
"RN";241310;"Senador Elói de Souza";;21;21;100;100;"ALCANÇOU"
"RN";241320;"Senador Georgino Avelino";;1;1;100;100;"ALCANÇOU"
"RN";241330;"Serra de São Bento";;2;2;100;100;"ALCANÇOU"
"RN";241335;"Serra do Mel";;13;14;92,8571428571429;92,9;"NÃO ALCANÇOU"
"RN";241340;"Serra Negra do Norte";;2;2;100;100;"ALCANÇOU"
"RN";241350;"Serrinha";;2;2;100;100;"ALCANÇOU"
"RN";241355;"Serrinha dos Pintos";;3;3;100;100;"ALCANÇOU"
"RN";241360;"Severiano Melo";;1;1;100;100;"ALCANÇOU"
"RN";241370;"Sítio Novo";;4;4;100;100;"ALCANÇOU"
"RN";241380;"Taboleiro Grande";;1;1;100;100;"ALCANÇOU"
"RN";241390;"Taipu";;8;8;100;100;"ALCANÇOU"
"RN";241400;"Tangará";;37;37;100;100;"ALCANÇOU"
"RN";241410;"Tenente Ananias";"X";;;;;"NÃO ALCANÇOU"
"RN";241415;"Tenente Laurentino Cruz";"X";;;;;"NÃO ALCANÇOU"
"RN";241420;"Tibau do Sul";;8;8;100;100;"ALCANÇOU"
"RN";241430;"Timbaúba dos Batistas";;1;1;100;100;"ALCANÇOU"
"RN";241440;"Touros";;37;39;94,8717948717949;94,9;"ALCANÇOU"
"RN";241445;"Triunfo Potiguar";;2;2;100;100;"ALCANÇOU"
"RN";241450;"Umarizal";;3;4;75;75;"NÃO ALCANÇOU"
"RN";241460;"Upanema";;13;13;100;100;"ALCANÇOU"
"RN";241470;"Várzea";"X";;;;;"NÃO ALCANÇOU"
"RN";241475;"Venha-Ver";"X";;;;;"NÃO ALCANÇOU"
"RN";241480;"Vera Cruz";"X";;;;;"NÃO ALCANÇOU"
"RN";241490;"Viçosa";"X";;;;;"NÃO ALCANÇOU"
"RN";241500;"Vila Flor";;3;3;100;100;"ALCANÇOU"
"PB";250010;"Água Branca";;22;22;100;100;"ALCANÇOU"
"PB";250020;"Aguiar";;3;3;100;100;"ALCANÇOU"
"PB";250030;"Alagoa Grande";;145;145;100;100;"ALCANÇOU"
"PB";250040;"Alagoa Nova";;15;15;100;100;"ALCANÇOU"
"PB";250050;"Alagoinha";;1;1;100;100;"ALCANÇOU"
"PB";250053;"Alcantil";"X";;;;;"NÃO ALCANÇOU"
"PB";250057;"Algodão de Jandaíra";;5;5;100;100;"ALCANÇOU"
"PB";250060;"Alhandra";;43;43;100;100;"ALCANÇOU"
"PB";250070;"São João do Rio do Peixe";;1;1;100;100;"ALCANÇOU"
"PB";250073;"Amparo";;2;2;100;100;"ALCANÇOU"
"PB";250077;"Aparecida";;1;1;100;100;"ALCANÇOU"
"PB";250080;"Araçagi";;1;1;100;100;"ALCANÇOU"
"PB";250090;"Arara";;6;6;100;100;"ALCANÇOU"
"PB";250100;"Araruna";;7;7;100;100;"ALCANÇOU"
"PB";250110;"Areia";"X";;;;;"NÃO ALCANÇOU"
"PB";250115;"Areia de Baraúnas";"X";;;;;"NÃO ALCANÇOU"
"PB";250120;"Areial";;9;9;100;100;"ALCANÇOU"
"PB";250130;"Aroeiras";;8;8;100;100;"ALCANÇOU"
"PB";250135;"Assunção";;2;2;100;100;"ALCANÇOU"
"PB";250140;"Baía da Traição";;26;26;100;100;"ALCANÇOU"
"PB";250150;"Bananeiras";;12;12;100;100;"ALCANÇOU"
"PB";250153;"Baraúna";;6;6;100;100;"ALCANÇOU"
"PB";250157;"Barra de Santana";"X";;;;;"NÃO ALCANÇOU"
"PB";250160;"Barra de Santa Rosa";;21;21;100;100;"ALCANÇOU"
"PB";250170;"Barra de São Miguel";;2;2;100;100;"ALCANÇOU"
"PB";250180;"Bayeux";;24;24;100;100;"ALCANÇOU"
"PB";250190;"Belém";;4;4;100;100;"ALCANÇOU"
"PB";250200;"Belém do Brejo do Cruz";;6;6;100;100;"ALCANÇOU"
"PB";250205;"Bernardino Batista";;1;1;100;100;"ALCANÇOU"
"PB";250210;"Boa Ventura";;2;2;100;100;"ALCANÇOU"
"PB";250215;"Boa Vista";;3;3;100;100;"ALCANÇOU"
"PB";250220;"Bom Jesus";;8;8;100;100;"ALCANÇOU"
"PB";250230;"Bom Sucesso";"X";;;;;"NÃO ALCANÇOU"
"PB";250240;"Bonito de Santa Fé";;3;3;100;100;"ALCANÇOU"
"PB";250250;"Boqueirão";;19;19;100;100;"ALCANÇOU"
"PB";250260;"Igaracy";;1;1;100;100;"ALCANÇOU"
"PB";250270;"Borborema";;2;2;100;100;"ALCANÇOU"
"PB";250280;"Brejo do Cruz";;10;10;100;100;"ALCANÇOU"
"PB";250290;"Brejo dos Santos";"X";;;;;"NÃO ALCANÇOU"
"PB";250300;"Caaporã";;1;1;100;100;"ALCANÇOU"
"PB";250310;"Cabaceiras";;1;1;100;100;"ALCANÇOU"
"PB";250320;"Cabedelo";;107;107;100;100;"ALCANÇOU"
"PB";250330;"Cachoeira dos Índios";;3;3;100;100;"ALCANÇOU"
"PB";250340;"Cacimba de Areia";;1;1;100;100;"ALCANÇOU"
"PB";250350;"Cacimba de Dentro";;4;4;100;100;"ALCANÇOU"
"PB";250355;"Cacimbas";"X";;;;;"NÃO ALCANÇOU"
"PB";250360;"Caiçara";"X";;;;;"NÃO ALCANÇOU"
"PB";250370;"Cajazeiras";;360;360;100;100;"ALCANÇOU"
"PB";250375;"Cajazeirinhas";;1;1;100;100;"ALCANÇOU"
"PB";250380;"Caldas Brandão";;3;3;100;100;"ALCANÇOU"
"PB";250390;"Camalaú";;3;3;100;100;"ALCANÇOU"
"PB";250400;"Campina Grande";;1586;1599;99,1869918699187;99,2;"ALCANÇOU"
"PB";250403;"Capim";"X";;;;;"NÃO ALCANÇOU"
"PB";250407;"Caraúbas";;1;1;100;100;"ALCANÇOU"
"PB";250410;"Carrapateira";;1;1;100;100;"ALCANÇOU"
"PB";250415;"Casserengue";;2;2;100;100;"ALCANÇOU"
"PB";250420;"Catingueira";;8;8;100;100;"ALCANÇOU"
"PB";250430;"Catolé do Rocha";;28;28;100;100;"ALCANÇOU"
"PB";250435;"Caturité";;3;3;100;100;"ALCANÇOU"
"PB";250440;"Conceição";;46;46;100;100;"ALCANÇOU"
"PB";250450;"Condado";"X";;;;;"NÃO ALCANÇOU"
"PB";250460;"Conde";;17;17;100;100;"ALCANÇOU"
"PB";250470;"Congo";;3;3;100;100;"ALCANÇOU"
"PB";250480;"Coremas";;18;18;100;100;"ALCANÇOU"
"PB";250485;"Coxixola";"X";;;;;"NÃO ALCANÇOU"
"PB";250490;"Cruz do Espírito Santo";;1;1;100;100;"ALCANÇOU"
"PB";250500;"Cubati";;5;5;100;100;"ALCANÇOU"
"PB";250510;"Cuité";;33;33;100;100;"ALCANÇOU"
"PB";250520;"Cuitegi";"X";;;;;"NÃO ALCANÇOU"
"PB";250523;"Cuité de Mamanguape";;1;1;100;100;"ALCANÇOU"
"PB";250527;"Curral de Cima";"X";;;;;"NÃO ALCANÇOU"
"PB";250530;"Curral Velho";;1;1;100;100;"ALCANÇOU"
"PB";250535;"Damião";"X";;;;;"NÃO ALCANÇOU"
"PB";250540;"Desterro";;2;2;100;100;"ALCANÇOU"
"PB";250550;"Vista Serrana";;1;1;100;100;"ALCANÇOU"
"PB";250560;"Diamante";"X";;;;;"NÃO ALCANÇOU"
"PB";250570;"Dona Inês";;26;26;100;100;"ALCANÇOU"
"PB";250580;"Duas Estradas";;7;7;100;100;"ALCANÇOU"
"PB";250590;"Emas";"X";;;;;"NÃO ALCANÇOU"
"PB";250600;"Esperança";;303;303;100;100;"ALCANÇOU"
"PB";250610;"Fagundes";;6;6;100;100;"ALCANÇOU"
"PB";250620;"Frei Martinho";;2;2;100;100;"ALCANÇOU"
"PB";250625;"Gado Bravo";;1;1;100;100;"ALCANÇOU"
"PB";250630;"Guarabira";;154;154;100;100;"ALCANÇOU"
"PB";250640;"Gurinhém";;2;2;100;100;"ALCANÇOU"
"PB";250650;"Gurjão";;1;1;100;100;"ALCANÇOU"
"PB";250660;"Ibiara";"X";;;;;"NÃO ALCANÇOU"
"PB";250670;"Imaculada";;2;2;100;100;"ALCANÇOU"
"PB";250680;"Ingá";;4;4;100;100;"ALCANÇOU"
"PB";250690;"Itabaiana";;61;61;100;100;"ALCANÇOU"
"PB";250700;"Itaporanga";;74;75;98,6666666666667;98,7;"ALCANÇOU"
"PB";250710;"Itapororoca";;2;2;100;100;"ALCANÇOU"
"PB";250720;"Itatuba";;5;5;100;100;"ALCANÇOU"
"PB";250730;"Jacaraú";;2;2;100;100;"ALCANÇOU"
"PB";250740;"Jericó";;7;7;100;100;"ALCANÇOU"
"PB";250750;"João Pessoa";;3590;3591;99,9721526037315;100;"ALCANÇOU"
"PB";250760;"Juarez Távora";"X";;;;;"NÃO ALCANÇOU"
"PB";250770;"Juazeirinho";;2;2;100;100;"ALCANÇOU"
"PB";250780;"Junco do Seridó";;3;3;100;100;"ALCANÇOU"
"PB";250790;"Juripiranga";;2;2;100;100;"ALCANÇOU"
"PB";250800;"Juru";;17;17;100;100;"ALCANÇOU"
"PB";250810;"Lagoa";;1;1;100;100;"ALCANÇOU"
"PB";250820;"Lagoa de Dentro";;3;3;100;100;"ALCANÇOU"
"PB";250830;"Lagoa Seca";;3;3;100;100;"ALCANÇOU"
"PB";250840;"Lastro";;1;1;100;100;"ALCANÇOU"
"PB";250850;"Livramento";"X";;;;;"NÃO ALCANÇOU"
"PB";250855;"Logradouro";;2;2;100;100;"ALCANÇOU"
"PB";250860;"Lucena";;5;5;100;100;"ALCANÇOU"
"PB";250870;"Mãe dÁgua";"X";;;;;"NÃO ALCANÇOU"
"PB";250880;"Malta";;1;1;100;100;"ALCANÇOU"
"PB";250890;"Mamanguape";;20;20;100;100;"ALCANÇOU"
"PB";250900;"Manaíra";;7;7;100;100;"ALCANÇOU"
"PB";250905;"Marcação";;3;3;100;100;"ALCANÇOU"
"PB";250910;"Mari";"X";;;;;"NÃO ALCANÇOU"
"PB";250915;"Marizópolis";"X";;;;;"NÃO ALCANÇOU"
"PB";250920;"Massaranduba";;12;12;100;100;"ALCANÇOU"
"PB";250930;"Mataraca";;1;1;100;100;"ALCANÇOU"
"PB";250933;"Matinhas";"X";;;;;"NÃO ALCANÇOU"
"PB";250937;"Mato Grosso";"X";;;;;"NÃO ALCANÇOU"
"PB";250939;"Maturéia";;2;2;100;100;"ALCANÇOU"
"PB";250940;"Mogeiro";;1;1;100;100;"ALCANÇOU"
"PB";250950;"Montadas";;1;1;100;100;"ALCANÇOU"
"PB";250960;"Monte Horebe";;5;5;100;100;"ALCANÇOU"
"PB";250970;"Monteiro";;122;122;100;100;"ALCANÇOU"
"PB";250980;"Mulungu";;4;4;100;100;"ALCANÇOU"
"PB";250990;"Natuba";;29;29;100;100;"ALCANÇOU"
"PB";251000;"Nazarezinho";;8;8;100;100;"ALCANÇOU"
"PB";251010;"Nova Floresta";;17;17;100;100;"ALCANÇOU"
"PB";251020;"Nova Olinda";;1;1;100;100;"ALCANÇOU"
"PB";251030;"Nova Palmeira";;4;4;100;100;"ALCANÇOU"
"PB";251040;"Olho dÁgua";;1;1;100;100;"ALCANÇOU"
"PB";251050;"Olivedos";;4;4;100;100;"ALCANÇOU"
"PB";251060;"Ouro Velho";;8;8;100;100;"ALCANÇOU"
"PB";251065;"Parari";"X";;;;;"NÃO ALCANÇOU"
"PB";251070;"Passagem";"X";;;;;"NÃO ALCANÇOU"
"PB";251080;"Patos";;534;534;100;100;"ALCANÇOU"
"PB";251090;"Paulista";;8;8;100;100;"ALCANÇOU"
"PB";251100;"Pedra Branca";"X";;;;;"NÃO ALCANÇOU"
"PB";251110;"Pedra Lavrada";;8;8;100;100;"ALCANÇOU"
"PB";251120;"Pedras de Fogo";;70;70;100;100;"ALCANÇOU"
"PB";251130;"Piancó";;65;65;100;100;"ALCANÇOU"
"PB";251140;"Picuí";;61;61;100;100;"ALCANÇOU"
"PB";251150;"Pilar";;4;4;100;100;"ALCANÇOU"
"PB";251160;"Pilões";;2;2;100;100;"ALCANÇOU"
"PB";251170;"Pilõezinhos";;2;2;100;100;"ALCANÇOU"
"PB";251180;"Pirpirituba";"X";;;;;"NÃO ALCANÇOU"
"PB";251190;"Pitimbu";;9;9;100;100;"ALCANÇOU"
"PB";251200;"Pocinhos";;20;20;100;100;"ALCANÇOU"
"PB";251203;"Poço Dantas";"X";;;;;"NÃO ALCANÇOU"
"PB";251207;"Poço de José de Moura";;4;4;100;100;"ALCANÇOU"
"PB";251210;"Pombal";;87;87;100;100;"ALCANÇOU"
"PB";251220;"Prata";"X";;;;;"NÃO ALCANÇOU"
"PB";251230;"Princesa Isabel";;67;67;100;100;"ALCANÇOU"
"PB";251240;"Puxinanã";;5;5;100;100;"ALCANÇOU"
"PB";251250;"Queimadas";;258;258;100;100;"ALCANÇOU"
"PB";251260;"Quixaba";;1;1;100;100;"ALCANÇOU"
"PB";251270;"Remígio";;1;1;100;100;"ALCANÇOU"
"PB";251272;"Pedro Régis";;3;3;100;100;"ALCANÇOU"
"PB";251274;"Riachão";"X";;;;;"NÃO ALCANÇOU"
"PB";251275;"Riachão do Bacamarte";;6;6;100;100;"ALCANÇOU"
"PB";251276;"Riachão do Poço";"X";;;;;"NÃO ALCANÇOU"
"PB";251278;"Riacho de Santo Antônio";;5;5;100;100;"ALCANÇOU"
"PB";251280;"Riacho dos Cavalos";;3;3;100;100;"ALCANÇOU"
"PB";251290;"Rio Tinto";;13;13;100;100;"ALCANÇOU"
"PB";251300;"Salgadinho";"X";;;;;"NÃO ALCANÇOU"
"PB";251310;"Salgado de São Félix";;1;1;100;100;"ALCANÇOU"
"PB";251315;"Santa Cecília";;3;3;100;100;"ALCANÇOU"
"PB";251320;"Santa Cruz";;10;10;100;100;"ALCANÇOU"
"PB";251330;"Santa Helena";"X";;;;;"NÃO ALCANÇOU"
"PB";251335;"Santa Inês";;3;3;100;100;"ALCANÇOU"
"PB";251340;"Santa Luzia";;35;35;100;100;"ALCANÇOU"
"PB";251350;"Santana de Mangueira";;1;1;100;100;"ALCANÇOU"
"PB";251360;"Santana dos Garrotes";;1;1;100;100;"ALCANÇOU"
"PB";251365;"Joca Claudino";"X";;;;;"NÃO ALCANÇOU"
"PB";251370;"Santa Rita";;120;120;100;100;"ALCANÇOU"
"PB";251380;"Santa Teresinha";"X";;;;;"NÃO ALCANÇOU"
"PB";251385;"Santo André";;1;1;100;100;"ALCANÇOU"
"PB";251390;"São Bento";;56;56;100;100;"ALCANÇOU"
"PB";251392;"São Bentinho";;1;1;100;100;"ALCANÇOU"
"PB";251394;"São Domingos do Cariri";"X";;;;;"NÃO ALCANÇOU"
"PB";251396;"São Domingos";;1;1;100;100;"ALCANÇOU"
"PB";251398;"São Francisco";;5;5;100;100;"ALCANÇOU"
"PB";251400;"São João do Cariri";"X";;;;;"NÃO ALCANÇOU"
"PB";251410;"São João do Tigre";;4;4;100;100;"ALCANÇOU"
"PB";251420;"São José da Lagoa Tapada";"X";;;;;"NÃO ALCANÇOU"
"PB";251430;"São José de Caiana";;3;3;100;100;"ALCANÇOU"
"PB";251440;"São José de Espinharas";;7;7;100;100;"ALCANÇOU"
"PB";251445;"São José dos Ramos";;2;2;100;100;"ALCANÇOU"
"PB";251450;"São José de Piranhas";;13;13;100;100;"ALCANÇOU"
"PB";251455;"São José de Princesa";;1;1;100;100;"ALCANÇOU"
"PB";251460;"São José do Bonfim";;1;1;100;100;"ALCANÇOU"
"PB";251465;"São José do Brejo do Cruz";;2;2;100;100;"ALCANÇOU"
"PB";251470;"São José do Sabugi";;5;5;100;100;"ALCANÇOU"
"PB";251480;"São José dos Cordeiros";"X";;;;;"NÃO ALCANÇOU"
"PB";251490;"São Mamede";"X";;;;;"NÃO ALCANÇOU"
"PB";251500;"São Miguel de Taipu";;2;2;100;100;"ALCANÇOU"
"PB";251510;"São Sebastião de Lagoa de Roça";;5;5;100;100;"ALCANÇOU"
"PB";251520;"São Sebastião do Umbuzeiro";;2;2;100;100;"ALCANÇOU"
"PB";251530;"Sapé";;7;7;100;100;"ALCANÇOU"
"PB";251540;"São Vicente do Seridó";;4;4;100;100;"ALCANÇOU"
"PB";251550;"Serra Branca";;2;2;100;100;"ALCANÇOU"
"PB";251560;"Serra da Raiz";;2;2;100;100;"ALCANÇOU"
"PB";251570;"Serra Grande";;1;1;100;100;"ALCANÇOU"
"PB";251580;"Serra Redonda";;2;2;100;100;"ALCANÇOU"
"PB";251590;"Serraria";;5;5;100;100;"ALCANÇOU"
"PB";251593;"Sertãozinho";;1;1;100;100;"ALCANÇOU"
"PB";251597;"Sobrado";"X";;;;;"NÃO ALCANÇOU"
"PB";251600;"Solânea";;56;56;100;100;"ALCANÇOU"
"PB";251610;"Soledade";;12;12;100;100;"ALCANÇOU"
"PB";251615;"Sossêgo";;4;4;100;100;"ALCANÇOU"
"PB";251620;"Sousa";"X";;;;;"NÃO ALCANÇOU"
"PB";251630;"Sumé";;57;57;100;100;"ALCANÇOU"
"PB";251640;"Tacima";;24;24;100;100;"ALCANÇOU"
"PB";251650;"Taperoá";;9;9;100;100;"ALCANÇOU"
"PB";251660;"Tavares";;21;21;100;100;"ALCANÇOU"
"PB";251670;"Teixeira";;20;20;100;100;"ALCANÇOU"
"PB";251675;"Tenório";;2;2;100;100;"ALCANÇOU"
"PB";251680;"Triunfo";;3;3;100;100;"ALCANÇOU"
"PB";251690;"Uiraúna";;2;2;100;100;"ALCANÇOU"
"PB";251700;"Umbuzeiro";;24;24;100;100;"ALCANÇOU"
"PB";251710;"Várzea";;3;3;100;100;"ALCANÇOU"
"PB";251720;"Vieirópolis";;3;3;100;100;"ALCANÇOU"
"PB";251740;"Zabelê";"X";;;;;"NÃO ALCANÇOU"
"PE";260005;"Abreu e Lima";;7;7;100;100;"ALCANÇOU"
"PE";260010;"Afogados da Ingazeira";;206;207;99,5169082125604;99,5;"ALCANÇOU"
"PE";260020;"Afrânio";;77;78;98,7179487179487;98,7;"ALCANÇOU"
"PE";260030;"Agrestina";;9;10;90;90;"NÃO ALCANÇOU"
"PE";260040;"Água Preta";"X";;;;;"NÃO ALCANÇOU"
"PE";260050;"Águas Belas";;77;79;97,4683544303797;97,5;"ALCANÇOU"
"PE";260060;"Alagoinha";;54;54;100;100;"ALCANÇOU"
"PE";260070;"Aliança";;73;73;100;100;"ALCANÇOU"
"PE";260080;"Altinho";;73;74;98,6486486486486;98,6;"ALCANÇOU"
"PE";260090;"Amaraji";;3;3;100;100;"ALCANÇOU"
"PE";260100;"Angelim";;11;12;91,6666666666667;91,7;"NÃO ALCANÇOU"
"PE";260105;"Araçoiaba";;15;16;93,75;93,8;"NÃO ALCANÇOU"
"PE";260110;"Araripina";;146;147;99,3197278911565;99,3;"ALCANÇOU"
"PE";260120;"Arcoverde";;944;949;99,4731296101159;99,5;"ALCANÇOU"
"PE";260130;"Barra de Guabiraba";;38;39;97,4358974358974;97,4;"ALCANÇOU"
"PE";260140;"Barreiros";;2;2;100;100;"ALCANÇOU"
"PE";260150;"Belém de Maria";"X";;;;;"NÃO ALCANÇOU"
"PE";260160;"Belém do São Francisco";;32;32;100;100;"ALCANÇOU"
"PE";260170;"Belo Jardim";;438;441;99,3197278911565;99,3;"ALCANÇOU"
"PE";260180;"Betânia";;4;4;100;100;"ALCANÇOU"
"PE";260190;"Bezerros";;32;33;96,969696969697;97;"ALCANÇOU"
"PE";260200;"Bodocó";;122;123;99,1869918699187;99,2;"ALCANÇOU"
"PE";260210;"Bom Conselho";;65;67;97,0149253731343;97;"ALCANÇOU"
"PE";260220;"Bom Jardim";;9;9;100;100;"ALCANÇOU"
"PE";260230;"Bonito";;2;2;100;100;"ALCANÇOU"
"PE";260240;"Brejão";;6;6;100;100;"ALCANÇOU"
"PE";260250;"Brejinho";;32;32;100;100;"ALCANÇOU"
"PE";260260;"Brejo da Madre de Deus";;57;58;98,2758620689655;98,3;"ALCANÇOU"
"PE";260270;"Buenos Aires";;5;5;100;100;"ALCANÇOU"
"PE";260280;"Buíque";;97;98;98,9795918367347;99;"ALCANÇOU"
"PE";260290;"Cabo de Santo Agostinho";;803;806;99,6277915632754;99,6;"ALCANÇOU"
"PE";260300;"Cabrobó";;93;93;100;100;"ALCANÇOU"
"PE";260310;"Cachoeirinha";;77;92;83,695652173913;83,7;"NÃO ALCANÇOU"
"PE";260320;"Caetés";;13;13;100;100;"ALCANÇOU"
"PE";260330;"Calçado";;12;12;100;100;"ALCANÇOU"
"PE";260340;"Calumbi";;2;2;100;100;"ALCANÇOU"
"PE";260345;"Camaragibe";;101;102;99,0196078431373;99;"ALCANÇOU"
"PE";260350;"Camocim de São Félix";;5;5;100;100;"ALCANÇOU"
"PE";260360;"Camutanga";;36;36;100;100;"ALCANÇOU"
"PE";260370;"Canhotinho";;2;2;100;100;"ALCANÇOU"
"PE";260380;"Capoeiras";;27;27;100;100;"ALCANÇOU"
"PE";260390;"Carnaíba";;54;54;100;100;"ALCANÇOU"
"PE";260392;"Carnaubeira da Penha";;16;16;100;100;"ALCANÇOU"
"PE";260400;"Carpina";;17;17;100;100;"ALCANÇOU"
"PE";260410;"Caruaru";;1700;1705;99,7067448680352;99,7;"ALCANÇOU"
"PE";260415;"Casinhas";;21;21;100;100;"ALCANÇOU"
"PE";260420;"Catende";;32;32;100;100;"ALCANÇOU"
"PE";260430;"Cedro";;49;49;100;100;"ALCANÇOU"
"PE";260440;"Chã de Alegria";;13;13;100;100;"ALCANÇOU"
"PE";260450;"Chã Grande";;61;61;100;100;"ALCANÇOU"
"PE";260460;"Condado";;91;95;95,7894736842105;95,8;"ALCANÇOU"
"PE";260470;"Correntes";;8;8;100;100;"ALCANÇOU"
"PE";260480;"Cortês";;2;2;100;100;"ALCANÇOU"
"PE";260490;"Cumaru";;4;4;100;100;"ALCANÇOU"
"PE";260500;"Cupira";;44;44;100;100;"ALCANÇOU"
"PE";260510;"Custódia";;150;152;98,6842105263158;98,7;"ALCANÇOU"
"PE";260515;"Dormentes";;33;33;100;100;"ALCANÇOU"
"PE";260520;"Escada";;27;27;100;100;"ALCANÇOU"
"PE";260530;"Exu";;166;171;97,0760233918129;97,1;"ALCANÇOU"
"PE";260540;"Feira Nova";;62;62;100;100;"ALCANÇOU"
"PE";260550;"Ferreiros";;24;24;100;100;"ALCANÇOU"
"PE";260560;"Flores";;31;31;100;100;"ALCANÇOU"
"PE";260570;"Floresta";;84;84;100;100;"ALCANÇOU"
"PE";260580;"Frei Miguelinho";;9;9;100;100;"ALCANÇOU"
"PE";260590;"Gameleira";;23;23;100;100;"ALCANÇOU"
"PE";260600;"Garanhuns";;546;573;95,2879581151832;95,3;"ALCANÇOU"
"PE";260610;"Glória do Goitá";;36;36;100;100;"ALCANÇOU"
"PE";260620;"Goiana";;269;269;100;100;"ALCANÇOU"
"PE";260630;"Granito";;14;14;100;100;"ALCANÇOU"
"PE";260640;"Gravatá";;502;502;100;100;"ALCANÇOU"
"PE";260650;"Iati";;12;12;100;100;"ALCANÇOU"
"PE";260660;"Ibimirim";;19;19;100;100;"ALCANÇOU"
"PE";260670;"Ibirajuba";;2;2;100;100;"ALCANÇOU"
"PE";260680;"Igarassu";;231;231;100;100;"ALCANÇOU"
"PE";260690;"Iguaracy";;9;9;100;100;"ALCANÇOU"
"PE";260700;"Inajá";;47;47;100;100;"ALCANÇOU"
"PE";260710;"Ingazeira";;3;3;100;100;"ALCANÇOU"
"PE";260720;"Ipojuca";;409;410;99,7560975609756;99,8;"ALCANÇOU"
"PE";260730;"Ipubi";;29;29;100;100;"ALCANÇOU"
"PE";260740;"Itacuruba";;44;44;100;100;"ALCANÇOU"
"PE";260750;"Itaíba";;12;13;92,3076923076923;92,3;"NÃO ALCANÇOU"
"PE";260760;"Ilha de Itamaracá";;77;77;100;100;"ALCANÇOU"
"PE";260765;"Itambé";;134;135;99,2592592592593;99,3;"ALCANÇOU"
"PE";260770;"Itapetim";;10;10;100;100;"ALCANÇOU"
"PE";260775;"Itapissuma";;12;12;100;100;"ALCANÇOU"
"PE";260780;"Itaquitinga";;52;52;100;100;"ALCANÇOU"
"PE";260790;"Jaboatão dos Guararapes";;1274;1274;100;100;"ALCANÇOU"
"PE";260795;"Jaqueira";;13;14;92,8571428571429;92,9;"NÃO ALCANÇOU"
"PE";260800;"Jataúba";;12;12;100;100;"ALCANÇOU"
"PE";260805;"Jatobá";;51;53;96,2264150943396;96,2;"ALCANÇOU"
"PE";260810;"João Alfredo";;14;14;100;100;"ALCANÇOU"
"PE";260820;"Joaquim Nabuco";;2;2;100;100;"ALCANÇOU"
"PE";260825;"Jucati";;8;8;100;100;"ALCANÇOU"
"PE";260830;"Jupi";;17;18;94,4444444444444;94,4;"NÃO ALCANÇOU"
"PE";260840;"Jurema";;14;14;100;100;"ALCANÇOU"
"PE";260845;"Lagoa do Carro";;7;7;100;100;"ALCANÇOU"
"PE";260850;"Lagoa de Itaenga";;9;9;100;100;"ALCANÇOU"
"PE";260860;"Lagoa do Ouro";;35;35;100;100;"ALCANÇOU"
"PE";260870;"Lagoa dos Gatos";;4;4;100;100;"ALCANÇOU"
"PE";260875;"Lagoa Grande";;523;523;100;100;"ALCANÇOU"
"PE";260880;"Lajedo";;56;57;98,2456140350877;98,2;"ALCANÇOU"
"PE";260890;"Limoeiro";;262;262;100;100;"ALCANÇOU"
"PE";260900;"Macaparana";;28;28;100;100;"ALCANÇOU"
"PE";260910;"Machados";;21;21;100;100;"ALCANÇOU"
"PE";260915;"Manari";;15;15;100;100;"ALCANÇOU"
"PE";260920;"Maraial";;6;6;100;100;"ALCANÇOU"
"PE";260930;"Mirandiba";;65;66;98,4848484848485;98,5;"ALCANÇOU"
"PE";260940;"Moreno";;11;11;100;100;"ALCANÇOU"
"PE";260950;"Nazaré da Mata";;83;83;100;100;"ALCANÇOU"
"PE";260960;"Olinda";;276;282;97,8723404255319;97,9;"ALCANÇOU"
"PE";260970;"Orobó";;4;4;100;100;"ALCANÇOU"
"PE";260980;"Orocó";;49;53;92,4528301886792;92,5;"NÃO ALCANÇOU"
"PE";260990;"Ouricuri";;288;289;99,6539792387543;99,7;"ALCANÇOU"
"PE";261000;"Palmares";;148;148;100;100;"ALCANÇOU"
"PE";261010;"Palmeirina";"X";;;;;"NÃO ALCANÇOU"
"PE";261020;"Panelas";;13;13;100;100;"ALCANÇOU"
"PE";261030;"Paranatama";;14;14;100;100;"ALCANÇOU"
"PE";261040;"Parnamirim";;15;15;100;100;"ALCANÇOU"
"PE";261050;"Passira";;92;92;100;100;"ALCANÇOU"
"PE";261060;"Paudalho";;96;96;100;100;"ALCANÇOU"
"PE";261070;"Paulista";;239;239;100;100;"ALCANÇOU"
"PE";261080;"Pedra";;42;42;100;100;"ALCANÇOU"
"PE";261090;"Pesqueira";;184;196;93,8775510204082;93,9;"NÃO ALCANÇOU"
"PE";261100;"Petrolândia";;269;269;100;100;"ALCANÇOU"
"PE";261110;"Petrolina";;5093;5096;99,9411302982732;99,9;"ALCANÇOU"
"PE";261120;"Poção";;19;19;100;100;"ALCANÇOU"
"PE";261130;"Pombos";;7;7;100;100;"ALCANÇOU"
"PE";261140;"Primavera";;2;2;100;100;"ALCANÇOU"
"PE";261150;"Quipapá";;4;4;100;100;"ALCANÇOU"
"PE";261153;"Quixaba";;3;3;100;100;"ALCANÇOU"
"PE";261160;"Recife";;9239;9411;98,1723515035597;98,2;"ALCANÇOU"
"PE";261170;"Riacho das Almas";;22;22;100;100;"ALCANÇOU"
"PE";261180;"Ribeirão";;3;3;100;100;"ALCANÇOU"
"PE";261190;"Rio Formoso";;20;21;95,2380952380952;95,2;"ALCANÇOU"
"PE";261200;"Sairé";"X";;;;;"NÃO ALCANÇOU"
"PE";261210;"Salgadinho";;1;1;100;100;"ALCANÇOU"
"PE";261220;"Salgueiro";;392;412;95,1456310679612;95,1;"ALCANÇOU"
"PE";261230;"Saloá";"X";;;;;"NÃO ALCANÇOU"
"PE";261240;"Sanharó";;31;32;96,875;96,9;"ALCANÇOU"
"PE";261245;"Santa Cruz";;42;43;97,6744186046512;97,7;"ALCANÇOU"
"PE";261247;"Santa Cruz da Baixa Verde";;10;10;100;100;"ALCANÇOU"
"PE";261250;"Santa Cruz do Capibaribe";;22;22;100;100;"ALCANÇOU"
"PE";261255;"Santa Filomena";;33;33;100;100;"ALCANÇOU"
"PE";261260;"Santa Maria da Boa Vista";;97;97;100;100;"ALCANÇOU"
"PE";261270;"Santa Maria do Cambucá";;7;7;100;100;"ALCANÇOU"
"PE";261280;"Santa Terezinha";;17;17;100;100;"ALCANÇOU"
"PE";261290;"São Benedito do Sul";;7;7;100;100;"ALCANÇOU"
"PE";261300;"São Bento do Una";;91;91;100;100;"ALCANÇOU"
"PE";261310;"São Caitano";;71;71;100;100;"ALCANÇOU"
"PE";261320;"São João";;7;7;100;100;"ALCANÇOU"
"PE";261330;"São Joaquim do Monte";;78;78;100;100;"ALCANÇOU"
"PE";261340;"São José da Coroa Grande";;8;8;100;100;"ALCANÇOU"
"PE";261350;"São José do Belmonte";;97;97;100;100;"ALCANÇOU"
"PE";261360;"São José do Egito";;147;147;100;100;"ALCANÇOU"
"PE";261370;"São Lourenço da Mata";;441;448;98,4375;98,4;"ALCANÇOU"
"PE";261380;"São Vicente Ferrer";;87;87;100;100;"ALCANÇOU"
"PE";261390;"Serra Talhada";;240;242;99,1735537190083;99,2;"ALCANÇOU"
"PE";261400;"Serrita";;39;39;100;100;"ALCANÇOU"
"PE";261410;"Sertânia";;123;123;100;100;"ALCANÇOU"
"PE";261420;"Sirinhaém";;12;12;100;100;"ALCANÇOU"
"PE";261430;"Moreilândia";;25;25;100;100;"ALCANÇOU"
"PE";261440;"Solidão";;13;13;100;100;"ALCANÇOU"
"PE";261450;"Surubim";;41;41;100;100;"ALCANÇOU"
"PE";261460;"Tabira";;28;28;100;100;"ALCANÇOU"
"PE";261470;"Tacaimbó";"X";;;;;"NÃO ALCANÇOU"
"PE";261480;"Tacaratu";;108;108;100;100;"ALCANÇOU"
"PE";261485;"Tamandaré";;3;3;100;100;"ALCANÇOU"
"PE";261500;"Taquaritinga do Norte";;6;6;100;100;"ALCANÇOU"
"PE";261510;"Terezinha";;35;35;100;100;"ALCANÇOU"
"PE";261520;"Terra Nova";;23;23;100;100;"ALCANÇOU"
"PE";261530;"Timbaúba";;99;100;99;99;"ALCANÇOU"
"PE";261540;"Toritama";;164;164;100;100;"ALCANÇOU"
"PE";261550;"Tracunhaém";;12;12;100;100;"ALCANÇOU"
"PE";261560;"Trindade";;142;142;100;100;"ALCANÇOU"
"PE";261570;"Triunfo";;8;8;100;100;"ALCANÇOU"
"PE";261580;"Tupanatinga";;22;22;100;100;"ALCANÇOU"
"PE";261590;"Tuparetama";;22;22;100;100;"ALCANÇOU"
"PE";261600;"Venturosa";;40;40;100;100;"ALCANÇOU"
"PE";261610;"Verdejante";;15;15;100;100;"ALCANÇOU"
"PE";261618;"Vertente do Lério";;1;1;100;100;"ALCANÇOU"
"PE";261620;"Vertentes";;6;6;100;100;"ALCANÇOU"
"PE";261630;"Vicência";;11;11;100;100;"ALCANÇOU"
"PE";261640;"Vitória de Santo Antão";;660;668;98,8023952095808;98,8;"ALCANÇOU"
"PE";261650;"Xexéu";;7;7;100;100;"ALCANÇOU"
"AL";270010;"Água Branca";;26;26;100;100;"ALCANÇOU"
"AL";270020;"Anadia";;12;12;100;100;"ALCANÇOU"
"AL";270030;"Arapiraca";;1647;1688;97,5710900473934;97,6;"ALCANÇOU"
"AL";270040;"Atalaia";;74;82;90,2439024390244;90,2;"NÃO ALCANÇOU"
"AL";270050;"Barra de Santo Antônio";;6;6;100;100;"ALCANÇOU"
"AL";270060;"Barra de São Miguel";;14;17;82,3529411764706;82,4;"NÃO ALCANÇOU"
"AL";270070;"Batalha";;37;37;100;100;"ALCANÇOU"
"AL";270080;"Belém";;1;1;100;100;"ALCANÇOU"
"AL";270090;"Belo Monte";;6;6;100;100;"ALCANÇOU"
"AL";270100;"Boca da Mata";;25;25;100;100;"ALCANÇOU"
"AL";270110;"Branquinha";;2;2;100;100;"ALCANÇOU"
"AL";270120;"Cacimbinhas";;21;26;80,7692307692308;80,8;"NÃO ALCANÇOU"
"AL";270130;"Cajueiro";;12;12;100;100;"ALCANÇOU"
"AL";270135;"Campestre";;5;5;100;100;"ALCANÇOU"
"AL";270140;"Campo Alegre";;242;243;99,5884773662551;99,6;"ALCANÇOU"
"AL";270150;"Campo Grande";;1;1;100;100;"ALCANÇOU"
"AL";270160;"Canapi";;3;3;100;100;"ALCANÇOU"
"AL";270170;"Capela";;16;16;100;100;"ALCANÇOU"
"AL";270180;"Carneiros";;9;9;100;100;"ALCANÇOU"
"AL";270190;"Chã Preta";;4;4;100;100;"ALCANÇOU"
"AL";270200;"Coité do Nóia";;8;8;100;100;"ALCANÇOU"
"AL";270210;"Colônia Leopoldina";;72;72;100;100;"ALCANÇOU"
"AL";270220;"Coqueiro Seco";;4;4;100;100;"ALCANÇOU"
"AL";270230;"Coruripe";;263;263;100;100;"ALCANÇOU"
"AL";270235;"Craíbas";;17;17;100;100;"ALCANÇOU"
"AL";270240;"Delmiro Gouveia";;530;554;95,6678700361011;95,7;"ALCANÇOU"
"AL";270250;"Dois Riachos";;5;5;100;100;"ALCANÇOU"
"AL";270255;"Estrela de Alagoas";;7;7;100;100;"ALCANÇOU"
"AL";270260;"Feira Grande";;28;37;75,6756756756757;75,7;"NÃO ALCANÇOU"
"AL";270270;"Feliz Deserto";"X";;;;;"NÃO ALCANÇOU"
"AL";270280;"Flexeiras";;5;5;100;100;"ALCANÇOU"
"AL";270290;"Girau do Ponciano";;37;40;92,5;92,5;"NÃO ALCANÇOU"
"AL";270300;"Ibateguara";;4;4;100;100;"ALCANÇOU"
"AL";270310;"Igaci";;1;1;100;100;"ALCANÇOU"
"AL";270320;"Igreja Nova";;19;24;79,1666666666667;79,2;"NÃO ALCANÇOU"
"AL";270330;"Inhapi";;47;54;87,037037037037;87;"NÃO ALCANÇOU"
"AL";270340;"Jacaré dos Homens";;13;13;100;100;"ALCANÇOU"
"AL";270350;"Jacuípe";"X";;;;;"NÃO ALCANÇOU"
"AL";270360;"Japaratinga";;16;18;88,8888888888889;88,9;"NÃO ALCANÇOU"
"AL";270370;"Jaramataia";;9;9;100;100;"ALCANÇOU"
"AL";270375;"Jequiá da Praia";;15;16;93,75;93,8;"NÃO ALCANÇOU"
"AL";270380;"Joaquim Gomes";;43;44;97,7272727272727;97,7;"ALCANÇOU"
"AL";270390;"Jundiá";;4;4;100;100;"ALCANÇOU"
"AL";270400;"Junqueiro";;47;47;100;100;"ALCANÇOU"
"AL";270410;"Lagoa da Canoa";;1;1;100;100;"ALCANÇOU"
"AL";270420;"Limoeiro de Anadia";;11;11;100;100;"ALCANÇOU"
"AL";270430;"Maceió";;2522;2652;95,0980392156863;95,1;"ALCANÇOU"
"AL";270440;"Major Isidoro";;1;2;50;50;"NÃO ALCANÇOU"
"AL";270450;"Maragogi";;25;25;100;100;"ALCANÇOU"
"AL";270460;"Maravilha";;7;7;100;100;"ALCANÇOU"
"AL";270470;"Marechal Deodoro";;240;240;100;100;"ALCANÇOU"
"AL";270480;"Maribondo";;8;8;100;100;"ALCANÇOU"
"AL";270490;"Mar Vermelho";"X";;;;;"NÃO ALCANÇOU"
"AL";270500;"Mata Grande";;44;44;100;100;"ALCANÇOU"
"AL";270510;"Matriz de Camaragibe";;69;71;97,1830985915493;97,2;"ALCANÇOU"
"AL";270520;"Messias";;8;8;100;100;"ALCANÇOU"
"AL";270530;"Minador do Negrão";;1;1;100;100;"ALCANÇOU"
"AL";270540;"Monteirópolis";;3;3;100;100;"ALCANÇOU"
"AL";270550;"Murici";;16;19;84,2105263157895;84,2;"NÃO ALCANÇOU"
"AL";270560;"Novo Lino";;6;8;75;75;"NÃO ALCANÇOU"
"AL";270570;"Olho dÁgua das Flores";;45;45;100;100;"ALCANÇOU"
"AL";270580;"Olho dÁgua do Casado";;12;12;100;100;"ALCANÇOU"
"AL";270590;"Olho dÁgua Grande";"X";;;;;"NÃO ALCANÇOU"
"AL";270600;"Olivença";"X";;;;;"NÃO ALCANÇOU"
"AL";270610;"Ouro Branco";"X";;;;;"NÃO ALCANÇOU"
"AL";270620;"Palestina";;2;2;100;100;"ALCANÇOU"
"AL";270630;"Palmeira dos Índios";;335;336;99,7023809523809;99,7;"ALCANÇOU"
"AL";270640;"Pão de Açúcar";;27;28;96,4285714285714;96,4;"ALCANÇOU"
"AL";270642;"Pariconha";;24;24;100;100;"ALCANÇOU"
"AL";270644;"Paripueira";;2;2;100;100;"ALCANÇOU"
"AL";270650;"Passo de Camaragibe";;24;24;100;100;"ALCANÇOU"
"AL";270660;"Paulo Jacinto";"X";;;;;"NÃO ALCANÇOU"
"AL";270670;"Penedo";;165;165;100;100;"ALCANÇOU"
"AL";270680;"Piaçabuçu";;56;56;100;100;"ALCANÇOU"
"AL";270690;"Pilar";;135;135;100;100;"ALCANÇOU"
"AL";270700;"Pindoba";"X";;;;;"NÃO ALCANÇOU"
"AL";270710;"Piranhas";;35;38;92,1052631578947;92,1;"NÃO ALCANÇOU"
"AL";270720;"Poço das Trincheiras";;4;4;100;100;"ALCANÇOU"
"AL";270730;"Porto Calvo";;75;78;96,1538461538462;96,2;"ALCANÇOU"
"AL";270740;"Porto de Pedras";"X";;;;;"NÃO ALCANÇOU"
"AL";270750;"Porto Real do Colégio";;7;7;100;100;"ALCANÇOU"
"AL";270760;"Quebrangulo";;31;32;96,875;96,9;"ALCANÇOU"
"AL";270770;"Rio Largo";;70;70;100;100;"ALCANÇOU"
"AL";270780;"Roteiro";"X";;;;;"NÃO ALCANÇOU"
"AL";270790;"Santa Luzia do Norte";;8;9;88,8888888888889;88,9;"NÃO ALCANÇOU"
"AL";270800;"Santana do Ipanema";;426;428;99,5327102803738;99,5;"ALCANÇOU"
"AL";270810;"Santana do Mundaú";;5;5;100;100;"ALCANÇOU"
"AL";270820;"São Brás";;1;1;100;100;"ALCANÇOU"
"AL";270830;"São José da Laje";;8;8;100;100;"ALCANÇOU"
"AL";270840;"São José da Tapera";;123;123;100;100;"ALCANÇOU"
"AL";270850;"São Luís do Quitunde";;21;21;100;100;"ALCANÇOU"
"AL";270860;"São Miguel dos Campos";;196;196;100;100;"ALCANÇOU"
"AL";270870;"São Miguel dos Milagres";"X";;;;;"NÃO ALCANÇOU"
"AL";270880;"São Sebastião";;18;18;100;100;"ALCANÇOU"
"AL";270890;"Satuba";;12;13;92,3076923076923;92,3;"NÃO ALCANÇOU"
"AL";270895;"Senador Rui Palmeira";;34;34;100;100;"ALCANÇOU"
"AL";270900;"Tanque dArca";"X";;;;;"NÃO ALCANÇOU"
"AL";270910;"Taquarana";;35;36;97,2222222222222;97,2;"ALCANÇOU"
"AL";270915;"Teotônio Vilela";;221;223;99,1031390134529;99,1;"ALCANÇOU"
"AL";270920;"Traipu";;61;61;100;100;"ALCANÇOU"
"AL";270930;"União dos Palmares";;278;280;99,2857142857143;99,3;"ALCANÇOU"
"AL";270940;"Viçosa";;74;82;90,2439024390244;90,2;"NÃO ALCANÇOU"
"SE";280010;"Amparo de São Francisco";"X";;;;;"NÃO ALCANÇOU"
"SE";280020;"Aquidabã";;17;17;100;100;"ALCANÇOU"
"SE";280030;"Aracaju";;1963;1998;98,2482482482482;98,2;"ALCANÇOU"
"SE";280040;"Arauá";;12;12;100;100;"ALCANÇOU"
"SE";280050;"Areia Branca";;10;11;90,9090909090909;90,9;"NÃO ALCANÇOU"
"SE";280060;"Barra dos Coqueiros";;138;149;92,6174496644295;92,6;"NÃO ALCANÇOU"
"SE";280067;"Boquim";;32;32;100;100;"ALCANÇOU"
"SE";280070;"Brejo Grande";;1;1;100;100;"ALCANÇOU"
"SE";280100;"Campo do Brito";"X";;;;;"NÃO ALCANÇOU"
"SE";280110;"Canhoba";"X";;;;;"NÃO ALCANÇOU"
"SE";280120;"Canindé de São Francisco";;90;91;98,9010989010989;98,9;"ALCANÇOU"
"SE";280130;"Capela";;6;8;75;75;"NÃO ALCANÇOU"
"SE";280140;"Carira";;1;10;10;10;"NÃO ALCANÇOU"
"SE";280150;"Carmópolis";;2;2;100;100;"ALCANÇOU"
"SE";280160;"Cedro de São João";;1;1;100;100;"ALCANÇOU"
"SE";280170;"Cristinápolis";;15;17;88,2352941176471;88,2;"NÃO ALCANÇOU"
"SE";280190;"Cumbe";;5;5;100;100;"ALCANÇOU"
"SE";280200;"Divina Pastora";"X";;;;;"NÃO ALCANÇOU"
"SE";280210;"Estância";;320;328;97,5609756097561;97,6;"ALCANÇOU"
"SE";280220;"Feira Nova";;4;4;100;100;"ALCANÇOU"
"SE";280230;"Frei Paulo";;2;2;100;100;"ALCANÇOU"
"SE";280240;"Gararu";"X";;;;;"NÃO ALCANÇOU"
"SE";280250;"General Maynard";;2;2;100;100;"ALCANÇOU"
"SE";280260;"Gracho Cardoso";;2;2;100;100;"ALCANÇOU"
"SE";280270;"Ilha das Flores";"X";;;;;"NÃO ALCANÇOU"
"SE";280280;"Indiaroba";;5;5;100;100;"ALCANÇOU"
"SE";280290;"Itabaiana";;238;452;52,6548672566372;52,7;"NÃO ALCANÇOU"
"SE";280300;"Itabaianinha";;67;67;100;100;"ALCANÇOU"
"SE";280310;"Itabi";"X";;;;;"NÃO ALCANÇOU"
"SE";280320;"Itaporanga dAjuda";;86;97;88,659793814433;88,7;"NÃO ALCANÇOU"
"SE";280330;"Japaratuba";;10;13;76,9230769230769;76,9;"NÃO ALCANÇOU"
"SE";280340;"Japoatã";"X";;;;;"NÃO ALCANÇOU"
"SE";280350;"Lagarto";;411;412;99,7572815533981;99,8;"ALCANÇOU"
"SE";280360;"Laranjeiras";;15;15;100;100;"ALCANÇOU"
"SE";280370;"Macambira";"X";;;;;"NÃO ALCANÇOU"
"SE";280380;"Malhada dos Bois";;13;13;100;100;"ALCANÇOU"
"SE";280390;"Malhador";"X";;;;;"NÃO ALCANÇOU"
"SE";280400;"Maruim";;5;5;100;100;"ALCANÇOU"
"SE";280410;"Moita Bonita";"X";;;;;"NÃO ALCANÇOU"
"SE";280420;"Monte Alegre de Sergipe";;39;39;100;100;"ALCANÇOU"
"SE";280430;"Muribeca";;2;2;100;100;"ALCANÇOU"
"SE";280440;"Neópolis";;20;21;95,2380952380952;95,2;"ALCANÇOU"
"SE";280445;"Nossa Senhora Aparecida";;3;3;100;100;"ALCANÇOU"
"SE";280450;"Nossa Senhora da Glória";;93;195;47,6923076923077;47,7;"NÃO ALCANÇOU"
"SE";280460;"Nossa Senhora das Dores";;11;13;84,6153846153846;84,6;"NÃO ALCANÇOU"
"SE";280470;"Nossa Senhora de Lourdes";;11;11;100;100;"ALCANÇOU"
"SE";280480;"Nossa Senhora do Socorro";;186;247;75,3036437246964;75,3;"NÃO ALCANÇOU"
"SE";280490;"Pacatuba";;28;28;100;100;"ALCANÇOU"
"SE";280500;"Pedra Mole";;2;2;100;100;"ALCANÇOU"
"SE";280510;"Pedrinhas";"X";;;;;"NÃO ALCANÇOU"
"SE";280520;"Pinhão";"X";;;;;"NÃO ALCANÇOU"
"SE";280530;"Pirambu";;2;3;66,6666666666667;66,7;"NÃO ALCANÇOU"
"SE";280540;"Poço Redondo";;4;4;100;100;"ALCANÇOU"
"SE";280550;"Poço Verde";;18;19;94,7368421052632;94,7;"ALCANÇOU"
"SE";280560;"Porto da Folha";;6;6;100;100;"ALCANÇOU"
"SE";280570;"Propriá";;141;187;75,4010695187166;75,4;"NÃO ALCANÇOU"
"SE";280580;"Riachão do Dantas";;6;6;100;100;"ALCANÇOU"
"SE";280590;"Riachuelo";;1;1;100;100;"ALCANÇOU"
"SE";280600;"Ribeirópolis";"X";;;;;"NÃO ALCANÇOU"
"SE";280610;"Rosário do Catete";;21;21;100;100;"ALCANÇOU"
"SE";280620;"Salgado";;2;4;50;50;"NÃO ALCANÇOU"
"SE";280630;"Santa Luzia do Itanhy";;8;8;100;100;"ALCANÇOU"
"SE";280640;"Santana do São Francisco";"X";;;;;"NÃO ALCANÇOU"
"SE";280650;"Santa Rosa de Lima";"X";;;;;"NÃO ALCANÇOU"
"SE";280660;"Santo Amaro das Brotas";"X";;;;;"NÃO ALCANÇOU"
"SE";280670;"São Cristóvão";;356;356;100;100;"ALCANÇOU"
"SE";280680;"São Domingos";;1;1;100;100;"ALCANÇOU"
"SE";280690;"São Francisco";"X";;;;;"NÃO ALCANÇOU"
"SE";280700;"São Miguel do Aleixo";;1;1;100;100;"ALCANÇOU"
"SE";280710;"Simão Dias";;181;181;100;100;"ALCANÇOU"
"SE";280720;"Siriri";;2;2;100;100;"ALCANÇOU"
"SE";280730;"Telha";"X";;;;;"NÃO ALCANÇOU"
"SE";280740;"Tobias Barreto";;177;190;93,1578947368421;93,2;"NÃO ALCANÇOU"
"SE";280750;"Tomar do Geru";;12;13;92,3076923076923;92,3;"NÃO ALCANÇOU"
"SE";280760;"Umbaúba";;52;53;98,1132075471698;98,1;"ALCANÇOU"
"BA";290010;"Abaíra";;2;2;100;100;"ALCANÇOU"
"BA";290020;"Abaré";;51;52;98,0769230769231;98,1;"ALCANÇOU"
"BA";290030;"Acajutiba";;14;19;73,6842105263158;73,7;"NÃO ALCANÇOU"
"BA";290035;"Adustina";;17;18;94,4444444444444;94,4;"NÃO ALCANÇOU"
"BA";290040;"Água Fria";;14;16;87,5;87,5;"NÃO ALCANÇOU"
"BA";290050;"Érico Cardoso";;3;3;100;100;"ALCANÇOU"
"BA";290060;"Aiquara";"X";;;;;"NÃO ALCANÇOU"
"BA";290070;"Alagoinhas";;224;230;97,3913043478261;97,4;"ALCANÇOU"
"BA";290080;"Alcobaça";;60;75;80;80;"NÃO ALCANÇOU"
"BA";290090;"Almadina";;1;1;100;100;"ALCANÇOU"
"BA";290100;"Amargosa";;142;147;96,5986394557823;96,6;"ALCANÇOU"
"BA";290110;"Amélia Rodrigues";;75;77;97,4025974025974;97,4;"ALCANÇOU"
"BA";290115;"América Dourada";;56;83;67,4698795180723;67,5;"NÃO ALCANÇOU"
"BA";290120;"Anagé";;10;11;90,9090909090909;90,9;"NÃO ALCANÇOU"
"BA";290130;"Andaraí";;11;11;100;100;"ALCANÇOU"
"BA";290135;"Andorinha";;12;13;92,3076923076923;92,3;"NÃO ALCANÇOU"
"BA";290140;"Angical";;5;6;83,3333333333333;83,3;"NÃO ALCANÇOU"
"BA";290150;"Anguera";;13;15;86,6666666666667;86,7;"NÃO ALCANÇOU"
"BA";290160;"Antas";;13;13;100;100;"ALCANÇOU"
"BA";290170;"Antônio Cardoso";;22;24;91,6666666666667;91,7;"NÃO ALCANÇOU"
"BA";290180;"Antônio Gonçalves";;1;1;100;100;"ALCANÇOU"
"BA";290190;"Aporá";;6;6;100;100;"ALCANÇOU"
"BA";290195;"Apuarema";"X";;;;;"NÃO ALCANÇOU"
"BA";290200;"Aracatu";;19;20;95;95;"ALCANÇOU"
"BA";290205;"Araças";;16;17;94,1176470588235;94,1;"NÃO ALCANÇOU"
"BA";290210;"Araci";;104;104;100;100;"ALCANÇOU"
"BA";290220;"Aramari";"X";;;;;"NÃO ALCANÇOU"
"BA";290225;"Arataca";;2;2;100;100;"ALCANÇOU"
"BA";290230;"Aratuípe";;2;2;100;100;"ALCANÇOU"
"BA";290240;"Aurelino Leal";"X";;;;;"NÃO ALCANÇOU"
"BA";290250;"Baianópolis";"X";;;;;"NÃO ALCANÇOU"
"BA";290260;"Baixa Grande";;5;5;100;100;"ALCANÇOU"
"BA";290265;"Banzaê";"X";;;;;"NÃO ALCANÇOU"
"BA";290270;"Barra";;9;11;81,8181818181818;81,8;"NÃO ALCANÇOU"
"BA";290280;"Barra da Estiva";;3;3;100;100;"ALCANÇOU"
"BA";290290;"Barra do Choça";;1320;1320;100;100;"ALCANÇOU"
"BA";290300;"Barra do Mendes";;9;22;40,9090909090909;40,9;"NÃO ALCANÇOU"
"BA";290310;"Barra do Rocha";;8;8;100;100;"ALCANÇOU"
"BA";290320;"Barreiras";;140;144;97,2222222222222;97,2;"ALCANÇOU"
"BA";290323;"Barro Alto";;5;6;83,3333333333333;83,3;"NÃO ALCANÇOU"
"BA";290327;"Barrocas";;53;60;88,3333333333333;88,3;"NÃO ALCANÇOU"
"BA";290330;"Barro Preto";;4;4;100;100;"ALCANÇOU"
"BA";290340;"Belmonte";;12;12;100;100;"ALCANÇOU"
"BA";290350;"Belo Campo";;177;181;97,7900552486188;97,8;"ALCANÇOU"
"BA";290360;"Biritinga";;6;16;37,5;37,5;"NÃO ALCANÇOU"
"BA";290370;"Boa Nova";;3;3;100;100;"ALCANÇOU"
"BA";290380;"Boa Vista do Tupim";;12;12;100;100;"ALCANÇOU"
"BA";290390;"Bom Jesus da Lapa";;21;21;100;100;"ALCANÇOU"
"BA";290395;"Bom Jesus da Serra";"X";;;;;"NÃO ALCANÇOU"
"BA";290400;"Boninal";;3;3;100;100;"ALCANÇOU"
"BA";290405;"Bonito";;66;68;97,0588235294118;97,1;"ALCANÇOU"
"BA";290410;"Boquira";;37;37;100;100;"ALCANÇOU"
"BA";290420;"Botuporã";;11;11;100;100;"ALCANÇOU"
"BA";290430;"Brejões";;35;35;100;100;"ALCANÇOU"
"BA";290440;"Brejolândia";;6;7;85,7142857142857;85,7;"NÃO ALCANÇOU"
"BA";290450;"Brotas de Macaúbas";;11;11;100;100;"ALCANÇOU"
"BA";290460;"Brumado";;79;87;90,8045977011494;90,8;"NÃO ALCANÇOU"
"BA";290470;"Buerarema";;26;29;89,6551724137931;89,7;"NÃO ALCANÇOU"
"BA";290475;"Buritirama";;3;3;100;100;"ALCANÇOU"
"BA";290480;"Caatiba";;2;2;100;100;"ALCANÇOU"
"BA";290485;"Cabaceiras do Paraguaçu";;40;45;88,8888888888889;88,9;"NÃO ALCANÇOU"
"BA";290490;"Cachoeira";;4;4;100;100;"ALCANÇOU"
"BA";290500;"Caculé";;17;18;94,4444444444444;94,4;"NÃO ALCANÇOU"
"BA";290510;"Caém";;11;11;100;100;"ALCANÇOU"
"BA";290515;"Caetanos";;79;92;85,8695652173913;85,9;"NÃO ALCANÇOU"
"BA";290520;"Caetité";;25;25;100;100;"ALCANÇOU"
"BA";290530;"Cafarnaum";;30;30;100;100;"ALCANÇOU"
"BA";290540;"Cairu";;17;17;100;100;"ALCANÇOU"
"BA";290550;"Caldeirão Grande";;21;21;100;100;"ALCANÇOU"
"BA";290560;"Camacan";;105;109;96,3302752293578;96,3;"ALCANÇOU"
"BA";290570;"Camaçari";;236;374;63,1016042780749;63,1;"NÃO ALCANÇOU"
"BA";290580;"Camamu";;35;35;100;100;"ALCANÇOU"
"BA";290590;"Campo Alegre de Lourdes";;2;2;100;100;"ALCANÇOU"
"BA";290600;"Campo Formoso";;35;40;87,5;87,5;"NÃO ALCANÇOU"
"BA";290610;"Canápolis";"X";;;;;"NÃO ALCANÇOU"
"BA";290620;"Canarana";;4;40;10;10;"NÃO ALCANÇOU"
"BA";290630;"Canavieiras";;22;24;91,6666666666667;91,7;"NÃO ALCANÇOU"
"BA";290640;"Candeal";"X";;;;;"NÃO ALCANÇOU"
"BA";290650;"Candeias";;22;25;88;88;"NÃO ALCANÇOU"
"BA";290660;"Candiba";"X";;;;;"NÃO ALCANÇOU"
"BA";290670;"Cândido Sales";;359;370;97,027027027027;97;"ALCANÇOU"
"BA";290680;"Cansanção";;188;190;98,9473684210526;98,9;"ALCANÇOU"
"BA";290682;"Canudos";;16;19;84,2105263157895;84,2;"NÃO ALCANÇOU"
"BA";290685;"Capela do Alto Alegre";;9;10;90;90;"NÃO ALCANÇOU"
"BA";290687;"Capim Grosso";;85;86;98,8372093023256;98,8;"ALCANÇOU"
"BA";290689;"Caraíbas";;5;8;62,5;62,5;"NÃO ALCANÇOU"
"BA";290690;"Caravelas";;22;23;95,6521739130435;95,7;"ALCANÇOU"
"BA";290700;"Cardeal da Silva";;2;2;100;100;"ALCANÇOU"
"BA";290710;"Carinhanha";;93;114;81,5789473684211;81,6;"NÃO ALCANÇOU"
"BA";290720;"Casa Nova";;10;10;100;100;"ALCANÇOU"
"BA";290730;"Castro Alves";;78;94;82,9787234042553;83;"NÃO ALCANÇOU"
"BA";290740;"Catolândia";"X";;;;;"NÃO ALCANÇOU"
"BA";290750;"Catu";;107;109;98,1651376146789;98,2;"ALCANÇOU"
"BA";290755;"Caturama";;11;11;100;100;"ALCANÇOU"
"BA";290760;"Central";;21;23;91,304347826087;91,3;"NÃO ALCANÇOU"
"BA";290770;"Chorrochó";;4;4;100;100;"ALCANÇOU"
"BA";290780;"Cícero Dantas";;64;67;95,5223880597015;95,5;"ALCANÇOU"
"BA";290790;"Cipó";;7;7;100;100;"ALCANÇOU"
"BA";290800;"Coaraci";;15;16;93,75;93,8;"NÃO ALCANÇOU"
"BA";290810;"Cocos";;3;5;60;60;"NÃO ALCANÇOU"
"BA";290820;"Conceição da Feira";;33;39;84,6153846153846;84,6;"NÃO ALCANÇOU"
"BA";290830;"Conceição do Almeida";;57;57;100;100;"ALCANÇOU"
"BA";290840;"Conceição do Coité";;136;144;94,4444444444444;94,4;"NÃO ALCANÇOU"
"BA";290850;"Conceição do Jacuípe";;84;84;100;100;"ALCANÇOU"
"BA";290860;"Conde";;34;35;97,1428571428571;97,1;"ALCANÇOU"
"BA";290870;"Condeúba";;108;111;97,2972972972973;97,3;"ALCANÇOU"
"BA";290880;"Contendas do Sincorá";;2;2;100;100;"ALCANÇOU"
"BA";290890;"Coração de Maria";;15;15;100;100;"ALCANÇOU"
"BA";290900;"Cordeiros";;154;157;98,0891719745223;98,1;"ALCANÇOU"
"BA";290910;"Coribe";;14;14;100;100;"ALCANÇOU"
"BA";290920;"Coronel João Sá";"X";;;;;"NÃO ALCANÇOU"
"BA";290930;"Correntina";;70;70;100;100;"ALCANÇOU"
"BA";290940;"Cotegipe";;7;8;87,5;87,5;"NÃO ALCANÇOU"
"BA";290950;"Cravolândia";;16;16;100;100;"ALCANÇOU"
"BA";290960;"Crisópolis";;7;7;100;100;"ALCANÇOU"
"BA";290970;"Cristópolis";;1;1;100;100;"ALCANÇOU"
"BA";290980;"Cruz das Almas";;99;103;96,1165048543689;96,1;"ALCANÇOU"
"BA";290990;"Curaçá";;90;93;96,7741935483871;96,8;"ALCANÇOU"
"BA";291000;"Dário Meira";;34;34;100;100;"ALCANÇOU"
"BA";291005;"Dias dÁvila";;60;63;95,2380952380952;95,2;"ALCANÇOU"
"BA";291010;"Dom Basílio";;5;5;100;100;"ALCANÇOU"
"BA";291020;"Dom Macedo Costa";;4;4;100;100;"ALCANÇOU"
"BA";291030;"Elísio Medrado";;9;9;100;100;"ALCANÇOU"
"BA";291040;"Encruzilhada";;25;27;92,5925925925926;92,6;"NÃO ALCANÇOU"
"BA";291050;"Entre Rios";;10;16;62,5;62,5;"NÃO ALCANÇOU"
"BA";291060;"Esplanada";;48;58;82,7586206896552;82,8;"NÃO ALCANÇOU"
"BA";291070;"Euclides da Cunha";;38;44;86,3636363636364;86,4;"NÃO ALCANÇOU"
"BA";291072;"Eunápolis";;168;168;100;100;"ALCANÇOU"
"BA";291075;"Fátima";;22;22;100;100;"ALCANÇOU"
"BA";291077;"Feira da Mata";"X";;;;;"NÃO ALCANÇOU"
"BA";291080;"Feira de Santana";;1769;1909;92,6663174436878;92,7;"NÃO ALCANÇOU"
"BA";291085;"Filadélfia";;28;28;100;100;"ALCANÇOU"
"BA";291090;"Firmino Alves";;1;1;100;100;"ALCANÇOU"
"BA";291100;"Floresta Azul";;8;13;61,5384615384615;61,5;"NÃO ALCANÇOU"
"BA";291110;"Formosa do Rio Preto";"X";;;;;"NÃO ALCANÇOU"
"BA";291120;"Gandu";;24;24;100;100;"ALCANÇOU"
"BA";291125;"Gavião";;13;13;100;100;"ALCANÇOU"
"BA";291130;"Gentio do Ouro";;17;17;100;100;"ALCANÇOU"
"BA";291140;"Glória";;30;32;93,75;93,8;"NÃO ALCANÇOU"
"BA";291150;"Gongogi";;4;4;100;100;"ALCANÇOU"
"BA";291160;"Governador Mangabeira";;1;1;100;100;"ALCANÇOU"
"BA";291165;"Guajeru";;1;1;100;100;"ALCANÇOU"
"BA";291170;"Guanambi";;428;475;90,1052631578947;90,1;"NÃO ALCANÇOU"
"BA";291180;"Guaratinga";;5;5;100;100;"ALCANÇOU"
"BA";291185;"Heliópolis";;15;17;88,2352941176471;88,2;"NÃO ALCANÇOU"
"BA";291190;"Iaçu";;50;52;96,1538461538462;96,2;"ALCANÇOU"
"BA";291200;"Ibiassucê";"X";;;;;"NÃO ALCANÇOU"
"BA";291210;"Ibicaraí";;55;55;100;100;"ALCANÇOU"
"BA";291220;"Ibicoara";;1;1;100;100;"ALCANÇOU"
"BA";291230;"Ibicuí";;4;4;100;100;"ALCANÇOU"
"BA";291240;"Ibipeba";;1;1;100;100;"ALCANÇOU"
"BA";291250;"Ibipitanga";;6;6;100;100;"ALCANÇOU"
"BA";291260;"Ibiquera";;2;2;100;100;"ALCANÇOU"
"BA";291270;"Ibirapitanga";;4;4;100;100;"ALCANÇOU"
"BA";291280;"Ibirapuã";;42;44;95,4545454545455;95,5;"ALCANÇOU"
"BA";291290;"Ibirataia";;22;23;95,6521739130435;95,7;"ALCANÇOU"
"BA";291300;"Ibitiara";;1;1;100;100;"ALCANÇOU"
"BA";291310;"Ibititá";;10;10;100;100;"ALCANÇOU"
"BA";291320;"Ibotirama";;234;238;98,3193277310924;98,3;"ALCANÇOU"
"BA";291330;"Ichu";;5;6;83,3333333333333;83,3;"NÃO ALCANÇOU"
"BA";291340;"Igaporã";"X";;;;;"NÃO ALCANÇOU"
"BA";291345;"Igrapiúna";;21;23;91,304347826087;91,3;"NÃO ALCANÇOU"
"BA";291350;"Iguaí";;31;32;96,875;96,9;"ALCANÇOU"
"BA";291360;"Ilhéus";;200;217;92,1658986175115;92,2;"NÃO ALCANÇOU"
"BA";291370;"Inhambupe";;25;31;80,6451612903226;80,6;"NÃO ALCANÇOU"
"BA";291380;"Ipecaetá";;12;14;85,7142857142857;85,7;"NÃO ALCANÇOU"
"BA";291390;"Ipiaú";;180;199;90,4522613065327;90,5;"NÃO ALCANÇOU"
"BA";291400;"Ipirá";;21;23;91,304347826087;91,3;"NÃO ALCANÇOU"
"BA";291410;"Ipupiara";;5;5;100;100;"ALCANÇOU"
"BA";291420;"Irajuba";;2;3;66,6666666666667;66,7;"NÃO ALCANÇOU"
"BA";291430;"Iramaia";;0;1;0;0;"NÃO ALCANÇOU"
"BA";291440;"Iraquara";;0;1;0;0;"NÃO ALCANÇOU"
"BA";291450;"Irará";;17;17;100;100;"ALCANÇOU"
"BA";291460;"Irecê";;366;369;99,1869918699187;99,2;"ALCANÇOU"
"BA";291465;"Itabela";;32;32;100;100;"ALCANÇOU"
"BA";291470;"Itaberaba";;278;289;96,1937716262976;96,2;"ALCANÇOU"
"BA";291480;"Itabuna";;592;632;93,6708860759494;93,7;"NÃO ALCANÇOU"
"BA";291490;"Itacaré";;66;73;90,4109589041096;90,4;"NÃO ALCANÇOU"
"BA";291500;"Itaeté";;1;1;100;100;"ALCANÇOU"
"BA";291510;"Itagi";;11;11;100;100;"ALCANÇOU"
"BA";291520;"Itagibá";;6;6;100;100;"ALCANÇOU"
"BA";291530;"Itagimirim";"X";;;;;"NÃO ALCANÇOU"
"BA";291535;"Itaguaçu da Bahia";;10;10;100;100;"ALCANÇOU"
"BA";291540;"Itaju do Colônia";;3;3;100;100;"ALCANÇOU"
"BA";291550;"Itajuípe";;26;28;92,8571428571429;92,9;"NÃO ALCANÇOU"
"BA";291560;"Itamaraju";;162;166;97,5903614457831;97,6;"ALCANÇOU"
"BA";291570;"Itamari";"X";;;;;"NÃO ALCANÇOU"
"BA";291580;"Itambé";;25;27;92,5925925925926;92,6;"NÃO ALCANÇOU"
"BA";291590;"Itanagra";;26;28;92,8571428571429;92,9;"NÃO ALCANÇOU"
"BA";291600;"Itanhém";;14;14;100;100;"ALCANÇOU"
"BA";291610;"Itaparica";;14;18;77,7777777777778;77,8;"NÃO ALCANÇOU"
"BA";291620;"Itapé";;4;4;100;100;"ALCANÇOU"
"BA";291630;"Itapebi";;43;44;97,7272727272727;97,7;"ALCANÇOU"
"BA";291640;"Itapetinga";;220;226;97,3451327433628;97,3;"ALCANÇOU"
"BA";291650;"Itapicuru";;66;67;98,5074626865672;98,5;"ALCANÇOU"
"BA";291660;"Itapitanga";;2;2;100;100;"ALCANÇOU"
"BA";291670;"Itaquara";"X";;;;;"NÃO ALCANÇOU"
"BA";291680;"Itarantim";"X";;;;;"NÃO ALCANÇOU"
"BA";291685;"Itatim";;40;42;95,2380952380952;95,2;"ALCANÇOU"
"BA";291690;"Itiruçu";;5;6;83,3333333333333;83,3;"NÃO ALCANÇOU"
"BA";291700;"Itiúba";;46;47;97,8723404255319;97,9;"ALCANÇOU"
"BA";291710;"Itororó";;57;57;100;100;"ALCANÇOU"
"BA";291720;"Ituaçu";;1;1;100;100;"ALCANÇOU"
"BA";291730;"Ituberá";;35;35;100;100;"ALCANÇOU"
"BA";291733;"Iuiú";;9;10;90;90;"NÃO ALCANÇOU"
"BA";291735;"Jaborandi";;6;6;100;100;"ALCANÇOU"
"BA";291740;"Jacaraci";;3;3;100;100;"ALCANÇOU"
"BA";291750;"Jacobina";;305;305;100;100;"ALCANÇOU"
"BA";291760;"Jaguaquara";;55;59;93,2203389830509;93,2;"NÃO ALCANÇOU"
"BA";291770;"Jaguarari";;85;85;100;100;"ALCANÇOU"
"BA";291780;"Jaguaripe";"X";;;;;"NÃO ALCANÇOU"
"BA";291790;"Jandaíra";;2;2;100;100;"ALCANÇOU"
"BA";291800;"Jequié";;784;794;98,7405541561713;98,7;"ALCANÇOU"
"BA";291810;"Jeremoabo";;24;29;82,7586206896552;82,8;"NÃO ALCANÇOU"
"BA";291820;"Jiquiriçá";"X";;;;;"NÃO ALCANÇOU"
"BA";291830;"Jitaúna";;5;5;100;100;"ALCANÇOU"
"BA";291835;"João Dourado";;4;8;50;50;"NÃO ALCANÇOU"
"BA";291840;"Juazeiro";;1288;1314;98,0213089802131;98;"ALCANÇOU"
"BA";291845;"Jucuruçu";;9;9;100;100;"ALCANÇOU"
"BA";291850;"Jussara";;9;9;100;100;"ALCANÇOU"
"BA";291855;"Jussari";;8;8;100;100;"ALCANÇOU"
"BA";291860;"Jussiape";"X";;;;;"NÃO ALCANÇOU"
"BA";291870;"Lafaiete Coutinho";;10;10;100;100;"ALCANÇOU"
"BA";291875;"Lagoa Real";"X";;;;;"NÃO ALCANÇOU"
"BA";291880;"Laje";;9;9;100;100;"ALCANÇOU"
"BA";291890;"Lajedão";"X";;;;;"NÃO ALCANÇOU"
"BA";291900;"Lajedinho";;5;5;100;100;"ALCANÇOU"
"BA";291905;"Lajedo do Tabocal";;6;6;100;100;"ALCANÇOU"
"BA";291910;"Lamarão";;10;10;100;100;"ALCANÇOU"
"BA";291915;"Lapão";;57;57;100;100;"ALCANÇOU"
"BA";291920;"Lauro de Freitas";;369;393;93,8931297709924;93,9;"NÃO ALCANÇOU"
"BA";291930;"Lençóis";;35;38;92,1052631578947;92,1;"NÃO ALCANÇOU"
"BA";291940;"Licínio de Almeida";;5;5;100;100;"ALCANÇOU"
"BA";291950;"Livramento de Nossa Senhora";;161;169;95,2662721893491;95,3;"ALCANÇOU"
"BA";291955;"Luís Eduardo Magalhães";;418;482;86,7219917012448;86,7;"NÃO ALCANÇOU"
"BA";291960;"Macajuba";;9;9;100;100;"ALCANÇOU"
"BA";291970;"Macarani";;13;13;100;100;"ALCANÇOU"
"BA";291980;"Macaúbas";;122;155;78,7096774193548;78,7;"NÃO ALCANÇOU"
"BA";291990;"Macururé";;11;11;100;100;"ALCANÇOU"
"BA";291992;"Madre de Deus";;46;54;85,1851851851852;85,2;"NÃO ALCANÇOU"
"BA";291995;"Maetinga";;6;7;85,7142857142857;85,7;"NÃO ALCANÇOU"
"BA";292000;"Maiquinique";;7;7;100;100;"ALCANÇOU"
"BA";292010;"Mairi";;78;80;97,5;97,5;"ALCANÇOU"
"BA";292020;"Malhada";"X";;;;;"NÃO ALCANÇOU"
"BA";292030;"Malhada de Pedras";;5;5;100;100;"ALCANÇOU"
"BA";292040;"Manoel Vitorino";;1;1;100;100;"ALCANÇOU"
"BA";292045;"Mansidão";"X";;;;;"NÃO ALCANÇOU"
"BA";292050;"Maracás";;78;157;49,6815286624204;49,7;"NÃO ALCANÇOU"
"BA";292060;"Maragogipe";;2;2;100;100;"ALCANÇOU"
"BA";292070;"Maraú";;7;7;100;100;"ALCANÇOU"
"BA";292080;"Marcionílio Souza";;8;10;80;80;"NÃO ALCANÇOU"
"BA";292090;"Mascote";;24;25;96;96;"ALCANÇOU"
"BA";292100;"Mata de São João";;54;55;98,1818181818182;98,2;"ALCANÇOU"
"BA";292105;"Matina";;6;6;100;100;"ALCANÇOU"
"BA";292110;"Medeiros Neto";;84;84;100;100;"ALCANÇOU"
"BA";292120;"Miguel Calmon";;31;35;88,5714285714286;88,6;"NÃO ALCANÇOU"
"BA";292130;"Milagres";;1;1;100;100;"ALCANÇOU"
"BA";292140;"Mirangaba";;13;13;100;100;"ALCANÇOU"
"BA";292145;"Mirante";"X";;;;;"NÃO ALCANÇOU"
"BA";292150;"Monte Santo";;22;24;91,6666666666667;91,7;"NÃO ALCANÇOU"
"BA";292160;"Morpará";;1;1;100;100;"ALCANÇOU"
"BA";292170;"Morro do Chapéu";;156;162;96,2962962962963;96,3;"ALCANÇOU"
"BA";292180;"Mortugaba";;15;15;100;100;"ALCANÇOU"
"BA";292190;"Mucugê";;22;22;100;100;"ALCANÇOU"
"BA";292200;"Mucuri";;51;53;96,2264150943396;96,2;"ALCANÇOU"
"BA";292205;"Mulungu do Morro";;25;27;92,5925925925926;92,6;"NÃO ALCANÇOU"
"BA";292210;"Mundo Novo";;7;7;100;100;"ALCANÇOU"
"BA";292220;"Muniz Ferreira";"X";;;;;"NÃO ALCANÇOU"
"BA";292225;"Muquém de São Francisco";"X";;;;;"NÃO ALCANÇOU"
"BA";292230;"Muritiba";;27;37;72,972972972973;73;"NÃO ALCANÇOU"
"BA";292240;"Mutuípe";;92;93;98,9247311827957;98,9;"ALCANÇOU"
"BA";292250;"Nazaré";;16;17;94,1176470588235;94,1;"NÃO ALCANÇOU"
"BA";292260;"Nilo Peçanha";;6;7;85,7142857142857;85,7;"NÃO ALCANÇOU"
"BA";292265;"Nordestina";;21;27;77,7777777777778;77,8;"NÃO ALCANÇOU"
"BA";292270;"Nova Canaã";;79;93;84,9462365591398;84,9;"NÃO ALCANÇOU"
"BA";292273;"Nova Fátima";;22;23;95,6521739130435;95,7;"ALCANÇOU"
"BA";292275;"Nova Ibiá";"X";;;;;"NÃO ALCANÇOU"
"BA";292280;"Nova Itarana";;4;4;100;100;"ALCANÇOU"
"BA";292285;"Nova Redenção";"X";;;;;"NÃO ALCANÇOU"
"BA";292290;"Nova Soure";;29;31;93,5483870967742;93,5;"NÃO ALCANÇOU"
"BA";292300;"Nova Viçosa";;24;25;96;96;"ALCANÇOU"
"BA";292303;"Novo Horizonte";;1;1;100;100;"ALCANÇOU"
"BA";292305;"Novo Triunfo";"X";;;;;"NÃO ALCANÇOU"
"BA";292310;"Olindina";;6;6;100;100;"ALCANÇOU"
"BA";292320;"Oliveira dos Brejinhos";;25;25;100;100;"ALCANÇOU"
"BA";292330;"Ouriçangas";;11;16;68,75;68,8;"NÃO ALCANÇOU"
"BA";292335;"Ourolândia";;18;18;100;100;"ALCANÇOU"
"BA";292340;"Palmas de Monte Alto";;21;21;100;100;"ALCANÇOU"
"BA";292350;"Palmeiras";;32;35;91,4285714285714;91,4;"NÃO ALCANÇOU"
"BA";292360;"Paramirim";;26;26;100;100;"ALCANÇOU"
"BA";292370;"Paratinga";;61;61;100;100;"ALCANÇOU"
"BA";292380;"Paripiranga";;12;13;92,3076923076923;92,3;"NÃO ALCANÇOU"
"BA";292390;"Pau Brasil";;39;39;100;100;"ALCANÇOU"
"BA";292400;"Paulo Afonso";;57;65;87,6923076923077;87,7;"NÃO ALCANÇOU"
"BA";292405;"Pé de Serra";;29;35;82,8571428571429;82,9;"NÃO ALCANÇOU"
"BA";292410;"Pedrão";;1;1;100;100;"ALCANÇOU"
"BA";292420;"Pedro Alexandre";;20;21;95,2380952380952;95,2;"ALCANÇOU"
"BA";292430;"Piatã";;15;15;100;100;"ALCANÇOU"
"BA";292440;"Pilão Arcado";"X";;;;;"NÃO ALCANÇOU"
"BA";292450;"Pindaí";;2;3;66,6666666666667;66,7;"NÃO ALCANÇOU"
"BA";292460;"Pindobaçu";;74;75;98,6666666666667;98,7;"ALCANÇOU"
"BA";292465;"Pintadas";;22;24;91,6666666666667;91,7;"NÃO ALCANÇOU"
"BA";292467;"Piraí do Norte";;4;4;100;100;"ALCANÇOU"
"BA";292470;"Piripá";;135;155;87,0967741935484;87,1;"NÃO ALCANÇOU"
"BA";292480;"Piritiba";;3;4;75;75;"NÃO ALCANÇOU"
"BA";292490;"Planaltino";;16;17;94,1176470588235;94,1;"NÃO ALCANÇOU"
"BA";292500;"Planalto";;40;40;100;100;"ALCANÇOU"
"BA";292510;"Poções";;130;130;100;100;"ALCANÇOU"
"BA";292520;"Pojuca";;108;116;93,1034482758621;93,1;"NÃO ALCANÇOU"
"BA";292525;"Ponto Novo";;22;22;100;100;"ALCANÇOU"
"BA";292530;"Porto Seguro";;657;658;99,8480243161094;99,8;"ALCANÇOU"
"BA";292540;"Potiraguá";;7;7;100;100;"ALCANÇOU"
"BA";292550;"Prado";;111;111;100;100;"ALCANÇOU"
"BA";292560;"Presidente Dutra";"X";;;;;"NÃO ALCANÇOU"
"BA";292570;"Presidente Jânio Quadros";;8;8;100;100;"ALCANÇOU"
"BA";292575;"Presidente Tancredo Neves";;23;23;100;100;"ALCANÇOU"
"BA";292580;"Queimadas";;61;61;100;100;"ALCANÇOU"
"BA";292590;"Quijingue";;9;10;90;90;"NÃO ALCANÇOU"
"BA";292593;"Quixabeira";;8;8;100;100;"ALCANÇOU"
"BA";292595;"Rafael Jambeiro";;36;36;100;100;"ALCANÇOU"
"BA";292600;"Remanso";;10;10;100;100;"ALCANÇOU"
"BA";292610;"Retirolândia";;2;2;100;100;"ALCANÇOU"
"BA";292620;"Riachão das Neves";"X";;;;;"NÃO ALCANÇOU"
"BA";292630;"Riachão do Jacuípe";;59;68;86,7647058823529;86,8;"NÃO ALCANÇOU"
"BA";292640;"Riacho de Santana";;27;27;100;100;"ALCANÇOU"
"BA";292650;"Ribeira do Amparo";;3;4;75;75;"NÃO ALCANÇOU"
"BA";292660;"Ribeira do Pombal";;21;21;100;100;"ALCANÇOU"
"BA";292665;"Ribeirão do Largo";;7;7;100;100;"ALCANÇOU"
"BA";292670;"Rio de Contas";;165;165;100;100;"ALCANÇOU"
"BA";292680;"Rio do Antônio";;5;6;83,3333333333333;83,3;"NÃO ALCANÇOU"
"BA";292690;"Rio do Pires";;11;11;100;100;"ALCANÇOU"
"BA";292700;"Rio Real";;70;81;86,4197530864197;86,4;"NÃO ALCANÇOU"
"BA";292710;"Rodelas";;0;40;0;0;"NÃO ALCANÇOU"
"BA";292720;"Ruy Barbosa";;46;49;93,8775510204082;93,9;"NÃO ALCANÇOU"
"BA";292730;"Salinas da Margarida";;41;41;100;100;"ALCANÇOU"
"BA";292740;"Salvador";;7278;9207;79,048550016292;79;"NÃO ALCANÇOU"
"BA";292750;"Santa Bárbara";;42;42;100;100;"ALCANÇOU"
"BA";292760;"Santa Brígida";;1;1;100;100;"ALCANÇOU"
"BA";292770;"Santa Cruz Cabrália";;36;36;100;100;"ALCANÇOU"
"BA";292780;"Santa Cruz da Vitória";;13;13;100;100;"ALCANÇOU"
"BA";292790;"Santa Inês";;22;22;100;100;"ALCANÇOU"
"BA";292800;"Santaluz";;174;186;93,5483870967742;93,5;"NÃO ALCANÇOU"
"BA";292805;"Santa Luzia";;12;15;80;80;"NÃO ALCANÇOU"
"BA";292810;"Santa Maria da Vitória";;46;46;100;100;"ALCANÇOU"
"BA";292820;"Santana";;4;4;100;100;"ALCANÇOU"
"BA";292830;"Santanópolis";;5;5;100;100;"ALCANÇOU"
"BA";292840;"Santa Rita de Cássia";;88;90;97,7777777777778;97,8;"ALCANÇOU"
"BA";292850;"Santa Teresinha";;7;7;100;100;"ALCANÇOU"
"BA";292860;"Santo Amaro";;18;18;100;100;"ALCANÇOU"
"BA";292870;"Santo Antônio de Jesus";;228;242;94,2148760330578;94,2;"NÃO ALCANÇOU"
"BA";292880;"Santo Estêvão";;148;237;62,4472573839662;62,4;"NÃO ALCANÇOU"
"BA";292890;"São Desidério";;12;12;100;100;"ALCANÇOU"
"BA";292895;"São Domingos";;53;53;100;100;"ALCANÇOU"
"BA";292900;"São Félix";;2;2;100;100;"ALCANÇOU"
"BA";292905;"São Félix do Coribe";;3;4;75;75;"NÃO ALCANÇOU"
"BA";292910;"São Felipe";;24;29;82,7586206896552;82,8;"NÃO ALCANÇOU"
"BA";292920;"São Francisco do Conde";;87;94;92,5531914893617;92,6;"NÃO ALCANÇOU"
"BA";292925;"São Gabriel";;34;34;100;100;"ALCANÇOU"
"BA";292930;"São Gonçalo dos Campos";;51;54;94,4444444444444;94,4;"NÃO ALCANÇOU"
"BA";292935;"São José da Vitória";;4;4;100;100;"ALCANÇOU"
"BA";292937;"São José do Jacuípe";;13;13;100;100;"ALCANÇOU"
"BA";292940;"São Miguel das Matas";;14;14;100;100;"ALCANÇOU"
"BA";292950;"São Sebastião do Passé";;4;128;3,125;3,1;"NÃO ALCANÇOU"
"BA";292960;"Sapeaçu";;13;14;92,8571428571429;92,9;"NÃO ALCANÇOU"
"BA";292970;"Sátiro Dias";;33;33;100;100;"ALCANÇOU"
"BA";292975;"Saubara";;10;10;100;100;"ALCANÇOU"
"BA";292980;"Saúde";;13;13;100;100;"ALCANÇOU"
"BA";292990;"Seabra";;95;109;87,1559633027523;87,2;"NÃO ALCANÇOU"
"BA";293000;"Sebastião Laranjeiras";;4;4;100;100;"ALCANÇOU"
"BA";293010;"Senhor do Bonfim";;74;74;100;100;"ALCANÇOU"
"BA";293015;"Serra do Ramalho";;20;21;95,2380952380952;95,2;"ALCANÇOU"
"BA";293020;"Sento Sé";;184;228;80,7017543859649;80,7;"NÃO ALCANÇOU"
"BA";293030;"Serra Dourada";;8;8;100;100;"ALCANÇOU"
"BA";293040;"Serra Preta";;8;9;88,8888888888889;88,9;"NÃO ALCANÇOU"
"BA";293050;"Serrinha";;208;236;88,135593220339;88,1;"NÃO ALCANÇOU"
"BA";293060;"Serrolândia";;38;38;100;100;"ALCANÇOU"
"BA";293070;"Simões Filho";;258;374;68,9839572192513;69;"NÃO ALCANÇOU"
"BA";293075;"Sítio do Mato";;0;1;0;0;"NÃO ALCANÇOU"
"BA";293076;"Sítio do Quinto";;5;5;100;100;"ALCANÇOU"
"BA";293077;"Sobradinho";;18;19;94,7368421052632;94,7;"ALCANÇOU"
"BA";293080;"Souto Soares";;30;37;81,0810810810811;81,1;"NÃO ALCANÇOU"
"BA";293090;"Tabocas do Brejo Velho";"X";;;;;"NÃO ALCANÇOU"
"BA";293100;"Tanhaçu";;3;3;100;100;"ALCANÇOU"
"BA";293105;"Tanque Novo";;106;107;99,0654205607477;99,1;"ALCANÇOU"
"BA";293110;"Tanquinho";;2;2;100;100;"ALCANÇOU"
"BA";293120;"Taperoá";;9;18;50;50;"NÃO ALCANÇOU"
"BA";293130;"Tapiramutá";;28;28;100;100;"ALCANÇOU"
"BA";293135;"Teixeira de Freitas";;473;518;91,3127413127413;91,3;"NÃO ALCANÇOU"
"BA";293140;"Teodoro Sampaio";;17;18;94,4444444444444;94,4;"NÃO ALCANÇOU"
"BA";293150;"Teofilândia";;10;10;100;100;"ALCANÇOU"
"BA";293160;"Teolândia";;2;2;100;100;"ALCANÇOU"
"BA";293170;"Terra Nova";;4;4;100;100;"ALCANÇOU"
"BA";293180;"Tremedal";;3;3;100;100;"ALCANÇOU"
"BA";293190;"Tucano";;192;192;100;100;"ALCANÇOU"
"BA";293200;"Uauá";;55;55;100;100;"ALCANÇOU"
"BA";293210;"Ubaíra";;1;1;100;100;"ALCANÇOU"
"BA";293220;"Ubaitaba";;6;6;100;100;"ALCANÇOU"
"BA";293230;"Ubatã";"X";;;;;"NÃO ALCANÇOU"
"BA";293240;"Uibaí";;1;1;100;100;"ALCANÇOU"
"BA";293245;"Umburanas";;2;2;100;100;"ALCANÇOU"
"BA";293250;"Una";;67;68;98,5294117647059;98,5;"ALCANÇOU"
"BA";293260;"Urandi";"X";;;;;"NÃO ALCANÇOU"
"BA";293270;"Uruçuca";;5;5;100;100;"ALCANÇOU"
"BA";293280;"Utinga";;2;2;100;100;"ALCANÇOU"
"BA";293290;"Valença";;165;182;90,6593406593407;90,7;"NÃO ALCANÇOU"
"BA";293300;"Valente";;9;10;90;90;"NÃO ALCANÇOU"
"BA";293305;"Várzea da Roça";;8;19;42,1052631578947;42,1;"NÃO ALCANÇOU"
"BA";293310;"Várzea do Poço";;7;7;100;100;"ALCANÇOU"
"BA";293315;"Várzea Nova";;27;27;100;100;"ALCANÇOU"
"BA";293317;"Varzedo";"X";;;;;"NÃO ALCANÇOU"
"BA";293320;"Vera Cruz";;48;63;76,1904761904762;76,2;"NÃO ALCANÇOU"
"BA";293325;"Vereda";;24;24;100;100;"ALCANÇOU"
"BA";293330;"Vitória da Conquista";;1404;1730;81,1560693641619;81,2;"NÃO ALCANÇOU"
"BA";293340;"Wagner";;2;2;100;100;"ALCANÇOU"
"BA";293345;"Wanderley";;1;2;50;50;"NÃO ALCANÇOU"
"BA";293350;"Wenceslau Guimarães";;14;14;100;100;"ALCANÇOU"
"BA";293360;"Xique-Xique";;122;122;100;100;"ALCANÇOU"
"MG";310010;"Abadia dos Dourados";;7;7;100;100;"ALCANÇOU"
"MG";310020;"Abaeté";;25;25;100;100;"ALCANÇOU"
"MG";310030;"Abre Campo";;72;72;100;100;"ALCANÇOU"
"MG";310040;"Acaiaca";;4;4;100;100;"ALCANÇOU"
"MG";310050;"Açucena";;10;10;100;100;"ALCANÇOU"
"MG";310060;"Água Boa";;4;4;100;100;"ALCANÇOU"
"MG";310070;"Água Comprida";;11;11;100;100;"ALCANÇOU"
"MG";310080;"Aguanil";;7;7;100;100;"ALCANÇOU"
"MG";310090;"Águas Formosas";;171;171;100;100;"ALCANÇOU"
"MG";310100;"Águas Vermelhas";;1;1;100;100;"ALCANÇOU"
"MG";310110;"Aimorés";;106;106;100;100;"ALCANÇOU"
"MG";310120;"Aiuruoca";;21;21;100;100;"ALCANÇOU"
"MG";310130;"Alagoa";;1;1;100;100;"ALCANÇOU"
"MG";310140;"Albertina";;12;12;100;100;"ALCANÇOU"
"MG";310150;"Além Paraíba";;126;131;96,1832061068702;96,2;"ALCANÇOU"
"MG";310160;"Alfenas";;434;445;97,5280898876404;97,5;"ALCANÇOU"
"MG";310163;"Alfredo Vasconcelos";;13;13;100;100;"ALCANÇOU"
"MG";310170;"Almenara";;91;106;85,8490566037736;85,8;"NÃO ALCANÇOU"
"MG";310180;"Alpercata";;4;4;100;100;"ALCANÇOU"
"MG";310190;"Alpinópolis";;29;30;96,6666666666667;96,7;"ALCANÇOU"
"MG";310200;"Alterosa";;18;18;100;100;"ALCANÇOU"
"MG";310205;"Alto Caparaó";;14;16;87,5;87,5;"NÃO ALCANÇOU"
"MG";310210;"Alto Rio Doce";;5;5;100;100;"ALCANÇOU"
"MG";310220;"Alvarenga";;20;20;100;100;"ALCANÇOU"
"MG";310230;"Alvinópolis";;13;13;100;100;"ALCANÇOU"
"MG";310240;"Alvorada de Minas";;14;14;100;100;"ALCANÇOU"
"MG";310250;"Amparo do Serra";;1;1;100;100;"ALCANÇOU"
"MG";310260;"Andradas";;346;355;97,4647887323944;97,5;"ALCANÇOU"
"MG";310270;"Cachoeira de Pajeú";;10;10;100;100;"ALCANÇOU"
"MG";310280;"Andrelândia";;21;23;91,304347826087;91,3;"NÃO ALCANÇOU"
"MG";310285;"Angelândia";;1;2;50;50;"NÃO ALCANÇOU"
"MG";310290;"Antônio Carlos";;74;76;97,3684210526316;97,4;"ALCANÇOU"
"MG";310300;"Antônio Dias";;15;15;100;100;"ALCANÇOU"
"MG";310310;"Antônio Prado de Minas";;1;1;100;100;"ALCANÇOU"
"MG";310320;"Araçaí";;4;6;66,6666666666667;66,7;"NÃO ALCANÇOU"
"MG";310330;"Aracitaba";;1;1;100;100;"ALCANÇOU"
"MG";310340;"Araçuaí";;60;63;95,2380952380952;95,2;"ALCANÇOU"
"MG";310350;"Araguari";;354;361;98,0609418282549;98,1;"ALCANÇOU"
"MG";310360;"Arantina";;2;2;100;100;"ALCANÇOU"
"MG";310370;"Araponga";;21;21;100;100;"ALCANÇOU"
"MG";310375;"Araporã";;27;27;100;100;"ALCANÇOU"
"MG";310380;"Arapuá";;4;4;100;100;"ALCANÇOU"
"MG";310390;"Araújos";;47;47;100;100;"ALCANÇOU"
"MG";310400;"Araxá";;233;233;100;100;"ALCANÇOU"
"MG";310410;"Arceburgo";;30;30;100;100;"ALCANÇOU"
"MG";310420;"Arcos";;225;263;85,5513307984791;85,6;"NÃO ALCANÇOU"
"MG";310430;"Areado";;17;28;60,7142857142857;60,7;"NÃO ALCANÇOU"
"MG";310440;"Argirita";;14;14;100;100;"ALCANÇOU"
"MG";310445;"Aricanduva";;13;13;100;100;"ALCANÇOU"
"MG";310450;"Arinos";;31;31;100;100;"ALCANÇOU"
"MG";310460;"Astolfo Dutra";;14;17;82,3529411764706;82,4;"NÃO ALCANÇOU"
"MG";310470;"Ataléia";;3;3;100;100;"ALCANÇOU"
"MG";310480;"Augusto de Lima";;7;7;100;100;"ALCANÇOU"
"MG";310490;"Baependi";;36;36;100;100;"ALCANÇOU"
"MG";310500;"Baldim";;18;21;85,7142857142857;85,7;"NÃO ALCANÇOU"
"MG";310510;"Bambuí";;9;11;81,8181818181818;81,8;"NÃO ALCANÇOU"
"MG";310520;"Bandeira";;1;1;100;100;"ALCANÇOU"
"MG";310530;"Bandeira do Sul";;6;6;100;100;"ALCANÇOU"
"MG";310540;"Barão de Cocais";;79;80;98,75;98,8;"ALCANÇOU"
"MG";310550;"Barão de Monte Alto";;7;7;100;100;"ALCANÇOU"
"MG";310560;"Barbacena";;345;383;90,0783289817232;90,1;"NÃO ALCANÇOU"
"MG";310570;"Barra Longa";;24;24;100;100;"ALCANÇOU"
"MG";310590;"Barroso";;61;71;85,9154929577465;85,9;"NÃO ALCANÇOU"
"MG";310600;"Bela Vista de Minas";;16;18;88,8888888888889;88,9;"NÃO ALCANÇOU"
"MG";310610;"Belmiro Braga";;3;3;100;100;"ALCANÇOU"
"MG";310620;"Belo Horizonte";;7595;7635;99,4760969220694;99,5;"ALCANÇOU"
"MG";310630;"Belo Oriente";;26;27;96,2962962962963;96,3;"ALCANÇOU"
"MG";310640;"Belo Vale";;28;29;96,551724137931;96,6;"ALCANÇOU"
"MG";310650;"Berilo";;4;4;100;100;"ALCANÇOU"
"MG";310660;"Bertópolis";;12;12;100;100;"ALCANÇOU"
"MG";310665;"Berizal";;6;6;100;100;"ALCANÇOU"
"MG";310670;"Betim";;431;478;90,1673640167364;90,2;"NÃO ALCANÇOU"
"MG";310680;"Bias Fortes";;6;6;100;100;"ALCANÇOU"
"MG";310690;"Bicas";;14;14;100;100;"ALCANÇOU"
"MG";310700;"Biquinhas";;5;5;100;100;"ALCANÇOU"
"MG";310710;"Boa Esperança";;109;109;100;100;"ALCANÇOU"
"MG";310720;"Bocaina de Minas";;12;13;92,3076923076923;92,3;"NÃO ALCANÇOU"
"MG";310730;"Bocaiúva";;258;258;100;100;"ALCANÇOU"
"MG";310740;"Bom Despacho";;127;143;88,8111888111888;88,8;"NÃO ALCANÇOU"
"MG";310750;"Bom Jardim de Minas";;44;45;97,7777777777778;97,8;"ALCANÇOU"
"MG";310760;"Bom Jesus da Penha";;6;6;100;100;"ALCANÇOU"
"MG";310770;"Bom Jesus do Amparo";;9;9;100;100;"ALCANÇOU"
"MG";310780;"Bom Jesus do Galho";;19;20;95;95;"ALCANÇOU"
"MG";310790;"Bom Repouso";;23;23;100;100;"ALCANÇOU"
"MG";310800;"Bom Sucesso";;9;9;100;100;"ALCANÇOU"
"MG";310810;"Bonfim";;9;9;100;100;"ALCANÇOU"
"MG";310820;"Bonfinópolis de Minas";;9;9;100;100;"ALCANÇOU"
"MG";310825;"Bonito de Minas";;7;7;100;100;"ALCANÇOU"
"MG";310830;"Borda da Mata";;30;30;100;100;"ALCANÇOU"
"MG";310840;"Botelhos";;41;41;100;100;"ALCANÇOU"
"MG";310850;"Botumirim";;14;14;100;100;"ALCANÇOU"
"MG";310855;"Brasilândia de Minas";;101;104;97,1153846153846;97,1;"ALCANÇOU"
"MG";310860;"Brasília de Minas";;231;266;86,8421052631579;86,8;"NÃO ALCANÇOU"
"MG";310870;"Brás Pires";;13;13;100;100;"ALCANÇOU"
"MG";310880;"Braúnas";;8;8;100;100;"ALCANÇOU"
"MG";310890;"Brazópolis";;14;14;100;100;"ALCANÇOU"
"MG";310900;"Brumadinho";;215;321;66,9781931464174;67;"NÃO ALCANÇOU"
"MG";310910;"Bueno Brandão";;47;47;100;100;"ALCANÇOU"
"MG";310920;"Buenópolis";;13;15;86,6666666666667;86,7;"NÃO ALCANÇOU"
"MG";310925;"Bugre";;2;2;100;100;"ALCANÇOU"
"MG";310930;"Buritis";;92;92;100;100;"ALCANÇOU"
"MG";310940;"Buritizeiro";;12;19;63,1578947368421;63,2;"NÃO ALCANÇOU"
"MG";310945;"Cabeceira Grande";;24;24;100;100;"ALCANÇOU"
"MG";310950;"Cabo Verde";;24;24;100;100;"ALCANÇOU"
"MG";310960;"Cachoeira da Prata";;18;18;100;100;"ALCANÇOU"
"MG";310970;"Cachoeira de Minas";;42;42;100;100;"ALCANÇOU"
"MG";310980;"Cachoeira Dourada";;6;6;100;100;"ALCANÇOU"
"MG";310990;"Caetanópolis";;39;45;86,6666666666667;86,7;"NÃO ALCANÇOU"
"MG";311000;"Caeté";;21;21;100;100;"ALCANÇOU"
"MG";311010;"Caiana";;43;43;100;100;"ALCANÇOU"
"MG";311020;"Cajuri";;5;5;100;100;"ALCANÇOU"
"MG";311030;"Caldas";;47;47;100;100;"ALCANÇOU"
"MG";311040;"Camacho";;2;2;100;100;"ALCANÇOU"
"MG";311050;"Camanducaia";;22;22;100;100;"ALCANÇOU"
"MG";311060;"Cambuí";;25;26;96,1538461538462;96,2;"ALCANÇOU"
"MG";311070;"Cambuquira";;10;13;76,9230769230769;76,9;"NÃO ALCANÇOU"
"MG";311080;"Campanário";;2;2;100;100;"ALCANÇOU"
"MG";311090;"Campanha";;59;62;95,1612903225806;95,2;"ALCANÇOU"
"MG";311100;"Campestre";;134;137;97,8102189781022;97,8;"ALCANÇOU"
"MG";311110;"Campina Verde";;10;10;100;100;"ALCANÇOU"
"MG";311115;"Campo Azul";;1;1;100;100;"ALCANÇOU"
"MG";311120;"Campo Belo";;177;178;99,438202247191;99,4;"ALCANÇOU"
"MG";311130;"Campo do Meio";;18;20;90;90;"NÃO ALCANÇOU"
"MG";311140;"Campo Florido";;36;36;100;100;"ALCANÇOU"
"MG";311150;"Campos Altos";;66;66;100;100;"ALCANÇOU"
"MG";311160;"Campos Gerais";;3;3;100;100;"ALCANÇOU"
"MG";311170;"Canaã";;23;23;100;100;"ALCANÇOU"
"MG";311180;"Canápolis";;38;43;88,3720930232558;88,4;"NÃO ALCANÇOU"
"MG";311190;"Cana Verde";;1;1;100;100;"ALCANÇOU"
"MG";311200;"Candeias";;49;50;98;98;"ALCANÇOU"
"MG";311205;"Cantagalo";;6;6;100;100;"ALCANÇOU"
"MG";311210;"Caparaó";;5;5;100;100;"ALCANÇOU"
"MG";311220;"Capela Nova";;16;17;94,1176470588235;94,1;"NÃO ALCANÇOU"
"MG";311230;"Capelinha";;208;208;100;100;"ALCANÇOU"
"MG";311240;"Capetinga";;21;21;100;100;"ALCANÇOU"
"MG";311250;"Capim Branco";;43;43;100;100;"ALCANÇOU"
"MG";311260;"Capinópolis";;58;58;100;100;"ALCANÇOU"
"MG";311265;"Capitão Andrade";;16;16;100;100;"ALCANÇOU"
"MG";311270;"Capitão Enéas";;96;96;100;100;"ALCANÇOU"
"MG";311280;"Capitólio";;31;33;93,9393939393939;93,9;"NÃO ALCANÇOU"
"MG";311290;"Caputira";;37;37;100;100;"ALCANÇOU"
"MG";311300;"Caraí";;48;48;100;100;"ALCANÇOU"
"MG";311310;"Caranaíba";;1;1;100;100;"ALCANÇOU"
"MG";311320;"Carandaí";;151;152;99,3421052631579;99,3;"ALCANÇOU"
"MG";311330;"Carangola";;186;186;100;100;"ALCANÇOU"
"MG";311340;"Caratinga";;95;96;98,9583333333333;99;"ALCANÇOU"
"MG";311350;"Carbonita";;29;29;100;100;"ALCANÇOU"
"MG";311360;"Careaçu";;10;10;100;100;"ALCANÇOU"
"MG";311370;"Carlos Chagas";;38;38;100;100;"ALCANÇOU"
"MG";311380;"Carmésia";;11;11;100;100;"ALCANÇOU"
"MG";311390;"Carmo da Cachoeira";;2;2;100;100;"ALCANÇOU"
"MG";311400;"Carmo da Mata";;29;29;100;100;"ALCANÇOU"
"MG";311410;"Carmo de Minas";;45;47;95,7446808510638;95,7;"ALCANÇOU"
"MG";311420;"Carmo do Cajuru";;64;76;84,2105263157895;84,2;"NÃO ALCANÇOU"
"MG";311430;"Carmo do Paranaíba";;77;79;97,4683544303797;97,5;"ALCANÇOU"
"MG";311440;"Carmo do Rio Claro";;47;47;100;100;"ALCANÇOU"
"MG";311450;"Carmópolis de Minas";;28;31;90,3225806451613;90,3;"NÃO ALCANÇOU"
"MG";311455;"Carneirinho";;160;160;100;100;"ALCANÇOU"
"MG";311460;"Carrancas";;5;6;83,3333333333333;83,3;"NÃO ALCANÇOU"
"MG";311470;"Carvalhópolis";;6;6;100;100;"ALCANÇOU"
"MG";311480;"Carvalhos";;11;11;100;100;"ALCANÇOU"
"MG";311490;"Casa Grande";"X";;;;;"NÃO ALCANÇOU"
"MG";311500;"Cascalho Rico";;7;7;100;100;"ALCANÇOU"
"MG";311510;"Cássia";;65;65;100;100;"ALCANÇOU"
"MG";311520;"Conceição da Barra de Minas";;2;2;100;100;"ALCANÇOU"
"MG";311530;"Cataguases";;240;240;100;100;"ALCANÇOU"
"MG";311535;"Catas Altas";;22;24;91,6666666666667;91,7;"NÃO ALCANÇOU"
"MG";311540;"Catas Altas da Noruega";;2;3;66,6666666666667;66,7;"NÃO ALCANÇOU"
"MG";311545;"Catuji";;38;38;100;100;"ALCANÇOU"
"MG";311547;"Catuti";;7;7;100;100;"ALCANÇOU"
"MG";311550;"Caxambu";;57;57;100;100;"ALCANÇOU"
"MG";311560;"Cedro do Abaeté";;8;8;100;100;"ALCANÇOU"
"MG";311570;"Central de Minas";;5;5;100;100;"ALCANÇOU"
"MG";311580;"Centralina";;5;6;83,3333333333333;83,3;"NÃO ALCANÇOU"
"MG";311590;"Chácara";;11;15;73,3333333333333;73,3;"NÃO ALCANÇOU"
"MG";311600;"Chalé";;28;28;100;100;"ALCANÇOU"
"MG";311610;"Chapada do Norte";;24;24;100;100;"ALCANÇOU"
"MG";311615;"Chapada Gaúcha";;30;30;100;100;"ALCANÇOU"
"MG";311620;"Chiador";"X";;;;;"NÃO ALCANÇOU"
"MG";311630;"Cipotânea";;5;5;100;100;"ALCANÇOU"
"MG";311640;"Claraval";;12;12;100;100;"ALCANÇOU"
"MG";311650;"Claro dos Poções";;30;30;100;100;"ALCANÇOU"
"MG";311660;"Cláudio";;214;228;93,859649122807;93,9;"NÃO ALCANÇOU"
"MG";311670;"Coimbra";;31;33;93,9393939393939;93,9;"NÃO ALCANÇOU"
"MG";311680;"Coluna";;11;11;100;100;"ALCANÇOU"
"MG";311690;"Comendador Gomes";;10;10;100;100;"ALCANÇOU"
"MG";311700;"Comercinho";"X";;;;;"NÃO ALCANÇOU"
"MG";311710;"Conceição da Aparecida";;49;57;85,9649122807018;86;"NÃO ALCANÇOU"
"MG";311720;"Conceição das Pedras";;1;1;100;100;"ALCANÇOU"
"MG";311730;"Conceição das Alagoas";;130;133;97,7443609022556;97,7;"ALCANÇOU"
"MG";311740;"Conceição de Ipanema";;16;16;100;100;"ALCANÇOU"
"MG";311750;"Conceição do Mato Dentro";;21;53;39,622641509434;39,6;"NÃO ALCANÇOU"
"MG";311760;"Conceição do Pará";;8;8;100;100;"ALCANÇOU"
"MG";311770;"Conceição do Rio Verde";;33;34;97,0588235294118;97,1;"ALCANÇOU"
"MG";311780;"Conceição dos Ouros";;26;26;100;100;"ALCANÇOU"
"MG";311783;"Cônego Marinho";;4;4;100;100;"ALCANÇOU"
"MG";311787;"Confins";;29;29;100;100;"ALCANÇOU"
"MG";311790;"Congonhal";;23;24;95,8333333333333;95,8;"ALCANÇOU"
"MG";311800;"Congonhas";;521;523;99,6175908221797;99,6;"ALCANÇOU"
"MG";311810;"Congonhas do Norte";;1;1;100;100;"ALCANÇOU"
"MG";311820;"Conquista";;16;16;100;100;"ALCANÇOU"
"MG";311830;"Conselheiro Lafaiete";;394;413;95,3995157384988;95,4;"ALCANÇOU"
"MG";311840;"Conselheiro Pena";;58;59;98,3050847457627;98,3;"ALCANÇOU"
"MG";311850;"Consolação";;3;3;100;100;"ALCANÇOU"
"MG";311860;"Contagem";;2363;2397;98,5815602836879;98,6;"ALCANÇOU"
"MG";311870;"Coqueiral";;32;34;94,1176470588235;94,1;"NÃO ALCANÇOU"
"MG";311880;"Coração de Jesus";;127;129;98,4496124031008;98,4;"ALCANÇOU"
"MG";311890;"Cordisburgo";;30;30;100;100;"ALCANÇOU"
"MG";311900;"Cordislândia";;3;3;100;100;"ALCANÇOU"
"MG";311910;"Corinto";;116;116;100;100;"ALCANÇOU"
"MG";311920;"Coroaci";;5;5;100;100;"ALCANÇOU"
"MG";311930;"Coromandel";;139;141;98,5815602836879;98,6;"ALCANÇOU"
"MG";311940;"Coronel Fabriciano";;363;366;99,1803278688525;99,2;"ALCANÇOU"
"MG";311950;"Coronel Murta";"X";;;;;"NÃO ALCANÇOU"
"MG";311960;"Coronel Pacheco";;3;3;100;100;"ALCANÇOU"
"MG";311970;"Coronel Xavier Chaves";;29;29;100;100;"ALCANÇOU"
"MG";311980;"Córrego Danta";;3;3;100;100;"ALCANÇOU"
"MG";311990;"Córrego do Bom Jesus";"X";;;;;"NÃO ALCANÇOU"
"MG";311995;"Córrego Fundo";;14;14;100;100;"ALCANÇOU"
"MG";312000;"Córrego Novo";;5;5;100;100;"ALCANÇOU"
"MG";312010;"Couto de Magalhães de Minas";;19;21;90,4761904761905;90,5;"NÃO ALCANÇOU"
"MG";312015;"Crisólita";;7;7;100;100;"ALCANÇOU"
"MG";312020;"Cristais";;46;46;100;100;"ALCANÇOU"
"MG";312030;"Cristália";;1;1;100;100;"ALCANÇOU"
"MG";312040;"Cristiano Otoni";;7;15;46,6666666666667;46,7;"NÃO ALCANÇOU"
"MG";312050;"Cristina";;28;28;100;100;"ALCANÇOU"
"MG";312060;"Crucilândia";;10;10;100;100;"ALCANÇOU"
"MG";312070;"Cruzeiro da Fortaleza";;4;5;80;80;"NÃO ALCANÇOU"
"MG";312080;"Cruzília";;85;85;100;100;"ALCANÇOU"
"MG";312083;"Cuparaque";;16;18;88,8888888888889;88,9;"NÃO ALCANÇOU"
"MG";312087;"Curral de Dentro";"X";;;;;"NÃO ALCANÇOU"
"MG";312090;"Curvelo";;145;154;94,1558441558442;94,2;"NÃO ALCANÇOU"
"MG";312100;"Datas";;24;24;100;100;"ALCANÇOU"
"MG";312110;"Delfim Moreira";;11;11;100;100;"ALCANÇOU"
"MG";312120;"Delfinópolis";;24;24;100;100;"ALCANÇOU"
"MG";312125;"Delta";;34;34;100;100;"ALCANÇOU"
"MG";312130;"Descoberto";;5;6;83,3333333333333;83,3;"NÃO ALCANÇOU"
"MG";312140;"Desterro de Entre Rios";;14;14;100;100;"ALCANÇOU"
"MG";312150;"Desterro do Melo";;4;4;100;100;"ALCANÇOU"
"MG";312160;"Diamantina";;287;291;98,6254295532646;98,6;"ALCANÇOU"
"MG";312170;"Diogo de Vasconcelos";;4;8;50;50;"NÃO ALCANÇOU"
"MG";312180;"Dionísio";;4;4;100;100;"ALCANÇOU"
"MG";312190;"Divinésia";;14;14;100;100;"ALCANÇOU"
"MG";312200;"Divino";;50;52;96,1538461538462;96,2;"ALCANÇOU"
"MG";312210;"Divino das Laranjeiras";;4;4;100;100;"ALCANÇOU"
"MG";312220;"Divinolândia de Minas";;29;29;100;100;"ALCANÇOU"
"MG";312230;"Divinópolis";;508;519;97,8805394990366;97,9;"ALCANÇOU"
"MG";312235;"Divisa Alegre";;3;3;100;100;"ALCANÇOU"
"MG";312240;"Divisa Nova";;68;69;98,5507246376812;98,6;"ALCANÇOU"
"MG";312245;"Divisópolis";;5;5;100;100;"ALCANÇOU"
"MG";312247;"Dom Bosco";;18;18;100;100;"ALCANÇOU"
"MG";312250;"Dom Cavati";;25;25;100;100;"ALCANÇOU"
"MG";312260;"Dom Joaquim";;23;23;100;100;"ALCANÇOU"
"MG";312270;"Dom Silvério";;13;15;86,6666666666667;86,7;"NÃO ALCANÇOU"
"MG";312280;"Dom Viçoso";;10;10;100;100;"ALCANÇOU"
"MG";312290;"Dona Eusébia";;2;2;100;100;"ALCANÇOU"
"MG";312300;"Dores de Campos";;2;2;100;100;"ALCANÇOU"
"MG";312310;"Dores de Guanhães";;24;24;100;100;"ALCANÇOU"
"MG";312320;"Dores do Indaiá";;51;60;85;85;"NÃO ALCANÇOU"
"MG";312330;"Dores do Turvo";;3;3;100;100;"ALCANÇOU"
"MG";312340;"Doresópolis";;9;9;100;100;"ALCANÇOU"
"MG";312350;"Douradoquara";;4;4;100;100;"ALCANÇOU"
"MG";312352;"Durandé";;18;18;100;100;"ALCANÇOU"
"MG";312360;"Elói Mendes";;14;14;100;100;"ALCANÇOU"
"MG";312370;"Engenheiro Caldas";;22;22;100;100;"ALCANÇOU"
"MG";312380;"Engenheiro Navarro";;16;16;100;100;"ALCANÇOU"
"MG";312385;"Entre Folhas";"X";;;;;"NÃO ALCANÇOU"
"MG";312390;"Entre Rios de Minas";;42;42;100;100;"ALCANÇOU"
"MG";312400;"Ervália";;18;20;90;90;"NÃO ALCANÇOU"
"MG";312410;"Esmeraldas";;218;241;90,4564315352697;90,5;"NÃO ALCANÇOU"
"MG";312420;"Espera Feliz";;34;34;100;100;"ALCANÇOU"
"MG";312430;"Espinosa";;17;17;100;100;"ALCANÇOU"
"MG";312440;"Espírito Santo do Dourado";;4;4;100;100;"ALCANÇOU"
"MG";312450;"Estiva";;23;25;92;92;"NÃO ALCANÇOU"
"MG";312460;"Estrela Dalva";;5;5;100;100;"ALCANÇOU"
"MG";312470;"Estrela do Indaiá";;5;5;100;100;"ALCANÇOU"
"MG";312480;"Estrela do Sul";;19;19;100;100;"ALCANÇOU"
"MG";312490;"Eugenópolis";;10;10;100;100;"ALCANÇOU"
"MG";312500;"Ewbank da Câmara";;10;10;100;100;"ALCANÇOU"
"MG";312510;"Extrema";;94;94;100;100;"ALCANÇOU"
"MG";312520;"Fama";"X";;;;;"NÃO ALCANÇOU"
"MG";312530;"Faria Lemos";;1;1;100;100;"ALCANÇOU"
"MG";312540;"Felício dos Santos";;31;32;96,875;96,9;"ALCANÇOU"
"MG";312550;"São Gonçalo do Rio Preto";;14;15;93,3333333333333;93,3;"NÃO ALCANÇOU"
"MG";312560;"Felisburgo";;23;23;100;100;"ALCANÇOU"
"MG";312570;"Felixlândia";;105;106;99,0566037735849;99,1;"ALCANÇOU"
"MG";312580;"Fernandes Tourinho";;12;12;100;100;"ALCANÇOU"
"MG";312590;"Ferros";;41;41;100;100;"ALCANÇOU"
"MG";312595;"Fervedouro";;29;29;100;100;"ALCANÇOU"
"MG";312600;"Florestal";;17;28;60,7142857142857;60,7;"NÃO ALCANÇOU"
"MG";312610;"Formiga";;404;457;88,4026258205689;88,4;"NÃO ALCANÇOU"
"MG";312620;"Formoso";;11;11;100;100;"ALCANÇOU"
"MG";312630;"Fortaleza de Minas";;6;6;100;100;"ALCANÇOU"
"MG";312640;"Fortuna de Minas";;10;10;100;100;"ALCANÇOU"
"MG";312650;"Francisco Badaró";;25;25;100;100;"ALCANÇOU"
"MG";312660;"Francisco Dumont";;14;14;100;100;"ALCANÇOU"
"MG";312670;"Francisco Sá";;165;166;99,3975903614458;99,4;"ALCANÇOU"
"MG";312675;"Franciscópolis";;13;13;100;100;"ALCANÇOU"
"MG";312680;"Frei Gaspar";;6;6;100;100;"ALCANÇOU"
"MG";312690;"Frei Inocêncio";;24;24;100;100;"ALCANÇOU"
"MG";312695;"Frei Lagonegro";"X";;;;;"NÃO ALCANÇOU"
"MG";312700;"Fronteira";;144;150;96;96;"ALCANÇOU"
"MG";312705;"Fronteira dos Vales";;5;5;100;100;"ALCANÇOU"
"MG";312707;"Fruta de Leite";;4;4;100;100;"ALCANÇOU"
"MG";312710;"Frutal";;271;276;98,1884057971015;98,2;"ALCANÇOU"
"MG";312720;"Funilândia";;6;6;100;100;"ALCANÇOU"
"MG";312730;"Galiléia";;32;32;100;100;"ALCANÇOU"
"MG";312733;"Gameleiras";;9;9;100;100;"ALCANÇOU"
"MG";312735;"Glaucilândia";"X";;;;;"NÃO ALCANÇOU"
"MG";312737;"Goiabeira";;17;17;100;100;"ALCANÇOU"
"MG";312738;"Goianá";;7;7;100;100;"ALCANÇOU"
"MG";312740;"Gonçalves";;1;1;100;100;"ALCANÇOU"
"MG";312750;"Gonzaga";;34;34;100;100;"ALCANÇOU"
"MG";312760;"Gouveia";;40;40;100;100;"ALCANÇOU"
"MG";312770;"Governador Valadares";;1313;1333;98,4996249062266;98,5;"ALCANÇOU"
"MG";312780;"Grão Mogol";;6;6;100;100;"ALCANÇOU"
"MG";312790;"Grupiara";"X";;;;;"NÃO ALCANÇOU"
"MG";312800;"Guanhães";;121;150;80,6666666666667;80,7;"NÃO ALCANÇOU"
"MG";312810;"Guapé";;15;15;100;100;"ALCANÇOU"
"MG";312820;"Guaraciaba";;1;1;100;100;"ALCANÇOU"
"MG";312825;"Guaraciama";;11;12;91,6666666666667;91,7;"NÃO ALCANÇOU"
"MG";312830;"Guaranésia";;31;31;100;100;"ALCANÇOU"
"MG";312840;"Guarani";;21;21;100;100;"ALCANÇOU"
"MG";312850;"Guarará";;5;5;100;100;"ALCANÇOU"
"MG";312860;"Guarda-Mor";;3;3;100;100;"ALCANÇOU"
"MG";312870;"Guaxupé";;360;365;98,6301369863014;98,6;"ALCANÇOU"
"MG";312880;"Guidoval";"X";;;;;"NÃO ALCANÇOU"
"MG";312890;"Guimarânia";;50;53;94,3396226415094;94,3;"NÃO ALCANÇOU"
"MG";312900;"Guiricema";;25;25;100;100;"ALCANÇOU"
"MG";312910;"Gurinhatã";;12;12;100;100;"ALCANÇOU"
"MG";312920;"Heliodora";;16;16;100;100;"ALCANÇOU"
"MG";312930;"Iapu";;7;7;100;100;"ALCANÇOU"
"MG";312940;"Ibertioga";;33;33;100;100;"ALCANÇOU"
"MG";312950;"Ibiá";;191;191;100;100;"ALCANÇOU"
"MG";312960;"Ibiaí";;25;25;100;100;"ALCANÇOU"
"MG";312965;"Ibiracatu";;17;17;100;100;"ALCANÇOU"
"MG";312970;"Ibiraci";;28;31;90,3225806451613;90,3;"NÃO ALCANÇOU"
"MG";312980;"Ibirité";;278;279;99,6415770609319;99,6;"ALCANÇOU"
"MG";312990;"Ibitiúra de Minas";;24;24;100;100;"ALCANÇOU"
"MG";313000;"Ibituruna";;1;1;100;100;"ALCANÇOU"
"MG";313005;"Icaraí de Minas";;5;5;100;100;"ALCANÇOU"
"MG";313010;"Igarapé";;23;156;14,7435897435897;14,7;"NÃO ALCANÇOU"
"MG";313020;"Igaratinga";;21;21;100;100;"ALCANÇOU"
"MG";313030;"Iguatama";;69;69;100;100;"ALCANÇOU"
"MG";313040;"Ijaci";;7;7;100;100;"ALCANÇOU"
"MG";313050;"Ilicínea";;15;15;100;100;"ALCANÇOU"
"MG";313055;"Imbé de Minas";;4;4;100;100;"ALCANÇOU"
"MG";313060;"Inconfidentes";;5;5;100;100;"ALCANÇOU"
"MG";313065;"Indaiabira";;3;3;100;100;"ALCANÇOU"
"MG";313070;"Indianópolis";;6;7;85,7142857142857;85,7;"NÃO ALCANÇOU"
"MG";313080;"Ingaí";;9;9;100;100;"ALCANÇOU"
"MG";313090;"Inhapim";;83;83;100;100;"ALCANÇOU"
"MG";313100;"Inhaúma";;27;27;100;100;"ALCANÇOU"
"MG";313110;"Inimutaba";;5;5;100;100;"ALCANÇOU"
"MG";313115;"Ipaba";;4;4;100;100;"ALCANÇOU"
"MG";313120;"Ipanema";;6;6;100;100;"ALCANÇOU"
"MG";313130;"Ipatinga";;1122;1140;98,4210526315789;98,4;"ALCANÇOU"
"MG";313140;"Ipiaçu";;24;24;100;100;"ALCANÇOU"
"MG";313150;"Ipuiúna";;22;22;100;100;"ALCANÇOU"
"MG";313160;"Iraí de Minas";;10;18;55,5555555555556;55,6;"NÃO ALCANÇOU"
"MG";313170;"Itabira";;1004;1008;99,6031746031746;99,6;"ALCANÇOU"
"MG";313180;"Itabirinha";;28;28;100;100;"ALCANÇOU"
"MG";313190;"Itabirito";;144;180;80;80;"NÃO ALCANÇOU"
"MG";313200;"Itacambira";;6;6;100;100;"ALCANÇOU"
"MG";313210;"Itacarambi";;16;16;100;100;"ALCANÇOU"
"MG";313220;"Itaguara";;38;47;80,8510638297872;80,9;"NÃO ALCANÇOU"
"MG";313230;"Itaipé";;15;15;100;100;"ALCANÇOU"
"MG";313240;"Itajubá";;568;568;100;100;"ALCANÇOU"
"MG";313250;"Itamarandiba";;119;121;98,3471074380165;98,3;"ALCANÇOU"
"MG";313260;"Itamarati de Minas";;17;17;100;100;"ALCANÇOU"
"MG";313270;"Itambacuri";;27;27;100;100;"ALCANÇOU"
"MG";313280;"Itambé do Mato Dentro";;3;3;100;100;"ALCANÇOU"
"MG";313290;"Itamogi";;103;103;100;100;"ALCANÇOU"
"MG";313300;"Itamonte";;32;33;96,969696969697;97;"ALCANÇOU"
"MG";313310;"Itanhandu";;64;64;100;100;"ALCANÇOU"
"MG";313320;"Itanhomi";;55;58;94,8275862068966;94,8;"ALCANÇOU"
"MG";313330;"Itaobim";;111;111;100;100;"ALCANÇOU"
"MG";313340;"Itapagipe";;139;139;100;100;"ALCANÇOU"
"MG";313350;"Itapecerica";;15;15;100;100;"ALCANÇOU"
"MG";313360;"Itapeva";;24;24;100;100;"ALCANÇOU"
"MG";313370;"Itatiaiuçu";;26;58;44,8275862068966;44,8;"NÃO ALCANÇOU"
"MG";313375;"Itaú de Minas";;50;51;98,0392156862745;98;"ALCANÇOU"
"MG";313380;"Itaúna";;607;623;97,4317817014446;97,4;"ALCANÇOU"
"MG";313390;"Itaverava";;1;1;100;100;"ALCANÇOU"
"MG";313400;"Itinga";;8;8;100;100;"ALCANÇOU"
"MG";313410;"Itueta";;17;17;100;100;"ALCANÇOU"
"MG";313420;"Ituiutaba";;321;321;100;100;"ALCANÇOU"
"MG";313430;"Itumirim";;1;1;100;100;"ALCANÇOU"
"MG";313440;"Iturama";;133;133;100;100;"ALCANÇOU"
"MG";313450;"Itutinga";;5;5;100;100;"ALCANÇOU"
"MG";313460;"Jaboticatubas";;65;65;100;100;"ALCANÇOU"
"MG";313470;"Jacinto";;12;12;100;100;"ALCANÇOU"
"MG";313480;"Jacuí";;15;15;100;100;"ALCANÇOU"
"MG";313490;"Jacutinga";;57;57;100;100;"ALCANÇOU"
"MG";313500;"Jaguaraçu";;2;2;100;100;"ALCANÇOU"
"MG";313505;"Jaíba";;220;222;99,0990990990991;99,1;"ALCANÇOU"
"MG";313507;"Jampruca";;7;7;100;100;"ALCANÇOU"
"MG";313510;"Janaúba";;179;182;98,3516483516484;98,4;"ALCANÇOU"
"MG";313520;"Januária";;222;325;68,3076923076923;68,3;"NÃO ALCANÇOU"
"MG";313530;"Japaraíba";;5;5;100;100;"ALCANÇOU"
"MG";313535;"Japonvar";;6;6;100;100;"ALCANÇOU"
"MG";313540;"Jeceaba";;8;8;100;100;"ALCANÇOU"
"MG";313545;"Jenipapo de Minas";;17;25;68;68;"NÃO ALCANÇOU"
"MG";313550;"Jequeri";;30;30;100;100;"ALCANÇOU"
"MG";313560;"Jequitaí";;25;25;100;100;"ALCANÇOU"
"MG";313570;"Jequitibá";;30;31;96,7741935483871;96,8;"ALCANÇOU"
"MG";313580;"Jequitinhonha";;0;1;0;0;"NÃO ALCANÇOU"
"MG";313590;"Jesuânia";;12;12;100;100;"ALCANÇOU"
"MG";313600;"Joaíma";;23;23;100;100;"ALCANÇOU"
"MG";313610;"Joanésia";;5;5;100;100;"ALCANÇOU"
"MG";313620;"João Monlevade";;479;518;92,4710424710425;92,5;"NÃO ALCANÇOU"
"MG";313630;"João Pinheiro";;171;171;100;100;"ALCANÇOU"
"MG";313640;"Joaquim Felício";;17;17;100;100;"ALCANÇOU"
"MG";313650;"Jordânia";"X";;;;;"NÃO ALCANÇOU"
"MG";313652;"José Gonçalves de Minas";;2;2;100;100;"ALCANÇOU"
"MG";313655;"José Raydan";;3;3;100;100;"ALCANÇOU"
"MG";313657;"Josenópolis";"X";;;;;"NÃO ALCANÇOU"
"MG";313660;"Nova União";;11;15;73,3333333333333;73,3;"NÃO ALCANÇOU"
"MG";313665;"Juatuba";;151;151;100;100;"ALCANÇOU"
"MG";313670;"Juiz de Fora";;1368;1424;96,0674157303371;96,1;"ALCANÇOU"
"MG";313680;"Juramento";"X";;;;;"NÃO ALCANÇOU"
"MG";313690;"Juruaia";;24;24;100;100;"ALCANÇOU"
"MG";313695;"Juvenília";;1;3;33,3333333333333;33,3;"NÃO ALCANÇOU"
"MG";313700;"Ladainha";;21;21;100;100;"ALCANÇOU"
"MG";313710;"Lagamar";;6;6;100;100;"ALCANÇOU"
"MG";313720;"Lagoa da Prata";;250;250;100;100;"ALCANÇOU"
"MG";313730;"Lagoa dos Patos";;6;6;100;100;"ALCANÇOU"
"MG";313740;"Lagoa Dourada";;12;12;100;100;"ALCANÇOU"
"MG";313750;"Lagoa Formosa";;56;62;90,3225806451613;90,3;"NÃO ALCANÇOU"
"MG";313753;"Lagoa Grande";;15;24;62,5;62,5;"NÃO ALCANÇOU"
"MG";313760;"Lagoa Santa";;381;396;96,2121212121212;96,2;"ALCANÇOU"
"MG";313770;"Lajinha";;5;5;100;100;"ALCANÇOU"
"MG";313780;"Lambari";;95;95;100;100;"ALCANÇOU"
"MG";313790;"Lamim";;11;11;100;100;"ALCANÇOU"
"MG";313800;"Laranjal";"X";;;;;"NÃO ALCANÇOU"
"MG";313810;"Lassance";;49;50;98;98;"ALCANÇOU"
"MG";313820;"Lavras";;430;431;99,7679814385151;99,8;"ALCANÇOU"
"MG";313830;"Leandro Ferreira";;14;14;100;100;"ALCANÇOU"
"MG";313835;"Leme do Prado";;11;11;100;100;"ALCANÇOU"
"MG";313840;"Leopoldina";;54;54;100;100;"ALCANÇOU"
"MG";313850;"Liberdade";;20;20;100;100;"ALCANÇOU"
"MG";313860;"Lima Duarte";;30;33;90,9090909090909;90,9;"NÃO ALCANÇOU"
"MG";313862;"Limeira do Oeste";;47;47;100;100;"ALCANÇOU"
"MG";313865;"Lontra";;14;14;100;100;"ALCANÇOU"
"MG";313867;"Luisburgo";;24;24;100;100;"ALCANÇOU"
"MG";313868;"Luislândia";"X";;;;;"NÃO ALCANÇOU"
"MG";313870;"Luminárias";;3;3;100;100;"ALCANÇOU"
"MG";313880;"Luz";;80;80;100;100;"ALCANÇOU"
"MG";313890;"Machacalis";;30;31;96,7741935483871;96,8;"ALCANÇOU"
"MG";313900;"Machado";;128;128;100;100;"ALCANÇOU"
"MG";313910;"Madre de Deus de Minas";;3;3;100;100;"ALCANÇOU"
"MG";313920;"Malacacheta";;35;35;100;100;"ALCANÇOU"
"MG";313925;"Mamonas";;12;12;100;100;"ALCANÇOU"
"MG";313930;"Manga";;54;62;87,0967741935484;87,1;"NÃO ALCANÇOU"
"MG";313940;"Manhuaçu";;415;415;100;100;"ALCANÇOU"
"MG";313950;"Manhumirim";;86;88;97,7272727272727;97,7;"ALCANÇOU"
"MG";313960;"Mantena";;32;32;100;100;"ALCANÇOU"
"MG";313970;"Maravilhas";;16;16;100;100;"ALCANÇOU"
"MG";313980;"Mar de Espanha";;12;12;100;100;"ALCANÇOU"
"MG";313990;"Maria da Fé";;137;140;97,8571428571429;97,9;"ALCANÇOU"
"MG";314000;"Mariana";;273;274;99,6350364963504;99,6;"ALCANÇOU"
"MG";314010;"Marilac";;6;6;100;100;"ALCANÇOU"
"MG";314015;"Mário Campos";;21;29;72,4137931034483;72,4;"NÃO ALCANÇOU"
"MG";314020;"Maripá de Minas";;15;15;100;100;"ALCANÇOU"
"MG";314030;"Marliéria";;2;2;100;100;"ALCANÇOU"
"MG";314040;"Marmelópolis";"X";;;;;"NÃO ALCANÇOU"
"MG";314050;"Martinho Campos";;7;7;100;100;"ALCANÇOU"
"MG";314053;"Martins Soares";;14;15;93,3333333333333;93,3;"NÃO ALCANÇOU"
"MG";314055;"Mata Verde";"X";;;;;"NÃO ALCANÇOU"
"MG";314060;"Materlândia";;15;15;100;100;"ALCANÇOU"
"MG";314070;"Mateus Leme";;152;153;99,3464052287582;99,3;"ALCANÇOU"
"MG";314080;"Matias Barbosa";;51;52;98,0769230769231;98,1;"ALCANÇOU"
"MG";314085;"Matias Cardoso";;8;8;100;100;"ALCANÇOU"
"MG";314090;"Matipó";;19;19;100;100;"ALCANÇOU"
"MG";314100;"Mato Verde";;32;32;100;100;"ALCANÇOU"
"MG";314110;"Matozinhos";;30;30;100;100;"ALCANÇOU"
"MG";314120;"Matutina";;7;10;70;70;"NÃO ALCANÇOU"
"MG";314130;"Medeiros";;1;1;100;100;"ALCANÇOU"
"MG";314140;"Medina";;11;11;100;100;"ALCANÇOU"
"MG";314150;"Mendes Pimentel";;2;2;100;100;"ALCANÇOU"
"MG";314160;"Mercês";"X";;;;;"NÃO ALCANÇOU"
"MG";314170;"Mesquita";"X";;;;;"NÃO ALCANÇOU"
"MG";314180;"Minas Novas";;61;62;98,3870967741936;98,4;"ALCANÇOU"
"MG";314190;"Minduri";;1;1;100;100;"ALCANÇOU"
"MG";314200;"Mirabela";;16;16;100;100;"ALCANÇOU"
"MG";314210;"Miradouro";;20;20;100;100;"ALCANÇOU"
"MG";314220;"Miraí";;36;37;97,2972972972973;97,3;"ALCANÇOU"
"MG";314225;"Miravânia";;1;1;100;100;"ALCANÇOU"
"MG";314230;"Moeda";;1;1;100;100;"ALCANÇOU"
"MG";314240;"Moema";;37;37;100;100;"ALCANÇOU"
"MG";314250;"Monjolos";;4;5;80;80;"NÃO ALCANÇOU"
"MG";314260;"Monsenhor Paulo";;13;13;100;100;"ALCANÇOU"
"MG";314270;"Montalvânia";;16;16;100;100;"ALCANÇOU"
"MG";314280;"Monte Alegre de Minas";;37;37;100;100;"ALCANÇOU"
"MG";314290;"Monte Azul";;16;16;100;100;"ALCANÇOU"
"MG";314300;"Monte Belo";;42;42;100;100;"ALCANÇOU"
"MG";314310;"Monte Carmelo";;154;154;100;100;"ALCANÇOU"
"MG";314315;"Monte Formoso";;2;2;100;100;"ALCANÇOU"
"MG";314320;"Monte Santo de Minas";;57;57;100;100;"ALCANÇOU"
"MG";314330;"Montes Claros";;1033;1223;84,4644317252657;84,5;"NÃO ALCANÇOU"
"MG";314340;"Monte Sião";;10;10;100;100;"ALCANÇOU"
"MG";314345;"Montezuma";;1;1;100;100;"ALCANÇOU"
"MG";314350;"Morada Nova de Minas";;131;131;100;100;"ALCANÇOU"
"MG";314360;"Morro da Garça";"X";;;;;"NÃO ALCANÇOU"
"MG";314370;"Morro do Pilar";;2;2;100;100;"ALCANÇOU"
"MG";314380;"Munhoz";;16;16;100;100;"ALCANÇOU"
"MG";314390;"Muriaé";;533;533;100;100;"ALCANÇOU"
"MG";314400;"Mutum";;46;46;100;100;"ALCANÇOU"
"MG";314410;"Muzambinho";;53;53;100;100;"ALCANÇOU"
"MG";314420;"Nacip Raydan";;1;1;100;100;"ALCANÇOU"
"MG";314430;"Nanuque";;74;84;88,0952380952381;88,1;"NÃO ALCANÇOU"
"MG";314435;"Naque";;36;42;85,7142857142857;85,7;"NÃO ALCANÇOU"
"MG";314437;"Natalândia";;22;22;100;100;"ALCANÇOU"
"MG";314440;"Natércia";;20;21;95,2380952380952;95,2;"ALCANÇOU"
"MG";314450;"Nazareno";;11;13;84,6153846153846;84,6;"NÃO ALCANÇOU"
"MG";314460;"Nepomuceno";;131;131;100;100;"ALCANÇOU"
"MG";314465;"Ninheira";"X";;;;;"NÃO ALCANÇOU"
"MG";314467;"Nova Belém";;9;9;100;100;"ALCANÇOU"
"MG";314470;"Nova Era";;23;29;79,3103448275862;79,3;"NÃO ALCANÇOU"
"MG";314480;"Nova Lima";;292;295;98,9830508474576;99;"ALCANÇOU"
"MG";314490;"Nova Módica";;2;2;100;100;"ALCANÇOU"
"MG";314500;"Nova Ponte";;31;31;100;100;"ALCANÇOU"
"MG";314505;"Nova Porteirinha";;3;3;100;100;"ALCANÇOU"
"MG";314510;"Nova Resende";;34;34;100;100;"ALCANÇOU"
"MG";314520;"Nova Serrana";;139;142;97,887323943662;97,9;"ALCANÇOU"
"MG";314530;"Novo Cruzeiro";;115;117;98,2905982905983;98,3;"ALCANÇOU"
"MG";314535;"Novo Oriente de Minas";;1;1;100;100;"ALCANÇOU"
"MG";314537;"Novorizonte";;7;7;100;100;"ALCANÇOU"
"MG";314540;"Olaria";"X";;;;;"NÃO ALCANÇOU"
"MG";314545;"Olhos-dÁgua";;9;9;100;100;"ALCANÇOU"
"MG";314550;"Olímpio Noronha";;1;1;100;100;"ALCANÇOU"
"MG";314560;"Oliveira";;127;131;96,9465648854962;96,9;"ALCANÇOU"
"MG";314570;"Oliveira Fortes";"X";;;;;"NÃO ALCANÇOU"
"MG";314580;"Onça de Pitangui";;1;1;100;100;"ALCANÇOU"
"MG";314585;"Oratórios";;2;2;100;100;"ALCANÇOU"
"MG";314587;"Orizânia";;22;22;100;100;"ALCANÇOU"
"MG";314590;"Ouro Branco";;10;110;9,09090909090909;9,1;"NÃO ALCANÇOU"
"MG";314600;"Ouro Fino";;25;36;69,4444444444444;69,4;"NÃO ALCANÇOU"
"MG";314610;"Ouro Preto";;242;243;99,5884773662551;99,6;"ALCANÇOU"
"MG";314620;"Ouro Verde de Minas";;17;17;100;100;"ALCANÇOU"
"MG";314625;"Padre Carvalho";"X";;;;;"NÃO ALCANÇOU"
"MG";314630;"Padre Paraíso";;90;90;100;100;"ALCANÇOU"
"MG";314640;"Paineiras";;6;6;100;100;"ALCANÇOU"
"MG";314650;"Pains";;11;11;100;100;"ALCANÇOU"
"MG";314655;"Pai Pedro";;12;12;100;100;"ALCANÇOU"
"MG";314660;"Paiva";;2;2;100;100;"ALCANÇOU"
"MG";314670;"Palma";;15;15;100;100;"ALCANÇOU"
"MG";314675;"Palmópolis";;0;1;0;0;"NÃO ALCANÇOU"
"MG";314690;"Papagaios";;79;83;95,1807228915663;95,2;"ALCANÇOU"
"MG";314700;"Paracatu";;600;600;100;100;"ALCANÇOU"
"MG";314710;"Pará de Minas";;496;500;99,2;99,2;"ALCANÇOU"
"MG";314720;"Paraguaçu";;102;102;100;100;"ALCANÇOU"
"MG";314730;"Paraisópolis";;57;57;100;100;"ALCANÇOU"
"MG";314740;"Paraopeba";;99;99;100;100;"ALCANÇOU"
"MG";314750;"Passabém";;1;1;100;100;"ALCANÇOU"
"MG";314760;"Passa Quatro";;27;27;100;100;"ALCANÇOU"
"MG";314770;"Passa Tempo";;3;3;100;100;"ALCANÇOU"
"MG";314780;"Passa-Vinte";;7;7;100;100;"ALCANÇOU"
"MG";314790;"Passos";;703;709;99,1537376586742;99,2;"ALCANÇOU"
"MG";314795;"Patis";"X";;;;;"NÃO ALCANÇOU"
"MG";314800;"Patos de Minas";;450;451;99,7782705099778;99,8;"ALCANÇOU"
"MG";314810;"Patrocínio";;175;182;96,1538461538462;96,2;"ALCANÇOU"
"MG";314820;"Patrocínio do Muriaé";;41;43;95,3488372093023;95,3;"ALCANÇOU"
"MG";314830;"Paula Cândido";;49;49;100;100;"ALCANÇOU"
"MG";314840;"Paulistas";;5;5;100;100;"ALCANÇOU"
"MG";314850;"Pavão";;28;28;100;100;"ALCANÇOU"
"MG";314860;"Peçanha";;26;27;96,2962962962963;96,3;"ALCANÇOU"
"MG";314870;"Pedra Azul";;106;107;99,0654205607477;99,1;"ALCANÇOU"
"MG";314875;"Pedra Bonita";;6;6;100;100;"ALCANÇOU"
"MG";314880;"Pedra do Anta";;6;6;100;100;"ALCANÇOU"
"MG";314890;"Pedra do Indaiá";;13;15;86,6666666666667;86,7;"NÃO ALCANÇOU"
"MG";314900;"Pedra Dourada";;17;17;100;100;"ALCANÇOU"
"MG";314910;"Pedralva";;31;31;100;100;"ALCANÇOU"
"MG";314915;"Pedras de Maria da Cruz";;1;1;100;100;"ALCANÇOU"
"MG";314920;"Pedrinópolis";;6;6;100;100;"ALCANÇOU"
"MG";314930;"Pedro Leopoldo";;303;314;96,4968152866242;96,5;"ALCANÇOU"
"MG";314940;"Pedro Teixeira";;2;2;100;100;"ALCANÇOU"
"MG";314950;"Pequeri";;14;14;100;100;"ALCANÇOU"
"MG";314960;"Pequi";;34;34;100;100;"ALCANÇOU"
"MG";314970;"Perdigão";;54;54;100;100;"ALCANÇOU"
"MG";314980;"Perdizes";;57;57;100;100;"ALCANÇOU"
"MG";314990;"Perdões";;45;54;83,3333333333333;83,3;"NÃO ALCANÇOU"
"MG";314995;"Periquito";;6;9;66,6666666666667;66,7;"NÃO ALCANÇOU"
"MG";315000;"Pescador";;11;11;100;100;"ALCANÇOU"
"MG";315010;"Piau";;7;7;100;100;"ALCANÇOU"
"MG";315015;"Piedade de Caratinga";;4;4;100;100;"ALCANÇOU"
"MG";315020;"Piedade de Ponte Nova";;9;10;90;90;"NÃO ALCANÇOU"
"MG";315030;"Piedade do Rio Grande";;19;19;100;100;"ALCANÇOU"
"MG";315040;"Piedade dos Gerais";"X";;;;;"NÃO ALCANÇOU"
"MG";315050;"Pimenta";;55;55;100;100;"ALCANÇOU"
"MG";315053;"Pingo-dÁgua";;1;1;100;100;"ALCANÇOU"
"MG";315057;"Pintópolis";;16;16;100;100;"ALCANÇOU"
"MG";315060;"Piracema";;7;7;100;100;"ALCANÇOU"
"MG";315070;"Pirajuba";;42;42;100;100;"ALCANÇOU"
"MG";315080;"Piranga";;46;46;100;100;"ALCANÇOU"
"MG";315090;"Piranguçu";"X";;;;;"NÃO ALCANÇOU"
"MG";315100;"Piranguinho";;16;16;100;100;"ALCANÇOU"
"MG";315110;"Pirapetinga";;42;42;100;100;"ALCANÇOU"
"MG";315120;"Pirapora";;232;234;99,1452991452991;99,1;"ALCANÇOU"
"MG";315130;"Piraúba";;18;18;100;100;"ALCANÇOU"
"MG";315140;"Pitangui";;169;204;82,843137254902;82,8;"NÃO ALCANÇOU"
"MG";315150;"Piumhi";;284;284;100;100;"ALCANÇOU"
"MG";315160;"Planura";;69;70;98,5714285714286;98,6;"ALCANÇOU"
"MG";315170;"Poço Fundo";;133;133;100;100;"ALCANÇOU"
"MG";315180;"Poços de Caldas";;780;787;99,1105463786531;99,1;"ALCANÇOU"
"MG";315190;"Pocrane";;13;13;100;100;"ALCANÇOU"
"MG";315200;"Pompéu";;115;128;89,84375;89,8;"NÃO ALCANÇOU"
"MG";315210;"Ponte Nova";;360;363;99,1735537190083;99,2;"ALCANÇOU"
"MG";315213;"Ponto Chique";;1;1;100;100;"ALCANÇOU"
"MG";315217;"Ponto dos Volantes";;23;23;100;100;"ALCANÇOU"
"MG";315220;"Porteirinha";;127;127;100;100;"ALCANÇOU"
"MG";315230;"Porto Firme";;9;9;100;100;"ALCANÇOU"
"MG";315240;"Poté";;9;9;100;100;"ALCANÇOU"
"MG";315250;"Pouso Alegre";;1673;1818;92,024202420242;92;"NÃO ALCANÇOU"
"MG";315260;"Pouso Alto";;2;2;100;100;"ALCANÇOU"
"MG";315270;"Prados";;8;8;100;100;"ALCANÇOU"
"MG";315280;"Prata";;162;162;100;100;"ALCANÇOU"
"MG";315290;"Pratápolis";;7;7;100;100;"ALCANÇOU"
"MG";315300;"Pratinha";;19;19;100;100;"ALCANÇOU"
"MG";315310;"Presidente Bernardes";;23;23;100;100;"ALCANÇOU"
"MG";315320;"Presidente Juscelino";;2;4;50;50;"NÃO ALCANÇOU"
"MG";315330;"Presidente Kubitschek";;23;26;88,4615384615385;88,5;"NÃO ALCANÇOU"
"MG";315340;"Presidente Olegário";;9;9;100;100;"ALCANÇOU"
"MG";315350;"Alto Jequitibá";;27;27;100;100;"ALCANÇOU"
"MG";315360;"Prudente de Morais";;92;97;94,8453608247423;94,8;"ALCANÇOU"
"MG";315370;"Quartel Geral";"X";;;;;"NÃO ALCANÇOU"
"MG";315380;"Queluzito";;3;3;100;100;"ALCANÇOU"
"MG";315390;"Raposos";;13;13;100;100;"ALCANÇOU"
"MG";315400;"Raul Soares";;122;129;94,5736434108527;94,6;"ALCANÇOU"
"MG";315410;"Recreio";;12;12;100;100;"ALCANÇOU"
"MG";315415;"Reduto";;16;17;94,1176470588235;94,1;"NÃO ALCANÇOU"
"MG";315420;"Resende Costa";;21;21;100;100;"ALCANÇOU"
"MG";315430;"Resplendor";;201;201;100;100;"ALCANÇOU"
"MG";315440;"Ressaquinha";;5;5;100;100;"ALCANÇOU"
"MG";315445;"Riachinho";;15;15;100;100;"ALCANÇOU"
"MG";315450;"Riacho dos Machados";;11;11;100;100;"ALCANÇOU"
"MG";315460;"Ribeirão das Neves";;1190;1234;96,4343598055105;96,4;"ALCANÇOU"
"MG";315470;"Ribeirão Vermelho";"X";;;;;"NÃO ALCANÇOU"
"MG";315480;"Rio Acima";;36;49;73,469387755102;73,5;"NÃO ALCANÇOU"
"MG";315490;"Rio Casca";;31;31;100;100;"ALCANÇOU"
"MG";315500;"Rio Doce";;2;2;100;100;"ALCANÇOU"
"MG";315510;"Rio do Prado";"X";;;;;"NÃO ALCANÇOU"
"MG";315520;"Rio Espera";;3;3;100;100;"ALCANÇOU"
"MG";315530;"Rio Manso";;7;12;58,3333333333333;58,3;"NÃO ALCANÇOU"
"MG";315540;"Rio Novo";;36;40;90;90;"NÃO ALCANÇOU"
"MG";315550;"Rio Paranaíba";;76;76;100;100;"ALCANÇOU"
"MG";315560;"Rio Pardo de Minas";;6;6;100;100;"ALCANÇOU"
"MG";315570;"Rio Piracicaba";;98;118;83,0508474576271;83,1;"NÃO ALCANÇOU"
"MG";315580;"Rio Pomba";;61;61;100;100;"ALCANÇOU"
"MG";315590;"Rio Preto";;10;12;83,3333333333333;83,3;"NÃO ALCANÇOU"
"MG";315600;"Rio Vermelho";;25;29;86,2068965517241;86,2;"NÃO ALCANÇOU"
"MG";315610;"Ritápolis";;15;18;83,3333333333333;83,3;"NÃO ALCANÇOU"
"MG";315620;"Rochedo de Minas";"X";;;;;"NÃO ALCANÇOU"
"MG";315630;"Rodeiro";;7;7;100;100;"ALCANÇOU"
"MG";315640;"Romaria";"X";;;;;"NÃO ALCANÇOU"
"MG";315645;"Rosário da Limeira";;5;5;100;100;"ALCANÇOU"
"MG";315650;"Rubelita";;2;2;100;100;"ALCANÇOU"
"MG";315660;"Rubim";;31;32;96,875;96,9;"ALCANÇOU"
"MG";315670;"Sabará";;383;667;57,4212893553223;57,4;"NÃO ALCANÇOU"
"MG";315680;"Sabinópolis";;74;77;96,1038961038961;96,1;"ALCANÇOU"
"MG";315690;"Sacramento";;148;148;100;100;"ALCANÇOU"
"MG";315700;"Salinas";;158;160;98,75;98,8;"ALCANÇOU"
"MG";315710;"Salto da Divisa";;25;25;100;100;"ALCANÇOU"
"MG";315720;"Santa Bárbara";;222;222;100;100;"ALCANÇOU"
"MG";315725;"Santa Bárbara do Leste";;16;16;100;100;"ALCANÇOU"
"MG";315727;"Santa Bárbara do Monte Verde";;15;15;100;100;"ALCANÇOU"
"MG";315730;"Santa Bárbara do Tugúrio";;1;1;100;100;"ALCANÇOU"
"MG";315733;"Santa Cruz de Minas";;8;8;100;100;"ALCANÇOU"
"MG";315737;"Santa Cruz de Salinas";;6;6;100;100;"ALCANÇOU"
"MG";315740;"Santa Cruz do Escalvado";;4;4;100;100;"ALCANÇOU"
"MG";315750;"Santa Efigênia de Minas";;10;10;100;100;"ALCANÇOU"
"MG";315760;"Santa Fé de Minas";;17;17;100;100;"ALCANÇOU"
"MG";315765;"Santa Helena de Minas";;21;21;100;100;"ALCANÇOU"
"MG";315770;"Santa Juliana";;8;8;100;100;"ALCANÇOU"
"MG";315780;"Santa Luzia";;187;442;42,3076923076923;42,3;"NÃO ALCANÇOU"
"MG";315790;"Santa Margarida";;20;20;100;100;"ALCANÇOU"
"MG";315800;"Santa Maria de Itabira";;42;45;93,3333333333333;93,3;"NÃO ALCANÇOU"
"MG";315810;"Santa Maria do Salto";;5;5;100;100;"ALCANÇOU"
"MG";315820;"Santa Maria do Suaçuí";;23;24;95,8333333333333;95,8;"ALCANÇOU"
"MG";315830;"Santana da Vargem";;20;20;100;100;"ALCANÇOU"
"MG";315840;"Santana de Cataguases";;17;17;100;100;"ALCANÇOU"
"MG";315850;"Santana de Pirapama";;30;34;88,2352941176471;88,2;"NÃO ALCANÇOU"
"MG";315860;"Santana do Deserto";;7;7;100;100;"ALCANÇOU"
"MG";315870;"Santana do Garambéu";;1;1;100;100;"ALCANÇOU"
"MG";315880;"Santana do Jacaré";;7;7;100;100;"ALCANÇOU"
"MG";315890;"Santana do Manhuaçu";;27;27;100;100;"ALCANÇOU"
"MG";315895;"Santana do Paraíso";;13;13;100;100;"ALCANÇOU"
"MG";315900;"Santana do Riacho";;2;2;100;100;"ALCANÇOU"
"MG";315910;"Santana dos Montes";;3;3;100;100;"ALCANÇOU"
"MG";315920;"Santa Rita de Caldas";;6;6;100;100;"ALCANÇOU"
"MG";315930;"Santa Rita de Jacutinga";"X";;;;;"NÃO ALCANÇOU"
"MG";315935;"Santa Rita de Minas";;7;7;100;100;"ALCANÇOU"
"MG";315940;"Santa Rita de Ibitipoca";;5;6;83,3333333333333;83,3;"NÃO ALCANÇOU"
"MG";315950;"Santa Rita do Itueto";;5;5;100;100;"ALCANÇOU"
"MG";315960;"Santa Rita do Sapucaí";;210;211;99,5260663507109;99,5;"ALCANÇOU"
"MG";315970;"Santa Rosa da Serra";;6;6;100;100;"ALCANÇOU"
"MG";315980;"Santa Vitória";;86;88;97,7272727272727;97,7;"ALCANÇOU"
"MG";315990;"Santo Antônio do Amparo";;139;147;94,5578231292517;94,6;"ALCANÇOU"
"MG";316000;"Santo Antônio do Aventureiro";;4;4;100;100;"ALCANÇOU"
"MG";316010;"Santo Antônio do Grama";;5;6;83,3333333333333;83,3;"NÃO ALCANÇOU"
"MG";316020;"Santo Antônio do Itambé";;2;2;100;100;"ALCANÇOU"
"MG";316030;"Santo Antônio do Jacinto";;1;1;100;100;"ALCANÇOU"
"MG";316040;"Santo Antônio do Monte";;106;106;100;100;"ALCANÇOU"
"MG";316045;"Santo Antônio do Retiro";;4;5;80;80;"NÃO ALCANÇOU"
"MG";316050;"Santo Antônio do Rio Abaixo";"X";;;;;"NÃO ALCANÇOU"
"MG";316060;"Santo Hipólito";;12;14;85,7142857142857;85,7;"NÃO ALCANÇOU"
"MG";316070;"Santos Dumont";;90;98;91,8367346938775;91,8;"NÃO ALCANÇOU"
"MG";316080;"São Bento Abade";;7;7;100;100;"ALCANÇOU"
"MG";316090;"São Brás do Suaçuí";;28;28;100;100;"ALCANÇOU"
"MG";316095;"São Domingos das Dores";;14;14;100;100;"ALCANÇOU"
"MG";316100;"São Domingos do Prata";;20;32;62,5;62,5;"NÃO ALCANÇOU"
"MG";316105;"São Félix de Minas";;1;1;100;100;"ALCANÇOU"
"MG";316110;"São Francisco";;91;91;100;100;"ALCANÇOU"
"MG";316120;"São Francisco de Paula";;19;19;100;100;"ALCANÇOU"
"MG";316130;"São Francisco de Sales";;52;52;100;100;"ALCANÇOU"
"MG";316140;"São Francisco do Glória";;3;3;100;100;"ALCANÇOU"
"MG";316150;"São Geraldo";;26;28;92,8571428571429;92,9;"NÃO ALCANÇOU"
"MG";316160;"São Geraldo da Piedade";;6;6;100;100;"ALCANÇOU"
"MG";316165;"São Geraldo do Baixio";;4;4;100;100;"ALCANÇOU"
"MG";316170;"São Gonçalo do Abaeté";;7;9;77,7777777777778;77,8;"NÃO ALCANÇOU"
"MG";316180;"São Gonçalo do Pará";;12;12;100;100;"ALCANÇOU"
"MG";316190;"São Gonçalo do Rio Abaixo";;30;56;53,5714285714286;53,6;"NÃO ALCANÇOU"
"MG";316200;"São Gonçalo do Sapucaí";;100;101;99,009900990099;99;"ALCANÇOU"
"MG";316210;"São Gotardo";;160;161;99,3788819875776;99,4;"ALCANÇOU"
"MG";316220;"São João Batista do Glória";;37;37;100;100;"ALCANÇOU"
"MG";316225;"São João da Lagoa";;16;16;100;100;"ALCANÇOU"
"MG";316230;"São João da Mata";;2;2;100;100;"ALCANÇOU"
"MG";316240;"São João da Ponte";;18;18;100;100;"ALCANÇOU"
"MG";316245;"São João das Missões";;42;42;100;100;"ALCANÇOU"
"MG";316250;"São João del Rei";;234;241;97,0954356846473;97,1;"ALCANÇOU"
"MG";316255;"São João do Manhuaçu";;18;18;100;100;"ALCANÇOU"
"MG";316257;"São João do Manteninha";;8;8;100;100;"ALCANÇOU"
"MG";316260;"São João do Oriente";;8;8;100;100;"ALCANÇOU"
"MG";316265;"São João do Pacuí";;5;7;71,4285714285714;71,4;"NÃO ALCANÇOU"
"MG";316270;"São João do Paraíso";;10;10;100;100;"ALCANÇOU"
"MG";316280;"São João Evangelista";;44;46;95,6521739130435;95,7;"ALCANÇOU"
"MG";316290;"São João Nepomuceno";;55;57;96,4912280701754;96,5;"ALCANÇOU"
"MG";316292;"São Joaquim de Bicas";;7;7;100;100;"ALCANÇOU"
"MG";316294;"São José da Barra";;21;22;95,4545454545455;95,5;"ALCANÇOU"
"MG";316295;"São José da Lapa";;105;128;82,03125;82;"NÃO ALCANÇOU"
"MG";316300;"São José da Safira";;7;7;100;100;"ALCANÇOU"
"MG";316310;"São José da Varginha";;2;2;100;100;"ALCANÇOU"
"MG";316320;"São José do Alegre";;8;8;100;100;"ALCANÇOU"
"MG";316330;"São José do Divino";;4;4;100;100;"ALCANÇOU"
"MG";316340;"São José do Goiabal";;7;7;100;100;"ALCANÇOU"
"MG";316350;"São José do Jacuri";;11;11;100;100;"ALCANÇOU"
"MG";316360;"São José do Mantimento";"X";;;;;"NÃO ALCANÇOU"
"MG";316370;"São Lourenço";;352;352;100;100;"ALCANÇOU"
"MG";316380;"São Miguel do Anta";;3;3;100;100;"ALCANÇOU"
"MG";316390;"São Pedro da União";;57;57;100;100;"ALCANÇOU"
"MG";316400;"São Pedro dos Ferros";;11;11;100;100;"ALCANÇOU"
"MG";316410;"São Pedro do Suaçuí";;1;1;100;100;"ALCANÇOU"
"MG";316420;"São Romão";;7;7;100;100;"ALCANÇOU"
"MG";316430;"São Roque de Minas";;18;18;100;100;"ALCANÇOU"
"MG";316440;"São Sebastião da Bela Vista";;23;24;95,8333333333333;95,8;"ALCANÇOU"
"MG";316443;"São Sebastião da Vargem Alegre";;9;9;100;100;"ALCANÇOU"
"MG";316447;"São Sebastião do Anta";;1;1;100;100;"ALCANÇOU"
"MG";316450;"São Sebastião do Maranhão";;6;6;100;100;"ALCANÇOU"
"MG";316460;"São Sebastião do Oeste";;46;61;75,4098360655738;75,4;"NÃO ALCANÇOU"
"MG";316470;"São Sebastião do Paraíso";;156;160;97,5;97,5;"ALCANÇOU"
"MG";316480;"São Sebastião do Rio Preto";;3;3;100;100;"ALCANÇOU"
"MG";316490;"São Sebastião do Rio Verde";"X";;;;;"NÃO ALCANÇOU"
"MG";316500;"São Tiago";;5;5;100;100;"ALCANÇOU"
"MG";316510;"São Tomás de Aquino";;21;21;100;100;"ALCANÇOU"
"MG";316520;"São Thomé das Letras";;25;27;92,5925925925926;92,6;"NÃO ALCANÇOU"
"MG";316530;"São Vicente de Minas";;13;13;100;100;"ALCANÇOU"
"MG";316540;"Sapucaí-Mirim";;7;7;100;100;"ALCANÇOU"
"MG";316550;"Sardoá";;11;11;100;100;"ALCANÇOU"
"MG";316553;"Sarzedo";;58;64;90,625;90,6;"NÃO ALCANÇOU"
"MG";316555;"Setubinha";;3;3;100;100;"ALCANÇOU"
"MG";316556;"Sem-Peixe";;5;5;100;100;"ALCANÇOU"
"MG";316557;"Senador Amaral";;2;2;100;100;"ALCANÇOU"
"MG";316560;"Senador Cortes";;8;8;100;100;"ALCANÇOU"
"MG";316570;"Senador Firmino";;33;33;100;100;"ALCANÇOU"
"MG";316580;"Senador José Bento";;2;2;100;100;"ALCANÇOU"
"MG";316590;"Senador Modestino Gonçalves";;9;11;81,8181818181818;81,8;"NÃO ALCANÇOU"
"MG";316600;"Senhora de Oliveira";;10;10;100;100;"ALCANÇOU"
"MG";316610;"Senhora do Porto";;11;12;91,6666666666667;91,7;"NÃO ALCANÇOU"
"MG";316620;"Senhora dos Remédios";;28;28;100;100;"ALCANÇOU"
"MG";316630;"Sericita";;22;22;100;100;"ALCANÇOU"
"MG";316640;"Seritinga";;8;8;100;100;"ALCANÇOU"
"MG";316650;"Serra Azul de Minas";;23;23;100;100;"ALCANÇOU"
"MG";316660;"Serra da Saudade";"X";;;;;"NÃO ALCANÇOU"
"MG";316670;"Serra dos Aimorés";"X";;;;;"NÃO ALCANÇOU"
"MG";316680;"Serra do Salitre";;90;90;100;100;"ALCANÇOU"
"MG";316690;"Serrania";;22;22;100;100;"ALCANÇOU"
"MG";316695;"Serranópolis de Minas";;4;4;100;100;"ALCANÇOU"
"MG";316700;"Serranos";;1;1;100;100;"ALCANÇOU"
"MG";316710;"Serro";;115;119;96,6386554621849;96,6;"ALCANÇOU"
"MG";316720;"Sete Lagoas";;876;886;98,8713318284424;98,9;"ALCANÇOU"
"MG";316730;"Silveirânia";;20;20;100;100;"ALCANÇOU"
"MG";316740;"Silvianópolis";;7;7;100;100;"ALCANÇOU"
"MG";316750;"Simão Pereira";"X";;;;;"NÃO ALCANÇOU"
"MG";316760;"Simonésia";;41;44;93,1818181818182;93,2;"NÃO ALCANÇOU"
"MG";316770;"Sobrália";;26;27;96,2962962962963;96,3;"ALCANÇOU"
"MG";316780;"Soledade de Minas";;1;1;100;100;"ALCANÇOU"
"MG";316790;"Tabuleiro";;6;6;100;100;"ALCANÇOU"
"MG";316800;"Taiobeiras";;129;131;98,4732824427481;98,5;"ALCANÇOU"
"MG";316805;"Taparuba";;8;8;100;100;"ALCANÇOU"
"MG";316810;"Tapira";;25;25;100;100;"ALCANÇOU"
"MG";316820;"Tapiraí";"X";;;;;"NÃO ALCANÇOU"
"MG";316830;"Taquaraçu de Minas";;21;21;100;100;"ALCANÇOU"
"MG";316840;"Tarumirim";;9;9;100;100;"ALCANÇOU"
"MG";316850;"Teixeiras";;20;29;68,9655172413793;69;"NÃO ALCANÇOU"
"MG";316860;"Teófilo Otoni";;602;605;99,504132231405;99,5;"ALCANÇOU"
"MG";316870;"Timóteo";;114;134;85,0746268656716;85,1;"NÃO ALCANÇOU"
"MG";316880;"Tiradentes";;11;11;100;100;"ALCANÇOU"
"MG";316890;"Tiros";;28;28;100;100;"ALCANÇOU"
"MG";316900;"Tocantins";;10;10;100;100;"ALCANÇOU"
"MG";316905;"Tocos do Moji";;5;5;100;100;"ALCANÇOU"
"MG";316910;"Toledo";;28;28;100;100;"ALCANÇOU"
"MG";316920;"Tombos";;14;14;100;100;"ALCANÇOU"
"MG";316930;"Três Corações";;125;141;88,6524822695036;88,7;"NÃO ALCANÇOU"
"MG";316935;"Três Marias";;132;159;83,0188679245283;83;"NÃO ALCANÇOU"
"MG";316940;"Três Pontas";;193;194;99,4845360824742;99,5;"ALCANÇOU"
"MG";316950;"Tumiritinga";;6;6;100;100;"ALCANÇOU"
"MG";316960;"Tupaciguara";;89;89;100;100;"ALCANÇOU"
"MG";316970;"Turmalina";;55;55;100;100;"ALCANÇOU"
"MG";316980;"Turvolândia";;13;13;100;100;"ALCANÇOU"
"MG";316990;"Ubá";;364;364;100;100;"ALCANÇOU"
"MG";317000;"Ubaí";;26;26;100;100;"ALCANÇOU"
"MG";317005;"Ubaporanga";;12;12;100;100;"ALCANÇOU"
"MG";317010;"Uberaba";;1945;2106;92,355175688509;92,4;"NÃO ALCANÇOU"
"MG";317020;"Uberlândia";;2021;2064;97,9166666666667;97,9;"ALCANÇOU"
"MG";317030;"Umburatiba";"X";;;;;"NÃO ALCANÇOU"
"MG";317040;"Unaí";;88;97;90,7216494845361;90,7;"NÃO ALCANÇOU"
"MG";317043;"União de Minas";;23;23;100;100;"ALCANÇOU"
"MG";317047;"Uruana de Minas";;6;6;100;100;"ALCANÇOU"
"MG";317050;"Urucânia";;18;18;100;100;"ALCANÇOU"
"MG";317052;"Urucuia";;50;50;100;100;"ALCANÇOU"
"MG";317057;"Vargem Alegre";;2;3;66,6666666666667;66,7;"NÃO ALCANÇOU"
"MG";317060;"Vargem Bonita";;7;7;100;100;"ALCANÇOU"
"MG";317065;"Vargem Grande do Rio Pardo";;6;6;100;100;"ALCANÇOU"
"MG";317070;"Varginha";;758;779;97,3042362002567;97,3;"ALCANÇOU"
"MG";317075;"Varjão de Minas";;51;51;100;100;"ALCANÇOU"
"MG";317080;"Várzea da Palma";;321;328;97,8658536585366;97,9;"ALCANÇOU"
"MG";317090;"Varzelândia";;5;6;83,3333333333333;83,3;"NÃO ALCANÇOU"
"MG";317100;"Vazante";;103;103;100;100;"ALCANÇOU"
"MG";317103;"Verdelândia";;8;8;100;100;"ALCANÇOU"
"MG";317107;"Veredinha";;4;4;100;100;"ALCANÇOU"
"MG";317110;"Veríssimo";;11;11;100;100;"ALCANÇOU"
"MG";317115;"Vermelho Novo";;3;3;100;100;"ALCANÇOU"
"MG";317120;"Vespasiano";;120;153;78,4313725490196;78,4;"NÃO ALCANÇOU"
"MG";317130;"Viçosa";;321;344;93,3139534883721;93,3;"NÃO ALCANÇOU"
"MG";317140;"Vieiras";;3;3;100;100;"ALCANÇOU"
"MG";317150;"Mathias Lobato";;18;18;100;100;"ALCANÇOU"
"MG";317160;"Virgem da Lapa";;17;17;100;100;"ALCANÇOU"
"MG";317170;"Virgínia";;28;28;100;100;"ALCANÇOU"
"MG";317180;"Virginópolis";;79;81;97,5308641975309;97,5;"ALCANÇOU"
"MG";317190;"Virgolândia";;14;14;100;100;"ALCANÇOU"
"MG";317200;"Visconde do Rio Branco";;149;149;100;100;"ALCANÇOU"
"MG";317210;"Volta Grande";;13;14;92,8571428571429;92,9;"NÃO ALCANÇOU"
"MG";317220;"Wenceslau Braz";;7;7;100;100;"ALCANÇOU"
"ES";320010;"Afonso Cláudio";;147;147;100;100;"ALCANÇOU"
"ES";320013;"Águia Branca";;8;8;100;100;"ALCANÇOU"
"ES";320016;"Água Doce do Norte";;19;19;100;100;"ALCANÇOU"
"ES";320020;"Alegre";;205;205;100;100;"ALCANÇOU"
"ES";320030;"Alfredo Chaves";;132;132;100;100;"ALCANÇOU"
"ES";320035;"Alto Rio Novo";;17;17;100;100;"ALCANÇOU"
"ES";320040;"Anchieta";;273;273;100;100;"ALCANÇOU"
"ES";320050;"Apiacá";;22;22;100;100;"ALCANÇOU"
"ES";320060;"Aracruz";;477;477;100;100;"ALCANÇOU"
"ES";320070;"Atilio Vivacqua";;35;35;100;100;"ALCANÇOU"
"ES";320080;"Baixo Guandu";;119;119;100;100;"ALCANÇOU"
"ES";320090;"Barra de São Francisco";;242;242;100;100;"ALCANÇOU"
"ES";320100;"Boa Esperança";;10;10;100;100;"ALCANÇOU"
"ES";320110;"Bom Jesus do Norte";;15;15;100;100;"ALCANÇOU"
"ES";320115;"Brejetuba";;27;27;100;100;"ALCANÇOU"
"ES";320120;"Cachoeiro de Itapemirim";;899;899;100;100;"ALCANÇOU"
"ES";320130;"Cariacica";;2053;2053;100;100;"ALCANÇOU"
"ES";320140;"Castelo";;248;248;100;100;"ALCANÇOU"
"ES";320150;"Colatina";;450;450;100;100;"ALCANÇOU"
"ES";320160;"Conceição da Barra";;44;44;100;100;"ALCANÇOU"
"ES";320170;"Conceição do Castelo";;56;56;100;100;"ALCANÇOU"
"ES";320180;"Divino de São Lourenço";;7;7;100;100;"ALCANÇOU"
"ES";320190;"Domingos Martins";;141;141;100;100;"ALCANÇOU"
"ES";320200;"Dores do Rio Preto";;40;40;100;100;"ALCANÇOU"
"ES";320210;"Ecoporanga";;33;33;100;100;"ALCANÇOU"
"ES";320220;"Fundão";;81;81;100;100;"ALCANÇOU"
"ES";320225;"Governador Lindenberg";;34;34;100;100;"ALCANÇOU"
"ES";320230;"Guaçuí";;62;62;100;100;"ALCANÇOU"
"ES";320240;"Guarapari";;595;595;100;100;"ALCANÇOU"
"ES";320245;"Ibatiba";;226;226;100;100;"ALCANÇOU"
"ES";320250;"Ibiraçu";;10;10;100;100;"ALCANÇOU"
"ES";320255;"Ibitirama";;42;42;100;100;"ALCANÇOU"
"ES";320260;"Iconha";;62;62;100;100;"ALCANÇOU"
"ES";320265;"Irupi";;72;72;100;100;"ALCANÇOU"
"ES";320270;"Itaguaçu";;201;201;100;100;"ALCANÇOU"
"ES";320280;"Itapemirim";;121;121;100;100;"ALCANÇOU"
"ES";320290;"Itarana";;12;12;100;100;"ALCANÇOU"
"ES";320300;"Iúna";;63;63;100;100;"ALCANÇOU"
"ES";320305;"Jaguaré";;123;123;100;100;"ALCANÇOU"
"ES";320310;"Jerônimo Monteiro";;145;145;100;100;"ALCANÇOU"
"ES";320313;"João Neiva";;44;44;100;100;"ALCANÇOU"
"ES";320316;"Laranja da Terra";;37;37;100;100;"ALCANÇOU"
"ES";320320;"Linhares";;357;357;100;100;"ALCANÇOU"
"ES";320330;"Mantenópolis";;11;11;100;100;"ALCANÇOU"
"ES";320332;"Marataízes";;629;629;100;100;"ALCANÇOU"
"ES";320334;"Marechal Floriano";;213;213;100;100;"ALCANÇOU"
"ES";320335;"Marilândia";;24;24;100;100;"ALCANÇOU"
"ES";320340;"Mimoso do Sul";;177;177;100;100;"ALCANÇOU"
"ES";320350;"Montanha";;53;53;100;100;"ALCANÇOU"
"ES";320360;"Mucurici";;14;14;100;100;"ALCANÇOU"
"ES";320370;"Muniz Freire";;75;75;100;100;"ALCANÇOU"
"ES";320380;"Muqui";;48;48;100;100;"ALCANÇOU"
"ES";320390;"Nova Venécia";;205;205;100;100;"ALCANÇOU"
"ES";320400;"Pancas";;92;92;100;100;"ALCANÇOU"
"ES";320405;"Pedro Canário";;71;71;100;100;"ALCANÇOU"
"ES";320410;"Pinheiros";;128;128;100;100;"ALCANÇOU"
"ES";320420;"Piúma";;152;152;100;100;"ALCANÇOU"
"ES";320425;"Ponto Belo";;15;15;100;100;"ALCANÇOU"
"ES";320430;"Presidente Kennedy";;214;214;100;100;"ALCANÇOU"
"ES";320435;"Rio Bananal";;130;130;100;100;"ALCANÇOU"
"ES";320440;"Rio Novo do Sul";;61;61;100;100;"ALCANÇOU"
"ES";320450;"Santa Leopoldina";;10;10;100;100;"ALCANÇOU"
"ES";320455;"Santa Maria de Jetibá";;242;242;100;100;"ALCANÇOU"
"ES";320460;"Santa Teresa";;58;58;100;100;"ALCANÇOU"
"ES";320465;"São Domingos do Norte";;33;33;100;100;"ALCANÇOU"
"ES";320470;"São Gabriel da Palha";;43;43;100;100;"ALCANÇOU"
"ES";320480;"São José do Calçado";;68;68;100;100;"ALCANÇOU"
"ES";320490;"São Mateus";;656;656;100;100;"ALCANÇOU"
"ES";320495;"São Roque do Canaã";;60;60;100;100;"ALCANÇOU"
"ES";320500;"Serra";;2737;2737;100;100;"ALCANÇOU"
"ES";320501;"Sooretama";;26;26;100;100;"ALCANÇOU"
"ES";320503;"Vargem Alta";;74;74;100;100;"ALCANÇOU"
"ES";320506;"Venda Nova do Imigrante";;176;176;100;100;"ALCANÇOU"
"ES";320510;"Viana";;299;299;100;100;"ALCANÇOU"
"ES";320515;"Vila Pavão";;25;25;100;100;"ALCANÇOU"
"ES";320517;"Vila Valério";;6;6;100;100;"ALCANÇOU"
"ES";320520;"Vila Velha";;3229;3229;100;100;"ALCANÇOU"
"ES";320530;"Vitória";;7842;7842;100;100;"ALCANÇOU"
"RJ";330010;"Angra dos Reis";;899;913;98,4665936473165;98,5;"ALCANÇOU"
"RJ";330015;"Aperibé";;21;22;95,4545454545455;95,5;"ALCANÇOU"
"RJ";330020;"Araruama";;739;757;97,6221928665786;97,6;"ALCANÇOU"
"RJ";330022;"Areal";;21;31;67,741935483871;67,7;"NÃO ALCANÇOU"
"RJ";330023;"Armação dos Búzios";;178;187;95,1871657754011;95,2;"ALCANÇOU"
"RJ";330025;"Arraial do Cabo";;207;219;94,5205479452055;94,5;"ALCANÇOU"
"RJ";330030;"Barra do Piraí";;330;331;99,6978851963746;99,7;"ALCANÇOU"
"RJ";330040;"Barra Mansa";;212;251;84,4621513944223;84,5;"NÃO ALCANÇOU"
"RJ";330045;"Belford Roxo";;1082;1190;90,9243697478992;90,9;"NÃO ALCANÇOU"
"RJ";330050;"Bom Jardim";;18;21;85,7142857142857;85,7;"NÃO ALCANÇOU"
"RJ";330060;"Bom Jesus do Itabapoana";;87;181;48,0662983425414;48,1;"NÃO ALCANÇOU"
"RJ";330070;"Cabo Frio";;916;949;96,522655426765;96,5;"ALCANÇOU"
"RJ";330080;"Cachoeiras de Macacu";;402;405;99,2592592592593;99,3;"ALCANÇOU"
"RJ";330090;"Cambuci";;42;42;100;100;"ALCANÇOU"
"RJ";330093;"Carapebus";;63;72;87,5;87,5;"NÃO ALCANÇOU"
"RJ";330095;"Comendador Levy Gasparian";"X";;;;;"NÃO ALCANÇOU"
"RJ";330100;"Campos dos Goytacazes";;1244;1388;89,6253602305476;89,6;"NÃO ALCANÇOU"
"RJ";330110;"Cantagalo";;72;75;96;96;"ALCANÇOU"
"RJ";330115;"Cardoso Moreira";;4;5;80;80;"NÃO ALCANÇOU"
"RJ";330120;"Carmo";;133;135;98,5185185185185;98,5;"ALCANÇOU"
"RJ";330130;"Casimiro de Abreu";;327;355;92,112676056338;92,1;"NÃO ALCANÇOU"
"RJ";330140;"Conceição de Macabu";;70;111;63,0630630630631;63,1;"NÃO ALCANÇOU"
"RJ";330150;"Cordeiro";;158;158;100;100;"ALCANÇOU"
"RJ";330160;"Duas Barras";;57;61;93,4426229508197;93,4;"NÃO ALCANÇOU"
"RJ";330170;"Duque de Caxias";;2853;3160;90,2848101265823;90,3;"NÃO ALCANÇOU"
"RJ";330180;"Engenheiro Paulo de Frontin";;77;77;100;100;"ALCANÇOU"
"RJ";330185;"Guapimirim";;182;183;99,4535519125683;99,5;"ALCANÇOU"
"RJ";330187;"Iguaba Grande";;208;210;99,0476190476191;99;"ALCANÇOU"
"RJ";330190;"Itaboraí";;735;735;100;100;"ALCANÇOU"
"RJ";330200;"Itaguaí";;349;350;99,7142857142857;99,7;"ALCANÇOU"
"RJ";330205;"Italva";;12;12;100;100;"ALCANÇOU"
"RJ";330210;"Itaocara";;34;35;97,1428571428571;97,1;"ALCANÇOU"
"RJ";330220;"Itaperuna";;363;369;98,3739837398374;98,4;"ALCANÇOU"
"RJ";330225;"Itatiaia";;192;196;97,9591836734694;98;"ALCANÇOU"
"RJ";330227;"Japeri";;398;417;95,4436450839329;95,4;"ALCANÇOU"
"RJ";330230;"Laje do Muriaé";;2;4;50;50;"NÃO ALCANÇOU"
"RJ";330240;"Macaé";;1567;1791;87,4930206588498;87,5;"NÃO ALCANÇOU"
"RJ";330245;"Macuco";;22;22;100;100;"ALCANÇOU"
"RJ";330250;"Magé";;975;1120;87,0535714285714;87,1;"NÃO ALCANÇOU"
"RJ";330260;"Mangaratiba";;781;787;99,2376111817027;99,2;"ALCANÇOU"
"RJ";330270;"Maricá";;994;1018;97,6424361493124;97,6;"ALCANÇOU"
"RJ";330280;"Mendes";;101;107;94,392523364486;94,4;"NÃO ALCANÇOU"
"RJ";330285;"Mesquita";;901;908;99,2290748898678;99,2;"ALCANÇOU"
"RJ";330290;"Miguel Pereira";;160;160;100;100;"ALCANÇOU"
"RJ";330300;"Miracema";;14;16;87,5;87,5;"NÃO ALCANÇOU"
"RJ";330310;"Natividade";;38;43;88,3720930232558;88,4;"NÃO ALCANÇOU"
"RJ";330320;"Nilópolis";;62;65;95,3846153846154;95,4;"ALCANÇOU"
"RJ";330330;"Niterói";;2526;2595;97,3410404624277;97,3;"ALCANÇOU"
"RJ";330340;"Nova Friburgo";;405;410;98,780487804878;98,8;"ALCANÇOU"
"RJ";330350;"Nova Iguaçu";;8608;8617;99,8955552976674;99,9;"ALCANÇOU"
"RJ";330360;"Paracambi";;331;332;99,6987951807229;99,7;"ALCANÇOU"
"RJ";330370;"Paraíba do Sul";;58;60;96,6666666666667;96,7;"ALCANÇOU"
"RJ";330380;"Paraty";;470;474;99,1561181434599;99,2;"ALCANÇOU"
"RJ";330385;"Paty do Alferes";;5;6;83,3333333333333;83,3;"NÃO ALCANÇOU"
"RJ";330390;"Petrópolis";;2459;2473;99,4338859684594;99,4;"ALCANÇOU"
"RJ";330395;"Pinheiral";;98;115;85,2173913043478;85,2;"NÃO ALCANÇOU"
"RJ";330400;"Piraí";;151;151;100;100;"ALCANÇOU"
"RJ";330410;"Porciúncula";;65;73;89,041095890411;89;"NÃO ALCANÇOU"
"RJ";330411;"Porto Real";;48;54;88,8888888888889;88,9;"NÃO ALCANÇOU"
"RJ";330412;"Quatis";;26;26;100;100;"ALCANÇOU"
"RJ";330414;"Queimados";;662;815;81,2269938650307;81,2;"NÃO ALCANÇOU"
"RJ";330415;"Quissamã";;218;219;99,5433789954338;99,5;"ALCANÇOU"
"RJ";330420;"Resende";;594;594;100;100;"ALCANÇOU"
"RJ";330430;"Rio Bonito";;454;506;89,7233201581028;89,7;"NÃO ALCANÇOU"
"RJ";330440;"Rio Claro";;55;58;94,8275862068966;94,8;"ALCANÇOU"
"RJ";330450;"Rio das Flores";;61;62;98,3870967741936;98,4;"ALCANÇOU"
"RJ";330452;"Rio das Ostras";;993;1449;68,5300207039337;68,5;"NÃO ALCANÇOU"
"RJ";330455;"Rio de Janeiro";;32846;32907;99,8146291062692;99,8;"ALCANÇOU"
"RJ";330460;"Santa Maria Madalena";;21;21;100;100;"ALCANÇOU"
"RJ";330470;"Santo Antônio de Pádua";;41;42;97,6190476190476;97,6;"ALCANÇOU"
"RJ";330475;"São Francisco de Itabapoana";;54;68;79,4117647058823;79,4;"NÃO ALCANÇOU"
"RJ";330480;"São Fidélis";;90;92;97,8260869565217;97,8;"ALCANÇOU"
"RJ";330490;"São Gonçalo";;3031;3450;87,8550724637681;87,9;"NÃO ALCANÇOU"
"RJ";330500;"São João da Barra";;73;73;100;100;"ALCANÇOU"
"RJ";330510;"São João de Meriti";;392;409;95,8435207823961;95,8;"ALCANÇOU"
"RJ";330513;"São José de Ubá";;8;8;100;100;"ALCANÇOU"
"RJ";330515;"São José do Vale do Rio Preto";;68;72;94,4444444444444;94,4;"NÃO ALCANÇOU"
"RJ";330520;"São Pedro da Aldeia";;242;266;90,9774436090226;91;"NÃO ALCANÇOU"
"RJ";330530;"São Sebastião do Alto";;2;2;100;100;"ALCANÇOU"
"RJ";330540;"Sapucaia";;49;53;92,4528301886792;92,5;"NÃO ALCANÇOU"
"RJ";330550;"Saquarema";;1044;1083;96,398891966759;96,4;"ALCANÇOU"
"RJ";330555;"Seropédica";;163;181;90,0552486187845;90,1;"NÃO ALCANÇOU"
"RJ";330560;"Silva Jardim";;130;138;94,2028985507246;94,2;"NÃO ALCANÇOU"
"RJ";330570;"Sumidouro";;85;92;92,3913043478261;92,4;"NÃO ALCANÇOU"
"RJ";330575;"Tanguá";;190;207;91,7874396135266;91,8;"NÃO ALCANÇOU"
"RJ";330580;"Teresópolis";;901;942;95,6475583864119;95,6;"ALCANÇOU"
"RJ";330590;"Trajano de Moraes";;4;4;100;100;"ALCANÇOU"
"RJ";330600;"Três Rios";;320;529;60,4914933837429;60,5;"NÃO ALCANÇOU"
"RJ";330610;"Valença";;550;555;99,0990990990991;99,1;"ALCANÇOU"
"RJ";330615;"Varre-Sai";;3;3;100;100;"ALCANÇOU"
"RJ";330620;"Vassouras";;612;617;99,1896272285251;99,2;"ALCANÇOU"
"RJ";330630;"Volta Redonda";;1258;1267;99,2896606156275;99,3;"ALCANÇOU"
"SP";350010;"Adamantina";;37;37;100;100;"ALCANÇOU"
"SP";350020;"Adolfo";;21;21;100;100;"ALCANÇOU"
"SP";350030;"Aguaí";;124;124;100;100;"ALCANÇOU"
"SP";350040;"Águas da Prata";;8;8;100;100;"ALCANÇOU"
"SP";350050;"Águas de Lindóia";;95;117;81,1965811965812;81,2;"NÃO ALCANÇOU"
"SP";350055;"Águas de Santa Bárbara";;15;15;100;100;"ALCANÇOU"
"SP";350060;"Águas de São Pedro";;5;5;100;100;"ALCANÇOU"
"SP";350070;"Agudos";;179;181;98,8950276243094;98,9;"ALCANÇOU"
"SP";350075;"Alambari";;12;13;92,3076923076923;92,3;"NÃO ALCANÇOU"
"SP";350080;"Alfredo Marcondes";;6;6;100;100;"ALCANÇOU"
"SP";350090;"Altair";;7;7;100;100;"ALCANÇOU"
"SP";350100;"Altinópolis";;94;138;68,1159420289855;68,1;"NÃO ALCANÇOU"
"SP";350110;"Alto Alegre";;4;4;100;100;"ALCANÇOU"
"SP";350115;"Alumínio";;48;53;90,5660377358491;90,6;"NÃO ALCANÇOU"
"SP";350120;"Álvares Florence";;6;6;100;100;"ALCANÇOU"
"SP";350130;"Álvares Machado";;59;61;96,7213114754098;96,7;"ALCANÇOU"
"SP";350140;"Álvaro de Carvalho";;9;9;100;100;"ALCANÇOU"
"SP";350150;"Alvinlândia";;1;1;100;100;"ALCANÇOU"
"SP";350160;"Americana";;1186;1309;90,6035141329259;90,6;"NÃO ALCANÇOU"
"SP";350170;"Américo Brasiliense";;121;146;82,8767123287671;82,9;"NÃO ALCANÇOU"
"SP";350180;"Américo de Campos";;21;21;100;100;"ALCANÇOU"
"SP";350190;"Amparo";;226;247;91,497975708502;91,5;"NÃO ALCANÇOU"
"SP";350200;"Analândia";;20;24;83,3333333333333;83,3;"NÃO ALCANÇOU"
"SP";350210;"Andradina";;178;178;100;100;"ALCANÇOU"
"SP";350220;"Angatuba";;90;90;100;100;"ALCANÇOU"
"SP";350230;"Anhembi";;24;24;100;100;"ALCANÇOU"
"SP";350240;"Anhumas";;2;2;100;100;"ALCANÇOU"
"SP";350250;"Aparecida";;160;162;98,7654320987654;98,8;"ALCANÇOU"
"SP";350260;"Aparecida dOeste";;6;6;100;100;"ALCANÇOU"
"SP";350270;"Apiaí";;83;84;98,8095238095238;98,8;"ALCANÇOU"
"SP";350275;"Araçariguama";;102;107;95,3271028037383;95,3;"ALCANÇOU"
"SP";350280;"Araçatuba";;637;654;97,4006116207951;97,4;"ALCANÇOU"
"SP";350290;"Araçoiaba da Serra";;25;49;51,0204081632653;51;"NÃO ALCANÇOU"
"SP";350300;"Aramina";"X";;;;;"NÃO ALCANÇOU"
"SP";350310;"Arandu";;10;10;100;100;"ALCANÇOU"
"SP";350315;"Arapeí";;5;5;100;100;"ALCANÇOU"
"SP";350320;"Araraquara";;499;506;98,6166007905138;98,6;"ALCANÇOU"
"SP";350330;"Araras";;92;106;86,7924528301887;86,8;"NÃO ALCANÇOU"
"SP";350335;"Arco-Íris";"X";;;;;"NÃO ALCANÇOU"
"SP";350340;"Arealva";;22;23;95,6521739130435;95,7;"ALCANÇOU"
"SP";350350;"Areias";;13;13;100;100;"ALCANÇOU"
"SP";350360;"Areiópolis";;20;24;83,3333333333333;83,3;"NÃO ALCANÇOU"
"SP";350370;"Ariranha";;48;48;100;100;"ALCANÇOU"
"SP";350380;"Artur Nogueira";;69;73;94,5205479452055;94,5;"ALCANÇOU"
"SP";350390;"Arujá";;473;483;97,9296066252588;97,9;"ALCANÇOU"
"SP";350395;"Aspásia";;4;4;100;100;"ALCANÇOU"
"SP";350400;"Assis";;565;567;99,647266313933;99,6;"ALCANÇOU"
"SP";350410;"Atibaia";;486;579;83,9378238341969;83,9;"NÃO ALCANÇOU"
"SP";350420;"Auriflama";;112;120;93,3333333333333;93,3;"NÃO ALCANÇOU"
"SP";350430;"Avaí";;2;2;100;100;"ALCANÇOU"
"SP";350440;"Avanhandava";;16;19;84,2105263157895;84,2;"NÃO ALCANÇOU"
"SP";350450;"Avaré";;203;203;100;100;"ALCANÇOU"
"SP";350460;"Bady Bassitt";;185;185;100;100;"ALCANÇOU"
"SP";350470;"Balbinos";"X";;;;;"NÃO ALCANÇOU"
"SP";350480;"Bálsamo";;33;33;100;100;"ALCANÇOU"
"SP";350490;"Bananal";;19;20;95;95;"ALCANÇOU"
"SP";350500;"Barão de Antonina";;13;13;100;100;"ALCANÇOU"
"SP";350510;"Barbosa";;15;15;100;100;"ALCANÇOU"
"SP";350520;"Bariri";;54;54;100;100;"ALCANÇOU"
"SP";350530;"Barra Bonita";;154;163;94,478527607362;94,5;"ALCANÇOU"
"SP";350535;"Barra do Chapéu";;3;3;100;100;"ALCANÇOU"
"SP";350540;"Barra do Turvo";;17;18;94,4444444444444;94,4;"NÃO ALCANÇOU"
"SP";350550;"Barretos";;405;413;98,0629539951574;98,1;"ALCANÇOU"
"SP";350560;"Barrinha";;122;131;93,1297709923664;93,1;"NÃO ALCANÇOU"
"SP";350570;"Barueri";;1421;1459;97,3954763536669;97,4;"ALCANÇOU"
"SP";350580;"Bastos";;31;31;100;100;"ALCANÇOU"
"SP";350590;"Batatais";;323;323;100;100;"ALCANÇOU"
"SP";350600;"Bauru";;1233;1306;94,4104134762634;94,4;"NÃO ALCANÇOU"
"SP";350610;"Bebedouro";;373;387;96,3824289405685;96,4;"ALCANÇOU"
"SP";350620;"Bento de Abreu";;4;4;100;100;"ALCANÇOU"
"SP";350630;"Bernardino de Campos";;6;6;100;100;"ALCANÇOU"
"SP";350635;"Bertioga";;228;238;95,7983193277311;95,8;"ALCANÇOU"
"SP";350640;"Bilac";;3;4;75;75;"NÃO ALCANÇOU"
"SP";350650;"Birigui";;421;429;98,1351981351981;98,1;"ALCANÇOU"
"SP";350660;"Biritiba-Mirim";;294;302;97,3509933774834;97,4;"ALCANÇOU"
"SP";350670;"Boa Esperança do Sul";;5;6;83,3333333333333;83,3;"NÃO ALCANÇOU"
"SP";350680;"Bocaina";"X";;;;;"NÃO ALCANÇOU"
"SP";350690;"Bofete";;34;34;100;100;"ALCANÇOU"
"SP";350700;"Boituva";;218;242;90,0826446280992;90,1;"NÃO ALCANÇOU"
"SP";350710;"Bom Jesus dos Perdões";;153;153;100;100;"ALCANÇOU"
"SP";350715;"Bom Sucesso de Itararé";;6;6;100;100;"ALCANÇOU"
"SP";350720;"Borá";"X";;;;;"NÃO ALCANÇOU"
"SP";350730;"Boracéia";;1;1;100;100;"ALCANÇOU"
"SP";350740;"Borborema";;54;55;98,1818181818182;98,2;"ALCANÇOU"
"SP";350745;"Borebi";;1;1;100;100;"ALCANÇOU"
"SP";350750;"Botucatu";;987;987;100;100;"ALCANÇOU"
"SP";350760;"Bragança Paulista";;426;445;95,7303370786517;95,7;"ALCANÇOU"
"SP";350770;"Braúna";;18;19;94,7368421052632;94,7;"ALCANÇOU"
"SP";350775;"Brejo Alegre";"X";;;;;"NÃO ALCANÇOU"
"SP";350780;"Brodowski";;34;34;100;100;"ALCANÇOU"
"SP";350790;"Brotas";;144;145;99,3103448275862;99,3;"ALCANÇOU"
"SP";350800;"Buri";;50;50;100;100;"ALCANÇOU"
"SP";350810;"Buritama";;51;51;100;100;"ALCANÇOU"
"SP";350820;"Buritizal";;1;1;100;100;"ALCANÇOU"
"SP";350830;"Cabrália Paulista";;26;26;100;100;"ALCANÇOU"
"SP";350840;"Cabreúva";;171;176;97,1590909090909;97,2;"ALCANÇOU"
"SP";350850;"Caçapava";;255;256;99,609375;99,6;"ALCANÇOU"
"SP";350860;"Cachoeira Paulista";;121;125;96,8;96,8;"ALCANÇOU"
"SP";350870;"Caconde";;45;45;100;100;"ALCANÇOU"
"SP";350880;"Cafelândia";;17;17;100;100;"ALCANÇOU"
"SP";350890;"Caiabu";"X";;;;;"NÃO ALCANÇOU"
"SP";350900;"Caieiras";;433;433;100;100;"ALCANÇOU"
"SP";350910;"Caiuá";"X";;;;;"NÃO ALCANÇOU"
"SP";350920;"Cajamar";;543;543;100;100;"ALCANÇOU"
"SP";350925;"Cajati";;189;208;90,8653846153846;90,9;"NÃO ALCANÇOU"
"SP";350930;"Cajobi";;26;26;100;100;"ALCANÇOU"
"SP";350940;"Cajuru";;41;41;100;100;"ALCANÇOU"
"SP";350945;"Campina do Monte Alegre";;4;4;100;100;"ALCANÇOU"
"SP";350950;"Campinas";;4048;4076;99,3130520117763;99,3;"ALCANÇOU"
"SP";350960;"Campo Limpo Paulista";;139;147;94,5578231292517;94,6;"ALCANÇOU"
"SP";350970;"Campos do Jordão";;480;480;100;100;"ALCANÇOU"
"SP";350980;"Campos Novos Paulista";;30;30;100;100;"ALCANÇOU"
"SP";350990;"Cananéia";;133;134;99,2537313432836;99,3;"ALCANÇOU"
"SP";350995;"Canas";"X";;;;;"NÃO ALCANÇOU"
"SP";351000;"Cândido Mota";;98;103;95,1456310679612;95,1;"ALCANÇOU"
"SP";351010;"Cândido Rodrigues";;3;3;100;100;"ALCANÇOU"
"SP";351015;"Canitar";;1;1;100;100;"ALCANÇOU"
"SP";351020;"Capão Bonito";;83;84;98,8095238095238;98,8;"ALCANÇOU"
"SP";351030;"Capela do Alto";;218;222;98,1981981981982;98,2;"ALCANÇOU"
"SP";351040;"Capivari";;203;204;99,5098039215686;99,5;"ALCANÇOU"
"SP";351050;"Caraguatatuba";;1297;1496;86,6978609625668;86,7;"NÃO ALCANÇOU"
"SP";351060;"Carapicuíba";;467;468;99,7863247863248;99,8;"ALCANÇOU"
"SP";351070;"Cardoso";;44;44;100;100;"ALCANÇOU"
"SP";351080;"Casa Branca";;175;177;98,8700564971751;98,9;"ALCANÇOU"
"SP";351090;"Cássia dos Coqueiros";;3;3;100;100;"ALCANÇOU"
"SP";351100;"Castilho";;73;73;100;100;"ALCANÇOU"
"SP";351110;"Catanduva";;321;322;99,6894409937888;99,7;"ALCANÇOU"
"SP";351120;"Catiguá";;1;1;100;100;"ALCANÇOU"
"SP";351130;"Cedral";;85;85;100;100;"ALCANÇOU"
"SP";351140;"Cerqueira César";;45;45;100;100;"ALCANÇOU"
"SP";351150;"Cerquilho";;150;151;99,3377483443709;99,3;"ALCANÇOU"
"SP";351160;"Cesário Lange";;22;22;100;100;"ALCANÇOU"
"SP";351170;"Charqueada";;92;109;84,4036697247706;84,4;"NÃO ALCANÇOU"
"SP";351190;"Clementina";;13;13;100;100;"ALCANÇOU"
"SP";351200;"Colina";;133;133;100;100;"ALCANÇOU"
"SP";351210;"Colômbia";;33;33;100;100;"ALCANÇOU"
"SP";351220;"Conchal";;38;47;80,8510638297872;80,9;"NÃO ALCANÇOU"
"SP";351230;"Conchas";;63;64;98,4375;98,4;"ALCANÇOU"
"SP";351240;"Cordeirópolis";;119;257;46,3035019455253;46,3;"NÃO ALCANÇOU"
"SP";351250;"Coroados";;7;7;100;100;"ALCANÇOU"
"SP";351260;"Coronel Macedo";;9;9;100;100;"ALCANÇOU"
"SP";351270;"Corumbataí";;10;10;100;100;"ALCANÇOU"
"SP";351280;"Cosmópolis";;109;111;98,1981981981982;98,2;"ALCANÇOU"
"SP";351290;"Cosmorama";;47;47;100;100;"ALCANÇOU"
"SP";351300;"Cotia";;979;981;99,796126401631;99,8;"ALCANÇOU"
"SP";351310;"Cravinhos";;23;23;100;100;"ALCANÇOU"
"SP";351320;"Cristais Paulista";;6;7;85,7142857142857;85,7;"NÃO ALCANÇOU"
"SP";351330;"Cruzália";;3;3;100;100;"ALCANÇOU"
"SP";351340;"Cruzeiro";;339;348;97,4137931034483;97,4;"ALCANÇOU"
"SP";351350;"Cubatão";;561;562;99,8220640569395;99,8;"ALCANÇOU"
"SP";351360;"Cunha";;39;39;100;100;"ALCANÇOU"
"SP";351370;"Descalvado";;26;26;100;100;"ALCANÇOU"
"SP";351380;"Diadema";;1561;1589;98,2378854625551;98,2;"ALCANÇOU"
"SP";351385;"Dirce Reis";"X";;;;;"NÃO ALCANÇOU"
"SP";351390;"Divinolândia";;7;10;70;70;"NÃO ALCANÇOU"
"SP";351400;"Dobrada";;5;5;100;100;"ALCANÇOU"
"SP";351410;"Dois Córregos";;78;78;100;100;"ALCANÇOU"
"SP";351420;"Dolcinópolis";;2;2;100;100;"ALCANÇOU"
"SP";351430;"Dourado";;16;16;100;100;"ALCANÇOU"
"SP";351440;"Dracena";;60;60;100;100;"ALCANÇOU"
"SP";351450;"Duartina";;132;135;97,7777777777778;97,8;"ALCANÇOU"
"SP";351460;"Dumont";;22;22;100;100;"ALCANÇOU"
"SP";351470;"Echaporã";;8;9;88,8888888888889;88,9;"NÃO ALCANÇOU"
"SP";351480;"Eldorado";;15;16;93,75;93,8;"NÃO ALCANÇOU"
"SP";351490;"Elias Fausto";"X";;;;;"NÃO ALCANÇOU"
"SP";351492;"Elisiário";;3;3;100;100;"ALCANÇOU"
"SP";351495;"Embaúba";"X";;;;;"NÃO ALCANÇOU"
"SP";351500;"Embu das Artes";;470;478;98,326359832636;98,3;"ALCANÇOU"
"SP";351510;"Embu-Guaçu";;341;341;100;100;"ALCANÇOU"
"SP";351512;"Emilianópolis";"X";;;;;"NÃO ALCANÇOU"
"SP";351515;"Engenheiro Coelho";;35;36;97,2222222222222;97,2;"ALCANÇOU"
"SP";351518;"Espírito Santo do Pinhal";;153;153;100;100;"ALCANÇOU"
"SP";351519;"Espírito Santo do Turvo";;13;13;100;100;"ALCANÇOU"
"SP";351520;"Estrela dOeste";;62;63;98,4126984126984;98,4;"ALCANÇOU"
"SP";351530;"Estrela do Norte";;1;1;100;100;"ALCANÇOU"
"SP";351535;"Euclides da Cunha Paulista";;59;59;100;100;"ALCANÇOU"
"SP";351540;"Fartura";;8;8;100;100;"ALCANÇOU"
"SP";351550;"Fernandópolis";;250;253;98,8142292490119;98,8;"ALCANÇOU"
"SP";351560;"Fernando Prestes";;12;12;100;100;"ALCANÇOU"
"SP";351565;"Fernão";;15;15;100;100;"ALCANÇOU"
"SP";351570;"Ferraz de Vasconcelos";;974;982;99,1853360488798;99,2;"ALCANÇOU"
"SP";351580;"Flora Rica";;2;2;100;100;"ALCANÇOU"
"SP";351590;"Floreal";;2;2;100;100;"ALCANÇOU"
"SP";351600;"Flórida Paulista";;4;4;100;100;"ALCANÇOU"
"SP";351610;"Florínia";;20;21;95,2380952380952;95,2;"ALCANÇOU"
"SP";351620;"Franca";;641;700;91,5714285714286;91,6;"NÃO ALCANÇOU"
"SP";351630;"Francisco Morato";;804;807;99,6282527881041;99,6;"ALCANÇOU"
"SP";351640;"Franco da Rocha";;521;521;100;100;"ALCANÇOU"
"SP";351650;"Gabriel Monteiro";"X";;;;;"NÃO ALCANÇOU"
"SP";351660;"Gália";;45;46;97,8260869565217;97,8;"ALCANÇOU"
"SP";351670;"Garça";;184;186;98,9247311827957;98,9;"ALCANÇOU"
"SP";351680;"Gastão Vidigal";"X";;;;;"NÃO ALCANÇOU"
"SP";351685;"Gavião Peixoto";;12;12;100;100;"ALCANÇOU"
"SP";351690;"General Salgado";;18;18;100;100;"ALCANÇOU"
"SP";351700;"Getulina";"X";;;;;"NÃO ALCANÇOU"
"SP";351710;"Glicério";;2;2;100;100;"ALCANÇOU"
"SP";351720;"Guaiçara";"X";;;;;"NÃO ALCANÇOU"
"SP";351730;"Guaimbê";;1;1;100;100;"ALCANÇOU"
"SP";351740;"Guaíra";;39;50;78;78;"NÃO ALCANÇOU"
"SP";351750;"Guapiaçu";;49;49;100;100;"ALCANÇOU"
"SP";351760;"Guapiara";;71;71;100;100;"ALCANÇOU"
"SP";351770;"Guará";;21;29;72,4137931034483;72,4;"NÃO ALCANÇOU"
"SP";351780;"Guaraçaí";;8;8;100;100;"ALCANÇOU"
"SP";351790;"Guaraci";;27;40;67,5;67,5;"NÃO ALCANÇOU"
"SP";351800;"Guarani dOeste";"X";;;;;"NÃO ALCANÇOU"
"SP";351810;"Guarantã";;1;1;100;100;"ALCANÇOU"
"SP";351820;"Guararapes";;219;219;100;100;"ALCANÇOU"
"SP";351830;"Guararema";;299;301;99,3355481727575;99,3;"ALCANÇOU"
"SP";351840;"Guaratinguetá";;308;309;99,6763754045307;99,7;"ALCANÇOU"
"SP";351850;"Guareí";;45;45;100;100;"ALCANÇOU"
"SP";351860;"Guariba";;113;119;94,9579831932773;95;"ALCANÇOU"
"SP";351870;"Guarujá";;528;568;92,9577464788732;93;"NÃO ALCANÇOU"
"SP";351880;"Guarulhos";;5011;5115;97,9667644183773;98;"ALCANÇOU"
"SP";351885;"Guatapará";;23;24;95,8333333333333;95,8;"ALCANÇOU"
"SP";351890;"Guzolândia";;5;5;100;100;"ALCANÇOU"
"SP";351900;"Herculândia";;7;7;100;100;"ALCANÇOU"
"SP";351905;"Holambra";;30;34;88,2352941176471;88,2;"NÃO ALCANÇOU"
"SP";351907;"Hortolândia";;925;927;99,7842502696872;99,8;"ALCANÇOU"
"SP";351910;"Iacanga";;38;38;100;100;"ALCANÇOU"
"SP";351920;"Iacri";;4;4;100;100;"ALCANÇOU"
"SP";351925;"Iaras";;47;47;100;100;"ALCANÇOU"
"SP";351930;"Ibaté";;18;20;90;90;"NÃO ALCANÇOU"
"SP";351940;"Ibirá";;64;64;100;100;"ALCANÇOU"
"SP";351950;"Ibirarema";;29;29;100;100;"ALCANÇOU"
"SP";351960;"Ibitinga";;109;129;84,4961240310078;84,5;"NÃO ALCANÇOU"
"SP";351970;"Ibiúna";;72;74;97,2972972972973;97,3;"ALCANÇOU"
"SP";351980;"Icém";;38;38;100;100;"ALCANÇOU"
"SP";351990;"Iepê";;47;47;100;100;"ALCANÇOU"
"SP";352000;"Igaraçu do Tietê";;84;87;96,551724137931;96,6;"ALCANÇOU"
"SP";352010;"Igarapava";;170;197;86,2944162436548;86,3;"NÃO ALCANÇOU"
"SP";352020;"Igaratá";;75;75;100;100;"ALCANÇOU"
"SP";352030;"Iguape";;80;82;97,5609756097561;97,6;"ALCANÇOU"
"SP";352040;"Ilhabela";;454;466;97,4248927038627;97,4;"ALCANÇOU"
"SP";352042;"Ilha Comprida";;83;90;92,2222222222222;92,2;"NÃO ALCANÇOU"
"SP";352044;"Ilha Solteira";;21;21;100;100;"ALCANÇOU"
"SP";352050;"Indaiatuba";;793;822;96,4720194647202;96,5;"ALCANÇOU"
"SP";352060;"Indiana";;2;2;100;100;"ALCANÇOU"
"SP";352070;"Indiaporã";;34;34;100;100;"ALCANÇOU"
"SP";352080;"Inúbia Paulista";"X";;;;;"NÃO ALCANÇOU"
"SP";352090;"Ipaussu";;41;42;97,6190476190476;97,6;"ALCANÇOU"
"SP";352100;"Iperó";;107;110;97,2727272727273;97,3;"ALCANÇOU"
"SP";352110;"Ipeúna";;12;12;100;100;"ALCANÇOU"
"SP";352115;"Ipiguá";;57;57;100;100;"ALCANÇOU"
"SP";352120;"Iporanga";;2;2;100;100;"ALCANÇOU"
"SP";352130;"Ipuã";;46;47;97,8723404255319;97,9;"ALCANÇOU"
"SP";352140;"Iracemápolis";;9;9;100;100;"ALCANÇOU"
"SP";352150;"Irapuã";;16;16;100;100;"ALCANÇOU"
"SP";352160;"Irapuru";;4;4;100;100;"ALCANÇOU"
"SP";352170;"Itaberá";;49;49;100;100;"ALCANÇOU"
"SP";352180;"Itaí";;79;79;100;100;"ALCANÇOU"
"SP";352190;"Itajobi";;19;19;100;100;"ALCANÇOU"
"SP";352200;"Itaju";;10;10;100;100;"ALCANÇOU"
"SP";352210;"Itanhaém";;75;75;100;100;"ALCANÇOU"
"SP";352215;"Itaóca";;3;3;100;100;"ALCANÇOU"
"SP";352220;"Itapecerica da Serra";;296;297;99,6632996632997;99,7;"ALCANÇOU"
"SP";352230;"Itapetininga";;390;390;100;100;"ALCANÇOU"
"SP";352240;"Itapeva";;130;130;100;100;"ALCANÇOU"
"SP";352250;"Itapevi";;316;339;93,2153392330383;93,2;"NÃO ALCANÇOU"
"SP";352260;"Itapira";;520;522;99,6168582375479;99,6;"ALCANÇOU"
"SP";352265;"Itapirapuã Paulista";;14;14;100;100;"ALCANÇOU"
"SP";352270;"Itápolis";;6;7;85,7142857142857;85,7;"NÃO ALCANÇOU"
"SP";352280;"Itaporanga";;49;49;100;100;"ALCANÇOU"
"SP";352290;"Itapuí";;161;161;100;100;"ALCANÇOU"
"SP";352300;"Itapura";;2;2;100;100;"ALCANÇOU"
"SP";352310;"Itaquaquecetuba";;812;825;98,4242424242424;98,4;"ALCANÇOU"
"SP";352320;"Itararé";;244;244;100;100;"ALCANÇOU"
"SP";352330;"Itariri";;19;19;100;100;"ALCANÇOU"
"SP";352340;"Itatiba";;791;1009;78,394449950446;78,4;"NÃO ALCANÇOU"
"SP";352350;"Itatinga";;90;91;98,9010989010989;98,9;"ALCANÇOU"
"SP";352360;"Itirapina";;48;51;94,1176470588235;94,1;"NÃO ALCANÇOU"
"SP";352370;"Itirapuã";;3;3;100;100;"ALCANÇOU"
"SP";352380;"Itobi";;5;6;83,3333333333333;83,3;"NÃO ALCANÇOU"
"SP";352390;"Itu";;270;270;100;100;"ALCANÇOU"
"SP";352400;"Itupeva";;119;130;91,5384615384615;91,5;"NÃO ALCANÇOU"
"SP";352410;"Ituverava";;89;89;100;100;"ALCANÇOU"
"SP";352420;"Jaborandi";;1;1;100;100;"ALCANÇOU"
"SP";352430;"Jaboticabal";;72;75;96;96;"ALCANÇOU"
"SP";352440;"Jacareí";;1189;1190;99,9159663865546;99,9;"ALCANÇOU"
"SP";352450;"Jaci";;42;42;100;100;"ALCANÇOU"
"SP";352460;"Jacupiranga";;13;13;100;100;"ALCANÇOU"
"SP";352470;"Jaguariúna";;166;180;92,2222222222222;92,2;"NÃO ALCANÇOU"
"SP";352480;"Jales";;205;209;98,0861244019139;98,1;"ALCANÇOU"
"SP";352490;"Jambeiro";;36;36;100;100;"ALCANÇOU"
"SP";352500;"Jandira";;194;196;98,9795918367347;99;"ALCANÇOU"
"SP";352510;"Jardinópolis";;180;234;76,9230769230769;76,9;"NÃO ALCANÇOU"
"SP";352520;"Jarinu";;112;130;86,1538461538462;86,2;"NÃO ALCANÇOU"
"SP";352530;"Jaú";;125;127;98,4251968503937;98,4;"ALCANÇOU"
"SP";352540;"Jeriquara";;5;5;100;100;"ALCANÇOU"
"SP";352550;"Joanópolis";;14;14;100;100;"ALCANÇOU"
"SP";352560;"João Ramalho";;3;3;100;100;"ALCANÇOU"
"SP";352570;"José Bonifácio";;172;172;100;100;"ALCANÇOU"
"SP";352580;"Júlio Mesquita";"X";;;;;"NÃO ALCANÇOU"
"SP";352585;"Jumirim";"X";;;;;"NÃO ALCANÇOU"
"SP";352590;"Jundiaí";;1351;1375;98,2545454545455;98,3;"ALCANÇOU"
"SP";352600;"Junqueirópolis";;18;18;100;100;"ALCANÇOU"
"SP";352610;"Juquiá";;38;38;100;100;"ALCANÇOU"
"SP";352620;"Juquitiba";;21;112;18,75;18,8;"NÃO ALCANÇOU"
"SP";352630;"Lagoinha";;69;70;98,5714285714286;98,6;"ALCANÇOU"
"SP";352640;"Laranjal Paulista";;75;80;93,75;93,8;"NÃO ALCANÇOU"
"SP";352650;"Lavínia";;10;11;90,9090909090909;90,9;"NÃO ALCANÇOU"
"SP";352660;"Lavrinhas";;3;3;100;100;"ALCANÇOU"
"SP";352670;"Leme";;230;230;100;100;"ALCANÇOU"
"SP";352680;"Lençóis Paulista";;325;326;99,6932515337423;99,7;"ALCANÇOU"
"SP";352690;"Limeira";;653;734;88,9645776566757;89;"NÃO ALCANÇOU"
"SP";352700;"Lindóia";;12;13;92,3076923076923;92,3;"NÃO ALCANÇOU"
"SP";352710;"Lins";;92;96;95,8333333333333;95,8;"ALCANÇOU"
"SP";352720;"Lorena";;89;89;100;100;"ALCANÇOU"
"SP";352725;"Lourdes";"X";;;;;"NÃO ALCANÇOU"
"SP";352730;"Louveira";;122;133;91,7293233082707;91,7;"NÃO ALCANÇOU"
"SP";352740;"Lucélia";;3;3;100;100;"ALCANÇOU"
"SP";352750;"Lucianópolis";;5;5;100;100;"ALCANÇOU"
"SP";352760;"Luís Antônio";;23;25;92;92;"NÃO ALCANÇOU"
"SP";352770;"Luiziânia";;10;10;100;100;"ALCANÇOU"
"SP";352780;"Lupércio";"X";;;;;"NÃO ALCANÇOU"
"SP";352790;"Lutécia";"X";;;;;"NÃO ALCANÇOU"
"SP";352800;"Macatuba";;20;20;100;100;"ALCANÇOU"
"SP";352810;"Macaubal";;22;22;100;100;"ALCANÇOU"
"SP";352820;"Macedônia";;5;5;100;100;"ALCANÇOU"
"SP";352830;"Magda";;2;2;100;100;"ALCANÇOU"
"SP";352840;"Mairinque";;38;39;97,4358974358974;97,4;"ALCANÇOU"
"SP";352850;"Mairiporã";;185;185;100;100;"ALCANÇOU"
"SP";352860;"Manduri";;30;30;100;100;"ALCANÇOU"
"SP";352870;"Marabá Paulista";;1;1;100;100;"ALCANÇOU"
"SP";352880;"Maracaí";;7;7;100;100;"ALCANÇOU"
"SP";352885;"Marapoama";;19;19;100;100;"ALCANÇOU"
"SP";352890;"Mariápolis";"X";;;;;"NÃO ALCANÇOU"
"SP";352900;"Marília";;1575;1585;99,3690851735016;99,4;"ALCANÇOU"
"SP";352910;"Marinópolis";"X";;;;;"NÃO ALCANÇOU"
"SP";352920;"Martinópolis";;40;40;100;100;"ALCANÇOU"
"SP";352930;"Matão";;282;282;100;100;"ALCANÇOU"
"SP";352940;"Mauá";;894;938;95,3091684434968;95,3;"ALCANÇOU"
"SP";352950;"Mendonça";;34;34;100;100;"ALCANÇOU"
"SP";352960;"Meridiano";;13;13;100;100;"ALCANÇOU"
"SP";352965;"Mesópolis";"X";;;;;"NÃO ALCANÇOU"
"SP";352970;"Miguelópolis";;11;13;84,6153846153846;84,6;"NÃO ALCANÇOU"
"SP";352980;"Mineiros do Tietê";;25;25;100;100;"ALCANÇOU"
"SP";352990;"Miracatu";;27;30;90;90;"NÃO ALCANÇOU"
"SP";353000;"Mira Estrela";;5;5;100;100;"ALCANÇOU"
"SP";353010;"Mirandópolis";;79;83;95,1807228915663;95,2;"ALCANÇOU"
"SP";353020;"Mirante do Paranapanema";;29;30;96,6666666666667;96,7;"ALCANÇOU"
"SP";353030;"Mirassol";;43;44;97,7272727272727;97,7;"ALCANÇOU"
"SP";353040;"Mirassolândia";;20;20;100;100;"ALCANÇOU"
"SP";353050;"Mococa";;451;451;100;100;"ALCANÇOU"
"SP";353060;"Mogi das Cruzes";;2052;2054;99,9026290165531;99,9;"ALCANÇOU"
"SP";353070;"Mogi Guaçu";;474;476;99,5798319327731;99,6;"ALCANÇOU"
"SP";353080;"Mogi Mirim";;538;538;100;100;"ALCANÇOU"
"SP";353090;"Mombuca";;2;2;100;100;"ALCANÇOU"
"SP";353100;"Monções";;7;7;100;100;"ALCANÇOU"
"SP";353110;"Mongaguá";;292;295;98,9830508474576;99;"ALCANÇOU"
"SP";353120;"Monte Alegre do Sul";;36;36;100;100;"ALCANÇOU"
"SP";353130;"Monte Alto";;215;215;100;100;"ALCANÇOU"
"SP";353140;"Monte Aprazível";;73;73;100;100;"ALCANÇOU"
"SP";353150;"Monte Azul Paulista";;93;94;98,936170212766;98,9;"ALCANÇOU"
"SP";353160;"Monte Castelo";"X";;;;;"NÃO ALCANÇOU"
"SP";353170;"Monteiro Lobato";;14;18;77,7777777777778;77,8;"NÃO ALCANÇOU"
"SP";353180;"Monte Mor";;35;35;100;100;"ALCANÇOU"
"SP";353190;"Morro Agudo";;249;253;98,4189723320158;98,4;"ALCANÇOU"
"SP";353200;"Morungaba";;40;42;95,2380952380952;95,2;"ALCANÇOU"
"SP";353205;"Motuca";;3;3;100;100;"ALCANÇOU"
"SP";353210;"Murutinga do Sul";;2;2;100;100;"ALCANÇOU"
"SP";353215;"Nantes";;2;2;100;100;"ALCANÇOU"
"SP";353220;"Narandiba";;20;20;100;100;"ALCANÇOU"
"SP";353230;"Natividade da Serra";;5;5;100;100;"ALCANÇOU"
"SP";353240;"Nazaré Paulista";;51;51;100;100;"ALCANÇOU"
"SP";353250;"Neves Paulista";;9;9;100;100;"ALCANÇOU"
"SP";353260;"Nhandeara";;24;24;100;100;"ALCANÇOU"
"SP";353270;"Nipoã";;7;7;100;100;"ALCANÇOU"
"SP";353280;"Nova Aliança";;29;29;100;100;"ALCANÇOU"
"SP";353282;"Nova Campina";;12;12;100;100;"ALCANÇOU"
"SP";353284;"Nova Canaã Paulista";;3;3;100;100;"ALCANÇOU"
"SP";353286;"Nova Castilho";"X";;;;;"NÃO ALCANÇOU"
"SP";353290;"Nova Europa";;2;3;66,6666666666667;66,7;"NÃO ALCANÇOU"
"SP";353300;"Nova Granada";;95;95;100;100;"ALCANÇOU"
"SP";353310;"Nova Guataporanga";"X";;;;;"NÃO ALCANÇOU"
"SP";353320;"Nova Independência";;6;6;100;100;"ALCANÇOU"
"SP";353325;"Novais";;6;7;85,7142857142857;85,7;"NÃO ALCANÇOU"
"SP";353330;"Nova Luzitânia";;9;9;100;100;"ALCANÇOU"
"SP";353340;"Nova Odessa";;45;73;61,6438356164384;61,6;"NÃO ALCANÇOU"
"SP";353350;"Novo Horizonte";;59;59;100;100;"ALCANÇOU"
"SP";353360;"Nuporanga";;31;33;93,9393939393939;93,9;"NÃO ALCANÇOU"
"SP";353370;"Ocauçu";"X";;;;;"NÃO ALCANÇOU"
"SP";353380;"Óleo";"X";;;;;"NÃO ALCANÇOU"
"SP";353390;"Olímpia";;153;153;100;100;"ALCANÇOU"
"SP";353400;"Onda Verde";;14;14;100;100;"ALCANÇOU"
"SP";353410;"Oriente";"X";;;;;"NÃO ALCANÇOU"
"SP";353420;"Orindiúva";;15;15;100;100;"ALCANÇOU"
"SP";353430;"Orlândia";;2;4;50;50;"NÃO ALCANÇOU"
"SP";353440;"Osasco";;1918;1919;99,9478895257947;99,9;"ALCANÇOU"
"SP";353450;"Oscar Bressane";"X";;;;;"NÃO ALCANÇOU"
"SP";353460;"Osvaldo Cruz";;21;21;100;100;"ALCANÇOU"
"SP";353470;"Ourinhos";;142;142;100;100;"ALCANÇOU"
"SP";353475;"Ouroeste";;27;27;100;100;"ALCANÇOU"
"SP";353480;"Ouro Verde";"X";;;;;"NÃO ALCANÇOU"
"SP";353490;"Pacaembu";"X";;;;;"NÃO ALCANÇOU"
"SP";353500;"Palestina";;91;91;100;100;"ALCANÇOU"
"SP";353510;"Palmares Paulista";;54;54;100;100;"ALCANÇOU"
"SP";353520;"Palmeira dOeste";;31;31;100;100;"ALCANÇOU"
"SP";353530;"Palmital";;11;11;100;100;"ALCANÇOU"
"SP";353540;"Panorama";;17;18;94,4444444444444;94,4;"NÃO ALCANÇOU"
"SP";353550;"Paraguaçu Paulista";;189;190;99,4736842105263;99,5;"ALCANÇOU"
"SP";353560;"Paraibuna";;45;47;95,7446808510638;95,7;"ALCANÇOU"
"SP";353570;"Paraíso";;23;24;95,8333333333333;95,8;"ALCANÇOU"
"SP";353580;"Paranapanema";;1;1;100;100;"ALCANÇOU"
"SP";353590;"Paranapuã";;3;3;100;100;"ALCANÇOU"
"SP";353600;"Parapuã";"X";;;;;"NÃO ALCANÇOU"
"SP";353610;"Pardinho";;27;33;81,8181818181818;81,8;"NÃO ALCANÇOU"
"SP";353620;"Pariquera-Açu";;139;140;99,2857142857143;99,3;"ALCANÇOU"
"SP";353625;"Parisi";;13;13;100;100;"ALCANÇOU"
"SP";353630;"Patrocínio Paulista";;29;31;93,5483870967742;93,5;"NÃO ALCANÇOU"
"SP";353640;"Paulicéia";;16;16;100;100;"ALCANÇOU"
"SP";353650;"Paulínia";;377;395;95,4430379746835;95,4;"ALCANÇOU"
"SP";353657;"Paulistânia";;1;1;100;100;"ALCANÇOU"
"SP";353660;"Paulo de Faria";;14;14;100;100;"ALCANÇOU"
"SP";353670;"Pederneiras";;124;127;97,6377952755905;97,6;"ALCANÇOU"
"SP";353680;"Pedra Bela";;9;9;100;100;"ALCANÇOU"
"SP";353690;"Pedranópolis";"X";;;;;"NÃO ALCANÇOU"
"SP";353700;"Pedregulho";;24;29;82,7586206896552;82,8;"NÃO ALCANÇOU"
"SP";353710;"Pedreira";;144;144;100;100;"ALCANÇOU"
"SP";353715;"Pedrinhas Paulista";;1;1;100;100;"ALCANÇOU"
"SP";353720;"Pedro de Toledo";;50;50;100;100;"ALCANÇOU"
"SP";353730;"Penápolis";;96;96;100;100;"ALCANÇOU"
"SP";353740;"Pereira Barreto";;95;99;95,959595959596;96;"ALCANÇOU"
"SP";353750;"Pereiras";;52;52;100;100;"ALCANÇOU"
"SP";353760;"Peruíbe";;110;131;83,969465648855;84;"NÃO ALCANÇOU"
"SP";353770;"Piacatu";;1;1;100;100;"ALCANÇOU"
"SP";353780;"Piedade";;189;192;98,4375;98,4;"ALCANÇOU"
"SP";353790;"Pilar do Sul";;144;144;100;100;"ALCANÇOU"
"SP";353800;"Pindamonhangaba";;591;594;99,4949494949495;99,5;"ALCANÇOU"
"SP";353810;"Pindorama";;32;32;100;100;"ALCANÇOU"
"SP";353820;"Pinhalzinho";;40;40;100;100;"ALCANÇOU"
"SP";353830;"Piquerobi";"X";;;;;"NÃO ALCANÇOU"
"SP";353850;"Piquete";;43;44;97,7272727272727;97,7;"ALCANÇOU"
"SP";353860;"Piracaia";;165;166;99,3975903614458;99,4;"ALCANÇOU"
"SP";353870;"Piracicaba";;1641;1704;96,3028169014084;96,3;"ALCANÇOU"
"SP";353880;"Piraju";;101;101;100;100;"ALCANÇOU"
"SP";353890;"Pirajuí";;182;182;100;100;"ALCANÇOU"
"SP";353900;"Pirangi";;37;38;97,3684210526316;97,4;"ALCANÇOU"
"SP";353910;"Pirapora do Bom Jesus";;83;84;98,8095238095238;98,8;"ALCANÇOU"
"SP";353920;"Pirapozinho";;198;198;100;100;"ALCANÇOU"
"SP";353930;"Pirassununga";;74;76;97,3684210526316;97,4;"ALCANÇOU"
"SP";353940;"Piratininga";;16;17;94,1176470588235;94,1;"NÃO ALCANÇOU"
"SP";353950;"Pitangueiras";;56;58;96,551724137931;96,6;"ALCANÇOU"
"SP";353960;"Planalto";;6;6;100;100;"ALCANÇOU"
"SP";353970;"Platina";;3;3;100;100;"ALCANÇOU"
"SP";353980;"Poá";;355;360;98,6111111111111;98,6;"ALCANÇOU"
"SP";353990;"Poloni";;5;5;100;100;"ALCANÇOU"
"SP";354000;"Pompéia";;9;10;90;90;"NÃO ALCANÇOU"
"SP";354010;"Pongaí";"X";;;;;"NÃO ALCANÇOU"
"SP";354020;"Pontal";;104;122;85,2459016393443;85,2;"NÃO ALCANÇOU"
"SP";354025;"Pontalinda";;5;5;100;100;"ALCANÇOU"
"SP";354030;"Pontes Gestal";;18;18;100;100;"ALCANÇOU"
"SP";354040;"Populina";;1;1;100;100;"ALCANÇOU"
"SP";354050;"Porangaba";;5;5;100;100;"ALCANÇOU"
"SP";354060;"Porto Feliz";;210;210;100;100;"ALCANÇOU"
"SP";354070;"Porto Ferreira";;122;123;99,1869918699187;99,2;"ALCANÇOU"
"SP";354075;"Potim";;59;60;98,3333333333333;98,3;"ALCANÇOU"
"SP";354080;"Potirendaba";;47;47;100;100;"ALCANÇOU"
"SP";354085;"Pracinha";"X";;;;;"NÃO ALCANÇOU"
"SP";354090;"Pradópolis";;16;17;94,1176470588235;94,1;"NÃO ALCANÇOU"
"SP";354100;"Praia Grande";;112;114;98,2456140350877;98,2;"ALCANÇOU"
"SP";354105;"Pratânia";;7;7;100;100;"ALCANÇOU"
"SP";354110;"Presidente Alves";"X";;;;;"NÃO ALCANÇOU"
"SP";354120;"Presidente Bernardes";;24;24;100;100;"ALCANÇOU"
"SP";354130;"Presidente Epitácio";;188;189;99,4708994708995;99,5;"ALCANÇOU"
"SP";354140;"Presidente Prudente";;817;825;99,030303030303;99;"ALCANÇOU"
"SP";354150;"Presidente Venceslau";;144;144;100;100;"ALCANÇOU"
"SP";354160;"Promissão";;135;137;98,5401459854015;98,5;"ALCANÇOU"
"SP";354165;"Quadra";;2;2;100;100;"ALCANÇOU"
"SP";354170;"Quatá";;8;16;50;50;"NÃO ALCANÇOU"
"SP";354180;"Queiroz";;4;4;100;100;"ALCANÇOU"
"SP";354190;"Queluz";;45;46;97,8260869565217;97,8;"ALCANÇOU"
"SP";354200;"Quintana";;8;8;100;100;"ALCANÇOU"
"SP";354210;"Rafard";;13;13;100;100;"ALCANÇOU"
"SP";354220;"Rancharia";;159;161;98,7577639751553;98,8;"ALCANÇOU"
"SP";354230;"Redenção da Serra";;2;2;100;100;"ALCANÇOU"
"SP";354240;"Regente Feijó";;2;2;100;100;"ALCANÇOU"
"SP";354250;"Reginópolis";;8;8;100;100;"ALCANÇOU"
"SP";354260;"Registro";;300;307;97,7198697068404;97,7;"ALCANÇOU"
"SP";354270;"Restinga";"X";;;;;"NÃO ALCANÇOU"
"SP";354280;"Ribeira";;8;8;100;100;"ALCANÇOU"
"SP";354290;"Ribeirão Bonito";;33;35;94,2857142857143;94,3;"NÃO ALCANÇOU"
"SP";354300;"Ribeirão Branco";;92;96;95,8333333333333;95,8;"ALCANÇOU"
"SP";354310;"Ribeirão Corrente";;12;19;63,1578947368421;63,2;"NÃO ALCANÇOU"
"SP";354320;"Ribeirão do Sul";;23;23;100;100;"ALCANÇOU"
"SP";354323;"Ribeirão dos Índios";"X";;;;;"NÃO ALCANÇOU"
"SP";354325;"Ribeirão Grande";"X";;;;;"NÃO ALCANÇOU"
"SP";354330;"Ribeirão Pires";;252;254;99,2125984251968;99,2;"ALCANÇOU"
"SP";354340;"Ribeirão Preto";;1793;1802;99,5005549389567;99,5;"ALCANÇOU"
"SP";354350;"Riversul";;14;14;100;100;"ALCANÇOU"
"SP";354360;"Rifaina";;24;24;100;100;"ALCANÇOU"
"SP";354370;"Rincão";;117;117;100;100;"ALCANÇOU"
"SP";354380;"Rinópolis";;4;4;100;100;"ALCANÇOU"
"SP";354390;"Rio Claro";;624;711;87,7637130801688;87,8;"NÃO ALCANÇOU"
"SP";354400;"Rio das Pedras";;2;20;10;10;"NÃO ALCANÇOU"
"SP";354410;"Rio Grande da Serra";;53;58;91,3793103448276;91,4;"NÃO ALCANÇOU"
"SP";354420;"Riolândia";;28;28;100;100;"ALCANÇOU"
"SP";354425;"Rosana";;98;98;100;100;"ALCANÇOU"
"SP";354430;"Roseira";;33;38;86,8421052631579;86,8;"NÃO ALCANÇOU"
"SP";354440;"Rubiácea";"X";;;;;"NÃO ALCANÇOU"
"SP";354450;"Rubinéia";;1;1;100;100;"ALCANÇOU"
"SP";354460;"Sabino";"X";;;;;"NÃO ALCANÇOU"
"SP";354470;"Sagres";"X";;;;;"NÃO ALCANÇOU"
"SP";354480;"Sales";;11;11;100;100;"ALCANÇOU"
"SP";354490;"Sales Oliveira";;44;45;97,7777777777778;97,8;"ALCANÇOU"
"SP";354500;"Salesópolis";;78;79;98,7341772151899;98,7;"ALCANÇOU"
"SP";354510;"Salmourão";"X";;;;;"NÃO ALCANÇOU"
"SP";354515;"Saltinho";;15;15;100;100;"ALCANÇOU"
"SP";354520;"Salto";;447;453;98,6754966887417;98,7;"ALCANÇOU"
"SP";354530;"Salto de Pirapora";;67;67;100;100;"ALCANÇOU"
"SP";354540;"Salto Grande";;66;66;100;100;"ALCANÇOU"
"SP";354550;"Sandovalina";;13;13;100;100;"ALCANÇOU"
"SP";354560;"Santa Adélia";;36;36;100;100;"ALCANÇOU"
"SP";354570;"Santa Albertina";;4;4;100;100;"ALCANÇOU"
"SP";354580;"Santa Bárbara dOeste";;569;587;96,9335604770017;96,9;"ALCANÇOU"
"SP";354600;"Santa Branca";;82;84;97,6190476190476;97,6;"ALCANÇOU"
"SP";354610;"Santa Clara dOeste";;6;6;100;100;"ALCANÇOU"
"SP";354620;"Santa Cruz da Conceição";;29;29;100;100;"ALCANÇOU"
"SP";354625;"Santa Cruz da Esperança";;1;1;100;100;"ALCANÇOU"
"SP";354630;"Santa Cruz das Palmeiras";;58;58;100;100;"ALCANÇOU"
"SP";354640;"Santa Cruz do Rio Pardo";;466;470;99,1489361702128;99,1;"ALCANÇOU"
"SP";354650;"Santa Ernestina";;2;2;100;100;"ALCANÇOU"
"SP";354660;"Santa Fé do Sul";;236;239;98,744769874477;98,7;"ALCANÇOU"
"SP";354670;"Santa Gertrudes";;84;89;94,3820224719101;94,4;"NÃO ALCANÇOU"
"SP";354680;"Santa Isabel";;231;235;98,2978723404255;98,3;"ALCANÇOU"
"SP";354690;"Santa Lúcia";;47;59;79,6610169491525;79,7;"NÃO ALCANÇOU"
"SP";354700;"Santa Maria da Serra";;22;22;100;100;"ALCANÇOU"
"SP";354710;"Santa Mercedes";;4;4;100;100;"ALCANÇOU"
"SP";354720;"Santana da Ponte Pensa";"X";;;;;"NÃO ALCANÇOU"
"SP";354730;"Santana de Parnaíba";;290;293;98,9761092150171;99;"ALCANÇOU"
"SP";354740;"Santa Rita dOeste";;2;2;100;100;"ALCANÇOU"
"SP";354750;"Santa Rita do Passa Quatro";;12;12;100;100;"ALCANÇOU"
"SP";354760;"Santa Rosa de Viterbo";;5;6;83,3333333333333;83,3;"NÃO ALCANÇOU"
"SP";354765;"Santa Salete";;2;2;100;100;"ALCANÇOU"
"SP";354770;"Santo Anastácio";;67;67;100;100;"ALCANÇOU"
"SP";354780;"Santo André";;1480;1550;95,4838709677419;95,5;"ALCANÇOU"
"SP";354790;"Santo Antônio da Alegria";;9;9;100;100;"ALCANÇOU"
"SP";354800;"Santo Antônio de Posse";;60;61;98,3606557377049;98,4;"ALCANÇOU"
"SP";354805;"Santo Antônio do Aracanguá";;17;18;94,4444444444444;94,4;"NÃO ALCANÇOU"
"SP";354810;"Santo Antônio do Jardim";;2;2;100;100;"ALCANÇOU"
"SP";354820;"Santo Antônio do Pinhal";;24;24;100;100;"ALCANÇOU"
"SP";354830;"Santo Expedito";;7;7;100;100;"ALCANÇOU"
"SP";354840;"Santópolis do Aguapeí";;7;9;77,7777777777778;77,8;"NÃO ALCANÇOU"
"SP";354850;"Santos";;1353;1366;99,0483162518302;99;"ALCANÇOU"
"SP";354860;"São Bento do Sapucaí";;19;19;100;100;"ALCANÇOU"
"SP";354870;"São Bernardo do Campo";;3882;3890;99,7943444730077;99,8;"ALCANÇOU"
"SP";354880;"São Caetano do Sul";;529;570;92,8070175438596;92,8;"NÃO ALCANÇOU"
"SP";354890;"São Carlos";;377;377;100;100;"ALCANÇOU"
"SP";354900;"São Francisco";;6;6;100;100;"ALCANÇOU"
"SP";354910;"São João da Boa Vista";;524;524;100;100;"ALCANÇOU"
"SP";354920;"São João das Duas Pontes";;2;2;100;100;"ALCANÇOU"
"SP";354925;"São João de Iracema";;5;5;100;100;"ALCANÇOU"
"SP";354930;"São João do Pau dAlho";;1;1;100;100;"ALCANÇOU"
"SP";354940;"São Joaquim da Barra";;4;4;100;100;"ALCANÇOU"
"SP";354950;"São José da Bela Vista";"X";;;;;"NÃO ALCANÇOU"
"SP";354960;"São José do Barreiro";;7;8;87,5;87,5;"NÃO ALCANÇOU"
"SP";354970;"São José do Rio Pardo";;152;152;100;100;"ALCANÇOU"
"SP";354980;"São José do Rio Preto";;4678;4680;99,957264957265;100;"ALCANÇOU"
"SP";354990;"São José dos Campos";;5449;5534;98,464040477051;98,5;"ALCANÇOU"
"SP";354995;"São Lourenço da Serra";;39;50;78;78;"NÃO ALCANÇOU"
"SP";355000;"São Luís do Paraitinga";;50;50;100;100;"ALCANÇOU"
"SP";355010;"São Manuel";;23;23;100;100;"ALCANÇOU"
"SP";355020;"São Miguel Arcanjo";;68;68;100;100;"ALCANÇOU"
"SP";355030;"São Paulo";;66973;67444;99,3016428444339;99,3;"ALCANÇOU"
"SP";355040;"São Pedro";;233;245;95,1020408163265;95,1;"ALCANÇOU"
"SP";355050;"São Pedro do Turvo";;56;59;94,9152542372881;94,9;"ALCANÇOU"
"SP";355060;"São Roque";;164;165;99,3939393939394;99,4;"ALCANÇOU"
"SP";355070;"São Sebastião";;701;777;90,2187902187902;90,2;"NÃO ALCANÇOU"
"SP";355080;"São Sebastião da Grama";;16;16;100;100;"ALCANÇOU"
"SP";355090;"São Simão";;4;5;80;80;"NÃO ALCANÇOU"
"SP";355100;"São Vicente";;698;712;98,0337078651685;98;"ALCANÇOU"
"SP";355110;"Sarapuí";;16;17;94,1176470588235;94,1;"NÃO ALCANÇOU"
"SP";355120;"Sarutaiá";;6;6;100;100;"ALCANÇOU"
"SP";355130;"Sebastianópolis do Sul";;1;1;100;100;"ALCANÇOU"
"SP";355140;"Serra Azul";;15;17;88,2352941176471;88,2;"NÃO ALCANÇOU"
"SP";355150;"Serrana";;17;17;100;100;"ALCANÇOU"
"SP";355160;"Serra Negra";;103;106;97,1698113207547;97,2;"ALCANÇOU"
"SP";355170;"Sertãozinho";;247;262;94,2748091603053;94,3;"NÃO ALCANÇOU"
"SP";355180;"Sete Barras";;49;55;89,0909090909091;89,1;"NÃO ALCANÇOU"
"SP";355190;"Severínia";;30;30;100;100;"ALCANÇOU"
"SP";355200;"Silveiras";;12;12;100;100;"ALCANÇOU"
"SP";355210;"Socorro";;75;75;100;100;"ALCANÇOU"
"SP";355220;"Sorocaba";;2985;2998;99,5663775850567;99,6;"ALCANÇOU"
"SP";355230;"Sud Mennucci";;19;19;100;100;"ALCANÇOU"
"SP";355240;"Sumaré";;810;837;96,7741935483871;96,8;"ALCANÇOU"
"SP";355250;"Suzano";;905;944;95,8686440677966;95,9;"ALCANÇOU"
"SP";355255;"Suzanápolis";;3;3;100;100;"ALCANÇOU"
"SP";355260;"Tabapuã";;35;35;100;100;"ALCANÇOU"
"SP";355270;"Tabatinga";;13;14;92,8571428571429;92,9;"NÃO ALCANÇOU"
"SP";355280;"Taboão da Serra";;1055;1072;98,4141791044776;98,4;"ALCANÇOU"
"SP";355290;"Taciba";;2;2;100;100;"ALCANÇOU"
"SP";355300;"Taguaí";;80;80;100;100;"ALCANÇOU"
"SP";355310;"Taiaçu";;93;93;100;100;"ALCANÇOU"
"SP";355320;"Taiúva";;61;62;98,3870967741936;98,4;"ALCANÇOU"
"SP";355330;"Tambaú";;51;51;100;100;"ALCANÇOU"
"SP";355340;"Tanabi";;90;90;100;100;"ALCANÇOU"
"SP";355350;"Tapiraí";;11;11;100;100;"ALCANÇOU"
"SP";355360;"Tapiratiba";;28;29;96,551724137931;96,6;"ALCANÇOU"
"SP";355365;"Taquaral";;10;12;83,3333333333333;83,3;"NÃO ALCANÇOU"
"SP";355370;"Taquaritinga";;63;63;100;100;"ALCANÇOU"
"SP";355380;"Taquarituba";;73;73;100;100;"ALCANÇOU"
"SP";355385;"Taquarivaí";;74;75;98,6666666666667;98,7;"ALCANÇOU"
"SP";355390;"Tarabai";;7;7;100;100;"ALCANÇOU"
"SP";355395;"Tarumã";;63;76;82,8947368421053;82,9;"NÃO ALCANÇOU"
"SP";355400;"Tatuí";;307;314;97,7707006369427;97,8;"ALCANÇOU"
"SP";355410;"Taubaté";;3892;3893;99,9743128692525;100;"ALCANÇOU"
"SP";355420;"Tejupá";;6;6;100;100;"ALCANÇOU"
"SP";355430;"Teodoro Sampaio";;88;88;100;100;"ALCANÇOU"
"SP";355440;"Terra Roxa";;18;18;100;100;"ALCANÇOU"
"SP";355450;"Tietê";;50;50;100;100;"ALCANÇOU"
"SP";355460;"Timburi";;11;11;100;100;"ALCANÇOU"
"SP";355465;"Torre de Pedra";"X";;;;;"NÃO ALCANÇOU"
"SP";355470;"Torrinha";;43;45;95,5555555555556;95,6;"ALCANÇOU"
"SP";355475;"Trabiju";"X";;;;;"NÃO ALCANÇOU"
"SP";355480;"Tremembé";;92;92;100;100;"ALCANÇOU"
"SP";355490;"Três Fronteiras";;1;1;100;100;"ALCANÇOU"
"SP";355495;"Tuiuti";"X";;;;;"NÃO ALCANÇOU"
"SP";355500;"Tupã";;30;30;100;100;"ALCANÇOU"
"SP";355510;"Tupi Paulista";;4;4;100;100;"ALCANÇOU"
"SP";355520;"Turiúba";;2;2;100;100;"ALCANÇOU"
"SP";355530;"Turmalina";"X";;;;;"NÃO ALCANÇOU"
"SP";355535;"Ubarana";;15;15;100;100;"ALCANÇOU"
"SP";355540;"Ubatuba";;832;839;99,165673420739;99,2;"ALCANÇOU"
"SP";355550;"Ubirajara";;6;6;100;100;"ALCANÇOU"
"SP";355560;"Uchoa";;83;83;100;100;"ALCANÇOU"
"SP";355570;"União Paulista";;6;6;100;100;"ALCANÇOU"
"SP";355580;"Urânia";;48;49;97,9591836734694;98;"ALCANÇOU"
"SP";355590;"Uru";"X";;;;;"NÃO ALCANÇOU"
"SP";355600;"Urupês";;14;14;100;100;"ALCANÇOU"
"SP";355610;"Valentim Gentil";;36;36;100;100;"ALCANÇOU"
"SP";355620;"Valinhos";;388;400;97;97;"ALCANÇOU"
"SP";355630;"Valparaíso";;116;118;98,3050847457627;98,3;"ALCANÇOU"
"SP";355635;"Vargem";;2;2;100;100;"ALCANÇOU"
"SP";355640;"Vargem Grande do Sul";;95;98;96,9387755102041;96,9;"ALCANÇOU"
"SP";355645;"Vargem Grande Paulista";;185;185;100;100;"ALCANÇOU"
"SP";355650;"Várzea Paulista";;162;179;90,5027932960894;90,5;"NÃO ALCANÇOU"
"SP";355660;"Vera Cruz";;16;16;100;100;"ALCANÇOU"
"SP";355670;"Vinhedo";;378;382;98,9528795811518;99;"ALCANÇOU"
"SP";355680;"Viradouro";;113;113;100;100;"ALCANÇOU"
"SP";355690;"Vista Alegre do Alto";;13;13;100;100;"ALCANÇOU"
"SP";355695;"Vitória Brasil";"X";;;;;"NÃO ALCANÇOU"
"SP";355700;"Votorantim";;179;179;100;100;"ALCANÇOU"
"SP";355710;"Votuporanga";;512;512;100;100;"ALCANÇOU"
"SP";355715;"Zacarias";;1;1;100;100;"ALCANÇOU"
"SP";355720;"Chavantes";;40;40;100;100;"ALCANÇOU"
"SP";355730;"Estiva Gerbi";;42;42;100;100;"ALCANÇOU"
"PR";410010;"Abatiá";;7;7;100;100;"ALCANÇOU"
"PR";410020;"Adrianópolis";;12;12;100;100;"ALCANÇOU"
"PR";410030;"Agudos do Sul";;15;21;71,4285714285714;71,4;"NÃO ALCANÇOU"
"PR";410040;"Almirante Tamandaré";;1019;1464;69,603825136612;69,6;"NÃO ALCANÇOU"
"PR";410045;"Altamira do Paraná";;27;28;96,4285714285714;96,4;"ALCANÇOU"
"PR";410050;"Altônia";;41;41;100;100;"ALCANÇOU"
"PR";410060;"Alto Paraná";;4;9;44,4444444444444;44,4;"NÃO ALCANÇOU"
"PR";410070;"Alto Piquiri";;14;14;100;100;"ALCANÇOU"
"PR";410080;"Alvorada do Sul";;13;13;100;100;"ALCANÇOU"
"PR";410090;"Amaporã";"X";;;;;"NÃO ALCANÇOU"
"PR";410100;"Ampére";;62;67;92,5373134328358;92,5;"NÃO ALCANÇOU"
"PR";410105;"Anahy";;7;7;100;100;"ALCANÇOU"
"PR";410110;"Andirá";;9;9;100;100;"ALCANÇOU"
"PR";410115;"Ângulo";;18;18;100;100;"ALCANÇOU"
"PR";410120;"Antonina";;73;86;84,8837209302326;84,9;"NÃO ALCANÇOU"
"PR";410130;"Antônio Olinto";;21;21;100;100;"ALCANÇOU"
"PR";410140;"Apucarana";;1432;1433;99,9302163293789;99,9;"ALCANÇOU"
"PR";410150;"Arapongas";;190;263;72,2433460076046;72,2;"NÃO ALCANÇOU"
"PR";410160;"Arapoti";;159;162;98,1481481481482;98,1;"ALCANÇOU"
"PR";410165;"Arapuã";;5;5;100;100;"ALCANÇOU"
"PR";410170;"Araruna";;25;25;100;100;"ALCANÇOU"
"PR";410180;"Araucária";;1875;2468;75,9724473257698;76;"NÃO ALCANÇOU"
"PR";410185;"Ariranha do Ivaí";;7;7;100;100;"ALCANÇOU"
"PR";410190;"Assaí";;86;87;98,8505747126437;98,9;"ALCANÇOU"
"PR";410200;"Assis Chateaubriand";;82;83;98,7951807228916;98,8;"ALCANÇOU"
"PR";410210;"Astorga";;56;56;100;100;"ALCANÇOU"
"PR";410220;"Atalaia";;19;19;100;100;"ALCANÇOU"
"PR";410230;"Balsa Nova";;34;47;72,3404255319149;72,3;"NÃO ALCANÇOU"
"PR";410240;"Bandeirantes";;44;44;100;100;"ALCANÇOU"
"PR";410250;"Barbosa Ferraz";;67;67;100;100;"ALCANÇOU"
"PR";410260;"Barracão";;19;19;100;100;"ALCANÇOU"
"PR";410270;"Barra do Jacaré";;5;5;100;100;"ALCANÇOU"
"PR";410275;"Bela Vista da Caroba";;8;9;88,8888888888889;88,9;"NÃO ALCANÇOU"
"PR";410280;"Bela Vista do Paraíso";;142;190;74,7368421052632;74,7;"NÃO ALCANÇOU"
"PR";410290;"Bituruna";;195;196;99,4897959183673;99,5;"ALCANÇOU"
"PR";410300;"Boa Esperança";;9;9;100;100;"ALCANÇOU"
"PR";410302;"Boa Esperança do Iguaçu";;16;17;94,1176470588235;94,1;"NÃO ALCANÇOU"
"PR";410304;"Boa Ventura de São Roque";;1;1;100;100;"ALCANÇOU"
"PR";410305;"Boa Vista da Aparecida";;35;35;100;100;"ALCANÇOU"
"PR";410310;"Bocaiúva do Sul";;20;23;86,9565217391304;87;"NÃO ALCANÇOU"
"PR";410315;"Bom Jesus do Sul";;3;3;100;100;"ALCANÇOU"
"PR";410320;"Bom Sucesso";;3;3;100;100;"ALCANÇOU"
"PR";410322;"Bom Sucesso do Sul";;44;46;95,6521739130435;95,7;"ALCANÇOU"
"PR";410330;"Borrazópolis";;13;13;100;100;"ALCANÇOU"
"PR";410335;"Braganey";;3;3;100;100;"ALCANÇOU"
"PR";410337;"Brasilândia do Sul";;16;16;100;100;"ALCANÇOU"
"PR";410340;"Cafeara";;6;6;100;100;"ALCANÇOU"
"PR";410345;"Cafelândia";;137;163;84,0490797546012;84;"NÃO ALCANÇOU"
"PR";410347;"Cafezal do Sul";;21;21;100;100;"ALCANÇOU"
"PR";410350;"Califórnia";;12;12;100;100;"ALCANÇOU"
"PR";410360;"Cambará";;68;68;100;100;"ALCANÇOU"
"PR";410370;"Cambé";;1171;1474;79,4436906377205;79,4;"NÃO ALCANÇOU"
"PR";410380;"Cambira";;4;4;100;100;"ALCANÇOU"
"PR";410390;"Campina da Lagoa";;26;29;89,6551724137931;89,7;"NÃO ALCANÇOU"
"PR";410395;"Campina do Simão";;6;6;100;100;"ALCANÇOU"
"PR";410400;"Campina Grande do Sul";;487;492;98,9837398373984;99;"ALCANÇOU"
"PR";410405;"Campo Bonito";;6;6;100;100;"ALCANÇOU"
"PR";410410;"Campo do Tenente";;23;29;79,3103448275862;79,3;"NÃO ALCANÇOU"
"PR";410420;"Campo Largo";;230;298;77,1812080536913;77,2;"NÃO ALCANÇOU"
"PR";410425;"Campo Magro";;93;98;94,8979591836735;94,9;"ALCANÇOU"
"PR";410430;"Campo Mourão";;344;344;100;100;"ALCANÇOU"
"PR";410440;"Cândido de Abreu";;21;23;91,304347826087;91,3;"NÃO ALCANÇOU"
"PR";410442;"Candói";;22;22;100;100;"ALCANÇOU"
"PR";410445;"Cantagalo";;39;41;95,1219512195122;95,1;"ALCANÇOU"
"PR";410450;"Capanema";;47;58;81,0344827586207;81;"NÃO ALCANÇOU"
"PR";410460;"Capitão Leônidas Marques";;44;44;100;100;"ALCANÇOU"
"PR";410465;"Carambeí";;47;48;97,9166666666667;97,9;"ALCANÇOU"
"PR";410470;"Carlópolis";;55;55;100;100;"ALCANÇOU"
"PR";410480;"Cascavel";;2818;2831;99,540798304486;99,5;"ALCANÇOU"
"PR";410490;"Castro";;532;569;93,4973637961336;93,5;"NÃO ALCANÇOU"
"PR";410500;"Catanduvas";;44;45;97,7777777777778;97,8;"ALCANÇOU"
"PR";410510;"Centenário do Sul";;52;56;92,8571428571429;92,9;"NÃO ALCANÇOU"
"PR";410520;"Cerro Azul";;33;33;100;100;"ALCANÇOU"
"PR";410530;"Céu Azul";;26;27;96,2962962962963;96,3;"ALCANÇOU"
"PR";410540;"Chopinzinho";;95;95;100;100;"ALCANÇOU"
"PR";410550;"Cianorte";;455;455;100;100;"ALCANÇOU"
"PR";410560;"Cidade Gaúcha";;41;41;100;100;"ALCANÇOU"
"PR";410570;"Clevelândia";;70;70;100;100;"ALCANÇOU"
"PR";410580;"Colombo";;575;575;100;100;"ALCANÇOU"
"PR";410590;"Colorado";;149;149;100;100;"ALCANÇOU"
"PR";410600;"Congonhinhas";;11;11;100;100;"ALCANÇOU"
"PR";410610;"Conselheiro Mairinck";;7;7;100;100;"ALCANÇOU"
"PR";410620;"Contenda";;35;37;94,5945945945946;94,6;"ALCANÇOU"
"PR";410630;"Corbélia";;91;93;97,8494623655914;97,8;"ALCANÇOU"
"PR";410640;"Cornélio Procópio";;177;177;100;100;"ALCANÇOU"
"PR";410645;"Coronel Domingos Soares";;48;48;100;100;"ALCANÇOU"
"PR";410650;"Coronel Vivida";;160;160;100;100;"ALCANÇOU"
"PR";410655;"Corumbataí do Sul";;16;16;100;100;"ALCANÇOU"
"PR";410657;"Cruzeiro do Iguaçu";;18;18;100;100;"ALCANÇOU"
"PR";410660;"Cruzeiro do Oeste";;91;96;94,7916666666667;94,8;"ALCANÇOU"
"PR";410670;"Cruzeiro do Sul";;39;39;100;100;"ALCANÇOU"
"PR";410680;"Cruz Machado";;41;42;97,6190476190476;97,6;"ALCANÇOU"
"PR";410685;"Cruzmaltina";;12;12;100;100;"ALCANÇOU"
"PR";410690;"Curitiba";;10680;10952;97,5164353542732;97,5;"ALCANÇOU"
"PR";410700;"Curiúva";;68;68;100;100;"ALCANÇOU"
"PR";410710;"Diamante do Norte";;6;6;100;100;"ALCANÇOU"
"PR";410712;"Diamante do Sul";;3;3;100;100;"ALCANÇOU"
"PR";410715;"Diamante DOeste";;21;21;100;100;"ALCANÇOU"
"PR";410720;"Dois Vizinhos";;475;505;94,0594059405941;94,1;"NÃO ALCANÇOU"
"PR";410725;"Douradina";;31;31;100;100;"ALCANÇOU"
"PR";410730;"Doutor Camargo";;23;23;100;100;"ALCANÇOU"
"PR";410740;"Enéas Marques";;13;13;100;100;"ALCANÇOU"
"PR";410750;"Engenheiro Beltrão";;16;16;100;100;"ALCANÇOU"
"PR";410752;"Esperança Nova";;5;5;100;100;"ALCANÇOU"
"PR";410753;"Entre Rios do Oeste";"X";;;;;"NÃO ALCANÇOU"
"PR";410754;"Espigão Alto do Iguaçu";;11;11;100;100;"ALCANÇOU"
"PR";410755;"Farol";;7;7;100;100;"ALCANÇOU"
"PR";410760;"Faxinal";;15;15;100;100;"ALCANÇOU"
"PR";410765;"Fazenda Rio Grande";;940;1058;88,8468809073724;88,8;"NÃO ALCANÇOU"
"PR";410770;"Fênix";;9;9;100;100;"ALCANÇOU"
"PR";410773;"Fernandes Pinheiro";;7;7;100;100;"ALCANÇOU"
"PR";410775;"Figueira";;13;13;100;100;"ALCANÇOU"
"PR";410780;"Floraí";;34;34;100;100;"ALCANÇOU"
"PR";410785;"Flor da Serra do Sul";;24;25;96;96;"ALCANÇOU"
"PR";410790;"Floresta";;25;25;100;100;"ALCANÇOU"
"PR";410800;"Florestópolis";;30;30;100;100;"ALCANÇOU"
"PR";410810;"Flórida";;16;16;100;100;"ALCANÇOU"
"PR";410820;"Formosa do Oeste";;12;12;100;100;"ALCANÇOU"
"PR";410830;"Foz do Iguaçu";;1174;1301;90,2382782475019;90,2;"NÃO ALCANÇOU"
"PR";410832;"Francisco Alves";;31;31;100;100;"ALCANÇOU"
"PR";410840;"Francisco Beltrão";;270;313;86,2619808306709;86,3;"NÃO ALCANÇOU"
"PR";410845;"Foz do Jordão";"X";;;;;"NÃO ALCANÇOU"
"PR";410850;"General Carneiro";;95;141;67,3758865248227;67,4;"NÃO ALCANÇOU"
"PR";410855;"Godoy Moreira";;17;20;85;85;"NÃO ALCANÇOU"
"PR";410860;"Goioerê";;79;96;82,2916666666667;82,3;"NÃO ALCANÇOU"
"PR";410865;"Goioxim";;8;8;100;100;"ALCANÇOU"
"PR";410870;"Grandes Rios";;4;4;100;100;"ALCANÇOU"
"PR";410880;"Guaíra";;262;262;100;100;"ALCANÇOU"
"PR";410890;"Guairaçá";;5;5;100;100;"ALCANÇOU"
"PR";410895;"Guamiranga";;36;37;97,2972972972973;97,3;"ALCANÇOU"
"PR";410900;"Guapirama";;18;18;100;100;"ALCANÇOU"
"PR";410910;"Guaporema";;2;2;100;100;"ALCANÇOU"
"PR";410920;"Guaraci";;29;33;87,8787878787879;87,9;"NÃO ALCANÇOU"
"PR";410930;"Guaraniaçu";;43;44;97,7272727272727;97,7;"ALCANÇOU"
"PR";410940;"Guarapuava";;947;947;100;100;"ALCANÇOU"
"PR";410950;"Guaraqueçaba";;34;34;100;100;"ALCANÇOU"
"PR";410960;"Guaratuba";;125;139;89,9280575539568;89,9;"NÃO ALCANÇOU"
"PR";410965;"Honório Serpa";;11;11;100;100;"ALCANÇOU"
"PR";410970;"Ibaiti";;128;129;99,2248062015504;99,2;"ALCANÇOU"
"PR";410975;"Ibema";;36;36;100;100;"ALCANÇOU"
"PR";410980;"Ibiporã";;302;327;92,3547400611621;92,4;"NÃO ALCANÇOU"
"PR";410990;"Icaraíma";;33;33;100;100;"ALCANÇOU"
"PR";411000;"Iguaraçu";;9;9;100;100;"ALCANÇOU"
"PR";411005;"Iguatu";;5;5;100;100;"ALCANÇOU"
"PR";411007;"Imbaú";;20;22;90,9090909090909;90,9;"NÃO ALCANÇOU"
"PR";411010;"Imbituva";;94;108;87,037037037037;87;"NÃO ALCANÇOU"
"PR";411020;"Inácio Martins";;30;30;100;100;"ALCANÇOU"
"PR";411030;"Inajá";;33;33;100;100;"ALCANÇOU"
"PR";411040;"Indianópolis";;13;13;100;100;"ALCANÇOU"
"PR";411050;"Ipiranga";;43;46;93,4782608695652;93,5;"NÃO ALCANÇOU"
"PR";411060;"Iporã";;46;46;100;100;"ALCANÇOU"
"PR";411065;"Iracema do Oeste";;4;4;100;100;"ALCANÇOU"
"PR";411070;"Irati";;390;390;100;100;"ALCANÇOU"
"PR";411080;"Iretama";;40;41;97,5609756097561;97,6;"ALCANÇOU"
"PR";411090;"Itaguajé";;25;25;100;100;"ALCANÇOU"
"PR";411095;"Itaipulândia";;106;107;99,0654205607477;99,1;"ALCANÇOU"
"PR";411100;"Itambaracá";;26;27;96,2962962962963;96,3;"ALCANÇOU"
"PR";411110;"Itambé";;29;29;100;100;"ALCANÇOU"
"PR";411120;"Itapejara dOeste";;74;74;100;100;"ALCANÇOU"
"PR";411125;"Itaperuçu";;23;24;95,8333333333333;95,8;"ALCANÇOU"
"PR";411130;"Itaúna do Sul";;5;6;83,3333333333333;83,3;"NÃO ALCANÇOU"
"PR";411140;"Ivaí";;55;67;82,089552238806;82,1;"NÃO ALCANÇOU"
"PR";411150;"Ivaiporã";;115;117;98,2905982905983;98,3;"ALCANÇOU"
"PR";411155;"Ivaté";;19;19;100;100;"ALCANÇOU"
"PR";411160;"Ivatuba";;5;5;100;100;"ALCANÇOU"
"PR";411170;"Jaboti";;5;5;100;100;"ALCANÇOU"
"PR";411180;"Jacarezinho";;77;79;97,4683544303797;97,5;"ALCANÇOU"
"PR";411190;"Jaguapitã";;159;170;93,5294117647059;93,5;"NÃO ALCANÇOU"
"PR";411200;"Jaguariaíva";;319;354;90,1129943502825;90,1;"NÃO ALCANÇOU"
"PR";411210;"Jandaia do Sul";;61;61;100;100;"ALCANÇOU"
"PR";411220;"Janiópolis";;40;40;100;100;"ALCANÇOU"
"PR";411230;"Japira";;16;16;100;100;"ALCANÇOU"
"PR";411240;"Japurá";;11;15;73,3333333333333;73,3;"NÃO ALCANÇOU"
"PR";411250;"Jardim Alegre";;57;58;98,2758620689655;98,3;"ALCANÇOU"
"PR";411260;"Jardim Olinda";;10;10;100;100;"ALCANÇOU"
"PR";411270;"Jataizinho";;48;51;94,1176470588235;94,1;"NÃO ALCANÇOU"
"PR";411275;"Jesuítas";;9;9;100;100;"ALCANÇOU"
"PR";411280;"Joaquim Távora";;12;12;100;100;"ALCANÇOU"
"PR";411290;"Jundiaí do Sul";;4;4;100;100;"ALCANÇOU"
"PR";411295;"Juranda";;34;34;100;100;"ALCANÇOU"
"PR";411300;"Jussara";;13;13;100;100;"ALCANÇOU"
"PR";411310;"Kaloré";;5;5;100;100;"ALCANÇOU"
"PR";411320;"Lapa";;86;95;90,5263157894737;90,5;"NÃO ALCANÇOU"
"PR";411325;"Laranjal";;2;2;100;100;"ALCANÇOU"
"PR";411330;"Laranjeiras do Sul";;164;164;100;100;"ALCANÇOU"
"PR";411340;"Leópolis";;18;18;100;100;"ALCANÇOU"
"PR";411342;"Lidianópolis";;24;25;96;96;"ALCANÇOU"
"PR";411345;"Lindoeste";;11;11;100;100;"ALCANÇOU"
"PR";411350;"Loanda";;97;98;98,9795918367347;99;"ALCANÇOU"
"PR";411360;"Lobato";;17;17;100;100;"ALCANÇOU"
"PR";411370;"Londrina";;4251;4471;95,0794005815254;95,1;"ALCANÇOU"
"PR";411373;"Luiziana";;3;3;100;100;"ALCANÇOU"
"PR";411375;"Lunardelli";;46;46;100;100;"ALCANÇOU"
"PR";411380;"Lupionópolis";;67;85;78,8235294117647;78,8;"NÃO ALCANÇOU"
"PR";411390;"Mallet";;161;161;100;100;"ALCANÇOU"
"PR";411400;"Mamborê";;21;21;100;100;"ALCANÇOU"
"PR";411410;"Mandaguaçu";;19;19;100;100;"ALCANÇOU"
"PR";411420;"Mandaguari";;114;114;100;100;"ALCANÇOU"
"PR";411430;"Mandirituba";;6;6;100;100;"ALCANÇOU"
"PR";411435;"Manfrinópolis";;2;2;100;100;"ALCANÇOU"
"PR";411440;"Mangueirinha";;65;65;100;100;"ALCANÇOU"
"PR";411450;"Manoel Ribas";;19;20;95;95;"ALCANÇOU"
"PR";411460;"Marechal Cândido Rondon";;308;308;100;100;"ALCANÇOU"
"PR";411470;"Maria Helena";;12;14;85,7142857142857;85,7;"NÃO ALCANÇOU"
"PR";411480;"Marialva";;131;131;100;100;"ALCANÇOU"
"PR";411490;"Marilândia do Sul";;11;11;100;100;"ALCANÇOU"
"PR";411500;"Marilena";;37;37;100;100;"ALCANÇOU"
"PR";411510;"Mariluz";;14;14;100;100;"ALCANÇOU"
"PR";411520;"Maringá";;2171;2171;100;100;"ALCANÇOU"
"PR";411530;"Mariópolis";;13;13;100;100;"ALCANÇOU"
"PR";411535;"Maripá";;20;20;100;100;"ALCANÇOU"
"PR";411540;"Marmeleiro";;44;46;95,6521739130435;95,7;"ALCANÇOU"
"PR";411545;"Marquinho";;8;8;100;100;"ALCANÇOU"
"PR";411550;"Marumbi";"X";;;;;"NÃO ALCANÇOU"
"PR";411560;"Matelândia";;89;92;96,7391304347826;96,7;"ALCANÇOU"
"PR";411570;"Matinhos";;179;206;86,8932038834951;86,9;"NÃO ALCANÇOU"
"PR";411573;"Mato Rico";;6;6;100;100;"ALCANÇOU"
"PR";411575;"Mauá da Serra";;5;5;100;100;"ALCANÇOU"
"PR";411580;"Medianeira";;319;319;100;100;"ALCANÇOU"
"PR";411585;"Mercedes";;33;34;97,0588235294118;97,1;"ALCANÇOU"
"PR";411590;"Mirador";;36;44;81,8181818181818;81,8;"NÃO ALCANÇOU"
"PR";411600;"Miraselva";;4;4;100;100;"ALCANÇOU"
"PR";411605;"Missal";;21;21;100;100;"ALCANÇOU"
"PR";411610;"Moreira Sales";;22;22;100;100;"ALCANÇOU"
"PR";411620;"Morretes";;46;46;100;100;"ALCANÇOU"
"PR";411630;"Munhoz de Melo";;9;9;100;100;"ALCANÇOU"
"PR";411640;"Nossa Senhora das Graças";;20;20;100;100;"ALCANÇOU"
"PR";411650;"Nova Aliança do Ivaí";"X";;;;;"NÃO ALCANÇOU"
"PR";411660;"Nova América da Colina";;16;16;100;100;"ALCANÇOU"
"PR";411670;"Nova Aurora";;112;112;100;100;"ALCANÇOU"
"PR";411680;"Nova Cantu";;25;25;100;100;"ALCANÇOU"
"PR";411690;"Nova Esperança";;65;65;100;100;"ALCANÇOU"
"PR";411695;"Nova Esperança do Sudoeste";;23;28;82,1428571428571;82,1;"NÃO ALCANÇOU"
"PR";411700;"Nova Fátima";;44;44;100;100;"ALCANÇOU"
"PR";411705;"Nova Laranjeiras";;54;54;100;100;"ALCANÇOU"
"PR";411710;"Nova Londrina";;23;23;100;100;"ALCANÇOU"
"PR";411720;"Nova Olímpia";;7;7;100;100;"ALCANÇOU"
"PR";411721;"Nova Santa Bárbara";;20;20;100;100;"ALCANÇOU"
"PR";411722;"Nova Santa Rosa";;16;17;94,1176470588235;94,1;"NÃO ALCANÇOU"
"PR";411725;"Nova Prata do Iguaçu";;34;34;100;100;"ALCANÇOU"
"PR";411727;"Nova Tebas";;24;24;100;100;"ALCANÇOU"
"PR";411729;"Novo Itacolomi";;1;1;100;100;"ALCANÇOU"
"PR";411730;"Ortigueira";;64;65;98,4615384615385;98,5;"ALCANÇOU"
"PR";411740;"Ourizona";;21;21;100;100;"ALCANÇOU"
"PR";411745;"Ouro Verde do Oeste";;8;9;88,8888888888889;88,9;"NÃO ALCANÇOU"
"PR";411750;"Paiçandu";;160;160;100;100;"ALCANÇOU"
"PR";411760;"Palmas";;155;155;100;100;"ALCANÇOU"
"PR";411770;"Palmeira";;195;197;98,9847715736041;99;"ALCANÇOU"
"PR";411780;"Palmital";;20;20;100;100;"ALCANÇOU"
"PR";411790;"Palotina";;128;131;97,7099236641221;97,7;"ALCANÇOU"
"PR";411800;"Paraíso do Norte";;86;86;100;100;"ALCANÇOU"
"PR";411810;"Paranacity";;52;52;100;100;"ALCANÇOU"
"PR";411820;"Paranaguá";;585;644;90,8385093167702;90,8;"NÃO ALCANÇOU"
"PR";411830;"Paranapoema";;25;25;100;100;"ALCANÇOU"
"PR";411840;"Paranavaí";;367;382;96,0732984293194;96,1;"ALCANÇOU"
"PR";411845;"Pato Bragado";;39;39;100;100;"ALCANÇOU"
"PR";411850;"Pato Branco";;501;501;100;100;"ALCANÇOU"
"PR";411860;"Paula Freitas";;26;26;100;100;"ALCANÇOU"
"PR";411870;"Paulo Frontin";;40;40;100;100;"ALCANÇOU"
"PR";411880;"Peabiru";;62;64;96,875;96,9;"ALCANÇOU"
"PR";411885;"Perobal";;12;12;100;100;"ALCANÇOU"
"PR";411890;"Pérola";;23;30;76,6666666666667;76,7;"NÃO ALCANÇOU"
"PR";411900;"Pérola dOeste";;36;36;100;100;"ALCANÇOU"
"PR";411910;"Piên";;59;69;85,5072463768116;85,5;"NÃO ALCANÇOU"
"PR";411915;"Pinhais";;1734;1845;93,9837398373984;94;"NÃO ALCANÇOU"
"PR";411920;"Pinhalão";;17;17;100;100;"ALCANÇOU"
"PR";411925;"Pinhal de São Bento";;28;28;100;100;"ALCANÇOU"
"PR";411930;"Pinhão";;56;57;98,2456140350877;98,2;"ALCANÇOU"
"PR";411940;"Piraí do Sul";;126;127;99,2125984251968;99,2;"ALCANÇOU"
"PR";411950;"Piraquara";;1063;1258;84,4992050874404;84,5;"NÃO ALCANÇOU"
"PR";411960;"Pitanga";;108;143;75,5244755244755;75,5;"NÃO ALCANÇOU"
"PR";411965;"Pitangueiras";;20;20;100;100;"ALCANÇOU"
"PR";411970;"Planaltina do Paraná";;17;19;89,4736842105263;89,5;"NÃO ALCANÇOU"
"PR";411980;"Planalto";;32;32;100;100;"ALCANÇOU"
"PR";411990;"Ponta Grossa";;1178;1201;98,0849292256453;98,1;"ALCANÇOU"
"PR";411995;"Pontal do Paraná";;129;137;94,1605839416058;94,2;"NÃO ALCANÇOU"
"PR";412000;"Porecatu";;57;57;100;100;"ALCANÇOU"
"PR";412010;"Porto Amazonas";;20;21;95,2380952380952;95,2;"ALCANÇOU"
"PR";412015;"Porto Barreiro";;7;7;100;100;"ALCANÇOU"
"PR";412020;"Porto Rico";;20;20;100;100;"ALCANÇOU"
"PR";412030;"Porto Vitória";;13;13;100;100;"ALCANÇOU"
"PR";412033;"Prado Ferreira";;36;37;97,2972972972973;97,3;"ALCANÇOU"
"PR";412035;"Pranchita";;26;26;100;100;"ALCANÇOU"
"PR";412040;"Presidente Castelo Branco";;16;16;100;100;"ALCANÇOU"
"PR";412050;"Primeiro de Maio";;35;38;92,1052631578947;92,1;"NÃO ALCANÇOU"
"PR";412060;"Prudentópolis";;105;107;98,1308411214953;98,1;"ALCANÇOU"
"PR";412065;"Quarto Centenário";;3;3;100;100;"ALCANÇOU"
"PR";412070;"Quatiguá";;5;5;100;100;"ALCANÇOU"
"PR";412080;"Quatro Barras";;141;142;99,2957746478873;99,3;"ALCANÇOU"
"PR";412085;"Quatro Pontes";;8;8;100;100;"ALCANÇOU"
"PR";412090;"Quedas do Iguaçu";;124;124;100;100;"ALCANÇOU"
"PR";412100;"Querência do Norte";;55;55;100;100;"ALCANÇOU"
"PR";412110;"Quinta do Sol";;19;20;95;95;"ALCANÇOU"
"PR";412120;"Quitandinha";;52;55;94,5454545454545;94,5;"ALCANÇOU"
"PR";412125;"Ramilândia";;1;1;100;100;"ALCANÇOU"
"PR";412130;"Rancho Alegre";;24;24;100;100;"ALCANÇOU"
"PR";412135;"Rancho Alegre DOeste";;6;6;100;100;"ALCANÇOU"
"PR";412140;"Realeza";;40;40;100;100;"ALCANÇOU"
"PR";412150;"Rebouças";;50;51;98,0392156862745;98;"ALCANÇOU"
"PR";412160;"Renascença";;31;31;100;100;"ALCANÇOU"
"PR";412170;"Reserva";;127;135;94,0740740740741;94,1;"NÃO ALCANÇOU"
"PR";412175;"Reserva do Iguaçu";;3;3;100;100;"ALCANÇOU"
"PR";412180;"Ribeirão Claro";;6;6;100;100;"ALCANÇOU"
"PR";412190;"Ribeirão do Pinhal";;47;47;100;100;"ALCANÇOU"
"PR";412200;"Rio Azul";;58;58;100;100;"ALCANÇOU"
"PR";412210;"Rio Bom";;10;10;100;100;"ALCANÇOU"
"PR";412215;"Rio Bonito do Iguaçu";;28;28;100;100;"ALCANÇOU"
"PR";412217;"Rio Branco do Ivaí";;4;4;100;100;"ALCANÇOU"
"PR";412220;"Rio Branco do Sul";;153;168;91,0714285714286;91,1;"NÃO ALCANÇOU"
"PR";412230;"Rio Negro";;63;63;100;100;"ALCANÇOU"
"PR";412240;"Rolândia";;561;582;96,3917525773196;96,4;"ALCANÇOU"
"PR";412250;"Roncador";;39;39;100;100;"ALCANÇOU"
"PR";412260;"Rondon";;52;59;88,135593220339;88,1;"NÃO ALCANÇOU"
"PR";412265;"Rosário do Ivaí";;13;13;100;100;"ALCANÇOU"
"PR";412270;"Sabáudia";;21;21;100;100;"ALCANÇOU"
"PR";412280;"Salgado Filho";;15;15;100;100;"ALCANÇOU"
"PR";412290;"Salto do Itararé";;3;3;100;100;"ALCANÇOU"
"PR";412300;"Salto do Lontra";;56;66;84,8484848484848;84,8;"NÃO ALCANÇOU"
"PR";412310;"Santa Amélia";;6;6;100;100;"ALCANÇOU"
"PR";412320;"Santa Cecília do Pavão";;10;10;100;100;"ALCANÇOU"
"PR";412330;"Santa Cruz de Monte Castelo";;1;1;100;100;"ALCANÇOU"
"PR";412340;"Santa Fé";;49;49;100;100;"ALCANÇOU"
"PR";412350;"Santa Helena";;170;170;100;100;"ALCANÇOU"
"PR";412360;"Santa Inês";"X";;;;;"NÃO ALCANÇOU"
"PR";412370;"Santa Isabel do Ivaí";;10;10;100;100;"ALCANÇOU"
"PR";412380;"Santa Izabel do Oeste";;122;122;100;100;"ALCANÇOU"
"PR";412382;"Santa Lúcia";;11;11;100;100;"ALCANÇOU"
"PR";412385;"Santa Maria do Oeste";;67;69;97,1014492753623;97,1;"ALCANÇOU"
"PR";412390;"Santa Mariana";;7;7;100;100;"ALCANÇOU"
"PR";412395;"Santa Mônica";;1;1;100;100;"ALCANÇOU"
"PR";412400;"Santana do Itararé";;11;11;100;100;"ALCANÇOU"
"PR";412402;"Santa Tereza do Oeste";;59;64;92,1875;92,2;"NÃO ALCANÇOU"
"PR";412405;"Santa Terezinha de Itaipu";;150;151;99,3377483443709;99,3;"ALCANÇOU"
"PR";412410;"Santo Antônio da Platina";;119;129;92,2480620155039;92,2;"NÃO ALCANÇOU"
"PR";412420;"Santo Antônio do Caiuá";;3;3;100;100;"ALCANÇOU"
"PR";412430;"Santo Antônio do Paraíso";;5;6;83,3333333333333;83,3;"NÃO ALCANÇOU"
"PR";412440;"Santo Antônio do Sudoeste";;69;72;95,8333333333333;95,8;"ALCANÇOU"
"PR";412450;"Santo Inácio";;32;32;100;100;"ALCANÇOU"
"PR";412460;"São Carlos do Ivaí";;13;13;100;100;"ALCANÇOU"
"PR";412470;"São Jerônimo da Serra";;15;15;100;100;"ALCANÇOU"
"PR";412480;"São João";;64;64;100;100;"ALCANÇOU"
"PR";412490;"São João do Caiuá";;25;25;100;100;"ALCANÇOU"
"PR";412500;"São João do Ivaí";;69;71;97,1830985915493;97,2;"ALCANÇOU"
"PR";412510;"São João do Triunfo";;89;93;95,6989247311828;95,7;"ALCANÇOU"
"PR";412520;"São Jorge dOeste";;69;73;94,5205479452055;94,5;"ALCANÇOU"
"PR";412530;"São Jorge do Ivaí";;3;3;100;100;"ALCANÇOU"
"PR";412535;"São Jorge do Patrocínio";;26;26;100;100;"ALCANÇOU"
"PR";412540;"São José da Boa Vista";;1;1;100;100;"ALCANÇOU"
"PR";412545;"São José das Palmeiras";;3;3;100;100;"ALCANÇOU"
"PR";412550;"São José dos Pinhais";;677;685;98,8321167883212;98,8;"ALCANÇOU"
"PR";412555;"São Manoel do Paraná";"X";;;;;"NÃO ALCANÇOU"
"PR";412560;"São Mateus do Sul";;110;110;100;100;"ALCANÇOU"
"PR";412570;"São Miguel do Iguaçu";;154;157;98,0891719745223;98,1;"ALCANÇOU"
"PR";412575;"São Pedro do Iguaçu";;19;19;100;100;"ALCANÇOU"
"PR";412580;"São Pedro do Ivaí";;31;31;100;100;"ALCANÇOU"
"PR";412590;"São Pedro do Paraná";;6;6;100;100;"ALCANÇOU"
"PR";412600;"São Sebastião da Amoreira";;37;38;97,3684210526316;97,4;"ALCANÇOU"
"PR";412610;"São Tomé";;24;24;100;100;"ALCANÇOU"
"PR";412620;"Sapopema";;32;32;100;100;"ALCANÇOU"
"PR";412625;"Sarandi";;362;364;99,4505494505494;99,5;"ALCANÇOU"
"PR";412627;"Saudade do Iguaçu";;10;10;100;100;"ALCANÇOU"
"PR";412630;"Sengés";;73;73;100;100;"ALCANÇOU"
"PR";412635;"Serranópolis do Iguaçu";"X";;;;;"NÃO ALCANÇOU"
"PR";412640;"Sertaneja";;28;28;100;100;"ALCANÇOU"
"PR";412650;"Sertanópolis";;89;91;97,8021978021978;97,8;"ALCANÇOU"
"PR";412660;"Siqueira Campos";;13;13;100;100;"ALCANÇOU"
"PR";412665;"Sulina";;4;4;100;100;"ALCANÇOU"
"PR";412667;"Tamarana";;179;184;97,2826086956522;97,3;"ALCANÇOU"
"PR";412670;"Tamboara";;7;7;100;100;"ALCANÇOU"
"PR";412680;"Tapejara";;44;47;93,6170212765958;93,6;"NÃO ALCANÇOU"
"PR";412690;"Tapira";;20;24;83,3333333333333;83,3;"NÃO ALCANÇOU"
"PR";412700;"Teixeira Soares";;33;34;97,0588235294118;97,1;"ALCANÇOU"
"PR";412710;"Telêmaco Borba";;505;577;87,5216637781629;87,5;"NÃO ALCANÇOU"
"PR";412720;"Terra Boa";;79;79;100;100;"ALCANÇOU"
"PR";412730;"Terra Rica";;77;82;93,9024390243902;93,9;"NÃO ALCANÇOU"
"PR";412740;"Terra Roxa";;71;71;100;100;"ALCANÇOU"
"PR";412750;"Tibagi";;63;64;98,4375;98,4;"ALCANÇOU"
"PR";412760;"Tijucas do Sul";;172;199;86,4321608040201;86,4;"NÃO ALCANÇOU"
"PR";412770;"Toledo";;594;725;81,9310344827586;81,9;"NÃO ALCANÇOU"
"PR";412780;"Tomazina";;32;32;100;100;"ALCANÇOU"
"PR";412785;"Três Barras do Paraná";;51;51;100;100;"ALCANÇOU"
"PR";412788;"Tunas do Paraná";;21;21;100;100;"ALCANÇOU"
"PR";412790;"Tuneiras do Oeste";;37;38;97,3684210526316;97,4;"ALCANÇOU"
"PR";412795;"Tupãssi";;61;62;98,3870967741936;98,4;"ALCANÇOU"
"PR";412796;"Turvo";;31;31;100;100;"ALCANÇOU"
"PR";412800;"Ubiratã";;57;57;100;100;"ALCANÇOU"
"PR";412810;"Umuarama";;176;187;94,1176470588235;94,1;"NÃO ALCANÇOU"
"PR";412820;"União da Vitória";;316;318;99,3710691823899;99,4;"ALCANÇOU"
"PR";412830;"Uniflor";;7;7;100;100;"ALCANÇOU"
"PR";412840;"Uraí";;7;7;100;100;"ALCANÇOU"
"PR";412850;"Wenceslau Braz";;86;86;100;100;"ALCANÇOU"
"PR";412853;"Ventania";;36;36;100;100;"ALCANÇOU"
"PR";412855;"Vera Cruz do Oeste";;54;54;100;100;"ALCANÇOU"
"PR";412860;"Verê";;39;39;100;100;"ALCANÇOU"
"PR";412862;"Alto Paraíso";;2;2;100;100;"ALCANÇOU"
"PR";412863;"Doutor Ulysses";;3;3;100;100;"ALCANÇOU"
"PR";412865;"Virmond";;14;14;100;100;"ALCANÇOU"
"PR";412870;"Vitorino";;30;30;100;100;"ALCANÇOU"
"PR";412880;"Xambrê";;2;2;100;100;"ALCANÇOU"
"SC";420005;"Abdon Batista";;7;7;100;100;"ALCANÇOU"
"SC";420010;"Abelardo Luz";;101;102;99,0196078431373;99;"ALCANÇOU"
"SC";420020;"Agrolândia";;53;53;100;100;"ALCANÇOU"
"SC";420030;"Agronômica";;91;91;100;100;"ALCANÇOU"
"SC";420040;"Água Doce";;46;46;100;100;"ALCANÇOU"
"SC";420050;"Águas de Chapecó";;3;3;100;100;"ALCANÇOU"
"SC";420055;"Águas Frias";;1;1;100;100;"ALCANÇOU"
"SC";420060;"Águas Mornas";;7;7;100;100;"ALCANÇOU"
"SC";420070;"Alfredo Wagner";"X";;;;;"NÃO ALCANÇOU"
"SC";420075;"Alto Bela Vista";;2;2;100;100;"ALCANÇOU"
"SC";420080;"Anchieta";;4;4;100;100;"ALCANÇOU"
"SC";420090;"Angelina";;4;4;100;100;"ALCANÇOU"
"SC";420100;"Anita Garibaldi";;7;7;100;100;"ALCANÇOU"
"SC";420110;"Anitápolis";;3;3;100;100;"ALCANÇOU"
"SC";420120;"Antônio Carlos";;6;6;100;100;"ALCANÇOU"
"SC";420125;"Apiúna";;6;6;100;100;"ALCANÇOU"
"SC";420127;"Arabutã";;8;8;100;100;"ALCANÇOU"
"SC";420130;"Araquari";;200;200;100;100;"ALCANÇOU"
"SC";420140;"Araranguá";;54;54;100;100;"ALCANÇOU"
"SC";420150;"Armazém";;29;29;100;100;"ALCANÇOU"
"SC";420160;"Arroio Trinta";;11;11;100;100;"ALCANÇOU"
"SC";420165;"Arvoredo";;3;3;100;100;"ALCANÇOU"
"SC";420170;"Ascurra";;2;2;100;100;"ALCANÇOU"
"SC";420180;"Atalanta";;5;5;100;100;"ALCANÇOU"
"SC";420190;"Aurora";;2;2;100;100;"ALCANÇOU"
"SC";420195;"Balneário Arroio do Silva";;16;16;100;100;"ALCANÇOU"
"SC";420200;"Balneário Camboriú";;655;666;98,3483483483484;98,3;"ALCANÇOU"
"SC";420205;"Balneário Barra do Sul";;39;39;100;100;"ALCANÇOU"
"SC";420207;"Balneário Gaivota";;16;17;94,1176470588235;94,1;"NÃO ALCANÇOU"
"SC";420208;"Bandeirante";;5;7;71,4285714285714;71,4;"NÃO ALCANÇOU"
"SC";420209;"Barra Bonita";;9;9;100;100;"ALCANÇOU"
"SC";420210;"Barra Velha";;52;52;100;100;"ALCANÇOU"
"SC";420213;"Bela Vista do Toldo";;1;1;100;100;"ALCANÇOU"
"SC";420215;"Belmonte";;5;5;100;100;"ALCANÇOU"
"SC";420220;"Benedito Novo";;22;22;100;100;"ALCANÇOU"
"SC";420230;"Biguaçu";;187;188;99,468085106383;99,5;"ALCANÇOU"
"SC";420240;"Blumenau";;1170;1174;99,6592844974446;99,7;"ALCANÇOU"
"SC";420243;"Bocaina do Sul";;6;6;100;100;"ALCANÇOU"
"SC";420245;"Bombinhas";;40;41;97,5609756097561;97,6;"ALCANÇOU"
"SC";420250;"Bom Jardim da Serra";;10;10;100;100;"ALCANÇOU"
"SC";420253;"Bom Jesus";;3;3;100;100;"ALCANÇOU"
"SC";420257;"Bom Jesus do Oeste";;3;3;100;100;"ALCANÇOU"
"SC";420260;"Bom Retiro";;21;21;100;100;"ALCANÇOU"
"SC";420270;"Botuverá";;4;4;100;100;"ALCANÇOU"
"SC";420280;"Braço do Norte";;114;114;100;100;"ALCANÇOU"
"SC";420285;"Braço do Trombudo";;3;3;100;100;"ALCANÇOU"
"SC";420287;"Brunópolis";;6;6;100;100;"ALCANÇOU"
"SC";420290;"Brusque";;415;417;99,5203836930456;99,5;"ALCANÇOU"
"SC";420300;"Caçador";;252;252;100;100;"ALCANÇOU"
"SC";420310;"Caibi";;15;15;100;100;"ALCANÇOU"
"SC";420315;"Calmon";;13;13;100;100;"ALCANÇOU"
"SC";420320;"Camboriú";;83;87;95,4022988505747;95,4;"ALCANÇOU"
"SC";420325;"Capão Alto";;8;8;100;100;"ALCANÇOU"
"SC";420330;"Campo Alegre";;33;33;100;100;"ALCANÇOU"
"SC";420340;"Campo Belo do Sul";;8;8;100;100;"ALCANÇOU"
"SC";420350;"Campo Erê";;14;14;100;100;"ALCANÇOU"
"SC";420360;"Campos Novos";;103;103;100;100;"ALCANÇOU"
"SC";420370;"Canelinha";;21;22;95,4545454545455;95,5;"ALCANÇOU"
"SC";420380;"Canoinhas";;93;93;100;100;"ALCANÇOU"
"SC";420390;"Capinzal";;63;65;96,9230769230769;96,9;"ALCANÇOU"
"SC";420395;"Capivari de Baixo";;79;84;94,0476190476191;94;"NÃO ALCANÇOU"
"SC";420400;"Catanduvas";;16;16;100;100;"ALCANÇOU"
"SC";420410;"Caxambu do Sul";;15;15;100;100;"ALCANÇOU"
"SC";420415;"Celso Ramos";;2;2;100;100;"ALCANÇOU"
"SC";420417;"Cerro Negro";;1;1;100;100;"ALCANÇOU"
"SC";420419;"Chapadão do Lageado";;3;3;100;100;"ALCANÇOU"
"SC";420420;"Chapecó";;794;794;100;100;"ALCANÇOU"
"SC";420425;"Cocal do Sul";;27;27;100;100;"ALCANÇOU"
"SC";420430;"Concórdia";;406;406;100;100;"ALCANÇOU"
"SC";420435;"Cordilheira Alta";;1;1;100;100;"ALCANÇOU"
"SC";420440;"Coronel Freitas";;10;13;76,9230769230769;76,9;"NÃO ALCANÇOU"
"SC";420445;"Coronel Martins";;2;2;100;100;"ALCANÇOU"
"SC";420450;"Corupá";;19;19;100;100;"ALCANÇOU"
"SC";420455;"Correia Pinto";;22;22;100;100;"ALCANÇOU"
"SC";420460;"Criciúma";;2158;2172;99,3554327808471;99,4;"ALCANÇOU"
"SC";420470;"Cunha Porã";;14;14;100;100;"ALCANÇOU"
"SC";420475;"Cunhataí";"X";;;;;"NÃO ALCANÇOU"
"SC";420480;"Curitibanos";;154;154;100;100;"ALCANÇOU"
"SC";420490;"Descanso";;9;9;100;100;"ALCANÇOU"
"SC";420500;"Dionísio Cerqueira";;33;33;100;100;"ALCANÇOU"
"SC";420510;"Dona Emma";;5;5;100;100;"ALCANÇOU"
"SC";420515;"Doutor Pedrinho";;2;2;100;100;"ALCANÇOU"
"SC";420517;"Entre Rios";;30;30;100;100;"ALCANÇOU"
"SC";420519;"Ermo";;2;2;100;100;"ALCANÇOU"
"SC";420520;"Erval Velho";;2;2;100;100;"ALCANÇOU"
"SC";420530;"Faxinal dos Guedes";;7;7;100;100;"ALCANÇOU"
"SC";420535;"Flor do Sertão";;2;2;100;100;"ALCANÇOU"
"SC";420540;"Florianópolis";;3218;3247;99,1068678780413;99,1;"ALCANÇOU"
"SC";420543;"Formosa do Sul";"X";;;;;"NÃO ALCANÇOU"
"SC";420545;"Forquilhinha";;82;91;90,1098901098901;90,1;"NÃO ALCANÇOU"
"SC";420550;"Fraiburgo";;203;206;98,5436893203884;98,5;"ALCANÇOU"
"SC";420555;"Frei Rogério";;3;3;100;100;"ALCANÇOU"
"SC";420560;"Galvão";;23;23;100;100;"ALCANÇOU"
"SC";420570;"Garopaba";;60;73;82,1917808219178;82,2;"NÃO ALCANÇOU"
"SC";420580;"Garuva";;100;100;100;100;"ALCANÇOU"
"SC";420590;"Gaspar";;968;968;100;100;"ALCANÇOU"
"SC";420600;"Governador Celso Ramos";;17;18;94,4444444444444;94,4;"NÃO ALCANÇOU"
"SC";420610;"Grão Pará";;2;2;100;100;"ALCANÇOU"
"SC";420620;"Gravatal";;10;10;100;100;"ALCANÇOU"
"SC";420630;"Guabiruba";;26;27;96,2962962962963;96,3;"ALCANÇOU"
"SC";420640;"Guaraciaba";;14;14;100;100;"ALCANÇOU"
"SC";420650;"Guaramirim";;237;237;100;100;"ALCANÇOU"
"SC";420660;"Guarujá do Sul";;16;16;100;100;"ALCANÇOU"
"SC";420665;"Guatambú";;11;12;91,6666666666667;91,7;"NÃO ALCANÇOU"
"SC";420670;"Herval dOeste";;48;52;92,3076923076923;92,3;"NÃO ALCANÇOU"
"SC";420675;"Ibiam";;3;3;100;100;"ALCANÇOU"
"SC";420680;"Ibicaré";;3;3;100;100;"ALCANÇOU"
"SC";420690;"Ibirama";;142;142;100;100;"ALCANÇOU"
"SC";420700;"Içara";;120;120;100;100;"ALCANÇOU"
"SC";420710;"Ilhota";;18;18;100;100;"ALCANÇOU"
"SC";420720;"Imaruí";;11;11;100;100;"ALCANÇOU"
"SC";420730;"Imbituba";;157;157;100;100;"ALCANÇOU"
"SC";420740;"Imbuia";;10;10;100;100;"ALCANÇOU"
"SC";420750;"Indaial";;247;251;98,406374501992;98,4;"ALCANÇOU"
"SC";420757;"Iomerê";;6;6;100;100;"ALCANÇOU"
"SC";420760;"Ipira";;48;48;100;100;"ALCANÇOU"
"SC";420765;"Iporã do Oeste";;56;56;100;100;"ALCANÇOU"
"SC";420768;"Ipuaçu";;26;26;100;100;"ALCANÇOU"
"SC";420770;"Ipumirim";;13;14;92,8571428571429;92,9;"NÃO ALCANÇOU"
"SC";420775;"Iraceminha";"X";;;;;"NÃO ALCANÇOU"
"SC";420780;"Irani";;29;29;100;100;"ALCANÇOU"
"SC";420785;"Irati";;2;2;100;100;"ALCANÇOU"
"SC";420790;"Irineópolis";;51;51;100;100;"ALCANÇOU"
"SC";420800;"Itá";;30;31;96,7741935483871;96,8;"ALCANÇOU"
"SC";420810;"Itaiópolis";;52;52;100;100;"ALCANÇOU"
"SC";420820;"Itajaí";;1430;1430;100;100;"ALCANÇOU"
"SC";420830;"Itapema";;192;192;100;100;"ALCANÇOU"
"SC";420840;"Itapiranga";;92;130;70,7692307692308;70,8;"NÃO ALCANÇOU"
"SC";420845;"Itapoá";;107;109;98,1651376146789;98,2;"ALCANÇOU"
"SC";420850;"Ituporanga";;38;39;97,4358974358974;97,4;"ALCANÇOU"
"SC";420860;"Jaborá";;12;12;100;100;"ALCANÇOU"
"SC";420870;"Jacinto Machado";;7;7;100;100;"ALCANÇOU"
"SC";420880;"Jaguaruna";;77;77;100;100;"ALCANÇOU"
"SC";420890;"Jaraguá do Sul";;642;642;100;100;"ALCANÇOU"
"SC";420895;"Jardinópolis";"X";;;;;"NÃO ALCANÇOU"
"SC";420900;"Joaçaba";;206;211;97,6303317535545;97,6;"ALCANÇOU"
"SC";420910;"Joinville";;4502;4505;99,9334073251942;99,9;"ALCANÇOU"
"SC";420915;"José Boiteux";;32;32;100;100;"ALCANÇOU"
"SC";420917;"Jupiá";"X";;;;;"NÃO ALCANÇOU"
"SC";420920;"Lacerdópolis";"X";;;;;"NÃO ALCANÇOU"
"SC";420930;"Lages";;517;526;98,2889733840304;98,3;"ALCANÇOU"
"SC";420940;"Laguna";;176;177;99,4350282485876;99,4;"ALCANÇOU"
"SC";420945;"Lajeado Grande";;8;8;100;100;"ALCANÇOU"
"SC";420950;"Laurentino";;8;8;100;100;"ALCANÇOU"
"SC";420960;"Lauro Muller";;26;26;100;100;"ALCANÇOU"
"SC";420970;"Lebon Régis";;29;29;100;100;"ALCANÇOU"
"SC";420980;"Leoberto Leal";;1;1;100;100;"ALCANÇOU"
"SC";420985;"Lindóia do Sul";;14;14;100;100;"ALCANÇOU"
"SC";420990;"Lontras";;13;13;100;100;"ALCANÇOU"
"SC";421000;"Luiz Alves";;38;39;97,4358974358974;97,4;"ALCANÇOU"
"SC";421003;"Luzerna";;25;30;83,3333333333333;83,3;"NÃO ALCANÇOU"
"SC";421005;"Macieira";;2;2;100;100;"ALCANÇOU"
"SC";421010;"Mafra";;186;186;100;100;"ALCANÇOU"
"SC";421020;"Major Gercino";;7;7;100;100;"ALCANÇOU"
"SC";421030;"Major Vieira";;13;13;100;100;"ALCANÇOU"
"SC";421040;"Maracajá";;2;2;100;100;"ALCANÇOU"
"SC";421050;"Maravilha";;88;167;52,6946107784431;52,7;"NÃO ALCANÇOU"
"SC";421055;"Marema";;1;1;100;100;"ALCANÇOU"
"SC";421060;"Massaranduba";;56;56;100;100;"ALCANÇOU"
"SC";421070;"Matos Costa";;1;1;100;100;"ALCANÇOU"
"SC";421080;"Meleiro";;12;12;100;100;"ALCANÇOU"
"SC";421085;"Mirim Doce";;5;5;100;100;"ALCANÇOU"
"SC";421090;"Modelo";;3;3;100;100;"ALCANÇOU"
"SC";421100;"Mondaí";;65;67;97,0149253731343;97;"ALCANÇOU"
"SC";421105;"Monte Carlo";;22;23;95,6521739130435;95,7;"ALCANÇOU"
"SC";421110;"Monte Castelo";;30;30;100;100;"ALCANÇOU"
"SC";421120;"Morro da Fumaça";;124;124;100;100;"ALCANÇOU"
"SC";421125;"Morro Grande";;2;2;100;100;"ALCANÇOU"
"SC";421130;"Navegantes";;156;156;100;100;"ALCANÇOU"
"SC";421140;"Nova Erechim";;3;4;75;75;"NÃO ALCANÇOU"
"SC";421145;"Nova Itaberaba";;16;17;94,1176470588235;94,1;"NÃO ALCANÇOU"
"SC";421150;"Nova Trento";"X";;;;;"NÃO ALCANÇOU"
"SC";421160;"Nova Veneza";;29;29;100;100;"ALCANÇOU"
"SC";421165;"Novo Horizonte";;2;2;100;100;"ALCANÇOU"
"SC";421170;"Orleans";;70;70;100;100;"ALCANÇOU"
"SC";421175;"Otacílio Costa";;29;29;100;100;"ALCANÇOU"
"SC";421180;"Ouro";"X";;;;;"NÃO ALCANÇOU"
"SC";421185;"Ouro Verde";"X";;;;;"NÃO ALCANÇOU"
"SC";421187;"Paial";;3;3;100;100;"ALCANÇOU"
"SC";421189;"Painel";;19;19;100;100;"ALCANÇOU"
"SC";421190;"Palhoça";;566;566;100;100;"ALCANÇOU"
"SC";421200;"Palma Sola";;10;10;100;100;"ALCANÇOU"
"SC";421205;"Palmeira";;2;3;66,6666666666667;66,7;"NÃO ALCANÇOU"
"SC";421210;"Palmitos";;113;121;93,3884297520661;93,4;"NÃO ALCANÇOU"
"SC";421220;"Papanduva";;85;86;98,8372093023256;98,8;"ALCANÇOU"
"SC";421223;"Paraíso";;5;5;100;100;"ALCANÇOU"
"SC";421225;"Passo de Torres";;3;3;100;100;"ALCANÇOU"
"SC";421227;"Passos Maia";"X";;;;;"NÃO ALCANÇOU"
"SC";421230;"Paulo Lopes";;13;13;100;100;"ALCANÇOU"
"SC";421240;"Pedras Grandes";;6;6;100;100;"ALCANÇOU"
"SC";421250;"Penha";;93;93;100;100;"ALCANÇOU"
"SC";421260;"Peritiba";;5;5;100;100;"ALCANÇOU"
"SC";421265;"Pescaria Brava";;12;13;92,3076923076923;92,3;"NÃO ALCANÇOU"
"SC";421270;"Petrolândia";;23;23;100;100;"ALCANÇOU"
"SC";421280;"Balneário Piçarras";;183;183;100;100;"ALCANÇOU"
"SC";421290;"Pinhalzinho";;55;55;100;100;"ALCANÇOU"
"SC";421300;"Pinheiro Preto";;11;11;100;100;"ALCANÇOU"
"SC";421310;"Piratuba";"X";;;;;"NÃO ALCANÇOU"
"SC";421315;"Planalto Alegre";;15;15;100;100;"ALCANÇOU"
"SC";421320;"Pomerode";;303;310;97,741935483871;97,7;"ALCANÇOU"
"SC";421330;"Ponte Alta";;1;1;100;100;"ALCANÇOU"
"SC";421335;"Ponte Alta do Norte";;1;1;100;100;"ALCANÇOU"
"SC";421340;"Ponte Serrada";;24;24;100;100;"ALCANÇOU"
"SC";421350;"Porto Belo";;53;53;100;100;"ALCANÇOU"
"SC";421360;"Porto União";;55;57;96,4912280701754;96,5;"ALCANÇOU"
"SC";421370;"Pouso Redondo";;64;64;100;100;"ALCANÇOU"
"SC";421380;"Praia Grande";;13;13;100;100;"ALCANÇOU"
"SC";421390;"Presidente Castello Branco";;3;3;100;100;"ALCANÇOU"
"SC";421400;"Presidente Getúlio";;64;64;100;100;"ALCANÇOU"
"SC";421410;"Presidente Nereu";;7;7;100;100;"ALCANÇOU"
"SC";421415;"Princesa";;10;10;100;100;"ALCANÇOU"
"SC";421420;"Quilombo";;17;20;85;85;"NÃO ALCANÇOU"
"SC";421430;"Rancho Queimado";"X";;;;;"NÃO ALCANÇOU"
"SC";421440;"Rio das Antas";;9;9;100;100;"ALCANÇOU"
"SC";421450;"Rio do Campo";;45;45;100;100;"ALCANÇOU"
"SC";421460;"Rio do Oeste";;1;1;100;100;"ALCANÇOU"
"SC";421470;"Rio dos Cedros";;28;28;100;100;"ALCANÇOU"
"SC";421480;"Rio do Sul";;188;189;99,4708994708995;99,5;"ALCANÇOU"
"SC";421490;"Rio Fortuna";;20;20;100;100;"ALCANÇOU"
"SC";421500;"Rio Negrinho";;22;22;100;100;"ALCANÇOU"
"SC";421505;"Rio Rufino";;4;4;100;100;"ALCANÇOU"
"SC";421507;"Riqueza";;19;22;86,3636363636364;86,4;"NÃO ALCANÇOU"
"SC";421510;"Rodeio";;9;9;100;100;"ALCANÇOU"
"SC";421520;"Romelândia";"X";;;;;"NÃO ALCANÇOU"
"SC";421530;"Salete";;43;43;100;100;"ALCANÇOU"
"SC";421535;"Saltinho";;4;4;100;100;"ALCANÇOU"
"SC";421540;"Salto Veloso";;10;11;90,9090909090909;90,9;"NÃO ALCANÇOU"
"SC";421545;"Sangão";;42;43;97,6744186046512;97,7;"ALCANÇOU"
"SC";421550;"Santa Cecília";;111;112;99,1071428571429;99,1;"ALCANÇOU"
"SC";421555;"Santa Helena";;5;5;100;100;"ALCANÇOU"
"SC";421560;"Santa Rosa de Lima";;2;2;100;100;"ALCANÇOU"
"SC";421565;"Santa Rosa do Sul";;3;3;100;100;"ALCANÇOU"
"SC";421567;"Santa Terezinha";;6;6;100;100;"ALCANÇOU"
"SC";421568;"Santa Terezinha do Progresso";;4;4;100;100;"ALCANÇOU"
"SC";421569;"Santiago do Sul";;2;2;100;100;"ALCANÇOU"
"SC";421570;"Santo Amaro da Imperatriz";;86;87;98,8505747126437;98,9;"ALCANÇOU"
"SC";421575;"São Bernardino";"X";;;;;"NÃO ALCANÇOU"
"SC";421580;"São Bento do Sul";;287;312;91,9871794871795;92;"NÃO ALCANÇOU"
"SC";421590;"São Bonifácio";;2;2;100;100;"ALCANÇOU"
"SC";421600;"São Carlos";;31;34;91,1764705882353;91,2;"NÃO ALCANÇOU"
"SC";421605;"São Cristovão do Sul";"X";;;;;"NÃO ALCANÇOU"
"SC";421610;"São Domingos";;13;13;100;100;"ALCANÇOU"
"SC";421620;"São Francisco do Sul";;172;172;100;100;"ALCANÇOU"
"SC";421625;"São João do Oeste";"X";;;;;"NÃO ALCANÇOU"
"SC";421630;"São João Batista";;55;55;100;100;"ALCANÇOU"
"SC";421635;"São João do Itaperiú";;1;1;100;100;"ALCANÇOU"
"SC";421640;"São João do Sul";;6;6;100;100;"ALCANÇOU"
"SC";421650;"São Joaquim";;43;43;100;100;"ALCANÇOU"
"SC";421660;"São José";;1353;1399;96,7119370979271;96,7;"ALCANÇOU"
"SC";421670;"São José do Cedro";;51;51;100;100;"ALCANÇOU"
"SC";421680;"São José do Cerrito";;1;1;100;100;"ALCANÇOU"
"SC";421690;"São Lourenço do Oeste";;37;37;100;100;"ALCANÇOU"
"SC";421700;"São Ludgero";;37;37;100;100;"ALCANÇOU"
"SC";421710;"São Martinho";;9;9;100;100;"ALCANÇOU"
"SC";421715;"São Miguel da Boa Vista";;8;8;100;100;"ALCANÇOU"
"SC";421720;"São Miguel do Oeste";;237;237;100;100;"ALCANÇOU"
"SC";421725;"São Pedro de Alcântara";;4;4;100;100;"ALCANÇOU"
"SC";421730;"Saudades";;8;8;100;100;"ALCANÇOU"
"SC";421740;"Schroeder";;65;65;100;100;"ALCANÇOU"
"SC";421750;"Seara";;51;51;100;100;"ALCANÇOU"
"SC";421755;"Serra Alta";"X";;;;;"NÃO ALCANÇOU"
"SC";421760;"Siderópolis";;23;24;95,8333333333333;95,8;"ALCANÇOU"
"SC";421770;"Sombrio";;131;131;100;100;"ALCANÇOU"
"SC";421775;"Sul Brasil";"X";;;;;"NÃO ALCANÇOU"
"SC";421780;"Taió";;86;86;100;100;"ALCANÇOU"
"SC";421790;"Tangará";;63;63;100;100;"ALCANÇOU"
"SC";421795;"Tigrinhos";;3;3;100;100;"ALCANÇOU"
"SC";421800;"Tijucas";;107;107;100;100;"ALCANÇOU"
"SC";421810;"Timbé do Sul";;35;35;100;100;"ALCANÇOU"
"SC";421820;"Timbó";;128;128;100;100;"ALCANÇOU"
"SC";421825;"Timbó Grande";;4;4;100;100;"ALCANÇOU"
"SC";421830;"Três Barras";;48;48;100;100;"ALCANÇOU"
"SC";421835;"Treviso";;15;15;100;100;"ALCANÇOU"
"SC";421840;"Treze de Maio";;31;31;100;100;"ALCANÇOU"
"SC";421850;"Treze Tílias";;17;17;100;100;"ALCANÇOU"
"SC";421860;"Trombudo Central";;42;42;100;100;"ALCANÇOU"
"SC";421870;"Tubarão";;434;436;99,5412844036697;99,5;"ALCANÇOU"
"SC";421875;"Tunápolis";;11;11;100;100;"ALCANÇOU"
"SC";421880;"Turvo";;48;48;100;100;"ALCANÇOU"
"SC";421885;"União do Oeste";"X";;;;;"NÃO ALCANÇOU"
"SC";421890;"Urubici";;71;71;100;100;"ALCANÇOU"
"SC";421895;"Urupema";;12;12;100;100;"ALCANÇOU"
"SC";421900;"Urussanga";;14;14;100;100;"ALCANÇOU"
"SC";421910;"Vargeão";;18;18;100;100;"ALCANÇOU"
"SC";421915;"Vargem";;2;2;100;100;"ALCANÇOU"
"SC";421917;"Vargem Bonita";;7;7;100;100;"ALCANÇOU"
"SC";421920;"Vidal Ramos";;16;16;100;100;"ALCANÇOU"
"SC";421930;"Videira";;259;262;98,8549618320611;98,9;"ALCANÇOU"
"SC";421935;"Vitor Meireles";;12;12;100;100;"ALCANÇOU"
"SC";421940;"Witmarsum";;56;56;100;100;"ALCANÇOU"
"SC";421950;"Xanxerê";;375;375;100;100;"ALCANÇOU"
"SC";421960;"Xavantina";;4;4;100;100;"ALCANÇOU"
"SC";421970;"Xaxim";;55;55;100;100;"ALCANÇOU"
"SC";421985;"Zortéa";;3;3;100;100;"ALCANÇOU"
"SC";422000;"Balneário Rincão";;7;7;100;100;"ALCANÇOU"
"RS";430003;"Aceguá";;13;13;100;100;"ALCANÇOU"
"RS";430005;"Água Santa";;6;6;100;100;"ALCANÇOU"
"RS";430010;"Agudo";;46;46;100;100;"ALCANÇOU"
"RS";430020;"Ajuricaba";;7;7;100;100;"ALCANÇOU"
"RS";430030;"Alecrim";;2;2;100;100;"ALCANÇOU"
"RS";430040;"Alegrete";;192;192;100;100;"ALCANÇOU"
"RS";430045;"Alegria";;6;6;100;100;"ALCANÇOU"
"RS";430047;"Almirante Tamandaré do Sul";;5;5;100;100;"ALCANÇOU"
"RS";430050;"Alpestre";;3;3;100;100;"ALCANÇOU"
"RS";430055;"Alto Alegre";"X";;;;;"NÃO ALCANÇOU"
"RS";430057;"Alto Feliz";;3;3;100;100;"ALCANÇOU"
"RS";430060;"Alvorada";;151;151;100;100;"ALCANÇOU"
"RS";430063;"Amaral Ferrador";;5;5;100;100;"ALCANÇOU"
"RS";430064;"Ametista do Sul";;7;7;100;100;"ALCANÇOU"
"RS";430066;"André da Rocha";"X";;;;;"NÃO ALCANÇOU"
"RS";430070;"Anta Gorda";;6;6;100;100;"ALCANÇOU"
"RS";430080;"Antônio Prado";;76;76;100;100;"ALCANÇOU"
"RS";430085;"Arambaré";"X";;;;;"NÃO ALCANÇOU"
"RS";430087;"Araricá";;2;2;100;100;"ALCANÇOU"
"RS";430090;"Aratiba";;8;8;100;100;"ALCANÇOU"
"RS";430100;"Arroio do Meio";;63;63;100;100;"ALCANÇOU"
"RS";430105;"Arroio do Sal";;136;136;100;100;"ALCANÇOU"
"RS";430107;"Arroio do Padre";;9;9;100;100;"ALCANÇOU"
"RS";430110;"Arroio dos Ratos";;2;2;100;100;"ALCANÇOU"
"RS";430120;"Arroio do Tigre";;55;55;100;100;"ALCANÇOU"
"RS";430130;"Arroio Grande";;10;10;100;100;"ALCANÇOU"
"RS";430140;"Arvorezinha";;44;44;100;100;"ALCANÇOU"
"RS";430150;"Augusto Pestana";;12;12;100;100;"ALCANÇOU"
"RS";430155;"Áurea";;3;3;100;100;"ALCANÇOU"
"RS";430160;"Bagé";;140;140;100;100;"ALCANÇOU"
"RS";430163;"Balneário Pinhal";;55;55;100;100;"ALCANÇOU"
"RS";430165;"Barão";;5;5;100;100;"ALCANÇOU"
"RS";430170;"Barão de Cotegipe";;54;54;100;100;"ALCANÇOU"
"RS";430175;"Barão do Triunfo";;10;10;100;100;"ALCANÇOU"
"RS";430180;"Barracão";;5;5;100;100;"ALCANÇOU"
"RS";430185;"Barra do Guarita";;4;4;100;100;"ALCANÇOU"
"RS";430187;"Barra do Quaraí";;4;4;100;100;"ALCANÇOU"
"RS";430190;"Barra do Ribeiro";;16;16;100;100;"ALCANÇOU"
"RS";430192;"Barra do Rio Azul";"X";;;;;"NÃO ALCANÇOU"
"RS";430195;"Barra Funda";;11;11;100;100;"ALCANÇOU"
"RS";430200;"Barros Cassal";;17;17;100;100;"ALCANÇOU"
"RS";430205;"Benjamin Constant do Sul";;3;3;100;100;"ALCANÇOU"
"RS";430210;"Bento Gonçalves";;1049;1049;100;100;"ALCANÇOU"
"RS";430215;"Boa Vista das Missões";;1;1;100;100;"ALCANÇOU"
"RS";430220;"Boa Vista do Buricá";;9;9;100;100;"ALCANÇOU"
"RS";430222;"Boa Vista do Cadeado";;10;10;100;100;"ALCANÇOU"
"RS";430223;"Boa Vista do Incra";;9;9;100;100;"ALCANÇOU"
"RS";430225;"Boa Vista do Sul";;3;3;100;100;"ALCANÇOU"
"RS";430230;"Bom Jesus";;24;24;100;100;"ALCANÇOU"
"RS";430235;"Bom Princípio";;22;22;100;100;"ALCANÇOU"
"RS";430237;"Bom Progresso";;2;2;100;100;"ALCANÇOU"
"RS";430240;"Bom Retiro do Sul";;20;20;100;100;"ALCANÇOU"
"RS";430245;"Boqueirão do Leão";;12;12;100;100;"ALCANÇOU"
"RS";430250;"Bossoroca";;22;22;100;100;"ALCANÇOU"
"RS";430258;"Bozano";;3;3;100;100;"ALCANÇOU"
"RS";430260;"Braga";;5;5;100;100;"ALCANÇOU"
"RS";430265;"Brochier";;8;8;100;100;"ALCANÇOU"
"RS";430270;"Butiá";;17;17;100;100;"ALCANÇOU"
"RS";430280;"Caçapava do Sul";;121;121;100;100;"ALCANÇOU"
"RS";430290;"Cacequi";;21;21;100;100;"ALCANÇOU"
"RS";430300;"Cachoeira do Sul";;254;254;100;100;"ALCANÇOU"
"RS";430310;"Cachoeirinha";;180;180;100;100;"ALCANÇOU"
"RS";430320;"Cacique Doble";;70;70;100;100;"ALCANÇOU"
"RS";430330;"Caibaté";;9;9;100;100;"ALCANÇOU"
"RS";430340;"Caiçara";;6;6;100;100;"ALCANÇOU"
"RS";430350;"Camaquã";;58;58;100;100;"ALCANÇOU"
"RS";430355;"Camargo";;4;4;100;100;"ALCANÇOU"
"RS";430360;"Cambará do Sul";;6;6;100;100;"ALCANÇOU"
"RS";430367;"Campestre da Serra";;2;2;100;100;"ALCANÇOU"
"RS";430370;"Campina das Missões";;17;17;100;100;"ALCANÇOU"
"RS";430380;"Campinas do Sul";;4;4;100;100;"ALCANÇOU"
"RS";430390;"Campo Bom";;355;355;100;100;"ALCANÇOU"
"RS";430400;"Campo Novo";;23;23;100;100;"ALCANÇOU"
"RS";430410;"Campos Borges";;5;5;100;100;"ALCANÇOU"
"RS";430420;"Candelária";;82;82;100;100;"ALCANÇOU"
"RS";430430;"Cândido Godói";;12;12;100;100;"ALCANÇOU"
"RS";430435;"Candiota";;9;9;100;100;"ALCANÇOU"
"RS";430440;"Canela";;387;387;100;100;"ALCANÇOU"
"RS";430450;"Canguçu";;69;69;100;100;"ALCANÇOU"
"RS";430460;"Canoas";;1314;1334;98,5007496251874;98,5;"ALCANÇOU"
"RS";430461;"Canudos do Vale";;6;6;100;100;"ALCANÇOU"
"RS";430462;"Capão Bonito do Sul";;1;2;50;50;"NÃO ALCANÇOU"
"RS";430463;"Capão da Canoa";;274;274;100;100;"ALCANÇOU"
"RS";430465;"Capão do Cipó";;8;8;100;100;"ALCANÇOU"
"RS";430466;"Capão do Leão";;33;33;100;100;"ALCANÇOU"
"RS";430467;"Capivari do Sul";;19;19;100;100;"ALCANÇOU"
"RS";430468;"Capela de Santana";;8;8;100;100;"ALCANÇOU"
"RS";430469;"Capitão";;2;2;100;100;"ALCANÇOU"
"RS";430470;"Carazinho";;42;42;100;100;"ALCANÇOU"
"RS";430471;"Caraá";;18;18;100;100;"ALCANÇOU"
"RS";430480;"Carlos Barbosa";;142;142;100;100;"ALCANÇOU"
"RS";430485;"Carlos Gomes";"X";;;;;"NÃO ALCANÇOU"
"RS";430490;"Casca";;4;4;100;100;"ALCANÇOU"
"RS";430495;"Caseiros";"X";;;;;"NÃO ALCANÇOU"
"RS";430500;"Catuípe";;2;2;100;100;"ALCANÇOU"
"RS";430510;"Caxias do Sul";;2614;2619;99,8090874379534;99,8;"ALCANÇOU"
"RS";430511;"Centenário";"X";;;;;"NÃO ALCANÇOU"
"RS";430512;"Cerrito";"X";;;;;"NÃO ALCANÇOU"
"RS";430513;"Cerro Branco";;30;30;100;100;"ALCANÇOU"
"RS";430515;"Cerro Grande";;1;1;100;100;"ALCANÇOU"
"RS";430517;"Cerro Grande do Sul";;23;23;100;100;"ALCANÇOU"
"RS";430520;"Cerro Largo";;18;18;100;100;"ALCANÇOU"
"RS";430530;"Chapada";;7;7;100;100;"ALCANÇOU"
"RS";430535;"Charqueadas";;126;126;100;100;"ALCANÇOU"
"RS";430537;"Charrua";;2;2;100;100;"ALCANÇOU"
"RS";430540;"Chiapetta";;3;3;100;100;"ALCANÇOU"
"RS";430543;"Chuí";;11;11;100;100;"ALCANÇOU"
"RS";430544;"Chuvisca";;5;5;100;100;"ALCANÇOU"
"RS";430545;"Cidreira";;82;82;100;100;"ALCANÇOU"
"RS";430550;"Ciríaco";;1;1;100;100;"ALCANÇOU"
"RS";430558;"Colinas";"X";;;;;"NÃO ALCANÇOU"
"RS";430560;"Colorado";;5;5;100;100;"ALCANÇOU"
"RS";430570;"Condor";;32;32;100;100;"ALCANÇOU"
"RS";430580;"Constantina";;15;15;100;100;"ALCANÇOU"
"RS";430583;"Coqueiro Baixo";;1;1;100;100;"ALCANÇOU"
"RS";430585;"Coqueiros do Sul";;3;3;100;100;"ALCANÇOU"
"RS";430587;"Coronel Barros";;31;31;100;100;"ALCANÇOU"
"RS";430590;"Coronel Bicaco";;6;6;100;100;"ALCANÇOU"
"RS";430593;"Coronel Pilar";;1;1;100;100;"ALCANÇOU"
"RS";430595;"Cotiporã";;13;13;100;100;"ALCANÇOU"
"RS";430597;"Coxilha";;6;6;100;100;"ALCANÇOU"
"RS";430600;"Crissiumal";;77;77;100;100;"ALCANÇOU"
"RS";430605;"Cristal";;11;11;100;100;"ALCANÇOU"
"RS";430607;"Cristal do Sul";;1;1;100;100;"ALCANÇOU"
"RS";430610;"Cruz Alta";;318;318;100;100;"ALCANÇOU"
"RS";430613;"Cruzaltense";;4;4;100;100;"ALCANÇOU"
"RS";430620;"Cruzeiro do Sul";;31;31;100;100;"ALCANÇOU"
"RS";430630;"David Canabarro";;5;5;100;100;"ALCANÇOU"
"RS";430632;"Derrubadas";;2;2;100;100;"ALCANÇOU"
"RS";430635;"Dezesseis de Novembro";;1;1;100;100;"ALCANÇOU"
"RS";430637;"Dilermando de Aguiar";;15;15;100;100;"ALCANÇOU"
"RS";430640;"Dois Irmãos";;156;157;99,3630573248408;99,4;"ALCANÇOU"
"RS";430642;"Dois Irmãos das Missões";;1;1;100;100;"ALCANÇOU"
"RS";430645;"Dois Lajeados";;1;1;100;100;"ALCANÇOU"
"RS";430650;"Dom Feliciano";;12;12;100;100;"ALCANÇOU"
"RS";430655;"Dom Pedro de Alcântara";"X";;;;;"NÃO ALCANÇOU"
"RS";430660;"Dom Pedrito";;108;108;100;100;"ALCANÇOU"
"RS";430670;"Dona Francisca";;6;6;100;100;"ALCANÇOU"
"RS";430673;"Doutor Maurício Cardoso";;10;10;100;100;"ALCANÇOU"
"RS";430675;"Doutor Ricardo";;4;4;100;100;"ALCANÇOU"
"RS";430676;"Eldorado do Sul";;56;56;100;100;"ALCANÇOU"
"RS";430680;"Encantado";;66;66;100;100;"ALCANÇOU"
"RS";430690;"Encruzilhada do Sul";;31;31;100;100;"ALCANÇOU"
"RS";430692;"Engenho Velho";"X";;;;;"NÃO ALCANÇOU"
"RS";430693;"Entre-Ijuís";;5;5;100;100;"ALCANÇOU"
"RS";430695;"Entre Rios do Sul";;6;6;100;100;"ALCANÇOU"
"RS";430697;"Erebango";;2;2;100;100;"ALCANÇOU"
"RS";430700;"Erechim";;279;279;100;100;"ALCANÇOU"
"RS";430705;"Ernestina";"X";;;;;"NÃO ALCANÇOU"
"RS";430710;"Herval";;6;6;100;100;"ALCANÇOU"
"RS";430720;"Erval Grande";;4;4;100;100;"ALCANÇOU"
"RS";430730;"Erval Seco";;33;33;100;100;"ALCANÇOU"
"RS";430740;"Esmeralda";;10;10;100;100;"ALCANÇOU"
"RS";430745;"Esperança do Sul";;3;3;100;100;"ALCANÇOU"
"RS";430750;"Espumoso";;6;7;85,7142857142857;85,7;"NÃO ALCANÇOU"
"RS";430755;"Estação";;17;17;100;100;"ALCANÇOU"
"RS";430760;"Estância Velha";;94;94;100;100;"ALCANÇOU"
"RS";430770;"Esteio";;317;317;100;100;"ALCANÇOU"
"RS";430780;"Estrela";;91;91;100;100;"ALCANÇOU"
"RS";430781;"Estrela Velha";;11;11;100;100;"ALCANÇOU"
"RS";430783;"Eugênio de Castro";;1;1;100;100;"ALCANÇOU"
"RS";430786;"Fagundes Varela";;10;10;100;100;"ALCANÇOU"
"RS";430790;"Farroupilha";;213;213;100;100;"ALCANÇOU"
"RS";430800;"Faxinal do Soturno";;35;36;97,2222222222222;97,2;"ALCANÇOU"
"RS";430805;"Faxinalzinho";"X";;;;;"NÃO ALCANÇOU"
"RS";430807;"Fazenda Vilanova";;3;3;100;100;"ALCANÇOU"
"RS";430810;"Feliz";;20;20;100;100;"ALCANÇOU"
"RS";430820;"Flores da Cunha";;41;41;100;100;"ALCANÇOU"
"RS";430825;"Floriano Peixoto";"X";;;;;"NÃO ALCANÇOU"
"RS";430830;"Fontoura Xavier";;13;13;100;100;"ALCANÇOU"
"RS";430840;"Formigueiro";;11;11;100;100;"ALCANÇOU"
"RS";430843;"Forquetinha";;3;3;100;100;"ALCANÇOU"
"RS";430845;"Fortaleza dos Valos";;25;25;100;100;"ALCANÇOU"
"RS";430850;"Frederico Westphalen";;90;90;100;100;"ALCANÇOU"
"RS";430860;"Garibaldi";;219;219;100;100;"ALCANÇOU"
"RS";430865;"Garruchos";"X";;;;;"NÃO ALCANÇOU"
"RS";430870;"Gaurama";;1;1;100;100;"ALCANÇOU"
"RS";430880;"General Câmara";;4;4;100;100;"ALCANÇOU"
"RS";430885;"Gentil";;2;2;100;100;"ALCANÇOU"
"RS";430890;"Getúlio Vargas";;43;43;100;100;"ALCANÇOU"
"RS";430900;"Giruá";;49;49;100;100;"ALCANÇOU"
"RS";430905;"Glorinha";;27;27;100;100;"ALCANÇOU"
"RS";430910;"Gramado";;637;639;99,6870109546166;99,7;"ALCANÇOU"
"RS";430912;"Gramado dos Loureiros";;1;1;100;100;"ALCANÇOU"
"RS";430915;"Gramado Xavier";;9;9;100;100;"ALCANÇOU"
"RS";430920;"Gravataí";;699;699;100;100;"ALCANÇOU"
"RS";430925;"Guabiju";"X";;;;;"NÃO ALCANÇOU"
"RS";430930;"Guaíba";;623;623;100;100;"ALCANÇOU"
"RS";430940;"Guaporé";;18;18;100;100;"ALCANÇOU"
"RS";430950;"Guarani das Missões";;9;9;100;100;"ALCANÇOU"
"RS";430955;"Harmonia";"X";;;;;"NÃO ALCANÇOU"
"RS";430957;"Herveiras";;9;9;100;100;"ALCANÇOU"
"RS";430960;"Horizontina";;22;22;100;100;"ALCANÇOU"
"RS";430965;"Hulha Negra";;9;9;100;100;"ALCANÇOU"
"RS";430970;"Humaitá";;3;3;100;100;"ALCANÇOU"
"RS";430975;"Ibarama";;24;24;100;100;"ALCANÇOU"
"RS";430980;"Ibiaçá";;7;7;100;100;"ALCANÇOU"
"RS";430990;"Ibiraiaras";;18;18;100;100;"ALCANÇOU"
"RS";430995;"Ibirapuitã";;0;1;0;0;"NÃO ALCANÇOU"
"RS";431000;"Ibirubá";;27;27;100;100;"ALCANÇOU"
"RS";431010;"Igrejinha";;99;100;99;99;"ALCANÇOU"
"RS";431020;"Ijuí";;1467;1473;99,5926680244399;99,6;"ALCANÇOU"
"RS";431030;"Ilópolis";;9;9;100;100;"ALCANÇOU"
"RS";431033;"Imbé";;29;29;100;100;"ALCANÇOU"
"RS";431036;"Imigrante";;6;6;100;100;"ALCANÇOU"
"RS";431040;"Independência";;11;11;100;100;"ALCANÇOU"
"RS";431041;"Inhacorá";"X";;;;;"NÃO ALCANÇOU"
"RS";431043;"Ipê";"X";;;;;"NÃO ALCANÇOU"
"RS";431046;"Ipiranga do Sul";;3;3;100;100;"ALCANÇOU"
"RS";431050;"Iraí";;10;10;100;100;"ALCANÇOU"
"RS";431053;"Itaara";;77;77;100;100;"ALCANÇOU"
"RS";431055;"Itacurubi";;4;4;100;100;"ALCANÇOU"
"RS";431057;"Itapuca";"X";;;;;"NÃO ALCANÇOU"
"RS";431060;"Itaqui";;38;38;100;100;"ALCANÇOU"
"RS";431065;"Itati";"X";;;;;"NÃO ALCANÇOU"
"RS";431070;"Itatiba do Sul";;15;15;100;100;"ALCANÇOU"
"RS";431075;"Ivorá";"X";;;;;"NÃO ALCANÇOU"
"RS";431080;"Ivoti";;102;102;100;100;"ALCANÇOU"
"RS";431085;"Jaboticaba";;14;14;100;100;"ALCANÇOU"
"RS";431087;"Jacuizinho";;2;2;100;100;"ALCANÇOU"
"RS";431090;"Jacutinga";;6;6;100;100;"ALCANÇOU"
"RS";431100;"Jaguarão";;92;92;100;100;"ALCANÇOU"
"RS";431110;"Jaguari";;74;74;100;100;"ALCANÇOU"
"RS";431112;"Jaquirana";;6;6;100;100;"ALCANÇOU"
"RS";431113;"Jari";;9;9;100;100;"ALCANÇOU"
"RS";431115;"Jóia";;6;6;100;100;"ALCANÇOU"
"RS";431120;"Júlio de Castilhos";;43;43;100;100;"ALCANÇOU"
"RS";431123;"Lagoa Bonita do Sul";;29;29;100;100;"ALCANÇOU"
"RS";431125;"Lagoão";"X";;;;;"NÃO ALCANÇOU"
"RS";431127;"Lagoa dos Três Cantos";"X";;;;;"NÃO ALCANÇOU"
"RS";431130;"Lagoa Vermelha";;34;34;100;100;"ALCANÇOU"
"RS";431140;"Lajeado";;823;823;100;100;"ALCANÇOU"
"RS";431142;"Lajeado do Bugre";;3;3;100;100;"ALCANÇOU"
"RS";431150;"Lavras do Sul";;8;8;100;100;"ALCANÇOU"
"RS";431160;"Liberato Salzano";"X";;;;;"NÃO ALCANÇOU"
"RS";431162;"Lindolfo Collor";;15;15;100;100;"ALCANÇOU"
"RS";431164;"Linha Nova";;3;3;100;100;"ALCANÇOU"
"RS";431170;"Machadinho";;6;6;100;100;"ALCANÇOU"
"RS";431171;"Maçambará";;15;15;100;100;"ALCANÇOU"
"RS";431173;"Mampituba";;2;2;100;100;"ALCANÇOU"
"RS";431175;"Manoel Viana";;14;14;100;100;"ALCANÇOU"
"RS";431177;"Maquiné";;5;5;100;100;"ALCANÇOU"
"RS";431179;"Maratá";;5;5;100;100;"ALCANÇOU"
"RS";431180;"Marau";;439;444;98,8738738738739;98,9;"ALCANÇOU"
"RS";431190;"Marcelino Ramos";;6;6;100;100;"ALCANÇOU"
"RS";431198;"Mariana Pimentel";;4;4;100;100;"ALCANÇOU"
"RS";431200;"Mariano Moro";"X";;;;;"NÃO ALCANÇOU"
"RS";431205;"Marques de Souza";;3;3;100;100;"ALCANÇOU"
"RS";431210;"Mata";;12;12;100;100;"ALCANÇOU"
"RS";431213;"Mato Castelhano";;5;5;100;100;"ALCANÇOU"
"RS";431215;"Mato Leitão";;13;13;100;100;"ALCANÇOU"
"RS";431217;"Mato Queimado";;1;1;100;100;"ALCANÇOU"
"RS";431220;"Maximiliano de Almeida";;17;17;100;100;"ALCANÇOU"
"RS";431225;"Minas do Leão";;5;5;100;100;"ALCANÇOU"
"RS";431230;"Miraguaí";;7;7;100;100;"ALCANÇOU"
"RS";431235;"Montauri";;4;4;100;100;"ALCANÇOU"
"RS";431237;"Monte Alegre dos Campos";;2;2;100;100;"ALCANÇOU"
"RS";431238;"Monte Belo do Sul";;5;5;100;100;"ALCANÇOU"
"RS";431240;"Montenegro";;247;247;100;100;"ALCANÇOU"
"RS";431242;"Mormaço";;5;5;100;100;"ALCANÇOU"
"RS";431244;"Morrinhos do Sul";;1;1;100;100;"ALCANÇOU"
"RS";431245;"Morro Redondo";;1;1;100;100;"ALCANÇOU"
"RS";431247;"Morro Reuter";;12;12;100;100;"ALCANÇOU"
"RS";431250;"Mostardas";;31;31;100;100;"ALCANÇOU"
"RS";431260;"Muçum";;2;2;100;100;"ALCANÇOU"
"RS";431261;"Muitos Capões";;2;2;100;100;"ALCANÇOU"
"RS";431262;"Muliterno";;2;2;100;100;"ALCANÇOU"
"RS";431265;"Não-Me-Toque";;7;7;100;100;"ALCANÇOU"
"RS";431267;"Nicolau Vergueiro";"X";;;;;"NÃO ALCANÇOU"
"RS";431270;"Nonoai";;88;89;98,876404494382;98,9;"ALCANÇOU"
"RS";431275;"Nova Alvorada";;25;25;100;100;"ALCANÇOU"
"RS";431280;"Nova Araçá";;7;7;100;100;"ALCANÇOU"
"RS";431290;"Nova Bassano";;24;24;100;100;"ALCANÇOU"
"RS";431295;"Nova Boa Vista";;1;1;100;100;"ALCANÇOU"
"RS";431300;"Nova Bréscia";;5;5;100;100;"ALCANÇOU"
"RS";431301;"Nova Candelária";;8;8;100;100;"ALCANÇOU"
"RS";431303;"Nova Esperança do Sul";;3;3;100;100;"ALCANÇOU"
"RS";431306;"Nova Hartz";;47;47;100;100;"ALCANÇOU"
"RS";431308;"Nova Pádua";"X";;;;;"NÃO ALCANÇOU"
"RS";431310;"Nova Palma";;36;36;100;100;"ALCANÇOU"
"RS";431320;"Nova Petrópolis";;40;40;100;100;"ALCANÇOU"
"RS";431330;"Nova Prata";;126;130;96,9230769230769;96,9;"ALCANÇOU"
"RS";431333;"Nova Ramada";;5;5;100;100;"ALCANÇOU"
"RS";431335;"Nova Roma do Sul";;3;3;100;100;"ALCANÇOU"
"RS";431337;"Nova Santa Rita";;41;41;100;100;"ALCANÇOU"
"RS";431339;"Novo Cabrais";;10;10;100;100;"ALCANÇOU"
"RS";431340;"Novo Hamburgo";;223;223;100;100;"ALCANÇOU"
"RS";431342;"Novo Machado";;9;9;100;100;"ALCANÇOU"
"RS";431344;"Novo Tiradentes";;4;4;100;100;"ALCANÇOU"
"RS";431346;"Novo Xingu";;1;1;100;100;"ALCANÇOU"
"RS";431349;"Novo Barreiro";;34;34;100;100;"ALCANÇOU"
"RS";431350;"Osório";;92;92;100;100;"ALCANÇOU"
"RS";431360;"Paim Filho";;3;3;100;100;"ALCANÇOU"
"RS";431365;"Palmares do Sul";;13;13;100;100;"ALCANÇOU"
"RS";431370;"Palmeira das Missões";;71;72;98,6111111111111;98,6;"ALCANÇOU"
"RS";431380;"Palmitinho";;11;11;100;100;"ALCANÇOU"
"RS";431390;"Panambi";;116;116;100;100;"ALCANÇOU"
"RS";431395;"Pantano Grande";;30;30;100;100;"ALCANÇOU"
"RS";431400;"Paraí";;8;8;100;100;"ALCANÇOU"
"RS";431402;"Paraíso do Sul";;13;13;100;100;"ALCANÇOU"
"RS";431403;"Pareci Novo";;5;5;100;100;"ALCANÇOU"
"RS";431405;"Parobé";;113;113;100;100;"ALCANÇOU"
"RS";431406;"Passa Sete";;11;11;100;100;"ALCANÇOU"
"RS";431407;"Passo do Sobrado";;24;24;100;100;"ALCANÇOU"
"RS";431410;"Passo Fundo";;667;667;100;100;"ALCANÇOU"
"RS";431413;"Paulo Bento";"X";;;;;"NÃO ALCANÇOU"
"RS";431415;"Paverama";;7;7;100;100;"ALCANÇOU"
"RS";431417;"Pedras Altas";"X";;;;;"NÃO ALCANÇOU"
"RS";431420;"Pedro Osório";;5;5;100;100;"ALCANÇOU"
"RS";431430;"Pejuçara";;9;9;100;100;"ALCANÇOU"
"RS";431440;"Pelotas";;1274;1275;99,921568627451;99,9;"ALCANÇOU"
"RS";431442;"Picada Café";;18;18;100;100;"ALCANÇOU"
"RS";431445;"Pinhal";"X";;;;;"NÃO ALCANÇOU"
"RS";431446;"Pinhal da Serra";;1;1;100;100;"ALCANÇOU"
"RS";431447;"Pinhal Grande";;17;17;100;100;"ALCANÇOU"
"RS";431449;"Pinheirinho do Vale";;5;5;100;100;"ALCANÇOU"
"RS";431450;"Pinheiro Machado";;39;39;100;100;"ALCANÇOU"
"RS";431454;"Pinto Bandeira";;7;7;100;100;"ALCANÇOU"
"RS";431455;"Pirapó";"X";;;;;"NÃO ALCANÇOU"
"RS";431460;"Piratini";;17;17;100;100;"ALCANÇOU"
"RS";431470;"Planalto";;19;19;100;100;"ALCANÇOU"
"RS";431475;"Poço das Antas";;2;2;100;100;"ALCANÇOU"
"RS";431477;"Pontão";;2;2;100;100;"ALCANÇOU"
"RS";431478;"Ponte Preta";;1;1;100;100;"ALCANÇOU"
"RS";431480;"Portão";;152;152;100;100;"ALCANÇOU"
"RS";431490;"Porto Alegre";;4785;4818;99,3150684931507;99,3;"ALCANÇOU"
"RS";431500;"Porto Lucena";;4;4;100;100;"ALCANÇOU"
"RS";431505;"Porto Mauá";;11;11;100;100;"ALCANÇOU"
"RS";431507;"Porto Vera Cruz";;5;5;100;100;"ALCANÇOU"
"RS";431510;"Porto Xavier";;31;31;100;100;"ALCANÇOU"
"RS";431513;"Pouso Novo";;2;2;100;100;"ALCANÇOU"
"RS";431514;"Presidente Lucena";;6;6;100;100;"ALCANÇOU"
"RS";431515;"Progresso";;59;59;100;100;"ALCANÇOU"
"RS";431517;"Protásio Alves";;6;6;100;100;"ALCANÇOU"
"RS";431520;"Putinga";;1;1;100;100;"ALCANÇOU"
"RS";431530;"Quaraí";;23;23;100;100;"ALCANÇOU"
"RS";431531;"Quatro Irmãos";"X";;;;;"NÃO ALCANÇOU"
"RS";431532;"Quevedos";;5;5;100;100;"ALCANÇOU"
"RS";431535;"Quinze de Novembro";;4;4;100;100;"ALCANÇOU"
"RS";431540;"Redentora";;15;15;100;100;"ALCANÇOU"
"RS";431545;"Relvado";;2;2;100;100;"ALCANÇOU"
"RS";431550;"Restinga Sêca";;58;58;100;100;"ALCANÇOU"
"RS";431555;"Rio dos Índios";;1;1;100;100;"ALCANÇOU"
"RS";431560;"Rio Grande";;648;648;100;100;"ALCANÇOU"
"RS";431570;"Rio Pardo";;76;76;100;100;"ALCANÇOU"
"RS";431575;"Riozinho";;7;7;100;100;"ALCANÇOU"
"RS";431580;"Roca Sales";;13;13;100;100;"ALCANÇOU"
"RS";431590;"Rodeio Bonito";"X";;;;;"NÃO ALCANÇOU"
"RS";431595;"Rolador";;3;3;100;100;"ALCANÇOU"
"RS";431600;"Rolante";;52;52;100;100;"ALCANÇOU"
"RS";431610;"Ronda Alta";;25;25;100;100;"ALCANÇOU"
"RS";431620;"Rondinha";;13;13;100;100;"ALCANÇOU"
"RS";431630;"Roque Gonzales";;4;4;100;100;"ALCANÇOU"
"RS";431640;"Rosário do Sul";;64;64;100;100;"ALCANÇOU"
"RS";431642;"Sagrada Família";;1;1;100;100;"ALCANÇOU"
"RS";431643;"Saldanha Marinho";;20;20;100;100;"ALCANÇOU"
"RS";431645;"Salto do Jacuí";;62;62;100;100;"ALCANÇOU"
"RS";431647;"Salvador das Missões";;3;3;100;100;"ALCANÇOU"
"RS";431650;"Salvador do Sul";;11;11;100;100;"ALCANÇOU"
"RS";431660;"Sananduva";;10;10;100;100;"ALCANÇOU"
"RS";431670;"Santa Bárbara do Sul";;55;55;100;100;"ALCANÇOU"
"RS";431673;"Santa Cecília do Sul";;7;7;100;100;"ALCANÇOU"
"RS";431675;"Santa Clara do Sul";;19;19;100;100;"ALCANÇOU"
"RS";431680;"Santa Cruz do Sul";;541;541;100;100;"ALCANÇOU"
"RS";431690;"Santa Maria";;1471;1473;99,8642226748133;99,9;"ALCANÇOU"
"RS";431695;"Santa Maria do Herval";;5;5;100;100;"ALCANÇOU"
"RS";431697;"Santa Margarida do Sul";;8;8;100;100;"ALCANÇOU"
"RS";431700;"Santana da Boa Vista";;7;7;100;100;"ALCANÇOU"
"RS";431710;"SantAna do Livramento";;201;203;99,0147783251231;99;"ALCANÇOU"
"RS";431720;"Santa Rosa";;446;446;100;100;"ALCANÇOU"
"RS";431725;"Santa Tereza";;3;3;100;100;"ALCANÇOU"
"RS";431730;"Santa Vitória do Palmar";;74;74;100;100;"ALCANÇOU"
"RS";431740;"Santiago";;196;196;100;100;"ALCANÇOU"
"RS";431750;"Santo Ângelo";;120;120;100;100;"ALCANÇOU"
"RS";431755;"Santo Antônio do Palma";;6;6;100;100;"ALCANÇOU"
"RS";431760;"Santo Antônio da Patrulha";;55;56;98,2142857142857;98,2;"ALCANÇOU"
"RS";431770;"Santo Antônio das Missões";;6;6;100;100;"ALCANÇOU"
"RS";431775;"Santo Antônio do Planalto";"X";;;;;"NÃO ALCANÇOU"
"RS";431780;"Santo Augusto";;3;3;100;100;"ALCANÇOU"
"RS";431790;"Santo Cristo";;27;27;100;100;"ALCANÇOU"
"RS";431795;"Santo Expedito do Sul";"X";;;;;"NÃO ALCANÇOU"
"RS";431800;"São Borja";;114;115;99,1304347826087;99,1;"ALCANÇOU"
"RS";431805;"São Domingos do Sul";;12;12;100;100;"ALCANÇOU"
"RS";431810;"São Francisco de Assis";;44;44;100;100;"ALCANÇOU"
"RS";431820;"São Francisco de Paula";;44;44;100;100;"ALCANÇOU"
"RS";431830;"São Gabriel";;67;67;100;100;"ALCANÇOU"
"RS";431840;"São Jerônimo";;41;41;100;100;"ALCANÇOU"
"RS";431842;"São João da Urtiga";;3;3;100;100;"ALCANÇOU"
"RS";431843;"São João do Polêsine";;14;14;100;100;"ALCANÇOU"
"RS";431844;"São Jorge";;3;3;100;100;"ALCANÇOU"
"RS";431845;"São José das Missões";;1;1;100;100;"ALCANÇOU"
"RS";431846;"São José do Herval";;4;4;100;100;"ALCANÇOU"
"RS";431848;"São José do Hortêncio";;6;6;100;100;"ALCANÇOU"
"RS";431849;"São José do Inhacorá";;4;4;100;100;"ALCANÇOU"
"RS";431850;"São José do Norte";;14;14;100;100;"ALCANÇOU"
"RS";431860;"São José do Ouro";;10;10;100;100;"ALCANÇOU"
"RS";431861;"São José do Sul";;6;6;100;100;"ALCANÇOU"
"RS";431862;"São José dos Ausentes";;1;1;100;100;"ALCANÇOU"
"RS";431870;"São Leopoldo";;822;822;100;100;"ALCANÇOU"
"RS";431880;"São Lourenço do Sul";;55;55;100;100;"ALCANÇOU"
"RS";431890;"São Luiz Gonzaga";;79;79;100;100;"ALCANÇOU"
"RS";431900;"São Marcos";;116;116;100;100;"ALCANÇOU"
"RS";431910;"São Martinho";;59;59;100;100;"ALCANÇOU"
"RS";431912;"São Martinho da Serra";;6;6;100;100;"ALCANÇOU"
"RS";431915;"São Miguel das Missões";;13;13;100;100;"ALCANÇOU"
"RS";431920;"São Nicolau";"X";;;;;"NÃO ALCANÇOU"
"RS";431930;"São Paulo das Missões";;19;19;100;100;"ALCANÇOU"
"RS";431935;"São Pedro da Serra";;2;2;100;100;"ALCANÇOU"
"RS";431936;"São Pedro das Missões";"X";;;;;"NÃO ALCANÇOU"
"RS";431937;"São Pedro do Butiá";;4;4;100;100;"ALCANÇOU"
"RS";431940;"São Pedro do Sul";;68;68;100;100;"ALCANÇOU"
"RS";431950;"São Sebastião do Caí";;26;26;100;100;"ALCANÇOU"
"RS";431960;"São Sepé";;56;56;100;100;"ALCANÇOU"
"RS";431970;"São Valentim";;12;12;100;100;"ALCANÇOU"
"RS";431971;"São Valentim do Sul";;3;3;100;100;"ALCANÇOU"
"RS";431973;"São Valério do Sul";;8;8;100;100;"ALCANÇOU"
"RS";431975;"São Vendelino";;2;2;100;100;"ALCANÇOU"
"RS";431980;"São Vicente do Sul";;19;19;100;100;"ALCANÇOU"
"RS";431990;"Sapiranga";;84;84;100;100;"ALCANÇOU"
"RS";432000;"Sapucaia do Sul";;365;366;99,7267759562842;99,7;"ALCANÇOU"
"RS";432010;"Sarandi";;94;94;100;100;"ALCANÇOU"
"RS";432020;"Seberi";;25;25;100;100;"ALCANÇOU"
"RS";432023;"Sede Nova";;2;2;100;100;"ALCANÇOU"
"RS";432026;"Segredo";;37;37;100;100;"ALCANÇOU"
"RS";432030;"Selbach";;32;32;100;100;"ALCANÇOU"
"RS";432032;"Senador Salgado Filho";;16;16;100;100;"ALCANÇOU"
"RS";432035;"Sentinela do Sul";;5;5;100;100;"ALCANÇOU"
"RS";432040;"Serafina Corrêa";;63;63;100;100;"ALCANÇOU"
"RS";432045;"Sério";;6;6;100;100;"ALCANÇOU"
"RS";432050;"Sertão";;16;16;100;100;"ALCANÇOU"
"RS";432055;"Sertão Santana";;2;2;100;100;"ALCANÇOU"
"RS";432057;"Sete de Setembro";;14;14;100;100;"ALCANÇOU"
"RS";432060;"Severiano de Almeida";;1;1;100;100;"ALCANÇOU"
"RS";432065;"Silveira Martins";;8;8;100;100;"ALCANÇOU"
"RS";432067;"Sinimbu";;23;23;100;100;"ALCANÇOU"
"RS";432070;"Sobradinho";;12;12;100;100;"ALCANÇOU"
"RS";432080;"Soledade";;101;101;100;100;"ALCANÇOU"
"RS";432085;"Tabaí";;1;1;100;100;"ALCANÇOU"
"RS";432090;"Tapejara";;84;84;100;100;"ALCANÇOU"
"RS";432100;"Tapera";;45;45;100;100;"ALCANÇOU"
"RS";432110;"Tapes";;82;84;97,6190476190476;97,6;"ALCANÇOU"
"RS";432120;"Taquara";;88;88;100;100;"ALCANÇOU"
"RS";432130;"Taquari";;1;1;100;100;"ALCANÇOU"
"RS";432132;"Taquaruçu do Sul";;4;4;100;100;"ALCANÇOU"
"RS";432135;"Tavares";;14;14;100;100;"ALCANÇOU"
"RS";432140;"Tenente Portela";;223;223;100;100;"ALCANÇOU"
"RS";432143;"Terra de Areia";;24;24;100;100;"ALCANÇOU"
"RS";432145;"Teutônia";;199;199;100;100;"ALCANÇOU"
"RS";432146;"Tio Hugo";;3;3;100;100;"ALCANÇOU"
"RS";432147;"Tiradentes do Sul";;1;1;100;100;"ALCANÇOU"
"RS";432149;"Toropi";;9;9;100;100;"ALCANÇOU"
"RS";432150;"Torres";;281;286;98,2517482517483;98,3;"ALCANÇOU"
"RS";432160;"Tramandaí";;395;395;100;100;"ALCANÇOU"
"RS";432162;"Travesseiro";;2;2;100;100;"ALCANÇOU"
"RS";432163;"Três Arroios";;1;1;100;100;"ALCANÇOU"
"RS";432166;"Três Cachoeiras";;14;14;100;100;"ALCANÇOU"
"RS";432170;"Três Coroas";;24;24;100;100;"ALCANÇOU"
"RS";432180;"Três de Maio";;70;70;100;100;"ALCANÇOU"
"RS";432183;"Três Forquilhas";"X";;;;;"NÃO ALCANÇOU"
"RS";432185;"Três Palmeiras";;2;2;100;100;"ALCANÇOU"
"RS";432190;"Três Passos";;104;105;99,0476190476191;99;"ALCANÇOU"
"RS";432195;"Trindade do Sul";;20;20;100;100;"ALCANÇOU"
"RS";432200;"Triunfo";;26;26;100;100;"ALCANÇOU"
"RS";432210;"Tucunduva";;36;36;100;100;"ALCANÇOU"
"RS";432215;"Tunas";;8;8;100;100;"ALCANÇOU"
"RS";432218;"Tupanci do Sul";"X";;;;;"NÃO ALCANÇOU"
"RS";432220;"Tupanciretã";;34;34;100;100;"ALCANÇOU"
"RS";432225;"Tupandi";;6;6;100;100;"ALCANÇOU"
"RS";432230;"Tuparendi";;44;44;100;100;"ALCANÇOU"
"RS";432232;"Turuçu";;6;6;100;100;"ALCANÇOU"
"RS";432234;"Ubiretama";"X";;;;;"NÃO ALCANÇOU"
"RS";432235;"União da Serra";;1;1;100;100;"ALCANÇOU"
"RS";432237;"Unistalda";;3;3;100;100;"ALCANÇOU"
"RS";432240;"Uruguaiana";;413;413;100;100;"ALCANÇOU"
"RS";432250;"Vacaria";;395;396;99,7474747474748;99,7;"ALCANÇOU"
"RS";432252;"Vale Verde";;9;9;100;100;"ALCANÇOU"
"RS";432253;"Vale do Sol";;9;9;100;100;"ALCANÇOU"
"RS";432254;"Vale Real";;5;5;100;100;"ALCANÇOU"
"RS";432255;"Vanini";;1;1;100;100;"ALCANÇOU"
"RS";432260;"Venâncio Aires";;151;151;100;100;"ALCANÇOU"
"RS";432270;"Vera Cruz";;84;84;100;100;"ALCANÇOU"
"RS";432280;"Veranópolis";;61;61;100;100;"ALCANÇOU"
"RS";432285;"Vespasiano Corrêa";;2;2;100;100;"ALCANÇOU"
"RS";432290;"Viadutos";;20;20;100;100;"ALCANÇOU"
"RS";432300;"Viamão";;288;288;100;100;"ALCANÇOU"
"RS";432310;"Vicente Dutra";;13;13;100;100;"ALCANÇOU"
"RS";432320;"Victor Graeff";"X";;;;;"NÃO ALCANÇOU"
"RS";432330;"Vila Flores";;10;10;100;100;"ALCANÇOU"
"RS";432335;"Vila Lângaro";;2;2;100;100;"ALCANÇOU"
"RS";432340;"Vila Maria";;6;6;100;100;"ALCANÇOU"
"RS";432345;"Vila Nova do Sul";;22;22;100;100;"ALCANÇOU"
"RS";432350;"Vista Alegre";;2;2;100;100;"ALCANÇOU"
"RS";432360;"Vista Alegre do Prata";;2;2;100;100;"ALCANÇOU"
"RS";432370;"Vista Gaúcha";;3;3;100;100;"ALCANÇOU"
"RS";432375;"Vitória das Missões";"X";;;;;"NÃO ALCANÇOU"
"RS";432377;"Westfália";;6;6;100;100;"ALCANÇOU"
"RS";432380;"Xangri-lá";;33;33;100;100;"ALCANÇOU"
"MS";500020;"Água Clara";;32;32;100;100;"ALCANÇOU"
"MS";500025;"Alcinópolis";;36;37;97,2972972972973;97,3;"ALCANÇOU"
"MS";500060;"Amambai";;441;444;99,3243243243243;99,3;"ALCANÇOU"
"MS";500070;"Anastácio";;41;41;100;100;"ALCANÇOU"
"MS";500080;"Anaurilândia";;32;32;100;100;"ALCANÇOU"
"MS";500085;"Angélica";;17;17;100;100;"ALCANÇOU"
"MS";500090;"Antônio João";;118;119;99,1596638655462;99,2;"ALCANÇOU"
"MS";500100;"Aparecida do Taboado";;26;26;100;100;"ALCANÇOU"
"MS";500110;"Aquidauana";;521;527;98,8614800759013;98,9;"ALCANÇOU"
"MS";500124;"Aral Moreira";"X";;;;;"NÃO ALCANÇOU"
"MS";500150;"Bandeirantes";;10;10;100;100;"ALCANÇOU"
"MS";500190;"Bataguassu";"X";;;;;"NÃO ALCANÇOU"
"MS";500200;"Batayporã";;73;74;98,6486486486486;98,6;"ALCANÇOU"
"MS";500210;"Bela Vista";"X";;;;;"NÃO ALCANÇOU"
"MS";500215;"Bodoquena";"X";;;;;"NÃO ALCANÇOU"
"MS";500220;"Bonito";;93;95;97,8947368421053;97,9;"ALCANÇOU"
"MS";500230;"Brasilândia";;28;28;100;100;"ALCANÇOU"
"MS";500240;"Caarapó";;229;230;99,5652173913043;99,6;"ALCANÇOU"
"MS";500260;"Camapuã";;1;1;100;100;"ALCANÇOU"
"MS";500270;"Campo Grande";;6808;6816;99,8826291079812;99,9;"ALCANÇOU"
"MS";500280;"Caracol";;6;6;100;100;"ALCANÇOU"
"MS";500290;"Cassilândia";;103;104;99,0384615384615;99;"ALCANÇOU"
"MS";500295;"Chapadão do Sul";;110;110;100;100;"ALCANÇOU"
"MS";500310;"Corguinho";;9;10;90;90;"NÃO ALCANÇOU"
"MS";500315;"Coronel Sapucaia";;56;70;80;80;"NÃO ALCANÇOU"
"MS";500320;"Corumbá";;837;849;98,5865724381625;98,6;"ALCANÇOU"
"MS";500325;"Costa Rica";;102;103;99,0291262135922;99;"ALCANÇOU"
"MS";500330;"Coxim";;93;93;100;100;"ALCANÇOU"
"MS";500345;"Deodápolis";;24;24;100;100;"ALCANÇOU"
"MS";500348;"Dois Irmãos do Buriti";;61;61;100;100;"ALCANÇOU"
"MS";500350;"Douradina";;4;4;100;100;"ALCANÇOU"
"MS";500370;"Dourados";;1111;1212;91,6666666666667;91,7;"NÃO ALCANÇOU"
"MS";500375;"Eldorado";;4;4;100;100;"ALCANÇOU"
"MS";500380;"Fátima do Sul";;104;108;96,2962962962963;96,3;"ALCANÇOU"
"MS";500390;"Figueirão";;7;7;100;100;"ALCANÇOU"
"MS";500400;"Glória de Dourados";;3;3;100;100;"ALCANÇOU"
"MS";500410;"Guia Lopes da Laguna";;48;49;97,9591836734694;98;"ALCANÇOU"
"MS";500430;"Iguatemi";;40;48;83,3333333333333;83,3;"NÃO ALCANÇOU"
"MS";500440;"Inocência";;65;66;98,4848484848485;98,5;"ALCANÇOU"
"MS";500450;"Itaporã";;56;57;98,2456140350877;98,2;"ALCANÇOU"
"MS";500460;"Itaquiraí";;70;70;100;100;"ALCANÇOU"
"MS";500470;"Ivinhema";;123;123;100;100;"ALCANÇOU"
"MS";500480;"Japorã";;57;59;96,6101694915254;96,6;"ALCANÇOU"
"MS";500490;"Jaraguari";;1;1;100;100;"ALCANÇOU"
"MS";500500;"Jardim";;146;147;99,3197278911565;99,3;"ALCANÇOU"
"MS";500510;"Jateí";;1;1;100;100;"ALCANÇOU"
"MS";500515;"Juti";;14;15;93,3333333333333;93,3;"NÃO ALCANÇOU"
"MS";500520;"Ladário";;118;119;99,1596638655462;99,2;"ALCANÇOU"
"MS";500525;"Laguna Carapã";;33;48;68,75;68,8;"NÃO ALCANÇOU"
"MS";500540;"Maracaju";;72;73;98,6301369863014;98,6;"ALCANÇOU"
"MS";500560;"Miranda";;41;41;100;100;"ALCANÇOU"
"MS";500568;"Mundo Novo";;38;38;100;100;"ALCANÇOU"
"MS";500570;"Naviraí";;286;291;98,2817869415808;98,3;"ALCANÇOU"
"MS";500580;"Nioaque";;99;99;100;100;"ALCANÇOU"
"MS";500600;"Nova Alvorada do Sul";;19;19;100;100;"ALCANÇOU"
"MS";500620;"Nova Andradina";;280;287;97,5609756097561;97,6;"ALCANÇOU"
"MS";500625;"Novo Horizonte do Sul";;15;15;100;100;"ALCANÇOU"
"MS";500627;"Paraíso das Aguas";;18;18;100;100;"ALCANÇOU"
"MS";500630;"Paranaíba";;163;172;94,7674418604651;94,8;"ALCANÇOU"
"MS";500635;"Paranhos";;65;66;98,4848484848485;98,5;"ALCANÇOU"
"MS";500640;"Pedro Gomes";;15;16;93,75;93,8;"NÃO ALCANÇOU"
"MS";500660;"Ponta Porã";;456;494;92,3076923076923;92,3;"NÃO ALCANÇOU"
"MS";500690;"Porto Murtinho";"X";;;;;"NÃO ALCANÇOU"
"MS";500710;"Ribas do Rio Pardo";;76;76;100;100;"ALCANÇOU"
"MS";500720;"Rio Brilhante";;32;33;96,969696969697;97;"ALCANÇOU"
"MS";500730;"Rio Negro";;9;9;100;100;"ALCANÇOU"
"MS";500740;"Rio Verde de Mato Grosso";;90;91;98,9010989010989;98,9;"ALCANÇOU"
"MS";500750;"Rochedo";;5;5;100;100;"ALCANÇOU"
"MS";500755;"Santa Rita do Pardo";"X";;;;;"NÃO ALCANÇOU"
"MS";500769;"São Gabriel do Oeste";;245;248;98,7903225806452;98,8;"ALCANÇOU"
"MS";500770;"Sete Quedas";;14;14;100;100;"ALCANÇOU"
"MS";500780;"Selvíria";;15;15;100;100;"ALCANÇOU"
"MS";500790;"Sidrolândia";;130;131;99,236641221374;99,2;"ALCANÇOU"
"MS";500793;"Sonora";;27;27;100;100;"ALCANÇOU"
"MS";500795;"Tacuru";;80;90;88,8888888888889;88,9;"NÃO ALCANÇOU"
"MS";500797;"Taquarussu";;26;26;100;100;"ALCANÇOU"
"MS";500800;"Terenos";;19;20;95;95;"ALCANÇOU"
"MS";500830;"Três Lagoas";;469;469;100;100;"ALCANÇOU"
"MS";500840;"Vicentina";;19;19;100;100;"ALCANÇOU"
"MT";510010;"Acorizal";;0;1;0;0;"NÃO ALCANÇOU"
"MT";510020;"Água Boa";;45;45;100;100;"ALCANÇOU"
"MT";510025;"Alta Floresta";;122;122;100;100;"ALCANÇOU"
"MT";510030;"Alto Araguaia";;10;10;100;100;"ALCANÇOU"
"MT";510035;"Alto Boa Vista";"X";;;;;"NÃO ALCANÇOU"
"MT";510040;"Alto Garças";"X";;;;;"NÃO ALCANÇOU"
"MT";510050;"Alto Paraguai";;2;2;100;100;"ALCANÇOU"
"MT";510060;"Alto Taquari";;21;21;100;100;"ALCANÇOU"
"MT";510080;"Apiacás";;35;36;97,2222222222222;97,2;"ALCANÇOU"
"MT";510100;"Araguaiana";;10;10;100;100;"ALCANÇOU"
"MT";510120;"Araguainha";"X";;;;;"NÃO ALCANÇOU"
"MT";510125;"Araputanga";;2;2;100;100;"ALCANÇOU"
"MT";510130;"Arenápolis";;7;7;100;100;"ALCANÇOU"
"MT";510140;"Aripuanã";;16;16;100;100;"ALCANÇOU"
"MT";510160;"Barão de Melgaço";"X";;;;;"NÃO ALCANÇOU"
"MT";510170;"Barra do Bugres";;18;18;100;100;"ALCANÇOU"
"MT";510180;"Barra do Garças";;283;285;99,2982456140351;99,3;"ALCANÇOU"
"MT";510185;"Bom Jesus do Araguaia";"X";;;;;"NÃO ALCANÇOU"
"MT";510190;"Brasnorte";;16;16;100;100;"ALCANÇOU"
"MT";510250;"Cáceres";;174;174;100;100;"ALCANÇOU"
"MT";510260;"Campinápolis";;19;19;100;100;"ALCANÇOU"
"MT";510263;"Campo Novo do Parecis";;72;72;100;100;"ALCANÇOU"
"MT";510267;"Campo Verde";;54;54;100;100;"ALCANÇOU"
"MT";510268;"Campos de Júlio";;11;11;100;100;"ALCANÇOU"
"MT";510269;"Canabrava do Norte";;13;14;92,8571428571429;92,9;"NÃO ALCANÇOU"
"MT";510270;"Canarana";;48;48;100;100;"ALCANÇOU"
"MT";510279;"Carlinda";;3;3;100;100;"ALCANÇOU"
"MT";510285;"Castanheira";;5;5;100;100;"ALCANÇOU"
"MT";510300;"Chapada dos Guimarães";;180;182;98,9010989010989;98,9;"ALCANÇOU"
"MT";510305;"Cláudia";;19;19;100;100;"ALCANÇOU"
"MT";510310;"Cocalinho";;5;6;83,3333333333333;83,3;"NÃO ALCANÇOU"
"MT";510320;"Colíder";;115;115;100;100;"ALCANÇOU"
"MT";510325;"Colniza";;22;22;100;100;"ALCANÇOU"
"MT";510330;"Comodoro";"X";;;;;"NÃO ALCANÇOU"
"MT";510335;"Confresa";;80;82;97,5609756097561;97,6;"ALCANÇOU"
"MT";510336;"Conquista DOeste";;20;20;100;100;"ALCANÇOU"
"MT";510337;"Cotriguaçu";;6;6;100;100;"ALCANÇOU"
"MT";510340;"Cuiabá";;1178;1198;98,330550918197;98,3;"ALCANÇOU"
"MT";510343;"Curvelândia";"X";;;;;"NÃO ALCANÇOU"
"MT";510345;"Denise";"X";;;;;"NÃO ALCANÇOU"
"MT";510350;"Diamantino";;53;53;100;100;"ALCANÇOU"
"MT";510360;"Dom Aquino";;9;9;100;100;"ALCANÇOU"
"MT";510370;"Feliz Natal";;7;7;100;100;"ALCANÇOU"
"MT";510380;"Figueirópolis DOeste";;2;2;100;100;"ALCANÇOU"
"MT";510385;"Gaúcha do Norte";;10;10;100;100;"ALCANÇOU"
"MT";510390;"General Carneiro";;52;52;100;100;"ALCANÇOU"
"MT";510395;"Glória DOeste";;5;5;100;100;"ALCANÇOU"
"MT";510410;"Guarantã do Norte";;27;27;100;100;"ALCANÇOU"
"MT";510420;"Guiratinga";;3;3;100;100;"ALCANÇOU"
"MT";510450;"Indiavaí";"X";;;;;"NÃO ALCANÇOU"
"MT";510452;"Ipiranga do Norte";;9;9;100;100;"ALCANÇOU"
"MT";510454;"Itanhangá";;1;1;100;100;"ALCANÇOU"
"MT";510455;"Itaúba";;13;13;100;100;"ALCANÇOU"
"MT";510460;"Itiquira";;29;29;100;100;"ALCANÇOU"
"MT";510480;"Jaciara";;22;25;88;88;"NÃO ALCANÇOU"
"MT";510490;"Jangada";"X";;;;;"NÃO ALCANÇOU"
"MT";510500;"Jauru";"X";;;;;"NÃO ALCANÇOU"
"MT";510510;"Juara";;4;4;100;100;"ALCANÇOU"
"MT";510515;"Juína";;53;53;100;100;"ALCANÇOU"
"MT";510517;"Juruena";;27;27;100;100;"ALCANÇOU"
"MT";510520;"Juscimeira";"X";;;;;"NÃO ALCANÇOU"
"MT";510523;"Lambari DOeste";;7;7;100;100;"ALCANÇOU"
"MT";510525;"Lucas do Rio Verde";;477;478;99,7907949790795;99,8;"ALCANÇOU"
"MT";510530;"Luciara";;7;7;100;100;"ALCANÇOU"
"MT";510550;"Vila Bela da Santíssima Trindade";;1;1;100;100;"ALCANÇOU"
"MT";510558;"Marcelândia";;8;8;100;100;"ALCANÇOU"
"MT";510560;"Matupá";;24;24;100;100;"ALCANÇOU"
"MT";510562;"Mirassol dOeste";;25;26;96,1538461538462;96,2;"ALCANÇOU"
"MT";510590;"Nobres";;2;2;100;100;"ALCANÇOU"
"MT";510600;"Nortelândia";;5;5;100;100;"ALCANÇOU"
"MT";510610;"Nossa Senhora do Livramento";;8;9;88,8888888888889;88,9;"NÃO ALCANÇOU"
"MT";510615;"Nova Bandeirantes";;28;29;96,551724137931;96,6;"ALCANÇOU"
"MT";510617;"Nova Nazaré";;3;3;100;100;"ALCANÇOU"
"MT";510618;"Nova Lacerda";;4;4;100;100;"ALCANÇOU"
"MT";510619;"Nova Santa Helena";;12;13;92,3076923076923;92,3;"NÃO ALCANÇOU"
"MT";510620;"Nova Brasilândia";;3;3;100;100;"ALCANÇOU"
"MT";510621;"Nova Canaã do Norte";;3;3;100;100;"ALCANÇOU"
"MT";510622;"Nova Mutum";;166;166;100;100;"ALCANÇOU"
"MT";510623;"Nova Olímpia";;5;5;100;100;"ALCANÇOU"
"MT";510624;"Nova Ubiratã";;19;19;100;100;"ALCANÇOU"
"MT";510625;"Nova Xavantina";;19;19;100;100;"ALCANÇOU"
"MT";510626;"Novo Mundo";"X";;;;;"NÃO ALCANÇOU"
"MT";510627;"Novo Horizonte do Norte";;18;19;94,7368421052632;94,7;"ALCANÇOU"
"MT";510628;"Novo São Joaquim";"X";;;;;"NÃO ALCANÇOU"
"MT";510629;"Paranaíta";;36;36;100;100;"ALCANÇOU"
"MT";510630;"Paranatinga";;13;13;100;100;"ALCANÇOU"
"MT";510631;"Novo Santo Antônio";;8;8;100;100;"ALCANÇOU"
"MT";510637;"Pedra Preta";;2;2;100;100;"ALCANÇOU"
"MT";510642;"Peixoto de Azevedo";;39;41;95,1219512195122;95,1;"ALCANÇOU"
"MT";510645;"Planalto da Serra";;1;1;100;100;"ALCANÇOU"
"MT";510650;"Poconé";;36;37;97,2972972972973;97,3;"ALCANÇOU"
"MT";510665;"Pontal do Araguaia";;3;4;75;75;"NÃO ALCANÇOU"
"MT";510670;"Ponte Branca";;1;1;100;100;"ALCANÇOU"
"MT";510675;"Pontes e Lacerda";;124;124;100;100;"ALCANÇOU"
"MT";510677;"Porto Alegre do Norte";;7;7;100;100;"ALCANÇOU"
"MT";510680;"Porto dos Gaúchos";;1;1;100;100;"ALCANÇOU"
"MT";510682;"Porto Esperidião";;1;1;100;100;"ALCANÇOU"
"MT";510685;"Porto Estrela";"X";;;;;"NÃO ALCANÇOU"
"MT";510700;"Poxoréu";;4;4;100;100;"ALCANÇOU"
"MT";510704;"Primavera do Leste";;132;132;100;100;"ALCANÇOU"
"MT";510706;"Querência";;28;28;100;100;"ALCANÇOU"
"MT";510710;"São José dos Quatro Marcos";;9;9;100;100;"ALCANÇOU"
"MT";510715;"Reserva do Cabaçal";;1;1;100;100;"ALCANÇOU"
"MT";510718;"Ribeirão Cascalheira";;15;15;100;100;"ALCANÇOU"
"MT";510719;"Ribeirãozinho";;1;1;100;100;"ALCANÇOU"
"MT";510720;"Rio Branco";;3;3;100;100;"ALCANÇOU"
"MT";510724;"Santa Carmem";;11;11;100;100;"ALCANÇOU"
"MT";510726;"Santo Afonso";;1;1;100;100;"ALCANÇOU"
"MT";510729;"São José do Povo";;1;1;100;100;"ALCANÇOU"
"MT";510730;"São José do Rio Claro";;16;16;100;100;"ALCANÇOU"
"MT";510735;"São José do Xingu";;16;16;100;100;"ALCANÇOU"
"MT";510740;"São Pedro da Cipa";;3;3;100;100;"ALCANÇOU"
"MT";510757;"Rondolândia";;2;2;100;100;"ALCANÇOU"
"MT";510760;"Rondonópolis";;530;530;100;100;"ALCANÇOU"
"MT";510770;"Rosário Oeste";;4;4;100;100;"ALCANÇOU"
"MT";510774;"Santa Cruz do Xingu";;1;2;50;50;"NÃO ALCANÇOU"
"MT";510775;"Salto do Céu";"X";;;;;"NÃO ALCANÇOU"
"MT";510776;"Santa Rita do Trivelato";;7;7;100;100;"ALCANÇOU"
"MT";510777;"Santa Terezinha";;8;8;100;100;"ALCANÇOU"
"MT";510779;"Santo Antônio do Leste";;1;1;100;100;"ALCANÇOU"
"MT";510780;"Santo Antônio do Leverger";;7;7;100;100;"ALCANÇOU"
"MT";510785;"São Félix do Araguaia";;18;18;100;100;"ALCANÇOU"
"MT";510787;"Sapezal";;22;22;100;100;"ALCANÇOU"
"MT";510788;"Serra Nova Dourada";"X";;;;;"NÃO ALCANÇOU"
"MT";510790;"Sinop";;471;471;100;100;"ALCANÇOU"
"MT";510792;"Sorriso";;359;359;100;100;"ALCANÇOU"
"MT";510794;"Tabaporã";;8;8;100;100;"ALCANÇOU"
"MT";510795;"Tangará da Serra";;382;382;100;100;"ALCANÇOU"
"MT";510800;"Tapurah";;16;16;100;100;"ALCANÇOU"
"MT";510805;"Terra Nova do Norte";;7;7;100;100;"ALCANÇOU"
"MT";510810;"Tesouro";;2;2;100;100;"ALCANÇOU"
"MT";510820;"Torixoréu";;9;9;100;100;"ALCANÇOU"
"MT";510830;"União do Sul";;3;3;100;100;"ALCANÇOU"
"MT";510835;"Vale de São Domingos";"X";;;;;"NÃO ALCANÇOU"
"MT";510840;"Várzea Grande";;420;420;100;100;"ALCANÇOU"
"MT";510850;"Vera";;10;10;100;100;"ALCANÇOU"
"MT";510860;"Vila Rica";;23;23;100;100;"ALCANÇOU"
"MT";510880;"Nova Guarita";;7;8;87,5;87,5;"NÃO ALCANÇOU"
"MT";510885;"Nova Marilândia";;19;19;100;100;"ALCANÇOU"
"MT";510890;"Nova Maringá";;5;5;100;100;"ALCANÇOU"
"MT";510895;"Nova Monte Verde";;10;11;90,9090909090909;90,9;"NÃO ALCANÇOU"
"GO";520005;"Abadia de Goiás";;26;26;100;100;"ALCANÇOU"
"GO";520010;"Abadiânia";;18;18;100;100;"ALCANÇOU"
"GO";520013;"Acreúna";;39;39;100;100;"ALCANÇOU"
"GO";520015;"Adelândia";"X";;;;;"NÃO ALCANÇOU"
"GO";520017;"Água Fria de Goiás";;2;2;100;100;"ALCANÇOU"
"GO";520020;"Água Limpa";;2;2;100;100;"ALCANÇOU"
"GO";520025;"Águas Lindas de Goiás";;68;69;98,5507246376812;98,6;"ALCANÇOU"
"GO";520030;"Alexânia";;74;77;96,1038961038961;96,1;"ALCANÇOU"
"GO";520050;"Aloândia";"X";;;;;"NÃO ALCANÇOU"
"GO";520055;"Alto Horizonte";;6;7;85,7142857142857;85,7;"NÃO ALCANÇOU"
"GO";520060;"Alto Paraíso de Goiás";;7;7;100;100;"ALCANÇOU"
"GO";520080;"Alvorada do Norte";;23;23;100;100;"ALCANÇOU"
"GO";520082;"Amaralina";;2;2;100;100;"ALCANÇOU"
"GO";520085;"Americano do Brasil";;1;1;100;100;"ALCANÇOU"
"GO";520090;"Amorinópolis";"X";;;;;"NÃO ALCANÇOU"
"GO";520110;"Anápolis";;3582;3583;99,9720904270165;100;"ALCANÇOU"
"GO";520120;"Anhanguera";"X";;;;;"NÃO ALCANÇOU"
"GO";520130;"Anicuns";;31;31;100;100;"ALCANÇOU"
"GO";520140;"Aparecida de Goiânia";;2543;2574;98,7956487956488;98,8;"ALCANÇOU"
"GO";520145;"Aparecida do Rio Doce";;2;2;100;100;"ALCANÇOU"
"GO";520150;"Aporé";;2;2;100;100;"ALCANÇOU"
"GO";520160;"Araçu";;5;5;100;100;"ALCANÇOU"
"GO";520170;"Aragarças";;22;22;100;100;"ALCANÇOU"
"GO";520180;"Aragoiânia";;8;9;88,8888888888889;88,9;"NÃO ALCANÇOU"
"GO";520215;"Araguapaz";;17;17;100;100;"ALCANÇOU"
"GO";520235;"Arenópolis";;5;5;100;100;"ALCANÇOU"
"GO";520250;"Aruanã";;1;1;100;100;"ALCANÇOU"
"GO";520260;"Aurilândia";"X";;;;;"NÃO ALCANÇOU"
"GO";520280;"Avelinópolis";;3;4;75;75;"NÃO ALCANÇOU"
"GO";520310;"Baliza";"X";;;;;"NÃO ALCANÇOU"
"GO";520320;"Barro Alto";;8;8;100;100;"ALCANÇOU"
"GO";520330;"Bela Vista de Goiás";;46;73;63,013698630137;63;"NÃO ALCANÇOU"
"GO";520340;"Bom Jardim de Goiás";;6;6;100;100;"ALCANÇOU"
"GO";520350;"Bom Jesus de Goiás";;36;36;100;100;"ALCANÇOU"
"GO";520355;"Bonfinópolis";;13;20;65;65;"NÃO ALCANÇOU"
"GO";520357;"Bonópolis";;8;8;100;100;"ALCANÇOU"
"GO";520360;"Brazabrantes";;3;3;100;100;"ALCANÇOU"
"GO";520380;"Britânia";;8;11;72,7272727272727;72,7;"NÃO ALCANÇOU"
"GO";520390;"Buriti Alegre";;8;8;100;100;"ALCANÇOU"
"GO";520393;"Buriti de Goiás";;1;1;100;100;"ALCANÇOU"
"GO";520396;"Buritinópolis";;2;2;100;100;"ALCANÇOU"
"GO";520400;"Cabeceiras";;3;3;100;100;"ALCANÇOU"
"GO";520410;"Cachoeira Alta";;52;52;100;100;"ALCANÇOU"
"GO";520420;"Cachoeira de Goiás";"X";;;;;"NÃO ALCANÇOU"
"GO";520425;"Cachoeira Dourada";;8;8;100;100;"ALCANÇOU"
"GO";520430;"Caçu";;31;31;100;100;"ALCANÇOU"
"GO";520440;"Caiapônia";;7;7;100;100;"ALCANÇOU"
"GO";520450;"Caldas Novas";;29;29;100;100;"ALCANÇOU"
"GO";520455;"Caldazinha";;4;4;100;100;"ALCANÇOU"
"GO";520460;"Campestre de Goiás";;6;6;100;100;"ALCANÇOU"
"GO";520465;"Campinaçu";;8;8;100;100;"ALCANÇOU"
"GO";520470;"Campinorte";;1;1;100;100;"ALCANÇOU"
"GO";520480;"Campo Alegre de Goiás";;3;3;100;100;"ALCANÇOU"
"GO";520485;"Campo Limpo de Goiás";;11;11;100;100;"ALCANÇOU"
"GO";520490;"Campos Belos";;7;7;100;100;"ALCANÇOU"
"GO";520495;"Campos Verdes";;1;1;100;100;"ALCANÇOU"
"GO";520500;"Carmo do Rio Verde";;6;6;100;100;"ALCANÇOU"
"GO";520505;"Castelândia";;2;2;100;100;"ALCANÇOU"
"GO";520510;"Catalão";;48;48;100;100;"ALCANÇOU"
"GO";520520;"Caturaí";;5;5;100;100;"ALCANÇOU"
"GO";520530;"Cavalcante";;6;6;100;100;"ALCANÇOU"
"GO";520540;"Ceres";;23;23;100;100;"ALCANÇOU"
"GO";520545;"Cezarina";;46;46;100;100;"ALCANÇOU"
"GO";520547;"Chapadão do Céu";;16;16;100;100;"ALCANÇOU"
"GO";520549;"Cidade Ocidental";;113;113;100;100;"ALCANÇOU"
"GO";520551;"Cocalzinho de Goiás";;41;41;100;100;"ALCANÇOU"
"GO";520552;"Colinas do Sul";"X";;;;;"NÃO ALCANÇOU"
"GO";520570;"Córrego do Ouro";"X";;;;;"NÃO ALCANÇOU"
"GO";520580;"Corumbá de Goiás";;41;41;100;100;"ALCANÇOU"
"GO";520590;"Corumbaíba";;8;8;100;100;"ALCANÇOU"
"GO";520620;"Cristalina";;219;219;100;100;"ALCANÇOU"
"GO";520630;"Cristianópolis";;8;8;100;100;"ALCANÇOU"
"GO";520640;"Crixás";;1;1;100;100;"ALCANÇOU"
"GO";520650;"Cromínia";;2;2;100;100;"ALCANÇOU"
"GO";520660;"Cumari";;2;2;100;100;"ALCANÇOU"
"GO";520670;"Damianópolis";"X";;;;;"NÃO ALCANÇOU"
"GO";520680;"Damolândia";"X";;;;;"NÃO ALCANÇOU"
"GO";520690;"Davinópolis";"X";;;;;"NÃO ALCANÇOU"
"GO";520710;"Diorama";"X";;;;;"NÃO ALCANÇOU"
"GO";520725;"Doverlândia";;3;3;100;100;"ALCANÇOU"
"GO";520735;"Edealina";;31;31;100;100;"ALCANÇOU"
"GO";520740;"Edéia";;18;18;100;100;"ALCANÇOU"
"GO";520750;"Estrela do Norte";;4;4;100;100;"ALCANÇOU"
"GO";520753;"Faina";;29;29;100;100;"ALCANÇOU"
"GO";520760;"Fazenda Nova";"X";;;;;"NÃO ALCANÇOU"
"GO";520780;"Firminópolis";;6;6;100;100;"ALCANÇOU"
"GO";520790;"Flores de Goiás";;1;1;100;100;"ALCANÇOU"
"GO";520800;"Formosa";;113;113;100;100;"ALCANÇOU"
"GO";520810;"Formoso";;19;19;100;100;"ALCANÇOU"
"GO";520815;"Gameleira de Goiás";;1;1;100;100;"ALCANÇOU"
"GO";520830;"Divinópolis de Goiás";;1;1;100;100;"ALCANÇOU"
"GO";520840;"Goianápolis";;3;3;100;100;"ALCANÇOU"
"GO";520850;"Goiandira";"X";;;;;"NÃO ALCANÇOU"
"GO";520860;"Goianésia";;5;5;100;100;"ALCANÇOU"
"GO";520870;"Goiânia";;8666;8735;99,2100744132799;99,2;"ALCANÇOU"
"GO";520880;"Goianira";;56;56;100;100;"ALCANÇOU"
"GO";520890;"Goiás";;68;70;97,1428571428571;97,1;"ALCANÇOU"
"GO";520910;"Goiatuba";;135;136;99,2647058823529;99,3;"ALCANÇOU"
"GO";520915;"Gouvelândia";;38;38;100;100;"ALCANÇOU"
"GO";520920;"Guapó";;5;5;100;100;"ALCANÇOU"
"GO";520929;"Guaraíta";"X";;;;;"NÃO ALCANÇOU"
"GO";520940;"Guarani de Goiás";;1;1;100;100;"ALCANÇOU"
"GO";520945;"Guarinos";"X";;;;;"NÃO ALCANÇOU"
"GO";520960;"Heitoraí";;8;8;100;100;"ALCANÇOU"
"GO";520970;"Hidrolândia";;35;39;89,7435897435897;89,7;"NÃO ALCANÇOU"
"GO";520980;"Hidrolina";;5;5;100;100;"ALCANÇOU"
"GO";520990;"Iaciara";;40;42;95,2380952380952;95,2;"ALCANÇOU"
"GO";520993;"Inaciolândia";;7;7;100;100;"ALCANÇOU"
"GO";520995;"Indiara";;23;23;100;100;"ALCANÇOU"
"GO";521000;"Inhumas";;94;94;100;100;"ALCANÇOU"
"GO";521010;"Ipameri";;13;13;100;100;"ALCANÇOU"
"GO";521015;"Ipiranga de Goiás";"X";;;;;"NÃO ALCANÇOU"
"GO";521020;"Iporá";;2;3;66,6666666666667;66,7;"NÃO ALCANÇOU"
"GO";521030;"Israelândia";"X";;;;;"NÃO ALCANÇOU"
"GO";521040;"Itaberaí";;113;122;92,6229508196721;92,6;"NÃO ALCANÇOU"
"GO";521056;"Itaguari";"X";;;;;"NÃO ALCANÇOU"
"GO";521060;"Itaguaru";;5;5;100;100;"ALCANÇOU"
"GO";521080;"Itajá";;19;19;100;100;"ALCANÇOU"
"GO";521090;"Itapaci";;1;1;100;100;"ALCANÇOU"
"GO";521100;"Itapirapuã";;6;6;100;100;"ALCANÇOU"
"GO";521120;"Itapuranga";;4;4;100;100;"ALCANÇOU"
"GO";521130;"Itarumã";;11;11;100;100;"ALCANÇOU"
"GO";521140;"Itauçu";;3;4;75;75;"NÃO ALCANÇOU"
"GO";521150;"Itumbiara";;209;209;100;100;"ALCANÇOU"
"GO";521160;"Ivolândia";;3;3;100;100;"ALCANÇOU"
"GO";521170;"Jandaia";;8;8;100;100;"ALCANÇOU"
"GO";521180;"Jaraguá";;62;62;100;100;"ALCANÇOU"
"GO";521190;"Jataí";;296;302;98,0132450331126;98;"ALCANÇOU"
"GO";521200;"Jaupaci";;1;1;100;100;"ALCANÇOU"
"GO";521205;"Jesúpolis";;1;1;100;100;"ALCANÇOU"
"GO";521210;"Joviânia";;14;14;100;100;"ALCANÇOU"
"GO";521220;"Jussara";;7;7;100;100;"ALCANÇOU"
"GO";521225;"Lagoa Santa";;3;3;100;100;"ALCANÇOU"
"GO";521230;"Leopoldo de Bulhões";;22;22;100;100;"ALCANÇOU"
"GO";521250;"Luziânia";;792;793;99,8738965952081;99,9;"ALCANÇOU"
"GO";521260;"Mairipotaba";;1;1;100;100;"ALCANÇOU"
"GO";521270;"Mambaí";;11;11;100;100;"ALCANÇOU"
"GO";521280;"Mara Rosa";;15;15;100;100;"ALCANÇOU"
"GO";521290;"Marzagão";"X";;;;;"NÃO ALCANÇOU"
"GO";521295;"Matrinchã";;1;1;100;100;"ALCANÇOU"
"GO";521300;"Maurilândia";;26;26;100;100;"ALCANÇOU"
"GO";521305;"Mimoso de Goiás";"X";;;;;"NÃO ALCANÇOU"
"GO";521308;"Minaçu";;81;82;98,780487804878;98,8;"ALCANÇOU"
"GO";521310;"Mineiros";;175;175;100;100;"ALCANÇOU"
"GO";521340;"Moiporá";"X";;;;;"NÃO ALCANÇOU"
"GO";521350;"Monte Alegre de Goiás";;1;1;100;100;"ALCANÇOU"
"GO";521370;"Montes Claros de Goiás";;3;3;100;100;"ALCANÇOU"
"GO";521375;"Montividiu";;20;20;100;100;"ALCANÇOU"
"GO";521377;"Montividiu do Norte";;2;2;100;100;"ALCANÇOU"
"GO";521380;"Morrinhos";;180;180;100;100;"ALCANÇOU"
"GO";521385;"Morro Agudo de Goiás";"X";;;;;"NÃO ALCANÇOU"
"GO";521390;"Mossâmedes";;9;9;100;100;"ALCANÇOU"
"GO";521400;"Mozarlândia";;35;35;100;100;"ALCANÇOU"
"GO";521405;"Mundo Novo";;10;10;100;100;"ALCANÇOU"
"GO";521410;"Mutunópolis";;10;10;100;100;"ALCANÇOU"
"GO";521440;"Nazário";;2;2;100;100;"ALCANÇOU"
"GO";521450;"Nerópolis";;12;12;100;100;"ALCANÇOU"
"GO";521460;"Niquelândia";;5;5;100;100;"ALCANÇOU"
"GO";521470;"Nova América";"X";;;;;"NÃO ALCANÇOU"
"GO";521480;"Nova Aurora";"X";;;;;"NÃO ALCANÇOU"
"GO";521483;"Nova Crixás";;19;21;90,4761904761905;90,5;"NÃO ALCANÇOU"
"GO";521486;"Nova Glória";;4;4;100;100;"ALCANÇOU"
"GO";521487;"Nova Iguaçu de Goiás";"X";;;;;"NÃO ALCANÇOU"
"GO";521490;"Nova Roma";;2;2;100;100;"ALCANÇOU"
"GO";521500;"Nova Veneza";;2;2;100;100;"ALCANÇOU"
"GO";521520;"Novo Brasil";"X";;;;;"NÃO ALCANÇOU"
"GO";521523;"Novo Gama";;174;174;100;100;"ALCANÇOU"
"GO";521525;"Novo Planalto";;3;3;100;100;"ALCANÇOU"
"GO";521530;"Orizona";;101;105;96,1904761904762;96,2;"ALCANÇOU"
"GO";521540;"Ouro Verde de Goiás";;3;3;100;100;"ALCANÇOU"
"GO";521550;"Ouvidor";"X";;;;;"NÃO ALCANÇOU"
"GO";521560;"Padre Bernardo";;6;6;100;100;"ALCANÇOU"
"GO";521565;"Palestina de Goiás";"X";;;;;"NÃO ALCANÇOU"
"GO";521570;"Palmeiras de Goiás";;4;5;80;80;"NÃO ALCANÇOU"
"GO";521580;"Palmelo";;2;2;100;100;"ALCANÇOU"
"GO";521590;"Palminópolis";;3;3;100;100;"ALCANÇOU"
"GO";521600;"Panamá";;9;9;100;100;"ALCANÇOU"
"GO";521630;"Paranaiguara";;48;49;97,9591836734694;98;"ALCANÇOU"
"GO";521640;"Paraúna";;1;1;100;100;"ALCANÇOU"
"GO";521645;"Perolândia";;1;1;100;100;"ALCANÇOU"
"GO";521680;"Petrolina de Goiás";;60;61;98,3606557377049;98,4;"ALCANÇOU"
"GO";521690;"Pilar de Goiás";"X";;;;;"NÃO ALCANÇOU"
"GO";521710;"Piracanjuba";;45;45;100;100;"ALCANÇOU"
"GO";521720;"Piranhas";;2;2;100;100;"ALCANÇOU"
"GO";521730;"Pirenópolis";;47;48;97,9166666666667;97,9;"ALCANÇOU"
"GO";521740;"Pires do Rio";;91;91;100;100;"ALCANÇOU"
"GO";521760;"Planaltina";;73;74;98,6486486486486;98,6;"ALCANÇOU"
"GO";521770;"Pontalina";;165;165;100;100;"ALCANÇOU"
"GO";521800;"Porangatu";;71;72;98,6111111111111;98,6;"ALCANÇOU"
"GO";521805;"Porteirão";;6;6;100;100;"ALCANÇOU"
"GO";521810;"Portelândia";;4;4;100;100;"ALCANÇOU"
"GO";521830;"Posse";;151;151;100;100;"ALCANÇOU"
"GO";521839;"Professor Jamil";;8;8;100;100;"ALCANÇOU"
"GO";521850;"Quirinópolis";;67;68;98,5294117647059;98,5;"ALCANÇOU"
"GO";521860;"Rialma";;7;7;100;100;"ALCANÇOU"
"GO";521870;"Rianápolis";"X";;;;;"NÃO ALCANÇOU"
"GO";521878;"Rio Quente";;1;1;100;100;"ALCANÇOU"
"GO";521880;"Rio Verde";;276;278;99,2805755395683;99,3;"ALCANÇOU"
"GO";521890;"Rubiataba";;10;10;100;100;"ALCANÇOU"
"GO";521900;"Sanclerlândia";;3;3;100;100;"ALCANÇOU"
"GO";521910;"Santa Bárbara de Goiás";;4;4;100;100;"ALCANÇOU"
"GO";521920;"Santa Cruz de Goiás";;1;1;100;100;"ALCANÇOU"
"GO";521925;"Santa Fé de Goiás";;1;1;100;100;"ALCANÇOU"
"GO";521930;"Santa Helena de Goiás";;79;79;100;100;"ALCANÇOU"
"GO";521935;"Santa Isabel";"X";;;;;"NÃO ALCANÇOU"
"GO";521940;"Santa Rita do Araguaia";;1;1;100;100;"ALCANÇOU"
"GO";521945;"Santa Rita do Novo Destino";"X";;;;;"NÃO ALCANÇOU"
"GO";521950;"Santa Rosa de Goiás";;8;8;100;100;"ALCANÇOU"
"GO";521960;"Santa Tereza de Goiás";;19;19;100;100;"ALCANÇOU"
"GO";521970;"Santa Terezinha de Goiás";;7;7;100;100;"ALCANÇOU"
"GO";521971;"Santo Antônio da Barra";;17;17;100;100;"ALCANÇOU"
"GO";521973;"Santo Antônio de Goiás";;20;21;95,2380952380952;95,2;"ALCANÇOU"
"GO";521975;"Santo Antônio do Descoberto";;160;160;100;100;"ALCANÇOU"
"GO";521980;"São Domingos";;10;11;90,9090909090909;90,9;"NÃO ALCANÇOU"
"GO";521990;"São Francisco de Goiás";;2;2;100;100;"ALCANÇOU"
"GO";522000;"São João dAliança";;5;5;100;100;"ALCANÇOU"
"GO";522005;"São João da Paraúna";"X";;;;;"NÃO ALCANÇOU"
"GO";522010;"São Luís de Montes Belos";;70;72;97,2222222222222;97,2;"ALCANÇOU"
"GO";522015;"São Luiz do Norte";"X";;;;;"NÃO ALCANÇOU"
"GO";522020;"São Miguel do Araguaia";;81;81;100;100;"ALCANÇOU"
"GO";522026;"São Miguel do Passa Quatro";;13;14;92,8571428571429;92,9;"NÃO ALCANÇOU"
"GO";522028;"São Patrício";;1;1;100;100;"ALCANÇOU"
"GO";522040;"São Simão";;36;37;97,2972972972973;97,3;"ALCANÇOU"
"GO";522045;"Senador Canedo";;383;383;100;100;"ALCANÇOU"
"GO";522050;"Serranópolis";;17;17;100;100;"ALCANÇOU"
"GO";522060;"Silvânia";;85;85;100;100;"ALCANÇOU"
"GO";522068;"Simolândia";;7;7;100;100;"ALCANÇOU"
"GO";522070;"Sítio dAbadia";;2;2;100;100;"ALCANÇOU"
"GO";522100;"Taquaral de Goiás";"X";;;;;"NÃO ALCANÇOU"
"GO";522108;"Teresina de Goiás";;2;2;100;100;"ALCANÇOU"
"GO";522119;"Terezópolis de Goiás";;5;5;100;100;"ALCANÇOU"
"GO";522130;"Três Ranchos";"X";;;;;"NÃO ALCANÇOU"
"GO";522140;"Trindade";;935;942;99,2569002123142;99,3;"ALCANÇOU"
"GO";522145;"Trombas";;4;4;100;100;"ALCANÇOU"
"GO";522150;"Turvânia";;3;3;100;100;"ALCANÇOU"
"GO";522155;"Turvelândia";;12;12;100;100;"ALCANÇOU"
"GO";522157;"Uirapuru";"X";;;;;"NÃO ALCANÇOU"
"GO";522160;"Uruaçu";;80;80;100;100;"ALCANÇOU"
"GO";522170;"Uruana";;2;4;50;50;"NÃO ALCANÇOU"
"GO";522180;"Urutaí";;3;3;100;100;"ALCANÇOU"
"GO";522185;"Valparaíso de Goiás";;332;332;100;100;"ALCANÇOU"
"GO";522190;"Varjão";;4;4;100;100;"ALCANÇOU"
"GO";522200;"Vianópolis";;106;106;100;100;"ALCANÇOU"
"GO";522205;"Vicentinópolis";;11;11;100;100;"ALCANÇOU"
"GO";522220;"Vila Boa";;1;1;100;100;"ALCANÇOU"
"GO";522230;"Vila Propício";;1;1;100;100;"ALCANÇOU"
"DF";530010;"Brasília";;13431;13480;99,6364985163205;99,6;"ALCANÇOU"
