"UF";"COD_MUN";"NOME_MUN";"NUM_2025";"DEN_2025";"RES_2025";"ALCANCOU A META?";"RES";"METAS"
"RO";110001;"Alta Floresta D'Oeste";159;167;95;"SIM";95;"ALCANÇOU"
"RO";110002;"Ariquemes";665;621;107;"SIM";107;"ALCANÇOU"
"RO";110003;"Cabixi";25;33;76;"NÃO";76;"NÃO ALCANÇOU"
"RO";110004;"Cacoal";572;573;100;"SIM";100;"ALCANÇOU"
"RO";110005;"Cerejeiras";127;99;128;"SIM";128;"ALCANÇOU"
"RO";110006;"Colorado do Oeste";107;88;122;"SIM";122;"ALCANÇOU"
"RO";110007;"Corumbiara";45;43;105;"SIM";105;"ALCANÇOU"
"RO";110008;"Costa Marques";53;60;88;"NÃO";88;"NÃO ALCANÇOU"
"RO";110009;"Espigão D'Oeste";197;158;125;"SIM";125;"ALCANÇOU"
"RO";110010;"Guajará-Mirim";249;228;109;"SIM";109;"ALCANÇOU"
"RO";110011;"Jaru";348;312;112;"SIM";112;"ALCANÇOU"
"RO";110012;"Ji-Paraná";902;616;146;"SIM";146;"ALCANÇOU"
"RO";110013;"Machadinho D'Oeste";197;148;133;"SIM";133;"ALCANÇOU"
"RO";110014;"Nova Brasilândia D'Oeste";118;111;106;"SIM";106;"ALCANÇOU"
"RO";110015;"Ouro Preto do Oeste";309;227;136;"SIM";136;"ALCANÇOU"
"RO";110018;"Pimenta Bueno";215;200;108;"SIM";108;"ALCANÇOU"
"RO";110020;"Porto Velho";2803;2770;101;"SIM";101;"ALCANÇOU"
"RO";110025;"Presidente Médici";136;142;96;"SIM";96;"ALCANÇOU"
"RO";110026;"Rio Crespo";14;12;117;"SIM";117;"ALCANÇOU"
"RO";110028;"Rolim de Moura";423;286;148;"SIM";148;"ALCANÇOU"
"RO";110029;"Santa Luzia D'Oeste";46;50;92;"SIM";92;"ALCANÇOU"
"RO";110030;"Vilhena";636;558;114;"SIM";114;"ALCANÇOU"
"RO";110032;"São Miguel do Guaporé";125;112;112;"SIM";112;"ALCANÇOU"
"RO";110033;"Nova Mamoré";144;126;114;"SIM";114;"ALCANÇOU"
"RO";110034;"Alvorada D'Oeste";111;93;119;"SIM";119;"ALCANÇOU"
"RO";110037;"Alto Alegre dos Parecis";61;75;81;"NÃO";81;"NÃO ALCANÇOU"
"RO";110040;"Alto Paraíso";94;71;132;"SIM";132;"ALCANÇOU"
"RO";110045;"Buritis";204;198;103;"SIM";103;"ALCANÇOU"
"RO";110050;"Novo Horizonte do Oeste";54;42;129;"SIM";129;"ALCANÇOU"
"RO";110060;"Cacaulândia";29;24;121;"SIM";121;"ALCANÇOU"
"RO";110070;"Campo Novo de Rondônia";40;49;82;"NÃO";82;"NÃO ALCANÇOU"
"RO";110080;"Candeias do Jamari";148;124;119;"SIM";119;"ALCANÇOU"
"RO";110090;"Castanheiras";23;14;164;"SIM";164;"ALCANÇOU"
"RO";110092;"Chupinguaia";30;48;63;"NÃO";63;"NÃO ALCANÇOU"
"RO";110094;"Cujubim";89;77;116;"SIM";116;"ALCANÇOU"
"RO";110100;"Governador Jorge Teixeira";56;49;114;"SIM";114;"ALCANÇOU"
"RO";110110;"Itapuã do Oeste";31;42;74;"NÃO";74;"NÃO ALCANÇOU"
"RO";110120;"Ministro Andreazza";44;38;116;"SIM";116;"ALCANÇOU"
"RO";110130;"Mirante da Serra";78;64;122;"SIM";122;"ALCANÇOU"
"RO";110140;"Monte Negro";70;61;115;"SIM";115;"ALCANÇOU"
"RO";110143;"Nova União";31;34;91;"SIM";91;"ALCANÇOU"
"RO";110145;"Parecis";19;18;106;"SIM";106;"ALCANÇOU"
"RO";110146;"Pimenteiras do Oeste";13;15;87;"NÃO";87;"NÃO ALCANÇOU"
"RO";110147;"Primavera de Rondônia";23;16;144;"SIM";144;"ALCANÇOU"
"RO";110148;"São Felipe D'Oeste";36;43;84;"NÃO";84;"NÃO ALCANÇOU"
"RO";110149;"São Francisco do Guaporé";85;112;76;"NÃO";76;"NÃO ALCANÇOU"
"RO";110150;"Seringueiras";70;77;91;"SIM";91;"ALCANÇOU"
"RO";110155;"Teixeirópolis";35;33;106;"SIM";106;"ALCANÇOU"
"RO";110160;"Theobroma";62;44;141;"SIM";141;"ALCANÇOU"
"RO";110170;"Urupá";78;74;105;"SIM";105;"ALCANÇOU"
"RO";110175;"Vale do Anari";45;47;96;"SIM";96;"ALCANÇOU"
"RO";110180;"Vale do Paraíso";55;48;115;"SIM";115;"ALCANÇOU"
"AC";120001;"Acrelândia";68;63;108;"SIM";108;"ALCANÇOU"
"AC";120005;"Assis Brasil";43;42;102;"SIM";102;"ALCANÇOU"
"AC";120010;"Brasiléia";142;156;91;"SIM";91;"ALCANÇOU"
"AC";120013;"Bujari";52;61;85;"NÃO";85;"NÃO ALCANÇOU"
"AC";120017;"Capixaba";46;55;84;"NÃO";84;"NÃO ALCANÇOU"
"AC";120020;"Cruzeiro do Sul";423;461;92;"SIM";92;"ALCANÇOU"
"AC";120025;"Epitaciolândia";99;107;93;"SIM";93;"ALCANÇOU"
"AC";120030;"Feijó";160;157;102;"SIM";102;"ALCANÇOU"
"AC";120032;"Jordão";26;12;217;"SIM";217;"ALCANÇOU"
"AC";120033;"Mâncio Lima";83;90;92;"SIM";92;"ALCANÇOU"
"AC";120034;"Manoel Urbano";57;42;136;"SIM";136;"ALCANÇOU"
"AC";120035;"Marechal Thaumaturgo";45;30;150;"SIM";150;"ALCANÇOU"
"AC";120038;"Plácido de Castro";83;90;92;"SIM";92;"ALCANÇOU"
"AC";120039;"Porto Walter";38;36;106;"SIM";106;"ALCANÇOU"
"AC";120040;"Rio Branco";2051;2099;98;"SIM";98;"ALCANÇOU"
"AC";120042;"Rodrigues Alves";51;58;88;"NÃO";88;"NÃO ALCANÇOU"
"AC";120043;"Santa Rosa do Purus";28;12;233;"SIM";233;"ALCANÇOU"
"AC";120045;"Senador Guiomard";108;119;91;"SIM";91;"ALCANÇOU"
"AC";120050;"Sena Madureira";191;210;91;"SIM";91;"ALCANÇOU"
"AC";120060;"Tarauacá";195;202;97;"SIM";97;"ALCANÇOU"
"AC";120070;"Xapuri";76;106;72;"NÃO";72;"NÃO ALCANÇOU"
"AC";120080;"Porto Acre";91;85;107;"SIM";107;"ALCANÇOU"
"AM";130002;"Alvarães";52;61;85;"NÃO";85;"NÃO ALCANÇOU"
"AM";130006;"Amaturá";46;26;177;"SIM";177;"ALCANÇOU"
"AM";130008;"Anamã";40;38;105;"SIM";105;"ALCANÇOU"
"AM";130010;"Anori";58;60;97;"SIM";97;"ALCANÇOU"
"AM";130014;"Apuí";70;96;73;"NÃO";73;"NÃO ALCANÇOU"
"AM";130020;"Atalaia do Norte";48;71;68;"NÃO";68;"NÃO ALCANÇOU"
"AM";130030;"Autazes";169;194;87;"NÃO";87;"NÃO ALCANÇOU"
"AM";130040;"Barcelos";74;77;96;"SIM";96;"ALCANÇOU"
"AM";130050;"Barreirinha";130;123;106;"SIM";106;"ALCANÇOU"
"AM";130060;"Benjamin Constant";175;207;85;"NÃO";85;"NÃO ALCANÇOU"
"AM";130063;"Beruri";68;87;78;"NÃO";78;"NÃO ALCANÇOU"
"AM";130068;"Boa Vista do Ramos";76;85;89;"NÃO";89;"NÃO ALCANÇOU"
"AM";130070;"Boca do Acre";163;195;84;"NÃO";84;"NÃO ALCANÇOU"
"AM";130080;"Borba";147;184;80;"NÃO";80;"NÃO ALCANÇOU"
"AM";130083;"Caapiranga";34;46;74;"NÃO";74;"NÃO ALCANÇOU"
"AM";130090;"Canutama";38;39;97;"SIM";97;"ALCANÇOU"
"AM";130100;"Carauari";136;109;125;"SIM";125;"ALCANÇOU"
"AM";130110;"Careiro";150;209;72;"NÃO";72;"NÃO ALCANÇOU"
"AM";130115;"Careiro da Várzea";76;68;112;"SIM";112;"ALCANÇOU"
"AM";130120;"Coari";376;411;91;"SIM";91;"ALCANÇOU"
"AM";130130;"Codajás";52;104;50;"NÃO";50;"NÃO ALCANÇOU"
"AM";130140;"Eirunepé";193;208;93;"SIM";93;"ALCANÇOU"
"AM";130150;"Envira";74;91;81;"NÃO";81;"NÃO ALCANÇOU"
"AM";130160;"Fonte Boa";30;103;29;"NÃO";29;"NÃO ALCANÇOU"
"AM";130165;"Guajará";63;49;129;"SIM";129;"ALCANÇOU"
"AM";130170;"Humaitá";214;272;79;"NÃO";79;"NÃO ALCANÇOU"
"AM";130180;"Ipixuna";77;85;91;"SIM";91;"ALCANÇOU"
"AM";130185;"Iranduba";298;321;93;"SIM";93;"ALCANÇOU"
"AM";130190;"Itacoatiara";468;520;90;"SIM";90;"ALCANÇOU"
"AM";130195;"Itamarati";36;51;71;"NÃO";71;"NÃO ALCANÇOU"
"AM";130200;"Itapiranga";37;55;67;"NÃO";67;"NÃO ALCANÇOU"
"AM";130210;"Japurá";17;31;55;"NÃO";55;"NÃO ALCANÇOU"
"AM";130220;"Juruá";23;37;62;"NÃO";62;"NÃO ALCANÇOU"
"AM";130230;"Jutaí";89;103;86;"NÃO";86;"NÃO ALCANÇOU"
"AM";130240;"Lábrea";162;144;113;"SIM";113;"ALCANÇOU"
"AM";130250;"Manacapuru";554;503;110;"SIM";110;"ALCANÇOU"
"AM";130255;"Manaquiri";58;74;78;"NÃO";78;"NÃO ALCANÇOU"
"AM";130260;"Manaus";12075;12609;96;"SIM";96;"ALCANÇOU"
"AM";130270;"Manicoré";197;220;90;"SIM";90;"ALCANÇOU"
"AM";130280;"Maraã";28;48;58;"NÃO";58;"NÃO ALCANÇOU"
"AM";130290;"Maués";284;319;89;"NÃO";89;"NÃO ALCANÇOU"
"AM";130300;"Nhamundá";71;91;78;"NÃO";78;"NÃO ALCANÇOU"
"AM";130310;"Nova Olinda do Norte";118;148;80;"NÃO";80;"NÃO ALCANÇOU"
"AM";130320;"Novo Airão";65;85;76;"NÃO";76;"NÃO ALCANÇOU"
"AM";130330;"Novo Aripuanã";81;108;75;"NÃO";75;"NÃO ALCANÇOU"
"AM";130340;"Parintins";469;547;86;"NÃO";86;"NÃO ALCANÇOU"
"AM";130350;"Pauini";58;80;73;"NÃO";73;"NÃO ALCANÇOU"
"AM";130353;"Presidente Figueiredo";169;150;113;"SIM";113;"ALCANÇOU"
"AM";130356;"Rio Preto da Eva";112;132;85;"NÃO";85;"NÃO ALCANÇOU"
"AM";130360;"Santa Isabel do Rio Negro";62;85;73;"NÃO";73;"NÃO ALCANÇOU"
"AM";130370;"Santo Antônio do Içá";59;103;57;"NÃO";57;"NÃO ALCANÇOU"
"AM";130380;"São Gabriel da Cachoeira";221;281;79;"NÃO";79;"NÃO ALCANÇOU"
"AM";130390;"São Paulo de Olivença";125;132;95;"SIM";95;"ALCANÇOU"
"AM";130395;"São Sebastião do Uatumã";16;35;46;"NÃO";46;"NÃO ALCANÇOU"
"AM";130400;"Silves";34;46;74;"NÃO";74;"NÃO ALCANÇOU"
"AM";130406;"Tabatinga";298;357;83;"NÃO";83;"NÃO ALCANÇOU"
"AM";130410;"Tapauá";62;84;74;"NÃO";74;"NÃO ALCANÇOU"
"AM";130420;"Tefé";362;338;107;"SIM";107;"ALCANÇOU"
"AM";130423;"Tonantins";45;46;98;"SIM";98;"ALCANÇOU"
"AM";130426;"Uarini";63;37;170;"SIM";170;"ALCANÇOU"
"AM";130430;"Urucará";55;79;70;"NÃO";70;"NÃO ALCANÇOU"
"AM";130440;"Urucurituba";41;92;45;"NÃO";45;"NÃO ALCANÇOU"
"RR";140002;"Amajari";55;75;73;"NÃO";73;"NÃO ALCANÇOU"
"RR";140005;"Alto Alegre";113;151;75;"NÃO";75;"NÃO ALCANÇOU"
"RR";140010;"Boa Vista";2179;2551;85;"NÃO";85;"NÃO ALCANÇOU"
"RR";140015;"Bonfim";70;66;106;"SIM";106;"ALCANÇOU"
"RR";140017;"Cantá";81;94;86;"NÃO";86;"NÃO ALCANÇOU"
"RR";140020;"Caracaraí";91;112;81;"NÃO";81;"NÃO ALCANÇOU"
"RR";140023;"Caroebe";19;35;54;"NÃO";54;"NÃO ALCANÇOU"
"RR";140028;"Iracema";40;52;77;"NÃO";77;"NÃO ALCANÇOU"
"RR";140030;"Mucajaí";85;109;78;"NÃO";78;"NÃO ALCANÇOU"
"RR";140040;"Normandia";59;75;79;"NÃO";79;"NÃO ALCANÇOU"
"RR";140045;"Pacaraima";81;101;80;"NÃO";80;"NÃO ALCANÇOU"
"RR";140047;"Rorainópolis";138;141;98;"SIM";98;"ALCANÇOU"
"RR";140050;"São João da Baliza";37;34;109;"SIM";109;"ALCANÇOU"
"RR";140060;"São Luiz";23;26;88;"NÃO";88;"NÃO ALCANÇOU"
"RR";140070;"Uiramutã";64;74;86;"NÃO";86;"NÃO ALCANÇOU"
"PA";150010;"Abaetetuba";799;840;95;"SIM";95;"ALCANÇOU"
"PA";150013;"Abel Figueiredo";42;38;111;"SIM";111;"ALCANÇOU"
"PA";150020;"Acará";296;318;93;"SIM";93;"ALCANÇOU"
"PA";150030;"Afuá";125;137;91;"SIM";91;"ALCANÇOU"
"PA";150034;"Água Azul do Norte";73;86;85;"NÃO";85;"NÃO ALCANÇOU"
"PA";150040;"Alenquer";290;291;100;"SIM";100;"ALCANÇOU"
"PA";150050;"Almeirim";148;157;94;"SIM";94;"ALCANÇOU"
"PA";150060;"Altamira";691;765;90;"SIM";90;"ALCANÇOU"
"PA";150070;"Anajás";88;91;97;"SIM";97;"ALCANÇOU"
"PA";150080;"Ananindeua";2946;2630;112;"SIM";112;"ALCANÇOU"
"PA";150085;"Anapu";165;200;83;"NÃO";83;"NÃO ALCANÇOU"
"PA";150090;"Augusto Corrêa";245;224;109;"SIM";109;"ALCANÇOU"
"PA";150095;"Aurora do Pará";135;138;98;"SIM";98;"ALCANÇOU"
"PA";150100;"Aveiro";58;61;95;"SIM";95;"ALCANÇOU"
"PA";150110;"Bagre";86;98;88;"NÃO";88;"NÃO ALCANÇOU"
"PA";150120;"Baião";140;171;82;"NÃO";82;"NÃO ALCANÇOU"
"PA";150125;"Bannach";4;16;25;"NÃO";25;"NÃO ALCANÇOU"
"PA";150130;"Barcarena";678;619;110;"SIM";110;"ALCANÇOU"
"PA";150140;"Belém";9621;9212;104;"SIM";104;"ALCANÇOU"
"PA";150145;"Belterra";119;89;134;"SIM";134;"ALCANÇOU"
"PA";150150;"Benevides";373;340;110;"SIM";110;"ALCANÇOU"
"PA";150157;"Bom Jesus do Tocantins";103;93;111;"SIM";111;"ALCANÇOU"
"PA";150160;"Bonito";79;85;93;"SIM";93;"ALCANÇOU"
"PA";150170;"Bragança";849;772;110;"SIM";110;"ALCANÇOU"
"PA";150172;"Brasil Novo";101;89;113;"SIM";113;"ALCANÇOU"
"PA";150175;"Brejo Grande do Araguaia";46;40;115;"SIM";115;"ALCANÇOU"
"PA";150178;"Breu Branco";234;251;93;"SIM";93;"ALCANÇOU"
"PA";150180;"Breves";429;416;103;"SIM";103;"ALCANÇOU"
"PA";150190;"Bujaru";156;147;106;"SIM";106;"ALCANÇOU"
"PA";150195;"Cachoeira do Piriá";78;79;99;"SIM";99;"ALCANÇOU"
"PA";150200;"Cachoeira do Arari";95;106;90;"SIM";90;"ALCANÇOU"
"PA";150210;"Cametá";562;606;93;"SIM";93;"ALCANÇOU"
"PA";150215;"Canaã dos Carajás";386;240;161;"SIM";161;"ALCANÇOU"
"PA";150220;"Capanema";507;405;125;"SIM";125;"ALCANÇOU"
"PA";150230;"Capitão Poço";289;299;97;"SIM";97;"ALCANÇOU"
"PA";150240;"Castanhal";1184;1108;107;"SIM";107;"ALCANÇOU"
"PA";150250;"Chaves";50;41;122;"SIM";122;"ALCANÇOU"
"PA";150260;"Colares";67;73;92;"SIM";92;"ALCANÇOU"
"PA";150270;"Conceição do Araguaia";339;288;118;"SIM";118;"ALCANÇOU"
"PA";150275;"Concórdia do Pará";149;160;93;"SIM";93;"ALCANÇOU"
"PA";150276;"Cumaru do Norte";39;68;57;"NÃO";57;"NÃO ALCANÇOU"
"PA";150277;"Curionópolis";157;121;130;"SIM";130;"ALCANÇOU"
"PA";150280;"Curralinho";107;119;90;"SIM";90;"ALCANÇOU"
"PA";150285;"Curuá";77;60;128;"SIM";128;"ALCANÇOU"
"PA";150290;"Curuçá";232;223;104;"SIM";104;"ALCANÇOU"
"PA";150293;"Dom Eliseu";242;256;95;"SIM";95;"ALCANÇOU"
"PA";150295;"Eldorado do Carajás";179;164;109;"SIM";109;"ALCANÇOU"
"PA";150300;"Faro";49;35;140;"SIM";140;"ALCANÇOU"
"PA";150304;"Floresta do Araguaia";98;89;110;"SIM";110;"ALCANÇOU"
"PA";150307;"Garrafão do Norte";161;129;125;"SIM";125;"ALCANÇOU"
"PA";150309;"Goianésia do Pará";149;145;103;"SIM";103;"ALCANÇOU"
"PA";150310;"Gurupá";109;128;85;"NÃO";85;"NÃO ALCANÇOU"
"PA";150320;"Igarapé-Açu";252;210;120;"SIM";120;"ALCANÇOU"
"PA";150330;"Igarapé-Miri";307;289;106;"SIM";106;"ALCANÇOU"
"PA";150340;"Inhangapi";53;66;80;"NÃO";80;"NÃO ALCANÇOU"
"PA";150345;"Ipixuna do Pará";165;173;95;"SIM";95;"ALCANÇOU"
"PA";150350;"Irituia";161;186;87;"NÃO";87;"NÃO ALCANÇOU"
"PA";150360;"Itaituba";797;878;91;"SIM";91;"ALCANÇOU"
"PA";150370;"Itupiranga";199;240;83;"NÃO";83;"NÃO ALCANÇOU"
"PA";150375;"Jacareacanga";115;89;129;"SIM";129;"ALCANÇOU"
"PA";150380;"Jacundá";271;251;108;"SIM";108;"ALCANÇOU"
"PA";150390;"Juruti";234;258;91;"SIM";91;"ALCANÇOU"
"PA";150400;"Limoeiro do Ajuru";76;87;87;"NÃO";87;"NÃO ALCANÇOU"
"PA";150405;"Mãe do Rio";225;216;104;"SIM";104;"ALCANÇOU"
"PA";150410;"Magalhães Barata";57;42;136;"SIM";136;"ALCANÇOU"
"PA";150420;"Marabá";1470;1601;92;"SIM";92;"ALCANÇOU"
"PA";150430;"Maracanã";199;153;130;"SIM";130;"ALCANÇOU"
"PA";150440;"Marapanim";188;142;132;"SIM";132;"ALCANÇOU"
"PA";150442;"Marituba";547;624;88;"NÃO";88;"NÃO ALCANÇOU"
"PA";150445;"Medicilândia";140;156;90;"SIM";90;"ALCANÇOU"
"PA";150450;"Melgaço";53;61;87;"NÃO";87;"NÃO ALCANÇOU"
"PA";150460;"Mocajuba";146;160;91;"SIM";91;"ALCANÇOU"
"PA";150470;"Moju";322;339;95;"SIM";95;"ALCANÇOU"
"PA";150475;"Mojuí dos Campos";110;226;49;"NÃO";49;"NÃO ALCANÇOU"
"PA";150480;"Monte Alegre";361;341;106;"SIM";106;"ALCANÇOU"
"PA";150490;"Muaná";119;154;77;"NÃO";77;"NÃO ALCANÇOU"
"PA";150495;"Nova Esperança do Piriá";86;72;119;"SIM";119;"ALCANÇOU"
"PA";150497;"Nova Ipixuna";78;73;107;"SIM";107;"ALCANÇOU"
"PA";150500;"Nova Timboteua";96;76;126;"SIM";126;"ALCANÇOU"
"PA";150503;"Novo Progresso";224;170;132;"SIM";132;"ALCANÇOU"
"PA";150506;"Novo Repartimento";234;344;68;"NÃO";68;"NÃO ALCANÇOU"
"PA";150510;"Óbidos";270;318;85;"NÃO";85;"NÃO ALCANÇOU"
"PA";150520;"Oeiras do Pará";100;139;72;"NÃO";72;"NÃO ALCANÇOU"
"PA";150530;"Oriximiná";277;361;77;"NÃO";77;"NÃO ALCANÇOU"
"PA";150540;"Ourém";113;100;113;"SIM";113;"ALCANÇOU"
"PA";150543;"Ourilândia do Norte";175;173;101;"SIM";101;"ALCANÇOU"
"PA";150548;"Pacajá";261;234;112;"SIM";112;"ALCANÇOU"
"PA";150549;"Palestina do Pará";48;33;145;"SIM";145;"ALCANÇOU"
"PA";150550;"Paragominas";546;559;98;"SIM";98;"ALCANÇOU"
"PA";150553;"Parauapebas";1005;1090;92;"SIM";92;"ALCANÇOU"
"PA";150555;"Pau D'Arco";49;45;109;"SIM";109;"ALCANÇOU"
"PA";150560;"Peixe-Boi";66;54;122;"SIM";122;"ALCANÇOU"
"PA";150563;"Piçarra";60;61;98;"SIM";98;"ALCANÇOU"
"PA";150565;"Placas";113;97;116;"SIM";116;"ALCANÇOU"
"PA";150570;"Ponta de Pedras";123;131;94;"SIM";94;"ALCANÇOU"
"PA";150580;"Portel";229;239;96;"SIM";96;"ALCANÇOU"
"PA";150590;"Porto de Moz";125;139;90;"SIM";90;"ALCANÇOU"
"PA";150600;"Prainha";136;129;105;"SIM";105;"ALCANÇOU"
"PA";150610;"Primavera";66;66;100;"SIM";100;"ALCANÇOU"
"PA";150611;"Quatipuru";87;62;140;"SIM";140;"ALCANÇOU"
"PA";150613;"Redenção";585;543;108;"SIM";108;"ALCANÇOU"
"PA";150616;"Rio Maria";134;129;104;"SIM";104;"ALCANÇOU"
"PA";150618;"Rondon do Pará";234;236;99;"SIM";99;"ALCANÇOU"
"PA";150619;"Rurópolis";126;163;77;"NÃO";77;"NÃO ALCANÇOU"
"PA";150620;"Salinópolis";283;263;108;"SIM";108;"ALCANÇOU"
"PA";150630;"Salvaterra";133;112;119;"SIM";119;"ALCANÇOU"
"PA";150635;"Santa Bárbara do Pará";115;112;103;"SIM";103;"ALCANÇOU"
"PA";150640;"Santa Cruz do Arari";32;27;119;"SIM";119;"ALCANÇOU"
"PA";150650;"Santa Izabel do Pará";371;411;90;"SIM";90;"ALCANÇOU"
"PA";150655;"Santa Luzia do Pará";124;108;115;"SIM";115;"ALCANÇOU"
"PA";150658;"Santa Maria das Barreiras";75;72;104;"SIM";104;"ALCANÇOU"
"PA";150660;"Santa Maria do Pará";188;172;109;"SIM";109;"ALCANÇOU"
"PA";150670;"Santana do Araguaia";163;203;80;"NÃO";80;"NÃO ALCANÇOU"
"PA";150680;"Santarém";1972;1963;100;"SIM";100;"ALCANÇOU"
"PA";150690;"Santarém Novo";30;38;79;"NÃO";79;"NÃO ALCANÇOU"
"PA";150700;"Santo Antônio do Tauá";193;141;137;"SIM";137;"ALCANÇOU"
"PA";150710;"São Caetano de Odivelas";105;98;107;"SIM";107;"ALCANÇOU"
"PA";150715;"São Domingos do Araguaia";134;124;108;"SIM";108;"ALCANÇOU"
"PA";150720;"São Domingos do Capim";165;125;132;"SIM";132;"ALCANÇOU"
"PA";150730;"São Félix do Xingu";261;381;69;"NÃO";69;"NÃO ALCANÇOU"
"PA";150740;"São Francisco do Pará";104;97;107;"SIM";107;"ALCANÇOU"
"PA";150745;"São Geraldo do Araguaia";146;130;112;"SIM";112;"ALCANÇOU"
"PA";150746;"São João da Ponta";50;22;227;"SIM";227;"ALCANÇOU"
"PA";150747;"São João de Pirabas";131;111;118;"SIM";118;"ALCANÇOU"
"PA";150750;"São João do Araguaia";48;58;83;"NÃO";83;"NÃO ALCANÇOU"
"PA";150760;"São Miguel do Guamá";344;279;123;"SIM";123;"ALCANÇOU"
"PA";150770;"São Sebastião da Boa Vista";95;90;106;"SIM";106;"ALCANÇOU"
"PA";150775;"Sapucaia";26;31;84;"NÃO";84;"NÃO ALCANÇOU"
"PA";150780;"Senador José Porfírio";71;72;99;"SIM";99;"ALCANÇOU"
"PA";150790;"Soure";169;177;95;"SIM";95;"ALCANÇOU"
"PA";150795;"Tailândia";402;460;87;"NÃO";87;"NÃO ALCANÇOU"
"PA";150796;"Terra Alta";57;38;150;"SIM";150;"ALCANÇOU"
"PA";150797;"Terra Santa";83;94;88;"NÃO";88;"NÃO ALCANÇOU"
"PA";150800;"Tomé-Açu";395;333;119;"SIM";119;"ALCANÇOU"
"PA";150803;"Tracuateua";175;159;110;"SIM";110;"ALCANÇOU"
"PA";150805;"Trairão";84;99;85;"NÃO";85;"NÃO ALCANÇOU"
"PA";150808;"Tucumã";223;212;105;"SIM";105;"ALCANÇOU"
"PA";150810;"Tucuruí";543;536;101;"SIM";101;"ALCANÇOU"
"PA";150812;"Ulianópolis";159;161;99;"SIM";99;"ALCANÇOU"
"PA";150815;"Uruará";247;276;89;"NÃO";89;"NÃO ALCANÇOU"
"PA";150820;"Vigia";342;282;121;"SIM";121;"ALCANÇOU"
"PA";150830;"Viseu";294;254;116;"SIM";116;"ALCANÇOU"
"PA";150835;"Vitória do Xingu";90;125;72;"NÃO";72;"NÃO ALCANÇOU"
"PA";150840;"Xinguara";283;285;99;"SIM";99;"ALCANÇOU"
"AP";160005;"Serra do Navio";5;22;23;"NÃO";23;"NÃO ALCANÇOU"
"AP";160010;"Amapá";32;31;103;"SIM";103;"ALCANÇOU"
"AP";160015;"Pedra Branca do Amapari";33;54;61;"NÃO";61;"NÃO ALCANÇOU"
"AP";160020;"Calçoene";53;46;115;"SIM";115;"ALCANÇOU"
"AP";160021;"Cutias";19;21;90;"SIM";90;"ALCANÇOU"
"AP";160023;"Ferreira Gomes";18;29;62;"NÃO";62;"NÃO ALCANÇOU"
"AP";160025;"Itaubal";19;16;119;"SIM";119;"ALCANÇOU"
"AP";160027;"Laranjal do Jari";202;233;87;"NÃO";87;"NÃO ALCANÇOU"
"AP";160030;"Macapá";2477;2915;85;"NÃO";85;"NÃO ALCANÇOU"
"AP";160040;"Mazagão";74;101;73;"NÃO";73;"NÃO ALCANÇOU"
"AP";160050;"Oiapoque";116;94;123;"SIM";123;"ALCANÇOU"
"AP";160053;"Porto Grande";90;77;117;"SIM";117;"ALCANÇOU"
"AP";160055;"Pracuúba";16;16;100;"SIM";100;"ALCANÇOU"
"AP";160060;"Santana";619;610;101;"SIM";101;"ALCANÇOU"
"AP";160070;"Tartarugalzinho";45;58;78;"NÃO";78;"NÃO ALCANÇOU"
"AP";160080;"Vitória do Jari";43;46;93;"SIM";93;"ALCANÇOU"
"TO";170025;"Abreulândia";16;10;160;"SIM";160;"ALCANÇOU"
"TO";170030;"Aguiarnópolis";24;19;126;"SIM";126;"ALCANÇOU"
"TO";170035;"Aliança do Tocantins";40;42;95;"SIM";95;"ALCANÇOU"
"TO";170040;"Almas";45;37;122;"SIM";122;"ALCANÇOU"
"TO";170070;"Alvorada";70;38;184;"SIM";184;"ALCANÇOU"
"TO";170100;"Ananás";57;56;102;"SIM";102;"ALCANÇOU"
"TO";170105;"Angico";30;21;143;"SIM";143;"ALCANÇOU"
"TO";170110;"Aparecida do Rio Negro";34;21;162;"SIM";162;"ALCANÇOU"
"TO";170130;"Aragominas";28;29;97;"SIM";97;"ALCANÇOU"
"TO";170190;"Araguacema";41;19;216;"SIM";216;"ALCANÇOU"
"TO";170200;"Araguaçu";65;52;125;"SIM";125;"ALCANÇOU"
"TO";170210;"Araguaína";1131;1003;113;"SIM";113;"ALCANÇOU"
"TO";170215;"Araguanã";21;25;84;"NÃO";84;"NÃO ALCANÇOU"
"TO";170220;"Araguatins";195;178;110;"SIM";110;"ALCANÇOU"
"TO";170230;"Arapoema";39;30;130;"SIM";130;"ALCANÇOU"
"TO";170240;"Arraias";60;66;91;"SIM";91;"ALCANÇOU"
"TO";170255;"Augustinópolis";129;81;159;"SIM";159;"ALCANÇOU"
"TO";170270;"Aurora do Tocantins";20;13;154;"SIM";154;"ALCANÇOU"
"TO";170290;"Axixá do Tocantins";92;61;151;"SIM";151;"ALCANÇOU"
"TO";170300;"Babaçulândia";64;48;133;"SIM";133;"ALCANÇOU"
"TO";170305;"Bandeirantes do Tocantins";15;18;83;"NÃO";83;"NÃO ALCANÇOU"
"TO";170307;"Barra do Ouro";35;27;130;"SIM";130;"ALCANÇOU"
"TO";170310;"Barrolândia";26;28;93;"SIM";93;"ALCANÇOU"
"TO";170320;"Bernardo Sayão";35;19;184;"SIM";184;"ALCANÇOU"
"TO";170330;"Bom Jesus do Tocantins";34;14;243;"SIM";243;"ALCANÇOU"
"TO";170360;"Brasilândia do Tocantins";8;9;89;"NÃO";89;"NÃO ALCANÇOU"
"TO";170370;"Brejinho de Nazaré";30;21;143;"SIM";143;"ALCANÇOU"
"TO";170380;"Buriti do Tocantins";61;45;136;"SIM";136;"ALCANÇOU"
"TO";170382;"Cachoeirinha";26;12;217;"SIM";217;"ALCANÇOU"
"TO";170384;"Campos Lindos";53;42;126;"SIM";126;"ALCANÇOU"
"TO";170386;"Cariri do Tocantins";32;25;128;"SIM";128;"ALCANÇOU"
"TO";170388;"Carmolândia";16;4;400;"SIM";400;"ALCANÇOU"
"TO";170389;"Carrasco Bonito";22;25;88;"NÃO";88;"NÃO ALCANÇOU"
"TO";170390;"Caseara";22;19;116;"SIM";116;"ALCANÇOU"
"TO";170410;"Centenário";15;6;250;"SIM";250;"ALCANÇOU"
"TO";170460;"Chapada de Areia";8;8;100;"SIM";100;"ALCANÇOU"
"TO";170510;"Chapada da Natividade";16;17;94;"SIM";94;"ALCANÇOU"
"TO";170550;"Colinas do Tocantins";200;164;122;"SIM";122;"ALCANÇOU"
"TO";170555;"Combinado";40;31;129;"SIM";129;"ALCANÇOU"
"TO";170560;"Conceição do Tocantins";21;30;70;"NÃO";70;"NÃO ALCANÇOU"
"TO";170600;"Couto Magalhães";31;31;100;"SIM";100;"ALCANÇOU"
"TO";170610;"Cristalândia";40;36;111;"SIM";111;"ALCANÇOU"
"TO";170625;"Crixás do Tocantins";8;7;114;"SIM";114;"ALCANÇOU"
"TO";170650;"Darcinópolis";38;25;152;"SIM";152;"ALCANÇOU"
"TO";170700;"Dianópolis";134;103;130;"SIM";130;"ALCANÇOU"
"TO";170710;"Divinópolis do Tocantins";53;43;123;"SIM";123;"ALCANÇOU"
"TO";170720;"Dois Irmãos do Tocantins";54;22;245;"SIM";245;"ALCANÇOU"
"TO";170730;"Dueré";26;25;104;"SIM";104;"ALCANÇOU"
"TO";170740;"Esperantina";47;57;82;"NÃO";82;"NÃO ALCANÇOU"
"TO";170755;"Fátima";18;23;78;"NÃO";78;"NÃO ALCANÇOU"
"TO";170765;"Figueirópolis";35;29;121;"SIM";121;"ALCANÇOU"
"TO";170770;"Filadélfia";52;45;116;"SIM";116;"ALCANÇOU"
"TO";170820;"Formoso do Araguaia";123;115;107;"SIM";107;"ALCANÇOU"
"TO";170825;"Fortaleza do Tabocão";22;18;122;"SIM";122;"ALCANÇOU"
"TO";170830;"Goianorte";42;31;135;"SIM";135;"ALCANÇOU"
"TO";170900;"Goiatins";85;57;149;"SIM";149;"ALCANÇOU"
"TO";170930;"Guaraí";153;114;134;"SIM";134;"ALCANÇOU"
"TO";170950;"Gurupi";601;497;121;"SIM";121;"ALCANÇOU"
"TO";170980;"Ipueiras";11;17;65;"NÃO";65;"NÃO ALCANÇOU"
"TO";171050;"Itacajá";54;34;159;"SIM";159;"ALCANÇOU"
"TO";171070;"Itaguatins";43;30;143;"SIM";143;"ALCANÇOU"
"TO";171090;"Itapiratins";13;16;81;"NÃO";81;"NÃO ALCANÇOU"
"TO";171110;"Itaporã do Tocantins";18;12;150;"SIM";150;"ALCANÇOU"
"TO";171150;"Jaú do Tocantins";23;18;128;"SIM";128;"ALCANÇOU"
"TO";171180;"Juarina";16;11;145;"SIM";145;"ALCANÇOU"
"TO";171190;"Lagoa da Confusão";81;90;90;"SIM";90;"ALCANÇOU"
"TO";171195;"Lagoa do Tocantins";23;20;115;"SIM";115;"ALCANÇOU"
"TO";171200;"Lajeado";17;13;131;"SIM";131;"ALCANÇOU"
"TO";171215;"Lavandeira";6;8;75;"NÃO";75;"NÃO ALCANÇOU"
"TO";171240;"Lizarda";22;17;129;"SIM";129;"ALCANÇOU"
"TO";171245;"Luzinópolis";27;13;208;"SIM";208;"ALCANÇOU"
"TO";171250;"Marianópolis do Tocantins";37;18;206;"SIM";206;"ALCANÇOU"
"TO";171270;"Mateiros";13;10;130;"SIM";130;"ALCANÇOU"
"TO";171280;"Maurilândia do Tocantins";16;16;100;"SIM";100;"ALCANÇOU"
"TO";171320;"Miracema do Tocantins";127;127;100;"SIM";100;"ALCANÇOU"
"TO";171330;"Miranorte";101;91;111;"SIM";111;"ALCANÇOU"
"TO";171360;"Monte do Carmo";45;28;161;"SIM";161;"ALCANÇOU"
"TO";171370;"Monte Santo do Tocantins";16;17;94;"SIM";94;"ALCANÇOU"
"TO";171380;"Palmeiras do Tocantins";31;27;115;"SIM";115;"ALCANÇOU"
"TO";171395;"Muricilândia";21;21;100;"SIM";100;"ALCANÇOU"
"TO";171420;"Natividade";62;42;148;"SIM";148;"ALCANÇOU"
"TO";171430;"Nazaré";45;26;173;"SIM";173;"ALCANÇOU"
"TO";171488;"Nova Olinda";73;68;107;"SIM";107;"ALCANÇOU"
"TO";171500;"Nova Rosalândia";32;39;82;"NÃO";82;"NÃO ALCANÇOU"
"TO";171510;"Novo Acordo";32;18;178;"SIM";178;"ALCANÇOU"
"TO";171515;"Novo Alegre";15;8;188;"SIM";188;"ALCANÇOU"
"TO";171525;"Novo Jardim";16;10;160;"SIM";160;"ALCANÇOU"
"TO";171550;"Oliveira de Fátima";10;4;250;"SIM";250;"ALCANÇOU"
"TO";171570;"Palmeirante";26;31;84;"NÃO";84;"NÃO ALCANÇOU"
"TO";171575;"Palmeirópolis";62;39;159;"SIM";159;"ALCANÇOU"
"TO";171610;"Paraíso do Tocantins";330;331;100;"SIM";100;"ALCANÇOU"
"TO";171620;"Paranã";64;49;131;"SIM";131;"ALCANÇOU"
"TO";171630;"Pau D'Arco";24;28;86;"NÃO";86;"NÃO ALCANÇOU"
"TO";171650;"Pedro Afonso";84;76;111;"SIM";111;"ALCANÇOU"
"TO";171660;"Peixe";59;45;131;"SIM";131;"ALCANÇOU"
"TO";171665;"Pequizeiro";25;26;96;"SIM";96;"ALCANÇOU"
"TO";171670;"Colméia";61;51;120;"SIM";120;"ALCANÇOU"
"TO";171700;"Pindorama do Tocantins";30;23;130;"SIM";130;"ALCANÇOU"
"TO";171720;"Piraquê";15;9;167;"SIM";167;"ALCANÇOU"
"TO";171750;"Pium";47;36;131;"SIM";131;"ALCANÇOU"
"TO";171780;"Ponte Alta do Bom Jesus";46;23;200;"SIM";200;"ALCANÇOU"
"TO";171790;"Ponte Alta do Tocantins";60;36;167;"SIM";167;"ALCANÇOU"
"TO";171800;"Porto Alegre do Tocantins";15;12;125;"SIM";125;"ALCANÇOU"
"TO";171820;"Porto Nacional";447;396;113;"SIM";113;"ALCANÇOU"
"TO";171830;"Praia Norte";52;24;217;"SIM";217;"ALCANÇOU"
"TO";171840;"Presidente Kennedy";26;16;163;"SIM";163;"ALCANÇOU"
"TO";171845;"Pugmil";18;11;164;"SIM";164;"ALCANÇOU"
"TO";171850;"Recursolândia";15;23;65;"NÃO";65;"NÃO ALCANÇOU"
"TO";171855;"Riachinho";32;19;168;"SIM";168;"ALCANÇOU"
"TO";171865;"Rio da Conceição";17;13;131;"SIM";131;"ALCANÇOU"
"TO";171870;"Rio dos Bois";17;14;121;"SIM";121;"ALCANÇOU"
"TO";171875;"Rio Sono";35;34;103;"SIM";103;"ALCANÇOU"
"TO";171880;"Sampaio";28;26;108;"SIM";108;"ALCANÇOU"
"TO";171884;"Sandolândia";22;15;147;"SIM";147;"ALCANÇOU"
"TO";171886;"Santa Fé do Araguaia";41;42;98;"SIM";98;"ALCANÇOU"
"TO";171888;"Santa Maria do Tocantins";15;8;188;"SIM";188;"ALCANÇOU"
"TO";171889;"Santa Rita do Tocantins";7;10;70;"NÃO";70;"NÃO ALCANÇOU"
"TO";171890;"Santa Rosa do Tocantins";29;29;100;"SIM";100;"ALCANÇOU"
"TO";171900;"Santa Tereza do Tocantins";21;11;191;"SIM";191;"ALCANÇOU"
"TO";172000;"Santa Terezinha do Tocantins";10;9;111;"SIM";111;"ALCANÇOU"
"TO";172010;"São Bento do Tocantins";24;25;96;"SIM";96;"ALCANÇOU"
"TO";172015;"São Félix do Tocantins";11;7;157;"SIM";157;"ALCANÇOU"
"TO";172020;"São Miguel do Tocantins";52;57;91;"SIM";91;"ALCANÇOU"
"TO";172025;"São Salvador do Tocantins";9;8;113;"SIM";113;"ALCANÇOU"
"TO";172030;"São Sebastião do Tocantins";25;20;125;"SIM";125;"ALCANÇOU"
"TO";172049;"São Valério";31;16;194;"SIM";194;"ALCANÇOU"
"TO";172065;"Silvanópolis";58;31;187;"SIM";187;"ALCANÇOU"
"TO";172080;"Sítio Novo do Tocantins";52;48;108;"SIM";108;"ALCANÇOU"
"TO";172085;"Sucupira";10;13;77;"NÃO";77;"NÃO ALCANÇOU"
"TO";172090;"Taguatinga";111;82;135;"SIM";135;"ALCANÇOU"
"TO";172093;"Taipas do Tocantins";15;10;150;"SIM";150;"ALCANÇOU"
"TO";172097;"Talismã";19;9;211;"SIM";211;"ALCANÇOU"
"TO";172100;"Palmas";1388;1482;94;"SIM";94;"ALCANÇOU"
"TO";172110;"Tocantínia";41;37;111;"SIM";111;"ALCANÇOU"
"TO";172120;"Tocantinópolis";161;114;141;"SIM";141;"ALCANÇOU"
"TO";172125;"Tupirama";13;4;325;"SIM";325;"ALCANÇOU"
"TO";172130;"Tupiratins";14;8;175;"SIM";175;"ALCANÇOU"
"TO";172208;"Wanderlândia";71;62;115;"SIM";115;"ALCANÇOU"
"TO";172210;"Xambioá";84;66;127;"SIM";127;"ALCANÇOU"
"MA";210005;"Açailândia";716;635;113;"SIM";113;"ALCANÇOU"
"MA";210010;"Afonso Cunha";16;30;53;"NÃO";53;"NÃO ALCANÇOU"
"MA";210015;"Água Doce do Maranhão";35;66;53;"NÃO";53;"NÃO ALCANÇOU"
"MA";210020;"Alcântara";100;92;109;"SIM";109;"ALCANÇOU"
"MA";210030;"Aldeias Altas";98;121;81;"NÃO";81;"NÃO ALCANÇOU"
"MA";210040;"Altamira do Maranhão";28;31;90;"SIM";90;"ALCANÇOU"
"MA";210043;"Alto Alegre do Maranhão";154;147;105;"SIM";105;"ALCANÇOU"
"MA";210047;"Alto Alegre do Pindaré";146;157;93;"SIM";93;"ALCANÇOU"
"MA";210050;"Alto Parnaíba";67;73;92;"SIM";92;"ALCANÇOU"
"MA";210055;"Amapá do Maranhão";30;38;79;"NÃO";79;"NÃO ALCANÇOU"
"MA";210060;"Amarante do Maranhão";218;191;114;"SIM";114;"ALCANÇOU"
"MA";210070;"Anajatuba";147;151;97;"SIM";97;"ALCANÇOU"
"MA";210080;"Anapurus";95;75;127;"SIM";127;"ALCANÇOU"
"MA";210083;"Apicum-Açu";73;68;107;"SIM";107;"ALCANÇOU"
"MA";210087;"Araguanã";38;31;123;"SIM";123;"ALCANÇOU"
"MA";210090;"Araioses";225;200;113;"SIM";113;"ALCANÇOU"
"MA";210095;"Arame";144;157;92;"SIM";92;"ALCANÇOU"
"MA";210100;"Arari";167;151;111;"SIM";111;"ALCANÇOU"
"MA";210110;"Axixá";82;65;126;"SIM";126;"ALCANÇOU"
"MA";210120;"Bacabal";753;693;109;"SIM";109;"ALCANÇOU"
"MA";210125;"Bacabeira";102;86;119;"SIM";119;"ALCANÇOU"
"MA";210130;"Bacuri";95;112;85;"NÃO";85;"NÃO ALCANÇOU"
"MA";210135;"Bacurituba";34;33;103;"SIM";103;"ALCANÇOU"
"MA";210140;"Balsas";611;584;105;"SIM";105;"ALCANÇOU"
"MA";210150;"Barão de Grajaú";144;116;124;"SIM";124;"ALCANÇOU"
"MA";210160;"Barra do Corda";460;471;98;"SIM";98;"ALCANÇOU"
"MA";210170;"Barreirinhas";376;349;108;"SIM";108;"ALCANÇOU"
"MA";210173;"Belágua";28;39;72;"NÃO";72;"NÃO ALCANÇOU"
"MA";210177;"Bela Vista do Maranhão";80;68;118;"SIM";118;"ALCANÇOU"
"MA";210180;"Benedito Leite";32;42;76;"NÃO";76;"NÃO ALCANÇOU"
"MA";210190;"Bequimão";120;131;92;"SIM";92;"ALCANÇOU"
"MA";210193;"Bernardo do Mearim";35;29;121;"SIM";121;"ALCANÇOU"
"MA";210197;"Boa Vista do Gurupi";31;35;89;"NÃO";89;"NÃO ALCANÇOU"
"MA";210200;"Bom Jardim";175;199;88;"NÃO";88;"NÃO ALCANÇOU"
"MA";210203;"Bom Jesus das Selvas";151;179;84;"NÃO";84;"NÃO ALCANÇOU"
"MA";210207;"Bom Lugar";61;61;100;"SIM";100;"ALCANÇOU"
"MA";210210;"Brejo";219;218;100;"SIM";100;"ALCANÇOU"
"MA";210215;"Brejo de Areia";36;39;92;"SIM";92;"ALCANÇOU"
"MA";210220;"Buriti";150;168;89;"NÃO";89;"NÃO ALCANÇOU"
"MA";210230;"Buriti Bravo";148;123;120;"SIM";120;"ALCANÇOU"
"MA";210232;"Buriticupu";295;275;107;"SIM";107;"ALCANÇOU"
"MA";210235;"Buritirana";82;81;101;"SIM";101;"ALCANÇOU"
"MA";210237;"Cachoeira Grande";33;28;118;"SIM";118;"ALCANÇOU"
"MA";210240;"Cajapió";16;45;36;"NÃO";36;"NÃO ALCANÇOU"
"MA";210250;"Cajari";77;90;86;"NÃO";86;"NÃO ALCANÇOU"
"MA";210255;"Campestre do Maranhão";72;78;92;"SIM";92;"ALCANÇOU"
"MA";210260;"Cândido Mendes";56;95;59;"NÃO";59;"NÃO ALCANÇOU"
"MA";210270;"Cantanhede";118;98;120;"SIM";120;"ALCANÇOU"
"MA";210275;"Capinzal do Norte";70;56;125;"SIM";125;"ALCANÇOU"
"MA";210280;"Carolina";172;138;125;"SIM";125;"ALCANÇOU"
"MA";210290;"Carutapera";126;133;95;"SIM";95;"ALCANÇOU"
"MA";210300;"Caxias";1091;1018;107;"SIM";107;"ALCANÇOU"
"MA";210310;"Cedral";45;57;79;"NÃO";79;"NÃO ALCANÇOU"
"MA";210312;"Central do Maranhão";38;48;79;"NÃO";79;"NÃO ALCANÇOU"
"MA";210315;"Centro do Guilherme";45;60;75;"NÃO";75;"NÃO ALCANÇOU"
"MA";210317;"Centro Novo do Maranhão";61;68;90;"SIM";90;"ALCANÇOU"
"MA";210320;"Chapadinha";451;428;105;"SIM";105;"ALCANÇOU"
"MA";210325;"Cidelândia";61;87;70;"NÃO";70;"NÃO ALCANÇOU"
"MA";210330;"Codó";670;629;107;"SIM";107;"ALCANÇOU"
"MA";210340;"Coelho Neto";284;333;85;"NÃO";85;"NÃO ALCANÇOU"
"MA";210350;"Colinas";255;220;116;"SIM";116;"ALCANÇOU"
"MA";210355;"Conceição do Lago-Açu";66;57;116;"SIM";116;"ALCANÇOU"
"MA";210360;"Coroatá";349;400;87;"NÃO";87;"NÃO ALCANÇOU"
"MA";210370;"Cururupu";203;154;132;"SIM";132;"ALCANÇOU"
"MA";210375;"Davinópolis";83;89;93;"SIM";93;"ALCANÇOU"
"MA";210380;"Dom Pedro";142;119;119;"SIM";119;"ALCANÇOU"
"MA";210390;"Duque Bacelar";49;55;89;"NÃO";89;"NÃO ALCANÇOU"
"MA";210400;"Esperantinópolis";146;101;145;"SIM";145;"ALCANÇOU"
"MA";210405;"Estreito";232;200;116;"SIM";116;"ALCANÇOU"
"MA";210407;"Feira Nova do Maranhão";48;49;98;"SIM";98;"ALCANÇOU"
"MA";210408;"Fernando Falcão";60;70;86;"NÃO";86;"NÃO ALCANÇOU"
"MA";210409;"Formosa da Serra Negra";44;94;47;"NÃO";47;"NÃO ALCANÇOU"
"MA";210410;"Fortaleza dos Nogueiras";74;78;95;"SIM";95;"ALCANÇOU"
"MA";210420;"Fortuna";109;81;135;"SIM";135;"ALCANÇOU"
"MA";210430;"Godofredo Viana";37;46;80;"NÃO";80;"NÃO ALCANÇOU"
"MA";210440;"Gonçalves Dias";90;107;84;"NÃO";84;"NÃO ALCANÇOU"
"MA";210450;"Governador Archer";73;66;111;"SIM";111;"ALCANÇOU"
"MA";210455;"Governador Edison Lobão";135;108;125;"SIM";125;"ALCANÇOU"
"MA";210460;"Governador Eugênio Barros";76;86;88;"NÃO";88;"NÃO ALCANÇOU"
"MA";210462;"Governador Luiz Rocha";55;43;128;"SIM";128;"ALCANÇOU"
"MA";210465;"Governador Newton Bello";51;55;93;"SIM";93;"ALCANÇOU"
"MA";210467;"Governador Nunes Freire";112;116;97;"SIM";97;"ALCANÇOU"
"MA";210470;"Graça Aranha";51;39;131;"SIM";131;"ALCANÇOU"
"MA";210480;"Grajaú";402;440;91;"SIM";91;"ALCANÇOU"
"MA";210490;"Guimarães";79;76;104;"SIM";104;"ALCANÇOU"
"MA";210500;"Humberto de Campos";107;114;94;"SIM";94;"ALCANÇOU"
"MA";210510;"Icatu";93;108;86;"NÃO";86;"NÃO ALCANÇOU"
"MA";210515;"Igarapé do Meio";60;59;102;"SIM";102;"ALCANÇOU"
"MA";210520;"Igarapé Grande";78;75;104;"SIM";104;"ALCANÇOU"
"MA";210530;"Imperatriz";1821;1712;106;"SIM";106;"ALCANÇOU"
"MA";210535;"Itaipava do Grajaú";70;66;106;"SIM";106;"ALCANÇOU"
"MA";210540;"Itapecuru Mirim";332;315;105;"SIM";105;"ALCANÇOU"
"MA";210542;"Itinga do Maranhão";135;132;102;"SIM";102;"ALCANÇOU"
"MA";210545;"Jatobá";23;36;64;"NÃO";64;"NÃO ALCANÇOU"
"MA";210547;"Jenipapo dos Vieiras";75;89;84;"NÃO";84;"NÃO ALCANÇOU"
"MA";210550;"João Lisboa";174;173;101;"SIM";101;"ALCANÇOU"
"MA";210560;"Joselândia";115;87;132;"SIM";132;"ALCANÇOU"
"MA";210565;"Junco do Maranhão";17;18;94;"SIM";94;"ALCANÇOU"
"MA";210570;"Lago da Pedra";320;296;108;"SIM";108;"ALCANÇOU"
"MA";210580;"Lago do Junco";41;63;65;"NÃO";65;"NÃO ALCANÇOU"
"MA";210590;"Lago Verde";96;80;120;"SIM";120;"ALCANÇOU"
"MA";210592;"Lagoa do Mato";58;62;94;"SIM";94;"ALCANÇOU"
"MA";210594;"Lago dos Rodrigues";57;61;93;"SIM";93;"ALCANÇOU"
"MA";210596;"Lagoa Grande do Maranhão";69;79;87;"NÃO";87;"NÃO ALCANÇOU"
"MA";210598;"Lajeado Novo";41;36;114;"SIM";114;"ALCANÇOU"
"MA";210600;"Lima Campos";87;90;97;"SIM";97;"ALCANÇOU"
"MA";210610;"Loreto";65;70;93;"SIM";93;"ALCANÇOU"
"MA";210620;"Luís Domingues";26;39;67;"NÃO";67;"NÃO ALCANÇOU"
"MA";210630;"Magalhães de Almeida";73;92;79;"NÃO";79;"NÃO ALCANÇOU"
"MA";210632;"Maracaçumé";103;95;108;"SIM";108;"ALCANÇOU"
"MA";210635;"Marajá do Sena";11;32;34;"NÃO";34;"NÃO ALCANÇOU"
"MA";210637;"Maranhãozinho";42;69;61;"NÃO";61;"NÃO ALCANÇOU"
"MA";210640;"Mata Roma";107;97;110;"SIM";110;"ALCANÇOU"
"MA";210650;"Matinha";156;121;129;"SIM";129;"ALCANÇOU"
"MA";210660;"Matões";155;194;80;"NÃO";80;"NÃO ALCANÇOU"
"MA";210663;"Matões do Norte";20;34;59;"NÃO";59;"NÃO ALCANÇOU"
"MA";210667;"Milagres do Maranhão";30;37;81;"NÃO";81;"NÃO ALCANÇOU"
"MA";210670;"Mirador";85;117;73;"NÃO";73;"NÃO ALCANÇOU"
"MA";210675;"Miranda do Norte";123;146;84;"NÃO";84;"NÃO ALCANÇOU"
"MA";210680;"Mirinzal";104;91;114;"SIM";114;"ALCANÇOU"
"MA";210690;"Monção";148;182;81;"NÃO";81;"NÃO ALCANÇOU"
"MA";210700;"Montes Altos";55;66;83;"NÃO";83;"NÃO ALCANÇOU"
"MA";210710;"Morros";84;85;99;"SIM";99;"ALCANÇOU"
"MA";210720;"Nina Rodrigues";43;73;59;"NÃO";59;"NÃO ALCANÇOU"
"MA";210725;"Nova Colinas";31;21;148;"SIM";148;"ALCANÇOU"
"MA";210730;"Nova Iorque";23;19;121;"SIM";121;"ALCANÇOU"
"MA";210735;"Nova Olinda do Maranhão";70;80;88;"NÃO";88;"NÃO ALCANÇOU"
"MA";210740;"Olho d'Água das Cunhãs";107;98;109;"SIM";109;"ALCANÇOU"
"MA";210745;"Olinda Nova do Maranhão";76;80;95;"SIM";95;"ALCANÇOU"
"MA";210750;"Paço do Lumiar";705;652;108;"SIM";108;"ALCANÇOU"
"MA";210760;"Palmeirândia";115;114;101;"SIM";101;"ALCANÇOU"
"MA";210770;"Paraibano";125;134;93;"SIM";93;"ALCANÇOU"
"MA";210780;"Parnarama";152;194;78;"NÃO";78;"NÃO ALCANÇOU"
"MA";210790;"Passagem Franca";144;115;125;"SIM";125;"ALCANÇOU"
"MA";210800;"Pastos Bons";131;110;119;"SIM";119;"ALCANÇOU"
"MA";210805;"Paulino Neves";57;91;63;"NÃO";63;"NÃO ALCANÇOU"
"MA";210810;"Paulo Ramos";124;119;104;"SIM";104;"ALCANÇOU"
"MA";210820;"Pedreiras";304;252;121;"SIM";121;"ALCANÇOU"
"MA";210825;"Pedro do Rosário";60;126;48;"NÃO";48;"NÃO ALCANÇOU"
"MA";210830;"Penalva";221;200;111;"SIM";111;"ALCANÇOU"
"MA";210840;"Peri Mirim";70;80;88;"NÃO";88;"NÃO ALCANÇOU"
"MA";210845;"Peritoró";50;89;56;"NÃO";56;"NÃO ALCANÇOU"
"MA";210850;"Pindaré-Mirim";214;181;118;"SIM";118;"ALCANÇOU"
"MA";210860;"Pinheiro";522;484;108;"SIM";108;"ALCANÇOU"
"MA";210870;"Pio XII";148;142;104;"SIM";104;"ALCANÇOU"
"MA";210880;"Pirapemas";91;109;83;"NÃO";83;"NÃO ALCANÇOU"
"MA";210890;"Poção de Pedras";112;118;95;"SIM";95;"ALCANÇOU"
"MA";210900;"Porto Franco";144;155;93;"SIM";93;"ALCANÇOU"
"MA";210905;"Porto Rico do Maranhão";27;34;79;"NÃO";79;"NÃO ALCANÇOU"
"MA";210910;"Presidente Dutra";310;312;99;"SIM";99;"ALCANÇOU"
"MA";210920;"Presidente Juscelino";55;52;106;"SIM";106;"ALCANÇOU"
"MA";210923;"Presidente Médici";16;26;62;"NÃO";62;"NÃO ALCANÇOU"
"MA";210927;"Presidente Sarney";87;110;79;"NÃO";79;"NÃO ALCANÇOU"
"MA";210930;"Presidente Vargas";49;60;82;"NÃO";82;"NÃO ALCANÇOU"
"MA";210940;"Primeira Cruz";55;37;149;"SIM";149;"ALCANÇOU"
"MA";210945;"Raposa";133;126;106;"SIM";106;"ALCANÇOU"
"MA";210950;"Riachão";130;131;99;"SIM";99;"ALCANÇOU"
"MA";210955;"Ribamar Fiquene";46;35;131;"SIM";131;"ALCANÇOU"
"MA";210960;"Rosário";243;255;95;"SIM";95;"ALCANÇOU"
"MA";210970;"Sambaíba";17;12;142;"SIM";142;"ALCANÇOU"
"MA";210975;"Santa Filomena do Maranhão";27;38;71;"NÃO";71;"NÃO ALCANÇOU"
"MA";210980;"Santa Helena";155;181;86;"NÃO";86;"NÃO ALCANÇOU"
"MA";210990;"Santa Inês";592;541;109;"SIM";109;"ALCANÇOU"
"MA";211000;"Santa Luzia";380;333;114;"SIM";114;"ALCANÇOU"
"MA";211003;"Santa Luzia do Paruá";139;117;119;"SIM";119;"ALCANÇOU"
"MA";211010;"Santa Quitéria do Maranhão";137;123;111;"SIM";111;"ALCANÇOU"
"MA";211020;"Santa Rita";207;235;88;"NÃO";88;"NÃO ALCANÇOU"
"MA";211023;"Santana do Maranhão";32;56;57;"NÃO";57;"NÃO ALCANÇOU"
"MA";211027;"Santo Amaro do Maranhão";32;63;51;"NÃO";51;"NÃO ALCANÇOU"
"MA";211030;"Santo Antônio dos Lopes";103;81;127;"SIM";127;"ALCANÇOU"
"MA";211040;"São Benedito do Rio Preto";51;92;55;"NÃO";55;"NÃO ALCANÇOU"
"MA";211050;"São Bento";236;269;88;"NÃO";88;"NÃO ALCANÇOU"
"MA";211060;"São Bernardo";170;158;108;"SIM";108;"ALCANÇOU"
"MA";211065;"São Domingos do Azeitão";54;52;104;"SIM";104;"ALCANÇOU"
"MA";211070;"São Domingos do Maranhão";217;174;125;"SIM";125;"ALCANÇOU"
"MA";211080;"São Félix de Balsas";25;25;100;"SIM";100;"ALCANÇOU"
"MA";211085;"São Francisco do Brejão";48;58;83;"NÃO";83;"NÃO ALCANÇOU"
"MA";211090;"São Francisco do Maranhão";61;58;105;"SIM";105;"ALCANÇOU"
"MA";211100;"São João Batista";96;109;88;"NÃO";88;"NÃO ALCANÇOU"
"MA";211102;"São João do Carú";31;68;46;"NÃO";46;"NÃO ALCANÇOU"
"MA";211105;"São João do Paraíso";65;68;96;"SIM";96;"ALCANÇOU"
"MA";211107;"São João do Soter";80;101;79;"NÃO";79;"NÃO ALCANÇOU"
"MA";211110;"São João dos Patos";222;194;114;"SIM";114;"ALCANÇOU"
"MA";211120;"São José de Ribamar";1177;1113;106;"SIM";106;"ALCANÇOU"
"MA";211125;"São José dos Basílios";55;36;153;"SIM";153;"ALCANÇOU"
"MA";211130;"São Luís";6377;5763;111;"SIM";111;"ALCANÇOU"
"MA";211140;"São Luís Gonzaga do Maranhão";111;112;99;"SIM";99;"ALCANÇOU"
"MA";211150;"São Mateus do Maranhão";244;206;118;"SIM";118;"ALCANÇOU"
"MA";211153;"São Pedro da Água Branca";62;73;85;"NÃO";85;"NÃO ALCANÇOU"
"MA";211157;"São Pedro dos Crentes";14;25;56;"NÃO";56;"NÃO ALCANÇOU"
"MA";211160;"São Raimundo das Mangabeiras";153;135;113;"SIM";113;"ALCANÇOU"
"MA";211163;"São Raimundo do Doca Bezerra";23;35;66;"NÃO";66;"NÃO ALCANÇOU"
"MA";211167;"São Roberto";20;24;83;"NÃO";83;"NÃO ALCANÇOU"
"MA";211170;"São Vicente Ferrer";106;103;103;"SIM";103;"ALCANÇOU"
"MA";211172;"Satubinha";18;50;36;"NÃO";36;"NÃO ALCANÇOU"
"MA";211174;"Senador Alexandre Costa";48;58;83;"NÃO";83;"NÃO ALCANÇOU"
"MA";211176;"Senador La Rocque";118;120;98;"SIM";98;"ALCANÇOU"
"MA";211178;"Serrano do Maranhão";54;51;106;"SIM";106;"ALCANÇOU"
"MA";211180;"Sítio Novo";97;93;104;"SIM";104;"ALCANÇOU"
"MA";211190;"Sucupira do Norte";55;62;89;"NÃO";89;"NÃO ALCANÇOU"
"MA";211195;"Sucupira do Riachão";40;29;138;"SIM";138;"ALCANÇOU"
"MA";211200;"Tasso Fragoso";52;40;130;"SIM";130;"ALCANÇOU"
"MA";211210;"Timbiras";118;135;87;"NÃO";87;"NÃO ALCANÇOU"
"MA";211220;"Timon";813;1194;68;"NÃO";68;"NÃO ALCANÇOU"
"MA";211223;"Trizidela do Vale";165;139;119;"SIM";119;"ALCANÇOU"
"MA";211227;"Tufilândia";26;23;113;"SIM";113;"ALCANÇOU"
"MA";211230;"Tuntum";207;186;111;"SIM";111;"ALCANÇOU"
"MA";211240;"Turiaçu";108;131;82;"NÃO";82;"NÃO ALCANÇOU"
"MA";211245;"Turilândia";76;109;70;"NÃO";70;"NÃO ALCANÇOU"
"MA";211250;"Tutóia";278;311;89;"NÃO";89;"NÃO ALCANÇOU"
"MA";211260;"Urbano Santos";134;132;102;"SIM";102;"ALCANÇOU"
"MA";211270;"Vargem Grande";221;249;89;"NÃO";89;"NÃO ALCANÇOU"
"MA";211280;"Viana";323;292;111;"SIM";111;"ALCANÇOU"
"MA";211285;"Vila Nova dos Martírios";44;76;58;"NÃO";58;"NÃO ALCANÇOU"
"MA";211290;"Vitória do Mearim";204;167;122;"SIM";122;"ALCANÇOU"
"MA";211300;"Vitorino Freire";191;180;106;"SIM";106;"ALCANÇOU"
"MA";211400;"Zé Doca";268;248;108;"SIM";108;"ALCANÇOU"
"PI";220005;"Acauã";43;38;113;"SIM";113;"ALCANÇOU"
"PI";220010;"Agricolândia";48;60;80;"NÃO";80;"NÃO ALCANÇOU"
"PI";220020;"Água Branca";131;122;107;"SIM";107;"ALCANÇOU"
"PI";220025;"Alagoinha do Piauí";36;46;78;"NÃO";78;"NÃO ALCANÇOU"
"PI";220027;"Alegrete do Piauí";40;26;154;"SIM";154;"ALCANÇOU"
"PI";220030;"Alto Longá";107;89;120;"SIM";120;"ALCANÇOU"
"PI";220040;"Altos";318;280;114;"SIM";114;"ALCANÇOU"
"PI";220045;"Alvorada do Gurguéia";22;29;76;"NÃO";76;"NÃO ALCANÇOU"
"PI";220050;"Amarante";128;164;78;"NÃO";78;"NÃO ALCANÇOU"
"PI";220060;"Angical do Piauí";76;47;162;"SIM";162;"ALCANÇOU"
"PI";220070;"Anísio de Abreu";69;68;101;"SIM";101;"ALCANÇOU"
"PI";220080;"Antônio Almeida";19;15;127;"SIM";127;"ALCANÇOU"
"PI";220090;"Aroazes";44;48;92;"SIM";92;"ALCANÇOU"
"PI";220095;"Aroeiras do Itaim";12;18;67;"NÃO";67;"NÃO ALCANÇOU"
"PI";220100;"Arraial";45;23;196;"SIM";196;"ALCANÇOU"
"PI";220105;"Assunção do Piauí";45;45;100;"SIM";100;"ALCANÇOU"
"PI";220110;"Avelino Lopes";57;73;78;"NÃO";78;"NÃO ALCANÇOU"
"PI";220115;"Baixa Grande do Ribeiro";67;67;100;"SIM";100;"ALCANÇOU"
"PI";220117;"Barra D'Alcântara";33;29;114;"SIM";114;"ALCANÇOU"
"PI";220120;"Barras";324;295;110;"SIM";110;"ALCANÇOU"
"PI";220130;"Barreiras do Piauí";11;14;79;"NÃO";79;"NÃO ALCANÇOU"
"PI";220140;"Barro Duro";45;45;100;"SIM";100;"ALCANÇOU"
"PI";220150;"Batalha";167;160;104;"SIM";104;"ALCANÇOU"
"PI";220155;"Bela Vista do Piauí";29;25;116;"SIM";116;"ALCANÇOU"
"PI";220157;"Belém do Piauí";18;23;78;"NÃO";78;"NÃO ALCANÇOU"
"PI";220160;"Beneditinos";72;44;164;"SIM";164;"ALCANÇOU"
"PI";220170;"Bertolínia";34;31;110;"SIM";110;"ALCANÇOU"
"PI";220173;"Betânia do Piauí";42;28;150;"SIM";150;"ALCANÇOU"
"PI";220177;"Boa Hora";39;40;98;"SIM";98;"ALCANÇOU"
"PI";220180;"Bocaina";35;46;76;"NÃO";76;"NÃO ALCANÇOU"
"PI";220190;"Bom Jesus";103;168;61;"NÃO";61;"NÃO ALCANÇOU"
"PI";220191;"Bom Princípio do Piauí";33;41;80;"NÃO";80;"NÃO ALCANÇOU"
"PI";220192;"Bonfim do Piauí";34;23;148;"SIM";148;"ALCANÇOU"
"PI";220194;"Boqueirão do Piauí";37;29;128;"SIM";128;"ALCANÇOU"
"PI";220196;"Brasileira";68;46;148;"SIM";148;"ALCANÇOU"
"PI";220198;"Brejo do Piauí";35;30;117;"SIM";117;"ALCANÇOU"
"PI";220200;"Buriti dos Lopes";119;130;92;"SIM";92;"ALCANÇOU"
"PI";220202;"Buriti dos Montes";52;46;113;"SIM";113;"ALCANÇOU"
"PI";220205;"Cabeceiras do Piauí";50;67;75;"NÃO";75;"NÃO ALCANÇOU"
"PI";220207;"Cajazeiras do Piauí";15;16;94;"SIM";94;"ALCANÇOU"
"PI";220208;"Cajueiro da Praia";40;46;87;"NÃO";87;"NÃO ALCANÇOU"
"PI";220209;"Caldeirão Grande do Piauí";26;29;90;"SIM";90;"ALCANÇOU"
"PI";220210;"Campinas do Piauí";32;32;100;"SIM";100;"ALCANÇOU"
"PI";220211;"Campo Alegre do Fidalgo";37;36;103;"SIM";103;"ALCANÇOU"
"PI";220213;"Campo Grande do Piauí";40;44;91;"SIM";91;"ALCANÇOU"
"PI";220217;"Campo Largo do Piauí";27;33;82;"NÃO";82;"NÃO ALCANÇOU"
"PI";220220;"Campo Maior";356;395;90;"SIM";90;"ALCANÇOU"
"PI";220225;"Canavieira";22;25;88;"NÃO";88;"NÃO ALCANÇOU"
"PI";220230;"Canto do Buriti";164;149;110;"SIM";110;"ALCANÇOU"
"PI";220240;"Capitão de Campos";99;71;139;"SIM";139;"ALCANÇOU"
"PI";220245;"Capitão Gervásio Oliveira";17;30;57;"NÃO";57;"NÃO ALCANÇOU"
"PI";220250;"Caracol";62;53;117;"SIM";117;"ALCANÇOU"
"PI";220253;"Caraúbas do Piauí";41;31;132;"SIM";132;"ALCANÇOU"
"PI";220255;"Caridade do Piauí";30;27;111;"SIM";111;"ALCANÇOU"
"PI";220260;"Castelo do Piauí";153;142;108;"SIM";108;"ALCANÇOU"
"PI";220265;"Caxingó";30;22;136;"SIM";136;"ALCANÇOU"
"PI";220270;"Cocal";166;167;99;"SIM";99;"ALCANÇOU"
"PI";220271;"Cocal de Telha";29;40;73;"NÃO";73;"NÃO ALCANÇOU"
"PI";220272;"Cocal dos Alves";36;47;77;"NÃO";77;"NÃO ALCANÇOU"
"PI";220273;"Coivaras";24;22;109;"SIM";109;"ALCANÇOU"
"PI";220275;"Colônia do Gurguéia";34;37;92;"SIM";92;"ALCANÇOU"
"PI";220277;"Colônia do Piauí";46;58;79;"NÃO";79;"NÃO ALCANÇOU"
"PI";220280;"Conceição do Canindé";31;30;103;"SIM";103;"ALCANÇOU"
"PI";220285;"Coronel José Dias";23;26;88;"NÃO";88;"NÃO ALCANÇOU"
"PI";220290;"Corrente";131;161;81;"NÃO";81;"NÃO ALCANÇOU"
"PI";220300;"Cristalândia do Piauí";25;29;86;"NÃO";86;"NÃO ALCANÇOU"
"PI";220310;"Cristino Castro";61;48;127;"SIM";127;"ALCANÇOU"
"PI";220320;"Curimatá";73;71;103;"SIM";103;"ALCANÇOU"
"PI";220323;"Currais";28;30;93;"SIM";93;"ALCANÇOU"
"PI";220325;"Curralinhos";34;28;121;"SIM";121;"ALCANÇOU"
"PI";220327;"Curral Novo do Piauí";23;26;88;"NÃO";88;"NÃO ALCANÇOU"
"PI";220330;"Demerval Lobão";113;97;116;"SIM";116;"ALCANÇOU"
"PI";220335;"Dirceu Arcoverde";41;33;124;"SIM";124;"ALCANÇOU"
"PI";220340;"Dom Expedito Lopes";67;47;143;"SIM";143;"ALCANÇOU"
"PI";220342;"Domingos Mourão";22;23;96;"SIM";96;"ALCANÇOU"
"PI";220345;"Dom Inocêncio";41;56;73;"NÃO";73;"NÃO ALCANÇOU"
"PI";220350;"Elesbão Veloso";110;117;94;"SIM";94;"ALCANÇOU"
"PI";220360;"Eliseu Martins";33;29;114;"SIM";114;"ALCANÇOU"
"PI";220370;"Esperantina";278;316;88;"NÃO";88;"NÃO ALCANÇOU"
"PI";220375;"Fartura do Piauí";20;35;57;"NÃO";57;"NÃO ALCANÇOU"
"PI";220380;"Flores do Piauí";46;24;192;"SIM";192;"ALCANÇOU"
"PI";220385;"Floresta do Piauí";22;14;157;"SIM";157;"ALCANÇOU"
"PI";220390;"Floriano";468;413;113;"SIM";113;"ALCANÇOU"
"PI";220400;"Francinópolis";37;41;90;"SIM";90;"ALCANÇOU"
"PI";220410;"Francisco Ayres";31;30;103;"SIM";103;"ALCANÇOU"
"PI";220415;"Francisco Macedo";13;21;62;"NÃO";62;"NÃO ALCANÇOU"
"PI";220420;"Francisco Santos";48;57;84;"NÃO";84;"NÃO ALCANÇOU"
"PI";220430;"Fronteiras";43;58;74;"NÃO";74;"NÃO ALCANÇOU"
"PI";220435;"Geminiano";54;31;174;"SIM";174;"ALCANÇOU"
"PI";220440;"Gilbués";69;55;125;"SIM";125;"ALCANÇOU"
"PI";220450;"Guadalupe";74;68;109;"SIM";109;"ALCANÇOU"
"PI";220455;"Guaribas";18;26;69;"NÃO";69;"NÃO ALCANÇOU"
"PI";220460;"Hugo Napoleão";28;21;133;"SIM";133;"ALCANÇOU"
"PI";220465;"Ilha Grande";51;46;111;"SIM";111;"ALCANÇOU"
"PI";220470;"Inhuma";122;128;95;"SIM";95;"ALCANÇOU"
"PI";220480;"Ipiranga do Piauí";92;70;131;"SIM";131;"ALCANÇOU"
"PI";220490;"Isaías Coelho";62;45;138;"SIM";138;"ALCANÇOU"
"PI";220500;"Itainópolis";91;83;110;"SIM";110;"ALCANÇOU"
"PI";220510;"Itaueira";91;74;123;"SIM";123;"ALCANÇOU"
"PI";220515;"Jacobina do Piauí";26;31;84;"NÃO";84;"NÃO ALCANÇOU"
"PI";220520;"Jaicós";116;129;90;"SIM";90;"ALCANÇOU"
"PI";220525;"Jardim do Mulato";33;28;118;"SIM";118;"ALCANÇOU"
"PI";220527;"Jatobá do Piauí";41;32;128;"SIM";128;"ALCANÇOU"
"PI";220530;"Jerumenha";33;32;103;"SIM";103;"ALCANÇOU"
"PI";220535;"João Costa";22;11;200;"SIM";200;"ALCANÇOU"
"PI";220540;"Joaquim Pires";68;63;108;"SIM";108;"ALCANÇOU"
"PI";220545;"Joca Marques";23;33;70;"NÃO";70;"NÃO ALCANÇOU"
"PI";220550;"José de Freitas";290;307;94;"SIM";94;"ALCANÇOU"
"PI";220551;"Juazeiro do Piauí";25;25;100;"SIM";100;"ALCANÇOU"
"PI";220552;"Júlio Borges";32;27;119;"SIM";119;"ALCANÇOU"
"PI";220553;"Jurema";31;29;107;"SIM";107;"ALCANÇOU"
"PI";220554;"Lagoinha do Piauí";22;28;79;"NÃO";79;"NÃO ALCANÇOU"
"PI";220555;"Lagoa Alegre";69;49;141;"SIM";141;"ALCANÇOU"
"PI";220556;"Lagoa do Barro do Piauí";20;37;54;"NÃO";54;"NÃO ALCANÇOU"
"PI";220557;"Lagoa de São Francisco";45;24;188;"SIM";188;"ALCANÇOU"
"PI";220558;"Lagoa do Piauí";28;26;108;"SIM";108;"ALCANÇOU"
"PI";220559;"Lagoa do Sítio";29;21;138;"SIM";138;"ALCANÇOU"
"PI";220560;"Landri Sales";45;31;145;"SIM";145;"ALCANÇOU"
"PI";220570;"Luís Correia";183;195;94;"SIM";94;"ALCANÇOU"
"PI";220580;"Luzilândia";211;179;118;"SIM";118;"ALCANÇOU"
"PI";220585;"Madeiro";34;36;94;"SIM";94;"ALCANÇOU"
"PI";220590;"Manoel Emídio";33;32;103;"SIM";103;"ALCANÇOU"
"PI";220595;"Marcolândia";51;37;138;"SIM";138;"ALCANÇOU"
"PI";220600;"Marcos Parente";47;48;98;"SIM";98;"ALCANÇOU"
"PI";220605;"Massapê do Piauí";48;44;109;"SIM";109;"ALCANÇOU"
"PI";220610;"Matias Olímpio";76;67;113;"SIM";113;"ALCANÇOU"
"PI";220620;"Miguel Alves";204;181;113;"SIM";113;"ALCANÇOU"
"PI";220630;"Miguel Leão";7;7;100;"SIM";100;"ALCANÇOU"
"PI";220635;"Milton Brandão";35;41;85;"NÃO";85;"NÃO ALCANÇOU"
"PI";220640;"Monsenhor Gil";80;70;114;"SIM";114;"ALCANÇOU"
"PI";220650;"Monsenhor Hipólito";71;78;91;"SIM";91;"ALCANÇOU"
"PI";220660;"Monte Alegre do Piauí";58;51;114;"SIM";114;"ALCANÇOU"
"PI";220665;"Morro Cabeça no Tempo";14;31;45;"NÃO";45;"NÃO ALCANÇOU"
"PI";220667;"Morro do Chapéu do Piauí";31;43;72;"NÃO";72;"NÃO ALCANÇOU"
"PI";220669;"Murici dos Portelas";30;46;65;"NÃO";65;"NÃO ALCANÇOU"
"PI";220670;"Nazaré do Piauí";53;51;104;"SIM";104;"ALCANÇOU"
"PI";220672;"Nazária";74;45;164;"SIM";164;"ALCANÇOU"
"PI";220675;"Nossa Senhora de Nazaré";24;45;53;"NÃO";53;"NÃO ALCANÇOU"
"PI";220680;"Nossa Senhora dos Remédios";38;48;79;"NÃO";79;"NÃO ALCANÇOU"
"PI";220690;"Novo Oriente do Piauí";53;46;115;"SIM";115;"ALCANÇOU"
"PI";220695;"Novo Santo Antônio";19;23;83;"NÃO";83;"NÃO ALCANÇOU"
"PI";220700;"Oeiras";303;269;113;"SIM";113;"ALCANÇOU"
"PI";220710;"Olho D'Água do Piauí";24;12;200;"SIM";200;"ALCANÇOU"
"PI";220720;"Padre Marcos";40;54;74;"NÃO";74;"NÃO ALCANÇOU"
"PI";220730;"Paes Landim";30;34;88;"NÃO";88;"NÃO ALCANÇOU"
"PI";220735;"Pajeú do Piauí";17;10;170;"SIM";170;"ALCANÇOU"
"PI";220740;"Palmeira do Piauí";30;37;81;"NÃO";81;"NÃO ALCANÇOU"
"PI";220750;"Palmeirais";94;78;121;"SIM";121;"ALCANÇOU"
"PI";220755;"Paquetá";38;25;152;"SIM";152;"ALCANÇOU"
"PI";220760;"Parnaguá";30;43;70;"NÃO";70;"NÃO ALCANÇOU"
"PI";220770;"Parnaíba";1050;1125;93;"SIM";93;"ALCANÇOU"
"PI";220775;"Passagem Franca do Piauí";27;17;159;"SIM";159;"ALCANÇOU"
"PI";220777;"Patos do Piauí";43;32;134;"SIM";134;"ALCANÇOU"
"PI";220779;"Pau D'Arco do Piauí";17;16;106;"SIM";106;"ALCANÇOU"
"PI";220780;"Paulistana";163;138;118;"SIM";118;"ALCANÇOU"
"PI";220785;"Pavussu";35;18;194;"SIM";194;"ALCANÇOU"
"PI";220790;"Pedro II";315;256;123;"SIM";123;"ALCANÇOU"
"PI";220793;"Pedro Laurentino";16;10;160;"SIM";160;"ALCANÇOU"
"PI";220795;"Nova Santa Rita";18;24;75;"NÃO";75;"NÃO ALCANÇOU"
"PI";220800;"Picos";615;574;107;"SIM";107;"ALCANÇOU"
"PI";220810;"Pimenteiras";51;68;75;"NÃO";75;"NÃO ALCANÇOU"
"PI";220820;"Pio IX";109;116;94;"SIM";94;"ALCANÇOU"
"PI";220830;"Piracuruca";226;212;107;"SIM";107;"ALCANÇOU"
"PI";220840;"Piripiri";587;496;118;"SIM";118;"ALCANÇOU"
"PI";220850;"Porto";63;59;107;"SIM";107;"ALCANÇOU"
"PI";220855;"Porto Alegre do Piauí";12;13;92;"SIM";92;"ALCANÇOU"
"PI";220860;"Prata do Piauí";14;21;67;"NÃO";67;"NÃO ALCANÇOU"
"PI";220865;"Queimada Nova";55;53;104;"SIM";104;"ALCANÇOU"
"PI";220870;"Redenção do Gurguéia";55;46;120;"SIM";120;"ALCANÇOU"
"PI";220880;"Regeneração";118;130;91;"SIM";91;"ALCANÇOU"
"PI";220885;"Riacho Frio";14;28;50;"NÃO";50;"NÃO ALCANÇOU"
"PI";220887;"Ribeira do Piauí";23;27;85;"NÃO";85;"NÃO ALCANÇOU"
"PI";220890;"Ribeiro Gonçalves";24;45;53;"NÃO";53;"NÃO ALCANÇOU"
"PI";220900;"Rio Grande do Piauí";54;52;104;"SIM";104;"ALCANÇOU"
"PI";220910;"Santa Cruz do Piauí";34;39;87;"NÃO";87;"NÃO ALCANÇOU"
"PI";220915;"Santa Cruz dos Milagres";26;18;144;"SIM";144;"ALCANÇOU"
"PI";220920;"Santa Filomena";34;33;103;"SIM";103;"ALCANÇOU"
"PI";220930;"Santa Luz";25;34;74;"NÃO";74;"NÃO ALCANÇOU"
"PI";220935;"Santana do Piauí";36;22;164;"SIM";164;"ALCANÇOU"
"PI";220937;"Santa Rosa do Piauí";34;47;72;"NÃO";72;"NÃO ALCANÇOU"
"PI";220940;"Santo Antônio de Lisboa";61;50;122;"SIM";122;"ALCANÇOU"
"PI";220945;"Santo Antônio dos Milagres";8;10;80;"NÃO";80;"NÃO ALCANÇOU"
"PI";220950;"Santo Inácio do Piauí";22;27;81;"NÃO";81;"NÃO ALCANÇOU"
"PI";220955;"São Braz do Piauí";22;28;79;"NÃO";79;"NÃO ALCANÇOU"
"PI";220960;"São Félix do Piauí";28;16;175;"SIM";175;"ALCANÇOU"
"PI";220965;"São Francisco de Assis do Piauí";35;28;125;"SIM";125;"ALCANÇOU"
"PI";220970;"São Francisco do Piauí";49;46;107;"SIM";107;"ALCANÇOU"
"PI";220975;"São Gonçalo do Gurguéia";10;10;100;"SIM";100;"ALCANÇOU"
"PI";220980;"São Gonçalo do Piauí";36;34;106;"SIM";106;"ALCANÇOU"
"PI";220985;"São João da Canabrava";37;36;103;"SIM";103;"ALCANÇOU"
"PI";220987;"São João da Fronteira";32;32;100;"SIM";100;"ALCANÇOU"
"PI";220990;"São João da Serra";52;62;84;"NÃO";84;"NÃO ALCANÇOU"
"PI";220995;"São João da Varjota";34;39;87;"NÃO";87;"NÃO ALCANÇOU"
"PI";220997;"São João do Arraial";51;47;109;"SIM";109;"ALCANÇOU"
"PI";221000;"São João do Piauí";140;119;118;"SIM";118;"ALCANÇOU"
"PI";221005;"São José do Divino";32;35;91;"SIM";91;"ALCANÇOU"
"PI";221010;"São José do Peixe";14;23;61;"NÃO";61;"NÃO ALCANÇOU"
"PI";221020;"São José do Piauí";41;62;66;"NÃO";66;"NÃO ALCANÇOU"
"PI";221030;"São Julião";37;43;86;"NÃO";86;"NÃO ALCANÇOU"
"PI";221035;"São Lourenço do Piauí";30;29;103;"SIM";103;"ALCANÇOU"
"PI";221037;"São Luis do Piauí";27;18;150;"SIM";150;"ALCANÇOU"
"PI";221038;"São Miguel da Baixa Grande";12;18;67;"NÃO";67;"NÃO ALCANÇOU"
"PI";221039;"São Miguel do Fidalgo";22;22;100;"SIM";100;"ALCANÇOU"
"PI";221040;"São Miguel do Tapuio";111;103;108;"SIM";108;"ALCANÇOU"
"PI";221050;"São Pedro do Piauí";115;92;125;"SIM";125;"ALCANÇOU"
"PI";221060;"São Raimundo Nonato";254;249;102;"SIM";102;"ALCANÇOU"
"PI";221062;"Sebastião Barros";18;13;138;"SIM";138;"ALCANÇOU"
"PI";221063;"Sebastião Leal";23;33;70;"NÃO";70;"NÃO ALCANÇOU"
"PI";221065;"Sigefredo Pacheco";58;62;94;"SIM";94;"ALCANÇOU"
"PI";221070;"Simões";79;86;92;"SIM";92;"ALCANÇOU"
"PI";221080;"Simplício Mendes";65;80;81;"NÃO";81;"NÃO ALCANÇOU"
"PI";221090;"Socorro do Piauí";25;22;114;"SIM";114;"ALCANÇOU"
"PI";221093;"Sussuapara";53;52;102;"SIM";102;"ALCANÇOU"
"PI";221095;"Tamboril do Piauí";20;10;200;"SIM";200;"ALCANÇOU"
"PI";221097;"Tanque do Piauí";15;18;83;"NÃO";83;"NÃO ALCANÇOU"
"PI";221100;"Teresina";5599;5479;102;"SIM";102;"ALCANÇOU"
"PI";221110;"União";282;284;99;"SIM";99;"ALCANÇOU"
"PI";221120;"Uruçuí";159;171;93;"SIM";93;"ALCANÇOU"
"PI";221130;"Valença do Piauí";185;154;120;"SIM";120;"ALCANÇOU"
"PI";221135;"Várzea Branca";22;30;73;"NÃO";73;"NÃO ALCANÇOU"
"PI";221140;"Várzea Grande";23;17;135;"SIM";135;"ALCANÇOU"
"PI";221150;"Vera Mendes";41;14;293;"SIM";293;"ALCANÇOU"
"PI";221160;"Vila Nova do Piauí";22;15;147;"SIM";147;"ALCANÇOU"
"PI";221170;"Wall Ferraz";36;25;144;"SIM";144;"ALCANÇOU"
"CE";230010;"Abaiara";76;62;123;"SIM";123;"ALCANÇOU"
"CE";230015;"Acarape";117;70;167;"SIM";167;"ALCANÇOU"
"CE";230020;"Acaraú";403;389;104;"SIM";104;"ALCANÇOU"
"CE";230030;"Acopiara";435;417;104;"SIM";104;"ALCANÇOU"
"CE";230040;"Aiuaba";80;88;91;"SIM";91;"ALCANÇOU"
"CE";230050;"Alcântaras";72;59;122;"SIM";122;"ALCANÇOU"
"CE";230060;"Altaneira";66;56;118;"SIM";118;"ALCANÇOU"
"CE";230070;"Alto Santo";104;115;90;"SIM";90;"ALCANÇOU"
"CE";230075;"Amontada";277;283;98;"SIM";98;"ALCANÇOU"
"CE";230080;"Antonina do Norte";71;40;178;"SIM";178;"ALCANÇOU"
"CE";230090;"Apuiarés";99;96;103;"SIM";103;"ALCANÇOU"
"CE";230100;"Aquiraz";556;509;109;"SIM";109;"ALCANÇOU"
"CE";230110;"Aracati";496;458;108;"SIM";108;"ALCANÇOU"
"CE";230120;"Aracoiaba";170;182;93;"SIM";93;"ALCANÇOU"
"CE";230125;"Ararendá";96;86;112;"SIM";112;"ALCANÇOU"
"CE";230130;"Araripe";178;129;138;"SIM";138;"ALCANÇOU"
"CE";230140;"Aratuba";93;82;113;"SIM";113;"ALCANÇOU"
"CE";230150;"Arneiroz";44;47;94;"SIM";94;"ALCANÇOU"
"CE";230160;"Assaré";207;175;118;"SIM";118;"ALCANÇOU"
"CE";230170;"Aurora";213;198;108;"SIM";108;"ALCANÇOU"
"CE";230180;"Baixio";47;39;121;"SIM";121;"ALCANÇOU"
"CE";230185;"Banabuiú";104;96;108;"SIM";108;"ALCANÇOU"
"CE";230190;"Barbalha";530;440;120;"SIM";120;"ALCANÇOU"
"CE";230195;"Barreira";121;153;79;"NÃO";79;"NÃO ALCANÇOU"
"CE";230200;"Barro";169;139;122;"SIM";122;"ALCANÇOU"
"CE";230205;"Barroquinha";127;117;109;"SIM";109;"ALCANÇOU"
"CE";230210;"Baturité";228;190;120;"SIM";120;"ALCANÇOU"
"CE";230220;"Beberibe";372;409;91;"SIM";91;"ALCANÇOU"
"CE";230230;"Bela Cruz";224;186;120;"SIM";120;"ALCANÇOU"
"CE";230240;"Boa Viagem";399;391;102;"SIM";102;"ALCANÇOU"
"CE";230250;"Brejo Santo";358;320;112;"SIM";112;"ALCANÇOU"
"CE";230260;"Camocim";441;409;108;"SIM";108;"ALCANÇOU"
"CE";230270;"Campos Sales";211;177;119;"SIM";119;"ALCANÇOU"
"CE";230280;"Canindé";589;476;124;"SIM";124;"ALCANÇOU"
"CE";230290;"Capistrano";105;102;103;"SIM";103;"ALCANÇOU"
"CE";230300;"Caridade";129;100;129;"SIM";129;"ALCANÇOU"
"CE";230310;"Cariré";151;131;115;"SIM";115;"ALCANÇOU"
"CE";230320;"Caririaçu";200;166;120;"SIM";120;"ALCANÇOU"
"CE";230330;"Cariús";137;133;103;"SIM";103;"ALCANÇOU"
"CE";230340;"Carnaubal";152;110;138;"SIM";138;"ALCANÇOU"
"CE";230350;"Cascavel";587;535;110;"SIM";110;"ALCANÇOU"
"CE";230360;"Catarina";99;97;102;"SIM";102;"ALCANÇOU"
"CE";230365;"Catunda";76;62;123;"SIM";123;"ALCANÇOU"
"CE";230370;"Caucaia";2245;2151;104;"SIM";104;"ALCANÇOU"
"CE";230380;"Cedro";171;205;83;"NÃO";83;"NÃO ALCANÇOU"
"CE";230390;"Chaval";97;97;100;"SIM";100;"ALCANÇOU"
"CE";230393;"Choró";90;57;158;"SIM";158;"ALCANÇOU"
"CE";230395;"Chorozinho";98;141;70;"NÃO";70;"NÃO ALCANÇOU"
"CE";230400;"Coreaú";166;142;117;"SIM";117;"ALCANÇOU"
"CE";230410;"Crateús";641;617;104;"SIM";104;"ALCANÇOU"
"CE";230420;"Crato";1000;963;104;"SIM";104;"ALCANÇOU"
"CE";230423;"Croatá";131;156;84;"NÃO";84;"NÃO ALCANÇOU"
"CE";230425;"Cruz";202;149;136;"SIM";136;"ALCANÇOU"
"CE";230426;"Deputado Irapuan Pinheiro";73;73;100;"SIM";100;"ALCANÇOU"
"CE";230427;"Ererê";35;32;109;"SIM";109;"ALCANÇOU"
"CE";230428;"Eusébio";391;348;112;"SIM";112;"ALCANÇOU"
"CE";230430;"Farias Brito";181;148;122;"SIM";122;"ALCANÇOU"
"CE";230435;"Forquilha";169;166;102;"SIM";102;"ALCANÇOU"
"CE";230440;"Fortaleza";17262;16106;107;"SIM";107;"ALCANÇOU"
"CE";230445;"Fortim";122;105;116;"SIM";116;"ALCANÇOU"
"CE";230450;"Frecheirinha";98;89;110;"SIM";110;"ALCANÇOU"
"CE";230460;"General Sampaio";45;61;74;"NÃO";74;"NÃO ALCANÇOU"
"CE";230465;"Graça";127;114;111;"SIM";111;"ALCANÇOU"
"CE";230470;"Granja";323;344;94;"SIM";94;"ALCANÇOU"
"CE";230480;"Granjeiro";34;25;136;"SIM";136;"ALCANÇOU"
"CE";230490;"Groaíras";91;107;85;"NÃO";85;"NÃO ALCANÇOU"
"CE";230495;"Guaiúba";143;145;99;"SIM";99;"ALCANÇOU"
"CE";230500;"Guaraciaba do Norte";318;294;108;"SIM";108;"ALCANÇOU"
"CE";230510;"Guaramiranga";36;37;97;"SIM";97;"ALCANÇOU"
"CE";230520;"Hidrolândia";155;128;121;"SIM";121;"ALCANÇOU"
"CE";230523;"Horizonte";441;433;102;"SIM";102;"ALCANÇOU"
"CE";230526;"Ibaretama";77;80;96;"SIM";96;"ALCANÇOU"
"CE";230530;"Ibiapina";197;178;111;"SIM";111;"ALCANÇOU"
"CE";230533;"Ibicuitinga";78;80;98;"SIM";98;"ALCANÇOU"
"CE";230535;"Icapuí";136;123;111;"SIM";111;"ALCANÇOU"
"CE";230540;"Icó";522;477;109;"SIM";109;"ALCANÇOU"
"CE";230550;"Iguatu";819;816;100;"SIM";100;"ALCANÇOU"
"CE";230560;"Independência";213;211;101;"SIM";101;"ALCANÇOU"
"CE";230565;"Ipaporanga";110;85;129;"SIM";129;"ALCANÇOU"
"CE";230570;"Ipaumirim";88;64;138;"SIM";138;"ALCANÇOU"
"CE";230580;"Ipu";278;311;89;"NÃO";89;"NÃO ALCANÇOU"
"CE";230590;"Ipueiras";300;298;101;"SIM";101;"ALCANÇOU"
"CE";230600;"Iracema";97;103;94;"SIM";94;"ALCANÇOU"
"CE";230610;"Irauçuba";157;157;100;"SIM";100;"ALCANÇOU"
"CE";230620;"Itaiçaba";49;56;88;"NÃO";88;"NÃO ALCANÇOU"
"CE";230625;"Itaitinga";318;245;130;"SIM";130;"ALCANÇOU"
"CE";230630;"Itapagé";350;276;127;"SIM";127;"ALCANÇOU"
"CE";230640;"Itapipoca";761;711;107;"SIM";107;"ALCANÇOU"
"CE";230650;"Itapiúna";104;121;86;"NÃO";86;"NÃO ALCANÇOU"
"CE";230655;"Itarema";269;245;110;"SIM";110;"ALCANÇOU"
"CE";230660;"Itatira";163;144;113;"SIM";113;"ALCANÇOU"
"CE";230670;"Jaguaretama";144;124;116;"SIM";116;"ALCANÇOU"
"CE";230680;"Jaguaribara";76;66;115;"SIM";115;"ALCANÇOU"
"CE";230690;"Jaguaribe";269;284;95;"SIM";95;"ALCANÇOU"
"CE";230700;"Jaguaruana";224;198;113;"SIM";113;"ALCANÇOU"
"CE";230710;"Jardim";212;194;109;"SIM";109;"ALCANÇOU"
"CE";230720;"Jati";71;46;154;"SIM";154;"ALCANÇOU"
"CE";230725;"Jijoca de Jericoacoara";122;149;82;"NÃO";82;"NÃO ALCANÇOU"
"CE";230730;"Juazeiro do Norte";2100;1843;114;"SIM";114;"ALCANÇOU"
"CE";230740;"Jucás";208;183;114;"SIM";114;"ALCANÇOU"
"CE";230750;"Lavras da Mangabeira";271;222;122;"SIM";122;"ALCANÇOU"
"CE";230760;"Limoeiro do Norte";438;418;105;"SIM";105;"ALCANÇOU"
"CE";230763;"Madalena";138;99;139;"SIM";139;"ALCANÇOU"
"CE";230765;"Maracanaú";1546;1385;112;"SIM";112;"ALCANÇOU"
"CE";230770;"Maranguape";731;679;108;"SIM";108;"ALCANÇOU"
"CE";230780;"Marco";175;175;100;"SIM";100;"ALCANÇOU"
"CE";230790;"Martinópole";79;49;161;"SIM";161;"ALCANÇOU"
"CE";230800;"Massapê";272;236;115;"SIM";115;"ALCANÇOU"
"CE";230810;"Mauriti";308;297;104;"SIM";104;"ALCANÇOU"
"CE";230820;"Meruoca";92;100;92;"SIM";92;"ALCANÇOU"
"CE";230830;"Milagres";215;191;113;"SIM";113;"ALCANÇOU"
"CE";230835;"Milhã";102;78;131;"SIM";131;"ALCANÇOU"
"CE";230837;"Miraíma";75;87;86;"NÃO";86;"NÃO ALCANÇOU"
"CE";230840;"Missão Velha";284;222;128;"SIM";128;"ALCANÇOU"
"CE";230850;"Mombaça";338;301;112;"SIM";112;"ALCANÇOU"
"CE";230860;"Monsenhor Tabosa";133;143;93;"SIM";93;"ALCANÇOU"
"CE";230870;"Morada Nova";518;465;111;"SIM";111;"ALCANÇOU"
"CE";230880;"Moraújo";57;52;110;"SIM";110;"ALCANÇOU"
"CE";230890;"Morrinhos";121;112;108;"SIM";108;"ALCANÇOU"
"CE";230900;"Mucambo";136;116;117;"SIM";117;"ALCANÇOU"
"CE";230910;"Mulungu";51;62;82;"NÃO";82;"NÃO ALCANÇOU"
"CE";230920;"Nova Olinda";126;95;133;"SIM";133;"ALCANÇOU"
"CE";230930;"Nova Russas";241;265;91;"SIM";91;"ALCANÇOU"
"CE";230940;"Novo Oriente";223;224;100;"SIM";100;"ALCANÇOU"
"CE";230945;"Ocara";138;162;85;"NÃO";85;"NÃO ALCANÇOU"
"CE";230950;"Orós";214;198;108;"SIM";108;"ALCANÇOU"
"CE";230960;"Pacajus";433;466;93;"SIM";93;"ALCANÇOU"
"CE";230970;"Pacatuba";419;511;82;"NÃO";82;"NÃO ALCANÇOU"
"CE";230980;"Pacoti";71;81;88;"NÃO";88;"NÃO ALCANÇOU"
"CE";230990;"Pacujá";47;33;142;"SIM";142;"ALCANÇOU"
"CE";231000;"Palhano";74;70;106;"SIM";106;"ALCANÇOU"
"CE";231010;"Palmácia";66;51;129;"SIM";129;"ALCANÇOU"
"CE";231020;"Paracuru";276;293;94;"SIM";94;"ALCANÇOU"
"CE";231025;"Paraipaba";242;201;120;"SIM";120;"ALCANÇOU"
"CE";231030;"Parambu";250;254;98;"SIM";98;"ALCANÇOU"
"CE";231040;"Paramoti";72;79;91;"SIM";91;"ALCANÇOU"
"CE";231050;"Pedra Branca";322;314;103;"SIM";103;"ALCANÇOU"
"CE";231060;"Penaforte";79;53;149;"SIM";149;"ALCANÇOU"
"CE";231070;"Pentecoste";277;246;113;"SIM";113;"ALCANÇOU"
"CE";231080;"Pereiro";110;113;97;"SIM";97;"ALCANÇOU"
"CE";231085;"Pindoretama";187;126;148;"SIM";148;"ALCANÇOU"
"CE";231090;"Piquet Carneiro";140;127;110;"SIM";110;"ALCANÇOU"
"CE";231095;"Pires Ferreira";63;48;131;"SIM";131;"ALCANÇOU"
"CE";231100;"Poranga";70;81;86;"NÃO";86;"NÃO ALCANÇOU"
"CE";231110;"Porteiras";126;105;120;"SIM";120;"ALCANÇOU"
"CE";231120;"Potengi";57;50;114;"SIM";114;"ALCANÇOU"
"CE";231123;"Potiretama";42;40;105;"SIM";105;"ALCANÇOU"
"CE";231126;"Quiterianópolis";119;150;79;"NÃO";79;"NÃO ALCANÇOU"
"CE";231130;"Quixadá";605;519;117;"SIM";117;"ALCANÇOU"
"CE";231135;"Quixelô";165;139;119;"SIM";119;"ALCANÇOU"
"CE";231140;"Quixeramobim";538;522;103;"SIM";103;"ALCANÇOU"
"CE";231150;"Quixeré";149;105;142;"SIM";142;"ALCANÇOU"
"CE";231160;"Redenção";208;176;118;"SIM";118;"ALCANÇOU"
"CE";231170;"Reriutaba";169;141;120;"SIM";120;"ALCANÇOU"
"CE";231180;"Russas";553;439;126;"SIM";126;"ALCANÇOU"
"CE";231190;"Saboeiro";112;108;104;"SIM";104;"ALCANÇOU"
"CE";231195;"Salitre";121;108;112;"SIM";112;"ALCANÇOU"
"CE";231200;"Santana do Acaraú";183;165;111;"SIM";111;"ALCANÇOU"
"CE";231210;"Santana do Cariri";92;98;94;"SIM";94;"ALCANÇOU"
"CE";231220;"Santa Quitéria";275;297;93;"SIM";93;"ALCANÇOU"
"CE";231230;"São Benedito";393;347;113;"SIM";113;"ALCANÇOU"
"CE";231240;"São Gonçalo do Amarante";348;372;94;"SIM";94;"ALCANÇOU"
"CE";231250;"São João do Jaguaribe";63;70;90;"SIM";90;"ALCANÇOU"
"CE";231260;"São Luís do Curu";94;84;112;"SIM";112;"ALCANÇOU"
"CE";231270;"Senador Pompeu";241;203;119;"SIM";119;"ALCANÇOU"
"CE";231280;"Senador Sá";44;51;86;"NÃO";86;"NÃO ALCANÇOU"
"CE";231290;"Sobral";1377;1291;107;"SIM";107;"ALCANÇOU"
"CE";231300;"Solonópole";160;133;120;"SIM";120;"ALCANÇOU"
"CE";231310;"Tabuleiro do Norte";255;189;135;"SIM";135;"ALCANÇOU"
"CE";231320;"Tamboril";223;234;95;"SIM";95;"ALCANÇOU"
"CE";231325;"Tarrafas";52;48;108;"SIM";108;"ALCANÇOU"
"CE";231330;"Tauá";477;423;113;"SIM";113;"ALCANÇOU"
"CE";231335;"Tejuçuoca";109;101;108;"SIM";108;"ALCANÇOU"
"CE";231340;"Tianguá";532;519;103;"SIM";103;"ALCANÇOU"
"CE";231350;"Trairi";337;373;90;"SIM";90;"ALCANÇOU"
"CE";231355;"Tururu";121;105;115;"SIM";115;"ALCANÇOU"
"CE";231360;"Ubajara";225;211;107;"SIM";107;"ALCANÇOU"
"CE";231370;"Umari";60;59;102;"SIM";102;"ALCANÇOU"
"CE";231375;"Umirim";140;94;149;"SIM";149;"ALCANÇOU"
"CE";231380;"Uruburetama";152;126;121;"SIM";121;"ALCANÇOU"
"CE";231390;"Uruoca";80;69;116;"SIM";116;"ALCANÇOU"
"CE";231395;"Varjota";170;130;131;"SIM";131;"ALCANÇOU"
"CE";231400;"Várzea Alegre";347;317;109;"SIM";109;"ALCANÇOU"
"CE";231410;"Viçosa do Ceará";408;391;104;"SIM";104;"ALCANÇOU"
"RN";240010;"Acari";66;60;110;"SIM";110;"ALCANÇOU"
"RN";240020;"Açu";375;388;97;"SIM";97;"ALCANÇOU"
"RN";240030;"Afonso Bezerra";58;51;114;"SIM";114;"ALCANÇOU"
"RN";240040;"Água Nova";21;19;111;"SIM";111;"ALCANÇOU"
"RN";240050;"Alexandria";107;101;106;"SIM";106;"ALCANÇOU"
"RN";240060;"Almino Afonso";34;24;142;"SIM";142;"ALCANÇOU"
"RN";240070;"Alto do Rodrigues";86;71;121;"SIM";121;"ALCANÇOU"
"RN";240080;"Angicos";62;94;66;"NÃO";66;"NÃO ALCANÇOU"
"RN";240090;"Antônio Martins";60;62;97;"SIM";97;"ALCANÇOU"
"RN";240100;"Apodi";196;208;94;"SIM";94;"ALCANÇOU"
"RN";240110;"Areia Branca";209;225;93;"SIM";93;"ALCANÇOU"
"RN";240120;"Arês";73;78;94;"SIM";94;"ALCANÇOU"
"RN";240130;"Augusto Severo";51;53;96;"SIM";96;"ALCANÇOU"
"RN";240140;"Baía Formosa";57;45;127;"SIM";127;"ALCANÇOU"
"RN";240145;"Baraúna";164;148;111;"SIM";111;"ALCANÇOU"
"RN";240150;"Barcelona";34;14;243;"SIM";243;"ALCANÇOU"
"RN";240160;"Bento Fernandes";21;25;84;"NÃO";84;"NÃO ALCANÇOU"
"RN";240165;"Bodó";25;18;139;"SIM";139;"ALCANÇOU"
"RN";240170;"Bom Jesus";84;68;124;"SIM";124;"ALCANÇOU"
"RN";240180;"Brejinho";56;77;73;"NÃO";73;"NÃO ALCANÇOU"
"RN";240185;"Caiçara do Norte";35;28;125;"SIM";125;"ALCANÇOU"
"RN";240190;"Caiçara do Rio do Vento";26;29;90;"SIM";90;"ALCANÇOU"
"RN";240200;"Caicó";451;533;85;"NÃO";85;"NÃO ALCANÇOU"
"RN";240210;"Campo Redondo";44;62;71;"NÃO";71;"NÃO ALCANÇOU"
"RN";240220;"Canguaretama";160;191;84;"NÃO";84;"NÃO ALCANÇOU"
"RN";240230;"Caraúbas";167;174;96;"SIM";96;"ALCANÇOU"
"RN";240240;"Carnaúba dos Dantas";54;39;138;"SIM";138;"ALCANÇOU"
"RN";240250;"Carnaubais";65;49;133;"SIM";133;"ALCANÇOU"
"RN";240260;"Ceará-Mirim";520;408;127;"SIM";127;"ALCANÇOU"
"RN";240270;"Cerro Corá";97;58;167;"SIM";167;"ALCANÇOU"
"RN";240280;"Coronel Ezequiel";32;21;152;"SIM";152;"ALCANÇOU"
"RN";240290;"Coronel João Pessoa";24;25;96;"SIM";96;"ALCANÇOU"
"RN";240300;"Cruzeta";84;73;115;"SIM";115;"ALCANÇOU"
"RN";240310;"Currais Novos";323;324;100;"SIM";100;"ALCANÇOU"
"RN";240320;"Doutor Severiano";53;33;161;"SIM";161;"ALCANÇOU"
"RN";240325;"Parnamirim";1380;1326;104;"SIM";104;"ALCANÇOU"
"RN";240330;"Encanto";43;41;105;"SIM";105;"ALCANÇOU"
"RN";240340;"Equador";47;22;214;"SIM";214;"ALCANÇOU"
"RN";240350;"Espírito Santo";54;37;146;"SIM";146;"ALCANÇOU"
"RN";240360;"Extremoz";334;252;133;"SIM";133;"ALCANÇOU"
"RN";240370;"Felipe Guerra";35;54;65;"NÃO";65;"NÃO ALCANÇOU"
"RN";240375;"Fernando Pedroza";22;18;122;"SIM";122;"ALCANÇOU"
"RN";240380;"Florânia";74;57;130;"SIM";130;"ALCANÇOU"
"RN";240390;"Francisco Dantas";20;19;105;"SIM";105;"ALCANÇOU"
"RN";240400;"Frutuoso Gomes";30;39;77;"NÃO";77;"NÃO ALCANÇOU"
"RN";240410;"Galinhos";5;6;83;"NÃO";83;"NÃO ALCANÇOU"
"RN";240420;"Goianinha";165;166;99;"SIM";99;"ALCANÇOU"
"RN";240430;"Governador Dix-Sept Rosado";87;86;101;"SIM";101;"ALCANÇOU"
"RN";240440;"Grossos";74;50;148;"SIM";148;"ALCANÇOU"
"RN";240450;"Guamaré";82;80;103;"SIM";103;"ALCANÇOU"
"RN";240460;"Ielmo Marinho";59;78;76;"NÃO";76;"NÃO ALCANÇOU"
"RN";240470;"Ipanguaçu";45;76;59;"NÃO";59;"NÃO ALCANÇOU"
"RN";240480;"Ipueira";18;8;225;"SIM";225;"ALCANÇOU"
"RN";240485;"Itajá";39;47;83;"NÃO";83;"NÃO ALCANÇOU"
"RN";240490;"Itaú";32;33;97;"SIM";97;"ALCANÇOU"
"RN";240500;"Jaçanã";53;54;98;"SIM";98;"ALCANÇOU"
"RN";240510;"Jandaíra";32;32;100;"SIM";100;"ALCANÇOU"
"RN";240520;"Janduís";16;23;70;"NÃO";70;"NÃO ALCANÇOU"
"RN";240530;"Januário Cicco";61;61;100;"SIM";100;"ALCANÇOU"
"RN";240540;"Japi";44;13;338;"SIM";338;"ALCANÇOU"
"RN";240550;"Jardim de Angicos";20;19;105;"SIM";105;"ALCANÇOU"
"RN";240560;"Jardim de Piranhas";96;85;113;"SIM";113;"ALCANÇOU"
"RN";240570;"Jardim do Seridó";102;111;92;"SIM";92;"ALCANÇOU"
"RN";240580;"João Câmara";234;172;136;"SIM";136;"ALCANÇOU"
"RN";240590;"João Dias";10;8;125;"SIM";125;"ALCANÇOU"
"RN";240600;"José da Penha";48;60;80;"NÃO";80;"NÃO ALCANÇOU"
"RN";240610;"Jucurutu";121;142;85;"NÃO";85;"NÃO ALCANÇOU"
"RN";240615;"Jundiá";19;18;106;"SIM";106;"ALCANÇOU"
"RN";240620;"Lagoa d'Anta";14;30;47;"NÃO";47;"NÃO ALCANÇOU"
"RN";240630;"Lagoa de Pedras";31;43;72;"NÃO";72;"NÃO ALCANÇOU"
"RN";240640;"Lagoa de Velhos";15;6;250;"SIM";250;"ALCANÇOU"
"RN";240650;"Lagoa Nova";84;92;91;"SIM";91;"ALCANÇOU"
"RN";240660;"Lagoa Salgada";35;47;74;"NÃO";74;"NÃO ALCANÇOU"
"RN";240670;"Lajes";55;77;71;"NÃO";71;"NÃO ALCANÇOU"
"RN";240680;"Lajes Pintadas";31;32;97;"SIM";97;"ALCANÇOU"
"RN";240690;"Lucrécia";21;22;95;"SIM";95;"ALCANÇOU"
"RN";240700;"Luís Gomes";67;73;92;"SIM";92;"ALCANÇOU"
"RN";240710;"Macaíba";449;510;88;"NÃO";88;"NÃO ALCANÇOU"
"RN";240720;"Macau";184;199;92;"SIM";92;"ALCANÇOU"
"RN";240725;"Major Sales";42;19;221;"SIM";221;"ALCANÇOU"
"RN";240730;"Marcelino Vieira";54;46;117;"SIM";117;"ALCANÇOU"
"RN";240740;"Martins";68;57;119;"SIM";119;"ALCANÇOU"
"RN";240750;"Maxaranguape";57;57;100;"SIM";100;"ALCANÇOU"
"RN";240760;"Messias Targino";25;25;100;"SIM";100;"ALCANÇOU"
"RN";240770;"Montanhas";84;71;118;"SIM";118;"ALCANÇOU"
"RN";240780;"Monte Alegre";56;144;39;"NÃO";39;"NÃO ALCANÇOU"
"RN";240790;"Monte das Gameleiras";15;9;167;"SIM";167;"ALCANÇOU"
"RN";240800;"Mossoró";1869;1779;105;"SIM";105;"ALCANÇOU"
"RN";240810;"Natal";5616;5564;101;"SIM";101;"ALCANÇOU"
"RN";240820;"Nísia Floresta";164;176;93;"SIM";93;"ALCANÇOU"
"RN";240830;"Nova Cruz";278;259;107;"SIM";107;"ALCANÇOU"
"RN";240840;"Olho-d'Água do Borges";31;36;86;"NÃO";86;"NÃO ALCANÇOU"
"RN";240850;"Ouro Branco";54;37;146;"SIM";146;"ALCANÇOU"
"RN";240860;"Paraná";33;21;157;"SIM";157;"ALCANÇOU"
"RN";240870;"Paraú";27;16;169;"SIM";169;"ALCANÇOU"
"RN";240880;"Parazinho";43;34;126;"SIM";126;"ALCANÇOU"
"RN";240890;"Parelhas";184;137;134;"SIM";134;"ALCANÇOU"
"RN";240895;"Rio do Fogo";54;47;115;"SIM";115;"ALCANÇOU"
"RN";240910;"Passa e Fica";30;86;35;"NÃO";35;"NÃO ALCANÇOU"
"RN";240920;"Passagem";21;9;233;"SIM";233;"ALCANÇOU"
"RN";240930;"Patu";62;72;86;"NÃO";86;"NÃO ALCANÇOU"
"RN";240933;"Santa Maria";22;29;76;"NÃO";76;"NÃO ALCANÇOU"
"RN";240940;"Pau dos Ferros";210;239;88;"NÃO";88;"NÃO ALCANÇOU"
"RN";240950;"Pedra Grande";20;20;100;"SIM";100;"ALCANÇOU"
"RN";240960;"Pedra Preta";20;16;125;"SIM";125;"ALCANÇOU"
"RN";240970;"Pedro Avelino";27;18;150;"SIM";150;"ALCANÇOU"
"RN";240980;"Pedro Velho";100;93;108;"SIM";108;"ALCANÇOU"
"RN";240990;"Pendências";93;78;119;"SIM";119;"ALCANÇOU"
"RN";241000;"Pilões";25;26;96;"SIM";96;"ALCANÇOU"
"RN";241010;"Poço Branco";63;87;72;"NÃO";72;"NÃO ALCANÇOU"
"RN";241020;"Portalegre";41;62;66;"NÃO";66;"NÃO ALCANÇOU"
"RN";241025;"Porto do Mangue";28;31;90;"SIM";90;"ALCANÇOU"
"RN";241030;"Serra Caiada";53;62;85;"NÃO";85;"NÃO ALCANÇOU"
"RN";241040;"Pureza";31;46;67;"NÃO";67;"NÃO ALCANÇOU"
"RN";241050;"Rafael Fernandes";22;27;81;"NÃO";81;"NÃO ALCANÇOU"
"RN";241060;"Rafael Godeiro";18;19;95;"SIM";95;"ALCANÇOU"
"RN";241070;"Riacho da Cruz";18;21;86;"NÃO";86;"NÃO ALCANÇOU"
"RN";241080;"Riacho de Santana";43;25;172;"SIM";172;"ALCANÇOU"
"RN";241090;"Riachuelo";32;35;91;"SIM";91;"ALCANÇOU"
"RN";241100;"Rodolfo Fernandes";38;41;93;"SIM";93;"ALCANÇOU"
"RN";241105;"Tibau";44;23;191;"SIM";191;"ALCANÇOU"
"RN";241110;"Ruy Barbosa";18;16;113;"SIM";113;"ALCANÇOU"
"RN";241120;"Santa Cruz";261;230;113;"SIM";113;"ALCANÇOU"
"RN";241140;"Santana do Matos";88;71;124;"SIM";124;"ALCANÇOU"
"RN";241142;"Santana do Seridó";18;12;150;"SIM";150;"ALCANÇOU"
"RN";241150;"Santo Antônio";143;129;111;"SIM";111;"ALCANÇOU"
"RN";241160;"São Bento do Norte";26;21;124;"SIM";124;"ALCANÇOU"
"RN";241170;"São Bento do Trairí";16;19;84;"NÃO";84;"NÃO ALCANÇOU"
"RN";241180;"São Fernando";28;25;112;"SIM";112;"ALCANÇOU"
"RN";241190;"São Francisco do Oeste";33;23;143;"SIM";143;"ALCANÇOU"
"RN";241200;"São Gonçalo do Amarante";596;649;92;"SIM";92;"ALCANÇOU"
"RN";241210;"São João do Sabugi";66;41;161;"SIM";161;"ALCANÇOU"
"RN";241220;"São José de Mipibu";253;276;92;"SIM";92;"ALCANÇOU"
"RN";241230;"São José do Campestre";83;79;105;"SIM";105;"ALCANÇOU"
"RN";241240;"São José do Seridó";35;24;146;"SIM";146;"ALCANÇOU"
"RN";241250;"São Miguel";134;194;69;"NÃO";69;"NÃO ALCANÇOU"
"RN";241255;"São Miguel do Gostoso";45;63;71;"NÃO";71;"NÃO ALCANÇOU"
"RN";241260;"São Paulo do Potengi";95;110;86;"NÃO";86;"NÃO ALCANÇOU"
"RN";241270;"São Pedro";22;37;59;"NÃO";59;"NÃO ALCANÇOU"
"RN";241280;"São Rafael";51;53;96;"SIM";96;"ALCANÇOU"
"RN";241290;"São Tomé";69;60;115;"SIM";115;"ALCANÇOU"
"RN";241300;"São Vicente";52;30;173;"SIM";173;"ALCANÇOU"
"RN";241310;"Senador Elói de Souza";37;40;93;"SIM";93;"ALCANÇOU"
"RN";241320;"Senador Georgino Avelino";24;15;160;"SIM";160;"ALCANÇOU"
"RN";241330;"Serra de São Bento";41;30;137;"SIM";137;"ALCANÇOU"
"RN";241335;"Serra do Mel";69;58;119;"SIM";119;"ALCANÇOU"
"RN";241340;"Serra Negra do Norte";49;68;72;"NÃO";72;"NÃO ALCANÇOU"
"RN";241350;"Serrinha";35;37;95;"SIM";95;"ALCANÇOU"
"RN";241355;"Serrinha dos Pintos";36;41;88;"NÃO";88;"NÃO ALCANÇOU"
"RN";241360;"Severiano Melo";46;44;105;"SIM";105;"ALCANÇOU"
"RN";241370;"Sítio Novo";37;22;168;"SIM";168;"ALCANÇOU"
"RN";241380;"Taboleiro Grande";9;19;47;"NÃO";47;"NÃO ALCANÇOU"
"RN";241390;"Taipu";49;62;79;"NÃO";79;"NÃO ALCANÇOU"
"RN";241400;"Tangará";81;84;96;"SIM";96;"ALCANÇOU"
"RN";241410;"Tenente Ananias";78;65;120;"SIM";120;"ALCANÇOU"
"RN";241415;"Tenente Laurentino Cruz";32;29;110;"SIM";110;"ALCANÇOU"
"RN";241420;"Tibau do Sul";69;105;66;"NÃO";66;"NÃO ALCANÇOU"
"RN";241430;"Timbaúba dos Batistas";20;2;1000;"SIM";1000;"ALCANÇOU"
"RN";241440;"Touros";81;186;44;"NÃO";44;"NÃO ALCANÇOU"
"RN";241445;"Triunfo Potiguar";30;21;143;"SIM";143;"ALCANÇOU"
"RN";241450;"Umarizal";80;86;93;"SIM";93;"ALCANÇOU"
"RN";241460;"Upanema";63;78;81;"NÃO";81;"NÃO ALCANÇOU"
"RN";241470;"Várzea";25;27;93;"SIM";93;"ALCANÇOU"
"RN";241475;"Venha-Ver";19;25;76;"NÃO";76;"NÃO ALCANÇOU"
"RN";241480;"Vera Cruz";46;77;60;"NÃO";60;"NÃO ALCANÇOU"
"RN";241490;"Viçosa";7;1;700;"SIM";700;"ALCANÇOU"
"RN";241500;"Vila Flor";10;17;59;"NÃO";59;"NÃO ALCANÇOU"
"PB";250010;"Água Branca";72;56;129;"SIM";129;"ALCANÇOU"
"PB";250020;"Aguiar";33;24;138;"SIM";138;"ALCANÇOU"
"PB";250030;"Alagoa Grande";219;199;110;"SIM";110;"ALCANÇOU"
"PB";250040;"Alagoa Nova";149;140;106;"SIM";106;"ALCANÇOU"
"PB";250050;"Alagoinha";101;92;110;"SIM";110;"ALCANÇOU"
"PB";250053;"Alcantil";46;14;329;"SIM";329;"ALCANÇOU"
"PB";250057;"Algodão de Jandaíra";15;13;115;"SIM";115;"ALCANÇOU"
"PB";250060;"Alhandra";156;132;118;"SIM";118;"ALCANÇOU"
"PB";250070;"São João do Rio do Peixe";118;113;104;"SIM";104;"ALCANÇOU"
"PB";250073;"Amparo";18;14;129;"SIM";129;"ALCANÇOU"
"PB";250077;"Aparecida";60;50;120;"SIM";120;"ALCANÇOU"
"PB";250080;"Araçagi";153;110;139;"SIM";139;"ALCANÇOU"
"PB";250090;"Arara";83;103;81;"NÃO";81;"NÃO ALCANÇOU"
"PB";250100;"Araruna";111;87;128;"SIM";128;"ALCANÇOU"
"PB";250110;"Areia";188;161;117;"SIM";117;"ALCANÇOU"
"PB";250115;"Areia de Baraúnas";12;4;300;"SIM";300;"ALCANÇOU"
"PB";250120;"Areial";63;34;185;"SIM";185;"ALCANÇOU"
"PB";250130;"Aroeiras";161;151;107;"SIM";107;"ALCANÇOU"
"PB";250135;"Assunção";33;20;165;"SIM";165;"ALCANÇOU"
"PB";250140;"Baía da Traição";38;38;100;"SIM";100;"ALCANÇOU"
"PB";250150;"Bananeiras";166;149;111;"SIM";111;"ALCANÇOU"
"PB";250153;"Baraúna";41;40;103;"SIM";103;"ALCANÇOU"
"PB";250157;"Barra de Santana";61;48;127;"SIM";127;"ALCANÇOU"
"PB";250160;"Barra de Santa Rosa";60;79;76;"NÃO";76;"NÃO ALCANÇOU"
"PB";250170;"Barra de São Miguel";34;47;72;"NÃO";72;"NÃO ALCANÇOU"
"PB";250180;"Bayeux";624;657;95;"SIM";95;"ALCANÇOU"
"PB";250190;"Belém";128;113;113;"SIM";113;"ALCANÇOU"
"PB";250200;"Belém do Brejo do Cruz";32;51;63;"NÃO";63;"NÃO ALCANÇOU"
"PB";250205;"Bernardino Batista";22;20;110;"SIM";110;"ALCANÇOU"
"PB";250210;"Boa Ventura";39;31;126;"SIM";126;"ALCANÇOU"
"PB";250215;"Boa Vista";51;26;196;"SIM";196;"ALCANÇOU"
"PB";250220;"Bom Jesus";33;24;138;"SIM";138;"ALCANÇOU"
"PB";250230;"Bom Sucesso";40;44;91;"SIM";91;"ALCANÇOU"
"PB";250240;"Bonito de Santa Fé";72;61;118;"SIM";118;"ALCANÇOU"
"PB";250250;"Boqueirão";129;104;124;"SIM";124;"ALCANÇOU"
"PB";250260;"Igaracy";50;45;111;"SIM";111;"ALCANÇOU"
"PB";250270;"Borborema";34;36;94;"SIM";94;"ALCANÇOU"
"PB";250280;"Brejo do Cruz";84;83;101;"SIM";101;"ALCANÇOU"
"PB";250290;"Brejo dos Santos";33;48;69;"NÃO";69;"NÃO ALCANÇOU"
"PB";250300;"Caaporã";103;118;87;"NÃO";87;"NÃO ALCANÇOU"
"PB";250310;"Cabaceiras";32;36;89;"NÃO";89;"NÃO ALCANÇOU"
"PB";250320;"Cabedelo";400;372;108;"SIM";108;"ALCANÇOU"
"PB";250330;"Cachoeira dos Índios";62;68;91;"SIM";91;"ALCANÇOU"
"PB";250340;"Cacimba de Areia";23;15;153;"SIM";153;"ALCANÇOU"
"PB";250350;"Cacimba de Dentro";130;126;103;"SIM";103;"ALCANÇOU"
"PB";250355;"Cacimbas";41;50;82;"NÃO";82;"NÃO ALCANÇOU"
"PB";250360;"Caiçara";54;41;132;"SIM";132;"ALCANÇOU"
"PB";250370;"Cajazeiras";495;420;118;"SIM";118;"ALCANÇOU"
"PB";250375;"Cajazeirinhas";14;19;74;"NÃO";74;"NÃO ALCANÇOU"
"PB";250380;"Caldas Brandão";55;34;162;"SIM";162;"ALCANÇOU"
"PB";250390;"Camalaú";48;38;126;"SIM";126;"ALCANÇOU"
"PB";250400;"Campina Grande";3144;3073;102;"SIM";102;"ALCANÇOU"
"PB";250403;"Capim";36;35;103;"SIM";103;"ALCANÇOU"
"PB";250407;"Caraúbas";30;13;231;"SIM";231;"ALCANÇOU"
"PB";250410;"Carrapateira";13;10;130;"SIM";130;"ALCANÇOU"
"PB";250415;"Casserengue";45;39;115;"SIM";115;"ALCANÇOU"
"PB";250420;"Catingueira";38;25;152;"SIM";152;"ALCANÇOU"
"PB";250430;"Catolé do Rocha";183;218;84;"NÃO";84;"NÃO ALCANÇOU"
"PB";250435;"Caturité";27;29;93;"SIM";93;"ALCANÇOU"
"PB";250440;"Conceição";130;127;102;"SIM";102;"ALCANÇOU"
"PB";250450;"Condado";57;40;143;"SIM";143;"ALCANÇOU"
"PB";250460;"Conde";181;158;115;"SIM";115;"ALCANÇOU"
"PB";250470;"Congo";39;35;111;"SIM";111;"ALCANÇOU"
"PB";250480;"Coremas";129;102;126;"SIM";126;"ALCANÇOU"
"PB";250485;"Coxixola";19;11;173;"SIM";173;"ALCANÇOU"
"PB";250490;"Cruz do Espírito Santo";92;96;96;"SIM";96;"ALCANÇOU"
"PB";250500;"Cubati";52;46;113;"SIM";113;"ALCANÇOU"
"PB";250510;"Cuité";175;130;135;"SIM";135;"ALCANÇOU"
"PB";250520;"Cuitegi";64;44;145;"SIM";145;"ALCANÇOU"
"PB";250523;"Cuité de Mamanguape";44;39;113;"SIM";113;"ALCANÇOU"
"PB";250527;"Curral de Cima";36;38;95;"SIM";95;"ALCANÇOU"
"PB";250530;"Curral Velho";21;15;140;"SIM";140;"ALCANÇOU"
"PB";250535;"Damião";27;26;104;"SIM";104;"ALCANÇOU"
"PB";250540;"Desterro";50;55;91;"SIM";91;"ALCANÇOU"
"PB";250550;"Vista Serrana";23;15;153;"SIM";153;"ALCANÇOU"
"PB";250560;"Diamante";37;45;82;"NÃO";82;"NÃO ALCANÇOU"
"PB";250570;"Dona Inês";95;58;164;"SIM";164;"ALCANÇOU"
"PB";250580;"Duas Estradas";32;22;145;"SIM";145;"ALCANÇOU"
"PB";250590;"Emas";10;15;67;"NÃO";67;"NÃO ALCANÇOU"
"PB";250600;"Esperança";260;223;117;"SIM";117;"ALCANÇOU"
"PB";250610;"Fagundes";85;68;125;"SIM";125;"ALCANÇOU"
"PB";250620;"Frei Martinho";16;29;55;"NÃO";55;"NÃO ALCANÇOU"
"PB";250625;"Gado Bravo";53;61;87;"NÃO";87;"NÃO ALCANÇOU"
"PB";250630;"Guarabira";494;373;132;"SIM";132;"ALCANÇOU"
"PB";250640;"Gurinhém";95;80;119;"SIM";119;"ALCANÇOU"
"PB";250650;"Gurjão";25;17;147;"SIM";147;"ALCANÇOU"
"PB";250660;"Ibiara";46;44;105;"SIM";105;"ALCANÇOU"
"PB";250670;"Imaculada";71;61;116;"SIM";116;"ALCANÇOU"
"PB";250680;"Ingá";168;131;128;"SIM";128;"ALCANÇOU"
"PB";250690;"Itabaiana";229;228;100;"SIM";100;"ALCANÇOU"
"PB";250700;"Itaporanga";157;164;96;"SIM";96;"ALCANÇOU"
"PB";250710;"Itapororoca";101;137;74;"NÃO";74;"NÃO ALCANÇOU"
"PB";250720;"Itatuba";71;47;151;"SIM";151;"ALCANÇOU"
"PB";250730;"Jacaraú";87;111;78;"NÃO";78;"NÃO ALCANÇOU"
"PB";250740;"Jericó";45;56;80;"NÃO";80;"NÃO ALCANÇOU"
"PB";250750;"João Pessoa";5792;5294;109;"SIM";109;"ALCANÇOU"
"PB";250760;"Juarez Távora";69;46;150;"SIM";150;"ALCANÇOU"
"PB";250770;"Juazeirinho";101;84;120;"SIM";120;"ALCANÇOU"
"PB";250780;"Junco do Seridó";49;35;140;"SIM";140;"ALCANÇOU"
"PB";250790;"Juripiranga";87;87;100;"SIM";100;"ALCANÇOU"
"PB";250800;"Juru";68;53;128;"SIM";128;"ALCANÇOU"
"PB";250810;"Lagoa";32;24;133;"SIM";133;"ALCANÇOU"
"PB";250820;"Lagoa de Dentro";77;55;140;"SIM";140;"ALCANÇOU"
"PB";250830;"Lagoa Seca";183;155;118;"SIM";118;"ALCANÇOU"
"PB";250840;"Lastro";25;13;192;"SIM";192;"ALCANÇOU"
"PB";250850;"Livramento";77;39;197;"SIM";197;"ALCANÇOU"
"PB";250855;"Logradouro";35;14;250;"SIM";250;"ALCANÇOU"
"PB";250860;"Lucena";78;81;96;"SIM";96;"ALCANÇOU"
"PB";250870;"Mãe d'Água";33;13;254;"SIM";254;"ALCANÇOU"
"PB";250880;"Malta";50;43;116;"SIM";116;"ALCANÇOU"
"PB";250890;"Mamanguape";305;308;99;"SIM";99;"ALCANÇOU"
"PB";250900;"Manaíra";69;70;99;"SIM";99;"ALCANÇOU"
"PB";250905;"Marcação";33;49;67;"NÃO";67;"NÃO ALCANÇOU"
"PB";250910;"Mari";136;140;97;"SIM";97;"ALCANÇOU"
"PB";250915;"Marizópolis";48;42;114;"SIM";114;"ALCANÇOU"
"PB";250920;"Massaranduba";87;79;110;"SIM";110;"ALCANÇOU"
"PB";250930;"Mataraca";42;42;100;"SIM";100;"ALCANÇOU"
"PB";250933;"Matinhas";23;12;192;"SIM";192;"ALCANÇOU"
"PB";250937;"Mato Grosso";17;12;142;"SIM";142;"ALCANÇOU"
"PB";250939;"Maturéia";48;37;130;"SIM";130;"ALCANÇOU"
"PB";250940;"Mogeiro";69;64;108;"SIM";108;"ALCANÇOU"
"PB";250950;"Montadas";34;43;79;"NÃO";79;"NÃO ALCANÇOU"
"PB";250960;"Monte Horebe";38;30;127;"SIM";127;"ALCANÇOU"
"PB";250970;"Monteiro";267;302;88;"NÃO";88;"NÃO ALCANÇOU"
"PB";250980;"Mulungu";68;76;89;"NÃO";89;"NÃO ALCANÇOU"
"PB";250990;"Natuba";56;44;127;"SIM";127;"ALCANÇOU"
"PB";251000;"Nazarezinho";56;55;102;"SIM";102;"ALCANÇOU"
"PB";251010;"Nova Floresta";94;75;125;"SIM";125;"ALCANÇOU"
"PB";251020;"Nova Olinda";33;33;100;"SIM";100;"ALCANÇOU"
"PB";251030;"Nova Palmeira";33;25;132;"SIM";132;"ALCANÇOU"
"PB";251040;"Olho d'Água";47;41;115;"SIM";115;"ALCANÇOU"
"PB";251050;"Olivedos";23;18;128;"SIM";128;"ALCANÇOU"
"PB";251060;"Ouro Velho";28;26;108;"SIM";108;"ALCANÇOU"
"PB";251065;"Parari";13;17;76;"NÃO";76;"NÃO ALCANÇOU"
"PB";251070;"Passagem";17;6;283;"SIM";283;"ALCANÇOU"
"PB";251080;"Patos";758;608;125;"SIM";125;"ALCANÇOU"
"PB";251090;"Paulista";71;89;80;"NÃO";80;"NÃO ALCANÇOU"
"PB";251100;"Pedra Branca";25;33;76;"NÃO";76;"NÃO ALCANÇOU"
"PB";251110;"Pedra Lavrada";51;58;88;"NÃO";88;"NÃO ALCANÇOU"
"PB";251120;"Pedras de Fogo";278;200;139;"SIM";139;"ALCANÇOU"
"PB";251130;"Piancó";149;109;137;"SIM";137;"ALCANÇOU"
"PB";251140;"Picuí";126;133;95;"SIM";95;"ALCANÇOU"
"PB";251150;"Pilar";99;63;157;"SIM";157;"ALCANÇOU"
"PB";251160;"Pilões";60;45;133;"SIM";133;"ALCANÇOU"
"PB";251170;"Pilõezinhos";32;21;152;"SIM";152;"ALCANÇOU"
"PB";251180;"Pirpirituba";83;53;157;"SIM";157;"ALCANÇOU"
"PB";251190;"Pitimbu";97;76;128;"SIM";128;"ALCANÇOU"
"PB";251200;"Pocinhos";112;111;101;"SIM";101;"ALCANÇOU"
"PB";251203;"Poço Dantas";30;23;130;"SIM";130;"ALCANÇOU"
"PB";251207;"Poço de José de Moura";25;25;100;"SIM";100;"ALCANÇOU"
"PB";251210;"Pombal";262;267;98;"SIM";98;"ALCANÇOU"
"PB";251220;"Prata";27;26;104;"SIM";104;"ALCANÇOU"
"PB";251230;"Princesa Isabel";146;130;112;"SIM";112;"ALCANÇOU"
"PB";251240;"Puxinanã";94;53;177;"SIM";177;"ALCANÇOU"
"PB";251250;"Queimadas";325;294;111;"SIM";111;"ALCANÇOU"
"PB";251260;"Quixabá";13;11;118;"SIM";118;"ALCANÇOU"
"PB";251270;"Remígio";140;142;99;"SIM";99;"ALCANÇOU"
"PB";251272;"Pedro Régis";34;43;79;"NÃO";79;"NÃO ALCANÇOU"
"PB";251274;"Riachão";22;17;129;"SIM";129;"ALCANÇOU"
"PB";251275;"Riachão do Bacamarte";35;30;117;"SIM";117;"ALCANÇOU"
"PB";251276;"Riachão do Poço";28;15;187;"SIM";187;"ALCANÇOU"
"PB";251278;"Riacho de Santo Antônio";17;14;121;"SIM";121;"ALCANÇOU"
"PB";251280;"Riacho dos Cavalos";46;64;72;"NÃO";72;"NÃO ALCANÇOU"
"PB";251290;"Rio Tinto";131;166;79;"NÃO";79;"NÃO ALCANÇOU"
"PB";251300;"Salgadinho";21;21;100;"SIM";100;"ALCANÇOU"
"PB";251310;"Salgado de São Félix";93;75;124;"SIM";124;"ALCANÇOU"
"PB";251315;"Santa Cecília";51;43;119;"SIM";119;"ALCANÇOU"
"PB";251320;"Santa Cruz";50;41;122;"SIM";122;"ALCANÇOU"
"PB";251330;"Santa Helena";48;42;114;"SIM";114;"ALCANÇOU"
"PB";251335;"Santa Inês";14;18;78;"NÃO";78;"NÃO ALCANÇOU"
"PB";251340;"Santa Luzia";134;79;170;"SIM";170;"ALCANÇOU"
"PB";251350;"Santana de Mangueira";20;25;80;"NÃO";80;"NÃO ALCANÇOU"
"PB";251360;"Santana dos Garrotes";47;57;82;"NÃO";82;"NÃO ALCANÇOU"
"PB";251365;"Joca Claudino";7;11;64;"NÃO";64;"NÃO ALCANÇOU"
"PB";251370;"Santa Rita";1034;776;133;"SIM";133;"ALCANÇOU"
"PB";251380;"Santa Teresinha";39;32;122;"SIM";122;"ALCANÇOU"
"PB";251385;"Santo André";25;27;93;"SIM";93;"ALCANÇOU"
"PB";251390;"São Bento";164;227;72;"NÃO";72;"NÃO ALCANÇOU"
"PB";251392;"São Bentinho";21;17;124;"SIM";124;"ALCANÇOU"
"PB";251394;"São Domingos do Cariri";25;12;208;"SIM";208;"ALCANÇOU"
"PB";251396;"São Domingos";12;26;46;"NÃO";46;"NÃO ALCANÇOU"
"PB";251398;"São Francisco";39;23;170;"SIM";170;"ALCANÇOU"
"PB";251400;"São João do Cariri";30;17;176;"SIM";176;"ALCANÇOU"
"PB";251410;"São João do Tigre";25;23;109;"SIM";109;"ALCANÇOU"
"PB";251420;"São José da Lagoa Tapada";55;46;120;"SIM";120;"ALCANÇOU"
"PB";251430;"São José de Caiana";32;32;100;"SIM";100;"ALCANÇOU"
"PB";251440;"São José de Espinharas";38;35;109;"SIM";109;"ALCANÇOU"
"PB";251445;"São José dos Ramos";36;19;189;"SIM";189;"ALCANÇOU"
"PB";251450;"São José de Piranhas";114;135;84;"NÃO";84;"NÃO ALCANÇOU"
"PB";251455;"São José de Princesa";12;13;92;"SIM";92;"ALCANÇOU"
"PB";251460;"São José do Bonfim";29;14;207;"SIM";207;"ALCANÇOU"
"PB";251465;"São José do Brejo do Cruz";8;13;62;"NÃO";62;"NÃO ALCANÇOU"
"PB";251470;"São José do Sabugi";25;26;96;"SIM";96;"ALCANÇOU"
"PB";251480;"São José dos Cordeiros";19;18;106;"SIM";106;"ALCANÇOU"
"PB";251490;"São Mamede";66;78;85;"NÃO";85;"NÃO ALCANÇOU"
"PB";251500;"São Miguel de Taipu";55;37;149;"SIM";149;"ALCANÇOU"
"PB";251510;"São Sebastião de Lagoa de Roça";76;50;152;"SIM";152;"ALCANÇOU"
"PB";251520;"São Sebastião do Umbuzeiro";32;17;188;"SIM";188;"ALCANÇOU"
"PB";251530;"Sapé";353;336;105;"SIM";105;"ALCANÇOU"
"PB";251540;"São Vicente do Seridó";50;51;98;"SIM";98;"ALCANÇOU"
"PB";251550;"Serra Branca";122;95;128;"SIM";128;"ALCANÇOU"
"PB";251560;"Serra da Raiz";31;22;141;"SIM";141;"ALCANÇOU"
"PB";251570;"Serra Grande";22;21;105;"SIM";105;"ALCANÇOU"
"PB";251580;"Serra Redonda";75;53;142;"SIM";142;"ALCANÇOU"
"PB";251590;"Serraria";52;30;173;"SIM";173;"ALCANÇOU"
"PB";251593;"Sertãozinho";41;28;146;"SIM";146;"ALCANÇOU"
"PB";251597;"Sobrado";50;36;139;"SIM";139;"ALCANÇOU"
"PB";251600;"Solânea";250;215;116;"SIM";116;"ALCANÇOU"
"PB";251610;"Soledade";125;73;171;"SIM";171;"ALCANÇOU"
"PB";251615;"Sossêgo";13;12;108;"SIM";108;"ALCANÇOU"
"PB";251620;"Sousa";411;495;83;"NÃO";83;"NÃO ALCANÇOU"
"PB";251630;"Sumé";169;126;134;"SIM";134;"ALCANÇOU"
"PB";251640;"Tacima";66;55;120;"SIM";120;"ALCANÇOU"
"PB";251650;"Taperoá";130;98;133;"SIM";133;"ALCANÇOU"
"PB";251660;"Tavares";40;76;53;"NÃO";53;"NÃO ALCANÇOU"
"PB";251670;"Teixeira";106;86;123;"SIM";123;"ALCANÇOU"
"PB";251675;"Tenório";12;15;80;"NÃO";80;"NÃO ALCANÇOU"
"PB";251680;"Triunfo";54;45;120;"SIM";120;"ALCANÇOU"
"PB";251690;"Uiraúna";105;121;87;"NÃO";87;"NÃO ALCANÇOU"
"PB";251700;"Umbuzeiro";61;48;127;"SIM";127;"ALCANÇOU"
"PB";251710;"Várzea";21;16;131;"SIM";131;"ALCANÇOU"
"PB";251720;"Vieirópolis";27;27;100;"SIM";100;"ALCANÇOU"
"PB";251740;"Zabelê";9;8;113;"SIM";113;"ALCANÇOU"
"PE";260005;"Abreu e Lima";656;672;98;"SIM";98;"ALCANÇOU"
"PE";260010;"Afogados da Ingazeira";328;258;127;"SIM";127;"ALCANÇOU"
"PE";260020;"Afrânio";127;136;93;"SIM";93;"ALCANÇOU"
"PE";260030;"Agrestina";197;184;107;"SIM";107;"ALCANÇOU"
"PE";260040;"Água Preta";205;221;93;"SIM";93;"ALCANÇOU"
"PE";260050;"Águas Belas";368;236;156;"SIM";156;"ALCANÇOU"
"PE";260060;"Alagoinha";136;117;116;"SIM";116;"ALCANÇOU"
"PE";260070;"Aliança";305;299;102;"SIM";102;"ALCANÇOU"
"PE";260080;"Altinho";178;142;125;"SIM";125;"ALCANÇOU"
"PE";260090;"Amaraji";151;124;122;"SIM";122;"ALCANÇOU"
"PE";260100;"Angelim";90;70;129;"SIM";129;"ALCANÇOU"
"PE";260105;"Araçoiaba";147;115;128;"SIM";128;"ALCANÇOU"
"PE";260110;"Araripina";588;553;106;"SIM";106;"ALCANÇOU"
"PE";260120;"Arcoverde";629;531;118;"SIM";118;"ALCANÇOU"
"PE";260130;"Barra de Guabiraba";92;77;119;"SIM";119;"ALCANÇOU"
"PE";260140;"Barreiros";365;324;113;"SIM";113;"ALCANÇOU"
"PE";260150;"Belém de Maria";80;74;108;"SIM";108;"ALCANÇOU"
"PE";260160;"Belém do São Francisco";124;120;103;"SIM";103;"ALCANÇOU"
"PE";260170;"Belo Jardim";642;573;112;"SIM";112;"ALCANÇOU"
"PE";260180;"Betânia";99;87;114;"SIM";114;"ALCANÇOU"
"PE";260190;"Bezerros";592;528;112;"SIM";112;"ALCANÇOU"
"PE";260200;"Bodocó";226;199;114;"SIM";114;"ALCANÇOU"
"PE";260210;"Bom Conselho";306;346;88;"NÃO";88;"NÃO ALCANÇOU"
"PE";260220;"Bom Jardim";303;299;101;"SIM";101;"ALCANÇOU"
"PE";260230;"Bonito";296;320;93;"SIM";93;"ALCANÇOU"
"PE";260240;"Brejão";92;60;153;"SIM";153;"ALCANÇOU"
"PE";260250;"Brejinho";72;57;126;"SIM";126;"ALCANÇOU"
"PE";260260;"Brejo da Madre de Deus";372;240;155;"SIM";155;"ALCANÇOU"
"PE";260270;"Buenos Aires";101;98;103;"SIM";103;"ALCANÇOU"
"PE";260280;"Buíque";320;349;92;"SIM";92;"ALCANÇOU"
"PE";260290;"Cabo de Santo Agostinho";1570;1435;109;"SIM";109;"ALCANÇOU"
"PE";260300;"Cabrobó";223;228;98;"SIM";98;"ALCANÇOU"
"PE";260310;"Cachoeirinha";201;177;114;"SIM";114;"ALCANÇOU"
"PE";260320;"Caetés";184;150;123;"SIM";123;"ALCANÇOU"
"PE";260330;"Calçado";74;45;164;"SIM";164;"ALCANÇOU"
"PE";260340;"Calumbi";59;30;197;"SIM";197;"ALCANÇOU"
"PE";260345;"Camaragibe";1212;1181;103;"SIM";103;"ALCANÇOU"
"PE";260350;"Camocim de São Félix";160;121;132;"SIM";132;"ALCANÇOU"
"PE";260360;"Camutanga";56;50;112;"SIM";112;"ALCANÇOU"
"PE";260370;"Canhotinho";182;135;135;"SIM";135;"ALCANÇOU"
"PE";260380;"Capoeiras";129;140;92;"SIM";92;"ALCANÇOU"
"PE";260390;"Carnaíba";138;127;109;"SIM";109;"ALCANÇOU"
"PE";260392;"Carnaubeira da Penha";89;80;111;"SIM";111;"ALCANÇOU"
"PE";260400;"Carpina";589;599;98;"SIM";98;"ALCANÇOU"
"PE";260410;"Caruaru";2600;2539;102;"SIM";102;"ALCANÇOU"
"PE";260415;"Casinhas";89;91;98;"SIM";98;"ALCANÇOU"
"PE";260420;"Catende";279;271;103;"SIM";103;"ALCANÇOU"
"PE";260430;"Cedro";79;69;114;"SIM";114;"ALCANÇOU"
"PE";260440;"Chã de Alegria";96;77;125;"SIM";125;"ALCANÇOU"
"PE";260450;"Chã Grande";175;159;110;"SIM";110;"ALCANÇOU"
"PE";260460;"Condado";193;215;90;"SIM";90;"ALCANÇOU"
"PE";260470;"Correntes";125;80;156;"SIM";156;"ALCANÇOU"
"PE";260480;"Cortês";81;89;91;"SIM";91;"ALCANÇOU"
"PE";260490;"Cumaru";120;121;99;"SIM";99;"ALCANÇOU"
"PE";260500;"Cupira";202;182;111;"SIM";111;"ALCANÇOU"
"PE";260510;"Custódia";280;233;120;"SIM";120;"ALCANÇOU"
"PE";260515;"Dormentes";140;134;104;"SIM";104;"ALCANÇOU"
"PE";260520;"Escada";441;488;90;"SIM";90;"ALCANÇOU"
"PE";260530;"Exu";193;193;100;"SIM";100;"ALCANÇOU"
"PE";260540;"Feira Nova";183;150;122;"SIM";122;"ALCANÇOU"
"PE";260550;"Ferreiros";126;93;135;"SIM";135;"ALCANÇOU"
"PE";260560;"Flores";202;177;114;"SIM";114;"ALCANÇOU"
"PE";260570;"Floresta";191;149;128;"SIM";128;"ALCANÇOU"
"PE";260580;"Frei Miguelinho";109;113;96;"SIM";96;"ALCANÇOU"
"PE";260590;"Gameleira";145;161;90;"SIM";90;"ALCANÇOU"
"PE";260600;"Garanhuns";1021;1027;99;"SIM";99;"ALCANÇOU"
"PE";260610;"Glória do Goitá";195;193;101;"SIM";101;"ALCANÇOU"
"PE";260620;"Goiana";626;559;112;"SIM";112;"ALCANÇOU"
"PE";260630;"Granito";55;47;117;"SIM";117;"ALCANÇOU"
"PE";260640;"Gravatá";558;607;92;"SIM";92;"ALCANÇOU"
"PE";260650;"Iati";108;129;84;"NÃO";84;"NÃO ALCANÇOU"
"PE";260660;"Ibimirim";194;168;115;"SIM";115;"ALCANÇOU"
"PE";260670;"Ibirajuba";54;67;81;"NÃO";81;"NÃO ALCANÇOU"
"PE";260680;"Igarassu";837;679;123;"SIM";123;"ALCANÇOU"
"PE";260690;"Iguaracy";102;76;134;"SIM";134;"ALCANÇOU"
"PE";260700;"Inajá";101;124;81;"NÃO";81;"NÃO ALCANÇOU"
"PE";260710;"Ingazeira";33;28;118;"SIM";118;"ALCANÇOU"
"PE";260720;"Ipojuca";569;510;112;"SIM";112;"ALCANÇOU"
"PE";260730;"Ipubi";194;183;106;"SIM";106;"ALCANÇOU"
"PE";260740;"Itacuruba";32;19;168;"SIM";168;"ALCANÇOU"
"PE";260750;"Itaíba";173;151;115;"SIM";115;"ALCANÇOU"
"PE";260760;"Ilha de Itamaracá";166;142;117;"SIM";117;"ALCANÇOU"
"PE";260765;"Itambé";257;217;118;"SIM";118;"ALCANÇOU"
"PE";260770;"Itapetim";131;137;96;"SIM";96;"ALCANÇOU"
"PE";260775;"Itapissuma";189;128;148;"SIM";148;"ALCANÇOU"
"PE";260780;"Itaquitinga";133;102;130;"SIM";130;"ALCANÇOU"
"PE";260790;"Jaboatão dos Guararapes";4411;4496;98;"SIM";98;"ALCANÇOU"
"PE";260795;"Jaqueira";76;72;106;"SIM";106;"ALCANÇOU"
"PE";260800;"Jataúba";117;112;104;"SIM";104;"ALCANÇOU"
"PE";260805;"Jatobá";111;91;122;"SIM";122;"ALCANÇOU"
"PE";260810;"João Alfredo";245;235;104;"SIM";104;"ALCANÇOU"
"PE";260820;"Joaquim Nabuco";103;92;112;"SIM";112;"ALCANÇOU"
"PE";260825;"Jucati";76;85;89;"NÃO";89;"NÃO ALCANÇOU"
"PE";260830;"Jupi";127;110;115;"SIM";115;"ALCANÇOU"
"PE";260840;"Jurema";138;102;135;"SIM";135;"ALCANÇOU"
"PE";260845;"Lagoa do Carro";146;101;145;"SIM";145;"ALCANÇOU"
"PE";260850;"Lagoa de Itaenga";143;139;103;"SIM";103;"ALCANÇOU"
"PE";260860;"Lagoa do Ouro";85;83;102;"SIM";102;"ALCANÇOU"
"PE";260870;"Lagoa dos Gatos";119;129;92;"SIM";92;"ALCANÇOU"
"PE";260875;"Lagoa Grande";146;132;111;"SIM";111;"ALCANÇOU"
"PE";260880;"Lajedo";358;323;111;"SIM";111;"ALCANÇOU"
"PE";260890;"Limoeiro";483;447;108;"SIM";108;"ALCANÇOU"
"PE";260900;"Macaparana";239;217;110;"SIM";110;"ALCANÇOU"
"PE";260910;"Machados";95;97;98;"SIM";98;"ALCANÇOU"
"PE";260915;"Manari";111;116;96;"SIM";96;"ALCANÇOU"
"PE";260920;"Maraial";71;60;118;"SIM";118;"ALCANÇOU"
"PE";260930;"Mirandiba";110;90;122;"SIM";122;"ALCANÇOU"
"PE";260940;"Moreno";461;418;110;"SIM";110;"ALCANÇOU"
"PE";260950;"Nazaré da Mata";298;275;108;"SIM";108;"ALCANÇOU"
"PE";260960;"Olinda";2495;2710;92;"SIM";92;"ALCANÇOU"
"PE";260970;"Orobó";213;163;131;"SIM";131;"ALCANÇOU"
"PE";260980;"Orocó";74;71;104;"SIM";104;"ALCANÇOU"
"PE";260990;"Ouricuri";406;399;102;"SIM";102;"ALCANÇOU"
"PE";261000;"Palmares";451;467;97;"SIM";97;"ALCANÇOU"
"PE";261010;"Palmeirina";62;52;119;"SIM";119;"ALCANÇOU"
"PE";261020;"Panelas";215;202;106;"SIM";106;"ALCANÇOU"
"PE";261030;"Paranatama";139;101;138;"SIM";138;"ALCANÇOU"
"PE";261040;"Parnamirim";137;117;117;"SIM";117;"ALCANÇOU"
"PE";261050;"Passira";223;196;114;"SIM";114;"ALCANÇOU"
"PE";261060;"Paudalho";360;353;102;"SIM";102;"ALCANÇOU"
"PE";261070;"Paulista";2143;2230;96;"SIM";96;"ALCANÇOU"
"PE";261080;"Pedra";200;163;123;"SIM";123;"ALCANÇOU"
"PE";261090;"Pesqueira";573;508;113;"SIM";113;"ALCANÇOU"
"PE";261100;"Petrolândia";228;237;96;"SIM";96;"ALCANÇOU"
"PE";261110;"Petrolina";2256;2498;90;"SIM";90;"ALCANÇOU"
"PE";261120;"Poção";108;87;124;"SIM";124;"ALCANÇOU"
"PE";261130;"Pombos";176;169;104;"SIM";104;"ALCANÇOU"
"PE";261140;"Primavera";84;72;117;"SIM";117;"ALCANÇOU"
"PE";261150;"Quipapá";155;176;88;"NÃO";88;"NÃO ALCANÇOU"
"PE";261153;"Quixaba";44;39;113;"SIM";113;"ALCANÇOU"
"PE";261160;"Recife";13798;13646;101;"SIM";101;"ALCANÇOU"
"PE";261170;"Riacho das Almas";189;176;107;"SIM";107;"ALCANÇOU"
"PE";261180;"Ribeirão";301;316;95;"SIM";95;"ALCANÇOU"
"PE";261190;"Rio Formoso";133;116;115;"SIM";115;"ALCANÇOU"
"PE";261200;"Sairé";110;86;128;"SIM";128;"ALCANÇOU"
"PE";261210;"Salgadinho";45;49;92;"SIM";92;"ALCANÇOU"
"PE";261220;"Salgueiro";421;412;102;"SIM";102;"ALCANÇOU"
"PE";261230;"Saloá";149;120;124;"SIM";124;"ALCANÇOU"
"PE";261240;"Sanharó";155;160;97;"SIM";97;"ALCANÇOU"
"PE";261245;"Santa Cruz";94;66;142;"SIM";142;"ALCANÇOU"
"PE";261247;"Santa Cruz da Baixa Verde";87;76;114;"SIM";114;"ALCANÇOU"
"PE";261250;"Santa Cruz do Capibaribe";535;528;101;"SIM";101;"ALCANÇOU"
"PE";261255;"Santa Filomena";88;78;113;"SIM";113;"ALCANÇOU"
"PE";261260;"Santa Maria da Boa Vista";217;226;96;"SIM";96;"ALCANÇOU"
"PE";261270;"Santa Maria do Cambucá";109;90;121;"SIM";121;"ALCANÇOU"
"PE";261280;"Santa Terezinha";73;65;112;"SIM";112;"ALCANÇOU"
"PE";261290;"São Benedito do Sul";63;85;74;"NÃO";74;"NÃO ALCANÇOU"
"PE";261300;"São Bento do Una";341;327;104;"SIM";104;"ALCANÇOU"
"PE";261310;"São Caitano";304;281;108;"SIM";108;"ALCANÇOU"
"PE";261320;"São João";171;180;95;"SIM";95;"ALCANÇOU"
"PE";261330;"São Joaquim do Monte";173;175;99;"SIM";99;"ALCANÇOU"
"PE";261340;"São José da Coroa Grande";138;138;100;"SIM";100;"ALCANÇOU"
"PE";261350;"São José do Belmonte";252;225;112;"SIM";112;"ALCANÇOU"
"PE";261360;"São José do Egito";253;265;95;"SIM";95;"ALCANÇOU"
"PE";261370;"São Lourenço da Mata";743;826;90;"SIM";90;"ALCANÇOU"
"PE";261380;"São Vicente Ferrer";107;145;74;"NÃO";74;"NÃO ALCANÇOU"
"PE";261390;"Serra Talhada";684;614;111;"SIM";111;"ALCANÇOU"
"PE";261400;"Serrita";104;108;96;"SIM";96;"ALCANÇOU"
"PE";261410;"Sertânia";259;221;117;"SIM";117;"ALCANÇOU"
"PE";261420;"Sirinhaém";219;241;91;"SIM";91;"ALCANÇOU"
"PE";261430;"Moreilândia";54;52;104;"SIM";104;"ALCANÇOU"
"PE";261440;"Solidão";39;41;95;"SIM";95;"ALCANÇOU"
"PE";261450;"Surubim";514;445;116;"SIM";116;"ALCANÇOU"
"PE";261460;"Tabira";223;197;113;"SIM";113;"ALCANÇOU"
"PE";261470;"Tacaimbó";69;84;82;"NÃO";82;"NÃO ALCANÇOU"
"PE";261480;"Tacaratu";90;133;68;"NÃO";68;"NÃO ALCANÇOU"
"PE";261485;"Tamandaré";141;136;104;"SIM";104;"ALCANÇOU"
"PE";261500;"Taquaritinga do Norte";197;155;127;"SIM";127;"ALCANÇOU"
"PE";261510;"Terezinha";51;31;165;"SIM";165;"ALCANÇOU"
"PE";261520;"Terra Nova";74;54;137;"SIM";137;"ALCANÇOU"
"PE";261530;"Timbaúba";470;415;113;"SIM";113;"ALCANÇOU"
"PE";261540;"Toritama";215;214;100;"SIM";100;"ALCANÇOU"
"PE";261550;"Tracunhaém";109;99;110;"SIM";110;"ALCANÇOU"
"PE";261560;"Trindade";216;193;112;"SIM";112;"ALCANÇOU"
"PE";261570;"Triunfo";119;99;120;"SIM";120;"ALCANÇOU"
"PE";261580;"Tupanatinga";156;125;125;"SIM";125;"ALCANÇOU"
"PE";261590;"Tuparetama";80;64;125;"SIM";125;"ALCANÇOU"
"PE";261600;"Venturosa";126;124;102;"SIM";102;"ALCANÇOU"
"PE";261610;"Verdejante";72;65;111;"SIM";111;"ALCANÇOU"
"PE";261618;"Vertente do Lério";64;52;123;"SIM";123;"ALCANÇOU"
"PE";261620;"Vertentes";142;110;129;"SIM";129;"ALCANÇOU"
"PE";261630;"Vicência";212;203;104;"SIM";104;"ALCANÇOU"
"PE";261640;"Vitória de Santo Antão";1172;1009;116;"SIM";116;"ALCANÇOU"
"PE";261650;"Xexéu";113;97;116;"SIM";116;"ALCANÇOU"
"AL";270010;"Água Branca";139;109;128;"SIM";128;"ALCANÇOU"
"AL";270020;"Anadia";121;113;107;"SIM";107;"ALCANÇOU"
"AL";270030;"Arapiraca";1713;1509;114;"SIM";114;"ALCANÇOU"
"AL";270040;"Atalaia";258;307;84;"NÃO";84;"NÃO ALCANÇOU"
"AL";270050;"Barra de Santo Antônio";117;119;98;"SIM";98;"ALCANÇOU"
"AL";270060;"Barra de São Miguel";52;38;137;"SIM";137;"ALCANÇOU"
"AL";270070;"Batalha";117;84;139;"SIM";139;"ALCANÇOU"
"AL";270080;"Belém";41;30;137;"SIM";137;"ALCANÇOU"
"AL";270090;"Belo Monte";39;33;118;"SIM";118;"ALCANÇOU"
"AL";270100;"Boca da Mata";171;137;125;"SIM";125;"ALCANÇOU"
"AL";270110;"Branquinha";65;51;127;"SIM";127;"ALCANÇOU"
"AL";270120;"Cacimbinhas";77;67;115;"SIM";115;"ALCANÇOU"
"AL";270130;"Cajueiro";134;104;129;"SIM";129;"ALCANÇOU"
"AL";270135;"Campestre";38;39;97;"SIM";97;"ALCANÇOU"
"AL";270140;"Campo Alegre";201;230;87;"NÃO";87;"NÃO ALCANÇOU"
"AL";270150;"Campo Grande";74;63;117;"SIM";117;"ALCANÇOU"
"AL";270160;"Canapi";116;125;93;"SIM";93;"ALCANÇOU"
"AL";270170;"Capela";89;88;101;"SIM";101;"ALCANÇOU"
"AL";270180;"Carneiros";61;61;100;"SIM";100;"ALCANÇOU"
"AL";270190;"Chã Preta";50;26;192;"SIM";192;"ALCANÇOU"
"AL";270200;"Coité do Nóia";97;69;141;"SIM";141;"ALCANÇOU"
"AL";270210;"Colônia Leopoldina";119;103;116;"SIM";116;"ALCANÇOU"
"AL";270220;"Coqueiro Seco";41;40;103;"SIM";103;"ALCANÇOU"
"AL";270230;"Coruripe";341;318;107;"SIM";107;"ALCANÇOU"
"AL";270235;"Craíbas";179;153;117;"SIM";117;"ALCANÇOU"
"AL";270240;"Delmiro Gouveia";389;353;110;"SIM";110;"ALCANÇOU"
"AL";270250;"Dois Riachos";80;72;111;"SIM";111;"ALCANÇOU"
"AL";270255;"Estrela de Alagoas";141;125;113;"SIM";113;"ALCANÇOU"
"AL";270260;"Feira Grande";161;111;145;"SIM";145;"ALCANÇOU"
"AL";270270;"Feliz Deserto";32;31;103;"SIM";103;"ALCANÇOU"
"AL";270280;"Flexeiras";61;77;79;"NÃO";79;"NÃO ALCANÇOU"
"AL";270290;"Girau do Ponciano";253;205;123;"SIM";123;"ALCANÇOU"
"AL";270300;"Ibateguara";101;77;131;"SIM";131;"ALCANÇOU"
"AL";270310;"Igaci";192;198;97;"SIM";97;"ALCANÇOU"
"AL";270320;"Igreja Nova";153;114;134;"SIM";134;"ALCANÇOU"
"AL";270330;"Inhapi";117;110;106;"SIM";106;"ALCANÇOU"
"AL";270340;"Jacaré dos Homens";34;36;94;"SIM";94;"ALCANÇOU"
"AL";270350;"Jacuípe";33;35;94;"SIM";94;"ALCANÇOU"
"AL";270360;"Japaratinga";68;68;100;"SIM";100;"ALCANÇOU"
"AL";270370;"Jaramataia";39;37;105;"SIM";105;"ALCANÇOU"
"AL";270375;"Jequiá da Praia";45;51;88;"NÃO";88;"NÃO ALCANÇOU"
"AL";270380;"Joaquim Gomes";131;116;113;"SIM";113;"ALCANÇOU"
"AL";270390;"Jundiá";30;20;150;"SIM";150;"ALCANÇOU"
"AL";270400;"Junqueiro";171;155;110;"SIM";110;"ALCANÇOU"
"AL";270410;"Lagoa da Canoa";139;104;134;"SIM";134;"ALCANÇOU"
"AL";270420;"Limoeiro de Anadia";176;151;117;"SIM";117;"ALCANÇOU"
"AL";270430;"Maceió";6507;6457;101;"SIM";101;"ALCANÇOU"
"AL";270440;"Major Isidoro";146;103;142;"SIM";142;"ALCANÇOU"
"AL";270450;"Maragogi";159;190;84;"NÃO";84;"NÃO ALCANÇOU"
"AL";270460;"Maravilha";62;72;86;"NÃO";86;"NÃO ALCANÇOU"
"AL";270470;"Marechal Deodoro";417;287;145;"SIM";145;"ALCANÇOU"
"AL";270480;"Maribondo";94;85;111;"SIM";111;"ALCANÇOU"
"AL";270490;"Mar Vermelho";21;14;150;"SIM";150;"ALCANÇOU"
"AL";270500;"Mata Grande";129;126;102;"SIM";102;"ALCANÇOU"
"AL";270510;"Matriz de Camaragibe";179;173;103;"SIM";103;"ALCANÇOU"
"AL";270520;"Messias";88;101;87;"NÃO";87;"NÃO ALCANÇOU"
"AL";270530;"Minador do Negrão";39;31;126;"SIM";126;"ALCANÇOU"
"AL";270540;"Monteirópolis";46;37;124;"SIM";124;"ALCANÇOU"
"AL";270550;"Murici";173;136;127;"SIM";127;"ALCANÇOU"
"AL";270560;"Novo Lino";56;75;75;"NÃO";75;"NÃO ALCANÇOU"
"AL";270570;"Olho d'Água das Flores";126;138;91;"SIM";91;"ALCANÇOU"
"AL";270580;"Olho d'Água do Casado";44;40;110;"SIM";110;"ALCANÇOU"
"AL";270590;"Olho d'Água Grande";34;34;100;"SIM";100;"ALCANÇOU"
"AL";270600;"Olivença";92;63;146;"SIM";146;"ALCANÇOU"
"AL";270610;"Ouro Branco";75;61;123;"SIM";123;"ALCANÇOU"
"AL";270620;"Palestina";37;18;206;"SIM";206;"ALCANÇOU"
"AL";270630;"Palmeira dos Índios";608;499;122;"SIM";122;"ALCANÇOU"
"AL";270640;"Pão de Açúcar";186;130;143;"SIM";143;"ALCANÇOU"
"AL";270642;"Pariconha";72;63;114;"SIM";114;"ALCANÇOU"
"AL";270644;"Paripueira";92;86;107;"SIM";107;"ALCANÇOU"
"AL";270650;"Passo de Camaragibe";72;69;104;"SIM";104;"ALCANÇOU"
"AL";270660;"Paulo Jacinto";48;44;109;"SIM";109;"ALCANÇOU"
"AL";270670;"Penedo";407;391;104;"SIM";104;"ALCANÇOU"
"AL";270680;"Piaçabuçu";137;108;127;"SIM";127;"ALCANÇOU"
"AL";270690;"Pilar";241;228;106;"SIM";106;"ALCANÇOU"
"AL";270700;"Pindoba";11;6;183;"SIM";183;"ALCANÇOU"
"AL";270710;"Piranhas";138;148;93;"SIM";93;"ALCANÇOU"
"AL";270720;"Poço das Trincheiras";70;61;115;"SIM";115;"ALCANÇOU"
"AL";270730;"Porto Calvo";154;149;103;"SIM";103;"ALCANÇOU"
"AL";270740;"Porto de Pedras";48;43;112;"SIM";112;"ALCANÇOU"
"AL";270750;"Porto Real do Colégio";137;137;100;"SIM";100;"ALCANÇOU"
"AL";270760;"Quebrangulo";79;80;99;"SIM";99;"ALCANÇOU"
"AL";270770;"Rio Largo";616;618;100;"SIM";100;"ALCANÇOU"
"AL";270780;"Roteiro";37;44;84;"NÃO";84;"NÃO ALCANÇOU"
"AL";270790;"Santa Luzia do Norte";59;33;179;"SIM";179;"ALCANÇOU"
"AL";270800;"Santana do Ipanema";343;259;132;"SIM";132;"ALCANÇOU"
"AL";270810;"Santana do Mundaú";68;63;108;"SIM";108;"ALCANÇOU"
"AL";270820;"São Brás";44;40;110;"SIM";110;"ALCANÇOU"
"AL";270830;"São José da Laje";122;134;91;"SIM";91;"ALCANÇOU"
"AL";270840;"São José da Tapera";188;178;106;"SIM";106;"ALCANÇOU"
"AL";270850;"São Luís do Quitunde";195;154;127;"SIM";127;"ALCANÇOU"
"AL";270860;"São Miguel dos Campos";383;322;119;"SIM";119;"ALCANÇOU"
"AL";270870;"São Miguel dos Milagres";49;35;140;"SIM";140;"ALCANÇOU"
"AL";270880;"São Sebastião";215;169;127;"SIM";127;"ALCANÇOU"
"AL";270890;"Satuba";111;104;107;"SIM";107;"ALCANÇOU"
"AL";270895;"Senador Rui Palmeira";96;68;141;"SIM";141;"ALCANÇOU"
"AL";270900;"Tanque d'Arca";36;34;106;"SIM";106;"ALCANÇOU"
"AL";270910;"Taquarana";158;155;102;"SIM";102;"ALCANÇOU"
"AL";270915;"Teotônio Vilela";269;236;114;"SIM";114;"ALCANÇOU"
"AL";270920;"Traipu";142;134;106;"SIM";106;"ALCANÇOU"
"AL";270930;"União dos Palmares";483;467;103;"SIM";103;"ALCANÇOU"
"AL";270940;"Viçosa";194;183;106;"SIM";106;"ALCANÇOU"
"SE";280010;"Amparo de São Francisco";16;12;133;"SIM";133;"ALCANÇOU"
"SE";280020;"Aquidabã";170;140;121;"SIM";121;"ALCANÇOU"
"SE";280030;"Aracaju";3958;3923;101;"SIM";101;"ALCANÇOU"
"SE";280040;"Arauá";70;63;111;"SIM";111;"ALCANÇOU"
"SE";280050;"Areia Branca";123;86;143;"SIM";143;"ALCANÇOU"
"SE";280060;"Barra dos Coqueiros";201;194;104;"SIM";104;"ALCANÇOU"
"SE";280067;"Boquim";159;166;96;"SIM";96;"ALCANÇOU"
"SE";280070;"Brejo Grande";62;47;132;"SIM";132;"ALCANÇOU"
"SE";280100;"Campo do Brito";136;98;139;"SIM";139;"ALCANÇOU"
"SE";280110;"Canhoba";36;31;116;"SIM";116;"ALCANÇOU"
"SE";280120;"Canindé de São Francisco";164;169;97;"SIM";97;"ALCANÇOU"
"SE";280130;"Capela";228;232;98;"SIM";98;"ALCANÇOU"
"SE";280140;"Carira";157;146;108;"SIM";108;"ALCANÇOU"
"SE";280150;"Carmópolis";86;84;102;"SIM";102;"ALCANÇOU"
"SE";280160;"Cedro de São João";50;38;132;"SIM";132;"ALCANÇOU"
"SE";280170;"Cristinápolis";103;104;99;"SIM";99;"ALCANÇOU"
"SE";280190;"Cumbe";25;22;114;"SIM";114;"ALCANÇOU"
"SE";280200;"Divina Pastora";33;19;174;"SIM";174;"ALCANÇOU"
"SE";280210;"Estância";458;433;106;"SIM";106;"ALCANÇOU"
"SE";280220;"Feira Nova";39;40;98;"SIM";98;"ALCANÇOU"
"SE";280230;"Frei Paulo";96;83;116;"SIM";116;"ALCANÇOU"
"SE";280240;"Gararu";64;54;119;"SIM";119;"ALCANÇOU"
"SE";280250;"General Maynard";18;15;120;"SIM";120;"ALCANÇOU"
"SE";280260;"Gracho Cardoso";37;46;80;"NÃO";80;"NÃO ALCANÇOU"
"SE";280270;"Ilha das Flores";58;47;123;"SIM";123;"ALCANÇOU"
"SE";280280;"Indiaroba";91;79;115;"SIM";115;"ALCANÇOU"
"SE";280290;"Itabaiana";648;579;112;"SIM";112;"ALCANÇOU"
"SE";280300;"Itabaianinha";242;183;132;"SIM";132;"ALCANÇOU"
"SE";280310;"Itabi";36;25;144;"SIM";144;"ALCANÇOU"
"SE";280320;"Itaporanga d'Ajuda";205;203;101;"SIM";101;"ALCANÇOU"
"SE";280330;"Japaratuba";107;85;126;"SIM";126;"ALCANÇOU"
"SE";280340;"Japoatã";102;90;113;"SIM";113;"ALCANÇOU"
"SE";280350;"Lagarto";643;654;98;"SIM";98;"ALCANÇOU"
"SE";280360;"Laranjeiras";159;144;110;"SIM";110;"ALCANÇOU"
"SE";280370;"Macambira";47;37;127;"SIM";127;"ALCANÇOU"
"SE";280380;"Malhada dos Bois";27;15;180;"SIM";180;"ALCANÇOU"
"SE";280390;"Malhador";80;76;105;"SIM";105;"ALCANÇOU"
"SE";280400;"Maruim";96;81;119;"SIM";119;"ALCANÇOU"
"SE";280410;"Moita Bonita";90;64;141;"SIM";141;"ALCANÇOU"
"SE";280420;"Monte Alegre de Sergipe";81;71;114;"SIM";114;"ALCANÇOU"
"SE";280430;"Muribeca";61;29;210;"SIM";210;"ALCANÇOU"
"SE";280440;"Neópolis";116;115;101;"SIM";101;"ALCANÇOU"
"SE";280445;"Nossa Senhora Aparecida";69;53;130;"SIM";130;"ALCANÇOU"
"SE";280450;"Nossa Senhora da Glória";238;255;93;"SIM";93;"ALCANÇOU"
"SE";280460;"Nossa Senhora das Dores";191;135;141;"SIM";141;"ALCANÇOU"
"SE";280470;"Nossa Senhora de Lourdes";57;37;154;"SIM";154;"ALCANÇOU"
"SE";280480;"Nossa Senhora do Socorro";952;1078;88;"NÃO";88;"NÃO ALCANÇOU"
"SE";280490;"Pacatuba";85;67;127;"SIM";127;"ALCANÇOU"
"SE";280500;"Pedra Mole";25;14;179;"SIM";179;"ALCANÇOU"
"SE";280510;"Pedrinhas";50;57;88;"NÃO";88;"NÃO ALCANÇOU"
"SE";280520;"Pinhão";53;28;189;"SIM";189;"ALCANÇOU"
"SE";280530;"Pirambu";58;49;118;"SIM";118;"ALCANÇOU"
"SE";280540;"Poço Redondo";164;163;101;"SIM";101;"ALCANÇOU"
"SE";280550;"Poço Verde";159;157;101;"SIM";101;"ALCANÇOU"
"SE";280560;"Porto da Folha";175;174;101;"SIM";101;"ALCANÇOU"
"SE";280570;"Propriá";216;191;113;"SIM";113;"ALCANÇOU"
"SE";280580;"Riachão do Dantas";141;106;133;"SIM";133;"ALCANÇOU"
"SE";280590;"Riachuelo";58;59;98;"SIM";98;"ALCANÇOU"
"SE";280600;"Ribeirópolis";121;118;103;"SIM";103;"ALCANÇOU"
"SE";280610;"Rosário do Catete";80;57;140;"SIM";140;"ALCANÇOU"
"SE";280620;"Salgado";115;127;91;"SIM";91;"ALCANÇOU"
"SE";280630;"Santa Luzia do Itanhy";77;75;103;"SIM";103;"ALCANÇOU"
"SE";280640;"Santana do São Francisco";43;30;143;"SIM";143;"ALCANÇOU"
"SE";280650;"Santa Rosa de Lima";21;19;111;"SIM";111;"ALCANÇOU"
"SE";280660;"Santo Amaro das Brotas";69;52;133;"SIM";133;"ALCANÇOU"
"SE";280670;"São Cristóvão";481;512;94;"SIM";94;"ALCANÇOU"
"SE";280680;"São Domingos";55;62;89;"NÃO";89;"NÃO ALCANÇOU"
"SE";280690;"São Francisco";30;13;231;"SIM";231;"ALCANÇOU"
"SE";280700;"São Miguel do Aleixo";20;24;83;"NÃO";83;"NÃO ALCANÇOU"
"SE";280710;"Simão Dias";312;283;110;"SIM";110;"ALCANÇOU"
"SE";280720;"Siriri";41;50;82;"NÃO";82;"NÃO ALCANÇOU"
"SE";280730;"Telha";17;23;74;"NÃO";74;"NÃO ALCANÇOU"
"SE";280740;"Tobias Barreto";382;310;123;"SIM";123;"ALCANÇOU"
"SE";280750;"Tomar do Geru";86;70;123;"SIM";123;"ALCANÇOU"
"SE";280760;"Umbaúba";159;133;120;"SIM";120;"ALCANÇOU"
"BA";290010;"Abaíra";73;78;94;"SIM";94;"ALCANÇOU"
"BA";290020;"Abaré";58;85;68;"NÃO";68;"NÃO ALCANÇOU"
"BA";290030;"Acajutiba";67;118;57;"NÃO";57;"NÃO ALCANÇOU"
"BA";290035;"Adustina";100;94;106;"SIM";106;"ALCANÇOU"
"BA";290040;"Água Fria";101;90;112;"SIM";112;"ALCANÇOU"
"BA";290050;"Érico Cardoso";65;71;92;"SIM";92;"ALCANÇOU"
"BA";290060;"Aiquara";33;24;138;"SIM";138;"ALCANÇOU"
"BA";290070;"Alagoinhas";1095;1051;104;"SIM";104;"ALCANÇOU"
"BA";290080;"Alcobaça";161;166;97;"SIM";97;"ALCANÇOU"
"BA";290090;"Almadina";43;55;78;"NÃO";78;"NÃO ALCANÇOU"
"BA";290100;"Amargosa";296;290;102;"SIM";102;"ALCANÇOU"
"BA";290110;"Amélia Rodrigues";162;127;128;"SIM";128;"ALCANÇOU"
"BA";290115;"América Dourada";107;109;98;"SIM";98;"ALCANÇOU"
"BA";290120;"Anagé";151;145;104;"SIM";104;"ALCANÇOU"
"BA";290130;"Andaraí";95;78;122;"SIM";122;"ALCANÇOU"
"BA";290135;"Andorinha";117;108;108;"SIM";108;"ALCANÇOU"
"BA";290140;"Angical";91;97;94;"SIM";94;"ALCANÇOU"
"BA";290150;"Anguera";80;76;105;"SIM";105;"ALCANÇOU"
"BA";290160;"Antas";114;92;124;"SIM";124;"ALCANÇOU"
"BA";290170;"Antônio Cardoso";83;72;115;"SIM";115;"ALCANÇOU"
"BA";290180;"Antônio Gonçalves";72;74;97;"SIM";97;"ALCANÇOU"
"BA";290190;"Aporá";70;144;49;"NÃO";49;"NÃO ALCANÇOU"
"BA";290195;"Apuarema";73;50;146;"SIM";146;"ALCANÇOU"
"BA";290200;"Aracatu";112;102;110;"SIM";110;"ALCANÇOU"
"BA";290205;"Araças";52;69;75;"NÃO";75;"NÃO ALCANÇOU"
"BA";290210;"Araci";306;276;111;"SIM";111;"ALCANÇOU"
"BA";290220;"Aramari";56;79;71;"NÃO";71;"NÃO ALCANÇOU"
"BA";290225;"Arataca";56;49;114;"SIM";114;"ALCANÇOU"
"BA";290230;"Aratuípe";60;50;120;"SIM";120;"ALCANÇOU"
"BA";290240;"Aurelino Leal";90;96;94;"SIM";94;"ALCANÇOU"
"BA";290250;"Baianópolis";61;68;90;"SIM";90;"ALCANÇOU"
"BA";290260;"Baixa Grande";136;149;91;"SIM";91;"ALCANÇOU"
"BA";290265;"Banzaê";70;77;91;"SIM";91;"ALCANÇOU"
"BA";290270;"Barra";279;315;89;"NÃO";89;"NÃO ALCANÇOU"
"BA";290280;"Barra da Estiva";160;130;123;"SIM";123;"ALCANÇOU"
"BA";290290;"Barra do Choça";235;254;93;"SIM";93;"ALCANÇOU"
"BA";290300;"Barra do Mendes";138;111;124;"SIM";124;"ALCANÇOU"
"BA";290310;"Barra do Rocha";45;32;141;"SIM";141;"ALCANÇOU"
"BA";290320;"Barreiras";869;881;99;"SIM";99;"ALCANÇOU"
"BA";290323;"Barro Alto";104;105;99;"SIM";99;"ALCANÇOU"
"BA";290327;"Barrocas";87;109;80;"NÃO";80;"NÃO ALCANÇOU"
"BA";290330;"Barro Preto";51;47;109;"SIM";109;"ALCANÇOU"
"BA";290340;"Belmonte";130;165;79;"NÃO";79;"NÃO ALCANÇOU"
"BA";290350;"Belo Campo";148;163;91;"SIM";91;"ALCANÇOU"
"BA";290360;"Biritinga";130;122;107;"SIM";107;"ALCANÇOU"
"BA";290370;"Boa Nova";120;114;105;"SIM";105;"ALCANÇOU"
"BA";290380;"Boa Vista do Tupim";91;91;100;"SIM";100;"ALCANÇOU"
"BA";290390;"Bom Jesus da Lapa";413;483;86;"NÃO";86;"NÃO ALCANÇOU"
"BA";290395;"Bom Jesus da Serra";69;69;100;"SIM";100;"ALCANÇOU"
"BA";290400;"Boninal";89;89;100;"SIM";100;"ALCANÇOU"
"BA";290405;"Bonito";64;73;88;"NÃO";88;"NÃO ALCANÇOU"
"BA";290410;"Boquira";155;164;95;"SIM";95;"ALCANÇOU"
"BA";290420;"Botuporã";78;66;118;"SIM";118;"ALCANÇOU"
"BA";290430;"Brejões";114;89;128;"SIM";128;"ALCANÇOU"
"BA";290440;"Brejolândia";40;51;78;"NÃO";78;"NÃO ALCANÇOU"
"BA";290450;"Brotas de Macaúbas";99;111;89;"NÃO";89;"NÃO ALCANÇOU"
"BA";290460;"Brumado";540;525;103;"SIM";103;"ALCANÇOU"
"BA";290470;"Buerarema";174;168;104;"SIM";104;"ALCANÇOU"
"BA";290475;"Buritirama";63;120;53;"NÃO";53;"NÃO ALCANÇOU"
"BA";290480;"Caatiba";55;41;134;"SIM";134;"ALCANÇOU"
"BA";290485;"Cabaceiras do Paraguaçu";141;105;134;"SIM";134;"ALCANÇOU"
"BA";290490;"Cachoeira";228;223;102;"SIM";102;"ALCANÇOU"
"BA";290500;"Caculé";173;176;98;"SIM";98;"ALCANÇOU"
"BA";290510;"Caém";64;67;96;"SIM";96;"ALCANÇOU"
"BA";290515;"Caetanos";48;76;63;"NÃO";63;"NÃO ALCANÇOU"
"BA";290520;"Caetité";344;372;92;"SIM";92;"ALCANÇOU"
"BA";290530;"Cafarnaum";128;115;111;"SIM";111;"ALCANÇOU"
"BA";290540;"Cairu";97;113;86;"NÃO";86;"NÃO ALCANÇOU"
"BA";290550;"Caldeirão Grande";70;78;90;"SIM";90;"ALCANÇOU"
"BA";290560;"Camacan";160;173;92;"SIM";92;"ALCANÇOU"
"BA";290570;"Camaçari";1803;1788;101;"SIM";101;"ALCANÇOU"
"BA";290580;"Camamu";247;251;98;"SIM";98;"ALCANÇOU"
"BA";290590;"Campo Alegre de Lourdes";163;164;99;"SIM";99;"ALCANÇOU"
"BA";290600;"Campo Formoso";463;488;95;"SIM";95;"ALCANÇOU"
"BA";290610;"Canápolis";45;67;67;"NÃO";67;"NÃO ALCANÇOU"
"BA";290620;"Canarana";184;177;104;"SIM";104;"ALCANÇOU"
"BA";290630;"Canavieiras";159;183;87;"NÃO";87;"NÃO ALCANÇOU"
"BA";290640;"Candeal";74;64;116;"SIM";116;"ALCANÇOU"
"BA";290650;"Candeias";558;516;108;"SIM";108;"ALCANÇOU"
"BA";290660;"Candiba";72;103;70;"NÃO";70;"NÃO ALCANÇOU"
"BA";290670;"Cândido Sales";214;234;91;"SIM";91;"ALCANÇOU"
"BA";290680;"Cansanção";311;236;132;"SIM";132;"ALCANÇOU"
"BA";290682;"Canudos";74;84;88;"NÃO";88;"NÃO ALCANÇOU"
"BA";290685;"Capela do Alto Alegre";64;101;63;"NÃO";63;"NÃO ALCANÇOU"
"BA";290687;"Capim Grosso";241;203;119;"SIM";119;"ALCANÇOU"
"BA";290689;"Caraíbas";73;73;100;"SIM";100;"ALCANÇOU"
"BA";290690;"Caravelas";154;111;139;"SIM";139;"ALCANÇOU"
"BA";290700;"Cardeal da Silva";33;40;83;"NÃO";83;"NÃO ALCANÇOU"
"BA";290710;"Carinhanha";186;186;100;"SIM";100;"ALCANÇOU"
"BA";290720;"Casa Nova";478;477;100;"SIM";100;"ALCANÇOU"
"BA";290730;"Castro Alves";236;204;116;"SIM";116;"ALCANÇOU"
"BA";290740;"Catolândia";20;23;87;"NÃO";87;"NÃO ALCANÇOU"
"BA";290750;"Catu";363;336;108;"SIM";108;"ALCANÇOU"
"BA";290755;"Caturama";50;49;102;"SIM";102;"ALCANÇOU"
"BA";290760;"Central";133;115;116;"SIM";116;"ALCANÇOU"
"BA";290770;"Chorrochó";68;73;93;"SIM";93;"ALCANÇOU"
"BA";290780;"Cícero Dantas";270;245;110;"SIM";110;"ALCANÇOU"
"BA";290790;"Cipó";76;104;73;"NÃO";73;"NÃO ALCANÇOU"
"BA";290800;"Coaraci";206;183;113;"SIM";113;"ALCANÇOU"
"BA";290810;"Cocos";106;101;105;"SIM";105;"ALCANÇOU"
"BA";290820;"Conceição da Feira";129;136;95;"SIM";95;"ALCANÇOU"
"BA";290830;"Conceição do Almeida";123;142;87;"NÃO";87;"NÃO ALCANÇOU"
"BA";290840;"Conceição do Coité";479;463;103;"SIM";103;"ALCANÇOU"
"BA";290850;"Conceição do Jacuípe";251;168;149;"SIM";149;"ALCANÇOU"
"BA";290860;"Conde";163;119;137;"SIM";137;"ALCANÇOU"
"BA";290870;"Condeúba";113;126;90;"SIM";90;"ALCANÇOU"
"BA";290880;"Contendas do Sincorá";37;31;119;"SIM";119;"ALCANÇOU"
"BA";290890;"Coração de Maria";182;137;133;"SIM";133;"ALCANÇOU"
"BA";290900;"Cordeiros";59;63;94;"SIM";94;"ALCANÇOU"
"BA";290910;"Coribe";49;94;52;"NÃO";52;"NÃO ALCANÇOU"
"BA";290920;"Coronel João Sá";95;99;96;"SIM";96;"ALCANÇOU"
"BA";290930;"Correntina";177;175;101;"SIM";101;"ALCANÇOU"
"BA";290940;"Cotegipe";57;78;73;"NÃO";73;"NÃO ALCANÇOU"
"BA";290950;"Cravolândia";37;36;103;"SIM";103;"ALCANÇOU"
"BA";290960;"Crisópolis";91;121;75;"NÃO";75;"NÃO ALCANÇOU"
"BA";290970;"Cristópolis";103;88;117;"SIM";117;"ALCANÇOU"
"BA";290980;"Cruz das Almas";504;455;111;"SIM";111;"ALCANÇOU"
"BA";290990;"Curaçá";246;230;107;"SIM";107;"ALCANÇOU"
"BA";291000;"Dário Meira";83;87;95;"SIM";95;"ALCANÇOU"
"BA";291005;"Dias d'Ávila";482;442;109;"SIM";109;"ALCANÇOU"
"BA";291010;"Dom Basílio";76;89;85;"NÃO";85;"NÃO ALCANÇOU"
"BA";291020;"Dom Macedo Costa";33;28;118;"SIM";118;"ALCANÇOU"
"BA";291030;"Elísio Medrado";66;64;103;"SIM";103;"ALCANÇOU"
"BA";291040;"Encruzilhada";146;131;111;"SIM";111;"ALCANÇOU"
"BA";291050;"Entre Rios";268;232;116;"SIM";116;"ALCANÇOU"
"BA";291060;"Esplanada";178;199;89;"NÃO";89;"NÃO ALCANÇOU"
"BA";291070;"Euclides da Cunha";417;487;86;"NÃO";86;"NÃO ALCANÇOU"
"BA";291072;"Eunápolis";880;731;120;"SIM";120;"ALCANÇOU"
"BA";291075;"Fátima";87;111;78;"NÃO";78;"NÃO ALCANÇOU"
"BA";291077;"Feira da Mata";18;32;56;"NÃO";56;"NÃO ALCANÇOU"
"BA";291080;"Feira de Santana";4380;3861;113;"SIM";113;"ALCANÇOU"
"BA";291085;"Filadélfia";145;114;127;"SIM";127;"ALCANÇOU"
"BA";291090;"Firmino Alves";36;44;82;"NÃO";82;"NÃO ALCANÇOU"
"BA";291100;"Floresta Azul";79;84;94;"SIM";94;"ALCANÇOU"
"BA";291110;"Formosa do Rio Preto";114;171;67;"NÃO";67;"NÃO ALCANÇOU"
"BA";291120;"Gandu";267;232;115;"SIM";115;"ALCANÇOU"
"BA";291125;"Gavião";22;28;79;"NÃO";79;"NÃO ALCANÇOU"
"BA";291130;"Gentio do Ouro";85;72;118;"SIM";118;"ALCANÇOU"
"BA";291140;"Glória";93;79;118;"SIM";118;"ALCANÇOU"
"BA";291150;"Gongogi";34;43;79;"NÃO";79;"NÃO ALCANÇOU"
"BA";291160;"Governador Mangabeira";157;141;111;"SIM";111;"ALCANÇOU"
"BA";291165;"Guajeru";53;66;80;"NÃO";80;"NÃO ALCANÇOU"
"BA";291170;"Guanambi";547;613;89;"NÃO";89;"NÃO ALCANÇOU"
"BA";291180;"Guaratinga";126;144;88;"NÃO";88;"NÃO ALCANÇOU"
"BA";291185;"Heliópolis";76;66;115;"SIM";115;"ALCANÇOU"
"BA";291190;"Iaçu";244;209;117;"SIM";117;"ALCANÇOU"
"BA";291200;"Ibiassucê";90;60;150;"SIM";150;"ALCANÇOU"
"BA";291210;"Ibicaraí";225;182;124;"SIM";124;"ALCANÇOU"
"BA";291220;"Ibicoara";108;108;100;"SIM";100;"ALCANÇOU"
"BA";291230;"Ibicuí";130;114;114;"SIM";114;"ALCANÇOU"
"BA";291240;"Ibipeba";120;110;109;"SIM";109;"ALCANÇOU"
"BA";291250;"Ibipitanga";109;116;94;"SIM";94;"ALCANÇOU"
"BA";291260;"Ibiquera";25;19;132;"SIM";132;"ALCANÇOU"
"BA";291270;"Ibirapitanga";160;132;121;"SIM";121;"ALCANÇOU"
"BA";291280;"Ibirapuã";62;51;122;"SIM";122;"ALCANÇOU"
"BA";291290;"Ibirataia";166;189;88;"NÃO";88;"NÃO ALCANÇOU"
"BA";291300;"Ibitiara";138;121;114;"SIM";114;"ALCANÇOU"
"BA";291310;"Ibititá";119;102;117;"SIM";117;"ALCANÇOU"
"BA";291320;"Ibotirama";209;190;110;"SIM";110;"ALCANÇOU"
"BA";291330;"Ichu";58;28;207;"SIM";207;"ALCANÇOU"
"BA";291340;"Igaporã";104;97;107;"SIM";107;"ALCANÇOU"
"BA";291345;"Igrapiúna";60;78;77;"NÃO";77;"NÃO ALCANÇOU"
"BA";291350;"Iguaí";165;202;82;"NÃO";82;"NÃO ALCANÇOU"
"BA";291360;"Ilhéus";1538;1453;106;"SIM";106;"ALCANÇOU"
"BA";291370;"Inhambupe";296;240;123;"SIM";123;"ALCANÇOU"
"BA";291380;"Ipecaetá";94;118;80;"NÃO";80;"NÃO ALCANÇOU"
"BA";291390;"Ipiaú";376;349;108;"SIM";108;"ALCANÇOU"
"BA";291400;"Ipirá";451;387;117;"SIM";117;"ALCANÇOU"
"BA";291410;"Ipupiara";65;64;102;"SIM";102;"ALCANÇOU"
"BA";291420;"Irajuba";54;49;110;"SIM";110;"ALCANÇOU"
"BA";291430;"Iramaia";60;58;103;"SIM";103;"ALCANÇOU"
"BA";291440;"Iraquara";179;148;121;"SIM";121;"ALCANÇOU"
"BA";291450;"Irará";249;217;115;"SIM";115;"ALCANÇOU"
"BA";291460;"Irecê";542;501;108;"SIM";108;"ALCANÇOU"
"BA";291465;"Itabela";252;212;119;"SIM";119;"ALCANÇOU"
"BA";291470;"Itaberaba";490;566;87;"NÃO";87;"NÃO ALCANÇOU"
"BA";291480;"Itabuna";1694;1675;101;"SIM";101;"ALCANÇOU"
"BA";291490;"Itacaré";124;123;101;"SIM";101;"ALCANÇOU"
"BA";291500;"Itaeté";80;96;83;"NÃO";83;"NÃO ALCANÇOU"
"BA";291510;"Itagi";108;91;119;"SIM";119;"ALCANÇOU"
"BA";291520;"Itagibá";128;108;119;"SIM";119;"ALCANÇOU"
"BA";291530;"Itagimirim";56;48;117;"SIM";117;"ALCANÇOU"
"BA";291535;"Itaguaçu da Bahia";71;82;87;"NÃO";87;"NÃO ALCANÇOU"
"BA";291540;"Itaju do Colônia";53;41;129;"SIM";129;"ALCANÇOU"
"BA";291550;"Itajuípe";165;178;93;"SIM";93;"ALCANÇOU"
"BA";291560;"Itamaraju";488;525;93;"SIM";93;"ALCANÇOU"
"BA";291570;"Itamari";54;61;89;"NÃO";89;"NÃO ALCANÇOU"
"BA";291580;"Itambé";175;164;107;"SIM";107;"ALCANÇOU"
"BA";291590;"Itanagra";29;29;100;"SIM";100;"ALCANÇOU"
"BA";291600;"Itanhém";183;128;143;"SIM";143;"ALCANÇOU"
"BA";291610;"Itaparica";185;137;135;"SIM";135;"ALCANÇOU"
"BA";291620;"Itapé";74;69;107;"SIM";107;"ALCANÇOU"
"BA";291630;"Itapebi";71;59;120;"SIM";120;"ALCANÇOU"
"BA";291640;"Itapetinga";550;551;100;"SIM";100;"ALCANÇOU"
"BA";291650;"Itapicuru";117;175;67;"NÃO";67;"NÃO ALCANÇOU"
"BA";291660;"Itapitanga";52;51;102;"SIM";102;"ALCANÇOU"
"BA";291670;"Itaquara";68;48;142;"SIM";142;"ALCANÇOU"
"BA";291680;"Itarantim";143;102;140;"SIM";140;"ALCANÇOU"
"BA";291685;"Itatim";107;89;120;"SIM";120;"ALCANÇOU"
"BA";291690;"Itiruçu";95;87;109;"SIM";109;"ALCANÇOU"
"BA";291700;"Itiúba";268;214;125;"SIM";125;"ALCANÇOU"
"BA";291710;"Itororó";180;148;122;"SIM";122;"ALCANÇOU"
"BA";291720;"Ituaçu";137;162;85;"NÃO";85;"NÃO ALCANÇOU"
"BA";291730;"Ituberá";122;142;86;"NÃO";86;"NÃO ALCANÇOU"
"BA";291733;"Iuiú";47;76;62;"NÃO";62;"NÃO ALCANÇOU"
"BA";291735;"Jaborandi";77;70;110;"SIM";110;"ALCANÇOU"
"BA";291740;"Jacaraci";95;121;79;"NÃO";79;"NÃO ALCANÇOU"
"BA";291750;"Jacobina";451;593;76;"NÃO";76;"NÃO ALCANÇOU"
"BA";291760;"Jaguaquara";404;389;104;"SIM";104;"ALCANÇOU"
"BA";291770;"Jaguarari";276;256;108;"SIM";108;"ALCANÇOU"
"BA";291780;"Jaguaripe";96;106;91;"SIM";91;"ALCANÇOU"
"BA";291790;"Jandaíra";46;48;96;"SIM";96;"ALCANÇOU"
"BA";291800;"Jequié";1273;1368;93;"SIM";93;"ALCANÇOU"
"BA";291810;"Jeremoabo";280;247;113;"SIM";113;"ALCANÇOU"
"BA";291820;"Jiquiriçá";100;88;114;"SIM";114;"ALCANÇOU"
"BA";291830;"Jitaúna";93;111;84;"NÃO";84;"NÃO ALCANÇOU"
"BA";291835;"João Dourado";146;154;95;"SIM";95;"ALCANÇOU"
"BA";291840;"Juazeiro";1640;1620;101;"SIM";101;"ALCANÇOU"
"BA";291845;"Jucuruçu";50;68;74;"NÃO";74;"NÃO ALCANÇOU"
"BA";291850;"Jussara";100;113;88;"NÃO";88;"NÃO ALCANÇOU"
"BA";291855;"Jussari";34;63;54;"NÃO";54;"NÃO ALCANÇOU"
"BA";291860;"Jussiape";68;64;106;"SIM";106;"ALCANÇOU"
"BA";291870;"Lafaiete Coutinho";29;35;83;"NÃO";83;"NÃO ALCANÇOU"
"BA";291875;"Lagoa Real";61;85;72;"NÃO";72;"NÃO ALCANÇOU"
"BA";291880;"Laje";164;151;109;"SIM";109;"ALCANÇOU"
"BA";291890;"Lajedão";39;39;100;"SIM";100;"ALCANÇOU"
"BA";291900;"Lajedinho";21;19;111;"SIM";111;"ALCANÇOU"
"BA";291905;"Lajedo do Tabocal";53;57;93;"SIM";93;"ALCANÇOU"
"BA";291910;"Lamarão";70;72;97;"SIM";97;"ALCANÇOU"
"BA";291915;"Lapão";207;178;116;"SIM";116;"ALCANÇOU"
"BA";291920;"Lauro de Freitas";1364;1060;129;"SIM";129;"ALCANÇOU"
"BA";291930;"Lençóis";59;53;111;"SIM";111;"ALCANÇOU"
"BA";291940;"Licínio de Almeida";101;85;119;"SIM";119;"ALCANÇOU"
"BA";291950;"Livramento de Nossa Senhora";293;319;92;"SIM";92;"ALCANÇOU"
"BA";291955;"Luís Eduardo Magalhães";442;451;98;"SIM";98;"ALCANÇOU"
"BA";291960;"Macajuba";88;75;117;"SIM";117;"ALCANÇOU"
"BA";291970;"Macarani";113;102;111;"SIM";111;"ALCANÇOU"
"BA";291980;"Macaúbas";261;329;79;"NÃO";79;"NÃO ALCANÇOU"
"BA";291990;"Macururé";56;41;137;"SIM";137;"ALCANÇOU"
"BA";291992;"Madre de Deus";117;86;136;"SIM";136;"ALCANÇOU"
"BA";291995;"Maetinga";46;51;90;"SIM";90;"ALCANÇOU"
"BA";292000;"Maiquinique";57;56;102;"SIM";102;"ALCANÇOU"
"BA";292010;"Mairi";144;128;113;"SIM";113;"ALCANÇOU"
"BA";292020;"Malhada";45;97;46;"NÃO";46;"NÃO ALCANÇOU"
"BA";292030;"Malhada de Pedras";70;57;123;"SIM";123;"ALCANÇOU"
"BA";292040;"Manoel Vitorino";100;76;132;"SIM";132;"ALCANÇOU"
"BA";292045;"Mansidão";53;69;77;"NÃO";77;"NÃO ALCANÇOU"
"BA";292050;"Maracás";181;196;92;"SIM";92;"ALCANÇOU"
"BA";292060;"Maragogipe";318;259;123;"SIM";123;"ALCANÇOU"
"BA";292070;"Maraú";97;100;97;"SIM";97;"ALCANÇOU"
"BA";292080;"Marcionílio Souza";49;60;82;"NÃO";82;"NÃO ALCANÇOU"
"BA";292090;"Mascote";80;104;77;"NÃO";77;"NÃO ALCANÇOU"
"BA";292100;"Mata de São João";298;303;98;"SIM";98;"ALCANÇOU"
"BA";292105;"Matina";62;61;102;"SIM";102;"ALCANÇOU"
"BA";292110;"Medeiros Neto";226;213;106;"SIM";106;"ALCANÇOU"
"BA";292120;"Miguel Calmon";75;134;56;"NÃO";56;"NÃO ALCANÇOU"
"BA";292130;"Milagres";95;88;108;"SIM";108;"ALCANÇOU"
"BA";292140;"Mirangaba";77;95;81;"NÃO";81;"NÃO ALCANÇOU"
"BA";292145;"Mirante";48;63;76;"NÃO";76;"NÃO ALCANÇOU"
"BA";292150;"Monte Santo";307;334;92;"SIM";92;"ALCANÇOU"
"BA";292160;"Morpará";69;50;138;"SIM";138;"ALCANÇOU"
"BA";292170;"Morro do Chapéu";212;192;110;"SIM";110;"ALCANÇOU"
"BA";292180;"Mortugaba";97;59;164;"SIM";164;"ALCANÇOU"
"BA";292190;"Mucugê";88;59;149;"SIM";149;"ALCANÇOU"
"BA";292200;"Mucuri";247;188;131;"SIM";131;"ALCANÇOU"
"BA";292205;"Mulungu do Morro";76;73;104;"SIM";104;"ALCANÇOU"
"BA";292210;"Mundo Novo";152;135;113;"SIM";113;"ALCANÇOU"
"BA";292220;"Muniz Ferreira";71;39;182;"SIM";182;"ALCANÇOU"
"BA";292225;"Muquém de São Francisco";53;46;115;"SIM";115;"ALCANÇOU"
"BA";292230;"Muritiba";247;213;116;"SIM";116;"ALCANÇOU"
"BA";292240;"Mutuípe";142;167;85;"NÃO";85;"NÃO ALCANÇOU"
"BA";292250;"Nazaré";210;197;107;"SIM";107;"ALCANÇOU"
"BA";292260;"Nilo Peçanha";49;74;66;"NÃO";66;"NÃO ALCANÇOU"
"BA";292265;"Nordestina";88;99;89;"NÃO";89;"NÃO ALCANÇOU"
"BA";292270;"Nova Canaã";116;92;126;"SIM";126;"ALCANÇOU"
"BA";292273;"Nova Fátima";77;56;138;"SIM";138;"ALCANÇOU"
"BA";292275;"Nova Ibiá";41;31;132;"SIM";132;"ALCANÇOU"
"BA";292280;"Nova Itarana";59;31;190;"SIM";190;"ALCANÇOU"
"BA";292285;"Nova Redenção";42;64;66;"NÃO";66;"NÃO ALCANÇOU"
"BA";292290;"Nova Soure";161;159;101;"SIM";101;"ALCANÇOU"
"BA";292300;"Nova Viçosa";260;250;104;"SIM";104;"ALCANÇOU"
"BA";292303;"Novo Horizonte";71;69;103;"SIM";103;"ALCANÇOU"
"BA";292305;"Novo Triunfo";52;70;74;"NÃO";74;"NÃO ALCANÇOU"
"BA";292310;"Olindina";161;203;79;"NÃO";79;"NÃO ALCANÇOU"
"BA";292320;"Oliveira dos Brejinhos";154;174;89;"NÃO";89;"NÃO ALCANÇOU"
"BA";292330;"Ouriçangas";33;60;55;"NÃO";55;"NÃO ALCANÇOU"
"BA";292335;"Ourolândia";113;114;99;"SIM";99;"ALCANÇOU"
"BA";292340;"Palmas de Monte Alto";154;143;108;"SIM";108;"ALCANÇOU"
"BA";292350;"Palmeiras";67;69;97;"SIM";97;"ALCANÇOU"
"BA";292360;"Paramirim";151;124;122;"SIM";122;"ALCANÇOU"
"BA";292370;"Paratinga";178;192;93;"SIM";93;"ALCANÇOU"
"BA";292380;"Paripiranga";151;115;131;"SIM";131;"ALCANÇOU"
"BA";292390;"Pau Brasil";79;57;139;"SIM";139;"ALCANÇOU"
"BA";292400;"Paulo Afonso";917;849;108;"SIM";108;"ALCANÇOU"
"BA";292405;"Pé de Serra";103;80;129;"SIM";129;"ALCANÇOU"
"BA";292410;"Pedrão";31;53;58;"NÃO";58;"NÃO ALCANÇOU"
"BA";292420;"Pedro Alexandre";61;61;100;"SIM";100;"ALCANÇOU"
"BA";292430;"Piatã";159;160;99;"SIM";99;"ALCANÇOU"
"BA";292440;"Pilão Arcado";149;175;85;"NÃO";85;"NÃO ALCANÇOU"
"BA";292450;"Pindaí";110;107;103;"SIM";103;"ALCANÇOU"
"BA";292460;"Pindobaçu";130;169;77;"NÃO";77;"NÃO ALCANÇOU"
"BA";292465;"Pintadas";95;69;138;"SIM";138;"ALCANÇOU"
"BA";292467;"Piraí do Norte";40;48;83;"NÃO";83;"NÃO ALCANÇOU"
"BA";292470;"Piripá";96;63;152;"SIM";152;"ALCANÇOU"
"BA";292480;"Piritiba";136;152;89;"NÃO";89;"NÃO ALCANÇOU"
"BA";292490;"Planaltino";62;48;129;"SIM";129;"ALCANÇOU"
"BA";292500;"Planalto";223;198;113;"SIM";113;"ALCANÇOU"
"BA";292510;"Poções";405;432;94;"SIM";94;"ALCANÇOU"
"BA";292520;"Pojuca";215;211;102;"SIM";102;"ALCANÇOU"
"BA";292525;"Ponto Novo";132;108;122;"SIM";122;"ALCANÇOU"
"BA";292530;"Porto Seguro";1036;953;109;"SIM";109;"ALCANÇOU"
"BA";292540;"Potiraguá";81;66;123;"SIM";123;"ALCANÇOU"
"BA";292550;"Prado";254;246;103;"SIM";103;"ALCANÇOU"
"BA";292560;"Presidente Dutra";111;110;101;"SIM";101;"ALCANÇOU"
"BA";292570;"Presidente Jânio Quadros";74;90;82;"NÃO";82;"NÃO ALCANÇOU"
"BA";292575;"Presidente Tancredo Neves";171;159;108;"SIM";108;"ALCANÇOU"
"BA";292580;"Queimadas";195;206;95;"SIM";95;"ALCANÇOU"
"BA";292590;"Quijingue";198;143;138;"SIM";138;"ALCANÇOU"
"BA";292593;"Quixabeira";45;54;83;"NÃO";83;"NÃO ALCANÇOU"
"BA";292595;"Rafael Jambeiro";153;151;101;"SIM";101;"ALCANÇOU"
"BA";292600;"Remanso";309;295;105;"SIM";105;"ALCANÇOU"
"BA";292610;"Retirolândia";94;103;91;"SIM";91;"ALCANÇOU"
"BA";292620;"Riachão das Neves";125;116;108;"SIM";108;"ALCANÇOU"
"BA";292630;"Riachão do Jacuípe";235;195;121;"SIM";121;"ALCANÇOU"
"BA";292640;"Riacho de Santana";230;228;101;"SIM";101;"ALCANÇOU"
"BA";292650;"Ribeira do Amparo";89;92;97;"SIM";97;"ALCANÇOU"
"BA";292660;"Ribeira do Pombal";417;388;107;"SIM";107;"ALCANÇOU"
"BA";292665;"Ribeirão do Largo";54;51;106;"SIM";106;"ALCANÇOU"
"BA";292670;"Rio de Contas";104;101;103;"SIM";103;"ALCANÇOU"
"BA";292680;"Rio do Antônio";69;110;63;"NÃO";63;"NÃO ALCANÇOU"
"BA";292690;"Rio do Pires";59;48;123;"SIM";123;"ALCANÇOU"
"BA";292700;"Rio Real";229;256;89;"NÃO";89;"NÃO ALCANÇOU"
"BA";292710;"Rodelas";76;46;165;"SIM";165;"ALCANÇOU"
"BA";292720;"Ruy Barbosa";232;251;92;"SIM";92;"ALCANÇOU"
"BA";292730;"Salinas da Margarida";104;94;111;"SIM";111;"ALCANÇOU"
"BA";292740;"Salvador";18973;18370;103;"SIM";103;"ALCANÇOU"
"BA";292750;"Santa Bárbara";167;143;117;"SIM";117;"ALCANÇOU"
"BA";292760;"Santa Brígida";98;80;123;"SIM";123;"ALCANÇOU"
"BA";292770;"Santa Cruz Cabrália";192;166;116;"SIM";116;"ALCANÇOU"
"BA";292780;"Santa Cruz da Vitória";29;48;60;"NÃO";60;"NÃO ALCANÇOU"
"BA";292790;"Santa Inês";93;86;108;"SIM";108;"ALCANÇOU"
"BA";292800;"Santaluz";236;233;101;"SIM";101;"ALCANÇOU"
"BA";292805;"Santa Luzia";71;75;95;"SIM";95;"ALCANÇOU"
"BA";292810;"Santa Maria da Vitória";270;272;99;"SIM";99;"ALCANÇOU"
"BA";292820;"Santana";189;193;98;"SIM";98;"ALCANÇOU"
"BA";292830;"Santanópolis";62;63;98;"SIM";98;"ALCANÇOU"
"BA";292840;"Santa Rita de Cássia";149;185;81;"NÃO";81;"NÃO ALCANÇOU"
"BA";292850;"Santa Teresinha";83;54;154;"SIM";154;"ALCANÇOU"
"BA";292860;"Santo Amaro";373;454;82;"NÃO";82;"NÃO ALCANÇOU"
"BA";292870;"Santo Antônio de Jesus";728;723;101;"SIM";101;"ALCANÇOU"
"BA";292880;"Santo Estêvão";355;352;101;"SIM";101;"ALCANÇOU"
"BA";292890;"São Desidério";146;207;71;"NÃO";71;"NÃO ALCANÇOU"
"BA";292895;"São Domingos";73;64;114;"SIM";114;"ALCANÇOU"
"BA";292900;"São Félix";82;81;101;"SIM";101;"ALCANÇOU"
"BA";292905;"São Félix do Coribe";53;65;82;"NÃO";82;"NÃO ALCANÇOU"
"BA";292910;"São Felipe";156;113;138;"SIM";138;"ALCANÇOU"
"BA";292920;"São Francisco do Conde";189;211;90;"SIM";90;"ALCANÇOU"
"BA";292925;"São Gabriel";151;109;139;"SIM";139;"ALCANÇOU"
"BA";292930;"São Gonçalo dos Campos";244;215;113;"SIM";113;"ALCANÇOU"
"BA";292935;"São José da Vitória";62;39;159;"SIM";159;"ALCANÇOU"
"BA";292937;"São José do Jacuípe";54;77;70;"NÃO";70;"NÃO ALCANÇOU"
"BA";292940;"São Miguel das Matas";75;50;150;"SIM";150;"ALCANÇOU"
"BA";292950;"São Sebastião do Passé";305;253;121;"SIM";121;"ALCANÇOU"
"BA";292960;"Sapeaçu";149;113;132;"SIM";132;"ALCANÇOU"
"BA";292970;"Sátiro Dias";56;94;60;"NÃO";60;"NÃO ALCANÇOU"
"BA";292975;"Saubara";85;55;155;"SIM";155;"ALCANÇOU"
"BA";292980;"Saúde";69;75;92;"SIM";92;"ALCANÇOU"
"BA";292990;"Seabra";265;305;87;"NÃO";87;"NÃO ALCANÇOU"
"BA";293000;"Sebastião Laranjeiras";75;60;125;"SIM";125;"ALCANÇOU"
"BA";293010;"Senhor do Bonfim";628;609;103;"SIM";103;"ALCANÇOU"
"BA";293015;"Serra do Ramalho";192;203;95;"SIM";95;"ALCANÇOU"
"BA";293020;"Sento Sé";174;234;74;"NÃO";74;"NÃO ALCANÇOU"
"BA";293030;"Serra Dourada";125;95;132;"SIM";132;"ALCANÇOU"
"BA";293040;"Serra Preta";135;109;124;"SIM";124;"ALCANÇOU"
"BA";293050;"Serrinha";591;554;107;"SIM";107;"ALCANÇOU"
"BA";293060;"Serrolândia";112;114;98;"SIM";98;"ALCANÇOU"
"BA";293070;"Simões Filho";807;759;106;"SIM";106;"ALCANÇOU"
"BA";293075;"Sítio do Mato";57;64;89;"NÃO";89;"NÃO ALCANÇOU"
"BA";293076;"Sítio do Quinto";68;59;115;"SIM";115;"ALCANÇOU"
"BA";293077;"Sobradinho";184;160;115;"SIM";115;"ALCANÇOU"
"BA";293080;"Souto Soares";116;110;105;"SIM";105;"ALCANÇOU"
"BA";293090;"Tabocas do Brejo Velho";47;71;66;"NÃO";66;"NÃO ALCANÇOU"
"BA";293100;"Tanhaçu";142;147;97;"SIM";97;"ALCANÇOU"
"BA";293105;"Tanque Novo";108;101;107;"SIM";107;"ALCANÇOU"
"BA";293110;"Tanquinho";69;70;99;"SIM";99;"ALCANÇOU"
"BA";293120;"Taperoá";107;107;100;"SIM";100;"ALCANÇOU"
"BA";293130;"Tapiramutá";81;88;92;"SIM";92;"ALCANÇOU"
"BA";293135;"Teixeira de Freitas";1175;1038;113;"SIM";113;"ALCANÇOU"
"BA";293140;"Teodoro Sampaio";75;39;192;"SIM";192;"ALCANÇOU"
"BA";293150;"Teofilândia";140;112;125;"SIM";125;"ALCANÇOU"
"BA";293160;"Teolândia";105;83;127;"SIM";127;"ALCANÇOU"
"BA";293170;"Terra Nova";92;64;144;"SIM";144;"ALCANÇOU"
"BA";293180;"Tremedal";141;122;116;"SIM";116;"ALCANÇOU"
"BA";293190;"Tucano";333;269;124;"SIM";124;"ALCANÇOU"
"BA";293200;"Uauá";176;175;101;"SIM";101;"ALCANÇOU"
"BA";293210;"Ubaíra";128;128;100;"SIM";100;"ALCANÇOU"
"BA";293220;"Ubaitaba";160;159;101;"SIM";101;"ALCANÇOU"
"BA";293230;"Ubatã";149;165;90;"SIM";90;"ALCANÇOU"
"BA";293240;"Uibaí";116;117;99;"SIM";99;"ALCANÇOU"
"BA";293245;"Umburanas";28;73;38;"NÃO";38;"NÃO ALCANÇOU"
"BA";293250;"Una";150;149;101;"SIM";101;"ALCANÇOU"
"BA";293260;"Urandi";92;102;90;"SIM";90;"ALCANÇOU"
"BA";293270;"Uruçuca";180;155;116;"SIM";116;"ALCANÇOU"
"BA";293280;"Utinga";108;132;82;"NÃO";82;"NÃO ALCANÇOU"
"BA";293290;"Valença";677;593;114;"SIM";114;"ALCANÇOU"
"BA";293300;"Valente";183;174;105;"SIM";105;"ALCANÇOU"
"BA";293305;"Várzea da Roça";46;102;45;"NÃO";45;"NÃO ALCANÇOU"
"BA";293310;"Várzea do Poço";70;62;113;"SIM";113;"ALCANÇOU"
"BA";293315;"Várzea Nova";93;101;92;"SIM";92;"ALCANÇOU"
"BA";293317;"Varzedo";61;61;100;"SIM";100;"ALCANÇOU"
"BA";293320;"Vera Cruz";346;333;104;"SIM";104;"ALCANÇOU"
"BA";293325;"Vereda";49;46;107;"SIM";107;"ALCANÇOU"
"BA";293330;"Vitória da Conquista";2540;2336;109;"SIM";109;"ALCANÇOU"
"BA";293340;"Wagner";45;66;68;"NÃO";68;"NÃO ALCANÇOU"
"BA";293345;"Wanderley";86;72;119;"SIM";119;"ALCANÇOU"
"BA";293350;"Wenceslau Guimarães";158;156;101;"SIM";101;"ALCANÇOU"
"BA";293360;"Xique-Xique";316;334;95;"SIM";95;"ALCANÇOU"
"MG";310010;"Abadia dos Dourados";53;40;133;"SIM";133;"ALCANÇOU"
"MG";310020;"Abaeté";210;200;105;"SIM";105;"ALCANÇOU"
"MG";310030;"Abre Campo";116;101;115;"SIM";115;"ALCANÇOU"
"MG";310040;"Acaiaca";45;21;214;"SIM";214;"ALCANÇOU"
"MG";310050;"Açucena";63;57;111;"SIM";111;"ALCANÇOU"
"MG";310060;"Água Boa";65;81;80;"NÃO";80;"NÃO ALCANÇOU"
"MG";310070;"Água Comprida";8;9;89;"NÃO";89;"NÃO ALCANÇOU"
"MG";310080;"Aguanil";33;29;114;"SIM";114;"ALCANÇOU"
"MG";310090;"Águas Formosas";105;134;78;"NÃO";78;"NÃO ALCANÇOU"
"MG";310100;"Águas Vermelhas";36;76;47;"NÃO";47;"NÃO ALCANÇOU"
"MG";310110;"Aimorés";229;239;96;"SIM";96;"ALCANÇOU"
"MG";310120;"Aiuruoca";55;62;89;"NÃO";89;"NÃO ALCANÇOU"
"MG";310130;"Alagoa";24;18;133;"SIM";133;"ALCANÇOU"
"MG";310140;"Albertina";25;18;139;"SIM";139;"ALCANÇOU"
"MG";310150;"Além Paraíba";324;314;103;"SIM";103;"ALCANÇOU"
"MG";310160;"Alfenas";686;645;106;"SIM";106;"ALCANÇOU"
"MG";310163;"Alfredo Vasconcelos";42;59;71;"NÃO";71;"NÃO ALCANÇOU"
"MG";310170;"Almenara";313;321;98;"SIM";98;"ALCANÇOU"
"MG";310180;"Alpercata";70;61;115;"SIM";115;"ALCANÇOU"
"MG";310190;"Alpinópolis";54;151;36;"NÃO";36;"NÃO ALCANÇOU"
"MG";310200;"Alterosa";146;128;114;"SIM";114;"ALCANÇOU"
"MG";310205;"Alto Caparaó";33;30;110;"SIM";110;"ALCANÇOU"
"MG";310210;"Alto Rio Doce";121;85;142;"SIM";142;"ALCANÇOU"
"MG";310220;"Alvarenga";38;29;131;"SIM";131;"ALCANÇOU"
"MG";310230;"Alvinópolis";102;123;83;"NÃO";83;"NÃO ALCANÇOU"
"MG";310240;"Alvorada de Minas";11;14;79;"NÃO";79;"NÃO ALCANÇOU"
"MG";310250;"Amparo do Serra";41;61;67;"NÃO";67;"NÃO ALCANÇOU"
"MG";310260;"Andradas";299;353;85;"NÃO";85;"NÃO ALCANÇOU"
"MG";310270;"Cachoeira de Pajeú";57;43;133;"SIM";133;"ALCANÇOU"
"MG";310280;"Andrelândia";109;123;89;"NÃO";89;"NÃO ALCANÇOU"
"MG";310285;"Angelândia";23;13;177;"SIM";177;"ALCANÇOU"
"MG";310290;"Antônio Carlos";92;99;93;"SIM";93;"ALCANÇOU"
"MG";310300;"Antônio Dias";79;59;134;"SIM";134;"ALCANÇOU"
"MG";310310;"Antônio Prado de Minas";19;18;106;"SIM";106;"ALCANÇOU"
"MG";310320;"Araçaí";18;10;180;"SIM";180;"ALCANÇOU"
"MG";310330;"Aracitaba";17;17;100;"SIM";100;"ALCANÇOU"
"MG";310340;"Araçuaí";230;194;119;"SIM";119;"ALCANÇOU"
"MG";310350;"Araguari";925;911;102;"SIM";102;"ALCANÇOU"
"MG";310360;"Arantina";20;24;83;"NÃO";83;"NÃO ALCANÇOU"
"MG";310370;"Araponga";40;34;118;"SIM";118;"ALCANÇOU"
"MG";310375;"Araporã";50;37;135;"SIM";135;"ALCANÇOU"
"MG";310380;"Arapuá";19;27;70;"NÃO";70;"NÃO ALCANÇOU"
"MG";310390;"Araújos";57;46;124;"SIM";124;"ALCANÇOU"
"MG";310400;"Araxá";936;848;110;"SIM";110;"ALCANÇOU"
"MG";310410;"Arceburgo";87;77;113;"SIM";113;"ALCANÇOU"
"MG";310420;"Arcos";350;321;109;"SIM";109;"ALCANÇOU"
"MG";310430;"Areado";145;123;118;"SIM";118;"ALCANÇOU"
"MG";310440;"Argirita";32;28;114;"SIM";114;"ALCANÇOU"
"MG";310445;"Aricanduva";31;25;124;"SIM";124;"ALCANÇOU"
"MG";310450;"Arinos";92;111;83;"NÃO";83;"NÃO ALCANÇOU"
"MG";310460;"Astolfo Dutra";113;97;116;"SIM";116;"ALCANÇOU"
"MG";310470;"Ataléia";35;71;49;"NÃO";49;"NÃO ALCANÇOU"
"MG";310480;"Augusto de Lima";41;28;146;"SIM";146;"ALCANÇOU"
"MG";310490;"Baependi";158;155;102;"SIM";102;"ALCANÇOU"
"MG";310500;"Baldim";77;56;138;"SIM";138;"ALCANÇOU"
"MG";310510;"Bambuí";231;232;100;"SIM";100;"ALCANÇOU"
"MG";310520;"Bandeira";23;37;62;"NÃO";62;"NÃO ALCANÇOU"
"MG";310530;"Bandeira do Sul";51;25;204;"SIM";204;"ALCANÇOU"
"MG";310540;"Barão de Cocais";190;203;94;"SIM";94;"ALCANÇOU"
"MG";310550;"Barão de Monte Alto";65;46;141;"SIM";141;"ALCANÇOU"
"MG";310560;"Barbacena";1069;1012;106;"SIM";106;"ALCANÇOU"
"MG";310570;"Barra Longa";65;50;130;"SIM";130;"ALCANÇOU"
"MG";310590;"Barroso";186;198;94;"SIM";94;"ALCANÇOU"
"MG";310600;"Bela Vista de Minas";56;70;80;"NÃO";80;"NÃO ALCANÇOU"
"MG";310610;"Belmiro Braga";25;14;179;"SIM";179;"ALCANÇOU"
"MG";310620;"Belo Horizonte";18468;18201;101;"SIM";101;"ALCANÇOU"
"MG";310630;"Belo Oriente";173;153;113;"SIM";113;"ALCANÇOU"
"MG";310640;"Belo Vale";56;59;95;"SIM";95;"ALCANÇOU"
"MG";310650;"Berilo";27;57;47;"NÃO";47;"NÃO ALCANÇOU"
"MG";310660;"Bertópolis";23;29;79;"NÃO";79;"NÃO ALCANÇOU"
"MG";310665;"Berizal";19;27;70;"NÃO";70;"NÃO ALCANÇOU"
"MG";310670;"Betim";2470;2495;99;"SIM";99;"ALCANÇOU"
"MG";310680;"Bias Fortes";29;25;116;"SIM";116;"ALCANÇOU"
"MG";310690;"Bicas";126;136;93;"SIM";93;"ALCANÇOU"
"MG";310700;"Biquinhas";22;16;138;"SIM";138;"ALCANÇOU"
"MG";310710;"Boa Esperança";377;354;106;"SIM";106;"ALCANÇOU"
"MG";310720;"Bocaina de Minas";33;23;143;"SIM";143;"ALCANÇOU"
"MG";310730;"Bocaiúva";298;339;88;"NÃO";88;"NÃO ALCANÇOU"
"MG";310740;"Bom Despacho";409;342;120;"SIM";120;"ALCANÇOU"
"MG";310750;"Bom Jardim de Minas";95;40;238;"SIM";238;"ALCANÇOU"
"MG";310760;"Bom Jesus da Penha";13;27;48;"NÃO";48;"NÃO ALCANÇOU"
"MG";310770;"Bom Jesus do Amparo";31;14;221;"SIM";221;"ALCANÇOU"
"MG";310780;"Bom Jesus do Galho";135;110;123;"SIM";123;"ALCANÇOU"
"MG";310790;"Bom Repouso";68;88;77;"NÃO";77;"NÃO ALCANÇOU"
"MG";310800;"Bom Sucesso";122;181;67;"NÃO";67;"NÃO ALCANÇOU"
"MG";310810;"Bonfim";47;61;77;"NÃO";77;"NÃO ALCANÇOU"
"MG";310820;"Bonfinópolis de Minas";33;30;110;"SIM";110;"ALCANÇOU"
"MG";310825;"Bonito de Minas";59;54;109;"SIM";109;"ALCANÇOU"
"MG";310830;"Borda da Mata";154;113;136;"SIM";136;"ALCANÇOU"
"MG";310840;"Botelhos";123;132;93;"SIM";93;"ALCANÇOU"
"MG";310850;"Botumirim";37;24;154;"SIM";154;"ALCANÇOU"
"MG";310855;"Brasilândia de Minas";80;75;107;"SIM";107;"ALCANÇOU"
"MG";310860;"Brasília de Minas";238;253;94;"SIM";94;"ALCANÇOU"
"MG";310870;"Brás Pires";36;46;78;"NÃO";78;"NÃO ALCANÇOU"
"MG";310880;"Braúnas";34;31;110;"SIM";110;"ALCANÇOU"
"MG";310890;"Brazópolis";137;156;88;"NÃO";88;"NÃO ALCANÇOU"
"MG";310900;"Brumadinho";249;239;104;"SIM";104;"ALCANÇOU"
"MG";310910;"Bueno Brandão";115;87;132;"SIM";132;"ALCANÇOU"
"MG";310920;"Buenópolis";53;95;56;"NÃO";56;"NÃO ALCANÇOU"
"MG";310925;"Bugre";25;25;100;"SIM";100;"ALCANÇOU"
"MG";310930;"Buritis";122;127;96;"SIM";96;"ALCANÇOU"
"MG";310940;"Buritizeiro";165;156;106;"SIM";106;"ALCANÇOU"
"MG";310945;"Cabeceira Grande";49;31;158;"SIM";158;"ALCANÇOU"
"MG";310950;"Cabo Verde";91;90;101;"SIM";101;"ALCANÇOU"
"MG";310960;"Cachoeira da Prata";31;37;84;"NÃO";84;"NÃO ALCANÇOU"
"MG";310970;"Cachoeira de Minas";98;73;134;"SIM";134;"ALCANÇOU"
"MG";310980;"Cachoeira Dourada";10;3;333;"SIM";333;"ALCANÇOU"
"MG";310990;"Caetanópolis";88;110;80;"NÃO";80;"NÃO ALCANÇOU"
"MG";311000;"Caeté";331;312;106;"SIM";106;"ALCANÇOU"
"MG";311010;"Caiana";40;22;182;"SIM";182;"ALCANÇOU"
"MG";311020;"Cajuri";29;36;81;"NÃO";81;"NÃO ALCANÇOU"
"MG";311030;"Caldas";141;93;152;"SIM";152;"ALCANÇOU"
"MG";311040;"Camacho";21;12;175;"SIM";175;"ALCANÇOU"
"MG";311050;"Camanducaia";165;173;95;"SIM";95;"ALCANÇOU"
"MG";311060;"Cambuí";165;197;84;"NÃO";84;"NÃO ALCANÇOU"
"MG";311070;"Cambuquira";131;111;118;"SIM";118;"ALCANÇOU"
"MG";311080;"Campanário";18;15;120;"SIM";120;"ALCANÇOU"
"MG";311090;"Campanha";128;139;92;"SIM";92;"ALCANÇOU"
"MG";311100;"Campestre";187;157;119;"SIM";119;"ALCANÇOU"
"MG";311110;"Campina Verde";111;151;74;"NÃO";74;"NÃO ALCANÇOU"
"MG";311115;"Campo Azul";25;19;132;"SIM";132;"ALCANÇOU"
"MG";311120;"Campo Belo";515;461;112;"SIM";112;"ALCANÇOU"
"MG";311130;"Campo do Meio";114;109;105;"SIM";105;"ALCANÇOU"
"MG";311140;"Campo Florido";48;33;145;"SIM";145;"ALCANÇOU"
"MG";311150;"Campos Altos";116;96;121;"SIM";121;"ALCANÇOU"
"MG";311160;"Campos Gerais";184;208;88;"NÃO";88;"NÃO ALCANÇOU"
"MG";311170;"Canaã";34;22;155;"SIM";155;"ALCANÇOU"
"MG";311180;"Canápolis";64;81;79;"NÃO";79;"NÃO ALCANÇOU"
"MG";311190;"Cana Verde";44;26;169;"SIM";169;"ALCANÇOU"
"MG";311200;"Candeias";114;136;84;"NÃO";84;"NÃO ALCANÇOU"
"MG";311205;"Cantagalo";20;24;83;"NÃO";83;"NÃO ALCANÇOU"
"MG";311210;"Caparaó";37;24;154;"SIM";154;"ALCANÇOU"
"MG";311220;"Capela Nova";48;31;155;"SIM";155;"ALCANÇOU"
"MG";311230;"Capelinha";192;228;84;"NÃO";84;"NÃO ALCANÇOU"
"MG";311240;"Capetinga";19;57;33;"NÃO";33;"NÃO ALCANÇOU"
"MG";311250;"Capim Branco";58;71;82;"NÃO";82;"NÃO ALCANÇOU"
"MG";311260;"Capinópolis";120;126;95;"SIM";95;"ALCANÇOU"
"MG";311265;"Capitão Andrade";43;30;143;"SIM";143;"ALCANÇOU"
"MG";311270;"Capitão Enéas";84;94;89;"NÃO";89;"NÃO ALCANÇOU"
"MG";311280;"Capitólio";26;63;41;"NÃO";41;"NÃO ALCANÇOU"
"MG";311290;"Caputira";71;47;151;"SIM";151;"ALCANÇOU"
"MG";311300;"Caraí";70;164;43;"NÃO";43;"NÃO ALCANÇOU"
"MG";311310;"Caranaíba";24;15;160;"SIM";160;"ALCANÇOU"
"MG";311320;"Carandaí";174;167;104;"SIM";104;"ALCANÇOU"
"MG";311330;"Carangola";304;283;107;"SIM";107;"ALCANÇOU"
"MG";311340;"Caratinga";753;630;120;"SIM";120;"ALCANÇOU"
"MG";311350;"Carbonita";33;33;100;"SIM";100;"ALCANÇOU"
"MG";311360;"Careaçu";45;38;118;"SIM";118;"ALCANÇOU"
"MG";311370;"Carlos Chagas";29;140;21;"NÃO";21;"NÃO ALCANÇOU"
"MG";311380;"Carmésia";12;14;86;"NÃO";86;"NÃO ALCANÇOU"
"MG";311390;"Carmo da Cachoeira";85;87;98;"SIM";98;"ALCANÇOU"
"MG";311400;"Carmo da Mata";110;108;102;"SIM";102;"ALCANÇOU"
"MG";311410;"Carmo de Minas";99;80;124;"SIM";124;"ALCANÇOU"
"MG";311420;"Carmo do Cajuru";162;163;99;"SIM";99;"ALCANÇOU"
"MG";311430;"Carmo do Paranaíba";249;208;120;"SIM";120;"ALCANÇOU"
"MG";311440;"Carmo do Rio Claro";49;159;31;"NÃO";31;"NÃO ALCANÇOU"
"MG";311450;"Carmópolis de Minas";136;129;105;"SIM";105;"ALCANÇOU"
"MG";311455;"Carneirinho";83;53;157;"SIM";157;"ALCANÇOU"
"MG";311460;"Carrancas";37;32;116;"SIM";116;"ALCANÇOU"
"MG";311470;"Carvalhópolis";33;31;106;"SIM";106;"ALCANÇOU"
"MG";311480;"Carvalhos";48;37;130;"SIM";130;"ALCANÇOU"
"MG";311490;"Casa Grande";17;6;283;"SIM";283;"ALCANÇOU"
"MG";311500;"Cascalho Rico";17;15;113;"SIM";113;"ALCANÇOU"
"MG";311510;"Cássia";49;160;31;"NÃO";31;"NÃO ALCANÇOU"
"MG";311520;"Conceição da Barra de Minas";32;21;152;"SIM";152;"ALCANÇOU"
"MG";311530;"Cataguases";686;637;108;"SIM";108;"ALCANÇOU"
"MG";311535;"Catas Altas";30;24;125;"SIM";125;"ALCANÇOU"
"MG";311540;"Catas Altas da Noruega";19;18;106;"SIM";106;"ALCANÇOU"
"MG";311545;"Catuji";23;39;59;"NÃO";59;"NÃO ALCANÇOU"
"MG";311547;"Catuti";45;34;132;"SIM";132;"ALCANÇOU"
"MG";311550;"Caxambu";213;201;106;"SIM";106;"ALCANÇOU"
"MG";311560;"Cedro do Abaeté";7;15;47;"NÃO";47;"NÃO ALCANÇOU"
"MG";311570;"Central de Minas";76;67;113;"SIM";113;"ALCANÇOU"
"MG";311580;"Centralina";67;66;102;"SIM";102;"ALCANÇOU"
"MG";311590;"Chácara";28;17;165;"SIM";165;"ALCANÇOU"
"MG";311600;"Chalé";64;46;139;"SIM";139;"ALCANÇOU"
"MG";311610;"Chapada do Norte";37;52;71;"NÃO";71;"NÃO ALCANÇOU"
"MG";311615;"Chapada Gaúcha";46;55;84;"NÃO";84;"NÃO ALCANÇOU"
"MG";311620;"Chiador";9;18;50;"NÃO";50;"NÃO ALCANÇOU"
"MG";311630;"Cipotânea";48;58;83;"NÃO";83;"NÃO ALCANÇOU"
"MG";311640;"Claraval";5;23;22;"NÃO";22;"NÃO ALCANÇOU"
"MG";311650;"Claro dos Poções";59;51;116;"SIM";116;"ALCANÇOU"
"MG";311660;"Cláudio";203;166;122;"SIM";122;"ALCANÇOU"
"MG";311670;"Coimbra";62;48;129;"SIM";129;"ALCANÇOU"
"MG";311680;"Coluna";73;36;203;"SIM";203;"ALCANÇOU"
"MG";311690;"Comendador Gomes";14;14;100;"SIM";100;"ALCANÇOU"
"MG";311700;"Comercinho";50;49;102;"SIM";102;"ALCANÇOU"
"MG";311710;"Conceição da Aparecida";100;77;130;"SIM";130;"ALCANÇOU"
"MG";311720;"Conceição das Pedras";15;15;100;"SIM";100;"ALCANÇOU"
"MG";311730;"Conceição das Alagoas";157;138;114;"SIM";114;"ALCANÇOU"
"MG";311740;"Conceição de Ipanema";25;31;81;"NÃO";81;"NÃO ALCANÇOU"
"MG";311750;"Conceição do Mato Dentro";78;142;55;"NÃO";55;"NÃO ALCANÇOU"
"MG";311760;"Conceição do Pará";37;17;218;"SIM";218;"ALCANÇOU"
"MG";311770;"Conceição do Rio Verde";109;114;96;"SIM";96;"ALCANÇOU"
"MG";311780;"Conceição dos Ouros";72;47;153;"SIM";153;"ALCANÇOU"
"MG";311783;"Cônego Marinho";43;40;108;"SIM";108;"ALCANÇOU"
"MG";311787;"Confins";50;56;89;"NÃO";89;"NÃO ALCANÇOU"
"MG";311790;"Congonhal";63;93;68;"NÃO";68;"NÃO ALCANÇOU"
"MG";311800;"Congonhas";358;314;114;"SIM";114;"ALCANÇOU"
"MG";311810;"Congonhas do Norte";19;38;50;"NÃO";50;"NÃO ALCANÇOU"
"MG";311820;"Conquista";46;34;135;"SIM";135;"ALCANÇOU"
"MG";311830;"Conselheiro Lafaiete";781;909;86;"NÃO";86;"NÃO ALCANÇOU"
"MG";311840;"Conselheiro Pena";188;168;112;"SIM";112;"ALCANÇOU"
"MG";311850;"Consolação";17;17;100;"SIM";100;"ALCANÇOU"
"MG";311860;"Contagem";4045;4116;98;"SIM";98;"ALCANÇOU"
"MG";311870;"Coqueiral";80;62;129;"SIM";129;"ALCANÇOU"
"MG";311880;"Coração de Jesus";172;158;109;"SIM";109;"ALCANÇOU"
"MG";311890;"Cordisburgo";54;56;96;"SIM";96;"ALCANÇOU"
"MG";311900;"Cordislândia";22;24;92;"SIM";92;"ALCANÇOU"
"MG";311910;"Corinto";195;186;105;"SIM";105;"ALCANÇOU"
"MG";311920;"Coroaci";68;71;96;"SIM";96;"ALCANÇOU"
"MG";311930;"Coromandel";194;223;87;"NÃO";87;"NÃO ALCANÇOU"
"MG";311940;"Coronel Fabriciano";869;725;120;"SIM";120;"ALCANÇOU"
"MG";311950;"Coronel Murta";38;56;68;"NÃO";68;"NÃO ALCANÇOU"
"MG";311960;"Coronel Pacheco";21;14;150;"SIM";150;"ALCANÇOU"
"MG";311970;"Coronel Xavier Chaves";16;18;89;"NÃO";89;"NÃO ALCANÇOU"
"MG";311980;"Córrego Danta";25;31;81;"NÃO";81;"NÃO ALCANÇOU"
"MG";311990;"Córrego do Bom Jesus";23;23;100;"SIM";100;"ALCANÇOU"
"MG";311995;"Córrego Fundo";41;30;137;"SIM";137;"ALCANÇOU"
"MG";312000;"Córrego Novo";25;25;100;"SIM";100;"ALCANÇOU"
"MG";312010;"Couto de Magalhães de Minas";24;40;60;"NÃO";60;"NÃO ALCANÇOU"
"MG";312015;"Crisólita";19;20;95;"SIM";95;"ALCANÇOU"
"MG";312020;"Cristais";107;79;135;"SIM";135;"ALCANÇOU"
"MG";312030;"Cristália";26;19;137;"SIM";137;"ALCANÇOU"
"MG";312040;"Cristiano Otoni";30;16;188;"SIM";188;"ALCANÇOU"
"MG";312050;"Cristina";86;68;126;"SIM";126;"ALCANÇOU"
"MG";312060;"Crucilândia";33;22;150;"SIM";150;"ALCANÇOU"
"MG";312070;"Cruzeiro da Fortaleza";27;29;93;"SIM";93;"ALCANÇOU"
"MG";312080;"Cruzília";153;149;103;"SIM";103;"ALCANÇOU"
"MG";312083;"Cuparaque";30;27;111;"SIM";111;"ALCANÇOU"
"MG";312087;"Curral de Dentro";57;48;119;"SIM";119;"ALCANÇOU"
"MG";312090;"Curvelo";583;642;91;"SIM";91;"ALCANÇOU"
"MG";312100;"Datas";28;27;104;"SIM";104;"ALCANÇOU"
"MG";312110;"Delfim Moreira";59;50;118;"SIM";118;"ALCANÇOU"
"MG";312120;"Delfinópolis";24;45;53;"NÃO";53;"NÃO ALCANÇOU"
"MG";312125;"Delta";44;53;83;"NÃO";83;"NÃO ALCANÇOU"
"MG";312130;"Descoberto";55;40;138;"SIM";138;"ALCANÇOU"
"MG";312140;"Desterro de Entre Rios";44;70;63;"NÃO";63;"NÃO ALCANÇOU"
"MG";312150;"Desterro do Melo";39;16;244;"SIM";244;"ALCANÇOU"
"MG";312160;"Diamantina";318;248;128;"SIM";128;"ALCANÇOU"
"MG";312170;"Diogo de Vasconcelos";36;19;189;"SIM";189;"ALCANÇOU"
"MG";312180;"Dionísio";63;48;131;"SIM";131;"ALCANÇOU"
"MG";312190;"Divinésia";38;24;158;"SIM";158;"ALCANÇOU"
"MG";312200;"Divino";203;178;114;"SIM";114;"ALCANÇOU"
"MG";312210;"Divino das Laranjeiras";29;40;73;"NÃO";73;"NÃO ALCANÇOU"
"MG";312220;"Divinolândia de Minas";41;24;171;"SIM";171;"ALCANÇOU"
"MG";312230;"Divinópolis";1688;1735;97;"SIM";97;"ALCANÇOU"
"MG";312235;"Divisa Alegre";45;40;113;"SIM";113;"ALCANÇOU"
"MG";312240;"Divisa Nova";48;65;74;"NÃO";74;"NÃO ALCANÇOU"
"MG";312245;"Divisópolis";44;66;67;"NÃO";67;"NÃO ALCANÇOU"
"MG";312247;"Dom Bosco";16;12;133;"SIM";133;"ALCANÇOU"
"MG";312250;"Dom Cavati";40;44;91;"SIM";91;"ALCANÇOU"
"MG";312260;"Dom Joaquim";23;31;74;"NÃO";74;"NÃO ALCANÇOU"
"MG";312270;"Dom Silvério";45;30;150;"SIM";150;"ALCANÇOU"
"MG";312280;"Dom Viçoso";29;19;153;"SIM";153;"ALCANÇOU"
"MG";312290;"Dona Eusébia";42;50;84;"NÃO";84;"NÃO ALCANÇOU"
"MG";312300;"Dores de Campos";71;72;99;"SIM";99;"ALCANÇOU"
"MG";312310;"Dores de Guanhães";33;34;97;"SIM";97;"ALCANÇOU"
"MG";312320;"Dores do Indaiá";143;134;107;"SIM";107;"ALCANÇOU"
"MG";312330;"Dores do Turvo";45;40;113;"SIM";113;"ALCANÇOU"
"MG";312340;"Doresópolis";10;5;200;"SIM";200;"ALCANÇOU"
"MG";312350;"Douradoquara";17;6;283;"SIM";283;"ALCANÇOU"
"MG";312352;"Durandé";44;39;113;"SIM";113;"ALCANÇOU"
"MG";312360;"Elói Mendes";177;226;78;"NÃO";78;"NÃO ALCANÇOU"
"MG";312370;"Engenheiro Caldas";91;60;152;"SIM";152;"ALCANÇOU"
"MG";312380;"Engenheiro Navarro";53;31;171;"SIM";171;"ALCANÇOU"
"MG";312385;"Entre Folhas";55;37;149;"SIM";149;"ALCANÇOU"
"MG";312390;"Entre Rios de Minas";115;124;93;"SIM";93;"ALCANÇOU"
"MG";312400;"Ervália";136;140;97;"SIM";97;"ALCANÇOU"
"MG";312410;"Esmeraldas";461;498;93;"SIM";93;"ALCANÇOU"
"MG";312420;"Espera Feliz";224;174;129;"SIM";129;"ALCANÇOU"
"MG";312430;"Espinosa";210;233;90;"SIM";90;"ALCANÇOU"
"MG";312440;"Espírito Santo do Dourado";47;29;162;"SIM";162;"ALCANÇOU"
"MG";312450;"Estiva";65;79;82;"NÃO";82;"NÃO ALCANÇOU"
"MG";312460;"Estrela Dalva";16;23;70;"NÃO";70;"NÃO ALCANÇOU"
"MG";312470;"Estrela do Indaiá";30;32;94;"SIM";94;"ALCANÇOU"
"MG";312480;"Estrela do Sul";51;45;113;"SIM";113;"ALCANÇOU"
"MG";312490;"Eugenópolis";91;83;110;"SIM";110;"ALCANÇOU"
"MG";312500;"Ewbank da Câmara";38;29;131;"SIM";131;"ALCANÇOU"
"MG";312510;"Extrema";316;321;98;"SIM";98;"ALCANÇOU"
"MG";312520;"Fama";11;21;52;"NÃO";52;"NÃO ALCANÇOU"
"MG";312530;"Faria Lemos";36;19;189;"SIM";189;"ALCANÇOU"
"MG";312540;"Felício dos Santos";28;28;100;"SIM";100;"ALCANÇOU"
"MG";312550;"São Gonçalo do Rio Preto";16;5;320;"SIM";320;"ALCANÇOU"
"MG";312560;"Felisburgo";34;51;67;"NÃO";67;"NÃO ALCANÇOU"
"MG";312570;"Felixlândia";119;107;111;"SIM";111;"ALCANÇOU"
"MG";312580;"Fernandes Tourinho";34;24;142;"SIM";142;"ALCANÇOU"
"MG";312590;"Ferros";78;68;115;"SIM";115;"ALCANÇOU"
"MG";312595;"Fervedouro";71;74;96;"SIM";96;"ALCANÇOU"
"MG";312600;"Florestal";60;44;136;"SIM";136;"ALCANÇOU"
"MG";312610;"Formiga";598;573;104;"SIM";104;"ALCANÇOU"
"MG";312620;"Formoso";28;47;60;"NÃO";60;"NÃO ALCANÇOU"
"MG";312630;"Fortaleza de Minas";10;23;43;"NÃO";43;"NÃO ALCANÇOU"
"MG";312640;"Fortuna de Minas";26;24;108;"SIM";108;"ALCANÇOU"
"MG";312650;"Francisco Badaró";38;65;58;"NÃO";58;"NÃO ALCANÇOU"
"MG";312660;"Francisco Dumont";30;23;130;"SIM";130;"ALCANÇOU"
"MG";312670;"Francisco Sá";176;161;109;"SIM";109;"ALCANÇOU"
"MG";312675;"Franciscópolis";19;21;90;"SIM";90;"ALCANÇOU"
"MG";312680;"Frei Gaspar";33;17;194;"SIM";194;"ALCANÇOU"
"MG";312690;"Frei Inocêncio";59;71;83;"NÃO";83;"NÃO ALCANÇOU"
"MG";312695;"Frei Lagonegro";24;5;480;"SIM";480;"ALCANÇOU"
"MG";312700;"Fronteira";84;90;93;"SIM";93;"ALCANÇOU"
"MG";312705;"Fronteira dos Vales";28;19;147;"SIM";147;"ALCANÇOU"
"MG";312707;"Fruta de Leite";27;38;71;"NÃO";71;"NÃO ALCANÇOU"
"MG";312710;"Frutal";492;435;113;"SIM";113;"ALCANÇOU"
"MG";312720;"Funilândia";33;29;114;"SIM";114;"ALCANÇOU"
"MG";312730;"Galiléia";59;53;111;"SIM";111;"ALCANÇOU"
"MG";312733;"Gameleiras";31;22;141;"SIM";141;"ALCANÇOU"
"MG";312735;"Glaucilândia";25;29;86;"NÃO";86;"NÃO ALCANÇOU"
"MG";312737;"Goiabeira";29;5;580;"SIM";580;"ALCANÇOU"
"MG";312738;"Goianá";30;30;100;"SIM";100;"ALCANÇOU"
"MG";312740;"Gonçalves";33;32;103;"SIM";103;"ALCANÇOU"
"MG";312750;"Gonzaga";37;29;128;"SIM";128;"ALCANÇOU"
"MG";312760;"Gouveia";84;80;105;"SIM";105;"ALCANÇOU"
"MG";312770;"Governador Valadares";2209;2189;101;"SIM";101;"ALCANÇOU"
"MG";312780;"Grão Mogol";89;60;148;"SIM";148;"ALCANÇOU"
"MG";312790;"Grupiara";6;6;100;"SIM";100;"ALCANÇOU"
"MG";312800;"Guanhães";136;212;64;"NÃO";64;"NÃO ALCANÇOU"
"MG";312810;"Guapé";31;103;30;"NÃO";30;"NÃO ALCANÇOU"
"MG";312820;"Guaraciaba";60;56;107;"SIM";107;"ALCANÇOU"
"MG";312825;"Guaraciama";31;33;94;"SIM";94;"ALCANÇOU"
"MG";312830;"Guaranésia";109;164;66;"NÃO";66;"NÃO ALCANÇOU"
"MG";312840;"Guarani";65;75;87;"NÃO";87;"NÃO ALCANÇOU"
"MG";312850;"Guarará";36;36;100;"SIM";100;"ALCANÇOU"
"MG";312860;"Guarda-Mor";37;42;88;"NÃO";88;"NÃO ALCANÇOU"
"MG";312870;"Guaxupé";370;418;89;"NÃO";89;"NÃO ALCANÇOU"
"MG";312880;"Guidoval";71;71;100;"SIM";100;"ALCANÇOU"
"MG";312890;"Guimarânia";56;52;108;"SIM";108;"ALCANÇOU"
"MG";312900;"Guiricema";78;55;142;"SIM";142;"ALCANÇOU"
"MG";312910;"Gurinhatã";22;33;67;"NÃO";67;"NÃO ALCANÇOU"
"MG";312920;"Heliodora";52;39;133;"SIM";133;"ALCANÇOU"
"MG";312930;"Iapu";96;80;120;"SIM";120;"ALCANÇOU"
"MG";312940;"Ibertioga";38;45;84;"NÃO";84;"NÃO ALCANÇOU"
"MG";312950;"Ibiá";160;137;117;"SIM";117;"ALCANÇOU"
"MG";312960;"Ibiaí";33;48;69;"NÃO";69;"NÃO ALCANÇOU"
"MG";312965;"Ibiracatu";38;40;95;"SIM";95;"ALCANÇOU"
"MG";312970;"Ibiraci";37;72;51;"NÃO";51;"NÃO ALCANÇOU"
"MG";312980;"Ibirité";875;1100;80;"NÃO";80;"NÃO ALCANÇOU"
"MG";312990;"Ibitiúra de Minas";48;32;150;"SIM";150;"ALCANÇOU"
"MG";313000;"Ibituruna";8;30;27;"NÃO";27;"NÃO ALCANÇOU"
"MG";313005;"Icaraí de Minas";60;62;97;"SIM";97;"ALCANÇOU"
"MG";313010;"Igarapé";228;225;101;"SIM";101;"ALCANÇOU"
"MG";313020;"Igaratinga";82;63;130;"SIM";130;"ALCANÇOU"
"MG";313030;"Iguatama";56;59;95;"SIM";95;"ALCANÇOU"
"MG";313040;"Ijaci";43;33;130;"SIM";130;"ALCANÇOU"
"MG";313050;"Ilicínea";102;85;120;"SIM";120;"ALCANÇOU"
"MG";313055;"Imbé de Minas";50;35;143;"SIM";143;"ALCANÇOU"
"MG";313060;"Inconfidentes";52;43;121;"SIM";121;"ALCANÇOU"
"MG";313065;"Indaiabira";51;36;142;"SIM";142;"ALCANÇOU"
"MG";313070;"Indianópolis";37;27;137;"SIM";137;"ALCANÇOU"
"MG";313080;"Ingaí";24;24;100;"SIM";100;"ALCANÇOU"
"MG";313090;"Inhapim";211;174;121;"SIM";121;"ALCANÇOU"
"MG";313100;"Inhaúma";50;37;135;"SIM";135;"ALCANÇOU"
"MG";313110;"Inimutaba";57;49;116;"SIM";116;"ALCANÇOU"
"MG";313115;"Ipaba";136;101;135;"SIM";135;"ALCANÇOU"
"MG";313120;"Ipanema";177;177;100;"SIM";100;"ALCANÇOU"
"MG";313130;"Ipatinga";1574;1461;108;"SIM";108;"ALCANÇOU"
"MG";313140;"Ipiaçu";46;30;153;"SIM";153;"ALCANÇOU"
"MG";313150;"Ipuiúna";87;76;114;"SIM";114;"ALCANÇOU"
"MG";313160;"Iraí de Minas";38;37;103;"SIM";103;"ALCANÇOU"
"MG";313170;"Itabira";769;789;97;"SIM";97;"ALCANÇOU"
"MG";313180;"Itabirinha";98;65;151;"SIM";151;"ALCANÇOU"
"MG";313190;"Itabirito";354;339;104;"SIM";104;"ALCANÇOU"
"MG";313200;"Itacambira";15;24;63;"NÃO";63;"NÃO ALCANÇOU"
"MG";313210;"Itacarambi";106;138;77;"NÃO";77;"NÃO ALCANÇOU"
"MG";313220;"Itaguara";104;80;130;"SIM";130;"ALCANÇOU"
"MG";313230;"Itaipé";25;80;31;"NÃO";31;"NÃO ALCANÇOU"
"MG";313240;"Itajubá";785;711;110;"SIM";110;"ALCANÇOU"
"MG";313250;"Itamarandiba";220;148;149;"SIM";149;"ALCANÇOU"
"MG";313260;"Itamarati de Minas";35;41;85;"NÃO";85;"NÃO ALCANÇOU"
"MG";313270;"Itambacuri";130;181;72;"NÃO";72;"NÃO ALCANÇOU"
"MG";313280;"Itambé do Mato Dentro";13;22;59;"NÃO";59;"NÃO ALCANÇOU"
"MG";313290;"Itamogi";43;80;54;"NÃO";54;"NÃO ALCANÇOU"
"MG";313300;"Itamonte";126;102;124;"SIM";124;"ALCANÇOU"
"MG";313310;"Itanhandu";124;115;108;"SIM";108;"ALCANÇOU"
"MG";313320;"Itanhomi";79;115;69;"NÃO";69;"NÃO ALCANÇOU"
"MG";313330;"Itaobim";173;176;98;"SIM";98;"ALCANÇOU"
"MG";313340;"Itapagipe";95;72;132;"SIM";132;"ALCANÇOU"
"MG";313350;"Itapecerica";189;211;90;"SIM";90;"ALCANÇOU"
"MG";313360;"Itapeva";85;70;121;"SIM";121;"ALCANÇOU"
"MG";313370;"Itatiaiuçu";105;88;119;"SIM";119;"ALCANÇOU"
"MG";313375;"Itaú de Minas";62;134;46;"NÃO";46;"NÃO ALCANÇOU"
"MG";313380;"Itaúna";762;754;101;"SIM";101;"ALCANÇOU"
"MG";313390;"Itaverava";26;31;84;"NÃO";84;"NÃO ALCANÇOU"
"MG";313400;"Itinga";83;97;86;"NÃO";86;"NÃO ALCANÇOU"
"MG";313410;"Itueta";62;25;248;"SIM";248;"ALCANÇOU"
"MG";313420;"Ituiutaba";889;896;99;"SIM";99;"ALCANÇOU"
"MG";313430;"Itumirim";41;51;80;"NÃO";80;"NÃO ALCANÇOU"
"MG";313440;"Iturama";314;230;137;"SIM";137;"ALCANÇOU"
"MG";313450;"Itutinga";25;26;96;"SIM";96;"ALCANÇOU"
"MG";313460;"Jaboticatubas";145;133;109;"SIM";109;"ALCANÇOU"
"MG";313470;"Jacinto";40;76;53;"NÃO";53;"NÃO ALCANÇOU"
"MG";313480;"Jacuí";41;54;76;"NÃO";76;"NÃO ALCANÇOU"
"MG";313490;"Jacutinga";209;171;122;"SIM";122;"ALCANÇOU"
"MG";313500;"Jaguaraçu";23;12;192;"SIM";192;"ALCANÇOU"
"MG";313505;"Jaíba";208;235;89;"NÃO";89;"NÃO ALCANÇOU"
"MG";313507;"Jampruca";36;34;106;"SIM";106;"ALCANÇOU"
"MG";313510;"Janaúba";469;446;105;"SIM";105;"ALCANÇOU"
"MG";313520;"Januária";436;500;87;"NÃO";87;"NÃO ALCANÇOU"
"MG";313530;"Japaraíba";21;16;131;"SIM";131;"ALCANÇOU"
"MG";313535;"Japonvar";62;44;141;"SIM";141;"ALCANÇOU"
"MG";313540;"Jeceaba";23;37;62;"NÃO";62;"NÃO ALCANÇOU"
"MG";313545;"Jenipapo de Minas";31;42;74;"NÃO";74;"NÃO ALCANÇOU"
"MG";313550;"Jequeri";97;106;92;"SIM";92;"ALCANÇOU"
"MG";313560;"Jequitaí";78;62;126;"SIM";126;"ALCANÇOU"
"MG";313570;"Jequitibá";32;49;65;"NÃO";65;"NÃO ALCANÇOU"
"MG";313580;"Jequitinhonha";149;210;71;"NÃO";71;"NÃO ALCANÇOU"
"MG";313590;"Jesuânia";30;41;73;"NÃO";73;"NÃO ALCANÇOU"
"MG";313600;"Joaíma";67;125;54;"NÃO";54;"NÃO ALCANÇOU"
"MG";313610;"Joanésia";37;43;86;"NÃO";86;"NÃO ALCANÇOU"
"MG";313620;"João Monlevade";607;576;105;"SIM";105;"ALCANÇOU"
"MG";313630;"João Pinheiro";325;333;98;"SIM";98;"ALCANÇOU"
"MG";313640;"Joaquim Felício";36;32;113;"SIM";113;"ALCANÇOU"
"MG";313650;"Jordânia";50;70;71;"NÃO";71;"NÃO ALCANÇOU"
"MG";313652;"José Gonçalves de Minas";16;18;89;"NÃO";89;"NÃO ALCANÇOU"
"MG";313655;"José Raydan";26;27;96;"SIM";96;"ALCANÇOU"
"MG";313657;"Josenópolis";26;20;130;"SIM";130;"ALCANÇOU"
"MG";313660;"Nova União";47;37;127;"SIM";127;"ALCANÇOU"
"MG";313665;"Juatuba";160;140;114;"SIM";114;"ALCANÇOU"
"MG";313670;"Juiz de Fora";4785;4649;103;"SIM";103;"ALCANÇOU"
"MG";313680;"Juramento";41;24;171;"SIM";171;"ALCANÇOU"
"MG";313690;"Juruaia";82;61;134;"SIM";134;"ALCANÇOU"
"MG";313695;"Juvenília";37;43;86;"NÃO";86;"NÃO ALCANÇOU"
"MG";313700;"Ladainha";79;74;107;"SIM";107;"ALCANÇOU"
"MG";313710;"Lagamar";53;59;90;"SIM";90;"ALCANÇOU"
"MG";313720;"Lagoa da Prata";397;358;111;"SIM";111;"ALCANÇOU"
"MG";313730;"Lagoa dos Patos";23;20;115;"SIM";115;"ALCANÇOU"
"MG";313740;"Lagoa Dourada";62;79;78;"NÃO";78;"NÃO ALCANÇOU"
"MG";313750;"Lagoa Formosa";137;141;97;"SIM";97;"ALCANÇOU"
"MG";313753;"Lagoa Grande";57;50;114;"SIM";114;"ALCANÇOU"
"MG";313760;"Lagoa Santa";418;416;100;"SIM";100;"ALCANÇOU"
"MG";313770;"Lajinha";168;163;103;"SIM";103;"ALCANÇOU"
"MG";313780;"Lambari";213;186;115;"SIM";115;"ALCANÇOU"
"MG";313790;"Lamim";15;26;58;"NÃO";58;"NÃO ALCANÇOU"
"MG";313800;"Laranjal";38;49;78;"NÃO";78;"NÃO ALCANÇOU"
"MG";313810;"Lassance";46;28;164;"SIM";164;"ALCANÇOU"
"MG";313820;"Lavras";800;784;102;"SIM";102;"ALCANÇOU"
"MG";313830;"Leandro Ferreira";26;12;217;"SIM";217;"ALCANÇOU"
"MG";313835;"Leme do Prado";17;20;85;"NÃO";85;"NÃO ALCANÇOU"
"MG";313840;"Leopoldina";498;460;108;"SIM";108;"ALCANÇOU"
"MG";313850;"Liberdade";40;50;80;"NÃO";80;"NÃO ALCANÇOU"
"MG";313860;"Lima Duarte";158;151;105;"SIM";105;"ALCANÇOU"
"MG";313862;"Limeira do Oeste";56;47;119;"SIM";119;"ALCANÇOU"
"MG";313865;"Lontra";71;67;106;"SIM";106;"ALCANÇOU"
"MG";313867;"Luisburgo";42;30;140;"SIM";140;"ALCANÇOU"
"MG";313868;"Luislândia";45;48;94;"SIM";94;"ALCANÇOU"
"MG";313870;"Luminárias";42;48;88;"NÃO";88;"NÃO ALCANÇOU"
"MG";313880;"Luz";158;159;99;"SIM";99;"ALCANÇOU"
"MG";313890;"Machacalis";46;45;102;"SIM";102;"ALCANÇOU"
"MG";313900;"Machado";311;296;105;"SIM";105;"ALCANÇOU"
"MG";313910;"Madre de Deus de Minas";42;32;131;"SIM";131;"ALCANÇOU"
"MG";313920;"Malacacheta";89;132;67;"NÃO";67;"NÃO ALCANÇOU"
"MG";313925;"Mamonas";43;55;78;"NÃO";78;"NÃO ALCANÇOU"
"MG";313930;"Manga";129;131;98;"SIM";98;"ALCANÇOU"
"MG";313940;"Manhuaçu";612;573;107;"SIM";107;"ALCANÇOU"
"MG";313950;"Manhumirim";173;163;106;"SIM";106;"ALCANÇOU"
"MG";313960;"Mantena";208;206;101;"SIM";101;"ALCANÇOU"
"MG";313970;"Maravilhas";51;59;86;"NÃO";86;"NÃO ALCANÇOU"
"MG";313980;"Mar de Espanha";93;79;118;"SIM";118;"ALCANÇOU"
"MG";313990;"Maria da Fé";107;101;106;"SIM";106;"ALCANÇOU"
"MG";314000;"Mariana";381;363;105;"SIM";105;"ALCANÇOU"
"MG";314010;"Marilac";33;40;83;"NÃO";83;"NÃO ALCANÇOU"
"MG";314015;"Mário Campos";70;74;95;"SIM";95;"ALCANÇOU"
"MG";314020;"Maripá de Minas";29;30;97;"SIM";97;"ALCANÇOU"
"MG";314030;"Marliéria";34;28;121;"SIM";121;"ALCANÇOU"
"MG";314040;"Marmelópolis";17;27;63;"NÃO";63;"NÃO ALCANÇOU"
"MG";314050;"Martinho Campos";123;95;129;"SIM";129;"ALCANÇOU"
"MG";314053;"Martins Soares";75;56;134;"SIM";134;"ALCANÇOU"
"MG";314055;"Mata Verde";39;42;93;"SIM";93;"ALCANÇOU"
"MG";314060;"Materlândia";20;17;118;"SIM";118;"ALCANÇOU"
"MG";314070;"Mateus Leme";241;226;107;"SIM";107;"ALCANÇOU"
"MG";314080;"Matias Barbosa";138;111;124;"SIM";124;"ALCANÇOU"
"MG";314085;"Matias Cardoso";43;44;98;"SIM";98;"ALCANÇOU"
"MG";314090;"Matipó";115;115;100;"SIM";100;"ALCANÇOU"
"MG";314100;"Mato Verde";102;91;112;"SIM";112;"ALCANÇOU"
"MG";314110;"Matozinhos";237;244;97;"SIM";97;"ALCANÇOU"
"MG";314120;"Matutina";39;11;355;"SIM";355;"ALCANÇOU"
"MG";314130;"Medeiros";25;17;147;"SIM";147;"ALCANÇOU"
"MG";314140;"Medina";152;183;83;"NÃO";83;"NÃO ALCANÇOU"
"MG";314150;"Mendes Pimentel";48;38;126;"SIM";126;"ALCANÇOU"
"MG";314160;"Mercês";80;93;86;"NÃO";86;"NÃO ALCANÇOU"
"MG";314170;"Mesquita";44;42;105;"SIM";105;"ALCANÇOU"
"MG";314180;"Minas Novas";92;141;65;"NÃO";65;"NÃO ALCANÇOU"
"MG";314190;"Minduri";30;29;103;"SIM";103;"ALCANÇOU"
"MG";314200;"Mirabela";99;100;99;"SIM";99;"ALCANÇOU"
"MG";314210;"Miradouro";73;69;106;"SIM";106;"ALCANÇOU"
"MG";314220;"Miraí";108;59;183;"SIM";183;"ALCANÇOU"
"MG";314225;"Miravânia";33;19;174;"SIM";174;"ALCANÇOU"
"MG";314230;"Moeda";23;30;77;"NÃO";77;"NÃO ALCANÇOU"
"MG";314240;"Moema";79;43;184;"SIM";184;"ALCANÇOU"
"MG";314250;"Monjolos";21;10;210;"SIM";210;"ALCANÇOU"
"MG";314260;"Monsenhor Paulo";57;50;114;"SIM";114;"ALCANÇOU"
"MG";314270;"Montalvânia";96;135;71;"NÃO";71;"NÃO ALCANÇOU"
"MG";314280;"Monte Alegre de Minas";167;167;100;"SIM";100;"ALCANÇOU"
"MG";314290;"Monte Azul";171;174;98;"SIM";98;"ALCANÇOU"
"MG";314300;"Monte Belo";131;115;114;"SIM";114;"ALCANÇOU"
"MG";314310;"Monte Carmelo";396;324;122;"SIM";122;"ALCANÇOU"
"MG";314315;"Monte Formoso";27;26;104;"SIM";104;"ALCANÇOU"
"MG";314320;"Monte Santo de Minas";92;206;45;"NÃO";45;"NÃO ALCANÇOU"
"MG";314330;"Montes Claros";2579;2506;103;"SIM";103;"ALCANÇOU"
"MG";314340;"Monte Sião";165;167;99;"SIM";99;"ALCANÇOU"
"MG";314345;"Montezuma";28;39;72;"NÃO";72;"NÃO ALCANÇOU"
"MG";314350;"Morada Nova de Minas";72;53;136;"SIM";136;"ALCANÇOU"
"MG";314360;"Morro da Garça";14;18;78;"NÃO";78;"NÃO ALCANÇOU"
"MG";314370;"Morro do Pilar";21;22;95;"SIM";95;"ALCANÇOU"
"MG";314380;"Munhoz";44;35;126;"SIM";126;"ALCANÇOU"
"MG";314390;"Muriaé";932;915;102;"SIM";102;"ALCANÇOU"
"MG";314400;"Mutum";259;205;126;"SIM";126;"ALCANÇOU"
"MG";314410;"Muzambinho";223;177;126;"SIM";126;"ALCANÇOU"
"MG";314420;"Nacip Raydan";15;7;214;"SIM";214;"ALCANÇOU"
"MG";314430;"Nanuque";280;338;83;"NÃO";83;"NÃO ALCANÇOU"
"MG";314435;"Naque";37;30;123;"SIM";123;"ALCANÇOU"
"MG";314437;"Natalândia";17;28;61;"NÃO";61;"NÃO ALCANÇOU"
"MG";314440;"Natércia";40;31;129;"SIM";129;"ALCANÇOU"
"MG";314450;"Nazareno";83;62;134;"SIM";134;"ALCANÇOU"
"MG";314460;"Nepomuceno";222;220;101;"SIM";101;"ALCANÇOU"
"MG";314465;"Ninheira";56;62;90;"SIM";90;"ALCANÇOU"
"MG";314467;"Nova Belém";20;27;74;"NÃO";74;"NÃO ALCANÇOU"
"MG";314470;"Nova Era";116;108;107;"SIM";107;"ALCANÇOU"
"MG";314480;"Nova Lima";553;648;85;"NÃO";85;"NÃO ALCANÇOU"
"MG";314490;"Nova Módica";30;20;150;"SIM";150;"ALCANÇOU"
"MG";314500;"Nova Ponte";89;72;124;"SIM";124;"ALCANÇOU"
"MG";314505;"Nova Porteirinha";54;33;164;"SIM";164;"ALCANÇOU"
"MG";314510;"Nova Resende";38;102;37;"NÃO";37;"NÃO ALCANÇOU"
"MG";314520;"Nova Serrana";418;453;92;"SIM";92;"ALCANÇOU"
"MG";314530;"Novo Cruzeiro";189;210;90;"SIM";90;"ALCANÇOU"
"MG";314535;"Novo Oriente de Minas";17;71;24;"NÃO";24;"NÃO ALCANÇOU"
"MG";314537;"Novorizonte";32;20;160;"SIM";160;"ALCANÇOU"
"MG";314540;"Olaria";18;21;86;"NÃO";86;"NÃO ALCANÇOU"
"MG";314545;"Olhos-d'Água";30;22;136;"SIM";136;"ALCANÇOU"
"MG";314550;"Olímpio Noronha";29;19;153;"SIM";153;"ALCANÇOU"
"MG";314560;"Oliveira";360;393;92;"SIM";92;"ALCANÇOU"
"MG";314570;"Oliveira Fortes";24;3;800;"SIM";800;"ALCANÇOU"
"MG";314580;"Onça de Pitangui";20;10;200;"SIM";200;"ALCANÇOU"
"MG";314585;"Oratórios";33;25;132;"SIM";132;"ALCANÇOU"
"MG";314587;"Orizânia";58;41;141;"SIM";141;"ALCANÇOU"
"MG";314590;"Ouro Branco";189;198;95;"SIM";95;"ALCANÇOU"
"MG";314600;"Ouro Fino";299;224;133;"SIM";133;"ALCANÇOU"
"MG";314610;"Ouro Preto";483;460;105;"SIM";105;"ALCANÇOU"
"MG";314620;"Ouro Verde de Minas";28;27;104;"SIM";104;"ALCANÇOU"
"MG";314625;"Padre Carvalho";21;22;95;"SIM";95;"ALCANÇOU"
"MG";314630;"Padre Paraíso";45;140;32;"NÃO";32;"NÃO ALCANÇOU"
"MG";314640;"Paineiras";20;27;74;"NÃO";74;"NÃO ALCANÇOU"
"MG";314650;"Pains";67;56;120;"SIM";120;"ALCANÇOU"
"MG";314655;"Pai Pedro";47;29;162;"SIM";162;"ALCANÇOU"
"MG";314660;"Paiva";17;6;283;"SIM";283;"ALCANÇOU"
"MG";314670;"Palma";52;73;71;"NÃO";71;"NÃO ALCANÇOU"
"MG";314675;"Palmópolis";36;42;86;"NÃO";86;"NÃO ALCANÇOU"
"MG";314690;"Papagaios";89;101;88;"NÃO";88;"NÃO ALCANÇOU"
"MG";314700;"Paracatu";521;547;95;"SIM";95;"ALCANÇOU"
"MG";314710;"Pará de Minas";660;680;97;"SIM";97;"ALCANÇOU"
"MG";314720;"Paraguaçu";225;178;126;"SIM";126;"ALCANÇOU"
"MG";314730;"Paraisópolis";147;165;89;"NÃO";89;"NÃO ALCANÇOU"
"MG";314740;"Paraopeba";157;192;82;"NÃO";82;"NÃO ALCANÇOU"
"MG";314750;"Passabém";12;16;75;"NÃO";75;"NÃO ALCANÇOU"
"MG";314760;"Passa Quatro";105;149;70;"NÃO";70;"NÃO ALCANÇOU"
"MG";314770;"Passa Tempo";79;76;104;"SIM";104;"ALCANÇOU"
"MG";314780;"Passa-Vinte";14;14;100;"SIM";100;"ALCANÇOU"
"MG";314790;"Passos";809;923;88;"NÃO";88;"NÃO ALCANÇOU"
"MG";314795;"Patis";36;24;150;"SIM";150;"ALCANÇOU"
"MG";314800;"Patos de Minas";1121;1159;97;"SIM";97;"ALCANÇOU"
"MG";314810;"Patrocínio";636;616;103;"SIM";103;"ALCANÇOU"
"MG";314820;"Patrocínio do Muriaé";44;40;110;"SIM";110;"ALCANÇOU"
"MG";314830;"Paula Cândido";81;53;153;"SIM";153;"ALCANÇOU"
"MG";314840;"Paulistas";32;28;114;"SIM";114;"ALCANÇOU"
"MG";314850;"Pavão";38;57;67;"NÃO";67;"NÃO ALCANÇOU"
"MG";314860;"Peçanha";140;89;157;"SIM";157;"ALCANÇOU"
"MG";314870;"Pedra Azul";197;164;120;"SIM";120;"ALCANÇOU"
"MG";314875;"Pedra Bonita";40;23;174;"SIM";174;"ALCANÇOU"
"MG";314880;"Pedra do Anta";22;32;69;"NÃO";69;"NÃO ALCANÇOU"
"MG";314890;"Pedra do Indaiá";27;20;135;"SIM";135;"ALCANÇOU"
"MG";314900;"Pedra Dourada";17;11;155;"SIM";155;"ALCANÇOU"
"MG";314910;"Pedralva";96;76;126;"SIM";126;"ALCANÇOU"
"MG";314915;"Pedras de Maria da Cruz";83;59;141;"SIM";141;"ALCANÇOU"
"MG";314920;"Pedrinópolis";27;9;300;"SIM";300;"ALCANÇOU"
"MG";314930;"Pedro Leopoldo";352;378;93;"SIM";93;"ALCANÇOU"
"MG";314940;"Pedro Teixeira";10;14;71;"NÃO";71;"NÃO ALCANÇOU"
"MG";314950;"Pequeri";24;26;92;"SIM";92;"ALCANÇOU"
"MG";314960;"Pequi";24;17;141;"SIM";141;"ALCANÇOU"
"MG";314970;"Perdigão";59;54;109;"SIM";109;"ALCANÇOU"
"MG";314980;"Perdizes";93;93;100;"SIM";100;"ALCANÇOU"
"MG";314990;"Perdões";193;160;121;"SIM";121;"ALCANÇOU"
"MG";314995;"Periquito";55;46;120;"SIM";120;"ALCANÇOU"
"MG";315000;"Pescador";17;26;65;"NÃO";65;"NÃO ALCANÇOU"
"MG";315010;"Piau";27;27;100;"SIM";100;"ALCANÇOU"
"MG";315015;"Piedade de Caratinga";62;38;163;"SIM";163;"ALCANÇOU"
"MG";315020;"Piedade de Ponte Nova";30;29;103;"SIM";103;"ALCANÇOU"
"MG";315030;"Piedade do Rio Grande";41;35;117;"SIM";117;"ALCANÇOU"
"MG";315040;"Piedade dos Gerais";19;18;106;"SIM";106;"ALCANÇOU"
"MG";315050;"Pimenta";51;53;96;"SIM";96;"ALCANÇOU"
"MG";315053;"Pingo-d'Água";40;19;211;"SIM";211;"ALCANÇOU"
"MG";315057;"Pintópolis";39;41;95;"SIM";95;"ALCANÇOU"
"MG";315060;"Piracema";63;57;111;"SIM";111;"ALCANÇOU"
"MG";315070;"Pirajuba";32;24;133;"SIM";133;"ALCANÇOU"
"MG";315080;"Piranga";82;110;75;"NÃO";75;"NÃO ALCANÇOU"
"MG";315090;"Piranguçu";55;41;134;"SIM";134;"ALCANÇOU"
"MG";315100;"Piranguinho";65;48;135;"SIM";135;"ALCANÇOU"
"MG";315110;"Pirapetinga";64;79;81;"NÃO";81;"NÃO ALCANÇOU"
"MG";315120;"Pirapora";419;427;98;"SIM";98;"ALCANÇOU"
"MG";315130;"Piraúba";114;88;130;"SIM";130;"ALCANÇOU"
"MG";315140;"Pitangui";210;189;111;"SIM";111;"ALCANÇOU"
"MG";315150;"Piumhi";239;257;93;"SIM";93;"ALCANÇOU"
"MG";315160;"Planura";90;69;130;"SIM";130;"ALCANÇOU"
"MG";315170;"Poço Fundo";194;126;154;"SIM";154;"ALCANÇOU"
"MG";315180;"Poços de Caldas";1464;1439;102;"SIM";102;"ALCANÇOU"
"MG";315190;"Pocrane";77;68;113;"SIM";113;"ALCANÇOU"
"MG";315200;"Pompéu";230;244;94;"SIM";94;"ALCANÇOU"
"MG";315210;"Ponte Nova";465;484;96;"SIM";96;"ALCANÇOU"
"MG";315213;"Ponto Chique";23;20;115;"SIM";115;"ALCANÇOU"
"MG";315217;"Ponto dos Volantes";85;66;129;"SIM";129;"ALCANÇOU"
"MG";315220;"Porteirinha";274;264;104;"SIM";104;"ALCANÇOU"
"MG";315230;"Porto Firme";66;57;116;"SIM";116;"ALCANÇOU"
"MG";315240;"Poté";145;123;118;"SIM";118;"ALCANÇOU"
"MG";315250;"Pouso Alegre";1141;1029;111;"SIM";111;"ALCANÇOU"
"MG";315260;"Pouso Alto";66;51;129;"SIM";129;"ALCANÇOU"
"MG";315270;"Prados";72;74;97;"SIM";97;"ALCANÇOU"
"MG";315280;"Prata";130;189;69;"NÃO";69;"NÃO ALCANÇOU"
"MG";315290;"Pratápolis";34;68;50;"NÃO";50;"NÃO ALCANÇOU"
"MG";315300;"Pratinha";18;16;113;"SIM";113;"ALCANÇOU"
"MG";315310;"Presidente Bernardes";56;38;147;"SIM";147;"ALCANÇOU"
"MG";315320;"Presidente Juscelino";33;13;254;"SIM";254;"ALCANÇOU"
"MG";315330;"Presidente Kubitschek";15;15;100;"SIM";100;"ALCANÇOU"
"MG";315340;"Presidente Olegário";122;106;115;"SIM";115;"ALCANÇOU"
"MG";315350;"Alto Jequitibá";65;55;118;"SIM";118;"ALCANÇOU"
"MG";315360;"Prudente de Morais";55;64;86;"NÃO";86;"NÃO ALCANÇOU"
"MG";315370;"Quartel Geral";18;28;64;"NÃO";64;"NÃO ALCANÇOU"
"MG";315380;"Queluzito";13;8;163;"SIM";163;"ALCANÇOU"
"MG";315390;"Raposos";95;82;116;"SIM";116;"ALCANÇOU"
"MG";315400;"Raul Soares";235;183;128;"SIM";128;"ALCANÇOU"
"MG";315410;"Recreio";94;100;94;"SIM";94;"ALCANÇOU"
"MG";315415;"Reduto";44;37;119;"SIM";119;"ALCANÇOU"
"MG";315420;"Resende Costa";106;71;149;"SIM";149;"ALCANÇOU"
"MG";315430;"Resplendor";162;126;129;"SIM";129;"ALCANÇOU"
"MG";315440;"Ressaquinha";39;29;134;"SIM";134;"ALCANÇOU"
"MG";315445;"Riachinho";41;30;137;"SIM";137;"ALCANÇOU"
"MG";315450;"Riacho dos Machados";60;41;146;"SIM";146;"ALCANÇOU"
"MG";315460;"Ribeirão das Neves";1949;1962;99;"SIM";99;"ALCANÇOU"
"MG";315470;"Ribeirão Vermelho";37;38;97;"SIM";97;"ALCANÇOU"
"MG";315480;"Rio Acima";52;54;96;"SIM";96;"ALCANÇOU"
"MG";315490;"Rio Casca";125;106;118;"SIM";118;"ALCANÇOU"
"MG";315500;"Rio Doce";12;18;67;"NÃO";67;"NÃO ALCANÇOU"
"MG";315510;"Rio do Prado";28;39;72;"NÃO";72;"NÃO ALCANÇOU"
"MG";315520;"Rio Espera";23;43;53;"NÃO";53;"NÃO ALCANÇOU"
"MG";315530;"Rio Manso";18;21;86;"NÃO";86;"NÃO ALCANÇOU"
"MG";315540;"Rio Novo";90;54;167;"SIM";167;"ALCANÇOU"
"MG";315550;"Rio Paranaíba";86;83;104;"SIM";104;"ALCANÇOU"
"MG";315560;"Rio Pardo de Minas";182;154;118;"SIM";118;"ALCANÇOU"
"MG";315570;"Rio Piracicaba";124;90;138;"SIM";138;"ALCANÇOU"
"MG";315580;"Rio Pomba";129;182;71;"NÃO";71;"NÃO ALCANÇOU"
"MG";315590;"Rio Preto";55;50;110;"SIM";110;"ALCANÇOU"
"MG";315600;"Rio Vermelho";70;87;80;"NÃO";80;"NÃO ALCANÇOU"
"MG";315610;"Ritápolis";45;53;85;"NÃO";85;"NÃO ALCANÇOU"
"MG";315620;"Rochedo de Minas";17;10;170;"SIM";170;"ALCANÇOU"
"MG";315630;"Rodeiro";73;53;138;"SIM";138;"ALCANÇOU"
"MG";315640;"Romaria";13;23;57;"NÃO";57;"NÃO ALCANÇOU"
"MG";315645;"Rosário da Limeira";39;25;156;"SIM";156;"ALCANÇOU"
"MG";315650;"Rubelita";46;37;124;"SIM";124;"ALCANÇOU"
"MG";315660;"Rubim";59;94;63;"NÃO";63;"NÃO ALCANÇOU"
"MG";315670;"Sabará";818;870;94;"SIM";94;"ALCANÇOU"
"MG";315680;"Sabinópolis";73;138;53;"NÃO";53;"NÃO ALCANÇOU"
"MG";315690;"Sacramento";206;178;116;"SIM";116;"ALCANÇOU"
"MG";315700;"Salinas";336;275;122;"SIM";122;"ALCANÇOU"
"MG";315710;"Salto da Divisa";28;24;117;"SIM";117;"ALCANÇOU"
"MG";315720;"Santa Bárbara";205;194;106;"SIM";106;"ALCANÇOU"
"MG";315725;"Santa Bárbara do Leste";62;43;144;"SIM";144;"ALCANÇOU"
"MG";315727;"Santa Bárbara do Monte Verde";29;19;153;"SIM";153;"ALCANÇOU"
"MG";315730;"Santa Bárbara do Tugúrio";30;22;136;"SIM";136;"ALCANÇOU"
"MG";315733;"Santa Cruz de Minas";90;61;148;"SIM";148;"ALCANÇOU"
"MG";315737;"Santa Cruz de Salinas";32;25;128;"SIM";128;"ALCANÇOU"
"MG";315740;"Santa Cruz do Escalvado";39;40;98;"SIM";98;"ALCANÇOU"
"MG";315750;"Santa Efigênia de Minas";24;29;83;"NÃO";83;"NÃO ALCANÇOU"
"MG";315760;"Santa Fé de Minas";18;21;86;"NÃO";86;"NÃO ALCANÇOU"
"MG";315765;"Santa Helena de Minas";20;36;56;"NÃO";56;"NÃO ALCANÇOU"
"MG";315770;"Santa Juliana";64;68;94;"SIM";94;"ALCANÇOU"
"MG";315780;"Santa Luzia";1340;1444;93;"SIM";93;"ALCANÇOU"
"MG";315790;"Santa Margarida";94;100;94;"SIM";94;"ALCANÇOU"
"MG";315800;"Santa Maria de Itabira";65;62;105;"SIM";105;"ALCANÇOU"
"MG";315810;"Santa Maria do Salto";16;22;73;"NÃO";73;"NÃO ALCANÇOU"
"MG";315820;"Santa Maria do Suaçuí";110;93;118;"SIM";118;"ALCANÇOU"
"MG";315830;"Santana da Vargem";54;35;154;"SIM";154;"ALCANÇOU"
"MG";315840;"Santana de Cataguases";40;32;125;"SIM";125;"ALCANÇOU"
"MG";315850;"Santana de Pirapama";37;43;86;"NÃO";86;"NÃO ALCANÇOU"
"MG";315860;"Santana do Deserto";27;17;159;"SIM";159;"ALCANÇOU"
"MG";315870;"Santana do Garambéu";9;10;90;"SIM";90;"ALCANÇOU"
"MG";315880;"Santana do Jacaré";60;45;133;"SIM";133;"ALCANÇOU"
"MG";315890;"Santana do Manhuaçu";58;54;107;"SIM";107;"ALCANÇOU"
"MG";315895;"Santana do Paraíso";217;219;99;"SIM";99;"ALCANÇOU"
"MG";315900;"Santana do Riacho";19;32;59;"NÃO";59;"NÃO ALCANÇOU"
"MG";315910;"Santana dos Montes";23;15;153;"SIM";153;"ALCANÇOU"
"MG";315920;"Santa Rita de Caldas";62;78;79;"NÃO";79;"NÃO ALCANÇOU"
"MG";315930;"Santa Rita de Jacutinga";44;38;116;"SIM";116;"ALCANÇOU"
"MG";315935;"Santa Rita de Minas";44;32;138;"SIM";138;"ALCANÇOU"
"MG";315940;"Santa Rita de Ibitipoca";24;28;86;"NÃO";86;"NÃO ALCANÇOU"
"MG";315950;"Santa Rita do Itueto";35;29;121;"SIM";121;"ALCANÇOU"
"MG";315960;"Santa Rita do Sapucaí";275;302;91;"SIM";91;"ALCANÇOU"
"MG";315970;"Santa Rosa da Serra";11;20;55;"NÃO";55;"NÃO ALCANÇOU"
"MG";315980;"Santa Vitória";171;132;130;"SIM";130;"ALCANÇOU"
"MG";315990;"Santo Antônio do Amparo";150;137;109;"SIM";109;"ALCANÇOU"
"MG";316000;"Santo Antônio do Aventureiro";35;27;130;"SIM";130;"ALCANÇOU"
"MG";316010;"Santo Antônio do Grama";24;35;69;"NÃO";69;"NÃO ALCANÇOU"
"MG";316020;"Santo Antônio do Itambé";13;28;46;"NÃO";46;"NÃO ALCANÇOU"
"MG";316030;"Santo Antônio do Jacinto";63;67;94;"SIM";94;"ALCANÇOU"
"MG";316040;"Santo Antônio do Monte";202;195;104;"SIM";104;"ALCANÇOU"
"MG";316045;"Santo Antônio do Retiro";37;32;116;"SIM";116;"ALCANÇOU"
"MG";316050;"Santo Antônio do Rio Abaixo";13;12;108;"SIM";108;"ALCANÇOU"
"MG";316060;"Santo Hipólito";22;20;110;"SIM";110;"ALCANÇOU"
"MG";316070;"Santos Dumont";408;450;91;"SIM";91;"ALCANÇOU"
"MG";316080;"São Bento Abade";33;18;183;"SIM";183;"ALCANÇOU"
"MG";316090;"São Brás do Suaçuí";40;27;148;"SIM";148;"ALCANÇOU"
"MG";316095;"São Domingos das Dores";43;28;154;"SIM";154;"ALCANÇOU"
"MG";316100;"São Domingos do Prata";139;116;120;"SIM";120;"ALCANÇOU"
"MG";316105;"São Félix de Minas";25;21;119;"SIM";119;"ALCANÇOU"
"MG";316110;"São Francisco";383;347;110;"SIM";110;"ALCANÇOU"
"MG";316120;"São Francisco de Paula";65;53;123;"SIM";123;"ALCANÇOU"
"MG";316130;"São Francisco de Sales";47;34;138;"SIM";138;"ALCANÇOU"
"MG";316140;"São Francisco do Glória";41;25;164;"SIM";164;"ALCANÇOU"
"MG";316150;"São Geraldo";76;87;87;"NÃO";87;"NÃO ALCANÇOU"
"MG";316160;"São Geraldo da Piedade";38;37;103;"SIM";103;"ALCANÇOU"
"MG";316165;"São Geraldo do Baixio";21;20;105;"SIM";105;"ALCANÇOU"
"MG";316170;"São Gonçalo do Abaeté";25;35;71;"NÃO";71;"NÃO ALCANÇOU"
"MG";316180;"São Gonçalo do Pará";88;86;102;"SIM";102;"ALCANÇOU"
"MG";316190;"São Gonçalo do Rio Abaixo";74;66;112;"SIM";112;"ALCANÇOU"
"MG";316200;"São Gonçalo do Sapucaí";187;207;90;"SIM";90;"ALCANÇOU"
"MG";316210;"São Gotardo";227;264;86;"NÃO";86;"NÃO ALCANÇOU"
"MG";316220;"São João Batista do Glória";25;60;42;"NÃO";42;"NÃO ALCANÇOU"
"MG";316225;"São João da Lagoa";26;30;87;"NÃO";87;"NÃO ALCANÇOU"
"MG";316230;"São João da Mata";25;14;179;"SIM";179;"ALCANÇOU"
"MG";316240;"São João da Ponte";180;134;134;"SIM";134;"ALCANÇOU"
"MG";316245;"São João das Missões";66;66;100;"SIM";100;"ALCANÇOU"
"MG";316250;"São João del Rei";717;739;97;"SIM";97;"ALCANÇOU"
"MG";316255;"São João do Manhuaçu";57;68;84;"NÃO";84;"NÃO ALCANÇOU"
"MG";316257;"São João do Manteninha";41;40;103;"SIM";103;"ALCANÇOU"
"MG";316260;"São João do Oriente";72;61;118;"SIM";118;"ALCANÇOU"
"MG";316265;"São João do Pacuí";26;27;96;"SIM";96;"ALCANÇOU"
"MG";316270;"São João do Paraíso";154;161;96;"SIM";96;"ALCANÇOU"
"MG";316280;"São João Evangelista";142;131;108;"SIM";108;"ALCANÇOU"
"MG";316290;"São João Nepomuceno";194;207;94;"SIM";94;"ALCANÇOU"
"MG";316292;"São Joaquim de Bicas";176;210;84;"NÃO";84;"NÃO ALCANÇOU"
"MG";316294;"São José da Barra";28;48;58;"NÃO";58;"NÃO ALCANÇOU"
"MG";316295;"São José da Lapa";154;109;141;"SIM";141;"ALCANÇOU"
"MG";316300;"São José da Safira";28;17;165;"SIM";165;"ALCANÇOU"
"MG";316310;"São José da Varginha";21;26;81;"NÃO";81;"NÃO ALCANÇOU"
"MG";316320;"São José do Alegre";37;16;231;"SIM";231;"ALCANÇOU"
"MG";316330;"São José do Divino";10;8;125;"SIM";125;"ALCANÇOU"
"MG";316340;"São José do Goiabal";47;49;96;"SIM";96;"ALCANÇOU"
"MG";316350;"São José do Jacuri";37;19;195;"SIM";195;"ALCANÇOU"
"MG";316360;"São José do Mantimento";12;17;71;"NÃO";71;"NÃO ALCANÇOU"
"MG";316370;"São Lourenço";433;443;98;"SIM";98;"ALCANÇOU"
"MG";316380;"São Miguel do Anta";35;46;76;"NÃO";76;"NÃO ALCANÇOU"
"MG";316390;"São Pedro da União";43;46;93;"SIM";93;"ALCANÇOU"
"MG";316400;"São Pedro dos Ferros";72;64;113;"SIM";113;"ALCANÇOU"
"MG";316410;"São Pedro do Suaçuí";47;35;134;"SIM";134;"ALCANÇOU"
"MG";316420;"São Romão";47;55;85;"NÃO";85;"NÃO ALCANÇOU"
"MG";316430;"São Roque de Minas";28;44;64;"NÃO";64;"NÃO ALCANÇOU"
"MG";316440;"São Sebastião da Bela Vista";43;38;113;"SIM";113;"ALCANÇOU"
"MG";316443;"São Sebastião da Vargem Alegre";19;23;83;"NÃO";83;"NÃO ALCANÇOU"
"MG";316447;"São Sebastião do Anta";33;42;79;"NÃO";79;"NÃO ALCANÇOU"
"MG";316450;"São Sebastião do Maranhão";55;65;85;"NÃO";85;"NÃO ALCANÇOU"
"MG";316460;"São Sebastião do Oeste";40;59;68;"NÃO";68;"NÃO ALCANÇOU"
"MG";316470;"São Sebastião do Paraíso";472;600;79;"NÃO";79;"NÃO ALCANÇOU"
"MG";316480;"São Sebastião do Rio Preto";11;11;100;"SIM";100;"ALCANÇOU"
"MG";316490;"São Sebastião do Rio Verde";19;10;190;"SIM";190;"ALCANÇOU"
"MG";316500;"São Tiago";77;82;94;"SIM";94;"ALCANÇOU"
"MG";316510;"São Tomás de Aquino";43;56;77;"NÃO";77;"NÃO ALCANÇOU"
"MG";316520;"São Thomé das Letras";51;32;159;"SIM";159;"ALCANÇOU"
"MG";316530;"São Vicente de Minas";40;51;78;"NÃO";78;"NÃO ALCANÇOU"
"MG";316540;"Sapucaí-Mirim";44;34;129;"SIM";129;"ALCANÇOU"
"MG";316550;"Sardoá";47;38;124;"SIM";124;"ALCANÇOU"
"MG";316553;"Sarzedo";132;153;86;"NÃO";86;"NÃO ALCANÇOU"
"MG";316555;"Setubinha";33;38;87;"NÃO";87;"NÃO ALCANÇOU"
"MG";316556;"Sem-Peixe";22;22;100;"SIM";100;"ALCANÇOU"
"MG";316557;"Senador Amaral";29;35;83;"NÃO";83;"NÃO ALCANÇOU"
"MG";316560;"Senador Cortes";19;8;238;"SIM";238;"ALCANÇOU"
"MG";316570;"Senador Firmino";70;73;96;"SIM";96;"ALCANÇOU"
"MG";316580;"Senador José Bento";16;10;160;"SIM";160;"ALCANÇOU"
"MG";316590;"Senador Modestino Gonçalves";14;20;70;"NÃO";70;"NÃO ALCANÇOU"
"MG";316600;"Senhora de Oliveira";20;43;47;"NÃO";47;"NÃO ALCANÇOU"
"MG";316610;"Senhora do Porto";18;21;86;"NÃO";86;"NÃO ALCANÇOU"
"MG";316620;"Senhora dos Remédios";71;80;89;"NÃO";89;"NÃO ALCANÇOU"
"MG";316630;"Sericita";40;43;93;"SIM";93;"ALCANÇOU"
"MG";316640;"Seritinga";7;10;70;"NÃO";70;"NÃO ALCANÇOU"
"MG";316650;"Serra Azul de Minas";9;14;64;"NÃO";64;"NÃO ALCANÇOU"
"MG";316660;"Serra da Saudade";7;2;350;"SIM";350;"ALCANÇOU"
"MG";316670;"Serra dos Aimorés";40;58;69;"NÃO";69;"NÃO ALCANÇOU"
"MG";316680;"Serra do Salitre";72;54;133;"SIM";133;"ALCANÇOU"
"MG";316690;"Serrania";75;42;179;"SIM";179;"ALCANÇOU"
"MG";316695;"Serranópolis de Minas";34;12;283;"SIM";283;"ALCANÇOU"
"MG";316700;"Serranos";15;13;115;"SIM";115;"ALCANÇOU"
"MG";316710;"Serro";88;143;62;"NÃO";62;"NÃO ALCANÇOU"
"MG";316720;"Sete Lagoas";1513;1539;98;"SIM";98;"ALCANÇOU"
"MG";316730;"Silveirânia";18;15;120;"SIM";120;"ALCANÇOU"
"MG";316740;"Silvianópolis";53;41;129;"SIM";129;"ALCANÇOU"
"MG";316750;"Simão Pereira";39;15;260;"SIM";260;"ALCANÇOU"
"MG";316760;"Simonésia";119;100;119;"SIM";119;"ALCANÇOU"
"MG";316770;"Sobrália";46;43;107;"SIM";107;"ALCANÇOU"
"MG";316780;"Soledade de Minas";42;35;120;"SIM";120;"ALCANÇOU"
"MG";316790;"Tabuleiro";43;18;239;"SIM";239;"ALCANÇOU"
"MG";316800;"Taiobeiras";240;228;105;"SIM";105;"ALCANÇOU"
"MG";316805;"Taparuba";19;33;58;"NÃO";58;"NÃO ALCANÇOU"
"MG";316810;"Tapira";39;20;195;"SIM";195;"ALCANÇOU"
"MG";316820;"Tapiraí";14;9;156;"SIM";156;"ALCANÇOU"
"MG";316830;"Taquaraçu de Minas";22;22;100;"SIM";100;"ALCANÇOU"
"MG";316840;"Tarumirim";73;135;54;"NÃO";54;"NÃO ALCANÇOU"
"MG";316850;"Teixeiras";100;69;145;"SIM";145;"ALCANÇOU"
"MG";316860;"Teófilo Otoni";675;959;70;"NÃO";70;"NÃO ALCANÇOU"
"MG";316870;"Timóteo";577;568;102;"SIM";102;"ALCANÇOU"
"MG";316880;"Tiradentes";44;52;85;"NÃO";85;"NÃO ALCANÇOU"
"MG";316890;"Tiros";63;53;119;"SIM";119;"ALCANÇOU"
"MG";316900;"Tocantins";142;112;127;"SIM";127;"ALCANÇOU"
"MG";316905;"Tocos do Moji";26;16;163;"SIM";163;"ALCANÇOU"
"MG";316910;"Toledo";24;48;50;"NÃO";50;"NÃO ALCANÇOU"
"MG";316920;"Tombos";83;93;89;"NÃO";89;"NÃO ALCANÇOU"
"MG";316930;"Três Corações";636;620;103;"SIM";103;"ALCANÇOU"
"MG";316935;"Três Marias";171;178;96;"SIM";96;"ALCANÇOU"
"MG";316940;"Três Pontas";463;413;112;"SIM";112;"ALCANÇOU"
"MG";316950;"Tumiritinga";38;38;100;"SIM";100;"ALCANÇOU"
"MG";316960;"Tupaciguara";228;258;88;"NÃO";88;"NÃO ALCANÇOU"
"MG";316970;"Turmalina";92;75;123;"SIM";123;"ALCANÇOU"
"MG";316980;"Turvolândia";46;27;170;"SIM";170;"ALCANÇOU"
"MG";316990;"Ubá";767;800;96;"SIM";96;"ALCANÇOU"
"MG";317000;"Ubaí";86;68;126;"SIM";126;"ALCANÇOU"
"MG";317005;"Ubaporanga";106;62;171;"SIM";171;"ALCANÇOU"
"MG";317010;"Uberaba";2716;2566;106;"SIM";106;"ALCANÇOU"
"MG";317020;"Uberlândia";4714;4481;105;"SIM";105;"ALCANÇOU"
"MG";317030;"Umburatiba";9;17;53;"NÃO";53;"NÃO ALCANÇOU"
"MG";317040;"Unaí";531;577;92;"SIM";92;"ALCANÇOU"
"MG";317043;"União de Minas";31;15;207;"SIM";207;"ALCANÇOU"
"MG";317047;"Uruana de Minas";20;8;250;"SIM";250;"ALCANÇOU"
"MG";317050;"Urucânia";81;55;147;"SIM";147;"ALCANÇOU"
"MG";317052;"Urucuia";49;50;98;"SIM";98;"ALCANÇOU"
"MG";317057;"Vargem Alegre";38;42;90;"SIM";90;"ALCANÇOU"
"MG";317060;"Vargem Bonita";18;13;138;"SIM";138;"ALCANÇOU"
"MG";317065;"Vargem Grande do Rio Pardo";25;23;109;"SIM";109;"ALCANÇOU"
"MG";317070;"Varginha";1029;1064;97;"SIM";97;"ALCANÇOU"
"MG";317075;"Varjão de Minas";35;28;125;"SIM";125;"ALCANÇOU"
"MG";317080;"Várzea da Palma";261;220;119;"SIM";119;"ALCANÇOU"
"MG";317090;"Varzelândia";115;183;63;"NÃO";63;"NÃO ALCANÇOU"
"MG";317100;"Vazante";152;111;137;"SIM";137;"ALCANÇOU"
"MG";317103;"Verdelândia";38;47;81;"NÃO";81;"NÃO ALCANÇOU"
"MG";317107;"Veredinha";22;24;92;"SIM";92;"ALCANÇOU"
"MG";317110;"Veríssimo";21;16;131;"SIM";131;"ALCANÇOU"
"MG";317115;"Vermelho Novo";36;41;88;"NÃO";88;"NÃO ALCANÇOU"
"MG";317120;"Vespasiano";697;657;106;"SIM";106;"ALCANÇOU"
"MG";317130;"Viçosa";499;550;91;"SIM";91;"ALCANÇOU"
"MG";317140;"Vieiras";32;20;160;"SIM";160;"ALCANÇOU"
"MG";317150;"Mathias Lobato";21;15;140;"SIM";140;"ALCANÇOU"
"MG";317160;"Virgem da Lapa";37;71;52;"NÃO";52;"NÃO ALCANÇOU"
"MG";317170;"Virgínia";80;70;114;"SIM";114;"ALCANÇOU"
"MG";317180;"Virginópolis";62;80;78;"NÃO";78;"NÃO ALCANÇOU"
"MG";317190;"Virgolândia";38;47;81;"NÃO";81;"NÃO ALCANÇOU"
"MG";317200;"Visconde do Rio Branco";357;355;101;"SIM";101;"ALCANÇOU"
"MG";317210;"Volta Grande";37;43;86;"NÃO";86;"NÃO ALCANÇOU"
"MG";317220;"Wenceslau Braz";18;28;64;"NÃO";64;"NÃO ALCANÇOU"
"ES";320010;"Afonso Cláudio";250;226;111;"SIM";111;"ALCANÇOU"
"ES";320013;"Águia Branca";81;73;111;"SIM";111;"ALCANÇOU"
"ES";320016;"Água Doce do Norte";119;92;129;"SIM";129;"ALCANÇOU"
"ES";320020;"Alegre";228;222;103;"SIM";103;"ALCANÇOU"
"ES";320030;"Alfredo Chaves";90;91;99;"SIM";99;"ALCANÇOU"
"ES";320035;"Alto Rio Novo";54;33;164;"SIM";164;"ALCANÇOU"
"ES";320040;"Anchieta";180;149;121;"SIM";121;"ALCANÇOU"
"ES";320050;"Apiacá";48;57;84;"NÃO";84;"NÃO ALCANÇOU"
"ES";320060;"Aracruz";590;577;102;"SIM";102;"ALCANÇOU"
"ES";320070;"Atilio Vivacqua";67;59;114;"SIM";114;"ALCANÇOU"
"ES";320080;"Baixo Guandu";275;219;126;"SIM";126;"ALCANÇOU"
"ES";320090;"Barra de São Francisco";365;305;120;"SIM";120;"ALCANÇOU"
"ES";320100;"Boa Esperança";109;90;121;"SIM";121;"ALCANÇOU"
"ES";320110;"Bom Jesus do Norte";81;58;140;"SIM";140;"ALCANÇOU"
"ES";320115;"Brejetuba";76;62;123;"SIM";123;"ALCANÇOU"
"ES";320120;"Cachoeiro de Itapemirim";1338;1423;94;"SIM";94;"ALCANÇOU"
"ES";320130;"Cariacica";2736;2425;113;"SIM";113;"ALCANÇOU"
"ES";320140;"Castelo";304;261;116;"SIM";116;"ALCANÇOU"
"ES";320150;"Colatina";901;896;101;"SIM";101;"ALCANÇOU"
"ES";320160;"Conceição da Barra";217;186;117;"SIM";117;"ALCANÇOU"
"ES";320170;"Conceição do Castelo";94;90;104;"SIM";104;"ALCANÇOU"
"ES";320180;"Divino de São Lourenço";19;21;90;"SIM";90;"ALCANÇOU"
"ES";320190;"Domingos Martins";270;233;116;"SIM";116;"ALCANÇOU"
"ES";320200;"Dores do Rio Preto";34;36;94;"SIM";94;"ALCANÇOU"
"ES";320210;"Ecoporanga";150;161;93;"SIM";93;"ALCANÇOU"
"ES";320220;"Fundão";137;133;103;"SIM";103;"ALCANÇOU"
"ES";320225;"Governador Lindenberg";77;66;117;"SIM";117;"ALCANÇOU"
"ES";320230;"Guaçuí";212;219;97;"SIM";97;"ALCANÇOU"
"ES";320240;"Guarapari";940;848;111;"SIM";111;"ALCANÇOU"
"ES";320245;"Ibatiba";187;155;121;"SIM";121;"ALCANÇOU"
"ES";320250;"Ibiraçu";93;51;182;"SIM";182;"ALCANÇOU"
"ES";320255;"Ibitirama";62;62;100;"SIM";100;"ALCANÇOU"
"ES";320260;"Iconha";91;78;117;"SIM";117;"ALCANÇOU"
"ES";320265;"Irupi";90;81;111;"SIM";111;"ALCANÇOU"
"ES";320270;"Itaguaçu";139;134;104;"SIM";104;"ALCANÇOU"
"ES";320280;"Itapemirim";276;282;98;"SIM";98;"ALCANÇOU"
"ES";320290;"Itarana";114;73;156;"SIM";156;"ALCANÇOU"
"ES";320300;"Iúna";197;246;80;"NÃO";80;"NÃO ALCANÇOU"
"ES";320305;"Jaguaré";187;183;102;"SIM";102;"ALCANÇOU"
"ES";320310;"Jerônimo Monteiro";99;128;77;"NÃO";77;"NÃO ALCANÇOU"
"ES";320313;"João Neiva";127;118;108;"SIM";108;"ALCANÇOU"
"ES";320316;"Laranja da Terra";116;82;141;"SIM";141;"ALCANÇOU"
"ES";320320;"Linhares";1092;1050;104;"SIM";104;"ALCANÇOU"
"ES";320330;"Mantenópolis";124;126;98;"SIM";98;"ALCANÇOU"
"ES";320332;"Marataízes";337;328;103;"SIM";103;"ALCANÇOU"
"ES";320334;"Marechal Floriano";148;117;126;"SIM";126;"ALCANÇOU"
"ES";320335;"Marilândia";127;90;141;"SIM";141;"ALCANÇOU"
"ES";320340;"Mimoso do Sul";211;204;103;"SIM";103;"ALCANÇOU"
"ES";320350;"Montanha";145;149;97;"SIM";97;"ALCANÇOU"
"ES";320360;"Mucurici";43;46;93;"SIM";93;"ALCANÇOU"
"ES";320370;"Muniz Freire";137;117;117;"SIM";117;"ALCANÇOU"
"ES";320380;"Muqui";116;101;115;"SIM";115;"ALCANÇOU"
"ES";320390;"Nova Venécia";382;334;114;"SIM";114;"ALCANÇOU"
"ES";320400;"Pancas";143;142;101;"SIM";101;"ALCANÇOU"
"ES";320405;"Pedro Canário";187;162;115;"SIM";115;"ALCANÇOU"
"ES";320410;"Pinheiros";208;162;128;"SIM";128;"ALCANÇOU"
"ES";320420;"Piúma";164;147;112;"SIM";112;"ALCANÇOU"
"ES";320425;"Ponto Belo";49;65;75;"NÃO";75;"NÃO ALCANÇOU"
"ES";320430;"Presidente Kennedy";101;85;119;"SIM";119;"ALCANÇOU"
"ES";320435;"Rio Bananal";134;113;119;"SIM";119;"ALCANÇOU"
"ES";320440;"Rio Novo do Sul";90;84;107;"SIM";107;"ALCANÇOU"
"ES";320450;"Santa Leopoldina";97;60;162;"SIM";162;"ALCANÇOU"
"ES";320455;"Santa Maria de Jetibá";288;252;114;"SIM";114;"ALCANÇOU"
"ES";320460;"Santa Teresa";178;174;102;"SIM";102;"ALCANÇOU"
"ES";320465;"São Domingos do Norte";84;53;158;"SIM";158;"ALCANÇOU"
"ES";320470;"São Gabriel da Palha";239;234;102;"SIM";102;"ALCANÇOU"
"ES";320480;"São José do Calçado";103;121;85;"NÃO";85;"NÃO ALCANÇOU"
"ES";320490;"São Mateus";893;756;118;"SIM";118;"ALCANÇOU"
"ES";320495;"São Roque do Canaã";98;69;142;"SIM";142;"ALCANÇOU"
"ES";320500;"Serra";3191;3099;103;"SIM";103;"ALCANÇOU"
"ES";320501;"Sooretama";162;159;102;"SIM";102;"ALCANÇOU"
"ES";320503;"Vargem Alta";154;136;113;"SIM";113;"ALCANÇOU"
"ES";320506;"Venda Nova do Imigrante";158;160;99;"SIM";99;"ALCANÇOU"
"ES";320510;"Viana";482;426;113;"SIM";113;"ALCANÇOU"
"ES";320515;"Vila Pavão";71;60;118;"SIM";118;"ALCANÇOU"
"ES";320517;"Vila Valério";74;88;84;"NÃO";84;"NÃO ALCANÇOU"
"ES";320520;"Vila Velha";3455;3294;105;"SIM";105;"ALCANÇOU"
"ES";320530;"Vitória";2519;2312;109;"SIM";109;"ALCANÇOU"
"RJ";330010;"Angra dos Reis";1243;1294;96;"SIM";96;"ALCANÇOU"
"RJ";330015;"Aperibé";47;82;57;"NÃO";57;"NÃO ALCANÇOU"
"RJ";330020;"Araruama";1050;1281;82;"NÃO";82;"NÃO ALCANÇOU"
"RJ";330022;"Areal";98;89;110;"SIM";110;"ALCANÇOU"
"RJ";330023;"Armação dos Búzios";155;302;51;"NÃO";51;"NÃO ALCANÇOU"
"RJ";330025;"Arraial do Cabo";296;255;116;"SIM";116;"ALCANÇOU"
"RJ";330030;"Barra do Piraí";896;767;117;"SIM";117;"ALCANÇOU"
"RJ";330040;"Barra Mansa";1605;1564;103;"SIM";103;"ALCANÇOU"
"RJ";330045;"Belford Roxo";3371;3648;92;"SIM";92;"ALCANÇOU"
"RJ";330050;"Bom Jardim";230;219;105;"SIM";105;"ALCANÇOU"
"RJ";330060;"Bom Jesus do Itabapoana";348;326;107;"SIM";107;"ALCANÇOU"
"RJ";330070;"Cabo Frio";1796;1561;115;"SIM";115;"ALCANÇOU"
"RJ";330080;"Cachoeiras de Macacu";530;475;112;"SIM";112;"ALCANÇOU"
"RJ";330090;"Cambuci";106;131;81;"NÃO";81;"NÃO ALCANÇOU"
"RJ";330093;"Carapebus";98;84;117;"SIM";117;"ALCANÇOU"
"RJ";330095;"Comendador Levy Gasparian";84;59;142;"SIM";142;"ALCANÇOU"
"RJ";330100;"Campos dos Goytacazes";4453;4332;103;"SIM";103;"ALCANÇOU"
"RJ";330110;"Cantagalo";168;151;111;"SIM";111;"ALCANÇOU"
"RJ";330115;"Cardoso Moreira";126;105;120;"SIM";120;"ALCANÇOU"
"RJ";330120;"Carmo";163;171;95;"SIM";95;"ALCANÇOU"
"RJ";330130;"Casimiro de Abreu";322;264;122;"SIM";122;"ALCANÇOU"
"RJ";330140;"Conceição de Macabu";124;153;81;"NÃO";81;"NÃO ALCANÇOU"
"RJ";330150;"Cordeiro";185;162;114;"SIM";114;"ALCANÇOU"
"RJ";330160;"Duas Barras";81;91;89;"NÃO";89;"NÃO ALCANÇOU"
"RJ";330170;"Duque de Caxias";7656;7442;103;"SIM";103;"ALCANÇOU"
"RJ";330180;"Engenheiro Paulo de Frontin";127;150;85;"NÃO";85;"NÃO ALCANÇOU"
"RJ";330185;"Guapimirim";489;495;99;"SIM";99;"ALCANÇOU"
"RJ";330187;"Iguaba Grande";331;310;107;"SIM";107;"ALCANÇOU"
"RJ";330190;"Itaboraí";2045;2065;99;"SIM";99;"ALCANÇOU"
"RJ";330200;"Itaguaí";1073;1100;98;"SIM";98;"ALCANÇOU"
"RJ";330205;"Italva";119;114;104;"SIM";104;"ALCANÇOU"
"RJ";330210;"Itaocara";106;215;49;"NÃO";49;"NÃO ALCANÇOU"
"RJ";330220;"Itaperuna";925;936;99;"SIM";99;"ALCANÇOU"
"RJ";330225;"Itatiaia";240;199;121;"SIM";121;"ALCANÇOU"
"RJ";330227;"Japeri";817;732;112;"SIM";112;"ALCANÇOU"
"RJ";330230;"Laje do Muriaé";53;57;93;"SIM";93;"ALCANÇOU"
"RJ";330240;"Macaé";1568;1517;103;"SIM";103;"ALCANÇOU"
"RJ";330245;"Macuco";70;52;135;"SIM";135;"ALCANÇOU"
"RJ";330250;"Magé";2282;2346;97;"SIM";97;"ALCANÇOU"
"RJ";330260;"Mangaratiba";442;376;118;"SIM";118;"ALCANÇOU"
"RJ";330270;"Maricá";1793;1755;102;"SIM";102;"ALCANÇOU"
"RJ";330280;"Mendes";186;180;103;"SIM";103;"ALCANÇOU"
"RJ";330285;"Mesquita";1539;1445;107;"SIM";107;"ALCANÇOU"
"RJ";330290;"Miguel Pereira";313;286;109;"SIM";109;"ALCANÇOU"
"RJ";330300;"Miracema";196;205;96;"SIM";96;"ALCANÇOU"
"RJ";330310;"Natividade";158;125;126;"SIM";126;"ALCANÇOU"
"RJ";330320;"Nilópolis";1618;1366;118;"SIM";118;"ALCANÇOU"
"RJ";330330;"Niterói";5261;4813;109;"SIM";109;"ALCANÇOU"
"RJ";330340;"Nova Friburgo";1803;1577;114;"SIM";114;"ALCANÇOU"
"RJ";330350;"Nova Iguaçu";7470;7039;106;"SIM";106;"ALCANÇOU"
"RJ";330360;"Paracambi";458;368;124;"SIM";124;"ALCANÇOU"
"RJ";330370;"Paraíba do Sul";378;382;99;"SIM";99;"ALCANÇOU"
"RJ";330380;"Paraty";333;269;124;"SIM";124;"ALCANÇOU"
"RJ";330385;"Paty do Alferes";286;217;132;"SIM";132;"ALCANÇOU"
"RJ";330390;"Petrópolis";3054;3044;100;"SIM";100;"ALCANÇOU"
"RJ";330395;"Pinheiral";249;181;138;"SIM";138;"ALCANÇOU"
"RJ";330400;"Piraí";272;247;110;"SIM";110;"ALCANÇOU"
"RJ";330410;"Porciúncula";144;140;103;"SIM";103;"ALCANÇOU"
"RJ";330411;"Porto Real";158;144;110;"SIM";110;"ALCANÇOU"
"RJ";330412;"Quatis";109;99;110;"SIM";110;"ALCANÇOU"
"RJ";330414;"Queimados";422;1184;36;"NÃO";36;"NÃO ALCANÇOU"
"RJ";330415;"Quissamã";186;162;115;"SIM";115;"ALCANÇOU"
"RJ";330420;"Resende";991;1034;96;"SIM";96;"ALCANÇOU"
"RJ";330430;"Rio Bonito";443;434;102;"SIM";102;"ALCANÇOU"
"RJ";330440;"Rio Claro";119;153;78;"NÃO";78;"NÃO ALCANÇOU"
"RJ";330450;"Rio das Flores";89;55;162;"SIM";162;"ALCANÇOU"
"RJ";330452;"Rio das Ostras";1016;941;108;"SIM";108;"ALCANÇOU"
"RJ";330455;"Rio de Janeiro";59760;57755;103;"SIM";103;"ALCANÇOU"
"RJ";330460;"Santa Maria Madalena";73;81;90;"SIM";90;"ALCANÇOU"
"RJ";330470;"Santo Antônio de Pádua";403;414;97;"SIM";97;"ALCANÇOU"
"RJ";330475;"São Francisco de Itabapoana";406;356;114;"SIM";114;"ALCANÇOU"
"RJ";330480;"São Fidélis";340;329;103;"SIM";103;"ALCANÇOU"
"RJ";330490;"São Gonçalo";8042;8290;97;"SIM";97;"ALCANÇOU"
"RJ";330500;"São João da Barra";396;332;119;"SIM";119;"ALCANÇOU"
"RJ";330510;"São João de Meriti";3898;3950;99;"SIM";99;"ALCANÇOU"
"RJ";330513;"São José de Ubá";60;58;103;"SIM";103;"ALCANÇOU"
"RJ";330515;"São José do Vale do Rio Preto";182;150;121;"SIM";121;"ALCANÇOU"
"RJ";330520;"São Pedro da Aldeia";891;808;110;"SIM";110;"ALCANÇOU"
"RJ";330530;"São Sebastião do Alto";74;67;110;"SIM";110;"ALCANÇOU"
"RJ";330540;"Sapucaia";179;146;123;"SIM";123;"ALCANÇOU"
"RJ";330550;"Saquarema";907;854;106;"SIM";106;"ALCANÇOU"
"RJ";330555;"Seropédica";583;685;85;"NÃO";85;"NÃO ALCANÇOU"
"RJ";330560;"Silva Jardim";192;154;125;"SIM";125;"ALCANÇOU"
"RJ";330570;"Sumidouro";108;96;113;"SIM";113;"ALCANÇOU"
"RJ";330575;"Tanguá";197;256;77;"NÃO";77;"NÃO ALCANÇOU"
"RJ";330580;"Teresópolis";1545;1521;102;"SIM";102;"ALCANÇOU"
"RJ";330590;"Trajano de Moraes";55;72;76;"NÃO";76;"NÃO ALCANÇOU"
"RJ";330600;"Três Rios";777;760;102;"SIM";102;"ALCANÇOU"
"RJ";330610;"Valença";714;696;103;"SIM";103;"ALCANÇOU"
"RJ";330615;"Varre-Sai";57;59;97;"SIM";97;"ALCANÇOU"
"RJ";330620;"Vassouras";359;333;108;"SIM";108;"ALCANÇOU"
"RJ";330630;"Volta Redonda";2455;2508;98;"SIM";98;"ALCANÇOU"
"SP";350010;"Adamantina";348;365;95;"SIM";95;"ALCANÇOU"
"SP";350020;"Adolfo";49;30;163;"SIM";163;"ALCANÇOU"
"SP";350030;"Aguaí";291;256;114;"SIM";114;"ALCANÇOU"
"SP";350040;"Águas da Prata";86;76;113;"SIM";113;"ALCANÇOU"
"SP";350050;"Águas de Lindóia";195;173;113;"SIM";113;"ALCANÇOU"
"SP";350055;"Águas de Santa Bárbara";54;62;87;"NÃO";87;"NÃO ALCANÇOU"
"SP";350060;"Águas de São Pedro";41;39;105;"SIM";105;"ALCANÇOU"
"SP";350070;"Agudos";301;296;102;"SIM";102;"ALCANÇOU"
"SP";350075;"Alambari";51;33;155;"SIM";155;"ALCANÇOU"
"SP";350080;"Alfredo Marcondes";45;30;150;"SIM";150;"ALCANÇOU"
"SP";350090;"Altair";29;24;121;"SIM";121;"ALCANÇOU"
"SP";350100;"Altinópolis";152;134;113;"SIM";113;"ALCANÇOU"
"SP";350110;"Alto Alegre";33;40;83;"NÃO";83;"NÃO ALCANÇOU"
"SP";350115;"Alumínio";105;107;98;"SIM";98;"ALCANÇOU"
"SP";350120;"Álvares Florence";38;29;131;"SIM";131;"ALCANÇOU"
"SP";350130;"Álvares Machado";212;216;98;"SIM";98;"ALCANÇOU"
"SP";350140;"Álvaro de Carvalho";26;18;144;"SIM";144;"ALCANÇOU"
"SP";350150;"Alvinlândia";24;12;200;"SIM";200;"ALCANÇOU"
"SP";350160;"Americana";1949;1628;120;"SIM";120;"ALCANÇOU"
"SP";350170;"Américo Brasiliense";249;213;117;"SIM";117;"ALCANÇOU"
"SP";350180;"Américo de Campos";61;45;136;"SIM";136;"ALCANÇOU"
"SP";350190;"Amparo";646;646;100;"SIM";100;"ALCANÇOU"
"SP";350200;"Analândia";38;22;173;"SIM";173;"ALCANÇOU"
"SP";350210;"Andradina";579;519;112;"SIM";112;"ALCANÇOU"
"SP";350220;"Angatuba";200;180;111;"SIM";111;"ALCANÇOU"
"SP";350230;"Anhembi";48;42;114;"SIM";114;"ALCANÇOU"
"SP";350240;"Anhumas";41;41;100;"SIM";100;"ALCANÇOU"
"SP";350250;"Aparecida";268;275;97;"SIM";97;"ALCANÇOU"
"SP";350260;"Aparecida d'Oeste";46;39;118;"SIM";118;"ALCANÇOU"
"SP";350270;"Apiaí";213;188;113;"SIM";113;"ALCANÇOU"
"SP";350275;"Araçariguama";142;127;112;"SIM";112;"ALCANÇOU"
"SP";350280;"Araçatuba";1993;1798;111;"SIM";111;"ALCANÇOU"
"SP";350290;"Araçoiaba da Serra";293;292;100;"SIM";100;"ALCANÇOU"
"SP";350300;"Aramina";46;40;115;"SIM";115;"ALCANÇOU"
"SP";350310;"Arandu";57;44;130;"SIM";130;"ALCANÇOU"
"SP";350315;"Arapeí";19;23;83;"NÃO";83;"NÃO ALCANÇOU"
"SP";350320;"Araraquara";2129;1940;110;"SIM";110;"ALCANÇOU"
"SP";350330;"Araras";1139;1068;107;"SIM";107;"ALCANÇOU"
"SP";350335;"Arco-Íris";7;9;78;"NÃO";78;"NÃO ALCANÇOU"
"SP";350340;"Arealva";93;85;109;"SIM";109;"ALCANÇOU"
"SP";350350;"Areias";46;42;110;"SIM";110;"ALCANÇOU"
"SP";350360;"Areiópolis";80;71;113;"SIM";113;"ALCANÇOU"
"SP";350370;"Ariranha";72;51;141;"SIM";141;"ALCANÇOU"
"SP";350380;"Artur Nogueira";362;295;123;"SIM";123;"ALCANÇOU"
"SP";350390;"Arujá";583;548;106;"SIM";106;"ALCANÇOU"
"SP";350395;"Aspásia";18;13;138;"SIM";138;"ALCANÇOU"
"SP";350400;"Assis";982;875;112;"SIM";112;"ALCANÇOU"
"SP";350410;"Atibaia";1363;1190;115;"SIM";115;"ALCANÇOU"
"SP";350420;"Auriflama";147;136;108;"SIM";108;"ALCANÇOU"
"SP";350430;"Avaí";35;35;100;"SIM";100;"ALCANÇOU"
"SP";350440;"Avanhandava";75;87;86;"NÃO";86;"NÃO ALCANÇOU"
"SP";350450;"Avaré";782;821;95;"SIM";95;"ALCANÇOU"
"SP";350460;"Bady Bassitt";173;157;110;"SIM";110;"ALCANÇOU"
"SP";350470;"Balbinos";32;19;168;"SIM";168;"ALCANÇOU"
"SP";350480;"Bálsamo";89;81;110;"SIM";110;"ALCANÇOU"
"SP";350490;"Bananal";66;56;118;"SIM";118;"ALCANÇOU"
"SP";350500;"Barão de Antonina";37;23;161;"SIM";161;"ALCANÇOU"
"SP";350510;"Barbosa";52;51;102;"SIM";102;"ALCANÇOU"
"SP";350520;"Bariri";304;286;106;"SIM";106;"ALCANÇOU"
"SP";350530;"Barra Bonita";336;346;97;"SIM";97;"ALCANÇOU"
"SP";350535;"Barra do Chapéu";49;52;94;"SIM";94;"ALCANÇOU"
"SP";350540;"Barra do Turvo";79;42;188;"SIM";188;"ALCANÇOU"
"SP";350550;"Barretos";1221;1091;112;"SIM";112;"ALCANÇOU"
"SP";350560;"Barrinha";221;203;109;"SIM";109;"ALCANÇOU"
"SP";350570;"Barueri";2319;1985;117;"SIM";117;"ALCANÇOU"
"SP";350580;"Bastos";160;149;107;"SIM";107;"ALCANÇOU"
"SP";350590;"Batatais";505;484;104;"SIM";104;"ALCANÇOU"
"SP";350600;"Bauru";3170;3101;102;"SIM";102;"ALCANÇOU"
"SP";350610;"Bebedouro";693;661;105;"SIM";105;"ALCANÇOU"
"SP";350620;"Bento de Abreu";15;17;88;"NÃO";88;"NÃO ALCANÇOU"
"SP";350630;"Bernardino de Campos";140;84;167;"SIM";167;"ALCANÇOU"
"SP";350635;"Bertioga";385;404;95;"SIM";95;"ALCANÇOU"
"SP";350640;"Bilac";76;67;113;"SIM";113;"ALCANÇOU"
"SP";350650;"Birigui";892;919;97;"SIM";97;"ALCANÇOU"
"SP";350660;"Biritiba-Mirim";271;208;130;"SIM";130;"ALCANÇOU"
"SP";350670;"Boa Esperança do Sul";137;87;157;"SIM";157;"ALCANÇOU"
"SP";350680;"Bocaina";82;84;98;"SIM";98;"ALCANÇOU"
"SP";350690;"Bofete";94;85;111;"SIM";111;"ALCANÇOU"
"SP";350700;"Boituva";480;351;137;"SIM";137;"ALCANÇOU"
"SP";350710;"Bom Jesus dos Perdões";193;145;133;"SIM";133;"ALCANÇOU"
"SP";350715;"Bom Sucesso de Itararé";24;17;141;"SIM";141;"ALCANÇOU"
"SP";350720;"Borá";9;2;450;"SIM";450;"ALCANÇOU"
"SP";350730;"Boracéia";33;29;114;"SIM";114;"ALCANÇOU"
"SP";350740;"Borborema";135;130;104;"SIM";104;"ALCANÇOU"
"SP";350745;"Borebi";20;17;118;"SIM";118;"ALCANÇOU"
"SP";350750;"Botucatu";1276;1180;108;"SIM";108;"ALCANÇOU"
"SP";350760;"Bragança Paulista";1444;1328;109;"SIM";109;"ALCANÇOU"
"SP";350770;"Braúna";34;36;94;"SIM";94;"ALCANÇOU"
"SP";350775;"Brejo Alegre";31;15;207;"SIM";207;"ALCANÇOU"
"SP";350780;"Brodowski";191;147;130;"SIM";130;"ALCANÇOU"
"SP";350790;"Brotas";208;177;118;"SIM";118;"ALCANÇOU"
"SP";350800;"Buri";156;155;101;"SIM";101;"ALCANÇOU"
"SP";350810;"Buritama";166;151;110;"SIM";110;"ALCANÇOU"
"SP";350820;"Buritizal";34;37;92;"SIM";92;"ALCANÇOU"
"SP";350830;"Cabrália Paulista";33;26;127;"SIM";127;"ALCANÇOU"
"SP";350840;"Cabreúva";330;306;108;"SIM";108;"ALCANÇOU"
"SP";350850;"Caçapava";722;754;96;"SIM";96;"ALCANÇOU"
"SP";350860;"Cachoeira Paulista";254;270;94;"SIM";94;"ALCANÇOU"
"SP";350870;"Caconde";173;174;99;"SIM";99;"ALCANÇOU"
"SP";350880;"Cafelândia";156;144;108;"SIM";108;"ALCANÇOU"
"SP";350890;"Caiabu";36;21;171;"SIM";171;"ALCANÇOU"
"SP";350900;"Caieiras";658;589;112;"SIM";112;"ALCANÇOU"
"SP";350910;"Caiuá";51;13;392;"SIM";392;"ALCANÇOU"
"SP";350920;"Cajamar";527;552;95;"SIM";95;"ALCANÇOU"
"SP";350925;"Cajati";214;170;126;"SIM";126;"ALCANÇOU"
"SP";350930;"Cajobi";44;76;58;"NÃO";58;"NÃO ALCANÇOU"
"SP";350940;"Cajuru";223;204;109;"SIM";109;"ALCANÇOU"
"SP";350945;"Campina do Monte Alegre";61;37;165;"SIM";165;"ALCANÇOU"
"SP";350950;"Campinas";9200;8743;105;"SIM";105;"ALCANÇOU"
"SP";350960;"Campo Limpo Paulista";647;580;112;"SIM";112;"ALCANÇOU"
"SP";350970;"Campos do Jordão";393;406;97;"SIM";97;"ALCANÇOU"
"SP";350980;"Campos Novos Paulista";35;32;109;"SIM";109;"ALCANÇOU"
"SP";350990;"Cananéia";110;117;94;"SIM";94;"ALCANÇOU"
"SP";350995;"Canas";42;32;131;"SIM";131;"ALCANÇOU"
"SP";351000;"Cândido Mota";312;281;111;"SIM";111;"ALCANÇOU"
"SP";351010;"Cândido Rodrigues";31;24;129;"SIM";129;"ALCANÇOU"
"SP";351015;"Canitar";28;34;82;"NÃO";82;"NÃO ALCANÇOU"
"SP";351020;"Capão Bonito";401;336;119;"SIM";119;"ALCANÇOU"
"SP";351030;"Capela do Alto";168;157;107;"SIM";107;"ALCANÇOU"
"SP";351040;"Capivari";341;331;103;"SIM";103;"ALCANÇOU"
"SP";351050;"Caraguatatuba";1225;1066;115;"SIM";115;"ALCANÇOU"
"SP";351060;"Carapicuíba";2309;2405;96;"SIM";96;"ALCANÇOU"
"SP";351070;"Cardoso";119;125;95;"SIM";95;"ALCANÇOU"
"SP";351080;"Casa Branca";256;278;92;"SIM";92;"ALCANÇOU"
"SP";351090;"Cássia dos Coqueiros";28;21;133;"SIM";133;"ALCANÇOU"
"SP";351100;"Castilho";183;169;108;"SIM";108;"ALCANÇOU"
"SP";351110;"Catanduva";1160;1011;115;"SIM";115;"ALCANÇOU"
"SP";351120;"Catiguá";75;45;167;"SIM";167;"ALCANÇOU"
"SP";351130;"Cedral";108;86;126;"SIM";126;"ALCANÇOU"
"SP";351140;"Cerqueira César";153;168;91;"SIM";91;"ALCANÇOU"
"SP";351150;"Cerquilho";334;319;105;"SIM";105;"ALCANÇOU"
"SP";351160;"Cesário Lange";172;137;126;"SIM";126;"ALCANÇOU"
"SP";351170;"Charqueada";115;97;119;"SIM";119;"ALCANÇOU"
"SP";351190;"Clementina";60;60;100;"SIM";100;"ALCANÇOU"
"SP";351200;"Colina";151;156;97;"SIM";97;"ALCANÇOU"
"SP";351210;"Colômbia";51;46;111;"SIM";111;"ALCANÇOU"
"SP";351220;"Conchal";246;260;95;"SIM";95;"ALCANÇOU"
"SP";351230;"Conchas";167;140;119;"SIM";119;"ALCANÇOU"
"SP";351240;"Cordeirópolis";178;138;129;"SIM";129;"ALCANÇOU"
"SP";351250;"Coroados";48;42;114;"SIM";114;"ALCANÇOU"
"SP";351260;"Coronel Macedo";37;32;116;"SIM";116;"ALCANÇOU"
"SP";351270;"Corumbataí";29;26;112;"SIM";112;"ALCANÇOU"
"SP";351280;"Cosmópolis";446;421;106;"SIM";106;"ALCANÇOU"
"SP";351290;"Cosmorama";96;59;163;"SIM";163;"ALCANÇOU"
"SP";351300;"Cotia";1656;1599;104;"SIM";104;"ALCANÇOU"
"SP";351310;"Cravinhos";274;295;93;"SIM";93;"ALCANÇOU"
"SP";351320;"Cristais Paulista";63;53;119;"SIM";119;"ALCANÇOU"
"SP";351330;"Cruzália";24;8;300;"SIM";300;"ALCANÇOU"
"SP";351340;"Cruzeiro";657;748;88;"NÃO";88;"NÃO ALCANÇOU"
"SP";351350;"Cubatão";868;803;108;"SIM";108;"ALCANÇOU"
"SP";351360;"Cunha";199;170;117;"SIM";117;"ALCANÇOU"
"SP";351370;"Descalvado";294;275;107;"SIM";107;"ALCANÇOU"
"SP";351380;"Diadema";2450;2482;99;"SIM";99;"ALCANÇOU"
"SP";351385;"Dirce Reis";19;8;238;"SIM";238;"ALCANÇOU"
"SP";351390;"Divinolândia";128;120;107;"SIM";107;"ALCANÇOU"
"SP";351400;"Dobrada";59;51;116;"SIM";116;"ALCANÇOU"
"SP";351410;"Dois Córregos";224;215;104;"SIM";104;"ALCANÇOU"
"SP";351420;"Dolcinópolis";29;21;138;"SIM";138;"ALCANÇOU"
"SP";351430;"Dourado";82;86;95;"SIM";95;"ALCANÇOU"
"SP";351440;"Dracena";477;438;109;"SIM";109;"ALCANÇOU"
"SP";351450;"Duartina";123;109;113;"SIM";113;"ALCANÇOU"
"SP";351460;"Dumont";67;39;172;"SIM";172;"ALCANÇOU"
"SP";351470;"Echaporã";60;61;98;"SIM";98;"ALCANÇOU"
"SP";351480;"Eldorado";106;96;110;"SIM";110;"ALCANÇOU"
"SP";351490;"Elias Fausto";112;98;114;"SIM";114;"ALCANÇOU"
"SP";351492;"Elisiário";25;22;114;"SIM";114;"ALCANÇOU"
"SP";351495;"Embaúba";26;23;113;"SIM";113;"ALCANÇOU"
"SP";351500;"Embu das Artes";1722;1613;107;"SIM";107;"ALCANÇOU"
"SP";351510;"Embu-Guaçu";520;601;87;"NÃO";87;"NÃO ALCANÇOU"
"SP";351512;"Emilianópolis";33;23;143;"SIM";143;"ALCANÇOU"
"SP";351515;"Engenheiro Coelho";104;118;88;"NÃO";88;"NÃO ALCANÇOU"
"SP";351518;"Espírito Santo do Pinhal";406;371;109;"SIM";109;"ALCANÇOU"
"SP";351519;"Espírito Santo do Turvo";34;31;110;"SIM";110;"ALCANÇOU"
"SP";351520;"Estrela d'Oeste";94;67;140;"SIM";140;"ALCANÇOU"
"SP";351530;"Estrela do Norte";28;20;140;"SIM";140;"ALCANÇOU"
"SP";351535;"Euclides da Cunha Paulista";58;65;89;"NÃO";89;"NÃO ALCANÇOU"
"SP";351540;"Fartura";140;147;95;"SIM";95;"ALCANÇOU"
"SP";351550;"Fernandópolis";675;650;104;"SIM";104;"ALCANÇOU"
"SP";351560;"Fernando Prestes";62;45;138;"SIM";138;"ALCANÇOU"
"SP";351565;"Fernão";14;6;233;"SIM";233;"ALCANÇOU"
"SP";351570;"Ferraz de Vasconcelos";1139;1150;99;"SIM";99;"ALCANÇOU"
"SP";351580;"Flora Rica";26;15;173;"SIM";173;"ALCANÇOU"
"SP";351590;"Floreal";38;23;165;"SIM";165;"ALCANÇOU"
"SP";351600;"Flórida Paulista";106;96;110;"SIM";110;"ALCANÇOU"
"SP";351610;"Florínia";41;14;293;"SIM";293;"ALCANÇOU"
"SP";351620;"Franca";2239;2718;82;"NÃO";82;"NÃO ALCANÇOU"
"SP";351630;"Francisco Morato";1083;1045;104;"SIM";104;"ALCANÇOU"
"SP";351640;"Franco da Rocha";1028;891;115;"SIM";115;"ALCANÇOU"
"SP";351650;"Gabriel Monteiro";30;21;143;"SIM";143;"ALCANÇOU"
"SP";351660;"Gália";71;67;106;"SIM";106;"ALCANÇOU"
"SP";351670;"Garça";423;405;104;"SIM";104;"ALCANÇOU"
"SP";351680;"Gastão Vidigal";29;31;94;"SIM";94;"ALCANÇOU"
"SP";351685;"Gavião Peixoto";28;22;127;"SIM";127;"ALCANÇOU"
"SP";351690;"General Salgado";101;108;94;"SIM";94;"ALCANÇOU"
"SP";351700;"Getulina";87;95;92;"SIM";92;"ALCANÇOU"
"SP";351710;"Glicério";46;41;112;"SIM";112;"ALCANÇOU"
"SP";351720;"Guaiçara";97;100;97;"SIM";97;"ALCANÇOU"
"SP";351730;"Guaimbê";46;39;118;"SIM";118;"ALCANÇOU"
"SP";351740;"Guaíra";362;293;124;"SIM";124;"ALCANÇOU"
"SP";351750;"Guapiaçu";172;151;114;"SIM";114;"ALCANÇOU"
"SP";351760;"Guapiara";169;154;110;"SIM";110;"ALCANÇOU"
"SP";351770;"Guará";169;132;128;"SIM";128;"ALCANÇOU"
"SP";351780;"Guaraçaí";82;90;91;"SIM";91;"ALCANÇOU"
"SP";351790;"Guaraci";115;84;137;"SIM";137;"ALCANÇOU"
"SP";351800;"Guarani d'Oeste";32;15;213;"SIM";213;"ALCANÇOU"
"SP";351810;"Guarantã";61;46;133;"SIM";133;"ALCANÇOU"
"SP";351820;"Guararapes";336;298;113;"SIM";113;"ALCANÇOU"
"SP";351830;"Guararema";250;214;117;"SIM";117;"ALCANÇOU"
"SP";351840;"Guaratinguetá";1102;987;112;"SIM";112;"ALCANÇOU"
"SP";351850;"Guareí";108;102;106;"SIM";106;"ALCANÇOU"
"SP";351860;"Guariba";255;276;92;"SIM";92;"ALCANÇOU"
"SP";351870;"Guarujá";2331;2238;104;"SIM";104;"ALCANÇOU"
"SP";351880;"Guarulhos";9184;9204;100;"SIM";100;"ALCANÇOU"
"SP";351885;"Guatapará";60;51;118;"SIM";118;"ALCANÇOU"
"SP";351890;"Guzolândia";44;31;142;"SIM";142;"ALCANÇOU"
"SP";351900;"Herculândia";74;68;109;"SIM";109;"ALCANÇOU"
"SP";351905;"Holambra";95;82;116;"SIM";116;"ALCANÇOU"
"SP";351907;"Hortolândia";1512;1395;108;"SIM";108;"ALCANÇOU"
"SP";351910;"Iacanga";104;71;146;"SIM";146;"ALCANÇOU"
"SP";351920;"Iacri";73;55;133;"SIM";133;"ALCANÇOU"
"SP";351925;"Iaras";52;55;95;"SIM";95;"ALCANÇOU"
"SP";351930;"Ibaté";245;227;108;"SIM";108;"ALCANÇOU"
"SP";351940;"Ibirá";105;87;121;"SIM";121;"ALCANÇOU"
"SP";351950;"Ibirarema";64;63;102;"SIM";102;"ALCANÇOU"
"SP";351960;"Ibitinga";634;566;112;"SIM";112;"ALCANÇOU"
"SP";351970;"Ibiúna";707;634;112;"SIM";112;"ALCANÇOU"
"SP";351980;"Icém";63;38;166;"SIM";166;"ALCANÇOU"
"SP";351990;"Iepê";75;78;96;"SIM";96;"ALCANÇOU"
"SP";352000;"Igaraçu do Tietê";202;171;118;"SIM";118;"ALCANÇOU"
"SP";352010;"Igarapava";230;221;104;"SIM";104;"ALCANÇOU"
"SP";352020;"Igaratá";83;74;112;"SIM";112;"ALCANÇOU"
"SP";352030;"Iguape";285;275;104;"SIM";104;"ALCANÇOU"
"SP";352040;"Ilhabela";197;192;103;"SIM";103;"ALCANÇOU"
"SP";352042;"Ilha Comprida";135;135;100;"SIM";100;"ALCANÇOU"
"SP";352044;"Ilha Solteira";230;215;107;"SIM";107;"ALCANÇOU"
"SP";352050;"Indaiatuba";1824;1589;115;"SIM";115;"ALCANÇOU"
"SP";352060;"Indiana";40;33;121;"SIM";121;"ALCANÇOU"
"SP";352070;"Indiaporã";52;22;236;"SIM";236;"ALCANÇOU"
"SP";352080;"Inúbia Paulista";31;28;111;"SIM";111;"ALCANÇOU"
"SP";352090;"Ipaussu";152;97;157;"SIM";157;"ALCANÇOU"
"SP";352100;"Iperó";235;245;96;"SIM";96;"ALCANÇOU"
"SP";352110;"Ipeúna";40;37;108;"SIM";108;"ALCANÇOU"
"SP";352115;"Ipiguá";52;30;173;"SIM";173;"ALCANÇOU"
"SP";352120;"Iporanga";34;15;227;"SIM";227;"ALCANÇOU"
"SP";352130;"Ipuã";120;86;140;"SIM";140;"ALCANÇOU"
"SP";352140;"Iracemápolis";174;159;109;"SIM";109;"ALCANÇOU"
"SP";352150;"Irapuã";56;60;93;"SIM";93;"ALCANÇOU"
"SP";352160;"Irapuru";70;65;108;"SIM";108;"ALCANÇOU"
"SP";352170;"Itaberá";136;133;102;"SIM";102;"ALCANÇOU"
"SP";352180;"Itaí";180;189;95;"SIM";95;"ALCANÇOU"
"SP";352190;"Itajobi";149;119;125;"SIM";125;"ALCANÇOU"
"SP";352200;"Itaju";26;26;100;"SIM";100;"ALCANÇOU"
"SP";352210;"Itanhaém";1142;1054;108;"SIM";108;"ALCANÇOU"
"SP";352215;"Itaóca";33;25;132;"SIM";132;"ALCANÇOU"
"SP";352220;"Itapecerica da Serra";1154;1161;99;"SIM";99;"ALCANÇOU"
"SP";352230;"Itapetininga";1288;1203;107;"SIM";107;"ALCANÇOU"
"SP";352240;"Itapeva";772;756;102;"SIM";102;"ALCANÇOU"
"SP";352250;"Itapevi";1494;1361;110;"SIM";110;"ALCANÇOU"
"SP";352260;"Itapira";716;699;102;"SIM";102;"ALCANÇOU"
"SP";352265;"Itapirapuã Paulista";28;20;140;"SIM";140;"ALCANÇOU"
"SP";352270;"Itápolis";373;388;96;"SIM";96;"ALCANÇOU"
"SP";352280;"Itaporanga";157;125;126;"SIM";126;"ALCANÇOU"
"SP";352290;"Itapuí";114;120;95;"SIM";95;"ALCANÇOU"
"SP";352300;"Itapura";31;30;103;"SIM";103;"ALCANÇOU"
"SP";352310;"Itaquaquecetuba";2189;2131;103;"SIM";103;"ALCANÇOU"
"SP";352320;"Itararé";416;410;101;"SIM";101;"ALCANÇOU"
"SP";352330;"Itariri";118;128;92;"SIM";92;"ALCANÇOU"
"SP";352340;"Itatiba";877;817;107;"SIM";107;"ALCANÇOU"
"SP";352350;"Itatinga";132;152;87;"NÃO";87;"NÃO ALCANÇOU"
"SP";352360;"Itirapina";97;79;123;"SIM";123;"ALCANÇOU"
"SP";352370;"Itirapuã";32;36;89;"NÃO";89;"NÃO ALCANÇOU"
"SP";352380;"Itobi";69;54;128;"SIM";128;"ALCANÇOU"
"SP";352390;"Itu";1367;1229;111;"SIM";111;"ALCANÇOU"
"SP";352400;"Itupeva";377;347;109;"SIM";109;"ALCANÇOU"
"SP";352410;"Ituverava";328;360;91;"SIM";91;"ALCANÇOU"
"SP";352420;"Jaborandi";51;58;88;"NÃO";88;"NÃO ALCANÇOU"
"SP";352430;"Jaboticabal";622;690;90;"SIM";90;"ALCANÇOU"
"SP";352440;"Jacareí";1810;1783;102;"SIM";102;"ALCANÇOU"
"SP";352450;"Jaci";58;53;109;"SIM";109;"ALCANÇOU"
"SP";352460;"Jacupiranga";109;114;96;"SIM";96;"ALCANÇOU"
"SP";352470;"Jaguariúna";405;366;111;"SIM";111;"ALCANÇOU"
"SP";352480;"Jales";520;476;109;"SIM";109;"ALCANÇOU"
"SP";352490;"Jambeiro";41;36;114;"SIM";114;"ALCANÇOU"
"SP";352500;"Jandira";546;597;91;"SIM";91;"ALCANÇOU"
"SP";352510;"Jardinópolis";315;290;109;"SIM";109;"ALCANÇOU"
"SP";352520;"Jarinu";255;223;114;"SIM";114;"ALCANÇOU"
"SP";352530;"Jaú";1246;1097;114;"SIM";114;"ALCANÇOU"
"SP";352540;"Jeriquara";18;18;100;"SIM";100;"ALCANÇOU"
"SP";352550;"Joanópolis";144;121;119;"SIM";119;"ALCANÇOU"
"SP";352560;"João Ramalho";35;27;130;"SIM";130;"ALCANÇOU"
"SP";352570;"José Bonifácio";279;286;98;"SIM";98;"ALCANÇOU"
"SP";352580;"Júlio Mesquita";41;42;98;"SIM";98;"ALCANÇOU"
"SP";352585;"Jumirim";13;21;62;"NÃO";62;"NÃO ALCANÇOU"
"SP";352590;"Jundiaí";3433;3411;101;"SIM";101;"ALCANÇOU"
"SP";352600;"Junqueirópolis";208;184;113;"SIM";113;"ALCANÇOU"
"SP";352610;"Juquiá";167;160;104;"SIM";104;"ALCANÇOU"
"SP";352620;"Juquitiba";259;221;117;"SIM";117;"ALCANÇOU"
"SP";352630;"Lagoinha";59;36;164;"SIM";164;"ALCANÇOU"
"SP";352640;"Laranjal Paulista";268;212;126;"SIM";126;"ALCANÇOU"
"SP";352650;"Lavínia";66;37;178;"SIM";178;"ALCANÇOU"
"SP";352660;"Lavrinhas";62;35;177;"SIM";177;"ALCANÇOU"
"SP";352670;"Leme";772;758;102;"SIM";102;"ALCANÇOU"
"SP";352680;"Lençóis Paulista";467;471;99;"SIM";99;"ALCANÇOU"
"SP";352690;"Limeira";2487;2360;105;"SIM";105;"ALCANÇOU"
"SP";352700;"Lindóia";55;55;100;"SIM";100;"ALCANÇOU"
"SP";352710;"Lins";778;723;108;"SIM";108;"ALCANÇOU"
"SP";352720;"Lorena";786;721;109;"SIM";109;"ALCANÇOU"
"SP";352725;"Lourdes";40;32;125;"SIM";125;"ALCANÇOU"
"SP";352730;"Louveira";284;283;100;"SIM";100;"ALCANÇOU"
"SP";352740;"Lucélia";186;226;82;"NÃO";82;"NÃO ALCANÇOU"
"SP";352750;"Lucianópolis";21;2;1050;"SIM";1050;"ALCANÇOU"
"SP";352760;"Luís Antônio";97;69;141;"SIM";141;"ALCANÇOU"
"SP";352770;"Luiziânia";49;44;111;"SIM";111;"ALCANÇOU"
"SP";352780;"Lupércio";40;21;190;"SIM";190;"ALCANÇOU"
"SP";352790;"Lutécia";18;18;100;"SIM";100;"ALCANÇOU"
"SP";352800;"Macatuba";136;145;94;"SIM";94;"ALCANÇOU"
"SP";352810;"Macaubal";91;78;117;"SIM";117;"ALCANÇOU"
"SP";352820;"Macedônia";38;31;123;"SIM";123;"ALCANÇOU"
"SP";352830;"Magda";32;39;82;"NÃO";82;"NÃO ALCANÇOU"
"SP";352840;"Mairinque";380;388;98;"SIM";98;"ALCANÇOU"
"SP";352850;"Mairiporã";655;638;103;"SIM";103;"ALCANÇOU"
"SP";352860;"Manduri";105;72;146;"SIM";146;"ALCANÇOU"
"SP";352870;"Marabá Paulista";20;24;83;"NÃO";83;"NÃO ALCANÇOU"
"SP";352880;"Maracaí";126;117;108;"SIM";108;"ALCANÇOU"
"SP";352885;"Marapoama";38;26;146;"SIM";146;"ALCANÇOU"
"SP";352890;"Mariápolis";31;26;119;"SIM";119;"ALCANÇOU"
"SP";352900;"Marília";2135;1951;109;"SIM";109;"ALCANÇOU"
"SP";352910;"Marinópolis";23;15;153;"SIM";153;"ALCANÇOU"
"SP";352920;"Martinópolis";235;220;107;"SIM";107;"ALCANÇOU"
"SP";352930;"Matão";711;624;114;"SIM";114;"ALCANÇOU"
"SP";352940;"Mauá";2695;2601;104;"SIM";104;"ALCANÇOU"
"SP";352950;"Mendonça";43;53;81;"NÃO";81;"NÃO ALCANÇOU"
"SP";352960;"Meridiano";32;27;119;"SIM";119;"ALCANÇOU"
"SP";352965;"Mesópolis";18;9;200;"SIM";200;"ALCANÇOU"
"SP";352970;"Miguelópolis";155;171;91;"SIM";91;"ALCANÇOU"
"SP";352980;"Mineiros do Tietê";86;83;104;"SIM";104;"ALCANÇOU"
"SP";352990;"Miracatu";191;136;140;"SIM";140;"ALCANÇOU"
"SP";353000;"Mira Estrela";29;18;161;"SIM";161;"ALCANÇOU"
"SP";353010;"Mirandópolis";233;248;94;"SIM";94;"ALCANÇOU"
"SP";353020;"Mirante do Paranapanema";160;124;129;"SIM";129;"ALCANÇOU"
"SP";353030;"Mirassol";548;441;124;"SIM";124;"ALCANÇOU"
"SP";353040;"Mirassolândia";44;23;191;"SIM";191;"ALCANÇOU"
"SP";353050;"Mococa";612;605;101;"SIM";101;"ALCANÇOU"
"SP";353060;"Mogi das Cruzes";3282;3143;104;"SIM";104;"ALCANÇOU"
"SP";353070;"Mogi Guaçu";1442;1330;108;"SIM";108;"ALCANÇOU"
"SP";353080;"Mogi Mirim";903;806;112;"SIM";112;"ALCANÇOU"
"SP";353090;"Mombuca";29;15;193;"SIM";193;"ALCANÇOU"
"SP";353100;"Monções";37;15;247;"SIM";247;"ALCANÇOU"
"SP";353110;"Mongaguá";664;583;114;"SIM";114;"ALCANÇOU"
"SP";353120;"Monte Alegre do Sul";67;49;137;"SIM";137;"ALCANÇOU"
"SP";353130;"Monte Alto";465;458;102;"SIM";102;"ALCANÇOU"
"SP";353140;"Monte Aprazível";233;203;115;"SIM";115;"ALCANÇOU"
"SP";353150;"Monte Azul Paulista";166;169;98;"SIM";98;"ALCANÇOU"
"SP";353160;"Monte Castelo";32;44;73;"NÃO";73;"NÃO ALCANÇOU"
"SP";353170;"Monteiro Lobato";32;26;123;"SIM";123;"ALCANÇOU"
"SP";353180;"Monte Mor";466;463;101;"SIM";101;"ALCANÇOU"
"SP";353190;"Morro Agudo";193;203;95;"SIM";95;"ALCANÇOU"
"SP";353200;"Morungaba";84;84;100;"SIM";100;"ALCANÇOU"
"SP";353205;"Motuca";31;34;91;"SIM";91;"ALCANÇOU"
"SP";353210;"Murutinga do Sul";41;40;103;"SIM";103;"ALCANÇOU"
"SP";353215;"Nantes";16;17;94;"SIM";94;"ALCANÇOU"
"SP";353220;"Narandiba";46;26;177;"SIM";177;"ALCANÇOU"
"SP";353230;"Natividade da Serra";55;39;141;"SIM";141;"ALCANÇOU"
"SP";353240;"Nazaré Paulista";175;161;109;"SIM";109;"ALCANÇOU"
"SP";353250;"Neves Paulista";74;95;78;"NÃO";78;"NÃO ALCANÇOU"
"SP";353260;"Nhandeara";107;110;97;"SIM";97;"ALCANÇOU"
"SP";353270;"Nipoã";38;34;112;"SIM";112;"ALCANÇOU"
"SP";353280;"Nova Aliança";67;58;116;"SIM";116;"ALCANÇOU"
"SP";353282;"Nova Campina";63;60;105;"SIM";105;"ALCANÇOU"
"SP";353284;"Nova Canaã Paulista";21;18;117;"SIM";117;"ALCANÇOU"
"SP";353286;"Nova Castilho";11;4;275;"SIM";275;"ALCANÇOU"
"SP";353290;"Nova Europa";84;59;142;"SIM";142;"ALCANÇOU"
"SP";353300;"Nova Granada";165;149;111;"SIM";111;"ALCANÇOU"
"SP";353310;"Nova Guataporanga";26;11;236;"SIM";236;"ALCANÇOU"
"SP";353320;"Nova Independência";22;23;96;"SIM";96;"ALCANÇOU"
"SP";353325;"Novais";25;20;125;"SIM";125;"ALCANÇOU"
"SP";353330;"Nova Luzitânia";18;7;257;"SIM";257;"ALCANÇOU"
"SP";353340;"Nova Odessa";464;395;117;"SIM";117;"ALCANÇOU"
"SP";353350;"Novo Horizonte";346;334;104;"SIM";104;"ALCANÇOU"
"SP";353360;"Nuporanga";63;50;126;"SIM";126;"ALCANÇOU"
"SP";353370;"Ocauçu";45;37;122;"SIM";122;"ALCANÇOU"
"SP";353380;"Óleo";21;16;131;"SIM";131;"ALCANÇOU"
"SP";353390;"Olímpia";487;439;111;"SIM";111;"ALCANÇOU"
"SP";353400;"Onda Verde";36;25;144;"SIM";144;"ALCANÇOU"
"SP";353410;"Oriente";65;64;102;"SIM";102;"ALCANÇOU"
"SP";353420;"Orindiúva";42;30;140;"SIM";140;"ALCANÇOU"
"SP";353430;"Orlândia";314;308;102;"SIM";102;"ALCANÇOU"
"SP";353440;"Osasco";5192;5211;100;"SIM";100;"ALCANÇOU"
"SP";353450;"Oscar Bressane";33;29;114;"SIM";114;"ALCANÇOU"
"SP";353460;"Osvaldo Cruz";306;303;101;"SIM";101;"ALCANÇOU"
"SP";353470;"Ourinhos";976;991;98;"SIM";98;"ALCANÇOU"
"SP";353475;"Ouroeste";83;77;108;"SIM";108;"ALCANÇOU"
"SP";353480;"Ouro Verde";81;64;127;"SIM";127;"ALCANÇOU"
"SP";353490;"Pacaembu";114;114;100;"SIM";100;"ALCANÇOU"
"SP";353500;"Palestina";104;83;125;"SIM";125;"ALCANÇOU"
"SP";353510;"Palmares Paulista";71;69;103;"SIM";103;"ALCANÇOU"
"SP";353520;"Palmeira d'Oeste";121;94;129;"SIM";129;"ALCANÇOU"
"SP";353530;"Palmital";241;190;127;"SIM";127;"ALCANÇOU"
"SP";353540;"Panorama";135;134;101;"SIM";101;"ALCANÇOU"
"SP";353550;"Paraguaçu Paulista";333;355;94;"SIM";94;"ALCANÇOU"
"SP";353560;"Paraibuna";140;128;109;"SIM";109;"ALCANÇOU"
"SP";353570;"Paraíso";54;55;98;"SIM";98;"ALCANÇOU"
"SP";353580;"Paranapanema";142;120;118;"SIM";118;"ALCANÇOU"
"SP";353590;"Paranapuã";31;27;115;"SIM";115;"ALCANÇOU"
"SP";353600;"Parapuã";117;86;136;"SIM";136;"ALCANÇOU"
"SP";353610;"Pardinho";70;39;179;"SIM";179;"ALCANÇOU"
"SP";353620;"Pariquera-Açu";150;140;107;"SIM";107;"ALCANÇOU"
"SP";353625;"Parisi";37;14;264;"SIM";264;"ALCANÇOU"
"SP";353630;"Patrocínio Paulista";102;102;100;"SIM";100;"ALCANÇOU"
"SP";353640;"Paulicéia";71;54;131;"SIM";131;"ALCANÇOU"
"SP";353650;"Paulínia";718;597;120;"SIM";120;"ALCANÇOU"
"SP";353657;"Paulistânia";12;15;80;"NÃO";80;"NÃO ALCANÇOU"
"SP";353660;"Paulo de Faria";76;62;123;"SIM";123;"ALCANÇOU"
"SP";353670;"Pederneiras";373;286;130;"SIM";130;"ALCANÇOU"
"SP";353680;"Pedra Bela";59;38;155;"SIM";155;"ALCANÇOU"
"SP";353690;"Pedranópolis";32;25;128;"SIM";128;"ALCANÇOU"
"SP";353700;"Pedregulho";109;118;92;"SIM";92;"ALCANÇOU"
"SP";353710;"Pedreira";330;348;95;"SIM";95;"ALCANÇOU"
"SP";353715;"Pedrinhas Paulista";19;15;127;"SIM";127;"ALCANÇOU"
"SP";353720;"Pedro de Toledo";92;70;131;"SIM";131;"ALCANÇOU"
"SP";353730;"Penápolis";625;599;104;"SIM";104;"ALCANÇOU"
"SP";353740;"Pereira Barreto";250;224;112;"SIM";112;"ALCANÇOU"
"SP";353750;"Pereiras";74;52;142;"SIM";142;"ALCANÇOU"
"SP";353760;"Peruíbe";695;670;104;"SIM";104;"ALCANÇOU"
"SP";353770;"Piacatu";59;37;159;"SIM";159;"ALCANÇOU"
"SP";353780;"Piedade";515;476;108;"SIM";108;"ALCANÇOU"
"SP";353790;"Pilar do Sul";139;224;62;"NÃO";62;"NÃO ALCANÇOU"
"SP";353800;"Pindamonhangaba";1265;1240;102;"SIM";102;"ALCANÇOU"
"SP";353810;"Pindorama";151;136;111;"SIM";111;"ALCANÇOU"
"SP";353820;"Pinhalzinho";158;129;122;"SIM";122;"ALCANÇOU"
"SP";353830;"Piquerobi";27;16;169;"SIM";169;"ALCANÇOU"
"SP";353850;"Piquete";116;121;96;"SIM";96;"ALCANÇOU"
"SP";353860;"Piracaia";255;229;111;"SIM";111;"ALCANÇOU"
"SP";353870;"Piracicaba";3294;3312;99;"SIM";99;"ALCANÇOU"
"SP";353880;"Piraju";298;265;112;"SIM";112;"ALCANÇOU"
"SP";353890;"Pirajuí";244;279;87;"NÃO";87;"NÃO ALCANÇOU"
"SP";353900;"Pirangi";116;80;145;"SIM";145;"ALCANÇOU"
"SP";353910;"Pirapora do Bom Jesus";96;74;130;"SIM";130;"ALCANÇOU"
"SP";353920;"Pirapozinho";200;186;108;"SIM";108;"ALCANÇOU"
"SP";353930;"Pirassununga";654;615;106;"SIM";106;"ALCANÇOU"
"SP";353940;"Piratininga";112;78;144;"SIM";144;"ALCANÇOU"
"SP";353950;"Pitangueiras";264;275;96;"SIM";96;"ALCANÇOU"
"SP";353960;"Planalto";32;36;89;"NÃO";89;"NÃO ALCANÇOU"
"SP";353970;"Platina";19;11;173;"SIM";173;"ALCANÇOU"
"SP";353980;"Poá";865;821;105;"SIM";105;"ALCANÇOU"
"SP";353990;"Poloni";53;46;115;"SIM";115;"ALCANÇOU"
"SP";354000;"Pompéia";175;170;103;"SIM";103;"ALCANÇOU"
"SP";354010;"Pongaí";21;28;75;"NÃO";75;"NÃO ALCANÇOU"
"SP";354020;"Pontal";263;239;110;"SIM";110;"ALCANÇOU"
"SP";354025;"Pontalinda";25;21;119;"SIM";119;"ALCANÇOU"
"SP";354030;"Pontes Gestal";22;12;183;"SIM";183;"ALCANÇOU"
"SP";354040;"Populina";35;34;103;"SIM";103;"ALCANÇOU"
"SP";354050;"Porangaba";101;85;119;"SIM";119;"ALCANÇOU"
"SP";354060;"Porto Feliz";412;370;111;"SIM";111;"ALCANÇOU"
"SP";354070;"Porto Ferreira";492;424;116;"SIM";116;"ALCANÇOU"
"SP";354075;"Potim";131;131;100;"SIM";100;"ALCANÇOU"
"SP";354080;"Potirendaba";163;117;139;"SIM";139;"ALCANÇOU"
"SP";354085;"Pracinha";14;15;93;"SIM";93;"ALCANÇOU"
"SP";354090;"Pradópolis";140;127;110;"SIM";110;"ALCANÇOU"
"SP";354100;"Praia Grande";3179;2782;114;"SIM";114;"ALCANÇOU"
"SP";354105;"Pratânia";33;41;80;"NÃO";80;"NÃO ALCANÇOU"
"SP";354110;"Presidente Alves";40;27;148;"SIM";148;"ALCANÇOU"
"SP";354120;"Presidente Bernardes";131;139;94;"SIM";94;"ALCANÇOU"
"SP";354130;"Presidente Epitácio";367;364;101;"SIM";101;"ALCANÇOU"
"SP";354140;"Presidente Prudente";1936;2003;97;"SIM";97;"ALCANÇOU"
"SP";354150;"Presidente Venceslau";357;351;102;"SIM";102;"ALCANÇOU"
"SP";354160;"Promissão";320;293;109;"SIM";109;"ALCANÇOU"
"SP";354165;"Quadra";31;26;119;"SIM";119;"ALCANÇOU"
"SP";354170;"Quatá";94;85;111;"SIM";111;"ALCANÇOU"
"SP";354180;"Queiroz";27;27;100;"SIM";100;"ALCANÇOU"
"SP";354190;"Queluz";71;85;84;"NÃO";84;"NÃO ALCANÇOU"
"SP";354200;"Quintana";59;54;109;"SIM";109;"ALCANÇOU"
"SP";354210;"Rafard";61;62;98;"SIM";98;"ALCANÇOU"
"SP";354220;"Rancharia";277;267;104;"SIM";104;"ALCANÇOU"
"SP";354230;"Redenção da Serra";28;22;127;"SIM";127;"ALCANÇOU"
"SP";354240;"Regente Feijó";206;171;120;"SIM";120;"ALCANÇOU"
"SP";354250;"Reginópolis";62;41;151;"SIM";151;"ALCANÇOU"
"SP";354260;"Registro";461;460;100;"SIM";100;"ALCANÇOU"
"SP";354270;"Restinga";39;37;105;"SIM";105;"ALCANÇOU"
"SP";354280;"Ribeira";39;20;195;"SIM";195;"ALCANÇOU"
"SP";354290;"Ribeirão Bonito";107;74;145;"SIM";145;"ALCANÇOU"
"SP";354300;"Ribeirão Branco";158;130;122;"SIM";122;"ALCANÇOU"
"SP";354310;"Ribeirão Corrente";31;15;207;"SIM";207;"ALCANÇOU"
"SP";354320;"Ribeirão do Sul";36;43;84;"NÃO";84;"NÃO ALCANÇOU"
"SP";354323;"Ribeirão dos Índios";24;22;109;"SIM";109;"ALCANÇOU"
"SP";354325;"Ribeirão Grande";71;45;158;"SIM";158;"ALCANÇOU"
"SP";354330;"Ribeirão Pires";854;831;103;"SIM";103;"ALCANÇOU"
"SP";354340;"Ribeirão Preto";5218;5363;97;"SIM";97;"ALCANÇOU"
"SP";354350;"Riversul";50;38;132;"SIM";132;"ALCANÇOU"
"SP";354360;"Rifaina";30;28;107;"SIM";107;"ALCANÇOU"
"SP";354370;"Rincão";88;75;117;"SIM";117;"ALCANÇOU"
"SP";354380;"Rinópolis";111;93;119;"SIM";119;"ALCANÇOU"
"SP";354390;"Rio Claro";1724;1763;98;"SIM";98;"ALCANÇOU"
"SP";354400;"Rio das Pedras";250;182;137;"SIM";137;"ALCANÇOU"
"SP";354410;"Rio Grande da Serra";298;262;114;"SIM";114;"ALCANÇOU"
"SP";354420;"Riolândia";89;49;182;"SIM";182;"ALCANÇOU"
"SP";354425;"Rosana";175;159;110;"SIM";110;"ALCANÇOU"
"SP";354430;"Roseira";79;71;111;"SIM";111;"ALCANÇOU"
"SP";354440;"Rubiácea";25;22;114;"SIM";114;"ALCANÇOU"
"SP";354450;"Rubinéia";40;28;143;"SIM";143;"ALCANÇOU"
"SP";354460;"Sabino";63;56;113;"SIM";113;"ALCANÇOU"
"SP";354470;"Sagres";25;24;104;"SIM";104;"ALCANÇOU"
"SP";354480;"Sales";64;66;97;"SIM";97;"ALCANÇOU"
"SP";354490;"Sales Oliveira";94;93;101;"SIM";101;"ALCANÇOU"
"SP";354500;"Salesópolis";143;133;108;"SIM";108;"ALCANÇOU"
"SP";354510;"Salmourão";68;49;139;"SIM";139;"ALCANÇOU"
"SP";354515;"Saltinho";59;60;98;"SIM";98;"ALCANÇOU"
"SP";354520;"Salto";959;892;108;"SIM";108;"ALCANÇOU"
"SP";354530;"Salto de Pirapora";376;334;113;"SIM";113;"ALCANÇOU"
"SP";354540;"Salto Grande";123;93;132;"SIM";132;"ALCANÇOU"
"SP";354550;"Sandovalina";41;22;186;"SIM";186;"ALCANÇOU"
"SP";354560;"Santa Adélia";134;123;109;"SIM";109;"ALCANÇOU"
"SP";354570;"Santa Albertina";75;56;134;"SIM";134;"ALCANÇOU"
"SP";354580;"Santa Bárbara d'Oeste";1490;1364;109;"SIM";109;"ALCANÇOU"
"SP";354600;"Santa Branca";136;89;153;"SIM";153;"ALCANÇOU"
"SP";354610;"Santa Clara d'Oeste";27;18;150;"SIM";150;"ALCANÇOU"
"SP";354620;"Santa Cruz da Conceição";37;30;123;"SIM";123;"ALCANÇOU"
"SP";354625;"Santa Cruz da Esperança";24;21;114;"SIM";114;"ALCANÇOU"
"SP";354630;"Santa Cruz das Palmeiras";232;215;108;"SIM";108;"ALCANÇOU"
"SP";354640;"Santa Cruz do Rio Pardo";412;447;92;"SIM";92;"ALCANÇOU"
"SP";354650;"Santa Ernestina";37;36;103;"SIM";103;"ALCANÇOU"
"SP";354660;"Santa Fé do Sul";336;304;111;"SIM";111;"ALCANÇOU"
"SP";354670;"Santa Gertrudes";194;120;162;"SIM";162;"ALCANÇOU"
"SP";354680;"Santa Isabel";413;417;99;"SIM";99;"ALCANÇOU"
"SP";354690;"Santa Lúcia";52;49;106;"SIM";106;"ALCANÇOU"
"SP";354700;"Santa Maria da Serra";49;38;129;"SIM";129;"ALCANÇOU"
"SP";354710;"Santa Mercedes";22;21;105;"SIM";105;"ALCANÇOU"
"SP";354720;"Santana da Ponte Pensa";13;13;100;"SIM";100;"ALCANÇOU"
"SP";354730;"Santana de Parnaíba";723;762;95;"SIM";95;"ALCANÇOU"
"SP";354740;"Santa Rita d'Oeste";34;21;162;"SIM";162;"ALCANÇOU"
"SP";354750;"Santa Rita do Passa Quatro";294;261;113;"SIM";113;"ALCANÇOU"
"SP";354760;"Santa Rosa de Viterbo";223;200;112;"SIM";112;"ALCANÇOU"
"SP";354765;"Santa Salete";13;7;186;"SIM";186;"ALCANÇOU"
"SP";354770;"Santo Anastácio";166;190;87;"NÃO";87;"NÃO ALCANÇOU"
"SP";354780;"Santo André";6335;5904;107;"SIM";107;"ALCANÇOU"
"SP";354790;"Santo Antônio da Alegria";46;38;121;"SIM";121;"ALCANÇOU"
"SP";354800;"Santo Antônio de Posse";179;141;127;"SIM";127;"ALCANÇOU"
"SP";354805;"Santo Antônio do Aracanguá";57;53;108;"SIM";108;"ALCANÇOU"
"SP";354810;"Santo Antônio do Jardim";57;39;146;"SIM";146;"ALCANÇOU"
"SP";354820;"Santo Antônio do Pinhal";66;49;135;"SIM";135;"ALCANÇOU"
"SP";354830;"Santo Expedito";38;25;152;"SIM";152;"ALCANÇOU"
"SP";354840;"Santópolis do Aguapeí";19;27;70;"NÃO";70;"NÃO ALCANÇOU"
"SP";354850;"Santos";4524;4320;105;"SIM";105;"ALCANÇOU"
"SP";354860;"São Bento do Sapucaí";120;76;158;"SIM";158;"ALCANÇOU"
"SP";354870;"São Bernardo do Campo";5657;5484;103;"SIM";103;"ALCANÇOU"
"SP";354880;"São Caetano do Sul";1677;1537;109;"SIM";109;"ALCANÇOU"
"SP";354890;"São Carlos";2106;1878;112;"SIM";112;"ALCANÇOU"
"SP";354900;"São Francisco";28;22;127;"SIM";127;"ALCANÇOU"
"SP";354910;"São João da Boa Vista";838;700;120;"SIM";120;"ALCANÇOU"
"SP";354920;"São João das Duas Pontes";17;17;100;"SIM";100;"ALCANÇOU"
"SP";354925;"São João de Iracema";17;5;340;"SIM";340;"ALCANÇOU"
"SP";354930;"São João do Pau d'Alho";20;23;87;"NÃO";87;"NÃO ALCANÇOU"
"SP";354940;"São Joaquim da Barra";397;336;118;"SIM";118;"ALCANÇOU"
"SP";354950;"São José da Bela Vista";60;46;130;"SIM";130;"ALCANÇOU"
"SP";354960;"São José do Barreiro";26;21;124;"SIM";124;"ALCANÇOU"
"SP";354970;"São José do Rio Pardo";484;464;104;"SIM";104;"ALCANÇOU"
"SP";354980;"São José do Rio Preto";3974;3794;105;"SIM";105;"ALCANÇOU"
"SP";354990;"São José dos Campos";4700;4854;97;"SIM";97;"ALCANÇOU"
"SP";354995;"São Lourenço da Serra";110;81;136;"SIM";136;"ALCANÇOU"
"SP";355000;"São Luís do Paraitinga";100;86;116;"SIM";116;"ALCANÇOU"
"SP";355010;"São Manuel";367;278;132;"SIM";132;"ALCANÇOU"
"SP";355020;"São Miguel Arcanjo";275;215;128;"SIM";128;"ALCANÇOU"
"SP";355030;"São Paulo";82833;84527;98;"SIM";98;"ALCANÇOU"
"SP";355040;"São Pedro";375;353;106;"SIM";106;"ALCANÇOU"
"SP";355050;"São Pedro do Turvo";52;42;124;"SIM";124;"ALCANÇOU"
"SP";355060;"São Roque";702;667;105;"SIM";105;"ALCANÇOU"
"SP";355070;"São Sebastião";588;528;111;"SIM";111;"ALCANÇOU"
"SP";355080;"São Sebastião da Grama";101;100;101;"SIM";101;"ALCANÇOU"
"SP";355090;"São Simão";146;132;111;"SIM";111;"ALCANÇOU"
"SP";355100;"São Vicente";2984;2735;109;"SIM";109;"ALCANÇOU"
"SP";355110;"Sarapuí";92;58;159;"SIM";159;"ALCANÇOU"
"SP";355120;"Sarutaiá";49;36;136;"SIM";136;"ALCANÇOU"
"SP";355130;"Sebastianópolis do Sul";29;25;116;"SIM";116;"ALCANÇOU"
"SP";355140;"Serra Azul";65;82;79;"NÃO";79;"NÃO ALCANÇOU"
"SP";355150;"Serrana";274;241;114;"SIM";114;"ALCANÇOU"
"SP";355160;"Serra Negra";260;267;97;"SIM";97;"ALCANÇOU"
"SP";355170;"Sertãozinho";896;875;102;"SIM";102;"ALCANÇOU"
"SP";355180;"Sete Barras";125;83;151;"SIM";151;"ALCANÇOU"
"SP";355190;"Severínia";122;114;107;"SIM";107;"ALCANÇOU"
"SP";355200;"Silveiras";52;45;116;"SIM";116;"ALCANÇOU"
"SP";355210;"Socorro";372;370;101;"SIM";101;"ALCANÇOU"
"SP";355220;"Sorocaba";5741;5271;109;"SIM";109;"ALCANÇOU"
"SP";355230;"Sud Mennucci";68;48;142;"SIM";142;"ALCANÇOU"
"SP";355240;"Sumaré";1819;1619;112;"SIM";112;"ALCANÇOU"
"SP";355250;"Suzano";2231;1993;112;"SIM";112;"ALCANÇOU"
"SP";355255;"Suzanápolis";25;19;132;"SIM";132;"ALCANÇOU"
"SP";355260;"Tabapuã";98;103;95;"SIM";95;"ALCANÇOU"
"SP";355270;"Tabatinga";154;119;129;"SIM";129;"ALCANÇOU"
"SP";355280;"Taboão da Serra";1832;1888;97;"SIM";97;"ALCANÇOU"
"SP";355290;"Taciba";54;36;150;"SIM";150;"ALCANÇOU"
"SP";355300;"Taguaí";79;76;104;"SIM";104;"ALCANÇOU"
"SP";355310;"Taiaçu";58;43;135;"SIM";135;"ALCANÇOU"
"SP";355320;"Taiúva";58;49;118;"SIM";118;"ALCANÇOU"
"SP";355330;"Tambaú";183;161;114;"SIM";114;"ALCANÇOU"
"SP";355340;"Tanabi";247;248;100;"SIM";100;"ALCANÇOU"
"SP";355350;"Tapiraí";76;51;149;"SIM";149;"ALCANÇOU"
"SP";355360;"Tapiratiba";107;88;122;"SIM";122;"ALCANÇOU"
"SP";355365;"Taquaral";19;22;86;"NÃO";86;"NÃO ALCANÇOU"
"SP";355370;"Taquaritinga";495;537;92;"SIM";92;"ALCANÇOU"
"SP";355380;"Taquarituba";195;192;102;"SIM";102;"ALCANÇOU"
"SP";355385;"Taquarivaí";45;37;122;"SIM";122;"ALCANÇOU"
"SP";355390;"Tarabai";66;48;138;"SIM";138;"ALCANÇOU"
"SP";355395;"Tarumã";114;80;143;"SIM";143;"ALCANÇOU"
"SP";355400;"Tatuí";1028;934;110;"SIM";110;"ALCANÇOU"
"SP";355410;"Taubaté";2447;2363;104;"SIM";104;"ALCANÇOU"
"SP";355420;"Tejupá";32;34;94;"SIM";94;"ALCANÇOU"
"SP";355430;"Teodoro Sampaio";184;175;105;"SIM";105;"ALCANÇOU"
"SP";355440;"Terra Roxa";73;63;116;"SIM";116;"ALCANÇOU"
"SP";355450;"Tietê";326;303;108;"SIM";108;"ALCANÇOU"
"SP";355460;"Timburi";27;28;96;"SIM";96;"ALCANÇOU"
"SP";355465;"Torre de Pedra";31;25;124;"SIM";124;"ALCANÇOU"
"SP";355470;"Torrinha";103;81;127;"SIM";127;"ALCANÇOU"
"SP";355475;"Trabiju";16;14;114;"SIM";114;"ALCANÇOU"
"SP";355480;"Tremembé";335;287;117;"SIM";117;"ALCANÇOU"
"SP";355490;"Três Fronteiras";64;40;160;"SIM";160;"ALCANÇOU"
"SP";355495;"Tuiuti";55;47;117;"SIM";117;"ALCANÇOU"
"SP";355500;"Tupã";810;707;115;"SIM";115;"ALCANÇOU"
"SP";355510;"Tupi Paulista";171;161;106;"SIM";106;"ALCANÇOU"
"SP";355520;"Turiúba";18;19;95;"SIM";95;"ALCANÇOU"
"SP";355530;"Turmalina";24;15;160;"SIM";160;"ALCANÇOU"
"SP";355535;"Ubarana";47;35;134;"SIM";134;"ALCANÇOU"
"SP";355540;"Ubatuba";676;599;113;"SIM";113;"ALCANÇOU"
"SP";355550;"Ubirajara";45;37;122;"SIM";122;"ALCANÇOU"
"SP";355560;"Uchoa";91;82;111;"SIM";111;"ALCANÇOU"
"SP";355570;"União Paulista";11;11;100;"SIM";100;"ALCANÇOU"
"SP";355580;"Urânia";99;79;125;"SIM";125;"ALCANÇOU"
"SP";355590;"Uru";11;13;85;"NÃO";85;"NÃO ALCANÇOU"
"SP";355600;"Urupês";138;135;102;"SIM";102;"ALCANÇOU"
"SP";355610;"Valentim Gentil";94;101;93;"SIM";93;"ALCANÇOU"
"SP";355620;"Valinhos";931;858;109;"SIM";109;"ALCANÇOU"
"SP";355630;"Valparaíso";200;159;126;"SIM";126;"ALCANÇOU"
"SP";355635;"Vargem";77;62;124;"SIM";124;"ALCANÇOU"
"SP";355640;"Vargem Grande do Sul";444;334;133;"SIM";133;"ALCANÇOU"
"SP";355645;"Vargem Grande Paulista";360;336;107;"SIM";107;"ALCANÇOU"
"SP";355650;"Várzea Paulista";701;684;102;"SIM";102;"ALCANÇOU"
"SP";355660;"Vera Cruz";112;83;135;"SIM";135;"ALCANÇOU"
"SP";355670;"Vinhedo";606;544;111;"SIM";111;"ALCANÇOU"
"SP";355680;"Viradouro";152;146;104;"SIM";104;"ALCANÇOU"
"SP";355690;"Vista Alegre do Alto";49;45;109;"SIM";109;"ALCANÇOU"
"SP";355695;"Vitória Brasil";16;12;133;"SIM";133;"ALCANÇOU"
"SP";355700;"Votorantim";912;820;111;"SIM";111;"ALCANÇOU"
"SP";355710;"Votuporanga";805;790;102;"SIM";102;"ALCANÇOU"
"SP";355715;"Zacarias";28;22;127;"SIM";127;"ALCANÇOU"
"SP";355720;"Chavantes";114;114;100;"SIM";100;"ALCANÇOU"
"SP";355730;"Estiva Gerbi";106;69;154;"SIM";154;"ALCANÇOU"
"PR";410010;"Abatiá";63;62;102;"SIM";102;"ALCANÇOU"
"PR";410020;"Adrianópolis";76;44;173;"SIM";173;"ALCANÇOU"
"PR";410030;"Agudos do Sul";71;91;78;"NÃO";78;"NÃO ALCANÇOU"
"PR";410040;"Almirante Tamandaré";785;624;126;"SIM";126;"ALCANÇOU"
"PR";410045;"Altamira do Paraná";29;30;97;"SIM";97;"ALCANÇOU"
"PR";410050;"Altônia";175;164;107;"SIM";107;"ALCANÇOU"
"PR";410060;"Alto Paraná";133;91;146;"SIM";146;"ALCANÇOU"
"PR";410070;"Alto Piquiri";105;54;194;"SIM";194;"ALCANÇOU"
"PR";410080;"Alvorada do Sul";86;105;82;"NÃO";82;"NÃO ALCANÇOU"
"PR";410090;"Amaporã";38;35;109;"SIM";109;"ALCANÇOU"
"PR";410100;"Ampére";167;96;174;"SIM";174;"ALCANÇOU"
"PR";410105;"Anahy";28;14;200;"SIM";200;"ALCANÇOU"
"PR";410110;"Andirá";133;196;68;"NÃO";68;"NÃO ALCANÇOU"
"PR";410115;"Ângulo";40;16;250;"SIM";250;"ALCANÇOU"
"PR";410120;"Antonina";173;168;103;"SIM";103;"ALCANÇOU"
"PR";410130;"Antônio Olinto";70;65;108;"SIM";108;"ALCANÇOU"
"PR";410140;"Apucarana";1159;1065;109;"SIM";109;"ALCANÇOU"
"PR";410150;"Arapongas";961;773;124;"SIM";124;"ALCANÇOU"
"PR";410160;"Arapoti";210;182;115;"SIM";115;"ALCANÇOU"
"PR";410165;"Arapuã";32;20;160;"SIM";160;"ALCANÇOU"
"PR";410170;"Araruna";124;122;102;"SIM";102;"ALCANÇOU"
"PR";410180;"Araucária";995;800;124;"SIM";124;"ALCANÇOU"
"PR";410185;"Ariranha do Ivaí";34;22;155;"SIM";155;"ALCANÇOU"
"PR";410190;"Assaí";156;134;116;"SIM";116;"ALCANÇOU"
"PR";410200;"Assis Chateaubriand";310;244;127;"SIM";127;"ALCANÇOU"
"PR";410210;"Astorga";229;210;109;"SIM";109;"ALCANÇOU"
"PR";410220;"Atalaia";34;31;110;"SIM";110;"ALCANÇOU"
"PR";410230;"Balsa Nova";111;86;129;"SIM";129;"ALCANÇOU"
"PR";410240;"Bandeirantes";297;264;113;"SIM";113;"ALCANÇOU"
"PR";410250;"Barbosa Ferraz";121;96;126;"SIM";126;"ALCANÇOU"
"PR";410260;"Barracão";66;57;116;"SIM";116;"ALCANÇOU"
"PR";410270;"Barra do Jacaré";20;26;77;"NÃO";77;"NÃO ALCANÇOU"
"PR";410275;"Bela Vista da Caroba";37;24;154;"SIM";154;"ALCANÇOU"
"PR";410280;"Bela Vista do Paraíso";164;113;145;"SIM";145;"ALCANÇOU"
"PR";410290;"Bituruna";124;112;111;"SIM";111;"ALCANÇOU"
"PR";410300;"Boa Esperança";38;45;84;"NÃO";84;"NÃO ALCANÇOU"
"PR";410302;"Boa Esperança do Iguaçu";11;14;79;"NÃO";79;"NÃO ALCANÇOU"
"PR";410304;"Boa Ventura de São Roque";33;37;89;"NÃO";89;"NÃO ALCANÇOU"
"PR";410305;"Boa Vista da Aparecida";76;57;133;"SIM";133;"ALCANÇOU"
"PR";410310;"Bocaiúva do Sul";104;106;98;"SIM";98;"ALCANÇOU"
"PR";410315;"Bom Jesus do Sul";34;34;100;"SIM";100;"ALCANÇOU"
"PR";410320;"Bom Sucesso";59;50;118;"SIM";118;"ALCANÇOU"
"PR";410322;"Bom Sucesso do Sul";30;8;375;"SIM";375;"ALCANÇOU"
"PR";410330;"Borrazópolis";81;52;156;"SIM";156;"ALCANÇOU"
"PR";410335;"Braganey";42;35;120;"SIM";120;"ALCANÇOU"
"PR";410337;"Brasilândia do Sul";31;13;238;"SIM";238;"ALCANÇOU"
"PR";410340;"Cafeara";13;16;81;"NÃO";81;"NÃO ALCANÇOU"
"PR";410345;"Cafelândia";112;118;95;"SIM";95;"ALCANÇOU"
"PR";410347;"Cafezal do Sul";40;31;129;"SIM";129;"ALCANÇOU"
"PR";410350;"Califórnia";100;56;179;"SIM";179;"ALCANÇOU"
"PR";410360;"Cambará";227;212;107;"SIM";107;"ALCANÇOU"
"PR";410370;"Cambé";814;748;109;"SIM";109;"ALCANÇOU"
"PR";410380;"Cambira";69;64;108;"SIM";108;"ALCANÇOU"
"PR";410390;"Campina da Lagoa";133;124;107;"SIM";107;"ALCANÇOU"
"PR";410395;"Campina do Simão";36;30;120;"SIM";120;"ALCANÇOU"
"PR";410400;"Campina Grande do Sul";345;256;135;"SIM";135;"ALCANÇOU"
"PR";410405;"Campo Bonito";27;25;108;"SIM";108;"ALCANÇOU"
"PR";410410;"Campo do Tenente";49;46;107;"SIM";107;"ALCANÇOU"
"PR";410420;"Campo Largo";908;768;118;"SIM";118;"ALCANÇOU"
"PR";410425;"Campo Magro";182;143;127;"SIM";127;"ALCANÇOU"
"PR";410430;"Campo Mourão";655;653;100;"SIM";100;"ALCANÇOU"
"PR";410440;"Cândido de Abreu";138;99;139;"SIM";139;"ALCANÇOU"
"PR";410442;"Candói";112;99;113;"SIM";113;"ALCANÇOU"
"PR";410445;"Cantagalo";92;106;87;"NÃO";87;"NÃO ALCANÇOU"
"PR";410450;"Capanema";174;169;103;"SIM";103;"ALCANÇOU"
"PR";410460;"Capitão Leônidas Marques";146;106;138;"SIM";138;"ALCANÇOU"
"PR";410465;"Carambeí";157;144;109;"SIM";109;"ALCANÇOU"
"PR";410470;"Carlópolis";155;131;118;"SIM";118;"ALCANÇOU"
"PR";410480;"Cascavel";2059;1983;104;"SIM";104;"ALCANÇOU"
"PR";410490;"Castro";544;485;112;"SIM";112;"ALCANÇOU"
"PR";410500;"Catanduvas";67;57;118;"SIM";118;"ALCANÇOU"
"PR";410510;"Centenário do Sul";102;102;100;"SIM";100;"ALCANÇOU"
"PR";410520;"Cerro Azul";131;78;168;"SIM";168;"ALCANÇOU"
"PR";410530;"Céu Azul";90;66;136;"SIM";136;"ALCANÇOU"
"PR";410540;"Chopinzinho";155;142;109;"SIM";109;"ALCANÇOU"
"PR";410550;"Cianorte";624;598;104;"SIM";104;"ALCANÇOU"
"PR";410560;"Cidade Gaúcha";85;88;97;"SIM";97;"ALCANÇOU"
"PR";410570;"Clevelândia";168;143;117;"SIM";117;"ALCANÇOU"
"PR";410580;"Colombo";1552;1301;119;"SIM";119;"ALCANÇOU"
"PR";410590;"Colorado";187;168;111;"SIM";111;"ALCANÇOU"
"PR";410600;"Congonhinhas";62;70;89;"NÃO";89;"NÃO ALCANÇOU"
"PR";410610;"Conselheiro Mairinck";34;25;136;"SIM";136;"ALCANÇOU"
"PR";410620;"Contenda";147;113;130;"SIM";130;"ALCANÇOU"
"PR";410630;"Corbélia";140;127;110;"SIM";110;"ALCANÇOU"
"PR";410640;"Cornélio Procópio";382;377;101;"SIM";101;"ALCANÇOU"
"PR";410645;"Coronel Domingos Soares";45;32;141;"SIM";141;"ALCANÇOU"
"PR";410650;"Coronel Vivida";208;160;130;"SIM";130;"ALCANÇOU"
"PR";410655;"Corumbataí do Sul";36;42;86;"NÃO";86;"NÃO ALCANÇOU"
"PR";410657;"Cruzeiro do Iguaçu";35;27;130;"SIM";130;"ALCANÇOU"
"PR";410660;"Cruzeiro do Oeste";200;125;160;"SIM";160;"ALCANÇOU"
"PR";410670;"Cruzeiro do Sul";42;23;183;"SIM";183;"ALCANÇOU"
"PR";410680;"Cruz Machado";141;126;112;"SIM";112;"ALCANÇOU"
"PR";410685;"Cruzmaltina";35;18;194;"SIM";194;"ALCANÇOU"
"PR";410690;"Curitiba";12954;12185;106;"SIM";106;"ALCANÇOU"
"PR";410700;"Curiúva";129;91;142;"SIM";142;"ALCANÇOU"
"PR";410710;"Diamante do Norte";38;28;136;"SIM";136;"ALCANÇOU"
"PR";410712;"Diamante do Sul";26;16;163;"SIM";163;"ALCANÇOU"
"PR";410715;"Diamante D'Oeste";41;28;146;"SIM";146;"ALCANÇOU"
"PR";410720;"Dois Vizinhos";311;235;132;"SIM";132;"ALCANÇOU"
"PR";410725;"Douradina";66;45;147;"SIM";147;"ALCANÇOU"
"PR";410730;"Doutor Camargo";57;68;84;"NÃO";84;"NÃO ALCANÇOU"
"PR";410740;"Enéas Marques";39;42;93;"SIM";93;"ALCANÇOU"
"PR";410750;"Engenheiro Beltrão";111;114;97;"SIM";97;"ALCANÇOU"
"PR";410752;"Esperança Nova";16;10;160;"SIM";160;"ALCANÇOU"
"PR";410753;"Entre Rios do Oeste";32;26;123;"SIM";123;"ALCANÇOU"
"PR";410754;"Espigão Alto do Iguaçu";39;29;134;"SIM";134;"ALCANÇOU"
"PR";410755;"Farol";36;23;157;"SIM";157;"ALCANÇOU"
"PR";410760;"Faxinal";126;138;91;"SIM";91;"ALCANÇOU"
"PR";410765;"Fazenda Rio Grande";721;609;118;"SIM";118;"ALCANÇOU"
"PR";410770;"Fênix";44;34;129;"SIM";129;"ALCANÇOU"
"PR";410773;"Fernandes Pinheiro";38;30;127;"SIM";127;"ALCANÇOU"
"PR";410775;"Figueira";77;62;124;"SIM";124;"ALCANÇOU"
"PR";410780;"Floraí";57;46;124;"SIM";124;"ALCANÇOU"
"PR";410785;"Flor da Serra do Sul";52;33;158;"SIM";158;"ALCANÇOU"
"PR";410790;"Floresta";80;44;182;"SIM";182;"ALCANÇOU"
"PR";410800;"Florestópolis";113;84;135;"SIM";135;"ALCANÇOU"
"PR";410810;"Flórida";17;9;189;"SIM";189;"ALCANÇOU"
"PR";410820;"Formosa do Oeste";60;59;102;"SIM";102;"ALCANÇOU"
"PR";410830;"Foz do Iguaçu";1945;1899;102;"SIM";102;"ALCANÇOU"
"PR";410832;"Francisco Alves";54;65;83;"NÃO";83;"NÃO ALCANÇOU"
"PR";410840;"Francisco Beltrão";624;578;108;"SIM";108;"ALCANÇOU"
"PR";410845;"Foz do Jordão";42;24;175;"SIM";175;"ALCANÇOU"
"PR";410850;"General Carneiro";87;74;118;"SIM";118;"ALCANÇOU"
"PR";410855;"Godoy Moreira";34;25;136;"SIM";136;"ALCANÇOU"
"PR";410860;"Goioerê";230;237;97;"SIM";97;"ALCANÇOU"
"PR";410865;"Goioxim";41;31;132;"SIM";132;"ALCANÇOU"
"PR";410870;"Grandes Rios";58;37;157;"SIM";157;"ALCANÇOU"
"PR";410880;"Guaíra";264;260;102;"SIM";102;"ALCANÇOU"
"PR";410890;"Guairaçá";59;50;118;"SIM";118;"ALCANÇOU"
"PR";410895;"Guamiranga";80;43;186;"SIM";186;"ALCANÇOU"
"PR";410900;"Guapirama";41;26;158;"SIM";158;"ALCANÇOU"
"PR";410910;"Guaporema";27;12;225;"SIM";225;"ALCANÇOU"
"PR";410920;"Guaraci";55;39;141;"SIM";141;"ALCANÇOU"
"PR";410930;"Guaraniaçu";149;89;167;"SIM";167;"ALCANÇOU"
"PR";410940;"Guarapuava";1412;1253;113;"SIM";113;"ALCANÇOU"
"PR";410950;"Guaraqueçaba";50;34;147;"SIM";147;"ALCANÇOU"
"PR";410960;"Guaratuba";304;266;114;"SIM";114;"ALCANÇOU"
"PR";410965;"Honório Serpa";42;18;233;"SIM";233;"ALCANÇOU"
"PR";410970;"Ibaiti";222;232;96;"SIM";96;"ALCANÇOU"
"PR";410975;"Ibema";38;36;106;"SIM";106;"ALCANÇOU"
"PR";410980;"Ibiporã";464;408;114;"SIM";114;"ALCANÇOU"
"PR";410990;"Icaraíma";69;82;84;"NÃO";84;"NÃO ALCANÇOU"
"PR";411000;"Iguaraçu";44;25;176;"SIM";176;"ALCANÇOU"
"PR";411005;"Iguatu";16;17;94;"SIM";94;"ALCANÇOU"
"PR";411007;"Imbaú";88;70;126;"SIM";126;"ALCANÇOU"
"PR";411010;"Imbituva";242;192;126;"SIM";126;"ALCANÇOU"
"PR";411020;"Inácio Martins";76;66;115;"SIM";115;"ALCANÇOU"
"PR";411030;"Inajá";23;28;82;"NÃO";82;"NÃO ALCANÇOU"
"PR";411040;"Indianópolis";51;25;204;"SIM";204;"ALCANÇOU"
"PR";411050;"Ipiranga";90;86;105;"SIM";105;"ALCANÇOU"
"PR";411060;"Iporã";148;154;96;"SIM";96;"ALCANÇOU"
"PR";411065;"Iracema do Oeste";27;14;193;"SIM";193;"ALCANÇOU"
"PR";411070;"Irati";524;435;120;"SIM";120;"ALCANÇOU"
"PR";411080;"Iretama";93;95;98;"SIM";98;"ALCANÇOU"
"PR";411090;"Itaguajé";37;27;137;"SIM";137;"ALCANÇOU"
"PR";411095;"Itaipulândia";94;54;174;"SIM";174;"ALCANÇOU"
"PR";411100;"Itambaracá";45;55;82;"NÃO";82;"NÃO ALCANÇOU"
"PR";411110;"Itambé";64;39;164;"SIM";164;"ALCANÇOU"
"PR";411120;"Itapejara d'Oeste";85;93;91;"SIM";91;"ALCANÇOU"
"PR";411125;"Itaperuçu";173;148;117;"SIM";117;"ALCANÇOU"
"PR";411130;"Itaúna do Sul";42;23;183;"SIM";183;"ALCANÇOU"
"PR";411140;"Ivaí";68;95;72;"NÃO";72;"NÃO ALCANÇOU"
"PR";411150;"Ivaiporã";333;269;124;"SIM";124;"ALCANÇOU"
"PR";411155;"Ivaté";51;54;94;"SIM";94;"ALCANÇOU"
"PR";411160;"Ivatuba";21;23;91;"SIM";91;"ALCANÇOU"
"PR";411170;"Jaboti";57;49;116;"SIM";116;"ALCANÇOU"
"PR";411180;"Jacarezinho";371;329;113;"SIM";113;"ALCANÇOU"
"PR";411190;"Jaguapitã";129;93;139;"SIM";139;"ALCANÇOU"
"PR";411200;"Jaguariaíva";243;221;110;"SIM";110;"ALCANÇOU"
"PR";411210;"Jandaia do Sul";207;189;110;"SIM";110;"ALCANÇOU"
"PR";411220;"Janiópolis";66;44;150;"SIM";150;"ALCANÇOU"
"PR";411230;"Japira";41;37;111;"SIM";111;"ALCANÇOU"
"PR";411240;"Japurá";51;73;70;"NÃO";70;"NÃO ALCANÇOU"
"PR";411250;"Jardim Alegre";132;101;131;"SIM";131;"ALCANÇOU"
"PR";411260;"Jardim Olinda";8;5;160;"SIM";160;"ALCANÇOU"
"PR";411270;"Jataizinho";123;100;123;"SIM";123;"ALCANÇOU"
"PR";411275;"Jesuítas";85;91;93;"SIM";93;"ALCANÇOU"
"PR";411280;"Joaquim Távora";114;91;125;"SIM";125;"ALCANÇOU"
"PR";411290;"Jundiaí do Sul";31;30;103;"SIM";103;"ALCANÇOU"
"PR";411295;"Juranda";67;56;120;"SIM";120;"ALCANÇOU"
"PR";411300;"Jussara";55;44;125;"SIM";125;"ALCANÇOU"
"PR";411310;"Kaloré";53;53;100;"SIM";100;"ALCANÇOU"
"PR";411320;"Lapa";384;399;96;"SIM";96;"ALCANÇOU"
"PR";411325;"Laranjal";44;42;105;"SIM";105;"ALCANÇOU"
"PR";411330;"Laranjeiras do Sul";286;243;118;"SIM";118;"ALCANÇOU"
"PR";411340;"Leópolis";28;29;97;"SIM";97;"ALCANÇOU"
"PR";411342;"Lidianópolis";45;32;141;"SIM";141;"ALCANÇOU"
"PR";411345;"Lindoeste";43;30;143;"SIM";143;"ALCANÇOU"
"PR";411350;"Loanda";210;168;125;"SIM";125;"ALCANÇOU"
"PR";411360;"Lobato";33;25;132;"SIM";132;"ALCANÇOU"
"PR";411370;"Londrina";4237;4223;100;"SIM";100;"ALCANÇOU"
"PR";411373;"Luiziana";50;49;102;"SIM";102;"ALCANÇOU"
"PR";411375;"Lunardelli";51;41;124;"SIM";124;"ALCANÇOU"
"PR";411380;"Lupionópolis";52;30;173;"SIM";173;"ALCANÇOU"
"PR";411390;"Mallet";130;102;127;"SIM";127;"ALCANÇOU"
"PR";411400;"Mamborê";105;130;81;"NÃO";81;"NÃO ALCANÇOU"
"PR";411410;"Mandaguaçu";214;183;117;"SIM";117;"ALCANÇOU"
"PR";411420;"Mandaguari";287;275;104;"SIM";104;"ALCANÇOU"
"PR";411430;"Mandirituba";231;160;144;"SIM";144;"ALCANÇOU"
"PR";411435;"Manfrinópolis";16;23;70;"NÃO";70;"NÃO ALCANÇOU"
"PR";411440;"Mangueirinha";116;108;107;"SIM";107;"ALCANÇOU"
"PR";411450;"Manoel Ribas";122;94;130;"SIM";130;"ALCANÇOU"
"PR";411460;"Marechal Cândido Rondon";415;399;104;"SIM";104;"ALCANÇOU"
"PR";411470;"Maria Helena";41;49;84;"NÃO";84;"NÃO ALCANÇOU"
"PR";411480;"Marialva";290;282;103;"SIM";103;"ALCANÇOU"
"PR";411490;"Marilândia do Sul";91;69;132;"SIM";132;"ALCANÇOU"
"PR";411500;"Marilena";68;74;92;"SIM";92;"ALCANÇOU"
"PR";411510;"Mariluz";89;84;106;"SIM";106;"ALCANÇOU"
"PR";411520;"Maringá";2861;2709;106;"SIM";106;"ALCANÇOU"
"PR";411530;"Mariópolis";63;31;203;"SIM";203;"ALCANÇOU"
"PR";411535;"Maripá";63;29;217;"SIM";217;"ALCANÇOU"
"PR";411540;"Marmeleiro";127;94;135;"SIM";135;"ALCANÇOU"
"PR";411545;"Marquinho";32;23;139;"SIM";139;"ALCANÇOU"
"PR";411550;"Marumbi";42;38;111;"SIM";111;"ALCANÇOU"
"PR";411560;"Matelândia";140;100;140;"SIM";140;"ALCANÇOU"
"PR";411570;"Matinhos";344;319;108;"SIM";108;"ALCANÇOU"
"PR";411573;"Mato Rico";27;24;113;"SIM";113;"ALCANÇOU"
"PR";411575;"Mauá da Serra";76;59;129;"SIM";129;"ALCANÇOU"
"PR";411580;"Medianeira";315;283;111;"SIM";111;"ALCANÇOU"
"PR";411585;"Mercedes";50;18;278;"SIM";278;"ALCANÇOU"
"PR";411590;"Mirador";21;13;162;"SIM";162;"ALCANÇOU"
"PR";411600;"Miraselva";18;1;1800;"SIM";1800;"ALCANÇOU"
"PR";411605;"Missal";110;77;143;"SIM";143;"ALCANÇOU"
"PR";411610;"Moreira Sales";119;129;92;"SIM";92;"ALCANÇOU"
"PR";411620;"Morretes";125;132;95;"SIM";95;"ALCANÇOU"
"PR";411630;"Munhoz de Melo";49;28;175;"SIM";175;"ALCANÇOU"
"PR";411640;"Nossa Senhora das Graças";44;23;191;"SIM";191;"ALCANÇOU"
"PR";411650;"Nova Aliança do Ivaí";9;9;100;"SIM";100;"ALCANÇOU"
"PR";411660;"Nova América da Colina";19;24;79;"NÃO";79;"NÃO ALCANÇOU"
"PR";411670;"Nova Aurora";98;78;126;"SIM";126;"ALCANÇOU"
"PR";411680;"Nova Cantu";66;51;129;"SIM";129;"ALCANÇOU"
"PR";411690;"Nova Esperança";244;191;128;"SIM";128;"ALCANÇOU"
"PR";411695;"Nova Esperança do Sudoeste";41;25;164;"SIM";164;"ALCANÇOU"
"PR";411700;"Nova Fátima";72;76;95;"SIM";95;"ALCANÇOU"
"PR";411705;"Nova Laranjeiras";102;65;157;"SIM";157;"ALCANÇOU"
"PR";411710;"Nova Londrina";105;90;117;"SIM";117;"ALCANÇOU"
"PR";411720;"Nova Olímpia";61;46;133;"SIM";133;"ALCANÇOU"
"PR";411721;"Nova Santa Bárbara";40;43;93;"SIM";93;"ALCANÇOU"
"PR";411722;"Nova Santa Rosa";78;67;116;"SIM";116;"ALCANÇOU"
"PR";411725;"Nova Prata do Iguaçu";73;61;120;"SIM";120;"ALCANÇOU"
"PR";411727;"Nova Tebas";54;63;86;"NÃO";86;"NÃO ALCANÇOU"
"PR";411729;"Novo Itacolomi";20;20;100;"SIM";100;"ALCANÇOU"
"PR";411730;"Ortigueira";189;156;121;"SIM";121;"ALCANÇOU"
"PR";411740;"Ourizona";36;28;129;"SIM";129;"ALCANÇOU"
"PR";411745;"Ouro Verde do Oeste";48;31;155;"SIM";155;"ALCANÇOU"
"PR";411750;"Paiçandu";360;244;148;"SIM";148;"ALCANÇOU"
"PR";411760;"Palmas";349;316;110;"SIM";110;"ALCANÇOU"
"PR";411770;"Palmeira";275;240;115;"SIM";115;"ALCANÇOU"
"PR";411780;"Palmital";98;91;108;"SIM";108;"ALCANÇOU"
"PR";411790;"Palotina";229;202;113;"SIM";113;"ALCANÇOU"
"PR";411800;"Paraíso do Norte";111;95;117;"SIM";117;"ALCANÇOU"
"PR";411810;"Paranacity";74;64;116;"SIM";116;"ALCANÇOU"
"PR";411820;"Paranaguá";1063;1169;91;"SIM";91;"ALCANÇOU"
"PR";411830;"Paranapoema";17;17;100;"SIM";100;"ALCANÇOU"
"PR";411840;"Paranavaí";759;714;106;"SIM";106;"ALCANÇOU"
"PR";411845;"Pato Bragado";58;37;157;"SIM";157;"ALCANÇOU"
"PR";411850;"Pato Branco";643;548;117;"SIM";117;"ALCANÇOU"
"PR";411860;"Paula Freitas";64;22;291;"SIM";291;"ALCANÇOU"
"PR";411870;"Paulo Frontin";57;39;146;"SIM";146;"ALCANÇOU"
"PR";411880;"Peabiru";111;89;125;"SIM";125;"ALCANÇOU"
"PR";411885;"Perobal";54;48;113;"SIM";113;"ALCANÇOU"
"PR";411890;"Pérola";126;86;147;"SIM";147;"ALCANÇOU"
"PR";411900;"Pérola d'Oeste";53;37;143;"SIM";143;"ALCANÇOU"
"PR";411910;"Piên";83;85;98;"SIM";98;"ALCANÇOU"
"PR";411915;"Pinhais";857;654;131;"SIM";131;"ALCANÇOU"
"PR";411920;"Pinhalão";62;47;132;"SIM";132;"ALCANÇOU"
"PR";411925;"Pinhal de São Bento";26;12;217;"SIM";217;"ALCANÇOU"
"PR";411930;"Pinhão";208;237;88;"NÃO";88;"NÃO ALCANÇOU"
"PR";411940;"Piraí do Sul";208;203;102;"SIM";102;"ALCANÇOU"
"PR";411950;"Piraquara";756;557;136;"SIM";136;"ALCANÇOU"
"PR";411960;"Pitanga";279;232;120;"SIM";120;"ALCANÇOU"
"PR";411965;"Pitangueiras";23;15;153;"SIM";153;"ALCANÇOU"
"PR";411970;"Planaltina do Paraná";32;23;139;"SIM";139;"ALCANÇOU"
"PR";411980;"Planalto";125;107;117;"SIM";117;"ALCANÇOU"
"PR";411990;"Ponta Grossa";2849;2714;105;"SIM";105;"ALCANÇOU"
"PR";411995;"Pontal do Paraná";286;250;114;"SIM";114;"ALCANÇOU"
"PR";412000;"Porecatu";129;116;111;"SIM";111;"ALCANÇOU"
"PR";412010;"Porto Amazonas";34;32;106;"SIM";106;"ALCANÇOU"
"PR";412015;"Porto Barreiro";28;22;127;"SIM";127;"ALCANÇOU"
"PR";412020;"Porto Rico";24;11;218;"SIM";218;"ALCANÇOU"
"PR";412030;"Porto Vitória";39;22;177;"SIM";177;"ALCANÇOU"
"PR";412033;"Prado Ferreira";38;26;146;"SIM";146;"ALCANÇOU"
"PR";412035;"Pranchita";48;29;166;"SIM";166;"ALCANÇOU"
"PR";412040;"Presidente Castelo Branco";47;38;124;"SIM";124;"ALCANÇOU"
"PR";412050;"Primeiro de Maio";126;89;142;"SIM";142;"ALCANÇOU"
"PR";412060;"Prudentópolis";435;407;107;"SIM";107;"ALCANÇOU"
"PR";412065;"Quarto Centenário";41;32;128;"SIM";128;"ALCANÇOU"
"PR";412070;"Quatiguá";89;69;129;"SIM";129;"ALCANÇOU"
"PR";412080;"Quatro Barras";169;108;156;"SIM";156;"ALCANÇOU"
"PR";412085;"Quatro Pontes";26;34;76;"NÃO";76;"NÃO ALCANÇOU"
"PR";412090;"Quedas do Iguaçu";228;262;87;"NÃO";87;"NÃO ALCANÇOU"
"PR";412100;"Querência do Norte";88;65;135;"SIM";135;"ALCANÇOU"
"PR";412110;"Quinta do Sol";55;39;141;"SIM";141;"ALCANÇOU"
"PR";412120;"Quitandinha";169;139;122;"SIM";122;"ALCANÇOU"
"PR";412125;"Ramilândia";34;23;148;"SIM";148;"ALCANÇOU"
"PR";412130;"Rancho Alegre";40;38;105;"SIM";105;"ALCANÇOU"
"PR";412135;"Rancho Alegre D'Oeste";31;18;172;"SIM";172;"ALCANÇOU"
"PR";412140;"Realeza";148;129;115;"SIM";115;"ALCANÇOU"
"PR";412150;"Rebouças";135;102;132;"SIM";132;"ALCANÇOU"
"PR";412160;"Renascença";57;45;127;"SIM";127;"ALCANÇOU"
"PR";412170;"Reserva";166;191;87;"NÃO";87;"NÃO ALCANÇOU"
"PR";412175;"Reserva do Iguaçu";56;39;144;"SIM";144;"ALCANÇOU"
"PR";412180;"Ribeirão Claro";127;120;106;"SIM";106;"ALCANÇOU"
"PR";412190;"Ribeirão do Pinhal";147;129;114;"SIM";114;"ALCANÇOU"
"PR";412200;"Rio Azul";116;97;120;"SIM";120;"ALCANÇOU"
"PR";412210;"Rio Bom";30;40;75;"NÃO";75;"NÃO ALCANÇOU"
"PR";412215;"Rio Bonito do Iguaçu";113;92;123;"SIM";123;"ALCANÇOU"
"PR";412217;"Rio Branco do Ivaí";32;29;110;"SIM";110;"ALCANÇOU"
"PR";412220;"Rio Branco do Sul";232;163;142;"SIM";142;"ALCANÇOU"
"PR";412230;"Rio Negro";252;205;123;"SIM";123;"ALCANÇOU"
"PR";412240;"Rolândia";529;397;133;"SIM";133;"ALCANÇOU"
"PR";412250;"Roncador";101;80;126;"SIM";126;"ALCANÇOU"
"PR";412260;"Rondon";76;70;109;"SIM";109;"ALCANÇOU"
"PR";412265;"Rosário do Ivaí";56;41;137;"SIM";137;"ALCANÇOU"
"PR";412270;"Sabáudia";90;39;231;"SIM";231;"ALCANÇOU"
"PR";412280;"Salgado Filho";25;28;89;"NÃO";89;"NÃO ALCANÇOU"
"PR";412290;"Salto do Itararé";36;37;97;"SIM";97;"ALCANÇOU"
"PR";412300;"Salto do Lontra";104;87;120;"SIM";120;"ALCANÇOU"
"PR";412310;"Santa Amélia";19;25;76;"NÃO";76;"NÃO ALCANÇOU"
"PR";412320;"Santa Cecília do Pavão";45;27;167;"SIM";167;"ALCANÇOU"
"PR";412330;"Santa Cruz de Monte Castelo";80;44;182;"SIM";182;"ALCANÇOU"
"PR";412340;"Santa Fé";91;75;121;"SIM";121;"ALCANÇOU"
"PR";412350;"Santa Helena";230;197;117;"SIM";117;"ALCANÇOU"
"PR";412360;"Santa Inês";15;6;250;"SIM";250;"ALCANÇOU"
"PR";412370;"Santa Isabel do Ivaí";71;63;113;"SIM";113;"ALCANÇOU"
"PR";412380;"Santa Izabel do Oeste";84;82;102;"SIM";102;"ALCANÇOU"
"PR";412382;"Santa Lúcia";28;27;104;"SIM";104;"ALCANÇOU"
"PR";412385;"Santa Maria do Oeste";70;68;103;"SIM";103;"ALCANÇOU"
"PR";412390;"Santa Mariana";126;117;108;"SIM";108;"ALCANÇOU"
"PR";412395;"Santa Mônica";27;27;100;"SIM";100;"ALCANÇOU"
"PR";412400;"Santana do Itararé";57;30;190;"SIM";190;"ALCANÇOU"
"PR";412402;"Santa Tereza do Oeste";76;64;119;"SIM";119;"ALCANÇOU"
"PR";412405;"Santa Terezinha de Itaipu";174;155;112;"SIM";112;"ALCANÇOU"
"PR";412410;"Santo Antônio da Platina";365;371;98;"SIM";98;"ALCANÇOU"
"PR";412420;"Santo Antônio do Caiuá";17;13;131;"SIM";131;"ALCANÇOU"
"PR";412430;"Santo Antônio do Paraíso";19;12;158;"SIM";158;"ALCANÇOU"
"PR";412440;"Santo Antônio do Sudoeste";169;123;137;"SIM";137;"ALCANÇOU"
"PR";412450;"Santo Inácio";61;41;149;"SIM";149;"ALCANÇOU"
"PR";412460;"São Carlos do Ivaí";55;61;90;"SIM";90;"ALCANÇOU"
"PR";412470;"São Jerônimo da Serra";68;54;126;"SIM";126;"ALCANÇOU"
"PR";412480;"São João";109;89;122;"SIM";122;"ALCANÇOU"
"PR";412490;"São João do Caiuá";55;50;110;"SIM";110;"ALCANÇOU"
"PR";412500;"São João do Ivaí";107;94;114;"SIM";114;"ALCANÇOU"
"PR";412510;"São João do Triunfo";88;90;98;"SIM";98;"ALCANÇOU"
"PR";412520;"São Jorge d'Oeste";83;77;108;"SIM";108;"ALCANÇOU"
"PR";412530;"São Jorge do Ivaí";62;33;188;"SIM";188;"ALCANÇOU"
"PR";412535;"São Jorge do Patrocínio";68;44;155;"SIM";155;"ALCANÇOU"
"PR";412540;"São José da Boa Vista";59;33;179;"SIM";179;"ALCANÇOU"
"PR";412545;"São José das Palmeiras";41;24;171;"SIM";171;"ALCANÇOU"
"PR";412550;"São José dos Pinhais";1951;1802;108;"SIM";108;"ALCANÇOU"
"PR";412555;"São Manoel do Paraná";19;13;146;"SIM";146;"ALCANÇOU"
"PR";412560;"São Mateus do Sul";332;340;98;"SIM";98;"ALCANÇOU"
"PR";412570;"São Miguel do Iguaçu";218;192;114;"SIM";114;"ALCANÇOU"
"PR";412575;"São Pedro do Iguaçu";63;46;137;"SIM";137;"ALCANÇOU"
"PR";412580;"São Pedro do Ivaí";96;79;122;"SIM";122;"ALCANÇOU"
"PR";412590;"São Pedro do Paraná";29;10;290;"SIM";290;"ALCANÇOU"
"PR";412600;"São Sebastião da Amoreira";65;48;135;"SIM";135;"ALCANÇOU"
"PR";412610;"São Tomé";46;39;118;"SIM";118;"ALCANÇOU"
"PR";412620;"Sapopema";65;55;118;"SIM";118;"ALCANÇOU"
"PR";412625;"Sarandi";723;583;124;"SIM";124;"ALCANÇOU"
"PR";412627;"Saudade do Iguaçu";38;42;90;"SIM";90;"ALCANÇOU"
"PR";412630;"Sengés";118;120;98;"SIM";98;"ALCANÇOU"
"PR";412635;"Serranópolis do Iguaçu";40;41;98;"SIM";98;"ALCANÇOU"
"PR";412640;"Sertaneja";60;58;103;"SIM";103;"ALCANÇOU"
"PR";412650;"Sertanópolis";153;106;144;"SIM";144;"ALCANÇOU"
"PR";412660;"Siqueira Campos";193;180;107;"SIM";107;"ALCANÇOU"
"PR";412665;"Sulina";25;22;114;"SIM";114;"ALCANÇOU"
"PR";412667;"Tamarana";87;83;105;"SIM";105;"ALCANÇOU"
"PR";412670;"Tamboara";36;35;103;"SIM";103;"ALCANÇOU"
"PR";412680;"Tapejara";134;109;123;"SIM";123;"ALCANÇOU"
"PR";412690;"Tapira";77;58;133;"SIM";133;"ALCANÇOU"
"PR";412700;"Teixeira Soares";67;64;105;"SIM";105;"ALCANÇOU"
"PR";412710;"Telêmaco Borba";542;520;104;"SIM";104;"ALCANÇOU"
"PR";412720;"Terra Boa";167;136;123;"SIM";123;"ALCANÇOU"
"PR";412730;"Terra Rica";110;109;101;"SIM";101;"ALCANÇOU"
"PR";412740;"Terra Roxa";153;116;132;"SIM";132;"ALCANÇOU"
"PR";412750;"Tibagi";175;130;135;"SIM";135;"ALCANÇOU"
"PR";412760;"Tijucas do Sul";143;89;161;"SIM";161;"ALCANÇOU"
"PR";412770;"Toledo";894;849;105;"SIM";105;"ALCANÇOU"
"PR";412780;"Tomazina";91;68;134;"SIM";134;"ALCANÇOU"
"PR";412785;"Três Barras do Paraná";106;80;133;"SIM";133;"ALCANÇOU"
"PR";412788;"Tunas do Paraná";44;24;183;"SIM";183;"ALCANÇOU"
"PR";412790;"Tuneiras do Oeste";75;76;99;"SIM";99;"ALCANÇOU"
"PR";412795;"Tupãssi";71;59;120;"SIM";120;"ALCANÇOU"
"PR";412796;"Turvo";102;99;103;"SIM";103;"ALCANÇOU"
"PR";412800;"Ubiratã";199;159;125;"SIM";125;"ALCANÇOU"
"PR";412810;"Umuarama";873;870;100;"SIM";100;"ALCANÇOU"
"PR";412820;"União da Vitória";484;469;103;"SIM";103;"ALCANÇOU"
"PR";412830;"Uniflor";12;14;86;"NÃO";86;"NÃO ALCANÇOU"
"PR";412840;"Uraí";98;118;83;"NÃO";83;"NÃO ALCANÇOU"
"PR";412850;"Wenceslau Braz";187;156;120;"SIM";120;"ALCANÇOU"
"PR";412853;"Ventania";75;80;94;"SIM";94;"ALCANÇOU"
"PR";412855;"Vera Cruz do Oeste";80;49;163;"SIM";163;"ALCANÇOU"
"PR";412860;"Verê";37;52;71;"NÃO";71;"NÃO ALCANÇOU"
"PR";412862;"Alto Paraíso";22;16;138;"SIM";138;"ALCANÇOU"
"PR";412863;"Doutor Ulysses";29;34;85;"NÃO";85;"NÃO ALCANÇOU"
"PR";412865;"Virmond";44;36;122;"SIM";122;"ALCANÇOU"
"PR";412870;"Vitorino";63;57;111;"SIM";111;"ALCANÇOU"
"PR";412880;"Xambrê";58;50;116;"SIM";116;"ALCANÇOU"
"SC";420005;"Abdon Batista";22;17;129;"SIM";129;"ALCANÇOU"
"SC";420010;"Abelardo Luz";128;116;110;"SIM";110;"ALCANÇOU"
"SC";420020;"Agrolândia";80;76;105;"SIM";105;"ALCANÇOU"
"SC";420030;"Agronômica";43;30;143;"SIM";143;"ALCANÇOU"
"SC";420040;"Água Doce";60;46;130;"SIM";130;"ALCANÇOU"
"SC";420050;"Águas de Chapecó";46;46;100;"SIM";100;"ALCANÇOU"
"SC";420055;"Águas Frias";26;14;186;"SIM";186;"ALCANÇOU"
"SC";420060;"Águas Mornas";53;51;104;"SIM";104;"ALCANÇOU"
"SC";420070;"Alfredo Wagner";67;57;118;"SIM";118;"ALCANÇOU"
"SC";420075;"Alto Bela Vista";18;13;138;"SIM";138;"ALCANÇOU"
"SC";420080;"Anchieta";57;22;259;"SIM";259;"ALCANÇOU"
"SC";420090;"Angelina";45;37;122;"SIM";122;"ALCANÇOU"
"SC";420100;"Anita Garibaldi";46;63;73;"NÃO";73;"NÃO ALCANÇOU"
"SC";420110;"Anitápolis";40;11;364;"SIM";364;"ALCANÇOU"
"SC";420120;"Antônio Carlos";85;53;160;"SIM";160;"ALCANÇOU"
"SC";420125;"Apiúna";79;72;110;"SIM";110;"ALCANÇOU"
"SC";420127;"Arabutã";21;25;84;"NÃO";84;"NÃO ALCANÇOU"
"SC";420130;"Araquari";250;214;117;"SIM";117;"ALCANÇOU"
"SC";420140;"Araranguá";564;466;121;"SIM";121;"ALCANÇOU"
"SC";420150;"Armazém";57;35;163;"SIM";163;"ALCANÇOU"
"SC";420160;"Arroio Trinta";46;22;209;"SIM";209;"ALCANÇOU"
"SC";420165;"Arvoredo";21;17;124;"SIM";124;"ALCANÇOU"
"SC";420170;"Ascurra";64;45;142;"SIM";142;"ALCANÇOU"
"SC";420180;"Atalanta";25;26;96;"SIM";96;"ALCANÇOU"
"SC";420190;"Aurora";52;22;236;"SIM";236;"ALCANÇOU"
"SC";420195;"Balneário Arroio do Silva";163;126;129;"SIM";129;"ALCANÇOU"
"SC";420200;"Balneário Camboriú";859;796;108;"SIM";108;"ALCANÇOU"
"SC";420205;"Balneário Barra do Sul";148;87;170;"SIM";170;"ALCANÇOU"
"SC";420207;"Balneário Gaivota";133;137;97;"SIM";97;"ALCANÇOU"
"SC";420208;"Bandeirante";24;19;126;"SIM";126;"ALCANÇOU"
"SC";420209;"Barra Bonita";20;9;222;"SIM";222;"ALCANÇOU"
"SC";420210;"Barra Velha";317;234;135;"SIM";135;"ALCANÇOU"
"SC";420213;"Bela Vista do Toldo";48;25;192;"SIM";192;"ALCANÇOU"
"SC";420215;"Belmonte";21;16;131;"SIM";131;"ALCANÇOU"
"SC";420220;"Benedito Novo";90;76;118;"SIM";118;"ALCANÇOU"
"SC";420230;"Biguaçu";492;451;109;"SIM";109;"ALCANÇOU"
"SC";420240;"Blumenau";2232;2105;106;"SIM";106;"ALCANÇOU"
"SC";420243;"Bocaina do Sul";30;18;167;"SIM";167;"ALCANÇOU"
"SC";420245;"Bombinhas";110;131;84;"NÃO";84;"NÃO ALCANÇOU"
"SC";420250;"Bom Jardim da Serra";37;24;154;"SIM";154;"ALCANÇOU"
"SC";420253;"Bom Jesus";19;18;106;"SIM";106;"ALCANÇOU"
"SC";420257;"Bom Jesus do Oeste";11;7;157;"SIM";157;"ALCANÇOU"
"SC";420260;"Bom Retiro";83;46;180;"SIM";180;"ALCANÇOU"
"SC";420270;"Botuverá";39;33;118;"SIM";118;"ALCANÇOU"
"SC";420280;"Braço do Norte";210;195;108;"SIM";108;"ALCANÇOU"
"SC";420285;"Braço do Trombudo";32;19;168;"SIM";168;"ALCANÇOU"
"SC";420287;"Brunópolis";26;18;144;"SIM";144;"ALCANÇOU"
"SC";420290;"Brusque";790;820;96;"SIM";96;"ALCANÇOU"
"SC";420300;"Caçador";555;507;109;"SIM";109;"ALCANÇOU"
"SC";420310;"Caibi";51;42;121;"SIM";121;"ALCANÇOU"
"SC";420315;"Calmon";26;16;163;"SIM";163;"ALCANÇOU"
"SC";420320;"Camboriú";560;577;97;"SIM";97;"ALCANÇOU"
"SC";420325;"Capão Alto";26;15;173;"SIM";173;"ALCANÇOU"
"SC";420330;"Campo Alegre";111;84;132;"SIM";132;"ALCANÇOU"
"SC";420340;"Campo Belo do Sul";54;44;123;"SIM";123;"ALCANÇOU"
"SC";420350;"Campo Erê";88;56;157;"SIM";157;"ALCANÇOU"
"SC";420360;"Campos Novos";289;226;128;"SIM";128;"ALCANÇOU"
"SC";420370;"Canelinha";100;67;149;"SIM";149;"ALCANÇOU"
"SC";420380;"Canoinhas";423;382;111;"SIM";111;"ALCANÇOU"
"SC";420390;"Capinzal";134;132;102;"SIM";102;"ALCANÇOU"
"SC";420395;"Capivari de Baixo";215;145;148;"SIM";148;"ALCANÇOU"
"SC";420400;"Catanduvas";54;69;78;"NÃO";78;"NÃO ALCANÇOU"
"SC";420410;"Caxambu do Sul";54;19;284;"SIM";284;"ALCANÇOU"
"SC";420415;"Celso Ramos";22;23;96;"SIM";96;"ALCANÇOU"
"SC";420417;"Cerro Negro";17;26;65;"NÃO";65;"NÃO ALCANÇOU"
"SC";420419;"Chapadão do Lageado";16;12;133;"SIM";133;"ALCANÇOU"
"SC";420420;"Chapecó";1261;1211;104;"SIM";104;"ALCANÇOU"
"SC";420425;"Cocal do Sul";119;93;128;"SIM";128;"ALCANÇOU"
"SC";420430;"Concórdia";584;509;115;"SIM";115;"ALCANÇOU"
"SC";420435;"Cordilheira Alta";29;32;91;"SIM";91;"ALCANÇOU"
"SC";420440;"Coronel Freitas";100;81;123;"SIM";123;"ALCANÇOU"
"SC";420445;"Coronel Martins";19;11;173;"SIM";173;"ALCANÇOU"
"SC";420450;"Corupá";123;104;118;"SIM";118;"ALCANÇOU"
"SC";420455;"Correia Pinto";119;97;123;"SIM";123;"ALCANÇOU"
"SC";420460;"Criciúma";1465;1295;113;"SIM";113;"ALCANÇOU"
"SC";420470;"Cunha Porã";107;88;122;"SIM";122;"ALCANÇOU"
"SC";420475;"Cunhataí";18;12;150;"SIM";150;"ALCANÇOU"
"SC";420480;"Curitibanos";362;343;106;"SIM";106;"ALCANÇOU"
"SC";420490;"Descanso";69;52;133;"SIM";133;"ALCANÇOU"
"SC";420500;"Dionísio Cerqueira";107;102;105;"SIM";105;"ALCANÇOU"
"SC";420510;"Dona Emma";22;30;73;"NÃO";73;"NÃO ALCANÇOU"
"SC";420515;"Doutor Pedrinho";24;34;71;"NÃO";71;"NÃO ALCANÇOU"
"SC";420517;"Entre Rios";22;22;100;"SIM";100;"ALCANÇOU"
"SC";420519;"Ermo";21;12;175;"SIM";175;"ALCANÇOU"
"SC";420520;"Erval Velho";50;37;135;"SIM";135;"ALCANÇOU"
"SC";420530;"Faxinal dos Guedes";83;82;101;"SIM";101;"ALCANÇOU"
"SC";420535;"Flor do Sertão";11;8;138;"SIM";138;"ALCANÇOU"
"SC";420540;"Florianópolis";3306;3126;106;"SIM";106;"ALCANÇOU"
"SC";420543;"Formosa do Sul";23;18;128;"SIM";128;"ALCANÇOU"
"SC";420545;"Forquilhinha";163;138;118;"SIM";118;"ALCANÇOU"
"SC";420550;"Fraiburgo";268;211;127;"SIM";127;"ALCANÇOU"
"SC";420555;"Frei Rogério";19;15;127;"SIM";127;"ALCANÇOU"
"SC";420560;"Galvão";46;20;230;"SIM";230;"ALCANÇOU"
"SC";420570;"Garopaba";165;124;133;"SIM";133;"ALCANÇOU"
"SC";420580;"Garuva";109;112;97;"SIM";97;"ALCANÇOU"
"SC";420590;"Gaspar";460;425;108;"SIM";108;"ALCANÇOU"
"SC";420600;"Governador Celso Ramos";115;93;124;"SIM";124;"ALCANÇOU"
"SC";420610;"Grão Pará";57;47;121;"SIM";121;"ALCANÇOU"
"SC";420620;"Gravatal";86;86;100;"SIM";100;"ALCANÇOU"
"SC";420630;"Guabiruba";148;134;110;"SIM";110;"ALCANÇOU"
"SC";420640;"Guaraciaba";64;66;97;"SIM";97;"ALCANÇOU"
"SC";420650;"Guaramirim";249;233;107;"SIM";107;"ALCANÇOU"
"SC";420660;"Guarujá do Sul";40;38;105;"SIM";105;"ALCANÇOU"
"SC";420665;"Guatambú";40;35;114;"SIM";114;"ALCANÇOU"
"SC";420670;"Herval d'Oeste";143;149;96;"SIM";96;"ALCANÇOU"
"SC";420675;"Ibiam";19;19;100;"SIM";100;"ALCANÇOU"
"SC";420680;"Ibicaré";35;27;130;"SIM";130;"ALCANÇOU"
"SC";420690;"Ibirama";148;110;135;"SIM";135;"ALCANÇOU"
"SC";420700;"Içara";410;246;167;"SIM";167;"ALCANÇOU"
"SC";420710;"Ilhota";107;66;162;"SIM";162;"ALCANÇOU"
"SC";420720;"Imaruí";99;110;90;"SIM";90;"ALCANÇOU"
"SC";420730;"Imbituba";447;352;127;"SIM";127;"ALCANÇOU"
"SC";420740;"Imbuia";44;41;107;"SIM";107;"ALCANÇOU"
"SC";420750;"Indaial";407;429;95;"SIM";95;"ALCANÇOU"
"SC";420757;"Iomerê";26;13;200;"SIM";200;"ALCANÇOU"
"SC";420760;"Ipira";37;34;109;"SIM";109;"ALCANÇOU"
"SC";420765;"Iporã do Oeste";67;72;93;"SIM";93;"ALCANÇOU"
"SC";420768;"Ipuaçu";47;41;115;"SIM";115;"ALCANÇOU"
"SC";420770;"Ipumirim";38;49;78;"NÃO";78;"NÃO ALCANÇOU"
"SC";420775;"Iraceminha";36;28;129;"SIM";129;"ALCANÇOU"
"SC";420780;"Irani";75;60;125;"SIM";125;"ALCANÇOU"
"SC";420785;"Irati";17;4;425;"SIM";425;"ALCANÇOU"
"SC";420790;"Irineópolis";95;77;123;"SIM";123;"ALCANÇOU"
"SC";420800;"Itá";63;46;137;"SIM";137;"ALCANÇOU"
"SC";420810;"Itaiópolis";181;152;119;"SIM";119;"ALCANÇOU"
"SC";420820;"Itajaí";1557;1488;105;"SIM";105;"ALCANÇOU"
"SC";420830;"Itapema";426;390;109;"SIM";109;"ALCANÇOU"
"SC";420840;"Itapiranga";54;112;48;"NÃO";48;"NÃO ALCANÇOU"
"SC";420845;"Itapoá";183;167;110;"SIM";110;"ALCANÇOU"
"SC";420850;"Ituporanga";186;168;111;"SIM";111;"ALCANÇOU"
"SC";420860;"Jaborá";30;33;91;"SIM";91;"ALCANÇOU"
"SC";420870;"Jacinto Machado";90;79;114;"SIM";114;"ALCANÇOU"
"SC";420880;"Jaguaruna";204;198;103;"SIM";103;"ALCANÇOU"
"SC";420890;"Jaraguá do Sul";1043;955;109;"SIM";109;"ALCANÇOU"
"SC";420895;"Jardinópolis";9;11;82;"NÃO";82;"NÃO ALCANÇOU"
"SC";420900;"Joaçaba";223;163;137;"SIM";137;"ALCANÇOU"
"SC";420910;"Joinville";3431;3607;95;"SIM";95;"ALCANÇOU"
"SC";420915;"José Boiteux";34;26;131;"SIM";131;"ALCANÇOU"
"SC";420917;"Jupiá";20;13;154;"SIM";154;"ALCANÇOU"
"SC";420920;"Lacerdópolis";27;12;225;"SIM";225;"ALCANÇOU"
"SC";420930;"Lages";1379;1453;95;"SIM";95;"ALCANÇOU"
"SC";420940;"Laguna";473;361;131;"SIM";131;"ALCANÇOU"
"SC";420945;"Lajeado Grande";14;11;127;"SIM";127;"ALCANÇOU"
"SC";420950;"Laurentino";53;35;151;"SIM";151;"ALCANÇOU"
"SC";420960;"Lauro Muller";115;134;86;"NÃO";86;"NÃO ALCANÇOU"
"SC";420970;"Lebon Régis";83;97;86;"NÃO";86;"NÃO ALCANÇOU"
"SC";420980;"Leoberto Leal";38;18;211;"SIM";211;"ALCANÇOU"
"SC";420985;"Lindóia do Sul";27;35;77;"NÃO";77;"NÃO ALCANÇOU"
"SC";420990;"Lontras";100;64;156;"SIM";156;"ALCANÇOU"
"SC";421000;"Luiz Alves";72;69;104;"SIM";104;"ALCANÇOU"
"SC";421003;"Luzerna";52;36;144;"SIM";144;"ALCANÇOU"
"SC";421005;"Macieira";15;8;188;"SIM";188;"ALCANÇOU"
"SC";421010;"Mafra";458;427;107;"SIM";107;"ALCANÇOU"
"SC";421020;"Major Gercino";27;18;150;"SIM";150;"ALCANÇOU"
"SC";421030;"Major Vieira";46;60;77;"NÃO";77;"NÃO ALCANÇOU"
"SC";421040;"Maracajá";47;52;90;"SIM";90;"ALCANÇOU"
"SC";421050;"Maravilha";186;144;129;"SIM";129;"ALCANÇOU"
"SC";421055;"Marema";18;13;138;"SIM";138;"ALCANÇOU"
"SC";421060;"Massaranduba";143;90;159;"SIM";159;"ALCANÇOU"
"SC";421070;"Matos Costa";16;20;80;"NÃO";80;"NÃO ALCANÇOU"
"SC";421080;"Meleiro";53;57;93;"SIM";93;"ALCANÇOU"
"SC";421085;"Mirim Doce";24;25;96;"SIM";96;"ALCANÇOU"
"SC";421090;"Modelo";28;15;187;"SIM";187;"ALCANÇOU"
"SC";421100;"Mondaí";82;71;115;"SIM";115;"ALCANÇOU"
"SC";421105;"Monte Carlo";64;61;105;"SIM";105;"ALCANÇOU"
"SC";421110;"Monte Castelo";83;62;134;"SIM";134;"ALCANÇOU"
"SC";421120;"Morro da Fumaça";115;88;131;"SIM";131;"ALCANÇOU"
"SC";421125;"Morro Grande";27;21;129;"SIM";129;"ALCANÇOU"
"SC";421130;"Navegantes";573;475;121;"SIM";121;"ALCANÇOU"
"SC";421140;"Nova Erechim";38;19;200;"SIM";200;"ALCANÇOU"
"SC";421145;"Nova Itaberaba";35;30;117;"SIM";117;"ALCANÇOU"
"SC";421150;"Nova Trento";77;84;92;"SIM";92;"ALCANÇOU"
"SC";421160;"Nova Veneza";103;86;120;"SIM";120;"ALCANÇOU"
"SC";421165;"Novo Horizonte";19;19;100;"SIM";100;"ALCANÇOU"
"SC";421170;"Orleans";171;152;113;"SIM";113;"ALCANÇOU"
"SC";421175;"Otacílio Costa";111;86;129;"SIM";129;"ALCANÇOU"
"SC";421180;"Ouro";57;58;98;"SIM";98;"ALCANÇOU"
"SC";421185;"Ouro Verde";23;11;209;"SIM";209;"ALCANÇOU"
"SC";421187;"Paial";14;12;117;"SIM";117;"ALCANÇOU"
"SC";421189;"Painel";18;16;113;"SIM";113;"ALCANÇOU"
"SC";421190;"Palhoça";1242;1246;100;"SIM";100;"ALCANÇOU"
"SC";421200;"Palma Sola";51;40;128;"SIM";128;"ALCANÇOU"
"SC";421205;"Palmeira";24;23;104;"SIM";104;"ALCANÇOU"
"SC";421210;"Palmitos";156;118;132;"SIM";132;"ALCANÇOU"
"SC";421220;"Papanduva";142;123;115;"SIM";115;"ALCANÇOU"
"SC";421223;"Paraíso";41;35;117;"SIM";117;"ALCANÇOU"
"SC";421225;"Passo de Torres";84;72;117;"SIM";117;"ALCANÇOU"
"SC";421227;"Passos Maia";32;27;119;"SIM";119;"ALCANÇOU"
"SC";421230;"Paulo Lopes";55;50;110;"SIM";110;"ALCANÇOU"
"SC";421240;"Pedras Grandes";39;26;150;"SIM";150;"ALCANÇOU"
"SC";421250;"Penha";283;236;120;"SIM";120;"ALCANÇOU"
"SC";421260;"Peritiba";34;26;131;"SIM";131;"ALCANÇOU"
"SC";421265;"Pescaria Brava";81;31;261;"SIM";261;"ALCANÇOU"
"SC";421270;"Petrolândia";45;40;113;"SIM";113;"ALCANÇOU"
"SC";421280;"Balneário Piçarras";210;191;110;"SIM";110;"ALCANÇOU"
"SC";421290;"Pinhalzinho";116;123;94;"SIM";94;"ALCANÇOU"
"SC";421300;"Pinheiro Preto";33;25;132;"SIM";132;"ALCANÇOU"
"SC";421310;"Piratuba";39;31;126;"SIM";126;"ALCANÇOU"
"SC";421315;"Planalto Alegre";32;14;229;"SIM";229;"ALCANÇOU"
"SC";421320;"Pomerode";275;221;124;"SIM";124;"ALCANÇOU"
"SC";421330;"Ponte Alta";33;29;114;"SIM";114;"ALCANÇOU"
"SC";421335;"Ponte Alta do Norte";23;16;144;"SIM";144;"ALCANÇOU"
"SC";421340;"Ponte Serrada";107;63;170;"SIM";170;"ALCANÇOU"
"SC";421350;"Porto Belo";164;149;110;"SIM";110;"ALCANÇOU"
"SC";421360;"Porto União";271;279;97;"SIM";97;"ALCANÇOU"
"SC";421370;"Pouso Redondo";122;105;116;"SIM";116;"ALCANÇOU"
"SC";421380;"Praia Grande";68;60;113;"SIM";113;"ALCANÇOU"
"SC";421390;"Presidente Castello Branco";12;13;92;"SIM";92;"ALCANÇOU"
"SC";421400;"Presidente Getúlio";125;111;113;"SIM";113;"ALCANÇOU"
"SC";421410;"Presidente Nereu";20;6;333;"SIM";333;"ALCANÇOU"
"SC";421415;"Princesa";17;22;77;"NÃO";77;"NÃO ALCANÇOU"
"SC";421420;"Quilombo";63;69;91;"SIM";91;"ALCANÇOU"
"SC";421430;"Rancho Queimado";30;12;250;"SIM";250;"ALCANÇOU"
"SC";421440;"Rio das Antas";41;40;103;"SIM";103;"ALCANÇOU"
"SC";421450;"Rio do Campo";65;43;151;"SIM";151;"ALCANÇOU"
"SC";421460;"Rio do Oeste";100;96;104;"SIM";104;"ALCANÇOU"
"SC";421470;"Rio dos Cedros";106;78;136;"SIM";136;"ALCANÇOU"
"SC";421480;"Rio do Sul";488;457;107;"SIM";107;"ALCANÇOU"
"SC";421490;"Rio Fortuna";34;22;155;"SIM";155;"ALCANÇOU"
"SC";421500;"Rio Negrinho";340;296;115;"SIM";115;"ALCANÇOU"
"SC";421505;"Rio Rufino";28;10;280;"SIM";280;"ALCANÇOU"
"SC";421507;"Riqueza";39;25;156;"SIM";156;"ALCANÇOU"
"SC";421510;"Rodeio";123;91;135;"SIM";135;"ALCANÇOU"
"SC";421520;"Romelândia";41;28;146;"SIM";146;"ALCANÇOU"
"SC";421530;"Salete";56;51;110;"SIM";110;"ALCANÇOU"
"SC";421535;"Saltinho";30;30;100;"SIM";100;"ALCANÇOU"
"SC";421540;"Salto Veloso";21;22;95;"SIM";95;"ALCANÇOU"
"SC";421545;"Sangão";73;56;130;"SIM";130;"ALCANÇOU"
"SC";421550;"Santa Cecília";128;107;120;"SIM";120;"ALCANÇOU"
"SC";421555;"Santa Helena";24;20;120;"SIM";120;"ALCANÇOU"
"SC";421560;"Santa Rosa de Lima";17;13;131;"SIM";131;"ALCANÇOU"
"SC";421565;"Santa Rosa do Sul";89;67;133;"SIM";133;"ALCANÇOU"
"SC";421567;"Santa Terezinha";59;39;151;"SIM";151;"ALCANÇOU"
"SC";421568;"Santa Terezinha do Progresso";24;22;109;"SIM";109;"ALCANÇOU"
"SC";421569;"Santiago do Sul";10;13;77;"NÃO";77;"NÃO ALCANÇOU"
"SC";421570;"Santo Amaro da Imperatriz";238;213;112;"SIM";112;"ALCANÇOU"
"SC";421575;"São Bernardino";19;10;190;"SIM";190;"ALCANÇOU"
"SC";421580;"São Bento do Sul";537;491;109;"SIM";109;"ALCANÇOU"
"SC";421590;"São Bonifácio";38;18;211;"SIM";211;"ALCANÇOU"
"SC";421600;"São Carlos";88;65;135;"SIM";135;"ALCANÇOU"
"SC";421605;"São Cristovão do Sul";48;32;150;"SIM";150;"ALCANÇOU"
"SC";421610;"São Domingos";67;64;105;"SIM";105;"ALCANÇOU"
"SC";421620;"São Francisco do Sul";436;416;105;"SIM";105;"ALCANÇOU"
"SC";421625;"São João do Oeste";43;42;102;"SIM";102;"ALCANÇOU"
"SC";421630;"São João Batista";206;194;106;"SIM";106;"ALCANÇOU"
"SC";421635;"São João do Itaperiú";21;28;75;"NÃO";75;"NÃO ALCANÇOU"
"SC";421640;"São João do Sul";67;57;118;"SIM";118;"ALCANÇOU"
"SC";421650;"São Joaquim";205;186;110;"SIM";110;"ALCANÇOU"
"SC";421660;"São José";1749;1701;103;"SIM";103;"ALCANÇOU"
"SC";421670;"São José do Cedro";132;93;142;"SIM";142;"ALCANÇOU"
"SC";421680;"São José do Cerrito";70;74;95;"SIM";95;"ALCANÇOU"
"SC";421690;"São Lourenço do Oeste";182;107;170;"SIM";170;"ALCANÇOU"
"SC";421700;"São Ludgero";79;71;111;"SIM";111;"ALCANÇOU"
"SC";421710;"São Martinho";41;35;117;"SIM";117;"ALCANÇOU"
"SC";421715;"São Miguel da Boa Vista";14;6;233;"SIM";233;"ALCANÇOU"
"SC";421720;"São Miguel do Oeste";299;251;119;"SIM";119;"ALCANÇOU"
"SC";421725;"São Pedro de Alcântara";55;33;167;"SIM";167;"ALCANÇOU"
"SC";421730;"Saudades";61;64;95;"SIM";95;"ALCANÇOU"
"SC";421740;"Schroeder";101;121;83;"NÃO";83;"NÃO ALCANÇOU"
"SC";421750;"Seara";106;127;83;"NÃO";83;"NÃO ALCANÇOU"
"SC";421755;"Serra Alta";26;20;130;"SIM";130;"ALCANÇOU"
"SC";421760;"Siderópolis";108;78;138;"SIM";138;"ALCANÇOU"
"SC";421770;"Sombrio";210;201;104;"SIM";104;"ALCANÇOU"
"SC";421775;"Sul Brasil";16;21;76;"NÃO";76;"NÃO ALCANÇOU"
"SC";421780;"Taió";152;130;117;"SIM";117;"ALCANÇOU"
"SC";421790;"Tangará";68;47;145;"SIM";145;"ALCANÇOU"
"SC";421795;"Tigrinhos";11;3;367;"SIM";367;"ALCANÇOU"
"SC";421800;"Tijucas";293;321;91;"SIM";91;"ALCANÇOU"
"SC";421810;"Timbé do Sul";45;40;113;"SIM";113;"ALCANÇOU"
"SC";421820;"Timbó";298;228;131;"SIM";131;"ALCANÇOU"
"SC";421825;"Timbó Grande";59;32;184;"SIM";184;"ALCANÇOU"
"SC";421830;"Três Barras";171;106;161;"SIM";161;"ALCANÇOU"
"SC";421835;"Treviso";32;15;213;"SIM";213;"ALCANÇOU"
"SC";421840;"Treze de Maio";54;47;115;"SIM";115;"ALCANÇOU"
"SC";421850;"Treze Tílias";44;43;102;"SIM";102;"ALCANÇOU"
"SC";421860;"Trombudo Central";49;36;136;"SIM";136;"ALCANÇOU"
"SC";421870;"Tubarão";883;803;110;"SIM";110;"ALCANÇOU"
"SC";421875;"Tunápolis";30;33;91;"SIM";91;"ALCANÇOU"
"SC";421880;"Turvo";92;74;124;"SIM";124;"ALCANÇOU"
"SC";421885;"União do Oeste";16;16;100;"SIM";100;"ALCANÇOU"
"SC";421890;"Urubici";77;91;85;"NÃO";85;"NÃO ALCANÇOU"
"SC";421895;"Urupema";22;14;157;"SIM";157;"ALCANÇOU"
"SC";421900;"Urussanga";172;155;111;"SIM";111;"ALCANÇOU"
"SC";421910;"Vargeão";26;17;153;"SIM";153;"ALCANÇOU"
"SC";421915;"Vargem";12;22;55;"NÃO";55;"NÃO ALCANÇOU"
"SC";421917;"Vargem Bonita";43;31;139;"SIM";139;"ALCANÇOU"
"SC";421920;"Vidal Ramos";46;36;128;"SIM";128;"ALCANÇOU"
"SC";421930;"Videira";393;331;119;"SIM";119;"ALCANÇOU"
"SC";421935;"Vitor Meireles";43;27;159;"SIM";159;"ALCANÇOU"
"SC";421940;"Witmarsum";35;19;184;"SIM";184;"ALCANÇOU"
"SC";421950;"Xanxerê";355;290;122;"SIM";122;"ALCANÇOU"
"SC";421960;"Xavantina";30;20;150;"SIM";150;"ALCANÇOU"
"SC";421970;"Xaxim";201;189;106;"SIM";106;"ALCANÇOU"
"SC";421985;"Zortéa";21;25;84;"NÃO";84;"NÃO ALCANÇOU"
"SC";422000;"Balneário Rincão";172;16;1075;"SIM";1075;"ALCANÇOU"
"RS";430003;"Aceguá";43;22;195;"SIM";195;"ALCANÇOU"
"RS";430005;"Água Santa";20;18;111;"SIM";111;"ALCANÇOU"
"RS";430010;"Agudo";151;168;90;"SIM";90;"ALCANÇOU"
"RS";430020;"Ajuricaba";23;51;45;"NÃO";45;"NÃO ALCANÇOU"
"RS";430030;"Alecrim";47;82;57;"NÃO";57;"NÃO ALCANÇOU"
"RS";430040;"Alegrete";680;714;95;"SIM";95;"ALCANÇOU"
"RS";430045;"Alegria";9;30;30;"NÃO";30;"NÃO ALCANÇOU"
"RS";430047;"Almirante Tamandaré do Sul";21;6;350;"SIM";350;"ALCANÇOU"
"RS";430050;"Alpestre";55;59;93;"SIM";93;"ALCANÇOU"
"RS";430055;"Alto Alegre";6;4;150;"SIM";150;"ALCANÇOU"
"RS";430057;"Alto Feliz";18;11;164;"SIM";164;"ALCANÇOU"
"RS";430060;"Alvorada";1494;1417;105;"SIM";105;"ALCANÇOU"
"RS";430063;"Amaral Ferrador";25;29;86;"NÃO";86;"NÃO ALCANÇOU"
"RS";430064;"Ametista do Sul";57;66;86;"NÃO";86;"NÃO ALCANÇOU"
"RS";430066;"André da Rocha";13;6;217;"SIM";217;"ALCANÇOU"
"RS";430070;"Anta Gorda";59;40;148;"SIM";148;"ALCANÇOU"
"RS";430080;"Antônio Prado";119;94;127;"SIM";127;"ALCANÇOU"
"RS";430085;"Arambaré";26;31;84;"NÃO";84;"NÃO ALCANÇOU"
"RS";430087;"Araricá";63;29;217;"SIM";217;"ALCANÇOU"
"RS";430090;"Aratiba";64;53;121;"SIM";121;"ALCANÇOU"
"RS";430100;"Arroio do Meio";137;129;106;"SIM";106;"ALCANÇOU"
"RS";430105;"Arroio do Sal";97;97;100;"SIM";100;"ALCANÇOU"
"RS";430107;"Arroio do Padre";25;20;125;"SIM";125;"ALCANÇOU"
"RS";430110;"Arroio dos Ratos";146;124;118;"SIM";118;"ALCANÇOU"
"RS";430120;"Arroio do Tigre";98;109;90;"SIM";90;"ALCANÇOU"
"RS";430130;"Arroio Grande";213;174;122;"SIM";122;"ALCANÇOU"
"RS";430140;"Arvorezinha";100;93;108;"SIM";108;"ALCANÇOU"
"RS";430150;"Augusto Pestana";30;63;48;"NÃO";48;"NÃO ALCANÇOU"
"RS";430155;"Áurea";36;21;171;"SIM";171;"ALCANÇOU"
"RS";430160;"Bagé";1238;1211;102;"SIM";102;"ALCANÇOU"
"RS";430163;"Balneário Pinhal";127;128;99;"SIM";99;"ALCANÇOU"
"RS";430165;"Barão";43;38;113;"SIM";113;"ALCANÇOU"
"RS";430170;"Barão de Cotegipe";73;52;140;"SIM";140;"ALCANÇOU"
"RS";430175;"Barão do Triunfo";34;39;87;"NÃO";87;"NÃO ALCANÇOU"
"RS";430180;"Barracão";41;56;73;"NÃO";73;"NÃO ALCANÇOU"
"RS";430185;"Barra do Guarita";27;21;129;"SIM";129;"ALCANÇOU"
"RS";430187;"Barra do Quaraí";12;22;55;"NÃO";55;"NÃO ALCANÇOU"
"RS";430190;"Barra do Ribeiro";108;101;107;"SIM";107;"ALCANÇOU"
"RS";430192;"Barra do Rio Azul";11;10;110;"SIM";110;"ALCANÇOU"
"RS";430195;"Barra Funda";13;22;59;"NÃO";59;"NÃO ALCANÇOU"
"RS";430200;"Barros Cassal";108;91;119;"SIM";119;"ALCANÇOU"
"RS";430205;"Benjamin Constant do Sul";14;22;64;"NÃO";64;"NÃO ALCANÇOU"
"RS";430210;"Bento Gonçalves";835;757;110;"SIM";110;"ALCANÇOU"
"RS";430215;"Boa Vista das Missões";13;12;108;"SIM";108;"ALCANÇOU"
"RS";430220;"Boa Vista do Buricá";33;45;73;"NÃO";73;"NÃO ALCANÇOU"
"RS";430222;"Boa Vista do Cadeado";24;13;185;"SIM";185;"ALCANÇOU"
"RS";430223;"Boa Vista do Incra";18;10;180;"SIM";180;"ALCANÇOU"
"RS";430225;"Boa Vista do Sul";28;17;165;"SIM";165;"ALCANÇOU"
"RS";430230;"Bom Jesus";114;93;123;"SIM";123;"ALCANÇOU"
"RS";430235;"Bom Princípio";91;77;118;"SIM";118;"ALCANÇOU"
"RS";430237;"Bom Progresso";16;14;114;"SIM";114;"ALCANÇOU"
"RS";430240;"Bom Retiro do Sul";107;129;83;"NÃO";83;"NÃO ALCANÇOU"
"RS";430245;"Boqueirão do Leão";72;52;138;"SIM";138;"ALCANÇOU"
"RS";430250;"Bossoroca";51;53;96;"SIM";96;"ALCANÇOU"
"RS";430258;"Bozano";30;18;167;"SIM";167;"ALCANÇOU"
"RS";430260;"Braga";24;28;86;"NÃO";86;"NÃO ALCANÇOU"
"RS";430265;"Brochier";51;45;113;"SIM";113;"ALCANÇOU"
"RS";430270;"Butiá";143;171;84;"NÃO";84;"NÃO ALCANÇOU"
"RS";430280;"Caçapava do Sul";409;375;109;"SIM";109;"ALCANÇOU"
"RS";430290;"Cacequi";117;120;98;"SIM";98;"ALCANÇOU"
"RS";430300;"Cachoeira do Sul";898;827;109;"SIM";109;"ALCANÇOU"
"RS";430310;"Cachoeirinha";923;869;106;"SIM";106;"ALCANÇOU"
"RS";430320;"Cacique Doble";43;25;172;"SIM";172;"ALCANÇOU"
"RS";430330;"Caibaté";33;41;80;"NÃO";80;"NÃO ALCANÇOU"
"RS";430340;"Caiçara";37;31;119;"SIM";119;"ALCANÇOU"
"RS";430350;"Camaquã";108;580;19;"NÃO";19;"NÃO ALCANÇOU"
"RS";430355;"Camargo";27;18;150;"SIM";150;"ALCANÇOU"
"RS";430360;"Cambará do Sul";37;32;116;"SIM";116;"ALCANÇOU"
"RS";430367;"Campestre da Serra";36;32;113;"SIM";113;"ALCANÇOU"
"RS";430370;"Campina das Missões";45;45;100;"SIM";100;"ALCANÇOU"
"RS";430380;"Campinas do Sul";61;47;130;"SIM";130;"ALCANÇOU"
"RS";430390;"Campo Bom";488;457;107;"SIM";107;"ALCANÇOU"
"RS";430400;"Campo Novo";22;46;48;"NÃO";48;"NÃO ALCANÇOU"
"RS";430410;"Campos Borges";30;24;125;"SIM";125;"ALCANÇOU"
"RS";430420;"Candelária";292;328;89;"NÃO";89;"NÃO ALCANÇOU"
"RS";430430;"Cândido Godói";28;62;45;"NÃO";45;"NÃO ALCANÇOU"
"RS";430435;"Candiota";55;67;82;"NÃO";82;"NÃO ALCANÇOU"
"RS";430440;"Canela";281;293;96;"SIM";96;"ALCANÇOU"
"RS";430450;"Canguçu";598;549;109;"SIM";109;"ALCANÇOU"
"RS";430460;"Canoas";2703;2766;98;"SIM";98;"ALCANÇOU"
"RS";430461;"Canudos do Vale";16;7;229;"SIM";229;"ALCANÇOU"
"RS";430462;"Capão Bonito do Sul";20;16;125;"SIM";125;"ALCANÇOU"
"RS";430463;"Capão da Canoa";481;422;114;"SIM";114;"ALCANÇOU"
"RS";430465;"Capão do Cipó";13;24;54;"NÃO";54;"NÃO ALCANÇOU"
"RS";430466;"Capão do Leão";249;208;120;"SIM";120;"ALCANÇOU"
"RS";430467;"Capivari do Sul";35;32;109;"SIM";109;"ALCANÇOU"
"RS";430468;"Capela de Santana";92;78;118;"SIM";118;"ALCANÇOU"
"RS";430469;"Capitão";23;10;230;"SIM";230;"ALCANÇOU"
"RS";430470;"Carazinho";630;610;103;"SIM";103;"ALCANÇOU"
"RS";430471;"Caraá";49;49;100;"SIM";100;"ALCANÇOU"
"RS";430480;"Carlos Barbosa";167;161;104;"SIM";104;"ALCANÇOU"
"RS";430485;"Carlos Gomes";19;12;158;"SIM";158;"ALCANÇOU"
"RS";430490;"Casca";77;46;167;"SIM";167;"ALCANÇOU"
"RS";430495;"Caseiros";21;23;91;"SIM";91;"ALCANÇOU"
"RS";430500;"Catuípe";57;92;62;"NÃO";62;"NÃO ALCANÇOU"
"RS";430510;"Caxias do Sul";3509;3225;109;"SIM";109;"ALCANÇOU"
"RS";430511;"Centenário";43;17;253;"SIM";253;"ALCANÇOU"
"RS";430512;"Cerrito";68;78;87;"NÃO";87;"NÃO ALCANÇOU"
"RS";430513;"Cerro Branco";50;34;147;"SIM";147;"ALCANÇOU"
"RS";430515;"Cerro Grande";21;9;233;"SIM";233;"ALCANÇOU"
"RS";430517;"Cerro Grande do Sul";43;80;54;"NÃO";54;"NÃO ALCANÇOU"
"RS";430520;"Cerro Largo";96;110;87;"NÃO";87;"NÃO ALCANÇOU"
"RS";430530;"Chapada";70;76;92;"SIM";92;"ALCANÇOU"
"RS";430535;"Charqueadas";283;314;90;"SIM";90;"ALCANÇOU"
"RS";430537;"Charrua";17;22;77;"NÃO";77;"NÃO ALCANÇOU"
"RS";430540;"Chiapetta";10;39;26;"NÃO";26;"NÃO ALCANÇOU"
"RS";430543;"Chuí";19;29;66;"NÃO";66;"NÃO ALCANÇOU"
"RS";430544;"Chuvisca";15;30;50;"NÃO";50;"NÃO ALCANÇOU"
"RS";430545;"Cidreira";214;168;127;"SIM";127;"ALCANÇOU"
"RS";430550;"Ciríaco";45;40;113;"SIM";113;"ALCANÇOU"
"RS";430558;"Colinas";22;17;129;"SIM";129;"ALCANÇOU"
"RS";430560;"Colorado";29;35;83;"NÃO";83;"NÃO ALCANÇOU"
"RS";430570;"Condor";19;52;37;"NÃO";37;"NÃO ALCANÇOU"
"RS";430580;"Constantina";86;81;106;"SIM";106;"ALCANÇOU"
"RS";430583;"Coqueiro Baixo";11;11;100;"SIM";100;"ALCANÇOU"
"RS";430585;"Coqueiros do Sul";21;22;95;"SIM";95;"ALCANÇOU"
"RS";430587;"Coronel Barros";15;22;68;"NÃO";68;"NÃO ALCANÇOU"
"RS";430590;"Coronel Bicaco";66;53;125;"SIM";125;"ALCANÇOU"
"RS";430593;"Coronel Pilar";18;10;180;"SIM";180;"ALCANÇOU"
"RS";430595;"Cotiporã";42;36;117;"SIM";117;"ALCANÇOU"
"RS";430597;"Coxilha";24;17;141;"SIM";141;"ALCANÇOU"
"RS";430600;"Crissiumal";18;124;15;"NÃO";15;"NÃO ALCANÇOU"
"RS";430605;"Cristal";43;54;80;"NÃO";80;"NÃO ALCANÇOU"
"RS";430607;"Cristal do Sul";26;27;96;"SIM";96;"ALCANÇOU"
"RS";430610;"Cruz Alta";623;565;110;"SIM";110;"ALCANÇOU"
"RS";430613;"Cruzaltense";14;15;93;"SIM";93;"ALCANÇOU"
"RS";430620;"Cruzeiro do Sul";114;133;86;"NÃO";86;"NÃO ALCANÇOU"
"RS";430630;"David Canabarro";37;26;142;"SIM";142;"ALCANÇOU"
"RS";430632;"Derrubadas";19;24;79;"NÃO";79;"NÃO ALCANÇOU"
"RS";430635;"Dezesseis de Novembro";29;34;85;"NÃO";85;"NÃO ALCANÇOU"
"RS";430637;"Dilermando de Aguiar";28;18;156;"SIM";156;"ALCANÇOU"
"RS";430640;"Dois Irmãos";204;193;106;"SIM";106;"ALCANÇOU"
"RS";430642;"Dois Irmãos das Missões";9;11;82;"NÃO";82;"NÃO ALCANÇOU"
"RS";430645;"Dois Lajeados";33;27;122;"SIM";122;"ALCANÇOU"
"RS";430650;"Dom Feliciano";103;121;85;"NÃO";85;"NÃO ALCANÇOU"
"RS";430655;"Dom Pedro de Alcântara";23;21;110;"SIM";110;"ALCANÇOU"
"RS";430660;"Dom Pedrito";377;402;94;"SIM";94;"ALCANÇOU"
"RS";430670;"Dona Francisca";35;27;130;"SIM";130;"ALCANÇOU"
"RS";430673;"Doutor Maurício Cardoso";23;24;96;"SIM";96;"ALCANÇOU"
"RS";430675;"Doutor Ricardo";13;10;130;"SIM";130;"ALCANÇOU"
"RS";430676;"Eldorado do Sul";235;265;89;"NÃO";89;"NÃO ALCANÇOU"
"RS";430680;"Encantado";177;202;88;"NÃO";88;"NÃO ALCANÇOU"
"RS";430690;"Encruzilhada do Sul";263;217;121;"SIM";121;"ALCANÇOU"
"RS";430692;"Engenho Velho";17;11;155;"SIM";155;"ALCANÇOU"
"RS";430693;"Entre-Ijuís";51;70;73;"NÃO";73;"NÃO ALCANÇOU"
"RS";430695;"Entre Rios do Sul";24;20;120;"SIM";120;"ALCANÇOU"
"RS";430697;"Erebango";15;20;75;"NÃO";75;"NÃO ALCANÇOU"
"RS";430700;"Erechim";815;772;106;"SIM";106;"ALCANÇOU"
"RS";430705;"Ernestina";25;18;139;"SIM";139;"ALCANÇOU"
"RS";430710;"Herval";68;76;89;"NÃO";89;"NÃO ALCANÇOU"
"RS";430720;"Erval Grande";59;28;211;"SIM";211;"ALCANÇOU"
"RS";430730;"Erval Seco";47;61;77;"NÃO";77;"NÃO ALCANÇOU"
"RS";430740;"Esmeralda";35;19;184;"SIM";184;"ALCANÇOU"
"RS";430745;"Esperança do Sul";35;35;100;"SIM";100;"ALCANÇOU"
"RS";430750;"Espumoso";144;129;112;"SIM";112;"ALCANÇOU"
"RS";430755;"Estação";43;49;88;"NÃO";88;"NÃO ALCANÇOU"
"RS";430760;"Estância Velha";376;300;125;"SIM";125;"ALCANÇOU"
"RS";430770;"Esteio";660;678;97;"SIM";97;"ALCANÇOU"
"RS";430780;"Estrela";264;266;99;"SIM";99;"ALCANÇOU"
"RS";430781;"Estrela Velha";25;27;93;"SIM";93;"ALCANÇOU"
"RS";430783;"Eugênio de Castro";14;9;156;"SIM";156;"ALCANÇOU"
"RS";430786;"Fagundes Varela";28;18;156;"SIM";156;"ALCANÇOU"
"RS";430790;"Farroupilha";538;423;127;"SIM";127;"ALCANÇOU"
"RS";430800;"Faxinal do Soturno";70;56;125;"SIM";125;"ALCANÇOU"
"RS";430805;"Faxinalzinho";19;6;317;"SIM";317;"ALCANÇOU"
"RS";430807;"Fazenda Vilanova";28;30;93;"SIM";93;"ALCANÇOU"
"RS";430810;"Feliz";87;92;95;"SIM";95;"ALCANÇOU"
"RS";430820;"Flores da Cunha";220;196;112;"SIM";112;"ALCANÇOU"
"RS";430825;"Floriano Peixoto";16;12;133;"SIM";133;"ALCANÇOU"
"RS";430830;"Fontoura Xavier";83;57;146;"SIM";146;"ALCANÇOU"
"RS";430840;"Formigueiro";64;64;100;"SIM";100;"ALCANÇOU"
"RS";430843;"Forquetinha";29;34;85;"NÃO";85;"NÃO ALCANÇOU"
"RS";430845;"Fortaleza dos Valos";37;20;185;"SIM";185;"ALCANÇOU"
"RS";430850;"Frederico Westphalen";203;197;103;"SIM";103;"ALCANÇOU"
"RS";430860;"Garibaldi";250;233;107;"SIM";107;"ALCANÇOU"
"RS";430865;"Garruchos";15;19;79;"NÃO";79;"NÃO ALCANÇOU"
"RS";430870;"Gaurama";59;63;94;"SIM";94;"ALCANÇOU"
"RS";430880;"General Câmara";70;65;108;"SIM";108;"ALCANÇOU"
"RS";430885;"Gentil";5;9;56;"NÃO";56;"NÃO ALCANÇOU"
"RS";430890;"Getúlio Vargas";103;136;76;"NÃO";76;"NÃO ALCANÇOU"
"RS";430900;"Giruá";83;136;61;"NÃO";61;"NÃO ALCANÇOU"
"RS";430905;"Glorinha";48;41;117;"SIM";117;"ALCANÇOU"
"RS";430910;"Gramado";262;220;119;"SIM";119;"ALCANÇOU"
"RS";430912;"Gramado dos Loureiros";20;10;200;"SIM";200;"ALCANÇOU"
"RS";430915;"Gramado Xavier";19;17;112;"SIM";112;"ALCANÇOU"
"RS";430920;"Gravataí";1968;1947;101;"SIM";101;"ALCANÇOU"
"RS";430925;"Guabiju";12;14;86;"NÃO";86;"NÃO ALCANÇOU"
"RS";430930;"Guaíba";781;727;107;"SIM";107;"ALCANÇOU"
"RS";430940;"Guaporé";210;214;98;"SIM";98;"ALCANÇOU"
"RS";430950;"Guarani das Missões";68;81;84;"NÃO";84;"NÃO ALCANÇOU"
"RS";430955;"Harmonia";23;31;74;"NÃO";74;"NÃO ALCANÇOU"
"RS";430957;"Herveiras";21;15;140;"SIM";140;"ALCANÇOU"
"RS";430960;"Horizontina";86;137;63;"NÃO";63;"NÃO ALCANÇOU"
"RS";430965;"Hulha Negra";39;32;122;"SIM";122;"ALCANÇOU"
"RS";430970;"Humaitá";18;25;72;"NÃO";72;"NÃO ALCANÇOU"
"RS";430975;"Ibarama";44;27;163;"SIM";163;"ALCANÇOU"
"RS";430980;"Ibiaçá";37;27;137;"SIM";137;"ALCANÇOU"
"RS";430990;"Ibiraiaras";52;35;149;"SIM";149;"ALCANÇOU"
"RS";430995;"Ibirapuitã";33;1;3300;"SIM";3300;"ALCANÇOU"
"RS";431000;"Ibirubá";190;166;114;"SIM";114;"ALCANÇOU"
"RS";431010;"Igrejinha";281;226;124;"SIM";124;"ALCANÇOU"
"RS";431020;"Ijuí";714;640;112;"SIM";112;"ALCANÇOU"
"RS";431030;"Ilópolis";40;35;114;"SIM";114;"ALCANÇOU"
"RS";431033;"Imbé";280;215;130;"SIM";130;"ALCANÇOU"
"RS";431036;"Imigrante";39;29;134;"SIM";134;"ALCANÇOU"
"RS";431040;"Independência";37;56;66;"NÃO";66;"NÃO ALCANÇOU"
"RS";431041;"Inhacorá";6;20;30;"NÃO";30;"NÃO ALCANÇOU"
"RS";431043;"Ipê";63;53;119;"SIM";119;"ALCANÇOU"
"RS";431046;"Ipiranga do Sul";22;7;314;"SIM";314;"ALCANÇOU"
"RS";431050;"Iraí";57;82;70;"NÃO";70;"NÃO ALCANÇOU"
"RS";431053;"Itaara";46;37;124;"SIM";124;"ALCANÇOU"
"RS";431055;"Itacurubi";24;31;77;"NÃO";77;"NÃO ALCANÇOU"
"RS";431057;"Itapuca";18;16;113;"SIM";113;"ALCANÇOU"
"RS";431060;"Itaqui";244;278;88;"NÃO";88;"NÃO ALCANÇOU"
"RS";431065;"Itati";18;22;82;"NÃO";82;"NÃO ALCANÇOU"
"RS";431070;"Itatiba do Sul";39;27;144;"SIM";144;"ALCANÇOU"
"RS";431075;"Ivorá";20;5;400;"SIM";400;"ALCANÇOU"
"RS";431080;"Ivoti";146;127;115;"SIM";115;"ALCANÇOU"
"RS";431085;"Jaboticaba";29;34;85;"NÃO";85;"NÃO ALCANÇOU"
"RS";431087;"Jacuizinho";10;19;53;"NÃO";53;"NÃO ALCANÇOU"
"RS";431090;"Jacutinga";39;30;130;"SIM";130;"ALCANÇOU"
"RS";431100;"Jaguarão";286;290;99;"SIM";99;"ALCANÇOU"
"RS";431110;"Jaguari";114;136;84;"NÃO";84;"NÃO ALCANÇOU"
"RS";431112;"Jaquirana";29;27;107;"SIM";107;"ALCANÇOU"
"RS";431113;"Jari";22;14;157;"SIM";157;"ALCANÇOU"
"RS";431115;"Jóia";26;56;46;"NÃO";46;"NÃO ALCANÇOU"
"RS";431120;"Júlio de Castilhos";167;153;109;"SIM";109;"ALCANÇOU"
"RS";431123;"Lagoa Bonita do Sul";30;22;136;"SIM";136;"ALCANÇOU"
"RS";431125;"Lagoão";42;35;120;"SIM";120;"ALCANÇOU"
"RS";431127;"Lagoa dos Três Cantos";12;6;200;"SIM";200;"ALCANÇOU"
"RS";431130;"Lagoa Vermelha";226;232;97;"SIM";97;"ALCANÇOU"
"RS";431140;"Lajeado";661;568;116;"SIM";116;"ALCANÇOU"
"RS";431142;"Lajeado do Bugre";20;13;154;"SIM";154;"ALCANÇOU"
"RS";431150;"Lavras do Sul";69;43;160;"SIM";160;"ALCANÇOU"
"RS";431160;"Liberato Salzano";23;26;88;"NÃO";88;"NÃO ALCANÇOU"
"RS";431162;"Lindolfo Collor";36;21;171;"SIM";171;"ALCANÇOU"
"RS";431164;"Linha Nova";12;11;109;"SIM";109;"ALCANÇOU"
"RS";431170;"Machadinho";47;34;138;"SIM";138;"ALCANÇOU"
"RS";431171;"Maçambará";25;25;100;"SIM";100;"ALCANÇOU"
"RS";431173;"Mampituba";35;23;152;"SIM";152;"ALCANÇOU"
"RS";431175;"Manoel Viana";47;50;94;"SIM";94;"ALCANÇOU"
"RS";431177;"Maquiné";52;63;83;"NÃO";83;"NÃO ALCANÇOU"
"RS";431179;"Maratá";18;18;100;"SIM";100;"ALCANÇOU"
"RS";431180;"Marau";293;246;119;"SIM";119;"ALCANÇOU"
"RS";431190;"Marcelino Ramos";58;34;171;"SIM";171;"ALCANÇOU"
"RS";431198;"Mariana Pimentel";22;35;63;"NÃO";63;"NÃO ALCANÇOU"
"RS";431200;"Mariano Moro";10;4;250;"SIM";250;"ALCANÇOU"
"RS";431205;"Marques de Souza";68;34;200;"SIM";200;"ALCANÇOU"
"RS";431210;"Mata";60;48;125;"SIM";125;"ALCANÇOU"
"RS";431213;"Mato Castelhano";27;11;245;"SIM";245;"ALCANÇOU"
"RS";431215;"Mato Leitão";46;28;164;"SIM";164;"ALCANÇOU"
"RS";431217;"Mato Queimado";19;5;380;"SIM";380;"ALCANÇOU"
"RS";431220;"Maximiliano de Almeida";33;30;110;"SIM";110;"ALCANÇOU"
"RS";431225;"Minas do Leão";54;67;81;"NÃO";81;"NÃO ALCANÇOU"
"RS";431230;"Miraguaí";36;41;88;"NÃO";88;"NÃO ALCANÇOU"
"RS";431235;"Montauri";16;22;73;"NÃO";73;"NÃO ALCANÇOU"
"RS";431237;"Monte Alegre dos Campos";25;25;100;"SIM";100;"ALCANÇOU"
"RS";431238;"Monte Belo do Sul";26;32;81;"NÃO";81;"NÃO ALCANÇOU"
"RS";431240;"Montenegro";559;505;111;"SIM";111;"ALCANÇOU"
"RS";431242;"Mormaço";18;15;120;"SIM";120;"ALCANÇOU"
"RS";431244;"Morrinhos do Sul";24;18;133;"SIM";133;"ALCANÇOU"
"RS";431245;"Morro Redondo";72;63;114;"SIM";114;"ALCANÇOU"
"RS";431247;"Morro Reuter";47;44;107;"SIM";107;"ALCANÇOU"
"RS";431250;"Mostardas";106;115;92;"SIM";92;"ALCANÇOU"
"RS";431260;"Muçum";48;67;72;"NÃO";72;"NÃO ALCANÇOU"
"RS";431261;"Muitos Capões";25;11;227;"SIM";227;"ALCANÇOU"
"RS";431262;"Muliterno";14;10;140;"SIM";140;"ALCANÇOU"
"RS";431265;"Não-Me-Toque";158;151;105;"SIM";105;"ALCANÇOU"
"RS";431267;"Nicolau Vergueiro";12;9;133;"SIM";133;"ALCANÇOU"
"RS";431270;"Nonoai";96;100;96;"SIM";96;"ALCANÇOU"
"RS";431275;"Nova Alvorada";29;11;264;"SIM";264;"ALCANÇOU"
"RS";431280;"Nova Araçá";40;28;143;"SIM";143;"ALCANÇOU"
"RS";431290;"Nova Bassano";70;75;93;"SIM";93;"ALCANÇOU"
"RS";431295;"Nova Boa Vista";18;8;225;"SIM";225;"ALCANÇOU"
"RS";431300;"Nova Bréscia";33;18;183;"SIM";183;"ALCANÇOU"
"RS";431301;"Nova Candelária";12;14;86;"NÃO";86;"NÃO ALCANÇOU"
"RS";431303;"Nova Esperança do Sul";33;44;75;"NÃO";75;"NÃO ALCANÇOU"
"RS";431306;"Nova Hartz";145;110;132;"SIM";132;"ALCANÇOU"
"RS";431308;"Nova Pádua";17;25;68;"NÃO";68;"NÃO ALCANÇOU"
"RS";431310;"Nova Palma";76;36;211;"SIM";211;"ALCANÇOU"
"RS";431320;"Nova Petrópolis";156;162;96;"SIM";96;"ALCANÇOU"
"RS";431330;"Nova Prata";196;187;105;"SIM";105;"ALCANÇOU"
"RS";431333;"Nova Ramada";7;14;50;"NÃO";50;"NÃO ALCANÇOU"
"RS";431335;"Nova Roma do Sul";23;17;135;"SIM";135;"ALCANÇOU"
"RS";431337;"Nova Santa Rita";219;167;131;"SIM";131;"ALCANÇOU"
"RS";431339;"Novo Cabrais";40;33;121;"SIM";121;"ALCANÇOU"
"RS";431340;"Novo Hamburgo";1858;1885;99;"SIM";99;"ALCANÇOU"
"RS";431342;"Novo Machado";28;22;127;"SIM";127;"ALCANÇOU"
"RS";431344;"Novo Tiradentes";21;13;162;"SIM";162;"ALCANÇOU"
"RS";431346;"Novo Xingu";7;13;54;"NÃO";54;"NÃO ALCANÇOU"
"RS";431349;"Novo Barreiro";46;26;177;"SIM";177;"ALCANÇOU"
"RS";431350;"Osório";407;323;126;"SIM";126;"ALCANÇOU"
"RS";431360;"Paim Filho";45;30;150;"SIM";150;"ALCANÇOU"
"RS";431365;"Palmares do Sul";100;120;83;"NÃO";83;"NÃO ALCANÇOU"
"RS";431370;"Palmeira das Missões";267;289;92;"SIM";92;"ALCANÇOU"
"RS";431380;"Palmitinho";62;51;122;"SIM";122;"ALCANÇOU"
"RS";431390;"Panambi";90;266;34;"NÃO";34;"NÃO ALCANÇOU"
"RS";431395;"Pantano Grande";79;70;113;"SIM";113;"ALCANÇOU"
"RS";431400;"Paraí";67;32;209;"SIM";209;"ALCANÇOU"
"RS";431402;"Paraíso do Sul";71;91;78;"NÃO";78;"NÃO ALCANÇOU"
"RS";431403;"Pareci Novo";43;30;143;"SIM";143;"ALCANÇOU"
"RS";431405;"Parobé";336;368;91;"SIM";91;"ALCANÇOU"
"RS";431406;"Passa Sete";47;27;174;"SIM";174;"ALCANÇOU"
"RS";431407;"Passo do Sobrado";65;59;110;"SIM";110;"ALCANÇOU"
"RS";431410;"Passo Fundo";1630;1559;105;"SIM";105;"ALCANÇOU"
"RS";431413;"Paulo Bento";19;11;173;"SIM";173;"ALCANÇOU"
"RS";431415;"Paverama";88;65;135;"SIM";135;"ALCANÇOU"
"RS";431417;"Pedras Altas";17;19;89;"NÃO";89;"NÃO ALCANÇOU"
"RS";431420;"Pedro Osório";108;86;126;"SIM";126;"ALCANÇOU"
"RS";431430;"Pejuçara";7;25;28;"NÃO";28;"NÃO ALCANÇOU"
"RS";431440;"Pelotas";3358;3285;102;"SIM";102;"ALCANÇOU"
"RS";431442;"Picada Café";36;32;113;"SIM";113;"ALCANÇOU"
"RS";431445;"Pinhal";21;14;150;"SIM";150;"ALCANÇOU"
"RS";431446;"Pinhal da Serra";21;15;140;"SIM";140;"ALCANÇOU"
"RS";431447;"Pinhal Grande";27;28;96;"SIM";96;"ALCANÇOU"
"RS";431449;"Pinheirinho do Vale";17;28;61;"NÃO";61;"NÃO ALCANÇOU"
"RS";431450;"Pinheiro Machado";145;137;106;"SIM";106;"ALCANÇOU"
"RS";431454;"Pinto Bandeira";24;14;171;"SIM";171;"ALCANÇOU"
"RS";431455;"Pirapó";31;24;129;"SIM";129;"ALCANÇOU"
"RS";431460;"Piratini";188;199;94;"SIM";94;"ALCANÇOU"
"RS";431470;"Planalto";81;82;99;"SIM";99;"ALCANÇOU"
"RS";431475;"Poço das Antas";20;16;125;"SIM";125;"ALCANÇOU"
"RS";431477;"Pontão";28;18;156;"SIM";156;"ALCANÇOU"
"RS";431478;"Ponte Preta";15;17;88;"NÃO";88;"NÃO ALCANÇOU"
"RS";431480;"Portão";270;260;104;"SIM";104;"ALCANÇOU"
"RS";431490;"Porto Alegre";12467;12406;100;"SIM";100;"ALCANÇOU"
"RS";431500;"Porto Lucena";37;45;82;"NÃO";82;"NÃO ALCANÇOU"
"RS";431505;"Porto Mauá";15;22;68;"NÃO";68;"NÃO ALCANÇOU"
"RS";431507;"Porto Vera Cruz";12;9;133;"SIM";133;"ALCANÇOU"
"RS";431510;"Porto Xavier";67;91;74;"NÃO";74;"NÃO ALCANÇOU"
"RS";431513;"Pouso Novo";20;9;222;"SIM";222;"ALCANÇOU"
"RS";431514;"Presidente Lucena";9;13;69;"NÃO";69;"NÃO ALCANÇOU"
"RS";431515;"Progresso";53;66;80;"NÃO";80;"NÃO ALCANÇOU"
"RS";431517;"Protásio Alves";15;18;83;"NÃO";83;"NÃO ALCANÇOU"
"RS";431520;"Putinga";38;28;136;"SIM";136;"ALCANÇOU"
"RS";431530;"Quaraí";198;208;95;"SIM";95;"ALCANÇOU"
"RS";431531;"Quatro Irmãos";11;9;122;"SIM";122;"ALCANÇOU"
"RS";431532;"Quevedos";10;20;50;"NÃO";50;"NÃO ALCANÇOU"
"RS";431535;"Quinze de Novembro";33;37;89;"NÃO";89;"NÃO ALCANÇOU"
"RS";431540;"Redentora";53;63;84;"NÃO";84;"NÃO ALCANÇOU"
"RS";431545;"Relvado";22;10;220;"SIM";220;"ALCANÇOU"
"RS";431550;"Restinga Seca";131;153;86;"NÃO";86;"NÃO ALCANÇOU"
"RS";431555;"Rio dos Índios";21;33;64;"NÃO";64;"NÃO ALCANÇOU"
"RS";431560;"Rio Grande";2008;2094;96;"SIM";96;"ALCANÇOU"
"RS";431570;"Rio Pardo";404;359;113;"SIM";113;"ALCANÇOU"
"RS";431575;"Riozinho";37;35;106;"SIM";106;"ALCANÇOU"
"RS";431580;"Roca Sales";79;95;83;"NÃO";83;"NÃO ALCANÇOU"
"RS";431590;"Rodeio Bonito";44;28;157;"SIM";157;"ALCANÇOU"
"RS";431595;"Rolador";20;19;105;"SIM";105;"ALCANÇOU"
"RS";431600;"Rolante";192;149;129;"SIM";129;"ALCANÇOU"
"RS";431610;"Ronda Alta";99;68;146;"SIM";146;"ALCANÇOU"
"RS";431620;"Rondinha";56;36;156;"SIM";156;"ALCANÇOU"
"RS";431630;"Roque Gonzales";51;65;78;"NÃO";78;"NÃO ALCANÇOU"
"RS";431640;"Rosário do Sul";416;414;100;"SIM";100;"ALCANÇOU"
"RS";431642;"Sagrada Família";16;13;123;"SIM";123;"ALCANÇOU"
"RS";431643;"Saldanha Marinho";28;31;90;"SIM";90;"ALCANÇOU"
"RS";431645;"Salto do Jacuí";74;101;73;"NÃO";73;"NÃO ALCANÇOU"
"RS";431647;"Salvador das Missões";25;23;109;"SIM";109;"ALCANÇOU"
"RS";431650;"Salvador do Sul";59;50;118;"SIM";118;"ALCANÇOU"
"RS";431660;"Sananduva";159;102;156;"SIM";156;"ALCANÇOU"
"RS";431670;"Santa Bárbara do Sul";79;55;144;"SIM";144;"ALCANÇOU"
"RS";431673;"Santa Cecília do Sul";7;6;117;"SIM";117;"ALCANÇOU"
"RS";431675;"Santa Clara do Sul";69;43;160;"SIM";160;"ALCANÇOU"
"RS";431680;"Santa Cruz do Sul";1213;1247;97;"SIM";97;"ALCANÇOU"
"RS";431690;"Santa Maria";2365;2380;99;"SIM";99;"ALCANÇOU"
"RS";431695;"Santa Maria do Herval";61;43;142;"SIM";142;"ALCANÇOU"
"RS";431697;"Santa Margarida do Sul";22;22;100;"SIM";100;"ALCANÇOU"
"RS";431700;"Santana da Boa Vista";73;84;87;"NÃO";87;"NÃO ALCANÇOU"
"RS";431710;"Sant'Ana do Livramento";828;770;108;"SIM";108;"ALCANÇOU"
"RS";431720;"Santa Rosa";558;587;95;"SIM";95;"ALCANÇOU"
"RS";431725;"Santa Tereza";14;5;280;"SIM";280;"ALCANÇOU"
"RS";431730;"Santa Vitória do Palmar";319;303;105;"SIM";105;"ALCANÇOU"
"RS";431740;"Santiago";507;444;114;"SIM";114;"ALCANÇOU"
"RS";431750;"Santo Ângelo";273;664;41;"NÃO";41;"NÃO ALCANÇOU"
"RS";431755;"Santo Antônio do Palma";10;9;111;"SIM";111;"ALCANÇOU"
"RS";431760;"Santo Antônio da Patrulha";401;319;126;"SIM";126;"ALCANÇOU"
"RS";431770;"Santo Antônio das Missões";105;134;78;"NÃO";78;"NÃO ALCANÇOU"
"RS";431775;"Santo Antônio do Planalto";10;18;56;"NÃO";56;"NÃO ALCANÇOU"
"RS";431780;"Santo Augusto";27;115;23;"NÃO";23;"NÃO ALCANÇOU"
"RS";431790;"Santo Cristo";96;118;81;"NÃO";81;"NÃO ALCANÇOU"
"RS";431795;"Santo Expedito do Sul";21;6;350;"SIM";350;"ALCANÇOU"
"RS";431800;"São Borja";539;487;111;"SIM";111;"ALCANÇOU"
"RS";431805;"São Domingos do Sul";15;19;79;"NÃO";79;"NÃO ALCANÇOU"
"RS";431810;"São Francisco de Assis";211;152;139;"SIM";139;"ALCANÇOU"
"RS";431820;"São Francisco de Paula";187;157;119;"SIM";119;"ALCANÇOU"
"RS";431830;"São Gabriel";616;668;92;"SIM";92;"ALCANÇOU"
"RS";431840;"São Jerônimo";189;153;124;"SIM";124;"ALCANÇOU"
"RS";431842;"São João da Urtiga";55;20;275;"SIM";275;"ALCANÇOU"
"RS";431843;"São João do Polêsine";40;41;98;"SIM";98;"ALCANÇOU"
"RS";431844;"São Jorge";21;19;111;"SIM";111;"ALCANÇOU"
"RS";431845;"São José das Missões";27;16;169;"SIM";169;"ALCANÇOU"
"RS";431846;"São José do Herval";19;13;146;"SIM";146;"ALCANÇOU"
"RS";431848;"São José do Hortêncio";28;27;104;"SIM";104;"ALCANÇOU"
"RS";431849;"São José do Inhacorá";16;18;89;"NÃO";89;"NÃO ALCANÇOU"
"RS";431850;"São José do Norte";240;250;96;"SIM";96;"ALCANÇOU"
"RS";431860;"São José do Ouro";45;55;82;"NÃO";82;"NÃO ALCANÇOU"
"RS";431861;"São José do Sul";25;14;179;"SIM";179;"ALCANÇOU"
"RS";431862;"São José dos Ausentes";27;22;123;"SIM";123;"ALCANÇOU"
"RS";431870;"São Leopoldo";1716;1684;102;"SIM";102;"ALCANÇOU"
"RS";431880;"São Lourenço do Sul";425;495;86;"NÃO";86;"NÃO ALCANÇOU"
"RS";431890;"São Luiz Gonzaga";308;320;96;"SIM";96;"ALCANÇOU"
"RS";431900;"São Marcos";146;168;87;"NÃO";87;"NÃO ALCANÇOU"
"RS";431910;"São Martinho";15;31;48;"NÃO";48;"NÃO ALCANÇOU"
"RS";431912;"São Martinho da Serra";38;39;97;"SIM";97;"ALCANÇOU"
"RS";431915;"São Miguel das Missões";23;56;41;"NÃO";41;"NÃO ALCANÇOU"
"RS";431920;"São Nicolau";35;59;59;"NÃO";59;"NÃO ALCANÇOU"
"RS";431930;"São Paulo das Missões";37;51;73;"NÃO";73;"NÃO ALCANÇOU"
"RS";431935;"São Pedro da Serra";33;14;236;"SIM";236;"ALCANÇOU"
"RS";431936;"São Pedro das Missões";14;6;233;"SIM";233;"ALCANÇOU"
"RS";431937;"São Pedro do Butiá";29;10;290;"SIM";290;"ALCANÇOU"
"RS";431940;"São Pedro do Sul";144;154;94;"SIM";94;"ALCANÇOU"
"RS";431950;"São Sebastião do Caí";141;215;66;"NÃO";66;"NÃO ALCANÇOU"
"RS";431960;"São Sepé";253;262;97;"SIM";97;"ALCANÇOU"
"RS";431970;"São Valentim";32;43;74;"NÃO";74;"NÃO ALCANÇOU"
"RS";431971;"São Valentim do Sul";22;15;147;"SIM";147;"ALCANÇOU"
"RS";431973;"São Valério do Sul";3;21;14;"NÃO";14;"NÃO ALCANÇOU"
"RS";431975;"São Vendelino";13;16;81;"NÃO";81;"NÃO ALCANÇOU"
"RS";431980;"São Vicente do Sul";73;57;128;"SIM";128;"ALCANÇOU"
"RS";431990;"Sapiranga";626;583;107;"SIM";107;"ALCANÇOU"
"RS";432000;"Sapucaia do Sul";1002;1060;95;"SIM";95;"ALCANÇOU"
"RS";432010;"Sarandi";173;162;107;"SIM";107;"ALCANÇOU"
"RS";432020;"Seberi";110;98;112;"SIM";112;"ALCANÇOU"
"RS";432023;"Sede Nova";17;15;113;"SIM";113;"ALCANÇOU"
"RS";432026;"Segredo";78;53;147;"SIM";147;"ALCANÇOU"
"RS";432030;"Selbach";35;26;135;"SIM";135;"ALCANÇOU"
"RS";432032;"Senador Salgado Filho";11;17;65;"NÃO";65;"NÃO ALCANÇOU"
"RS";432035;"Sentinela do Sul";40;60;67;"NÃO";67;"NÃO ALCANÇOU"
"RS";432040;"Serafina Corrêa";103;115;90;"SIM";90;"ALCANÇOU"
"RS";432045;"Sério";26;21;124;"SIM";124;"ALCANÇOU"
"RS";432050;"Sertão";55;45;122;"SIM";122;"ALCANÇOU"
"RS";432055;"Sertão Santana";34;62;55;"NÃO";55;"NÃO ALCANÇOU"
"RS";432057;"Sete de Setembro";16;29;55;"NÃO";55;"NÃO ALCANÇOU"
"RS";432060;"Severiano de Almeida";29;37;78;"NÃO";78;"NÃO ALCANÇOU"
"RS";432065;"Silveira Martins";20;24;83;"NÃO";83;"NÃO ALCANÇOU"
"RS";432067;"Sinimbu";73;77;95;"SIM";95;"ALCANÇOU"
"RS";432070;"Sobradinho";134;116;116;"SIM";116;"ALCANÇOU"
"RS";432080;"Soledade";314;262;120;"SIM";120;"ALCANÇOU"
"RS";432085;"Tabaí";33;29;114;"SIM";114;"ALCANÇOU"
"RS";432090;"Tapejara";177;177;100;"SIM";100;"ALCANÇOU"
"RS";432100;"Tapera";98;96;102;"SIM";102;"ALCANÇOU"
"RS";432110;"Tapes";124;126;98;"SIM";98;"ALCANÇOU"
"RS";432120;"Taquara";453;488;93;"SIM";93;"ALCANÇOU"
"RS";432130;"Taquari";252;242;104;"SIM";104;"ALCANÇOU"
"RS";432132;"Taquaruçu do Sul";22;17;129;"SIM";129;"ALCANÇOU"
"RS";432135;"Tavares";58;53;109;"SIM";109;"ALCANÇOU"
"RS";432140;"Tenente Portela";99;125;79;"NÃO";79;"NÃO ALCANÇOU"
"RS";432143;"Terra de Areia";71;64;111;"SIM";111;"ALCANÇOU"
"RS";432145;"Teutônia";292;292;100;"SIM";100;"ALCANÇOU"
"RS";432146;"Tio Hugo";24;5;480;"SIM";480;"ALCANÇOU"
"RS";432147;"Tiradentes do Sul";27;43;63;"NÃO";63;"NÃO ALCANÇOU"
"RS";432149;"Toropi";29;23;126;"SIM";126;"ALCANÇOU"
"RS";432150;"Torres";421;383;110;"SIM";110;"ALCANÇOU"
"RS";432160;"Tramandaí";444;475;93;"SIM";93;"ALCANÇOU"
"RS";432162;"Travesseiro";34;22;155;"SIM";155;"ALCANÇOU"
"RS";432163;"Três Arroios";39;29;134;"SIM";134;"ALCANÇOU"
"RS";432166;"Três Cachoeiras";74;75;99;"SIM";99;"ALCANÇOU"
"RS";432170;"Três Coroas";179;212;84;"NÃO";84;"NÃO ALCANÇOU"
"RS";432180;"Três de Maio";136;233;58;"NÃO";58;"NÃO ALCANÇOU"
"RS";432183;"Três Forquilhas";27;18;150;"SIM";150;"ALCANÇOU"
"RS";432185;"Três Palmeiras";47;26;181;"SIM";181;"ALCANÇOU"
"RS";432190;"Três Passos";234;214;109;"SIM";109;"ALCANÇOU"
"RS";432195;"Trindade do Sul";57;34;168;"SIM";168;"ALCANÇOU"
"RS";432200;"Triunfo";259;207;125;"SIM";125;"ALCANÇOU"
"RS";432210;"Tucunduva";40;58;69;"NÃO";69;"NÃO ALCANÇOU"
"RS";432215;"Tunas";32;33;97;"SIM";97;"ALCANÇOU"
"RS";432218;"Tupanci do Sul";17;12;142;"SIM";142;"ALCANÇOU"
"RS";432220;"Tupanciretã";158;182;87;"NÃO";87;"NÃO ALCANÇOU"
"RS";432225;"Tupandi";25;41;61;"NÃO";61;"NÃO ALCANÇOU"
"RS";432230;"Tuparendi";59;68;87;"NÃO";87;"NÃO ALCANÇOU"
"RS";432232;"Turuçu";29;29;100;"SIM";100;"ALCANÇOU"
"RS";432234;"Ubiretama";14;19;74;"NÃO";74;"NÃO ALCANÇOU"
"RS";432235;"União da Serra";13;12;108;"SIM";108;"ALCANÇOU"
"RS";432237;"Unistalda";24;9;267;"SIM";267;"ALCANÇOU"
"RS";432240;"Uruguaiana";985;966;102;"SIM";102;"ALCANÇOU"
"RS";432250;"Vacaria";637;549;116;"SIM";116;"ALCANÇOU"
"RS";432252;"Vale Verde";30;20;150;"SIM";150;"ALCANÇOU"
"RS";432253;"Vale do Sol";100;96;104;"SIM";104;"ALCANÇOU"
"RS";432254;"Vale Real";30;36;83;"NÃO";83;"NÃO ALCANÇOU"
"RS";432255;"Vanini";11;11;100;"SIM";100;"ALCANÇOU"
"RS";432260;"Venâncio Aires";596;595;100;"SIM";100;"ALCANÇOU"
"RS";432270;"Vera Cruz";214;193;111;"SIM";111;"ALCANÇOU"
"RS";432280;"Veranópolis";210;199;106;"SIM";106;"ALCANÇOU"
"RS";432285;"Vespasiano Correa";24;15;160;"SIM";160;"ALCANÇOU"
"RS";432290;"Viadutos";44;44;100;"SIM";100;"ALCANÇOU"
"RS";432300;"Viamão";2005;1849;108;"SIM";108;"ALCANÇOU"
"RS";432310;"Vicente Dutra";27;44;61;"NÃO";61;"NÃO ALCANÇOU"
"RS";432320;"Victor Graeff";26;23;113;"SIM";113;"ALCANÇOU"
"RS";432330;"Vila Flores";39;27;144;"SIM";144;"ALCANÇOU"
"RS";432335;"Vila Lângaro";16;9;178;"SIM";178;"ALCANÇOU"
"RS";432340;"Vila Maria";42;46;91;"SIM";91;"ALCANÇOU"
"RS";432345;"Vila Nova do Sul";56;30;187;"SIM";187;"ALCANÇOU"
"RS";432350;"Vista Alegre";11;20;55;"NÃO";55;"NÃO ALCANÇOU"
"RS";432360;"Vista Alegre do Prata";13;12;108;"SIM";108;"ALCANÇOU"
"RS";432370;"Vista Gaúcha";26;25;104;"SIM";104;"ALCANÇOU"
"RS";432375;"Vitória das Missões";20;21;95;"SIM";95;"ALCANÇOU"
"RS";432377;"Westfalia";31;23;135;"SIM";135;"ALCANÇOU"
"RS";432380;"Xangri-lá";125;82;152;"SIM";152;"ALCANÇOU"
"MS";500020;"Água Clara";96;80;120;"SIM";120;"ALCANÇOU"
"MS";500025;"Alcinópolis";42;22;191;"SIM";191;"ALCANÇOU"
"MS";500060;"Amambai";318;283;112;"SIM";112;"ALCANÇOU"
"MS";500070;"Anastácio";191;185;103;"SIM";103;"ALCANÇOU"
"MS";500080;"Anaurilândia";56;25;224;"SIM";224;"ALCANÇOU"
"MS";500085;"Angélica";64;64;100;"SIM";100;"ALCANÇOU"
"MS";500090;"Antônio João";102;33;309;"SIM";309;"ALCANÇOU"
"MS";500100;"Aparecida do Taboado";181;172;105;"SIM";105;"ALCANÇOU"
"MS";500110;"Aquidauana";416;429;97;"SIM";97;"ALCANÇOU"
"MS";500124;"Aral Moreira";65;68;96;"SIM";96;"ALCANÇOU"
"MS";500150;"Bandeirantes";50;36;139;"SIM";139;"ALCANÇOU"
"MS";500190;"Bataguassu";129;178;72;"NÃO";72;"NÃO ALCANÇOU"
"MS";500200;"Batayporã";73;70;104;"SIM";104;"ALCANÇOU"
"MS";500210;"Bela Vista";184;167;110;"SIM";110;"ALCANÇOU"
"MS";500215;"Bodoquena";50;56;89;"NÃO";89;"NÃO ALCANÇOU"
"MS";500220;"Bonito";135;147;92;"SIM";92;"ALCANÇOU"
"MS";500230;"Brasilândia";68;66;103;"SIM";103;"ALCANÇOU"
"MS";500240;"Caarapó";180;195;92;"SIM";92;"ALCANÇOU"
"MS";500260;"Camapuã";101;99;102;"SIM";102;"ALCANÇOU"
"MS";500270;"Campo Grande";6636;6551;101;"SIM";101;"ALCANÇOU"
"MS";500280;"Caracol";46;18;256;"SIM";256;"ALCANÇOU"
"MS";500290;"Cassilândia";208;164;127;"SIM";127;"ALCANÇOU"
"MS";500295;"Chapadão do Sul";139;143;97;"SIM";97;"ALCANÇOU"
"MS";500310;"Corguinho";37;23;161;"SIM";161;"ALCANÇOU"
"MS";500315;"Coronel Sapucaia";131;95;138;"SIM";138;"ALCANÇOU"
"MS";500320;"Corumbá";706;783;90;"SIM";90;"ALCANÇOU"
"MS";500325;"Costa Rica";136;138;99;"SIM";99;"ALCANÇOU"
"MS";500330;"Coxim";253;269;94;"SIM";94;"ALCANÇOU"
"MS";500345;"Deodápolis";127;89;143;"SIM";143;"ALCANÇOU"
"MS";500348;"Dois Irmãos do Buriti";60;64;94;"SIM";94;"ALCANÇOU"
"MS";500350;"Douradina";37;25;148;"SIM";148;"ALCANÇOU"
"MS";500370;"Dourados";1696;1556;109;"SIM";109;"ALCANÇOU"
"MS";500375;"Eldorado";106;75;141;"SIM";141;"ALCANÇOU"
"MS";500380;"Fátima do Sul";185;176;105;"SIM";105;"ALCANÇOU"
"MS";500390;"Figueirão";32;25;128;"SIM";128;"ALCANÇOU"
"MS";500400;"Glória de Dourados";78;74;105;"SIM";105;"ALCANÇOU"
"MS";500410;"Guia Lopes da Laguna";91;95;96;"SIM";96;"ALCANÇOU"
"MS";500430;"Iguatemi";114;109;105;"SIM";105;"ALCANÇOU"
"MS";500440;"Inocência";52;61;85;"NÃO";85;"NÃO ALCANÇOU"
"MS";500450;"Itaporã";164;163;101;"SIM";101;"ALCANÇOU"
"MS";500460;"Itaquiraí";118;127;93;"SIM";93;"ALCANÇOU"
"MS";500470;"Ivinhema";222;164;135;"SIM";135;"ALCANÇOU"
"MS";500480;"Japorã";55;48;115;"SIM";115;"ALCANÇOU"
"MS";500490;"Jaraguari";27;36;75;"NÃO";75;"NÃO ALCANÇOU"
"MS";500500;"Jardim";218;199;110;"SIM";110;"ALCANÇOU"
"MS";500510;"Jateí";24;9;267;"SIM";267;"ALCANÇOU"
"MS";500515;"Juti";48;45;107;"SIM";107;"ALCANÇOU"
"MS";500520;"Ladário";111;107;104;"SIM";104;"ALCANÇOU"
"MS";500525;"Laguna Carapã";33;41;80;"NÃO";80;"NÃO ALCANÇOU"
"MS";500540;"Maracaju";241;225;107;"SIM";107;"ALCANÇOU"
"MS";500560;"Miranda";197;153;129;"SIM";129;"ALCANÇOU"
"MS";500568;"Mundo Novo";167;132;127;"SIM";127;"ALCANÇOU"
"MS";500570;"Naviraí";388;324;120;"SIM";120;"ALCANÇOU"
"MS";500580;"Nioaque";72;83;87;"NÃO";87;"NÃO ALCANÇOU"
"MS";500600;"Nova Alvorada do Sul";86;89;97;"SIM";97;"ALCANÇOU"
"MS";500620;"Nova Andradina";350;337;104;"SIM";104;"ALCANÇOU"
"MS";500625;"Novo Horizonte do Sul";32;19;168;"SIM";168;"ALCANÇOU"
"MS";500627;"Paraíso das Águas";26;7;371;"SIM";371;"ALCANÇOU"
"MS";500630;"Paranaíba";220;341;65;"NÃO";65;"NÃO ALCANÇOU"
"MS";500635;"Paranhos";88;80;110;"SIM";110;"ALCANÇOU"
"MS";500640;"Pedro Gomes";48;74;65;"NÃO";65;"NÃO ALCANÇOU"
"MS";500660;"Ponta Porã";645;590;109;"SIM";109;"ALCANÇOU"
"MS";500690;"Porto Murtinho";95;74;128;"SIM";128;"ALCANÇOU"
"MS";500710;"Ribas do Rio Pardo";139;135;103;"SIM";103;"ALCANÇOU"
"MS";500720;"Rio Brilhante";224;194;115;"SIM";115;"ALCANÇOU"
"MS";500730;"Rio Negro";24;33;73;"NÃO";73;"NÃO ALCANÇOU"
"MS";500740;"Rio Verde de Mato Grosso";150;130;115;"SIM";115;"ALCANÇOU"
"MS";500750;"Rochedo";37;29;128;"SIM";128;"ALCANÇOU"
"MS";500755;"Santa Rita do Pardo";41;43;95;"SIM";95;"ALCANÇOU"
"MS";500769;"São Gabriel do Oeste";169;171;99;"SIM";99;"ALCANÇOU"
"MS";500770;"Sete Quedas";81;55;147;"SIM";147;"ALCANÇOU"
"MS";500780;"Selvíria";49;55;89;"NÃO";89;"NÃO ALCANÇOU"
"MS";500790;"Sidrolândia";290;260;112;"SIM";112;"ALCANÇOU"
"MS";500793;"Sonora";72;93;77;"NÃO";77;"NÃO ALCANÇOU"
"MS";500795;"Tacuru";69;56;123;"SIM";123;"ALCANÇOU"
"MS";500797;"Taquarussu";24;27;89;"NÃO";89;"NÃO ALCANÇOU"
"MS";500800;"Terenos";132;112;118;"SIM";118;"ALCANÇOU"
"MS";500830;"Três Lagoas";903;843;107;"SIM";107;"ALCANÇOU"
"MS";500840;"Vicentina";53;60;88;"NÃO";88;"NÃO ALCANÇOU"
"MT";510010;"Acorizal";45;37;122;"SIM";122;"ALCANÇOU"
"MT";510020;"Água Boa";141;151;93;"SIM";93;"ALCANÇOU"
"MT";510025;"Alta Floresta";323;364;89;"NÃO";89;"NÃO ALCANÇOU"
"MT";510030;"Alto Araguaia";111;96;116;"SIM";116;"ALCANÇOU"
"MT";510035;"Alto Boa Vista";24;34;71;"NÃO";71;"NÃO ALCANÇOU"
"MT";510040;"Alto Garças";96;77;125;"SIM";125;"ALCANÇOU"
"MT";510050;"Alto Paraguai";50;61;82;"NÃO";82;"NÃO ALCANÇOU"
"MT";510060;"Alto Taquari";43;64;67;"NÃO";67;"NÃO ALCANÇOU"
"MT";510080;"Apiacás";35;47;74;"NÃO";74;"NÃO ALCANÇOU"
"MT";510100;"Araguaiana";21;27;78;"NÃO";78;"NÃO ALCANÇOU"
"MT";510120;"Araguainha";5;7;71;"NÃO";71;"NÃO ALCANÇOU"
"MT";510125;"Araputanga";113;102;111;"SIM";111;"ALCANÇOU"
"MT";510130;"Arenápolis";79;65;122;"SIM";122;"ALCANÇOU"
"MT";510140;"Aripuanã";141;151;93;"SIM";93;"ALCANÇOU"
"MT";510160;"Barão de Melgaço";36;41;88;"NÃO";88;"NÃO ALCANÇOU"
"MT";510170;"Barra do Bugres";211;177;119;"SIM";119;"ALCANÇOU"
"MT";510180;"Barra do Garças";490;465;105;"SIM";105;"ALCANÇOU"
"MT";510185;"Bom Jesus do Araguaia";33;20;165;"SIM";165;"ALCANÇOU"
"MT";510190;"Brasnorte";114;95;120;"SIM";120;"ALCANÇOU"
"MT";510250;"Cáceres";732;691;106;"SIM";106;"ALCANÇOU"
"MT";510260;"Campinápolis";131;101;130;"SIM";130;"ALCANÇOU"
"MT";510263;"Campo Novo do Parecis";188;178;106;"SIM";106;"ALCANÇOU"
"MT";510267;"Campo Verde";216;225;96;"SIM";96;"ALCANÇOU"
"MT";510268;"Campos de Júlio";37;37;100;"SIM";100;"ALCANÇOU"
"MT";510269;"Canabrava do Norte";16;23;70;"NÃO";70;"NÃO ALCANÇOU"
"MT";510270;"Canarana";121;141;86;"NÃO";86;"NÃO ALCANÇOU"
"MT";510279;"Carlinda";47;72;65;"NÃO";65;"NÃO ALCANÇOU"
"MT";510285;"Castanheira";36;48;75;"NÃO";75;"NÃO ALCANÇOU"
"MT";510300;"Chapada dos Guimarães";134;106;126;"SIM";126;"ALCANÇOU"
"MT";510305;"Cláudia";67;72;93;"SIM";93;"ALCANÇOU"
"MT";510310;"Cocalinho";24;37;65;"NÃO";65;"NÃO ALCANÇOU"
"MT";510320;"Colíder";206;235;88;"NÃO";88;"NÃO ALCANÇOU"
"MT";510325;"Colniza";135;158;85;"NÃO";85;"NÃO ALCANÇOU"
"MT";510330;"Comodoro";106;87;122;"SIM";122;"ALCANÇOU"
"MT";510335;"Confresa";125;165;76;"NÃO";76;"NÃO ALCANÇOU"
"MT";510336;"Conquista D'Oeste";27;23;117;"SIM";117;"ALCANÇOU"
"MT";510337;"Cotriguaçu";59;55;107;"SIM";107;"ALCANÇOU"
"MT";510340;"Cuiabá";4331;3747;116;"SIM";116;"ALCANÇOU"
"MT";510343;"Curvelândia";34;30;113;"SIM";113;"ALCANÇOU"
"MT";510345;"Denise";51;45;113;"SIM";113;"ALCANÇOU"
"MT";510350;"Diamantino";145;114;127;"SIM";127;"ALCANÇOU"
"MT";510360;"Dom Aquino";75;62;121;"SIM";121;"ALCANÇOU"
"MT";510370;"Feliz Natal";50;54;93;"SIM";93;"ALCANÇOU"
"MT";510380;"Figueirópolis D'Oeste";18;29;62;"NÃO";62;"NÃO ALCANÇOU"
"MT";510385;"Gaúcha do Norte";36;37;97;"SIM";97;"ALCANÇOU"
"MT";510390;"General Carneiro";65;41;159;"SIM";159;"ALCANÇOU"
"MT";510395;"Glória D'Oeste";30;13;231;"SIM";231;"ALCANÇOU"
"MT";510410;"Guarantã do Norte";233;227;103;"SIM";103;"ALCANÇOU"
"MT";510420;"Guiratinga";106;101;105;"SIM";105;"ALCANÇOU"
"MT";510450;"Indiavaí";20;14;143;"SIM";143;"ALCANÇOU"
"MT";510452;"Ipiranga do Norte";27;27;100;"SIM";100;"ALCANÇOU"
"MT";510454;"Itanhangá";36;26;138;"SIM";138;"ALCANÇOU"
"MT";510455;"Itaúba";27;32;84;"NÃO";84;"NÃO ALCANÇOU"
"MT";510460;"Itiquira";75;52;144;"SIM";144;"ALCANÇOU"
"MT";510480;"Jaciara";204;169;121;"SIM";121;"ALCANÇOU"
"MT";510490;"Jangada";70;57;123;"SIM";123;"ALCANÇOU"
"MT";510500;"Jauru";70;74;95;"SIM";95;"ALCANÇOU"
"MT";510510;"Juara";259;212;122;"SIM";122;"ALCANÇOU"
"MT";510515;"Juína";297;275;108;"SIM";108;"ALCANÇOU"
"MT";510517;"Juruena";65;62;105;"SIM";105;"ALCANÇOU"
"MT";510520;"Juscimeira";67;55;122;"SIM";122;"ALCANÇOU"
"MT";510523;"Lambari D'Oeste";38;24;158;"SIM";158;"ALCANÇOU"
"MT";510525;"Lucas do Rio Verde";289;367;79;"NÃO";79;"NÃO ALCANÇOU"
"MT";510530;"Luciara";16;18;89;"NÃO";89;"NÃO ALCANÇOU"
"MT";510550;"Vila Bela da Santíssima Trindade";83;91;91;"SIM";91;"ALCANÇOU"
"MT";510558;"Marcelândia";79;53;149;"SIM";149;"ALCANÇOU"
"MT";510560;"Matupá";122;126;97;"SIM";97;"ALCANÇOU"
"MT";510562;"Mirassol d'Oeste";186;204;91;"SIM";91;"ALCANÇOU"
"MT";510590;"Nobres";127;128;99;"SIM";99;"ALCANÇOU"
"MT";510600;"Nortelândia";41;36;114;"SIM";114;"ALCANÇOU"
"MT";510610;"Nossa Senhora do Livramento";70;75;93;"SIM";93;"ALCANÇOU"
"MT";510615;"Nova Bandeirantes";64;76;84;"NÃO";84;"NÃO ALCANÇOU"
"MT";510617;"Nova Nazaré";20;17;118;"SIM";118;"ALCANÇOU"
"MT";510618;"Nova Lacerda";34;32;106;"SIM";106;"ALCANÇOU"
"MT";510619;"Nova Santa Helena";23;22;105;"SIM";105;"ALCANÇOU"
"MT";510620;"Nova Brasilândia";30;24;125;"SIM";125;"ALCANÇOU"
"MT";510621;"Nova Canaã do Norte";65;71;92;"SIM";92;"ALCANÇOU"
"MT";510622;"Nova Mutum";207;231;90;"SIM";90;"ALCANÇOU"
"MT";510623;"Nova Olímpia";108;94;115;"SIM";115;"ALCANÇOU"
"MT";510624;"Nova Ubiratã";43;51;84;"NÃO";84;"NÃO ALCANÇOU"
"MT";510625;"Nova Xavantina";137;158;87;"NÃO";87;"NÃO ALCANÇOU"
"MT";510626;"Novo Mundo";35;42;83;"NÃO";83;"NÃO ALCANÇOU"
"MT";510627;"Novo Horizonte do Norte";33;30;110;"SIM";110;"ALCANÇOU"
"MT";510628;"Novo São Joaquim";57;37;154;"SIM";154;"ALCANÇOU"
"MT";510629;"Paranaíta";77;61;126;"SIM";126;"ALCANÇOU"
"MT";510630;"Paranatinga";132;155;85;"NÃO";85;"NÃO ALCANÇOU"
"MT";510631;"Novo Santo Antônio";14;5;280;"SIM";280;"ALCANÇOU"
"MT";510637;"Pedra Preta";128;107;120;"SIM";120;"ALCANÇOU"
"MT";510642;"Peixoto de Azevedo";224;210;107;"SIM";107;"ALCANÇOU"
"MT";510645;"Planalto da Serra";13;16;81;"NÃO";81;"NÃO ALCANÇOU"
"MT";510650;"Poconé";246;258;95;"SIM";95;"ALCANÇOU"
"MT";510665;"Pontal do Araguaia";47;39;121;"SIM";121;"ALCANÇOU"
"MT";510670;"Ponte Branca";17;6;283;"SIM";283;"ALCANÇOU"
"MT";510675;"Pontes e Lacerda";356;317;112;"SIM";112;"ALCANÇOU"
"MT";510677;"Porto Alegre do Norte";42;70;60;"NÃO";60;"NÃO ALCANÇOU"
"MT";510680;"Porto dos Gaúchos";33;31;106;"SIM";106;"ALCANÇOU"
"MT";510682;"Porto Esperidião";62;60;103;"SIM";103;"ALCANÇOU"
"MT";510685;"Porto Estrela";37;17;218;"SIM";218;"ALCANÇOU"
"MT";510700;"Poxoréo";145;144;101;"SIM";101;"ALCANÇOU"
"MT";510704;"Primavera do Leste";405;393;103;"SIM";103;"ALCANÇOU"
"MT";510706;"Querência";106;100;106;"SIM";106;"ALCANÇOU"
"MT";510710;"São José dos Quatro Marcos";134;130;103;"SIM";103;"ALCANÇOU"
"MT";510715;"Reserva do Cabaçal";9;21;43;"NÃO";43;"NÃO ALCANÇOU"
"MT";510718;"Ribeirão Cascalheira";73;59;124;"SIM";124;"ALCANÇOU"
"MT";510719;"Ribeirãozinho";19;12;158;"SIM";158;"ALCANÇOU"
"MT";510720;"Rio Branco";32;31;103;"SIM";103;"ALCANÇOU"
"MT";510724;"Santa Carmem";33;32;103;"SIM";103;"ALCANÇOU"
"MT";510726;"Santo Afonso";22;12;183;"SIM";183;"ALCANÇOU"
"MT";510729;"São José do Povo";26;21;124;"SIM";124;"ALCANÇOU"
"MT";510730;"São José do Rio Claro";105;100;105;"SIM";105;"ALCANÇOU"
"MT";510735;"São José do Xingu";15;30;50;"NÃO";50;"NÃO ALCANÇOU"
"MT";510740;"São Pedro da Cipa";30;17;176;"SIM";176;"ALCANÇOU"
"MT";510757;"Rondolândia";15;18;83;"NÃO";83;"NÃO ALCANÇOU"
"MT";510760;"Rondonópolis";1723;1383;125;"SIM";125;"ALCANÇOU"
"MT";510770;"Rosário Oeste";131;114;115;"SIM";115;"ALCANÇOU"
"MT";510774;"Santa Cruz do Xingu";7;4;175;"SIM";175;"ALCANÇOU"
"MT";510775;"Salto do Céu";35;21;167;"SIM";167;"ALCANÇOU"
"MT";510776;"Santa Rita do Trivelato";9;14;64;"NÃO";64;"NÃO ALCANÇOU"
"MT";510777;"Santa Terezinha";22;38;58;"NÃO";58;"NÃO ALCANÇOU"
"MT";510779;"Santo Antônio do Leste";19;15;127;"SIM";127;"ALCANÇOU"
"MT";510780;"Santo Antônio do Leverger";121;134;90;"SIM";90;"ALCANÇOU"
"MT";510785;"São Félix do Araguaia";73;77;95;"SIM";95;"ALCANÇOU"
"MT";510787;"Sapezal";98;112;88;"NÃO";88;"NÃO ALCANÇOU"
"MT";510788;"Serra Nova Dourada";7;7;100;"SIM";100;"ALCANÇOU"
"MT";510790;"Sinop";986;936;105;"SIM";105;"ALCANÇOU"
"MT";510792;"Sorriso";484;560;86;"NÃO";86;"NÃO ALCANÇOU"
"MT";510794;"Tabaporã";38;45;84;"NÃO";84;"NÃO ALCANÇOU"
"MT";510795;"Tangará da Serra";608;568;107;"SIM";107;"ALCANÇOU"
"MT";510800;"Tapurah";69;93;74;"NÃO";74;"NÃO ALCANÇOU"
"MT";510805;"Terra Nova do Norte";79;73;108;"SIM";108;"ALCANÇOU"
"MT";510810;"Tesouro";21;15;140;"SIM";140;"ALCANÇOU"
"MT";510820;"Torixoréu";37;24;154;"SIM";154;"ALCANÇOU"
"MT";510830;"União do Sul";23;18;128;"SIM";128;"ALCANÇOU"
"MT";510835;"Vale de São Domingos";24;14;171;"SIM";171;"ALCANÇOU"
"MT";510840;"Várzea Grande";1903;1699;112;"SIM";112;"ALCANÇOU"
"MT";510850;"Vera";66;57;116;"SIM";116;"ALCANÇOU"
"MT";510860;"Vila Rica";99;111;89;"NÃO";89;"NÃO ALCANÇOU"
"MT";510880;"Nova Guarita";50;14;357;"SIM";357;"ALCANÇOU"
"MT";510885;"Nova Marilândia";30;17;176;"SIM";176;"ALCANÇOU"
"MT";510890;"Nova Maringá";31;20;155;"SIM";155;"ALCANÇOU"
"MT";510895;"Nova Monte Verde";29;51;57;"NÃO";57;"NÃO ALCANÇOU"
"GO";520005;"Abadia de Goiás";122;127;96;"SIM";96;"ALCANÇOU"
"GO";520010;"Abadiânia";88;87;101;"SIM";101;"ALCANÇOU"
"GO";520013;"Acreúna";135;146;92;"SIM";92;"ALCANÇOU"
"GO";520015;"Adelândia";23;13;177;"SIM";177;"ALCANÇOU"
"GO";520017;"Água Fria de Goiás";20;21;95;"SIM";95;"ALCANÇOU"
"GO";520020;"Água Limpa";9;11;82;"NÃO";82;"NÃO ALCANÇOU"
"GO";520025;"Águas Lindas de Goiás";849;952;89;"NÃO";89;"NÃO ALCANÇOU"
"GO";520030;"Alexânia";226;172;131;"SIM";131;"ALCANÇOU"
"GO";520050;"Aloândia";22;18;122;"SIM";122;"ALCANÇOU"
"GO";520055;"Alto Horizonte";48;25;192;"SIM";192;"ALCANÇOU"
"GO";520060;"Alto Paraíso de Goiás";56;53;106;"SIM";106;"ALCANÇOU"
"GO";520080;"Alvorada do Norte";49;35;140;"SIM";140;"ALCANÇOU"
"GO";520082;"Amaralina";20;17;118;"SIM";118;"ALCANÇOU"
"GO";520085;"Americano do Brasil";43;38;113;"SIM";113;"ALCANÇOU"
"GO";520090;"Amorinópolis";25;18;139;"SIM";139;"ALCANÇOU"
"GO";520110;"Anápolis";2994;2683;112;"SIM";112;"ALCANÇOU"
"GO";520120;"Anhanguera";7;13;54;"NÃO";54;"NÃO ALCANÇOU"
"GO";520130;"Anicuns";153;134;114;"SIM";114;"ALCANÇOU"
"GO";520140;"Aparecida de Goiânia";2913;3031;96;"SIM";96;"ALCANÇOU"
"GO";520145;"Aparecida do Rio Doce";30;11;273;"SIM";273;"ALCANÇOU"
"GO";520150;"Aporé";22;21;105;"SIM";105;"ALCANÇOU"
"GO";520160;"Araçu";33;34;97;"SIM";97;"ALCANÇOU"
"GO";520170;"Aragarças";146;138;106;"SIM";106;"ALCANÇOU"
"GO";520180;"Aragoiânia";75;66;114;"SIM";114;"ALCANÇOU"
"GO";520215;"Araguapaz";64;57;112;"SIM";112;"ALCANÇOU"
"GO";520235;"Arenópolis";34;19;179;"SIM";179;"ALCANÇOU"
"GO";520250;"Aruanã";63;45;140;"SIM";140;"ALCANÇOU"
"GO";520260;"Aurilândia";45;33;136;"SIM";136;"ALCANÇOU"
"GO";520280;"Avelinópolis";26;12;217;"SIM";217;"ALCANÇOU"
"GO";520310;"Baliza";19;25;76;"NÃO";76;"NÃO ALCANÇOU"
"GO";520320;"Barro Alto";71;61;116;"SIM";116;"ALCANÇOU"
"GO";520330;"Bela Vista de Goiás";240;225;107;"SIM";107;"ALCANÇOU"
"GO";520340;"Bom Jardim de Goiás";74;62;119;"SIM";119;"ALCANÇOU"
"GO";520350;"Bom Jesus de Goiás";157;140;112;"SIM";112;"ALCANÇOU"
"GO";520355;"Bonfinópolis";57;48;119;"SIM";119;"ALCANÇOU"
"GO";520357;"Bonópolis";21;18;117;"SIM";117;"ALCANÇOU"
"GO";520360;"Brazabrantes";35;29;121;"SIM";121;"ALCANÇOU"
"GO";520380;"Britânia";38;56;68;"NÃO";68;"NÃO ALCANÇOU"
"GO";520390;"Buriti Alegre";85;73;116;"SIM";116;"ALCANÇOU"
"GO";520393;"Buriti de Goiás";24;22;109;"SIM";109;"ALCANÇOU"
"GO";520396;"Buritinópolis";21;10;210;"SIM";210;"ALCANÇOU"
"GO";520400;"Cabeceiras";52;36;144;"SIM";144;"ALCANÇOU"
"GO";520410;"Cachoeira Alta";99;75;132;"SIM";132;"ALCANÇOU"
"GO";520420;"Cachoeira de Goiás";16;11;145;"SIM";145;"ALCANÇOU"
"GO";520425;"Cachoeira Dourada";69;57;121;"SIM";121;"ALCANÇOU"
"GO";520430;"Caçu";110;99;111;"SIM";111;"ALCANÇOU"
"GO";520440;"Caiapônia";155;112;138;"SIM";138;"ALCANÇOU"
"GO";520450;"Caldas Novas";599;523;115;"SIM";115;"ALCANÇOU"
"GO";520455;"Caldazinha";38;23;165;"SIM";165;"ALCANÇOU"
"GO";520460;"Campestre de Goiás";29;24;121;"SIM";121;"ALCANÇOU"
"GO";520465;"Campinaçu";23;21;110;"SIM";110;"ALCANÇOU"
"GO";520470;"Campinorte";90;53;170;"SIM";170;"ALCANÇOU"
"GO";520480;"Campo Alegre de Goiás";51;35;146;"SIM";146;"ALCANÇOU"
"GO";520485;"Campo Limpo de Goiás";49;38;129;"SIM";129;"ALCANÇOU"
"GO";520490;"Campos Belos";105;99;106;"SIM";106;"ALCANÇOU"
"GO";520495;"Campos Verdes";46;38;121;"SIM";121;"ALCANÇOU"
"GO";520500;"Carmo do Rio Verde";69;62;111;"SIM";111;"ALCANÇOU"
"GO";520505;"Castelândia";25;32;78;"NÃO";78;"NÃO ALCANÇOU"
"GO";520510;"Catalão";696;720;97;"SIM";97;"ALCANÇOU"
"GO";520520;"Caturaí";40;43;93;"SIM";93;"ALCANÇOU"
"GO";520530;"Cavalcante";53;39;136;"SIM";136;"ALCANÇOU"
"GO";520540;"Ceres";174;131;133;"SIM";133;"ALCANÇOU"
"GO";520545;"Cezarina";66;58;114;"SIM";114;"ALCANÇOU"
"GO";520547;"Chapadão do Céu";55;54;102;"SIM";102;"ALCANÇOU"
"GO";520549;"Cidade Ocidental";402;335;120;"SIM";120;"ALCANÇOU"
"GO";520551;"Cocalzinho de Goiás";127;110;115;"SIM";115;"ALCANÇOU"
"GO";520552;"Colinas do Sul";25;17;147;"SIM";147;"ALCANÇOU"
"GO";520570;"Córrego do Ouro";19;9;211;"SIM";211;"ALCANÇOU"
"GO";520580;"Corumbá de Goiás";83;76;109;"SIM";109;"ALCANÇOU"
"GO";520590;"Corumbaíba";67;50;134;"SIM";134;"ALCANÇOU"
"GO";520620;"Cristalina";347;317;109;"SIM";109;"ALCANÇOU"
"GO";520630;"Cristianópolis";37;32;116;"SIM";116;"ALCANÇOU"
"GO";520640;"Crixás";102;95;107;"SIM";107;"ALCANÇOU"
"GO";520650;"Cromínia";31;34;91;"SIM";91;"ALCANÇOU"
"GO";520660;"Cumari";25;25;100;"SIM";100;"ALCANÇOU"
"GO";520670;"Damianópolis";9;10;90;"SIM";90;"ALCANÇOU"
"GO";520680;"Damolândia";24;15;160;"SIM";160;"ALCANÇOU"
"GO";520690;"Davinópolis";20;15;133;"SIM";133;"ALCANÇOU"
"GO";520710;"Diorama";20;15;133;"SIM";133;"ALCANÇOU"
"GO";520725;"Doverlândia";43;38;113;"SIM";113;"ALCANÇOU"
"GO";520735;"Edealina";22;19;116;"SIM";116;"ALCANÇOU"
"GO";520740;"Edéia";91;79;115;"SIM";115;"ALCANÇOU"
"GO";520750;"Estrela do Norte";16;24;67;"NÃO";67;"NÃO ALCANÇOU"
"GO";520753;"Faina";51;43;119;"SIM";119;"ALCANÇOU"
"GO";520760;"Fazenda Nova";41;54;76;"NÃO";76;"NÃO ALCANÇOU"
"GO";520780;"Firminópolis";113;103;110;"SIM";110;"ALCANÇOU"
"GO";520790;"Flores de Goiás";54;52;104;"SIM";104;"ALCANÇOU"
"GO";520800;"Formosa";657;648;101;"SIM";101;"ALCANÇOU"
"GO";520810;"Formoso";48;24;200;"SIM";200;"ALCANÇOU"
"GO";520815;"Gameleira de Goiás";27;15;180;"SIM";180;"ALCANÇOU"
"GO";520830;"Divinópolis de Goiás";30;46;65;"NÃO";65;"NÃO ALCANÇOU"
"GO";520840;"Goianápolis";115;83;139;"SIM";139;"ALCANÇOU"
"GO";520850;"Goiandira";35;45;78;"NÃO";78;"NÃO ALCANÇOU"
"GO";520860;"Goianésia";476;435;109;"SIM";109;"ALCANÇOU"
"GO";520870;"Goiânia";9571;9226;104;"SIM";104;"ALCANÇOU"
"GO";520880;"Goianira";393;344;114;"SIM";114;"ALCANÇOU"
"GO";520890;"Goiás";206;183;113;"SIM";113;"ALCANÇOU"
"GO";520910;"Goiatuba";286;267;107;"SIM";107;"ALCANÇOU"
"GO";520915;"Gouvelândia";39;29;134;"SIM";134;"ALCANÇOU"
"GO";520920;"Guapó";105;94;112;"SIM";112;"ALCANÇOU"
"GO";520929;"Guaraíta";22;19;116;"SIM";116;"ALCANÇOU"
"GO";520940;"Guarani de Goiás";34;25;136;"SIM";136;"ALCANÇOU"
"GO";520945;"Guarinos";18;15;120;"SIM";120;"ALCANÇOU"
"GO";520960;"Heitoraí";36;21;171;"SIM";171;"ALCANÇOU"
"GO";520970;"Hidrolândia";168;177;95;"SIM";95;"ALCANÇOU"
"GO";520980;"Hidrolina";38;27;141;"SIM";141;"ALCANÇOU"
"GO";520990;"Iaciara";79;74;107;"SIM";107;"ALCANÇOU"
"GO";520993;"Inaciolândia";46;32;144;"SIM";144;"ALCANÇOU"
"GO";520995;"Indiara";90;81;111;"SIM";111;"ALCANÇOU"
"GO";521000;"Inhumas";401;364;110;"SIM";110;"ALCANÇOU"
"GO";521010;"Ipameri";206;190;108;"SIM";108;"ALCANÇOU"
"GO";521015;"Ipiranga de Goiás";33;23;143;"SIM";143;"ALCANÇOU"
"GO";521020;"Iporá";328;243;135;"SIM";135;"ALCANÇOU"
"GO";521030;"Israelândia";32;26;123;"SIM";123;"ALCANÇOU"
"GO";521040;"Itaberaí";278;248;112;"SIM";112;"ALCANÇOU"
"GO";521056;"Itaguari";36;35;103;"SIM";103;"ALCANÇOU"
"GO";521060;"Itaguaru";38;40;95;"SIM";95;"ALCANÇOU"
"GO";521080;"Itajá";37;31;119;"SIM";119;"ALCANÇOU"
"GO";521090;"Itapaci";148;141;105;"SIM";105;"ALCANÇOU"
"GO";521100;"Itapirapuã";75;53;142;"SIM";142;"ALCANÇOU"
"GO";521120;"Itapuranga";237;225;105;"SIM";105;"ALCANÇOU"
"GO";521130;"Itarumã";37;30;123;"SIM";123;"ALCANÇOU"
"GO";521140;"Itauçu";72;71;101;"SIM";101;"ALCANÇOU"
"GO";521150;"Itumbiara";719;790;91;"SIM";91;"ALCANÇOU"
"GO";521160;"Ivolândia";21;16;131;"SIM";131;"ALCANÇOU"
"GO";521170;"Jandaia";52;35;149;"SIM";149;"ALCANÇOU"
"GO";521180;"Jaraguá";289;283;102;"SIM";102;"ALCANÇOU"
"GO";521190;"Jataí";773;685;113;"SIM";113;"ALCANÇOU"
"GO";521200;"Jaupaci";30;19;158;"SIM";158;"ALCANÇOU"
"GO";521205;"Jesúpolis";21;7;300;"SIM";300;"ALCANÇOU"
"GO";521210;"Joviânia";38;51;75;"NÃO";75;"NÃO ALCANÇOU"
"GO";521220;"Jussara";157;136;115;"SIM";115;"ALCANÇOU"
"GO";521225;"Lagoa Santa";7;7;100;"SIM";100;"ALCANÇOU"
"GO";521230;"Leopoldo de Bulhões";40;47;85;"NÃO";85;"NÃO ALCANÇOU"
"GO";521250;"Luziânia";1239;1147;108;"SIM";108;"ALCANÇOU"
"GO";521260;"Mairipotaba";18;13;138;"SIM";138;"ALCANÇOU"
"GO";521270;"Mambaí";38;43;88;"NÃO";88;"NÃO ALCANÇOU"
"GO";521280;"Mara Rosa";108;76;142;"SIM";142;"ALCANÇOU"
"GO";521290;"Marzagão";25;18;139;"SIM";139;"ALCANÇOU"
"GO";521295;"Matrinchã";32;24;133;"SIM";133;"ALCANÇOU"
"GO";521300;"Maurilândia";81;69;117;"SIM";117;"ALCANÇOU"
"GO";521305;"Mimoso de Goiás";17;6;283;"SIM";283;"ALCANÇOU"
"GO";521308;"Minaçu";209;211;99;"SIM";99;"ALCANÇOU"
"GO";521310;"Mineiros";426;371;115;"SIM";115;"ALCANÇOU"
"GO";521340;"Moiporá";11;10;110;"SIM";110;"ALCANÇOU"
"GO";521350;"Monte Alegre de Goiás";51;36;142;"SIM";142;"ALCANÇOU"
"GO";521370;"Montes Claros de Goiás";70;61;115;"SIM";115;"ALCANÇOU"
"GO";521375;"Montividiu";74;44;168;"SIM";168;"ALCANÇOU"
"GO";521377;"Montividiu do Norte";15;20;75;"NÃO";75;"NÃO ALCANÇOU"
"GO";521380;"Morrinhos";382;347;110;"SIM";110;"ALCANÇOU"
"GO";521385;"Morro Agudo de Goiás";12;9;133;"SIM";133;"ALCANÇOU"
"GO";521390;"Mossâmedes";42;26;162;"SIM";162;"ALCANÇOU"
"GO";521400;"Mozarlândia";95;86;110;"SIM";110;"ALCANÇOU"
"GO";521405;"Mundo Novo";46;39;118;"SIM";118;"ALCANÇOU"
"GO";521410;"Mutunópolis";31;30;103;"SIM";103;"ALCANÇOU"
"GO";521440;"Nazário";70;58;121;"SIM";121;"ALCANÇOU"
"GO";521450;"Nerópolis";216;175;123;"SIM";123;"ALCANÇOU"
"GO";521460;"Niquelândia";231;261;89;"NÃO";89;"NÃO ALCANÇOU"
"GO";521470;"Nova América";15;14;107;"SIM";107;"ALCANÇOU"
"GO";521480;"Nova Aurora";24;17;141;"SIM";141;"ALCANÇOU"
"GO";521483;"Nova Crixás";87;76;114;"SIM";114;"ALCANÇOU"
"GO";521486;"Nova Glória";93;59;158;"SIM";158;"ALCANÇOU"
"GO";521487;"Nova Iguaçu de Goiás";18;12;150;"SIM";150;"ALCANÇOU"
"GO";521490;"Nova Roma";17;14;121;"SIM";121;"ALCANÇOU"
"GO";521500;"Nova Veneza";86;63;137;"SIM";137;"ALCANÇOU"
"GO";521520;"Novo Brasil";24;27;89;"NÃO";89;"NÃO ALCANÇOU"
"GO";521523;"Novo Gama";505;461;110;"SIM";110;"ALCANÇOU"
"GO";521525;"Novo Planalto";25;19;132;"SIM";132;"ALCANÇOU"
"GO";521530;"Orizona";110;105;105;"SIM";105;"ALCANÇOU"
"GO";521540;"Ouro Verde de Goiás";40;31;129;"SIM";129;"ALCANÇOU"
"GO";521550;"Ouvidor";53;42;126;"SIM";126;"ALCANÇOU"
"GO";521560;"Padre Bernardo";206;202;102;"SIM";102;"ALCANÇOU"
"GO";521565;"Palestina de Goiás";21;17;124;"SIM";124;"ALCANÇOU"
"GO";521570;"Palmeiras de Goiás";200;188;106;"SIM";106;"ALCANÇOU"
"GO";521580;"Palmelo";30;24;125;"SIM";125;"ALCANÇOU"
"GO";521590;"Palminópolis";36;24;150;"SIM";150;"ALCANÇOU"
"GO";521600;"Panamá";15;15;100;"SIM";100;"ALCANÇOU"
"GO";521630;"Paranaiguara";88;73;121;"SIM";121;"ALCANÇOU"
"GO";521640;"Paraúna";101;82;123;"SIM";123;"ALCANÇOU"
"GO";521645;"Perolândia";17;11;155;"SIM";155;"ALCANÇOU"
"GO";521680;"Petrolina de Goiás";64;70;91;"SIM";91;"ALCANÇOU"
"GO";521690;"Pilar de Goiás";22;14;157;"SIM";157;"ALCANÇOU"
"GO";521710;"Piracanjuba";181;211;86;"NÃO";86;"NÃO ALCANÇOU"
"GO";521720;"Piranhas";108;109;99;"SIM";99;"ALCANÇOU"
"GO";521730;"Pirenópolis";182;146;125;"SIM";125;"ALCANÇOU"
"GO";521740;"Pires do Rio";267;232;115;"SIM";115;"ALCANÇOU"
"GO";521760;"Planaltina";528;469;113;"SIM";113;"ALCANÇOU"
"GO";521770;"Pontalina";156;156;100;"SIM";100;"ALCANÇOU"
"GO";521800;"Porangatu";308;337;91;"SIM";91;"ALCANÇOU"
"GO";521805;"Porteirão";26;20;130;"SIM";130;"ALCANÇOU"
"GO";521810;"Portelândia";24;19;126;"SIM";126;"ALCANÇOU"
"GO";521830;"Posse";212;192;110;"SIM";110;"ALCANÇOU"
"GO";521839;"Professor Jamil";33;21;157;"SIM";157;"ALCANÇOU"
"GO";521850;"Quirinópolis";350;327;107;"SIM";107;"ALCANÇOU"
"GO";521860;"Rialma";96;71;135;"SIM";135;"ALCANÇOU"
"GO";521870;"Rianápolis";30;21;143;"SIM";143;"ALCANÇOU"
"GO";521878;"Rio Quente";34;20;170;"SIM";170;"ALCANÇOU"
"GO";521880;"Rio Verde";1359;1219;111;"SIM";111;"ALCANÇOU"
"GO";521890;"Rubiataba";162;150;108;"SIM";108;"ALCANÇOU"
"GO";521900;"Sanclerlândia";66;57;116;"SIM";116;"ALCANÇOU"
"GO";521910;"Santa Bárbara de Goiás";37;39;95;"SIM";95;"ALCANÇOU"
"GO";521920;"Santa Cruz de Goiás";30;24;125;"SIM";125;"ALCANÇOU"
"GO";521925;"Santa Fé de Goiás";28;26;108;"SIM";108;"ALCANÇOU"
"GO";521930;"Santa Helena de Goiás";321;296;108;"SIM";108;"ALCANÇOU"
"GO";521935;"Santa Isabel";27;23;117;"SIM";117;"ALCANÇOU"
"GO";521940;"Santa Rita do Araguaia";51;45;113;"SIM";113;"ALCANÇOU"
"GO";521945;"Santa Rita do Novo Destino";20;10;200;"SIM";200;"ALCANÇOU"
"GO";521950;"Santa Rosa de Goiás";31;37;84;"NÃO";84;"NÃO ALCANÇOU"
"GO";521960;"Santa Tereza de Goiás";36;23;157;"SIM";157;"ALCANÇOU"
"GO";521970;"Santa Terezinha de Goiás";84;80;105;"SIM";105;"ALCANÇOU"
"GO";521971;"Santo Antônio da Barra";27;34;79;"NÃO";79;"NÃO ALCANÇOU"
"GO";521973;"Santo Antônio de Goiás";59;36;164;"SIM";164;"ALCANÇOU"
"GO";521975;"Santo Antônio do Descoberto";327;373;88;"NÃO";88;"NÃO ALCANÇOU"
"GO";521980;"São Domingos";51;65;78;"NÃO";78;"NÃO ALCANÇOU"
"GO";521990;"São Francisco de Goiás";52;38;137;"SIM";137;"ALCANÇOU"
"GO";522000;"São João d'Aliança";48;57;84;"NÃO";84;"NÃO ALCANÇOU"
"GO";522005;"São João da Paraúna";17;11;155;"SIM";155;"ALCANÇOU"
"GO";522010;"São Luís de Montes Belos";284;263;108;"SIM";108;"ALCANÇOU"
"GO";522015;"São Luíz do Norte";40;22;182;"SIM";182;"ALCANÇOU"
"GO";522020;"São Miguel do Araguaia";216;185;117;"SIM";117;"ALCANÇOU"
"GO";522026;"São Miguel do Passa Quatro";41;56;73;"NÃO";73;"NÃO ALCANÇOU"
"GO";522028;"São Patrício";8;16;50;"NÃO";50;"NÃO ALCANÇOU"
"GO";522040;"São Simão";160;132;121;"SIM";121;"ALCANÇOU"
"GO";522045;"Senador Canedo";781;859;91;"SIM";91;"ALCANÇOU"
"GO";522050;"Serranópolis";45;63;71;"NÃO";71;"NÃO ALCANÇOU"
"GO";522060;"Silvânia";133;139;96;"SIM";96;"ALCANÇOU"
"GO";522068;"Simolândia";52;36;144;"SIM";144;"ALCANÇOU"
"GO";522070;"Sítio d'Abadia";17;10;170;"SIM";170;"ALCANÇOU"
"GO";522100;"Taquaral de Goiás";25;24;104;"SIM";104;"ALCANÇOU"
"GO";522108;"Teresina de Goiás";16;10;160;"SIM";160;"ALCANÇOU"
"GO";522119;"Terezópolis de Goiás";46;33;139;"SIM";139;"ALCANÇOU"
"GO";522130;"Três Ranchos";28;24;117;"SIM";117;"ALCANÇOU"
"GO";522140;"Trindade";961;879;109;"SIM";109;"ALCANÇOU"
"GO";522145;"Trombas";31;20;155;"SIM";155;"ALCANÇOU"
"GO";522150;"Turvânia";32;49;65;"NÃO";65;"NÃO ALCANÇOU"
"GO";522155;"Turvelândia";19;25;76;"NÃO";76;"NÃO ALCANÇOU"
"GO";522157;"Uirapuru";16;12;133;"SIM";133;"ALCANÇOU"
"GO";522160;"Uruaçu";318;305;104;"SIM";104;"ALCANÇOU"
"GO";522170;"Uruana";107;109;98;"SIM";98;"ALCANÇOU"
"GO";522180;"Urutaí";29;18;161;"SIM";161;"ALCANÇOU"
"GO";522185;"Valparaíso de Goiás";793;736;108;"SIM";108;"ALCANÇOU"
"GO";522190;"Varjão";44;22;200;"SIM";200;"ALCANÇOU"
"GO";522200;"Vianópolis";88;73;121;"SIM";121;"ALCANÇOU"
"GO";522205;"Vicentinópolis";52;39;133;"SIM";133;"ALCANÇOU"
"GO";522220;"Vila Boa";14;17;82;"NÃO";82;"NÃO ALCANÇOU"
"GO";522230;"Vila Propício";34;36;94;"SIM";94;"ALCANÇOU"
"DF";530010;"Brasília";14946;14757;101;"SIM";101;"ALCANÇOU"
