"UF";"COD_MUN";"NOME_MUN";"RES_2024";"NUM_2025";"DEN_2025";"RES_2025";"ALCANCOU A META?";"RES";"METAS"
"RO";110001;"Alta Floresta D'Oeste";0;0;8;0;"Sim";0;"ALCANÇOU"
"RO";110002;"Ariquemes";5,95238095238095;9;71;12,6760563380282;"Não";6,7;"NÃO ALCANÇOU"
"RO";110003;"Cabixi";0;0;2;0;"Sim";0;"ALCANÇOU"
"RO";110004;"Cacoal";0;0;58;0;"Sim";0;"ALCANÇOU"
"RO";110005;"Cerejeiras";0;1;18;5,55555555555556;"Não";5,6;"NÃO ALCANÇOU"
"RO";110006;"Colorado do Oeste";0;0;6;0;"Sim";0;"ALCANÇOU"
"RO";110007;"Corumbiara";0;0;3;0;"Sim";0;"ALCANÇOU"
"RO";110008;"Costa Marques";8,33333333333333;0;9;0;"Sim";-8,3;"ALCANÇOU"
"RO";110009;"Espigão D'Oeste";23,0769230769231;1;5;20;"Sim";-3,1;"ALCANÇOU"
"RO";110010;"Guajará-Mirim";15,7894736842105;2;22;9,09090909090909;"Sim";-6,7;"ALCANÇOU"
"RO";110011;"Jaru";3,44827586206897;0;18;0;"Sim";-3,4;"ALCANÇOU"
"RO";110012;"Ji-Paraná";0;2;55;3,63636363636364;"Não";3,6;"NÃO ALCANÇOU"
"RO";110013;"Machadinho D'Oeste";12,5;2;15;13,3333333333333;"Não";0,8;"NÃO ALCANÇOU"
"RO";110014;"Nova Brasilândia D'Oeste";0;0;3;0;"Sim";0;"ALCANÇOU"
"RO";110015;"Ouro Preto do Oeste";0;0;19;0;"Sim";0;"ALCANÇOU"
"RO";110018;"Pimenta Bueno";0;0;0;0;"Sim";0;"ALCANÇOU"
"RO";110020;"Porto Velho";6,94864048338369;21;337;6,23145400593472;"Não";-0,72;"NÃO ALCANÇOU"
"RO";110025;"Presidente Médici";14,2857142857143;0;7;0;"Sim";-14,3;"ALCANÇOU"
"RO";110026;"Rio Crespo";0;1;1;100;"Não";100;"NÃO ALCANÇOU"
"RO";110028;"Rolim de Moura";0;0;21;0;"Sim";0;"ALCANÇOU"
"RO";110029;"Santa Luzia D'Oeste";0;0;0;0;"Sim";0;"ALCANÇOU"
"RO";110030;"Vilhena";2,63157894736842;0;83;0;"Sim";-2,6;"ALCANÇOU"
"RO";110032;"São Miguel do Guaporé";0;0;7;0;"Sim";0;"ALCANÇOU"
"RO";110033;"Nova Mamoré";11,7647058823529;1;6;16,6666666666667;"Não";4,9;"NÃO ALCANÇOU"
"RO";110034;"Alvorada D'Oeste";0;0;3;0;"Sim";0;"ALCANÇOU"
"RO";110037;"Alto Alegre dos Parecis";0;0;1;0;"Sim";0;"ALCANÇOU"
"RO";110040;"Alto Paraíso";0;0;4;0;"Sim";0;"ALCANÇOU"
"RO";110045;"Buritis";4;1;20;5;"Não";1;"NÃO ALCANÇOU"
"RO";110050;"Novo Horizonte do Oeste";0;0;0;0;"Sim";0;"ALCANÇOU"
"RO";110060;"Cacaulândia";0;0;2;0;"Sim";0;"ALCANÇOU"
"RO";110070;"Campo Novo de Rondônia";0;0;5;0;"Sim";0;"ALCANÇOU"
"RO";110080;"Candeias do Jamari";0;2;18;11,1111111111111;"Não";11,1;"NÃO ALCANÇOU"
"RO";110090;"Castanheiras";0;0;2;0;"Sim";0;"ALCANÇOU"
"RO";110092;"Chupinguaia";0;0;13;0;"Sim";0;"ALCANÇOU"
"RO";110094;"Cujubim";0;1;12;8,33333333333333;"Não";8,3;"NÃO ALCANÇOU"
"RO";110100;"Governador Jorge Teixeira";0;1;2;50;"Não";50;"NÃO ALCANÇOU"
"RO";110110;"Itapuã do Oeste";0;1;5;20;"Não";20;"NÃO ALCANÇOU"
"RO";110120;"Ministro Andreazza";0;1;2;50;"Não";50;"NÃO ALCANÇOU"
"RO";110130;"Mirante da Serra";0;0;0;0;"Sim";0;"ALCANÇOU"
"RO";110140;"Monte Negro";0;0;7;0;"Sim";0;"ALCANÇOU"
"RO";110143;"Nova União";0;0;3;0;"Sim";0;"ALCANÇOU"
"RO";110145;"Parecis";0;1;0;0;"Sim";0;"ALCANÇOU"
"RO";110146;"Pimenteiras do Oeste";0;0;0;0;"Sim";0;"ALCANÇOU"
"RO";110147;"Primavera de Rondônia";0;0;0;0;"Sim";0;"ALCANÇOU"
"RO";110148;"São Felipe D'Oeste";0;0;0;0;"Sim";0;"ALCANÇOU"
"RO";110149;"São Francisco do Guaporé";0;0;3;0;"Sim";0;"ALCANÇOU"
"RO";110150;"Seringueiras";0;0;4;0;"Sim";0;"ALCANÇOU"
"RO";110155;"Teixeirópolis";0;0;0;0;"Sim";0;"ALCANÇOU"
"RO";110160;"Theobroma";0;0;0;0;"Sim";0;"ALCANÇOU"
"RO";110170;"Urupá";0;0;3;0;"Sim";0;"ALCANÇOU"
"RO";110175;"Vale do Anari";0;0;3;0;"Sim";0;"ALCANÇOU"
"RO";110180;"Vale do Paraíso";0;0;1;0;"Sim";0;"ALCANÇOU"
"AC";120001;"Acrelândia";0;1;5;20;"Não";20;"NÃO ALCANÇOU"
"AC";120005;"Assis Brasil";133,333333333333;1;2;50;"Sim";-83,3;"ALCANÇOU"
"AC";120010;"Brasiléia";9,09090909090909;1;18;5,55555555555556;"Sim";-3,5;"ALCANÇOU"
"AC";120013;"Bujari";25;5;12;41,6666666666667;"Não";16,7;"NÃO ALCANÇOU"
"AC";120017;"Capixaba";0;2;2;100;"Não";100;"NÃO ALCANÇOU"
"AC";120020;"Cruzeiro do Sul";0;2;40;5;"Não";5;"NÃO ALCANÇOU"
"AC";120025;"Epitaciolândia";0;1;3;33,3333333333333;"Não";33,3;"NÃO ALCANÇOU"
"AC";120030;"Feijó";13,0434782608696;3;34;8,82352941176471;"Sim";-4,2;"ALCANÇOU"
"AC";120032;"Jordão";0;0;3;0;"Sim";0;"ALCANÇOU"
"AC";120033;"Mâncio Lima";16,6666666666667;0;5;0;"Sim";-16,7;"ALCANÇOU"
"AC";120034;"Manoel Urbano";0;0;3;0;"Sim";0;"ALCANÇOU"
"AC";120035;"Marechal Thaumaturgo";0;0;2;0;"Sim";0;"ALCANÇOU"
"AC";120038;"Plácido de Castro";40;1;6;16,6666666666667;"Sim";-23,3;"ALCANÇOU"
"AC";120039;"Porto Walter";0;0;3;0;"Sim";0;"ALCANÇOU"
"AC";120040;"Rio Branco";14,7482014388489;38;256;14,84375;"Não";0,1;"NÃO ALCANÇOU"
"AC";120042;"Rodrigues Alves";0;0;0;0;"Sim";0;"ALCANÇOU"
"AC";120043;"Santa Rosa do Purus";0;1;1;100;"Não";100;"NÃO ALCANÇOU"
"AC";120045;"Senador Guiomard";53,3333333333333;2;11;18,1818181818182;"Sim";-35,2;"ALCANÇOU"
"AC";120050;"Sena Madureira";20;3;11;27,2727272727273;"Não";7,3;"NÃO ALCANÇOU"
"AC";120060;"Tarauacá";11,1111111111111;0;36;0;"Sim";-11,1;"ALCANÇOU"
"AC";120070;"Xapuri";0;4;18;22,2222222222222;"Não";22,2;"NÃO ALCANÇOU"
"AC";120080;"Porto Acre";21,7391304347826;2;19;10,5263157894737;"Sim";-11,2;"ALCANÇOU"
"AM";130002;"Alvarães";100;0;5;0;"Sim";-100;"ALCANÇOU"
"AM";130006;"Amaturá";0;0;3;0;"Sim";0;"ALCANÇOU"
"AM";130008;"Anamã";0;0;0;0;"Sim";0;"ALCANÇOU"
"AM";130010;"Anori";100;1;4;25;"Sim";-75;"ALCANÇOU"
"AM";130014;"Apuí";0;1;4;25;"Não";25;"NÃO ALCANÇOU"
"AM";130020;"Atalaia do Norte";0;1;2;50;"Não";50;"NÃO ALCANÇOU"
"AM";130030;"Autazes";43,3333333333333;6;21;28,5714285714286;"Sim";-14,8;"ALCANÇOU"
"AM";130040;"Barcelos";0;1;0;0;"Sim";0;"ALCANÇOU"
"AM";130050;"Barreirinha";0;2;3;66,6666666666667;"Não";66,7;"NÃO ALCANÇOU"
"AM";130060;"Benjamin Constant";33,3333333333333;0;2;0;"Sim";-33,3;"ALCANÇOU"
"AM";130063;"Beruri";66,6666666666667;0;4;0;"Sim";-66,7;"ALCANÇOU"
"AM";130068;"Boa Vista do Ramos";0;1;0;0;"Sim";0;"ALCANÇOU"
"AM";130070;"Boca do Acre";25;6;13;46,1538461538462;"Não";21,2;"NÃO ALCANÇOU"
"AM";130080;"Borba";0;1;5;20;"Não";20;"NÃO ALCANÇOU"
"AM";130083;"Caapiranga";0;0;0;0;"Sim";0;"ALCANÇOU"
"AM";130090;"Canutama";0;2;7;28,5714285714286;"Não";28,6;"NÃO ALCANÇOU"
"AM";130100;"Carauari";13,6363636363636;4;15;26,6666666666667;"Não";13;"NÃO ALCANÇOU"
"AM";130110;"Careiro";16,6666666666667;3;4;75;"Não";58,3;"NÃO ALCANÇOU"
"AM";130115;"Careiro da Várzea";0;1;4;25;"Não";25;"NÃO ALCANÇOU"
"AM";130120;"Coari";11,1111111111111;5;19;26,3157894736842;"Não";15,2;"NÃO ALCANÇOU"
"AM";130130;"Codajás";0;2;6;33,3333333333333;"Não";33,3;"NÃO ALCANÇOU"
"AM";130140;"Eirunepé";25;5;22;22,7272727272727;"Sim";-2,3;"ALCANÇOU"
"AM";130150;"Envira";14,2857142857143;4;19;21,0526315789474;"Não";6,8;"NÃO ALCANÇOU"
"AM";130160;"Fonte Boa";0;2;4;50;"Não";50;"NÃO ALCANÇOU"
"AM";130165;"Guajará";37,5;1;8;12,5;"Sim";-25;"ALCANÇOU"
"AM";130170;"Humaitá";11,1111111111111;6;16;37,5;"Não";26,4;"NÃO ALCANÇOU"
"AM";130180;"Ipixuna";0;0;4;0;"Sim";0;"ALCANÇOU"
"AM";130185;"Iranduba";46,1538461538462;7;14;50;"Não";3,8;"NÃO ALCANÇOU"
"AM";130190;"Itacoatiara";17,8571428571429;10;27;37,037037037037;"Não";19,2;"NÃO ALCANÇOU"
"AM";130195;"Itamarati";0;0;2;0;"Sim";0;"ALCANÇOU"
"AM";130200;"Itapiranga";66,6666666666667;0;3;0;"Sim";-66,7;"ALCANÇOU"
"AM";130210;"Japurá";0;0;3;0;"Sim";0;"ALCANÇOU"
"AM";130220;"Juruá";0;1;2;50;"Não";50;"NÃO ALCANÇOU"
"AM";130230;"Jutaí";50;0;3;0;"Sim";-50;"ALCANÇOU"
"AM";130240;"Lábrea";24,1379310344828;7;34;20,5882352941176;"Sim";-3,5;"ALCANÇOU"
"AM";130250;"Manacapuru";30,2325581395349;14;45;31,1111111111111;"Não";0,9;"NÃO ALCANÇOU"
"AM";130255;"Manaquiri";100;1;4;25;"Sim";-75;"ALCANÇOU"
"AM";130260;"Manaus";20,2746893394375;355;1609;22,0633934120572;"Não";1,8;"NÃO ALCANÇOU"
"AM";130270;"Manicoré";0;0;9;0;"Sim";0;"ALCANÇOU"
"AM";130280;"Maraã";0;1;1;100;"Não";100;"NÃO ALCANÇOU"
"AM";130290;"Maués";0;2;3;66,6666666666667;"Não";66,7;"NÃO ALCANÇOU"
"AM";130300;"Nhamundá";0;1;1;100;"Não";100;"NÃO ALCANÇOU"
"AM";130310;"Nova Olinda do Norte";22,2222222222222;1;6;16,6666666666667;"Sim";-5,6;"ALCANÇOU"
"AM";130320;"Novo Airão";0;1;6;16,6666666666667;"Não";16,7;"NÃO ALCANÇOU"
"AM";130330;"Novo Aripuanã";0;0;7;0;"Sim";0;"ALCANÇOU"
"AM";130340;"Parintins";20;3;40;7,5;"Sim";-12,5;"ALCANÇOU"
"AM";130350;"Pauini";0;2;7;28,5714285714286;"Não";28,6;"NÃO ALCANÇOU"
"AM";130353;"Presidente Figueiredo";16,6666666666667;0;5;0;"Sim";-16,7;"ALCANÇOU"
"AM";130356;"Rio Preto da Eva";57,1428571428571;4;13;30,7692307692308;"Sim";-26,4;"ALCANÇOU"
"AM";130360;"Santa Isabel do Rio Negro";0;0;2;0;"Sim";0;"ALCANÇOU"
"AM";130370;"Santo Antônio do Içá";0;0;3;0;"Sim";0;"ALCANÇOU"
"AM";130380;"São Gabriel da Cachoeira";0;0;1;0;"Sim";0;"ALCANÇOU"
"AM";130390;"São Paulo de Olivença";0;0;2;0;"Sim";0;"ALCANÇOU"
"AM";130395;"São Sebastião do Uatumã";0;0;0;0;"Sim";0;"ALCANÇOU"
"AM";130400;"Silves";50;2;3;66,6666666666667;"Não";16,7;"NÃO ALCANÇOU"
"AM";130406;"Tabatinga";16,6666666666667;0;4;0;"Sim";-16,7;"ALCANÇOU"
"AM";130410;"Tapauá";0;0;3;0;"Sim";0;"ALCANÇOU"
"AM";130420;"Tefé";0;2;17;11,7647058823529;"Não";11,8;"NÃO ALCANÇOU"
"AM";130423;"Tonantins";0;0;0;0;"Sim";0;"ALCANÇOU"
"AM";130426;"Uarini";0;0;2;0;"Sim";0;"ALCANÇOU"
"AM";130430;"Urucará";0;0;2;0;"Sim";0;"ALCANÇOU"
"AM";130440;"Urucurituba";0;0;0;0;"Sim";0;"ALCANÇOU"
"RR";140002;"Amajari";100;1;3;33,3333333333333;"Sim";-66,7;"ALCANÇOU"
"RR";140005;"Alto Alegre";25;1;2;50;"Não";25;"NÃO ALCANÇOU"
"RR";140010;"Boa Vista";43,6046511627907;136;280;48,5714285714286;"Não";5;"NÃO ALCANÇOU"
"RR";140015;"Bonfim";50;2;6;33,3333333333333;"Sim";-16,7;"ALCANÇOU"
"RR";140017;"Cantá";44,4444444444444;4;6;66,6666666666667;"Não";22,2;"NÃO ALCANÇOU"
"RR";140020;"Caracaraí";40;0;4;0;"Sim";-40;"ALCANÇOU"
"RR";140023;"Caroebe";0;2;4;50;"Não";50;"NÃO ALCANÇOU"
"RR";140028;"Iracema";0;3;5;60;"Não";60;"NÃO ALCANÇOU"
"RR";140030;"Mucajaí";30;5;18;27,7777777777778;"Sim";-2,2;"ALCANÇOU"
"RR";140040;"Normandia";33,3333333333333;1;2;50;"Não";16,7;"NÃO ALCANÇOU"
"RR";140045;"Pacaraima";47,0588235294118;5;24;20,8333333333333;"Sim";-26,2;"ALCANÇOU"
"RR";140047;"Rorainópolis";50;7;8;87,5;"Não";37,5;"NÃO ALCANÇOU"
"RR";140050;"São João da Baliza";200;0;4;0;"Sim";-200;"ALCANÇOU"
"RR";140060;"São Luiz";50;0;3;0;"Sim";-50;"ALCANÇOU"
"RR";140070;"Uiramutã";0;0;1;0;"Sim";0;"ALCANÇOU"
"PA";150010;"Abaetetuba";25,6410256410256;12;38;31,5789473684211;"Não";5,9;"NÃO ALCANÇOU"
"PA";150013;"Abel Figueiredo";0;0;0;0;"Sim";0;"ALCANÇOU"
"PA";150020;"Acará";26,9230769230769;8;14;57,1428571428571;"Não";30,2;"NÃO ALCANÇOU"
"PA";150030;"Afuá";27,7777777777778;9;18;50;"Não";22,2;"NÃO ALCANÇOU"
"PA";150034;"Água Azul do Norte";42,8571428571429;1;3;33,3333333333333;"Sim";-9,5;"ALCANÇOU"
"PA";150040;"Alenquer";141,666666666667;22;21;104,761904761905;"Sim";-36,9;"ALCANÇOU"
"PA";150050;"Almeirim";0;3;9;33,3333333333333;"Não";33,3;"NÃO ALCANÇOU"
"PA";150060;"Altamira";23,0769230769231;11;23;47,8260869565217;"Não";24,7;"NÃO ALCANÇOU"
"PA";150070;"Anajás";12,9032258064516;8;23;34,7826086956522;"Não";21,9;"NÃO ALCANÇOU"
"PA";150080;"Ananindeua";53,5294117647059;115;215;53,4883720930233;"Não";-0,04;"NÃO ALCANÇOU"
"PA";150085;"Anapu";19,3548387096774;0;19;0;"Sim";-19,4;"ALCANÇOU"
"PA";150090;"Augusto Corrêa";31,5789473684211;3;34;8,82352941176471;"Sim";-22,8;"ALCANÇOU"
"PA";150095;"Aurora do Pará";0;1;1;100;"Não";100;"NÃO ALCANÇOU"
"PA";150100;"Aveiro";0;4;11;36,3636363636364;"Não";36,4;"NÃO ALCANÇOU"
"PA";150110;"Bagre";100;6;9;66,6666666666667;"Sim";-33,3;"ALCANÇOU"
"PA";150120;"Baião";6,25;7;22;31,8181818181818;"Não";25,6;"NÃO ALCANÇOU"
"PA";150125;"Bannach";0;0;0;0;"Sim";0;"ALCANÇOU"
"PA";150130;"Barcarena";35,8024691358025;30;76;39,4736842105263;"Não";3,7;"NÃO ALCANÇOU"
"PA";150140;"Belém";48,0392156862745;423;852;49,6478873239437;"Não";1,6;"NÃO ALCANÇOU"
"PA";150145;"Belterra";0;1;4;25;"Não";25;"NÃO ALCANÇOU"
"PA";150150;"Benevides";33,3333333333333;16;38;42,1052631578947;"Não";8,8;"NÃO ALCANÇOU"
"PA";150157;"Bom Jesus do Tocantins";200;0;3;0;"Sim";-200;"ALCANÇOU"
"PA";150160;"Bonito";0;0;1;0;"Sim";0;"ALCANÇOU"
"PA";150170;"Bragança";138,095238095238;27;40;67,5;"Sim";-70,6;"ALCANÇOU"
"PA";150172;"Brasil Novo";8,33333333333333;0;13;0;"Sim";-8,3;"ALCANÇOU"
"PA";150175;"Brejo Grande do Araguaia";0;1;2;50;"Não";50;"NÃO ALCANÇOU"
"PA";150178;"Breu Branco";11,1111111111111;2;29;6,89655172413793;"Sim";-4,2;"ALCANÇOU"
"PA";150180;"Breves";33,6842105263158;38;102;37,2549019607843;"Não";3,6;"NÃO ALCANÇOU"
"PA";150190;"Bujaru";69,2307692307692;6;18;33,3333333333333;"Sim";-35,9;"ALCANÇOU"
"PA";150195;"Cachoeira do Piriá";0;0;2;0;"Sim";0;"ALCANÇOU"
"PA";150200;"Cachoeira do Arari";0;2;2;100;"Não";100;"NÃO ALCANÇOU"
"PA";150210;"Cametá";14,7058823529412;13;28;46,4285714285714;"Não";31,7;"NÃO ALCANÇOU"
"PA";150215;"Canaã dos Carajás";7,54716981132075;8;80;10;"Não";2,5;"NÃO ALCANÇOU"
"PA";150220;"Capanema";8,33333333333333;2;21;9,52380952380952;"Não";1,2;"NÃO ALCANÇOU"
"PA";150230;"Capitão Poço";56,25;7;21;33,3333333333333;"Sim";-22,9;"ALCANÇOU"
"PA";150240;"Castanhal";14,7727272727273;16;82;19,5121951219512;"Não";4,7;"NÃO ALCANÇOU"
"PA";150250;"Chaves";20;2;6;33,3333333333333;"Não";13,3;"NÃO ALCANÇOU"
"PA";150260;"Colares";0;2;8;25;"Não";25;"NÃO ALCANÇOU"
"PA";150270;"Conceição do Araguaia";33,3333333333333;3;16;18,75;"Sim";-14,6;"ALCANÇOU"
"PA";150275;"Concórdia do Pará";33,3333333333333;6;13;46,1538461538462;"Não";12,8;"NÃO ALCANÇOU"
"PA";150276;"Cumaru do Norte";66,6666666666667;3;2;150;"Não";83,3;"NÃO ALCANÇOU"
"PA";150277;"Curionópolis";7,69230769230769;2;13;15,3846153846154;"Não";7,7;"NÃO ALCANÇOU"
"PA";150280;"Curralinho";5;3;15;20;"Não";15;"NÃO ALCANÇOU"
"PA";150285;"Curuá";125;6;21;28,5714285714286;"Sim";-96,4;"ALCANÇOU"
"PA";150290;"Curuçá";60;6;10;60;"Não";0;"NÃO ALCANÇOU"
"PA";150293;"Dom Eliseu";7,14285714285714;3;8;37,5;"Não";30,4;"NÃO ALCANÇOU"
"PA";150295;"Eldorado do Carajás";36,3636363636364;7;21;33,3333333333333;"Sim";-3;"ALCANÇOU"
"PA";150300;"Faro";0;0;2;0;"Sim";0;"ALCANÇOU"
"PA";150304;"Floresta do Araguaia";28,5714285714286;2;8;25;"Sim";-3,6;"ALCANÇOU"
"PA";150307;"Garrafão do Norte";40;5;14;35,7142857142857;"Sim";-4,3;"ALCANÇOU"
"PA";150309;"Goianésia do Pará";35,7142857142857;6;21;28,5714285714286;"Sim";-7,1;"ALCANÇOU"
"PA";150310;"Gurupá";0;1;2;50;"Não";50;"NÃO ALCANÇOU"
"PA";150320;"Igarapé-Açu";14,2857142857143;2;8;25;"Não";10,7;"NÃO ALCANÇOU"
"PA";150330;"Igarapé-Miri";28,5714285714286;5;15;33,3333333333333;"Não";4,8;"NÃO ALCANÇOU"
"PA";150340;"Inhangapi";0;1;4;25;"Não";25;"NÃO ALCANÇOU"
"PA";150345;"Ipixuna do Pará";23,5294117647059;5;14;35,7142857142857;"Não";12,2;"NÃO ALCANÇOU"
"PA";150350;"Irituia";60;1;6;16,6666666666667;"Sim";-43,3;"ALCANÇOU"
"PA";150360;"Itaituba";17,4603174603175;35;66;53,030303030303;"Não";35,6;"NÃO ALCANÇOU"
"PA";150370;"Itupiranga";5,55555555555556;4;18;22,2222222222222;"Não";16,7;"NÃO ALCANÇOU"
"PA";150375;"Jacareacanga";0;0;6;0;"Sim";0;"ALCANÇOU"
"PA";150380;"Jacundá";13,3333333333333;3;9;33,3333333333333;"Não";20;"NÃO ALCANÇOU"
"PA";150390;"Juruti";17,2413793103448;3;15;20;"Não";2,8;"NÃO ALCANÇOU"
"PA";150400;"Limoeiro do Ajuru";22,2222222222222;3;5;60;"Não";37,8;"NÃO ALCANÇOU"
"PA";150405;"Mãe do Rio";14,2857142857143;5;13;38,4615384615385;"Não";24,2;"NÃO ALCANÇOU"
"PA";150410;"Magalhães Barata";60;1;2;50;"Sim";-10;"ALCANÇOU"
"PA";150420;"Marabá";21,656050955414;33;140;23,5714285714286;"Não";1,9;"NÃO ALCANÇOU"
"PA";150430;"Maracanã";0;1;3;33,3333333333333;"Não";33,3;"NÃO ALCANÇOU"
"PA";150440;"Marapanim";0;2;1;200;"Não";200;"NÃO ALCANÇOU"
"PA";150442;"Marituba";35,7142857142857;25;79;31,6455696202532;"Sim";-4,1;"ALCANÇOU"
"PA";150445;"Medicilândia";20;4;17;23,5294117647059;"Não";3,5;"NÃO ALCANÇOU"
"PA";150450;"Melgaço";60;4;6;66,6666666666667;"Não";6,7;"NÃO ALCANÇOU"
"PA";150460;"Mocajuba";20;2;13;15,3846153846154;"Sim";-4,6;"ALCANÇOU"
"PA";150470;"Moju";20;5;48;10,4166666666667;"Sim";-9,6;"ALCANÇOU"
"PA";150475;"Mojuí dos Campos";0;4;2;200;"Não";200;"NÃO ALCANÇOU"
"PA";150480;"Monte Alegre";28,5714285714286;1;8;12,5;"Sim";-16,1;"ALCANÇOU"
"PA";150490;"Muaná";230;10;13;76,9230769230769;"Sim";-153,1;"ALCANÇOU"
"PA";150495;"Nova Esperança do Piriá";9,09090909090909;6;15;40;"Não";30,9;"NÃO ALCANÇOU"
"PA";150497;"Nova Ipixuna";33,3333333333333;2;4;50;"Não";16,7;"NÃO ALCANÇOU"
"PA";150500;"Nova Timboteua";0;0;1;0;"Sim";0;"ALCANÇOU"
"PA";150503;"Novo Progresso";0;2;26;7,69230769230769;"Não";7,7;"NÃO ALCANÇOU"
"PA";150506;"Novo Repartimento";52,3809523809524;11;46;23,9130434782609;"Sim";-28,5;"ALCANÇOU"
"PA";150510;"Óbidos";37,5;14;18;77,7777777777778;"Não";40,3;"NÃO ALCANÇOU"
"PA";150520;"Oeiras do Pará";27,2727272727273;13;24;54,1666666666667;"Não";26,9;"NÃO ALCANÇOU"
"PA";150530;"Oriximiná";54,5454545454545;10;29;34,4827586206897;"Sim";-20,1;"ALCANÇOU"
"PA";150540;"Ourém";150;2;4;50;"Sim";-100;"ALCANÇOU"
"PA";150543;"Ourilândia do Norte";23,5294117647059;7;7;100;"Não";76,5;"NÃO ALCANÇOU"
"PA";150548;"Pacajá";7,14285714285714;1;19;5,26315789473684;"Sim";-1,9;"ALCANÇOU"
"PA";150549;"Palestina do Pará";0;0;1;0;"Sim";0;"ALCANÇOU"
"PA";150550;"Paragominas";18,8679245283019;13;46;28,2608695652174;"Não";9,4;"NÃO ALCANÇOU"
"PA";150553;"Parauapebas";20,7446808510638;46;204;22,5490196078431;"Não";1,8;"NÃO ALCANÇOU"
"PA";150555;"Pau D'Arco";0;1;7;14,2857142857143;"Não";14,3;"NÃO ALCANÇOU"
"PA";150560;"Peixe-Boi";0;0;0;0;"Sim";0;"ALCANÇOU"
"PA";150563;"Piçarra";0;2;1;200;"Não";200;"NÃO ALCANÇOU"
"PA";150565;"Placas";0;2;3;66,6666666666667;"Não";66,7;"NÃO ALCANÇOU"
"PA";150570;"Ponta de Pedras";75;2;7;28,5714285714286;"Sim";-46,4;"ALCANÇOU"
"PA";150580;"Portel";1,72413793103448;6;53;11,3207547169811;"Não";9,6;"NÃO ALCANÇOU"
"PA";150590;"Porto de Moz";50;2;1;200;"Não";150;"NÃO ALCANÇOU"
"PA";150600;"Prainha";12,5;0;11;0;"Sim";-12,5;"ALCANÇOU"
"PA";150610;"Primavera";0;1;2;50;"Não";50;"NÃO ALCANÇOU"
"PA";150611;"Quatipuru";0;0;8;0;"Sim";0;"ALCANÇOU"
"PA";150613;"Redenção";36,9565217391304;26;67;38,8059701492537;"Não";1,8;"NÃO ALCANÇOU"
"PA";150616;"Rio Maria";0;0;2;0;"Sim";0;"ALCANÇOU"
"PA";150618;"Rondon do Pará";0;0;6;0;"Sim";0;"ALCANÇOU"
"PA";150619;"Rurópolis";23,0769230769231;7;16;43,75;"Não";20,7;"NÃO ALCANÇOU"
"PA";150620;"Salinópolis";5,26315789473684;5;11;45,4545454545455;"Não";40,2;"NÃO ALCANÇOU"
"PA";150630;"Salvaterra";18,75;3;11;27,2727272727273;"Não";8,5;"NÃO ALCANÇOU"
"PA";150635;"Santa Bárbara do Pará";66,6666666666667;5;10;50;"Sim";-16,7;"ALCANÇOU"
"PA";150640;"Santa Cruz do Arari";0;1;1;100;"Não";100;"NÃO ALCANÇOU"
"PA";150650;"Santa Izabel do Pará";48,0769230769231;19;34;55,8823529411765;"Não";7,8;"NÃO ALCANÇOU"
"PA";150655;"Santa Luzia do Pará";20;2;8;25;"Não";5;"NÃO ALCANÇOU"
"PA";150658;"Santa Maria das Barreiras";0;0;1;0;"Sim";0;"ALCANÇOU"
"PA";150660;"Santa Maria do Pará";28,5714285714286;3;8;37,5;"Não";8,9;"NÃO ALCANÇOU"
"PA";150670;"Santana do Araguaia";28,5714285714286;3;15;20;"Sim";-8,6;"ALCANÇOU"
"PA";150680;"Santarém";78,0487804878049;69;81;85,1851851851852;"Não";7,1;"NÃO ALCANÇOU"
"PA";150690;"Santarém Novo";0;0;4;0;"Sim";0;"ALCANÇOU"
"PA";150700;"Santo Antônio do Tauá";75;7;11;63,6363636363636;"Sim";-11,4;"ALCANÇOU"
"PA";150710;"São Caetano de Odivelas";55,5555555555556;2;8;25;"Sim";-30,6;"ALCANÇOU"
"PA";150715;"São Domingos do Araguaia";0;2;3;66,6666666666667;"Não";66,7;"NÃO ALCANÇOU"
"PA";150720;"São Domingos do Capim";50;9;11;81,8181818181818;"Não";31,8;"NÃO ALCANÇOU"
"PA";150730;"São Félix do Xingu";11,7647058823529;15;52;28,8461538461538;"Não";17,1;"NÃO ALCANÇOU"
"PA";150740;"São Francisco do Pará";25;4;5;80;"Não";55;"NÃO ALCANÇOU"
"PA";150745;"São Geraldo do Araguaia";50;1;5;20;"Sim";-30;"ALCANÇOU"
"PA";150746;"São João da Ponta";0;0;2;0;"Sim";0;"ALCANÇOU"
"PA";150747;"São João de Pirabas";36,3636363636364;1;1;100;"Não";63,6;"NÃO ALCANÇOU"
"PA";150750;"São João do Araguaia";16,6666666666667;2;6;33,3333333333333;"Não";16,7;"NÃO ALCANÇOU"
"PA";150760;"São Miguel do Guamá";39,1304347826087;18;43;41,8604651162791;"Não";2,7;"NÃO ALCANÇOU"
"PA";150770;"São Sebastião da Boa Vista";0;4;5;80;"Não";80;"NÃO ALCANÇOU"
"PA";150775;"Sapucaia";0;0;0;0;"Sim";0;"ALCANÇOU"
"PA";150780;"Senador José Porfírio";25;1;4;25;"Não";0;"NÃO ALCANÇOU"
"PA";150790;"Soure";0;1;2;50;"Não";50;"NÃO ALCANÇOU"
"PA";150795;"Tailândia";10,1449275362319;20;70;28,5714285714286;"Não";18,4;"NÃO ALCANÇOU"
"PA";150796;"Terra Alta";0;0;0;0;"Sim";0;"ALCANÇOU"
"PA";150797;"Terra Santa";25;2;16;12,5;"Sim";-12,5;"ALCANÇOU"
"PA";150800;"Tomé-Açu";23,5294117647059;2;20;10;"Sim";-13,5;"ALCANÇOU"
"PA";150803;"Tracuateua";0;2;4;50;"Não";50;"NÃO ALCANÇOU"
"PA";150805;"Trairão";50;1;2;50;"Não";0;"NÃO ALCANÇOU"
"PA";150808;"Tucumã";25,8064516129032;9;41;21,9512195121951;"Sim";-3,9;"ALCANÇOU"
"PA";150810;"Tucuruí";13,5135135135135;13;61;21,3114754098361;"Não";7,8;"NÃO ALCANÇOU"
"PA";150812;"Ulianópolis";40;3;9;33,3333333333333;"Sim";-6,7;"ALCANÇOU"
"PA";150815;"Uruará";11,7647058823529;3;5;60;"Não";48,2;"NÃO ALCANÇOU"
"PA";150820;"Vigia";85,7142857142857;9;15;60;"Sim";-25,7;"ALCANÇOU"
"PA";150830;"Viseu";300;6;9;66,6666666666667;"Sim";-233,3;"ALCANÇOU"
"PA";150835;"Vitória do Xingu";11,1111111111111;0;8;0;"Sim";-11,1;"ALCANÇOU"
"PA";150840;"Xinguara";47,0588235294118;5;19;26,3157894736842;"Sim";-20,7;"ALCANÇOU"
"AP";160005;"Serra do Navio";0;0;0;0;"Sim";0;"ALCANÇOU"
"AP";160010;"Amapá";14,2857142857143;1;1;100;"Não";85,7;"NÃO ALCANÇOU"
"AP";160015;"Pedra Branca do Amapari";0;0;5;0;"Sim";0;"ALCANÇOU"
"AP";160020;"Calçoene";166,666666666667;2;6;33,3333333333333;"Sim";-133,3;"ALCANÇOU"
"AP";160021;"Cutias";100;1;2;50;"Sim";-50;"ALCANÇOU"
"AP";160023;"Ferreira Gomes";0;0;2;0;"Sim";0;"ALCANÇOU"
"AP";160025;"Itaubal";0;1;2;50;"Não";50;"NÃO ALCANÇOU"
"AP";160027;"Laranjal do Jari";0;1;17;5,88235294117647;"Não";5,9;"NÃO ALCANÇOU"
"AP";160030;"Macapá";28,8359788359788;160;370;43,2432432432432;"Não";14,4;"NÃO ALCANÇOU"
"AP";160040;"Mazagão";80;1;6;16,6666666666667;"Sim";-63,3;"ALCANÇOU"
"AP";160050;"Oiapoque";7,14285714285714;4;12;33,3333333333333;"Não";26,2;"NÃO ALCANÇOU"
"AP";160053;"Porto Grande";50;3;3;100;"Não";50;"NÃO ALCANÇOU"
"AP";160055;"Pracuúba";0;0;0;0;"Sim";0;"ALCANÇOU"
"AP";160060;"Santana";23,3766233766234;17;81;20,9876543209877;"Sim";-2,4;"ALCANÇOU"
"AP";160070;"Tartarugalzinho";30;1;6;16,6666666666667;"Sim";-13,3;"ALCANÇOU"
"AP";160080;"Vitória do Jari";0;0;3;0;"Sim";0;"ALCANÇOU"
"TO";170025;"Abreulândia";0;0;0;0;"Sim";0;"ALCANÇOU"
"TO";170030;"Aguiarnópolis";0;1;0;0;"Sim";0;"ALCANÇOU"
"TO";170035;"Aliança do Tocantins";0;0;2;0;"Sim";0;"ALCANÇOU"
"TO";170040;"Almas";0;0;1;0;"Sim";0;"ALCANÇOU"
"TO";170070;"Alvorada";0;4;2;200;"Não";200;"NÃO ALCANÇOU"
"TO";170100;"Ananás";33,3333333333333;5;7;71,4285714285714;"Não";38,1;"NÃO ALCANÇOU"
"TO";170105;"Angico";0;0;0;0;"Sim";0;"ALCANÇOU"
"TO";170110;"Aparecida do Rio Negro";0;1;0;0;"Sim";0;"ALCANÇOU"
"TO";170130;"Aragominas";0;1;2;50;"Não";50;"NÃO ALCANÇOU"
"TO";170190;"Araguacema";0;1;2;50;"Não";50;"NÃO ALCANÇOU"
"TO";170200;"Araguaçu";0;2;0;0;"Sim";0;"ALCANÇOU"
"TO";170210;"Araguaína";34,1085271317829;52;118;44,0677966101695;"Não";10;"NÃO ALCANÇOU"
"TO";170215;"Araguanã";0;0;1;0;"Sim";0;"ALCANÇOU"
"TO";170220;"Araguatins";55;9;21;42,8571428571429;"Sim";-12,1;"ALCANÇOU"
"TO";170230;"Arapoema";25;2;1;200;"Não";175;"NÃO ALCANÇOU"
"TO";170240;"Arraias";30;0;5;0;"Sim";-30;"ALCANÇOU"
"TO";170255;"Augustinópolis";18,1818181818182;4;15;26,6666666666667;"Não";8,5;"NÃO ALCANÇOU"
"TO";170270;"Aurora do Tocantins";0;0;1;0;"Sim";0;"ALCANÇOU"
"TO";170290;"Axixá do Tocantins";100;4;4;100;"Não";0;"NÃO ALCANÇOU"
"TO";170300;"Babaçulândia";0;4;3;133,333333333333;"Não";133,3;"NÃO ALCANÇOU"
"TO";170305;"Bandeirantes do Tocantins";0;0;1;0;"Sim";0;"ALCANÇOU"
"TO";170307;"Barra do Ouro";100;3;3;100;"Não";0;"NÃO ALCANÇOU"
"TO";170310;"Barrolândia";0;0;2;0;"Sim";0;"ALCANÇOU"
"TO";170320;"Bernardo Sayão";0;0;0;0;"Sim";0;"ALCANÇOU"
"TO";170330;"Bom Jesus do Tocantins";0;1;3;33,3333333333333;"Não";33,3;"NÃO ALCANÇOU"
"TO";170360;"Brasilândia do Tocantins";0;0;1;0;"Sim";0;"ALCANÇOU"
"TO";170370;"Brejinho de Nazaré";75;2;2;100;"Não";25;"NÃO ALCANÇOU"
"TO";170380;"Buriti do Tocantins";0;0;3;0;"Sim";0;"ALCANÇOU"
"TO";170382;"Cachoeirinha";0;0;1;0;"Sim";0;"ALCANÇOU"
"TO";170384;"Campos Lindos";0;0;5;0;"Sim";0;"ALCANÇOU"
"TO";170386;"Cariri do Tocantins";0;0;0;0;"Sim";0;"ALCANÇOU"
"TO";170388;"Carmolândia";0;0;0;0;"Sim";0;"ALCANÇOU"
"TO";170389;"Carrasco Bonito";0;1;2;50;"Não";50;"NÃO ALCANÇOU"
"TO";170390;"Caseara";100;1;1;100;"Não";0;"NÃO ALCANÇOU"
"TO";170410;"Centenário";0;0;1;0;"Sim";0;"ALCANÇOU"
"TO";170460;"Chapada de Areia";0;1;1;100;"Não";100;"NÃO ALCANÇOU"
"TO";170510;"Chapada da Natividade";0;0;0;0;"Sim";0;"ALCANÇOU"
"TO";170550;"Colinas do Tocantins";35,2941176470588;9;24;37,5;"Não";2,2;"NÃO ALCANÇOU"
"TO";170555;"Combinado";0;0;0;0;"Sim";0;"ALCANÇOU"
"TO";170560;"Conceição do Tocantins";0;0;1;0;"Sim";0;"ALCANÇOU"
"TO";170600;"Couto Magalhães";0;0;0;0;"Sim";0;"ALCANÇOU"
"TO";170610;"Cristalândia";0;0;3;0;"Sim";0;"ALCANÇOU"
"TO";170625;"Crixás do Tocantins";0;0;0;0;"Sim";0;"ALCANÇOU"
"TO";170650;"Darcinópolis";0;5;2;250;"Não";250;"NÃO ALCANÇOU"
"TO";170700;"Dianópolis";33,3333333333333;5;5;100;"Não";66,7;"NÃO ALCANÇOU"
"TO";170710;"Divinópolis do Tocantins";100;1;3;33,3333333333333;"Sim";-66,7;"ALCANÇOU"
"TO";170720;"Dois Irmãos do Tocantins";25;0;2;0;"Sim";-25;"ALCANÇOU"
"TO";170730;"Dueré";200;6;8;75;"Sim";-125;"ALCANÇOU"
"TO";170740;"Esperantina";0;3;2;150;"Não";150;"NÃO ALCANÇOU"
"TO";170755;"Fátima";0;2;3;66,6666666666667;"Não";66,7;"NÃO ALCANÇOU"
"TO";170765;"Figueirópolis";0;3;1;300;"Não";300;"NÃO ALCANÇOU"
"TO";170770;"Filadélfia";0;2;0;0;"Sim";0;"ALCANÇOU"
"TO";170820;"Formoso do Araguaia";80;6;8;75;"Sim";-5;"ALCANÇOU"
"TO";170825;"Fortaleza do Tabocão";0;1;0;0;"Sim";0;"ALCANÇOU"
"TO";170830;"Goianorte";0;0;1;0;"Sim";0;"ALCANÇOU"
"TO";170900;"Goiatins";30;3;3;100;"Não";70;"NÃO ALCANÇOU"
"TO";170930;"Guaraí";50;7;9;77,7777777777778;"Não";27,8;"NÃO ALCANÇOU"
"TO";170950;"Gurupi";96,1538461538462;32;25;128;"Não";31,8;"NÃO ALCANÇOU"
"TO";170980;"Ipueiras";0;0;0;0;"Sim";0;"ALCANÇOU"
"TO";171050;"Itacajá";100;1;3;33,3333333333333;"Sim";-66,7;"ALCANÇOU"
"TO";171070;"Itaguatins";0;1;0;0;"Sim";0;"ALCANÇOU"
"TO";171090;"Itapiratins";100;0;1;0;"Sim";-100;"ALCANÇOU"
"TO";171110;"Itaporã do Tocantins";0;0;0;0;"Sim";0;"ALCANÇOU"
"TO";171150;"Jaú do Tocantins";0;0;0;0;"Sim";0;"ALCANÇOU"
"TO";171180;"Juarina";0;1;1;100;"Não";100;"NÃO ALCANÇOU"
"TO";171190;"Lagoa da Confusão";15,3846153846154;5;18;27,7777777777778;"Não";12,4;"NÃO ALCANÇOU"
"TO";171195;"Lagoa do Tocantins";0;2;1;200;"Não";200;"NÃO ALCANÇOU"
"TO";171200;"Lajeado";166,666666666667;0;1;0;"Sim";-166,7;"ALCANÇOU"
"TO";171215;"Lavandeira";0;0;0;0;"Sim";0;"ALCANÇOU"
"TO";171240;"Lizarda";0;2;0;0;"Sim";0;"ALCANÇOU"
"TO";171245;"Luzinópolis";0;0;0;0;"Sim";0;"ALCANÇOU"
"TO";171250;"Marianópolis do Tocantins";0;0;1;0;"Sim";0;"ALCANÇOU"
"TO";171270;"Mateiros";0;0;2;0;"Sim";0;"ALCANÇOU"
"TO";171280;"Maurilândia do Tocantins";0;0;0;0;"Sim";0;"ALCANÇOU"
"TO";171320;"Miracema do Tocantins";75;5;18;27,7777777777778;"Sim";-47,2;"ALCANÇOU"
"TO";171330;"Miranorte";41,6666666666667;2;7;28,5714285714286;"Sim";-13,1;"ALCANÇOU"
"TO";171360;"Monte do Carmo";0;2;0;0;"Sim";0;"ALCANÇOU"
"TO";171370;"Monte Santo do Tocantins";0;0;2;0;"Sim";0;"ALCANÇOU"
"TO";171380;"Palmeiras do Tocantins";0;0;2;0;"Sim";0;"ALCANÇOU"
"TO";171395;"Muricilândia";0;1;0;0;"Sim";0;"ALCANÇOU"
"TO";171420;"Natividade";0;1;3;33,3333333333333;"Não";33,3;"NÃO ALCANÇOU"
"TO";171430;"Nazaré";0;1;2;50;"Não";50;"NÃO ALCANÇOU"
"TO";171488;"Nova Olinda";60;2;6;33,3333333333333;"Sim";-26,7;"ALCANÇOU"
"TO";171500;"Nova Rosalândia";50;1;1;100;"Não";50;"NÃO ALCANÇOU"
"TO";171510;"Novo Acordo";0;3;3;100;"Não";100;"NÃO ALCANÇOU"
"TO";171515;"Novo Alegre";0;0;0;0;"Sim";0;"ALCANÇOU"
"TO";171525;"Novo Jardim";0;0;0;0;"Sim";0;"ALCANÇOU"
"TO";171550;"Oliveira de Fátima";0;0;1;0;"Sim";0;"ALCANÇOU"
"TO";171570;"Palmeirante";0;0;0;0;"Sim";0;"ALCANÇOU"
"TO";171575;"Palmeirópolis";66,6666666666667;2;1;200;"Não";133,3;"NÃO ALCANÇOU"
"TO";171610;"Paraíso do Tocantins";18,1818181818182;11;28;39,2857142857143;"Não";21,1;"NÃO ALCANÇOU"
"TO";171620;"Paranã";0;2;0;0;"Sim";0;"ALCANÇOU"
"TO";171630;"Pau D'Arco";0;1;0;0;"Sim";0;"ALCANÇOU"
"TO";171650;"Pedro Afonso";83,3333333333333;7;8;87,5;"Não";4,2;"NÃO ALCANÇOU"
"TO";171660;"Peixe";25;3;2;150;"Não";125;"NÃO ALCANÇOU"
"TO";171665;"Pequizeiro";0;2;2;100;"Não";100;"NÃO ALCANÇOU"
"TO";171670;"Colméia";0;5;2;250;"Não";250;"NÃO ALCANÇOU"
"TO";171700;"Pindorama do Tocantins";33,3333333333333;0;1;0;"Sim";-33,3;"ALCANÇOU"
"TO";171720;"Piraquê";0;1;1;100;"Não";100;"NÃO ALCANÇOU"
"TO";171750;"Pium";20;0;7;0;"Sim";-20;"ALCANÇOU"
"TO";171780;"Ponte Alta do Bom Jesus";0;1;1;100;"Não";100;"NÃO ALCANÇOU"
"TO";171790;"Ponte Alta do Tocantins";0;0;1;0;"Sim";0;"ALCANÇOU"
"TO";171800;"Porto Alegre do Tocantins";0;1;2;50;"Não";50;"NÃO ALCANÇOU"
"TO";171820;"Porto Nacional";34,1463414634146;12;50;24;"Sim";-10,1;"ALCANÇOU"
"TO";171830;"Praia Norte";0;2;1;200;"Não";200;"NÃO ALCANÇOU"
"TO";171840;"Presidente Kennedy";0;0;0;0;"Sim";0;"ALCANÇOU"
"TO";171845;"Pugmil";0;0;0;0;"Sim";0;"ALCANÇOU"
"TO";171850;"Recursolândia";0;0;1;0;"Sim";0;"ALCANÇOU"
"TO";171855;"Riachinho";0;1;1;100;"Não";100;"NÃO ALCANÇOU"
"TO";171865;"Rio da Conceição";0;0;1;0;"Sim";0;"ALCANÇOU"
"TO";171870;"Rio dos Bois";0;1;2;50;"Não";50;"NÃO ALCANÇOU"
"TO";171875;"Rio Sono";300;3;1;300;"Não";0;"NÃO ALCANÇOU"
"TO";171880;"Sampaio";80;6;10;60;"Sim";-20;"ALCANÇOU"
"TO";171884;"Sandolândia";0;1;0;0;"Sim";0;"ALCANÇOU"
"TO";171886;"Santa Fé do Araguaia";33,3333333333333;2;4;50;"Não";16,7;"NÃO ALCANÇOU"
"TO";171888;"Santa Maria do Tocantins";0;0;0;0;"Sim";0;"ALCANÇOU"
"TO";171889;"Santa Rita do Tocantins";0;0;1;0;"Sim";0;"ALCANÇOU"
"TO";171890;"Santa Rosa do Tocantins";50;4;5;80;"Não";30;"NÃO ALCANÇOU"
"TO";171900;"Santa Tereza do Tocantins";0;3;3;100;"Não";100;"NÃO ALCANÇOU"
"TO";172000;"Santa Terezinha do Tocantins";0;0;2;0;"Sim";0;"ALCANÇOU"
"TO";172010;"São Bento do Tocantins";0;1;2;50;"Não";50;"NÃO ALCANÇOU"
"TO";172015;"São Félix do Tocantins";0;1;2;50;"Não";50;"NÃO ALCANÇOU"
"TO";172020;"São Miguel do Tocantins";28,5714285714286;7;13;53,8461538461538;"Não";25,3;"NÃO ALCANÇOU"
"TO";172025;"São Salvador do Tocantins";0;0;0;0;"Sim";0;"ALCANÇOU"
"TO";172030;"São Sebastião do Tocantins";0;2;2;100;"Não";100;"NÃO ALCANÇOU"
"TO";172049;"São Valério";0;3;1;300;"Não";300;"NÃO ALCANÇOU"
"TO";172065;"Silvanópolis";40;0;1;0;"Sim";-40;"ALCANÇOU"
"TO";172080;"Sítio Novo do Tocantins";0;0;1;0;"Sim";0;"ALCANÇOU"
"TO";172085;"Sucupira";0;1;1;100;"Não";100;"NÃO ALCANÇOU"
"TO";172090;"Taguatinga";0;1;4;25;"Não";25;"NÃO ALCANÇOU"
"TO";172093;"Taipas do Tocantins";0;0;0;0;"Sim";0;"ALCANÇOU"
"TO";172097;"Talismã";0;0;1;0;"Sim";0;"ALCANÇOU"
"TO";172100;"Palmas";63,3744855967078;105;285;36,8421052631579;"Sim";-26,5;"ALCANÇOU"
"TO";172110;"Tocantínia";0;3;7;42,8571428571429;"Não";42,9;"NÃO ALCANÇOU"
"TO";172120;"Tocantinópolis";0;2;8;25;"Não";25;"NÃO ALCANÇOU"
"TO";172125;"Tupirama";0;0;1;0;"Sim";0;"ALCANÇOU"
"TO";172130;"Tupiratins";0;0;0;0;"Sim";0;"ALCANÇOU"
"TO";172208;"Wanderlândia";0;0;0;0;"Sim";0;"ALCANÇOU"
"TO";172210;"Xambioá";80;2;1;200;"Não";120;"NÃO ALCANÇOU"
"MA";210005;"Açailândia";40;25;34;73,5294117647059;"Não";33,5;"NÃO ALCANÇOU"
"MA";210010;"Afonso Cunha";0;0;1;0;"Sim";0;"ALCANÇOU"
"MA";210015;"Água Doce do Maranhão";0;2;0;0;"Sim";0;"ALCANÇOU"
"MA";210020;"Alcântara";25;0;5;0;"Sim";-25;"ALCANÇOU"
"MA";210030;"Aldeias Altas";100;2;7;28,5714285714286;"Sim";-71,4;"ALCANÇOU"
"MA";210040;"Altamira do Maranhão";0;0;0;0;"Sim";0;"ALCANÇOU"
"MA";210043;"Alto Alegre do Maranhão";0;0;3;0;"Sim";0;"ALCANÇOU"
"MA";210047;"Alto Alegre do Pindaré";14,2857142857143;0;10;0;"Sim";-14,3;"ALCANÇOU"
"MA";210050;"Alto Parnaíba";14,2857142857143;5;7;71,4285714285714;"Não";57,1;"NÃO ALCANÇOU"
"MA";210055;"Amapá do Maranhão";0;1;2;50;"Não";50;"NÃO ALCANÇOU"
"MA";210060;"Amarante do Maranhão";28,5714285714286;8;15;53,3333333333333;"Não";24,8;"NÃO ALCANÇOU"
"MA";210070;"Anajatuba";0;0;2;0;"Sim";0;"ALCANÇOU"
"MA";210080;"Anapurus";50;2;4;50;"Não";0;"NÃO ALCANÇOU"
"MA";210083;"Apicum-Açu";0;0;1;0;"Sim";0;"ALCANÇOU"
"MA";210087;"Araguanã";0;0;2;0;"Sim";0;"ALCANÇOU"
"MA";210090;"Araioses";0;2;4;50;"Não";50;"NÃO ALCANÇOU"
"MA";210095;"Arame";22,2222222222222;6;5;120;"Não";97,8;"NÃO ALCANÇOU"
"MA";210100;"Arari";0;1;3;33,3333333333333;"Não";33,3;"NÃO ALCANÇOU"
"MA";210110;"Axixá";0;0;0;0;"Sim";0;"ALCANÇOU"
"MA";210120;"Bacabal";40;6;11;54,5454545454545;"Não";14,5;"NÃO ALCANÇOU"
"MA";210125;"Bacabeira";66,6666666666667;3;4;75;"Não";8,3;"NÃO ALCANÇOU"
"MA";210130;"Bacuri";0;0;1;0;"Sim";0;"ALCANÇOU"
"MA";210135;"Bacurituba";0;0;1;0;"Sim";0;"ALCANÇOU"
"MA";210140;"Balsas";28,8135593220339;39;74;52,7027027027027;"Não";23,9;"NÃO ALCANÇOU"
"MA";210150;"Barão de Grajaú";0;2;1;200;"Não";200;"NÃO ALCANÇOU"
"MA";210160;"Barra do Corda";17,5675675675676;8;33;24,2424242424242;"Não";6,7;"NÃO ALCANÇOU"
"MA";210170;"Barreirinhas";63,6363636363636;9;8;112,5;"Não";48,9;"NÃO ALCANÇOU"
"MA";210173;"Belágua";0;0;0;0;"Sim";0;"ALCANÇOU"
"MA";210177;"Bela Vista do Maranhão";0;1;4;25;"Não";25;"NÃO ALCANÇOU"
"MA";210180;"Benedito Leite";0;0;1;0;"Sim";0;"ALCANÇOU"
"MA";210190;"Bequimão";0;1;1;100;"Não";100;"NÃO ALCANÇOU"
"MA";210193;"Bernardo do Mearim";0;0;1;0;"Sim";0;"ALCANÇOU"
"MA";210197;"Boa Vista do Gurupi";0;3;2;150;"Não";150;"NÃO ALCANÇOU"
"MA";210200;"Bom Jardim";0;2;3;66,6666666666667;"Não";66,7;"NÃO ALCANÇOU"
"MA";210203;"Bom Jesus das Selvas";71,4285714285714;2;17;11,7647058823529;"Sim";-59,7;"ALCANÇOU"
"MA";210207;"Bom Lugar";0;0;0;0;"Sim";0;"ALCANÇOU"
"MA";210210;"Brejo";0;1;0;0;"Sim";0;"ALCANÇOU"
"MA";210215;"Brejo de Areia";0;1;2;50;"Não";50;"NÃO ALCANÇOU"
"MA";210220;"Buriti";0;0;3;0;"Sim";0;"ALCANÇOU"
"MA";210230;"Buriti Bravo";0;0;3;0;"Sim";0;"ALCANÇOU"
"MA";210232;"Buriticupu";16,1290322580645;11;32;34,375;"Não";18,2;"NÃO ALCANÇOU"
"MA";210235;"Buritirana";200;4;7;57,1428571428571;"Sim";-142,9;"ALCANÇOU"
"MA";210237;"Cachoeira Grande";50;0;1;0;"Sim";-50;"ALCANÇOU"
"MA";210240;"Cajapió";0;0;0;0;"Sim";0;"ALCANÇOU"
"MA";210250;"Cajari";25;1;3;33,3333333333333;"Não";8,3;"NÃO ALCANÇOU"
"MA";210255;"Campestre do Maranhão";0;2;4;50;"Não";50;"NÃO ALCANÇOU"
"MA";210260;"Cândido Mendes";25;0;2;0;"Sim";-25;"ALCANÇOU"
"MA";210270;"Cantanhede";50;0;4;0;"Sim";-50;"ALCANÇOU"
"MA";210275;"Capinzal do Norte";0;0;1;0;"Sim";0;"ALCANÇOU"
"MA";210280;"Carolina";60;5;5;100;"Não";40;"NÃO ALCANÇOU"
"MA";210290;"Carutapera";0;1;3;33,3333333333333;"Não";33,3;"NÃO ALCANÇOU"
"MA";210300;"Caxias";21,4285714285714;11;47;23,4042553191489;"Não";2;"NÃO ALCANÇOU"
"MA";210310;"Cedral";0;0;2;0;"Sim";0;"ALCANÇOU"
"MA";210312;"Central do Maranhão";0;0;0;0;"Sim";0;"ALCANÇOU"
"MA";210315;"Centro do Guilherme";50;1;4;25;"Sim";-25;"ALCANÇOU"
"MA";210317;"Centro Novo do Maranhão";200;5;9;55,5555555555556;"Sim";-144,4;"ALCANÇOU"
"MA";210320;"Chapadinha";30,7692307692308;11;11;100;"Não";69,2;"NÃO ALCANÇOU"
"MA";210325;"Cidelândia";0;5;6;83,3333333333333;"Não";83,3;"NÃO ALCANÇOU"
"MA";210330;"Codó";15;10;39;25,6410256410256;"Não";10,6;"NÃO ALCANÇOU"
"MA";210340;"Coelho Neto";7,69230769230769;1;3;33,3333333333333;"Não";25,6;"NÃO ALCANÇOU"
"MA";210350;"Colinas";40;3;10;30;"Sim";-10;"ALCANÇOU"
"MA";210355;"Conceição do Lago-Açu";0;0;1;0;"Sim";0;"ALCANÇOU"
"MA";210360;"Coroatá";44,4444444444444;7;10;70;"Não";25,6;"NÃO ALCANÇOU"
"MA";210370;"Cururupu";0;6;10;60;"Não";60;"NÃO ALCANÇOU"
"MA";210375;"Davinópolis";50;10;13;76,9230769230769;"Não";26,9;"NÃO ALCANÇOU"
"MA";210380;"Dom Pedro";0;0;0;0;"Sim";0;"ALCANÇOU"
"MA";210390;"Duque Bacelar";0;0;3;0;"Sim";0;"ALCANÇOU"
"MA";210400;"Esperantinópolis";50;0;3;0;"Sim";-50;"ALCANÇOU"
"MA";210405;"Estreito";57,1428571428571;9;8;112,5;"Não";55,4;"NÃO ALCANÇOU"
"MA";210407;"Feira Nova do Maranhão";0;2;3;66,6666666666667;"Não";66,7;"NÃO ALCANÇOU"
"MA";210408;"Fernando Falcão";0;1;3;33,3333333333333;"Não";33,3;"NÃO ALCANÇOU"
"MA";210409;"Formosa da Serra Negra";0;4;6;66,6666666666667;"Não";66,7;"NÃO ALCANÇOU"
"MA";210410;"Fortaleza dos Nogueiras";25;4;3;133,333333333333;"Não";108,3;"NÃO ALCANÇOU"
"MA";210420;"Fortuna";0;0;4;0;"Sim";0;"ALCANÇOU"
"MA";210430;"Godofredo Viana";100;0;3;0;"Sim";-100;"ALCANÇOU"
"MA";210440;"Gonçalves Dias";0;0;0;0;"Sim";0;"ALCANÇOU"
"MA";210450;"Governador Archer";0;0;1;0;"Sim";0;"ALCANÇOU"
"MA";210455;"Governador Edison Lobão";40;5;12;41,6666666666667;"Não";1,7;"NÃO ALCANÇOU"
"MA";210460;"Governador Eugênio Barros";0;1;1;100;"Não";100;"NÃO ALCANÇOU"
"MA";210462;"Governador Luiz Rocha";0;0;1;0;"Sim";0;"ALCANÇOU"
"MA";210465;"Governador Newton Bello";0;0;2;0;"Sim";0;"ALCANÇOU"
"MA";210467;"Governador Nunes Freire";33,3333333333333;1;2;50;"Não";16,7;"NÃO ALCANÇOU"
"MA";210470;"Graça Aranha";0;0;0;0;"Sim";0;"ALCANÇOU"
"MA";210480;"Grajaú";7,69230769230769;4;29;13,7931034482759;"Não";6,1;"NÃO ALCANÇOU"
"MA";210490;"Guimarães";0;0;0;0;"Sim";0;"ALCANÇOU"
"MA";210500;"Humberto de Campos";40;2;2;100;"Não";60;"NÃO ALCANÇOU"
"MA";210510;"Icatu";0;0;1;0;"Sim";0;"ALCANÇOU"
"MA";210515;"Igarapé do Meio";0;0;2;0;"Sim";0;"ALCANÇOU"
"MA";210520;"Igarapé Grande";0;0;0;0;"Sim";0;"ALCANÇOU"
"MA";210530;"Imperatriz";69,3693693693694;119;159;74,8427672955975;"Não";5,5;"NÃO ALCANÇOU"
"MA";210535;"Itaipava do Grajaú";0;1;5;20;"Não";20;"NÃO ALCANÇOU"
"MA";210540;"Itapecuru Mirim";31,5789473684211;5;16;31,25;"Não";-0,33;"NÃO ALCANÇOU"
"MA";210542;"Itinga do Maranhão";10;4;5;80;"Não";70;"NÃO ALCANÇOU"
"MA";210545;"Jatobá";0;0;1;0;"Sim";0;"ALCANÇOU"
"MA";210547;"Jenipapo dos Vieiras";0;1;4;25;"Não";25;"NÃO ALCANÇOU"
"MA";210550;"João Lisboa";66,6666666666667;12;12;100;"Não";33,3;"NÃO ALCANÇOU"
"MA";210560;"Joselândia";0;0;2;0;"Sim";0;"ALCANÇOU"
"MA";210565;"Junco do Maranhão";0;0;0;0;"Sim";0;"ALCANÇOU"
"MA";210570;"Lago da Pedra";0;0;2;0;"Sim";0;"ALCANÇOU"
"MA";210580;"Lago do Junco";0;0;1;0;"Sim";0;"ALCANÇOU"
"MA";210590;"Lago Verde";0;1;1;100;"Não";100;"NÃO ALCANÇOU"
"MA";210592;"Lagoa do Mato";0;1;1;100;"Não";100;"NÃO ALCANÇOU"
"MA";210594;"Lago dos Rodrigues";0;0;0;0;"Sim";0;"ALCANÇOU"
"MA";210596;"Lagoa Grande do Maranhão";0;0;0;0;"Sim";0;"ALCANÇOU"
"MA";210598;"Lajeado Novo";50;2;6;33,3333333333333;"Sim";-16,7;"ALCANÇOU"
"MA";210600;"Lima Campos";0;0;1;0;"Sim";0;"ALCANÇOU"
"MA";210610;"Loreto";0;2;4;50;"Não";50;"NÃO ALCANÇOU"
"MA";210620;"Luís Domingues";0;0;0;0;"Sim";0;"ALCANÇOU"
"MA";210630;"Magalhães de Almeida";80;2;6;33,3333333333333;"Sim";-46,7;"ALCANÇOU"
"MA";210632;"Maracaçumé";40;3;14;21,4285714285714;"Sim";-18,6;"ALCANÇOU"
"MA";210635;"Marajá do Sena";0;0;3;0;"Sim";0;"ALCANÇOU"
"MA";210637;"Maranhãozinho";0;1;0;0;"Sim";0;"ALCANÇOU"
"MA";210640;"Mata Roma";0;0;1;0;"Sim";0;"ALCANÇOU"
"MA";210650;"Matinha";0;2;1;200;"Não";200;"NÃO ALCANÇOU"
"MA";210660;"Matões";57,1428571428571;3;11;27,2727272727273;"Sim";-29,9;"ALCANÇOU"
"MA";210663;"Matões do Norte";0;0;0;0;"Sim";0;"ALCANÇOU"
"MA";210667;"Milagres do Maranhão";0;0;0;0;"Sim";0;"ALCANÇOU"
"MA";210670;"Mirador";50;0;2;0;"Sim";-50;"ALCANÇOU"
"MA";210675;"Miranda do Norte";200;0;3;0;"Sim";-200;"ALCANÇOU"
"MA";210680;"Mirinzal";0;0;0;0;"Sim";0;"ALCANÇOU"
"MA";210690;"Monção";100;1;6;16,6666666666667;"Sim";-83,3;"ALCANÇOU"
"MA";210700;"Montes Altos";20;4;3;133,333333333333;"Não";113,3;"NÃO ALCANÇOU"
"MA";210710;"Morros";0;0;2;0;"Sim";0;"ALCANÇOU"
"MA";210720;"Nina Rodrigues";0;0;0;0;"Sim";0;"ALCANÇOU"
"MA";210725;"Nova Colinas";0;3;3;100;"Não";100;"NÃO ALCANÇOU"
"MA";210730;"Nova Iorque";0;0;0;0;"Sim";0;"ALCANÇOU"
"MA";210735;"Nova Olinda do Maranhão";0;0;0;0;"Sim";0;"ALCANÇOU"
"MA";210740;"Olho d'Água das Cunhãs";0;1;1;100;"Não";100;"NÃO ALCANÇOU"
"MA";210745;"Olinda Nova do Maranhão";0;0;1;0;"Sim";0;"ALCANÇOU"
"MA";210750;"Paço do Lumiar";22,4137931034483;11;46;23,9130434782609;"Não";1,5;"NÃO ALCANÇOU"
"MA";210760;"Palmeirândia";0;0;0;0;"Sim";0;"ALCANÇOU"
"MA";210770;"Paraibano";0;0;3;0;"Sim";0;"ALCANÇOU"
"MA";210780;"Parnarama";57,1428571428571;5;6;83,3333333333333;"Não";26,2;"NÃO ALCANÇOU"
"MA";210790;"Passagem Franca";0;1;1;100;"Não";100;"NÃO ALCANÇOU"
"MA";210800;"Pastos Bons";0;1;4;25;"Não";25;"NÃO ALCANÇOU"
"MA";210805;"Paulino Neves";0;1;4;25;"Não";25;"NÃO ALCANÇOU"
"MA";210810;"Paulo Ramos";0;1;5;20;"Não";20;"NÃO ALCANÇOU"
"MA";210820;"Pedreiras";25;0;4;0;"Sim";-25;"ALCANÇOU"
"MA";210825;"Pedro do Rosário";0;0;0;0;"Sim";0;"ALCANÇOU"
"MA";210830;"Penalva";25;1;8;12,5;"Sim";-12,5;"ALCANÇOU"
"MA";210840;"Peri Mirim";0;0;1;0;"Sim";0;"ALCANÇOU"
"MA";210845;"Peritoró";0;0;3;0;"Sim";0;"ALCANÇOU"
"MA";210850;"Pindaré-Mirim";8,33333333333333;1;3;33,3333333333333;"Não";25;"NÃO ALCANÇOU"
"MA";210860;"Pinheiro";8,10810810810811;8;17;47,0588235294118;"Não";39;"NÃO ALCANÇOU"
"MA";210870;"Pio XII";25;2;10;20;"Sim";-5;"ALCANÇOU"
"MA";210880;"Pirapemas";0;0;2;0;"Sim";0;"ALCANÇOU"
"MA";210890;"Poção de Pedras";0;0;2;0;"Sim";0;"ALCANÇOU"
"MA";210900;"Porto Franco";23,0769230769231;12;15;80;"Não";56,9;"NÃO ALCANÇOU"
"MA";210905;"Porto Rico do Maranhão";0;0;1;0;"Sim";0;"ALCANÇOU"
"MA";210910;"Presidente Dutra";120;6;5;120;"Não";0;"NÃO ALCANÇOU"
"MA";210920;"Presidente Juscelino";0;0;0;0;"Sim";0;"ALCANÇOU"
"MA";210923;"Presidente Médici";0;2;3;66,6666666666667;"Não";66,7;"NÃO ALCANÇOU"
"MA";210927;"Presidente Sarney";0;3;10;30;"Não";30;"NÃO ALCANÇOU"
"MA";210930;"Presidente Vargas";75;1;2;50;"Sim";-25;"ALCANÇOU"
"MA";210940;"Primeira Cruz";0;0;0;0;"Sim";0;"ALCANÇOU"
"MA";210945;"Raposa";83,3333333333333;1;5;20;"Sim";-63,3;"ALCANÇOU"
"MA";210950;"Riachão";0;2;4;50;"Não";50;"NÃO ALCANÇOU"
"MA";210955;"Ribamar Fiquene";100;2;2;100;"Não";0;"NÃO ALCANÇOU"
"MA";210960;"Rosário";15,3846153846154;4;8;50;"Não";34,6;"NÃO ALCANÇOU"
"MA";210970;"Sambaíba";0;0;4;0;"Sim";0;"ALCANÇOU"
"MA";210975;"Santa Filomena do Maranhão";0;0;0;0;"Sim";0;"ALCANÇOU"
"MA";210980;"Santa Helena";0;0;7;0;"Sim";0;"ALCANÇOU"
"MA";210990;"Santa Inês";0;0;15;0;"Sim";0;"ALCANÇOU"
"MA";211000;"Santa Luzia";3,44827586206897;2;17;11,7647058823529;"Não";8,3;"NÃO ALCANÇOU"
"MA";211003;"Santa Luzia do Paruá";66,6666666666667;1;6;16,6666666666667;"Sim";-50;"ALCANÇOU"
"MA";211010;"Santa Quitéria do Maranhão";50;2;5;40;"Sim";-10;"ALCANÇOU"
"MA";211020;"Santa Rita";0;2;1;200;"Não";200;"NÃO ALCANÇOU"
"MA";211023;"Santana do Maranhão";0;1;1;100;"Não";100;"NÃO ALCANÇOU"
"MA";211027;"Santo Amaro do Maranhão";0;1;1;100;"Não";100;"NÃO ALCANÇOU"
"MA";211030;"Santo Antônio dos Lopes";0;0;4;0;"Sim";0;"ALCANÇOU"
"MA";211040;"São Benedito do Rio Preto";0;0;1;0;"Sim";0;"ALCANÇOU"
"MA";211050;"São Bento";0;2;7;28,5714285714286;"Não";28,6;"NÃO ALCANÇOU"
"MA";211060;"São Bernardo";200;2;5;40;"Sim";-160;"ALCANÇOU"
"MA";211065;"São Domingos do Azeitão";0;0;1;0;"Sim";0;"ALCANÇOU"
"MA";211070;"São Domingos do Maranhão";0;3;2;150;"Não";150;"NÃO ALCANÇOU"
"MA";211080;"São Félix de Balsas";0;0;1;0;"Sim";0;"ALCANÇOU"
"MA";211085;"São Francisco do Brejão";0;2;4;50;"Não";50;"NÃO ALCANÇOU"
"MA";211090;"São Francisco do Maranhão";0;1;1;100;"Não";100;"NÃO ALCANÇOU"
"MA";211100;"São João Batista";0;0;2;0;"Sim";0;"ALCANÇOU"
"MA";211102;"São João do Carú";33,3333333333333;0;3;0;"Sim";-33,3;"ALCANÇOU"
"MA";211105;"São João do Paraíso";0;1;4;25;"Não";25;"NÃO ALCANÇOU"
"MA";211107;"São João do Soter";0;2;4;50;"Não";50;"NÃO ALCANÇOU"
"MA";211110;"São João dos Patos";0;0;0;0;"Sim";0;"ALCANÇOU"
"MA";211120;"São José de Ribamar";28,5714285714286;15;129;11,6279069767442;"Sim";-16,9;"ALCANÇOU"
"MA";211125;"São José dos Basílios";0;0;1;0;"Sim";0;"ALCANÇOU"
"MA";211130;"São Luís";45,5026455026455;123;392;31,3775510204082;"Sim";-14,1;"ALCANÇOU"
"MA";211140;"São Luís Gonzaga do Maranhão";0;1;0;0;"Sim";0;"ALCANÇOU"
"MA";211150;"São Mateus do Maranhão";0;0;6;0;"Sim";0;"ALCANÇOU"
"MA";211153;"São Pedro da Água Branca";0;1;1;100;"Não";100;"NÃO ALCANÇOU"
"MA";211157;"São Pedro dos Crentes";0;1;2;50;"Não";50;"NÃO ALCANÇOU"
"MA";211160;"São Raimundo das Mangabeiras";0;2;5;40;"Não";40;"NÃO ALCANÇOU"
"MA";211163;"São Raimundo do Doca Bezerra";0;0;0;0;"Sim";0;"ALCANÇOU"
"MA";211167;"São Roberto";0;0;0;0;"Sim";0;"ALCANÇOU"
"MA";211170;"São Vicente Ferrer";0;0;1;0;"Sim";0;"ALCANÇOU"
"MA";211172;"Satubinha";0;1;8;12,5;"Não";12,5;"NÃO ALCANÇOU"
"MA";211174;"Senador Alexandre Costa";0;1;0;0;"Sim";0;"ALCANÇOU"
"MA";211176;"Senador La Rocque";50;5;17;29,4117647058824;"Sim";-20,6;"ALCANÇOU"
"MA";211178;"Serrano do Maranhão";0;0;0;0;"Sim";0;"ALCANÇOU"
"MA";211180;"Sítio Novo";42,8571428571429;2;2;100;"Não";57,1;"NÃO ALCANÇOU"
"MA";211190;"Sucupira do Norte";0;1;1;100;"Não";100;"NÃO ALCANÇOU"
"MA";211195;"Sucupira do Riachão";0;0;1;0;"Sim";0;"ALCANÇOU"
"MA";211200;"Tasso Fragoso";100;0;2;0;"Sim";-100;"ALCANÇOU"
"MA";211210;"Timbiras";66,6666666666667;8;11;72,7272727272727;"Não";6,1;"NÃO ALCANÇOU"
"MA";211220;"Timon";61,9047619047619;50;73;68,4931506849315;"Não";6,6;"NÃO ALCANÇOU"
"MA";211223;"Trizidela do Vale";0;0;4;0;"Sim";0;"ALCANÇOU"
"MA";211227;"Tufilândia";0;0;1;0;"Sim";0;"ALCANÇOU"
"MA";211230;"Tuntum";0;3;4;75;"Não";75;"NÃO ALCANÇOU"
"MA";211240;"Turiaçu";0;0;5;0;"Sim";0;"ALCANÇOU"
"MA";211245;"Turilândia";11,1111111111111;2;5;40;"Não";28,9;"NÃO ALCANÇOU"
"MA";211250;"Tutóia";50;1;2;50;"Não";0;"NÃO ALCANÇOU"
"MA";211260;"Urbano Santos";100;0;6;0;"Sim";-100;"ALCANÇOU"
"MA";211270;"Vargem Grande";11,1111111111111;0;17;0;"Sim";-11,1;"ALCANÇOU"
"MA";211280;"Viana";7,14285714285714;3;14;21,4285714285714;"Não";14,3;"NÃO ALCANÇOU"
"MA";211285;"Vila Nova dos Martírios";0;0;0;0;"Sim";0;"ALCANÇOU"
"MA";211290;"Vitória do Mearim";50;1;3;33,3333333333333;"Sim";-16,7;"ALCANÇOU"
"MA";211300;"Vitorino Freire";0;1;0;0;"Sim";0;"ALCANÇOU"
"MA";211400;"Zé Doca";5,88235294117647;0;9;0;"Sim";-5,9;"ALCANÇOU"
"PI";220005;"Acauã";0;0;0;0;"Sim";0;"ALCANÇOU"
"PI";220010;"Agricolândia";0;0;1;0;"Sim";0;"ALCANÇOU"
"PI";220020;"Água Branca";0;1;4;25;"Não";25;"NÃO ALCANÇOU"
"PI";220025;"Alagoinha do Piauí";0;0;2;0;"Sim";0;"ALCANÇOU"
"PI";220027;"Alegrete do Piauí";0;0;1;0;"Sim";0;"ALCANÇOU"
"PI";220030;"Alto Longá";0;0;0;0;"Sim";0;"ALCANÇOU"
"PI";220040;"Altos";21,4285714285714;6;10;60;"Não";38,6;"NÃO ALCANÇOU"
"PI";220045;"Alvorada do Gurguéia";33,3333333333333;2;4;50;"Não";16,7;"NÃO ALCANÇOU"
"PI";220050;"Amarante";42,8571428571429;5;10;50;"Não";7,1;"NÃO ALCANÇOU"
"PI";220060;"Angical do Piauí";0;1;1;100;"Não";100;"NÃO ALCANÇOU"
"PI";220070;"Anísio de Abreu";0;2;4;50;"Não";50;"NÃO ALCANÇOU"
"PI";220080;"Antônio Almeida";0;1;4;25;"Não";25;"NÃO ALCANÇOU"
"PI";220090;"Aroazes";0;0;0;0;"Sim";0;"ALCANÇOU"
"PI";220095;"Aroeiras do Itaim";0;1;1;100;"Não";100;"NÃO ALCANÇOU"
"PI";220100;"Arraial";0;2;2;100;"Não";100;"NÃO ALCANÇOU"
"PI";220105;"Assunção do Piauí";0;1;0;0;"Sim";0;"ALCANÇOU"
"PI";220110;"Avelino Lopes";0;1;1;100;"Não";100;"NÃO ALCANÇOU"
"PI";220115;"Baixa Grande do Ribeiro";0;0;5;0;"Sim";0;"ALCANÇOU"
"PI";220117;"Barra D'Alcântara";0;0;0;0;"Sim";0;"ALCANÇOU"
"PI";220120;"Barras";50;1;12;8,33333333333333;"Sim";-41,7;"ALCANÇOU"
"PI";220130;"Barreiras do Piauí";0;0;0;0;"Sim";0;"ALCANÇOU"
"PI";220140;"Barro Duro";0;2;0;0;"Sim";0;"ALCANÇOU"
"PI";220150;"Batalha";50;4;6;66,6666666666667;"Não";16,7;"NÃO ALCANÇOU"
"PI";220155;"Bela Vista do Piauí";0;0;0;0;"Sim";0;"ALCANÇOU"
"PI";220157;"Belém do Piauí";0;0;0;0;"Sim";0;"ALCANÇOU"
"PI";220160;"Beneditinos";0;2;3;66,6666666666667;"Não";66,7;"NÃO ALCANÇOU"
"PI";220170;"Bertolínia";0;1;0;0;"Sim";0;"ALCANÇOU"
"PI";220173;"Betânia do Piauí";0;0;1;0;"Sim";0;"ALCANÇOU"
"PI";220177;"Boa Hora";0;0;0;0;"Sim";0;"ALCANÇOU"
"PI";220180;"Bocaina";0;0;0;0;"Sim";0;"ALCANÇOU"
"PI";220190;"Bom Jesus";133,333333333333;5;11;45,4545454545455;"Sim";-87,9;"ALCANÇOU"
"PI";220191;"Bom Princípio do Piauí";0;0;1;0;"Sim";0;"ALCANÇOU"
"PI";220192;"Bonfim do Piauí";0;2;2;100;"Não";100;"NÃO ALCANÇOU"
"PI";220194;"Boqueirão do Piauí";0;3;0;0;"Sim";0;"ALCANÇOU"
"PI";220196;"Brasileira";0;0;0;0;"Sim";0;"ALCANÇOU"
"PI";220198;"Brejo do Piauí";0;0;0;0;"Sim";0;"ALCANÇOU"
"PI";220200;"Buriti dos Lopes";200;5;2;250;"Não";50;"NÃO ALCANÇOU"
"PI";220202;"Buriti dos Montes";0;0;1;0;"Sim";0;"ALCANÇOU"
"PI";220205;"Cabeceiras do Piauí";0;1;2;50;"Não";50;"NÃO ALCANÇOU"
"PI";220207;"Cajazeiras do Piauí";0;0;1;0;"Sim";0;"ALCANÇOU"
"PI";220208;"Cajueiro da Praia";0;0;0;0;"Sim";0;"ALCANÇOU"
"PI";220209;"Caldeirão Grande do Piauí";0;0;0;0;"Sim";0;"ALCANÇOU"
"PI";220210;"Campinas do Piauí";0;0;2;0;"Sim";0;"ALCANÇOU"
"PI";220211;"Campo Alegre do Fidalgo";0;0;0;0;"Sim";0;"ALCANÇOU"
"PI";220213;"Campo Grande do Piauí";0;1;1;100;"Não";100;"NÃO ALCANÇOU"
"PI";220217;"Campo Largo do Piauí";50;0;2;0;"Sim";-50;"ALCANÇOU"
"PI";220220;"Campo Maior";40;8;11;72,7272727272727;"Não";32,7;"NÃO ALCANÇOU"
"PI";220225;"Canavieira";66,6666666666667;1;2;50;"Sim";-16,7;"ALCANÇOU"
"PI";220230;"Canto do Buriti";100;2;2;100;"Não";0;"NÃO ALCANÇOU"
"PI";220240;"Capitão de Campos";0;0;2;0;"Sim";0;"ALCANÇOU"
"PI";220245;"Capitão Gervásio Oliveira";0;0;0;0;"Sim";0;"ALCANÇOU"
"PI";220250;"Caracol";0;1;0;0;"Sim";0;"ALCANÇOU"
"PI";220253;"Caraúbas do Piauí";0;0;0;0;"Sim";0;"ALCANÇOU"
"PI";220255;"Caridade do Piauí";100;0;2;0;"Sim";-100;"ALCANÇOU"
"PI";220260;"Castelo do Piauí";0;3;8;37,5;"Não";37,5;"NÃO ALCANÇOU"
"PI";220265;"Caxingó";0;0;1;0;"Sim";0;"ALCANÇOU"
"PI";220270;"Cocal";40;3;1;300;"Não";260;"NÃO ALCANÇOU"
"PI";220271;"Cocal de Telha";0;0;2;0;"Sim";0;"ALCANÇOU"
"PI";220272;"Cocal dos Alves";0;0;0;0;"Sim";0;"ALCANÇOU"
"PI";220273;"Coivaras";0;1;2;50;"Não";50;"NÃO ALCANÇOU"
"PI";220275;"Colônia do Gurguéia";0;1;1;100;"Não";100;"NÃO ALCANÇOU"
"PI";220277;"Colônia do Piauí";0;0;0;0;"Sim";0;"ALCANÇOU"
"PI";220280;"Conceição do Canindé";0;0;0;0;"Sim";0;"ALCANÇOU"
"PI";220285;"Coronel José Dias";0;0;2;0;"Sim";0;"ALCANÇOU"
"PI";220290;"Corrente";50;5;6;83,3333333333333;"Não";33,3;"NÃO ALCANÇOU"
"PI";220300;"Cristalândia do Piauí";0;0;1;0;"Sim";0;"ALCANÇOU"
"PI";220310;"Cristino Castro";200;3;4;75;"Sim";-125;"ALCANÇOU"
"PI";220320;"Curimatá";0;1;1;100;"Não";100;"NÃO ALCANÇOU"
"PI";220323;"Currais";100;0;3;0;"Sim";-100;"ALCANÇOU"
"PI";220325;"Curralinhos";0;0;1;0;"Sim";0;"ALCANÇOU"
"PI";220327;"Curral Novo do Piauí";0;0;0;0;"Sim";0;"ALCANÇOU"
"PI";220330;"Demerval Lobão";0;4;8;50;"Não";50;"NÃO ALCANÇOU"
"PI";220335;"Dirceu Arcoverde";0;1;2;50;"Não";50;"NÃO ALCANÇOU"
"PI";220340;"Dom Expedito Lopes";100;0;1;0;"Sim";-100;"ALCANÇOU"
"PI";220342;"Domingos Mourão";0;1;1;100;"Não";100;"NÃO ALCANÇOU"
"PI";220345;"Dom Inocêncio";0;0;0;0;"Sim";0;"ALCANÇOU"
"PI";220350;"Elesbão Veloso";100;4;2;200;"Não";100;"NÃO ALCANÇOU"
"PI";220360;"Eliseu Martins";0;1;1;100;"Não";100;"NÃO ALCANÇOU"
"PI";220370;"Esperantina";18,75;2;11;18,1818181818182;"Não";-0,57;"NÃO ALCANÇOU"
"PI";220375;"Fartura do Piauí";0;0;0;0;"Sim";0;"ALCANÇOU"
"PI";220380;"Flores do Piauí";0;2;1;200;"Não";200;"NÃO ALCANÇOU"
"PI";220385;"Floresta do Piauí";0;0;0;0;"Sim";0;"ALCANÇOU"
"PI";220390;"Floriano";650;16;21;76,1904761904762;"Sim";-573,8;"ALCANÇOU"
"PI";220400;"Francinópolis";0;0;1;0;"Sim";0;"ALCANÇOU"
"PI";220410;"Francisco Ayres";0;1;1;100;"Não";100;"NÃO ALCANÇOU"
"PI";220415;"Francisco Macedo";0;0;0;0;"Sim";0;"ALCANÇOU"
"PI";220420;"Francisco Santos";100;0;1;0;"Sim";-100;"ALCANÇOU"
"PI";220430;"Fronteiras";0;0;1;0;"Sim";0;"ALCANÇOU"
"PI";220435;"Geminiano";0;0;1;0;"Sim";0;"ALCANÇOU"
"PI";220440;"Gilbués";33,3333333333333;2;6;33,3333333333333;"Não";0;"NÃO ALCANÇOU"
"PI";220450;"Guadalupe";300;3;3;100;"Sim";-200;"ALCANÇOU"
"PI";220455;"Guaribas";0;0;0;0;"Sim";0;"ALCANÇOU"
"PI";220460;"Hugo Napoleão";0;0;0;0;"Sim";0;"ALCANÇOU"
"PI";220465;"Ilha Grande";100;2;2;100;"Não";0;"NÃO ALCANÇOU"
"PI";220470;"Inhuma";0;1;2;50;"Não";50;"NÃO ALCANÇOU"
"PI";220480;"Ipiranga do Piauí";0;1;0;0;"Sim";0;"ALCANÇOU"
"PI";220490;"Isaías Coelho";0;0;2;0;"Sim";0;"ALCANÇOU"
"PI";220500;"Itainópolis";0;0;0;0;"Sim";0;"ALCANÇOU"
"PI";220510;"Itaueira";0;1;2;50;"Não";50;"NÃO ALCANÇOU"
"PI";220515;"Jacobina do Piauí";0;0;1;0;"Sim";0;"ALCANÇOU"
"PI";220520;"Jaicós";0;1;2;50;"Não";50;"NÃO ALCANÇOU"
"PI";220525;"Jardim do Mulato";0;0;0;0;"Sim";0;"ALCANÇOU"
"PI";220527;"Jatobá do Piauí";0;0;0;0;"Sim";0;"ALCANÇOU"
"PI";220530;"Jerumenha";0;1;1;100;"Não";100;"NÃO ALCANÇOU"
"PI";220535;"João Costa";0;0;0;0;"Sim";0;"ALCANÇOU"
"PI";220540;"Joaquim Pires";0;0;3;0;"Sim";0;"ALCANÇOU"
"PI";220545;"Joca Marques";0;0;0;0;"Sim";0;"ALCANÇOU"
"PI";220550;"José de Freitas";16,6666666666667;4;11;36,3636363636364;"Não";19,7;"NÃO ALCANÇOU"
"PI";220551;"Juazeiro do Piauí";0;0;0;0;"Sim";0;"ALCANÇOU"
"PI";220552;"Júlio Borges";0;1;2;50;"Não";50;"NÃO ALCANÇOU"
"PI";220553;"Jurema";0;0;2;0;"Sim";0;"ALCANÇOU"
"PI";220554;"Lagoinha do Piauí";0;0;0;0;"Sim";0;"ALCANÇOU"
"PI";220555;"Lagoa Alegre";0;0;4;0;"Sim";0;"ALCANÇOU"
"PI";220556;"Lagoa do Barro do Piauí";0;0;1;0;"Sim";0;"ALCANÇOU"
"PI";220557;"Lagoa de São Francisco";0;1;0;0;"Sim";0;"ALCANÇOU"
"PI";220558;"Lagoa do Piauí";0;1;2;50;"Não";50;"NÃO ALCANÇOU"
"PI";220559;"Lagoa do Sítio";0;0;0;0;"Sim";0;"ALCANÇOU"
"PI";220560;"Landri Sales";0;0;0;0;"Sim";0;"ALCANÇOU"
"PI";220570;"Luís Correia";275;2;4;50;"Sim";-225;"ALCANÇOU"
"PI";220580;"Luzilândia";62,5;6;8;75;"Não";12,5;"NÃO ALCANÇOU"
"PI";220585;"Madeiro";0;0;1;0;"Sim";0;"ALCANÇOU"
"PI";220590;"Manoel Emídio";0;0;0;0;"Sim";0;"ALCANÇOU"
"PI";220595;"Marcolândia";0;1;7;14,2857142857143;"Não";14,3;"NÃO ALCANÇOU"
"PI";220600;"Marcos Parente";0;1;1;100;"Não";100;"NÃO ALCANÇOU"
"PI";220605;"Massapê do Piauí";0;0;0;0;"Sim";0;"ALCANÇOU"
"PI";220610;"Matias Olímpio";0;0;1;0;"Sim";0;"ALCANÇOU"
"PI";220620;"Miguel Alves";27,2727272727273;5;13;38,4615384615385;"Não";11,2;"NÃO ALCANÇOU"
"PI";220630;"Miguel Leão";0;0;0;0;"Sim";0;"ALCANÇOU"
"PI";220635;"Milton Brandão";0;0;0;0;"Sim";0;"ALCANÇOU"
"PI";220640;"Monsenhor Gil";0;2;2;100;"Não";100;"NÃO ALCANÇOU"
"PI";220650;"Monsenhor Hipólito";0;0;2;0;"Sim";0;"ALCANÇOU"
"PI";220660;"Monte Alegre do Piauí";0;3;5;60;"Não";60;"NÃO ALCANÇOU"
"PI";220665;"Morro Cabeça no Tempo";0;0;0;0;"Sim";0;"ALCANÇOU"
"PI";220667;"Morro do Chapéu do Piauí";0;1;0;0;"Sim";0;"ALCANÇOU"
"PI";220669;"Murici dos Portelas";0;1;1;100;"Não";100;"NÃO ALCANÇOU"
"PI";220670;"Nazaré do Piauí";0;0;0;0;"Sim";0;"ALCANÇOU"
"PI";220672;"Nazária";50;4;3;133,333333333333;"Não";83,3;"NÃO ALCANÇOU"
"PI";220675;"Nossa Senhora de Nazaré";0;0;2;0;"Sim";0;"ALCANÇOU"
"PI";220680;"Nossa Senhora dos Remédios";0;0;3;0;"Sim";0;"ALCANÇOU"
"PI";220690;"Novo Oriente do Piauí";0;2;2;100;"Não";100;"NÃO ALCANÇOU"
"PI";220695;"Novo Santo Antônio";0;1;1;100;"Não";100;"NÃO ALCANÇOU"
"PI";220700;"Oeiras";200;3;2;150;"Sim";-50;"ALCANÇOU"
"PI";220710;"Olho D'Água do Piauí";0;1;1;100;"Não";100;"NÃO ALCANÇOU"
"PI";220720;"Padre Marcos";0;0;1;0;"Sim";0;"ALCANÇOU"
"PI";220730;"Paes Landim";0;1;1;100;"Não";100;"NÃO ALCANÇOU"
"PI";220735;"Pajeú do Piauí";0;1;0;0;"Sim";0;"ALCANÇOU"
"PI";220740;"Palmeira do Piauí";0;0;0;0;"Sim";0;"ALCANÇOU"
"PI";220750;"Palmeirais";0;1;2;50;"Não";50;"NÃO ALCANÇOU"
"PI";220755;"Paquetá";0;0;0;0;"Sim";0;"ALCANÇOU"
"PI";220760;"Parnaguá";0;4;5;80;"Não";80;"NÃO ALCANÇOU"
"PI";220770;"Parnaíba";120;21;42;50;"Sim";-70;"ALCANÇOU"
"PI";220775;"Passagem Franca do Piauí";0;0;0;0;"Sim";0;"ALCANÇOU"
"PI";220777;"Patos do Piauí";0;0;0;0;"Sim";0;"ALCANÇOU"
"PI";220779;"Pau D'Arco do Piauí";0;0;2;0;"Sim";0;"ALCANÇOU"
"PI";220780;"Paulistana";0;2;2;100;"Não";100;"NÃO ALCANÇOU"
"PI";220785;"Pavussu";0;0;1;0;"Sim";0;"ALCANÇOU"
"PI";220790;"Pedro II";12,5;5;9;55,5555555555556;"Não";43,1;"NÃO ALCANÇOU"
"PI";220793;"Pedro Laurentino";0;0;0;0;"Sim";0;"ALCANÇOU"
"PI";220795;"Nova Santa Rita";0;1;1;100;"Não";100;"NÃO ALCANÇOU"
"PI";220800;"Picos";33,3333333333333;10;20;50;"Não";16,7;"NÃO ALCANÇOU"
"PI";220810;"Pimenteiras";0;0;0;0;"Sim";0;"ALCANÇOU"
"PI";220820;"Pio IX";100;0;2;0;"Sim";-100;"ALCANÇOU"
"PI";220830;"Piracuruca";0;0;3;0;"Sim";0;"ALCANÇOU"
"PI";220840;"Piripiri";83,3333333333333;8;12;66,6666666666667;"Sim";-16,7;"ALCANÇOU"
"PI";220850;"Porto";0;3;2;150;"Não";150;"NÃO ALCANÇOU"
"PI";220855;"Porto Alegre do Piauí";0;0;0;0;"Sim";0;"ALCANÇOU"
"PI";220860;"Prata do Piauí";0;0;0;0;"Sim";0;"ALCANÇOU"
"PI";220865;"Queimada Nova";0;0;2;0;"Sim";0;"ALCANÇOU"
"PI";220870;"Redenção do Gurguéia";0;0;1;0;"Sim";0;"ALCANÇOU"
"PI";220880;"Regeneração";20;4;6;66,6666666666667;"Não";46,7;"NÃO ALCANÇOU"
"PI";220885;"Riacho Frio";0;0;0;0;"Sim";0;"ALCANÇOU"
"PI";220887;"Ribeira do Piauí";0;0;1;0;"Sim";0;"ALCANÇOU"
"PI";220890;"Ribeiro Gonçalves";0;1;1;100;"Não";100;"NÃO ALCANÇOU"
"PI";220900;"Rio Grande do Piauí";0;0;1;0;"Sim";0;"ALCANÇOU"
"PI";220910;"Santa Cruz do Piauí";0;1;0;0;"Sim";0;"ALCANÇOU"
"PI";220915;"Santa Cruz dos Milagres";0;0;0;0;"Sim";0;"ALCANÇOU"
"PI";220920;"Santa Filomena";0;2;5;40;"Não";40;"NÃO ALCANÇOU"
"PI";220930;"Santa Luz";0;1;0;0;"Sim";0;"ALCANÇOU"
"PI";220935;"Santana do Piauí";0;0;1;0;"Sim";0;"ALCANÇOU"
"PI";220937;"Santa Rosa do Piauí";0;0;1;0;"Sim";0;"ALCANÇOU"
"PI";220940;"Santo Antônio de Lisboa";0;0;1;0;"Sim";0;"ALCANÇOU"
"PI";220945;"Santo Antônio dos Milagres";0;0;1;0;"Sim";0;"ALCANÇOU"
"PI";220950;"Santo Inácio do Piauí";0;0;0;0;"Sim";0;"ALCANÇOU"
"PI";220955;"São Braz do Piauí";0;0;1;0;"Sim";0;"ALCANÇOU"
"PI";220960;"São Félix do Piauí";0;0;1;0;"Sim";0;"ALCANÇOU"
"PI";220965;"São Francisco de Assis do Piauí";0;0;1;0;"Sim";0;"ALCANÇOU"
"PI";220970;"São Francisco do Piauí";0;1;0;0;"Sim";0;"ALCANÇOU"
"PI";220975;"São Gonçalo do Gurguéia";0;0;0;0;"Sim";0;"ALCANÇOU"
"PI";220980;"São Gonçalo do Piauí";0;0;1;0;"Sim";0;"ALCANÇOU"
"PI";220985;"São João da Canabrava";0;1;1;100;"Não";100;"NÃO ALCANÇOU"
"PI";220987;"São João da Fronteira";0;1;2;50;"Não";50;"NÃO ALCANÇOU"
"PI";220990;"São João da Serra";0;0;0;0;"Sim";0;"ALCANÇOU"
"PI";220995;"São João da Varjota";0;0;0;0;"Sim";0;"ALCANÇOU"
"PI";220997;"São João do Arraial";0;1;1;100;"Não";100;"NÃO ALCANÇOU"
"PI";221000;"São João do Piauí";125;0;2;0;"Sim";-125;"ALCANÇOU"
"PI";221005;"São José do Divino";0;0;0;0;"Sim";0;"ALCANÇOU"
"PI";221010;"São José do Peixe";0;1;1;100;"Não";100;"NÃO ALCANÇOU"
"PI";221020;"São José do Piauí";0;0;1;0;"Sim";0;"ALCANÇOU"
"PI";221030;"São Julião";0;0;0;0;"Sim";0;"ALCANÇOU"
"PI";221035;"São Lourenço do Piauí";0;0;0;0;"Sim";0;"ALCANÇOU"
"PI";221037;"São Luis do Piauí";0;0;0;0;"Sim";0;"ALCANÇOU"
"PI";221038;"São Miguel da Baixa Grande";0;0;0;0;"Sim";0;"ALCANÇOU"
"PI";221039;"São Miguel do Fidalgo";0;0;0;0;"Sim";0;"ALCANÇOU"
"PI";221040;"São Miguel do Tapuio";0;1;2;50;"Não";50;"NÃO ALCANÇOU"
"PI";221050;"São Pedro do Piauí";0;2;0;0;"Sim";0;"ALCANÇOU"
"PI";221060;"São Raimundo Nonato";150;3;13;23,0769230769231;"Sim";-126,9;"ALCANÇOU"
"PI";221062;"Sebastião Barros";0;0;1;0;"Sim";0;"ALCANÇOU"
"PI";221063;"Sebastião Leal";0;1;1;100;"Não";100;"NÃO ALCANÇOU"
"PI";221065;"Sigefredo Pacheco";0;0;0;0;"Sim";0;"ALCANÇOU"
"PI";221070;"Simões";50;0;3;0;"Sim";-50;"ALCANÇOU"
"PI";221080;"Simplício Mendes";100;0;1;0;"Sim";-100;"ALCANÇOU"
"PI";221090;"Socorro do Piauí";0;1;1;100;"Não";100;"NÃO ALCANÇOU"
"PI";221093;"Sussuapara";0;0;1;0;"Sim";0;"ALCANÇOU"
"PI";221095;"Tamboril do Piauí";0;0;1;0;"Sim";0;"ALCANÇOU"
"PI";221097;"Tanque do Piauí";0;0;0;0;"Sim";0;"ALCANÇOU"
"PI";221100;"Teresina";31,9066147859922;90;292;30,8219178082192;"Sim";-1,1;"ALCANÇOU"
"PI";221110;"União";35,7142857142857;8;18;44,4444444444444;"Não";8,7;"NÃO ALCANÇOU"
"PI";221120;"Uruçuí";20;2;11;18,1818181818182;"Sim";-1,8;"ALCANÇOU"
"PI";221130;"Valença do Piauí";0;1;1;100;"Não";100;"NÃO ALCANÇOU"
"PI";221135;"Várzea Branca";0;0;1;0;"Sim";0;"ALCANÇOU"
"PI";221140;"Várzea Grande";0;1;1;100;"Não";100;"NÃO ALCANÇOU"
"PI";221150;"Vera Mendes";0;0;0;0;"Sim";0;"ALCANÇOU"
"PI";221160;"Vila Nova do Piauí";0;0;0;0;"Sim";0;"ALCANÇOU"
"PI";221170;"Wall Ferraz";0;1;1;100;"Não";100;"NÃO ALCANÇOU"
"CE";230010;"Abaiara";0;2;2;100;"Não";100;"NÃO ALCANÇOU"
"CE";230015;"Acarape";50;7;7;100;"Não";50;"NÃO ALCANÇOU"
"CE";230020;"Acaraú";0;2;14;14,2857142857143;"Não";14,3;"NÃO ALCANÇOU"
"CE";230030;"Acopiara";0;1;2;50;"Não";50;"NÃO ALCANÇOU"
"CE";230040;"Aiuaba";0;0;1;0;"Sim";0;"ALCANÇOU"
"CE";230050;"Alcântaras";0;2;6;33,3333333333333;"Não";33,3;"NÃO ALCANÇOU"
"CE";230060;"Altaneira";0;0;1;0;"Sim";0;"ALCANÇOU"
"CE";230070;"Alto Santo";0;1;0;0;"Sim";0;"ALCANÇOU"
"CE";230075;"Amontada";30,7692307692308;2;11;18,1818181818182;"Sim";-12,6;"ALCANÇOU"
"CE";230080;"Antonina do Norte";0;0;0;0;"Sim";0;"ALCANÇOU"
"CE";230090;"Apuiarés";50;3;5;60;"Não";10;"NÃO ALCANÇOU"
"CE";230100;"Aquiraz";88,8888888888889;6;17;35,2941176470588;"Sim";-53,6;"ALCANÇOU"
"CE";230110;"Aracati";44,4444444444444;4;8;50;"Não";5,6;"NÃO ALCANÇOU"
"CE";230120;"Aracoiaba";50;1;4;25;"Sim";-25;"ALCANÇOU"
"CE";230125;"Ararendá";0;1;2;50;"Não";50;"NÃO ALCANÇOU"
"CE";230130;"Araripe";50;2;4;50;"Não";0;"NÃO ALCANÇOU"
"CE";230140;"Aratuba";0;1;1;100;"Não";100;"NÃO ALCANÇOU"
"CE";230150;"Arneiroz";0;1;2;50;"Não";50;"NÃO ALCANÇOU"
"CE";230160;"Assaré";75;0;1;0;"Sim";-75;"ALCANÇOU"
"CE";230170;"Aurora";0;0;1;0;"Sim";0;"ALCANÇOU"
"CE";230180;"Baixio";0;0;1;0;"Sim";0;"ALCANÇOU"
"CE";230185;"Banabuiú";0;0;3;0;"Sim";0;"ALCANÇOU"
"CE";230190;"Barbalha";53,125;12;25;48;"Sim";-5,1;"ALCANÇOU"
"CE";230195;"Barreira";33,3333333333333;2;2;100;"Não";66,7;"NÃO ALCANÇOU"
"CE";230200;"Barro";0;0;0;0;"Sim";0;"ALCANÇOU"
"CE";230205;"Barroquinha";50;1;2;50;"Não";0;"NÃO ALCANÇOU"
"CE";230210;"Baturité";25;8;17;47,0588235294118;"Não";22,1;"NÃO ALCANÇOU"
"CE";230220;"Beberibe";42,8571428571429;3;17;17,6470588235294;"Sim";-25,2;"ALCANÇOU"
"CE";230230;"Bela Cruz";0;0;3;0;"Sim";0;"ALCANÇOU"
"CE";230240;"Boa Viagem";0;2;3;66,6666666666667;"Não";66,7;"NÃO ALCANÇOU"
"CE";230250;"Brejo Santo";23,5294117647059;1;8;12,5;"Sim";-11;"ALCANÇOU"
"CE";230260;"Camocim";0;2;19;10,5263157894737;"Não";10,5;"NÃO ALCANÇOU"
"CE";230270;"Campos Sales";0;1;1;100;"Não";100;"NÃO ALCANÇOU"
"CE";230280;"Canindé";61,1111111111111;2;37;5,40540540540541;"Sim";-55,7;"ALCANÇOU"
"CE";230290;"Capistrano";42,8571428571429;2;5;40;"Sim";-2,9;"ALCANÇOU"
"CE";230300;"Caridade";66,6666666666667;1;2;50;"Sim";-16,7;"ALCANÇOU"
"CE";230310;"Cariré";0;1;2;50;"Não";50;"NÃO ALCANÇOU"
"CE";230320;"Caririaçu";14,2857142857143;2;5;40;"Não";25,7;"NÃO ALCANÇOU"
"CE";230330;"Cariús";0;0;2;0;"Sim";0;"ALCANÇOU"
"CE";230340;"Carnaubal";0;0;0;0;"Sim";0;"ALCANÇOU"
"CE";230350;"Cascavel";68,1818181818182;4;12;33,3333333333333;"Sim";-34,8;"ALCANÇOU"
"CE";230360;"Catarina";0;0;1;0;"Sim";0;"ALCANÇOU"
"CE";230365;"Catunda";0;3;5;60;"Não";60;"NÃO ALCANÇOU"
"CE";230370;"Caucaia";50,8196721311475;94;159;59,1194968553459;"Não";8,3;"NÃO ALCANÇOU"
"CE";230380;"Cedro";0;0;4;0;"Sim";0;"ALCANÇOU"
"CE";230390;"Chaval";200;1;2;50;"Sim";-150;"ALCANÇOU"
"CE";230393;"Choró";0;0;2;0;"Sim";0;"ALCANÇOU"
"CE";230395;"Chorozinho";0;1;1;100;"Não";100;"NÃO ALCANÇOU"
"CE";230400;"Coreaú";0;0;2;0;"Sim";0;"ALCANÇOU"
"CE";230410;"Crateús";112,5;8;14;57,1428571428571;"Sim";-55,4;"ALCANÇOU"
"CE";230420;"Crato";3,33333333333333;3;39;7,69230769230769;"Não";4,4;"NÃO ALCANÇOU"
"CE";230423;"Croatá";0;0;2;0;"Sim";0;"ALCANÇOU"
"CE";230425;"Cruz";20;1;7;14,2857142857143;"Sim";-5,7;"ALCANÇOU"
"CE";230426;"Deputado Irapuan Pinheiro";0;0;4;0;"Sim";0;"ALCANÇOU"
"CE";230427;"Ererê";0;0;0;0;"Sim";0;"ALCANÇOU"
"CE";230428;"Eusébio";0;5;38;13,1578947368421;"Não";13,2;"NÃO ALCANÇOU"
"CE";230430;"Farias Brito";100;0;2;0;"Sim";-100;"ALCANÇOU"
"CE";230435;"Forquilha";60;3;2;150;"Não";90;"NÃO ALCANÇOU"
"CE";230440;"Fortaleza";66,5794066317627;727;1194;60,8877721943049;"Sim";-5,7;"ALCANÇOU"
"CE";230445;"Fortim";0;0;2;0;"Sim";0;"ALCANÇOU"
"CE";230450;"Frecheirinha";0;1;3;33,3333333333333;"Não";33,3;"NÃO ALCANÇOU"
"CE";230460;"General Sampaio";0;0;0;0;"Sim";0;"ALCANÇOU"
"CE";230465;"Graça";0;1;1;100;"Não";100;"NÃO ALCANÇOU"
"CE";230470;"Granja";100;1;13;7,69230769230769;"Sim";-92,3;"ALCANÇOU"
"CE";230480;"Granjeiro";0;1;0;0;"Sim";0;"ALCANÇOU"
"CE";230490;"Groaíras";0;1;0;0;"Sim";0;"ALCANÇOU"
"CE";230495;"Guaiúba";42,8571428571429;3;6;50;"Não";7,1;"NÃO ALCANÇOU"
"CE";230500;"Guaraciaba do Norte";33,3333333333333;1;6;16,6666666666667;"Sim";-16,7;"ALCANÇOU"
"CE";230510;"Guaramiranga";0;1;3;33,3333333333333;"Não";33,3;"NÃO ALCANÇOU"
"CE";230520;"Hidrolândia";25;1;7;14,2857142857143;"Sim";-10,7;"ALCANÇOU"
"CE";230523;"Horizonte";34,375;5;15;33,3333333333333;"Sim";-1;"ALCANÇOU"
"CE";230526;"Ibaretama";33,3333333333333;0;2;0;"Sim";-33,3;"ALCANÇOU"
"CE";230530;"Ibiapina";0;2;1;200;"Não";200;"NÃO ALCANÇOU"
"CE";230533;"Ibicuitinga";0;0;2;0;"Sim";0;"ALCANÇOU"
"CE";230535;"Icapuí";0;1;1;100;"Não";100;"NÃO ALCANÇOU"
"CE";230540;"Icó";50;5;8;62,5;"Não";12,5;"NÃO ALCANÇOU"
"CE";230550;"Iguatu";0;0;33;0;"Sim";0;"ALCANÇOU"
"CE";230560;"Independência";200;0;3;0;"Sim";-200;"ALCANÇOU"
"CE";230565;"Ipaporanga";20;0;1;0;"Sim";-20;"ALCANÇOU"
"CE";230570;"Ipaumirim";33,3333333333333;0;1;0;"Sim";-33,3;"ALCANÇOU"
"CE";230580;"Ipu";25;4;5;80;"Não";55;"NÃO ALCANÇOU"
"CE";230590;"Ipueiras";66,6666666666667;0;2;0;"Sim";-66,7;"ALCANÇOU"
"CE";230600;"Iracema";0;0;1;0;"Sim";0;"ALCANÇOU"
"CE";230610;"Irauçuba";33,3333333333333;2;10;20;"Sim";-13,3;"ALCANÇOU"
"CE";230620;"Itaiçaba";0;0;0;0;"Sim";0;"ALCANÇOU"
"CE";230625;"Itaitinga";68,75;10;18;55,5555555555556;"Sim";-13,2;"ALCANÇOU"
"CE";230630;"Itapagé";72,7272727272727;2;5;40;"Sim";-32,7;"ALCANÇOU"
"CE";230640;"Itapipoca";7,69230769230769;11;50;22;"Não";14,3;"NÃO ALCANÇOU"
"CE";230650;"Itapiúna";18,1818181818182;2;4;50;"Não";31,8;"NÃO ALCANÇOU"
"CE";230655;"Itarema";16,6666666666667;1;5;20;"Não";3,3;"NÃO ALCANÇOU"
"CE";230660;"Itatira";0;1;3;33,3333333333333;"Não";33,3;"NÃO ALCANÇOU"
"CE";230670;"Jaguaretama";0;0;0;0;"Sim";0;"ALCANÇOU"
"CE";230680;"Jaguaribara";0;0;0;0;"Sim";0;"ALCANÇOU"
"CE";230690;"Jaguaribe";75;0;4;0;"Sim";-75;"ALCANÇOU"
"CE";230700;"Jaguaruana";0;1;2;50;"Não";50;"NÃO ALCANÇOU"
"CE";230710;"Jardim";50;5;15;33,3333333333333;"Sim";-16,7;"ALCANÇOU"
"CE";230720;"Jati";0;0;0;0;"Sim";0;"ALCANÇOU"
"CE";230725;"Jijoca de Jericoacoara";10;3;12;25;"Não";15;"NÃO ALCANÇOU"
"CE";230730;"Juazeiro do Norte";26,3888888888889;24;43;55,8139534883721;"Não";29,4;"NÃO ALCANÇOU"
"CE";230740;"Jucás";0;1;4;25;"Não";25;"NÃO ALCANÇOU"
"CE";230750;"Lavras da Mangabeira";0;0;0;0;"Sim";0;"ALCANÇOU"
"CE";230760;"Limoeiro do Norte";47,6190476190476;7;14;50;"Não";2,4;"NÃO ALCANÇOU"
"CE";230763;"Madalena";0;1;2;50;"Não";50;"NÃO ALCANÇOU"
"CE";230765;"Maracanaú";47,2602739726027;67;142;47,1830985915493;"Não";-0,08;"NÃO ALCANÇOU"
"CE";230770;"Maranguape";26,027397260274;22;67;32,8358208955224;"Não";6,8;"NÃO ALCANÇOU"
"CE";230780;"Marco";8,33333333333333;1;8;12,5;"Não";4,2;"NÃO ALCANÇOU"
"CE";230790;"Martinópole";0;0;2;0;"Sim";0;"ALCANÇOU"
"CE";230800;"Massapê";41,1764705882353;5;19;26,3157894736842;"Sim";-14,9;"ALCANÇOU"
"CE";230810;"Mauriti";12,5;0;7;0;"Sim";-12,5;"ALCANÇOU"
"CE";230820;"Meruoca";33,3333333333333;1;4;25;"Sim";-8,3;"ALCANÇOU"
"CE";230830;"Milagres";75;2;8;25;"Sim";-50;"ALCANÇOU"
"CE";230835;"Milhã";0;0;2;0;"Sim";0;"ALCANÇOU"
"CE";230837;"Miraíma";50;0;5;0;"Sim";-50;"ALCANÇOU"
"CE";230840;"Missão Velha";63,1578947368421;8;14;57,1428571428571;"Sim";-6;"ALCANÇOU"
"CE";230850;"Mombaça";20;2;3;66,6666666666667;"Não";46,7;"NÃO ALCANÇOU"
"CE";230860;"Monsenhor Tabosa";0;2;0;0;"Sim";0;"ALCANÇOU"
"CE";230870;"Morada Nova";20;1;10;10;"Sim";-10;"ALCANÇOU"
"CE";230880;"Moraújo";0;0;0;0;"Sim";0;"ALCANÇOU"
"CE";230890;"Morrinhos";36,3636363636364;1;4;25;"Sim";-11,4;"ALCANÇOU"
"CE";230900;"Mucambo";0;0;2;0;"Sim";0;"ALCANÇOU"
"CE";230910;"Mulungu";50;0;3;0;"Sim";-50;"ALCANÇOU"
"CE";230920;"Nova Olinda";0;0;1;0;"Sim";0;"ALCANÇOU"
"CE";230930;"Nova Russas";25;1;4;25;"Não";0;"NÃO ALCANÇOU"
"CE";230940;"Novo Oriente";0;1;6;16,6666666666667;"Não";16,7;"NÃO ALCANÇOU"
"CE";230945;"Ocara";20;2;11;18,1818181818182;"Sim";-1,8;"ALCANÇOU"
"CE";230950;"Orós";0;0;3;0;"Sim";0;"ALCANÇOU"
"CE";230960;"Pacajus";36,3636363636364;6;9;66,6666666666667;"Não";30,3;"NÃO ALCANÇOU"
"CE";230970;"Pacatuba";26,6666666666667;17;48;35,4166666666667;"Não";8,8;"NÃO ALCANÇOU"
"CE";230980;"Pacoti";100;1;4;25;"Sim";-75;"ALCANÇOU"
"CE";230990;"Pacujá";0;0;4;0;"Sim";0;"ALCANÇOU"
"CE";231000;"Palhano";0;1;1;100;"Não";100;"NÃO ALCANÇOU"
"CE";231010;"Palmácia";100;1;3;33,3333333333333;"Sim";-66,7;"ALCANÇOU"
"CE";231020;"Paracuru";0;3;0;0;"Sim";0;"ALCANÇOU"
"CE";231025;"Paraipaba";77,7777777777778;6;10;60;"Sim";-17,8;"ALCANÇOU"
"CE";231030;"Parambu";0;0;2;0;"Sim";0;"ALCANÇOU"
"CE";231040;"Paramoti";0;0;1;0;"Sim";0;"ALCANÇOU"
"CE";231050;"Pedra Branca";0;1;13;7,69230769230769;"Não";7,7;"NÃO ALCANÇOU"
"CE";231060;"Penaforte";60;1;1;100;"Não";40;"NÃO ALCANÇOU"
"CE";231070;"Pentecoste";120;5;4;125;"Não";5;"NÃO ALCANÇOU"
"CE";231080;"Pereiro";0;3;4;75;"Não";75;"NÃO ALCANÇOU"
"CE";231085;"Pindoretama";133,333333333333;4;9;44,4444444444444;"Sim";-88,9;"ALCANÇOU"
"CE";231090;"Piquet Carneiro";0;0;2;0;"Sim";0;"ALCANÇOU"
"CE";231095;"Pires Ferreira";0;0;2;0;"Sim";0;"ALCANÇOU"
"CE";231100;"Poranga";0;0;0;0;"Sim";0;"ALCANÇOU"
"CE";231110;"Porteiras";0;0;4;0;"Sim";0;"ALCANÇOU"
"CE";231120;"Potengi";0;1;2;50;"Não";50;"NÃO ALCANÇOU"
"CE";231123;"Potiretama";0;0;1;0;"Sim";0;"ALCANÇOU"
"CE";231126;"Quiterianópolis";0;1;0;0;"Sim";0;"ALCANÇOU"
"CE";231130;"Quixadá";16;3;10;30;"Não";14;"NÃO ALCANÇOU"
"CE";231135;"Quixelô";0;0;2;0;"Sim";0;"ALCANÇOU"
"CE";231140;"Quixeramobim";22,9166666666667;7;38;18,4210526315789;"Sim";-4,5;"ALCANÇOU"
"CE";231150;"Quixeré";60;1;6;16,6666666666667;"Sim";-43,3;"ALCANÇOU"
"CE";231160;"Redenção";9,09090909090909;6;10;60;"Não";50,9;"NÃO ALCANÇOU"
"CE";231170;"Reriutaba";42,8571428571429;2;9;22,2222222222222;"Sim";-20,6;"ALCANÇOU"
"CE";231180;"Russas";28,5714285714286;3;10;30;"Não";1,4;"NÃO ALCANÇOU"
"CE";231190;"Saboeiro";0;0;0;0;"Sim";0;"ALCANÇOU"
"CE";231195;"Salitre";0;1;2;50;"Não";50;"NÃO ALCANÇOU"
"CE";231200;"Santana do Acaraú";75;3;5;60;"Sim";-15;"ALCANÇOU"
"CE";231210;"Santana do Cariri";0;0;3;0;"Sim";0;"ALCANÇOU"
"CE";231220;"Santa Quitéria";14,2857142857143;3;3;100;"Não";85,7;"NÃO ALCANÇOU"
"CE";231230;"São Benedito";18,1818181818182;0;11;0;"Sim";-18,2;"ALCANÇOU"
"CE";231240;"São Gonçalo do Amarante";40;10;28;35,7142857142857;"Sim";-4,3;"ALCANÇOU"
"CE";231250;"São João do Jaguaribe";0;0;1;0;"Sim";0;"ALCANÇOU"
"CE";231260;"São Luís do Curu";0;0;0;0;"Sim";0;"ALCANÇOU"
"CE";231270;"Senador Pompeu";20;3;12;25;"Não";5;"NÃO ALCANÇOU"
"CE";231280;"Senador Sá";0;0;1;0;"Sim";0;"ALCANÇOU"
"CE";231290;"Sobral";22,4719101123595;17;90;18,8888888888889;"Sim";-3,6;"ALCANÇOU"
"CE";231300;"Solonópole";0;1;2;50;"Não";50;"NÃO ALCANÇOU"
"CE";231310;"Tabuleiro do Norte";100;3;6;50;"Sim";-50;"ALCANÇOU"
"CE";231320;"Tamboril";33,3333333333333;2;2;100;"Não";66,7;"NÃO ALCANÇOU"
"CE";231325;"Tarrafas";0;0;0;0;"Sim";0;"ALCANÇOU"
"CE";231330;"Tauá";31,25;7;11;63,6363636363636;"Não";32,4;"NÃO ALCANÇOU"
"CE";231335;"Tejuçuoca";0;0;1;0;"Sim";0;"ALCANÇOU"
"CE";231340;"Tianguá";8,33333333333333;9;17;52,9411764705882;"Não";44,6;"NÃO ALCANÇOU"
"CE";231350;"Trairi";25;3;10;30;"Não";5;"NÃO ALCANÇOU"
"CE";231355;"Tururu";100;1;3;33,3333333333333;"Sim";-66,7;"ALCANÇOU"
"CE";231360;"Ubajara";25;0;4;0;"Sim";-25;"ALCANÇOU"
"CE";231370;"Umari";0;0;0;0;"Sim";0;"ALCANÇOU"
"CE";231375;"Umirim";0;0;2;0;"Sim";0;"ALCANÇOU"
"CE";231380;"Uruburetama";66,6666666666667;1;9;11,1111111111111;"Sim";-55,6;"ALCANÇOU"
"CE";231390;"Uruoca";0;1;2;50;"Não";50;"NÃO ALCANÇOU"
"CE";231395;"Varjota";20;2;6;33,3333333333333;"Não";13,3;"NÃO ALCANÇOU"
"CE";231400;"Várzea Alegre";100;3;7;42,8571428571429;"Sim";-57,1;"ALCANÇOU"
"CE";231410;"Viçosa do Ceará";23,5294117647059;0;5;0;"Sim";-23,5;"ALCANÇOU"
"RN";240010;"Acari";0;0;0;0;"Sim";0;"ALCANÇOU"
"RN";240020;"Açu";35,7142857142857;5;5;100;"Não";64,3;"NÃO ALCANÇOU"
"RN";240030;"Afonso Bezerra";200;1;4;25;"Sim";-175;"ALCANÇOU"
"RN";240040;"Água Nova";0;0;0;0;"Sim";0;"ALCANÇOU"
"RN";240050;"Alexandria";0;0;2;0;"Sim";0;"ALCANÇOU"
"RN";240060;"Almino Afonso";0;0;0;0;"Sim";0;"ALCANÇOU"
"RN";240070;"Alto do Rodrigues";0;0;3;0;"Sim";0;"ALCANÇOU"
"RN";240080;"Angicos";0;0;3;0;"Sim";0;"ALCANÇOU"
"RN";240090;"Antônio Martins";0;0;0;0;"Sim";0;"ALCANÇOU"
"RN";240100;"Apodi";0;0;1;0;"Sim";0;"ALCANÇOU"
"RN";240110;"Areia Branca";133,333333333333;0;3;0;"Sim";-133,3;"ALCANÇOU"
"RN";240120;"Arês";50;2;2;100;"Não";50;"NÃO ALCANÇOU"
"RN";240130;"Augusto Severo";100;1;2;50;"Sim";-50;"ALCANÇOU"
"RN";240140;"Baía Formosa";16,6666666666667;2;4;50;"Não";33,3;"NÃO ALCANÇOU"
"RN";240145;"Baraúna";60;4;11;36,3636363636364;"Sim";-23,6;"ALCANÇOU"
"RN";240150;"Barcelona";0;0;0;0;"Sim";0;"ALCANÇOU"
"RN";240160;"Bento Fernandes";0;0;0;0;"Sim";0;"ALCANÇOU"
"RN";240165;"Bodó";0;1;1;100;"Não";100;"NÃO ALCANÇOU"
"RN";240170;"Bom Jesus";50;3;5;60;"Não";10;"NÃO ALCANÇOU"
"RN";240180;"Brejinho";37,5;4;4;100;"Não";62,5;"NÃO ALCANÇOU"
"RN";240185;"Caiçara do Norte";0;0;0;0;"Sim";0;"ALCANÇOU"
"RN";240190;"Caiçara do Rio do Vento";0;1;2;50;"Não";50;"NÃO ALCANÇOU"
"RN";240200;"Caicó";11,1111111111111;1;5;20;"Não";8,9;"NÃO ALCANÇOU"
"RN";240210;"Campo Redondo";0;0;1;0;"Sim";0;"ALCANÇOU"
"RN";240220;"Canguaretama";36,3636363636364;8;10;80;"Não";43,6;"NÃO ALCANÇOU"
"RN";240230;"Caraúbas";0;0;1;0;"Sim";0;"ALCANÇOU"
"RN";240240;"Carnaúba dos Dantas";0;0;0;0;"Sim";0;"ALCANÇOU"
"RN";240250;"Carnaubais";0;2;1;200;"Não";200;"NÃO ALCANÇOU"
"RN";240260;"Ceará-Mirim";68,75;8;14;57,1428571428571;"Sim";-11,6;"ALCANÇOU"
"RN";240270;"Cerro Corá";50;2;1;200;"Não";150;"NÃO ALCANÇOU"
"RN";240280;"Coronel Ezequiel";0;0;1;0;"Sim";0;"ALCANÇOU"
"RN";240290;"Coronel João Pessoa";0;0;0;0;"Sim";0;"ALCANÇOU"
"RN";240300;"Cruzeta";0;0;0;0;"Sim";0;"ALCANÇOU"
"RN";240310;"Currais Novos";33,3333333333333;3;8;37,5;"Não";4,2;"NÃO ALCANÇOU"
"RN";240320;"Doutor Severiano";50;0;3;0;"Sim";-50;"ALCANÇOU"
"RN";240325;"Parnamirim";62,2950819672131;41;67;61,1940298507463;"Sim";-1,1;"ALCANÇOU"
"RN";240330;"Encanto";0;0;0;0;"Sim";0;"ALCANÇOU"
"RN";240340;"Equador";50;1;1;100;"Não";50;"NÃO ALCANÇOU"
"RN";240350;"Espírito Santo";0;0;1;0;"Sim";0;"ALCANÇOU"
"RN";240360;"Extremoz";40;11;32;34,375;"Sim";-5,6;"ALCANÇOU"
"RN";240370;"Felipe Guerra";0;1;1;100;"Não";100;"NÃO ALCANÇOU"
"RN";240375;"Fernando Pedroza";0;0;0;0;"Sim";0;"ALCANÇOU"
"RN";240380;"Florânia";0;0;1;0;"Sim";0;"ALCANÇOU"
"RN";240390;"Francisco Dantas";0;0;0;0;"Sim";0;"ALCANÇOU"
"RN";240400;"Frutuoso Gomes";0;0;0;0;"Sim";0;"ALCANÇOU"
"RN";240410;"Galinhos";0;0;0;0;"Sim";0;"ALCANÇOU"
"RN";240420;"Goianinha";30,7692307692308;5;12;41,6666666666667;"Não";10,9;"NÃO ALCANÇOU"
"RN";240430;"Governador Dix-Sept Rosado";0;1;0;0;"Sim";0;"ALCANÇOU"
"RN";240440;"Grossos";0;2;1;200;"Não";200;"NÃO ALCANÇOU"
"RN";240450;"Guamaré";0;0;1;0;"Sim";0;"ALCANÇOU"
"RN";240460;"Ielmo Marinho";0;0;1;0;"Sim";0;"ALCANÇOU"
"RN";240470;"Ipanguaçu";0;2;3;66,6666666666667;"Não";66,7;"NÃO ALCANÇOU"
"RN";240480;"Ipueira";0;1;1;100;"Não";100;"NÃO ALCANÇOU"
"RN";240485;"Itajá";0;2;2;100;"Não";100;"NÃO ALCANÇOU"
"RN";240490;"Itaú";0;0;1;0;"Sim";0;"ALCANÇOU"
"RN";240500;"Jaçanã";0;1;3;33,3333333333333;"Não";33,3;"NÃO ALCANÇOU"
"RN";240510;"Jandaíra";0;0;0;0;"Sim";0;"ALCANÇOU"
"RN";240520;"Janduís";100;0;2;0;"Sim";-100;"ALCANÇOU"
"RN";240530;"Januário Cicco";0;0;1;0;"Sim";0;"ALCANÇOU"
"RN";240540;"Japi";0;1;2;50;"Não";50;"NÃO ALCANÇOU"
"RN";240550;"Jardim de Angicos";0;0;1;0;"Sim";0;"ALCANÇOU"
"RN";240560;"Jardim de Piranhas";0;0;2;0;"Sim";0;"ALCANÇOU"
"RN";240570;"Jardim do Seridó";0;0;1;0;"Sim";0;"ALCANÇOU"
"RN";240580;"João Câmara";11,1111111111111;2;8;25;"Não";13,9;"NÃO ALCANÇOU"
"RN";240590;"João Dias";0;0;0;0;"Sim";0;"ALCANÇOU"
"RN";240600;"José da Penha";0;0;0;0;"Sim";0;"ALCANÇOU"
"RN";240610;"Jucurutu";0;0;4;0;"Sim";0;"ALCANÇOU"
"RN";240615;"Jundiá";0;0;0;0;"Sim";0;"ALCANÇOU"
"RN";240620;"Lagoa d'Anta";0;5;7;71,4285714285714;"Não";71,4;"NÃO ALCANÇOU"
"RN";240630;"Lagoa de Pedras";25;2;1;200;"Não";175;"NÃO ALCANÇOU"
"RN";240640;"Lagoa de Velhos";0;1;2;50;"Não";50;"NÃO ALCANÇOU"
"RN";240650;"Lagoa Nova";0;2;1;200;"Não";200;"NÃO ALCANÇOU"
"RN";240660;"Lagoa Salgada";25;6;6;100;"Não";75;"NÃO ALCANÇOU"
"RN";240670;"Lajes";0;0;1;0;"Sim";0;"ALCANÇOU"
"RN";240680;"Lajes Pintadas";0;1;1;100;"Não";100;"NÃO ALCANÇOU"
"RN";240690;"Lucrécia";0;0;0;0;"Sim";0;"ALCANÇOU"
"RN";240700;"Luís Gomes";0;0;0;0;"Sim";0;"ALCANÇOU"
"RN";240710;"Macaíba";66,6666666666667;11;15;73,3333333333333;"Não";6,7;"NÃO ALCANÇOU"
"RN";240720;"Macau";0;0;1;0;"Sim";0;"ALCANÇOU"
"RN";240725;"Major Sales";0;0;0;0;"Sim";0;"ALCANÇOU"
"RN";240730;"Marcelino Vieira";0;0;0;0;"Sim";0;"ALCANÇOU"
"RN";240740;"Martins";0;0;0;0;"Sim";0;"ALCANÇOU"
"RN";240750;"Maxaranguape";0;2;1;200;"Não";200;"NÃO ALCANÇOU"
"RN";240760;"Messias Targino";0;0;1;0;"Sim";0;"ALCANÇOU"
"RN";240770;"Montanhas";0;5;4;125;"Não";125;"NÃO ALCANÇOU"
"RN";240780;"Monte Alegre";20;11;12;91,6666666666667;"Não";71,7;"NÃO ALCANÇOU"
"RN";240790;"Monte das Gameleiras";0;0;0;0;"Sim";0;"ALCANÇOU"
"RN";240800;"Mossoró";70,2127659574468;21;47;44,6808510638298;"Sim";-25,5;"ALCANÇOU"
"RN";240810;"Natal";58,6387434554974;168;366;45,9016393442623;"Sim";-12,7;"ALCANÇOU"
"RN";240820;"Nísia Floresta";30;11;11;100;"Não";70;"NÃO ALCANÇOU"
"RN";240830;"Nova Cruz";22,2222222222222;10;15;66,6666666666667;"Não";44,4;"NÃO ALCANÇOU"
"RN";240840;"Olho-d'Água do Borges";0;0;0;0;"Sim";0;"ALCANÇOU"
"RN";240850;"Ouro Branco";0;0;1;0;"Sim";0;"ALCANÇOU"
"RN";240860;"Paraná";0;0;1;0;"Sim";0;"ALCANÇOU"
"RN";240870;"Paraú";0;2;1;200;"Não";200;"NÃO ALCANÇOU"
"RN";240880;"Parazinho";0;0;0;0;"Sim";0;"ALCANÇOU"
"RN";240890;"Parelhas";0;0;1;0;"Sim";0;"ALCANÇOU"
"RN";240895;"Rio do Fogo";0;1;3;33,3333333333333;"Não";33,3;"NÃO ALCANÇOU"
"RN";240910;"Passa e Fica";33,3333333333333;2;2;100;"Não";66,7;"NÃO ALCANÇOU"
"RN";240920;"Passagem";0;1;1;100;"Não";100;"NÃO ALCANÇOU"
"RN";240930;"Patu";0;1;2;50;"Não";50;"NÃO ALCANÇOU"
"RN";240933;"Santa Maria";60;1;2;50;"Sim";-10;"ALCANÇOU"
"RN";240940;"Pau dos Ferros";0;1;5;20;"Não";20;"NÃO ALCANÇOU"
"RN";240950;"Pedra Grande";0;0;0;0;"Sim";0;"ALCANÇOU"
"RN";240960;"Pedra Preta";0;0;0;0;"Sim";0;"ALCANÇOU"
"RN";240970;"Pedro Avelino";0;0;2;0;"Sim";0;"ALCANÇOU"
"RN";240980;"Pedro Velho";0;2;4;50;"Não";50;"NÃO ALCANÇOU"
"RN";240990;"Pendências";0;2;2;100;"Não";100;"NÃO ALCANÇOU"
"RN";241000;"Pilões";0;0;0;0;"Sim";0;"ALCANÇOU"
"RN";241010;"Poço Branco";33,3333333333333;1;3;33,3333333333333;"Não";0;"NÃO ALCANÇOU"
"RN";241020;"Portalegre";0;1;2;50;"Não";50;"NÃO ALCANÇOU"
"RN";241025;"Porto do Mangue";0;0;0;0;"Sim";0;"ALCANÇOU"
"RN";241030;"Serra Caiada";0;1;3;33,3333333333333;"Não";33,3;"NÃO ALCANÇOU"
"RN";241040;"Pureza";0;2;2;100;"Não";100;"NÃO ALCANÇOU"
"RN";241050;"Rafael Fernandes";0;0;1;0;"Sim";0;"ALCANÇOU"
"RN";241060;"Rafael Godeiro";0;0;0;0;"Sim";0;"ALCANÇOU"
"RN";241070;"Riacho da Cruz";0;0;0;0;"Sim";0;"ALCANÇOU"
"RN";241080;"Riacho de Santana";0;0;1;0;"Sim";0;"ALCANÇOU"
"RN";241090;"Riachuelo";40;2;2;100;"Não";60;"NÃO ALCANÇOU"
"RN";241100;"Rodolfo Fernandes";0;0;0;0;"Sim";0;"ALCANÇOU"
"RN";241105;"Tibau";0;1;0;0;"Sim";0;"ALCANÇOU"
"RN";241110;"Ruy Barbosa";0;0;0;0;"Sim";0;"ALCANÇOU"
"RN";241120;"Santa Cruz";47,3684210526316;18;19;94,7368421052632;"Não";47,4;"NÃO ALCANÇOU"
"RN";241140;"Santana do Matos";50;1;2;50;"Não";0;"NÃO ALCANÇOU"
"RN";241142;"Santana do Seridó";0;0;0;0;"Sim";0;"ALCANÇOU"
"RN";241150;"Santo Antônio";42,8571428571429;2;4;50;"Não";7,1;"NÃO ALCANÇOU"
"RN";241160;"São Bento do Norte";0;0;0;0;"Sim";0;"ALCANÇOU"
"RN";241170;"São Bento do Trairí";0;0;3;0;"Sim";0;"ALCANÇOU"
"RN";241180;"São Fernando";0;0;0;0;"Sim";0;"ALCANÇOU"
"RN";241190;"São Francisco do Oeste";0;0;0;0;"Sim";0;"ALCANÇOU"
"RN";241200;"São Gonçalo do Amarante";80,7692307692308;13;27;48,1481481481481;"Sim";-32,6;"ALCANÇOU"
"RN";241210;"São João do Sabugi";0;0;0;0;"Sim";0;"ALCANÇOU"
"RN";241220;"São José de Mipibu";33,3333333333333;21;22;95,4545454545455;"Não";62,1;"NÃO ALCANÇOU"
"RN";241230;"São José do Campestre";50;4;2;200;"Não";150;"NÃO ALCANÇOU"
"RN";241240;"São José do Seridó";0;0;0;0;"Sim";0;"ALCANÇOU"
"RN";241250;"São Miguel";0;0;0;0;"Sim";0;"ALCANÇOU"
"RN";241255;"São Miguel do Gostoso";33,3333333333333;2;5;40;"Não";6,7;"NÃO ALCANÇOU"
"RN";241260;"São Paulo do Potengi";33,3333333333333;6;6;100;"Não";66,7;"NÃO ALCANÇOU"
"RN";241270;"São Pedro";150;1;4;25;"Sim";-125;"ALCANÇOU"
"RN";241280;"São Rafael";0;0;0;0;"Sim";0;"ALCANÇOU"
"RN";241290;"São Tomé";0;2;3;66,6666666666667;"Não";66,7;"NÃO ALCANÇOU"
"RN";241300;"São Vicente";0;1;1;100;"Não";100;"NÃO ALCANÇOU"
"RN";241310;"Senador Elói de Souza";0;1;1;100;"Não";100;"NÃO ALCANÇOU"
"RN";241320;"Senador Georgino Avelino";0;1;1;100;"Não";100;"NÃO ALCANÇOU"
"RN";241330;"Serra de São Bento";0;0;0;0;"Sim";0;"ALCANÇOU"
"RN";241335;"Serra do Mel";0;1;0;0;"Sim";0;"ALCANÇOU"
"RN";241340;"Serra Negra do Norte";0;0;0;0;"Sim";0;"ALCANÇOU"
"RN";241350;"Serrinha";0;1;3;33,3333333333333;"Não";33,3;"NÃO ALCANÇOU"
"RN";241355;"Serrinha dos Pintos";0;0;0;0;"Sim";0;"ALCANÇOU"
"RN";241360;"Severiano Melo";0;0;0;0;"Sim";0;"ALCANÇOU"
"RN";241370;"Sítio Novo";0;1;1;100;"Não";100;"NÃO ALCANÇOU"
"RN";241380;"Taboleiro Grande";0;0;0;0;"Sim";0;"ALCANÇOU"
"RN";241390;"Taipu";0;0;0;0;"Sim";0;"ALCANÇOU"
"RN";241400;"Tangará";0;1;2;50;"Não";50;"NÃO ALCANÇOU"
"RN";241410;"Tenente Ananias";0;0;1;0;"Sim";0;"ALCANÇOU"
"RN";241415;"Tenente Laurentino Cruz";0;3;3;100;"Não";100;"NÃO ALCANÇOU"
"RN";241420;"Tibau do Sul";16,6666666666667;7;6;116,666666666667;"Não";100;"NÃO ALCANÇOU"
"RN";241430;"Timbaúba dos Batistas";0;0;0;0;"Sim";0;"ALCANÇOU"
"RN";241440;"Touros";50;3;8;37,5;"Sim";-12,5;"ALCANÇOU"
"RN";241445;"Triunfo Potiguar";0;0;0;0;"Sim";0;"ALCANÇOU"
"RN";241450;"Umarizal";0;0;0;0;"Sim";0;"ALCANÇOU"
"RN";241460;"Upanema";0;1;1;100;"Não";100;"NÃO ALCANÇOU"
"RN";241470;"Várzea";0;3;3;100;"Não";100;"NÃO ALCANÇOU"
"RN";241475;"Venha-Ver";0;0;0;0;"Sim";0;"ALCANÇOU"
"RN";241480;"Vera Cruz";0;1;2;50;"Não";50;"NÃO ALCANÇOU"
"RN";241490;"Viçosa";0;0;0;0;"Sim";0;"ALCANÇOU"
"RN";241500;"Vila Flor";40;1;4;25;"Sim";-15;"ALCANÇOU"
"PB";250010;"Água Branca";0;0;0;0;"Sim";0;"ALCANÇOU"
"PB";250020;"Aguiar";0;0;0;0;"Sim";0;"ALCANÇOU"
"PB";250030;"Alagoa Grande";0;3;6;50;"Não";50;"NÃO ALCANÇOU"
"PB";250040;"Alagoa Nova";100;3;4;75;"Sim";-25;"ALCANÇOU"
"PB";250050;"Alagoinha";0;0;1;0;"Sim";0;"ALCANÇOU"
"PB";250053;"Alcantil";0;1;1;100;"Não";100;"NÃO ALCANÇOU"
"PB";250057;"Algodão de Jandaíra";0;0;0;0;"Sim";0;"ALCANÇOU"
"PB";250060;"Alhandra";25;7;20;35;"Não";10;"NÃO ALCANÇOU"
"PB";250070;"São João do Rio do Peixe";0;0;0;0;"Sim";0;"ALCANÇOU"
"PB";250073;"Amparo";0;0;0;0;"Sim";0;"ALCANÇOU"
"PB";250077;"Aparecida";0;0;0;0;"Sim";0;"ALCANÇOU"
"PB";250080;"Araçagi";25;1;3;33,3333333333333;"Não";8,3;"NÃO ALCANÇOU"
"PB";250090;"Arara";0;0;1;0;"Sim";0;"ALCANÇOU"
"PB";250100;"Araruna";0;0;1;0;"Sim";0;"ALCANÇOU"
"PB";250110;"Areia";0;0;1;0;"Sim";0;"ALCANÇOU"
"PB";250115;"Areia de Baraúnas";0;0;0;0;"Sim";0;"ALCANÇOU"
"PB";250120;"Areial";0;1;0;0;"Sim";0;"ALCANÇOU"
"PB";250130;"Aroeiras";0;0;0;0;"Sim";0;"ALCANÇOU"
"PB";250135;"Assunção";0;0;0;0;"Sim";0;"ALCANÇOU"
"PB";250140;"Baía da Traição";25;5;6;83,3333333333333;"Não";58,3;"NÃO ALCANÇOU"
"PB";250150;"Bananeiras";0;1;2;50;"Não";50;"NÃO ALCANÇOU"
"PB";250153;"Baraúna";0;0;0;0;"Sim";0;"ALCANÇOU"
"PB";250157;"Barra de Santana";0;0;0;0;"Sim";0;"ALCANÇOU"
"PB";250160;"Barra de Santa Rosa";0;0;2;0;"Sim";0;"ALCANÇOU"
"PB";250170;"Barra de São Miguel";0;1;0;0;"Sim";0;"ALCANÇOU"
"PB";250180;"Bayeux";39,2857142857143;19;47;40,4255319148936;"Não";1,1;"NÃO ALCANÇOU"
"PB";250190;"Belém";0;0;0;0;"Sim";0;"ALCANÇOU"
"PB";250200;"Belém do Brejo do Cruz";0;1;1;100;"Não";100;"NÃO ALCANÇOU"
"PB";250205;"Bernardino Batista";0;0;0;0;"Sim";0;"ALCANÇOU"
"PB";250210;"Boa Ventura";0;0;1;0;"Sim";0;"ALCANÇOU"
"PB";250215;"Boa Vista";0;0;1;0;"Sim";0;"ALCANÇOU"
"PB";250220;"Bom Jesus";0;0;0;0;"Sim";0;"ALCANÇOU"
"PB";250230;"Bom Sucesso";0;0;0;0;"Sim";0;"ALCANÇOU"
"PB";250240;"Bonito de Santa Fé";0;0;0;0;"Sim";0;"ALCANÇOU"
"PB";250250;"Boqueirão";0;1;0;0;"Sim";0;"ALCANÇOU"
"PB";250260;"Igaracy";0;0;1;0;"Sim";0;"ALCANÇOU"
"PB";250270;"Borborema";0;0;0;0;"Sim";0;"ALCANÇOU"
"PB";250280;"Brejo do Cruz";0;0;1;0;"Sim";0;"ALCANÇOU"
"PB";250290;"Brejo dos Santos";0;0;0;0;"Sim";0;"ALCANÇOU"
"PB";250300;"Caaporã";50;4;6;66,6666666666667;"Não";16,7;"NÃO ALCANÇOU"
"PB";250310;"Cabaceiras";0;0;0;0;"Sim";0;"ALCANÇOU"
"PB";250320;"Cabedelo";50;5;18;27,7777777777778;"Sim";-22,2;"ALCANÇOU"
"PB";250330;"Cachoeira dos Índios";0;1;3;33,3333333333333;"Não";33,3;"NÃO ALCANÇOU"
"PB";250340;"Cacimba de Areia";0;0;0;0;"Sim";0;"ALCANÇOU"
"PB";250350;"Cacimba de Dentro";0;0;2;0;"Sim";0;"ALCANÇOU"
"PB";250355;"Cacimbas";0;0;1;0;"Sim";0;"ALCANÇOU"
"PB";250360;"Caiçara";0;0;0;0;"Sim";0;"ALCANÇOU"
"PB";250370;"Cajazeiras";29,4117647058824;0;5;0;"Sim";-29,4;"ALCANÇOU"
"PB";250375;"Cajazeirinhas";0;0;0;0;"Sim";0;"ALCANÇOU"
"PB";250380;"Caldas Brandão";0;0;3;0;"Sim";0;"ALCANÇOU"
"PB";250390;"Camalaú";0;0;0;0;"Sim";0;"ALCANÇOU"
"PB";250400;"Campina Grande";75;50;100;50;"Sim";-25;"ALCANÇOU"
"PB";250403;"Capim";0;0;2;0;"Sim";0;"ALCANÇOU"
"PB";250407;"Caraúbas";0;2;2;100;"Não";100;"NÃO ALCANÇOU"
"PB";250410;"Carrapateira";0;0;1;0;"Sim";0;"ALCANÇOU"
"PB";250415;"Casserengue";0;0;0;0;"Sim";0;"ALCANÇOU"
"PB";250420;"Catingueira";0;0;0;0;"Sim";0;"ALCANÇOU"
"PB";250430;"Catolé do Rocha";12,5;0;3;0;"Sim";-12,5;"ALCANÇOU"
"PB";250435;"Caturité";0;0;1;0;"Sim";0;"ALCANÇOU"
"PB";250440;"Conceição";0;0;1;0;"Sim";0;"ALCANÇOU"
"PB";250450;"Condado";0;0;0;0;"Sim";0;"ALCANÇOU"
"PB";250460;"Conde";35,7142857142857;5;17;29,4117647058824;"Sim";-6,3;"ALCANÇOU"
"PB";250470;"Congo";33,3333333333333;2;3;66,6666666666667;"Não";33,3;"NÃO ALCANÇOU"
"PB";250480;"Coremas";0;1;2;50;"Não";50;"NÃO ALCANÇOU"
"PB";250485;"Coxixola";0;0;0;0;"Sim";0;"ALCANÇOU"
"PB";250490;"Cruz do Espírito Santo";50;3;10;30;"Sim";-20;"ALCANÇOU"
"PB";250500;"Cubati";0;0;0;0;"Sim";0;"ALCANÇOU"
"PB";250510;"Cuité";50;0;4;0;"Sim";-50;"ALCANÇOU"
"PB";250520;"Cuitegi";0;1;1;100;"Não";100;"NÃO ALCANÇOU"
"PB";250523;"Cuité de Mamanguape";0;1;0;0;"Sim";0;"ALCANÇOU"
"PB";250527;"Curral de Cima";0;0;0;0;"Sim";0;"ALCANÇOU"
"PB";250530;"Curral Velho";0;0;0;0;"Sim";0;"ALCANÇOU"
"PB";250535;"Damião";0;0;0;0;"Sim";0;"ALCANÇOU"
"PB";250540;"Desterro";0;0;2;0;"Sim";0;"ALCANÇOU"
"PB";250550;"Vista Serrana";0;0;0;0;"Sim";0;"ALCANÇOU"
"PB";250560;"Diamante";0;0;0;0;"Sim";0;"ALCANÇOU"
"PB";250570;"Dona Inês";0;0;0;0;"Sim";0;"ALCANÇOU"
"PB";250580;"Duas Estradas";0;0;0;0;"Sim";0;"ALCANÇOU"
"PB";250590;"Emas";0;0;0;0;"Sim";0;"ALCANÇOU"
"PB";250600;"Esperança";0;0;2;0;"Sim";0;"ALCANÇOU"
"PB";250610;"Fagundes";0;0;1;0;"Sim";0;"ALCANÇOU"
"PB";250620;"Frei Martinho";0;0;0;0;"Sim";0;"ALCANÇOU"
"PB";250625;"Gado Bravo";0;0;0;0;"Sim";0;"ALCANÇOU"
"PB";250630;"Guarabira";28,5714285714286;0;7;0;"Sim";-28,6;"ALCANÇOU"
"PB";250640;"Gurinhém";0;0;0;0;"Sim";0;"ALCANÇOU"
"PB";250650;"Gurjão";0;0;0;0;"Sim";0;"ALCANÇOU"
"PB";250660;"Ibiara";0;0;0;0;"Sim";0;"ALCANÇOU"
"PB";250670;"Imaculada";0;0;0;0;"Sim";0;"ALCANÇOU"
"PB";250680;"Ingá";0;0;3;0;"Sim";0;"ALCANÇOU"
"PB";250690;"Itabaiana";66,6666666666667;0;3;0;"Sim";-66,7;"ALCANÇOU"
"PB";250700;"Itaporanga";57,1428571428571;0;2;0;"Sim";-57,1;"ALCANÇOU"
"PB";250710;"Itapororoca";11,1111111111111;8;12;66,6666666666667;"Não";55,6;"NÃO ALCANÇOU"
"PB";250720;"Itatuba";33,3333333333333;1;2;50;"Não";16,7;"NÃO ALCANÇOU"
"PB";250730;"Jacaraú";100;1;2;50;"Sim";-50;"ALCANÇOU"
"PB";250740;"Jericó";0;0;0;0;"Sim";0;"ALCANÇOU"
"PB";250750;"João Pessoa";37,0473537604457;158;416;37,9807692307692;"Não";0,9;"NÃO ALCANÇOU"
"PB";250760;"Juarez Távora";0;0;0;0;"Sim";0;"ALCANÇOU"
"PB";250770;"Juazeirinho";25;2;5;40;"Não";15;"NÃO ALCANÇOU"
"PB";250780;"Junco do Seridó";0;0;0;0;"Sim";0;"ALCANÇOU"
"PB";250790;"Juripiranga";0;1;2;50;"Não";50;"NÃO ALCANÇOU"
"PB";250800;"Juru";0;0;0;0;"Sim";0;"ALCANÇOU"
"PB";250810;"Lagoa";0;1;0;0;"Sim";0;"ALCANÇOU"
"PB";250820;"Lagoa de Dentro";0;2;1;200;"Não";200;"NÃO ALCANÇOU"
"PB";250830;"Lagoa Seca";0;0;3;0;"Sim";0;"ALCANÇOU"
"PB";250840;"Lastro";0;0;0;0;"Sim";0;"ALCANÇOU"
"PB";250850;"Livramento";0;0;1;0;"Sim";0;"ALCANÇOU"
"PB";250855;"Logradouro";0;0;0;0;"Sim";0;"ALCANÇOU"
"PB";250860;"Lucena";0;1;6;16,6666666666667;"Não";16,7;"NÃO ALCANÇOU"
"PB";250870;"Mãe d'Água";0;0;0;0;"Sim";0;"ALCANÇOU"
"PB";250880;"Malta";0;0;0;0;"Sim";0;"ALCANÇOU"
"PB";250890;"Mamanguape";27,2727272727273;7;12;58,3333333333333;"Não";31,1;"NÃO ALCANÇOU"
"PB";250900;"Manaíra";0;0;0;0;"Sim";0;"ALCANÇOU"
"PB";250905;"Marcação";0;3;4;75;"Não";75;"NÃO ALCANÇOU"
"PB";250910;"Mari";200;2;5;40;"Sim";-160;"ALCANÇOU"
"PB";250915;"Marizópolis";0;0;2;0;"Sim";0;"ALCANÇOU"
"PB";250920;"Massaranduba";0;0;1;0;"Sim";0;"ALCANÇOU"
"PB";250930;"Mataraca";20;1;3;33,3333333333333;"Não";13,3;"NÃO ALCANÇOU"
"PB";250933;"Matinhas";0;0;0;0;"Sim";0;"ALCANÇOU"
"PB";250937;"Mato Grosso";0;0;1;0;"Sim";0;"ALCANÇOU"
"PB";250939;"Maturéia";0;0;0;0;"Sim";0;"ALCANÇOU"
"PB";250940;"Mogeiro";0;1;2;50;"Não";50;"NÃO ALCANÇOU"
"PB";250950;"Montadas";0;1;1;100;"Não";100;"NÃO ALCANÇOU"
"PB";250960;"Monte Horebe";0;0;1;0;"Sim";0;"ALCANÇOU"
"PB";250970;"Monteiro";0;3;5;60;"Não";60;"NÃO ALCANÇOU"
"PB";250980;"Mulungu";0;0;0;0;"Sim";0;"ALCANÇOU"
"PB";250990;"Natuba";0;0;2;0;"Sim";0;"ALCANÇOU"
"PB";251000;"Nazarezinho";0;0;1;0;"Sim";0;"ALCANÇOU"
"PB";251010;"Nova Floresta";0;0;1;0;"Sim";0;"ALCANÇOU"
"PB";251020;"Nova Olinda";0;0;1;0;"Sim";0;"ALCANÇOU"
"PB";251030;"Nova Palmeira";0;0;0;0;"Sim";0;"ALCANÇOU"
"PB";251040;"Olho d'Água";0;0;1;0;"Sim";0;"ALCANÇOU"
"PB";251050;"Olivedos";0;1;1;100;"Não";100;"NÃO ALCANÇOU"
"PB";251060;"Ouro Velho";0;0;0;0;"Sim";0;"ALCANÇOU"
"PB";251065;"Parari";0;0;0;0;"Sim";0;"ALCANÇOU"
"PB";251070;"Passagem";0;0;0;0;"Sim";0;"ALCANÇOU"
"PB";251080;"Patos";8,33333333333333;1;9;11,1111111111111;"Não";2,8;"NÃO ALCANÇOU"
"PB";251090;"Paulista";0;0;0;0;"Sim";0;"ALCANÇOU"
"PB";251100;"Pedra Branca";0;0;1;0;"Sim";0;"ALCANÇOU"
"PB";251110;"Pedra Lavrada";0;0;2;0;"Sim";0;"ALCANÇOU"
"PB";251120;"Pedras de Fogo";22,2222222222222;2;6;33,3333333333333;"Não";11,1;"NÃO ALCANÇOU"
"PB";251130;"Piancó";0;0;1;0;"Sim";0;"ALCANÇOU"
"PB";251140;"Picuí";0;0;2;0;"Sim";0;"ALCANÇOU"
"PB";251150;"Pilar";0;1;8;12,5;"Não";12,5;"NÃO ALCANÇOU"
"PB";251160;"Pilões";0;0;1;0;"Sim";0;"ALCANÇOU"
"PB";251170;"Pilõezinhos";0;0;0;0;"Sim";0;"ALCANÇOU"
"PB";251180;"Pirpirituba";0;2;4;50;"Não";50;"NÃO ALCANÇOU"
"PB";251190;"Pitimbu";0;3;6;50;"Não";50;"NÃO ALCANÇOU"
"PB";251200;"Pocinhos";0;1;1;100;"Não";100;"NÃO ALCANÇOU"
"PB";251203;"Poço Dantas";0;0;0;0;"Sim";0;"ALCANÇOU"
"PB";251207;"Poço de José de Moura";0;0;0;0;"Sim";0;"ALCANÇOU"
"PB";251210;"Pombal";150;1;4;25;"Sim";-125;"ALCANÇOU"
"PB";251220;"Prata";0;0;0;0;"Sim";0;"ALCANÇOU"
"PB";251230;"Princesa Isabel";0;0;7;0;"Sim";0;"ALCANÇOU"
"PB";251240;"Puxinanã";0;0;8;0;"Sim";0;"ALCANÇOU"
"PB";251250;"Queimadas";0;2;5;40;"Não";40;"NÃO ALCANÇOU"
"PB";251260;"Quixabá";0;0;0;0;"Sim";0;"ALCANÇOU"
"PB";251270;"Remígio";0;0;1;0;"Sim";0;"ALCANÇOU"
"PB";251272;"Pedro Régis";0;0;0;0;"Sim";0;"ALCANÇOU"
"PB";251274;"Riachão";0;0;0;0;"Sim";0;"ALCANÇOU"
"PB";251275;"Riachão do Bacamarte";0;0;0;0;"Sim";0;"ALCANÇOU"
"PB";251276;"Riachão do Poço";0;0;0;0;"Sim";0;"ALCANÇOU"
"PB";251278;"Riacho de Santo Antônio";0;0;3;0;"Sim";0;"ALCANÇOU"
"PB";251280;"Riacho dos Cavalos";0;0;0;0;"Sim";0;"ALCANÇOU"
"PB";251290;"Rio Tinto";0;0;3;0;"Sim";0;"ALCANÇOU"
"PB";251300;"Salgadinho";0;0;0;0;"Sim";0;"ALCANÇOU"
"PB";251310;"Salgado de São Félix";0;0;0;0;"Sim";0;"ALCANÇOU"
"PB";251315;"Santa Cecília";0;1;1;100;"Não";100;"NÃO ALCANÇOU"
"PB";251320;"Santa Cruz";0;0;1;0;"Sim";0;"ALCANÇOU"
"PB";251330;"Santa Helena";0;0;0;0;"Sim";0;"ALCANÇOU"
"PB";251335;"Santa Inês";0;1;2;50;"Não";50;"NÃO ALCANÇOU"
"PB";251340;"Santa Luzia";0;1;2;50;"Não";50;"NÃO ALCANÇOU"
"PB";251350;"Santana de Mangueira";0;0;1;0;"Sim";0;"ALCANÇOU"
"PB";251360;"Santana dos Garrotes";0;0;0;0;"Sim";0;"ALCANÇOU"
"PB";251365;"Joca Claudino";0;0;0;0;"Sim";0;"ALCANÇOU"
"PB";251370;"Santa Rita";43,1818181818182;27;53;50,9433962264151;"Não";7,8;"NÃO ALCANÇOU"
"PB";251380;"Santa Teresinha";0;0;0;0;"Sim";0;"ALCANÇOU"
"PB";251385;"Santo André";0;0;0;0;"Sim";0;"ALCANÇOU"
"PB";251390;"São Bento";0;0;4;0;"Sim";0;"ALCANÇOU"
"PB";251392;"São Bentinho";0;0;1;0;"Sim";0;"ALCANÇOU"
"PB";251394;"São Domingos do Cariri";0;0;0;0;"Sim";0;"ALCANÇOU"
"PB";251396;"São Domingos";0;0;0;0;"Sim";0;"ALCANÇOU"
"PB";251398;"São Francisco";0;0;0;0;"Sim";0;"ALCANÇOU"
"PB";251400;"São João do Cariri";0;0;0;0;"Sim";0;"ALCANÇOU"
"PB";251410;"São João do Tigre";0;0;0;0;"Sim";0;"ALCANÇOU"
"PB";251420;"São José da Lagoa Tapada";0;0;1;0;"Sim";0;"ALCANÇOU"
"PB";251430;"São José de Caiana";0;0;0;0;"Sim";0;"ALCANÇOU"
"PB";251440;"São José de Espinharas";0;0;0;0;"Sim";0;"ALCANÇOU"
"PB";251445;"São José dos Ramos";33,3333333333333;0;3;0;"Sim";-33,3;"ALCANÇOU"
"PB";251450;"São José de Piranhas";0;0;0;0;"Sim";0;"ALCANÇOU"
"PB";251455;"São José de Princesa";0;0;0;0;"Sim";0;"ALCANÇOU"
"PB";251460;"São José do Bonfim";0;0;0;0;"Sim";0;"ALCANÇOU"
"PB";251465;"São José do Brejo do Cruz";0;0;0;0;"Sim";0;"ALCANÇOU"
"PB";251470;"São José do Sabugi";0;0;0;0;"Sim";0;"ALCANÇOU"
"PB";251480;"São José dos Cordeiros";0;0;0;0;"Sim";0;"ALCANÇOU"
"PB";251490;"São Mamede";0;0;0;0;"Sim";0;"ALCANÇOU"
"PB";251500;"São Miguel de Taipu";0;1;1;100;"Não";100;"NÃO ALCANÇOU"
"PB";251510;"São Sebastião de Lagoa de Roça";0;1;6;16,6666666666667;"Não";16,7;"NÃO ALCANÇOU"
"PB";251520;"São Sebastião do Umbuzeiro";0;0;0;0;"Sim";0;"ALCANÇOU"
"PB";251530;"Sapé";62,5;5;7;71,4285714285714;"Não";8,9;"NÃO ALCANÇOU"
"PB";251540;"São Vicente do Seridó";50;0;2;0;"Sim";-50;"ALCANÇOU"
"PB";251550;"Serra Branca";0;0;1;0;"Sim";0;"ALCANÇOU"
"PB";251560;"Serra da Raiz";0;0;0;0;"Sim";0;"ALCANÇOU"
"PB";251570;"Serra Grande";0;0;0;0;"Sim";0;"ALCANÇOU"
"PB";251580;"Serra Redonda";0;0;0;0;"Sim";0;"ALCANÇOU"
"PB";251590;"Serraria";0;0;0;0;"Sim";0;"ALCANÇOU"
"PB";251593;"Sertãozinho";0;1;2;50;"Não";50;"NÃO ALCANÇOU"
"PB";251597;"Sobrado";0;1;1;100;"Não";100;"NÃO ALCANÇOU"
"PB";251600;"Solânea";0;1;3;33,3333333333333;"Não";33,3;"NÃO ALCANÇOU"
"PB";251610;"Soledade";0;0;0;0;"Sim";0;"ALCANÇOU"
"PB";251615;"Sossêgo";0;0;0;0;"Sim";0;"ALCANÇOU"
"PB";251620;"Sousa";28,5714285714286;5;11;45,4545454545455;"Não";16,9;"NÃO ALCANÇOU"
"PB";251630;"Sumé";20;2;12;16,6666666666667;"Sim";-3,3;"ALCANÇOU"
"PB";251640;"Tacima";0;0;2;0;"Sim";0;"ALCANÇOU"
"PB";251650;"Taperoá";100;0;4;0;"Sim";-100;"ALCANÇOU"
"PB";251660;"Tavares";28,5714285714286;0;3;0;"Sim";-28,6;"ALCANÇOU"
"PB";251670;"Teixeira";0;0;1;0;"Sim";0;"ALCANÇOU"
"PB";251675;"Tenório";0;0;0;0;"Sim";0;"ALCANÇOU"
"PB";251680;"Triunfo";0;0;0;0;"Sim";0;"ALCANÇOU"
"PB";251690;"Uiraúna";0;0;0;0;"Sim";0;"ALCANÇOU"
"PB";251700;"Umbuzeiro";0;0;1;0;"Sim";0;"ALCANÇOU"
"PB";251710;"Várzea";0;0;2;0;"Sim";0;"ALCANÇOU"
"PB";251720;"Vieirópolis";0;0;1;0;"Sim";0;"ALCANÇOU"
"PB";251740;"Zabelê";0;0;0;0;"Sim";0;"ALCANÇOU"
"PE";260005;"Abreu e Lima";33,3333333333333;33;65;50,7692307692308;"Não";17,4;"NÃO ALCANÇOU"
"PE";260010;"Afogados da Ingazeira";0;0;11;0;"Sim";0;"ALCANÇOU"
"PE";260020;"Afrânio";0;0;2;0;"Sim";0;"ALCANÇOU"
"PE";260030;"Agrestina";75;9;10;90;"Não";15;"NÃO ALCANÇOU"
"PE";260040;"Água Preta";40;3;7;42,8571428571429;"Não";2,9;"NÃO ALCANÇOU"
"PE";260050;"Águas Belas";28,5714285714286;2;7;28,5714285714286;"Não";0;"NÃO ALCANÇOU"
"PE";260060;"Alagoinha";25;5;5;100;"Não";75;"NÃO ALCANÇOU"
"PE";260070;"Aliança";24;8;28;28,5714285714286;"Não";4,6;"NÃO ALCANÇOU"
"PE";260080;"Altinho";125;11;10;110;"Sim";-15;"ALCANÇOU"
"PE";260090;"Amaraji";0;0;4;0;"Sim";0;"ALCANÇOU"
"PE";260100;"Angelim";0;0;0;0;"Sim";0;"ALCANÇOU"
"PE";260105;"Araçoiaba";50;4;12;33,3333333333333;"Sim";-16,7;"ALCANÇOU"
"PE";260110;"Araripina";0;1;21;4,76190476190476;"Não";4,8;"NÃO ALCANÇOU"
"PE";260120;"Arcoverde";22,2222222222222;5;11;45,4545454545455;"Não";23,2;"NÃO ALCANÇOU"
"PE";260130;"Barra de Guabiraba";150;2;4;50;"Sim";-100;"ALCANÇOU"
"PE";260140;"Barreiros";40;15;18;83,3333333333333;"Não";43,3;"NÃO ALCANÇOU"
"PE";260150;"Belém de Maria";0;3;2;150;"Não";150;"NÃO ALCANÇOU"
"PE";260160;"Belém do São Francisco";0;0;1;0;"Sim";0;"ALCANÇOU"
"PE";260170;"Belo Jardim";48,2758620689655;28;40;70;"Não";21,7;"NÃO ALCANÇOU"
"PE";260180;"Betânia";0;1;1;100;"Não";100;"NÃO ALCANÇOU"
"PE";260190;"Bezerros";58,8235294117647;11;9;122,222222222222;"Não";63,4;"NÃO ALCANÇOU"
"PE";260200;"Bodocó";100;2;8;25;"Sim";-75;"ALCANÇOU"
"PE";260210;"Bom Conselho";50;2;4;50;"Não";0;"NÃO ALCANÇOU"
"PE";260220;"Bom Jardim";50;2;7;28,5714285714286;"Sim";-21,4;"ALCANÇOU"
"PE";260230;"Bonito";50;12;13;92,3076923076923;"Não";42,3;"NÃO ALCANÇOU"
"PE";260240;"Brejão";20;3;2;150;"Não";130;"NÃO ALCANÇOU"
"PE";260250;"Brejinho";0;1;0;0;"Sim";0;"ALCANÇOU"
"PE";260260;"Brejo da Madre de Deus";104,347826086957;16;26;61,5384615384615;"Sim";-42,8;"ALCANÇOU"
"PE";260270;"Buenos Aires";33,3333333333333;3;6;50;"Não";16,7;"NÃO ALCANÇOU"
"PE";260280;"Buíque";22,2222222222222;1;9;11,1111111111111;"Sim";-11,1;"ALCANÇOU"
"PE";260290;"Cabo de Santo Agostinho";23,6842105263158;27;92;29,3478260869565;"Não";5,7;"NÃO ALCANÇOU"
"PE";260300;"Cabrobó";20;1;14;7,14285714285714;"Sim";-12,9;"ALCANÇOU"
"PE";260310;"Cachoeirinha";42,8571428571429;7;9;77,7777777777778;"Não";34,9;"NÃO ALCANÇOU"
"PE";260320;"Caetés";0;0;0;0;"Sim";0;"ALCANÇOU"
"PE";260330;"Calçado";0;0;0;0;"Sim";0;"ALCANÇOU"
"PE";260340;"Calumbi";0;0;0;0;"Sim";0;"ALCANÇOU"
"PE";260345;"Camaragibe";34,1772151898734;38;70;54,2857142857143;"Não";20,1;"NÃO ALCANÇOU"
"PE";260350;"Camocim de São Félix";50;6;4;150;"Não";100;"NÃO ALCANÇOU"
"PE";260360;"Camutanga";0;0;6;0;"Sim";0;"ALCANÇOU"
"PE";260370;"Canhotinho";0;8;7;114,285714285714;"Não";114,3;"NÃO ALCANÇOU"
"PE";260380;"Capoeiras";0;0;0;0;"Sim";0;"ALCANÇOU"
"PE";260390;"Carnaíba";0;0;5;0;"Sim";0;"ALCANÇOU"
"PE";260392;"Carnaubeira da Penha";0;1;8;12,5;"Não";12,5;"NÃO ALCANÇOU"
"PE";260400;"Carpina";33,3333333333333;15;30;50;"Não";16,7;"NÃO ALCANÇOU"
"PE";260410;"Caruaru";31,4685314685315;74;181;40,8839779005525;"Não";9,4;"NÃO ALCANÇOU"
"PE";260415;"Casinhas";0;1;3;33,3333333333333;"Não";33,3;"NÃO ALCANÇOU"
"PE";260420;"Catende";76,4705882352941;7;11;63,6363636363636;"Sim";-12,8;"ALCANÇOU"
"PE";260430;"Cedro";0;0;3;0;"Sim";0;"ALCANÇOU"
"PE";260440;"Chã de Alegria";25;3;6;50;"Não";25;"NÃO ALCANÇOU"
"PE";260450;"Chã Grande";100;3;4;75;"Sim";-25;"ALCANÇOU"
"PE";260460;"Condado";28,5714285714286;2;9;22,2222222222222;"Sim";-6,3;"ALCANÇOU"
"PE";260470;"Correntes";0;0;0;0;"Sim";0;"ALCANÇOU"
"PE";260480;"Cortês";33,3333333333333;2;3;66,6666666666667;"Não";33,3;"NÃO ALCANÇOU"
"PE";260490;"Cumaru";0;0;2;0;"Sim";0;"ALCANÇOU"
"PE";260500;"Cupira";75;8;15;53,3333333333333;"Sim";-21,7;"ALCANÇOU"
"PE";260510;"Custódia";0;5;5;100;"Não";100;"NÃO ALCANÇOU"
"PE";260515;"Dormentes";0;4;6;66,6666666666667;"Não";66,7;"NÃO ALCANÇOU"
"PE";260520;"Escada";70,8333333333333;11;14;78,5714285714286;"Não";7,7;"NÃO ALCANÇOU"
"PE";260530;"Exu";8,33333333333333;2;16;12,5;"Não";4,2;"NÃO ALCANÇOU"
"PE";260540;"Feira Nova";50;0;6;0;"Sim";-50;"ALCANÇOU"
"PE";260550;"Ferreiros";66,6666666666667;1;2;50;"Sim";-16,7;"ALCANÇOU"
"PE";260560;"Flores";0;2;2;100;"Não";100;"NÃO ALCANÇOU"
"PE";260570;"Floresta";7,69230769230769;1;10;10;"Não";2,3;"NÃO ALCANÇOU"
"PE";260580;"Frei Miguelinho";0;1;0;0;"Sim";0;"ALCANÇOU"
"PE";260590;"Gameleira";0;3;8;37,5;"Não";37,5;"NÃO ALCANÇOU"
"PE";260600;"Garanhuns";28,5714285714286;5;38;13,1578947368421;"Sim";-15,4;"ALCANÇOU"
"PE";260610;"Glória do Goitá";33,3333333333333;3;4;75;"Não";41,7;"NÃO ALCANÇOU"
"PE";260620;"Goiana";52,7777777777778;15;46;32,6086956521739;"Sim";-20,2;"ALCANÇOU"
"PE";260630;"Granito";0;0;2;0;"Sim";0;"ALCANÇOU"
"PE";260640;"Gravatá";72,7272727272727;11;20;55;"Sim";-17,7;"ALCANÇOU"
"PE";260650;"Iati";40;2;2;100;"Não";60;"NÃO ALCANÇOU"
"PE";260660;"Ibimirim";33,3333333333333;2;6;33,3333333333333;"Não";0;"NÃO ALCANÇOU"
"PE";260670;"Ibirajuba";0;0;1;0;"Sim";0;"ALCANÇOU"
"PE";260680;"Igarassu";56,6037735849057;37;46;80,4347826086957;"Não";23,8;"NÃO ALCANÇOU"
"PE";260690;"Iguaracy";0;0;1;0;"Sim";0;"ALCANÇOU"
"PE";260700;"Inajá";33,3333333333333;1;5;20;"Sim";-13,3;"ALCANÇOU"
"PE";260710;"Ingazeira";25;1;4;25;"Não";0;"NÃO ALCANÇOU"
"PE";260720;"Ipojuca";38,2978723404255;12;54;22,2222222222222;"Sim";-16,1;"ALCANÇOU"
"PE";260730;"Ipubi";0;0;4;0;"Sim";0;"ALCANÇOU"
"PE";260740;"Itacuruba";0;0;1;0;"Sim";0;"ALCANÇOU"
"PE";260750;"Itaíba";11,1111111111111;3;6;50;"Não";38,9;"NÃO ALCANÇOU"
"PE";260760;"Ilha de Itamaracá";50;10;11;90,9090909090909;"Não";40,9;"NÃO ALCANÇOU"
"PE";260765;"Itambé";0;5;9;55,5555555555556;"Não";55,6;"NÃO ALCANÇOU"
"PE";260770;"Itapetim";0;1;0;0;"Sim";0;"ALCANÇOU"
"PE";260775;"Itapissuma";45,4545454545455;5;12;41,6666666666667;"Sim";-3,8;"ALCANÇOU"
"PE";260780;"Itaquitinga";25;0;3;0;"Sim";-25;"ALCANÇOU"
"PE";260790;"Jaboatão dos Guararapes";53,2258064516129;164;390;42,0512820512821;"Sim";-11,2;"ALCANÇOU"
"PE";260795;"Jaqueira";0;0;6;0;"Sim";0;"ALCANÇOU"
"PE";260800;"Jataúba";50;2;1;200;"Não";150;"NÃO ALCANÇOU"
"PE";260805;"Jatobá";0;0;3;0;"Sim";0;"ALCANÇOU"
"PE";260810;"João Alfredo";0;2;4;50;"Não";50;"NÃO ALCANÇOU"
"PE";260820;"Joaquim Nabuco";100;3;2;150;"Não";50;"NÃO ALCANÇOU"
"PE";260825;"Jucati";0;0;2;0;"Sim";0;"ALCANÇOU"
"PE";260830;"Jupi";60;0;6;0;"Sim";-60;"ALCANÇOU"
"PE";260840;"Jurema";133,333333333333;3;4;75;"Sim";-58,3;"ALCANÇOU"
"PE";260845;"Lagoa do Carro";28,5714285714286;0;3;0;"Sim";-28,6;"ALCANÇOU"
"PE";260850;"Lagoa de Itaenga";0;1;1;100;"Não";100;"NÃO ALCANÇOU"
"PE";260860;"Lagoa do Ouro";0;1;2;50;"Não";50;"NÃO ALCANÇOU"
"PE";260870;"Lagoa dos Gatos";16,6666666666667;3;6;50;"Não";33,3;"NÃO ALCANÇOU"
"PE";260875;"Lagoa Grande";50;4;18;22,2222222222222;"Sim";-27,8;"ALCANÇOU"
"PE";260880;"Lajedo";100;7;13;53,8461538461538;"Sim";-46,2;"ALCANÇOU"
"PE";260890;"Limoeiro";16,6666666666667;4;18;22,2222222222222;"Não";5,6;"NÃO ALCANÇOU"
"PE";260900;"Macaparana";25;1;8;12,5;"Sim";-12,5;"ALCANÇOU"
"PE";260910;"Machados";0;0;1;0;"Sim";0;"ALCANÇOU"
"PE";260915;"Manari";0;0;3;0;"Sim";0;"ALCANÇOU"
"PE";260920;"Maraial";40;2;5;40;"Não";0;"NÃO ALCANÇOU"
"PE";260930;"Mirandiba";25;1;2;50;"Não";25;"NÃO ALCANÇOU"
"PE";260940;"Moreno";53,3333333333333;10;20;50;"Sim";-3,3;"ALCANÇOU"
"PE";260950;"Nazaré da Mata";0;3;1;300;"Não";300;"NÃO ALCANÇOU"
"PE";260960;"Olinda";58;113;178;63,4831460674157;"Não";5,5;"NÃO ALCANÇOU"
"PE";260970;"Orobó";100;3;3;100;"Não";0;"NÃO ALCANÇOU"
"PE";260980;"Orocó";0;0;7;0;"Sim";0;"ALCANÇOU"
"PE";260990;"Ouricuri";20;3;15;20;"Não";0;"NÃO ALCANÇOU"
"PE";261000;"Palmares";92,3076923076923;9;14;64,2857142857143;"Sim";-28;"ALCANÇOU"
"PE";261010;"Palmeirina";0;0;1;0;"Sim";0;"ALCANÇOU"
"PE";261020;"Panelas";66,6666666666667;4;4;100;"Não";33,3;"NÃO ALCANÇOU"
"PE";261030;"Paranatama";0;1;1;100;"Não";100;"NÃO ALCANÇOU"
"PE";261040;"Parnamirim";0;0;1;0;"Sim";0;"ALCANÇOU"
"PE";261050;"Passira";66,6666666666667;2;7;28,5714285714286;"Sim";-38,1;"ALCANÇOU"
"PE";261060;"Paudalho";15,7894736842105;7;32;21,875;"Não";6,1;"NÃO ALCANÇOU"
"PE";261070;"Paulista";39,3617021276596;116;206;56,3106796116505;"Não";16,9;"NÃO ALCANÇOU"
"PE";261080;"Pedra";0;0;1;0;"Sim";0;"ALCANÇOU"
"PE";261090;"Pesqueira";100;4;6;66,6666666666667;"Sim";-33,3;"ALCANÇOU"
"PE";261100;"Petrolândia";11,1111111111111;1;5;20;"Não";8,9;"NÃO ALCANÇOU"
"PE";261110;"Petrolina";26,9058295964126;76;265;28,6792452830189;"Não";1,8;"NÃO ALCANÇOU"
"PE";261120;"Poção";25;0;3;0;"Sim";-25;"ALCANÇOU"
"PE";261130;"Pombos";50;5;7;71,4285714285714;"Não";21,4;"NÃO ALCANÇOU"
"PE";261140;"Primavera";0;0;0;0;"Sim";0;"ALCANÇOU"
"PE";261150;"Quipapá";66,6666666666667;1;2;50;"Sim";-16,7;"ALCANÇOU"
"PE";261153;"Quixaba";0;0;0;0;"Sim";0;"ALCANÇOU"
"PE";261160;"Recife";40,6382978723404;367;1260;29,1269841269841;"Sim";-11,5;"ALCANÇOU"
"PE";261170;"Riacho das Almas";0;0;0;0;"Sim";0;"ALCANÇOU"
"PE";261180;"Ribeirão";77,7777777777778;5;8;62,5;"Sim";-15,3;"ALCANÇOU"
"PE";261190;"Rio Formoso";27,2727272727273;4;7;57,1428571428571;"Não";29,9;"NÃO ALCANÇOU"
"PE";261200;"Sairé";0;1;0;0;"Sim";0;"ALCANÇOU"
"PE";261210;"Salgadinho";0;0;0;0;"Sim";0;"ALCANÇOU"
"PE";261220;"Salgueiro";18,1818181818182;2;28;7,14285714285714;"Sim";-11;"ALCANÇOU"
"PE";261230;"Saloá";0;1;0;0;"Sim";0;"ALCANÇOU"
"PE";261240;"Sanharó";66,6666666666667;4;5;80;"Não";13,3;"NÃO ALCANÇOU"
"PE";261245;"Santa Cruz";25;1;1;100;"Não";75;"NÃO ALCANÇOU"
"PE";261247;"Santa Cruz da Baixa Verde";0;1;1;100;"Não";100;"NÃO ALCANÇOU"
"PE";261250;"Santa Cruz do Capibaribe";68,75;40;42;95,2380952380952;"Não";26,5;"NÃO ALCANÇOU"
"PE";261255;"Santa Filomena";0;0;1;0;"Sim";0;"ALCANÇOU"
"PE";261260;"Santa Maria da Boa Vista";38,4615384615385;11;24;45,8333333333333;"Não";7,4;"NÃO ALCANÇOU"
"PE";261270;"Santa Maria do Cambucá";200;1;1;100;"Sim";-100;"ALCANÇOU"
"PE";261280;"Santa Terezinha";0;2;4;50;"Não";50;"NÃO ALCANÇOU"
"PE";261290;"São Benedito do Sul";0;2;4;50;"Não";50;"NÃO ALCANÇOU"
"PE";261300;"São Bento do Una";43,75;9;16;56,25;"Não";12,5;"NÃO ALCANÇOU"
"PE";261310;"São Caitano";70;15;16;93,75;"Não";23,8;"NÃO ALCANÇOU"
"PE";261320;"São João";0;0;3;0;"Sim";0;"ALCANÇOU"
"PE";261330;"São Joaquim do Monte";0;4;2;200;"Não";200;"NÃO ALCANÇOU"
"PE";261340;"São José da Coroa Grande";22,2222222222222;1;7;14,2857142857143;"Sim";-7,9;"ALCANÇOU"
"PE";261350;"São José do Belmonte";16,6666666666667;2;4;50;"Não";33,3;"NÃO ALCANÇOU"
"PE";261360;"São José do Egito";0;1;7;14,2857142857143;"Não";14,3;"NÃO ALCANÇOU"
"PE";261370;"São Lourenço da Mata";47,7272727272727;20;61;32,7868852459016;"Sim";-14,9;"ALCANÇOU"
"PE";261380;"São Vicente Ferrer";0;1;2;50;"Não";50;"NÃO ALCANÇOU"
"PE";261390;"Serra Talhada";35,7142857142857;7;28;25;"Sim";-10,7;"ALCANÇOU"
"PE";261400;"Serrita";33,3333333333333;0;2;0;"Sim";-33,3;"ALCANÇOU"
"PE";261410;"Sertânia";0;2;4;50;"Não";50;"NÃO ALCANÇOU"
"PE";261420;"Sirinhaém";46,6666666666667;9;17;52,9411764705882;"Não";6,3;"NÃO ALCANÇOU"
"PE";261430;"Moreilândia";0;0;0;0;"Sim";0;"ALCANÇOU"
"PE";261440;"Solidão";0;0;1;0;"Sim";0;"ALCANÇOU"
"PE";261450;"Surubim";50;2;3;66,6666666666667;"Não";16,7;"NÃO ALCANÇOU"
"PE";261460;"Tabira";30;5;8;62,5;"Não";32,5;"NÃO ALCANÇOU"
"PE";261470;"Tacaimbó";0;6;5;120;"Não";120;"NÃO ALCANÇOU"
"PE";261480;"Tacaratu";25;1;5;20;"Sim";-5;"ALCANÇOU"
"PE";261485;"Tamandaré";37,5;8;10;80;"Não";42,5;"NÃO ALCANÇOU"
"PE";261500;"Taquaritinga do Norte";40;6;6;100;"Não";60;"NÃO ALCANÇOU"
"PE";261510;"Terezinha";33,3333333333333;2;4;50;"Não";16,7;"NÃO ALCANÇOU"
"PE";261520;"Terra Nova";66,6666666666667;1;3;33,3333333333333;"Sim";-33,3;"ALCANÇOU"
"PE";261530;"Timbaúba";25;8;12;66,6666666666667;"Não";41,7;"NÃO ALCANÇOU"
"PE";261540;"Toritama";53,3333333333333;16;12;133,333333333333;"Não";80;"NÃO ALCANÇOU"
"PE";261550;"Tracunhaém";36,3636363636364;3;7;42,8571428571429;"Não";6,5;"NÃO ALCANÇOU"
"PE";261560;"Trindade";0;0;12;0;"Sim";0;"ALCANÇOU"
"PE";261570;"Triunfo";0;2;1;200;"Não";200;"NÃO ALCANÇOU"
"PE";261580;"Tupanatinga";0;3;4;75;"Não";75;"NÃO ALCANÇOU"
"PE";261590;"Tuparetama";0;0;1;0;"Sim";0;"ALCANÇOU"
"PE";261600;"Venturosa";0;0;0;0;"Sim";0;"ALCANÇOU"
"PE";261610;"Verdejante";0;0;0;0;"Sim";0;"ALCANÇOU"
"PE";261618;"Vertente do Lério";0;0;0;0;"Sim";0;"ALCANÇOU"
"PE";261620;"Vertentes";200;2;1;200;"Não";0;"NÃO ALCANÇOU"
"PE";261630;"Vicência";41,6666666666667;6;11;54,5454545454545;"Não";12,9;"NÃO ALCANÇOU"
"PE";261640;"Vitória de Santo Antão";64,5569620253165;26;39;66,6666666666667;"Não";2,1;"NÃO ALCANÇOU"
"PE";261650;"Xexéu";100;5;4;125;"Não";25;"NÃO ALCANÇOU"
"AL";270010;"Água Branca";16,6666666666667;0;4;0;"Sim";-16,7;"ALCANÇOU"
"AL";270020;"Anadia";0;3;4;75;"Não";75;"NÃO ALCANÇOU"
"AL";270030;"Arapiraca";0;2;12;16,6666666666667;"Não";16,7;"NÃO ALCANÇOU"
"AL";270040;"Atalaia";28,5714285714286;4;16;25;"Sim";-3,6;"ALCANÇOU"
"AL";270050;"Barra de Santo Antônio";142,857142857143;10;13;76,9230769230769;"Sim";-65,9;"ALCANÇOU"
"AL";270060;"Barra de São Miguel";40;4;2;200;"Não";160;"NÃO ALCANÇOU"
"AL";270070;"Batalha";0;0;7;0;"Sim";0;"ALCANÇOU"
"AL";270080;"Belém";0;0;1;0;"Sim";0;"ALCANÇOU"
"AL";270090;"Belo Monte";0;0;2;0;"Sim";0;"ALCANÇOU"
"AL";270100;"Boca da Mata";100;1;3;33,3333333333333;"Sim";-66,7;"ALCANÇOU"
"AL";270110;"Branquinha";120;6;7;85,7142857142857;"Sim";-34,3;"ALCANÇOU"
"AL";270120;"Cacimbinhas";0;0;0;0;"Sim";0;"ALCANÇOU"
"AL";270130;"Cajueiro";29,4117647058824;7;17;41,1764705882353;"Não";11,8;"NÃO ALCANÇOU"
"AL";270135;"Campestre";0;1;5;20;"Não";20;"NÃO ALCANÇOU"
"AL";270140;"Campo Alegre";31,25;9;18;50;"Não";18,8;"NÃO ALCANÇOU"
"AL";270150;"Campo Grande";0;0;0;0;"Sim";0;"ALCANÇOU"
"AL";270160;"Canapi";0;0;2;0;"Sim";0;"ALCANÇOU"
"AL";270170;"Capela";57,1428571428571;1;2;50;"Sim";-7,1;"ALCANÇOU"
"AL";270180;"Carneiros";0;0;0;0;"Sim";0;"ALCANÇOU"
"AL";270190;"Chã Preta";0;0;0;0;"Sim";0;"ALCANÇOU"
"AL";270200;"Coité do Nóia";0;0;0;0;"Sim";0;"ALCANÇOU"
"AL";270210;"Colônia Leopoldina";100;1;3;33,3333333333333;"Sim";-66,7;"ALCANÇOU"
"AL";270220;"Coqueiro Seco";0;2;0;0;"Sim";0;"ALCANÇOU"
"AL";270230;"Coruripe";27,2727272727273;5;18;27,7777777777778;"Não";0,5;"NÃO ALCANÇOU"
"AL";270235;"Craíbas";0;0;1;0;"Sim";0;"ALCANÇOU"
"AL";270240;"Delmiro Gouveia";26,6666666666667;1;10;10;"Sim";-16,7;"ALCANÇOU"
"AL";270250;"Dois Riachos";0;0;1;0;"Sim";0;"ALCANÇOU"
"AL";270255;"Estrela de Alagoas";0;0;0;0;"Sim";0;"ALCANÇOU"
"AL";270260;"Feira Grande";0;1;4;25;"Não";25;"NÃO ALCANÇOU"
"AL";270270;"Feliz Deserto";0;1;0;0;"Sim";0;"ALCANÇOU"
"AL";270280;"Flexeiras";0;1;1;100;"Não";100;"NÃO ALCANÇOU"
"AL";270290;"Girau do Ponciano";0;0;2;0;"Sim";0;"ALCANÇOU"
"AL";270300;"Ibateguara";0;1;1;100;"Não";100;"NÃO ALCANÇOU"
"AL";270310;"Igaci";0;0;3;0;"Sim";0;"ALCANÇOU"
"AL";270320;"Igreja Nova";100;0;1;0;"Sim";-100;"ALCANÇOU"
"AL";270330;"Inhapi";0;0;1;0;"Sim";0;"ALCANÇOU"
"AL";270340;"Jacaré dos Homens";0;1;0;0;"Sim";0;"ALCANÇOU"
"AL";270350;"Jacuípe";0;2;0;0;"Sim";0;"ALCANÇOU"
"AL";270360;"Japaratinga";0;0;0;0;"Sim";0;"ALCANÇOU"
"AL";270370;"Jaramataia";0;0;1;0;"Sim";0;"ALCANÇOU"
"AL";270375;"Jequiá da Praia";0;3;0;0;"Sim";0;"ALCANÇOU"
"AL";270380;"Joaquim Gomes";0;3;2;150;"Não";150;"NÃO ALCANÇOU"
"AL";270390;"Jundiá";50;2;1;200;"Não";150;"NÃO ALCANÇOU"
"AL";270400;"Junqueiro";0;1;1;100;"Não";100;"NÃO ALCANÇOU"
"AL";270410;"Lagoa da Canoa";0;0;0;0;"Sim";0;"ALCANÇOU"
"AL";270420;"Limoeiro de Anadia";0;0;1;0;"Sim";0;"ALCANÇOU"
"AL";270430;"Maceió";50,2752293577982;222;619;35,8642972536349;"Sim";-14,4;"ALCANÇOU"
"AL";270440;"Major Isidoro";0;0;6;0;"Sim";0;"ALCANÇOU"
"AL";270450;"Maragogi";14,2857142857143;3;14;21,4285714285714;"Não";7,1;"NÃO ALCANÇOU"
"AL";270460;"Maravilha";0;1;3;33,3333333333333;"Não";33,3;"NÃO ALCANÇOU"
"AL";270470;"Marechal Deodoro";59,0909090909091;8;26;30,7692307692308;"Sim";-28,3;"ALCANÇOU"
"AL";270480;"Maribondo";0;0;0;0;"Sim";0;"ALCANÇOU"
"AL";270490;"Mar Vermelho";0;0;0;0;"Sim";0;"ALCANÇOU"
"AL";270500;"Mata Grande";0;0;3;0;"Sim";0;"ALCANÇOU"
"AL";270510;"Matriz de Camaragibe";63,6363636363636;2;7;28,5714285714286;"Sim";-35,1;"ALCANÇOU"
"AL";270520;"Messias";0;3;3;100;"Não";100;"NÃO ALCANÇOU"
"AL";270530;"Minador do Negrão";0;0;0;0;"Sim";0;"ALCANÇOU"
"AL";270540;"Monteirópolis";0;0;0;0;"Sim";0;"ALCANÇOU"
"AL";270550;"Murici";100;6;16;37,5;"Sim";-62,5;"ALCANÇOU"
"AL";270560;"Novo Lino";0;1;0;0;"Sim";0;"ALCANÇOU"
"AL";270570;"Olho d'Água das Flores";0;0;2;0;"Sim";0;"ALCANÇOU"
"AL";270580;"Olho d'Água do Casado";0;0;1;0;"Sim";0;"ALCANÇOU"
"AL";270590;"Olho d'Água Grande";0;0;0;0;"Sim";0;"ALCANÇOU"
"AL";270600;"Olivença";0;0;0;0;"Sim";0;"ALCANÇOU"
"AL";270610;"Ouro Branco";0;0;2;0;"Sim";0;"ALCANÇOU"
"AL";270620;"Palestina";0;0;0;0;"Sim";0;"ALCANÇOU"
"AL";270630;"Palmeira dos Índios";25;0;3;0;"Sim";-25;"ALCANÇOU"
"AL";270640;"Pão de Açúcar";0;0;2;0;"Sim";0;"ALCANÇOU"
"AL";270642;"Pariconha";0;0;5;0;"Sim";0;"ALCANÇOU"
"AL";270644;"Paripueira";57,1428571428571;7;9;77,7777777777778;"Não";20,6;"NÃO ALCANÇOU"
"AL";270650;"Passo de Camaragibe";33,3333333333333;2;2;100;"Não";66,7;"NÃO ALCANÇOU"
"AL";270660;"Paulo Jacinto";0;0;0;0;"Sim";0;"ALCANÇOU"
"AL";270670;"Penedo";12,5;0;20;0;"Sim";-12,5;"ALCANÇOU"
"AL";270680;"Piaçabuçu";0;0;8;0;"Sim";0;"ALCANÇOU"
"AL";270690;"Pilar";60;3;18;16,6666666666667;"Sim";-43,3;"ALCANÇOU"
"AL";270700;"Pindoba";0;0;0;0;"Sim";0;"ALCANÇOU"
"AL";270710;"Piranhas";12,5;0;3;0;"Sim";-12,5;"ALCANÇOU"
"AL";270720;"Poço das Trincheiras";0;0;0;0;"Sim";0;"ALCANÇOU"
"AL";270730;"Porto Calvo";0;4;2;200;"Não";200;"NÃO ALCANÇOU"
"AL";270740;"Porto de Pedras";0;1;1;100;"Não";100;"NÃO ALCANÇOU"
"AL";270750;"Porto Real do Colégio";0;0;0;0;"Sim";0;"ALCANÇOU"
"AL";270760;"Quebrangulo";0;0;0;0;"Sim";0;"ALCANÇOU"
"AL";270770;"Rio Largo";56,8181818181818;24;62;38,7096774193548;"Sim";-18,1;"ALCANÇOU"
"AL";270780;"Roteiro";0;1;1;100;"Não";100;"NÃO ALCANÇOU"
"AL";270790;"Santa Luzia do Norte";0;1;2;50;"Não";50;"NÃO ALCANÇOU"
"AL";270800;"Santana do Ipanema";0;0;5;0;"Sim";0;"ALCANÇOU"
"AL";270810;"Santana do Mundaú";150;0;3;0;"Sim";-150;"ALCANÇOU"
"AL";270820;"São Brás";0;0;1;0;"Sim";0;"ALCANÇOU"
"AL";270830;"São José da Laje";88,8888888888889;8;11;72,7272727272727;"Sim";-16,2;"ALCANÇOU"
"AL";270840;"São José da Tapera";0;1;7;14,2857142857143;"Não";14,3;"NÃO ALCANÇOU"
"AL";270850;"São Luís do Quitunde";11,1111111111111;3;5;60;"Não";48,9;"NÃO ALCANÇOU"
"AL";270860;"São Miguel dos Campos";100;9;7;128,571428571429;"Não";28,6;"NÃO ALCANÇOU"
"AL";270870;"São Miguel dos Milagres";0;2;9;22,2222222222222;"Não";22,2;"NÃO ALCANÇOU"
"AL";270880;"São Sebastião";33,3333333333333;0;3;0;"Sim";-33,3;"ALCANÇOU"
"AL";270890;"Satuba";40;4;7;57,1428571428571;"Não";17,1;"NÃO ALCANÇOU"
"AL";270895;"Senador Rui Palmeira";0;0;1;0;"Sim";0;"ALCANÇOU"
"AL";270900;"Tanque d'Arca";0;0;0;0;"Sim";0;"ALCANÇOU"
"AL";270910;"Taquarana";0;0;1;0;"Sim";0;"ALCANÇOU"
"AL";270915;"Teotônio Vilela";16,6666666666667;2;10;20;"Não";3,3;"NÃO ALCANÇOU"
"AL";270920;"Traipu";0;0;4;0;"Sim";0;"ALCANÇOU"
"AL";270930;"União dos Palmares";62,5;7;15;46,6666666666667;"Sim";-15,8;"ALCANÇOU"
"AL";270940;"Viçosa";28,5714285714286;3;8;37,5;"Não";8,9;"NÃO ALCANÇOU"
"SE";280010;"Amparo de São Francisco";0;1;1;100;"Não";100;"NÃO ALCANÇOU"
"SE";280020;"Aquidabã";50;2;5;40;"Sim";-10;"ALCANÇOU"
"SE";280030;"Aracaju";38,4030418250951;99;253;39,1304347826087;"Não";0,7;"NÃO ALCANÇOU"
"SE";280040;"Arauá";66,6666666666667;1;5;20;"Sim";-46,7;"ALCANÇOU"
"SE";280050;"Areia Branca";35,7142857142857;1;8;12,5;"Sim";-23,2;"ALCANÇOU"
"SE";280060;"Barra dos Coqueiros";44;11;28;39,2857142857143;"Sim";-4,7;"ALCANÇOU"
"SE";280067;"Boquim";90;8;17;47,0588235294118;"Sim";-42,9;"ALCANÇOU"
"SE";280070;"Brejo Grande";0;0;2;0;"Sim";0;"ALCANÇOU"
"SE";280100;"Campo do Brito";33,3333333333333;3;6;50;"Não";16,7;"NÃO ALCANÇOU"
"SE";280110;"Canhoba";0;0;0;0;"Sim";0;"ALCANÇOU"
"SE";280120;"Canindé de São Francisco";57,1428571428571;1;16;6,25;"Sim";-50,9;"ALCANÇOU"
"SE";280130;"Capela";72,7272727272727;2;10;20;"Sim";-52,7;"ALCANÇOU"
"SE";280140;"Carira";33,3333333333333;2;4;50;"Não";16,7;"NÃO ALCANÇOU"
"SE";280150;"Carmópolis";33,3333333333333;6;9;66,6666666666667;"Não";33,3;"NÃO ALCANÇOU"
"SE";280160;"Cedro de São João";0;0;2;0;"Sim";0;"ALCANÇOU"
"SE";280170;"Cristinápolis";72,7272727272727;2;6;33,3333333333333;"Sim";-39,4;"ALCANÇOU"
"SE";280190;"Cumbe";0;0;0;0;"Sim";0;"ALCANÇOU"
"SE";280200;"Divina Pastora";0;0;0;0;"Sim";0;"ALCANÇOU"
"SE";280210;"Estância";36,1702127659575;3;35;8,57142857142857;"Sim";-27,6;"ALCANÇOU"
"SE";280220;"Feira Nova";0;0;3;0;"Sim";0;"ALCANÇOU"
"SE";280230;"Frei Paulo";0;0;0;0;"Sim";0;"ALCANÇOU"
"SE";280240;"Gararu";0;1;2;50;"Não";50;"NÃO ALCANÇOU"
"SE";280250;"General Maynard";0;1;2;50;"Não";50;"NÃO ALCANÇOU"
"SE";280260;"Gracho Cardoso";0;0;1;0;"Sim";0;"ALCANÇOU"
"SE";280270;"Ilha das Flores";0;0;3;0;"Sim";0;"ALCANÇOU"
"SE";280280;"Indiaroba";69,2307692307692;7;15;46,6666666666667;"Sim";-22,6;"ALCANÇOU"
"SE";280290;"Itabaiana";34,6153846153846;8;44;18,1818181818182;"Sim";-16,4;"ALCANÇOU"
"SE";280300;"Itabaianinha";66,6666666666667;8;20;40;"Sim";-26,7;"ALCANÇOU"
"SE";280310;"Itabi";0;0;0;0;"Sim";0;"ALCANÇOU"
"SE";280320;"Itaporanga d'Ajuda";46,1538461538462;9;21;42,8571428571429;"Sim";-3,3;"ALCANÇOU"
"SE";280330;"Japaratuba";0;0;4;0;"Sim";0;"ALCANÇOU"
"SE";280340;"Japoatã";0;0;3;0;"Sim";0;"ALCANÇOU"
"SE";280350;"Lagarto";30,952380952381;10;44;22,7272727272727;"Sim";-8,2;"ALCANÇOU"
"SE";280360;"Laranjeiras";80;2;17;11,7647058823529;"Sim";-68,2;"ALCANÇOU"
"SE";280370;"Macambira";40;1;3;33,3333333333333;"Sim";-6,7;"ALCANÇOU"
"SE";280380;"Malhada dos Bois";0;1;2;50;"Não";50;"NÃO ALCANÇOU"
"SE";280390;"Malhador";20;2;4;50;"Não";30;"NÃO ALCANÇOU"
"SE";280400;"Maruim";35,7142857142857;1;15;6,66666666666667;"Sim";-29;"ALCANÇOU"
"SE";280410;"Moita Bonita";66,6666666666667;1;3;33,3333333333333;"Sim";-33,3;"ALCANÇOU"
"SE";280420;"Monte Alegre de Sergipe";11,1111111111111;3;8;37,5;"Não";26,4;"NÃO ALCANÇOU"
"SE";280430;"Muribeca";0;0;2;0;"Sim";0;"ALCANÇOU"
"SE";280440;"Neópolis";100;2;3;66,6666666666667;"Sim";-33,3;"ALCANÇOU"
"SE";280445;"Nossa Senhora Aparecida";50;0;3;0;"Sim";-50;"ALCANÇOU"
"SE";280450;"Nossa Senhora da Glória";21,4285714285714;1;6;16,6666666666667;"Sim";-4,8;"ALCANÇOU"
"SE";280460;"Nossa Senhora das Dores";30,7692307692308;3;5;60;"Não";29,2;"NÃO ALCANÇOU"
"SE";280470;"Nossa Senhora de Lourdes";0;0;0;0;"Sim";0;"ALCANÇOU"
"SE";280480;"Nossa Senhora do Socorro";44;38;112;33,9285714285714;"Sim";-10,1;"ALCANÇOU"
"SE";280490;"Pacatuba";50;0;6;0;"Sim";-50;"ALCANÇOU"
"SE";280500;"Pedra Mole";0;0;1;0;"Sim";0;"ALCANÇOU"
"SE";280510;"Pedrinhas";100;1;1;100;"Não";0;"NÃO ALCANÇOU"
"SE";280520;"Pinhão";0;0;1;0;"Sim";0;"ALCANÇOU"
"SE";280530;"Pirambu";0;0;3;0;"Sim";0;"ALCANÇOU"
"SE";280540;"Poço Redondo";12,5;5;4;125;"Não";112,5;"NÃO ALCANÇOU"
"SE";280550;"Poço Verde";66,6666666666667;3;3;100;"Não";33,3;"NÃO ALCANÇOU"
"SE";280560;"Porto da Folha";66,6666666666667;7;8;87,5;"Não";20,8;"NÃO ALCANÇOU"
"SE";280570;"Propriá";33,3333333333333;2;9;22,2222222222222;"Sim";-11,1;"ALCANÇOU"
"SE";280580;"Riachão do Dantas";0;2;4;50;"Não";50;"NÃO ALCANÇOU"
"SE";280590;"Riachuelo";66,6666666666667;7;14;50;"Sim";-16,7;"ALCANÇOU"
"SE";280600;"Ribeirópolis";66,6666666666667;2;4;50;"Sim";-16,7;"ALCANÇOU"
"SE";280610;"Rosário do Catete";33,3333333333333;4;8;50;"Não";16,7;"NÃO ALCANÇOU"
"SE";280620;"Salgado";50;1;6;16,6666666666667;"Sim";-33,3;"ALCANÇOU"
"SE";280630;"Santa Luzia do Itanhy";58,3333333333333;4;10;40;"Sim";-18,3;"ALCANÇOU"
"SE";280640;"Santana do São Francisco";0;0;3;0;"Sim";0;"ALCANÇOU"
"SE";280650;"Santa Rosa de Lima";0;0;2;0;"Sim";0;"ALCANÇOU"
"SE";280660;"Santo Amaro das Brotas";66,6666666666667;1;8;12,5;"Sim";-54,2;"ALCANÇOU"
"SE";280670;"São Cristóvão";15,7894736842105;15;47;31,9148936170213;"Não";16,1;"NÃO ALCANÇOU"
"SE";280680;"São Domingos";50;1;4;25;"Sim";-25;"ALCANÇOU"
"SE";280690;"São Francisco";0;2;1;200;"Não";200;"NÃO ALCANÇOU"
"SE";280700;"São Miguel do Aleixo";0;0;1;0;"Sim";0;"ALCANÇOU"
"SE";280710;"Simão Dias";75;4;15;26,6666666666667;"Sim";-48,3;"ALCANÇOU"
"SE";280720;"Siriri";33,3333333333333;2;4;50;"Não";16,7;"NÃO ALCANÇOU"
"SE";280730;"Telha";0;0;0;0;"Sim";0;"ALCANÇOU"
"SE";280740;"Tobias Barreto";17,3913043478261;8;28;28,5714285714286;"Não";11,2;"NÃO ALCANÇOU"
"SE";280750;"Tomar do Geru";25;0;2;0;"Sim";-25;"ALCANÇOU"
"SE";280760;"Umbaúba";50;3;8;37,5;"Sim";-12,5;"ALCANÇOU"
"BA";290010;"Abaíra";0;0;0;0;"Sim";0;"ALCANÇOU"
"BA";290020;"Abaré";14,2857142857143;0;5;0;"Sim";-14,3;"ALCANÇOU"
"BA";290030;"Acajutiba";0;1;0;0;"Sim";0;"ALCANÇOU"
"BA";290035;"Adustina";0;0;1;0;"Sim";0;"ALCANÇOU"
"BA";290040;"Água Fria";0;2;7;28,5714285714286;"Não";28,6;"NÃO ALCANÇOU"
"BA";290050;"Érico Cardoso";0;0;1;0;"Sim";0;"ALCANÇOU"
"BA";290060;"Aiquara";0;1;0;0;"Sim";0;"ALCANÇOU"
"BA";290070;"Alagoinhas";55,5555555555556;6;35;17,1428571428571;"Sim";-38,4;"ALCANÇOU"
"BA";290080;"Alcobaça";78,5714285714286;13;15;86,6666666666667;"Não";8,1;"NÃO ALCANÇOU"
"BA";290090;"Almadina";0;0;1;0;"Sim";0;"ALCANÇOU"
"BA";290100;"Amargosa";9,09090909090909;3;10;30;"Não";20,9;"NÃO ALCANÇOU"
"BA";290110;"Amélia Rodrigues";0;3;8;37,5;"Não";37,5;"NÃO ALCANÇOU"
"BA";290115;"América Dourada";0;0;6;0;"Sim";0;"ALCANÇOU"
"BA";290120;"Anagé";0;2;5;40;"Não";40;"NÃO ALCANÇOU"
"BA";290130;"Andaraí";0;0;3;0;"Sim";0;"ALCANÇOU"
"BA";290135;"Andorinha";25;0;1;0;"Sim";-25;"ALCANÇOU"
"BA";290140;"Angical";0;2;2;100;"Não";100;"NÃO ALCANÇOU"
"BA";290150;"Anguera";0;0;0;0;"Sim";0;"ALCANÇOU"
"BA";290160;"Antas";0;0;2;0;"Sim";0;"ALCANÇOU"
"BA";290170;"Antônio Cardoso";0;2;2;100;"Não";100;"NÃO ALCANÇOU"
"BA";290180;"Antônio Gonçalves";0;0;4;0;"Sim";0;"ALCANÇOU"
"BA";290190;"Aporá";33,3333333333333;1;1;100;"Não";66,7;"NÃO ALCANÇOU"
"BA";290195;"Apuarema";0;0;2;0;"Sim";0;"ALCANÇOU"
"BA";290200;"Aracatu";0;1;2;50;"Não";50;"NÃO ALCANÇOU"
"BA";290205;"Araças";33,3333333333333;0;1;0;"Sim";-33,3;"ALCANÇOU"
"BA";290210;"Araci";66,6666666666667;2;12;16,6666666666667;"Sim";-50;"ALCANÇOU"
"BA";290220;"Aramari";0;0;0;0;"Sim";0;"ALCANÇOU"
"BA";290225;"Arataca";0;0;2;0;"Sim";0;"ALCANÇOU"
"BA";290230;"Aratuípe";0;0;1;0;"Sim";0;"ALCANÇOU"
"BA";290240;"Aurelino Leal";0;2;4;50;"Não";50;"NÃO ALCANÇOU"
"BA";290250;"Baianópolis";0;0;0;0;"Sim";0;"ALCANÇOU"
"BA";290260;"Baixa Grande";0;0;1;0;"Sim";0;"ALCANÇOU"
"BA";290265;"Banzaê";0;1;2;50;"Não";50;"NÃO ALCANÇOU"
"BA";290270;"Barra";14,2857142857143;2;13;15,3846153846154;"Não";1,1;"NÃO ALCANÇOU"
"BA";290280;"Barra da Estiva";0;1;3;33,3333333333333;"Não";33,3;"NÃO ALCANÇOU"
"BA";290290;"Barra do Choça";12,5;2;11;18,1818181818182;"Não";5,7;"NÃO ALCANÇOU"
"BA";290300;"Barra do Mendes";0;0;1;0;"Sim";0;"ALCANÇOU"
"BA";290310;"Barra do Rocha";0;0;3;0;"Sim";0;"ALCANÇOU"
"BA";290320;"Barreiras";10,7142857142857;1;27;3,7037037037037;"Sim";-7;"ALCANÇOU"
"BA";290323;"Barro Alto";0;0;0;0;"Sim";0;"ALCANÇOU"
"BA";290327;"Barrocas";0;0;3;0;"Sim";0;"ALCANÇOU"
"BA";290330;"Barro Preto";0;0;1;0;"Sim";0;"ALCANÇOU"
"BA";290340;"Belmonte";41,6666666666667;4;10;40;"Sim";-1,7;"ALCANÇOU"
"BA";290350;"Belo Campo";0;0;3;0;"Sim";0;"ALCANÇOU"
"BA";290360;"Biritinga";50;1;3;33,3333333333333;"Sim";-16,7;"ALCANÇOU"
"BA";290370;"Boa Nova";0;0;0;0;"Sim";0;"ALCANÇOU"
"BA";290380;"Boa Vista do Tupim";14,2857142857143;0;2;0;"Sim";-14,3;"ALCANÇOU"
"BA";290390;"Bom Jesus da Lapa";0;3;10;30;"Não";30;"NÃO ALCANÇOU"
"BA";290395;"Bom Jesus da Serra";0;0;2;0;"Sim";0;"ALCANÇOU"
"BA";290400;"Boninal";0;0;0;0;"Sim";0;"ALCANÇOU"
"BA";290405;"Bonito";0;0;4;0;"Sim";0;"ALCANÇOU"
"BA";290410;"Boquira";0;0;1;0;"Sim";0;"ALCANÇOU"
"BA";290420;"Botuporã";0;0;1;0;"Sim";0;"ALCANÇOU"
"BA";290430;"Brejões";0;0;0;0;"Sim";0;"ALCANÇOU"
"BA";290440;"Brejolândia";0;0;0;0;"Sim";0;"ALCANÇOU"
"BA";290450;"Brotas de Macaúbas";0;0;3;0;"Sim";0;"ALCANÇOU"
"BA";290460;"Brumado";0;3;8;37,5;"Não";37,5;"NÃO ALCANÇOU"
"BA";290470;"Buerarema";100;0;1;0;"Sim";-100;"ALCANÇOU"
"BA";290475;"Buritirama";0;0;2;0;"Sim";0;"ALCANÇOU"
"BA";290480;"Caatiba";0;0;0;0;"Sim";0;"ALCANÇOU"
"BA";290485;"Cabaceiras do Paraguaçu";0;0;1;0;"Sim";0;"ALCANÇOU"
"BA";290490;"Cachoeira";50;1;2;50;"Não";0;"NÃO ALCANÇOU"
"BA";290500;"Caculé";0;1;0;0;"Sim";0;"ALCANÇOU"
"BA";290510;"Caém";0;0;2;0;"Sim";0;"ALCANÇOU"
"BA";290515;"Caetanos";0;0;1;0;"Sim";0;"ALCANÇOU"
"BA";290520;"Caetité";0;1;1;100;"Não";100;"NÃO ALCANÇOU"
"BA";290530;"Cafarnaum";0;1;9;11,1111111111111;"Não";11,1;"NÃO ALCANÇOU"
"BA";290540;"Cairu";0;1;3;33,3333333333333;"Não";33,3;"NÃO ALCANÇOU"
"BA";290550;"Caldeirão Grande";0;0;1;0;"Sim";0;"ALCANÇOU"
"BA";290560;"Camacan";30,7692307692308;2;10;20;"Sim";-10,8;"ALCANÇOU"
"BA";290570;"Camaçari";8,33333333333333;25;90;27,7777777777778;"Não";19,4;"NÃO ALCANÇOU"
"BA";290580;"Camamu";66,6666666666667;3;7;42,8571428571429;"Sim";-23,8;"ALCANÇOU"
"BA";290590;"Campo Alegre de Lourdes";0;2;2;100;"Não";100;"NÃO ALCANÇOU"
"BA";290600;"Campo Formoso";50;2;12;16,6666666666667;"Sim";-33,3;"ALCANÇOU"
"BA";290610;"Canápolis";0;0;3;0;"Sim";0;"ALCANÇOU"
"BA";290620;"Canarana";0;0;5;0;"Sim";0;"ALCANÇOU"
"BA";290630;"Canavieiras";50;5;10;50;"Não";0;"NÃO ALCANÇOU"
"BA";290640;"Candeal";0;0;2;0;"Sim";0;"ALCANÇOU"
"BA";290650;"Candeias";20;4;20;20;"Não";0;"NÃO ALCANÇOU"
"BA";290660;"Candiba";0;0;0;0;"Sim";0;"ALCANÇOU"
"BA";290670;"Cândido Sales";10;1;2;50;"Não";40;"NÃO ALCANÇOU"
"BA";290680;"Cansanção";33,3333333333333;3;10;30;"Sim";-3,3;"ALCANÇOU"
"BA";290682;"Canudos";0;5;4;125;"Não";125;"NÃO ALCANÇOU"
"BA";290685;"Capela do Alto Alegre";0;0;3;0;"Sim";0;"ALCANÇOU"
"BA";290687;"Capim Grosso";20;2;12;16,6666666666667;"Sim";-3,3;"ALCANÇOU"
"BA";290689;"Caraíbas";0;0;0;0;"Sim";0;"ALCANÇOU"
"BA";290690;"Caravelas";42,8571428571429;1;4;25;"Sim";-17,9;"ALCANÇOU"
"BA";290700;"Cardeal da Silva";0;0;0;0;"Sim";0;"ALCANÇOU"
"BA";290710;"Carinhanha";125;1;4;25;"Sim";-100;"ALCANÇOU"
"BA";290720;"Casa Nova";57,1428571428571;5;13;38,4615384615385;"Sim";-18,7;"ALCANÇOU"
"BA";290730;"Castro Alves";0;0;8;0;"Sim";0;"ALCANÇOU"
"BA";290740;"Catolândia";0;1;0;0;"Sim";0;"ALCANÇOU"
"BA";290750;"Catu";14,2857142857143;9;16;56,25;"Não";42;"NÃO ALCANÇOU"
"BA";290755;"Caturama";0;0;0;0;"Sim";0;"ALCANÇOU"
"BA";290760;"Central";0;1;1;100;"Não";100;"NÃO ALCANÇOU"
"BA";290770;"Chorrochó";0;1;5;20;"Não";20;"NÃO ALCANÇOU"
"BA";290780;"Cícero Dantas";16,6666666666667;1;4;25;"Não";8,3;"NÃO ALCANÇOU"
"BA";290790;"Cipó";0;0;7;0;"Sim";0;"ALCANÇOU"
"BA";290800;"Coaraci";9,09090909090909;1;2;50;"Não";40,9;"NÃO ALCANÇOU"
"BA";290810;"Cocos";0;0;1;0;"Sim";0;"ALCANÇOU"
"BA";290820;"Conceição da Feira";20;1;2;50;"Não";30;"NÃO ALCANÇOU"
"BA";290830;"Conceição do Almeida";0;3;2;150;"Não";150;"NÃO ALCANÇOU"
"BA";290840;"Conceição do Coité";14,2857142857143;2;17;11,7647058823529;"Sim";-2,5;"ALCANÇOU"
"BA";290850;"Conceição do Jacuípe";25;0;9;0;"Sim";-25;"ALCANÇOU"
"BA";290860;"Conde";66,6666666666667;4;8;50;"Sim";-16,7;"ALCANÇOU"
"BA";290870;"Condeúba";0;0;2;0;"Sim";0;"ALCANÇOU"
"BA";290880;"Contendas do Sincorá";0;0;0;0;"Sim";0;"ALCANÇOU"
"BA";290890;"Coração de Maria";16,6666666666667;1;6;16,6666666666667;"Não";0;"NÃO ALCANÇOU"
"BA";290900;"Cordeiros";0;1;1;100;"Não";100;"NÃO ALCANÇOU"
"BA";290910;"Coribe";0;1;2;50;"Não";50;"NÃO ALCANÇOU"
"BA";290920;"Coronel João Sá";0;0;0;0;"Sim";0;"ALCANÇOU"
"BA";290930;"Correntina";0;4;3;133,333333333333;"Não";133,3;"NÃO ALCANÇOU"
"BA";290940;"Cotegipe";33,3333333333333;0;2;0;"Sim";-33,3;"ALCANÇOU"
"BA";290950;"Cravolândia";0;0;0;0;"Sim";0;"ALCANÇOU"
"BA";290960;"Crisópolis";0;0;0;0;"Sim";0;"ALCANÇOU"
"BA";290970;"Cristópolis";0;0;0;0;"Sim";0;"ALCANÇOU"
"BA";290980;"Cruz das Almas";50;7;12;58,3333333333333;"Não";8,3;"NÃO ALCANÇOU"
"BA";290990;"Curaçá";20;6;12;50;"Não";30;"NÃO ALCANÇOU"
"BA";291000;"Dário Meira";0;0;4;0;"Sim";0;"ALCANÇOU"
"BA";291005;"Dias d'Ávila";8,57142857142857;2;21;9,52380952380952;"Não";1;"NÃO ALCANÇOU"
"BA";291010;"Dom Basílio";0;0;1;0;"Sim";0;"ALCANÇOU"
"BA";291020;"Dom Macedo Costa";0;0;1;0;"Sim";0;"ALCANÇOU"
"BA";291030;"Elísio Medrado";0;1;1;100;"Não";100;"NÃO ALCANÇOU"
"BA";291040;"Encruzilhada";0;6;7;85,7142857142857;"Não";85,7;"NÃO ALCANÇOU"
"BA";291050;"Entre Rios";0;4;5;80;"Não";80;"NÃO ALCANÇOU"
"BA";291060;"Esplanada";25;2;6;33,3333333333333;"Não";8,3;"NÃO ALCANÇOU"
"BA";291070;"Euclides da Cunha";0;0;7;0;"Sim";0;"ALCANÇOU"
"BA";291072;"Eunápolis";33,9285714285714;25;109;22,9357798165138;"Sim";-11;"ALCANÇOU"
"BA";291075;"Fátima";0;0;2;0;"Sim";0;"ALCANÇOU"
"BA";291077;"Feira da Mata";0;0;1;0;"Sim";0;"ALCANÇOU"
"BA";291080;"Feira de Santana";32,8767123287671;41;210;19,5238095238095;"Sim";-13,4;"ALCANÇOU"
"BA";291085;"Filadélfia";100;0;6;0;"Sim";-100;"ALCANÇOU"
"BA";291090;"Firmino Alves";0;0;0;0;"Sim";0;"ALCANÇOU"
"BA";291100;"Floresta Azul";0;0;3;0;"Sim";0;"ALCANÇOU"
"BA";291110;"Formosa do Rio Preto";0;0;3;0;"Sim";0;"ALCANÇOU"
"BA";291120;"Gandu";45,4545454545455;0;7;0;"Sim";-45,5;"ALCANÇOU"
"BA";291125;"Gavião";0;0;0;0;"Sim";0;"ALCANÇOU"
"BA";291130;"Gentio do Ouro";0;0;0;0;"Sim";0;"ALCANÇOU"
"BA";291140;"Glória";0;2;4;50;"Não";50;"NÃO ALCANÇOU"
"BA";291150;"Gongogi";0;0;3;0;"Sim";0;"ALCANÇOU"
"BA";291160;"Governador Mangabeira";0;1;1;100;"Não";100;"NÃO ALCANÇOU"
"BA";291165;"Guajeru";0;0;1;0;"Sim";0;"ALCANÇOU"
"BA";291170;"Guanambi";37,5;0;6;0;"Sim";-37,5;"ALCANÇOU"
"BA";291180;"Guaratinga";33,3333333333333;0;5;0;"Sim";-33,3;"ALCANÇOU"
"BA";291185;"Heliópolis";0;0;3;0;"Sim";0;"ALCANÇOU"
"BA";291190;"Iaçu";16,6666666666667;0;4;0;"Sim";-16,7;"ALCANÇOU"
"BA";291200;"Ibiassucê";0;0;0;0;"Sim";0;"ALCANÇOU"
"BA";291210;"Ibicaraí";0;0;5;0;"Sim";0;"ALCANÇOU"
"BA";291220;"Ibicoara";62,5;0;5;0;"Sim";-62,5;"ALCANÇOU"
"BA";291230;"Ibicuí";50;2;3;66,6666666666667;"Não";16,7;"NÃO ALCANÇOU"
"BA";291240;"Ibipeba";66,6666666666667;0;5;0;"Sim";-66,7;"ALCANÇOU"
"BA";291250;"Ibipitanga";0;0;1;0;"Sim";0;"ALCANÇOU"
"BA";291260;"Ibiquera";0;1;2;50;"Não";50;"NÃO ALCANÇOU"
"BA";291270;"Ibirapitanga";0;0;3;0;"Sim";0;"ALCANÇOU"
"BA";291280;"Ibirapuã";25;2;2;100;"Não";75;"NÃO ALCANÇOU"
"BA";291290;"Ibirataia";12,5;0;8;0;"Sim";-12,5;"ALCANÇOU"
"BA";291300;"Ibitiara";0;0;0;0;"Sim";0;"ALCANÇOU"
"BA";291310;"Ibititá";50;1;8;12,5;"Sim";-37,5;"ALCANÇOU"
"BA";291320;"Ibotirama";0;1;4;25;"Não";25;"NÃO ALCANÇOU"
"BA";291330;"Ichu";0;0;0;0;"Sim";0;"ALCANÇOU"
"BA";291340;"Igaporã";0;0;0;0;"Sim";0;"ALCANÇOU"
"BA";291345;"Igrapiúna";0;2;2;100;"Não";100;"NÃO ALCANÇOU"
"BA";291350;"Iguaí";66,6666666666667;1;4;25;"Sim";-41,7;"ALCANÇOU"
"BA";291360;"Ilhéus";26,5060240963855;35;78;44,8717948717949;"Não";18,4;"NÃO ALCANÇOU"
"BA";291370;"Inhambupe";25;2;7;28,5714285714286;"Não";3,6;"NÃO ALCANÇOU"
"BA";291380;"Ipecaetá";0;0;1;0;"Sim";0;"ALCANÇOU"
"BA";291390;"Ipiaú";18,1818181818182;3;9;33,3333333333333;"Não";15,2;"NÃO ALCANÇOU"
"BA";291400;"Ipirá";0;0;5;0;"Sim";0;"ALCANÇOU"
"BA";291410;"Ipupiara";0;0;0;0;"Sim";0;"ALCANÇOU"
"BA";291420;"Irajuba";0;0;0;0;"Sim";0;"ALCANÇOU"
"BA";291430;"Iramaia";0;0;1;0;"Sim";0;"ALCANÇOU"
"BA";291440;"Iraquara";0;0;4;0;"Sim";0;"ALCANÇOU"
"BA";291450;"Irará";0;1;5;20;"Não";20;"NÃO ALCANÇOU"
"BA";291460;"Irecê";25;3;22;13,6363636363636;"Sim";-11,4;"ALCANÇOU"
"BA";291465;"Itabela";20;3;17;17,6470588235294;"Sim";-2,4;"ALCANÇOU"
"BA";291470;"Itaberaba";33,3333333333333;2;12;16,6666666666667;"Sim";-16,7;"ALCANÇOU"
"BA";291480;"Itabuna";27,7777777777778;4;63;6,34920634920635;"Sim";-21,4;"ALCANÇOU"
"BA";291490;"Itacaré";26,3157894736842;6;9;66,6666666666667;"Não";40,4;"NÃO ALCANÇOU"
"BA";291500;"Itaeté";0;0;1;0;"Sim";0;"ALCANÇOU"
"BA";291510;"Itagi";33,3333333333333;1;6;16,6666666666667;"Sim";-16,7;"ALCANÇOU"
"BA";291520;"Itagibá";150;1;6;16,6666666666667;"Sim";-133,3;"ALCANÇOU"
"BA";291530;"Itagimirim";0;1;1;100;"Não";100;"NÃO ALCANÇOU"
"BA";291535;"Itaguaçu da Bahia";0;2;0;0;"Sim";0;"ALCANÇOU"
"BA";291540;"Itaju do Colônia";0;0;1;0;"Sim";0;"ALCANÇOU"
"BA";291550;"Itajuípe";50;0;14;0;"Sim";-50;"ALCANÇOU"
"BA";291560;"Itamaraju";11,1111111111111;7;24;29,1666666666667;"Não";18,1;"NÃO ALCANÇOU"
"BA";291570;"Itamari";0;1;2;50;"Não";50;"NÃO ALCANÇOU"
"BA";291580;"Itambé";16,6666666666667;3;13;23,0769230769231;"Não";6,4;"NÃO ALCANÇOU"
"BA";291590;"Itanagra";0;0;2;0;"Sim";0;"ALCANÇOU"
"BA";291600;"Itanhém";0;3;9;33,3333333333333;"Não";33,3;"NÃO ALCANÇOU"
"BA";291610;"Itaparica";0;2;8;25;"Não";25;"NÃO ALCANÇOU"
"BA";291620;"Itapé";0;0;3;0;"Sim";0;"ALCANÇOU"
"BA";291630;"Itapebi";0;3;9;33,3333333333333;"Não";33,3;"NÃO ALCANÇOU"
"BA";291640;"Itapetinga";20,9677419354839;7;57;12,280701754386;"Sim";-8,7;"ALCANÇOU"
"BA";291650;"Itapicuru";44,4444444444444;3;10;30;"Sim";-14,4;"ALCANÇOU"
"BA";291660;"Itapitanga";0;0;1;0;"Sim";0;"ALCANÇOU"
"BA";291670;"Itaquara";0;0;0;0;"Sim";0;"ALCANÇOU"
"BA";291680;"Itarantim";0;2;3;66,6666666666667;"Não";66,7;"NÃO ALCANÇOU"
"BA";291685;"Itatim";0;0;2;0;"Sim";0;"ALCANÇOU"
"BA";291690;"Itiruçu";0;0;1;0;"Sim";0;"ALCANÇOU"
"BA";291700;"Itiúba";0;0;3;0;"Sim";0;"ALCANÇOU"
"BA";291710;"Itororó";0;2;9;22,2222222222222;"Não";22,2;"NÃO ALCANÇOU"
"BA";291720;"Ituaçu";0;1;2;50;"Não";50;"NÃO ALCANÇOU"
"BA";291730;"Ituberá";100;1;5;20;"Sim";-80;"ALCANÇOU"
"BA";291733;"Iuiú";0;0;0;0;"Sim";0;"ALCANÇOU"
"BA";291735;"Jaborandi";0;0;2;0;"Sim";0;"ALCANÇOU"
"BA";291740;"Jacaraci";0;0;0;0;"Sim";0;"ALCANÇOU"
"BA";291750;"Jacobina";40;3;19;15,7894736842105;"Sim";-24,2;"ALCANÇOU"
"BA";291760;"Jaguaquara";28,5714285714286;0;5;0;"Sim";-28,6;"ALCANÇOU"
"BA";291770;"Jaguarari";16,6666666666667;3;9;33,3333333333333;"Não";16,7;"NÃO ALCANÇOU"
"BA";291780;"Jaguaripe";0;0;1;0;"Sim";0;"ALCANÇOU"
"BA";291790;"Jandaíra";50;1;2;50;"Não";0;"NÃO ALCANÇOU"
"BA";291800;"Jequié";39,3939393939394;13;39;33,3333333333333;"Sim";-6,1;"ALCANÇOU"
"BA";291810;"Jeremoabo";11,1111111111111;0;5;0;"Sim";-11,1;"ALCANÇOU"
"BA";291820;"Jiquiriçá";0;0;0;0;"Sim";0;"ALCANÇOU"
"BA";291830;"Jitaúna";100;4;10;40;"Sim";-60;"ALCANÇOU"
"BA";291835;"João Dourado";30;0;7;0;"Sim";-30;"ALCANÇOU"
"BA";291840;"Juazeiro";19,047619047619;49;133;36,8421052631579;"Não";17,8;"NÃO ALCANÇOU"
"BA";291845;"Jucuruçu";0;1;1;100;"Não";100;"NÃO ALCANÇOU"
"BA";291850;"Jussara";25;1;2;50;"Não";25;"NÃO ALCANÇOU"
"BA";291855;"Jussari";0;0;1;0;"Sim";0;"ALCANÇOU"
"BA";291860;"Jussiape";0;0;0;0;"Sim";0;"ALCANÇOU"
"BA";291870;"Lafaiete Coutinho";0;0;0;0;"Sim";0;"ALCANÇOU"
"BA";291875;"Lagoa Real";0;0;1;0;"Sim";0;"ALCANÇOU"
"BA";291880;"Laje";0;0;0;0;"Sim";0;"ALCANÇOU"
"BA";291890;"Lajedão";0;0;2;0;"Sim";0;"ALCANÇOU"
"BA";291900;"Lajedinho";0;0;0;0;"Sim";0;"ALCANÇOU"
"BA";291905;"Lajedo do Tabocal";0;0;1;0;"Sim";0;"ALCANÇOU"
"BA";291910;"Lamarão";0;0;1;0;"Sim";0;"ALCANÇOU"
"BA";291915;"Lapão";0;1;0;0;"Sim";0;"ALCANÇOU"
"BA";291920;"Lauro de Freitas";45,6521739130435;27;57;47,3684210526316;"Não";1,7;"NÃO ALCANÇOU"
"BA";291930;"Lençóis";0;0;0;0;"Sim";0;"ALCANÇOU"
"BA";291940;"Licínio de Almeida";0;0;0;0;"Sim";0;"ALCANÇOU"
"BA";291950;"Livramento de Nossa Senhora";0;1;1;100;"Não";100;"NÃO ALCANÇOU"
"BA";291955;"Luís Eduardo Magalhães";22,2222222222222;0;15;0;"Sim";-22,2;"ALCANÇOU"
"BA";291960;"Macajuba";200;0;4;0;"Sim";-200;"ALCANÇOU"
"BA";291970;"Macarani";0;1;2;50;"Não";50;"NÃO ALCANÇOU"
"BA";291980;"Macaúbas";0;1;4;25;"Não";25;"NÃO ALCANÇOU"
"BA";291990;"Macururé";0;1;1;100;"Não";100;"NÃO ALCANÇOU"
"BA";291992;"Madre de Deus";0;2;5;40;"Não";40;"NÃO ALCANÇOU"
"BA";291995;"Maetinga";0;0;0;0;"Sim";0;"ALCANÇOU"
"BA";292000;"Maiquinique";0;0;3;0;"Sim";0;"ALCANÇOU"
"BA";292010;"Mairi";0;1;2;50;"Não";50;"NÃO ALCANÇOU"
"BA";292020;"Malhada";0;0;0;0;"Sim";0;"ALCANÇOU"
"BA";292030;"Malhada de Pedras";0;0;0;0;"Sim";0;"ALCANÇOU"
"BA";292040;"Manoel Vitorino";0;2;0;0;"Sim";0;"ALCANÇOU"
"BA";292045;"Mansidão";0;0;1;0;"Sim";0;"ALCANÇOU"
"BA";292050;"Maracás";28,5714285714286;0;2;0;"Sim";-28,6;"ALCANÇOU"
"BA";292060;"Maragogipe";60;0;9;0;"Sim";-60;"ALCANÇOU"
"BA";292070;"Maraú";28,5714285714286;2;6;33,3333333333333;"Não";4,8;"NÃO ALCANÇOU"
"BA";292080;"Marcionílio Souza";0;0;1;0;"Sim";0;"ALCANÇOU"
"BA";292090;"Mascote";0;0;2;0;"Sim";0;"ALCANÇOU"
"BA";292100;"Mata de São João";5,88235294117647;4;14;28,5714285714286;"Não";22,7;"NÃO ALCANÇOU"
"BA";292105;"Matina";0;0;0;0;"Sim";0;"ALCANÇOU"
"BA";292110;"Medeiros Neto";33,3333333333333;4;7;57,1428571428571;"Não";23,8;"NÃO ALCANÇOU"
"BA";292120;"Miguel Calmon";0;2;4;50;"Não";50;"NÃO ALCANÇOU"
"BA";292130;"Milagres";0;0;2;0;"Sim";0;"ALCANÇOU"
"BA";292140;"Mirangaba";0;0;1;0;"Sim";0;"ALCANÇOU"
"BA";292145;"Mirante";0;1;1;100;"Não";100;"NÃO ALCANÇOU"
"BA";292150;"Monte Santo";0;1;7;14,2857142857143;"Não";14,3;"NÃO ALCANÇOU"
"BA";292160;"Morpará";0;0;0;0;"Sim";0;"ALCANÇOU"
"BA";292170;"Morro do Chapéu";0;0;6;0;"Sim";0;"ALCANÇOU"
"BA";292180;"Mortugaba";100;0;3;0;"Sim";-100;"ALCANÇOU"
"BA";292190;"Mucugê";0;0;2;0;"Sim";0;"ALCANÇOU"
"BA";292200;"Mucuri";63,6363636363636;4;12;33,3333333333333;"Sim";-30,3;"ALCANÇOU"
"BA";292205;"Mulungu do Morro";28,5714285714286;1;1;100;"Não";71,4;"NÃO ALCANÇOU"
"BA";292210;"Mundo Novo";0;1;1;100;"Não";100;"NÃO ALCANÇOU"
"BA";292220;"Muniz Ferreira";0;0;1;0;"Sim";0;"ALCANÇOU"
"BA";292225;"Muquém de São Francisco";0;1;1;100;"Não";100;"NÃO ALCANÇOU"
"BA";292230;"Muritiba";33,3333333333333;2;2;100;"Não";66,7;"NÃO ALCANÇOU"
"BA";292240;"Mutuípe";0;3;2;150;"Não";150;"NÃO ALCANÇOU"
"BA";292250;"Nazaré";50;3;3;100;"Não";50;"NÃO ALCANÇOU"
"BA";292260;"Nilo Peçanha";0;1;0;0;"Sim";0;"ALCANÇOU"
"BA";292265;"Nordestina";100;2;3;66,6666666666667;"Sim";-33,3;"ALCANÇOU"
"BA";292270;"Nova Canaã";0;2;2;100;"Não";100;"NÃO ALCANÇOU"
"BA";292273;"Nova Fátima";0;1;3;33,3333333333333;"Não";33,3;"NÃO ALCANÇOU"
"BA";292275;"Nova Ibiá";0;0;0;0;"Sim";0;"ALCANÇOU"
"BA";292280;"Nova Itarana";0;0;2;0;"Sim";0;"ALCANÇOU"
"BA";292285;"Nova Redenção";0;0;2;0;"Sim";0;"ALCANÇOU"
"BA";292290;"Nova Soure";16,6666666666667;0;6;0;"Sim";-16,7;"ALCANÇOU"
"BA";292300;"Nova Viçosa";52,3809523809524;10;13;76,9230769230769;"Não";24,5;"NÃO ALCANÇOU"
"BA";292303;"Novo Horizonte";0;0;2;0;"Sim";0;"ALCANÇOU"
"BA";292305;"Novo Triunfo";0;0;0;0;"Sim";0;"ALCANÇOU"
"BA";292310;"Olindina";0;0;0;0;"Sim";0;"ALCANÇOU"
"BA";292320;"Oliveira dos Brejinhos";0;0;0;0;"Sim";0;"ALCANÇOU"
"BA";292330;"Ouriçangas";0;0;0;0;"Sim";0;"ALCANÇOU"
"BA";292335;"Ourolândia";0;0;4;0;"Sim";0;"ALCANÇOU"
"BA";292340;"Palmas de Monte Alto";0;0;0;0;"Sim";0;"ALCANÇOU"
"BA";292350;"Palmeiras";0;0;0;0;"Sim";0;"ALCANÇOU"
"BA";292360;"Paramirim";0;0;2;0;"Sim";0;"ALCANÇOU"
"BA";292370;"Paratinga";0;0;6;0;"Sim";0;"ALCANÇOU"
"BA";292380;"Paripiranga";0;0;0;0;"Sim";0;"ALCANÇOU"
"BA";292390;"Pau Brasil";0;2;4;50;"Não";50;"NÃO ALCANÇOU"
"BA";292400;"Paulo Afonso";0;14;20;70;"Não";70;"NÃO ALCANÇOU"
"BA";292405;"Pé de Serra";0;0;4;0;"Sim";0;"ALCANÇOU"
"BA";292410;"Pedrão";100;0;1;0;"Sim";-100;"ALCANÇOU"
"BA";292420;"Pedro Alexandre";0;2;1;200;"Não";200;"NÃO ALCANÇOU"
"BA";292430;"Piatã";100;1;5;20;"Sim";-80;"ALCANÇOU"
"BA";292440;"Pilão Arcado";0;0;1;0;"Sim";0;"ALCANÇOU"
"BA";292450;"Pindaí";0;0;1;0;"Sim";0;"ALCANÇOU"
"BA";292460;"Pindobaçu";0;0;2;0;"Sim";0;"ALCANÇOU"
"BA";292465;"Pintadas";0;0;0;0;"Sim";0;"ALCANÇOU"
"BA";292467;"Piraí do Norte";0;0;1;0;"Sim";0;"ALCANÇOU"
"BA";292470;"Piripá";0;0;0;0;"Sim";0;"ALCANÇOU"
"BA";292480;"Piritiba";0;0;0;0;"Sim";0;"ALCANÇOU"
"BA";292490;"Planaltino";0;0;0;0;"Sim";0;"ALCANÇOU"
"BA";292500;"Planalto";28,5714285714286;1;6;16,6666666666667;"Sim";-11,9;"ALCANÇOU"
"BA";292510;"Poções";9,09090909090909;1;13;7,69230769230769;"Sim";-1,4;"ALCANÇOU"
"BA";292520;"Pojuca";0;6;9;66,6666666666667;"Não";66,7;"NÃO ALCANÇOU"
"BA";292525;"Ponto Novo";0;1;8;12,5;"Não";12,5;"NÃO ALCANÇOU"
"BA";292530;"Porto Seguro";30,0653594771242;28;235;11,9148936170213;"Sim";-18,2;"ALCANÇOU"
"BA";292540;"Potiraguá";0;0;2;0;"Sim";0;"ALCANÇOU"
"BA";292550;"Prado";33,3333333333333;5;8;62,5;"Não";29,2;"NÃO ALCANÇOU"
"BA";292560;"Presidente Dutra";33,3333333333333;1;4;25;"Sim";-8,3;"ALCANÇOU"
"BA";292570;"Presidente Jânio Quadros";0;0;0;0;"Sim";0;"ALCANÇOU"
"BA";292575;"Presidente Tancredo Neves";50;1;6;16,6666666666667;"Sim";-33,3;"ALCANÇOU"
"BA";292580;"Queimadas";0;1;2;50;"Não";50;"NÃO ALCANÇOU"
"BA";292590;"Quijingue";16,6666666666667;2;4;50;"Não";33,3;"NÃO ALCANÇOU"
"BA";292593;"Quixabeira";0;0;1;0;"Sim";0;"ALCANÇOU"
"BA";292595;"Rafael Jambeiro";33,3333333333333;0;4;0;"Sim";-33,3;"ALCANÇOU"
"BA";292600;"Remanso";33,3333333333333;1;11;9,09090909090909;"Sim";-24,2;"ALCANÇOU"
"BA";292610;"Retirolândia";0;1;1;100;"Não";100;"NÃO ALCANÇOU"
"BA";292620;"Riachão das Neves";0;2;9;22,2222222222222;"Não";22,2;"NÃO ALCANÇOU"
"BA";292630;"Riachão do Jacuípe";0;1;4;25;"Não";25;"NÃO ALCANÇOU"
"BA";292640;"Riacho de Santana";0;0;3;0;"Sim";0;"ALCANÇOU"
"BA";292650;"Ribeira do Amparo";0;0;2;0;"Sim";0;"ALCANÇOU"
"BA";292660;"Ribeira do Pombal";33,3333333333333;0;8;0;"Sim";-33,3;"ALCANÇOU"
"BA";292665;"Ribeirão do Largo";0;0;2;0;"Sim";0;"ALCANÇOU"
"BA";292670;"Rio de Contas";0;0;1;0;"Sim";0;"ALCANÇOU"
"BA";292680;"Rio do Antônio";0;0;0;0;"Sim";0;"ALCANÇOU"
"BA";292690;"Rio do Pires";0;0;0;0;"Sim";0;"ALCANÇOU"
"BA";292700;"Rio Real";16,6666666666667;4;11;36,3636363636364;"Não";19,7;"NÃO ALCANÇOU"
"BA";292710;"Rodelas";0;0;6;0;"Sim";0;"ALCANÇOU"
"BA";292720;"Ruy Barbosa";33,3333333333333;0;6;0;"Sim";-33,3;"ALCANÇOU"
"BA";292730;"Salinas da Margarida";22,2222222222222;3;12;25;"Não";2,8;"NÃO ALCANÇOU"
"BA";292740;"Salvador";38,2242287434161;596;1534;38,8526727509778;"Não";0,6;"NÃO ALCANÇOU"
"BA";292750;"Santa Bárbara";0;1;1;100;"Não";100;"NÃO ALCANÇOU"
"BA";292760;"Santa Brígida";0;0;1;0;"Sim";0;"ALCANÇOU"
"BA";292770;"Santa Cruz Cabrália";32,1428571428571;9;30;30;"Sim";-2,1;"ALCANÇOU"
"BA";292780;"Santa Cruz da Vitória";0;1;1;100;"Não";100;"NÃO ALCANÇOU"
"BA";292790;"Santa Inês";0;1;1;100;"Não";100;"NÃO ALCANÇOU"
"BA";292800;"Santaluz";0;1;7;14,2857142857143;"Não";14,3;"NÃO ALCANÇOU"
"BA";292805;"Santa Luzia";25;1;3;33,3333333333333;"Não";8,3;"NÃO ALCANÇOU"
"BA";292810;"Santa Maria da Vitória";0;0;1;0;"Sim";0;"ALCANÇOU"
"BA";292820;"Santana";0;0;0;0;"Sim";0;"ALCANÇOU"
"BA";292830;"Santanópolis";0;1;3;33,3333333333333;"Não";33,3;"NÃO ALCANÇOU"
"BA";292840;"Santa Rita de Cássia";33,3333333333333;3;5;60;"Não";26,7;"NÃO ALCANÇOU"
"BA";292850;"Santa Teresinha";0;1;0;0;"Sim";0;"ALCANÇOU"
"BA";292860;"Santo Amaro";14,2857142857143;7;14;50;"Não";35,7;"NÃO ALCANÇOU"
"BA";292870;"Santo Antônio de Jesus";12;1;31;3,2258064516129;"Sim";-8,8;"ALCANÇOU"
"BA";292880;"Santo Estêvão";27,7777777777778;0;14;0;"Sim";-27,8;"ALCANÇOU"
"BA";292890;"São Desidério";0;0;1;0;"Sim";0;"ALCANÇOU"
"BA";292895;"São Domingos";0;0;5;0;"Sim";0;"ALCANÇOU"
"BA";292900;"São Félix";0;0;1;0;"Sim";0;"ALCANÇOU"
"BA";292905;"São Félix do Coribe";33,3333333333333;1;5;20;"Sim";-13,3;"ALCANÇOU"
"BA";292910;"São Felipe";0;1;0;0;"Sim";0;"ALCANÇOU"
"BA";292920;"São Francisco do Conde";33,3333333333333;5;6;83,3333333333333;"Não";50;"NÃO ALCANÇOU"
"BA";292925;"São Gabriel";57,1428571428571;0;2;0;"Sim";-57,1;"ALCANÇOU"
"BA";292930;"São Gonçalo dos Campos";0;5;5;100;"Não";100;"NÃO ALCANÇOU"
"BA";292935;"São José da Vitória";0;0;1;0;"Sim";0;"ALCANÇOU"
"BA";292937;"São José do Jacuípe";0;0;2;0;"Sim";0;"ALCANÇOU"
"BA";292940;"São Miguel das Matas";0;0;1;0;"Sim";0;"ALCANÇOU"
"BA";292950;"São Sebastião do Passé";0;1;5;20;"Não";20;"NÃO ALCANÇOU"
"BA";292960;"Sapeaçu";0;1;3;33,3333333333333;"Não";33,3;"NÃO ALCANÇOU"
"BA";292970;"Sátiro Dias";0;0;3;0;"Sim";0;"ALCANÇOU"
"BA";292975;"Saubara";100;0;1;0;"Sim";-100;"ALCANÇOU"
"BA";292980;"Saúde";0;0;1;0;"Sim";0;"ALCANÇOU"
"BA";292990;"Seabra";11,7647058823529;1;13;7,69230769230769;"Sim";-4,1;"ALCANÇOU"
"BA";293000;"Sebastião Laranjeiras";0;0;0;0;"Sim";0;"ALCANÇOU"
"BA";293010;"Senhor do Bonfim";28,125;6;14;42,8571428571429;"Não";14,7;"NÃO ALCANÇOU"
"BA";293015;"Serra do Ramalho";0;0;6;0;"Sim";0;"ALCANÇOU"
"BA";293020;"Sento Sé";26,3157894736842;1;17;5,88235294117647;"Sim";-20,4;"ALCANÇOU"
"BA";293030;"Serra Dourada";0;0;1;0;"Sim";0;"ALCANÇOU"
"BA";293040;"Serra Preta";0;0;1;0;"Sim";0;"ALCANÇOU"
"BA";293050;"Serrinha";22,2222222222222;3;29;10,3448275862069;"Sim";-11,9;"ALCANÇOU"
"BA";293060;"Serrolândia";0;0;3;0;"Sim";0;"ALCANÇOU"
"BA";293070;"Simões Filho";29,5454545454545;20;45;44,4444444444444;"Não";14,9;"NÃO ALCANÇOU"
"BA";293075;"Sítio do Mato";0;0;0;0;"Sim";0;"ALCANÇOU"
"BA";293076;"Sítio do Quinto";0;0;1;0;"Sim";0;"ALCANÇOU"
"BA";293077;"Sobradinho";22,2222222222222;5;14;35,7142857142857;"Não";13,5;"NÃO ALCANÇOU"
"BA";293080;"Souto Soares";0;0;4;0;"Sim";0;"ALCANÇOU"
"BA";293090;"Tabocas do Brejo Velho";0;0;1;0;"Sim";0;"ALCANÇOU"
"BA";293100;"Tanhaçu";0;0;1;0;"Sim";0;"ALCANÇOU"
"BA";293105;"Tanque Novo";0;0;0;0;"Sim";0;"ALCANÇOU"
"BA";293110;"Tanquinho";0;1;3;33,3333333333333;"Não";33,3;"NÃO ALCANÇOU"
"BA";293120;"Taperoá";0;2;5;40;"Não";40;"NÃO ALCANÇOU"
"BA";293130;"Tapiramutá";0;1;3;33,3333333333333;"Não";33,3;"NÃO ALCANÇOU"
"BA";293135;"Teixeira de Freitas";34,4827586206897;18;131;13,7404580152672;"Sim";-20,7;"ALCANÇOU"
"BA";293140;"Teodoro Sampaio";0;0;1;0;"Sim";0;"ALCANÇOU"
"BA";293150;"Teofilândia";100;4;4;100;"Não";0;"NÃO ALCANÇOU"
"BA";293160;"Teolândia";25;1;4;25;"Não";0;"NÃO ALCANÇOU"
"BA";293170;"Terra Nova";0;1;1;100;"Não";100;"NÃO ALCANÇOU"
"BA";293180;"Tremedal";33,3333333333333;0;1;0;"Sim";-33,3;"ALCANÇOU"
"BA";293190;"Tucano";0;5;13;38,4615384615385;"Não";38,5;"NÃO ALCANÇOU"
"BA";293200;"Uauá";0;0;5;0;"Sim";0;"ALCANÇOU"
"BA";293210;"Ubaíra";0;2;0;0;"Sim";0;"ALCANÇOU"
"BA";293220;"Ubaitaba";22,2222222222222;0;7;0;"Sim";-22,2;"ALCANÇOU"
"BA";293230;"Ubatã";0;2;8;25;"Não";25;"NÃO ALCANÇOU"
"BA";293240;"Uibaí";0;1;4;25;"Não";25;"NÃO ALCANÇOU"
"BA";293245;"Umburanas";0;0;0;0;"Sim";0;"ALCANÇOU"
"BA";293250;"Una";0;1;5;20;"Não";20;"NÃO ALCANÇOU"
"BA";293260;"Urandi";0;0;0;0;"Sim";0;"ALCANÇOU"
"BA";293270;"Uruçuca";7,69230769230769;2;11;18,1818181818182;"Não";10,5;"NÃO ALCANÇOU"
"BA";293280;"Utinga";0;1;1;100;"Não";100;"NÃO ALCANÇOU"
"BA";293290;"Valença";26,6666666666667;13;27;48,1481481481481;"Não";21,5;"NÃO ALCANÇOU"
"BA";293300;"Valente";0;0;2;0;"Sim";0;"ALCANÇOU"
"BA";293305;"Várzea da Roça";0;0;2;0;"Sim";0;"ALCANÇOU"
"BA";293310;"Várzea do Poço";0;1;0;0;"Sim";0;"ALCANÇOU"
"BA";293315;"Várzea Nova";0;1;3;33,3333333333333;"Não";33,3;"NÃO ALCANÇOU"
"BA";293317;"Varzedo";0;0;1;0;"Sim";0;"ALCANÇOU"
"BA";293320;"Vera Cruz";25;5;8;62,5;"Não";37,5;"NÃO ALCANÇOU"
"BA";293325;"Vereda";0;0;1;0;"Sim";0;"ALCANÇOU"
"BA";293330;"Vitória da Conquista";21,1864406779661;27;148;18,2432432432432;"Sim";-2,9;"ALCANÇOU"
"BA";293340;"Wagner";0;0;1;0;"Sim";0;"ALCANÇOU"
"BA";293345;"Wanderley";16,6666666666667;0;5;0;"Sim";-16,7;"ALCANÇOU"
"BA";293350;"Wenceslau Guimarães";0;0;2;0;"Sim";0;"ALCANÇOU"
"BA";293360;"Xique-Xique";66,6666666666667;1;10;10;"Sim";-56,7;"ALCANÇOU"
"MG";310010;"Abadia dos Dourados";0;0;0;0;"Sim";0;"ALCANÇOU"
"MG";310020;"Abaeté";0;2;6;33,3333333333333;"Não";33,3;"NÃO ALCANÇOU"
"MG";310030;"Abre Campo";0;0;0;0;"Sim";0;"ALCANÇOU"
"MG";310040;"Acaiaca";0;0;0;0;"Sim";0;"ALCANÇOU"
"MG";310050;"Açucena";0;0;0;0;"Sim";0;"ALCANÇOU"
"MG";310060;"Água Boa";0;1;1;100;"Não";100;"NÃO ALCANÇOU"
"MG";310070;"Água Comprida";0;0;0;0;"Sim";0;"ALCANÇOU"
"MG";310080;"Aguanil";0;0;0;0;"Sim";0;"ALCANÇOU"
"MG";310090;"Águas Formosas";0;0;1;0;"Sim";0;"ALCANÇOU"
"MG";310100;"Águas Vermelhas";0;0;0;0;"Sim";0;"ALCANÇOU"
"MG";310110;"Aimorés";33,3333333333333;5;9;55,5555555555556;"Não";22,2;"NÃO ALCANÇOU"
"MG";310120;"Aiuruoca";0;0;0;0;"Sim";0;"ALCANÇOU"
"MG";310130;"Alagoa";0;0;0;0;"Sim";0;"ALCANÇOU"
"MG";310140;"Albertina";0;0;0;0;"Sim";0;"ALCANÇOU"
"MG";310150;"Além Paraíba";0;4;10;40;"Não";40;"NÃO ALCANÇOU"
"MG";310160;"Alfenas";25;1;39;2,56410256410256;"Sim";-22,4;"ALCANÇOU"
"MG";310163;"Alfredo Vasconcelos";0;0;1;0;"Sim";0;"ALCANÇOU"
"MG";310170;"Almenara";90;5;15;33,3333333333333;"Sim";-56,7;"ALCANÇOU"
"MG";310180;"Alpercata";0;1;1;100;"Não";100;"NÃO ALCANÇOU"
"MG";310190;"Alpinópolis";0;0;0;0;"Sim";0;"ALCANÇOU"
"MG";310200;"Alterosa";0;0;5;0;"Sim";0;"ALCANÇOU"
"MG";310205;"Alto Caparaó";0;0;1;0;"Sim";0;"ALCANÇOU"
"MG";310210;"Alto Rio Doce";0;0;0;0;"Sim";0;"ALCANÇOU"
"MG";310220;"Alvarenga";0;2;2;100;"Não";100;"NÃO ALCANÇOU"
"MG";310230;"Alvinópolis";0;1;2;50;"Não";50;"NÃO ALCANÇOU"
"MG";310240;"Alvorada de Minas";0;0;1;0;"Sim";0;"ALCANÇOU"
"MG";310250;"Amparo do Serra";0;0;0;0;"Sim";0;"ALCANÇOU"
"MG";310260;"Andradas";0;5;8;62,5;"Não";62,5;"NÃO ALCANÇOU"
"MG";310270;"Cachoeira de Pajeú";25;1;1;100;"Não";75;"NÃO ALCANÇOU"
"MG";310280;"Andrelândia";0;0;0;0;"Sim";0;"ALCANÇOU"
"MG";310285;"Angelândia";0;0;0;0;"Sim";0;"ALCANÇOU"
"MG";310290;"Antônio Carlos";0;2;0;0;"Sim";0;"ALCANÇOU"
"MG";310300;"Antônio Dias";66,6666666666667;1;1;100;"Não";33,3;"NÃO ALCANÇOU"
"MG";310310;"Antônio Prado de Minas";0;0;0;0;"Sim";0;"ALCANÇOU"
"MG";310320;"Araçaí";0;0;0;0;"Sim";0;"ALCANÇOU"
"MG";310330;"Aracitaba";0;0;0;0;"Sim";0;"ALCANÇOU"
"MG";310340;"Araçuaí";0;1;4;25;"Não";25;"NÃO ALCANÇOU"
"MG";310350;"Araguari";32,0754716981132;14;43;32,5581395348837;"Não";0,5;"NÃO ALCANÇOU"
"MG";310360;"Arantina";0;2;1;200;"Não";200;"NÃO ALCANÇOU"
"MG";310370;"Araponga";0;1;4;25;"Não";25;"NÃO ALCANÇOU"
"MG";310375;"Araporã";0;0;1;0;"Sim";0;"ALCANÇOU"
"MG";310380;"Arapuá";0;0;0;0;"Sim";0;"ALCANÇOU"
"MG";310390;"Araújos";0;2;2;100;"Não";100;"NÃO ALCANÇOU"
"MG";310400;"Araxá";31,9148936170213;13;53;24,5283018867925;"Sim";-7,4;"ALCANÇOU"
"MG";310410;"Arceburgo";0;0;0;0;"Sim";0;"ALCANÇOU"
"MG";310420;"Arcos";27,2727272727273;2;8;25;"Sim";-2,3;"ALCANÇOU"
"MG";310430;"Areado";0;2;4;50;"Não";50;"NÃO ALCANÇOU"
"MG";310440;"Argirita";0;0;0;0;"Sim";0;"ALCANÇOU"
"MG";310445;"Aricanduva";0;1;1;100;"Não";100;"NÃO ALCANÇOU"
"MG";310450;"Arinos";100;3;5;60;"Sim";-40;"ALCANÇOU"
"MG";310460;"Astolfo Dutra";0;3;2;150;"Não";150;"NÃO ALCANÇOU"
"MG";310470;"Ataléia";0;2;0;0;"Sim";0;"ALCANÇOU"
"MG";310480;"Augusto de Lima";66,6666666666667;0;2;0;"Sim";-66,7;"ALCANÇOU"
"MG";310490;"Baependi";0;0;1;0;"Sim";0;"ALCANÇOU"
"MG";310500;"Baldim";0;0;1;0;"Sim";0;"ALCANÇOU"
"MG";310510;"Bambuí";20;0;5;0;"Sim";-20;"ALCANÇOU"
"MG";310520;"Bandeira";0;0;0;0;"Sim";0;"ALCANÇOU"
"MG";310530;"Bandeira do Sul";0;1;0;0;"Sim";0;"ALCANÇOU"
"MG";310540;"Barão de Cocais";20;5;11;45,4545454545455;"Não";25,5;"NÃO ALCANÇOU"
"MG";310550;"Barão de Monte Alto";0;0;1;0;"Sim";0;"ALCANÇOU"
"MG";310560;"Barbacena";78,9473684210526;7;27;25,9259259259259;"Sim";-53;"ALCANÇOU"
"MG";310570;"Barra Longa";0;1;1;100;"Não";100;"NÃO ALCANÇOU"
"MG";310590;"Barroso";0;1;1;100;"Não";100;"NÃO ALCANÇOU"
"MG";310600;"Bela Vista de Minas";0;0;5;0;"Sim";0;"ALCANÇOU"
"MG";310610;"Belmiro Braga";0;0;0;0;"Sim";0;"ALCANÇOU"
"MG";310620;"Belo Horizonte";19,5628415300546;202;933;21,6505894962487;"Não";2,1;"NÃO ALCANÇOU"
"MG";310630;"Belo Oriente";200;5;6;83,3333333333333;"Sim";-116,7;"ALCANÇOU"
"MG";310640;"Belo Vale";0;0;4;0;"Sim";0;"ALCANÇOU"
"MG";310650;"Berilo";0;0;0;0;"Sim";0;"ALCANÇOU"
"MG";310660;"Bertópolis";0;0;2;0;"Sim";0;"ALCANÇOU"
"MG";310665;"Berizal";0;0;0;0;"Sim";0;"ALCANÇOU"
"MG";310670;"Betim";33,3333333333333;89;234;38,034188034188;"Não";4,7;"NÃO ALCANÇOU"
"MG";310680;"Bias Fortes";0;0;0;0;"Sim";0;"ALCANÇOU"
"MG";310690;"Bicas";57,1428571428571;3;7;42,8571428571429;"Sim";-14,3;"ALCANÇOU"
"MG";310700;"Biquinhas";0;0;0;0;"Sim";0;"ALCANÇOU"
"MG";310710;"Boa Esperança";33,3333333333333;5;13;38,4615384615385;"Não";5,1;"NÃO ALCANÇOU"
"MG";310720;"Bocaina de Minas";0;0;0;0;"Sim";0;"ALCANÇOU"
"MG";310730;"Bocaiúva";26,6666666666667;4;15;26,6666666666667;"Não";0;"NÃO ALCANÇOU"
"MG";310740;"Bom Despacho";62,5;3;6;50;"Sim";-12,5;"ALCANÇOU"
"MG";310750;"Bom Jardim de Minas";0;0;0;0;"Sim";0;"ALCANÇOU"
"MG";310760;"Bom Jesus da Penha";0;1;0;0;"Sim";0;"ALCANÇOU"
"MG";310770;"Bom Jesus do Amparo";0;0;0;0;"Sim";0;"ALCANÇOU"
"MG";310780;"Bom Jesus do Galho";0;0;1;0;"Sim";0;"ALCANÇOU"
"MG";310790;"Bom Repouso";0;0;2;0;"Sim";0;"ALCANÇOU"
"MG";310800;"Bom Sucesso";0;0;2;0;"Sim";0;"ALCANÇOU"
"MG";310810;"Bonfim";0;0;0;0;"Sim";0;"ALCANÇOU"
"MG";310820;"Bonfinópolis de Minas";0;0;0;0;"Sim";0;"ALCANÇOU"
"MG";310825;"Bonito de Minas";0;0;0;0;"Sim";0;"ALCANÇOU"
"MG";310830;"Borda da Mata";0;0;1;0;"Sim";0;"ALCANÇOU"
"MG";310840;"Botelhos";0;2;2;100;"Não";100;"NÃO ALCANÇOU"
"MG";310850;"Botumirim";0;0;1;0;"Sim";0;"ALCANÇOU"
"MG";310855;"Brasilândia de Minas";0;3;6;50;"Não";50;"NÃO ALCANÇOU"
"MG";310860;"Brasília de Minas";0;1;6;16,6666666666667;"Não";16,7;"NÃO ALCANÇOU"
"MG";310870;"Brás Pires";0;0;0;0;"Sim";0;"ALCANÇOU"
"MG";310880;"Braúnas";0;0;0;0;"Sim";0;"ALCANÇOU"
"MG";310890;"Brazópolis";0;0;3;0;"Sim";0;"ALCANÇOU"
"MG";310900;"Brumadinho";28,5714285714286;7;15;46,6666666666667;"Não";18,1;"NÃO ALCANÇOU"
"MG";310910;"Bueno Brandão";0;0;1;0;"Sim";0;"ALCANÇOU"
"MG";310920;"Buenópolis";100;0;2;0;"Sim";-100;"ALCANÇOU"
"MG";310925;"Bugre";0;1;0;0;"Sim";0;"ALCANÇOU"
"MG";310930;"Buritis";12,5;0;8;0;"Sim";-12,5;"ALCANÇOU"
"MG";310940;"Buritizeiro";50;10;6;166,666666666667;"Não";116,7;"NÃO ALCANÇOU"
"MG";310945;"Cabeceira Grande";0;0;0;0;"Sim";0;"ALCANÇOU"
"MG";310950;"Cabo Verde";0;0;1;0;"Sim";0;"ALCANÇOU"
"MG";310960;"Cachoeira da Prata";0;0;0;0;"Sim";0;"ALCANÇOU"
"MG";310970;"Cachoeira de Minas";0;0;1;0;"Sim";0;"ALCANÇOU"
"MG";310980;"Cachoeira Dourada";0;0;0;0;"Sim";0;"ALCANÇOU"
"MG";310990;"Caetanópolis";0;2;3;66,6666666666667;"Não";66,7;"NÃO ALCANÇOU"
"MG";311000;"Caeté";85,7142857142857;7;7;100;"Não";14,3;"NÃO ALCANÇOU"
"MG";311010;"Caiana";0;0;0;0;"Sim";0;"ALCANÇOU"
"MG";311020;"Cajuri";0;0;1;0;"Sim";0;"ALCANÇOU"
"MG";311030;"Caldas";0;0;1;0;"Sim";0;"ALCANÇOU"
"MG";311040;"Camacho";0;0;0;0;"Sim";0;"ALCANÇOU"
"MG";311050;"Camanducaia";0;0;0;0;"Sim";0;"ALCANÇOU"
"MG";311060;"Cambuí";50;3;6;50;"Não";0;"NÃO ALCANÇOU"
"MG";311070;"Cambuquira";0;1;0;0;"Sim";0;"ALCANÇOU"
"MG";311080;"Campanário";0;0;1;0;"Sim";0;"ALCANÇOU"
"MG";311090;"Campanha";0;0;0;0;"Sim";0;"ALCANÇOU"
"MG";311100;"Campestre";0;1;2;50;"Não";50;"NÃO ALCANÇOU"
"MG";311110;"Campina Verde";33,3333333333333;0;2;0;"Sim";-33,3;"ALCANÇOU"
"MG";311115;"Campo Azul";0;0;0;0;"Sim";0;"ALCANÇOU"
"MG";311120;"Campo Belo";0;3;5;60;"Não";60;"NÃO ALCANÇOU"
"MG";311130;"Campo do Meio";0;0;2;0;"Sim";0;"ALCANÇOU"
"MG";311140;"Campo Florido";0;1;1;100;"Não";100;"NÃO ALCANÇOU"
"MG";311150;"Campos Altos";0;0;2;0;"Sim";0;"ALCANÇOU"
"MG";311160;"Campos Gerais";0;0;1;0;"Sim";0;"ALCANÇOU"
"MG";311170;"Canaã";0;1;0;0;"Sim";0;"ALCANÇOU"
"MG";311180;"Canápolis";0;0;1;0;"Sim";0;"ALCANÇOU"
"MG";311190;"Cana Verde";0;0;0;0;"Sim";0;"ALCANÇOU"
"MG";311200;"Candeias";0;0;0;0;"Sim";0;"ALCANÇOU"
"MG";311205;"Cantagalo";0;0;0;0;"Sim";0;"ALCANÇOU"
"MG";311210;"Caparaó";0;0;5;0;"Sim";0;"ALCANÇOU"
"MG";311220;"Capela Nova";0;0;0;0;"Sim";0;"ALCANÇOU"
"MG";311230;"Capelinha";11,1111111111111;4;13;30,7692307692308;"Não";19,7;"NÃO ALCANÇOU"
"MG";311240;"Capetinga";0;0;0;0;"Sim";0;"ALCANÇOU"
"MG";311250;"Capim Branco";0;2;2;100;"Não";100;"NÃO ALCANÇOU"
"MG";311260;"Capinópolis";0;1;4;25;"Não";25;"NÃO ALCANÇOU"
"MG";311265;"Capitão Andrade";0;0;1;0;"Sim";0;"ALCANÇOU"
"MG";311270;"Capitão Enéas";36,8421052631579;3;8;37,5;"Não";0,7;"NÃO ALCANÇOU"
"MG";311280;"Capitólio";0;0;0;0;"Sim";0;"ALCANÇOU"
"MG";311290;"Caputira";0;0;1;0;"Sim";0;"ALCANÇOU"
"MG";311300;"Caraí";44,4444444444444;4;3;133,333333333333;"Não";88,9;"NÃO ALCANÇOU"
"MG";311310;"Caranaíba";0;0;1;0;"Sim";0;"ALCANÇOU"
"MG";311320;"Carandaí";0;0;1;0;"Sim";0;"ALCANÇOU"
"MG";311330;"Carangola";0;1;6;16,6666666666667;"Não";16,7;"NÃO ALCANÇOU"
"MG";311340;"Caratinga";66,6666666666667;2;3;66,6666666666667;"Não";0;"NÃO ALCANÇOU"
"MG";311350;"Carbonita";0;0;3;0;"Sim";0;"ALCANÇOU"
"MG";311360;"Careaçu";0;0;1;0;"Sim";0;"ALCANÇOU"
"MG";311370;"Carlos Chagas";0;0;3;0;"Sim";0;"ALCANÇOU"
"MG";311380;"Carmésia";0;2;1;200;"Não";200;"NÃO ALCANÇOU"
"MG";311390;"Carmo da Cachoeira";0;0;2;0;"Sim";0;"ALCANÇOU"
"MG";311400;"Carmo da Mata";0;0;0;0;"Sim";0;"ALCANÇOU"
"MG";311410;"Carmo de Minas";0;0;2;0;"Sim";0;"ALCANÇOU"
"MG";311420;"Carmo do Cajuru";57,1428571428571;4;5;80;"Não";22,9;"NÃO ALCANÇOU"
"MG";311430;"Carmo do Paranaíba";0;0;3;0;"Sim";0;"ALCANÇOU"
"MG";311440;"Carmo do Rio Claro";33,3333333333333;1;2;50;"Não";16,7;"NÃO ALCANÇOU"
"MG";311450;"Carmópolis de Minas";100;1;3;33,3333333333333;"Sim";-66,7;"ALCANÇOU"
"MG";311455;"Carneirinho";0;0;2;0;"Sim";0;"ALCANÇOU"
"MG";311460;"Carrancas";0;0;0;0;"Sim";0;"ALCANÇOU"
"MG";311470;"Carvalhópolis";0;0;0;0;"Sim";0;"ALCANÇOU"
"MG";311480;"Carvalhos";0;0;0;0;"Sim";0;"ALCANÇOU"
"MG";311490;"Casa Grande";0;0;0;0;"Sim";0;"ALCANÇOU"
"MG";311500;"Cascalho Rico";0;1;1;100;"Não";100;"NÃO ALCANÇOU"
"MG";311510;"Cássia";0;2;5;40;"Não";40;"NÃO ALCANÇOU"
"MG";311520;"Conceição da Barra de Minas";0;0;0;0;"Sim";0;"ALCANÇOU"
"MG";311530;"Cataguases";25;10;15;66,6666666666667;"Não";41,7;"NÃO ALCANÇOU"
"MG";311535;"Catas Altas";0;0;1;0;"Sim";0;"ALCANÇOU"
"MG";311540;"Catas Altas da Noruega";0;0;0;0;"Sim";0;"ALCANÇOU"
"MG";311545;"Catuji";0;1;1;100;"Não";100;"NÃO ALCANÇOU"
"MG";311547;"Catuti";0;0;0;0;"Sim";0;"ALCANÇOU"
"MG";311550;"Caxambu";0;1;2;50;"Não";50;"NÃO ALCANÇOU"
"MG";311560;"Cedro do Abaeté";0;0;0;0;"Sim";0;"ALCANÇOU"
"MG";311570;"Central de Minas";0;0;1;0;"Sim";0;"ALCANÇOU"
"MG";311580;"Centralina";0;0;0;0;"Sim";0;"ALCANÇOU"
"MG";311590;"Chácara";0;0;0;0;"Sim";0;"ALCANÇOU"
"MG";311600;"Chalé";0;0;1;0;"Sim";0;"ALCANÇOU"
"MG";311610;"Chapada do Norte";0;0;1;0;"Sim";0;"ALCANÇOU"
"MG";311615;"Chapada Gaúcha";0;0;5;0;"Sim";0;"ALCANÇOU"
"MG";311620;"Chiador";0;0;0;0;"Sim";0;"ALCANÇOU"
"MG";311630;"Cipotânea";0;0;0;0;"Sim";0;"ALCANÇOU"
"MG";311640;"Claraval";0;1;1;100;"Não";100;"NÃO ALCANÇOU"
"MG";311650;"Claro dos Poções";50;2;3;66,6666666666667;"Não";16,7;"NÃO ALCANÇOU"
"MG";311660;"Cláudio";50;1;4;25;"Sim";-25;"ALCANÇOU"
"MG";311670;"Coimbra";33,3333333333333;0;1;0;"Sim";-33,3;"ALCANÇOU"
"MG";311680;"Coluna";0;1;3;33,3333333333333;"Não";33,3;"NÃO ALCANÇOU"
"MG";311690;"Comendador Gomes";0;0;0;0;"Sim";0;"ALCANÇOU"
"MG";311700;"Comercinho";0;0;0;0;"Sim";0;"ALCANÇOU"
"MG";311710;"Conceição da Aparecida";0;0;3;0;"Sim";0;"ALCANÇOU"
"MG";311720;"Conceição das Pedras";0;0;0;0;"Sim";0;"ALCANÇOU"
"MG";311730;"Conceição das Alagoas";9,09090909090909;7;12;58,3333333333333;"Não";49,2;"NÃO ALCANÇOU"
"MG";311740;"Conceição de Ipanema";0;0;0;0;"Sim";0;"ALCANÇOU"
"MG";311750;"Conceição do Mato Dentro";300;0;2;0;"Sim";-300;"ALCANÇOU"
"MG";311760;"Conceição do Pará";0;1;2;50;"Não";50;"NÃO ALCANÇOU"
"MG";311770;"Conceição do Rio Verde";25;0;2;0;"Sim";-25;"ALCANÇOU"
"MG";311780;"Conceição dos Ouros";0;0;0;0;"Sim";0;"ALCANÇOU"
"MG";311783;"Cônego Marinho";0;0;1;0;"Sim";0;"ALCANÇOU"
"MG";311787;"Confins";0;0;0;0;"Sim";0;"ALCANÇOU"
"MG";311790;"Congonhal";25;0;1;0;"Sim";-25;"ALCANÇOU"
"MG";311800;"Congonhas";29,1666666666667;20;34;58,8235294117647;"Não";29,7;"NÃO ALCANÇOU"
"MG";311810;"Congonhas do Norte";0;0;0;0;"Sim";0;"ALCANÇOU"
"MG";311820;"Conquista";0;1;1;100;"Não";100;"NÃO ALCANÇOU"
"MG";311830;"Conselheiro Lafaiete";30,952380952381;11;41;26,8292682926829;"Sim";-4,1;"ALCANÇOU"
"MG";311840;"Conselheiro Pena";29,4117647058824;6;16;37,5;"Não";8,1;"NÃO ALCANÇOU"
"MG";311850;"Consolação";0;0;0;0;"Sim";0;"ALCANÇOU"
"MG";311860;"Contagem";49,3150684931507;92;267;34,4569288389513;"Sim";-14,9;"ALCANÇOU"
"MG";311870;"Coqueiral";0;0;0;0;"Sim";0;"ALCANÇOU"
"MG";311880;"Coração de Jesus";0;0;2;0;"Sim";0;"ALCANÇOU"
"MG";311890;"Cordisburgo";0;0;1;0;"Sim";0;"ALCANÇOU"
"MG";311900;"Cordislândia";0;0;0;0;"Sim";0;"ALCANÇOU"
"MG";311910;"Corinto";33,3333333333333;11;4;275;"Não";241,7;"NÃO ALCANÇOU"
"MG";311920;"Coroaci";200;0;1;0;"Sim";-200;"ALCANÇOU"
"MG";311930;"Coromandel";100;0;4;0;"Sim";-100;"ALCANÇOU"
"MG";311940;"Coronel Fabriciano";51,1111111111111;17;43;39,5348837209302;"Sim";-11,6;"ALCANÇOU"
"MG";311950;"Coronel Murta";0;0;2;0;"Sim";0;"ALCANÇOU"
"MG";311960;"Coronel Pacheco";0;1;4;25;"Não";25;"NÃO ALCANÇOU"
"MG";311970;"Coronel Xavier Chaves";0;0;0;0;"Sim";0;"ALCANÇOU"
"MG";311980;"Córrego Danta";0;0;0;0;"Sim";0;"ALCANÇOU"
"MG";311990;"Córrego do Bom Jesus";0;0;0;0;"Sim";0;"ALCANÇOU"
"MG";311995;"Córrego Fundo";0;0;0;0;"Sim";0;"ALCANÇOU"
"MG";312000;"Córrego Novo";0;0;0;0;"Sim";0;"ALCANÇOU"
"MG";312010;"Couto de Magalhães de Minas";0;0;0;0;"Sim";0;"ALCANÇOU"
"MG";312015;"Crisólita";0;0;0;0;"Sim";0;"ALCANÇOU"
"MG";312020;"Cristais";100;2;3;66,6666666666667;"Sim";-33,3;"ALCANÇOU"
"MG";312030;"Cristália";0;1;0;0;"Sim";0;"ALCANÇOU"
"MG";312040;"Cristiano Otoni";0;0;1;0;"Sim";0;"ALCANÇOU"
"MG";312050;"Cristina";0;0;1;0;"Sim";0;"ALCANÇOU"
"MG";312060;"Crucilândia";0;1;0;0;"Sim";0;"ALCANÇOU"
"MG";312070;"Cruzeiro da Fortaleza";0;0;0;0;"Sim";0;"ALCANÇOU"
"MG";312080;"Cruzília";0;0;2;0;"Sim";0;"ALCANÇOU"
"MG";312083;"Cuparaque";0;2;1;200;"Não";200;"NÃO ALCANÇOU"
"MG";312087;"Curral de Dentro";0;0;0;0;"Sim";0;"ALCANÇOU"
"MG";312090;"Curvelo";23,0769230769231;5;23;21,7391304347826;"Sim";-1,3;"ALCANÇOU"
"MG";312100;"Datas";0;0;0;0;"Sim";0;"ALCANÇOU"
"MG";312110;"Delfim Moreira";0;0;1;0;"Sim";0;"ALCANÇOU"
"MG";312120;"Delfinópolis";0;0;0;0;"Sim";0;"ALCANÇOU"
"MG";312125;"Delta";66,6666666666667;4;6;66,6666666666667;"Não";0;"NÃO ALCANÇOU"
"MG";312130;"Descoberto";0;2;1;200;"Não";200;"NÃO ALCANÇOU"
"MG";312140;"Desterro de Entre Rios";0;2;1;200;"Não";200;"NÃO ALCANÇOU"
"MG";312150;"Desterro do Melo";0;0;0;0;"Sim";0;"ALCANÇOU"
"MG";312160;"Diamantina";0;1;7;14,2857142857143;"Não";14,3;"NÃO ALCANÇOU"
"MG";312170;"Diogo de Vasconcelos";0;0;0;0;"Sim";0;"ALCANÇOU"
"MG";312180;"Dionísio";0;0;0;0;"Sim";0;"ALCANÇOU"
"MG";312190;"Divinésia";0;0;1;0;"Sim";0;"ALCANÇOU"
"MG";312200;"Divino";0;0;5;0;"Sim";0;"ALCANÇOU"
"MG";312210;"Divino das Laranjeiras";0;0;1;0;"Sim";0;"ALCANÇOU"
"MG";312220;"Divinolândia de Minas";0;0;0;0;"Sim";0;"ALCANÇOU"
"MG";312230;"Divinópolis";46,9387755102041;19;50;38;"Sim";-8,9;"ALCANÇOU"
"MG";312235;"Divisa Alegre";0;1;1;100;"Não";100;"NÃO ALCANÇOU"
"MG";312240;"Divisa Nova";0;1;0;0;"Sim";0;"ALCANÇOU"
"MG";312245;"Divisópolis";0;1;1;100;"Não";100;"NÃO ALCANÇOU"
"MG";312247;"Dom Bosco";0;0;0;0;"Sim";0;"ALCANÇOU"
"MG";312250;"Dom Cavati";0;0;1;0;"Sim";0;"ALCANÇOU"
"MG";312260;"Dom Joaquim";0;0;2;0;"Sim";0;"ALCANÇOU"
"MG";312270;"Dom Silvério";0;0;0;0;"Sim";0;"ALCANÇOU"
"MG";312280;"Dom Viçoso";0;0;0;0;"Sim";0;"ALCANÇOU"
"MG";312290;"Dona Eusébia";0;0;0;0;"Sim";0;"ALCANÇOU"
"MG";312300;"Dores de Campos";0;0;0;0;"Sim";0;"ALCANÇOU"
"MG";312310;"Dores de Guanhães";0;0;0;0;"Sim";0;"ALCANÇOU"
"MG";312320;"Dores do Indaiá";0;0;1;0;"Sim";0;"ALCANÇOU"
"MG";312330;"Dores do Turvo";0;1;2;50;"Não";50;"NÃO ALCANÇOU"
"MG";312340;"Doresópolis";0;0;0;0;"Sim";0;"ALCANÇOU"
"MG";312350;"Douradoquara";0;0;0;0;"Sim";0;"ALCANÇOU"
"MG";312352;"Durandé";0;0;1;0;"Sim";0;"ALCANÇOU"
"MG";312360;"Elói Mendes";0;1;3;33,3333333333333;"Não";33,3;"NÃO ALCANÇOU"
"MG";312370;"Engenheiro Caldas";0;0;2;0;"Sim";0;"ALCANÇOU"
"MG";312380;"Engenheiro Navarro";0;0;0;0;"Sim";0;"ALCANÇOU"
"MG";312385;"Entre Folhas";0;0;0;0;"Sim";0;"ALCANÇOU"
"MG";312390;"Entre Rios de Minas";0;0;1;0;"Sim";0;"ALCANÇOU"
"MG";312400;"Ervália";0;0;1;0;"Sim";0;"ALCANÇOU"
"MG";312410;"Esmeraldas";68,1818181818182;13;23;56,5217391304348;"Sim";-11,7;"ALCANÇOU"
"MG";312420;"Espera Feliz";0;4;9;44,4444444444444;"Não";44,4;"NÃO ALCANÇOU"
"MG";312430;"Espinosa";40;3;6;50;"Não";10;"NÃO ALCANÇOU"
"MG";312440;"Espírito Santo do Dourado";0;0;2;0;"Sim";0;"ALCANÇOU"
"MG";312450;"Estiva";100;1;4;25;"Sim";-75;"ALCANÇOU"
"MG";312460;"Estrela Dalva";0;0;0;0;"Sim";0;"ALCANÇOU"
"MG";312470;"Estrela do Indaiá";0;0;0;0;"Sim";0;"ALCANÇOU"
"MG";312480;"Estrela do Sul";0;0;0;0;"Sim";0;"ALCANÇOU"
"MG";312490;"Eugenópolis";0;1;1;100;"Não";100;"NÃO ALCANÇOU"
"MG";312500;"Ewbank da Câmara";0;0;0;0;"Sim";0;"ALCANÇOU"
"MG";312510;"Extrema";21,4285714285714;4;14;28,5714285714286;"Não";7,1;"NÃO ALCANÇOU"
"MG";312520;"Fama";0;0;0;0;"Sim";0;"ALCANÇOU"
"MG";312530;"Faria Lemos";0;0;0;0;"Sim";0;"ALCANÇOU"
"MG";312540;"Felício dos Santos";0;0;1;0;"Sim";0;"ALCANÇOU"
"MG";312550;"São Gonçalo do Rio Preto";0;0;0;0;"Sim";0;"ALCANÇOU"
"MG";312560;"Felisburgo";0;0;1;0;"Sim";0;"ALCANÇOU"
"MG";312570;"Felixlândia";0;2;3;66,6666666666667;"Não";66,7;"NÃO ALCANÇOU"
"MG";312580;"Fernandes Tourinho";0;1;1;100;"Não";100;"NÃO ALCANÇOU"
"MG";312590;"Ferros";0;0;0;0;"Sim";0;"ALCANÇOU"
"MG";312595;"Fervedouro";0;0;3;0;"Sim";0;"ALCANÇOU"
"MG";312600;"Florestal";0;0;0;0;"Sim";0;"ALCANÇOU"
"MG";312610;"Formiga";46,6666666666667;4;8;50;"Não";3,3;"NÃO ALCANÇOU"
"MG";312620;"Formoso";0;1;3;33,3333333333333;"Não";33,3;"NÃO ALCANÇOU"
"MG";312630;"Fortaleza de Minas";0;0;1;0;"Sim";0;"ALCANÇOU"
"MG";312640;"Fortuna de Minas";0;0;0;0;"Sim";0;"ALCANÇOU"
"MG";312650;"Francisco Badaró";0;0;1;0;"Sim";0;"ALCANÇOU"
"MG";312660;"Francisco Dumont";0;1;1;100;"Não";100;"NÃO ALCANÇOU"
"MG";312670;"Francisco Sá";0;0;0;0;"Sim";0;"ALCANÇOU"
"MG";312675;"Franciscópolis";0;1;1;100;"Não";100;"NÃO ALCANÇOU"
"MG";312680;"Frei Gaspar";0;1;0;0;"Sim";0;"ALCANÇOU"
"MG";312690;"Frei Inocêncio";33,3333333333333;4;9;44,4444444444444;"Não";11,1;"NÃO ALCANÇOU"
"MG";312695;"Frei Lagonegro";0;0;0;0;"Sim";0;"ALCANÇOU"
"MG";312700;"Fronteira";0;0;0;0;"Sim";0;"ALCANÇOU"
"MG";312705;"Fronteira dos Vales";0;1;0;0;"Sim";0;"ALCANÇOU"
"MG";312707;"Fruta de Leite";0;0;0;0;"Sim";0;"ALCANÇOU"
"MG";312710;"Frutal";25,7142857142857;1;21;4,76190476190476;"Sim";-21;"ALCANÇOU"
"MG";312720;"Funilândia";0;0;0;0;"Sim";0;"ALCANÇOU"
"MG";312730;"Galiléia";0;0;0;0;"Sim";0;"ALCANÇOU"
"MG";312733;"Gameleiras";0;0;2;0;"Sim";0;"ALCANÇOU"
"MG";312735;"Glaucilândia";0;0;0;0;"Sim";0;"ALCANÇOU"
"MG";312737;"Goiabeira";0;0;0;0;"Sim";0;"ALCANÇOU"
"MG";312738;"Goianá";0;0;0;0;"Sim";0;"ALCANÇOU"
"MG";312740;"Gonçalves";0;0;0;0;"Sim";0;"ALCANÇOU"
"MG";312750;"Gonzaga";0;2;2;100;"Não";100;"NÃO ALCANÇOU"
"MG";312760;"Gouveia";0;0;2;0;"Sim";0;"ALCANÇOU"
"MG";312770;"Governador Valadares";40,5594405594406;67;178;37,6404494382022;"Sim";-2,9;"ALCANÇOU"
"MG";312780;"Grão Mogol";0;0;1;0;"Sim";0;"ALCANÇOU"
"MG";312790;"Grupiara";0;0;0;0;"Sim";0;"ALCANÇOU"
"MG";312800;"Guanhães";45,4545454545455;5;14;35,7142857142857;"Sim";-9,7;"ALCANÇOU"
"MG";312810;"Guapé";0;0;1;0;"Sim";0;"ALCANÇOU"
"MG";312820;"Guaraciaba";0;0;0;0;"Sim";0;"ALCANÇOU"
"MG";312825;"Guaraciama";0;0;1;0;"Sim";0;"ALCANÇOU"
"MG";312830;"Guaranésia";0;0;2;0;"Sim";0;"ALCANÇOU"
"MG";312840;"Guarani";40;2;1;200;"Não";160;"NÃO ALCANÇOU"
"MG";312850;"Guarará";0;1;1;100;"Não";100;"NÃO ALCANÇOU"
"MG";312860;"Guarda-Mor";66,6666666666667;0;4;0;"Sim";-66,7;"ALCANÇOU"
"MG";312870;"Guaxupé";30,7692307692308;4;23;17,3913043478261;"Sim";-13,4;"ALCANÇOU"
"MG";312880;"Guidoval";0;0;1;0;"Sim";0;"ALCANÇOU"
"MG";312890;"Guimarânia";0;0;1;0;"Sim";0;"ALCANÇOU"
"MG";312900;"Guiricema";0;0;0;0;"Sim";0;"ALCANÇOU"
"MG";312910;"Gurinhatã";0;0;0;0;"Sim";0;"ALCANÇOU"
"MG";312920;"Heliodora";0;0;0;0;"Sim";0;"ALCANÇOU"
"MG";312930;"Iapu";0;1;4;25;"Não";25;"NÃO ALCANÇOU"
"MG";312940;"Ibertioga";0;0;0;0;"Sim";0;"ALCANÇOU"
"MG";312950;"Ibiá";20;0;6;0;"Sim";-20;"ALCANÇOU"
"MG";312960;"Ibiaí";0;3;0;0;"Sim";0;"ALCANÇOU"
"MG";312965;"Ibiracatu";0;1;2;50;"Não";50;"NÃO ALCANÇOU"
"MG";312970;"Ibiraci";0;2;2;100;"Não";100;"NÃO ALCANÇOU"
"MG";312980;"Ibirité";58,974358974359;29;61;47,5409836065574;"Sim";-11,4;"ALCANÇOU"
"MG";312990;"Ibitiúra de Minas";0;1;2;50;"Não";50;"NÃO ALCANÇOU"
"MG";313000;"Ibituruna";0;0;0;0;"Sim";0;"ALCANÇOU"
"MG";313005;"Icaraí de Minas";0;0;2;0;"Sim";0;"ALCANÇOU"
"MG";313010;"Igarapé";19,047619047619;2;18;11,1111111111111;"Sim";-7,9;"ALCANÇOU"
"MG";313020;"Igaratinga";0;1;2;50;"Não";50;"NÃO ALCANÇOU"
"MG";313030;"Iguatama";0;1;1;100;"Não";100;"NÃO ALCANÇOU"
"MG";313040;"Ijaci";0;0;1;0;"Sim";0;"ALCANÇOU"
"MG";313050;"Ilicínea";0;1;0;0;"Sim";0;"ALCANÇOU"
"MG";313055;"Imbé de Minas";0;0;0;0;"Sim";0;"ALCANÇOU"
"MG";313060;"Inconfidentes";0;0;0;0;"Sim";0;"ALCANÇOU"
"MG";313065;"Indaiabira";0;1;0;0;"Sim";0;"ALCANÇOU"
"MG";313070;"Indianópolis";0;0;0;0;"Sim";0;"ALCANÇOU"
"MG";313080;"Ingaí";0;0;0;0;"Sim";0;"ALCANÇOU"
"MG";313090;"Inhapim";0;0;2;0;"Sim";0;"ALCANÇOU"
"MG";313100;"Inhaúma";0;0;0;0;"Sim";0;"ALCANÇOU"
"MG";313110;"Inimutaba";0;0;2;0;"Sim";0;"ALCANÇOU"
"MG";313115;"Ipaba";144,444444444444;3;4;75;"Sim";-69,4;"ALCANÇOU"
"MG";313120;"Ipanema";33,3333333333333;1;2;50;"Não";16,7;"NÃO ALCANÇOU"
"MG";313130;"Ipatinga";42,7350427350427;16;76;21,0526315789474;"Sim";-21,7;"ALCANÇOU"
"MG";313140;"Ipiaçu";0;0;2;0;"Sim";0;"ALCANÇOU"
"MG";313150;"Ipuiúna";0;0;1;0;"Sim";0;"ALCANÇOU"
"MG";313160;"Iraí de Minas";100;2;2;100;"Não";0;"NÃO ALCANÇOU"
"MG";313170;"Itabira";37,2093023255814;11;43;25,5813953488372;"Sim";-11,6;"ALCANÇOU"
"MG";313180;"Itabirinha";0;0;2;0;"Sim";0;"ALCANÇOU"
"MG";313190;"Itabirito";20;2;11;18,1818181818182;"Sim";-1,8;"ALCANÇOU"
"MG";313200;"Itacambira";0;0;0;0;"Sim";0;"ALCANÇOU"
"MG";313210;"Itacarambi";0;5;4;125;"Não";125;"NÃO ALCANÇOU"
"MG";313220;"Itaguara";0;1;1;100;"Não";100;"NÃO ALCANÇOU"
"MG";313230;"Itaipé";0;1;1;100;"Não";100;"NÃO ALCANÇOU"
"MG";313240;"Itajubá";12,5;6;27;22,2222222222222;"Não";9,7;"NÃO ALCANÇOU"
"MG";313250;"Itamarandiba";0;1;5;20;"Não";20;"NÃO ALCANÇOU"
"MG";313260;"Itamarati de Minas";0;1;1;100;"Não";100;"NÃO ALCANÇOU"
"MG";313270;"Itambacuri";33,3333333333333;1;2;50;"Não";16,7;"NÃO ALCANÇOU"
"MG";313280;"Itambé do Mato Dentro";0;0;0;0;"Sim";0;"ALCANÇOU"
"MG";313290;"Itamogi";0;1;1;100;"Não";100;"NÃO ALCANÇOU"
"MG";313300;"Itamonte";0;0;0;0;"Sim";0;"ALCANÇOU"
"MG";313310;"Itanhandu";0;0;1;0;"Sim";0;"ALCANÇOU"
"MG";313320;"Itanhomi";0;4;1;400;"Não";400;"NÃO ALCANÇOU"
"MG";313330;"Itaobim";0;1;3;33,3333333333333;"Não";33,3;"NÃO ALCANÇOU"
"MG";313340;"Itapagipe";0;0;0;0;"Sim";0;"ALCANÇOU"
"MG";313350;"Itapecerica";0;1;5;20;"Não";20;"NÃO ALCANÇOU"
"MG";313360;"Itapeva";0;0;3;0;"Sim";0;"ALCANÇOU"
"MG";313370;"Itatiaiuçu";0;0;1;0;"Sim";0;"ALCANÇOU"
"MG";313375;"Itaú de Minas";0;1;3;33,3333333333333;"Não";33,3;"NÃO ALCANÇOU"
"MG";313380;"Itaúna";18,1818181818182;13;15;86,6666666666667;"Não";68,5;"NÃO ALCANÇOU"
"MG";313390;"Itaverava";0;0;0;0;"Sim";0;"ALCANÇOU"
"MG";313400;"Itinga";200;2;4;50;"Sim";-150;"ALCANÇOU"
"MG";313410;"Itueta";0;0;0;0;"Sim";0;"ALCANÇOU"
"MG";313420;"Ituiutaba";13,3333333333333;7;34;20,5882352941176;"Não";7,3;"NÃO ALCANÇOU"
"MG";313430;"Itumirim";0;0;1;0;"Sim";0;"ALCANÇOU"
"MG";313440;"Iturama";16,6666666666667;2;10;20;"Não";3,3;"NÃO ALCANÇOU"
"MG";313450;"Itutinga";0;0;0;0;"Sim";0;"ALCANÇOU"
"MG";313460;"Jaboticatubas";80;4;5;80;"Não";0;"NÃO ALCANÇOU"
"MG";313470;"Jacinto";0;0;0;0;"Sim";0;"ALCANÇOU"
"MG";313480;"Jacuí";0;0;0;0;"Sim";0;"ALCANÇOU"
"MG";313490;"Jacutinga";0;1;3;33,3333333333333;"Não";33,3;"NÃO ALCANÇOU"
"MG";313500;"Jaguaraçu";0;0;0;0;"Sim";0;"ALCANÇOU"
"MG";313505;"Jaíba";8,69565217391304;9;22;40,9090909090909;"Não";32,2;"NÃO ALCANÇOU"
"MG";313507;"Jampruca";133,333333333333;3;4;75;"Sim";-58,3;"ALCANÇOU"
"MG";313510;"Janaúba";28,5714285714286;8;40;20;"Sim";-8,6;"ALCANÇOU"
"MG";313520;"Januária";29,4117647058824;5;17;29,4117647058824;"Não";0;"NÃO ALCANÇOU"
"MG";313530;"Japaraíba";0;0;2;0;"Sim";0;"ALCANÇOU"
"MG";313535;"Japonvar";0;0;0;0;"Sim";0;"ALCANÇOU"
"MG";313540;"Jeceaba";0;0;0;0;"Sim";0;"ALCANÇOU"
"MG";313545;"Jenipapo de Minas";0;0;0;0;"Sim";0;"ALCANÇOU"
"MG";313550;"Jequeri";0;0;0;0;"Sim";0;"ALCANÇOU"
"MG";313560;"Jequitaí";0;1;2;50;"Não";50;"NÃO ALCANÇOU"
"MG";313570;"Jequitibá";0;0;0;0;"Sim";0;"ALCANÇOU"
"MG";313580;"Jequitinhonha";100;1;4;25;"Sim";-75;"ALCANÇOU"
"MG";313590;"Jesuânia";0;0;0;0;"Sim";0;"ALCANÇOU"
"MG";313600;"Joaíma";16,6666666666667;3;6;50;"Não";33,3;"NÃO ALCANÇOU"
"MG";313610;"Joanésia";0;0;0;0;"Sim";0;"ALCANÇOU"
"MG";313620;"João Monlevade";16,6666666666667;8;35;22,8571428571429;"Não";6,2;"NÃO ALCANÇOU"
"MG";313630;"João Pinheiro";22,2222222222222;13;26;50;"Não";27,8;"NÃO ALCANÇOU"
"MG";313640;"Joaquim Felício";0;0;0;0;"Sim";0;"ALCANÇOU"
"MG";313650;"Jordânia";0;1;1;100;"Não";100;"NÃO ALCANÇOU"
"MG";313652;"José Gonçalves de Minas";0;0;0;0;"Sim";0;"ALCANÇOU"
"MG";313655;"José Raydan";0;0;0;0;"Sim";0;"ALCANÇOU"
"MG";313657;"Josenópolis";0;0;0;0;"Sim";0;"ALCANÇOU"
"MG";313660;"Nova União";0;1;2;50;"Não";50;"NÃO ALCANÇOU"
"MG";313665;"Juatuba";41,6666666666667;5;9;55,5555555555556;"Não";13,9;"NÃO ALCANÇOU"
"MG";313670;"Juiz de Fora";45,3125;80;230;34,7826086956522;"Sim";-10,5;"ALCANÇOU"
"MG";313680;"Juramento";0;0;2;0;"Sim";0;"ALCANÇOU"
"MG";313690;"Juruaia";100;0;1;0;"Sim";-100;"ALCANÇOU"
"MG";313695;"Juvenília";0;0;0;0;"Sim";0;"ALCANÇOU"
"MG";313700;"Ladainha";0;0;4;0;"Sim";0;"ALCANÇOU"
"MG";313710;"Lagamar";0;0;1;0;"Sim";0;"ALCANÇOU"
"MG";313720;"Lagoa da Prata";20;3;11;27,2727272727273;"Não";7,3;"NÃO ALCANÇOU"
"MG";313730;"Lagoa dos Patos";0;0;0;0;"Sim";0;"ALCANÇOU"
"MG";313740;"Lagoa Dourada";0;0;0;0;"Sim";0;"ALCANÇOU"
"MG";313750;"Lagoa Formosa";50;2;4;50;"Não";0;"NÃO ALCANÇOU"
"MG";313753;"Lagoa Grande";0;0;0;0;"Sim";0;"ALCANÇOU"
"MG";313760;"Lagoa Santa";65,2173913043478;17;24;70,8333333333333;"Não";5,6;"NÃO ALCANÇOU"
"MG";313770;"Lajinha";0;1;4;25;"Não";25;"NÃO ALCANÇOU"
"MG";313780;"Lambari";0;0;1;0;"Sim";0;"ALCANÇOU"
"MG";313790;"Lamim";0;0;2;0;"Sim";0;"ALCANÇOU"
"MG";313800;"Laranjal";0;0;1;0;"Sim";0;"ALCANÇOU"
"MG";313810;"Lassance";0;0;2;0;"Sim";0;"ALCANÇOU"
"MG";313820;"Lavras";37,037037037037;6;29;20,6896551724138;"Sim";-16,3;"ALCANÇOU"
"MG";313830;"Leandro Ferreira";0;0;0;0;"Sim";0;"ALCANÇOU"
"MG";313835;"Leme do Prado";0;0;1;0;"Sim";0;"ALCANÇOU"
"MG";313840;"Leopoldina";11,1111111111111;3;16;18,75;"Não";7,6;"NÃO ALCANÇOU"
"MG";313850;"Liberdade";0;0;0;0;"Sim";0;"ALCANÇOU"
"MG";313860;"Lima Duarte";50;2;2;100;"Não";50;"NÃO ALCANÇOU"
"MG";313862;"Limeira do Oeste";0;1;1;100;"Não";100;"NÃO ALCANÇOU"
"MG";313865;"Lontra";0;1;1;100;"Não";100;"NÃO ALCANÇOU"
"MG";313867;"Luisburgo";0;0;0;0;"Sim";0;"ALCANÇOU"
"MG";313868;"Luislândia";0;0;0;0;"Sim";0;"ALCANÇOU"
"MG";313870;"Luminárias";0;0;0;0;"Sim";0;"ALCANÇOU"
"MG";313880;"Luz";0;0;5;0;"Sim";0;"ALCANÇOU"
"MG";313890;"Machacalis";0;1;0;0;"Sim";0;"ALCANÇOU"
"MG";313900;"Machado";25;0;9;0;"Sim";-25;"ALCANÇOU"
"MG";313910;"Madre de Deus de Minas";0;0;0;0;"Sim";0;"ALCANÇOU"
"MG";313920;"Malacacheta";0;1;3;33,3333333333333;"Não";33,3;"NÃO ALCANÇOU"
"MG";313925;"Mamonas";0;0;0;0;"Sim";0;"ALCANÇOU"
"MG";313930;"Manga";75;3;4;75;"Não";0;"NÃO ALCANÇOU"
"MG";313940;"Manhuaçu";0;0;26;0;"Sim";0;"ALCANÇOU"
"MG";313950;"Manhumirim";10;1;2;50;"Não";40;"NÃO ALCANÇOU"
"MG";313960;"Mantena";11,1111111111111;0;10;0;"Sim";-11,1;"ALCANÇOU"
"MG";313970;"Maravilhas";0;0;0;0;"Sim";0;"ALCANÇOU"
"MG";313980;"Mar de Espanha";0;0;4;0;"Sim";0;"ALCANÇOU"
"MG";313990;"Maria da Fé";0;2;2;100;"Não";100;"NÃO ALCANÇOU"
"MG";314000;"Mariana";46,875;15;30;50;"Não";3,1;"NÃO ALCANÇOU"
"MG";314010;"Marilac";0;0;2;0;"Sim";0;"ALCANÇOU"
"MG";314015;"Mário Campos";9,09090909090909;0;4;0;"Sim";-9,1;"ALCANÇOU"
"MG";314020;"Maripá de Minas";0;0;1;0;"Sim";0;"ALCANÇOU"
"MG";314030;"Marliéria";0;0;0;0;"Sim";0;"ALCANÇOU"
"MG";314040;"Marmelópolis";0;0;0;0;"Sim";0;"ALCANÇOU"
"MG";314050;"Martinho Campos";0;2;3;66,6666666666667;"Não";66,7;"NÃO ALCANÇOU"
"MG";314053;"Martins Soares";0;0;0;0;"Sim";0;"ALCANÇOU"
"MG";314055;"Mata Verde";33,3333333333333;2;1;200;"Não";166,7;"NÃO ALCANÇOU"
"MG";314060;"Materlândia";0;0;0;0;"Sim";0;"ALCANÇOU"
"MG";314070;"Mateus Leme";20;3;10;30;"Não";10;"NÃO ALCANÇOU"
"MG";314080;"Matias Barbosa";28,5714285714286;1;3;33,3333333333333;"Não";4,8;"NÃO ALCANÇOU"
"MG";314085;"Matias Cardoso";0;0;2;0;"Sim";0;"ALCANÇOU"
"MG";314090;"Matipó";16,6666666666667;1;1;100;"Não";83,3;"NÃO ALCANÇOU"
"MG";314100;"Mato Verde";0;0;4;0;"Sim";0;"ALCANÇOU"
"MG";314110;"Matozinhos";40;13;16;81,25;"Não";41,2;"NÃO ALCANÇOU"
"MG";314120;"Matutina";0;0;0;0;"Sim";0;"ALCANÇOU"
"MG";314130;"Medeiros";0;0;1;0;"Sim";0;"ALCANÇOU"
"MG";314140;"Medina";0;2;2;100;"Não";100;"NÃO ALCANÇOU"
"MG";314150;"Mendes Pimentel";0;0;0;0;"Sim";0;"ALCANÇOU"
"MG";314160;"Mercês";0;0;0;0;"Sim";0;"ALCANÇOU"
"MG";314170;"Mesquita";0;0;1;0;"Sim";0;"ALCANÇOU"
"MG";314180;"Minas Novas";0;0;0;0;"Sim";0;"ALCANÇOU"
"MG";314190;"Minduri";0;0;1;0;"Sim";0;"ALCANÇOU"
"MG";314200;"Mirabela";0;1;2;50;"Não";50;"NÃO ALCANÇOU"
"MG";314210;"Miradouro";0;0;0;0;"Sim";0;"ALCANÇOU"
"MG";314220;"Miraí";40;0;4;0;"Sim";-40;"ALCANÇOU"
"MG";314225;"Miravânia";0;0;1;0;"Sim";0;"ALCANÇOU"
"MG";314230;"Moeda";0;0;0;0;"Sim";0;"ALCANÇOU"
"MG";314240;"Moema";0;1;1;100;"Não";100;"NÃO ALCANÇOU"
"MG";314250;"Monjolos";0;0;0;0;"Sim";0;"ALCANÇOU"
"MG";314260;"Monsenhor Paulo";0;0;1;0;"Sim";0;"ALCANÇOU"
"MG";314270;"Montalvânia";0;0;2;0;"Sim";0;"ALCANÇOU"
"MG";314280;"Monte Alegre de Minas";0;1;1;100;"Não";100;"NÃO ALCANÇOU"
"MG";314290;"Monte Azul";0;1;4;25;"Não";25;"NÃO ALCANÇOU"
"MG";314300;"Monte Belo";0;1;1;100;"Não";100;"NÃO ALCANÇOU"
"MG";314310;"Monte Carmelo";0;0;8;0;"Sim";0;"ALCANÇOU"
"MG";314315;"Monte Formoso";0;0;0;0;"Sim";0;"ALCANÇOU"
"MG";314320;"Monte Santo de Minas";0;2;6;33,3333333333333;"Não";33,3;"NÃO ALCANÇOU"
"MG";314330;"Montes Claros";21,0884353741497;32;156;20,5128205128205;"Não";-0,58;"NÃO ALCANÇOU"
"MG";314340;"Monte Sião";0;0;2;0;"Sim";0;"ALCANÇOU"
"MG";314345;"Montezuma";0;1;1;100;"Não";100;"NÃO ALCANÇOU"
"MG";314350;"Morada Nova de Minas";0;0;1;0;"Sim";0;"ALCANÇOU"
"MG";314360;"Morro da Garça";0;0;0;0;"Sim";0;"ALCANÇOU"
"MG";314370;"Morro do Pilar";0;0;0;0;"Sim";0;"ALCANÇOU"
"MG";314380;"Munhoz";50;0;1;0;"Sim";-50;"ALCANÇOU"
"MG";314390;"Muriaé";16,6666666666667;7;23;30,4347826086957;"Não";13,8;"NÃO ALCANÇOU"
"MG";314400;"Mutum";0;1;4;25;"Não";25;"NÃO ALCANÇOU"
"MG";314410;"Muzambinho";0;0;2;0;"Sim";0;"ALCANÇOU"
"MG";314420;"Nacip Raydan";0;0;0;0;"Sim";0;"ALCANÇOU"
"MG";314430;"Nanuque";20;4;6;66,6666666666667;"Não";46,7;"NÃO ALCANÇOU"
"MG";314435;"Naque";100;0;2;0;"Sim";-100;"ALCANÇOU"
"MG";314437;"Natalândia";0;1;2;50;"Não";50;"NÃO ALCANÇOU"
"MG";314440;"Natércia";0;0;0;0;"Sim";0;"ALCANÇOU"
"MG";314450;"Nazareno";0;0;1;0;"Sim";0;"ALCANÇOU"
"MG";314460;"Nepomuceno";33,3333333333333;0;7;0;"Sim";-33,3;"ALCANÇOU"
"MG";314465;"Ninheira";0;0;0;0;"Sim";0;"ALCANÇOU"
"MG";314467;"Nova Belém";0;0;0;0;"Sim";0;"ALCANÇOU"
"MG";314470;"Nova Era";20;0;6;0;"Sim";-20;"ALCANÇOU"
"MG";314480;"Nova Lima";14,2857142857143;4;30;13,3333333333333;"Sim";-0,95;"NÃO ALCANÇOU"
"MG";314490;"Nova Módica";0;1;0;0;"Sim";0;"ALCANÇOU"
"MG";314500;"Nova Ponte";0;0;3;0;"Sim";0;"ALCANÇOU"
"MG";314505;"Nova Porteirinha";0;2;2;100;"Não";100;"NÃO ALCANÇOU"
"MG";314510;"Nova Resende";0;0;1;0;"Sim";0;"ALCANÇOU"
"MG";314520;"Nova Serrana";16,6666666666667;4;22;18,1818181818182;"Não";1,5;"NÃO ALCANÇOU"
"MG";314530;"Novo Cruzeiro";300;3;5;60;"Sim";-240;"ALCANÇOU"
"MG";314535;"Novo Oriente de Minas";0;0;0;0;"Sim";0;"ALCANÇOU"
"MG";314537;"Novorizonte";0;0;0;0;"Sim";0;"ALCANÇOU"
"MG";314540;"Olaria";0;0;0;0;"Sim";0;"ALCANÇOU"
"MG";314545;"Olhos-d'Água";0;0;2;0;"Sim";0;"ALCANÇOU"
"MG";314550;"Olímpio Noronha";0;0;0;0;"Sim";0;"ALCANÇOU"
"MG";314560;"Oliveira";12,5;1;4;25;"Não";12,5;"NÃO ALCANÇOU"
"MG";314570;"Oliveira Fortes";0;0;0;0;"Sim";0;"ALCANÇOU"
"MG";314580;"Onça de Pitangui";0;0;0;0;"Sim";0;"ALCANÇOU"
"MG";314585;"Oratórios";0;0;0;0;"Sim";0;"ALCANÇOU"
"MG";314587;"Orizânia";0;1;1;100;"Não";100;"NÃO ALCANÇOU"
"MG";314590;"Ouro Branco";6,66666666666667;6;14;42,8571428571429;"Não";36,2;"NÃO ALCANÇOU"
"MG";314600;"Ouro Fino";0;0;1;0;"Sim";0;"ALCANÇOU"
"MG";314610;"Ouro Preto";46,1538461538462;7;11;63,6363636363636;"Não";17,5;"NÃO ALCANÇOU"
"MG";314620;"Ouro Verde de Minas";0;0;3;0;"Sim";0;"ALCANÇOU"
"MG";314625;"Padre Carvalho";0;0;0;0;"Sim";0;"ALCANÇOU"
"MG";314630;"Padre Paraíso";0;7;6;116,666666666667;"Não";116,7;"NÃO ALCANÇOU"
"MG";314640;"Paineiras";0;0;1;0;"Sim";0;"ALCANÇOU"
"MG";314650;"Pains";0;0;1;0;"Sim";0;"ALCANÇOU"
"MG";314655;"Pai Pedro";0;0;0;0;"Sim";0;"ALCANÇOU"
"MG";314660;"Paiva";0;0;0;0;"Sim";0;"ALCANÇOU"
"MG";314670;"Palma";0;1;1;100;"Não";100;"NÃO ALCANÇOU"
"MG";314675;"Palmópolis";0;2;1;200;"Não";200;"NÃO ALCANÇOU"
"MG";314690;"Papagaios";25;1;5;20;"Sim";-5;"ALCANÇOU"
"MG";314700;"Paracatu";22,7272727272727;7;31;22,5806451612903;"Não";-0,15;"NÃO ALCANÇOU"
"MG";314710;"Pará de Minas";37,5;7;28;25;"Sim";-12,5;"ALCANÇOU"
"MG";314720;"Paraguaçu";0;0;8;0;"Sim";0;"ALCANÇOU"
"MG";314730;"Paraisópolis";100;0;1;0;"Sim";-100;"ALCANÇOU"
"MG";314740;"Paraopeba";33,3333333333333;5;6;83,3333333333333;"Não";50;"NÃO ALCANÇOU"
"MG";314750;"Passabém";0;0;0;0;"Sim";0;"ALCANÇOU"
"MG";314760;"Passa Quatro";0;0;1;0;"Sim";0;"ALCANÇOU"
"MG";314770;"Passa Tempo";0;0;0;0;"Sim";0;"ALCANÇOU"
"MG";314780;"Passa-Vinte";0;0;0;0;"Sim";0;"ALCANÇOU"
"MG";314790;"Passos";43,75;9;15;60;"Não";16,2;"NÃO ALCANÇOU"
"MG";314795;"Patis";0;0;0;0;"Sim";0;"ALCANÇOU"
"MG";314800;"Patos de Minas";104,545454545455;5;30;16,6666666666667;"Sim";-87,9;"ALCANÇOU"
"MG";314810;"Patrocínio";10,5263157894737;3;20;15;"Não";4,5;"NÃO ALCANÇOU"
"MG";314820;"Patrocínio do Muriaé";0;0;0;0;"Sim";0;"ALCANÇOU"
"MG";314830;"Paula Cândido";0;0;0;0;"Sim";0;"ALCANÇOU"
"MG";314840;"Paulistas";0;1;1;100;"Não";100;"NÃO ALCANÇOU"
"MG";314850;"Pavão";0;2;3;66,6666666666667;"Não";66,7;"NÃO ALCANÇOU"
"MG";314860;"Peçanha";0;0;1;0;"Sim";0;"ALCANÇOU"
"MG";314870;"Pedra Azul";0;0;6;0;"Sim";0;"ALCANÇOU"
"MG";314875;"Pedra Bonita";0;0;1;0;"Sim";0;"ALCANÇOU"
"MG";314880;"Pedra do Anta";0;0;0;0;"Sim";0;"ALCANÇOU"
"MG";314890;"Pedra do Indaiá";0;0;0;0;"Sim";0;"ALCANÇOU"
"MG";314900;"Pedra Dourada";0;0;1;0;"Sim";0;"ALCANÇOU"
"MG";314910;"Pedralva";0;0;2;0;"Sim";0;"ALCANÇOU"
"MG";314915;"Pedras de Maria da Cruz";0;1;2;50;"Não";50;"NÃO ALCANÇOU"
"MG";314920;"Pedrinópolis";0;0;0;0;"Sim";0;"ALCANÇOU"
"MG";314930;"Pedro Leopoldo";23,0769230769231;9;18;50;"Não";26,9;"NÃO ALCANÇOU"
"MG";314940;"Pedro Teixeira";0;0;0;0;"Sim";0;"ALCANÇOU"
"MG";314950;"Pequeri";0;0;1;0;"Sim";0;"ALCANÇOU"
"MG";314960;"Pequi";0;0;1;0;"Sim";0;"ALCANÇOU"
"MG";314970;"Perdigão";50;2;4;50;"Não";0;"NÃO ALCANÇOU"
"MG";314980;"Perdizes";100;4;7;57,1428571428571;"Sim";-42,9;"ALCANÇOU"
"MG";314990;"Perdões";0;1;3;33,3333333333333;"Não";33,3;"NÃO ALCANÇOU"
"MG";314995;"Periquito";0;1;4;25;"Não";25;"NÃO ALCANÇOU"
"MG";315000;"Pescador";0;0;0;0;"Sim";0;"ALCANÇOU"
"MG";315010;"Piau";0;0;4;0;"Sim";0;"ALCANÇOU"
"MG";315015;"Piedade de Caratinga";0;0;0;0;"Sim";0;"ALCANÇOU"
"MG";315020;"Piedade de Ponte Nova";0;0;0;0;"Sim";0;"ALCANÇOU"
"MG";315030;"Piedade do Rio Grande";0;0;1;0;"Sim";0;"ALCANÇOU"
"MG";315040;"Piedade dos Gerais";0;0;0;0;"Sim";0;"ALCANÇOU"
"MG";315050;"Pimenta";0;0;4;0;"Sim";0;"ALCANÇOU"
"MG";315053;"Pingo-d'Água";100;0;1;0;"Sim";-100;"ALCANÇOU"
"MG";315057;"Pintópolis";0;2;2;100;"Não";100;"NÃO ALCANÇOU"
"MG";315060;"Piracema";0;1;0;0;"Sim";0;"ALCANÇOU"
"MG";315070;"Pirajuba";0;0;2;0;"Sim";0;"ALCANÇOU"
"MG";315080;"Piranga";100;0;1;0;"Sim";-100;"ALCANÇOU"
"MG";315090;"Piranguçu";0;0;0;0;"Sim";0;"ALCANÇOU"
"MG";315100;"Piranguinho";0;0;0;0;"Sim";0;"ALCANÇOU"
"MG";315110;"Pirapetinga";12,5;2;3;66,6666666666667;"Não";54,2;"NÃO ALCANÇOU"
"MG";315120;"Pirapora";72,7272727272727;12;12;100;"Não";27,3;"NÃO ALCANÇOU"
"MG";315130;"Piraúba";40;1;7;14,2857142857143;"Sim";-25,7;"ALCANÇOU"
"MG";315140;"Pitangui";33,3333333333333;1;3;33,3333333333333;"Não";0;"NÃO ALCANÇOU"
"MG";315150;"Piumhi";17,6470588235294;4;9;44,4444444444444;"Não";26,8;"NÃO ALCANÇOU"
"MG";315160;"Planura";100;2;3;66,6666666666667;"Sim";-33,3;"ALCANÇOU"
"MG";315170;"Poço Fundo";0;0;5;0;"Sim";0;"ALCANÇOU"
"MG";315180;"Poços de Caldas";21,4285714285714;12;64;18,75;"Sim";-2,7;"ALCANÇOU"
"MG";315190;"Pocrane";0;0;1;0;"Sim";0;"ALCANÇOU"
"MG";315200;"Pompéu";20;3;10;30;"Não";10;"NÃO ALCANÇOU"
"MG";315210;"Ponte Nova";16,6666666666667;2;15;13,3333333333333;"Sim";-3,3;"ALCANÇOU"
"MG";315213;"Ponto Chique";0;0;1;0;"Sim";0;"ALCANÇOU"
"MG";315217;"Ponto dos Volantes";0;3;2;150;"Não";150;"NÃO ALCANÇOU"
"MG";315220;"Porteirinha";50;4;12;33,3333333333333;"Sim";-16,7;"ALCANÇOU"
"MG";315230;"Porto Firme";0;0;0;0;"Sim";0;"ALCANÇOU"
"MG";315240;"Poté";0;5;2;250;"Não";250;"NÃO ALCANÇOU"
"MG";315250;"Pouso Alegre";22,9166666666667;9;29;31,0344827586207;"Não";8,1;"NÃO ALCANÇOU"
"MG";315260;"Pouso Alto";0;0;0;0;"Sim";0;"ALCANÇOU"
"MG";315270;"Prados";0;0;0;0;"Sim";0;"ALCANÇOU"
"MG";315280;"Prata";33,3333333333333;1;8;12,5;"Sim";-20,8;"ALCANÇOU"
"MG";315290;"Pratápolis";0;1;1;100;"Não";100;"NÃO ALCANÇOU"
"MG";315300;"Pratinha";0;0;1;0;"Sim";0;"ALCANÇOU"
"MG";315310;"Presidente Bernardes";0;0;0;0;"Sim";0;"ALCANÇOU"
"MG";315320;"Presidente Juscelino";0;0;1;0;"Sim";0;"ALCANÇOU"
"MG";315330;"Presidente Kubitschek";0;0;2;0;"Sim";0;"ALCANÇOU"
"MG";315340;"Presidente Olegário";0;0;1;0;"Sim";0;"ALCANÇOU"
"MG";315350;"Alto Jequitibá";0;0;1;0;"Sim";0;"ALCANÇOU"
"MG";315360;"Prudente de Morais";0;1;3;33,3333333333333;"Não";33,3;"NÃO ALCANÇOU"
"MG";315370;"Quartel Geral";0;0;0;0;"Sim";0;"ALCANÇOU"
"MG";315380;"Queluzito";0;0;0;0;"Sim";0;"ALCANÇOU"
"MG";315390;"Raposos";0;2;11;18,1818181818182;"Não";18,2;"NÃO ALCANÇOU"
"MG";315400;"Raul Soares";0;0;0;0;"Sim";0;"ALCANÇOU"
"MG";315410;"Recreio";0;0;1;0;"Sim";0;"ALCANÇOU"
"MG";315415;"Reduto";0;0;3;0;"Sim";0;"ALCANÇOU"
"MG";315420;"Resende Costa";0;2;0;0;"Sim";0;"ALCANÇOU"
"MG";315430;"Resplendor";33,3333333333333;2;6;33,3333333333333;"Não";0;"NÃO ALCANÇOU"
"MG";315440;"Ressaquinha";0;0;0;0;"Sim";0;"ALCANÇOU"
"MG";315445;"Riachinho";0;0;2;0;"Sim";0;"ALCANÇOU"
"MG";315450;"Riacho dos Machados";0;1;1;100;"Não";100;"NÃO ALCANÇOU"
"MG";315460;"Ribeirão das Neves";61,9266055045872;99;225;44;"Sim";-17,9;"ALCANÇOU"
"MG";315470;"Ribeirão Vermelho";0;0;0;0;"Sim";0;"ALCANÇOU"
"MG";315480;"Rio Acima";0;3;3;100;"Não";100;"NÃO ALCANÇOU"
"MG";315490;"Rio Casca";0;0;3;0;"Sim";0;"ALCANÇOU"
"MG";315500;"Rio Doce";0;0;0;0;"Sim";0;"ALCANÇOU"
"MG";315510;"Rio do Prado";0;0;0;0;"Sim";0;"ALCANÇOU"
"MG";315520;"Rio Espera";0;0;0;0;"Sim";0;"ALCANÇOU"
"MG";315530;"Rio Manso";0;0;0;0;"Sim";0;"ALCANÇOU"
"MG";315540;"Rio Novo";0;1;1;100;"Não";100;"NÃO ALCANÇOU"
"MG";315550;"Rio Paranaíba";27,2727272727273;1;5;20;"Sim";-7,3;"ALCANÇOU"
"MG";315560;"Rio Pardo de Minas";20;3;7;42,8571428571429;"Não";22,9;"NÃO ALCANÇOU"
"MG";315570;"Rio Piracicaba";83,3333333333333;1;7;14,2857142857143;"Sim";-69;"ALCANÇOU"
"MG";315580;"Rio Pomba";50;3;6;50;"Não";0;"NÃO ALCANÇOU"
"MG";315590;"Rio Preto";0;0;0;0;"Sim";0;"ALCANÇOU"
"MG";315600;"Rio Vermelho";0;0;1;0;"Sim";0;"ALCANÇOU"
"MG";315610;"Ritápolis";0;0;0;0;"Sim";0;"ALCANÇOU"
"MG";315620;"Rochedo de Minas";0;0;2;0;"Sim";0;"ALCANÇOU"
"MG";315630;"Rodeiro";0;1;0;0;"Sim";0;"ALCANÇOU"
"MG";315640;"Romaria";0;1;0;0;"Sim";0;"ALCANÇOU"
"MG";315645;"Rosário da Limeira";0;0;0;0;"Sim";0;"ALCANÇOU"
"MG";315650;"Rubelita";0;0;0;0;"Sim";0;"ALCANÇOU"
"MG";315660;"Rubim";0;0;2;0;"Sim";0;"ALCANÇOU"
"MG";315670;"Sabará";41,5384615384615;26;60;43,3333333333333;"Não";1,8;"NÃO ALCANÇOU"
"MG";315680;"Sabinópolis";22,2222222222222;1;3;33,3333333333333;"Não";11,1;"NÃO ALCANÇOU"
"MG";315690;"Sacramento";0;2;14;14,2857142857143;"Não";14,3;"NÃO ALCANÇOU"
"MG";315700;"Salinas";0;5;7;71,4285714285714;"Não";71,4;"NÃO ALCANÇOU"
"MG";315710;"Salto da Divisa";0;0;2;0;"Sim";0;"ALCANÇOU"
"MG";315720;"Santa Bárbara";0;4;13;30,7692307692308;"Não";30,8;"NÃO ALCANÇOU"
"MG";315725;"Santa Bárbara do Leste";0;0;1;0;"Sim";0;"ALCANÇOU"
"MG";315727;"Santa Bárbara do Monte Verde";0;0;1;0;"Sim";0;"ALCANÇOU"
"MG";315730;"Santa Bárbara do Tugúrio";0;0;0;0;"Sim";0;"ALCANÇOU"
"MG";315733;"Santa Cruz de Minas";0;1;0;0;"Sim";0;"ALCANÇOU"
"MG";315737;"Santa Cruz de Salinas";0;0;0;0;"Sim";0;"ALCANÇOU"
"MG";315740;"Santa Cruz do Escalvado";0;0;0;0;"Sim";0;"ALCANÇOU"
"MG";315750;"Santa Efigênia de Minas";0;0;0;0;"Sim";0;"ALCANÇOU"
"MG";315760;"Santa Fé de Minas";0;0;0;0;"Sim";0;"ALCANÇOU"
"MG";315765;"Santa Helena de Minas";0;0;0;0;"Sim";0;"ALCANÇOU"
"MG";315770;"Santa Juliana";100;3;7;42,8571428571429;"Sim";-57,1;"ALCANÇOU"
"MG";315780;"Santa Luzia";48,8636363636364;97;195;49,7435897435897;"Não";0,9;"NÃO ALCANÇOU"
"MG";315790;"Santa Margarida";33,3333333333333;1;3;33,3333333333333;"Não";0;"NÃO ALCANÇOU"
"MG";315800;"Santa Maria de Itabira";0;0;2;0;"Sim";0;"ALCANÇOU"
"MG";315810;"Santa Maria do Salto";0;0;0;0;"Sim";0;"ALCANÇOU"
"MG";315820;"Santa Maria do Suaçuí";0;0;3;0;"Sim";0;"ALCANÇOU"
"MG";315830;"Santana da Vargem";0;0;0;0;"Sim";0;"ALCANÇOU"
"MG";315840;"Santana de Cataguases";0;0;0;0;"Sim";0;"ALCANÇOU"
"MG";315850;"Santana de Pirapama";0;0;0;0;"Sim";0;"ALCANÇOU"
"MG";315860;"Santana do Deserto";0;0;0;0;"Sim";0;"ALCANÇOU"
"MG";315870;"Santana do Garambéu";0;0;0;0;"Sim";0;"ALCANÇOU"
"MG";315880;"Santana do Jacaré";0;0;1;0;"Sim";0;"ALCANÇOU"
"MG";315890;"Santana do Manhuaçu";0;0;0;0;"Sim";0;"ALCANÇOU"
"MG";315895;"Santana do Paraíso";126,666666666667;5;15;33,3333333333333;"Sim";-93,3;"ALCANÇOU"
"MG";315900;"Santana do Riacho";0;0;1;0;"Sim";0;"ALCANÇOU"
"MG";315910;"Santana dos Montes";0;0;0;0;"Sim";0;"ALCANÇOU"
"MG";315920;"Santa Rita de Caldas";0;0;0;0;"Sim";0;"ALCANÇOU"
"MG";315930;"Santa Rita de Jacutinga";0;0;0;0;"Sim";0;"ALCANÇOU"
"MG";315935;"Santa Rita de Minas";0;0;0;0;"Sim";0;"ALCANÇOU"
"MG";315940;"Santa Rita de Ibitipoca";0;0;0;0;"Sim";0;"ALCANÇOU"
"MG";315950;"Santa Rita do Itueto";0;0;1;0;"Sim";0;"ALCANÇOU"
"MG";315960;"Santa Rita do Sapucaí";0;0;2;0;"Sim";0;"ALCANÇOU"
"MG";315970;"Santa Rosa da Serra";0;1;1;100;"Não";100;"NÃO ALCANÇOU"
"MG";315980;"Santa Vitória";0;0;3;0;"Sim";0;"ALCANÇOU"
"MG";315990;"Santo Antônio do Amparo";0;2;2;100;"Não";100;"NÃO ALCANÇOU"
"MG";316000;"Santo Antônio do Aventureiro";0;2;2;100;"Não";100;"NÃO ALCANÇOU"
"MG";316010;"Santo Antônio do Grama";0;0;0;0;"Sim";0;"ALCANÇOU"
"MG";316020;"Santo Antônio do Itambé";0;0;0;0;"Sim";0;"ALCANÇOU"
"MG";316030;"Santo Antônio do Jacinto";0;1;3;33,3333333333333;"Não";33,3;"NÃO ALCANÇOU"
"MG";316040;"Santo Antônio do Monte";0;0;1;0;"Sim";0;"ALCANÇOU"
"MG";316045;"Santo Antônio do Retiro";0;0;0;0;"Sim";0;"ALCANÇOU"
"MG";316050;"Santo Antônio do Rio Abaixo";0;0;0;0;"Sim";0;"ALCANÇOU"
"MG";316060;"Santo Hipólito";0;0;0;0;"Sim";0;"ALCANÇOU"
"MG";316070;"Santos Dumont";50;0;8;0;"Sim";-50;"ALCANÇOU"
"MG";316080;"São Bento Abade";0;0;1;0;"Sim";0;"ALCANÇOU"
"MG";316090;"São Brás do Suaçuí";0;2;3;66,6666666666667;"Não";66,7;"NÃO ALCANÇOU"
"MG";316095;"São Domingos das Dores";0;0;1;0;"Sim";0;"ALCANÇOU"
"MG";316100;"São Domingos do Prata";0;2;4;50;"Não";50;"NÃO ALCANÇOU"
"MG";316105;"São Félix de Minas";0;0;0;0;"Sim";0;"ALCANÇOU"
"MG";316110;"São Francisco";9,09090909090909;5;9;55,5555555555556;"Não";46,5;"NÃO ALCANÇOU"
"MG";316120;"São Francisco de Paula";0;0;0;0;"Sim";0;"ALCANÇOU"
"MG";316130;"São Francisco de Sales";0;0;2;0;"Sim";0;"ALCANÇOU"
"MG";316140;"São Francisco do Glória";0;0;1;0;"Sim";0;"ALCANÇOU"
"MG";316150;"São Geraldo";0;2;2;100;"Não";100;"NÃO ALCANÇOU"
"MG";316160;"São Geraldo da Piedade";0;1;1;100;"Não";100;"NÃO ALCANÇOU"
"MG";316165;"São Geraldo do Baixio";200;0;2;0;"Sim";-200;"ALCANÇOU"
"MG";316170;"São Gonçalo do Abaeté";0;0;0;0;"Sim";0;"ALCANÇOU"
"MG";316180;"São Gonçalo do Pará";100;1;8;12,5;"Sim";-87,5;"ALCANÇOU"
"MG";316190;"São Gonçalo do Rio Abaixo";0;0;1;0;"Sim";0;"ALCANÇOU"
"MG";316200;"São Gonçalo do Sapucaí";0;1;2;50;"Não";50;"NÃO ALCANÇOU"
"MG";316210;"São Gotardo";46,1538461538462;3;8;37,5;"Sim";-8,7;"ALCANÇOU"
"MG";316220;"São João Batista do Glória";0;1;3;33,3333333333333;"Não";33,3;"NÃO ALCANÇOU"
"MG";316225;"São João da Lagoa";0;0;0;0;"Sim";0;"ALCANÇOU"
"MG";316230;"São João da Mata";0;0;0;0;"Sim";0;"ALCANÇOU"
"MG";316240;"São João da Ponte";0;0;0;0;"Sim";0;"ALCANÇOU"
"MG";316245;"São João das Missões";0;1;2;50;"Não";50;"NÃO ALCANÇOU"
"MG";316250;"São João del Rei";0;0;8;0;"Sim";0;"ALCANÇOU"
"MG";316255;"São João do Manhuaçu";0;0;1;0;"Sim";0;"ALCANÇOU"
"MG";316257;"São João do Manteninha";50;0;1;0;"Sim";-50;"ALCANÇOU"
"MG";316260;"São João do Oriente";0;0;0;0;"Sim";0;"ALCANÇOU"
"MG";316265;"São João do Pacuí";0;0;0;0;"Sim";0;"ALCANÇOU"
"MG";316270;"São João do Paraíso";0;1;2;50;"Não";50;"NÃO ALCANÇOU"
"MG";316280;"São João Evangelista";0;1;7;14,2857142857143;"Não";14,3;"NÃO ALCANÇOU"
"MG";316290;"São João Nepomuceno";100;2;8;25;"Sim";-75;"ALCANÇOU"
"MG";316292;"São Joaquim de Bicas";26,6666666666667;4;17;23,5294117647059;"Sim";-3,1;"ALCANÇOU"
"MG";316294;"São José da Barra";0;0;0;0;"Sim";0;"ALCANÇOU"
"MG";316295;"São José da Lapa";66,6666666666667;4;8;50;"Sim";-16,7;"ALCANÇOU"
"MG";316300;"São José da Safira";0;0;0;0;"Sim";0;"ALCANÇOU"
"MG";316310;"São José da Varginha";0;0;1;0;"Sim";0;"ALCANÇOU"
"MG";316320;"São José do Alegre";0;0;0;0;"Sim";0;"ALCANÇOU"
"MG";316330;"São José do Divino";0;2;2;100;"Não";100;"NÃO ALCANÇOU"
"MG";316340;"São José do Goiabal";0;0;0;0;"Sim";0;"ALCANÇOU"
"MG";316350;"São José do Jacuri";0;0;1;0;"Sim";0;"ALCANÇOU"
"MG";316360;"São José do Mantimento";0;0;0;0;"Sim";0;"ALCANÇOU"
"MG";316370;"São Lourenço";0;0;2;0;"Sim";0;"ALCANÇOU"
"MG";316380;"São Miguel do Anta";0;0;0;0;"Sim";0;"ALCANÇOU"
"MG";316390;"São Pedro da União";0;0;0;0;"Sim";0;"ALCANÇOU"
"MG";316400;"São Pedro dos Ferros";0;1;1;100;"Não";100;"NÃO ALCANÇOU"
"MG";316410;"São Pedro do Suaçuí";0;1;0;0;"Sim";0;"ALCANÇOU"
"MG";316420;"São Romão";66,6666666666667;1;2;50;"Sim";-16,7;"ALCANÇOU"
"MG";316430;"São Roque de Minas";0;0;0;0;"Sim";0;"ALCANÇOU"
"MG";316440;"São Sebastião da Bela Vista";0;0;2;0;"Sim";0;"ALCANÇOU"
"MG";316443;"São Sebastião da Vargem Alegre";0;0;0;0;"Sim";0;"ALCANÇOU"
"MG";316447;"São Sebastião do Anta";0;0;0;0;"Sim";0;"ALCANÇOU"
"MG";316450;"São Sebastião do Maranhão";0;0;1;0;"Sim";0;"ALCANÇOU"
"MG";316460;"São Sebastião do Oeste";0;2;5;40;"Não";40;"NÃO ALCANÇOU"
"MG";316470;"São Sebastião do Paraíso";11,7647058823529;0;31;0;"Sim";-11,8;"ALCANÇOU"
"MG";316480;"São Sebastião do Rio Preto";0;0;0;0;"Sim";0;"ALCANÇOU"
"MG";316490;"São Sebastião do Rio Verde";0;0;0;0;"Sim";0;"ALCANÇOU"
"MG";316500;"São Tiago";0;0;0;0;"Sim";0;"ALCANÇOU"
"MG";316510;"São Tomás de Aquino";0;0;1;0;"Sim";0;"ALCANÇOU"
"MG";316520;"São Thomé das Letras";0;1;1;100;"Não";100;"NÃO ALCANÇOU"
"MG";316530;"São Vicente de Minas";0;0;1;0;"Sim";0;"ALCANÇOU"
"MG";316540;"Sapucaí-Mirim";0;0;2;0;"Sim";0;"ALCANÇOU"
"MG";316550;"Sardoá";0;1;2;50;"Não";50;"NÃO ALCANÇOU"
"MG";316553;"Sarzedo";46,1538461538462;2;6;33,3333333333333;"Sim";-12,8;"ALCANÇOU"
"MG";316555;"Setubinha";0;0;0;0;"Sim";0;"ALCANÇOU"
"MG";316556;"Sem-Peixe";0;0;0;0;"Sim";0;"ALCANÇOU"
"MG";316557;"Senador Amaral";0;0;1;0;"Sim";0;"ALCANÇOU"
"MG";316560;"Senador Cortes";0;0;2;0;"Sim";0;"ALCANÇOU"
"MG";316570;"Senador Firmino";0;0;2;0;"Sim";0;"ALCANÇOU"
"MG";316580;"Senador José Bento";0;0;0;0;"Sim";0;"ALCANÇOU"
"MG";316590;"Senador Modestino Gonçalves";0;0;0;0;"Sim";0;"ALCANÇOU"
"MG";316600;"Senhora de Oliveira";0;0;0;0;"Sim";0;"ALCANÇOU"
"MG";316610;"Senhora do Porto";0;0;0;0;"Sim";0;"ALCANÇOU"
"MG";316620;"Senhora dos Remédios";0;0;1;0;"Sim";0;"ALCANÇOU"
"MG";316630;"Sericita";0;0;1;0;"Sim";0;"ALCANÇOU"
"MG";316640;"Seritinga";0;0;1;0;"Sim";0;"ALCANÇOU"
"MG";316650;"Serra Azul de Minas";0;0;0;0;"Sim";0;"ALCANÇOU"
"MG";316660;"Serra da Saudade";0;0;0;0;"Sim";0;"ALCANÇOU"
"MG";316670;"Serra dos Aimorés";0;0;1;0;"Sim";0;"ALCANÇOU"
"MG";316680;"Serra do Salitre";50;0;3;0;"Sim";-50;"ALCANÇOU"
"MG";316690;"Serrania";0;1;1;100;"Não";100;"NÃO ALCANÇOU"
"MG";316695;"Serranópolis de Minas";0;0;1;0;"Sim";0;"ALCANÇOU"
"MG";316700;"Serranos";0;0;0;0;"Sim";0;"ALCANÇOU"
"MG";316710;"Serro";0;0;3;0;"Sim";0;"ALCANÇOU"
"MG";316720;"Sete Lagoas";20,7317073170732;17;77;22,0779220779221;"Não";1,3;"NÃO ALCANÇOU"
"MG";316730;"Silveirânia";0;0;0;0;"Sim";0;"ALCANÇOU"
"MG";316740;"Silvianópolis";0;0;0;0;"Sim";0;"ALCANÇOU"
"MG";316750;"Simão Pereira";0;1;0;0;"Sim";0;"ALCANÇOU"
"MG";316760;"Simonésia";25;0;1;0;"Sim";-25;"ALCANÇOU"
"MG";316770;"Sobrália";0;1;1;100;"Não";100;"NÃO ALCANÇOU"
"MG";316780;"Soledade de Minas";0;0;1;0;"Sim";0;"ALCANÇOU"
"MG";316790;"Tabuleiro";0;0;3;0;"Sim";0;"ALCANÇOU"
"MG";316800;"Taiobeiras";100;1;7;14,2857142857143;"Sim";-85,7;"ALCANÇOU"
"MG";316805;"Taparuba";0;0;1;0;"Sim";0;"ALCANÇOU"
"MG";316810;"Tapira";100;1;1;100;"Não";0;"NÃO ALCANÇOU"
"MG";316820;"Tapiraí";0;0;0;0;"Sim";0;"ALCANÇOU"
"MG";316830;"Taquaraçu de Minas";0;2;1;200;"Não";200;"NÃO ALCANÇOU"
"MG";316840;"Tarumirim";200;4;6;66,6666666666667;"Sim";-133,3;"ALCANÇOU"
"MG";316850;"Teixeiras";100;0;5;0;"Sim";-100;"ALCANÇOU"
"MG";316860;"Teófilo Otoni";100;63;43;146,511627906977;"Não";46,5;"NÃO ALCANÇOU"
"MG";316870;"Timóteo";51,4285714285714;12;25;48;"Sim";-3,4;"ALCANÇOU"
"MG";316880;"Tiradentes";0;0;0;0;"Sim";0;"ALCANÇOU"
"MG";316890;"Tiros";0;0;0;0;"Sim";0;"ALCANÇOU"
"MG";316900;"Tocantins";0;1;5;20;"Não";20;"NÃO ALCANÇOU"
"MG";316905;"Tocos do Moji";0;1;1;100;"Não";100;"NÃO ALCANÇOU"
"MG";316910;"Toledo";0;0;0;0;"Sim";0;"ALCANÇOU"
"MG";316920;"Tombos";0;0;3;0;"Sim";0;"ALCANÇOU"
"MG";316930;"Três Corações";11,1111111111111;7;30;23,3333333333333;"Não";12,2;"NÃO ALCANÇOU"
"MG";316935;"Três Marias";44,4444444444444;8;16;50;"Não";5,6;"NÃO ALCANÇOU"
"MG";316940;"Três Pontas";20;1;3;33,3333333333333;"Não";13,3;"NÃO ALCANÇOU"
"MG";316950;"Tumiritinga";0;0;0;0;"Sim";0;"ALCANÇOU"
"MG";316960;"Tupaciguara";40;2;3;66,6666666666667;"Não";26,7;"NÃO ALCANÇOU"
"MG";316970;"Turmalina";0;0;1;0;"Sim";0;"ALCANÇOU"
"MG";316980;"Turvolândia";0;0;0;0;"Sim";0;"ALCANÇOU"
"MG";316990;"Ubá";43,0769230769231;12;54;22,2222222222222;"Sim";-20,9;"ALCANÇOU"
"MG";317000;"Ubaí";0;0;1;0;"Sim";0;"ALCANÇOU"
"MG";317005;"Ubaporanga";0;0;0;0;"Sim";0;"ALCANÇOU"
"MG";317010;"Uberaba";49,079754601227;99;167;59,2814371257485;"Não";10,2;"NÃO ALCANÇOU"
"MG";317020;"Uberlândia";65,1933701657459;77;152;50,6578947368421;"Sim";-14,5;"ALCANÇOU"
"MG";317030;"Umburatiba";0;0;0;0;"Sim";0;"ALCANÇOU"
"MG";317040;"Unaí";71,4285714285714;5;17;29,4117647058824;"Sim";-42;"ALCANÇOU"
"MG";317043;"União de Minas";0;0;0;0;"Sim";0;"ALCANÇOU"
"MG";317047;"Uruana de Minas";0;0;0;0;"Sim";0;"ALCANÇOU"
"MG";317050;"Urucânia";100;1;1;100;"Não";0;"NÃO ALCANÇOU"
"MG";317052;"Urucuia";0;0;0;0;"Sim";0;"ALCANÇOU"
"MG";317057;"Vargem Alegre";0;0;2;0;"Sim";0;"ALCANÇOU"
"MG";317060;"Vargem Bonita";0;0;0;0;"Sim";0;"ALCANÇOU"
"MG";317065;"Vargem Grande do Rio Pardo";0;0;0;0;"Sim";0;"ALCANÇOU"
"MG";317070;"Varginha";48,5714285714286;4;35;11,4285714285714;"Sim";-37,1;"ALCANÇOU"
"MG";317075;"Varjão de Minas";0;0;2;0;"Sim";0;"ALCANÇOU"
"MG";317080;"Várzea da Palma";69,2307692307692;9;15;60;"Sim";-9,2;"ALCANÇOU"
"MG";317090;"Varzelândia";0;1;0;0;"Sim";0;"ALCANÇOU"
"MG";317100;"Vazante";50;0;3;0;"Sim";-50;"ALCANÇOU"
"MG";317103;"Verdelândia";25;3;8;37,5;"Não";12,5;"NÃO ALCANÇOU"
"MG";317107;"Veredinha";0;0;0;0;"Sim";0;"ALCANÇOU"
"MG";317110;"Veríssimo";0;1;1;100;"Não";100;"NÃO ALCANÇOU"
"MG";317115;"Vermelho Novo";0;0;0;0;"Sim";0;"ALCANÇOU"
"MG";317120;"Vespasiano";44,9612403100775;49;128;38,28125;"Sim";-6,7;"ALCANÇOU"
"MG";317130;"Viçosa";30,7692307692308;7;18;38,8888888888889;"Não";8,1;"NÃO ALCANÇOU"
"MG";317140;"Vieiras";0;0;1;0;"Sim";0;"ALCANÇOU"
"MG";317150;"Mathias Lobato";300;1;4;25;"Sim";-275;"ALCANÇOU"
"MG";317160;"Virgem da Lapa";0;0;0;0;"Sim";0;"ALCANÇOU"
"MG";317170;"Virgínia";0;0;0;0;"Sim";0;"ALCANÇOU"
"MG";317180;"Virginópolis";0;0;0;0;"Sim";0;"ALCANÇOU"
"MG";317190;"Virgolândia";0;0;1;0;"Sim";0;"ALCANÇOU"
"MG";317200;"Visconde do Rio Branco";0;2;12;16,6666666666667;"Não";16,7;"NÃO ALCANÇOU"
"MG";317210;"Volta Grande";0;0;1;0;"Sim";0;"ALCANÇOU"
"MG";317220;"Wenceslau Braz";0;0;0;0;"Sim";0;"ALCANÇOU"
"ES";320010;"Afonso Cláudio";150;3;7;42,8571428571429;"Sim";-107,1;"ALCANÇOU"
"ES";320013;"Águia Branca";0;1;0;0;"Sim";0;"ALCANÇOU"
"ES";320016;"Água Doce do Norte";0;3;0;0;"Sim";0;"ALCANÇOU"
"ES";320020;"Alegre";0;5;4;125;"Não";125;"NÃO ALCANÇOU"
"ES";320030;"Alfredo Chaves";0;0;0;0;"Sim";0;"ALCANÇOU"
"ES";320035;"Alto Rio Novo";0;0;1;0;"Sim";0;"ALCANÇOU"
"ES";320040;"Anchieta";70;4;14;28,5714285714286;"Sim";-41,4;"ALCANÇOU"
"ES";320050;"Apiacá";100;0;1;0;"Sim";-100;"ALCANÇOU"
"ES";320060;"Aracruz";47,3684210526316;21;38;55,2631578947368;"Não";7,9;"NÃO ALCANÇOU"
"ES";320070;"Atilio Vivacqua";200;6;8;75;"Sim";-125;"ALCANÇOU"
"ES";320080;"Baixo Guandu";300;4;8;50;"Sim";-250;"ALCANÇOU"
"ES";320090;"Barra de São Francisco";50;8;11;72,7272727272727;"Não";22,7;"NÃO ALCANÇOU"
"ES";320100;"Boa Esperança";0;3;2;150;"Não";150;"NÃO ALCANÇOU"
"ES";320110;"Bom Jesus do Norte";50;0;2;0;"Sim";-50;"ALCANÇOU"
"ES";320115;"Brejetuba";0;0;0;0;"Sim";0;"ALCANÇOU"
"ES";320120;"Cachoeiro de Itapemirim";88,8888888888889;83;78;106,410256410256;"Não";17,5;"NÃO ALCANÇOU"
"ES";320130;"Cariacica";96,4285714285714;123;136;90,4411764705882;"Sim";-6;"ALCANÇOU"
"ES";320140;"Castelo";0;0;6;0;"Sim";0;"ALCANÇOU"
"ES";320150;"Colatina";41,6666666666667;8;52;15,3846153846154;"Sim";-26,3;"ALCANÇOU"
"ES";320160;"Conceição da Barra";0;0;9;0;"Sim";0;"ALCANÇOU"
"ES";320170;"Conceição do Castelo";0;2;2;100;"Não";100;"NÃO ALCANÇOU"
"ES";320180;"Divino de São Lourenço";0;0;0;0;"Sim";0;"ALCANÇOU"
"ES";320190;"Domingos Martins";100;1;3;33,3333333333333;"Sim";-66,7;"ALCANÇOU"
"ES";320200;"Dores do Rio Preto";0;2;2;100;"Não";100;"NÃO ALCANÇOU"
"ES";320210;"Ecoporanga";0;1;0;0;"Sim";0;"ALCANÇOU"
"ES";320220;"Fundão";40;5;7;71,4285714285714;"Não";31,4;"NÃO ALCANÇOU"
"ES";320225;"Governador Lindenberg";0;0;4;0;"Sim";0;"ALCANÇOU"
"ES";320230;"Guaçuí";85,7142857142857;7;7;100;"Não";14,3;"NÃO ALCANÇOU"
"ES";320240;"Guarapari";19,6850393700787;19;103;18,4466019417476;"Sim";-1,2;"ALCANÇOU"
"ES";320245;"Ibatiba";25;2;8;25;"Não";0;"NÃO ALCANÇOU"
"ES";320250;"Ibiraçu";0;1;2;50;"Não";50;"NÃO ALCANÇOU"
"ES";320255;"Ibitirama";0;0;1;0;"Sim";0;"ALCANÇOU"
"ES";320260;"Iconha";0;0;0;0;"Sim";0;"ALCANÇOU"
"ES";320265;"Irupi";0;0;0;0;"Sim";0;"ALCANÇOU"
"ES";320270;"Itaguaçu";150;1;3;33,3333333333333;"Sim";-116,7;"ALCANÇOU"
"ES";320280;"Itapemirim";41,6666666666667;5;14;35,7142857142857;"Sim";-6;"ALCANÇOU"
"ES";320290;"Itarana";0;0;0;0;"Sim";0;"ALCANÇOU"
"ES";320300;"Iúna";14,2857142857143;0;5;0;"Sim";-14,3;"ALCANÇOU"
"ES";320305;"Jaguaré";0;0;3;0;"Sim";0;"ALCANÇOU"
"ES";320310;"Jerônimo Monteiro";75;3;3;100;"Não";25;"NÃO ALCANÇOU"
"ES";320313;"João Neiva";60;0;4;0;"Sim";-60;"ALCANÇOU"
"ES";320316;"Laranja da Terra";0;0;1;0;"Sim";0;"ALCANÇOU"
"ES";320320;"Linhares";15,8730158730159;29;98;29,5918367346939;"Não";13,7;"NÃO ALCANÇOU"
"ES";320330;"Mantenópolis";0;1;0;0;"Sim";0;"ALCANÇOU"
"ES";320332;"Marataízes";100;4;8;50;"Sim";-50;"ALCANÇOU"
"ES";320334;"Marechal Floriano";200;2;3;66,6666666666667;"Sim";-133,3;"ALCANÇOU"
"ES";320335;"Marilândia";66,6666666666667;0;6;0;"Sim";-66,7;"ALCANÇOU"
"ES";320340;"Mimoso do Sul";150;9;7;128,571428571429;"Sim";-21,4;"ALCANÇOU"
"ES";320350;"Montanha";166,666666666667;1;3;33,3333333333333;"Sim";-133,3;"ALCANÇOU"
"ES";320360;"Mucurici";100;0;2;0;"Sim";-100;"ALCANÇOU"
"ES";320370;"Muniz Freire";66,6666666666667;2;4;50;"Sim";-16,7;"ALCANÇOU"
"ES";320380;"Muqui";200;7;5;140;"Sim";-60;"ALCANÇOU"
"ES";320390;"Nova Venécia";0;10;7;142,857142857143;"Não";142,9;"NÃO ALCANÇOU"
"ES";320400;"Pancas";0;0;5;0;"Sim";0;"ALCANÇOU"
"ES";320405;"Pedro Canário";50;0;7;0;"Sim";-50;"ALCANÇOU"
"ES";320410;"Pinheiros";150;0;4;0;"Sim";-150;"ALCANÇOU"
"ES";320420;"Piúma";0;6;6;100;"Não";100;"NÃO ALCANÇOU"
"ES";320425;"Ponto Belo";0;0;0;0;"Sim";0;"ALCANÇOU"
"ES";320430;"Presidente Kennedy";100;5;6;83,3333333333333;"Sim";-16,7;"ALCANÇOU"
"ES";320435;"Rio Bananal";0;1;5;20;"Não";20;"NÃO ALCANÇOU"
"ES";320440;"Rio Novo do Sul";0;1;1;100;"Não";100;"NÃO ALCANÇOU"
"ES";320450;"Santa Leopoldina";0;1;0;0;"Sim";0;"ALCANÇOU"
"ES";320455;"Santa Maria de Jetibá";28,5714285714286;0;6;0;"Sim";-28,6;"ALCANÇOU"
"ES";320460;"Santa Teresa";0;0;2;0;"Sim";0;"ALCANÇOU"
"ES";320465;"São Domingos do Norte";0;3;4;75;"Não";75;"NÃO ALCANÇOU"
"ES";320470;"São Gabriel da Palha";0;3;2;150;"Não";150;"NÃO ALCANÇOU"
"ES";320480;"São José do Calçado";120;0;1;0;"Sim";-120;"ALCANÇOU"
"ES";320490;"São Mateus";4,76190476190476;10;32;31,25;"Não";26,5;"NÃO ALCANÇOU"
"ES";320495;"São Roque do Canaã";0;0;1;0;"Sim";0;"ALCANÇOU"
"ES";320500;"Serra";42,5629290617849;79;494;15,9919028340081;"Sim";-26,6;"ALCANÇOU"
"ES";320501;"Sooretama";0;9;4;225;"Não";225;"NÃO ALCANÇOU"
"ES";320503;"Vargem Alta";75;1;3;33,3333333333333;"Sim";-41,7;"ALCANÇOU"
"ES";320506;"Venda Nova do Imigrante";20;1;5;20;"Não";0;"NÃO ALCANÇOU"
"ES";320510;"Viana";247,619047619048;38;32;118,75;"Sim";-128,9;"ALCANÇOU"
"ES";320515;"Vila Pavão";100;0;1;0;"Sim";-100;"ALCANÇOU"
"ES";320517;"Vila Valério";0;1;1;100;"Não";100;"NÃO ALCANÇOU"
"ES";320520;"Vila Velha";46,4285714285714;95;216;43,9814814814815;"Sim";-2,4;"ALCANÇOU"
"ES";320530;"Vitória";26,2068965517241;31;128;24,21875;"Sim";-2;"ALCANÇOU"
"RJ";330010;"Angra dos Reis";15,0537634408602;15;80;18,75;"Não";3,7;"NÃO ALCANÇOU"
"RJ";330015;"Aperibé";0;0;0;0;"Sim";0;"ALCANÇOU"
"RJ";330020;"Araruama";46,875;20;59;33,8983050847458;"Sim";-13;"ALCANÇOU"
"RJ";330022;"Areal";0;0;4;0;"Sim";0;"ALCANÇOU"
"RJ";330023;"Armação dos Búzios";8,69565217391304;3;15;20;"Não";11,3;"NÃO ALCANÇOU"
"RJ";330025;"Arraial do Cabo";13,3333333333333;2;17;11,7647058823529;"Sim";-1,6;"ALCANÇOU"
"RJ";330030;"Barra do Piraí";34,6666666666667;32;45;71,1111111111111;"Não";36,4;"NÃO ALCANÇOU"
"RJ";330040;"Barra Mansa";22,3880597014925;5;53;9,43396226415094;"Sim";-13;"ALCANÇOU"
"RJ";330045;"Belford Roxo";39,3939393939394;156;381;40,9448818897638;"Não";1,6;"NÃO ALCANÇOU"
"RJ";330050;"Bom Jardim";0;0;3;0;"Sim";0;"ALCANÇOU"
"RJ";330060;"Bom Jesus do Itabapoana";0;2;24;8,33333333333333;"Não";8,3;"NÃO ALCANÇOU"
"RJ";330070;"Cabo Frio";22,9166666666667;42;62;67,741935483871;"Não";44,8;"NÃO ALCANÇOU"
"RJ";330080;"Cachoeiras de Macacu";6,45161290322581;5;24;20,8333333333333;"Não";14,4;"NÃO ALCANÇOU"
"RJ";330090;"Cambuci";0;0;1;0;"Sim";0;"ALCANÇOU"
"RJ";330093;"Carapebus";22,2222222222222;0;2;0;"Sim";-22,2;"ALCANÇOU"
"RJ";330095;"Comendador Levy Gasparian";0;0;0;0;"Sim";0;"ALCANÇOU"
"RJ";330100;"Campos dos Goytacazes";21,183800623053;79;197;40,1015228426396;"Não";18,9;"NÃO ALCANÇOU"
"RJ";330110;"Cantagalo";62,5;1;6;16,6666666666667;"Sim";-45,8;"ALCANÇOU"
"RJ";330115;"Cardoso Moreira";0;0;4;0;"Sim";0;"ALCANÇOU"
"RJ";330120;"Carmo";33,3333333333333;0;4;0;"Sim";-33,3;"ALCANÇOU"
"RJ";330130;"Casimiro de Abreu";20;6;15;40;"Não";20;"NÃO ALCANÇOU"
"RJ";330140;"Conceição de Macabu";28,5714285714286;3;8;37,5;"Não";8,9;"NÃO ALCANÇOU"
"RJ";330150;"Cordeiro";0;2;3;66,6666666666667;"Não";66,7;"NÃO ALCANÇOU"
"RJ";330160;"Duas Barras";0;1;0;0;"Sim";0;"ALCANÇOU"
"RJ";330170;"Duque de Caxias";29,4654498044329;246;831;29,6028880866426;"Não";0,1;"NÃO ALCANÇOU"
"RJ";330180;"Engenheiro Paulo de Frontin";33,3333333333333;0;4;0;"Sim";-33,3;"ALCANÇOU"
"RJ";330185;"Guapimirim";80,9523809523809;14;13;107,692307692308;"Não";26,7;"NÃO ALCANÇOU"
"RJ";330187;"Iguaba Grande";21,0526315789474;1;14;7,14285714285714;"Sim";-13,9;"ALCANÇOU"
"RJ";330190;"Itaboraí";41,2621359223301;101;223;45,2914798206278;"Não";4;"NÃO ALCANÇOU"
"RJ";330200;"Itaguaí";52,3809523809524;19;51;37,2549019607843;"Sim";-15,1;"ALCANÇOU"
"RJ";330205;"Italva";0;3;2;150;"Não";150;"NÃO ALCANÇOU"
"RJ";330210;"Itaocara";0;1;1;100;"Não";100;"NÃO ALCANÇOU"
"RJ";330220;"Itaperuna";42,3076923076923;20;41;48,780487804878;"Não";6,5;"NÃO ALCANÇOU"
"RJ";330225;"Itatiaia";17,3913043478261;5;11;45,4545454545455;"Não";28,1;"NÃO ALCANÇOU"
"RJ";330227;"Japeri";26,6666666666667;15;99;15,1515151515152;"Sim";-11,5;"ALCANÇOU"
"RJ";330230;"Laje do Muriaé";0;1;3;33,3333333333333;"Não";33,3;"NÃO ALCANÇOU"
"RJ";330240;"Macaé";53,4883720930233;68;146;46,5753424657534;"Sim";-6,9;"ALCANÇOU"
"RJ";330245;"Macuco";0;0;1;0;"Sim";0;"ALCANÇOU"
"RJ";330250;"Magé";16,4658634538153;28;161;17,3913043478261;"Não";0,9;"NÃO ALCANÇOU"
"RJ";330260;"Mangaratiba";14,2857142857143;3;30;10;"Sim";-4,3;"ALCANÇOU"
"RJ";330270;"Maricá";14,9659863945578;16;136;11,7647058823529;"Sim";-3,2;"ALCANÇOU"
"RJ";330280;"Mendes";0;1;4;25;"Não";25;"NÃO ALCANÇOU"
"RJ";330285;"Mesquita";29,5774647887324;29;183;15,8469945355191;"Sim";-13,7;"ALCANÇOU"
"RJ";330290;"Miguel Pereira";0;1;7;14,2857142857143;"Não";14,3;"NÃO ALCANÇOU"
"RJ";330300;"Miracema";0;0;4;0;"Sim";0;"ALCANÇOU"
"RJ";330310;"Natividade";0;0;1;0;"Sim";0;"ALCANÇOU"
"RJ";330320;"Nilópolis";54,0983606557377;28;73;38,3561643835616;"Sim";-15,7;"ALCANÇOU"
"RJ";330330;"Niterói";23,574144486692;53;191;27,7486910994764;"Não";4,2;"NÃO ALCANÇOU"
"RJ";330340;"Nova Friburgo";36,6666666666667;26;49;53,0612244897959;"Não";16,4;"NÃO ALCANÇOU"
"RJ";330350;"Nova Iguaçu";33,5064935064935;89;780;11,4102564102564;"Sim";-22,1;"ALCANÇOU"
"RJ";330360;"Paracambi";40;3;9;33,3333333333333;"Sim";-6,7;"ALCANÇOU"
"RJ";330370;"Paraíba do Sul";0;0;6;0;"Sim";0;"ALCANÇOU"
"RJ";330380;"Paraty";11,1111111111111;5;14;35,7142857142857;"Não";24,6;"NÃO ALCANÇOU"
"RJ";330385;"Paty do Alferes";9,09090909090909;0;5;0;"Sim";-9,1;"ALCANÇOU"
"RJ";330390;"Petrópolis";33,953488372093;96;186;51,6129032258064;"Não";17,7;"NÃO ALCANÇOU"
"RJ";330395;"Pinheiral";33,3333333333333;0;6;0;"Sim";-33,3;"ALCANÇOU"
"RJ";330400;"Piraí";50;2;5;40;"Sim";-10;"ALCANÇOU"
"RJ";330410;"Porciúncula";0;0;5;0;"Sim";0;"ALCANÇOU"
"RJ";330411;"Porto Real";0;0;8;0;"Sim";0;"ALCANÇOU"
"RJ";330412;"Quatis";100;1;5;20;"Sim";-80;"ALCANÇOU"
"RJ";330414;"Queimados";46,5277777777778;39;91;42,8571428571429;"Sim";-3,7;"ALCANÇOU"
"RJ";330415;"Quissamã";14,2857142857143;1;9;11,1111111111111;"Sim";-3,2;"ALCANÇOU"
"RJ";330420;"Resende";24,2424242424242;15;86;17,4418604651163;"Sim";-6,8;"ALCANÇOU"
"RJ";330430;"Rio Bonito";41,6666666666667;9;12;75;"Não";33,3;"NÃO ALCANÇOU"
"RJ";330440;"Rio Claro";0;0;3;0;"Sim";0;"ALCANÇOU"
"RJ";330450;"Rio das Flores";0;1;7;14,2857142857143;"Não";14,3;"NÃO ALCANÇOU"
"RJ";330452;"Rio das Ostras";20,9302325581395;24;76;31,5789473684211;"Não";10,6;"NÃO ALCANÇOU"
"RJ";330455;"Rio de Janeiro";22,6321585903084;939;5830;16,106346483705;"Sim";-6,5;"ALCANÇOU"
"RJ";330460;"Santa Maria Madalena";0;1;3;33,3333333333333;"Não";33,3;"NÃO ALCANÇOU"
"RJ";330470;"Santo Antônio de Pádua";0;1;6;16,6666666666667;"Não";16,7;"NÃO ALCANÇOU"
"RJ";330475;"São Francisco de Itabapoana";11,1111111111111;5;10;50;"Não";38,9;"NÃO ALCANÇOU"
"RJ";330480;"São Fidélis";66,6666666666667;0;6;0;"Sim";-66,7;"ALCANÇOU"
"RJ";330490;"São Gonçalo";38,1818181818182;240;659;36,4188163884674;"Sim";-1,8;"ALCANÇOU"
"RJ";330500;"São João da Barra";10;1;13;7,69230769230769;"Sim";-2,3;"ALCANÇOU"
"RJ";330510;"São João de Meriti";23,7037037037037;115;498;23,0923694779116;"Não";-0,61;"NÃO ALCANÇOU"
"RJ";330513;"São José de Ubá";0;1;1;100;"Não";100;"NÃO ALCANÇOU"
"RJ";330515;"São José do Vale do Rio Preto";0;1;1;100;"Não";100;"NÃO ALCANÇOU"
"RJ";330520;"São Pedro da Aldeia";14,6067415730337;10;72;13,8888888888889;"Não";-0,72;"NÃO ALCANÇOU"
"RJ";330530;"São Sebastião do Alto";0;0;0;0;"Sim";0;"ALCANÇOU"
"RJ";330540;"Sapucaia";0;1;4;25;"Não";25;"NÃO ALCANÇOU"
"RJ";330550;"Saquarema";91,304347826087;18;26;69,2307692307692;"Sim";-22,1;"ALCANÇOU"
"RJ";330555;"Seropédica";21,2765957446809;12;29;41,3793103448276;"Não";20,1;"NÃO ALCANÇOU"
"RJ";330560;"Silva Jardim";13,3333333333333;3;12;25;"Não";11,7;"NÃO ALCANÇOU"
"RJ";330570;"Sumidouro";0;1;2;50;"Não";50;"NÃO ALCANÇOU"
"RJ";330575;"Tanguá";5;3;11;27,2727272727273;"Não";22,3;"NÃO ALCANÇOU"
"RJ";330580;"Teresópolis";24,4444444444444;11;55;20;"Sim";-4,4;"ALCANÇOU"
"RJ";330590;"Trajano de Moraes";0;0;0;0;"Sim";0;"ALCANÇOU"
"RJ";330600;"Três Rios";0;12;3;400;"Não";400;"NÃO ALCANÇOU"
"RJ";330610;"Valença";59,2592592592593;15;34;44,1176470588235;"Sim";-15,1;"ALCANÇOU"
"RJ";330615;"Varre-Sai";0;0;3;0;"Sim";0;"ALCANÇOU"
"RJ";330620;"Vassouras";0;1;14;7,14285714285714;"Não";7,1;"NÃO ALCANÇOU"
"RJ";330630;"Volta Redonda";8,44155844155844;9;130;6,92307692307692;"Sim";-1,5;"ALCANÇOU"
"SP";350010;"Adamantina";14,2857142857143;1;7;14,2857142857143;"Não";0;"NÃO ALCANÇOU"
"SP";350020;"Adolfo";0;0;1;0;"Sim";0;"ALCANÇOU"
"SP";350030;"Aguaí";10;3;6;50;"Não";40;"NÃO ALCANÇOU"
"SP";350040;"Águas da Prata";0;0;0;0;"Sim";0;"ALCANÇOU"
"SP";350050;"Águas de Lindóia";0;0;0;0;"Sim";0;"ALCANÇOU"
"SP";350055;"Águas de Santa Bárbara";0;0;0;0;"Sim";0;"ALCANÇOU"
"SP";350060;"Águas de São Pedro";0;0;0;0;"Sim";0;"ALCANÇOU"
"SP";350070;"Agudos";0;9;16;56,25;"Não";56,2;"NÃO ALCANÇOU"
"SP";350075;"Alambari";0;0;0;0;"Sim";0;"ALCANÇOU"
"SP";350080;"Alfredo Marcondes";0;0;0;0;"Sim";0;"ALCANÇOU"
"SP";350090;"Altair";0;0;0;0;"Sim";0;"ALCANÇOU"
"SP";350100;"Altinópolis";0;0;0;0;"Sim";0;"ALCANÇOU"
"SP";350110;"Alto Alegre";0;0;1;0;"Sim";0;"ALCANÇOU"
"SP";350115;"Alumínio";0;0;4;0;"Sim";0;"ALCANÇOU"
"SP";350120;"Álvares Florence";0;0;0;0;"Sim";0;"ALCANÇOU"
"SP";350130;"Álvares Machado";50;4;16;25;"Sim";-25;"ALCANÇOU"
"SP";350140;"Álvaro de Carvalho";0;0;2;0;"Sim";0;"ALCANÇOU"
"SP";350150;"Alvinlândia";0;0;1;0;"Sim";0;"ALCANÇOU"
"SP";350160;"Americana";38,8888888888889;13;55;23,6363636363636;"Sim";-15,3;"ALCANÇOU"
"SP";350170;"Américo Brasiliense";0;0;8;0;"Sim";0;"ALCANÇOU"
"SP";350180;"Américo de Campos";0;0;0;0;"Sim";0;"ALCANÇOU"
"SP";350190;"Amparo";0;1;7;14,2857142857143;"Não";14,3;"NÃO ALCANÇOU"
"SP";350200;"Analândia";0;3;4;75;"Não";75;"NÃO ALCANÇOU"
"SP";350210;"Andradina";20;3;16;18,75;"Sim";-1,2;"ALCANÇOU"
"SP";350220;"Angatuba";0;2;3;66,6666666666667;"Não";66,7;"NÃO ALCANÇOU"
"SP";350230;"Anhembi";0;2;2;100;"Não";100;"NÃO ALCANÇOU"
"SP";350240;"Anhumas";0;0;3;0;"Sim";0;"ALCANÇOU"
"SP";350250;"Aparecida";9,09090909090909;0;14;0;"Sim";-9,1;"ALCANÇOU"
"SP";350260;"Aparecida d'Oeste";0;0;0;0;"Sim";0;"ALCANÇOU"
"SP";350270;"Apiaí";0;0;4;0;"Sim";0;"ALCANÇOU"
"SP";350275;"Araçariguama";0;1;12;8,33333333333333;"Não";8,3;"NÃO ALCANÇOU"
"SP";350280;"Araçatuba";31,25;25;72;34,7222222222222;"Não";3,5;"NÃO ALCANÇOU"
"SP";350290;"Araçoiaba da Serra";0;0;4;0;"Sim";0;"ALCANÇOU"
"SP";350300;"Aramina";0;0;0;0;"Sim";0;"ALCANÇOU"
"SP";350310;"Arandu";0;0;0;0;"Sim";0;"ALCANÇOU"
"SP";350315;"Arapeí";0;0;0;0;"Sim";0;"ALCANÇOU"
"SP";350320;"Araraquara";20;9;73;12,3287671232877;"Sim";-7,7;"ALCANÇOU"
"SP";350330;"Araras";0;0;39;0;"Sim";0;"ALCANÇOU"
"SP";350335;"Arco-Íris";0;0;0;0;"Sim";0;"ALCANÇOU"
"SP";350340;"Arealva";0;2;2;100;"Não";100;"NÃO ALCANÇOU"
"SP";350350;"Areias";0;0;0;0;"Sim";0;"ALCANÇOU"
"SP";350360;"Areiópolis";0;0;4;0;"Sim";0;"ALCANÇOU"
"SP";350370;"Ariranha";0;1;3;33,3333333333333;"Não";33,3;"NÃO ALCANÇOU"
"SP";350380;"Artur Nogueira";30;3;8;37,5;"Não";7,5;"NÃO ALCANÇOU"
"SP";350390;"Arujá";47,0588235294118;11;35;31,4285714285714;"Sim";-15,6;"ALCANÇOU"
"SP";350395;"Aspásia";0;0;0;0;"Sim";0;"ALCANÇOU"
"SP";350400;"Assis";40,9090909090909;7;58;12,0689655172414;"Sim";-28,8;"ALCANÇOU"
"SP";350410;"Atibaia";3,38983050847458;8;79;10,126582278481;"Não";6,7;"NÃO ALCANÇOU"
"SP";350420;"Auriflama";25;0;7;0;"Sim";-25;"ALCANÇOU"
"SP";350430;"Avaí";100;1;2;50;"Sim";-50;"ALCANÇOU"
"SP";350440;"Avanhandava";0;0;1;0;"Sim";0;"ALCANÇOU"
"SP";350450;"Avaré";26,6666666666667;2;31;6,45161290322581;"Sim";-20,2;"ALCANÇOU"
"SP";350460;"Bady Bassitt";20;3;9;33,3333333333333;"Não";13,3;"NÃO ALCANÇOU"
"SP";350470;"Balbinos";0;0;0;0;"Sim";0;"ALCANÇOU"
"SP";350480;"Bálsamo";0;1;6;16,6666666666667;"Não";16,7;"NÃO ALCANÇOU"
"SP";350490;"Bananal";0;2;4;50;"Não";50;"NÃO ALCANÇOU"
"SP";350500;"Barão de Antonina";0;0;0;0;"Sim";0;"ALCANÇOU"
"SP";350510;"Barbosa";0;0;0;0;"Sim";0;"ALCANÇOU"
"SP";350520;"Bariri";25;7;18;38,8888888888889;"Não";13,9;"NÃO ALCANÇOU"
"SP";350530;"Barra Bonita";50;3;8;37,5;"Sim";-12,5;"ALCANÇOU"
"SP";350535;"Barra do Chapéu";0;0;1;0;"Sim";0;"ALCANÇOU"
"SP";350540;"Barra do Turvo";0;0;0;0;"Sim";0;"ALCANÇOU"
"SP";350550;"Barretos";9,83606557377049;6;50;12;"Não";2,2;"NÃO ALCANÇOU"
"SP";350560;"Barrinha";33,3333333333333;5;16;31,25;"Sim";-2,1;"ALCANÇOU"
"SP";350570;"Barueri";34,375;32;196;16,3265306122449;"Sim";-18;"ALCANÇOU"
"SP";350580;"Bastos";0;3;9;33,3333333333333;"Não";33,3;"NÃO ALCANÇOU"
"SP";350590;"Batatais";12,5;3;19;15,7894736842105;"Não";3,3;"NÃO ALCANÇOU"
"SP";350600;"Bauru";60,9756097560976;161;273;58,974358974359;"Sim";-2;"ALCANÇOU"
"SP";350610;"Bebedouro";27,2727272727273;0;11;0;"Sim";-27,3;"ALCANÇOU"
"SP";350620;"Bento de Abreu";0;0;0;0;"Sim";0;"ALCANÇOU"
"SP";350630;"Bernardino de Campos";0;0;2;0;"Sim";0;"ALCANÇOU"
"SP";350635;"Bertioga";15,0943396226415;12;77;15,5844155844156;"Não";0,5;"NÃO ALCANÇOU"
"SP";350640;"Bilac";0;0;0;0;"Sim";0;"ALCANÇOU"
"SP";350650;"Birigui";16,2162162162162;3;29;10,3448275862069;"Sim";-5,9;"ALCANÇOU"
"SP";350660;"Biritiba-Mirim";33,3333333333333;3;6;50;"Não";16,7;"NÃO ALCANÇOU"
"SP";350670;"Boa Esperança do Sul";0;0;4;0;"Sim";0;"ALCANÇOU"
"SP";350680;"Bocaina";33,3333333333333;2;5;40;"Não";6,7;"NÃO ALCANÇOU"
"SP";350690;"Bofete";33,3333333333333;3;5;60;"Não";26,7;"NÃO ALCANÇOU"
"SP";350700;"Boituva";0;2;14;14,2857142857143;"Não";14,3;"NÃO ALCANÇOU"
"SP";350710;"Bom Jesus dos Perdões";0;0;5;0;"Sim";0;"ALCANÇOU"
"SP";350715;"Bom Sucesso de Itararé";0;0;0;0;"Sim";0;"ALCANÇOU"
"SP";350720;"Borá";0;0;0;0;"Sim";0;"ALCANÇOU"
"SP";350730;"Boracéia";0;0;0;0;"Sim";0;"ALCANÇOU"
"SP";350740;"Borborema";0;0;1;0;"Sim";0;"ALCANÇOU"
"SP";350745;"Borebi";0;1;1;100;"Não";100;"NÃO ALCANÇOU"
"SP";350750;"Botucatu";27,2727272727273;10;54;18,5185185185185;"Sim";-8,8;"ALCANÇOU"
"SP";350760;"Bragança Paulista";0;6;61;9,83606557377049;"Não";9,8;"NÃO ALCANÇOU"
"SP";350770;"Braúna";0;1;0;0;"Sim";0;"ALCANÇOU"
"SP";350775;"Brejo Alegre";0;0;0;0;"Sim";0;"ALCANÇOU"
"SP";350780;"Brodowski";100;4;6;66,6666666666667;"Sim";-33,3;"ALCANÇOU"
"SP";350790;"Brotas";0;3;10;30;"Não";30;"NÃO ALCANÇOU"
"SP";350800;"Buri";0;0;4;0;"Sim";0;"ALCANÇOU"
"SP";350810;"Buritama";0;1;5;20;"Não";20;"NÃO ALCANÇOU"
"SP";350820;"Buritizal";0;0;0;0;"Sim";0;"ALCANÇOU"
"SP";350830;"Cabrália Paulista";0;1;1;100;"Não";100;"NÃO ALCANÇOU"
"SP";350840;"Cabreúva";26,6666666666667;6;25;24;"Sim";-2,7;"ALCANÇOU"
"SP";350850;"Caçapava";53,125;14;46;30,4347826086957;"Sim";-22,7;"ALCANÇOU"
"SP";350860;"Cachoeira Paulista";0;2;11;18,1818181818182;"Não";18,2;"NÃO ALCANÇOU"
"SP";350870;"Caconde";0;0;0;0;"Sim";0;"ALCANÇOU"
"SP";350880;"Cafelândia";0;1;4;25;"Não";25;"NÃO ALCANÇOU"
"SP";350890;"Caiabu";0;0;0;0;"Sim";0;"ALCANÇOU"
"SP";350900;"Caieiras";40;6;23;26,0869565217391;"Sim";-13,9;"ALCANÇOU"
"SP";350910;"Caiuá";0;0;0;0;"Sim";0;"ALCANÇOU"
"SP";350920;"Cajamar";44,4444444444444;3;16;18,75;"Sim";-25,7;"ALCANÇOU"
"SP";350925;"Cajati";140;3;5;60;"Sim";-80;"ALCANÇOU"
"SP";350930;"Cajobi";0;0;1;0;"Sim";0;"ALCANÇOU"
"SP";350940;"Cajuru";0;0;1;0;"Sim";0;"ALCANÇOU"
"SP";350945;"Campina do Monte Alegre";0;0;0;0;"Sim";0;"ALCANÇOU"
"SP";350950;"Campinas";20,2061855670103;109;509;21,4145383104126;"Não";1,2;"NÃO ALCANÇOU"
"SP";350960;"Campo Limpo Paulista";34,6153846153846;5;29;17,2413793103448;"Sim";-17,4;"ALCANÇOU"
"SP";350970;"Campos do Jordão";0;0;26;0;"Sim";0;"ALCANÇOU"
"SP";350980;"Campos Novos Paulista";50;1;6;16,6666666666667;"Sim";-33,3;"ALCANÇOU"
"SP";350990;"Cananéia";100;0;3;0;"Sim";-100;"ALCANÇOU"
"SP";350995;"Canas";0;0;2;0;"Sim";0;"ALCANÇOU"
"SP";351000;"Cândido Mota";44,4444444444444;2;10;20;"Sim";-24,4;"ALCANÇOU"
"SP";351010;"Cândido Rodrigues";0;0;1;0;"Sim";0;"ALCANÇOU"
"SP";351015;"Canitar";0;1;0;0;"Sim";0;"ALCANÇOU"
"SP";351020;"Capão Bonito";0;1;12;8,33333333333333;"Não";8,3;"NÃO ALCANÇOU"
"SP";351030;"Capela do Alto";0;1;3;33,3333333333333;"Não";33,3;"NÃO ALCANÇOU"
"SP";351040;"Capivari";0;2;16;12,5;"Não";12,5;"NÃO ALCANÇOU"
"SP";351050;"Caraguatatuba";1,40845070422535;10;99;10,1010101010101;"Não";8,7;"NÃO ALCANÇOU"
"SP";351060;"Carapicuíba";39,4366197183099;157;303;51,8151815181518;"Não";12,4;"NÃO ALCANÇOU"
"SP";351070;"Cardoso";0;0;5;0;"Sim";0;"ALCANÇOU"
"SP";351080;"Casa Branca";0;1;3;33,3333333333333;"Não";33,3;"NÃO ALCANÇOU"
"SP";351090;"Cássia dos Coqueiros";0;0;0;0;"Sim";0;"ALCANÇOU"
"SP";351100;"Castilho";33,3333333333333;1;2;50;"Não";16,7;"NÃO ALCANÇOU"
"SP";351110;"Catanduva";21,0526315789474;7;29;24,1379310344828;"Não";3,1;"NÃO ALCANÇOU"
"SP";351120;"Catiguá";0;0;0;0;"Sim";0;"ALCANÇOU"
"SP";351130;"Cedral";25;1;6;16,6666666666667;"Sim";-8,3;"ALCANÇOU"
"SP";351140;"Cerqueira César";0;2;2;100;"Não";100;"NÃO ALCANÇOU"
"SP";351150;"Cerquilho";0;0;10;0;"Sim";0;"ALCANÇOU"
"SP";351160;"Cesário Lange";0;1;5;20;"Não";20;"NÃO ALCANÇOU"
"SP";351170;"Charqueada";0;2;1;200;"Não";200;"NÃO ALCANÇOU"
"SP";351190;"Clementina";0;1;0;0;"Sim";0;"ALCANÇOU"
"SP";351200;"Colina";0;0;1;0;"Sim";0;"ALCANÇOU"
"SP";351210;"Colômbia";0;0;2;0;"Sim";0;"ALCANÇOU"
"SP";351220;"Conchal";53,8461538461538;3;14;21,4285714285714;"Sim";-32,4;"ALCANÇOU"
"SP";351230;"Conchas";0;0;1;0;"Sim";0;"ALCANÇOU"
"SP";351240;"Cordeirópolis";0;0;3;0;"Sim";0;"ALCANÇOU"
"SP";351250;"Coroados";0;1;1;100;"Não";100;"NÃO ALCANÇOU"
"SP";351260;"Coronel Macedo";0;0;0;0;"Sim";0;"ALCANÇOU"
"SP";351270;"Corumbataí";0;0;0;0;"Sim";0;"ALCANÇOU"
"SP";351280;"Cosmópolis";75;7;8;87,5;"Não";12,5;"NÃO ALCANÇOU"
"SP";351290;"Cosmorama";0;1;0;0;"Sim";0;"ALCANÇOU"
"SP";351300;"Cotia";18,9189189189189;18;116;15,5172413793103;"Sim";-3,4;"ALCANÇOU"
"SP";351310;"Cravinhos";0;5;16;31,25;"Não";31,2;"NÃO ALCANÇOU"
"SP";351320;"Cristais Paulista";0;0;3;0;"Sim";0;"ALCANÇOU"
"SP";351330;"Cruzália";0;0;0;0;"Sim";0;"ALCANÇOU"
"SP";351340;"Cruzeiro";14,2857142857143;0;25;0;"Sim";-14,3;"ALCANÇOU"
"SP";351350;"Cubatão";38,3561643835616;22;87;25,2873563218391;"Sim";-13,1;"ALCANÇOU"
"SP";351360;"Cunha";66,6666666666667;0;3;0;"Sim";-66,7;"ALCANÇOU"
"SP";351370;"Descalvado";20;1;5;20;"Não";0;"NÃO ALCANÇOU"
"SP";351380;"Diadema";19,5;36;206;17,4757281553398;"Sim";-2;"ALCANÇOU"
"SP";351385;"Dirce Reis";0;0;0;0;"Sim";0;"ALCANÇOU"
"SP";351390;"Divinolândia";0;0;1;0;"Sim";0;"ALCANÇOU"
"SP";351400;"Dobrada";0;0;0;0;"Sim";0;"ALCANÇOU"
"SP";351410;"Dois Córregos";0;0;4;0;"Sim";0;"ALCANÇOU"
"SP";351420;"Dolcinópolis";0;0;0;0;"Sim";0;"ALCANÇOU"
"SP";351430;"Dourado";0;0;0;0;"Sim";0;"ALCANÇOU"
"SP";351440;"Dracena";55,5555555555556;5;8;62,5;"Não";6,9;"NÃO ALCANÇOU"
"SP";351450;"Duartina";100;4;6;66,6666666666667;"Sim";-33,3;"ALCANÇOU"
"SP";351460;"Dumont";0;0;0;0;"Sim";0;"ALCANÇOU"
"SP";351470;"Echaporã";0;0;0;0;"Sim";0;"ALCANÇOU"
"SP";351480;"Eldorado";0;0;0;0;"Sim";0;"ALCANÇOU"
"SP";351490;"Elias Fausto";0;1;2;50;"Não";50;"NÃO ALCANÇOU"
"SP";351492;"Elisiário";0;1;1;100;"Não";100;"NÃO ALCANÇOU"
"SP";351495;"Embaúba";0;0;0;0;"Sim";0;"ALCANÇOU"
"SP";351500;"Embu das Artes";28,2894736842105;42;216;19,4444444444444;"Sim";-8,8;"ALCANÇOU"
"SP";351510;"Embu-Guaçu";26,0869565217391;6;26;23,0769230769231;"Sim";-3;"ALCANÇOU"
"SP";351512;"Emilianópolis";0;0;1;0;"Sim";0;"ALCANÇOU"
"SP";351515;"Engenheiro Coelho";33,3333333333333;0;9;0;"Sim";-33,3;"ALCANÇOU"
"SP";351518;"Espírito Santo do Pinhal";20;1;7;14,2857142857143;"Sim";-5,7;"ALCANÇOU"
"SP";351519;"Espírito Santo do Turvo";0;1;0;0;"Sim";0;"ALCANÇOU"
"SP";351520;"Estrela d'Oeste";0;0;1;0;"Sim";0;"ALCANÇOU"
"SP";351530;"Estrela do Norte";0;0;0;0;"Sim";0;"ALCANÇOU"
"SP";351535;"Euclides da Cunha Paulista";100;1;1;100;"Não";0;"NÃO ALCANÇOU"
"SP";351540;"Fartura";33,3333333333333;0;9;0;"Sim";-33,3;"ALCANÇOU"
"SP";351550;"Fernandópolis";10,3448275862069;2;20;10;"Não";-0,34;"NÃO ALCANÇOU"
"SP";351560;"Fernando Prestes";0;0;0;0;"Sim";0;"ALCANÇOU"
"SP";351565;"Fernão";0;0;0;0;"Sim";0;"ALCANÇOU"
"SP";351570;"Ferraz de Vasconcelos";56;38;70;54,2857142857143;"Sim";-1,7;"ALCANÇOU"
"SP";351580;"Flora Rica";0;0;0;0;"Sim";0;"ALCANÇOU"
"SP";351590;"Floreal";0;0;0;0;"Sim";0;"ALCANÇOU"
"SP";351600;"Flórida Paulista";0;3;4;75;"Não";75;"NÃO ALCANÇOU"
"SP";351610;"Florínia";0;0;0;0;"Sim";0;"ALCANÇOU"
"SP";351620;"Franca";28,3464566929134;82;259;31,6602316602317;"Não";3,3;"NÃO ALCANÇOU"
"SP";351630;"Francisco Morato";11,4864864864865;33;190;17,3684210526316;"Não";5,9;"NÃO ALCANÇOU"
"SP";351640;"Franco da Rocha";22,8571428571429;32;109;29,3577981651376;"Não";6,5;"NÃO ALCANÇOU"
"SP";351650;"Gabriel Monteiro";0;0;0;0;"Sim";0;"ALCANÇOU"
"SP";351660;"Gália";0;0;4;0;"Sim";0;"ALCANÇOU"
"SP";351670;"Garça";26,9230769230769;8;42;19,047619047619;"Sim";-7,9;"ALCANÇOU"
"SP";351680;"Gastão Vidigal";0;1;1;100;"Não";100;"NÃO ALCANÇOU"
"SP";351685;"Gavião Peixoto";0;0;0;0;"Sim";0;"ALCANÇOU"
"SP";351690;"General Salgado";0;0;1;0;"Sim";0;"ALCANÇOU"
"SP";351700;"Getulina";28,5714285714286;1;1;100;"Não";71,4;"NÃO ALCANÇOU"
"SP";351710;"Glicério";0;0;0;0;"Sim";0;"ALCANÇOU"
"SP";351720;"Guaiçara";0;2;3;66,6666666666667;"Não";66,7;"NÃO ALCANÇOU"
"SP";351730;"Guaimbê";100;0;1;0;"Sim";-100;"ALCANÇOU"
"SP";351740;"Guaíra";25;0;12;0;"Sim";-25;"ALCANÇOU"
"SP";351750;"Guapiaçu";0;3;3;100;"Não";100;"NÃO ALCANÇOU"
"SP";351760;"Guapiara";0;0;2;0;"Sim";0;"ALCANÇOU"
"SP";351770;"Guará";0;1;3;33,3333333333333;"Não";33,3;"NÃO ALCANÇOU"
"SP";351780;"Guaraçaí";0;0;1;0;"Sim";0;"ALCANÇOU"
"SP";351790;"Guaraci";0;0;3;0;"Sim";0;"ALCANÇOU"
"SP";351800;"Guarani d'Oeste";0;0;1;0;"Sim";0;"ALCANÇOU"
"SP";351810;"Guarantã";0;2;3;66,6666666666667;"Não";66,7;"NÃO ALCANÇOU"
"SP";351820;"Guararapes";18,1818181818182;4;6;66,6666666666667;"Não";48,5;"NÃO ALCANÇOU"
"SP";351830;"Guararema";10;1;9;11,1111111111111;"Não";1,1;"NÃO ALCANÇOU"
"SP";351840;"Guaratinguetá";4,34782608695652;1;49;2,04081632653061;"Sim";-2,3;"ALCANÇOU"
"SP";351850;"Guareí";0;0;2;0;"Sim";0;"ALCANÇOU"
"SP";351860;"Guariba";14,2857142857143;2;18;11,1111111111111;"Sim";-3,2;"ALCANÇOU"
"SP";351870;"Guarujá";15,7142857142857;34;227;14,9779735682819;"Não";-0,74;"NÃO ALCANÇOU"
"SP";351880;"Guarulhos";45,6090651558074;374;758;49,3403693931398;"Não";3,7;"NÃO ALCANÇOU"
"SP";351885;"Guatapará";0;2;1;200;"Não";200;"NÃO ALCANÇOU"
"SP";351890;"Guzolândia";0;0;1;0;"Sim";0;"ALCANÇOU"
"SP";351900;"Herculândia";0;0;0;0;"Sim";0;"ALCANÇOU"
"SP";351905;"Holambra";75;1;1;100;"Não";25;"NÃO ALCANÇOU"
"SP";351907;"Hortolândia";22,2222222222222;23;104;22,1153846153846;"Não";-0,11;"NÃO ALCANÇOU"
"SP";351910;"Iacanga";33,3333333333333;2;7;28,5714285714286;"Sim";-4,8;"ALCANÇOU"
"SP";351920;"Iacri";0;1;2;50;"Não";50;"NÃO ALCANÇOU"
"SP";351925;"Iaras";0;0;1;0;"Sim";0;"ALCANÇOU"
"SP";351930;"Ibaté";4,54545454545455;6;16;37,5;"Não";33;"NÃO ALCANÇOU"
"SP";351940;"Ibirá";200;2;5;40;"Sim";-160;"ALCANÇOU"
"SP";351950;"Ibirarema";0;1;1;100;"Não";100;"NÃO ALCANÇOU"
"SP";351960;"Ibitinga";9,09090909090909;3;10;30;"Não";20,9;"NÃO ALCANÇOU"
"SP";351970;"Ibiúna";11,1111111111111;3;14;21,4285714285714;"Não";10,3;"NÃO ALCANÇOU"
"SP";351980;"Icém";0;1;1;100;"Não";100;"NÃO ALCANÇOU"
"SP";351990;"Iepê";0;0;0;0;"Sim";0;"ALCANÇOU"
"SP";352000;"Igaraçu do Tietê";20;2;10;20;"Não";0;"NÃO ALCANÇOU"
"SP";352010;"Igarapava";0;1;0;0;"Sim";0;"ALCANÇOU"
"SP";352020;"Igaratá";0;0;4;0;"Sim";0;"ALCANÇOU"
"SP";352030;"Iguape";87,5;6;8;75;"Sim";-12,5;"ALCANÇOU"
"SP";352040;"Ilhabela";0;2;14;14,2857142857143;"Não";14,3;"NÃO ALCANÇOU"
"SP";352042;"Ilha Comprida";133,333333333333;3;11;27,2727272727273;"Sim";-106,1;"ALCANÇOU"
"SP";352044;"Ilha Solteira";100;1;6;16,6666666666667;"Sim";-83,3;"ALCANÇOU"
"SP";352050;"Indaiatuba";8,94308943089431;7;110;6,36363636363636;"Sim";-2,6;"ALCANÇOU"
"SP";352060;"Indiana";0;2;2;100;"Não";100;"NÃO ALCANÇOU"
"SP";352070;"Indiaporã";0;0;1;0;"Sim";0;"ALCANÇOU"
"SP";352080;"Inúbia Paulista";0;0;0;0;"Sim";0;"ALCANÇOU"
"SP";352090;"Ipaussu";0;0;0;0;"Sim";0;"ALCANÇOU"
"SP";352100;"Iperó";40;1;7;14,2857142857143;"Sim";-25,7;"ALCANÇOU"
"SP";352110;"Ipeúna";0;0;0;0;"Sim";0;"ALCANÇOU"
"SP";352115;"Ipiguá";0;0;2;0;"Sim";0;"ALCANÇOU"
"SP";352120;"Iporanga";0;1;0;0;"Sim";0;"ALCANÇOU"
"SP";352130;"Ipuã";0;0;5;0;"Sim";0;"ALCANÇOU"
"SP";352140;"Iracemápolis";0;1;5;20;"Não";20;"NÃO ALCANÇOU"
"SP";352150;"Irapuã";0;1;0;0;"Sim";0;"ALCANÇOU"
"SP";352160;"Irapuru";0;0;0;0;"Sim";0;"ALCANÇOU"
"SP";352170;"Itaberá";40;0;5;0;"Sim";-40;"ALCANÇOU"
"SP";352180;"Itaí";26,6666666666667;1;6;16,6666666666667;"Sim";-10;"ALCANÇOU"
"SP";352190;"Itajobi";0;0;1;0;"Sim";0;"ALCANÇOU"
"SP";352200;"Itaju";0;0;0;0;"Sim";0;"ALCANÇOU"
"SP";352210;"Itanhaém";9,67741935483871;9;63;14,2857142857143;"Não";4,6;"NÃO ALCANÇOU"
"SP";352215;"Itaóca";0;0;0;0;"Sim";0;"ALCANÇOU"
"SP";352220;"Itapecerica da Serra";26,7441860465116;33;71;46,4788732394366;"Não";19,7;"NÃO ALCANÇOU"
"SP";352230;"Itapetininga";3,92156862745098;0;41;0;"Sim";-3,9;"ALCANÇOU"
"SP";352240;"Itapeva";20;3;17;17,6470588235294;"Sim";-2,4;"ALCANÇOU"
"SP";352250;"Itapevi";25,8503401360544;40;210;19,047619047619;"Sim";-6,8;"ALCANÇOU"
"SP";352260;"Itapira";13,0434782608696;3;10;30;"Não";17;"NÃO ALCANÇOU"
"SP";352265;"Itapirapuã Paulista";0;0;1;0;"Sim";0;"ALCANÇOU"
"SP";352270;"Itápolis";20;1;5;20;"Não";0;"NÃO ALCANÇOU"
"SP";352280;"Itaporanga";0;0;4;0;"Sim";0;"ALCANÇOU"
"SP";352290;"Itapuí";11,1111111111111;3;6;50;"Não";38,9;"NÃO ALCANÇOU"
"SP";352300;"Itapura";0;0;0;0;"Sim";0;"ALCANÇOU"
"SP";352310;"Itaquaquecetuba";49,171270718232;91;236;38,5593220338983;"Sim";-10,6;"ALCANÇOU"
"SP";352320;"Itararé";0;0;24;0;"Sim";0;"ALCANÇOU"
"SP";352330;"Itariri";0;0;3;0;"Sim";0;"ALCANÇOU"
"SP";352340;"Itatiba";7,14285714285714;1;21;4,76190476190476;"Sim";-2,4;"ALCANÇOU"
"SP";352350;"Itatinga";0;4;5;80;"Não";80;"NÃO ALCANÇOU"
"SP";352360;"Itirapina";25;2;6;33,3333333333333;"Não";8,3;"NÃO ALCANÇOU"
"SP";352370;"Itirapuã";0;0;0;0;"Sim";0;"ALCANÇOU"
"SP";352380;"Itobi";0;0;0;0;"Sim";0;"ALCANÇOU"
"SP";352390;"Itu";12,2448979591837;9;74;12,1621621621622;"Não";-0,08;"NÃO ALCANÇOU"
"SP";352400;"Itupeva";38,4615384615385;4;20;20;"Sim";-18,5;"ALCANÇOU"
"SP";352410;"Ituverava";0;1;7;14,2857142857143;"Não";14,3;"NÃO ALCANÇOU"
"SP";352420;"Jaborandi";0;0;0;0;"Sim";0;"ALCANÇOU"
"SP";352430;"Jaboticabal";55;8;36;22,2222222222222;"Sim";-32,8;"ALCANÇOU"
"SP";352440;"Jacareí";29,7101449275362;31;149;20,8053691275168;"Sim";-8,9;"ALCANÇOU"
"SP";352450;"Jaci";0;1;4;25;"Não";25;"NÃO ALCANÇOU"
"SP";352460;"Jacupiranga";0;2;1;200;"Não";200;"NÃO ALCANÇOU"
"SP";352470;"Jaguariúna";72,2222222222222;7;12;58,3333333333333;"Sim";-13,9;"ALCANÇOU"
"SP";352480;"Jales";75;1;13;7,69230769230769;"Sim";-67,3;"ALCANÇOU"
"SP";352490;"Jambeiro";0;1;1;100;"Não";100;"NÃO ALCANÇOU"
"SP";352500;"Jandira";71,875;16;30;53,3333333333333;"Sim";-18,5;"ALCANÇOU"
"SP";352510;"Jardinópolis";0;4;16;25;"Não";25;"NÃO ALCANÇOU"
"SP";352520;"Jarinu";11,1111111111111;3;25;12;"Não";0,9;"NÃO ALCANÇOU"
"SP";352530;"Jaú";15,0684931506849;36;92;39,1304347826087;"Não";24,1;"NÃO ALCANÇOU"
"SP";352540;"Jeriquara";0;0;0;0;"Sim";0;"ALCANÇOU"
"SP";352550;"Joanópolis";0;0;1;0;"Sim";0;"ALCANÇOU"
"SP";352560;"João Ramalho";0;1;1;100;"Não";100;"NÃO ALCANÇOU"
"SP";352570;"José Bonifácio";0;7;10;70;"Não";70;"NÃO ALCANÇOU"
"SP";352580;"Júlio Mesquita";0;1;4;25;"Não";25;"NÃO ALCANÇOU"
"SP";352585;"Jumirim";0;0;0;0;"Sim";0;"ALCANÇOU"
"SP";352590;"Jundiaí";37,5;34;114;29,8245614035088;"Sim";-7,7;"ALCANÇOU"
"SP";352600;"Junqueirópolis";0;3;2;150;"Não";150;"NÃO ALCANÇOU"
"SP";352610;"Juquiá";300;0;4;0;"Sim";-300;"ALCANÇOU"
"SP";352620;"Juquitiba";14,2857142857143;2;8;25;"Não";10,7;"NÃO ALCANÇOU"
"SP";352630;"Lagoinha";0;2;3;66,6666666666667;"Não";66,7;"NÃO ALCANÇOU"
"SP";352640;"Laranjal Paulista";0;0;4;0;"Sim";0;"ALCANÇOU"
"SP";352650;"Lavínia";0;0;0;0;"Sim";0;"ALCANÇOU"
"SP";352660;"Lavrinhas";0;0;2;0;"Sim";0;"ALCANÇOU"
"SP";352670;"Leme";0;0;41;0;"Sim";0;"ALCANÇOU"
"SP";352680;"Lençóis Paulista";33,3333333333333;5;23;21,7391304347826;"Sim";-11,6;"ALCANÇOU"
"SP";352690;"Limeira";6,06060606060606;10;131;7,63358778625954;"Não";1,6;"NÃO ALCANÇOU"
"SP";352700;"Lindóia";0;0;0;0;"Sim";0;"ALCANÇOU"
"SP";352710;"Lins";15,2173913043478;2;34;5,88235294117647;"Sim";-9,3;"ALCANÇOU"
"SP";352720;"Lorena";20,4081632653061;3;31;9,67741935483871;"Sim";-10,7;"ALCANÇOU"
"SP";352725;"Lourdes";0;0;0;0;"Sim";0;"ALCANÇOU"
"SP";352730;"Louveira";62,5;4;3;133,333333333333;"Não";70,8;"NÃO ALCANÇOU"
"SP";352740;"Lucélia";0;0;9;0;"Sim";0;"ALCANÇOU"
"SP";352750;"Lucianópolis";0;0;0;0;"Sim";0;"ALCANÇOU"
"SP";352760;"Luís Antônio";0;2;0;0;"Sim";0;"ALCANÇOU"
"SP";352770;"Luiziânia";0;0;0;0;"Sim";0;"ALCANÇOU"
"SP";352780;"Lupércio";0;0;2;0;"Sim";0;"ALCANÇOU"
"SP";352790;"Lutécia";0;0;0;0;"Sim";0;"ALCANÇOU"
"SP";352800;"Macatuba";0;2;3;66,6666666666667;"Não";66,7;"NÃO ALCANÇOU"
"SP";352810;"Macaubal";0;0;0;0;"Sim";0;"ALCANÇOU"
"SP";352820;"Macedônia";0;0;0;0;"Sim";0;"ALCANÇOU"
"SP";352830;"Magda";0;0;0;0;"Sim";0;"ALCANÇOU"
"SP";352840;"Mairinque";0;1;13;7,69230769230769;"Não";7,7;"NÃO ALCANÇOU"
"SP";352850;"Mairiporã";12,5;6;25;24;"Não";11,5;"NÃO ALCANÇOU"
"SP";352860;"Manduri";0;0;2;0;"Sim";0;"ALCANÇOU"
"SP";352870;"Marabá Paulista";0;0;0;0;"Sim";0;"ALCANÇOU"
"SP";352880;"Maracaí";0;0;5;0;"Sim";0;"ALCANÇOU"
"SP";352885;"Marapoama";0;0;0;0;"Sim";0;"ALCANÇOU"
"SP";352890;"Mariápolis";0;0;0;0;"Sim";0;"ALCANÇOU"
"SP";352900;"Marília";33,8582677165354;53;155;34,1935483870968;"Não";0,3;"NÃO ALCANÇOU"
"SP";352910;"Marinópolis";0;0;0;0;"Sim";0;"ALCANÇOU"
"SP";352920;"Martinópolis";14,2857142857143;4;11;36,3636363636364;"Não";22,1;"NÃO ALCANÇOU"
"SP";352930;"Matão";17,2413793103448;1;20;5;"Sim";-12,2;"ALCANÇOU"
"SP";352940;"Mauá";24,5098039215686;53;243;21,8106995884774;"Sim";-2,7;"ALCANÇOU"
"SP";352950;"Mendonça";0;0;1;0;"Sim";0;"ALCANÇOU"
"SP";352960;"Meridiano";0;0;1;0;"Sim";0;"ALCANÇOU"
"SP";352965;"Mesópolis";0;0;1;0;"Sim";0;"ALCANÇOU"
"SP";352970;"Miguelópolis";0;1;1;100;"Não";100;"NÃO ALCANÇOU"
"SP";352980;"Mineiros do Tietê";100;1;6;16,6666666666667;"Sim";-83,3;"ALCANÇOU"
"SP";352990;"Miracatu";25;2;8;25;"Não";0;"NÃO ALCANÇOU"
"SP";353000;"Mira Estrela";0;0;0;0;"Sim";0;"ALCANÇOU"
"SP";353010;"Mirandópolis";0;1;2;50;"Não";50;"NÃO ALCANÇOU"
"SP";353020;"Mirante do Paranapanema";16,6666666666667;2;6;33,3333333333333;"Não";16,7;"NÃO ALCANÇOU"
"SP";353030;"Mirassol";50;4;16;25;"Sim";-25;"ALCANÇOU"
"SP";353040;"Mirassolândia";0;0;1;0;"Sim";0;"ALCANÇOU"
"SP";353050;"Mococa";14,2857142857143;2;23;8,69565217391304;"Sim";-5,6;"ALCANÇOU"
"SP";353060;"Mogi das Cruzes";10,625;12;162;7,40740740740741;"Sim";-3,2;"ALCANÇOU"
"SP";353070;"Mogi Guaçu";26,027397260274;19;75;25,3333333333333;"Não";-0,69;"NÃO ALCANÇOU"
"SP";353080;"Mogi Mirim";12,8205128205128;6;42;14,2857142857143;"Não";1,5;"NÃO ALCANÇOU"
"SP";353090;"Mombuca";0;0;0;0;"Sim";0;"ALCANÇOU"
"SP";353100;"Monções";0;0;0;0;"Sim";0;"ALCANÇOU"
"SP";353110;"Mongaguá";18,1818181818182;1;23;4,34782608695652;"Sim";-13,8;"ALCANÇOU"
"SP";353120;"Monte Alegre do Sul";0;0;0;0;"Sim";0;"ALCANÇOU"
"SP";353130;"Monte Alto";66,6666666666667;3;6;50;"Sim";-16,7;"ALCANÇOU"
"SP";353140;"Monte Aprazível";40;2;4;50;"Não";10;"NÃO ALCANÇOU"
"SP";353150;"Monte Azul Paulista";0;0;1;0;"Sim";0;"ALCANÇOU"
"SP";353160;"Monte Castelo";0;0;0;0;"Sim";0;"ALCANÇOU"
"SP";353170;"Monteiro Lobato";0;1;1;100;"Não";100;"NÃO ALCANÇOU"
"SP";353180;"Monte Mor";7,14285714285714;3;21;14,2857142857143;"Não";7,1;"NÃO ALCANÇOU"
"SP";353190;"Morro Agudo";10;1;6;16,6666666666667;"Não";6,7;"NÃO ALCANÇOU"
"SP";353200;"Morungaba";0;0;1;0;"Sim";0;"ALCANÇOU"
"SP";353205;"Motuca";0;0;0;0;"Sim";0;"ALCANÇOU"
"SP";353210;"Murutinga do Sul";0;0;0;0;"Sim";0;"ALCANÇOU"
"SP";353215;"Nantes";0;0;5;0;"Sim";0;"ALCANÇOU"
"SP";353220;"Narandiba";0;1;0;0;"Sim";0;"ALCANÇOU"
"SP";353230;"Natividade da Serra";0;1;2;50;"Não";50;"NÃO ALCANÇOU"
"SP";353240;"Nazaré Paulista";0;2;1;200;"Não";200;"NÃO ALCANÇOU"
"SP";353250;"Neves Paulista";0;1;0;0;"Sim";0;"ALCANÇOU"
"SP";353260;"Nhandeara";0;1;0;0;"Sim";0;"ALCANÇOU"
"SP";353270;"Nipoã";0;0;0;0;"Sim";0;"ALCANÇOU"
"SP";353280;"Nova Aliança";0;1;0;0;"Sim";0;"ALCANÇOU"
"SP";353282;"Nova Campina";0;0;0;0;"Sim";0;"ALCANÇOU"
"SP";353284;"Nova Canaã Paulista";0;0;0;0;"Sim";0;"ALCANÇOU"
"SP";353286;"Nova Castilho";0;0;0;0;"Sim";0;"ALCANÇOU"
"SP";353290;"Nova Europa";0;1;1;100;"Não";100;"NÃO ALCANÇOU"
"SP";353300;"Nova Granada";0;0;5;0;"Sim";0;"ALCANÇOU"
"SP";353310;"Nova Guataporanga";0;0;0;0;"Sim";0;"ALCANÇOU"
"SP";353320;"Nova Independência";100;0;1;0;"Sim";-100;"ALCANÇOU"
"SP";353325;"Novais";0;1;0;0;"Sim";0;"ALCANÇOU"
"SP";353330;"Nova Luzitânia";0;0;0;0;"Sim";0;"ALCANÇOU"
"SP";353340;"Nova Odessa";28,5714285714286;4;7;57,1428571428571;"Não";28,6;"NÃO ALCANÇOU"
"SP";353350;"Novo Horizonte";33,3333333333333;1;11;9,09090909090909;"Sim";-24,2;"ALCANÇOU"
"SP";353360;"Nuporanga";0;0;1;0;"Sim";0;"ALCANÇOU"
"SP";353370;"Ocauçu";0;0;3;0;"Sim";0;"ALCANÇOU"
"SP";353380;"Óleo";0;1;0;0;"Sim";0;"ALCANÇOU"
"SP";353390;"Olímpia";0;0;25;0;"Sim";0;"ALCANÇOU"
"SP";353400;"Onda Verde";0;0;2;0;"Sim";0;"ALCANÇOU"
"SP";353410;"Oriente";0;0;0;0;"Sim";0;"ALCANÇOU"
"SP";353420;"Orindiúva";0;0;1;0;"Sim";0;"ALCANÇOU"
"SP";353430;"Orlândia";0;0;2;0;"Sim";0;"ALCANÇOU"
"SP";353440;"Osasco";63,5103926096998;251;513;48,9278752436647;"Sim";-14,6;"ALCANÇOU"
"SP";353450;"Oscar Bressane";0;1;2;50;"Não";50;"NÃO ALCANÇOU"
"SP";353460;"Osvaldo Cruz";12,5;2;8;25;"Não";12,5;"NÃO ALCANÇOU"
"SP";353470;"Ourinhos";55,5555555555556;9;27;33,3333333333333;"Sim";-22,2;"ALCANÇOU"
"SP";353475;"Ouroeste";0;0;1;0;"Sim";0;"ALCANÇOU"
"SP";353480;"Ouro Verde";0;0;2;0;"Sim";0;"ALCANÇOU"
"SP";353490;"Pacaembu";100;1;3;33,3333333333333;"Sim";-66,7;"ALCANÇOU"
"SP";353500;"Palestina";0;0;5;0;"Sim";0;"ALCANÇOU"
"SP";353510;"Palmares Paulista";0;0;0;0;"Sim";0;"ALCANÇOU"
"SP";353520;"Palmeira d'Oeste";0;0;0;0;"Sim";0;"ALCANÇOU"
"SP";353530;"Palmital";0;1;2;50;"Não";50;"NÃO ALCANÇOU"
"SP";353540;"Panorama";0;3;6;50;"Não";50;"NÃO ALCANÇOU"
"SP";353550;"Paraguaçu Paulista";5,26315789473684;2;21;9,52380952380952;"Não";4,3;"NÃO ALCANÇOU"
"SP";353560;"Paraibuna";200;3;5;60;"Sim";-140;"ALCANÇOU"
"SP";353570;"Paraíso";0;0;0;0;"Sim";0;"ALCANÇOU"
"SP";353580;"Paranapanema";33,3333333333333;0;1;0;"Sim";-33,3;"ALCANÇOU"
"SP";353590;"Paranapuã";0;0;0;0;"Sim";0;"ALCANÇOU"
"SP";353600;"Parapuã";0;1;3;33,3333333333333;"Não";33,3;"NÃO ALCANÇOU"
"SP";353610;"Pardinho";0;0;4;0;"Sim";0;"ALCANÇOU"
"SP";353620;"Pariquera-Açu";0;0;2;0;"Sim";0;"ALCANÇOU"
"SP";353625;"Parisi";50;0;2;0;"Sim";-50;"ALCANÇOU"
"SP";353630;"Patrocínio Paulista";0;1;2;50;"Não";50;"NÃO ALCANÇOU"
"SP";353640;"Paulicéia";0;2;4;50;"Não";50;"NÃO ALCANÇOU"
"SP";353650;"Paulínia";4,34782608695652;3;24;12,5;"Não";8,2;"NÃO ALCANÇOU"
"SP";353657;"Paulistânia";0;0;1;0;"Sim";0;"ALCANÇOU"
"SP";353660;"Paulo de Faria";0;0;0;0;"Sim";0;"ALCANÇOU"
"SP";353670;"Pederneiras";9,09090909090909;1;11;9,09090909090909;"Não";0;"NÃO ALCANÇOU"
"SP";353680;"Pedra Bela";0;0;0;0;"Sim";0;"ALCANÇOU"
"SP";353690;"Pedranópolis";0;0;0;0;"Sim";0;"ALCANÇOU"
"SP";353700;"Pedregulho";0;0;3;0;"Sim";0;"ALCANÇOU"
"SP";353710;"Pedreira";38,8888888888889;4;11;36,3636363636364;"Sim";-2,5;"ALCANÇOU"
"SP";353715;"Pedrinhas Paulista";0;0;0;0;"Sim";0;"ALCANÇOU"
"SP";353720;"Pedro de Toledo";0;1;1;100;"Não";100;"NÃO ALCANÇOU"
"SP";353730;"Penápolis";40;6;12;50;"Não";10;"NÃO ALCANÇOU"
"SP";353740;"Pereira Barreto";0;1;2;50;"Não";50;"NÃO ALCANÇOU"
"SP";353750;"Pereiras";0;0;0;0;"Sim";0;"ALCANÇOU"
"SP";353760;"Peruíbe";26,4705882352941;7;34;20,5882352941176;"Sim";-5,9;"ALCANÇOU"
"SP";353770;"Piacatu";0;1;1;100;"Não";100;"NÃO ALCANÇOU"
"SP";353780;"Piedade";33,3333333333333;4;11;36,3636363636364;"Não";3;"NÃO ALCANÇOU"
"SP";353790;"Pilar do Sul";0;1;5;20;"Não";20;"NÃO ALCANÇOU"
"SP";353800;"Pindamonhangaba";23,2558139534884;11;61;18,0327868852459;"Sim";-5,2;"ALCANÇOU"
"SP";353810;"Pindorama";0;0;1;0;"Sim";0;"ALCANÇOU"
"SP";353820;"Pinhalzinho";0;0;0;0;"Sim";0;"ALCANÇOU"
"SP";353830;"Piquerobi";0;0;0;0;"Sim";0;"ALCANÇOU"
"SP";353850;"Piquete";0;0;1;0;"Sim";0;"ALCANÇOU"
"SP";353860;"Piracaia";0;1;5;20;"Não";20;"NÃO ALCANÇOU"
"SP";353870;"Piracicaba";7,27272727272727;6;188;3,19148936170213;"Sim";-4,1;"ALCANÇOU"
"SP";353880;"Piraju";42,8571428571429;0;3;0;"Sim";-42,9;"ALCANÇOU"
"SP";353890;"Pirajuí";50;5;13;38,4615384615385;"Sim";-11,5;"ALCANÇOU"
"SP";353900;"Pirangi";0;0;0;0;"Sim";0;"ALCANÇOU"
"SP";353910;"Pirapora do Bom Jesus";0;0;2;0;"Sim";0;"ALCANÇOU"
"SP";353920;"Pirapozinho";18,75;1;16;6,25;"Sim";-12,5;"ALCANÇOU"
"SP";353930;"Pirassununga";29,4117647058824;6;14;42,8571428571429;"Não";13,4;"NÃO ALCANÇOU"
"SP";353940;"Piratininga";0;2;1;200;"Não";200;"NÃO ALCANÇOU"
"SP";353950;"Pitangueiras";33,3333333333333;4;23;17,3913043478261;"Sim";-15,9;"ALCANÇOU"
"SP";353960;"Planalto";0;0;2;0;"Sim";0;"ALCANÇOU"
"SP";353970;"Platina";0;0;0;0;"Sim";0;"ALCANÇOU"
"SP";353980;"Poá";29,7297297297297;10;35;28,5714285714286;"Sim";-1,2;"ALCANÇOU"
"SP";353990;"Poloni";0;1;1;100;"Não";100;"NÃO ALCANÇOU"
"SP";354000;"Pompéia";50;2;4;50;"Não";0;"NÃO ALCANÇOU"
"SP";354010;"Pongaí";0;0;0;0;"Sim";0;"ALCANÇOU"
"SP";354020;"Pontal";31,5789473684211;2;16;12,5;"Sim";-19,1;"ALCANÇOU"
"SP";354025;"Pontalinda";0;1;1;100;"Não";100;"NÃO ALCANÇOU"
"SP";354030;"Pontes Gestal";0;0;0;0;"Sim";0;"ALCANÇOU"
"SP";354040;"Populina";0;0;0;0;"Sim";0;"ALCANÇOU"
"SP";354050;"Porangaba";0;1;2;50;"Não";50;"NÃO ALCANÇOU"
"SP";354060;"Porto Feliz";0;0;20;0;"Sim";0;"ALCANÇOU"
"SP";354070;"Porto Ferreira";33,3333333333333;2;13;15,3846153846154;"Sim";-17,9;"ALCANÇOU"
"SP";354075;"Potim";10;1;7;14,2857142857143;"Não";4,3;"NÃO ALCANÇOU"
"SP";354080;"Potirendaba";0;0;1;0;"Sim";0;"ALCANÇOU"
"SP";354085;"Pracinha";0;0;0;0;"Sim";0;"ALCANÇOU"
"SP";354090;"Pradópolis";0;0;6;0;"Sim";0;"ALCANÇOU"
"SP";354100;"Praia Grande";30,4932735426009;56;238;23,5294117647059;"Sim";-7;"ALCANÇOU"
"SP";354105;"Pratânia";0;0;0;0;"Sim";0;"ALCANÇOU"
"SP";354110;"Presidente Alves";0;0;0;0;"Sim";0;"ALCANÇOU"
"SP";354120;"Presidente Bernardes";0;3;2;150;"Não";150;"NÃO ALCANÇOU"
"SP";354130;"Presidente Epitácio";66,6666666666667;2;12;16,6666666666667;"Sim";-50;"ALCANÇOU"
"SP";354140;"Presidente Prudente";26,2626262626263;22;159;13,8364779874214;"Sim";-12,4;"ALCANÇOU"
"SP";354150;"Presidente Venceslau";16,6666666666667;3;7;42,8571428571429;"Não";26,2;"NÃO ALCANÇOU"
"SP";354160;"Promissão";52,9411764705882;4;10;40;"Sim";-12,9;"ALCANÇOU"
"SP";354165;"Quadra";0;0;1;0;"Sim";0;"ALCANÇOU"
"SP";354170;"Quatá";0;3;12;25;"Não";25;"NÃO ALCANÇOU"
"SP";354180;"Queiroz";0;1;2;50;"Não";50;"NÃO ALCANÇOU"
"SP";354190;"Queluz";0;0;1;0;"Sim";0;"ALCANÇOU"
"SP";354200;"Quintana";0;1;3;33,3333333333333;"Não";33,3;"NÃO ALCANÇOU"
"SP";354210;"Rafard";0;0;1;0;"Sim";0;"ALCANÇOU"
"SP";354220;"Rancharia";0;5;26;19,2307692307692;"Não";19,2;"NÃO ALCANÇOU"
"SP";354230;"Redenção da Serra";0;0;0;0;"Sim";0;"ALCANÇOU"
"SP";354240;"Regente Feijó";33,3333333333333;3;7;42,8571428571429;"Não";9,5;"NÃO ALCANÇOU"
"SP";354250;"Reginópolis";0;0;0;0;"Sim";0;"ALCANÇOU"
"SP";354260;"Registro";29,0322580645161;1;14;7,14285714285714;"Sim";-21,9;"ALCANÇOU"
"SP";354270;"Restinga";0;0;1;0;"Sim";0;"ALCANÇOU"
"SP";354280;"Ribeira";0;0;0;0;"Sim";0;"ALCANÇOU"
"SP";354290;"Ribeirão Bonito";0;2;1;200;"Não";200;"NÃO ALCANÇOU"
"SP";354300;"Ribeirão Branco";0;0;6;0;"Sim";0;"ALCANÇOU"
"SP";354310;"Ribeirão Corrente";0;0;0;0;"Sim";0;"ALCANÇOU"
"SP";354320;"Ribeirão do Sul";0;0;0;0;"Sim";0;"ALCANÇOU"
"SP";354323;"Ribeirão dos Índios";0;0;0;0;"Sim";0;"ALCANÇOU"
"SP";354325;"Ribeirão Grande";0;0;1;0;"Sim";0;"ALCANÇOU"
"SP";354330;"Ribeirão Pires";27,027027027027;4;36;11,1111111111111;"Sim";-15,9;"ALCANÇOU"
"SP";354340;"Ribeirão Preto";36,2459546925566;84;283;29,6819787985866;"Sim";-6,6;"ALCANÇOU"
"SP";354350;"Riversul";33,3333333333333;0;3;0;"Sim";-33,3;"ALCANÇOU"
"SP";354360;"Rifaina";0;0;0;0;"Sim";0;"ALCANÇOU"
"SP";354370;"Rincão";0;0;2;0;"Sim";0;"ALCANÇOU"
"SP";354380;"Rinópolis";100;2;6;33,3333333333333;"Sim";-66,7;"ALCANÇOU"
"SP";354390;"Rio Claro";25;13;73;17,8082191780822;"Sim";-7,2;"ALCANÇOU"
"SP";354400;"Rio das Pedras";0;0;0;0;"Sim";0;"ALCANÇOU"
"SP";354410;"Rio Grande da Serra";40;7;10;70;"Não";30;"NÃO ALCANÇOU"
"SP";354420;"Riolândia";0;0;3;0;"Sim";0;"ALCANÇOU"
"SP";354425;"Rosana";33,3333333333333;1;5;20;"Sim";-13,3;"ALCANÇOU"
"SP";354430;"Roseira";0;1;0;0;"Sim";0;"ALCANÇOU"
"SP";354440;"Rubiácea";0;0;0;0;"Sim";0;"ALCANÇOU"
"SP";354450;"Rubinéia";0;0;0;0;"Sim";0;"ALCANÇOU"
"SP";354460;"Sabino";100;0;1;0;"Sim";-100;"ALCANÇOU"
"SP";354470;"Sagres";0;0;0;0;"Sim";0;"ALCANÇOU"
"SP";354480;"Sales";0;0;0;0;"Sim";0;"ALCANÇOU"
"SP";354490;"Sales Oliveira";0;0;0;0;"Sim";0;"ALCANÇOU"
"SP";354500;"Salesópolis";0;0;3;0;"Sim";0;"ALCANÇOU"
"SP";354510;"Salmourão";0;0;0;0;"Sim";0;"ALCANÇOU"
"SP";354515;"Saltinho";0;0;2;0;"Sim";0;"ALCANÇOU"
"SP";354520;"Salto";48,6486486486487;4;43;9,30232558139535;"Sim";-39,3;"ALCANÇOU"
"SP";354530;"Salto de Pirapora";150;0;4;0;"Sim";-150;"ALCANÇOU"
"SP";354540;"Salto Grande";0;0;1;0;"Sim";0;"ALCANÇOU"
"SP";354550;"Sandovalina";0;1;2;50;"Não";50;"NÃO ALCANÇOU"
"SP";354560;"Santa Adélia";0;1;4;25;"Não";25;"NÃO ALCANÇOU"
"SP";354570;"Santa Albertina";0;0;0;0;"Sim";0;"ALCANÇOU"
"SP";354580;"Santa Bárbara d'Oeste";15,5172413793103;11;87;12,6436781609195;"Sim";-2,9;"ALCANÇOU"
"SP";354600;"Santa Branca";0;0;5;0;"Sim";0;"ALCANÇOU"
"SP";354610;"Santa Clara d'Oeste";0;0;0;0;"Sim";0;"ALCANÇOU"
"SP";354620;"Santa Cruz da Conceição";0;0;0;0;"Sim";0;"ALCANÇOU"
"SP";354625;"Santa Cruz da Esperança";0;0;0;0;"Sim";0;"ALCANÇOU"
"SP";354630;"Santa Cruz das Palmeiras";0;3;10;30;"Não";30;"NÃO ALCANÇOU"
"SP";354640;"Santa Cruz do Rio Pardo";0;1;19;5,26315789473684;"Não";5,3;"NÃO ALCANÇOU"
"SP";354650;"Santa Ernestina";0;0;0;0;"Sim";0;"ALCANÇOU"
"SP";354660;"Santa Fé do Sul";0;1;4;25;"Não";25;"NÃO ALCANÇOU"
"SP";354670;"Santa Gertrudes";33,3333333333333;0;8;0;"Sim";-33,3;"ALCANÇOU"
"SP";354680;"Santa Isabel";6,66666666666667;2;12;16,6666666666667;"Não";10;"NÃO ALCANÇOU"
"SP";354690;"Santa Lúcia";0;0;0;0;"Sim";0;"ALCANÇOU"
"SP";354700;"Santa Maria da Serra";0;0;0;0;"Sim";0;"ALCANÇOU"
"SP";354710;"Santa Mercedes";0;0;1;0;"Sim";0;"ALCANÇOU"
"SP";354720;"Santana da Ponte Pensa";0;0;0;0;"Sim";0;"ALCANÇOU"
"SP";354730;"Santana de Parnaíba";35,8974358974359;10;56;17,8571428571429;"Sim";-18;"ALCANÇOU"
"SP";354740;"Santa Rita d'Oeste";0;0;0;0;"Sim";0;"ALCANÇOU"
"SP";354750;"Santa Rita do Passa Quatro";0;0;10;0;"Sim";0;"ALCANÇOU"
"SP";354760;"Santa Rosa de Viterbo";14,2857142857143;3;6;50;"Não";35,7;"NÃO ALCANÇOU"
"SP";354765;"Santa Salete";0;0;0;0;"Sim";0;"ALCANÇOU"
"SP";354770;"Santo Anastácio";0;1;5;20;"Não";20;"NÃO ALCANÇOU"
"SP";354780;"Santo André";31,1475409836066;46;222;20,7207207207207;"Sim";-10,4;"ALCANÇOU"
"SP";354790;"Santo Antônio da Alegria";0;0;4;0;"Sim";0;"ALCANÇOU"
"SP";354800;"Santo Antônio de Posse";0;0;1;0;"Sim";0;"ALCANÇOU"
"SP";354805;"Santo Antônio do Aracanguá";100;1;2;50;"Sim";-50;"ALCANÇOU"
"SP";354810;"Santo Antônio do Jardim";0;0;2;0;"Sim";0;"ALCANÇOU"
"SP";354820;"Santo Antônio do Pinhal";0;1;1;100;"Não";100;"NÃO ALCANÇOU"
"SP";354830;"Santo Expedito";0;1;0;0;"Sim";0;"ALCANÇOU"
"SP";354840;"Santópolis do Aguapeí";0;1;0;0;"Sim";0;"ALCANÇOU"
"SP";354850;"Santos";26,2032085561497;42;207;20,2898550724638;"Sim";-5,9;"ALCANÇOU"
"SP";354860;"São Bento do Sapucaí";0;0;1;0;"Sim";0;"ALCANÇOU"
"SP";354870;"São Bernardo do Campo";11,3636363636364;27;311;8,68167202572347;"Sim";-2,7;"ALCANÇOU"
"SP";354880;"São Caetano do Sul";40,9090909090909;5;25;20;"Sim";-20,9;"ALCANÇOU"
"SP";354890;"São Carlos";38,0434782608696;26;130;20;"Sim";-18;"ALCANÇOU"
"SP";354900;"São Francisco";0;0;0;0;"Sim";0;"ALCANÇOU"
"SP";354910;"São João da Boa Vista";4;1;17;5,88235294117647;"Não";1,9;"NÃO ALCANÇOU"
"SP";354920;"São João das Duas Pontes";0;0;0;0;"Sim";0;"ALCANÇOU"
"SP";354925;"São João de Iracema";0;0;1;0;"Sim";0;"ALCANÇOU"
"SP";354930;"São João do Pau d'Alho";0;0;0;0;"Sim";0;"ALCANÇOU"
"SP";354940;"São Joaquim da Barra";150;3;10;30;"Sim";-120;"ALCANÇOU"
"SP";354950;"São José da Bela Vista";0;0;0;0;"Sim";0;"ALCANÇOU"
"SP";354960;"São José do Barreiro";0;0;0;0;"Sim";0;"ALCANÇOU"
"SP";354970;"São José do Rio Pardo";0;2;15;13,3333333333333;"Não";13,3;"NÃO ALCANÇOU"
"SP";354980;"São José do Rio Preto";14,7208121827411;46;184;25;"Não";10,3;"NÃO ALCANÇOU"
"SP";354990;"São José dos Campos";34,5864661654135;125;402;31,0945273631841;"Sim";-3,5;"ALCANÇOU"
"SP";354995;"São Lourenço da Serra";50;0;5;0;"Sim";-50;"ALCANÇOU"
"SP";355000;"São Luís do Paraitinga";0;0;1;0;"Sim";0;"ALCANÇOU"
"SP";355010;"São Manuel";33,3333333333333;1;15;6,66666666666667;"Sim";-26,7;"ALCANÇOU"
"SP";355020;"São Miguel Arcanjo";0;4;3;133,333333333333;"Não";133,3;"NÃO ALCANÇOU"
"SP";355030;"São Paulo";11,600471883602;764;8411;9,08334324099394;"Sim";-2,5;"ALCANÇOU"
"SP";355040;"São Pedro";45,4545454545455;7;10;70;"Não";24,5;"NÃO ALCANÇOU"
"SP";355050;"São Pedro do Turvo";50;0;1;0;"Sim";-50;"ALCANÇOU"
"SP";355060;"São Roque";18,1818181818182;1;20;5;"Sim";-13,2;"ALCANÇOU"
"SP";355070;"São Sebastião";39,3939393939394;12;61;19,672131147541;"Sim";-19,7;"ALCANÇOU"
"SP";355080;"São Sebastião da Grama";0;0;1;0;"Sim";0;"ALCANÇOU"
"SP";355090;"São Simão";100;1;3;33,3333333333333;"Sim";-66,7;"ALCANÇOU"
"SP";355100;"São Vicente";20,7236842105263;61;281;21,7081850533808;"Não";1;"NÃO ALCANÇOU"
"SP";355110;"Sarapuí";0;1;1;100;"Não";100;"NÃO ALCANÇOU"
"SP";355120;"Sarutaiá";0;0;5;0;"Sim";0;"ALCANÇOU"
"SP";355130;"Sebastianópolis do Sul";0;0;0;0;"Sim";0;"ALCANÇOU"
"SP";355140;"Serra Azul";0;2;2;100;"Não";100;"NÃO ALCANÇOU"
"SP";355150;"Serrana";53,3333333333333;5;21;23,8095238095238;"Sim";-29,5;"ALCANÇOU"
"SP";355160;"Serra Negra";0;1;1;100;"Não";100;"NÃO ALCANÇOU"
"SP";355170;"Sertãozinho";22,8070175438596;6;37;16,2162162162162;"Sim";-6,6;"ALCANÇOU"
"SP";355180;"Sete Barras";0;0;3;0;"Sim";0;"ALCANÇOU"
"SP";355190;"Severínia";25;0;2;0;"Sim";-25;"ALCANÇOU"
"SP";355200;"Silveiras";0;0;0;0;"Sim";0;"ALCANÇOU"
"SP";355210;"Socorro";0;0;0;0;"Sim";0;"ALCANÇOU"
"SP";355220;"Sorocaba";0;37;389;9,51156812339332;"Não";9,5;"NÃO ALCANÇOU"
"SP";355230;"Sud Mennucci";0;2;2;100;"Não";100;"NÃO ALCANÇOU"
"SP";355240;"Sumaré";20,7317073170732;8;76;10,5263157894737;"Sim";-10,2;"ALCANÇOU"
"SP";355250;"Suzano";21,6666666666667;26;165;15,7575757575758;"Sim";-5,9;"ALCANÇOU"
"SP";355255;"Suzanápolis";0;0;2;0;"Sim";0;"ALCANÇOU"
"SP";355260;"Tabapuã";0;0;3;0;"Sim";0;"ALCANÇOU"
"SP";355270;"Tabatinga";0;0;0;0;"Sim";0;"ALCANÇOU"
"SP";355280;"Taboão da Serra";9,95024875621891;28;207;13,5265700483092;"Não";3,6;"NÃO ALCANÇOU"
"SP";355290;"Taciba";200;0;1;0;"Sim";-200;"ALCANÇOU"
"SP";355300;"Taguaí";50;0;4;0;"Sim";-50;"ALCANÇOU"
"SP";355310;"Taiaçu";0;0;0;0;"Sim";0;"ALCANÇOU"
"SP";355320;"Taiúva";0;0;0;0;"Sim";0;"ALCANÇOU"
"SP";355330;"Tambaú";0;1;11;9,09090909090909;"Não";9,1;"NÃO ALCANÇOU"
"SP";355340;"Tanabi";0;2;3;66,6666666666667;"Não";66,7;"NÃO ALCANÇOU"
"SP";355350;"Tapiraí";0;0;1;0;"Sim";0;"ALCANÇOU"
"SP";355360;"Tapiratiba";0;0;0;0;"Sim";0;"ALCANÇOU"
"SP";355365;"Taquaral";0;0;0;0;"Sim";0;"ALCANÇOU"
"SP";355370;"Taquaritinga";20;3;9;33,3333333333333;"Não";13,3;"NÃO ALCANÇOU"
"SP";355380;"Taquarituba";12,5;0;2;0;"Sim";-12,5;"ALCANÇOU"
"SP";355385;"Taquarivaí";0;0;1;0;"Sim";0;"ALCANÇOU"
"SP";355390;"Tarabai";66,6666666666667;2;5;40;"Sim";-26,7;"ALCANÇOU"
"SP";355395;"Tarumã";25;2;10;20;"Sim";-5;"ALCANÇOU"
"SP";355400;"Tatuí";16,2162162162162;9;46;19,5652173913043;"Não";3,3;"NÃO ALCANÇOU"
"SP";355410;"Taubaté";53,0434782608696;49;144;34,0277777777778;"Sim";-19;"ALCANÇOU"
"SP";355420;"Tejupá";0;0;2;0;"Sim";0;"ALCANÇOU"
"SP";355430;"Teodoro Sampaio";30,7692307692308;4;12;33,3333333333333;"Não";2,6;"NÃO ALCANÇOU"
"SP";355440;"Terra Roxa";0;0;2;0;"Sim";0;"ALCANÇOU"
"SP";355450;"Tietê";50;2;5;40;"Sim";-10;"ALCANÇOU"
"SP";355460;"Timburi";0;0;0;0;"Sim";0;"ALCANÇOU"
"SP";355465;"Torre de Pedra";0;0;0;0;"Sim";0;"ALCANÇOU"
"SP";355470;"Torrinha";0;0;1;0;"Sim";0;"ALCANÇOU"
"SP";355475;"Trabiju";0;0;1;0;"Sim";0;"ALCANÇOU"
"SP";355480;"Tremembé";100;2;16;12,5;"Sim";-87,5;"ALCANÇOU"
"SP";355490;"Três Fronteiras";0;0;0;0;"Sim";0;"ALCANÇOU"
"SP";355495;"Tuiuti";0;0;1;0;"Sim";0;"ALCANÇOU"
"SP";355500;"Tupã";27,2727272727273;3;24;12,5;"Sim";-14,8;"ALCANÇOU"
"SP";355510;"Tupi Paulista";0;0;2;0;"Sim";0;"ALCANÇOU"
"SP";355520;"Turiúba";0;0;0;0;"Sim";0;"ALCANÇOU"
"SP";355530;"Turmalina";0;0;1;0;"Sim";0;"ALCANÇOU"
"SP";355535;"Ubarana";0;1;1;100;"Não";100;"NÃO ALCANÇOU"
"SP";355540;"Ubatuba";16,0714285714286;3;55;5,45454545454545;"Sim";-10,6;"ALCANÇOU"
"SP";355550;"Ubirajara";0;1;1;100;"Não";100;"NÃO ALCANÇOU"
"SP";355560;"Uchoa";0;1;2;50;"Não";50;"NÃO ALCANÇOU"
"SP";355570;"União Paulista";0;0;0;0;"Sim";0;"ALCANÇOU"
"SP";355580;"Urânia";0;0;1;0;"Sim";0;"ALCANÇOU"
"SP";355590;"Uru";0;0;0;0;"Sim";0;"ALCANÇOU"
"SP";355600;"Urupês";50;1;2;50;"Não";0;"NÃO ALCANÇOU"
"SP";355610;"Valentim Gentil";0;1;5;20;"Não";20;"NÃO ALCANÇOU"
"SP";355620;"Valinhos";42,8571428571429;1;13;7,69230769230769;"Sim";-35,2;"ALCANÇOU"
"SP";355630;"Valparaíso";50;4;9;44,4444444444444;"Sim";-5,6;"ALCANÇOU"
"SP";355635;"Vargem";0;0;5;0;"Sim";0;"ALCANÇOU"
"SP";355640;"Vargem Grande do Sul";0;0;12;0;"Sim";0;"ALCANÇOU"
"SP";355645;"Vargem Grande Paulista";5,26315789473684;2;11;18,1818181818182;"Não";12,9;"NÃO ALCANÇOU"
"SP";355650;"Várzea Paulista";33,3333333333333;14;65;21,5384615384615;"Sim";-11,8;"ALCANÇOU"
"SP";355660;"Vera Cruz";0;0;6;0;"Sim";0;"ALCANÇOU"
"SP";355670;"Vinhedo";0;5;22;22,7272727272727;"Não";22,7;"NÃO ALCANÇOU"
"SP";355680;"Viradouro";16,6666666666667;1;5;20;"Não";3,3;"NÃO ALCANÇOU"
"SP";355690;"Vista Alegre do Alto";0;0;2;0;"Sim";0;"ALCANÇOU"
"SP";355695;"Vitória Brasil";0;1;0;0;"Sim";0;"ALCANÇOU"
"SP";355700;"Votorantim";12,5;5;39;12,8205128205128;"Não";0,3;"NÃO ALCANÇOU"
"SP";355710;"Votuporanga";16,6666666666667;3;30;10;"Sim";-6,7;"ALCANÇOU"
"SP";355715;"Zacarias";0;0;1;0;"Sim";0;"ALCANÇOU"
"SP";355720;"Chavantes";20;4;4;100;"Não";80;"NÃO ALCANÇOU"
"SP";355730;"Estiva Gerbi";0;1;2;50;"Não";50;"NÃO ALCANÇOU"
"PR";410010;"Abatiá";0;0;1;0;"Sim";0;"ALCANÇOU"
"PR";410020;"Adrianópolis";0;1;2;50;"Não";50;"NÃO ALCANÇOU"
"PR";410030;"Agudos do Sul";0;2;1;200;"Não";200;"NÃO ALCANÇOU"
"PR";410040;"Almirante Tamandaré";49,5238095238095;50;110;45,4545454545455;"Sim";-4,1;"ALCANÇOU"
"PR";410045;"Altamira do Paraná";0;0;0;0;"Sim";0;"ALCANÇOU"
"PR";410050;"Altônia";0;0;2;0;"Sim";0;"ALCANÇOU"
"PR";410060;"Alto Paraná";120;3;5;60;"Sim";-60;"ALCANÇOU"
"PR";410070;"Alto Piquiri";0;0;1;0;"Sim";0;"ALCANÇOU"
"PR";410080;"Alvorada do Sul";0;1;2;50;"Não";50;"NÃO ALCANÇOU"
"PR";410090;"Amaporã";0;0;0;0;"Sim";0;"ALCANÇOU"
"PR";410100;"Ampére";20;2;14;14,2857142857143;"Sim";-5,7;"ALCANÇOU"
"PR";410105;"Anahy";0;0;0;0;"Sim";0;"ALCANÇOU"
"PR";410110;"Andirá";0;1;4;25;"Não";25;"NÃO ALCANÇOU"
"PR";410115;"Ângulo";0;0;0;0;"Sim";0;"ALCANÇOU"
"PR";410120;"Antonina";0;4;6;66,6666666666667;"Não";66,7;"NÃO ALCANÇOU"
"PR";410130;"Antônio Olinto";0;0;0;0;"Sim";0;"ALCANÇOU"
"PR";410140;"Apucarana";8,33333333333333;4;36;11,1111111111111;"Não";2,8;"NÃO ALCANÇOU"
"PR";410150;"Arapongas";25;6;25;24;"Sim";-1;"ALCANÇOU"
"PR";410160;"Arapoti";0;3;10;30;"Não";30;"NÃO ALCANÇOU"
"PR";410165;"Arapuã";0;0;0;0;"Sim";0;"ALCANÇOU"
"PR";410170;"Araruna";0;1;2;50;"Não";50;"NÃO ALCANÇOU"
"PR";410180;"Araucária";23,943661971831;24;90;26,6666666666667;"Não";2,7;"NÃO ALCANÇOU"
"PR";410185;"Ariranha do Ivaí";0;0;0;0;"Sim";0;"ALCANÇOU"
"PR";410190;"Assaí";33,3333333333333;3;6;50;"Não";16,7;"NÃO ALCANÇOU"
"PR";410200;"Assis Chateaubriand";0;0;12;0;"Sim";0;"ALCANÇOU"
"PR";410210;"Astorga";0;2;4;50;"Não";50;"NÃO ALCANÇOU"
"PR";410220;"Atalaia";0;0;0;0;"Sim";0;"ALCANÇOU"
"PR";410230;"Balsa Nova";0;2;2;100;"Não";100;"NÃO ALCANÇOU"
"PR";410240;"Bandeirantes";6,66666666666667;4;14;28,5714285714286;"Não";21,9;"NÃO ALCANÇOU"
"PR";410250;"Barbosa Ferraz";0;0;3;0;"Sim";0;"ALCANÇOU"
"PR";410260;"Barracão";0;1;4;25;"Não";25;"NÃO ALCANÇOU"
"PR";410270;"Barra do Jacaré";0;0;0;0;"Sim";0;"ALCANÇOU"
"PR";410275;"Bela Vista da Caroba";0;0;0;0;"Sim";0;"ALCANÇOU"
"PR";410280;"Bela Vista do Paraíso";50;1;5;20;"Sim";-30;"ALCANÇOU"
"PR";410290;"Bituruna";16,6666666666667;0;5;0;"Sim";-16,7;"ALCANÇOU"
"PR";410300;"Boa Esperança";0;0;2;0;"Sim";0;"ALCANÇOU"
"PR";410302;"Boa Esperança do Iguaçu";0;0;1;0;"Sim";0;"ALCANÇOU"
"PR";410304;"Boa Ventura de São Roque";0;0;0;0;"Sim";0;"ALCANÇOU"
"PR";410305;"Boa Vista da Aparecida";33,3333333333333;0;7;0;"Sim";-33,3;"ALCANÇOU"
"PR";410310;"Bocaiúva do Sul";33,3333333333333;1;6;16,6666666666667;"Sim";-16,7;"ALCANÇOU"
"PR";410315;"Bom Jesus do Sul";0;0;0;0;"Sim";0;"ALCANÇOU"
"PR";410320;"Bom Sucesso";0;0;0;0;"Sim";0;"ALCANÇOU"
"PR";410322;"Bom Sucesso do Sul";0;1;0;0;"Sim";0;"ALCANÇOU"
"PR";410330;"Borrazópolis";0;0;0;0;"Sim";0;"ALCANÇOU"
"PR";410335;"Braganey";0;0;1;0;"Sim";0;"ALCANÇOU"
"PR";410337;"Brasilândia do Sul";0;0;0;0;"Sim";0;"ALCANÇOU"
"PR";410340;"Cafeara";0;0;0;0;"Sim";0;"ALCANÇOU"
"PR";410345;"Cafelândia";66,6666666666667;0;10;0;"Sim";-66,7;"ALCANÇOU"
"PR";410347;"Cafezal do Sul";0;0;0;0;"Sim";0;"ALCANÇOU"
"PR";410350;"Califórnia";0;0;2;0;"Sim";0;"ALCANÇOU"
"PR";410360;"Cambará";66,6666666666667;3;2;150;"Não";83,3;"NÃO ALCANÇOU"
"PR";410370;"Cambé";29,0909090909091;26;50;52;"Não";22,9;"NÃO ALCANÇOU"
"PR";410380;"Cambira";0;0;1;0;"Sim";0;"ALCANÇOU"
"PR";410390;"Campina da Lagoa";66,6666666666667;0;3;0;"Sim";-66,7;"ALCANÇOU"
"PR";410395;"Campina do Simão";16,6666666666667;0;3;0;"Sim";-16,7;"ALCANÇOU"
"PR";410400;"Campina Grande do Sul";30,7692307692308;5;17;29,4117647058824;"Sim";-1,4;"ALCANÇOU"
"PR";410405;"Campo Bonito";0;1;2;50;"Não";50;"NÃO ALCANÇOU"
"PR";410410;"Campo do Tenente";0;2;0;0;"Sim";0;"ALCANÇOU"
"PR";410420;"Campo Largo";54,2857142857143;14;25;56;"Não";1,7;"NÃO ALCANÇOU"
"PR";410425;"Campo Magro";80;7;8;87,5;"Não";7,5;"NÃO ALCANÇOU"
"PR";410430;"Campo Mourão";30,7692307692308;1;21;4,76190476190476;"Sim";-26;"ALCANÇOU"
"PR";410440;"Cândido de Abreu";0;1;2;50;"Não";50;"NÃO ALCANÇOU"
"PR";410442;"Candói";0;0;5;0;"Sim";0;"ALCANÇOU"
"PR";410445;"Cantagalo";0;2;5;40;"Não";40;"NÃO ALCANÇOU"
"PR";410450;"Capanema";0;2;0;0;"Sim";0;"ALCANÇOU"
"PR";410460;"Capitão Leônidas Marques";20;2;12;16,6666666666667;"Sim";-3,3;"ALCANÇOU"
"PR";410465;"Carambeí";5;0;12;0;"Sim";-5;"ALCANÇOU"
"PR";410470;"Carlópolis";0;2;3;66,6666666666667;"Não";66,7;"NÃO ALCANÇOU"
"PR";410480;"Cascavel";11,2299465240642;20;178;11,2359550561798;"Não";0;"NÃO ALCANÇOU"
"PR";410490;"Castro";25,4545454545455;6;68;8,82352941176471;"Sim";-16,6;"ALCANÇOU"
"PR";410500;"Catanduvas";33,3333333333333;0;3;0;"Sim";-33,3;"ALCANÇOU"
"PR";410510;"Centenário do Sul";0;0;0;0;"Sim";0;"ALCANÇOU"
"PR";410520;"Cerro Azul";200;3;5;60;"Sim";-140;"ALCANÇOU"
"PR";410530;"Céu Azul";0;0;1;0;"Sim";0;"ALCANÇOU"
"PR";410540;"Chopinzinho";0;2;13;15,3846153846154;"Não";15,4;"NÃO ALCANÇOU"
"PR";410550;"Cianorte";2,5;0;22;0;"Sim";-2,5;"ALCANÇOU"
"PR";410560;"Cidade Gaúcha";0;0;0;0;"Sim";0;"ALCANÇOU"
"PR";410570;"Clevelândia";0;1;6;16,6666666666667;"Não";16,7;"NÃO ALCANÇOU"
"PR";410580;"Colombo";34,9056603773585;7;94;7,4468085106383;"Sim";-27,5;"ALCANÇOU"
"PR";410590;"Colorado";0;0;2;0;"Sim";0;"ALCANÇOU"
"PR";410600;"Congonhinhas";0;0;0;0;"Sim";0;"ALCANÇOU"
"PR";410610;"Conselheiro Mairinck";0;0;0;0;"Sim";0;"ALCANÇOU"
"PR";410620;"Contenda";33,3333333333333;1;1;100;"Não";66,7;"NÃO ALCANÇOU"
"PR";410630;"Corbélia";0;1;3;33,3333333333333;"Não";33,3;"NÃO ALCANÇOU"
"PR";410640;"Cornélio Procópio";0;0;9;0;"Sim";0;"ALCANÇOU"
"PR";410645;"Coronel Domingos Soares";0;0;3;0;"Sim";0;"ALCANÇOU"
"PR";410650;"Coronel Vivida";10;4;14;28,5714285714286;"Não";18,6;"NÃO ALCANÇOU"
"PR";410655;"Corumbataí do Sul";0;0;0;0;"Sim";0;"ALCANÇOU"
"PR";410657;"Cruzeiro do Iguaçu";0;0;0;0;"Sim";0;"ALCANÇOU"
"PR";410660;"Cruzeiro do Oeste";0;0;2;0;"Sim";0;"ALCANÇOU"
"PR";410670;"Cruzeiro do Sul";0;1;1;100;"Não";100;"NÃO ALCANÇOU"
"PR";410680;"Cruz Machado";0;0;2;0;"Sim";0;"ALCANÇOU"
"PR";410685;"Cruzmaltina";0;0;1;0;"Sim";0;"ALCANÇOU"
"PR";410690;"Curitiba";14,9847094801223;102;689;14,8040638606676;"Não";-0,18;"NÃO ALCANÇOU"
"PR";410700;"Curiúva";14,2857142857143;1;7;14,2857142857143;"Não";0;"NÃO ALCANÇOU"
"PR";410710;"Diamante do Norte";0;0;0;0;"Sim";0;"ALCANÇOU"
"PR";410712;"Diamante do Sul";0;0;0;0;"Sim";0;"ALCANÇOU"
"PR";410715;"Diamante D'Oeste";0;0;0;0;"Sim";0;"ALCANÇOU"
"PR";410720;"Dois Vizinhos";0;0;13;0;"Sim";0;"ALCANÇOU"
"PR";410725;"Douradina";0;0;2;0;"Sim";0;"ALCANÇOU"
"PR";410730;"Doutor Camargo";0;0;0;0;"Sim";0;"ALCANÇOU"
"PR";410740;"Enéas Marques";0;0;0;0;"Sim";0;"ALCANÇOU"
"PR";410750;"Engenheiro Beltrão";0;0;2;0;"Sim";0;"ALCANÇOU"
"PR";410752;"Esperança Nova";0;0;0;0;"Sim";0;"ALCANÇOU"
"PR";410753;"Entre Rios do Oeste";0;0;0;0;"Sim";0;"ALCANÇOU"
"PR";410754;"Espigão Alto do Iguaçu";0;0;5;0;"Sim";0;"ALCANÇOU"
"PR";410755;"Farol";0;0;0;0;"Sim";0;"ALCANÇOU"
"PR";410760;"Faxinal";0;2;1;200;"Não";200;"NÃO ALCANÇOU"
"PR";410765;"Fazenda Rio Grande";33,3333333333333;13;36;36,1111111111111;"Não";2,8;"NÃO ALCANÇOU"
"PR";410770;"Fênix";0;0;0;0;"Sim";0;"ALCANÇOU"
"PR";410773;"Fernandes Pinheiro";0;1;0;0;"Sim";0;"ALCANÇOU"
"PR";410775;"Figueira";0;0;1;0;"Sim";0;"ALCANÇOU"
"PR";410780;"Floraí";0;0;1;0;"Sim";0;"ALCANÇOU"
"PR";410785;"Flor da Serra do Sul";0;1;0;0;"Sim";0;"ALCANÇOU"
"PR";410790;"Floresta";114,285714285714;2;8;25;"Sim";-89,3;"ALCANÇOU"
"PR";410800;"Florestópolis";0;3;2;150;"Não";150;"NÃO ALCANÇOU"
"PR";410810;"Flórida";0;0;0;0;"Sim";0;"ALCANÇOU"
"PR";410820;"Formosa do Oeste";0;0;0;0;"Sim";0;"ALCANÇOU"
"PR";410830;"Foz do Iguaçu";33,8582677165354;75;250;30;"Sim";-3,9;"ALCANÇOU"
"PR";410832;"Francisco Alves";0;0;1;0;"Sim";0;"ALCANÇOU"
"PR";410840;"Francisco Beltrão";32,258064516129;5;38;13,1578947368421;"Sim";-19,1;"ALCANÇOU"
"PR";410845;"Foz do Jordão";0;0;2;0;"Sim";0;"ALCANÇOU"
"PR";410850;"General Carneiro";0;0;0;0;"Sim";0;"ALCANÇOU"
"PR";410855;"Godoy Moreira";0;0;0;0;"Sim";0;"ALCANÇOU"
"PR";410860;"Goioerê";0;0;3;0;"Sim";0;"ALCANÇOU"
"PR";410865;"Goioxim";0;0;0;0;"Sim";0;"ALCANÇOU"
"PR";410870;"Grandes Rios";0;0;1;0;"Sim";0;"ALCANÇOU"
"PR";410880;"Guaíra";7,14285714285714;1;10;10;"Não";2,9;"NÃO ALCANÇOU"
"PR";410890;"Guairaçá";66,6666666666667;0;1;0;"Sim";-66,7;"ALCANÇOU"
"PR";410895;"Guamiranga";0;0;1;0;"Sim";0;"ALCANÇOU"
"PR";410900;"Guapirama";0;0;0;0;"Sim";0;"ALCANÇOU"
"PR";410910;"Guaporema";0;0;0;0;"Sim";0;"ALCANÇOU"
"PR";410920;"Guaraci";0;0;0;0;"Sim";0;"ALCANÇOU"
"PR";410930;"Guaraniaçu";0;0;2;0;"Sim";0;"ALCANÇOU"
"PR";410940;"Guarapuava";2,60869565217391;6;105;5,71428571428571;"Não";3,1;"NÃO ALCANÇOU"
"PR";410950;"Guaraqueçaba";50;2;4;50;"Não";0;"NÃO ALCANÇOU"
"PR";410960;"Guaratuba";21,4285714285714;6;18;33,3333333333333;"Não";11,9;"NÃO ALCANÇOU"
"PR";410965;"Honório Serpa";0;1;6;16,6666666666667;"Não";16,7;"NÃO ALCANÇOU"
"PR";410970;"Ibaiti";100;2;10;20;"Sim";-80;"ALCANÇOU"
"PR";410975;"Ibema";0;0;2;0;"Sim";0;"ALCANÇOU"
"PR";410980;"Ibiporã";31,4285714285714;11;29;37,9310344827586;"Não";6,5;"NÃO ALCANÇOU"
"PR";410990;"Icaraíma";0;0;2;0;"Sim";0;"ALCANÇOU"
"PR";411000;"Iguaraçu";0;0;2;0;"Sim";0;"ALCANÇOU"
"PR";411005;"Iguatu";0;0;0;0;"Sim";0;"ALCANÇOU"
"PR";411007;"Imbaú";0;2;2;100;"Não";100;"NÃO ALCANÇOU"
"PR";411010;"Imbituva";7,69230769230769;6;17;35,2941176470588;"Não";27,6;"NÃO ALCANÇOU"
"PR";411020;"Inácio Martins";0;0;1;0;"Sim";0;"ALCANÇOU"
"PR";411030;"Inajá";0;0;0;0;"Sim";0;"ALCANÇOU"
"PR";411040;"Indianópolis";0;0;0;0;"Sim";0;"ALCANÇOU"
"PR";411050;"Ipiranga";100;1;4;25;"Sim";-75;"ALCANÇOU"
"PR";411060;"Iporã";25;0;3;0;"Sim";-25;"ALCANÇOU"
"PR";411065;"Iracema do Oeste";0;0;1;0;"Sim";0;"ALCANÇOU"
"PR";411070;"Irati";4,16666666666667;3;26;11,5384615384615;"Não";7,4;"NÃO ALCANÇOU"
"PR";411080;"Iretama";0;0;1;0;"Sim";0;"ALCANÇOU"
"PR";411090;"Itaguajé";0;1;2;50;"Não";50;"NÃO ALCANÇOU"
"PR";411095;"Itaipulândia";0;0;5;0;"Sim";0;"ALCANÇOU"
"PR";411100;"Itambaracá";200;0;4;0;"Sim";-200;"ALCANÇOU"
"PR";411110;"Itambé";0;0;0;0;"Sim";0;"ALCANÇOU"
"PR";411120;"Itapejara d'Oeste";22,2222222222222;1;7;14,2857142857143;"Sim";-7,9;"ALCANÇOU"
"PR";411125;"Itaperuçu";26,0869565217391;10;28;35,7142857142857;"Não";9,6;"NÃO ALCANÇOU"
"PR";411130;"Itaúna do Sul";0;0;0;0;"Sim";0;"ALCANÇOU"
"PR";411140;"Ivaí";22,2222222222222;4;12;33,3333333333333;"Não";11,1;"NÃO ALCANÇOU"
"PR";411150;"Ivaiporã";14,2857142857143;1;7;14,2857142857143;"Não";0;"NÃO ALCANÇOU"
"PR";411155;"Ivaté";0;0;0;0;"Sim";0;"ALCANÇOU"
"PR";411160;"Ivatuba";0;0;0;0;"Sim";0;"ALCANÇOU"
"PR";411170;"Jaboti";0;0;0;0;"Sim";0;"ALCANÇOU"
"PR";411180;"Jacarezinho";8,33333333333333;1;7;14,2857142857143;"Não";6;"NÃO ALCANÇOU"
"PR";411190;"Jaguapitã";33,3333333333333;3;5;60;"Não";26,7;"NÃO ALCANÇOU"
"PR";411200;"Jaguariaíva";30;1;11;9,09090909090909;"Sim";-20,9;"ALCANÇOU"
"PR";411210;"Jandaia do Sul";71,4285714285714;2;6;33,3333333333333;"Sim";-38,1;"ALCANÇOU"
"PR";411220;"Janiópolis";0;0;2;0;"Sim";0;"ALCANÇOU"
"PR";411230;"Japira";0;0;0;0;"Sim";0;"ALCANÇOU"
"PR";411240;"Japurá";0;0;0;0;"Sim";0;"ALCANÇOU"
"PR";411250;"Jardim Alegre";0;0;1;0;"Sim";0;"ALCANÇOU"
"PR";411260;"Jardim Olinda";0;0;0;0;"Sim";0;"ALCANÇOU"
"PR";411270;"Jataizinho";0;3;3;100;"Não";100;"NÃO ALCANÇOU"
"PR";411275;"Jesuítas";0;0;1;0;"Sim";0;"ALCANÇOU"
"PR";411280;"Joaquim Távora";0;0;0;0;"Sim";0;"ALCANÇOU"
"PR";411290;"Jundiaí do Sul";0;1;0;0;"Sim";0;"ALCANÇOU"
"PR";411295;"Juranda";0;0;0;0;"Sim";0;"ALCANÇOU"
"PR";411300;"Jussara";0;0;0;0;"Sim";0;"ALCANÇOU"
"PR";411310;"Kaloré";0;0;0;0;"Sim";0;"ALCANÇOU"
"PR";411320;"Lapa";22,2222222222222;3;9;33,3333333333333;"Não";11,1;"NÃO ALCANÇOU"
"PR";411325;"Laranjal";0;0;3;0;"Sim";0;"ALCANÇOU"
"PR";411330;"Laranjeiras do Sul";3,125;0;22;0;"Sim";-3,1;"ALCANÇOU"
"PR";411340;"Leópolis";0;0;1;0;"Sim";0;"ALCANÇOU"
"PR";411342;"Lidianópolis";0;0;0;0;"Sim";0;"ALCANÇOU"
"PR";411345;"Lindoeste";0;0;1;0;"Sim";0;"ALCANÇOU"
"PR";411350;"Loanda";33,3333333333333;1;8;12,5;"Sim";-20,8;"ALCANÇOU"
"PR";411360;"Lobato";0;0;0;0;"Sim";0;"ALCANÇOU"
"PR";411370;"Londrina";25,1282051282051;57;171;33,3333333333333;"Não";8,2;"NÃO ALCANÇOU"
"PR";411373;"Luiziana";0;1;0;0;"Sim";0;"ALCANÇOU"
"PR";411375;"Lunardelli";0;0;0;0;"Sim";0;"ALCANÇOU"
"PR";411380;"Lupionópolis";0;1;1;100;"Não";100;"NÃO ALCANÇOU"
"PR";411390;"Mallet";0;0;3;0;"Sim";0;"ALCANÇOU"
"PR";411400;"Mamborê";0;0;0;0;"Sim";0;"ALCANÇOU"
"PR";411410;"Mandaguaçu";25;8;12;66,6666666666667;"Não";41,7;"NÃO ALCANÇOU"
"PR";411420;"Mandaguari";27,2727272727273;2;14;14,2857142857143;"Sim";-13;"ALCANÇOU"
"PR";411430;"Mandirituba";77,7777777777778;4;6;66,6666666666667;"Sim";-11,1;"ALCANÇOU"
"PR";411435;"Manfrinópolis";0;0;0;0;"Sim";0;"ALCANÇOU"
"PR";411440;"Mangueirinha";6,25;1;8;12,5;"Não";6,2;"NÃO ALCANÇOU"
"PR";411450;"Manoel Ribas";0;0;1;0;"Sim";0;"ALCANÇOU"
"PR";411460;"Marechal Cândido Rondon";0;0;25;0;"Sim";0;"ALCANÇOU"
"PR";411470;"Maria Helena";0;0;0;0;"Sim";0;"ALCANÇOU"
"PR";411480;"Marialva";11,1111111111111;4;10;40;"Não";28,9;"NÃO ALCANÇOU"
"PR";411490;"Marilândia do Sul";0;0;0;0;"Sim";0;"ALCANÇOU"
"PR";411500;"Marilena";0;3;4;75;"Não";75;"NÃO ALCANÇOU"
"PR";411510;"Mariluz";0;0;1;0;"Sim";0;"ALCANÇOU"
"PR";411520;"Maringá";28,0487804878049;21;52;40,3846153846154;"Não";12,3;"NÃO ALCANÇOU"
"PR";411530;"Mariópolis";0;1;2;50;"Não";50;"NÃO ALCANÇOU"
"PR";411535;"Maripá";0;0;2;0;"Sim";0;"ALCANÇOU"
"PR";411540;"Marmeleiro";12,5;1;2;50;"Não";37,5;"NÃO ALCANÇOU"
"PR";411545;"Marquinho";0;0;0;0;"Sim";0;"ALCANÇOU"
"PR";411550;"Marumbi";0;1;1;100;"Não";100;"NÃO ALCANÇOU"
"PR";411560;"Matelândia";33,3333333333333;0;5;0;"Sim";-33,3;"ALCANÇOU"
"PR";411570;"Matinhos";160;2;8;25;"Sim";-135;"ALCANÇOU"
"PR";411573;"Mato Rico";0;0;1;0;"Sim";0;"ALCANÇOU"
"PR";411575;"Mauá da Serra";0;0;1;0;"Sim";0;"ALCANÇOU"
"PR";411580;"Medianeira";4,76190476190476;3;21;14,2857142857143;"Não";9,5;"NÃO ALCANÇOU"
"PR";411585;"Mercedes";0;0;1;0;"Sim";0;"ALCANÇOU"
"PR";411590;"Mirador";0;1;1;100;"Não";100;"NÃO ALCANÇOU"
"PR";411600;"Miraselva";0;0;0;0;"Sim";0;"ALCANÇOU"
"PR";411605;"Missal";0;0;7;0;"Sim";0;"ALCANÇOU"
"PR";411610;"Moreira Sales";0;0;1;0;"Sim";0;"ALCANÇOU"
"PR";411620;"Morretes";200;5;3;166,666666666667;"Sim";-33,3;"ALCANÇOU"
"PR";411630;"Munhoz de Melo";0;0;0;0;"Sim";0;"ALCANÇOU"
"PR";411640;"Nossa Senhora das Graças";0;0;1;0;"Sim";0;"ALCANÇOU"
"PR";411650;"Nova Aliança do Ivaí";0;0;0;0;"Sim";0;"ALCANÇOU"
"PR";411660;"Nova América da Colina";0;0;0;0;"Sim";0;"ALCANÇOU"
"PR";411670;"Nova Aurora";0;0;8;0;"Sim";0;"ALCANÇOU"
"PR";411680;"Nova Cantu";0;0;0;0;"Sim";0;"ALCANÇOU"
"PR";411690;"Nova Esperança";75;4;11;36,3636363636364;"Sim";-38,6;"ALCANÇOU"
"PR";411695;"Nova Esperança do Sudoeste";0;0;0;0;"Sim";0;"ALCANÇOU"
"PR";411700;"Nova Fátima";0;0;1;0;"Sim";0;"ALCANÇOU"
"PR";411705;"Nova Laranjeiras";0;0;2;0;"Sim";0;"ALCANÇOU"
"PR";411710;"Nova Londrina";100;2;1;200;"Não";100;"NÃO ALCANÇOU"
"PR";411720;"Nova Olímpia";0;0;0;0;"Sim";0;"ALCANÇOU"
"PR";411721;"Nova Santa Bárbara";0;1;1;100;"Não";100;"NÃO ALCANÇOU"
"PR";411722;"Nova Santa Rosa";0;0;2;0;"Sim";0;"ALCANÇOU"
"PR";411725;"Nova Prata do Iguaçu";0;0;2;0;"Sim";0;"ALCANÇOU"
"PR";411727;"Nova Tebas";0;1;2;50;"Não";50;"NÃO ALCANÇOU"
"PR";411729;"Novo Itacolomi";50;1;1;100;"Não";50;"NÃO ALCANÇOU"
"PR";411730;"Ortigueira";300;1;4;25;"Sim";-275;"ALCANÇOU"
"PR";411740;"Ourizona";0;0;0;0;"Sim";0;"ALCANÇOU"
"PR";411745;"Ouro Verde do Oeste";33,3333333333333;0;2;0;"Sim";-33,3;"ALCANÇOU"
"PR";411750;"Paiçandu";141,176470588235;11;9;122,222222222222;"Sim";-19;"ALCANÇOU"
"PR";411760;"Palmas";6,89655172413793;9;44;20,4545454545455;"Não";13,6;"NÃO ALCANÇOU"
"PR";411770;"Palmeira";15,3846153846154;0;4;0;"Sim";-15,4;"ALCANÇOU"
"PR";411780;"Palmital";0;0;1;0;"Sim";0;"ALCANÇOU"
"PR";411790;"Palotina";0;0;18;0;"Sim";0;"ALCANÇOU"
"PR";411800;"Paraíso do Norte";57,1428571428571;0;9;0;"Sim";-57,1;"ALCANÇOU"
"PR";411810;"Paranacity";0;1;3;33,3333333333333;"Não";33,3;"NÃO ALCANÇOU"
"PR";411820;"Paranaguá";75,8620689655172;79;134;58,955223880597;"Sim";-16,9;"ALCANÇOU"
"PR";411830;"Paranapoema";0;0;0;0;"Sim";0;"ALCANÇOU"
"PR";411840;"Paranavaí";54,1666666666667;7;26;26,9230769230769;"Sim";-27,2;"ALCANÇOU"
"PR";411845;"Pato Bragado";0;0;1;0;"Sim";0;"ALCANÇOU"
"PR";411850;"Pato Branco";18,4615384615385;35;74;47,2972972972973;"Não";28,8;"NÃO ALCANÇOU"
"PR";411860;"Paula Freitas";0;0;0;0;"Sim";0;"ALCANÇOU"
"PR";411870;"Paulo Frontin";0;0;1;0;"Sim";0;"ALCANÇOU"
"PR";411880;"Peabiru";0;1;5;20;"Não";20;"NÃO ALCANÇOU"
"PR";411885;"Perobal";0;0;1;0;"Sim";0;"ALCANÇOU"
"PR";411890;"Pérola";0;0;1;0;"Sim";0;"ALCANÇOU"
"PR";411900;"Pérola d'Oeste";0;1;2;50;"Não";50;"NÃO ALCANÇOU"
"PR";411910;"Piên";12,5;1;4;25;"Não";12,5;"NÃO ALCANÇOU"
"PR";411915;"Pinhais";13,7931034482759;9;55;16,3636363636364;"Não";2,6;"NÃO ALCANÇOU"
"PR";411920;"Pinhalão";0;0;0;0;"Sim";0;"ALCANÇOU"
"PR";411925;"Pinhal de São Bento";0;0;1;0;"Sim";0;"ALCANÇOU"
"PR";411930;"Pinhão";0;1;28;3,57142857142857;"Não";3,6;"NÃO ALCANÇOU"
"PR";411940;"Piraí do Sul";0;7;16;43,75;"Não";43,8;"NÃO ALCANÇOU"
"PR";411950;"Piraquara";8,75;12;90;13,3333333333333;"Não";4,6;"NÃO ALCANÇOU"
"PR";411960;"Pitanga";0;0;4;0;"Sim";0;"ALCANÇOU"
"PR";411965;"Pitangueiras";0;0;1;0;"Sim";0;"ALCANÇOU"
"PR";411970;"Planaltina do Paraná";0;0;0;0;"Sim";0;"ALCANÇOU"
"PR";411980;"Planalto";0;0;0;0;"Sim";0;"ALCANÇOU"
"PR";411990;"Ponta Grossa";29,1891891891892;35;198;17,6767676767677;"Sim";-11,5;"ALCANÇOU"
"PR";411995;"Pontal do Paraná";62,5;7;11;63,6363636363636;"Não";1,1;"NÃO ALCANÇOU"
"PR";412000;"Porecatu";25;0;1;0;"Sim";-25;"ALCANÇOU"
"PR";412010;"Porto Amazonas";0;0;2;0;"Sim";0;"ALCANÇOU"
"PR";412015;"Porto Barreiro";0;0;2;0;"Sim";0;"ALCANÇOU"
"PR";412020;"Porto Rico";0;0;2;0;"Sim";0;"ALCANÇOU"
"PR";412030;"Porto Vitória";0;0;0;0;"Sim";0;"ALCANÇOU"
"PR";412033;"Prado Ferreira";0;0;0;0;"Sim";0;"ALCANÇOU"
"PR";412035;"Pranchita";0;0;1;0;"Sim";0;"ALCANÇOU"
"PR";412040;"Presidente Castelo Branco";0;0;2;0;"Sim";0;"ALCANÇOU"
"PR";412050;"Primeiro de Maio";0;0;2;0;"Sim";0;"ALCANÇOU"
"PR";412060;"Prudentópolis";25;2;17;11,7647058823529;"Sim";-13,2;"ALCANÇOU"
"PR";412065;"Quarto Centenário";0;0;2;0;"Sim";0;"ALCANÇOU"
"PR";412070;"Quatiguá";0;1;2;50;"Não";50;"NÃO ALCANÇOU"
"PR";412080;"Quatro Barras";57,1428571428571;1;4;25;"Sim";-32,1;"ALCANÇOU"
"PR";412085;"Quatro Pontes";0;0;1;0;"Sim";0;"ALCANÇOU"
"PR";412090;"Quedas do Iguaçu";3,57142857142857;0;10;0;"Sim";-3,6;"ALCANÇOU"
"PR";412100;"Querência do Norte";0;1;5;20;"Não";20;"NÃO ALCANÇOU"
"PR";412110;"Quinta do Sol";0;0;4;0;"Sim";0;"ALCANÇOU"
"PR";412120;"Quitandinha";100;3;6;50;"Sim";-50;"ALCANÇOU"
"PR";412125;"Ramilândia";0;0;0;0;"Sim";0;"ALCANÇOU"
"PR";412130;"Rancho Alegre";0;0;1;0;"Sim";0;"ALCANÇOU"
"PR";412135;"Rancho Alegre D'Oeste";0;0;1;0;"Sim";0;"ALCANÇOU"
"PR";412140;"Realeza";3,84615384615385;0;12;0;"Sim";-3,8;"ALCANÇOU"
"PR";412150;"Rebouças";0;0;2;0;"Sim";0;"ALCANÇOU"
"PR";412160;"Renascença";0;0;0;0;"Sim";0;"ALCANÇOU"
"PR";412170;"Reserva";9,09090909090909;0;8;0;"Sim";-9,1;"ALCANÇOU"
"PR";412175;"Reserva do Iguaçu";100;0;5;0;"Sim";-100;"ALCANÇOU"
"PR";412180;"Ribeirão Claro";0;2;4;50;"Não";50;"NÃO ALCANÇOU"
"PR";412190;"Ribeirão do Pinhal";0;0;1;0;"Sim";0;"ALCANÇOU"
"PR";412200;"Rio Azul";0;1;3;33,3333333333333;"Não";33,3;"NÃO ALCANÇOU"
"PR";412210;"Rio Bom";0;0;0;0;"Sim";0;"ALCANÇOU"
"PR";412215;"Rio Bonito do Iguaçu";0;0;3;0;"Sim";0;"ALCANÇOU"
"PR";412217;"Rio Branco do Ivaí";0;1;1;100;"Não";100;"NÃO ALCANÇOU"
"PR";412220;"Rio Branco do Sul";43,75;9;22;40,9090909090909;"Sim";-2,8;"ALCANÇOU"
"PR";412230;"Rio Negro";62,5;0;6;0;"Sim";-62,5;"ALCANÇOU"
"PR";412240;"Rolândia";3,03030303030303;7;42;16,6666666666667;"Não";13,6;"NÃO ALCANÇOU"
"PR";412250;"Roncador";0;0;2;0;"Sim";0;"ALCANÇOU"
"PR";412260;"Rondon";0;0;0;0;"Sim";0;"ALCANÇOU"
"PR";412265;"Rosário do Ivaí";0;1;1;100;"Não";100;"NÃO ALCANÇOU"
"PR";412270;"Sabáudia";0;0;0;0;"Sim";0;"ALCANÇOU"
"PR";412280;"Salgado Filho";0;0;1;0;"Sim";0;"ALCANÇOU"
"PR";412290;"Salto do Itararé";0;0;0;0;"Sim";0;"ALCANÇOU"
"PR";412300;"Salto do Lontra";0;0;3;0;"Sim";0;"ALCANÇOU"
"PR";412310;"Santa Amélia";0;0;0;0;"Sim";0;"ALCANÇOU"
"PR";412320;"Santa Cecília do Pavão";0;0;0;0;"Sim";0;"ALCANÇOU"
"PR";412330;"Santa Cruz de Monte Castelo";0;1;2;50;"Não";50;"NÃO ALCANÇOU"
"PR";412340;"Santa Fé";0;2;0;0;"Sim";0;"ALCANÇOU"
"PR";412350;"Santa Helena";0;0;13;0;"Sim";0;"ALCANÇOU"
"PR";412360;"Santa Inês";0;1;0;0;"Sim";0;"ALCANÇOU"
"PR";412370;"Santa Isabel do Ivaí";0;0;0;0;"Sim";0;"ALCANÇOU"
"PR";412380;"Santa Izabel do Oeste";0;0;4;0;"Sim";0;"ALCANÇOU"
"PR";412382;"Santa Lúcia";0;0;2;0;"Sim";0;"ALCANÇOU"
"PR";412385;"Santa Maria do Oeste";0;0;3;0;"Sim";0;"ALCANÇOU"
"PR";412390;"Santa Mariana";0;1;4;25;"Não";25;"NÃO ALCANÇOU"
"PR";412395;"Santa Mônica";0;0;1;0;"Sim";0;"ALCANÇOU"
"PR";412400;"Santana do Itararé";0;0;0;0;"Sim";0;"ALCANÇOU"
"PR";412402;"Santa Tereza do Oeste";0;1;14;7,14285714285714;"Não";7,1;"NÃO ALCANÇOU"
"PR";412405;"Santa Terezinha de Itaipu";50;0;9;0;"Sim";-50;"ALCANÇOU"
"PR";412410;"Santo Antônio da Platina";100;4;4;100;"Não";0;"NÃO ALCANÇOU"
"PR";412420;"Santo Antônio do Caiuá";0;0;0;0;"Sim";0;"ALCANÇOU"
"PR";412430;"Santo Antônio do Paraíso";0;0;1;0;"Sim";0;"ALCANÇOU"
"PR";412440;"Santo Antônio do Sudoeste";0;2;7;28,5714285714286;"Não";28,6;"NÃO ALCANÇOU"
"PR";412450;"Santo Inácio";0;0;1;0;"Sim";0;"ALCANÇOU"
"PR";412460;"São Carlos do Ivaí";0;2;0;0;"Sim";0;"ALCANÇOU"
"PR";412470;"São Jerônimo da Serra";0;0;2;0;"Sim";0;"ALCANÇOU"
"PR";412480;"São João";11,1111111111111;3;6;50;"Não";38,9;"NÃO ALCANÇOU"
"PR";412490;"São João do Caiuá";0;0;0;0;"Sim";0;"ALCANÇOU"
"PR";412500;"São João do Ivaí";0;0;1;0;"Sim";0;"ALCANÇOU"
"PR";412510;"São João do Triunfo";0;1;7;14,2857142857143;"Não";14,3;"NÃO ALCANÇOU"
"PR";412520;"São Jorge d'Oeste";0;0;5;0;"Sim";0;"ALCANÇOU"
"PR";412530;"São Jorge do Ivaí";0;0;0;0;"Sim";0;"ALCANÇOU"
"PR";412535;"São Jorge do Patrocínio";0;0;1;0;"Sim";0;"ALCANÇOU"
"PR";412540;"São José da Boa Vista";0;0;0;0;"Sim";0;"ALCANÇOU"
"PR";412545;"São José das Palmeiras";0;0;0;0;"Sim";0;"ALCANÇOU"
"PR";412550;"São José dos Pinhais";4,47761194029851;5;92;5,43478260869565;"Não";1;"NÃO ALCANÇOU"
"PR";412555;"São Manoel do Paraná";0;0;0;0;"Sim";0;"ALCANÇOU"
"PR";412560;"São Mateus do Sul";0;0;2;0;"Sim";0;"ALCANÇOU"
"PR";412570;"São Miguel do Iguaçu";0;2;16;12,5;"Não";12,5;"NÃO ALCANÇOU"
"PR";412575;"São Pedro do Iguaçu";0;0;0;0;"Sim";0;"ALCANÇOU"
"PR";412580;"São Pedro do Ivaí";0;0;0;0;"Sim";0;"ALCANÇOU"
"PR";412590;"São Pedro do Paraná";0;0;0;0;"Sim";0;"ALCANÇOU"
"PR";412600;"São Sebastião da Amoreira";0;0;5;0;"Sim";0;"ALCANÇOU"
"PR";412610;"São Tomé";0;0;0;0;"Sim";0;"ALCANÇOU"
"PR";412620;"Sapopema";0;0;2;0;"Sim";0;"ALCANÇOU"
"PR";412625;"Sarandi";42,8571428571429;15;85;17,6470588235294;"Sim";-25,2;"ALCANÇOU"
"PR";412627;"Saudade do Iguaçu";0;1;3;33,3333333333333;"Não";33,3;"NÃO ALCANÇOU"
"PR";412630;"Sengés";0;0;5;0;"Sim";0;"ALCANÇOU"
"PR";412635;"Serranópolis do Iguaçu";0;0;0;0;"Sim";0;"ALCANÇOU"
"PR";412640;"Sertaneja";0;0;0;0;"Sim";0;"ALCANÇOU"
"PR";412650;"Sertanópolis";0;1;0;0;"Sim";0;"ALCANÇOU"
"PR";412660;"Siqueira Campos";100;4;2;200;"Não";100;"NÃO ALCANÇOU"
"PR";412665;"Sulina";0;0;0;0;"Sim";0;"ALCANÇOU"
"PR";412667;"Tamarana";0;2;1;200;"Não";200;"NÃO ALCANÇOU"
"PR";412670;"Tamboara";0;0;1;0;"Sim";0;"ALCANÇOU"
"PR";412680;"Tapejara";0;0;1;0;"Sim";0;"ALCANÇOU"
"PR";412690;"Tapira";0;0;0;0;"Sim";0;"ALCANÇOU"
"PR";412700;"Teixeira Soares";0;1;4;25;"Não";25;"NÃO ALCANÇOU"
"PR";412710;"Telêmaco Borba";20;5;15;33,3333333333333;"Não";13,3;"NÃO ALCANÇOU"
"PR";412720;"Terra Boa";0;0;0;0;"Sim";0;"ALCANÇOU"
"PR";412730;"Terra Rica";50;1;4;25;"Sim";-25;"ALCANÇOU"
"PR";412740;"Terra Roxa";0;0;5;0;"Sim";0;"ALCANÇOU"
"PR";412750;"Tibagi";16,6666666666667;0;4;0;"Sim";-16,7;"ALCANÇOU"
"PR";412760;"Tijucas do Sul";0;0;1;0;"Sim";0;"ALCANÇOU"
"PR";412770;"Toledo";1,44927536231884;0;79;0;"Sim";-1,4;"ALCANÇOU"
"PR";412780;"Tomazina";0;0;0;0;"Sim";0;"ALCANÇOU"
"PR";412785;"Três Barras do Paraná";0;0;3;0;"Sim";0;"ALCANÇOU"
"PR";412788;"Tunas do Paraná";133,333333333333;3;4;75;"Sim";-58,3;"ALCANÇOU"
"PR";412790;"Tuneiras do Oeste";0;0;0;0;"Sim";0;"ALCANÇOU"
"PR";412795;"Tupãssi";0;0;1;0;"Sim";0;"ALCANÇOU"
"PR";412796;"Turvo";0;0;4;0;"Sim";0;"ALCANÇOU"
"PR";412800;"Ubiratã";33,3333333333333;0;8;0;"Sim";-33,3;"ALCANÇOU"
"PR";412810;"Umuarama";10;0;26;0;"Sim";-10;"ALCANÇOU"
"PR";412820;"União da Vitória";9,09090909090909;3;15;20;"Não";10,9;"NÃO ALCANÇOU"
"PR";412830;"Uniflor";0;0;0;0;"Sim";0;"ALCANÇOU"
"PR";412840;"Uraí";0;0;6;0;"Sim";0;"ALCANÇOU"
"PR";412850;"Wenceslau Braz";33,3333333333333;0;1;0;"Sim";-33,3;"ALCANÇOU"
"PR";412853;"Ventania";0;3;2;150;"Não";150;"NÃO ALCANÇOU"
"PR";412855;"Vera Cruz do Oeste";0;0;0;0;"Sim";0;"ALCANÇOU"
"PR";412860;"Verê";0;1;1;100;"Não";100;"NÃO ALCANÇOU"
"PR";412862;"Alto Paraíso";0;0;0;0;"Sim";0;"ALCANÇOU"
"PR";412863;"Doutor Ulysses";0;0;0;0;"Sim";0;"ALCANÇOU"
"PR";412865;"Virmond";0;0;0;0;"Sim";0;"ALCANÇOU"
"PR";412870;"Vitorino";33,3333333333333;0;7;0;"Sim";-33,3;"ALCANÇOU"
"PR";412880;"Xambrê";0;0;0;0;"Sim";0;"ALCANÇOU"
"SC";420005;"Abdon Batista";0;0;0;0;"Sim";0;"ALCANÇOU"
"SC";420010;"Abelardo Luz";30,7692307692308;2;5;40;"Não";9,2;"NÃO ALCANÇOU"
"SC";420020;"Agrolândia";0;0;2;0;"Sim";0;"ALCANÇOU"
"SC";420030;"Agronômica";0;1;2;50;"Não";50;"NÃO ALCANÇOU"
"SC";420040;"Água Doce";0;0;1;0;"Sim";0;"ALCANÇOU"
"SC";420050;"Águas de Chapecó";0;1;2;50;"Não";50;"NÃO ALCANÇOU"
"SC";420055;"Águas Frias";0;0;0;0;"Sim";0;"ALCANÇOU"
"SC";420060;"Águas Mornas";0;0;1;0;"Sim";0;"ALCANÇOU"
"SC";420070;"Alfredo Wagner";0;2;1;200;"Não";200;"NÃO ALCANÇOU"
"SC";420075;"Alto Bela Vista";0;0;0;0;"Sim";0;"ALCANÇOU"
"SC";420080;"Anchieta";0;0;0;0;"Sim";0;"ALCANÇOU"
"SC";420090;"Angelina";0;0;0;0;"Sim";0;"ALCANÇOU"
"SC";420100;"Anita Garibaldi";0;0;3;0;"Sim";0;"ALCANÇOU"
"SC";420110;"Anitápolis";0;0;1;0;"Sim";0;"ALCANÇOU"
"SC";420120;"Antônio Carlos";0;1;2;50;"Não";50;"NÃO ALCANÇOU"
"SC";420125;"Apiúna";66,6666666666667;0;4;0;"Sim";-66,7;"ALCANÇOU"
"SC";420127;"Arabutã";0;0;1;0;"Sim";0;"ALCANÇOU"
"SC";420130;"Araquari";23,0769230769231;11;31;35,4838709677419;"Não";12,4;"NÃO ALCANÇOU"
"SC";420140;"Araranguá";53,5714285714286;3;33;9,09090909090909;"Sim";-44,5;"ALCANÇOU"
"SC";420150;"Armazém";0;3;3;100;"Não";100;"NÃO ALCANÇOU"
"SC";420160;"Arroio Trinta";0;0;0;0;"Sim";0;"ALCANÇOU"
"SC";420165;"Arvoredo";0;1;0;0;"Sim";0;"ALCANÇOU"
"SC";420170;"Ascurra";0;2;5;40;"Não";40;"NÃO ALCANÇOU"
"SC";420180;"Atalanta";0;0;0;0;"Sim";0;"ALCANÇOU"
"SC";420190;"Aurora";0;1;1;100;"Não";100;"NÃO ALCANÇOU"
"SC";420195;"Balneário Arroio do Silva";66,6666666666667;2;13;15,3846153846154;"Sim";-51,3;"ALCANÇOU"
"SC";420200;"Balneário Camboriú";6,06060606060606;12;16;75;"Não";68,9;"NÃO ALCANÇOU"
"SC";420205;"Balneário Barra do Sul";25;1;8;12,5;"Sim";-12,5;"ALCANÇOU"
"SC";420207;"Balneário Gaivota";20;1;12;8,33333333333333;"Sim";-11,7;"ALCANÇOU"
"SC";420208;"Bandeirante";0;0;2;0;"Sim";0;"ALCANÇOU"
"SC";420209;"Barra Bonita";0;0;0;0;"Sim";0;"ALCANÇOU"
"SC";420210;"Barra Velha";0;3;19;15,7894736842105;"Não";15,8;"NÃO ALCANÇOU"
"SC";420213;"Bela Vista do Toldo";0;0;1;0;"Sim";0;"ALCANÇOU"
"SC";420215;"Belmonte";0;0;1;0;"Sim";0;"ALCANÇOU"
"SC";420220;"Benedito Novo";0;0;3;0;"Sim";0;"ALCANÇOU"
"SC";420230;"Biguaçu";28,5714285714286;13;33;39,3939393939394;"Não";10,8;"NÃO ALCANÇOU"
"SC";420240;"Blumenau";32,3741007194245;43;129;33,3333333333333;"Não";1;"NÃO ALCANÇOU"
"SC";420243;"Bocaina do Sul";0;0;2;0;"Sim";0;"ALCANÇOU"
"SC";420245;"Bombinhas";150;2;5;40;"Sim";-110;"ALCANÇOU"
"SC";420250;"Bom Jardim da Serra";150;0;1;0;"Sim";-150;"ALCANÇOU"
"SC";420253;"Bom Jesus";0;0;0;0;"Sim";0;"ALCANÇOU"
"SC";420257;"Bom Jesus do Oeste";0;0;0;0;"Sim";0;"ALCANÇOU"
"SC";420260;"Bom Retiro";83,3333333333333;3;9;33,3333333333333;"Sim";-50;"ALCANÇOU"
"SC";420270;"Botuverá";0;0;0;0;"Sim";0;"ALCANÇOU"
"SC";420280;"Braço do Norte";25;1;15;6,66666666666667;"Sim";-18,3;"ALCANÇOU"
"SC";420285;"Braço do Trombudo";0;0;0;0;"Sim";0;"ALCANÇOU"
"SC";420287;"Brunópolis";0;0;0;0;"Sim";0;"ALCANÇOU"
"SC";420290;"Brusque";10;9;51;17,6470588235294;"Não";7,6;"NÃO ALCANÇOU"
"SC";420300;"Caçador";10,8695652173913;3;35;8,57142857142857;"Sim";-2,3;"ALCANÇOU"
"SC";420310;"Caibi";0;2;2;100;"Não";100;"NÃO ALCANÇOU"
"SC";420315;"Calmon";0;0;0;0;"Sim";0;"ALCANÇOU"
"SC";420320;"Camboriú";0;14;7;200;"Não";200;"NÃO ALCANÇOU"
"SC";420325;"Capão Alto";0;0;0;0;"Sim";0;"ALCANÇOU"
"SC";420330;"Campo Alegre";0;0;1;0;"Sim";0;"ALCANÇOU"
"SC";420340;"Campo Belo do Sul";100;0;1;0;"Sim";-100;"ALCANÇOU"
"SC";420350;"Campo Erê";0;3;5;60;"Não";60;"NÃO ALCANÇOU"
"SC";420360;"Campos Novos";100;1;3;33,3333333333333;"Sim";-66,7;"ALCANÇOU"
"SC";420370;"Canelinha";25;1;6;16,6666666666667;"Sim";-8,3;"ALCANÇOU"
"SC";420380;"Canoinhas";11,1111111111111;6;8;75;"Não";63,9;"NÃO ALCANÇOU"
"SC";420390;"Capinzal";0;0;3;0;"Sim";0;"ALCANÇOU"
"SC";420395;"Capivari de Baixo";20;4;10;40;"Não";20;"NÃO ALCANÇOU"
"SC";420400;"Catanduvas";0;2;0;0;"Sim";0;"ALCANÇOU"
"SC";420410;"Caxambu do Sul";0;0;1;0;"Sim";0;"ALCANÇOU"
"SC";420415;"Celso Ramos";0;0;0;0;"Sim";0;"ALCANÇOU"
"SC";420417;"Cerro Negro";0;0;0;0;"Sim";0;"ALCANÇOU"
"SC";420419;"Chapadão do Lageado";0;0;0;0;"Sim";0;"ALCANÇOU"
"SC";420420;"Chapecó";8,69565217391304;17;208;8,17307692307692;"Não";-0,52;"NÃO ALCANÇOU"
"SC";420425;"Cocal do Sul";20;1;6;16,6666666666667;"Sim";-3,3;"ALCANÇOU"
"SC";420430;"Concórdia";120;16;21;76,1904761904762;"Sim";-43,8;"ALCANÇOU"
"SC";420435;"Cordilheira Alta";0;0;2;0;"Sim";0;"ALCANÇOU"
"SC";420440;"Coronel Freitas";0;1;2;50;"Não";50;"NÃO ALCANÇOU"
"SC";420445;"Coronel Martins";0;0;0;0;"Sim";0;"ALCANÇOU"
"SC";420450;"Corupá";0;0;2;0;"Sim";0;"ALCANÇOU"
"SC";420455;"Correia Pinto";0;1;10;10;"Não";10;"NÃO ALCANÇOU"
"SC";420460;"Criciúma";12,2641509433962;13;126;10,3174603174603;"Sim";-1,9;"ALCANÇOU"
"SC";420470;"Cunha Porã";0;3;1;300;"Não";300;"NÃO ALCANÇOU"
"SC";420475;"Cunhataí";0;0;1;0;"Sim";0;"ALCANÇOU"
"SC";420480;"Curitibanos";19,2307692307692;3;23;13,0434782608696;"Sim";-6,2;"ALCANÇOU"
"SC";420490;"Descanso";100;1;1;100;"Não";0;"NÃO ALCANÇOU"
"SC";420500;"Dionísio Cerqueira";0;3;5;60;"Não";60;"NÃO ALCANÇOU"
"SC";420510;"Dona Emma";0;0;0;0;"Sim";0;"ALCANÇOU"
"SC";420515;"Doutor Pedrinho";0;0;0;0;"Sim";0;"ALCANÇOU"
"SC";420517;"Entre Rios";33,3333333333333;0;1;0;"Sim";-33,3;"ALCANÇOU"
"SC";420519;"Ermo";0;0;0;0;"Sim";0;"ALCANÇOU"
"SC";420520;"Erval Velho";0;0;1;0;"Sim";0;"ALCANÇOU"
"SC";420530;"Faxinal dos Guedes";0;5;7;71,4285714285714;"Não";71,4;"NÃO ALCANÇOU"
"SC";420535;"Flor do Sertão";0;0;1;0;"Sim";0;"ALCANÇOU"
"SC";420540;"Florianópolis";18,359375;46;315;14,6031746031746;"Sim";-3,8;"ALCANÇOU"
"SC";420543;"Formosa do Sul";0;0;1;0;"Sim";0;"ALCANÇOU"
"SC";420545;"Forquilhinha";10;1;13;7,69230769230769;"Sim";-2,3;"ALCANÇOU"
"SC";420550;"Fraiburgo";5,88235294117647;0;12;0;"Sim";-5,9;"ALCANÇOU"
"SC";420555;"Frei Rogério";0;0;0;0;"Sim";0;"ALCANÇOU"
"SC";420560;"Galvão";0;0;0;0;"Sim";0;"ALCANÇOU"
"SC";420570;"Garopaba";12,5;1;15;6,66666666666667;"Sim";-5,8;"ALCANÇOU"
"SC";420580;"Garuva";50;3;8;37,5;"Sim";-12,5;"ALCANÇOU"
"SC";420590;"Gaspar";3,33333333333333;4;27;14,8148148148148;"Não";11,5;"NÃO ALCANÇOU"
"SC";420600;"Governador Celso Ramos";40;2;8;25;"Sim";-15;"ALCANÇOU"
"SC";420610;"Grão Pará";0;0;1;0;"Sim";0;"ALCANÇOU"
"SC";420620;"Gravatal";66,6666666666667;0;2;0;"Sim";-66,7;"ALCANÇOU"
"SC";420630;"Guabiruba";30;2;9;22,2222222222222;"Sim";-7,8;"ALCANÇOU"
"SC";420640;"Guaraciaba";0;0;0;0;"Sim";0;"ALCANÇOU"
"SC";420650;"Guaramirim";0;1;20;5;"Não";5;"NÃO ALCANÇOU"
"SC";420660;"Guarujá do Sul";0;1;0;0;"Sim";0;"ALCANÇOU"
"SC";420665;"Guatambú";16,6666666666667;1;3;33,3333333333333;"Não";16,7;"NÃO ALCANÇOU"
"SC";420670;"Herval d'Oeste";66,6666666666667;0;8;0;"Sim";-66,7;"ALCANÇOU"
"SC";420675;"Ibiam";0;0;1;0;"Sim";0;"ALCANÇOU"
"SC";420680;"Ibicaré";0;0;0;0;"Sim";0;"ALCANÇOU"
"SC";420690;"Ibirama";0;0;1;0;"Sim";0;"ALCANÇOU"
"SC";420700;"Içara";30,7692307692308;3;30;10;"Sim";-20,8;"ALCANÇOU"
"SC";420710;"Ilhota";20;0;5;0;"Sim";-20;"ALCANÇOU"
"SC";420720;"Imaruí";0;1;2;50;"Não";50;"NÃO ALCANÇOU"
"SC";420730;"Imbituba";20;10;49;20,4081632653061;"Não";0,4;"NÃO ALCANÇOU"
"SC";420740;"Imbuia";0;0;0;0;"Sim";0;"ALCANÇOU"
"SC";420750;"Indaial";25;2;12;16,6666666666667;"Sim";-8,3;"ALCANÇOU"
"SC";420757;"Iomerê";0;0;1;0;"Sim";0;"ALCANÇOU"
"SC";420760;"Ipira";0;1;0;0;"Sim";0;"ALCANÇOU"
"SC";420765;"Iporã do Oeste";0;0;0;0;"Sim";0;"ALCANÇOU"
"SC";420768;"Ipuaçu";0;2;4;50;"Não";50;"NÃO ALCANÇOU"
"SC";420770;"Ipumirim";100;3;5;60;"Sim";-40;"ALCANÇOU"
"SC";420775;"Iraceminha";0;0;0;0;"Sim";0;"ALCANÇOU"
"SC";420780;"Irani";50;0;4;0;"Sim";-50;"ALCANÇOU"
"SC";420785;"Irati";0;0;0;0;"Sim";0;"ALCANÇOU"
"SC";420790;"Irineópolis";0;0;1;0;"Sim";0;"ALCANÇOU"
"SC";420800;"Itá";0;3;1;300;"Não";300;"NÃO ALCANÇOU"
"SC";420810;"Itaiópolis";0;3;1;300;"Não";300;"NÃO ALCANÇOU"
"SC";420820;"Itajaí";9,67741935483871;8;136;5,88235294117647;"Sim";-3,8;"ALCANÇOU"
"SC";420830;"Itapema";10,3448275862069;4;43;9,30232558139535;"Sim";-1;"ALCANÇOU"
"SC";420840;"Itapiranga";16,6666666666667;1;1;100;"Não";83,3;"NÃO ALCANÇOU"
"SC";420845;"Itapoá";100;3;19;15,7894736842105;"Sim";-84,2;"ALCANÇOU"
"SC";420850;"Ituporanga";7,14285714285714;6;7;85,7142857142857;"Não";78,6;"NÃO ALCANÇOU"
"SC";420860;"Jaborá";0;0;3;0;"Sim";0;"ALCANÇOU"
"SC";420870;"Jacinto Machado";0;0;0;0;"Sim";0;"ALCANÇOU"
"SC";420880;"Jaguaruna";14,2857142857143;0;5;0;"Sim";-14,3;"ALCANÇOU"
"SC";420890;"Jaraguá do Sul";4,25531914893617;0;47;0;"Sim";-4,3;"ALCANÇOU"
"SC";420895;"Jardinópolis";0;0;1;0;"Sim";0;"ALCANÇOU"
"SC";420900;"Joaçaba";80;0;8;0;"Sim";-80;"ALCANÇOU"
"SC";420910;"Joinville";17,6300578034682;57;338;16,8639053254438;"Não";-0,77;"NÃO ALCANÇOU"
"SC";420915;"José Boiteux";0;0;0;0;"Sim";0;"ALCANÇOU"
"SC";420917;"Jupiá";0;0;0;0;"Sim";0;"ALCANÇOU"
"SC";420920;"Lacerdópolis";0;0;0;0;"Sim";0;"ALCANÇOU"
"SC";420930;"Lages";31,25;41;160;25,625;"Sim";-5,6;"ALCANÇOU"
"SC";420940;"Laguna";7,69230769230769;2;9;22,2222222222222;"Não";14,5;"NÃO ALCANÇOU"
"SC";420945;"Lajeado Grande";0;1;1;100;"Não";100;"NÃO ALCANÇOU"
"SC";420950;"Laurentino";0;0;1;0;"Sim";0;"ALCANÇOU"
"SC";420960;"Lauro Muller";0;2;1;200;"Não";200;"NÃO ALCANÇOU"
"SC";420970;"Lebon Régis";0;0;1;0;"Sim";0;"ALCANÇOU"
"SC";420980;"Leoberto Leal";0;0;0;0;"Sim";0;"ALCANÇOU"
"SC";420985;"Lindóia do Sul";0;1;1;100;"Não";100;"NÃO ALCANÇOU"
"SC";420990;"Lontras";0;0;1;0;"Sim";0;"ALCANÇOU"
"SC";421000;"Luiz Alves";0;2;4;50;"Não";50;"NÃO ALCANÇOU"
"SC";421003;"Luzerna";0;0;1;0;"Sim";0;"ALCANÇOU"
"SC";421005;"Macieira";0;0;0;0;"Sim";0;"ALCANÇOU"
"SC";421010;"Mafra";37,5;4;11;36,3636363636364;"Sim";-1,1;"ALCANÇOU"
"SC";421020;"Major Gercino";0;0;1;0;"Sim";0;"ALCANÇOU"
"SC";421030;"Major Vieira";0;0;1;0;"Sim";0;"ALCANÇOU"
"SC";421040;"Maracajá";0;1;1;100;"Não";100;"NÃO ALCANÇOU"
"SC";421050;"Maravilha";0;1;9;11,1111111111111;"Não";11,1;"NÃO ALCANÇOU"
"SC";421055;"Marema";0;0;0;0;"Sim";0;"ALCANÇOU"
"SC";421060;"Massaranduba";0;0;4;0;"Sim";0;"ALCANÇOU"
"SC";421070;"Matos Costa";0;0;3;0;"Sim";0;"ALCANÇOU"
"SC";421080;"Meleiro";0;0;2;0;"Sim";0;"ALCANÇOU"
"SC";421085;"Mirim Doce";0;0;1;0;"Sim";0;"ALCANÇOU"
"SC";421090;"Modelo";0;0;1;0;"Sim";0;"ALCANÇOU"
"SC";421100;"Mondaí";0;0;0;0;"Sim";0;"ALCANÇOU"
"SC";421105;"Monte Carlo";0;3;5;60;"Não";60;"NÃO ALCANÇOU"
"SC";421110;"Monte Castelo";20;0;5;0;"Sim";-20;"ALCANÇOU"
"SC";421120;"Morro da Fumaça";60;0;7;0;"Sim";-60;"ALCANÇOU"
"SC";421125;"Morro Grande";0;0;1;0;"Sim";0;"ALCANÇOU"
"SC";421130;"Navegantes";17,5;4;34;11,7647058823529;"Sim";-5,7;"ALCANÇOU"
"SC";421140;"Nova Erechim";0;0;2;0;"Sim";0;"ALCANÇOU"
"SC";421145;"Nova Itaberaba";0;0;0;0;"Sim";0;"ALCANÇOU"
"SC";421150;"Nova Trento";0;1;2;50;"Não";50;"NÃO ALCANÇOU"
"SC";421160;"Nova Veneza";50;1;3;33,3333333333333;"Sim";-16,7;"ALCANÇOU"
"SC";421165;"Novo Horizonte";0;1;2;50;"Não";50;"NÃO ALCANÇOU"
"SC";421170;"Orleans";0;0;5;0;"Sim";0;"ALCANÇOU"
"SC";421175;"Otacílio Costa";20;3;10;30;"Não";10;"NÃO ALCANÇOU"
"SC";421180;"Ouro";0;0;1;0;"Sim";0;"ALCANÇOU"
"SC";421185;"Ouro Verde";0;0;0;0;"Sim";0;"ALCANÇOU"
"SC";421187;"Paial";0;0;0;0;"Sim";0;"ALCANÇOU"
"SC";421189;"Painel";0;0;0;0;"Sim";0;"ALCANÇOU"
"SC";421190;"Palhoça";35,3535353535354;44;189;23,2804232804233;"Sim";-12,1;"ALCANÇOU"
"SC";421200;"Palma Sola";0;0;1;0;"Sim";0;"ALCANÇOU"
"SC";421205;"Palmeira";0;0;0;0;"Sim";0;"ALCANÇOU"
"SC";421210;"Palmitos";0;3;1;300;"Não";300;"NÃO ALCANÇOU"
"SC";421220;"Papanduva";0;1;3;33,3333333333333;"Não";33,3;"NÃO ALCANÇOU"
"SC";421223;"Paraíso";0;0;1;0;"Sim";0;"ALCANÇOU"
"SC";421225;"Passo de Torres";16,6666666666667;2;4;50;"Não";33,3;"NÃO ALCANÇOU"
"SC";421227;"Passos Maia";0;0;1;0;"Sim";0;"ALCANÇOU"
"SC";421230;"Paulo Lopes";100;2;2;100;"Não";0;"NÃO ALCANÇOU"
"SC";421240;"Pedras Grandes";0;0;1;0;"Sim";0;"ALCANÇOU"
"SC";421250;"Penha";50;2;5;40;"Sim";-10;"ALCANÇOU"
"SC";421260;"Peritiba";0;0;0;0;"Sim";0;"ALCANÇOU"
"SC";421265;"Pescaria Brava";0;1;1;100;"Não";100;"NÃO ALCANÇOU"
"SC";421270;"Petrolândia";0;0;1;0;"Sim";0;"ALCANÇOU"
"SC";421280;"Balneário Piçarras";0;2;12;16,6666666666667;"Não";16,7;"NÃO ALCANÇOU"
"SC";421290;"Pinhalzinho";0;2;9;22,2222222222222;"Não";22,2;"NÃO ALCANÇOU"
"SC";421300;"Pinheiro Preto";0;0;0;0;"Sim";0;"ALCANÇOU"
"SC";421310;"Piratuba";0;0;0;0;"Sim";0;"ALCANÇOU"
"SC";421315;"Planalto Alegre";0;0;1;0;"Sim";0;"ALCANÇOU"
"SC";421320;"Pomerode";15,3846153846154;0;8;0;"Sim";-15,4;"ALCANÇOU"
"SC";421330;"Ponte Alta";0;2;2;100;"Não";100;"NÃO ALCANÇOU"
"SC";421335;"Ponte Alta do Norte";0;0;0;0;"Sim";0;"ALCANÇOU"
"SC";421340;"Ponte Serrada";33,3333333333333;1;9;11,1111111111111;"Sim";-22,2;"ALCANÇOU"
"SC";421350;"Porto Belo";75;4;9;44,4444444444444;"Sim";-30,6;"ALCANÇOU"
"SC";421360;"Porto União";0;0;8;0;"Sim";0;"ALCANÇOU"
"SC";421370;"Pouso Redondo";100;1;3;33,3333333333333;"Sim";-66,7;"ALCANÇOU"
"SC";421380;"Praia Grande";25;1;1;100;"Não";75;"NÃO ALCANÇOU"
"SC";421390;"Presidente Castello Branco";0;1;2;50;"Não";50;"NÃO ALCANÇOU"
"SC";421400;"Presidente Getúlio";50;0;3;0;"Sim";-50;"ALCANÇOU"
"SC";421410;"Presidente Nereu";0;0;0;0;"Sim";0;"ALCANÇOU"
"SC";421415;"Princesa";0;0;2;0;"Sim";0;"ALCANÇOU"
"SC";421420;"Quilombo";0;0;1;0;"Sim";0;"ALCANÇOU"
"SC";421430;"Rancho Queimado";0;0;0;0;"Sim";0;"ALCANÇOU"
"SC";421440;"Rio das Antas";0;0;2;0;"Sim";0;"ALCANÇOU"
"SC";421450;"Rio do Campo";0;0;0;0;"Sim";0;"ALCANÇOU"
"SC";421460;"Rio do Oeste";0;0;0;0;"Sim";0;"ALCANÇOU"
"SC";421470;"Rio dos Cedros";0;1;1;100;"Não";100;"NÃO ALCANÇOU"
"SC";421480;"Rio do Sul";25;3;13;23,0769230769231;"Sim";-1,9;"ALCANÇOU"
"SC";421490;"Rio Fortuna";0;0;0;0;"Sim";0;"ALCANÇOU"
"SC";421500;"Rio Negrinho";0;0;6;0;"Sim";0;"ALCANÇOU"
"SC";421505;"Rio Rufino";0;0;0;0;"Sim";0;"ALCANÇOU"
"SC";421507;"Riqueza";0;0;1;0;"Sim";0;"ALCANÇOU"
"SC";421510;"Rodeio";0;0;2;0;"Sim";0;"ALCANÇOU"
"SC";421520;"Romelândia";0;1;1;100;"Não";100;"NÃO ALCANÇOU"
"SC";421530;"Salete";0;0;0;0;"Sim";0;"ALCANÇOU"
"SC";421535;"Saltinho";0;0;0;0;"Sim";0;"ALCANÇOU"
"SC";421540;"Salto Veloso";0;0;1;0;"Sim";0;"ALCANÇOU"
"SC";421545;"Sangão";50;2;6;33,3333333333333;"Sim";-16,7;"ALCANÇOU"
"SC";421550;"Santa Cecília";0;0;5;0;"Sim";0;"ALCANÇOU"
"SC";421555;"Santa Helena";0;0;1;0;"Sim";0;"ALCANÇOU"
"SC";421560;"Santa Rosa de Lima";0;0;0;0;"Sim";0;"ALCANÇOU"
"SC";421565;"Santa Rosa do Sul";0;0;3;0;"Sim";0;"ALCANÇOU"
"SC";421567;"Santa Terezinha";0;0;1;0;"Sim";0;"ALCANÇOU"
"SC";421568;"Santa Terezinha do Progresso";0;0;0;0;"Sim";0;"ALCANÇOU"
"SC";421569;"Santiago do Sul";0;0;0;0;"Sim";0;"ALCANÇOU"
"SC";421570;"Santo Amaro da Imperatriz";13,3333333333333;7;12;58,3333333333333;"Não";45;"NÃO ALCANÇOU"
"SC";421575;"São Bernardino";0;0;1;0;"Sim";0;"ALCANÇOU"
"SC";421580;"São Bento do Sul";0;1;20;5;"Não";5;"NÃO ALCANÇOU"
"SC";421590;"São Bonifácio";0;0;0;0;"Sim";0;"ALCANÇOU"
"SC";421600;"São Carlos";0;0;4;0;"Sim";0;"ALCANÇOU"
"SC";421605;"São Cristovão do Sul";0;0;0;0;"Sim";0;"ALCANÇOU"
"SC";421610;"São Domingos";0;3;2;150;"Não";150;"NÃO ALCANÇOU"
"SC";421620;"São Francisco do Sul";47,8260869565217;8;19;42,1052631578947;"Sim";-5,7;"ALCANÇOU"
"SC";421625;"São João do Oeste";0;0;0;0;"Sim";0;"ALCANÇOU"
"SC";421630;"São João Batista";40;3;9;33,3333333333333;"Sim";-6,7;"ALCANÇOU"
"SC";421635;"São João do Itaperiú";0;0;0;0;"Sim";0;"ALCANÇOU"
"SC";421640;"São João do Sul";0;0;0;0;"Sim";0;"ALCANÇOU"
"SC";421650;"São Joaquim";42,3076923076923;7;23;30,4347826086957;"Sim";-11,9;"ALCANÇOU"
"SC";421660;"São José";19,4444444444444;21;134;15,6716417910448;"Sim";-3,8;"ALCANÇOU"
"SC";421670;"São José do Cedro";0;0;1;0;"Sim";0;"ALCANÇOU"
"SC";421680;"São José do Cerrito";0;0;1;0;"Sim";0;"ALCANÇOU"
"SC";421690;"São Lourenço do Oeste";14,2857142857143;7;11;63,6363636363636;"Não";49,4;"NÃO ALCANÇOU"
"SC";421700;"São Ludgero";250;1;8;12,5;"Sim";-237,5;"ALCANÇOU"
"SC";421710;"São Martinho";0;0;0;0;"Sim";0;"ALCANÇOU"
"SC";421715;"São Miguel da Boa Vista";0;0;0;0;"Sim";0;"ALCANÇOU"
"SC";421720;"São Miguel do Oeste";36,3636363636364;8;9;88,8888888888889;"Não";52,5;"NÃO ALCANÇOU"
"SC";421725;"São Pedro de Alcântara";0;0;0;0;"Sim";0;"ALCANÇOU"
"SC";421730;"Saudades";50;0;1;0;"Sim";-50;"ALCANÇOU"
"SC";421740;"Schroeder";0;0;2;0;"Sim";0;"ALCANÇOU"
"SC";421750;"Seara";28,5714285714286;1;5;20;"Sim";-8,6;"ALCANÇOU"
"SC";421755;"Serra Alta";0;1;0;0;"Sim";0;"ALCANÇOU"
"SC";421760;"Siderópolis";200;1;3;33,3333333333333;"Sim";-166,7;"ALCANÇOU"
"SC";421770;"Sombrio";0;1;5;20;"Não";20;"NÃO ALCANÇOU"
"SC";421775;"Sul Brasil";0;0;0;0;"Sim";0;"ALCANÇOU"
"SC";421780;"Taió";18,1818181818182;1;11;9,09090909090909;"Sim";-9,1;"ALCANÇOU"
"SC";421790;"Tangará";0;0;3;0;"Sim";0;"ALCANÇOU"
"SC";421795;"Tigrinhos";0;0;0;0;"Sim";0;"ALCANÇOU"
"SC";421800;"Tijucas";26,3157894736842;4;21;19,047619047619;"Sim";-7,3;"ALCANÇOU"
"SC";421810;"Timbé do Sul";0;0;2;0;"Sim";0;"ALCANÇOU"
"SC";421820;"Timbó";9,09090909090909;3;12;25;"Não";15,9;"NÃO ALCANÇOU"
"SC";421825;"Timbó Grande";0;1;1;100;"Não";100;"NÃO ALCANÇOU"
"SC";421830;"Três Barras";0;0;4;0;"Sim";0;"ALCANÇOU"
"SC";421835;"Treviso";0;0;0;0;"Sim";0;"ALCANÇOU"
"SC";421840;"Treze de Maio";0;0;3;0;"Sim";0;"ALCANÇOU"
"SC";421850;"Treze Tílias";0;0;0;0;"Sim";0;"ALCANÇOU"
"SC";421860;"Trombudo Central";0;0;0;0;"Sim";0;"ALCANÇOU"
"SC";421870;"Tubarão";25;14;50;28;"Não";3;"NÃO ALCANÇOU"
"SC";421875;"Tunápolis";0;0;0;0;"Sim";0;"ALCANÇOU"
"SC";421880;"Turvo";0;1;3;33,3333333333333;"Não";33,3;"NÃO ALCANÇOU"
"SC";421885;"União do Oeste";0;0;0;0;"Sim";0;"ALCANÇOU"
"SC";421890;"Urubici";50;2;5;40;"Sim";-10;"ALCANÇOU"
"SC";421895;"Urupema";0;0;0;0;"Sim";0;"ALCANÇOU"
"SC";421900;"Urussanga";33,3333333333333;1;3;33,3333333333333;"Não";0;"NÃO ALCANÇOU"
"SC";421910;"Vargeão";0;1;1;100;"Não";100;"NÃO ALCANÇOU"
"SC";421915;"Vargem";0;0;0;0;"Sim";0;"ALCANÇOU"
"SC";421917;"Vargem Bonita";0;1;1;100;"Não";100;"NÃO ALCANÇOU"
"SC";421920;"Vidal Ramos";0;1;0;0;"Sim";0;"ALCANÇOU"
"SC";421930;"Videira";14,2857142857143;1;20;5;"Sim";-9,3;"ALCANÇOU"
"SC";421935;"Vitor Meireles";0;0;0;0;"Sim";0;"ALCANÇOU"
"SC";421940;"Witmarsum";0;0;0;0;"Sim";0;"ALCANÇOU"
"SC";421950;"Xanxerê";30;8;35;22,8571428571429;"Sim";-7,1;"ALCANÇOU"
"SC";421960;"Xavantina";0;1;1;100;"Não";100;"NÃO ALCANÇOU"
"SC";421970;"Xaxim";7,69230769230769;4;14;28,5714285714286;"Não";20,9;"NÃO ALCANÇOU"
"SC";421985;"Zortéa";0;0;1;0;"Sim";0;"ALCANÇOU"
"SC";422000;"Balneário Rincão";42,1052631578947;2;11;18,1818181818182;"Sim";-23,9;"ALCANÇOU"
"RS";430003;"Aceguá";0;0;2;0;"Sim";0;"ALCANÇOU"
"RS";430005;"Água Santa";0;1;0;0;"Sim";0;"ALCANÇOU"
"RS";430010;"Agudo";0;1;2;50;"Não";50;"NÃO ALCANÇOU"
"RS";430020;"Ajuricaba";0;0;1;0;"Sim";0;"ALCANÇOU"
"RS";430030;"Alecrim";0;0;1;0;"Sim";0;"ALCANÇOU"
"RS";430040;"Alegrete";34,0909090909091;9;32;28,125;"Sim";-6;"ALCANÇOU"
"RS";430045;"Alegria";0;0;0;0;"Sim";0;"ALCANÇOU"
"RS";430047;"Almirante Tamandaré do Sul";0;0;1;0;"Sim";0;"ALCANÇOU"
"RS";430050;"Alpestre";0;0;0;0;"Sim";0;"ALCANÇOU"
"RS";430055;"Alto Alegre";0;0;0;0;"Sim";0;"ALCANÇOU"
"RS";430057;"Alto Feliz";0;0;2;0;"Sim";0;"ALCANÇOU"
"RS";430060;"Alvorada";37,5;43;139;30,9352517985612;"Sim";-6,6;"ALCANÇOU"
"RS";430063;"Amaral Ferrador";0;0;0;0;"Sim";0;"ALCANÇOU"
"RS";430064;"Ametista do Sul";0;1;1;100;"Não";100;"NÃO ALCANÇOU"
"RS";430066;"André da Rocha";0;0;0;0;"Sim";0;"ALCANÇOU"
"RS";430070;"Anta Gorda";0;0;1;0;"Sim";0;"ALCANÇOU"
"RS";430080;"Antônio Prado";12,5;0;1;0;"Sim";-12,5;"ALCANÇOU"
"RS";430085;"Arambaré";0;0;1;0;"Sim";0;"ALCANÇOU"
"RS";430087;"Araricá";0;1;15;6,66666666666667;"Não";6,7;"NÃO ALCANÇOU"
"RS";430090;"Aratiba";0;0;1;0;"Sim";0;"ALCANÇOU"
"RS";430100;"Arroio do Meio";0;1;1;100;"Não";100;"NÃO ALCANÇOU"
"RS";430105;"Arroio do Sal";16,6666666666667;2;13;15,3846153846154;"Sim";-1,3;"ALCANÇOU"
"RS";430107;"Arroio do Padre";0;0;0;0;"Sim";0;"ALCANÇOU"
"RS";430110;"Arroio dos Ratos";200;1;2;50;"Sim";-150;"ALCANÇOU"
"RS";430120;"Arroio do Tigre";0;0;4;0;"Sim";0;"ALCANÇOU"
"RS";430130;"Arroio Grande";18,1818181818182;3;11;27,2727272727273;"Não";9,1;"NÃO ALCANÇOU"
"RS";430140;"Arvorezinha";0;0;2;0;"Sim";0;"ALCANÇOU"
"RS";430150;"Augusto Pestana";0;0;0;0;"Sim";0;"ALCANÇOU"
"RS";430155;"Áurea";0;0;0;0;"Sim";0;"ALCANÇOU"
"RS";430160;"Bagé";2,77777777777778;1;63;1,58730158730159;"Sim";-1,2;"ALCANÇOU"
"RS";430163;"Balneário Pinhal";42,8571428571429;6;14;42,8571428571429;"Não";0;"NÃO ALCANÇOU"
"RS";430165;"Barão";0;1;1;100;"Não";100;"NÃO ALCANÇOU"
"RS";430170;"Barão de Cotegipe";0;1;1;100;"Não";100;"NÃO ALCANÇOU"
"RS";430175;"Barão do Triunfo";0;0;0;0;"Sim";0;"ALCANÇOU"
"RS";430180;"Barracão";0;0;1;0;"Sim";0;"ALCANÇOU"
"RS";430185;"Barra do Guarita";0;1;1;100;"Não";100;"NÃO ALCANÇOU"
"RS";430187;"Barra do Quaraí";0;1;0;0;"Sim";0;"ALCANÇOU"
"RS";430190;"Barra do Ribeiro";0;1;1;100;"Não";100;"NÃO ALCANÇOU"
"RS";430192;"Barra do Rio Azul";0;0;1;0;"Sim";0;"ALCANÇOU"
"RS";430195;"Barra Funda";0;0;0;0;"Sim";0;"ALCANÇOU"
"RS";430200;"Barros Cassal";0;0;0;0;"Sim";0;"ALCANÇOU"
"RS";430205;"Benjamin Constant do Sul";0;3;1;300;"Não";300;"NÃO ALCANÇOU"
"RS";430210;"Bento Gonçalves";59,6774193548387;22;50;44;"Sim";-15,7;"ALCANÇOU"
"RS";430215;"Boa Vista das Missões";0;0;0;0;"Sim";0;"ALCANÇOU"
"RS";430220;"Boa Vista do Buricá";0;0;0;0;"Sim";0;"ALCANÇOU"
"RS";430222;"Boa Vista do Cadeado";0;0;1;0;"Sim";0;"ALCANÇOU"
"RS";430223;"Boa Vista do Incra";0;0;0;0;"Sim";0;"ALCANÇOU"
"RS";430225;"Boa Vista do Sul";0;1;2;50;"Não";50;"NÃO ALCANÇOU"
"RS";430230;"Bom Jesus";20;0;7;0;"Sim";-20;"ALCANÇOU"
"RS";430235;"Bom Princípio";25;1;6;16,6666666666667;"Sim";-8,3;"ALCANÇOU"
"RS";430237;"Bom Progresso";0;0;0;0;"Sim";0;"ALCANÇOU"
"RS";430240;"Bom Retiro do Sul";0;0;3;0;"Sim";0;"ALCANÇOU"
"RS";430245;"Boqueirão do Leão";0;0;0;0;"Sim";0;"ALCANÇOU"
"RS";430250;"Bossoroca";0;0;2;0;"Sim";0;"ALCANÇOU"
"RS";430258;"Bozano";0;0;0;0;"Sim";0;"ALCANÇOU"
"RS";430260;"Braga";0;1;2;50;"Não";50;"NÃO ALCANÇOU"
"RS";430265;"Brochier";0;0;0;0;"Sim";0;"ALCANÇOU"
"RS";430270;"Butiá";0;3;0;0;"Sim";0;"ALCANÇOU"
"RS";430280;"Caçapava do Sul";0;1;16;6,25;"Não";6,2;"NÃO ALCANÇOU"
"RS";430290;"Cacequi";50;1;1;100;"Não";50;"NÃO ALCANÇOU"
"RS";430300;"Cachoeira do Sul";0;0;6;0;"Sim";0;"ALCANÇOU"
"RS";430310;"Cachoeirinha";43,9393939393939;18;43;41,8604651162791;"Sim";-2,1;"ALCANÇOU"
"RS";430320;"Cacique Doble";0;0;0;0;"Sim";0;"ALCANÇOU"
"RS";430330;"Caibaté";0;0;0;0;"Sim";0;"ALCANÇOU"
"RS";430340;"Caiçara";0;0;1;0;"Sim";0;"ALCANÇOU"
"RS";430350;"Camaquã";26,6666666666667;7;30;23,3333333333333;"Sim";-3,3;"ALCANÇOU"
"RS";430355;"Camargo";0;0;0;0;"Sim";0;"ALCANÇOU"
"RS";430360;"Cambará do Sul";33,3333333333333;0;2;0;"Sim";-33,3;"ALCANÇOU"
"RS";430367;"Campestre da Serra";0;0;0;0;"Sim";0;"ALCANÇOU"
"RS";430370;"Campina das Missões";0;0;1;0;"Sim";0;"ALCANÇOU"
"RS";430380;"Campinas do Sul";25;2;7;28,5714285714286;"Não";3,6;"NÃO ALCANÇOU"
"RS";430390;"Campo Bom";31,5789473684211;7;28;25;"Sim";-6,6;"ALCANÇOU"
"RS";430400;"Campo Novo";0;0;1;0;"Sim";0;"ALCANÇOU"
"RS";430410;"Campos Borges";0;1;0;0;"Sim";0;"ALCANÇOU"
"RS";430420;"Candelária";0;2;6;33,3333333333333;"Não";33,3;"NÃO ALCANÇOU"
"RS";430430;"Cândido Godói";0;0;1;0;"Sim";0;"ALCANÇOU"
"RS";430435;"Candiota";0;0;4;0;"Sim";0;"ALCANÇOU"
"RS";430440;"Canela";17,1428571428571;3;31;9,67741935483871;"Sim";-7,5;"ALCANÇOU"
"RS";430450;"Canguçu";16,6666666666667;1;11;9,09090909090909;"Sim";-7,6;"ALCANÇOU"
"RS";430460;"Canoas";56,8493150684932;67;132;50,7575757575758;"Sim";-6,1;"ALCANÇOU"
"RS";430461;"Canudos do Vale";0;0;0;0;"Sim";0;"ALCANÇOU"
"RS";430462;"Capão Bonito do Sul";0;0;0;0;"Sim";0;"ALCANÇOU"
"RS";430463;"Capão da Canoa";35;11;64;17,1875;"Sim";-17,8;"ALCANÇOU"
"RS";430465;"Capão do Cipó";0;0;0;0;"Sim";0;"ALCANÇOU"
"RS";430466;"Capão do Leão";12,5;7;15;46,6666666666667;"Não";34,2;"NÃO ALCANÇOU"
"RS";430467;"Capivari do Sul";0;0;1;0;"Sim";0;"ALCANÇOU"
"RS";430468;"Capela de Santana";0;1;2;50;"Não";50;"NÃO ALCANÇOU"
"RS";430469;"Capitão";0;0;0;0;"Sim";0;"ALCANÇOU"
"RS";430470;"Carazinho";18,1818181818182;3;11;27,2727272727273;"Não";9,1;"NÃO ALCANÇOU"
"RS";430471;"Caraá";0;0;1;0;"Sim";0;"ALCANÇOU"
"RS";430480;"Carlos Barbosa";50;3;3;100;"Não";50;"NÃO ALCANÇOU"
"RS";430485;"Carlos Gomes";0;1;0;0;"Sim";0;"ALCANÇOU"
"RS";430490;"Casca";0;0;1;0;"Sim";0;"ALCANÇOU"
"RS";430495;"Caseiros";0;0;1;0;"Sim";0;"ALCANÇOU"
"RS";430500;"Catuípe";0;0;3;0;"Sim";0;"ALCANÇOU"
"RS";430510;"Caxias do Sul";25,7042253521127;74;320;23,125;"Sim";-2,6;"ALCANÇOU"
"RS";430511;"Centenário";0;0;0;0;"Sim";0;"ALCANÇOU"
"RS";430512;"Cerrito";100;2;3;66,6666666666667;"Sim";-33,3;"ALCANÇOU"
"RS";430513;"Cerro Branco";0;0;0;0;"Sim";0;"ALCANÇOU"
"RS";430515;"Cerro Grande";0;0;0;0;"Sim";0;"ALCANÇOU"
"RS";430517;"Cerro Grande do Sul";0;0;1;0;"Sim";0;"ALCANÇOU"
"RS";430520;"Cerro Largo";100;0;2;0;"Sim";-100;"ALCANÇOU"
"RS";430530;"Chapada";0;0;0;0;"Sim";0;"ALCANÇOU"
"RS";430535;"Charqueadas";20;0;4;0;"Sim";-20;"ALCANÇOU"
"RS";430537;"Charrua";0;1;3;33,3333333333333;"Não";33,3;"NÃO ALCANÇOU"
"RS";430540;"Chiapetta";0;0;1;0;"Sim";0;"ALCANÇOU"
"RS";430543;"Chuí";0;1;3;33,3333333333333;"Não";33,3;"NÃO ALCANÇOU"
"RS";430544;"Chuvisca";0;0;0;0;"Sim";0;"ALCANÇOU"
"RS";430545;"Cidreira";118,181818181818;6;8;75;"Sim";-43,2;"ALCANÇOU"
"RS";430550;"Ciríaco";0;0;0;0;"Sim";0;"ALCANÇOU"
"RS";430558;"Colinas";0;0;0;0;"Sim";0;"ALCANÇOU"
"RS";430560;"Colorado";0;0;1;0;"Sim";0;"ALCANÇOU"
"RS";430570;"Condor";100;0;2;0;"Sim";-100;"ALCANÇOU"
"RS";430580;"Constantina";0;0;3;0;"Sim";0;"ALCANÇOU"
"RS";430583;"Coqueiro Baixo";0;0;0;0;"Sim";0;"ALCANÇOU"
"RS";430585;"Coqueiros do Sul";0;0;0;0;"Sim";0;"ALCANÇOU"
"RS";430587;"Coronel Barros";0;0;0;0;"Sim";0;"ALCANÇOU"
"RS";430590;"Coronel Bicaco";0;0;1;0;"Sim";0;"ALCANÇOU"
"RS";430593;"Coronel Pilar";0;0;0;0;"Sim";0;"ALCANÇOU"
"RS";430595;"Cotiporã";0;0;2;0;"Sim";0;"ALCANÇOU"
"RS";430597;"Coxilha";0;0;2;0;"Sim";0;"ALCANÇOU"
"RS";430600;"Crissiumal";0;0;1;0;"Sim";0;"ALCANÇOU"
"RS";430605;"Cristal";0;1;2;50;"Não";50;"NÃO ALCANÇOU"
"RS";430607;"Cristal do Sul";0;0;0;0;"Sim";0;"ALCANÇOU"
"RS";430610;"Cruz Alta";3,7037037037037;0;33;0;"Sim";-3,7;"ALCANÇOU"
"RS";430613;"Cruzaltense";0;0;0;0;"Sim";0;"ALCANÇOU"
"RS";430620;"Cruzeiro do Sul";50;0;1;0;"Sim";-50;"ALCANÇOU"
"RS";430630;"David Canabarro";0;0;0;0;"Sim";0;"ALCANÇOU"
"RS";430632;"Derrubadas";0;0;0;0;"Sim";0;"ALCANÇOU"
"RS";430635;"Dezesseis de Novembro";0;0;0;0;"Sim";0;"ALCANÇOU"
"RS";430637;"Dilermando de Aguiar";0;0;1;0;"Sim";0;"ALCANÇOU"
"RS";430640;"Dois Irmãos";66,6666666666667;2;6;33,3333333333333;"Sim";-33,3;"ALCANÇOU"
"RS";430642;"Dois Irmãos das Missões";0;0;0;0;"Sim";0;"ALCANÇOU"
"RS";430645;"Dois Lajeados";0;0;0;0;"Sim";0;"ALCANÇOU"
"RS";430650;"Dom Feliciano";0;0;2;0;"Sim";0;"ALCANÇOU"
"RS";430655;"Dom Pedro de Alcântara";0;0;1;0;"Sim";0;"ALCANÇOU"
"RS";430660;"Dom Pedrito";0;0;30;0;"Sim";0;"ALCANÇOU"
"RS";430670;"Dona Francisca";0;0;0;0;"Sim";0;"ALCANÇOU"
"RS";430673;"Doutor Maurício Cardoso";0;0;1;0;"Sim";0;"ALCANÇOU"
"RS";430675;"Doutor Ricardo";0;0;0;0;"Sim";0;"ALCANÇOU"
"RS";430676;"Eldorado do Sul";0;6;3;200;"Não";200;"NÃO ALCANÇOU"
"RS";430680;"Encantado";100;0;2;0;"Sim";-100;"ALCANÇOU"
"RS";430690;"Encruzilhada do Sul";11,1111111111111;0;4;0;"Sim";-11,1;"ALCANÇOU"
"RS";430692;"Engenho Velho";0;0;0;0;"Sim";0;"ALCANÇOU"
"RS";430693;"Entre-Ijuís";0;0;0;0;"Sim";0;"ALCANÇOU"
"RS";430695;"Entre Rios do Sul";0;0;1;0;"Sim";0;"ALCANÇOU"
"RS";430697;"Erebango";0;0;0;0;"Sim";0;"ALCANÇOU"
"RS";430700;"Erechim";63,3333333333333;6;34;17,6470588235294;"Sim";-45,7;"ALCANÇOU"
"RS";430705;"Ernestina";0;0;0;0;"Sim";0;"ALCANÇOU"
"RS";430710;"Herval";0;1;2;50;"Não";50;"NÃO ALCANÇOU"
"RS";430720;"Erval Grande";0;1;0;0;"Sim";0;"ALCANÇOU"
"RS";430730;"Erval Seco";0;0;3;0;"Sim";0;"ALCANÇOU"
"RS";430740;"Esmeralda";0;0;0;0;"Sim";0;"ALCANÇOU"
"RS";430745;"Esperança do Sul";0;0;0;0;"Sim";0;"ALCANÇOU"
"RS";430750;"Espumoso";0;3;3;100;"Não";100;"NÃO ALCANÇOU"
"RS";430755;"Estação";100;0;2;0;"Sim";-100;"ALCANÇOU"
"RS";430760;"Estância Velha";47,3684210526316;5;11;45,4545454545455;"Sim";-1,9;"ALCANÇOU"
"RS";430770;"Esteio";26,8292682926829;2;42;4,76190476190476;"Sim";-22,1;"ALCANÇOU"
"RS";430780;"Estrela";0;0;19;0;"Sim";0;"ALCANÇOU"
"RS";430781;"Estrela Velha";0;0;0;0;"Sim";0;"ALCANÇOU"
"RS";430783;"Eugênio de Castro";0;0;3;0;"Sim";0;"ALCANÇOU"
"RS";430786;"Fagundes Varela";0;0;0;0;"Sim";0;"ALCANÇOU"
"RS";430790;"Farroupilha";12,8205128205128;1;38;2,63157894736842;"Sim";-10,2;"ALCANÇOU"
"RS";430800;"Faxinal do Soturno";0;0;1;0;"Sim";0;"ALCANÇOU"
"RS";430805;"Faxinalzinho";0;0;0;0;"Sim";0;"ALCANÇOU"
"RS";430807;"Fazenda Vilanova";0;1;2;50;"Não";50;"NÃO ALCANÇOU"
"RS";430810;"Feliz";50;0;4;0;"Sim";-50;"ALCANÇOU"
"RS";430820;"Flores da Cunha";66,6666666666667;2;8;25;"Sim";-41,7;"ALCANÇOU"
"RS";430825;"Floriano Peixoto";0;0;0;0;"Sim";0;"ALCANÇOU"
"RS";430830;"Fontoura Xavier";0;1;2;50;"Não";50;"NÃO ALCANÇOU"
"RS";430840;"Formigueiro";0;0;2;0;"Sim";0;"ALCANÇOU"
"RS";430843;"Forquetinha";0;0;0;0;"Sim";0;"ALCANÇOU"
"RS";430845;"Fortaleza dos Valos";0;0;0;0;"Sim";0;"ALCANÇOU"
"RS";430850;"Frederico Westphalen";0;3;4;75;"Não";75;"NÃO ALCANÇOU"
"RS";430860;"Garibaldi";0;0;2;0;"Sim";0;"ALCANÇOU"
"RS";430865;"Garruchos";0;0;1;0;"Sim";0;"ALCANÇOU"
"RS";430870;"Gaurama";0;0;0;0;"Sim";0;"ALCANÇOU"
"RS";430880;"General Câmara";0;0;0;0;"Sim";0;"ALCANÇOU"
"RS";430885;"Gentil";0;0;1;0;"Sim";0;"ALCANÇOU"
"RS";430890;"Getúlio Vargas";0;1;2;50;"Não";50;"NÃO ALCANÇOU"
"RS";430900;"Giruá";50;5;4;125;"Não";75;"NÃO ALCANÇOU"
"RS";430905;"Glorinha";0;1;0;0;"Sim";0;"ALCANÇOU"
"RS";430910;"Gramado";20,8333333333333;10;28;35,7142857142857;"Não";14,9;"NÃO ALCANÇOU"
"RS";430912;"Gramado dos Loureiros";0;0;0;0;"Sim";0;"ALCANÇOU"
"RS";430915;"Gramado Xavier";0;0;1;0;"Sim";0;"ALCANÇOU"
"RS";430920;"Gravataí";16,3522012578616;37;149;24,8322147651007;"Não";8,5;"NÃO ALCANÇOU"
"RS";430925;"Guabiju";0;0;0;0;"Sim";0;"ALCANÇOU"
"RS";430930;"Guaíba";23,8805970149254;22;44;50;"Não";26,1;"NÃO ALCANÇOU"
"RS";430940;"Guaporé";57,1428571428571;0;1;0;"Sim";-57,1;"ALCANÇOU"
"RS";430950;"Guarani das Missões";0;0;1;0;"Sim";0;"ALCANÇOU"
"RS";430955;"Harmonia";0;0;3;0;"Sim";0;"ALCANÇOU"
"RS";430957;"Herveiras";0;0;1;0;"Sim";0;"ALCANÇOU"
"RS";430960;"Horizontina";0;1;7;14,2857142857143;"Não";14,3;"NÃO ALCANÇOU"
"RS";430965;"Hulha Negra";0;0;3;0;"Sim";0;"ALCANÇOU"
"RS";430970;"Humaitá";0;0;0;0;"Sim";0;"ALCANÇOU"
"RS";430975;"Ibarama";0;0;0;0;"Sim";0;"ALCANÇOU"
"RS";430980;"Ibiaçá";0;0;0;0;"Sim";0;"ALCANÇOU"
"RS";430990;"Ibiraiaras";0;2;1;200;"Não";200;"NÃO ALCANÇOU"
"RS";430995;"Ibirapuitã";0;0;2;0;"Sim";0;"ALCANÇOU"
"RS";431000;"Ibirubá";0;0;5;0;"Sim";0;"ALCANÇOU"
"RS";431010;"Igrejinha";19,4444444444444;2;29;6,89655172413793;"Sim";-12,5;"ALCANÇOU"
"RS";431020;"Ijuí";11,3207547169811;8;46;17,3913043478261;"Não";6,1;"NÃO ALCANÇOU"
"RS";431030;"Ilópolis";0;0;1;0;"Sim";0;"ALCANÇOU"
"RS";431033;"Imbé";35;5;16;31,25;"Sim";-3,8;"ALCANÇOU"
"RS";431036;"Imigrante";0;0;0;0;"Sim";0;"ALCANÇOU"
"RS";431040;"Independência";0;0;0;0;"Sim";0;"ALCANÇOU"
"RS";431041;"Inhacorá";0;0;0;0;"Sim";0;"ALCANÇOU"
"RS";431043;"Ipê";0;0;1;0;"Sim";0;"ALCANÇOU"
"RS";431046;"Ipiranga do Sul";0;0;0;0;"Sim";0;"ALCANÇOU"
"RS";431050;"Iraí";0;0;0;0;"Sim";0;"ALCANÇOU"
"RS";431053;"Itaara";0;2;4;50;"Não";50;"NÃO ALCANÇOU"
"RS";431055;"Itacurubi";0;0;0;0;"Sim";0;"ALCANÇOU"
"RS";431057;"Itapuca";0;0;0;0;"Sim";0;"ALCANÇOU"
"RS";431060;"Itaqui";100;2;16;12,5;"Sim";-87,5;"ALCANÇOU"
"RS";431065;"Itati";0;0;0;0;"Sim";0;"ALCANÇOU"
"RS";431070;"Itatiba do Sul";0;1;1;100;"Não";100;"NÃO ALCANÇOU"
"RS";431075;"Ivorá";0;0;0;0;"Sim";0;"ALCANÇOU"
"RS";431080;"Ivoti";0;0;2;0;"Sim";0;"ALCANÇOU"
"RS";431085;"Jaboticaba";0;0;1;0;"Sim";0;"ALCANÇOU"
"RS";431087;"Jacuizinho";0;0;0;0;"Sim";0;"ALCANÇOU"
"RS";431090;"Jacutinga";0;0;1;0;"Sim";0;"ALCANÇOU"
"RS";431100;"Jaguarão";62,5;0;8;0;"Sim";-62,5;"ALCANÇOU"
"RS";431110;"Jaguari";0;0;0;0;"Sim";0;"ALCANÇOU"
"RS";431112;"Jaquirana";0;0;0;0;"Sim";0;"ALCANÇOU"
"RS";431113;"Jari";0;0;1;0;"Sim";0;"ALCANÇOU"
"RS";431115;"Jóia";0;0;1;0;"Sim";0;"ALCANÇOU"
"RS";431120;"Júlio de Castilhos";90;5;11;45,4545454545455;"Sim";-44,5;"ALCANÇOU"
"RS";431123;"Lagoa Bonita do Sul";0;0;0;0;"Sim";0;"ALCANÇOU"
"RS";431125;"Lagoão";0;1;0;0;"Sim";0;"ALCANÇOU"
"RS";431127;"Lagoa dos Três Cantos";0;0;0;0;"Sim";0;"ALCANÇOU"
"RS";431130;"Lagoa Vermelha";6,25;0;15;0;"Sim";-6,2;"ALCANÇOU"
"RS";431140;"Lajeado";38,0952380952381;21;66;31,8181818181818;"Sim";-6,3;"ALCANÇOU"
"RS";431142;"Lajeado do Bugre";0;1;0;0;"Sim";0;"ALCANÇOU"
"RS";431150;"Lavras do Sul";0;0;1;0;"Sim";0;"ALCANÇOU"
"RS";431160;"Liberato Salzano";0;0;0;0;"Sim";0;"ALCANÇOU"
"RS";431162;"Lindolfo Collor";0;0;0;0;"Sim";0;"ALCANÇOU"
"RS";431164;"Linha Nova";0;1;0;0;"Sim";0;"ALCANÇOU"
"RS";431170;"Machadinho";0;0;0;0;"Sim";0;"ALCANÇOU"
"RS";431171;"Maçambará";0;0;1;0;"Sim";0;"ALCANÇOU"
"RS";431173;"Mampituba";0;0;0;0;"Sim";0;"ALCANÇOU"
"RS";431175;"Manoel Viana";66,6666666666667;1;3;33,3333333333333;"Sim";-33,3;"ALCANÇOU"
"RS";431177;"Maquiné";0;0;0;0;"Sim";0;"ALCANÇOU"
"RS";431179;"Maratá";0;0;0;0;"Sim";0;"ALCANÇOU"
"RS";431180;"Marau";15,7894736842105;5;17;29,4117647058824;"Não";13,6;"NÃO ALCANÇOU"
"RS";431190;"Marcelino Ramos";0;0;0;0;"Sim";0;"ALCANÇOU"
"RS";431198;"Mariana Pimentel";0;1;1;100;"Não";100;"NÃO ALCANÇOU"
"RS";431200;"Mariano Moro";0;0;0;0;"Sim";0;"ALCANÇOU"
"RS";431205;"Marques de Souza";0;0;0;0;"Sim";0;"ALCANÇOU"
"RS";431210;"Mata";0;0;2;0;"Sim";0;"ALCANÇOU"
"RS";431213;"Mato Castelhano";0;0;0;0;"Sim";0;"ALCANÇOU"
"RS";431215;"Mato Leitão";0;1;2;50;"Não";50;"NÃO ALCANÇOU"
"RS";431217;"Mato Queimado";0;1;2;50;"Não";50;"NÃO ALCANÇOU"
"RS";431220;"Maximiliano de Almeida";0;0;0;0;"Sim";0;"ALCANÇOU"
"RS";431225;"Minas do Leão";0;0;0;0;"Sim";0;"ALCANÇOU"
"RS";431230;"Miraguaí";0;0;0;0;"Sim";0;"ALCANÇOU"
"RS";431235;"Montauri";0;0;0;0;"Sim";0;"ALCANÇOU"
"RS";431237;"Monte Alegre dos Campos";0;0;0;0;"Sim";0;"ALCANÇOU"
"RS";431238;"Monte Belo do Sul";0;0;0;0;"Sim";0;"ALCANÇOU"
"RS";431240;"Montenegro";27,906976744186;8;45;17,7777777777778;"Sim";-10,1;"ALCANÇOU"
"RS";431242;"Mormaço";0;1;0;0;"Sim";0;"ALCANÇOU"
"RS";431244;"Morrinhos do Sul";0;1;1;100;"Não";100;"NÃO ALCANÇOU"
"RS";431245;"Morro Redondo";0;1;2;50;"Não";50;"NÃO ALCANÇOU"
"RS";431247;"Morro Reuter";0;0;1;0;"Sim";0;"ALCANÇOU"
"RS";431250;"Mostardas";0;4;8;50;"Não";50;"NÃO ALCANÇOU"
"RS";431260;"Muçum";0;0;2;0;"Sim";0;"ALCANÇOU"
"RS";431261;"Muitos Capões";0;0;0;0;"Sim";0;"ALCANÇOU"
"RS";431262;"Muliterno";0;0;0;0;"Sim";0;"ALCANÇOU"
"RS";431265;"Não-Me-Toque";0;0;4;0;"Sim";0;"ALCANÇOU"
"RS";431267;"Nicolau Vergueiro";0;0;0;0;"Sim";0;"ALCANÇOU"
"RS";431270;"Nonoai";0;0;0;0;"Sim";0;"ALCANÇOU"
"RS";431275;"Nova Alvorada";0;0;3;0;"Sim";0;"ALCANÇOU"
"RS";431280;"Nova Araçá";0;0;0;0;"Sim";0;"ALCANÇOU"
"RS";431290;"Nova Bassano";0;0;4;0;"Sim";0;"ALCANÇOU"
"RS";431295;"Nova Boa Vista";0;0;0;0;"Sim";0;"ALCANÇOU"
"RS";431300;"Nova Bréscia";0;0;0;0;"Sim";0;"ALCANÇOU"
"RS";431301;"Nova Candelária";0;0;0;0;"Sim";0;"ALCANÇOU"
"RS";431303;"Nova Esperança do Sul";0;0;0;0;"Sim";0;"ALCANÇOU"
"RS";431306;"Nova Hartz";0;1;15;6,66666666666667;"Não";6,7;"NÃO ALCANÇOU"
"RS";431308;"Nova Pádua";0;0;0;0;"Sim";0;"ALCANÇOU"
"RS";431310;"Nova Palma";0;0;0;0;"Sim";0;"ALCANÇOU"
"RS";431320;"Nova Petrópolis";0;0;3;0;"Sim";0;"ALCANÇOU"
"RS";431330;"Nova Prata";0;2;2;100;"Não";100;"NÃO ALCANÇOU"
"RS";431333;"Nova Ramada";0;0;0;0;"Sim";0;"ALCANÇOU"
"RS";431335;"Nova Roma do Sul";0;0;0;0;"Sim";0;"ALCANÇOU"
"RS";431337;"Nova Santa Rita";42,8571428571429;4;11;36,3636363636364;"Sim";-6,5;"ALCANÇOU"
"RS";431339;"Novo Cabrais";0;0;0;0;"Sim";0;"ALCANÇOU"
"RS";431340;"Novo Hamburgo";45;44;117;37,6068376068376;"Sim";-7,4;"ALCANÇOU"
"RS";431342;"Novo Machado";0;0;0;0;"Sim";0;"ALCANÇOU"
"RS";431344;"Novo Tiradentes";0;0;1;0;"Sim";0;"ALCANÇOU"
"RS";431346;"Novo Xingu";0;0;0;0;"Sim";0;"ALCANÇOU"
"RS";431349;"Novo Barreiro";0;0;0;0;"Sim";0;"ALCANÇOU"
"RS";431350;"Osório";11,1111111111111;4;23;17,3913043478261;"Não";6,3;"NÃO ALCANÇOU"
"RS";431360;"Paim Filho";0;0;1;0;"Sim";0;"ALCANÇOU"
"RS";431365;"Palmares do Sul";50;0;4;0;"Sim";-50;"ALCANÇOU"
"RS";431370;"Palmeira das Missões";31,5789473684211;8;12;66,6666666666667;"Não";35,1;"NÃO ALCANÇOU"
"RS";431380;"Palmitinho";0;1;4;25;"Não";25;"NÃO ALCANÇOU"
"RS";431390;"Panambi";0;3;6;50;"Não";50;"NÃO ALCANÇOU"
"RS";431395;"Pantano Grande";16,6666666666667;3;9;33,3333333333333;"Não";16,7;"NÃO ALCANÇOU"
"RS";431400;"Paraí";0;0;2;0;"Sim";0;"ALCANÇOU"
"RS";431402;"Paraíso do Sul";0;2;0;0;"Sim";0;"ALCANÇOU"
"RS";431403;"Pareci Novo";0;0;2;0;"Sim";0;"ALCANÇOU"
"RS";431405;"Parobé";52;7;30;23,3333333333333;"Sim";-28,7;"ALCANÇOU"
"RS";431406;"Passa Sete";0;0;1;0;"Sim";0;"ALCANÇOU"
"RS";431407;"Passo do Sobrado";0;1;0;0;"Sim";0;"ALCANÇOU"
"RS";431410;"Passo Fundo";30,6666666666667;44;149;29,5302013422819;"Sim";-1,1;"ALCANÇOU"
"RS";431413;"Paulo Bento";0;0;0;0;"Sim";0;"ALCANÇOU"
"RS";431415;"Paverama";50;1;3;33,3333333333333;"Sim";-16,7;"ALCANÇOU"
"RS";431417;"Pedras Altas";0;0;0;0;"Sim";0;"ALCANÇOU"
"RS";431420;"Pedro Osório";40;0;3;0;"Sim";-40;"ALCANÇOU"
"RS";431430;"Pejuçara";0;0;0;0;"Sim";0;"ALCANÇOU"
"RS";431440;"Pelotas";34,1935483870968;51;156;32,6923076923077;"Sim";-1,5;"ALCANÇOU"
"RS";431442;"Picada Café";0;0;1;0;"Sim";0;"ALCANÇOU"
"RS";431445;"Pinhal";0;1;2;50;"Não";50;"NÃO ALCANÇOU"
"RS";431446;"Pinhal da Serra";0;0;0;0;"Sim";0;"ALCANÇOU"
"RS";431447;"Pinhal Grande";0;1;0;0;"Sim";0;"ALCANÇOU"
"RS";431449;"Pinheirinho do Vale";0;2;0;0;"Sim";0;"ALCANÇOU"
"RS";431450;"Pinheiro Machado";0;0;4;0;"Sim";0;"ALCANÇOU"
"RS";431454;"Pinto Bandeira";0;1;0;0;"Sim";0;"ALCANÇOU"
"RS";431455;"Pirapó";0;0;0;0;"Sim";0;"ALCANÇOU"
"RS";431460;"Piratini";33,3333333333333;2;6;33,3333333333333;"Não";0;"NÃO ALCANÇOU"
"RS";431470;"Planalto";0;0;0;0;"Sim";0;"ALCANÇOU"
"RS";431475;"Poço das Antas";0;0;0;0;"Sim";0;"ALCANÇOU"
"RS";431477;"Pontão";0;0;0;0;"Sim";0;"ALCANÇOU"
"RS";431478;"Ponte Preta";0;0;0;0;"Sim";0;"ALCANÇOU"
"RS";431480;"Portão";71,4285714285714;9;11;81,8181818181818;"Não";10,4;"NÃO ALCANÇOU"
"RS";431490;"Porto Alegre";41,340782122905;243;687;35,3711790393013;"Sim";-6;"ALCANÇOU"
"RS";431500;"Porto Lucena";0;0;0;0;"Sim";0;"ALCANÇOU"
"RS";431505;"Porto Mauá";0;0;0;0;"Sim";0;"ALCANÇOU"
"RS";431507;"Porto Vera Cruz";0;0;0;0;"Sim";0;"ALCANÇOU"
"RS";431510;"Porto Xavier";0;0;2;0;"Sim";0;"ALCANÇOU"
"RS";431513;"Pouso Novo";0;0;0;0;"Sim";0;"ALCANÇOU"
"RS";431514;"Presidente Lucena";0;0;0;0;"Sim";0;"ALCANÇOU"
"RS";431515;"Progresso";50;0;1;0;"Sim";-50;"ALCANÇOU"
"RS";431517;"Protásio Alves";0;0;0;0;"Sim";0;"ALCANÇOU"
"RS";431520;"Putinga";0;0;0;0;"Sim";0;"ALCANÇOU"
"RS";431530;"Quaraí";50;3;10;30;"Sim";-20;"ALCANÇOU"
"RS";431531;"Quatro Irmãos";0;1;0;0;"Sim";0;"ALCANÇOU"
"RS";431532;"Quevedos";0;0;0;0;"Sim";0;"ALCANÇOU"
"RS";431535;"Quinze de Novembro";0;0;0;0;"Sim";0;"ALCANÇOU"
"RS";431540;"Redentora";0;3;2;150;"Não";150;"NÃO ALCANÇOU"
"RS";431545;"Relvado";0;0;0;0;"Sim";0;"ALCANÇOU"
"RS";431550;"Restinga Seca";100;2;3;66,6666666666667;"Sim";-33,3;"ALCANÇOU"
"RS";431555;"Rio dos Índios";0;0;0;0;"Sim";0;"ALCANÇOU"
"RS";431560;"Rio Grande";43,421052631579;47;147;31,9727891156463;"Sim";-11,4;"ALCANÇOU"
"RS";431570;"Rio Pardo";12,5;5;16;31,25;"Não";18,8;"NÃO ALCANÇOU"
"RS";431575;"Riozinho";0;1;0;0;"Sim";0;"ALCANÇOU"
"RS";431580;"Roca Sales";0;2;0;0;"Sim";0;"ALCANÇOU"
"RS";431590;"Rodeio Bonito";0;1;3;33,3333333333333;"Não";33,3;"NÃO ALCANÇOU"
"RS";431595;"Rolador";0;0;0;0;"Sim";0;"ALCANÇOU"
"RS";431600;"Rolante";12,5;0;3;0;"Sim";-12,5;"ALCANÇOU"
"RS";431610;"Ronda Alta";0;0;0;0;"Sim";0;"ALCANÇOU"
"RS";431620;"Rondinha";0;0;1;0;"Sim";0;"ALCANÇOU"
"RS";431630;"Roque Gonzales";0;0;1;0;"Sim";0;"ALCANÇOU"
"RS";431640;"Rosário do Sul";6,25;4;11;36,3636363636364;"Não";30,1;"NÃO ALCANÇOU"
"RS";431642;"Sagrada Família";0;0;0;0;"Sim";0;"ALCANÇOU"
"RS";431643;"Saldanha Marinho";0;0;2;0;"Sim";0;"ALCANÇOU"
"RS";431645;"Salto do Jacuí";0;1;2;50;"Não";50;"NÃO ALCANÇOU"
"RS";431647;"Salvador das Missões";0;0;1;0;"Sim";0;"ALCANÇOU"
"RS";431650;"Salvador do Sul";0;0;1;0;"Sim";0;"ALCANÇOU"
"RS";431660;"Sananduva";0;0;0;0;"Sim";0;"ALCANÇOU"
"RS";431670;"Santa Bárbara do Sul";33,3333333333333;0;5;0;"Sim";-33,3;"ALCANÇOU"
"RS";431673;"Santa Cecília do Sul";0;0;0;0;"Sim";0;"ALCANÇOU"
"RS";431675;"Santa Clara do Sul";0;0;0;0;"Sim";0;"ALCANÇOU"
"RS";431680;"Santa Cruz do Sul";22,2222222222222;16;59;27,1186440677966;"Não";4,9;"NÃO ALCANÇOU"
"RS";431690;"Santa Maria";52,9411764705882;64;121;52,8925619834711;"Não";-0,05;"NÃO ALCANÇOU"
"RS";431695;"Santa Maria do Herval";0;0;0;0;"Sim";0;"ALCANÇOU"
"RS";431697;"Santa Margarida do Sul";0;0;0;0;"Sim";0;"ALCANÇOU"
"RS";431700;"Santana da Boa Vista";0;1;1;100;"Não";100;"NÃO ALCANÇOU"
"RS";431710;"Sant'Ana do Livramento";21,3114754098361;21;89;23,5955056179775;"Não";2,3;"NÃO ALCANÇOU"
"RS";431720;"Santa Rosa";36,8421052631579;5;32;15,625;"Sim";-21,2;"ALCANÇOU"
"RS";431725;"Santa Tereza";0;0;0;0;"Sim";0;"ALCANÇOU"
"RS";431730;"Santa Vitória do Palmar";0;0;13;0;"Sim";0;"ALCANÇOU"
"RS";431740;"Santiago";14,2857142857143;5;23;21,7391304347826;"Não";7,5;"NÃO ALCANÇOU"
"RS";431750;"Santo Ângelo";14,2857142857143;16;39;41,025641025641;"Não";26,7;"NÃO ALCANÇOU"
"RS";431755;"Santo Antônio do Palma";0;0;0;0;"Sim";0;"ALCANÇOU"
"RS";431760;"Santo Antônio da Patrulha";31,25;5;19;26,3157894736842;"Sim";-4,9;"ALCANÇOU"
"RS";431770;"Santo Antônio das Missões";0;1;1;100;"Não";100;"NÃO ALCANÇOU"
"RS";431775;"Santo Antônio do Planalto";0;0;0;0;"Sim";0;"ALCANÇOU"
"RS";431780;"Santo Augusto";0;0;3;0;"Sim";0;"ALCANÇOU"
"RS";431790;"Santo Cristo";0;1;6;16,6666666666667;"Não";16,7;"NÃO ALCANÇOU"
"RS";431795;"Santo Expedito do Sul";0;0;0;0;"Sim";0;"ALCANÇOU"
"RS";431800;"São Borja";10,8695652173913;11;47;23,4042553191489;"Não";12,5;"NÃO ALCANÇOU"
"RS";431805;"São Domingos do Sul";0;0;0;0;"Sim";0;"ALCANÇOU"
"RS";431810;"São Francisco de Assis";36,3636363636364;5;4;125;"Não";88,6;"NÃO ALCANÇOU"
"RS";431820;"São Francisco de Paula";22,2222222222222;1;6;16,6666666666667;"Sim";-5,6;"ALCANÇOU"
"RS";431830;"São Gabriel";77,7777777777778;8;24;33,3333333333333;"Sim";-44,4;"ALCANÇOU"
"RS";431840;"São Jerônimo";0;3;3;100;"Não";100;"NÃO ALCANÇOU"
"RS";431842;"São João da Urtiga";0;0;0;0;"Sim";0;"ALCANÇOU"
"RS";431843;"São João do Polêsine";0;0;0;0;"Sim";0;"ALCANÇOU"
"RS";431844;"São Jorge";0;0;0;0;"Sim";0;"ALCANÇOU"
"RS";431845;"São José das Missões";0;0;0;0;"Sim";0;"ALCANÇOU"
"RS";431846;"São José do Herval";0;0;0;0;"Sim";0;"ALCANÇOU"
"RS";431848;"São José do Hortêncio";0;1;1;100;"Não";100;"NÃO ALCANÇOU"
"RS";431849;"São José do Inhacorá";0;0;0;0;"Sim";0;"ALCANÇOU"
"RS";431850;"São José do Norte";200;10;18;55,5555555555556;"Sim";-144,4;"ALCANÇOU"
"RS";431860;"São José do Ouro";0;0;0;0;"Sim";0;"ALCANÇOU"
"RS";431861;"São José do Sul";0;0;1;0;"Sim";0;"ALCANÇOU"
"RS";431862;"São José dos Ausentes";0;0;1;0;"Sim";0;"ALCANÇOU"
"RS";431870;"São Leopoldo";32,3170731707317;56;155;36,1290322580645;"Não";3,8;"NÃO ALCANÇOU"
"RS";431880;"São Lourenço do Sul";0;2;6;33,3333333333333;"Não";33,3;"NÃO ALCANÇOU"
"RS";431890;"São Luiz Gonzaga";6,25;0;17;0;"Sim";-6,2;"ALCANÇOU"
"RS";431900;"São Marcos";14,2857142857143;1;9;11,1111111111111;"Sim";-3,2;"ALCANÇOU"
"RS";431910;"São Martinho";0;0;1;0;"Sim";0;"ALCANÇOU"
"RS";431912;"São Martinho da Serra";0;2;3;66,6666666666667;"Não";66,7;"NÃO ALCANÇOU"
"RS";431915;"São Miguel das Missões";0;0;1;0;"Sim";0;"ALCANÇOU"
"RS";431920;"São Nicolau";0;0;1;0;"Sim";0;"ALCANÇOU"
"RS";431930;"São Paulo das Missões";0;0;0;0;"Sim";0;"ALCANÇOU"
"RS";431935;"São Pedro da Serra";0;1;2;50;"Não";50;"NÃO ALCANÇOU"
"RS";431936;"São Pedro das Missões";0;0;0;0;"Sim";0;"ALCANÇOU"
"RS";431937;"São Pedro do Butiá";0;0;0;0;"Sim";0;"ALCANÇOU"
"RS";431940;"São Pedro do Sul";33,3333333333333;6;7;85,7142857142857;"Não";52,4;"NÃO ALCANÇOU"
"RS";431950;"São Sebastião do Caí";21,4285714285714;6;12;50;"Não";28,6;"NÃO ALCANÇOU"
"RS";431960;"São Sepé";53,3333333333333;7;12;58,3333333333333;"Não";5;"NÃO ALCANÇOU"
"RS";431970;"São Valentim";0;0;0;0;"Sim";0;"ALCANÇOU"
"RS";431971;"São Valentim do Sul";0;0;0;0;"Sim";0;"ALCANÇOU"
"RS";431973;"São Valério do Sul";0;0;0;0;"Sim";0;"ALCANÇOU"
"RS";431975;"São Vendelino";0;0;1;0;"Sim";0;"ALCANÇOU"
"RS";431980;"São Vicente do Sul";0;0;0;0;"Sim";0;"ALCANÇOU"
"RS";431990;"Sapiranga";2,4390243902439;0;30;0;"Sim";-2,4;"ALCANÇOU"
"RS";432000;"Sapucaia do Sul";44,4444444444444;21;61;34,4262295081967;"Sim";-10;"ALCANÇOU"
"RS";432010;"Sarandi";12,5;0;7;0;"Sim";-12,5;"ALCANÇOU"
"RS";432020;"Seberi";66,6666666666667;0;6;0;"Sim";-66,7;"ALCANÇOU"
"RS";432023;"Sede Nova";0;0;0;0;"Sim";0;"ALCANÇOU"
"RS";432026;"Segredo";0;0;0;0;"Sim";0;"ALCANÇOU"
"RS";432030;"Selbach";0;0;2;0;"Sim";0;"ALCANÇOU"
"RS";432032;"Senador Salgado Filho";0;0;0;0;"Sim";0;"ALCANÇOU"
"RS";432035;"Sentinela do Sul";0;0;0;0;"Sim";0;"ALCANÇOU"
"RS";432040;"Serafina Corrêa";0;1;9;11,1111111111111;"Não";11,1;"NÃO ALCANÇOU"
"RS";432045;"Sério";0;0;0;0;"Sim";0;"ALCANÇOU"
"RS";432050;"Sertão";0;1;4;25;"Não";25;"NÃO ALCANÇOU"
"RS";432055;"Sertão Santana";0;2;1;200;"Não";200;"NÃO ALCANÇOU"
"RS";432057;"Sete de Setembro";0;0;0;0;"Sim";0;"ALCANÇOU"
"RS";432060;"Severiano de Almeida";0;1;0;0;"Sim";0;"ALCANÇOU"
"RS";432065;"Silveira Martins";0;0;0;0;"Sim";0;"ALCANÇOU"
"RS";432067;"Sinimbu";0;0;2;0;"Sim";0;"ALCANÇOU"
"RS";432070;"Sobradinho";33,3333333333333;0;3;0;"Sim";-33,3;"ALCANÇOU"
"RS";432080;"Soledade";39,2857142857143;6;15;40;"Não";0,7;"NÃO ALCANÇOU"
"RS";432085;"Tabaí";0;0;0;0;"Sim";0;"ALCANÇOU"
"RS";432090;"Tapejara";11,1111111111111;1;11;9,09090909090909;"Sim";-2;"ALCANÇOU"
"RS";432100;"Tapera";0;0;0;0;"Sim";0;"ALCANÇOU"
"RS";432110;"Tapes";100;1;1;100;"Não";0;"NÃO ALCANÇOU"
"RS";432120;"Taquara";22,7272727272727;7;34;20,5882352941176;"Sim";-2,1;"ALCANÇOU"
"RS";432130;"Taquari";20;4;9;44,4444444444444;"Não";24,4;"NÃO ALCANÇOU"
"RS";432132;"Taquaruçu do Sul";0;0;0;0;"Sim";0;"ALCANÇOU"
"RS";432135;"Tavares";0;0;3;0;"Sim";0;"ALCANÇOU"
"RS";432140;"Tenente Portela";20;1;5;20;"Não";0;"NÃO ALCANÇOU"
"RS";432143;"Terra de Areia";0;1;2;50;"Não";50;"NÃO ALCANÇOU"
"RS";432145;"Teutônia";5,26315789473684;2;9;22,2222222222222;"Não";17;"NÃO ALCANÇOU"
"RS";432146;"Tio Hugo";33,3333333333333;1;1;100;"Não";66,7;"NÃO ALCANÇOU"
"RS";432147;"Tiradentes do Sul";0;1;0;0;"Sim";0;"ALCANÇOU"
"RS";432149;"Toropi";0;0;0;0;"Sim";0;"ALCANÇOU"
"RS";432150;"Torres";44,8275862068966;18;36;50;"Não";5,2;"NÃO ALCANÇOU"
"RS";432160;"Tramandaí";38,1818181818182;30;67;44,7761194029851;"Não";6,6;"NÃO ALCANÇOU"
"RS";432162;"Travesseiro";0;0;0;0;"Sim";0;"ALCANÇOU"
"RS";432163;"Três Arroios";0;0;0;0;"Sim";0;"ALCANÇOU"
"RS";432166;"Três Cachoeiras";40;1;3;33,3333333333333;"Sim";-6,7;"ALCANÇOU"
"RS";432170;"Três Coroas";19,2307692307692;6;20;30;"Não";10,8;"NÃO ALCANÇOU"
"RS";432180;"Três de Maio";12,5;1;4;25;"Não";12,5;"NÃO ALCANÇOU"
"RS";432183;"Três Forquilhas";0;0;2;0;"Sim";0;"ALCANÇOU"
"RS";432185;"Três Palmeiras";0;0;0;0;"Sim";0;"ALCANÇOU"
"RS";432190;"Três Passos";0;2;17;11,7647058823529;"Não";11,8;"NÃO ALCANÇOU"
"RS";432195;"Trindade do Sul";0;1;1;100;"Não";100;"NÃO ALCANÇOU"
"RS";432200;"Triunfo";23,5294117647059;2;5;40;"Não";16,5;"NÃO ALCANÇOU"
"RS";432210;"Tucunduva";0;0;1;0;"Sim";0;"ALCANÇOU"
"RS";432215;"Tunas";0;0;0;0;"Sim";0;"ALCANÇOU"
"RS";432218;"Tupanci do Sul";0;0;0;0;"Sim";0;"ALCANÇOU"
"RS";432220;"Tupanciretã";30;4;5;80;"Não";50;"NÃO ALCANÇOU"
"RS";432225;"Tupandi";0;1;2;50;"Não";50;"NÃO ALCANÇOU"
"RS";432230;"Tuparendi";0;0;0;0;"Sim";0;"ALCANÇOU"
"RS";432232;"Turuçu";0;1;1;100;"Não";100;"NÃO ALCANÇOU"
"RS";432234;"Ubiretama";0;0;0;0;"Sim";0;"ALCANÇOU"
"RS";432235;"União da Serra";0;0;0;0;"Sim";0;"ALCANÇOU"
"RS";432237;"Unistalda";0;0;0;0;"Sim";0;"ALCANÇOU"
"RS";432240;"Uruguaiana";45,9770114942529;70;114;61,4035087719298;"Não";15,4;"NÃO ALCANÇOU"
"RS";432250;"Vacaria";35;16;49;32,6530612244898;"Sim";-2,3;"ALCANÇOU"
"RS";432252;"Vale Verde";0;0;0;0;"Sim";0;"ALCANÇOU"
"RS";432253;"Vale do Sol";0;2;2;100;"Não";100;"NÃO ALCANÇOU"
"RS";432254;"Vale Real";0;0;1;0;"Sim";0;"ALCANÇOU"
"RS";432255;"Vanini";0;0;0;0;"Sim";0;"ALCANÇOU"
"RS";432260;"Venâncio Aires";10,5263157894737;2;27;7,40740740740741;"Sim";-3,1;"ALCANÇOU"
"RS";432270;"Vera Cruz";25;1;4;25;"Não";0;"NÃO ALCANÇOU"
"RS";432280;"Veranópolis";0;1;7;14,2857142857143;"Não";14,3;"NÃO ALCANÇOU"
"RS";432285;"Vespasiano Correa";0;0;0;0;"Sim";0;"ALCANÇOU"
"RS";432290;"Viadutos";0;0;0;0;"Sim";0;"ALCANÇOU"
"RS";432300;"Viamão";62,7586206896552;51;127;40,1574803149606;"Sim";-22,6;"ALCANÇOU"
"RS";432310;"Vicente Dutra";0;0;1;0;"Sim";0;"ALCANÇOU"
"RS";432320;"Victor Graeff";0;0;0;0;"Sim";0;"ALCANÇOU"
"RS";432330;"Vila Flores";0;0;0;0;"Sim";0;"ALCANÇOU"
"RS";432335;"Vila Lângaro";0;0;0;0;"Sim";0;"ALCANÇOU"
"RS";432340;"Vila Maria";0;1;2;50;"Não";50;"NÃO ALCANÇOU"
"RS";432345;"Vila Nova do Sul";0;0;1;0;"Sim";0;"ALCANÇOU"
"RS";432350;"Vista Alegre";0;0;1;0;"Sim";0;"ALCANÇOU"
"RS";432360;"Vista Alegre do Prata";0;0;0;0;"Sim";0;"ALCANÇOU"
"RS";432370;"Vista Gaúcha";0;0;0;0;"Sim";0;"ALCANÇOU"
"RS";432375;"Vitória das Missões";0;0;0;0;"Sim";0;"ALCANÇOU"
"RS";432377;"Westfalia";0;0;0;0;"Sim";0;"ALCANÇOU"
"RS";432380;"Xangri-lá";36,3636363636364;0;4;0;"Sim";-36,4;"ALCANÇOU"
"MS";500020;"Água Clara";0;1;6;16,6666666666667;"Não";16,7;"NÃO ALCANÇOU"
"MS";500025;"Alcinópolis";0;0;2;0;"Sim";0;"ALCANÇOU"
"MS";500060;"Amambai";17,6470588235294;4;19;21,0526315789474;"Não";3,4;"NÃO ALCANÇOU"
"MS";500070;"Anastácio";22,2222222222222;5;25;20;"Sim";-2,2;"ALCANÇOU"
"MS";500080;"Anaurilândia";0;0;4;0;"Sim";0;"ALCANÇOU"
"MS";500085;"Angélica";0;1;3;33,3333333333333;"Não";33,3;"NÃO ALCANÇOU"
"MS";500090;"Antônio João";50;2;10;20;"Sim";-30;"ALCANÇOU"
"MS";500100;"Aparecida do Taboado";50;0;5;0;"Sim";-50;"ALCANÇOU"
"MS";500110;"Aquidauana";11,1111111111111;8;34;23,5294117647059;"Não";12,4;"NÃO ALCANÇOU"
"MS";500124;"Aral Moreira";0;0;0;0;"Sim";0;"ALCANÇOU"
"MS";500150;"Bandeirantes";33,3333333333333;2;3;66,6666666666667;"Não";33,3;"NÃO ALCANÇOU"
"MS";500190;"Bataguassu";0;1;1;100;"Não";100;"NÃO ALCANÇOU"
"MS";500200;"Batayporã";0;1;1;100;"Não";100;"NÃO ALCANÇOU"
"MS";500210;"Bela Vista";0;1;0;0;"Sim";0;"ALCANÇOU"
"MS";500215;"Bodoquena";0;2;0;0;"Sim";0;"ALCANÇOU"
"MS";500220;"Bonito";25;3;8;37,5;"Não";12,5;"NÃO ALCANÇOU"
"MS";500230;"Brasilândia";66,6666666666667;4;5;80;"Não";13,3;"NÃO ALCANÇOU"
"MS";500240;"Caarapó";35,7142857142857;3;7;42,8571428571429;"Não";7,1;"NÃO ALCANÇOU"
"MS";500260;"Camapuã";38,4615384615385;8;7;114,285714285714;"Não";75,8;"NÃO ALCANÇOU"
"MS";500270;"Campo Grande";21,1678832116788;144;589;24,4482173174873;"Não";3,3;"NÃO ALCANÇOU"
"MS";500280;"Caracol";0;2;3;66,6666666666667;"Não";66,7;"NÃO ALCANÇOU"
"MS";500290;"Cassilândia";0;1;7;14,2857142857143;"Não";14,3;"NÃO ALCANÇOU"
"MS";500295;"Chapadão do Sul";5,88235294117647;3;13;23,0769230769231;"Não";17,2;"NÃO ALCANÇOU"
"MS";500310;"Corguinho";0;2;1;200;"Não";200;"NÃO ALCANÇOU"
"MS";500315;"Coronel Sapucaia";20;2;5;40;"Não";20;"NÃO ALCANÇOU"
"MS";500320;"Corumbá";22,5;40;75;53,3333333333333;"Não";30,8;"NÃO ALCANÇOU"
"MS";500325;"Costa Rica";40;0;2;0;"Sim";-40;"ALCANÇOU"
"MS";500330;"Coxim";30,7692307692308;0;15;0;"Sim";-30,8;"ALCANÇOU"
"MS";500345;"Deodápolis";66,6666666666667;2;2;100;"Não";33,3;"NÃO ALCANÇOU"
"MS";500348;"Dois Irmãos do Buriti";0;4;4;100;"Não";100;"NÃO ALCANÇOU"
"MS";500350;"Douradina";0;0;0;0;"Sim";0;"ALCANÇOU"
"MS";500370;"Dourados";20,9756097560976;43;221;19,4570135746606;"Sim";-1,5;"ALCANÇOU"
"MS";500375;"Eldorado";0;1;1;100;"Não";100;"NÃO ALCANÇOU"
"MS";500380;"Fátima do Sul";0;0;6;0;"Sim";0;"ALCANÇOU"
"MS";500390;"Figueirão";0;0;1;0;"Sim";0;"ALCANÇOU"
"MS";500400;"Glória de Dourados";0;1;0;0;"Sim";0;"ALCANÇOU"
"MS";500410;"Guia Lopes da Laguna";20;0;9;0;"Sim";-20;"ALCANÇOU"
"MS";500430;"Iguatemi";0;0;2;0;"Sim";0;"ALCANÇOU"
"MS";500440;"Inocência";100;1;2;50;"Sim";-50;"ALCANÇOU"
"MS";500450;"Itaporã";6,25;1;17;5,88235294117647;"Não";-0,37;"NÃO ALCANÇOU"
"MS";500460;"Itaquiraí";34,7826086956522;4;10;40;"Não";5,2;"NÃO ALCANÇOU"
"MS";500470;"Ivinhema";0;2;10;20;"Não";20;"NÃO ALCANÇOU"
"MS";500480;"Japorã";0;2;6;33,3333333333333;"Não";33,3;"NÃO ALCANÇOU"
"MS";500490;"Jaraguari";0;1;2;50;"Não";50;"NÃO ALCANÇOU"
"MS";500500;"Jardim";10,5263157894737;2;9;22,2222222222222;"Não";11,7;"NÃO ALCANÇOU"
"MS";500510;"Jateí";0;0;0;0;"Sim";0;"ALCANÇOU"
"MS";500515;"Juti";33,3333333333333;0;3;0;"Sim";-33,3;"ALCANÇOU"
"MS";500520;"Ladário";8,33333333333333;6;16;37,5;"Não";29,2;"NÃO ALCANÇOU"
"MS";500525;"Laguna Carapã";0;1;3;33,3333333333333;"Não";33,3;"NÃO ALCANÇOU"
"MS";500540;"Maracaju";3,44827586206897;3;31;9,67741935483871;"Não";6,2;"NÃO ALCANÇOU"
"MS";500560;"Miranda";25;3;9;33,3333333333333;"Não";8,3;"NÃO ALCANÇOU"
"MS";500568;"Mundo Novo";20;1;13;7,69230769230769;"Sim";-12,3;"ALCANÇOU"
"MS";500570;"Naviraí";12,9032258064516;3;25;12;"Não";-0,9;"NÃO ALCANÇOU"
"MS";500580;"Nioaque";25;5;10;50;"Não";25;"NÃO ALCANÇOU"
"MS";500600;"Nova Alvorada do Sul";0;4;6;66,6666666666667;"Não";66,7;"NÃO ALCANÇOU"
"MS";500620;"Nova Andradina";2,85714285714286;3;31;9,67741935483871;"Não";6,8;"NÃO ALCANÇOU"
"MS";500625;"Novo Horizonte do Sul";0;1;3;33,3333333333333;"Não";33,3;"NÃO ALCANÇOU"
"MS";500627;"Paraíso das Águas";0;1;1;100;"Não";100;"NÃO ALCANÇOU"
"MS";500630;"Paranaíba";42,8571428571429;1;6;16,6666666666667;"Sim";-26,2;"ALCANÇOU"
"MS";500635;"Paranhos";100;1;4;25;"Sim";-75;"ALCANÇOU"
"MS";500640;"Pedro Gomes";0;0;4;0;"Sim";0;"ALCANÇOU"
"MS";500660;"Ponta Porã";25,8064516129032;1;41;2,4390243902439;"Sim";-23,4;"ALCANÇOU"
"MS";500690;"Porto Murtinho";100;0;1;0;"Sim";-100;"ALCANÇOU"
"MS";500710;"Ribas do Rio Pardo";36,3636363636364;6;10;60;"Não";23,6;"NÃO ALCANÇOU"
"MS";500720;"Rio Brilhante";0;1;5;20;"Não";20;"NÃO ALCANÇOU"
"MS";500730;"Rio Negro";0;0;0;0;"Sim";0;"ALCANÇOU"
"MS";500740;"Rio Verde de Mato Grosso";54,5454545454545;6;14;42,8571428571429;"Sim";-11,7;"ALCANÇOU"
"MS";500750;"Rochedo";0;2;3;66,6666666666667;"Não";66,7;"NÃO ALCANÇOU"
"MS";500755;"Santa Rita do Pardo";0;0;1;0;"Sim";0;"ALCANÇOU"
"MS";500769;"São Gabriel do Oeste";11,1111111111111;5;11;45,4545454545455;"Não";34,3;"NÃO ALCANÇOU"
"MS";500770;"Sete Quedas";0;3;1;300;"Não";300;"NÃO ALCANÇOU"
"MS";500780;"Selvíria";0;0;3;0;"Sim";0;"ALCANÇOU"
"MS";500790;"Sidrolândia";31,5789473684211;9;48;18,75;"Sim";-12,8;"ALCANÇOU"
"MS";500793;"Sonora";60;5;10;50;"Sim";-10;"ALCANÇOU"
"MS";500795;"Tacuru";100;2;1;200;"Não";100;"NÃO ALCANÇOU"
"MS";500797;"Taquarussu";0;0;0;0;"Sim";0;"ALCANÇOU"
"MS";500800;"Terenos";66,6666666666667;2;3;66,6666666666667;"Não";0;"NÃO ALCANÇOU"
"MS";500830;"Três Lagoas";12,5;2;21;9,52380952380952;"Sim";-3;"ALCANÇOU"
"MS";500840;"Vicentina";0;0;3;0;"Sim";0;"ALCANÇOU"
"MT";510010;"Acorizal";0;0;0;0;"Sim";0;"ALCANÇOU"
"MT";510020;"Água Boa";4,76190476190476;1;20;5;"Não";0,2;"NÃO ALCANÇOU"
"MT";510025;"Alta Floresta";0;0;32;0;"Sim";0;"ALCANÇOU"
"MT";510030;"Alto Araguaia";0;0;1;0;"Sim";0;"ALCANÇOU"
"MT";510035;"Alto Boa Vista";0;0;0;0;"Sim";0;"ALCANÇOU"
"MT";510040;"Alto Garças";0;3;2;150;"Não";150;"NÃO ALCANÇOU"
"MT";510050;"Alto Paraguai";20;1;2;50;"Não";30;"NÃO ALCANÇOU"
"MT";510060;"Alto Taquari";50;0;1;0;"Sim";-50;"ALCANÇOU"
"MT";510080;"Apiacás";0;0;2;0;"Sim";0;"ALCANÇOU"
"MT";510100;"Araguaiana";0;0;1;0;"Sim";0;"ALCANÇOU"
"MT";510120;"Araguainha";0;0;0;0;"Sim";0;"ALCANÇOU"
"MT";510125;"Araputanga";0;0;3;0;"Sim";0;"ALCANÇOU"
"MT";510130;"Arenápolis";25;0;8;0;"Sim";-25;"ALCANÇOU"
"MT";510140;"Aripuanã";4,76190476190476;1;21;4,76190476190476;"Não";0;"NÃO ALCANÇOU"
"MT";510160;"Barão de Melgaço";0;0;0;0;"Sim";0;"ALCANÇOU"
"MT";510170;"Barra do Bugres";0;1;11;9,09090909090909;"Não";9,1;"NÃO ALCANÇOU"
"MT";510180;"Barra do Garças";27,7777777777778;4;26;15,3846153846154;"Sim";-12,4;"ALCANÇOU"
"MT";510185;"Bom Jesus do Araguaia";0;1;2;50;"Não";50;"NÃO ALCANÇOU"
"MT";510190;"Brasnorte";28,5714285714286;0;11;0;"Sim";-28,6;"ALCANÇOU"
"MT";510250;"Cáceres";17,1875;22;101;21,7821782178218;"Não";4,6;"NÃO ALCANÇOU"
"MT";510260;"Campinápolis";0;0;1;0;"Sim";0;"ALCANÇOU"
"MT";510263;"Campo Novo do Parecis";26,6666666666667;3;35;8,57142857142857;"Sim";-18,1;"ALCANÇOU"
"MT";510267;"Campo Verde";4,76190476190476;6;49;12,2448979591837;"Não";7,5;"NÃO ALCANÇOU"
"MT";510268;"Campos de Júlio";0;1;4;25;"Não";25;"NÃO ALCANÇOU"
"MT";510269;"Canabrava do Norte";0;0;3;0;"Sim";0;"ALCANÇOU"
"MT";510270;"Canarana";0;4;12;33,3333333333333;"Não";33,3;"NÃO ALCANÇOU"
"MT";510279;"Carlinda";0;0;0;0;"Sim";0;"ALCANÇOU"
"MT";510285;"Castanheira";0;1;5;20;"Não";20;"NÃO ALCANÇOU"
"MT";510300;"Chapada dos Guimarães";0;3;9;33,3333333333333;"Não";33,3;"NÃO ALCANÇOU"
"MT";510305;"Cláudia";37,5;1;6;16,6666666666667;"Sim";-20,8;"ALCANÇOU"
"MT";510310;"Cocalinho";0;0;2;0;"Sim";0;"ALCANÇOU"
"MT";510320;"Colíder";18,1818181818182;1;12;8,33333333333333;"Sim";-9,8;"ALCANÇOU"
"MT";510325;"Colniza";47,0588235294118;0;12;0;"Sim";-47,1;"ALCANÇOU"
"MT";510330;"Comodoro";6,66666666666667;1;14;7,14285714285714;"Não";0,5;"NÃO ALCANÇOU"
"MT";510335;"Confresa";11,7647058823529;1;16;6,25;"Sim";-5,5;"ALCANÇOU"
"MT";510336;"Conquista D'Oeste";0;0;3;0;"Sim";0;"ALCANÇOU"
"MT";510337;"Cotriguaçu";0;1;1;100;"Não";100;"NÃO ALCANÇOU"
"MT";510340;"Cuiabá";8,97435897435897;59;504;11,7063492063492;"Não";2,7;"NÃO ALCANÇOU"
"MT";510343;"Curvelândia";0;0;3;0;"Sim";0;"ALCANÇOU"
"MT";510345;"Denise";0;0;0;0;"Sim";0;"ALCANÇOU"
"MT";510350;"Diamantino";20;1;12;8,33333333333333;"Sim";-11,7;"ALCANÇOU"
"MT";510360;"Dom Aquino";0;2;0;0;"Sim";0;"ALCANÇOU"
"MT";510370;"Feliz Natal";0;3;7;42,8571428571429;"Não";42,9;"NÃO ALCANÇOU"
"MT";510380;"Figueirópolis D'Oeste";0;0;0;0;"Sim";0;"ALCANÇOU"
"MT";510385;"Gaúcha do Norte";0;0;3;0;"Sim";0;"ALCANÇOU"
"MT";510390;"General Carneiro";0;0;1;0;"Sim";0;"ALCANÇOU"
"MT";510395;"Glória D'Oeste";0;1;0;0;"Sim";0;"ALCANÇOU"
"MT";510410;"Guarantã do Norte";28,5714285714286;0;7;0;"Sim";-28,6;"ALCANÇOU"
"MT";510420;"Guiratinga";0;0;7;0;"Sim";0;"ALCANÇOU"
"MT";510450;"Indiavaí";0;0;1;0;"Sim";0;"ALCANÇOU"
"MT";510452;"Ipiranga do Norte";0;0;6;0;"Sim";0;"ALCANÇOU"
"MT";510454;"Itanhangá";40;0;3;0;"Sim";-40;"ALCANÇOU"
"MT";510455;"Itaúba";0;0;3;0;"Sim";0;"ALCANÇOU"
"MT";510460;"Itiquira";0;2;6;33,3333333333333;"Não";33,3;"NÃO ALCANÇOU"
"MT";510480;"Jaciara";22,2222222222222;2;7;28,5714285714286;"Não";6,3;"NÃO ALCANÇOU"
"MT";510490;"Jangada";0;0;0;0;"Sim";0;"ALCANÇOU"
"MT";510500;"Jauru";0;0;2;0;"Sim";0;"ALCANÇOU"
"MT";510510;"Juara";0;0;5;0;"Sim";0;"ALCANÇOU"
"MT";510515;"Juína";4,76190476190476;5;20;25;"Não";20,2;"NÃO ALCANÇOU"
"MT";510517;"Juruena";0;0;5;0;"Sim";0;"ALCANÇOU"
"MT";510520;"Juscimeira";0;0;0;0;"Sim";0;"ALCANÇOU"
"MT";510523;"Lambari D'Oeste";0;1;4;25;"Não";25;"NÃO ALCANÇOU"
"MT";510525;"Lucas do Rio Verde";13,953488372093;2;30;6,66666666666667;"Sim";-7,3;"ALCANÇOU"
"MT";510530;"Luciara";0;0;0;0;"Sim";0;"ALCANÇOU"
"MT";510550;"Vila Bela da Santíssima Trindade";0;0;4;0;"Sim";0;"ALCANÇOU"
"MT";510558;"Marcelândia";9,09090909090909;1;7;14,2857142857143;"Não";5,2;"NÃO ALCANÇOU"
"MT";510560;"Matupá";50;1;9;11,1111111111111;"Sim";-38,9;"ALCANÇOU"
"MT";510562;"Mirassol d'Oeste";36,3636363636364;0;8;0;"Sim";-36,4;"ALCANÇOU"
"MT";510590;"Nobres";25;0;8;0;"Sim";-25;"ALCANÇOU"
"MT";510600;"Nortelândia";0;0;2;0;"Sim";0;"ALCANÇOU"
"MT";510610;"Nossa Senhora do Livramento";0;0;0;0;"Sim";0;"ALCANÇOU"
"MT";510615;"Nova Bandeirantes";0;0;9;0;"Sim";0;"ALCANÇOU"
"MT";510617;"Nova Nazaré";0;0;1;0;"Sim";0;"ALCANÇOU"
"MT";510618;"Nova Lacerda";0;0;14;0;"Sim";0;"ALCANÇOU"
"MT";510619;"Nova Santa Helena";0;0;0;0;"Sim";0;"ALCANÇOU"
"MT";510620;"Nova Brasilândia";0;0;2;0;"Sim";0;"ALCANÇOU"
"MT";510621;"Nova Canaã do Norte";0;1;3;33,3333333333333;"Não";33,3;"NÃO ALCANÇOU"
"MT";510622;"Nova Mutum";12,1951219512195;13;56;23,2142857142857;"Não";11;"NÃO ALCANÇOU"
"MT";510623;"Nova Olímpia";0;0;1;0;"Sim";0;"ALCANÇOU"
"MT";510624;"Nova Ubiratã";28,5714285714286;2;10;20;"Sim";-8,6;"ALCANÇOU"
"MT";510625;"Nova Xavantina";0;0;4;0;"Sim";0;"ALCANÇOU"
"MT";510626;"Novo Mundo";0;0;0;0;"Sim";0;"ALCANÇOU"
"MT";510627;"Novo Horizonte do Norte";0;0;1;0;"Sim";0;"ALCANÇOU"
"MT";510628;"Novo São Joaquim";0;1;0;0;"Sim";0;"ALCANÇOU"
"MT";510629;"Paranaíta";0;0;4;0;"Sim";0;"ALCANÇOU"
"MT";510630;"Paranatinga";50;0;8;0;"Sim";-50;"ALCANÇOU"
"MT";510631;"Novo Santo Antônio";0;0;2;0;"Sim";0;"ALCANÇOU"
"MT";510637;"Pedra Preta";66,6666666666667;3;7;42,8571428571429;"Sim";-23,8;"ALCANÇOU"
"MT";510642;"Peixoto de Azevedo";25;2;24;8,33333333333333;"Sim";-16,7;"ALCANÇOU"
"MT";510645;"Planalto da Serra";0;0;0;0;"Sim";0;"ALCANÇOU"
"MT";510650;"Poconé";17,6470588235294;4;7;57,1428571428571;"Não";39,5;"NÃO ALCANÇOU"
"MT";510665;"Pontal do Araguaia";0;0;4;0;"Sim";0;"ALCANÇOU"
"MT";510670;"Ponte Branca";0;0;0;0;"Sim";0;"ALCANÇOU"
"MT";510675;"Pontes e Lacerda";13,5135135135135;7;15;46,6666666666667;"Não";33,2;"NÃO ALCANÇOU"
"MT";510677;"Porto Alegre do Norte";0;1;4;25;"Não";25;"NÃO ALCANÇOU"
"MT";510680;"Porto dos Gaúchos";0;0;0;0;"Sim";0;"ALCANÇOU"
"MT";510682;"Porto Esperidião";16,6666666666667;1;4;25;"Não";8,3;"NÃO ALCANÇOU"
"MT";510685;"Porto Estrela";0;0;0;0;"Sim";0;"ALCANÇOU"
"MT";510700;"Poxoréo";40;0;3;0;"Sim";-40;"ALCANÇOU"
"MT";510704;"Primavera do Leste";9,09090909090909;4;40;10;"Não";0,9;"NÃO ALCANÇOU"
"MT";510706;"Querência";0;1;27;3,7037037037037;"Não";3,7;"NÃO ALCANÇOU"
"MT";510710;"São José dos Quatro Marcos";33,3333333333333;0;8;0;"Sim";-33,3;"ALCANÇOU"
"MT";510715;"Reserva do Cabaçal";0;1;0;0;"Sim";0;"ALCANÇOU"
"MT";510718;"Ribeirão Cascalheira";0;0;3;0;"Sim";0;"ALCANÇOU"
"MT";510719;"Ribeirãozinho";0;0;0;0;"Sim";0;"ALCANÇOU"
"MT";510720;"Rio Branco";0;0;0;0;"Sim";0;"ALCANÇOU"
"MT";510724;"Santa Carmem";0;2;4;50;"Não";50;"NÃO ALCANÇOU"
"MT";510726;"Santo Afonso";0;1;1;100;"Não";100;"NÃO ALCANÇOU"
"MT";510729;"São José do Povo";0;0;2;0;"Sim";0;"ALCANÇOU"
"MT";510730;"São José do Rio Claro";0;0;10;0;"Sim";0;"ALCANÇOU"
"MT";510735;"São José do Xingu";0;0;4;0;"Sim";0;"ALCANÇOU"
"MT";510740;"São Pedro da Cipa";0;0;0;0;"Sim";0;"ALCANÇOU"
"MT";510757;"Rondolândia";0;0;1;0;"Sim";0;"ALCANÇOU"
"MT";510760;"Rondonópolis";34,9056603773585;45;179;25,1396648044693;"Sim";-9,8;"ALCANÇOU"
"MT";510770;"Rosário Oeste";0;1;3;33,3333333333333;"Não";33,3;"NÃO ALCANÇOU"
"MT";510774;"Santa Cruz do Xingu";0;0;5;0;"Sim";0;"ALCANÇOU"
"MT";510775;"Salto do Céu";0;0;1;0;"Sim";0;"ALCANÇOU"
"MT";510776;"Santa Rita do Trivelato";0;1;2;50;"Não";50;"NÃO ALCANÇOU"
"MT";510777;"Santa Terezinha";0;0;0;0;"Sim";0;"ALCANÇOU"
"MT";510779;"Santo Antônio do Leste";20;0;5;0;"Sim";-20;"ALCANÇOU"
"MT";510780;"Santo Antônio do Leverger";33,3333333333333;2;3;66,6666666666667;"Não";33,3;"NÃO ALCANÇOU"
"MT";510785;"São Félix do Araguaia";0;0;2;0;"Sim";0;"ALCANÇOU"
"MT";510787;"Sapezal";7,69230769230769;2;20;10;"Não";2,3;"NÃO ALCANÇOU"
"MT";510788;"Serra Nova Dourada";0;0;0;0;"Sim";0;"ALCANÇOU"
"MT";510790;"Sinop";9,78723404255319;40;262;15,2671755725191;"Não";5,5;"NÃO ALCANÇOU"
"MT";510792;"Sorriso";21,7391304347826;34;67;50,7462686567164;"Não";29;"NÃO ALCANÇOU"
"MT";510794;"Tabaporã";0;0;3;0;"Sim";0;"ALCANÇOU"
"MT";510795;"Tangará da Serra";13,0434782608696;1;43;2,32558139534884;"Sim";-10,7;"ALCANÇOU"
"MT";510800;"Tapurah";20;5;8;62,5;"Não";42,5;"NÃO ALCANÇOU"
"MT";510805;"Terra Nova do Norte";0;0;2;0;"Sim";0;"ALCANÇOU"
"MT";510810;"Tesouro";0;0;3;0;"Sim";0;"ALCANÇOU"
"MT";510820;"Torixoréu";0;0;0;0;"Sim";0;"ALCANÇOU"
"MT";510830;"União do Sul";0;1;4;25;"Não";25;"NÃO ALCANÇOU"
"MT";510835;"Vale de São Domingos";0;0;0;0;"Sim";0;"ALCANÇOU"
"MT";510840;"Várzea Grande";49,3827160493827;43;130;33,0769230769231;"Sim";-16,3;"ALCANÇOU"
"MT";510850;"Vera";12,5;1;8;12,5;"Não";0;"NÃO ALCANÇOU"
"MT";510860;"Vila Rica";25;0;6;0;"Sim";-25;"ALCANÇOU"
"MT";510880;"Nova Guarita";0;0;0;0;"Sim";0;"ALCANÇOU"
"MT";510885;"Nova Marilândia";0;1;2;50;"Não";50;"NÃO ALCANÇOU"
"MT";510890;"Nova Maringá";0;2;0;0;"Sim";0;"ALCANÇOU"
"MT";510895;"Nova Monte Verde";0;1;4;25;"Não";25;"NÃO ALCANÇOU"
"GO";520005;"Abadia de Goiás";20;6;10;60;"Não";40;"NÃO ALCANÇOU"
"GO";520010;"Abadiânia";0;1;2;50;"Não";50;"NÃO ALCANÇOU"
"GO";520013;"Acreúna";50;3;5;60;"Não";10;"NÃO ALCANÇOU"
"GO";520015;"Adelândia";0;1;0;0;"Sim";0;"ALCANÇOU"
"GO";520017;"Água Fria de Goiás";50;1;3;33,3333333333333;"Sim";-16,7;"ALCANÇOU"
"GO";520020;"Água Limpa";0;0;0;0;"Sim";0;"ALCANÇOU"
"GO";520025;"Águas Lindas de Goiás";63,3802816901408;102;142;71,830985915493;"Não";8,5;"NÃO ALCANÇOU"
"GO";520030;"Alexânia";15,7894736842105;1;11;9,09090909090909;"Sim";-6,7;"ALCANÇOU"
"GO";520050;"Aloândia";0;0;0;0;"Sim";0;"ALCANÇOU"
"GO";520055;"Alto Horizonte";0;0;5;0;"Sim";0;"ALCANÇOU"
"GO";520060;"Alto Paraíso de Goiás";0;4;7;57,1428571428571;"Não";57,1;"NÃO ALCANÇOU"
"GO";520080;"Alvorada do Norte";0;0;4;0;"Sim";0;"ALCANÇOU"
"GO";520082;"Amaralina";0;0;4;0;"Sim";0;"ALCANÇOU"
"GO";520085;"Americano do Brasil";0;0;3;0;"Sim";0;"ALCANÇOU"
"GO";520090;"Amorinópolis";0;1;1;100;"Não";100;"NÃO ALCANÇOU"
"GO";520110;"Anápolis";26,6932270916335;37;313;11,8210862619808;"Sim";-14,9;"ALCANÇOU"
"GO";520120;"Anhanguera";0;0;0;0;"Sim";0;"ALCANÇOU"
"GO";520130;"Anicuns";0;0;2;0;"Sim";0;"ALCANÇOU"
"GO";520140;"Aparecida de Goiânia";17,4061433447099;39;215;18,1395348837209;"Não";0,7;"NÃO ALCANÇOU"
"GO";520145;"Aparecida do Rio Doce";0;1;0;0;"Sim";0;"ALCANÇOU"
"GO";520150;"Aporé";0;0;2;0;"Sim";0;"ALCANÇOU"
"GO";520160;"Araçu";0;0;0;0;"Sim";0;"ALCANÇOU"
"GO";520170;"Aragarças";27,2727272727273;5;5;100;"Não";72,7;"NÃO ALCANÇOU"
"GO";520180;"Aragoiânia";0;1;1;100;"Não";100;"NÃO ALCANÇOU"
"GO";520215;"Araguapaz";0;0;0;0;"Sim";0;"ALCANÇOU"
"GO";520235;"Arenópolis";0;0;1;0;"Sim";0;"ALCANÇOU"
"GO";520250;"Aruanã";0;1;0;0;"Sim";0;"ALCANÇOU"
"GO";520260;"Aurilândia";0;0;0;0;"Sim";0;"ALCANÇOU"
"GO";520280;"Avelinópolis";0;0;0;0;"Sim";0;"ALCANÇOU"
"GO";520310;"Baliza";0;0;0;0;"Sim";0;"ALCANÇOU"
"GO";520320;"Barro Alto";50;1;3;33,3333333333333;"Sim";-16,7;"ALCANÇOU"
"GO";520330;"Bela Vista de Goiás";0;1;2;50;"Não";50;"NÃO ALCANÇOU"
"GO";520340;"Bom Jardim de Goiás";20;0;1;0;"Sim";-20;"ALCANÇOU"
"GO";520350;"Bom Jesus de Goiás";0;6;7;85,7142857142857;"Não";85,7;"NÃO ALCANÇOU"
"GO";520355;"Bonfinópolis";0;1;2;50;"Não";50;"NÃO ALCANÇOU"
"GO";520357;"Bonópolis";0;1;1;100;"Não";100;"NÃO ALCANÇOU"
"GO";520360;"Brazabrantes";0;1;4;25;"Não";25;"NÃO ALCANÇOU"
"GO";520380;"Britânia";0;0;4;0;"Sim";0;"ALCANÇOU"
"GO";520390;"Buriti Alegre";0;0;0;0;"Sim";0;"ALCANÇOU"
"GO";520393;"Buriti de Goiás";0;0;0;0;"Sim";0;"ALCANÇOU"
"GO";520396;"Buritinópolis";0;0;0;0;"Sim";0;"ALCANÇOU"
"GO";520400;"Cabeceiras";0;0;5;0;"Sim";0;"ALCANÇOU"
"GO";520410;"Cachoeira Alta";0;0;2;0;"Sim";0;"ALCANÇOU"
"GO";520420;"Cachoeira de Goiás";0;1;1;100;"Não";100;"NÃO ALCANÇOU"
"GO";520425;"Cachoeira Dourada";0;0;1;0;"Sim";0;"ALCANÇOU"
"GO";520430;"Caçu";0;0;2;0;"Sim";0;"ALCANÇOU"
"GO";520440;"Caiapônia";10;0;6;0;"Sim";-10;"ALCANÇOU"
"GO";520450;"Caldas Novas";2,85714285714286;4;70;5,71428571428571;"Não";2,9;"NÃO ALCANÇOU"
"GO";520455;"Caldazinha";0;0;0;0;"Sim";0;"ALCANÇOU"
"GO";520460;"Campestre de Goiás";0;0;1;0;"Sim";0;"ALCANÇOU"
"GO";520465;"Campinaçu";0;0;3;0;"Sim";0;"ALCANÇOU"
"GO";520470;"Campinorte";0;2;7;28,5714285714286;"Não";28,6;"NÃO ALCANÇOU"
"GO";520480;"Campo Alegre de Goiás";0;0;3;0;"Sim";0;"ALCANÇOU"
"GO";520485;"Campo Limpo de Goiás";0;0;2;0;"Sim";0;"ALCANÇOU"
"GO";520490;"Campos Belos";0;1;5;20;"Não";20;"NÃO ALCANÇOU"
"GO";520495;"Campos Verdes";0;0;2;0;"Sim";0;"ALCANÇOU"
"GO";520500;"Carmo do Rio Verde";0;0;0;0;"Sim";0;"ALCANÇOU"
"GO";520505;"Castelândia";0;0;0;0;"Sim";0;"ALCANÇOU"
"GO";520510;"Catalão";25,9259259259259;11;28;39,2857142857143;"Não";13,4;"NÃO ALCANÇOU"
"GO";520520;"Caturaí";0;0;0;0;"Sim";0;"ALCANÇOU"
"GO";520530;"Cavalcante";0;1;0;0;"Sim";0;"ALCANÇOU"
"GO";520540;"Ceres";0;0;14;0;"Sim";0;"ALCANÇOU"
"GO";520545;"Cezarina";0;0;0;0;"Sim";0;"ALCANÇOU"
"GO";520547;"Chapadão do Céu";0;1;3;33,3333333333333;"Não";33,3;"NÃO ALCANÇOU"
"GO";520549;"Cidade Ocidental";44,0677966101695;23;35;65,7142857142857;"Não";21,6;"NÃO ALCANÇOU"
"GO";520551;"Cocalzinho de Goiás";42,8571428571429;4;10;40;"Sim";-2,9;"ALCANÇOU"
"GO";520552;"Colinas do Sul";0;0;2;0;"Sim";0;"ALCANÇOU"
"GO";520570;"Córrego do Ouro";0;0;0;0;"Sim";0;"ALCANÇOU"
"GO";520580;"Corumbá de Goiás";0;2;2;100;"Não";100;"NÃO ALCANÇOU"
"GO";520590;"Corumbaíba";0;0;3;0;"Sim";0;"ALCANÇOU"
"GO";520620;"Cristalina";19,5121951219512;9;43;20,9302325581395;"Não";1,4;"NÃO ALCANÇOU"
"GO";520630;"Cristianópolis";0;0;0;0;"Sim";0;"ALCANÇOU"
"GO";520640;"Crixás";0;0;0;0;"Sim";0;"ALCANÇOU"
"GO";520650;"Cromínia";0;0;0;0;"Sim";0;"ALCANÇOU"
"GO";520660;"Cumari";0;0;0;0;"Sim";0;"ALCANÇOU"
"GO";520670;"Damianópolis";0;0;0;0;"Sim";0;"ALCANÇOU"
"GO";520680;"Damolândia";0;0;0;0;"Sim";0;"ALCANÇOU"
"GO";520690;"Davinópolis";0;0;0;0;"Sim";0;"ALCANÇOU"
"GO";520710;"Diorama";0;0;0;0;"Sim";0;"ALCANÇOU"
"GO";520725;"Doverlândia";0;0;0;0;"Sim";0;"ALCANÇOU"
"GO";520735;"Edealina";0;0;0;0;"Sim";0;"ALCANÇOU"
"GO";520740;"Edéia";50;0;1;0;"Sim";-50;"ALCANÇOU"
"GO";520750;"Estrela do Norte";0;0;2;0;"Sim";0;"ALCANÇOU"
"GO";520753;"Faina";0;0;0;0;"Sim";0;"ALCANÇOU"
"GO";520760;"Fazenda Nova";0;1;2;50;"Não";50;"NÃO ALCANÇOU"
"GO";520780;"Firminópolis";0;0;9;0;"Sim";0;"ALCANÇOU"
"GO";520790;"Flores de Goiás";0;0;1;0;"Sim";0;"ALCANÇOU"
"GO";520800;"Formosa";36,25;30;80;37,5;"Não";1,2;"NÃO ALCANÇOU"
"GO";520810;"Formoso";0;0;0;0;"Sim";0;"ALCANÇOU"
"GO";520815;"Gameleira de Goiás";0;0;0;0;"Sim";0;"ALCANÇOU"
"GO";520830;"Divinópolis de Goiás";0;0;0;0;"Sim";0;"ALCANÇOU"
"GO";520840;"Goianápolis";33,3333333333333;3;4;75;"Não";41,7;"NÃO ALCANÇOU"
"GO";520850;"Goiandira";0;0;0;0;"Sim";0;"ALCANÇOU"
"GO";520860;"Goianésia";3,84615384615385;4;20;20;"Não";16,2;"NÃO ALCANÇOU"
"GO";520870;"Goiânia";29,5049504950495;125;638;19,5924764890282;"Sim";-9,9;"ALCANÇOU"
"GO";520880;"Goianira";30,7692307692308;6;52;11,5384615384615;"Sim";-19,2;"ALCANÇOU"
"GO";520890;"Goiás";185,714285714286;6;12;50;"Sim";-135,7;"ALCANÇOU"
"GO";520910;"Goiatuba";9,09090909090909;1;7;14,2857142857143;"Não";5,2;"NÃO ALCANÇOU"
"GO";520915;"Gouvelândia";0;0;3;0;"Sim";0;"ALCANÇOU"
"GO";520920;"Guapó";0;3;13;23,0769230769231;"Não";23,1;"NÃO ALCANÇOU"
"GO";520929;"Guaraíta";0;0;0;0;"Sim";0;"ALCANÇOU"
"GO";520940;"Guarani de Goiás";0;0;0;0;"Sim";0;"ALCANÇOU"
"GO";520945;"Guarinos";0;0;0;0;"Sim";0;"ALCANÇOU"
"GO";520960;"Heitoraí";0;0;0;0;"Sim";0;"ALCANÇOU"
"GO";520970;"Hidrolândia";0;0;2;0;"Sim";0;"ALCANÇOU"
"GO";520980;"Hidrolina";0;0;0;0;"Sim";0;"ALCANÇOU"
"GO";520990;"Iaciara";0;0;0;0;"Sim";0;"ALCANÇOU"
"GO";520993;"Inaciolândia";0;1;1;100;"Não";100;"NÃO ALCANÇOU"
"GO";520995;"Indiara";0;0;2;0;"Sim";0;"ALCANÇOU"
"GO";521000;"Inhumas";25;3;14;21,4285714285714;"Sim";-3,6;"ALCANÇOU"
"GO";521010;"Ipameri";44,4444444444444;1;7;14,2857142857143;"Sim";-30,2;"ALCANÇOU"
"GO";521015;"Ipiranga de Goiás";0;0;0;0;"Sim";0;"ALCANÇOU"
"GO";521020;"Iporá";37,5;1;8;12,5;"Sim";-25;"ALCANÇOU"
"GO";521030;"Israelândia";0;0;0;0;"Sim";0;"ALCANÇOU"
"GO";521040;"Itaberaí";15;2;16;12,5;"Sim";-2,5;"ALCANÇOU"
"GO";521056;"Itaguari";0;0;0;0;"Sim";0;"ALCANÇOU"
"GO";521060;"Itaguaru";0;0;0;0;"Sim";0;"ALCANÇOU"
"GO";521080;"Itajá";0;0;0;0;"Sim";0;"ALCANÇOU"
"GO";521090;"Itapaci";0;0;3;0;"Sim";0;"ALCANÇOU"
"GO";521100;"Itapirapuã";0;0;0;0;"Sim";0;"ALCANÇOU"
"GO";521120;"Itapuranga";33,3333333333333;1;3;33,3333333333333;"Não";0;"NÃO ALCANÇOU"
"GO";521130;"Itarumã";0;0;0;0;"Sim";0;"ALCANÇOU"
"GO";521140;"Itauçu";0;0;0;0;"Sim";0;"ALCANÇOU"
"GO";521150;"Itumbiara";100;4;9;44,4444444444444;"Sim";-55,6;"ALCANÇOU"
"GO";521160;"Ivolândia";0;0;0;0;"Sim";0;"ALCANÇOU"
"GO";521170;"Jandaia";0;0;0;0;"Sim";0;"ALCANÇOU"
"GO";521180;"Jaraguá";33,3333333333333;2;11;18,1818181818182;"Sim";-15,2;"ALCANÇOU"
"GO";521190;"Jataí";21,4285714285714;9;36;25;"Não";3,6;"NÃO ALCANÇOU"
"GO";521200;"Jaupaci";0;0;0;0;"Sim";0;"ALCANÇOU"
"GO";521205;"Jesúpolis";0;0;0;0;"Sim";0;"ALCANÇOU"
"GO";521210;"Joviânia";0;0;1;0;"Sim";0;"ALCANÇOU"
"GO";521220;"Jussara";0;1;3;33,3333333333333;"Não";33,3;"NÃO ALCANÇOU"
"GO";521225;"Lagoa Santa";0;0;0;0;"Sim";0;"ALCANÇOU"
"GO";521230;"Leopoldo de Bulhões";0;1;1;100;"Não";100;"NÃO ALCANÇOU"
"GO";521250;"Luziânia";31,9796954314721;63;171;36,8421052631579;"Não";4,9;"NÃO ALCANÇOU"
"GO";521260;"Mairipotaba";0;1;0;0;"Sim";0;"ALCANÇOU"
"GO";521270;"Mambaí";0;0;1;0;"Sim";0;"ALCANÇOU"
"GO";521280;"Mara Rosa";0;0;0;0;"Sim";0;"ALCANÇOU"
"GO";521290;"Marzagão";0;0;0;0;"Sim";0;"ALCANÇOU"
"GO";521295;"Matrinchã";0;0;2;0;"Sim";0;"ALCANÇOU"
"GO";521300;"Maurilândia";0;0;0;0;"Sim";0;"ALCANÇOU"
"GO";521305;"Mimoso de Goiás";0;1;2;50;"Não";50;"NÃO ALCANÇOU"
"GO";521308;"Minaçu";0;0;11;0;"Sim";0;"ALCANÇOU"
"GO";521310;"Mineiros";5,12820512820513;0;23;0;"Sim";-5,1;"ALCANÇOU"
"GO";521340;"Moiporá";0;0;0;0;"Sim";0;"ALCANÇOU"
"GO";521350;"Monte Alegre de Goiás";0;0;1;0;"Sim";0;"ALCANÇOU"
"GO";521370;"Montes Claros de Goiás";0;0;1;0;"Sim";0;"ALCANÇOU"
"GO";521375;"Montividiu";0;0;1;0;"Sim";0;"ALCANÇOU"
"GO";521377;"Montividiu do Norte";0;0;2;0;"Sim";0;"ALCANÇOU"
"GO";521380;"Morrinhos";10;0;13;0;"Sim";-10;"ALCANÇOU"
"GO";521385;"Morro Agudo de Goiás";0;0;0;0;"Sim";0;"ALCANÇOU"
"GO";521390;"Mossâmedes";0;0;0;0;"Sim";0;"ALCANÇOU"
"GO";521400;"Mozarlândia";0;2;6;33,3333333333333;"Não";33,3;"NÃO ALCANÇOU"
"GO";521405;"Mundo Novo";0;0;4;0;"Sim";0;"ALCANÇOU"
"GO";521410;"Mutunópolis";0;0;1;0;"Sim";0;"ALCANÇOU"
"GO";521440;"Nazário";0;2;2;100;"Não";100;"NÃO ALCANÇOU"
"GO";521450;"Nerópolis";23,0769230769231;5;15;33,3333333333333;"Não";10,3;"NÃO ALCANÇOU"
"GO";521460;"Niquelândia";42,8571428571429;0;9;0;"Sim";-42,9;"ALCANÇOU"
"GO";521470;"Nova América";0;0;0;0;"Sim";0;"ALCANÇOU"
"GO";521480;"Nova Aurora";0;0;0;0;"Sim";0;"ALCANÇOU"
"GO";521483;"Nova Crixás";16,6666666666667;0;3;0;"Sim";-16,7;"ALCANÇOU"
"GO";521486;"Nova Glória";0;0;1;0;"Sim";0;"ALCANÇOU"
"GO";521487;"Nova Iguaçu de Goiás";0;0;0;0;"Sim";0;"ALCANÇOU"
"GO";521490;"Nova Roma";0;0;1;0;"Sim";0;"ALCANÇOU"
"GO";521500;"Nova Veneza";0;0;0;0;"Sim";0;"ALCANÇOU"
"GO";521520;"Novo Brasil";0;0;1;0;"Sim";0;"ALCANÇOU"
"GO";521523;"Novo Gama";21,9047619047619;27;94;28,7234042553192;"Não";6,8;"NÃO ALCANÇOU"
"GO";521525;"Novo Planalto";0;0;0;0;"Sim";0;"ALCANÇOU"
"GO";521530;"Orizona";25;3;2;150;"Não";125;"NÃO ALCANÇOU"
"GO";521540;"Ouro Verde de Goiás";25;0;1;0;"Sim";-25;"ALCANÇOU"
"GO";521550;"Ouvidor";0;0;1;0;"Sim";0;"ALCANÇOU"
"GO";521560;"Padre Bernardo";70;7;18;38,8888888888889;"Sim";-31,1;"ALCANÇOU"
"GO";521565;"Palestina de Goiás";0;0;0;0;"Sim";0;"ALCANÇOU"
"GO";521570;"Palmeiras de Goiás";0;4;12;33,3333333333333;"Não";33,3;"NÃO ALCANÇOU"
"GO";521580;"Palmelo";0;0;0;0;"Sim";0;"ALCANÇOU"
"GO";521590;"Palminópolis";0;0;0;0;"Sim";0;"ALCANÇOU"
"GO";521600;"Panamá";0;0;0;0;"Sim";0;"ALCANÇOU"
"GO";521630;"Paranaiguara";75;0;5;0;"Sim";-75;"ALCANÇOU"
"GO";521640;"Paraúna";0;0;2;0;"Sim";0;"ALCANÇOU"
"GO";521645;"Perolândia";0;0;1;0;"Sim";0;"ALCANÇOU"
"GO";521680;"Petrolina de Goiás";0;0;0;0;"Sim";0;"ALCANÇOU"
"GO";521690;"Pilar de Goiás";0;0;0;0;"Sim";0;"ALCANÇOU"
"GO";521710;"Piracanjuba";0;2;3;66,6666666666667;"Não";66,7;"NÃO ALCANÇOU"
"GO";521720;"Piranhas";0;0;0;0;"Sim";0;"ALCANÇOU"
"GO";521730;"Pirenópolis";15,3846153846154;2;7;28,5714285714286;"Não";13,2;"NÃO ALCANÇOU"
"GO";521740;"Pires do Rio";15,3846153846154;5;17;29,4117647058824;"Não";14;"NÃO ALCANÇOU"
"GO";521760;"Planaltina";22,6666666666667;14;75;18,6666666666667;"Sim";-4;"ALCANÇOU"
"GO";521770;"Pontalina";0;1;0;0;"Sim";0;"ALCANÇOU"
"GO";521800;"Porangatu";3,84615384615385;3;27;11,1111111111111;"Não";7,3;"NÃO ALCANÇOU"
"GO";521805;"Porteirão";0;0;0;0;"Sim";0;"ALCANÇOU"
"GO";521810;"Portelândia";0;1;2;50;"Não";50;"NÃO ALCANÇOU"
"GO";521830;"Posse";0;0;2;0;"Sim";0;"ALCANÇOU"
"GO";521839;"Professor Jamil";0;0;1;0;"Sim";0;"ALCANÇOU"
"GO";521850;"Quirinópolis";0;1;14;7,14285714285714;"Não";7,1;"NÃO ALCANÇOU"
"GO";521860;"Rialma";0;0;2;0;"Sim";0;"ALCANÇOU"
"GO";521870;"Rianápolis";0;0;0;0;"Sim";0;"ALCANÇOU"
"GO";521878;"Rio Quente";0;0;1;0;"Sim";0;"ALCANÇOU"
"GO";521880;"Rio Verde";1,33333333333333;10;131;7,63358778625954;"Não";6,3;"NÃO ALCANÇOU"
"GO";521890;"Rubiataba";0;0;3;0;"Sim";0;"ALCANÇOU"
"GO";521900;"Sanclerlândia";0;0;0;0;"Sim";0;"ALCANÇOU"
"GO";521910;"Santa Bárbara de Goiás";100;3;4;75;"Sim";-25;"ALCANÇOU"
"GO";521920;"Santa Cruz de Goiás";0;0;0;0;"Sim";0;"ALCANÇOU"
"GO";521925;"Santa Fé de Goiás";0;0;1;0;"Sim";0;"ALCANÇOU"
"GO";521930;"Santa Helena de Goiás";0;0;16;0;"Sim";0;"ALCANÇOU"
"GO";521935;"Santa Isabel";0;0;0;0;"Sim";0;"ALCANÇOU"
"GO";521940;"Santa Rita do Araguaia";0;0;2;0;"Sim";0;"ALCANÇOU"
"GO";521945;"Santa Rita do Novo Destino";0;0;0;0;"Sim";0;"ALCANÇOU"
"GO";521950;"Santa Rosa de Goiás";0;1;1;100;"Não";100;"NÃO ALCANÇOU"
"GO";521960;"Santa Tereza de Goiás";0;0;1;0;"Sim";0;"ALCANÇOU"
"GO";521970;"Santa Terezinha de Goiás";0;1;1;100;"Não";100;"NÃO ALCANÇOU"
"GO";521971;"Santo Antônio da Barra";0;0;0;0;"Sim";0;"ALCANÇOU"
"GO";521973;"Santo Antônio de Goiás";50;1;3;33,3333333333333;"Sim";-16,7;"ALCANÇOU"
"GO";521975;"Santo Antônio do Descoberto";54,7619047619048;28;50;56;"Não";1,2;"NÃO ALCANÇOU"
"GO";521980;"São Domingos";100;1;2;50;"Sim";-50;"ALCANÇOU"
"GO";521990;"São Francisco de Goiás";0;0;0;0;"Sim";0;"ALCANÇOU"
"GO";522000;"São João d'Aliança";50;1;2;50;"Não";0;"NÃO ALCANÇOU"
"GO";522005;"São João da Paraúna";0;0;0;0;"Sim";0;"ALCANÇOU"
"GO";522010;"São Luís de Montes Belos";44,4444444444444;4;15;26,6666666666667;"Sim";-17,8;"ALCANÇOU"
"GO";522015;"São Luíz do Norte";0;0;5;0;"Sim";0;"ALCANÇOU"
"GO";522020;"São Miguel do Araguaia";22,2222222222222;1;8;12,5;"Sim";-9,7;"ALCANÇOU"
"GO";522026;"São Miguel do Passa Quatro";0;0;0;0;"Sim";0;"ALCANÇOU"
"GO";522028;"São Patrício";0;0;0;0;"Sim";0;"ALCANÇOU"
"GO";522040;"São Simão";0;0;5;0;"Sim";0;"ALCANÇOU"
"GO";522045;"Senador Canedo";8,86075949367089;8;24;33,3333333333333;"Não";24,5;"NÃO ALCANÇOU"
"GO";522050;"Serranópolis";0;0;2;0;"Sim";0;"ALCANÇOU"
"GO";522060;"Silvânia";0;0;0;0;"Sim";0;"ALCANÇOU"
"GO";522068;"Simolândia";0;0;0;0;"Sim";0;"ALCANÇOU"
"GO";522070;"Sítio d'Abadia";0;0;0;0;"Sim";0;"ALCANÇOU"
"GO";522100;"Taquaral de Goiás";0;0;0;0;"Sim";0;"ALCANÇOU"
"GO";522108;"Teresina de Goiás";0;0;1;0;"Sim";0;"ALCANÇOU"
"GO";522119;"Terezópolis de Goiás";0;0;0;0;"Sim";0;"ALCANÇOU"
"GO";522130;"Três Ranchos";0;0;1;0;"Sim";0;"ALCANÇOU"
"GO";522140;"Trindade";40;23;50;46;"Não";6;"NÃO ALCANÇOU"
"GO";522145;"Trombas";0;0;0;0;"Sim";0;"ALCANÇOU"
"GO";522150;"Turvânia";0;0;1;0;"Sim";0;"ALCANÇOU"
"GO";522155;"Turvelândia";0;0;1;0;"Sim";0;"ALCANÇOU"
"GO";522157;"Uirapuru";0;0;0;0;"Sim";0;"ALCANÇOU"
"GO";522160;"Uruaçu";3,125;4;29;13,7931034482759;"Não";10,7;"NÃO ALCANÇOU"
"GO";522170;"Uruana";0;1;0;0;"Sim";0;"ALCANÇOU"
"GO";522180;"Urutaí";0;2;0;0;"Sim";0;"ALCANÇOU"
"GO";522185;"Valparaíso de Goiás";76,8292682926829;60;62;96,7741935483871;"Não";19,9;"NÃO ALCANÇOU"
"GO";522190;"Varjão";0;0;0;0;"Sim";0;"ALCANÇOU"
"GO";522200;"Vianópolis";0;1;1;100;"Não";100;"NÃO ALCANÇOU"
"GO";522205;"Vicentinópolis";0;0;0;0;"Sim";0;"ALCANÇOU"
"GO";522220;"Vila Boa";33,3333333333333;0;2;0;"Sim";-33,3;"ALCANÇOU"
"GO";522230;"Vila Propício";0;0;0;0;"Sim";0;"ALCANÇOU"
"DF";530010;"Brasília";25,518341307815;272;1231;22,0958570268075;"Sim";-3,4;"ALCANÇOU"
