"UF";"COD_MUN";"NOME_MUN";"META_IND_1";"META_IND_2";"META_IND_3";"META_IND_4";"META_IND_5";"META_IND_6";"META_IND_12";"META_IND_14"
"AC";"120001";"Acrelândia";"ALCANÇOU";"ALCANÇOU";;"NÃO ALCANÇOU";"ALCANÇOU";"ALCANÇOU";"ALCANÇOU";"ALCANÇOU"
"AC";"120005";"Assis Brasil";"ALCANÇOU";"ALCANÇOU";;"NÃO ALCANÇOU";"ALCANÇOU";"ALCANÇOU";"ALCANÇOU";"NÃO ALCANÇOU"
"AC";"120010";"Brasiléia";"ALCANÇOU";"ALCANÇOU";;"NÃO ALCANÇOU";"ALCANÇOU";"ALCANÇOU";"ALCANÇOU";"ALCANÇOU"
"AC";"120013";"Bujari";"NÃO ALCANÇOU";"ALCANÇOU";;"NÃO ALCANÇOU";"NÃO ALCANÇOU";"NÃO ALCANÇOU";"NÃO ALCANÇOU";"ALCANÇOU"
"AC";"120017";"Capixaba";"NÃO ALCANÇOU";"ALCANÇOU";;"NÃO ALCANÇOU";"NÃO ALCANÇOU";"NÃO ALCANÇOU";"NÃO ALCANÇOU";"ALCANÇOU"
"AC";"120020";"Cruzeiro do Sul";"ALCANÇOU";"ALCANÇOU";;"NÃO ALCANÇOU";"ALCANÇOU";"ALCANÇOU";"ALCANÇOU";"ALCANÇOU"
"AC";"120025";"Epitaciolândia";"ALCANÇOU";"ALCANÇOU";;"NÃO ALCANÇOU";"ALCANÇOU";"ALCANÇOU";"ALCANÇOU";"ALCANÇOU"
"AC";"120030";"Feijó";"ALCANÇOU";"ALCANÇOU";;"NÃO ALCANÇOU";"NÃO ALCANÇOU";"ALCANÇOU";"ALCANÇOU";"ALCANÇOU"
"AC";"120032";"Jordão";"ALCANÇOU";"ALCANÇOU";;"ALCANÇOU";"NÃO ALCANÇOU";"NÃO ALCANÇOU";"ALCANÇOU";"ALCANÇOU"
"AC";"120034";"Manoel Urbano";"ALCANÇOU";"ALCANÇOU";;"NÃO ALCANÇOU";"NÃO ALCANÇOU";"ALCANÇOU";"ALCANÇOU";"ALCANÇOU"
"AC";"120035";"Marechal Thaumaturgo";"ALCANÇOU";"ALCANÇOU";;"NÃO ALCANÇOU";"NÃO ALCANÇOU";"NÃO ALCANÇOU";"ALCANÇOU";"ALCANÇOU"
"AC";"120033";"Mâncio Lima";"ALCANÇOU";"ALCANÇOU";;"NÃO ALCANÇOU";"NÃO ALCANÇOU";"ALCANÇOU";"NÃO ALCANÇOU";"ALCANÇOU"
"AC";"120038";"Plácido de Castro";"ALCANÇOU";"ALCANÇOU";;"NÃO ALCANÇOU";"NÃO ALCANÇOU";"ALCANÇOU";"ALCANÇOU";"ALCANÇOU"
"AC";"120080";"Porto Acre";"ALCANÇOU";"ALCANÇOU";;"NÃO ALCANÇOU";"NÃO ALCANÇOU";"ALCANÇOU";"ALCANÇOU";"ALCANÇOU"
"AC";"120039";"Porto Walter";"ALCANÇOU";"ALCANÇOU";;"NÃO ALCANÇOU";"NÃO ALCANÇOU";"NÃO ALCANÇOU";"ALCANÇOU";"ALCANÇOU"
"AC";"120040";"Rio Branco";"ALCANÇOU";"ALCANÇOU";;"NÃO ALCANÇOU";"ALCANÇOU";"ALCANÇOU";"ALCANÇOU";"ALCANÇOU"
"AC";"120042";"Rodrigues Alves";"NÃO ALCANÇOU";"ALCANÇOU";;"NÃO ALCANÇOU";"NÃO ALCANÇOU";"NÃO ALCANÇOU";"ALCANÇOU";"ALCANÇOU"
"AC";"120043";"Santa Rosa do Purus";"ALCANÇOU";"ALCANÇOU";;"NÃO ALCANÇOU";"NÃO ALCANÇOU";"NÃO ALCANÇOU";"ALCANÇOU";"NÃO ALCANÇOU"
"AC";"120050";"Sena Madureira";"ALCANÇOU";"ALCANÇOU";;"NÃO ALCANÇOU";"ALCANÇOU";"ALCANÇOU";"ALCANÇOU";"ALCANÇOU"
"AC";"120045";"Senador Guiomard";"ALCANÇOU";"ALCANÇOU";;"NÃO ALCANÇOU";"NÃO ALCANÇOU";"NÃO ALCANÇOU";"ALCANÇOU";"ALCANÇOU"
"AC";"120060";"Tarauacá";"ALCANÇOU";"ALCANÇOU";;"NÃO ALCANÇOU";"NÃO ALCANÇOU";"ALCANÇOU";"NÃO ALCANÇOU";"ALCANÇOU"
"AC";"120070";"Xapuri";"NÃO ALCANÇOU";"ALCANÇOU";;"NÃO ALCANÇOU";"NÃO ALCANÇOU";"NÃO ALCANÇOU";"ALCANÇOU";"ALCANÇOU"
"AC";"120001";;;;"ALCANÇOU";;;;;
"AC";"120005";;;;"ALCANÇOU";;;;;
"AC";"120010";;;;"ALCANÇOU";;;;;
"AC";"120013";;;;"ALCANÇOU";;;;;
"AC";"120017";;;;"ALCANÇOU";;;;;
"AC";"120020";;;;"ALCANÇOU";;;;;
"AC";"120025";;;;"ALCANÇOU";;;;;
"AC";"120030";;;;"ALCANÇOU";;;;;
"AC";"120032";;;;"NÃO ALCANÇOU";;;;;
"AC";"120033";;;;"ALCANÇOU";;;;;
"AC";"120034";;;;"ALCANÇOU";;;;;
"AC";"120035";;;;"ALCANÇOU";;;;;
"AC";"120038";;;;"ALCANÇOU";;;;;
"AC";"120039";;;;"NÃO ALCANÇOU";;;;;
"AC";"120040";;;;"ALCANÇOU";;;;;
"AC";"120042";;;;"ALCANÇOU";;;;;
"AC";"120043";;;;"NÃO ALCANÇOU";;;;;
"AC";"120045";;;;"ALCANÇOU";;;;;
"AC";"120050";;;;"NÃO ALCANÇOU";;;;;
"AC";"120060";;;;"ALCANÇOU";;;;;
"AC";"120070";;;;"ALCANÇOU";;;;;
"AC";"120080";;;;"ALCANÇOU";;;;;
"AL";"270020";"Anadia";"ALCANÇOU";"ALCANÇOU";;"ALCANÇOU";"NÃO ALCANÇOU";"NÃO ALCANÇOU";"NÃO ALCANÇOU";"ALCANÇOU"
"AL";"270030";"Arapiraca";"ALCANÇOU";"ALCANÇOU";;"NÃO ALCANÇOU";"NÃO ALCANÇOU";"ALCANÇOU";"ALCANÇOU";"ALCANÇOU"
"AL";"270040";"Atalaia";"NÃO ALCANÇOU";"ALCANÇOU";;"NÃO ALCANÇOU";"ALCANÇOU";"NÃO ALCANÇOU";"NÃO ALCANÇOU";"NÃO ALCANÇOU"
"AL";"270050";"Barra de Santo Antônio";"ALCANÇOU";"ALCANÇOU";;"NÃO ALCANÇOU";"NÃO ALCANÇOU";"NÃO ALCANÇOU";"ALCANÇOU";"ALCANÇOU"
"AL";"270060";"Barra de São Miguel";"ALCANÇOU";"ALCANÇOU";;"NÃO ALCANÇOU";"ALCANÇOU";"NÃO ALCANÇOU";"NÃO ALCANÇOU";"NÃO ALCANÇOU"
"AL";"270070";"Batalha";"ALCANÇOU";"ALCANÇOU";;"NÃO ALCANÇOU";"NÃO ALCANÇOU";"NÃO ALCANÇOU";"ALCANÇOU";"ALCANÇOU"
"AL";"270090";"Belo Monte";"ALCANÇOU";"ALCANÇOU";;"ALCANÇOU";"NÃO ALCANÇOU";"NÃO ALCANÇOU";"ALCANÇOU";"ALCANÇOU"
"AL";"270080";"Belém";"ALCANÇOU";"ALCANÇOU";;"NÃO ALCANÇOU";"NÃO ALCANÇOU";"NÃO ALCANÇOU";"NÃO ALCANÇOU";"ALCANÇOU"
"AL";"270100";"Boca da Mata";"ALCANÇOU";"ALCANÇOU";;"NÃO ALCANÇOU";"ALCANÇOU";"NÃO ALCANÇOU";"ALCANÇOU";"ALCANÇOU"
"AL";"270110";"Branquinha";"ALCANÇOU";"ALCANÇOU";;"NÃO ALCANÇOU";"NÃO ALCANÇOU";"ALCANÇOU";"NÃO ALCANÇOU";"ALCANÇOU"
"AL";"270120";"Cacimbinhas";"ALCANÇOU";"ALCANÇOU";;"NÃO ALCANÇOU";"NÃO ALCANÇOU";"NÃO ALCANÇOU";"NÃO ALCANÇOU";"NÃO ALCANÇOU"
"AL";"270130";"Cajueiro";"ALCANÇOU";"ALCANÇOU";;"NÃO ALCANÇOU";"NÃO ALCANÇOU";"NÃO ALCANÇOU";"NÃO ALCANÇOU";"ALCANÇOU"
"AL";"270135";"Campestre";"ALCANÇOU";"ALCANÇOU";;"ALCANÇOU";"NÃO ALCANÇOU";"NÃO ALCANÇOU";"ALCANÇOU";"ALCANÇOU"
"AL";"270140";"Campo Alegre";"NÃO ALCANÇOU";"ALCANÇOU";;"ALCANÇOU";"NÃO ALCANÇOU";"NÃO ALCANÇOU";"ALCANÇOU";"ALCANÇOU"
"AL";"270150";"Campo Grande";"ALCANÇOU";"ALCANÇOU";;"NÃO ALCANÇOU";"NÃO ALCANÇOU";"NÃO ALCANÇOU";"ALCANÇOU";"ALCANÇOU"
"AL";"270160";"Canapi";"ALCANÇOU";"ALCANÇOU";;"NÃO ALCANÇOU";"NÃO ALCANÇOU";"NÃO ALCANÇOU";"ALCANÇOU";"ALCANÇOU"
"AL";"270170";"Capela";"ALCANÇOU";"ALCANÇOU";;"NÃO ALCANÇOU";"ALCANÇOU";"NÃO ALCANÇOU";"NÃO ALCANÇOU";"ALCANÇOU"
"AL";"270180";"Carneiros";"ALCANÇOU";"ALCANÇOU";;"ALCANÇOU";"ALCANÇOU";"NÃO ALCANÇOU";"ALCANÇOU";"ALCANÇOU"
"AL";"270190";"Chã Preta";"ALCANÇOU";"ALCANÇOU";;"ALCANÇOU";"ALCANÇOU";"NÃO ALCANÇOU";"ALCANÇOU";"ALCANÇOU"
"AL";"270200";"Coité do Nóia";"ALCANÇOU";"ALCANÇOU";;"NÃO ALCANÇOU";"NÃO ALCANÇOU";"NÃO ALCANÇOU";"NÃO ALCANÇOU";"ALCANÇOU"
"AL";"270210";"Colônia Leopoldina";"ALCANÇOU";"ALCANÇOU";;"NÃO ALCANÇOU";"NÃO ALCANÇOU";"NÃO ALCANÇOU";"NÃO ALCANÇOU";"ALCANÇOU"
"AL";"270220";"Coqueiro Seco";"ALCANÇOU";"ALCANÇOU";;"NÃO ALCANÇOU";"ALCANÇOU";"NÃO ALCANÇOU";"ALCANÇOU";"ALCANÇOU"
"AL";"270230";"Coruripe";"ALCANÇOU";"NÃO ALCANÇOU";;"ALCANÇOU";"ALCANÇOU";"ALCANÇOU";"NÃO ALCANÇOU";"ALCANÇOU"
"AL";"270235";"Craíbas";"ALCANÇOU";"ALCANÇOU";;"ALCANÇOU";"ALCANÇOU";"NÃO ALCANÇOU";"NÃO ALCANÇOU";"ALCANÇOU"
"AL";"270240";"Delmiro Gouveia";"ALCANÇOU";"ALCANÇOU";;"NÃO ALCANÇOU";"ALCANÇOU";"NÃO ALCANÇOU";"NÃO ALCANÇOU";"ALCANÇOU"
"AL";"270250";"Dois Riachos";"ALCANÇOU";"ALCANÇOU";;"ALCANÇOU";"ALCANÇOU";"NÃO ALCANÇOU";"ALCANÇOU";"ALCANÇOU"
"AL";"270255";"Estrela de Alagoas";"ALCANÇOU";"ALCANÇOU";;"NÃO ALCANÇOU";"NÃO ALCANÇOU";"NÃO ALCANÇOU";"ALCANÇOU";"ALCANÇOU"
"AL";"270260";"Feira Grande";"ALCANÇOU";"ALCANÇOU";;"NÃO ALCANÇOU";"NÃO ALCANÇOU";"NÃO ALCANÇOU";"NÃO ALCANÇOU";"NÃO ALCANÇOU"
"AL";"270270";"Feliz Deserto";"ALCANÇOU";"ALCANÇOU";;"ALCANÇOU";"ALCANÇOU";"NÃO ALCANÇOU";"NÃO ALCANÇOU";"NÃO ALCANÇOU"
"AL";"270280";"Flexeiras";"NÃO ALCANÇOU";"ALCANÇOU";;"ALCANÇOU";"ALCANÇOU";"NÃO ALCANÇOU";"NÃO ALCANÇOU";"ALCANÇOU"
"AL";"270290";"Girau do Ponciano";"ALCANÇOU";"ALCANÇOU";;"NÃO ALCANÇOU";"ALCANÇOU";"NÃO ALCANÇOU";"ALCANÇOU";"NÃO ALCANÇOU"
"AL";"270300";"Ibateguara";"ALCANÇOU";"ALCANÇOU";;"ALCANÇOU";"ALCANÇOU";"ALCANÇOU";"ALCANÇOU";"ALCANÇOU"
"AL";"270310";"Igaci";"ALCANÇOU";"ALCANÇOU";;"ALCANÇOU";"ALCANÇOU";"NÃO ALCANÇOU";"ALCANÇOU";"ALCANÇOU"
"AL";"270320";"Igreja Nova";"ALCANÇOU";"ALCANÇOU";;"ALCANÇOU";"ALCANÇOU";"NÃO ALCANÇOU";"ALCANÇOU";"NÃO ALCANÇOU"
"AL";"270330";"Inhapi";"ALCANÇOU";"ALCANÇOU";;"NÃO ALCANÇOU";"ALCANÇOU";"NÃO ALCANÇOU";"NÃO ALCANÇOU";"NÃO ALCANÇOU"
"AL";"270340";"Jacaré dos Homens";"ALCANÇOU";"ALCANÇOU";;"NÃO ALCANÇOU";"ALCANÇOU";"NÃO ALCANÇOU";"ALCANÇOU";"ALCANÇOU"
"AL";"270350";"Jacuípe";"ALCANÇOU";"ALCANÇOU";;"NÃO ALCANÇOU";"ALCANÇOU";"NÃO ALCANÇOU";"ALCANÇOU";"NÃO ALCANÇOU"
"AL";"270360";"Japaratinga";"ALCANÇOU";"ALCANÇOU";;"NÃO ALCANÇOU";"ALCANÇOU";"ALCANÇOU";"NÃO ALCANÇOU";"NÃO ALCANÇOU"
"AL";"270370";"Jaramataia";"ALCANÇOU";"ALCANÇOU";;"NÃO ALCANÇOU";"ALCANÇOU";"NÃO ALCANÇOU";"ALCANÇOU";"ALCANÇOU"
"AL";"270375";"Jequiá da Praia";"NÃO ALCANÇOU";"NÃO ALCANÇOU";;"ALCANÇOU";"ALCANÇOU";"NÃO ALCANÇOU";"ALCANÇOU";"NÃO ALCANÇOU"
"AL";"270380";"Joaquim Gomes";"ALCANÇOU";"ALCANÇOU";;"NÃO ALCANÇOU";"ALCANÇOU";"NÃO ALCANÇOU";"ALCANÇOU";"ALCANÇOU"
"AL";"270390";"Jundiá";"ALCANÇOU";"ALCANÇOU";;"ALCANÇOU";"NÃO ALCANÇOU";"NÃO ALCANÇOU";"NÃO ALCANÇOU";"ALCANÇOU"
"AL";"270400";"Junqueiro";"ALCANÇOU";"ALCANÇOU";;"NÃO ALCANÇOU";"NÃO ALCANÇOU";"ALCANÇOU";"ALCANÇOU";"ALCANÇOU"
"AL";"270410";"Lagoa da Canoa";"ALCANÇOU";"ALCANÇOU";;"NÃO ALCANÇOU";"NÃO ALCANÇOU";"NÃO ALCANÇOU";"ALCANÇOU";"ALCANÇOU"
"AL";"270420";"Limoeiro de Anadia";"ALCANÇOU";"ALCANÇOU";;"ALCANÇOU";"ALCANÇOU";"NÃO ALCANÇOU";"NÃO ALCANÇOU";"ALCANÇOU"
"AL";"270430";"Maceió";"ALCANÇOU";"ALCANÇOU";;"NÃO ALCANÇOU";"ALCANÇOU";"ALCANÇOU";"NÃO ALCANÇOU";"ALCANÇOU"
"AL";"270440";"Major Isidoro";"ALCANÇOU";"ALCANÇOU";;"NÃO ALCANÇOU";"ALCANÇOU";"NÃO ALCANÇOU";"ALCANÇOU";"NÃO ALCANÇOU"
"AL";"270490";"Mar Vermelho";"ALCANÇOU";"ALCANÇOU";;"ALCANÇOU";"ALCANÇOU";"NÃO ALCANÇOU";"ALCANÇOU";"NÃO ALCANÇOU"
"AL";"270450";"Maragogi";"NÃO ALCANÇOU";"ALCANÇOU";;"ALCANÇOU";"ALCANÇOU";"NÃO ALCANÇOU";"NÃO ALCANÇOU";"ALCANÇOU"
"AL";"270460";"Maravilha";"NÃO ALCANÇOU";"ALCANÇOU";;"ALCANÇOU";"ALCANÇOU";"NÃO ALCANÇOU";"ALCANÇOU";"ALCANÇOU"
"AL";"270470";"Marechal Deodoro";"ALCANÇOU";"ALCANÇOU";;"NÃO ALCANÇOU";"ALCANÇOU";"ALCANÇOU";"ALCANÇOU";"ALCANÇOU"
"AL";"270480";"Maribondo";"ALCANÇOU";"ALCANÇOU";;"ALCANÇOU";"ALCANÇOU";"NÃO ALCANÇOU";"ALCANÇOU";"ALCANÇOU"
"AL";"270500";"Mata Grande";"ALCANÇOU";"ALCANÇOU";;"ALCANÇOU";"NÃO ALCANÇOU";"NÃO ALCANÇOU";"ALCANÇOU";"ALCANÇOU"
"AL";"270510";"Matriz de Camaragibe";"ALCANÇOU";"ALCANÇOU";;"ALCANÇOU";"ALCANÇOU";"NÃO ALCANÇOU";"NÃO ALCANÇOU";"ALCANÇOU"
"AL";"270520";"Messias";"NÃO ALCANÇOU";"ALCANÇOU";;"NÃO ALCANÇOU";"ALCANÇOU";"NÃO ALCANÇOU";"ALCANÇOU";"ALCANÇOU"
"AL";"270530";"Minador do Negrão";"ALCANÇOU";"ALCANÇOU";;"NÃO ALCANÇOU";"NÃO ALCANÇOU";"NÃO ALCANÇOU";"ALCANÇOU";"ALCANÇOU"
"AL";"270540";"Monteirópolis";"ALCANÇOU";"ALCANÇOU";;"NÃO ALCANÇOU";"ALCANÇOU";"NÃO ALCANÇOU";"ALCANÇOU";"ALCANÇOU"
"AL";"270550";"Murici";"ALCANÇOU";"ALCANÇOU";;"NÃO ALCANÇOU";"NÃO ALCANÇOU";"ALCANÇOU";"ALCANÇOU";"NÃO ALCANÇOU"
"AL";"270560";"Novo Lino";"NÃO ALCANÇOU";"ALCANÇOU";;"ALCANÇOU";"ALCANÇOU";"NÃO ALCANÇOU";"ALCANÇOU";"NÃO ALCANÇOU"
"AL";"270590";"Olho d'Água Grande";"ALCANÇOU";"ALCANÇOU";;"ALCANÇOU";"NÃO ALCANÇOU";"NÃO ALCANÇOU";"ALCANÇOU";
"AL";"270570";"Olho d'Água das Flores";"ALCANÇOU";"ALCANÇOU";;"NÃO ALCANÇOU";"ALCANÇOU";"NÃO ALCANÇOU";"ALCANÇOU";
"AL";"270580";"Olho d'Água do Casado";"ALCANÇOU";"ALCANÇOU";;"NÃO ALCANÇOU";"ALCANÇOU";"NÃO ALCANÇOU";"ALCANÇOU";
"AL";"270590";"Olho dÁgua Grande";;;;;;;;"NÃO ALCANÇOU"
"AL";"270570";"Olho dÁgua das Flores";;;;;;;;"ALCANÇOU"
"AL";"270580";"Olho dÁgua do Casado";;;;;;;;"ALCANÇOU"
"AL";"270600";"Olivença";"ALCANÇOU";"ALCANÇOU";;"NÃO ALCANÇOU";"ALCANÇOU";"NÃO ALCANÇOU";"NÃO ALCANÇOU";"NÃO ALCANÇOU"
"AL";"270610";"Ouro Branco";"ALCANÇOU";"ALCANÇOU";;"NÃO ALCANÇOU";"NÃO ALCANÇOU";"NÃO ALCANÇOU";"ALCANÇOU";"NÃO ALCANÇOU"
"AL";"270620";"Palestina";"ALCANÇOU";"ALCANÇOU";;"NÃO ALCANÇOU";"ALCANÇOU";"NÃO ALCANÇOU";"ALCANÇOU";"ALCANÇOU"
"AL";"270630";"Palmeira dos Índios";"ALCANÇOU";"ALCANÇOU";;"NÃO ALCANÇOU";"NÃO ALCANÇOU";"ALCANÇOU";"ALCANÇOU";"ALCANÇOU"
"AL";"270642";"Pariconha";"ALCANÇOU";"ALCANÇOU";;"NÃO ALCANÇOU";"ALCANÇOU";"NÃO ALCANÇOU";"ALCANÇOU";"ALCANÇOU"
"AL";"270644";"Paripueira";"ALCANÇOU";"ALCANÇOU";;"NÃO ALCANÇOU";"ALCANÇOU";"ALCANÇOU";"ALCANÇOU";"ALCANÇOU"
"AL";"270650";"Passo de Camaragibe";"ALCANÇOU";"ALCANÇOU";;"NÃO ALCANÇOU";"NÃO ALCANÇOU";"NÃO ALCANÇOU";"NÃO ALCANÇOU";"ALCANÇOU"
"AL";"270660";"Paulo Jacinto";"ALCANÇOU";"ALCANÇOU";;"NÃO ALCANÇOU";"ALCANÇOU";"NÃO ALCANÇOU";"ALCANÇOU";"NÃO ALCANÇOU"
"AL";"270670";"Penedo";"ALCANÇOU";"ALCANÇOU";;"NÃO ALCANÇOU";"ALCANÇOU";"NÃO ALCANÇOU";"NÃO ALCANÇOU";"ALCANÇOU"
"AL";"270680";"Piaçabuçu";"ALCANÇOU";"ALCANÇOU";;"NÃO ALCANÇOU";"ALCANÇOU";"NÃO ALCANÇOU";"NÃO ALCANÇOU";"ALCANÇOU"
"AL";"270690";"Pilar";"ALCANÇOU";"ALCANÇOU";;"ALCANÇOU";"NÃO ALCANÇOU";"NÃO ALCANÇOU";"ALCANÇOU";"ALCANÇOU"
"AL";"270700";"Pindoba";"ALCANÇOU";"ALCANÇOU";;"NÃO ALCANÇOU";"NÃO ALCANÇOU";"NÃO ALCANÇOU";"ALCANÇOU";"NÃO ALCANÇOU"
"AL";"270710";"Piranhas";"ALCANÇOU";"ALCANÇOU";;"NÃO ALCANÇOU";"NÃO ALCANÇOU";"NÃO ALCANÇOU";"NÃO ALCANÇOU";"NÃO ALCANÇOU"
"AL";"270730";"Porto Calvo";"ALCANÇOU";"ALCANÇOU";;"NÃO ALCANÇOU";"NÃO ALCANÇOU";"NÃO ALCANÇOU";"ALCANÇOU";"ALCANÇOU"
"AL";"270750";"Porto Real do Colégio";"ALCANÇOU";"ALCANÇOU";;"ALCANÇOU";"ALCANÇOU";"NÃO ALCANÇOU";"ALCANÇOU";"ALCANÇOU"
"AL";"270740";"Porto de Pedras";"ALCANÇOU";"ALCANÇOU";;"NÃO ALCANÇOU";"ALCANÇOU";"NÃO ALCANÇOU";"NÃO ALCANÇOU";"NÃO ALCANÇOU"
"AL";"270720";"Poço das Trincheiras";"ALCANÇOU";"ALCANÇOU";;"NÃO ALCANÇOU";"ALCANÇOU";"NÃO ALCANÇOU";"NÃO ALCANÇOU";"ALCANÇOU"
"AL";"270640";"Pão de Açúcar";"ALCANÇOU";"ALCANÇOU";;"NÃO ALCANÇOU";"ALCANÇOU";"NÃO ALCANÇOU";"ALCANÇOU";"ALCANÇOU"
"AL";"270760";"Quebrangulo";"ALCANÇOU";"ALCANÇOU";;"NÃO ALCANÇOU";"ALCANÇOU";"NÃO ALCANÇOU";"ALCANÇOU";"ALCANÇOU"
"AL";"270770";"Rio Largo";"ALCANÇOU";"ALCANÇOU";;"NÃO ALCANÇOU";"NÃO ALCANÇOU";"ALCANÇOU";"ALCANÇOU";"ALCANÇOU"
"AL";"270780";"Roteiro";"NÃO ALCANÇOU";"ALCANÇOU";;"NÃO ALCANÇOU";"NÃO ALCANÇOU";"NÃO ALCANÇOU";"ALCANÇOU";"NÃO ALCANÇOU"
"AL";"270790";"Santa Luzia do Norte";"ALCANÇOU";"ALCANÇOU";;"ALCANÇOU";"ALCANÇOU";"NÃO ALCANÇOU";"NÃO ALCANÇOU";"NÃO ALCANÇOU"
"AL";"270800";"Santana do Ipanema";"ALCANÇOU";"ALCANÇOU";;"NÃO ALCANÇOU";"ALCANÇOU";"ALCANÇOU";"NÃO ALCANÇOU";"ALCANÇOU"
"AL";"270810";"Santana do Mundaú";"ALCANÇOU";"ALCANÇOU";;"NÃO ALCANÇOU";"ALCANÇOU";"NÃO ALCANÇOU";"ALCANÇOU";"ALCANÇOU"
"AL";"270890";"Satuba";"ALCANÇOU";"ALCANÇOU";;"NÃO ALCANÇOU";"NÃO ALCANÇOU";"NÃO ALCANÇOU";"NÃO ALCANÇOU";"NÃO ALCANÇOU"
"AL";"270895";"Senador Rui Palmeira";"ALCANÇOU";"ALCANÇOU";;"NÃO ALCANÇOU";"NÃO ALCANÇOU";"NÃO ALCANÇOU";"ALCANÇOU";"ALCANÇOU"
"AL";"270820";"São Brás";"ALCANÇOU";"ALCANÇOU";;"NÃO ALCANÇOU";"ALCANÇOU";"NÃO ALCANÇOU";"ALCANÇOU";"ALCANÇOU"
"AL";"270830";"São José da Laje";"ALCANÇOU";"ALCANÇOU";;"NÃO ALCANÇOU";"NÃO ALCANÇOU";"NÃO ALCANÇOU";"NÃO ALCANÇOU";"ALCANÇOU"
"AL";"270840";"São José da Tapera";"ALCANÇOU";"ALCANÇOU";;"ALCANÇOU";"ALCANÇOU";"ALCANÇOU";"ALCANÇOU";"ALCANÇOU"
"AL";"270850";"São Luís do Quitunde";"ALCANÇOU";"ALCANÇOU";;"NÃO ALCANÇOU";"NÃO ALCANÇOU";"NÃO ALCANÇOU";"ALCANÇOU";"ALCANÇOU"
"AL";"270860";"São Miguel dos Campos";"ALCANÇOU";"ALCANÇOU";;"NÃO ALCANÇOU";"NÃO ALCANÇOU";"NÃO ALCANÇOU";"NÃO ALCANÇOU";"ALCANÇOU"
"AL";"270870";"São Miguel dos Milagres";"ALCANÇOU";"ALCANÇOU";;"NÃO ALCANÇOU";"ALCANÇOU";"NÃO ALCANÇOU";"NÃO ALCANÇOU";"NÃO ALCANÇOU"
"AL";"270880";"São Sebastião";"ALCANÇOU";"ALCANÇOU";;"NÃO ALCANÇOU";"ALCANÇOU";"ALCANÇOU";"NÃO ALCANÇOU";"ALCANÇOU"
"AL";"270900";"Tanque d'Arca";"ALCANÇOU";"ALCANÇOU";;"NÃO ALCANÇOU";"NÃO ALCANÇOU";"NÃO ALCANÇOU";"ALCANÇOU";
"AL";"270900";"Tanque dArca";;;;;;;;"NÃO ALCANÇOU"
"AL";"270910";"Taquarana";"ALCANÇOU";"ALCANÇOU";;"NÃO ALCANÇOU";"ALCANÇOU";"NÃO ALCANÇOU";"NÃO ALCANÇOU";"ALCANÇOU"
"AL";"270915";"Teotônio Vilela";"ALCANÇOU";"ALCANÇOU";;"NÃO ALCANÇOU";"ALCANÇOU";"NÃO ALCANÇOU";"NÃO ALCANÇOU";"ALCANÇOU"
"AL";"270920";"Traipu";"ALCANÇOU";"ALCANÇOU";;"ALCANÇOU";"ALCANÇOU";"ALCANÇOU";"ALCANÇOU";"ALCANÇOU"
"AL";"270930";"União dos Palmares";"ALCANÇOU";"ALCANÇOU";;"ALCANÇOU";"ALCANÇOU";"ALCANÇOU";"NÃO ALCANÇOU";"ALCANÇOU"
"AL";"270940";"Viçosa";"ALCANÇOU";"ALCANÇOU";;"NÃO ALCANÇOU";"NÃO ALCANÇOU";"NÃO ALCANÇOU";"NÃO ALCANÇOU";"NÃO ALCANÇOU"
"AL";"270010";"Água Branca";"ALCANÇOU";"ALCANÇOU";;"NÃO ALCANÇOU";"ALCANÇOU";"NÃO ALCANÇOU";"ALCANÇOU";"ALCANÇOU"
"AL";"270010";;;;"ALCANÇOU";;;;;
"AL";"270020";;;;"ALCANÇOU";;;;;
"AL";"270030";;;;"ALCANÇOU";;;;;
"AL";"270040";;;;"ALCANÇOU";;;;;
"AL";"270050";;;;"ALCANÇOU";;;;;
"AL";"270060";;;;"ALCANÇOU";;;;;
"AL";"270070";;;;"ALCANÇOU";;;;;
"AL";"270080";;;;"ALCANÇOU";;;;;
"AL";"270090";;;;"ALCANÇOU";;;;;
"AL";"270100";;;;"ALCANÇOU";;;;;
"AL";"270110";;;;"ALCANÇOU";;;;;
"AL";"270120";;;;"ALCANÇOU";;;;;
"AL";"270130";;;;"ALCANÇOU";;;;;
"AL";"270135";;;;"ALCANÇOU";;;;;
"AL";"270140";;;;"ALCANÇOU";;;;;
"AL";"270150";;;;"ALCANÇOU";;;;;
"AL";"270160";;;;"ALCANÇOU";;;;;
"AL";"270170";;;;"ALCANÇOU";;;;;
"AL";"270180";;;;"ALCANÇOU";;;;;
"AL";"270190";;;;"ALCANÇOU";;;;;
"AL";"270200";;;;"ALCANÇOU";;;;;
"AL";"270210";;;;"ALCANÇOU";;;;;
"AL";"270220";;;;"ALCANÇOU";;;;;
"AL";"270230";;;;"ALCANÇOU";;;;;
"AL";"270235";;;;"ALCANÇOU";;;;;
"AL";"270240";;;;"ALCANÇOU";;;;;
"AL";"270250";;;;"ALCANÇOU";;;;;
"AL";"270255";;;;"ALCANÇOU";;;;;
"AL";"270260";;;;"ALCANÇOU";;;;;
"AL";"270270";;;;"ALCANÇOU";;;;;
"AL";"270280";;;;"ALCANÇOU";;;;;
"AL";"270290";;;;"ALCANÇOU";;;;;
"AL";"270300";;;;"ALCANÇOU";;;;;
"AL";"270310";;;;"ALCANÇOU";;;;;
"AL";"270320";;;;"ALCANÇOU";;;;;
"AL";"270330";;;;"ALCANÇOU";;;;;
"AL";"270340";;;;"ALCANÇOU";;;;;
"AL";"270350";;;;"ALCANÇOU";;;;;
"AL";"270360";;;;"ALCANÇOU";;;;;
"AL";"270370";;;;"ALCANÇOU";;;;;
"AL";"270375";;;;"ALCANÇOU";;;;;
"AL";"270380";;;;"ALCANÇOU";;;;;
"AL";"270390";;;;"NÃO ALCANÇOU";;;;;
"AL";"270400";;;;"ALCANÇOU";;;;;
"AL";"270410";;;;"ALCANÇOU";;;;;
"AL";"270420";;;;"ALCANÇOU";;;;;
"AL";"270430";;;;"ALCANÇOU";;;;;
"AL";"270440";;;;"ALCANÇOU";;;;;
"AL";"270450";;;;"ALCANÇOU";;;;;
"AL";"270460";;;;"ALCANÇOU";;;;;
"AL";"270470";;;;"ALCANÇOU";;;;;
"AL";"270480";;;;"ALCANÇOU";;;;;
"AL";"270490";;;;"ALCANÇOU";;;;;
"AL";"270500";;;;"ALCANÇOU";;;;;
"AL";"270510";;;;"ALCANÇOU";;;;;
"AL";"270520";;;;"ALCANÇOU";;;;;
"AL";"270530";;;;"ALCANÇOU";;;;;
"AL";"270540";;;;"ALCANÇOU";;;;;
"AL";"270550";;;;"ALCANÇOU";;;;;
"AL";"270560";;;;"ALCANÇOU";;;;;
"AL";"270570";;;;"ALCANÇOU";;;;;
"AL";"270580";;;;"NÃO ALCANÇOU";;;;;
"AL";"270590";;;;"ALCANÇOU";;;;;
"AL";"270600";;;;"ALCANÇOU";;;;;
"AL";"270610";;;;"ALCANÇOU";;;;;
"AL";"270620";;;;"ALCANÇOU";;;;;
"AL";"270630";;;;"ALCANÇOU";;;;;
"AL";"270640";;;;"ALCANÇOU";;;;;
"AL";"270642";;;;"ALCANÇOU";;;;;
"AL";"270644";;;;"ALCANÇOU";;;;;
"AL";"270650";;;;"ALCANÇOU";;;;;
"AL";"270660";;;;"ALCANÇOU";;;;;
"AL";"270670";;;;"ALCANÇOU";;;;;
"AL";"270680";;;;"ALCANÇOU";;;;;
"AL";"270690";;;;"ALCANÇOU";;;;;
"AL";"270700";;;;"ALCANÇOU";;;;;
"AL";"270710";;;;"ALCANÇOU";;;;;
"AL";"270720";;;;"ALCANÇOU";;;;;
"AL";"270730";;;;"ALCANÇOU";;;;;
"AL";"270740";;;;"ALCANÇOU";;;;;
"AL";"270750";;;;"ALCANÇOU";;;;;
"AL";"270760";;;;"ALCANÇOU";;;;;
"AL";"270770";;;;"ALCANÇOU";;;;;
"AL";"270780";;;;"ALCANÇOU";;;;;
"AL";"270790";;;;"ALCANÇOU";;;;;
"AL";"270800";;;;"ALCANÇOU";;;;;
"AL";"270810";;;;"ALCANÇOU";;;;;
"AL";"270820";;;;"ALCANÇOU";;;;;
"AL";"270830";;;;"ALCANÇOU";;;;;
"AL";"270840";;;;"ALCANÇOU";;;;;
"AL";"270850";;;;"ALCANÇOU";;;;;
"AL";"270860";;;;"ALCANÇOU";;;;;
"AL";"270870";;;;"ALCANÇOU";;;;;
"AL";"270880";;;;"NÃO ALCANÇOU";;;;;
"AL";"270890";;;;"ALCANÇOU";;;;;
"AL";"270895";;;;"ALCANÇOU";;;;;
"AL";"270900";;;;"ALCANÇOU";;;;;
"AL";"270910";;;;"ALCANÇOU";;;;;
"AL";"270915";;;;"ALCANÇOU";;;;;
"AL";"270920";;;;"ALCANÇOU";;;;;
"AL";"270930";;;;"ALCANÇOU";;;;;
"AL";"270940";;;;"ALCANÇOU";;;;;
"AM";"130002";"Alvarães";"NÃO ALCANÇOU";"ALCANÇOU";;"NÃO ALCANÇOU";"NÃO ALCANÇOU";"ALCANÇOU";"NÃO ALCANÇOU";"ALCANÇOU"
"AM";"130006";"Amaturá";"ALCANÇOU";"ALCANÇOU";;"ALCANÇOU";"NÃO ALCANÇOU";"NÃO ALCANÇOU";"ALCANÇOU";"ALCANÇOU"
"AM";"130008";"Anamã";"ALCANÇOU";"ALCANÇOU";;"NÃO ALCANÇOU";"NÃO ALCANÇOU";"NÃO ALCANÇOU";"ALCANÇOU";"ALCANÇOU"
"AM";"130010";"Anori";"ALCANÇOU";"ALCANÇOU";;"NÃO ALCANÇOU";"NÃO ALCANÇOU";"NÃO ALCANÇOU";"ALCANÇOU";"ALCANÇOU"
"AM";"130014";"Apuí";"NÃO ALCANÇOU";"ALCANÇOU";;"NÃO ALCANÇOU";"NÃO ALCANÇOU";"ALCANÇOU";"ALCANÇOU";"ALCANÇOU"
"AM";"130020";"Atalaia do Norte";"NÃO ALCANÇOU";"ALCANÇOU";;"NÃO ALCANÇOU";"ALCANÇOU";"ALCANÇOU";"ALCANÇOU";"ALCANÇOU"
"AM";"130030";"Autazes";"NÃO ALCANÇOU";"ALCANÇOU";;"NÃO ALCANÇOU";"ALCANÇOU";"ALCANÇOU";"NÃO ALCANÇOU";"ALCANÇOU"
"AM";"130040";"Barcelos";"ALCANÇOU";"ALCANÇOU";;"NÃO ALCANÇOU";"NÃO ALCANÇOU";"NÃO ALCANÇOU";"NÃO ALCANÇOU";"ALCANÇOU"
"AM";"130050";"Barreirinha";"ALCANÇOU";"ALCANÇOU";;"NÃO ALCANÇOU";"NÃO ALCANÇOU";"NÃO ALCANÇOU";"NÃO ALCANÇOU";"ALCANÇOU"
"AM";"130060";"Benjamin Constant";"NÃO ALCANÇOU";"ALCANÇOU";;"NÃO ALCANÇOU";"ALCANÇOU";"ALCANÇOU";"ALCANÇOU";"ALCANÇOU"
"AM";"130063";"Beruri";"NÃO ALCANÇOU";"ALCANÇOU";;"NÃO ALCANÇOU";"NÃO ALCANÇOU";"NÃO ALCANÇOU";"NÃO ALCANÇOU";"ALCANÇOU"
"AM";"130068";"Boa Vista do Ramos";"NÃO ALCANÇOU";"ALCANÇOU";;"NÃO ALCANÇOU";"NÃO ALCANÇOU";"NÃO ALCANÇOU";"NÃO ALCANÇOU";"ALCANÇOU"
"AM";"130070";"Boca do Acre";"NÃO ALCANÇOU";"ALCANÇOU";;"NÃO ALCANÇOU";"NÃO ALCANÇOU";"NÃO ALCANÇOU";"NÃO ALCANÇOU";"ALCANÇOU"
"AM";"130080";"Borba";"NÃO ALCANÇOU";"ALCANÇOU";;"NÃO ALCANÇOU";"NÃO ALCANÇOU";"NÃO ALCANÇOU";"NÃO ALCANÇOU";"ALCANÇOU"
"AM";"130083";"Caapiranga";"NÃO ALCANÇOU";"ALCANÇOU";;"NÃO ALCANÇOU";"NÃO ALCANÇOU";"ALCANÇOU";"ALCANÇOU";"ALCANÇOU"
"AM";"130090";"Canutama";"ALCANÇOU";"ALCANÇOU";;"NÃO ALCANÇOU";"NÃO ALCANÇOU";"NÃO ALCANÇOU";"NÃO ALCANÇOU";"ALCANÇOU"
"AM";"130100";"Carauari";"ALCANÇOU";"ALCANÇOU";;"NÃO ALCANÇOU";"ALCANÇOU";"ALCANÇOU";"ALCANÇOU";"ALCANÇOU"
"AM";"130110";"Careiro";"NÃO ALCANÇOU";"ALCANÇOU";;"NÃO ALCANÇOU";"NÃO ALCANÇOU";"ALCANÇOU";"NÃO ALCANÇOU";"ALCANÇOU"
"AM";"130115";"Careiro da Várzea";"ALCANÇOU";"ALCANÇOU";;"NÃO ALCANÇOU";"NÃO ALCANÇOU";"ALCANÇOU";"ALCANÇOU";"ALCANÇOU"
"AM";"130120";"Coari";"ALCANÇOU";"ALCANÇOU";;"NÃO ALCANÇOU";"ALCANÇOU";"ALCANÇOU";"NÃO ALCANÇOU";"ALCANÇOU"
"AM";"130130";"Codajás";"NÃO ALCANÇOU";"ALCANÇOU";;"NÃO ALCANÇOU";"NÃO ALCANÇOU";"ALCANÇOU";"ALCANÇOU";"ALCANÇOU"
"AM";"130140";"Eirunepé";"ALCANÇOU";"ALCANÇOU";;"NÃO ALCANÇOU";"NÃO ALCANÇOU";"ALCANÇOU";"ALCANÇOU";"ALCANÇOU"
"AM";"130150";"Envira";"NÃO ALCANÇOU";"ALCANÇOU";;"NÃO ALCANÇOU";"NÃO ALCANÇOU";"ALCANÇOU";"ALCANÇOU";"ALCANÇOU"
"AM";"130160";"Fonte Boa";"NÃO ALCANÇOU";"NÃO ALCANÇOU";;"NÃO ALCANÇOU";"NÃO ALCANÇOU";"NÃO ALCANÇOU";"ALCANÇOU";"ALCANÇOU"
"AM";"130165";"Guajará";"ALCANÇOU";"ALCANÇOU";;"NÃO ALCANÇOU";"NÃO ALCANÇOU";"NÃO ALCANÇOU";"ALCANÇOU";"ALCANÇOU"
"AM";"130170";"Humaitá";"NÃO ALCANÇOU";"ALCANÇOU";;"NÃO ALCANÇOU";"NÃO ALCANÇOU";"ALCANÇOU";"ALCANÇOU";"ALCANÇOU"
"AM";"130180";"Ipixuna";"ALCANÇOU";"ALCANÇOU";;"NÃO ALCANÇOU";"NÃO ALCANÇOU";"ALCANÇOU";"ALCANÇOU";"ALCANÇOU"
"AM";"130185";"Iranduba";"ALCANÇOU";"ALCANÇOU";;"NÃO ALCANÇOU";"NÃO ALCANÇOU";"ALCANÇOU";"ALCANÇOU";"ALCANÇOU"
"AM";"130190";"Itacoatiara";"ALCANÇOU";"ALCANÇOU";;"NÃO ALCANÇOU";"ALCANÇOU";"NÃO ALCANÇOU";"NÃO ALCANÇOU";"ALCANÇOU"
"AM";"130195";"Itamarati";"NÃO ALCANÇOU";"ALCANÇOU";;"NÃO ALCANÇOU";"NÃO ALCANÇOU";"NÃO ALCANÇOU";"ALCANÇOU";"ALCANÇOU"
"AM";"130200";"Itapiranga";"NÃO ALCANÇOU";"ALCANÇOU";;"ALCANÇOU";"NÃO ALCANÇOU";"NÃO ALCANÇOU";"ALCANÇOU";"ALCANÇOU"
"AM";"130210";"Japurá";"NÃO ALCANÇOU";"ALCANÇOU";;"NÃO ALCANÇOU";"NÃO ALCANÇOU";"NÃO ALCANÇOU";"NÃO ALCANÇOU";"ALCANÇOU"
"AM";"130220";"Juruá";"NÃO ALCANÇOU";"ALCANÇOU";;"NÃO ALCANÇOU";"NÃO ALCANÇOU";"ALCANÇOU";"ALCANÇOU";"ALCANÇOU"
"AM";"130230";"Jutaí";"NÃO ALCANÇOU";"ALCANÇOU";;"NÃO ALCANÇOU";"NÃO ALCANÇOU";"NÃO ALCANÇOU";"ALCANÇOU";"ALCANÇOU"
"AM";"130240";"Lábrea";"ALCANÇOU";"ALCANÇOU";;"NÃO ALCANÇOU";"NÃO ALCANÇOU";"ALCANÇOU";"ALCANÇOU";"ALCANÇOU"
"AM";"130250";"Manacapuru";"ALCANÇOU";"ALCANÇOU";;"NÃO ALCANÇOU";"ALCANÇOU";"ALCANÇOU";"NÃO ALCANÇOU";"ALCANÇOU"
"AM";"130255";"Manaquiri";"NÃO ALCANÇOU";"NÃO ALCANÇOU";;"ALCANÇOU";"ALCANÇOU";"NÃO ALCANÇOU";"NÃO ALCANÇOU";"ALCANÇOU"
"AM";"130260";"Manaus";"ALCANÇOU";"ALCANÇOU";;"NÃO ALCANÇOU";"ALCANÇOU";"ALCANÇOU";"NÃO ALCANÇOU";"ALCANÇOU"
"AM";"130270";"Manicoré";"ALCANÇOU";"ALCANÇOU";;"NÃO ALCANÇOU";"NÃO ALCANÇOU";"NÃO ALCANÇOU";"ALCANÇOU";"ALCANÇOU"
"AM";"130280";"Maraã";"NÃO ALCANÇOU";"ALCANÇOU";;"NÃO ALCANÇOU";"NÃO ALCANÇOU";"NÃO ALCANÇOU";"NÃO ALCANÇOU";"ALCANÇOU"
"AM";"130290";"Maués";"NÃO ALCANÇOU";"ALCANÇOU";;"NÃO ALCANÇOU";"ALCANÇOU";"ALCANÇOU";"NÃO ALCANÇOU";"ALCANÇOU"
"AM";"130300";"Nhamundá";"NÃO ALCANÇOU";"ALCANÇOU";;"NÃO ALCANÇOU";"NÃO ALCANÇOU";"NÃO ALCANÇOU";"ALCANÇOU";"ALCANÇOU"
"AM";"130310";"Nova Olinda do Norte";"NÃO ALCANÇOU";"ALCANÇOU";;"NÃO ALCANÇOU";"ALCANÇOU";"ALCANÇOU";"NÃO ALCANÇOU";"ALCANÇOU"
"AM";"130320";"Novo Airão";"NÃO ALCANÇOU";"ALCANÇOU";;"NÃO ALCANÇOU";"NÃO ALCANÇOU";"ALCANÇOU";"ALCANÇOU";"ALCANÇOU"
"AM";"130330";"Novo Aripuanã";"NÃO ALCANÇOU";"ALCANÇOU";;"NÃO ALCANÇOU";"NÃO ALCANÇOU";"NÃO ALCANÇOU";"NÃO ALCANÇOU";"ALCANÇOU"
"AM";"130340";"Parintins";"NÃO ALCANÇOU";"ALCANÇOU";;"NÃO ALCANÇOU";"ALCANÇOU";"ALCANÇOU";"NÃO ALCANÇOU";"ALCANÇOU"
"AM";"130350";"Pauini";"NÃO ALCANÇOU";"ALCANÇOU";;"NÃO ALCANÇOU";"NÃO ALCANÇOU";"NÃO ALCANÇOU";"ALCANÇOU";"ALCANÇOU"
"AM";"130353";"Presidente Figueiredo";"ALCANÇOU";"ALCANÇOU";;"NÃO ALCANÇOU";"ALCANÇOU";"ALCANÇOU";"NÃO ALCANÇOU";"ALCANÇOU"
"AM";"130356";"Rio Preto da Eva";"NÃO ALCANÇOU";"ALCANÇOU";;"NÃO ALCANÇOU";"NÃO ALCANÇOU";"NÃO ALCANÇOU";"NÃO ALCANÇOU";"ALCANÇOU"
"AM";"130360";"Santa Isabel do Rio Negro";"NÃO ALCANÇOU";"ALCANÇOU";;"NÃO ALCANÇOU";"NÃO ALCANÇOU";"ALCANÇOU";"ALCANÇOU";"ALCANÇOU"
"AM";"130370";"Santo Antônio do Içá";"NÃO ALCANÇOU";"ALCANÇOU";;"NÃO ALCANÇOU";"NÃO ALCANÇOU";"NÃO ALCANÇOU";"ALCANÇOU";"ALCANÇOU"
"AM";"130400";"Silves";"NÃO ALCANÇOU";"ALCANÇOU";;"NÃO ALCANÇOU";"NÃO ALCANÇOU";"NÃO ALCANÇOU";"ALCANÇOU";"ALCANÇOU"
"AM";"130380";"São Gabriel da Cachoeira";"NÃO ALCANÇOU";"NÃO ALCANÇOU";;"NÃO ALCANÇOU";"NÃO ALCANÇOU";"ALCANÇOU";"NÃO ALCANÇOU";"ALCANÇOU"
"AM";"130390";"São Paulo de Olivença";"ALCANÇOU";"ALCANÇOU";;"NÃO ALCANÇOU";"NÃO ALCANÇOU";"ALCANÇOU";"ALCANÇOU";"ALCANÇOU"
"AM";"130395";"São Sebastião do Uatumã";"NÃO ALCANÇOU";"NÃO ALCANÇOU";;"NÃO ALCANÇOU";"NÃO ALCANÇOU";"NÃO ALCANÇOU";"ALCANÇOU";"ALCANÇOU"
"AM";"130406";"Tabatinga";"NÃO ALCANÇOU";"ALCANÇOU";;"NÃO ALCANÇOU";"ALCANÇOU";"ALCANÇOU";"NÃO ALCANÇOU";"ALCANÇOU"
"AM";"130410";"Tapauá";"NÃO ALCANÇOU";"ALCANÇOU";;"NÃO ALCANÇOU";"NÃO ALCANÇOU";"NÃO ALCANÇOU";"ALCANÇOU";"ALCANÇOU"
"AM";"130420";"Tefé";"ALCANÇOU";"ALCANÇOU";;"NÃO ALCANÇOU";"NÃO ALCANÇOU";"NÃO ALCANÇOU";"ALCANÇOU";"ALCANÇOU"
"AM";"130423";"Tonantins";"ALCANÇOU";"ALCANÇOU";;"ALCANÇOU";"NÃO ALCANÇOU";"NÃO ALCANÇOU";"ALCANÇOU";"ALCANÇOU"
"AM";"130426";"Uarini";"ALCANÇOU";"ALCANÇOU";;"ALCANÇOU";"NÃO ALCANÇOU";"NÃO ALCANÇOU";"ALCANÇOU";"ALCANÇOU"
"AM";"130430";"Urucará";"NÃO ALCANÇOU";"ALCANÇOU";;"ALCANÇOU";"NÃO ALCANÇOU";"ALCANÇOU";"ALCANÇOU";"ALCANÇOU"
"AM";"130440";"Urucurituba";"NÃO ALCANÇOU";"NÃO ALCANÇOU";;"NÃO ALCANÇOU";"NÃO ALCANÇOU";"NÃO ALCANÇOU";"ALCANÇOU";"ALCANÇOU"
"AM";"130002";;;;"ALCANÇOU";;;;;
"AM";"130006";;;;"ALCANÇOU";;;;;
"AM";"130008";;;;"NÃO ALCANÇOU";;;;;
"AM";"130010";;;;"ALCANÇOU";;;;;
"AM";"130014";;;;"ALCANÇOU";;;;;
"AM";"130020";;;;"ALCANÇOU";;;;;
"AM";"130030";;;;"ALCANÇOU";;;;;
"AM";"130040";;;;"ALCANÇOU";;;;;
"AM";"130050";;;;"ALCANÇOU";;;;;
"AM";"130060";;;;"ALCANÇOU";;;;;
"AM";"130063";;;;"ALCANÇOU";;;;;
"AM";"130068";;;;"ALCANÇOU";;;;;
"AM";"130070";;;;"ALCANÇOU";;;;;
"AM";"130080";;;;"ALCANÇOU";;;;;
"AM";"130083";;;;"ALCANÇOU";;;;;
"AM";"130090";;;;"ALCANÇOU";;;;;
"AM";"130100";;;;"ALCANÇOU";;;;;
"AM";"130110";;;;"ALCANÇOU";;;;;
"AM";"130115";;;;"ALCANÇOU";;;;;
"AM";"130120";;;;"ALCANÇOU";;;;;
"AM";"130130";;;;"ALCANÇOU";;;;;
"AM";"130140";;;;"ALCANÇOU";;;;;
"AM";"130150";;;;"ALCANÇOU";;;;;
"AM";"130160";;;;"ALCANÇOU";;;;;
"AM";"130165";;;;"ALCANÇOU";;;;;
"AM";"130170";;;;"ALCANÇOU";;;;;
"AM";"130180";;;;"ALCANÇOU";;;;;
"AM";"130185";;;;"ALCANÇOU";;;;;
"AM";"130190";;;;"ALCANÇOU";;;;;
"AM";"130195";;;;"ALCANÇOU";;;;;
"AM";"130200";;;;"ALCANÇOU";;;;;
"AM";"130210";;;;"NÃO ALCANÇOU";;;;;
"AM";"130220";;;;"ALCANÇOU";;;;;
"AM";"130230";;;;"ALCANÇOU";;;;;
"AM";"130240";;;;"ALCANÇOU";;;;;
"AM";"130250";;;;"ALCANÇOU";;;;;
"AM";"130255";;;;"ALCANÇOU";;;;;
"AM";"130260";;;;"ALCANÇOU";;;;;
"AM";"130270";;;;"ALCANÇOU";;;;;
"AM";"130280";;;;"ALCANÇOU";;;;;
"AM";"130290";;;;"ALCANÇOU";;;;;
"AM";"130300";;;;"ALCANÇOU";;;;;
"AM";"130310";;;;"ALCANÇOU";;;;;
"AM";"130320";;;;"ALCANÇOU";;;;;
"AM";"130330";;;;"ALCANÇOU";;;;;
"AM";"130340";;;;"ALCANÇOU";;;;;
"AM";"130350";;;;"ALCANÇOU";;;;;
"AM";"130353";;;;"ALCANÇOU";;;;;
"AM";"130356";;;;"ALCANÇOU";;;;;
"AM";"130360";;;;"ALCANÇOU";;;;;
"AM";"130370";;;;"ALCANÇOU";;;;;
"AM";"130380";;;;"ALCANÇOU";;;;;
"AM";"130390";;;;"ALCANÇOU";;;;;
"AM";"130395";;;;"ALCANÇOU";;;;;
"AM";"130400";;;;"ALCANÇOU";;;;;
"AM";"130406";;;;"ALCANÇOU";;;;;
"AM";"130410";;;;"ALCANÇOU";;;;;
"AM";"130420";;;;"ALCANÇOU";;;;;
"AM";"130423";;;;"ALCANÇOU";;;;;
"AM";"130426";;;;"NÃO ALCANÇOU";;;;;
"AM";"130430";;;;"ALCANÇOU";;;;;
"AM";"130440";;;;"ALCANÇOU";;;;;
"AP";"160010";"Amapá";"ALCANÇOU";"ALCANÇOU";;"NÃO ALCANÇOU";"NÃO ALCANÇOU";"NÃO ALCANÇOU";"ALCANÇOU";"ALCANÇOU"
"AP";"160020";"Calçoene";"ALCANÇOU";"ALCANÇOU";;"NÃO ALCANÇOU";"NÃO ALCANÇOU";"NÃO ALCANÇOU";"NÃO ALCANÇOU";"NÃO ALCANÇOU"
"AP";"160021";"Cutias";"ALCANÇOU";"NÃO ALCANÇOU";;"NÃO ALCANÇOU";"NÃO ALCANÇOU";"ALCANÇOU";"ALCANÇOU";"ALCANÇOU"
"AP";"160023";"Ferreira Gomes";"NÃO ALCANÇOU";"ALCANÇOU";;"NÃO ALCANÇOU";"NÃO ALCANÇOU";"NÃO ALCANÇOU";"NÃO ALCANÇOU";"ALCANÇOU"
"AP";"160025";"Itaubal";"ALCANÇOU";"ALCANÇOU";;"NÃO ALCANÇOU";"NÃO ALCANÇOU";"NÃO ALCANÇOU";"NÃO ALCANÇOU";"ALCANÇOU"
"AP";"160027";"Laranjal do Jari";"NÃO ALCANÇOU";"ALCANÇOU";;"NÃO ALCANÇOU";"NÃO ALCANÇOU";"NÃO ALCANÇOU";"NÃO ALCANÇOU";"ALCANÇOU"
"AP";"160030";"Macapá";"NÃO ALCANÇOU";"ALCANÇOU";;"NÃO ALCANÇOU";"NÃO ALCANÇOU";"ALCANÇOU";"NÃO ALCANÇOU";"ALCANÇOU"
"AP";"160040";"Mazagão";"NÃO ALCANÇOU";"ALCANÇOU";;"NÃO ALCANÇOU";"NÃO ALCANÇOU";"ALCANÇOU";"ALCANÇOU";"ALCANÇOU"
"AP";"160050";"Oiapoque";"ALCANÇOU";"ALCANÇOU";;"NÃO ALCANÇOU";"NÃO ALCANÇOU";"ALCANÇOU";"NÃO ALCANÇOU";"ALCANÇOU"
"AP";"160015";"Pedra Branca do Amapari";"NÃO ALCANÇOU";"ALCANÇOU";;"NÃO ALCANÇOU";"NÃO ALCANÇOU";"ALCANÇOU";"ALCANÇOU";"ALCANÇOU"
"AP";"160053";"Porto Grande";"ALCANÇOU";"ALCANÇOU";;"NÃO ALCANÇOU";"NÃO ALCANÇOU";"NÃO ALCANÇOU";"ALCANÇOU";"ALCANÇOU"
"AP";"160055";"Pracuúba";"ALCANÇOU";"ALCANÇOU";;"NÃO ALCANÇOU";"NÃO ALCANÇOU";"NÃO ALCANÇOU";"ALCANÇOU";"NÃO ALCANÇOU"
"AP";"160060";"Santana";"ALCANÇOU";"ALCANÇOU";;"NÃO ALCANÇOU";"NÃO ALCANÇOU";"ALCANÇOU";"ALCANÇOU";"ALCANÇOU"
"AP";"160005";"Serra do Navio";"NÃO ALCANÇOU";"ALCANÇOU";;"NÃO ALCANÇOU";"NÃO ALCANÇOU";"NÃO ALCANÇOU";"ALCANÇOU";"NÃO ALCANÇOU"
"AP";"160070";"Tartarugalzinho";"NÃO ALCANÇOU";"ALCANÇOU";;"NÃO ALCANÇOU";"NÃO ALCANÇOU";"ALCANÇOU";"NÃO ALCANÇOU";"ALCANÇOU"
"AP";"160080";"Vitória do Jari";"ALCANÇOU";"NÃO ALCANÇOU";;"NÃO ALCANÇOU";"NÃO ALCANÇOU";"NÃO ALCANÇOU";"ALCANÇOU";"ALCANÇOU"
"AP";"160005";;;;"NÃO ALCANÇOU";;;;;
"AP";"160010";;;;"NÃO ALCANÇOU";;;;;
"AP";"160015";;;;"ALCANÇOU";;;;;
"AP";"160020";;;;"ALCANÇOU";;;;;
"AP";"160021";;;;"NÃO ALCANÇOU";;;;;
"AP";"160023";;;;"ALCANÇOU";;;;;
"AP";"160025";;;;"ALCANÇOU";;;;;
"AP";"160027";;;;"NÃO ALCANÇOU";;;;;
"AP";"160030";;;;"ALCANÇOU";;;;;
"AP";"160040";;;;"NÃO ALCANÇOU";;;;;
"AP";"160050";;;;"ALCANÇOU";;;;;
"AP";"160053";;;;"ALCANÇOU";;;;;
"AP";"160055";;;;"NÃO ALCANÇOU";;;;;
"AP";"160060";;;;"ALCANÇOU";;;;;
"AP";"160070";;;;"ALCANÇOU";;;;;
"AP";"160080";;;;"NÃO ALCANÇOU";;;;;
"BA";"290020";"Abaré";"NÃO ALCANÇOU";"ALCANÇOU";;"ALCANÇOU";"NÃO ALCANÇOU";"NÃO ALCANÇOU";"ALCANÇOU";"ALCANÇOU"
"BA";"290010";"Abaíra";"ALCANÇOU";"NÃO ALCANÇOU";;"NÃO ALCANÇOU";"NÃO ALCANÇOU";"NÃO ALCANÇOU";"ALCANÇOU";"ALCANÇOU"
"BA";"290030";"Acajutiba";"NÃO ALCANÇOU";"ALCANÇOU";;"NÃO ALCANÇOU";"NÃO ALCANÇOU";"NÃO ALCANÇOU";"ALCANÇOU";"NÃO ALCANÇOU"
"BA";"290035";"Adustina";"ALCANÇOU";"ALCANÇOU";;"ALCANÇOU";"ALCANÇOU";"NÃO ALCANÇOU";"ALCANÇOU";"NÃO ALCANÇOU"
"BA";"290060";"Aiquara";"ALCANÇOU";"NÃO ALCANÇOU";;"NÃO ALCANÇOU";"NÃO ALCANÇOU";"NÃO ALCANÇOU";"ALCANÇOU";"NÃO ALCANÇOU"
"BA";"290070";"Alagoinhas";"ALCANÇOU";"ALCANÇOU";;"NÃO ALCANÇOU";"NÃO ALCANÇOU";"NÃO ALCANÇOU";"NÃO ALCANÇOU";"ALCANÇOU"
"BA";"290080";"Alcobaça";"ALCANÇOU";"ALCANÇOU";;"ALCANÇOU";"ALCANÇOU";"NÃO ALCANÇOU";"ALCANÇOU";"NÃO ALCANÇOU"
"BA";"290090";"Almadina";"NÃO ALCANÇOU";"ALCANÇOU";;"ALCANÇOU";"NÃO ALCANÇOU";"NÃO ALCANÇOU";"NÃO ALCANÇOU";"ALCANÇOU"
"BA";"290100";"Amargosa";"ALCANÇOU";"ALCANÇOU";;"ALCANÇOU";"ALCANÇOU";"NÃO ALCANÇOU";"NÃO ALCANÇOU";"ALCANÇOU"
"BA";"290110";"Amélia Rodrigues";"ALCANÇOU";"ALCANÇOU";;"ALCANÇOU";"ALCANÇOU";"ALCANÇOU";"NÃO ALCANÇOU";"ALCANÇOU"
"BA";"290115";"América Dourada";"ALCANÇOU";"ALCANÇOU";;"ALCANÇOU";"ALCANÇOU";"NÃO ALCANÇOU";"ALCANÇOU";"NÃO ALCANÇOU"
"BA";"290120";"Anagé";"ALCANÇOU";"ALCANÇOU";;"NÃO ALCANÇOU";"ALCANÇOU";"NÃO ALCANÇOU";"ALCANÇOU";"NÃO ALCANÇOU"
"BA";"290130";"Andaraí";"ALCANÇOU";"ALCANÇOU";;"NÃO ALCANÇOU";"ALCANÇOU";"ALCANÇOU";"ALCANÇOU";"ALCANÇOU"
"BA";"290135";"Andorinha";"ALCANÇOU";"ALCANÇOU";;"ALCANÇOU";"NÃO ALCANÇOU";"NÃO ALCANÇOU";"ALCANÇOU";"NÃO ALCANÇOU"
"BA";"290140";"Angical";"ALCANÇOU";"ALCANÇOU";;"ALCANÇOU";"ALCANÇOU";"NÃO ALCANÇOU";"ALCANÇOU";"NÃO ALCANÇOU"
"BA";"290150";"Anguera";"ALCANÇOU";"ALCANÇOU";;"ALCANÇOU";"ALCANÇOU";"NÃO ALCANÇOU";"NÃO ALCANÇOU";"NÃO ALCANÇOU"
"BA";"290160";"Antas";"ALCANÇOU";"ALCANÇOU";;"NÃO ALCANÇOU";"NÃO ALCANÇOU";"NÃO ALCANÇOU";"ALCANÇOU";"ALCANÇOU"
"BA";"290170";"Antônio Cardoso";"ALCANÇOU";"ALCANÇOU";;"NÃO ALCANÇOU";"ALCANÇOU";"NÃO ALCANÇOU";"ALCANÇOU";"NÃO ALCANÇOU"
"BA";"290180";"Antônio Gonçalves";"ALCANÇOU";"ALCANÇOU";;"NÃO ALCANÇOU";"ALCANÇOU";"NÃO ALCANÇOU";"ALCANÇOU";"ALCANÇOU"
"BA";"290190";"Aporá";"NÃO ALCANÇOU";"NÃO ALCANÇOU";;"NÃO ALCANÇOU";"NÃO ALCANÇOU";"NÃO ALCANÇOU";"ALCANÇOU";"ALCANÇOU"
"BA";"290195";"Apuarema";"ALCANÇOU";"ALCANÇOU";;"NÃO ALCANÇOU";"NÃO ALCANÇOU";"NÃO ALCANÇOU";"ALCANÇOU";"NÃO ALCANÇOU"
"BA";"290200";"Aracatu";"ALCANÇOU";"ALCANÇOU";;"ALCANÇOU";"NÃO ALCANÇOU";"NÃO ALCANÇOU";"NÃO ALCANÇOU";"ALCANÇOU"
"BA";"290210";"Araci";"ALCANÇOU";"ALCANÇOU";;"NÃO ALCANÇOU";"ALCANÇOU";"NÃO ALCANÇOU";"NÃO ALCANÇOU";"ALCANÇOU"
"BA";"290220";"Aramari";"NÃO ALCANÇOU";"ALCANÇOU";;"NÃO ALCANÇOU";"ALCANÇOU";"NÃO ALCANÇOU";"ALCANÇOU";"NÃO ALCANÇOU"
"BA";"290225";"Arataca";"ALCANÇOU";"ALCANÇOU";;"NÃO ALCANÇOU";"ALCANÇOU";"NÃO ALCANÇOU";"NÃO ALCANÇOU";"ALCANÇOU"
"BA";"290230";"Aratuípe";"ALCANÇOU";"ALCANÇOU";;"ALCANÇOU";"NÃO ALCANÇOU";"NÃO ALCANÇOU";"ALCANÇOU";"ALCANÇOU"
"BA";"290205";"Araças";"NÃO ALCANÇOU";"ALCANÇOU";;;"ALCANÇOU";"NÃO ALCANÇOU";"ALCANÇOU";"NÃO ALCANÇOU"
"BA";"290205";"Araçás";;;;"NÃO ALCANÇOU";;;;
"BA";"290240";"Aurelino Leal";"ALCANÇOU";"ALCANÇOU";;"ALCANÇOU";"ALCANÇOU";"ALCANÇOU";"ALCANÇOU";"NÃO ALCANÇOU"
"BA";"290250";"Baianópolis";"ALCANÇOU";"ALCANÇOU";;"NÃO ALCANÇOU";"NÃO ALCANÇOU";"NÃO ALCANÇOU";"ALCANÇOU";"NÃO ALCANÇOU"
"BA";"290260";"Baixa Grande";"ALCANÇOU";"ALCANÇOU";;"ALCANÇOU";"NÃO ALCANÇOU";"NÃO ALCANÇOU";"ALCANÇOU";"ALCANÇOU"
"BA";"290265";"Banzaê";"ALCANÇOU";"ALCANÇOU";;"ALCANÇOU";"NÃO ALCANÇOU";"NÃO ALCANÇOU";"ALCANÇOU";"NÃO ALCANÇOU"
"BA";"290270";"Barra";"NÃO ALCANÇOU";"ALCANÇOU";;"NÃO ALCANÇOU";"ALCANÇOU";"NÃO ALCANÇOU";"NÃO ALCANÇOU";"NÃO ALCANÇOU"
"BA";"290280";"Barra da Estiva";"ALCANÇOU";"ALCANÇOU";;"ALCANÇOU";"NÃO ALCANÇOU";"NÃO ALCANÇOU";"ALCANÇOU";"ALCANÇOU"
"BA";"290290";"Barra do Choça";"ALCANÇOU";"ALCANÇOU";;"ALCANÇOU";"ALCANÇOU";"ALCANÇOU";"NÃO ALCANÇOU";"ALCANÇOU"
"BA";"290300";"Barra do Mendes";"ALCANÇOU";"ALCANÇOU";;"NÃO ALCANÇOU";"NÃO ALCANÇOU";"NÃO ALCANÇOU";"ALCANÇOU";"NÃO ALCANÇOU"
"BA";"290310";"Barra do Rocha";"ALCANÇOU";"ALCANÇOU";;"NÃO ALCANÇOU";"ALCANÇOU";"NÃO ALCANÇOU";"ALCANÇOU";"ALCANÇOU"
"BA";"290320";"Barreiras";"ALCANÇOU";"ALCANÇOU";;"NÃO ALCANÇOU";"NÃO ALCANÇOU";"ALCANÇOU";"ALCANÇOU";"ALCANÇOU"
"BA";"290323";"Barro Alto";"ALCANÇOU";"NÃO ALCANÇOU";;"NÃO ALCANÇOU";"ALCANÇOU";"NÃO ALCANÇOU";"NÃO ALCANÇOU";"NÃO ALCANÇOU"
"BA";"290330";"Barro Preto";"ALCANÇOU";"ALCANÇOU";;"ALCANÇOU";"ALCANÇOU";"NÃO ALCANÇOU";"ALCANÇOU";"ALCANÇOU"
"BA";"290327";"Barrocas";"NÃO ALCANÇOU";"ALCANÇOU";;"ALCANÇOU";"ALCANÇOU";"NÃO ALCANÇOU";"ALCANÇOU";"NÃO ALCANÇOU"
"BA";"290340";"Belmonte";"NÃO ALCANÇOU";"ALCANÇOU";;"NÃO ALCANÇOU";"ALCANÇOU";"NÃO ALCANÇOU";"ALCANÇOU";"ALCANÇOU"
"BA";"290350";"Belo Campo";"ALCANÇOU";"ALCANÇOU";;"ALCANÇOU";"ALCANÇOU";"NÃO ALCANÇOU";"ALCANÇOU";"ALCANÇOU"
"BA";"290360";"Biritinga";"ALCANÇOU";"ALCANÇOU";;"NÃO ALCANÇOU";"NÃO ALCANÇOU";"NÃO ALCANÇOU";"ALCANÇOU";"NÃO ALCANÇOU"
"BA";"290370";"Boa Nova";"ALCANÇOU";"ALCANÇOU";;"NÃO ALCANÇOU";"ALCANÇOU";"NÃO ALCANÇOU";"ALCANÇOU";"ALCANÇOU"
"BA";"290380";"Boa Vista do Tupim";"ALCANÇOU";"ALCANÇOU";;"NÃO ALCANÇOU";"NÃO ALCANÇOU";"NÃO ALCANÇOU";"ALCANÇOU";"ALCANÇOU"
"BA";"290390";"Bom Jesus da Lapa";"NÃO ALCANÇOU";"ALCANÇOU";;"NÃO ALCANÇOU";"ALCANÇOU";"ALCANÇOU";"ALCANÇOU";"ALCANÇOU"
"BA";"290395";"Bom Jesus da Serra";"ALCANÇOU";"ALCANÇOU";;"NÃO ALCANÇOU";"ALCANÇOU";"NÃO ALCANÇOU";"ALCANÇOU";"NÃO ALCANÇOU"
"BA";"290400";"Boninal";"ALCANÇOU";"ALCANÇOU";;"ALCANÇOU";"NÃO ALCANÇOU";"NÃO ALCANÇOU";"ALCANÇOU";"ALCANÇOU"
"BA";"290405";"Bonito";"NÃO ALCANÇOU";"ALCANÇOU";;"NÃO ALCANÇOU";"NÃO ALCANÇOU";"ALCANÇOU";"ALCANÇOU";"ALCANÇOU"
"BA";"290410";"Boquira";"ALCANÇOU";"ALCANÇOU";;"ALCANÇOU";"NÃO ALCANÇOU";"NÃO ALCANÇOU";"ALCANÇOU";"ALCANÇOU"
"BA";"290420";"Botuporã";"ALCANÇOU";"ALCANÇOU";;"ALCANÇOU";"NÃO ALCANÇOU";"NÃO ALCANÇOU";"ALCANÇOU";"ALCANÇOU"
"BA";"290440";"Brejolândia";"NÃO ALCANÇOU";"NÃO ALCANÇOU";;"ALCANÇOU";"ALCANÇOU";"NÃO ALCANÇOU";"ALCANÇOU";"NÃO ALCANÇOU"
"BA";"290430";"Brejões";"ALCANÇOU";"ALCANÇOU";;"ALCANÇOU";"ALCANÇOU";"NÃO ALCANÇOU";"ALCANÇOU";"ALCANÇOU"
"BA";"290450";"Brotas de Macaúbas";"NÃO ALCANÇOU";"ALCANÇOU";;"NÃO ALCANÇOU";"NÃO ALCANÇOU";"NÃO ALCANÇOU";"ALCANÇOU";"ALCANÇOU"
"BA";"290460";"Brumado";"ALCANÇOU";"ALCANÇOU";;"ALCANÇOU";"ALCANÇOU";"NÃO ALCANÇOU";"NÃO ALCANÇOU";"NÃO ALCANÇOU"
"BA";"290470";"Buerarema";"ALCANÇOU";"ALCANÇOU";;"NÃO ALCANÇOU";"ALCANÇOU";"NÃO ALCANÇOU";"NÃO ALCANÇOU";"NÃO ALCANÇOU"
"BA";"290475";"Buritirama";"NÃO ALCANÇOU";"ALCANÇOU";;"ALCANÇOU";"ALCANÇOU";"ALCANÇOU";"NÃO ALCANÇOU";"ALCANÇOU"
"BA";"290480";"Caatiba";"ALCANÇOU";"NÃO ALCANÇOU";;"ALCANÇOU";"ALCANÇOU";"NÃO ALCANÇOU";"ALCANÇOU";"ALCANÇOU"
"BA";"290485";"Cabaceiras do Paraguaçu";"ALCANÇOU";"ALCANÇOU";;"NÃO ALCANÇOU";"NÃO ALCANÇOU";"NÃO ALCANÇOU";"NÃO ALCANÇOU";"NÃO ALCANÇOU"
"BA";"290490";"Cachoeira";"ALCANÇOU";"ALCANÇOU";;"NÃO ALCANÇOU";"ALCANÇOU";"ALCANÇOU";"NÃO ALCANÇOU";"ALCANÇOU"
"BA";"290500";"Caculé";"ALCANÇOU";"ALCANÇOU";;"NÃO ALCANÇOU";"NÃO ALCANÇOU";"NÃO ALCANÇOU";"ALCANÇOU";"NÃO ALCANÇOU"
"BA";"290515";"Caetanos";"NÃO ALCANÇOU";"ALCANÇOU";;"NÃO ALCANÇOU";"ALCANÇOU";"NÃO ALCANÇOU";"ALCANÇOU";"NÃO ALCANÇOU"
"BA";"290520";"Caetité";"ALCANÇOU";"ALCANÇOU";;"NÃO ALCANÇOU";"NÃO ALCANÇOU";"NÃO ALCANÇOU";"NÃO ALCANÇOU";"ALCANÇOU"
"BA";"290530";"Cafarnaum";"ALCANÇOU";"ALCANÇOU";;"NÃO ALCANÇOU";"ALCANÇOU";"NÃO ALCANÇOU";"ALCANÇOU";"ALCANÇOU"
"BA";"290540";"Cairu";"NÃO ALCANÇOU";"NÃO ALCANÇOU";;"NÃO ALCANÇOU";"ALCANÇOU";"NÃO ALCANÇOU";"NÃO ALCANÇOU";"ALCANÇOU"
"BA";"290550";"Caldeirão Grande";"ALCANÇOU";"ALCANÇOU";;"ALCANÇOU";"NÃO ALCANÇOU";"NÃO ALCANÇOU";"ALCANÇOU";"ALCANÇOU"
"BA";"290560";"Camacan";"ALCANÇOU";"ALCANÇOU";;"NÃO ALCANÇOU";"ALCANÇOU";"NÃO ALCANÇOU";"NÃO ALCANÇOU";"ALCANÇOU"
"BA";"290580";"Camamu";"ALCANÇOU";"ALCANÇOU";;"NÃO ALCANÇOU";"NÃO ALCANÇOU";"ALCANÇOU";"ALCANÇOU";"ALCANÇOU"
"BA";"290570";"Camaçari";"ALCANÇOU";"ALCANÇOU";;"NÃO ALCANÇOU";"ALCANÇOU";"ALCANÇOU";"ALCANÇOU";"NÃO ALCANÇOU"
"BA";"290590";"Campo Alegre de Lourdes";"ALCANÇOU";"ALCANÇOU";;"NÃO ALCANÇOU";"NÃO ALCANÇOU";"NÃO ALCANÇOU";"ALCANÇOU";"ALCANÇOU"
"BA";"290600";"Campo Formoso";"ALCANÇOU";"ALCANÇOU";;"NÃO ALCANÇOU";"ALCANÇOU";"NÃO ALCANÇOU";"NÃO ALCANÇOU";"NÃO ALCANÇOU"
"BA";"290620";"Canarana";"ALCANÇOU";"ALCANÇOU";;"NÃO ALCANÇOU";"NÃO ALCANÇOU";"NÃO ALCANÇOU";"NÃO ALCANÇOU";"NÃO ALCANÇOU"
"BA";"290630";"Canavieiras";"NÃO ALCANÇOU";"ALCANÇOU";;"NÃO ALCANÇOU";"ALCANÇOU";"NÃO ALCANÇOU";"NÃO ALCANÇOU";"NÃO ALCANÇOU"
"BA";"290640";"Candeal";"ALCANÇOU";"ALCANÇOU";;"ALCANÇOU";"ALCANÇOU";"NÃO ALCANÇOU";"ALCANÇOU";"NÃO ALCANÇOU"
"BA";"290650";"Candeias";"ALCANÇOU";"ALCANÇOU";;"NÃO ALCANÇOU";"NÃO ALCANÇOU";"ALCANÇOU";"ALCANÇOU";"NÃO ALCANÇOU"
"BA";"290660";"Candiba";"NÃO ALCANÇOU";"ALCANÇOU";;"ALCANÇOU";"NÃO ALCANÇOU";"NÃO ALCANÇOU";"ALCANÇOU";"NÃO ALCANÇOU"
"BA";"290680";"Cansanção";"ALCANÇOU";"ALCANÇOU";;"NÃO ALCANÇOU";"ALCANÇOU";"ALCANÇOU";"ALCANÇOU";"ALCANÇOU"
"BA";"290682";"Canudos";"NÃO ALCANÇOU";"ALCANÇOU";;"NÃO ALCANÇOU";"NÃO ALCANÇOU";"NÃO ALCANÇOU";"NÃO ALCANÇOU";"NÃO ALCANÇOU"
"BA";"290610";"Canápolis";"NÃO ALCANÇOU";"ALCANÇOU";;"NÃO ALCANÇOU";"NÃO ALCANÇOU";"NÃO ALCANÇOU";"ALCANÇOU";"NÃO ALCANÇOU"
"BA";"290685";"Capela do Alto Alegre";"NÃO ALCANÇOU";"NÃO ALCANÇOU";;"NÃO ALCANÇOU";"NÃO ALCANÇOU";"ALCANÇOU";"ALCANÇOU";"NÃO ALCANÇOU"
"BA";"290687";"Capim Grosso";"ALCANÇOU";"ALCANÇOU";;"NÃO ALCANÇOU";"NÃO ALCANÇOU";"ALCANÇOU";"NÃO ALCANÇOU";"ALCANÇOU"
"BA";"290690";"Caravelas";"ALCANÇOU";"ALCANÇOU";;"ALCANÇOU";"ALCANÇOU";"NÃO ALCANÇOU";"NÃO ALCANÇOU";"ALCANÇOU"
"BA";"290689";"Caraíbas";"ALCANÇOU";"NÃO ALCANÇOU";;"ALCANÇOU";"ALCANÇOU";"NÃO ALCANÇOU";"ALCANÇOU";"NÃO ALCANÇOU"
"BA";"290700";"Cardeal da Silva";"NÃO ALCANÇOU";"ALCANÇOU";;"ALCANÇOU";"NÃO ALCANÇOU";"ALCANÇOU";"ALCANÇOU";"ALCANÇOU"
"BA";"290710";"Carinhanha";"ALCANÇOU";"ALCANÇOU";;"NÃO ALCANÇOU";"NÃO ALCANÇOU";"NÃO ALCANÇOU";"ALCANÇOU";"NÃO ALCANÇOU"
"BA";"290720";"Casa Nova";"ALCANÇOU";"ALCANÇOU";;"NÃO ALCANÇOU";"NÃO ALCANÇOU";"NÃO ALCANÇOU";"NÃO ALCANÇOU";"ALCANÇOU"
"BA";"290730";"Castro Alves";"ALCANÇOU";"ALCANÇOU";;"NÃO ALCANÇOU";"ALCANÇOU";"NÃO ALCANÇOU";"ALCANÇOU";"NÃO ALCANÇOU"
"BA";"290740";"Catolândia";"NÃO ALCANÇOU";"ALCANÇOU";;"NÃO ALCANÇOU";"ALCANÇOU";"ALCANÇOU";"ALCANÇOU";"NÃO ALCANÇOU"
"BA";"290750";"Catu";"ALCANÇOU";"ALCANÇOU";;"NÃO ALCANÇOU";"NÃO ALCANÇOU";"ALCANÇOU";"NÃO ALCANÇOU";"ALCANÇOU"
"BA";"290755";"Caturama";"ALCANÇOU";"NÃO ALCANÇOU";;"NÃO ALCANÇOU";"NÃO ALCANÇOU";"NÃO ALCANÇOU";"ALCANÇOU";"ALCANÇOU"
"BA";"290510";"Caém";"ALCANÇOU";"ALCANÇOU";;"ALCANÇOU";"ALCANÇOU";"NÃO ALCANÇOU";"ALCANÇOU";"ALCANÇOU"
"BA";"290760";"Central";"ALCANÇOU";"ALCANÇOU";;"NÃO ALCANÇOU";"NÃO ALCANÇOU";"NÃO ALCANÇOU";"ALCANÇOU";"NÃO ALCANÇOU"
"BA";"290770";"Chorrochó";"ALCANÇOU";"ALCANÇOU";;"ALCANÇOU";"NÃO ALCANÇOU";"NÃO ALCANÇOU";"ALCANÇOU";"ALCANÇOU"
"BA";"290790";"Cipó";"NÃO ALCANÇOU";"ALCANÇOU";;"NÃO ALCANÇOU";"ALCANÇOU";"NÃO ALCANÇOU";"ALCANÇOU";"ALCANÇOU"
"BA";"290800";"Coaraci";"ALCANÇOU";"ALCANÇOU";;"NÃO ALCANÇOU";"NÃO ALCANÇOU";"NÃO ALCANÇOU";"NÃO ALCANÇOU";"NÃO ALCANÇOU"
"BA";"290810";"Cocos";"ALCANÇOU";"ALCANÇOU";;"NÃO ALCANÇOU";"NÃO ALCANÇOU";"NÃO ALCANÇOU";"ALCANÇOU";"NÃO ALCANÇOU"
"BA";"290820";"Conceição da Feira";"ALCANÇOU";"ALCANÇOU";;"ALCANÇOU";"ALCANÇOU";"NÃO ALCANÇOU";"ALCANÇOU";"NÃO ALCANÇOU"
"BA";"290830";"Conceição do Almeida";"NÃO ALCANÇOU";"ALCANÇOU";;"ALCANÇOU";"ALCANÇOU";"NÃO ALCANÇOU";"NÃO ALCANÇOU";"ALCANÇOU"
"BA";"290840";"Conceição do Coité";"ALCANÇOU";"ALCANÇOU";;"NÃO ALCANÇOU";"ALCANÇOU";"NÃO ALCANÇOU";"NÃO ALCANÇOU";"NÃO ALCANÇOU"
"BA";"290850";"Conceição do Jacuípe";"ALCANÇOU";"ALCANÇOU";;"NÃO ALCANÇOU";"NÃO ALCANÇOU";"NÃO ALCANÇOU";"NÃO ALCANÇOU";"ALCANÇOU"
"BA";"290860";"Conde";"ALCANÇOU";"ALCANÇOU";;"NÃO ALCANÇOU";"NÃO ALCANÇOU";"NÃO ALCANÇOU";"ALCANÇOU";"ALCANÇOU"
"BA";"290870";"Condeúba";"ALCANÇOU";"NÃO ALCANÇOU";;"ALCANÇOU";"ALCANÇOU";"NÃO ALCANÇOU";"ALCANÇOU";"ALCANÇOU"
"BA";"290880";"Contendas do Sincorá";"ALCANÇOU";"ALCANÇOU";;"ALCANÇOU";"NÃO ALCANÇOU";"NÃO ALCANÇOU";"ALCANÇOU";"ALCANÇOU"
"BA";"290890";"Coração de Maria";"ALCANÇOU";"ALCANÇOU";;"NÃO ALCANÇOU";"NÃO ALCANÇOU";"NÃO ALCANÇOU";"NÃO ALCANÇOU";"ALCANÇOU"
"BA";"290900";"Cordeiros";"ALCANÇOU";"ALCANÇOU";;"ALCANÇOU";"ALCANÇOU";"NÃO ALCANÇOU";"ALCANÇOU";"ALCANÇOU"
"BA";"290910";"Coribe";"NÃO ALCANÇOU";"NÃO ALCANÇOU";;"NÃO ALCANÇOU";"NÃO ALCANÇOU";"ALCANÇOU";"ALCANÇOU";"ALCANÇOU"
"BA";"290920";"Coronel João Sá";"ALCANÇOU";"ALCANÇOU";;"ALCANÇOU";"ALCANÇOU";"NÃO ALCANÇOU";"ALCANÇOU";"NÃO ALCANÇOU"
"BA";"290930";"Correntina";"ALCANÇOU";"NÃO ALCANÇOU";;"NÃO ALCANÇOU";"NÃO ALCANÇOU";"NÃO ALCANÇOU";"ALCANÇOU";"ALCANÇOU"
"BA";"290940";"Cotegipe";"NÃO ALCANÇOU";"NÃO ALCANÇOU";;"NÃO ALCANÇOU";"ALCANÇOU";"ALCANÇOU";"ALCANÇOU";"NÃO ALCANÇOU"
"BA";"290950";"Cravolândia";"ALCANÇOU";"ALCANÇOU";;"ALCANÇOU";"ALCANÇOU";"NÃO ALCANÇOU";"ALCANÇOU";"ALCANÇOU"
"BA";"290970";"Cristópolis";"ALCANÇOU";"ALCANÇOU";;"ALCANÇOU";"ALCANÇOU";"NÃO ALCANÇOU";"ALCANÇOU";"ALCANÇOU"
"BA";"290960";"Crisópolis";"NÃO ALCANÇOU";"ALCANÇOU";;"ALCANÇOU";"NÃO ALCANÇOU";"ALCANÇOU";"NÃO ALCANÇOU";"ALCANÇOU"
"BA";"290980";"Cruz das Almas";"ALCANÇOU";"ALCANÇOU";;"NÃO ALCANÇOU";"ALCANÇOU";"ALCANÇOU";"NÃO ALCANÇOU";"ALCANÇOU"
"BA";"290990";"Curaçá";"ALCANÇOU";"ALCANÇOU";;"NÃO ALCANÇOU";"NÃO ALCANÇOU";"NÃO ALCANÇOU";"NÃO ALCANÇOU";"ALCANÇOU"
"BA";"290670";"Cândido Sales";"ALCANÇOU";"ALCANÇOU";;"NÃO ALCANÇOU";"ALCANÇOU";"NÃO ALCANÇOU";"ALCANÇOU";"ALCANÇOU"
"BA";"290780";"Cícero Dantas";"ALCANÇOU";"NÃO ALCANÇOU";;"ALCANÇOU";"ALCANÇOU";"NÃO ALCANÇOU";"NÃO ALCANÇOU";"ALCANÇOU"
"BA";"291005";"Dias d'Ávila";"ALCANÇOU";"ALCANÇOU";;"NÃO ALCANÇOU";"ALCANÇOU";"ALCANÇOU";"NÃO ALCANÇOU";
"BA";"291005";"Dias dÁvila";;;;;;;;"ALCANÇOU"
"BA";"291010";"Dom Basílio";"NÃO ALCANÇOU";"ALCANÇOU";;"ALCANÇOU";"ALCANÇOU";"NÃO ALCANÇOU";"ALCANÇOU";"ALCANÇOU"
"BA";"291020";"Dom Macedo Costa";"ALCANÇOU";"ALCANÇOU";;"ALCANÇOU";"ALCANÇOU";"NÃO ALCANÇOU";"ALCANÇOU";"ALCANÇOU"
"BA";"291000";"Dário Meira";"ALCANÇOU";"ALCANÇOU";;"NÃO ALCANÇOU";"NÃO ALCANÇOU";"NÃO ALCANÇOU";"ALCANÇOU";"ALCANÇOU"
"BA";"291030";"Elísio Medrado";"ALCANÇOU";"ALCANÇOU";;"NÃO ALCANÇOU";"NÃO ALCANÇOU";"NÃO ALCANÇOU";"ALCANÇOU";"ALCANÇOU"
"BA";"291040";"Encruzilhada";"ALCANÇOU";"ALCANÇOU";;"ALCANÇOU";"NÃO ALCANÇOU";"NÃO ALCANÇOU";"NÃO ALCANÇOU";"NÃO ALCANÇOU"
"BA";"291050";"Entre Rios";"ALCANÇOU";"ALCANÇOU";;"NÃO ALCANÇOU";"NÃO ALCANÇOU";"NÃO ALCANÇOU";"NÃO ALCANÇOU";"NÃO ALCANÇOU"
"BA";"291060";"Esplanada";"NÃO ALCANÇOU";"ALCANÇOU";;"NÃO ALCANÇOU";"ALCANÇOU";"NÃO ALCANÇOU";"ALCANÇOU";"NÃO ALCANÇOU"
"BA";"291070";"Euclides da Cunha";"NÃO ALCANÇOU";"ALCANÇOU";;"NÃO ALCANÇOU";"ALCANÇOU";"NÃO ALCANÇOU";"ALCANÇOU";"NÃO ALCANÇOU"
"BA";"291072";"Eunápolis";"ALCANÇOU";"ALCANÇOU";;"NÃO ALCANÇOU";"ALCANÇOU";"ALCANÇOU";"ALCANÇOU";"ALCANÇOU"
"BA";"291077";"Feira da Mata";"NÃO ALCANÇOU";"NÃO ALCANÇOU";;"ALCANÇOU";"NÃO ALCANÇOU";"NÃO ALCANÇOU";"ALCANÇOU";"NÃO ALCANÇOU"
"BA";"291080";"Feira de Santana";"ALCANÇOU";"ALCANÇOU";;"NÃO ALCANÇOU";"ALCANÇOU";"ALCANÇOU";"NÃO ALCANÇOU";"NÃO ALCANÇOU"
"BA";"291085";"Filadélfia";"ALCANÇOU";"ALCANÇOU";;"NÃO ALCANÇOU";"NÃO ALCANÇOU";"NÃO ALCANÇOU";"NÃO ALCANÇOU";"ALCANÇOU"
"BA";"291090";"Firmino Alves";"NÃO ALCANÇOU";"ALCANÇOU";;"ALCANÇOU";"ALCANÇOU";"NÃO ALCANÇOU";"ALCANÇOU";"ALCANÇOU"
"BA";"291100";"Floresta Azul";"ALCANÇOU";"ALCANÇOU";;"NÃO ALCANÇOU";"ALCANÇOU";"ALCANÇOU";"NÃO ALCANÇOU";"NÃO ALCANÇOU"
"BA";"291110";"Formosa do Rio Preto";"NÃO ALCANÇOU";"ALCANÇOU";;"NÃO ALCANÇOU";"NÃO ALCANÇOU";"NÃO ALCANÇOU";"NÃO ALCANÇOU";"NÃO ALCANÇOU"
"BA";"291075";"Fátima";"NÃO ALCANÇOU";"ALCANÇOU";;"ALCANÇOU";"ALCANÇOU";"NÃO ALCANÇOU";"NÃO ALCANÇOU";"ALCANÇOU"
"BA";"291120";"Gandu";"ALCANÇOU";"ALCANÇOU";;"NÃO ALCANÇOU";"ALCANÇOU";"NÃO ALCANÇOU";"NÃO ALCANÇOU";"ALCANÇOU"
"BA";"291125";"Gavião";"NÃO ALCANÇOU";"ALCANÇOU";;"ALCANÇOU";"ALCANÇOU";"NÃO ALCANÇOU";"ALCANÇOU";"ALCANÇOU"
"BA";"291130";"Gentio do Ouro";"ALCANÇOU";"ALCANÇOU";;"ALCANÇOU";"NÃO ALCANÇOU";"NÃO ALCANÇOU";"NÃO ALCANÇOU";"ALCANÇOU"
"BA";"291140";"Glória";"ALCANÇOU";"ALCANÇOU";;"NÃO ALCANÇOU";"ALCANÇOU";"NÃO ALCANÇOU";"ALCANÇOU";"NÃO ALCANÇOU"
"BA";"291150";"Gongogi";"NÃO ALCANÇOU";"ALCANÇOU";;"ALCANÇOU";"NÃO ALCANÇOU";"NÃO ALCANÇOU";"ALCANÇOU";"ALCANÇOU"
"BA";"291160";"Governador Mangabeira";"ALCANÇOU";"ALCANÇOU";;"NÃO ALCANÇOU";"ALCANÇOU";"NÃO ALCANÇOU";"NÃO ALCANÇOU";"ALCANÇOU"
"BA";"291165";"Guajeru";"NÃO ALCANÇOU";"ALCANÇOU";;"ALCANÇOU";"NÃO ALCANÇOU";"NÃO ALCANÇOU";"ALCANÇOU";"ALCANÇOU"
"BA";"291170";"Guanambi";"NÃO ALCANÇOU";"ALCANÇOU";;"NÃO ALCANÇOU";"ALCANÇOU";"ALCANÇOU";"ALCANÇOU";"NÃO ALCANÇOU"
"BA";"291180";"Guaratinga";"NÃO ALCANÇOU";"ALCANÇOU";;"NÃO ALCANÇOU";"NÃO ALCANÇOU";"NÃO ALCANÇOU";"NÃO ALCANÇOU";"ALCANÇOU"
"BA";"291185";"Heliópolis";"ALCANÇOU";"ALCANÇOU";;"ALCANÇOU";"NÃO ALCANÇOU";"ALCANÇOU";"ALCANÇOU";"NÃO ALCANÇOU"
"BA";"291190";"Iaçu";"ALCANÇOU";"ALCANÇOU";;"NÃO ALCANÇOU";"ALCANÇOU";"NÃO ALCANÇOU";"ALCANÇOU";"ALCANÇOU"
"BA";"291200";"Ibiassucê";"ALCANÇOU";"ALCANÇOU";;"NÃO ALCANÇOU";"ALCANÇOU";"NÃO ALCANÇOU";"ALCANÇOU";"NÃO ALCANÇOU"
"BA";"291210";"Ibicaraí";"ALCANÇOU";"ALCANÇOU";;"NÃO ALCANÇOU";"NÃO ALCANÇOU";"NÃO ALCANÇOU";"ALCANÇOU";"ALCANÇOU"
"BA";"291220";"Ibicoara";"ALCANÇOU";"ALCANÇOU";;"NÃO ALCANÇOU";"NÃO ALCANÇOU";"NÃO ALCANÇOU";"NÃO ALCANÇOU";"ALCANÇOU"
"BA";"291230";"Ibicuí";"ALCANÇOU";"NÃO ALCANÇOU";;"ALCANÇOU";"ALCANÇOU";"NÃO ALCANÇOU";"ALCANÇOU";"ALCANÇOU"
"BA";"291240";"Ibipeba";"ALCANÇOU";"ALCANÇOU";;"NÃO ALCANÇOU";"NÃO ALCANÇOU";"NÃO ALCANÇOU";"ALCANÇOU";"ALCANÇOU"
"BA";"291250";"Ibipitanga";"ALCANÇOU";"ALCANÇOU";;"ALCANÇOU";"ALCANÇOU";"NÃO ALCANÇOU";"NÃO ALCANÇOU";"ALCANÇOU"
"BA";"291260";"Ibiquera";"ALCANÇOU";"ALCANÇOU";;"NÃO ALCANÇOU";"NÃO ALCANÇOU";"NÃO ALCANÇOU";"ALCANÇOU";"ALCANÇOU"
"BA";"291270";"Ibirapitanga";"ALCANÇOU";"ALCANÇOU";;"ALCANÇOU";"NÃO ALCANÇOU";"NÃO ALCANÇOU";"ALCANÇOU";"ALCANÇOU"
"BA";"291280";"Ibirapuã";"ALCANÇOU";"ALCANÇOU";;"ALCANÇOU";"ALCANÇOU";"NÃO ALCANÇOU";"ALCANÇOU";"ALCANÇOU"
"BA";"291290";"Ibirataia";"NÃO ALCANÇOU";"ALCANÇOU";;"NÃO ALCANÇOU";"ALCANÇOU";"NÃO ALCANÇOU";"NÃO ALCANÇOU";"ALCANÇOU"
"BA";"291300";"Ibitiara";"ALCANÇOU";"ALCANÇOU";;"ALCANÇOU";"NÃO ALCANÇOU";"NÃO ALCANÇOU";"ALCANÇOU";"ALCANÇOU"
"BA";"291310";"Ibititá";"ALCANÇOU";"ALCANÇOU";;"ALCANÇOU";"NÃO ALCANÇOU";"NÃO ALCANÇOU";"ALCANÇOU";"ALCANÇOU"
"BA";"291320";"Ibotirama";"ALCANÇOU";"ALCANÇOU";;"ALCANÇOU";"ALCANÇOU";"NÃO ALCANÇOU";"ALCANÇOU";"ALCANÇOU"
"BA";"291330";"Ichu";"ALCANÇOU";"ALCANÇOU";;"ALCANÇOU";"NÃO ALCANÇOU";"NÃO ALCANÇOU";"ALCANÇOU";"NÃO ALCANÇOU"
"BA";"291340";"Igaporã";"ALCANÇOU";"ALCANÇOU";;"NÃO ALCANÇOU";"NÃO ALCANÇOU";"ALCANÇOU";"NÃO ALCANÇOU";"NÃO ALCANÇOU"
"BA";"291345";"Igrapiúna";"NÃO ALCANÇOU";"ALCANÇOU";;"ALCANÇOU";"NÃO ALCANÇOU";"NÃO ALCANÇOU";"ALCANÇOU";"NÃO ALCANÇOU"
"BA";"291350";"Iguaí";"NÃO ALCANÇOU";"NÃO ALCANÇOU";;"NÃO ALCANÇOU";"NÃO ALCANÇOU";"ALCANÇOU";"ALCANÇOU";"ALCANÇOU"
"BA";"291360";"Ilhéus";"ALCANÇOU";"ALCANÇOU";;"NÃO ALCANÇOU";"ALCANÇOU";"NÃO ALCANÇOU";"NÃO ALCANÇOU";"NÃO ALCANÇOU"
"BA";"291370";"Inhambupe";"ALCANÇOU";"ALCANÇOU";;"NÃO ALCANÇOU";"NÃO ALCANÇOU";"NÃO ALCANÇOU";"ALCANÇOU";"NÃO ALCANÇOU"
"BA";"291380";"Ipecaetá";"NÃO ALCANÇOU";"ALCANÇOU";;"NÃO ALCANÇOU";"ALCANÇOU";"NÃO ALCANÇOU";"ALCANÇOU";"NÃO ALCANÇOU"
"BA";"291390";"Ipiaú";"ALCANÇOU";"ALCANÇOU";;"NÃO ALCANÇOU";"ALCANÇOU";"NÃO ALCANÇOU";"ALCANÇOU";"NÃO ALCANÇOU"
"BA";"291400";"Ipirá";"ALCANÇOU";"ALCANÇOU";;"NÃO ALCANÇOU";"ALCANÇOU";"ALCANÇOU";"NÃO ALCANÇOU";"NÃO ALCANÇOU"
"BA";"291410";"Ipupiara";"ALCANÇOU";"ALCANÇOU";;"ALCANÇOU";"NÃO ALCANÇOU";"NÃO ALCANÇOU";"ALCANÇOU";"ALCANÇOU"
"BA";"291420";"Irajuba";"ALCANÇOU";"ALCANÇOU";;"NÃO ALCANÇOU";"ALCANÇOU";"NÃO ALCANÇOU";"ALCANÇOU";"NÃO ALCANÇOU"
"BA";"291430";"Iramaia";"ALCANÇOU";"ALCANÇOU";;"ALCANÇOU";"NÃO ALCANÇOU";"NÃO ALCANÇOU";"ALCANÇOU";"NÃO ALCANÇOU"
"BA";"291440";"Iraquara";"ALCANÇOU";"ALCANÇOU";;"ALCANÇOU";"ALCANÇOU";"ALCANÇOU";"NÃO ALCANÇOU";"NÃO ALCANÇOU"
"BA";"291450";"Irará";"ALCANÇOU";"ALCANÇOU";;"ALCANÇOU";"ALCANÇOU";"NÃO ALCANÇOU";"ALCANÇOU";"ALCANÇOU"
"BA";"291460";"Irecê";"ALCANÇOU";"ALCANÇOU";;"ALCANÇOU";"ALCANÇOU";"NÃO ALCANÇOU";"NÃO ALCANÇOU";"ALCANÇOU"
"BA";"291465";"Itabela";"ALCANÇOU";"ALCANÇOU";;"NÃO ALCANÇOU";"ALCANÇOU";"NÃO ALCANÇOU";"NÃO ALCANÇOU";"ALCANÇOU"
"BA";"291470";"Itaberaba";"NÃO ALCANÇOU";"ALCANÇOU";;"NÃO ALCANÇOU";"NÃO ALCANÇOU";"NÃO ALCANÇOU";"NÃO ALCANÇOU";"ALCANÇOU"
"BA";"291480";"Itabuna";"ALCANÇOU";"ALCANÇOU";;"NÃO ALCANÇOU";"ALCANÇOU";"ALCANÇOU";"NÃO ALCANÇOU";"NÃO ALCANÇOU"
"BA";"291490";"Itacaré";"ALCANÇOU";"ALCANÇOU";;"NÃO ALCANÇOU";"NÃO ALCANÇOU";"ALCANÇOU";"NÃO ALCANÇOU";"NÃO ALCANÇOU"
"BA";"291500";"Itaeté";"NÃO ALCANÇOU";"ALCANÇOU";;"NÃO ALCANÇOU";"NÃO ALCANÇOU";"NÃO ALCANÇOU";"ALCANÇOU";"ALCANÇOU"
"BA";"291510";"Itagi";"ALCANÇOU";"ALCANÇOU";;"NÃO ALCANÇOU";"ALCANÇOU";"NÃO ALCANÇOU";"ALCANÇOU";"ALCANÇOU"
"BA";"291520";"Itagibá";"ALCANÇOU";"ALCANÇOU";;"NÃO ALCANÇOU";"ALCANÇOU";"NÃO ALCANÇOU";"ALCANÇOU";"ALCANÇOU"
"BA";"291530";"Itagimirim";"ALCANÇOU";"ALCANÇOU";;"NÃO ALCANÇOU";"NÃO ALCANÇOU";"NÃO ALCANÇOU";"ALCANÇOU";"NÃO ALCANÇOU"
"BA";"291535";"Itaguaçu da Bahia";"NÃO ALCANÇOU";"ALCANÇOU";;"NÃO ALCANÇOU";"ALCANÇOU";"NÃO ALCANÇOU";"NÃO ALCANÇOU";"ALCANÇOU"
"BA";"291540";"Itaju do Colônia";"ALCANÇOU";"NÃO ALCANÇOU";;"ALCANÇOU";"ALCANÇOU";"NÃO ALCANÇOU";"ALCANÇOU";"ALCANÇOU"
"BA";"291550";"Itajuípe";"ALCANÇOU";"ALCANÇOU";;"ALCANÇOU";"ALCANÇOU";"NÃO ALCANÇOU";"ALCANÇOU";"NÃO ALCANÇOU"
"BA";"291560";"Itamaraju";"ALCANÇOU";"ALCANÇOU";;"NÃO ALCANÇOU";"ALCANÇOU";"ALCANÇOU";"NÃO ALCANÇOU";"ALCANÇOU"
"BA";"291570";"Itamari";"NÃO ALCANÇOU";"ALCANÇOU";;"NÃO ALCANÇOU";"NÃO ALCANÇOU";"NÃO ALCANÇOU";"ALCANÇOU";"NÃO ALCANÇOU"
"BA";"291580";"Itambé";"ALCANÇOU";"ALCANÇOU";;"ALCANÇOU";"ALCANÇOU";"ALCANÇOU";"ALCANÇOU";"NÃO ALCANÇOU"
"BA";"291590";"Itanagra";"ALCANÇOU";"ALCANÇOU";;"NÃO ALCANÇOU";"NÃO ALCANÇOU";"NÃO ALCANÇOU";"ALCANÇOU";"NÃO ALCANÇOU"
"BA";"291600";"Itanhém";"ALCANÇOU";"ALCANÇOU";;"ALCANÇOU";"ALCANÇOU";"NÃO ALCANÇOU";"ALCANÇOU";"ALCANÇOU"
"BA";"291610";"Itaparica";"ALCANÇOU";"ALCANÇOU";;"NÃO ALCANÇOU";"NÃO ALCANÇOU";"NÃO ALCANÇOU";"NÃO ALCANÇOU";"NÃO ALCANÇOU"
"BA";"291630";"Itapebi";"ALCANÇOU";"ALCANÇOU";;"NÃO ALCANÇOU";"NÃO ALCANÇOU";"NÃO ALCANÇOU";"ALCANÇOU";"ALCANÇOU"
"BA";"291640";"Itapetinga";"ALCANÇOU";"ALCANÇOU";;"NÃO ALCANÇOU";"ALCANÇOU";"NÃO ALCANÇOU";"ALCANÇOU";"ALCANÇOU"
"BA";"291650";"Itapicuru";"NÃO ALCANÇOU";"ALCANÇOU";;"ALCANÇOU";"NÃO ALCANÇOU";"NÃO ALCANÇOU";"NÃO ALCANÇOU";"ALCANÇOU"
"BA";"291660";"Itapitanga";"ALCANÇOU";"NÃO ALCANÇOU";;"ALCANÇOU";"ALCANÇOU";"ALCANÇOU";"ALCANÇOU";"ALCANÇOU"
"BA";"291620";"Itapé";"ALCANÇOU";"ALCANÇOU";;"NÃO ALCANÇOU";"NÃO ALCANÇOU";"NÃO ALCANÇOU";"ALCANÇOU";"ALCANÇOU"
"BA";"291670";"Itaquara";"ALCANÇOU";"ALCANÇOU";;"ALCANÇOU";"ALCANÇOU";"NÃO ALCANÇOU";"NÃO ALCANÇOU";"NÃO ALCANÇOU"
"BA";"291680";"Itarantim";"ALCANÇOU";"NÃO ALCANÇOU";;"NÃO ALCANÇOU";"ALCANÇOU";"NÃO ALCANÇOU";"NÃO ALCANÇOU";"NÃO ALCANÇOU"
"BA";"291685";"Itatim";"ALCANÇOU";"ALCANÇOU";;"ALCANÇOU";"ALCANÇOU";"NÃO ALCANÇOU";"NÃO ALCANÇOU";"ALCANÇOU"
"BA";"291690";"Itiruçu";"ALCANÇOU";"ALCANÇOU";;"ALCANÇOU";"ALCANÇOU";"NÃO ALCANÇOU";"ALCANÇOU";"NÃO ALCANÇOU"
"BA";"291700";"Itiúba";"ALCANÇOU";"ALCANÇOU";;"NÃO ALCANÇOU";"ALCANÇOU";"NÃO ALCANÇOU";"ALCANÇOU";"ALCANÇOU"
"BA";"291710";"Itororó";"ALCANÇOU";"NÃO ALCANÇOU";;"ALCANÇOU";"ALCANÇOU";"NÃO ALCANÇOU";"NÃO ALCANÇOU";"ALCANÇOU"
"BA";"291720";"Ituaçu";"NÃO ALCANÇOU";"ALCANÇOU";;"NÃO ALCANÇOU";"ALCANÇOU";"NÃO ALCANÇOU";"ALCANÇOU";"ALCANÇOU"
"BA";"291730";"Ituberá";"NÃO ALCANÇOU";"ALCANÇOU";;"NÃO ALCANÇOU";"NÃO ALCANÇOU";"ALCANÇOU";"ALCANÇOU";"ALCANÇOU"
"BA";"291733";"Iuiu";;;;"ALCANÇOU";;;;
"BA";"291733";"Iuiú";"NÃO ALCANÇOU";"ALCANÇOU";;;"NÃO ALCANÇOU";"NÃO ALCANÇOU";"ALCANÇOU";"NÃO ALCANÇOU"
"BA";"291735";"Jaborandi";"ALCANÇOU";"ALCANÇOU";;"NÃO ALCANÇOU";"NÃO ALCANÇOU";"NÃO ALCANÇOU";"ALCANÇOU";"ALCANÇOU"
"BA";"291740";"Jacaraci";"NÃO ALCANÇOU";"ALCANÇOU";;"NÃO ALCANÇOU";"NÃO ALCANÇOU";"NÃO ALCANÇOU";"ALCANÇOU";"ALCANÇOU"
"BA";"291750";"Jacobina";"NÃO ALCANÇOU";"NÃO ALCANÇOU";;"NÃO ALCANÇOU";"ALCANÇOU";"NÃO ALCANÇOU";"NÃO ALCANÇOU";"ALCANÇOU"
"BA";"291760";"Jaguaquara";"ALCANÇOU";"NÃO ALCANÇOU";;"NÃO ALCANÇOU";"ALCANÇOU";"NÃO ALCANÇOU";"ALCANÇOU";"NÃO ALCANÇOU"
"BA";"291770";"Jaguarari";"ALCANÇOU";"ALCANÇOU";;"NÃO ALCANÇOU";"ALCANÇOU";"ALCANÇOU";"NÃO ALCANÇOU";"ALCANÇOU"
"BA";"291780";"Jaguaripe";"ALCANÇOU";"ALCANÇOU";;"ALCANÇOU";"ALCANÇOU";"ALCANÇOU";"ALCANÇOU";"NÃO ALCANÇOU"
"BA";"291790";"Jandaíra";"ALCANÇOU";"ALCANÇOU";;"ALCANÇOU";"ALCANÇOU";"NÃO ALCANÇOU";"ALCANÇOU";"ALCANÇOU"
"BA";"291800";"Jequié";"ALCANÇOU";"ALCANÇOU";;"NÃO ALCANÇOU";"ALCANÇOU";"NÃO ALCANÇOU";"NÃO ALCANÇOU";"ALCANÇOU"
"BA";"291810";"Jeremoabo";"ALCANÇOU";"ALCANÇOU";;"ALCANÇOU";"ALCANÇOU";"NÃO ALCANÇOU";"NÃO ALCANÇOU";"NÃO ALCANÇOU"
"BA";"291820";"Jiquiriçá";"ALCANÇOU";"ALCANÇOU";;"ALCANÇOU";"ALCANÇOU";"NÃO ALCANÇOU";"NÃO ALCANÇOU";"NÃO ALCANÇOU"
"BA";"291830";"Jitaúna";"NÃO ALCANÇOU";"ALCANÇOU";;"NÃO ALCANÇOU";"ALCANÇOU";"NÃO ALCANÇOU";"ALCANÇOU";"ALCANÇOU"
"BA";"291835";"João Dourado";"ALCANÇOU";"ALCANÇOU";;"NÃO ALCANÇOU";"ALCANÇOU";"NÃO ALCANÇOU";"ALCANÇOU";"NÃO ALCANÇOU"
"BA";"291840";"Juazeiro";"ALCANÇOU";"ALCANÇOU";;"NÃO ALCANÇOU";"NÃO ALCANÇOU";"NÃO ALCANÇOU";"ALCANÇOU";"ALCANÇOU"
"BA";"291845";"Jucuruçu";"NÃO ALCANÇOU";"ALCANÇOU";;"ALCANÇOU";"ALCANÇOU";"NÃO ALCANÇOU";"ALCANÇOU";"ALCANÇOU"
"BA";"291850";"Jussara";"NÃO ALCANÇOU";"ALCANÇOU";;"NÃO ALCANÇOU";"NÃO ALCANÇOU";"NÃO ALCANÇOU";"ALCANÇOU";"ALCANÇOU"
"BA";"291855";"Jussari";"NÃO ALCANÇOU";"ALCANÇOU";;"ALCANÇOU";"NÃO ALCANÇOU";"ALCANÇOU";"ALCANÇOU";"ALCANÇOU"
"BA";"291860";"Jussiape";"ALCANÇOU";"ALCANÇOU";;"ALCANÇOU";"ALCANÇOU";"NÃO ALCANÇOU";"ALCANÇOU";"NÃO ALCANÇOU"
"BA";"291870";"Lafaiete Coutinho";"NÃO ALCANÇOU";"ALCANÇOU";;"NÃO ALCANÇOU";"ALCANÇOU";"NÃO ALCANÇOU";"ALCANÇOU";"ALCANÇOU"
"BA";"291875";"Lagoa Real";"NÃO ALCANÇOU";"ALCANÇOU";;"ALCANÇOU";"NÃO ALCANÇOU";"NÃO ALCANÇOU";"NÃO ALCANÇOU";"NÃO ALCANÇOU"
"BA";"291880";"Laje";"ALCANÇOU";"ALCANÇOU";;"NÃO ALCANÇOU";"ALCANÇOU";"ALCANÇOU";"NÃO ALCANÇOU";"ALCANÇOU"
"BA";"291900";"Lajedinho";"ALCANÇOU";"ALCANÇOU";;"ALCANÇOU";"ALCANÇOU";"NÃO ALCANÇOU";"ALCANÇOU";"ALCANÇOU"
"BA";"291905";"Lajedo do Tabocal";"ALCANÇOU";"ALCANÇOU";;"NÃO ALCANÇOU";"ALCANÇOU";"NÃO ALCANÇOU";"NÃO ALCANÇOU";"ALCANÇOU"
"BA";"291890";"Lajedão";"ALCANÇOU";"ALCANÇOU";;"ALCANÇOU";"ALCANÇOU";"NÃO ALCANÇOU";"ALCANÇOU";"NÃO ALCANÇOU"
"BA";"291910";"Lamarão";"ALCANÇOU";"ALCANÇOU";;"NÃO ALCANÇOU";"NÃO ALCANÇOU";"NÃO ALCANÇOU";"NÃO ALCANÇOU";"ALCANÇOU"
"BA";"291915";"Lapão";"ALCANÇOU";"ALCANÇOU";;"ALCANÇOU";"ALCANÇOU";"NÃO ALCANÇOU";"ALCANÇOU";"ALCANÇOU"
"BA";"291920";"Lauro de Freitas";"ALCANÇOU";"ALCANÇOU";;"NÃO ALCANÇOU";"ALCANÇOU";"ALCANÇOU";"NÃO ALCANÇOU";"NÃO ALCANÇOU"
"BA";"291930";"Lençóis";"ALCANÇOU";"ALCANÇOU";;"ALCANÇOU";"NÃO ALCANÇOU";"NÃO ALCANÇOU";"ALCANÇOU";"NÃO ALCANÇOU"
"BA";"291940";"Licínio de Almeida";"ALCANÇOU";"ALCANÇOU";;"NÃO ALCANÇOU";"NÃO ALCANÇOU";"NÃO ALCANÇOU";"ALCANÇOU";"ALCANÇOU"
"BA";"291950";"Livramento de Nossa Senhora";"ALCANÇOU";"ALCANÇOU";;"ALCANÇOU";"ALCANÇOU";"NÃO ALCANÇOU";"ALCANÇOU";"ALCANÇOU"
"BA";"291955";"Luís Eduardo Magalhães";"ALCANÇOU";"ALCANÇOU";;"NÃO ALCANÇOU";"ALCANÇOU";"NÃO ALCANÇOU";"NÃO ALCANÇOU";"NÃO ALCANÇOU"
"BA";"291960";"Macajuba";"ALCANÇOU";"ALCANÇOU";;"NÃO ALCANÇOU";"ALCANÇOU";"NÃO ALCANÇOU";"ALCANÇOU";"ALCANÇOU"
"BA";"291970";"Macarani";"ALCANÇOU";"ALCANÇOU";;"ALCANÇOU";"ALCANÇOU";"NÃO ALCANÇOU";"ALCANÇOU";"ALCANÇOU"
"BA";"291980";"Macaúbas";"NÃO ALCANÇOU";"ALCANÇOU";;"NÃO ALCANÇOU";"ALCANÇOU";"NÃO ALCANÇOU";"NÃO ALCANÇOU";"NÃO ALCANÇOU"
"BA";"291990";"Macururé";"ALCANÇOU";"ALCANÇOU";;"NÃO ALCANÇOU";"NÃO ALCANÇOU";"NÃO ALCANÇOU";"ALCANÇOU";"ALCANÇOU"
"BA";"291992";"Madre de Deus";"ALCANÇOU";"ALCANÇOU";;"NÃO ALCANÇOU";"ALCANÇOU";"NÃO ALCANÇOU";"ALCANÇOU";"NÃO ALCANÇOU"
"BA";"291995";"Maetinga";"ALCANÇOU";"ALCANÇOU";;"NÃO ALCANÇOU";"ALCANÇOU";"NÃO ALCANÇOU";"ALCANÇOU";"NÃO ALCANÇOU"
"BA";"292000";"Maiquinique";"ALCANÇOU";"ALCANÇOU";;"NÃO ALCANÇOU";"NÃO ALCANÇOU";"NÃO ALCANÇOU";"ALCANÇOU";"ALCANÇOU"
"BA";"292010";"Mairi";"ALCANÇOU";"NÃO ALCANÇOU";;"NÃO ALCANÇOU";"ALCANÇOU";"NÃO ALCANÇOU";"NÃO ALCANÇOU";"ALCANÇOU"
"BA";"292020";"Malhada";"NÃO ALCANÇOU";"ALCANÇOU";;"NÃO ALCANÇOU";"NÃO ALCANÇOU";"NÃO ALCANÇOU";"ALCANÇOU";"NÃO ALCANÇOU"
"BA";"292030";"Malhada de Pedras";"ALCANÇOU";"ALCANÇOU";;"ALCANÇOU";"NÃO ALCANÇOU";"NÃO ALCANÇOU";"ALCANÇOU";"ALCANÇOU"
"BA";"292040";"Manoel Vitorino";"ALCANÇOU";"ALCANÇOU";;"NÃO ALCANÇOU";"ALCANÇOU";"NÃO ALCANÇOU";"ALCANÇOU";"ALCANÇOU"
"BA";"292045";"Mansidão";"NÃO ALCANÇOU";"ALCANÇOU";;"ALCANÇOU";"NÃO ALCANÇOU";"NÃO ALCANÇOU";"ALCANÇOU";"NÃO ALCANÇOU"
"BA";"292050";"Maracás";"ALCANÇOU";"ALCANÇOU";;"ALCANÇOU";"ALCANÇOU";"ALCANÇOU";"NÃO ALCANÇOU";"NÃO ALCANÇOU"
"BA";"292060";"Maragogipe";"ALCANÇOU";"ALCANÇOU";;"ALCANÇOU";"ALCANÇOU";"NÃO ALCANÇOU";"NÃO ALCANÇOU";"ALCANÇOU"
"BA";"292070";"Maraú";"ALCANÇOU";"ALCANÇOU";;"NÃO ALCANÇOU";"ALCANÇOU";"NÃO ALCANÇOU";"ALCANÇOU";"ALCANÇOU"
"BA";"292080";"Marcionílio Souza";"NÃO ALCANÇOU";"ALCANÇOU";;"ALCANÇOU";"ALCANÇOU";"NÃO ALCANÇOU";"ALCANÇOU";"NÃO ALCANÇOU"
"BA";"292090";"Mascote";"NÃO ALCANÇOU";"ALCANÇOU";;"NÃO ALCANÇOU";"ALCANÇOU";"NÃO ALCANÇOU";"NÃO ALCANÇOU";"ALCANÇOU"
"BA";"292100";"Mata de São João";"ALCANÇOU";"ALCANÇOU";;"NÃO ALCANÇOU";"ALCANÇOU";"ALCANÇOU";"NÃO ALCANÇOU";"ALCANÇOU"
"BA";"292105";"Matina";"ALCANÇOU";"ALCANÇOU";;"NÃO ALCANÇOU";"NÃO ALCANÇOU";"NÃO ALCANÇOU";"ALCANÇOU";"ALCANÇOU"
"BA";"292110";"Medeiros Neto";"ALCANÇOU";"ALCANÇOU";;"NÃO ALCANÇOU";"ALCANÇOU";"NÃO ALCANÇOU";"NÃO ALCANÇOU";"ALCANÇOU"
"BA";"292120";"Miguel Calmon";"NÃO ALCANÇOU";"ALCANÇOU";;"NÃO ALCANÇOU";"ALCANÇOU";"NÃO ALCANÇOU";"ALCANÇOU";"NÃO ALCANÇOU"
"BA";"292130";"Milagres";"ALCANÇOU";"ALCANÇOU";;"ALCANÇOU";"ALCANÇOU";"NÃO ALCANÇOU";"ALCANÇOU";"ALCANÇOU"
"BA";"292140";"Mirangaba";"NÃO ALCANÇOU";"NÃO ALCANÇOU";;"ALCANÇOU";"NÃO ALCANÇOU";"NÃO ALCANÇOU";"ALCANÇOU";"ALCANÇOU"
"BA";"292145";"Mirante";"NÃO ALCANÇOU";"ALCANÇOU";;"ALCANÇOU";"NÃO ALCANÇOU";"NÃO ALCANÇOU";"ALCANÇOU";"NÃO ALCANÇOU"
"BA";"292150";"Monte Santo";"ALCANÇOU";"ALCANÇOU";;"NÃO ALCANÇOU";"ALCANÇOU";"ALCANÇOU";"ALCANÇOU";"NÃO ALCANÇOU"
"BA";"292160";"Morpará";"ALCANÇOU";"ALCANÇOU";;"ALCANÇOU";"NÃO ALCANÇOU";"NÃO ALCANÇOU";"ALCANÇOU";"ALCANÇOU"
"BA";"292170";"Morro do Chapéu";"ALCANÇOU";"ALCANÇOU";;"NÃO ALCANÇOU";"ALCANÇOU";"ALCANÇOU";"ALCANÇOU";"ALCANÇOU"
"BA";"292180";"Mortugaba";"ALCANÇOU";"ALCANÇOU";;"NÃO ALCANÇOU";"NÃO ALCANÇOU";"NÃO ALCANÇOU";"ALCANÇOU";"ALCANÇOU"
"BA";"292190";"Mucugê";"ALCANÇOU";"ALCANÇOU";;"NÃO ALCANÇOU";"ALCANÇOU";"NÃO ALCANÇOU";"ALCANÇOU";"ALCANÇOU"
"BA";"292200";"Mucuri";"ALCANÇOU";"ALCANÇOU";;"NÃO ALCANÇOU";"ALCANÇOU";"NÃO ALCANÇOU";"ALCANÇOU";"ALCANÇOU"
"BA";"292205";"Mulungu do Morro";"ALCANÇOU";"ALCANÇOU";;"ALCANÇOU";"NÃO ALCANÇOU";"ALCANÇOU";"ALCANÇOU";"NÃO ALCANÇOU"
"BA";"292210";"Mundo Novo";"ALCANÇOU";"NÃO ALCANÇOU";;"NÃO ALCANÇOU";"ALCANÇOU";"ALCANÇOU";"ALCANÇOU";"ALCANÇOU"
"BA";"292220";"Muniz Ferreira";"ALCANÇOU";"ALCANÇOU";;"NÃO ALCANÇOU";"ALCANÇOU";"NÃO ALCANÇOU";"ALCANÇOU";"NÃO ALCANÇOU"
"BA";"292225";"Muquém de São Francisco";"ALCANÇOU";"ALCANÇOU";;;"ALCANÇOU";"ALCANÇOU";"ALCANÇOU";"NÃO ALCANÇOU"
"BA";"292225";"Muquém do São Francisco";;;;"NÃO ALCANÇOU";;;;
"BA";"292230";"Muritiba";"ALCANÇOU";"ALCANÇOU";;"NÃO ALCANÇOU";"ALCANÇOU";"NÃO ALCANÇOU";"ALCANÇOU";"NÃO ALCANÇOU"
"BA";"292240";"Mutuípe";"NÃO ALCANÇOU";"ALCANÇOU";;"ALCANÇOU";"ALCANÇOU";"ALCANÇOU";"ALCANÇOU";"ALCANÇOU"
"BA";"292250";"Nazaré";"ALCANÇOU";"ALCANÇOU";;"NÃO ALCANÇOU";"NÃO ALCANÇOU";"NÃO ALCANÇOU";"ALCANÇOU";"NÃO ALCANÇOU"
"BA";"292260";"Nilo Peçanha";"NÃO ALCANÇOU";"ALCANÇOU";;"NÃO ALCANÇOU";"NÃO ALCANÇOU";"NÃO ALCANÇOU";"ALCANÇOU";"NÃO ALCANÇOU"
"BA";"292265";"Nordestina";"NÃO ALCANÇOU";"NÃO ALCANÇOU";;"ALCANÇOU";"ALCANÇOU";"NÃO ALCANÇOU";"ALCANÇOU";"NÃO ALCANÇOU"
"BA";"292270";"Nova Canaã";"ALCANÇOU";"NÃO ALCANÇOU";;"ALCANÇOU";"ALCANÇOU";"NÃO ALCANÇOU";"ALCANÇOU";"NÃO ALCANÇOU"
"BA";"292273";"Nova Fátima";"ALCANÇOU";"ALCANÇOU";;"NÃO ALCANÇOU";"NÃO ALCANÇOU";"NÃO ALCANÇOU";"NÃO ALCANÇOU";"ALCANÇOU"
"BA";"292275";"Nova Ibiá";"ALCANÇOU";"ALCANÇOU";;"ALCANÇOU";"ALCANÇOU";"NÃO ALCANÇOU";"ALCANÇOU";"NÃO ALCANÇOU"
"BA";"292280";"Nova Itarana";"ALCANÇOU";"ALCANÇOU";;"ALCANÇOU";"NÃO ALCANÇOU";"NÃO ALCANÇOU";"ALCANÇOU";"ALCANÇOU"
"BA";"292285";"Nova Redenção";"NÃO ALCANÇOU";"ALCANÇOU";;"NÃO ALCANÇOU";"NÃO ALCANÇOU";"NÃO ALCANÇOU";"ALCANÇOU";"NÃO ALCANÇOU"
"BA";"292290";"Nova Soure";"ALCANÇOU";"NÃO ALCANÇOU";;"ALCANÇOU";"ALCANÇOU";"NÃO ALCANÇOU";"ALCANÇOU";"NÃO ALCANÇOU"
"BA";"292300";"Nova Viçosa";"ALCANÇOU";"ALCANÇOU";;"ALCANÇOU";"NÃO ALCANÇOU";"NÃO ALCANÇOU";"ALCANÇOU";"ALCANÇOU"
"BA";"292303";"Novo Horizonte";"ALCANÇOU";"ALCANÇOU";;"ALCANÇOU";"NÃO ALCANÇOU";"NÃO ALCANÇOU";"ALCANÇOU";"ALCANÇOU"
"BA";"292305";"Novo Triunfo";"NÃO ALCANÇOU";"NÃO ALCANÇOU";;"NÃO ALCANÇOU";"ALCANÇOU";"NÃO ALCANÇOU";"ALCANÇOU";"NÃO ALCANÇOU"
"BA";"292310";"Olindina";"NÃO ALCANÇOU";"ALCANÇOU";;"ALCANÇOU";"ALCANÇOU";"ALCANÇOU";"NÃO ALCANÇOU";"ALCANÇOU"
"BA";"292320";"Oliveira dos Brejinhos";"NÃO ALCANÇOU";"NÃO ALCANÇOU";;"NÃO ALCANÇOU";"NÃO ALCANÇOU";"NÃO ALCANÇOU";"ALCANÇOU";"ALCANÇOU"
"BA";"292330";"Ouriçangas";"NÃO ALCANÇOU";"NÃO ALCANÇOU";;"NÃO ALCANÇOU";"NÃO ALCANÇOU";"NÃO ALCANÇOU";"ALCANÇOU";"NÃO ALCANÇOU"
"BA";"292335";"Ourolândia";"ALCANÇOU";"ALCANÇOU";;"ALCANÇOU";"ALCANÇOU";"NÃO ALCANÇOU";"ALCANÇOU";"ALCANÇOU"
"BA";"292340";"Palmas de Monte Alto";"ALCANÇOU";"ALCANÇOU";;"NÃO ALCANÇOU";"ALCANÇOU";"NÃO ALCANÇOU";"ALCANÇOU";"ALCANÇOU"
"BA";"292350";"Palmeiras";"ALCANÇOU";"ALCANÇOU";;"NÃO ALCANÇOU";"NÃO ALCANÇOU";"NÃO ALCANÇOU";"ALCANÇOU";"NÃO ALCANÇOU"
"BA";"292360";"Paramirim";"ALCANÇOU";"ALCANÇOU";;"NÃO ALCANÇOU";"ALCANÇOU";"NÃO ALCANÇOU";"ALCANÇOU";"ALCANÇOU"
"BA";"292370";"Paratinga";"ALCANÇOU";"ALCANÇOU";;"ALCANÇOU";"ALCANÇOU";"NÃO ALCANÇOU";"ALCANÇOU";"ALCANÇOU"
"BA";"292380";"Paripiranga";"ALCANÇOU";"ALCANÇOU";;"ALCANÇOU";"NÃO ALCANÇOU";"ALCANÇOU";"ALCANÇOU";"NÃO ALCANÇOU"
"BA";"292390";"Pau Brasil";"ALCANÇOU";"ALCANÇOU";;"ALCANÇOU";"ALCANÇOU";"NÃO ALCANÇOU";"ALCANÇOU";"ALCANÇOU"
"BA";"292400";"Paulo Afonso";"ALCANÇOU";"ALCANÇOU";;"NÃO ALCANÇOU";"NÃO ALCANÇOU";"ALCANÇOU";"NÃO ALCANÇOU";"NÃO ALCANÇOU"
"BA";"292420";"Pedro Alexandre";"ALCANÇOU";"ALCANÇOU";;"NÃO ALCANÇOU";"NÃO ALCANÇOU";"NÃO ALCANÇOU";"ALCANÇOU";"ALCANÇOU"
"BA";"292410";"Pedrão";"NÃO ALCANÇOU";"ALCANÇOU";;"NÃO ALCANÇOU";"ALCANÇOU";"NÃO ALCANÇOU";"ALCANÇOU";"ALCANÇOU"
"BA";"292430";"Piatã";"ALCANÇOU";"ALCANÇOU";;"NÃO ALCANÇOU";"NÃO ALCANÇOU";"ALCANÇOU";"ALCANÇOU";"ALCANÇOU"
"BA";"292440";"Pilão Arcado";"NÃO ALCANÇOU";"ALCANÇOU";;"NÃO ALCANÇOU";"NÃO ALCANÇOU";"NÃO ALCANÇOU";"ALCANÇOU";"NÃO ALCANÇOU"
"BA";"292450";"Pindaí";"ALCANÇOU";"ALCANÇOU";;"ALCANÇOU";"NÃO ALCANÇOU";"NÃO ALCANÇOU";"ALCANÇOU";"NÃO ALCANÇOU"
"BA";"292460";"Pindobaçu";"NÃO ALCANÇOU";"ALCANÇOU";;"NÃO ALCANÇOU";"ALCANÇOU";"ALCANÇOU";"NÃO ALCANÇOU";"ALCANÇOU"
"BA";"292465";"Pintadas";"ALCANÇOU";"ALCANÇOU";;"ALCANÇOU";"ALCANÇOU";"NÃO ALCANÇOU";"ALCANÇOU";"NÃO ALCANÇOU"
"BA";"292467";"Piraí do Norte";"NÃO ALCANÇOU";"ALCANÇOU";;"ALCANÇOU";"NÃO ALCANÇOU";"NÃO ALCANÇOU";"NÃO ALCANÇOU";"ALCANÇOU"
"BA";"292470";"Piripá";"ALCANÇOU";"ALCANÇOU";;"ALCANÇOU";"ALCANÇOU";"NÃO ALCANÇOU";"ALCANÇOU";"NÃO ALCANÇOU"
"BA";"292480";"Piritiba";"ALCANÇOU";"NÃO ALCANÇOU";;"ALCANÇOU";"ALCANÇOU";"NÃO ALCANÇOU";"ALCANÇOU";"NÃO ALCANÇOU"
"BA";"292490";"Planaltino";"ALCANÇOU";"ALCANÇOU";;"NÃO ALCANÇOU";"ALCANÇOU";"NÃO ALCANÇOU";"ALCANÇOU";"NÃO ALCANÇOU"
"BA";"292500";"Planalto";"ALCANÇOU";"ALCANÇOU";;"ALCANÇOU";"ALCANÇOU";"ALCANÇOU";"NÃO ALCANÇOU";"ALCANÇOU"
"BA";"292520";"Pojuca";"ALCANÇOU";"ALCANÇOU";;"NÃO ALCANÇOU";"NÃO ALCANÇOU";"ALCANÇOU";"NÃO ALCANÇOU";"NÃO ALCANÇOU"
"BA";"292525";"Ponto Novo";"ALCANÇOU";"ALCANÇOU";;"NÃO ALCANÇOU";"ALCANÇOU";"NÃO ALCANÇOU";"ALCANÇOU";"ALCANÇOU"
"BA";"292530";"Porto Seguro";"ALCANÇOU";"ALCANÇOU";;"NÃO ALCANÇOU";"ALCANÇOU";"ALCANÇOU";"ALCANÇOU";"ALCANÇOU"
"BA";"292540";"Potiraguá";"ALCANÇOU";"NÃO ALCANÇOU";;"ALCANÇOU";"ALCANÇOU";"NÃO ALCANÇOU";"ALCANÇOU";"ALCANÇOU"
"BA";"292510";"Poções";"ALCANÇOU";"ALCANÇOU";;"NÃO ALCANÇOU";"ALCANÇOU";"NÃO ALCANÇOU";"NÃO ALCANÇOU";"ALCANÇOU"
"BA";"292550";"Prado";"ALCANÇOU";"NÃO ALCANÇOU";;"NÃO ALCANÇOU";"ALCANÇOU";"NÃO ALCANÇOU";"ALCANÇOU";"ALCANÇOU"
"BA";"292560";"Presidente Dutra";"ALCANÇOU";"ALCANÇOU";;"NÃO ALCANÇOU";"ALCANÇOU";"NÃO ALCANÇOU";"ALCANÇOU";"NÃO ALCANÇOU"
"BA";"292570";"Presidente Jânio Quadros";"NÃO ALCANÇOU";"ALCANÇOU";;"ALCANÇOU";"ALCANÇOU";"NÃO ALCANÇOU";"ALCANÇOU";"ALCANÇOU"
"BA";"292575";"Presidente Tancredo Neves";"ALCANÇOU";"ALCANÇOU";;"NÃO ALCANÇOU";"ALCANÇOU";"NÃO ALCANÇOU";"ALCANÇOU";"ALCANÇOU"
"BA";"292405";"Pé de Serra";"ALCANÇOU";"ALCANÇOU";;"NÃO ALCANÇOU";"NÃO ALCANÇOU";"NÃO ALCANÇOU";"ALCANÇOU";"NÃO ALCANÇOU"
"BA";"292580";"Queimadas";"ALCANÇOU";"NÃO ALCANÇOU";;"NÃO ALCANÇOU";"NÃO ALCANÇOU";"NÃO ALCANÇOU";"ALCANÇOU";"ALCANÇOU"
"BA";"292590";"Quijingue";"ALCANÇOU";"ALCANÇOU";;"NÃO ALCANÇOU";"ALCANÇOU";"NÃO ALCANÇOU";"ALCANÇOU";"NÃO ALCANÇOU"
"BA";"292593";"Quixabeira";"NÃO ALCANÇOU";"ALCANÇOU";;"ALCANÇOU";"NÃO ALCANÇOU";"NÃO ALCANÇOU";"ALCANÇOU";"ALCANÇOU"
"BA";"292595";"Rafael Jambeiro";"ALCANÇOU";"ALCANÇOU";;"NÃO ALCANÇOU";"NÃO ALCANÇOU";"NÃO ALCANÇOU";"NÃO ALCANÇOU";"ALCANÇOU"
"BA";"292600";"Remanso";"ALCANÇOU";"ALCANÇOU";;"NÃO ALCANÇOU";"NÃO ALCANÇOU";"NÃO ALCANÇOU";"ALCANÇOU";"ALCANÇOU"
"BA";"292610";"Retirolândia";"ALCANÇOU";"ALCANÇOU";;"ALCANÇOU";"NÃO ALCANÇOU";"NÃO ALCANÇOU";"NÃO ALCANÇOU";"ALCANÇOU"
"BA";"292640";"Riacho de Santana";"ALCANÇOU";"ALCANÇOU";;"NÃO ALCANÇOU";"ALCANÇOU";"NÃO ALCANÇOU";"ALCANÇOU";"ALCANÇOU"
"BA";"292620";"Riachão das Neves";"ALCANÇOU";"ALCANÇOU";;"NÃO ALCANÇOU";"ALCANÇOU";"NÃO ALCANÇOU";"ALCANÇOU";"NÃO ALCANÇOU"
"BA";"292630";"Riachão do Jacuípe";"ALCANÇOU";"ALCANÇOU";;"NÃO ALCANÇOU";"ALCANÇOU";"NÃO ALCANÇOU";"NÃO ALCANÇOU";"NÃO ALCANÇOU"
"BA";"292650";"Ribeira do Amparo";"ALCANÇOU";"ALCANÇOU";;"ALCANÇOU";"NÃO ALCANÇOU";"NÃO ALCANÇOU";"ALCANÇOU";"NÃO ALCANÇOU"
"BA";"292660";"Ribeira do Pombal";"ALCANÇOU";"ALCANÇOU";;"NÃO ALCANÇOU";"ALCANÇOU";"ALCANÇOU";"ALCANÇOU";"ALCANÇOU"
"BA";"292665";"Ribeirão do Largo";"ALCANÇOU";"ALCANÇOU";;"ALCANÇOU";"ALCANÇOU";"NÃO ALCANÇOU";"ALCANÇOU";"ALCANÇOU"
"BA";"292700";"Rio Real";"NÃO ALCANÇOU";"ALCANÇOU";;"NÃO ALCANÇOU";"ALCANÇOU";"NÃO ALCANÇOU";"ALCANÇOU";"NÃO ALCANÇOU"
"BA";"292670";"Rio de Contas";"ALCANÇOU";"ALCANÇOU";;"NÃO ALCANÇOU";"ALCANÇOU";"NÃO ALCANÇOU";"NÃO ALCANÇOU";"ALCANÇOU"
"BA";"292680";"Rio do Antônio";"NÃO ALCANÇOU";"NÃO ALCANÇOU";;"ALCANÇOU";"NÃO ALCANÇOU";"ALCANÇOU";"ALCANÇOU";"NÃO ALCANÇOU"
"BA";"292690";"Rio do Pires";"ALCANÇOU";"ALCANÇOU";;"ALCANÇOU";"ALCANÇOU";"NÃO ALCANÇOU";"ALCANÇOU";"ALCANÇOU"
"BA";"292710";"Rodelas";"ALCANÇOU";"ALCANÇOU";;"NÃO ALCANÇOU";"NÃO ALCANÇOU";"NÃO ALCANÇOU";"NÃO ALCANÇOU";"NÃO ALCANÇOU"
"BA";"292720";"Ruy Barbosa";"ALCANÇOU";"ALCANÇOU";;"NÃO ALCANÇOU";"ALCANÇOU";"NÃO ALCANÇOU";"NÃO ALCANÇOU";"NÃO ALCANÇOU"
"BA";"292730";"Salinas da Margarida";"ALCANÇOU";"ALCANÇOU";;"NÃO ALCANÇOU";"ALCANÇOU";"NÃO ALCANÇOU";"ALCANÇOU";"ALCANÇOU"
"BA";"292740";"Salvador";"ALCANÇOU";"ALCANÇOU";;"NÃO ALCANÇOU";"ALCANÇOU";"ALCANÇOU";"NÃO ALCANÇOU";"NÃO ALCANÇOU"
"BA";"292760";"Santa Brígida";"ALCANÇOU";"ALCANÇOU";;"ALCANÇOU";"ALCANÇOU";"NÃO ALCANÇOU";"NÃO ALCANÇOU";"ALCANÇOU"
"BA";"292750";"Santa Bárbara";"ALCANÇOU";"ALCANÇOU";;"NÃO ALCANÇOU";"ALCANÇOU";"NÃO ALCANÇOU";"NÃO ALCANÇOU";"ALCANÇOU"
"BA";"292770";"Santa Cruz Cabrália";"ALCANÇOU";"ALCANÇOU";;"NÃO ALCANÇOU";"ALCANÇOU";"NÃO ALCANÇOU";"NÃO ALCANÇOU";"ALCANÇOU"
"BA";"292780";"Santa Cruz da Vitória";"NÃO ALCANÇOU";"ALCANÇOU";;"ALCANÇOU";"ALCANÇOU";"NÃO ALCANÇOU";"ALCANÇOU";"ALCANÇOU"
"BA";"292790";"Santa Inês";"ALCANÇOU";"ALCANÇOU";;"NÃO ALCANÇOU";"NÃO ALCANÇOU";"ALCANÇOU";"ALCANÇOU";"ALCANÇOU"
"BA";"292805";"Santa Luzia";"ALCANÇOU";"ALCANÇOU";;"ALCANÇOU";"NÃO ALCANÇOU";"NÃO ALCANÇOU";"ALCANÇOU";"NÃO ALCANÇOU"
"BA";"292810";"Santa Maria da Vitória";"ALCANÇOU";"ALCANÇOU";;"ALCANÇOU";"ALCANÇOU";"ALCANÇOU";"ALCANÇOU";"ALCANÇOU"
"BA";"292840";"Santa Rita de Cássia";"NÃO ALCANÇOU";"ALCANÇOU";;"ALCANÇOU";"ALCANÇOU";"NÃO ALCANÇOU";"NÃO ALCANÇOU";"ALCANÇOU"
"BA";"292850";"Santa Teresinha";"ALCANÇOU";"ALCANÇOU";;;"ALCANÇOU";"NÃO ALCANÇOU";"ALCANÇOU";"ALCANÇOU"
"BA";"292850";"Santa Terezinha";;;;"ALCANÇOU";;;;
"BA";"292800";"Santaluz";"ALCANÇOU";"NÃO ALCANÇOU";;"ALCANÇOU";"NÃO ALCANÇOU";"NÃO ALCANÇOU";"ALCANÇOU";"NÃO ALCANÇOU"
"BA";"292820";"Santana";"ALCANÇOU";"ALCANÇOU";;"ALCANÇOU";"NÃO ALCANÇOU";"NÃO ALCANÇOU";"ALCANÇOU";"ALCANÇOU"
"BA";"292830";"Santanópolis";"ALCANÇOU";"ALCANÇOU";;"ALCANÇOU";"ALCANÇOU";"NÃO ALCANÇOU";"ALCANÇOU";"ALCANÇOU"
"BA";"292860";"Santo Amaro";"NÃO ALCANÇOU";"ALCANÇOU";;"NÃO ALCANÇOU";"NÃO ALCANÇOU";"ALCANÇOU";"NÃO ALCANÇOU";"ALCANÇOU"
"BA";"292870";"Santo Antônio de Jesus";"ALCANÇOU";"ALCANÇOU";;"NÃO ALCANÇOU";"ALCANÇOU";"NÃO ALCANÇOU";"ALCANÇOU";"NÃO ALCANÇOU"
"BA";"292880";"Santo Estêvão";"ALCANÇOU";"ALCANÇOU";;"NÃO ALCANÇOU";"ALCANÇOU";"NÃO ALCANÇOU";"ALCANÇOU";"NÃO ALCANÇOU"
"BA";"292960";"Sapeaçu";"ALCANÇOU";"ALCANÇOU";;"NÃO ALCANÇOU";"ALCANÇOU";"NÃO ALCANÇOU";"ALCANÇOU";"NÃO ALCANÇOU"
"BA";"292975";"Saubara";"ALCANÇOU";"ALCANÇOU";;"ALCANÇOU";"ALCANÇOU";"NÃO ALCANÇOU";"NÃO ALCANÇOU";"ALCANÇOU"
"BA";"292980";"Saúde";"ALCANÇOU";"ALCANÇOU";;"ALCANÇOU";"NÃO ALCANÇOU";"NÃO ALCANÇOU";"ALCANÇOU";"ALCANÇOU"
"BA";"292990";"Seabra";"NÃO ALCANÇOU";"ALCANÇOU";;"NÃO ALCANÇOU";"ALCANÇOU";"NÃO ALCANÇOU";"NÃO ALCANÇOU";"NÃO ALCANÇOU"
"BA";"293000";"Sebastião Laranjeiras";"ALCANÇOU";"ALCANÇOU";;"NÃO ALCANÇOU";"NÃO ALCANÇOU";"NÃO ALCANÇOU";"ALCANÇOU";"ALCANÇOU"
"BA";"293010";"Senhor do Bonfim";"ALCANÇOU";"ALCANÇOU";;"NÃO ALCANÇOU";"NÃO ALCANÇOU";"NÃO ALCANÇOU";"NÃO ALCANÇOU";"ALCANÇOU"
"BA";"293020";"Sento Sé";"NÃO ALCANÇOU";"ALCANÇOU";;"ALCANÇOU";"ALCANÇOU";"NÃO ALCANÇOU";"NÃO ALCANÇOU";"NÃO ALCANÇOU"
"BA";"293030";"Serra Dourada";"ALCANÇOU";"ALCANÇOU";;"NÃO ALCANÇOU";"NÃO ALCANÇOU";"NÃO ALCANÇOU";"ALCANÇOU";"ALCANÇOU"
"BA";"293040";"Serra Preta";"ALCANÇOU";"ALCANÇOU";;"ALCANÇOU";"NÃO ALCANÇOU";"NÃO ALCANÇOU";"NÃO ALCANÇOU";"NÃO ALCANÇOU"
"BA";"293015";"Serra do Ramalho";"ALCANÇOU";"ALCANÇOU";;"NÃO ALCANÇOU";"ALCANÇOU";"NÃO ALCANÇOU";"NÃO ALCANÇOU";"ALCANÇOU"
"BA";"293050";"Serrinha";"ALCANÇOU";"ALCANÇOU";;"NÃO ALCANÇOU";"NÃO ALCANÇOU";"ALCANÇOU";"ALCANÇOU";"NÃO ALCANÇOU"
"BA";"293060";"Serrolândia";"ALCANÇOU";"NÃO ALCANÇOU";;"ALCANÇOU";"ALCANÇOU";"NÃO ALCANÇOU";"ALCANÇOU";"ALCANÇOU"
"BA";"293070";"Simões Filho";"ALCANÇOU";"ALCANÇOU";;"NÃO ALCANÇOU";"ALCANÇOU";"NÃO ALCANÇOU";"NÃO ALCANÇOU";"NÃO ALCANÇOU"
"BA";"293077";"Sobradinho";"ALCANÇOU";"ALCANÇOU";;"ALCANÇOU";"NÃO ALCANÇOU";"NÃO ALCANÇOU";"NÃO ALCANÇOU";"ALCANÇOU"
"BA";"293080";"Souto Soares";"ALCANÇOU";"ALCANÇOU";;"ALCANÇOU";"ALCANÇOU";"ALCANÇOU";"ALCANÇOU";"NÃO ALCANÇOU"
"BA";"292970";"Sátiro Dias";"NÃO ALCANÇOU";"ALCANÇOU";;"NÃO ALCANÇOU";"ALCANÇOU";"NÃO ALCANÇOU";"ALCANÇOU";"ALCANÇOU"
"BA";"292890";"São Desidério";"NÃO ALCANÇOU";"ALCANÇOU";;"NÃO ALCANÇOU";"ALCANÇOU";"NÃO ALCANÇOU";"NÃO ALCANÇOU";"ALCANÇOU"
"BA";"292895";"São Domingos";"ALCANÇOU";"NÃO ALCANÇOU";;"ALCANÇOU";"ALCANÇOU";"NÃO ALCANÇOU";"ALCANÇOU";"ALCANÇOU"
"BA";"292910";"São Felipe";"ALCANÇOU";"ALCANÇOU";;"NÃO ALCANÇOU";"NÃO ALCANÇOU";"NÃO ALCANÇOU";"NÃO ALCANÇOU";"NÃO ALCANÇOU"
"BA";"292920";"São Francisco do Conde";"ALCANÇOU";"ALCANÇOU";;"NÃO ALCANÇOU";"NÃO ALCANÇOU";"NÃO ALCANÇOU";"NÃO ALCANÇOU";"NÃO ALCANÇOU"
"BA";"292900";"São Félix";"ALCANÇOU";"ALCANÇOU";;"ALCANÇOU";"NÃO ALCANÇOU";"NÃO ALCANÇOU";"ALCANÇOU";"ALCANÇOU"
"BA";"292905";"São Félix do Coribe";"NÃO ALCANÇOU";"ALCANÇOU";;"NÃO ALCANÇOU";"ALCANÇOU";"NÃO ALCANÇOU";"ALCANÇOU";"NÃO ALCANÇOU"
"BA";"292925";"São Gabriel";"ALCANÇOU";"ALCANÇOU";;"NÃO ALCANÇOU";"NÃO ALCANÇOU";"ALCANÇOU";"ALCANÇOU";"ALCANÇOU"
"BA";"292930";"São Gonçalo dos Campos";"ALCANÇOU";"ALCANÇOU";;"NÃO ALCANÇOU";"ALCANÇOU";"NÃO ALCANÇOU";"ALCANÇOU";"NÃO ALCANÇOU"
"BA";"292935";"São José da Vitória";"ALCANÇOU";"ALCANÇOU";;"ALCANÇOU";"ALCANÇOU";"NÃO ALCANÇOU";"NÃO ALCANÇOU";"ALCANÇOU"
"BA";"292937";"São José do Jacuípe";"NÃO ALCANÇOU";"ALCANÇOU";;"ALCANÇOU";"ALCANÇOU";"NÃO ALCANÇOU";"ALCANÇOU";"ALCANÇOU"
"BA";"292940";"São Miguel das Matas";"ALCANÇOU";"ALCANÇOU";;"ALCANÇOU";"ALCANÇOU";"ALCANÇOU";"NÃO ALCANÇOU";"ALCANÇOU"
"BA";"292950";"São Sebastião do Passé";"ALCANÇOU";"ALCANÇOU";;"NÃO ALCANÇOU";"NÃO ALCANÇOU";"NÃO ALCANÇOU";"NÃO ALCANÇOU";"NÃO ALCANÇOU"
"BA";"293075";"Sítio do Mato";"NÃO ALCANÇOU";"ALCANÇOU";;"ALCANÇOU";"NÃO ALCANÇOU";"NÃO ALCANÇOU";"ALCANÇOU";"NÃO ALCANÇOU"
"BA";"293076";"Sítio do Quinto";"ALCANÇOU";"ALCANÇOU";;"ALCANÇOU";"NÃO ALCANÇOU";"NÃO ALCANÇOU";"ALCANÇOU";"ALCANÇOU"
"BA";"293090";"Tabocas do Brejo Velho";"NÃO ALCANÇOU";"NÃO ALCANÇOU";;"NÃO ALCANÇOU";"ALCANÇOU";"NÃO ALCANÇOU";"NÃO ALCANÇOU";"NÃO ALCANÇOU"
"BA";"293100";"Tanhaçu";"ALCANÇOU";"ALCANÇOU";;"ALCANÇOU";"ALCANÇOU";"NÃO ALCANÇOU";"ALCANÇOU";"ALCANÇOU"
"BA";"293105";"Tanque Novo";"ALCANÇOU";"ALCANÇOU";;"NÃO ALCANÇOU";"ALCANÇOU";"NÃO ALCANÇOU";"ALCANÇOU";"ALCANÇOU"
"BA";"293110";"Tanquinho";"ALCANÇOU";"ALCANÇOU";;"NÃO ALCANÇOU";"NÃO ALCANÇOU";"NÃO ALCANÇOU";"ALCANÇOU";"ALCANÇOU"
"BA";"293120";"Taperoá";"ALCANÇOU";"ALCANÇOU";;"ALCANÇOU";"NÃO ALCANÇOU";"NÃO ALCANÇOU";"ALCANÇOU";"NÃO ALCANÇOU"
"BA";"293130";"Tapiramutá";"ALCANÇOU";"NÃO ALCANÇOU";;"NÃO ALCANÇOU";"NÃO ALCANÇOU";"NÃO ALCANÇOU";"NÃO ALCANÇOU";"ALCANÇOU"
"BA";"293135";"Teixeira de Freitas";"ALCANÇOU";"ALCANÇOU";;"NÃO ALCANÇOU";"NÃO ALCANÇOU";"ALCANÇOU";"NÃO ALCANÇOU";"NÃO ALCANÇOU"
"BA";"293140";"Teodoro Sampaio";"ALCANÇOU";"ALCANÇOU";;"ALCANÇOU";"NÃO ALCANÇOU";"NÃO ALCANÇOU";"ALCANÇOU";"NÃO ALCANÇOU"
"BA";"293150";"Teofilândia";"ALCANÇOU";"ALCANÇOU";;"ALCANÇOU";"ALCANÇOU";"NÃO ALCANÇOU";"ALCANÇOU";"ALCANÇOU"
"BA";"293160";"Teolândia";"ALCANÇOU";"ALCANÇOU";;"ALCANÇOU";"NÃO ALCANÇOU";"NÃO ALCANÇOU";"ALCANÇOU";"ALCANÇOU"
"BA";"293170";"Terra Nova";"ALCANÇOU";"ALCANÇOU";;"NÃO ALCANÇOU";"NÃO ALCANÇOU";"NÃO ALCANÇOU";"ALCANÇOU";"ALCANÇOU"
"BA";"293180";"Tremedal";"ALCANÇOU";"ALCANÇOU";;"NÃO ALCANÇOU";"ALCANÇOU";"NÃO ALCANÇOU";"ALCANÇOU";"ALCANÇOU"
"BA";"293190";"Tucano";"ALCANÇOU";"ALCANÇOU";;"NÃO ALCANÇOU";"ALCANÇOU";"NÃO ALCANÇOU";"ALCANÇOU";"ALCANÇOU"
"BA";"293200";"Uauá";"ALCANÇOU";"ALCANÇOU";;"NÃO ALCANÇOU";"ALCANÇOU";"NÃO ALCANÇOU";"ALCANÇOU";"ALCANÇOU"
"BA";"293220";"Ubaitaba";"ALCANÇOU";"ALCANÇOU";;"NÃO ALCANÇOU";"NÃO ALCANÇOU";"NÃO ALCANÇOU";"NÃO ALCANÇOU";"ALCANÇOU"
"BA";"293230";"Ubatã";"ALCANÇOU";"ALCANÇOU";;"NÃO ALCANÇOU";"ALCANÇOU";"NÃO ALCANÇOU";"ALCANÇOU";"NÃO ALCANÇOU"
"BA";"293210";"Ubaíra";"ALCANÇOU";"ALCANÇOU";;"NÃO ALCANÇOU";"ALCANÇOU";"NÃO ALCANÇOU";"ALCANÇOU";"ALCANÇOU"
"BA";"293240";"Uibaí";"ALCANÇOU";"ALCANÇOU";;"ALCANÇOU";"NÃO ALCANÇOU";"NÃO ALCANÇOU";"ALCANÇOU";"ALCANÇOU"
"BA";"293245";"Umburanas";"NÃO ALCANÇOU";"NÃO ALCANÇOU";;"ALCANÇOU";"NÃO ALCANÇOU";"NÃO ALCANÇOU";"NÃO ALCANÇOU";"ALCANÇOU"
"BA";"293250";"Una";"ALCANÇOU";"ALCANÇOU";;"NÃO ALCANÇOU";"ALCANÇOU";"NÃO ALCANÇOU";"ALCANÇOU";"ALCANÇOU"
"BA";"293260";"Urandi";"ALCANÇOU";"ALCANÇOU";;"NÃO ALCANÇOU";"NÃO ALCANÇOU";"NÃO ALCANÇOU";"ALCANÇOU";"NÃO ALCANÇOU"
"BA";"293270";"Uruçuca";"ALCANÇOU";"ALCANÇOU";;"NÃO ALCANÇOU";"NÃO ALCANÇOU";"NÃO ALCANÇOU";"NÃO ALCANÇOU";"ALCANÇOU"
"BA";"293280";"Utinga";"NÃO ALCANÇOU";"ALCANÇOU";;"NÃO ALCANÇOU";"NÃO ALCANÇOU";"NÃO ALCANÇOU";"ALCANÇOU";"ALCANÇOU"
"BA";"293300";"Valente";"ALCANÇOU";"ALCANÇOU";;"ALCANÇOU";"ALCANÇOU";"NÃO ALCANÇOU";"ALCANÇOU";"NÃO ALCANÇOU"
"BA";"293290";"Valença";"ALCANÇOU";"NÃO ALCANÇOU";;"NÃO ALCANÇOU";"ALCANÇOU";"NÃO ALCANÇOU";"ALCANÇOU";"NÃO ALCANÇOU"
"BA";"293317";"Varzedo";"ALCANÇOU";"ALCANÇOU";;"NÃO ALCANÇOU";"ALCANÇOU";"NÃO ALCANÇOU";"ALCANÇOU";"NÃO ALCANÇOU"
"BA";"293320";"Vera Cruz";"ALCANÇOU";"ALCANÇOU";;"NÃO ALCANÇOU";"ALCANÇOU";"NÃO ALCANÇOU";"ALCANÇOU";"NÃO ALCANÇOU"
"BA";"293325";"Vereda";"ALCANÇOU";"ALCANÇOU";;"ALCANÇOU";"ALCANÇOU";"NÃO ALCANÇOU";"ALCANÇOU";"ALCANÇOU"
"BA";"293330";"Vitória da Conquista";"ALCANÇOU";"ALCANÇOU";;"NÃO ALCANÇOU";"ALCANÇOU";"ALCANÇOU";"ALCANÇOU";"NÃO ALCANÇOU"
"BA";"293315";"Várzea Nova";"ALCANÇOU";"ALCANÇOU";;"ALCANÇOU";"NÃO ALCANÇOU";"NÃO ALCANÇOU";"ALCANÇOU";"ALCANÇOU"
"BA";"293305";"Várzea da Roça";"NÃO ALCANÇOU";"NÃO ALCANÇOU";;"ALCANÇOU";"NÃO ALCANÇOU";"NÃO ALCANÇOU";"ALCANÇOU";"NÃO ALCANÇOU"
"BA";"293310";"Várzea do Poço";"ALCANÇOU";"ALCANÇOU";;"ALCANÇOU";"NÃO ALCANÇOU";"NÃO ALCANÇOU";"ALCANÇOU";"ALCANÇOU"
"BA";"293340";"Wagner";"NÃO ALCANÇOU";"ALCANÇOU";;"NÃO ALCANÇOU";"NÃO ALCANÇOU";"NÃO ALCANÇOU";"NÃO ALCANÇOU";"ALCANÇOU"
"BA";"293345";"Wanderley";"ALCANÇOU";"ALCANÇOU";;"ALCANÇOU";"NÃO ALCANÇOU";"NÃO ALCANÇOU";"ALCANÇOU";"NÃO ALCANÇOU"
"BA";"293350";"Wenceslau Guimarães";"ALCANÇOU";"ALCANÇOU";;"NÃO ALCANÇOU";"ALCANÇOU";"ALCANÇOU";"ALCANÇOU";"ALCANÇOU"
"BA";"293360";"Xique-Xique";"ALCANÇOU";"ALCANÇOU";;"NÃO ALCANÇOU";"NÃO ALCANÇOU";"NÃO ALCANÇOU";"ALCANÇOU";"ALCANÇOU"
"BA";"290040";"Água Fria";"ALCANÇOU";"ALCANÇOU";;"ALCANÇOU";"ALCANÇOU";"NÃO ALCANÇOU";"ALCANÇOU";"NÃO ALCANÇOU"
"BA";"290050";"Érico Cardoso";"ALCANÇOU";"ALCANÇOU";;"NÃO ALCANÇOU";"ALCANÇOU";"ALCANÇOU";"ALCANÇOU";"ALCANÇOU"
"BA";"290010";;;;"ALCANÇOU";;;;;
"BA";"290020";;;;"ALCANÇOU";;;;;
"BA";"290030";;;;"NÃO ALCANÇOU";;;;;
"BA";"290035";;;;"ALCANÇOU";;;;;
"BA";"290040";;;;"ALCANÇOU";;;;;
"BA";"290050";;;;"ALCANÇOU";;;;;
"BA";"290060";;;;"ALCANÇOU";;;;;
"BA";"290070";;;;"ALCANÇOU";;;;;
"BA";"290080";;;;"ALCANÇOU";;;;;
"BA";"290090";;;;"ALCANÇOU";;;;;
"BA";"290100";;;;"ALCANÇOU";;;;;
"BA";"290110";;;;"ALCANÇOU";;;;;
"BA";"290115";;;;"ALCANÇOU";;;;;
"BA";"290120";;;;"NÃO ALCANÇOU";;;;;
"BA";"290130";;;;"ALCANÇOU";;;;;
"BA";"290135";;;;"ALCANÇOU";;;;;
"BA";"290140";;;;"ALCANÇOU";;;;;
"BA";"290150";;;;"NÃO ALCANÇOU";;;;;
"BA";"290160";;;;"ALCANÇOU";;;;;
"BA";"290170";;;;"ALCANÇOU";;;;;
"BA";"290180";;;;"ALCANÇOU";;;;;
"BA";"290190";;;;"NÃO ALCANÇOU";;;;;
"BA";"290195";;;;"ALCANÇOU";;;;;
"BA";"290200";;;;"ALCANÇOU";;;;;
"BA";"290205";;;;"ALCANÇOU";;;;;
"BA";"290210";;;;"ALCANÇOU";;;;;
"BA";"290220";;;;"NÃO ALCANÇOU";;;;;
"BA";"290225";;;;"ALCANÇOU";;;;;
"BA";"290230";;;;"NÃO ALCANÇOU";;;;;
"BA";"290240";;;;"ALCANÇOU";;;;;
"BA";"290250";;;;"ALCANÇOU";;;;;
"BA";"290260";;;;"ALCANÇOU";;;;;
"BA";"290265";;;;"ALCANÇOU";;;;;
"BA";"290270";;;;"ALCANÇOU";;;;;
"BA";"290280";;;;"ALCANÇOU";;;;;
"BA";"290290";;;;"ALCANÇOU";;;;;
"BA";"290300";;;;"ALCANÇOU";;;;;
"BA";"290310";;;;"ALCANÇOU";;;;;
"BA";"290320";;;;"NÃO ALCANÇOU";;;;;
"BA";"290323";;;;"ALCANÇOU";;;;;
"BA";"290327";;;;"ALCANÇOU";;;;;
"BA";"290330";;;;"NÃO ALCANÇOU";;;;;
"BA";"290340";;;;"ALCANÇOU";;;;;
"BA";"290350";;;;"ALCANÇOU";;;;;
"BA";"290360";;;;"NÃO ALCANÇOU";;;;;
"BA";"290370";;;;"NÃO ALCANÇOU";;;;;
"BA";"290380";;;;"ALCANÇOU";;;;;
"BA";"290390";;;;"ALCANÇOU";;;;;
"BA";"290395";;;;"ALCANÇOU";;;;;
"BA";"290400";;;;"ALCANÇOU";;;;;
"BA";"290405";;;;"NÃO ALCANÇOU";;;;;
"BA";"290410";;;;"ALCANÇOU";;;;;
"BA";"290420";;;;"ALCANÇOU";;;;;
"BA";"290430";;;;"ALCANÇOU";;;;;
"BA";"290440";;;;"NÃO ALCANÇOU";;;;;
"BA";"290450";;;;"ALCANÇOU";;;;;
"BA";"290460";;;;"ALCANÇOU";;;;;
"BA";"290470";;;;"NÃO ALCANÇOU";;;;;
"BA";"290475";;;;"ALCANÇOU";;;;;
"BA";"290480";;;;"ALCANÇOU";;;;;
"BA";"290485";;;;"ALCANÇOU";;;;;
"BA";"290490";;;;"ALCANÇOU";;;;;
"BA";"290500";;;;"NÃO ALCANÇOU";;;;;
"BA";"290510";;;;"ALCANÇOU";;;;;
"BA";"290515";;;;"ALCANÇOU";;;;;
"BA";"290520";;;;"ALCANÇOU";;;;;
"BA";"290530";;;;"ALCANÇOU";;;;;
"BA";"290540";;;;"NÃO ALCANÇOU";;;;;
"BA";"290550";;;;"ALCANÇOU";;;;;
"BA";"290560";;;;"NÃO ALCANÇOU";;;;;
"BA";"290570";;;;"ALCANÇOU";;;;;
"BA";"290580";;;;"ALCANÇOU";;;;;
"BA";"290590";;;;"ALCANÇOU";;;;;
"BA";"290600";;;;"ALCANÇOU";;;;;
"BA";"290610";;;;"NÃO ALCANÇOU";;;;;
"BA";"290620";;;;"ALCANÇOU";;;;;
"BA";"290630";;;;"ALCANÇOU";;;;;
"BA";"290640";;;;"ALCANÇOU";;;;;
"BA";"290650";;;;"ALCANÇOU";;;;;
"BA";"290660";;;;"ALCANÇOU";;;;;
"BA";"290670";;;;"ALCANÇOU";;;;;
"BA";"290680";;;;"ALCANÇOU";;;;;
"BA";"290682";;;;"ALCANÇOU";;;;;
"BA";"290685";;;;"ALCANÇOU";;;;;
"BA";"290687";;;;"ALCANÇOU";;;;;
"BA";"290689";;;;"ALCANÇOU";;;;;
"BA";"290690";;;;"ALCANÇOU";;;;;
"BA";"290700";;;;"ALCANÇOU";;;;;
"BA";"290710";;;;"NÃO ALCANÇOU";;;;;
"BA";"290720";;;;"ALCANÇOU";;;;;
"BA";"290730";;;;"ALCANÇOU";;;;;
"BA";"290740";;;;"ALCANÇOU";;;;;
"BA";"290750";;;;"ALCANÇOU";;;;;
"BA";"290755";;;;"ALCANÇOU";;;;;
"BA";"290760";;;;"ALCANÇOU";;;;;
"BA";"290770";;;;"ALCANÇOU";;;;;
"BA";"290780";;;;"ALCANÇOU";;;;;
"BA";"290790";;;;"NÃO ALCANÇOU";;;;;
"BA";"290800";;;;"ALCANÇOU";;;;;
"BA";"290810";;;;"ALCANÇOU";;;;;
"BA";"290820";;;;"ALCANÇOU";;;;;
"BA";"290830";;;;"ALCANÇOU";;;;;
"BA";"290840";;;;"ALCANÇOU";;;;;
"BA";"290850";;;;"ALCANÇOU";;;;;
"BA";"290860";;;;"ALCANÇOU";;;;;
"BA";"290870";;;;"ALCANÇOU";;;;;
"BA";"290880";;;;"ALCANÇOU";;;;;
"BA";"290890";;;;"NÃO ALCANÇOU";;;;;
"BA";"290900";;;;"ALCANÇOU";;;;;
"BA";"290910";;;;"ALCANÇOU";;;;;
"BA";"290920";;;;"ALCANÇOU";;;;;
"BA";"290930";;;;"NÃO ALCANÇOU";;;;;
"BA";"290940";;;;"NÃO ALCANÇOU";;;;;
"BA";"290950";;;;"ALCANÇOU";;;;;
"BA";"290960";;;;"ALCANÇOU";;;;;
"BA";"290970";;;;"ALCANÇOU";;;;;
"BA";"290980";;;;"ALCANÇOU";;;;;
"BA";"290990";;;;"ALCANÇOU";;;;;
"BA";"291000";;;;"ALCANÇOU";;;;;
"BA";"291005";;;;"ALCANÇOU";;;;;
"BA";"291010";;;;"ALCANÇOU";;;;;
"BA";"291020";;;;"ALCANÇOU";;;;;
"BA";"291030";;;;"ALCANÇOU";;;;;
"BA";"291040";;;;"ALCANÇOU";;;;;
"BA";"291050";;;;"ALCANÇOU";;;;;
"BA";"291060";;;;"ALCANÇOU";;;;;
"BA";"291070";;;;"ALCANÇOU";;;;;
"BA";"291072";;;;"ALCANÇOU";;;;;
"BA";"291075";;;;"ALCANÇOU";;;;;
"BA";"291077";;;;"ALCANÇOU";;;;;
"BA";"291080";;;;"ALCANÇOU";;;;;
"BA";"291085";;;;"ALCANÇOU";;;;;
"BA";"291090";;;;"ALCANÇOU";;;;;
"BA";"291100";;;;"ALCANÇOU";;;;;
"BA";"291110";;;;"NÃO ALCANÇOU";;;;;
"BA";"291120";;;;"ALCANÇOU";;;;;
"BA";"291125";;;;"ALCANÇOU";;;;;
"BA";"291130";;;;"ALCANÇOU";;;;;
"BA";"291140";;;;"NÃO ALCANÇOU";;;;;
"BA";"291150";;;;"ALCANÇOU";;;;;
"BA";"291160";;;;"ALCANÇOU";;;;;
"BA";"291165";;;;"ALCANÇOU";;;;;
"BA";"291170";;;;"ALCANÇOU";;;;;
"BA";"291180";;;;"NÃO ALCANÇOU";;;;;
"BA";"291185";;;;"ALCANÇOU";;;;;
"BA";"291190";;;;"ALCANÇOU";;;;;
"BA";"291200";;;;"ALCANÇOU";;;;;
"BA";"291210";;;;"ALCANÇOU";;;;;
"BA";"291220";;;;"ALCANÇOU";;;;;
"BA";"291230";;;;"ALCANÇOU";;;;;
"BA";"291240";;;;"NÃO ALCANÇOU";;;;;
"BA";"291250";;;;"ALCANÇOU";;;;;
"BA";"291260";;;;"ALCANÇOU";;;;;
"BA";"291270";;;;"ALCANÇOU";;;;;
"BA";"291280";;;;"ALCANÇOU";;;;;
"BA";"291290";;;;"ALCANÇOU";;;;;
"BA";"291300";;;;"ALCANÇOU";;;;;
"BA";"291310";;;;"ALCANÇOU";;;;;
"BA";"291320";;;;"ALCANÇOU";;;;;
"BA";"291330";;;;"ALCANÇOU";;;;;
"BA";"291340";;;;"NÃO ALCANÇOU";;;;;
"BA";"291345";;;;"ALCANÇOU";;;;;
"BA";"291350";;;;"ALCANÇOU";;;;;
"BA";"291360";;;;"ALCANÇOU";;;;;
"BA";"291370";;;;"NÃO ALCANÇOU";;;;;
"BA";"291380";;;;"ALCANÇOU";;;;;
"BA";"291390";;;;"ALCANÇOU";;;;;
"BA";"291400";;;;"ALCANÇOU";;;;;
"BA";"291410";;;;"NÃO ALCANÇOU";;;;;
"BA";"291420";;;;"ALCANÇOU";;;;;
"BA";"291430";;;;"ALCANÇOU";;;;;
"BA";"291440";;;;"ALCANÇOU";;;;;
"BA";"291450";;;;"ALCANÇOU";;;;;
"BA";"291460";;;;"ALCANÇOU";;;;;
"BA";"291465";;;;"ALCANÇOU";;;;;
"BA";"291470";;;;"ALCANÇOU";;;;;
"BA";"291480";;;;"ALCANÇOU";;;;;
"BA";"291490";;;;"NÃO ALCANÇOU";;;;;
"BA";"291500";;;;"ALCANÇOU";;;;;
"BA";"291510";;;;"ALCANÇOU";;;;;
"BA";"291520";;;;"ALCANÇOU";;;;;
"BA";"291530";;;;"NÃO ALCANÇOU";;;;;
"BA";"291535";;;;"ALCANÇOU";;;;;
"BA";"291540";;;;"ALCANÇOU";;;;;
"BA";"291550";;;;"ALCANÇOU";;;;;
"BA";"291560";;;;"NÃO ALCANÇOU";;;;;
"BA";"291570";;;;"NÃO ALCANÇOU";;;;;
"BA";"291580";;;;"ALCANÇOU";;;;;
"BA";"291590";;;;"ALCANÇOU";;;;;
"BA";"291600";;;;"ALCANÇOU";;;;;
"BA";"291610";;;;"ALCANÇOU";;;;;
"BA";"291620";;;;"ALCANÇOU";;;;;
"BA";"291630";;;;"ALCANÇOU";;;;;
"BA";"291640";;;;"ALCANÇOU";;;;;
"BA";"291650";;;;"ALCANÇOU";;;;;
"BA";"291660";;;;"NÃO ALCANÇOU";;;;;
"BA";"291670";;;;"ALCANÇOU";;;;;
"BA";"291680";;;;"ALCANÇOU";;;;;
"BA";"291685";;;;"ALCANÇOU";;;;;
"BA";"291690";;;;"ALCANÇOU";;;;;
"BA";"291700";;;;"ALCANÇOU";;;;;
"BA";"291710";;;;"ALCANÇOU";;;;;
"BA";"291720";;;;"ALCANÇOU";;;;;
"BA";"291730";;;;"ALCANÇOU";;;;;
"BA";"291733";;;;"ALCANÇOU";;;;;
"BA";"291735";;;;"ALCANÇOU";;;;;
"BA";"291740";;;;"ALCANÇOU";;;;;
"BA";"291750";;;;"ALCANÇOU";;;;;
"BA";"291760";;;;"ALCANÇOU";;;;;
"BA";"291770";;;;"ALCANÇOU";;;;;
"BA";"291780";;;;"ALCANÇOU";;;;;
"BA";"291790";;;;"ALCANÇOU";;;;;
"BA";"291800";;;;"ALCANÇOU";;;;;
"BA";"291810";;;;"NÃO ALCANÇOU";;;;;
"BA";"291820";;;;"ALCANÇOU";;;;;
"BA";"291830";;;;"ALCANÇOU";;;;;
"BA";"291835";;;;"NÃO ALCANÇOU";;;;;
"BA";"291840";;;;"ALCANÇOU";;;;;
"BA";"291845";;;;"ALCANÇOU";;;;;
"BA";"291850";;;;"ALCANÇOU";;;;;
"BA";"291855";;;;"ALCANÇOU";;;;;
"BA";"291860";;;;"ALCANÇOU";;;;;
"BA";"291870";;;;"ALCANÇOU";;;;;
"BA";"291875";;;;"ALCANÇOU";;;;;
"BA";"291880";;;;"ALCANÇOU";;;;;
"BA";"291890";;;;"ALCANÇOU";;;;;
"BA";"291900";;;;"NÃO ALCANÇOU";;;;;
"BA";"291905";;;;"NÃO ALCANÇOU";;;;;
"BA";"291910";;;;"ALCANÇOU";;;;;
"BA";"291915";;;;"ALCANÇOU";;;;;
"BA";"291920";;;;"ALCANÇOU";;;;;
"BA";"291930";;;;"ALCANÇOU";;;;;
"BA";"291940";;;;"ALCANÇOU";;;;;
"BA";"291950";;;;"ALCANÇOU";;;;;
"BA";"291955";;;;"NÃO ALCANÇOU";;;;;
"BA";"291960";;;;"ALCANÇOU";;;;;
"BA";"291970";;;;"ALCANÇOU";;;;;
"BA";"291980";;;;"ALCANÇOU";;;;;
"BA";"291990";;;;"NÃO ALCANÇOU";;;;;
"BA";"291992";;;;"ALCANÇOU";;;;;
"BA";"291995";;;;"ALCANÇOU";;;;;
"BA";"292000";;;;"ALCANÇOU";;;;;
"BA";"292010";;;;"NÃO ALCANÇOU";;;;;
"BA";"292020";;;;"ALCANÇOU";;;;;
"BA";"292030";;;;"NÃO ALCANÇOU";;;;;
"BA";"292040";;;;"ALCANÇOU";;;;;
"BA";"292045";;;;"ALCANÇOU";;;;;
"BA";"292050";;;;"ALCANÇOU";;;;;
"BA";"292060";;;;"ALCANÇOU";;;;;
"BA";"292070";;;;"ALCANÇOU";;;;;
"BA";"292080";;;;"ALCANÇOU";;;;;
"BA";"292090";;;;"ALCANÇOU";;;;;
"BA";"292100";;;;"ALCANÇOU";;;;;
"BA";"292105";;;;"ALCANÇOU";;;;;
"BA";"292110";;;;"ALCANÇOU";;;;;
"BA";"292120";;;;"ALCANÇOU";;;;;
"BA";"292130";;;;"ALCANÇOU";;;;;
"BA";"292140";;;;"ALCANÇOU";;;;;
"BA";"292145";;;;"ALCANÇOU";;;;;
"BA";"292150";;;;"ALCANÇOU";;;;;
"BA";"292160";;;;"ALCANÇOU";;;;;
"BA";"292170";;;;"ALCANÇOU";;;;;
"BA";"292180";;;;"ALCANÇOU";;;;;
"BA";"292190";;;;"ALCANÇOU";;;;;
"BA";"292200";;;;"ALCANÇOU";;;;;
"BA";"292205";;;;"ALCANÇOU";;;;;
"BA";"292210";;;;"ALCANÇOU";;;;;
"BA";"292220";;;;"ALCANÇOU";;;;;
"BA";"292225";;;;"NÃO ALCANÇOU";;;;;
"BA";"292230";;;;"ALCANÇOU";;;;;
"BA";"292240";;;;"ALCANÇOU";;;;;
"BA";"292250";;;;"ALCANÇOU";;;;;
"BA";"292260";;;;"NÃO ALCANÇOU";;;;;
"BA";"292265";;;;"ALCANÇOU";;;;;
"BA";"292270";;;;"ALCANÇOU";;;;;
"BA";"292273";;;;"NÃO ALCANÇOU";;;;;
"BA";"292275";;;;"ALCANÇOU";;;;;
"BA";"292280";;;;"ALCANÇOU";;;;;
"BA";"292285";;;;"NÃO ALCANÇOU";;;;;
"BA";"292290";;;;"ALCANÇOU";;;;;
"BA";"292300";;;;"ALCANÇOU";;;;;
"BA";"292303";;;;"ALCANÇOU";;;;;
"BA";"292305";;;;"ALCANÇOU";;;;;
"BA";"292310";;;;"ALCANÇOU";;;;;
"BA";"292320";;;;"NÃO ALCANÇOU";;;;;
"BA";"292330";;;;"ALCANÇOU";;;;;
"BA";"292335";;;;"ALCANÇOU";;;;;
"BA";"292340";;;;"ALCANÇOU";;;;;
"BA";"292350";;;;"NÃO ALCANÇOU";;;;;
"BA";"292360";;;;"NÃO ALCANÇOU";;;;;
"BA";"292370";;;;"ALCANÇOU";;;;;
"BA";"292380";;;;"NÃO ALCANÇOU";;;;;
"BA";"292390";;;;"ALCANÇOU";;;;;
"BA";"292400";;;;"NÃO ALCANÇOU";;;;;
"BA";"292405";;;;"NÃO ALCANÇOU";;;;;
"BA";"292410";;;;"ALCANÇOU";;;;;
"BA";"292420";;;;"ALCANÇOU";;;;;
"BA";"292430";;;;"ALCANÇOU";;;;;
"BA";"292440";;;;"ALCANÇOU";;;;;
"BA";"292450";;;;"NÃO ALCANÇOU";;;;;
"BA";"292460";;;;"ALCANÇOU";;;;;
"BA";"292465";;;;"ALCANÇOU";;;;;
"BA";"292467";;;;"ALCANÇOU";;;;;
"BA";"292470";;;;"ALCANÇOU";;;;;
"BA";"292480";;;;"ALCANÇOU";;;;;
"BA";"292490";;;;"NÃO ALCANÇOU";;;;;
"BA";"292500";;;;"ALCANÇOU";;;;;
"BA";"292510";;;;"ALCANÇOU";;;;;
"BA";"292520";;;;"ALCANÇOU";;;;;
"BA";"292525";;;;"ALCANÇOU";;;;;
"BA";"292530";;;;"ALCANÇOU";;;;;
"BA";"292540";;;;"NÃO ALCANÇOU";;;;;
"BA";"292550";;;;"ALCANÇOU";;;;;
"BA";"292560";;;;"ALCANÇOU";;;;;
"BA";"292570";;;;"ALCANÇOU";;;;;
"BA";"292575";;;;"ALCANÇOU";;;;;
"BA";"292580";;;;"ALCANÇOU";;;;;
"BA";"292590";;;;"ALCANÇOU";;;;;
"BA";"292593";;;;"ALCANÇOU";;;;;
"BA";"292595";;;;"ALCANÇOU";;;;;
"BA";"292600";;;;"ALCANÇOU";;;;;
"BA";"292610";;;;"ALCANÇOU";;;;;
"BA";"292620";;;;"NÃO ALCANÇOU";;;;;
"BA";"292630";;;;"ALCANÇOU";;;;;
"BA";"292640";;;;"ALCANÇOU";;;;;
"BA";"292650";;;;"ALCANÇOU";;;;;
"BA";"292660";;;;"ALCANÇOU";;;;;
"BA";"292665";;;;"NÃO ALCANÇOU";;;;;
"BA";"292670";;;;"ALCANÇOU";;;;;
"BA";"292680";;;;"ALCANÇOU";;;;;
"BA";"292690";;;;"ALCANÇOU";;;;;
"BA";"292700";;;;"ALCANÇOU";;;;;
"BA";"292710";;;;"NÃO ALCANÇOU";;;;;
"BA";"292720";;;;"ALCANÇOU";;;;;
"BA";"292730";;;;"ALCANÇOU";;;;;
"BA";"292740";;;;"ALCANÇOU";;;;;
"BA";"292750";;;;"ALCANÇOU";;;;;
"BA";"292760";;;;"ALCANÇOU";;;;;
"BA";"292770";;;;"ALCANÇOU";;;;;
"BA";"292780";;;;"ALCANÇOU";;;;;
"BA";"292790";;;;"ALCANÇOU";;;;;
"BA";"292800";;;;"ALCANÇOU";;;;;
"BA";"292805";;;;"ALCANÇOU";;;;;
"BA";"292810";;;;"ALCANÇOU";;;;;
"BA";"292820";;;;"NÃO ALCANÇOU";;;;;
"BA";"292830";;;;"ALCANÇOU";;;;;
"BA";"292840";;;;"NÃO ALCANÇOU";;;;;
"BA";"292850";;;;"NÃO ALCANÇOU";;;;;
"BA";"292860";;;;"ALCANÇOU";;;;;
"BA";"292870";;;;"ALCANÇOU";;;;;
"BA";"292880";;;;"ALCANÇOU";;;;;
"BA";"292890";;;;"ALCANÇOU";;;;;
"BA";"292895";;;;"ALCANÇOU";;;;;
"BA";"292900";;;;"ALCANÇOU";;;;;
"BA";"292905";;;;"ALCANÇOU";;;;;
"BA";"292910";;;;"ALCANÇOU";;;;;
"BA";"292920";;;;"ALCANÇOU";;;;;
"BA";"292925";;;;"ALCANÇOU";;;;;
"BA";"292930";;;;"ALCANÇOU";;;;;
"BA";"292935";;;;"NÃO ALCANÇOU";;;;;
"BA";"292937";;;;"ALCANÇOU";;;;;
"BA";"292940";;;;"ALCANÇOU";;;;;
"BA";"292950";;;;"ALCANÇOU";;;;;
"BA";"292960";;;;"ALCANÇOU";;;;;
"BA";"292970";;;;"NÃO ALCANÇOU";;;;;
"BA";"292975";;;;"ALCANÇOU";;;;;
"BA";"292980";;;;"ALCANÇOU";;;;;
"BA";"292990";;;;"ALCANÇOU";;;;;
"BA";"293000";;;;"ALCANÇOU";;;;;
"BA";"293010";;;;"ALCANÇOU";;;;;
"BA";"293015";;;;"NÃO ALCANÇOU";;;;;
"BA";"293020";;;;"ALCANÇOU";;;;;
"BA";"293030";;;;"ALCANÇOU";;;;;
"BA";"293040";;;;"ALCANÇOU";;;;;
"BA";"293050";;;;"ALCANÇOU";;;;;
"BA";"293060";;;;"ALCANÇOU";;;;;
"BA";"293070";;;;"ALCANÇOU";;;;;
"BA";"293075";;;;"NÃO ALCANÇOU";;;;;
"BA";"293076";;;;"ALCANÇOU";;;;;
"BA";"293077";;;;"ALCANÇOU";;;;;
"BA";"293080";;;;"ALCANÇOU";;;;;
"BA";"293090";;;;"ALCANÇOU";;;;;
"BA";"293100";;;;"ALCANÇOU";;;;;
"BA";"293105";;;;"ALCANÇOU";;;;;
"BA";"293110";;;;"ALCANÇOU";;;;;
"BA";"293120";;;;"NÃO ALCANÇOU";;;;;
"BA";"293130";;;;"NÃO ALCANÇOU";;;;;
"BA";"293135";;;;"ALCANÇOU";;;;;
"BA";"293140";;;;"ALCANÇOU";;;;;
"BA";"293150";;;;"ALCANÇOU";;;;;
"BA";"293160";;;;"ALCANÇOU";;;;;
"BA";"293170";;;;"ALCANÇOU";;;;;
"BA";"293180";;;;"ALCANÇOU";;;;;
"BA";"293190";;;;"ALCANÇOU";;;;;
"BA";"293200";;;;"ALCANÇOU";;;;;
"BA";"293210";;;;"ALCANÇOU";;;;;
"BA";"293220";;;;"ALCANÇOU";;;;;
"BA";"293230";;;;"ALCANÇOU";;;;;
"BA";"293240";;;;"NÃO ALCANÇOU";;;;;
"BA";"293245";;;;"NÃO ALCANÇOU";;;;;
"BA";"293250";;;;"ALCANÇOU";;;;;
"BA";"293260";;;;"ALCANÇOU";;;;;
"BA";"293270";;;;"ALCANÇOU";;;;;
"BA";"293280";;;;"NÃO ALCANÇOU";;;;;
"BA";"293290";;;;"ALCANÇOU";;;;;
"BA";"293300";;;;"NÃO ALCANÇOU";;;;;
"BA";"293305";;;;"ALCANÇOU";;;;;
"BA";"293310";;;;"ALCANÇOU";;;;;
"BA";"293315";;;;"ALCANÇOU";;;;;
"BA";"293317";;;;"NÃO ALCANÇOU";;;;;
"BA";"293320";;;;"ALCANÇOU";;;;;
"BA";"293325";;;;"ALCANÇOU";;;;;
"BA";"293330";;;;"ALCANÇOU";;;;;
"BA";"293340";;;;"ALCANÇOU";;;;;
"BA";"293345";;;;"NÃO ALCANÇOU";;;;;
"BA";"293350";;;;"ALCANÇOU";;;;;
"BA";"293360";;;;"ALCANÇOU";;;;;
"CE";"230010";"Abaiara";"ALCANÇOU";"ALCANÇOU";;"NÃO ALCANÇOU";"ALCANÇOU";"NÃO ALCANÇOU";"ALCANÇOU";"ALCANÇOU"
"CE";"230015";"Acarape";"ALCANÇOU";"ALCANÇOU";;"NÃO ALCANÇOU";"ALCANÇOU";"NÃO ALCANÇOU";"ALCANÇOU";"ALCANÇOU"
"CE";"230020";"Acaraú";"ALCANÇOU";"ALCANÇOU";;"NÃO ALCANÇOU";"ALCANÇOU";"NÃO ALCANÇOU";"NÃO ALCANÇOU";"ALCANÇOU"
"CE";"230030";"Acopiara";"ALCANÇOU";"ALCANÇOU";;"ALCANÇOU";"ALCANÇOU";"NÃO ALCANÇOU";"ALCANÇOU";"ALCANÇOU"
"CE";"230040";"Aiuaba";"ALCANÇOU";"ALCANÇOU";;"ALCANÇOU";"ALCANÇOU";"NÃO ALCANÇOU";"ALCANÇOU";"NÃO ALCANÇOU"
"CE";"230050";"Alcântaras";"ALCANÇOU";"ALCANÇOU";;"ALCANÇOU";"ALCANÇOU";"NÃO ALCANÇOU";"ALCANÇOU";"ALCANÇOU"
"CE";"230060";"Altaneira";"ALCANÇOU";"ALCANÇOU";;"NÃO ALCANÇOU";"ALCANÇOU";"NÃO ALCANÇOU";"ALCANÇOU";"ALCANÇOU"
"CE";"230070";"Alto Santo";"ALCANÇOU";"NÃO ALCANÇOU";;"ALCANÇOU";"ALCANÇOU";"ALCANÇOU";"ALCANÇOU";"ALCANÇOU"
"CE";"230075";"Amontada";"ALCANÇOU";"ALCANÇOU";;"ALCANÇOU";"NÃO ALCANÇOU";"NÃO ALCANÇOU";"ALCANÇOU";"ALCANÇOU"
"CE";"230080";"Antonina do Norte";"ALCANÇOU";"ALCANÇOU";;"ALCANÇOU";"ALCANÇOU";"NÃO ALCANÇOU";"ALCANÇOU";"ALCANÇOU"
"CE";"230090";"Apuiarés";"ALCANÇOU";"ALCANÇOU";;"NÃO ALCANÇOU";"NÃO ALCANÇOU";"NÃO ALCANÇOU";"NÃO ALCANÇOU";"NÃO ALCANÇOU"
"CE";"230100";"Aquiraz";"ALCANÇOU";"ALCANÇOU";;"NÃO ALCANÇOU";"ALCANÇOU";"ALCANÇOU";"ALCANÇOU";"ALCANÇOU"
"CE";"230110";"Aracati";"ALCANÇOU";"ALCANÇOU";;"NÃO ALCANÇOU";"ALCANÇOU";"NÃO ALCANÇOU";"NÃO ALCANÇOU";"ALCANÇOU"
"CE";"230120";"Aracoiaba";"ALCANÇOU";"ALCANÇOU";;"ALCANÇOU";"NÃO ALCANÇOU";"NÃO ALCANÇOU";"ALCANÇOU";"ALCANÇOU"
"CE";"230125";"Ararendá";"ALCANÇOU";"NÃO ALCANÇOU";;"ALCANÇOU";"NÃO ALCANÇOU";"NÃO ALCANÇOU";"ALCANÇOU";"ALCANÇOU"
"CE";"230130";"Araripe";"ALCANÇOU";"ALCANÇOU";;"ALCANÇOU";"ALCANÇOU";"ALCANÇOU";"ALCANÇOU";"ALCANÇOU"
"CE";"230140";"Aratuba";"ALCANÇOU";"ALCANÇOU";;"NÃO ALCANÇOU";"NÃO ALCANÇOU";"NÃO ALCANÇOU";"ALCANÇOU";"ALCANÇOU"
"CE";"230150";"Arneiroz";"ALCANÇOU";"ALCANÇOU";;"NÃO ALCANÇOU";"ALCANÇOU";"ALCANÇOU";"ALCANÇOU";"ALCANÇOU"
"CE";"230160";"Assaré";"ALCANÇOU";"ALCANÇOU";;"ALCANÇOU";"ALCANÇOU";"NÃO ALCANÇOU";"NÃO ALCANÇOU";"NÃO ALCANÇOU"
"CE";"230170";"Aurora";"ALCANÇOU";"ALCANÇOU";;"NÃO ALCANÇOU";"ALCANÇOU";"NÃO ALCANÇOU";"NÃO ALCANÇOU";"ALCANÇOU"
"CE";"230180";"Baixio";"ALCANÇOU";"NÃO ALCANÇOU";;"NÃO ALCANÇOU";"ALCANÇOU";"NÃO ALCANÇOU";"ALCANÇOU";"NÃO ALCANÇOU"
"CE";"230185";"Banabuiú";"ALCANÇOU";"NÃO ALCANÇOU";;"ALCANÇOU";"ALCANÇOU";"NÃO ALCANÇOU";"NÃO ALCANÇOU";"ALCANÇOU"
"CE";"230190";"Barbalha";"ALCANÇOU";"ALCANÇOU";;"NÃO ALCANÇOU";"ALCANÇOU";"NÃO ALCANÇOU";"NÃO ALCANÇOU";"ALCANÇOU"
"CE";"230195";"Barreira";"NÃO ALCANÇOU";"ALCANÇOU";;"NÃO ALCANÇOU";"ALCANÇOU";"NÃO ALCANÇOU";"NÃO ALCANÇOU";"ALCANÇOU"
"CE";"230200";"Barro";"ALCANÇOU";"ALCANÇOU";;"NÃO ALCANÇOU";"ALCANÇOU";"NÃO ALCANÇOU";"NÃO ALCANÇOU";"ALCANÇOU"
"CE";"230205";"Barroquinha";"ALCANÇOU";"ALCANÇOU";;"ALCANÇOU";"ALCANÇOU";"NÃO ALCANÇOU";"ALCANÇOU";"ALCANÇOU"
"CE";"230210";"Baturité";"ALCANÇOU";"ALCANÇOU";;"ALCANÇOU";"ALCANÇOU";"NÃO ALCANÇOU";"ALCANÇOU";"ALCANÇOU"
"CE";"230220";"Beberibe";"ALCANÇOU";"ALCANÇOU";;"NÃO ALCANÇOU";"ALCANÇOU";"ALCANÇOU";"ALCANÇOU";"ALCANÇOU"
"CE";"230230";"Bela Cruz";"ALCANÇOU";"ALCANÇOU";;"ALCANÇOU";"ALCANÇOU";"NÃO ALCANÇOU";"ALCANÇOU";"ALCANÇOU"
"CE";"230240";"Boa Viagem";"ALCANÇOU";"ALCANÇOU";;"NÃO ALCANÇOU";"ALCANÇOU";"NÃO ALCANÇOU";"ALCANÇOU";"ALCANÇOU"
"CE";"230250";"Brejo Santo";"ALCANÇOU";"ALCANÇOU";;"ALCANÇOU";"ALCANÇOU";"ALCANÇOU";"ALCANÇOU";"ALCANÇOU"
"CE";"230260";"Camocim";"ALCANÇOU";"ALCANÇOU";;"NÃO ALCANÇOU";"ALCANÇOU";"NÃO ALCANÇOU";"NÃO ALCANÇOU";"ALCANÇOU"
"CE";"230270";"Campos Sales";"ALCANÇOU";"NÃO ALCANÇOU";;"NÃO ALCANÇOU";"ALCANÇOU";"NÃO ALCANÇOU";"NÃO ALCANÇOU";"ALCANÇOU"
"CE";"230280";"Canindé";"ALCANÇOU";"ALCANÇOU";;"NÃO ALCANÇOU";"ALCANÇOU";"NÃO ALCANÇOU";"ALCANÇOU";"ALCANÇOU"
"CE";"230290";"Capistrano";"ALCANÇOU";"ALCANÇOU";;"ALCANÇOU";"ALCANÇOU";"NÃO ALCANÇOU";"NÃO ALCANÇOU";"ALCANÇOU"
"CE";"230300";"Caridade";"ALCANÇOU";"ALCANÇOU";;"ALCANÇOU";"ALCANÇOU";"NÃO ALCANÇOU";"ALCANÇOU";"ALCANÇOU"
"CE";"230320";"Caririaçu";"ALCANÇOU";"ALCANÇOU";;"NÃO ALCANÇOU";"ALCANÇOU";"NÃO ALCANÇOU";"ALCANÇOU";"ALCANÇOU"
"CE";"230310";"Cariré";"ALCANÇOU";"ALCANÇOU";;"ALCANÇOU";"ALCANÇOU";"NÃO ALCANÇOU";"ALCANÇOU";"ALCANÇOU"
"CE";"230330";"Cariús";"ALCANÇOU";"NÃO ALCANÇOU";;"ALCANÇOU";"ALCANÇOU";"NÃO ALCANÇOU";"ALCANÇOU";"ALCANÇOU"
"CE";"230340";"Carnaubal";"ALCANÇOU";"ALCANÇOU";;"ALCANÇOU";"ALCANÇOU";"NÃO ALCANÇOU";"ALCANÇOU";"ALCANÇOU"
"CE";"230350";"Cascavel";"ALCANÇOU";"ALCANÇOU";;"ALCANÇOU";"ALCANÇOU";"ALCANÇOU";"NÃO ALCANÇOU";"ALCANÇOU"
"CE";"230360";"Catarina";"ALCANÇOU";"ALCANÇOU";;"NÃO ALCANÇOU";"ALCANÇOU";"NÃO ALCANÇOU";"ALCANÇOU";"ALCANÇOU"
"CE";"230365";"Catunda";"ALCANÇOU";"ALCANÇOU";;"NÃO ALCANÇOU";"ALCANÇOU";"NÃO ALCANÇOU";"ALCANÇOU";"ALCANÇOU"
"CE";"230370";"Caucaia";"ALCANÇOU";"ALCANÇOU";;"NÃO ALCANÇOU";"ALCANÇOU";"ALCANÇOU";"ALCANÇOU";"ALCANÇOU"
"CE";"230380";"Cedro";"NÃO ALCANÇOU";"NÃO ALCANÇOU";;"NÃO ALCANÇOU";"ALCANÇOU";"NÃO ALCANÇOU";"NÃO ALCANÇOU";"ALCANÇOU"
"CE";"230390";"Chaval";"ALCANÇOU";"ALCANÇOU";;"ALCANÇOU";"ALCANÇOU";"NÃO ALCANÇOU";"NÃO ALCANÇOU";"ALCANÇOU"
"CE";"230395";"Chorozinho";"NÃO ALCANÇOU";"ALCANÇOU";;"ALCANÇOU";"ALCANÇOU";"NÃO ALCANÇOU";"ALCANÇOU";"ALCANÇOU"
"CE";"230393";"Choró";"ALCANÇOU";"ALCANÇOU";;"ALCANÇOU";"ALCANÇOU";"NÃO ALCANÇOU";"ALCANÇOU";"ALCANÇOU"
"CE";"230400";"Coreaú";"ALCANÇOU";"ALCANÇOU";;"ALCANÇOU";"ALCANÇOU";"NÃO ALCANÇOU";"ALCANÇOU";"ALCANÇOU"
"CE";"230410";"Crateús";"ALCANÇOU";"ALCANÇOU";;"NÃO ALCANÇOU";"ALCANÇOU";"NÃO ALCANÇOU";"ALCANÇOU";"ALCANÇOU"
"CE";"230420";"Crato";"ALCANÇOU";"ALCANÇOU";;"NÃO ALCANÇOU";"ALCANÇOU";"ALCANÇOU";"NÃO ALCANÇOU";"ALCANÇOU"
"CE";"230423";"Croatá";"NÃO ALCANÇOU";"ALCANÇOU";;"ALCANÇOU";"ALCANÇOU";"NÃO ALCANÇOU";"ALCANÇOU";"ALCANÇOU"
"CE";"230425";"Cruz";"ALCANÇOU";"ALCANÇOU";;"ALCANÇOU";"ALCANÇOU";"ALCANÇOU";"ALCANÇOU";"ALCANÇOU"
"CE";"230426";"Deputado Irapuan Pinheiro";"ALCANÇOU";"ALCANÇOU";;"NÃO ALCANÇOU";"ALCANÇOU";"NÃO ALCANÇOU";"ALCANÇOU";"ALCANÇOU"
"CE";"230427";"Ereré";;;;"ALCANÇOU";;;;
"CE";"230427";"Ererê";"ALCANÇOU";"NÃO ALCANÇOU";;;"ALCANÇOU";"NÃO ALCANÇOU";"ALCANÇOU";"ALCANÇOU"
"CE";"230428";"Eusébio";"ALCANÇOU";"ALCANÇOU";;"NÃO ALCANÇOU";"ALCANÇOU";"NÃO ALCANÇOU";"ALCANÇOU";"ALCANÇOU"
"CE";"230430";"Farias Brito";"ALCANÇOU";"ALCANÇOU";;"NÃO ALCANÇOU";"ALCANÇOU";"NÃO ALCANÇOU";"NÃO ALCANÇOU";"ALCANÇOU"
"CE";"230435";"Forquilha";"ALCANÇOU";"ALCANÇOU";;"ALCANÇOU";"ALCANÇOU";"NÃO ALCANÇOU";"NÃO ALCANÇOU";"ALCANÇOU"
"CE";"230440";"Fortaleza";"ALCANÇOU";"ALCANÇOU";;"NÃO ALCANÇOU";"ALCANÇOU";"ALCANÇOU";"NÃO ALCANÇOU";"NÃO ALCANÇOU"
"CE";"230445";"Fortim";"ALCANÇOU";"ALCANÇOU";;"ALCANÇOU";"ALCANÇOU";"NÃO ALCANÇOU";"ALCANÇOU";"ALCANÇOU"
"CE";"230450";"Frecheirinha";"ALCANÇOU";"ALCANÇOU";;"ALCANÇOU";"ALCANÇOU";"NÃO ALCANÇOU";"ALCANÇOU";"ALCANÇOU"
"CE";"230460";"General Sampaio";"NÃO ALCANÇOU";"ALCANÇOU";;"ALCANÇOU";"ALCANÇOU";"NÃO ALCANÇOU";"ALCANÇOU";"ALCANÇOU"
"CE";"230470";"Granja";"ALCANÇOU";"ALCANÇOU";;"ALCANÇOU";"ALCANÇOU";"ALCANÇOU";"NÃO ALCANÇOU";"ALCANÇOU"
"CE";"230480";"Granjeiro";"ALCANÇOU";"ALCANÇOU";;"ALCANÇOU";"ALCANÇOU";"NÃO ALCANÇOU";"ALCANÇOU";"ALCANÇOU"
"CE";"230465";"Graça";"ALCANÇOU";"ALCANÇOU";;"ALCANÇOU";"ALCANÇOU";"NÃO ALCANÇOU";"NÃO ALCANÇOU";"ALCANÇOU"
"CE";"230490";"Groaíras";"NÃO ALCANÇOU";"ALCANÇOU";;"NÃO ALCANÇOU";"ALCANÇOU";"NÃO ALCANÇOU";"ALCANÇOU";"ALCANÇOU"
"CE";"230495";"Guaiúba";"ALCANÇOU";"ALCANÇOU";;"ALCANÇOU";"ALCANÇOU";"NÃO ALCANÇOU";"ALCANÇOU";"ALCANÇOU"
"CE";"230500";"Guaraciaba do Norte";"ALCANÇOU";"ALCANÇOU";;"ALCANÇOU";"ALCANÇOU";"NÃO ALCANÇOU";"NÃO ALCANÇOU";"ALCANÇOU"
"CE";"230510";"Guaramiranga";"ALCANÇOU";"ALCANÇOU";;"NÃO ALCANÇOU";"NÃO ALCANÇOU";"NÃO ALCANÇOU";"ALCANÇOU";"ALCANÇOU"
"CE";"230520";"Hidrolândia";"ALCANÇOU";"ALCANÇOU";;"NÃO ALCANÇOU";"ALCANÇOU";"NÃO ALCANÇOU";"ALCANÇOU";"NÃO ALCANÇOU"
"CE";"230523";"Horizonte";"ALCANÇOU";"ALCANÇOU";;"ALCANÇOU";"ALCANÇOU";"NÃO ALCANÇOU";"NÃO ALCANÇOU";"ALCANÇOU"
"CE";"230526";"Ibaretama";"ALCANÇOU";"ALCANÇOU";;"ALCANÇOU";"ALCANÇOU";"NÃO ALCANÇOU";"ALCANÇOU";"ALCANÇOU"
"CE";"230530";"Ibiapina";"ALCANÇOU";"ALCANÇOU";;"ALCANÇOU";"NÃO ALCANÇOU";"NÃO ALCANÇOU";"ALCANÇOU";"ALCANÇOU"
"CE";"230533";"Ibicuitinga";"ALCANÇOU";"NÃO ALCANÇOU";;"ALCANÇOU";"ALCANÇOU";"NÃO ALCANÇOU";"ALCANÇOU";"ALCANÇOU"
"CE";"230535";"Icapuí";"ALCANÇOU";"ALCANÇOU";;"ALCANÇOU";"ALCANÇOU";"NÃO ALCANÇOU";"NÃO ALCANÇOU";"ALCANÇOU"
"CE";"230540";"Icó";"ALCANÇOU";"ALCANÇOU";;"ALCANÇOU";"ALCANÇOU";"ALCANÇOU";"ALCANÇOU";"ALCANÇOU"
"CE";"230550";"Iguatu";"ALCANÇOU";"ALCANÇOU";;"NÃO ALCANÇOU";"ALCANÇOU";"NÃO ALCANÇOU";"NÃO ALCANÇOU";"ALCANÇOU"
"CE";"230560";"Independência";"ALCANÇOU";"NÃO ALCANÇOU";;"ALCANÇOU";"ALCANÇOU";"NÃO ALCANÇOU";"ALCANÇOU";"ALCANÇOU"
"CE";"230565";"Ipaporanga";"ALCANÇOU";"ALCANÇOU";;"ALCANÇOU";"ALCANÇOU";"NÃO ALCANÇOU";"ALCANÇOU";"ALCANÇOU"
"CE";"230570";"Ipaumirim";"ALCANÇOU";"ALCANÇOU";;"NÃO ALCANÇOU";"ALCANÇOU";"NÃO ALCANÇOU";"ALCANÇOU";"ALCANÇOU"
"CE";"230580";"Ipu";"NÃO ALCANÇOU";"NÃO ALCANÇOU";;"NÃO ALCANÇOU";"ALCANÇOU";"ALCANÇOU";"ALCANÇOU";"ALCANÇOU"
"CE";"230590";"Ipueiras";"ALCANÇOU";"ALCANÇOU";;"NÃO ALCANÇOU";"ALCANÇOU";"NÃO ALCANÇOU";"ALCANÇOU";"ALCANÇOU"
"CE";"230600";"Iracema";"ALCANÇOU";"ALCANÇOU";;"ALCANÇOU";"ALCANÇOU";"ALCANÇOU";"ALCANÇOU";"ALCANÇOU"
"CE";"230610";"Irauçuba";"ALCANÇOU";"ALCANÇOU";;"ALCANÇOU";"ALCANÇOU";"NÃO ALCANÇOU";"ALCANÇOU";"ALCANÇOU"
"CE";"230625";"Itaitinga";"ALCANÇOU";"ALCANÇOU";;"ALCANÇOU";"ALCANÇOU";"ALCANÇOU";"ALCANÇOU";"ALCANÇOU"
"CE";"230620";"Itaiçaba";"NÃO ALCANÇOU";"ALCANÇOU";;"ALCANÇOU";"ALCANÇOU";"NÃO ALCANÇOU";"NÃO ALCANÇOU";"ALCANÇOU"
"CE";"230630";"Itapagé";"ALCANÇOU";"ALCANÇOU";;;"ALCANÇOU";"NÃO ALCANÇOU";"ALCANÇOU";
"CE";"230630";"Itapajé";;;;"ALCANÇOU";;;;"ALCANÇOU"
"CE";"230640";"Itapipoca";"ALCANÇOU";"ALCANÇOU";;"NÃO ALCANÇOU";"ALCANÇOU";"ALCANÇOU";"ALCANÇOU";"ALCANÇOU"
"CE";"230650";"Itapiúna";"NÃO ALCANÇOU";"ALCANÇOU";;"ALCANÇOU";"ALCANÇOU";"NÃO ALCANÇOU";"NÃO ALCANÇOU";"ALCANÇOU"
"CE";"230655";"Itarema";"ALCANÇOU";"ALCANÇOU";;"NÃO ALCANÇOU";"ALCANÇOU";"ALCANÇOU";"ALCANÇOU";"ALCANÇOU"
"CE";"230660";"Itatira";"ALCANÇOU";"ALCANÇOU";;"ALCANÇOU";"ALCANÇOU";"NÃO ALCANÇOU";"ALCANÇOU";"ALCANÇOU"
"CE";"230670";"Jaguaretama";"ALCANÇOU";"ALCANÇOU";;"NÃO ALCANÇOU";"ALCANÇOU";"NÃO ALCANÇOU";"ALCANÇOU";"ALCANÇOU"
"CE";"230680";"Jaguaribara";"ALCANÇOU";"ALCANÇOU";;"NÃO ALCANÇOU";"ALCANÇOU";"ALCANÇOU";"ALCANÇOU";"ALCANÇOU"
"CE";"230690";"Jaguaribe";"ALCANÇOU";"ALCANÇOU";;"ALCANÇOU";"ALCANÇOU";"NÃO ALCANÇOU";"NÃO ALCANÇOU";"ALCANÇOU"
"CE";"230700";"Jaguaruana";"ALCANÇOU";"ALCANÇOU";;"ALCANÇOU";"ALCANÇOU";"NÃO ALCANÇOU";"NÃO ALCANÇOU";"ALCANÇOU"
"CE";"230710";"Jardim";"ALCANÇOU";"ALCANÇOU";;"ALCANÇOU";"ALCANÇOU";"NÃO ALCANÇOU";"ALCANÇOU";"NÃO ALCANÇOU"
"CE";"230720";"Jati";"ALCANÇOU";"ALCANÇOU";;"ALCANÇOU";"ALCANÇOU";"NÃO ALCANÇOU";"ALCANÇOU";"ALCANÇOU"
"CE";"230725";"Jijoca de Jericoacoara";"NÃO ALCANÇOU";"ALCANÇOU";;"ALCANÇOU";"ALCANÇOU";"ALCANÇOU";"NÃO ALCANÇOU";"ALCANÇOU"
"CE";"230730";"Juazeiro do Norte";"ALCANÇOU";"ALCANÇOU";;"NÃO ALCANÇOU";"ALCANÇOU";"NÃO ALCANÇOU";"NÃO ALCANÇOU";"NÃO ALCANÇOU"
"CE";"230740";"Jucás";"ALCANÇOU";"ALCANÇOU";;"NÃO ALCANÇOU";"ALCANÇOU";"ALCANÇOU";"NÃO ALCANÇOU";"ALCANÇOU"
"CE";"230750";"Lavras da Mangabeira";"ALCANÇOU";"NÃO ALCANÇOU";;"NÃO ALCANÇOU";"ALCANÇOU";"NÃO ALCANÇOU";"NÃO ALCANÇOU";"ALCANÇOU"
"CE";"230760";"Limoeiro do Norte";"ALCANÇOU";"ALCANÇOU";;"ALCANÇOU";"ALCANÇOU";"ALCANÇOU";"NÃO ALCANÇOU";"ALCANÇOU"
"CE";"230763";"Madalena";"ALCANÇOU";"ALCANÇOU";;"ALCANÇOU";"ALCANÇOU";"NÃO ALCANÇOU";"ALCANÇOU";"ALCANÇOU"
"CE";"230765";"Maracanaú";"ALCANÇOU";"ALCANÇOU";;"NÃO ALCANÇOU";"ALCANÇOU";"NÃO ALCANÇOU";"NÃO ALCANÇOU";"ALCANÇOU"
"CE";"230770";"Maranguape";"ALCANÇOU";"ALCANÇOU";;"ALCANÇOU";"ALCANÇOU";"NÃO ALCANÇOU";"NÃO ALCANÇOU";"ALCANÇOU"
"CE";"230780";"Marco";"ALCANÇOU";"ALCANÇOU";;"NÃO ALCANÇOU";"ALCANÇOU";"ALCANÇOU";"NÃO ALCANÇOU";"ALCANÇOU"
"CE";"230790";"Martinópole";"ALCANÇOU";"ALCANÇOU";;"NÃO ALCANÇOU";"ALCANÇOU";"NÃO ALCANÇOU";"ALCANÇOU";"ALCANÇOU"
"CE";"230800";"Massapê";"ALCANÇOU";"ALCANÇOU";;"ALCANÇOU";"ALCANÇOU";"NÃO ALCANÇOU";"ALCANÇOU";"ALCANÇOU"
"CE";"230810";"Mauriti";"ALCANÇOU";"ALCANÇOU";;"NÃO ALCANÇOU";"ALCANÇOU";"NÃO ALCANÇOU";"NÃO ALCANÇOU";"ALCANÇOU"
"CE";"230820";"Meruoca";"ALCANÇOU";"ALCANÇOU";;"NÃO ALCANÇOU";"ALCANÇOU";"NÃO ALCANÇOU";"ALCANÇOU";"ALCANÇOU"
"CE";"230830";"Milagres";"ALCANÇOU";"ALCANÇOU";;"NÃO ALCANÇOU";"ALCANÇOU";"ALCANÇOU";"ALCANÇOU";"ALCANÇOU"
"CE";"230835";"Milhã";"ALCANÇOU";"ALCANÇOU";;"NÃO ALCANÇOU";"ALCANÇOU";"NÃO ALCANÇOU";"ALCANÇOU";"ALCANÇOU"
"CE";"230837";"Miraíma";"NÃO ALCANÇOU";"ALCANÇOU";;"ALCANÇOU";"ALCANÇOU";"NÃO ALCANÇOU";"NÃO ALCANÇOU";"ALCANÇOU"
"CE";"230840";"Missão Velha";"ALCANÇOU";"ALCANÇOU";;"NÃO ALCANÇOU";"ALCANÇOU";"NÃO ALCANÇOU";"NÃO ALCANÇOU";"ALCANÇOU"
"CE";"230850";"Mombaça";"ALCANÇOU";"ALCANÇOU";;"ALCANÇOU";"ALCANÇOU";"NÃO ALCANÇOU";"NÃO ALCANÇOU";"ALCANÇOU"
"CE";"230860";"Monsenhor Tabosa";"ALCANÇOU";"ALCANÇOU";;"ALCANÇOU";"ALCANÇOU";"NÃO ALCANÇOU";"NÃO ALCANÇOU";"ALCANÇOU"
"CE";"230870";"Morada Nova";"ALCANÇOU";"ALCANÇOU";;"NÃO ALCANÇOU";"ALCANÇOU";"NÃO ALCANÇOU";"ALCANÇOU";"ALCANÇOU"
"CE";"230880";"Moraújo";"ALCANÇOU";"NÃO ALCANÇOU";;"ALCANÇOU";"NÃO ALCANÇOU";"NÃO ALCANÇOU";"ALCANÇOU";"NÃO ALCANÇOU"
"CE";"230890";"Morrinhos";"ALCANÇOU";"ALCANÇOU";;"ALCANÇOU";"ALCANÇOU";"NÃO ALCANÇOU";"ALCANÇOU";"ALCANÇOU"
"CE";"230900";"Mucambo";"ALCANÇOU";"ALCANÇOU";;"ALCANÇOU";"ALCANÇOU";"NÃO ALCANÇOU";"NÃO ALCANÇOU";"ALCANÇOU"
"CE";"230910";"Mulungu";"NÃO ALCANÇOU";"ALCANÇOU";;"ALCANÇOU";"NÃO ALCANÇOU";"NÃO ALCANÇOU";"NÃO ALCANÇOU";"ALCANÇOU"
"CE";"230920";"Nova Olinda";"ALCANÇOU";"ALCANÇOU";;"ALCANÇOU";"ALCANÇOU";"NÃO ALCANÇOU";"NÃO ALCANÇOU";"ALCANÇOU"
"CE";"230930";"Nova Russas";"ALCANÇOU";"ALCANÇOU";;"ALCANÇOU";"ALCANÇOU";"ALCANÇOU";"ALCANÇOU";"ALCANÇOU"
"CE";"230940";"Novo Oriente";"ALCANÇOU";"ALCANÇOU";;"ALCANÇOU";"ALCANÇOU";"NÃO ALCANÇOU";"NÃO ALCANÇOU";"ALCANÇOU"
"CE";"230945";"Ocara";"NÃO ALCANÇOU";"ALCANÇOU";;"ALCANÇOU";"ALCANÇOU";"ALCANÇOU";"ALCANÇOU";"ALCANÇOU"
"CE";"230950";"Orós";"ALCANÇOU";"ALCANÇOU";;"ALCANÇOU";"ALCANÇOU";"NÃO ALCANÇOU";"ALCANÇOU";"ALCANÇOU"
"CE";"230960";"Pacajus";"ALCANÇOU";"ALCANÇOU";;"NÃO ALCANÇOU";"ALCANÇOU";"ALCANÇOU";"NÃO ALCANÇOU";"ALCANÇOU"
"CE";"230970";"Pacatuba";"NÃO ALCANÇOU";"ALCANÇOU";;"ALCANÇOU";"ALCANÇOU";"NÃO ALCANÇOU";"NÃO ALCANÇOU";"ALCANÇOU"
"CE";"230980";"Pacoti";"NÃO ALCANÇOU";"ALCANÇOU";;"NÃO ALCANÇOU";"ALCANÇOU";"NÃO ALCANÇOU";"NÃO ALCANÇOU";"ALCANÇOU"
"CE";"230990";"Pacujá";"ALCANÇOU";"ALCANÇOU";;"NÃO ALCANÇOU";"ALCANÇOU";"NÃO ALCANÇOU";"ALCANÇOU";"NÃO ALCANÇOU"
"CE";"231000";"Palhano";"ALCANÇOU";"ALCANÇOU";;"ALCANÇOU";"ALCANÇOU";"NÃO ALCANÇOU";"ALCANÇOU";"ALCANÇOU"
"CE";"231010";"Palmácia";"ALCANÇOU";"NÃO ALCANÇOU";;"NÃO ALCANÇOU";"ALCANÇOU";"NÃO ALCANÇOU";"ALCANÇOU";"ALCANÇOU"
"CE";"231020";"Paracuru";"ALCANÇOU";"ALCANÇOU";;"ALCANÇOU";"ALCANÇOU";"ALCANÇOU";"ALCANÇOU";"ALCANÇOU"
"CE";"231025";"Paraipaba";"ALCANÇOU";"ALCANÇOU";;"NÃO ALCANÇOU";"ALCANÇOU";"NÃO ALCANÇOU";"NÃO ALCANÇOU";"ALCANÇOU"
"CE";"231030";"Parambu";"ALCANÇOU";"ALCANÇOU";;"NÃO ALCANÇOU";"NÃO ALCANÇOU";"NÃO ALCANÇOU";"NÃO ALCANÇOU";"ALCANÇOU"
"CE";"231040";"Paramoti";"ALCANÇOU";"ALCANÇOU";;"ALCANÇOU";"ALCANÇOU";"NÃO ALCANÇOU";"ALCANÇOU";"ALCANÇOU"
"CE";"231050";"Pedra Branca";"ALCANÇOU";"ALCANÇOU";;"ALCANÇOU";"ALCANÇOU";"ALCANÇOU";"ALCANÇOU";"ALCANÇOU"
"CE";"231060";"Penaforte";"ALCANÇOU";"ALCANÇOU";;"NÃO ALCANÇOU";"ALCANÇOU";"NÃO ALCANÇOU";"NÃO ALCANÇOU";"ALCANÇOU"
"CE";"231070";"Pentecoste";"ALCANÇOU";"ALCANÇOU";;"ALCANÇOU";"ALCANÇOU";"ALCANÇOU";"NÃO ALCANÇOU";"NÃO ALCANÇOU"
"CE";"231080";"Pereiro";"ALCANÇOU";"ALCANÇOU";;"ALCANÇOU";"NÃO ALCANÇOU";"NÃO ALCANÇOU";"ALCANÇOU";"ALCANÇOU"
"CE";"231085";"Pindoretama";"ALCANÇOU";"ALCANÇOU";;"ALCANÇOU";"ALCANÇOU";"NÃO ALCANÇOU";"ALCANÇOU";"ALCANÇOU"
"CE";"231090";"Piquet Carneiro";"ALCANÇOU";"ALCANÇOU";;"ALCANÇOU";"ALCANÇOU";"ALCANÇOU";"ALCANÇOU";"ALCANÇOU"
"CE";"231095";"Pires Ferreira";"ALCANÇOU";"NÃO ALCANÇOU";;"NÃO ALCANÇOU";"ALCANÇOU";"NÃO ALCANÇOU";"ALCANÇOU";"ALCANÇOU"
"CE";"231100";"Poranga";"NÃO ALCANÇOU";"ALCANÇOU";;"ALCANÇOU";"ALCANÇOU";"NÃO ALCANÇOU";"NÃO ALCANÇOU";"ALCANÇOU"
"CE";"231110";"Porteiras";"ALCANÇOU";"ALCANÇOU";;"ALCANÇOU";"ALCANÇOU";"NÃO ALCANÇOU";"ALCANÇOU";"ALCANÇOU"
"CE";"231120";"Potengi";"ALCANÇOU";"ALCANÇOU";;"ALCANÇOU";"ALCANÇOU";"NÃO ALCANÇOU";"ALCANÇOU";"ALCANÇOU"
"CE";"231123";"Potiretama";"ALCANÇOU";"ALCANÇOU";;"ALCANÇOU";"ALCANÇOU";"NÃO ALCANÇOU";"ALCANÇOU";"ALCANÇOU"
"CE";"231126";"Quiterianópolis";"NÃO ALCANÇOU";"ALCANÇOU";;"ALCANÇOU";"ALCANÇOU";"NÃO ALCANÇOU";"NÃO ALCANÇOU";"ALCANÇOU"
"CE";"231130";"Quixadá";"ALCANÇOU";"ALCANÇOU";;"NÃO ALCANÇOU";"ALCANÇOU";"NÃO ALCANÇOU";"ALCANÇOU";"ALCANÇOU"
"CE";"231135";"Quixelô";"ALCANÇOU";"ALCANÇOU";;"ALCANÇOU";"ALCANÇOU";"NÃO ALCANÇOU";"NÃO ALCANÇOU";"ALCANÇOU"
"CE";"231140";"Quixeramobim";"ALCANÇOU";"ALCANÇOU";;"NÃO ALCANÇOU";"ALCANÇOU";"NÃO ALCANÇOU";"ALCANÇOU";"ALCANÇOU"
"CE";"231150";"Quixeré";"ALCANÇOU";"ALCANÇOU";;"ALCANÇOU";"ALCANÇOU";"NÃO ALCANÇOU";"NÃO ALCANÇOU";"NÃO ALCANÇOU"
"CE";"231160";"Redenção";"ALCANÇOU";"ALCANÇOU";;"NÃO ALCANÇOU";"ALCANÇOU";"NÃO ALCANÇOU";"ALCANÇOU";"ALCANÇOU"
"CE";"231170";"Reriutaba";"ALCANÇOU";"ALCANÇOU";;"NÃO ALCANÇOU";"ALCANÇOU";"ALCANÇOU";"ALCANÇOU";"ALCANÇOU"
"CE";"231180";"Russas";"ALCANÇOU";"ALCANÇOU";;"ALCANÇOU";"ALCANÇOU";"ALCANÇOU";"NÃO ALCANÇOU";"ALCANÇOU"
"CE";"231190";"Saboeiro";"ALCANÇOU";"ALCANÇOU";;"ALCANÇOU";"NÃO ALCANÇOU";"NÃO ALCANÇOU";"ALCANÇOU";"ALCANÇOU"
"CE";"231195";"Salitre";"ALCANÇOU";"ALCANÇOU";;"ALCANÇOU";"ALCANÇOU";"NÃO ALCANÇOU";"ALCANÇOU";"ALCANÇOU"
"CE";"231220";"Santa Quitéria";"ALCANÇOU";"ALCANÇOU";;"ALCANÇOU";"ALCANÇOU";"NÃO ALCANÇOU";"ALCANÇOU";"ALCANÇOU"
"CE";"231200";"Santana do Acaraú";"ALCANÇOU";"ALCANÇOU";;"ALCANÇOU";"ALCANÇOU";"NÃO ALCANÇOU";"ALCANÇOU";"ALCANÇOU"
"CE";"231210";"Santana do Cariri";"ALCANÇOU";"ALCANÇOU";;"ALCANÇOU";"ALCANÇOU";"NÃO ALCANÇOU";"ALCANÇOU";"ALCANÇOU"
"CE";"231270";"Senador Pompeu";"ALCANÇOU";"ALCANÇOU";;"ALCANÇOU";"ALCANÇOU";"NÃO ALCANÇOU";"NÃO ALCANÇOU";"ALCANÇOU"
"CE";"231280";"Senador Sá";"NÃO ALCANÇOU";"ALCANÇOU";;"ALCANÇOU";"NÃO ALCANÇOU";"NÃO ALCANÇOU";"ALCANÇOU";"ALCANÇOU"
"CE";"231290";"Sobral";"ALCANÇOU";"ALCANÇOU";;"NÃO ALCANÇOU";"ALCANÇOU";"NÃO ALCANÇOU";"NÃO ALCANÇOU";"ALCANÇOU"
"CE";"231300";"Solonópole";"ALCANÇOU";"ALCANÇOU";;"ALCANÇOU";"ALCANÇOU";"NÃO ALCANÇOU";"ALCANÇOU";"ALCANÇOU"
"CE";"231230";"São Benedito";"ALCANÇOU";"ALCANÇOU";;"NÃO ALCANÇOU";"ALCANÇOU";"ALCANÇOU";"ALCANÇOU";"ALCANÇOU"
"CE";"231240";"São Gonçalo do Amarante";"ALCANÇOU";"NÃO ALCANÇOU";;"ALCANÇOU";"ALCANÇOU";"ALCANÇOU";"NÃO ALCANÇOU";"ALCANÇOU"
"CE";"231250";"São João do Jaguaribe";"ALCANÇOU";"ALCANÇOU";;"ALCANÇOU";"ALCANÇOU";"NÃO ALCANÇOU";"ALCANÇOU";"ALCANÇOU"
"CE";"231260";"São Luís do Curu";"ALCANÇOU";"ALCANÇOU";;"ALCANÇOU";"ALCANÇOU";"NÃO ALCANÇOU";"ALCANÇOU";"ALCANÇOU"
"CE";"231310";"Tabuleiro do Norte";"ALCANÇOU";"ALCANÇOU";;"ALCANÇOU";"ALCANÇOU";"ALCANÇOU";"NÃO ALCANÇOU";"NÃO ALCANÇOU"
"CE";"231320";"Tamboril";"ALCANÇOU";"ALCANÇOU";;"ALCANÇOU";"ALCANÇOU";"NÃO ALCANÇOU";"ALCANÇOU";"ALCANÇOU"
"CE";"231325";"Tarrafas";"ALCANÇOU";"ALCANÇOU";;"ALCANÇOU";"ALCANÇOU";"NÃO ALCANÇOU";"ALCANÇOU";"NÃO ALCANÇOU"
"CE";"231330";"Tauá";"ALCANÇOU";"ALCANÇOU";;"NÃO ALCANÇOU";"ALCANÇOU";"NÃO ALCANÇOU";"NÃO ALCANÇOU";"ALCANÇOU"
"CE";"231335";"Tejuçuoca";"ALCANÇOU";"ALCANÇOU";;"ALCANÇOU";"ALCANÇOU";"NÃO ALCANÇOU";"ALCANÇOU";"ALCANÇOU"
"CE";"231340";"Tianguá";"ALCANÇOU";"ALCANÇOU";;"ALCANÇOU";"ALCANÇOU";"NÃO ALCANÇOU";"ALCANÇOU";"ALCANÇOU"
"CE";"231350";"Trairi";"ALCANÇOU";"ALCANÇOU";;"NÃO ALCANÇOU";"ALCANÇOU";"ALCANÇOU";"ALCANÇOU";"ALCANÇOU"
"CE";"231355";"Tururu";"ALCANÇOU";"ALCANÇOU";;"ALCANÇOU";"NÃO ALCANÇOU";"ALCANÇOU";"NÃO ALCANÇOU";"ALCANÇOU"
"CE";"231360";"Ubajara";"ALCANÇOU";"ALCANÇOU";;"ALCANÇOU";"ALCANÇOU";"NÃO ALCANÇOU";"NÃO ALCANÇOU";"ALCANÇOU"
"CE";"231370";"Umari";"ALCANÇOU";"NÃO ALCANÇOU";;"NÃO ALCANÇOU";"ALCANÇOU";"NÃO ALCANÇOU";"ALCANÇOU";"NÃO ALCANÇOU"
"CE";"231375";"Umirim";"ALCANÇOU";"ALCANÇOU";;"NÃO ALCANÇOU";"NÃO ALCANÇOU";"NÃO ALCANÇOU";"NÃO ALCANÇOU";"ALCANÇOU"
"CE";"231380";"Uruburetama";"ALCANÇOU";"ALCANÇOU";;"NÃO ALCANÇOU";"ALCANÇOU";"NÃO ALCANÇOU";"ALCANÇOU";"ALCANÇOU"
"CE";"231390";"Uruoca";"ALCANÇOU";"ALCANÇOU";;"ALCANÇOU";"NÃO ALCANÇOU";"NÃO ALCANÇOU";"ALCANÇOU";"ALCANÇOU"
"CE";"231395";"Varjota";"ALCANÇOU";"ALCANÇOU";;"ALCANÇOU";"ALCANÇOU";"NÃO ALCANÇOU";"NÃO ALCANÇOU";"ALCANÇOU"
"CE";"231410";"Viçosa do Ceará";"ALCANÇOU";"ALCANÇOU";;"ALCANÇOU";"ALCANÇOU";"NÃO ALCANÇOU";"ALCANÇOU";"NÃO ALCANÇOU"
"CE";"231400";"Várzea Alegre";"ALCANÇOU";"ALCANÇOU";;"NÃO ALCANÇOU";"ALCANÇOU";"NÃO ALCANÇOU";"ALCANÇOU";"ALCANÇOU"
"CE";"230010";;;;"ALCANÇOU";;;;;
"CE";"230015";;;;"ALCANÇOU";;;;;
"CE";"230020";;;;"ALCANÇOU";;;;;
"CE";"230030";;;;"ALCANÇOU";;;;;
"CE";"230040";;;;"ALCANÇOU";;;;;
"CE";"230050";;;;"ALCANÇOU";;;;;
"CE";"230060";;;;"ALCANÇOU";;;;;
"CE";"230070";;;;"ALCANÇOU";;;;;
"CE";"230075";;;;"ALCANÇOU";;;;;
"CE";"230080";;;;"ALCANÇOU";;;;;
"CE";"230090";;;;"ALCANÇOU";;;;;
"CE";"230100";;;;"ALCANÇOU";;;;;
"CE";"230110";;;;"ALCANÇOU";;;;;
"CE";"230120";;;;"ALCANÇOU";;;;;
"CE";"230125";;;;"ALCANÇOU";;;;;
"CE";"230130";;;;"ALCANÇOU";;;;;
"CE";"230140";;;;"ALCANÇOU";;;;;
"CE";"230150";;;;"ALCANÇOU";;;;;
"CE";"230160";;;;"ALCANÇOU";;;;;
"CE";"230170";;;;"ALCANÇOU";;;;;
"CE";"230180";;;;"NÃO ALCANÇOU";;;;;
"CE";"230185";;;;"ALCANÇOU";;;;;
"CE";"230190";;;;"ALCANÇOU";;;;;
"CE";"230195";;;;"ALCANÇOU";;;;;
"CE";"230200";;;;"ALCANÇOU";;;;;
"CE";"230205";;;;"ALCANÇOU";;;;;
"CE";"230210";;;;"ALCANÇOU";;;;;
"CE";"230220";;;;"ALCANÇOU";;;;;
"CE";"230230";;;;"ALCANÇOU";;;;;
"CE";"230240";;;;"ALCANÇOU";;;;;
"CE";"230250";;;;"ALCANÇOU";;;;;
"CE";"230260";;;;"ALCANÇOU";;;;;
"CE";"230270";;;;"ALCANÇOU";;;;;
"CE";"230280";;;;"ALCANÇOU";;;;;
"CE";"230290";;;;"ALCANÇOU";;;;;
"CE";"230300";;;;"ALCANÇOU";;;;;
"CE";"230310";;;;"ALCANÇOU";;;;;
"CE";"230320";;;;"ALCANÇOU";;;;;
"CE";"230330";;;;"ALCANÇOU";;;;;
"CE";"230340";;;;"ALCANÇOU";;;;;
"CE";"230350";;;;"ALCANÇOU";;;;;
"CE";"230360";;;;"ALCANÇOU";;;;;
"CE";"230365";;;;"ALCANÇOU";;;;;
"CE";"230370";;;;"ALCANÇOU";;;;;
"CE";"230380";;;;"ALCANÇOU";;;;;
"CE";"230390";;;;"ALCANÇOU";;;;;
"CE";"230393";;;;"ALCANÇOU";;;;;
"CE";"230395";;;;"ALCANÇOU";;;;;
"CE";"230400";;;;"NÃO ALCANÇOU";;;;;
"CE";"230410";;;;"ALCANÇOU";;;;;
"CE";"230420";;;;"ALCANÇOU";;;;;
"CE";"230423";;;;"ALCANÇOU";;;;;
"CE";"230425";;;;"ALCANÇOU";;;;;
"CE";"230426";;;;"ALCANÇOU";;;;;
"CE";"230427";;;;"ALCANÇOU";;;;;
"CE";"230428";;;;"ALCANÇOU";;;;;
"CE";"230430";;;;"ALCANÇOU";;;;;
"CE";"230435";;;;"ALCANÇOU";;;;;
"CE";"230440";;;;"ALCANÇOU";;;;;
"CE";"230445";;;;"ALCANÇOU";;;;;
"CE";"230450";;;;"NÃO ALCANÇOU";;;;;
"CE";"230460";;;;"ALCANÇOU";;;;;
"CE";"230465";;;;"ALCANÇOU";;;;;
"CE";"230470";;;;"ALCANÇOU";;;;;
"CE";"230480";;;;"ALCANÇOU";;;;;
"CE";"230490";;;;"ALCANÇOU";;;;;
"CE";"230495";;;;"ALCANÇOU";;;;;
"CE";"230500";;;;"ALCANÇOU";;;;;
"CE";"230510";;;;"ALCANÇOU";;;;;
"CE";"230520";;;;"ALCANÇOU";;;;;
"CE";"230523";;;;"ALCANÇOU";;;;;
"CE";"230526";;;;"ALCANÇOU";;;;;
"CE";"230530";;;;"ALCANÇOU";;;;;
"CE";"230533";;;;"ALCANÇOU";;;;;
"CE";"230535";;;;"ALCANÇOU";;;;;
"CE";"230540";;;;"ALCANÇOU";;;;;
"CE";"230550";;;;"ALCANÇOU";;;;;
"CE";"230560";;;;"ALCANÇOU";;;;;
"CE";"230565";;;;"ALCANÇOU";;;;;
"CE";"230570";;;;"ALCANÇOU";;;;;
"CE";"230580";;;;"ALCANÇOU";;;;;
"CE";"230590";;;;"ALCANÇOU";;;;;
"CE";"230600";;;;"ALCANÇOU";;;;;
"CE";"230610";;;;"ALCANÇOU";;;;;
"CE";"230620";;;;"ALCANÇOU";;;;;
"CE";"230625";;;;"ALCANÇOU";;;;;
"CE";"230630";;;;"ALCANÇOU";;;;;
"CE";"230640";;;;"ALCANÇOU";;;;;
"CE";"230650";;;;"ALCANÇOU";;;;;
"CE";"230655";;;;"ALCANÇOU";;;;;
"CE";"230660";;;;"ALCANÇOU";;;;;
"CE";"230670";;;;"ALCANÇOU";;;;;
"CE";"230680";;;;"ALCANÇOU";;;;;
"CE";"230690";;;;"ALCANÇOU";;;;;
"CE";"230700";;;;"ALCANÇOU";;;;;
"CE";"230710";;;;"ALCANÇOU";;;;;
"CE";"230720";;;;"ALCANÇOU";;;;;
"CE";"230725";;;;"ALCANÇOU";;;;;
"CE";"230730";;;;"ALCANÇOU";;;;;
"CE";"230740";;;;"ALCANÇOU";;;;;
"CE";"230750";;;;"ALCANÇOU";;;;;
"CE";"230760";;;;"ALCANÇOU";;;;;
"CE";"230763";;;;"ALCANÇOU";;;;;
"CE";"230765";;;;"ALCANÇOU";;;;;
"CE";"230770";;;;"ALCANÇOU";;;;;
"CE";"230780";;;;"ALCANÇOU";;;;;
"CE";"230790";;;;"ALCANÇOU";;;;;
"CE";"230800";;;;"ALCANÇOU";;;;;
"CE";"230810";;;;"ALCANÇOU";;;;;
"CE";"230820";;;;"ALCANÇOU";;;;;
"CE";"230830";;;;"ALCANÇOU";;;;;
"CE";"230835";;;;"ALCANÇOU";;;;;
"CE";"230837";;;;"NÃO ALCANÇOU";;;;;
"CE";"230840";;;;"ALCANÇOU";;;;;
"CE";"230850";;;;"ALCANÇOU";;;;;
"CE";"230860";;;;"ALCANÇOU";;;;;
"CE";"230870";;;;"ALCANÇOU";;;;;
"CE";"230880";;;;"ALCANÇOU";;;;;
"CE";"230890";;;;"ALCANÇOU";;;;;
"CE";"230900";;;;"ALCANÇOU";;;;;
"CE";"230910";;;;"ALCANÇOU";;;;;
"CE";"230920";;;;"ALCANÇOU";;;;;
"CE";"230930";;;;"ALCANÇOU";;;;;
"CE";"230940";;;;"ALCANÇOU";;;;;
"CE";"230945";;;;"ALCANÇOU";;;;;
"CE";"230950";;;;"ALCANÇOU";;;;;
"CE";"230960";;;;"ALCANÇOU";;;;;
"CE";"230970";;;;"ALCANÇOU";;;;;
"CE";"230980";;;;"ALCANÇOU";;;;;
"CE";"230990";;;;"NÃO ALCANÇOU";;;;;
"CE";"231000";;;;"ALCANÇOU";;;;;
"CE";"231010";;;;"ALCANÇOU";;;;;
"CE";"231020";;;;"ALCANÇOU";;;;;
"CE";"231025";;;;"ALCANÇOU";;;;;
"CE";"231030";;;;"ALCANÇOU";;;;;
"CE";"231040";;;;"ALCANÇOU";;;;;
"CE";"231050";;;;"ALCANÇOU";;;;;
"CE";"231060";;;;"ALCANÇOU";;;;;
"CE";"231070";;;;"ALCANÇOU";;;;;
"CE";"231080";;;;"ALCANÇOU";;;;;
"CE";"231085";;;;"ALCANÇOU";;;;;
"CE";"231090";;;;"ALCANÇOU";;;;;
"CE";"231095";;;;"ALCANÇOU";;;;;
"CE";"231100";;;;"ALCANÇOU";;;;;
"CE";"231110";;;;"ALCANÇOU";;;;;
"CE";"231120";;;;"ALCANÇOU";;;;;
"CE";"231123";;;;"ALCANÇOU";;;;;
"CE";"231126";;;;"ALCANÇOU";;;;;
"CE";"231130";;;;"ALCANÇOU";;;;;
"CE";"231135";;;;"ALCANÇOU";;;;;
"CE";"231140";;;;"ALCANÇOU";;;;;
"CE";"231150";;;;"ALCANÇOU";;;;;
"CE";"231160";;;;"ALCANÇOU";;;;;
"CE";"231170";;;;"ALCANÇOU";;;;;
"CE";"231180";;;;"ALCANÇOU";;;;;
"CE";"231190";;;;"ALCANÇOU";;;;;
"CE";"231195";;;;"ALCANÇOU";;;;;
"CE";"231200";;;;"ALCANÇOU";;;;;
"CE";"231210";;;;"ALCANÇOU";;;;;
"CE";"231220";;;;"ALCANÇOU";;;;;
"CE";"231230";;;;"ALCANÇOU";;;;;
"CE";"231240";;;;"ALCANÇOU";;;;;
"CE";"231250";;;;"ALCANÇOU";;;;;
"CE";"231260";;;;"ALCANÇOU";;;;;
"CE";"231270";;;;"ALCANÇOU";;;;;
"CE";"231280";;;;"ALCANÇOU";;;;;
"CE";"231290";;;;"ALCANÇOU";;;;;
"CE";"231300";;;;"ALCANÇOU";;;;;
"CE";"231310";;;;"ALCANÇOU";;;;;
"CE";"231320";;;;"ALCANÇOU";;;;;
"CE";"231325";;;;"ALCANÇOU";;;;;
"CE";"231330";;;;"ALCANÇOU";;;;;
"CE";"231335";;;;"ALCANÇOU";;;;;
"CE";"231340";;;;"ALCANÇOU";;;;;
"CE";"231350";;;;"ALCANÇOU";;;;;
"CE";"231355";;;;"ALCANÇOU";;;;;
"CE";"231360";;;;"ALCANÇOU";;;;;
"CE";"231370";;;;"ALCANÇOU";;;;;
"CE";"231375";;;;"ALCANÇOU";;;;;
"CE";"231380";;;;"ALCANÇOU";;;;;
"CE";"231390";;;;"ALCANÇOU";;;;;
"CE";"231395";;;;"ALCANÇOU";;;;;
"CE";"231400";;;;"ALCANÇOU";;;;;
"CE";"231410";;;;"ALCANÇOU";;;;;
"DF";"530010";"Brasília";"ALCANÇOU";"ALCANÇOU";;"NÃO ALCANÇOU";"ALCANÇOU";"ALCANÇOU";"NÃO ALCANÇOU";"ALCANÇOU"
"DF";"530010";;;;"ALCANÇOU";;;;;
"ES";"320010";"Afonso Cláudio";"ALCANÇOU";"ALCANÇOU";;"ALCANÇOU";"ALCANÇOU";"ALCANÇOU";"ALCANÇOU";"ALCANÇOU"
"ES";"320020";"Alegre";"ALCANÇOU";"NÃO ALCANÇOU";;"ALCANÇOU";"ALCANÇOU";"ALCANÇOU";"NÃO ALCANÇOU";"ALCANÇOU"
"ES";"320030";"Alfredo Chaves";"ALCANÇOU";"NÃO ALCANÇOU";;"ALCANÇOU";"ALCANÇOU";"ALCANÇOU";"ALCANÇOU";"ALCANÇOU"
"ES";"320035";"Alto Rio Novo";"ALCANÇOU";"ALCANÇOU";;"ALCANÇOU";"NÃO ALCANÇOU";"ALCANÇOU";"ALCANÇOU";"ALCANÇOU"
"ES";"320040";"Anchieta";"ALCANÇOU";"ALCANÇOU";;"ALCANÇOU";"ALCANÇOU";"ALCANÇOU";"NÃO ALCANÇOU";"ALCANÇOU"
"ES";"320050";"Apiacá";"NÃO ALCANÇOU";"NÃO ALCANÇOU";;"NÃO ALCANÇOU";"NÃO ALCANÇOU";"NÃO ALCANÇOU";"ALCANÇOU";"ALCANÇOU"
"ES";"320060";"Aracruz";"ALCANÇOU";"ALCANÇOU";;"NÃO ALCANÇOU";"NÃO ALCANÇOU";"ALCANÇOU";"NÃO ALCANÇOU";"ALCANÇOU"
"ES";"320070";"Atilio Vivacqua";"ALCANÇOU";"NÃO ALCANÇOU";;;"ALCANÇOU";"ALCANÇOU";"NÃO ALCANÇOU";"ALCANÇOU"
"ES";"320070";"Atílio Vivacqua";;;;"ALCANÇOU";;;;
"ES";"320080";"Baixo Guandu";"ALCANÇOU";"ALCANÇOU";;"ALCANÇOU";"ALCANÇOU";"ALCANÇOU";"NÃO ALCANÇOU";"ALCANÇOU"
"ES";"320090";"Barra de São Francisco";"ALCANÇOU";"ALCANÇOU";;"NÃO ALCANÇOU";"NÃO ALCANÇOU";"ALCANÇOU";"ALCANÇOU";"ALCANÇOU"
"ES";"320100";"Boa Esperança";"ALCANÇOU";"ALCANÇOU";;"NÃO ALCANÇOU";"NÃO ALCANÇOU";"NÃO ALCANÇOU";"NÃO ALCANÇOU";"ALCANÇOU"
"ES";"320110";"Bom Jesus do Norte";"ALCANÇOU";"NÃO ALCANÇOU";;"ALCANÇOU";"ALCANÇOU";"ALCANÇOU";"ALCANÇOU";"ALCANÇOU"
"ES";"320115";"Brejetuba";"ALCANÇOU";"ALCANÇOU";;"NÃO ALCANÇOU";"NÃO ALCANÇOU";"NÃO ALCANÇOU";"ALCANÇOU";"ALCANÇOU"
"ES";"320120";"Cachoeiro de Itapemirim";"ALCANÇOU";"NÃO ALCANÇOU";;"NÃO ALCANÇOU";"NÃO ALCANÇOU";"ALCANÇOU";"NÃO ALCANÇOU";"ALCANÇOU"
"ES";"320130";"Cariacica";"ALCANÇOU";"ALCANÇOU";;"NÃO ALCANÇOU";"NÃO ALCANÇOU";"ALCANÇOU";"NÃO ALCANÇOU";"ALCANÇOU"
"ES";"320140";"Castelo";"ALCANÇOU";"NÃO ALCANÇOU";;"ALCANÇOU";"ALCANÇOU";"ALCANÇOU";"ALCANÇOU";"ALCANÇOU"
"ES";"320150";"Colatina";"ALCANÇOU";"NÃO ALCANÇOU";;"NÃO ALCANÇOU";"NÃO ALCANÇOU";"ALCANÇOU";"NÃO ALCANÇOU";"ALCANÇOU"
"ES";"320160";"Conceição da Barra";"ALCANÇOU";"ALCANÇOU";;"ALCANÇOU";"NÃO ALCANÇOU";"ALCANÇOU";"ALCANÇOU";"ALCANÇOU"
"ES";"320170";"Conceição do Castelo";"ALCANÇOU";"ALCANÇOU";;"NÃO ALCANÇOU";"NÃO ALCANÇOU";"NÃO ALCANÇOU";"ALCANÇOU";"ALCANÇOU"
"ES";"320180";"Divino de São Lourenço";"ALCANÇOU";"ALCANÇOU";;"NÃO ALCANÇOU";"NÃO ALCANÇOU";"NÃO ALCANÇOU";"ALCANÇOU";"ALCANÇOU"
"ES";"320190";"Domingos Martins";"ALCANÇOU";"ALCANÇOU";;"ALCANÇOU";"ALCANÇOU";"ALCANÇOU";"NÃO ALCANÇOU";"ALCANÇOU"
"ES";"320200";"Dores do Rio Preto";"ALCANÇOU";"ALCANÇOU";;"NÃO ALCANÇOU";"NÃO ALCANÇOU";"ALCANÇOU";"ALCANÇOU";"ALCANÇOU"
"ES";"320210";"Ecoporanga";"ALCANÇOU";"ALCANÇOU";;"NÃO ALCANÇOU";"NÃO ALCANÇOU";"NÃO ALCANÇOU";"NÃO ALCANÇOU";"ALCANÇOU"
"ES";"320220";"Fundão";"ALCANÇOU";"ALCANÇOU";;"ALCANÇOU";"NÃO ALCANÇOU";"ALCANÇOU";"ALCANÇOU";"ALCANÇOU"
"ES";"320225";"Governador Lindenberg";"ALCANÇOU";"NÃO ALCANÇOU";;"ALCANÇOU";"NÃO ALCANÇOU";"ALCANÇOU";"ALCANÇOU";"ALCANÇOU"
"ES";"320240";"Guarapari";"ALCANÇOU";"NÃO ALCANÇOU";;"NÃO ALCANÇOU";"ALCANÇOU";"ALCANÇOU";"NÃO ALCANÇOU";"ALCANÇOU"
"ES";"320230";"Guaçuí";"ALCANÇOU";"NÃO ALCANÇOU";;"NÃO ALCANÇOU";"NÃO ALCANÇOU";"ALCANÇOU";"ALCANÇOU";"ALCANÇOU"
"ES";"320245";"Ibatiba";"ALCANÇOU";"ALCANÇOU";;"NÃO ALCANÇOU";"ALCANÇOU";"ALCANÇOU";"ALCANÇOU";"ALCANÇOU"
"ES";"320250";"Ibiraçu";"ALCANÇOU";"ALCANÇOU";;"NÃO ALCANÇOU";"NÃO ALCANÇOU";"NÃO ALCANÇOU";"ALCANÇOU";"ALCANÇOU"
"ES";"320255";"Ibitirama";"ALCANÇOU";"NÃO ALCANÇOU";;"ALCANÇOU";"NÃO ALCANÇOU";"ALCANÇOU";"ALCANÇOU";"ALCANÇOU"
"ES";"320260";"Iconha";"ALCANÇOU";"ALCANÇOU";;"ALCANÇOU";"NÃO ALCANÇOU";"ALCANÇOU";"ALCANÇOU";"ALCANÇOU"
"ES";"320265";"Irupi";"ALCANÇOU";"ALCANÇOU";;"ALCANÇOU";"NÃO ALCANÇOU";"ALCANÇOU";"ALCANÇOU";"ALCANÇOU"
"ES";"320270";"Itaguaçu";"ALCANÇOU";"ALCANÇOU";;"NÃO ALCANÇOU";"ALCANÇOU";"NÃO ALCANÇOU";"ALCANÇOU";"ALCANÇOU"
"ES";"320280";"Itapemirim";"ALCANÇOU";"NÃO ALCANÇOU";;"NÃO ALCANÇOU";"ALCANÇOU";"ALCANÇOU";"NÃO ALCANÇOU";"ALCANÇOU"
"ES";"320290";"Itarana";"ALCANÇOU";"ALCANÇOU";;"NÃO ALCANÇOU";"ALCANÇOU";"ALCANÇOU";"ALCANÇOU";"ALCANÇOU"
"ES";"320300";"Iúna";"NÃO ALCANÇOU";"NÃO ALCANÇOU";;"NÃO ALCANÇOU";"NÃO ALCANÇOU";"NÃO ALCANÇOU";"NÃO ALCANÇOU";"ALCANÇOU"
"ES";"320305";"Jaguaré";"ALCANÇOU";"ALCANÇOU";;"NÃO ALCANÇOU";"NÃO ALCANÇOU";"NÃO ALCANÇOU";"ALCANÇOU";"ALCANÇOU"
"ES";"320310";"Jerônimo Monteiro";"NÃO ALCANÇOU";"NÃO ALCANÇOU";;"NÃO ALCANÇOU";"NÃO ALCANÇOU";"ALCANÇOU";"NÃO ALCANÇOU";"ALCANÇOU"
"ES";"320313";"João Neiva";"ALCANÇOU";"NÃO ALCANÇOU";;"NÃO ALCANÇOU";"NÃO ALCANÇOU";"ALCANÇOU";"ALCANÇOU";"ALCANÇOU"
"ES";"320316";"Laranja da Terra";"ALCANÇOU";"ALCANÇOU";;"ALCANÇOU";"NÃO ALCANÇOU";"NÃO ALCANÇOU";"ALCANÇOU";"ALCANÇOU"
"ES";"320320";"Linhares";"ALCANÇOU";"ALCANÇOU";;"NÃO ALCANÇOU";"NÃO ALCANÇOU";"ALCANÇOU";"ALCANÇOU";"ALCANÇOU"
"ES";"320330";"Mantenópolis";"ALCANÇOU";"ALCANÇOU";;"NÃO ALCANÇOU";"NÃO ALCANÇOU";"NÃO ALCANÇOU";"NÃO ALCANÇOU";"ALCANÇOU"
"ES";"320332";"Marataízes";"ALCANÇOU";"ALCANÇOU";;"NÃO ALCANÇOU";"NÃO ALCANÇOU";"ALCANÇOU";"ALCANÇOU";"ALCANÇOU"
"ES";"320334";"Marechal Floriano";"ALCANÇOU";"ALCANÇOU";;"ALCANÇOU";"NÃO ALCANÇOU";"ALCANÇOU";"NÃO ALCANÇOU";"ALCANÇOU"
"ES";"320335";"Marilândia";"ALCANÇOU";"ALCANÇOU";;"ALCANÇOU";"NÃO ALCANÇOU";"ALCANÇOU";"ALCANÇOU";"ALCANÇOU"
"ES";"320340";"Mimoso do Sul";"ALCANÇOU";"NÃO ALCANÇOU";;"ALCANÇOU";"NÃO ALCANÇOU";"NÃO ALCANÇOU";"ALCANÇOU";"ALCANÇOU"
"ES";"320350";"Montanha";"ALCANÇOU";"ALCANÇOU";;"ALCANÇOU";"NÃO ALCANÇOU";"NÃO ALCANÇOU";"NÃO ALCANÇOU";"ALCANÇOU"
"ES";"320360";"Mucurici";"ALCANÇOU";"NÃO ALCANÇOU";;"NÃO ALCANÇOU";"NÃO ALCANÇOU";"ALCANÇOU";"ALCANÇOU";"ALCANÇOU"
"ES";"320370";"Muniz Freire";"ALCANÇOU";"NÃO ALCANÇOU";;"ALCANÇOU";"NÃO ALCANÇOU";"ALCANÇOU";"ALCANÇOU";"ALCANÇOU"
"ES";"320380";"Muqui";"ALCANÇOU";"NÃO ALCANÇOU";;"ALCANÇOU";"NÃO ALCANÇOU";"NÃO ALCANÇOU";"ALCANÇOU";"ALCANÇOU"
"ES";"320390";"Nova Venécia";"ALCANÇOU";"ALCANÇOU";;"ALCANÇOU";"NÃO ALCANÇOU";"ALCANÇOU";"ALCANÇOU";"ALCANÇOU"
"ES";"320400";"Pancas";"ALCANÇOU";"NÃO ALCANÇOU";;"ALCANÇOU";"NÃO ALCANÇOU";"ALCANÇOU";"NÃO ALCANÇOU";"ALCANÇOU"
"ES";"320405";"Pedro Canário";"ALCANÇOU";"ALCANÇOU";;"NÃO ALCANÇOU";"NÃO ALCANÇOU";"ALCANÇOU";"NÃO ALCANÇOU";"ALCANÇOU"
"ES";"320410";"Pinheiros";"ALCANÇOU";"ALCANÇOU";;"ALCANÇOU";"NÃO ALCANÇOU";"ALCANÇOU";"NÃO ALCANÇOU";"ALCANÇOU"
"ES";"320420";"Piúma";"ALCANÇOU";"NÃO ALCANÇOU";;"NÃO ALCANÇOU";"NÃO ALCANÇOU";"NÃO ALCANÇOU";"NÃO ALCANÇOU";"ALCANÇOU"
"ES";"320425";"Ponto Belo";"NÃO ALCANÇOU";"ALCANÇOU";;"ALCANÇOU";"NÃO ALCANÇOU";"NÃO ALCANÇOU";"ALCANÇOU";"ALCANÇOU"
"ES";"320430";"Presidente Kennedy";"ALCANÇOU";"NÃO ALCANÇOU";;"ALCANÇOU";"NÃO ALCANÇOU";"NÃO ALCANÇOU";"ALCANÇOU";"ALCANÇOU"
"ES";"320435";"Rio Bananal";"ALCANÇOU";"ALCANÇOU";;"ALCANÇOU";"NÃO ALCANÇOU";"ALCANÇOU";"ALCANÇOU";"ALCANÇOU"
"ES";"320440";"Rio Novo do Sul";"ALCANÇOU";"NÃO ALCANÇOU";;"ALCANÇOU";"NÃO ALCANÇOU";"NÃO ALCANÇOU";"ALCANÇOU";"ALCANÇOU"
"ES";"320450";"Santa Leopoldina";"ALCANÇOU";"ALCANÇOU";;"ALCANÇOU";"NÃO ALCANÇOU";"NÃO ALCANÇOU";"ALCANÇOU";"ALCANÇOU"
"ES";"320455";"Santa Maria de Jetibá";"ALCANÇOU";"ALCANÇOU";;"NÃO ALCANÇOU";"NÃO ALCANÇOU";"ALCANÇOU";"NÃO ALCANÇOU";"ALCANÇOU"
"ES";"320460";"Santa Teresa";"ALCANÇOU";"ALCANÇOU";;"NÃO ALCANÇOU";"ALCANÇOU";"ALCANÇOU";"ALCANÇOU";"ALCANÇOU"
"ES";"320500";"Serra";"ALCANÇOU";"ALCANÇOU";;"NÃO ALCANÇOU";"ALCANÇOU";"ALCANÇOU";"NÃO ALCANÇOU";"ALCANÇOU"
"ES";"320501";"Sooretama";"ALCANÇOU";"ALCANÇOU";;"NÃO ALCANÇOU";"NÃO ALCANÇOU";"ALCANÇOU";"ALCANÇOU";"ALCANÇOU"
"ES";"320465";"São Domingos do Norte";"ALCANÇOU";"ALCANÇOU";;"NÃO ALCANÇOU";"NÃO ALCANÇOU";"ALCANÇOU";"ALCANÇOU";"ALCANÇOU"
"ES";"320470";"São Gabriel da Palha";"ALCANÇOU";"NÃO ALCANÇOU";;"NÃO ALCANÇOU";"NÃO ALCANÇOU";"ALCANÇOU";"NÃO ALCANÇOU";"ALCANÇOU"
"ES";"320480";"São José do Calçado";"NÃO ALCANÇOU";"ALCANÇOU";;"ALCANÇOU";"NÃO ALCANÇOU";"NÃO ALCANÇOU";"ALCANÇOU";"ALCANÇOU"
"ES";"320490";"São Mateus";"ALCANÇOU";"NÃO ALCANÇOU";;"NÃO ALCANÇOU";"NÃO ALCANÇOU";"ALCANÇOU";"NÃO ALCANÇOU";"ALCANÇOU"
"ES";"320495";"São Roque do Canaã";"ALCANÇOU";"ALCANÇOU";;"NÃO ALCANÇOU";"NÃO ALCANÇOU";"ALCANÇOU";"ALCANÇOU";"ALCANÇOU"
"ES";"320503";"Vargem Alta";"ALCANÇOU";"NÃO ALCANÇOU";;"ALCANÇOU";"ALCANÇOU";"ALCANÇOU";"NÃO ALCANÇOU";"ALCANÇOU"
"ES";"320506";"Venda Nova do Imigrante";"ALCANÇOU";"NÃO ALCANÇOU";;"NÃO ALCANÇOU";"ALCANÇOU";"ALCANÇOU";"NÃO ALCANÇOU";"ALCANÇOU"
"ES";"320510";"Viana";"ALCANÇOU";"ALCANÇOU";;"NÃO ALCANÇOU";"ALCANÇOU";"ALCANÇOU";"ALCANÇOU";"ALCANÇOU"
"ES";"320515";"Vila Pavão";"ALCANÇOU";"ALCANÇOU";;"ALCANÇOU";"NÃO ALCANÇOU";"ALCANÇOU";"ALCANÇOU";"ALCANÇOU"
"ES";"320517";"Vila Valério";"NÃO ALCANÇOU";"NÃO ALCANÇOU";;"NÃO ALCANÇOU";"NÃO ALCANÇOU";"ALCANÇOU";"NÃO ALCANÇOU";"ALCANÇOU"
"ES";"320520";"Vila Velha";"ALCANÇOU";"ALCANÇOU";;"NÃO ALCANÇOU";"ALCANÇOU";"ALCANÇOU";"NÃO ALCANÇOU";"ALCANÇOU"
"ES";"320530";"Vitória";"ALCANÇOU";"ALCANÇOU";;"NÃO ALCANÇOU";"ALCANÇOU";"ALCANÇOU";"NÃO ALCANÇOU";"ALCANÇOU"
"ES";"320016";"Água Doce do Norte";"ALCANÇOU";"ALCANÇOU";;"NÃO ALCANÇOU";"NÃO ALCANÇOU";"NÃO ALCANÇOU";"NÃO ALCANÇOU";"ALCANÇOU"
"ES";"320013";"Águia Branca";"ALCANÇOU";"ALCANÇOU";;"ALCANÇOU";"NÃO ALCANÇOU";"NÃO ALCANÇOU";"ALCANÇOU";"ALCANÇOU"
"ES";"320010";;;;"ALCANÇOU";;;;;
"ES";"320013";;;;"ALCANÇOU";;;;;
"ES";"320016";;;;"NÃO ALCANÇOU";;;;;
"ES";"320020";;;;"ALCANÇOU";;;;;
"ES";"320030";;;;"ALCANÇOU";;;;;
"ES";"320035";;;;"ALCANÇOU";;;;;
"ES";"320040";;;;"ALCANÇOU";;;;;
"ES";"320050";;;;"ALCANÇOU";;;;;
"ES";"320060";;;;"ALCANÇOU";;;;;
"ES";"320070";;;;"NÃO ALCANÇOU";;;;;
"ES";"320080";;;;"ALCANÇOU";;;;;
"ES";"320090";;;;"NÃO ALCANÇOU";;;;;
"ES";"320100";;;;"ALCANÇOU";;;;;
"ES";"320110";;;;"ALCANÇOU";;;;;
"ES";"320115";;;;"ALCANÇOU";;;;;
"ES";"320120";;;;"ALCANÇOU";;;;;
"ES";"320130";;;;"ALCANÇOU";;;;;
"ES";"320140";;;;"NÃO ALCANÇOU";;;;;
"ES";"320150";;;;"ALCANÇOU";;;;;
"ES";"320160";;;;"ALCANÇOU";;;;;
"ES";"320170";;;;"ALCANÇOU";;;;;
"ES";"320180";;;;"ALCANÇOU";;;;;
"ES";"320190";;;;"ALCANÇOU";;;;;
"ES";"320200";;;;"ALCANÇOU";;;;;
"ES";"320210";;;;"NÃO ALCANÇOU";;;;;
"ES";"320220";;;;"ALCANÇOU";;;;;
"ES";"320225";;;;"ALCANÇOU";;;;;
"ES";"320230";;;;"ALCANÇOU";;;;;
"ES";"320240";;;;"ALCANÇOU";;;;;
"ES";"320245";;;;"ALCANÇOU";;;;;
"ES";"320250";;;;"NÃO ALCANÇOU";;;;;
"ES";"320255";;;;"ALCANÇOU";;;;;
"ES";"320260";;;;"NÃO ALCANÇOU";;;;;
"ES";"320265";;;;"ALCANÇOU";;;;;
"ES";"320270";;;;"ALCANÇOU";;;;;
"ES";"320280";;;;"ALCANÇOU";;;;;
"ES";"320290";;;;"ALCANÇOU";;;;;
"ES";"320300";;;;"ALCANÇOU";;;;;
"ES";"320305";;;;"ALCANÇOU";;;;;
"ES";"320310";;;;"NÃO ALCANÇOU";;;;;
"ES";"320313";;;;"NÃO ALCANÇOU";;;;;
"ES";"320316";;;;"NÃO ALCANÇOU";;;;;
"ES";"320320";;;;"ALCANÇOU";;;;;
"ES";"320330";;;;"NÃO ALCANÇOU";;;;;
"ES";"320332";;;;"ALCANÇOU";;;;;
"ES";"320334";;;;"ALCANÇOU";;;;;
"ES";"320335";;;;"ALCANÇOU";;;;;
"ES";"320340";;;;"NÃO ALCANÇOU";;;;;
"ES";"320350";;;;"ALCANÇOU";;;;;
"ES";"320360";;;;"NÃO ALCANÇOU";;;;;
"ES";"320370";;;;"ALCANÇOU";;;;;
"ES";"320380";;;;"NÃO ALCANÇOU";;;;;
"ES";"320390";;;;"NÃO ALCANÇOU";;;;;
"ES";"320400";;;;"ALCANÇOU";;;;;
"ES";"320405";;;;"ALCANÇOU";;;;;
"ES";"320410";;;;"ALCANÇOU";;;;;
"ES";"320420";;;;"ALCANÇOU";;;;;
"ES";"320425";;;;"ALCANÇOU";;;;;
"ES";"320430";;;;"ALCANÇOU";;;;;
"ES";"320435";;;;"ALCANÇOU";;;;;
"ES";"320440";;;;"ALCANÇOU";;;;;
"ES";"320450";;;;"NÃO ALCANÇOU";;;;;
"ES";"320455";;;;"ALCANÇOU";;;;;
"ES";"320460";;;;"ALCANÇOU";;;;;
"ES";"320465";;;;"ALCANÇOU";;;;;
"ES";"320470";;;;"ALCANÇOU";;;;;
"ES";"320480";;;;"NÃO ALCANÇOU";;;;;
"ES";"320490";;;;"ALCANÇOU";;;;;
"ES";"320495";;;;"ALCANÇOU";;;;;
"ES";"320500";;;;"ALCANÇOU";;;;;
"ES";"320501";;;;"NÃO ALCANÇOU";;;;;
"ES";"320503";;;;"ALCANÇOU";;;;;
"ES";"320506";;;;"ALCANÇOU";;;;;
"ES";"320510";;;;"ALCANÇOU";;;;;
"ES";"320515";;;;"ALCANÇOU";;;;;
"ES";"320517";;;;"ALCANÇOU";;;;;
"ES";"320520";;;;"ALCANÇOU";;;;;
"ES";"320530";;;;"ALCANÇOU";;;;;
"GO";"520005";"Abadia de Goiás";"ALCANÇOU";"ALCANÇOU";;"NÃO ALCANÇOU";"ALCANÇOU";"NÃO ALCANÇOU";"ALCANÇOU";"ALCANÇOU"
"GO";"520010";"Abadiânia";"ALCANÇOU";"ALCANÇOU";;"NÃO ALCANÇOU";"ALCANÇOU";"NÃO ALCANÇOU";"ALCANÇOU";"ALCANÇOU"
"GO";"520013";"Acreúna";"ALCANÇOU";"ALCANÇOU";;"ALCANÇOU";"ALCANÇOU";"ALCANÇOU";"NÃO ALCANÇOU";"ALCANÇOU"
"GO";"520015";"Adelândia";"ALCANÇOU";"NÃO ALCANÇOU";;"ALCANÇOU";"ALCANÇOU";"NÃO ALCANÇOU";"ALCANÇOU";"NÃO ALCANÇOU"
"GO";"520030";"Alexânia";"ALCANÇOU";"ALCANÇOU";;"NÃO ALCANÇOU";"ALCANÇOU";"NÃO ALCANÇOU";"NÃO ALCANÇOU";"ALCANÇOU"
"GO";"520050";"Aloândia";"ALCANÇOU";"ALCANÇOU";;"NÃO ALCANÇOU";"ALCANÇOU";"NÃO ALCANÇOU";"ALCANÇOU";"NÃO ALCANÇOU"
"GO";"520055";"Alto Horizonte";"ALCANÇOU";"ALCANÇOU";;"ALCANÇOU";"ALCANÇOU";"ALCANÇOU";"ALCANÇOU";"NÃO ALCANÇOU"
"GO";"520060";"Alto Paraíso de Goiás";"ALCANÇOU";"NÃO ALCANÇOU";;"NÃO ALCANÇOU";"NÃO ALCANÇOU";"NÃO ALCANÇOU";"NÃO ALCANÇOU";"ALCANÇOU"
"GO";"520080";"Alvorada do Norte";"ALCANÇOU";"ALCANÇOU";;"NÃO ALCANÇOU";"ALCANÇOU";"NÃO ALCANÇOU";"ALCANÇOU";"ALCANÇOU"
"GO";"520082";"Amaralina";"ALCANÇOU";"NÃO ALCANÇOU";;"ALCANÇOU";"NÃO ALCANÇOU";"NÃO ALCANÇOU";"ALCANÇOU";"ALCANÇOU"
"GO";"520085";"Americano do Brasil";"ALCANÇOU";"ALCANÇOU";;"NÃO ALCANÇOU";"NÃO ALCANÇOU";"ALCANÇOU";"NÃO ALCANÇOU";"ALCANÇOU"
"GO";"520090";"Amorinópolis";"ALCANÇOU";"ALCANÇOU";;"NÃO ALCANÇOU";"NÃO ALCANÇOU";"NÃO ALCANÇOU";"ALCANÇOU";"NÃO ALCANÇOU"
"GO";"520120";"Anhanguera";"NÃO ALCANÇOU";"ALCANÇOU";;"NÃO ALCANÇOU";"ALCANÇOU";"NÃO ALCANÇOU";"ALCANÇOU";"NÃO ALCANÇOU"
"GO";"520130";"Anicuns";"ALCANÇOU";"ALCANÇOU";;"NÃO ALCANÇOU";"ALCANÇOU";"ALCANÇOU";"NÃO ALCANÇOU";"ALCANÇOU"
"GO";"520110";"Anápolis";"ALCANÇOU";"ALCANÇOU";;"NÃO ALCANÇOU";"NÃO ALCANÇOU";"ALCANÇOU";"ALCANÇOU";"ALCANÇOU"
"GO";"520140";"Aparecida de Goiânia";"ALCANÇOU";"ALCANÇOU";;"NÃO ALCANÇOU";"NÃO ALCANÇOU";"ALCANÇOU";"ALCANÇOU";"ALCANÇOU"
"GO";"520145";"Aparecida do Rio Doce";"ALCANÇOU";"ALCANÇOU";;"NÃO ALCANÇOU";"NÃO ALCANÇOU";"NÃO ALCANÇOU";"ALCANÇOU";"ALCANÇOU"
"GO";"520150";"Aporé";"ALCANÇOU";"ALCANÇOU";;"NÃO ALCANÇOU";"ALCANÇOU";"NÃO ALCANÇOU";"ALCANÇOU";"ALCANÇOU"
"GO";"520170";"Aragarças";"ALCANÇOU";"ALCANÇOU";;"NÃO ALCANÇOU";"ALCANÇOU";"ALCANÇOU";"ALCANÇOU";"ALCANÇOU"
"GO";"520180";"Aragoiânia";"ALCANÇOU";"ALCANÇOU";;"NÃO ALCANÇOU";"NÃO ALCANÇOU";"ALCANÇOU";"ALCANÇOU";"NÃO ALCANÇOU"
"GO";"520215";"Araguapaz";"ALCANÇOU";"NÃO ALCANÇOU";;"ALCANÇOU";"NÃO ALCANÇOU";"NÃO ALCANÇOU";"ALCANÇOU";"ALCANÇOU"
"GO";"520160";"Araçu";"ALCANÇOU";"ALCANÇOU";;"NÃO ALCANÇOU";"ALCANÇOU";"ALCANÇOU";"ALCANÇOU";"ALCANÇOU"
"GO";"520235";"Arenópolis";"ALCANÇOU";"NÃO ALCANÇOU";;"NÃO ALCANÇOU";"ALCANÇOU";"NÃO ALCANÇOU";"ALCANÇOU";"ALCANÇOU"
"GO";"520250";"Aruanã";"ALCANÇOU";"ALCANÇOU";;"NÃO ALCANÇOU";"ALCANÇOU";"NÃO ALCANÇOU";"ALCANÇOU";"ALCANÇOU"
"GO";"520260";"Aurilândia";"ALCANÇOU";"NÃO ALCANÇOU";;"NÃO ALCANÇOU";"NÃO ALCANÇOU";"NÃO ALCANÇOU";"ALCANÇOU";"NÃO ALCANÇOU"
"GO";"520280";"Avelinópolis";"ALCANÇOU";"NÃO ALCANÇOU";;"NÃO ALCANÇOU";"ALCANÇOU";"NÃO ALCANÇOU";"ALCANÇOU";"NÃO ALCANÇOU"
"GO";"520310";"Baliza";"NÃO ALCANÇOU";"ALCANÇOU";;"NÃO ALCANÇOU";"ALCANÇOU";"NÃO ALCANÇOU";"ALCANÇOU";"NÃO ALCANÇOU"
"GO";"520320";"Barro Alto";"ALCANÇOU";"NÃO ALCANÇOU";;"NÃO ALCANÇOU";"NÃO ALCANÇOU";"NÃO ALCANÇOU";"ALCANÇOU";"ALCANÇOU"
"GO";"520330";"Bela Vista de Goiás";"ALCANÇOU";"ALCANÇOU";;"NÃO ALCANÇOU";"ALCANÇOU";"ALCANÇOU";"ALCANÇOU";"NÃO ALCANÇOU"
"GO";"520340";"Bom Jardim de Goiás";"ALCANÇOU";"ALCANÇOU";;"NÃO ALCANÇOU";"NÃO ALCANÇOU";"NÃO ALCANÇOU";"ALCANÇOU";"ALCANÇOU"
"GO";"520350";"Bom Jesus de Goiás";"ALCANÇOU";"ALCANÇOU";;"NÃO ALCANÇOU";"ALCANÇOU";"NÃO ALCANÇOU";"NÃO ALCANÇOU";"ALCANÇOU"
"GO";"520355";"Bonfinópolis";"ALCANÇOU";"ALCANÇOU";;"NÃO ALCANÇOU";"ALCANÇOU";"NÃO ALCANÇOU";"ALCANÇOU";"NÃO ALCANÇOU"
"GO";"520357";"Bonópolis";"ALCANÇOU";"ALCANÇOU";;"ALCANÇOU";"NÃO ALCANÇOU";"NÃO ALCANÇOU";"NÃO ALCANÇOU";"ALCANÇOU"
"GO";"520360";"Brazabrantes";"ALCANÇOU";"ALCANÇOU";;"NÃO ALCANÇOU";"ALCANÇOU";"NÃO ALCANÇOU";"ALCANÇOU";"ALCANÇOU"
"GO";"520380";"Britânia";"NÃO ALCANÇOU";"ALCANÇOU";;"NÃO ALCANÇOU";"ALCANÇOU";"NÃO ALCANÇOU";"ALCANÇOU";"NÃO ALCANÇOU"
"GO";"520390";"Buriti Alegre";"ALCANÇOU";"ALCANÇOU";;"NÃO ALCANÇOU";"ALCANÇOU";"NÃO ALCANÇOU";"ALCANÇOU";"ALCANÇOU"
"GO";"520393";"Buriti de Goiás";"ALCANÇOU";"ALCANÇOU";;"ALCANÇOU";"ALCANÇOU";"NÃO ALCANÇOU";"ALCANÇOU";"ALCANÇOU"
"GO";"520396";"Buritinópolis";"ALCANÇOU";"ALCANÇOU";;"ALCANÇOU";"NÃO ALCANÇOU";"NÃO ALCANÇOU";"ALCANÇOU";"ALCANÇOU"
"GO";"520400";"Cabeceiras";"ALCANÇOU";"ALCANÇOU";;"NÃO ALCANÇOU";"ALCANÇOU";"NÃO ALCANÇOU";"ALCANÇOU";"ALCANÇOU"
"GO";"520410";"Cachoeira Alta";"ALCANÇOU";"NÃO ALCANÇOU";;"NÃO ALCANÇOU";"ALCANÇOU";"NÃO ALCANÇOU";"NÃO ALCANÇOU";"ALCANÇOU"
"GO";"520425";"Cachoeira Dourada";"ALCANÇOU";"ALCANÇOU";;"ALCANÇOU";"ALCANÇOU";"NÃO ALCANÇOU";"NÃO ALCANÇOU";"ALCANÇOU"
"GO";"520420";"Cachoeira de Goiás";"ALCANÇOU";"NÃO ALCANÇOU";;"ALCANÇOU";"NÃO ALCANÇOU";"NÃO ALCANÇOU";"ALCANÇOU";"NÃO ALCANÇOU"
"GO";"520440";"Caiapônia";"ALCANÇOU";"ALCANÇOU";;"NÃO ALCANÇOU";"ALCANÇOU";"NÃO ALCANÇOU";"ALCANÇOU";"ALCANÇOU"
"GO";"520450";"Caldas Novas";"ALCANÇOU";"ALCANÇOU";;"NÃO ALCANÇOU";"NÃO ALCANÇOU";"NÃO ALCANÇOU";"NÃO ALCANÇOU";"ALCANÇOU"
"GO";"520455";"Caldazinha";"ALCANÇOU";"ALCANÇOU";;"NÃO ALCANÇOU";"ALCANÇOU";"NÃO ALCANÇOU";"ALCANÇOU";"ALCANÇOU"
"GO";"520460";"Campestre de Goiás";"ALCANÇOU";"NÃO ALCANÇOU";;"ALCANÇOU";"ALCANÇOU";"NÃO ALCANÇOU";"ALCANÇOU";"ALCANÇOU"
"GO";"520465";"Campinaçu";"ALCANÇOU";"ALCANÇOU";;"NÃO ALCANÇOU";"NÃO ALCANÇOU";"NÃO ALCANÇOU";"ALCANÇOU";"ALCANÇOU"
"GO";"520470";"Campinorte";"ALCANÇOU";"ALCANÇOU";;"NÃO ALCANÇOU";"ALCANÇOU";"ALCANÇOU";"ALCANÇOU";"ALCANÇOU"
"GO";"520480";"Campo Alegre de Goiás";"ALCANÇOU";"NÃO ALCANÇOU";;"NÃO ALCANÇOU";"NÃO ALCANÇOU";"NÃO ALCANÇOU";"NÃO ALCANÇOU";"ALCANÇOU"
"GO";"520485";"Campo Limpo de Goiás";"ALCANÇOU";"ALCANÇOU";;"NÃO ALCANÇOU";"ALCANÇOU";"NÃO ALCANÇOU";"ALCANÇOU";"ALCANÇOU"
"GO";"520490";"Campos Belos";"ALCANÇOU";"ALCANÇOU";;"NÃO ALCANÇOU";"ALCANÇOU";"ALCANÇOU";"ALCANÇOU";"ALCANÇOU"
"GO";"520495";"Campos Verdes";"ALCANÇOU";"ALCANÇOU";;"NÃO ALCANÇOU";"NÃO ALCANÇOU";"ALCANÇOU";"ALCANÇOU";"ALCANÇOU"
"GO";"520500";"Carmo do Rio Verde";"ALCANÇOU";"ALCANÇOU";;"ALCANÇOU";"ALCANÇOU";"ALCANÇOU";"ALCANÇOU";"ALCANÇOU"
"GO";"520505";"Castelândia";"NÃO ALCANÇOU";"ALCANÇOU";;"NÃO ALCANÇOU";"NÃO ALCANÇOU";"NÃO ALCANÇOU";"ALCANÇOU";"ALCANÇOU"
"GO";"520510";"Catalão";"ALCANÇOU";"ALCANÇOU";;"NÃO ALCANÇOU";"ALCANÇOU";"NÃO ALCANÇOU";"ALCANÇOU";"ALCANÇOU"
"GO";"520520";"Caturaí";"ALCANÇOU";"ALCANÇOU";;"ALCANÇOU";"NÃO ALCANÇOU";"NÃO ALCANÇOU";"ALCANÇOU";"ALCANÇOU"
"GO";"520530";"Cavalcante";"ALCANÇOU";"ALCANÇOU";;"NÃO ALCANÇOU";"NÃO ALCANÇOU";"NÃO ALCANÇOU";"ALCANÇOU";"ALCANÇOU"
"GO";"520430";"Caçu";"ALCANÇOU";"ALCANÇOU";;"NÃO ALCANÇOU";"NÃO ALCANÇOU";"NÃO ALCANÇOU";"ALCANÇOU";"ALCANÇOU"
"GO";"520540";"Ceres";"ALCANÇOU";"ALCANÇOU";;"NÃO ALCANÇOU";"ALCANÇOU";"ALCANÇOU";"NÃO ALCANÇOU";"ALCANÇOU"
"GO";"520545";"Cezarina";"ALCANÇOU";"ALCANÇOU";;"NÃO ALCANÇOU";"ALCANÇOU";"NÃO ALCANÇOU";"ALCANÇOU";"ALCANÇOU"
"GO";"520547";"Chapadão do Céu";"ALCANÇOU";"ALCANÇOU";;"ALCANÇOU";"ALCANÇOU";"ALCANÇOU";"ALCANÇOU";"ALCANÇOU"
"GO";"520549";"Cidade Ocidental";"ALCANÇOU";"ALCANÇOU";;"NÃO ALCANÇOU";"ALCANÇOU";"NÃO ALCANÇOU";"ALCANÇOU";"ALCANÇOU"
"GO";"520551";"Cocalzinho de Goiás";"ALCANÇOU";"ALCANÇOU";;"ALCANÇOU";"ALCANÇOU";"ALCANÇOU";"ALCANÇOU";"ALCANÇOU"
"GO";"520552";"Colinas do Sul";"ALCANÇOU";"ALCANÇOU";;"NÃO ALCANÇOU";"NÃO ALCANÇOU";"NÃO ALCANÇOU";"ALCANÇOU";"NÃO ALCANÇOU"
"GO";"520590";"Corumbaíba";"ALCANÇOU";"ALCANÇOU";;"ALCANÇOU";"ALCANÇOU";"NÃO ALCANÇOU";"ALCANÇOU";"ALCANÇOU"
"GO";"520580";"Corumbá de Goiás";"ALCANÇOU";"ALCANÇOU";;"ALCANÇOU";"ALCANÇOU";"ALCANÇOU";"NÃO ALCANÇOU";"ALCANÇOU"
"GO";"520620";"Cristalina";"ALCANÇOU";"ALCANÇOU";;"NÃO ALCANÇOU";"ALCANÇOU";"NÃO ALCANÇOU";"NÃO ALCANÇOU";"ALCANÇOU"
"GO";"520630";"Cristianópolis";"ALCANÇOU";"ALCANÇOU";;"NÃO ALCANÇOU";"NÃO ALCANÇOU";"NÃO ALCANÇOU";"ALCANÇOU";"ALCANÇOU"
"GO";"520640";"Crixás";"ALCANÇOU";"ALCANÇOU";;"NÃO ALCANÇOU";"NÃO ALCANÇOU";"NÃO ALCANÇOU";"NÃO ALCANÇOU";"ALCANÇOU"
"GO";"520650";"Cromínia";"ALCANÇOU";"ALCANÇOU";;"NÃO ALCANÇOU";"ALCANÇOU";"NÃO ALCANÇOU";"ALCANÇOU";"ALCANÇOU"
"GO";"520660";"Cumari";"ALCANÇOU";"ALCANÇOU";;"NÃO ALCANÇOU";"ALCANÇOU";"ALCANÇOU";"ALCANÇOU";"ALCANÇOU"
"GO";"520570";"Córrego do Ouro";"ALCANÇOU";"ALCANÇOU";;"NÃO ALCANÇOU";"ALCANÇOU";"NÃO ALCANÇOU";"ALCANÇOU";"NÃO ALCANÇOU"
"GO";"520670";"Damianópolis";"ALCANÇOU";"ALCANÇOU";;"NÃO ALCANÇOU";"NÃO ALCANÇOU";"NÃO ALCANÇOU";"ALCANÇOU";"NÃO ALCANÇOU"
"GO";"520680";"Damolândia";"ALCANÇOU";"ALCANÇOU";;"ALCANÇOU";"ALCANÇOU";"ALCANÇOU";"ALCANÇOU";"NÃO ALCANÇOU"
"GO";"520690";"Davinópolis";"ALCANÇOU";"ALCANÇOU";;"NÃO ALCANÇOU";"NÃO ALCANÇOU";"ALCANÇOU";"ALCANÇOU";"NÃO ALCANÇOU"
"GO";"520710";"Diorama";"ALCANÇOU";"ALCANÇOU";;"ALCANÇOU";"ALCANÇOU";"NÃO ALCANÇOU";"ALCANÇOU";"NÃO ALCANÇOU"
"GO";"520830";"Divinópolis de Goiás";"NÃO ALCANÇOU";"ALCANÇOU";;"ALCANÇOU";"NÃO ALCANÇOU";"NÃO ALCANÇOU";"ALCANÇOU";"ALCANÇOU"
"GO";"520725";"Doverlândia";"ALCANÇOU";"ALCANÇOU";;"ALCANÇOU";"ALCANÇOU";"NÃO ALCANÇOU";"ALCANÇOU";"ALCANÇOU"
"GO";"520735";"Edealina";"ALCANÇOU";"ALCANÇOU";;"ALCANÇOU";"NÃO ALCANÇOU";"NÃO ALCANÇOU";"ALCANÇOU";"ALCANÇOU"
"GO";"520740";"Edéia";"ALCANÇOU";"ALCANÇOU";;"NÃO ALCANÇOU";"ALCANÇOU";"NÃO ALCANÇOU";"ALCANÇOU";"ALCANÇOU"
"GO";"520750";"Estrela do Norte";"NÃO ALCANÇOU";"ALCANÇOU";;"ALCANÇOU";"ALCANÇOU";"ALCANÇOU";"ALCANÇOU";"ALCANÇOU"
"GO";"520753";"Faina";"ALCANÇOU";"NÃO ALCANÇOU";;"ALCANÇOU";"NÃO ALCANÇOU";"ALCANÇOU";"ALCANÇOU";"ALCANÇOU"
"GO";"520760";"Fazenda Nova";"NÃO ALCANÇOU";"ALCANÇOU";;"NÃO ALCANÇOU";"NÃO ALCANÇOU";"NÃO ALCANÇOU";"ALCANÇOU";"NÃO ALCANÇOU"
"GO";"520780";"Firminópolis";"ALCANÇOU";"ALCANÇOU";;"ALCANÇOU";"ALCANÇOU";"NÃO ALCANÇOU";"NÃO ALCANÇOU";"ALCANÇOU"
"GO";"520790";"Flores de Goiás";"ALCANÇOU";"NÃO ALCANÇOU";;"NÃO ALCANÇOU";"ALCANÇOU";"NÃO ALCANÇOU";"ALCANÇOU";"ALCANÇOU"
"GO";"520800";"Formosa";"ALCANÇOU";"ALCANÇOU";;"NÃO ALCANÇOU";"ALCANÇOU";"NÃO ALCANÇOU";"NÃO ALCANÇOU";"ALCANÇOU"
"GO";"520810";"Formoso";"ALCANÇOU";"ALCANÇOU";;"NÃO ALCANÇOU";"NÃO ALCANÇOU";"NÃO ALCANÇOU";"ALCANÇOU";"ALCANÇOU"
"GO";"520815";"Gameleira de Goiás";"ALCANÇOU";"ALCANÇOU";;"NÃO ALCANÇOU";"ALCANÇOU";"NÃO ALCANÇOU";"ALCANÇOU";"ALCANÇOU"
"GO";"520850";"Goiandira";"NÃO ALCANÇOU";"ALCANÇOU";;"NÃO ALCANÇOU";"NÃO ALCANÇOU";"NÃO ALCANÇOU";"NÃO ALCANÇOU";"NÃO ALCANÇOU"
"GO";"520880";"Goianira";"ALCANÇOU";"ALCANÇOU";;"ALCANÇOU";"ALCANÇOU";"NÃO ALCANÇOU";"NÃO ALCANÇOU";"ALCANÇOU"
"GO";"520840";"Goianápolis";"ALCANÇOU";"ALCANÇOU";;"ALCANÇOU";"NÃO ALCANÇOU";"ALCANÇOU";"ALCANÇOU";"ALCANÇOU"
"GO";"520860";"Goianésia";"ALCANÇOU";"ALCANÇOU";;"NÃO ALCANÇOU";"ALCANÇOU";"ALCANÇOU";"ALCANÇOU";"ALCANÇOU"
"GO";"520910";"Goiatuba";"ALCANÇOU";"ALCANÇOU";;"NÃO ALCANÇOU";"NÃO ALCANÇOU";"NÃO ALCANÇOU";"ALCANÇOU";"ALCANÇOU"
"GO";"520890";"Goiás";"ALCANÇOU";"ALCANÇOU";;"NÃO ALCANÇOU";"ALCANÇOU";"ALCANÇOU";"NÃO ALCANÇOU";"ALCANÇOU"
"GO";"520870";"Goiânia";"ALCANÇOU";"ALCANÇOU";;"NÃO ALCANÇOU";"NÃO ALCANÇOU";"ALCANÇOU";"NÃO ALCANÇOU";"ALCANÇOU"
"GO";"520915";"Gouvelândia";"ALCANÇOU";"ALCANÇOU";;"NÃO ALCANÇOU";"ALCANÇOU";"NÃO ALCANÇOU";"ALCANÇOU";"ALCANÇOU"
"GO";"520920";"Guapó";"ALCANÇOU";"ALCANÇOU";;"NÃO ALCANÇOU";"ALCANÇOU";"NÃO ALCANÇOU";"ALCANÇOU";"ALCANÇOU"
"GO";"520940";"Guarani de Goiás";"ALCANÇOU";"ALCANÇOU";;"ALCANÇOU";"ALCANÇOU";"NÃO ALCANÇOU";"ALCANÇOU";"ALCANÇOU"
"GO";"520929";"Guaraíta";"ALCANÇOU";"ALCANÇOU";;"NÃO ALCANÇOU";"NÃO ALCANÇOU";"NÃO ALCANÇOU";"ALCANÇOU";"NÃO ALCANÇOU"
"GO";"520945";"Guarinos";"ALCANÇOU";"NÃO ALCANÇOU";;"NÃO ALCANÇOU";"ALCANÇOU";"NÃO ALCANÇOU";"ALCANÇOU";"NÃO ALCANÇOU"
"GO";"520960";"Heitoraí";"ALCANÇOU";"ALCANÇOU";;"ALCANÇOU";"ALCANÇOU";"ALCANÇOU";"ALCANÇOU";"ALCANÇOU"
"GO";"520980";"Hidrolina";"ALCANÇOU";"ALCANÇOU";;"NÃO ALCANÇOU";"NÃO ALCANÇOU";"NÃO ALCANÇOU";"ALCANÇOU";"ALCANÇOU"
"GO";"520970";"Hidrolândia";"ALCANÇOU";"ALCANÇOU";;"ALCANÇOU";"ALCANÇOU";"ALCANÇOU";"NÃO ALCANÇOU";"NÃO ALCANÇOU"
"GO";"520990";"Iaciara";"ALCANÇOU";"ALCANÇOU";;"NÃO ALCANÇOU";"NÃO ALCANÇOU";"NÃO ALCANÇOU";"ALCANÇOU";"ALCANÇOU"
"GO";"520993";"Inaciolândia";"ALCANÇOU";"ALCANÇOU";;"ALCANÇOU";"NÃO ALCANÇOU";"NÃO ALCANÇOU";"ALCANÇOU";"ALCANÇOU"
"GO";"520995";"Indiara";"ALCANÇOU";"ALCANÇOU";;"NÃO ALCANÇOU";"NÃO ALCANÇOU";"ALCANÇOU";"NÃO ALCANÇOU";"ALCANÇOU"
"GO";"521000";"Inhumas";"ALCANÇOU";"ALCANÇOU";;"NÃO ALCANÇOU";"ALCANÇOU";"ALCANÇOU";"ALCANÇOU";"ALCANÇOU"
"GO";"521010";"Ipameri";"ALCANÇOU";"ALCANÇOU";;"NÃO ALCANÇOU";"ALCANÇOU";"NÃO ALCANÇOU";"ALCANÇOU";"ALCANÇOU"
"GO";"521015";"Ipiranga de Goiás";"ALCANÇOU";"ALCANÇOU";;"NÃO ALCANÇOU";"NÃO ALCANÇOU";"NÃO ALCANÇOU";"ALCANÇOU";"NÃO ALCANÇOU"
"GO";"521020";"Iporá";"ALCANÇOU";"ALCANÇOU";;"NÃO ALCANÇOU";"ALCANÇOU";"NÃO ALCANÇOU";"NÃO ALCANÇOU";"NÃO ALCANÇOU"
"GO";"521030";"Israelândia";"ALCANÇOU";"NÃO ALCANÇOU";;"NÃO ALCANÇOU";"ALCANÇOU";"NÃO ALCANÇOU";"ALCANÇOU";"NÃO ALCANÇOU"
"GO";"521040";"Itaberaí";"ALCANÇOU";"ALCANÇOU";;"NÃO ALCANÇOU";"ALCANÇOU";"NÃO ALCANÇOU";"ALCANÇOU";"NÃO ALCANÇOU"
"GO";"521056";"Itaguari";"ALCANÇOU";"ALCANÇOU";;"ALCANÇOU";"NÃO ALCANÇOU";"NÃO ALCANÇOU";"ALCANÇOU";"NÃO ALCANÇOU"
"GO";"521060";"Itaguaru";"ALCANÇOU";"ALCANÇOU";;"ALCANÇOU";"ALCANÇOU";"NÃO ALCANÇOU";"ALCANÇOU";"ALCANÇOU"
"GO";"521080";"Itajá";"ALCANÇOU";"ALCANÇOU";;"NÃO ALCANÇOU";"ALCANÇOU";"NÃO ALCANÇOU";"ALCANÇOU";"ALCANÇOU"
"GO";"521090";"Itapaci";"ALCANÇOU";"ALCANÇOU";;"NÃO ALCANÇOU";"ALCANÇOU";"NÃO ALCANÇOU";"NÃO ALCANÇOU";"ALCANÇOU"
"GO";"521100";"Itapirapuã";"ALCANÇOU";"NÃO ALCANÇOU";;"NÃO ALCANÇOU";"NÃO ALCANÇOU";"NÃO ALCANÇOU";"ALCANÇOU";"ALCANÇOU"
"GO";"521120";"Itapuranga";"ALCANÇOU";"ALCANÇOU";;"NÃO ALCANÇOU";"NÃO ALCANÇOU";"ALCANÇOU";"NÃO ALCANÇOU";"ALCANÇOU"
"GO";"521130";"Itarumã";"ALCANÇOU";"ALCANÇOU";;"NÃO ALCANÇOU";"NÃO ALCANÇOU";"NÃO ALCANÇOU";"ALCANÇOU";"ALCANÇOU"
"GO";"521140";"Itauçu";"ALCANÇOU";"ALCANÇOU";;"ALCANÇOU";"ALCANÇOU";"NÃO ALCANÇOU";"NÃO ALCANÇOU";"NÃO ALCANÇOU"
"GO";"521150";"Itumbiara";"ALCANÇOU";"ALCANÇOU";;"NÃO ALCANÇOU";"ALCANÇOU";"NÃO ALCANÇOU";"ALCANÇOU";"ALCANÇOU"
"GO";"521160";"Ivolândia";"ALCANÇOU";"NÃO ALCANÇOU";;"ALCANÇOU";"ALCANÇOU";"NÃO ALCANÇOU";"ALCANÇOU";"ALCANÇOU"
"GO";"521170";"Jandaia";"ALCANÇOU";"ALCANÇOU";;"ALCANÇOU";"ALCANÇOU";"NÃO ALCANÇOU";"ALCANÇOU";"ALCANÇOU"
"GO";"521180";"Jaraguá";"ALCANÇOU";"ALCANÇOU";;"NÃO ALCANÇOU";"ALCANÇOU";"NÃO ALCANÇOU";"ALCANÇOU";"ALCANÇOU"
"GO";"521190";"Jataí";"ALCANÇOU";"ALCANÇOU";;"NÃO ALCANÇOU";"ALCANÇOU";"NÃO ALCANÇOU";"ALCANÇOU";"ALCANÇOU"
"GO";"521200";"Jaupaci";"ALCANÇOU";"ALCANÇOU";;"NÃO ALCANÇOU";"ALCANÇOU";"NÃO ALCANÇOU";"ALCANÇOU";"ALCANÇOU"
"GO";"521205";"Jesúpolis";"ALCANÇOU";"ALCANÇOU";;"ALCANÇOU";"ALCANÇOU";"NÃO ALCANÇOU";"ALCANÇOU";"ALCANÇOU"
"GO";"521210";"Joviânia";"NÃO ALCANÇOU";"NÃO ALCANÇOU";;"NÃO ALCANÇOU";"ALCANÇOU";"NÃO ALCANÇOU";"ALCANÇOU";"ALCANÇOU"
"GO";"521220";"Jussara";"ALCANÇOU";"ALCANÇOU";;"NÃO ALCANÇOU";"ALCANÇOU";"NÃO ALCANÇOU";"NÃO ALCANÇOU";"ALCANÇOU"
"GO";"521225";"Lagoa Santa";"ALCANÇOU";"ALCANÇOU";;"NÃO ALCANÇOU";"NÃO ALCANÇOU";"NÃO ALCANÇOU";"ALCANÇOU";"ALCANÇOU"
"GO";"521230";"Leopoldo de Bulhões";"NÃO ALCANÇOU";"NÃO ALCANÇOU";;"NÃO ALCANÇOU";"ALCANÇOU";"ALCANÇOU";"ALCANÇOU";"ALCANÇOU"
"GO";"521250";"Luziânia";"ALCANÇOU";"ALCANÇOU";;"NÃO ALCANÇOU";"ALCANÇOU";"ALCANÇOU";"ALCANÇOU";"ALCANÇOU"
"GO";"521260";"Mairipotaba";"ALCANÇOU";"ALCANÇOU";;"NÃO ALCANÇOU";"NÃO ALCANÇOU";"NÃO ALCANÇOU";"ALCANÇOU";"ALCANÇOU"
"GO";"521270";"Mambaí";"NÃO ALCANÇOU";"ALCANÇOU";;"NÃO ALCANÇOU";"NÃO ALCANÇOU";"NÃO ALCANÇOU";"ALCANÇOU";"ALCANÇOU"
"GO";"521280";"Mara Rosa";"ALCANÇOU";"ALCANÇOU";;"NÃO ALCANÇOU";"NÃO ALCANÇOU";"ALCANÇOU";"ALCANÇOU";"ALCANÇOU"
"GO";"521290";"Marzagão";"ALCANÇOU";"ALCANÇOU";;"ALCANÇOU";"NÃO ALCANÇOU";"NÃO ALCANÇOU";"NÃO ALCANÇOU";"NÃO ALCANÇOU"
"GO";"521295";"Matrinchã";"ALCANÇOU";"ALCANÇOU";;"NÃO ALCANÇOU";"NÃO ALCANÇOU";"NÃO ALCANÇOU";"ALCANÇOU";"ALCANÇOU"
"GO";"521300";"Maurilândia";"ALCANÇOU";"ALCANÇOU";;"NÃO ALCANÇOU";"NÃO ALCANÇOU";"NÃO ALCANÇOU";"ALCANÇOU";"ALCANÇOU"
"GO";"521305";"Mimoso de Goiás";"ALCANÇOU";"ALCANÇOU";;"ALCANÇOU";"ALCANÇOU";"NÃO ALCANÇOU";"ALCANÇOU";"NÃO ALCANÇOU"
"GO";"521308";"Minaçu";"ALCANÇOU";"ALCANÇOU";;"NÃO ALCANÇOU";"NÃO ALCANÇOU";"ALCANÇOU";"NÃO ALCANÇOU";"ALCANÇOU"
"GO";"521310";"Mineiros";"ALCANÇOU";"ALCANÇOU";;"NÃO ALCANÇOU";"ALCANÇOU";"NÃO ALCANÇOU";"NÃO ALCANÇOU";"ALCANÇOU"
"GO";"521340";"Moiporá";"ALCANÇOU";"NÃO ALCANÇOU";;"NÃO ALCANÇOU";"NÃO ALCANÇOU";"NÃO ALCANÇOU";"ALCANÇOU";"NÃO ALCANÇOU"
"GO";"521350";"Monte Alegre de Goiás";"ALCANÇOU";"ALCANÇOU";;"NÃO ALCANÇOU";"ALCANÇOU";"NÃO ALCANÇOU";"ALCANÇOU";"ALCANÇOU"
"GO";"521370";"Montes Claros de Goiás";"ALCANÇOU";"ALCANÇOU";;"ALCANÇOU";"NÃO ALCANÇOU";"ALCANÇOU";"ALCANÇOU";"ALCANÇOU"
"GO";"521375";"Montividiu";"ALCANÇOU";"ALCANÇOU";;"ALCANÇOU";"NÃO ALCANÇOU";"NÃO ALCANÇOU";"ALCANÇOU";"ALCANÇOU"
"GO";"521377";"Montividiu do Norte";"NÃO ALCANÇOU";"NÃO ALCANÇOU";;"ALCANÇOU";"NÃO ALCANÇOU";"ALCANÇOU";"ALCANÇOU";"ALCANÇOU"
"GO";"521380";"Morrinhos";"ALCANÇOU";"ALCANÇOU";;"NÃO ALCANÇOU";"ALCANÇOU";"ALCANÇOU";"ALCANÇOU";"ALCANÇOU"
"GO";"521385";"Morro Agudo de Goiás";"ALCANÇOU";"ALCANÇOU";;"NÃO ALCANÇOU";"ALCANÇOU";"NÃO ALCANÇOU";"ALCANÇOU";"NÃO ALCANÇOU"
"GO";"521390";"Mossâmedes";"ALCANÇOU";"ALCANÇOU";;"NÃO ALCANÇOU";"NÃO ALCANÇOU";"NÃO ALCANÇOU";"ALCANÇOU";"ALCANÇOU"
"GO";"521400";"Mozarlândia";"ALCANÇOU";"ALCANÇOU";;"NÃO ALCANÇOU";"NÃO ALCANÇOU";"ALCANÇOU";"ALCANÇOU";"ALCANÇOU"
"GO";"521405";"Mundo Novo";"ALCANÇOU";"ALCANÇOU";;"NÃO ALCANÇOU";"NÃO ALCANÇOU";"NÃO ALCANÇOU";"ALCANÇOU";"ALCANÇOU"
"GO";"521410";"Mutunópolis";"ALCANÇOU";"ALCANÇOU";;"NÃO ALCANÇOU";"ALCANÇOU";"NÃO ALCANÇOU";"ALCANÇOU";"ALCANÇOU"
"GO";"521440";"Nazário";"ALCANÇOU";"ALCANÇOU";;"NÃO ALCANÇOU";"NÃO ALCANÇOU";"NÃO ALCANÇOU";"ALCANÇOU";"ALCANÇOU"
"GO";"521450";"Nerópolis";"ALCANÇOU";"ALCANÇOU";;"NÃO ALCANÇOU";"ALCANÇOU";"NÃO ALCANÇOU";"ALCANÇOU";"ALCANÇOU"
"GO";"521460";"Niquelândia";"NÃO ALCANÇOU";"ALCANÇOU";;"NÃO ALCANÇOU";"NÃO ALCANÇOU";"NÃO ALCANÇOU";"ALCANÇOU";"ALCANÇOU"
"GO";"521470";"Nova América";"ALCANÇOU";"ALCANÇOU";;"NÃO ALCANÇOU";"ALCANÇOU";"NÃO ALCANÇOU";"ALCANÇOU";"NÃO ALCANÇOU"
"GO";"521480";"Nova Aurora";"ALCANÇOU";"ALCANÇOU";;"NÃO ALCANÇOU";"NÃO ALCANÇOU";"NÃO ALCANÇOU";"ALCANÇOU";"NÃO ALCANÇOU"
"GO";"521483";"Nova Crixás";"ALCANÇOU";"ALCANÇOU";;"NÃO ALCANÇOU";"NÃO ALCANÇOU";"ALCANÇOU";"NÃO ALCANÇOU";"NÃO ALCANÇOU"
"GO";"521486";"Nova Glória";"ALCANÇOU";"ALCANÇOU";;"NÃO ALCANÇOU";"ALCANÇOU";"NÃO ALCANÇOU";"ALCANÇOU";"ALCANÇOU"
"GO";"521487";"Nova Iguaçu de Goiás";"ALCANÇOU";"ALCANÇOU";;"ALCANÇOU";"NÃO ALCANÇOU";"NÃO ALCANÇOU";"ALCANÇOU";"NÃO ALCANÇOU"
"GO";"521490";"Nova Roma";"ALCANÇOU";"ALCANÇOU";;"NÃO ALCANÇOU";"NÃO ALCANÇOU";"NÃO ALCANÇOU";"ALCANÇOU";"ALCANÇOU"
"GO";"521500";"Nova Veneza";"ALCANÇOU";"ALCANÇOU";;"NÃO ALCANÇOU";"ALCANÇOU";"ALCANÇOU";"ALCANÇOU";"ALCANÇOU"
"GO";"521520";"Novo Brasil";"NÃO ALCANÇOU";"ALCANÇOU";;"NÃO ALCANÇOU";"NÃO ALCANÇOU";"NÃO ALCANÇOU";"NÃO ALCANÇOU";"NÃO ALCANÇOU"
"GO";"521523";"Novo Gama";"ALCANÇOU";"ALCANÇOU";;"NÃO ALCANÇOU";"ALCANÇOU";"ALCANÇOU";"NÃO ALCANÇOU";"ALCANÇOU"
"GO";"521525";"Novo Planalto";"ALCANÇOU";"ALCANÇOU";;"NÃO ALCANÇOU";"NÃO ALCANÇOU";"ALCANÇOU";"ALCANÇOU";"ALCANÇOU"
"GO";"521530";"Orizona";"ALCANÇOU";"ALCANÇOU";;"NÃO ALCANÇOU";"ALCANÇOU";"ALCANÇOU";"ALCANÇOU";"ALCANÇOU"
"GO";"521540";"Ouro Verde de Goiás";"ALCANÇOU";"ALCANÇOU";;"NÃO ALCANÇOU";"ALCANÇOU";"NÃO ALCANÇOU";"ALCANÇOU";"ALCANÇOU"
"GO";"521550";"Ouvidor";"ALCANÇOU";"ALCANÇOU";;"ALCANÇOU";"ALCANÇOU";"NÃO ALCANÇOU";"ALCANÇOU";"NÃO ALCANÇOU"
"GO";"521560";"Padre Bernardo";"ALCANÇOU";"ALCANÇOU";;"NÃO ALCANÇOU";"NÃO ALCANÇOU";"NÃO ALCANÇOU";"ALCANÇOU";"ALCANÇOU"
"GO";"521565";"Palestina de Goiás";"ALCANÇOU";"ALCANÇOU";;"NÃO ALCANÇOU";"ALCANÇOU";"NÃO ALCANÇOU";"NÃO ALCANÇOU";"NÃO ALCANÇOU"
"GO";"521570";"Palmeiras de Goiás";"ALCANÇOU";"ALCANÇOU";;"NÃO ALCANÇOU";"NÃO ALCANÇOU";"ALCANÇOU";"NÃO ALCANÇOU";"NÃO ALCANÇOU"
"GO";"521580";"Palmelo";"ALCANÇOU";"NÃO ALCANÇOU";;"ALCANÇOU";"ALCANÇOU";"NÃO ALCANÇOU";"ALCANÇOU";"ALCANÇOU"
"GO";"521590";"Palminópolis";"ALCANÇOU";"ALCANÇOU";;"NÃO ALCANÇOU";"NÃO ALCANÇOU";"NÃO ALCANÇOU";"NÃO ALCANÇOU";"ALCANÇOU"
"GO";"521600";"Panamá";"ALCANÇOU";"ALCANÇOU";;"ALCANÇOU";"NÃO ALCANÇOU";"NÃO ALCANÇOU";"ALCANÇOU";"ALCANÇOU"
"GO";"521630";"Paranaiguara";"ALCANÇOU";"ALCANÇOU";;"NÃO ALCANÇOU";"NÃO ALCANÇOU";"NÃO ALCANÇOU";"ALCANÇOU";"ALCANÇOU"
"GO";"521640";"Paraúna";"ALCANÇOU";"ALCANÇOU";;"NÃO ALCANÇOU";"ALCANÇOU";"NÃO ALCANÇOU";"ALCANÇOU";"ALCANÇOU"
"GO";"521645";"Perolândia";"ALCANÇOU";"ALCANÇOU";;"NÃO ALCANÇOU";"ALCANÇOU";"NÃO ALCANÇOU";"ALCANÇOU";"ALCANÇOU"
"GO";"521680";"Petrolina de Goiás";"ALCANÇOU";"ALCANÇOU";;"ALCANÇOU";"ALCANÇOU";"ALCANÇOU";"ALCANÇOU";"ALCANÇOU"
"GO";"521690";"Pilar de Goiás";"ALCANÇOU";"NÃO ALCANÇOU";;"NÃO ALCANÇOU";"NÃO ALCANÇOU";"NÃO ALCANÇOU";"ALCANÇOU";"NÃO ALCANÇOU"
"GO";"521710";"Piracanjuba";"NÃO ALCANÇOU";"ALCANÇOU";;"ALCANÇOU";"ALCANÇOU";"NÃO ALCANÇOU";"NÃO ALCANÇOU";"ALCANÇOU"
"GO";"521720";"Piranhas";"ALCANÇOU";"ALCANÇOU";;"NÃO ALCANÇOU";"ALCANÇOU";"NÃO ALCANÇOU";"ALCANÇOU";"ALCANÇOU"
"GO";"521730";"Pirenópolis";"ALCANÇOU";"ALCANÇOU";;"NÃO ALCANÇOU";"ALCANÇOU";"ALCANÇOU";"ALCANÇOU";"ALCANÇOU"
"GO";"521740";"Pires do Rio";"ALCANÇOU";"ALCANÇOU";;"NÃO ALCANÇOU";"ALCANÇOU";"NÃO ALCANÇOU";"NÃO ALCANÇOU";"ALCANÇOU"
"GO";"521760";"Planaltina";"ALCANÇOU";"ALCANÇOU";;"NÃO ALCANÇOU";"NÃO ALCANÇOU";"ALCANÇOU";"NÃO ALCANÇOU";"ALCANÇOU"
"GO";"521770";"Pontalina";"ALCANÇOU";"ALCANÇOU";;"NÃO ALCANÇOU";"ALCANÇOU";"NÃO ALCANÇOU";"NÃO ALCANÇOU";"ALCANÇOU"
"GO";"521800";"Porangatu";"ALCANÇOU";"ALCANÇOU";;"NÃO ALCANÇOU";"ALCANÇOU";"ALCANÇOU";"NÃO ALCANÇOU";"ALCANÇOU"
"GO";"521805";"Porteirão";"ALCANÇOU";"ALCANÇOU";;"ALCANÇOU";"NÃO ALCANÇOU";"ALCANÇOU";"ALCANÇOU";"ALCANÇOU"
"GO";"521810";"Portelândia";"ALCANÇOU";"ALCANÇOU";;"NÃO ALCANÇOU";"ALCANÇOU";"NÃO ALCANÇOU";"ALCANÇOU";"ALCANÇOU"
"GO";"521830";"Posse";"ALCANÇOU";"ALCANÇOU";;"NÃO ALCANÇOU";"ALCANÇOU";"NÃO ALCANÇOU";"ALCANÇOU";"ALCANÇOU"
"GO";"521839";"Professor Jamil";"ALCANÇOU";"NÃO ALCANÇOU";;"ALCANÇOU";"ALCANÇOU";"NÃO ALCANÇOU";"ALCANÇOU";"ALCANÇOU"
"GO";"521850";"Quirinópolis";"ALCANÇOU";"ALCANÇOU";;"NÃO ALCANÇOU";"ALCANÇOU";"ALCANÇOU";"ALCANÇOU";"ALCANÇOU"
"GO";"521860";"Rialma";"ALCANÇOU";"ALCANÇOU";;"NÃO ALCANÇOU";"ALCANÇOU";"ALCANÇOU";"ALCANÇOU";"ALCANÇOU"
"GO";"521870";"Rianápolis";"ALCANÇOU";"ALCANÇOU";;"ALCANÇOU";"ALCANÇOU";"NÃO ALCANÇOU";"ALCANÇOU";"NÃO ALCANÇOU"
"GO";"521878";"Rio Quente";"ALCANÇOU";"ALCANÇOU";;"ALCANÇOU";"ALCANÇOU";"NÃO ALCANÇOU";"ALCANÇOU";"ALCANÇOU"
"GO";"521880";"Rio Verde";"ALCANÇOU";"ALCANÇOU";;"NÃO ALCANÇOU";"ALCANÇOU";"ALCANÇOU";"NÃO ALCANÇOU";"ALCANÇOU"
"GO";"521890";"Rubiataba";"ALCANÇOU";"ALCANÇOU";;"NÃO ALCANÇOU";"NÃO ALCANÇOU";"ALCANÇOU";"ALCANÇOU";"ALCANÇOU"
"GO";"521900";"Sanclerlândia";"ALCANÇOU";"ALCANÇOU";;"ALCANÇOU";"ALCANÇOU";"NÃO ALCANÇOU";"ALCANÇOU";"ALCANÇOU"
"GO";"521910";"Santa Bárbara de Goiás";"ALCANÇOU";"ALCANÇOU";;"NÃO ALCANÇOU";"ALCANÇOU";"NÃO ALCANÇOU";"ALCANÇOU";"ALCANÇOU"
"GO";"521920";"Santa Cruz de Goiás";"ALCANÇOU";"ALCANÇOU";;"NÃO ALCANÇOU";"ALCANÇOU";"NÃO ALCANÇOU";"ALCANÇOU";"ALCANÇOU"
"GO";"521925";"Santa Fé de Goiás";"ALCANÇOU";"ALCANÇOU";;"ALCANÇOU";"NÃO ALCANÇOU";"NÃO ALCANÇOU";"ALCANÇOU";"ALCANÇOU"
"GO";"521930";"Santa Helena de Goiás";"ALCANÇOU";"ALCANÇOU";;"NÃO ALCANÇOU";"NÃO ALCANÇOU";"NÃO ALCANÇOU";"ALCANÇOU";"ALCANÇOU"
"GO";"521935";"Santa Isabel";"ALCANÇOU";"ALCANÇOU";;"NÃO ALCANÇOU";"NÃO ALCANÇOU";"NÃO ALCANÇOU";"ALCANÇOU";"NÃO ALCANÇOU"
"GO";"521940";"Santa Rita do Araguaia";"ALCANÇOU";"ALCANÇOU";;"NÃO ALCANÇOU";"ALCANÇOU";"NÃO ALCANÇOU";"NÃO ALCANÇOU";"ALCANÇOU"
"GO";"521945";"Santa Rita do Novo Destino";"ALCANÇOU";"NÃO ALCANÇOU";;"ALCANÇOU";"ALCANÇOU";"NÃO ALCANÇOU";"ALCANÇOU";"NÃO ALCANÇOU"
"GO";"521950";"Santa Rosa de Goiás";"NÃO ALCANÇOU";"ALCANÇOU";;"NÃO ALCANÇOU";"ALCANÇOU";"NÃO ALCANÇOU";"ALCANÇOU";"ALCANÇOU"
"GO";"521960";"Santa Tereza de Goiás";"ALCANÇOU";"ALCANÇOU";;"NÃO ALCANÇOU";"NÃO ALCANÇOU";"NÃO ALCANÇOU";"ALCANÇOU";"ALCANÇOU"
"GO";"521970";"Santa Terezinha de Goiás";"ALCANÇOU";"ALCANÇOU";;"ALCANÇOU";"NÃO ALCANÇOU";"NÃO ALCANÇOU";"NÃO ALCANÇOU";"ALCANÇOU"
"GO";"521971";"Santo Antônio da Barra";"NÃO ALCANÇOU";"ALCANÇOU";;"ALCANÇOU";"ALCANÇOU";"NÃO ALCANÇOU";"ALCANÇOU";"ALCANÇOU"
"GO";"521973";"Santo Antônio de Goiás";"ALCANÇOU";"ALCANÇOU";;"NÃO ALCANÇOU";"ALCANÇOU";"ALCANÇOU";"ALCANÇOU";"ALCANÇOU"
"GO";"521975";"Santo Antônio do Descoberto";"NÃO ALCANÇOU";"ALCANÇOU";;"NÃO ALCANÇOU";"NÃO ALCANÇOU";"ALCANÇOU";"NÃO ALCANÇOU";"ALCANÇOU"
"GO";"522045";"Senador Canedo";"ALCANÇOU";"ALCANÇOU";;"NÃO ALCANÇOU";"ALCANÇOU";"ALCANÇOU";"ALCANÇOU";"ALCANÇOU"
"GO";"522050";"Serranópolis";"NÃO ALCANÇOU";"ALCANÇOU";;"NÃO ALCANÇOU";"ALCANÇOU";"NÃO ALCANÇOU";"ALCANÇOU";"ALCANÇOU"
"GO";"522060";"Silvânia";"ALCANÇOU";"ALCANÇOU";;"NÃO ALCANÇOU";"ALCANÇOU";"NÃO ALCANÇOU";"ALCANÇOU";"ALCANÇOU"
"GO";"522068";"Simolândia";"ALCANÇOU";"ALCANÇOU";;"NÃO ALCANÇOU";"NÃO ALCANÇOU";"NÃO ALCANÇOU";"ALCANÇOU";"ALCANÇOU"
"GO";"521980";"São Domingos";"NÃO ALCANÇOU";"ALCANÇOU";;"ALCANÇOU";"NÃO ALCANÇOU";"NÃO ALCANÇOU";"NÃO ALCANÇOU";"NÃO ALCANÇOU"
"GO";"521990";"São Francisco de Goiás";"ALCANÇOU";"ALCANÇOU";;"NÃO ALCANÇOU";"NÃO ALCANÇOU";"ALCANÇOU";"ALCANÇOU";"ALCANÇOU"
"GO";"522000";"São João d'Aliança";"NÃO ALCANÇOU";"ALCANÇOU";;"ALCANÇOU";"ALCANÇOU";"NÃO ALCANÇOU";"ALCANÇOU";
"GO";"522000";"São João dAliança";;;;;;;;"ALCANÇOU"
"GO";"522005";"São João da Paraúna";"ALCANÇOU";"ALCANÇOU";;"NÃO ALCANÇOU";"NÃO ALCANÇOU";"NÃO ALCANÇOU";"ALCANÇOU";"NÃO ALCANÇOU"
"GO";"522015";"São Luiz do Norte";;;;"NÃO ALCANÇOU";;;;"NÃO ALCANÇOU"
"GO";"522010";"São Luís de Montes Belos";"ALCANÇOU";"ALCANÇOU";;"NÃO ALCANÇOU";"ALCANÇOU";"NÃO ALCANÇOU";"NÃO ALCANÇOU";"ALCANÇOU"
"GO";"522015";"São Luíz do Norte";"ALCANÇOU";"ALCANÇOU";;;"ALCANÇOU";"NÃO ALCANÇOU";"ALCANÇOU";
"GO";"522020";"São Miguel do Araguaia";"ALCANÇOU";"ALCANÇOU";;"NÃO ALCANÇOU";"NÃO ALCANÇOU";"NÃO ALCANÇOU";"NÃO ALCANÇOU";"ALCANÇOU"
"GO";"522026";"São Miguel do Passa Quatro";"NÃO ALCANÇOU";"NÃO ALCANÇOU";;"ALCANÇOU";"NÃO ALCANÇOU";"NÃO ALCANÇOU";"ALCANÇOU";"NÃO ALCANÇOU"
"GO";"522028";"São Patrício";"NÃO ALCANÇOU";"ALCANÇOU";;"NÃO ALCANÇOU";"ALCANÇOU";"NÃO ALCANÇOU";"ALCANÇOU";"ALCANÇOU"
"GO";"522040";"São Simão";"ALCANÇOU";"ALCANÇOU";;"NÃO ALCANÇOU";"NÃO ALCANÇOU";"ALCANÇOU";"ALCANÇOU";"ALCANÇOU"
"GO";"522070";"Sítio d'Abadia";"ALCANÇOU";"NÃO ALCANÇOU";;"ALCANÇOU";"NÃO ALCANÇOU";"NÃO ALCANÇOU";"ALCANÇOU";
"GO";"522070";"Sítio dAbadia";;;;;;;;"ALCANÇOU"
"GO";"522100";"Taquaral de Goiás";"ALCANÇOU";"ALCANÇOU";;"NÃO ALCANÇOU";"NÃO ALCANÇOU";"NÃO ALCANÇOU";"ALCANÇOU";"NÃO ALCANÇOU"
"GO";"522108";"Teresina de Goiás";"ALCANÇOU";"ALCANÇOU";;"NÃO ALCANÇOU";"ALCANÇOU";"NÃO ALCANÇOU";"NÃO ALCANÇOU";"ALCANÇOU"
"GO";"522119";"Terezópolis de Goiás";"ALCANÇOU";"ALCANÇOU";;"NÃO ALCANÇOU";"ALCANÇOU";"NÃO ALCANÇOU";"ALCANÇOU";"ALCANÇOU"
"GO";"522140";"Trindade";"ALCANÇOU";"ALCANÇOU";;"NÃO ALCANÇOU";"ALCANÇOU";"NÃO ALCANÇOU";"ALCANÇOU";"ALCANÇOU"
"GO";"522145";"Trombas";"ALCANÇOU";"NÃO ALCANÇOU";;"NÃO ALCANÇOU";"NÃO ALCANÇOU";"NÃO ALCANÇOU";"ALCANÇOU";"ALCANÇOU"
"GO";"522130";"Três Ranchos";"ALCANÇOU";"ALCANÇOU";;"NÃO ALCANÇOU";"NÃO ALCANÇOU";"NÃO ALCANÇOU";"ALCANÇOU";"NÃO ALCANÇOU"
"GO";"522155";"Turvelândia";"NÃO ALCANÇOU";"ALCANÇOU";;"NÃO ALCANÇOU";"ALCANÇOU";"NÃO ALCANÇOU";"ALCANÇOU";"ALCANÇOU"
"GO";"522150";"Turvânia";"NÃO ALCANÇOU";"ALCANÇOU";;"NÃO ALCANÇOU";"NÃO ALCANÇOU";"NÃO ALCANÇOU";"ALCANÇOU";"ALCANÇOU"
"GO";"522157";"Uirapuru";"ALCANÇOU";"NÃO ALCANÇOU";;"ALCANÇOU";"NÃO ALCANÇOU";"NÃO ALCANÇOU";"ALCANÇOU";"NÃO ALCANÇOU"
"GO";"522170";"Uruana";"ALCANÇOU";"ALCANÇOU";;"ALCANÇOU";"ALCANÇOU";"NÃO ALCANÇOU";"NÃO ALCANÇOU";"NÃO ALCANÇOU"
"GO";"522160";"Uruaçu";"ALCANÇOU";"ALCANÇOU";;"NÃO ALCANÇOU";"NÃO ALCANÇOU";"ALCANÇOU";"ALCANÇOU";"ALCANÇOU"
"GO";"522180";"Urutaí";"ALCANÇOU";"NÃO ALCANÇOU";;"ALCANÇOU";"ALCANÇOU";"NÃO ALCANÇOU";"ALCANÇOU";"ALCANÇOU"
"GO";"522185";"Valparaíso de Goiás";"ALCANÇOU";"ALCANÇOU";;"NÃO ALCANÇOU";"ALCANÇOU";"ALCANÇOU";"ALCANÇOU";"ALCANÇOU"
"GO";"522190";"Varjão";"ALCANÇOU";"NÃO ALCANÇOU";;"ALCANÇOU";"NÃO ALCANÇOU";"NÃO ALCANÇOU";"NÃO ALCANÇOU";"ALCANÇOU"
"GO";"522200";"Vianópolis";"ALCANÇOU";"ALCANÇOU";;"NÃO ALCANÇOU";"ALCANÇOU";"ALCANÇOU";"ALCANÇOU";"ALCANÇOU"
"GO";"522205";"Vicentinópolis";"ALCANÇOU";"ALCANÇOU";;"ALCANÇOU";"NÃO ALCANÇOU";"NÃO ALCANÇOU";"ALCANÇOU";"ALCANÇOU"
"GO";"522220";"Vila Boa";"NÃO ALCANÇOU";"ALCANÇOU";;"ALCANÇOU";"NÃO ALCANÇOU";"NÃO ALCANÇOU";"ALCANÇOU";"ALCANÇOU"
"GO";"522230";"Vila Propício";"ALCANÇOU";"ALCANÇOU";;"ALCANÇOU";"NÃO ALCANÇOU";"NÃO ALCANÇOU";"ALCANÇOU";"ALCANÇOU"
"GO";"520017";"Água Fria de Goiás";"ALCANÇOU";"ALCANÇOU";;"NÃO ALCANÇOU";"NÃO ALCANÇOU";"NÃO ALCANÇOU";"ALCANÇOU";"ALCANÇOU"
"GO";"520020";"Água Limpa";"NÃO ALCANÇOU";"ALCANÇOU";;"ALCANÇOU";"NÃO ALCANÇOU";"NÃO ALCANÇOU";"ALCANÇOU";"ALCANÇOU"
"GO";"520025";"Águas Lindas de Goiás";"NÃO ALCANÇOU";"ALCANÇOU";;"NÃO ALCANÇOU";"NÃO ALCANÇOU";"ALCANÇOU";"NÃO ALCANÇOU";"ALCANÇOU"
"GO";"520005";;;;"NÃO ALCANÇOU";;;;;
"GO";"520010";;;;"ALCANÇOU";;;;;
"GO";"520013";;;;"ALCANÇOU";;;;;
"GO";"520015";;;;"ALCANÇOU";;;;;
"GO";"520017";;;;"NÃO ALCANÇOU";;;;;
"GO";"520020";;;;"NÃO ALCANÇOU";;;;;
"GO";"520025";;;;"ALCANÇOU";;;;;
"GO";"520030";;;;"NÃO ALCANÇOU";;;;;
"GO";"520050";;;;"ALCANÇOU";;;;;
"GO";"520055";;;;"NÃO ALCANÇOU";;;;;
"GO";"520060";;;;"ALCANÇOU";;;;;
"GO";"520080";;;;"ALCANÇOU";;;;;
"GO";"520082";;;;"ALCANÇOU";;;;;
"GO";"520085";;;;"ALCANÇOU";;;;;
"GO";"520090";;;;"ALCANÇOU";;;;;
"GO";"520110";;;;"ALCANÇOU";;;;;
"GO";"520120";;;;"ALCANÇOU";;;;;
"GO";"520130";;;;"ALCANÇOU";;;;;
"GO";"520140";;;;"ALCANÇOU";;;;;
"GO";"520145";;;;"ALCANÇOU";;;;;
"GO";"520150";;;;"NÃO ALCANÇOU";;;;;
"GO";"520160";;;;"ALCANÇOU";;;;;
"GO";"520170";;;;"ALCANÇOU";;;;;
"GO";"520180";;;;"NÃO ALCANÇOU";;;;;
"GO";"520215";;;;"ALCANÇOU";;;;;
"GO";"520235";;;;"ALCANÇOU";;;;;
"GO";"520250";;;;"NÃO ALCANÇOU";;;;;
"GO";"520260";;;;"NÃO ALCANÇOU";;;;;
"GO";"520280";;;;"ALCANÇOU";;;;;
"GO";"520310";;;;"ALCANÇOU";;;;;
"GO";"520320";;;;"ALCANÇOU";;;;;
"GO";"520330";;;;"ALCANÇOU";;;;;
"GO";"520340";;;;"ALCANÇOU";;;;;
"GO";"520350";;;;"ALCANÇOU";;;;;
"GO";"520355";;;;"ALCANÇOU";;;;;
"GO";"520357";;;;"ALCANÇOU";;;;;
"GO";"520360";;;;"ALCANÇOU";;;;;
"GO";"520380";;;;"ALCANÇOU";;;;;
"GO";"520390";;;;"ALCANÇOU";;;;;
"GO";"520393";;;;"ALCANÇOU";;;;;
"GO";"520396";;;;"ALCANÇOU";;;;;
"GO";"520400";;;;"ALCANÇOU";;;;;
"GO";"520410";;;;"NÃO ALCANÇOU";;;;;
"GO";"520420";;;;"ALCANÇOU";;;;;
"GO";"520425";;;;"ALCANÇOU";;;;;
"GO";"520430";;;;"ALCANÇOU";;;;;
"GO";"520440";;;;"ALCANÇOU";;;;;
"GO";"520450";;;;"ALCANÇOU";;;;;
"GO";"520455";;;;"ALCANÇOU";;;;;
"GO";"520460";;;;"ALCANÇOU";;;;;
"GO";"520465";;;;"ALCANÇOU";;;;;
"GO";"520470";;;;"ALCANÇOU";;;;;
"GO";"520480";;;;"ALCANÇOU";;;;;
"GO";"520485";;;;"ALCANÇOU";;;;;
"GO";"520490";;;;"ALCANÇOU";;;;;
"GO";"520495";;;;"ALCANÇOU";;;;;
"GO";"520500";;;;"ALCANÇOU";;;;;
"GO";"520505";;;;"NÃO ALCANÇOU";;;;;
"GO";"520510";;;;"ALCANÇOU";;;;;
"GO";"520520";;;;"ALCANÇOU";;;;;
"GO";"520530";;;;"NÃO ALCANÇOU";;;;;
"GO";"520540";;;;"ALCANÇOU";;;;;
"GO";"520545";;;;"ALCANÇOU";;;;;
"GO";"520547";;;;"ALCANÇOU";;;;;
"GO";"520549";;;;"ALCANÇOU";;;;;
"GO";"520551";;;;"NÃO ALCANÇOU";;;;;
"GO";"520552";;;;"NÃO ALCANÇOU";;;;;
"GO";"520570";;;;"ALCANÇOU";;;;;
"GO";"520580";;;;"ALCANÇOU";;;;;
"GO";"520590";;;;"ALCANÇOU";;;;;
"GO";"520620";;;;"ALCANÇOU";;;;;
"GO";"520630";;;;"ALCANÇOU";;;;;
"GO";"520640";;;;"NÃO ALCANÇOU";;;;;
"GO";"520650";;;;"ALCANÇOU";;;;;
"GO";"520660";;;;"ALCANÇOU";;;;;
"GO";"520670";;;;"ALCANÇOU";;;;;
"GO";"520680";;;;"ALCANÇOU";;;;;
"GO";"520690";;;;"NÃO ALCANÇOU";;;;;
"GO";"520710";;;;"ALCANÇOU";;;;;
"GO";"520725";;;;"ALCANÇOU";;;;;
"GO";"520735";;;;"ALCANÇOU";;;;;
"GO";"520740";;;;"ALCANÇOU";;;;;
"GO";"520750";;;;"ALCANÇOU";;;;;
"GO";"520753";;;;"NÃO ALCANÇOU";;;;;
"GO";"520760";;;;"ALCANÇOU";;;;;
"GO";"520780";;;;"ALCANÇOU";;;;;
"GO";"520790";;;;"ALCANÇOU";;;;;
"GO";"520800";;;;"ALCANÇOU";;;;;
"GO";"520810";;;;"ALCANÇOU";;;;;
"GO";"520815";;;;"ALCANÇOU";;;;;
"GO";"520830";;;;"ALCANÇOU";;;;;
"GO";"520840";;;;"NÃO ALCANÇOU";;;;;
"GO";"520850";;;;"ALCANÇOU";;;;;
"GO";"520860";;;;"ALCANÇOU";;;;;
"GO";"520870";;;;"ALCANÇOU";;;;;
"GO";"520880";;;;"ALCANÇOU";;;;;
"GO";"520890";;;;"ALCANÇOU";;;;;
"GO";"520910";;;;"NÃO ALCANÇOU";;;;;
"GO";"520915";;;;"ALCANÇOU";;;;;
"GO";"520920";;;;"ALCANÇOU";;;;;
"GO";"520929";;;;"ALCANÇOU";;;;;
"GO";"520940";;;;"ALCANÇOU";;;;;
"GO";"520945";;;;"ALCANÇOU";;;;;
"GO";"520960";;;;"ALCANÇOU";;;;;
"GO";"520970";;;;"ALCANÇOU";;;;;
"GO";"520980";;;;"ALCANÇOU";;;;;
"GO";"520990";;;;"ALCANÇOU";;;;;
"GO";"520993";;;;"ALCANÇOU";;;;;
"GO";"520995";;;;"ALCANÇOU";;;;;
"GO";"521000";;;;"ALCANÇOU";;;;;
"GO";"521010";;;;"ALCANÇOU";;;;;
"GO";"521015";;;;"ALCANÇOU";;;;;
"GO";"521020";;;;"ALCANÇOU";;;;;
"GO";"521030";;;;"ALCANÇOU";;;;;
"GO";"521040";;;;"ALCANÇOU";;;;;
"GO";"521056";;;;"ALCANÇOU";;;;;
"GO";"521060";;;;"ALCANÇOU";;;;;
"GO";"521080";;;;"ALCANÇOU";;;;;
"GO";"521090";;;;"ALCANÇOU";;;;;
"GO";"521100";;;;"ALCANÇOU";;;;;
"GO";"521120";;;;"NÃO ALCANÇOU";;;;;
"GO";"521130";;;;"ALCANÇOU";;;;;
"GO";"521140";;;;"ALCANÇOU";;;;;
"GO";"521150";;;;"ALCANÇOU";;;;;
"GO";"521160";;;;"ALCANÇOU";;;;;
"GO";"521170";;;;"ALCANÇOU";;;;;
"GO";"521180";;;;"ALCANÇOU";;;;;
"GO";"521190";;;;"ALCANÇOU";;;;;
"GO";"521200";;;;"ALCANÇOU";;;;;
"GO";"521205";;;;"ALCANÇOU";;;;;
"GO";"521210";;;;"ALCANÇOU";;;;;
"GO";"521220";;;;"ALCANÇOU";;;;;
"GO";"521225";;;;"ALCANÇOU";;;;;
"GO";"521230";;;;"ALCANÇOU";;;;;
"GO";"521250";;;;"ALCANÇOU";;;;;
"GO";"521260";;;;"ALCANÇOU";;;;;
"GO";"521270";;;;"ALCANÇOU";;;;;
"GO";"521280";;;;"ALCANÇOU";;;;;
"GO";"521290";;;;"ALCANÇOU";;;;;
"GO";"521295";;;;"ALCANÇOU";;;;;
"GO";"521300";;;;"ALCANÇOU";;;;;
"GO";"521305";;;;"ALCANÇOU";;;;;
"GO";"521308";;;;"ALCANÇOU";;;;;
"GO";"521310";;;;"ALCANÇOU";;;;;
"GO";"521340";;;;"NÃO ALCANÇOU";;;;;
"GO";"521350";;;;"NÃO ALCANÇOU";;;;;
"GO";"521370";;;;"ALCANÇOU";;;;;
"GO";"521375";;;;"ALCANÇOU";;;;;
"GO";"521377";;;;"ALCANÇOU";;;;;
"GO";"521380";;;;"ALCANÇOU";;;;;
"GO";"521385";;;;"ALCANÇOU";;;;;
"GO";"521390";;;;"ALCANÇOU";;;;;
"GO";"521400";;;;"ALCANÇOU";;;;;
"GO";"521405";;;;"ALCANÇOU";;;;;
"GO";"521410";;;;"ALCANÇOU";;;;;
"GO";"521440";;;;"ALCANÇOU";;;;;
"GO";"521450";;;;"ALCANÇOU";;;;;
"GO";"521460";;;;"ALCANÇOU";;;;;
"GO";"521470";;;;"ALCANÇOU";;;;;
"GO";"521480";;;;"ALCANÇOU";;;;;
"GO";"521483";;;;"ALCANÇOU";;;;;
"GO";"521486";;;;"ALCANÇOU";;;;;
"GO";"521487";;;;"ALCANÇOU";;;;;
"GO";"521490";;;;"ALCANÇOU";;;;;
"GO";"521500";;;;"ALCANÇOU";;;;;
"GO";"521520";;;;"ALCANÇOU";;;;;
"GO";"521523";;;;"ALCANÇOU";;;;;
"GO";"521525";;;;"ALCANÇOU";;;;;
"GO";"521530";;;;"ALCANÇOU";;;;;
"GO";"521540";;;;"ALCANÇOU";;;;;
"GO";"521550";;;;"ALCANÇOU";;;;;
"GO";"521560";;;;"ALCANÇOU";;;;;
"GO";"521565";;;;"ALCANÇOU";;;;;
"GO";"521570";;;;"ALCANÇOU";;;;;
"GO";"521580";;;;"ALCANÇOU";;;;;
"GO";"521590";;;;"ALCANÇOU";;;;;
"GO";"521600";;;;"ALCANÇOU";;;;;
"GO";"521630";;;;"ALCANÇOU";;;;;
"GO";"521640";;;;"NÃO ALCANÇOU";;;;;
"GO";"521645";;;;"ALCANÇOU";;;;;
"GO";"521680";;;;"ALCANÇOU";;;;;
"GO";"521690";;;;"ALCANÇOU";;;;;
"GO";"521710";;;;"ALCANÇOU";;;;;
"GO";"521720";;;;"ALCANÇOU";;;;;
"GO";"521730";;;;"ALCANÇOU";;;;;
"GO";"521740";;;;"ALCANÇOU";;;;;
"GO";"521760";;;;"ALCANÇOU";;;;;
"GO";"521770";;;;"ALCANÇOU";;;;;
"GO";"521800";;;;"ALCANÇOU";;;;;
"GO";"521805";;;;"ALCANÇOU";;;;;
"GO";"521810";;;;"ALCANÇOU";;;;;
"GO";"521830";;;;"ALCANÇOU";;;;;
"GO";"521839";;;;"ALCANÇOU";;;;;
"GO";"521850";;;;"ALCANÇOU";;;;;
"GO";"521860";;;;"ALCANÇOU";;;;;
"GO";"521870";;;;"ALCANÇOU";;;;;
"GO";"521878";;;;"ALCANÇOU";;;;;
"GO";"521880";;;;"ALCANÇOU";;;;;
"GO";"521890";;;;"ALCANÇOU";;;;;
"GO";"521900";;;;"ALCANÇOU";;;;;
"GO";"521910";;;;"ALCANÇOU";;;;;
"GO";"521920";;;;"ALCANÇOU";;;;;
"GO";"521925";;;;"NÃO ALCANÇOU";;;;;
"GO";"521930";;;;"ALCANÇOU";;;;;
"GO";"521935";;;;"ALCANÇOU";;;;;
"GO";"521940";;;;"ALCANÇOU";;;;;
"GO";"521945";;;;"ALCANÇOU";;;;;
"GO";"521950";;;;"ALCANÇOU";;;;;
"GO";"521960";;;;"ALCANÇOU";;;;;
"GO";"521970";;;;"ALCANÇOU";;;;;
"GO";"521971";;;;"ALCANÇOU";;;;;
"GO";"521973";;;;"ALCANÇOU";;;;;
"GO";"521975";;;;"ALCANÇOU";;;;;
"GO";"521980";;;;"ALCANÇOU";;;;;
"GO";"521990";;;;"ALCANÇOU";;;;;
"GO";"522000";;;;"NÃO ALCANÇOU";;;;;
"GO";"522005";;;;"ALCANÇOU";;;;;
"GO";"522010";;;;"ALCANÇOU";;;;;
"GO";"522015";;;;"ALCANÇOU";;;;;
"GO";"522020";;;;"ALCANÇOU";;;;;
"GO";"522026";;;;"ALCANÇOU";;;;;
"GO";"522028";;;;"ALCANÇOU";;;;;
"GO";"522040";;;;"ALCANÇOU";;;;;
"GO";"522045";;;;"ALCANÇOU";;;;;
"GO";"522050";;;;"NÃO ALCANÇOU";;;;;
"GO";"522060";;;;"ALCANÇOU";;;;;
"GO";"522068";;;;"ALCANÇOU";;;;;
"GO";"522070";;;;"ALCANÇOU";;;;;
"GO";"522100";;;;"ALCANÇOU";;;;;
"GO";"522108";;;;"ALCANÇOU";;;;;
"GO";"522119";;;;"ALCANÇOU";;;;;
"GO";"522130";;;;"ALCANÇOU";;;;;
"GO";"522140";;;;"ALCANÇOU";;;;;
"GO";"522145";;;;"ALCANÇOU";;;;;
"GO";"522150";;;;"ALCANÇOU";;;;;
"GO";"522155";;;;"ALCANÇOU";;;;;
"GO";"522157";;;;"ALCANÇOU";;;;;
"GO";"522160";;;;"ALCANÇOU";;;;;
"GO";"522170";;;;"NÃO ALCANÇOU";;;;;
"GO";"522180";;;;"ALCANÇOU";;;;;
"GO";"522185";;;;"ALCANÇOU";;;;;
"GO";"522190";;;;"ALCANÇOU";;;;;
"GO";"522200";;;;"ALCANÇOU";;;;;
"GO";"522205";;;;"ALCANÇOU";;;;;
"GO";"522220";;;;"ALCANÇOU";;;;;
"GO";"522230";;;;"ALCANÇOU";;;;;
"MA";"210010";"Afonso Cunha";"NÃO ALCANÇOU";"ALCANÇOU";;"ALCANÇOU";"NÃO ALCANÇOU";"NÃO ALCANÇOU";"ALCANÇOU";"ALCANÇOU"
"MA";"210020";"Alcântara";"ALCANÇOU";"ALCANÇOU";;"NÃO ALCANÇOU";"NÃO ALCANÇOU";"ALCANÇOU";"ALCANÇOU";"ALCANÇOU"
"MA";"210030";"Aldeias Altas";"NÃO ALCANÇOU";"ALCANÇOU";;"NÃO ALCANÇOU";"NÃO ALCANÇOU";"ALCANÇOU";"ALCANÇOU";"ALCANÇOU"
"MA";"210040";"Altamira do Maranhão";"ALCANÇOU";"ALCANÇOU";;"NÃO ALCANÇOU";"ALCANÇOU";"NÃO ALCANÇOU";"ALCANÇOU";"ALCANÇOU"
"MA";"210043";"Alto Alegre do Maranhão";"ALCANÇOU";"ALCANÇOU";;"NÃO ALCANÇOU";"ALCANÇOU";"NÃO ALCANÇOU";"NÃO ALCANÇOU";"ALCANÇOU"
"MA";"210047";"Alto Alegre do Pindaré";"ALCANÇOU";"ALCANÇOU";;"NÃO ALCANÇOU";"NÃO ALCANÇOU";"NÃO ALCANÇOU";"ALCANÇOU";"ALCANÇOU"
"MA";"210050";"Alto Parnaíba";"ALCANÇOU";"ALCANÇOU";;"NÃO ALCANÇOU";"NÃO ALCANÇOU";"NÃO ALCANÇOU";"ALCANÇOU";"ALCANÇOU"
"MA";"210055";"Amapá do Maranhão";"NÃO ALCANÇOU";"ALCANÇOU";;"NÃO ALCANÇOU";"NÃO ALCANÇOU";"NÃO ALCANÇOU";"ALCANÇOU";"ALCANÇOU"
"MA";"210060";"Amarante do Maranhão";"ALCANÇOU";"ALCANÇOU";;"NÃO ALCANÇOU";"NÃO ALCANÇOU";"NÃO ALCANÇOU";"NÃO ALCANÇOU";"ALCANÇOU"
"MA";"210070";"Anajatuba";"ALCANÇOU";"ALCANÇOU";;"ALCANÇOU";"NÃO ALCANÇOU";"ALCANÇOU";"ALCANÇOU";"NÃO ALCANÇOU"
"MA";"210080";"Anapurus";"ALCANÇOU";"ALCANÇOU";;"NÃO ALCANÇOU";"ALCANÇOU";"NÃO ALCANÇOU";"NÃO ALCANÇOU";"ALCANÇOU"
"MA";"210083";"Apicum-Açu";"ALCANÇOU";"ALCANÇOU";;"ALCANÇOU";"NÃO ALCANÇOU";"NÃO ALCANÇOU";"NÃO ALCANÇOU";"ALCANÇOU"
"MA";"210087";"Araguanã";"ALCANÇOU";"ALCANÇOU";;"NÃO ALCANÇOU";"ALCANÇOU";"NÃO ALCANÇOU";"ALCANÇOU";"ALCANÇOU"
"MA";"210090";"Araioses";"ALCANÇOU";"ALCANÇOU";;"ALCANÇOU";"NÃO ALCANÇOU";"NÃO ALCANÇOU";"NÃO ALCANÇOU";"ALCANÇOU"
"MA";"210095";"Arame";"ALCANÇOU";"ALCANÇOU";;"NÃO ALCANÇOU";"NÃO ALCANÇOU";"NÃO ALCANÇOU";"NÃO ALCANÇOU";"ALCANÇOU"
"MA";"210100";"Arari";"ALCANÇOU";"ALCANÇOU";;"NÃO ALCANÇOU";"ALCANÇOU";"ALCANÇOU";"NÃO ALCANÇOU";"ALCANÇOU"
"MA";"210110";"Axixá";"ALCANÇOU";"ALCANÇOU";;"ALCANÇOU";"ALCANÇOU";"NÃO ALCANÇOU";"NÃO ALCANÇOU";"ALCANÇOU"
"MA";"210005";"Açailândia";"ALCANÇOU";"ALCANÇOU";;"NÃO ALCANÇOU";"NÃO ALCANÇOU";"ALCANÇOU";"NÃO ALCANÇOU";"ALCANÇOU"
"MA";"210120";"Bacabal";"ALCANÇOU";"ALCANÇOU";;"NÃO ALCANÇOU";"ALCANÇOU";"NÃO ALCANÇOU";"NÃO ALCANÇOU";"ALCANÇOU"
"MA";"210125";"Bacabeira";"ALCANÇOU";"ALCANÇOU";;"NÃO ALCANÇOU";"NÃO ALCANÇOU";"NÃO ALCANÇOU";"NÃO ALCANÇOU";"ALCANÇOU"
"MA";"210130";"Bacuri";"NÃO ALCANÇOU";"ALCANÇOU";;"NÃO ALCANÇOU";"NÃO ALCANÇOU";"NÃO ALCANÇOU";"NÃO ALCANÇOU";"NÃO ALCANÇOU"
"MA";"210135";"Bacurituba";"ALCANÇOU";"ALCANÇOU";;"ALCANÇOU";"ALCANÇOU";"NÃO ALCANÇOU";"ALCANÇOU";"ALCANÇOU"
"MA";"210140";"Balsas";"ALCANÇOU";"ALCANÇOU";;"NÃO ALCANÇOU";"ALCANÇOU";"NÃO ALCANÇOU";"NÃO ALCANÇOU";"ALCANÇOU"
"MA";"210160";"Barra do Corda";"ALCANÇOU";"ALCANÇOU";;"NÃO ALCANÇOU";"NÃO ALCANÇOU";"NÃO ALCANÇOU";"NÃO ALCANÇOU";"ALCANÇOU"
"MA";"210170";"Barreirinhas";"ALCANÇOU";"ALCANÇOU";;"NÃO ALCANÇOU";"ALCANÇOU";"NÃO ALCANÇOU";"ALCANÇOU";"ALCANÇOU"
"MA";"210150";"Barão de Grajaú";"ALCANÇOU";"ALCANÇOU";;"NÃO ALCANÇOU";"NÃO ALCANÇOU";"NÃO ALCANÇOU";"ALCANÇOU";"ALCANÇOU"
"MA";"210177";"Bela Vista do Maranhão";"ALCANÇOU";"ALCANÇOU";;"NÃO ALCANÇOU";"NÃO ALCANÇOU";"NÃO ALCANÇOU";"ALCANÇOU";"ALCANÇOU"
"MA";"210173";"Belágua";"NÃO ALCANÇOU";"ALCANÇOU";;"ALCANÇOU";"NÃO ALCANÇOU";"NÃO ALCANÇOU";"ALCANÇOU";"NÃO ALCANÇOU"
"MA";"210180";"Benedito Leite";"NÃO ALCANÇOU";"ALCANÇOU";;"NÃO ALCANÇOU";"NÃO ALCANÇOU";"NÃO ALCANÇOU";"ALCANÇOU";"NÃO ALCANÇOU"
"MA";"210190";"Bequimão";"ALCANÇOU";"ALCANÇOU";;"NÃO ALCANÇOU";"NÃO ALCANÇOU";"NÃO ALCANÇOU";"NÃO ALCANÇOU";"ALCANÇOU"
"MA";"210193";"Bernardo do Mearim";"ALCANÇOU";"ALCANÇOU";;"ALCANÇOU";"NÃO ALCANÇOU";"NÃO ALCANÇOU";"ALCANÇOU";"NÃO ALCANÇOU"
"MA";"210197";"Boa Vista do Gurupi";"NÃO ALCANÇOU";"ALCANÇOU";;"NÃO ALCANÇOU";"ALCANÇOU";"NÃO ALCANÇOU";"ALCANÇOU";"NÃO ALCANÇOU"
"MA";"210200";"Bom Jardim";"NÃO ALCANÇOU";"ALCANÇOU";;"NÃO ALCANÇOU";"NÃO ALCANÇOU";"NÃO ALCANÇOU";"ALCANÇOU";"ALCANÇOU"
"MA";"210203";"Bom Jesus das Selvas";"NÃO ALCANÇOU";"ALCANÇOU";;"NÃO ALCANÇOU";"NÃO ALCANÇOU";"NÃO ALCANÇOU";"ALCANÇOU";"ALCANÇOU"
"MA";"210207";"Bom Lugar";"ALCANÇOU";"ALCANÇOU";;"ALCANÇOU";"ALCANÇOU";"NÃO ALCANÇOU";"ALCANÇOU";"ALCANÇOU"
"MA";"210210";"Brejo";"ALCANÇOU";"ALCANÇOU";;"NÃO ALCANÇOU";"NÃO ALCANÇOU";"NÃO ALCANÇOU";"NÃO ALCANÇOU";"NÃO ALCANÇOU"
"MA";"210215";"Brejo de Areia";"ALCANÇOU";"ALCANÇOU";;"ALCANÇOU";"NÃO ALCANÇOU";"NÃO ALCANÇOU";"ALCANÇOU";"NÃO ALCANÇOU"
"MA";"210220";"Buriti";"NÃO ALCANÇOU";"ALCANÇOU";;"ALCANÇOU";"NÃO ALCANÇOU";"NÃO ALCANÇOU";"ALCANÇOU";"ALCANÇOU"
"MA";"210230";"Buriti Bravo";"ALCANÇOU";"ALCANÇOU";;"NÃO ALCANÇOU";"NÃO ALCANÇOU";"NÃO ALCANÇOU";"NÃO ALCANÇOU";"ALCANÇOU"
"MA";"210232";"Buriticupu";"ALCANÇOU";"ALCANÇOU";;"NÃO ALCANÇOU";"NÃO ALCANÇOU";"NÃO ALCANÇOU";"NÃO ALCANÇOU";"ALCANÇOU"
"MA";"210235";"Buritirana";"ALCANÇOU";"ALCANÇOU";;"NÃO ALCANÇOU";"NÃO ALCANÇOU";"NÃO ALCANÇOU";"NÃO ALCANÇOU";"ALCANÇOU"
"MA";"210237";"Cachoeira Grande";"ALCANÇOU";"ALCANÇOU";;"NÃO ALCANÇOU";"NÃO ALCANÇOU";"NÃO ALCANÇOU";"ALCANÇOU";"ALCANÇOU"
"MA";"210240";"Cajapió";"NÃO ALCANÇOU";"ALCANÇOU";;"NÃO ALCANÇOU";"NÃO ALCANÇOU";"NÃO ALCANÇOU";"ALCANÇOU";"ALCANÇOU"
"MA";"210250";"Cajari";"NÃO ALCANÇOU";"ALCANÇOU";;"NÃO ALCANÇOU";"NÃO ALCANÇOU";"NÃO ALCANÇOU";"ALCANÇOU";"ALCANÇOU"
"MA";"210255";"Campestre do Maranhão";"ALCANÇOU";"ALCANÇOU";;"NÃO ALCANÇOU";"NÃO ALCANÇOU";"NÃO ALCANÇOU";"NÃO ALCANÇOU";"ALCANÇOU"
"MA";"210270";"Cantanhede";"ALCANÇOU";"ALCANÇOU";;"ALCANÇOU";"NÃO ALCANÇOU";"NÃO ALCANÇOU";"ALCANÇOU";"ALCANÇOU"
"MA";"210275";"Capinzal do Norte";"ALCANÇOU";"ALCANÇOU";;"NÃO ALCANÇOU";"NÃO ALCANÇOU";"NÃO ALCANÇOU";"ALCANÇOU";"ALCANÇOU"
"MA";"210280";"Carolina";"ALCANÇOU";"ALCANÇOU";;"NÃO ALCANÇOU";"NÃO ALCANÇOU";"NÃO ALCANÇOU";"ALCANÇOU";"ALCANÇOU"
"MA";"210290";"Carutapera";"ALCANÇOU";"ALCANÇOU";;"NÃO ALCANÇOU";"NÃO ALCANÇOU";"NÃO ALCANÇOU";"NÃO ALCANÇOU";"ALCANÇOU"
"MA";"210300";"Caxias";"ALCANÇOU";"ALCANÇOU";;"NÃO ALCANÇOU";"NÃO ALCANÇOU";"NÃO ALCANÇOU";"NÃO ALCANÇOU";"ALCANÇOU"
"MA";"210310";"Cedral";"NÃO ALCANÇOU";"ALCANÇOU";;"NÃO ALCANÇOU";"NÃO ALCANÇOU";"NÃO ALCANÇOU";"ALCANÇOU";"NÃO ALCANÇOU"
"MA";"210312";"Central do Maranhão";"NÃO ALCANÇOU";"ALCANÇOU";;"NÃO ALCANÇOU";"NÃO ALCANÇOU";"NÃO ALCANÇOU";"ALCANÇOU";"NÃO ALCANÇOU"
"MA";"210317";"Centro Novo do Maranhão";"ALCANÇOU";"ALCANÇOU";;"ALCANÇOU";"NÃO ALCANÇOU";"NÃO ALCANÇOU";"NÃO ALCANÇOU";"ALCANÇOU"
"MA";"210315";"Centro do Guilherme";"NÃO ALCANÇOU";"ALCANÇOU";;"NÃO ALCANÇOU";"NÃO ALCANÇOU";"NÃO ALCANÇOU";"NÃO ALCANÇOU";"NÃO ALCANÇOU"
"MA";"210320";"Chapadinha";"ALCANÇOU";"ALCANÇOU";;"NÃO ALCANÇOU";"ALCANÇOU";"NÃO ALCANÇOU";"NÃO ALCANÇOU";"ALCANÇOU"
"MA";"210325";"Cidelândia";"NÃO ALCANÇOU";"ALCANÇOU";;"ALCANÇOU";"NÃO ALCANÇOU";"NÃO ALCANÇOU";"ALCANÇOU";"ALCANÇOU"
"MA";"210330";"Codó";"ALCANÇOU";"ALCANÇOU";;"NÃO ALCANÇOU";"NÃO ALCANÇOU";"NÃO ALCANÇOU";"NÃO ALCANÇOU";"ALCANÇOU"
"MA";"210340";"Coelho Neto";"NÃO ALCANÇOU";"ALCANÇOU";;"NÃO ALCANÇOU";"ALCANÇOU";"NÃO ALCANÇOU";"ALCANÇOU";"ALCANÇOU"
"MA";"210350";"Colinas";"ALCANÇOU";"ALCANÇOU";;"NÃO ALCANÇOU";"NÃO ALCANÇOU";"NÃO ALCANÇOU";"ALCANÇOU";"ALCANÇOU"
"MA";"210355";"Conceição do Lago-Açu";"ALCANÇOU";"ALCANÇOU";;"ALCANÇOU";"NÃO ALCANÇOU";"NÃO ALCANÇOU";"NÃO ALCANÇOU";"ALCANÇOU"
"MA";"210360";"Coroatá";"NÃO ALCANÇOU";"ALCANÇOU";;"NÃO ALCANÇOU";"NÃO ALCANÇOU";"ALCANÇOU";"NÃO ALCANÇOU";"ALCANÇOU"
"MA";"210370";"Cururupu";"ALCANÇOU";"ALCANÇOU";;"NÃO ALCANÇOU";"NÃO ALCANÇOU";"NÃO ALCANÇOU";"NÃO ALCANÇOU";"NÃO ALCANÇOU"
"MA";"210260";"Cândido Mendes";"NÃO ALCANÇOU";"ALCANÇOU";;"NÃO ALCANÇOU";"NÃO ALCANÇOU";"NÃO ALCANÇOU";"ALCANÇOU";"NÃO ALCANÇOU"
"MA";"210375";"Davinópolis";"ALCANÇOU";"ALCANÇOU";;"NÃO ALCANÇOU";"NÃO ALCANÇOU";"NÃO ALCANÇOU";"NÃO ALCANÇOU";"ALCANÇOU"
"MA";"210380";"Dom Pedro";"ALCANÇOU";"ALCANÇOU";;"NÃO ALCANÇOU";"NÃO ALCANÇOU";"NÃO ALCANÇOU";"ALCANÇOU";"ALCANÇOU"
"MA";"210390";"Duque Bacelar";"NÃO ALCANÇOU";"ALCANÇOU";;"ALCANÇOU";"ALCANÇOU";"NÃO ALCANÇOU";"ALCANÇOU";"ALCANÇOU"
"MA";"210400";"Esperantinópolis";"ALCANÇOU";"ALCANÇOU";;"NÃO ALCANÇOU";"NÃO ALCANÇOU";"NÃO ALCANÇOU";"ALCANÇOU";"ALCANÇOU"
"MA";"210405";"Estreito";"ALCANÇOU";"ALCANÇOU";;"NÃO ALCANÇOU";"NÃO ALCANÇOU";"NÃO ALCANÇOU";"ALCANÇOU";"ALCANÇOU"
"MA";"210407";"Feira Nova do Maranhão";"ALCANÇOU";"ALCANÇOU";;"NÃO ALCANÇOU";"NÃO ALCANÇOU";"ALCANÇOU";"ALCANÇOU";"ALCANÇOU"
"MA";"210408";"Fernando Falcão";"NÃO ALCANÇOU";"ALCANÇOU";;"NÃO ALCANÇOU";"NÃO ALCANÇOU";"NÃO ALCANÇOU";"ALCANÇOU";"ALCANÇOU"
"MA";"210409";"Formosa da Serra Negra";"NÃO ALCANÇOU";"ALCANÇOU";;"ALCANÇOU";"NÃO ALCANÇOU";"NÃO ALCANÇOU";"ALCANÇOU";"ALCANÇOU"
"MA";"210410";"Fortaleza dos Nogueiras";"ALCANÇOU";"ALCANÇOU";;"NÃO ALCANÇOU";"NÃO ALCANÇOU";"NÃO ALCANÇOU";"ALCANÇOU";"ALCANÇOU"
"MA";"210420";"Fortuna";"ALCANÇOU";"ALCANÇOU";;"NÃO ALCANÇOU";"NÃO ALCANÇOU";"NÃO ALCANÇOU";"ALCANÇOU";"NÃO ALCANÇOU"
"MA";"210430";"Godofredo Viana";"NÃO ALCANÇOU";"ALCANÇOU";;"NÃO ALCANÇOU";"NÃO ALCANÇOU";"NÃO ALCANÇOU";"NÃO ALCANÇOU";"ALCANÇOU"
"MA";"210440";"Gonçalves Dias";"NÃO ALCANÇOU";"ALCANÇOU";;"NÃO ALCANÇOU";"NÃO ALCANÇOU";"ALCANÇOU";"ALCANÇOU";"ALCANÇOU"
"MA";"210450";"Governador Archer";"ALCANÇOU";"ALCANÇOU";;"NÃO ALCANÇOU";"NÃO ALCANÇOU";"NÃO ALCANÇOU";"NÃO ALCANÇOU";"ALCANÇOU"
"MA";"210455";"Governador Edison Lobão";"ALCANÇOU";"ALCANÇOU";;"NÃO ALCANÇOU";"ALCANÇOU";"NÃO ALCANÇOU";"ALCANÇOU";"ALCANÇOU"
"MA";"210460";"Governador Eugênio Barros";"NÃO ALCANÇOU";"ALCANÇOU";;"NÃO ALCANÇOU";"NÃO ALCANÇOU";"NÃO ALCANÇOU";"ALCANÇOU";"NÃO ALCANÇOU"
"MA";"210462";"Governador Luiz Rocha";"ALCANÇOU";"NÃO ALCANÇOU";;"NÃO ALCANÇOU";"NÃO ALCANÇOU";"NÃO ALCANÇOU";"ALCANÇOU";"ALCANÇOU"
"MA";"210465";"Governador Newton Bello";"ALCANÇOU";"ALCANÇOU";;"NÃO ALCANÇOU";"ALCANÇOU";"NÃO ALCANÇOU";"ALCANÇOU";"ALCANÇOU"
"MA";"210467";"Governador Nunes Freire";"ALCANÇOU";"ALCANÇOU";;"NÃO ALCANÇOU";"NÃO ALCANÇOU";"NÃO ALCANÇOU";"NÃO ALCANÇOU";"ALCANÇOU"
"MA";"210480";"Grajaú";"ALCANÇOU";"ALCANÇOU";;"NÃO ALCANÇOU";"NÃO ALCANÇOU";"NÃO ALCANÇOU";"NÃO ALCANÇOU";"ALCANÇOU"
"MA";"210470";"Graça Aranha";"ALCANÇOU";"ALCANÇOU";;"ALCANÇOU";"NÃO ALCANÇOU";"NÃO ALCANÇOU";"ALCANÇOU";"NÃO ALCANÇOU"
"MA";"210490";"Guimarães";"ALCANÇOU";"NÃO ALCANÇOU";;"ALCANÇOU";"NÃO ALCANÇOU";"NÃO ALCANÇOU";"ALCANÇOU";"ALCANÇOU"
"MA";"210500";"Humberto de Campos";"ALCANÇOU";"ALCANÇOU";;"ALCANÇOU";"ALCANÇOU";"NÃO ALCANÇOU";"NÃO ALCANÇOU";"ALCANÇOU"
"MA";"210510";"Icatu";"NÃO ALCANÇOU";"ALCANÇOU";;"NÃO ALCANÇOU";"ALCANÇOU";"NÃO ALCANÇOU";"ALCANÇOU";"ALCANÇOU"
"MA";"210520";"Igarapé Grande";"ALCANÇOU";"ALCANÇOU";;"NÃO ALCANÇOU";"NÃO ALCANÇOU";"NÃO ALCANÇOU";"NÃO ALCANÇOU";"ALCANÇOU"
"MA";"210515";"Igarapé do Meio";"ALCANÇOU";"ALCANÇOU";;"NÃO ALCANÇOU";"NÃO ALCANÇOU";"NÃO ALCANÇOU";"ALCANÇOU";"NÃO ALCANÇOU"
"MA";"210530";"Imperatriz";"ALCANÇOU";"ALCANÇOU";;"NÃO ALCANÇOU";"ALCANÇOU";"ALCANÇOU";"NÃO ALCANÇOU";"ALCANÇOU"
"MA";"210535";"Itaipava do Grajaú";"ALCANÇOU";"ALCANÇOU";;"NÃO ALCANÇOU";"ALCANÇOU";"NÃO ALCANÇOU";"ALCANÇOU";"ALCANÇOU"
"MA";"210540";"Itapecuru Mirim";"ALCANÇOU";"ALCANÇOU";;"NÃO ALCANÇOU";"ALCANÇOU";"NÃO ALCANÇOU";"ALCANÇOU";"NÃO ALCANÇOU"
"MA";"210542";"Itinga do Maranhão";"ALCANÇOU";"ALCANÇOU";;"ALCANÇOU";"ALCANÇOU";"NÃO ALCANÇOU";"ALCANÇOU";"ALCANÇOU"
"MA";"210545";"Jatobá";"NÃO ALCANÇOU";"ALCANÇOU";;"NÃO ALCANÇOU";"NÃO ALCANÇOU";"NÃO ALCANÇOU";"ALCANÇOU";"NÃO ALCANÇOU"
"MA";"210547";"Jenipapo dos Vieiras";"NÃO ALCANÇOU";"ALCANÇOU";;"ALCANÇOU";"NÃO ALCANÇOU";"NÃO ALCANÇOU";"ALCANÇOU";"ALCANÇOU"
"MA";"210560";"Joselândia";"ALCANÇOU";"ALCANÇOU";;"NÃO ALCANÇOU";"NÃO ALCANÇOU";"NÃO ALCANÇOU";"ALCANÇOU";"ALCANÇOU"
"MA";"210550";"João Lisboa";"ALCANÇOU";"ALCANÇOU";;"NÃO ALCANÇOU";"NÃO ALCANÇOU";"NÃO ALCANÇOU";"ALCANÇOU";"ALCANÇOU"
"MA";"210565";"Junco do Maranhão";"ALCANÇOU";"ALCANÇOU";;"ALCANÇOU";"ALCANÇOU";"ALCANÇOU";"ALCANÇOU";"ALCANÇOU"
"MA";"210590";"Lago Verde";"ALCANÇOU";"ALCANÇOU";;"NÃO ALCANÇOU";"NÃO ALCANÇOU";"NÃO ALCANÇOU";"ALCANÇOU";"ALCANÇOU"
"MA";"210570";"Lago da Pedra";"ALCANÇOU";"ALCANÇOU";;"NÃO ALCANÇOU";"NÃO ALCANÇOU";"NÃO ALCANÇOU";"ALCANÇOU";"ALCANÇOU"
"MA";"210580";"Lago do Junco";"NÃO ALCANÇOU";"ALCANÇOU";;"NÃO ALCANÇOU";"ALCANÇOU";"NÃO ALCANÇOU";"ALCANÇOU";"NÃO ALCANÇOU"
"MA";"210594";"Lago dos Rodrigues";"ALCANÇOU";"ALCANÇOU";;"ALCANÇOU";"NÃO ALCANÇOU";"NÃO ALCANÇOU";"NÃO ALCANÇOU";"ALCANÇOU"
"MA";"210596";"Lagoa Grande do Maranhão";"NÃO ALCANÇOU";"ALCANÇOU";;"NÃO ALCANÇOU";"NÃO ALCANÇOU";"ALCANÇOU";"ALCANÇOU";"ALCANÇOU"
"MA";"210592";"Lagoa do Mato";"ALCANÇOU";"ALCANÇOU";;"ALCANÇOU";"NÃO ALCANÇOU";"NÃO ALCANÇOU";"ALCANÇOU";"NÃO ALCANÇOU"
"MA";"210598";"Lajeado Novo";"ALCANÇOU";"ALCANÇOU";;"ALCANÇOU";"NÃO ALCANÇOU";"NÃO ALCANÇOU";"ALCANÇOU";"ALCANÇOU"
"MA";"210600";"Lima Campos";"ALCANÇOU";"ALCANÇOU";;"NÃO ALCANÇOU";"NÃO ALCANÇOU";"NÃO ALCANÇOU";"ALCANÇOU";"ALCANÇOU"
"MA";"210610";"Loreto";"ALCANÇOU";"ALCANÇOU";;"ALCANÇOU";"NÃO ALCANÇOU";"NÃO ALCANÇOU";"ALCANÇOU";"ALCANÇOU"
"MA";"210620";"Luís Domingues";"NÃO ALCANÇOU";"ALCANÇOU";;"NÃO ALCANÇOU";"NÃO ALCANÇOU";"NÃO ALCANÇOU";"ALCANÇOU";"NÃO ALCANÇOU"
"MA";"210630";"Magalhães de Almeida";"NÃO ALCANÇOU";"ALCANÇOU";;"NÃO ALCANÇOU";"ALCANÇOU";"NÃO ALCANÇOU";"NÃO ALCANÇOU";"ALCANÇOU"
"MA";"210632";"Maracaçumé";"ALCANÇOU";"ALCANÇOU";;"NÃO ALCANÇOU";"ALCANÇOU";"NÃO ALCANÇOU";"NÃO ALCANÇOU";"ALCANÇOU"
"MA";"210635";"Marajá do Sena";"NÃO ALCANÇOU";"ALCANÇOU";;"ALCANÇOU";"NÃO ALCANÇOU";"NÃO ALCANÇOU";"ALCANÇOU";"NÃO ALCANÇOU"
"MA";"210637";"Maranhãozinho";"NÃO ALCANÇOU";"NÃO ALCANÇOU";;"NÃO ALCANÇOU";"NÃO ALCANÇOU";"NÃO ALCANÇOU";"NÃO ALCANÇOU";"NÃO ALCANÇOU"
"MA";"210640";"Mata Roma";"ALCANÇOU";"ALCANÇOU";;"ALCANÇOU";"NÃO ALCANÇOU";"ALCANÇOU";"ALCANÇOU";"ALCANÇOU"
"MA";"210650";"Matinha";"ALCANÇOU";"ALCANÇOU";;"NÃO ALCANÇOU";"NÃO ALCANÇOU";"NÃO ALCANÇOU";"ALCANÇOU";"ALCANÇOU"
"MA";"210660";"Matões";"NÃO ALCANÇOU";"ALCANÇOU";;"ALCANÇOU";"NÃO ALCANÇOU";"NÃO ALCANÇOU";"NÃO ALCANÇOU";"ALCANÇOU"
"MA";"210663";"Matões do Norte";"NÃO ALCANÇOU";"NÃO ALCANÇOU";;"NÃO ALCANÇOU";"NÃO ALCANÇOU";"NÃO ALCANÇOU";"NÃO ALCANÇOU";"ALCANÇOU"
"MA";"210667";"Milagres do Maranhão";"NÃO ALCANÇOU";"ALCANÇOU";;"ALCANÇOU";"NÃO ALCANÇOU";"NÃO ALCANÇOU";"ALCANÇOU";"ALCANÇOU"
"MA";"210670";"Mirador";"NÃO ALCANÇOU";"ALCANÇOU";;"NÃO ALCANÇOU";"NÃO ALCANÇOU";"NÃO ALCANÇOU";"ALCANÇOU";"ALCANÇOU"
"MA";"210675";"Miranda do Norte";"NÃO ALCANÇOU";"ALCANÇOU";;"NÃO ALCANÇOU";"NÃO ALCANÇOU";"NÃO ALCANÇOU";"ALCANÇOU";"NÃO ALCANÇOU"
"MA";"210680";"Mirinzal";"ALCANÇOU";"ALCANÇOU";;"NÃO ALCANÇOU";"NÃO ALCANÇOU";"NÃO ALCANÇOU";"NÃO ALCANÇOU";"NÃO ALCANÇOU"
"MA";"210700";"Montes Altos";"NÃO ALCANÇOU";"ALCANÇOU";;"NÃO ALCANÇOU";"ALCANÇOU";"NÃO ALCANÇOU";"ALCANÇOU";"ALCANÇOU"
"MA";"210690";"Monção";"NÃO ALCANÇOU";"ALCANÇOU";;"NÃO ALCANÇOU";"ALCANÇOU";"NÃO ALCANÇOU";"ALCANÇOU";"ALCANÇOU"
"MA";"210710";"Morros";"ALCANÇOU";"ALCANÇOU";;"NÃO ALCANÇOU";"NÃO ALCANÇOU";"NÃO ALCANÇOU";"NÃO ALCANÇOU";"ALCANÇOU"
"MA";"210720";"Nina Rodrigues";"NÃO ALCANÇOU";"ALCANÇOU";;"NÃO ALCANÇOU";"ALCANÇOU";"NÃO ALCANÇOU";"ALCANÇOU";"ALCANÇOU"
"MA";"210725";"Nova Colinas";"ALCANÇOU";"ALCANÇOU";;"NÃO ALCANÇOU";"NÃO ALCANÇOU";"NÃO ALCANÇOU";"ALCANÇOU";"ALCANÇOU"
"MA";"210730";"Nova Iorque";"ALCANÇOU";"ALCANÇOU";;"NÃO ALCANÇOU";"NÃO ALCANÇOU";"NÃO ALCANÇOU";"ALCANÇOU";"NÃO ALCANÇOU"
"MA";"210735";"Nova Olinda do Maranhão";"NÃO ALCANÇOU";"ALCANÇOU";;"NÃO ALCANÇOU";"NÃO ALCANÇOU";"NÃO ALCANÇOU";"ALCANÇOU";"NÃO ALCANÇOU"
"MA";"210740";"Olho d'Água das Cunhãs";"ALCANÇOU";"ALCANÇOU";;"NÃO ALCANÇOU";"NÃO ALCANÇOU";"NÃO ALCANÇOU";"ALCANÇOU";
"MA";"210740";"Olho dÁgua das Cunhãs";;;;;;;;"ALCANÇOU"
"MA";"210745";"Olinda Nova do Maranhão";"ALCANÇOU";"ALCANÇOU";;"NÃO ALCANÇOU";"NÃO ALCANÇOU";"NÃO ALCANÇOU";"ALCANÇOU";"ALCANÇOU"
"MA";"210760";"Palmeirândia";"ALCANÇOU";"ALCANÇOU";;"NÃO ALCANÇOU";"ALCANÇOU";"NÃO ALCANÇOU";"ALCANÇOU";"ALCANÇOU"
"MA";"210770";"Paraibano";"ALCANÇOU";"ALCANÇOU";;"NÃO ALCANÇOU";"NÃO ALCANÇOU";"NÃO ALCANÇOU";"ALCANÇOU";"ALCANÇOU"
"MA";"210780";"Parnarama";"NÃO ALCANÇOU";"NÃO ALCANÇOU";;"ALCANÇOU";"NÃO ALCANÇOU";"NÃO ALCANÇOU";"ALCANÇOU";"ALCANÇOU"
"MA";"210790";"Passagem Franca";"ALCANÇOU";"ALCANÇOU";;"NÃO ALCANÇOU";"NÃO ALCANÇOU";"NÃO ALCANÇOU";"NÃO ALCANÇOU";"ALCANÇOU"
"MA";"210800";"Pastos Bons";"ALCANÇOU";"ALCANÇOU";;"NÃO ALCANÇOU";"NÃO ALCANÇOU";"NÃO ALCANÇOU";"ALCANÇOU";"NÃO ALCANÇOU"
"MA";"210805";"Paulino Neves";"NÃO ALCANÇOU";"NÃO ALCANÇOU";;"NÃO ALCANÇOU";"ALCANÇOU";"NÃO ALCANÇOU";"NÃO ALCANÇOU";"ALCANÇOU"
"MA";"210810";"Paulo Ramos";"ALCANÇOU";"ALCANÇOU";;"NÃO ALCANÇOU";"NÃO ALCANÇOU";"ALCANÇOU";"ALCANÇOU";"NÃO ALCANÇOU"
"MA";"210750";"Paço do Lumiar";"ALCANÇOU";"ALCANÇOU";;"NÃO ALCANÇOU";"ALCANÇOU";"ALCANÇOU";"ALCANÇOU";"ALCANÇOU"
"MA";"210820";"Pedreiras";"ALCANÇOU";"ALCANÇOU";;"NÃO ALCANÇOU";"NÃO ALCANÇOU";"ALCANÇOU";"ALCANÇOU";"NÃO ALCANÇOU"
"MA";"210825";"Pedro do Rosário";"NÃO ALCANÇOU";"ALCANÇOU";;"NÃO ALCANÇOU";"ALCANÇOU";"NÃO ALCANÇOU";"ALCANÇOU";"NÃO ALCANÇOU"
"MA";"210830";"Penalva";"ALCANÇOU";"ALCANÇOU";;"NÃO ALCANÇOU";"ALCANÇOU";"NÃO ALCANÇOU";"NÃO ALCANÇOU";"ALCANÇOU"
"MA";"210840";"Peri Mirim";"NÃO ALCANÇOU";"ALCANÇOU";;"NÃO ALCANÇOU";"NÃO ALCANÇOU";"ALCANÇOU";"ALCANÇOU";"NÃO ALCANÇOU"
"MA";"210845";"Peritoró";"NÃO ALCANÇOU";"ALCANÇOU";;"NÃO ALCANÇOU";"ALCANÇOU";"NÃO ALCANÇOU";"NÃO ALCANÇOU";"ALCANÇOU"
"MA";"210850";"Pindaré-Mirim";"ALCANÇOU";"ALCANÇOU";;"NÃO ALCANÇOU";"NÃO ALCANÇOU";"ALCANÇOU";"NÃO ALCANÇOU";"ALCANÇOU"
"MA";"210860";"Pinheiro";"ALCANÇOU";"ALCANÇOU";;"NÃO ALCANÇOU";"ALCANÇOU";"NÃO ALCANÇOU";"NÃO ALCANÇOU";"ALCANÇOU"
"MA";"210870";"Pio XII";"ALCANÇOU";"ALCANÇOU";;"NÃO ALCANÇOU";"NÃO ALCANÇOU";"NÃO ALCANÇOU";"NÃO ALCANÇOU";"ALCANÇOU"
"MA";"210880";"Pirapemas";"NÃO ALCANÇOU";"ALCANÇOU";;"ALCANÇOU";"NÃO ALCANÇOU";"NÃO ALCANÇOU";"ALCANÇOU";"ALCANÇOU"
"MA";"210900";"Porto Franco";"ALCANÇOU";"ALCANÇOU";;"NÃO ALCANÇOU";"ALCANÇOU";"NÃO ALCANÇOU";"ALCANÇOU";"ALCANÇOU"
"MA";"210905";"Porto Rico do Maranhão";"NÃO ALCANÇOU";"NÃO ALCANÇOU";;"NÃO ALCANÇOU";"NÃO ALCANÇOU";"NÃO ALCANÇOU";"ALCANÇOU";"NÃO ALCANÇOU"
"MA";"210890";"Poção de Pedras";"ALCANÇOU";"ALCANÇOU";;"ALCANÇOU";"NÃO ALCANÇOU";"NÃO ALCANÇOU";"ALCANÇOU";"NÃO ALCANÇOU"
"MA";"210910";"Presidente Dutra";"ALCANÇOU";"ALCANÇOU";;"NÃO ALCANÇOU";"NÃO ALCANÇOU";"NÃO ALCANÇOU";"NÃO ALCANÇOU";"ALCANÇOU"
"MA";"210920";"Presidente Juscelino";"ALCANÇOU";"ALCANÇOU";;"NÃO ALCANÇOU";"ALCANÇOU";"NÃO ALCANÇOU";"ALCANÇOU";"ALCANÇOU"
"MA";"210923";"Presidente Médici";"NÃO ALCANÇOU";"ALCANÇOU";;"ALCANÇOU";"NÃO ALCANÇOU";"NÃO ALCANÇOU";"ALCANÇOU";"ALCANÇOU"
"MA";"210927";"Presidente Sarney";"NÃO ALCANÇOU";"ALCANÇOU";;"NÃO ALCANÇOU";"ALCANÇOU";"NÃO ALCANÇOU";"NÃO ALCANÇOU";"NÃO ALCANÇOU"
"MA";"210930";"Presidente Vargas";"NÃO ALCANÇOU";"ALCANÇOU";;"NÃO ALCANÇOU";"NÃO ALCANÇOU";"NÃO ALCANÇOU";"ALCANÇOU";"ALCANÇOU"
"MA";"210940";"Primeira Cruz";"ALCANÇOU";"ALCANÇOU";;"NÃO ALCANÇOU";"ALCANÇOU";"NÃO ALCANÇOU";"NÃO ALCANÇOU";"ALCANÇOU"
"MA";"210945";"Raposa";"ALCANÇOU";"ALCANÇOU";;"NÃO ALCANÇOU";"NÃO ALCANÇOU";"ALCANÇOU";"NÃO ALCANÇOU";"ALCANÇOU"
"MA";"210950";"Riachão";"ALCANÇOU";"ALCANÇOU";;"NÃO ALCANÇOU";"NÃO ALCANÇOU";"NÃO ALCANÇOU";"ALCANÇOU";"ALCANÇOU"
"MA";"210955";"Ribamar Fiquene";"ALCANÇOU";"ALCANÇOU";;"NÃO ALCANÇOU";"ALCANÇOU";"NÃO ALCANÇOU";"NÃO ALCANÇOU";"ALCANÇOU"
"MA";"210960";"Rosário";"ALCANÇOU";"ALCANÇOU";;"NÃO ALCANÇOU";"ALCANÇOU";"ALCANÇOU";"NÃO ALCANÇOU";"ALCANÇOU"
"MA";"210970";"Sambaíba";"ALCANÇOU";"ALCANÇOU";;"NÃO ALCANÇOU";"NÃO ALCANÇOU";"NÃO ALCANÇOU";"ALCANÇOU";"ALCANÇOU"
"MA";"210975";"Santa Filomena do Maranhão";"NÃO ALCANÇOU";"ALCANÇOU";;"ALCANÇOU";"NÃO ALCANÇOU";"ALCANÇOU";"ALCANÇOU";"NÃO ALCANÇOU"
"MA";"210980";"Santa Helena";"NÃO ALCANÇOU";"ALCANÇOU";;"NÃO ALCANÇOU";"NÃO ALCANÇOU";"NÃO ALCANÇOU";"ALCANÇOU";"ALCANÇOU"
"MA";"210990";"Santa Inês";"ALCANÇOU";"ALCANÇOU";;"NÃO ALCANÇOU";"ALCANÇOU";"ALCANÇOU";"ALCANÇOU";"ALCANÇOU"
"MA";"211000";"Santa Luzia";"ALCANÇOU";"ALCANÇOU";;"NÃO ALCANÇOU";"NÃO ALCANÇOU";"ALCANÇOU";"NÃO ALCANÇOU";"ALCANÇOU"
"MA";"211003";"Santa Luzia do Paruá";"ALCANÇOU";"ALCANÇOU";;"NÃO ALCANÇOU";"NÃO ALCANÇOU";"NÃO ALCANÇOU";"ALCANÇOU";"ALCANÇOU"
"MA";"211010";"Santa Quitéria do Maranhão";"ALCANÇOU";"ALCANÇOU";;"NÃO ALCANÇOU";"NÃO ALCANÇOU";"NÃO ALCANÇOU";"NÃO ALCANÇOU";"ALCANÇOU"
"MA";"211020";"Santa Rita";"NÃO ALCANÇOU";"NÃO ALCANÇOU";;"NÃO ALCANÇOU";"NÃO ALCANÇOU";"NÃO ALCANÇOU";"NÃO ALCANÇOU";"ALCANÇOU"
"MA";"211023";"Santana do Maranhão";"NÃO ALCANÇOU";"ALCANÇOU";;"ALCANÇOU";"ALCANÇOU";"NÃO ALCANÇOU";"ALCANÇOU";"ALCANÇOU"
"MA";"211027";"Santo Amaro do Maranhão";"NÃO ALCANÇOU";"ALCANÇOU";;"ALCANÇOU";"ALCANÇOU";"NÃO ALCANÇOU";"ALCANÇOU";"ALCANÇOU"
"MA";"211030";"Santo Antônio dos Lopes";"ALCANÇOU";"ALCANÇOU";;"ALCANÇOU";"NÃO ALCANÇOU";"NÃO ALCANÇOU";"ALCANÇOU";"ALCANÇOU"
"MA";"211172";"Satubinha";"NÃO ALCANÇOU";"ALCANÇOU";;"ALCANÇOU";"ALCANÇOU";"NÃO ALCANÇOU";"NÃO ALCANÇOU";"ALCANÇOU"
"MA";"211174";"Senador Alexandre Costa";"NÃO ALCANÇOU";"ALCANÇOU";;"NÃO ALCANÇOU";"NÃO ALCANÇOU";"NÃO ALCANÇOU";"ALCANÇOU";"ALCANÇOU"
"MA";"211176";"Senador La Rocque";"ALCANÇOU";"ALCANÇOU";;"NÃO ALCANÇOU";"NÃO ALCANÇOU";"ALCANÇOU";"ALCANÇOU";"ALCANÇOU"
"MA";"211178";"Serrano do Maranhão";"ALCANÇOU";"ALCANÇOU";;"NÃO ALCANÇOU";"NÃO ALCANÇOU";"NÃO ALCANÇOU";"NÃO ALCANÇOU";"ALCANÇOU"
"MA";"211190";"Sucupira do Norte";"NÃO ALCANÇOU";"ALCANÇOU";;"ALCANÇOU";"NÃO ALCANÇOU";"ALCANÇOU";"ALCANÇOU";"ALCANÇOU"
"MA";"211195";"Sucupira do Riachão";"ALCANÇOU";"ALCANÇOU";;"ALCANÇOU";"NÃO ALCANÇOU";"NÃO ALCANÇOU";"ALCANÇOU";"ALCANÇOU"
"MA";"211040";"São Benedito do Rio Preto";"NÃO ALCANÇOU";"ALCANÇOU";;"NÃO ALCANÇOU";"NÃO ALCANÇOU";"NÃO ALCANÇOU";"ALCANÇOU";"ALCANÇOU"
"MA";"211050";"São Bento";"NÃO ALCANÇOU";"ALCANÇOU";;"NÃO ALCANÇOU";"ALCANÇOU";"NÃO ALCANÇOU";"ALCANÇOU";"ALCANÇOU"
"MA";"211060";"São Bernardo";"ALCANÇOU";"ALCANÇOU";;"ALCANÇOU";"ALCANÇOU";"NÃO ALCANÇOU";"NÃO ALCANÇOU";"ALCANÇOU"
"MA";"211065";"São Domingos do Azeitão";"ALCANÇOU";"ALCANÇOU";;"NÃO ALCANÇOU";"NÃO ALCANÇOU";"NÃO ALCANÇOU";"ALCANÇOU";"ALCANÇOU"
"MA";"211070";"São Domingos do Maranhão";"ALCANÇOU";"ALCANÇOU";;"NÃO ALCANÇOU";"NÃO ALCANÇOU";"NÃO ALCANÇOU";"ALCANÇOU";"ALCANÇOU"
"MA";"211085";"São Francisco do Brejão";"NÃO ALCANÇOU";"ALCANÇOU";;"ALCANÇOU";"NÃO ALCANÇOU";"NÃO ALCANÇOU";"NÃO ALCANÇOU";"ALCANÇOU"
"MA";"211090";"São Francisco do Maranhão";"ALCANÇOU";"NÃO ALCANÇOU";;"ALCANÇOU";"NÃO ALCANÇOU";"NÃO ALCANÇOU";"ALCANÇOU";"ALCANÇOU"
"MA";"211080";"São Félix de Balsas";"ALCANÇOU";"ALCANÇOU";;"NÃO ALCANÇOU";"NÃO ALCANÇOU";"NÃO ALCANÇOU";"ALCANÇOU";"ALCANÇOU"
"MA";"211120";"São José de Ribamar";"ALCANÇOU";"ALCANÇOU";;"NÃO ALCANÇOU";"ALCANÇOU";"ALCANÇOU";"NÃO ALCANÇOU";"ALCANÇOU"
"MA";"211125";"São José dos Basílios";"ALCANÇOU";"ALCANÇOU";;"ALCANÇOU";"NÃO ALCANÇOU";"NÃO ALCANÇOU";"ALCANÇOU";"ALCANÇOU"
"MA";"211100";"São João Batista";"NÃO ALCANÇOU";"NÃO ALCANÇOU";;"NÃO ALCANÇOU";"NÃO ALCANÇOU";"NÃO ALCANÇOU";"ALCANÇOU";"NÃO ALCANÇOU"
"MA";"211102";"São João do Carú";"NÃO ALCANÇOU";"ALCANÇOU";;"NÃO ALCANÇOU";"ALCANÇOU";"ALCANÇOU";"ALCANÇOU";"ALCANÇOU"
"MA";"211105";"São João do Paraíso";"ALCANÇOU";"ALCANÇOU";;"NÃO ALCANÇOU";"NÃO ALCANÇOU";"NÃO ALCANÇOU";"ALCANÇOU";"ALCANÇOU"
"MA";"211107";"São João do Soter";"NÃO ALCANÇOU";"ALCANÇOU";;"NÃO ALCANÇOU";"NÃO ALCANÇOU";"NÃO ALCANÇOU";"NÃO ALCANÇOU";"ALCANÇOU"
"MA";"211110";"São João dos Patos";"ALCANÇOU";"ALCANÇOU";;"NÃO ALCANÇOU";"NÃO ALCANÇOU";"NÃO ALCANÇOU";"ALCANÇOU";"ALCANÇOU"
"MA";"211130";"São Luís";"ALCANÇOU";"ALCANÇOU";;"NÃO ALCANÇOU";"ALCANÇOU";"ALCANÇOU";"NÃO ALCANÇOU";"ALCANÇOU"
"MA";"211140";"São Luís Gonzaga do Maranhão";"ALCANÇOU";"ALCANÇOU";;"NÃO ALCANÇOU";"NÃO ALCANÇOU";"NÃO ALCANÇOU";"ALCANÇOU";"ALCANÇOU"
"MA";"211150";"São Mateus do Maranhão";"ALCANÇOU";"ALCANÇOU";;"NÃO ALCANÇOU";"ALCANÇOU";"NÃO ALCANÇOU";"NÃO ALCANÇOU";"ALCANÇOU"
"MA";"211153";"São Pedro da Água Branca";"NÃO ALCANÇOU";"ALCANÇOU";;"NÃO ALCANÇOU";"NÃO ALCANÇOU";"NÃO ALCANÇOU";"ALCANÇOU";"ALCANÇOU"
"MA";"211157";"São Pedro dos Crentes";"NÃO ALCANÇOU";"ALCANÇOU";;"NÃO ALCANÇOU";"NÃO ALCANÇOU";"NÃO ALCANÇOU";"ALCANÇOU";"NÃO ALCANÇOU"
"MA";"211160";"São Raimundo das Mangabeiras";"ALCANÇOU";"ALCANÇOU";;"NÃO ALCANÇOU";"NÃO ALCANÇOU";"ALCANÇOU";"ALCANÇOU";"ALCANÇOU"
"MA";"211163";"São Raimundo do Doca Bezerra";"NÃO ALCANÇOU";"ALCANÇOU";;"ALCANÇOU";"NÃO ALCANÇOU";"NÃO ALCANÇOU";"ALCANÇOU";"ALCANÇOU"
"MA";"211167";"São Roberto";"NÃO ALCANÇOU";"ALCANÇOU";;"ALCANÇOU";"ALCANÇOU";"NÃO ALCANÇOU";"ALCANÇOU";"ALCANÇOU"
"MA";"211170";"São Vicente Ferrer";"ALCANÇOU";"ALCANÇOU";;"NÃO ALCANÇOU";"NÃO ALCANÇOU";"NÃO ALCANÇOU";"ALCANÇOU";"ALCANÇOU"
"MA";"211180";"Sítio Novo";"ALCANÇOU";"ALCANÇOU";;"ALCANÇOU";"ALCANÇOU";"NÃO ALCANÇOU";"NÃO ALCANÇOU";"ALCANÇOU"
"MA";"211200";"Tasso Fragoso";"ALCANÇOU";"ALCANÇOU";;"ALCANÇOU";"NÃO ALCANÇOU";"NÃO ALCANÇOU";"ALCANÇOU";"ALCANÇOU"
"MA";"211210";"Timbiras";"NÃO ALCANÇOU";"NÃO ALCANÇOU";;"NÃO ALCANÇOU";"NÃO ALCANÇOU";"NÃO ALCANÇOU";"ALCANÇOU";"ALCANÇOU"
"MA";"211220";"Timon";"NÃO ALCANÇOU";"NÃO ALCANÇOU";;"NÃO ALCANÇOU";"NÃO ALCANÇOU";"ALCANÇOU";"NÃO ALCANÇOU";"ALCANÇOU"
"MA";"211223";"Trizidela do Vale";"ALCANÇOU";"ALCANÇOU";;"NÃO ALCANÇOU";"ALCANÇOU";"ALCANÇOU";"ALCANÇOU";"ALCANÇOU"
"MA";"211227";"Tufilândia";"ALCANÇOU";"ALCANÇOU";;"NÃO ALCANÇOU";"NÃO ALCANÇOU";"NÃO ALCANÇOU";"ALCANÇOU";"ALCANÇOU"
"MA";"211230";"Tuntum";"ALCANÇOU";"ALCANÇOU";;"NÃO ALCANÇOU";"ALCANÇOU";"NÃO ALCANÇOU";"ALCANÇOU";"ALCANÇOU"
"MA";"211240";"Turiaçu";"NÃO ALCANÇOU";"ALCANÇOU";;"NÃO ALCANÇOU";"ALCANÇOU";"NÃO ALCANÇOU";"ALCANÇOU";"ALCANÇOU"
"MA";"211245";"Turilândia";"NÃO ALCANÇOU";"ALCANÇOU";;"NÃO ALCANÇOU";"NÃO ALCANÇOU";"NÃO ALCANÇOU";"ALCANÇOU";"ALCANÇOU"
"MA";"211250";"Tutóia";"NÃO ALCANÇOU";"ALCANÇOU";;"NÃO ALCANÇOU";"ALCANÇOU";"NÃO ALCANÇOU";"ALCANÇOU";"ALCANÇOU"
"MA";"211260";"Urbano Santos";"ALCANÇOU";"ALCANÇOU";;"NÃO ALCANÇOU";"NÃO ALCANÇOU";"NÃO ALCANÇOU";"ALCANÇOU";"ALCANÇOU"
"MA";"211270";"Vargem Grande";"NÃO ALCANÇOU";"ALCANÇOU";;"NÃO ALCANÇOU";"ALCANÇOU";"NÃO ALCANÇOU";"ALCANÇOU";"ALCANÇOU"
"MA";"211280";"Viana";"ALCANÇOU";"ALCANÇOU";;"NÃO ALCANÇOU";"NÃO ALCANÇOU";"ALCANÇOU";"NÃO ALCANÇOU";"ALCANÇOU"
"MA";"211285";"Vila Nova dos Martírios";"NÃO ALCANÇOU";"ALCANÇOU";;"ALCANÇOU";"ALCANÇOU";"NÃO ALCANÇOU";"ALCANÇOU";"ALCANÇOU"
"MA";"211300";"Vitorino Freire";"ALCANÇOU";"ALCANÇOU";;"NÃO ALCANÇOU";"ALCANÇOU";"NÃO ALCANÇOU";"ALCANÇOU";"ALCANÇOU"
"MA";"211290";"Vitória do Mearim";"ALCANÇOU";"ALCANÇOU";;"NÃO ALCANÇOU";"NÃO ALCANÇOU";"NÃO ALCANÇOU";"NÃO ALCANÇOU";"ALCANÇOU"
"MA";"211400";"Zé Doca";"ALCANÇOU";"ALCANÇOU";;"NÃO ALCANÇOU";"NÃO ALCANÇOU";"ALCANÇOU";"ALCANÇOU";"ALCANÇOU"
"MA";"210015";"Água Doce do Maranhão";"NÃO ALCANÇOU";"ALCANÇOU";;"ALCANÇOU";"NÃO ALCANÇOU";"NÃO ALCANÇOU";"ALCANÇOU";"NÃO ALCANÇOU"
"MA";"210005";;;;"ALCANÇOU";;;;;
"MA";"210010";;;;"NÃO ALCANÇOU";;;;;
"MA";"210015";;;;"NÃO ALCANÇOU";;;;;
"MA";"210020";;;;"ALCANÇOU";;;;;
"MA";"210030";;;;"ALCANÇOU";;;;;
"MA";"210040";;;;"NÃO ALCANÇOU";;;;;
"MA";"210043";;;;"ALCANÇOU";;;;;
"MA";"210047";;;;"ALCANÇOU";;;;;
"MA";"210050";;;;"ALCANÇOU";;;;;
"MA";"210055";;;;"ALCANÇOU";;;;;
"MA";"210060";;;;"ALCANÇOU";;;;;
"MA";"210070";;;;"ALCANÇOU";;;;;
"MA";"210080";;;;"NÃO ALCANÇOU";;;;;
"MA";"210083";;;;"ALCANÇOU";;;;;
"MA";"210087";;;;"ALCANÇOU";;;;;
"MA";"210090";;;;"ALCANÇOU";;;;;
"MA";"210095";;;;"ALCANÇOU";;;;;
"MA";"210100";;;;"ALCANÇOU";;;;;
"MA";"210110";;;;"ALCANÇOU";;;;;
"MA";"210120";;;;"ALCANÇOU";;;;;
"MA";"210125";;;;"ALCANÇOU";;;;;
"MA";"210130";;;;"ALCANÇOU";;;;;
"MA";"210135";;;;"NÃO ALCANÇOU";;;;;
"MA";"210140";;;;"ALCANÇOU";;;;;
"MA";"210150";;;;"ALCANÇOU";;;;;
"MA";"210160";;;;"ALCANÇOU";;;;;
"MA";"210170";;;;"NÃO ALCANÇOU";;;;;
"MA";"210173";;;;"NÃO ALCANÇOU";;;;;
"MA";"210177";;;;"ALCANÇOU";;;;;
"MA";"210180";;;;"NÃO ALCANÇOU";;;;;
"MA";"210190";;;;"NÃO ALCANÇOU";;;;;
"MA";"210193";;;;"ALCANÇOU";;;;;
"MA";"210197";;;;"ALCANÇOU";;;;;
"MA";"210200";;;;"ALCANÇOU";;;;;
"MA";"210203";;;;"ALCANÇOU";;;;;
"MA";"210207";;;;"NÃO ALCANÇOU";;;;;
"MA";"210210";;;;"ALCANÇOU";;;;;
"MA";"210215";;;;"ALCANÇOU";;;;;
"MA";"210220";;;;"ALCANÇOU";;;;;
"MA";"210230";;;;"ALCANÇOU";;;;;
"MA";"210232";;;;"ALCANÇOU";;;;;
"MA";"210235";;;;"ALCANÇOU";;;;;
"MA";"210237";;;;"NÃO ALCANÇOU";;;;;
"MA";"210240";;;;"ALCANÇOU";;;;;
"MA";"210250";;;;"ALCANÇOU";;;;;
"MA";"210255";;;;"ALCANÇOU";;;;;
"MA";"210260";;;;"ALCANÇOU";;;;;
"MA";"210270";;;;"ALCANÇOU";;;;;
"MA";"210275";;;;"ALCANÇOU";;;;;
"MA";"210280";;;;"ALCANÇOU";;;;;
"MA";"210290";;;;"ALCANÇOU";;;;;
"MA";"210300";;;;"ALCANÇOU";;;;;
"MA";"210310";;;;"NÃO ALCANÇOU";;;;;
"MA";"210312";;;;"NÃO ALCANÇOU";;;;;
"MA";"210315";;;;"NÃO ALCANÇOU";;;;;
"MA";"210317";;;;"ALCANÇOU";;;;;
"MA";"210320";;;;"ALCANÇOU";;;;;
"MA";"210325";;;;"ALCANÇOU";;;;;
"MA";"210330";;;;"NÃO ALCANÇOU";;;;;
"MA";"210340";;;;"ALCANÇOU";;;;;
"MA";"210350";;;;"ALCANÇOU";;;;;
"MA";"210355";;;;"ALCANÇOU";;;;;
"MA";"210360";;;;"ALCANÇOU";;;;;
"MA";"210370";;;;"ALCANÇOU";;;;;
"MA";"210375";;;;"ALCANÇOU";;;;;
"MA";"210380";;;;"NÃO ALCANÇOU";;;;;
"MA";"210390";;;;"ALCANÇOU";;;;;
"MA";"210400";;;;"ALCANÇOU";;;;;
"MA";"210405";;;;"ALCANÇOU";;;;;
"MA";"210407";;;;"NÃO ALCANÇOU";;;;;
"MA";"210408";;;;"ALCANÇOU";;;;;
"MA";"210409";;;;"NÃO ALCANÇOU";;;;;
"MA";"210410";;;;"NÃO ALCANÇOU";;;;;
"MA";"210420";;;;"ALCANÇOU";;;;;
"MA";"210430";;;;"ALCANÇOU";;;;;
"MA";"210440";;;;"NÃO ALCANÇOU";;;;;
"MA";"210450";;;;"NÃO ALCANÇOU";;;;;
"MA";"210455";;;;"ALCANÇOU";;;;;
"MA";"210460";;;;"ALCANÇOU";;;;;
"MA";"210462";;;;"NÃO ALCANÇOU";;;;;
"MA";"210465";;;;"NÃO ALCANÇOU";;;;;
"MA";"210467";;;;"ALCANÇOU";;;;;
"MA";"210470";;;;"NÃO ALCANÇOU";;;;;
"MA";"210480";;;;"ALCANÇOU";;;;;
"MA";"210490";;;;"ALCANÇOU";;;;;
"MA";"210500";;;;"ALCANÇOU";;;;;
"MA";"210510";;;;"ALCANÇOU";;;;;
"MA";"210515";;;;"ALCANÇOU";;;;;
"MA";"210520";;;;"ALCANÇOU";;;;;
"MA";"210530";;;;"ALCANÇOU";;;;;
"MA";"210535";;;;"NÃO ALCANÇOU";;;;;
"MA";"210540";;;;"ALCANÇOU";;;;;
"MA";"210542";;;;"ALCANÇOU";;;;;
"MA";"210545";;;;"NÃO ALCANÇOU";;;;;
"MA";"210547";;;;"ALCANÇOU";;;;;
"MA";"210550";;;;"ALCANÇOU";;;;;
"MA";"210560";;;;"NÃO ALCANÇOU";;;;;
"MA";"210565";;;;"ALCANÇOU";;;;;
"MA";"210570";;;;"ALCANÇOU";;;;;
"MA";"210580";;;;"NÃO ALCANÇOU";;;;;
"MA";"210590";;;;"ALCANÇOU";;;;;
"MA";"210592";;;;"NÃO ALCANÇOU";;;;;
"MA";"210594";;;;"ALCANÇOU";;;;;
"MA";"210596";;;;"ALCANÇOU";;;;;
"MA";"210598";;;;"ALCANÇOU";;;;;
"MA";"210600";;;;"ALCANÇOU";;;;;
"MA";"210610";;;;"NÃO ALCANÇOU";;;;;
"MA";"210620";;;;"NÃO ALCANÇOU";;;;;
"MA";"210630";;;;"ALCANÇOU";;;;;
"MA";"210632";;;;"ALCANÇOU";;;;;
"MA";"210635";;;;"NÃO ALCANÇOU";;;;;
"MA";"210637";;;;"NÃO ALCANÇOU";;;;;
"MA";"210640";;;;"NÃO ALCANÇOU";;;;;
"MA";"210650";;;;"ALCANÇOU";;;;;
"MA";"210660";;;;"ALCANÇOU";;;;;
"MA";"210663";;;;"NÃO ALCANÇOU";;;;;
"MA";"210667";;;;"ALCANÇOU";;;;;
"MA";"210670";;;;"ALCANÇOU";;;;;
"MA";"210675";;;;"ALCANÇOU";;;;;
"MA";"210680";;;;"NÃO ALCANÇOU";;;;;
"MA";"210690";;;;"ALCANÇOU";;;;;
"MA";"210700";;;;"ALCANÇOU";;;;;
"MA";"210710";;;;"ALCANÇOU";;;;;
"MA";"210720";;;;"NÃO ALCANÇOU";;;;;
"MA";"210725";;;;"ALCANÇOU";;;;;
"MA";"210730";;;;"ALCANÇOU";;;;;
"MA";"210735";;;;"ALCANÇOU";;;;;
"MA";"210740";;;;"ALCANÇOU";;;;;
"MA";"210745";;;;"ALCANÇOU";;;;;
"MA";"210750";;;;"ALCANÇOU";;;;;
"MA";"210760";;;;"ALCANÇOU";;;;;
"MA";"210770";;;;"ALCANÇOU";;;;;
"MA";"210780";;;;"ALCANÇOU";;;;;
"MA";"210790";;;;"ALCANÇOU";;;;;
"MA";"210800";;;;"NÃO ALCANÇOU";;;;;
"MA";"210805";;;;"ALCANÇOU";;;;;
"MA";"210810";;;;"ALCANÇOU";;;;;
"MA";"210820";;;;"ALCANÇOU";;;;;
"MA";"210825";;;;"NÃO ALCANÇOU";;;;;
"MA";"210830";;;;"ALCANÇOU";;;;;
"MA";"210840";;;;"ALCANÇOU";;;;;
"MA";"210845";;;;"ALCANÇOU";;;;;
"MA";"210850";;;;"ALCANÇOU";;;;;
"MA";"210860";;;;"ALCANÇOU";;;;;
"MA";"210870";;;;"ALCANÇOU";;;;;
"MA";"210880";;;;"ALCANÇOU";;;;;
"MA";"210890";;;;"ALCANÇOU";;;;;
"MA";"210900";;;;"ALCANÇOU";;;;;
"MA";"210905";;;;"NÃO ALCANÇOU";;;;;
"MA";"210910";;;;"NÃO ALCANÇOU";;;;;
"MA";"210920";;;;"ALCANÇOU";;;;;
"MA";"210923";;;;"ALCANÇOU";;;;;
"MA";"210927";;;;"ALCANÇOU";;;;;
"MA";"210930";;;;"ALCANÇOU";;;;;
"MA";"210940";;;;"NÃO ALCANÇOU";;;;;
"MA";"210945";;;;"ALCANÇOU";;;;;
"MA";"210950";;;;"ALCANÇOU";;;;;
"MA";"210955";;;;"ALCANÇOU";;;;;
"MA";"210960";;;;"ALCANÇOU";;;;;
"MA";"210970";;;;"NÃO ALCANÇOU";;;;;
"MA";"210975";;;;"NÃO ALCANÇOU";;;;;
"MA";"210980";;;;"ALCANÇOU";;;;;
"MA";"210990";;;;"ALCANÇOU";;;;;
"MA";"211000";;;;"ALCANÇOU";;;;;
"MA";"211003";;;;"ALCANÇOU";;;;;
"MA";"211010";;;;"ALCANÇOU";;;;;
"MA";"211020";;;;"NÃO ALCANÇOU";;;;;
"MA";"211023";;;;"NÃO ALCANÇOU";;;;;
"MA";"211027";;;;"NÃO ALCANÇOU";;;;;
"MA";"211030";;;;"ALCANÇOU";;;;;
"MA";"211040";;;;"ALCANÇOU";;;;;
"MA";"211050";;;;"NÃO ALCANÇOU";;;;;
"MA";"211060";;;;"NÃO ALCANÇOU";;;;;
"MA";"211065";;;;"ALCANÇOU";;;;;
"MA";"211070";;;;"NÃO ALCANÇOU";;;;;
"MA";"211080";;;;"ALCANÇOU";;;;;
"MA";"211085";;;;"ALCANÇOU";;;;;
"MA";"211090";;;;"ALCANÇOU";;;;;
"MA";"211100";;;;"ALCANÇOU";;;;;
"MA";"211102";;;;"NÃO ALCANÇOU";;;;;
"MA";"211105";;;;"ALCANÇOU";;;;;
"MA";"211107";;;;"ALCANÇOU";;;;;
"MA";"211110";;;;"ALCANÇOU";;;;;
"MA";"211120";;;;"ALCANÇOU";;;;;
"MA";"211125";;;;"NÃO ALCANÇOU";;;;;
"MA";"211130";;;;"ALCANÇOU";;;;;
"MA";"211140";;;;"ALCANÇOU";;;;;
"MA";"211150";;;;"NÃO ALCANÇOU";;;;;
"MA";"211153";;;;"NÃO ALCANÇOU";;;;;
"MA";"211157";;;;"NÃO ALCANÇOU";;;;;
"MA";"211160";;;;"ALCANÇOU";;;;;
"MA";"211163";;;;"ALCANÇOU";;;;;
"MA";"211167";;;;"ALCANÇOU";;;;;
"MA";"211170";;;;"ALCANÇOU";;;;;
"MA";"211172";;;;"ALCANÇOU";;;;;
"MA";"211174";;;;"NÃO ALCANÇOU";;;;;
"MA";"211176";;;;"ALCANÇOU";;;;;
"MA";"211178";;;;"NÃO ALCANÇOU";;;;;
"MA";"211180";;;;"ALCANÇOU";;;;;
"MA";"211190";;;;"ALCANÇOU";;;;;
"MA";"211195";;;;"ALCANÇOU";;;;;
"MA";"211200";;;;"ALCANÇOU";;;;;
"MA";"211210";;;;"ALCANÇOU";;;;;
"MA";"211220";;;;"ALCANÇOU";;;;;
"MA";"211223";;;;"ALCANÇOU";;;;;
"MA";"211227";;;;"NÃO ALCANÇOU";;;;;
"MA";"211230";;;;"ALCANÇOU";;;;;
"MA";"211240";;;;"ALCANÇOU";;;;;
"MA";"211245";;;;"ALCANÇOU";;;;;
"MA";"211250";;;;"ALCANÇOU";;;;;
"MA";"211260";;;;"NÃO ALCANÇOU";;;;;
"MA";"211270";;;;"ALCANÇOU";;;;;
"MA";"211280";;;;"ALCANÇOU";;;;;
"MA";"211285";;;;"ALCANÇOU";;;;;
"MA";"211290";;;;"ALCANÇOU";;;;;
"MA";"211300";;;;"NÃO ALCANÇOU";;;;;
"MA";"211400";;;;"ALCANÇOU";;;;;
"MG";"310010";"Abadia dos Dourados";"ALCANÇOU";"ALCANÇOU";;"ALCANÇOU";"NÃO ALCANÇOU";"NÃO ALCANÇOU";"ALCANÇOU";"ALCANÇOU"
"MG";"310020";"Abaeté";"ALCANÇOU";"ALCANÇOU";;"NÃO ALCANÇOU";"NÃO ALCANÇOU";"NÃO ALCANÇOU";"ALCANÇOU";"ALCANÇOU"
"MG";"310030";"Abre Campo";"ALCANÇOU";"ALCANÇOU";;"NÃO ALCANÇOU";"NÃO ALCANÇOU";"ALCANÇOU";"ALCANÇOU";"ALCANÇOU"
"MG";"310040";"Acaiaca";"ALCANÇOU";"ALCANÇOU";;"ALCANÇOU";"ALCANÇOU";"NÃO ALCANÇOU";"ALCANÇOU";"ALCANÇOU"
"MG";"310080";"Aguanil";"ALCANÇOU";"ALCANÇOU";;"ALCANÇOU";"NÃO ALCANÇOU";"NÃO ALCANÇOU";"ALCANÇOU";"ALCANÇOU"
"MG";"310110";"Aimorés";"ALCANÇOU";"NÃO ALCANÇOU";;"NÃO ALCANÇOU";"ALCANÇOU";"NÃO ALCANÇOU";"NÃO ALCANÇOU";"ALCANÇOU"
"MG";"310120";"Aiuruoca";"NÃO ALCANÇOU";"NÃO ALCANÇOU";;"NÃO ALCANÇOU";"NÃO ALCANÇOU";"NÃO ALCANÇOU";"NÃO ALCANÇOU";"ALCANÇOU"
"MG";"310130";"Alagoa";"ALCANÇOU";"ALCANÇOU";;"ALCANÇOU";"NÃO ALCANÇOU";"NÃO ALCANÇOU";"ALCANÇOU";"ALCANÇOU"
"MG";"310140";"Albertina";"ALCANÇOU";"ALCANÇOU";;"ALCANÇOU";"NÃO ALCANÇOU";"NÃO ALCANÇOU";"ALCANÇOU";"ALCANÇOU"
"MG";"310160";"Alfenas";"ALCANÇOU";"ALCANÇOU";;"NÃO ALCANÇOU";"ALCANÇOU";"ALCANÇOU";"ALCANÇOU";"ALCANÇOU"
"MG";"310163";"Alfredo Vasconcelos";"NÃO ALCANÇOU";"ALCANÇOU";;"ALCANÇOU";"ALCANÇOU";"NÃO ALCANÇOU";"ALCANÇOU";"ALCANÇOU"
"MG";"310170";"Almenara";"ALCANÇOU";"ALCANÇOU";;"NÃO ALCANÇOU";"NÃO ALCANÇOU";"NÃO ALCANÇOU";"NÃO ALCANÇOU";"NÃO ALCANÇOU"
"MG";"310180";"Alpercata";"ALCANÇOU";"ALCANÇOU";;"NÃO ALCANÇOU";"ALCANÇOU";"NÃO ALCANÇOU";"ALCANÇOU";"ALCANÇOU"
"MG";"310190";"Alpinópolis";"NÃO ALCANÇOU";"NÃO ALCANÇOU";;"NÃO ALCANÇOU";"NÃO ALCANÇOU";"ALCANÇOU";"NÃO ALCANÇOU";"ALCANÇOU"
"MG";"310200";"Alterosa";"ALCANÇOU";"ALCANÇOU";;"NÃO ALCANÇOU";"ALCANÇOU";"ALCANÇOU";"NÃO ALCANÇOU";"ALCANÇOU"
"MG";"310205";"Alto Caparaó";"ALCANÇOU";"ALCANÇOU";;"ALCANÇOU";"NÃO ALCANÇOU";"NÃO ALCANÇOU";"ALCANÇOU";"NÃO ALCANÇOU"
"MG";"315350";"Alto Jequitibá";"ALCANÇOU";"ALCANÇOU";;"NÃO ALCANÇOU";"NÃO ALCANÇOU";"NÃO ALCANÇOU";"NÃO ALCANÇOU";"ALCANÇOU"
"MG";"310210";"Alto Rio Doce";"ALCANÇOU";"NÃO ALCANÇOU";;"ALCANÇOU";"NÃO ALCANÇOU";"NÃO ALCANÇOU";"ALCANÇOU";"ALCANÇOU"
"MG";"310220";"Alvarenga";"ALCANÇOU";"ALCANÇOU";;"ALCANÇOU";"NÃO ALCANÇOU";"ALCANÇOU";"ALCANÇOU";"ALCANÇOU"
"MG";"310230";"Alvinópolis";"NÃO ALCANÇOU";"NÃO ALCANÇOU";;"NÃO ALCANÇOU";"NÃO ALCANÇOU";"NÃO ALCANÇOU";"ALCANÇOU";"ALCANÇOU"
"MG";"310240";"Alvorada de Minas";"NÃO ALCANÇOU";"ALCANÇOU";;"NÃO ALCANÇOU";"ALCANÇOU";"NÃO ALCANÇOU";"ALCANÇOU";"ALCANÇOU"
"MG";"310150";"Além Paraíba";"ALCANÇOU";"ALCANÇOU";;"NÃO ALCANÇOU";"ALCANÇOU";"ALCANÇOU";"NÃO ALCANÇOU";"ALCANÇOU"
"MG";"310250";"Amparo do Serra";"NÃO ALCANÇOU";"NÃO ALCANÇOU";;"NÃO ALCANÇOU";"NÃO ALCANÇOU";"NÃO ALCANÇOU";"ALCANÇOU";"ALCANÇOU"
"MG";"310260";"Andradas";"NÃO ALCANÇOU";"ALCANÇOU";;"ALCANÇOU";"ALCANÇOU";"ALCANÇOU";"ALCANÇOU";"ALCANÇOU"
"MG";"310280";"Andrelândia";"NÃO ALCANÇOU";"ALCANÇOU";;"NÃO ALCANÇOU";"NÃO ALCANÇOU";"NÃO ALCANÇOU";"ALCANÇOU";"NÃO ALCANÇOU"
"MG";"310285";"Angelândia";"ALCANÇOU";"ALCANÇOU";;"ALCANÇOU";"NÃO ALCANÇOU";"NÃO ALCANÇOU";"ALCANÇOU";"NÃO ALCANÇOU"
"MG";"310290";"Antônio Carlos";"ALCANÇOU";"ALCANÇOU";;"ALCANÇOU";"NÃO ALCANÇOU";"ALCANÇOU";"ALCANÇOU";"ALCANÇOU"
"MG";"310300";"Antônio Dias";"ALCANÇOU";"ALCANÇOU";;"NÃO ALCANÇOU";"NÃO ALCANÇOU";"ALCANÇOU";"ALCANÇOU";"ALCANÇOU"
"MG";"310310";"Antônio Prado de Minas";"ALCANÇOU";"ALCANÇOU";;"NÃO ALCANÇOU";"NÃO ALCANÇOU";"NÃO ALCANÇOU";"ALCANÇOU";"ALCANÇOU"
"MG";"310330";"Aracitaba";"ALCANÇOU";"NÃO ALCANÇOU";;"ALCANÇOU";"NÃO ALCANÇOU";"NÃO ALCANÇOU";"ALCANÇOU";"ALCANÇOU"
"MG";"310350";"Araguari";"ALCANÇOU";"NÃO ALCANÇOU";;"NÃO ALCANÇOU";"ALCANÇOU";"ALCANÇOU";"NÃO ALCANÇOU";"ALCANÇOU"
"MG";"310360";"Arantina";"NÃO ALCANÇOU";"ALCANÇOU";;"NÃO ALCANÇOU";"NÃO ALCANÇOU";"NÃO ALCANÇOU";"ALCANÇOU";"ALCANÇOU"
"MG";"310370";"Araponga";"ALCANÇOU";"NÃO ALCANÇOU";;"ALCANÇOU";"NÃO ALCANÇOU";"NÃO ALCANÇOU";"ALCANÇOU";"ALCANÇOU"
"MG";"310375";"Araporã";"ALCANÇOU";"ALCANÇOU";;"NÃO ALCANÇOU";"NÃO ALCANÇOU";"NÃO ALCANÇOU";"NÃO ALCANÇOU";"ALCANÇOU"
"MG";"310380";"Arapuá";"NÃO ALCANÇOU";"ALCANÇOU";;"ALCANÇOU";"NÃO ALCANÇOU";"NÃO ALCANÇOU";"ALCANÇOU";"ALCANÇOU"
"MG";"310400";"Araxá";"ALCANÇOU";"ALCANÇOU";;"NÃO ALCANÇOU";"NÃO ALCANÇOU";"NÃO ALCANÇOU";"NÃO ALCANÇOU";"ALCANÇOU"
"MG";"310320";"Araçaí";"ALCANÇOU";"NÃO ALCANÇOU";;"ALCANÇOU";"NÃO ALCANÇOU";"NÃO ALCANÇOU";"ALCANÇOU";"NÃO ALCANÇOU"
"MG";"310340";"Araçuaí";"ALCANÇOU";"ALCANÇOU";;"ALCANÇOU";"NÃO ALCANÇOU";"ALCANÇOU";"ALCANÇOU";"ALCANÇOU"
"MG";"310390";"Araújos";"ALCANÇOU";"ALCANÇOU";;"NÃO ALCANÇOU";"NÃO ALCANÇOU";"NÃO ALCANÇOU";"ALCANÇOU";"ALCANÇOU"
"MG";"310410";"Arceburgo";"ALCANÇOU";"ALCANÇOU";;"ALCANÇOU";"ALCANÇOU";"NÃO ALCANÇOU";"ALCANÇOU";"ALCANÇOU"
"MG";"310420";"Arcos";"ALCANÇOU";"ALCANÇOU";;"NÃO ALCANÇOU";"NÃO ALCANÇOU";"NÃO ALCANÇOU";"NÃO ALCANÇOU";"NÃO ALCANÇOU"
"MG";"310430";"Areado";"ALCANÇOU";"ALCANÇOU";;"NÃO ALCANÇOU";"NÃO ALCANÇOU";"ALCANÇOU";"ALCANÇOU";"NÃO ALCANÇOU"
"MG";"310440";"Argirita";"ALCANÇOU";"NÃO ALCANÇOU";;"NÃO ALCANÇOU";"NÃO ALCANÇOU";"NÃO ALCANÇOU";"ALCANÇOU";"ALCANÇOU"
"MG";"310445";"Aricanduva";"ALCANÇOU";"ALCANÇOU";;"ALCANÇOU";"NÃO ALCANÇOU";"NÃO ALCANÇOU";"ALCANÇOU";"ALCANÇOU"
"MG";"310450";"Arinos";"NÃO ALCANÇOU";"ALCANÇOU";;"ALCANÇOU";"NÃO ALCANÇOU";"NÃO ALCANÇOU";"NÃO ALCANÇOU";"ALCANÇOU"
"MG";"310460";"Astolfo Dutra";"ALCANÇOU";"ALCANÇOU";;"NÃO ALCANÇOU";"NÃO ALCANÇOU";"NÃO ALCANÇOU";"ALCANÇOU";"NÃO ALCANÇOU"
"MG";"310470";"Ataléia";"NÃO ALCANÇOU";"ALCANÇOU";;"NÃO ALCANÇOU";"NÃO ALCANÇOU";"NÃO ALCANÇOU";"ALCANÇOU";"ALCANÇOU"
"MG";"310480";"Augusto de Lima";"ALCANÇOU";"ALCANÇOU";;"ALCANÇOU";"NÃO ALCANÇOU";"NÃO ALCANÇOU";"ALCANÇOU";"ALCANÇOU"
"MG";"310050";"Açucena";"ALCANÇOU";"NÃO ALCANÇOU";;"ALCANÇOU";"NÃO ALCANÇOU";"NÃO ALCANÇOU";"ALCANÇOU";"ALCANÇOU"
"MG";"310490";"Baependi";"ALCANÇOU";"NÃO ALCANÇOU";;"ALCANÇOU";"NÃO ALCANÇOU";"NÃO ALCANÇOU";"ALCANÇOU";"ALCANÇOU"
"MG";"310500";"Baldim";"ALCANÇOU";"ALCANÇOU";;"NÃO ALCANÇOU";"NÃO ALCANÇOU";"NÃO ALCANÇOU";"ALCANÇOU";"NÃO ALCANÇOU"
"MG";"310510";"Bambuí";"ALCANÇOU";"NÃO ALCANÇOU";;"NÃO ALCANÇOU";"NÃO ALCANÇOU";"NÃO ALCANÇOU";"ALCANÇOU";"NÃO ALCANÇOU"
"MG";"310520";"Bandeira";"NÃO ALCANÇOU";"NÃO ALCANÇOU";;"ALCANÇOU";"NÃO ALCANÇOU";"NÃO ALCANÇOU";"ALCANÇOU";"ALCANÇOU"
"MG";"310530";"Bandeira do Sul";"ALCANÇOU";"NÃO ALCANÇOU";;"ALCANÇOU";"NÃO ALCANÇOU";"NÃO ALCANÇOU";"ALCANÇOU";"ALCANÇOU"
"MG";"310560";"Barbacena";"ALCANÇOU";"ALCANÇOU";;"NÃO ALCANÇOU";"ALCANÇOU";"ALCANÇOU";"NÃO ALCANÇOU";"NÃO ALCANÇOU"
"MG";"310570";"Barra Longa";"ALCANÇOU";"ALCANÇOU";;"NÃO ALCANÇOU";"NÃO ALCANÇOU";"NÃO ALCANÇOU";"ALCANÇOU";"ALCANÇOU"
"MG";"310590";"Barroso";"ALCANÇOU";"ALCANÇOU";;"NÃO ALCANÇOU";"NÃO ALCANÇOU";"NÃO ALCANÇOU";"NÃO ALCANÇOU";"NÃO ALCANÇOU"
"MG";"310540";"Barão de Cocais";"ALCANÇOU";"ALCANÇOU";;"ALCANÇOU";"NÃO ALCANÇOU";"ALCANÇOU";"NÃO ALCANÇOU";"ALCANÇOU"
"MG";"310550";"Barão de Monte Alto";"ALCANÇOU";"ALCANÇOU";;"NÃO ALCANÇOU";"NÃO ALCANÇOU";"NÃO ALCANÇOU";"ALCANÇOU";"ALCANÇOU"
"MG";"310600";"Bela Vista de Minas";"NÃO ALCANÇOU";"ALCANÇOU";;"NÃO ALCANÇOU";"NÃO ALCANÇOU";"NÃO ALCANÇOU";"ALCANÇOU";"NÃO ALCANÇOU"
"MG";"310610";"Belmiro Braga";"ALCANÇOU";"ALCANÇOU";;"NÃO ALCANÇOU";"NÃO ALCANÇOU";"ALCANÇOU";"ALCANÇOU";"ALCANÇOU"
"MG";"310620";"Belo Horizonte";"ALCANÇOU";"ALCANÇOU";;"NÃO ALCANÇOU";"ALCANÇOU";"ALCANÇOU";"ALCANÇOU";"ALCANÇOU"
"MG";"310630";"Belo Oriente";"ALCANÇOU";"ALCANÇOU";;"ALCANÇOU";"NÃO ALCANÇOU";"NÃO ALCANÇOU";"ALCANÇOU";"ALCANÇOU"
"MG";"310640";"Belo Vale";"ALCANÇOU";"ALCANÇOU";;"ALCANÇOU";"NÃO ALCANÇOU";"NÃO ALCANÇOU";"ALCANÇOU";"ALCANÇOU"
"MG";"310650";"Berilo";"NÃO ALCANÇOU";"ALCANÇOU";;"ALCANÇOU";"ALCANÇOU";"NÃO ALCANÇOU";"ALCANÇOU";"ALCANÇOU"
"MG";"310665";"Berizal";"NÃO ALCANÇOU";"ALCANÇOU";;"NÃO ALCANÇOU";"NÃO ALCANÇOU";"NÃO ALCANÇOU";"ALCANÇOU";"ALCANÇOU"
"MG";"310660";"Bertópolis";"NÃO ALCANÇOU";"ALCANÇOU";;"NÃO ALCANÇOU";"NÃO ALCANÇOU";"NÃO ALCANÇOU";"NÃO ALCANÇOU";"ALCANÇOU"
"MG";"310670";"Betim";"ALCANÇOU";"ALCANÇOU";;"ALCANÇOU";"ALCANÇOU";"ALCANÇOU";"NÃO ALCANÇOU";"NÃO ALCANÇOU"
"MG";"310680";"Bias Fortes";"ALCANÇOU";"ALCANÇOU";;"ALCANÇOU";"NÃO ALCANÇOU";"NÃO ALCANÇOU";"NÃO ALCANÇOU";"ALCANÇOU"
"MG";"310690";"Bicas";"ALCANÇOU";"ALCANÇOU";;"ALCANÇOU";"NÃO ALCANÇOU";"ALCANÇOU";"ALCANÇOU";"ALCANÇOU"
"MG";"310700";"Biquinhas";"ALCANÇOU";"ALCANÇOU";;"NÃO ALCANÇOU";"NÃO ALCANÇOU";"NÃO ALCANÇOU";"ALCANÇOU";"ALCANÇOU"
"MG";"310710";"Boa Esperança";"ALCANÇOU";"ALCANÇOU";;"NÃO ALCANÇOU";"NÃO ALCANÇOU";"NÃO ALCANÇOU";"NÃO ALCANÇOU";"ALCANÇOU"
"MG";"310720";"Bocaina de Minas";"ALCANÇOU";"ALCANÇOU";;"NÃO ALCANÇOU";"NÃO ALCANÇOU";"NÃO ALCANÇOU";"ALCANÇOU";"NÃO ALCANÇOU"
"MG";"310730";"Bocaiúva";"NÃO ALCANÇOU";"ALCANÇOU";;"NÃO ALCANÇOU";"NÃO ALCANÇOU";"NÃO ALCANÇOU";"NÃO ALCANÇOU";"ALCANÇOU"
"MG";"310740";"Bom Despacho";"ALCANÇOU";"ALCANÇOU";;"NÃO ALCANÇOU";"NÃO ALCANÇOU";"NÃO ALCANÇOU";"NÃO ALCANÇOU";"NÃO ALCANÇOU"
"MG";"310750";"Bom Jardim de Minas";"ALCANÇOU";"ALCANÇOU";;"NÃO ALCANÇOU";"NÃO ALCANÇOU";"NÃO ALCANÇOU";"ALCANÇOU";"ALCANÇOU"
"MG";"310760";"Bom Jesus da Penha";"NÃO ALCANÇOU";"NÃO ALCANÇOU";;"NÃO ALCANÇOU";"NÃO ALCANÇOU";"ALCANÇOU";"ALCANÇOU";"ALCANÇOU"
"MG";"310770";"Bom Jesus do Amparo";"ALCANÇOU";"ALCANÇOU";;"NÃO ALCANÇOU";"NÃO ALCANÇOU";"NÃO ALCANÇOU";"ALCANÇOU";"ALCANÇOU"
"MG";"310780";"Bom Jesus do Galho";"ALCANÇOU";"ALCANÇOU";;"NÃO ALCANÇOU";"NÃO ALCANÇOU";"NÃO ALCANÇOU";"ALCANÇOU";"ALCANÇOU"
"MG";"310790";"Bom Repouso";"NÃO ALCANÇOU";"ALCANÇOU";;"ALCANÇOU";"NÃO ALCANÇOU";"NÃO ALCANÇOU";"ALCANÇOU";"ALCANÇOU"
"MG";"310800";"Bom Sucesso";"NÃO ALCANÇOU";"NÃO ALCANÇOU";;"ALCANÇOU";"NÃO ALCANÇOU";"NÃO ALCANÇOU";"ALCANÇOU";"ALCANÇOU"
"MG";"310810";"Bonfim";"NÃO ALCANÇOU";"ALCANÇOU";;"NÃO ALCANÇOU";"NÃO ALCANÇOU";"NÃO ALCANÇOU";"NÃO ALCANÇOU";"ALCANÇOU"
"MG";"310820";"Bonfinópolis de Minas";"ALCANÇOU";"ALCANÇOU";;"ALCANÇOU";"NÃO ALCANÇOU";"NÃO ALCANÇOU";"ALCANÇOU";"ALCANÇOU"
"MG";"310825";"Bonito de Minas";"ALCANÇOU";"ALCANÇOU";;"ALCANÇOU";"NÃO ALCANÇOU";"NÃO ALCANÇOU";"ALCANÇOU";"ALCANÇOU"
"MG";"310830";"Borda da Mata";"ALCANÇOU";"ALCANÇOU";;"NÃO ALCANÇOU";"NÃO ALCANÇOU";"NÃO ALCANÇOU";"ALCANÇOU";"ALCANÇOU"
"MG";"310840";"Botelhos";"ALCANÇOU";"ALCANÇOU";;"ALCANÇOU";"ALCANÇOU";"NÃO ALCANÇOU";"ALCANÇOU";"ALCANÇOU"
"MG";"310850";"Botumirim";"ALCANÇOU";"ALCANÇOU";;"ALCANÇOU";"NÃO ALCANÇOU";"NÃO ALCANÇOU";"ALCANÇOU";"ALCANÇOU"
"MG";"310855";"Brasilândia de Minas";"ALCANÇOU";"ALCANÇOU";;"ALCANÇOU";"ALCANÇOU";"ALCANÇOU";"NÃO ALCANÇOU";"ALCANÇOU"
"MG";"310860";"Brasília de Minas";"ALCANÇOU";"ALCANÇOU";;"NÃO ALCANÇOU";"NÃO ALCANÇOU";"NÃO ALCANÇOU";"NÃO ALCANÇOU";"NÃO ALCANÇOU"
"MG";"310890";"Brazópolis";"NÃO ALCANÇOU";"ALCANÇOU";;"ALCANÇOU";"ALCANÇOU";"ALCANÇOU";"ALCANÇOU";"ALCANÇOU"
"MG";"310880";"Braúnas";"ALCANÇOU";"ALCANÇOU";;"NÃO ALCANÇOU";"NÃO ALCANÇOU";"NÃO ALCANÇOU";"ALCANÇOU";"ALCANÇOU"
"MG";"310900";"Brumadinho";"ALCANÇOU";"ALCANÇOU";;"NÃO ALCANÇOU";"NÃO ALCANÇOU";"NÃO ALCANÇOU";"NÃO ALCANÇOU";"NÃO ALCANÇOU"
"MG";"310870";"Brás Pires";"NÃO ALCANÇOU";"NÃO ALCANÇOU";;"NÃO ALCANÇOU";"NÃO ALCANÇOU";"NÃO ALCANÇOU";"ALCANÇOU";"ALCANÇOU"
"MG";"310910";"Bueno Brandão";"ALCANÇOU";"NÃO ALCANÇOU";;"ALCANÇOU";"NÃO ALCANÇOU";"ALCANÇOU";"ALCANÇOU";"ALCANÇOU"
"MG";"310920";"Buenópolis";"NÃO ALCANÇOU";"ALCANÇOU";;"ALCANÇOU";"NÃO ALCANÇOU";"NÃO ALCANÇOU";"ALCANÇOU";"NÃO ALCANÇOU"
"MG";"310925";"Bugre";"ALCANÇOU";"NÃO ALCANÇOU";;"ALCANÇOU";"NÃO ALCANÇOU";"ALCANÇOU";"ALCANÇOU";"ALCANÇOU"
"MG";"310930";"Buritis";"ALCANÇOU";"ALCANÇOU";;"ALCANÇOU";"NÃO ALCANÇOU";"ALCANÇOU";"ALCANÇOU";"ALCANÇOU"
"MG";"310940";"Buritizeiro";"ALCANÇOU";"ALCANÇOU";;"NÃO ALCANÇOU";"NÃO ALCANÇOU";"NÃO ALCANÇOU";"NÃO ALCANÇOU";"NÃO ALCANÇOU"
"MG";"310945";"Cabeceira Grande";"ALCANÇOU";"ALCANÇOU";;"ALCANÇOU";"NÃO ALCANÇOU";"ALCANÇOU";"ALCANÇOU";"ALCANÇOU"
"MG";"310950";"Cabo Verde";"ALCANÇOU";"ALCANÇOU";;"NÃO ALCANÇOU";"ALCANÇOU";"NÃO ALCANÇOU";"ALCANÇOU";"ALCANÇOU"
"MG";"310980";"Cachoeira Dourada";"ALCANÇOU";"NÃO ALCANÇOU";;"NÃO ALCANÇOU";"NÃO ALCANÇOU";"NÃO ALCANÇOU";"ALCANÇOU";"ALCANÇOU"
"MG";"310960";"Cachoeira da Prata";"NÃO ALCANÇOU";"NÃO ALCANÇOU";;"NÃO ALCANÇOU";"NÃO ALCANÇOU";"NÃO ALCANÇOU";"ALCANÇOU";"ALCANÇOU"
"MG";"310970";"Cachoeira de Minas";"ALCANÇOU";"ALCANÇOU";;"NÃO ALCANÇOU";"NÃO ALCANÇOU";"ALCANÇOU";"ALCANÇOU";"ALCANÇOU"
"MG";"310270";"Cachoeira de Pajeú";"ALCANÇOU";"NÃO ALCANÇOU";;"NÃO ALCANÇOU";"NÃO ALCANÇOU";"NÃO ALCANÇOU";"ALCANÇOU";"ALCANÇOU"
"MG";"310990";"Caetanópolis";"NÃO ALCANÇOU";"ALCANÇOU";;"NÃO ALCANÇOU";"NÃO ALCANÇOU";"NÃO ALCANÇOU";"NÃO ALCANÇOU";"NÃO ALCANÇOU"
"MG";"311000";"Caeté";"ALCANÇOU";"ALCANÇOU";;"NÃO ALCANÇOU";"NÃO ALCANÇOU";"NÃO ALCANÇOU";"ALCANÇOU";"ALCANÇOU"
"MG";"311010";"Caiana";"ALCANÇOU";"ALCANÇOU";;"NÃO ALCANÇOU";"NÃO ALCANÇOU";"NÃO ALCANÇOU";"ALCANÇOU";"ALCANÇOU"
"MG";"311020";"Cajuri";"NÃO ALCANÇOU";"ALCANÇOU";;"ALCANÇOU";"NÃO ALCANÇOU";"NÃO ALCANÇOU";"ALCANÇOU";"ALCANÇOU"
"MG";"311030";"Caldas";"ALCANÇOU";"NÃO ALCANÇOU";;"ALCANÇOU";"NÃO ALCANÇOU";"NÃO ALCANÇOU";"ALCANÇOU";"ALCANÇOU"
"MG";"311040";"Camacho";"ALCANÇOU";"ALCANÇOU";;"ALCANÇOU";"NÃO ALCANÇOU";"NÃO ALCANÇOU";"ALCANÇOU";"ALCANÇOU"
"MG";"311050";"Camanducaia";"ALCANÇOU";"NÃO ALCANÇOU";;"NÃO ALCANÇOU";"NÃO ALCANÇOU";"NÃO ALCANÇOU";"ALCANÇOU";"ALCANÇOU"
"MG";"311070";"Cambuquira";"ALCANÇOU";"ALCANÇOU";;"NÃO ALCANÇOU";"NÃO ALCANÇOU";"NÃO ALCANÇOU";"ALCANÇOU";"NÃO ALCANÇOU"
"MG";"311060";"Cambuí";"NÃO ALCANÇOU";"ALCANÇOU";;"NÃO ALCANÇOU";"NÃO ALCANÇOU";"NÃO ALCANÇOU";"NÃO ALCANÇOU";"ALCANÇOU"
"MG";"311090";"Campanha";"ALCANÇOU";"ALCANÇOU";;"ALCANÇOU";"NÃO ALCANÇOU";"ALCANÇOU";"NÃO ALCANÇOU";"ALCANÇOU"
"MG";"311080";"Campanário";"ALCANÇOU";"ALCANÇOU";;"NÃO ALCANÇOU";"NÃO ALCANÇOU";"NÃO ALCANÇOU";"NÃO ALCANÇOU";"ALCANÇOU"
"MG";"311100";"Campestre";"ALCANÇOU";"ALCANÇOU";;"ALCANÇOU";"NÃO ALCANÇOU";"ALCANÇOU";"ALCANÇOU";"ALCANÇOU"
"MG";"311110";"Campina Verde";"NÃO ALCANÇOU";"ALCANÇOU";;"ALCANÇOU";"ALCANÇOU";"NÃO ALCANÇOU";"ALCANÇOU";"ALCANÇOU"
"MG";"311115";"Campo Azul";"ALCANÇOU";"ALCANÇOU";;"NÃO ALCANÇOU";"NÃO ALCANÇOU";"NÃO ALCANÇOU";"ALCANÇOU";"ALCANÇOU"
"MG";"311120";"Campo Belo";"ALCANÇOU";"ALCANÇOU";;"NÃO ALCANÇOU";"NÃO ALCANÇOU";"ALCANÇOU";"NÃO ALCANÇOU";"ALCANÇOU"
"MG";"311140";"Campo Florido";"ALCANÇOU";"ALCANÇOU";;"NÃO ALCANÇOU";"NÃO ALCANÇOU";"ALCANÇOU";"ALCANÇOU";"ALCANÇOU"
"MG";"311130";"Campo do Meio";"ALCANÇOU";"ALCANÇOU";;"NÃO ALCANÇOU";"ALCANÇOU";"NÃO ALCANÇOU";"ALCANÇOU";"NÃO ALCANÇOU"
"MG";"311150";"Campos Altos";"ALCANÇOU";"ALCANÇOU";;"ALCANÇOU";"NÃO ALCANÇOU";"NÃO ALCANÇOU";"NÃO ALCANÇOU";"ALCANÇOU"
"MG";"311160";"Campos Gerais";"NÃO ALCANÇOU";"ALCANÇOU";;"NÃO ALCANÇOU";"ALCANÇOU";"NÃO ALCANÇOU";"NÃO ALCANÇOU";"ALCANÇOU"
"MG";"311190";"Cana Verde";"ALCANÇOU";"ALCANÇOU";;"ALCANÇOU";"NÃO ALCANÇOU";"NÃO ALCANÇOU";"ALCANÇOU";"ALCANÇOU"
"MG";"311170";"Canaã";"ALCANÇOU";"ALCANÇOU";;"ALCANÇOU";"NÃO ALCANÇOU";"NÃO ALCANÇOU";"ALCANÇOU";"ALCANÇOU"
"MG";"311200";"Candeias";"NÃO ALCANÇOU";"ALCANÇOU";;"ALCANÇOU";"NÃO ALCANÇOU";"NÃO ALCANÇOU";"ALCANÇOU";"ALCANÇOU"
"MG";"311205";"Cantagalo";"NÃO ALCANÇOU";"ALCANÇOU";;"NÃO ALCANÇOU";"ALCANÇOU";"NÃO ALCANÇOU";"ALCANÇOU";"ALCANÇOU"
"MG";"311180";"Canápolis";"NÃO ALCANÇOU";"ALCANÇOU";;"ALCANÇOU";"ALCANÇOU";"NÃO ALCANÇOU";"ALCANÇOU";"NÃO ALCANÇOU"
"MG";"311210";"Caparaó";"ALCANÇOU";"ALCANÇOU";;"NÃO ALCANÇOU";"NÃO ALCANÇOU";"NÃO ALCANÇOU";"ALCANÇOU";"ALCANÇOU"
"MG";"311220";"Capela Nova";"ALCANÇOU";"NÃO ALCANÇOU";;"ALCANÇOU";"NÃO ALCANÇOU";"NÃO ALCANÇOU";"ALCANÇOU";"NÃO ALCANÇOU"
"MG";"311230";"Capelinha";"NÃO ALCANÇOU";"ALCANÇOU";;"NÃO ALCANÇOU";"ALCANÇOU";"NÃO ALCANÇOU";"NÃO ALCANÇOU";"ALCANÇOU"
"MG";"311240";"Capetinga";"NÃO ALCANÇOU";"NÃO ALCANÇOU";;"NÃO ALCANÇOU";"NÃO ALCANÇOU";"NÃO ALCANÇOU";"ALCANÇOU";"ALCANÇOU"
"MG";"311250";"Capim Branco";"NÃO ALCANÇOU";"ALCANÇOU";;"NÃO ALCANÇOU";"ALCANÇOU";"NÃO ALCANÇOU";"ALCANÇOU";"ALCANÇOU"
"MG";"311260";"Capinópolis";"ALCANÇOU";"ALCANÇOU";;"NÃO ALCANÇOU";"ALCANÇOU";"NÃO ALCANÇOU";"ALCANÇOU";"ALCANÇOU"
"MG";"311265";"Capitão Andrade";"ALCANÇOU";"ALCANÇOU";;"ALCANÇOU";"ALCANÇOU";"NÃO ALCANÇOU";"ALCANÇOU";"ALCANÇOU"
"MG";"311270";"Capitão Enéas";"NÃO ALCANÇOU";"ALCANÇOU";;"ALCANÇOU";"NÃO ALCANÇOU";"NÃO ALCANÇOU";"ALCANÇOU";"ALCANÇOU"
"MG";"311280";"Capitólio";"NÃO ALCANÇOU";"ALCANÇOU";;"ALCANÇOU";"NÃO ALCANÇOU";"NÃO ALCANÇOU";"ALCANÇOU";"NÃO ALCANÇOU"
"MG";"311290";"Caputira";"ALCANÇOU";"ALCANÇOU";;"NÃO ALCANÇOU";"NÃO ALCANÇOU";"NÃO ALCANÇOU";"ALCANÇOU";"ALCANÇOU"
"MG";"311310";"Caranaíba";"ALCANÇOU";"ALCANÇOU";;"ALCANÇOU";"NÃO ALCANÇOU";"NÃO ALCANÇOU";"ALCANÇOU";"ALCANÇOU"
"MG";"311320";"Carandaí";"ALCANÇOU";"ALCANÇOU";;"ALCANÇOU";"NÃO ALCANÇOU";"NÃO ALCANÇOU";"NÃO ALCANÇOU";"ALCANÇOU"
"MG";"311330";"Carangola";"ALCANÇOU";"ALCANÇOU";;"NÃO ALCANÇOU";"NÃO ALCANÇOU";"NÃO ALCANÇOU";"NÃO ALCANÇOU";"ALCANÇOU"
"MG";"311340";"Caratinga";"ALCANÇOU";"ALCANÇOU";;"NÃO ALCANÇOU";"NÃO ALCANÇOU";"ALCANÇOU";"NÃO ALCANÇOU";"ALCANÇOU"
"MG";"311300";"Caraí";"NÃO ALCANÇOU";"ALCANÇOU";;"ALCANÇOU";"NÃO ALCANÇOU";"NÃO ALCANÇOU";"NÃO ALCANÇOU";"ALCANÇOU"
"MG";"311350";"Carbonita";"ALCANÇOU";"ALCANÇOU";;"ALCANÇOU";"NÃO ALCANÇOU";"NÃO ALCANÇOU";"ALCANÇOU";"ALCANÇOU"
"MG";"311360";"Careaçu";"ALCANÇOU";"ALCANÇOU";;"NÃO ALCANÇOU";"NÃO ALCANÇOU";"NÃO ALCANÇOU";"ALCANÇOU";"ALCANÇOU"
"MG";"311370";"Carlos Chagas";"NÃO ALCANÇOU";"NÃO ALCANÇOU";;"ALCANÇOU";"ALCANÇOU";"NÃO ALCANÇOU";"ALCANÇOU";"ALCANÇOU"
"MG";"311390";"Carmo da Cachoeira";"ALCANÇOU";"ALCANÇOU";;"ALCANÇOU";"NÃO ALCANÇOU";"NÃO ALCANÇOU";"NÃO ALCANÇOU";"ALCANÇOU"
"MG";"311400";"Carmo da Mata";"ALCANÇOU";"ALCANÇOU";;"ALCANÇOU";"NÃO ALCANÇOU";"NÃO ALCANÇOU";"ALCANÇOU";"ALCANÇOU"
"MG";"311410";"Carmo de Minas";"ALCANÇOU";"ALCANÇOU";;"ALCANÇOU";"NÃO ALCANÇOU";"ALCANÇOU";"ALCANÇOU";"ALCANÇOU"
"MG";"311420";"Carmo do Cajuru";"ALCANÇOU";"ALCANÇOU";;"NÃO ALCANÇOU";"NÃO ALCANÇOU";"NÃO ALCANÇOU";"NÃO ALCANÇOU";"NÃO ALCANÇOU"
"MG";"311430";"Carmo do Paranaíba";"ALCANÇOU";"ALCANÇOU";;"ALCANÇOU";"NÃO ALCANÇOU";"ALCANÇOU";"ALCANÇOU";"ALCANÇOU"
"MG";"311440";"Carmo do Rio Claro";"NÃO ALCANÇOU";"NÃO ALCANÇOU";;"NÃO ALCANÇOU";"NÃO ALCANÇOU";"NÃO ALCANÇOU";"NÃO ALCANÇOU";"ALCANÇOU"
"MG";"311380";"Carmésia";"NÃO ALCANÇOU";"ALCANÇOU";;"NÃO ALCANÇOU";"NÃO ALCANÇOU";"NÃO ALCANÇOU";"ALCANÇOU";"ALCANÇOU"
"MG";"311450";"Carmópolis de Minas";"ALCANÇOU";"ALCANÇOU";;"NÃO ALCANÇOU";"NÃO ALCANÇOU";"NÃO ALCANÇOU";"ALCANÇOU";"NÃO ALCANÇOU"
"MG";"311455";"Carneirinho";"ALCANÇOU";"ALCANÇOU";;"NÃO ALCANÇOU";"NÃO ALCANÇOU";"NÃO ALCANÇOU";"ALCANÇOU";"ALCANÇOU"
"MG";"311460";"Carrancas";"ALCANÇOU";"NÃO ALCANÇOU";;"NÃO ALCANÇOU";"NÃO ALCANÇOU";"NÃO ALCANÇOU";"ALCANÇOU";"NÃO ALCANÇOU"
"MG";"311480";"Carvalhos";"ALCANÇOU";"ALCANÇOU";;"NÃO ALCANÇOU";"NÃO ALCANÇOU";"ALCANÇOU";"ALCANÇOU";"ALCANÇOU"
"MG";"311470";"Carvalhópolis";"ALCANÇOU";"ALCANÇOU";;"NÃO ALCANÇOU";"NÃO ALCANÇOU";"NÃO ALCANÇOU";"ALCANÇOU";"ALCANÇOU"
"MG";"311490";"Casa Grande";"ALCANÇOU";"NÃO ALCANÇOU";;"NÃO ALCANÇOU";"NÃO ALCANÇOU";"NÃO ALCANÇOU";"ALCANÇOU";"NÃO ALCANÇOU"
"MG";"311500";"Cascalho Rico";"ALCANÇOU";"ALCANÇOU";;"NÃO ALCANÇOU";"NÃO ALCANÇOU";"NÃO ALCANÇOU";"ALCANÇOU";"ALCANÇOU"
"MG";"311530";"Cataguases";"ALCANÇOU";"NÃO ALCANÇOU";;"ALCANÇOU";"NÃO ALCANÇOU";"NÃO ALCANÇOU";"NÃO ALCANÇOU";"ALCANÇOU"
"MG";"311535";"Catas Altas";"ALCANÇOU";"ALCANÇOU";;"ALCANÇOU";"NÃO ALCANÇOU";"NÃO ALCANÇOU";"ALCANÇOU";"NÃO ALCANÇOU"
"MG";"311540";"Catas Altas da Noruega";"ALCANÇOU";"ALCANÇOU";;"ALCANÇOU";"NÃO ALCANÇOU";"NÃO ALCANÇOU";"ALCANÇOU";"NÃO ALCANÇOU"
"MG";"311545";"Catuji";"NÃO ALCANÇOU";"ALCANÇOU";;"NÃO ALCANÇOU";"NÃO ALCANÇOU";"NÃO ALCANÇOU";"ALCANÇOU";"ALCANÇOU"
"MG";"311547";"Catuti";"ALCANÇOU";"ALCANÇOU";;"ALCANÇOU";"NÃO ALCANÇOU";"NÃO ALCANÇOU";"ALCANÇOU";"ALCANÇOU"
"MG";"311550";"Caxambu";"ALCANÇOU";"NÃO ALCANÇOU";;"ALCANÇOU";"NÃO ALCANÇOU";"NÃO ALCANÇOU";"ALCANÇOU";"ALCANÇOU"
"MG";"311560";"Cedro do Abaeté";"NÃO ALCANÇOU";"ALCANÇOU";;"ALCANÇOU";"ALCANÇOU";"NÃO ALCANÇOU";"ALCANÇOU";"ALCANÇOU"
"MG";"311570";"Central de Minas";"ALCANÇOU";"ALCANÇOU";;"NÃO ALCANÇOU";"NÃO ALCANÇOU";"ALCANÇOU";"ALCANÇOU";"ALCANÇOU"
"MG";"311580";"Centralina";"ALCANÇOU";"ALCANÇOU";;"NÃO ALCANÇOU";"NÃO ALCANÇOU";"NÃO ALCANÇOU";"ALCANÇOU";"NÃO ALCANÇOU"
"MG";"311600";"Chalé";"ALCANÇOU";"ALCANÇOU";;"NÃO ALCANÇOU";"NÃO ALCANÇOU";"NÃO ALCANÇOU";"ALCANÇOU";"ALCANÇOU"
"MG";"311615";"Chapada Gaúcha";"NÃO ALCANÇOU";"NÃO ALCANÇOU";;"NÃO ALCANÇOU";"NÃO ALCANÇOU";"ALCANÇOU";"ALCANÇOU";"ALCANÇOU"
"MG";"311610";"Chapada do Norte";"NÃO ALCANÇOU";"NÃO ALCANÇOU";;"NÃO ALCANÇOU";"NÃO ALCANÇOU";"ALCANÇOU";"ALCANÇOU";"ALCANÇOU"
"MG";"311620";"Chiador";"NÃO ALCANÇOU";"NÃO ALCANÇOU";;"NÃO ALCANÇOU";"NÃO ALCANÇOU";"NÃO ALCANÇOU";"ALCANÇOU";"NÃO ALCANÇOU"
"MG";"311590";"Chácara";"ALCANÇOU";"ALCANÇOU";;"NÃO ALCANÇOU";"NÃO ALCANÇOU";"NÃO ALCANÇOU";"ALCANÇOU";"NÃO ALCANÇOU"
"MG";"311630";"Cipotânea";"NÃO ALCANÇOU";"NÃO ALCANÇOU";;"ALCANÇOU";"NÃO ALCANÇOU";"ALCANÇOU";"ALCANÇOU";"ALCANÇOU"
"MG";"311640";"Claraval";"NÃO ALCANÇOU";"ALCANÇOU";;"ALCANÇOU";"NÃO ALCANÇOU";"NÃO ALCANÇOU";"ALCANÇOU";"ALCANÇOU"
"MG";"311650";"Claro dos Poções";"ALCANÇOU";"NÃO ALCANÇOU";;"ALCANÇOU";"NÃO ALCANÇOU";"NÃO ALCANÇOU";"ALCANÇOU";"ALCANÇOU"
"MG";"311660";"Cláudio";"ALCANÇOU";"ALCANÇOU";;"ALCANÇOU";"NÃO ALCANÇOU";"NÃO ALCANÇOU";"NÃO ALCANÇOU";"NÃO ALCANÇOU"
"MG";"311670";"Coimbra";"ALCANÇOU";"NÃO ALCANÇOU";;"ALCANÇOU";"NÃO ALCANÇOU";"NÃO ALCANÇOU";"ALCANÇOU";"NÃO ALCANÇOU"
"MG";"311680";"Coluna";"ALCANÇOU";"ALCANÇOU";;"ALCANÇOU";"NÃO ALCANÇOU";"NÃO ALCANÇOU";"NÃO ALCANÇOU";"ALCANÇOU"
"MG";"311690";"Comendador Gomes";"ALCANÇOU";"ALCANÇOU";;"NÃO ALCANÇOU";"ALCANÇOU";"NÃO ALCANÇOU";"ALCANÇOU";"ALCANÇOU"
"MG";"311700";"Comercinho";"ALCANÇOU";"ALCANÇOU";;"NÃO ALCANÇOU";"NÃO ALCANÇOU";"NÃO ALCANÇOU";"ALCANÇOU";"NÃO ALCANÇOU"
"MG";"311710";"Conceição da Aparecida";"ALCANÇOU";"ALCANÇOU";;"NÃO ALCANÇOU";"NÃO ALCANÇOU";"NÃO ALCANÇOU";"ALCANÇOU";"NÃO ALCANÇOU"
"MG";"311520";"Conceição da Barra de Minas";"ALCANÇOU";"ALCANÇOU";;"NÃO ALCANÇOU";"NÃO ALCANÇOU";"NÃO ALCANÇOU";"ALCANÇOU";"ALCANÇOU"
"MG";"311730";"Conceição das Alagoas";"ALCANÇOU";"ALCANÇOU";;"NÃO ALCANÇOU";"NÃO ALCANÇOU";"NÃO ALCANÇOU";"NÃO ALCANÇOU";"ALCANÇOU"
"MG";"311720";"Conceição das Pedras";"ALCANÇOU";"ALCANÇOU";;"NÃO ALCANÇOU";"ALCANÇOU";"NÃO ALCANÇOU";"ALCANÇOU";"ALCANÇOU"
"MG";"311740";"Conceição de Ipanema";"NÃO ALCANÇOU";"ALCANÇOU";;"ALCANÇOU";"NÃO ALCANÇOU";"NÃO ALCANÇOU";"ALCANÇOU";"ALCANÇOU"
"MG";"311750";"Conceição do Mato Dentro";"NÃO ALCANÇOU";"ALCANÇOU";;"NÃO ALCANÇOU";"NÃO ALCANÇOU";"NÃO ALCANÇOU";"ALCANÇOU";"NÃO ALCANÇOU"
"MG";"311760";"Conceição do Pará";"ALCANÇOU";"ALCANÇOU";;"ALCANÇOU";"NÃO ALCANÇOU";"NÃO ALCANÇOU";"ALCANÇOU";"ALCANÇOU"
"MG";"311770";"Conceição do Rio Verde";"ALCANÇOU";"ALCANÇOU";;"ALCANÇOU";"NÃO ALCANÇOU";"NÃO ALCANÇOU";"ALCANÇOU";"ALCANÇOU"
"MG";"311780";"Conceição dos Ouros";"ALCANÇOU";"ALCANÇOU";;"ALCANÇOU";"NÃO ALCANÇOU";"ALCANÇOU";"ALCANÇOU";"ALCANÇOU"
"MG";"311787";"Confins";"NÃO ALCANÇOU";"ALCANÇOU";;"NÃO ALCANÇOU";"NÃO ALCANÇOU";"NÃO ALCANÇOU";"ALCANÇOU";"ALCANÇOU"
"MG";"311790";"Congonhal";"NÃO ALCANÇOU";"ALCANÇOU";;"NÃO ALCANÇOU";"NÃO ALCANÇOU";"NÃO ALCANÇOU";"NÃO ALCANÇOU";"ALCANÇOU"
"MG";"311800";"Congonhas";"ALCANÇOU";"ALCANÇOU";;"ALCANÇOU";"NÃO ALCANÇOU";"ALCANÇOU";"ALCANÇOU";"ALCANÇOU"
"MG";"311810";"Congonhas do Norte";"NÃO ALCANÇOU";"ALCANÇOU";;"ALCANÇOU";"NÃO ALCANÇOU";"NÃO ALCANÇOU";"ALCANÇOU";"ALCANÇOU"
"MG";"311820";"Conquista";"ALCANÇOU";"ALCANÇOU";;"ALCANÇOU";"NÃO ALCANÇOU";"NÃO ALCANÇOU";"ALCANÇOU";"ALCANÇOU"
"MG";"311830";"Conselheiro Lafaiete";"NÃO ALCANÇOU";"ALCANÇOU";;"NÃO ALCANÇOU";"NÃO ALCANÇOU";"ALCANÇOU";"ALCANÇOU";"ALCANÇOU"
"MG";"311840";"Conselheiro Pena";"ALCANÇOU";"ALCANÇOU";;"NÃO ALCANÇOU";"ALCANÇOU";"NÃO ALCANÇOU";"NÃO ALCANÇOU";"ALCANÇOU"
"MG";"311850";"Consolação";"ALCANÇOU";"ALCANÇOU";;"NÃO ALCANÇOU";"NÃO ALCANÇOU";"NÃO ALCANÇOU";"ALCANÇOU";"ALCANÇOU"
"MG";"311860";"Contagem";"ALCANÇOU";"ALCANÇOU";;"NÃO ALCANÇOU";"ALCANÇOU";"ALCANÇOU";"NÃO ALCANÇOU";"ALCANÇOU"
"MG";"311870";"Coqueiral";"ALCANÇOU";"ALCANÇOU";;"ALCANÇOU";"NÃO ALCANÇOU";"NÃO ALCANÇOU";"ALCANÇOU";"NÃO ALCANÇOU"
"MG";"311880";"Coração de Jesus";"ALCANÇOU";"ALCANÇOU";;"ALCANÇOU";"NÃO ALCANÇOU";"ALCANÇOU";"NÃO ALCANÇOU";"ALCANÇOU"
"MG";"311890";"Cordisburgo";"ALCANÇOU";"NÃO ALCANÇOU";;"NÃO ALCANÇOU";"NÃO ALCANÇOU";"NÃO ALCANÇOU";"ALCANÇOU";"ALCANÇOU"
"MG";"311900";"Cordislândia";"ALCANÇOU";"ALCANÇOU";;"NÃO ALCANÇOU";"NÃO ALCANÇOU";"NÃO ALCANÇOU";"ALCANÇOU";"ALCANÇOU"
"MG";"311910";"Corinto";"ALCANÇOU";"ALCANÇOU";;"NÃO ALCANÇOU";"NÃO ALCANÇOU";"NÃO ALCANÇOU";"ALCANÇOU";"ALCANÇOU"
"MG";"311920";"Coroaci";"ALCANÇOU";"ALCANÇOU";;"ALCANÇOU";"ALCANÇOU";"NÃO ALCANÇOU";"ALCANÇOU";"ALCANÇOU"
"MG";"311930";"Coromandel";"NÃO ALCANÇOU";"ALCANÇOU";;"NÃO ALCANÇOU";"NÃO ALCANÇOU";"NÃO ALCANÇOU";"ALCANÇOU";"ALCANÇOU"
"MG";"311940";"Coronel Fabriciano";"ALCANÇOU";"ALCANÇOU";;"NÃO ALCANÇOU";"NÃO ALCANÇOU";"ALCANÇOU";"NÃO ALCANÇOU";"ALCANÇOU"
"MG";"311950";"Coronel Murta";"NÃO ALCANÇOU";"ALCANÇOU";;"ALCANÇOU";"NÃO ALCANÇOU";"ALCANÇOU";"ALCANÇOU";"NÃO ALCANÇOU"
"MG";"311960";"Coronel Pacheco";"ALCANÇOU";"ALCANÇOU";;"ALCANÇOU";"NÃO ALCANÇOU";"NÃO ALCANÇOU";"ALCANÇOU";"ALCANÇOU"
"MG";"311970";"Coronel Xavier Chaves";"NÃO ALCANÇOU";"ALCANÇOU";;"ALCANÇOU";"NÃO ALCANÇOU";"NÃO ALCANÇOU";"ALCANÇOU";"ALCANÇOU"
"MG";"312010";"Couto de Magalhães de Minas";"NÃO ALCANÇOU";"ALCANÇOU";;"ALCANÇOU";"ALCANÇOU";"NÃO ALCANÇOU";"ALCANÇOU";"NÃO ALCANÇOU"
"MG";"312020";"Cristais";"ALCANÇOU";"ALCANÇOU";;"ALCANÇOU";"NÃO ALCANÇOU";"NÃO ALCANÇOU";"NÃO ALCANÇOU";"ALCANÇOU"
"MG";"312040";"Cristiano Otoni";"ALCANÇOU";"ALCANÇOU";;"NÃO ALCANÇOU";"ALCANÇOU";"NÃO ALCANÇOU";"NÃO ALCANÇOU";"NÃO ALCANÇOU"
"MG";"312050";"Cristina";"ALCANÇOU";"ALCANÇOU";;"NÃO ALCANÇOU";"NÃO ALCANÇOU";"NÃO ALCANÇOU";"ALCANÇOU";"ALCANÇOU"
"MG";"312030";"Cristália";"ALCANÇOU";"ALCANÇOU";;"NÃO ALCANÇOU";"NÃO ALCANÇOU";"NÃO ALCANÇOU";"ALCANÇOU";"ALCANÇOU"
"MG";"312015";"Crisólita";"ALCANÇOU";"ALCANÇOU";;"ALCANÇOU";"NÃO ALCANÇOU";"NÃO ALCANÇOU";"ALCANÇOU";"ALCANÇOU"
"MG";"312060";"Crucilândia";"ALCANÇOU";"ALCANÇOU";;"NÃO ALCANÇOU";"NÃO ALCANÇOU";"NÃO ALCANÇOU";"ALCANÇOU";"ALCANÇOU"
"MG";"312070";"Cruzeiro da Fortaleza";"ALCANÇOU";"ALCANÇOU";;"ALCANÇOU";"ALCANÇOU";"ALCANÇOU";"ALCANÇOU";"NÃO ALCANÇOU"
"MG";"312080";"Cruzília";"ALCANÇOU";"ALCANÇOU";;"NÃO ALCANÇOU";"NÃO ALCANÇOU";"NÃO ALCANÇOU";"ALCANÇOU";"ALCANÇOU"
"MG";"312083";"Cuparaque";"ALCANÇOU";"ALCANÇOU";;"NÃO ALCANÇOU";"NÃO ALCANÇOU";"ALCANÇOU";"ALCANÇOU";"NÃO ALCANÇOU"
"MG";"312087";"Curral de Dentro";"ALCANÇOU";"ALCANÇOU";;"NÃO ALCANÇOU";"NÃO ALCANÇOU";"NÃO ALCANÇOU";"NÃO ALCANÇOU";"NÃO ALCANÇOU"
"MG";"312090";"Curvelo";"ALCANÇOU";"ALCANÇOU";;"ALCANÇOU";"NÃO ALCANÇOU";"ALCANÇOU";"NÃO ALCANÇOU";"NÃO ALCANÇOU"
"MG";"311510";"Cássia";"NÃO ALCANÇOU";"ALCANÇOU";;"ALCANÇOU";"NÃO ALCANÇOU";"NÃO ALCANÇOU";"ALCANÇOU";"ALCANÇOU"
"MG";"311980";"Córrego Danta";"NÃO ALCANÇOU";"NÃO ALCANÇOU";;"NÃO ALCANÇOU";"NÃO ALCANÇOU";"NÃO ALCANÇOU";"NÃO ALCANÇOU";"ALCANÇOU"
"MG";"311995";"Córrego Fundo";"ALCANÇOU";"ALCANÇOU";;"ALCANÇOU";"NÃO ALCANÇOU";"ALCANÇOU";"NÃO ALCANÇOU";"ALCANÇOU"
"MG";"312000";"Córrego Novo";"ALCANÇOU";"NÃO ALCANÇOU";;"NÃO ALCANÇOU";"NÃO ALCANÇOU";"NÃO ALCANÇOU";"NÃO ALCANÇOU";"ALCANÇOU"
"MG";"311990";"Córrego do Bom Jesus";"ALCANÇOU";"ALCANÇOU";;"NÃO ALCANÇOU";"NÃO ALCANÇOU";"NÃO ALCANÇOU";"ALCANÇOU";"NÃO ALCANÇOU"
"MG";"311783";"Cônego Marinho";"ALCANÇOU";"ALCANÇOU";;"ALCANÇOU";"NÃO ALCANÇOU";"NÃO ALCANÇOU";"ALCANÇOU";"ALCANÇOU"
"MG";"312100";"Datas";"ALCANÇOU";"ALCANÇOU";;"ALCANÇOU";"NÃO ALCANÇOU";"NÃO ALCANÇOU";"ALCANÇOU";"ALCANÇOU"
"MG";"312110";"Delfim Moreira";"ALCANÇOU";"ALCANÇOU";;"NÃO ALCANÇOU";"NÃO ALCANÇOU";"NÃO ALCANÇOU";"ALCANÇOU";"ALCANÇOU"
"MG";"312120";"Delfinópolis";"NÃO ALCANÇOU";"ALCANÇOU";;"ALCANÇOU";"NÃO ALCANÇOU";"NÃO ALCANÇOU";"ALCANÇOU";"ALCANÇOU"
"MG";"312125";"Delta";"NÃO ALCANÇOU";"ALCANÇOU";;"ALCANÇOU";"NÃO ALCANÇOU";"NÃO ALCANÇOU";"ALCANÇOU";"ALCANÇOU"
"MG";"312130";"Descoberto";"ALCANÇOU";"ALCANÇOU";;"ALCANÇOU";"NÃO ALCANÇOU";"NÃO ALCANÇOU";"ALCANÇOU";"NÃO ALCANÇOU"
"MG";"312140";"Desterro de Entre Rios";"NÃO ALCANÇOU";"ALCANÇOU";;"ALCANÇOU";"NÃO ALCANÇOU";"NÃO ALCANÇOU";"ALCANÇOU";"ALCANÇOU"
"MG";"312150";"Desterro do Melo";"ALCANÇOU";"ALCANÇOU";;"NÃO ALCANÇOU";"ALCANÇOU";"ALCANÇOU";"ALCANÇOU";"ALCANÇOU"
"MG";"312160";"Diamantina";"ALCANÇOU";"ALCANÇOU";;"NÃO ALCANÇOU";"NÃO ALCANÇOU";"ALCANÇOU";"NÃO ALCANÇOU";"ALCANÇOU"
"MG";"312170";"Diogo de Vasconcelos";"ALCANÇOU";"NÃO ALCANÇOU";;"NÃO ALCANÇOU";"NÃO ALCANÇOU";"NÃO ALCANÇOU";"ALCANÇOU";"NÃO ALCANÇOU"
"MG";"312180";"Dionísio";"ALCANÇOU";"ALCANÇOU";;"NÃO ALCANÇOU";"NÃO ALCANÇOU";"NÃO ALCANÇOU";"ALCANÇOU";"ALCANÇOU"
"MG";"312200";"Divino";"ALCANÇOU";"ALCANÇOU";;"NÃO ALCANÇOU";"NÃO ALCANÇOU";"NÃO ALCANÇOU";"NÃO ALCANÇOU";"ALCANÇOU"
"MG";"312210";"Divino das Laranjeiras";"NÃO ALCANÇOU";"NÃO ALCANÇOU";;"NÃO ALCANÇOU";"ALCANÇOU";"NÃO ALCANÇOU";"ALCANÇOU";"ALCANÇOU"
"MG";"312220";"Divinolândia de Minas";"ALCANÇOU";"ALCANÇOU";;"ALCANÇOU";"ALCANÇOU";"NÃO ALCANÇOU";"NÃO ALCANÇOU";"ALCANÇOU"
"MG";"312190";"Divinésia";"ALCANÇOU";"ALCANÇOU";;"ALCANÇOU";"ALCANÇOU";"ALCANÇOU";"ALCANÇOU";"ALCANÇOU"
"MG";"312230";"Divinópolis";"ALCANÇOU";"ALCANÇOU";;"ALCANÇOU";"ALCANÇOU";"NÃO ALCANÇOU";"NÃO ALCANÇOU";"ALCANÇOU"
"MG";"312235";"Divisa Alegre";"ALCANÇOU";"ALCANÇOU";;"ALCANÇOU";"NÃO ALCANÇOU";"NÃO ALCANÇOU";"NÃO ALCANÇOU";"ALCANÇOU"
"MG";"312240";"Divisa Nova";"NÃO ALCANÇOU";"ALCANÇOU";;"NÃO ALCANÇOU";"NÃO ALCANÇOU";"NÃO ALCANÇOU";"ALCANÇOU";"ALCANÇOU"
"MG";"312245";"Divisópolis";"NÃO ALCANÇOU";"ALCANÇOU";;"ALCANÇOU";"NÃO ALCANÇOU";"NÃO ALCANÇOU";"ALCANÇOU";"ALCANÇOU"
"MG";"312247";"Dom Bosco";"ALCANÇOU";"ALCANÇOU";;"NÃO ALCANÇOU";"NÃO ALCANÇOU";"NÃO ALCANÇOU";"ALCANÇOU";"ALCANÇOU"
"MG";"312250";"Dom Cavati";"ALCANÇOU";"ALCANÇOU";;"NÃO ALCANÇOU";"NÃO ALCANÇOU";"NÃO ALCANÇOU";"ALCANÇOU";"ALCANÇOU"
"MG";"312260";"Dom Joaquim";"NÃO ALCANÇOU";"ALCANÇOU";;"ALCANÇOU";"NÃO ALCANÇOU";"NÃO ALCANÇOU";"ALCANÇOU";"ALCANÇOU"
"MG";"312270";"Dom Silvério";"ALCANÇOU";"ALCANÇOU";;"NÃO ALCANÇOU";"NÃO ALCANÇOU";"NÃO ALCANÇOU";"ALCANÇOU";"NÃO ALCANÇOU"
"MG";"312280";"Dom Viçoso";"ALCANÇOU";"ALCANÇOU";;"ALCANÇOU";"NÃO ALCANÇOU";"NÃO ALCANÇOU";"ALCANÇOU";"ALCANÇOU"
"MG";"312290";"Dona Eusébia";"NÃO ALCANÇOU";"ALCANÇOU";;;"NÃO ALCANÇOU";"NÃO ALCANÇOU";"ALCANÇOU";"ALCANÇOU"
"MG";"312290";"Dona Euzébia";;;;"ALCANÇOU";;;;
"MG";"312300";"Dores de Campos";"ALCANÇOU";"ALCANÇOU";;"NÃO ALCANÇOU";"NÃO ALCANÇOU";"NÃO ALCANÇOU";"ALCANÇOU";"ALCANÇOU"
"MG";"312310";"Dores de Guanhães";"ALCANÇOU";"ALCANÇOU";;"ALCANÇOU";"NÃO ALCANÇOU";"NÃO ALCANÇOU";"ALCANÇOU";"ALCANÇOU"
"MG";"312320";"Dores do Indaiá";"ALCANÇOU";"NÃO ALCANÇOU";;"NÃO ALCANÇOU";"NÃO ALCANÇOU";"NÃO ALCANÇOU";"ALCANÇOU";"NÃO ALCANÇOU"
"MG";"312330";"Dores do Turvo";"ALCANÇOU";"ALCANÇOU";;"NÃO ALCANÇOU";"NÃO ALCANÇOU";"NÃO ALCANÇOU";"ALCANÇOU";"ALCANÇOU"
"MG";"312340";"Doresópolis";"ALCANÇOU";"ALCANÇOU";;"NÃO ALCANÇOU";"NÃO ALCANÇOU";"NÃO ALCANÇOU";"ALCANÇOU";"ALCANÇOU"
"MG";"312350";"Douradoquara";"ALCANÇOU";"NÃO ALCANÇOU";;"NÃO ALCANÇOU";"NÃO ALCANÇOU";"NÃO ALCANÇOU";"ALCANÇOU";"ALCANÇOU"
"MG";"312352";"Durandé";"ALCANÇOU";"ALCANÇOU";;"NÃO ALCANÇOU";"NÃO ALCANÇOU";"NÃO ALCANÇOU";"ALCANÇOU";"ALCANÇOU"
"MG";"312360";"Elói Mendes";"NÃO ALCANÇOU";"ALCANÇOU";;"NÃO ALCANÇOU";"NÃO ALCANÇOU";"ALCANÇOU";"NÃO ALCANÇOU";"ALCANÇOU"
"MG";"312370";"Engenheiro Caldas";"ALCANÇOU";"ALCANÇOU";;"ALCANÇOU";"NÃO ALCANÇOU";"NÃO ALCANÇOU";"ALCANÇOU";"ALCANÇOU"
"MG";"312380";"Engenheiro Navarro";"ALCANÇOU";"ALCANÇOU";;"NÃO ALCANÇOU";"NÃO ALCANÇOU";"ALCANÇOU";"ALCANÇOU";"ALCANÇOU"
"MG";"312385";"Entre Folhas";"ALCANÇOU";"ALCANÇOU";;"ALCANÇOU";"NÃO ALCANÇOU";"NÃO ALCANÇOU";"ALCANÇOU";"NÃO ALCANÇOU"
"MG";"312390";"Entre Rios de Minas";"ALCANÇOU";"ALCANÇOU";;"NÃO ALCANÇOU";"ALCANÇOU";"ALCANÇOU";"NÃO ALCANÇOU";"ALCANÇOU"
"MG";"312400";"Ervália";"ALCANÇOU";"ALCANÇOU";;"ALCANÇOU";"NÃO ALCANÇOU";"NÃO ALCANÇOU";"NÃO ALCANÇOU";"NÃO ALCANÇOU"
"MG";"312410";"Esmeraldas";"ALCANÇOU";"ALCANÇOU";;"NÃO ALCANÇOU";"NÃO ALCANÇOU";"NÃO ALCANÇOU";"NÃO ALCANÇOU";"NÃO ALCANÇOU"
"MG";"312420";"Espera Feliz";"ALCANÇOU";"ALCANÇOU";;"NÃO ALCANÇOU";"NÃO ALCANÇOU";"NÃO ALCANÇOU";"ALCANÇOU";"ALCANÇOU"
"MG";"312430";"Espinosa";"ALCANÇOU";"ALCANÇOU";;"NÃO ALCANÇOU";"NÃO ALCANÇOU";"ALCANÇOU";"ALCANÇOU";"ALCANÇOU"
"MG";"312440";"Espírito Santo do Dourado";"ALCANÇOU";"NÃO ALCANÇOU";;"ALCANÇOU";"NÃO ALCANÇOU";"ALCANÇOU";"ALCANÇOU";"ALCANÇOU"
"MG";"312450";"Estiva";"NÃO ALCANÇOU";"ALCANÇOU";;"ALCANÇOU";"NÃO ALCANÇOU";"ALCANÇOU";"ALCANÇOU";"NÃO ALCANÇOU"
"MG";"312460";"Estrela Dalva";"NÃO ALCANÇOU";"ALCANÇOU";;"NÃO ALCANÇOU";"NÃO ALCANÇOU";"NÃO ALCANÇOU";"ALCANÇOU";"ALCANÇOU"
"MG";"312470";"Estrela do Indaiá";"ALCANÇOU";"ALCANÇOU";;"NÃO ALCANÇOU";"NÃO ALCANÇOU";"ALCANÇOU";"ALCANÇOU";"ALCANÇOU"
"MG";"312480";"Estrela do Sul";"ALCANÇOU";"ALCANÇOU";;"NÃO ALCANÇOU";"NÃO ALCANÇOU";"NÃO ALCANÇOU";"ALCANÇOU";"ALCANÇOU"
"MG";"312490";"Eugenópolis";"ALCANÇOU";"NÃO ALCANÇOU";;"NÃO ALCANÇOU";"NÃO ALCANÇOU";"ALCANÇOU";"ALCANÇOU";"ALCANÇOU"
"MG";"312500";"Ewbank da Câmara";"ALCANÇOU";"NÃO ALCANÇOU";;"ALCANÇOU";"NÃO ALCANÇOU";"NÃO ALCANÇOU";"ALCANÇOU";"ALCANÇOU"
"MG";"312510";"Extrema";"ALCANÇOU";"ALCANÇOU";;"NÃO ALCANÇOU";"NÃO ALCANÇOU";"NÃO ALCANÇOU";"ALCANÇOU";"ALCANÇOU"
"MG";"312520";"Fama";"NÃO ALCANÇOU";"NÃO ALCANÇOU";;"NÃO ALCANÇOU";"NÃO ALCANÇOU";"NÃO ALCANÇOU";"ALCANÇOU";"NÃO ALCANÇOU"
"MG";"312530";"Faria Lemos";"ALCANÇOU";"ALCANÇOU";;"NÃO ALCANÇOU";"NÃO ALCANÇOU";"NÃO ALCANÇOU";"ALCANÇOU";"ALCANÇOU"
"MG";"312560";"Felisburgo";"NÃO ALCANÇOU";"ALCANÇOU";;"ALCANÇOU";"NÃO ALCANÇOU";"NÃO ALCANÇOU";"ALCANÇOU";"ALCANÇOU"
"MG";"312570";"Felixlândia";"ALCANÇOU";"ALCANÇOU";;"NÃO ALCANÇOU";"NÃO ALCANÇOU";"NÃO ALCANÇOU";"ALCANÇOU";"ALCANÇOU"
"MG";"312540";"Felício dos Santos";"ALCANÇOU";"ALCANÇOU";;"NÃO ALCANÇOU";"NÃO ALCANÇOU";"NÃO ALCANÇOU";"ALCANÇOU";"ALCANÇOU"
"MG";"312580";"Fernandes Tourinho";"ALCANÇOU";"ALCANÇOU";;"ALCANÇOU";"ALCANÇOU";"NÃO ALCANÇOU";"NÃO ALCANÇOU";"ALCANÇOU"
"MG";"312590";"Ferros";"ALCANÇOU";"NÃO ALCANÇOU";;"ALCANÇOU";"NÃO ALCANÇOU";"NÃO ALCANÇOU";"ALCANÇOU";"ALCANÇOU"
"MG";"312595";"Fervedouro";"ALCANÇOU";"ALCANÇOU";;"NÃO ALCANÇOU";"NÃO ALCANÇOU";"NÃO ALCANÇOU";"NÃO ALCANÇOU";"ALCANÇOU"
"MG";"312600";"Florestal";"ALCANÇOU";"ALCANÇOU";;"NÃO ALCANÇOU";"NÃO ALCANÇOU";"NÃO ALCANÇOU";"ALCANÇOU";"NÃO ALCANÇOU"
"MG";"312610";"Formiga";"ALCANÇOU";"ALCANÇOU";;"ALCANÇOU";"NÃO ALCANÇOU";"NÃO ALCANÇOU";"NÃO ALCANÇOU";"NÃO ALCANÇOU"
"MG";"312620";"Formoso";"NÃO ALCANÇOU";"ALCANÇOU";;"ALCANÇOU";"NÃO ALCANÇOU";"NÃO ALCANÇOU";"ALCANÇOU";"ALCANÇOU"
"MG";"312630";"Fortaleza de Minas";"NÃO ALCANÇOU";"ALCANÇOU";;"NÃO ALCANÇOU";"NÃO ALCANÇOU";"NÃO ALCANÇOU";"ALCANÇOU";"ALCANÇOU"
"MG";"312640";"Fortuna de Minas";"ALCANÇOU";"ALCANÇOU";;"NÃO ALCANÇOU";"NÃO ALCANÇOU";"NÃO ALCANÇOU";"ALCANÇOU";"ALCANÇOU"
"MG";"312650";"Francisco Badaró";"NÃO ALCANÇOU";"NÃO ALCANÇOU";;"NÃO ALCANÇOU";"NÃO ALCANÇOU";"NÃO ALCANÇOU";"ALCANÇOU";"ALCANÇOU"
"MG";"312660";"Francisco Dumont";"ALCANÇOU";"ALCANÇOU";;"ALCANÇOU";"NÃO ALCANÇOU";"NÃO ALCANÇOU";"ALCANÇOU";"ALCANÇOU"
"MG";"312670";"Francisco Sá";"ALCANÇOU";"ALCANÇOU";;"NÃO ALCANÇOU";"NÃO ALCANÇOU";"NÃO ALCANÇOU";"NÃO ALCANÇOU";"ALCANÇOU"
"MG";"312675";"Franciscópolis";"ALCANÇOU";"ALCANÇOU";;"NÃO ALCANÇOU";"ALCANÇOU";"NÃO ALCANÇOU";"ALCANÇOU";"ALCANÇOU"
"MG";"312680";"Frei Gaspar";"ALCANÇOU";"NÃO ALCANÇOU";;"NÃO ALCANÇOU";"NÃO ALCANÇOU";"NÃO ALCANÇOU";"NÃO ALCANÇOU";"ALCANÇOU"
"MG";"312690";"Frei Inocêncio";"NÃO ALCANÇOU";"ALCANÇOU";;"NÃO ALCANÇOU";"ALCANÇOU";"NÃO ALCANÇOU";"NÃO ALCANÇOU";"ALCANÇOU"
"MG";"312695";"Frei Lagonegro";"ALCANÇOU";"ALCANÇOU";;"ALCANÇOU";"NÃO ALCANÇOU";"NÃO ALCANÇOU";"ALCANÇOU";"NÃO ALCANÇOU"
"MG";"312700";"Fronteira";"ALCANÇOU";"ALCANÇOU";;"NÃO ALCANÇOU";"NÃO ALCANÇOU";"NÃO ALCANÇOU";"NÃO ALCANÇOU";"ALCANÇOU"
"MG";"312705";"Fronteira dos Vales";"ALCANÇOU";"ALCANÇOU";;"NÃO ALCANÇOU";"NÃO ALCANÇOU";"NÃO ALCANÇOU";"ALCANÇOU";"ALCANÇOU"
"MG";"312707";"Fruta de Leite";"NÃO ALCANÇOU";"ALCANÇOU";;"NÃO ALCANÇOU";"NÃO ALCANÇOU";"NÃO ALCANÇOU";"ALCANÇOU";"ALCANÇOU"
"MG";"312710";"Frutal";"ALCANÇOU";"ALCANÇOU";;"NÃO ALCANÇOU";"NÃO ALCANÇOU";"NÃO ALCANÇOU";"ALCANÇOU";"ALCANÇOU"
"MG";"312720";"Funilândia";"ALCANÇOU";"ALCANÇOU";;"ALCANÇOU";"NÃO ALCANÇOU";"ALCANÇOU";"ALCANÇOU";"ALCANÇOU"
"MG";"312730";"Galiléia";"ALCANÇOU";"ALCANÇOU";;"NÃO ALCANÇOU";"NÃO ALCANÇOU";"NÃO ALCANÇOU";"ALCANÇOU";"ALCANÇOU"
"MG";"312733";"Gameleiras";"ALCANÇOU";"ALCANÇOU";;"ALCANÇOU";"NÃO ALCANÇOU";"NÃO ALCANÇOU";"ALCANÇOU";"ALCANÇOU"
"MG";"312735";"Glaucilândia";"NÃO ALCANÇOU";"ALCANÇOU";;"ALCANÇOU";"NÃO ALCANÇOU";"NÃO ALCANÇOU";"ALCANÇOU";"NÃO ALCANÇOU"
"MG";"312737";"Goiabeira";"ALCANÇOU";"ALCANÇOU";;"ALCANÇOU";"ALCANÇOU";"ALCANÇOU";"ALCANÇOU";"ALCANÇOU"
"MG";"312738";"Goianá";"ALCANÇOU";"ALCANÇOU";;"NÃO ALCANÇOU";"NÃO ALCANÇOU";"NÃO ALCANÇOU";"ALCANÇOU";"ALCANÇOU"
"MG";"312750";"Gonzaga";"ALCANÇOU";"ALCANÇOU";;"ALCANÇOU";"ALCANÇOU";"NÃO ALCANÇOU";"ALCANÇOU";"ALCANÇOU"
"MG";"312740";"Gonçalves";"ALCANÇOU";"ALCANÇOU";;"NÃO ALCANÇOU";"NÃO ALCANÇOU";"NÃO ALCANÇOU";"ALCANÇOU";"ALCANÇOU"
"MG";"312760";"Gouveia";"ALCANÇOU";"ALCANÇOU";;"NÃO ALCANÇOU";"NÃO ALCANÇOU";"NÃO ALCANÇOU";"ALCANÇOU";"ALCANÇOU"
"MG";"312770";"Governador Valadares";"ALCANÇOU";"ALCANÇOU";;"NÃO ALCANÇOU";"ALCANÇOU";"ALCANÇOU";"NÃO ALCANÇOU";"ALCANÇOU"
"MG";"312790";"Grupiara";"ALCANÇOU";"ALCANÇOU";;"ALCANÇOU";"NÃO ALCANÇOU";"NÃO ALCANÇOU";"ALCANÇOU";"NÃO ALCANÇOU"
"MG";"312780";"Grão Mogol";"ALCANÇOU";"ALCANÇOU";;"NÃO ALCANÇOU";"NÃO ALCANÇOU";"NÃO ALCANÇOU";"ALCANÇOU";"ALCANÇOU"
"MG";"312800";"Guanhães";"NÃO ALCANÇOU";"ALCANÇOU";;"NÃO ALCANÇOU";"NÃO ALCANÇOU";"ALCANÇOU";"ALCANÇOU";"NÃO ALCANÇOU"
"MG";"312810";"Guapé";"NÃO ALCANÇOU";"NÃO ALCANÇOU";;"ALCANÇOU";"NÃO ALCANÇOU";"NÃO ALCANÇOU";"ALCANÇOU";"ALCANÇOU"
"MG";"312820";"Guaraciaba";"ALCANÇOU";"ALCANÇOU";;"NÃO ALCANÇOU";"NÃO ALCANÇOU";"NÃO ALCANÇOU";"ALCANÇOU";"ALCANÇOU"
"MG";"312825";"Guaraciama";"ALCANÇOU";"ALCANÇOU";;"ALCANÇOU";"NÃO ALCANÇOU";"NÃO ALCANÇOU";"ALCANÇOU";"NÃO ALCANÇOU"
"MG";"312840";"Guarani";"NÃO ALCANÇOU";"ALCANÇOU";;"ALCANÇOU";"ALCANÇOU";"NÃO ALCANÇOU";"ALCANÇOU";"ALCANÇOU"
"MG";"312830";"Guaranésia";"NÃO ALCANÇOU";"ALCANÇOU";;"ALCANÇOU";"NÃO ALCANÇOU";"NÃO ALCANÇOU";"ALCANÇOU";"ALCANÇOU"
"MG";"312850";"Guarará";"ALCANÇOU";"NÃO ALCANÇOU";;"NÃO ALCANÇOU";"NÃO ALCANÇOU";"NÃO ALCANÇOU";"ALCANÇOU";"ALCANÇOU"
"MG";"312860";"Guarda-Mor";"NÃO ALCANÇOU";"ALCANÇOU";;"ALCANÇOU";"NÃO ALCANÇOU";"NÃO ALCANÇOU";"ALCANÇOU";"ALCANÇOU"
"MG";"312870";"Guaxupé";"NÃO ALCANÇOU";"ALCANÇOU";;"NÃO ALCANÇOU";"ALCANÇOU";"ALCANÇOU";"ALCANÇOU";"ALCANÇOU"
"MG";"312880";"Guidoval";"ALCANÇOU";"ALCANÇOU";;"NÃO ALCANÇOU";"ALCANÇOU";"NÃO ALCANÇOU";"NÃO ALCANÇOU";"NÃO ALCANÇOU"
"MG";"312890";"Guimarânia";"ALCANÇOU";"ALCANÇOU";;"ALCANÇOU";"NÃO ALCANÇOU";"NÃO ALCANÇOU";"NÃO ALCANÇOU";"NÃO ALCANÇOU"
"MG";"312900";"Guiricema";"ALCANÇOU";"ALCANÇOU";;"ALCANÇOU";"ALCANÇOU";"NÃO ALCANÇOU";"ALCANÇOU";"ALCANÇOU"
"MG";"312910";"Gurinhatã";"NÃO ALCANÇOU";"ALCANÇOU";;"NÃO ALCANÇOU";"ALCANÇOU";"NÃO ALCANÇOU";"ALCANÇOU";"ALCANÇOU"
"MG";"312920";"Heliodora";"ALCANÇOU";"NÃO ALCANÇOU";;"NÃO ALCANÇOU";"NÃO ALCANÇOU";"NÃO ALCANÇOU";"ALCANÇOU";"ALCANÇOU"
"MG";"312930";"Iapu";"ALCANÇOU";"ALCANÇOU";;"ALCANÇOU";"NÃO ALCANÇOU";"NÃO ALCANÇOU";"ALCANÇOU";"ALCANÇOU"
"MG";"312940";"Ibertioga";"NÃO ALCANÇOU";"ALCANÇOU";;"ALCANÇOU";"NÃO ALCANÇOU";"NÃO ALCANÇOU";"ALCANÇOU";"ALCANÇOU"
"MG";"312960";"Ibiaí";"NÃO ALCANÇOU";"ALCANÇOU";;"NÃO ALCANÇOU";"NÃO ALCANÇOU";"NÃO ALCANÇOU";"ALCANÇOU";"ALCANÇOU"
"MG";"312965";"Ibiracatu";"ALCANÇOU";"ALCANÇOU";;"ALCANÇOU";"NÃO ALCANÇOU";"NÃO ALCANÇOU";"ALCANÇOU";"ALCANÇOU"
"MG";"312970";"Ibiraci";"NÃO ALCANÇOU";"ALCANÇOU";;"ALCANÇOU";"NÃO ALCANÇOU";"ALCANÇOU";"ALCANÇOU";"NÃO ALCANÇOU"
"MG";"312980";"Ibirité";"NÃO ALCANÇOU";"ALCANÇOU";;"NÃO ALCANÇOU";"NÃO ALCANÇOU";"ALCANÇOU";"ALCANÇOU";"ALCANÇOU"
"MG";"312990";"Ibitiúra de Minas";"ALCANÇOU";"ALCANÇOU";;"NÃO ALCANÇOU";"NÃO ALCANÇOU";"NÃO ALCANÇOU";"ALCANÇOU";"ALCANÇOU"
"MG";"313000";"Ibituruna";"NÃO ALCANÇOU";"ALCANÇOU";;"NÃO ALCANÇOU";"NÃO ALCANÇOU";"NÃO ALCANÇOU";"ALCANÇOU";"ALCANÇOU"
"MG";"312950";"Ibiá";"ALCANÇOU";"ALCANÇOU";;"ALCANÇOU";"ALCANÇOU";"ALCANÇOU";"NÃO ALCANÇOU";"ALCANÇOU"
"MG";"313005";"Icaraí de Minas";"ALCANÇOU";"ALCANÇOU";;"ALCANÇOU";"NÃO ALCANÇOU";"NÃO ALCANÇOU";"ALCANÇOU";"ALCANÇOU"
"MG";"313010";"Igarapé";"ALCANÇOU";"ALCANÇOU";;"NÃO ALCANÇOU";"NÃO ALCANÇOU";"NÃO ALCANÇOU";"ALCANÇOU";"NÃO ALCANÇOU"
"MG";"313020";"Igaratinga";"ALCANÇOU";"ALCANÇOU";;"ALCANÇOU";"NÃO ALCANÇOU";"NÃO ALCANÇOU";"ALCANÇOU";"ALCANÇOU"
"MG";"313030";"Iguatama";"ALCANÇOU";"ALCANÇOU";;"ALCANÇOU";"NÃO ALCANÇOU";"NÃO ALCANÇOU";"ALCANÇOU";"ALCANÇOU"
"MG";"313040";"Ijaci";"ALCANÇOU";"ALCANÇOU";;"ALCANÇOU";"NÃO ALCANÇOU";"NÃO ALCANÇOU";"ALCANÇOU";"ALCANÇOU"
"MG";"313050";"Ilicínea";"ALCANÇOU";"ALCANÇOU";;"NÃO ALCANÇOU";"NÃO ALCANÇOU";"NÃO ALCANÇOU";"ALCANÇOU";"ALCANÇOU"
"MG";"313055";"Imbé de Minas";"ALCANÇOU";"ALCANÇOU";;"ALCANÇOU";"NÃO ALCANÇOU";"NÃO ALCANÇOU";"ALCANÇOU";"ALCANÇOU"
"MG";"313060";"Inconfidentes";"ALCANÇOU";"NÃO ALCANÇOU";;"ALCANÇOU";"NÃO ALCANÇOU";"NÃO ALCANÇOU";"ALCANÇOU";"ALCANÇOU"
"MG";"313065";"Indaiabira";"ALCANÇOU";"ALCANÇOU";;"NÃO ALCANÇOU";"NÃO ALCANÇOU";"ALCANÇOU";"ALCANÇOU";"ALCANÇOU"
"MG";"313070";"Indianópolis";"ALCANÇOU";"NÃO ALCANÇOU";;"ALCANÇOU";"ALCANÇOU";"NÃO ALCANÇOU";"ALCANÇOU";"NÃO ALCANÇOU"
"MG";"313080";"Ingaí";"ALCANÇOU";"ALCANÇOU";;"ALCANÇOU";"NÃO ALCANÇOU";"NÃO ALCANÇOU";"ALCANÇOU";"ALCANÇOU"
"MG";"313090";"Inhapim";"ALCANÇOU";"ALCANÇOU";;"NÃO ALCANÇOU";"NÃO ALCANÇOU";"NÃO ALCANÇOU";"NÃO ALCANÇOU";"ALCANÇOU"
"MG";"313100";"Inhaúma";"ALCANÇOU";"ALCANÇOU";;"NÃO ALCANÇOU";"NÃO ALCANÇOU";"NÃO ALCANÇOU";"ALCANÇOU";"ALCANÇOU"
"MG";"313110";"Inimutaba";"ALCANÇOU";"ALCANÇOU";;"NÃO ALCANÇOU";"NÃO ALCANÇOU";"NÃO ALCANÇOU";"NÃO ALCANÇOU";"ALCANÇOU"
"MG";"313115";"Ipaba";"ALCANÇOU";"ALCANÇOU";;"NÃO ALCANÇOU";"NÃO ALCANÇOU";"NÃO ALCANÇOU";"ALCANÇOU";"ALCANÇOU"
"MG";"313120";"Ipanema";"ALCANÇOU";"ALCANÇOU";;"NÃO ALCANÇOU";"ALCANÇOU";"NÃO ALCANÇOU";"ALCANÇOU";"ALCANÇOU"
"MG";"313130";"Ipatinga";"ALCANÇOU";"ALCANÇOU";;"NÃO ALCANÇOU";"NÃO ALCANÇOU";"ALCANÇOU";"ALCANÇOU";"ALCANÇOU"
"MG";"313140";"Ipiaçu";"ALCANÇOU";"ALCANÇOU";;"ALCANÇOU";"NÃO ALCANÇOU";"ALCANÇOU";"ALCANÇOU";"ALCANÇOU"
"MG";"313150";"Ipuiúna";"ALCANÇOU";"ALCANÇOU";;"ALCANÇOU";"NÃO ALCANÇOU";"NÃO ALCANÇOU";"ALCANÇOU";"ALCANÇOU"
"MG";"313160";"Iraí de Minas";"ALCANÇOU";"ALCANÇOU";;"NÃO ALCANÇOU";"NÃO ALCANÇOU";"NÃO ALCANÇOU";"ALCANÇOU";"NÃO ALCANÇOU"
"MG";"313170";"Itabira";"ALCANÇOU";"ALCANÇOU";;"NÃO ALCANÇOU";"ALCANÇOU";"ALCANÇOU";"NÃO ALCANÇOU";"ALCANÇOU"
"MG";"313180";"Itabirinha";"ALCANÇOU";"ALCANÇOU";;"NÃO ALCANÇOU";"NÃO ALCANÇOU";"NÃO ALCANÇOU";"ALCANÇOU";"ALCANÇOU"
"MG";"313190";"Itabirito";"ALCANÇOU";"ALCANÇOU";;"NÃO ALCANÇOU";"ALCANÇOU";"NÃO ALCANÇOU";"ALCANÇOU";"NÃO ALCANÇOU"
"MG";"313200";"Itacambira";"NÃO ALCANÇOU";"ALCANÇOU";;"ALCANÇOU";"ALCANÇOU";"NÃO ALCANÇOU";"ALCANÇOU";"ALCANÇOU"
"MG";"313210";"Itacarambi";"NÃO ALCANÇOU";"ALCANÇOU";;"NÃO ALCANÇOU";"NÃO ALCANÇOU";"NÃO ALCANÇOU";"ALCANÇOU";"ALCANÇOU"
"MG";"313220";"Itaguara";"ALCANÇOU";"ALCANÇOU";;"NÃO ALCANÇOU";"NÃO ALCANÇOU";"NÃO ALCANÇOU";"ALCANÇOU";"NÃO ALCANÇOU"
"MG";"313230";"Itaipé";"NÃO ALCANÇOU";"ALCANÇOU";;"ALCANÇOU";"NÃO ALCANÇOU";"ALCANÇOU";"NÃO ALCANÇOU";"ALCANÇOU"
"MG";"313240";"Itajubá";"ALCANÇOU";"ALCANÇOU";;"NÃO ALCANÇOU";"NÃO ALCANÇOU";"ALCANÇOU";"NÃO ALCANÇOU";"ALCANÇOU"
"MG";"313250";"Itamarandiba";"ALCANÇOU";"ALCANÇOU";;"ALCANÇOU";"NÃO ALCANÇOU";"NÃO ALCANÇOU";"ALCANÇOU";"ALCANÇOU"
"MG";"313260";"Itamarati de Minas";"NÃO ALCANÇOU";"ALCANÇOU";;"NÃO ALCANÇOU";"NÃO ALCANÇOU";"NÃO ALCANÇOU";"ALCANÇOU";"ALCANÇOU"
"MG";"313270";"Itambacuri";"NÃO ALCANÇOU";"ALCANÇOU";;"NÃO ALCANÇOU";"ALCANÇOU";"NÃO ALCANÇOU";"ALCANÇOU";"ALCANÇOU"
"MG";"313280";"Itambé do Mato Dentro";"NÃO ALCANÇOU";"NÃO ALCANÇOU";;"ALCANÇOU";"NÃO ALCANÇOU";"NÃO ALCANÇOU";"ALCANÇOU";"ALCANÇOU"
"MG";"313290";"Itamogi";"NÃO ALCANÇOU";"NÃO ALCANÇOU";;"ALCANÇOU";"NÃO ALCANÇOU";"NÃO ALCANÇOU";"ALCANÇOU";"ALCANÇOU"
"MG";"313300";"Itamonte";"ALCANÇOU";"ALCANÇOU";;"ALCANÇOU";"NÃO ALCANÇOU";"NÃO ALCANÇOU";"ALCANÇOU";"ALCANÇOU"
"MG";"313310";"Itanhandu";"ALCANÇOU";"ALCANÇOU";;"ALCANÇOU";"NÃO ALCANÇOU";"ALCANÇOU";"ALCANÇOU";"ALCANÇOU"
"MG";"313320";"Itanhomi";"NÃO ALCANÇOU";"NÃO ALCANÇOU";;"ALCANÇOU";"ALCANÇOU";"NÃO ALCANÇOU";"ALCANÇOU";"ALCANÇOU"
"MG";"313330";"Itaobim";"ALCANÇOU";"ALCANÇOU";;"ALCANÇOU";"NÃO ALCANÇOU";"NÃO ALCANÇOU";"NÃO ALCANÇOU";"ALCANÇOU"
"MG";"313340";"Itapagipe";"ALCANÇOU";"ALCANÇOU";;"ALCANÇOU";"ALCANÇOU";"NÃO ALCANÇOU";"ALCANÇOU";"ALCANÇOU"
"MG";"313350";"Itapecerica";"ALCANÇOU";"ALCANÇOU";;"NÃO ALCANÇOU";"NÃO ALCANÇOU";"NÃO ALCANÇOU";"NÃO ALCANÇOU";"ALCANÇOU"
"MG";"313360";"Itapeva";"ALCANÇOU";"ALCANÇOU";;"NÃO ALCANÇOU";"ALCANÇOU";"ALCANÇOU";"ALCANÇOU";"ALCANÇOU"
"MG";"313370";"Itatiaiuçu";"ALCANÇOU";"ALCANÇOU";;"ALCANÇOU";"NÃO ALCANÇOU";"NÃO ALCANÇOU";"NÃO ALCANÇOU";"NÃO ALCANÇOU"
"MG";"313390";"Itaverava";"NÃO ALCANÇOU";"ALCANÇOU";;"ALCANÇOU";"NÃO ALCANÇOU";"NÃO ALCANÇOU";"ALCANÇOU";"ALCANÇOU"
"MG";"313375";"Itaú de Minas";"NÃO ALCANÇOU";"ALCANÇOU";;"ALCANÇOU";"NÃO ALCANÇOU";"ALCANÇOU";"NÃO ALCANÇOU";"ALCANÇOU"
"MG";"313380";"Itaúna";"ALCANÇOU";"ALCANÇOU";;"NÃO ALCANÇOU";"NÃO ALCANÇOU";"ALCANÇOU";"NÃO ALCANÇOU";"ALCANÇOU"
"MG";"313400";"Itinga";"NÃO ALCANÇOU";"ALCANÇOU";;"ALCANÇOU";"NÃO ALCANÇOU";"NÃO ALCANÇOU";"ALCANÇOU";"ALCANÇOU"
"MG";"313410";"Itueta";"ALCANÇOU";"NÃO ALCANÇOU";;"ALCANÇOU";"NÃO ALCANÇOU";"NÃO ALCANÇOU";"ALCANÇOU";"ALCANÇOU"
"MG";"313420";"Ituiutaba";"ALCANÇOU";"ALCANÇOU";;"NÃO ALCANÇOU";"ALCANÇOU";"ALCANÇOU";"ALCANÇOU";"ALCANÇOU"
"MG";"313430";"Itumirim";"NÃO ALCANÇOU";"ALCANÇOU";;"ALCANÇOU";"NÃO ALCANÇOU";"ALCANÇOU";"ALCANÇOU";"ALCANÇOU"
"MG";"313440";"Iturama";"ALCANÇOU";"ALCANÇOU";;"NÃO ALCANÇOU";"NÃO ALCANÇOU";"ALCANÇOU";"ALCANÇOU";"ALCANÇOU"
"MG";"313450";"Itutinga";"ALCANÇOU";"ALCANÇOU";;"NÃO ALCANÇOU";"NÃO ALCANÇOU";"NÃO ALCANÇOU";"ALCANÇOU";"ALCANÇOU"
"MG";"313460";"Jaboticatubas";"ALCANÇOU";"NÃO ALCANÇOU";;"ALCANÇOU";"NÃO ALCANÇOU";"ALCANÇOU";"ALCANÇOU";"ALCANÇOU"
"MG";"313470";"Jacinto";"NÃO ALCANÇOU";"ALCANÇOU";;"NÃO ALCANÇOU";"NÃO ALCANÇOU";"NÃO ALCANÇOU";"NÃO ALCANÇOU";"ALCANÇOU"
"MG";"313490";"Jacutinga";"ALCANÇOU";"ALCANÇOU";;"ALCANÇOU";"NÃO ALCANÇOU";"ALCANÇOU";"ALCANÇOU";"ALCANÇOU"
"MG";"313480";"Jacuí";"NÃO ALCANÇOU";"NÃO ALCANÇOU";;"NÃO ALCANÇOU";"NÃO ALCANÇOU";"NÃO ALCANÇOU";"ALCANÇOU";"ALCANÇOU"
"MG";"313500";"Jaguaraçu";"ALCANÇOU";"NÃO ALCANÇOU";;"NÃO ALCANÇOU";"NÃO ALCANÇOU";"NÃO ALCANÇOU";"ALCANÇOU";"ALCANÇOU"
"MG";"313507";"Jampruca";"ALCANÇOU";"ALCANÇOU";;"NÃO ALCANÇOU";"ALCANÇOU";"NÃO ALCANÇOU";"NÃO ALCANÇOU";"ALCANÇOU"
"MG";"313510";"Janaúba";"ALCANÇOU";"ALCANÇOU";;"NÃO ALCANÇOU";"NÃO ALCANÇOU";"ALCANÇOU";"NÃO ALCANÇOU";"ALCANÇOU"
"MG";"313520";"Januária";"NÃO ALCANÇOU";"ALCANÇOU";;"NÃO ALCANÇOU";"NÃO ALCANÇOU";"ALCANÇOU";"ALCANÇOU";"NÃO ALCANÇOU"
"MG";"313530";"Japaraíba";"ALCANÇOU";"ALCANÇOU";;"ALCANÇOU";"NÃO ALCANÇOU";"NÃO ALCANÇOU";"NÃO ALCANÇOU";"ALCANÇOU"
"MG";"313535";"Japonvar";"ALCANÇOU";"ALCANÇOU";;"ALCANÇOU";"NÃO ALCANÇOU";"NÃO ALCANÇOU";"ALCANÇOU";"ALCANÇOU"
"MG";"313505";"Jaíba";"NÃO ALCANÇOU";"ALCANÇOU";;"NÃO ALCANÇOU";"NÃO ALCANÇOU";"ALCANÇOU";"ALCANÇOU";"ALCANÇOU"
"MG";"313540";"Jeceaba";"NÃO ALCANÇOU";"ALCANÇOU";;"ALCANÇOU";"NÃO ALCANÇOU";"NÃO ALCANÇOU";"ALCANÇOU";"ALCANÇOU"
"MG";"313545";"Jenipapo de Minas";"NÃO ALCANÇOU";"ALCANÇOU";;"NÃO ALCANÇOU";"NÃO ALCANÇOU";"ALCANÇOU";"ALCANÇOU";"NÃO ALCANÇOU"
"MG";"313550";"Jequeri";"ALCANÇOU";"ALCANÇOU";;"ALCANÇOU";"NÃO ALCANÇOU";"NÃO ALCANÇOU";"NÃO ALCANÇOU";"ALCANÇOU"
"MG";"313560";"Jequitaí";"ALCANÇOU";"ALCANÇOU";;"ALCANÇOU";"NÃO ALCANÇOU";"NÃO ALCANÇOU";"ALCANÇOU";"ALCANÇOU"
"MG";"313570";"Jequitibá";"NÃO ALCANÇOU";"ALCANÇOU";;"NÃO ALCANÇOU";"NÃO ALCANÇOU";"NÃO ALCANÇOU";"ALCANÇOU";"ALCANÇOU"
"MG";"313580";"Jequitinhonha";"NÃO ALCANÇOU";"ALCANÇOU";;"NÃO ALCANÇOU";"NÃO ALCANÇOU";"NÃO ALCANÇOU";"ALCANÇOU";"NÃO ALCANÇOU"
"MG";"313590";"Jesuânia";"NÃO ALCANÇOU";"ALCANÇOU";;"ALCANÇOU";"NÃO ALCANÇOU";"NÃO ALCANÇOU";"NÃO ALCANÇOU";"ALCANÇOU"
"MG";"313610";"Joanésia";"NÃO ALCANÇOU";"NÃO ALCANÇOU";;"NÃO ALCANÇOU";"NÃO ALCANÇOU";"NÃO ALCANÇOU";"ALCANÇOU";"ALCANÇOU"
"MG";"313640";"Joaquim Felício";"ALCANÇOU";"ALCANÇOU";;"ALCANÇOU";"NÃO ALCANÇOU";"NÃO ALCANÇOU";"ALCANÇOU";"ALCANÇOU"
"MG";"313600";"Joaíma";"NÃO ALCANÇOU";"ALCANÇOU";;"NÃO ALCANÇOU";"NÃO ALCANÇOU";"NÃO ALCANÇOU";"ALCANÇOU";"ALCANÇOU"
"MG";"313650";"Jordânia";"NÃO ALCANÇOU";"ALCANÇOU";;"ALCANÇOU";"NÃO ALCANÇOU";"NÃO ALCANÇOU";"NÃO ALCANÇOU";"NÃO ALCANÇOU"
"MG";"313657";"Josenópolis";"ALCANÇOU";"ALCANÇOU";;"ALCANÇOU";"ALCANÇOU";"NÃO ALCANÇOU";"ALCANÇOU";"NÃO ALCANÇOU"
"MG";"313652";"José Gonçalves de Minas";"NÃO ALCANÇOU";"ALCANÇOU";;"NÃO ALCANÇOU";"NÃO ALCANÇOU";"NÃO ALCANÇOU";"ALCANÇOU";"ALCANÇOU"
"MG";"313655";"José Raydan";"ALCANÇOU";"ALCANÇOU";;"NÃO ALCANÇOU";"ALCANÇOU";"NÃO ALCANÇOU";"ALCANÇOU";"ALCANÇOU"
"MG";"313620";"João Monlevade";"ALCANÇOU";"ALCANÇOU";;"NÃO ALCANÇOU";"ALCANÇOU";"ALCANÇOU";"ALCANÇOU";"NÃO ALCANÇOU"
"MG";"313630";"João Pinheiro";"ALCANÇOU";"ALCANÇOU";;"ALCANÇOU";"ALCANÇOU";"NÃO ALCANÇOU";"ALCANÇOU";"ALCANÇOU"
"MG";"313665";"Juatuba";"ALCANÇOU";"ALCANÇOU";;"NÃO ALCANÇOU";"NÃO ALCANÇOU";"NÃO ALCANÇOU";"NÃO ALCANÇOU";"ALCANÇOU"
"MG";"313670";"Juiz de Fora";"ALCANÇOU";"ALCANÇOU";;"NÃO ALCANÇOU";"NÃO ALCANÇOU";"ALCANÇOU";"NÃO ALCANÇOU";"ALCANÇOU"
"MG";"313680";"Juramento";"ALCANÇOU";"ALCANÇOU";;"ALCANÇOU";"ALCANÇOU";"NÃO ALCANÇOU";"ALCANÇOU";"NÃO ALCANÇOU"
"MG";"313690";"Juruaia";"ALCANÇOU";"ALCANÇOU";;"NÃO ALCANÇOU";"NÃO ALCANÇOU";"NÃO ALCANÇOU";"ALCANÇOU";"ALCANÇOU"
"MG";"313695";"Juvenília";"NÃO ALCANÇOU";"ALCANÇOU";;"NÃO ALCANÇOU";"NÃO ALCANÇOU";"NÃO ALCANÇOU";"ALCANÇOU";"NÃO ALCANÇOU"
"MG";"313700";"Ladainha";"ALCANÇOU";"ALCANÇOU";;"NÃO ALCANÇOU";"NÃO ALCANÇOU";"NÃO ALCANÇOU";"ALCANÇOU";"ALCANÇOU"
"MG";"313710";"Lagamar";"ALCANÇOU";"ALCANÇOU";;"ALCANÇOU";"NÃO ALCANÇOU";"NÃO ALCANÇOU";"ALCANÇOU";"ALCANÇOU"
"MG";"313740";"Lagoa Dourada";"NÃO ALCANÇOU";"ALCANÇOU";;"ALCANÇOU";"NÃO ALCANÇOU";"NÃO ALCANÇOU";"NÃO ALCANÇOU";"ALCANÇOU"
"MG";"313750";"Lagoa Formosa";"ALCANÇOU";"ALCANÇOU";;"ALCANÇOU";"ALCANÇOU";"ALCANÇOU";"ALCANÇOU";"NÃO ALCANÇOU"
"MG";"313753";"Lagoa Grande";"ALCANÇOU";"NÃO ALCANÇOU";;"ALCANÇOU";"ALCANÇOU";"ALCANÇOU";"ALCANÇOU";"NÃO ALCANÇOU"
"MG";"313760";"Lagoa Santa";"ALCANÇOU";"ALCANÇOU";;"NÃO ALCANÇOU";"NÃO ALCANÇOU";"ALCANÇOU";"NÃO ALCANÇOU";"ALCANÇOU"
"MG";"313720";"Lagoa da Prata";"ALCANÇOU";"ALCANÇOU";;"ALCANÇOU";"NÃO ALCANÇOU";"ALCANÇOU";"NÃO ALCANÇOU";"ALCANÇOU"
"MG";"313730";"Lagoa dos Patos";"ALCANÇOU";"ALCANÇOU";;"ALCANÇOU";"NÃO ALCANÇOU";"NÃO ALCANÇOU";"ALCANÇOU";"ALCANÇOU"
"MG";"313770";"Lajinha";"ALCANÇOU";"ALCANÇOU";;"NÃO ALCANÇOU";"NÃO ALCANÇOU";"NÃO ALCANÇOU";"NÃO ALCANÇOU";"ALCANÇOU"
"MG";"313780";"Lambari";"ALCANÇOU";"ALCANÇOU";;"ALCANÇOU";"NÃO ALCANÇOU";"NÃO ALCANÇOU";"NÃO ALCANÇOU";"ALCANÇOU"
"MG";"313790";"Lamim";"NÃO ALCANÇOU";"ALCANÇOU";;"ALCANÇOU";"NÃO ALCANÇOU";"ALCANÇOU";"ALCANÇOU";"ALCANÇOU"
"MG";"313800";"Laranjal";"NÃO ALCANÇOU";"NÃO ALCANÇOU";;"NÃO ALCANÇOU";"NÃO ALCANÇOU";"ALCANÇOU";"ALCANÇOU";"NÃO ALCANÇOU"
"MG";"313810";"Lassance";"ALCANÇOU";"ALCANÇOU";;"NÃO ALCANÇOU";"NÃO ALCANÇOU";"NÃO ALCANÇOU";"ALCANÇOU";"ALCANÇOU"
"MG";"313820";"Lavras";"ALCANÇOU";"ALCANÇOU";;"NÃO ALCANÇOU";"NÃO ALCANÇOU";"ALCANÇOU";"ALCANÇOU";"ALCANÇOU"
"MG";"313830";"Leandro Ferreira";"ALCANÇOU";"ALCANÇOU";;"ALCANÇOU";"NÃO ALCANÇOU";"NÃO ALCANÇOU";"ALCANÇOU";"ALCANÇOU"
"MG";"313835";"Leme do Prado";"NÃO ALCANÇOU";"ALCANÇOU";;"ALCANÇOU";"NÃO ALCANÇOU";"NÃO ALCANÇOU";"ALCANÇOU";"ALCANÇOU"
"MG";"313840";"Leopoldina";"ALCANÇOU";"ALCANÇOU";;"NÃO ALCANÇOU";"ALCANÇOU";"ALCANÇOU";"NÃO ALCANÇOU";"ALCANÇOU"
"MG";"313850";"Liberdade";"NÃO ALCANÇOU";"NÃO ALCANÇOU";;"NÃO ALCANÇOU";"NÃO ALCANÇOU";"ALCANÇOU";"ALCANÇOU";"ALCANÇOU"
"MG";"313860";"Lima Duarte";"ALCANÇOU";"ALCANÇOU";;"NÃO ALCANÇOU";"ALCANÇOU";"ALCANÇOU";"NÃO ALCANÇOU";"NÃO ALCANÇOU"
"MG";"313862";"Limeira do Oeste";"ALCANÇOU";"ALCANÇOU";;"ALCANÇOU";"ALCANÇOU";"ALCANÇOU";"ALCANÇOU";"ALCANÇOU"
"MG";"313865";"Lontra";"ALCANÇOU";"ALCANÇOU";;"NÃO ALCANÇOU";"NÃO ALCANÇOU";"NÃO ALCANÇOU";"ALCANÇOU";"ALCANÇOU"
"MG";"313867";"Luisburgo";"ALCANÇOU";"ALCANÇOU";;"NÃO ALCANÇOU";"NÃO ALCANÇOU";"NÃO ALCANÇOU";"ALCANÇOU";"ALCANÇOU"
"MG";"313868";"Luislândia";"ALCANÇOU";"ALCANÇOU";;"NÃO ALCANÇOU";"NÃO ALCANÇOU";"NÃO ALCANÇOU";"ALCANÇOU";"NÃO ALCANÇOU"
"MG";"313870";"Luminárias";"NÃO ALCANÇOU";"ALCANÇOU";;"ALCANÇOU";"NÃO ALCANÇOU";"NÃO ALCANÇOU";"ALCANÇOU";"ALCANÇOU"
"MG";"313880";"Luz";"ALCANÇOU";"ALCANÇOU";;"ALCANÇOU";"NÃO ALCANÇOU";"ALCANÇOU";"ALCANÇOU";"ALCANÇOU"
"MG";"313890";"Machacalis";"ALCANÇOU";"ALCANÇOU";;"NÃO ALCANÇOU";"NÃO ALCANÇOU";"NÃO ALCANÇOU";"ALCANÇOU";"ALCANÇOU"
"MG";"313900";"Machado";"ALCANÇOU";"ALCANÇOU";;"NÃO ALCANÇOU";"ALCANÇOU";"NÃO ALCANÇOU";"ALCANÇOU";"ALCANÇOU"
"MG";"313910";"Madre de Deus de Minas";"ALCANÇOU";"ALCANÇOU";;"NÃO ALCANÇOU";"NÃO ALCANÇOU";"NÃO ALCANÇOU";"ALCANÇOU";"ALCANÇOU"
"MG";"313920";"Malacacheta";"NÃO ALCANÇOU";"ALCANÇOU";;"NÃO ALCANÇOU";"NÃO ALCANÇOU";"ALCANÇOU";"ALCANÇOU";"ALCANÇOU"
"MG";"313925";"Mamonas";"NÃO ALCANÇOU";"ALCANÇOU";;"NÃO ALCANÇOU";"ALCANÇOU";"NÃO ALCANÇOU";"NÃO ALCANÇOU";"ALCANÇOU"
"MG";"313930";"Manga";"ALCANÇOU";"ALCANÇOU";;"NÃO ALCANÇOU";"NÃO ALCANÇOU";"NÃO ALCANÇOU";"NÃO ALCANÇOU";"NÃO ALCANÇOU"
"MG";"313940";"Manhuaçu";"ALCANÇOU";"ALCANÇOU";;"NÃO ALCANÇOU";"NÃO ALCANÇOU";"NÃO ALCANÇOU";"NÃO ALCANÇOU";"ALCANÇOU"
"MG";"313950";"Manhumirim";"ALCANÇOU";"ALCANÇOU";;"NÃO ALCANÇOU";"NÃO ALCANÇOU";"NÃO ALCANÇOU";"NÃO ALCANÇOU";"ALCANÇOU"
"MG";"313960";"Mantena";"ALCANÇOU";"ALCANÇOU";;"ALCANÇOU";"ALCANÇOU";"NÃO ALCANÇOU";"NÃO ALCANÇOU";"ALCANÇOU"
"MG";"313980";"Mar de Espanha";"ALCANÇOU";"NÃO ALCANÇOU";;"ALCANÇOU";"NÃO ALCANÇOU";"NÃO ALCANÇOU";"ALCANÇOU";"ALCANÇOU"
"MG";"313970";"Maravilhas";"NÃO ALCANÇOU";"ALCANÇOU";;"ALCANÇOU";"NÃO ALCANÇOU";"NÃO ALCANÇOU";"NÃO ALCANÇOU";"ALCANÇOU"
"MG";"313990";"Maria da Fé";"ALCANÇOU";"ALCANÇOU";;"ALCANÇOU";"NÃO ALCANÇOU";"ALCANÇOU";"NÃO ALCANÇOU";"ALCANÇOU"
"MG";"314000";"Mariana";"ALCANÇOU";"ALCANÇOU";;"NÃO ALCANÇOU";"NÃO ALCANÇOU";"NÃO ALCANÇOU";"NÃO ALCANÇOU";"ALCANÇOU"
"MG";"314010";"Marilac";"NÃO ALCANÇOU";"ALCANÇOU";;"NÃO ALCANÇOU";"ALCANÇOU";"NÃO ALCANÇOU";"ALCANÇOU";"ALCANÇOU"
"MG";"314020";"Maripá de Minas";"ALCANÇOU";"ALCANÇOU";;"NÃO ALCANÇOU";"NÃO ALCANÇOU";"NÃO ALCANÇOU";"ALCANÇOU";"ALCANÇOU"
"MG";"314030";"Marliéria";"ALCANÇOU";"ALCANÇOU";;"NÃO ALCANÇOU";"NÃO ALCANÇOU";"NÃO ALCANÇOU";"ALCANÇOU";"ALCANÇOU"
"MG";"314040";"Marmelópolis";"NÃO ALCANÇOU";"ALCANÇOU";;"NÃO ALCANÇOU";"NÃO ALCANÇOU";"NÃO ALCANÇOU";"ALCANÇOU";"NÃO ALCANÇOU"
"MG";"314050";"Martinho Campos";"ALCANÇOU";"ALCANÇOU";;"NÃO ALCANÇOU";"NÃO ALCANÇOU";"NÃO ALCANÇOU";"ALCANÇOU";"ALCANÇOU"
"MG";"314053";"Martins Soares";"ALCANÇOU";"ALCANÇOU";;"ALCANÇOU";"NÃO ALCANÇOU";"NÃO ALCANÇOU";"ALCANÇOU";"NÃO ALCANÇOU"
"MG";"314055";"Mata Verde";"ALCANÇOU";"ALCANÇOU";;"ALCANÇOU";"NÃO ALCANÇOU";"NÃO ALCANÇOU";"ALCANÇOU";"NÃO ALCANÇOU"
"MG";"314060";"Materlândia";"ALCANÇOU";"NÃO ALCANÇOU";;"ALCANÇOU";"NÃO ALCANÇOU";"NÃO ALCANÇOU";"ALCANÇOU";"ALCANÇOU"
"MG";"314070";"Mateus Leme";"ALCANÇOU";"ALCANÇOU";;"ALCANÇOU";"NÃO ALCANÇOU";"ALCANÇOU";"NÃO ALCANÇOU";"ALCANÇOU"
"MG";"317150";"Mathias Lobato";"ALCANÇOU";"ALCANÇOU";;"ALCANÇOU";"NÃO ALCANÇOU";"NÃO ALCANÇOU";"ALCANÇOU";"ALCANÇOU"
"MG";"314080";"Matias Barbosa";"ALCANÇOU";"ALCANÇOU";;"NÃO ALCANÇOU";"NÃO ALCANÇOU";"NÃO ALCANÇOU";"NÃO ALCANÇOU";"ALCANÇOU"
"MG";"314085";"Matias Cardoso";"ALCANÇOU";"ALCANÇOU";;"NÃO ALCANÇOU";"NÃO ALCANÇOU";"NÃO ALCANÇOU";"ALCANÇOU";"ALCANÇOU"
"MG";"314090";"Matipó";"ALCANÇOU";"ALCANÇOU";;"NÃO ALCANÇOU";"NÃO ALCANÇOU";"NÃO ALCANÇOU";"ALCANÇOU";"ALCANÇOU"
"MG";"314100";"Mato Verde";"ALCANÇOU";"ALCANÇOU";;"NÃO ALCANÇOU";"NÃO ALCANÇOU";"NÃO ALCANÇOU";"ALCANÇOU";"ALCANÇOU"
"MG";"314110";"Matozinhos";"ALCANÇOU";"ALCANÇOU";;"NÃO ALCANÇOU";"ALCANÇOU";"NÃO ALCANÇOU";"NÃO ALCANÇOU";"ALCANÇOU"
"MG";"314120";"Matutina";"ALCANÇOU";"ALCANÇOU";;"NÃO ALCANÇOU";"NÃO ALCANÇOU";"NÃO ALCANÇOU";"ALCANÇOU";"NÃO ALCANÇOU"
"MG";"314130";"Medeiros";"ALCANÇOU";"ALCANÇOU";;"ALCANÇOU";"NÃO ALCANÇOU";"NÃO ALCANÇOU";"ALCANÇOU";"ALCANÇOU"
"MG";"314140";"Medina";"NÃO ALCANÇOU";"ALCANÇOU";;"NÃO ALCANÇOU";"NÃO ALCANÇOU";"NÃO ALCANÇOU";"NÃO ALCANÇOU";"ALCANÇOU"
"MG";"314150";"Mendes Pimentel";"ALCANÇOU";"NÃO ALCANÇOU";;"ALCANÇOU";"ALCANÇOU";"NÃO ALCANÇOU";"ALCANÇOU";"ALCANÇOU"
"MG";"314160";"Mercês";"NÃO ALCANÇOU";"ALCANÇOU";;"NÃO ALCANÇOU";"NÃO ALCANÇOU";"ALCANÇOU";"ALCANÇOU";"NÃO ALCANÇOU"
"MG";"314170";"Mesquita";"ALCANÇOU";"NÃO ALCANÇOU";;"NÃO ALCANÇOU";"NÃO ALCANÇOU";"NÃO ALCANÇOU";"ALCANÇOU";"NÃO ALCANÇOU"
"MG";"314180";"Minas Novas";"NÃO ALCANÇOU";"ALCANÇOU";;"NÃO ALCANÇOU";"NÃO ALCANÇOU";"NÃO ALCANÇOU";"ALCANÇOU";"ALCANÇOU"
"MG";"314190";"Minduri";"ALCANÇOU";"NÃO ALCANÇOU";;"NÃO ALCANÇOU";"NÃO ALCANÇOU";"NÃO ALCANÇOU";"ALCANÇOU";"ALCANÇOU"
"MG";"314200";"Mirabela";"ALCANÇOU";"ALCANÇOU";;"NÃO ALCANÇOU";"NÃO ALCANÇOU";"NÃO ALCANÇOU";"ALCANÇOU";"ALCANÇOU"
"MG";"314210";"Miradouro";"ALCANÇOU";"ALCANÇOU";;"NÃO ALCANÇOU";"NÃO ALCANÇOU";"NÃO ALCANÇOU";"ALCANÇOU";"ALCANÇOU"
"MG";"314225";"Miravânia";"ALCANÇOU";"ALCANÇOU";;"ALCANÇOU";"NÃO ALCANÇOU";"NÃO ALCANÇOU";"ALCANÇOU";"ALCANÇOU"
"MG";"314220";"Miraí";"ALCANÇOU";"ALCANÇOU";;"ALCANÇOU";"NÃO ALCANÇOU";"NÃO ALCANÇOU";"NÃO ALCANÇOU";"ALCANÇOU"
"MG";"314230";"Moeda";"NÃO ALCANÇOU";"ALCANÇOU";;"ALCANÇOU";"NÃO ALCANÇOU";"NÃO ALCANÇOU";"ALCANÇOU";"ALCANÇOU"
"MG";"314240";"Moema";"ALCANÇOU";"ALCANÇOU";;"ALCANÇOU";"NÃO ALCANÇOU";"NÃO ALCANÇOU";"NÃO ALCANÇOU";"ALCANÇOU"
"MG";"314250";"Monjolos";"ALCANÇOU";"NÃO ALCANÇOU";;"NÃO ALCANÇOU";"NÃO ALCANÇOU";"NÃO ALCANÇOU";"ALCANÇOU";"NÃO ALCANÇOU"
"MG";"314260";"Monsenhor Paulo";"ALCANÇOU";"NÃO ALCANÇOU";;"NÃO ALCANÇOU";"NÃO ALCANÇOU";"NÃO ALCANÇOU";"ALCANÇOU";"ALCANÇOU"
"MG";"314270";"Montalvânia";"NÃO ALCANÇOU";"ALCANÇOU";;"NÃO ALCANÇOU";"NÃO ALCANÇOU";"NÃO ALCANÇOU";"NÃO ALCANÇOU";"ALCANÇOU"
"MG";"314280";"Monte Alegre de Minas";"ALCANÇOU";"ALCANÇOU";;"NÃO ALCANÇOU";"ALCANÇOU";"ALCANÇOU";"NÃO ALCANÇOU";"ALCANÇOU"
"MG";"314290";"Monte Azul";"ALCANÇOU";"ALCANÇOU";;"ALCANÇOU";"NÃO ALCANÇOU";"NÃO ALCANÇOU";"ALCANÇOU";"ALCANÇOU"
"MG";"314300";"Monte Belo";"ALCANÇOU";"ALCANÇOU";;"ALCANÇOU";"NÃO ALCANÇOU";"NÃO ALCANÇOU";"NÃO ALCANÇOU";"ALCANÇOU"
"MG";"314310";"Monte Carmelo";"ALCANÇOU";"ALCANÇOU";;"ALCANÇOU";"NÃO ALCANÇOU";"ALCANÇOU";"NÃO ALCANÇOU";"ALCANÇOU"
"MG";"314315";"Monte Formoso";"ALCANÇOU";"ALCANÇOU";;"NÃO ALCANÇOU";"NÃO ALCANÇOU";"NÃO ALCANÇOU";"ALCANÇOU";"ALCANÇOU"
"MG";"314320";"Monte Santo de Minas";"NÃO ALCANÇOU";"NÃO ALCANÇOU";;"ALCANÇOU";"NÃO ALCANÇOU";"NÃO ALCANÇOU";"ALCANÇOU";"ALCANÇOU"
"MG";"314340";"Monte Sião";"ALCANÇOU";"ALCANÇOU";;"ALCANÇOU";"NÃO ALCANÇOU";"ALCANÇOU";"ALCANÇOU";"ALCANÇOU"
"MG";"314330";"Montes Claros";"ALCANÇOU";"ALCANÇOU";;"NÃO ALCANÇOU";"NÃO ALCANÇOU";"ALCANÇOU";"NÃO ALCANÇOU";"NÃO ALCANÇOU"
"MG";"314345";"Montezuma";"NÃO ALCANÇOU";"ALCANÇOU";;"NÃO ALCANÇOU";"NÃO ALCANÇOU";"NÃO ALCANÇOU";"ALCANÇOU";"ALCANÇOU"
"MG";"314350";"Morada Nova de Minas";"ALCANÇOU";"ALCANÇOU";;"ALCANÇOU";"NÃO ALCANÇOU";"NÃO ALCANÇOU";"ALCANÇOU";"ALCANÇOU"
"MG";"314360";"Morro da Garça";"NÃO ALCANÇOU";"NÃO ALCANÇOU";;"ALCANÇOU";"NÃO ALCANÇOU";"NÃO ALCANÇOU";"ALCANÇOU";"NÃO ALCANÇOU"
"MG";"314370";"Morro do Pilar";"ALCANÇOU";"NÃO ALCANÇOU";;"NÃO ALCANÇOU";"NÃO ALCANÇOU";"NÃO ALCANÇOU";"ALCANÇOU";"ALCANÇOU"
"MG";"314380";"Munhoz";"ALCANÇOU";"ALCANÇOU";;"ALCANÇOU";"NÃO ALCANÇOU";"ALCANÇOU";"ALCANÇOU";"ALCANÇOU"
"MG";"314390";"Muriaé";"ALCANÇOU";"ALCANÇOU";;"NÃO ALCANÇOU";"NÃO ALCANÇOU";"ALCANÇOU";"NÃO ALCANÇOU";"ALCANÇOU"
"MG";"314400";"Mutum";"ALCANÇOU";"ALCANÇOU";;"NÃO ALCANÇOU";"NÃO ALCANÇOU";"NÃO ALCANÇOU";"ALCANÇOU";"ALCANÇOU"
"MG";"314410";"Muzambinho";"ALCANÇOU";"ALCANÇOU";;"NÃO ALCANÇOU";"ALCANÇOU";"NÃO ALCANÇOU";"ALCANÇOU";"ALCANÇOU"
"MG";"314015";"Mário Campos";"ALCANÇOU";"ALCANÇOU";;"NÃO ALCANÇOU";"NÃO ALCANÇOU";"NÃO ALCANÇOU";"NÃO ALCANÇOU";"NÃO ALCANÇOU"
"MG";"314420";"Nacip Raydan";"ALCANÇOU";"ALCANÇOU";;"ALCANÇOU";"ALCANÇOU";"NÃO ALCANÇOU";"ALCANÇOU";"ALCANÇOU"
"MG";"314430";"Nanuque";"NÃO ALCANÇOU";"ALCANÇOU";;"NÃO ALCANÇOU";"ALCANÇOU";"NÃO ALCANÇOU";"ALCANÇOU";"NÃO ALCANÇOU"
"MG";"314435";"Naque";"ALCANÇOU";"ALCANÇOU";;"NÃO ALCANÇOU";"NÃO ALCANÇOU";"NÃO ALCANÇOU";"ALCANÇOU";"NÃO ALCANÇOU"
"MG";"314437";"Natalândia";"NÃO ALCANÇOU";"ALCANÇOU";;"ALCANÇOU";"NÃO ALCANÇOU";"NÃO ALCANÇOU";"ALCANÇOU";"ALCANÇOU"
"MG";"314440";"Natércia";"ALCANÇOU";"ALCANÇOU";;"ALCANÇOU";"NÃO ALCANÇOU";"NÃO ALCANÇOU";"ALCANÇOU";"ALCANÇOU"
"MG";"314450";"Nazareno";"ALCANÇOU";"ALCANÇOU";;"NÃO ALCANÇOU";"NÃO ALCANÇOU";"NÃO ALCANÇOU";"NÃO ALCANÇOU";"NÃO ALCANÇOU"
"MG";"314460";"Nepomuceno";"ALCANÇOU";"ALCANÇOU";;"ALCANÇOU";"NÃO ALCANÇOU";"NÃO ALCANÇOU";"ALCANÇOU";"ALCANÇOU"
"MG";"314465";"Ninheira";"ALCANÇOU";"ALCANÇOU";;"NÃO ALCANÇOU";"NÃO ALCANÇOU";"NÃO ALCANÇOU";"ALCANÇOU";"NÃO ALCANÇOU"
"MG";"314467";"Nova Belém";"NÃO ALCANÇOU";"ALCANÇOU";;"ALCANÇOU";"ALCANÇOU";"NÃO ALCANÇOU";"ALCANÇOU";"ALCANÇOU"
"MG";"314470";"Nova Era";"ALCANÇOU";"ALCANÇOU";;"NÃO ALCANÇOU";"NÃO ALCANÇOU";"NÃO ALCANÇOU";"ALCANÇOU";"NÃO ALCANÇOU"
"MG";"314480";"Nova Lima";"NÃO ALCANÇOU";"ALCANÇOU";;"NÃO ALCANÇOU";"ALCANÇOU";"ALCANÇOU";"NÃO ALCANÇOU";"ALCANÇOU"
"MG";"314490";"Nova Módica";"ALCANÇOU";"ALCANÇOU";;"ALCANÇOU";"NÃO ALCANÇOU";"NÃO ALCANÇOU";"ALCANÇOU";"ALCANÇOU"
"MG";"314500";"Nova Ponte";"ALCANÇOU";"NÃO ALCANÇOU";;"ALCANÇOU";"NÃO ALCANÇOU";"NÃO ALCANÇOU";"NÃO ALCANÇOU";"ALCANÇOU"
"MG";"314505";"Nova Porteirinha";"ALCANÇOU";"ALCANÇOU";;"NÃO ALCANÇOU";"NÃO ALCANÇOU";"NÃO ALCANÇOU";"ALCANÇOU";"ALCANÇOU"
"MG";"314510";"Nova Resende";"NÃO ALCANÇOU";"ALCANÇOU";;"NÃO ALCANÇOU";"NÃO ALCANÇOU";"NÃO ALCANÇOU";"ALCANÇOU";"ALCANÇOU"
"MG";"314520";"Nova Serrana";"ALCANÇOU";"ALCANÇOU";;"NÃO ALCANÇOU";"NÃO ALCANÇOU";"NÃO ALCANÇOU";"ALCANÇOU";"ALCANÇOU"
"MG";"313660";"Nova União";"ALCANÇOU";"ALCANÇOU";;"NÃO ALCANÇOU";"NÃO ALCANÇOU";"NÃO ALCANÇOU";"ALCANÇOU";"NÃO ALCANÇOU"
"MG";"314530";"Novo Cruzeiro";"ALCANÇOU";"ALCANÇOU";;"NÃO ALCANÇOU";"ALCANÇOU";"NÃO ALCANÇOU";"ALCANÇOU";"ALCANÇOU"
"MG";"314535";"Novo Oriente de Minas";"NÃO ALCANÇOU";"ALCANÇOU";;"NÃO ALCANÇOU";"NÃO ALCANÇOU";"NÃO ALCANÇOU";"ALCANÇOU";"ALCANÇOU"
"MG";"314537";"Novorizonte";"ALCANÇOU";"ALCANÇOU";;"ALCANÇOU";"NÃO ALCANÇOU";"ALCANÇOU";"ALCANÇOU";"ALCANÇOU"
"MG";"314540";"Olaria";"NÃO ALCANÇOU";"ALCANÇOU";;"ALCANÇOU";"NÃO ALCANÇOU";"NÃO ALCANÇOU";"ALCANÇOU";"NÃO ALCANÇOU"
"MG";"314545";"Olhos-d'Água";"ALCANÇOU";"ALCANÇOU";;"ALCANÇOU";"NÃO ALCANÇOU";"NÃO ALCANÇOU";"ALCANÇOU";
"MG";"314545";"Olhos-dÁgua";;;;;;;;"ALCANÇOU"
"MG";"314560";"Oliveira";"ALCANÇOU";"ALCANÇOU";;"NÃO ALCANÇOU";"NÃO ALCANÇOU";"NÃO ALCANÇOU";"NÃO ALCANÇOU";"ALCANÇOU"
"MG";"314570";"Oliveira Fortes";"ALCANÇOU";"ALCANÇOU";;"ALCANÇOU";"NÃO ALCANÇOU";"NÃO ALCANÇOU";"ALCANÇOU";"NÃO ALCANÇOU"
"MG";"314550";"Olímpio Noronha";"ALCANÇOU";"ALCANÇOU";;"ALCANÇOU";"NÃO ALCANÇOU";"NÃO ALCANÇOU";"ALCANÇOU";"ALCANÇOU"
"MG";"314580";"Onça de Pitangui";"ALCANÇOU";"ALCANÇOU";;"NÃO ALCANÇOU";"NÃO ALCANÇOU";"NÃO ALCANÇOU";"ALCANÇOU";"ALCANÇOU"
"MG";"314585";"Oratórios";"ALCANÇOU";"ALCANÇOU";;"NÃO ALCANÇOU";"NÃO ALCANÇOU";"NÃO ALCANÇOU";"NÃO ALCANÇOU";"ALCANÇOU"
"MG";"314587";"Orizânia";"ALCANÇOU";"ALCANÇOU";;"NÃO ALCANÇOU";"NÃO ALCANÇOU";"NÃO ALCANÇOU";"NÃO ALCANÇOU";"ALCANÇOU"
"MG";"314590";"Ouro Branco";"ALCANÇOU";"ALCANÇOU";;"NÃO ALCANÇOU";"NÃO ALCANÇOU";"ALCANÇOU";"ALCANÇOU";"NÃO ALCANÇOU"
"MG";"314600";"Ouro Fino";"ALCANÇOU";"NÃO ALCANÇOU";;"NÃO ALCANÇOU";"NÃO ALCANÇOU";"NÃO ALCANÇOU";"ALCANÇOU";"NÃO ALCANÇOU"
"MG";"314610";"Ouro Preto";"ALCANÇOU";"ALCANÇOU";;"ALCANÇOU";"ALCANÇOU";"ALCANÇOU";"NÃO ALCANÇOU";"ALCANÇOU"
"MG";"314620";"Ouro Verde de Minas";"ALCANÇOU";"ALCANÇOU";;"ALCANÇOU";"NÃO ALCANÇOU";"NÃO ALCANÇOU";"ALCANÇOU";"ALCANÇOU"
"MG";"314625";"Padre Carvalho";"ALCANÇOU";"ALCANÇOU";;"ALCANÇOU";"NÃO ALCANÇOU";"NÃO ALCANÇOU";"ALCANÇOU";"NÃO ALCANÇOU"
"MG";"314630";"Padre Paraíso";"NÃO ALCANÇOU";"ALCANÇOU";;"ALCANÇOU";"NÃO ALCANÇOU";"NÃO ALCANÇOU";"ALCANÇOU";"ALCANÇOU"
"MG";"314655";"Pai Pedro";"ALCANÇOU";"ALCANÇOU";;"ALCANÇOU";"NÃO ALCANÇOU";"NÃO ALCANÇOU";"ALCANÇOU";"ALCANÇOU"
"MG";"314640";"Paineiras";"NÃO ALCANÇOU";"ALCANÇOU";;"ALCANÇOU";"NÃO ALCANÇOU";"NÃO ALCANÇOU";"ALCANÇOU";"ALCANÇOU"
"MG";"314650";"Pains";"ALCANÇOU";"NÃO ALCANÇOU";;"NÃO ALCANÇOU";"NÃO ALCANÇOU";"NÃO ALCANÇOU";"ALCANÇOU";"ALCANÇOU"
"MG";"314660";"Paiva";"ALCANÇOU";"ALCANÇOU";;"NÃO ALCANÇOU";"NÃO ALCANÇOU";"NÃO ALCANÇOU";"ALCANÇOU";"ALCANÇOU"
"MG";"314670";"Palma";"NÃO ALCANÇOU";"NÃO ALCANÇOU";;"NÃO ALCANÇOU";"NÃO ALCANÇOU";"ALCANÇOU";"NÃO ALCANÇOU";"ALCANÇOU"
"MG";"314675";"Palmópolis";"NÃO ALCANÇOU";"ALCANÇOU";;"ALCANÇOU";"NÃO ALCANÇOU";"NÃO ALCANÇOU";"ALCANÇOU";"NÃO ALCANÇOU"
"MG";"314690";"Papagaios";"NÃO ALCANÇOU";"NÃO ALCANÇOU";;"ALCANÇOU";"NÃO ALCANÇOU";"NÃO ALCANÇOU";"ALCANÇOU";"ALCANÇOU"
"MG";"314700";"Paracatu";"ALCANÇOU";"ALCANÇOU";;"NÃO ALCANÇOU";"NÃO ALCANÇOU";"NÃO ALCANÇOU";"NÃO ALCANÇOU";"ALCANÇOU"
"MG";"314720";"Paraguaçu";"ALCANÇOU";"ALCANÇOU";;"NÃO ALCANÇOU";"ALCANÇOU";"NÃO ALCANÇOU";"ALCANÇOU";"ALCANÇOU"
"MG";"314730";"Paraisópolis";"NÃO ALCANÇOU";"ALCANÇOU";;"NÃO ALCANÇOU";"ALCANÇOU";"NÃO ALCANÇOU";"ALCANÇOU";"ALCANÇOU"
"MG";"314740";"Paraopeba";"NÃO ALCANÇOU";"ALCANÇOU";;"NÃO ALCANÇOU";"NÃO ALCANÇOU";"NÃO ALCANÇOU";"NÃO ALCANÇOU";"ALCANÇOU"
"MG";"314710";"Pará de Minas";"ALCANÇOU";"ALCANÇOU";;"NÃO ALCANÇOU";"NÃO ALCANÇOU";"ALCANÇOU";"NÃO ALCANÇOU";"ALCANÇOU"
"MG";"314760";"Passa Quatro";"NÃO ALCANÇOU";"ALCANÇOU";;"NÃO ALCANÇOU";"NÃO ALCANÇOU";"NÃO ALCANÇOU";"NÃO ALCANÇOU";"ALCANÇOU"
"MG";"314770";"Passa Tempo";"ALCANÇOU";"NÃO ALCANÇOU";;"NÃO ALCANÇOU";"NÃO ALCANÇOU";"NÃO ALCANÇOU";"ALCANÇOU";"ALCANÇOU"
"MG";"314780";"Passa Vinte";;;;"ALCANÇOU";;;;
"MG";"314780";"Passa-Vinte";"ALCANÇOU";"ALCANÇOU";;;"NÃO ALCANÇOU";"ALCANÇOU";"ALCANÇOU";"ALCANÇOU"
"MG";"314750";"Passabém";"NÃO ALCANÇOU";"NÃO ALCANÇOU";;"NÃO ALCANÇOU";"NÃO ALCANÇOU";"NÃO ALCANÇOU";"ALCANÇOU";"ALCANÇOU"
"MG";"314790";"Passos";"NÃO ALCANÇOU";"ALCANÇOU";;"NÃO ALCANÇOU";"ALCANÇOU";"ALCANÇOU";"ALCANÇOU";"ALCANÇOU"
"MG";"314795";"Patis";"ALCANÇOU";"NÃO ALCANÇOU";;"ALCANÇOU";"NÃO ALCANÇOU";"NÃO ALCANÇOU";"ALCANÇOU";"NÃO ALCANÇOU"
"MG";"314800";"Patos de Minas";"ALCANÇOU";"ALCANÇOU";;"NÃO ALCANÇOU";"ALCANÇOU";"ALCANÇOU";"NÃO ALCANÇOU";"ALCANÇOU"
"MG";"314810";"Patrocínio";"ALCANÇOU";"ALCANÇOU";;"NÃO ALCANÇOU";"ALCANÇOU";"NÃO ALCANÇOU";"ALCANÇOU";"ALCANÇOU"
"MG";"314820";"Patrocínio do Muriaé";"ALCANÇOU";"ALCANÇOU";;"ALCANÇOU";"NÃO ALCANÇOU";"NÃO ALCANÇOU";"ALCANÇOU";"ALCANÇOU"
"MG";"314830";"Paula Cândido";"ALCANÇOU";"NÃO ALCANÇOU";;"NÃO ALCANÇOU";"NÃO ALCANÇOU";"ALCANÇOU";"ALCANÇOU";"ALCANÇOU"
"MG";"314840";"Paulistas";"ALCANÇOU";"ALCANÇOU";;"ALCANÇOU";"ALCANÇOU";"NÃO ALCANÇOU";"ALCANÇOU";"ALCANÇOU"
"MG";"314850";"Pavão";"NÃO ALCANÇOU";"NÃO ALCANÇOU";;"NÃO ALCANÇOU";"NÃO ALCANÇOU";"NÃO ALCANÇOU";"ALCANÇOU";"ALCANÇOU"
"MG";"314870";"Pedra Azul";"ALCANÇOU";"ALCANÇOU";;"NÃO ALCANÇOU";"NÃO ALCANÇOU";"NÃO ALCANÇOU";"ALCANÇOU";"ALCANÇOU"
"MG";"314875";"Pedra Bonita";"ALCANÇOU";"ALCANÇOU";;"NÃO ALCANÇOU";"NÃO ALCANÇOU";"NÃO ALCANÇOU";"ALCANÇOU";"ALCANÇOU"
"MG";"314900";"Pedra Dourada";"ALCANÇOU";"ALCANÇOU";;"NÃO ALCANÇOU";"NÃO ALCANÇOU";"NÃO ALCANÇOU";"NÃO ALCANÇOU";"ALCANÇOU"
"MG";"314880";"Pedra do Anta";"NÃO ALCANÇOU";"NÃO ALCANÇOU";;"NÃO ALCANÇOU";"NÃO ALCANÇOU";"NÃO ALCANÇOU";"ALCANÇOU";"ALCANÇOU"
"MG";"314890";"Pedra do Indaiá";"ALCANÇOU";"ALCANÇOU";;"NÃO ALCANÇOU";"NÃO ALCANÇOU";"NÃO ALCANÇOU";"ALCANÇOU";"NÃO ALCANÇOU"
"MG";"314910";"Pedralva";"ALCANÇOU";"ALCANÇOU";;"ALCANÇOU";"NÃO ALCANÇOU";"ALCANÇOU";"ALCANÇOU";"ALCANÇOU"
"MG";"314915";"Pedras de Maria da Cruz";"ALCANÇOU";"ALCANÇOU";;"NÃO ALCANÇOU";"NÃO ALCANÇOU";"NÃO ALCANÇOU";"ALCANÇOU";"ALCANÇOU"
"MG";"314920";"Pedrinópolis";"ALCANÇOU";"ALCANÇOU";;"NÃO ALCANÇOU";"ALCANÇOU";"ALCANÇOU";"ALCANÇOU";"ALCANÇOU"
"MG";"314930";"Pedro Leopoldo";"ALCANÇOU";"ALCANÇOU";;"NÃO ALCANÇOU";"NÃO ALCANÇOU";"ALCANÇOU";"ALCANÇOU";"ALCANÇOU"
"MG";"314940";"Pedro Teixeira";"NÃO ALCANÇOU";"ALCANÇOU";;"NÃO ALCANÇOU";"NÃO ALCANÇOU";"NÃO ALCANÇOU";"ALCANÇOU";"ALCANÇOU"
"MG";"314950";"Pequeri";"ALCANÇOU";"ALCANÇOU";;"NÃO ALCANÇOU";"NÃO ALCANÇOU";"ALCANÇOU";"ALCANÇOU";"ALCANÇOU"
"MG";"314960";"Pequi";"ALCANÇOU";"ALCANÇOU";;"ALCANÇOU";"NÃO ALCANÇOU";"NÃO ALCANÇOU";"ALCANÇOU";"ALCANÇOU"
"MG";"314970";"Perdigão";"ALCANÇOU";"ALCANÇOU";;"ALCANÇOU";"NÃO ALCANÇOU";"NÃO ALCANÇOU";"ALCANÇOU";"ALCANÇOU"
"MG";"314980";"Perdizes";"ALCANÇOU";"NÃO ALCANÇOU";;"ALCANÇOU";"ALCANÇOU";"NÃO ALCANÇOU";"ALCANÇOU";"ALCANÇOU"
"MG";"314990";"Perdões";"ALCANÇOU";"ALCANÇOU";;"ALCANÇOU";"NÃO ALCANÇOU";"ALCANÇOU";"ALCANÇOU";"NÃO ALCANÇOU"
"MG";"314995";"Periquito";"ALCANÇOU";"ALCANÇOU";;"NÃO ALCANÇOU";"NÃO ALCANÇOU";"NÃO ALCANÇOU";"ALCANÇOU";"NÃO ALCANÇOU"
"MG";"315000";"Pescador";"NÃO ALCANÇOU";"ALCANÇOU";;"ALCANÇOU";"ALCANÇOU";"NÃO ALCANÇOU";"NÃO ALCANÇOU";"ALCANÇOU"
"MG";"314860";"Peçanha";"ALCANÇOU";"ALCANÇOU";;"ALCANÇOU";"NÃO ALCANÇOU";"ALCANÇOU";"ALCANÇOU";"ALCANÇOU"
"MG";"315010";"Piau";"ALCANÇOU";"ALCANÇOU";;"NÃO ALCANÇOU";"NÃO ALCANÇOU";"NÃO ALCANÇOU";"ALCANÇOU";"ALCANÇOU"
"MG";"315015";"Piedade de Caratinga";"ALCANÇOU";"ALCANÇOU";;"NÃO ALCANÇOU";"NÃO ALCANÇOU";"ALCANÇOU";"ALCANÇOU";"ALCANÇOU"
"MG";"315020";"Piedade de Ponte Nova";"ALCANÇOU";"ALCANÇOU";;"ALCANÇOU";"NÃO ALCANÇOU";"NÃO ALCANÇOU";"ALCANÇOU";"NÃO ALCANÇOU"
"MG";"315030";"Piedade do Rio Grande";"ALCANÇOU";"ALCANÇOU";;"ALCANÇOU";"NÃO ALCANÇOU";"NÃO ALCANÇOU";"ALCANÇOU";"ALCANÇOU"
"MG";"315040";"Piedade dos Gerais";"ALCANÇOU";"ALCANÇOU";;"NÃO ALCANÇOU";"NÃO ALCANÇOU";"ALCANÇOU";"ALCANÇOU";"NÃO ALCANÇOU"
"MG";"315050";"Pimenta";"ALCANÇOU";"ALCANÇOU";;"NÃO ALCANÇOU";"NÃO ALCANÇOU";"NÃO ALCANÇOU";"ALCANÇOU";"ALCANÇOU"
"MG";"315053";"Pingo d'Água";;;;"ALCANÇOU";;;;
"MG";"315053";"Pingo-d'Água";"ALCANÇOU";"ALCANÇOU";;;"NÃO ALCANÇOU";"NÃO ALCANÇOU";"ALCANÇOU";
"MG";"315053";"Pingo-dÁgua";;;;;;;;"ALCANÇOU"
"MG";"315057";"Pintópolis";"ALCANÇOU";"ALCANÇOU";;"ALCANÇOU";"NÃO ALCANÇOU";"ALCANÇOU";"ALCANÇOU";"ALCANÇOU"
"MG";"315060";"Piracema";"ALCANÇOU";"ALCANÇOU";;"ALCANÇOU";"NÃO ALCANÇOU";"NÃO ALCANÇOU";"ALCANÇOU";"ALCANÇOU"
"MG";"315070";"Pirajuba";"ALCANÇOU";"ALCANÇOU";;"ALCANÇOU";"NÃO ALCANÇOU";"ALCANÇOU";"ALCANÇOU";"ALCANÇOU"
"MG";"315080";"Piranga";"NÃO ALCANÇOU";"NÃO ALCANÇOU";;"ALCANÇOU";"NÃO ALCANÇOU";"ALCANÇOU";"ALCANÇOU";"ALCANÇOU"
"MG";"315100";"Piranguinho";"ALCANÇOU";"ALCANÇOU";;"NÃO ALCANÇOU";"NÃO ALCANÇOU";"NÃO ALCANÇOU";"ALCANÇOU";"ALCANÇOU"
"MG";"315090";"Piranguçu";"ALCANÇOU";"ALCANÇOU";;"ALCANÇOU";"ALCANÇOU";"NÃO ALCANÇOU";"ALCANÇOU";"NÃO ALCANÇOU"
"MG";"315110";"Pirapetinga";"NÃO ALCANÇOU";"ALCANÇOU";;"NÃO ALCANÇOU";"NÃO ALCANÇOU";"NÃO ALCANÇOU";"ALCANÇOU";"ALCANÇOU"
"MG";"315120";"Pirapora";"ALCANÇOU";"ALCANÇOU";;"NÃO ALCANÇOU";"NÃO ALCANÇOU";"NÃO ALCANÇOU";"ALCANÇOU";"ALCANÇOU"
"MG";"315130";"Piraúba";"ALCANÇOU";"ALCANÇOU";;"ALCANÇOU";"NÃO ALCANÇOU";"NÃO ALCANÇOU";"ALCANÇOU";"ALCANÇOU"
"MG";"315140";"Pitangui";"ALCANÇOU";"ALCANÇOU";;"NÃO ALCANÇOU";"NÃO ALCANÇOU";"NÃO ALCANÇOU";"ALCANÇOU";"NÃO ALCANÇOU"
"MG";"315150";"Piumhi";"ALCANÇOU";"ALCANÇOU";;"NÃO ALCANÇOU";"NÃO ALCANÇOU";"ALCANÇOU";"ALCANÇOU";"ALCANÇOU"
"MG";"315160";"Planura";"ALCANÇOU";"ALCANÇOU";;"NÃO ALCANÇOU";"NÃO ALCANÇOU";"NÃO ALCANÇOU";"ALCANÇOU";"ALCANÇOU"
"MG";"315190";"Pocrane";"ALCANÇOU";"ALCANÇOU";;"ALCANÇOU";"NÃO ALCANÇOU";"NÃO ALCANÇOU";"ALCANÇOU";"ALCANÇOU"
"MG";"315200";"Pompéu";"ALCANÇOU";"ALCANÇOU";;"ALCANÇOU";"NÃO ALCANÇOU";"NÃO ALCANÇOU";"ALCANÇOU";"NÃO ALCANÇOU"
"MG";"315210";"Ponte Nova";"ALCANÇOU";"ALCANÇOU";;"NÃO ALCANÇOU";"ALCANÇOU";"ALCANÇOU";"ALCANÇOU";"ALCANÇOU"
"MG";"315213";"Ponto Chique";"ALCANÇOU";"ALCANÇOU";;"ALCANÇOU";"NÃO ALCANÇOU";"NÃO ALCANÇOU";"ALCANÇOU";"ALCANÇOU"
"MG";"315217";"Ponto dos Volantes";"ALCANÇOU";"ALCANÇOU";;"NÃO ALCANÇOU";"NÃO ALCANÇOU";"NÃO ALCANÇOU";"NÃO ALCANÇOU";"ALCANÇOU"
"MG";"315220";"Porteirinha";"ALCANÇOU";"ALCANÇOU";;"NÃO ALCANÇOU";"NÃO ALCANÇOU";"NÃO ALCANÇOU";"ALCANÇOU";"ALCANÇOU"
"MG";"315230";"Porto Firme";"ALCANÇOU";"NÃO ALCANÇOU";;"ALCANÇOU";"NÃO ALCANÇOU";"NÃO ALCANÇOU";"ALCANÇOU";"ALCANÇOU"
"MG";"315240";"Poté";"ALCANÇOU";"NÃO ALCANÇOU";;"ALCANÇOU";"NÃO ALCANÇOU";"NÃO ALCANÇOU";"ALCANÇOU";"ALCANÇOU"
"MG";"315250";"Pouso Alegre";"ALCANÇOU";"ALCANÇOU";;"NÃO ALCANÇOU";"ALCANÇOU";"ALCANÇOU";"ALCANÇOU";"NÃO ALCANÇOU"
"MG";"315260";"Pouso Alto";"ALCANÇOU";"ALCANÇOU";;"NÃO ALCANÇOU";"NÃO ALCANÇOU";"NÃO ALCANÇOU";"ALCANÇOU";"ALCANÇOU"
"MG";"315170";"Poço Fundo";"ALCANÇOU";"ALCANÇOU";;"ALCANÇOU";"NÃO ALCANÇOU";"ALCANÇOU";"ALCANÇOU";"ALCANÇOU"
"MG";"315180";"Poços de Caldas";"ALCANÇOU";"ALCANÇOU";;"NÃO ALCANÇOU";"NÃO ALCANÇOU";"ALCANÇOU";"ALCANÇOU";"ALCANÇOU"
"MG";"315270";"Prados";"ALCANÇOU";"ALCANÇOU";;"NÃO ALCANÇOU";"NÃO ALCANÇOU";"NÃO ALCANÇOU";"ALCANÇOU";"ALCANÇOU"
"MG";"315280";"Prata";"NÃO ALCANÇOU";"NÃO ALCANÇOU";;"NÃO ALCANÇOU";"NÃO ALCANÇOU";"ALCANÇOU";"ALCANÇOU";"ALCANÇOU"
"MG";"315300";"Pratinha";"ALCANÇOU";"ALCANÇOU";;"ALCANÇOU";"ALCANÇOU";"NÃO ALCANÇOU";"ALCANÇOU";"ALCANÇOU"
"MG";"315290";"Pratápolis";"NÃO ALCANÇOU";"ALCANÇOU";;"NÃO ALCANÇOU";"NÃO ALCANÇOU";"NÃO ALCANÇOU";"ALCANÇOU";"ALCANÇOU"
"MG";"315310";"Presidente Bernardes";"ALCANÇOU";"NÃO ALCANÇOU";;"ALCANÇOU";"ALCANÇOU";"NÃO ALCANÇOU";"ALCANÇOU";"ALCANÇOU"
"MG";"315320";"Presidente Juscelino";"ALCANÇOU";"NÃO ALCANÇOU";;"ALCANÇOU";"ALCANÇOU";"NÃO ALCANÇOU";"ALCANÇOU";"NÃO ALCANÇOU"
"MG";"315330";"Presidente Kubitschek";"ALCANÇOU";"ALCANÇOU";;"ALCANÇOU";"NÃO ALCANÇOU";"NÃO ALCANÇOU";"ALCANÇOU";"NÃO ALCANÇOU"
"MG";"315340";"Presidente Olegário";"ALCANÇOU";"ALCANÇOU";;"ALCANÇOU";"ALCANÇOU";"NÃO ALCANÇOU";"ALCANÇOU";"ALCANÇOU"
"MG";"315360";"Prudente de Morais";"NÃO ALCANÇOU";"ALCANÇOU";;"ALCANÇOU";"NÃO ALCANÇOU";"NÃO ALCANÇOU";"ALCANÇOU";"ALCANÇOU"
"MG";"315370";"Quartel Geral";"NÃO ALCANÇOU";"ALCANÇOU";;"NÃO ALCANÇOU";"NÃO ALCANÇOU";"NÃO ALCANÇOU";"ALCANÇOU";"NÃO ALCANÇOU"
"MG";"315380";"Queluzito";"ALCANÇOU";"NÃO ALCANÇOU";;"NÃO ALCANÇOU";"NÃO ALCANÇOU";"NÃO ALCANÇOU";"ALCANÇOU";"ALCANÇOU"
"MG";"315390";"Raposos";"ALCANÇOU";"ALCANÇOU";;"NÃO ALCANÇOU";"NÃO ALCANÇOU";"NÃO ALCANÇOU";"ALCANÇOU";"ALCANÇOU"
"MG";"315400";"Raul Soares";"ALCANÇOU";"NÃO ALCANÇOU";;"NÃO ALCANÇOU";"NÃO ALCANÇOU";"NÃO ALCANÇOU";"ALCANÇOU";"ALCANÇOU"
"MG";"315410";"Recreio";"ALCANÇOU";"NÃO ALCANÇOU";;"NÃO ALCANÇOU";"NÃO ALCANÇOU";"NÃO ALCANÇOU";"ALCANÇOU";"ALCANÇOU"
"MG";"315415";"Reduto";"ALCANÇOU";"ALCANÇOU";;"NÃO ALCANÇOU";"NÃO ALCANÇOU";"NÃO ALCANÇOU";"ALCANÇOU";"NÃO ALCANÇOU"
"MG";"315420";"Resende Costa";"ALCANÇOU";"ALCANÇOU";;"NÃO ALCANÇOU";"NÃO ALCANÇOU";"NÃO ALCANÇOU";"ALCANÇOU";"ALCANÇOU"
"MG";"315430";"Resplendor";"ALCANÇOU";"ALCANÇOU";;"NÃO ALCANÇOU";"NÃO ALCANÇOU";"NÃO ALCANÇOU";"ALCANÇOU";"ALCANÇOU"
"MG";"315440";"Ressaquinha";"ALCANÇOU";"ALCANÇOU";;"NÃO ALCANÇOU";"NÃO ALCANÇOU";"NÃO ALCANÇOU";"ALCANÇOU";"ALCANÇOU"
"MG";"315445";"Riachinho";"ALCANÇOU";"ALCANÇOU";;"ALCANÇOU";"NÃO ALCANÇOU";"NÃO ALCANÇOU";"ALCANÇOU";"ALCANÇOU"
"MG";"315450";"Riacho dos Machados";"ALCANÇOU";"ALCANÇOU";;"NÃO ALCANÇOU";"ALCANÇOU";"NÃO ALCANÇOU";"ALCANÇOU";"ALCANÇOU"
"MG";"315470";"Ribeirão Vermelho";"ALCANÇOU";"NÃO ALCANÇOU";;"ALCANÇOU";"NÃO ALCANÇOU";"NÃO ALCANÇOU";"ALCANÇOU";"NÃO ALCANÇOU"
"MG";"315460";"Ribeirão das Neves";"ALCANÇOU";"ALCANÇOU";;"NÃO ALCANÇOU";"NÃO ALCANÇOU";"ALCANÇOU";"NÃO ALCANÇOU";"ALCANÇOU"
"MG";"315480";"Rio Acima";"ALCANÇOU";"ALCANÇOU";;"ALCANÇOU";"NÃO ALCANÇOU";"NÃO ALCANÇOU";"ALCANÇOU";"NÃO ALCANÇOU"
"MG";"315490";"Rio Casca";"ALCANÇOU";"ALCANÇOU";;"ALCANÇOU";"NÃO ALCANÇOU";"NÃO ALCANÇOU";"ALCANÇOU";"ALCANÇOU"
"MG";"315500";"Rio Doce";"NÃO ALCANÇOU";"NÃO ALCANÇOU";;"NÃO ALCANÇOU";"NÃO ALCANÇOU";"NÃO ALCANÇOU";"ALCANÇOU";"ALCANÇOU"
"MG";"315520";"Rio Espera";"NÃO ALCANÇOU";"ALCANÇOU";;"NÃO ALCANÇOU";"NÃO ALCANÇOU";"NÃO ALCANÇOU";"NÃO ALCANÇOU";"ALCANÇOU"
"MG";"315530";"Rio Manso";"NÃO ALCANÇOU";"NÃO ALCANÇOU";;"NÃO ALCANÇOU";"NÃO ALCANÇOU";"ALCANÇOU";"ALCANÇOU";"NÃO ALCANÇOU"
"MG";"315540";"Rio Novo";"ALCANÇOU";"NÃO ALCANÇOU";;"NÃO ALCANÇOU";"NÃO ALCANÇOU";"NÃO ALCANÇOU";"ALCANÇOU";"NÃO ALCANÇOU"
"MG";"315550";"Rio Paranaíba";"ALCANÇOU";"ALCANÇOU";;"ALCANÇOU";"NÃO ALCANÇOU";"NÃO ALCANÇOU";"ALCANÇOU";"ALCANÇOU"
"MG";"315560";"Rio Pardo de Minas";"ALCANÇOU";"ALCANÇOU";;"ALCANÇOU";"NÃO ALCANÇOU";"NÃO ALCANÇOU";"ALCANÇOU";"ALCANÇOU"
"MG";"315570";"Rio Piracicaba";"ALCANÇOU";"ALCANÇOU";;"NÃO ALCANÇOU";"NÃO ALCANÇOU";"NÃO ALCANÇOU";"ALCANÇOU";"NÃO ALCANÇOU"
"MG";"315580";"Rio Pomba";"NÃO ALCANÇOU";"NÃO ALCANÇOU";;"NÃO ALCANÇOU";"NÃO ALCANÇOU";"NÃO ALCANÇOU";"ALCANÇOU";"ALCANÇOU"
"MG";"315590";"Rio Preto";"ALCANÇOU";"ALCANÇOU";;"ALCANÇOU";"NÃO ALCANÇOU";"NÃO ALCANÇOU";"ALCANÇOU";"NÃO ALCANÇOU"
"MG";"315600";"Rio Vermelho";"NÃO ALCANÇOU";"NÃO ALCANÇOU";;"NÃO ALCANÇOU";"NÃO ALCANÇOU";"NÃO ALCANÇOU";"ALCANÇOU";"NÃO ALCANÇOU"
"MG";"315510";"Rio do Prado";"NÃO ALCANÇOU";"ALCANÇOU";;"NÃO ALCANÇOU";"NÃO ALCANÇOU";"NÃO ALCANÇOU";"ALCANÇOU";"NÃO ALCANÇOU"
"MG";"315610";"Ritápolis";"NÃO ALCANÇOU";"ALCANÇOU";;"NÃO ALCANÇOU";"NÃO ALCANÇOU";"NÃO ALCANÇOU";"ALCANÇOU";"NÃO ALCANÇOU"
"MG";"315620";"Rochedo de Minas";"ALCANÇOU";"ALCANÇOU";;"NÃO ALCANÇOU";"NÃO ALCANÇOU";"NÃO ALCANÇOU";"ALCANÇOU";"NÃO ALCANÇOU"
"MG";"315630";"Rodeiro";"ALCANÇOU";"ALCANÇOU";;"ALCANÇOU";"NÃO ALCANÇOU";"NÃO ALCANÇOU";"ALCANÇOU";"ALCANÇOU"
"MG";"315640";"Romaria";"NÃO ALCANÇOU";"ALCANÇOU";;"ALCANÇOU";"NÃO ALCANÇOU";"NÃO ALCANÇOU";"ALCANÇOU";"NÃO ALCANÇOU"
"MG";"315645";"Rosário da Limeira";"ALCANÇOU";"ALCANÇOU";;"NÃO ALCANÇOU";"NÃO ALCANÇOU";"NÃO ALCANÇOU";"ALCANÇOU";"ALCANÇOU"
"MG";"315650";"Rubelita";"ALCANÇOU";"ALCANÇOU";;"NÃO ALCANÇOU";"NÃO ALCANÇOU";"ALCANÇOU";"ALCANÇOU";"ALCANÇOU"
"MG";"315660";"Rubim";"NÃO ALCANÇOU";"NÃO ALCANÇOU";;"NÃO ALCANÇOU";"NÃO ALCANÇOU";"ALCANÇOU";"ALCANÇOU";"ALCANÇOU"
"MG";"315670";"Sabará";"ALCANÇOU";"ALCANÇOU";;"NÃO ALCANÇOU";"NÃO ALCANÇOU";"ALCANÇOU";"ALCANÇOU";"NÃO ALCANÇOU"
"MG";"315680";"Sabinópolis";"NÃO ALCANÇOU";"ALCANÇOU";;"NÃO ALCANÇOU";"NÃO ALCANÇOU";"NÃO ALCANÇOU";"ALCANÇOU";"ALCANÇOU"
"MG";"315690";"Sacramento";"ALCANÇOU";"ALCANÇOU";;"NÃO ALCANÇOU";"NÃO ALCANÇOU";"ALCANÇOU";"NÃO ALCANÇOU";"ALCANÇOU"
"MG";"315700";"Salinas";"ALCANÇOU";"ALCANÇOU";;"NÃO ALCANÇOU";"NÃO ALCANÇOU";"NÃO ALCANÇOU";"NÃO ALCANÇOU";"ALCANÇOU"
"MG";"315710";"Salto da Divisa";"ALCANÇOU";"ALCANÇOU";;"NÃO ALCANÇOU";"NÃO ALCANÇOU";"NÃO ALCANÇOU";"NÃO ALCANÇOU";"ALCANÇOU"
"MG";"315720";"Santa Bárbara";"ALCANÇOU";"ALCANÇOU";;"ALCANÇOU";"NÃO ALCANÇOU";"ALCANÇOU";"NÃO ALCANÇOU";"ALCANÇOU"
"MG";"315725";"Santa Bárbara do Leste";"ALCANÇOU";"ALCANÇOU";;"ALCANÇOU";"NÃO ALCANÇOU";"NÃO ALCANÇOU";"ALCANÇOU";"ALCANÇOU"
"MG";"315727";"Santa Bárbara do Monte Verde";"ALCANÇOU";"ALCANÇOU";;"NÃO ALCANÇOU";"NÃO ALCANÇOU";"NÃO ALCANÇOU";"ALCANÇOU";"ALCANÇOU"
"MG";"315730";"Santa Bárbara do Tugúrio";"ALCANÇOU";"ALCANÇOU";;"ALCANÇOU";"NÃO ALCANÇOU";"NÃO ALCANÇOU";"ALCANÇOU";"ALCANÇOU"
"MG";"315733";"Santa Cruz de Minas";"ALCANÇOU";"ALCANÇOU";;"NÃO ALCANÇOU";"NÃO ALCANÇOU";"NÃO ALCANÇOU";"ALCANÇOU";"ALCANÇOU"
"MG";"315737";"Santa Cruz de Salinas";"ALCANÇOU";"ALCANÇOU";;"ALCANÇOU";"ALCANÇOU";"NÃO ALCANÇOU";"NÃO ALCANÇOU";"ALCANÇOU"
"MG";"315740";"Santa Cruz do Escalvado";"ALCANÇOU";"NÃO ALCANÇOU";;"ALCANÇOU";"NÃO ALCANÇOU";"NÃO ALCANÇOU";"ALCANÇOU";"ALCANÇOU"
"MG";"315750";"Santa Efigênia de Minas";"NÃO ALCANÇOU";"ALCANÇOU";;"ALCANÇOU";"ALCANÇOU";"NÃO ALCANÇOU";"ALCANÇOU";"ALCANÇOU"
"MG";"315760";"Santa Fé de Minas";"NÃO ALCANÇOU";"ALCANÇOU";;"NÃO ALCANÇOU";"NÃO ALCANÇOU";"NÃO ALCANÇOU";"ALCANÇOU";"ALCANÇOU"
"MG";"315765";"Santa Helena de Minas";"NÃO ALCANÇOU";"ALCANÇOU";;"ALCANÇOU";"ALCANÇOU";"NÃO ALCANÇOU";"ALCANÇOU";"ALCANÇOU"
"MG";"315770";"Santa Juliana";"ALCANÇOU";"ALCANÇOU";;"NÃO ALCANÇOU";"NÃO ALCANÇOU";"NÃO ALCANÇOU";"NÃO ALCANÇOU";"ALCANÇOU"
"MG";"315780";"Santa Luzia";"ALCANÇOU";"ALCANÇOU";;"NÃO ALCANÇOU";"NÃO ALCANÇOU";"NÃO ALCANÇOU";"ALCANÇOU";"NÃO ALCANÇOU"
"MG";"315790";"Santa Margarida";"ALCANÇOU";"ALCANÇOU";;"NÃO ALCANÇOU";"NÃO ALCANÇOU";"NÃO ALCANÇOU";"NÃO ALCANÇOU";"ALCANÇOU"
"MG";"315800";"Santa Maria de Itabira";"ALCANÇOU";"NÃO ALCANÇOU";;"NÃO ALCANÇOU";"NÃO ALCANÇOU";"NÃO ALCANÇOU";"ALCANÇOU";"NÃO ALCANÇOU"
"MG";"315810";"Santa Maria do Salto";"NÃO ALCANÇOU";"NÃO ALCANÇOU";;"NÃO ALCANÇOU";"NÃO ALCANÇOU";"ALCANÇOU";"ALCANÇOU";"ALCANÇOU"
"MG";"315820";"Santa Maria do Suaçuí";"ALCANÇOU";"ALCANÇOU";;"NÃO ALCANÇOU";"ALCANÇOU";"NÃO ALCANÇOU";"NÃO ALCANÇOU";"ALCANÇOU"
"MG";"315920";"Santa Rita de Caldas";"NÃO ALCANÇOU";"ALCANÇOU";;"ALCANÇOU";"NÃO ALCANÇOU";"NÃO ALCANÇOU";"ALCANÇOU";"ALCANÇOU"
"MG";"315940";"Santa Rita de Ibitipoca";"NÃO ALCANÇOU";"ALCANÇOU";;"ALCANÇOU";"NÃO ALCANÇOU";"NÃO ALCANÇOU";"ALCANÇOU";"NÃO ALCANÇOU"
"MG";"315930";"Santa Rita de Jacutinga";"ALCANÇOU";"ALCANÇOU";;"NÃO ALCANÇOU";"NÃO ALCANÇOU";"NÃO ALCANÇOU";"ALCANÇOU";"NÃO ALCANÇOU"
"MG";"315935";"Santa Rita de Minas";"ALCANÇOU";"ALCANÇOU";;"NÃO ALCANÇOU";"NÃO ALCANÇOU";"NÃO ALCANÇOU";"ALCANÇOU";"ALCANÇOU"
"MG";"315950";"Santa Rita do Itueto";"ALCANÇOU";"ALCANÇOU";;"NÃO ALCANÇOU";"ALCANÇOU";"NÃO ALCANÇOU";"ALCANÇOU";"ALCANÇOU"
"MG";"315960";"Santa Rita do Sapucaí";"ALCANÇOU";"ALCANÇOU";;"NÃO ALCANÇOU";"NÃO ALCANÇOU";"ALCANÇOU";"NÃO ALCANÇOU";"ALCANÇOU"
"MG";"315970";"Santa Rosa da Serra";"NÃO ALCANÇOU";"ALCANÇOU";;"ALCANÇOU";"ALCANÇOU";"NÃO ALCANÇOU";"ALCANÇOU";"ALCANÇOU"
"MG";"315980";"Santa Vitória";"ALCANÇOU";"ALCANÇOU";;"NÃO ALCANÇOU";"ALCANÇOU";"NÃO ALCANÇOU";"NÃO ALCANÇOU";"ALCANÇOU"
"MG";"315830";"Santana da Vargem";"ALCANÇOU";"ALCANÇOU";;"NÃO ALCANÇOU";"NÃO ALCANÇOU";"ALCANÇOU";"NÃO ALCANÇOU";"ALCANÇOU"
"MG";"315840";"Santana de Cataguases";"ALCANÇOU";"ALCANÇOU";;"NÃO ALCANÇOU";"NÃO ALCANÇOU";"NÃO ALCANÇOU";"ALCANÇOU";"ALCANÇOU"
"MG";"315850";"Santana de Pirapama";"NÃO ALCANÇOU";"ALCANÇOU";;"NÃO ALCANÇOU";"NÃO ALCANÇOU";"NÃO ALCANÇOU";"ALCANÇOU";"NÃO ALCANÇOU"
"MG";"315860";"Santana do Deserto";"ALCANÇOU";"ALCANÇOU";;"NÃO ALCANÇOU";"NÃO ALCANÇOU";"ALCANÇOU";"ALCANÇOU";"ALCANÇOU"
"MG";"315870";"Santana do Garambéu";"ALCANÇOU";"ALCANÇOU";;"ALCANÇOU";"NÃO ALCANÇOU";"NÃO ALCANÇOU";"ALCANÇOU";"ALCANÇOU"
"MG";"315880";"Santana do Jacaré";"ALCANÇOU";"ALCANÇOU";;"NÃO ALCANÇOU";"NÃO ALCANÇOU";"NÃO ALCANÇOU";"ALCANÇOU";"ALCANÇOU"
"MG";"315890";"Santana do Manhuaçu";"ALCANÇOU";"NÃO ALCANÇOU";;"NÃO ALCANÇOU";"NÃO ALCANÇOU";"NÃO ALCANÇOU";"ALCANÇOU";"ALCANÇOU"
"MG";"315895";"Santana do Paraíso";"ALCANÇOU";"ALCANÇOU";;"NÃO ALCANÇOU";"NÃO ALCANÇOU";"NÃO ALCANÇOU";"NÃO ALCANÇOU";"ALCANÇOU"
"MG";"315900";"Santana do Riacho";"NÃO ALCANÇOU";"ALCANÇOU";;"NÃO ALCANÇOU";"NÃO ALCANÇOU";"NÃO ALCANÇOU";"ALCANÇOU";"ALCANÇOU"
"MG";"315910";"Santana dos Montes";"ALCANÇOU";"ALCANÇOU";;"ALCANÇOU";"NÃO ALCANÇOU";"NÃO ALCANÇOU";"ALCANÇOU";"ALCANÇOU"
"MG";"315990";"Santo Antônio do Amparo";"ALCANÇOU";"ALCANÇOU";;"ALCANÇOU";"NÃO ALCANÇOU";"NÃO ALCANÇOU";"NÃO ALCANÇOU";"ALCANÇOU"
"MG";"316000";"Santo Antônio do Aventureiro";"ALCANÇOU";"NÃO ALCANÇOU";;"ALCANÇOU";"NÃO ALCANÇOU";"NÃO ALCANÇOU";"ALCANÇOU";"ALCANÇOU"
"MG";"316010";"Santo Antônio do Grama";"NÃO ALCANÇOU";"ALCANÇOU";;"NÃO ALCANÇOU";"ALCANÇOU";"NÃO ALCANÇOU";"ALCANÇOU";"NÃO ALCANÇOU"
"MG";"316020";"Santo Antônio do Itambé";"NÃO ALCANÇOU";"NÃO ALCANÇOU";;"NÃO ALCANÇOU";"NÃO ALCANÇOU";"NÃO ALCANÇOU";"ALCANÇOU";"ALCANÇOU"
"MG";"316030";"Santo Antônio do Jacinto";"ALCANÇOU";"ALCANÇOU";;"NÃO ALCANÇOU";"NÃO ALCANÇOU";"NÃO ALCANÇOU";"ALCANÇOU";"ALCANÇOU"
"MG";"316040";"Santo Antônio do Monte";"ALCANÇOU";"ALCANÇOU";;"NÃO ALCANÇOU";"NÃO ALCANÇOU";"NÃO ALCANÇOU";"ALCANÇOU";"ALCANÇOU"
"MG";"316045";"Santo Antônio do Retiro";"ALCANÇOU";"ALCANÇOU";;"ALCANÇOU";"NÃO ALCANÇOU";"NÃO ALCANÇOU";"ALCANÇOU";"NÃO ALCANÇOU"
"MG";"316050";"Santo Antônio do Rio Abaixo";"ALCANÇOU";"NÃO ALCANÇOU";;"NÃO ALCANÇOU";"NÃO ALCANÇOU";"NÃO ALCANÇOU";"ALCANÇOU";"NÃO ALCANÇOU"
"MG";"316060";"Santo Hipólito";"ALCANÇOU";"ALCANÇOU";;"ALCANÇOU";"NÃO ALCANÇOU";"NÃO ALCANÇOU";"ALCANÇOU";"NÃO ALCANÇOU"
"MG";"316070";"Santos Dumont";"ALCANÇOU";"ALCANÇOU";;"NÃO ALCANÇOU";"NÃO ALCANÇOU";"NÃO ALCANÇOU";"ALCANÇOU";"NÃO ALCANÇOU"
"MG";"316540";"Sapucaí-Mirim";"ALCANÇOU";"ALCANÇOU";;"ALCANÇOU";"NÃO ALCANÇOU";"ALCANÇOU";"ALCANÇOU";"ALCANÇOU"
"MG";"316550";"Sardoá";"ALCANÇOU";"ALCANÇOU";;"NÃO ALCANÇOU";"NÃO ALCANÇOU";"NÃO ALCANÇOU";"ALCANÇOU";"ALCANÇOU"
"MG";"316553";"Sarzedo";"NÃO ALCANÇOU";"ALCANÇOU";;"ALCANÇOU";"NÃO ALCANÇOU";"NÃO ALCANÇOU";"NÃO ALCANÇOU";"NÃO ALCANÇOU"
"MG";"316556";"Sem-Peixe";"ALCANÇOU";"NÃO ALCANÇOU";;"NÃO ALCANÇOU";"NÃO ALCANÇOU";"NÃO ALCANÇOU";"ALCANÇOU";"ALCANÇOU"
"MG";"316557";"Senador Amaral";"NÃO ALCANÇOU";"ALCANÇOU";;"ALCANÇOU";"ALCANÇOU";"ALCANÇOU";"ALCANÇOU";"ALCANÇOU"
"MG";"316560";"Senador Cortes";"ALCANÇOU";"ALCANÇOU";;"NÃO ALCANÇOU";"NÃO ALCANÇOU";"NÃO ALCANÇOU";"ALCANÇOU";"ALCANÇOU"
"MG";"316570";"Senador Firmino";"ALCANÇOU";"NÃO ALCANÇOU";;"ALCANÇOU";"ALCANÇOU";"NÃO ALCANÇOU";"ALCANÇOU";"ALCANÇOU"
"MG";"316580";"Senador José Bento";"ALCANÇOU";"ALCANÇOU";;"NÃO ALCANÇOU";"NÃO ALCANÇOU";"ALCANÇOU";"ALCANÇOU";"ALCANÇOU"
"MG";"316590";"Senador Modestino Gonçalves";"NÃO ALCANÇOU";"ALCANÇOU";;"ALCANÇOU";"NÃO ALCANÇOU";"NÃO ALCANÇOU";"ALCANÇOU";"NÃO ALCANÇOU"
"MG";"316600";"Senhora de Oliveira";"NÃO ALCANÇOU";"ALCANÇOU";;"ALCANÇOU";"NÃO ALCANÇOU";"NÃO ALCANÇOU";"ALCANÇOU";"ALCANÇOU"
"MG";"316610";"Senhora do Porto";"NÃO ALCANÇOU";"ALCANÇOU";;"NÃO ALCANÇOU";"NÃO ALCANÇOU";"NÃO ALCANÇOU";"ALCANÇOU";"NÃO ALCANÇOU"
"MG";"316620";"Senhora dos Remédios";"NÃO ALCANÇOU";"NÃO ALCANÇOU";;"NÃO ALCANÇOU";"NÃO ALCANÇOU";"NÃO ALCANÇOU";"ALCANÇOU";"ALCANÇOU"
"MG";"316630";"Sericita";"ALCANÇOU";"ALCANÇOU";;"ALCANÇOU";"NÃO ALCANÇOU";"NÃO ALCANÇOU";"ALCANÇOU";"ALCANÇOU"
"MG";"316640";"Seritinga";"NÃO ALCANÇOU";"NÃO ALCANÇOU";;"ALCANÇOU";"NÃO ALCANÇOU";"NÃO ALCANÇOU";"ALCANÇOU";"ALCANÇOU"
"MG";"316650";"Serra Azul de Minas";"NÃO ALCANÇOU";"ALCANÇOU";;"NÃO ALCANÇOU";"NÃO ALCANÇOU";"ALCANÇOU";"NÃO ALCANÇOU";"ALCANÇOU"
"MG";"316660";"Serra da Saudade";"ALCANÇOU";"ALCANÇOU";;"NÃO ALCANÇOU";"NÃO ALCANÇOU";"NÃO ALCANÇOU";"ALCANÇOU";"NÃO ALCANÇOU"
"MG";"316680";"Serra do Salitre";"ALCANÇOU";"ALCANÇOU";;"NÃO ALCANÇOU";"NÃO ALCANÇOU";"NÃO ALCANÇOU";"ALCANÇOU";"ALCANÇOU"
"MG";"316670";"Serra dos Aimorés";"NÃO ALCANÇOU";"ALCANÇOU";;"ALCANÇOU";"NÃO ALCANÇOU";"NÃO ALCANÇOU";"ALCANÇOU";"NÃO ALCANÇOU"
"MG";"316690";"Serrania";"ALCANÇOU";"ALCANÇOU";;"ALCANÇOU";"NÃO ALCANÇOU";"ALCANÇOU";"ALCANÇOU";"ALCANÇOU"
"MG";"316700";"Serranos";"ALCANÇOU";"ALCANÇOU";;"NÃO ALCANÇOU";"NÃO ALCANÇOU";"NÃO ALCANÇOU";"ALCANÇOU";"ALCANÇOU"
"MG";"316695";"Serranópolis de Minas";"ALCANÇOU";"ALCANÇOU";;"ALCANÇOU";"NÃO ALCANÇOU";"NÃO ALCANÇOU";"ALCANÇOU";"ALCANÇOU"
"MG";"316710";"Serro";"NÃO ALCANÇOU";"NÃO ALCANÇOU";;"ALCANÇOU";"NÃO ALCANÇOU";"NÃO ALCANÇOU";"ALCANÇOU";"ALCANÇOU"
"MG";"316720";"Sete Lagoas";"ALCANÇOU";"ALCANÇOU";;"NÃO ALCANÇOU";"ALCANÇOU";"ALCANÇOU";"NÃO ALCANÇOU";"ALCANÇOU"
"MG";"316555";"Setubinha";"NÃO ALCANÇOU";"ALCANÇOU";;"ALCANÇOU";"NÃO ALCANÇOU";"NÃO ALCANÇOU";"ALCANÇOU";"ALCANÇOU"
"MG";"316730";"Silveirânia";"ALCANÇOU";"NÃO ALCANÇOU";;"NÃO ALCANÇOU";"NÃO ALCANÇOU";"NÃO ALCANÇOU";"ALCANÇOU";"ALCANÇOU"
"MG";"316740";"Silvianópolis";"ALCANÇOU";"NÃO ALCANÇOU";;"NÃO ALCANÇOU";"NÃO ALCANÇOU";"NÃO ALCANÇOU";"ALCANÇOU";"ALCANÇOU"
"MG";"316760";"Simonésia";"ALCANÇOU";"ALCANÇOU";;"ALCANÇOU";"NÃO ALCANÇOU";"NÃO ALCANÇOU";"ALCANÇOU";"NÃO ALCANÇOU"
"MG";"316750";"Simão Pereira";"ALCANÇOU";"ALCANÇOU";;"NÃO ALCANÇOU";"NÃO ALCANÇOU";"NÃO ALCANÇOU";"ALCANÇOU";"NÃO ALCANÇOU"
"MG";"316770";"Sobrália";"ALCANÇOU";"NÃO ALCANÇOU";;"ALCANÇOU";"ALCANÇOU";"NÃO ALCANÇOU";"ALCANÇOU";"ALCANÇOU"
"MG";"316780";"Soledade de Minas";"ALCANÇOU";"ALCANÇOU";;"NÃO ALCANÇOU";"NÃO ALCANÇOU";"ALCANÇOU";"ALCANÇOU";"ALCANÇOU"
"MG";"316080";"São Bento Abade";"ALCANÇOU";"ALCANÇOU";;"NÃO ALCANÇOU";"NÃO ALCANÇOU";"NÃO ALCANÇOU";"ALCANÇOU";"ALCANÇOU"
"MG";"316090";"São Brás do Suaçuí";"ALCANÇOU";"ALCANÇOU";;"NÃO ALCANÇOU";"NÃO ALCANÇOU";"NÃO ALCANÇOU";"ALCANÇOU";"ALCANÇOU"
"MG";"316095";"São Domingos das Dores";"ALCANÇOU";"ALCANÇOU";;"ALCANÇOU";"ALCANÇOU";"NÃO ALCANÇOU";"ALCANÇOU";"ALCANÇOU"
"MG";"316100";"São Domingos do Prata";"ALCANÇOU";"ALCANÇOU";;"ALCANÇOU";"NÃO ALCANÇOU";"NÃO ALCANÇOU";"ALCANÇOU";"NÃO ALCANÇOU"
"MG";"316110";"São Francisco";"ALCANÇOU";"ALCANÇOU";;"NÃO ALCANÇOU";"NÃO ALCANÇOU";"NÃO ALCANÇOU";"ALCANÇOU";"ALCANÇOU"
"MG";"316120";"São Francisco de Paula";"ALCANÇOU";"ALCANÇOU";;"NÃO ALCANÇOU";"NÃO ALCANÇOU";"NÃO ALCANÇOU";"ALCANÇOU";"ALCANÇOU"
"MG";"316130";"São Francisco de Sales";"ALCANÇOU";"NÃO ALCANÇOU";;"NÃO ALCANÇOU";"ALCANÇOU";"NÃO ALCANÇOU";"ALCANÇOU";"ALCANÇOU"
"MG";"316140";"São Francisco do Glória";"ALCANÇOU";"NÃO ALCANÇOU";;"ALCANÇOU";"NÃO ALCANÇOU";"NÃO ALCANÇOU";"ALCANÇOU";"ALCANÇOU"
"MG";"316105";"São Félix de Minas";"ALCANÇOU";"ALCANÇOU";;"ALCANÇOU";"ALCANÇOU";"NÃO ALCANÇOU";"NÃO ALCANÇOU";"ALCANÇOU"
"MG";"316150";"São Geraldo";"NÃO ALCANÇOU";"ALCANÇOU";;"NÃO ALCANÇOU";"NÃO ALCANÇOU";"NÃO ALCANÇOU";"ALCANÇOU";"NÃO ALCANÇOU"
"MG";"316160";"São Geraldo da Piedade";"ALCANÇOU";"ALCANÇOU";;"ALCANÇOU";"NÃO ALCANÇOU";"NÃO ALCANÇOU";"ALCANÇOU";"ALCANÇOU"
"MG";"316165";"São Geraldo do Baixio";"ALCANÇOU";"ALCANÇOU";;"NÃO ALCANÇOU";"NÃO ALCANÇOU";"NÃO ALCANÇOU";"ALCANÇOU";"ALCANÇOU"
"MG";"316170";"São Gonçalo do Abaeté";"NÃO ALCANÇOU";"NÃO ALCANÇOU";;"ALCANÇOU";"NÃO ALCANÇOU";"NÃO ALCANÇOU";"ALCANÇOU";"NÃO ALCANÇOU"
"MG";"316180";"São Gonçalo do Pará";"ALCANÇOU";"ALCANÇOU";;"NÃO ALCANÇOU";"NÃO ALCANÇOU";"NÃO ALCANÇOU";"ALCANÇOU";"ALCANÇOU"
"MG";"316190";"São Gonçalo do Rio Abaixo";"ALCANÇOU";"ALCANÇOU";;"NÃO ALCANÇOU";"ALCANÇOU";"ALCANÇOU";"ALCANÇOU";"NÃO ALCANÇOU"
"MG";"312550";"São Gonçalo do Rio Preto";"ALCANÇOU";"ALCANÇOU";;"ALCANÇOU";"NÃO ALCANÇOU";"NÃO ALCANÇOU";"ALCANÇOU";"NÃO ALCANÇOU"
"MG";"316200";"São Gonçalo do Sapucaí";"ALCANÇOU";"ALCANÇOU";;"NÃO ALCANÇOU";"NÃO ALCANÇOU";"ALCANÇOU";"NÃO ALCANÇOU";"ALCANÇOU"
"MG";"316210";"São Gotardo";"NÃO ALCANÇOU";"ALCANÇOU";;"NÃO ALCANÇOU";"NÃO ALCANÇOU";"NÃO ALCANÇOU";"ALCANÇOU";"ALCANÇOU"
"MG";"316292";"São Joaquim de Bicas";"NÃO ALCANÇOU";"ALCANÇOU";;"ALCANÇOU";"NÃO ALCANÇOU";"NÃO ALCANÇOU";"ALCANÇOU";"ALCANÇOU"
"MG";"316294";"São José da Barra";"NÃO ALCANÇOU";"ALCANÇOU";;"NÃO ALCANÇOU";"NÃO ALCANÇOU";"ALCANÇOU";"ALCANÇOU";"ALCANÇOU"
"MG";"316295";"São José da Lapa";"ALCANÇOU";"ALCANÇOU";;"NÃO ALCANÇOU";"NÃO ALCANÇOU";"NÃO ALCANÇOU";"ALCANÇOU";"NÃO ALCANÇOU"
"MG";"316300";"São José da Safira";"ALCANÇOU";"ALCANÇOU";;"ALCANÇOU";"ALCANÇOU";"NÃO ALCANÇOU";"ALCANÇOU";"ALCANÇOU"
"MG";"316310";"São José da Varginha";"NÃO ALCANÇOU";"ALCANÇOU";;"ALCANÇOU";"NÃO ALCANÇOU";"NÃO ALCANÇOU";"ALCANÇOU";"ALCANÇOU"
"MG";"316320";"São José do Alegre";"ALCANÇOU";"ALCANÇOU";;"ALCANÇOU";"ALCANÇOU";"ALCANÇOU";"ALCANÇOU";"ALCANÇOU"
"MG";"316330";"São José do Divino";"ALCANÇOU";"ALCANÇOU";;"NÃO ALCANÇOU";"NÃO ALCANÇOU";"ALCANÇOU";"ALCANÇOU";"ALCANÇOU"
"MG";"316340";"São José do Goiabal";"ALCANÇOU";"NÃO ALCANÇOU";;"NÃO ALCANÇOU";"NÃO ALCANÇOU";"NÃO ALCANÇOU";"ALCANÇOU";"ALCANÇOU"
"MG";"316350";"São José do Jacuri";"ALCANÇOU";"ALCANÇOU";;"ALCANÇOU";"NÃO ALCANÇOU";"NÃO ALCANÇOU";"ALCANÇOU";"ALCANÇOU"
"MG";"316360";"São José do Mantimento";"NÃO ALCANÇOU";"NÃO ALCANÇOU";;"NÃO ALCANÇOU";"NÃO ALCANÇOU";"NÃO ALCANÇOU";"ALCANÇOU";"NÃO ALCANÇOU"
"MG";"316220";"São João Batista do Glória";"NÃO ALCANÇOU";"NÃO ALCANÇOU";;"NÃO ALCANÇOU";"NÃO ALCANÇOU";"NÃO ALCANÇOU";"ALCANÇOU";"ALCANÇOU"
"MG";"316280";"São João Evangelista";"ALCANÇOU";"ALCANÇOU";;"ALCANÇOU";"ALCANÇOU";"NÃO ALCANÇOU";"NÃO ALCANÇOU";"ALCANÇOU"
"MG";"316290";"São João Nepomuceno";"ALCANÇOU";"ALCANÇOU";;"NÃO ALCANÇOU";"NÃO ALCANÇOU";"NÃO ALCANÇOU";"ALCANÇOU";"ALCANÇOU"
"MG";"316225";"São João da Lagoa";"NÃO ALCANÇOU";"ALCANÇOU";;"NÃO ALCANÇOU";"NÃO ALCANÇOU";"NÃO ALCANÇOU";"ALCANÇOU";"ALCANÇOU"
"MG";"316230";"São João da Mata";"ALCANÇOU";"ALCANÇOU";;"NÃO ALCANÇOU";"NÃO ALCANÇOU";"NÃO ALCANÇOU";"ALCANÇOU";"ALCANÇOU"
"MG";"316240";"São João da Ponte";"ALCANÇOU";"ALCANÇOU";;"ALCANÇOU";"NÃO ALCANÇOU";"NÃO ALCANÇOU";"ALCANÇOU";"ALCANÇOU"
"MG";"316245";"São João das Missões";"ALCANÇOU";"ALCANÇOU";;"NÃO ALCANÇOU";"NÃO ALCANÇOU";"NÃO ALCANÇOU";"ALCANÇOU";"ALCANÇOU"
"MG";"316250";"São João del Rei";"ALCANÇOU";"ALCANÇOU";;"NÃO ALCANÇOU";"NÃO ALCANÇOU";"ALCANÇOU";"ALCANÇOU";"ALCANÇOU"
"MG";"316255";"São João do Manhuaçu";"NÃO ALCANÇOU";"ALCANÇOU";;"NÃO ALCANÇOU";"NÃO ALCANÇOU";"NÃO ALCANÇOU";"ALCANÇOU";"ALCANÇOU"
"MG";"316257";"São João do Manteninha";"ALCANÇOU";"ALCANÇOU";;"ALCANÇOU";"NÃO ALCANÇOU";"NÃO ALCANÇOU";"ALCANÇOU";"ALCANÇOU"
"MG";"316260";"São João do Oriente";"ALCANÇOU";"ALCANÇOU";;"ALCANÇOU";"NÃO ALCANÇOU";"NÃO ALCANÇOU";"ALCANÇOU";"ALCANÇOU"
"MG";"316265";"São João do Pacuí";"ALCANÇOU";"ALCANÇOU";;"ALCANÇOU";"NÃO ALCANÇOU";"NÃO ALCANÇOU";"ALCANÇOU";"NÃO ALCANÇOU"
"MG";"316270";"São João do Paraíso";"ALCANÇOU";"ALCANÇOU";;"NÃO ALCANÇOU";"ALCANÇOU";"ALCANÇOU";"ALCANÇOU";"ALCANÇOU"
"MG";"316370";"São Lourenço";"ALCANÇOU";"ALCANÇOU";;"NÃO ALCANÇOU";"NÃO ALCANÇOU";"ALCANÇOU";"ALCANÇOU";"ALCANÇOU"
"MG";"316380";"São Miguel do Anta";"NÃO ALCANÇOU";"ALCANÇOU";;"NÃO ALCANÇOU";"NÃO ALCANÇOU";"NÃO ALCANÇOU";"ALCANÇOU";"ALCANÇOU"
"MG";"316390";"São Pedro da União";"ALCANÇOU";"NÃO ALCANÇOU";;"ALCANÇOU";"NÃO ALCANÇOU";"ALCANÇOU";"ALCANÇOU";"ALCANÇOU"
"MG";"316410";"São Pedro do Suaçuí";"ALCANÇOU";"NÃO ALCANÇOU";;"NÃO ALCANÇOU";"ALCANÇOU";"NÃO ALCANÇOU";"ALCANÇOU";"ALCANÇOU"
"MG";"316400";"São Pedro dos Ferros";"ALCANÇOU";"ALCANÇOU";;"ALCANÇOU";"NÃO ALCANÇOU";"NÃO ALCANÇOU";"ALCANÇOU";"ALCANÇOU"
"MG";"316420";"São Romão";"NÃO ALCANÇOU";"ALCANÇOU";;"NÃO ALCANÇOU";"NÃO ALCANÇOU";"NÃO ALCANÇOU";"ALCANÇOU";"ALCANÇOU"
"MG";"316430";"São Roque de Minas";"NÃO ALCANÇOU";"ALCANÇOU";;"NÃO ALCANÇOU";"NÃO ALCANÇOU";"NÃO ALCANÇOU";"ALCANÇOU";"ALCANÇOU"
"MG";"316440";"São Sebastião da Bela Vista";"ALCANÇOU";"ALCANÇOU";;"ALCANÇOU";"NÃO ALCANÇOU";"NÃO ALCANÇOU";"ALCANÇOU";"ALCANÇOU"
"MG";"316443";"São Sebastião da Vargem Alegre";"NÃO ALCANÇOU";"ALCANÇOU";;"ALCANÇOU";"NÃO ALCANÇOU";"NÃO ALCANÇOU";"ALCANÇOU";"ALCANÇOU"
"MG";"316447";"São Sebastião do Anta";"NÃO ALCANÇOU";"ALCANÇOU";;"ALCANÇOU";"NÃO ALCANÇOU";"NÃO ALCANÇOU";"ALCANÇOU";"ALCANÇOU"
"MG";"316450";"São Sebastião do Maranhão";"NÃO ALCANÇOU";"NÃO ALCANÇOU";;"ALCANÇOU";"ALCANÇOU";"NÃO ALCANÇOU";"ALCANÇOU";"ALCANÇOU"
"MG";"316460";"São Sebastião do Oeste";"NÃO ALCANÇOU";"ALCANÇOU";;"NÃO ALCANÇOU";"NÃO ALCANÇOU";"NÃO ALCANÇOU";"ALCANÇOU";"NÃO ALCANÇOU"
"MG";"316470";"São Sebastião do Paraíso";"NÃO ALCANÇOU";"ALCANÇOU";;"NÃO ALCANÇOU";"NÃO ALCANÇOU";"ALCANÇOU";"ALCANÇOU";"ALCANÇOU"
"MG";"316480";"São Sebastião do Rio Preto";"ALCANÇOU";"ALCANÇOU";;"ALCANÇOU";"NÃO ALCANÇOU";"NÃO ALCANÇOU";"ALCANÇOU";"ALCANÇOU"
"MG";"316490";"São Sebastião do Rio Verde";"ALCANÇOU";"ALCANÇOU";;"ALCANÇOU";"NÃO ALCANÇOU";"NÃO ALCANÇOU";"ALCANÇOU";"NÃO ALCANÇOU"
"MG";"316520";"São Thomé das Letras";"ALCANÇOU";"NÃO ALCANÇOU";;;"NÃO ALCANÇOU";"NÃO ALCANÇOU";"ALCANÇOU";"NÃO ALCANÇOU"
"MG";"316500";"São Tiago";"ALCANÇOU";"ALCANÇOU";;"ALCANÇOU";"NÃO ALCANÇOU";"NÃO ALCANÇOU";"ALCANÇOU";"ALCANÇOU"
"MG";"316510";"São Tomás de Aquino";"NÃO ALCANÇOU";"NÃO ALCANÇOU";;"NÃO ALCANÇOU";"NÃO ALCANÇOU";"ALCANÇOU";"ALCANÇOU";"ALCANÇOU"
"MG";"316520";"São Tomé das Letras";;;;"ALCANÇOU";;;;
"MG";"316530";"São Vicente de Minas";"NÃO ALCANÇOU";"NÃO ALCANÇOU";;"ALCANÇOU";"NÃO ALCANÇOU";"NÃO ALCANÇOU";"ALCANÇOU";"ALCANÇOU"
"MG";"316790";"Tabuleiro";"ALCANÇOU";"NÃO ALCANÇOU";;"NÃO ALCANÇOU";"NÃO ALCANÇOU";"NÃO ALCANÇOU";"ALCANÇOU";"ALCANÇOU"
"MG";"316800";"Taiobeiras";"ALCANÇOU";"ALCANÇOU";;"ALCANÇOU";"ALCANÇOU";"NÃO ALCANÇOU";"NÃO ALCANÇOU";"ALCANÇOU"
"MG";"316805";"Taparuba";"NÃO ALCANÇOU";"ALCANÇOU";;"ALCANÇOU";"NÃO ALCANÇOU";"NÃO ALCANÇOU";"NÃO ALCANÇOU";"ALCANÇOU"
"MG";"316810";"Tapira";"ALCANÇOU";"ALCANÇOU";;"NÃO ALCANÇOU";"NÃO ALCANÇOU";"NÃO ALCANÇOU";"ALCANÇOU";"ALCANÇOU"
"MG";"316820";"Tapiraí";"ALCANÇOU";"NÃO ALCANÇOU";;"NÃO ALCANÇOU";"NÃO ALCANÇOU";"NÃO ALCANÇOU";"ALCANÇOU";"NÃO ALCANÇOU"
"MG";"316830";"Taquaraçu de Minas";"ALCANÇOU";"NÃO ALCANÇOU";;"ALCANÇOU";"NÃO ALCANÇOU";"NÃO ALCANÇOU";"ALCANÇOU";"ALCANÇOU"
"MG";"316840";"Tarumirim";"NÃO ALCANÇOU";"ALCANÇOU";;"ALCANÇOU";"NÃO ALCANÇOU";"NÃO ALCANÇOU";"ALCANÇOU";"ALCANÇOU"
"MG";"316850";"Teixeiras";"ALCANÇOU";"ALCANÇOU";;"NÃO ALCANÇOU";"NÃO ALCANÇOU";"NÃO ALCANÇOU";"ALCANÇOU";"NÃO ALCANÇOU"
"MG";"316860";"Teófilo Otoni";"NÃO ALCANÇOU";"ALCANÇOU";;"NÃO ALCANÇOU";"NÃO ALCANÇOU";"NÃO ALCANÇOU";"ALCANÇOU";"ALCANÇOU"
"MG";"316870";"Timóteo";"ALCANÇOU";"ALCANÇOU";;"NÃO ALCANÇOU";"NÃO ALCANÇOU";"ALCANÇOU";"NÃO ALCANÇOU";"NÃO ALCANÇOU"
"MG";"316880";"Tiradentes";"NÃO ALCANÇOU";"ALCANÇOU";;"NÃO ALCANÇOU";"NÃO ALCANÇOU";"NÃO ALCANÇOU";"NÃO ALCANÇOU";"ALCANÇOU"
"MG";"316890";"Tiros";"ALCANÇOU";"NÃO ALCANÇOU";;"ALCANÇOU";"NÃO ALCANÇOU";"NÃO ALCANÇOU";"ALCANÇOU";"ALCANÇOU"
"MG";"316900";"Tocantins";"ALCANÇOU";"ALCANÇOU";;"ALCANÇOU";"ALCANÇOU";"NÃO ALCANÇOU";"ALCANÇOU";"ALCANÇOU"
"MG";"316905";"Tocos do Moji";"ALCANÇOU";"NÃO ALCANÇOU";;"NÃO ALCANÇOU";"NÃO ALCANÇOU";"NÃO ALCANÇOU";"ALCANÇOU";"ALCANÇOU"
"MG";"316910";"Toledo";"NÃO ALCANÇOU";"ALCANÇOU";;"ALCANÇOU";"NÃO ALCANÇOU";"NÃO ALCANÇOU";"NÃO ALCANÇOU";"ALCANÇOU"
"MG";"316920";"Tombos";"NÃO ALCANÇOU";"ALCANÇOU";;"NÃO ALCANÇOU";"NÃO ALCANÇOU";"NÃO ALCANÇOU";"ALCANÇOU";"ALCANÇOU"
"MG";"316930";"Três Corações";"ALCANÇOU";"ALCANÇOU";;"NÃO ALCANÇOU";"NÃO ALCANÇOU";"NÃO ALCANÇOU";"ALCANÇOU";"NÃO ALCANÇOU"
"MG";"316935";"Três Marias";"ALCANÇOU";"ALCANÇOU";;"NÃO ALCANÇOU";"NÃO ALCANÇOU";"ALCANÇOU";"ALCANÇOU";"NÃO ALCANÇOU"
"MG";"316940";"Três Pontas";"ALCANÇOU";"ALCANÇOU";;"ALCANÇOU";"NÃO ALCANÇOU";"NÃO ALCANÇOU";"NÃO ALCANÇOU";"ALCANÇOU"
"MG";"316950";"Tumiritinga";"ALCANÇOU";"ALCANÇOU";;"NÃO ALCANÇOU";"ALCANÇOU";"NÃO ALCANÇOU";"ALCANÇOU";"ALCANÇOU"
"MG";"316960";"Tupaciguara";"NÃO ALCANÇOU";"ALCANÇOU";;"NÃO ALCANÇOU";"NÃO ALCANÇOU";"NÃO ALCANÇOU";"ALCANÇOU";"ALCANÇOU"
"MG";"316970";"Turmalina";"ALCANÇOU";"ALCANÇOU";;"ALCANÇOU";"NÃO ALCANÇOU";"NÃO ALCANÇOU";"ALCANÇOU";"ALCANÇOU"
"MG";"316980";"Turvolândia";"ALCANÇOU";"ALCANÇOU";;"ALCANÇOU";"NÃO ALCANÇOU";"NÃO ALCANÇOU";"ALCANÇOU";"ALCANÇOU"
"MG";"317005";"Ubaporanga";"ALCANÇOU";"ALCANÇOU";;"ALCANÇOU";"NÃO ALCANÇOU";"NÃO ALCANÇOU";"NÃO ALCANÇOU";"ALCANÇOU"
"MG";"317000";"Ubaí";"ALCANÇOU";"ALCANÇOU";;"ALCANÇOU";"NÃO ALCANÇOU";"NÃO ALCANÇOU";"ALCANÇOU";"ALCANÇOU"
"MG";"317010";"Uberaba";"ALCANÇOU";"ALCANÇOU";;"NÃO ALCANÇOU";"ALCANÇOU";"ALCANÇOU";"NÃO ALCANÇOU";"NÃO ALCANÇOU"
"MG";"317020";"Uberlândia";"ALCANÇOU";"ALCANÇOU";;"ALCANÇOU";"ALCANÇOU";"ALCANÇOU";"NÃO ALCANÇOU";"ALCANÇOU"
"MG";"316990";"Ubá";"ALCANÇOU";"ALCANÇOU";;"NÃO ALCANÇOU";"ALCANÇOU";"ALCANÇOU";"ALCANÇOU";"ALCANÇOU"
"MG";"317030";"Umburatiba";"NÃO ALCANÇOU";"ALCANÇOU";;"NÃO ALCANÇOU";"ALCANÇOU";"NÃO ALCANÇOU";"ALCANÇOU";"NÃO ALCANÇOU"
"MG";"317040";"Unaí";"ALCANÇOU";"ALCANÇOU";;"NÃO ALCANÇOU";"NÃO ALCANÇOU";"ALCANÇOU";"ALCANÇOU";"NÃO ALCANÇOU"
"MG";"317043";"União de Minas";"ALCANÇOU";"ALCANÇOU";;"ALCANÇOU";"ALCANÇOU";"ALCANÇOU";"ALCANÇOU";"ALCANÇOU"
"MG";"317047";"Uruana de Minas";"ALCANÇOU";"ALCANÇOU";;"NÃO ALCANÇOU";"NÃO ALCANÇOU";"NÃO ALCANÇOU";"ALCANÇOU";"ALCANÇOU"
"MG";"317052";"Urucuia";"ALCANÇOU";"ALCANÇOU";;"ALCANÇOU";"NÃO ALCANÇOU";"NÃO ALCANÇOU";"ALCANÇOU";"ALCANÇOU"
"MG";"317050";"Urucânia";"ALCANÇOU";"NÃO ALCANÇOU";;"ALCANÇOU";"NÃO ALCANÇOU";"NÃO ALCANÇOU";"ALCANÇOU";"ALCANÇOU"
"MG";"317057";"Vargem Alegre";"ALCANÇOU";"NÃO ALCANÇOU";;"ALCANÇOU";"NÃO ALCANÇOU";"NÃO ALCANÇOU";"ALCANÇOU";"NÃO ALCANÇOU"
"MG";"317060";"Vargem Bonita";"ALCANÇOU";"NÃO ALCANÇOU";;"NÃO ALCANÇOU";"NÃO ALCANÇOU";"NÃO ALCANÇOU";"ALCANÇOU";"ALCANÇOU"
"MG";"317065";"Vargem Grande do Rio Pardo";"ALCANÇOU";"ALCANÇOU";;"ALCANÇOU";"NÃO ALCANÇOU";"NÃO ALCANÇOU";"ALCANÇOU";"ALCANÇOU"
"MG";"317070";"Varginha";"ALCANÇOU";"ALCANÇOU";;"NÃO ALCANÇOU";"ALCANÇOU";"ALCANÇOU";"ALCANÇOU";"ALCANÇOU"
"MG";"317075";"Varjão de Minas";"ALCANÇOU";"ALCANÇOU";;"NÃO ALCANÇOU";"NÃO ALCANÇOU";"NÃO ALCANÇOU";"ALCANÇOU";"ALCANÇOU"
"MG";"317090";"Varzelândia";"NÃO ALCANÇOU";"ALCANÇOU";;"ALCANÇOU";"NÃO ALCANÇOU";"NÃO ALCANÇOU";"ALCANÇOU";"NÃO ALCANÇOU"
"MG";"317100";"Vazante";"ALCANÇOU";"ALCANÇOU";;"ALCANÇOU";"ALCANÇOU";"ALCANÇOU";"NÃO ALCANÇOU";"ALCANÇOU"
"MG";"317103";"Verdelândia";"NÃO ALCANÇOU";"ALCANÇOU";;"ALCANÇOU";"NÃO ALCANÇOU";"NÃO ALCANÇOU";"ALCANÇOU";"ALCANÇOU"
"MG";"317107";"Veredinha";"ALCANÇOU";"ALCANÇOU";;"NÃO ALCANÇOU";"NÃO ALCANÇOU";"NÃO ALCANÇOU";"ALCANÇOU";"ALCANÇOU"
"MG";"317115";"Vermelho Novo";"NÃO ALCANÇOU";"ALCANÇOU";;"ALCANÇOU";"NÃO ALCANÇOU";"NÃO ALCANÇOU";"ALCANÇOU";"ALCANÇOU"
"MG";"317110";"Veríssimo";"ALCANÇOU";"ALCANÇOU";;"NÃO ALCANÇOU";"NÃO ALCANÇOU";"NÃO ALCANÇOU";"ALCANÇOU";"ALCANÇOU"
"MG";"317120";"Vespasiano";"ALCANÇOU";"ALCANÇOU";;"NÃO ALCANÇOU";"NÃO ALCANÇOU";"ALCANÇOU";"NÃO ALCANÇOU";"NÃO ALCANÇOU"
"MG";"317140";"Vieiras";"ALCANÇOU";"ALCANÇOU";;"NÃO ALCANÇOU";"NÃO ALCANÇOU";"NÃO ALCANÇOU";"ALCANÇOU";"ALCANÇOU"
"MG";"317160";"Virgem da Lapa";"NÃO ALCANÇOU";"NÃO ALCANÇOU";;"NÃO ALCANÇOU";"NÃO ALCANÇOU";"NÃO ALCANÇOU";"ALCANÇOU";"ALCANÇOU"
"MG";"317180";"Virginópolis";"NÃO ALCANÇOU";"ALCANÇOU";;"NÃO ALCANÇOU";"NÃO ALCANÇOU";"NÃO ALCANÇOU";"ALCANÇOU";"ALCANÇOU"
"MG";"317190";"Virgolândia";"NÃO ALCANÇOU";"ALCANÇOU";;"NÃO ALCANÇOU";"ALCANÇOU";"NÃO ALCANÇOU";"ALCANÇOU";"ALCANÇOU"
"MG";"317170";"Virgínia";"ALCANÇOU";"ALCANÇOU";;"ALCANÇOU";"NÃO ALCANÇOU";"NÃO ALCANÇOU";"ALCANÇOU";"ALCANÇOU"
"MG";"317200";"Visconde do Rio Branco";"ALCANÇOU";"ALCANÇOU";;"NÃO ALCANÇOU";"NÃO ALCANÇOU";"NÃO ALCANÇOU";"NÃO ALCANÇOU";"ALCANÇOU"
"MG";"317130";"Viçosa";"ALCANÇOU";"ALCANÇOU";;"NÃO ALCANÇOU";"ALCANÇOU";"ALCANÇOU";"ALCANÇOU";"NÃO ALCANÇOU"
"MG";"317210";"Volta Grande";"NÃO ALCANÇOU";"NÃO ALCANÇOU";;"NÃO ALCANÇOU";"NÃO ALCANÇOU";"NÃO ALCANÇOU";"ALCANÇOU";"NÃO ALCANÇOU"
"MG";"317080";"Várzea da Palma";"ALCANÇOU";"ALCANÇOU";;"ALCANÇOU";"NÃO ALCANÇOU";"NÃO ALCANÇOU";"ALCANÇOU";"ALCANÇOU"
"MG";"317220";"Wenceslau Braz";"NÃO ALCANÇOU";"ALCANÇOU";;"ALCANÇOU";"ALCANÇOU";"ALCANÇOU";"ALCANÇOU";"ALCANÇOU"
"MG";"310060";"Água Boa";"NÃO ALCANÇOU";"ALCANÇOU";;"ALCANÇOU";"ALCANÇOU";"NÃO ALCANÇOU";"ALCANÇOU";"ALCANÇOU"
"MG";"310070";"Água Comprida";"NÃO ALCANÇOU";"ALCANÇOU";;"ALCANÇOU";"NÃO ALCANÇOU";"NÃO ALCANÇOU";"ALCANÇOU";"ALCANÇOU"
"MG";"310090";"Águas Formosas";"NÃO ALCANÇOU";"ALCANÇOU";;"NÃO ALCANÇOU";"NÃO ALCANÇOU";"NÃO ALCANÇOU";"ALCANÇOU";"ALCANÇOU"
"MG";"310100";"Águas Vermelhas";"NÃO ALCANÇOU";"ALCANÇOU";;"NÃO ALCANÇOU";"NÃO ALCANÇOU";"NÃO ALCANÇOU";"ALCANÇOU";"ALCANÇOU"
"MG";"310010";;;;"ALCANÇOU";;;;;
"MG";"310020";;;;"ALCANÇOU";;;;;
"MG";"310030";;;;"ALCANÇOU";;;;;
"MG";"310040";;;;"ALCANÇOU";;;;;
"MG";"310050";;;;"ALCANÇOU";;;;;
"MG";"310060";;;;"NÃO ALCANÇOU";;;;;
"MG";"310070";;;;"NÃO ALCANÇOU";;;;;
"MG";"310080";;;;"NÃO ALCANÇOU";;;;;
"MG";"310090";;;;"NÃO ALCANÇOU";;;;;
"MG";"310100";;;;"NÃO ALCANÇOU";;;;;
"MG";"310110";;;;"ALCANÇOU";;;;;
"MG";"310120";;;;"ALCANÇOU";;;;;
"MG";"310130";;;;"ALCANÇOU";;;;;
"MG";"310140";;;;"ALCANÇOU";;;;;
"MG";"310150";;;;"ALCANÇOU";;;;;
"MG";"310160";;;;"ALCANÇOU";;;;;
"MG";"310163";;;;"ALCANÇOU";;;;;
"MG";"310170";;;;"NÃO ALCANÇOU";;;;;
"MG";"310180";;;;"ALCANÇOU";;;;;
"MG";"310190";;;;"NÃO ALCANÇOU";;;;;
"MG";"310200";;;;"NÃO ALCANÇOU";;;;;
"MG";"310205";;;;"NÃO ALCANÇOU";;;;;
"MG";"310210";;;;"NÃO ALCANÇOU";;;;;
"MG";"310220";;;;"NÃO ALCANÇOU";;;;;
"MG";"310230";;;;"NÃO ALCANÇOU";;;;;
"MG";"310240";;;;"ALCANÇOU";;;;;
"MG";"310250";;;;"NÃO ALCANÇOU";;;;;
"MG";"310260";;;;"ALCANÇOU";;;;;
"MG";"310270";;;;"ALCANÇOU";;;;;
"MG";"310280";;;;"NÃO ALCANÇOU";;;;;
"MG";"310285";;;;"ALCANÇOU";;;;;
"MG";"310290";;;;"NÃO ALCANÇOU";;;;;
"MG";"310300";;;;"NÃO ALCANÇOU";;;;;
"MG";"310310";;;;"ALCANÇOU";;;;;
"MG";"310320";;;;"ALCANÇOU";;;;;
"MG";"310330";;;;"NÃO ALCANÇOU";;;;;
"MG";"310340";;;;"ALCANÇOU";;;;;
"MG";"310350";;;;"ALCANÇOU";;;;;
"MG";"310360";;;;"NÃO ALCANÇOU";;;;;
"MG";"310370";;;;"ALCANÇOU";;;;;
"MG";"310375";;;;"ALCANÇOU";;;;;
"MG";"310380";;;;"ALCANÇOU";;;;;
"MG";"310390";;;;"ALCANÇOU";;;;;
"MG";"310400";;;;"ALCANÇOU";;;;;
"MG";"310410";;;;"ALCANÇOU";;;;;
"MG";"310420";;;;"ALCANÇOU";;;;;
"MG";"310430";;;;"ALCANÇOU";;;;;
"MG";"310440";;;;"ALCANÇOU";;;;;
"MG";"310445";;;;"NÃO ALCANÇOU";;;;;
"MG";"310450";;;;"NÃO ALCANÇOU";;;;;
"MG";"310460";;;;"ALCANÇOU";;;;;
"MG";"310470";;;;"ALCANÇOU";;;;;
"MG";"310480";;;;"ALCANÇOU";;;;;
"MG";"310490";;;;"ALCANÇOU";;;;;
"MG";"310500";;;;"ALCANÇOU";;;;;
"MG";"310510";;;;"ALCANÇOU";;;;;
"MG";"310520";;;;"ALCANÇOU";;;;;
"MG";"310530";;;;"ALCANÇOU";;;;;
"MG";"310540";;;;"ALCANÇOU";;;;;
"MG";"310550";;;;"ALCANÇOU";;;;;
"MG";"310560";;;;"ALCANÇOU";;;;;
"MG";"310570";;;;"NÃO ALCANÇOU";;;;;
"MG";"310590";;;;"ALCANÇOU";;;;;
"MG";"310600";;;;"ALCANÇOU";;;;;
"MG";"310610";;;;"NÃO ALCANÇOU";;;;;
"MG";"310620";;;;"ALCANÇOU";;;;;
"MG";"310630";;;;"ALCANÇOU";;;;;
"MG";"310640";;;;"NÃO ALCANÇOU";;;;;
"MG";"310650";;;;"ALCANÇOU";;;;;
"MG";"310660";;;;"ALCANÇOU";;;;;
"MG";"310665";;;;"NÃO ALCANÇOU";;;;;
"MG";"310670";;;;"ALCANÇOU";;;;;
"MG";"310680";;;;"ALCANÇOU";;;;;
"MG";"310690";;;;"NÃO ALCANÇOU";;;;;
"MG";"310700";;;;"NÃO ALCANÇOU";;;;;
"MG";"310710";;;;"ALCANÇOU";;;;;
"MG";"310720";;;;"NÃO ALCANÇOU";;;;;
"MG";"310730";;;;"NÃO ALCANÇOU";;;;;
"MG";"310740";;;;"ALCANÇOU";;;;;
"MG";"310750";;;;"ALCANÇOU";;;;;
"MG";"310760";;;;"NÃO ALCANÇOU";;;;;
"MG";"310770";;;;"ALCANÇOU";;;;;
"MG";"310780";;;;"NÃO ALCANÇOU";;;;;
"MG";"310790";;;;"ALCANÇOU";;;;;
"MG";"310800";;;;"ALCANÇOU";;;;;
"MG";"310810";;;;"ALCANÇOU";;;;;
"MG";"310820";;;;"ALCANÇOU";;;;;
"MG";"310825";;;;"ALCANÇOU";;;;;
"MG";"310830";;;;"NÃO ALCANÇOU";;;;;
"MG";"310840";;;;"ALCANÇOU";;;;;
"MG";"310850";;;;"ALCANÇOU";;;;;
"MG";"310855";;;;"NÃO ALCANÇOU";;;;;
"MG";"310860";;;;"NÃO ALCANÇOU";;;;;
"MG";"310870";;;;"ALCANÇOU";;;;;
"MG";"310880";;;;"NÃO ALCANÇOU";;;;;
"MG";"310890";;;;"ALCANÇOU";;;;;
"MG";"310900";;;;"ALCANÇOU";;;;;
"MG";"310910";;;;"ALCANÇOU";;;;;
"MG";"310920";;;;"ALCANÇOU";;;;;
"MG";"310925";;;;"NÃO ALCANÇOU";;;;;
"MG";"310930";;;;"ALCANÇOU";;;;;
"MG";"310940";;;;"ALCANÇOU";;;;;
"MG";"310945";;;;"ALCANÇOU";;;;;
"MG";"310950";;;;"NÃO ALCANÇOU";;;;;
"MG";"310960";;;;"NÃO ALCANÇOU";;;;;
"MG";"310970";;;;"ALCANÇOU";;;;;
"MG";"310980";;;;"ALCANÇOU";;;;;
"MG";"310990";;;;"ALCANÇOU";;;;;
"MG";"311000";;;;"NÃO ALCANÇOU";;;;;
"MG";"311010";;;;"ALCANÇOU";;;;;
"MG";"311020";;;;"ALCANÇOU";;;;;
"MG";"311030";;;;"ALCANÇOU";;;;;
"MG";"311040";;;;"ALCANÇOU";;;;;
"MG";"311050";;;;"NÃO ALCANÇOU";;;;;
"MG";"311060";;;;"ALCANÇOU";;;;;
"MG";"311070";;;;"ALCANÇOU";;;;;
"MG";"311080";;;;"ALCANÇOU";;;;;
"MG";"311090";;;;"ALCANÇOU";;;;;
"MG";"311100";;;;"ALCANÇOU";;;;;
"MG";"311110";;;;"ALCANÇOU";;;;;
"MG";"311115";;;;"NÃO ALCANÇOU";;;;;
"MG";"311120";;;;"ALCANÇOU";;;;;
"MG";"311130";;;;"ALCANÇOU";;;;;
"MG";"311140";;;;"ALCANÇOU";;;;;
"MG";"311150";;;;"NÃO ALCANÇOU";;;;;
"MG";"311160";;;;"ALCANÇOU";;;;;
"MG";"311170";;;;"ALCANÇOU";;;;;
"MG";"311180";;;;"NÃO ALCANÇOU";;;;;
"MG";"311190";;;;"ALCANÇOU";;;;;
"MG";"311200";;;;"ALCANÇOU";;;;;
"MG";"311205";;;;"ALCANÇOU";;;;;
"MG";"311210";;;;"ALCANÇOU";;;;;
"MG";"311220";;;;"ALCANÇOU";;;;;
"MG";"311230";;;;"ALCANÇOU";;;;;
"MG";"311240";;;;"NÃO ALCANÇOU";;;;;
"MG";"311250";;;;"ALCANÇOU";;;;;
"MG";"311260";;;;"ALCANÇOU";;;;;
"MG";"311265";;;;"NÃO ALCANÇOU";;;;;
"MG";"311270";;;;"NÃO ALCANÇOU";;;;;
"MG";"311280";;;;"NÃO ALCANÇOU";;;;;
"MG";"311290";;;;"ALCANÇOU";;;;;
"MG";"311300";;;;"ALCANÇOU";;;;;
"MG";"311310";;;;"ALCANÇOU";;;;;
"MG";"311320";;;;"ALCANÇOU";;;;;
"MG";"311330";;;;"ALCANÇOU";;;;;
"MG";"311340";;;;"ALCANÇOU";;;;;
"MG";"311350";;;;"ALCANÇOU";;;;;
"MG";"311360";;;;"ALCANÇOU";;;;;
"MG";"311370";;;;"ALCANÇOU";;;;;
"MG";"311380";;;;"ALCANÇOU";;;;;
"MG";"311390";;;;"NÃO ALCANÇOU";;;;;
"MG";"311400";;;;"ALCANÇOU";;;;;
"MG";"311410";;;;"ALCANÇOU";;;;;
"MG";"311420";;;;"ALCANÇOU";;;;;
"MG";"311430";;;;"ALCANÇOU";;;;;
"MG";"311440";;;;"NÃO ALCANÇOU";;;;;
"MG";"311450";;;;"ALCANÇOU";;;;;
"MG";"311455";;;;"ALCANÇOU";;;;;
"MG";"311460";;;;"NÃO ALCANÇOU";;;;;
"MG";"311470";;;;"NÃO ALCANÇOU";;;;;
"MG";"311480";;;;"ALCANÇOU";;;;;
"MG";"311490";;;;"ALCANÇOU";;;;;
"MG";"311500";;;;"NÃO ALCANÇOU";;;;;
"MG";"311510";;;;"NÃO ALCANÇOU";;;;;
"MG";"311520";;;;"ALCANÇOU";;;;;
"MG";"311530";;;;"ALCANÇOU";;;;;
"MG";"311535";;;;"ALCANÇOU";;;;;
"MG";"311540";;;;"ALCANÇOU";;;;;
"MG";"311545";;;;"NÃO ALCANÇOU";;;;;
"MG";"311547";;;;"ALCANÇOU";;;;;
"MG";"311550";;;;"ALCANÇOU";;;;;
"MG";"311560";;;;"ALCANÇOU";;;;;
"MG";"311570";;;;"NÃO ALCANÇOU";;;;;
"MG";"311580";;;;"NÃO ALCANÇOU";;;;;
"MG";"311590";;;;"NÃO ALCANÇOU";;;;;
"MG";"311600";;;;"ALCANÇOU";;;;;
"MG";"311610";;;;"ALCANÇOU";;;;;
"MG";"311615";;;;"ALCANÇOU";;;;;
"MG";"311620";;;;"NÃO ALCANÇOU";;;;;
"MG";"311630";;;;"ALCANÇOU";;;;;
"MG";"311640";;;;"NÃO ALCANÇOU";;;;;
"MG";"311650";;;;"NÃO ALCANÇOU";;;;;
"MG";"311660";;;;"ALCANÇOU";;;;;
"MG";"311670";;;;"ALCANÇOU";;;;;
"MG";"311680";;;;"ALCANÇOU";;;;;
"MG";"311690";;;;"ALCANÇOU";;;;;
"MG";"311700";;;;"NÃO ALCANÇOU";;;;;
"MG";"311710";;;;"NÃO ALCANÇOU";;;;;
"MG";"311720";;;;"ALCANÇOU";;;;;
"MG";"311730";;;;"ALCANÇOU";;;;;
"MG";"311740";;;;"NÃO ALCANÇOU";;;;;
"MG";"311750";;;;"ALCANÇOU";;;;;
"MG";"311760";;;;"ALCANÇOU";;;;;
"MG";"311770";;;;"NÃO ALCANÇOU";;;;;
"MG";"311780";;;;"ALCANÇOU";;;;;
"MG";"311783";;;;"ALCANÇOU";;;;;
"MG";"311787";;;;"ALCANÇOU";;;;;
"MG";"311790";;;;"NÃO ALCANÇOU";;;;;
"MG";"311800";;;;"ALCANÇOU";;;;;
"MG";"311810";;;;"ALCANÇOU";;;;;
"MG";"311820";;;;"NÃO ALCANÇOU";;;;;
"MG";"311830";;;;"ALCANÇOU";;;;;
"MG";"311840";;;;"ALCANÇOU";;;;;
"MG";"311850";;;;"ALCANÇOU";;;;;
"MG";"311860";;;;"ALCANÇOU";;;;;
"MG";"311870";;;;"ALCANÇOU";;;;;
"MG";"311880";;;;"NÃO ALCANÇOU";;;;;
"MG";"311890";;;;"ALCANÇOU";;;;;
"MG";"311900";;;;"ALCANÇOU";;;;;
"MG";"311910";;;;"ALCANÇOU";;;;;
"MG";"311920";;;;"ALCANÇOU";;;;;
"MG";"311930";;;;"ALCANÇOU";;;;;
"MG";"311940";;;;"ALCANÇOU";;;;;
"MG";"311950";;;;"ALCANÇOU";;;;;
"MG";"311960";;;;"NÃO ALCANÇOU";;;;;
"MG";"311970";;;;"NÃO ALCANÇOU";;;;;
"MG";"311980";;;;"ALCANÇOU";;;;;
"MG";"311990";;;;"NÃO ALCANÇOU";;;;;
"MG";"311995";;;;"NÃO ALCANÇOU";;;;;
"MG";"312000";;;;"ALCANÇOU";;;;;
"MG";"312010";;;;"ALCANÇOU";;;;;
"MG";"312015";;;;"ALCANÇOU";;;;;
"MG";"312020";;;;"ALCANÇOU";;;;;
"MG";"312030";;;;"NÃO ALCANÇOU";;;;;
"MG";"312040";;;;"NÃO ALCANÇOU";;;;;
"MG";"312050";;;;"ALCANÇOU";;;;;
"MG";"312060";;;;"ALCANÇOU";;;;;
"MG";"312070";;;;"ALCANÇOU";;;;;
"MG";"312080";;;;"NÃO ALCANÇOU";;;;;
"MG";"312083";;;;"NÃO ALCANÇOU";;;;;
"MG";"312087";;;;"NÃO ALCANÇOU";;;;;
"MG";"312090";;;;"ALCANÇOU";;;;;
"MG";"312100";;;;"NÃO ALCANÇOU";;;;;
"MG";"312110";;;;"ALCANÇOU";;;;;
"MG";"312120";;;;"ALCANÇOU";;;;;
"MG";"312125";;;;"NÃO ALCANÇOU";;;;;
"MG";"312130";;;;"NÃO ALCANÇOU";;;;;
"MG";"312140";;;;"NÃO ALCANÇOU";;;;;
"MG";"312150";;;;"ALCANÇOU";;;;;
"MG";"312160";;;;"NÃO ALCANÇOU";;;;;
"MG";"312170";;;;"ALCANÇOU";;;;;
"MG";"312180";;;;"NÃO ALCANÇOU";;;;;
"MG";"312190";;;;"ALCANÇOU";;;;;
"MG";"312200";;;;"NÃO ALCANÇOU";;;;;
"MG";"312210";;;;"NÃO ALCANÇOU";;;;;
"MG";"312220";;;;"NÃO ALCANÇOU";;;;;
"MG";"312230";;;;"ALCANÇOU";;;;;
"MG";"312235";;;;"ALCANÇOU";;;;;
"MG";"312240";;;;"ALCANÇOU";;;;;
"MG";"312245";;;;"ALCANÇOU";;;;;
"MG";"312247";;;;"ALCANÇOU";;;;;
"MG";"312250";;;;"ALCANÇOU";;;;;
"MG";"312260";;;;"ALCANÇOU";;;;;
"MG";"312270";;;;"ALCANÇOU";;;;;
"MG";"312280";;;;"ALCANÇOU";;;;;
"MG";"312290";;;;"NÃO ALCANÇOU";;;;;
"MG";"312300";;;;"ALCANÇOU";;;;;
"MG";"312310";;;;"NÃO ALCANÇOU";;;;;
"MG";"312320";;;;"ALCANÇOU";;;;;
"MG";"312330";;;;"ALCANÇOU";;;;;
"MG";"312340";;;;"ALCANÇOU";;;;;
"MG";"312350";;;;"NÃO ALCANÇOU";;;;;
"MG";"312352";;;;"ALCANÇOU";;;;;
"MG";"312360";;;;"ALCANÇOU";;;;;
"MG";"312370";;;;"ALCANÇOU";;;;;
"MG";"312380";;;;"NÃO ALCANÇOU";;;;;
"MG";"312385";;;;"ALCANÇOU";;;;;
"MG";"312390";;;;"ALCANÇOU";;;;;
"MG";"312400";;;;"NÃO ALCANÇOU";;;;;
"MG";"312410";;;;"ALCANÇOU";;;;;
"MG";"312420";;;;"ALCANÇOU";;;;;
"MG";"312430";;;;"ALCANÇOU";;;;;
"MG";"312440";;;;"ALCANÇOU";;;;;
"MG";"312450";;;;"ALCANÇOU";;;;;
"MG";"312460";;;;"ALCANÇOU";;;;;
"MG";"312470";;;;"ALCANÇOU";;;;;
"MG";"312480";;;;"ALCANÇOU";;;;;
"MG";"312490";;;;"NÃO ALCANÇOU";;;;;
"MG";"312500";;;;"ALCANÇOU";;;;;
"MG";"312510";;;;"ALCANÇOU";;;;;
"MG";"312520";;;;"ALCANÇOU";;;;;
"MG";"312530";;;;"ALCANÇOU";;;;;
"MG";"312540";;;;"ALCANÇOU";;;;;
"MG";"312550";;;;"ALCANÇOU";;;;;
"MG";"312560";;;;"NÃO ALCANÇOU";;;;;
"MG";"312570";;;;"ALCANÇOU";;;;;
"MG";"312580";;;;"ALCANÇOU";;;;;
"MG";"312590";;;;"ALCANÇOU";;;;;
"MG";"312595";;;;"ALCANÇOU";;;;;
"MG";"312600";;;;"ALCANÇOU";;;;;
"MG";"312610";;;;"ALCANÇOU";;;;;
"MG";"312620";;;;"ALCANÇOU";;;;;
"MG";"312630";;;;"NÃO ALCANÇOU";;;;;
"MG";"312640";;;;"ALCANÇOU";;;;;
"MG";"312650";;;;"ALCANÇOU";;;;;
"MG";"312660";;;;"NÃO ALCANÇOU";;;;;
"MG";"312670";;;;"NÃO ALCANÇOU";;;;;
"MG";"312675";;;;"ALCANÇOU";;;;;
"MG";"312680";;;;"ALCANÇOU";;;;;
"MG";"312690";;;;"ALCANÇOU";;;;;
"MG";"312695";;;;"NÃO ALCANÇOU";;;;;
"MG";"312700";;;;"ALCANÇOU";;;;;
"MG";"312705";;;;"NÃO ALCANÇOU";;;;;
"MG";"312707";;;;"NÃO ALCANÇOU";;;;;
"MG";"312710";;;;"ALCANÇOU";;;;;
"MG";"312720";;;;"ALCANÇOU";;;;;
"MG";"312730";;;;"NÃO ALCANÇOU";;;;;
"MG";"312733";;;;"NÃO ALCANÇOU";;;;;
"MG";"312735";;;;"NÃO ALCANÇOU";;;;;
"MG";"312737";;;;"NÃO ALCANÇOU";;;;;
"MG";"312738";;;;"NÃO ALCANÇOU";;;;;
"MG";"312740";;;;"ALCANÇOU";;;;;
"MG";"312750";;;;"ALCANÇOU";;;;;
"MG";"312760";;;;"ALCANÇOU";;;;;
"MG";"312770";;;;"NÃO ALCANÇOU";;;;;
"MG";"312780";;;;"NÃO ALCANÇOU";;;;;
"MG";"312790";;;;"NÃO ALCANÇOU";;;;;
"MG";"312800";;;;"ALCANÇOU";;;;;
"MG";"312810";;;;"ALCANÇOU";;;;;
"MG";"312820";;;;"NÃO ALCANÇOU";;;;;
"MG";"312825";;;;"ALCANÇOU";;;;;
"MG";"312830";;;;"ALCANÇOU";;;;;
"MG";"312840";;;;"NÃO ALCANÇOU";;;;;
"MG";"312850";;;;"NÃO ALCANÇOU";;;;;
"MG";"312860";;;;"ALCANÇOU";;;;;
"MG";"312870";;;;"ALCANÇOU";;;;;
"MG";"312880";;;;"ALCANÇOU";;;;;
"MG";"312890";;;;"ALCANÇOU";;;;;
"MG";"312900";;;;"ALCANÇOU";;;;;
"MG";"312910";;;;"ALCANÇOU";;;;;
"MG";"312920";;;;"NÃO ALCANÇOU";;;;;
"MG";"312930";;;;"ALCANÇOU";;;;;
"MG";"312940";;;;"ALCANÇOU";;;;;
"MG";"312950";;;;"ALCANÇOU";;;;;
"MG";"312960";;;;"ALCANÇOU";;;;;
"MG";"312965";;;;"NÃO ALCANÇOU";;;;;
"MG";"312970";;;;"ALCANÇOU";;;;;
"MG";"312980";;;;"ALCANÇOU";;;;;
"MG";"312990";;;;"NÃO ALCANÇOU";;;;;
"MG";"313000";;;;"NÃO ALCANÇOU";;;;;
"MG";"313005";;;;"NÃO ALCANÇOU";;;;;
"MG";"313010";;;;"ALCANÇOU";;;;;
"MG";"313020";;;;"ALCANÇOU";;;;;
"MG";"313030";;;;"ALCANÇOU";;;;;
"MG";"313040";;;;"ALCANÇOU";;;;;
"MG";"313050";;;;"ALCANÇOU";;;;;
"MG";"313055";;;;"ALCANÇOU";;;;;
"MG";"313060";;;;"ALCANÇOU";;;;;
"MG";"313065";;;;"ALCANÇOU";;;;;
"MG";"313070";;;;"ALCANÇOU";;;;;
"MG";"313080";;;;"NÃO ALCANÇOU";;;;;
"MG";"313090";;;;"ALCANÇOU";;;;;
"MG";"313100";;;;"ALCANÇOU";;;;;
"MG";"313110";;;;"ALCANÇOU";;;;;
"MG";"313115";;;;"ALCANÇOU";;;;;
"MG";"313120";;;;"ALCANÇOU";;;;;
"MG";"313130";;;;"ALCANÇOU";;;;;
"MG";"313140";;;;"ALCANÇOU";;;;;
"MG";"313150";;;;"ALCANÇOU";;;;;
"MG";"313160";;;;"NÃO ALCANÇOU";;;;;
"MG";"313170";;;;"ALCANÇOU";;;;;
"MG";"313180";;;;"ALCANÇOU";;;;;
"MG";"313190";;;;"ALCANÇOU";;;;;
"MG";"313200";;;;"NÃO ALCANÇOU";;;;;
"MG";"313210";;;;"NÃO ALCANÇOU";;;;;
"MG";"313220";;;;"ALCANÇOU";;;;;
"MG";"313230";;;;"NÃO ALCANÇOU";;;;;
"MG";"313240";;;;"ALCANÇOU";;;;;
"MG";"313250";;;;"ALCANÇOU";;;;;
"MG";"313260";;;;"ALCANÇOU";;;;;
"MG";"313270";;;;"ALCANÇOU";;;;;
"MG";"313280";;;;"ALCANÇOU";;;;;
"MG";"313290";;;;"ALCANÇOU";;;;;
"MG";"313300";;;;"ALCANÇOU";;;;;
"MG";"313310";;;;"ALCANÇOU";;;;;
"MG";"313320";;;;"NÃO ALCANÇOU";;;;;
"MG";"313330";;;;"ALCANÇOU";;;;;
"MG";"313340";;;;"NÃO ALCANÇOU";;;;;
"MG";"313350";;;;"ALCANÇOU";;;;;
"MG";"313360";;;;"ALCANÇOU";;;;;
"MG";"313370";;;;"ALCANÇOU";;;;;
"MG";"313375";;;;"NÃO ALCANÇOU";;;;;
"MG";"313380";;;;"ALCANÇOU";;;;;
"MG";"313390";;;;"ALCANÇOU";;;;;
"MG";"313400";;;;"ALCANÇOU";;;;;
"MG";"313410";;;;"ALCANÇOU";;;;;
"MG";"313420";;;;"ALCANÇOU";;;;;
"MG";"313430";;;;"ALCANÇOU";;;;;
"MG";"313440";;;;"ALCANÇOU";;;;;
"MG";"313450";;;;"ALCANÇOU";;;;;
"MG";"313460";;;;"ALCANÇOU";;;;;
"MG";"313470";;;;"NÃO ALCANÇOU";;;;;
"MG";"313480";;;;"ALCANÇOU";;;;;
"MG";"313490";;;;"ALCANÇOU";;;;;
"MG";"313500";;;;"ALCANÇOU";;;;;
"MG";"313505";;;;"ALCANÇOU";;;;;
"MG";"313507";;;;"NÃO ALCANÇOU";;;;;
"MG";"313510";;;;"NÃO ALCANÇOU";;;;;
"MG";"313520";;;;"NÃO ALCANÇOU";;;;;
"MG";"313530";;;;"ALCANÇOU";;;;;
"MG";"313535";;;;"NÃO ALCANÇOU";;;;;
"MG";"313540";;;;"ALCANÇOU";;;;;
"MG";"313545";;;;"NÃO ALCANÇOU";;;;;
"MG";"313550";;;;"ALCANÇOU";;;;;
"MG";"313560";;;;"NÃO ALCANÇOU";;;;;
"MG";"313570";;;;"ALCANÇOU";;;;;
"MG";"313580";;;;"ALCANÇOU";;;;;
"MG";"313590";;;;"ALCANÇOU";;;;;
"MG";"313600";;;;"ALCANÇOU";;;;;
"MG";"313610";;;;"NÃO ALCANÇOU";;;;;
"MG";"313620";;;;"NÃO ALCANÇOU";;;;;
"MG";"313630";;;;"ALCANÇOU";;;;;
"MG";"313640";;;;"ALCANÇOU";;;;;
"MG";"313650";;;;"NÃO ALCANÇOU";;;;;
"MG";"313652";;;;"NÃO ALCANÇOU";;;;;
"MG";"313655";;;;"ALCANÇOU";;;;;
"MG";"313657";;;;"ALCANÇOU";;;;;
"MG";"313660";;;;"ALCANÇOU";;;;;
"MG";"313665";;;;"ALCANÇOU";;;;;
"MG";"313670";;;;"NÃO ALCANÇOU";;;;;
"MG";"313680";;;;"ALCANÇOU";;;;;
"MG";"313690";;;;"ALCANÇOU";;;;;
"MG";"313695";;;;"ALCANÇOU";;;;;
"MG";"313700";;;;"ALCANÇOU";;;;;
"MG";"313710";;;;"ALCANÇOU";;;;;
"MG";"313720";;;;"ALCANÇOU";;;;;
"MG";"313730";;;;"ALCANÇOU";;;;;
"MG";"313740";;;;"NÃO ALCANÇOU";;;;;
"MG";"313750";;;;"NÃO ALCANÇOU";;;;;
"MG";"313753";;;;"ALCANÇOU";;;;;
"MG";"313760";;;;"NÃO ALCANÇOU";;;;;
"MG";"313770";;;;"ALCANÇOU";;;;;
"MG";"313780";;;;"NÃO ALCANÇOU";;;;;
"MG";"313790";;;;"ALCANÇOU";;;;;
"MG";"313800";;;;"ALCANÇOU";;;;;
"MG";"313810";;;;"ALCANÇOU";;;;;
"MG";"313820";;;;"NÃO ALCANÇOU";;;;;
"MG";"313830";;;;"ALCANÇOU";;;;;
"MG";"313835";;;;"ALCANÇOU";;;;;
"MG";"313840";;;;"NÃO ALCANÇOU";;;;;
"MG";"313850";;;;"NÃO ALCANÇOU";;;;;
"MG";"313860";;;;"ALCANÇOU";;;;;
"MG";"313862";;;;"ALCANÇOU";;;;;
"MG";"313865";;;;"NÃO ALCANÇOU";;;;;
"MG";"313867";;;;"ALCANÇOU";;;;;
"MG";"313868";;;;"ALCANÇOU";;;;;
"MG";"313870";;;;"ALCANÇOU";;;;;
"MG";"313880";;;;"ALCANÇOU";;;;;
"MG";"313890";;;;"ALCANÇOU";;;;;
"MG";"313900";;;;"ALCANÇOU";;;;;
"MG";"313910";;;;"NÃO ALCANÇOU";;;;;
"MG";"313920";;;;"ALCANÇOU";;;;;
"MG";"313925";;;;"ALCANÇOU";;;;;
"MG";"313930";;;;"ALCANÇOU";;;;;
"MG";"313940";;;;"ALCANÇOU";;;;;
"MG";"313950";;;;"ALCANÇOU";;;;;
"MG";"313960";;;;"NÃO ALCANÇOU";;;;;
"MG";"313970";;;;"ALCANÇOU";;;;;
"MG";"313980";;;;"NÃO ALCANÇOU";;;;;
"MG";"313990";;;;"ALCANÇOU";;;;;
"MG";"314000";;;;"NÃO ALCANÇOU";;;;;
"MG";"314010";;;;"ALCANÇOU";;;;;
"MG";"314015";;;;"NÃO ALCANÇOU";;;;;
"MG";"314020";;;;"NÃO ALCANÇOU";;;;;
"MG";"314030";;;;"ALCANÇOU";;;;;
"MG";"314040";;;;"ALCANÇOU";;;;;
"MG";"314050";;;;"ALCANÇOU";;;;;
"MG";"314053";;;;"ALCANÇOU";;;;;
"MG";"314055";;;;"NÃO ALCANÇOU";;;;;
"MG";"314060";;;;"ALCANÇOU";;;;;
"MG";"314070";;;;"ALCANÇOU";;;;;
"MG";"314080";;;;"ALCANÇOU";;;;;
"MG";"314085";;;;"NÃO ALCANÇOU";;;;;
"MG";"314090";;;;"ALCANÇOU";;;;;
"MG";"314100";;;;"ALCANÇOU";;;;;
"MG";"314110";;;;"ALCANÇOU";;;;;
"MG";"314120";;;;"ALCANÇOU";;;;;
"MG";"314130";;;;"ALCANÇOU";;;;;
"MG";"314140";;;;"NÃO ALCANÇOU";;;;;
"MG";"314150";;;;"ALCANÇOU";;;;;
"MG";"314160";;;;"ALCANÇOU";;;;;
"MG";"314170";;;;"ALCANÇOU";;;;;
"MG";"314180";;;;"ALCANÇOU";;;;;
"MG";"314190";;;;"NÃO ALCANÇOU";;;;;
"MG";"314200";;;;"ALCANÇOU";;;;;
"MG";"314210";;;;"ALCANÇOU";;;;;
"MG";"314220";;;;"ALCANÇOU";;;;;
"MG";"314225";;;;"ALCANÇOU";;;;;
"MG";"314230";;;;"ALCANÇOU";;;;;
"MG";"314240";;;;"ALCANÇOU";;;;;
"MG";"314250";;;;"ALCANÇOU";;;;;
"MG";"314260";;;;"ALCANÇOU";;;;;
"MG";"314270";;;;"NÃO ALCANÇOU";;;;;
"MG";"314280";;;;"ALCANÇOU";;;;;
"MG";"314290";;;;"ALCANÇOU";;;;;
"MG";"314300";;;;"NÃO ALCANÇOU";;;;;
"MG";"314310";;;;"ALCANÇOU";;;;;
"MG";"314315";;;;"NÃO ALCANÇOU";;;;;
"MG";"314320";;;;"ALCANÇOU";;;;;
"MG";"314330";;;;"ALCANÇOU";;;;;
"MG";"314340";;;;"ALCANÇOU";;;;;
"MG";"314345";;;;"NÃO ALCANÇOU";;;;;
"MG";"314350";;;;"ALCANÇOU";;;;;
"MG";"314360";;;;"ALCANÇOU";;;;;
"MG";"314370";;;;"ALCANÇOU";;;;;
"MG";"314380";;;;"ALCANÇOU";;;;;
"MG";"314390";;;;"ALCANÇOU";;;;;
"MG";"314400";;;;"NÃO ALCANÇOU";;;;;
"MG";"314410";;;;"ALCANÇOU";;;;;
"MG";"314420";;;;"ALCANÇOU";;;;;
"MG";"314430";;;;"ALCANÇOU";;;;;
"MG";"314435";;;;"ALCANÇOU";;;;;
"MG";"314437";;;;"ALCANÇOU";;;;;
"MG";"314440";;;;"NÃO ALCANÇOU";;;;;
"MG";"314450";;;;"NÃO ALCANÇOU";;;;;
"MG";"314460";;;;"NÃO ALCANÇOU";;;;;
"MG";"314465";;;;"ALCANÇOU";;;;;
"MG";"314467";;;;"ALCANÇOU";;;;;
"MG";"314470";;;;"ALCANÇOU";;;;;
"MG";"314480";;;;"ALCANÇOU";;;;;
"MG";"314490";;;;"NÃO ALCANÇOU";;;;;
"MG";"314500";;;;"ALCANÇOU";;;;;
"MG";"314505";;;;"NÃO ALCANÇOU";;;;;
"MG";"314510";;;;"ALCANÇOU";;;;;
"MG";"314520";;;;"ALCANÇOU";;;;;
"MG";"314530";;;;"ALCANÇOU";;;;;
"MG";"314535";;;;"ALCANÇOU";;;;;
"MG";"314537";;;;"NÃO ALCANÇOU";;;;;
"MG";"314540";;;;"ALCANÇOU";;;;;
"MG";"314545";;;;"ALCANÇOU";;;;;
"MG";"314550";;;;"ALCANÇOU";;;;;
"MG";"314560";;;;"ALCANÇOU";;;;;
"MG";"314570";;;;"ALCANÇOU";;;;;
"MG";"314580";;;;"ALCANÇOU";;;;;
"MG";"314585";;;;"ALCANÇOU";;;;;
"MG";"314587";;;;"ALCANÇOU";;;;;
"MG";"314590";;;;"ALCANÇOU";;;;;
"MG";"314600";;;;"NÃO ALCANÇOU";;;;;
"MG";"314610";;;;"ALCANÇOU";;;;;
"MG";"314620";;;;"ALCANÇOU";;;;;
"MG";"314625";;;;"NÃO ALCANÇOU";;;;;
"MG";"314630";;;;"ALCANÇOU";;;;;
"MG";"314640";;;;"ALCANÇOU";;;;;
"MG";"314650";;;;"ALCANÇOU";;;;;
"MG";"314655";;;;"ALCANÇOU";;;;;
"MG";"314660";;;;"ALCANÇOU";;;;;
"MG";"314670";;;;"NÃO ALCANÇOU";;;;;
"MG";"314675";;;;"NÃO ALCANÇOU";;;;;
"MG";"314690";;;;"ALCANÇOU";;;;;
"MG";"314700";;;;"ALCANÇOU";;;;;
"MG";"314710";;;;"ALCANÇOU";;;;;
"MG";"314720";;;;"NÃO ALCANÇOU";;;;;
"MG";"314730";;;;"ALCANÇOU";;;;;
"MG";"314740";;;;"ALCANÇOU";;;;;
"MG";"314750";;;;"NÃO ALCANÇOU";;;;;
"MG";"314760";;;;"ALCANÇOU";;;;;
"MG";"314770";;;;"NÃO ALCANÇOU";;;;;
"MG";"314780";;;;"NÃO ALCANÇOU";;;;;
"MG";"314790";;;;"ALCANÇOU";;;;;
"MG";"314795";;;;"NÃO ALCANÇOU";;;;;
"MG";"314800";;;;"ALCANÇOU";;;;;
"MG";"314810";;;;"ALCANÇOU";;;;;
"MG";"314820";;;;"NÃO ALCANÇOU";;;;;
"MG";"314830";;;;"ALCANÇOU";;;;;
"MG";"314840";;;;"ALCANÇOU";;;;;
"MG";"314850";;;;"ALCANÇOU";;;;;
"MG";"314860";;;;"NÃO ALCANÇOU";;;;;
"MG";"314870";;;;"ALCANÇOU";;;;;
"MG";"314875";;;;"ALCANÇOU";;;;;
"MG";"314880";;;;"NÃO ALCANÇOU";;;;;
"MG";"314890";;;;"ALCANÇOU";;;;;
"MG";"314900";;;;"NÃO ALCANÇOU";;;;;
"MG";"314910";;;;"ALCANÇOU";;;;;
"MG";"314915";;;;"NÃO ALCANÇOU";;;;;
"MG";"314920";;;;"ALCANÇOU";;;;;
"MG";"314930";;;;"NÃO ALCANÇOU";;;;;
"MG";"314940";;;;"ALCANÇOU";;;;;
"MG";"314950";;;;"NÃO ALCANÇOU";;;;;
"MG";"314960";;;;"ALCANÇOU";;;;;
"MG";"314970";;;;"ALCANÇOU";;;;;
"MG";"314980";;;;"NÃO ALCANÇOU";;;;;
"MG";"314990";;;;"ALCANÇOU";;;;;
"MG";"314995";;;;"NÃO ALCANÇOU";;;;;
"MG";"315000";;;;"ALCANÇOU";;;;;
"MG";"315010";;;;"NÃO ALCANÇOU";;;;;
"MG";"315015";;;;"ALCANÇOU";;;;;
"MG";"315020";;;;"NÃO ALCANÇOU";;;;;
"MG";"315030";;;;"ALCANÇOU";;;;;
"MG";"315040";;;;"NÃO ALCANÇOU";;;;;
"MG";"315050";;;;"NÃO ALCANÇOU";;;;;
"MG";"315053";;;;"ALCANÇOU";;;;;
"MG";"315057";;;;"NÃO ALCANÇOU";;;;;
"MG";"315060";;;;"ALCANÇOU";;;;;
"MG";"315070";;;;"ALCANÇOU";;;;;
"MG";"315080";;;;"NÃO ALCANÇOU";;;;;
"MG";"315090";;;;"ALCANÇOU";;;;;
"MG";"315100";;;;"ALCANÇOU";;;;;
"MG";"315110";;;;"NÃO ALCANÇOU";;;;;
"MG";"315120";;;;"ALCANÇOU";;;;;
"MG";"315130";;;;"ALCANÇOU";;;;;
"MG";"315140";;;;"ALCANÇOU";;;;;
"MG";"315150";;;;"ALCANÇOU";;;;;
"MG";"315160";;;;"NÃO ALCANÇOU";;;;;
"MG";"315170";;;;"ALCANÇOU";;;;;
"MG";"315180";;;;"ALCANÇOU";;;;;
"MG";"315190";;;;"ALCANÇOU";;;;;
"MG";"315200";;;;"ALCANÇOU";;;;;
"MG";"315210";;;;"NÃO ALCANÇOU";;;;;
"MG";"315213";;;;"NÃO ALCANÇOU";;;;;
"MG";"315217";;;;"ALCANÇOU";;;;;
"MG";"315220";;;;"NÃO ALCANÇOU";;;;;
"MG";"315230";;;;"ALCANÇOU";;;;;
"MG";"315240";;;;"ALCANÇOU";;;;;
"MG";"315250";;;;"ALCANÇOU";;;;;
"MG";"315260";;;;"NÃO ALCANÇOU";;;;;
"MG";"315270";;;;"NÃO ALCANÇOU";;;;;
"MG";"315280";;;;"ALCANÇOU";;;;;
"MG";"315290";;;;"ALCANÇOU";;;;;
"MG";"315300";;;;"ALCANÇOU";;;;;
"MG";"315310";;;;"ALCANÇOU";;;;;
"MG";"315320";;;;"ALCANÇOU";;;;;
"MG";"315330";;;;"ALCANÇOU";;;;;
"MG";"315340";;;;"ALCANÇOU";;;;;
"MG";"315350";;;;"NÃO ALCANÇOU";;;;;
"MG";"315360";;;;"ALCANÇOU";;;;;
"MG";"315370";;;;"ALCANÇOU";;;;;
"MG";"315380";;;;"ALCANÇOU";;;;;
"MG";"315390";;;;"NÃO ALCANÇOU";;;;;
"MG";"315400";;;;"ALCANÇOU";;;;;
"MG";"315410";;;;"ALCANÇOU";;;;;
"MG";"315415";;;;"ALCANÇOU";;;;;
"MG";"315420";;;;"ALCANÇOU";;;;;
"MG";"315430";;;;"ALCANÇOU";;;;;
"MG";"315440";;;;"NÃO ALCANÇOU";;;;;
"MG";"315445";;;;"NÃO ALCANÇOU";;;;;
"MG";"315450";;;;"NÃO ALCANÇOU";;;;;
"MG";"315460";;;;"ALCANÇOU";;;;;
"MG";"315470";;;;"NÃO ALCANÇOU";;;;;
"MG";"315480";;;;"ALCANÇOU";;;;;
"MG";"315490";;;;"ALCANÇOU";;;;;
"MG";"315500";;;;"NÃO ALCANÇOU";;;;;
"MG";"315510";;;;"ALCANÇOU";;;;;
"MG";"315520";;;;"ALCANÇOU";;;;;
"MG";"315530";;;;"NÃO ALCANÇOU";;;;;
"MG";"315540";;;;"ALCANÇOU";;;;;
"MG";"315550";;;;"ALCANÇOU";;;;;
"MG";"315560";;;;"NÃO ALCANÇOU";;;;;
"MG";"315570";;;;"ALCANÇOU";;;;;
"MG";"315580";;;;"ALCANÇOU";;;;;
"MG";"315590";;;;"ALCANÇOU";;;;;
"MG";"315600";;;;"ALCANÇOU";;;;;
"MG";"315610";;;;"NÃO ALCANÇOU";;;;;
"MG";"315620";;;;"NÃO ALCANÇOU";;;;;
"MG";"315630";;;;"ALCANÇOU";;;;;
"MG";"315640";;;;"ALCANÇOU";;;;;
"MG";"315645";;;;"ALCANÇOU";;;;;
"MG";"315650";;;;"NÃO ALCANÇOU";;;;;
"MG";"315660";;;;"ALCANÇOU";;;;;
"MG";"315670";;;;"ALCANÇOU";;;;;
"MG";"315680";;;;"ALCANÇOU";;;;;
"MG";"315690";;;;"ALCANÇOU";;;;;
"MG";"315700";;;;"ALCANÇOU";;;;;
"MG";"315710";;;;"ALCANÇOU";;;;;
"MG";"315720";;;;"ALCANÇOU";;;;;
"MG";"315725";;;;"NÃO ALCANÇOU";;;;;
"MG";"315727";;;;"NÃO ALCANÇOU";;;;;
"MG";"315730";;;;"ALCANÇOU";;;;;
"MG";"315733";;;;"ALCANÇOU";;;;;
"MG";"315737";;;;"NÃO ALCANÇOU";;;;;
"MG";"315740";;;;"NÃO ALCANÇOU";;;;;
"MG";"315750";;;;"NÃO ALCANÇOU";;;;;
"MG";"315760";;;;"ALCANÇOU";;;;;
"MG";"315765";;;;"ALCANÇOU";;;;;
"MG";"315770";;;;"ALCANÇOU";;;;;
"MG";"315780";;;;"ALCANÇOU";;;;;
"MG";"315790";;;;"ALCANÇOU";;;;;
"MG";"315800";;;;"NÃO ALCANÇOU";;;;;
"MG";"315810";;;;"NÃO ALCANÇOU";;;;;
"MG";"315820";;;;"NÃO ALCANÇOU";;;;;
"MG";"315830";;;;"ALCANÇOU";;;;;
"MG";"315840";;;;"ALCANÇOU";;;;;
"MG";"315850";;;;"ALCANÇOU";;;;;
"MG";"315860";;;;"ALCANÇOU";;;;;
"MG";"315870";;;;"ALCANÇOU";;;;;
"MG";"315880";;;;"ALCANÇOU";;;;;
"MG";"315890";;;;"ALCANÇOU";;;;;
"MG";"315895";;;;"ALCANÇOU";;;;;
"MG";"315900";;;;"ALCANÇOU";;;;;
"MG";"315910";;;;"ALCANÇOU";;;;;
"MG";"315920";;;;"ALCANÇOU";;;;;
"MG";"315930";;;;"ALCANÇOU";;;;;
"MG";"315935";;;;"NÃO ALCANÇOU";;;;;
"MG";"315940";;;;"ALCANÇOU";;;;;
"MG";"315950";;;;"NÃO ALCANÇOU";;;;;
"MG";"315960";;;;"NÃO ALCANÇOU";;;;;
"MG";"315970";;;;"ALCANÇOU";;;;;
"MG";"315980";;;;"ALCANÇOU";;;;;
"MG";"315990";;;;"NÃO ALCANÇOU";;;;;
"MG";"316000";;;;"ALCANÇOU";;;;;
"MG";"316010";;;;"NÃO ALCANÇOU";;;;;
"MG";"316020";;;;"ALCANÇOU";;;;;
"MG";"316030";;;;"ALCANÇOU";;;;;
"MG";"316040";;;;"ALCANÇOU";;;;;
"MG";"316045";;;;"ALCANÇOU";;;;;
"MG";"316050";;;;"NÃO ALCANÇOU";;;;;
"MG";"316060";;;;"ALCANÇOU";;;;;
"MG";"316070";;;;"NÃO ALCANÇOU";;;;;
"MG";"316080";;;;"ALCANÇOU";;;;;
"MG";"316090";;;;"ALCANÇOU";;;;;
"MG";"316095";;;;"ALCANÇOU";;;;;
"MG";"316100";;;;"NÃO ALCANÇOU";;;;;
"MG";"316105";;;;"NÃO ALCANÇOU";;;;;
"MG";"316110";;;;"NÃO ALCANÇOU";;;;;
"MG";"316120";;;;"ALCANÇOU";;;;;
"MG";"316130";;;;"ALCANÇOU";;;;;
"MG";"316140";;;;"NÃO ALCANÇOU";;;;;
"MG";"316150";;;;"NÃO ALCANÇOU";;;;;
"MG";"316160";;;;"ALCANÇOU";;;;;
"MG";"316165";;;;"ALCANÇOU";;;;;
"MG";"316170";;;;"ALCANÇOU";;;;;
"MG";"316180";;;;"ALCANÇOU";;;;;
"MG";"316190";;;;"ALCANÇOU";;;;;
"MG";"316200";;;;"ALCANÇOU";;;;;
"MG";"316210";;;;"ALCANÇOU";;;;;
"MG";"316220";;;;"NÃO ALCANÇOU";;;;;
"MG";"316225";;;;"NÃO ALCANÇOU";;;;;
"MG";"316230";;;;"ALCANÇOU";;;;;
"MG";"316240";;;;"ALCANÇOU";;;;;
"MG";"316245";;;;"NÃO ALCANÇOU";;;;;
"MG";"316250";;;;"NÃO ALCANÇOU";;;;;
"MG";"316255";;;;"NÃO ALCANÇOU";;;;;
"MG";"316257";;;;"NÃO ALCANÇOU";;;;;
"MG";"316260";;;;"NÃO ALCANÇOU";;;;;
"MG";"316265";;;;"ALCANÇOU";;;;;
"MG";"316270";;;;"ALCANÇOU";;;;;
"MG";"316280";;;;"ALCANÇOU";;;;;
"MG";"316290";;;;"ALCANÇOU";;;;;
"MG";"316292";;;;"NÃO ALCANÇOU";;;;;
"MG";"316294";;;;"NÃO ALCANÇOU";;;;;
"MG";"316295";;;;"NÃO ALCANÇOU";;;;;
"MG";"316300";;;;"ALCANÇOU";;;;;
"MG";"316310";;;;"ALCANÇOU";;;;;
"MG";"316320";;;;"NÃO ALCANÇOU";;;;;
"MG";"316330";;;;"ALCANÇOU";;;;;
"MG";"316340";;;;"NÃO ALCANÇOU";;;;;
"MG";"316350";;;;"ALCANÇOU";;;;;
"MG";"316360";;;;"NÃO ALCANÇOU";;;;;
"MG";"316370";;;;"ALCANÇOU";;;;;
"MG";"316380";;;;"NÃO ALCANÇOU";;;;;
"MG";"316390";;;;"ALCANÇOU";;;;;
"MG";"316400";;;;"ALCANÇOU";;;;;
"MG";"316410";;;;"NÃO ALCANÇOU";;;;;
"MG";"316420";;;;"NÃO ALCANÇOU";;;;;
"MG";"316430";;;;"NÃO ALCANÇOU";;;;;
"MG";"316440";;;;"ALCANÇOU";;;;;
"MG";"316443";;;;"NÃO ALCANÇOU";;;;;
"MG";"316447";;;;"ALCANÇOU";;;;;
"MG";"316450";;;;"ALCANÇOU";;;;;
"MG";"316460";;;;"ALCANÇOU";;;;;
"MG";"316470";;;;"NÃO ALCANÇOU";;;;;
"MG";"316480";;;;"ALCANÇOU";;;;;
"MG";"316490";;;;"NÃO ALCANÇOU";;;;;
"MG";"316500";;;;"NÃO ALCANÇOU";;;;;
"MG";"316510";;;;"NÃO ALCANÇOU";;;;;
"MG";"316520";;;;"NÃO ALCANÇOU";;;;;
"MG";"316530";;;;"NÃO ALCANÇOU";;;;;
"MG";"316540";;;;"NÃO ALCANÇOU";;;;;
"MG";"316550";;;;"ALCANÇOU";;;;;
"MG";"316553";;;;"ALCANÇOU";;;;;
"MG";"316555";;;;"ALCANÇOU";;;;;
"MG";"316556";;;;"NÃO ALCANÇOU";;;;;
"MG";"316557";;;;"ALCANÇOU";;;;;
"MG";"316560";;;;"NÃO ALCANÇOU";;;;;
"MG";"316570";;;;"ALCANÇOU";;;;;
"MG";"316580";;;;"NÃO ALCANÇOU";;;;;
"MG";"316590";;;;"ALCANÇOU";;;;;
"MG";"316600";;;;"ALCANÇOU";;;;;
"MG";"316610";;;;"NÃO ALCANÇOU";;;;;
"MG";"316620";;;;"ALCANÇOU";;;;;
"MG";"316630";;;;"ALCANÇOU";;;;;
"MG";"316640";;;;"ALCANÇOU";;;;;
"MG";"316650";;;;"ALCANÇOU";;;;;
"MG";"316660";;;;"ALCANÇOU";;;;;
"MG";"316670";;;;"ALCANÇOU";;;;;
"MG";"316680";;;;"ALCANÇOU";;;;;
"MG";"316690";;;;"ALCANÇOU";;;;;
"MG";"316695";;;;"ALCANÇOU";;;;;
"MG";"316700";;;;"ALCANÇOU";;;;;
"MG";"316710";;;;"ALCANÇOU";;;;;
"MG";"316720";;;;"ALCANÇOU";;;;;
"MG";"316730";;;;"ALCANÇOU";;;;;
"MG";"316740";;;;"NÃO ALCANÇOU";;;;;
"MG";"316750";;;;"NÃO ALCANÇOU";;;;;
"MG";"316760";;;;"ALCANÇOU";;;;;
"MG";"316770";;;;"NÃO ALCANÇOU";;;;;
"MG";"316780";;;;"ALCANÇOU";;;;;
"MG";"316790";;;;"ALCANÇOU";;;;;
"MG";"316800";;;;"ALCANÇOU";;;;;
"MG";"316805";;;;"ALCANÇOU";;;;;
"MG";"316810";;;;"ALCANÇOU";;;;;
"MG";"316820";;;;"NÃO ALCANÇOU";;;;;
"MG";"316830";;;;"NÃO ALCANÇOU";;;;;
"MG";"316840";;;;"ALCANÇOU";;;;;
"MG";"316850";;;;"ALCANÇOU";;;;;
"MG";"316860";;;;"NÃO ALCANÇOU";;;;;
"MG";"316870";;;;"ALCANÇOU";;;;;
"MG";"316880";;;;"ALCANÇOU";;;;;
"MG";"316890";;;;"ALCANÇOU";;;;;
"MG";"316900";;;;"NÃO ALCANÇOU";;;;;
"MG";"316905";;;;"NÃO ALCANÇOU";;;;;
"MG";"316910";;;;"NÃO ALCANÇOU";;;;;
"MG";"316920";;;;"ALCANÇOU";;;;;
"MG";"316930";;;;"NÃO ALCANÇOU";;;;;
"MG";"316935";;;;"ALCANÇOU";;;;;
"MG";"316940";;;;"NÃO ALCANÇOU";;;;;
"MG";"316950";;;;"NÃO ALCANÇOU";;;;;
"MG";"316960";;;;"ALCANÇOU";;;;;
"MG";"316970";;;;"ALCANÇOU";;;;;
"MG";"316980";;;;"ALCANÇOU";;;;;
"MG";"316990";;;;"ALCANÇOU";;;;;
"MG";"317000";;;;"NÃO ALCANÇOU";;;;;
"MG";"317005";;;;"ALCANÇOU";;;;;
"MG";"317010";;;;"ALCANÇOU";;;;;
"MG";"317020";;;;"ALCANÇOU";;;;;
"MG";"317030";;;;"NÃO ALCANÇOU";;;;;
"MG";"317040";;;;"ALCANÇOU";;;;;
"MG";"317043";;;;"ALCANÇOU";;;;;
"MG";"317047";;;;"ALCANÇOU";;;;;
"MG";"317050";;;;"NÃO ALCANÇOU";;;;;
"MG";"317052";;;;"NÃO ALCANÇOU";;;;;
"MG";"317057";;;;"ALCANÇOU";;;;;
"MG";"317060";;;;"ALCANÇOU";;;;;
"MG";"317065";;;;"ALCANÇOU";;;;;
"MG";"317070";;;;"ALCANÇOU";;;;;
"MG";"317075";;;;"ALCANÇOU";;;;;
"MG";"317080";;;;"ALCANÇOU";;;;;
"MG";"317090";;;;"NÃO ALCANÇOU";;;;;
"MG";"317100";;;;"ALCANÇOU";;;;;
"MG";"317103";;;;"ALCANÇOU";;;;;
"MG";"317107";;;;"ALCANÇOU";;;;;
"MG";"317110";;;;"NÃO ALCANÇOU";;;;;
"MG";"317115";;;;"ALCANÇOU";;;;;
"MG";"317120";;;;"ALCANÇOU";;;;;
"MG";"317130";;;;"ALCANÇOU";;;;;
"MG";"317140";;;;"NÃO ALCANÇOU";;;;;
"MG";"317150";;;;"NÃO ALCANÇOU";;;;;
"MG";"317160";;;;"ALCANÇOU";;;;;
"MG";"317170";;;;"ALCANÇOU";;;;;
"MG";"317180";;;;"NÃO ALCANÇOU";;;;;
"MG";"317190";;;;"ALCANÇOU";;;;;
"MG";"317200";;;;"ALCANÇOU";;;;;
"MG";"317210";;;;"ALCANÇOU";;;;;
"MG";"317220";;;;"ALCANÇOU";;;;;
"MS";"500025";"Alcinópolis";"ALCANÇOU";"ALCANÇOU";;"ALCANÇOU";"ALCANÇOU";"NÃO ALCANÇOU";"ALCANÇOU";"ALCANÇOU"
"MS";"500060";"Amambai";"ALCANÇOU";"ALCANÇOU";;"NÃO ALCANÇOU";"ALCANÇOU";"ALCANÇOU";"ALCANÇOU";"ALCANÇOU"
"MS";"500070";"Anastácio";"ALCANÇOU";"ALCANÇOU";;"ALCANÇOU";"NÃO ALCANÇOU";"ALCANÇOU";"NÃO ALCANÇOU";"ALCANÇOU"
"MS";"500080";"Anaurilândia";"ALCANÇOU";"ALCANÇOU";;"ALCANÇOU";"NÃO ALCANÇOU";"NÃO ALCANÇOU";"ALCANÇOU";"ALCANÇOU"
"MS";"500085";"Angélica";"ALCANÇOU";"ALCANÇOU";;"ALCANÇOU";"NÃO ALCANÇOU";"NÃO ALCANÇOU";"NÃO ALCANÇOU";"ALCANÇOU"
"MS";"500090";"Antônio João";"ALCANÇOU";"ALCANÇOU";;"ALCANÇOU";"NÃO ALCANÇOU";"NÃO ALCANÇOU";"ALCANÇOU";"ALCANÇOU"
"MS";"500100";"Aparecida do Taboado";"ALCANÇOU";"ALCANÇOU";;"NÃO ALCANÇOU";"ALCANÇOU";"ALCANÇOU";"ALCANÇOU";"ALCANÇOU"
"MS";"500110";"Aquidauana";"ALCANÇOU";"ALCANÇOU";;"NÃO ALCANÇOU";"ALCANÇOU";"ALCANÇOU";"ALCANÇOU";"ALCANÇOU"
"MS";"500124";"Aral Moreira";"ALCANÇOU";"ALCANÇOU";;"ALCANÇOU";"ALCANÇOU";"NÃO ALCANÇOU";"ALCANÇOU";"NÃO ALCANÇOU"
"MS";"500150";"Bandeirantes";"ALCANÇOU";"ALCANÇOU";;"NÃO ALCANÇOU";"NÃO ALCANÇOU";"ALCANÇOU";"ALCANÇOU";"ALCANÇOU"
"MS";"500190";"Bataguassu";"NÃO ALCANÇOU";"ALCANÇOU";;"ALCANÇOU";"NÃO ALCANÇOU";"NÃO ALCANÇOU";"ALCANÇOU";"NÃO ALCANÇOU"
"MS";"500200";"Batayporã";"ALCANÇOU";"ALCANÇOU";;"ALCANÇOU";"NÃO ALCANÇOU";"ALCANÇOU";"NÃO ALCANÇOU";"ALCANÇOU"
"MS";"500210";"Bela Vista";"ALCANÇOU";"ALCANÇOU";;"NÃO ALCANÇOU";"NÃO ALCANÇOU";"ALCANÇOU";"NÃO ALCANÇOU";"NÃO ALCANÇOU"
"MS";"500215";"Bodoquena";"NÃO ALCANÇOU";"ALCANÇOU";;"ALCANÇOU";"ALCANÇOU";"NÃO ALCANÇOU";"ALCANÇOU";"NÃO ALCANÇOU"
"MS";"500220";"Bonito";"ALCANÇOU";"ALCANÇOU";;"NÃO ALCANÇOU";"ALCANÇOU";"ALCANÇOU";"ALCANÇOU";"ALCANÇOU"
"MS";"500230";"Brasilândia";"ALCANÇOU";"ALCANÇOU";;"ALCANÇOU";"NÃO ALCANÇOU";"ALCANÇOU";"ALCANÇOU";"ALCANÇOU"
"MS";"500240";"Caarapó";"ALCANÇOU";"ALCANÇOU";;"NÃO ALCANÇOU";"NÃO ALCANÇOU";"NÃO ALCANÇOU";"NÃO ALCANÇOU";"ALCANÇOU"
"MS";"500260";"Camapuã";"ALCANÇOU";"ALCANÇOU";;"ALCANÇOU";"NÃO ALCANÇOU";"NÃO ALCANÇOU";"NÃO ALCANÇOU";"ALCANÇOU"
"MS";"500270";"Campo Grande";"ALCANÇOU";"ALCANÇOU";;"NÃO ALCANÇOU";"ALCANÇOU";"ALCANÇOU";"ALCANÇOU";"ALCANÇOU"
"MS";"500280";"Caracol";"ALCANÇOU";"ALCANÇOU";;"ALCANÇOU";"ALCANÇOU";"NÃO ALCANÇOU";"ALCANÇOU";"ALCANÇOU"
"MS";"500290";"Cassilândia";"ALCANÇOU";"ALCANÇOU";;"ALCANÇOU";"NÃO ALCANÇOU";"NÃO ALCANÇOU";"ALCANÇOU";"ALCANÇOU"
"MS";"500295";"Chapadão do Sul";"ALCANÇOU";"ALCANÇOU";;"ALCANÇOU";"ALCANÇOU";"ALCANÇOU";"ALCANÇOU";"ALCANÇOU"
"MS";"500310";"Corguinho";"ALCANÇOU";"ALCANÇOU";;"NÃO ALCANÇOU";"NÃO ALCANÇOU";"NÃO ALCANÇOU";"ALCANÇOU";"NÃO ALCANÇOU"
"MS";"500315";"Coronel Sapucaia";"ALCANÇOU";"ALCANÇOU";;"NÃO ALCANÇOU";"NÃO ALCANÇOU";"ALCANÇOU";"NÃO ALCANÇOU";"NÃO ALCANÇOU"
"MS";"500320";"Corumbá";"ALCANÇOU";"ALCANÇOU";;"NÃO ALCANÇOU";"ALCANÇOU";"NÃO ALCANÇOU";"NÃO ALCANÇOU";"ALCANÇOU"
"MS";"500325";"Costa Rica";"ALCANÇOU";"ALCANÇOU";;"NÃO ALCANÇOU";"ALCANÇOU";"ALCANÇOU";"NÃO ALCANÇOU";"ALCANÇOU"
"MS";"500330";"Coxim";"ALCANÇOU";"ALCANÇOU";;"NÃO ALCANÇOU";"ALCANÇOU";"ALCANÇOU";"ALCANÇOU";"ALCANÇOU"
"MS";"500345";"Deodápolis";"ALCANÇOU";"ALCANÇOU";;"ALCANÇOU";"ALCANÇOU";"ALCANÇOU";"NÃO ALCANÇOU";"ALCANÇOU"
"MS";"500348";"Dois Irmãos do Buriti";"ALCANÇOU";"NÃO ALCANÇOU";;"NÃO ALCANÇOU";"ALCANÇOU";"NÃO ALCANÇOU";"NÃO ALCANÇOU";"ALCANÇOU"
"MS";"500350";"Douradina";"ALCANÇOU";"ALCANÇOU";;"ALCANÇOU";"ALCANÇOU";"NÃO ALCANÇOU";"ALCANÇOU";"ALCANÇOU"
"MS";"500370";"Dourados";"ALCANÇOU";"ALCANÇOU";;"NÃO ALCANÇOU";"ALCANÇOU";"ALCANÇOU";"NÃO ALCANÇOU";"NÃO ALCANÇOU"
"MS";"500375";"Eldorado";"ALCANÇOU";"ALCANÇOU";;"NÃO ALCANÇOU";"NÃO ALCANÇOU";"NÃO ALCANÇOU";"ALCANÇOU";"ALCANÇOU"
"MS";"500390";"Figueirão";"ALCANÇOU";"ALCANÇOU";;"ALCANÇOU";"NÃO ALCANÇOU";"NÃO ALCANÇOU";"ALCANÇOU";"ALCANÇOU"
"MS";"500380";"Fátima do Sul";"ALCANÇOU";"ALCANÇOU";;"ALCANÇOU";"NÃO ALCANÇOU";"NÃO ALCANÇOU";"ALCANÇOU";"ALCANÇOU"
"MS";"500400";"Glória de Dourados";"ALCANÇOU";"ALCANÇOU";;"NÃO ALCANÇOU";"NÃO ALCANÇOU";"NÃO ALCANÇOU";"ALCANÇOU";"ALCANÇOU"
"MS";"500410";"Guia Lopes da Laguna";"ALCANÇOU";"ALCANÇOU";;"ALCANÇOU";"NÃO ALCANÇOU";"ALCANÇOU";"ALCANÇOU";"ALCANÇOU"
"MS";"500430";"Iguatemi";"ALCANÇOU";"ALCANÇOU";;"ALCANÇOU";"NÃO ALCANÇOU";"NÃO ALCANÇOU";"NÃO ALCANÇOU";"NÃO ALCANÇOU"
"MS";"500440";"Inocência";"NÃO ALCANÇOU";"ALCANÇOU";;"ALCANÇOU";"NÃO ALCANÇOU";"ALCANÇOU";"ALCANÇOU";"ALCANÇOU"
"MS";"500450";"Itaporã";"ALCANÇOU";"ALCANÇOU";;"ALCANÇOU";"ALCANÇOU";"ALCANÇOU";"NÃO ALCANÇOU";"ALCANÇOU"
"MS";"500460";"Itaquiraí";"ALCANÇOU";"NÃO ALCANÇOU";;"NÃO ALCANÇOU";"ALCANÇOU";"ALCANÇOU";"NÃO ALCANÇOU";"ALCANÇOU"
"MS";"500470";"Ivinhema";"ALCANÇOU";"ALCANÇOU";;"NÃO ALCANÇOU";"ALCANÇOU";"ALCANÇOU";"ALCANÇOU";"ALCANÇOU"
"MS";"500480";"Japorã";"ALCANÇOU";"ALCANÇOU";;"ALCANÇOU";"NÃO ALCANÇOU";"NÃO ALCANÇOU";"ALCANÇOU";"ALCANÇOU"
"MS";"500490";"Jaraguari";"NÃO ALCANÇOU";"NÃO ALCANÇOU";;"NÃO ALCANÇOU";"NÃO ALCANÇOU";"ALCANÇOU";"NÃO ALCANÇOU";"ALCANÇOU"
"MS";"500500";"Jardim";"ALCANÇOU";"ALCANÇOU";;"ALCANÇOU";"ALCANÇOU";"NÃO ALCANÇOU";"ALCANÇOU";"ALCANÇOU"
"MS";"500510";"Jateí";"ALCANÇOU";"ALCANÇOU";;"ALCANÇOU";"ALCANÇOU";"NÃO ALCANÇOU";"NÃO ALCANÇOU";"ALCANÇOU"
"MS";"500515";"Juti";"ALCANÇOU";"ALCANÇOU";;"ALCANÇOU";"NÃO ALCANÇOU";"NÃO ALCANÇOU";"ALCANÇOU";"NÃO ALCANÇOU"
"MS";"500520";"Ladário";"ALCANÇOU";"ALCANÇOU";;"NÃO ALCANÇOU";"ALCANÇOU";"NÃO ALCANÇOU";"NÃO ALCANÇOU";"ALCANÇOU"
"MS";"500525";"Laguna Carapã";"NÃO ALCANÇOU";"ALCANÇOU";;"ALCANÇOU";"NÃO ALCANÇOU";"NÃO ALCANÇOU";"ALCANÇOU";"NÃO ALCANÇOU"
"MS";"500540";"Maracaju";"ALCANÇOU";"ALCANÇOU";;"NÃO ALCANÇOU";"ALCANÇOU";"NÃO ALCANÇOU";"ALCANÇOU";"ALCANÇOU"
"MS";"500560";"Miranda";"ALCANÇOU";"ALCANÇOU";;"NÃO ALCANÇOU";"ALCANÇOU";"ALCANÇOU";"ALCANÇOU";"ALCANÇOU"
"MS";"500568";"Mundo Novo";"ALCANÇOU";"ALCANÇOU";;"NÃO ALCANÇOU";"NÃO ALCANÇOU";"ALCANÇOU";"ALCANÇOU";"ALCANÇOU"
"MS";"500570";"Naviraí";"ALCANÇOU";"ALCANÇOU";;"NÃO ALCANÇOU";"ALCANÇOU";"ALCANÇOU";"ALCANÇOU";"ALCANÇOU"
"MS";"500580";"Nioaque";"NÃO ALCANÇOU";"ALCANÇOU";;"ALCANÇOU";"NÃO ALCANÇOU";"ALCANÇOU";"NÃO ALCANÇOU";"ALCANÇOU"
"MS";"500600";"Nova Alvorada do Sul";"ALCANÇOU";"ALCANÇOU";;"NÃO ALCANÇOU";"NÃO ALCANÇOU";"ALCANÇOU";"ALCANÇOU";"ALCANÇOU"
"MS";"500620";"Nova Andradina";"ALCANÇOU";"ALCANÇOU";;"NÃO ALCANÇOU";"NÃO ALCANÇOU";"ALCANÇOU";"NÃO ALCANÇOU";"ALCANÇOU"
"MS";"500625";"Novo Horizonte do Sul";"ALCANÇOU";"ALCANÇOU";;"NÃO ALCANÇOU";"NÃO ALCANÇOU";"NÃO ALCANÇOU";"ALCANÇOU";"ALCANÇOU"
"MS";"500630";"Paranaíba";"NÃO ALCANÇOU";"ALCANÇOU";;"NÃO ALCANÇOU";"NÃO ALCANÇOU";"NÃO ALCANÇOU";"NÃO ALCANÇOU";"ALCANÇOU"
"MS";"500635";"Paranhos";"ALCANÇOU";"ALCANÇOU";;"ALCANÇOU";"ALCANÇOU";"ALCANÇOU";"ALCANÇOU";"ALCANÇOU"
"MS";"500627";"Paraíso das Aguas";;;;;;;;"ALCANÇOU"
"MS";"500627";"Paraíso das Águas";"ALCANÇOU";"ALCANÇOU";;"ALCANÇOU";"NÃO ALCANÇOU";"NÃO ALCANÇOU";"NÃO ALCANÇOU";
"MS";"500640";"Pedro Gomes";"NÃO ALCANÇOU";"ALCANÇOU";;"ALCANÇOU";"NÃO ALCANÇOU";"NÃO ALCANÇOU";"ALCANÇOU";"NÃO ALCANÇOU"
"MS";"500660";"Ponta Porã";"ALCANÇOU";"ALCANÇOU";;"ALCANÇOU";"ALCANÇOU";"ALCANÇOU";"NÃO ALCANÇOU";"NÃO ALCANÇOU"
"MS";"500690";"Porto Murtinho";"ALCANÇOU";"ALCANÇOU";;"ALCANÇOU";"NÃO ALCANÇOU";"NÃO ALCANÇOU";"ALCANÇOU";"NÃO ALCANÇOU"
"MS";"500710";"Ribas do Rio Pardo";"ALCANÇOU";"ALCANÇOU";;"NÃO ALCANÇOU";"ALCANÇOU";"ALCANÇOU";"NÃO ALCANÇOU";"ALCANÇOU"
"MS";"500720";"Rio Brilhante";"ALCANÇOU";"ALCANÇOU";;"NÃO ALCANÇOU";"ALCANÇOU";"NÃO ALCANÇOU";"ALCANÇOU";"ALCANÇOU"
"MS";"500730";"Rio Negro";"NÃO ALCANÇOU";"ALCANÇOU";;"ALCANÇOU";"NÃO ALCANÇOU";"NÃO ALCANÇOU";"ALCANÇOU";"ALCANÇOU"
"MS";"500740";"Rio Verde de Mato Grosso";"ALCANÇOU";"ALCANÇOU";;"ALCANÇOU";"NÃO ALCANÇOU";"ALCANÇOU";"NÃO ALCANÇOU";"ALCANÇOU"
"MS";"500750";"Rochedo";"ALCANÇOU";"ALCANÇOU";;"NÃO ALCANÇOU";"NÃO ALCANÇOU";"NÃO ALCANÇOU";"NÃO ALCANÇOU";"ALCANÇOU"
"MS";"500755";"Santa Rita do Pardo";"ALCANÇOU";"ALCANÇOU";;"ALCANÇOU";"ALCANÇOU";"NÃO ALCANÇOU";"ALCANÇOU";"NÃO ALCANÇOU"
"MS";"500780";"Selvíria";"NÃO ALCANÇOU";"ALCANÇOU";;"ALCANÇOU";"NÃO ALCANÇOU";"NÃO ALCANÇOU";"ALCANÇOU";"ALCANÇOU"
"MS";"500770";"Sete Quedas";"ALCANÇOU";"ALCANÇOU";;"ALCANÇOU";"ALCANÇOU";"NÃO ALCANÇOU";"NÃO ALCANÇOU";"ALCANÇOU"
"MS";"500790";"Sidrolândia";"ALCANÇOU";"ALCANÇOU";;"NÃO ALCANÇOU";"ALCANÇOU";"ALCANÇOU";"ALCANÇOU";"ALCANÇOU"
"MS";"500793";"Sonora";"NÃO ALCANÇOU";"ALCANÇOU";;"NÃO ALCANÇOU";"ALCANÇOU";"NÃO ALCANÇOU";"NÃO ALCANÇOU";"ALCANÇOU"
"MS";"500769";"São Gabriel do Oeste";"ALCANÇOU";"ALCANÇOU";;"ALCANÇOU";"ALCANÇOU";"NÃO ALCANÇOU";"ALCANÇOU";"ALCANÇOU"
"MS";"500795";"Tacuru";"ALCANÇOU";"ALCANÇOU";;"NÃO ALCANÇOU";"NÃO ALCANÇOU";"NÃO ALCANÇOU";"ALCANÇOU";"NÃO ALCANÇOU"
"MS";"500797";"Taquarussu";"NÃO ALCANÇOU";"ALCANÇOU";;"NÃO ALCANÇOU";"NÃO ALCANÇOU";"NÃO ALCANÇOU";"ALCANÇOU";"ALCANÇOU"
"MS";"500800";"Terenos";"ALCANÇOU";"ALCANÇOU";;"ALCANÇOU";"ALCANÇOU";"NÃO ALCANÇOU";"ALCANÇOU";"ALCANÇOU"
"MS";"500830";"Três Lagoas";"ALCANÇOU";"ALCANÇOU";;"NÃO ALCANÇOU";"ALCANÇOU";"ALCANÇOU";"NÃO ALCANÇOU";"ALCANÇOU"
"MS";"500840";"Vicentina";"NÃO ALCANÇOU";"ALCANÇOU";;"ALCANÇOU";"ALCANÇOU";"NÃO ALCANÇOU";"ALCANÇOU";"ALCANÇOU"
"MS";"500020";"Água Clara";"ALCANÇOU";"ALCANÇOU";;"ALCANÇOU";"NÃO ALCANÇOU";"NÃO ALCANÇOU";"ALCANÇOU";"ALCANÇOU"
"MS";"500020";;;;"ALCANÇOU";;;;;
"MS";"500025";;;;"ALCANÇOU";;;;;
"MS";"500060";;;;"ALCANÇOU";;;;;
"MS";"500070";;;;"ALCANÇOU";;;;;
"MS";"500080";;;;"ALCANÇOU";;;;;
"MS";"500085";;;;"ALCANÇOU";;;;;
"MS";"500090";;;;"ALCANÇOU";;;;;
"MS";"500100";;;;"ALCANÇOU";;;;;
"MS";"500110";;;;"ALCANÇOU";;;;;
"MS";"500124";;;;"NÃO ALCANÇOU";;;;;
"MS";"500150";;;;"ALCANÇOU";;;;;
"MS";"500190";;;;"ALCANÇOU";;;;;
"MS";"500200";;;;"NÃO ALCANÇOU";;;;;
"MS";"500210";;;;"ALCANÇOU";;;;;
"MS";"500215";;;;"ALCANÇOU";;;;;
"MS";"500220";;;;"ALCANÇOU";;;;;
"MS";"500230";;;;"NÃO ALCANÇOU";;;;;
"MS";"500240";;;;"ALCANÇOU";;;;;
"MS";"500260";;;;"ALCANÇOU";;;;;
"MS";"500270";;;;"ALCANÇOU";;;;;
"MS";"500280";;;;"ALCANÇOU";;;;;
"MS";"500290";;;;"ALCANÇOU";;;;;
"MS";"500295";;;;"ALCANÇOU";;;;;
"MS";"500310";;;;"ALCANÇOU";;;;;
"MS";"500315";;;;"ALCANÇOU";;;;;
"MS";"500320";;;;"NÃO ALCANÇOU";;;;;
"MS";"500325";;;;"ALCANÇOU";;;;;
"MS";"500330";;;;"ALCANÇOU";;;;;
"MS";"500345";;;;"NÃO ALCANÇOU";;;;;
"MS";"500348";;;;"ALCANÇOU";;;;;
"MS";"500350";;;;"ALCANÇOU";;;;;
"MS";"500370";;;;"ALCANÇOU";;;;;
"MS";"500375";;;;"NÃO ALCANÇOU";;;;;
"MS";"500380";;;;"ALCANÇOU";;;;;
"MS";"500390";;;;"ALCANÇOU";;;;;
"MS";"500400";;;;"ALCANÇOU";;;;;
"MS";"500410";;;;"ALCANÇOU";;;;;
"MS";"500430";;;;"ALCANÇOU";;;;;
"MS";"500440";;;;"ALCANÇOU";;;;;
"MS";"500450";;;;"ALCANÇOU";;;;;
"MS";"500460";;;;"ALCANÇOU";;;;;
"MS";"500470";;;;"ALCANÇOU";;;;;
"MS";"500480";;;;"ALCANÇOU";;;;;
"MS";"500490";;;;"ALCANÇOU";;;;;
"MS";"500500";;;;"ALCANÇOU";;;;;
"MS";"500510";;;;"ALCANÇOU";;;;;
"MS";"500515";;;;"ALCANÇOU";;;;;
"MS";"500520";;;;"ALCANÇOU";;;;;
"MS";"500525";;;;"NÃO ALCANÇOU";;;;;
"MS";"500540";;;;"ALCANÇOU";;;;;
"MS";"500560";;;;"ALCANÇOU";;;;;
"MS";"500568";;;;"ALCANÇOU";;;;;
"MS";"500570";;;;"ALCANÇOU";;;;;
"MS";"500580";;;;"ALCANÇOU";;;;;
"MS";"500600";;;;"ALCANÇOU";;;;;
"MS";"500620";;;;"ALCANÇOU";;;;;
"MS";"500625";;;;"ALCANÇOU";;;;;
"MS";"500627";;;;"ALCANÇOU";;;;;
"MS";"500630";;;;"ALCANÇOU";;;;;
"MS";"500635";;;;"NÃO ALCANÇOU";;;;;
"MS";"500640";;;;"NÃO ALCANÇOU";;;;;
"MS";"500660";;;;"ALCANÇOU";;;;;
"MS";"500690";;;;"ALCANÇOU";;;;;
"MS";"500710";;;;"ALCANÇOU";;;;;
"MS";"500720";;;;"ALCANÇOU";;;;;
"MS";"500730";;;;"ALCANÇOU";;;;;
"MS";"500740";;;;"ALCANÇOU";;;;;
"MS";"500750";;;;"ALCANÇOU";;;;;
"MS";"500755";;;;"ALCANÇOU";;;;;
"MS";"500769";;;;"ALCANÇOU";;;;;
"MS";"500770";;;;"ALCANÇOU";;;;;
"MS";"500780";;;;"ALCANÇOU";;;;;
"MS";"500790";;;;"ALCANÇOU";;;;;
"MS";"500793";;;;"ALCANÇOU";;;;;
"MS";"500795";;;;"ALCANÇOU";;;;;
"MS";"500797";;;;"NÃO ALCANÇOU";;;;;
"MS";"500800";;;;"ALCANÇOU";;;;;
"MS";"500830";;;;"ALCANÇOU";;;;;
"MS";"500840";;;;"ALCANÇOU";;;;;
"MT";"510010";"Acorizal";"ALCANÇOU";"ALCANÇOU";;"ALCANÇOU";"NÃO ALCANÇOU";"NÃO ALCANÇOU";"ALCANÇOU";"NÃO ALCANÇOU"
"MT";"510025";"Alta Floresta";"NÃO ALCANÇOU";"ALCANÇOU";;"NÃO ALCANÇOU";"ALCANÇOU";"NÃO ALCANÇOU";"NÃO ALCANÇOU";"ALCANÇOU"
"MT";"510030";"Alto Araguaia";"ALCANÇOU";"ALCANÇOU";;"ALCANÇOU";"ALCANÇOU";"NÃO ALCANÇOU";"ALCANÇOU";"ALCANÇOU"
"MT";"510035";"Alto Boa Vista";"NÃO ALCANÇOU";"ALCANÇOU";;"NÃO ALCANÇOU";"ALCANÇOU";"NÃO ALCANÇOU";"ALCANÇOU";"NÃO ALCANÇOU"
"MT";"510040";"Alto Garças";"ALCANÇOU";"ALCANÇOU";;"ALCANÇOU";"ALCANÇOU";"ALCANÇOU";"NÃO ALCANÇOU";"NÃO ALCANÇOU"
"MT";"510050";"Alto Paraguai";"NÃO ALCANÇOU";"ALCANÇOU";;"NÃO ALCANÇOU";"ALCANÇOU";"NÃO ALCANÇOU";"ALCANÇOU";"ALCANÇOU"
"MT";"510060";"Alto Taquari";"NÃO ALCANÇOU";"ALCANÇOU";;"NÃO ALCANÇOU";"ALCANÇOU";"NÃO ALCANÇOU";"NÃO ALCANÇOU";"ALCANÇOU"
"MT";"510080";"Apiacás";"NÃO ALCANÇOU";"ALCANÇOU";;"NÃO ALCANÇOU";"ALCANÇOU";"ALCANÇOU";"ALCANÇOU";"ALCANÇOU"
"MT";"510100";"Araguaiana";"NÃO ALCANÇOU";"ALCANÇOU";;"ALCANÇOU";"ALCANÇOU";"NÃO ALCANÇOU";"ALCANÇOU";"ALCANÇOU"
"MT";"510120";"Araguainha";"NÃO ALCANÇOU";"ALCANÇOU";;"ALCANÇOU";"ALCANÇOU";"NÃO ALCANÇOU";"ALCANÇOU";"NÃO ALCANÇOU"
"MT";"510125";"Araputanga";"ALCANÇOU";"ALCANÇOU";;"NÃO ALCANÇOU";"ALCANÇOU";"ALCANÇOU";"ALCANÇOU";"ALCANÇOU"
"MT";"510130";"Arenápolis";"ALCANÇOU";"ALCANÇOU";;"NÃO ALCANÇOU";"ALCANÇOU";"NÃO ALCANÇOU";"NÃO ALCANÇOU";"ALCANÇOU"
"MT";"510140";"Aripuanã";"ALCANÇOU";"ALCANÇOU";;"ALCANÇOU";"ALCANÇOU";"NÃO ALCANÇOU";"ALCANÇOU";"ALCANÇOU"
"MT";"510170";"Barra do Bugres";"ALCANÇOU";"ALCANÇOU";;"ALCANÇOU";"NÃO ALCANÇOU";"ALCANÇOU";"ALCANÇOU";"ALCANÇOU"
"MT";"510180";"Barra do Garças";"ALCANÇOU";"ALCANÇOU";;"NÃO ALCANÇOU";"ALCANÇOU";"ALCANÇOU";"NÃO ALCANÇOU";"ALCANÇOU"
"MT";"510160";"Barão de Melgaço";"NÃO ALCANÇOU";"ALCANÇOU";;"NÃO ALCANÇOU";"ALCANÇOU";"NÃO ALCANÇOU";"ALCANÇOU";"NÃO ALCANÇOU"
"MT";"510185";"Bom Jesus do Araguaia";"ALCANÇOU";"ALCANÇOU";;"ALCANÇOU";"NÃO ALCANÇOU";"NÃO ALCANÇOU";"ALCANÇOU";"NÃO ALCANÇOU"
"MT";"510190";"Brasnorte";"ALCANÇOU";"ALCANÇOU";;"NÃO ALCANÇOU";"ALCANÇOU";"NÃO ALCANÇOU";"ALCANÇOU";"ALCANÇOU"
"MT";"510260";"Campinápolis";"ALCANÇOU";"ALCANÇOU";;"NÃO ALCANÇOU";"NÃO ALCANÇOU";"ALCANÇOU";"ALCANÇOU";"ALCANÇOU"
"MT";"510263";"Campo Novo do Parecis";"ALCANÇOU";"ALCANÇOU";;"ALCANÇOU";"ALCANÇOU";"ALCANÇOU";"ALCANÇOU";"ALCANÇOU"
"MT";"510267";"Campo Verde";"ALCANÇOU";"ALCANÇOU";;"ALCANÇOU";"ALCANÇOU";"ALCANÇOU";"ALCANÇOU";"ALCANÇOU"
"MT";"510268";"Campos de Júlio";"ALCANÇOU";"ALCANÇOU";;"ALCANÇOU";"ALCANÇOU";"ALCANÇOU";"NÃO ALCANÇOU";"ALCANÇOU"
"MT";"510269";"Canabrava do Norte";"NÃO ALCANÇOU";"NÃO ALCANÇOU";;"NÃO ALCANÇOU";"NÃO ALCANÇOU";"NÃO ALCANÇOU";"ALCANÇOU";"NÃO ALCANÇOU"
"MT";"510270";"Canarana";"NÃO ALCANÇOU";"ALCANÇOU";;"NÃO ALCANÇOU";"ALCANÇOU";"ALCANÇOU";"NÃO ALCANÇOU";"ALCANÇOU"
"MT";"510279";"Carlinda";"NÃO ALCANÇOU";"ALCANÇOU";;"ALCANÇOU";"ALCANÇOU";"NÃO ALCANÇOU";"ALCANÇOU";"ALCANÇOU"
"MT";"510285";"Castanheira";"NÃO ALCANÇOU";"ALCANÇOU";;"NÃO ALCANÇOU";"NÃO ALCANÇOU";"NÃO ALCANÇOU";"ALCANÇOU";"ALCANÇOU"
"MT";"510300";"Chapada dos Guimarães";"ALCANÇOU";"ALCANÇOU";;"ALCANÇOU";"NÃO ALCANÇOU";"ALCANÇOU";"NÃO ALCANÇOU";"ALCANÇOU"
"MT";"510305";"Cláudia";"ALCANÇOU";"ALCANÇOU";;"ALCANÇOU";"ALCANÇOU";"NÃO ALCANÇOU";"ALCANÇOU";"ALCANÇOU"
"MT";"510310";"Cocalinho";"NÃO ALCANÇOU";"ALCANÇOU";;"ALCANÇOU";"ALCANÇOU";"NÃO ALCANÇOU";"ALCANÇOU";"NÃO ALCANÇOU"
"MT";"510325";"Colniza";"NÃO ALCANÇOU";"NÃO ALCANÇOU";;"ALCANÇOU";"ALCANÇOU";"NÃO ALCANÇOU";"NÃO ALCANÇOU";"ALCANÇOU"
"MT";"510320";"Colíder";"NÃO ALCANÇOU";"ALCANÇOU";;"ALCANÇOU";"ALCANÇOU";"NÃO ALCANÇOU";"ALCANÇOU";"ALCANÇOU"
"MT";"510330";"Comodoro";"ALCANÇOU";"ALCANÇOU";;"NÃO ALCANÇOU";"ALCANÇOU";"ALCANÇOU";"NÃO ALCANÇOU";"NÃO ALCANÇOU"
"MT";"510335";"Confresa";"NÃO ALCANÇOU";"NÃO ALCANÇOU";;"NÃO ALCANÇOU";"NÃO ALCANÇOU";"ALCANÇOU";"NÃO ALCANÇOU";"ALCANÇOU"
"MT";"510336";"Conquista D'Oeste";"ALCANÇOU";"ALCANÇOU";;"NÃO ALCANÇOU";"ALCANÇOU";"NÃO ALCANÇOU";"ALCANÇOU";
"MT";"510336";"Conquista DOeste";;;;;;;;"ALCANÇOU"
"MT";"510337";"Cotriguaçu";"ALCANÇOU";"NÃO ALCANÇOU";;"NÃO ALCANÇOU";"NÃO ALCANÇOU";"NÃO ALCANÇOU";"ALCANÇOU";"ALCANÇOU"
"MT";"510340";"Cuiabá";"ALCANÇOU";"ALCANÇOU";;"NÃO ALCANÇOU";"NÃO ALCANÇOU";"ALCANÇOU";"ALCANÇOU";"ALCANÇOU"
"MT";"510343";"Curvelândia";"ALCANÇOU";"ALCANÇOU";;"ALCANÇOU";"NÃO ALCANÇOU";"ALCANÇOU";"ALCANÇOU";"NÃO ALCANÇOU"
"MT";"510250";"Cáceres";"ALCANÇOU";"ALCANÇOU";;"NÃO ALCANÇOU";"ALCANÇOU";"ALCANÇOU";"ALCANÇOU";"ALCANÇOU"
"MT";"510345";"Denise";"ALCANÇOU";"ALCANÇOU";;"NÃO ALCANÇOU";"ALCANÇOU";"NÃO ALCANÇOU";"ALCANÇOU";"NÃO ALCANÇOU"
"MT";"510350";"Diamantino";"ALCANÇOU";"ALCANÇOU";;"NÃO ALCANÇOU";"ALCANÇOU";"NÃO ALCANÇOU";"NÃO ALCANÇOU";"ALCANÇOU"
"MT";"510360";"Dom Aquino";"ALCANÇOU";"ALCANÇOU";;"ALCANÇOU";"ALCANÇOU";"NÃO ALCANÇOU";"ALCANÇOU";"ALCANÇOU"
"MT";"510370";"Feliz Natal";"ALCANÇOU";"ALCANÇOU";;"NÃO ALCANÇOU";"ALCANÇOU";"NÃO ALCANÇOU";"NÃO ALCANÇOU";"ALCANÇOU"
"MT";"510380";"Figueirópolis D'Oeste";"NÃO ALCANÇOU";"ALCANÇOU";;"NÃO ALCANÇOU";"ALCANÇOU";"NÃO ALCANÇOU";"ALCANÇOU";
"MT";"510380";"Figueirópolis DOeste";;;;;;;;"ALCANÇOU"
"MT";"510385";"Gaúcha do Norte";"ALCANÇOU";"ALCANÇOU";;"ALCANÇOU";"NÃO ALCANÇOU";"NÃO ALCANÇOU";"ALCANÇOU";"ALCANÇOU"
"MT";"510390";"General Carneiro";"ALCANÇOU";"ALCANÇOU";;"NÃO ALCANÇOU";"ALCANÇOU";"ALCANÇOU";"ALCANÇOU";"ALCANÇOU"
"MT";"510395";"Glória D'Oeste";"ALCANÇOU";"ALCANÇOU";;"NÃO ALCANÇOU";"ALCANÇOU";"NÃO ALCANÇOU";"ALCANÇOU";
"MT";"510395";"Glória DOeste";;;;;;;;"ALCANÇOU"
"MT";"510410";"Guarantã do Norte";"ALCANÇOU";"ALCANÇOU";;"NÃO ALCANÇOU";"ALCANÇOU";"NÃO ALCANÇOU";"NÃO ALCANÇOU";"ALCANÇOU"
"MT";"510420";"Guiratinga";"ALCANÇOU";"NÃO ALCANÇOU";;"ALCANÇOU";"ALCANÇOU";"NÃO ALCANÇOU";"NÃO ALCANÇOU";"ALCANÇOU"
"MT";"510450";"Indiavaí";"ALCANÇOU";"ALCANÇOU";;"ALCANÇOU";"ALCANÇOU";"NÃO ALCANÇOU";"ALCANÇOU";"NÃO ALCANÇOU"
"MT";"510452";"Ipiranga do Norte";"ALCANÇOU";"ALCANÇOU";;"ALCANÇOU";"ALCANÇOU";"NÃO ALCANÇOU";"NÃO ALCANÇOU";"ALCANÇOU"
"MT";"510454";"Itanhangá";"ALCANÇOU";"ALCANÇOU";;"ALCANÇOU";"ALCANÇOU";"NÃO ALCANÇOU";"ALCANÇOU";"ALCANÇOU"
"MT";"510455";"Itaúba";"NÃO ALCANÇOU";"ALCANÇOU";;"NÃO ALCANÇOU";"ALCANÇOU";"NÃO ALCANÇOU";"ALCANÇOU";"ALCANÇOU"
"MT";"510460";"Itiquira";"ALCANÇOU";"ALCANÇOU";;"ALCANÇOU";"ALCANÇOU";"NÃO ALCANÇOU";"ALCANÇOU";"ALCANÇOU"
"MT";"510480";"Jaciara";"ALCANÇOU";"ALCANÇOU";;"ALCANÇOU";"ALCANÇOU";"ALCANÇOU";"ALCANÇOU";"NÃO ALCANÇOU"
"MT";"510490";"Jangada";"ALCANÇOU";"ALCANÇOU";;"NÃO ALCANÇOU";"ALCANÇOU";"NÃO ALCANÇOU";"ALCANÇOU";"NÃO ALCANÇOU"
"MT";"510500";"Jauru";"ALCANÇOU";"ALCANÇOU";;"ALCANÇOU";"ALCANÇOU";"ALCANÇOU";"ALCANÇOU";"NÃO ALCANÇOU"
"MT";"510510";"Juara";"ALCANÇOU";"ALCANÇOU";;"NÃO ALCANÇOU";"ALCANÇOU";"ALCANÇOU";"ALCANÇOU";"ALCANÇOU"
"MT";"510517";"Juruena";"ALCANÇOU";"ALCANÇOU";;"ALCANÇOU";"ALCANÇOU";"ALCANÇOU";"ALCANÇOU";"ALCANÇOU"
"MT";"510520";"Juscimeira";"ALCANÇOU";"ALCANÇOU";;"ALCANÇOU";"ALCANÇOU";"NÃO ALCANÇOU";"ALCANÇOU";"NÃO ALCANÇOU"
"MT";"510515";"Juína";"ALCANÇOU";"ALCANÇOU";;"NÃO ALCANÇOU";"ALCANÇOU";"NÃO ALCANÇOU";"ALCANÇOU";"ALCANÇOU"
"MT";"510523";"Lambari D'Oeste";"ALCANÇOU";"ALCANÇOU";;"ALCANÇOU";"ALCANÇOU";"ALCANÇOU";"ALCANÇOU";
"MT";"510523";"Lambari DOeste";;;;;;;;"ALCANÇOU"
"MT";"510525";"Lucas do Rio Verde";"NÃO ALCANÇOU";"ALCANÇOU";;"NÃO ALCANÇOU";"ALCANÇOU";"ALCANÇOU";"NÃO ALCANÇOU";"ALCANÇOU"
"MT";"510530";"Luciara";"NÃO ALCANÇOU";"ALCANÇOU";;"NÃO ALCANÇOU";"ALCANÇOU";"NÃO ALCANÇOU";"ALCANÇOU";"ALCANÇOU"
"MT";"510558";"Marcelândia";"ALCANÇOU";"ALCANÇOU";;"NÃO ALCANÇOU";"ALCANÇOU";"NÃO ALCANÇOU";"ALCANÇOU";"ALCANÇOU"
"MT";"510560";"Matupá";"ALCANÇOU";"ALCANÇOU";;"NÃO ALCANÇOU";"ALCANÇOU";"NÃO ALCANÇOU";"ALCANÇOU";"ALCANÇOU"
"MT";"510562";"Mirassol d'Oeste";"ALCANÇOU";"ALCANÇOU";;"NÃO ALCANÇOU";"ALCANÇOU";"NÃO ALCANÇOU";"NÃO ALCANÇOU";
"MT";"510562";"Mirassol dOeste";;;;;;;;"ALCANÇOU"
"MT";"510590";"Nobres";"ALCANÇOU";"ALCANÇOU";;"ALCANÇOU";"ALCANÇOU";"NÃO ALCANÇOU";"NÃO ALCANÇOU";"ALCANÇOU"
"MT";"510600";"Nortelândia";"ALCANÇOU";"ALCANÇOU";;"ALCANÇOU";"ALCANÇOU";"ALCANÇOU";"ALCANÇOU";"ALCANÇOU"
"MT";"510610";"Nossa Senhora do Livramento";"ALCANÇOU";"ALCANÇOU";;"ALCANÇOU";"ALCANÇOU";"NÃO ALCANÇOU";"ALCANÇOU";"NÃO ALCANÇOU"
"MT";"510615";"Nova Bandeirantes";"NÃO ALCANÇOU";"ALCANÇOU";;"ALCANÇOU";"ALCANÇOU";"NÃO ALCANÇOU";"ALCANÇOU";"ALCANÇOU"
"MT";"510620";"Nova Brasilândia";"ALCANÇOU";"ALCANÇOU";;"NÃO ALCANÇOU";"ALCANÇOU";"NÃO ALCANÇOU";"ALCANÇOU";"ALCANÇOU"
"MT";"510621";"Nova Canaã do Norte";"ALCANÇOU";"ALCANÇOU";;"ALCANÇOU";"ALCANÇOU";"NÃO ALCANÇOU";"ALCANÇOU";"ALCANÇOU"
"MT";"510880";"Nova Guarita";"ALCANÇOU";"ALCANÇOU";;"ALCANÇOU";"ALCANÇOU";"NÃO ALCANÇOU";"ALCANÇOU";"NÃO ALCANÇOU"
"MT";"510618";"Nova Lacerda";"ALCANÇOU";"ALCANÇOU";;"ALCANÇOU";"ALCANÇOU";"NÃO ALCANÇOU";"ALCANÇOU";"ALCANÇOU"
"MT";"510885";"Nova Marilândia";"ALCANÇOU";"ALCANÇOU";;"ALCANÇOU";"ALCANÇOU";"NÃO ALCANÇOU";"ALCANÇOU";"ALCANÇOU"
"MT";"510890";"Nova Maringá";"ALCANÇOU";"ALCANÇOU";;"ALCANÇOU";"NÃO ALCANÇOU";"NÃO ALCANÇOU";"ALCANÇOU";"ALCANÇOU"
"MT";"510895";"Nova Monte Verde";"NÃO ALCANÇOU";"ALCANÇOU";;"ALCANÇOU";"ALCANÇOU";"NÃO ALCANÇOU";"NÃO ALCANÇOU";"NÃO ALCANÇOU"
"MT";"510622";"Nova Mutum";"ALCANÇOU";"ALCANÇOU";;"ALCANÇOU";"ALCANÇOU";"NÃO ALCANÇOU";"NÃO ALCANÇOU";"ALCANÇOU"
"MT";"510617";"Nova Nazaré";"ALCANÇOU";"ALCANÇOU";;"ALCANÇOU";"ALCANÇOU";"NÃO ALCANÇOU";"ALCANÇOU";"ALCANÇOU"
"MT";"510623";"Nova Olímpia";"ALCANÇOU";"ALCANÇOU";;"NÃO ALCANÇOU";"ALCANÇOU";"NÃO ALCANÇOU";"NÃO ALCANÇOU";"ALCANÇOU"
"MT";"510619";"Nova Santa Helena";"ALCANÇOU";"ALCANÇOU";;"ALCANÇOU";"ALCANÇOU";"NÃO ALCANÇOU";"ALCANÇOU";"NÃO ALCANÇOU"
"MT";"510624";"Nova Ubiratã";"NÃO ALCANÇOU";"NÃO ALCANÇOU";;"NÃO ALCANÇOU";"ALCANÇOU";"ALCANÇOU";"NÃO ALCANÇOU";"ALCANÇOU"
"MT";"510625";"Nova Xavantina";"NÃO ALCANÇOU";"ALCANÇOU";;"ALCANÇOU";"NÃO ALCANÇOU";"ALCANÇOU";"NÃO ALCANÇOU";"ALCANÇOU"
"MT";"510627";"Novo Horizonte do Norte";"ALCANÇOU";"ALCANÇOU";;"ALCANÇOU";"ALCANÇOU";"ALCANÇOU";"NÃO ALCANÇOU";"ALCANÇOU"
"MT";"510626";"Novo Mundo";"NÃO ALCANÇOU";"ALCANÇOU";;"ALCANÇOU";"ALCANÇOU";"NÃO ALCANÇOU";"ALCANÇOU";"NÃO ALCANÇOU"
"MT";"510631";"Novo Santo Antônio";"ALCANÇOU";"ALCANÇOU";;"NÃO ALCANÇOU";"ALCANÇOU";"NÃO ALCANÇOU";"ALCANÇOU";"ALCANÇOU"
"MT";"510628";"Novo São Joaquim";"ALCANÇOU";"ALCANÇOU";;"NÃO ALCANÇOU";"ALCANÇOU";"NÃO ALCANÇOU";"NÃO ALCANÇOU";"NÃO ALCANÇOU"
"MT";"510630";"Paranatinga";"NÃO ALCANÇOU";"ALCANÇOU";;"NÃO ALCANÇOU";"NÃO ALCANÇOU";"ALCANÇOU";"ALCANÇOU";"ALCANÇOU"
"MT";"510629";"Paranaíta";"ALCANÇOU";"ALCANÇOU";;"NÃO ALCANÇOU";"ALCANÇOU";"NÃO ALCANÇOU";"ALCANÇOU";"ALCANÇOU"
"MT";"510637";"Pedra Preta";"ALCANÇOU";"ALCANÇOU";;"ALCANÇOU";"ALCANÇOU";"NÃO ALCANÇOU";"NÃO ALCANÇOU";"ALCANÇOU"
"MT";"510642";"Peixoto de Azevedo";"ALCANÇOU";"ALCANÇOU";;"NÃO ALCANÇOU";"ALCANÇOU";"NÃO ALCANÇOU";"ALCANÇOU";"ALCANÇOU"
"MT";"510645";"Planalto da Serra";"NÃO ALCANÇOU";"ALCANÇOU";;"ALCANÇOU";"ALCANÇOU";"NÃO ALCANÇOU";"ALCANÇOU";"ALCANÇOU"
"MT";"510650";"Poconé";"ALCANÇOU";"ALCANÇOU";;"NÃO ALCANÇOU";"ALCANÇOU";"ALCANÇOU";"NÃO ALCANÇOU";"ALCANÇOU"
"MT";"510665";"Pontal do Araguaia";"ALCANÇOU";"ALCANÇOU";;"NÃO ALCANÇOU";"ALCANÇOU";"NÃO ALCANÇOU";"ALCANÇOU";"NÃO ALCANÇOU"
"MT";"510670";"Ponte Branca";"ALCANÇOU";"ALCANÇOU";;"ALCANÇOU";"ALCANÇOU";"NÃO ALCANÇOU";"ALCANÇOU";"ALCANÇOU"
"MT";"510675";"Pontes e Lacerda";"ALCANÇOU";"ALCANÇOU";;"NÃO ALCANÇOU";"ALCANÇOU";"ALCANÇOU";"NÃO ALCANÇOU";"ALCANÇOU"
"MT";"510677";"Porto Alegre do Norte";"NÃO ALCANÇOU";"NÃO ALCANÇOU";;"ALCANÇOU";"NÃO ALCANÇOU";"ALCANÇOU";"NÃO ALCANÇOU";"ALCANÇOU"
"MT";"510682";"Porto Esperidião";"ALCANÇOU";"ALCANÇOU";;"NÃO ALCANÇOU";"ALCANÇOU";"NÃO ALCANÇOU";"ALCANÇOU";"ALCANÇOU"
"MT";"510685";"Porto Estrela";"ALCANÇOU";"ALCANÇOU";;"NÃO ALCANÇOU";"ALCANÇOU";"NÃO ALCANÇOU";"ALCANÇOU";"NÃO ALCANÇOU"
"MT";"510680";"Porto dos Gaúchos";"ALCANÇOU";"ALCANÇOU";;"ALCANÇOU";"ALCANÇOU";"NÃO ALCANÇOU";"ALCANÇOU";"ALCANÇOU"
"MT";"510700";"Poxoréo";"ALCANÇOU";"ALCANÇOU";;;"ALCANÇOU";"NÃO ALCANÇOU";"ALCANÇOU";
"MT";"510700";"Poxoréu";;;;"NÃO ALCANÇOU";;;;"ALCANÇOU"
"MT";"510704";"Primavera do Leste";"ALCANÇOU";"ALCANÇOU";;"ALCANÇOU";"ALCANÇOU";"ALCANÇOU";"NÃO ALCANÇOU";"ALCANÇOU"
"MT";"510706";"Querência";"ALCANÇOU";"ALCANÇOU";;"ALCANÇOU";"ALCANÇOU";"ALCANÇOU";"ALCANÇOU";"ALCANÇOU"
"MT";"510715";"Reserva do Cabaçal";"NÃO ALCANÇOU";"ALCANÇOU";;"ALCANÇOU";"ALCANÇOU";"NÃO ALCANÇOU";"ALCANÇOU";"ALCANÇOU"
"MT";"510718";"Ribeirão Cascalheira";"ALCANÇOU";"ALCANÇOU";;"ALCANÇOU";"NÃO ALCANÇOU";"NÃO ALCANÇOU";"ALCANÇOU";"ALCANÇOU"
"MT";"510719";"Ribeirãozinho";"ALCANÇOU";"ALCANÇOU";;"NÃO ALCANÇOU";"ALCANÇOU";"NÃO ALCANÇOU";"ALCANÇOU";"ALCANÇOU"
"MT";"510720";"Rio Branco";"ALCANÇOU";"ALCANÇOU";;"NÃO ALCANÇOU";"NÃO ALCANÇOU";"NÃO ALCANÇOU";"ALCANÇOU";"ALCANÇOU"
"MT";"510757";"Rondolândia";"NÃO ALCANÇOU";"ALCANÇOU";;"NÃO ALCANÇOU";"NÃO ALCANÇOU";"NÃO ALCANÇOU";"ALCANÇOU";"ALCANÇOU"
"MT";"510760";"Rondonópolis";"ALCANÇOU";"ALCANÇOU";;"NÃO ALCANÇOU";"ALCANÇOU";"ALCANÇOU";"ALCANÇOU";"ALCANÇOU"
"MT";"510770";"Rosário Oeste";"ALCANÇOU";"ALCANÇOU";;"ALCANÇOU";"ALCANÇOU";"NÃO ALCANÇOU";"NÃO ALCANÇOU";"ALCANÇOU"
"MT";"510775";"Salto do Céu";"ALCANÇOU";"ALCANÇOU";;"ALCANÇOU";"ALCANÇOU";"NÃO ALCANÇOU";"NÃO ALCANÇOU";"NÃO ALCANÇOU"
"MT";"510724";"Santa Carmem";"ALCANÇOU";"ALCANÇOU";;"ALCANÇOU";"NÃO ALCANÇOU";"NÃO ALCANÇOU";"ALCANÇOU";"ALCANÇOU"
"MT";"510774";"Santa Cruz do Xingu";"ALCANÇOU";"ALCANÇOU";;"ALCANÇOU";"NÃO ALCANÇOU";"NÃO ALCANÇOU";"ALCANÇOU";"NÃO ALCANÇOU"
"MT";"510776";"Santa Rita do Trivelato";"NÃO ALCANÇOU";"ALCANÇOU";;"ALCANÇOU";"ALCANÇOU";"NÃO ALCANÇOU";"NÃO ALCANÇOU";"ALCANÇOU"
"MT";"510777";"Santa Terezinha";"NÃO ALCANÇOU";"ALCANÇOU";;"ALCANÇOU";"NÃO ALCANÇOU";"NÃO ALCANÇOU";"ALCANÇOU";"ALCANÇOU"
"MT";"510726";"Santo Afonso";"ALCANÇOU";"ALCANÇOU";;"NÃO ALCANÇOU";"NÃO ALCANÇOU";"ALCANÇOU";"ALCANÇOU";"ALCANÇOU"
"MT";"510779";"Santo Antônio do Leste";"ALCANÇOU";"ALCANÇOU";;"NÃO ALCANÇOU";"ALCANÇOU";"NÃO ALCANÇOU";"ALCANÇOU";"ALCANÇOU"
"MT";"510780";"Santo Antônio do Leverger";"ALCANÇOU";"ALCANÇOU";;"NÃO ALCANÇOU";"ALCANÇOU";"NÃO ALCANÇOU";"NÃO ALCANÇOU";"ALCANÇOU"
"MT";"510787";"Sapezal";"NÃO ALCANÇOU";"ALCANÇOU";;"NÃO ALCANÇOU";"NÃO ALCANÇOU";"ALCANÇOU";"ALCANÇOU";"ALCANÇOU"
"MT";"510788";"Serra Nova Dourada";"ALCANÇOU";"ALCANÇOU";;"NÃO ALCANÇOU";"NÃO ALCANÇOU";"NÃO ALCANÇOU";"ALCANÇOU";"NÃO ALCANÇOU"
"MT";"510790";"Sinop";"ALCANÇOU";"ALCANÇOU";;"NÃO ALCANÇOU";"ALCANÇOU";"ALCANÇOU";"ALCANÇOU";"ALCANÇOU"
"MT";"510792";"Sorriso";"NÃO ALCANÇOU";"ALCANÇOU";;"ALCANÇOU";"ALCANÇOU";"ALCANÇOU";"NÃO ALCANÇOU";"ALCANÇOU"
"MT";"510785";"São Félix do Araguaia";"ALCANÇOU";"ALCANÇOU";;"ALCANÇOU";"ALCANÇOU";"NÃO ALCANÇOU";"NÃO ALCANÇOU";"ALCANÇOU"
"MT";"510729";"São José do Povo";"ALCANÇOU";"ALCANÇOU";;"ALCANÇOU";"ALCANÇOU";"NÃO ALCANÇOU";"ALCANÇOU";"ALCANÇOU"
"MT";"510730";"São José do Rio Claro";"ALCANÇOU";"ALCANÇOU";;"ALCANÇOU";"ALCANÇOU";"NÃO ALCANÇOU";"ALCANÇOU";"ALCANÇOU"
"MT";"510735";"São José do Xingu";"NÃO ALCANÇOU";"ALCANÇOU";;"ALCANÇOU";"NÃO ALCANÇOU";"NÃO ALCANÇOU";"ALCANÇOU";"ALCANÇOU"
"MT";"510710";"São José dos Quatro Marcos";"ALCANÇOU";"ALCANÇOU";;"ALCANÇOU";"ALCANÇOU";"NÃO ALCANÇOU";"ALCANÇOU";"ALCANÇOU"
"MT";"510740";"São Pedro da Cipa";"ALCANÇOU";"ALCANÇOU";;"NÃO ALCANÇOU";"ALCANÇOU";"NÃO ALCANÇOU";"ALCANÇOU";"ALCANÇOU"
"MT";"510794";"Tabaporã";"NÃO ALCANÇOU";"ALCANÇOU";;"NÃO ALCANÇOU";"ALCANÇOU";"NÃO ALCANÇOU";"NÃO ALCANÇOU";"ALCANÇOU"
"MT";"510795";"Tangará da Serra";"ALCANÇOU";"ALCANÇOU";;"ALCANÇOU";"ALCANÇOU";"ALCANÇOU";"ALCANÇOU";"ALCANÇOU"
"MT";"510800";"Tapurah";"NÃO ALCANÇOU";"ALCANÇOU";;"ALCANÇOU";"ALCANÇOU";"NÃO ALCANÇOU";"ALCANÇOU";"ALCANÇOU"
"MT";"510805";"Terra Nova do Norte";"ALCANÇOU";"ALCANÇOU";;"NÃO ALCANÇOU";"ALCANÇOU";"ALCANÇOU";"ALCANÇOU";"ALCANÇOU"
"MT";"510810";"Tesouro";"ALCANÇOU";"NÃO ALCANÇOU";;"NÃO ALCANÇOU";"NÃO ALCANÇOU";"NÃO ALCANÇOU";"ALCANÇOU";"ALCANÇOU"
"MT";"510820";"Torixoréu";"ALCANÇOU";"NÃO ALCANÇOU";;"ALCANÇOU";"ALCANÇOU";"NÃO ALCANÇOU";"ALCANÇOU";"ALCANÇOU"
"MT";"510830";"União do Sul";"ALCANÇOU";"ALCANÇOU";;"NÃO ALCANÇOU";"ALCANÇOU";"NÃO ALCANÇOU";"ALCANÇOU";"ALCANÇOU"
"MT";"510835";"Vale de São Domingos";"ALCANÇOU";"ALCANÇOU";;"ALCANÇOU";"ALCANÇOU";"NÃO ALCANÇOU";"ALCANÇOU";"NÃO ALCANÇOU"
"MT";"510850";"Vera";"ALCANÇOU";"ALCANÇOU";;"ALCANÇOU";"ALCANÇOU";"ALCANÇOU";"NÃO ALCANÇOU";"ALCANÇOU"
"MT";"510550";"Vila Bela da Santíssima Trindade";"ALCANÇOU";"ALCANÇOU";;"NÃO ALCANÇOU";"ALCANÇOU";"NÃO ALCANÇOU";"NÃO ALCANÇOU";"ALCANÇOU"
"MT";"510860";"Vila Rica";"NÃO ALCANÇOU";"ALCANÇOU";;"ALCANÇOU";"ALCANÇOU";"NÃO ALCANÇOU";"NÃO ALCANÇOU";"ALCANÇOU"
"MT";"510840";"Várzea Grande";"ALCANÇOU";"ALCANÇOU";;"NÃO ALCANÇOU";"ALCANÇOU";"ALCANÇOU";"NÃO ALCANÇOU";"ALCANÇOU"
"MT";"510020";"Água Boa";"ALCANÇOU";"ALCANÇOU";;"ALCANÇOU";"ALCANÇOU";"NÃO ALCANÇOU";"NÃO ALCANÇOU";"ALCANÇOU"
"MT";"510010";;;;"ALCANÇOU";;;;;
"MT";"510020";;;;"ALCANÇOU";;;;;
"MT";"510025";;;;"ALCANÇOU";;;;;
"MT";"510030";;;;"ALCANÇOU";;;;;
"MT";"510035";;;;"ALCANÇOU";;;;;
"MT";"510040";;;;"ALCANÇOU";;;;;
"MT";"510050";;;;"ALCANÇOU";;;;;
"MT";"510060";;;;"ALCANÇOU";;;;;
"MT";"510080";;;;"ALCANÇOU";;;;;
"MT";"510100";;;;"ALCANÇOU";;;;;
"MT";"510120";;;;"ALCANÇOU";;;;;
"MT";"510125";;;;"ALCANÇOU";;;;;
"MT";"510130";;;;"ALCANÇOU";;;;;
"MT";"510140";;;;"ALCANÇOU";;;;;
"MT";"510160";;;;"NÃO ALCANÇOU";;;;;
"MT";"510170";;;;"ALCANÇOU";;;;;
"MT";"510180";;;;"ALCANÇOU";;;;;
"MT";"510185";;;;"ALCANÇOU";;;;;
"MT";"510190";;;;"ALCANÇOU";;;;;
"MT";"510250";;;;"ALCANÇOU";;;;;
"MT";"510260";;;;"ALCANÇOU";;;;;
"MT";"510263";;;;"ALCANÇOU";;;;;
"MT";"510267";;;;"ALCANÇOU";;;;;
"MT";"510268";;;;"NÃO ALCANÇOU";;;;;
"MT";"510269";;;;"NÃO ALCANÇOU";;;;;
"MT";"510270";;;;"ALCANÇOU";;;;;
"MT";"510279";;;;"ALCANÇOU";;;;;
"MT";"510285";;;;"ALCANÇOU";;;;;
"MT";"510300";;;;"ALCANÇOU";;;;;
"MT";"510305";;;;"NÃO ALCANÇOU";;;;;
"MT";"510310";;;;"NÃO ALCANÇOU";;;;;
"MT";"510320";;;;"ALCANÇOU";;;;;
"MT";"510325";;;;"ALCANÇOU";;;;;
"MT";"510330";;;;"ALCANÇOU";;;;;
"MT";"510335";;;;"NÃO ALCANÇOU";;;;;
"MT";"510336";;;;"NÃO ALCANÇOU";;;;;
"MT";"510337";;;;"ALCANÇOU";;;;;
"MT";"510340";;;;"ALCANÇOU";;;;;
"MT";"510343";;;;"NÃO ALCANÇOU";;;;;
"MT";"510345";;;;"NÃO ALCANÇOU";;;;;
"MT";"510350";;;;"ALCANÇOU";;;;;
"MT";"510360";;;;"ALCANÇOU";;;;;
"MT";"510370";;;;"ALCANÇOU";;;;;
"MT";"510380";;;;"NÃO ALCANÇOU";;;;;
"MT";"510385";;;;"ALCANÇOU";;;;;
"MT";"510390";;;;"ALCANÇOU";;;;;
"MT";"510395";;;;"NÃO ALCANÇOU";;;;;
"MT";"510410";;;;"NÃO ALCANÇOU";;;;;
"MT";"510420";;;;"ALCANÇOU";;;;;
"MT";"510450";;;;"ALCANÇOU";;;;;
"MT";"510452";;;;"NÃO ALCANÇOU";;;;;
"MT";"510454";;;;"NÃO ALCANÇOU";;;;;
"MT";"510455";;;;"ALCANÇOU";;;;;
"MT";"510460";;;;"ALCANÇOU";;;;;
"MT";"510480";;;;"ALCANÇOU";;;;;
"MT";"510490";;;;"ALCANÇOU";;;;;
"MT";"510500";;;;"NÃO ALCANÇOU";;;;;
"MT";"510510";;;;"NÃO ALCANÇOU";;;;;
"MT";"510515";;;;"ALCANÇOU";;;;;
"MT";"510517";;;;"ALCANÇOU";;;;;
"MT";"510520";;;;"ALCANÇOU";;;;;
"MT";"510523";;;;"ALCANÇOU";;;;;
"MT";"510525";;;;"ALCANÇOU";;;;;
"MT";"510530";;;;"ALCANÇOU";;;;;
"MT";"510550";;;;"NÃO ALCANÇOU";;;;;
"MT";"510558";;;;"ALCANÇOU";;;;;
"MT";"510560";;;;"ALCANÇOU";;;;;
"MT";"510562";;;;"ALCANÇOU";;;;;
"MT";"510590";;;;"ALCANÇOU";;;;;
"MT";"510600";;;;"ALCANÇOU";;;;;
"MT";"510610";;;;"NÃO ALCANÇOU";;;;;
"MT";"510615";;;;"ALCANÇOU";;;;;
"MT";"510617";;;;"NÃO ALCANÇOU";;;;;
"MT";"510618";;;;"NÃO ALCANÇOU";;;;;
"MT";"510619";;;;"ALCANÇOU";;;;;
"MT";"510620";;;;"ALCANÇOU";;;;;
"MT";"510621";;;;"ALCANÇOU";;;;;
"MT";"510622";;;;"ALCANÇOU";;;;;
"MT";"510623";;;;"NÃO ALCANÇOU";;;;;
"MT";"510624";;;;"ALCANÇOU";;;;;
"MT";"510625";;;;"ALCANÇOU";;;;;
"MT";"510626";;;;"NÃO ALCANÇOU";;;;;
"MT";"510627";;;;"ALCANÇOU";;;;;
"MT";"510628";;;;"ALCANÇOU";;;;;
"MT";"510629";;;;"ALCANÇOU";;;;;
"MT";"510630";;;;"ALCANÇOU";;;;;
"MT";"510631";;;;"ALCANÇOU";;;;;
"MT";"510637";;;;"NÃO ALCANÇOU";;;;;
"MT";"510642";;;;"NÃO ALCANÇOU";;;;;
"MT";"510645";;;;"ALCANÇOU";;;;;
"MT";"510650";;;;"ALCANÇOU";;;;;
"MT";"510665";;;;"ALCANÇOU";;;;;
"MT";"510670";;;;"ALCANÇOU";;;;;
"MT";"510675";;;;"ALCANÇOU";;;;;
"MT";"510677";;;;"ALCANÇOU";;;;;
"MT";"510680";;;;"ALCANÇOU";;;;;
"MT";"510682";;;;"ALCANÇOU";;;;;
"MT";"510685";;;;"NÃO ALCANÇOU";;;;;
"MT";"510700";;;;"ALCANÇOU";;;;;
"MT";"510704";;;;"ALCANÇOU";;;;;
"MT";"510706";;;;"ALCANÇOU";;;;;
"MT";"510710";;;;"ALCANÇOU";;;;;
"MT";"510715";;;;"NÃO ALCANÇOU";;;;;
"MT";"510718";;;;"NÃO ALCANÇOU";;;;;
"MT";"510719";;;;"NÃO ALCANÇOU";;;;;
"MT";"510720";;;;"NÃO ALCANÇOU";;;;;
"MT";"510724";;;;"NÃO ALCANÇOU";;;;;
"MT";"510726";;;;"NÃO ALCANÇOU";;;;;
"MT";"510729";;;;"ALCANÇOU";;;;;
"MT";"510730";;;;"ALCANÇOU";;;;;
"MT";"510735";;;;"NÃO ALCANÇOU";;;;;
"MT";"510740";;;;"ALCANÇOU";;;;;
"MT";"510757";;;;"NÃO ALCANÇOU";;;;;
"MT";"510760";;;;"ALCANÇOU";;;;;
"MT";"510770";;;;"NÃO ALCANÇOU";;;;;
"MT";"510774";;;;"ALCANÇOU";;;;;
"MT";"510775";;;;"ALCANÇOU";;;;;
"MT";"510776";;;;"NÃO ALCANÇOU";;;;;
"MT";"510777";;;;"ALCANÇOU";;;;;
"MT";"510779";;;;"ALCANÇOU";;;;;
"MT";"510780";;;;"ALCANÇOU";;;;;
"MT";"510785";;;;"ALCANÇOU";;;;;
"MT";"510787";;;;"ALCANÇOU";;;;;
"MT";"510788";;;;"ALCANÇOU";;;;;
"MT";"510790";;;;"ALCANÇOU";;;;;
"MT";"510792";;;;"ALCANÇOU";;;;;
"MT";"510794";;;;"ALCANÇOU";;;;;
"MT";"510795";;;;"ALCANÇOU";;;;;
"MT";"510800";;;;"ALCANÇOU";;;;;
"MT";"510805";;;;"NÃO ALCANÇOU";;;;;
"MT";"510810";;;;"ALCANÇOU";;;;;
"MT";"510820";;;;"ALCANÇOU";;;;;
"MT";"510830";;;;"ALCANÇOU";;;;;
"MT";"510835";;;;"ALCANÇOU";;;;;
"MT";"510840";;;;"NÃO ALCANÇOU";;;;;
"MT";"510850";;;;"ALCANÇOU";;;;;
"MT";"510860";;;;"ALCANÇOU";;;;;
"MT";"510880";;;;"ALCANÇOU";;;;;
"MT";"510885";;;;"ALCANÇOU";;;;;
"MT";"510890";;;;"ALCANÇOU";;;;;
"MT";"510895";;;;"ALCANÇOU";;;;;
"PA";"150010";"Abaetetuba";"ALCANÇOU";"ALCANÇOU";;"NÃO ALCANÇOU";"NÃO ALCANÇOU";"ALCANÇOU";"NÃO ALCANÇOU";"ALCANÇOU"
"PA";"150013";"Abel Figueiredo";"ALCANÇOU";"ALCANÇOU";;"NÃO ALCANÇOU";"ALCANÇOU";"ALCANÇOU";"NÃO ALCANÇOU";"ALCANÇOU"
"PA";"150020";"Acará";"ALCANÇOU";"ALCANÇOU";;"NÃO ALCANÇOU";"NÃO ALCANÇOU";"ALCANÇOU";"NÃO ALCANÇOU";"ALCANÇOU"
"PA";"150030";"Afuá";"ALCANÇOU";"ALCANÇOU";;"NÃO ALCANÇOU";"NÃO ALCANÇOU";"NÃO ALCANÇOU";"ALCANÇOU";"ALCANÇOU"
"PA";"150040";"Alenquer";"ALCANÇOU";"ALCANÇOU";;"NÃO ALCANÇOU";"NÃO ALCANÇOU";"NÃO ALCANÇOU";"ALCANÇOU";"ALCANÇOU"
"PA";"150050";"Almeirim";"ALCANÇOU";"ALCANÇOU";;"NÃO ALCANÇOU";"NÃO ALCANÇOU";"NÃO ALCANÇOU";"NÃO ALCANÇOU";"ALCANÇOU"
"PA";"150060";"Altamira";"ALCANÇOU";"ALCANÇOU";;"NÃO ALCANÇOU";"ALCANÇOU";"ALCANÇOU";"ALCANÇOU";"ALCANÇOU"
"PA";"150070";"Anajás";"ALCANÇOU";"ALCANÇOU";;"NÃO ALCANÇOU";"NÃO ALCANÇOU";"ALCANÇOU";"ALCANÇOU";"ALCANÇOU"
"PA";"150080";"Ananindeua";"ALCANÇOU";"ALCANÇOU";;"NÃO ALCANÇOU";"ALCANÇOU";"ALCANÇOU";"ALCANÇOU";"NÃO ALCANÇOU"
"PA";"150085";"Anapu";"NÃO ALCANÇOU";"ALCANÇOU";;"NÃO ALCANÇOU";"NÃO ALCANÇOU";"NÃO ALCANÇOU";"NÃO ALCANÇOU";"ALCANÇOU"
"PA";"150090";"Augusto Corrêa";"ALCANÇOU";"ALCANÇOU";;"NÃO ALCANÇOU";"ALCANÇOU";"NÃO ALCANÇOU";"ALCANÇOU";"ALCANÇOU"
"PA";"150095";"Aurora do Pará";"ALCANÇOU";"ALCANÇOU";;"NÃO ALCANÇOU";"NÃO ALCANÇOU";"NÃO ALCANÇOU";"NÃO ALCANÇOU";"ALCANÇOU"
"PA";"150100";"Aveiro";"ALCANÇOU";"ALCANÇOU";;"NÃO ALCANÇOU";"NÃO ALCANÇOU";"NÃO ALCANÇOU";"ALCANÇOU";"ALCANÇOU"
"PA";"150110";"Bagre";"NÃO ALCANÇOU";"ALCANÇOU";;"NÃO ALCANÇOU";"NÃO ALCANÇOU";"NÃO ALCANÇOU";"ALCANÇOU";"ALCANÇOU"
"PA";"150120";"Baião";"NÃO ALCANÇOU";"ALCANÇOU";;"NÃO ALCANÇOU";"NÃO ALCANÇOU";"ALCANÇOU";"ALCANÇOU";"ALCANÇOU"
"PA";"150125";"Bannach";"NÃO ALCANÇOU";"ALCANÇOU";;"NÃO ALCANÇOU";"NÃO ALCANÇOU";"NÃO ALCANÇOU";"ALCANÇOU";"ALCANÇOU"
"PA";"150130";"Barcarena";"ALCANÇOU";"ALCANÇOU";;"NÃO ALCANÇOU";"ALCANÇOU";"ALCANÇOU";"NÃO ALCANÇOU";"ALCANÇOU"
"PA";"150145";"Belterra";"ALCANÇOU";"NÃO ALCANÇOU";;"NÃO ALCANÇOU";"NÃO ALCANÇOU";"ALCANÇOU";"NÃO ALCANÇOU";"ALCANÇOU"
"PA";"150140";"Belém";"ALCANÇOU";"ALCANÇOU";;"NÃO ALCANÇOU";"ALCANÇOU";"ALCANÇOU";"NÃO ALCANÇOU";"ALCANÇOU"
"PA";"150150";"Benevides";"ALCANÇOU";"ALCANÇOU";;"NÃO ALCANÇOU";"NÃO ALCANÇOU";"NÃO ALCANÇOU";"NÃO ALCANÇOU";"ALCANÇOU"
"PA";"150157";"Bom Jesus do Tocantins";"ALCANÇOU";"ALCANÇOU";;"NÃO ALCANÇOU";"NÃO ALCANÇOU";"ALCANÇOU";"NÃO ALCANÇOU";"ALCANÇOU"
"PA";"150160";"Bonito";"ALCANÇOU";"ALCANÇOU";;"NÃO ALCANÇOU";"NÃO ALCANÇOU";"NÃO ALCANÇOU";"ALCANÇOU";"ALCANÇOU"
"PA";"150170";"Bragança";"ALCANÇOU";"ALCANÇOU";;"NÃO ALCANÇOU";"ALCANÇOU";"ALCANÇOU";"NÃO ALCANÇOU";"ALCANÇOU"
"PA";"150172";"Brasil Novo";"ALCANÇOU";"ALCANÇOU";;"NÃO ALCANÇOU";"NÃO ALCANÇOU";"ALCANÇOU";"ALCANÇOU";"ALCANÇOU"
"PA";"150175";"Brejo Grande do Araguaia";"ALCANÇOU";"ALCANÇOU";;"ALCANÇOU";"NÃO ALCANÇOU";"NÃO ALCANÇOU";"NÃO ALCANÇOU";"ALCANÇOU"
"PA";"150178";"Breu Branco";"ALCANÇOU";"NÃO ALCANÇOU";;"NÃO ALCANÇOU";"NÃO ALCANÇOU";"NÃO ALCANÇOU";"ALCANÇOU";"ALCANÇOU"
"PA";"150180";"Breves";"ALCANÇOU";"ALCANÇOU";;"NÃO ALCANÇOU";"NÃO ALCANÇOU";"ALCANÇOU";"NÃO ALCANÇOU";"ALCANÇOU"
"PA";"150190";"Bujaru";"ALCANÇOU";"ALCANÇOU";;"NÃO ALCANÇOU";"NÃO ALCANÇOU";"NÃO ALCANÇOU";"ALCANÇOU";"ALCANÇOU"
"PA";"150200";"Cachoeira do Arari";"ALCANÇOU";"NÃO ALCANÇOU";;"NÃO ALCANÇOU";"ALCANÇOU";"NÃO ALCANÇOU";"ALCANÇOU";"NÃO ALCANÇOU"
"PA";"150195";"Cachoeira do Piriá";"ALCANÇOU";"ALCANÇOU";;"NÃO ALCANÇOU";"NÃO ALCANÇOU";"NÃO ALCANÇOU";"NÃO ALCANÇOU";"ALCANÇOU"
"PA";"150210";"Cametá";"ALCANÇOU";"ALCANÇOU";;"NÃO ALCANÇOU";"ALCANÇOU";"ALCANÇOU";"NÃO ALCANÇOU";"ALCANÇOU"
"PA";"150215";"Canaã dos Carajás";"ALCANÇOU";"ALCANÇOU";;"NÃO ALCANÇOU";"ALCANÇOU";"ALCANÇOU";"NÃO ALCANÇOU";"ALCANÇOU"
"PA";"150220";"Capanema";"ALCANÇOU";"ALCANÇOU";;"NÃO ALCANÇOU";"NÃO ALCANÇOU";"ALCANÇOU";"ALCANÇOU";"ALCANÇOU"
"PA";"150230";"Capitão Poço";"ALCANÇOU";"ALCANÇOU";;"NÃO ALCANÇOU";"NÃO ALCANÇOU";"ALCANÇOU";"ALCANÇOU";"ALCANÇOU"
"PA";"150240";"Castanhal";"ALCANÇOU";"ALCANÇOU";;"NÃO ALCANÇOU";"ALCANÇOU";"ALCANÇOU";"ALCANÇOU";"ALCANÇOU"
"PA";"150250";"Chaves";"ALCANÇOU";"ALCANÇOU";;"NÃO ALCANÇOU";"NÃO ALCANÇOU";"ALCANÇOU";"ALCANÇOU";"ALCANÇOU"
"PA";"150260";"Colares";"ALCANÇOU";"ALCANÇOU";;"NÃO ALCANÇOU";"NÃO ALCANÇOU";"ALCANÇOU";"NÃO ALCANÇOU";"ALCANÇOU"
"PA";"150270";"Conceição do Araguaia";"ALCANÇOU";"ALCANÇOU";;"NÃO ALCANÇOU";"NÃO ALCANÇOU";"ALCANÇOU";"ALCANÇOU";"NÃO ALCANÇOU"
"PA";"150275";"Concórdia do Pará";"ALCANÇOU";"ALCANÇOU";;"ALCANÇOU";"NÃO ALCANÇOU";"NÃO ALCANÇOU";"NÃO ALCANÇOU";"ALCANÇOU"
"PA";"150276";"Cumaru do Norte";"NÃO ALCANÇOU";"ALCANÇOU";;"NÃO ALCANÇOU";"NÃO ALCANÇOU";"NÃO ALCANÇOU";"NÃO ALCANÇOU";"NÃO ALCANÇOU"
"PA";"150277";"Curionópolis";"ALCANÇOU";"ALCANÇOU";;"NÃO ALCANÇOU";"ALCANÇOU";"NÃO ALCANÇOU";"ALCANÇOU";"ALCANÇOU"
"PA";"150280";"Curralinho";"ALCANÇOU";"ALCANÇOU";;"NÃO ALCANÇOU";"NÃO ALCANÇOU";"NÃO ALCANÇOU";"ALCANÇOU";"ALCANÇOU"
"PA";"150285";"Curuá";"ALCANÇOU";"ALCANÇOU";;"ALCANÇOU";"NÃO ALCANÇOU";"NÃO ALCANÇOU";"ALCANÇOU";"ALCANÇOU"
"PA";"150290";"Curuçá";"ALCANÇOU";"ALCANÇOU";;"NÃO ALCANÇOU";"NÃO ALCANÇOU";"NÃO ALCANÇOU";"NÃO ALCANÇOU";"NÃO ALCANÇOU"
"PA";"150293";"Dom Eliseu";"ALCANÇOU";"ALCANÇOU";;"NÃO ALCANÇOU";"NÃO ALCANÇOU";"NÃO ALCANÇOU";"ALCANÇOU";"ALCANÇOU"
"PA";"150295";"Eldorado do Carajás";"ALCANÇOU";"ALCANÇOU";;"NÃO ALCANÇOU";"NÃO ALCANÇOU";"NÃO ALCANÇOU";"ALCANÇOU";"ALCANÇOU"
"PA";"150300";"Faro";"ALCANÇOU";"ALCANÇOU";;"ALCANÇOU";"NÃO ALCANÇOU";"NÃO ALCANÇOU";"NÃO ALCANÇOU";"ALCANÇOU"
"PA";"150304";"Floresta do Araguaia";"ALCANÇOU";"ALCANÇOU";;"NÃO ALCANÇOU";"NÃO ALCANÇOU";"ALCANÇOU";"NÃO ALCANÇOU";"ALCANÇOU"
"PA";"150307";"Garrafão do Norte";"ALCANÇOU";"ALCANÇOU";;"ALCANÇOU";"NÃO ALCANÇOU";"NÃO ALCANÇOU";"NÃO ALCANÇOU";"ALCANÇOU"
"PA";"150309";"Goianésia do Pará";"ALCANÇOU";"ALCANÇOU";;"NÃO ALCANÇOU";"NÃO ALCANÇOU";"NÃO ALCANÇOU";"NÃO ALCANÇOU";"ALCANÇOU"
"PA";"150310";"Gurupá";"NÃO ALCANÇOU";"ALCANÇOU";;"NÃO ALCANÇOU";"NÃO ALCANÇOU";"NÃO ALCANÇOU";"NÃO ALCANÇOU";"ALCANÇOU"
"PA";"150320";"Igarapé-Açu";"ALCANÇOU";"ALCANÇOU";;"NÃO ALCANÇOU";"NÃO ALCANÇOU";"NÃO ALCANÇOU";"NÃO ALCANÇOU";"ALCANÇOU"
"PA";"150330";"Igarapé-Miri";"ALCANÇOU";"ALCANÇOU";;"NÃO ALCANÇOU";"NÃO ALCANÇOU";"NÃO ALCANÇOU";"NÃO ALCANÇOU";"ALCANÇOU"
"PA";"150340";"Inhangapi";"NÃO ALCANÇOU";"ALCANÇOU";;"NÃO ALCANÇOU";"ALCANÇOU";"NÃO ALCANÇOU";"NÃO ALCANÇOU";"ALCANÇOU"
"PA";"150345";"Ipixuna do Pará";"ALCANÇOU";"NÃO ALCANÇOU";;"NÃO ALCANÇOU";"NÃO ALCANÇOU";"ALCANÇOU";"NÃO ALCANÇOU";"ALCANÇOU"
"PA";"150350";"Irituia";"NÃO ALCANÇOU";"ALCANÇOU";;"NÃO ALCANÇOU";"NÃO ALCANÇOU";"ALCANÇOU";"ALCANÇOU";"NÃO ALCANÇOU"
"PA";"150360";"Itaituba";"ALCANÇOU";"ALCANÇOU";;"NÃO ALCANÇOU";"NÃO ALCANÇOU";"ALCANÇOU";"NÃO ALCANÇOU";"ALCANÇOU"
"PA";"150370";"Itupiranga";"NÃO ALCANÇOU";"ALCANÇOU";;"NÃO ALCANÇOU";"ALCANÇOU";"NÃO ALCANÇOU";"NÃO ALCANÇOU";"ALCANÇOU"
"PA";"150375";"Jacareacanga";"ALCANÇOU";"ALCANÇOU";;"NÃO ALCANÇOU";"NÃO ALCANÇOU";"NÃO ALCANÇOU";"ALCANÇOU";"ALCANÇOU"
"PA";"150380";"Jacundá";"ALCANÇOU";"ALCANÇOU";;"NÃO ALCANÇOU";"ALCANÇOU";"NÃO ALCANÇOU";"ALCANÇOU";"ALCANÇOU"
"PA";"150390";"Juruti";"ALCANÇOU";"ALCANÇOU";;"NÃO ALCANÇOU";"NÃO ALCANÇOU";"ALCANÇOU";"NÃO ALCANÇOU";"ALCANÇOU"
"PA";"150400";"Limoeiro do Ajuru";"NÃO ALCANÇOU";"ALCANÇOU";;"NÃO ALCANÇOU";"ALCANÇOU";"NÃO ALCANÇOU";"ALCANÇOU";"ALCANÇOU"
"PA";"150410";"Magalhães Barata";"ALCANÇOU";"ALCANÇOU";;"NÃO ALCANÇOU";"NÃO ALCANÇOU";"NÃO ALCANÇOU";"ALCANÇOU";"ALCANÇOU"
"PA";"150420";"Marabá";"ALCANÇOU";"ALCANÇOU";;"NÃO ALCANÇOU";"ALCANÇOU";"ALCANÇOU";"ALCANÇOU";"ALCANÇOU"
"PA";"150430";"Maracanã";"ALCANÇOU";"ALCANÇOU";;"NÃO ALCANÇOU";"NÃO ALCANÇOU";"NÃO ALCANÇOU";"NÃO ALCANÇOU";"ALCANÇOU"
"PA";"150440";"Marapanim";"ALCANÇOU";"ALCANÇOU";;"NÃO ALCANÇOU";"NÃO ALCANÇOU";"NÃO ALCANÇOU";"NÃO ALCANÇOU";"ALCANÇOU"
"PA";"150442";"Marituba";"NÃO ALCANÇOU";"NÃO ALCANÇOU";;"NÃO ALCANÇOU";"ALCANÇOU";"NÃO ALCANÇOU";"NÃO ALCANÇOU";"NÃO ALCANÇOU"
"PA";"150445";"Medicilândia";"ALCANÇOU";"ALCANÇOU";;"NÃO ALCANÇOU";"NÃO ALCANÇOU";"NÃO ALCANÇOU";"NÃO ALCANÇOU";"NÃO ALCANÇOU"
"PA";"150450";"Melgaço";"NÃO ALCANÇOU";"ALCANÇOU";;"NÃO ALCANÇOU";"NÃO ALCANÇOU";"NÃO ALCANÇOU";"ALCANÇOU";"ALCANÇOU"
"PA";"150460";"Mocajuba";"ALCANÇOU";"ALCANÇOU";;"NÃO ALCANÇOU";"ALCANÇOU";"NÃO ALCANÇOU";"ALCANÇOU";"ALCANÇOU"
"PA";"150470";"Moju";"ALCANÇOU";"ALCANÇOU";;"NÃO ALCANÇOU";"ALCANÇOU";"ALCANÇOU";"ALCANÇOU";"ALCANÇOU"
"PA";"150475";"Mojuí dos Campos";"NÃO ALCANÇOU";"ALCANÇOU";;"ALCANÇOU";"NÃO ALCANÇOU";"NÃO ALCANÇOU";"NÃO ALCANÇOU";"ALCANÇOU"
"PA";"150480";"Monte Alegre";"ALCANÇOU";"ALCANÇOU";;"NÃO ALCANÇOU";"NÃO ALCANÇOU";"NÃO ALCANÇOU";"ALCANÇOU";"ALCANÇOU"
"PA";"150490";"Muaná";"NÃO ALCANÇOU";"ALCANÇOU";;"NÃO ALCANÇOU";"ALCANÇOU";"NÃO ALCANÇOU";"NÃO ALCANÇOU";"ALCANÇOU"
"PA";"150405";"Mãe do Rio";"ALCANÇOU";"ALCANÇOU";;"NÃO ALCANÇOU";"NÃO ALCANÇOU";"ALCANÇOU";"ALCANÇOU";"ALCANÇOU"
"PA";"150495";"Nova Esperança do Piriá";"ALCANÇOU";"ALCANÇOU";;"NÃO ALCANÇOU";"NÃO ALCANÇOU";"NÃO ALCANÇOU";"ALCANÇOU";"ALCANÇOU"
"PA";"150497";"Nova Ipixuna";"ALCANÇOU";"ALCANÇOU";;"ALCANÇOU";"NÃO ALCANÇOU";"NÃO ALCANÇOU";"NÃO ALCANÇOU";"ALCANÇOU"
"PA";"150500";"Nova Timboteua";"ALCANÇOU";"ALCANÇOU";;"ALCANÇOU";"NÃO ALCANÇOU";"NÃO ALCANÇOU";"NÃO ALCANÇOU";"ALCANÇOU"
"PA";"150503";"Novo Progresso";"ALCANÇOU";"ALCANÇOU";;"NÃO ALCANÇOU";"NÃO ALCANÇOU";"ALCANÇOU";"NÃO ALCANÇOU";"ALCANÇOU"
"PA";"150506";"Novo Repartimento";"NÃO ALCANÇOU";"ALCANÇOU";;"NÃO ALCANÇOU";"NÃO ALCANÇOU";"NÃO ALCANÇOU";"ALCANÇOU";"ALCANÇOU"
"PA";"150520";"Oeiras do Pará";"NÃO ALCANÇOU";"ALCANÇOU";;"NÃO ALCANÇOU";"NÃO ALCANÇOU";"NÃO ALCANÇOU";"ALCANÇOU";"ALCANÇOU"
"PA";"150530";"Oriximiná";"NÃO ALCANÇOU";"ALCANÇOU";;"NÃO ALCANÇOU";"ALCANÇOU";"ALCANÇOU";"ALCANÇOU";"ALCANÇOU"
"PA";"150543";"Ourilândia do Norte";"ALCANÇOU";"ALCANÇOU";;"NÃO ALCANÇOU";"NÃO ALCANÇOU";"NÃO ALCANÇOU";"ALCANÇOU";"NÃO ALCANÇOU"
"PA";"150540";"Ourém";"ALCANÇOU";"ALCANÇOU";;"NÃO ALCANÇOU";"NÃO ALCANÇOU";"NÃO ALCANÇOU";"ALCANÇOU";"ALCANÇOU"
"PA";"150548";"Pacajá";"ALCANÇOU";"ALCANÇOU";;"NÃO ALCANÇOU";"NÃO ALCANÇOU";"ALCANÇOU";"NÃO ALCANÇOU";"ALCANÇOU"
"PA";"150549";"Palestina do Pará";"ALCANÇOU";"ALCANÇOU";;"NÃO ALCANÇOU";"NÃO ALCANÇOU";"NÃO ALCANÇOU";"NÃO ALCANÇOU";"ALCANÇOU"
"PA";"150550";"Paragominas";"ALCANÇOU";"ALCANÇOU";;"NÃO ALCANÇOU";"ALCANÇOU";"ALCANÇOU";"ALCANÇOU";"ALCANÇOU"
"PA";"150553";"Parauapebas";"ALCANÇOU";"ALCANÇOU";;"NÃO ALCANÇOU";"ALCANÇOU";"ALCANÇOU";"ALCANÇOU";"ALCANÇOU"
"PA";"150555";"Pau D'Arco";"ALCANÇOU";"ALCANÇOU";;"NÃO ALCANÇOU";"NÃO ALCANÇOU";"NÃO ALCANÇOU";"NÃO ALCANÇOU";
"PA";"150555";"Pau DArco";;;;;;;;"ALCANÇOU"
"PA";"150560";"Peixe-Boi";"ALCANÇOU";"ALCANÇOU";;"NÃO ALCANÇOU";"NÃO ALCANÇOU";"NÃO ALCANÇOU";"ALCANÇOU";"ALCANÇOU"
"PA";"150563";"Piçarra";"ALCANÇOU";"ALCANÇOU";;"ALCANÇOU";"NÃO ALCANÇOU";"NÃO ALCANÇOU";"NÃO ALCANÇOU";"ALCANÇOU"
"PA";"150565";"Placas";"ALCANÇOU";"NÃO ALCANÇOU";;"NÃO ALCANÇOU";"NÃO ALCANÇOU";"ALCANÇOU";"ALCANÇOU";"ALCANÇOU"
"PA";"150570";"Ponta de Pedras";"ALCANÇOU";"NÃO ALCANÇOU";;"NÃO ALCANÇOU";"NÃO ALCANÇOU";"NÃO ALCANÇOU";"NÃO ALCANÇOU";"ALCANÇOU"
"PA";"150580";"Portel";"ALCANÇOU";"ALCANÇOU";;"NÃO ALCANÇOU";"NÃO ALCANÇOU";"ALCANÇOU";"ALCANÇOU";"ALCANÇOU"
"PA";"150590";"Porto de Moz";"ALCANÇOU";"ALCANÇOU";;"NÃO ALCANÇOU";"ALCANÇOU";"NÃO ALCANÇOU";"NÃO ALCANÇOU";"ALCANÇOU"
"PA";"150600";"Prainha";"ALCANÇOU";"ALCANÇOU";;"NÃO ALCANÇOU";"NÃO ALCANÇOU";"NÃO ALCANÇOU";"ALCANÇOU";"ALCANÇOU"
"PA";"150610";"Primavera";"ALCANÇOU";"NÃO ALCANÇOU";;"NÃO ALCANÇOU";"NÃO ALCANÇOU";"NÃO ALCANÇOU";"NÃO ALCANÇOU";"NÃO ALCANÇOU"
"PA";"150611";"Quatipuru";"ALCANÇOU";"ALCANÇOU";;"NÃO ALCANÇOU";"NÃO ALCANÇOU";"NÃO ALCANÇOU";"NÃO ALCANÇOU";"ALCANÇOU"
"PA";"150613";"Redenção";"ALCANÇOU";"ALCANÇOU";;"NÃO ALCANÇOU";"ALCANÇOU";"ALCANÇOU";"NÃO ALCANÇOU";"ALCANÇOU"
"PA";"150616";"Rio Maria";"ALCANÇOU";"ALCANÇOU";;"NÃO ALCANÇOU";"NÃO ALCANÇOU";"NÃO ALCANÇOU";"ALCANÇOU";"ALCANÇOU"
"PA";"150618";"Rondon do Pará";"ALCANÇOU";"ALCANÇOU";;"NÃO ALCANÇOU";"NÃO ALCANÇOU";"NÃO ALCANÇOU";"ALCANÇOU";"ALCANÇOU"
"PA";"150619";"Rurópolis";"NÃO ALCANÇOU";"ALCANÇOU";;"NÃO ALCANÇOU";"NÃO ALCANÇOU";"NÃO ALCANÇOU";"NÃO ALCANÇOU";"NÃO ALCANÇOU"
"PA";"150620";"Salinópolis";"ALCANÇOU";"NÃO ALCANÇOU";;"NÃO ALCANÇOU";"ALCANÇOU";"NÃO ALCANÇOU";"NÃO ALCANÇOU";"ALCANÇOU"
"PA";"150630";"Salvaterra";"ALCANÇOU";"ALCANÇOU";;"NÃO ALCANÇOU";"ALCANÇOU";"NÃO ALCANÇOU";"NÃO ALCANÇOU";"ALCANÇOU"
"PA";"150635";"Santa Bárbara do Pará";"ALCANÇOU";"ALCANÇOU";;"NÃO ALCANÇOU";"NÃO ALCANÇOU";"ALCANÇOU";"NÃO ALCANÇOU";"NÃO ALCANÇOU"
"PA";"150640";"Santa Cruz do Arari";"ALCANÇOU";"ALCANÇOU";;"NÃO ALCANÇOU";"NÃO ALCANÇOU";"NÃO ALCANÇOU";"ALCANÇOU";"ALCANÇOU"
"PA";"150650";"Santa Izabel do Pará";"ALCANÇOU";"ALCANÇOU";;"NÃO ALCANÇOU";"NÃO ALCANÇOU";"ALCANÇOU";"ALCANÇOU";"ALCANÇOU"
"PA";"150655";"Santa Luzia do Pará";"ALCANÇOU";"ALCANÇOU";;"ALCANÇOU";"NÃO ALCANÇOU";"NÃO ALCANÇOU";"ALCANÇOU";"ALCANÇOU"
"PA";"150658";"Santa Maria das Barreiras";"ALCANÇOU";"ALCANÇOU";;"NÃO ALCANÇOU";"ALCANÇOU";"ALCANÇOU";"NÃO ALCANÇOU";"ALCANÇOU"
"PA";"150660";"Santa Maria do Pará";"ALCANÇOU";"ALCANÇOU";;"NÃO ALCANÇOU";"NÃO ALCANÇOU";"ALCANÇOU";"NÃO ALCANÇOU";"ALCANÇOU"
"PA";"150670";"Santana do Araguaia";"NÃO ALCANÇOU";"ALCANÇOU";;"NÃO ALCANÇOU";"ALCANÇOU";"ALCANÇOU";"NÃO ALCANÇOU";"ALCANÇOU"
"PA";"150680";"Santarém";"ALCANÇOU";"ALCANÇOU";;"NÃO ALCANÇOU";"ALCANÇOU";"NÃO ALCANÇOU";"NÃO ALCANÇOU";"NÃO ALCANÇOU"
"PA";"150690";"Santarém Novo";"NÃO ALCANÇOU";"ALCANÇOU";;"ALCANÇOU";"NÃO ALCANÇOU";"ALCANÇOU";"ALCANÇOU";"ALCANÇOU"
"PA";"150700";"Santo Antônio do Tauá";"ALCANÇOU";"ALCANÇOU";;"NÃO ALCANÇOU";"NÃO ALCANÇOU";"ALCANÇOU";"NÃO ALCANÇOU";"NÃO ALCANÇOU"
"PA";"150775";"Sapucaia";"NÃO ALCANÇOU";"ALCANÇOU";;"NÃO ALCANÇOU";"NÃO ALCANÇOU";"NÃO ALCANÇOU";"NÃO ALCANÇOU";"ALCANÇOU"
"PA";"150780";"Senador José Porfírio";"ALCANÇOU";"ALCANÇOU";;"NÃO ALCANÇOU";"NÃO ALCANÇOU";"ALCANÇOU";"NÃO ALCANÇOU";"ALCANÇOU"
"PA";"150790";"Soure";"ALCANÇOU";"ALCANÇOU";;"NÃO ALCANÇOU";"NÃO ALCANÇOU";"NÃO ALCANÇOU";"ALCANÇOU";"ALCANÇOU"
"PA";"150710";"São Caetano de Odivelas";"ALCANÇOU";"ALCANÇOU";;"NÃO ALCANÇOU";"NÃO ALCANÇOU";"NÃO ALCANÇOU";"ALCANÇOU";"ALCANÇOU"
"PA";"150715";"São Domingos do Araguaia";"ALCANÇOU";"ALCANÇOU";;"NÃO ALCANÇOU";"NÃO ALCANÇOU";"NÃO ALCANÇOU";"NÃO ALCANÇOU";"ALCANÇOU"
"PA";"150720";"São Domingos do Capim";"ALCANÇOU";"ALCANÇOU";;"NÃO ALCANÇOU";"NÃO ALCANÇOU";"NÃO ALCANÇOU";"ALCANÇOU";"ALCANÇOU"
"PA";"150740";"São Francisco do Pará";"ALCANÇOU";"ALCANÇOU";;"NÃO ALCANÇOU";"NÃO ALCANÇOU";"ALCANÇOU";"ALCANÇOU";"ALCANÇOU"
"PA";"150730";"São Félix do Xingu";"NÃO ALCANÇOU";"NÃO ALCANÇOU";;"NÃO ALCANÇOU";"ALCANÇOU";"NÃO ALCANÇOU";"ALCANÇOU";"ALCANÇOU"
"PA";"150745";"São Geraldo do Araguaia";"ALCANÇOU";"ALCANÇOU";;"NÃO ALCANÇOU";"NÃO ALCANÇOU";"NÃO ALCANÇOU";"ALCANÇOU";"ALCANÇOU"
"PA";"150746";"São João da Ponta";"ALCANÇOU";"ALCANÇOU";;"NÃO ALCANÇOU";"NÃO ALCANÇOU";"NÃO ALCANÇOU";"NÃO ALCANÇOU";"ALCANÇOU"
"PA";"150747";"São João de Pirabas";"ALCANÇOU";"ALCANÇOU";;"NÃO ALCANÇOU";"NÃO ALCANÇOU";"ALCANÇOU";"NÃO ALCANÇOU";"ALCANÇOU"
"PA";"150750";"São João do Araguaia";"NÃO ALCANÇOU";"ALCANÇOU";;"NÃO ALCANÇOU";"NÃO ALCANÇOU";"NÃO ALCANÇOU";"ALCANÇOU";"ALCANÇOU"
"PA";"150760";"São Miguel do Guamá";"ALCANÇOU";"ALCANÇOU";;"NÃO ALCANÇOU";"NÃO ALCANÇOU";"NÃO ALCANÇOU";"ALCANÇOU";"ALCANÇOU"
"PA";"150770";"São Sebastião da Boa Vista";"ALCANÇOU";"ALCANÇOU";;"NÃO ALCANÇOU";"NÃO ALCANÇOU";"ALCANÇOU";"ALCANÇOU";"ALCANÇOU"
"PA";"150795";"Tailândia";"NÃO ALCANÇOU";"ALCANÇOU";;"NÃO ALCANÇOU";"ALCANÇOU";"ALCANÇOU";"ALCANÇOU";"ALCANÇOU"
"PA";"150796";"Terra Alta";"ALCANÇOU";"ALCANÇOU";;"NÃO ALCANÇOU";"NÃO ALCANÇOU";"NÃO ALCANÇOU";"ALCANÇOU";"NÃO ALCANÇOU"
"PA";"150797";"Terra Santa";"NÃO ALCANÇOU";"ALCANÇOU";;"NÃO ALCANÇOU";"NÃO ALCANÇOU";"NÃO ALCANÇOU";"ALCANÇOU";"ALCANÇOU"
"PA";"150800";"Tomé-Açu";"ALCANÇOU";"ALCANÇOU";;"NÃO ALCANÇOU";"ALCANÇOU";"ALCANÇOU";"ALCANÇOU";"ALCANÇOU"
"PA";"150803";"Tracuateua";"ALCANÇOU";"ALCANÇOU";;"NÃO ALCANÇOU";"NÃO ALCANÇOU";"NÃO ALCANÇOU";"NÃO ALCANÇOU";"ALCANÇOU"
"PA";"150805";"Trairão";"NÃO ALCANÇOU";"NÃO ALCANÇOU";;"NÃO ALCANÇOU";"NÃO ALCANÇOU";"NÃO ALCANÇOU";"ALCANÇOU";"ALCANÇOU"
"PA";"150808";"Tucumã";"ALCANÇOU";"ALCANÇOU";;"NÃO ALCANÇOU";"NÃO ALCANÇOU";"NÃO ALCANÇOU";"NÃO ALCANÇOU";"NÃO ALCANÇOU"
"PA";"150810";"Tucuruí";"ALCANÇOU";"ALCANÇOU";;"NÃO ALCANÇOU";"ALCANÇOU";"ALCANÇOU";"NÃO ALCANÇOU";"ALCANÇOU"
"PA";"150812";"Ulianópolis";"ALCANÇOU";"ALCANÇOU";;"NÃO ALCANÇOU";"NÃO ALCANÇOU";"NÃO ALCANÇOU";"ALCANÇOU";"ALCANÇOU"
"PA";"150815";"Uruará";"ALCANÇOU";"ALCANÇOU";;"NÃO ALCANÇOU";"NÃO ALCANÇOU";"ALCANÇOU";"NÃO ALCANÇOU";"ALCANÇOU"
"PA";"150820";"Vigia";"ALCANÇOU";"ALCANÇOU";;"NÃO ALCANÇOU";"NÃO ALCANÇOU";"NÃO ALCANÇOU";"NÃO ALCANÇOU";"ALCANÇOU"
"PA";"150830";"Viseu";"ALCANÇOU";"ALCANÇOU";;"NÃO ALCANÇOU";"NÃO ALCANÇOU";"NÃO ALCANÇOU";"NÃO ALCANÇOU";"ALCANÇOU"
"PA";"150835";"Vitória do Xingu";"NÃO ALCANÇOU";"ALCANÇOU";;"NÃO ALCANÇOU";"NÃO ALCANÇOU";"ALCANÇOU";"ALCANÇOU";"ALCANÇOU"
"PA";"150840";"Xinguara";"ALCANÇOU";"ALCANÇOU";;"NÃO ALCANÇOU";"ALCANÇOU";"NÃO ALCANÇOU";"ALCANÇOU";"ALCANÇOU"
"PA";"150034";"Água Azul do Norte";"NÃO ALCANÇOU";"ALCANÇOU";;"ALCANÇOU";"NÃO ALCANÇOU";"NÃO ALCANÇOU";"ALCANÇOU";"NÃO ALCANÇOU"
"PA";"150510";"Óbidos";"NÃO ALCANÇOU";"ALCANÇOU";;"NÃO ALCANÇOU";"NÃO ALCANÇOU";"NÃO ALCANÇOU";"NÃO ALCANÇOU";"ALCANÇOU"
"PA";"150010";;;;"ALCANÇOU";;;;;
"PA";"150013";;;;"NÃO ALCANÇOU";;;;;
"PA";"150020";;;;"NÃO ALCANÇOU";;;;;
"PA";"150030";;;;"ALCANÇOU";;;;;
"PA";"150034";;;;"ALCANÇOU";;;;;
"PA";"150040";;;;"NÃO ALCANÇOU";;;;;
"PA";"150050";;;;"NÃO ALCANÇOU";;;;;
"PA";"150060";;;;"ALCANÇOU";;;;;
"PA";"150070";;;;"ALCANÇOU";;;;;
"PA";"150080";;;;"ALCANÇOU";;;;;
"PA";"150085";;;;"ALCANÇOU";;;;;
"PA";"150090";;;;"ALCANÇOU";;;;;
"PA";"150095";;;;"ALCANÇOU";;;;;
"PA";"150100";;;;"NÃO ALCANÇOU";;;;;
"PA";"150110";;;;"ALCANÇOU";;;;;
"PA";"150120";;;;"NÃO ALCANÇOU";;;;;
"PA";"150125";;;;"NÃO ALCANÇOU";;;;;
"PA";"150130";;;;"ALCANÇOU";;;;;
"PA";"150140";;;;"ALCANÇOU";;;;;
"PA";"150145";;;;"ALCANÇOU";;;;;
"PA";"150150";;;;"ALCANÇOU";;;;;
"PA";"150157";;;;"ALCANÇOU";;;;;
"PA";"150160";;;;"ALCANÇOU";;;;;
"PA";"150170";;;;"ALCANÇOU";;;;;
"PA";"150172";;;;"NÃO ALCANÇOU";;;;;
"PA";"150175";;;;"ALCANÇOU";;;;;
"PA";"150178";;;;"ALCANÇOU";;;;;
"PA";"150180";;;;"NÃO ALCANÇOU";;;;;
"PA";"150190";;;;"ALCANÇOU";;;;;
"PA";"150195";;;;"ALCANÇOU";;;;;
"PA";"150200";;;;"ALCANÇOU";;;;;
"PA";"150210";;;;"ALCANÇOU";;;;;
"PA";"150215";;;;"ALCANÇOU";;;;;
"PA";"150220";;;;"ALCANÇOU";;;;;
"PA";"150230";;;;"ALCANÇOU";;;;;
"PA";"150240";;;;"ALCANÇOU";;;;;
"PA";"150250";;;;"NÃO ALCANÇOU";;;;;
"PA";"150260";;;;"ALCANÇOU";;;;;
"PA";"150270";;;;"ALCANÇOU";;;;;
"PA";"150275";;;;"ALCANÇOU";;;;;
"PA";"150276";;;;"NÃO ALCANÇOU";;;;;
"PA";"150277";;;;"ALCANÇOU";;;;;
"PA";"150280";;;;"NÃO ALCANÇOU";;;;;
"PA";"150285";;;;"ALCANÇOU";;;;;
"PA";"150290";;;;"ALCANÇOU";;;;;
"PA";"150293";;;;"ALCANÇOU";;;;;
"PA";"150295";;;;"NÃO ALCANÇOU";;;;;
"PA";"150300";;;;"ALCANÇOU";;;;;
"PA";"150304";;;;"ALCANÇOU";;;;;
"PA";"150307";;;;"ALCANÇOU";;;;;
"PA";"150309";;;;"ALCANÇOU";;;;;
"PA";"150310";;;;"NÃO ALCANÇOU";;;;;
"PA";"150320";;;;"ALCANÇOU";;;;;
"PA";"150330";;;;"ALCANÇOU";;;;;
"PA";"150340";;;;"ALCANÇOU";;;;;
"PA";"150345";;;;"ALCANÇOU";;;;;
"PA";"150350";;;;"ALCANÇOU";;;;;
"PA";"150360";;;;"ALCANÇOU";;;;;
"PA";"150370";;;;"NÃO ALCANÇOU";;;;;
"PA";"150375";;;;"NÃO ALCANÇOU";;;;;
"PA";"150380";;;;"ALCANÇOU";;;;;
"PA";"150390";;;;"NÃO ALCANÇOU";;;;;
"PA";"150400";;;;"ALCANÇOU";;;;;
"PA";"150405";;;;"ALCANÇOU";;;;;
"PA";"150410";;;;"NÃO ALCANÇOU";;;;;
"PA";"150420";;;;"ALCANÇOU";;;;;
"PA";"150430";;;;"ALCANÇOU";;;;;
"PA";"150440";;;;"ALCANÇOU";;;;;
"PA";"150442";;;;"ALCANÇOU";;;;;
"PA";"150445";;;;"ALCANÇOU";;;;;
"PA";"150450";;;;"NÃO ALCANÇOU";;;;;
"PA";"150460";;;;"ALCANÇOU";;;;;
"PA";"150470";;;;"ALCANÇOU";;;;;
"PA";"150475";;;;"ALCANÇOU";;;;;
"PA";"150480";;;;"ALCANÇOU";;;;;
"PA";"150490";;;;"ALCANÇOU";;;;;
"PA";"150495";;;;"ALCANÇOU";;;;;
"PA";"150497";;;;"ALCANÇOU";;;;;
"PA";"150500";;;;"ALCANÇOU";;;;;
"PA";"150503";;;;"ALCANÇOU";;;;;
"PA";"150506";;;;"ALCANÇOU";;;;;
"PA";"150510";;;;"ALCANÇOU";;;;;
"PA";"150520";;;;"ALCANÇOU";;;;;
"PA";"150530";;;;"ALCANÇOU";;;;;
"PA";"150540";;;;"ALCANÇOU";;;;;
"PA";"150543";;;;"ALCANÇOU";;;;;
"PA";"150548";;;;"ALCANÇOU";;;;;
"PA";"150549";;;;"NÃO ALCANÇOU";;;;;
"PA";"150550";;;;"ALCANÇOU";;;;;
"PA";"150553";;;;"ALCANÇOU";;;;;
"PA";"150555";;;;"ALCANÇOU";;;;;
"PA";"150560";;;;"ALCANÇOU";;;;;
"PA";"150563";;;;"ALCANÇOU";;;;;
"PA";"150565";;;;"ALCANÇOU";;;;;
"PA";"150570";;;;"ALCANÇOU";;;;;
"PA";"150580";;;;"ALCANÇOU";;;;;
"PA";"150590";;;;"ALCANÇOU";;;;;
"PA";"150600";;;;"ALCANÇOU";;;;;
"PA";"150610";;;;"ALCANÇOU";;;;;
"PA";"150611";;;;"ALCANÇOU";;;;;
"PA";"150613";;;;"ALCANÇOU";;;;;
"PA";"150616";;;;"ALCANÇOU";;;;;
"PA";"150618";;;;"ALCANÇOU";;;;;
"PA";"150619";;;;"ALCANÇOU";;;;;
"PA";"150620";;;;"ALCANÇOU";;;;;
"PA";"150630";;;;"NÃO ALCANÇOU";;;;;
"PA";"150635";;;;"ALCANÇOU";;;;;
"PA";"150640";;;;"NÃO ALCANÇOU";;;;;
"PA";"150650";;;;"ALCANÇOU";;;;;
"PA";"150655";;;;"ALCANÇOU";;;;;
"PA";"150658";;;;"NÃO ALCANÇOU";;;;;
"PA";"150660";;;;"ALCANÇOU";;;;;
"PA";"150670";;;;"ALCANÇOU";;;;;
"PA";"150680";;;;"ALCANÇOU";;;;;
"PA";"150690";;;;"ALCANÇOU";;;;;
"PA";"150700";;;;"ALCANÇOU";;;;;
"PA";"150710";;;;"ALCANÇOU";;;;;
"PA";"150715";;;;"ALCANÇOU";;;;;
"PA";"150720";;;;"ALCANÇOU";;;;;
"PA";"150730";;;;"ALCANÇOU";;;;;
"PA";"150740";;;;"ALCANÇOU";;;;;
"PA";"150745";;;;"ALCANÇOU";;;;;
"PA";"150746";;;;"ALCANÇOU";;;;;
"PA";"150747";;;;"ALCANÇOU";;;;;
"PA";"150750";;;;"ALCANÇOU";;;;;
"PA";"150760";;;;"ALCANÇOU";;;;;
"PA";"150770";;;;"NÃO ALCANÇOU";;;;;
"PA";"150775";;;;"NÃO ALCANÇOU";;;;;
"PA";"150780";;;;"NÃO ALCANÇOU";;;;;
"PA";"150790";;;;"ALCANÇOU";;;;;
"PA";"150795";;;;"ALCANÇOU";;;;;
"PA";"150796";;;;"ALCANÇOU";;;;;
"PA";"150797";;;;"ALCANÇOU";;;;;
"PA";"150800";;;;"ALCANÇOU";;;;;
"PA";"150803";;;;"ALCANÇOU";;;;;
"PA";"150805";;;;"ALCANÇOU";;;;;
"PA";"150808";;;;"ALCANÇOU";;;;;
"PA";"150810";;;;"ALCANÇOU";;;;;
"PA";"150812";;;;"ALCANÇOU";;;;;
"PA";"150815";;;;"ALCANÇOU";;;;;
"PA";"150820";;;;"ALCANÇOU";;;;;
"PA";"150830";;;;"ALCANÇOU";;;;;
"PA";"150835";;;;"ALCANÇOU";;;;;
"PA";"150840";;;;"ALCANÇOU";;;;;
"PB";"250020";"Aguiar";"ALCANÇOU";"ALCANÇOU";;"NÃO ALCANÇOU";"NÃO ALCANÇOU";"NÃO ALCANÇOU";"ALCANÇOU";"ALCANÇOU"
"PB";"250030";"Alagoa Grande";"ALCANÇOU";"ALCANÇOU";;"ALCANÇOU";"NÃO ALCANÇOU";"NÃO ALCANÇOU";"NÃO ALCANÇOU";"ALCANÇOU"
"PB";"250040";"Alagoa Nova";"ALCANÇOU";"ALCANÇOU";;"ALCANÇOU";"ALCANÇOU";"NÃO ALCANÇOU";"ALCANÇOU";"ALCANÇOU"
"PB";"250050";"Alagoinha";"ALCANÇOU";"ALCANÇOU";;"NÃO ALCANÇOU";"NÃO ALCANÇOU";"NÃO ALCANÇOU";"ALCANÇOU";"ALCANÇOU"
"PB";"250053";"Alcantil";"ALCANÇOU";"ALCANÇOU";;"NÃO ALCANÇOU";"NÃO ALCANÇOU";"NÃO ALCANÇOU";"ALCANÇOU";"NÃO ALCANÇOU"
"PB";"250057";"Algodão de Jandaíra";"ALCANÇOU";"ALCANÇOU";;"ALCANÇOU";"ALCANÇOU";"NÃO ALCANÇOU";"ALCANÇOU";"ALCANÇOU"
"PB";"250060";"Alhandra";"ALCANÇOU";"ALCANÇOU";;"ALCANÇOU";"ALCANÇOU";"NÃO ALCANÇOU";"NÃO ALCANÇOU";"ALCANÇOU"
"PB";"250073";"Amparo";"ALCANÇOU";"ALCANÇOU";;"NÃO ALCANÇOU";"NÃO ALCANÇOU";"NÃO ALCANÇOU";"ALCANÇOU";"ALCANÇOU"
"PB";"250077";"Aparecida";"ALCANÇOU";"ALCANÇOU";;"ALCANÇOU";"ALCANÇOU";"NÃO ALCANÇOU";"ALCANÇOU";"ALCANÇOU"
"PB";"250090";"Arara";"NÃO ALCANÇOU";"ALCANÇOU";;"NÃO ALCANÇOU";"NÃO ALCANÇOU";"NÃO ALCANÇOU";"NÃO ALCANÇOU";"ALCANÇOU"
"PB";"250100";"Araruna";"ALCANÇOU";"ALCANÇOU";;"NÃO ALCANÇOU";"ALCANÇOU";"ALCANÇOU";"ALCANÇOU";"ALCANÇOU"
"PB";"250080";"Araçagi";"ALCANÇOU";"ALCANÇOU";;"ALCANÇOU";"NÃO ALCANÇOU";"NÃO ALCANÇOU";"ALCANÇOU";"ALCANÇOU"
"PB";"250110";"Areia";"ALCANÇOU";"ALCANÇOU";;"NÃO ALCANÇOU";"ALCANÇOU";"NÃO ALCANÇOU";"NÃO ALCANÇOU";"NÃO ALCANÇOU"
"PB";"250115";"Areia de Baraúnas";"ALCANÇOU";"ALCANÇOU";;"NÃO ALCANÇOU";"ALCANÇOU";"NÃO ALCANÇOU";"ALCANÇOU";"NÃO ALCANÇOU"
"PB";"250120";"Areial";"ALCANÇOU";"ALCANÇOU";;"NÃO ALCANÇOU";"NÃO ALCANÇOU";"NÃO ALCANÇOU";"ALCANÇOU";"ALCANÇOU"
"PB";"250130";"Aroeiras";"ALCANÇOU";"ALCANÇOU";;"NÃO ALCANÇOU";"NÃO ALCANÇOU";"ALCANÇOU";"ALCANÇOU";"ALCANÇOU"
"PB";"250135";"Assunção";"ALCANÇOU";"ALCANÇOU";;"ALCANÇOU";"ALCANÇOU";"NÃO ALCANÇOU";"ALCANÇOU";"ALCANÇOU"
"PB";"250150";"Bananeiras";"ALCANÇOU";"ALCANÇOU";;"ALCANÇOU";"ALCANÇOU";"ALCANÇOU";"NÃO ALCANÇOU";"ALCANÇOU"
"PB";"250153";"Baraúna";"ALCANÇOU";"ALCANÇOU";;"ALCANÇOU";"NÃO ALCANÇOU";"NÃO ALCANÇOU";"ALCANÇOU";"ALCANÇOU"
"PB";"250160";"Barra de Santa Rosa";"NÃO ALCANÇOU";"ALCANÇOU";;"NÃO ALCANÇOU";"ALCANÇOU";"NÃO ALCANÇOU";"ALCANÇOU";"ALCANÇOU"
"PB";"250157";"Barra de Santana";"ALCANÇOU";"ALCANÇOU";;"NÃO ALCANÇOU";"NÃO ALCANÇOU";"NÃO ALCANÇOU";"NÃO ALCANÇOU";"NÃO ALCANÇOU"
"PB";"250170";"Barra de São Miguel";"NÃO ALCANÇOU";"ALCANÇOU";;"ALCANÇOU";"NÃO ALCANÇOU";"NÃO ALCANÇOU";"NÃO ALCANÇOU";"ALCANÇOU"
"PB";"250180";"Bayeux";"ALCANÇOU";"NÃO ALCANÇOU";;"NÃO ALCANÇOU";"ALCANÇOU";"ALCANÇOU";"NÃO ALCANÇOU";"ALCANÇOU"
"PB";"250140";"Baía da Traição";"ALCANÇOU";"NÃO ALCANÇOU";;"NÃO ALCANÇOU";"ALCANÇOU";"NÃO ALCANÇOU";"NÃO ALCANÇOU";"ALCANÇOU"
"PB";"250190";"Belém";"ALCANÇOU";"ALCANÇOU";;"ALCANÇOU";"ALCANÇOU";"NÃO ALCANÇOU";"NÃO ALCANÇOU";"ALCANÇOU"
"PB";"250200";"Belém do Brejo do Cruz";"NÃO ALCANÇOU";"ALCANÇOU";;"NÃO ALCANÇOU";"ALCANÇOU";"NÃO ALCANÇOU";"ALCANÇOU";"ALCANÇOU"
"PB";"250205";"Bernardino Batista";"ALCANÇOU";"ALCANÇOU";;"ALCANÇOU";"NÃO ALCANÇOU";"NÃO ALCANÇOU";"NÃO ALCANÇOU";"ALCANÇOU"
"PB";"250210";"Boa Ventura";"ALCANÇOU";"NÃO ALCANÇOU";;"ALCANÇOU";"ALCANÇOU";"NÃO ALCANÇOU";"ALCANÇOU";"ALCANÇOU"
"PB";"250215";"Boa Vista";"ALCANÇOU";"ALCANÇOU";;"NÃO ALCANÇOU";"ALCANÇOU";"NÃO ALCANÇOU";"ALCANÇOU";"ALCANÇOU"
"PB";"250220";"Bom Jesus";"ALCANÇOU";"ALCANÇOU";;"ALCANÇOU";"ALCANÇOU";"NÃO ALCANÇOU";"ALCANÇOU";"ALCANÇOU"
"PB";"250230";"Bom Sucesso";"ALCANÇOU";"ALCANÇOU";;"NÃO ALCANÇOU";"ALCANÇOU";"NÃO ALCANÇOU";"ALCANÇOU";"NÃO ALCANÇOU"
"PB";"250240";"Bonito de Santa Fé";"ALCANÇOU";"ALCANÇOU";;"ALCANÇOU";"ALCANÇOU";"NÃO ALCANÇOU";"ALCANÇOU";"ALCANÇOU"
"PB";"250250";"Boqueirão";"ALCANÇOU";"ALCANÇOU";;"NÃO ALCANÇOU";"ALCANÇOU";"NÃO ALCANÇOU";"ALCANÇOU";"ALCANÇOU"
"PB";"250270";"Borborema";"ALCANÇOU";"ALCANÇOU";;"NÃO ALCANÇOU";"NÃO ALCANÇOU";"NÃO ALCANÇOU";"ALCANÇOU";"ALCANÇOU"
"PB";"250280";"Brejo do Cruz";"ALCANÇOU";"ALCANÇOU";;"NÃO ALCANÇOU";"ALCANÇOU";"NÃO ALCANÇOU";"ALCANÇOU";"ALCANÇOU"
"PB";"250290";"Brejo dos Santos";"NÃO ALCANÇOU";"ALCANÇOU";;"ALCANÇOU";"ALCANÇOU";"NÃO ALCANÇOU";"ALCANÇOU";"NÃO ALCANÇOU"
"PB";"250300";"Caaporã";"NÃO ALCANÇOU";"ALCANÇOU";;"ALCANÇOU";"ALCANÇOU";"ALCANÇOU";"NÃO ALCANÇOU";"ALCANÇOU"
"PB";"250310";"Cabaceiras";"NÃO ALCANÇOU";"ALCANÇOU";;"NÃO ALCANÇOU";"ALCANÇOU";"NÃO ALCANÇOU";"ALCANÇOU";"ALCANÇOU"
"PB";"250320";"Cabedelo";"ALCANÇOU";"ALCANÇOU";;"NÃO ALCANÇOU";"ALCANÇOU";"ALCANÇOU";"ALCANÇOU";"ALCANÇOU"
"PB";"250330";"Cachoeira dos Índios";"ALCANÇOU";"ALCANÇOU";;"NÃO ALCANÇOU";"ALCANÇOU";"NÃO ALCANÇOU";"NÃO ALCANÇOU";"ALCANÇOU"
"PB";"250340";"Cacimba de Areia";"ALCANÇOU";"ALCANÇOU";;"NÃO ALCANÇOU";"ALCANÇOU";"NÃO ALCANÇOU";"ALCANÇOU";"ALCANÇOU"
"PB";"250350";"Cacimba de Dentro";"ALCANÇOU";"ALCANÇOU";;"ALCANÇOU";"NÃO ALCANÇOU";"NÃO ALCANÇOU";"ALCANÇOU";"ALCANÇOU"
"PB";"250355";"Cacimbas";"NÃO ALCANÇOU";"ALCANÇOU";;"NÃO ALCANÇOU";"NÃO ALCANÇOU";"NÃO ALCANÇOU";"ALCANÇOU";"NÃO ALCANÇOU"
"PB";"250360";"Caiçara";"ALCANÇOU";"ALCANÇOU";;"ALCANÇOU";"ALCANÇOU";"NÃO ALCANÇOU";"ALCANÇOU";"NÃO ALCANÇOU"
"PB";"250370";"Cajazeiras";"ALCANÇOU";"ALCANÇOU";;"NÃO ALCANÇOU";"ALCANÇOU";"NÃO ALCANÇOU";"NÃO ALCANÇOU";"ALCANÇOU"
"PB";"250375";"Cajazeirinhas";"NÃO ALCANÇOU";"ALCANÇOU";;"NÃO ALCANÇOU";"ALCANÇOU";"NÃO ALCANÇOU";"ALCANÇOU";"ALCANÇOU"
"PB";"250380";"Caldas Brandão";"ALCANÇOU";"ALCANÇOU";;"ALCANÇOU";"NÃO ALCANÇOU";"NÃO ALCANÇOU";"ALCANÇOU";"ALCANÇOU"
"PB";"250390";"Camalaú";"ALCANÇOU";"ALCANÇOU";;"NÃO ALCANÇOU";"ALCANÇOU";"ALCANÇOU";"ALCANÇOU";"ALCANÇOU"
"PB";"250400";"Campina Grande";"ALCANÇOU";"ALCANÇOU";;"NÃO ALCANÇOU";"NÃO ALCANÇOU";"ALCANÇOU";"ALCANÇOU";"ALCANÇOU"
"PB";"250403";"Capim";"ALCANÇOU";"NÃO ALCANÇOU";;"ALCANÇOU";"NÃO ALCANÇOU";"NÃO ALCANÇOU";"ALCANÇOU";"NÃO ALCANÇOU"
"PB";"250407";"Caraúbas";"ALCANÇOU";"ALCANÇOU";;"NÃO ALCANÇOU";"NÃO ALCANÇOU";"NÃO ALCANÇOU";"ALCANÇOU";"ALCANÇOU"
"PB";"250410";"Carrapateira";"ALCANÇOU";"ALCANÇOU";;"ALCANÇOU";"ALCANÇOU";"NÃO ALCANÇOU";"ALCANÇOU";"ALCANÇOU"
"PB";"250415";"Casserengue";"ALCANÇOU";"ALCANÇOU";;"NÃO ALCANÇOU";"ALCANÇOU";"NÃO ALCANÇOU";"NÃO ALCANÇOU";"ALCANÇOU"
"PB";"250420";"Catingueira";"ALCANÇOU";"NÃO ALCANÇOU";;"ALCANÇOU";"ALCANÇOU";"NÃO ALCANÇOU";"ALCANÇOU";"ALCANÇOU"
"PB";"250430";"Catolé do Rocha";"NÃO ALCANÇOU";"ALCANÇOU";;"NÃO ALCANÇOU";"ALCANÇOU";"NÃO ALCANÇOU";"NÃO ALCANÇOU";"ALCANÇOU"
"PB";"250435";"Caturité";"ALCANÇOU";"ALCANÇOU";;"ALCANÇOU";"ALCANÇOU";"ALCANÇOU";"ALCANÇOU";"ALCANÇOU"
"PB";"250440";"Conceição";"ALCANÇOU";"ALCANÇOU";;"ALCANÇOU";"NÃO ALCANÇOU";"NÃO ALCANÇOU";"NÃO ALCANÇOU";"ALCANÇOU"
"PB";"250450";"Condado";"ALCANÇOU";"ALCANÇOU";;"ALCANÇOU";"NÃO ALCANÇOU";"NÃO ALCANÇOU";"ALCANÇOU";"NÃO ALCANÇOU"
"PB";"250460";"Conde";"ALCANÇOU";"ALCANÇOU";;"NÃO ALCANÇOU";"ALCANÇOU";"NÃO ALCANÇOU";"NÃO ALCANÇOU";"ALCANÇOU"
"PB";"250470";"Congo";"ALCANÇOU";"ALCANÇOU";;"NÃO ALCANÇOU";"ALCANÇOU";"NÃO ALCANÇOU";"ALCANÇOU";"ALCANÇOU"
"PB";"250480";"Coremas";"ALCANÇOU";"ALCANÇOU";;"ALCANÇOU";"NÃO ALCANÇOU";"NÃO ALCANÇOU";"ALCANÇOU";"ALCANÇOU"
"PB";"250485";"Coxixola";"ALCANÇOU";"ALCANÇOU";;"NÃO ALCANÇOU";"ALCANÇOU";"NÃO ALCANÇOU";"ALCANÇOU";"NÃO ALCANÇOU"
"PB";"250490";"Cruz do Espírito Santo";"ALCANÇOU";"NÃO ALCANÇOU";;"ALCANÇOU";"ALCANÇOU";"NÃO ALCANÇOU";"NÃO ALCANÇOU";"ALCANÇOU"
"PB";"250500";"Cubati";"ALCANÇOU";"ALCANÇOU";;"NÃO ALCANÇOU";"ALCANÇOU";"ALCANÇOU";"ALCANÇOU";"ALCANÇOU"
"PB";"250520";"Cuitegi";"ALCANÇOU";"ALCANÇOU";;"NÃO ALCANÇOU";"ALCANÇOU";"NÃO ALCANÇOU";"ALCANÇOU";"NÃO ALCANÇOU"
"PB";"250510";"Cuité";"ALCANÇOU";"ALCANÇOU";;"NÃO ALCANÇOU";"ALCANÇOU";"ALCANÇOU";"ALCANÇOU";"ALCANÇOU"
"PB";"250523";"Cuité de Mamanguape";"ALCANÇOU";"NÃO ALCANÇOU";;"ALCANÇOU";"NÃO ALCANÇOU";"NÃO ALCANÇOU";"ALCANÇOU";"ALCANÇOU"
"PB";"250530";"Curral Velho";"ALCANÇOU";"ALCANÇOU";;"ALCANÇOU";"NÃO ALCANÇOU";"NÃO ALCANÇOU";"ALCANÇOU";"ALCANÇOU"
"PB";"250527";"Curral de Cima";"ALCANÇOU";"NÃO ALCANÇOU";;"ALCANÇOU";"NÃO ALCANÇOU";"ALCANÇOU";"ALCANÇOU";"NÃO ALCANÇOU"
"PB";"250535";"Damião";"ALCANÇOU";"ALCANÇOU";;"NÃO ALCANÇOU";"ALCANÇOU";"NÃO ALCANÇOU";"ALCANÇOU";"NÃO ALCANÇOU"
"PB";"250540";"Desterro";"ALCANÇOU";"ALCANÇOU";;"NÃO ALCANÇOU";"ALCANÇOU";"NÃO ALCANÇOU";"ALCANÇOU";"ALCANÇOU"
"PB";"250560";"Diamante";"NÃO ALCANÇOU";"ALCANÇOU";;"ALCANÇOU";"NÃO ALCANÇOU";"NÃO ALCANÇOU";"ALCANÇOU";"NÃO ALCANÇOU"
"PB";"250570";"Dona Inês";"ALCANÇOU";"ALCANÇOU";;"ALCANÇOU";"NÃO ALCANÇOU";"NÃO ALCANÇOU";"ALCANÇOU";"ALCANÇOU"
"PB";"250580";"Duas Estradas";"ALCANÇOU";"ALCANÇOU";;"ALCANÇOU";"ALCANÇOU";"NÃO ALCANÇOU";"ALCANÇOU";"ALCANÇOU"
"PB";"250590";"Emas";"NÃO ALCANÇOU";"ALCANÇOU";;"ALCANÇOU";"ALCANÇOU";"NÃO ALCANÇOU";"ALCANÇOU";"NÃO ALCANÇOU"
"PB";"250600";"Esperança";"ALCANÇOU";"ALCANÇOU";;"NÃO ALCANÇOU";"ALCANÇOU";"NÃO ALCANÇOU";"NÃO ALCANÇOU";"ALCANÇOU"
"PB";"250610";"Fagundes";"ALCANÇOU";"ALCANÇOU";;"NÃO ALCANÇOU";"ALCANÇOU";"NÃO ALCANÇOU";"ALCANÇOU";"ALCANÇOU"
"PB";"250620";"Frei Martinho";"NÃO ALCANÇOU";"ALCANÇOU";;"ALCANÇOU";"ALCANÇOU";"NÃO ALCANÇOU";"ALCANÇOU";"ALCANÇOU"
"PB";"250625";"Gado Bravo";"NÃO ALCANÇOU";"ALCANÇOU";;"NÃO ALCANÇOU";"NÃO ALCANÇOU";"NÃO ALCANÇOU";"ALCANÇOU";"ALCANÇOU"
"PB";"250630";"Guarabira";"ALCANÇOU";"ALCANÇOU";;"NÃO ALCANÇOU";"ALCANÇOU";"NÃO ALCANÇOU";"NÃO ALCANÇOU";"ALCANÇOU"
"PB";"250640";"Gurinhém";"ALCANÇOU";"ALCANÇOU";;"NÃO ALCANÇOU";"ALCANÇOU";"NÃO ALCANÇOU";"ALCANÇOU";"ALCANÇOU"
"PB";"250650";"Gurjão";"ALCANÇOU";"NÃO ALCANÇOU";;"NÃO ALCANÇOU";"ALCANÇOU";"NÃO ALCANÇOU";"ALCANÇOU";"ALCANÇOU"
"PB";"250660";"Ibiara";"ALCANÇOU";"ALCANÇOU";;"NÃO ALCANÇOU";"ALCANÇOU";"NÃO ALCANÇOU";"ALCANÇOU";"NÃO ALCANÇOU"
"PB";"250260";"Igaracy";"ALCANÇOU";"ALCANÇOU";;"NÃO ALCANÇOU";"NÃO ALCANÇOU";"NÃO ALCANÇOU";"NÃO ALCANÇOU";"ALCANÇOU"
"PB";"250670";"Imaculada";"ALCANÇOU";"ALCANÇOU";;"NÃO ALCANÇOU";"ALCANÇOU";"NÃO ALCANÇOU";"ALCANÇOU";"ALCANÇOU"
"PB";"250680";"Ingá";"ALCANÇOU";"ALCANÇOU";;"NÃO ALCANÇOU";"NÃO ALCANÇOU";"NÃO ALCANÇOU";"ALCANÇOU";"ALCANÇOU"
"PB";"250690";"Itabaiana";"ALCANÇOU";"ALCANÇOU";;"NÃO ALCANÇOU";"NÃO ALCANÇOU";"NÃO ALCANÇOU";"NÃO ALCANÇOU";"ALCANÇOU"
"PB";"250700";"Itaporanga";"ALCANÇOU";"ALCANÇOU";;"NÃO ALCANÇOU";"ALCANÇOU";"NÃO ALCANÇOU";"ALCANÇOU";"ALCANÇOU"
"PB";"250710";"Itapororoca";"NÃO ALCANÇOU";"NÃO ALCANÇOU";;"ALCANÇOU";"NÃO ALCANÇOU";"NÃO ALCANÇOU";"ALCANÇOU";"ALCANÇOU"
"PB";"250720";"Itatuba";"ALCANÇOU";"ALCANÇOU";;"ALCANÇOU";"NÃO ALCANÇOU";"NÃO ALCANÇOU";"ALCANÇOU";"ALCANÇOU"
"PB";"250730";"Jacaraú";"NÃO ALCANÇOU";"NÃO ALCANÇOU";;"NÃO ALCANÇOU";"ALCANÇOU";"ALCANÇOU";"ALCANÇOU";"ALCANÇOU"
"PB";"250740";"Jericó";"NÃO ALCANÇOU";"ALCANÇOU";;"ALCANÇOU";"ALCANÇOU";"NÃO ALCANÇOU";"ALCANÇOU";"ALCANÇOU"
"PB";"251365";"Joca Claudino";"NÃO ALCANÇOU";"NÃO ALCANÇOU";;"ALCANÇOU";"ALCANÇOU";"NÃO ALCANÇOU";"NÃO ALCANÇOU";"NÃO ALCANÇOU"
"PB";"250750";"João Pessoa";"ALCANÇOU";"ALCANÇOU";;"NÃO ALCANÇOU";"ALCANÇOU";"ALCANÇOU";"ALCANÇOU";"ALCANÇOU"
"PB";"250760";"Juarez Távora";"ALCANÇOU";"ALCANÇOU";;"ALCANÇOU";"NÃO ALCANÇOU";"NÃO ALCANÇOU";"ALCANÇOU";"NÃO ALCANÇOU"
"PB";"250770";"Juazeirinho";"ALCANÇOU";"ALCANÇOU";;"NÃO ALCANÇOU";"ALCANÇOU";"NÃO ALCANÇOU";"NÃO ALCANÇOU";"ALCANÇOU"
"PB";"250780";"Junco do Seridó";"ALCANÇOU";"ALCANÇOU";;"NÃO ALCANÇOU";"ALCANÇOU";"NÃO ALCANÇOU";"ALCANÇOU";"ALCANÇOU"
"PB";"250790";"Juripiranga";"ALCANÇOU";"ALCANÇOU";;"NÃO ALCANÇOU";"ALCANÇOU";"NÃO ALCANÇOU";"NÃO ALCANÇOU";"ALCANÇOU"
"PB";"250800";"Juru";"ALCANÇOU";"ALCANÇOU";;"ALCANÇOU";"ALCANÇOU";"NÃO ALCANÇOU";"ALCANÇOU";"ALCANÇOU"
"PB";"250810";"Lagoa";"ALCANÇOU";"ALCANÇOU";;"ALCANÇOU";"ALCANÇOU";"NÃO ALCANÇOU";"ALCANÇOU";"ALCANÇOU"
"PB";"250830";"Lagoa Seca";"ALCANÇOU";"ALCANÇOU";;"NÃO ALCANÇOU";"NÃO ALCANÇOU";"NÃO ALCANÇOU";"ALCANÇOU";"ALCANÇOU"
"PB";"250820";"Lagoa de Dentro";"ALCANÇOU";"ALCANÇOU";;"ALCANÇOU";"ALCANÇOU";"NÃO ALCANÇOU";"ALCANÇOU";"ALCANÇOU"
"PB";"250840";"Lastro";"ALCANÇOU";"ALCANÇOU";;"ALCANÇOU";"ALCANÇOU";"NÃO ALCANÇOU";"ALCANÇOU";"ALCANÇOU"
"PB";"250850";"Livramento";"ALCANÇOU";"ALCANÇOU";;"NÃO ALCANÇOU";"NÃO ALCANÇOU";"NÃO ALCANÇOU";"ALCANÇOU";"NÃO ALCANÇOU"
"PB";"250855";"Logradouro";"ALCANÇOU";"ALCANÇOU";;"ALCANÇOU";"ALCANÇOU";"NÃO ALCANÇOU";"ALCANÇOU";"ALCANÇOU"
"PB";"250860";"Lucena";"ALCANÇOU";"ALCANÇOU";;"NÃO ALCANÇOU";"NÃO ALCANÇOU";"NÃO ALCANÇOU";"NÃO ALCANÇOU";"ALCANÇOU"
"PB";"250880";"Malta";"ALCANÇOU";"ALCANÇOU";;"NÃO ALCANÇOU";"ALCANÇOU";"NÃO ALCANÇOU";"ALCANÇOU";"ALCANÇOU"
"PB";"250890";"Mamanguape";"ALCANÇOU";"NÃO ALCANÇOU";;"NÃO ALCANÇOU";"ALCANÇOU";"NÃO ALCANÇOU";"ALCANÇOU";"ALCANÇOU"
"PB";"250900";"Manaíra";"ALCANÇOU";"ALCANÇOU";;"ALCANÇOU";"ALCANÇOU";"ALCANÇOU";"ALCANÇOU";"ALCANÇOU"
"PB";"250905";"Marcação";"NÃO ALCANÇOU";"NÃO ALCANÇOU";;"ALCANÇOU";"NÃO ALCANÇOU";"NÃO ALCANÇOU";"NÃO ALCANÇOU";"ALCANÇOU"
"PB";"250910";"Mari";"ALCANÇOU";"NÃO ALCANÇOU";;"ALCANÇOU";"NÃO ALCANÇOU";"ALCANÇOU";"ALCANÇOU";"NÃO ALCANÇOU"
"PB";"250915";"Marizópolis";"ALCANÇOU";"ALCANÇOU";;"ALCANÇOU";"ALCANÇOU";"NÃO ALCANÇOU";"ALCANÇOU";"NÃO ALCANÇOU"
"PB";"250920";"Massaranduba";"ALCANÇOU";"ALCANÇOU";;"ALCANÇOU";"NÃO ALCANÇOU";"NÃO ALCANÇOU";"ALCANÇOU";"ALCANÇOU"
"PB";"250930";"Mataraca";"ALCANÇOU";"NÃO ALCANÇOU";;"ALCANÇOU";"NÃO ALCANÇOU";"NÃO ALCANÇOU";"ALCANÇOU";"ALCANÇOU"
"PB";"250933";"Matinhas";"ALCANÇOU";"ALCANÇOU";;"NÃO ALCANÇOU";"ALCANÇOU";"ALCANÇOU";"ALCANÇOU";"NÃO ALCANÇOU"
"PB";"250937";"Mato Grosso";"ALCANÇOU";"ALCANÇOU";;"NÃO ALCANÇOU";"ALCANÇOU";"NÃO ALCANÇOU";"ALCANÇOU";"NÃO ALCANÇOU"
"PB";"250939";"Maturéia";"ALCANÇOU";"ALCANÇOU";;"ALCANÇOU";"NÃO ALCANÇOU";"NÃO ALCANÇOU";"NÃO ALCANÇOU";"ALCANÇOU"
"PB";"250940";"Mogeiro";"ALCANÇOU";"ALCANÇOU";;"NÃO ALCANÇOU";"ALCANÇOU";"NÃO ALCANÇOU";"ALCANÇOU";"ALCANÇOU"
"PB";"250950";"Montadas";"NÃO ALCANÇOU";"ALCANÇOU";;"ALCANÇOU";"ALCANÇOU";"NÃO ALCANÇOU";"ALCANÇOU";"ALCANÇOU"
"PB";"250960";"Monte Horebe";"ALCANÇOU";"ALCANÇOU";;"NÃO ALCANÇOU";"ALCANÇOU";"NÃO ALCANÇOU";"ALCANÇOU";"ALCANÇOU"
"PB";"250970";"Monteiro";"NÃO ALCANÇOU";"ALCANÇOU";;"NÃO ALCANÇOU";"ALCANÇOU";"ALCANÇOU";"ALCANÇOU";"ALCANÇOU"
"PB";"250980";"Mulungu";"ALCANÇOU";"ALCANÇOU";;"ALCANÇOU";"ALCANÇOU";"NÃO ALCANÇOU";"ALCANÇOU";"ALCANÇOU"
"PB";"250870";"Mãe d'Água";"ALCANÇOU";"NÃO ALCANÇOU";;"ALCANÇOU";"NÃO ALCANÇOU";"NÃO ALCANÇOU";"ALCANÇOU";
"PB";"250870";"Mãe dÁgua";;;;;;;;"NÃO ALCANÇOU"
"PB";"250990";"Natuba";"ALCANÇOU";"ALCANÇOU";;"NÃO ALCANÇOU";"ALCANÇOU";"NÃO ALCANÇOU";"ALCANÇOU";"ALCANÇOU"
"PB";"251000";"Nazarezinho";"ALCANÇOU";"ALCANÇOU";;"NÃO ALCANÇOU";"ALCANÇOU";"NÃO ALCANÇOU";"ALCANÇOU";"ALCANÇOU"
"PB";"251010";"Nova Floresta";"ALCANÇOU";"ALCANÇOU";;"ALCANÇOU";"ALCANÇOU";"NÃO ALCANÇOU";"ALCANÇOU";"ALCANÇOU"
"PB";"251020";"Nova Olinda";"ALCANÇOU";"ALCANÇOU";;"NÃO ALCANÇOU";"ALCANÇOU";"NÃO ALCANÇOU";"ALCANÇOU";"ALCANÇOU"
"PB";"251030";"Nova Palmeira";"ALCANÇOU";"NÃO ALCANÇOU";;"NÃO ALCANÇOU";"ALCANÇOU";"NÃO ALCANÇOU";"ALCANÇOU";"ALCANÇOU"
"PB";"251040";"Olho d'Água";"ALCANÇOU";"ALCANÇOU";;"NÃO ALCANÇOU";"ALCANÇOU";"NÃO ALCANÇOU";"ALCANÇOU";
"PB";"251040";"Olho dÁgua";;;;;;;;"ALCANÇOU"
"PB";"251050";"Olivedos";"ALCANÇOU";"ALCANÇOU";;"NÃO ALCANÇOU";"ALCANÇOU";"NÃO ALCANÇOU";"ALCANÇOU";"ALCANÇOU"
"PB";"251060";"Ouro Velho";"ALCANÇOU";"ALCANÇOU";;"ALCANÇOU";"ALCANÇOU";"NÃO ALCANÇOU";"ALCANÇOU";"ALCANÇOU"
"PB";"251065";"Parari";"NÃO ALCANÇOU";"ALCANÇOU";;"ALCANÇOU";"NÃO ALCANÇOU";"NÃO ALCANÇOU";"NÃO ALCANÇOU";"NÃO ALCANÇOU"
"PB";"251070";"Passagem";"ALCANÇOU";"ALCANÇOU";;"NÃO ALCANÇOU";"ALCANÇOU";"NÃO ALCANÇOU";"ALCANÇOU";"NÃO ALCANÇOU"
"PB";"251080";"Patos";"ALCANÇOU";"ALCANÇOU";;"NÃO ALCANÇOU";"ALCANÇOU";"ALCANÇOU";"ALCANÇOU";"ALCANÇOU"
"PB";"251090";"Paulista";"NÃO ALCANÇOU";"NÃO ALCANÇOU";;"ALCANÇOU";"ALCANÇOU";"NÃO ALCANÇOU";"NÃO ALCANÇOU";"ALCANÇOU"
"PB";"251100";"Pedra Branca";"NÃO ALCANÇOU";"ALCANÇOU";;"NÃO ALCANÇOU";"NÃO ALCANÇOU";"NÃO ALCANÇOU";"ALCANÇOU";"NÃO ALCANÇOU"
"PB";"251110";"Pedra Lavrada";"NÃO ALCANÇOU";"ALCANÇOU";;"ALCANÇOU";"ALCANÇOU";"NÃO ALCANÇOU";"NÃO ALCANÇOU";"ALCANÇOU"
"PB";"251120";"Pedras de Fogo";"ALCANÇOU";"ALCANÇOU";;"NÃO ALCANÇOU";"NÃO ALCANÇOU";"NÃO ALCANÇOU";"NÃO ALCANÇOU";"ALCANÇOU"
"PB";"251272";"Pedro Régis";"NÃO ALCANÇOU";"ALCANÇOU";;"ALCANÇOU";"ALCANÇOU";"NÃO ALCANÇOU";"ALCANÇOU";"ALCANÇOU"
"PB";"251130";"Piancó";"ALCANÇOU";"ALCANÇOU";;"NÃO ALCANÇOU";"ALCANÇOU";"NÃO ALCANÇOU";"ALCANÇOU";"ALCANÇOU"
"PB";"251140";"Picuí";"ALCANÇOU";"ALCANÇOU";;"NÃO ALCANÇOU";"ALCANÇOU";"NÃO ALCANÇOU";"ALCANÇOU";"ALCANÇOU"
"PB";"251150";"Pilar";"ALCANÇOU";"ALCANÇOU";;"ALCANÇOU";"ALCANÇOU";"NÃO ALCANÇOU";"ALCANÇOU";"ALCANÇOU"
"PB";"251160";"Pilões";"ALCANÇOU";"ALCANÇOU";;"ALCANÇOU";"ALCANÇOU";"NÃO ALCANÇOU";"ALCANÇOU";"ALCANÇOU"
"PB";"251170";"Pilõezinhos";"ALCANÇOU";"ALCANÇOU";;"ALCANÇOU";"ALCANÇOU";"NÃO ALCANÇOU";"ALCANÇOU";"ALCANÇOU"
"PB";"251180";"Pirpirituba";"ALCANÇOU";"ALCANÇOU";;"NÃO ALCANÇOU";"NÃO ALCANÇOU";"NÃO ALCANÇOU";"NÃO ALCANÇOU";"NÃO ALCANÇOU"
"PB";"251190";"Pitimbu";"ALCANÇOU";"ALCANÇOU";;"NÃO ALCANÇOU";"NÃO ALCANÇOU";"NÃO ALCANÇOU";"NÃO ALCANÇOU";"ALCANÇOU"
"PB";"251200";"Pocinhos";"ALCANÇOU";"ALCANÇOU";;"ALCANÇOU";"ALCANÇOU";"NÃO ALCANÇOU";"ALCANÇOU";"ALCANÇOU"
"PB";"251210";"Pombal";"ALCANÇOU";"ALCANÇOU";;"NÃO ALCANÇOU";"ALCANÇOU";"NÃO ALCANÇOU";"ALCANÇOU";"ALCANÇOU"
"PB";"251203";"Poço Dantas";"ALCANÇOU";"ALCANÇOU";;"ALCANÇOU";"NÃO ALCANÇOU";"NÃO ALCANÇOU";"ALCANÇOU";"NÃO ALCANÇOU"
"PB";"251207";"Poço de José de Moura";"ALCANÇOU";"ALCANÇOU";;"ALCANÇOU";"NÃO ALCANÇOU";"NÃO ALCANÇOU";"ALCANÇOU";"ALCANÇOU"
"PB";"251220";"Prata";"ALCANÇOU";"ALCANÇOU";;"ALCANÇOU";"NÃO ALCANÇOU";"NÃO ALCANÇOU";"ALCANÇOU";"NÃO ALCANÇOU"
"PB";"251230";"Princesa Isabel";"ALCANÇOU";"ALCANÇOU";;"NÃO ALCANÇOU";"ALCANÇOU";"NÃO ALCANÇOU";"ALCANÇOU";"ALCANÇOU"
"PB";"251240";"Puxinanã";"ALCANÇOU";"ALCANÇOU";;"ALCANÇOU";"ALCANÇOU";"NÃO ALCANÇOU";"NÃO ALCANÇOU";"ALCANÇOU"
"PB";"251250";"Queimadas";"ALCANÇOU";"ALCANÇOU";;"NÃO ALCANÇOU";"ALCANÇOU";"NÃO ALCANÇOU";"NÃO ALCANÇOU";"ALCANÇOU"
"PB";"251260";"Quixaba";;;;"ALCANÇOU";;;;"ALCANÇOU"
"PB";"251260";"Quixabá";"ALCANÇOU";"NÃO ALCANÇOU";;;"ALCANÇOU";"NÃO ALCANÇOU";"ALCANÇOU";
"PB";"251270";"Remígio";"ALCANÇOU";"ALCANÇOU";;"ALCANÇOU";"ALCANÇOU";"NÃO ALCANÇOU";"ALCANÇOU";"ALCANÇOU"
"PB";"251278";"Riacho de Santo Antônio";"ALCANÇOU";"ALCANÇOU";;"NÃO ALCANÇOU";"NÃO ALCANÇOU";"NÃO ALCANÇOU";"ALCANÇOU";"ALCANÇOU"
"PB";"251280";"Riacho dos Cavalos";"NÃO ALCANÇOU";"ALCANÇOU";;"NÃO ALCANÇOU";"ALCANÇOU";"NÃO ALCANÇOU";"NÃO ALCANÇOU";"ALCANÇOU"
"PB";"251274";"Riachão";"ALCANÇOU";"ALCANÇOU";;"ALCANÇOU";"ALCANÇOU";"NÃO ALCANÇOU";"ALCANÇOU";"NÃO ALCANÇOU"
"PB";"251275";"Riachão do Bacamarte";"ALCANÇOU";"ALCANÇOU";;"ALCANÇOU";"NÃO ALCANÇOU";"NÃO ALCANÇOU";"ALCANÇOU";"ALCANÇOU"
"PB";"251276";"Riachão do Poço";"ALCANÇOU";"NÃO ALCANÇOU";;"NÃO ALCANÇOU";"NÃO ALCANÇOU";"ALCANÇOU";"NÃO ALCANÇOU";"NÃO ALCANÇOU"
"PB";"251290";"Rio Tinto";"NÃO ALCANÇOU";"NÃO ALCANÇOU";;"ALCANÇOU";"ALCANÇOU";"NÃO ALCANÇOU";"ALCANÇOU";"ALCANÇOU"
"PB";"251300";"Salgadinho";"ALCANÇOU";"ALCANÇOU";;"NÃO ALCANÇOU";"NÃO ALCANÇOU";"NÃO ALCANÇOU";"NÃO ALCANÇOU";"NÃO ALCANÇOU"
"PB";"251310";"Salgado de São Félix";"ALCANÇOU";"ALCANÇOU";;"ALCANÇOU";"ALCANÇOU";"ALCANÇOU";"NÃO ALCANÇOU";"ALCANÇOU"
"PB";"251315";"Santa Cecília";"ALCANÇOU";"ALCANÇOU";;"NÃO ALCANÇOU";"ALCANÇOU";"NÃO ALCANÇOU";"ALCANÇOU";"ALCANÇOU"
"PB";"251320";"Santa Cruz";"ALCANÇOU";"ALCANÇOU";;"NÃO ALCANÇOU";"ALCANÇOU";"NÃO ALCANÇOU";"ALCANÇOU";"ALCANÇOU"
"PB";"251330";"Santa Helena";"ALCANÇOU";"ALCANÇOU";;"NÃO ALCANÇOU";"NÃO ALCANÇOU";"NÃO ALCANÇOU";"ALCANÇOU";"NÃO ALCANÇOU"
"PB";"251335";"Santa Inês";"NÃO ALCANÇOU";"ALCANÇOU";;"NÃO ALCANÇOU";"NÃO ALCANÇOU";"NÃO ALCANÇOU";"ALCANÇOU";"ALCANÇOU"
"PB";"251340";"Santa Luzia";"ALCANÇOU";"ALCANÇOU";;"NÃO ALCANÇOU";"NÃO ALCANÇOU";"NÃO ALCANÇOU";"ALCANÇOU";"ALCANÇOU"
"PB";"251370";"Santa Rita";"ALCANÇOU";"ALCANÇOU";;"NÃO ALCANÇOU";"ALCANÇOU";"ALCANÇOU";"ALCANÇOU";"ALCANÇOU"
"PB";"251380";"Santa Teresinha";"ALCANÇOU";"ALCANÇOU";;"NÃO ALCANÇOU";"ALCANÇOU";"NÃO ALCANÇOU";"ALCANÇOU";"NÃO ALCANÇOU"
"PB";"251350";"Santana de Mangueira";"NÃO ALCANÇOU";"ALCANÇOU";;"NÃO ALCANÇOU";"ALCANÇOU";"NÃO ALCANÇOU";"ALCANÇOU";"ALCANÇOU"
"PB";"251360";"Santana dos Garrotes";"NÃO ALCANÇOU";"ALCANÇOU";;"ALCANÇOU";"ALCANÇOU";"NÃO ALCANÇOU";"ALCANÇOU";"ALCANÇOU"
"PB";"251385";"Santo André";"ALCANÇOU";"ALCANÇOU";;"ALCANÇOU";"ALCANÇOU";"NÃO ALCANÇOU";"ALCANÇOU";"ALCANÇOU"
"PB";"251530";"Sapé";"ALCANÇOU";"ALCANÇOU";;"NÃO ALCANÇOU";"NÃO ALCANÇOU";"ALCANÇOU";"NÃO ALCANÇOU";"ALCANÇOU"
"PB";"251550";"Serra Branca";"ALCANÇOU";"ALCANÇOU";;"NÃO ALCANÇOU";"NÃO ALCANÇOU";"NÃO ALCANÇOU";"ALCANÇOU";"ALCANÇOU"
"PB";"251570";"Serra Grande";"ALCANÇOU";"ALCANÇOU";;"NÃO ALCANÇOU";"ALCANÇOU";"NÃO ALCANÇOU";"ALCANÇOU";"ALCANÇOU"
"PB";"251580";"Serra Redonda";"ALCANÇOU";"ALCANÇOU";;"ALCANÇOU";"ALCANÇOU";"NÃO ALCANÇOU";"ALCANÇOU";"ALCANÇOU"
"PB";"251560";"Serra da Raiz";"ALCANÇOU";"ALCANÇOU";;"ALCANÇOU";"ALCANÇOU";"NÃO ALCANÇOU";"ALCANÇOU";"ALCANÇOU"
"PB";"251590";"Serraria";"ALCANÇOU";"ALCANÇOU";;"ALCANÇOU";"ALCANÇOU";"NÃO ALCANÇOU";"ALCANÇOU";"ALCANÇOU"
"PB";"251593";"Sertãozinho";"ALCANÇOU";"ALCANÇOU";;"NÃO ALCANÇOU";"NÃO ALCANÇOU";"NÃO ALCANÇOU";"ALCANÇOU";"ALCANÇOU"
"PB";"251597";"Sobrado";"ALCANÇOU";"NÃO ALCANÇOU";;"ALCANÇOU";"ALCANÇOU";"ALCANÇOU";"ALCANÇOU";"NÃO ALCANÇOU"
"PB";"251610";"Soledade";"ALCANÇOU";"ALCANÇOU";;"ALCANÇOU";"ALCANÇOU";"NÃO ALCANÇOU";"ALCANÇOU";"ALCANÇOU"
"PB";"251600";"Solânea";"ALCANÇOU";"ALCANÇOU";;"NÃO ALCANÇOU";"ALCANÇOU";"ALCANÇOU";"NÃO ALCANÇOU";"ALCANÇOU"
"PB";"251615";"Sossêgo";"ALCANÇOU";"ALCANÇOU";;"NÃO ALCANÇOU";"ALCANÇOU";"NÃO ALCANÇOU";"ALCANÇOU";"ALCANÇOU"
"PB";"251620";"Sousa";"NÃO ALCANÇOU";"ALCANÇOU";;"NÃO ALCANÇOU";"ALCANÇOU";"NÃO ALCANÇOU";"NÃO ALCANÇOU";"NÃO ALCANÇOU"
"PB";"251630";"Sumé";"ALCANÇOU";"ALCANÇOU";;"NÃO ALCANÇOU";"ALCANÇOU";"ALCANÇOU";"NÃO ALCANÇOU";"ALCANÇOU"
"PB";"251392";"São Bentinho";"ALCANÇOU";"ALCANÇOU";;"NÃO ALCANÇOU";"ALCANÇOU";"NÃO ALCANÇOU";"ALCANÇOU";"ALCANÇOU"
"PB";"251390";"São Bento";"NÃO ALCANÇOU";"ALCANÇOU";;"NÃO ALCANÇOU";"ALCANÇOU";"NÃO ALCANÇOU";"ALCANÇOU";"ALCANÇOU"
"PB";"251396";"São Domingos";"NÃO ALCANÇOU";"ALCANÇOU";;"NÃO ALCANÇOU";"NÃO ALCANÇOU";"NÃO ALCANÇOU";"ALCANÇOU";"ALCANÇOU"
"PB";"251394";"São Domingos do Cariri";"ALCANÇOU";"ALCANÇOU";;"ALCANÇOU";"NÃO ALCANÇOU";"ALCANÇOU";"NÃO ALCANÇOU";"NÃO ALCANÇOU"
"PB";"251398";"São Francisco";"ALCANÇOU";"ALCANÇOU";;"NÃO ALCANÇOU";"ALCANÇOU";"NÃO ALCANÇOU";"ALCANÇOU";"ALCANÇOU"
"PB";"251420";"São José da Lagoa Tapada";"ALCANÇOU";"ALCANÇOU";;"ALCANÇOU";"ALCANÇOU";"NÃO ALCANÇOU";"ALCANÇOU";"NÃO ALCANÇOU"
"PB";"251430";"São José de Caiana";"ALCANÇOU";"ALCANÇOU";;"ALCANÇOU";"ALCANÇOU";"NÃO ALCANÇOU";"ALCANÇOU";"ALCANÇOU"
"PB";"251440";"São José de Espinharas";"ALCANÇOU";"ALCANÇOU";;"ALCANÇOU";"ALCANÇOU";"NÃO ALCANÇOU";"ALCANÇOU";"ALCANÇOU"
"PB";"251450";"São José de Piranhas";"NÃO ALCANÇOU";"ALCANÇOU";;"NÃO ALCANÇOU";"NÃO ALCANÇOU";"NÃO ALCANÇOU";"ALCANÇOU";"ALCANÇOU"
"PB";"251455";"São José de Princesa";"ALCANÇOU";"ALCANÇOU";;"ALCANÇOU";"ALCANÇOU";"NÃO ALCANÇOU";"ALCANÇOU";"ALCANÇOU"
"PB";"251460";"São José do Bonfim";"ALCANÇOU";"ALCANÇOU";;"NÃO ALCANÇOU";"ALCANÇOU";"NÃO ALCANÇOU";"ALCANÇOU";"ALCANÇOU"
"PB";"251465";"São José do Brejo do Cruz";"NÃO ALCANÇOU";"ALCANÇOU";;"NÃO ALCANÇOU";"ALCANÇOU";"NÃO ALCANÇOU";"NÃO ALCANÇOU";"ALCANÇOU"
"PB";"251470";"São José do Sabugi";"ALCANÇOU";"ALCANÇOU";;"ALCANÇOU";"NÃO ALCANÇOU";"NÃO ALCANÇOU";"ALCANÇOU";"ALCANÇOU"
"PB";"251480";"São José dos Cordeiros";"ALCANÇOU";"ALCANÇOU";;"NÃO ALCANÇOU";"ALCANÇOU";"NÃO ALCANÇOU";"ALCANÇOU";"NÃO ALCANÇOU"
"PB";"251445";"São José dos Ramos";"ALCANÇOU";"ALCANÇOU";;"ALCANÇOU";"ALCANÇOU";"NÃO ALCANÇOU";"ALCANÇOU";"ALCANÇOU"
"PB";"251400";"São João do Cariri";"ALCANÇOU";"ALCANÇOU";;"ALCANÇOU";"NÃO ALCANÇOU";"NÃO ALCANÇOU";"ALCANÇOU";"NÃO ALCANÇOU"
"PB";"250070";"São João do Rio do Peixe";"ALCANÇOU";"ALCANÇOU";;"ALCANÇOU";"ALCANÇOU";"NÃO ALCANÇOU";"ALCANÇOU";"ALCANÇOU"
"PB";"251410";"São João do Tigre";"ALCANÇOU";"ALCANÇOU";;"ALCANÇOU";"ALCANÇOU";"NÃO ALCANÇOU";"ALCANÇOU";"ALCANÇOU"
"PB";"251490";"São Mamede";"NÃO ALCANÇOU";"ALCANÇOU";;"NÃO ALCANÇOU";"NÃO ALCANÇOU";"NÃO ALCANÇOU";"NÃO ALCANÇOU";"NÃO ALCANÇOU"
"PB";"251500";"São Miguel de Taipu";"ALCANÇOU";"ALCANÇOU";;"ALCANÇOU";"ALCANÇOU";"NÃO ALCANÇOU";"ALCANÇOU";"ALCANÇOU"
"PB";"251510";"São Sebastião de Lagoa de Roça";"ALCANÇOU";"ALCANÇOU";;"ALCANÇOU";"NÃO ALCANÇOU";"NÃO ALCANÇOU";"NÃO ALCANÇOU";"ALCANÇOU"
"PB";"251520";"São Sebastião do Umbuzeiro";"ALCANÇOU";"ALCANÇOU";;"NÃO ALCANÇOU";"ALCANÇOU";"NÃO ALCANÇOU";"ALCANÇOU";"ALCANÇOU"
"PB";"251540";"São Vicente do Seridó";"ALCANÇOU";"ALCANÇOU";;"ALCANÇOU";"ALCANÇOU";"NÃO ALCANÇOU";"ALCANÇOU";"ALCANÇOU"
"PB";"251640";"Tacima";"ALCANÇOU";"ALCANÇOU";;"NÃO ALCANÇOU";"ALCANÇOU";"NÃO ALCANÇOU";"ALCANÇOU";"ALCANÇOU"
"PB";"251650";"Taperoá";"ALCANÇOU";"ALCANÇOU";;"ALCANÇOU";"ALCANÇOU";"NÃO ALCANÇOU";"NÃO ALCANÇOU";"ALCANÇOU"
"PB";"251660";"Tavares";"NÃO ALCANÇOU";"ALCANÇOU";;"ALCANÇOU";"ALCANÇOU";"ALCANÇOU";"ALCANÇOU";"ALCANÇOU"
"PB";"251670";"Teixeira";"ALCANÇOU";"ALCANÇOU";;"NÃO ALCANÇOU";"ALCANÇOU";"ALCANÇOU";"ALCANÇOU";"ALCANÇOU"
"PB";"251675";"Tenório";"NÃO ALCANÇOU";"ALCANÇOU";;"NÃO ALCANÇOU";"NÃO ALCANÇOU";"NÃO ALCANÇOU";"ALCANÇOU";"ALCANÇOU"
"PB";"251680";"Triunfo";"ALCANÇOU";"ALCANÇOU";;"NÃO ALCANÇOU";"ALCANÇOU";"NÃO ALCANÇOU";"ALCANÇOU";"ALCANÇOU"
"PB";"251690";"Uiraúna";"NÃO ALCANÇOU";"ALCANÇOU";;"ALCANÇOU";"ALCANÇOU";"NÃO ALCANÇOU";"NÃO ALCANÇOU";"ALCANÇOU"
"PB";"251700";"Umbuzeiro";"ALCANÇOU";"ALCANÇOU";;"ALCANÇOU";"ALCANÇOU";"NÃO ALCANÇOU";"ALCANÇOU";"ALCANÇOU"
"PB";"251720";"Vieirópolis";"ALCANÇOU";"ALCANÇOU";;"ALCANÇOU";"ALCANÇOU";"NÃO ALCANÇOU";"ALCANÇOU";"ALCANÇOU"
"PB";"250550";"Vista Serrana";"ALCANÇOU";"ALCANÇOU";;"NÃO ALCANÇOU";"ALCANÇOU";"NÃO ALCANÇOU";"ALCANÇOU";"ALCANÇOU"
"PB";"251710";"Várzea";"ALCANÇOU";"ALCANÇOU";;"ALCANÇOU";"ALCANÇOU";"NÃO ALCANÇOU";"ALCANÇOU";"ALCANÇOU"
"PB";"251740";"Zabelê";"ALCANÇOU";"ALCANÇOU";;"ALCANÇOU";"NÃO ALCANÇOU";"NÃO ALCANÇOU";"NÃO ALCANÇOU";"NÃO ALCANÇOU"
"PB";"250010";"Água Branca";"ALCANÇOU";"NÃO ALCANÇOU";;"NÃO ALCANÇOU";"ALCANÇOU";"NÃO ALCANÇOU";"ALCANÇOU";"ALCANÇOU"
"PB";"250010";;;;"ALCANÇOU";;;;;
"PB";"250020";;;;"ALCANÇOU";;;;;
"PB";"250030";;;;"ALCANÇOU";;;;;
"PB";"250040";;;;"ALCANÇOU";;;;;
"PB";"250050";;;;"ALCANÇOU";;;;;
"PB";"250053";;;;"ALCANÇOU";;;;;
"PB";"250057";;;;"ALCANÇOU";;;;;
"PB";"250060";;;;"ALCANÇOU";;;;;
"PB";"250070";;;;"ALCANÇOU";;;;;
"PB";"250073";;;;"ALCANÇOU";;;;;
"PB";"250077";;;;"ALCANÇOU";;;;;
"PB";"250080";;;;"ALCANÇOU";;;;;
"PB";"250090";;;;"ALCANÇOU";;;;;
"PB";"250100";;;;"ALCANÇOU";;;;;
"PB";"250110";;;;"ALCANÇOU";;;;;
"PB";"250115";;;;"ALCANÇOU";;;;;
"PB";"250120";;;;"ALCANÇOU";;;;;
"PB";"250130";;;;"ALCANÇOU";;;;;
"PB";"250135";;;;"ALCANÇOU";;;;;
"PB";"250140";;;;"ALCANÇOU";;;;;
"PB";"250150";;;;"ALCANÇOU";;;;;
"PB";"250153";;;;"ALCANÇOU";;;;;
"PB";"250157";;;;"ALCANÇOU";;;;;
"PB";"250160";;;;"ALCANÇOU";;;;;
"PB";"250170";;;;"ALCANÇOU";;;;;
"PB";"250180";;;;"ALCANÇOU";;;;;
"PB";"250190";;;;"ALCANÇOU";;;;;
"PB";"250200";;;;"ALCANÇOU";;;;;
"PB";"250205";;;;"ALCANÇOU";;;;;
"PB";"250210";;;;"ALCANÇOU";;;;;
"PB";"250215";;;;"ALCANÇOU";;;;;
"PB";"250220";;;;"ALCANÇOU";;;;;
"PB";"250230";;;;"ALCANÇOU";;;;;
"PB";"250240";;;;"ALCANÇOU";;;;;
"PB";"250250";;;;"ALCANÇOU";;;;;
"PB";"250260";;;;"NÃO ALCANÇOU";;;;;
"PB";"250270";;;;"ALCANÇOU";;;;;
"PB";"250280";;;;"ALCANÇOU";;;;;
"PB";"250290";;;;"ALCANÇOU";;;;;
"PB";"250300";;;;"ALCANÇOU";;;;;
"PB";"250310";;;;"ALCANÇOU";;;;;
"PB";"250320";;;;"ALCANÇOU";;;;;
"PB";"250330";;;;"ALCANÇOU";;;;;
"PB";"250340";;;;"ALCANÇOU";;;;;
"PB";"250350";;;;"ALCANÇOU";;;;;
"PB";"250355";;;;"ALCANÇOU";;;;;
"PB";"250360";;;;"ALCANÇOU";;;;;
"PB";"250370";;;;"ALCANÇOU";;;;;
"PB";"250375";;;;"ALCANÇOU";;;;;
"PB";"250380";;;;"ALCANÇOU";;;;;
"PB";"250390";;;;"ALCANÇOU";;;;;
"PB";"250400";;;;"ALCANÇOU";;;;;
"PB";"250403";;;;"ALCANÇOU";;;;;
"PB";"250407";;;;"ALCANÇOU";;;;;
"PB";"250410";;;;"ALCANÇOU";;;;;
"PB";"250415";;;;"ALCANÇOU";;;;;
"PB";"250420";;;;"ALCANÇOU";;;;;
"PB";"250430";;;;"ALCANÇOU";;;;;
"PB";"250435";;;;"ALCANÇOU";;;;;
"PB";"250440";;;;"ALCANÇOU";;;;;
"PB";"250450";;;;"ALCANÇOU";;;;;
"PB";"250460";;;;"ALCANÇOU";;;;;
"PB";"250470";;;;"ALCANÇOU";;;;;
"PB";"250480";;;;"ALCANÇOU";;;;;
"PB";"250485";;;;"ALCANÇOU";;;;;
"PB";"250490";;;;"ALCANÇOU";;;;;
"PB";"250500";;;;"ALCANÇOU";;;;;
"PB";"250510";;;;"ALCANÇOU";;;;;
"PB";"250520";;;;"ALCANÇOU";;;;;
"PB";"250523";;;;"ALCANÇOU";;;;;
"PB";"250527";;;;"ALCANÇOU";;;;;
"PB";"250530";;;;"ALCANÇOU";;;;;
"PB";"250535";;;;"ALCANÇOU";;;;;
"PB";"250540";;;;"ALCANÇOU";;;;;
"PB";"250550";;;;"ALCANÇOU";;;;;
"PB";"250560";;;;"ALCANÇOU";;;;;
"PB";"250570";;;;"ALCANÇOU";;;;;
"PB";"250580";;;;"ALCANÇOU";;;;;
"PB";"250590";;;;"ALCANÇOU";;;;;
"PB";"250600";;;;"ALCANÇOU";;;;;
"PB";"250610";;;;"ALCANÇOU";;;;;
"PB";"250620";;;;"ALCANÇOU";;;;;
"PB";"250625";;;;"ALCANÇOU";;;;;
"PB";"250630";;;;"ALCANÇOU";;;;;
"PB";"250640";;;;"ALCANÇOU";;;;;
"PB";"250650";;;;"ALCANÇOU";;;;;
"PB";"250660";;;;"ALCANÇOU";;;;;
"PB";"250670";;;;"ALCANÇOU";;;;;
"PB";"250680";;;;"ALCANÇOU";;;;;
"PB";"250690";;;;"ALCANÇOU";;;;;
"PB";"250700";;;;"ALCANÇOU";;;;;
"PB";"250710";;;;"ALCANÇOU";;;;;
"PB";"250720";;;;"ALCANÇOU";;;;;
"PB";"250730";;;;"ALCANÇOU";;;;;
"PB";"250740";;;;"ALCANÇOU";;;;;
"PB";"250750";;;;"ALCANÇOU";;;;;
"PB";"250760";;;;"ALCANÇOU";;;;;
"PB";"250770";;;;"ALCANÇOU";;;;;
"PB";"250780";;;;"ALCANÇOU";;;;;
"PB";"250790";;;;"ALCANÇOU";;;;;
"PB";"250800";;;;"ALCANÇOU";;;;;
"PB";"250810";;;;"ALCANÇOU";;;;;
"PB";"250820";;;;"ALCANÇOU";;;;;
"PB";"250830";;;;"ALCANÇOU";;;;;
"PB";"250840";;;;"ALCANÇOU";;;;;
"PB";"250850";;;;"NÃO ALCANÇOU";;;;;
"PB";"250855";;;;"ALCANÇOU";;;;;
"PB";"250860";;;;"ALCANÇOU";;;;;
"PB";"250870";;;;"ALCANÇOU";;;;;
"PB";"250880";;;;"ALCANÇOU";;;;;
"PB";"250890";;;;"ALCANÇOU";;;;;
"PB";"250900";;;;"ALCANÇOU";;;;;
"PB";"250905";;;;"ALCANÇOU";;;;;
"PB";"250910";;;;"ALCANÇOU";;;;;
"PB";"250915";;;;"ALCANÇOU";;;;;
"PB";"250920";;;;"NÃO ALCANÇOU";;;;;
"PB";"250930";;;;"ALCANÇOU";;;;;
"PB";"250933";;;;"NÃO ALCANÇOU";;;;;
"PB";"250937";;;;"ALCANÇOU";;;;;
"PB";"250939";;;;"ALCANÇOU";;;;;
"PB";"250940";;;;"ALCANÇOU";;;;;
"PB";"250950";;;;"ALCANÇOU";;;;;
"PB";"250960";;;;"ALCANÇOU";;;;;
"PB";"250970";;;;"ALCANÇOU";;;;;
"PB";"250980";;;;"ALCANÇOU";;;;;
"PB";"250990";;;;"ALCANÇOU";;;;;
"PB";"251000";;;;"ALCANÇOU";;;;;
"PB";"251010";;;;"ALCANÇOU";;;;;
"PB";"251020";;;;"ALCANÇOU";;;;;
"PB";"251030";;;;"ALCANÇOU";;;;;
"PB";"251040";;;;"ALCANÇOU";;;;;
"PB";"251050";;;;"ALCANÇOU";;;;;
"PB";"251060";;;;"ALCANÇOU";;;;;
"PB";"251065";;;;"ALCANÇOU";;;;;
"PB";"251070";;;;"ALCANÇOU";;;;;
"PB";"251080";;;;"ALCANÇOU";;;;;
"PB";"251090";;;;"NÃO ALCANÇOU";;;;;
"PB";"251100";;;;"ALCANÇOU";;;;;
"PB";"251110";;;;"ALCANÇOU";;;;;
"PB";"251120";;;;"ALCANÇOU";;;;;
"PB";"251130";;;;"ALCANÇOU";;;;;
"PB";"251140";;;;"ALCANÇOU";;;;;
"PB";"251150";;;;"ALCANÇOU";;;;;
"PB";"251160";;;;"ALCANÇOU";;;;;
"PB";"251170";;;;"ALCANÇOU";;;;;
"PB";"251180";;;;"ALCANÇOU";;;;;
"PB";"251190";;;;"ALCANÇOU";;;;;
"PB";"251200";;;;"ALCANÇOU";;;;;
"PB";"251203";;;;"ALCANÇOU";;;;;
"PB";"251207";;;;"ALCANÇOU";;;;;
"PB";"251210";;;;"ALCANÇOU";;;;;
"PB";"251220";;;;"ALCANÇOU";;;;;
"PB";"251230";;;;"ALCANÇOU";;;;;
"PB";"251240";;;;"ALCANÇOU";;;;;
"PB";"251250";;;;"ALCANÇOU";;;;;
"PB";"251260";;;;"ALCANÇOU";;;;;
"PB";"251270";;;;"ALCANÇOU";;;;;
"PB";"251272";;;;"ALCANÇOU";;;;;
"PB";"251274";;;;"ALCANÇOU";;;;;
"PB";"251275";;;;"ALCANÇOU";;;;;
"PB";"251276";;;;"ALCANÇOU";;;;;
"PB";"251278";;;;"ALCANÇOU";;;;;
"PB";"251280";;;;"ALCANÇOU";;;;;
"PB";"251290";;;;"ALCANÇOU";;;;;
"PB";"251300";;;;"ALCANÇOU";;;;;
"PB";"251310";;;;"ALCANÇOU";;;;;
"PB";"251315";;;;"ALCANÇOU";;;;;
"PB";"251320";;;;"ALCANÇOU";;;;;
"PB";"251330";;;;"ALCANÇOU";;;;;
"PB";"251335";;;;"ALCANÇOU";;;;;
"PB";"251340";;;;"ALCANÇOU";;;;;
"PB";"251350";;;;"ALCANÇOU";;;;;
"PB";"251360";;;;"ALCANÇOU";;;;;
"PB";"251365";;;;"ALCANÇOU";;;;;
"PB";"251370";;;;"ALCANÇOU";;;;;
"PB";"251380";;;;"ALCANÇOU";;;;;
"PB";"251385";;;;"ALCANÇOU";;;;;
"PB";"251390";;;;"ALCANÇOU";;;;;
"PB";"251392";;;;"ALCANÇOU";;;;;
"PB";"251394";;;;"ALCANÇOU";;;;;
"PB";"251396";;;;"ALCANÇOU";;;;;
"PB";"251398";;;;"ALCANÇOU";;;;;
"PB";"251400";;;;"ALCANÇOU";;;;;
"PB";"251410";;;;"ALCANÇOU";;;;;
"PB";"251420";;;;"ALCANÇOU";;;;;
"PB";"251430";;;;"ALCANÇOU";;;;;
"PB";"251440";;;;"ALCANÇOU";;;;;
"PB";"251445";;;;"ALCANÇOU";;;;;
"PB";"251450";;;;"ALCANÇOU";;;;;
"PB";"251455";;;;"ALCANÇOU";;;;;
"PB";"251460";;;;"ALCANÇOU";;;;;
"PB";"251465";;;;"ALCANÇOU";;;;;
"PB";"251470";;;;"ALCANÇOU";;;;;
"PB";"251480";;;;"ALCANÇOU";;;;;
"PB";"251490";;;;"ALCANÇOU";;;;;
"PB";"251500";;;;"ALCANÇOU";;;;;
"PB";"251510";;;;"ALCANÇOU";;;;;
"PB";"251520";;;;"ALCANÇOU";;;;;
"PB";"251530";;;;"ALCANÇOU";;;;;
"PB";"251540";;;;"ALCANÇOU";;;;;
"PB";"251550";;;;"ALCANÇOU";;;;;
"PB";"251560";;;;"ALCANÇOU";;;;;
"PB";"251570";;;;"ALCANÇOU";;;;;
"PB";"251580";;;;"ALCANÇOU";;;;;
"PB";"251590";;;;"ALCANÇOU";;;;;
"PB";"251593";;;;"ALCANÇOU";;;;;
"PB";"251597";;;;"ALCANÇOU";;;;;
"PB";"251600";;;;"ALCANÇOU";;;;;
"PB";"251610";;;;"ALCANÇOU";;;;;
"PB";"251615";;;;"ALCANÇOU";;;;;
"PB";"251620";;;;"ALCANÇOU";;;;;
"PB";"251630";;;;"ALCANÇOU";;;;;
"PB";"251640";;;;"ALCANÇOU";;;;;
"PB";"251650";;;;"ALCANÇOU";;;;;
"PB";"251660";;;;"ALCANÇOU";;;;;
"PB";"251670";;;;"ALCANÇOU";;;;;
"PB";"251675";;;;"ALCANÇOU";;;;;
"PB";"251680";;;;"ALCANÇOU";;;;;
"PB";"251690";;;;"ALCANÇOU";;;;;
"PB";"251700";;;;"ALCANÇOU";;;;;
"PB";"251710";;;;"ALCANÇOU";;;;;
"PB";"251720";;;;"ALCANÇOU";;;;;
"PB";"251740";;;;"ALCANÇOU";;;;;
"PE";"260005";"Abreu e Lima";"ALCANÇOU";"ALCANÇOU";;"NÃO ALCANÇOU";"ALCANÇOU";"NÃO ALCANÇOU";"NÃO ALCANÇOU";"ALCANÇOU"
"PE";"260010";"Afogados da Ingazeira";"ALCANÇOU";"ALCANÇOU";;"NÃO ALCANÇOU";"ALCANÇOU";"NÃO ALCANÇOU";"ALCANÇOU";"ALCANÇOU"
"PE";"260020";"Afrânio";"ALCANÇOU";"ALCANÇOU";;"NÃO ALCANÇOU";"ALCANÇOU";"NÃO ALCANÇOU";"ALCANÇOU";"ALCANÇOU"
"PE";"260030";"Agrestina";"ALCANÇOU";"ALCANÇOU";;"NÃO ALCANÇOU";"ALCANÇOU";"NÃO ALCANÇOU";"ALCANÇOU";"NÃO ALCANÇOU"
"PE";"260060";"Alagoinha";"ALCANÇOU";"ALCANÇOU";;"ALCANÇOU";"ALCANÇOU";"NÃO ALCANÇOU";"ALCANÇOU";"ALCANÇOU"
"PE";"260070";"Aliança";"ALCANÇOU";"ALCANÇOU";;"ALCANÇOU";"ALCANÇOU";"NÃO ALCANÇOU";"ALCANÇOU";"ALCANÇOU"
"PE";"260080";"Altinho";"ALCANÇOU";"NÃO ALCANÇOU";;"ALCANÇOU";"ALCANÇOU";"NÃO ALCANÇOU";"ALCANÇOU";"ALCANÇOU"
"PE";"260090";"Amaraji";"ALCANÇOU";"ALCANÇOU";;"NÃO ALCANÇOU";"ALCANÇOU";"NÃO ALCANÇOU";"ALCANÇOU";"ALCANÇOU"
"PE";"260100";"Angelim";"ALCANÇOU";"ALCANÇOU";;"NÃO ALCANÇOU";"ALCANÇOU";"NÃO ALCANÇOU";"ALCANÇOU";"NÃO ALCANÇOU"
"PE";"260110";"Araripina";"ALCANÇOU";"ALCANÇOU";;"NÃO ALCANÇOU";"ALCANÇOU";"ALCANÇOU";"NÃO ALCANÇOU";"ALCANÇOU"
"PE";"260105";"Araçoiaba";"ALCANÇOU";"ALCANÇOU";;"NÃO ALCANÇOU";"ALCANÇOU";"NÃO ALCANÇOU";"NÃO ALCANÇOU";"NÃO ALCANÇOU"
"PE";"260120";"Arcoverde";"ALCANÇOU";"ALCANÇOU";;"NÃO ALCANÇOU";"ALCANÇOU";"NÃO ALCANÇOU";"ALCANÇOU";"ALCANÇOU"
"PE";"260130";"Barra de Guabiraba";"ALCANÇOU";"ALCANÇOU";;"ALCANÇOU";"ALCANÇOU";"NÃO ALCANÇOU";"ALCANÇOU";"ALCANÇOU"
"PE";"260140";"Barreiros";"ALCANÇOU";"ALCANÇOU";;"NÃO ALCANÇOU";"NÃO ALCANÇOU";"NÃO ALCANÇOU";"NÃO ALCANÇOU";"ALCANÇOU"
"PE";"260170";"Belo Jardim";"ALCANÇOU";"ALCANÇOU";;"NÃO ALCANÇOU";"ALCANÇOU";"NÃO ALCANÇOU";"ALCANÇOU";"ALCANÇOU"
"PE";"260150";"Belém de Maria";"ALCANÇOU";"NÃO ALCANÇOU";;"ALCANÇOU";"NÃO ALCANÇOU";"NÃO ALCANÇOU";"ALCANÇOU";"NÃO ALCANÇOU"
"PE";"260160";"Belém do São Francisco";"ALCANÇOU";"ALCANÇOU";;"NÃO ALCANÇOU";"ALCANÇOU";"NÃO ALCANÇOU";"NÃO ALCANÇOU";"ALCANÇOU"
"PE";"260180";"Betânia";"ALCANÇOU";"ALCANÇOU";;"NÃO ALCANÇOU";"ALCANÇOU";"NÃO ALCANÇOU";"ALCANÇOU";"ALCANÇOU"
"PE";"260190";"Bezerros";"ALCANÇOU";"ALCANÇOU";;"NÃO ALCANÇOU";"ALCANÇOU";"NÃO ALCANÇOU";"NÃO ALCANÇOU";"ALCANÇOU"
"PE";"260200";"Bodocó";"ALCANÇOU";"ALCANÇOU";;"NÃO ALCANÇOU";"ALCANÇOU";"NÃO ALCANÇOU";"ALCANÇOU";"ALCANÇOU"
"PE";"260210";"Bom Conselho";"NÃO ALCANÇOU";"ALCANÇOU";;"ALCANÇOU";"ALCANÇOU";"NÃO ALCANÇOU";"ALCANÇOU";"ALCANÇOU"
"PE";"260220";"Bom Jardim";"ALCANÇOU";"ALCANÇOU";;"ALCANÇOU";"NÃO ALCANÇOU";"NÃO ALCANÇOU";"NÃO ALCANÇOU";"ALCANÇOU"
"PE";"260230";"Bonito";"ALCANÇOU";"ALCANÇOU";;"NÃO ALCANÇOU";"ALCANÇOU";"NÃO ALCANÇOU";"ALCANÇOU";"ALCANÇOU"
"PE";"260250";"Brejinho";"ALCANÇOU";"ALCANÇOU";;"NÃO ALCANÇOU";"ALCANÇOU";"NÃO ALCANÇOU";"ALCANÇOU";"ALCANÇOU"
"PE";"260260";"Brejo da Madre de Deus";"ALCANÇOU";"ALCANÇOU";;"ALCANÇOU";"ALCANÇOU";"NÃO ALCANÇOU";"NÃO ALCANÇOU";"ALCANÇOU"
"PE";"260240";"Brejão";"ALCANÇOU";"ALCANÇOU";;"NÃO ALCANÇOU";"ALCANÇOU";"NÃO ALCANÇOU";"ALCANÇOU";"ALCANÇOU"
"PE";"260270";"Buenos Aires";"ALCANÇOU";"ALCANÇOU";;"ALCANÇOU";"NÃO ALCANÇOU";"NÃO ALCANÇOU";"NÃO ALCANÇOU";"ALCANÇOU"
"PE";"260280";"Buíque";"ALCANÇOU";"ALCANÇOU";;"ALCANÇOU";"ALCANÇOU";"NÃO ALCANÇOU";"ALCANÇOU";"ALCANÇOU"
"PE";"260290";"Cabo de Santo Agostinho";"ALCANÇOU";"ALCANÇOU";;"NÃO ALCANÇOU";"ALCANÇOU";"NÃO ALCANÇOU";"NÃO ALCANÇOU";"ALCANÇOU"
"PE";"260300";"Cabrobó";"ALCANÇOU";"ALCANÇOU";;"NÃO ALCANÇOU";"ALCANÇOU";"NÃO ALCANÇOU";"ALCANÇOU";"ALCANÇOU"
"PE";"260310";"Cachoeirinha";"ALCANÇOU";"ALCANÇOU";;"ALCANÇOU";"ALCANÇOU";"NÃO ALCANÇOU";"ALCANÇOU";"NÃO ALCANÇOU"
"PE";"260320";"Caetés";"ALCANÇOU";"ALCANÇOU";;"NÃO ALCANÇOU";"ALCANÇOU";"NÃO ALCANÇOU";"ALCANÇOU";"ALCANÇOU"
"PE";"260340";"Calumbi";"ALCANÇOU";"ALCANÇOU";;"ALCANÇOU";"ALCANÇOU";"NÃO ALCANÇOU";"ALCANÇOU";"ALCANÇOU"
"PE";"260330";"Calçado";"ALCANÇOU";"ALCANÇOU";;"NÃO ALCANÇOU";"ALCANÇOU";"NÃO ALCANÇOU";"ALCANÇOU";"ALCANÇOU"
"PE";"260345";"Camaragibe";"ALCANÇOU";"ALCANÇOU";;"NÃO ALCANÇOU";"ALCANÇOU";"ALCANÇOU";"ALCANÇOU";"ALCANÇOU"
"PE";"260350";"Camocim de São Félix";"ALCANÇOU";"ALCANÇOU";;"ALCANÇOU";"ALCANÇOU";"NÃO ALCANÇOU";"ALCANÇOU";"ALCANÇOU"
"PE";"260360";"Camutanga";"ALCANÇOU";"ALCANÇOU";;"NÃO ALCANÇOU";"NÃO ALCANÇOU";"NÃO ALCANÇOU";"ALCANÇOU";"ALCANÇOU"
"PE";"260370";"Canhotinho";"ALCANÇOU";"ALCANÇOU";;"ALCANÇOU";"ALCANÇOU";"NÃO ALCANÇOU";"NÃO ALCANÇOU";"ALCANÇOU"
"PE";"260380";"Capoeiras";"ALCANÇOU";"ALCANÇOU";;"NÃO ALCANÇOU";"ALCANÇOU";"NÃO ALCANÇOU";"ALCANÇOU";"ALCANÇOU"
"PE";"260392";"Carnaubeira da Penha";"ALCANÇOU";"ALCANÇOU";;"NÃO ALCANÇOU";"ALCANÇOU";"NÃO ALCANÇOU";"ALCANÇOU";"ALCANÇOU"
"PE";"260390";"Carnaíba";"ALCANÇOU";"ALCANÇOU";;"ALCANÇOU";"ALCANÇOU";"NÃO ALCANÇOU";"NÃO ALCANÇOU";"ALCANÇOU"
"PE";"260400";"Carpina";"ALCANÇOU";"ALCANÇOU";;"NÃO ALCANÇOU";"NÃO ALCANÇOU";"NÃO ALCANÇOU";"NÃO ALCANÇOU";"ALCANÇOU"
"PE";"260410";"Caruaru";"ALCANÇOU";"ALCANÇOU";;"NÃO ALCANÇOU";"ALCANÇOU";"ALCANÇOU";"ALCANÇOU";"ALCANÇOU"
"PE";"260415";"Casinhas";"ALCANÇOU";"ALCANÇOU";;"ALCANÇOU";"ALCANÇOU";"NÃO ALCANÇOU";"ALCANÇOU";"ALCANÇOU"
"PE";"260420";"Catende";"ALCANÇOU";"ALCANÇOU";;"NÃO ALCANÇOU";"ALCANÇOU";"NÃO ALCANÇOU";"ALCANÇOU";"ALCANÇOU"
"PE";"260430";"Cedro";"ALCANÇOU";"ALCANÇOU";;"ALCANÇOU";"ALCANÇOU";"NÃO ALCANÇOU";"NÃO ALCANÇOU";"ALCANÇOU"
"PE";"260450";"Chã Grande";"ALCANÇOU";"ALCANÇOU";;"NÃO ALCANÇOU";"ALCANÇOU";"NÃO ALCANÇOU";"NÃO ALCANÇOU";"ALCANÇOU"
"PE";"260440";"Chã de Alegria";"ALCANÇOU";"ALCANÇOU";;"NÃO ALCANÇOU";"ALCANÇOU";"NÃO ALCANÇOU";"ALCANÇOU";"ALCANÇOU"
"PE";"260460";"Condado";"ALCANÇOU";"ALCANÇOU";;"NÃO ALCANÇOU";"NÃO ALCANÇOU";"NÃO ALCANÇOU";"NÃO ALCANÇOU";"ALCANÇOU"
"PE";"260470";"Correntes";"ALCANÇOU";"ALCANÇOU";;"ALCANÇOU";"NÃO ALCANÇOU";"ALCANÇOU";"ALCANÇOU";"ALCANÇOU"
"PE";"260480";"Cortês";"ALCANÇOU";"ALCANÇOU";;"NÃO ALCANÇOU";"ALCANÇOU";"NÃO ALCANÇOU";"ALCANÇOU";"ALCANÇOU"
"PE";"260490";"Cumaru";"ALCANÇOU";"ALCANÇOU";;"NÃO ALCANÇOU";"ALCANÇOU";"NÃO ALCANÇOU";"NÃO ALCANÇOU";"ALCANÇOU"
"PE";"260500";"Cupira";"ALCANÇOU";"ALCANÇOU";;"ALCANÇOU";"NÃO ALCANÇOU";"NÃO ALCANÇOU";"NÃO ALCANÇOU";"ALCANÇOU"
"PE";"260510";"Custódia";"ALCANÇOU";"ALCANÇOU";;"ALCANÇOU";"ALCANÇOU";"NÃO ALCANÇOU";"NÃO ALCANÇOU";"ALCANÇOU"
"PE";"260515";"Dormentes";"ALCANÇOU";"ALCANÇOU";;"ALCANÇOU";"ALCANÇOU";"ALCANÇOU";"NÃO ALCANÇOU";"ALCANÇOU"
"PE";"260520";"Escada";"ALCANÇOU";"ALCANÇOU";;"NÃO ALCANÇOU";"ALCANÇOU";"NÃO ALCANÇOU";"ALCANÇOU";"ALCANÇOU"
"PE";"260530";"Exu";"ALCANÇOU";"ALCANÇOU";;"ALCANÇOU";"ALCANÇOU";"NÃO ALCANÇOU";"ALCANÇOU";"ALCANÇOU"
"PE";"260540";"Feira Nova";"ALCANÇOU";"ALCANÇOU";;"NÃO ALCANÇOU";"ALCANÇOU";"NÃO ALCANÇOU";"ALCANÇOU";"ALCANÇOU"
"PE";"260545";"Fernando de Noronha";"ALCANÇOU";"ALCANÇOU";;"NÃO ALCANÇOU";"ALCANÇOU";"ALCANÇOU";"ALCANÇOU";"NÃO ALCANÇOU"
"PE";"260550";"Ferreiros";"ALCANÇOU";"ALCANÇOU";;"ALCANÇOU";"ALCANÇOU";"NÃO ALCANÇOU";"ALCANÇOU";"ALCANÇOU"
"PE";"260560";"Flores";"ALCANÇOU";"ALCANÇOU";;"ALCANÇOU";"ALCANÇOU";"NÃO ALCANÇOU";"ALCANÇOU";"ALCANÇOU"
"PE";"260570";"Floresta";"ALCANÇOU";"ALCANÇOU";;"NÃO ALCANÇOU";"ALCANÇOU";"NÃO ALCANÇOU";"NÃO ALCANÇOU";"ALCANÇOU"
"PE";"260580";"Frei Miguelinho";"ALCANÇOU";"ALCANÇOU";;"ALCANÇOU";"NÃO ALCANÇOU";"NÃO ALCANÇOU";"ALCANÇOU";"ALCANÇOU"
"PE";"260590";"Gameleira";"ALCANÇOU";"ALCANÇOU";;"NÃO ALCANÇOU";"ALCANÇOU";"NÃO ALCANÇOU";"ALCANÇOU";"ALCANÇOU"
"PE";"260600";"Garanhuns";"ALCANÇOU";"ALCANÇOU";;"NÃO ALCANÇOU";"NÃO ALCANÇOU";"ALCANÇOU";"NÃO ALCANÇOU";"ALCANÇOU"
"PE";"260610";"Glória do Goitá";"ALCANÇOU";"ALCANÇOU";;"NÃO ALCANÇOU";"ALCANÇOU";"NÃO ALCANÇOU";"NÃO ALCANÇOU";"ALCANÇOU"
"PE";"260620";"Goiana";"ALCANÇOU";"ALCANÇOU";;"NÃO ALCANÇOU";"ALCANÇOU";"NÃO ALCANÇOU";"NÃO ALCANÇOU";"ALCANÇOU"
"PE";"260630";"Granito";"ALCANÇOU";"ALCANÇOU";;"NÃO ALCANÇOU";"ALCANÇOU";"ALCANÇOU";"ALCANÇOU";"ALCANÇOU"
"PE";"260640";"Gravatá";"ALCANÇOU";"ALCANÇOU";;"NÃO ALCANÇOU";"ALCANÇOU";"NÃO ALCANÇOU";"NÃO ALCANÇOU";"ALCANÇOU"
"PE";"260650";"Iati";"NÃO ALCANÇOU";"ALCANÇOU";;"ALCANÇOU";"NÃO ALCANÇOU";"NÃO ALCANÇOU";"ALCANÇOU";"ALCANÇOU"
"PE";"260660";"Ibimirim";"ALCANÇOU";"ALCANÇOU";;"NÃO ALCANÇOU";"ALCANÇOU";"NÃO ALCANÇOU";"ALCANÇOU";"ALCANÇOU"
"PE";"260670";"Ibirajuba";"NÃO ALCANÇOU";"ALCANÇOU";;"ALCANÇOU";"NÃO ALCANÇOU";"NÃO ALCANÇOU";"ALCANÇOU";"ALCANÇOU"
"PE";"260680";"Igarassu";"ALCANÇOU";"ALCANÇOU";;"NÃO ALCANÇOU";"ALCANÇOU";"NÃO ALCANÇOU";"NÃO ALCANÇOU";"ALCANÇOU"
"PE";"260690";"Iguaracy";"ALCANÇOU";"ALCANÇOU";;"ALCANÇOU";"ALCANÇOU";"NÃO ALCANÇOU";"ALCANÇOU";"ALCANÇOU"
"PE";"260760";"Ilha de Itamaracá";"ALCANÇOU";"ALCANÇOU";;"NÃO ALCANÇOU";"ALCANÇOU";"NÃO ALCANÇOU";"NÃO ALCANÇOU";"ALCANÇOU"
"PE";"260700";"Inajá";"NÃO ALCANÇOU";"ALCANÇOU";;"NÃO ALCANÇOU";"ALCANÇOU";"NÃO ALCANÇOU";"NÃO ALCANÇOU";"ALCANÇOU"
"PE";"260710";"Ingazeira";"ALCANÇOU";"ALCANÇOU";;"ALCANÇOU";"ALCANÇOU";"NÃO ALCANÇOU";"ALCANÇOU";"ALCANÇOU"
"PE";"260720";"Ipojuca";"ALCANÇOU";"ALCANÇOU";;"NÃO ALCANÇOU";"ALCANÇOU";"ALCANÇOU";"ALCANÇOU";"ALCANÇOU"
"PE";"260730";"Ipubi";"ALCANÇOU";"ALCANÇOU";;"ALCANÇOU";"ALCANÇOU";"NÃO ALCANÇOU";"NÃO ALCANÇOU";"ALCANÇOU"
"PE";"260740";"Itacuruba";"ALCANÇOU";"ALCANÇOU";;"ALCANÇOU";"ALCANÇOU";"NÃO ALCANÇOU";"ALCANÇOU";"ALCANÇOU"
"PE";"260765";"Itambé";"ALCANÇOU";"ALCANÇOU";;"ALCANÇOU";"ALCANÇOU";"NÃO ALCANÇOU";"NÃO ALCANÇOU";"ALCANÇOU"
"PE";"260770";"Itapetim";"ALCANÇOU";"ALCANÇOU";;"NÃO ALCANÇOU";"ALCANÇOU";"NÃO ALCANÇOU";"ALCANÇOU";"ALCANÇOU"
"PE";"260775";"Itapissuma";"ALCANÇOU";"ALCANÇOU";;"NÃO ALCANÇOU";"ALCANÇOU";"NÃO ALCANÇOU";"ALCANÇOU";"ALCANÇOU"
"PE";"260780";"Itaquitinga";"ALCANÇOU";"ALCANÇOU";;"ALCANÇOU";"ALCANÇOU";"NÃO ALCANÇOU";"ALCANÇOU";"ALCANÇOU"
"PE";"260750";"Itaíba";"ALCANÇOU";"ALCANÇOU";;"NÃO ALCANÇOU";"ALCANÇOU";"NÃO ALCANÇOU";"ALCANÇOU";"NÃO ALCANÇOU"
"PE";"260790";"Jaboatão dos Guararapes";"ALCANÇOU";"ALCANÇOU";;"NÃO ALCANÇOU";"ALCANÇOU";"ALCANÇOU";"NÃO ALCANÇOU";"ALCANÇOU"
"PE";"260795";"Jaqueira";"ALCANÇOU";"ALCANÇOU";;"NÃO ALCANÇOU";"NÃO ALCANÇOU";"NÃO ALCANÇOU";"NÃO ALCANÇOU";"NÃO ALCANÇOU"
"PE";"260800";"Jataúba";"ALCANÇOU";"ALCANÇOU";;"NÃO ALCANÇOU";"NÃO ALCANÇOU";"ALCANÇOU";"ALCANÇOU";"ALCANÇOU"
"PE";"260805";"Jatobá";"ALCANÇOU";"ALCANÇOU";;"NÃO ALCANÇOU";"ALCANÇOU";"NÃO ALCANÇOU";"ALCANÇOU";"ALCANÇOU"
"PE";"260820";"Joaquim Nabuco";"ALCANÇOU";"ALCANÇOU";;"NÃO ALCANÇOU";"NÃO ALCANÇOU";"NÃO ALCANÇOU";"ALCANÇOU";"ALCANÇOU"
"PE";"260810";"João Alfredo";"ALCANÇOU";"ALCANÇOU";;"NÃO ALCANÇOU";"ALCANÇOU";"NÃO ALCANÇOU";"ALCANÇOU";"ALCANÇOU"
"PE";"260825";"Jucati";"NÃO ALCANÇOU";"ALCANÇOU";;"NÃO ALCANÇOU";"ALCANÇOU";"NÃO ALCANÇOU";"ALCANÇOU";"ALCANÇOU"
"PE";"260830";"Jupi";"ALCANÇOU";"ALCANÇOU";;"NÃO ALCANÇOU";"ALCANÇOU";"NÃO ALCANÇOU";"ALCANÇOU";"NÃO ALCANÇOU"
"PE";"260840";"Jurema";"ALCANÇOU";"ALCANÇOU";;"ALCANÇOU";"ALCANÇOU";"NÃO ALCANÇOU";"ALCANÇOU";"ALCANÇOU"
"PE";"260875";"Lagoa Grande";"ALCANÇOU";"ALCANÇOU";;"ALCANÇOU";"ALCANÇOU";"NÃO ALCANÇOU";"NÃO ALCANÇOU";"ALCANÇOU"
"PE";"260850";"Lagoa de Itaenga";"ALCANÇOU";"ALCANÇOU";;"NÃO ALCANÇOU";"ALCANÇOU";"ALCANÇOU";"NÃO ALCANÇOU";"ALCANÇOU"
"PE";"260845";"Lagoa do Carro";"ALCANÇOU";"ALCANÇOU";;"ALCANÇOU";"NÃO ALCANÇOU";"NÃO ALCANÇOU";"ALCANÇOU";"ALCANÇOU"
"PE";"260860";"Lagoa do Ouro";"ALCANÇOU";"ALCANÇOU";;"ALCANÇOU";"NÃO ALCANÇOU";"ALCANÇOU";"ALCANÇOU";"ALCANÇOU"
"PE";"260870";"Lagoa dos Gatos";"ALCANÇOU";"ALCANÇOU";;"ALCANÇOU";"NÃO ALCANÇOU";"NÃO ALCANÇOU";"NÃO ALCANÇOU";"ALCANÇOU"
"PE";"260880";"Lajedo";"ALCANÇOU";"ALCANÇOU";;"NÃO ALCANÇOU";"ALCANÇOU";"ALCANÇOU";"NÃO ALCANÇOU";"ALCANÇOU"
"PE";"260890";"Limoeiro";"ALCANÇOU";"ALCANÇOU";;"NÃO ALCANÇOU";"ALCANÇOU";"NÃO ALCANÇOU";"NÃO ALCANÇOU";"ALCANÇOU"
"PE";"260900";"Macaparana";"ALCANÇOU";"ALCANÇOU";;"ALCANÇOU";"NÃO ALCANÇOU";"NÃO ALCANÇOU";"NÃO ALCANÇOU";"ALCANÇOU"
"PE";"260910";"Machados";"ALCANÇOU";"ALCANÇOU";;"ALCANÇOU";"ALCANÇOU";"NÃO ALCANÇOU";"NÃO ALCANÇOU";"ALCANÇOU"
"PE";"260915";"Manari";"ALCANÇOU";"ALCANÇOU";;"ALCANÇOU";"ALCANÇOU";"NÃO ALCANÇOU";"ALCANÇOU";"ALCANÇOU"
"PE";"260920";"Maraial";"ALCANÇOU";"ALCANÇOU";;"ALCANÇOU";"ALCANÇOU";"NÃO ALCANÇOU";"ALCANÇOU";"ALCANÇOU"
"PE";"260930";"Mirandiba";"ALCANÇOU";"ALCANÇOU";;"NÃO ALCANÇOU";"ALCANÇOU";"NÃO ALCANÇOU";"ALCANÇOU";"ALCANÇOU"
"PE";"261430";"Moreilândia";"ALCANÇOU";"ALCANÇOU";;"ALCANÇOU";"ALCANÇOU";"NÃO ALCANÇOU";"ALCANÇOU";"ALCANÇOU"
"PE";"260940";"Moreno";"ALCANÇOU";"ALCANÇOU";;"NÃO ALCANÇOU";"ALCANÇOU";"NÃO ALCANÇOU";"ALCANÇOU";"ALCANÇOU"
"PE";"260950";"Nazaré da Mata";"ALCANÇOU";"ALCANÇOU";;"NÃO ALCANÇOU";"ALCANÇOU";"NÃO ALCANÇOU";"ALCANÇOU";"ALCANÇOU"
"PE";"260960";"Olinda";"ALCANÇOU";"ALCANÇOU";;"NÃO ALCANÇOU";"NÃO ALCANÇOU";"NÃO ALCANÇOU";"NÃO ALCANÇOU";"ALCANÇOU"
"PE";"260970";"Orobó";"ALCANÇOU";"ALCANÇOU";;"NÃO ALCANÇOU";"ALCANÇOU";"ALCANÇOU";"ALCANÇOU";"ALCANÇOU"
"PE";"260980";"Orocó";"ALCANÇOU";"ALCANÇOU";;"ALCANÇOU";"NÃO ALCANÇOU";"NÃO ALCANÇOU";"NÃO ALCANÇOU";"NÃO ALCANÇOU"
"PE";"260990";"Ouricuri";"ALCANÇOU";"ALCANÇOU";;"NÃO ALCANÇOU";"ALCANÇOU";"ALCANÇOU";"NÃO ALCANÇOU";"ALCANÇOU"
"PE";"261000";"Palmares";"ALCANÇOU";"ALCANÇOU";;"NÃO ALCANÇOU";"ALCANÇOU";"NÃO ALCANÇOU";"ALCANÇOU";"ALCANÇOU"
"PE";"261010";"Palmeirina";"ALCANÇOU";"ALCANÇOU";;"ALCANÇOU";"NÃO ALCANÇOU";"NÃO ALCANÇOU";"ALCANÇOU";"NÃO ALCANÇOU"
"PE";"261020";"Panelas";"ALCANÇOU";"ALCANÇOU";;"NÃO ALCANÇOU";"ALCANÇOU";"NÃO ALCANÇOU";"ALCANÇOU";"ALCANÇOU"
"PE";"261030";"Paranatama";"ALCANÇOU";"ALCANÇOU";;"NÃO ALCANÇOU";"ALCANÇOU";"NÃO ALCANÇOU";"ALCANÇOU";"ALCANÇOU"
"PE";"261040";"Parnamirim";"ALCANÇOU";"ALCANÇOU";;"ALCANÇOU";"ALCANÇOU";"NÃO ALCANÇOU";"ALCANÇOU";"ALCANÇOU"
"PE";"261050";"Passira";"ALCANÇOU";"ALCANÇOU";;"ALCANÇOU";"ALCANÇOU";"NÃO ALCANÇOU";"NÃO ALCANÇOU";"ALCANÇOU"
"PE";"261060";"Paudalho";"ALCANÇOU";"ALCANÇOU";;"NÃO ALCANÇOU";"ALCANÇOU";"NÃO ALCANÇOU";"ALCANÇOU";"ALCANÇOU"
"PE";"261070";"Paulista";"ALCANÇOU";"ALCANÇOU";;"NÃO ALCANÇOU";"ALCANÇOU";"NÃO ALCANÇOU";"NÃO ALCANÇOU";"ALCANÇOU"
"PE";"261080";"Pedra";"ALCANÇOU";"ALCANÇOU";;"NÃO ALCANÇOU";"ALCANÇOU";"NÃO ALCANÇOU";"NÃO ALCANÇOU";"ALCANÇOU"
"PE";"261090";"Pesqueira";"ALCANÇOU";"ALCANÇOU";;"NÃO ALCANÇOU";"ALCANÇOU";"ALCANÇOU";"ALCANÇOU";"NÃO ALCANÇOU"
"PE";"261110";"Petrolina";"ALCANÇOU";"ALCANÇOU";;"NÃO ALCANÇOU";"ALCANÇOU";"ALCANÇOU";"ALCANÇOU";"ALCANÇOU"
"PE";"261100";"Petrolândia";"ALCANÇOU";"ALCANÇOU";;"NÃO ALCANÇOU";"ALCANÇOU";"NÃO ALCANÇOU";"ALCANÇOU";"ALCANÇOU"
"PE";"261130";"Pombos";"ALCANÇOU";"ALCANÇOU";;"NÃO ALCANÇOU";"ALCANÇOU";"NÃO ALCANÇOU";"NÃO ALCANÇOU";"ALCANÇOU"
"PE";"261120";"Poção";"ALCANÇOU";"ALCANÇOU";;"ALCANÇOU";"ALCANÇOU";"ALCANÇOU";"ALCANÇOU";"ALCANÇOU"
"PE";"261140";"Primavera";"ALCANÇOU";"ALCANÇOU";;"NÃO ALCANÇOU";"ALCANÇOU";"NÃO ALCANÇOU";"NÃO ALCANÇOU";"ALCANÇOU"
"PE";"261150";"Quipapá";"NÃO ALCANÇOU";"ALCANÇOU";;"ALCANÇOU";"ALCANÇOU";"NÃO ALCANÇOU";"ALCANÇOU";"ALCANÇOU"
"PE";"261153";"Quixaba";"ALCANÇOU";"ALCANÇOU";;"NÃO ALCANÇOU";"ALCANÇOU";"NÃO ALCANÇOU";"NÃO ALCANÇOU";"ALCANÇOU"
"PE";"261160";"Recife";"ALCANÇOU";"ALCANÇOU";;"NÃO ALCANÇOU";"ALCANÇOU";"ALCANÇOU";"NÃO ALCANÇOU";"ALCANÇOU"
"PE";"261170";"Riacho das Almas";"ALCANÇOU";"ALCANÇOU";;"NÃO ALCANÇOU";"ALCANÇOU";"NÃO ALCANÇOU";"ALCANÇOU";"ALCANÇOU"
"PE";"261180";"Ribeirão";"ALCANÇOU";"ALCANÇOU";;"NÃO ALCANÇOU";"ALCANÇOU";"ALCANÇOU";"NÃO ALCANÇOU";"ALCANÇOU"
"PE";"261190";"Rio Formoso";"ALCANÇOU";"ALCANÇOU";;"NÃO ALCANÇOU";"ALCANÇOU";"ALCANÇOU";"NÃO ALCANÇOU";"ALCANÇOU"
"PE";"261200";"Sairé";"ALCANÇOU";"ALCANÇOU";;"NÃO ALCANÇOU";"ALCANÇOU";"NÃO ALCANÇOU";"ALCANÇOU";"NÃO ALCANÇOU"
"PE";"261210";"Salgadinho";"ALCANÇOU";"ALCANÇOU";;"ALCANÇOU";"NÃO ALCANÇOU";"NÃO ALCANÇOU";"NÃO ALCANÇOU";"ALCANÇOU"
"PE";"261220";"Salgueiro";"ALCANÇOU";"ALCANÇOU";;"NÃO ALCANÇOU";"ALCANÇOU";"NÃO ALCANÇOU";"NÃO ALCANÇOU";"ALCANÇOU"
"PE";"261230";"Saloá";"ALCANÇOU";"ALCANÇOU";;"NÃO ALCANÇOU";"ALCANÇOU";"NÃO ALCANÇOU";"ALCANÇOU";"NÃO ALCANÇOU"
"PE";"261240";"Sanharó";"ALCANÇOU";"ALCANÇOU";;"NÃO ALCANÇOU";"ALCANÇOU";"NÃO ALCANÇOU";"NÃO ALCANÇOU";"ALCANÇOU"
"PE";"261245";"Santa Cruz";"ALCANÇOU";"ALCANÇOU";;"NÃO ALCANÇOU";"ALCANÇOU";"NÃO ALCANÇOU";"ALCANÇOU";"ALCANÇOU"
"PE";"261247";"Santa Cruz da Baixa Verde";"ALCANÇOU";"ALCANÇOU";;"NÃO ALCANÇOU";"ALCANÇOU";"NÃO ALCANÇOU";"ALCANÇOU";"ALCANÇOU"
"PE";"261250";"Santa Cruz do Capibaribe";"ALCANÇOU";"ALCANÇOU";;"NÃO ALCANÇOU";"NÃO ALCANÇOU";"ALCANÇOU";"ALCANÇOU";"ALCANÇOU"
"PE";"261255";"Santa Filomena";"ALCANÇOU";"ALCANÇOU";;"NÃO ALCANÇOU";"NÃO ALCANÇOU";"ALCANÇOU";"ALCANÇOU";"ALCANÇOU"
"PE";"261260";"Santa Maria da Boa Vista";"ALCANÇOU";"ALCANÇOU";;"ALCANÇOU";"ALCANÇOU";"ALCANÇOU";"ALCANÇOU";"ALCANÇOU"
"PE";"261270";"Santa Maria do Cambucá";"ALCANÇOU";"ALCANÇOU";;"ALCANÇOU";"ALCANÇOU";"ALCANÇOU";"ALCANÇOU";"ALCANÇOU"
"PE";"261280";"Santa Terezinha";"ALCANÇOU";"ALCANÇOU";;"ALCANÇOU";"ALCANÇOU";"NÃO ALCANÇOU";"ALCANÇOU";"ALCANÇOU"
"PE";"261390";"Serra Talhada";"ALCANÇOU";"ALCANÇOU";;"NÃO ALCANÇOU";"ALCANÇOU";"ALCANÇOU";"NÃO ALCANÇOU";"ALCANÇOU"
"PE";"261400";"Serrita";"ALCANÇOU";"ALCANÇOU";;"NÃO ALCANÇOU";"ALCANÇOU";"NÃO ALCANÇOU";"ALCANÇOU";"ALCANÇOU"
"PE";"261410";"Sertânia";"ALCANÇOU";"ALCANÇOU";;"NÃO ALCANÇOU";"NÃO ALCANÇOU";"NÃO ALCANÇOU";"ALCANÇOU";"ALCANÇOU"
"PE";"261420";"Sirinhaém";"ALCANÇOU";"ALCANÇOU";;"NÃO ALCANÇOU";"NÃO ALCANÇOU";"NÃO ALCANÇOU";"NÃO ALCANÇOU";"ALCANÇOU"
"PE";"261440";"Solidão";"ALCANÇOU";"ALCANÇOU";;"NÃO ALCANÇOU";"ALCANÇOU";"NÃO ALCANÇOU";"ALCANÇOU";"ALCANÇOU"
"PE";"261450";"Surubim";"ALCANÇOU";"ALCANÇOU";;"NÃO ALCANÇOU";"ALCANÇOU";"NÃO ALCANÇOU";"ALCANÇOU";"ALCANÇOU"
"PE";"261290";"São Benedito do Sul";"NÃO ALCANÇOU";"NÃO ALCANÇOU";;"NÃO ALCANÇOU";"ALCANÇOU";"NÃO ALCANÇOU";"NÃO ALCANÇOU";"ALCANÇOU"
"PE";"261300";"São Bento do Una";"ALCANÇOU";"ALCANÇOU";;"NÃO ALCANÇOU";"NÃO ALCANÇOU";"ALCANÇOU";"NÃO ALCANÇOU";"ALCANÇOU"
"PE";"261310";"São Caitano";"ALCANÇOU";"ALCANÇOU";;"ALCANÇOU";"ALCANÇOU";"ALCANÇOU";"ALCANÇOU";"ALCANÇOU"
"PE";"261330";"São Joaquim do Monte";"ALCANÇOU";"ALCANÇOU";;"NÃO ALCANÇOU";"ALCANÇOU";"NÃO ALCANÇOU";"NÃO ALCANÇOU";"ALCANÇOU"
"PE";"261340";"São José da Coroa Grande";"ALCANÇOU";"ALCANÇOU";;"ALCANÇOU";"NÃO ALCANÇOU";"ALCANÇOU";"ALCANÇOU";"ALCANÇOU"
"PE";"261350";"São José do Belmonte";"ALCANÇOU";"ALCANÇOU";;"NÃO ALCANÇOU";"ALCANÇOU";"NÃO ALCANÇOU";"ALCANÇOU";"ALCANÇOU"
"PE";"261360";"São José do Egito";"ALCANÇOU";"ALCANÇOU";;"NÃO ALCANÇOU";"ALCANÇOU";"NÃO ALCANÇOU";"ALCANÇOU";"ALCANÇOU"
"PE";"261320";"São João";"ALCANÇOU";"ALCANÇOU";;"ALCANÇOU";"ALCANÇOU";"NÃO ALCANÇOU";"ALCANÇOU";"ALCANÇOU"
"PE";"261370";"São Lourenço da Mata";"ALCANÇOU";"ALCANÇOU";;"NÃO ALCANÇOU";"ALCANÇOU";"NÃO ALCANÇOU";"NÃO ALCANÇOU";"ALCANÇOU"
"PE";"261380";"São Vicente Ferrer";"NÃO ALCANÇOU";"ALCANÇOU";;;"NÃO ALCANÇOU";"NÃO ALCANÇOU";"ALCANÇOU";"ALCANÇOU"
"PE";"261380";"São Vicente Férrer";;;;"NÃO ALCANÇOU";;;;
"PE";"261460";"Tabira";"ALCANÇOU";"ALCANÇOU";;"NÃO ALCANÇOU";"ALCANÇOU";"ALCANÇOU";"ALCANÇOU";"ALCANÇOU"
"PE";"261470";"Tacaimbó";"NÃO ALCANÇOU";"ALCANÇOU";;"NÃO ALCANÇOU";"NÃO ALCANÇOU";"NÃO ALCANÇOU";"ALCANÇOU";"NÃO ALCANÇOU"
"PE";"261480";"Tacaratu";"NÃO ALCANÇOU";"ALCANÇOU";;"ALCANÇOU";"ALCANÇOU";"ALCANÇOU";"ALCANÇOU";"ALCANÇOU"
"PE";"261485";"Tamandaré";"ALCANÇOU";"ALCANÇOU";;"NÃO ALCANÇOU";"NÃO ALCANÇOU";"NÃO ALCANÇOU";"NÃO ALCANÇOU";"ALCANÇOU"
"PE";"261500";"Taquaritinga do Norte";"ALCANÇOU";"ALCANÇOU";;"ALCANÇOU";"NÃO ALCANÇOU";"NÃO ALCANÇOU";"ALCANÇOU";"ALCANÇOU"
"PE";"261510";"Terezinha";"ALCANÇOU";"ALCANÇOU";;"NÃO ALCANÇOU";"ALCANÇOU";"NÃO ALCANÇOU";"ALCANÇOU";"ALCANÇOU"
"PE";"261520";"Terra Nova";"ALCANÇOU";"ALCANÇOU";;"NÃO ALCANÇOU";"ALCANÇOU";"NÃO ALCANÇOU";"ALCANÇOU";"ALCANÇOU"
"PE";"261530";"Timbaúba";"ALCANÇOU";"ALCANÇOU";;"NÃO ALCANÇOU";"ALCANÇOU";"ALCANÇOU";"ALCANÇOU";"ALCANÇOU"
"PE";"261540";"Toritama";"ALCANÇOU";"ALCANÇOU";;"NÃO ALCANÇOU";"ALCANÇOU";"NÃO ALCANÇOU";"NÃO ALCANÇOU";"ALCANÇOU"
"PE";"261550";"Tracunhaém";"ALCANÇOU";"ALCANÇOU";;"NÃO ALCANÇOU";"NÃO ALCANÇOU";"NÃO ALCANÇOU";"ALCANÇOU";"ALCANÇOU"
"PE";"261560";"Trindade";"ALCANÇOU";"ALCANÇOU";;"NÃO ALCANÇOU";"ALCANÇOU";"NÃO ALCANÇOU";"NÃO ALCANÇOU";"ALCANÇOU"
"PE";"261570";"Triunfo";"ALCANÇOU";"ALCANÇOU";;"NÃO ALCANÇOU";"ALCANÇOU";"NÃO ALCANÇOU";"ALCANÇOU";"ALCANÇOU"
"PE";"261580";"Tupanatinga";"ALCANÇOU";"ALCANÇOU";;"ALCANÇOU";"ALCANÇOU";"ALCANÇOU";"ALCANÇOU";"ALCANÇOU"
"PE";"261590";"Tuparetama";"ALCANÇOU";"ALCANÇOU";;"NÃO ALCANÇOU";"ALCANÇOU";"NÃO ALCANÇOU";"ALCANÇOU";"ALCANÇOU"
"PE";"261600";"Venturosa";"ALCANÇOU";"ALCANÇOU";;"NÃO ALCANÇOU";"ALCANÇOU";"NÃO ALCANÇOU";"ALCANÇOU";"ALCANÇOU"
"PE";"261610";"Verdejante";"ALCANÇOU";"ALCANÇOU";;"NÃO ALCANÇOU";"ALCANÇOU";"NÃO ALCANÇOU";"ALCANÇOU";"ALCANÇOU"
"PE";"261618";"Vertente do Lério";"ALCANÇOU";"ALCANÇOU";;"ALCANÇOU";"NÃO ALCANÇOU";"NÃO ALCANÇOU";"ALCANÇOU";"ALCANÇOU"
"PE";"261620";"Vertentes";"ALCANÇOU";"ALCANÇOU";;"NÃO ALCANÇOU";"ALCANÇOU";"NÃO ALCANÇOU";"ALCANÇOU";"ALCANÇOU"
"PE";"261630";"Vicência";"ALCANÇOU";"ALCANÇOU";;"ALCANÇOU";"ALCANÇOU";"NÃO ALCANÇOU";"ALCANÇOU";"ALCANÇOU"
"PE";"261640";"Vitória de Santo Antão";"ALCANÇOU";"ALCANÇOU";;"NÃO ALCANÇOU";"ALCANÇOU";"ALCANÇOU";"NÃO ALCANÇOU";"ALCANÇOU"
"PE";"261650";"Xexéu";"ALCANÇOU";"ALCANÇOU";;"NÃO ALCANÇOU";"ALCANÇOU";"ALCANÇOU";"ALCANÇOU";"ALCANÇOU"
"PE";"260040";"Água Preta";"ALCANÇOU";"ALCANÇOU";;"ALCANÇOU";"ALCANÇOU";"NÃO ALCANÇOU";"ALCANÇOU";"NÃO ALCANÇOU"
"PE";"260050";"Águas Belas";"ALCANÇOU";"ALCANÇOU";;"ALCANÇOU";"ALCANÇOU";"NÃO ALCANÇOU";"NÃO ALCANÇOU";"ALCANÇOU"
"PE";"260005";;;;"ALCANÇOU";;;;;
"PE";"260010";;;;"ALCANÇOU";;;;;
"PE";"260020";;;;"ALCANÇOU";;;;;
"PE";"260030";;;;"ALCANÇOU";;;;;
"PE";"260040";;;;"ALCANÇOU";;;;;
"PE";"260050";;;;"ALCANÇOU";;;;;
"PE";"260060";;;;"ALCANÇOU";;;;;
"PE";"260070";;;;"ALCANÇOU";;;;;
"PE";"260080";;;;"ALCANÇOU";;;;;
"PE";"260090";;;;"ALCANÇOU";;;;;
"PE";"260100";;;;"ALCANÇOU";;;;;
"PE";"260105";;;;"ALCANÇOU";;;;;
"PE";"260110";;;;"ALCANÇOU";;;;;
"PE";"260120";;;;"ALCANÇOU";;;;;
"PE";"260130";;;;"ALCANÇOU";;;;;
"PE";"260140";;;;"ALCANÇOU";;;;;
"PE";"260150";;;;"ALCANÇOU";;;;;
"PE";"260160";;;;"ALCANÇOU";;;;;
"PE";"260170";;;;"ALCANÇOU";;;;;
"PE";"260180";;;;"ALCANÇOU";;;;;
"PE";"260190";;;;"ALCANÇOU";;;;;
"PE";"260200";;;;"ALCANÇOU";;;;;
"PE";"260210";;;;"ALCANÇOU";;;;;
"PE";"260220";;;;"ALCANÇOU";;;;;
"PE";"260230";;;;"ALCANÇOU";;;;;
"PE";"260240";;;;"ALCANÇOU";;;;;
"PE";"260250";;;;"ALCANÇOU";;;;;
"PE";"260260";;;;"ALCANÇOU";;;;;
"PE";"260270";;;;"ALCANÇOU";;;;;
"PE";"260280";;;;"ALCANÇOU";;;;;
"PE";"260290";;;;"ALCANÇOU";;;;;
"PE";"260300";;;;"ALCANÇOU";;;;;
"PE";"260310";;;;"ALCANÇOU";;;;;
"PE";"260320";;;;"ALCANÇOU";;;;;
"PE";"260330";;;;"ALCANÇOU";;;;;
"PE";"260340";;;;"ALCANÇOU";;;;;
"PE";"260345";;;;"ALCANÇOU";;;;;
"PE";"260350";;;;"ALCANÇOU";;;;;
"PE";"260360";;;;"ALCANÇOU";;;;;
"PE";"260370";;;;"ALCANÇOU";;;;;
"PE";"260380";;;;"ALCANÇOU";;;;;
"PE";"260390";;;;"ALCANÇOU";;;;;
"PE";"260392";;;;"ALCANÇOU";;;;;
"PE";"260400";;;;"ALCANÇOU";;;;;
"PE";"260410";;;;"ALCANÇOU";;;;;
"PE";"260415";;;;"ALCANÇOU";;;;;
"PE";"260420";;;;"ALCANÇOU";;;;;
"PE";"260430";;;;"ALCANÇOU";;;;;
"PE";"260440";;;;"ALCANÇOU";;;;;
"PE";"260450";;;;"ALCANÇOU";;;;;
"PE";"260460";;;;"ALCANÇOU";;;;;
"PE";"260470";;;;"ALCANÇOU";;;;;
"PE";"260480";;;;"ALCANÇOU";;;;;
"PE";"260490";;;;"ALCANÇOU";;;;;
"PE";"260500";;;;"ALCANÇOU";;;;;
"PE";"260510";;;;"ALCANÇOU";;;;;
"PE";"260515";;;;"ALCANÇOU";;;;;
"PE";"260520";;;;"ALCANÇOU";;;;;
"PE";"260530";;;;"ALCANÇOU";;;;;
"PE";"260540";;;;"ALCANÇOU";;;;;
"PE";"260545";;;;"ALCANÇOU";;;;;
"PE";"260550";;;;"ALCANÇOU";;;;;
"PE";"260560";;;;"ALCANÇOU";;;;;
"PE";"260570";;;;"ALCANÇOU";;;;;
"PE";"260580";;;;"ALCANÇOU";;;;;
"PE";"260590";;;;"ALCANÇOU";;;;;
"PE";"260600";;;;"ALCANÇOU";;;;;
"PE";"260610";;;;"ALCANÇOU";;;;;
"PE";"260620";;;;"ALCANÇOU";;;;;
"PE";"260630";;;;"ALCANÇOU";;;;;
"PE";"260640";;;;"ALCANÇOU";;;;;
"PE";"260650";;;;"ALCANÇOU";;;;;
"PE";"260660";;;;"ALCANÇOU";;;;;
"PE";"260670";;;;"ALCANÇOU";;;;;
"PE";"260680";;;;"ALCANÇOU";;;;;
"PE";"260690";;;;"ALCANÇOU";;;;;
"PE";"260700";;;;"ALCANÇOU";;;;;
"PE";"260710";;;;"ALCANÇOU";;;;;
"PE";"260720";;;;"ALCANÇOU";;;;;
"PE";"260730";;;;"ALCANÇOU";;;;;
"PE";"260740";;;;"ALCANÇOU";;;;;
"PE";"260750";;;;"ALCANÇOU";;;;;
"PE";"260760";;;;"ALCANÇOU";;;;;
"PE";"260765";;;;"ALCANÇOU";;;;;
"PE";"260770";;;;"ALCANÇOU";;;;;
"PE";"260775";;;;"ALCANÇOU";;;;;
"PE";"260780";;;;"ALCANÇOU";;;;;
"PE";"260790";;;;"ALCANÇOU";;;;;
"PE";"260795";;;;"ALCANÇOU";;;;;
"PE";"260800";;;;"ALCANÇOU";;;;;
"PE";"260805";;;;"ALCANÇOU";;;;;
"PE";"260810";;;;"ALCANÇOU";;;;;
"PE";"260820";;;;"ALCANÇOU";;;;;
"PE";"260825";;;;"ALCANÇOU";;;;;
"PE";"260830";;;;"ALCANÇOU";;;;;
"PE";"260840";;;;"ALCANÇOU";;;;;
"PE";"260845";;;;"ALCANÇOU";;;;;
"PE";"260850";;;;"ALCANÇOU";;;;;
"PE";"260860";;;;"ALCANÇOU";;;;;
"PE";"260870";;;;"ALCANÇOU";;;;;
"PE";"260875";;;;"ALCANÇOU";;;;;
"PE";"260880";;;;"ALCANÇOU";;;;;
"PE";"260890";;;;"ALCANÇOU";;;;;
"PE";"260900";;;;"ALCANÇOU";;;;;
"PE";"260910";;;;"ALCANÇOU";;;;;
"PE";"260915";;;;"ALCANÇOU";;;;;
"PE";"260920";;;;"NÃO ALCANÇOU";;;;;
"PE";"260930";;;;"ALCANÇOU";;;;;
"PE";"260940";;;;"ALCANÇOU";;;;;
"PE";"260950";;;;"ALCANÇOU";;;;;
"PE";"260960";;;;"ALCANÇOU";;;;;
"PE";"260970";;;;"ALCANÇOU";;;;;
"PE";"260980";;;;"ALCANÇOU";;;;;
"PE";"260990";;;;"ALCANÇOU";;;;;
"PE";"261000";;;;"ALCANÇOU";;;;;
"PE";"261010";;;;"ALCANÇOU";;;;;
"PE";"261020";;;;"ALCANÇOU";;;;;
"PE";"261030";;;;"ALCANÇOU";;;;;
"PE";"261040";;;;"ALCANÇOU";;;;;
"PE";"261050";;;;"ALCANÇOU";;;;;
"PE";"261060";;;;"ALCANÇOU";;;;;
"PE";"261070";;;;"ALCANÇOU";;;;;
"PE";"261080";;;;"ALCANÇOU";;;;;
"PE";"261090";;;;"ALCANÇOU";;;;;
"PE";"261100";;;;"ALCANÇOU";;;;;
"PE";"261110";;;;"ALCANÇOU";;;;;
"PE";"261120";;;;"ALCANÇOU";;;;;
"PE";"261130";;;;"ALCANÇOU";;;;;
"PE";"261140";;;;"ALCANÇOU";;;;;
"PE";"261150";;;;"ALCANÇOU";;;;;
"PE";"261153";;;;"ALCANÇOU";;;;;
"PE";"261160";;;;"ALCANÇOU";;;;;
"PE";"261170";;;;"ALCANÇOU";;;;;
"PE";"261180";;;;"ALCANÇOU";;;;;
"PE";"261190";;;;"ALCANÇOU";;;;;
"PE";"261200";;;;"NÃO ALCANÇOU";;;;;
"PE";"261210";;;;"ALCANÇOU";;;;;
"PE";"261220";;;;"ALCANÇOU";;;;;
"PE";"261230";;;;"ALCANÇOU";;;;;
"PE";"261240";;;;"ALCANÇOU";;;;;
"PE";"261245";;;;"ALCANÇOU";;;;;
"PE";"261247";;;;"ALCANÇOU";;;;;
"PE";"261250";;;;"ALCANÇOU";;;;;
"PE";"261255";;;;"ALCANÇOU";;;;;
"PE";"261260";;;;"ALCANÇOU";;;;;
"PE";"261270";;;;"ALCANÇOU";;;;;
"PE";"261280";;;;"ALCANÇOU";;;;;
"PE";"261290";;;;"ALCANÇOU";;;;;
"PE";"261300";;;;"ALCANÇOU";;;;;
"PE";"261310";;;;"ALCANÇOU";;;;;
"PE";"261320";;;;"ALCANÇOU";;;;;
"PE";"261330";;;;"ALCANÇOU";;;;;
"PE";"261340";;;;"ALCANÇOU";;;;;
"PE";"261350";;;;"ALCANÇOU";;;;;
"PE";"261360";;;;"ALCANÇOU";;;;;
"PE";"261370";;;;"ALCANÇOU";;;;;
"PE";"261380";;;;"NÃO ALCANÇOU";;;;;
"PE";"261390";;;;"ALCANÇOU";;;;;
"PE";"261400";;;;"ALCANÇOU";;;;;
"PE";"261410";;;;"ALCANÇOU";;;;;
"PE";"261420";;;;"ALCANÇOU";;;;;
"PE";"261430";;;;"ALCANÇOU";;;;;
"PE";"261440";;;;"ALCANÇOU";;;;;
"PE";"261450";;;;"ALCANÇOU";;;;;
"PE";"261460";;;;"ALCANÇOU";;;;;
"PE";"261470";;;;"ALCANÇOU";;;;;
"PE";"261480";;;;"ALCANÇOU";;;;;
"PE";"261485";;;;"ALCANÇOU";;;;;
"PE";"261500";;;;"NÃO ALCANÇOU";;;;;
"PE";"261510";;;;"ALCANÇOU";;;;;
"PE";"261520";;;;"ALCANÇOU";;;;;
"PE";"261530";;;;"ALCANÇOU";;;;;
"PE";"261540";;;;"ALCANÇOU";;;;;
"PE";"261550";;;;"ALCANÇOU";;;;;
"PE";"261560";;;;"ALCANÇOU";;;;;
"PE";"261570";;;;"ALCANÇOU";;;;;
"PE";"261580";;;;"ALCANÇOU";;;;;
"PE";"261590";;;;"ALCANÇOU";;;;;
"PE";"261600";;;;"ALCANÇOU";;;;;
"PE";"261610";;;;"ALCANÇOU";;;;;
"PE";"261618";;;;"NÃO ALCANÇOU";;;;;
"PE";"261620";;;;"ALCANÇOU";;;;;
"PE";"261630";;;;"ALCANÇOU";;;;;
"PE";"261640";;;;"ALCANÇOU";;;;;
"PE";"261650";;;;"ALCANÇOU";;;;;
"PI";"220005";"Acauã";"ALCANÇOU";"ALCANÇOU";;"ALCANÇOU";"NÃO ALCANÇOU";"NÃO ALCANÇOU";"ALCANÇOU";"NÃO ALCANÇOU"
"PI";"220010";"Agricolândia";"NÃO ALCANÇOU";"ALCANÇOU";;"ALCANÇOU";"NÃO ALCANÇOU";"NÃO ALCANÇOU";"ALCANÇOU";"NÃO ALCANÇOU"
"PI";"220025";"Alagoinha do Piauí";"NÃO ALCANÇOU";"ALCANÇOU";;"NÃO ALCANÇOU";"NÃO ALCANÇOU";"NÃO ALCANÇOU";"ALCANÇOU";"ALCANÇOU"
"PI";"220027";"Alegrete do Piauí";"ALCANÇOU";"ALCANÇOU";;"NÃO ALCANÇOU";"NÃO ALCANÇOU";"NÃO ALCANÇOU";"ALCANÇOU";"NÃO ALCANÇOU"
"PI";"220030";"Alto Longá";"ALCANÇOU";"NÃO ALCANÇOU";;"ALCANÇOU";"NÃO ALCANÇOU";"NÃO ALCANÇOU";"NÃO ALCANÇOU";"ALCANÇOU"
"PI";"220040";"Altos";"ALCANÇOU";"ALCANÇOU";;"NÃO ALCANÇOU";"ALCANÇOU";"ALCANÇOU";"ALCANÇOU";"NÃO ALCANÇOU"
"PI";"220045";"Alvorada do Gurguéia";"NÃO ALCANÇOU";"ALCANÇOU";;"NÃO ALCANÇOU";"NÃO ALCANÇOU";"NÃO ALCANÇOU";"ALCANÇOU";"NÃO ALCANÇOU"
"PI";"220050";"Amarante";"NÃO ALCANÇOU";"ALCANÇOU";;"ALCANÇOU";"NÃO ALCANÇOU";"NÃO ALCANÇOU";"ALCANÇOU";"ALCANÇOU"
"PI";"220060";"Angical do Piauí";"ALCANÇOU";"NÃO ALCANÇOU";;"NÃO ALCANÇOU";"ALCANÇOU";"NÃO ALCANÇOU";"ALCANÇOU";"ALCANÇOU"
"PI";"220080";"Antônio Almeida";"ALCANÇOU";"NÃO ALCANÇOU";;"NÃO ALCANÇOU";"NÃO ALCANÇOU";"ALCANÇOU";"ALCANÇOU";"ALCANÇOU"
"PI";"220070";"Anísio de Abreu";"ALCANÇOU";"ALCANÇOU";;"ALCANÇOU";"NÃO ALCANÇOU";"NÃO ALCANÇOU";"ALCANÇOU";"ALCANÇOU"
"PI";"220090";"Aroazes";"ALCANÇOU";"NÃO ALCANÇOU";;"NÃO ALCANÇOU";"NÃO ALCANÇOU";"NÃO ALCANÇOU";"ALCANÇOU";"ALCANÇOU"
"PI";"220095";"Aroeiras do Itaim";"NÃO ALCANÇOU";"ALCANÇOU";;"NÃO ALCANÇOU";"NÃO ALCANÇOU";"NÃO ALCANÇOU";"ALCANÇOU";"NÃO ALCANÇOU"
"PI";"220100";"Arraial";"ALCANÇOU";"ALCANÇOU";;"ALCANÇOU";"NÃO ALCANÇOU";"NÃO ALCANÇOU";"ALCANÇOU";"NÃO ALCANÇOU"
"PI";"220105";"Assunção do Piauí";"ALCANÇOU";"ALCANÇOU";;"ALCANÇOU";"NÃO ALCANÇOU";"NÃO ALCANÇOU";"ALCANÇOU";"NÃO ALCANÇOU"
"PI";"220110";"Avelino Lopes";"NÃO ALCANÇOU";"ALCANÇOU";;"NÃO ALCANÇOU";"ALCANÇOU";"NÃO ALCANÇOU";"ALCANÇOU";"ALCANÇOU"
"PI";"220115";"Baixa Grande do Ribeiro";"ALCANÇOU";"ALCANÇOU";;"ALCANÇOU";"NÃO ALCANÇOU";"NÃO ALCANÇOU";"ALCANÇOU";"NÃO ALCANÇOU"
"PI";"220117";"Barra D'Alcântara";"ALCANÇOU";"ALCANÇOU";;"NÃO ALCANÇOU";"NÃO ALCANÇOU";"NÃO ALCANÇOU";"ALCANÇOU";
"PI";"220117";"Barra DAlcântara";;;;;;;;"ALCANÇOU"
"PI";"220120";"Barras";"ALCANÇOU";"ALCANÇOU";;"NÃO ALCANÇOU";"NÃO ALCANÇOU";"ALCANÇOU";"ALCANÇOU";"ALCANÇOU"
"PI";"220130";"Barreiras do Piauí";"NÃO ALCANÇOU";"ALCANÇOU";;"NÃO ALCANÇOU";"NÃO ALCANÇOU";"NÃO ALCANÇOU";"ALCANÇOU";"NÃO ALCANÇOU"
"PI";"220140";"Barro Duro";"ALCANÇOU";"ALCANÇOU";;"NÃO ALCANÇOU";"ALCANÇOU";"NÃO ALCANÇOU";"ALCANÇOU";"NÃO ALCANÇOU"
"PI";"220150";"Batalha";"ALCANÇOU";"ALCANÇOU";;"NÃO ALCANÇOU";"NÃO ALCANÇOU";"NÃO ALCANÇOU";"ALCANÇOU";"ALCANÇOU"
"PI";"220155";"Bela Vista do Piauí";"ALCANÇOU";"ALCANÇOU";;"ALCANÇOU";"NÃO ALCANÇOU";"NÃO ALCANÇOU";"ALCANÇOU";"NÃO ALCANÇOU"
"PI";"220157";"Belém do Piauí";"NÃO ALCANÇOU";"ALCANÇOU";;"NÃO ALCANÇOU";"NÃO ALCANÇOU";"NÃO ALCANÇOU";"ALCANÇOU";"NÃO ALCANÇOU"
"PI";"220160";"Beneditinos";"ALCANÇOU";"ALCANÇOU";;"ALCANÇOU";"NÃO ALCANÇOU";"NÃO ALCANÇOU";"ALCANÇOU";"ALCANÇOU"
"PI";"220170";"Bertolínia";"ALCANÇOU";"ALCANÇOU";;"NÃO ALCANÇOU";"NÃO ALCANÇOU";"NÃO ALCANÇOU";"ALCANÇOU";"ALCANÇOU"
"PI";"220173";"Betânia do Piauí";"ALCANÇOU";"ALCANÇOU";;"NÃO ALCANÇOU";"NÃO ALCANÇOU";"NÃO ALCANÇOU";"ALCANÇOU";"ALCANÇOU"
"PI";"220177";"Boa Hora";"ALCANÇOU";"ALCANÇOU";;"NÃO ALCANÇOU";"NÃO ALCANÇOU";"NÃO ALCANÇOU";"ALCANÇOU";"NÃO ALCANÇOU"
"PI";"220180";"Bocaina";"NÃO ALCANÇOU";"ALCANÇOU";;"NÃO ALCANÇOU";"NÃO ALCANÇOU";"NÃO ALCANÇOU";"ALCANÇOU";"NÃO ALCANÇOU"
"PI";"220190";"Bom Jesus";"NÃO ALCANÇOU";"ALCANÇOU";;"NÃO ALCANÇOU";"NÃO ALCANÇOU";"NÃO ALCANÇOU";"ALCANÇOU";"NÃO ALCANÇOU"
"PI";"220191";"Bom Princípio do Piauí";"NÃO ALCANÇOU";"ALCANÇOU";;"NÃO ALCANÇOU";"NÃO ALCANÇOU";"NÃO ALCANÇOU";"ALCANÇOU";"ALCANÇOU"
"PI";"220192";"Bonfim do Piauí";"ALCANÇOU";"ALCANÇOU";;"NÃO ALCANÇOU";"NÃO ALCANÇOU";"NÃO ALCANÇOU";"NÃO ALCANÇOU";"ALCANÇOU"
"PI";"220194";"Boqueirão do Piauí";"ALCANÇOU";"ALCANÇOU";;"NÃO ALCANÇOU";"NÃO ALCANÇOU";"NÃO ALCANÇOU";"ALCANÇOU";"NÃO ALCANÇOU"
"PI";"220196";"Brasileira";"ALCANÇOU";"ALCANÇOU";;"NÃO ALCANÇOU";"ALCANÇOU";"NÃO ALCANÇOU";"ALCANÇOU";"ALCANÇOU"
"PI";"220198";"Brejo do Piauí";"ALCANÇOU";"ALCANÇOU";;"ALCANÇOU";"NÃO ALCANÇOU";"NÃO ALCANÇOU";"ALCANÇOU";"NÃO ALCANÇOU"
"PI";"220200";"Buriti dos Lopes";"ALCANÇOU";"ALCANÇOU";;"NÃO ALCANÇOU";"NÃO ALCANÇOU";"NÃO ALCANÇOU";"ALCANÇOU";"ALCANÇOU"
"PI";"220202";"Buriti dos Montes";"ALCANÇOU";"ALCANÇOU";;"ALCANÇOU";"NÃO ALCANÇOU";"NÃO ALCANÇOU";"NÃO ALCANÇOU";"NÃO ALCANÇOU"
"PI";"220205";"Cabeceiras do Piauí";"NÃO ALCANÇOU";"ALCANÇOU";;"ALCANÇOU";"NÃO ALCANÇOU";"NÃO ALCANÇOU";"NÃO ALCANÇOU";"ALCANÇOU"
"PI";"220207";"Cajazeiras do Piauí";"ALCANÇOU";"ALCANÇOU";;"NÃO ALCANÇOU";"NÃO ALCANÇOU";"NÃO ALCANÇOU";"ALCANÇOU";"NÃO ALCANÇOU"
"PI";"220208";"Cajueiro da Praia";"NÃO ALCANÇOU";"ALCANÇOU";;"NÃO ALCANÇOU";"NÃO ALCANÇOU";"NÃO ALCANÇOU";"ALCANÇOU";"ALCANÇOU"
"PI";"220209";"Caldeirão Grande do Piauí";"ALCANÇOU";"ALCANÇOU";;"NÃO ALCANÇOU";"NÃO ALCANÇOU";"NÃO ALCANÇOU";"ALCANÇOU";"NÃO ALCANÇOU"
"PI";"220210";"Campinas do Piauí";"ALCANÇOU";"ALCANÇOU";;"NÃO ALCANÇOU";"NÃO ALCANÇOU";"NÃO ALCANÇOU";"ALCANÇOU";"NÃO ALCANÇOU"
"PI";"220211";"Campo Alegre do Fidalgo";"ALCANÇOU";"ALCANÇOU";;"NÃO ALCANÇOU";"NÃO ALCANÇOU";"NÃO ALCANÇOU";"ALCANÇOU";"ALCANÇOU"
"PI";"220213";"Campo Grande do Piauí";"ALCANÇOU";"ALCANÇOU";;"NÃO ALCANÇOU";"NÃO ALCANÇOU";"NÃO ALCANÇOU";"ALCANÇOU";"ALCANÇOU"
"PI";"220217";"Campo Largo do Piauí";"NÃO ALCANÇOU";"ALCANÇOU";;"ALCANÇOU";"NÃO ALCANÇOU";"NÃO ALCANÇOU";"ALCANÇOU";"NÃO ALCANÇOU"
"PI";"220220";"Campo Maior";"ALCANÇOU";"ALCANÇOU";;"ALCANÇOU";"ALCANÇOU";"NÃO ALCANÇOU";"ALCANÇOU";"ALCANÇOU"
"PI";"220225";"Canavieira";"NÃO ALCANÇOU";"NÃO ALCANÇOU";;"ALCANÇOU";"NÃO ALCANÇOU";"NÃO ALCANÇOU";"ALCANÇOU";"ALCANÇOU"
"PI";"220230";"Canto do Buriti";"ALCANÇOU";"NÃO ALCANÇOU";;"NÃO ALCANÇOU";"NÃO ALCANÇOU";"NÃO ALCANÇOU";"ALCANÇOU";"ALCANÇOU"
"PI";"220245";"Capitão Gervásio Oliveira";"NÃO ALCANÇOU";"ALCANÇOU";;"NÃO ALCANÇOU";"NÃO ALCANÇOU";"NÃO ALCANÇOU";"ALCANÇOU";"ALCANÇOU"
"PI";"220240";"Capitão de Campos";"ALCANÇOU";"ALCANÇOU";;"NÃO ALCANÇOU";"NÃO ALCANÇOU";"NÃO ALCANÇOU";"ALCANÇOU";"ALCANÇOU"
"PI";"220250";"Caracol";"ALCANÇOU";"ALCANÇOU";;"ALCANÇOU";"NÃO ALCANÇOU";"NÃO ALCANÇOU";"ALCANÇOU";"NÃO ALCANÇOU"
"PI";"220253";"Caraúbas do Piauí";"ALCANÇOU";"ALCANÇOU";;"ALCANÇOU";"NÃO ALCANÇOU";"NÃO ALCANÇOU";"ALCANÇOU";"ALCANÇOU"
"PI";"220255";"Caridade do Piauí";"ALCANÇOU";"ALCANÇOU";;"NÃO ALCANÇOU";"NÃO ALCANÇOU";"NÃO ALCANÇOU";"ALCANÇOU";"ALCANÇOU"
"PI";"220260";"Castelo do Piauí";"ALCANÇOU";"ALCANÇOU";;"ALCANÇOU";"ALCANÇOU";"NÃO ALCANÇOU";"ALCANÇOU";"ALCANÇOU"
"PI";"220265";"Caxingó";"ALCANÇOU";"ALCANÇOU";;"ALCANÇOU";"NÃO ALCANÇOU";"NÃO ALCANÇOU";"ALCANÇOU";"ALCANÇOU"
"PI";"220270";"Cocal";"ALCANÇOU";"ALCANÇOU";;"NÃO ALCANÇOU";"NÃO ALCANÇOU";"NÃO ALCANÇOU";"NÃO ALCANÇOU";"NÃO ALCANÇOU"
"PI";"220271";"Cocal de Telha";"NÃO ALCANÇOU";"ALCANÇOU";;"NÃO ALCANÇOU";"NÃO ALCANÇOU";"NÃO ALCANÇOU";"NÃO ALCANÇOU";"NÃO ALCANÇOU"
"PI";"220272";"Cocal dos Alves";"NÃO ALCANÇOU";"ALCANÇOU";;"ALCANÇOU";"NÃO ALCANÇOU";"NÃO ALCANÇOU";"ALCANÇOU";"ALCANÇOU"
"PI";"220273";"Coivaras";"ALCANÇOU";"ALCANÇOU";;"ALCANÇOU";"NÃO ALCANÇOU";"NÃO ALCANÇOU";"ALCANÇOU";"ALCANÇOU"
"PI";"220275";"Colônia do Gurguéia";"ALCANÇOU";"ALCANÇOU";;"ALCANÇOU";"NÃO ALCANÇOU";"NÃO ALCANÇOU";"ALCANÇOU";"NÃO ALCANÇOU"
"PI";"220277";"Colônia do Piauí";"NÃO ALCANÇOU";"ALCANÇOU";;"NÃO ALCANÇOU";"NÃO ALCANÇOU";"NÃO ALCANÇOU";"NÃO ALCANÇOU";"NÃO ALCANÇOU"
"PI";"220280";"Conceição do Canindé";"ALCANÇOU";"NÃO ALCANÇOU";;"NÃO ALCANÇOU";"NÃO ALCANÇOU";"NÃO ALCANÇOU";"ALCANÇOU";"NÃO ALCANÇOU"
"PI";"220285";"Coronel José Dias";"NÃO ALCANÇOU";"ALCANÇOU";;"NÃO ALCANÇOU";"NÃO ALCANÇOU";"NÃO ALCANÇOU";"ALCANÇOU";"NÃO ALCANÇOU"
"PI";"220290";"Corrente";"NÃO ALCANÇOU";"ALCANÇOU";;"NÃO ALCANÇOU";"ALCANÇOU";"NÃO ALCANÇOU";"ALCANÇOU";"ALCANÇOU"
"PI";"220300";"Cristalândia do Piauí";"NÃO ALCANÇOU";"ALCANÇOU";;"ALCANÇOU";"NÃO ALCANÇOU";"NÃO ALCANÇOU";"ALCANÇOU";"NÃO ALCANÇOU"
"PI";"220310";"Cristino Castro";"ALCANÇOU";"ALCANÇOU";;"NÃO ALCANÇOU";"NÃO ALCANÇOU";"NÃO ALCANÇOU";"NÃO ALCANÇOU";"ALCANÇOU"
"PI";"220320";"Curimatá";"ALCANÇOU";"ALCANÇOU";;"ALCANÇOU";"ALCANÇOU";"NÃO ALCANÇOU";"ALCANÇOU";"ALCANÇOU"
"PI";"220323";"Currais";"ALCANÇOU";"ALCANÇOU";;"NÃO ALCANÇOU";"NÃO ALCANÇOU";"NÃO ALCANÇOU";"ALCANÇOU";"NÃO ALCANÇOU"
"PI";"220327";"Curral Novo do Piauí";"NÃO ALCANÇOU";"ALCANÇOU";;"NÃO ALCANÇOU";"NÃO ALCANÇOU";"NÃO ALCANÇOU";"ALCANÇOU";"NÃO ALCANÇOU"
"PI";"220325";"Curralinhos";"ALCANÇOU";"ALCANÇOU";;"NÃO ALCANÇOU";"NÃO ALCANÇOU";"NÃO ALCANÇOU";"ALCANÇOU";"ALCANÇOU"
"PI";"220330";"Demerval Lobão";"ALCANÇOU";"ALCANÇOU";;"ALCANÇOU";"NÃO ALCANÇOU";"NÃO ALCANÇOU";"NÃO ALCANÇOU";"NÃO ALCANÇOU"
"PI";"220335";"Dirceu Arcoverde";"ALCANÇOU";"ALCANÇOU";;"NÃO ALCANÇOU";"NÃO ALCANÇOU";"NÃO ALCANÇOU";"NÃO ALCANÇOU";"NÃO ALCANÇOU"
"PI";"220340";"Dom Expedito Lopes";"ALCANÇOU";"ALCANÇOU";;"ALCANÇOU";"NÃO ALCANÇOU";"NÃO ALCANÇOU";"ALCANÇOU";"ALCANÇOU"
"PI";"220345";"Dom Inocêncio";"NÃO ALCANÇOU";"ALCANÇOU";;"NÃO ALCANÇOU";"NÃO ALCANÇOU";"ALCANÇOU";"NÃO ALCANÇOU";"ALCANÇOU"
"PI";"220342";"Domingos Mourão";"ALCANÇOU";"ALCANÇOU";;"NÃO ALCANÇOU";"NÃO ALCANÇOU";"NÃO ALCANÇOU";"ALCANÇOU";"ALCANÇOU"
"PI";"220350";"Elesbão Veloso";"ALCANÇOU";"ALCANÇOU";;"ALCANÇOU";"NÃO ALCANÇOU";"NÃO ALCANÇOU";"ALCANÇOU";"ALCANÇOU"
"PI";"220360";"Eliseu Martins";"ALCANÇOU";"ALCANÇOU";;"ALCANÇOU";"NÃO ALCANÇOU";"NÃO ALCANÇOU";"ALCANÇOU";"NÃO ALCANÇOU"
"PI";"220370";"Esperantina";"NÃO ALCANÇOU";"ALCANÇOU";;"ALCANÇOU";"ALCANÇOU";"ALCANÇOU";"ALCANÇOU";"ALCANÇOU"
"PI";"220375";"Fartura do Piauí";"NÃO ALCANÇOU";"ALCANÇOU";;"ALCANÇOU";"NÃO ALCANÇOU";"NÃO ALCANÇOU";"ALCANÇOU";"NÃO ALCANÇOU"
"PI";"220380";"Flores do Piauí";"ALCANÇOU";"ALCANÇOU";;"ALCANÇOU";"NÃO ALCANÇOU";"NÃO ALCANÇOU";"ALCANÇOU";"NÃO ALCANÇOU"
"PI";"220385";"Floresta do Piauí";"ALCANÇOU";"ALCANÇOU";;"NÃO ALCANÇOU";"NÃO ALCANÇOU";"NÃO ALCANÇOU";"ALCANÇOU";"NÃO ALCANÇOU"
"PI";"220390";"Floriano";"ALCANÇOU";"ALCANÇOU";;"NÃO ALCANÇOU";"ALCANÇOU";"NÃO ALCANÇOU";"ALCANÇOU";"ALCANÇOU"
"PI";"220400";"Francinópolis";"ALCANÇOU";"ALCANÇOU";;"ALCANÇOU";"ALCANÇOU";"NÃO ALCANÇOU";"ALCANÇOU";"NÃO ALCANÇOU"
"PI";"220410";"Francisco Ayres";"ALCANÇOU";"ALCANÇOU";;"ALCANÇOU";"NÃO ALCANÇOU";"NÃO ALCANÇOU";"ALCANÇOU";"NÃO ALCANÇOU"
"PI";"220415";"Francisco Macedo";"NÃO ALCANÇOU";"ALCANÇOU";;"ALCANÇOU";"NÃO ALCANÇOU";"NÃO ALCANÇOU";"ALCANÇOU";"NÃO ALCANÇOU"
"PI";"220420";"Francisco Santos";"NÃO ALCANÇOU";"ALCANÇOU";;"NÃO ALCANÇOU";"NÃO ALCANÇOU";"NÃO ALCANÇOU";"ALCANÇOU";"ALCANÇOU"
"PI";"220430";"Fronteiras";"NÃO ALCANÇOU";"ALCANÇOU";;"NÃO ALCANÇOU";"NÃO ALCANÇOU";"NÃO ALCANÇOU";"ALCANÇOU";"ALCANÇOU"
"PI";"220435";"Geminiano";"ALCANÇOU";"ALCANÇOU";;"NÃO ALCANÇOU";"NÃO ALCANÇOU";"NÃO ALCANÇOU";"ALCANÇOU";"NÃO ALCANÇOU"
"PI";"220440";"Gilbués";"ALCANÇOU";"ALCANÇOU";;"NÃO ALCANÇOU";"NÃO ALCANÇOU";"NÃO ALCANÇOU";"ALCANÇOU";"ALCANÇOU"
"PI";"220450";"Guadalupe";"ALCANÇOU";"ALCANÇOU";;"ALCANÇOU";"NÃO ALCANÇOU";"NÃO ALCANÇOU";"ALCANÇOU";"NÃO ALCANÇOU"
"PI";"220455";"Guaribas";"NÃO ALCANÇOU";"ALCANÇOU";;"NÃO ALCANÇOU";"NÃO ALCANÇOU";"NÃO ALCANÇOU";"ALCANÇOU";"NÃO ALCANÇOU"
"PI";"220460";"Hugo Napoleão";"ALCANÇOU";"ALCANÇOU";;"ALCANÇOU";"NÃO ALCANÇOU";"NÃO ALCANÇOU";"ALCANÇOU";"ALCANÇOU"
"PI";"220465";"Ilha Grande";"ALCANÇOU";"ALCANÇOU";;"NÃO ALCANÇOU";"NÃO ALCANÇOU";"NÃO ALCANÇOU";"ALCANÇOU";"NÃO ALCANÇOU"
"PI";"220470";"Inhuma";"ALCANÇOU";"ALCANÇOU";;"ALCANÇOU";"ALCANÇOU";"NÃO ALCANÇOU";"ALCANÇOU";"ALCANÇOU"
"PI";"220480";"Ipiranga do Piauí";"ALCANÇOU";"ALCANÇOU";;"NÃO ALCANÇOU";"NÃO ALCANÇOU";"NÃO ALCANÇOU";"NÃO ALCANÇOU";"ALCANÇOU"
"PI";"220490";"Isaías Coelho";"ALCANÇOU";"ALCANÇOU";;"NÃO ALCANÇOU";"ALCANÇOU";"NÃO ALCANÇOU";"ALCANÇOU";"NÃO ALCANÇOU"
"PI";"220500";"Itainópolis";"ALCANÇOU";"NÃO ALCANÇOU";;"ALCANÇOU";"ALCANÇOU";"ALCANÇOU";"ALCANÇOU";"ALCANÇOU"
"PI";"220510";"Itaueira";"ALCANÇOU";"ALCANÇOU";;"NÃO ALCANÇOU";"NÃO ALCANÇOU";"NÃO ALCANÇOU";"NÃO ALCANÇOU";"ALCANÇOU"
"PI";"220515";"Jacobina do Piauí";"NÃO ALCANÇOU";"ALCANÇOU";;"ALCANÇOU";"NÃO ALCANÇOU";"NÃO ALCANÇOU";"ALCANÇOU";"NÃO ALCANÇOU"
"PI";"220520";"Jaicós";"ALCANÇOU";"ALCANÇOU";;"NÃO ALCANÇOU";"NÃO ALCANÇOU";"NÃO ALCANÇOU";"ALCANÇOU";"ALCANÇOU"
"PI";"220525";"Jardim do Mulato";"ALCANÇOU";"ALCANÇOU";;"NÃO ALCANÇOU";"NÃO ALCANÇOU";"NÃO ALCANÇOU";"ALCANÇOU";"NÃO ALCANÇOU"
"PI";"220527";"Jatobá do Piauí";"ALCANÇOU";"ALCANÇOU";;"NÃO ALCANÇOU";"NÃO ALCANÇOU";"NÃO ALCANÇOU";"ALCANÇOU";"NÃO ALCANÇOU"
"PI";"220530";"Jerumenha";"ALCANÇOU";"ALCANÇOU";;"NÃO ALCANÇOU";"NÃO ALCANÇOU";"NÃO ALCANÇOU";"ALCANÇOU";"NÃO ALCANÇOU"
"PI";"220540";"Joaquim Pires";"ALCANÇOU";"NÃO ALCANÇOU";;"NÃO ALCANÇOU";"NÃO ALCANÇOU";"NÃO ALCANÇOU";"ALCANÇOU";"ALCANÇOU"
"PI";"220545";"Joca Marques";"NÃO ALCANÇOU";"ALCANÇOU";;"NÃO ALCANÇOU";"NÃO ALCANÇOU";"NÃO ALCANÇOU";"ALCANÇOU";"NÃO ALCANÇOU"
"PI";"220550";"José de Freitas";"ALCANÇOU";"ALCANÇOU";;"NÃO ALCANÇOU";"NÃO ALCANÇOU";"NÃO ALCANÇOU";"NÃO ALCANÇOU";"ALCANÇOU"
"PI";"220535";"João Costa";"ALCANÇOU";"NÃO ALCANÇOU";;"ALCANÇOU";"NÃO ALCANÇOU";"NÃO ALCANÇOU";"ALCANÇOU";"NÃO ALCANÇOU"
"PI";"220551";"Juazeiro do Piauí";"ALCANÇOU";"ALCANÇOU";;"ALCANÇOU";"NÃO ALCANÇOU";"NÃO ALCANÇOU";"ALCANÇOU";"NÃO ALCANÇOU"
"PI";"220553";"Jurema";"ALCANÇOU";"ALCANÇOU";;"NÃO ALCANÇOU";"NÃO ALCANÇOU";"NÃO ALCANÇOU";"ALCANÇOU";"ALCANÇOU"
"PI";"220552";"Júlio Borges";"ALCANÇOU";"ALCANÇOU";;"NÃO ALCANÇOU";"NÃO ALCANÇOU";"NÃO ALCANÇOU";"ALCANÇOU";"NÃO ALCANÇOU"
"PI";"220555";"Lagoa Alegre";"ALCANÇOU";"ALCANÇOU";;"ALCANÇOU";"NÃO ALCANÇOU";"NÃO ALCANÇOU";"ALCANÇOU";"ALCANÇOU"
"PI";"220557";"Lagoa de São Francisco";"ALCANÇOU";"ALCANÇOU";;"ALCANÇOU";"NÃO ALCANÇOU";"NÃO ALCANÇOU";"ALCANÇOU";"ALCANÇOU"
"PI";"220556";"Lagoa do Barro do Piauí";"NÃO ALCANÇOU";"ALCANÇOU";;"ALCANÇOU";"NÃO ALCANÇOU";"NÃO ALCANÇOU";"ALCANÇOU";"NÃO ALCANÇOU"
"PI";"220558";"Lagoa do Piauí";"ALCANÇOU";"ALCANÇOU";;"NÃO ALCANÇOU";"NÃO ALCANÇOU";"NÃO ALCANÇOU";"ALCANÇOU";"ALCANÇOU"
"PI";"220559";"Lagoa do Sítio";"ALCANÇOU";"ALCANÇOU";;"ALCANÇOU";"NÃO ALCANÇOU";"NÃO ALCANÇOU";"ALCANÇOU";"NÃO ALCANÇOU"
"PI";"220554";"Lagoinha do Piauí";"NÃO ALCANÇOU";"ALCANÇOU";;"ALCANÇOU";"NÃO ALCANÇOU";"NÃO ALCANÇOU";"NÃO ALCANÇOU";"ALCANÇOU"
"PI";"220560";"Landri Sales";"ALCANÇOU";"ALCANÇOU";;"ALCANÇOU";"NÃO ALCANÇOU";"NÃO ALCANÇOU";"ALCANÇOU";"NÃO ALCANÇOU"
"PI";"220580";"Luzilândia";"ALCANÇOU";"ALCANÇOU";;"NÃO ALCANÇOU";"NÃO ALCANÇOU";"NÃO ALCANÇOU";"ALCANÇOU";"NÃO ALCANÇOU"
"PI";"220570";"Luís Correia";"ALCANÇOU";"ALCANÇOU";;"NÃO ALCANÇOU";"NÃO ALCANÇOU";"NÃO ALCANÇOU";"ALCANÇOU";"ALCANÇOU"
"PI";"220585";"Madeiro";"ALCANÇOU";"ALCANÇOU";;"NÃO ALCANÇOU";"NÃO ALCANÇOU";"ALCANÇOU";"NÃO ALCANÇOU";"NÃO ALCANÇOU"
"PI";"220590";"Manoel Emídio";"ALCANÇOU";"ALCANÇOU";;"NÃO ALCANÇOU";"NÃO ALCANÇOU";"NÃO ALCANÇOU";"ALCANÇOU";"NÃO ALCANÇOU"
"PI";"220595";"Marcolândia";"ALCANÇOU";"ALCANÇOU";;"ALCANÇOU";"NÃO ALCANÇOU";"NÃO ALCANÇOU";"ALCANÇOU";"ALCANÇOU"
"PI";"220600";"Marcos Parente";"ALCANÇOU";"ALCANÇOU";;"NÃO ALCANÇOU";"NÃO ALCANÇOU";"NÃO ALCANÇOU";"NÃO ALCANÇOU";"ALCANÇOU"
"PI";"220605";"Massapê do Piauí";"ALCANÇOU";"NÃO ALCANÇOU";;"NÃO ALCANÇOU";"NÃO ALCANÇOU";"NÃO ALCANÇOU";"NÃO ALCANÇOU";"ALCANÇOU"
"PI";"220610";"Matias Olímpio";"ALCANÇOU";"ALCANÇOU";;"NÃO ALCANÇOU";"NÃO ALCANÇOU";"ALCANÇOU";"ALCANÇOU";"ALCANÇOU"
"PI";"220620";"Miguel Alves";"ALCANÇOU";"ALCANÇOU";;"ALCANÇOU";"NÃO ALCANÇOU";"ALCANÇOU";"ALCANÇOU";"ALCANÇOU"
"PI";"220630";"Miguel Leão";"ALCANÇOU";"ALCANÇOU";;"NÃO ALCANÇOU";"NÃO ALCANÇOU";"NÃO ALCANÇOU";"ALCANÇOU";"NÃO ALCANÇOU"
"PI";"220635";"Milton Brandão";"NÃO ALCANÇOU";"NÃO ALCANÇOU";;"NÃO ALCANÇOU";"NÃO ALCANÇOU";"NÃO ALCANÇOU";"ALCANÇOU";"ALCANÇOU"
"PI";"220640";"Monsenhor Gil";"ALCANÇOU";"ALCANÇOU";;"NÃO ALCANÇOU";"NÃO ALCANÇOU";"NÃO ALCANÇOU";"ALCANÇOU";"ALCANÇOU"
"PI";"220650";"Monsenhor Hipólito";"ALCANÇOU";"ALCANÇOU";;"ALCANÇOU";"NÃO ALCANÇOU";"NÃO ALCANÇOU";"NÃO ALCANÇOU";"NÃO ALCANÇOU"
"PI";"220660";"Monte Alegre do Piauí";"ALCANÇOU";"ALCANÇOU";;"NÃO ALCANÇOU";"NÃO ALCANÇOU";"NÃO ALCANÇOU";"NÃO ALCANÇOU";"ALCANÇOU"
"PI";"220665";"Morro Cabeça no Tempo";"NÃO ALCANÇOU";"ALCANÇOU";;"NÃO ALCANÇOU";"NÃO ALCANÇOU";"NÃO ALCANÇOU";"ALCANÇOU";"ALCANÇOU"
"PI";"220667";"Morro do Chapéu do Piauí";"NÃO ALCANÇOU";"ALCANÇOU";;"ALCANÇOU";"NÃO ALCANÇOU";"NÃO ALCANÇOU";"ALCANÇOU";"ALCANÇOU"
"PI";"220669";"Murici dos Portelas";"NÃO ALCANÇOU";"NÃO ALCANÇOU";;"NÃO ALCANÇOU";"NÃO ALCANÇOU";"NÃO ALCANÇOU";"ALCANÇOU";"ALCANÇOU"
"PI";"220670";"Nazaré do Piauí";"ALCANÇOU";"ALCANÇOU";;"NÃO ALCANÇOU";"NÃO ALCANÇOU";"ALCANÇOU";"ALCANÇOU";"NÃO ALCANÇOU"
"PI";"220672";"Nazária";"ALCANÇOU";"ALCANÇOU";;"NÃO ALCANÇOU";"NÃO ALCANÇOU";"NÃO ALCANÇOU";"ALCANÇOU";"ALCANÇOU"
"PI";"220675";"Nossa Senhora de Nazaré";"NÃO ALCANÇOU";"ALCANÇOU";;"ALCANÇOU";"ALCANÇOU";"NÃO ALCANÇOU";"ALCANÇOU";"NÃO ALCANÇOU"
"PI";"220680";"Nossa Senhora dos Remédios";"NÃO ALCANÇOU";"ALCANÇOU";;"ALCANÇOU";"NÃO ALCANÇOU";"NÃO ALCANÇOU";"ALCANÇOU";"NÃO ALCANÇOU"
"PI";"220795";"Nova Santa Rita";"NÃO ALCANÇOU";"ALCANÇOU";;"ALCANÇOU";"NÃO ALCANÇOU";"NÃO ALCANÇOU";"ALCANÇOU";"NÃO ALCANÇOU"
"PI";"220690";"Novo Oriente do Piauí";"ALCANÇOU";"ALCANÇOU";;"ALCANÇOU";"NÃO ALCANÇOU";"NÃO ALCANÇOU";"ALCANÇOU";"ALCANÇOU"
"PI";"220695";"Novo Santo Antônio";"NÃO ALCANÇOU";"NÃO ALCANÇOU";;"NÃO ALCANÇOU";"NÃO ALCANÇOU";"NÃO ALCANÇOU";"ALCANÇOU";"NÃO ALCANÇOU"
"PI";"220700";"Oeiras";"ALCANÇOU";"ALCANÇOU";;"NÃO ALCANÇOU";"NÃO ALCANÇOU";"NÃO ALCANÇOU";"NÃO ALCANÇOU";"NÃO ALCANÇOU"
"PI";"220710";"Olho D'Água do Piauí";"ALCANÇOU";"ALCANÇOU";;"ALCANÇOU";"NÃO ALCANÇOU";"NÃO ALCANÇOU";"ALCANÇOU";
"PI";"220710";"Olho DÁgua do Piauí";;;;;;;;"ALCANÇOU"
"PI";"220720";"Padre Marcos";"NÃO ALCANÇOU";"ALCANÇOU";;"ALCANÇOU";"NÃO ALCANÇOU";"NÃO ALCANÇOU";"NÃO ALCANÇOU";"NÃO ALCANÇOU"
"PI";"220730";"Paes Landim";"NÃO ALCANÇOU";"ALCANÇOU";;"ALCANÇOU";"NÃO ALCANÇOU";"NÃO ALCANÇOU";"ALCANÇOU";"ALCANÇOU"
"PI";"220735";"Pajeú do Piauí";"ALCANÇOU";"ALCANÇOU";;"NÃO ALCANÇOU";"NÃO ALCANÇOU";"NÃO ALCANÇOU";"NÃO ALCANÇOU";"ALCANÇOU"
"PI";"220740";"Palmeira do Piauí";"NÃO ALCANÇOU";"ALCANÇOU";;"NÃO ALCANÇOU";"NÃO ALCANÇOU";"NÃO ALCANÇOU";"ALCANÇOU";"NÃO ALCANÇOU"
"PI";"220750";"Palmeirais";"ALCANÇOU";"ALCANÇOU";;"ALCANÇOU";"NÃO ALCANÇOU";"NÃO ALCANÇOU";"ALCANÇOU";"ALCANÇOU"
"PI";"220755";"Paquetá";"ALCANÇOU";"NÃO ALCANÇOU";;"NÃO ALCANÇOU";"NÃO ALCANÇOU";"NÃO ALCANÇOU";"ALCANÇOU";"NÃO ALCANÇOU"
"PI";"220760";"Parnaguá";"NÃO ALCANÇOU";"ALCANÇOU";;"NÃO ALCANÇOU";"NÃO ALCANÇOU";"NÃO ALCANÇOU";"ALCANÇOU";"ALCANÇOU"
"PI";"220770";"Parnaíba";"ALCANÇOU";"ALCANÇOU";;"NÃO ALCANÇOU";"NÃO ALCANÇOU";"NÃO ALCANÇOU";"ALCANÇOU";"NÃO ALCANÇOU"
"PI";"220775";"Passagem Franca do Piauí";"ALCANÇOU";"ALCANÇOU";;"NÃO ALCANÇOU";"NÃO ALCANÇOU";"NÃO ALCANÇOU";"ALCANÇOU";"NÃO ALCANÇOU"
"PI";"220777";"Patos do Piauí";"ALCANÇOU";"ALCANÇOU";;"ALCANÇOU";"ALCANÇOU";"NÃO ALCANÇOU";"ALCANÇOU";"NÃO ALCANÇOU"
"PI";"220779";"Pau D'Arco do Piauí";"ALCANÇOU";"NÃO ALCANÇOU";;"NÃO ALCANÇOU";"NÃO ALCANÇOU";"NÃO ALCANÇOU";"ALCANÇOU";
"PI";"220779";"Pau DArco do Piauí";;;;;;;;"NÃO ALCANÇOU"
"PI";"220780";"Paulistana";"ALCANÇOU";"ALCANÇOU";;"NÃO ALCANÇOU";"ALCANÇOU";"NÃO ALCANÇOU";"ALCANÇOU";"ALCANÇOU"
"PI";"220785";"Pavussu";"ALCANÇOU";"ALCANÇOU";;"NÃO ALCANÇOU";"NÃO ALCANÇOU";"NÃO ALCANÇOU";"ALCANÇOU";"ALCANÇOU"
"PI";"220790";"Pedro II";"ALCANÇOU";"ALCANÇOU";;"ALCANÇOU";"ALCANÇOU";"NÃO ALCANÇOU";"ALCANÇOU";"ALCANÇOU"
"PI";"220793";"Pedro Laurentino";"ALCANÇOU";"ALCANÇOU";;"ALCANÇOU";"NÃO ALCANÇOU";"NÃO ALCANÇOU";"ALCANÇOU";"NÃO ALCANÇOU"
"PI";"220800";"Picos";"ALCANÇOU";"ALCANÇOU";;"NÃO ALCANÇOU";"NÃO ALCANÇOU";"ALCANÇOU";"NÃO ALCANÇOU";"ALCANÇOU"
"PI";"220810";"Pimenteiras";"NÃO ALCANÇOU";"ALCANÇOU";;"NÃO ALCANÇOU";"NÃO ALCANÇOU";"NÃO ALCANÇOU";"ALCANÇOU";"ALCANÇOU"
"PI";"220820";"Pio IX";"ALCANÇOU";"ALCANÇOU";;"NÃO ALCANÇOU";"NÃO ALCANÇOU";"NÃO ALCANÇOU";"NÃO ALCANÇOU";"NÃO ALCANÇOU"
"PI";"220830";"Piracuruca";"ALCANÇOU";"ALCANÇOU";;"ALCANÇOU";"NÃO ALCANÇOU";"NÃO ALCANÇOU";"NÃO ALCANÇOU";"ALCANÇOU"
"PI";"220840";"Piripiri";"ALCANÇOU";"ALCANÇOU";;"NÃO ALCANÇOU";"ALCANÇOU";"NÃO ALCANÇOU";"ALCANÇOU";"ALCANÇOU"
"PI";"220850";"Porto";"ALCANÇOU";"ALCANÇOU";;"NÃO ALCANÇOU";"NÃO ALCANÇOU";"NÃO ALCANÇOU";"NÃO ALCANÇOU";"ALCANÇOU"
"PI";"220855";"Porto Alegre do Piauí";"ALCANÇOU";"ALCANÇOU";;"ALCANÇOU";"ALCANÇOU";"NÃO ALCANÇOU";"ALCANÇOU";"NÃO ALCANÇOU"
"PI";"220860";"Prata do Piauí";"NÃO ALCANÇOU";"ALCANÇOU";;"NÃO ALCANÇOU";"NÃO ALCANÇOU";"NÃO ALCANÇOU";"ALCANÇOU";"NÃO ALCANÇOU"
"PI";"220865";"Queimada Nova";"ALCANÇOU";"ALCANÇOU";;"ALCANÇOU";"NÃO ALCANÇOU";"NÃO ALCANÇOU";"ALCANÇOU";"NÃO ALCANÇOU"
"PI";"220870";"Redenção do Gurguéia";"ALCANÇOU";"ALCANÇOU";;"NÃO ALCANÇOU";"NÃO ALCANÇOU";"NÃO ALCANÇOU";"ALCANÇOU";"ALCANÇOU"
"PI";"220880";"Regeneração";"ALCANÇOU";"ALCANÇOU";;"NÃO ALCANÇOU";"NÃO ALCANÇOU";"NÃO ALCANÇOU";"ALCANÇOU";"NÃO ALCANÇOU"
"PI";"220885";"Riacho Frio";"NÃO ALCANÇOU";"ALCANÇOU";;"ALCANÇOU";"NÃO ALCANÇOU";"NÃO ALCANÇOU";"ALCANÇOU";"NÃO ALCANÇOU"
"PI";"220887";"Ribeira do Piauí";"NÃO ALCANÇOU";"ALCANÇOU";;"ALCANÇOU";"NÃO ALCANÇOU";"NÃO ALCANÇOU";"ALCANÇOU";"ALCANÇOU"
"PI";"220890";"Ribeiro Gonçalves";"NÃO ALCANÇOU";"ALCANÇOU";;"NÃO ALCANÇOU";"NÃO ALCANÇOU";"NÃO ALCANÇOU";"NÃO ALCANÇOU";"NÃO ALCANÇOU"
"PI";"220900";"Rio Grande do Piauí";"ALCANÇOU";"ALCANÇOU";;"NÃO ALCANÇOU";"NÃO ALCANÇOU";"NÃO ALCANÇOU";"ALCANÇOU";"ALCANÇOU"
"PI";"220910";"Santa Cruz do Piauí";"NÃO ALCANÇOU";"NÃO ALCANÇOU";;"NÃO ALCANÇOU";"NÃO ALCANÇOU";"NÃO ALCANÇOU";"ALCANÇOU";"ALCANÇOU"
"PI";"220915";"Santa Cruz dos Milagres";"ALCANÇOU";"ALCANÇOU";;"ALCANÇOU";"NÃO ALCANÇOU";"NÃO ALCANÇOU";"ALCANÇOU";"NÃO ALCANÇOU"
"PI";"220920";"Santa Filomena";"ALCANÇOU";"ALCANÇOU";;"NÃO ALCANÇOU";"NÃO ALCANÇOU";"NÃO ALCANÇOU";"ALCANÇOU";"ALCANÇOU"
"PI";"220930";"Santa Luz";"NÃO ALCANÇOU";"ALCANÇOU";;"NÃO ALCANÇOU";"NÃO ALCANÇOU";"NÃO ALCANÇOU";"ALCANÇOU";"NÃO ALCANÇOU"
"PI";"220937";"Santa Rosa do Piauí";"NÃO ALCANÇOU";"NÃO ALCANÇOU";;"ALCANÇOU";"NÃO ALCANÇOU";"NÃO ALCANÇOU";"ALCANÇOU";"NÃO ALCANÇOU"
"PI";"220935";"Santana do Piauí";"ALCANÇOU";"ALCANÇOU";;"NÃO ALCANÇOU";"NÃO ALCANÇOU";"NÃO ALCANÇOU";"NÃO ALCANÇOU";"ALCANÇOU"
"PI";"220940";"Santo Antônio de Lisboa";"ALCANÇOU";"ALCANÇOU";;"ALCANÇOU";"NÃO ALCANÇOU";"NÃO ALCANÇOU";"NÃO ALCANÇOU";"ALCANÇOU"
"PI";"220945";"Santo Antônio dos Milagres";"NÃO ALCANÇOU";"ALCANÇOU";;"ALCANÇOU";"NÃO ALCANÇOU";"NÃO ALCANÇOU";"ALCANÇOU";"NÃO ALCANÇOU"
"PI";"220950";"Santo Inácio do Piauí";"NÃO ALCANÇOU";"ALCANÇOU";;"ALCANÇOU";"NÃO ALCANÇOU";"NÃO ALCANÇOU";"ALCANÇOU";"ALCANÇOU"
"PI";"221062";"Sebastião Barros";"ALCANÇOU";"ALCANÇOU";;"ALCANÇOU";"NÃO ALCANÇOU";"NÃO ALCANÇOU";"ALCANÇOU";"NÃO ALCANÇOU"
"PI";"221063";"Sebastião Leal";"NÃO ALCANÇOU";"ALCANÇOU";;"NÃO ALCANÇOU";"NÃO ALCANÇOU";"NÃO ALCANÇOU";"ALCANÇOU";"NÃO ALCANÇOU"
"PI";"221065";"Sigefredo Pacheco";"ALCANÇOU";"NÃO ALCANÇOU";;"ALCANÇOU";"NÃO ALCANÇOU";"NÃO ALCANÇOU";"ALCANÇOU";"NÃO ALCANÇOU"
"PI";"221080";"Simplício Mendes";"NÃO ALCANÇOU";"ALCANÇOU";;"ALCANÇOU";"NÃO ALCANÇOU";"NÃO ALCANÇOU";"ALCANÇOU";"NÃO ALCANÇOU"
"PI";"221070";"Simões";"ALCANÇOU";"ALCANÇOU";;"ALCANÇOU";"NÃO ALCANÇOU";"NÃO ALCANÇOU";"ALCANÇOU";"ALCANÇOU"
"PI";"221090";"Socorro do Piauí";"ALCANÇOU";"ALCANÇOU";;"ALCANÇOU";"NÃO ALCANÇOU";"NÃO ALCANÇOU";"ALCANÇOU";"NÃO ALCANÇOU"
"PI";"221093";"Sussuapara";"ALCANÇOU";"ALCANÇOU";;"NÃO ALCANÇOU";"NÃO ALCANÇOU";"NÃO ALCANÇOU";"ALCANÇOU";"NÃO ALCANÇOU"
"PI";"220955";"São Braz do Piauí";"NÃO ALCANÇOU";"ALCANÇOU";;"NÃO ALCANÇOU";"NÃO ALCANÇOU";"NÃO ALCANÇOU";"ALCANÇOU";"NÃO ALCANÇOU"
"PI";"220965";"São Francisco de Assis do Piauí";"ALCANÇOU";"ALCANÇOU";;"ALCANÇOU";"NÃO ALCANÇOU";"NÃO ALCANÇOU";"ALCANÇOU";"NÃO ALCANÇOU"
"PI";"220970";"São Francisco do Piauí";"ALCANÇOU";"NÃO ALCANÇOU";;"NÃO ALCANÇOU";"NÃO ALCANÇOU";"NÃO ALCANÇOU";"ALCANÇOU";"NÃO ALCANÇOU"
"PI";"220960";"São Félix do Piauí";"ALCANÇOU";"NÃO ALCANÇOU";;"NÃO ALCANÇOU";"ALCANÇOU";"NÃO ALCANÇOU";"ALCANÇOU";"ALCANÇOU"
"PI";"220975";"São Gonçalo do Gurguéia";"ALCANÇOU";"NÃO ALCANÇOU";;"NÃO ALCANÇOU";"NÃO ALCANÇOU";"NÃO ALCANÇOU";"ALCANÇOU";"ALCANÇOU"
"PI";"220980";"São Gonçalo do Piauí";"ALCANÇOU";"ALCANÇOU";;"ALCANÇOU";"NÃO ALCANÇOU";"NÃO ALCANÇOU";"NÃO ALCANÇOU";"NÃO ALCANÇOU"
"PI";"221005";"São José do Divino";"ALCANÇOU";"ALCANÇOU";;"ALCANÇOU";"NÃO ALCANÇOU";"NÃO ALCANÇOU";"ALCANÇOU";"NÃO ALCANÇOU"
"PI";"221010";"São José do Peixe";"NÃO ALCANÇOU";"ALCANÇOU";;"NÃO ALCANÇOU";"NÃO ALCANÇOU";"NÃO ALCANÇOU";"ALCANÇOU";"NÃO ALCANÇOU"
"PI";"221020";"São José do Piauí";"NÃO ALCANÇOU";"ALCANÇOU";;"NÃO ALCANÇOU";"NÃO ALCANÇOU";"NÃO ALCANÇOU";"ALCANÇOU";"NÃO ALCANÇOU"
"PI";"220985";"São João da Canabrava";"ALCANÇOU";"NÃO ALCANÇOU";;"NÃO ALCANÇOU";"NÃO ALCANÇOU";"NÃO ALCANÇOU";"ALCANÇOU";"ALCANÇOU"
"PI";"220987";"São João da Fronteira";"ALCANÇOU";"ALCANÇOU";;"NÃO ALCANÇOU";"NÃO ALCANÇOU";"NÃO ALCANÇOU";"ALCANÇOU";"NÃO ALCANÇOU"
"PI";"220990";"São João da Serra";"NÃO ALCANÇOU";"ALCANÇOU";;"NÃO ALCANÇOU";"NÃO ALCANÇOU";"NÃO ALCANÇOU";"ALCANÇOU";"ALCANÇOU"
"PI";"220995";"São João da Varjota";"NÃO ALCANÇOU";"ALCANÇOU";;"ALCANÇOU";"NÃO ALCANÇOU";"NÃO ALCANÇOU";"ALCANÇOU";"NÃO ALCANÇOU"
"PI";"220997";"São João do Arraial";"ALCANÇOU";"ALCANÇOU";;"NÃO ALCANÇOU";"NÃO ALCANÇOU";"NÃO ALCANÇOU";"ALCANÇOU";"ALCANÇOU"
"PI";"221000";"São João do Piauí";"ALCANÇOU";"ALCANÇOU";;"NÃO ALCANÇOU";"ALCANÇOU";"NÃO ALCANÇOU";"NÃO ALCANÇOU";"ALCANÇOU"
"PI";"221030";"São Julião";"NÃO ALCANÇOU";"ALCANÇOU";;"NÃO ALCANÇOU";"NÃO ALCANÇOU";"NÃO ALCANÇOU";"ALCANÇOU";"NÃO ALCANÇOU"
"PI";"221035";"São Lourenço do Piauí";"ALCANÇOU";"ALCANÇOU";;"NÃO ALCANÇOU";"NÃO ALCANÇOU";"NÃO ALCANÇOU";"ALCANÇOU";"NÃO ALCANÇOU"
"PI";"221037";"São Luis do Piauí";"ALCANÇOU";"NÃO ALCANÇOU";;"NÃO ALCANÇOU";"NÃO ALCANÇOU";"NÃO ALCANÇOU";"ALCANÇOU";"NÃO ALCANÇOU"
"PI";"221038";"São Miguel da Baixa Grande";"NÃO ALCANÇOU";"ALCANÇOU";;"NÃO ALCANÇOU";"NÃO ALCANÇOU";"NÃO ALCANÇOU";"ALCANÇOU";"ALCANÇOU"
"PI";"221039";"São Miguel do Fidalgo";"ALCANÇOU";"ALCANÇOU";;"ALCANÇOU";"NÃO ALCANÇOU";"NÃO ALCANÇOU";"ALCANÇOU";"NÃO ALCANÇOU"
"PI";"221040";"São Miguel do Tapuio";"ALCANÇOU";"ALCANÇOU";;"NÃO ALCANÇOU";"NÃO ALCANÇOU";"NÃO ALCANÇOU";"ALCANÇOU";"ALCANÇOU"
"PI";"221050";"São Pedro do Piauí";"ALCANÇOU";"ALCANÇOU";;"NÃO ALCANÇOU";"ALCANÇOU";"NÃO ALCANÇOU";"ALCANÇOU";"ALCANÇOU"
"PI";"221060";"São Raimundo Nonato";"ALCANÇOU";"ALCANÇOU";;"ALCANÇOU";"ALCANÇOU";"NÃO ALCANÇOU";"NÃO ALCANÇOU";"NÃO ALCANÇOU"
"PI";"221095";"Tamboril do Piauí";"ALCANÇOU";"ALCANÇOU";;"ALCANÇOU";"NÃO ALCANÇOU";"NÃO ALCANÇOU";"ALCANÇOU";"NÃO ALCANÇOU"
"PI";"221097";"Tanque do Piauí";"NÃO ALCANÇOU";"ALCANÇOU";;"NÃO ALCANÇOU";"NÃO ALCANÇOU";"NÃO ALCANÇOU";"ALCANÇOU";"NÃO ALCANÇOU"
"PI";"221100";"Teresina";"ALCANÇOU";"ALCANÇOU";;"NÃO ALCANÇOU";"NÃO ALCANÇOU";"ALCANÇOU";"NÃO ALCANÇOU";"ALCANÇOU"
"PI";"221110";"União";"ALCANÇOU";"ALCANÇOU";;"NÃO ALCANÇOU";"ALCANÇOU";"NÃO ALCANÇOU";"ALCANÇOU";"NÃO ALCANÇOU"
"PI";"221120";"Uruçuí";"ALCANÇOU";"ALCANÇOU";;"NÃO ALCANÇOU";"ALCANÇOU";"NÃO ALCANÇOU";"ALCANÇOU";"ALCANÇOU"
"PI";"221130";"Valença do Piauí";"ALCANÇOU";"ALCANÇOU";;"NÃO ALCANÇOU";"NÃO ALCANÇOU";"NÃO ALCANÇOU";"ALCANÇOU";"ALCANÇOU"
"PI";"221150";"Vera Mendes";"ALCANÇOU";"ALCANÇOU";;"NÃO ALCANÇOU";"NÃO ALCANÇOU";"NÃO ALCANÇOU";"ALCANÇOU";"ALCANÇOU"
"PI";"221160";"Vila Nova do Piauí";"ALCANÇOU";"ALCANÇOU";;"ALCANÇOU";"NÃO ALCANÇOU";"NÃO ALCANÇOU";"NÃO ALCANÇOU";"ALCANÇOU"
"PI";"221135";"Várzea Branca";"NÃO ALCANÇOU";"ALCANÇOU";;"NÃO ALCANÇOU";"NÃO ALCANÇOU";"NÃO ALCANÇOU";"ALCANÇOU";"ALCANÇOU"
"PI";"221140";"Várzea Grande";"ALCANÇOU";"ALCANÇOU";;"ALCANÇOU";"NÃO ALCANÇOU";"NÃO ALCANÇOU";"NÃO ALCANÇOU";"NÃO ALCANÇOU"
"PI";"221170";"Wall Ferraz";"ALCANÇOU";"NÃO ALCANÇOU";;"NÃO ALCANÇOU";"NÃO ALCANÇOU";"NÃO ALCANÇOU";"NÃO ALCANÇOU";"ALCANÇOU"
"PI";"220020";"Água Branca";"ALCANÇOU";"ALCANÇOU";;"NÃO ALCANÇOU";"ALCANÇOU";"NÃO ALCANÇOU";"NÃO ALCANÇOU";"ALCANÇOU"
"PI";"220005";;;;"ALCANÇOU";;;;;
"PI";"220010";;;;"ALCANÇOU";;;;;
"PI";"220020";;;;"ALCANÇOU";;;;;
"PI";"220025";;;;"ALCANÇOU";;;;;
"PI";"220027";;;;"NÃO ALCANÇOU";;;;;
"PI";"220030";;;;"ALCANÇOU";;;;;
"PI";"220040";;;;"ALCANÇOU";;;;;
"PI";"220045";;;;"ALCANÇOU";;;;;
"PI";"220050";;;;"ALCANÇOU";;;;;
"PI";"220060";;;;"ALCANÇOU";;;;;
"PI";"220070";;;;"ALCANÇOU";;;;;
"PI";"220080";;;;"ALCANÇOU";;;;;
"PI";"220090";;;;"ALCANÇOU";;;;;
"PI";"220095";;;;"ALCANÇOU";;;;;
"PI";"220100";;;;"ALCANÇOU";;;;;
"PI";"220105";;;;"NÃO ALCANÇOU";;;;;
"PI";"220110";;;;"NÃO ALCANÇOU";;;;;
"PI";"220115";;;;"ALCANÇOU";;;;;
"PI";"220117";;;;"ALCANÇOU";;;;;
"PI";"220120";;;;"ALCANÇOU";;;;;
"PI";"220130";;;;"ALCANÇOU";;;;;
"PI";"220140";;;;"NÃO ALCANÇOU";;;;;
"PI";"220150";;;;"ALCANÇOU";;;;;
"PI";"220155";;;;"ALCANÇOU";;;;;
"PI";"220157";;;;"NÃO ALCANÇOU";;;;;
"PI";"220160";;;;"NÃO ALCANÇOU";;;;;
"PI";"220170";;;;"ALCANÇOU";;;;;
"PI";"220173";;;;"ALCANÇOU";;;;;
"PI";"220177";;;;"ALCANÇOU";;;;;
"PI";"220180";;;;"NÃO ALCANÇOU";;;;;
"PI";"220190";;;;"ALCANÇOU";;;;;
"PI";"220191";;;;"ALCANÇOU";;;;;
"PI";"220192";;;;"ALCANÇOU";;;;;
"PI";"220194";;;;"ALCANÇOU";;;;;
"PI";"220196";;;;"NÃO ALCANÇOU";;;;;
"PI";"220198";;;;"ALCANÇOU";;;;;
"PI";"220200";;;;"ALCANÇOU";;;;;
"PI";"220202";;;;"NÃO ALCANÇOU";;;;;
"PI";"220205";;;;"ALCANÇOU";;;;;
"PI";"220207";;;;"ALCANÇOU";;;;;
"PI";"220208";;;;"ALCANÇOU";;;;;
"PI";"220209";;;;"NÃO ALCANÇOU";;;;;
"PI";"220210";;;;"ALCANÇOU";;;;;
"PI";"220211";;;;"NÃO ALCANÇOU";;;;;
"PI";"220213";;;;"ALCANÇOU";;;;;
"PI";"220217";;;;"NÃO ALCANÇOU";;;;;
"PI";"220220";;;;"ALCANÇOU";;;;;
"PI";"220225";;;;"ALCANÇOU";;;;;
"PI";"220230";;;;"ALCANÇOU";;;;;
"PI";"220240";;;;"ALCANÇOU";;;;;
"PI";"220245";;;;"NÃO ALCANÇOU";;;;;
"PI";"220250";;;;"ALCANÇOU";;;;;
"PI";"220253";;;;"ALCANÇOU";;;;;
"PI";"220255";;;;"NÃO ALCANÇOU";;;;;
"PI";"220260";;;;"NÃO ALCANÇOU";;;;;
"PI";"220265";;;;"ALCANÇOU";;;;;
"PI";"220270";;;;"ALCANÇOU";;;;;
"PI";"220271";;;;"ALCANÇOU";;;;;
"PI";"220272";;;;"ALCANÇOU";;;;;
"PI";"220273";;;;"ALCANÇOU";;;;;
"PI";"220275";;;;"NÃO ALCANÇOU";;;;;
"PI";"220277";;;;"NÃO ALCANÇOU";;;;;
"PI";"220280";;;;"ALCANÇOU";;;;;
"PI";"220285";;;;"ALCANÇOU";;;;;
"PI";"220290";;;;"ALCANÇOU";;;;;
"PI";"220300";;;;"NÃO ALCANÇOU";;;;;
"PI";"220310";;;;"ALCANÇOU";;;;;
"PI";"220320";;;;"ALCANÇOU";;;;;
"PI";"220323";;;;"ALCANÇOU";;;;;
"PI";"220325";;;;"ALCANÇOU";;;;;
"PI";"220327";;;;"ALCANÇOU";;;;;
"PI";"220330";;;;"ALCANÇOU";;;;;
"PI";"220335";;;;"ALCANÇOU";;;;;
"PI";"220340";;;;"ALCANÇOU";;;;;
"PI";"220342";;;;"ALCANÇOU";;;;;
"PI";"220345";;;;"ALCANÇOU";;;;;
"PI";"220350";;;;"ALCANÇOU";;;;;
"PI";"220360";;;;"ALCANÇOU";;;;;
"PI";"220370";;;;"ALCANÇOU";;;;;
"PI";"220375";;;;"ALCANÇOU";;;;;
"PI";"220380";;;;"NÃO ALCANÇOU";;;;;
"PI";"220385";;;;"ALCANÇOU";;;;;
"PI";"220390";;;;"ALCANÇOU";;;;;
"PI";"220400";;;;"ALCANÇOU";;;;;
"PI";"220410";;;;"ALCANÇOU";;;;;
"PI";"220415";;;;"NÃO ALCANÇOU";;;;;
"PI";"220420";;;;"ALCANÇOU";;;;;
"PI";"220430";;;;"NÃO ALCANÇOU";;;;;
"PI";"220435";;;;"ALCANÇOU";;;;;
"PI";"220440";;;;"ALCANÇOU";;;;;
"PI";"220450";;;;"ALCANÇOU";;;;;
"PI";"220455";;;;"ALCANÇOU";;;;;
"PI";"220460";;;;"NÃO ALCANÇOU";;;;;
"PI";"220465";;;;"ALCANÇOU";;;;;
"PI";"220470";;;;"ALCANÇOU";;;;;
"PI";"220480";;;;"ALCANÇOU";;;;;
"PI";"220490";;;;"ALCANÇOU";;;;;
"PI";"220500";;;;"ALCANÇOU";;;;;
"PI";"220510";;;;"NÃO ALCANÇOU";;;;;
"PI";"220515";;;;"ALCANÇOU";;;;;
"PI";"220520";;;;"ALCANÇOU";;;;;
"PI";"220525";;;;"ALCANÇOU";;;;;
"PI";"220527";;;;"ALCANÇOU";;;;;
"PI";"220530";;;;"ALCANÇOU";;;;;
"PI";"220535";;;;"NÃO ALCANÇOU";;;;;
"PI";"220540";;;;"ALCANÇOU";;;;;
"PI";"220545";;;;"ALCANÇOU";;;;;
"PI";"220550";;;;"ALCANÇOU";;;;;
"PI";"220551";;;;"ALCANÇOU";;;;;
"PI";"220552";;;;"NÃO ALCANÇOU";;;;;
"PI";"220553";;;;"ALCANÇOU";;;;;
"PI";"220554";;;;"ALCANÇOU";;;;;
"PI";"220555";;;;"ALCANÇOU";;;;;
"PI";"220556";;;;"ALCANÇOU";;;;;
"PI";"220557";;;;"ALCANÇOU";;;;;
"PI";"220558";;;;"NÃO ALCANÇOU";;;;;
"PI";"220559";;;;"ALCANÇOU";;;;;
"PI";"220560";;;;"NÃO ALCANÇOU";;;;;
"PI";"220570";;;;"ALCANÇOU";;;;;
"PI";"220580";;;;"ALCANÇOU";;;;;
"PI";"220585";;;;"ALCANÇOU";;;;;
"PI";"220590";;;;"NÃO ALCANÇOU";;;;;
"PI";"220595";;;;"NÃO ALCANÇOU";;;;;
"PI";"220600";;;;"ALCANÇOU";;;;;
"PI";"220605";;;;"ALCANÇOU";;;;;
"PI";"220610";;;;"ALCANÇOU";;;;;
"PI";"220620";;;;"ALCANÇOU";;;;;
"PI";"220630";;;;"ALCANÇOU";;;;;
"PI";"220635";;;;"ALCANÇOU";;;;;
"PI";"220640";;;;"ALCANÇOU";;;;;
"PI";"220650";;;;"ALCANÇOU";;;;;
"PI";"220660";;;;"ALCANÇOU";;;;;
"PI";"220665";;;;"NÃO ALCANÇOU";;;;;
"PI";"220667";;;;"ALCANÇOU";;;;;
"PI";"220669";;;;"ALCANÇOU";;;;;
"PI";"220670";;;;"NÃO ALCANÇOU";;;;;
"PI";"220672";;;;"NÃO ALCANÇOU";;;;;
"PI";"220675";;;;"ALCANÇOU";;;;;
"PI";"220680";;;;"ALCANÇOU";;;;;
"PI";"220690";;;;"NÃO ALCANÇOU";;;;;
"PI";"220695";;;;"ALCANÇOU";;;;;
"PI";"220700";;;;"ALCANÇOU";;;;;
"PI";"220710";;;;"ALCANÇOU";;;;;
"PI";"220720";;;;"ALCANÇOU";;;;;
"PI";"220730";;;;"ALCANÇOU";;;;;
"PI";"220735";;;;"ALCANÇOU";;;;;
"PI";"220740";;;;"ALCANÇOU";;;;;
"PI";"220750";;;;"ALCANÇOU";;;;;
"PI";"220755";;;;"ALCANÇOU";;;;;
"PI";"220760";;;;"ALCANÇOU";;;;;
"PI";"220770";;;;"ALCANÇOU";;;;;
"PI";"220775";;;;"ALCANÇOU";;;;;
"PI";"220777";;;;"ALCANÇOU";;;;;
"PI";"220779";;;;"ALCANÇOU";;;;;
"PI";"220780";;;;"ALCANÇOU";;;;;
"PI";"220785";;;;"ALCANÇOU";;;;;
"PI";"220790";;;;"ALCANÇOU";;;;;
"PI";"220793";;;;"ALCANÇOU";;;;;
"PI";"220795";;;;"ALCANÇOU";;;;;
"PI";"220800";;;;"NÃO ALCANÇOU";;;;;
"PI";"220810";;;;"ALCANÇOU";;;;;
"PI";"220820";;;;"ALCANÇOU";;;;;
"PI";"220830";;;;"ALCANÇOU";;;;;
"PI";"220840";;;;"ALCANÇOU";;;;;
"PI";"220850";;;;"ALCANÇOU";;;;;
"PI";"220855";;;;"NÃO ALCANÇOU";;;;;
"PI";"220860";;;;"NÃO ALCANÇOU";;;;;
"PI";"220865";;;;"ALCANÇOU";;;;;
"PI";"220870";;;;"NÃO ALCANÇOU";;;;;
"PI";"220880";;;;"ALCANÇOU";;;;;
"PI";"220885";;;;"ALCANÇOU";;;;;
"PI";"220887";;;;"NÃO ALCANÇOU";;;;;
"PI";"220890";;;;"NÃO ALCANÇOU";;;;;
"PI";"220900";;;;"ALCANÇOU";;;;;
"PI";"220910";;;;"ALCANÇOU";;;;;
"PI";"220915";;;;"ALCANÇOU";;;;;
"PI";"220920";;;;"ALCANÇOU";;;;;
"PI";"220930";;;;"ALCANÇOU";;;;;
"PI";"220935";;;;"ALCANÇOU";;;;;
"PI";"220937";;;;"NÃO ALCANÇOU";;;;;
"PI";"220940";;;;"ALCANÇOU";;;;;
"PI";"220945";;;;"ALCANÇOU";;;;;
"PI";"220950";;;;"NÃO ALCANÇOU";;;;;
"PI";"220955";;;;"ALCANÇOU";;;;;
"PI";"220960";;;;"ALCANÇOU";;;;;
"PI";"220965";;;;"NÃO ALCANÇOU";;;;;
"PI";"220970";;;;"NÃO ALCANÇOU";;;;;
"PI";"220975";;;;"ALCANÇOU";;;;;
"PI";"220980";;;;"NÃO ALCANÇOU";;;;;
"PI";"220985";;;;"NÃO ALCANÇOU";;;;;
"PI";"220987";;;;"ALCANÇOU";;;;;
"PI";"220990";;;;"ALCANÇOU";;;;;
"PI";"220995";;;;"ALCANÇOU";;;;;
"PI";"220997";;;;"NÃO ALCANÇOU";;;;;
"PI";"221000";;;;"NÃO ALCANÇOU";;;;;
"PI";"221005";;;;"ALCANÇOU";;;;;
"PI";"221010";;;;"ALCANÇOU";;;;;
"PI";"221020";;;;"ALCANÇOU";;;;;
"PI";"221030";;;;"ALCANÇOU";;;;;
"PI";"221035";;;;"ALCANÇOU";;;;;
"PI";"221037";;;;"ALCANÇOU";;;;;
"PI";"221038";;;;"ALCANÇOU";;;;;
"PI";"221039";;;;"NÃO ALCANÇOU";;;;;
"PI";"221040";;;;"ALCANÇOU";;;;;
"PI";"221050";;;;"ALCANÇOU";;;;;
"PI";"221060";;;;"ALCANÇOU";;;;;
"PI";"221062";;;;"ALCANÇOU";;;;;
"PI";"221063";;;;"NÃO ALCANÇOU";;;;;
"PI";"221065";;;;"ALCANÇOU";;;;;
"PI";"221070";;;;"ALCANÇOU";;;;;
"PI";"221080";;;;"NÃO ALCANÇOU";;;;;
"PI";"221090";;;;"ALCANÇOU";;;;;
"PI";"221093";;;;"ALCANÇOU";;;;;
"PI";"221095";;;;"ALCANÇOU";;;;;
"PI";"221097";;;;"ALCANÇOU";;;;;
"PI";"221100";;;;"ALCANÇOU";;;;;
"PI";"221110";;;;"ALCANÇOU";;;;;
"PI";"221120";;;;"ALCANÇOU";;;;;
"PI";"221130";;;;"ALCANÇOU";;;;;
"PI";"221135";;;;"ALCANÇOU";;;;;
"PI";"221140";;;;"ALCANÇOU";;;;;
"PI";"221150";;;;"ALCANÇOU";;;;;
"PI";"221160";;;;"ALCANÇOU";;;;;
"PI";"221170";;;;"ALCANÇOU";;;;;
"PR";"410010";"Abatiá";"ALCANÇOU";"NÃO ALCANÇOU";;"ALCANÇOU";"ALCANÇOU";"ALCANÇOU";"ALCANÇOU";"ALCANÇOU"
"PR";"410020";"Adrianópolis";"ALCANÇOU";"ALCANÇOU";;"NÃO ALCANÇOU";"NÃO ALCANÇOU";"ALCANÇOU";"ALCANÇOU";"ALCANÇOU"
"PR";"410030";"Agudos do Sul";"NÃO ALCANÇOU";"ALCANÇOU";;"ALCANÇOU";"NÃO ALCANÇOU";"ALCANÇOU";"NÃO ALCANÇOU";"NÃO ALCANÇOU"
"PR";"410040";"Almirante Tamandaré";"ALCANÇOU";"ALCANÇOU";;"NÃO ALCANÇOU";"ALCANÇOU";"NÃO ALCANÇOU";"NÃO ALCANÇOU";"NÃO ALCANÇOU"
"PR";"410045";"Altamira do Paraná";"ALCANÇOU";"ALCANÇOU";;"ALCANÇOU";"ALCANÇOU";"NÃO ALCANÇOU";"ALCANÇOU";"ALCANÇOU"
"PR";"410060";"Alto Paraná";"ALCANÇOU";"ALCANÇOU";;"NÃO ALCANÇOU";"NÃO ALCANÇOU";"ALCANÇOU";"ALCANÇOU";"NÃO ALCANÇOU"
"PR";"412862";"Alto Paraíso";"ALCANÇOU";"ALCANÇOU";;"ALCANÇOU";"ALCANÇOU";"NÃO ALCANÇOU";"ALCANÇOU";"ALCANÇOU"
"PR";"410070";"Alto Piquiri";"ALCANÇOU";"ALCANÇOU";;"NÃO ALCANÇOU";"ALCANÇOU";"ALCANÇOU";"ALCANÇOU";"ALCANÇOU"
"PR";"410050";"Altônia";"ALCANÇOU";"ALCANÇOU";;"NÃO ALCANÇOU";"ALCANÇOU";"ALCANÇOU";"ALCANÇOU";"ALCANÇOU"
"PR";"410080";"Alvorada do Sul";"NÃO ALCANÇOU";"NÃO ALCANÇOU";;"ALCANÇOU";"ALCANÇOU";"ALCANÇOU";"ALCANÇOU";"ALCANÇOU"
"PR";"410090";"Amaporã";"ALCANÇOU";"ALCANÇOU";;"NÃO ALCANÇOU";"ALCANÇOU";"NÃO ALCANÇOU";"ALCANÇOU";"NÃO ALCANÇOU"
"PR";"410100";"Ampére";"ALCANÇOU";"ALCANÇOU";;"ALCANÇOU";"NÃO ALCANÇOU";"ALCANÇOU";"ALCANÇOU";"NÃO ALCANÇOU"
"PR";"410105";"Anahy";"ALCANÇOU";"ALCANÇOU";;"NÃO ALCANÇOU";"ALCANÇOU";"NÃO ALCANÇOU";"NÃO ALCANÇOU";"ALCANÇOU"
"PR";"410110";"Andirá";"NÃO ALCANÇOU";"ALCANÇOU";;"ALCANÇOU";"ALCANÇOU";"ALCANÇOU";"ALCANÇOU";"ALCANÇOU"
"PR";"410120";"Antonina";"ALCANÇOU";"ALCANÇOU";;"NÃO ALCANÇOU";"ALCANÇOU";"NÃO ALCANÇOU";"NÃO ALCANÇOU";"NÃO ALCANÇOU"
"PR";"410130";"Antônio Olinto";"ALCANÇOU";"ALCANÇOU";;"ALCANÇOU";"NÃO ALCANÇOU";"ALCANÇOU";"ALCANÇOU";"ALCANÇOU"
"PR";"410140";"Apucarana";"ALCANÇOU";"ALCANÇOU";;"NÃO ALCANÇOU";"ALCANÇOU";"NÃO ALCANÇOU";"ALCANÇOU";"ALCANÇOU"
"PR";"410150";"Arapongas";"ALCANÇOU";"ALCANÇOU";;"NÃO ALCANÇOU";"ALCANÇOU";"ALCANÇOU";"NÃO ALCANÇOU";"NÃO ALCANÇOU"
"PR";"410160";"Arapoti";"ALCANÇOU";"NÃO ALCANÇOU";;"NÃO ALCANÇOU";"ALCANÇOU";"NÃO ALCANÇOU";"ALCANÇOU";"ALCANÇOU"
"PR";"410165";"Arapuã";"ALCANÇOU";"ALCANÇOU";;"ALCANÇOU";"ALCANÇOU";"NÃO ALCANÇOU";"ALCANÇOU";"ALCANÇOU"
"PR";"410170";"Araruna";"ALCANÇOU";"ALCANÇOU";;"NÃO ALCANÇOU";"ALCANÇOU";"NÃO ALCANÇOU";"ALCANÇOU";"ALCANÇOU"
"PR";"410180";"Araucária";"ALCANÇOU";"ALCANÇOU";;"ALCANÇOU";"NÃO ALCANÇOU";"ALCANÇOU";"NÃO ALCANÇOU";"NÃO ALCANÇOU"
"PR";"410185";"Ariranha do Ivaí";"ALCANÇOU";"ALCANÇOU";;"NÃO ALCANÇOU";"ALCANÇOU";"NÃO ALCANÇOU";"ALCANÇOU";"ALCANÇOU"
"PR";"410190";"Assaí";"ALCANÇOU";"ALCANÇOU";;"ALCANÇOU";"ALCANÇOU";"ALCANÇOU";"ALCANÇOU";"ALCANÇOU"
"PR";"410200";"Assis Chateaubriand";"ALCANÇOU";"NÃO ALCANÇOU";;"NÃO ALCANÇOU";"ALCANÇOU";"NÃO ALCANÇOU";"ALCANÇOU";"ALCANÇOU"
"PR";"410210";"Astorga";"ALCANÇOU";"ALCANÇOU";;"NÃO ALCANÇOU";"ALCANÇOU";"NÃO ALCANÇOU";"ALCANÇOU";"ALCANÇOU"
"PR";"410220";"Atalaia";"ALCANÇOU";"ALCANÇOU";;"ALCANÇOU";"ALCANÇOU";"ALCANÇOU";"ALCANÇOU";"ALCANÇOU"
"PR";"410230";"Balsa Nova";"ALCANÇOU";"ALCANÇOU";;"ALCANÇOU";"ALCANÇOU";"ALCANÇOU";"ALCANÇOU";"NÃO ALCANÇOU"
"PR";"410240";"Bandeirantes";"ALCANÇOU";"ALCANÇOU";;"NÃO ALCANÇOU";"NÃO ALCANÇOU";"ALCANÇOU";"NÃO ALCANÇOU";"ALCANÇOU"
"PR";"410250";"Barbosa Ferraz";"ALCANÇOU";"ALCANÇOU";;"NÃO ALCANÇOU";"ALCANÇOU";"NÃO ALCANÇOU";"ALCANÇOU";"ALCANÇOU"
"PR";"410270";"Barra do Jacaré";"NÃO ALCANÇOU";"ALCANÇOU";;"NÃO ALCANÇOU";"ALCANÇOU";"NÃO ALCANÇOU";"ALCANÇOU";"ALCANÇOU"
"PR";"410260";"Barracão";"ALCANÇOU";"ALCANÇOU";;"NÃO ALCANÇOU";"ALCANÇOU";"NÃO ALCANÇOU";"ALCANÇOU";"ALCANÇOU"
"PR";"410275";"Bela Vista da Caroba";"ALCANÇOU";"ALCANÇOU";;"ALCANÇOU";"ALCANÇOU";"NÃO ALCANÇOU";"ALCANÇOU";"NÃO ALCANÇOU"
"PR";"410280";"Bela Vista do Paraíso";"ALCANÇOU";"ALCANÇOU";;"NÃO ALCANÇOU";"ALCANÇOU";"NÃO ALCANÇOU";"ALCANÇOU";"NÃO ALCANÇOU"
"PR";"410290";"Bituruna";"ALCANÇOU";"ALCANÇOU";;"NÃO ALCANÇOU";"NÃO ALCANÇOU";"ALCANÇOU";"NÃO ALCANÇOU";"ALCANÇOU"
"PR";"410300";"Boa Esperança";"NÃO ALCANÇOU";"ALCANÇOU";;"ALCANÇOU";"ALCANÇOU";"NÃO ALCANÇOU";"ALCANÇOU";"ALCANÇOU"
"PR";"410302";"Boa Esperança do Iguaçu";"NÃO ALCANÇOU";"ALCANÇOU";;"NÃO ALCANÇOU";"ALCANÇOU";"NÃO ALCANÇOU";"ALCANÇOU";"NÃO ALCANÇOU"
"PR";"410304";"Boa Ventura de São Roque";"NÃO ALCANÇOU";"ALCANÇOU";;"ALCANÇOU";"NÃO ALCANÇOU";"NÃO ALCANÇOU";"ALCANÇOU";"ALCANÇOU"
"PR";"410305";"Boa Vista da Aparecida";"ALCANÇOU";"ALCANÇOU";;"ALCANÇOU";"NÃO ALCANÇOU";"NÃO ALCANÇOU";"NÃO ALCANÇOU";"ALCANÇOU"
"PR";"410310";"Bocaiúva do Sul";"ALCANÇOU";"ALCANÇOU";;"ALCANÇOU";"ALCANÇOU";"NÃO ALCANÇOU";"ALCANÇOU";"NÃO ALCANÇOU"
"PR";"410315";"Bom Jesus do Sul";"ALCANÇOU";"ALCANÇOU";;"ALCANÇOU";"ALCANÇOU";"NÃO ALCANÇOU";"NÃO ALCANÇOU";"ALCANÇOU"
"PR";"410320";"Bom Sucesso";"ALCANÇOU";"ALCANÇOU";;"ALCANÇOU";"NÃO ALCANÇOU";"NÃO ALCANÇOU";"ALCANÇOU";"ALCANÇOU"
"PR";"410322";"Bom Sucesso do Sul";"ALCANÇOU";"ALCANÇOU";;"NÃO ALCANÇOU";"ALCANÇOU";"NÃO ALCANÇOU";"ALCANÇOU";"ALCANÇOU"
"PR";"410330";"Borrazópolis";"ALCANÇOU";"ALCANÇOU";;"ALCANÇOU";"ALCANÇOU";"NÃO ALCANÇOU";"ALCANÇOU";"ALCANÇOU"
"PR";"410335";"Braganey";"ALCANÇOU";"ALCANÇOU";;"NÃO ALCANÇOU";"ALCANÇOU";"NÃO ALCANÇOU";"ALCANÇOU";"ALCANÇOU"
"PR";"410337";"Brasilândia do Sul";"ALCANÇOU";"ALCANÇOU";;"ALCANÇOU";"ALCANÇOU";"NÃO ALCANÇOU";"ALCANÇOU";"ALCANÇOU"
"PR";"410340";"Cafeara";"NÃO ALCANÇOU";"ALCANÇOU";;"ALCANÇOU";"NÃO ALCANÇOU";"NÃO ALCANÇOU";"ALCANÇOU";"ALCANÇOU"
"PR";"410345";"Cafelândia";"ALCANÇOU";"ALCANÇOU";;"NÃO ALCANÇOU";"ALCANÇOU";"ALCANÇOU";"NÃO ALCANÇOU";"NÃO ALCANÇOU"
"PR";"410347";"Cafezal do Sul";"ALCANÇOU";"ALCANÇOU";;"NÃO ALCANÇOU";"ALCANÇOU";"ALCANÇOU";"ALCANÇOU";"ALCANÇOU"
"PR";"410350";"Califórnia";"ALCANÇOU";"ALCANÇOU";;"NÃO ALCANÇOU";"ALCANÇOU";"ALCANÇOU";"ALCANÇOU";"ALCANÇOU"
"PR";"410360";"Cambará";"ALCANÇOU";"ALCANÇOU";;"NÃO ALCANÇOU";"ALCANÇOU";"ALCANÇOU";"NÃO ALCANÇOU";"ALCANÇOU"
"PR";"410380";"Cambira";"ALCANÇOU";"ALCANÇOU";;"NÃO ALCANÇOU";"ALCANÇOU";"ALCANÇOU";"ALCANÇOU";"ALCANÇOU"
"PR";"410370";"Cambé";"ALCANÇOU";"ALCANÇOU";;"NÃO ALCANÇOU";"ALCANÇOU";"NÃO ALCANÇOU";"NÃO ALCANÇOU";"NÃO ALCANÇOU"
"PR";"410400";"Campina Grande do Sul";"ALCANÇOU";"ALCANÇOU";;"NÃO ALCANÇOU";"NÃO ALCANÇOU";"NÃO ALCANÇOU";"NÃO ALCANÇOU";"ALCANÇOU"
"PR";"410390";"Campina da Lagoa";"ALCANÇOU";"ALCANÇOU";;"NÃO ALCANÇOU";"ALCANÇOU";"NÃO ALCANÇOU";"NÃO ALCANÇOU";"NÃO ALCANÇOU"
"PR";"410395";"Campina do Simão";"ALCANÇOU";"ALCANÇOU";;"NÃO ALCANÇOU";"ALCANÇOU";"NÃO ALCANÇOU";"ALCANÇOU";"ALCANÇOU"
"PR";"410405";"Campo Bonito";"ALCANÇOU";"ALCANÇOU";;"ALCANÇOU";"NÃO ALCANÇOU";"NÃO ALCANÇOU";"ALCANÇOU";"ALCANÇOU"
"PR";"410420";"Campo Largo";"ALCANÇOU";"ALCANÇOU";;"ALCANÇOU";"ALCANÇOU";"ALCANÇOU";"NÃO ALCANÇOU";"NÃO ALCANÇOU"
"PR";"410425";"Campo Magro";"ALCANÇOU";"ALCANÇOU";;"NÃO ALCANÇOU";"NÃO ALCANÇOU";"NÃO ALCANÇOU";"NÃO ALCANÇOU";"ALCANÇOU"
"PR";"410430";"Campo Mourão";"ALCANÇOU";"ALCANÇOU";;"ALCANÇOU";"ALCANÇOU";"NÃO ALCANÇOU";"NÃO ALCANÇOU";"ALCANÇOU"
"PR";"410410";"Campo do Tenente";"ALCANÇOU";"ALCANÇOU";;"ALCANÇOU";"NÃO ALCANÇOU";"ALCANÇOU";"ALCANÇOU";"NÃO ALCANÇOU"
"PR";"410442";"Candói";"ALCANÇOU";"ALCANÇOU";;"NÃO ALCANÇOU";"ALCANÇOU";"NÃO ALCANÇOU";"NÃO ALCANÇOU";"ALCANÇOU"
"PR";"410445";"Cantagalo";"NÃO ALCANÇOU";"ALCANÇOU";;"NÃO ALCANÇOU";"NÃO ALCANÇOU";"NÃO ALCANÇOU";"ALCANÇOU";"ALCANÇOU"
"PR";"410450";"Capanema";"ALCANÇOU";"ALCANÇOU";;"NÃO ALCANÇOU";"ALCANÇOU";"NÃO ALCANÇOU";"NÃO ALCANÇOU";"NÃO ALCANÇOU"
"PR";"410460";"Capitão Leônidas Marques";"ALCANÇOU";"ALCANÇOU";;"NÃO ALCANÇOU";"ALCANÇOU";"NÃO ALCANÇOU";"ALCANÇOU";"ALCANÇOU"
"PR";"410465";"Carambeí";"ALCANÇOU";"ALCANÇOU";;"ALCANÇOU";"ALCANÇOU";"NÃO ALCANÇOU";"ALCANÇOU";"ALCANÇOU"
"PR";"410470";"Carlópolis";"ALCANÇOU";"NÃO ALCANÇOU";;"NÃO ALCANÇOU";"ALCANÇOU";"ALCANÇOU";"ALCANÇOU";"ALCANÇOU"
"PR";"410480";"Cascavel";"ALCANÇOU";"ALCANÇOU";;"ALCANÇOU";"ALCANÇOU";"ALCANÇOU";"NÃO ALCANÇOU";"ALCANÇOU"
"PR";"410490";"Castro";"ALCANÇOU";"ALCANÇOU";;"NÃO ALCANÇOU";"ALCANÇOU";"ALCANÇOU";"ALCANÇOU";"NÃO ALCANÇOU"
"PR";"410500";"Catanduvas";"ALCANÇOU";"ALCANÇOU";;"NÃO ALCANÇOU";"ALCANÇOU";"NÃO ALCANÇOU";"NÃO ALCANÇOU";"ALCANÇOU"
"PR";"410510";"Centenário do Sul";"ALCANÇOU";"ALCANÇOU";;"NÃO ALCANÇOU";"NÃO ALCANÇOU";"NÃO ALCANÇOU";"ALCANÇOU";"NÃO ALCANÇOU"
"PR";"410520";"Cerro Azul";"ALCANÇOU";"ALCANÇOU";;"ALCANÇOU";"ALCANÇOU";"NÃO ALCANÇOU";"ALCANÇOU";"ALCANÇOU"
"PR";"410540";"Chopinzinho";"ALCANÇOU";"ALCANÇOU";;"ALCANÇOU";"ALCANÇOU";"NÃO ALCANÇOU";"ALCANÇOU";"ALCANÇOU"
"PR";"410550";"Cianorte";"ALCANÇOU";"ALCANÇOU";;"ALCANÇOU";"ALCANÇOU";"ALCANÇOU";"NÃO ALCANÇOU";"ALCANÇOU"
"PR";"410560";"Cidade Gaúcha";"ALCANÇOU";"ALCANÇOU";;"NÃO ALCANÇOU";"ALCANÇOU";"NÃO ALCANÇOU";"NÃO ALCANÇOU";"ALCANÇOU"
"PR";"410570";"Clevelândia";"ALCANÇOU";"ALCANÇOU";;"NÃO ALCANÇOU";"ALCANÇOU";"ALCANÇOU";"NÃO ALCANÇOU";"ALCANÇOU"
"PR";"410580";"Colombo";"ALCANÇOU";"ALCANÇOU";;"NÃO ALCANÇOU";"ALCANÇOU";"ALCANÇOU";"NÃO ALCANÇOU";"ALCANÇOU"
"PR";"410590";"Colorado";"ALCANÇOU";"ALCANÇOU";;"NÃO ALCANÇOU";"ALCANÇOU";"NÃO ALCANÇOU";"ALCANÇOU";"ALCANÇOU"
"PR";"410600";"Congonhinhas";"NÃO ALCANÇOU";"ALCANÇOU";;"NÃO ALCANÇOU";"ALCANÇOU";"NÃO ALCANÇOU";"ALCANÇOU";"ALCANÇOU"
"PR";"410610";"Conselheiro Mairinck";"ALCANÇOU";"ALCANÇOU";;"NÃO ALCANÇOU";"ALCANÇOU";"NÃO ALCANÇOU";"ALCANÇOU";"ALCANÇOU"
"PR";"410620";"Contenda";"ALCANÇOU";"ALCANÇOU";;"NÃO ALCANÇOU";"NÃO ALCANÇOU";"NÃO ALCANÇOU";"NÃO ALCANÇOU";"ALCANÇOU"
"PR";"410630";"Corbélia";"ALCANÇOU";"ALCANÇOU";;"NÃO ALCANÇOU";"ALCANÇOU";"NÃO ALCANÇOU";"ALCANÇOU";"ALCANÇOU"
"PR";"410640";"Cornélio Procópio";"ALCANÇOU";"ALCANÇOU";;"ALCANÇOU";"NÃO ALCANÇOU";"ALCANÇOU";"NÃO ALCANÇOU";"ALCANÇOU"
"PR";"410645";"Coronel Domingos Soares";"ALCANÇOU";"ALCANÇOU";;"NÃO ALCANÇOU";"ALCANÇOU";"NÃO ALCANÇOU";"NÃO ALCANÇOU";"ALCANÇOU"
"PR";"410650";"Coronel Vivida";"ALCANÇOU";"ALCANÇOU";;"ALCANÇOU";"ALCANÇOU";"ALCANÇOU";"NÃO ALCANÇOU";"ALCANÇOU"
"PR";"410655";"Corumbataí do Sul";"NÃO ALCANÇOU";"NÃO ALCANÇOU";;"ALCANÇOU";"ALCANÇOU";"NÃO ALCANÇOU";"ALCANÇOU";"ALCANÇOU"
"PR";"410680";"Cruz Machado";"ALCANÇOU";"ALCANÇOU";;"ALCANÇOU";"ALCANÇOU";"NÃO ALCANÇOU";"ALCANÇOU";"ALCANÇOU"
"PR";"410657";"Cruzeiro do Iguaçu";"ALCANÇOU";"ALCANÇOU";;"ALCANÇOU";"ALCANÇOU";"NÃO ALCANÇOU";"NÃO ALCANÇOU";"ALCANÇOU"
"PR";"410660";"Cruzeiro do Oeste";"ALCANÇOU";"ALCANÇOU";;"ALCANÇOU";"ALCANÇOU";"NÃO ALCANÇOU";"ALCANÇOU";"ALCANÇOU"
"PR";"410670";"Cruzeiro do Sul";"ALCANÇOU";"ALCANÇOU";;"NÃO ALCANÇOU";"ALCANÇOU";"NÃO ALCANÇOU";"ALCANÇOU";"ALCANÇOU"
"PR";"410685";"Cruzmaltina";"ALCANÇOU";"ALCANÇOU";;"ALCANÇOU";"NÃO ALCANÇOU";"NÃO ALCANÇOU";"ALCANÇOU";"ALCANÇOU"
"PR";"410690";"Curitiba";"ALCANÇOU";"ALCANÇOU";;"NÃO ALCANÇOU";"ALCANÇOU";"ALCANÇOU";"ALCANÇOU";"ALCANÇOU"
"PR";"410700";"Curiúva";"ALCANÇOU";"ALCANÇOU";;"NÃO ALCANÇOU";"NÃO ALCANÇOU";"NÃO ALCANÇOU";"ALCANÇOU";"ALCANÇOU"
"PR";"410440";"Cândido de Abreu";"ALCANÇOU";"ALCANÇOU";;"NÃO ALCANÇOU";"NÃO ALCANÇOU";"ALCANÇOU";"ALCANÇOU";"NÃO ALCANÇOU"
"PR";"410530";"Céu Azul";"ALCANÇOU";"ALCANÇOU";;"ALCANÇOU";"ALCANÇOU";"NÃO ALCANÇOU";"ALCANÇOU";"ALCANÇOU"
"PR";"410715";"Diamante D'Oeste";"ALCANÇOU";"ALCANÇOU";;"ALCANÇOU";"ALCANÇOU";"NÃO ALCANÇOU";"ALCANÇOU";
"PR";"410715";"Diamante DOeste";;;;;;;;"ALCANÇOU"
"PR";"410710";"Diamante do Norte";"ALCANÇOU";"ALCANÇOU";;"NÃO ALCANÇOU";"NÃO ALCANÇOU";"NÃO ALCANÇOU";"ALCANÇOU";"ALCANÇOU"
"PR";"410712";"Diamante do Sul";"ALCANÇOU";"NÃO ALCANÇOU";;"ALCANÇOU";"ALCANÇOU";"NÃO ALCANÇOU";"ALCANÇOU";"ALCANÇOU"
"PR";"410720";"Dois Vizinhos";"ALCANÇOU";"ALCANÇOU";;"ALCANÇOU";"ALCANÇOU";"ALCANÇOU";"NÃO ALCANÇOU";"NÃO ALCANÇOU"
"PR";"410725";"Douradina";"ALCANÇOU";"ALCANÇOU";;"ALCANÇOU";"ALCANÇOU";"ALCANÇOU";"ALCANÇOU";"ALCANÇOU"
"PR";"410730";"Doutor Camargo";"NÃO ALCANÇOU";"ALCANÇOU";;"ALCANÇOU";"ALCANÇOU";"NÃO ALCANÇOU";"NÃO ALCANÇOU";"ALCANÇOU"
"PR";"412863";"Doutor Ulysses";"NÃO ALCANÇOU";"ALCANÇOU";;"ALCANÇOU";"NÃO ALCANÇOU";"NÃO ALCANÇOU";"ALCANÇOU";"ALCANÇOU"
"PR";"410750";"Engenheiro Beltrão";"ALCANÇOU";"ALCANÇOU";;"NÃO ALCANÇOU";"ALCANÇOU";"NÃO ALCANÇOU";"ALCANÇOU";"ALCANÇOU"
"PR";"410753";"Entre Rios do Oeste";"ALCANÇOU";"ALCANÇOU";;"NÃO ALCANÇOU";"ALCANÇOU";"ALCANÇOU";"ALCANÇOU";"NÃO ALCANÇOU"
"PR";"410740";"Enéas Marques";"ALCANÇOU";"ALCANÇOU";;"NÃO ALCANÇOU";"ALCANÇOU";"NÃO ALCANÇOU";"NÃO ALCANÇOU";"ALCANÇOU"
"PR";"410752";"Esperança Nova";"ALCANÇOU";"ALCANÇOU";;"ALCANÇOU";"ALCANÇOU";"ALCANÇOU";"ALCANÇOU";"ALCANÇOU"
"PR";"410754";"Espigão Alto do Iguaçu";"ALCANÇOU";"ALCANÇOU";;"ALCANÇOU";"ALCANÇOU";"NÃO ALCANÇOU";"ALCANÇOU";"ALCANÇOU"
"PR";"410755";"Farol";"ALCANÇOU";"ALCANÇOU";;"NÃO ALCANÇOU";"NÃO ALCANÇOU";"NÃO ALCANÇOU";"ALCANÇOU";"ALCANÇOU"
"PR";"410760";"Faxinal";"ALCANÇOU";"ALCANÇOU";;"NÃO ALCANÇOU";"ALCANÇOU";"ALCANÇOU";"ALCANÇOU";"ALCANÇOU"
"PR";"410765";"Fazenda Rio Grande";"ALCANÇOU";"ALCANÇOU";;"NÃO ALCANÇOU";"NÃO ALCANÇOU";"ALCANÇOU";"ALCANÇOU";"NÃO ALCANÇOU"
"PR";"410773";"Fernandes Pinheiro";"ALCANÇOU";"ALCANÇOU";;"ALCANÇOU";"ALCANÇOU";"NÃO ALCANÇOU";"ALCANÇOU";"ALCANÇOU"
"PR";"410775";"Figueira";"ALCANÇOU";"ALCANÇOU";;"NÃO ALCANÇOU";"ALCANÇOU";"NÃO ALCANÇOU";"NÃO ALCANÇOU";"ALCANÇOU"
"PR";"410785";"Flor da Serra do Sul";"ALCANÇOU";"ALCANÇOU";;"NÃO ALCANÇOU";"ALCANÇOU";"NÃO ALCANÇOU";"ALCANÇOU";"ALCANÇOU"
"PR";"410780";"Floraí";"ALCANÇOU";"ALCANÇOU";;"NÃO ALCANÇOU";"ALCANÇOU";"NÃO ALCANÇOU";"ALCANÇOU";"ALCANÇOU"
"PR";"410790";"Floresta";"ALCANÇOU";"ALCANÇOU";;"ALCANÇOU";"NÃO ALCANÇOU";"ALCANÇOU";"NÃO ALCANÇOU";"ALCANÇOU"
"PR";"410800";"Florestópolis";"ALCANÇOU";"ALCANÇOU";;"NÃO ALCANÇOU";"NÃO ALCANÇOU";"ALCANÇOU";"ALCANÇOU";"ALCANÇOU"
"PR";"410810";"Flórida";"ALCANÇOU";"NÃO ALCANÇOU";;"NÃO ALCANÇOU";"NÃO ALCANÇOU";"NÃO ALCANÇOU";"ALCANÇOU";"ALCANÇOU"
"PR";"410820";"Formosa do Oeste";"ALCANÇOU";"ALCANÇOU";;"NÃO ALCANÇOU";"ALCANÇOU";"NÃO ALCANÇOU";"ALCANÇOU";"ALCANÇOU"
"PR";"410830";"Foz do Iguaçu";"ALCANÇOU";"ALCANÇOU";;"NÃO ALCANÇOU";"ALCANÇOU";"ALCANÇOU";"ALCANÇOU";"NÃO ALCANÇOU"
"PR";"410845";"Foz do Jordão";"ALCANÇOU";"ALCANÇOU";;"NÃO ALCANÇOU";"ALCANÇOU";"ALCANÇOU";"ALCANÇOU";"NÃO ALCANÇOU"
"PR";"410832";"Francisco Alves";"NÃO ALCANÇOU";"ALCANÇOU";;"NÃO ALCANÇOU";"NÃO ALCANÇOU";"NÃO ALCANÇOU";"ALCANÇOU";"ALCANÇOU"
"PR";"410840";"Francisco Beltrão";"ALCANÇOU";"ALCANÇOU";;"NÃO ALCANÇOU";"ALCANÇOU";"ALCANÇOU";"ALCANÇOU";"NÃO ALCANÇOU"
"PR";"410770";"Fênix";"ALCANÇOU";"ALCANÇOU";;"NÃO ALCANÇOU";"ALCANÇOU";"ALCANÇOU";"NÃO ALCANÇOU";"ALCANÇOU"
"PR";"410850";"General Carneiro";"ALCANÇOU";"NÃO ALCANÇOU";;"NÃO ALCANÇOU";"NÃO ALCANÇOU";"ALCANÇOU";"NÃO ALCANÇOU";"NÃO ALCANÇOU"
"PR";"410855";"Godoy Moreira";"ALCANÇOU";"ALCANÇOU";;"ALCANÇOU";"ALCANÇOU";"NÃO ALCANÇOU";"NÃO ALCANÇOU";"NÃO ALCANÇOU"
"PR";"410860";"Goioerê";"ALCANÇOU";"ALCANÇOU";;"NÃO ALCANÇOU";"NÃO ALCANÇOU";"ALCANÇOU";"ALCANÇOU";"NÃO ALCANÇOU"
"PR";"410865";"Goioxim";"ALCANÇOU";"NÃO ALCANÇOU";;"ALCANÇOU";"ALCANÇOU";"NÃO ALCANÇOU";"ALCANÇOU";"ALCANÇOU"
"PR";"410870";"Grandes Rios";"ALCANÇOU";"ALCANÇOU";;"ALCANÇOU";"ALCANÇOU";"NÃO ALCANÇOU";"ALCANÇOU";"ALCANÇOU"
"PR";"410890";"Guairaçá";"ALCANÇOU";"ALCANÇOU";;"ALCANÇOU";"ALCANÇOU";"NÃO ALCANÇOU";"ALCANÇOU";"ALCANÇOU"
"PR";"410895";"Guamiranga";"ALCANÇOU";"ALCANÇOU";;"ALCANÇOU";"ALCANÇOU";"NÃO ALCANÇOU";"ALCANÇOU";"ALCANÇOU"
"PR";"410900";"Guapirama";"ALCANÇOU";"NÃO ALCANÇOU";;"ALCANÇOU";"ALCANÇOU";"NÃO ALCANÇOU";"ALCANÇOU";"ALCANÇOU"
"PR";"410910";"Guaporema";"ALCANÇOU";"ALCANÇOU";;"NÃO ALCANÇOU";"ALCANÇOU";"NÃO ALCANÇOU";"ALCANÇOU";"ALCANÇOU"
"PR";"410920";"Guaraci";"ALCANÇOU";"ALCANÇOU";;"ALCANÇOU";"ALCANÇOU";"NÃO ALCANÇOU";"ALCANÇOU";"NÃO ALCANÇOU"
"PR";"410930";"Guaraniaçu";"ALCANÇOU";"ALCANÇOU";;"ALCANÇOU";"ALCANÇOU";"ALCANÇOU";"ALCANÇOU";"ALCANÇOU"
"PR";"410940";"Guarapuava";"ALCANÇOU";"ALCANÇOU";;"NÃO ALCANÇOU";"ALCANÇOU";"ALCANÇOU";"NÃO ALCANÇOU";"ALCANÇOU"
"PR";"410950";"Guaraqueçaba";"ALCANÇOU";"ALCANÇOU";;"NÃO ALCANÇOU";"NÃO ALCANÇOU";"NÃO ALCANÇOU";"ALCANÇOU";"ALCANÇOU"
"PR";"410960";"Guaratuba";"ALCANÇOU";"ALCANÇOU";;"NÃO ALCANÇOU";"ALCANÇOU";"NÃO ALCANÇOU";"ALCANÇOU";"NÃO ALCANÇOU"
"PR";"410880";"Guaíra";"ALCANÇOU";"ALCANÇOU";;"ALCANÇOU";"ALCANÇOU";"ALCANÇOU";"NÃO ALCANÇOU";"ALCANÇOU"
"PR";"410965";"Honório Serpa";"ALCANÇOU";"ALCANÇOU";;"NÃO ALCANÇOU";"NÃO ALCANÇOU";"NÃO ALCANÇOU";"ALCANÇOU";"ALCANÇOU"
"PR";"410970";"Ibaiti";"ALCANÇOU";"ALCANÇOU";;"ALCANÇOU";"ALCANÇOU";"NÃO ALCANÇOU";"ALCANÇOU";"ALCANÇOU"
"PR";"410975";"Ibema";"ALCANÇOU";"ALCANÇOU";;"NÃO ALCANÇOU";"ALCANÇOU";"NÃO ALCANÇOU";"ALCANÇOU";"ALCANÇOU"
"PR";"410980";"Ibiporã";"ALCANÇOU";"ALCANÇOU";;"ALCANÇOU";"ALCANÇOU";"ALCANÇOU";"NÃO ALCANÇOU";"NÃO ALCANÇOU"
"PR";"410990";"Icaraíma";"NÃO ALCANÇOU";"ALCANÇOU";;"NÃO ALCANÇOU";"ALCANÇOU";"ALCANÇOU";"ALCANÇOU";"ALCANÇOU"
"PR";"411000";"Iguaraçu";"ALCANÇOU";"ALCANÇOU";;"NÃO ALCANÇOU";"ALCANÇOU";"ALCANÇOU";"ALCANÇOU";"ALCANÇOU"
"PR";"411005";"Iguatu";"ALCANÇOU";"ALCANÇOU";;"ALCANÇOU";"ALCANÇOU";"NÃO ALCANÇOU";"ALCANÇOU";"ALCANÇOU"
"PR";"411007";"Imbaú";"ALCANÇOU";"ALCANÇOU";;"NÃO ALCANÇOU";"NÃO ALCANÇOU";"NÃO ALCANÇOU";"ALCANÇOU";"NÃO ALCANÇOU"
"PR";"411010";"Imbituva";"ALCANÇOU";"ALCANÇOU";;"ALCANÇOU";"ALCANÇOU";"NÃO ALCANÇOU";"ALCANÇOU";"NÃO ALCANÇOU"
"PR";"411030";"Inajá";"NÃO ALCANÇOU";"ALCANÇOU";;"NÃO ALCANÇOU";"NÃO ALCANÇOU";"NÃO ALCANÇOU";"ALCANÇOU";"ALCANÇOU"
"PR";"411040";"Indianópolis";"ALCANÇOU";"ALCANÇOU";;"ALCANÇOU";"ALCANÇOU";"ALCANÇOU";"ALCANÇOU";"ALCANÇOU"
"PR";"411020";"Inácio Martins";"ALCANÇOU";"ALCANÇOU";;"ALCANÇOU";"ALCANÇOU";"NÃO ALCANÇOU";"ALCANÇOU";"ALCANÇOU"
"PR";"411050";"Ipiranga";"ALCANÇOU";"ALCANÇOU";;"ALCANÇOU";"NÃO ALCANÇOU";"NÃO ALCANÇOU";"NÃO ALCANÇOU";"NÃO ALCANÇOU"
"PR";"411060";"Iporã";"ALCANÇOU";"ALCANÇOU";;"ALCANÇOU";"NÃO ALCANÇOU";"NÃO ALCANÇOU";"ALCANÇOU";"ALCANÇOU"
"PR";"411065";"Iracema do Oeste";"ALCANÇOU";"NÃO ALCANÇOU";;"ALCANÇOU";"ALCANÇOU";"NÃO ALCANÇOU";"ALCANÇOU";"ALCANÇOU"
"PR";"411070";"Irati";"ALCANÇOU";"ALCANÇOU";;"ALCANÇOU";"ALCANÇOU";"NÃO ALCANÇOU";"ALCANÇOU";"ALCANÇOU"
"PR";"411080";"Iretama";"ALCANÇOU";"ALCANÇOU";;"ALCANÇOU";"ALCANÇOU";"NÃO ALCANÇOU";"ALCANÇOU";"ALCANÇOU"
"PR";"411090";"Itaguajé";"ALCANÇOU";"ALCANÇOU";;"NÃO ALCANÇOU";"ALCANÇOU";"ALCANÇOU";"ALCANÇOU";"ALCANÇOU"
"PR";"411095";"Itaipulândia";"ALCANÇOU";"ALCANÇOU";;"ALCANÇOU";"ALCANÇOU";"NÃO ALCANÇOU";"NÃO ALCANÇOU";"ALCANÇOU"
"PR";"411100";"Itambaracá";"NÃO ALCANÇOU";"ALCANÇOU";;"ALCANÇOU";"ALCANÇOU";"NÃO ALCANÇOU";"ALCANÇOU";"ALCANÇOU"
"PR";"411110";"Itambé";"ALCANÇOU";"ALCANÇOU";;"ALCANÇOU";"ALCANÇOU";"ALCANÇOU";"NÃO ALCANÇOU";"ALCANÇOU"
"PR";"411120";"Itapejara d'Oeste";"ALCANÇOU";"ALCANÇOU";;"ALCANÇOU";"ALCANÇOU";"NÃO ALCANÇOU";"ALCANÇOU";
"PR";"411120";"Itapejara dOeste";;;;;;;;"ALCANÇOU"
"PR";"411125";"Itaperuçu";"ALCANÇOU";"ALCANÇOU";;"NÃO ALCANÇOU";"NÃO ALCANÇOU";"NÃO ALCANÇOU";"NÃO ALCANÇOU";"ALCANÇOU"
"PR";"411130";"Itaúna do Sul";"ALCANÇOU";"ALCANÇOU";;"ALCANÇOU";"NÃO ALCANÇOU";"NÃO ALCANÇOU";"ALCANÇOU";"NÃO ALCANÇOU"
"PR";"411150";"Ivaiporã";"ALCANÇOU";"ALCANÇOU";;"ALCANÇOU";"ALCANÇOU";"NÃO ALCANÇOU";"NÃO ALCANÇOU";"ALCANÇOU"
"PR";"411160";"Ivatuba";"ALCANÇOU";"ALCANÇOU";;"NÃO ALCANÇOU";"ALCANÇOU";"NÃO ALCANÇOU";"ALCANÇOU";"ALCANÇOU"
"PR";"411155";"Ivaté";"ALCANÇOU";"ALCANÇOU";;"NÃO ALCANÇOU";"ALCANÇOU";"NÃO ALCANÇOU";"ALCANÇOU";"ALCANÇOU"
"PR";"411140";"Ivaí";"NÃO ALCANÇOU";"ALCANÇOU";;"ALCANÇOU";"ALCANÇOU";"NÃO ALCANÇOU";"NÃO ALCANÇOU";"NÃO ALCANÇOU"
"PR";"411170";"Jaboti";"ALCANÇOU";"ALCANÇOU";;"ALCANÇOU";"ALCANÇOU";"NÃO ALCANÇOU";"ALCANÇOU";"ALCANÇOU"
"PR";"411180";"Jacarezinho";"ALCANÇOU";"ALCANÇOU";;"ALCANÇOU";"ALCANÇOU";"ALCANÇOU";"ALCANÇOU";"ALCANÇOU"
"PR";"411190";"Jaguapitã";"ALCANÇOU";"ALCANÇOU";;"NÃO ALCANÇOU";"ALCANÇOU";"ALCANÇOU";"NÃO ALCANÇOU";"NÃO ALCANÇOU"
"PR";"411200";"Jaguariaíva";"ALCANÇOU";"ALCANÇOU";;"NÃO ALCANÇOU";"ALCANÇOU";"NÃO ALCANÇOU";"NÃO ALCANÇOU";"NÃO ALCANÇOU"
"PR";"411210";"Jandaia do Sul";"ALCANÇOU";"ALCANÇOU";;"ALCANÇOU";"ALCANÇOU";"NÃO ALCANÇOU";"NÃO ALCANÇOU";"ALCANÇOU"
"PR";"411220";"Janiópolis";"ALCANÇOU";"ALCANÇOU";;"NÃO ALCANÇOU";"ALCANÇOU";"NÃO ALCANÇOU";"ALCANÇOU";"ALCANÇOU"
"PR";"411230";"Japira";"ALCANÇOU";"ALCANÇOU";;"NÃO ALCANÇOU";"ALCANÇOU";"NÃO ALCANÇOU";"ALCANÇOU";"ALCANÇOU"
"PR";"411240";"Japurá";"NÃO ALCANÇOU";"ALCANÇOU";;"NÃO ALCANÇOU";"ALCANÇOU";"ALCANÇOU";"ALCANÇOU";"NÃO ALCANÇOU"
"PR";"411250";"Jardim Alegre";"ALCANÇOU";"ALCANÇOU";;"ALCANÇOU";"ALCANÇOU";"ALCANÇOU";"NÃO ALCANÇOU";"ALCANÇOU"
"PR";"411260";"Jardim Olinda";"ALCANÇOU";"ALCANÇOU";;"NÃO ALCANÇOU";"ALCANÇOU";"NÃO ALCANÇOU";"ALCANÇOU";"ALCANÇOU"
"PR";"411270";"Jataizinho";"ALCANÇOU";"ALCANÇOU";;"NÃO ALCANÇOU";"ALCANÇOU";"ALCANÇOU";"ALCANÇOU";"NÃO ALCANÇOU"
"PR";"411275";"Jesuítas";"ALCANÇOU";"ALCANÇOU";;"ALCANÇOU";"ALCANÇOU";"NÃO ALCANÇOU";"ALCANÇOU";"ALCANÇOU"
"PR";"411280";"Joaquim Távora";"ALCANÇOU";"ALCANÇOU";;"ALCANÇOU";"ALCANÇOU";"NÃO ALCANÇOU";"NÃO ALCANÇOU";"ALCANÇOU"
"PR";"411290";"Jundiaí do Sul";"ALCANÇOU";"ALCANÇOU";;"ALCANÇOU";"ALCANÇOU";"NÃO ALCANÇOU";"ALCANÇOU";"ALCANÇOU"
"PR";"411295";"Juranda";"ALCANÇOU";"ALCANÇOU";;"NÃO ALCANÇOU";"ALCANÇOU";"NÃO ALCANÇOU";"ALCANÇOU";"ALCANÇOU"
"PR";"411300";"Jussara";"ALCANÇOU";"ALCANÇOU";;"ALCANÇOU";"ALCANÇOU";"NÃO ALCANÇOU";"ALCANÇOU";"ALCANÇOU"
"PR";"411310";"Kaloré";"ALCANÇOU";"ALCANÇOU";;"NÃO ALCANÇOU";"ALCANÇOU";"NÃO ALCANÇOU";"ALCANÇOU";"ALCANÇOU"
"PR";"411320";"Lapa";"ALCANÇOU";"ALCANÇOU";;"NÃO ALCANÇOU";"NÃO ALCANÇOU";"ALCANÇOU";"ALCANÇOU";"NÃO ALCANÇOU"
"PR";"411325";"Laranjal";"ALCANÇOU";"ALCANÇOU";;"ALCANÇOU";"NÃO ALCANÇOU";"NÃO ALCANÇOU";"ALCANÇOU";"ALCANÇOU"
"PR";"411330";"Laranjeiras do Sul";"ALCANÇOU";"ALCANÇOU";;"ALCANÇOU";"ALCANÇOU";"ALCANÇOU";"ALCANÇOU";"ALCANÇOU"
"PR";"411340";"Leópolis";"ALCANÇOU";"NÃO ALCANÇOU";;"NÃO ALCANÇOU";"ALCANÇOU";"NÃO ALCANÇOU";"ALCANÇOU";"ALCANÇOU"
"PR";"411342";"Lidianópolis";"ALCANÇOU";"ALCANÇOU";;"ALCANÇOU";"ALCANÇOU";"NÃO ALCANÇOU";"ALCANÇOU";"ALCANÇOU"
"PR";"411345";"Lindoeste";"ALCANÇOU";"ALCANÇOU";;"ALCANÇOU";"ALCANÇOU";"NÃO ALCANÇOU";"ALCANÇOU";"ALCANÇOU"
"PR";"411350";"Loanda";"ALCANÇOU";"ALCANÇOU";;"ALCANÇOU";"NÃO ALCANÇOU";"ALCANÇOU";"NÃO ALCANÇOU";"ALCANÇOU"
"PR";"411360";"Lobato";"ALCANÇOU";"ALCANÇOU";;"ALCANÇOU";"ALCANÇOU";"NÃO ALCANÇOU";"ALCANÇOU";"ALCANÇOU"
"PR";"411370";"Londrina";"ALCANÇOU";"ALCANÇOU";;"NÃO ALCANÇOU";"ALCANÇOU";"ALCANÇOU";"NÃO ALCANÇOU";"ALCANÇOU"
"PR";"411373";"Luiziana";"ALCANÇOU";"ALCANÇOU";;"NÃO ALCANÇOU";"ALCANÇOU";"NÃO ALCANÇOU";"ALCANÇOU";"ALCANÇOU"
"PR";"411375";"Lunardelli";"ALCANÇOU";"ALCANÇOU";;"ALCANÇOU";"NÃO ALCANÇOU";"ALCANÇOU";"ALCANÇOU";"ALCANÇOU"
"PR";"411380";"Lupionópolis";"ALCANÇOU";"ALCANÇOU";;"NÃO ALCANÇOU";"NÃO ALCANÇOU";"NÃO ALCANÇOU";"NÃO ALCANÇOU";"NÃO ALCANÇOU"
"PR";"411390";"Mallet";"ALCANÇOU";"ALCANÇOU";;"ALCANÇOU";"ALCANÇOU";"ALCANÇOU";"ALCANÇOU";"ALCANÇOU"
"PR";"411400";"Mamborê";"NÃO ALCANÇOU";"ALCANÇOU";;"NÃO ALCANÇOU";"ALCANÇOU";"ALCANÇOU";"ALCANÇOU";"ALCANÇOU"
"PR";"411420";"Mandaguari";"ALCANÇOU";"ALCANÇOU";;"ALCANÇOU";"ALCANÇOU";"ALCANÇOU";"NÃO ALCANÇOU";"ALCANÇOU"
"PR";"411410";"Mandaguaçu";"ALCANÇOU";"ALCANÇOU";;"NÃO ALCANÇOU";"ALCANÇOU";"NÃO ALCANÇOU";"NÃO ALCANÇOU";"ALCANÇOU"
"PR";"411430";"Mandirituba";"ALCANÇOU";"ALCANÇOU";;"NÃO ALCANÇOU";"NÃO ALCANÇOU";"NÃO ALCANÇOU";"NÃO ALCANÇOU";"ALCANÇOU"
"PR";"411435";"Manfrinópolis";"NÃO ALCANÇOU";"ALCANÇOU";;"ALCANÇOU";"ALCANÇOU";"NÃO ALCANÇOU";"ALCANÇOU";"ALCANÇOU"
"PR";"411440";"Mangueirinha";"ALCANÇOU";"ALCANÇOU";;"ALCANÇOU";"ALCANÇOU";"ALCANÇOU";"ALCANÇOU";"ALCANÇOU"
"PR";"411450";"Manoel Ribas";"ALCANÇOU";"ALCANÇOU";;"NÃO ALCANÇOU";"ALCANÇOU";"NÃO ALCANÇOU";"ALCANÇOU";"ALCANÇOU"
"PR";"411460";"Marechal Cândido Rondon";"ALCANÇOU";"ALCANÇOU";;"ALCANÇOU";"ALCANÇOU";"ALCANÇOU";"ALCANÇOU";"ALCANÇOU"
"PR";"411470";"Maria Helena";"NÃO ALCANÇOU";"ALCANÇOU";;"ALCANÇOU";"ALCANÇOU";"NÃO ALCANÇOU";"NÃO ALCANÇOU";"NÃO ALCANÇOU"
"PR";"411480";"Marialva";"ALCANÇOU";"ALCANÇOU";;"NÃO ALCANÇOU";"ALCANÇOU";"NÃO ALCANÇOU";"NÃO ALCANÇOU";"ALCANÇOU"
"PR";"411500";"Marilena";"ALCANÇOU";"ALCANÇOU";;"ALCANÇOU";"NÃO ALCANÇOU";"ALCANÇOU";"ALCANÇOU";"ALCANÇOU"
"PR";"411510";"Mariluz";"ALCANÇOU";"ALCANÇOU";;"ALCANÇOU";"ALCANÇOU";"NÃO ALCANÇOU";"ALCANÇOU";"ALCANÇOU"
"PR";"411490";"Marilândia do Sul";"ALCANÇOU";"ALCANÇOU";;"ALCANÇOU";"ALCANÇOU";"NÃO ALCANÇOU";"ALCANÇOU";"ALCANÇOU"
"PR";"411520";"Maringá";"ALCANÇOU";"ALCANÇOU";;"ALCANÇOU";"ALCANÇOU";"ALCANÇOU";"NÃO ALCANÇOU";"ALCANÇOU"
"PR";"411535";"Maripá";"ALCANÇOU";"ALCANÇOU";;"NÃO ALCANÇOU";"ALCANÇOU";"NÃO ALCANÇOU";"ALCANÇOU";"ALCANÇOU"
"PR";"411530";"Mariópolis";"ALCANÇOU";"ALCANÇOU";;"ALCANÇOU";"ALCANÇOU";"NÃO ALCANÇOU";"ALCANÇOU";"ALCANÇOU"
"PR";"411540";"Marmeleiro";"ALCANÇOU";"ALCANÇOU";;"ALCANÇOU";"ALCANÇOU";"ALCANÇOU";"ALCANÇOU";"ALCANÇOU"
"PR";"411545";"Marquinho";"ALCANÇOU";"ALCANÇOU";;"NÃO ALCANÇOU";"ALCANÇOU";"NÃO ALCANÇOU";"ALCANÇOU";"ALCANÇOU"
"PR";"411550";"Marumbi";"ALCANÇOU";"ALCANÇOU";;"ALCANÇOU";"NÃO ALCANÇOU";"NÃO ALCANÇOU";"ALCANÇOU";"NÃO ALCANÇOU"
"PR";"411560";"Matelândia";"ALCANÇOU";"ALCANÇOU";;"ALCANÇOU";"ALCANÇOU";"ALCANÇOU";"NÃO ALCANÇOU";"ALCANÇOU"
"PR";"411570";"Matinhos";"ALCANÇOU";"ALCANÇOU";;"NÃO ALCANÇOU";"NÃO ALCANÇOU";"ALCANÇOU";"ALCANÇOU";"NÃO ALCANÇOU"
"PR";"411573";"Mato Rico";"ALCANÇOU";"ALCANÇOU";;"NÃO ALCANÇOU";"NÃO ALCANÇOU";"NÃO ALCANÇOU";"ALCANÇOU";"ALCANÇOU"
"PR";"411575";"Mauá da Serra";"ALCANÇOU";"ALCANÇOU";;"ALCANÇOU";"ALCANÇOU";"NÃO ALCANÇOU";"ALCANÇOU";"ALCANÇOU"
"PR";"411580";"Medianeira";"ALCANÇOU";"ALCANÇOU";;"ALCANÇOU";"ALCANÇOU";"ALCANÇOU";"NÃO ALCANÇOU";"ALCANÇOU"
"PR";"411585";"Mercedes";"ALCANÇOU";"ALCANÇOU";;"ALCANÇOU";"ALCANÇOU";"NÃO ALCANÇOU";"ALCANÇOU";"ALCANÇOU"
"PR";"411590";"Mirador";"ALCANÇOU";"ALCANÇOU";;"NÃO ALCANÇOU";"NÃO ALCANÇOU";"ALCANÇOU";"NÃO ALCANÇOU";"NÃO ALCANÇOU"
"PR";"411600";"Miraselva";"ALCANÇOU";"ALCANÇOU";;"ALCANÇOU";"ALCANÇOU";"NÃO ALCANÇOU";"ALCANÇOU";"ALCANÇOU"
"PR";"411605";"Missal";"ALCANÇOU";"ALCANÇOU";;"ALCANÇOU";"ALCANÇOU";"NÃO ALCANÇOU";"ALCANÇOU";"ALCANÇOU"
"PR";"411610";"Moreira Sales";"ALCANÇOU";"ALCANÇOU";;"NÃO ALCANÇOU";"ALCANÇOU";"NÃO ALCANÇOU";"ALCANÇOU";"ALCANÇOU"
"PR";"411620";"Morretes";"ALCANÇOU";"ALCANÇOU";;"NÃO ALCANÇOU";"ALCANÇOU";"NÃO ALCANÇOU";"NÃO ALCANÇOU";"ALCANÇOU"
"PR";"411630";"Munhoz de Melo";"ALCANÇOU";"NÃO ALCANÇOU";;"NÃO ALCANÇOU";"ALCANÇOU";"NÃO ALCANÇOU";"ALCANÇOU";"ALCANÇOU"
"PR";"411640";"Nossa Senhora das Graças";"ALCANÇOU";"NÃO ALCANÇOU";;"NÃO ALCANÇOU";"ALCANÇOU";"NÃO ALCANÇOU";"NÃO ALCANÇOU";"ALCANÇOU"
"PR";"411650";"Nova Aliança do Ivaí";"ALCANÇOU";"ALCANÇOU";;"NÃO ALCANÇOU";"ALCANÇOU";"NÃO ALCANÇOU";"ALCANÇOU";"NÃO ALCANÇOU"
"PR";"411660";"Nova América da Colina";"NÃO ALCANÇOU";"NÃO ALCANÇOU";;"NÃO ALCANÇOU";"NÃO ALCANÇOU";"ALCANÇOU";"ALCANÇOU";"ALCANÇOU"
"PR";"411670";"Nova Aurora";"ALCANÇOU";"ALCANÇOU";;"NÃO ALCANÇOU";"ALCANÇOU";"ALCANÇOU";"ALCANÇOU";"ALCANÇOU"
"PR";"411680";"Nova Cantu";"ALCANÇOU";"ALCANÇOU";;"NÃO ALCANÇOU";"ALCANÇOU";"NÃO ALCANÇOU";"ALCANÇOU";"ALCANÇOU"
"PR";"411690";"Nova Esperança";"ALCANÇOU";"ALCANÇOU";;"ALCANÇOU";"ALCANÇOU";"ALCANÇOU";"NÃO ALCANÇOU";"ALCANÇOU"
"PR";"411695";"Nova Esperança do Sudoeste";"ALCANÇOU";"NÃO ALCANÇOU";;"NÃO ALCANÇOU";"NÃO ALCANÇOU";"ALCANÇOU";"ALCANÇOU";"NÃO ALCANÇOU"
"PR";"411700";"Nova Fátima";"ALCANÇOU";"ALCANÇOU";;"NÃO ALCANÇOU";"ALCANÇOU";"ALCANÇOU";"ALCANÇOU";"ALCANÇOU"
"PR";"411705";"Nova Laranjeiras";"ALCANÇOU";"ALCANÇOU";;"ALCANÇOU";"ALCANÇOU";"NÃO ALCANÇOU";"ALCANÇOU";"ALCANÇOU"
"PR";"411710";"Nova Londrina";"ALCANÇOU";"ALCANÇOU";;"NÃO ALCANÇOU";"ALCANÇOU";"NÃO ALCANÇOU";"ALCANÇOU";"ALCANÇOU"
"PR";"411720";"Nova Olímpia";"ALCANÇOU";"ALCANÇOU";;"ALCANÇOU";"ALCANÇOU";"ALCANÇOU";"ALCANÇOU";"ALCANÇOU"
"PR";"411725";"Nova Prata do Iguaçu";"ALCANÇOU";"ALCANÇOU";;"ALCANÇOU";"ALCANÇOU";"ALCANÇOU";"ALCANÇOU";"ALCANÇOU"
"PR";"411721";"Nova Santa Bárbara";"ALCANÇOU";"ALCANÇOU";;"NÃO ALCANÇOU";"NÃO ALCANÇOU";"NÃO ALCANÇOU";"ALCANÇOU";"ALCANÇOU"
"PR";"411722";"Nova Santa Rosa";"ALCANÇOU";"ALCANÇOU";;"NÃO ALCANÇOU";"ALCANÇOU";"NÃO ALCANÇOU";"ALCANÇOU";"NÃO ALCANÇOU"
"PR";"411727";"Nova Tebas";"NÃO ALCANÇOU";"ALCANÇOU";;"ALCANÇOU";"ALCANÇOU";"ALCANÇOU";"ALCANÇOU";"ALCANÇOU"
"PR";"411729";"Novo Itacolomi";"ALCANÇOU";"ALCANÇOU";;"ALCANÇOU";"NÃO ALCANÇOU";"NÃO ALCANÇOU";"ALCANÇOU";"ALCANÇOU"
"PR";"411730";"Ortigueira";"ALCANÇOU";"ALCANÇOU";;"NÃO ALCANÇOU";"NÃO ALCANÇOU";"NÃO ALCANÇOU";"NÃO ALCANÇOU";"ALCANÇOU"
"PR";"411740";"Ourizona";"ALCANÇOU";"ALCANÇOU";;"NÃO ALCANÇOU";"ALCANÇOU";"ALCANÇOU";"ALCANÇOU";"ALCANÇOU"
"PR";"411745";"Ouro Verde do Oeste";"ALCANÇOU";"ALCANÇOU";;"ALCANÇOU";"ALCANÇOU";"ALCANÇOU";"NÃO ALCANÇOU";"NÃO ALCANÇOU"
"PR";"411750";"Paiçandu";"ALCANÇOU";"ALCANÇOU";;"NÃO ALCANÇOU";"ALCANÇOU";"ALCANÇOU";"NÃO ALCANÇOU";"ALCANÇOU"
"PR";"411760";"Palmas";"ALCANÇOU";"ALCANÇOU";;"NÃO ALCANÇOU";"ALCANÇOU";"ALCANÇOU";"ALCANÇOU";"ALCANÇOU"
"PR";"411770";"Palmeira";"ALCANÇOU";"ALCANÇOU";;"ALCANÇOU";"ALCANÇOU";"ALCANÇOU";"ALCANÇOU";"ALCANÇOU"
"PR";"411780";"Palmital";"ALCANÇOU";"ALCANÇOU";;"ALCANÇOU";"ALCANÇOU";"ALCANÇOU";"ALCANÇOU";"ALCANÇOU"
"PR";"411790";"Palotina";"ALCANÇOU";"ALCANÇOU";;"NÃO ALCANÇOU";"ALCANÇOU";"ALCANÇOU";"NÃO ALCANÇOU";"ALCANÇOU"
"PR";"411810";"Paranacity";"ALCANÇOU";"ALCANÇOU";;"NÃO ALCANÇOU";"NÃO ALCANÇOU";"ALCANÇOU";"ALCANÇOU";"ALCANÇOU"
"PR";"411820";"Paranaguá";"ALCANÇOU";"ALCANÇOU";;"NÃO ALCANÇOU";"ALCANÇOU";"ALCANÇOU";"NÃO ALCANÇOU";"NÃO ALCANÇOU"
"PR";"411830";"Paranapoema";"ALCANÇOU";"ALCANÇOU";;"NÃO ALCANÇOU";"ALCANÇOU";"NÃO ALCANÇOU";"ALCANÇOU";"ALCANÇOU"
"PR";"411840";"Paranavaí";"ALCANÇOU";"ALCANÇOU";;"NÃO ALCANÇOU";"ALCANÇOU";"ALCANÇOU";"ALCANÇOU";"ALCANÇOU"
"PR";"411800";"Paraíso do Norte";"ALCANÇOU";"ALCANÇOU";;"ALCANÇOU";"ALCANÇOU";"NÃO ALCANÇOU";"ALCANÇOU";"ALCANÇOU"
"PR";"411845";"Pato Bragado";"ALCANÇOU";"ALCANÇOU";;"NÃO ALCANÇOU";"ALCANÇOU";"NÃO ALCANÇOU";"ALCANÇOU";"ALCANÇOU"
"PR";"411850";"Pato Branco";"ALCANÇOU";"ALCANÇOU";;"ALCANÇOU";"ALCANÇOU";"NÃO ALCANÇOU";"ALCANÇOU";"ALCANÇOU"
"PR";"411860";"Paula Freitas";"ALCANÇOU";"NÃO ALCANÇOU";;"NÃO ALCANÇOU";"ALCANÇOU";"ALCANÇOU";"ALCANÇOU";"ALCANÇOU"
"PR";"411870";"Paulo Frontin";"ALCANÇOU";"ALCANÇOU";;"NÃO ALCANÇOU";"ALCANÇOU";"NÃO ALCANÇOU";"ALCANÇOU";"ALCANÇOU"
"PR";"411880";"Peabiru";"ALCANÇOU";"ALCANÇOU";;"ALCANÇOU";"ALCANÇOU";"NÃO ALCANÇOU";"NÃO ALCANÇOU";"ALCANÇOU"
"PR";"411885";"Perobal";"ALCANÇOU";"NÃO ALCANÇOU";;"NÃO ALCANÇOU";"ALCANÇOU";"NÃO ALCANÇOU";"ALCANÇOU";"ALCANÇOU"
"PR";"411915";"Pinhais";"ALCANÇOU";"ALCANÇOU";;"NÃO ALCANÇOU";"ALCANÇOU";"ALCANÇOU";"NÃO ALCANÇOU";"NÃO ALCANÇOU"
"PR";"411925";"Pinhal de São Bento";"ALCANÇOU";"ALCANÇOU";;"ALCANÇOU";"ALCANÇOU";"NÃO ALCANÇOU";"ALCANÇOU";"ALCANÇOU"
"PR";"411920";"Pinhalão";"ALCANÇOU";"ALCANÇOU";;"ALCANÇOU";"ALCANÇOU";"NÃO ALCANÇOU";"ALCANÇOU";"ALCANÇOU"
"PR";"411930";"Pinhão";"NÃO ALCANÇOU";"ALCANÇOU";;"NÃO ALCANÇOU";"ALCANÇOU";"NÃO ALCANÇOU";"NÃO ALCANÇOU";"ALCANÇOU"
"PR";"411950";"Piraquara";"ALCANÇOU";"ALCANÇOU";;"NÃO ALCANÇOU";"ALCANÇOU";"ALCANÇOU";"ALCANÇOU";"NÃO ALCANÇOU"
"PR";"411940";"Piraí do Sul";"ALCANÇOU";"ALCANÇOU";;"NÃO ALCANÇOU";"ALCANÇOU";"ALCANÇOU";"NÃO ALCANÇOU";"ALCANÇOU"
"PR";"411960";"Pitanga";"ALCANÇOU";"ALCANÇOU";;"ALCANÇOU";"ALCANÇOU";"ALCANÇOU";"ALCANÇOU";"NÃO ALCANÇOU"
"PR";"411965";"Pitangueiras";"ALCANÇOU";"ALCANÇOU";;"ALCANÇOU";"ALCANÇOU";"NÃO ALCANÇOU";"ALCANÇOU";"ALCANÇOU"
"PR";"411910";"Piên";"ALCANÇOU";"ALCANÇOU";;"ALCANÇOU";"ALCANÇOU";"ALCANÇOU";"ALCANÇOU";"NÃO ALCANÇOU"
"PR";"411970";"Planaltina do Paraná";"ALCANÇOU";"NÃO ALCANÇOU";;"ALCANÇOU";"NÃO ALCANÇOU";"NÃO ALCANÇOU";"ALCANÇOU";"NÃO ALCANÇOU"
"PR";"411980";"Planalto";"ALCANÇOU";"ALCANÇOU";;"ALCANÇOU";"ALCANÇOU";"NÃO ALCANÇOU";"NÃO ALCANÇOU";"ALCANÇOU"
"PR";"411990";"Ponta Grossa";"ALCANÇOU";"ALCANÇOU";;"NÃO ALCANÇOU";"ALCANÇOU";"ALCANÇOU";"NÃO ALCANÇOU";"ALCANÇOU"
"PR";"411995";"Pontal do Paraná";"ALCANÇOU";"ALCANÇOU";;"NÃO ALCANÇOU";"NÃO ALCANÇOU";"NÃO ALCANÇOU";"ALCANÇOU";"NÃO ALCANÇOU"
"PR";"412000";"Porecatu";"ALCANÇOU";"ALCANÇOU";;"NÃO ALCANÇOU";"ALCANÇOU";"ALCANÇOU";"ALCANÇOU";"ALCANÇOU"
"PR";"412010";"Porto Amazonas";"ALCANÇOU";"ALCANÇOU";;"NÃO ALCANÇOU";"ALCANÇOU";"NÃO ALCANÇOU";"ALCANÇOU";"ALCANÇOU"
"PR";"412015";"Porto Barreiro";"ALCANÇOU";"NÃO ALCANÇOU";;"NÃO ALCANÇOU";"ALCANÇOU";"NÃO ALCANÇOU";"ALCANÇOU";"ALCANÇOU"
"PR";"412020";"Porto Rico";"ALCANÇOU";"ALCANÇOU";;"NÃO ALCANÇOU";"ALCANÇOU";"NÃO ALCANÇOU";"ALCANÇOU";"ALCANÇOU"
"PR";"412030";"Porto Vitória";"ALCANÇOU";"ALCANÇOU";;"NÃO ALCANÇOU";"NÃO ALCANÇOU";"NÃO ALCANÇOU";"ALCANÇOU";"ALCANÇOU"
"PR";"412033";"Prado Ferreira";"ALCANÇOU";"ALCANÇOU";;"NÃO ALCANÇOU";"NÃO ALCANÇOU";"ALCANÇOU";"ALCANÇOU";"ALCANÇOU"
"PR";"412035";"Pranchita";"ALCANÇOU";"ALCANÇOU";;"ALCANÇOU";"ALCANÇOU";"NÃO ALCANÇOU";"ALCANÇOU";"ALCANÇOU"
"PR";"412040";"Presidente Castelo Branco";"ALCANÇOU";"ALCANÇOU";;"NÃO ALCANÇOU";"NÃO ALCANÇOU";"NÃO ALCANÇOU";"ALCANÇOU";"ALCANÇOU"
"PR";"412050";"Primeiro de Maio";"ALCANÇOU";"ALCANÇOU";;"NÃO ALCANÇOU";"NÃO ALCANÇOU";"ALCANÇOU";"ALCANÇOU";"NÃO ALCANÇOU"
"PR";"412060";"Prudentópolis";"ALCANÇOU";"ALCANÇOU";;"ALCANÇOU";"ALCANÇOU";"ALCANÇOU";"ALCANÇOU";"ALCANÇOU"
"PR";"411890";"Pérola";"ALCANÇOU";"ALCANÇOU";;"NÃO ALCANÇOU";"ALCANÇOU";"NÃO ALCANÇOU";"ALCANÇOU";"NÃO ALCANÇOU"
"PR";"411900";"Pérola d'Oeste";"ALCANÇOU";"NÃO ALCANÇOU";;"NÃO ALCANÇOU";"ALCANÇOU";"NÃO ALCANÇOU";"ALCANÇOU";
"PR";"411900";"Pérola dOeste";;;;;;;;"ALCANÇOU"
"PR";"412065";"Quarto Centenário";"ALCANÇOU";"ALCANÇOU";;"ALCANÇOU";"NÃO ALCANÇOU";"ALCANÇOU";"ALCANÇOU";"ALCANÇOU"
"PR";"412070";"Quatiguá";"ALCANÇOU";"ALCANÇOU";;"NÃO ALCANÇOU";"ALCANÇOU";"NÃO ALCANÇOU";"ALCANÇOU";"ALCANÇOU"
"PR";"412080";"Quatro Barras";"ALCANÇOU";"ALCANÇOU";;"ALCANÇOU";"ALCANÇOU";"NÃO ALCANÇOU";"NÃO ALCANÇOU";"ALCANÇOU"
"PR";"412085";"Quatro Pontes";"NÃO ALCANÇOU";"ALCANÇOU";;"ALCANÇOU";"ALCANÇOU";"NÃO ALCANÇOU";"ALCANÇOU";"ALCANÇOU"
"PR";"412090";"Quedas do Iguaçu";"NÃO ALCANÇOU";"ALCANÇOU";;"ALCANÇOU";"ALCANÇOU";"ALCANÇOU";"NÃO ALCANÇOU";"ALCANÇOU"
"PR";"412100";"Querência do Norte";"ALCANÇOU";"ALCANÇOU";;"ALCANÇOU";"NÃO ALCANÇOU";"NÃO ALCANÇOU";"NÃO ALCANÇOU";"ALCANÇOU"
"PR";"412110";"Quinta do Sol";"ALCANÇOU";"ALCANÇOU";;"ALCANÇOU";"ALCANÇOU";"NÃO ALCANÇOU";"ALCANÇOU";"ALCANÇOU"
"PR";"412120";"Quitandinha";"ALCANÇOU";"ALCANÇOU";;"NÃO ALCANÇOU";"ALCANÇOU";"ALCANÇOU";"NÃO ALCANÇOU";"ALCANÇOU"
"PR";"412125";"Ramilândia";"ALCANÇOU";"ALCANÇOU";;"NÃO ALCANÇOU";"ALCANÇOU";"NÃO ALCANÇOU";"ALCANÇOU";"ALCANÇOU"
"PR";"412130";"Rancho Alegre";"ALCANÇOU";"NÃO ALCANÇOU";;"NÃO ALCANÇOU";"NÃO ALCANÇOU";"NÃO ALCANÇOU";"ALCANÇOU";"ALCANÇOU"
"PR";"412135";"Rancho Alegre D'Oeste";"ALCANÇOU";"ALCANÇOU";;"NÃO ALCANÇOU";"ALCANÇOU";"NÃO ALCANÇOU";"ALCANÇOU";
"PR";"412135";"Rancho Alegre DOeste";;;;;;;;"ALCANÇOU"
"PR";"412140";"Realeza";"ALCANÇOU";"ALCANÇOU";;"ALCANÇOU";"ALCANÇOU";"NÃO ALCANÇOU";"NÃO ALCANÇOU";"ALCANÇOU"
"PR";"412150";"Rebouças";"ALCANÇOU";"ALCANÇOU";;"ALCANÇOU";"NÃO ALCANÇOU";"NÃO ALCANÇOU";"ALCANÇOU";"ALCANÇOU"
"PR";"412160";"Renascença";"ALCANÇOU";"ALCANÇOU";;"ALCANÇOU";"ALCANÇOU";"NÃO ALCANÇOU";"ALCANÇOU";"ALCANÇOU"
"PR";"412170";"Reserva";"NÃO ALCANÇOU";"ALCANÇOU";;"ALCANÇOU";"ALCANÇOU";"ALCANÇOU";"ALCANÇOU";"NÃO ALCANÇOU"
"PR";"412175";"Reserva do Iguaçu";"ALCANÇOU";"ALCANÇOU";;"NÃO ALCANÇOU";"ALCANÇOU";"ALCANÇOU";"ALCANÇOU";"ALCANÇOU"
"PR";"412180";"Ribeirão Claro";"ALCANÇOU";"ALCANÇOU";;"ALCANÇOU";"ALCANÇOU";"NÃO ALCANÇOU";"ALCANÇOU";"ALCANÇOU"
"PR";"412190";"Ribeirão do Pinhal";"ALCANÇOU";"ALCANÇOU";;"ALCANÇOU";"NÃO ALCANÇOU";"NÃO ALCANÇOU";"ALCANÇOU";"ALCANÇOU"
"PR";"412200";"Rio Azul";"ALCANÇOU";"ALCANÇOU";;"NÃO ALCANÇOU";"ALCANÇOU";"NÃO ALCANÇOU";"NÃO ALCANÇOU";"ALCANÇOU"
"PR";"412210";"Rio Bom";"NÃO ALCANÇOU";"NÃO ALCANÇOU";;"NÃO ALCANÇOU";"ALCANÇOU";"NÃO ALCANÇOU";"ALCANÇOU";"ALCANÇOU"
"PR";"412215";"Rio Bonito do Iguaçu";"ALCANÇOU";"ALCANÇOU";;"NÃO ALCANÇOU";"ALCANÇOU";"NÃO ALCANÇOU";"NÃO ALCANÇOU";"ALCANÇOU"
"PR";"412217";"Rio Branco do Ivaí";"ALCANÇOU";"ALCANÇOU";;"ALCANÇOU";"NÃO ALCANÇOU";"NÃO ALCANÇOU";"ALCANÇOU";"ALCANÇOU"
"PR";"412220";"Rio Branco do Sul";"ALCANÇOU";"ALCANÇOU";;"NÃO ALCANÇOU";"ALCANÇOU";"NÃO ALCANÇOU";"NÃO ALCANÇOU";"NÃO ALCANÇOU"
"PR";"412230";"Rio Negro";"ALCANÇOU";"ALCANÇOU";;"ALCANÇOU";"ALCANÇOU";"ALCANÇOU";"NÃO ALCANÇOU";"ALCANÇOU"
"PR";"412240";"Rolândia";"ALCANÇOU";"ALCANÇOU";;"NÃO ALCANÇOU";"ALCANÇOU";"NÃO ALCANÇOU";"ALCANÇOU";"ALCANÇOU"
"PR";"412250";"Roncador";"ALCANÇOU";"ALCANÇOU";;"NÃO ALCANÇOU";"NÃO ALCANÇOU";"NÃO ALCANÇOU";"ALCANÇOU";"ALCANÇOU"
"PR";"412260";"Rondon";"ALCANÇOU";"ALCANÇOU";;"ALCANÇOU";"ALCANÇOU";"ALCANÇOU";"ALCANÇOU";"NÃO ALCANÇOU"
"PR";"412265";"Rosário do Ivaí";"ALCANÇOU";"ALCANÇOU";;"NÃO ALCANÇOU";"ALCANÇOU";"NÃO ALCANÇOU";"ALCANÇOU";"ALCANÇOU"
"PR";"412270";"Sabáudia";"ALCANÇOU";"ALCANÇOU";;"NÃO ALCANÇOU";"ALCANÇOU";"ALCANÇOU";"ALCANÇOU";"ALCANÇOU"
"PR";"412280";"Salgado Filho";"NÃO ALCANÇOU";"ALCANÇOU";;"ALCANÇOU";"ALCANÇOU";"NÃO ALCANÇOU";"ALCANÇOU";"ALCANÇOU"
"PR";"412290";"Salto do Itararé";"ALCANÇOU";"ALCANÇOU";;"NÃO ALCANÇOU";"ALCANÇOU";"NÃO ALCANÇOU";"ALCANÇOU";"ALCANÇOU"
"PR";"412300";"Salto do Lontra";"ALCANÇOU";"ALCANÇOU";;"ALCANÇOU";"ALCANÇOU";"NÃO ALCANÇOU";"ALCANÇOU";"NÃO ALCANÇOU"
"PR";"412310";"Santa Amélia";"NÃO ALCANÇOU";"ALCANÇOU";;"ALCANÇOU";"NÃO ALCANÇOU";"NÃO ALCANÇOU";"ALCANÇOU";"ALCANÇOU"
"PR";"412320";"Santa Cecília do Pavão";"ALCANÇOU";"ALCANÇOU";;"NÃO ALCANÇOU";"NÃO ALCANÇOU";"NÃO ALCANÇOU";"NÃO ALCANÇOU";"ALCANÇOU"
"PR";"412330";"Santa Cruz de Monte Castelo";"ALCANÇOU";"ALCANÇOU";;"NÃO ALCANÇOU";"ALCANÇOU";"NÃO ALCANÇOU";"ALCANÇOU";"ALCANÇOU"
"PR";"412340";"Santa Fé";"ALCANÇOU";"ALCANÇOU";;"NÃO ALCANÇOU";"ALCANÇOU";"NÃO ALCANÇOU";"ALCANÇOU";"ALCANÇOU"
"PR";"412350";"Santa Helena";"ALCANÇOU";"ALCANÇOU";;"ALCANÇOU";"ALCANÇOU";"ALCANÇOU";"ALCANÇOU";"ALCANÇOU"
"PR";"412360";"Santa Inês";"ALCANÇOU";"ALCANÇOU";;"ALCANÇOU";"NÃO ALCANÇOU";"ALCANÇOU";"ALCANÇOU";"NÃO ALCANÇOU"
"PR";"412370";"Santa Isabel do Ivaí";"ALCANÇOU";"ALCANÇOU";;"NÃO ALCANÇOU";"NÃO ALCANÇOU";"NÃO ALCANÇOU";"ALCANÇOU";"ALCANÇOU"
"PR";"412380";"Santa Izabel do Oeste";"ALCANÇOU";"ALCANÇOU";;"ALCANÇOU";"ALCANÇOU";"NÃO ALCANÇOU";"ALCANÇOU";"ALCANÇOU"
"PR";"412382";"Santa Lúcia";"ALCANÇOU";"ALCANÇOU";;"ALCANÇOU";"NÃO ALCANÇOU";"ALCANÇOU";"ALCANÇOU";"ALCANÇOU"
"PR";"412385";"Santa Maria do Oeste";"ALCANÇOU";"ALCANÇOU";;"NÃO ALCANÇOU";"NÃO ALCANÇOU";"NÃO ALCANÇOU";"NÃO ALCANÇOU";"ALCANÇOU"
"PR";"412390";"Santa Mariana";"ALCANÇOU";"NÃO ALCANÇOU";;"NÃO ALCANÇOU";"ALCANÇOU";"NÃO ALCANÇOU";"ALCANÇOU";"ALCANÇOU"
"PR";"412395";"Santa Mônica";"ALCANÇOU";"ALCANÇOU";;"NÃO ALCANÇOU";"NÃO ALCANÇOU";"NÃO ALCANÇOU";"ALCANÇOU";"ALCANÇOU"
"PR";"412402";"Santa Tereza do Oeste";"ALCANÇOU";"ALCANÇOU";;"ALCANÇOU";"ALCANÇOU";"ALCANÇOU";"ALCANÇOU";"NÃO ALCANÇOU"
"PR";"412405";"Santa Terezinha de Itaipu";"ALCANÇOU";"ALCANÇOU";;"ALCANÇOU";"ALCANÇOU";"ALCANÇOU";"NÃO ALCANÇOU";"ALCANÇOU"
"PR";"412400";"Santana do Itararé";"ALCANÇOU";"ALCANÇOU";;"ALCANÇOU";"ALCANÇOU";"NÃO ALCANÇOU";"ALCANÇOU";"ALCANÇOU"
"PR";"412410";"Santo Antônio da Platina";"ALCANÇOU";"ALCANÇOU";;"NÃO ALCANÇOU";"ALCANÇOU";"NÃO ALCANÇOU";"ALCANÇOU";"NÃO ALCANÇOU"
"PR";"412420";"Santo Antônio do Caiuá";"ALCANÇOU";"NÃO ALCANÇOU";;"NÃO ALCANÇOU";"NÃO ALCANÇOU";"NÃO ALCANÇOU";"ALCANÇOU";"ALCANÇOU"
"PR";"412430";"Santo Antônio do Paraíso";"ALCANÇOU";"ALCANÇOU";;"ALCANÇOU";"NÃO ALCANÇOU";"NÃO ALCANÇOU";"ALCANÇOU";"NÃO ALCANÇOU"
"PR";"412440";"Santo Antônio do Sudoeste";"ALCANÇOU";"ALCANÇOU";;"ALCANÇOU";"ALCANÇOU";"NÃO ALCANÇOU";"ALCANÇOU";"ALCANÇOU"
"PR";"412450";"Santo Inácio";"ALCANÇOU";"ALCANÇOU";;"NÃO ALCANÇOU";"NÃO ALCANÇOU";"ALCANÇOU";"ALCANÇOU";"ALCANÇOU"
"PR";"412620";"Sapopema";"ALCANÇOU";"NÃO ALCANÇOU";;"NÃO ALCANÇOU";"ALCANÇOU";"NÃO ALCANÇOU";"ALCANÇOU";"ALCANÇOU"
"PR";"412625";"Sarandi";"ALCANÇOU";"ALCANÇOU";;"NÃO ALCANÇOU";"ALCANÇOU";"ALCANÇOU";"NÃO ALCANÇOU";"ALCANÇOU"
"PR";"412627";"Saudade do Iguaçu";"ALCANÇOU";"ALCANÇOU";;"ALCANÇOU";"ALCANÇOU";"NÃO ALCANÇOU";"ALCANÇOU";"ALCANÇOU"
"PR";"412630";"Sengés";"ALCANÇOU";"ALCANÇOU";;"ALCANÇOU";"ALCANÇOU";"ALCANÇOU";"ALCANÇOU";"ALCANÇOU"
"PR";"412635";"Serranópolis do Iguaçu";"ALCANÇOU";"ALCANÇOU";;"NÃO ALCANÇOU";"ALCANÇOU";"ALCANÇOU";"ALCANÇOU";"NÃO ALCANÇOU"
"PR";"412640";"Sertaneja";"ALCANÇOU";"NÃO ALCANÇOU";;"NÃO ALCANÇOU";"NÃO ALCANÇOU";"ALCANÇOU";"ALCANÇOU";"ALCANÇOU"
"PR";"412650";"Sertanópolis";"ALCANÇOU";"ALCANÇOU";;"ALCANÇOU";"ALCANÇOU";"ALCANÇOU";"ALCANÇOU";"ALCANÇOU"
"PR";"412660";"Siqueira Campos";"ALCANÇOU";"ALCANÇOU";;"NÃO ALCANÇOU";"ALCANÇOU";"NÃO ALCANÇOU";"ALCANÇOU";"ALCANÇOU"
"PR";"412665";"Sulina";"ALCANÇOU";"ALCANÇOU";;"ALCANÇOU";"ALCANÇOU";"NÃO ALCANÇOU";"ALCANÇOU";"ALCANÇOU"
"PR";"412460";"São Carlos do Ivaí";"ALCANÇOU";"ALCANÇOU";;"NÃO ALCANÇOU";"ALCANÇOU";"NÃO ALCANÇOU";"ALCANÇOU";"ALCANÇOU"
"PR";"412470";"São Jerônimo da Serra";"ALCANÇOU";"ALCANÇOU";;"NÃO ALCANÇOU";"ALCANÇOU";"ALCANÇOU";"ALCANÇOU";"ALCANÇOU"
"PR";"412520";"São Jorge d'Oeste";"ALCANÇOU";"ALCANÇOU";;"NÃO ALCANÇOU";"ALCANÇOU";"NÃO ALCANÇOU";"ALCANÇOU";
"PR";"412520";"São Jorge dOeste";;;;;;;;"ALCANÇOU"
"PR";"412530";"São Jorge do Ivaí";"ALCANÇOU";"ALCANÇOU";;"ALCANÇOU";"ALCANÇOU";"ALCANÇOU";"ALCANÇOU";"ALCANÇOU"
"PR";"412535";"São Jorge do Patrocínio";"ALCANÇOU";"ALCANÇOU";;"NÃO ALCANÇOU";"ALCANÇOU";"ALCANÇOU";"ALCANÇOU";"ALCANÇOU"
"PR";"412540";"São José da Boa Vista";"ALCANÇOU";"NÃO ALCANÇOU";;"ALCANÇOU";"ALCANÇOU";"NÃO ALCANÇOU";"ALCANÇOU";"ALCANÇOU"
"PR";"412545";"São José das Palmeiras";"ALCANÇOU";"ALCANÇOU";;"NÃO ALCANÇOU";"ALCANÇOU";"NÃO ALCANÇOU";"ALCANÇOU";"ALCANÇOU"
"PR";"412550";"São José dos Pinhais";"ALCANÇOU";"ALCANÇOU";;"NÃO ALCANÇOU";"ALCANÇOU";"ALCANÇOU";"ALCANÇOU";"ALCANÇOU"
"PR";"412480";"São João";"ALCANÇOU";"ALCANÇOU";;"ALCANÇOU";"ALCANÇOU";"NÃO ALCANÇOU";"ALCANÇOU";"ALCANÇOU"
"PR";"412490";"São João do Caiuá";"ALCANÇOU";"ALCANÇOU";;"ALCANÇOU";"NÃO ALCANÇOU";"NÃO ALCANÇOU";"ALCANÇOU";"ALCANÇOU"
"PR";"412500";"São João do Ivaí";"ALCANÇOU";"ALCANÇOU";;"NÃO ALCANÇOU";"NÃO ALCANÇOU";"ALCANÇOU";"ALCANÇOU";"ALCANÇOU"
"PR";"412510";"São João do Triunfo";"ALCANÇOU";"ALCANÇOU";;"ALCANÇOU";"ALCANÇOU";"ALCANÇOU";"ALCANÇOU";"ALCANÇOU"
"PR";"412555";"São Manoel do Paraná";"ALCANÇOU";"ALCANÇOU";;"ALCANÇOU";"ALCANÇOU";"NÃO ALCANÇOU";"ALCANÇOU";"NÃO ALCANÇOU"
"PR";"412560";"São Mateus do Sul";"ALCANÇOU";"ALCANÇOU";;"NÃO ALCANÇOU";"ALCANÇOU";"ALCANÇOU";"NÃO ALCANÇOU";"ALCANÇOU"
"PR";"412570";"São Miguel do Iguaçu";"ALCANÇOU";"ALCANÇOU";;"ALCANÇOU";"ALCANÇOU";"ALCANÇOU";"NÃO ALCANÇOU";"ALCANÇOU"
"PR";"412575";"São Pedro do Iguaçu";"ALCANÇOU";"NÃO ALCANÇOU";;"NÃO ALCANÇOU";"ALCANÇOU";"NÃO ALCANÇOU";"ALCANÇOU";"ALCANÇOU"
"PR";"412580";"São Pedro do Ivaí";"ALCANÇOU";"ALCANÇOU";;"NÃO ALCANÇOU";"ALCANÇOU";"NÃO ALCANÇOU";"ALCANÇOU";"ALCANÇOU"
"PR";"412590";"São Pedro do Paraná";"ALCANÇOU";"ALCANÇOU";;"NÃO ALCANÇOU";"ALCANÇOU";"NÃO ALCANÇOU";"ALCANÇOU";"ALCANÇOU"
"PR";"412600";"São Sebastião da Amoreira";"ALCANÇOU";"ALCANÇOU";;"ALCANÇOU";"NÃO ALCANÇOU";"NÃO ALCANÇOU";"NÃO ALCANÇOU";"ALCANÇOU"
"PR";"412610";"São Tomé";"ALCANÇOU";"ALCANÇOU";;"ALCANÇOU";"ALCANÇOU";"NÃO ALCANÇOU";"NÃO ALCANÇOU";"ALCANÇOU"
"PR";"412667";"Tamarana";"ALCANÇOU";"ALCANÇOU";;"NÃO ALCANÇOU";"ALCANÇOU";"NÃO ALCANÇOU";"ALCANÇOU";"ALCANÇOU"
"PR";"412670";"Tamboara";"ALCANÇOU";"ALCANÇOU";;"NÃO ALCANÇOU";"ALCANÇOU";"NÃO ALCANÇOU";"ALCANÇOU";"ALCANÇOU"
"PR";"412680";"Tapejara";"ALCANÇOU";"ALCANÇOU";;"ALCANÇOU";"ALCANÇOU";"NÃO ALCANÇOU";"ALCANÇOU";"NÃO ALCANÇOU"
"PR";"412690";"Tapira";"ALCANÇOU";"ALCANÇOU";;"NÃO ALCANÇOU";"ALCANÇOU";"NÃO ALCANÇOU";"ALCANÇOU";"NÃO ALCANÇOU"
"PR";"412700";"Teixeira Soares";"ALCANÇOU";"ALCANÇOU";;"NÃO ALCANÇOU";"ALCANÇOU";"NÃO ALCANÇOU";"ALCANÇOU";"ALCANÇOU"
"PR";"412710";"Telêmaco Borba";"ALCANÇOU";"ALCANÇOU";;"NÃO ALCANÇOU";"NÃO ALCANÇOU";"ALCANÇOU";"ALCANÇOU";"NÃO ALCANÇOU"
"PR";"412720";"Terra Boa";"ALCANÇOU";"ALCANÇOU";;"ALCANÇOU";"ALCANÇOU";"NÃO ALCANÇOU";"ALCANÇOU";"ALCANÇOU"
"PR";"412730";"Terra Rica";"ALCANÇOU";"ALCANÇOU";;"ALCANÇOU";"ALCANÇOU";"NÃO ALCANÇOU";"ALCANÇOU";"NÃO ALCANÇOU"
"PR";"412740";"Terra Roxa";"ALCANÇOU";"ALCANÇOU";;"ALCANÇOU";"ALCANÇOU";"NÃO ALCANÇOU";"ALCANÇOU";"ALCANÇOU"
"PR";"412750";"Tibagi";"ALCANÇOU";"ALCANÇOU";;"NÃO ALCANÇOU";"NÃO ALCANÇOU";"ALCANÇOU";"ALCANÇOU";"ALCANÇOU"
"PR";"412760";"Tijucas do Sul";"ALCANÇOU";"ALCANÇOU";;"ALCANÇOU";"ALCANÇOU";"NÃO ALCANÇOU";"NÃO ALCANÇOU";"NÃO ALCANÇOU"
"PR";"412770";"Toledo";"ALCANÇOU";"ALCANÇOU";;"ALCANÇOU";"ALCANÇOU";"ALCANÇOU";"NÃO ALCANÇOU";"NÃO ALCANÇOU"
"PR";"412780";"Tomazina";"ALCANÇOU";"ALCANÇOU";;"NÃO ALCANÇOU";"ALCANÇOU";"ALCANÇOU";"NÃO ALCANÇOU";"ALCANÇOU"
"PR";"412785";"Três Barras do Paraná";"ALCANÇOU";"ALCANÇOU";;"ALCANÇOU";"ALCANÇOU";"ALCANÇOU";"NÃO ALCANÇOU";"ALCANÇOU"
"PR";"412788";"Tunas do Paraná";"ALCANÇOU";"ALCANÇOU";;"NÃO ALCANÇOU";"NÃO ALCANÇOU";"NÃO ALCANÇOU";"ALCANÇOU";"ALCANÇOU"
"PR";"412790";"Tuneiras do Oeste";"ALCANÇOU";"ALCANÇOU";;"ALCANÇOU";"ALCANÇOU";"NÃO ALCANÇOU";"ALCANÇOU";"ALCANÇOU"
"PR";"412795";"Tupãssi";"ALCANÇOU";"NÃO ALCANÇOU";;"NÃO ALCANÇOU";"ALCANÇOU";"NÃO ALCANÇOU";"ALCANÇOU";"ALCANÇOU"
"PR";"412796";"Turvo";"ALCANÇOU";"ALCANÇOU";;"ALCANÇOU";"ALCANÇOU";"ALCANÇOU";"ALCANÇOU";"ALCANÇOU"
"PR";"412800";"Ubiratã";"ALCANÇOU";"ALCANÇOU";;"NÃO ALCANÇOU";"ALCANÇOU";"ALCANÇOU";"NÃO ALCANÇOU";"ALCANÇOU"
"PR";"412810";"Umuarama";"ALCANÇOU";"ALCANÇOU";;"NÃO ALCANÇOU";"ALCANÇOU";"ALCANÇOU";"NÃO ALCANÇOU";"NÃO ALCANÇOU"
"PR";"412830";"Uniflor";"NÃO ALCANÇOU";"ALCANÇOU";;"NÃO ALCANÇOU";"ALCANÇOU";"NÃO ALCANÇOU";"ALCANÇOU";"ALCANÇOU"
"PR";"412820";"União da Vitória";"ALCANÇOU";"ALCANÇOU";;"ALCANÇOU";"NÃO ALCANÇOU";"ALCANÇOU";"NÃO ALCANÇOU";"ALCANÇOU"
"PR";"412840";"Uraí";"NÃO ALCANÇOU";"NÃO ALCANÇOU";;"NÃO ALCANÇOU";"ALCANÇOU";"NÃO ALCANÇOU";"NÃO ALCANÇOU";"ALCANÇOU"
"PR";"412853";"Ventania";"ALCANÇOU";"ALCANÇOU";;"ALCANÇOU";"NÃO ALCANÇOU";"NÃO ALCANÇOU";"ALCANÇOU";"ALCANÇOU"
"PR";"412855";"Vera Cruz do Oeste";"ALCANÇOU";"ALCANÇOU";;"NÃO ALCANÇOU";"ALCANÇOU";"NÃO ALCANÇOU";"ALCANÇOU";"ALCANÇOU"
"PR";"412860";"Verê";"NÃO ALCANÇOU";"ALCANÇOU";;"NÃO ALCANÇOU";"ALCANÇOU";"NÃO ALCANÇOU";"ALCANÇOU";"ALCANÇOU"
"PR";"412865";"Virmond";"ALCANÇOU";"ALCANÇOU";;"ALCANÇOU";"NÃO ALCANÇOU";"NÃO ALCANÇOU";"ALCANÇOU";"ALCANÇOU"
"PR";"412870";"Vitorino";"ALCANÇOU";"ALCANÇOU";;"ALCANÇOU";"ALCANÇOU";"NÃO ALCANÇOU";"ALCANÇOU";"ALCANÇOU"
"PR";"412850";"Wenceslau Braz";"ALCANÇOU";"NÃO ALCANÇOU";;"NÃO ALCANÇOU";"ALCANÇOU";"ALCANÇOU";"ALCANÇOU";"ALCANÇOU"
"PR";"412880";"Xambrê";"ALCANÇOU";"ALCANÇOU";;"ALCANÇOU";"ALCANÇOU";"NÃO ALCANÇOU";"ALCANÇOU";"ALCANÇOU"
"PR";"410115";"Ângulo";"ALCANÇOU";"ALCANÇOU";;"NÃO ALCANÇOU";"ALCANÇOU";"NÃO ALCANÇOU";"ALCANÇOU";"ALCANÇOU"
"PR";"410010";;;;"ALCANÇOU";;;;;
"PR";"410020";;;;"ALCANÇOU";;;;;
"PR";"410030";;;;"ALCANÇOU";;;;;
"PR";"410040";;;;"ALCANÇOU";;;;;
"PR";"410045";;;;"ALCANÇOU";;;;;
"PR";"410050";;;;"ALCANÇOU";;;;;
"PR";"410060";;;;"ALCANÇOU";;;;;
"PR";"410070";;;;"ALCANÇOU";;;;;
"PR";"410080";;;;"ALCANÇOU";;;;;
"PR";"410090";;;;"ALCANÇOU";;;;;
"PR";"410100";;;;"ALCANÇOU";;;;;
"PR";"410105";;;;"ALCANÇOU";;;;;
"PR";"410110";;;;"ALCANÇOU";;;;;
"PR";"410115";;;;"ALCANÇOU";;;;;
"PR";"410120";;;;"ALCANÇOU";;;;;
"PR";"410130";;;;"ALCANÇOU";;;;;
"PR";"410140";;;;"ALCANÇOU";;;;;
"PR";"410150";;;;"ALCANÇOU";;;;;
"PR";"410160";;;;"ALCANÇOU";;;;;
"PR";"410165";;;;"ALCANÇOU";;;;;
"PR";"410170";;;;"ALCANÇOU";;;;;
"PR";"410180";;;;"ALCANÇOU";;;;;
"PR";"410185";;;;"ALCANÇOU";;;;;
"PR";"410190";;;;"ALCANÇOU";;;;;
"PR";"410200";;;;"ALCANÇOU";;;;;
"PR";"410210";;;;"ALCANÇOU";;;;;
"PR";"410220";;;;"ALCANÇOU";;;;;
"PR";"410230";;;;"ALCANÇOU";;;;;
"PR";"410240";;;;"ALCANÇOU";;;;;
"PR";"410250";;;;"ALCANÇOU";;;;;
"PR";"410260";;;;"ALCANÇOU";;;;;
"PR";"410270";;;;"NÃO ALCANÇOU";;;;;
"PR";"410275";;;;"ALCANÇOU";;;;;
"PR";"410280";;;;"NÃO ALCANÇOU";;;;;
"PR";"410290";;;;"ALCANÇOU";;;;;
"PR";"410300";;;;"ALCANÇOU";;;;;
"PR";"410302";;;;"ALCANÇOU";;;;;
"PR";"410304";;;;"ALCANÇOU";;;;;
"PR";"410305";;;;"ALCANÇOU";;;;;
"PR";"410310";;;;"ALCANÇOU";;;;;
"PR";"410315";;;;"ALCANÇOU";;;;;
"PR";"410320";;;;"ALCANÇOU";;;;;
"PR";"410322";;;;"ALCANÇOU";;;;;
"PR";"410330";;;;"ALCANÇOU";;;;;
"PR";"410335";;;;"NÃO ALCANÇOU";;;;;
"PR";"410337";;;;"ALCANÇOU";;;;;
"PR";"410340";;;;"ALCANÇOU";;;;;
"PR";"410345";;;;"ALCANÇOU";;;;;
"PR";"410347";;;;"ALCANÇOU";;;;;
"PR";"410350";;;;"ALCANÇOU";;;;;
"PR";"410360";;;;"NÃO ALCANÇOU";;;;;
"PR";"410370";;;;"ALCANÇOU";;;;;
"PR";"410380";;;;"ALCANÇOU";;;;;
"PR";"410390";;;;"ALCANÇOU";;;;;
"PR";"410395";;;;"ALCANÇOU";;;;;
"PR";"410400";;;;"ALCANÇOU";;;;;
"PR";"410405";;;;"NÃO ALCANÇOU";;;;;
"PR";"410410";;;;"NÃO ALCANÇOU";;;;;
"PR";"410420";;;;"ALCANÇOU";;;;;
"PR";"410425";;;;"ALCANÇOU";;;;;
"PR";"410430";;;;"ALCANÇOU";;;;;
"PR";"410440";;;;"NÃO ALCANÇOU";;;;;
"PR";"410442";;;;"ALCANÇOU";;;;;
"PR";"410445";;;;"ALCANÇOU";;;;;
"PR";"410450";;;;"ALCANÇOU";;;;;
"PR";"410460";;;;"ALCANÇOU";;;;;
"PR";"410465";;;;"ALCANÇOU";;;;;
"PR";"410470";;;;"ALCANÇOU";;;;;
"PR";"410480";;;;"ALCANÇOU";;;;;
"PR";"410490";;;;"ALCANÇOU";;;;;
"PR";"410500";;;;"NÃO ALCANÇOU";;;;;
"PR";"410510";;;;"ALCANÇOU";;;;;
"PR";"410520";;;;"NÃO ALCANÇOU";;;;;
"PR";"410530";;;;"NÃO ALCANÇOU";;;;;
"PR";"410540";;;;"ALCANÇOU";;;;;
"PR";"410550";;;;"ALCANÇOU";;;;;
"PR";"410560";;;;"ALCANÇOU";;;;;
"PR";"410570";;;;"ALCANÇOU";;;;;
"PR";"410580";;;;"ALCANÇOU";;;;;
"PR";"410590";;;;"ALCANÇOU";;;;;
"PR";"410600";;;;"ALCANÇOU";;;;;
"PR";"410610";;;;"ALCANÇOU";;;;;
"PR";"410620";;;;"ALCANÇOU";;;;;
"PR";"410630";;;;"ALCANÇOU";;;;;
"PR";"410640";;;;"ALCANÇOU";;;;;
"PR";"410645";;;;"ALCANÇOU";;;;;
"PR";"410650";;;;"NÃO ALCANÇOU";;;;;
"PR";"410655";;;;"ALCANÇOU";;;;;
"PR";"410657";;;;"ALCANÇOU";;;;;
"PR";"410660";;;;"ALCANÇOU";;;;;
"PR";"410670";;;;"ALCANÇOU";;;;;
"PR";"410680";;;;"ALCANÇOU";;;;;
"PR";"410685";;;;"ALCANÇOU";;;;;
"PR";"410690";;;;"ALCANÇOU";;;;;
"PR";"410700";;;;"ALCANÇOU";;;;;
"PR";"410710";;;;"ALCANÇOU";;;;;
"PR";"410712";;;;"ALCANÇOU";;;;;
"PR";"410715";;;;"ALCANÇOU";;;;;
"PR";"410720";;;;"ALCANÇOU";;;;;
"PR";"410725";;;;"ALCANÇOU";;;;;
"PR";"410730";;;;"ALCANÇOU";;;;;
"PR";"410740";;;;"ALCANÇOU";;;;;
"PR";"410750";;;;"ALCANÇOU";;;;;
"PR";"410752";;;;"ALCANÇOU";;;;;
"PR";"410753";;;;"ALCANÇOU";;;;;
"PR";"410754";;;;"ALCANÇOU";;;;;
"PR";"410755";;;;"ALCANÇOU";;;;;
"PR";"410760";;;;"ALCANÇOU";;;;;
"PR";"410765";;;;"ALCANÇOU";;;;;
"PR";"410770";;;;"ALCANÇOU";;;;;
"PR";"410773";;;;"ALCANÇOU";;;;;
"PR";"410775";;;;"ALCANÇOU";;;;;
"PR";"410780";;;;"ALCANÇOU";;;;;
"PR";"410785";;;;"ALCANÇOU";;;;;
"PR";"410790";;;;"ALCANÇOU";;;;;
"PR";"410800";;;;"ALCANÇOU";;;;;
"PR";"410810";;;;"ALCANÇOU";;;;;
"PR";"410820";;;;"ALCANÇOU";;;;;
"PR";"410830";;;;"ALCANÇOU";;;;;
"PR";"410832";;;;"ALCANÇOU";;;;;
"PR";"410840";;;;"ALCANÇOU";;;;;
"PR";"410845";;;;"ALCANÇOU";;;;;
"PR";"410850";;;;"ALCANÇOU";;;;;
"PR";"410855";;;;"ALCANÇOU";;;;;
"PR";"410860";;;;"ALCANÇOU";;;;;
"PR";"410865";;;;"NÃO ALCANÇOU";;;;;
"PR";"410870";;;;"ALCANÇOU";;;;;
"PR";"410880";;;;"ALCANÇOU";;;;;
"PR";"410890";;;;"ALCANÇOU";;;;;
"PR";"410895";;;;"ALCANÇOU";;;;;
"PR";"410900";;;;"ALCANÇOU";;;;;
"PR";"410910";;;;"ALCANÇOU";;;;;
"PR";"410920";;;;"ALCANÇOU";;;;;
"PR";"410930";;;;"ALCANÇOU";;;;;
"PR";"410940";;;;"ALCANÇOU";;;;;
"PR";"410950";;;;"ALCANÇOU";;;;;
"PR";"410960";;;;"ALCANÇOU";;;;;
"PR";"410965";;;;"ALCANÇOU";;;;;
"PR";"410970";;;;"ALCANÇOU";;;;;
"PR";"410975";;;;"NÃO ALCANÇOU";;;;;
"PR";"410980";;;;"ALCANÇOU";;;;;
"PR";"410990";;;;"ALCANÇOU";;;;;
"PR";"411000";;;;"ALCANÇOU";;;;;
"PR";"411005";;;;"ALCANÇOU";;;;;
"PR";"411007";;;;"ALCANÇOU";;;;;
"PR";"411010";;;;"ALCANÇOU";;;;;
"PR";"411020";;;;"ALCANÇOU";;;;;
"PR";"411030";;;;"ALCANÇOU";;;;;
"PR";"411040";;;;"ALCANÇOU";;;;;
"PR";"411050";;;;"NÃO ALCANÇOU";;;;;
"PR";"411060";;;;"ALCANÇOU";;;;;
"PR";"411065";;;;"ALCANÇOU";;;;;
"PR";"411070";;;;"NÃO ALCANÇOU";;;;;
"PR";"411080";;;;"ALCANÇOU";;;;;
"PR";"411090";;;;"ALCANÇOU";;;;;
"PR";"411095";;;;"ALCANÇOU";;;;;
"PR";"411100";;;;"ALCANÇOU";;;;;
"PR";"411110";;;;"ALCANÇOU";;;;;
"PR";"411120";;;;"ALCANÇOU";;;;;
"PR";"411125";;;;"ALCANÇOU";;;;;
"PR";"411130";;;;"ALCANÇOU";;;;;
"PR";"411140";;;;"ALCANÇOU";;;;;
"PR";"411150";;;;"ALCANÇOU";;;;;
"PR";"411155";;;;"ALCANÇOU";;;;;
"PR";"411160";;;;"ALCANÇOU";;;;;
"PR";"411170";;;;"ALCANÇOU";;;;;
"PR";"411180";;;;"ALCANÇOU";;;;;
"PR";"411190";;;;"NÃO ALCANÇOU";;;;;
"PR";"411200";;;;"ALCANÇOU";;;;;
"PR";"411210";;;;"ALCANÇOU";;;;;
"PR";"411220";;;;"ALCANÇOU";;;;;
"PR";"411230";;;;"ALCANÇOU";;;;;
"PR";"411240";;;;"ALCANÇOU";;;;;
"PR";"411250";;;;"ALCANÇOU";;;;;
"PR";"411260";;;;"ALCANÇOU";;;;;
"PR";"411270";;;;"ALCANÇOU";;;;;
"PR";"411275";;;;"NÃO ALCANÇOU";;;;;
"PR";"411280";;;;"ALCANÇOU";;;;;
"PR";"411290";;;;"ALCANÇOU";;;;;
"PR";"411295";;;;"ALCANÇOU";;;;;
"PR";"411300";;;;"ALCANÇOU";;;;;
"PR";"411310";;;;"ALCANÇOU";;;;;
"PR";"411320";;;;"ALCANÇOU";;;;;
"PR";"411325";;;;"ALCANÇOU";;;;;
"PR";"411330";;;;"ALCANÇOU";;;;;
"PR";"411340";;;;"ALCANÇOU";;;;;
"PR";"411342";;;;"ALCANÇOU";;;;;
"PR";"411345";;;;"NÃO ALCANÇOU";;;;;
"PR";"411350";;;;"ALCANÇOU";;;;;
"PR";"411360";;;;"ALCANÇOU";;;;;
"PR";"411370";;;;"ALCANÇOU";;;;;
"PR";"411373";;;;"ALCANÇOU";;;;;
"PR";"411375";;;;"ALCANÇOU";;;;;
"PR";"411380";;;;"NÃO ALCANÇOU";;;;;
"PR";"411390";;;;"ALCANÇOU";;;;;
"PR";"411400";;;;"ALCANÇOU";;;;;
"PR";"411410";;;;"ALCANÇOU";;;;;
"PR";"411420";;;;"ALCANÇOU";;;;;
"PR";"411430";;;;"NÃO ALCANÇOU";;;;;
"PR";"411435";;;;"NÃO ALCANÇOU";;;;;
"PR";"411440";;;;"ALCANÇOU";;;;;
"PR";"411450";;;;"ALCANÇOU";;;;;
"PR";"411460";;;;"ALCANÇOU";;;;;
"PR";"411470";;;;"ALCANÇOU";;;;;
"PR";"411480";;;;"ALCANÇOU";;;;;
"PR";"411490";;;;"ALCANÇOU";;;;;
"PR";"411500";;;;"ALCANÇOU";;;;;
"PR";"411510";;;;"ALCANÇOU";;;;;
"PR";"411520";;;;"ALCANÇOU";;;;;
"PR";"411530";;;;"ALCANÇOU";;;;;
"PR";"411535";;;;"ALCANÇOU";;;;;
"PR";"411540";;;;"ALCANÇOU";;;;;
"PR";"411545";;;;"ALCANÇOU";;;;;
"PR";"411550";;;;"ALCANÇOU";;;;;
"PR";"411560";;;;"ALCANÇOU";;;;;
"PR";"411570";;;;"ALCANÇOU";;;;;
"PR";"411573";;;;"ALCANÇOU";;;;;
"PR";"411575";;;;"ALCANÇOU";;;;;
"PR";"411580";;;;"ALCANÇOU";;;;;
"PR";"411585";;;;"ALCANÇOU";;;;;
"PR";"411590";;;;"ALCANÇOU";;;;;
"PR";"411600";;;;"ALCANÇOU";;;;;
"PR";"411605";;;;"ALCANÇOU";;;;;
"PR";"411610";;;;"NÃO ALCANÇOU";;;;;
"PR";"411620";;;;"NÃO ALCANÇOU";;;;;
"PR";"411630";;;;"ALCANÇOU";;;;;
"PR";"411640";;;;"ALCANÇOU";;;;;
"PR";"411650";;;;"ALCANÇOU";;;;;
"PR";"411660";;;;"ALCANÇOU";;;;;
"PR";"411670";;;;"ALCANÇOU";;;;;
"PR";"411680";;;;"ALCANÇOU";;;;;
"PR";"411690";;;;"ALCANÇOU";;;;;
"PR";"411695";;;;"ALCANÇOU";;;;;
"PR";"411700";;;;"ALCANÇOU";;;;;
"PR";"411705";;;;"ALCANÇOU";;;;;
"PR";"411710";;;;"ALCANÇOU";;;;;
"PR";"411720";;;;"ALCANÇOU";;;;;
"PR";"411721";;;;"ALCANÇOU";;;;;
"PR";"411722";;;;"NÃO ALCANÇOU";;;;;
"PR";"411725";;;;"ALCANÇOU";;;;;
"PR";"411727";;;;"ALCANÇOU";;;;;
"PR";"411729";;;;"ALCANÇOU";;;;;
"PR";"411730";;;;"ALCANÇOU";;;;;
"PR";"411740";;;;"ALCANÇOU";;;;;
"PR";"411745";;;;"NÃO ALCANÇOU";;;;;
"PR";"411750";;;;"ALCANÇOU";;;;;
"PR";"411760";;;;"NÃO ALCANÇOU";;;;;
"PR";"411770";;;;"NÃO ALCANÇOU";;;;;
"PR";"411780";;;;"ALCANÇOU";;;;;
"PR";"411790";;;;"ALCANÇOU";;;;;
"PR";"411800";;;;"ALCANÇOU";;;;;
"PR";"411810";;;;"ALCANÇOU";;;;;
"PR";"411820";;;;"ALCANÇOU";;;;;
"PR";"411830";;;;"ALCANÇOU";;;;;
"PR";"411840";;;;"ALCANÇOU";;;;;
"PR";"411845";;;;"ALCANÇOU";;;;;
"PR";"411850";;;;"ALCANÇOU";;;;;
"PR";"411860";;;;"ALCANÇOU";;;;;
"PR";"411870";;;;"ALCANÇOU";;;;;
"PR";"411880";;;;"ALCANÇOU";;;;;
"PR";"411885";;;;"NÃO ALCANÇOU";;;;;
"PR";"411890";;;;"NÃO ALCANÇOU";;;;;
"PR";"411900";;;;"ALCANÇOU";;;;;
"PR";"411910";;;;"ALCANÇOU";;;;;
"PR";"411915";;;;"ALCANÇOU";;;;;
"PR";"411920";;;;"NÃO ALCANÇOU";;;;;
"PR";"411925";;;;"ALCANÇOU";;;;;
"PR";"411930";;;;"NÃO ALCANÇOU";;;;;
"PR";"411940";;;;"ALCANÇOU";;;;;
"PR";"411950";;;;"ALCANÇOU";;;;;
"PR";"411960";;;;"ALCANÇOU";;;;;
"PR";"411965";;;;"ALCANÇOU";;;;;
"PR";"411970";;;;"ALCANÇOU";;;;;
"PR";"411980";;;;"NÃO ALCANÇOU";;;;;
"PR";"411990";;;;"NÃO ALCANÇOU";;;;;
"PR";"411995";;;;"ALCANÇOU";;;;;
"PR";"412000";;;;"ALCANÇOU";;;;;
"PR";"412010";;;;"ALCANÇOU";;;;;
"PR";"412015";;;;"ALCANÇOU";;;;;
"PR";"412020";;;;"ALCANÇOU";;;;;
"PR";"412030";;;;"NÃO ALCANÇOU";;;;;
"PR";"412033";;;;"ALCANÇOU";;;;;
"PR";"412035";;;;"ALCANÇOU";;;;;
"PR";"412040";;;;"NÃO ALCANÇOU";;;;;
"PR";"412050";;;;"NÃO ALCANÇOU";;;;;
"PR";"412060";;;;"ALCANÇOU";;;;;
"PR";"412065";;;;"ALCANÇOU";;;;;
"PR";"412070";;;;"ALCANÇOU";;;;;
"PR";"412080";;;;"ALCANÇOU";;;;;
"PR";"412085";;;;"ALCANÇOU";;;;;
"PR";"412090";;;;"ALCANÇOU";;;;;
"PR";"412100";;;;"NÃO ALCANÇOU";;;;;
"PR";"412110";;;;"ALCANÇOU";;;;;
"PR";"412120";;;;"ALCANÇOU";;;;;
"PR";"412125";;;;"ALCANÇOU";;;;;
"PR";"412130";;;;"ALCANÇOU";;;;;
"PR";"412135";;;;"ALCANÇOU";;;;;
"PR";"412140";;;;"NÃO ALCANÇOU";;;;;
"PR";"412150";;;;"ALCANÇOU";;;;;
"PR";"412160";;;;"ALCANÇOU";;;;;
"PR";"412170";;;;"ALCANÇOU";;;;;
"PR";"412175";;;;"ALCANÇOU";;;;;
"PR";"412180";;;;"ALCANÇOU";;;;;
"PR";"412190";;;;"ALCANÇOU";;;;;
"PR";"412200";;;;"ALCANÇOU";;;;;
"PR";"412210";;;;"ALCANÇOU";;;;;
"PR";"412215";;;;"ALCANÇOU";;;;;
"PR";"412217";;;;"ALCANÇOU";;;;;
"PR";"412220";;;;"ALCANÇOU";;;;;
"PR";"412230";;;;"ALCANÇOU";;;;;
"PR";"412240";;;;"ALCANÇOU";;;;;
"PR";"412250";;;;"ALCANÇOU";;;;;
"PR";"412260";;;;"ALCANÇOU";;;;;
"PR";"412265";;;;"ALCANÇOU";;;;;
"PR";"412270";;;;"NÃO ALCANÇOU";;;;;
"PR";"412280";;;;"ALCANÇOU";;;;;
"PR";"412290";;;;"NÃO ALCANÇOU";;;;;
"PR";"412300";;;;"ALCANÇOU";;;;;
"PR";"412310";;;;"ALCANÇOU";;;;;
"PR";"412320";;;;"ALCANÇOU";;;;;
"PR";"412330";;;;"ALCANÇOU";;;;;
"PR";"412340";;;;"ALCANÇOU";;;;;
"PR";"412350";;;;"ALCANÇOU";;;;;
"PR";"412360";;;;"ALCANÇOU";;;;;
"PR";"412370";;;;"ALCANÇOU";;;;;
"PR";"412380";;;;"ALCANÇOU";;;;;
"PR";"412382";;;;"ALCANÇOU";;;;;
"PR";"412385";;;;"NÃO ALCANÇOU";;;;;
"PR";"412390";;;;"ALCANÇOU";;;;;
"PR";"412395";;;;"ALCANÇOU";;;;;
"PR";"412400";;;;"ALCANÇOU";;;;;
"PR";"412402";;;;"ALCANÇOU";;;;;
"PR";"412405";;;;"ALCANÇOU";;;;;
"PR";"412410";;;;"ALCANÇOU";;;;;
"PR";"412420";;;;"NÃO ALCANÇOU";;;;;
"PR";"412430";;;;"ALCANÇOU";;;;;
"PR";"412440";;;;"ALCANÇOU";;;;;
"PR";"412450";;;;"ALCANÇOU";;;;;
"PR";"412460";;;;"ALCANÇOU";;;;;
"PR";"412470";;;;"ALCANÇOU";;;;;
"PR";"412480";;;;"ALCANÇOU";;;;;
"PR";"412490";;;;"ALCANÇOU";;;;;
"PR";"412500";;;;"ALCANÇOU";;;;;
"PR";"412510";;;;"ALCANÇOU";;;;;
"PR";"412520";;;;"ALCANÇOU";;;;;
"PR";"412530";;;;"ALCANÇOU";;;;;
"PR";"412535";;;;"ALCANÇOU";;;;;
"PR";"412540";;;;"ALCANÇOU";;;;;
"PR";"412545";;;;"ALCANÇOU";;;;;
"PR";"412550";;;;"ALCANÇOU";;;;;
"PR";"412555";;;;"ALCANÇOU";;;;;
"PR";"412560";;;;"ALCANÇOU";;;;;
"PR";"412570";;;;"ALCANÇOU";;;;;
"PR";"412575";;;;"NÃO ALCANÇOU";;;;;
"PR";"412580";;;;"ALCANÇOU";;;;;
"PR";"412590";;;;"NÃO ALCANÇOU";;;;;
"PR";"412600";;;;"ALCANÇOU";;;;;
"PR";"412610";;;;"ALCANÇOU";;;;;
"PR";"412620";;;;"ALCANÇOU";;;;;
"PR";"412625";;;;"ALCANÇOU";;;;;
"PR";"412627";;;;"ALCANÇOU";;;;;
"PR";"412630";;;;"ALCANÇOU";;;;;
"PR";"412635";;;;"ALCANÇOU";;;;;
"PR";"412640";;;;"NÃO ALCANÇOU";;;;;
"PR";"412650";;;;"NÃO ALCANÇOU";;;;;
"PR";"412660";;;;"ALCANÇOU";;;;;
"PR";"412665";;;;"ALCANÇOU";;;;;
"PR";"412667";;;;"ALCANÇOU";;;;;
"PR";"412670";;;;"ALCANÇOU";;;;;
"PR";"412680";;;;"ALCANÇOU";;;;;
"PR";"412690";;;;"ALCANÇOU";;;;;
"PR";"412700";;;;"ALCANÇOU";;;;;
"PR";"412710";;;;"ALCANÇOU";;;;;
"PR";"412720";;;;"ALCANÇOU";;;;;
"PR";"412730";;;;"ALCANÇOU";;;;;
"PR";"412740";;;;"ALCANÇOU";;;;;
"PR";"412750";;;;"ALCANÇOU";;;;;
"PR";"412760";;;;"ALCANÇOU";;;;;
"PR";"412770";;;;"ALCANÇOU";;;;;
"PR";"412780";;;;"ALCANÇOU";;;;;
"PR";"412785";;;;"ALCANÇOU";;;;;
"PR";"412788";;;;"ALCANÇOU";;;;;
"PR";"412790";;;;"NÃO ALCANÇOU";;;;;
"PR";"412795";;;;"ALCANÇOU";;;;;
"PR";"412796";;;;"ALCANÇOU";;;;;
"PR";"412800";;;;"ALCANÇOU";;;;;
"PR";"412810";;;;"ALCANÇOU";;;;;
"PR";"412820";;;;"ALCANÇOU";;;;;
"PR";"412830";;;;"ALCANÇOU";;;;;
"PR";"412840";;;;"ALCANÇOU";;;;;
"PR";"412850";;;;"ALCANÇOU";;;;;
"PR";"412853";;;;"NÃO ALCANÇOU";;;;;
"PR";"412855";;;;"ALCANÇOU";;;;;
"PR";"412860";;;;"ALCANÇOU";;;;;
"PR";"412862";;;;"ALCANÇOU";;;;;
"PR";"412863";;;;"ALCANÇOU";;;;;
"PR";"412865";;;;"ALCANÇOU";;;;;
"PR";"412870";;;;"ALCANÇOU";;;;;
"PR";"412880";;;;"NÃO ALCANÇOU";;;;;
"RJ";"330010";"Angra dos Reis";"ALCANÇOU";"ALCANÇOU";;"NÃO ALCANÇOU";"ALCANÇOU";"ALCANÇOU";"NÃO ALCANÇOU";"ALCANÇOU"
"RJ";"330015";"Aperibé";"NÃO ALCANÇOU";"NÃO ALCANÇOU";;"NÃO ALCANÇOU";"NÃO ALCANÇOU";"NÃO ALCANÇOU";"ALCANÇOU";"ALCANÇOU"
"RJ";"330020";"Araruama";"NÃO ALCANÇOU";"ALCANÇOU";;"NÃO ALCANÇOU";"ALCANÇOU";"ALCANÇOU";"NÃO ALCANÇOU";"ALCANÇOU"
"RJ";"330022";"Areal";"ALCANÇOU";"ALCANÇOU";;"NÃO ALCANÇOU";"ALCANÇOU";"ALCANÇOU";"ALCANÇOU";"NÃO ALCANÇOU"
"RJ";"330023";"Armação dos Búzios";"NÃO ALCANÇOU";"ALCANÇOU";;"NÃO ALCANÇOU";"NÃO ALCANÇOU";"NÃO ALCANÇOU";"ALCANÇOU";"ALCANÇOU"
"RJ";"330025";"Arraial do Cabo";"ALCANÇOU";"ALCANÇOU";;"NÃO ALCANÇOU";"NÃO ALCANÇOU";"NÃO ALCANÇOU";"NÃO ALCANÇOU";"ALCANÇOU"
"RJ";"330040";"Barra Mansa";"ALCANÇOU";"ALCANÇOU";;"NÃO ALCANÇOU";"ALCANÇOU";"NÃO ALCANÇOU";"NÃO ALCANÇOU";"NÃO ALCANÇOU"
"RJ";"330030";"Barra do Piraí";"ALCANÇOU";"NÃO ALCANÇOU";;"NÃO ALCANÇOU";"ALCANÇOU";"ALCANÇOU";"ALCANÇOU";"ALCANÇOU"
"RJ";"330045";"Belford Roxo";"ALCANÇOU";"ALCANÇOU";;"NÃO ALCANÇOU";"NÃO ALCANÇOU";"ALCANÇOU";"NÃO ALCANÇOU";"NÃO ALCANÇOU"
"RJ";"330050";"Bom Jardim";"ALCANÇOU";"ALCANÇOU";;"NÃO ALCANÇOU";"NÃO ALCANÇOU";"ALCANÇOU";"ALCANÇOU";"NÃO ALCANÇOU"
"RJ";"330060";"Bom Jesus do Itabapoana";"ALCANÇOU";"ALCANÇOU";;"NÃO ALCANÇOU";"NÃO ALCANÇOU";"NÃO ALCANÇOU";"NÃO ALCANÇOU";"NÃO ALCANÇOU"
"RJ";"330070";"Cabo Frio";"ALCANÇOU";"ALCANÇOU";;"NÃO ALCANÇOU";"ALCANÇOU";"ALCANÇOU";"NÃO ALCANÇOU";"ALCANÇOU"
"RJ";"330080";"Cachoeiras de Macacu";"ALCANÇOU";"ALCANÇOU";;"NÃO ALCANÇOU";"ALCANÇOU";"NÃO ALCANÇOU";"NÃO ALCANÇOU";"ALCANÇOU"
"RJ";"330090";"Cambuci";"NÃO ALCANÇOU";"NÃO ALCANÇOU";;"NÃO ALCANÇOU";"NÃO ALCANÇOU";"ALCANÇOU";"NÃO ALCANÇOU";"ALCANÇOU"
"RJ";"330100";"Campos dos Goytacazes";"ALCANÇOU";"ALCANÇOU";;"NÃO ALCANÇOU";"ALCANÇOU";"ALCANÇOU";"ALCANÇOU";"NÃO ALCANÇOU"
"RJ";"330110";"Cantagalo";"ALCANÇOU";"ALCANÇOU";;"NÃO ALCANÇOU";"ALCANÇOU";"NÃO ALCANÇOU";"NÃO ALCANÇOU";"ALCANÇOU"
"RJ";"330093";"Carapebus";"ALCANÇOU";"ALCANÇOU";;"NÃO ALCANÇOU";"NÃO ALCANÇOU";"NÃO ALCANÇOU";"NÃO ALCANÇOU";"NÃO ALCANÇOU"
"RJ";"330115";"Cardoso Moreira";"ALCANÇOU";"ALCANÇOU";;"NÃO ALCANÇOU";"NÃO ALCANÇOU";"NÃO ALCANÇOU";"ALCANÇOU";"NÃO ALCANÇOU"
"RJ";"330120";"Carmo";"ALCANÇOU";"ALCANÇOU";;"NÃO ALCANÇOU";"ALCANÇOU";"NÃO ALCANÇOU";"ALCANÇOU";"ALCANÇOU"
"RJ";"330130";"Casimiro de Abreu";"ALCANÇOU";"ALCANÇOU";;"NÃO ALCANÇOU";"NÃO ALCANÇOU";"ALCANÇOU";"ALCANÇOU";"NÃO ALCANÇOU"
"RJ";"330095";"Comendador Levy Gasparian";"ALCANÇOU";"ALCANÇOU";;"NÃO ALCANÇOU";"NÃO ALCANÇOU";"ALCANÇOU";"NÃO ALCANÇOU";"NÃO ALCANÇOU"
"RJ";"330140";"Conceição de Macabu";"NÃO ALCANÇOU";"ALCANÇOU";;"NÃO ALCANÇOU";"NÃO ALCANÇOU";"NÃO ALCANÇOU";"NÃO ALCANÇOU";"NÃO ALCANÇOU"
"RJ";"330150";"Cordeiro";"ALCANÇOU";"ALCANÇOU";;"NÃO ALCANÇOU";"ALCANÇOU";"NÃO ALCANÇOU";"NÃO ALCANÇOU";"ALCANÇOU"
"RJ";"330160";"Duas Barras";"NÃO ALCANÇOU";"ALCANÇOU";;"NÃO ALCANÇOU";"ALCANÇOU";"ALCANÇOU";"ALCANÇOU";"NÃO ALCANÇOU"
"RJ";"330170";"Duque de Caxias";"ALCANÇOU";"ALCANÇOU";;"NÃO ALCANÇOU";"NÃO ALCANÇOU";"ALCANÇOU";"NÃO ALCANÇOU";"NÃO ALCANÇOU"
"RJ";"330180";"Engenheiro Paulo de Frontin";"NÃO ALCANÇOU";"ALCANÇOU";;"NÃO ALCANÇOU";"ALCANÇOU";"ALCANÇOU";"NÃO ALCANÇOU";"ALCANÇOU"
"RJ";"330185";"Guapimirim";"ALCANÇOU";"ALCANÇOU";;"NÃO ALCANÇOU";"ALCANÇOU";"NÃO ALCANÇOU";"ALCANÇOU";"ALCANÇOU"
"RJ";"330187";"Iguaba Grande";"ALCANÇOU";"ALCANÇOU";;"NÃO ALCANÇOU";"ALCANÇOU";"NÃO ALCANÇOU";"ALCANÇOU";"ALCANÇOU"
"RJ";"330190";"Itaboraí";"ALCANÇOU";"ALCANÇOU";;"NÃO ALCANÇOU";"NÃO ALCANÇOU";"ALCANÇOU";"NÃO ALCANÇOU";"ALCANÇOU"
"RJ";"330200";"Itaguaí";"ALCANÇOU";"ALCANÇOU";;"NÃO ALCANÇOU";"ALCANÇOU";"ALCANÇOU";"NÃO ALCANÇOU";"ALCANÇOU"
"RJ";"330205";"Italva";"ALCANÇOU";"ALCANÇOU";;"NÃO ALCANÇOU";"ALCANÇOU";"ALCANÇOU";"ALCANÇOU";"ALCANÇOU"
"RJ";"330210";"Itaocara";"NÃO ALCANÇOU";"NÃO ALCANÇOU";;"NÃO ALCANÇOU";"NÃO ALCANÇOU";"NÃO ALCANÇOU";"ALCANÇOU";"ALCANÇOU"
"RJ";"330220";"Itaperuna";"ALCANÇOU";"ALCANÇOU";;"NÃO ALCANÇOU";"NÃO ALCANÇOU";"NÃO ALCANÇOU";"ALCANÇOU";"ALCANÇOU"
"RJ";"330225";"Itatiaia";"ALCANÇOU";"ALCANÇOU";;"NÃO ALCANÇOU";"ALCANÇOU";"ALCANÇOU";"ALCANÇOU";"ALCANÇOU"
"RJ";"330227";"Japeri";"ALCANÇOU";"ALCANÇOU";;"NÃO ALCANÇOU";"NÃO ALCANÇOU";"NÃO ALCANÇOU";"ALCANÇOU";"ALCANÇOU"
"RJ";"330230";"Laje do Muriaé";"ALCANÇOU";"ALCANÇOU";;"NÃO ALCANÇOU";"NÃO ALCANÇOU";"NÃO ALCANÇOU";"ALCANÇOU";"NÃO ALCANÇOU"
"RJ";"330240";"Macaé";"ALCANÇOU";"ALCANÇOU";;"NÃO ALCANÇOU";"ALCANÇOU";"ALCANÇOU";"ALCANÇOU";"NÃO ALCANÇOU"
"RJ";"330245";"Macuco";"ALCANÇOU";"ALCANÇOU";;"NÃO ALCANÇOU";"NÃO ALCANÇOU";"NÃO ALCANÇOU";"ALCANÇOU";"ALCANÇOU"
"RJ";"330250";"Magé";"ALCANÇOU";"ALCANÇOU";;"NÃO ALCANÇOU";"ALCANÇOU";"ALCANÇOU";"ALCANÇOU";"NÃO ALCANÇOU"
"RJ";"330260";"Mangaratiba";"ALCANÇOU";"ALCANÇOU";;"NÃO ALCANÇOU";"ALCANÇOU";"NÃO ALCANÇOU";"NÃO ALCANÇOU";"ALCANÇOU"
"RJ";"330270";"Maricá";"ALCANÇOU";"ALCANÇOU";;"NÃO ALCANÇOU";"ALCANÇOU";"ALCANÇOU";"NÃO ALCANÇOU";"ALCANÇOU"
"RJ";"330280";"Mendes";"ALCANÇOU";"ALCANÇOU";;"ALCANÇOU";"ALCANÇOU";"NÃO ALCANÇOU";"ALCANÇOU";"NÃO ALCANÇOU"
"RJ";"330285";"Mesquita";"ALCANÇOU";"ALCANÇOU";;"ALCANÇOU";"ALCANÇOU";"ALCANÇOU";"NÃO ALCANÇOU";"ALCANÇOU"
"RJ";"330290";"Miguel Pereira";"ALCANÇOU";"ALCANÇOU";;"NÃO ALCANÇOU";"ALCANÇOU";"NÃO ALCANÇOU";"ALCANÇOU";"ALCANÇOU"
"RJ";"330300";"Miracema";"ALCANÇOU";"NÃO ALCANÇOU";;"NÃO ALCANÇOU";"NÃO ALCANÇOU";"NÃO ALCANÇOU";"ALCANÇOU";"NÃO ALCANÇOU"
"RJ";"330310";"Natividade";"ALCANÇOU";"NÃO ALCANÇOU";;"NÃO ALCANÇOU";"NÃO ALCANÇOU";"NÃO ALCANÇOU";"ALCANÇOU";"NÃO ALCANÇOU"
"RJ";"330320";"Nilópolis";"ALCANÇOU";"ALCANÇOU";;"NÃO ALCANÇOU";"ALCANÇOU";"ALCANÇOU";"ALCANÇOU";"ALCANÇOU"
"RJ";"330330";"Niterói";"ALCANÇOU";"ALCANÇOU";;"NÃO ALCANÇOU";"ALCANÇOU";"ALCANÇOU";"NÃO ALCANÇOU";"ALCANÇOU"
"RJ";"330340";"Nova Friburgo";"ALCANÇOU";"ALCANÇOU";;"NÃO ALCANÇOU";"ALCANÇOU";"ALCANÇOU";"NÃO ALCANÇOU";"ALCANÇOU"
"RJ";"330350";"Nova Iguaçu";"ALCANÇOU";"ALCANÇOU";;"NÃO ALCANÇOU";"ALCANÇOU";"ALCANÇOU";"ALCANÇOU";"ALCANÇOU"
"RJ";"330360";"Paracambi";"ALCANÇOU";"ALCANÇOU";;"NÃO ALCANÇOU";"ALCANÇOU";"ALCANÇOU";"NÃO ALCANÇOU";"ALCANÇOU"
"RJ";"330380";"Paraty";"ALCANÇOU";"ALCANÇOU";;"NÃO ALCANÇOU";"ALCANÇOU";"ALCANÇOU";"ALCANÇOU";"ALCANÇOU"
"RJ";"330370";"Paraíba do Sul";"ALCANÇOU";"ALCANÇOU";;"NÃO ALCANÇOU";"ALCANÇOU";"ALCANÇOU";"ALCANÇOU";"ALCANÇOU"
"RJ";"330385";"Paty do Alferes";"ALCANÇOU";"ALCANÇOU";;"NÃO ALCANÇOU";"ALCANÇOU";"ALCANÇOU";"ALCANÇOU";"NÃO ALCANÇOU"
"RJ";"330390";"Petrópolis";"ALCANÇOU";"ALCANÇOU";;"NÃO ALCANÇOU";"ALCANÇOU";"ALCANÇOU";"NÃO ALCANÇOU";"ALCANÇOU"
"RJ";"330395";"Pinheiral";"ALCANÇOU";"ALCANÇOU";;"NÃO ALCANÇOU";"ALCANÇOU";"NÃO ALCANÇOU";"NÃO ALCANÇOU";"NÃO ALCANÇOU"
"RJ";"330400";"Piraí";"ALCANÇOU";"ALCANÇOU";;"NÃO ALCANÇOU";"ALCANÇOU";"ALCANÇOU";"NÃO ALCANÇOU";"ALCANÇOU"
"RJ";"330410";"Porciúncula";"ALCANÇOU";"ALCANÇOU";;"NÃO ALCANÇOU";"ALCANÇOU";"ALCANÇOU";"NÃO ALCANÇOU";"NÃO ALCANÇOU"
"RJ";"330411";"Porto Real";"ALCANÇOU";"ALCANÇOU";;"NÃO ALCANÇOU";"ALCANÇOU";"ALCANÇOU";"ALCANÇOU";"NÃO ALCANÇOU"
"RJ";"330412";"Quatis";"ALCANÇOU";"ALCANÇOU";;"NÃO ALCANÇOU";"NÃO ALCANÇOU";"NÃO ALCANÇOU";"NÃO ALCANÇOU";"ALCANÇOU"
"RJ";"330414";"Queimados";"NÃO ALCANÇOU";"NÃO ALCANÇOU";;"NÃO ALCANÇOU";"ALCANÇOU";"NÃO ALCANÇOU";"ALCANÇOU";"NÃO ALCANÇOU"
"RJ";"330415";"Quissamã";"ALCANÇOU";"ALCANÇOU";;"ALCANÇOU";"ALCANÇOU";"NÃO ALCANÇOU";"NÃO ALCANÇOU";"ALCANÇOU"
"RJ";"330420";"Resende";"ALCANÇOU";"ALCANÇOU";;"NÃO ALCANÇOU";"ALCANÇOU";"ALCANÇOU";"ALCANÇOU";"ALCANÇOU"
"RJ";"330430";"Rio Bonito";"ALCANÇOU";"ALCANÇOU";;"NÃO ALCANÇOU";"ALCANÇOU";"NÃO ALCANÇOU";"NÃO ALCANÇOU";"NÃO ALCANÇOU"
"RJ";"330440";"Rio Claro";"NÃO ALCANÇOU";"ALCANÇOU";;"NÃO ALCANÇOU";"NÃO ALCANÇOU";"ALCANÇOU";"ALCANÇOU";"ALCANÇOU"
"RJ";"330450";"Rio das Flores";"ALCANÇOU";"ALCANÇOU";;"NÃO ALCANÇOU";"NÃO ALCANÇOU";"NÃO ALCANÇOU";"NÃO ALCANÇOU";"ALCANÇOU"
"RJ";"330452";"Rio das Ostras";"ALCANÇOU";"ALCANÇOU";;"NÃO ALCANÇOU";"ALCANÇOU";"ALCANÇOU";"NÃO ALCANÇOU";"NÃO ALCANÇOU"
"RJ";"330455";"Rio de Janeiro";"ALCANÇOU";"ALCANÇOU";;"NÃO ALCANÇOU";"ALCANÇOU";"ALCANÇOU";"NÃO ALCANÇOU";"ALCANÇOU"
"RJ";"330460";"Santa Maria Madalena";"ALCANÇOU";"NÃO ALCANÇOU";;"ALCANÇOU";"NÃO ALCANÇOU";"NÃO ALCANÇOU";"ALCANÇOU";"ALCANÇOU"
"RJ";"330470";"Santo Antônio de Pádua";"ALCANÇOU";"ALCANÇOU";;"NÃO ALCANÇOU";"NÃO ALCANÇOU";"NÃO ALCANÇOU";"ALCANÇOU";"ALCANÇOU"
"RJ";"330540";"Sapucaia";"ALCANÇOU";"ALCANÇOU";;"NÃO ALCANÇOU";"ALCANÇOU";"ALCANÇOU";"NÃO ALCANÇOU";"NÃO ALCANÇOU"
"RJ";"330550";"Saquarema";"ALCANÇOU";"ALCANÇOU";;"NÃO ALCANÇOU";"ALCANÇOU";"ALCANÇOU";"ALCANÇOU";"ALCANÇOU"
"RJ";"330555";"Seropédica";"NÃO ALCANÇOU";"ALCANÇOU";;"NÃO ALCANÇOU";"ALCANÇOU";"NÃO ALCANÇOU";"ALCANÇOU";"NÃO ALCANÇOU"
"RJ";"330560";"Silva Jardim";"ALCANÇOU";"ALCANÇOU";;"NÃO ALCANÇOU";"ALCANÇOU";"NÃO ALCANÇOU";"NÃO ALCANÇOU";"NÃO ALCANÇOU"
"RJ";"330570";"Sumidouro";"ALCANÇOU";"ALCANÇOU";;"NÃO ALCANÇOU";"ALCANÇOU";"NÃO ALCANÇOU";"ALCANÇOU";"NÃO ALCANÇOU"
"RJ";"330480";"São Fidélis";"ALCANÇOU";"ALCANÇOU";;"NÃO ALCANÇOU";"NÃO ALCANÇOU";"NÃO ALCANÇOU";"ALCANÇOU";"ALCANÇOU"
"RJ";"330475";"São Francisco de Itabapoana";"ALCANÇOU";"ALCANÇOU";;"NÃO ALCANÇOU";"NÃO ALCANÇOU";"NÃO ALCANÇOU";"NÃO ALCANÇOU";"NÃO ALCANÇOU"
"RJ";"330490";"São Gonçalo";"ALCANÇOU";"ALCANÇOU";;"NÃO ALCANÇOU";"NÃO ALCANÇOU";"ALCANÇOU";"ALCANÇOU";"NÃO ALCANÇOU"
"RJ";"330513";"São José de Ubá";"ALCANÇOU";"ALCANÇOU";;"NÃO ALCANÇOU";"ALCANÇOU";"NÃO ALCANÇOU";"NÃO ALCANÇOU";"ALCANÇOU"
"RJ";"330515";"São José do Vale do Rio Preto";"ALCANÇOU";"ALCANÇOU";;"ALCANÇOU";"NÃO ALCANÇOU";"NÃO ALCANÇOU";"ALCANÇOU";"NÃO ALCANÇOU"
"RJ";"330500";"São João da Barra";"ALCANÇOU";"ALCANÇOU";;"NÃO ALCANÇOU";"NÃO ALCANÇOU";"NÃO ALCANÇOU";"ALCANÇOU";"ALCANÇOU"
"RJ";"330510";"São João de Meriti";"ALCANÇOU";"ALCANÇOU";;"NÃO ALCANÇOU";"ALCANÇOU";"ALCANÇOU";"ALCANÇOU";"ALCANÇOU"
"RJ";"330520";"São Pedro da Aldeia";"ALCANÇOU";"ALCANÇOU";;"NÃO ALCANÇOU";"ALCANÇOU";"ALCANÇOU";"ALCANÇOU";"NÃO ALCANÇOU"
"RJ";"330530";"São Sebastião do Alto";"ALCANÇOU";"ALCANÇOU";;"NÃO ALCANÇOU";"ALCANÇOU";"NÃO ALCANÇOU";"ALCANÇOU";"ALCANÇOU"
"RJ";"330575";"Tanguá";"NÃO ALCANÇOU";"ALCANÇOU";;"NÃO ALCANÇOU";"ALCANÇOU";"ALCANÇOU";"NÃO ALCANÇOU";"NÃO ALCANÇOU"
"RJ";"330580";"Teresópolis";"ALCANÇOU";"NÃO ALCANÇOU";;"NÃO ALCANÇOU";"NÃO ALCANÇOU";"ALCANÇOU";"ALCANÇOU";"ALCANÇOU"
"RJ";"330590";"Trajano de Moraes";"NÃO ALCANÇOU";"NÃO ALCANÇOU";;"NÃO ALCANÇOU";"NÃO ALCANÇOU";"NÃO ALCANÇOU";"ALCANÇOU";"ALCANÇOU"
"RJ";"330600";"Três Rios";"ALCANÇOU";"ALCANÇOU";;"NÃO ALCANÇOU";"ALCANÇOU";"ALCANÇOU";"NÃO ALCANÇOU";"NÃO ALCANÇOU"
"RJ";"330610";"Valença";"ALCANÇOU";"ALCANÇOU";;"NÃO ALCANÇOU";"ALCANÇOU";"ALCANÇOU";"ALCANÇOU";"ALCANÇOU"
"RJ";"330615";"Varre-Sai";"ALCANÇOU";"ALCANÇOU";;"NÃO ALCANÇOU";"NÃO ALCANÇOU";"NÃO ALCANÇOU";"NÃO ALCANÇOU";"ALCANÇOU"
"RJ";"330620";"Vassouras";"ALCANÇOU";"ALCANÇOU";;"NÃO ALCANÇOU";"ALCANÇOU";"ALCANÇOU";"NÃO ALCANÇOU";"ALCANÇOU"
"RJ";"330630";"Volta Redonda";"ALCANÇOU";"ALCANÇOU";;"NÃO ALCANÇOU";"ALCANÇOU";"ALCANÇOU";"NÃO ALCANÇOU";"ALCANÇOU"
"RJ";"330010";;;;"NÃO ALCANÇOU";;;;;
"RJ";"330015";;;;"ALCANÇOU";;;;;
"RJ";"330020";;;;"ALCANÇOU";;;;;
"RJ";"330022";;;;"ALCANÇOU";;;;;
"RJ";"330023";;;;"ALCANÇOU";;;;;
"RJ";"330025";;;;"ALCANÇOU";;;;;
"RJ";"330030";;;;"NÃO ALCANÇOU";;;;;
"RJ";"330040";;;;"ALCANÇOU";;;;;
"RJ";"330045";;;;"NÃO ALCANÇOU";;;;;
"RJ";"330050";;;;"ALCANÇOU";;;;;
"RJ";"330060";;;;"ALCANÇOU";;;;;
"RJ";"330070";;;;"ALCANÇOU";;;;;
"RJ";"330080";;;;"ALCANÇOU";;;;;
"RJ";"330090";;;;"NÃO ALCANÇOU";;;;;
"RJ";"330093";;;;"NÃO ALCANÇOU";;;;;
"RJ";"330095";;;;"NÃO ALCANÇOU";;;;;
"RJ";"330100";;;;"ALCANÇOU";;;;;
"RJ";"330110";;;;"ALCANÇOU";;;;;
"RJ";"330115";;;;"ALCANÇOU";;;;;
"RJ";"330120";;;;"ALCANÇOU";;;;;
"RJ";"330130";;;;"ALCANÇOU";;;;;
"RJ";"330140";;;;"NÃO ALCANÇOU";;;;;
"RJ";"330150";;;;"ALCANÇOU";;;;;
"RJ";"330160";;;;"NÃO ALCANÇOU";;;;;
"RJ";"330170";;;;"ALCANÇOU";;;;;
"RJ";"330180";;;;"ALCANÇOU";;;;;
"RJ";"330185";;;;"ALCANÇOU";;;;;
"RJ";"330187";;;;"ALCANÇOU";;;;;
"RJ";"330190";;;;"ALCANÇOU";;;;;
"RJ";"330200";;;;"ALCANÇOU";;;;;
"RJ";"330205";;;;"NÃO ALCANÇOU";;;;;
"RJ";"330210";;;;"NÃO ALCANÇOU";;;;;
"RJ";"330220";;;;"ALCANÇOU";;;;;
"RJ";"330225";;;;"ALCANÇOU";;;;;
"RJ";"330227";;;;"ALCANÇOU";;;;;
"RJ";"330230";;;;"ALCANÇOU";;;;;
"RJ";"330240";;;;"ALCANÇOU";;;;;
"RJ";"330245";;;;"NÃO ALCANÇOU";;;;;
"RJ";"330250";;;;"ALCANÇOU";;;;;
"RJ";"330260";;;;"ALCANÇOU";;;;;
"RJ";"330270";;;;"ALCANÇOU";;;;;
"RJ";"330280";;;;"NÃO ALCANÇOU";;;;;
"RJ";"330285";;;;"ALCANÇOU";;;;;
"RJ";"330290";;;;"ALCANÇOU";;;;;
"RJ";"330300";;;;"ALCANÇOU";;;;;
"RJ";"330310";;;;"ALCANÇOU";;;;;
"RJ";"330320";;;;"NÃO ALCANÇOU";;;;;
"RJ";"330330";;;;"ALCANÇOU";;;;;
"RJ";"330340";;;;"ALCANÇOU";;;;;
"RJ";"330350";;;;"ALCANÇOU";;;;;
"RJ";"330360";;;;"NÃO ALCANÇOU";;;;;
"RJ";"330370";;;;"ALCANÇOU";;;;;
"RJ";"330380";;;;"ALCANÇOU";;;;;
"RJ";"330385";;;;"ALCANÇOU";;;;;
"RJ";"330390";;;;"ALCANÇOU";;;;;
"RJ";"330395";;;;"NÃO ALCANÇOU";;;;;
"RJ";"330400";;;;"ALCANÇOU";;;;;
"RJ";"330410";;;;"ALCANÇOU";;;;;
"RJ";"330411";;;;"ALCANÇOU";;;;;
"RJ";"330412";;;;"ALCANÇOU";;;;;
"RJ";"330414";;;;"ALCANÇOU";;;;;
"RJ";"330415";;;;"ALCANÇOU";;;;;
"RJ";"330420";;;;"ALCANÇOU";;;;;
"RJ";"330430";;;;"NÃO ALCANÇOU";;;;;
"RJ";"330440";;;;"ALCANÇOU";;;;;
"RJ";"330450";;;;"NÃO ALCANÇOU";;;;;
"RJ";"330452";;;;"ALCANÇOU";;;;;
"RJ";"330455";;;;"ALCANÇOU";;;;;
"RJ";"330460";;;;"ALCANÇOU";;;;;
"RJ";"330470";;;;"ALCANÇOU";;;;;
"RJ";"330475";;;;"ALCANÇOU";;;;;
"RJ";"330480";;;;"ALCANÇOU";;;;;
"RJ";"330490";;;;"ALCANÇOU";;;;;
"RJ";"330500";;;;"NÃO ALCANÇOU";;;;;
"RJ";"330510";;;;"ALCANÇOU";;;;;
"RJ";"330513";;;;"ALCANÇOU";;;;;
"RJ";"330515";;;;"NÃO ALCANÇOU";;;;;
"RJ";"330520";;;;"ALCANÇOU";;;;;
"RJ";"330530";;;;"NÃO ALCANÇOU";;;;;
"RJ";"330540";;;;"ALCANÇOU";;;;;
"RJ";"330550";;;;"ALCANÇOU";;;;;
"RJ";"330555";;;;"ALCANÇOU";;;;;
"RJ";"330560";;;;"ALCANÇOU";;;;;
"RJ";"330570";;;;"ALCANÇOU";;;;;
"RJ";"330575";;;;"ALCANÇOU";;;;;
"RJ";"330580";;;;"ALCANÇOU";;;;;
"RJ";"330590";;;;"NÃO ALCANÇOU";;;;;
"RJ";"330600";;;;"ALCANÇOU";;;;;
"RJ";"330610";;;;"ALCANÇOU";;;;;
"RJ";"330615";;;;"ALCANÇOU";;;;;
"RJ";"330620";;;;"NÃO ALCANÇOU";;;;;
"RJ";"330630";;;;"ALCANÇOU";;;;;
"RN";"240010";"Acari";"ALCANÇOU";"ALCANÇOU";;"NÃO ALCANÇOU";"NÃO ALCANÇOU";"ALCANÇOU";"ALCANÇOU";"ALCANÇOU"
"RN";"240030";"Afonso Bezerra";"ALCANÇOU";"ALCANÇOU";;"NÃO ALCANÇOU";"NÃO ALCANÇOU";"ALCANÇOU";"ALCANÇOU";"ALCANÇOU"
"RN";"240050";"Alexandria";"ALCANÇOU";"ALCANÇOU";;"NÃO ALCANÇOU";"NÃO ALCANÇOU";"NÃO ALCANÇOU";"ALCANÇOU";"NÃO ALCANÇOU"
"RN";"240060";"Almino Afonso";"ALCANÇOU";"ALCANÇOU";;"NÃO ALCANÇOU";"ALCANÇOU";"NÃO ALCANÇOU";"ALCANÇOU";"NÃO ALCANÇOU"
"RN";"240070";"Alto do Rodrigues";"ALCANÇOU";"ALCANÇOU";;"NÃO ALCANÇOU";"ALCANÇOU";"ALCANÇOU";"NÃO ALCANÇOU";"NÃO ALCANÇOU"
"RN";"240080";"Angicos";"NÃO ALCANÇOU";"ALCANÇOU";;"NÃO ALCANÇOU";"ALCANÇOU";"NÃO ALCANÇOU";"ALCANÇOU";"NÃO ALCANÇOU"
"RN";"240090";"Antônio Martins";"ALCANÇOU";"ALCANÇOU";;"NÃO ALCANÇOU";"NÃO ALCANÇOU";"NÃO ALCANÇOU";"NÃO ALCANÇOU";"NÃO ALCANÇOU"
"RN";"240100";"Apodi";"ALCANÇOU";"ALCANÇOU";;"NÃO ALCANÇOU";"ALCANÇOU";"NÃO ALCANÇOU";"ALCANÇOU";"ALCANÇOU"
"RN";"240110";"Areia Branca";"ALCANÇOU";"ALCANÇOU";;"NÃO ALCANÇOU";"ALCANÇOU";"NÃO ALCANÇOU";"NÃO ALCANÇOU";"ALCANÇOU"
"RN";"240120";"Arês";"ALCANÇOU";"ALCANÇOU";;"ALCANÇOU";"NÃO ALCANÇOU";"NÃO ALCANÇOU";"ALCANÇOU";"NÃO ALCANÇOU"
"RN";"240130";"Augusto Severo";"ALCANÇOU";"ALCANÇOU";;;"NÃO ALCANÇOU";"NÃO ALCANÇOU";"ALCANÇOU";"ALCANÇOU"
"RN";"240020";"Açu";"ALCANÇOU";"ALCANÇOU";;"NÃO ALCANÇOU";"ALCANÇOU";"ALCANÇOU";"NÃO ALCANÇOU";"ALCANÇOU"
"RN";"240145";"Baraúna";"ALCANÇOU";"ALCANÇOU";;"ALCANÇOU";"ALCANÇOU";"NÃO ALCANÇOU";"NÃO ALCANÇOU";"NÃO ALCANÇOU"
"RN";"240150";"Barcelona";"ALCANÇOU";"NÃO ALCANÇOU";;"ALCANÇOU";"ALCANÇOU";"NÃO ALCANÇOU";"ALCANÇOU";"ALCANÇOU"
"RN";"240140";"Baía Formosa";"ALCANÇOU";"ALCANÇOU";;"NÃO ALCANÇOU";"NÃO ALCANÇOU";"NÃO ALCANÇOU";"ALCANÇOU";"NÃO ALCANÇOU"
"RN";"240160";"Bento Fernandes";"NÃO ALCANÇOU";"ALCANÇOU";;"NÃO ALCANÇOU";"NÃO ALCANÇOU";"NÃO ALCANÇOU";"ALCANÇOU";"ALCANÇOU"
"RN";"240165";"Bodó";"ALCANÇOU";"ALCANÇOU";;"NÃO ALCANÇOU";"NÃO ALCANÇOU";"NÃO ALCANÇOU";"ALCANÇOU";"ALCANÇOU"
"RN";"240170";"Bom Jesus";"ALCANÇOU";"ALCANÇOU";;"NÃO ALCANÇOU";"ALCANÇOU";"NÃO ALCANÇOU";"NÃO ALCANÇOU";"NÃO ALCANÇOU"
"RN";"240180";"Brejinho";"NÃO ALCANÇOU";"ALCANÇOU";;"NÃO ALCANÇOU";"NÃO ALCANÇOU";"NÃO ALCANÇOU";"ALCANÇOU";"ALCANÇOU"
"RN";"240200";"Caicó";"NÃO ALCANÇOU";"ALCANÇOU";;"NÃO ALCANÇOU";"NÃO ALCANÇOU";"NÃO ALCANÇOU";"NÃO ALCANÇOU";"ALCANÇOU"
"RN";"240185";"Caiçara do Norte";"ALCANÇOU";"ALCANÇOU";;"ALCANÇOU";"ALCANÇOU";"NÃO ALCANÇOU";"ALCANÇOU";"NÃO ALCANÇOU"
"RN";"240190";"Caiçara do Rio do Vento";"ALCANÇOU";"NÃO ALCANÇOU";;"NÃO ALCANÇOU";"ALCANÇOU";"NÃO ALCANÇOU";"ALCANÇOU";"ALCANÇOU"
"RN";"240130";"Campo Grande";;;;"ALCANÇOU";;;;
"RN";"240210";"Campo Redondo";"NÃO ALCANÇOU";"ALCANÇOU";;"ALCANÇOU";"NÃO ALCANÇOU";"NÃO ALCANÇOU";"NÃO ALCANÇOU";"NÃO ALCANÇOU"
"RN";"240220";"Canguaretama";"NÃO ALCANÇOU";"ALCANÇOU";;"NÃO ALCANÇOU";"NÃO ALCANÇOU";"ALCANÇOU";"ALCANÇOU";"NÃO ALCANÇOU"
"RN";"240230";"Caraúbas";"ALCANÇOU";"ALCANÇOU";;"NÃO ALCANÇOU";"ALCANÇOU";"NÃO ALCANÇOU";"NÃO ALCANÇOU";"NÃO ALCANÇOU"
"RN";"240250";"Carnaubais";"ALCANÇOU";"ALCANÇOU";;"NÃO ALCANÇOU";"NÃO ALCANÇOU";"NÃO ALCANÇOU";"ALCANÇOU";"ALCANÇOU"
"RN";"240240";"Carnaúba dos Dantas";"ALCANÇOU";"ALCANÇOU";;"NÃO ALCANÇOU";"NÃO ALCANÇOU";"NÃO ALCANÇOU";"ALCANÇOU";"ALCANÇOU"
"RN";"240260";"Ceará-Mirim";"ALCANÇOU";"ALCANÇOU";;"NÃO ALCANÇOU";"NÃO ALCANÇOU";"NÃO ALCANÇOU";"NÃO ALCANÇOU";"NÃO ALCANÇOU"
"RN";"240270";"Cerro Corá";"ALCANÇOU";"ALCANÇOU";;"NÃO ALCANÇOU";"NÃO ALCANÇOU";"NÃO ALCANÇOU";"ALCANÇOU";"ALCANÇOU"
"RN";"240280";"Coronel Ezequiel";"ALCANÇOU";"ALCANÇOU";;"NÃO ALCANÇOU";"NÃO ALCANÇOU";"ALCANÇOU";"NÃO ALCANÇOU";"ALCANÇOU"
"RN";"240290";"Coronel João Pessoa";"ALCANÇOU";"ALCANÇOU";;"NÃO ALCANÇOU";"NÃO ALCANÇOU";"NÃO ALCANÇOU";"ALCANÇOU";"ALCANÇOU"
"RN";"240300";"Cruzeta";"ALCANÇOU";"ALCANÇOU";;"ALCANÇOU";"ALCANÇOU";"NÃO ALCANÇOU";"NÃO ALCANÇOU";"ALCANÇOU"
"RN";"240310";"Currais Novos";"ALCANÇOU";"ALCANÇOU";;"NÃO ALCANÇOU";"ALCANÇOU";"NÃO ALCANÇOU";"NÃO ALCANÇOU";"ALCANÇOU"
"RN";"240320";"Doutor Severiano";"ALCANÇOU";"ALCANÇOU";;"NÃO ALCANÇOU";"NÃO ALCANÇOU";"ALCANÇOU";"NÃO ALCANÇOU";"NÃO ALCANÇOU"
"RN";"240330";"Encanto";"ALCANÇOU";"ALCANÇOU";;"NÃO ALCANÇOU";"ALCANÇOU";"NÃO ALCANÇOU";"NÃO ALCANÇOU";"NÃO ALCANÇOU"
"RN";"240340";"Equador";"ALCANÇOU";"ALCANÇOU";;"ALCANÇOU";"NÃO ALCANÇOU";"NÃO ALCANÇOU";"ALCANÇOU";"ALCANÇOU"
"RN";"240350";"Espírito Santo";"ALCANÇOU";"ALCANÇOU";;"NÃO ALCANÇOU";"NÃO ALCANÇOU";"ALCANÇOU";"ALCANÇOU";"ALCANÇOU"
"RN";"240360";"Extremoz";"ALCANÇOU";"ALCANÇOU";;"NÃO ALCANÇOU";"ALCANÇOU";"NÃO ALCANÇOU";"ALCANÇOU";"ALCANÇOU"
"RN";"240370";"Felipe Guerra";"NÃO ALCANÇOU";"ALCANÇOU";;"ALCANÇOU";"NÃO ALCANÇOU";"NÃO ALCANÇOU";"NÃO ALCANÇOU";"ALCANÇOU"
"RN";"240375";"Fernando Pedroza";"ALCANÇOU";"ALCANÇOU";;"NÃO ALCANÇOU";"ALCANÇOU";"NÃO ALCANÇOU";"ALCANÇOU";"ALCANÇOU"
"RN";"240380";"Florânia";"ALCANÇOU";"ALCANÇOU";;"ALCANÇOU";"ALCANÇOU";"NÃO ALCANÇOU";"ALCANÇOU";"ALCANÇOU"
"RN";"240390";"Francisco Dantas";"ALCANÇOU";"ALCANÇOU";;"NÃO ALCANÇOU";"ALCANÇOU";"NÃO ALCANÇOU";"ALCANÇOU";"NÃO ALCANÇOU"
"RN";"240400";"Frutuoso Gomes";"NÃO ALCANÇOU";"ALCANÇOU";;"NÃO ALCANÇOU";"NÃO ALCANÇOU";"NÃO ALCANÇOU";"ALCANÇOU";"ALCANÇOU"
"RN";"240410";"Galinhos";"NÃO ALCANÇOU";"ALCANÇOU";;"ALCANÇOU";"NÃO ALCANÇOU";"NÃO ALCANÇOU";"ALCANÇOU";"ALCANÇOU"
"RN";"240420";"Goianinha";"ALCANÇOU";"ALCANÇOU";;"NÃO ALCANÇOU";"ALCANÇOU";"NÃO ALCANÇOU";"ALCANÇOU";"NÃO ALCANÇOU"
"RN";"240430";"Governador Dix-Sept Rosado";"ALCANÇOU";"ALCANÇOU";;"NÃO ALCANÇOU";"ALCANÇOU";"NÃO ALCANÇOU";"ALCANÇOU";"ALCANÇOU"
"RN";"240440";"Grossos";"ALCANÇOU";"NÃO ALCANÇOU";;"NÃO ALCANÇOU";"ALCANÇOU";"NÃO ALCANÇOU";"ALCANÇOU";"ALCANÇOU"
"RN";"240450";"Guamaré";"ALCANÇOU";"ALCANÇOU";;"NÃO ALCANÇOU";"NÃO ALCANÇOU";"NÃO ALCANÇOU";"ALCANÇOU";"NÃO ALCANÇOU"
"RN";"240460";"Ielmo Marinho";"NÃO ALCANÇOU";"NÃO ALCANÇOU";;"NÃO ALCANÇOU";"ALCANÇOU";"NÃO ALCANÇOU";"ALCANÇOU";"NÃO ALCANÇOU"
"RN";"240470";"Ipanguaçu";"NÃO ALCANÇOU";"ALCANÇOU";;"NÃO ALCANÇOU";"NÃO ALCANÇOU";"NÃO ALCANÇOU";"ALCANÇOU";"NÃO ALCANÇOU"
"RN";"240480";"Ipueira";"ALCANÇOU";"NÃO ALCANÇOU";;"ALCANÇOU";"ALCANÇOU";"NÃO ALCANÇOU";"ALCANÇOU";"ALCANÇOU"
"RN";"240485";"Itajá";"NÃO ALCANÇOU";"ALCANÇOU";;"NÃO ALCANÇOU";"NÃO ALCANÇOU";"NÃO ALCANÇOU";"ALCANÇOU";"NÃO ALCANÇOU"
"RN";"240490";"Itaú";"ALCANÇOU";"ALCANÇOU";;"NÃO ALCANÇOU";"NÃO ALCANÇOU";"NÃO ALCANÇOU";"ALCANÇOU";"NÃO ALCANÇOU"
"RN";"240510";"Jandaíra";"ALCANÇOU";"ALCANÇOU";;"ALCANÇOU";"ALCANÇOU";"NÃO ALCANÇOU";"NÃO ALCANÇOU";"ALCANÇOU"
"RN";"240520";"Janduís";"NÃO ALCANÇOU";"ALCANÇOU";;"ALCANÇOU";"ALCANÇOU";"NÃO ALCANÇOU";"NÃO ALCANÇOU";"ALCANÇOU"
"RN";"240530";"Januário Cicco";"ALCANÇOU";"ALCANÇOU";;"ALCANÇOU";"ALCANÇOU";"NÃO ALCANÇOU";"ALCANÇOU";"NÃO ALCANÇOU"
"RN";"240540";"Japi";"ALCANÇOU";"ALCANÇOU";;"ALCANÇOU";"NÃO ALCANÇOU";"NÃO ALCANÇOU";"ALCANÇOU";"ALCANÇOU"
"RN";"240550";"Jardim de Angicos";"ALCANÇOU";"ALCANÇOU";;"ALCANÇOU";"NÃO ALCANÇOU";"NÃO ALCANÇOU";"ALCANÇOU";"ALCANÇOU"
"RN";"240560";"Jardim de Piranhas";"ALCANÇOU";"ALCANÇOU";;"ALCANÇOU";"NÃO ALCANÇOU";"ALCANÇOU";"ALCANÇOU";"ALCANÇOU"
"RN";"240570";"Jardim do Seridó";"ALCANÇOU";"ALCANÇOU";;"ALCANÇOU";"NÃO ALCANÇOU";"NÃO ALCANÇOU";"NÃO ALCANÇOU";"ALCANÇOU"
"RN";"240500";"Jaçanã";"ALCANÇOU";"NÃO ALCANÇOU";;"NÃO ALCANÇOU";"ALCANÇOU";"ALCANÇOU";"ALCANÇOU";"ALCANÇOU"
"RN";"240600";"José da Penha";"NÃO ALCANÇOU";"ALCANÇOU";;"NÃO ALCANÇOU";"NÃO ALCANÇOU";"ALCANÇOU";"NÃO ALCANÇOU";"NÃO ALCANÇOU"
"RN";"240580";"João Câmara";"ALCANÇOU";"ALCANÇOU";;"NÃO ALCANÇOU";"NÃO ALCANÇOU";"ALCANÇOU";"NÃO ALCANÇOU";"ALCANÇOU"
"RN";"240590";"João Dias";"ALCANÇOU";"NÃO ALCANÇOU";;"NÃO ALCANÇOU";"NÃO ALCANÇOU";"NÃO ALCANÇOU";"ALCANÇOU";"NÃO ALCANÇOU"
"RN";"240610";"Jucurutu";"NÃO ALCANÇOU";"ALCANÇOU";;"ALCANÇOU";"NÃO ALCANÇOU";"NÃO ALCANÇOU";"NÃO ALCANÇOU";"ALCANÇOU"
"RN";"240615";"Jundiá";"ALCANÇOU";"ALCANÇOU";;"NÃO ALCANÇOU";"NÃO ALCANÇOU";"NÃO ALCANÇOU";"ALCANÇOU";"ALCANÇOU"
"RN";"240650";"Lagoa Nova";"ALCANÇOU";"ALCANÇOU";;"ALCANÇOU";"ALCANÇOU";"NÃO ALCANÇOU";"ALCANÇOU";"ALCANÇOU"
"RN";"240660";"Lagoa Salgada";"NÃO ALCANÇOU";"ALCANÇOU";;"ALCANÇOU";"NÃO ALCANÇOU";"NÃO ALCANÇOU";"NÃO ALCANÇOU";"NÃO ALCANÇOU"
"RN";"240620";"Lagoa d'Anta";"NÃO ALCANÇOU";"ALCANÇOU";;"ALCANÇOU";"NÃO ALCANÇOU";"NÃO ALCANÇOU";"ALCANÇOU";
"RN";"240620";"Lagoa dAnta";;;;;;;;"NÃO ALCANÇOU"
"RN";"240630";"Lagoa de Pedras";"NÃO ALCANÇOU";"ALCANÇOU";;"ALCANÇOU";"NÃO ALCANÇOU";"NÃO ALCANÇOU";"ALCANÇOU";"ALCANÇOU"
"RN";"240640";"Lagoa de Velhos";"ALCANÇOU";"ALCANÇOU";;"NÃO ALCANÇOU";"ALCANÇOU";"NÃO ALCANÇOU";"ALCANÇOU";"NÃO ALCANÇOU"
"RN";"240670";"Lajes";"NÃO ALCANÇOU";"ALCANÇOU";;"NÃO ALCANÇOU";"ALCANÇOU";"NÃO ALCANÇOU";"NÃO ALCANÇOU";"ALCANÇOU"
"RN";"240680";"Lajes Pintadas";"ALCANÇOU";"ALCANÇOU";;"NÃO ALCANÇOU";"NÃO ALCANÇOU";"ALCANÇOU";"ALCANÇOU";"ALCANÇOU"
"RN";"240690";"Lucrécia";"ALCANÇOU";"ALCANÇOU";;"NÃO ALCANÇOU";"ALCANÇOU";"NÃO ALCANÇOU";"ALCANÇOU";"NÃO ALCANÇOU"
"RN";"240700";"Luís Gomes";"ALCANÇOU";"ALCANÇOU";;"ALCANÇOU";"NÃO ALCANÇOU";"NÃO ALCANÇOU";"ALCANÇOU";"NÃO ALCANÇOU"
"RN";"240720";"Macau";"ALCANÇOU";"ALCANÇOU";;"NÃO ALCANÇOU";"NÃO ALCANÇOU";"NÃO ALCANÇOU";"NÃO ALCANÇOU";"NÃO ALCANÇOU"
"RN";"240710";"Macaíba";"NÃO ALCANÇOU";"ALCANÇOU";;"NÃO ALCANÇOU";"ALCANÇOU";"ALCANÇOU";"NÃO ALCANÇOU";"ALCANÇOU"
"RN";"240725";"Major Sales";"ALCANÇOU";"ALCANÇOU";;"NÃO ALCANÇOU";"NÃO ALCANÇOU";"NÃO ALCANÇOU";"ALCANÇOU";"NÃO ALCANÇOU"
"RN";"240730";"Marcelino Vieira";"ALCANÇOU";"ALCANÇOU";;"NÃO ALCANÇOU";"NÃO ALCANÇOU";"NÃO ALCANÇOU";"ALCANÇOU";"NÃO ALCANÇOU"
"RN";"240740";"Martins";"ALCANÇOU";"NÃO ALCANÇOU";;"NÃO ALCANÇOU";"NÃO ALCANÇOU";"NÃO ALCANÇOU";"ALCANÇOU";"NÃO ALCANÇOU"
"RN";"240750";"Maxaranguape";"ALCANÇOU";"ALCANÇOU";;"NÃO ALCANÇOU";"NÃO ALCANÇOU";"ALCANÇOU";"ALCANÇOU";"ALCANÇOU"
"RN";"240760";"Messias Targino";"ALCANÇOU";"ALCANÇOU";;"NÃO ALCANÇOU";"ALCANÇOU";"NÃO ALCANÇOU";"ALCANÇOU";"ALCANÇOU"
"RN";"240770";"Montanhas";"ALCANÇOU";"ALCANÇOU";;"NÃO ALCANÇOU";"ALCANÇOU";"NÃO ALCANÇOU";"ALCANÇOU";"NÃO ALCANÇOU"
"RN";"240780";"Monte Alegre";"NÃO ALCANÇOU";"ALCANÇOU";;"NÃO ALCANÇOU";"NÃO ALCANÇOU";"ALCANÇOU";"ALCANÇOU";"ALCANÇOU"
"RN";"240790";"Monte das Gameleiras";"ALCANÇOU";"ALCANÇOU";;"NÃO ALCANÇOU";"NÃO ALCANÇOU";"NÃO ALCANÇOU";"ALCANÇOU";"NÃO ALCANÇOU"
"RN";"240800";"Mossoró";"ALCANÇOU";"ALCANÇOU";;"NÃO ALCANÇOU";"ALCANÇOU";"NÃO ALCANÇOU";"NÃO ALCANÇOU";"ALCANÇOU"
"RN";"240810";"Natal";"ALCANÇOU";"ALCANÇOU";;"NÃO ALCANÇOU";"ALCANÇOU";"ALCANÇOU";"NÃO ALCANÇOU";"NÃO ALCANÇOU"
"RN";"240830";"Nova Cruz";"ALCANÇOU";"ALCANÇOU";;"NÃO ALCANÇOU";"ALCANÇOU";"ALCANÇOU";"NÃO ALCANÇOU";"ALCANÇOU"
"RN";"240820";"Nísia Floresta";"ALCANÇOU";"ALCANÇOU";;"NÃO ALCANÇOU";"ALCANÇOU";"NÃO ALCANÇOU";"ALCANÇOU";"ALCANÇOU"
"RN";"240840";"Olho d'Água do Borges";;;;"ALCANÇOU";;;;
"RN";"240840";"Olho-d'Água do Borges";"NÃO ALCANÇOU";"ALCANÇOU";;;"NÃO ALCANÇOU";"NÃO ALCANÇOU";"ALCANÇOU";
"RN";"240840";"Olho-dÁgua do Borges";;;;;;;;"ALCANÇOU"
"RN";"240850";"Ouro Branco";"ALCANÇOU";"ALCANÇOU";;"NÃO ALCANÇOU";"ALCANÇOU";"NÃO ALCANÇOU";"ALCANÇOU";"ALCANÇOU"
"RN";"240860";"Paraná";"ALCANÇOU";"ALCANÇOU";;"NÃO ALCANÇOU";"NÃO ALCANÇOU";"NÃO ALCANÇOU";"ALCANÇOU";"NÃO ALCANÇOU"
"RN";"240880";"Parazinho";"ALCANÇOU";"ALCANÇOU";;"ALCANÇOU";"ALCANÇOU";"NÃO ALCANÇOU";"ALCANÇOU";"ALCANÇOU"
"RN";"240870";"Paraú";"ALCANÇOU";"ALCANÇOU";;"ALCANÇOU";"NÃO ALCANÇOU";"NÃO ALCANÇOU";"ALCANÇOU";"NÃO ALCANÇOU"
"RN";"240890";"Parelhas";"ALCANÇOU";"ALCANÇOU";;"NÃO ALCANÇOU";"NÃO ALCANÇOU";"ALCANÇOU";"ALCANÇOU";"ALCANÇOU"
"RN";"240325";"Parnamirim";"ALCANÇOU";"ALCANÇOU";;"NÃO ALCANÇOU";"ALCANÇOU";"ALCANÇOU";"NÃO ALCANÇOU";"NÃO ALCANÇOU"
"RN";"240910";"Passa e Fica";"NÃO ALCANÇOU";"ALCANÇOU";;"NÃO ALCANÇOU";"NÃO ALCANÇOU";"NÃO ALCANÇOU";"ALCANÇOU";"ALCANÇOU"
"RN";"240920";"Passagem";"ALCANÇOU";"ALCANÇOU";;"NÃO ALCANÇOU";"NÃO ALCANÇOU";"NÃO ALCANÇOU";"ALCANÇOU";"ALCANÇOU"
"RN";"240930";"Patu";"NÃO ALCANÇOU";"ALCANÇOU";;"NÃO ALCANÇOU";"NÃO ALCANÇOU";"NÃO ALCANÇOU";"NÃO ALCANÇOU";"ALCANÇOU"
"RN";"240940";"Pau dos Ferros";"NÃO ALCANÇOU";"ALCANÇOU";;"NÃO ALCANÇOU";"ALCANÇOU";"NÃO ALCANÇOU";"NÃO ALCANÇOU";"NÃO ALCANÇOU"
"RN";"240950";"Pedra Grande";"ALCANÇOU";"ALCANÇOU";;"ALCANÇOU";"NÃO ALCANÇOU";"NÃO ALCANÇOU";"ALCANÇOU";"NÃO ALCANÇOU"
"RN";"240960";"Pedra Preta";"ALCANÇOU";"ALCANÇOU";;"ALCANÇOU";"ALCANÇOU";"ALCANÇOU";"ALCANÇOU";"ALCANÇOU"
"RN";"240970";"Pedro Avelino";"ALCANÇOU";"NÃO ALCANÇOU";;"NÃO ALCANÇOU";"ALCANÇOU";"ALCANÇOU";"ALCANÇOU";"ALCANÇOU"
"RN";"240980";"Pedro Velho";"ALCANÇOU";"ALCANÇOU";;"NÃO ALCANÇOU";"NÃO ALCANÇOU";"ALCANÇOU";"ALCANÇOU";"NÃO ALCANÇOU"
"RN";"240990";"Pendências";"ALCANÇOU";"ALCANÇOU";;"ALCANÇOU";"NÃO ALCANÇOU";"ALCANÇOU";"NÃO ALCANÇOU";"NÃO ALCANÇOU"
"RN";"241000";"Pilões";"ALCANÇOU";"ALCANÇOU";;"NÃO ALCANÇOU";"NÃO ALCANÇOU";"NÃO ALCANÇOU";"ALCANÇOU";"ALCANÇOU"
"RN";"241020";"Portalegre";"NÃO ALCANÇOU";"ALCANÇOU";;"ALCANÇOU";"NÃO ALCANÇOU";"NÃO ALCANÇOU";"NÃO ALCANÇOU";"ALCANÇOU"
"RN";"241025";"Porto do Mangue";"ALCANÇOU";"ALCANÇOU";;"NÃO ALCANÇOU";"ALCANÇOU";"NÃO ALCANÇOU";"NÃO ALCANÇOU";"ALCANÇOU"
"RN";"241010";"Poço Branco";"NÃO ALCANÇOU";"ALCANÇOU";;"NÃO ALCANÇOU";"ALCANÇOU";"NÃO ALCANÇOU";"NÃO ALCANÇOU";"ALCANÇOU"
"RN";"241040";"Pureza";"NÃO ALCANÇOU";"ALCANÇOU";;"ALCANÇOU";"NÃO ALCANÇOU";"NÃO ALCANÇOU";"ALCANÇOU";"ALCANÇOU"
"RN";"241050";"Rafael Fernandes";"NÃO ALCANÇOU";"ALCANÇOU";;"NÃO ALCANÇOU";"ALCANÇOU";"ALCANÇOU";"ALCANÇOU";"ALCANÇOU"
"RN";"241060";"Rafael Godeiro";"ALCANÇOU";"ALCANÇOU";;"NÃO ALCANÇOU";"NÃO ALCANÇOU";"NÃO ALCANÇOU";"ALCANÇOU";"NÃO ALCANÇOU"
"RN";"241070";"Riacho da Cruz";"NÃO ALCANÇOU";"ALCANÇOU";;"NÃO ALCANÇOU";"ALCANÇOU";"NÃO ALCANÇOU";"ALCANÇOU";"NÃO ALCANÇOU"
"RN";"241080";"Riacho de Santana";"ALCANÇOU";"ALCANÇOU";;"NÃO ALCANÇOU";"NÃO ALCANÇOU";"NÃO ALCANÇOU";"NÃO ALCANÇOU";"NÃO ALCANÇOU"
"RN";"241090";"Riachuelo";"ALCANÇOU";"ALCANÇOU";;"ALCANÇOU";"NÃO ALCANÇOU";"NÃO ALCANÇOU";"NÃO ALCANÇOU";"ALCANÇOU"
"RN";"240895";"Rio do Fogo";"ALCANÇOU";"ALCANÇOU";;"NÃO ALCANÇOU";"NÃO ALCANÇOU";"NÃO ALCANÇOU";"ALCANÇOU";"NÃO ALCANÇOU"
"RN";"241100";"Rodolfo Fernandes";"ALCANÇOU";"ALCANÇOU";;"NÃO ALCANÇOU";"NÃO ALCANÇOU";"NÃO ALCANÇOU";"ALCANÇOU";"ALCANÇOU"
"RN";"241110";"Ruy Barbosa";"ALCANÇOU";"NÃO ALCANÇOU";;"NÃO ALCANÇOU";"NÃO ALCANÇOU";"NÃO ALCANÇOU";"ALCANÇOU";"NÃO ALCANÇOU"
"RN";"241120";"Santa Cruz";"ALCANÇOU";"ALCANÇOU";;"NÃO ALCANÇOU";"ALCANÇOU";"NÃO ALCANÇOU";"ALCANÇOU";"NÃO ALCANÇOU"
"RN";"240933";"Santa Maria";"NÃO ALCANÇOU";"ALCANÇOU";;"NÃO ALCANÇOU";"NÃO ALCANÇOU";"ALCANÇOU";"NÃO ALCANÇOU";"ALCANÇOU"
"RN";"241140";"Santana do Matos";"ALCANÇOU";"NÃO ALCANÇOU";;"NÃO ALCANÇOU";"NÃO ALCANÇOU";"NÃO ALCANÇOU";"ALCANÇOU";"ALCANÇOU"
"RN";"241142";"Santana do Seridó";"ALCANÇOU";"ALCANÇOU";;"NÃO ALCANÇOU";"ALCANÇOU";"NÃO ALCANÇOU";"ALCANÇOU";"ALCANÇOU"
"RN";"241150";"Santo Antônio";"ALCANÇOU";"ALCANÇOU";;"NÃO ALCANÇOU";"NÃO ALCANÇOU";"ALCANÇOU";"NÃO ALCANÇOU";"ALCANÇOU"
"RN";"241310";"Senador Elói de Souza";"ALCANÇOU";"ALCANÇOU";;"ALCANÇOU";"NÃO ALCANÇOU";"NÃO ALCANÇOU";"ALCANÇOU";"ALCANÇOU"
"RN";"241320";"Senador Georgino Avelino";"ALCANÇOU";"ALCANÇOU";;"NÃO ALCANÇOU";"NÃO ALCANÇOU";"NÃO ALCANÇOU";"NÃO ALCANÇOU";"ALCANÇOU"
"RN";"241030";"Serra Caiada";"NÃO ALCANÇOU";"ALCANÇOU";;"ALCANÇOU";"ALCANÇOU";"NÃO ALCANÇOU";"NÃO ALCANÇOU";"ALCANÇOU"
"RN";"241340";"Serra Negra do Norte";"NÃO ALCANÇOU";"NÃO ALCANÇOU";;"NÃO ALCANÇOU";"NÃO ALCANÇOU";"NÃO ALCANÇOU";"ALCANÇOU";"ALCANÇOU"
"RN";"241330";"Serra de São Bento";"ALCANÇOU";"ALCANÇOU";;"ALCANÇOU";"NÃO ALCANÇOU";"ALCANÇOU";"ALCANÇOU";"ALCANÇOU"
"RN";"241335";"Serra do Mel";"ALCANÇOU";"ALCANÇOU";;"NÃO ALCANÇOU";"NÃO ALCANÇOU";"NÃO ALCANÇOU";"NÃO ALCANÇOU";"NÃO ALCANÇOU"
"RN";"241350";"Serrinha";"ALCANÇOU";"ALCANÇOU";;"NÃO ALCANÇOU";"NÃO ALCANÇOU";"NÃO ALCANÇOU";"ALCANÇOU";"ALCANÇOU"
"RN";"241355";"Serrinha dos Pintos";"NÃO ALCANÇOU";"NÃO ALCANÇOU";;"NÃO ALCANÇOU";"NÃO ALCANÇOU";"NÃO ALCANÇOU";"NÃO ALCANÇOU";"ALCANÇOU"
"RN";"241360";"Severiano Melo";"ALCANÇOU";"ALCANÇOU";;"ALCANÇOU";"ALCANÇOU";"NÃO ALCANÇOU";"NÃO ALCANÇOU";"ALCANÇOU"
"RN";"241160";"São Bento do Norte";"ALCANÇOU";"ALCANÇOU";;"NÃO ALCANÇOU";"NÃO ALCANÇOU";"NÃO ALCANÇOU";"ALCANÇOU";"ALCANÇOU"
"RN";"241170";"São Bento do Trairí";"NÃO ALCANÇOU";"ALCANÇOU";;"NÃO ALCANÇOU";"ALCANÇOU";"NÃO ALCANÇOU";"ALCANÇOU";"ALCANÇOU"
"RN";"241180";"São Fernando";"ALCANÇOU";"ALCANÇOU";;"NÃO ALCANÇOU";"NÃO ALCANÇOU";"NÃO ALCANÇOU";"ALCANÇOU";"ALCANÇOU"
"RN";"241190";"São Francisco do Oeste";"ALCANÇOU";"ALCANÇOU";;"NÃO ALCANÇOU";"NÃO ALCANÇOU";"NÃO ALCANÇOU";"ALCANÇOU";"ALCANÇOU"
"RN";"241200";"São Gonçalo do Amarante";"ALCANÇOU";"ALCANÇOU";;"NÃO ALCANÇOU";"ALCANÇOU";"NÃO ALCANÇOU";"NÃO ALCANÇOU";"NÃO ALCANÇOU"
"RN";"241220";"São José de Mipibu";"ALCANÇOU";"ALCANÇOU";;"NÃO ALCANÇOU";"ALCANÇOU";"NÃO ALCANÇOU";"ALCANÇOU";"NÃO ALCANÇOU"
"RN";"241230";"São José do Campestre";"ALCANÇOU";"ALCANÇOU";;"NÃO ALCANÇOU";"NÃO ALCANÇOU";"NÃO ALCANÇOU";"NÃO ALCANÇOU";"ALCANÇOU"
"RN";"241240";"São José do Seridó";"ALCANÇOU";"ALCANÇOU";;"ALCANÇOU";"ALCANÇOU";"NÃO ALCANÇOU";"ALCANÇOU";"ALCANÇOU"
"RN";"241210";"São João do Sabugi";"ALCANÇOU";"ALCANÇOU";;"ALCANÇOU";"NÃO ALCANÇOU";"ALCANÇOU";"ALCANÇOU";"NÃO ALCANÇOU"
"RN";"241250";"São Miguel";"NÃO ALCANÇOU";"ALCANÇOU";;"NÃO ALCANÇOU";"NÃO ALCANÇOU";"NÃO ALCANÇOU";"ALCANÇOU";"NÃO ALCANÇOU"
"RN";"241255";"São Miguel do Gostoso";"NÃO ALCANÇOU";"ALCANÇOU";;"NÃO ALCANÇOU";"NÃO ALCANÇOU";"NÃO ALCANÇOU";"NÃO ALCANÇOU";"NÃO ALCANÇOU"
"RN";"241260";"São Paulo do Potengi";"NÃO ALCANÇOU";"ALCANÇOU";;"ALCANÇOU";"ALCANÇOU";"NÃO ALCANÇOU";"ALCANÇOU";"NÃO ALCANÇOU"
"RN";"241270";"São Pedro";"NÃO ALCANÇOU";"ALCANÇOU";;"NÃO ALCANÇOU";"NÃO ALCANÇOU";"NÃO ALCANÇOU";"ALCANÇOU";"NÃO ALCANÇOU"
"RN";"241280";"São Rafael";"ALCANÇOU";"NÃO ALCANÇOU";;"NÃO ALCANÇOU";"NÃO ALCANÇOU";"ALCANÇOU";"NÃO ALCANÇOU";"ALCANÇOU"
"RN";"241290";"São Tomé";"ALCANÇOU";"NÃO ALCANÇOU";;"ALCANÇOU";"NÃO ALCANÇOU";"NÃO ALCANÇOU";"ALCANÇOU";"ALCANÇOU"
"RN";"241300";"São Vicente";"ALCANÇOU";"ALCANÇOU";;"NÃO ALCANÇOU";"ALCANÇOU";"NÃO ALCANÇOU";"ALCANÇOU";"ALCANÇOU"
"RN";"241370";"Sítio Novo";"ALCANÇOU";"ALCANÇOU";;"NÃO ALCANÇOU";"NÃO ALCANÇOU";"NÃO ALCANÇOU";"ALCANÇOU";"ALCANÇOU"
"RN";"241380";"Taboleiro Grande";"NÃO ALCANÇOU";"NÃO ALCANÇOU";;"ALCANÇOU";"NÃO ALCANÇOU";"ALCANÇOU";"ALCANÇOU";"ALCANÇOU"
"RN";"241390";"Taipu";"NÃO ALCANÇOU";"ALCANÇOU";;"NÃO ALCANÇOU";"NÃO ALCANÇOU";"NÃO ALCANÇOU";"ALCANÇOU";"ALCANÇOU"
"RN";"241400";"Tangará";"ALCANÇOU";"ALCANÇOU";;"ALCANÇOU";"ALCANÇOU";"ALCANÇOU";"ALCANÇOU";"ALCANÇOU"
"RN";"241410";"Tenente Ananias";"ALCANÇOU";"ALCANÇOU";;"ALCANÇOU";"NÃO ALCANÇOU";"NÃO ALCANÇOU";"NÃO ALCANÇOU";"NÃO ALCANÇOU"
"RN";"241415";"Tenente Laurentino Cruz";"ALCANÇOU";"ALCANÇOU";;"ALCANÇOU";"ALCANÇOU";"NÃO ALCANÇOU";"NÃO ALCANÇOU";"NÃO ALCANÇOU"
"RN";"241105";"Tibau";"ALCANÇOU";"ALCANÇOU";;"NÃO ALCANÇOU";"NÃO ALCANÇOU";"ALCANÇOU";"NÃO ALCANÇOU";"NÃO ALCANÇOU"
"RN";"241420";"Tibau do Sul";"NÃO ALCANÇOU";"ALCANÇOU";;"NÃO ALCANÇOU";"NÃO ALCANÇOU";"NÃO ALCANÇOU";"ALCANÇOU";"ALCANÇOU"
"RN";"241430";"Timbaúba dos Batistas";"ALCANÇOU";"ALCANÇOU";;"NÃO ALCANÇOU";"NÃO ALCANÇOU";"NÃO ALCANÇOU";"ALCANÇOU";"ALCANÇOU"
"RN";"241440";"Touros";"NÃO ALCANÇOU";"ALCANÇOU";;"ALCANÇOU";"ALCANÇOU";"ALCANÇOU";"NÃO ALCANÇOU";"ALCANÇOU"
"RN";"241445";"Triunfo Potiguar";"ALCANÇOU";"ALCANÇOU";;"ALCANÇOU";"NÃO ALCANÇOU";"NÃO ALCANÇOU";"ALCANÇOU";"ALCANÇOU"
"RN";"241450";"Umarizal";"ALCANÇOU";"ALCANÇOU";;"NÃO ALCANÇOU";"NÃO ALCANÇOU";"ALCANÇOU";"NÃO ALCANÇOU";"NÃO ALCANÇOU"
"RN";"241460";"Upanema";"NÃO ALCANÇOU";"ALCANÇOU";;"ALCANÇOU";"ALCANÇOU";"NÃO ALCANÇOU";"ALCANÇOU";"ALCANÇOU"
"RN";"241475";"Venha-Ver";"NÃO ALCANÇOU";"ALCANÇOU";;"NÃO ALCANÇOU";"NÃO ALCANÇOU";"NÃO ALCANÇOU";"ALCANÇOU";"NÃO ALCANÇOU"
"RN";"241480";"Vera Cruz";"NÃO ALCANÇOU";"ALCANÇOU";;"ALCANÇOU";"NÃO ALCANÇOU";"NÃO ALCANÇOU";"ALCANÇOU";"NÃO ALCANÇOU"
"RN";"241500";"Vila Flor";"NÃO ALCANÇOU";"NÃO ALCANÇOU";;"NÃO ALCANÇOU";"NÃO ALCANÇOU";"NÃO ALCANÇOU";"ALCANÇOU";"ALCANÇOU"
"RN";"241490";"Viçosa";"ALCANÇOU";"ALCANÇOU";;"NÃO ALCANÇOU";"NÃO ALCANÇOU";"NÃO ALCANÇOU";"ALCANÇOU";"NÃO ALCANÇOU"
"RN";"241470";"Várzea";"ALCANÇOU";"ALCANÇOU";;"ALCANÇOU";"NÃO ALCANÇOU";"NÃO ALCANÇOU";"ALCANÇOU";"NÃO ALCANÇOU"
"RN";"240040";"Água Nova";"ALCANÇOU";"ALCANÇOU";;"NÃO ALCANÇOU";"NÃO ALCANÇOU";"NÃO ALCANÇOU";"ALCANÇOU";"NÃO ALCANÇOU"
"RN";"240010";;;;"ALCANÇOU";;;;;
"RN";"240020";;;;"ALCANÇOU";;;;;
"RN";"240030";;;;"ALCANÇOU";;;;;
"RN";"240040";;;;"ALCANÇOU";;;;;
"RN";"240050";;;;"ALCANÇOU";;;;;
"RN";"240060";;;;"ALCANÇOU";;;;;
"RN";"240070";;;;"ALCANÇOU";;;;;
"RN";"240080";;;;"NÃO ALCANÇOU";;;;;
"RN";"240090";;;;"ALCANÇOU";;;;;
"RN";"240100";;;;"ALCANÇOU";;;;;
"RN";"240110";;;;"ALCANÇOU";;;;;
"RN";"240120";;;;"ALCANÇOU";;;;;
"RN";"240130";;;;"ALCANÇOU";;;;;
"RN";"240140";;;;"ALCANÇOU";;;;;
"RN";"240145";;;;"ALCANÇOU";;;;;
"RN";"240150";;;;"ALCANÇOU";;;;;
"RN";"240160";;;;"ALCANÇOU";;;;;
"RN";"240165";;;;"ALCANÇOU";;;;;
"RN";"240170";;;;"ALCANÇOU";;;;;
"RN";"240180";;;;"ALCANÇOU";;;;;
"RN";"240185";;;;"NÃO ALCANÇOU";;;;;
"RN";"240190";;;;"ALCANÇOU";;;;;
"RN";"240200";;;;"ALCANÇOU";;;;;
"RN";"240210";;;;"ALCANÇOU";;;;;
"RN";"240220";;;;"NÃO ALCANÇOU";;;;;
"RN";"240230";;;;"ALCANÇOU";;;;;
"RN";"240240";;;;"ALCANÇOU";;;;;
"RN";"240250";;;;"ALCANÇOU";;;;;
"RN";"240260";;;;"ALCANÇOU";;;;;
"RN";"240270";;;;"ALCANÇOU";;;;;
"RN";"240280";;;;"ALCANÇOU";;;;;
"RN";"240290";;;;"ALCANÇOU";;;;;
"RN";"240300";;;;"ALCANÇOU";;;;;
"RN";"240310";;;;"ALCANÇOU";;;;;
"RN";"240320";;;;"ALCANÇOU";;;;;
"RN";"240325";;;;"ALCANÇOU";;;;;
"RN";"240330";;;;"ALCANÇOU";;;;;
"RN";"240340";;;;"ALCANÇOU";;;;;
"RN";"240350";;;;"ALCANÇOU";;;;;
"RN";"240360";;;;"ALCANÇOU";;;;;
"RN";"240370";;;;"ALCANÇOU";;;;;
"RN";"240375";;;;"ALCANÇOU";;;;;
"RN";"240380";;;;"ALCANÇOU";;;;;
"RN";"240390";;;;"NÃO ALCANÇOU";;;;;
"RN";"240400";;;;"ALCANÇOU";;;;;
"RN";"240410";;;;"NÃO ALCANÇOU";;;;;
"RN";"240420";;;;"ALCANÇOU";;;;;
"RN";"240430";;;;"ALCANÇOU";;;;;
"RN";"240440";;;;"ALCANÇOU";;;;;
"RN";"240450";;;;"ALCANÇOU";;;;;
"RN";"240460";;;;"ALCANÇOU";;;;;
"RN";"240470";;;;"ALCANÇOU";;;;;
"RN";"240480";;;;"ALCANÇOU";;;;;
"RN";"240485";;;;"NÃO ALCANÇOU";;;;;
"RN";"240490";;;;"NÃO ALCANÇOU";;;;;
"RN";"240500";;;;"ALCANÇOU";;;;;
"RN";"240510";;;;"ALCANÇOU";;;;;
"RN";"240520";;;;"ALCANÇOU";;;;;
"RN";"240530";;;;"ALCANÇOU";;;;;
"RN";"240540";;;;"ALCANÇOU";;;;;
"RN";"240550";;;;"ALCANÇOU";;;;;
"RN";"240560";;;;"ALCANÇOU";;;;;
"RN";"240570";;;;"ALCANÇOU";;;;;
"RN";"240580";;;;"ALCANÇOU";;;;;
"RN";"240590";;;;"ALCANÇOU";;;;;
"RN";"240600";;;;"ALCANÇOU";;;;;
"RN";"240610";;;;"ALCANÇOU";;;;;
"RN";"240615";;;;"ALCANÇOU";;;;;
"RN";"240620";;;;"ALCANÇOU";;;;;
"RN";"240630";;;;"ALCANÇOU";;;;;
"RN";"240640";;;;"ALCANÇOU";;;;;
"RN";"240650";;;;"ALCANÇOU";;;;;
"RN";"240660";;;;"ALCANÇOU";;;;;
"RN";"240670";;;;"ALCANÇOU";;;;;
"RN";"240680";;;;"ALCANÇOU";;;;;
"RN";"240690";;;;"ALCANÇOU";;;;;
"RN";"240700";;;;"ALCANÇOU";;;;;
"RN";"240710";;;;"ALCANÇOU";;;;;
"RN";"240720";;;;"ALCANÇOU";;;;;
"RN";"240725";;;;"ALCANÇOU";;;;;
"RN";"240730";;;;"ALCANÇOU";;;;;
"RN";"240740";;;;"ALCANÇOU";;;;;
"RN";"240750";;;;"ALCANÇOU";;;;;
"RN";"240760";;;;"ALCANÇOU";;;;;
"RN";"240770";;;;"NÃO ALCANÇOU";;;;;
"RN";"240780";;;;"ALCANÇOU";;;;;
"RN";"240790";;;;"ALCANÇOU";;;;;
"RN";"240800";;;;"ALCANÇOU";;;;;
"RN";"240810";;;;"ALCANÇOU";;;;;
"RN";"240820";;;;"ALCANÇOU";;;;;
"RN";"240830";;;;"ALCANÇOU";;;;;
"RN";"240840";;;;"ALCANÇOU";;;;;
"RN";"240850";;;;"ALCANÇOU";;;;;
"RN";"240860";;;;"ALCANÇOU";;;;;
"RN";"240870";;;;"NÃO ALCANÇOU";;;;;
"RN";"240880";;;;"ALCANÇOU";;;;;
"RN";"240890";;;;"ALCANÇOU";;;;;
"RN";"240895";;;;"ALCANÇOU";;;;;
"RN";"240910";;;;"ALCANÇOU";;;;;
"RN";"240920";;;;"ALCANÇOU";;;;;
"RN";"240930";;;;"ALCANÇOU";;;;;
"RN";"240933";;;;"NÃO ALCANÇOU";;;;;
"RN";"240940";;;;"ALCANÇOU";;;;;
"RN";"240950";;;;"NÃO ALCANÇOU";;;;;
"RN";"240960";;;;"ALCANÇOU";;;;;
"RN";"240970";;;;"ALCANÇOU";;;;;
"RN";"240980";;;;"ALCANÇOU";;;;;
"RN";"240990";;;;"ALCANÇOU";;;;;
"RN";"241000";;;;"ALCANÇOU";;;;;
"RN";"241010";;;;"ALCANÇOU";;;;;
"RN";"241020";;;;"ALCANÇOU";;;;;
"RN";"241025";;;;"NÃO ALCANÇOU";;;;;
"RN";"241030";;;;"ALCANÇOU";;;;;
"RN";"241040";;;;"ALCANÇOU";;;;;
"RN";"241050";;;;"ALCANÇOU";;;;;
"RN";"241060";;;;"ALCANÇOU";;;;;
"RN";"241070";;;;"ALCANÇOU";;;;;
"RN";"241080";;;;"ALCANÇOU";;;;;
"RN";"241090";;;;"NÃO ALCANÇOU";;;;;
"RN";"241100";;;;"ALCANÇOU";;;;;
"RN";"241105";;;;"NÃO ALCANÇOU";;;;;
"RN";"241110";;;;"ALCANÇOU";;;;;
"RN";"241120";;;;"ALCANÇOU";;;;;
"RN";"241140";;;;"ALCANÇOU";;;;;
"RN";"241142";;;;"ALCANÇOU";;;;;
"RN";"241150";;;;"ALCANÇOU";;;;;
"RN";"241160";;;;"NÃO ALCANÇOU";;;;;
"RN";"241170";;;;"ALCANÇOU";;;;;
"RN";"241180";;;;"ALCANÇOU";;;;;
"RN";"241190";;;;"NÃO ALCANÇOU";;;;;
"RN";"241200";;;;"ALCANÇOU";;;;;
"RN";"241210";;;;"ALCANÇOU";;;;;
"RN";"241220";;;;"ALCANÇOU";;;;;
"RN";"241230";;;;"ALCANÇOU";;;;;
"RN";"241240";;;;"ALCANÇOU";;;;;
"RN";"241250";;;;"NÃO ALCANÇOU";;;;;
"RN";"241255";;;;"ALCANÇOU";;;;;
"RN";"241260";;;;"ALCANÇOU";;;;;
"RN";"241270";;;;"ALCANÇOU";;;;;
"RN";"241280";;;;"ALCANÇOU";;;;;
"RN";"241290";;;;"ALCANÇOU";;;;;
"RN";"241300";;;;"ALCANÇOU";;;;;
"RN";"241310";;;;"ALCANÇOU";;;;;
"RN";"241320";;;;"ALCANÇOU";;;;;
"RN";"241330";;;;"NÃO ALCANÇOU";;;;;
"RN";"241335";;;;"NÃO ALCANÇOU";;;;;
"RN";"241340";;;;"ALCANÇOU";;;;;
"RN";"241350";;;;"ALCANÇOU";;;;;
"RN";"241355";;;;"ALCANÇOU";;;;;
"RN";"241360";;;;"ALCANÇOU";;;;;
"RN";"241370";;;;"ALCANÇOU";;;;;
"RN";"241380";;;;"ALCANÇOU";;;;;
"RN";"241390";;;;"NÃO ALCANÇOU";;;;;
"RN";"241400";;;;"ALCANÇOU";;;;;
"RN";"241410";;;;"ALCANÇOU";;;;;
"RN";"241415";;;;"ALCANÇOU";;;;;
"RN";"241420";;;;"ALCANÇOU";;;;;
"RN";"241430";;;;"ALCANÇOU";;;;;
"RN";"241440";;;;"ALCANÇOU";;;;;
"RN";"241445";;;;"ALCANÇOU";;;;;
"RN";"241450";;;;"ALCANÇOU";;;;;
"RN";"241460";;;;"NÃO ALCANÇOU";;;;;
"RN";"241470";;;;"ALCANÇOU";;;;;
"RN";"241475";;;;"ALCANÇOU";;;;;
"RN";"241480";;;;"ALCANÇOU";;;;;
"RN";"241490";;;;"ALCANÇOU";;;;;
"RN";"241500";;;;"ALCANÇOU";;;;;
"RO";"110001";"Alta Floresta D'Oeste";"ALCANÇOU";"ALCANÇOU";;"ALCANÇOU";"NÃO ALCANÇOU";"ALCANÇOU";"ALCANÇOU";
"RO";"110001";"Alta Floresta DOeste";;;;;;;;"ALCANÇOU"
"RO";"110037";"Alto Alegre dos Parecis";"NÃO ALCANÇOU";"ALCANÇOU";;"ALCANÇOU";"ALCANÇOU";"NÃO ALCANÇOU";"ALCANÇOU";"ALCANÇOU"
"RO";"110040";"Alto Paraíso";"ALCANÇOU";"ALCANÇOU";;"ALCANÇOU";"NÃO ALCANÇOU";"ALCANÇOU";"NÃO ALCANÇOU";"ALCANÇOU"
"RO";"110034";"Alvorada D'Oeste";"ALCANÇOU";"NÃO ALCANÇOU";;"NÃO ALCANÇOU";"ALCANÇOU";"NÃO ALCANÇOU";"ALCANÇOU";
"RO";"110034";"Alvorada DOeste";;;;;;;;"NÃO ALCANÇOU"
"RO";"110002";"Ariquemes";"ALCANÇOU";"ALCANÇOU";;"NÃO ALCANÇOU";"ALCANÇOU";"ALCANÇOU";"ALCANÇOU";"ALCANÇOU"
"RO";"110045";"Buritis";"ALCANÇOU";"ALCANÇOU";;"ALCANÇOU";"ALCANÇOU";"ALCANÇOU";"ALCANÇOU";"ALCANÇOU"
"RO";"110003";"Cabixi";"NÃO ALCANÇOU";"ALCANÇOU";;"ALCANÇOU";"NÃO ALCANÇOU";"ALCANÇOU";"ALCANÇOU";"ALCANÇOU"
"RO";"110060";"Cacaulândia";"ALCANÇOU";"ALCANÇOU";;"NÃO ALCANÇOU";"NÃO ALCANÇOU";"NÃO ALCANÇOU";"ALCANÇOU";"ALCANÇOU"
"RO";"110004";"Cacoal";"ALCANÇOU";"ALCANÇOU";;"NÃO ALCANÇOU";"ALCANÇOU";"ALCANÇOU";"ALCANÇOU";"ALCANÇOU"
"RO";"110070";"Campo Novo de Rondônia";"NÃO ALCANÇOU";"ALCANÇOU";;"ALCANÇOU";"NÃO ALCANÇOU";"NÃO ALCANÇOU";"ALCANÇOU";"ALCANÇOU"
"RO";"110080";"Candeias do Jamari";"ALCANÇOU";"ALCANÇOU";;"NÃO ALCANÇOU";"NÃO ALCANÇOU";"ALCANÇOU";"ALCANÇOU";"NÃO ALCANÇOU"
"RO";"110090";"Castanheiras";"ALCANÇOU";"ALCANÇOU";;"NÃO ALCANÇOU";"NÃO ALCANÇOU";"NÃO ALCANÇOU";"ALCANÇOU";"ALCANÇOU"
"RO";"110005";"Cerejeiras";"ALCANÇOU";"ALCANÇOU";;"ALCANÇOU";"NÃO ALCANÇOU";"ALCANÇOU";"NÃO ALCANÇOU";"ALCANÇOU"
"RO";"110092";"Chupinguaia";"NÃO ALCANÇOU";"ALCANÇOU";;"NÃO ALCANÇOU";"NÃO ALCANÇOU";"NÃO ALCANÇOU";"ALCANÇOU";"ALCANÇOU"
"RO";"110006";"Colorado do Oeste";"ALCANÇOU";"ALCANÇOU";;"NÃO ALCANÇOU";"NÃO ALCANÇOU";"ALCANÇOU";"ALCANÇOU";"ALCANÇOU"
"RO";"110007";"Corumbiara";"ALCANÇOU";"ALCANÇOU";;"ALCANÇOU";"ALCANÇOU";"ALCANÇOU";"ALCANÇOU";"ALCANÇOU"
"RO";"110008";"Costa Marques";"NÃO ALCANÇOU";"ALCANÇOU";;"NÃO ALCANÇOU";"NÃO ALCANÇOU";"NÃO ALCANÇOU";"NÃO ALCANÇOU";"ALCANÇOU"
"RO";"110094";"Cujubim";"ALCANÇOU";"ALCANÇOU";;"NÃO ALCANÇOU";"NÃO ALCANÇOU";"NÃO ALCANÇOU";"NÃO ALCANÇOU";"ALCANÇOU"
"RO";"110009";"Espigão D'Oeste";"ALCANÇOU";"ALCANÇOU";;"NÃO ALCANÇOU";"ALCANÇOU";"ALCANÇOU";"NÃO ALCANÇOU";
"RO";"110009";"Espigão DOeste";;;;;;;;"ALCANÇOU"
"RO";"110100";"Governador Jorge Teixeira";"ALCANÇOU";"ALCANÇOU";;"ALCANÇOU";"NÃO ALCANÇOU";"NÃO ALCANÇOU";"ALCANÇOU";"ALCANÇOU"
"RO";"110010";"Guajará-Mirim";"ALCANÇOU";"ALCANÇOU";;"NÃO ALCANÇOU";"ALCANÇOU";"ALCANÇOU";"ALCANÇOU";"NÃO ALCANÇOU"
"RO";"110110";"Itapuã do Oeste";"NÃO ALCANÇOU";"ALCANÇOU";;"NÃO ALCANÇOU";"NÃO ALCANÇOU";"NÃO ALCANÇOU";"ALCANÇOU";"NÃO ALCANÇOU"
"RO";"110011";"Jaru";"ALCANÇOU";"ALCANÇOU";;"ALCANÇOU";"ALCANÇOU";"ALCANÇOU";"ALCANÇOU";"ALCANÇOU"
"RO";"110012";"Ji-Paraná";"ALCANÇOU";"ALCANÇOU";;"NÃO ALCANÇOU";"ALCANÇOU";"ALCANÇOU";"NÃO ALCANÇOU";"ALCANÇOU"
"RO";"110013";"Machadinho D'Oeste";"ALCANÇOU";"ALCANÇOU";;"NÃO ALCANÇOU";"ALCANÇOU";"NÃO ALCANÇOU";"NÃO ALCANÇOU";
"RO";"110013";"Machadinho DOeste";;;;;;;;"ALCANÇOU"
"RO";"110120";"Ministro Andreazza";"ALCANÇOU";"ALCANÇOU";;"ALCANÇOU";"NÃO ALCANÇOU";"NÃO ALCANÇOU";"ALCANÇOU";"ALCANÇOU"
"RO";"110130";"Mirante da Serra";"ALCANÇOU";"ALCANÇOU";;"NÃO ALCANÇOU";"NÃO ALCANÇOU";"NÃO ALCANÇOU";"ALCANÇOU";"NÃO ALCANÇOU"
"RO";"110140";"Monte Negro";"ALCANÇOU";"ALCANÇOU";;"ALCANÇOU";"ALCANÇOU";"ALCANÇOU";"ALCANÇOU";"ALCANÇOU"
"RO";"110014";"Nova Brasilândia D'Oeste";"ALCANÇOU";"ALCANÇOU";;"ALCANÇOU";"ALCANÇOU";"NÃO ALCANÇOU";"ALCANÇOU";
"RO";"110014";"Nova Brasilândia DOeste";;;;;;;;"ALCANÇOU"
"RO";"110033";"Nova Mamoré";"ALCANÇOU";"ALCANÇOU";;"NÃO ALCANÇOU";"NÃO ALCANÇOU";"ALCANÇOU";"ALCANÇOU";"ALCANÇOU"
"RO";"110143";"Nova União";"ALCANÇOU";"ALCANÇOU";;"NÃO ALCANÇOU";"NÃO ALCANÇOU";"ALCANÇOU";"NÃO ALCANÇOU";"ALCANÇOU"
"RO";"110050";"Novo Horizonte do Oeste";"ALCANÇOU";"ALCANÇOU";;"ALCANÇOU";"NÃO ALCANÇOU";"NÃO ALCANÇOU";"ALCANÇOU";"ALCANÇOU"
"RO";"110015";"Ouro Preto do Oeste";"ALCANÇOU";"ALCANÇOU";;"NÃO ALCANÇOU";"ALCANÇOU";"NÃO ALCANÇOU";"ALCANÇOU";"ALCANÇOU"
"RO";"110145";"Parecis";"ALCANÇOU";"ALCANÇOU";;"ALCANÇOU";"NÃO ALCANÇOU";"NÃO ALCANÇOU";"ALCANÇOU";"ALCANÇOU"
"RO";"110018";"Pimenta Bueno";"ALCANÇOU";"ALCANÇOU";;"ALCANÇOU";"ALCANÇOU";"ALCANÇOU";"ALCANÇOU";"NÃO ALCANÇOU"
"RO";"110146";"Pimenteiras do Oeste";"NÃO ALCANÇOU";"ALCANÇOU";;"NÃO ALCANÇOU";"NÃO ALCANÇOU";"ALCANÇOU";"ALCANÇOU";"ALCANÇOU"
"RO";"110020";"Porto Velho";"ALCANÇOU";"ALCANÇOU";;"NÃO ALCANÇOU";"ALCANÇOU";"ALCANÇOU";"ALCANÇOU";"ALCANÇOU"
"RO";"110025";"Presidente Médici";"ALCANÇOU";"ALCANÇOU";;"NÃO ALCANÇOU";"ALCANÇOU";"NÃO ALCANÇOU";"ALCANÇOU";"ALCANÇOU"
"RO";"110147";"Primavera de Rondônia";"ALCANÇOU";"ALCANÇOU";;"NÃO ALCANÇOU";"NÃO ALCANÇOU";"NÃO ALCANÇOU";"ALCANÇOU";"NÃO ALCANÇOU"
"RO";"110026";"Rio Crespo";"ALCANÇOU";"NÃO ALCANÇOU";;"NÃO ALCANÇOU";"ALCANÇOU";"NÃO ALCANÇOU";"ALCANÇOU";"NÃO ALCANÇOU"
"RO";"110028";"Rolim de Moura";"ALCANÇOU";"ALCANÇOU";;"NÃO ALCANÇOU";"NÃO ALCANÇOU";"ALCANÇOU";"ALCANÇOU";"ALCANÇOU"
"RO";"110029";"Santa Luzia D'Oeste";"ALCANÇOU";"ALCANÇOU";;"ALCANÇOU";"ALCANÇOU";"NÃO ALCANÇOU";"ALCANÇOU";
"RO";"110029";"Santa Luzia DOeste";;;;;;;;"NÃO ALCANÇOU"
"RO";"110150";"Seringueiras";"ALCANÇOU";"ALCANÇOU";;"ALCANÇOU";"ALCANÇOU";"NÃO ALCANÇOU";"ALCANÇOU";"ALCANÇOU"
"RO";"110148";"São Felipe D'Oeste";"NÃO ALCANÇOU";"ALCANÇOU";;"NÃO ALCANÇOU";"ALCANÇOU";"NÃO ALCANÇOU";"ALCANÇOU";
"RO";"110148";"São Felipe DOeste";;;;;;;;"NÃO ALCANÇOU"
"RO";"110149";"São Francisco do Guaporé";"NÃO ALCANÇOU";"ALCANÇOU";;"ALCANÇOU";"ALCANÇOU";"NÃO ALCANÇOU";"NÃO ALCANÇOU";"ALCANÇOU"
"RO";"110032";"São Miguel do Guaporé";"ALCANÇOU";"ALCANÇOU";;"ALCANÇOU";"ALCANÇOU";"NÃO ALCANÇOU";"ALCANÇOU";"ALCANÇOU"
"RO";"110155";"Teixeirópolis";"ALCANÇOU";"ALCANÇOU";;"ALCANÇOU";"ALCANÇOU";"NÃO ALCANÇOU";"NÃO ALCANÇOU";"ALCANÇOU"
"RO";"110160";"Theobroma";"ALCANÇOU";"NÃO ALCANÇOU";;"NÃO ALCANÇOU";"NÃO ALCANÇOU";"NÃO ALCANÇOU";"ALCANÇOU";"ALCANÇOU"
"RO";"110170";"Urupá";"ALCANÇOU";"ALCANÇOU";;"ALCANÇOU";"NÃO ALCANÇOU";"NÃO ALCANÇOU";"NÃO ALCANÇOU";"NÃO ALCANÇOU"
"RO";"110175";"Vale do Anari";"ALCANÇOU";"ALCANÇOU";;"ALCANÇOU";"NÃO ALCANÇOU";"NÃO ALCANÇOU";"ALCANÇOU";"ALCANÇOU"
"RO";"110180";"Vale do Paraíso";"ALCANÇOU";"ALCANÇOU";;"NÃO ALCANÇOU";"NÃO ALCANÇOU";"NÃO ALCANÇOU";"ALCANÇOU";"ALCANÇOU"
"RO";"110030";"Vilhena";"ALCANÇOU";"ALCANÇOU";;"NÃO ALCANÇOU";"ALCANÇOU";"ALCANÇOU";"NÃO ALCANÇOU";"ALCANÇOU"
"RO";"110001";;;;"ALCANÇOU";;;;;
"RO";"110002";;;;"ALCANÇOU";;;;;
"RO";"110003";;;;"ALCANÇOU";;;;;
"RO";"110004";;;;"ALCANÇOU";;;;;
"RO";"110005";;;;"ALCANÇOU";;;;;
"RO";"110006";;;;"ALCANÇOU";;;;;
"RO";"110007";;;;"ALCANÇOU";;;;;
"RO";"110008";;;;"NÃO ALCANÇOU";;;;;
"RO";"110009";;;;"ALCANÇOU";;;;;
"RO";"110010";;;;"NÃO ALCANÇOU";;;;;
"RO";"110011";;;;"ALCANÇOU";;;;;
"RO";"110012";;;;"ALCANÇOU";;;;;
"RO";"110013";;;;"ALCANÇOU";;;;;
"RO";"110014";;;;"ALCANÇOU";;;;;
"RO";"110015";;;;"ALCANÇOU";;;;;
"RO";"110018";;;;"ALCANÇOU";;;;;
"RO";"110020";;;;"ALCANÇOU";;;;;
"RO";"110025";;;;"NÃO ALCANÇOU";;;;;
"RO";"110026";;;;"ALCANÇOU";;;;;
"RO";"110028";;;;"ALCANÇOU";;;;;
"RO";"110029";;;;"ALCANÇOU";;;;;
"RO";"110030";;;;"ALCANÇOU";;;;;
"RO";"110032";;;;"NÃO ALCANÇOU";;;;;
"RO";"110033";;;;"ALCANÇOU";;;;;
"RO";"110034";;;;"NÃO ALCANÇOU";;;;;
"RO";"110037";;;;"ALCANÇOU";;;;;
"RO";"110040";;;;"ALCANÇOU";;;;;
"RO";"110045";;;;"ALCANÇOU";;;;;
"RO";"110050";;;;"ALCANÇOU";;;;;
"RO";"110060";;;;"ALCANÇOU";;;;;
"RO";"110070";;;;"ALCANÇOU";;;;;
"RO";"110080";;;;"NÃO ALCANÇOU";;;;;
"RO";"110090";;;;"ALCANÇOU";;;;;
"RO";"110092";;;;"NÃO ALCANÇOU";;;;;
"RO";"110094";;;;"ALCANÇOU";;;;;
"RO";"110100";;;;"ALCANÇOU";;;;;
"RO";"110110";;;;"ALCANÇOU";;;;;
"RO";"110120";;;;"ALCANÇOU";;;;;
"RO";"110130";;;;"ALCANÇOU";;;;;
"RO";"110140";;;;"NÃO ALCANÇOU";;;;;
"RO";"110143";;;;"ALCANÇOU";;;;;
"RO";"110145";;;;"ALCANÇOU";;;;;
"RO";"110146";;;;"ALCANÇOU";;;;;
"RO";"110147";;;;"ALCANÇOU";;;;;
"RO";"110148";;;;"ALCANÇOU";;;;;
"RO";"110149";;;;"ALCANÇOU";;;;;
"RO";"110150";;;;"ALCANÇOU";;;;;
"RO";"110155";;;;"ALCANÇOU";;;;;
"RO";"110160";;;;"NÃO ALCANÇOU";;;;;
"RO";"110170";;;;"ALCANÇOU";;;;;
"RO";"110175";;;;"NÃO ALCANÇOU";;;;;
"RO";"110180";;;;"ALCANÇOU";;;;;
"RR";"140005";"Alto Alegre";"NÃO ALCANÇOU";"ALCANÇOU";;"NÃO ALCANÇOU";"NÃO ALCANÇOU";"NÃO ALCANÇOU";"ALCANÇOU";"ALCANÇOU"
"RR";"140002";"Amajari";"NÃO ALCANÇOU";"ALCANÇOU";;"NÃO ALCANÇOU";"NÃO ALCANÇOU";"ALCANÇOU";"ALCANÇOU";"ALCANÇOU"
"RR";"140010";"Boa Vista";"NÃO ALCANÇOU";"ALCANÇOU";;"NÃO ALCANÇOU";"NÃO ALCANÇOU";"ALCANÇOU";"NÃO ALCANÇOU";"ALCANÇOU"
"RR";"140015";"Bonfim";"ALCANÇOU";"ALCANÇOU";;"NÃO ALCANÇOU";"ALCANÇOU";"NÃO ALCANÇOU";"ALCANÇOU";"NÃO ALCANÇOU"
"RR";"140017";"Cantá";"NÃO ALCANÇOU";"ALCANÇOU";;"NÃO ALCANÇOU";"ALCANÇOU";"ALCANÇOU";"NÃO ALCANÇOU";"ALCANÇOU"
"RR";"140020";"Caracaraí";"NÃO ALCANÇOU";"ALCANÇOU";;"NÃO ALCANÇOU";"NÃO ALCANÇOU";"NÃO ALCANÇOU";"NÃO ALCANÇOU";"ALCANÇOU"
"RR";"140023";"Caroebe";"NÃO ALCANÇOU";"ALCANÇOU";;"ALCANÇOU";"ALCANÇOU";"ALCANÇOU";"ALCANÇOU";"NÃO ALCANÇOU"
"RR";"140028";"Iracema";"NÃO ALCANÇOU";"ALCANÇOU";;"NÃO ALCANÇOU";"NÃO ALCANÇOU";"NÃO ALCANÇOU";"ALCANÇOU";"ALCANÇOU"
"RR";"140030";"Mucajaí";"NÃO ALCANÇOU";"ALCANÇOU";;"NÃO ALCANÇOU";"ALCANÇOU";"NÃO ALCANÇOU";"NÃO ALCANÇOU";"ALCANÇOU"
"RR";"140040";"Normandia";"NÃO ALCANÇOU";"ALCANÇOU";;"NÃO ALCANÇOU";"NÃO ALCANÇOU";"NÃO ALCANÇOU";"NÃO ALCANÇOU";"ALCANÇOU"
"RR";"140045";"Pacaraima";"NÃO ALCANÇOU";"ALCANÇOU";;"ALCANÇOU";"ALCANÇOU";"ALCANÇOU";"ALCANÇOU";"ALCANÇOU"
"RR";"140047";"Rorainópolis";"ALCANÇOU";"ALCANÇOU";;"NÃO ALCANÇOU";"ALCANÇOU";"NÃO ALCANÇOU";"ALCANÇOU";"ALCANÇOU"
"RR";"140050";"São João da Baliza";"ALCANÇOU";"ALCANÇOU";;"ALCANÇOU";"ALCANÇOU";"NÃO ALCANÇOU";"ALCANÇOU";"ALCANÇOU"
"RR";"140060";"São Luiz";"NÃO ALCANÇOU";"NÃO ALCANÇOU";;"NÃO ALCANÇOU";"NÃO ALCANÇOU";"NÃO ALCANÇOU";"NÃO ALCANÇOU";"NÃO ALCANÇOU"
"RR";"140070";"Uiramutã";"NÃO ALCANÇOU";"ALCANÇOU";;"NÃO ALCANÇOU";"NÃO ALCANÇOU";"ALCANÇOU";"NÃO ALCANÇOU";"ALCANÇOU"
"RR";"140002";;;;"NÃO ALCANÇOU";;;;;
"RR";"140005";;;;"ALCANÇOU";;;;;
"RR";"140010";;;;"ALCANÇOU";;;;;
"RR";"140015";;;;"ALCANÇOU";;;;;
"RR";"140017";;;;"ALCANÇOU";;;;;
"RR";"140020";;;;"ALCANÇOU";;;;;
"RR";"140023";;;;"ALCANÇOU";;;;;
"RR";"140028";;;;"NÃO ALCANÇOU";;;;;
"RR";"140030";;;;"ALCANÇOU";;;;;
"RR";"140040";;;;"ALCANÇOU";;;;;
"RR";"140045";;;;"NÃO ALCANÇOU";;;;;
"RR";"140047";;;;"ALCANÇOU";;;;;
"RR";"140050";;;;"ALCANÇOU";;;;;
"RR";"140060";;;;"NÃO ALCANÇOU";;;;;
"RR";"140070";;;;"ALCANÇOU";;;;;
"RS";"430003";"Aceguá";"ALCANÇOU";"ALCANÇOU";;"ALCANÇOU";"ALCANÇOU";"NÃO ALCANÇOU";"NÃO ALCANÇOU";"ALCANÇOU"
"RS";"430010";"Agudo";"ALCANÇOU";"ALCANÇOU";;"ALCANÇOU";"NÃO ALCANÇOU";"NÃO ALCANÇOU";"ALCANÇOU";"ALCANÇOU"
"RS";"430020";"Ajuricaba";"NÃO ALCANÇOU";"ALCANÇOU";;"NÃO ALCANÇOU";"NÃO ALCANÇOU";"ALCANÇOU";"ALCANÇOU";"ALCANÇOU"
"RS";"430030";"Alecrim";"NÃO ALCANÇOU";"NÃO ALCANÇOU";;"NÃO ALCANÇOU";"NÃO ALCANÇOU";"ALCANÇOU";"ALCANÇOU";"ALCANÇOU"
"RS";"430040";"Alegrete";"ALCANÇOU";"ALCANÇOU";;"NÃO ALCANÇOU";"NÃO ALCANÇOU";"NÃO ALCANÇOU";"ALCANÇOU";"ALCANÇOU"
"RS";"430045";"Alegria";"NÃO ALCANÇOU";"NÃO ALCANÇOU";;"NÃO ALCANÇOU";"ALCANÇOU";"ALCANÇOU";"ALCANÇOU";"ALCANÇOU"
"RS";"430047";"Almirante Tamandaré do Sul";"ALCANÇOU";"ALCANÇOU";;"NÃO ALCANÇOU";"ALCANÇOU";"NÃO ALCANÇOU";"ALCANÇOU";"ALCANÇOU"
"RS";"430050";"Alpestre";"ALCANÇOU";"ALCANÇOU";;"NÃO ALCANÇOU";"ALCANÇOU";"NÃO ALCANÇOU";"ALCANÇOU";"ALCANÇOU"
"RS";"430055";"Alto Alegre";"ALCANÇOU";"ALCANÇOU";;"NÃO ALCANÇOU";"NÃO ALCANÇOU";"NÃO ALCANÇOU";"ALCANÇOU";"NÃO ALCANÇOU"
"RS";"430057";"Alto Feliz";"ALCANÇOU";"ALCANÇOU";;"NÃO ALCANÇOU";"NÃO ALCANÇOU";"ALCANÇOU";"ALCANÇOU";"ALCANÇOU"
"RS";"430060";"Alvorada";"ALCANÇOU";"ALCANÇOU";;"NÃO ALCANÇOU";"ALCANÇOU";"ALCANÇOU";"ALCANÇOU";"ALCANÇOU"
"RS";"430063";"Amaral Ferrador";"NÃO ALCANÇOU";"ALCANÇOU";;"ALCANÇOU";"NÃO ALCANÇOU";"NÃO ALCANÇOU";"ALCANÇOU";"ALCANÇOU"
"RS";"430064";"Ametista do Sul";"NÃO ALCANÇOU";"ALCANÇOU";;"ALCANÇOU";"NÃO ALCANÇOU";"NÃO ALCANÇOU";"ALCANÇOU";"ALCANÇOU"
"RS";"430066";"André da Rocha";"ALCANÇOU";"NÃO ALCANÇOU";;"NÃO ALCANÇOU";"NÃO ALCANÇOU";"NÃO ALCANÇOU";"ALCANÇOU";"NÃO ALCANÇOU"
"RS";"430070";"Anta Gorda";"ALCANÇOU";"NÃO ALCANÇOU";;"NÃO ALCANÇOU";"NÃO ALCANÇOU";"NÃO ALCANÇOU";"ALCANÇOU";"ALCANÇOU"
"RS";"430080";"Antônio Prado";"ALCANÇOU";"ALCANÇOU";;"ALCANÇOU";"NÃO ALCANÇOU";"NÃO ALCANÇOU";"ALCANÇOU";"ALCANÇOU"
"RS";"430085";"Arambaré";"NÃO ALCANÇOU";"NÃO ALCANÇOU";;"NÃO ALCANÇOU";"NÃO ALCANÇOU";"NÃO ALCANÇOU";"ALCANÇOU";"NÃO ALCANÇOU"
"RS";"430087";"Araricá";"ALCANÇOU";"ALCANÇOU";;"ALCANÇOU";"NÃO ALCANÇOU";"NÃO ALCANÇOU";"ALCANÇOU";"ALCANÇOU"
"RS";"430090";"Aratiba";"ALCANÇOU";"ALCANÇOU";;"ALCANÇOU";"ALCANÇOU";"ALCANÇOU";"ALCANÇOU";"ALCANÇOU"
"RS";"430130";"Arroio Grande";"ALCANÇOU";"ALCANÇOU";;"NÃO ALCANÇOU";"NÃO ALCANÇOU";"NÃO ALCANÇOU";"NÃO ALCANÇOU";"ALCANÇOU"
"RS";"430100";"Arroio do Meio";"ALCANÇOU";"ALCANÇOU";;"NÃO ALCANÇOU";"ALCANÇOU";"NÃO ALCANÇOU";"ALCANÇOU";"ALCANÇOU"
"RS";"430107";"Arroio do Padre";"ALCANÇOU";"NÃO ALCANÇOU";;"NÃO ALCANÇOU";"ALCANÇOU";"ALCANÇOU";"ALCANÇOU";"ALCANÇOU"
"RS";"430105";"Arroio do Sal";"ALCANÇOU";"ALCANÇOU";;"ALCANÇOU";"NÃO ALCANÇOU";"NÃO ALCANÇOU";"NÃO ALCANÇOU";"ALCANÇOU"
"RS";"430120";"Arroio do Tigre";"ALCANÇOU";"NÃO ALCANÇOU";;"NÃO ALCANÇOU";"NÃO ALCANÇOU";"NÃO ALCANÇOU";"ALCANÇOU";"ALCANÇOU"
"RS";"430110";"Arroio dos Ratos";"ALCANÇOU";"ALCANÇOU";;"NÃO ALCANÇOU";"ALCANÇOU";"NÃO ALCANÇOU";"NÃO ALCANÇOU";"ALCANÇOU"
"RS";"430140";"Arvorezinha";"ALCANÇOU";"ALCANÇOU";;"NÃO ALCANÇOU";"NÃO ALCANÇOU";"NÃO ALCANÇOU";"ALCANÇOU";"ALCANÇOU"
"RS";"430150";"Augusto Pestana";"NÃO ALCANÇOU";"ALCANÇOU";;"ALCANÇOU";"NÃO ALCANÇOU";"NÃO ALCANÇOU";"ALCANÇOU";"ALCANÇOU"
"RS";"430160";"Bagé";"ALCANÇOU";"ALCANÇOU";;"NÃO ALCANÇOU";"ALCANÇOU";"ALCANÇOU";"NÃO ALCANÇOU";"ALCANÇOU"
"RS";"430163";"Balneário Pinhal";"ALCANÇOU";"NÃO ALCANÇOU";;"NÃO ALCANÇOU";"NÃO ALCANÇOU";"NÃO ALCANÇOU";"ALCANÇOU";"ALCANÇOU"
"RS";"430195";"Barra Funda";"NÃO ALCANÇOU";"NÃO ALCANÇOU";;"ALCANÇOU";"ALCANÇOU";"NÃO ALCANÇOU";"ALCANÇOU";"ALCANÇOU"
"RS";"430185";"Barra do Guarita";"ALCANÇOU";"ALCANÇOU";;"NÃO ALCANÇOU";"NÃO ALCANÇOU";"ALCANÇOU";"ALCANÇOU";"ALCANÇOU"
"RS";"430187";"Barra do Quaraí";"NÃO ALCANÇOU";"NÃO ALCANÇOU";;"ALCANÇOU";"NÃO ALCANÇOU";"NÃO ALCANÇOU";"ALCANÇOU";"ALCANÇOU"
"RS";"430190";"Barra do Ribeiro";"ALCANÇOU";"ALCANÇOU";;"NÃO ALCANÇOU";"NÃO ALCANÇOU";"NÃO ALCANÇOU";"ALCANÇOU";"ALCANÇOU"
"RS";"430192";"Barra do Rio Azul";"ALCANÇOU";"ALCANÇOU";;"ALCANÇOU";"ALCANÇOU";"NÃO ALCANÇOU";"ALCANÇOU";"NÃO ALCANÇOU"
"RS";"430180";"Barracão";"NÃO ALCANÇOU";"ALCANÇOU";;"NÃO ALCANÇOU";"NÃO ALCANÇOU";"NÃO ALCANÇOU";"ALCANÇOU";"ALCANÇOU"
"RS";"430200";"Barros Cassal";"ALCANÇOU";"ALCANÇOU";;"ALCANÇOU";"NÃO ALCANÇOU";"NÃO ALCANÇOU";"ALCANÇOU";"ALCANÇOU"
"RS";"430165";"Barão";"ALCANÇOU";"ALCANÇOU";;"ALCANÇOU";"NÃO ALCANÇOU";"ALCANÇOU";"ALCANÇOU";"ALCANÇOU"
"RS";"430170";"Barão de Cotegipe";"ALCANÇOU";"ALCANÇOU";;"ALCANÇOU";"ALCANÇOU";"NÃO ALCANÇOU";"ALCANÇOU";"ALCANÇOU"
"RS";"430175";"Barão do Triunfo";"NÃO ALCANÇOU";"ALCANÇOU";;"NÃO ALCANÇOU";"NÃO ALCANÇOU";"NÃO ALCANÇOU";"ALCANÇOU";"ALCANÇOU"
"RS";"430205";"Benjamin Constant do Sul";"NÃO ALCANÇOU";"ALCANÇOU";;"NÃO ALCANÇOU";"ALCANÇOU";"NÃO ALCANÇOU";"ALCANÇOU";"ALCANÇOU"
"RS";"430210";"Bento Gonçalves";"ALCANÇOU";"ALCANÇOU";;"NÃO ALCANÇOU";"ALCANÇOU";"ALCANÇOU";"NÃO ALCANÇOU";"ALCANÇOU"
"RS";"430215";"Boa Vista das Missões";"ALCANÇOU";"ALCANÇOU";;"NÃO ALCANÇOU";"NÃO ALCANÇOU";"NÃO ALCANÇOU";"ALCANÇOU";"ALCANÇOU"
"RS";"430220";"Boa Vista do Buricá";"NÃO ALCANÇOU";"NÃO ALCANÇOU";;"ALCANÇOU";"NÃO ALCANÇOU";"NÃO ALCANÇOU";"ALCANÇOU";"ALCANÇOU"
"RS";"430222";"Boa Vista do Cadeado";"ALCANÇOU";"ALCANÇOU";;"ALCANÇOU";"ALCANÇOU";"NÃO ALCANÇOU";"ALCANÇOU";"ALCANÇOU"
"RS";"430223";"Boa Vista do Incra";"ALCANÇOU";"ALCANÇOU";;"NÃO ALCANÇOU";"NÃO ALCANÇOU";"NÃO ALCANÇOU";"ALCANÇOU";"ALCANÇOU"
"RS";"430225";"Boa Vista do Sul";"ALCANÇOU";"ALCANÇOU";;"ALCANÇOU";"NÃO ALCANÇOU";"NÃO ALCANÇOU";"ALCANÇOU";"ALCANÇOU"
"RS";"430230";"Bom Jesus";"ALCANÇOU";"NÃO ALCANÇOU";;"NÃO ALCANÇOU";"NÃO ALCANÇOU";"NÃO ALCANÇOU";"ALCANÇOU";"ALCANÇOU"
"RS";"430235";"Bom Princípio";"ALCANÇOU";"ALCANÇOU";;"ALCANÇOU";"NÃO ALCANÇOU";"NÃO ALCANÇOU";"ALCANÇOU";"ALCANÇOU"
"RS";"430237";"Bom Progresso";"ALCANÇOU";"ALCANÇOU";;"NÃO ALCANÇOU";"NÃO ALCANÇOU";"NÃO ALCANÇOU";"ALCANÇOU";"ALCANÇOU"
"RS";"430240";"Bom Retiro do Sul";"NÃO ALCANÇOU";"ALCANÇOU";;"NÃO ALCANÇOU";"NÃO ALCANÇOU";"NÃO ALCANÇOU";"ALCANÇOU";"ALCANÇOU"
"RS";"430245";"Boqueirão do Leão";"ALCANÇOU";"ALCANÇOU";;"NÃO ALCANÇOU";"NÃO ALCANÇOU";"NÃO ALCANÇOU";"ALCANÇOU";"ALCANÇOU"
"RS";"430250";"Bossoroca";"ALCANÇOU";"ALCANÇOU";;"ALCANÇOU";"ALCANÇOU";"NÃO ALCANÇOU";"ALCANÇOU";"ALCANÇOU"
"RS";"430258";"Bozano";"ALCANÇOU";"ALCANÇOU";;"NÃO ALCANÇOU";"NÃO ALCANÇOU";"NÃO ALCANÇOU";"ALCANÇOU";"ALCANÇOU"
"RS";"430260";"Braga";"NÃO ALCANÇOU";"ALCANÇOU";;"ALCANÇOU";"NÃO ALCANÇOU";"NÃO ALCANÇOU";"ALCANÇOU";"ALCANÇOU"
"RS";"430265";"Brochier";"ALCANÇOU";"ALCANÇOU";;"NÃO ALCANÇOU";"ALCANÇOU";"NÃO ALCANÇOU";"ALCANÇOU";"ALCANÇOU"
"RS";"430270";"Butiá";"NÃO ALCANÇOU";"ALCANÇOU";;"NÃO ALCANÇOU";"NÃO ALCANÇOU";"ALCANÇOU";"ALCANÇOU";"ALCANÇOU"
"RS";"430290";"Cacequi";"ALCANÇOU";"ALCANÇOU";;"NÃO ALCANÇOU";"NÃO ALCANÇOU";"NÃO ALCANÇOU";"NÃO ALCANÇOU";"ALCANÇOU"
"RS";"430300";"Cachoeira do Sul";"ALCANÇOU";"ALCANÇOU";;"NÃO ALCANÇOU";"NÃO ALCANÇOU";"ALCANÇOU";"NÃO ALCANÇOU";"ALCANÇOU"
"RS";"430310";"Cachoeirinha";"ALCANÇOU";"ALCANÇOU";;"NÃO ALCANÇOU";"ALCANÇOU";"ALCANÇOU";"NÃO ALCANÇOU";"ALCANÇOU"
"RS";"430320";"Cacique Doble";"ALCANÇOU";"ALCANÇOU";;"ALCANÇOU";"NÃO ALCANÇOU";"NÃO ALCANÇOU";"ALCANÇOU";"ALCANÇOU"
"RS";"430330";"Caibaté";"NÃO ALCANÇOU";"ALCANÇOU";;"NÃO ALCANÇOU";"NÃO ALCANÇOU";"NÃO ALCANÇOU";"ALCANÇOU";"ALCANÇOU"
"RS";"430340";"Caiçara";"ALCANÇOU";"ALCANÇOU";;"ALCANÇOU";"NÃO ALCANÇOU";"NÃO ALCANÇOU";"ALCANÇOU";"ALCANÇOU"
"RS";"430350";"Camaquã";"NÃO ALCANÇOU";"ALCANÇOU";;"NÃO ALCANÇOU";"ALCANÇOU";"NÃO ALCANÇOU";"ALCANÇOU";"ALCANÇOU"
"RS";"430355";"Camargo";"ALCANÇOU";"NÃO ALCANÇOU";;"ALCANÇOU";"NÃO ALCANÇOU";"NÃO ALCANÇOU";"ALCANÇOU";"ALCANÇOU"
"RS";"430360";"Cambará do Sul";"ALCANÇOU";"NÃO ALCANÇOU";;"NÃO ALCANÇOU";"NÃO ALCANÇOU";"NÃO ALCANÇOU";"ALCANÇOU";"ALCANÇOU"
"RS";"430367";"Campestre da Serra";"ALCANÇOU";"ALCANÇOU";;"NÃO ALCANÇOU";"ALCANÇOU";"NÃO ALCANÇOU";"NÃO ALCANÇOU";"ALCANÇOU"
"RS";"430370";"Campina das Missões";"ALCANÇOU";"ALCANÇOU";;"ALCANÇOU";"NÃO ALCANÇOU";"NÃO ALCANÇOU";"ALCANÇOU";"ALCANÇOU"
"RS";"430380";"Campinas do Sul";"ALCANÇOU";"ALCANÇOU";;"NÃO ALCANÇOU";"ALCANÇOU";"NÃO ALCANÇOU";"ALCANÇOU";"ALCANÇOU"
"RS";"430390";"Campo Bom";"ALCANÇOU";"ALCANÇOU";;"ALCANÇOU";"ALCANÇOU";"ALCANÇOU";"NÃO ALCANÇOU";"ALCANÇOU"
"RS";"430400";"Campo Novo";"NÃO ALCANÇOU";"ALCANÇOU";;"NÃO ALCANÇOU";"NÃO ALCANÇOU";"NÃO ALCANÇOU";"ALCANÇOU";"ALCANÇOU"
"RS";"430410";"Campos Borges";"ALCANÇOU";"ALCANÇOU";;"NÃO ALCANÇOU";"NÃO ALCANÇOU";"NÃO ALCANÇOU";"ALCANÇOU";"ALCANÇOU"
"RS";"430420";"Candelária";"NÃO ALCANÇOU";"ALCANÇOU";;"NÃO ALCANÇOU";"ALCANÇOU";"ALCANÇOU";"NÃO ALCANÇOU";"ALCANÇOU"
"RS";"430435";"Candiota";"NÃO ALCANÇOU";"ALCANÇOU";;"NÃO ALCANÇOU";"ALCANÇOU";"NÃO ALCANÇOU";"NÃO ALCANÇOU";"ALCANÇOU"
"RS";"430440";"Canela";"ALCANÇOU";"ALCANÇOU";;"NÃO ALCANÇOU";"NÃO ALCANÇOU";"ALCANÇOU";"NÃO ALCANÇOU";"ALCANÇOU"
"RS";"430450";"Canguçu";"ALCANÇOU";"ALCANÇOU";;"NÃO ALCANÇOU";"ALCANÇOU";"NÃO ALCANÇOU";"ALCANÇOU";"ALCANÇOU"
"RS";"430460";"Canoas";"ALCANÇOU";"ALCANÇOU";;"NÃO ALCANÇOU";"NÃO ALCANÇOU";"ALCANÇOU";"ALCANÇOU";"ALCANÇOU"
"RS";"430461";"Canudos do Vale";"ALCANÇOU";"ALCANÇOU";;"NÃO ALCANÇOU";"NÃO ALCANÇOU";"NÃO ALCANÇOU";"ALCANÇOU";"ALCANÇOU"
"RS";"430468";"Capela de Santana";"ALCANÇOU";"ALCANÇOU";;"NÃO ALCANÇOU";"NÃO ALCANÇOU";"NÃO ALCANÇOU";"NÃO ALCANÇOU";"ALCANÇOU"
"RS";"430469";"Capitão";"ALCANÇOU";"ALCANÇOU";;"NÃO ALCANÇOU";"ALCANÇOU";"NÃO ALCANÇOU";"ALCANÇOU";"ALCANÇOU"
"RS";"430467";"Capivari do Sul";"ALCANÇOU";"ALCANÇOU";;"ALCANÇOU";"NÃO ALCANÇOU";"NÃO ALCANÇOU";"ALCANÇOU";"ALCANÇOU"
"RS";"430462";"Capão Bonito do Sul";"ALCANÇOU";"NÃO ALCANÇOU";;"NÃO ALCANÇOU";"NÃO ALCANÇOU";"NÃO ALCANÇOU";"ALCANÇOU";"NÃO ALCANÇOU"
"RS";"430463";"Capão da Canoa";"ALCANÇOU";"ALCANÇOU";;"NÃO ALCANÇOU";"ALCANÇOU";"ALCANÇOU";"ALCANÇOU";"ALCANÇOU"
"RS";"430465";"Capão do Cipó";"NÃO ALCANÇOU";"NÃO ALCANÇOU";;"ALCANÇOU";"ALCANÇOU";"NÃO ALCANÇOU";"ALCANÇOU";"ALCANÇOU"
"RS";"430466";"Capão do Leão";"ALCANÇOU";"ALCANÇOU";;"NÃO ALCANÇOU";"NÃO ALCANÇOU";"NÃO ALCANÇOU";"ALCANÇOU";"ALCANÇOU"
"RS";"430470";"Carazinho";"ALCANÇOU";"ALCANÇOU";;"NÃO ALCANÇOU";"ALCANÇOU";"ALCANÇOU";"NÃO ALCANÇOU";"ALCANÇOU"
"RS";"430471";"Caraá";"ALCANÇOU";"NÃO ALCANÇOU";;"NÃO ALCANÇOU";"ALCANÇOU";"NÃO ALCANÇOU";"ALCANÇOU";"ALCANÇOU"
"RS";"430480";"Carlos Barbosa";"ALCANÇOU";"ALCANÇOU";;"NÃO ALCANÇOU";"ALCANÇOU";"NÃO ALCANÇOU";"NÃO ALCANÇOU";"ALCANÇOU"
"RS";"430485";"Carlos Gomes";"ALCANÇOU";"ALCANÇOU";;"ALCANÇOU";"ALCANÇOU";"NÃO ALCANÇOU";"ALCANÇOU";"NÃO ALCANÇOU"
"RS";"430490";"Casca";"ALCANÇOU";"ALCANÇOU";;"ALCANÇOU";"NÃO ALCANÇOU";"NÃO ALCANÇOU";"ALCANÇOU";"ALCANÇOU"
"RS";"430495";"Caseiros";"ALCANÇOU";"ALCANÇOU";;"ALCANÇOU";"ALCANÇOU";"NÃO ALCANÇOU";"ALCANÇOU";"NÃO ALCANÇOU"
"RS";"430500";"Catuípe";"NÃO ALCANÇOU";"ALCANÇOU";;"ALCANÇOU";"NÃO ALCANÇOU";"NÃO ALCANÇOU";"ALCANÇOU";"ALCANÇOU"
"RS";"430510";"Caxias do Sul";"ALCANÇOU";"ALCANÇOU";;"ALCANÇOU";"ALCANÇOU";"ALCANÇOU";"ALCANÇOU";"ALCANÇOU"
"RS";"430280";"Caçapava do Sul";"ALCANÇOU";"ALCANÇOU";;"NÃO ALCANÇOU";"NÃO ALCANÇOU";"NÃO ALCANÇOU";"ALCANÇOU";"ALCANÇOU"
"RS";"430511";"Centenário";"ALCANÇOU";"ALCANÇOU";;"NÃO ALCANÇOU";"ALCANÇOU";"NÃO ALCANÇOU";"ALCANÇOU";"NÃO ALCANÇOU"
"RS";"430512";"Cerrito";"NÃO ALCANÇOU";"ALCANÇOU";;"ALCANÇOU";"NÃO ALCANÇOU";"NÃO ALCANÇOU";"ALCANÇOU";"NÃO ALCANÇOU"
"RS";"430513";"Cerro Branco";"ALCANÇOU";"ALCANÇOU";;"NÃO ALCANÇOU";"ALCANÇOU";"NÃO ALCANÇOU";"ALCANÇOU";"ALCANÇOU"
"RS";"430515";"Cerro Grande";"ALCANÇOU";"ALCANÇOU";;"ALCANÇOU";"NÃO ALCANÇOU";"NÃO ALCANÇOU";"ALCANÇOU";"ALCANÇOU"
"RS";"430517";"Cerro Grande do Sul";"NÃO ALCANÇOU";"ALCANÇOU";;"NÃO ALCANÇOU";"NÃO ALCANÇOU";"NÃO ALCANÇOU";"ALCANÇOU";"ALCANÇOU"
"RS";"430520";"Cerro Largo";"NÃO ALCANÇOU";"ALCANÇOU";;"NÃO ALCANÇOU";"ALCANÇOU";"NÃO ALCANÇOU";"ALCANÇOU";"ALCANÇOU"
"RS";"430530";"Chapada";"ALCANÇOU";"ALCANÇOU";;"ALCANÇOU";"ALCANÇOU";"ALCANÇOU";"ALCANÇOU";"ALCANÇOU"
"RS";"430535";"Charqueadas";"ALCANÇOU";"ALCANÇOU";;"ALCANÇOU";"NÃO ALCANÇOU";"NÃO ALCANÇOU";"NÃO ALCANÇOU";"ALCANÇOU"
"RS";"430537";"Charrua";"NÃO ALCANÇOU";"ALCANÇOU";;"NÃO ALCANÇOU";"ALCANÇOU";"NÃO ALCANÇOU";"ALCANÇOU";"ALCANÇOU"
"RS";"430540";"Chiapetta";"NÃO ALCANÇOU";"ALCANÇOU";;"ALCANÇOU";"NÃO ALCANÇOU";"NÃO ALCANÇOU";"ALCANÇOU";"ALCANÇOU"
"RS";"430544";"Chuvisca";"NÃO ALCANÇOU";"ALCANÇOU";;"NÃO ALCANÇOU";"NÃO ALCANÇOU";"NÃO ALCANÇOU";"ALCANÇOU";"ALCANÇOU"
"RS";"430543";"Chuí";"NÃO ALCANÇOU";"ALCANÇOU";;"ALCANÇOU";"ALCANÇOU";"NÃO ALCANÇOU";"ALCANÇOU";"ALCANÇOU"
"RS";"430545";"Cidreira";"ALCANÇOU";"ALCANÇOU";;"NÃO ALCANÇOU";"NÃO ALCANÇOU";"NÃO ALCANÇOU";"NÃO ALCANÇOU";"ALCANÇOU"
"RS";"430550";"Ciríaco";"ALCANÇOU";"ALCANÇOU";;"ALCANÇOU";"NÃO ALCANÇOU";"NÃO ALCANÇOU";"ALCANÇOU";"ALCANÇOU"
"RS";"430558";"Colinas";"ALCANÇOU";"NÃO ALCANÇOU";;"NÃO ALCANÇOU";"ALCANÇOU";"NÃO ALCANÇOU";"ALCANÇOU";"NÃO ALCANÇOU"
"RS";"430560";"Colorado";"NÃO ALCANÇOU";"ALCANÇOU";;"ALCANÇOU";"ALCANÇOU";"NÃO ALCANÇOU";"ALCANÇOU";"ALCANÇOU"
"RS";"430570";"Condor";"NÃO ALCANÇOU";"ALCANÇOU";;"NÃO ALCANÇOU";"NÃO ALCANÇOU";"NÃO ALCANÇOU";"ALCANÇOU";"ALCANÇOU"
"RS";"430580";"Constantina";"ALCANÇOU";"ALCANÇOU";;"NÃO ALCANÇOU";"NÃO ALCANÇOU";"NÃO ALCANÇOU";"ALCANÇOU";"ALCANÇOU"
"RS";"430583";"Coqueiro Baixo";"ALCANÇOU";"ALCANÇOU";;"ALCANÇOU";"ALCANÇOU";"NÃO ALCANÇOU";"ALCANÇOU";"ALCANÇOU"
"RS";"430585";"Coqueiros do Sul";"ALCANÇOU";"NÃO ALCANÇOU";;"ALCANÇOU";"NÃO ALCANÇOU";"NÃO ALCANÇOU";"ALCANÇOU";"ALCANÇOU"
"RS";"430587";"Coronel Barros";"NÃO ALCANÇOU";"ALCANÇOU";;"NÃO ALCANÇOU";"NÃO ALCANÇOU";"NÃO ALCANÇOU";"NÃO ALCANÇOU";"ALCANÇOU"
"RS";"430590";"Coronel Bicaco";"ALCANÇOU";"ALCANÇOU";;"NÃO ALCANÇOU";"ALCANÇOU";"NÃO ALCANÇOU";"ALCANÇOU";"ALCANÇOU"
"RS";"430593";"Coronel Pilar";"ALCANÇOU";"NÃO ALCANÇOU";;"NÃO ALCANÇOU";"ALCANÇOU";"NÃO ALCANÇOU";"ALCANÇOU";"ALCANÇOU"
"RS";"430595";"Cotiporã";"ALCANÇOU";"NÃO ALCANÇOU";;"ALCANÇOU";"ALCANÇOU";"NÃO ALCANÇOU";"ALCANÇOU";"ALCANÇOU"
"RS";"430597";"Coxilha";"ALCANÇOU";"ALCANÇOU";;"NÃO ALCANÇOU";"NÃO ALCANÇOU";"NÃO ALCANÇOU";"ALCANÇOU";"ALCANÇOU"
"RS";"430600";"Crissiumal";"NÃO ALCANÇOU";"NÃO ALCANÇOU";;"ALCANÇOU";"NÃO ALCANÇOU";"NÃO ALCANÇOU";"NÃO ALCANÇOU";"ALCANÇOU"
"RS";"430605";"Cristal";"NÃO ALCANÇOU";"ALCANÇOU";;"NÃO ALCANÇOU";"ALCANÇOU";"NÃO ALCANÇOU";"ALCANÇOU";"ALCANÇOU"
"RS";"430607";"Cristal do Sul";"ALCANÇOU";"ALCANÇOU";;"NÃO ALCANÇOU";"NÃO ALCANÇOU";"NÃO ALCANÇOU";"ALCANÇOU";"ALCANÇOU"
"RS";"430610";"Cruz Alta";"ALCANÇOU";"ALCANÇOU";;"NÃO ALCANÇOU";"ALCANÇOU";"ALCANÇOU";"NÃO ALCANÇOU";"ALCANÇOU"
"RS";"430613";"Cruzaltense";"ALCANÇOU";"NÃO ALCANÇOU";;"NÃO ALCANÇOU";"ALCANÇOU";"NÃO ALCANÇOU";"ALCANÇOU";"ALCANÇOU"
"RS";"430620";"Cruzeiro do Sul";"NÃO ALCANÇOU";"NÃO ALCANÇOU";;"NÃO ALCANÇOU";"ALCANÇOU";"NÃO ALCANÇOU";"ALCANÇOU";"ALCANÇOU"
"RS";"430430";"Cândido Godói";"NÃO ALCANÇOU";"ALCANÇOU";;"ALCANÇOU";"ALCANÇOU";"NÃO ALCANÇOU";"ALCANÇOU";"ALCANÇOU"
"RS";"430630";"David Canabarro";"ALCANÇOU";"ALCANÇOU";;"NÃO ALCANÇOU";"NÃO ALCANÇOU";"NÃO ALCANÇOU";"ALCANÇOU";"ALCANÇOU"
"RS";"430632";"Derrubadas";"NÃO ALCANÇOU";"ALCANÇOU";;"ALCANÇOU";"NÃO ALCANÇOU";"ALCANÇOU";"ALCANÇOU";"ALCANÇOU"
"RS";"430635";"Dezesseis de Novembro";"NÃO ALCANÇOU";"NÃO ALCANÇOU";;"NÃO ALCANÇOU";"ALCANÇOU";"NÃO ALCANÇOU";"NÃO ALCANÇOU";"ALCANÇOU"
"RS";"430637";"Dilermando de Aguiar";"ALCANÇOU";"ALCANÇOU";;"NÃO ALCANÇOU";"NÃO ALCANÇOU";"NÃO ALCANÇOU";"ALCANÇOU";"ALCANÇOU"
"RS";"430640";"Dois Irmãos";"ALCANÇOU";"ALCANÇOU";;"NÃO ALCANÇOU";"ALCANÇOU";"ALCANÇOU";"ALCANÇOU";"ALCANÇOU"
"RS";"430642";"Dois Irmãos das Missões";"NÃO ALCANÇOU";"ALCANÇOU";;"ALCANÇOU";"NÃO ALCANÇOU";"NÃO ALCANÇOU";"ALCANÇOU";"ALCANÇOU"
"RS";"430645";"Dois Lajeados";"ALCANÇOU";"NÃO ALCANÇOU";;"NÃO ALCANÇOU";"ALCANÇOU";"NÃO ALCANÇOU";"ALCANÇOU";"ALCANÇOU"
"RS";"430650";"Dom Feliciano";"NÃO ALCANÇOU";"ALCANÇOU";;"NÃO ALCANÇOU";"NÃO ALCANÇOU";"ALCANÇOU";"ALCANÇOU";"ALCANÇOU"
"RS";"430660";"Dom Pedrito";"ALCANÇOU";"ALCANÇOU";;"ALCANÇOU";"ALCANÇOU";"ALCANÇOU";"NÃO ALCANÇOU";"ALCANÇOU"
"RS";"430655";"Dom Pedro de Alcântara";"ALCANÇOU";"ALCANÇOU";;"ALCANÇOU";"NÃO ALCANÇOU";"NÃO ALCANÇOU";"ALCANÇOU";"NÃO ALCANÇOU"
"RS";"430670";"Dona Francisca";"ALCANÇOU";"ALCANÇOU";;"NÃO ALCANÇOU";"NÃO ALCANÇOU";"NÃO ALCANÇOU";"ALCANÇOU";"ALCANÇOU"
"RS";"430673";"Doutor Maurício Cardoso";"ALCANÇOU";"ALCANÇOU";;"NÃO ALCANÇOU";"ALCANÇOU";"NÃO ALCANÇOU";"ALCANÇOU";"ALCANÇOU"
"RS";"430675";"Doutor Ricardo";"ALCANÇOU";"NÃO ALCANÇOU";;"ALCANÇOU";"ALCANÇOU";"NÃO ALCANÇOU";"ALCANÇOU";"ALCANÇOU"
"RS";"430676";"Eldorado do Sul";"NÃO ALCANÇOU";"ALCANÇOU";;"NÃO ALCANÇOU";"NÃO ALCANÇOU";"ALCANÇOU";"NÃO ALCANÇOU";"ALCANÇOU"
"RS";"430680";"Encantado";"NÃO ALCANÇOU";"ALCANÇOU";;"NÃO ALCANÇOU";"NÃO ALCANÇOU";"NÃO ALCANÇOU";"NÃO ALCANÇOU";"ALCANÇOU"
"RS";"430690";"Encruzilhada do Sul";"ALCANÇOU";"NÃO ALCANÇOU";;"NÃO ALCANÇOU";"NÃO ALCANÇOU";"NÃO ALCANÇOU";"NÃO ALCANÇOU";"ALCANÇOU"
"RS";"430692";"Engenho Velho";"ALCANÇOU";"ALCANÇOU";;"NÃO ALCANÇOU";"NÃO ALCANÇOU";"NÃO ALCANÇOU";"ALCANÇOU";"NÃO ALCANÇOU"
"RS";"430695";"Entre Rios do Sul";"ALCANÇOU";"ALCANÇOU";;"ALCANÇOU";"ALCANÇOU";"NÃO ALCANÇOU";"ALCANÇOU";"ALCANÇOU"
"RS";"430693";"Entre-Ijuís";"NÃO ALCANÇOU";"ALCANÇOU";;"NÃO ALCANÇOU";"NÃO ALCANÇOU";"NÃO ALCANÇOU";"ALCANÇOU";"ALCANÇOU"
"RS";"430697";"Erebango";"NÃO ALCANÇOU";"ALCANÇOU";;"NÃO ALCANÇOU";"ALCANÇOU";"ALCANÇOU";"ALCANÇOU";"ALCANÇOU"
"RS";"430700";"Erechim";"ALCANÇOU";"ALCANÇOU";;"NÃO ALCANÇOU";"ALCANÇOU";"ALCANÇOU";"NÃO ALCANÇOU";"ALCANÇOU"
"RS";"430705";"Ernestina";"ALCANÇOU";"ALCANÇOU";;"NÃO ALCANÇOU";"NÃO ALCANÇOU";"NÃO ALCANÇOU";"ALCANÇOU";"NÃO ALCANÇOU"
"RS";"430720";"Erval Grande";"ALCANÇOU";"ALCANÇOU";;"ALCANÇOU";"ALCANÇOU";"NÃO ALCANÇOU";"ALCANÇOU";"ALCANÇOU"
"RS";"430730";"Erval Seco";"NÃO ALCANÇOU";"ALCANÇOU";;"NÃO ALCANÇOU";"ALCANÇOU";"NÃO ALCANÇOU";"ALCANÇOU";"ALCANÇOU"
"RS";"430740";"Esmeralda";"ALCANÇOU";"ALCANÇOU";;"NÃO ALCANÇOU";"NÃO ALCANÇOU";"NÃO ALCANÇOU";"ALCANÇOU";"ALCANÇOU"
"RS";"430745";"Esperança do Sul";"ALCANÇOU";"ALCANÇOU";;"NÃO ALCANÇOU";"ALCANÇOU";"NÃO ALCANÇOU";"ALCANÇOU";"ALCANÇOU"
"RS";"430750";"Espumoso";"ALCANÇOU";"ALCANÇOU";;"NÃO ALCANÇOU";"NÃO ALCANÇOU";"NÃO ALCANÇOU";"NÃO ALCANÇOU";"NÃO ALCANÇOU"
"RS";"430755";"Estação";"NÃO ALCANÇOU";"ALCANÇOU";;"NÃO ALCANÇOU";"ALCANÇOU";"NÃO ALCANÇOU";"ALCANÇOU";"ALCANÇOU"
"RS";"430770";"Esteio";"ALCANÇOU";"ALCANÇOU";;"NÃO ALCANÇOU";"ALCANÇOU";"NÃO ALCANÇOU";"NÃO ALCANÇOU";"ALCANÇOU"
"RS";"430780";"Estrela";"ALCANÇOU";"ALCANÇOU";;"NÃO ALCANÇOU";"ALCANÇOU";"ALCANÇOU";"NÃO ALCANÇOU";"ALCANÇOU"
"RS";"430781";"Estrela Velha";"ALCANÇOU";"NÃO ALCANÇOU";;"NÃO ALCANÇOU";"ALCANÇOU";"ALCANÇOU";"ALCANÇOU";"ALCANÇOU"
"RS";"430760";"Estância Velha";"ALCANÇOU";"ALCANÇOU";;"ALCANÇOU";"NÃO ALCANÇOU";"ALCANÇOU";"ALCANÇOU";"ALCANÇOU"
"RS";"430783";"Eugênio de Castro";"ALCANÇOU";"ALCANÇOU";;"ALCANÇOU";"NÃO ALCANÇOU";"ALCANÇOU";"ALCANÇOU";"ALCANÇOU"
"RS";"430786";"Fagundes Varela";"ALCANÇOU";"ALCANÇOU";;"NÃO ALCANÇOU";"NÃO ALCANÇOU";"NÃO ALCANÇOU";"ALCANÇOU";"ALCANÇOU"
"RS";"430790";"Farroupilha";"ALCANÇOU";"ALCANÇOU";;"NÃO ALCANÇOU";"NÃO ALCANÇOU";"ALCANÇOU";"NÃO ALCANÇOU";"ALCANÇOU"
"RS";"430800";"Faxinal do Soturno";"ALCANÇOU";"NÃO ALCANÇOU";;"NÃO ALCANÇOU";"NÃO ALCANÇOU";"NÃO ALCANÇOU";"NÃO ALCANÇOU";"ALCANÇOU"
"RS";"430805";"Faxinalzinho";"ALCANÇOU";"ALCANÇOU";;"NÃO ALCANÇOU";"NÃO ALCANÇOU";"NÃO ALCANÇOU";"ALCANÇOU";"NÃO ALCANÇOU"
"RS";"430807";"Fazenda Vilanova";"ALCANÇOU";"ALCANÇOU";;"NÃO ALCANÇOU";"NÃO ALCANÇOU";"NÃO ALCANÇOU";"ALCANÇOU";"ALCANÇOU"
"RS";"430810";"Feliz";"ALCANÇOU";"ALCANÇOU";;"ALCANÇOU";"ALCANÇOU";"NÃO ALCANÇOU";"ALCANÇOU";"ALCANÇOU"
"RS";"430820";"Flores da Cunha";"ALCANÇOU";"ALCANÇOU";;"NÃO ALCANÇOU";"ALCANÇOU";"NÃO ALCANÇOU";"NÃO ALCANÇOU";"ALCANÇOU"
"RS";"430825";"Floriano Peixoto";"ALCANÇOU";"ALCANÇOU";;"ALCANÇOU";"ALCANÇOU";"NÃO ALCANÇOU";"ALCANÇOU";"NÃO ALCANÇOU"
"RS";"430830";"Fontoura Xavier";"ALCANÇOU";"ALCANÇOU";;"ALCANÇOU";"NÃO ALCANÇOU";"NÃO ALCANÇOU";"ALCANÇOU";"ALCANÇOU"
"RS";"430840";"Formigueiro";"ALCANÇOU";"NÃO ALCANÇOU";;"ALCANÇOU";"ALCANÇOU";"NÃO ALCANÇOU";"ALCANÇOU";"ALCANÇOU"
"RS";"430843";"Forquetinha";"NÃO ALCANÇOU";"NÃO ALCANÇOU";;"NÃO ALCANÇOU";"NÃO ALCANÇOU";"NÃO ALCANÇOU";"ALCANÇOU";"ALCANÇOU"
"RS";"430845";"Fortaleza dos Valos";"ALCANÇOU";"ALCANÇOU";;"ALCANÇOU";"ALCANÇOU";"NÃO ALCANÇOU";"ALCANÇOU";"ALCANÇOU"
"RS";"430850";"Frederico Westphalen";"ALCANÇOU";"ALCANÇOU";;"NÃO ALCANÇOU";"NÃO ALCANÇOU";"NÃO ALCANÇOU";"ALCANÇOU";"ALCANÇOU"
"RS";"430860";"Garibaldi";"ALCANÇOU";"ALCANÇOU";;"ALCANÇOU";"ALCANÇOU";"ALCANÇOU";"ALCANÇOU";"ALCANÇOU"
"RS";"430865";"Garruchos";"NÃO ALCANÇOU";"ALCANÇOU";;"NÃO ALCANÇOU";"NÃO ALCANÇOU";"NÃO ALCANÇOU";"ALCANÇOU";"NÃO ALCANÇOU"
"RS";"430870";"Gaurama";"ALCANÇOU";"ALCANÇOU";;"NÃO ALCANÇOU";"ALCANÇOU";"NÃO ALCANÇOU";"ALCANÇOU";"ALCANÇOU"
"RS";"430880";"General Câmara";"ALCANÇOU";"ALCANÇOU";;"ALCANÇOU";"NÃO ALCANÇOU";"NÃO ALCANÇOU";"NÃO ALCANÇOU";"ALCANÇOU"
"RS";"430885";"Gentil";"NÃO ALCANÇOU";"ALCANÇOU";;"ALCANÇOU";"ALCANÇOU";"NÃO ALCANÇOU";"ALCANÇOU";"ALCANÇOU"
"RS";"430890";"Getúlio Vargas";"NÃO ALCANÇOU";"ALCANÇOU";;"NÃO ALCANÇOU";"ALCANÇOU";"ALCANÇOU";"ALCANÇOU";"ALCANÇOU"
"RS";"430900";"Giruá";"NÃO ALCANÇOU";"ALCANÇOU";;"NÃO ALCANÇOU";"ALCANÇOU";"NÃO ALCANÇOU";"NÃO ALCANÇOU";"ALCANÇOU"
"RS";"430905";"Glorinha";"ALCANÇOU";"ALCANÇOU";;"ALCANÇOU";"NÃO ALCANÇOU";"NÃO ALCANÇOU";"NÃO ALCANÇOU";"ALCANÇOU"
"RS";"430910";"Gramado";"ALCANÇOU";"ALCANÇOU";;"NÃO ALCANÇOU";"ALCANÇOU";"ALCANÇOU";"ALCANÇOU";"ALCANÇOU"
"RS";"430915";"Gramado Xavier";"ALCANÇOU";"ALCANÇOU";;"NÃO ALCANÇOU";"ALCANÇOU";"NÃO ALCANÇOU";"ALCANÇOU";"ALCANÇOU"
"RS";"430912";"Gramado dos Loureiros";"ALCANÇOU";"ALCANÇOU";;"NÃO ALCANÇOU";"ALCANÇOU";"NÃO ALCANÇOU";"ALCANÇOU";"ALCANÇOU"
"RS";"430920";"Gravataí";"ALCANÇOU";"ALCANÇOU";;"NÃO ALCANÇOU";"ALCANÇOU";"ALCANÇOU";"ALCANÇOU";"ALCANÇOU"
"RS";"430925";"Guabiju";"NÃO ALCANÇOU";"ALCANÇOU";;"ALCANÇOU";"NÃO ALCANÇOU";"NÃO ALCANÇOU";"ALCANÇOU";"NÃO ALCANÇOU"
"RS";"430940";"Guaporé";"ALCANÇOU";"ALCANÇOU";;"NÃO ALCANÇOU";"ALCANÇOU";"ALCANÇOU";"ALCANÇOU";"ALCANÇOU"
"RS";"430950";"Guarani das Missões";"NÃO ALCANÇOU";"ALCANÇOU";;"NÃO ALCANÇOU";"NÃO ALCANÇOU";"NÃO ALCANÇOU";"ALCANÇOU";"ALCANÇOU"
"RS";"430930";"Guaíba";"ALCANÇOU";"ALCANÇOU";;"NÃO ALCANÇOU";"NÃO ALCANÇOU";"ALCANÇOU";"NÃO ALCANÇOU";"ALCANÇOU"
"RS";"430955";"Harmonia";"NÃO ALCANÇOU";"ALCANÇOU";;"NÃO ALCANÇOU";"NÃO ALCANÇOU";"ALCANÇOU";"ALCANÇOU";"NÃO ALCANÇOU"
"RS";"430710";"Herval";"ALCANÇOU";"ALCANÇOU";;"NÃO ALCANÇOU";"NÃO ALCANÇOU";"NÃO ALCANÇOU";"ALCANÇOU";"ALCANÇOU"
"RS";"430957";"Herveiras";"ALCANÇOU";"ALCANÇOU";;"ALCANÇOU";"ALCANÇOU";"NÃO ALCANÇOU";"ALCANÇOU";"ALCANÇOU"
"RS";"430960";"Horizontina";"NÃO ALCANÇOU";"ALCANÇOU";;"ALCANÇOU";"ALCANÇOU";"ALCANÇOU";"ALCANÇOU";"ALCANÇOU"
"RS";"430965";"Hulha Negra";"ALCANÇOU";"NÃO ALCANÇOU";;"NÃO ALCANÇOU";"ALCANÇOU";"NÃO ALCANÇOU";"ALCANÇOU";"ALCANÇOU"
"RS";"430970";"Humaitá";"NÃO ALCANÇOU";"ALCANÇOU";;"NÃO ALCANÇOU";"NÃO ALCANÇOU";"NÃO ALCANÇOU";"ALCANÇOU";"ALCANÇOU"
"RS";"430975";"Ibarama";"ALCANÇOU";"ALCANÇOU";;"ALCANÇOU";"NÃO ALCANÇOU";"NÃO ALCANÇOU";"ALCANÇOU";"ALCANÇOU"
"RS";"430980";"Ibiaçá";"ALCANÇOU";"ALCANÇOU";;"ALCANÇOU";"NÃO ALCANÇOU";"NÃO ALCANÇOU";"ALCANÇOU";"ALCANÇOU"
"RS";"430990";"Ibiraiaras";"ALCANÇOU";"ALCANÇOU";;"ALCANÇOU";"NÃO ALCANÇOU";"NÃO ALCANÇOU";"ALCANÇOU";"ALCANÇOU"
"RS";"430995";"Ibirapuitã";"ALCANÇOU";"ALCANÇOU";;"NÃO ALCANÇOU";"NÃO ALCANÇOU";"NÃO ALCANÇOU";"ALCANÇOU";"NÃO ALCANÇOU"
"RS";"431000";"Ibirubá";"ALCANÇOU";"ALCANÇOU";;"NÃO ALCANÇOU";"NÃO ALCANÇOU";"NÃO ALCANÇOU";"ALCANÇOU";"ALCANÇOU"
"RS";"431010";"Igrejinha";"ALCANÇOU";"ALCANÇOU";;"NÃO ALCANÇOU";"NÃO ALCANÇOU";"ALCANÇOU";"ALCANÇOU";"ALCANÇOU"
"RS";"431020";"Ijuí";"ALCANÇOU";"ALCANÇOU";;"NÃO ALCANÇOU";"NÃO ALCANÇOU";"NÃO ALCANÇOU";"NÃO ALCANÇOU";"ALCANÇOU"
"RS";"431030";"Ilópolis";"ALCANÇOU";"ALCANÇOU";;"NÃO ALCANÇOU";"ALCANÇOU";"NÃO ALCANÇOU";"ALCANÇOU";"ALCANÇOU"
"RS";"431033";"Imbé";"ALCANÇOU";"ALCANÇOU";;"NÃO ALCANÇOU";"ALCANÇOU";"ALCANÇOU";"ALCANÇOU";"ALCANÇOU"
"RS";"431036";"Imigrante";"ALCANÇOU";"ALCANÇOU";;"ALCANÇOU";"ALCANÇOU";"NÃO ALCANÇOU";"NÃO ALCANÇOU";"ALCANÇOU"
"RS";"431040";"Independência";"NÃO ALCANÇOU";"ALCANÇOU";;"ALCANÇOU";"NÃO ALCANÇOU";"NÃO ALCANÇOU";"NÃO ALCANÇOU";"ALCANÇOU"
"RS";"431041";"Inhacorá";"NÃO ALCANÇOU";"ALCANÇOU";;"NÃO ALCANÇOU";"NÃO ALCANÇOU";"NÃO ALCANÇOU";"ALCANÇOU";"NÃO ALCANÇOU"
"RS";"431046";"Ipiranga do Sul";"ALCANÇOU";"ALCANÇOU";;"NÃO ALCANÇOU";"ALCANÇOU";"NÃO ALCANÇOU";"NÃO ALCANÇOU";"ALCANÇOU"
"RS";"431043";"Ipê";"ALCANÇOU";"NÃO ALCANÇOU";;"NÃO ALCANÇOU";"NÃO ALCANÇOU";"NÃO ALCANÇOU";"NÃO ALCANÇOU";"NÃO ALCANÇOU"
"RS";"431050";"Iraí";"NÃO ALCANÇOU";"ALCANÇOU";;"NÃO ALCANÇOU";"NÃO ALCANÇOU";"NÃO ALCANÇOU";"ALCANÇOU";"ALCANÇOU"
"RS";"431053";"Itaara";"ALCANÇOU";"ALCANÇOU";;"NÃO ALCANÇOU";"ALCANÇOU";"NÃO ALCANÇOU";"ALCANÇOU";"ALCANÇOU"
"RS";"431055";"Itacurubi";"NÃO ALCANÇOU";"NÃO ALCANÇOU";;"NÃO ALCANÇOU";"NÃO ALCANÇOU";"NÃO ALCANÇOU";"ALCANÇOU";"ALCANÇOU"
"RS";"431057";"Itapuca";"ALCANÇOU";"NÃO ALCANÇOU";;"NÃO ALCANÇOU";"ALCANÇOU";"NÃO ALCANÇOU";"ALCANÇOU";"NÃO ALCANÇOU"
"RS";"431060";"Itaqui";"NÃO ALCANÇOU";"ALCANÇOU";;"ALCANÇOU";"NÃO ALCANÇOU";"ALCANÇOU";"ALCANÇOU";"ALCANÇOU"
"RS";"431065";"Itati";"NÃO ALCANÇOU";"ALCANÇOU";;"ALCANÇOU";"ALCANÇOU";"NÃO ALCANÇOU";"ALCANÇOU";"NÃO ALCANÇOU"
"RS";"431070";"Itatiba do Sul";"ALCANÇOU";"NÃO ALCANÇOU";;"NÃO ALCANÇOU";"ALCANÇOU";"NÃO ALCANÇOU";"ALCANÇOU";"ALCANÇOU"
"RS";"431075";"Ivorá";"ALCANÇOU";"ALCANÇOU";;"NÃO ALCANÇOU";"NÃO ALCANÇOU";"NÃO ALCANÇOU";"ALCANÇOU";"NÃO ALCANÇOU"
"RS";"431080";"Ivoti";"ALCANÇOU";"ALCANÇOU";;"ALCANÇOU";"ALCANÇOU";"ALCANÇOU";"ALCANÇOU";"ALCANÇOU"
"RS";"431085";"Jaboticaba";"NÃO ALCANÇOU";"ALCANÇOU";;"NÃO ALCANÇOU";"NÃO ALCANÇOU";"ALCANÇOU";"ALCANÇOU";"ALCANÇOU"
"RS";"431087";"Jacuizinho";"NÃO ALCANÇOU";"ALCANÇOU";;"NÃO ALCANÇOU";"NÃO ALCANÇOU";"NÃO ALCANÇOU";"ALCANÇOU";"ALCANÇOU"
"RS";"431090";"Jacutinga";"ALCANÇOU";"NÃO ALCANÇOU";;"NÃO ALCANÇOU";"NÃO ALCANÇOU";"NÃO ALCANÇOU";"ALCANÇOU";"ALCANÇOU"
"RS";"431110";"Jaguari";"NÃO ALCANÇOU";"ALCANÇOU";;"NÃO ALCANÇOU";"NÃO ALCANÇOU";"ALCANÇOU";"NÃO ALCANÇOU";"ALCANÇOU"
"RS";"431100";"Jaguarão";"ALCANÇOU";"ALCANÇOU";;"NÃO ALCANÇOU";"NÃO ALCANÇOU";"NÃO ALCANÇOU";"NÃO ALCANÇOU";"ALCANÇOU"
"RS";"431112";"Jaquirana";"ALCANÇOU";"ALCANÇOU";;"NÃO ALCANÇOU";"NÃO ALCANÇOU";"NÃO ALCANÇOU";"NÃO ALCANÇOU";"ALCANÇOU"
"RS";"431113";"Jari";"ALCANÇOU";"ALCANÇOU";;"NÃO ALCANÇOU";"ALCANÇOU";"NÃO ALCANÇOU";"ALCANÇOU";"ALCANÇOU"
"RS";"431115";"Jóia";"NÃO ALCANÇOU";"NÃO ALCANÇOU";;"NÃO ALCANÇOU";"NÃO ALCANÇOU";"NÃO ALCANÇOU";"ALCANÇOU";"ALCANÇOU"
"RS";"431120";"Júlio de Castilhos";"ALCANÇOU";"ALCANÇOU";;"NÃO ALCANÇOU";"ALCANÇOU";"NÃO ALCANÇOU";"ALCANÇOU";"ALCANÇOU"
"RS";"431123";"Lagoa Bonita do Sul";"ALCANÇOU";"NÃO ALCANÇOU";;"NÃO ALCANÇOU";"ALCANÇOU";"NÃO ALCANÇOU";"ALCANÇOU";"ALCANÇOU"
"RS";"431130";"Lagoa Vermelha";"ALCANÇOU";"ALCANÇOU";;"ALCANÇOU";"NÃO ALCANÇOU";"NÃO ALCANÇOU";"ALCANÇOU";"ALCANÇOU"
"RS";"431127";"Lagoa dos Três Cantos";"ALCANÇOU";"ALCANÇOU";;"NÃO ALCANÇOU";"NÃO ALCANÇOU";"NÃO ALCANÇOU";"ALCANÇOU";"NÃO ALCANÇOU"
"RS";"431125";"Lagoão";"ALCANÇOU";"ALCANÇOU";;"ALCANÇOU";"NÃO ALCANÇOU";"NÃO ALCANÇOU";"ALCANÇOU";"NÃO ALCANÇOU"
"RS";"431140";"Lajeado";"ALCANÇOU";"ALCANÇOU";;"ALCANÇOU";"ALCANÇOU";"ALCANÇOU";"NÃO ALCANÇOU";"ALCANÇOU"
"RS";"431142";"Lajeado do Bugre";"ALCANÇOU";"ALCANÇOU";;"ALCANÇOU";"NÃO ALCANÇOU";"NÃO ALCANÇOU";"ALCANÇOU";"ALCANÇOU"
"RS";"431150";"Lavras do Sul";"ALCANÇOU";"NÃO ALCANÇOU";;"ALCANÇOU";"NÃO ALCANÇOU";"NÃO ALCANÇOU";"ALCANÇOU";"ALCANÇOU"
"RS";"431160";"Liberato Salzano";"NÃO ALCANÇOU";"ALCANÇOU";;"NÃO ALCANÇOU";"NÃO ALCANÇOU";"NÃO ALCANÇOU";"ALCANÇOU";"NÃO ALCANÇOU"
"RS";"431162";"Lindolfo Collor";"ALCANÇOU";"ALCANÇOU";;"ALCANÇOU";"NÃO ALCANÇOU";"ALCANÇOU";"NÃO ALCANÇOU";"ALCANÇOU"
"RS";"431164";"Linha Nova";"ALCANÇOU";"ALCANÇOU";;"NÃO ALCANÇOU";"ALCANÇOU";"NÃO ALCANÇOU";"ALCANÇOU";"ALCANÇOU"
"RS";"431170";"Machadinho";"ALCANÇOU";"NÃO ALCANÇOU";;"ALCANÇOU";"NÃO ALCANÇOU";"NÃO ALCANÇOU";"ALCANÇOU";"ALCANÇOU"
"RS";"431173";"Mampituba";"ALCANÇOU";"ALCANÇOU";;"ALCANÇOU";"ALCANÇOU";"NÃO ALCANÇOU";"ALCANÇOU";"ALCANÇOU"
"RS";"431175";"Manoel Viana";"ALCANÇOU";"ALCANÇOU";;"NÃO ALCANÇOU";"NÃO ALCANÇOU";"NÃO ALCANÇOU";"ALCANÇOU";"ALCANÇOU"
"RS";"431177";"Maquiné";"NÃO ALCANÇOU";"ALCANÇOU";;"ALCANÇOU";"ALCANÇOU";"ALCANÇOU";"ALCANÇOU";"ALCANÇOU"
"RS";"431179";"Maratá";"ALCANÇOU";"NÃO ALCANÇOU";;"ALCANÇOU";"NÃO ALCANÇOU";"NÃO ALCANÇOU";"ALCANÇOU";"ALCANÇOU"
"RS";"431180";"Marau";"ALCANÇOU";"ALCANÇOU";;"NÃO ALCANÇOU";"NÃO ALCANÇOU";"ALCANÇOU";"ALCANÇOU";"ALCANÇOU"
"RS";"431190";"Marcelino Ramos";"ALCANÇOU";"NÃO ALCANÇOU";;"NÃO ALCANÇOU";"ALCANÇOU";"NÃO ALCANÇOU";"ALCANÇOU";"ALCANÇOU"
"RS";"431198";"Mariana Pimentel";"NÃO ALCANÇOU";"NÃO ALCANÇOU";;"ALCANÇOU";"NÃO ALCANÇOU";"ALCANÇOU";"ALCANÇOU";"ALCANÇOU"
"RS";"431200";"Mariano Moro";"ALCANÇOU";"ALCANÇOU";;"NÃO ALCANÇOU";"ALCANÇOU";"NÃO ALCANÇOU";"ALCANÇOU";"NÃO ALCANÇOU"
"RS";"431205";"Marques de Souza";"ALCANÇOU";"ALCANÇOU";;"NÃO ALCANÇOU";"ALCANÇOU";"NÃO ALCANÇOU";"ALCANÇOU";"ALCANÇOU"
"RS";"431210";"Mata";"ALCANÇOU";"NÃO ALCANÇOU";;"ALCANÇOU";"NÃO ALCANÇOU";"NÃO ALCANÇOU";"ALCANÇOU";"ALCANÇOU"
"RS";"431213";"Mato Castelhano";"ALCANÇOU";"ALCANÇOU";;"NÃO ALCANÇOU";"NÃO ALCANÇOU";"NÃO ALCANÇOU";"ALCANÇOU";"ALCANÇOU"
"RS";"431215";"Mato Leitão";"ALCANÇOU";"ALCANÇOU";;"NÃO ALCANÇOU";"ALCANÇOU";"NÃO ALCANÇOU";"ALCANÇOU";"ALCANÇOU"
"RS";"431217";"Mato Queimado";"ALCANÇOU";"ALCANÇOU";;"ALCANÇOU";"ALCANÇOU";"NÃO ALCANÇOU";"ALCANÇOU";"ALCANÇOU"
"RS";"431220";"Maximiliano de Almeida";"ALCANÇOU";"NÃO ALCANÇOU";;"NÃO ALCANÇOU";"NÃO ALCANÇOU";"NÃO ALCANÇOU";"ALCANÇOU";"ALCANÇOU"
"RS";"431171";"Maçambará";"ALCANÇOU";"ALCANÇOU";;"NÃO ALCANÇOU";"NÃO ALCANÇOU";"NÃO ALCANÇOU";"ALCANÇOU";"ALCANÇOU"
"RS";"431225";"Minas do Leão";"NÃO ALCANÇOU";"ALCANÇOU";;"NÃO ALCANÇOU";"NÃO ALCANÇOU";"NÃO ALCANÇOU";"ALCANÇOU";"ALCANÇOU"
"RS";"431230";"Miraguaí";"NÃO ALCANÇOU";"NÃO ALCANÇOU";;"NÃO ALCANÇOU";"NÃO ALCANÇOU";"NÃO ALCANÇOU";"ALCANÇOU";"ALCANÇOU"
"RS";"431235";"Montauri";"NÃO ALCANÇOU";"ALCANÇOU";;"NÃO ALCANÇOU";"NÃO ALCANÇOU";"NÃO ALCANÇOU";"ALCANÇOU";"ALCANÇOU"
"RS";"431237";"Monte Alegre dos Campos";"ALCANÇOU";"ALCANÇOU";;"ALCANÇOU";"NÃO ALCANÇOU";"NÃO ALCANÇOU";"ALCANÇOU";"ALCANÇOU"
"RS";"431238";"Monte Belo do Sul";"NÃO ALCANÇOU";"NÃO ALCANÇOU";;"NÃO ALCANÇOU";"ALCANÇOU";"NÃO ALCANÇOU";"ALCANÇOU";"ALCANÇOU"
"RS";"431240";"Montenegro";"ALCANÇOU";"ALCANÇOU";;"ALCANÇOU";"ALCANÇOU";"ALCANÇOU";"NÃO ALCANÇOU";"ALCANÇOU"
"RS";"431242";"Mormaço";"ALCANÇOU";"ALCANÇOU";;"NÃO ALCANÇOU";"NÃO ALCANÇOU";"NÃO ALCANÇOU";"ALCANÇOU";"ALCANÇOU"
"RS";"431244";"Morrinhos do Sul";"ALCANÇOU";"ALCANÇOU";;"NÃO ALCANÇOU";"ALCANÇOU";"NÃO ALCANÇOU";"ALCANÇOU";"ALCANÇOU"
"RS";"431245";"Morro Redondo";"ALCANÇOU";"ALCANÇOU";;"ALCANÇOU";"NÃO ALCANÇOU";"NÃO ALCANÇOU";"NÃO ALCANÇOU";"ALCANÇOU"
"RS";"431247";"Morro Reuter";"ALCANÇOU";"NÃO ALCANÇOU";;"ALCANÇOU";"ALCANÇOU";"NÃO ALCANÇOU";"ALCANÇOU";"ALCANÇOU"
"RS";"431250";"Mostardas";"ALCANÇOU";"ALCANÇOU";;"NÃO ALCANÇOU";"ALCANÇOU";"NÃO ALCANÇOU";"ALCANÇOU";"ALCANÇOU"
"RS";"431261";"Muitos Capões";"ALCANÇOU";"ALCANÇOU";;"NÃO ALCANÇOU";"NÃO ALCANÇOU";"NÃO ALCANÇOU";"ALCANÇOU";"ALCANÇOU"
"RS";"431262";"Muliterno";"ALCANÇOU";"NÃO ALCANÇOU";;"NÃO ALCANÇOU";"ALCANÇOU";"NÃO ALCANÇOU";"ALCANÇOU";"ALCANÇOU"
"RS";"431260";"Muçum";"NÃO ALCANÇOU";"ALCANÇOU";;"NÃO ALCANÇOU";"ALCANÇOU";"NÃO ALCANÇOU";"ALCANÇOU";"ALCANÇOU"
"RS";"431267";"Nicolau Vergueiro";"ALCANÇOU";"ALCANÇOU";;"NÃO ALCANÇOU";"NÃO ALCANÇOU";"NÃO ALCANÇOU";"ALCANÇOU";"NÃO ALCANÇOU"
"RS";"431270";"Nonoai";"ALCANÇOU";"ALCANÇOU";;"NÃO ALCANÇOU";"ALCANÇOU";"NÃO ALCANÇOU";"ALCANÇOU";"ALCANÇOU"
"RS";"431275";"Nova Alvorada";"ALCANÇOU";"ALCANÇOU";;"NÃO ALCANÇOU";"ALCANÇOU";"NÃO ALCANÇOU";"ALCANÇOU";"ALCANÇOU"
"RS";"431280";"Nova Araçá";"ALCANÇOU";"NÃO ALCANÇOU";;"ALCANÇOU";"ALCANÇOU";"NÃO ALCANÇOU";"ALCANÇOU";"ALCANÇOU"
"RS";"431290";"Nova Bassano";"ALCANÇOU";"ALCANÇOU";;"ALCANÇOU";"NÃO ALCANÇOU";"NÃO ALCANÇOU";"ALCANÇOU";"ALCANÇOU"
"RS";"431295";"Nova Boa Vista";"ALCANÇOU";"ALCANÇOU";;"ALCANÇOU";"ALCANÇOU";"NÃO ALCANÇOU";"ALCANÇOU";"ALCANÇOU"
"RS";"431300";"Nova Bréscia";"ALCANÇOU";"ALCANÇOU";;"NÃO ALCANÇOU";"ALCANÇOU";"NÃO ALCANÇOU";"ALCANÇOU";"ALCANÇOU"
"RS";"431301";"Nova Candelária";"NÃO ALCANÇOU";"ALCANÇOU";;"ALCANÇOU";"ALCANÇOU";"NÃO ALCANÇOU";"ALCANÇOU";"ALCANÇOU"
"RS";"431303";"Nova Esperança do Sul";"NÃO ALCANÇOU";"ALCANÇOU";;"ALCANÇOU";"NÃO ALCANÇOU";"NÃO ALCANÇOU";"ALCANÇOU";"ALCANÇOU"
"RS";"431306";"Nova Hartz";"ALCANÇOU";"ALCANÇOU";;"NÃO ALCANÇOU";"NÃO ALCANÇOU";"NÃO ALCANÇOU";"NÃO ALCANÇOU";"ALCANÇOU"
"RS";"431310";"Nova Palma";"ALCANÇOU";"ALCANÇOU";;"ALCANÇOU";"ALCANÇOU";"NÃO ALCANÇOU";"ALCANÇOU";"ALCANÇOU"
"RS";"431320";"Nova Petrópolis";"ALCANÇOU";"ALCANÇOU";;"NÃO ALCANÇOU";"ALCANÇOU";"NÃO ALCANÇOU";"ALCANÇOU";"ALCANÇOU"
"RS";"431330";"Nova Prata";"ALCANÇOU";"ALCANÇOU";;"NÃO ALCANÇOU";"NÃO ALCANÇOU";"NÃO ALCANÇOU";"ALCANÇOU";"ALCANÇOU"
"RS";"431308";"Nova Pádua";"NÃO ALCANÇOU";"ALCANÇOU";;"NÃO ALCANÇOU";"NÃO ALCANÇOU";"NÃO ALCANÇOU";"ALCANÇOU";"NÃO ALCANÇOU"
"RS";"431333";"Nova Ramada";"NÃO ALCANÇOU";"ALCANÇOU";;"NÃO ALCANÇOU";"ALCANÇOU";"NÃO ALCANÇOU";"ALCANÇOU";"ALCANÇOU"
"RS";"431335";"Nova Roma do Sul";"ALCANÇOU";"ALCANÇOU";;"NÃO ALCANÇOU";"NÃO ALCANÇOU";"NÃO ALCANÇOU";"ALCANÇOU";"ALCANÇOU"
"RS";"431337";"Nova Santa Rita";"ALCANÇOU";"ALCANÇOU";;"NÃO ALCANÇOU";"NÃO ALCANÇOU";"ALCANÇOU";"NÃO ALCANÇOU";"ALCANÇOU"
"RS";"431349";"Novo Barreiro";"ALCANÇOU";"ALCANÇOU";;"NÃO ALCANÇOU";"NÃO ALCANÇOU";"NÃO ALCANÇOU";"NÃO ALCANÇOU";"ALCANÇOU"
"RS";"431339";"Novo Cabrais";"ALCANÇOU";"ALCANÇOU";;"NÃO ALCANÇOU";"NÃO ALCANÇOU";"NÃO ALCANÇOU";"ALCANÇOU";"ALCANÇOU"
"RS";"431340";"Novo Hamburgo";"ALCANÇOU";"ALCANÇOU";;"NÃO ALCANÇOU";"ALCANÇOU";"ALCANÇOU";"ALCANÇOU";"ALCANÇOU"
"RS";"431342";"Novo Machado";"ALCANÇOU";"NÃO ALCANÇOU";;"ALCANÇOU";"NÃO ALCANÇOU";"NÃO ALCANÇOU";"ALCANÇOU";"ALCANÇOU"
"RS";"431344";"Novo Tiradentes";"ALCANÇOU";"ALCANÇOU";;"NÃO ALCANÇOU";"ALCANÇOU";"NÃO ALCANÇOU";"ALCANÇOU";"ALCANÇOU"
"RS";"431346";"Novo Xingu";"NÃO ALCANÇOU";"NÃO ALCANÇOU";;"NÃO ALCANÇOU";"NÃO ALCANÇOU";"NÃO ALCANÇOU";"ALCANÇOU";"ALCANÇOU"
"RS";"431265";"Não-Me-Toque";"ALCANÇOU";"ALCANÇOU";;"NÃO ALCANÇOU";"NÃO ALCANÇOU";"NÃO ALCANÇOU";"NÃO ALCANÇOU";"ALCANÇOU"
"RS";"431350";"Osório";"ALCANÇOU";"ALCANÇOU";;"NÃO ALCANÇOU";"ALCANÇOU";"ALCANÇOU";"NÃO ALCANÇOU";"ALCANÇOU"
"RS";"431360";"Paim Filho";"ALCANÇOU";"NÃO ALCANÇOU";;"NÃO ALCANÇOU";"ALCANÇOU";"NÃO ALCANÇOU";"ALCANÇOU";"ALCANÇOU"
"RS";"431365";"Palmares do Sul";"NÃO ALCANÇOU";"ALCANÇOU";;"NÃO ALCANÇOU";"ALCANÇOU";"NÃO ALCANÇOU";"NÃO ALCANÇOU";"ALCANÇOU"
"RS";"431370";"Palmeira das Missões";"ALCANÇOU";"ALCANÇOU";;"NÃO ALCANÇOU";"NÃO ALCANÇOU";"NÃO ALCANÇOU";"ALCANÇOU";"ALCANÇOU"
"RS";"431380";"Palmitinho";"ALCANÇOU";"ALCANÇOU";;"ALCANÇOU";"ALCANÇOU";"NÃO ALCANÇOU";"ALCANÇOU";"ALCANÇOU"
"RS";"431390";"Panambi";"NÃO ALCANÇOU";"ALCANÇOU";;"ALCANÇOU";"ALCANÇOU";"ALCANÇOU";"NÃO ALCANÇOU";"ALCANÇOU"
"RS";"431395";"Pantano Grande";"ALCANÇOU";"ALCANÇOU";;"NÃO ALCANÇOU";"ALCANÇOU";"NÃO ALCANÇOU";"ALCANÇOU";"ALCANÇOU"
"RS";"431400";"Paraí";"ALCANÇOU";"ALCANÇOU";;"NÃO ALCANÇOU";"ALCANÇOU";"NÃO ALCANÇOU";"NÃO ALCANÇOU";"ALCANÇOU"
"RS";"431402";"Paraíso do Sul";"NÃO ALCANÇOU";"NÃO ALCANÇOU";;"NÃO ALCANÇOU";"ALCANÇOU";"NÃO ALCANÇOU";"NÃO ALCANÇOU";"ALCANÇOU"
"RS";"431403";"Pareci Novo";"ALCANÇOU";"ALCANÇOU";;"ALCANÇOU";"NÃO ALCANÇOU";"NÃO ALCANÇOU";"ALCANÇOU";"ALCANÇOU"
"RS";"431405";"Parobé";"ALCANÇOU";"ALCANÇOU";;"NÃO ALCANÇOU";"NÃO ALCANÇOU";"ALCANÇOU";"ALCANÇOU";"ALCANÇOU"
"RS";"431406";"Passa Sete";"ALCANÇOU";"ALCANÇOU";;"NÃO ALCANÇOU";"NÃO ALCANÇOU";"NÃO ALCANÇOU";"ALCANÇOU";"ALCANÇOU"
"RS";"431410";"Passo Fundo";"ALCANÇOU";"ALCANÇOU";;"NÃO ALCANÇOU";"ALCANÇOU";"ALCANÇOU";"NÃO ALCANÇOU";"ALCANÇOU"
"RS";"431407";"Passo do Sobrado";"ALCANÇOU";"ALCANÇOU";;"ALCANÇOU";"ALCANÇOU";"ALCANÇOU";"ALCANÇOU";"ALCANÇOU"
"RS";"431413";"Paulo Bento";"ALCANÇOU";"NÃO ALCANÇOU";;"NÃO ALCANÇOU";"ALCANÇOU";"NÃO ALCANÇOU";"ALCANÇOU";"NÃO ALCANÇOU"
"RS";"431415";"Paverama";"ALCANÇOU";"ALCANÇOU";;"NÃO ALCANÇOU";"NÃO ALCANÇOU";"NÃO ALCANÇOU";"ALCANÇOU";"ALCANÇOU"
"RS";"431417";"Pedras Altas";"ALCANÇOU";"ALCANÇOU";;"ALCANÇOU";"ALCANÇOU";"NÃO ALCANÇOU";"ALCANÇOU";"NÃO ALCANÇOU"
"RS";"431420";"Pedro Osório";"ALCANÇOU";"ALCANÇOU";;"NÃO ALCANÇOU";"ALCANÇOU";"NÃO ALCANÇOU";"NÃO ALCANÇOU";"ALCANÇOU"
"RS";"431430";"Pejuçara";"NÃO ALCANÇOU";"ALCANÇOU";;"NÃO ALCANÇOU";"ALCANÇOU";"NÃO ALCANÇOU";"ALCANÇOU";"ALCANÇOU"
"RS";"431440";"Pelotas";"ALCANÇOU";"ALCANÇOU";;"NÃO ALCANÇOU";"ALCANÇOU";"NÃO ALCANÇOU";"NÃO ALCANÇOU";"ALCANÇOU"
"RS";"431442";"Picada Café";"ALCANÇOU";"ALCANÇOU";;"NÃO ALCANÇOU";"NÃO ALCANÇOU";"ALCANÇOU";"ALCANÇOU";"ALCANÇOU"
"RS";"431445";"Pinhal";"ALCANÇOU";"ALCANÇOU";;"NÃO ALCANÇOU";"NÃO ALCANÇOU";"NÃO ALCANÇOU";"ALCANÇOU";"NÃO ALCANÇOU"
"RS";"431447";"Pinhal Grande";"ALCANÇOU";"ALCANÇOU";;"NÃO ALCANÇOU";"ALCANÇOU";"NÃO ALCANÇOU";"ALCANÇOU";"ALCANÇOU"
"RS";"431446";"Pinhal da Serra";"ALCANÇOU";"ALCANÇOU";;"ALCANÇOU";"NÃO ALCANÇOU";"NÃO ALCANÇOU";"ALCANÇOU";"ALCANÇOU"
"RS";"431449";"Pinheirinho do Vale";"NÃO ALCANÇOU";"ALCANÇOU";;"NÃO ALCANÇOU";"NÃO ALCANÇOU";"NÃO ALCANÇOU";"ALCANÇOU";"ALCANÇOU"
"RS";"431450";"Pinheiro Machado";"ALCANÇOU";"ALCANÇOU";;"ALCANÇOU";"ALCANÇOU";"NÃO ALCANÇOU";"ALCANÇOU";"ALCANÇOU"
"RS";"431454";"Pinto Bandeira";"ALCANÇOU";"NÃO ALCANÇOU";;"NÃO ALCANÇOU";"NÃO ALCANÇOU";"NÃO ALCANÇOU";"ALCANÇOU";"ALCANÇOU"
"RS";"431455";"Pirapó";"ALCANÇOU";"ALCANÇOU";;"ALCANÇOU";"ALCANÇOU";"NÃO ALCANÇOU";"ALCANÇOU";"NÃO ALCANÇOU"
"RS";"431460";"Piratini";"ALCANÇOU";"ALCANÇOU";;"NÃO ALCANÇOU";"NÃO ALCANÇOU";"NÃO ALCANÇOU";"ALCANÇOU";"ALCANÇOU"
"RS";"431470";"Planalto";"ALCANÇOU";"ALCANÇOU";;"NÃO ALCANÇOU";"NÃO ALCANÇOU";"NÃO ALCANÇOU";"NÃO ALCANÇOU";"ALCANÇOU"
"RS";"431478";"Ponte Preta";"NÃO ALCANÇOU";"ALCANÇOU";;"ALCANÇOU";"ALCANÇOU";"NÃO ALCANÇOU";"ALCANÇOU";"ALCANÇOU"
"RS";"431477";"Pontão";"ALCANÇOU";"ALCANÇOU";;"NÃO ALCANÇOU";"ALCANÇOU";"NÃO ALCANÇOU";"ALCANÇOU";"ALCANÇOU"
"RS";"431490";"Porto Alegre";"ALCANÇOU";"ALCANÇOU";;"NÃO ALCANÇOU";"ALCANÇOU";"ALCANÇOU";"ALCANÇOU";"ALCANÇOU"
"RS";"431500";"Porto Lucena";"NÃO ALCANÇOU";"ALCANÇOU";;"ALCANÇOU";"NÃO ALCANÇOU";"NÃO ALCANÇOU";"NÃO ALCANÇOU";"ALCANÇOU"
"RS";"431505";"Porto Mauá";"NÃO ALCANÇOU";"ALCANÇOU";;"NÃO ALCANÇOU";"ALCANÇOU";"ALCANÇOU";"ALCANÇOU";"ALCANÇOU"
"RS";"431507";"Porto Vera Cruz";"ALCANÇOU";"NÃO ALCANÇOU";;"NÃO ALCANÇOU";"ALCANÇOU";"ALCANÇOU";"ALCANÇOU";"ALCANÇOU"
"RS";"431510";"Porto Xavier";"NÃO ALCANÇOU";"ALCANÇOU";;"NÃO ALCANÇOU";"NÃO ALCANÇOU";"NÃO ALCANÇOU";"ALCANÇOU";"ALCANÇOU"
"RS";"431480";"Portão";"ALCANÇOU";"NÃO ALCANÇOU";;"NÃO ALCANÇOU";"ALCANÇOU";"NÃO ALCANÇOU";"ALCANÇOU";"ALCANÇOU"
"RS";"431513";"Pouso Novo";"ALCANÇOU";"ALCANÇOU";;"NÃO ALCANÇOU";"NÃO ALCANÇOU";"NÃO ALCANÇOU";"ALCANÇOU";"ALCANÇOU"
"RS";"431475";"Poço das Antas";"ALCANÇOU";"ALCANÇOU";;"NÃO ALCANÇOU";"ALCANÇOU";"NÃO ALCANÇOU";"ALCANÇOU";"ALCANÇOU"
"RS";"431514";"Presidente Lucena";"NÃO ALCANÇOU";"ALCANÇOU";;"ALCANÇOU";"ALCANÇOU";"ALCANÇOU";"ALCANÇOU";"ALCANÇOU"
"RS";"431515";"Progresso";"NÃO ALCANÇOU";"ALCANÇOU";;"NÃO ALCANÇOU";"ALCANÇOU";"NÃO ALCANÇOU";"ALCANÇOU";"ALCANÇOU"
"RS";"431517";"Protásio Alves";"NÃO ALCANÇOU";"ALCANÇOU";;"ALCANÇOU";"ALCANÇOU";"NÃO ALCANÇOU";"ALCANÇOU";"ALCANÇOU"
"RS";"431520";"Putinga";"ALCANÇOU";"NÃO ALCANÇOU";;"NÃO ALCANÇOU";"NÃO ALCANÇOU";"ALCANÇOU";"NÃO ALCANÇOU";"ALCANÇOU"
"RS";"431530";"Quaraí";"ALCANÇOU";"ALCANÇOU";;"ALCANÇOU";"ALCANÇOU";"ALCANÇOU";"NÃO ALCANÇOU";"ALCANÇOU"
"RS";"431531";"Quatro Irmãos";"ALCANÇOU";"ALCANÇOU";;"ALCANÇOU";"ALCANÇOU";"NÃO ALCANÇOU";"ALCANÇOU";"NÃO ALCANÇOU"
"RS";"431532";"Quevedos";"NÃO ALCANÇOU";"ALCANÇOU";;"NÃO ALCANÇOU";"ALCANÇOU";"NÃO ALCANÇOU";"ALCANÇOU";"ALCANÇOU"
"RS";"431535";"Quinze de Novembro";"NÃO ALCANÇOU";"ALCANÇOU";;"ALCANÇOU";"NÃO ALCANÇOU";"NÃO ALCANÇOU";"ALCANÇOU";"ALCANÇOU"
"RS";"431540";"Redentora";"NÃO ALCANÇOU";"ALCANÇOU";;"NÃO ALCANÇOU";"NÃO ALCANÇOU";"NÃO ALCANÇOU";"ALCANÇOU";"ALCANÇOU"
"RS";"431545";"Relvado";"ALCANÇOU";"ALCANÇOU";;"ALCANÇOU";"NÃO ALCANÇOU";"NÃO ALCANÇOU";"ALCANÇOU";"ALCANÇOU"
"RS";"431550";"Restinga Seca";"NÃO ALCANÇOU";"NÃO ALCANÇOU";;;"NÃO ALCANÇOU";"NÃO ALCANÇOU";"ALCANÇOU";
"RS";"431550";"Restinga Sêca";;;;"NÃO ALCANÇOU";;;;"ALCANÇOU"
"RS";"431560";"Rio Grande";"ALCANÇOU";"ALCANÇOU";;"NÃO ALCANÇOU";"ALCANÇOU";"ALCANÇOU";"ALCANÇOU";"ALCANÇOU"
"RS";"431570";"Rio Pardo";"ALCANÇOU";"ALCANÇOU";;"NÃO ALCANÇOU";"NÃO ALCANÇOU";"NÃO ALCANÇOU";"ALCANÇOU";"ALCANÇOU"
"RS";"431555";"Rio dos Índios";"NÃO ALCANÇOU";"ALCANÇOU";;"ALCANÇOU";"ALCANÇOU";"NÃO ALCANÇOU";"ALCANÇOU";"ALCANÇOU"
"RS";"431575";"Riozinho";"ALCANÇOU";"NÃO ALCANÇOU";;"NÃO ALCANÇOU";"NÃO ALCANÇOU";"NÃO ALCANÇOU";"ALCANÇOU";"ALCANÇOU"
"RS";"431580";"Roca Sales";"NÃO ALCANÇOU";"ALCANÇOU";;"ALCANÇOU";"ALCANÇOU";"ALCANÇOU";"NÃO ALCANÇOU";"ALCANÇOU"
"RS";"431590";"Rodeio Bonito";"ALCANÇOU";"ALCANÇOU";;"ALCANÇOU";"NÃO ALCANÇOU";"NÃO ALCANÇOU";"ALCANÇOU";"NÃO ALCANÇOU"
"RS";"431595";"Rolador";"ALCANÇOU";"ALCANÇOU";;"ALCANÇOU";"ALCANÇOU";"NÃO ALCANÇOU";"ALCANÇOU";"ALCANÇOU"
"RS";"431600";"Rolante";"ALCANÇOU";"ALCANÇOU";;"NÃO ALCANÇOU";"NÃO ALCANÇOU";"ALCANÇOU";"ALCANÇOU";"ALCANÇOU"
"RS";"431610";"Ronda Alta";"ALCANÇOU";"NÃO ALCANÇOU";;"NÃO ALCANÇOU";"NÃO ALCANÇOU";"NÃO ALCANÇOU";"NÃO ALCANÇOU";"ALCANÇOU"
"RS";"431620";"Rondinha";"ALCANÇOU";"NÃO ALCANÇOU";;"NÃO ALCANÇOU";"NÃO ALCANÇOU";"NÃO ALCANÇOU";"ALCANÇOU";"ALCANÇOU"
"RS";"431630";"Roque Gonzales";"NÃO ALCANÇOU";"ALCANÇOU";;"NÃO ALCANÇOU";"NÃO ALCANÇOU";"NÃO ALCANÇOU";"ALCANÇOU";"ALCANÇOU"
"RS";"431640";"Rosário do Sul";"ALCANÇOU";"NÃO ALCANÇOU";;"NÃO ALCANÇOU";"NÃO ALCANÇOU";"NÃO ALCANÇOU";"NÃO ALCANÇOU";"ALCANÇOU"
"RS";"431642";"Sagrada Família";"ALCANÇOU";"ALCANÇOU";;"ALCANÇOU";"NÃO ALCANÇOU";"NÃO ALCANÇOU";"ALCANÇOU";"ALCANÇOU"
"RS";"431643";"Saldanha Marinho";"ALCANÇOU";"ALCANÇOU";;"ALCANÇOU";"ALCANÇOU";"NÃO ALCANÇOU";"ALCANÇOU";"ALCANÇOU"
"RS";"431645";"Salto do Jacuí";"NÃO ALCANÇOU";"ALCANÇOU";;"ALCANÇOU";"ALCANÇOU";"NÃO ALCANÇOU";"ALCANÇOU";"ALCANÇOU"
"RS";"431647";"Salvador das Missões";"ALCANÇOU";"NÃO ALCANÇOU";;"ALCANÇOU";"NÃO ALCANÇOU";"NÃO ALCANÇOU";"ALCANÇOU";"ALCANÇOU"
"RS";"431650";"Salvador do Sul";"ALCANÇOU";"ALCANÇOU";;"NÃO ALCANÇOU";"NÃO ALCANÇOU";"ALCANÇOU";"ALCANÇOU";"ALCANÇOU"
"RS";"431660";"Sananduva";"ALCANÇOU";"NÃO ALCANÇOU";;"NÃO ALCANÇOU";"NÃO ALCANÇOU";"ALCANÇOU";"NÃO ALCANÇOU";"ALCANÇOU"
"RS";"431710";"Sant'Ana do Livramento";"ALCANÇOU";"ALCANÇOU";;"NÃO ALCANÇOU";"ALCANÇOU";"ALCANÇOU";"NÃO ALCANÇOU";
"RS";"431710";"SantAna do Livramento";;;;;;;;"ALCANÇOU"
"RS";"431670";"Santa Bárbara do Sul";"ALCANÇOU";"ALCANÇOU";;"ALCANÇOU";"NÃO ALCANÇOU";"NÃO ALCANÇOU";"ALCANÇOU";"ALCANÇOU"
"RS";"431673";"Santa Cecília do Sul";"ALCANÇOU";"ALCANÇOU";;"ALCANÇOU";"NÃO ALCANÇOU";"NÃO ALCANÇOU";"ALCANÇOU";"ALCANÇOU"
"RS";"431675";"Santa Clara do Sul";"ALCANÇOU";"ALCANÇOU";;"ALCANÇOU";"ALCANÇOU";"NÃO ALCANÇOU";"ALCANÇOU";"ALCANÇOU"
"RS";"431680";"Santa Cruz do Sul";"ALCANÇOU";"ALCANÇOU";;"NÃO ALCANÇOU";"ALCANÇOU";"ALCANÇOU";"NÃO ALCANÇOU";"ALCANÇOU"
"RS";"431697";"Santa Margarida do Sul";"ALCANÇOU";"ALCANÇOU";;"NÃO ALCANÇOU";"ALCANÇOU";"NÃO ALCANÇOU";"ALCANÇOU";"ALCANÇOU"
"RS";"431690";"Santa Maria";"ALCANÇOU";"ALCANÇOU";;"NÃO ALCANÇOU";"ALCANÇOU";"ALCANÇOU";"NÃO ALCANÇOU";"ALCANÇOU"
"RS";"431695";"Santa Maria do Herval";"ALCANÇOU";"NÃO ALCANÇOU";;"NÃO ALCANÇOU";"NÃO ALCANÇOU";"NÃO ALCANÇOU";"ALCANÇOU";"ALCANÇOU"
"RS";"431720";"Santa Rosa";"ALCANÇOU";"ALCANÇOU";;"NÃO ALCANÇOU";"NÃO ALCANÇOU";"ALCANÇOU";"NÃO ALCANÇOU";"ALCANÇOU"
"RS";"431725";"Santa Tereza";"ALCANÇOU";"NÃO ALCANÇOU";;"NÃO ALCANÇOU";"ALCANÇOU";"NÃO ALCANÇOU";"ALCANÇOU";"ALCANÇOU"
"RS";"431730";"Santa Vitória do Palmar";"ALCANÇOU";"ALCANÇOU";;"NÃO ALCANÇOU";"ALCANÇOU";"NÃO ALCANÇOU";"NÃO ALCANÇOU";"ALCANÇOU"
"RS";"431700";"Santana da Boa Vista";"NÃO ALCANÇOU";"ALCANÇOU";;"NÃO ALCANÇOU";"ALCANÇOU";"NÃO ALCANÇOU";"ALCANÇOU";"ALCANÇOU"
"RS";"431740";"Santiago";"ALCANÇOU";"ALCANÇOU";;"NÃO ALCANÇOU";"ALCANÇOU";"NÃO ALCANÇOU";"NÃO ALCANÇOU";"ALCANÇOU"
"RS";"431760";"Santo Antônio da Patrulha";"ALCANÇOU";"ALCANÇOU";;"ALCANÇOU";"NÃO ALCANÇOU";"ALCANÇOU";"ALCANÇOU";"ALCANÇOU"
"RS";"431770";"Santo Antônio das Missões";"NÃO ALCANÇOU";"ALCANÇOU";;"NÃO ALCANÇOU";"NÃO ALCANÇOU";"NÃO ALCANÇOU";"NÃO ALCANÇOU";"ALCANÇOU"
"RS";"431755";"Santo Antônio do Palma";"ALCANÇOU";"ALCANÇOU";;"NÃO ALCANÇOU";"NÃO ALCANÇOU";"NÃO ALCANÇOU";"ALCANÇOU";"ALCANÇOU"
"RS";"431775";"Santo Antônio do Planalto";"NÃO ALCANÇOU";"ALCANÇOU";;"NÃO ALCANÇOU";"NÃO ALCANÇOU";"NÃO ALCANÇOU";"ALCANÇOU";"NÃO ALCANÇOU"
"RS";"431780";"Santo Augusto";"NÃO ALCANÇOU";"ALCANÇOU";;"NÃO ALCANÇOU";"NÃO ALCANÇOU";"NÃO ALCANÇOU";"ALCANÇOU";"ALCANÇOU"
"RS";"431790";"Santo Cristo";"NÃO ALCANÇOU";"ALCANÇOU";;"ALCANÇOU";"NÃO ALCANÇOU";"ALCANÇOU";"NÃO ALCANÇOU";"ALCANÇOU"
"RS";"431795";"Santo Expedito do Sul";"ALCANÇOU";"ALCANÇOU";;"NÃO ALCANÇOU";"NÃO ALCANÇOU";"NÃO ALCANÇOU";"ALCANÇOU";"NÃO ALCANÇOU"
"RS";"431750";"Santo Ângelo";"NÃO ALCANÇOU";"NÃO ALCANÇOU";;"NÃO ALCANÇOU";"NÃO ALCANÇOU";"ALCANÇOU";"NÃO ALCANÇOU";"ALCANÇOU"
"RS";"431990";"Sapiranga";"ALCANÇOU";"ALCANÇOU";;"NÃO ALCANÇOU";"NÃO ALCANÇOU";"NÃO ALCANÇOU";"ALCANÇOU";"ALCANÇOU"
"RS";"432000";"Sapucaia do Sul";"ALCANÇOU";"ALCANÇOU";;"NÃO ALCANÇOU";"NÃO ALCANÇOU";"ALCANÇOU";"ALCANÇOU";"ALCANÇOU"
"RS";"432010";"Sarandi";"ALCANÇOU";"ALCANÇOU";;"NÃO ALCANÇOU";"NÃO ALCANÇOU";"ALCANÇOU";"ALCANÇOU";"ALCANÇOU"
"RS";"432020";"Seberi";"ALCANÇOU";"ALCANÇOU";;"ALCANÇOU";"NÃO ALCANÇOU";"NÃO ALCANÇOU";"ALCANÇOU";"ALCANÇOU"
"RS";"432023";"Sede Nova";"ALCANÇOU";"NÃO ALCANÇOU";;"NÃO ALCANÇOU";"NÃO ALCANÇOU";"NÃO ALCANÇOU";"ALCANÇOU";"ALCANÇOU"
"RS";"432026";"Segredo";"ALCANÇOU";"ALCANÇOU";;"NÃO ALCANÇOU";"NÃO ALCANÇOU";"NÃO ALCANÇOU";"ALCANÇOU";"ALCANÇOU"
"RS";"432030";"Selbach";"ALCANÇOU";"ALCANÇOU";;"ALCANÇOU";"NÃO ALCANÇOU";"NÃO ALCANÇOU";"ALCANÇOU";"ALCANÇOU"
"RS";"432032";"Senador Salgado Filho";"NÃO ALCANÇOU";"ALCANÇOU";;"NÃO ALCANÇOU";"ALCANÇOU";"NÃO ALCANÇOU";"ALCANÇOU";"ALCANÇOU"
"RS";"432035";"Sentinela do Sul";"NÃO ALCANÇOU";"ALCANÇOU";;"NÃO ALCANÇOU";"NÃO ALCANÇOU";"NÃO ALCANÇOU";"ALCANÇOU";"ALCANÇOU"
"RS";"432040";"Serafina Corrêa";"ALCANÇOU";"ALCANÇOU";;"NÃO ALCANÇOU";"NÃO ALCANÇOU";"ALCANÇOU";"NÃO ALCANÇOU";"ALCANÇOU"
"RS";"432050";"Sertão";"ALCANÇOU";"ALCANÇOU";;"NÃO ALCANÇOU";"NÃO ALCANÇOU";"NÃO ALCANÇOU";"ALCANÇOU";"ALCANÇOU"
"RS";"432055";"Sertão Santana";"NÃO ALCANÇOU";"NÃO ALCANÇOU";;"NÃO ALCANÇOU";"NÃO ALCANÇOU";"NÃO ALCANÇOU";"NÃO ALCANÇOU";"ALCANÇOU"
"RS";"432057";"Sete de Setembro";"NÃO ALCANÇOU";"ALCANÇOU";;"NÃO ALCANÇOU";"NÃO ALCANÇOU";"NÃO ALCANÇOU";"NÃO ALCANÇOU";"ALCANÇOU"
"RS";"432060";"Severiano de Almeida";"NÃO ALCANÇOU";"ALCANÇOU";;"ALCANÇOU";"ALCANÇOU";"NÃO ALCANÇOU";"ALCANÇOU";"ALCANÇOU"
"RS";"432065";"Silveira Martins";"NÃO ALCANÇOU";"ALCANÇOU";;"NÃO ALCANÇOU";"NÃO ALCANÇOU";"NÃO ALCANÇOU";"ALCANÇOU";"ALCANÇOU"
"RS";"432067";"Sinimbu";"ALCANÇOU";"NÃO ALCANÇOU";;"NÃO ALCANÇOU";"ALCANÇOU";"NÃO ALCANÇOU";"ALCANÇOU";"ALCANÇOU"
"RS";"432070";"Sobradinho";"ALCANÇOU";"ALCANÇOU";;"NÃO ALCANÇOU";"ALCANÇOU";"NÃO ALCANÇOU";"ALCANÇOU";"ALCANÇOU"
"RS";"432080";"Soledade";"ALCANÇOU";"ALCANÇOU";;"ALCANÇOU";"ALCANÇOU";"ALCANÇOU";"NÃO ALCANÇOU";"ALCANÇOU"
"RS";"431800";"São Borja";"ALCANÇOU";"ALCANÇOU";;"NÃO ALCANÇOU";"NÃO ALCANÇOU";"NÃO ALCANÇOU";"NÃO ALCANÇOU";"ALCANÇOU"
"RS";"431805";"São Domingos do Sul";"NÃO ALCANÇOU";"ALCANÇOU";;"NÃO ALCANÇOU";"ALCANÇOU";"NÃO ALCANÇOU";"ALCANÇOU";"ALCANÇOU"
"RS";"431810";"São Francisco de Assis";"ALCANÇOU";"ALCANÇOU";;"NÃO ALCANÇOU";"ALCANÇOU";"NÃO ALCANÇOU";"ALCANÇOU";"ALCANÇOU"
"RS";"431820";"São Francisco de Paula";"ALCANÇOU";"ALCANÇOU";;"NÃO ALCANÇOU";"NÃO ALCANÇOU";"ALCANÇOU";"ALCANÇOU";"ALCANÇOU"
"RS";"431830";"São Gabriel";"ALCANÇOU";"ALCANÇOU";;"NÃO ALCANÇOU";"NÃO ALCANÇOU";"ALCANÇOU";"NÃO ALCANÇOU";"ALCANÇOU"
"RS";"431840";"São Jerônimo";"ALCANÇOU";"ALCANÇOU";;"NÃO ALCANÇOU";"NÃO ALCANÇOU";"NÃO ALCANÇOU";"NÃO ALCANÇOU";"ALCANÇOU"
"RS";"431844";"São Jorge";"ALCANÇOU";"NÃO ALCANÇOU";;"NÃO ALCANÇOU";"NÃO ALCANÇOU";"NÃO ALCANÇOU";"ALCANÇOU";"ALCANÇOU"
"RS";"431845";"São José das Missões";"ALCANÇOU";"ALCANÇOU";;"NÃO ALCANÇOU";"NÃO ALCANÇOU";"NÃO ALCANÇOU";"ALCANÇOU";"ALCANÇOU"
"RS";"431846";"São José do Herval";"ALCANÇOU";"ALCANÇOU";;"NÃO ALCANÇOU";"NÃO ALCANÇOU";"NÃO ALCANÇOU";"ALCANÇOU";"ALCANÇOU"
"RS";"431848";"São José do Hortêncio";"ALCANÇOU";"ALCANÇOU";;"ALCANÇOU";"ALCANÇOU";"NÃO ALCANÇOU";"ALCANÇOU";"ALCANÇOU"
"RS";"431849";"São José do Inhacorá";"NÃO ALCANÇOU";"ALCANÇOU";;"NÃO ALCANÇOU";"ALCANÇOU";"NÃO ALCANÇOU";"ALCANÇOU";"ALCANÇOU"
"RS";"431850";"São José do Norte";"ALCANÇOU";"NÃO ALCANÇOU";;"NÃO ALCANÇOU";"ALCANÇOU";"ALCANÇOU";"ALCANÇOU";"ALCANÇOU"
"RS";"431860";"São José do Ouro";"NÃO ALCANÇOU";"NÃO ALCANÇOU";;"NÃO ALCANÇOU";"NÃO ALCANÇOU";"NÃO ALCANÇOU";"ALCANÇOU";"ALCANÇOU"
"RS";"431861";"São José do Sul";"ALCANÇOU";"ALCANÇOU";;"ALCANÇOU";"NÃO ALCANÇOU";"ALCANÇOU";"ALCANÇOU";"ALCANÇOU"
"RS";"431862";"São José dos Ausentes";"ALCANÇOU";"NÃO ALCANÇOU";;"NÃO ALCANÇOU";"NÃO ALCANÇOU";"NÃO ALCANÇOU";"ALCANÇOU";"ALCANÇOU"
"RS";"431842";"São João da Urtiga";"ALCANÇOU";"NÃO ALCANÇOU";;"NÃO ALCANÇOU";"ALCANÇOU";"NÃO ALCANÇOU";"ALCANÇOU";"ALCANÇOU"
"RS";"431843";"São João do Polêsine";"ALCANÇOU";"ALCANÇOU";;"ALCANÇOU";"NÃO ALCANÇOU";"NÃO ALCANÇOU";"ALCANÇOU";"ALCANÇOU"
"RS";"431870";"São Leopoldo";"ALCANÇOU";"ALCANÇOU";;"NÃO ALCANÇOU";"ALCANÇOU";"ALCANÇOU";"NÃO ALCANÇOU";"ALCANÇOU"
"RS";"431880";"São Lourenço do Sul";"NÃO ALCANÇOU";"ALCANÇOU";;"ALCANÇOU";"NÃO ALCANÇOU";"NÃO ALCANÇOU";"NÃO ALCANÇOU";"ALCANÇOU"
"RS";"431890";"São Luiz Gonzaga";"ALCANÇOU";"ALCANÇOU";;"NÃO ALCANÇOU";"ALCANÇOU";"ALCANÇOU";"NÃO ALCANÇOU";"ALCANÇOU"
"RS";"431900";"São Marcos";"NÃO ALCANÇOU";"ALCANÇOU";;"NÃO ALCANÇOU";"ALCANÇOU";"ALCANÇOU";"ALCANÇOU";"ALCANÇOU"
"RS";"431910";"São Martinho";"NÃO ALCANÇOU";"ALCANÇOU";;"ALCANÇOU";"ALCANÇOU";"NÃO ALCANÇOU";"ALCANÇOU";"ALCANÇOU"
"RS";"431912";"São Martinho da Serra";"ALCANÇOU";"ALCANÇOU";;"NÃO ALCANÇOU";"NÃO ALCANÇOU";"NÃO ALCANÇOU";"ALCANÇOU";"ALCANÇOU"
"RS";"431915";"São Miguel das Missões";"NÃO ALCANÇOU";"ALCANÇOU";;"ALCANÇOU";"NÃO ALCANÇOU";"ALCANÇOU";"ALCANÇOU";"ALCANÇOU"
"RS";"431920";"São Nicolau";"NÃO ALCANÇOU";"NÃO ALCANÇOU";;"NÃO ALCANÇOU";"NÃO ALCANÇOU";"NÃO ALCANÇOU";"ALCANÇOU";"NÃO ALCANÇOU"
"RS";"431930";"São Paulo das Missões";"NÃO ALCANÇOU";"ALCANÇOU";;"NÃO ALCANÇOU";"ALCANÇOU";"NÃO ALCANÇOU";"ALCANÇOU";"ALCANÇOU"
"RS";"431935";"São Pedro da Serra";"ALCANÇOU";"ALCANÇOU";;"NÃO ALCANÇOU";"NÃO ALCANÇOU";"NÃO ALCANÇOU";"NÃO ALCANÇOU";"ALCANÇOU"
"RS";"431936";"São Pedro das Missões";"ALCANÇOU";"NÃO ALCANÇOU";;"NÃO ALCANÇOU";"ALCANÇOU";"NÃO ALCANÇOU";"ALCANÇOU";"NÃO ALCANÇOU"
"RS";"431937";"São Pedro do Butiá";"ALCANÇOU";"ALCANÇOU";;"ALCANÇOU";"ALCANÇOU";"NÃO ALCANÇOU";"ALCANÇOU";"ALCANÇOU"
"RS";"431940";"São Pedro do Sul";"ALCANÇOU";"ALCANÇOU";;"NÃO ALCANÇOU";"ALCANÇOU";"NÃO ALCANÇOU";"ALCANÇOU";"ALCANÇOU"
"RS";"431950";"São Sebastião do Caí";"NÃO ALCANÇOU";"ALCANÇOU";;"NÃO ALCANÇOU";"NÃO ALCANÇOU";"ALCANÇOU";"NÃO ALCANÇOU";"ALCANÇOU"
"RS";"431960";"São Sepé";"ALCANÇOU";"ALCANÇOU";;"ALCANÇOU";"ALCANÇOU";"NÃO ALCANÇOU";"ALCANÇOU";"ALCANÇOU"
"RS";"431970";"São Valentim";"NÃO ALCANÇOU";"NÃO ALCANÇOU";;"NÃO ALCANÇOU";"ALCANÇOU";"NÃO ALCANÇOU";"ALCANÇOU";"ALCANÇOU"
"RS";"431971";"São Valentim do Sul";"ALCANÇOU";"NÃO ALCANÇOU";;"ALCANÇOU";"ALCANÇOU";"NÃO ALCANÇOU";"ALCANÇOU";"ALCANÇOU"
"RS";"431973";"São Valério do Sul";"NÃO ALCANÇOU";"ALCANÇOU";;"NÃO ALCANÇOU";"NÃO ALCANÇOU";"NÃO ALCANÇOU";"ALCANÇOU";"ALCANÇOU"
"RS";"431975";"São Vendelino";"NÃO ALCANÇOU";"ALCANÇOU";;"NÃO ALCANÇOU";"ALCANÇOU";"NÃO ALCANÇOU";"ALCANÇOU";"ALCANÇOU"
"RS";"431980";"São Vicente do Sul";"ALCANÇOU";"NÃO ALCANÇOU";;"NÃO ALCANÇOU";"ALCANÇOU";"NÃO ALCANÇOU";"ALCANÇOU";"ALCANÇOU"
"RS";"432045";"Sério";"ALCANÇOU";"NÃO ALCANÇOU";;"ALCANÇOU";"NÃO ALCANÇOU";"NÃO ALCANÇOU";"ALCANÇOU";"ALCANÇOU"
"RS";"432085";"Tabaí";"ALCANÇOU";"ALCANÇOU";;"ALCANÇOU";"NÃO ALCANÇOU";"NÃO ALCANÇOU";"ALCANÇOU";"ALCANÇOU"
"RS";"432090";"Tapejara";"ALCANÇOU";"ALCANÇOU";;"NÃO ALCANÇOU";"ALCANÇOU";"NÃO ALCANÇOU";"ALCANÇOU";"ALCANÇOU"
"RS";"432100";"Tapera";"ALCANÇOU";"ALCANÇOU";;"NÃO ALCANÇOU";"NÃO ALCANÇOU";"NÃO ALCANÇOU";"NÃO ALCANÇOU";"ALCANÇOU"
"RS";"432110";"Tapes";"ALCANÇOU";"ALCANÇOU";;"NÃO ALCANÇOU";"NÃO ALCANÇOU";"NÃO ALCANÇOU";"NÃO ALCANÇOU";"ALCANÇOU"
"RS";"432120";"Taquara";"ALCANÇOU";"ALCANÇOU";;"NÃO ALCANÇOU";"ALCANÇOU";"NÃO ALCANÇOU";"NÃO ALCANÇOU";"ALCANÇOU"
"RS";"432130";"Taquari";"ALCANÇOU";"ALCANÇOU";;"NÃO ALCANÇOU";"ALCANÇOU";"ALCANÇOU";"ALCANÇOU";"ALCANÇOU"
"RS";"432132";"Taquaruçu do Sul";"ALCANÇOU";"ALCANÇOU";;"NÃO ALCANÇOU";"ALCANÇOU";"NÃO ALCANÇOU";"ALCANÇOU";"ALCANÇOU"
"RS";"432135";"Tavares";"ALCANÇOU";"ALCANÇOU";;"ALCANÇOU";"ALCANÇOU";"NÃO ALCANÇOU";"ALCANÇOU";"ALCANÇOU"
"RS";"432140";"Tenente Portela";"NÃO ALCANÇOU";"ALCANÇOU";;"NÃO ALCANÇOU";"NÃO ALCANÇOU";"NÃO ALCANÇOU";"ALCANÇOU";"ALCANÇOU"
"RS";"432143";"Terra de Areia";"ALCANÇOU";"ALCANÇOU";;"NÃO ALCANÇOU";"ALCANÇOU";"NÃO ALCANÇOU";"NÃO ALCANÇOU";"ALCANÇOU"
"RS";"432145";"Teutônia";"ALCANÇOU";"ALCANÇOU";;"NÃO ALCANÇOU";"ALCANÇOU";"ALCANÇOU";"NÃO ALCANÇOU";"ALCANÇOU"
"RS";"432146";"Tio Hugo";"ALCANÇOU";"ALCANÇOU";;"ALCANÇOU";"ALCANÇOU";"NÃO ALCANÇOU";"ALCANÇOU";"ALCANÇOU"
"RS";"432147";"Tiradentes do Sul";"NÃO ALCANÇOU";"ALCANÇOU";;"NÃO ALCANÇOU";"NÃO ALCANÇOU";"ALCANÇOU";"ALCANÇOU";"ALCANÇOU"
"RS";"432149";"Toropi";"ALCANÇOU";"NÃO ALCANÇOU";;"NÃO ALCANÇOU";"NÃO ALCANÇOU";"NÃO ALCANÇOU";"ALCANÇOU";"ALCANÇOU"
"RS";"432150";"Torres";"ALCANÇOU";"ALCANÇOU";;"NÃO ALCANÇOU";"NÃO ALCANÇOU";"ALCANÇOU";"NÃO ALCANÇOU";"ALCANÇOU"
"RS";"432160";"Tramandaí";"ALCANÇOU";"ALCANÇOU";;"NÃO ALCANÇOU";"NÃO ALCANÇOU";"ALCANÇOU";"NÃO ALCANÇOU";"ALCANÇOU"
"RS";"432162";"Travesseiro";"ALCANÇOU";"NÃO ALCANÇOU";;"NÃO ALCANÇOU";"ALCANÇOU";"NÃO ALCANÇOU";"ALCANÇOU";"ALCANÇOU"
"RS";"432195";"Trindade do Sul";"ALCANÇOU";"ALCANÇOU";;"ALCANÇOU";"ALCANÇOU";"ALCANÇOU";"ALCANÇOU";"ALCANÇOU"
"RS";"432200";"Triunfo";"ALCANÇOU";"ALCANÇOU";;"NÃO ALCANÇOU";"ALCANÇOU";"ALCANÇOU";"NÃO ALCANÇOU";"ALCANÇOU"
"RS";"432163";"Três Arroios";"ALCANÇOU";"NÃO ALCANÇOU";;"NÃO ALCANÇOU";"ALCANÇOU";"NÃO ALCANÇOU";"ALCANÇOU";"ALCANÇOU"
"RS";"432166";"Três Cachoeiras";"ALCANÇOU";"ALCANÇOU";;"ALCANÇOU";"NÃO ALCANÇOU";"NÃO ALCANÇOU";"NÃO ALCANÇOU";"ALCANÇOU"
"RS";"432170";"Três Coroas";"NÃO ALCANÇOU";"ALCANÇOU";;"ALCANÇOU";"ALCANÇOU";"NÃO ALCANÇOU";"NÃO ALCANÇOU";"ALCANÇOU"
"RS";"432183";"Três Forquilhas";"ALCANÇOU";"ALCANÇOU";;"NÃO ALCANÇOU";"ALCANÇOU";"NÃO ALCANÇOU";"ALCANÇOU";"NÃO ALCANÇOU"
"RS";"432185";"Três Palmeiras";"ALCANÇOU";"ALCANÇOU";;"ALCANÇOU";"ALCANÇOU";"NÃO ALCANÇOU";"ALCANÇOU";"ALCANÇOU"
"RS";"432190";"Três Passos";"ALCANÇOU";"ALCANÇOU";;"ALCANÇOU";"NÃO ALCANÇOU";"ALCANÇOU";"NÃO ALCANÇOU";"ALCANÇOU"
"RS";"432180";"Três de Maio";"NÃO ALCANÇOU";"ALCANÇOU";;"NÃO ALCANÇOU";"NÃO ALCANÇOU";"ALCANÇOU";"NÃO ALCANÇOU";"ALCANÇOU"
"RS";"432210";"Tucunduva";"NÃO ALCANÇOU";"ALCANÇOU";;"NÃO ALCANÇOU";"NÃO ALCANÇOU";"ALCANÇOU";"ALCANÇOU";"ALCANÇOU"
"RS";"432215";"Tunas";"ALCANÇOU";"ALCANÇOU";;"NÃO ALCANÇOU";"NÃO ALCANÇOU";"NÃO ALCANÇOU";"ALCANÇOU";"ALCANÇOU"
"RS";"432218";"Tupanci do Sul";"ALCANÇOU";"ALCANÇOU";;"ALCANÇOU";"ALCANÇOU";"NÃO ALCANÇOU";"ALCANÇOU";"NÃO ALCANÇOU"
"RS";"432220";"Tupanciretã";"NÃO ALCANÇOU";"ALCANÇOU";;"NÃO ALCANÇOU";"NÃO ALCANÇOU";"NÃO ALCANÇOU";"ALCANÇOU";"ALCANÇOU"
"RS";"432225";"Tupandi";"NÃO ALCANÇOU";"ALCANÇOU";;"NÃO ALCANÇOU";"ALCANÇOU";"NÃO ALCANÇOU";"ALCANÇOU";"ALCANÇOU"
"RS";"432230";"Tuparendi";"NÃO ALCANÇOU";"ALCANÇOU";;"NÃO ALCANÇOU";"NÃO ALCANÇOU";"NÃO ALCANÇOU";"ALCANÇOU";"ALCANÇOU"
"RS";"432232";"Turuçu";"ALCANÇOU";"NÃO ALCANÇOU";;"NÃO ALCANÇOU";"NÃO ALCANÇOU";"NÃO ALCANÇOU";"ALCANÇOU";"ALCANÇOU"
"RS";"432234";"Ubiretama";"NÃO ALCANÇOU";"NÃO ALCANÇOU";;"NÃO ALCANÇOU";"NÃO ALCANÇOU";"NÃO ALCANÇOU";"ALCANÇOU";"NÃO ALCANÇOU"
"RS";"432237";"Unistalda";"ALCANÇOU";"ALCANÇOU";;"NÃO ALCANÇOU";"ALCANÇOU";"NÃO ALCANÇOU";"ALCANÇOU";"ALCANÇOU"
"RS";"432235";"União da Serra";"ALCANÇOU";"ALCANÇOU";;"NÃO ALCANÇOU";"NÃO ALCANÇOU";"ALCANÇOU";"ALCANÇOU";"ALCANÇOU"
"RS";"432240";"Uruguaiana";"ALCANÇOU";"ALCANÇOU";;"NÃO ALCANÇOU";"NÃO ALCANÇOU";"NÃO ALCANÇOU";"NÃO ALCANÇOU";"ALCANÇOU"
"RS";"432250";"Vacaria";"ALCANÇOU";"ALCANÇOU";;"NÃO ALCANÇOU";"ALCANÇOU";"ALCANÇOU";"ALCANÇOU";"ALCANÇOU"
"RS";"432254";"Vale Real";"NÃO ALCANÇOU";"ALCANÇOU";;"ALCANÇOU";"NÃO ALCANÇOU";"ALCANÇOU";"ALCANÇOU";"ALCANÇOU"
"RS";"432252";"Vale Verde";"ALCANÇOU";"ALCANÇOU";;"NÃO ALCANÇOU";"ALCANÇOU";"NÃO ALCANÇOU";"ALCANÇOU";"ALCANÇOU"
"RS";"432253";"Vale do Sol";"ALCANÇOU";"ALCANÇOU";;"ALCANÇOU";"ALCANÇOU";"NÃO ALCANÇOU";"ALCANÇOU";"ALCANÇOU"
"RS";"432255";"Vanini";"ALCANÇOU";"ALCANÇOU";;"NÃO ALCANÇOU";"NÃO ALCANÇOU";"NÃO ALCANÇOU";"ALCANÇOU";"ALCANÇOU"
"RS";"432260";"Venâncio Aires";"ALCANÇOU";"ALCANÇOU";;"NÃO ALCANÇOU";"ALCANÇOU";"ALCANÇOU";"NÃO ALCANÇOU";"ALCANÇOU"
"RS";"432270";"Vera Cruz";"ALCANÇOU";"ALCANÇOU";;"ALCANÇOU";"ALCANÇOU";"NÃO ALCANÇOU";"NÃO ALCANÇOU";"ALCANÇOU"
"RS";"432280";"Veranópolis";"ALCANÇOU";"ALCANÇOU";;"NÃO ALCANÇOU";"ALCANÇOU";"NÃO ALCANÇOU";"ALCANÇOU";"ALCANÇOU"
"RS";"432285";"Vespasiano Correa";"ALCANÇOU";"ALCANÇOU";;;"ALCANÇOU";"NÃO ALCANÇOU";"ALCANÇOU";
"RS";"432285";"Vespasiano Corrêa";;;;"ALCANÇOU";;;;"ALCANÇOU"
"RS";"432290";"Viadutos";"ALCANÇOU";"NÃO ALCANÇOU";;"NÃO ALCANÇOU";"ALCANÇOU";"NÃO ALCANÇOU";"ALCANÇOU";"ALCANÇOU"
"RS";"432300";"Viamão";"ALCANÇOU";"ALCANÇOU";;"ALCANÇOU";"NÃO ALCANÇOU";"ALCANÇOU";"ALCANÇOU";"ALCANÇOU"
"RS";"432310";"Vicente Dutra";"NÃO ALCANÇOU";"ALCANÇOU";;"ALCANÇOU";"NÃO ALCANÇOU";"ALCANÇOU";"ALCANÇOU";"ALCANÇOU"
"RS";"432320";"Victor Graeff";"ALCANÇOU";"ALCANÇOU";;"NÃO ALCANÇOU";"NÃO ALCANÇOU";"NÃO ALCANÇOU";"ALCANÇOU";"NÃO ALCANÇOU"
"RS";"432330";"Vila Flores";"ALCANÇOU";"ALCANÇOU";;"NÃO ALCANÇOU";"ALCANÇOU";"NÃO ALCANÇOU";"ALCANÇOU";"ALCANÇOU"
"RS";"432335";"Vila Lângaro";"ALCANÇOU";"ALCANÇOU";;"ALCANÇOU";"ALCANÇOU";"NÃO ALCANÇOU";"ALCANÇOU";"ALCANÇOU"
"RS";"432340";"Vila Maria";"ALCANÇOU";"ALCANÇOU";;"ALCANÇOU";"ALCANÇOU";"NÃO ALCANÇOU";"ALCANÇOU";"ALCANÇOU"
"RS";"432345";"Vila Nova do Sul";"ALCANÇOU";"ALCANÇOU";;"ALCANÇOU";"ALCANÇOU";"NÃO ALCANÇOU";"ALCANÇOU";"ALCANÇOU"
"RS";"432350";"Vista Alegre";"NÃO ALCANÇOU";"ALCANÇOU";;"NÃO ALCANÇOU";"ALCANÇOU";"NÃO ALCANÇOU";"ALCANÇOU";"ALCANÇOU"
"RS";"432360";"Vista Alegre do Prata";"ALCANÇOU";"NÃO ALCANÇOU";;"NÃO ALCANÇOU";"ALCANÇOU";"NÃO ALCANÇOU";"ALCANÇOU";"ALCANÇOU"
"RS";"432370";"Vista Gaúcha";"ALCANÇOU";"NÃO ALCANÇOU";;"NÃO ALCANÇOU";"ALCANÇOU";"NÃO ALCANÇOU";"ALCANÇOU";"ALCANÇOU"
"RS";"432375";"Vitória das Missões";"ALCANÇOU";"NÃO ALCANÇOU";;"NÃO ALCANÇOU";"ALCANÇOU";"NÃO ALCANÇOU";"ALCANÇOU";"NÃO ALCANÇOU"
"RS";"432377";"Westfalia";"ALCANÇOU";"ALCANÇOU";;;"NÃO ALCANÇOU";"NÃO ALCANÇOU";"ALCANÇOU";
"RS";"432377";"Westfália";;;;"NÃO ALCANÇOU";;;;"ALCANÇOU"
"RS";"432380";"Xangri-lá";"ALCANÇOU";"ALCANÇOU";;"NÃO ALCANÇOU";"ALCANÇOU";"NÃO ALCANÇOU";"NÃO ALCANÇOU";"ALCANÇOU"
"RS";"430005";"Água Santa";"ALCANÇOU";"NÃO ALCANÇOU";;"NÃO ALCANÇOU";"NÃO ALCANÇOU";"NÃO ALCANÇOU";"ALCANÇOU";"ALCANÇOU"
"RS";"430155";"Áurea";"ALCANÇOU";"NÃO ALCANÇOU";;"NÃO ALCANÇOU";"ALCANÇOU";"NÃO ALCANÇOU";"ALCANÇOU";"ALCANÇOU"
"RS";"430003";;;;"ALCANÇOU";;;;;
"RS";"430005";;;;"NÃO ALCANÇOU";;;;;
"RS";"430010";;;;"ALCANÇOU";;;;;
"RS";"430020";;;;"ALCANÇOU";;;;;
"RS";"430030";;;;"ALCANÇOU";;;;;
"RS";"430040";;;;"ALCANÇOU";;;;;
"RS";"430045";;;;"NÃO ALCANÇOU";;;;;
"RS";"430047";;;;"ALCANÇOU";;;;;
"RS";"430050";;;;"ALCANÇOU";;;;;
"RS";"430055";;;;"ALCANÇOU";;;;;
"RS";"430057";;;;"ALCANÇOU";;;;;
"RS";"430060";;;;"ALCANÇOU";;;;;
"RS";"430063";;;;"ALCANÇOU";;;;;
"RS";"430064";;;;"ALCANÇOU";;;;;
"RS";"430066";;;;"ALCANÇOU";;;;;
"RS";"430070";;;;"ALCANÇOU";;;;;
"RS";"430080";;;;"NÃO ALCANÇOU";;;;;
"RS";"430085";;;;"ALCANÇOU";;;;;
"RS";"430087";;;;"ALCANÇOU";;;;;
"RS";"430090";;;;"ALCANÇOU";;;;;
"RS";"430100";;;;"ALCANÇOU";;;;;
"RS";"430105";;;;"ALCANÇOU";;;;;
"RS";"430107";;;;"ALCANÇOU";;;;;
"RS";"430110";;;;"ALCANÇOU";;;;;
"RS";"430120";;;;"ALCANÇOU";;;;;
"RS";"430130";;;;"ALCANÇOU";;;;;
"RS";"430140";;;;"NÃO ALCANÇOU";;;;;
"RS";"430150";;;;"ALCANÇOU";;;;;
"RS";"430155";;;;"ALCANÇOU";;;;;
"RS";"430160";;;;"ALCANÇOU";;;;;
"RS";"430163";;;;"ALCANÇOU";;;;;
"RS";"430165";;;;"ALCANÇOU";;;;;
"RS";"430170";;;;"NÃO ALCANÇOU";;;;;
"RS";"430175";;;;"ALCANÇOU";;;;;
"RS";"430180";;;;"ALCANÇOU";;;;;
"RS";"430185";;;;"ALCANÇOU";;;;;
"RS";"430187";;;;"NÃO ALCANÇOU";;;;;
"RS";"430190";;;;"ALCANÇOU";;;;;
"RS";"430192";;;;"ALCANÇOU";;;;;
"RS";"430195";;;;"ALCANÇOU";;;;;
"RS";"430200";;;;"ALCANÇOU";;;;;
"RS";"430205";;;;"ALCANÇOU";;;;;
"RS";"430210";;;;"NÃO ALCANÇOU";;;;;
"RS";"430215";;;;"ALCANÇOU";;;;;
"RS";"430220";;;;"NÃO ALCANÇOU";;;;;
"RS";"430222";;;;"ALCANÇOU";;;;;
"RS";"430223";;;;"ALCANÇOU";;;;;
"RS";"430225";;;;"ALCANÇOU";;;;;
"RS";"430230";;;;"NÃO ALCANÇOU";;;;;
"RS";"430235";;;;"ALCANÇOU";;;;;
"RS";"430237";;;;"ALCANÇOU";;;;;
"RS";"430240";;;;"NÃO ALCANÇOU";;;;;
"RS";"430245";;;;"ALCANÇOU";;;;;
"RS";"430250";;;;"ALCANÇOU";;;;;
"RS";"430258";;;;"ALCANÇOU";;;;;
"RS";"430260";;;;"ALCANÇOU";;;;;
"RS";"430265";;;;"ALCANÇOU";;;;;
"RS";"430270";;;;"ALCANÇOU";;;;;
"RS";"430280";;;;"NÃO ALCANÇOU";;;;;
"RS";"430290";;;;"NÃO ALCANÇOU";;;;;
"RS";"430300";;;;"NÃO ALCANÇOU";;;;;
"RS";"430310";;;;"ALCANÇOU";;;;;
"RS";"430320";;;;"ALCANÇOU";;;;;
"RS";"430330";;;;"ALCANÇOU";;;;;
"RS";"430340";;;;"ALCANÇOU";;;;;
"RS";"430350";;;;"NÃO ALCANÇOU";;;;;
"RS";"430355";;;;"NÃO ALCANÇOU";;;;;
"RS";"430360";;;;"ALCANÇOU";;;;;
"RS";"430367";;;;"ALCANÇOU";;;;;
"RS";"430370";;;;"ALCANÇOU";;;;;
"RS";"430380";;;;"ALCANÇOU";;;;;
"RS";"430390";;;;"ALCANÇOU";;;;;
"RS";"430400";;;;"ALCANÇOU";;;;;
"RS";"430410";;;;"ALCANÇOU";;;;;
"RS";"430420";;;;"ALCANÇOU";;;;;
"RS";"430430";;;;"ALCANÇOU";;;;;
"RS";"430435";;;;"ALCANÇOU";;;;;
"RS";"430440";;;;"ALCANÇOU";;;;;
"RS";"430450";;;;"NÃO ALCANÇOU";;;;;
"RS";"430460";;;;"ALCANÇOU";;;;;
"RS";"430461";;;;"ALCANÇOU";;;;;
"RS";"430462";;;;"ALCANÇOU";;;;;
"RS";"430463";;;;"NÃO ALCANÇOU";;;;;
"RS";"430465";;;;"ALCANÇOU";;;;;
"RS";"430466";;;;"ALCANÇOU";;;;;
"RS";"430467";;;;"ALCANÇOU";;;;;
"RS";"430468";;;;"NÃO ALCANÇOU";;;;;
"RS";"430469";;;;"ALCANÇOU";;;;;
"RS";"430470";;;;"NÃO ALCANÇOU";;;;;
"RS";"430471";;;;"ALCANÇOU";;;;;
"RS";"430480";;;;"NÃO ALCANÇOU";;;;;
"RS";"430485";;;;"ALCANÇOU";;;;;
"RS";"430490";;;;"ALCANÇOU";;;;;
"RS";"430495";;;;"ALCANÇOU";;;;;
"RS";"430500";;;;"ALCANÇOU";;;;;
"RS";"430510";;;;"ALCANÇOU";;;;;
"RS";"430511";;;;"ALCANÇOU";;;;;
"RS";"430512";;;;"NÃO ALCANÇOU";;;;;
"RS";"430513";;;;"ALCANÇOU";;;;;
"RS";"430515";;;;"ALCANÇOU";;;;;
"RS";"430517";;;;"ALCANÇOU";;;;;
"RS";"430520";;;;"ALCANÇOU";;;;;
"RS";"430530";;;;"ALCANÇOU";;;;;
"RS";"430535";;;;"ALCANÇOU";;;;;
"RS";"430537";;;;"ALCANÇOU";;;;;
"RS";"430540";;;;"ALCANÇOU";;;;;
"RS";"430543";;;;"ALCANÇOU";;;;;
"RS";"430544";;;;"ALCANÇOU";;;;;
"RS";"430545";;;;"ALCANÇOU";;;;;
"RS";"430550";;;;"NÃO ALCANÇOU";;;;;
"RS";"430558";;;;"ALCANÇOU";;;;;
"RS";"430560";;;;"ALCANÇOU";;;;;
"RS";"430570";;;;"ALCANÇOU";;;;;
"RS";"430580";;;;"ALCANÇOU";;;;;
"RS";"430583";;;;"ALCANÇOU";;;;;
"RS";"430585";;;;"ALCANÇOU";;;;;
"RS";"430587";;;;"ALCANÇOU";;;;;
"RS";"430590";;;;"NÃO ALCANÇOU";;;;;
"RS";"430593";;;;"ALCANÇOU";;;;;
"RS";"430595";;;;"ALCANÇOU";;;;;
"RS";"430597";;;;"ALCANÇOU";;;;;
"RS";"430600";;;;"ALCANÇOU";;;;;
"RS";"430605";;;;"ALCANÇOU";;;;;
"RS";"430607";;;;"ALCANÇOU";;;;;
"RS";"430610";;;;"ALCANÇOU";;;;;
"RS";"430613";;;;"ALCANÇOU";;;;;
"RS";"430620";;;;"NÃO ALCANÇOU";;;;;
"RS";"430630";;;;"ALCANÇOU";;;;;
"RS";"430632";;;;"ALCANÇOU";;;;;
"RS";"430635";;;;"ALCANÇOU";;;;;
"RS";"430637";;;;"ALCANÇOU";;;;;
"RS";"430640";;;;"ALCANÇOU";;;;;
"RS";"430642";;;;"ALCANÇOU";;;;;
"RS";"430645";;;;"ALCANÇOU";;;;;
"RS";"430650";;;;"NÃO ALCANÇOU";;;;;
"RS";"430655";;;;"ALCANÇOU";;;;;
"RS";"430660";;;;"NÃO ALCANÇOU";;;;;
"RS";"430670";;;;"ALCANÇOU";;;;;
"RS";"430673";;;;"ALCANÇOU";;;;;
"RS";"430675";;;;"ALCANÇOU";;;;;
"RS";"430676";;;;"NÃO ALCANÇOU";;;;;
"RS";"430680";;;;"NÃO ALCANÇOU";;;;;
"RS";"430690";;;;"ALCANÇOU";;;;;
"RS";"430692";;;;"ALCANÇOU";;;;;
"RS";"430693";;;;"ALCANÇOU";;;;;
"RS";"430695";;;;"ALCANÇOU";;;;;
"RS";"430697";;;;"ALCANÇOU";;;;;
"RS";"430700";;;;"ALCANÇOU";;;;;
"RS";"430705";;;;"ALCANÇOU";;;;;
"RS";"430710";;;;"ALCANÇOU";;;;;
"RS";"430720";;;;"ALCANÇOU";;;;;
"RS";"430730";;;;"ALCANÇOU";;;;;
"RS";"430740";;;;"ALCANÇOU";;;;;
"RS";"430745";;;;"ALCANÇOU";;;;;
"RS";"430750";;;;"ALCANÇOU";;;;;
"RS";"430755";;;;"ALCANÇOU";;;;;
"RS";"430760";;;;"ALCANÇOU";;;;;
"RS";"430770";;;;"ALCANÇOU";;;;;
"RS";"430780";;;;"ALCANÇOU";;;;;
"RS";"430781";;;;"ALCANÇOU";;;;;
"RS";"430783";;;;"ALCANÇOU";;;;;
"RS";"430786";;;;"ALCANÇOU";;;;;
"RS";"430790";;;;"NÃO ALCANÇOU";;;;;
"RS";"430800";;;;"ALCANÇOU";;;;;
"RS";"430805";;;;"ALCANÇOU";;;;;
"RS";"430807";;;;"ALCANÇOU";;;;;
"RS";"430810";;;;"NÃO ALCANÇOU";;;;;
"RS";"430820";;;;"ALCANÇOU";;;;;
"RS";"430825";;;;"ALCANÇOU";;;;;
"RS";"430830";;;;"ALCANÇOU";;;;;
"RS";"430840";;;;"ALCANÇOU";;;;;
"RS";"430843";;;;"ALCANÇOU";;;;;
"RS";"430845";;;;"ALCANÇOU";;;;;
"RS";"430850";;;;"ALCANÇOU";;;;;
"RS";"430860";;;;"ALCANÇOU";;;;;
"RS";"430865";;;;"ALCANÇOU";;;;;
"RS";"430870";;;;"ALCANÇOU";;;;;
"RS";"430880";;;;"NÃO ALCANÇOU";;;;;
"RS";"430885";;;;"NÃO ALCANÇOU";;;;;
"RS";"430890";;;;"ALCANÇOU";;;;;
"RS";"430900";;;;"NÃO ALCANÇOU";;;;;
"RS";"430905";;;;"ALCANÇOU";;;;;
"RS";"430910";;;;"NÃO ALCANÇOU";;;;;
"RS";"430912";;;;"ALCANÇOU";;;;;
"RS";"430915";;;;"ALCANÇOU";;;;;
"RS";"430920";;;;"ALCANÇOU";;;;;
"RS";"430925";;;;"ALCANÇOU";;;;;
"RS";"430930";;;;"ALCANÇOU";;;;;
"RS";"430940";;;;"ALCANÇOU";;;;;
"RS";"430950";;;;"ALCANÇOU";;;;;
"RS";"430955";;;;"ALCANÇOU";;;;;
"RS";"430957";;;;"ALCANÇOU";;;;;
"RS";"430960";;;;"ALCANÇOU";;;;;
"RS";"430965";;;;"ALCANÇOU";;;;;
"RS";"430970";;;;"ALCANÇOU";;;;;
"RS";"430975";;;;"NÃO ALCANÇOU";;;;;
"RS";"430980";;;;"ALCANÇOU";;;;;
"RS";"430990";;;;"ALCANÇOU";;;;;
"RS";"430995";;;;"ALCANÇOU";;;;;
"RS";"431000";;;;"ALCANÇOU";;;;;
"RS";"431010";;;;"ALCANÇOU";;;;;
"RS";"431020";;;;"ALCANÇOU";;;;;
"RS";"431030";;;;"ALCANÇOU";;;;;
"RS";"431033";;;;"ALCANÇOU";;;;;
"RS";"431036";;;;"ALCANÇOU";;;;;
"RS";"431040";;;;"ALCANÇOU";;;;;
"RS";"431041";;;;"ALCANÇOU";;;;;
"RS";"431043";;;;"ALCANÇOU";;;;;
"RS";"431046";;;;"ALCANÇOU";;;;;
"RS";"431050";;;;"ALCANÇOU";;;;;
"RS";"431053";;;;"ALCANÇOU";;;;;
"RS";"431055";;;;"ALCANÇOU";;;;;
"RS";"431057";;;;"ALCANÇOU";;;;;
"RS";"431060";;;;"ALCANÇOU";;;;;
"RS";"431065";;;;"ALCANÇOU";;;;;
"RS";"431070";;;;"ALCANÇOU";;;;;
"RS";"431075";;;;"ALCANÇOU";;;;;
"RS";"431080";;;;"ALCANÇOU";;;;;
"RS";"431085";;;;"ALCANÇOU";;;;;
"RS";"431087";;;;"ALCANÇOU";;;;;
"RS";"431090";;;;"ALCANÇOU";;;;;
"RS";"431100";;;;"ALCANÇOU";;;;;
"RS";"431110";;;;"ALCANÇOU";;;;;
"RS";"431112";;;;"ALCANÇOU";;;;;
"RS";"431113";;;;"ALCANÇOU";;;;;
"RS";"431115";;;;"ALCANÇOU";;;;;
"RS";"431120";;;;"NÃO ALCANÇOU";;;;;
"RS";"431123";;;;"ALCANÇOU";;;;;
"RS";"431125";;;;"ALCANÇOU";;;;;
"RS";"431127";;;;"ALCANÇOU";;;;;
"RS";"431130";;;;"ALCANÇOU";;;;;
"RS";"431140";;;;"ALCANÇOU";;;;;
"RS";"431142";;;;"ALCANÇOU";;;;;
"RS";"431150";;;;"ALCANÇOU";;;;;
"RS";"431160";;;;"NÃO ALCANÇOU";;;;;
"RS";"431162";;;;"ALCANÇOU";;;;;
"RS";"431164";;;;"ALCANÇOU";;;;;
"RS";"431170";;;;"ALCANÇOU";;;;;
"RS";"431171";;;;"NÃO ALCANÇOU";;;;;
"RS";"431173";;;;"ALCANÇOU";;;;;
"RS";"431175";;;;"ALCANÇOU";;;;;
"RS";"431177";;;;"NÃO ALCANÇOU";;;;;
"RS";"431179";;;;"ALCANÇOU";;;;;
"RS";"431180";;;;"ALCANÇOU";;;;;
"RS";"431190";;;;"ALCANÇOU";;;;;
"RS";"431198";;;;"ALCANÇOU";;;;;
"RS";"431200";;;;"ALCANÇOU";;;;;
"RS";"431205";;;;"ALCANÇOU";;;;;
"RS";"431210";;;;"ALCANÇOU";;;;;
"RS";"431213";;;;"ALCANÇOU";;;;;
"RS";"431215";;;;"NÃO ALCANÇOU";;;;;
"RS";"431217";;;;"ALCANÇOU";;;;;
"RS";"431220";;;;"ALCANÇOU";;;;;
"RS";"431225";;;;"ALCANÇOU";;;;;
"RS";"431230";;;;"ALCANÇOU";;;;;
"RS";"431235";;;;"ALCANÇOU";;;;;
"RS";"431237";;;;"ALCANÇOU";;;;;
"RS";"431238";;;;"ALCANÇOU";;;;;
"RS";"431240";;;;"ALCANÇOU";;;;;
"RS";"431242";;;;"ALCANÇOU";;;;;
"RS";"431244";;;;"NÃO ALCANÇOU";;;;;
"RS";"431245";;;;"ALCANÇOU";;;;;
"RS";"431247";;;;"ALCANÇOU";;;;;
"RS";"431250";;;;"ALCANÇOU";;;;;
"RS";"431260";;;;"ALCANÇOU";;;;;
"RS";"431261";;;;"ALCANÇOU";;;;;
"RS";"431262";;;;"ALCANÇOU";;;;;
"RS";"431265";;;;"NÃO ALCANÇOU";;;;;
"RS";"431267";;;;"ALCANÇOU";;;;;
"RS";"431270";;;;"ALCANÇOU";;;;;
"RS";"431275";;;;"ALCANÇOU";;;;;
"RS";"431280";;;;"ALCANÇOU";;;;;
"RS";"431290";;;;"ALCANÇOU";;;;;
"RS";"431295";;;;"ALCANÇOU";;;;;
"RS";"431300";;;;"ALCANÇOU";;;;;
"RS";"431301";;;;"ALCANÇOU";;;;;
"RS";"431303";;;;"ALCANÇOU";;;;;
"RS";"431306";;;;"ALCANÇOU";;;;;
"RS";"431308";;;;"ALCANÇOU";;;;;
"RS";"431310";;;;"NÃO ALCANÇOU";;;;;
"RS";"431320";;;;"ALCANÇOU";;;;;
"RS";"431330";;;;"ALCANÇOU";;;;;
"RS";"431333";;;;"ALCANÇOU";;;;;
"RS";"431335";;;;"ALCANÇOU";;;;;
"RS";"431337";;;;"ALCANÇOU";;;;;
"RS";"431339";;;;"NÃO ALCANÇOU";;;;;
"RS";"431340";;;;"ALCANÇOU";;;;;
"RS";"431342";;;;"ALCANÇOU";;;;;
"RS";"431344";;;;"ALCANÇOU";;;;;
"RS";"431346";;;;"ALCANÇOU";;;;;
"RS";"431349";;;;"ALCANÇOU";;;;;
"RS";"431350";;;;"NÃO ALCANÇOU";;;;;
"RS";"431360";;;;"ALCANÇOU";;;;;
"RS";"431365";;;;"ALCANÇOU";;;;;
"RS";"431370";;;;"ALCANÇOU";;;;;
"RS";"431380";;;;"ALCANÇOU";;;;;
"RS";"431390";;;;"ALCANÇOU";;;;;
"RS";"431395";;;;"ALCANÇOU";;;;;
"RS";"431400";;;;"ALCANÇOU";;;;;
"RS";"431402";;;;"ALCANÇOU";;;;;
"RS";"431403";;;;"ALCANÇOU";;;;;
"RS";"431405";;;;"ALCANÇOU";;;;;
"RS";"431406";;;;"ALCANÇOU";;;;;
"RS";"431407";;;;"ALCANÇOU";;;;;
"RS";"431410";;;;"ALCANÇOU";;;;;
"RS";"431413";;;;"ALCANÇOU";;;;;
"RS";"431415";;;;"ALCANÇOU";;;;;
"RS";"431417";;;;"ALCANÇOU";;;;;
"RS";"431420";;;;"ALCANÇOU";;;;;
"RS";"431430";;;;"ALCANÇOU";;;;;
"RS";"431440";;;;"ALCANÇOU";;;;;
"RS";"431442";;;;"ALCANÇOU";;;;;
"RS";"431445";;;;"ALCANÇOU";;;;;
"RS";"431446";;;;"ALCANÇOU";;;;;
"RS";"431447";;;;"NÃO ALCANÇOU";;;;;
"RS";"431449";;;;"ALCANÇOU";;;;;
"RS";"431450";;;;"ALCANÇOU";;;;;
"RS";"431454";;;;"ALCANÇOU";;;;;
"RS";"431455";;;;"ALCANÇOU";;;;;
"RS";"431460";;;;"ALCANÇOU";;;;;
"RS";"431470";;;;"ALCANÇOU";;;;;
"RS";"431475";;;;"ALCANÇOU";;;;;
"RS";"431477";;;;"ALCANÇOU";;;;;
"RS";"431478";;;;"ALCANÇOU";;;;;
"RS";"431480";;;;"ALCANÇOU";;;;;
"RS";"431490";;;;"ALCANÇOU";;;;;
"RS";"431500";;;;"ALCANÇOU";;;;;
"RS";"431505";;;;"ALCANÇOU";;;;;
"RS";"431507";;;;"ALCANÇOU";;;;;
"RS";"431510";;;;"NÃO ALCANÇOU";;;;;
"RS";"431513";;;;"ALCANÇOU";;;;;
"RS";"431514";;;;"ALCANÇOU";;;;;
"RS";"431515";;;;"ALCANÇOU";;;;;
"RS";"431517";;;;"ALCANÇOU";;;;;
"RS";"431520";;;;"ALCANÇOU";;;;;
"RS";"431530";;;;"ALCANÇOU";;;;;
"RS";"431531";;;;"ALCANÇOU";;;;;
"RS";"431532";;;;"ALCANÇOU";;;;;
"RS";"431535";;;;"ALCANÇOU";;;;;
"RS";"431540";;;;"ALCANÇOU";;;;;
"RS";"431545";;;;"ALCANÇOU";;;;;
"RS";"431550";;;;"ALCANÇOU";;;;;
"RS";"431555";;;;"NÃO ALCANÇOU";;;;;
"RS";"431560";;;;"ALCANÇOU";;;;;
"RS";"431570";;;;"ALCANÇOU";;;;;
"RS";"431575";;;;"ALCANÇOU";;;;;
"RS";"431580";;;;"ALCANÇOU";;;;;
"RS";"431590";;;;"ALCANÇOU";;;;;
"RS";"431595";;;;"ALCANÇOU";;;;;
"RS";"431600";;;;"ALCANÇOU";;;;;
"RS";"431610";;;;"ALCANÇOU";;;;;
"RS";"431620";;;;"ALCANÇOU";;;;;
"RS";"431630";;;;"ALCANÇOU";;;;;
"RS";"431640";;;;"ALCANÇOU";;;;;
"RS";"431642";;;;"ALCANÇOU";;;;;
"RS";"431643";;;;"ALCANÇOU";;;;;
"RS";"431645";;;;"ALCANÇOU";;;;;
"RS";"431647";;;;"ALCANÇOU";;;;;
"RS";"431650";;;;"ALCANÇOU";;;;;
"RS";"431660";;;;"ALCANÇOU";;;;;
"RS";"431670";;;;"ALCANÇOU";;;;;
"RS";"431673";;;;"ALCANÇOU";;;;;
"RS";"431675";;;;"ALCANÇOU";;;;;
"RS";"431680";;;;"ALCANÇOU";;;;;
"RS";"431690";;;;"ALCANÇOU";;;;;
"RS";"431695";;;;"ALCANÇOU";;;;;
"RS";"431697";;;;"NÃO ALCANÇOU";;;;;
"RS";"431700";;;;"NÃO ALCANÇOU";;;;;
"RS";"431710";;;;"ALCANÇOU";;;;;
"RS";"431720";;;;"ALCANÇOU";;;;;
"RS";"431725";;;;"ALCANÇOU";;;;;
"RS";"431730";;;;"ALCANÇOU";;;;;
"RS";"431740";;;;"ALCANÇOU";;;;;
"RS";"431750";;;;"ALCANÇOU";;;;;
"RS";"431755";;;;"ALCANÇOU";;;;;
"RS";"431760";;;;"ALCANÇOU";;;;;
"RS";"431770";;;;"ALCANÇOU";;;;;
"RS";"431775";;;;"ALCANÇOU";;;;;
"RS";"431780";;;;"ALCANÇOU";;;;;
"RS";"431790";;;;"ALCANÇOU";;;;;
"RS";"431795";;;;"ALCANÇOU";;;;;
"RS";"431800";;;;"ALCANÇOU";;;;;
"RS";"431805";;;;"ALCANÇOU";;;;;
"RS";"431810";;;;"NÃO ALCANÇOU";;;;;
"RS";"431820";;;;"NÃO ALCANÇOU";;;;;
"RS";"431830";;;;"ALCANÇOU";;;;;
"RS";"431840";;;;"ALCANÇOU";;;;;
"RS";"431842";;;;"ALCANÇOU";;;;;
"RS";"431843";;;;"ALCANÇOU";;;;;
"RS";"431844";;;;"ALCANÇOU";;;;;
"RS";"431845";;;;"ALCANÇOU";;;;;
"RS";"431846";;;;"ALCANÇOU";;;;;
"RS";"431848";;;;"ALCANÇOU";;;;;
"RS";"431849";;;;"ALCANÇOU";;;;;
"RS";"431850";;;;"NÃO ALCANÇOU";;;;;
"RS";"431860";;;;"ALCANÇOU";;;;;
"RS";"431861";;;;"ALCANÇOU";;;;;
"RS";"431862";;;;"ALCANÇOU";;;;;
"RS";"431870";;;;"ALCANÇOU";;;;;
"RS";"431880";;;;"ALCANÇOU";;;;;
"RS";"431890";;;;"ALCANÇOU";;;;;
"RS";"431900";;;;"ALCANÇOU";;;;;
"RS";"431910";;;;"ALCANÇOU";;;;;
"RS";"431912";;;;"ALCANÇOU";;;;;
"RS";"431915";;;;"NÃO ALCANÇOU";;;;;
"RS";"431920";;;;"ALCANÇOU";;;;;
"RS";"431930";;;;"ALCANÇOU";;;;;
"RS";"431935";;;;"ALCANÇOU";;;;;
"RS";"431936";;;;"ALCANÇOU";;;;;
"RS";"431937";;;;"ALCANÇOU";;;;;
"RS";"431940";;;;"NÃO ALCANÇOU";;;;;
"RS";"431950";;;;"ALCANÇOU";;;;;
"RS";"431960";;;;"NÃO ALCANÇOU";;;;;
"RS";"431970";;;;"ALCANÇOU";;;;;
"RS";"431971";;;;"ALCANÇOU";;;;;
"RS";"431973";;;;"ALCANÇOU";;;;;
"RS";"431975";;;;"ALCANÇOU";;;;;
"RS";"431980";;;;"NÃO ALCANÇOU";;;;;
"RS";"431990";;;;"NÃO ALCANÇOU";;;;;
"RS";"432000";;;;"ALCANÇOU";;;;;
"RS";"432010";;;;"ALCANÇOU";;;;;
"RS";"432020";;;;"ALCANÇOU";;;;;
"RS";"432023";;;;"ALCANÇOU";;;;;
"RS";"432026";;;;"ALCANÇOU";;;;;
"RS";"432030";;;;"ALCANÇOU";;;;;
"RS";"432032";;;;"ALCANÇOU";;;;;
"RS";"432035";;;;"ALCANÇOU";;;;;
"RS";"432040";;;;"NÃO ALCANÇOU";;;;;
"RS";"432045";;;;"ALCANÇOU";;;;;
"RS";"432050";;;;"ALCANÇOU";;;;;
"RS";"432055";;;;"ALCANÇOU";;;;;
"RS";"432057";;;;"ALCANÇOU";;;;;
"RS";"432060";;;;"ALCANÇOU";;;;;
"RS";"432065";;;;"ALCANÇOU";;;;;
"RS";"432067";;;;"NÃO ALCANÇOU";;;;;
"RS";"432070";;;;"NÃO ALCANÇOU";;;;;
"RS";"432080";;;;"NÃO ALCANÇOU";;;;;
"RS";"432085";;;;"ALCANÇOU";;;;;
"RS";"432090";;;;"ALCANÇOU";;;;;
"RS";"432100";;;;"ALCANÇOU";;;;;
"RS";"432110";;;;"ALCANÇOU";;;;;
"RS";"432120";;;;"ALCANÇOU";;;;;
"RS";"432130";;;;"ALCANÇOU";;;;;
"RS";"432132";;;;"ALCANÇOU";;;;;
"RS";"432135";;;;"ALCANÇOU";;;;;
"RS";"432140";;;;"NÃO ALCANÇOU";;;;;
"RS";"432143";;;;"ALCANÇOU";;;;;
"RS";"432145";;;;"ALCANÇOU";;;;;
"RS";"432146";;;;"ALCANÇOU";;;;;
"RS";"432147";;;;"ALCANÇOU";;;;;
"RS";"432149";;;;"ALCANÇOU";;;;;
"RS";"432150";;;;"ALCANÇOU";;;;;
"RS";"432160";;;;"ALCANÇOU";;;;;
"RS";"432162";;;;"ALCANÇOU";;;;;
"RS";"432163";;;;"ALCANÇOU";;;;;
"RS";"432166";;;;"NÃO ALCANÇOU";;;;;
"RS";"432170";;;;"ALCANÇOU";;;;;
"RS";"432180";;;;"NÃO ALCANÇOU";;;;;
"RS";"432183";;;;"ALCANÇOU";;;;;
"RS";"432185";;;;"ALCANÇOU";;;;;
"RS";"432190";;;;"ALCANÇOU";;;;;
"RS";"432195";;;;"ALCANÇOU";;;;;
"RS";"432200";;;;"ALCANÇOU";;;;;
"RS";"432210";;;;"ALCANÇOU";;;;;
"RS";"432215";;;;"ALCANÇOU";;;;;
"RS";"432218";;;;"ALCANÇOU";;;;;
"RS";"432220";;;;"ALCANÇOU";;;;;
"RS";"432225";;;;"ALCANÇOU";;;;;
"RS";"432230";;;;"NÃO ALCANÇOU";;;;;
"RS";"432232";;;;"ALCANÇOU";;;;;
"RS";"432234";;;;"ALCANÇOU";;;;;
"RS";"432235";;;;"ALCANÇOU";;;;;
"RS";"432237";;;;"ALCANÇOU";;;;;
"RS";"432240";;;;"ALCANÇOU";;;;;
"RS";"432250";;;;"ALCANÇOU";;;;;
"RS";"432252";;;;"ALCANÇOU";;;;;
"RS";"432253";;;;"ALCANÇOU";;;;;
"RS";"432254";;;;"ALCANÇOU";;;;;
"RS";"432255";;;;"ALCANÇOU";;;;;
"RS";"432260";;;;"ALCANÇOU";;;;;
"RS";"432270";;;;"ALCANÇOU";;;;;
"RS";"432280";;;;"ALCANÇOU";;;;;
"RS";"432285";;;;"NÃO ALCANÇOU";;;;;
"RS";"432290";;;;"ALCANÇOU";;;;;
"RS";"432300";;;;"ALCANÇOU";;;;;
"RS";"432310";;;;"ALCANÇOU";;;;;
"RS";"432320";;;;"ALCANÇOU";;;;;
"RS";"432330";;;;"ALCANÇOU";;;;;
"RS";"432335";;;;"ALCANÇOU";;;;;
"RS";"432340";;;;"NÃO ALCANÇOU";;;;;
"RS";"432345";;;;"ALCANÇOU";;;;;
"RS";"432350";;;;"ALCANÇOU";;;;;
"RS";"432360";;;;"ALCANÇOU";;;;;
"RS";"432370";;;;"ALCANÇOU";;;;;
"RS";"432375";;;;"ALCANÇOU";;;;;
"RS";"432377";;;;"ALCANÇOU";;;;;
"RS";"432380";;;;"ALCANÇOU";;;;;
"SC";"420005";"Abdon Batista";"ALCANÇOU";"ALCANÇOU";;"ALCANÇOU";"ALCANÇOU";"NÃO ALCANÇOU";"ALCANÇOU";"ALCANÇOU"
"SC";"420010";"Abelardo Luz";"ALCANÇOU";"ALCANÇOU";;"NÃO ALCANÇOU";"NÃO ALCANÇOU";"NÃO ALCANÇOU";"NÃO ALCANÇOU";"ALCANÇOU"
"SC";"420020";"Agrolândia";"ALCANÇOU";"ALCANÇOU";;"ALCANÇOU";"ALCANÇOU";"ALCANÇOU";"ALCANÇOU";"ALCANÇOU"
"SC";"420030";"Agronômica";"ALCANÇOU";"ALCANÇOU";;"ALCANÇOU";"ALCANÇOU";"ALCANÇOU";"ALCANÇOU";"ALCANÇOU"
"SC";"420070";"Alfredo Wagner";"ALCANÇOU";"ALCANÇOU";;"NÃO ALCANÇOU";"NÃO ALCANÇOU";"NÃO ALCANÇOU";"ALCANÇOU";"NÃO ALCANÇOU"
"SC";"420075";"Alto Bela Vista";"ALCANÇOU";"NÃO ALCANÇOU";;"NÃO ALCANÇOU";"ALCANÇOU";"NÃO ALCANÇOU";"ALCANÇOU";"ALCANÇOU"
"SC";"420080";"Anchieta";"ALCANÇOU";"ALCANÇOU";;"NÃO ALCANÇOU";"ALCANÇOU";"NÃO ALCANÇOU";"ALCANÇOU";"ALCANÇOU"
"SC";"420090";"Angelina";"ALCANÇOU";"ALCANÇOU";;"ALCANÇOU";"NÃO ALCANÇOU";"NÃO ALCANÇOU";"ALCANÇOU";"ALCANÇOU"
"SC";"420100";"Anita Garibaldi";"NÃO ALCANÇOU";"ALCANÇOU";;"NÃO ALCANÇOU";"ALCANÇOU";"NÃO ALCANÇOU";"ALCANÇOU";"ALCANÇOU"
"SC";"420110";"Anitápolis";"ALCANÇOU";"ALCANÇOU";;"NÃO ALCANÇOU";"NÃO ALCANÇOU";"NÃO ALCANÇOU";"ALCANÇOU";"ALCANÇOU"
"SC";"420120";"Antônio Carlos";"ALCANÇOU";"ALCANÇOU";;"ALCANÇOU";"ALCANÇOU";"ALCANÇOU";"ALCANÇOU";"ALCANÇOU"
"SC";"420125";"Apiúna";"ALCANÇOU";"ALCANÇOU";;"NÃO ALCANÇOU";"ALCANÇOU";"NÃO ALCANÇOU";"ALCANÇOU";"ALCANÇOU"
"SC";"420127";"Arabutã";"NÃO ALCANÇOU";"NÃO ALCANÇOU";;"NÃO ALCANÇOU";"ALCANÇOU";"NÃO ALCANÇOU";"ALCANÇOU";"ALCANÇOU"
"SC";"420130";"Araquari";"ALCANÇOU";"ALCANÇOU";;"ALCANÇOU";"NÃO ALCANÇOU";"ALCANÇOU";"NÃO ALCANÇOU";"ALCANÇOU"
"SC";"420140";"Araranguá";"ALCANÇOU";"ALCANÇOU";;"NÃO ALCANÇOU";"ALCANÇOU";"NÃO ALCANÇOU";"NÃO ALCANÇOU";"ALCANÇOU"
"SC";"420150";"Armazém";"ALCANÇOU";"ALCANÇOU";;"NÃO ALCANÇOU";"ALCANÇOU";"ALCANÇOU";"ALCANÇOU";"ALCANÇOU"
"SC";"420160";"Arroio Trinta";"ALCANÇOU";"ALCANÇOU";;"ALCANÇOU";"ALCANÇOU";"NÃO ALCANÇOU";"ALCANÇOU";"ALCANÇOU"
"SC";"420165";"Arvoredo";"ALCANÇOU";"ALCANÇOU";;"NÃO ALCANÇOU";"ALCANÇOU";"NÃO ALCANÇOU";"ALCANÇOU";"ALCANÇOU"
"SC";"420170";"Ascurra";"ALCANÇOU";"ALCANÇOU";;"ALCANÇOU";"NÃO ALCANÇOU";"NÃO ALCANÇOU";"ALCANÇOU";"ALCANÇOU"
"SC";"420180";"Atalanta";"ALCANÇOU";"ALCANÇOU";;"NÃO ALCANÇOU";"ALCANÇOU";"NÃO ALCANÇOU";"ALCANÇOU";"ALCANÇOU"
"SC";"420190";"Aurora";"ALCANÇOU";"ALCANÇOU";;"ALCANÇOU";"NÃO ALCANÇOU";"NÃO ALCANÇOU";"ALCANÇOU";"ALCANÇOU"
"SC";"420195";"Balneário Arroio do Silva";"ALCANÇOU";"ALCANÇOU";;"NÃO ALCANÇOU";"ALCANÇOU";"NÃO ALCANÇOU";"NÃO ALCANÇOU";"ALCANÇOU"
"SC";"420205";"Balneário Barra do Sul";"ALCANÇOU";"ALCANÇOU";;"NÃO ALCANÇOU";"ALCANÇOU";"NÃO ALCANÇOU";"ALCANÇOU";"ALCANÇOU"
"SC";"420200";"Balneário Camboriú";"ALCANÇOU";"ALCANÇOU";;"NÃO ALCANÇOU";"ALCANÇOU";"ALCANÇOU";"NÃO ALCANÇOU";"ALCANÇOU"
"SC";"420207";"Balneário Gaivota";"ALCANÇOU";"ALCANÇOU";;"NÃO ALCANÇOU";"ALCANÇOU";"ALCANÇOU";"ALCANÇOU";"NÃO ALCANÇOU"
"SC";"421280";"Balneário Piçarras";"ALCANÇOU";"ALCANÇOU";;"ALCANÇOU";"ALCANÇOU";"ALCANÇOU";"ALCANÇOU";"ALCANÇOU"
"SC";"422000";"Balneário Rincão";"ALCANÇOU";"ALCANÇOU";;"NÃO ALCANÇOU";"ALCANÇOU";"NÃO ALCANÇOU";"ALCANÇOU";"ALCANÇOU"
"SC";"420208";"Bandeirante";"ALCANÇOU";"ALCANÇOU";;"NÃO ALCANÇOU";"NÃO ALCANÇOU";"NÃO ALCANÇOU";"ALCANÇOU";"NÃO ALCANÇOU"
"SC";"420209";"Barra Bonita";"ALCANÇOU";"NÃO ALCANÇOU";;"NÃO ALCANÇOU";"ALCANÇOU";"NÃO ALCANÇOU";"ALCANÇOU";"ALCANÇOU"
"SC";"420210";"Barra Velha";"ALCANÇOU";"ALCANÇOU";;"NÃO ALCANÇOU";"ALCANÇOU";"ALCANÇOU";"NÃO ALCANÇOU";"ALCANÇOU"
"SC";"420213";"Bela Vista do Toldo";"ALCANÇOU";"ALCANÇOU";;"ALCANÇOU";"NÃO ALCANÇOU";"NÃO ALCANÇOU";"ALCANÇOU";"ALCANÇOU"
"SC";"420215";"Belmonte";"ALCANÇOU";"ALCANÇOU";;"ALCANÇOU";"NÃO ALCANÇOU";"NÃO ALCANÇOU";"ALCANÇOU";"ALCANÇOU"
"SC";"420220";"Benedito Novo";"ALCANÇOU";"ALCANÇOU";;"ALCANÇOU";"ALCANÇOU";"NÃO ALCANÇOU";"ALCANÇOU";"ALCANÇOU"
"SC";"420230";"Biguaçu";"ALCANÇOU";"ALCANÇOU";;"NÃO ALCANÇOU";"NÃO ALCANÇOU";"ALCANÇOU";"ALCANÇOU";"ALCANÇOU"
"SC";"420240";"Blumenau";"ALCANÇOU";"ALCANÇOU";;"NÃO ALCANÇOU";"ALCANÇOU";"ALCANÇOU";"ALCANÇOU";"ALCANÇOU"
"SC";"420243";"Bocaina do Sul";"ALCANÇOU";"ALCANÇOU";;"ALCANÇOU";"ALCANÇOU";"NÃO ALCANÇOU";"ALCANÇOU";"ALCANÇOU"
"SC";"420250";"Bom Jardim da Serra";"ALCANÇOU";"ALCANÇOU";;"NÃO ALCANÇOU";"ALCANÇOU";"NÃO ALCANÇOU";"NÃO ALCANÇOU";"ALCANÇOU"
"SC";"420253";"Bom Jesus";"ALCANÇOU";"ALCANÇOU";;"NÃO ALCANÇOU";"ALCANÇOU";"NÃO ALCANÇOU";"ALCANÇOU";"ALCANÇOU"
"SC";"420257";"Bom Jesus do Oeste";"ALCANÇOU";"ALCANÇOU";;"ALCANÇOU";"NÃO ALCANÇOU";"NÃO ALCANÇOU";"ALCANÇOU";"ALCANÇOU"
"SC";"420260";"Bom Retiro";"ALCANÇOU";"ALCANÇOU";;"NÃO ALCANÇOU";"ALCANÇOU";"NÃO ALCANÇOU";"ALCANÇOU";"ALCANÇOU"
"SC";"420245";"Bombinhas";"NÃO ALCANÇOU";"ALCANÇOU";;"ALCANÇOU";"ALCANÇOU";"ALCANÇOU";"ALCANÇOU";"ALCANÇOU"
"SC";"420270";"Botuverá";"ALCANÇOU";"ALCANÇOU";;"ALCANÇOU";"ALCANÇOU";"NÃO ALCANÇOU";"ALCANÇOU";"ALCANÇOU"
"SC";"420280";"Braço do Norte";"ALCANÇOU";"ALCANÇOU";;"NÃO ALCANÇOU";"ALCANÇOU";"ALCANÇOU";"ALCANÇOU";"ALCANÇOU"
"SC";"420285";"Braço do Trombudo";"ALCANÇOU";"ALCANÇOU";;"ALCANÇOU";"ALCANÇOU";"NÃO ALCANÇOU";"ALCANÇOU";"ALCANÇOU"
"SC";"420287";"Brunópolis";"ALCANÇOU";"ALCANÇOU";;"NÃO ALCANÇOU";"ALCANÇOU";"NÃO ALCANÇOU";"ALCANÇOU";"ALCANÇOU"
"SC";"420290";"Brusque";"ALCANÇOU";"ALCANÇOU";;"NÃO ALCANÇOU";"ALCANÇOU";"ALCANÇOU";"NÃO ALCANÇOU";"ALCANÇOU"
"SC";"420310";"Caibi";"ALCANÇOU";"ALCANÇOU";;"NÃO ALCANÇOU";"NÃO ALCANÇOU";"NÃO ALCANÇOU";"ALCANÇOU";"ALCANÇOU"
"SC";"420315";"Calmon";"ALCANÇOU";"ALCANÇOU";;"ALCANÇOU";"NÃO ALCANÇOU";"NÃO ALCANÇOU";"ALCANÇOU";"ALCANÇOU"
"SC";"420320";"Camboriú";"ALCANÇOU";"ALCANÇOU";;"NÃO ALCANÇOU";"ALCANÇOU";"ALCANÇOU";"ALCANÇOU";"ALCANÇOU"
"SC";"420330";"Campo Alegre";"ALCANÇOU";"ALCANÇOU";;"NÃO ALCANÇOU";"ALCANÇOU";"NÃO ALCANÇOU";"ALCANÇOU";"ALCANÇOU"
"SC";"420340";"Campo Belo do Sul";"ALCANÇOU";"ALCANÇOU";;"NÃO ALCANÇOU";"NÃO ALCANÇOU";"NÃO ALCANÇOU";"NÃO ALCANÇOU";"ALCANÇOU"
"SC";"420350";"Campo Erê";"ALCANÇOU";"ALCANÇOU";;"NÃO ALCANÇOU";"ALCANÇOU";"NÃO ALCANÇOU";"ALCANÇOU";"ALCANÇOU"
"SC";"420360";"Campos Novos";"ALCANÇOU";"ALCANÇOU";;"NÃO ALCANÇOU";"ALCANÇOU";"NÃO ALCANÇOU";"NÃO ALCANÇOU";"ALCANÇOU"
"SC";"420370";"Canelinha";"ALCANÇOU";"ALCANÇOU";;"NÃO ALCANÇOU";"ALCANÇOU";"NÃO ALCANÇOU";"ALCANÇOU";"ALCANÇOU"
"SC";"420380";"Canoinhas";"ALCANÇOU";"ALCANÇOU";;"NÃO ALCANÇOU";"ALCANÇOU";"NÃO ALCANÇOU";"NÃO ALCANÇOU";"ALCANÇOU"
"SC";"420390";"Capinzal";"ALCANÇOU";"ALCANÇOU";;"ALCANÇOU";"ALCANÇOU";"NÃO ALCANÇOU";"ALCANÇOU";"ALCANÇOU"
"SC";"420395";"Capivari de Baixo";"ALCANÇOU";"ALCANÇOU";;"NÃO ALCANÇOU";"ALCANÇOU";"ALCANÇOU";"NÃO ALCANÇOU";"NÃO ALCANÇOU"
"SC";"420325";"Capão Alto";"ALCANÇOU";"ALCANÇOU";;"ALCANÇOU";"ALCANÇOU";"NÃO ALCANÇOU";"ALCANÇOU";"ALCANÇOU"
"SC";"420400";"Catanduvas";"NÃO ALCANÇOU";"ALCANÇOU";;"ALCANÇOU";"ALCANÇOU";"NÃO ALCANÇOU";"ALCANÇOU";"ALCANÇOU"
"SC";"420410";"Caxambu do Sul";"ALCANÇOU";"ALCANÇOU";;"NÃO ALCANÇOU";"NÃO ALCANÇOU";"NÃO ALCANÇOU";"ALCANÇOU";"ALCANÇOU"
"SC";"420300";"Caçador";"ALCANÇOU";"ALCANÇOU";;"NÃO ALCANÇOU";"ALCANÇOU";"NÃO ALCANÇOU";"ALCANÇOU";"ALCANÇOU"
"SC";"420415";"Celso Ramos";"ALCANÇOU";"ALCANÇOU";;"ALCANÇOU";"ALCANÇOU";"NÃO ALCANÇOU";"ALCANÇOU";"ALCANÇOU"
"SC";"420417";"Cerro Negro";"NÃO ALCANÇOU";"ALCANÇOU";;"NÃO ALCANÇOU";"ALCANÇOU";"NÃO ALCANÇOU";"ALCANÇOU";"ALCANÇOU"
"SC";"420419";"Chapadão do Lageado";"ALCANÇOU";"ALCANÇOU";;"NÃO ALCANÇOU";"NÃO ALCANÇOU";"NÃO ALCANÇOU";"ALCANÇOU";"ALCANÇOU"
"SC";"420420";"Chapecó";"ALCANÇOU";"ALCANÇOU";;"ALCANÇOU";"ALCANÇOU";"ALCANÇOU";"ALCANÇOU";"ALCANÇOU"
"SC";"420425";"Cocal do Sul";"ALCANÇOU";"ALCANÇOU";;"ALCANÇOU";"ALCANÇOU";"NÃO ALCANÇOU";"ALCANÇOU";"ALCANÇOU"
"SC";"420430";"Concórdia";"ALCANÇOU";"ALCANÇOU";;"ALCANÇOU";"ALCANÇOU";"NÃO ALCANÇOU";"ALCANÇOU";"ALCANÇOU"
"SC";"420435";"Cordilheira Alta";"ALCANÇOU";"ALCANÇOU";;"NÃO ALCANÇOU";"ALCANÇOU";"NÃO ALCANÇOU";"ALCANÇOU";"ALCANÇOU"
"SC";"420440";"Coronel Freitas";"ALCANÇOU";"NÃO ALCANÇOU";;"NÃO ALCANÇOU";"ALCANÇOU";"NÃO ALCANÇOU";"ALCANÇOU";"NÃO ALCANÇOU"
"SC";"420445";"Coronel Martins";"ALCANÇOU";"ALCANÇOU";;"ALCANÇOU";"ALCANÇOU";"NÃO ALCANÇOU";"ALCANÇOU";"ALCANÇOU"
"SC";"420455";"Correia Pinto";"ALCANÇOU";"ALCANÇOU";;"NÃO ALCANÇOU";"ALCANÇOU";"NÃO ALCANÇOU";"ALCANÇOU";"ALCANÇOU"
"SC";"420450";"Corupá";"ALCANÇOU";"ALCANÇOU";;"ALCANÇOU";"ALCANÇOU";"NÃO ALCANÇOU";"ALCANÇOU";"ALCANÇOU"
"SC";"420460";"Criciúma";"ALCANÇOU";"ALCANÇOU";;"NÃO ALCANÇOU";"ALCANÇOU";"ALCANÇOU";"NÃO ALCANÇOU";"ALCANÇOU"
"SC";"420470";"Cunha Porã";"ALCANÇOU";"ALCANÇOU";;"NÃO ALCANÇOU";"ALCANÇOU";"ALCANÇOU";"ALCANÇOU";"ALCANÇOU"
"SC";"420475";"Cunhataí";"ALCANÇOU";"ALCANÇOU";;"ALCANÇOU";"ALCANÇOU";"NÃO ALCANÇOU";"ALCANÇOU";"NÃO ALCANÇOU"
"SC";"420480";"Curitibanos";"ALCANÇOU";"ALCANÇOU";;"NÃO ALCANÇOU";"ALCANÇOU";"NÃO ALCANÇOU";"NÃO ALCANÇOU";"ALCANÇOU"
"SC";"420490";"Descanso";"ALCANÇOU";"ALCANÇOU";;"ALCANÇOU";"ALCANÇOU";"ALCANÇOU";"ALCANÇOU";"ALCANÇOU"
"SC";"420500";"Dionísio Cerqueira";"ALCANÇOU";"ALCANÇOU";;"NÃO ALCANÇOU";"ALCANÇOU";"NÃO ALCANÇOU";"ALCANÇOU";"ALCANÇOU"
"SC";"420510";"Dona Emma";"NÃO ALCANÇOU";"ALCANÇOU";;"ALCANÇOU";"ALCANÇOU";"NÃO ALCANÇOU";"ALCANÇOU";"ALCANÇOU"
"SC";"420515";"Doutor Pedrinho";"NÃO ALCANÇOU";"ALCANÇOU";;"NÃO ALCANÇOU";"ALCANÇOU";"NÃO ALCANÇOU";"NÃO ALCANÇOU";"ALCANÇOU"
"SC";"420517";"Entre Rios";"ALCANÇOU";"ALCANÇOU";;"ALCANÇOU";"NÃO ALCANÇOU";"NÃO ALCANÇOU";"ALCANÇOU";"ALCANÇOU"
"SC";"420519";"Ermo";"ALCANÇOU";"ALCANÇOU";;"NÃO ALCANÇOU";"ALCANÇOU";"NÃO ALCANÇOU";"ALCANÇOU";"ALCANÇOU"
"SC";"420520";"Erval Velho";"ALCANÇOU";"ALCANÇOU";;"NÃO ALCANÇOU";"ALCANÇOU";"ALCANÇOU";"ALCANÇOU";"ALCANÇOU"
"SC";"420530";"Faxinal dos Guedes";"ALCANÇOU";"ALCANÇOU";;"ALCANÇOU";"NÃO ALCANÇOU";"NÃO ALCANÇOU";"NÃO ALCANÇOU";"ALCANÇOU"
"SC";"420535";"Flor do Sertão";"ALCANÇOU";"ALCANÇOU";;"ALCANÇOU";"ALCANÇOU";"NÃO ALCANÇOU";"ALCANÇOU";"ALCANÇOU"
"SC";"420540";"Florianópolis";"ALCANÇOU";"ALCANÇOU";;"NÃO ALCANÇOU";"ALCANÇOU";"ALCANÇOU";"NÃO ALCANÇOU";"ALCANÇOU"
"SC";"420543";"Formosa do Sul";"ALCANÇOU";"ALCANÇOU";;"NÃO ALCANÇOU";"ALCANÇOU";"NÃO ALCANÇOU";"ALCANÇOU";"NÃO ALCANÇOU"
"SC";"420545";"Forquilhinha";"ALCANÇOU";"ALCANÇOU";;"ALCANÇOU";"ALCANÇOU";"NÃO ALCANÇOU";"NÃO ALCANÇOU";"NÃO ALCANÇOU"
"SC";"420550";"Fraiburgo";"ALCANÇOU";"ALCANÇOU";;"NÃO ALCANÇOU";"ALCANÇOU";"NÃO ALCANÇOU";"NÃO ALCANÇOU";"ALCANÇOU"
"SC";"420555";"Frei Rogério";"ALCANÇOU";"NÃO ALCANÇOU";;"NÃO ALCANÇOU";"NÃO ALCANÇOU";"NÃO ALCANÇOU";"ALCANÇOU";"ALCANÇOU"
"SC";"420560";"Galvão";"ALCANÇOU";"ALCANÇOU";;"ALCANÇOU";"ALCANÇOU";"NÃO ALCANÇOU";"ALCANÇOU";"ALCANÇOU"
"SC";"420570";"Garopaba";"ALCANÇOU";"ALCANÇOU";;"NÃO ALCANÇOU";"NÃO ALCANÇOU";"NÃO ALCANÇOU";"NÃO ALCANÇOU";"NÃO ALCANÇOU"
"SC";"420580";"Garuva";"ALCANÇOU";"ALCANÇOU";;"ALCANÇOU";"ALCANÇOU";"NÃO ALCANÇOU";"ALCANÇOU";"ALCANÇOU"
"SC";"420590";"Gaspar";"ALCANÇOU";"ALCANÇOU";;"ALCANÇOU";"ALCANÇOU";"ALCANÇOU";"ALCANÇOU";"ALCANÇOU"
"SC";"420600";"Governador Celso Ramos";"ALCANÇOU";"ALCANÇOU";;"NÃO ALCANÇOU";"ALCANÇOU";"ALCANÇOU";"ALCANÇOU";"NÃO ALCANÇOU"
"SC";"420620";"Gravatal";"ALCANÇOU";"ALCANÇOU";;"NÃO ALCANÇOU";"ALCANÇOU";"NÃO ALCANÇOU";"NÃO ALCANÇOU";"ALCANÇOU"
"SC";"420610";"Grão Pará";"ALCANÇOU";"ALCANÇOU";;"ALCANÇOU";"ALCANÇOU";"NÃO ALCANÇOU";"ALCANÇOU";"ALCANÇOU"
"SC";"420630";"Guabiruba";"ALCANÇOU";"ALCANÇOU";;"NÃO ALCANÇOU";"ALCANÇOU";"ALCANÇOU";"ALCANÇOU";"ALCANÇOU"
"SC";"420640";"Guaraciaba";"ALCANÇOU";"ALCANÇOU";;"ALCANÇOU";"NÃO ALCANÇOU";"NÃO ALCANÇOU";"NÃO ALCANÇOU";"ALCANÇOU"
"SC";"420650";"Guaramirim";"ALCANÇOU";"ALCANÇOU";;"NÃO ALCANÇOU";"ALCANÇOU";"NÃO ALCANÇOU";"ALCANÇOU";"ALCANÇOU"
"SC";"420660";"Guarujá do Sul";"ALCANÇOU";"ALCANÇOU";;"NÃO ALCANÇOU";"ALCANÇOU";"NÃO ALCANÇOU";"ALCANÇOU";"ALCANÇOU"
"SC";"420665";"Guatambú";"ALCANÇOU";"NÃO ALCANÇOU";;"NÃO ALCANÇOU";"NÃO ALCANÇOU";"NÃO ALCANÇOU";"NÃO ALCANÇOU";"NÃO ALCANÇOU"
"SC";"420670";"Herval d'Oeste";"ALCANÇOU";"ALCANÇOU";;"ALCANÇOU";"ALCANÇOU";"ALCANÇOU";"ALCANÇOU";
"SC";"420670";"Herval dOeste";;;;;;;;"NÃO ALCANÇOU"
"SC";"420675";"Ibiam";"ALCANÇOU";"ALCANÇOU";;"NÃO ALCANÇOU";"ALCANÇOU";"NÃO ALCANÇOU";"ALCANÇOU";"ALCANÇOU"
"SC";"420680";"Ibicaré";"ALCANÇOU";"ALCANÇOU";;"NÃO ALCANÇOU";"ALCANÇOU";"NÃO ALCANÇOU";"ALCANÇOU";"ALCANÇOU"
"SC";"420690";"Ibirama";"ALCANÇOU";"ALCANÇOU";;"NÃO ALCANÇOU";"ALCANÇOU";"ALCANÇOU";"ALCANÇOU";"ALCANÇOU"
"SC";"420710";"Ilhota";"ALCANÇOU";"ALCANÇOU";;"ALCANÇOU";"NÃO ALCANÇOU";"NÃO ALCANÇOU";"NÃO ALCANÇOU";"ALCANÇOU"
"SC";"420720";"Imaruí";"ALCANÇOU";"ALCANÇOU";;"ALCANÇOU";"NÃO ALCANÇOU";"NÃO ALCANÇOU";"NÃO ALCANÇOU";"ALCANÇOU"
"SC";"420730";"Imbituba";"ALCANÇOU";"ALCANÇOU";;"NÃO ALCANÇOU";"ALCANÇOU";"ALCANÇOU";"ALCANÇOU";"ALCANÇOU"
"SC";"420740";"Imbuia";"ALCANÇOU";"ALCANÇOU";;"NÃO ALCANÇOU";"NÃO ALCANÇOU";"NÃO ALCANÇOU";"ALCANÇOU";"ALCANÇOU"
"SC";"420750";"Indaial";"ALCANÇOU";"ALCANÇOU";;"ALCANÇOU";"ALCANÇOU";"ALCANÇOU";"ALCANÇOU";"ALCANÇOU"
"SC";"420757";"Iomerê";"ALCANÇOU";"ALCANÇOU";;"ALCANÇOU";"ALCANÇOU";"NÃO ALCANÇOU";"ALCANÇOU";"ALCANÇOU"
"SC";"420760";"Ipira";"ALCANÇOU";"NÃO ALCANÇOU";;"ALCANÇOU";"ALCANÇOU";"NÃO ALCANÇOU";"ALCANÇOU";"ALCANÇOU"
"SC";"420765";"Iporã do Oeste";"ALCANÇOU";"ALCANÇOU";;"NÃO ALCANÇOU";"ALCANÇOU";"NÃO ALCANÇOU";"ALCANÇOU";"ALCANÇOU"
"SC";"420768";"Ipuaçu";"ALCANÇOU";"ALCANÇOU";;"NÃO ALCANÇOU";"ALCANÇOU";"NÃO ALCANÇOU";"NÃO ALCANÇOU";"ALCANÇOU"
"SC";"420770";"Ipumirim";"NÃO ALCANÇOU";"ALCANÇOU";;"NÃO ALCANÇOU";"ALCANÇOU";"NÃO ALCANÇOU";"ALCANÇOU";"NÃO ALCANÇOU"
"SC";"420775";"Iraceminha";"ALCANÇOU";"NÃO ALCANÇOU";;"NÃO ALCANÇOU";"ALCANÇOU";"NÃO ALCANÇOU";"ALCANÇOU";"NÃO ALCANÇOU"
"SC";"420780";"Irani";"ALCANÇOU";"ALCANÇOU";;"NÃO ALCANÇOU";"ALCANÇOU";"ALCANÇOU";"ALCANÇOU";"ALCANÇOU"
"SC";"420785";"Irati";"ALCANÇOU";"ALCANÇOU";;"ALCANÇOU";"ALCANÇOU";"NÃO ALCANÇOU";"ALCANÇOU";"ALCANÇOU"
"SC";"420790";"Irineópolis";"ALCANÇOU";"ALCANÇOU";;"ALCANÇOU";"ALCANÇOU";"NÃO ALCANÇOU";"ALCANÇOU";"ALCANÇOU"
"SC";"420810";"Itaiópolis";"ALCANÇOU";"ALCANÇOU";;"NÃO ALCANÇOU";"ALCANÇOU";"ALCANÇOU";"NÃO ALCANÇOU";"ALCANÇOU"
"SC";"420820";"Itajaí";"ALCANÇOU";"ALCANÇOU";;"NÃO ALCANÇOU";"ALCANÇOU";"ALCANÇOU";"ALCANÇOU";"ALCANÇOU"
"SC";"420830";"Itapema";"ALCANÇOU";"ALCANÇOU";;"ALCANÇOU";"ALCANÇOU";"ALCANÇOU";"ALCANÇOU";"ALCANÇOU"
"SC";"420840";"Itapiranga";"NÃO ALCANÇOU";"ALCANÇOU";;"NÃO ALCANÇOU";"ALCANÇOU";"ALCANÇOU";"NÃO ALCANÇOU";"NÃO ALCANÇOU"
"SC";"420845";"Itapoá";"ALCANÇOU";"ALCANÇOU";;"NÃO ALCANÇOU";"ALCANÇOU";"ALCANÇOU";"ALCANÇOU";"ALCANÇOU"
"SC";"420850";"Ituporanga";"ALCANÇOU";"ALCANÇOU";;"NÃO ALCANÇOU";"ALCANÇOU";"ALCANÇOU";"ALCANÇOU";"ALCANÇOU"
"SC";"420800";"Itá";"ALCANÇOU";"ALCANÇOU";;"ALCANÇOU";"NÃO ALCANÇOU";"ALCANÇOU";"ALCANÇOU";"ALCANÇOU"
"SC";"420700";"Içara";"ALCANÇOU";"ALCANÇOU";;"ALCANÇOU";"ALCANÇOU";"NÃO ALCANÇOU";"ALCANÇOU";"ALCANÇOU"
"SC";"420860";"Jaborá";"ALCANÇOU";"NÃO ALCANÇOU";;"ALCANÇOU";"NÃO ALCANÇOU";"NÃO ALCANÇOU";"ALCANÇOU";"ALCANÇOU"
"SC";"420870";"Jacinto Machado";"ALCANÇOU";"ALCANÇOU";;"NÃO ALCANÇOU";"NÃO ALCANÇOU";"NÃO ALCANÇOU";"ALCANÇOU";"ALCANÇOU"
"SC";"420880";"Jaguaruna";"ALCANÇOU";"ALCANÇOU";;"NÃO ALCANÇOU";"ALCANÇOU";"ALCANÇOU";"NÃO ALCANÇOU";"ALCANÇOU"
"SC";"420890";"Jaraguá do Sul";"ALCANÇOU";"ALCANÇOU";;"NÃO ALCANÇOU";"ALCANÇOU";"ALCANÇOU";"NÃO ALCANÇOU";"ALCANÇOU"
"SC";"420895";"Jardinópolis";"NÃO ALCANÇOU";"ALCANÇOU";;"NÃO ALCANÇOU";"NÃO ALCANÇOU";"NÃO ALCANÇOU";"ALCANÇOU";"NÃO ALCANÇOU"
"SC";"420900";"Joaçaba";"ALCANÇOU";"ALCANÇOU";;"NÃO ALCANÇOU";"ALCANÇOU";"ALCANÇOU";"NÃO ALCANÇOU";"ALCANÇOU"
"SC";"420910";"Joinville";"ALCANÇOU";"ALCANÇOU";;"NÃO ALCANÇOU";"ALCANÇOU";"ALCANÇOU";"ALCANÇOU";"ALCANÇOU"
"SC";"420915";"José Boiteux";"ALCANÇOU";"ALCANÇOU";;"NÃO ALCANÇOU";"ALCANÇOU";"NÃO ALCANÇOU";"ALCANÇOU";"ALCANÇOU"
"SC";"420917";"Jupiá";"ALCANÇOU";"ALCANÇOU";;"NÃO ALCANÇOU";"NÃO ALCANÇOU";"NÃO ALCANÇOU";"ALCANÇOU";"NÃO ALCANÇOU"
"SC";"420920";"Lacerdópolis";"ALCANÇOU";"ALCANÇOU";;"NÃO ALCANÇOU";"ALCANÇOU";"NÃO ALCANÇOU";"ALCANÇOU";"NÃO ALCANÇOU"
"SC";"420930";"Lages";"ALCANÇOU";"ALCANÇOU";;"NÃO ALCANÇOU";"ALCANÇOU";"ALCANÇOU";"NÃO ALCANÇOU";"ALCANÇOU"
"SC";"420940";"Laguna";"ALCANÇOU";"ALCANÇOU";;"NÃO ALCANÇOU";"ALCANÇOU";"ALCANÇOU";"ALCANÇOU";"ALCANÇOU"
"SC";"420945";"Lajeado Grande";"ALCANÇOU";"ALCANÇOU";;"NÃO ALCANÇOU";"NÃO ALCANÇOU";"NÃO ALCANÇOU";"ALCANÇOU";"ALCANÇOU"
"SC";"420950";"Laurentino";"ALCANÇOU";"ALCANÇOU";;"NÃO ALCANÇOU";"ALCANÇOU";"NÃO ALCANÇOU";"NÃO ALCANÇOU";"ALCANÇOU"
"SC";"420960";"Lauro Muller";"NÃO ALCANÇOU";"ALCANÇOU";;;"NÃO ALCANÇOU";"NÃO ALCANÇOU";"ALCANÇOU";"ALCANÇOU"
"SC";"420960";"Lauro Müller";;;;"ALCANÇOU";;;;
"SC";"420970";"Lebon Régis";"NÃO ALCANÇOU";"ALCANÇOU";;"NÃO ALCANÇOU";"NÃO ALCANÇOU";"ALCANÇOU";"ALCANÇOU";"ALCANÇOU"
"SC";"420980";"Leoberto Leal";"ALCANÇOU";"ALCANÇOU";;"NÃO ALCANÇOU";"NÃO ALCANÇOU";"NÃO ALCANÇOU";"NÃO ALCANÇOU";"ALCANÇOU"
"SC";"420985";"Lindóia do Sul";"NÃO ALCANÇOU";"ALCANÇOU";;"ALCANÇOU";"ALCANÇOU";"NÃO ALCANÇOU";"ALCANÇOU";"ALCANÇOU"
"SC";"420990";"Lontras";"ALCANÇOU";"ALCANÇOU";;"NÃO ALCANÇOU";"NÃO ALCANÇOU";"NÃO ALCANÇOU";"ALCANÇOU";"ALCANÇOU"
"SC";"421000";"Luiz Alves";"ALCANÇOU";"ALCANÇOU";;"ALCANÇOU";"NÃO ALCANÇOU";"NÃO ALCANÇOU";"NÃO ALCANÇOU";"ALCANÇOU"
"SC";"421003";"Luzerna";"ALCANÇOU";"ALCANÇOU";;"NÃO ALCANÇOU";"ALCANÇOU";"NÃO ALCANÇOU";"ALCANÇOU";"NÃO ALCANÇOU"
"SC";"421005";"Macieira";"ALCANÇOU";"ALCANÇOU";;"NÃO ALCANÇOU";"NÃO ALCANÇOU";"NÃO ALCANÇOU";"ALCANÇOU";"ALCANÇOU"
"SC";"421010";"Mafra";"ALCANÇOU";"ALCANÇOU";;"NÃO ALCANÇOU";"ALCANÇOU";"ALCANÇOU";"ALCANÇOU";"ALCANÇOU"
"SC";"421020";"Major Gercino";"ALCANÇOU";"NÃO ALCANÇOU";;"NÃO ALCANÇOU";"ALCANÇOU";"NÃO ALCANÇOU";"NÃO ALCANÇOU";"ALCANÇOU"
"SC";"421030";"Major Vieira";"NÃO ALCANÇOU";"ALCANÇOU";;"ALCANÇOU";"ALCANÇOU";"NÃO ALCANÇOU";"NÃO ALCANÇOU";"ALCANÇOU"
"SC";"421040";"Maracajá";"ALCANÇOU";"ALCANÇOU";;"NÃO ALCANÇOU";"ALCANÇOU";"NÃO ALCANÇOU";"ALCANÇOU";"ALCANÇOU"
"SC";"421050";"Maravilha";"ALCANÇOU";"ALCANÇOU";;"NÃO ALCANÇOU";"ALCANÇOU";"NÃO ALCANÇOU";"NÃO ALCANÇOU";"NÃO ALCANÇOU"
"SC";"421055";"Marema";"ALCANÇOU";"ALCANÇOU";;"ALCANÇOU";"NÃO ALCANÇOU";"NÃO ALCANÇOU";"NÃO ALCANÇOU";"ALCANÇOU"
"SC";"421060";"Massaranduba";"ALCANÇOU";"ALCANÇOU";;"NÃO ALCANÇOU";"ALCANÇOU";"NÃO ALCANÇOU";"ALCANÇOU";"ALCANÇOU"
"SC";"421070";"Matos Costa";"NÃO ALCANÇOU";"ALCANÇOU";;"NÃO ALCANÇOU";"ALCANÇOU";"NÃO ALCANÇOU";"ALCANÇOU";"ALCANÇOU"
"SC";"421080";"Meleiro";"ALCANÇOU";"ALCANÇOU";;"NÃO ALCANÇOU";"ALCANÇOU";"NÃO ALCANÇOU";"NÃO ALCANÇOU";"ALCANÇOU"
"SC";"421085";"Mirim Doce";"ALCANÇOU";"NÃO ALCANÇOU";;"NÃO ALCANÇOU";"ALCANÇOU";"NÃO ALCANÇOU";"ALCANÇOU";"ALCANÇOU"
"SC";"421090";"Modelo";"ALCANÇOU";"NÃO ALCANÇOU";;"NÃO ALCANÇOU";"ALCANÇOU";"NÃO ALCANÇOU";"ALCANÇOU";"ALCANÇOU"
"SC";"421100";"Mondaí";"ALCANÇOU";"NÃO ALCANÇOU";;"ALCANÇOU";"NÃO ALCANÇOU";"NÃO ALCANÇOU";"NÃO ALCANÇOU";"ALCANÇOU"
"SC";"421105";"Monte Carlo";"ALCANÇOU";"NÃO ALCANÇOU";;"ALCANÇOU";"ALCANÇOU";"NÃO ALCANÇOU";"ALCANÇOU";"ALCANÇOU"
"SC";"421110";"Monte Castelo";"ALCANÇOU";"ALCANÇOU";;"ALCANÇOU";"ALCANÇOU";"NÃO ALCANÇOU";"ALCANÇOU";"ALCANÇOU"
"SC";"421125";"Morro Grande";"ALCANÇOU";"ALCANÇOU";;"NÃO ALCANÇOU";"NÃO ALCANÇOU";"NÃO ALCANÇOU";"ALCANÇOU";"ALCANÇOU"
"SC";"421120";"Morro da Fumaça";"ALCANÇOU";"ALCANÇOU";;"NÃO ALCANÇOU";"ALCANÇOU";"ALCANÇOU";"ALCANÇOU";"ALCANÇOU"
"SC";"421130";"Navegantes";"ALCANÇOU";"ALCANÇOU";;"ALCANÇOU";"NÃO ALCANÇOU";"ALCANÇOU";"ALCANÇOU";"ALCANÇOU"
"SC";"421140";"Nova Erechim";"ALCANÇOU";"ALCANÇOU";;"ALCANÇOU";"ALCANÇOU";"NÃO ALCANÇOU";"ALCANÇOU";"NÃO ALCANÇOU"
"SC";"421145";"Nova Itaberaba";"ALCANÇOU";"ALCANÇOU";;"ALCANÇOU";"ALCANÇOU";"NÃO ALCANÇOU";"ALCANÇOU";"NÃO ALCANÇOU"
"SC";"421150";"Nova Trento";"ALCANÇOU";"ALCANÇOU";;"ALCANÇOU";"NÃO ALCANÇOU";"NÃO ALCANÇOU";"ALCANÇOU";"NÃO ALCANÇOU"
"SC";"421160";"Nova Veneza";"ALCANÇOU";"ALCANÇOU";;"NÃO ALCANÇOU";"ALCANÇOU";"NÃO ALCANÇOU";"NÃO ALCANÇOU";"ALCANÇOU"
"SC";"421165";"Novo Horizonte";"ALCANÇOU";"NÃO ALCANÇOU";;"NÃO ALCANÇOU";"NÃO ALCANÇOU";"NÃO ALCANÇOU";"NÃO ALCANÇOU";"ALCANÇOU"
"SC";"421170";"Orleans";"ALCANÇOU";"ALCANÇOU";;"NÃO ALCANÇOU";"ALCANÇOU";"ALCANÇOU";"ALCANÇOU";"ALCANÇOU"
"SC";"421175";"Otacílio Costa";"ALCANÇOU";"ALCANÇOU";;"NÃO ALCANÇOU";"ALCANÇOU";"NÃO ALCANÇOU";"ALCANÇOU";"ALCANÇOU"
"SC";"421180";"Ouro";"ALCANÇOU";"ALCANÇOU";;"ALCANÇOU";"ALCANÇOU";"NÃO ALCANÇOU";"NÃO ALCANÇOU";"NÃO ALCANÇOU"
"SC";"421185";"Ouro Verde";"ALCANÇOU";"ALCANÇOU";;"ALCANÇOU";"ALCANÇOU";"NÃO ALCANÇOU";"ALCANÇOU";"NÃO ALCANÇOU"
"SC";"421187";"Paial";"ALCANÇOU";"NÃO ALCANÇOU";;"NÃO ALCANÇOU";"NÃO ALCANÇOU";"NÃO ALCANÇOU";"ALCANÇOU";"ALCANÇOU"
"SC";"421189";"Painel";"ALCANÇOU";"NÃO ALCANÇOU";;"NÃO ALCANÇOU";"NÃO ALCANÇOU";"NÃO ALCANÇOU";"ALCANÇOU";"ALCANÇOU"
"SC";"421190";"Palhoça";"ALCANÇOU";"ALCANÇOU";;"NÃO ALCANÇOU";"ALCANÇOU";"ALCANÇOU";"NÃO ALCANÇOU";"ALCANÇOU"
"SC";"421200";"Palma Sola";"ALCANÇOU";"ALCANÇOU";;"NÃO ALCANÇOU";"ALCANÇOU";"ALCANÇOU";"ALCANÇOU";"ALCANÇOU"
"SC";"421205";"Palmeira";"ALCANÇOU";"ALCANÇOU";;"ALCANÇOU";"NÃO ALCANÇOU";"ALCANÇOU";"ALCANÇOU";"NÃO ALCANÇOU"
"SC";"421210";"Palmitos";"ALCANÇOU";"ALCANÇOU";;"NÃO ALCANÇOU";"NÃO ALCANÇOU";"NÃO ALCANÇOU";"ALCANÇOU";"NÃO ALCANÇOU"
"SC";"421220";"Papanduva";"ALCANÇOU";"ALCANÇOU";;"NÃO ALCANÇOU";"ALCANÇOU";"NÃO ALCANÇOU";"ALCANÇOU";"ALCANÇOU"
"SC";"421223";"Paraíso";"ALCANÇOU";"ALCANÇOU";;"ALCANÇOU";"ALCANÇOU";"NÃO ALCANÇOU";"ALCANÇOU";"ALCANÇOU"
"SC";"421225";"Passo de Torres";"ALCANÇOU";"ALCANÇOU";;"NÃO ALCANÇOU";"ALCANÇOU";"NÃO ALCANÇOU";"NÃO ALCANÇOU";"ALCANÇOU"
"SC";"421227";"Passos Maia";"ALCANÇOU";"ALCANÇOU";;"NÃO ALCANÇOU";"ALCANÇOU";"NÃO ALCANÇOU";"ALCANÇOU";"NÃO ALCANÇOU"
"SC";"421230";"Paulo Lopes";"ALCANÇOU";"ALCANÇOU";;"NÃO ALCANÇOU";"ALCANÇOU";"NÃO ALCANÇOU";"ALCANÇOU";"ALCANÇOU"
"SC";"421240";"Pedras Grandes";"ALCANÇOU";"ALCANÇOU";;"NÃO ALCANÇOU";"ALCANÇOU";"NÃO ALCANÇOU";"NÃO ALCANÇOU";"ALCANÇOU"
"SC";"421250";"Penha";"ALCANÇOU";"ALCANÇOU";;"NÃO ALCANÇOU";"ALCANÇOU";"NÃO ALCANÇOU";"NÃO ALCANÇOU";"ALCANÇOU"
"SC";"421260";"Peritiba";"ALCANÇOU";"ALCANÇOU";;"ALCANÇOU";"ALCANÇOU";"NÃO ALCANÇOU";"ALCANÇOU";"ALCANÇOU"
"SC";"421265";"Pescaria Brava";"ALCANÇOU";"NÃO ALCANÇOU";;"ALCANÇOU";"ALCANÇOU";"NÃO ALCANÇOU";"NÃO ALCANÇOU";"NÃO ALCANÇOU"
"SC";"421270";"Petrolândia";"ALCANÇOU";"ALCANÇOU";;"NÃO ALCANÇOU";"ALCANÇOU";"NÃO ALCANÇOU";"ALCANÇOU";"ALCANÇOU"
"SC";"421290";"Pinhalzinho";"ALCANÇOU";"ALCANÇOU";;"ALCANÇOU";"ALCANÇOU";"ALCANÇOU";"ALCANÇOU";"ALCANÇOU"
"SC";"421300";"Pinheiro Preto";"ALCANÇOU";"ALCANÇOU";;"NÃO ALCANÇOU";"ALCANÇOU";"NÃO ALCANÇOU";"ALCANÇOU";"ALCANÇOU"
"SC";"421310";"Piratuba";"ALCANÇOU";"ALCANÇOU";;"NÃO ALCANÇOU";"ALCANÇOU";"NÃO ALCANÇOU";"ALCANÇOU";"NÃO ALCANÇOU"
"SC";"421315";"Planalto Alegre";"ALCANÇOU";"ALCANÇOU";;"NÃO ALCANÇOU";"ALCANÇOU";"NÃO ALCANÇOU";"NÃO ALCANÇOU";"ALCANÇOU"
"SC";"421320";"Pomerode";"ALCANÇOU";"ALCANÇOU";;"NÃO ALCANÇOU";"ALCANÇOU";"NÃO ALCANÇOU";"ALCANÇOU";"ALCANÇOU"
"SC";"421330";"Ponte Alta";"ALCANÇOU";"ALCANÇOU";;"NÃO ALCANÇOU";"NÃO ALCANÇOU";"NÃO ALCANÇOU";"ALCANÇOU";"ALCANÇOU"
"SC";"421335";"Ponte Alta do Norte";"ALCANÇOU";"ALCANÇOU";;"NÃO ALCANÇOU";"ALCANÇOU";"NÃO ALCANÇOU";"ALCANÇOU";"ALCANÇOU"
"SC";"421340";"Ponte Serrada";"ALCANÇOU";"NÃO ALCANÇOU";;"NÃO ALCANÇOU";"ALCANÇOU";"NÃO ALCANÇOU";"NÃO ALCANÇOU";"ALCANÇOU"
"SC";"421350";"Porto Belo";"ALCANÇOU";"ALCANÇOU";;"ALCANÇOU";"ALCANÇOU";"ALCANÇOU";"ALCANÇOU";"ALCANÇOU"
"SC";"421360";"Porto União";"ALCANÇOU";"ALCANÇOU";;"NÃO ALCANÇOU";"NÃO ALCANÇOU";"NÃO ALCANÇOU";"NÃO ALCANÇOU";"ALCANÇOU"
"SC";"421370";"Pouso Redondo";"ALCANÇOU";"ALCANÇOU";;"NÃO ALCANÇOU";"ALCANÇOU";"NÃO ALCANÇOU";"ALCANÇOU";"ALCANÇOU"
"SC";"421380";"Praia Grande";"ALCANÇOU";"ALCANÇOU";;"NÃO ALCANÇOU";"ALCANÇOU";"NÃO ALCANÇOU";"ALCANÇOU";"ALCANÇOU"
"SC";"421390";"Presidente Castello Branco";"ALCANÇOU";"ALCANÇOU";;"ALCANÇOU";"ALCANÇOU";"NÃO ALCANÇOU";"ALCANÇOU";"ALCANÇOU"
"SC";"421400";"Presidente Getúlio";"ALCANÇOU";"ALCANÇOU";;"NÃO ALCANÇOU";"ALCANÇOU";"NÃO ALCANÇOU";"ALCANÇOU";"ALCANÇOU"
"SC";"421410";"Presidente Nereu";"ALCANÇOU";"ALCANÇOU";;"ALCANÇOU";"ALCANÇOU";"NÃO ALCANÇOU";"ALCANÇOU";"ALCANÇOU"
"SC";"421415";"Princesa";"NÃO ALCANÇOU";"NÃO ALCANÇOU";;"ALCANÇOU";"ALCANÇOU";"NÃO ALCANÇOU";"ALCANÇOU";"ALCANÇOU"
"SC";"421420";"Quilombo";"ALCANÇOU";"ALCANÇOU";;"NÃO ALCANÇOU";"ALCANÇOU";"ALCANÇOU";"ALCANÇOU";"NÃO ALCANÇOU"
"SC";"421430";"Rancho Queimado";"ALCANÇOU";"ALCANÇOU";;"NÃO ALCANÇOU";"NÃO ALCANÇOU";"NÃO ALCANÇOU";"ALCANÇOU";"NÃO ALCANÇOU"
"SC";"421490";"Rio Fortuna";"ALCANÇOU";"ALCANÇOU";;"ALCANÇOU";"ALCANÇOU";"NÃO ALCANÇOU";"ALCANÇOU";"ALCANÇOU"
"SC";"421500";"Rio Negrinho";"ALCANÇOU";"ALCANÇOU";;"NÃO ALCANÇOU";"ALCANÇOU";"ALCANÇOU";"NÃO ALCANÇOU";"ALCANÇOU"
"SC";"421505";"Rio Rufino";"ALCANÇOU";"ALCANÇOU";;"ALCANÇOU";"ALCANÇOU";"NÃO ALCANÇOU";"ALCANÇOU";"ALCANÇOU"
"SC";"421440";"Rio das Antas";"ALCANÇOU";"NÃO ALCANÇOU";;"NÃO ALCANÇOU";"ALCANÇOU";"NÃO ALCANÇOU";"NÃO ALCANÇOU";"ALCANÇOU"
"SC";"421450";"Rio do Campo";"ALCANÇOU";"ALCANÇOU";;"ALCANÇOU";"ALCANÇOU";"NÃO ALCANÇOU";"ALCANÇOU";"ALCANÇOU"
"SC";"421460";"Rio do Oeste";"ALCANÇOU";"ALCANÇOU";;"NÃO ALCANÇOU";"ALCANÇOU";"NÃO ALCANÇOU";"ALCANÇOU";"ALCANÇOU"
"SC";"421480";"Rio do Sul";"ALCANÇOU";"ALCANÇOU";;"NÃO ALCANÇOU";"ALCANÇOU";"ALCANÇOU";"NÃO ALCANÇOU";"ALCANÇOU"
"SC";"421470";"Rio dos Cedros";"ALCANÇOU";"ALCANÇOU";;"ALCANÇOU";"ALCANÇOU";"NÃO ALCANÇOU";"ALCANÇOU";"ALCANÇOU"
"SC";"421507";"Riqueza";"ALCANÇOU";"ALCANÇOU";;"NÃO ALCANÇOU";"ALCANÇOU";"NÃO ALCANÇOU";"NÃO ALCANÇOU";"NÃO ALCANÇOU"
"SC";"421510";"Rodeio";"ALCANÇOU";"ALCANÇOU";;"ALCANÇOU";"ALCANÇOU";"ALCANÇOU";"ALCANÇOU";"ALCANÇOU"
"SC";"421520";"Romelândia";"ALCANÇOU";"ALCANÇOU";;"NÃO ALCANÇOU";"ALCANÇOU";"NÃO ALCANÇOU";"ALCANÇOU";"NÃO ALCANÇOU"
"SC";"421530";"Salete";"ALCANÇOU";"ALCANÇOU";;"ALCANÇOU";"ALCANÇOU";"NÃO ALCANÇOU";"ALCANÇOU";"ALCANÇOU"
"SC";"421535";"Saltinho";"ALCANÇOU";"ALCANÇOU";;"NÃO ALCANÇOU";"ALCANÇOU";"NÃO ALCANÇOU";"ALCANÇOU";"ALCANÇOU"
"SC";"421540";"Salto Veloso";"ALCANÇOU";"ALCANÇOU";;"NÃO ALCANÇOU";"ALCANÇOU";"NÃO ALCANÇOU";"ALCANÇOU";"NÃO ALCANÇOU"
"SC";"421545";"Sangão";"ALCANÇOU";"ALCANÇOU";;"NÃO ALCANÇOU";"ALCANÇOU";"NÃO ALCANÇOU";"NÃO ALCANÇOU";"ALCANÇOU"
"SC";"421550";"Santa Cecília";"ALCANÇOU";"ALCANÇOU";;"NÃO ALCANÇOU";"ALCANÇOU";"NÃO ALCANÇOU";"ALCANÇOU";"ALCANÇOU"
"SC";"421555";"Santa Helena";"ALCANÇOU";"ALCANÇOU";;"ALCANÇOU";"ALCANÇOU";"NÃO ALCANÇOU";"ALCANÇOU";"ALCANÇOU"
"SC";"421560";"Santa Rosa de Lima";"ALCANÇOU";"ALCANÇOU";;"NÃO ALCANÇOU";"NÃO ALCANÇOU";"NÃO ALCANÇOU";"ALCANÇOU";"ALCANÇOU"
"SC";"421565";"Santa Rosa do Sul";"ALCANÇOU";"ALCANÇOU";;"NÃO ALCANÇOU";"NÃO ALCANÇOU";"NÃO ALCANÇOU";"NÃO ALCANÇOU";"ALCANÇOU"
"SC";"421567";"Santa Terezinha";"ALCANÇOU";"ALCANÇOU";;"NÃO ALCANÇOU";"ALCANÇOU";"NÃO ALCANÇOU";"NÃO ALCANÇOU";"ALCANÇOU"
"SC";"421568";"Santa Terezinha do Progresso";"ALCANÇOU";"ALCANÇOU";;"ALCANÇOU";"NÃO ALCANÇOU";"NÃO ALCANÇOU";"ALCANÇOU";"ALCANÇOU"
"SC";"421569";"Santiago do Sul";"NÃO ALCANÇOU";"ALCANÇOU";;"NÃO ALCANÇOU";"NÃO ALCANÇOU";"NÃO ALCANÇOU";"ALCANÇOU";"ALCANÇOU"
"SC";"421570";"Santo Amaro da Imperatriz";"ALCANÇOU";"ALCANÇOU";;"NÃO ALCANÇOU";"ALCANÇOU";"ALCANÇOU";"ALCANÇOU";"ALCANÇOU"
"SC";"421730";"Saudades";"ALCANÇOU";"ALCANÇOU";;"NÃO ALCANÇOU";"ALCANÇOU";"NÃO ALCANÇOU";"ALCANÇOU";"ALCANÇOU"
"SC";"421740";"Schroeder";"NÃO ALCANÇOU";"ALCANÇOU";;"NÃO ALCANÇOU";"ALCANÇOU";"ALCANÇOU";"ALCANÇOU";"ALCANÇOU"
"SC";"421750";"Seara";"NÃO ALCANÇOU";"ALCANÇOU";;"NÃO ALCANÇOU";"NÃO ALCANÇOU";"ALCANÇOU";"ALCANÇOU";"ALCANÇOU"
"SC";"421755";"Serra Alta";"ALCANÇOU";"ALCANÇOU";;"NÃO ALCANÇOU";"ALCANÇOU";"NÃO ALCANÇOU";"ALCANÇOU";"NÃO ALCANÇOU"
"SC";"421760";"Siderópolis";"ALCANÇOU";"ALCANÇOU";;"ALCANÇOU";"ALCANÇOU";"NÃO ALCANÇOU";"ALCANÇOU";"ALCANÇOU"
"SC";"421770";"Sombrio";"ALCANÇOU";"ALCANÇOU";;"ALCANÇOU";"ALCANÇOU";"ALCANÇOU";"ALCANÇOU";"ALCANÇOU"
"SC";"421775";"Sul Brasil";"NÃO ALCANÇOU";"ALCANÇOU";;"NÃO ALCANÇOU";"ALCANÇOU";"NÃO ALCANÇOU";"ALCANÇOU";"NÃO ALCANÇOU"
"SC";"421580";"São Bento do Sul";"ALCANÇOU";"ALCANÇOU";;"NÃO ALCANÇOU";"ALCANÇOU";"NÃO ALCANÇOU";"NÃO ALCANÇOU";"NÃO ALCANÇOU"
"SC";"421575";"São Bernardino";"ALCANÇOU";"ALCANÇOU";;"NÃO ALCANÇOU";"NÃO ALCANÇOU";"NÃO ALCANÇOU";"ALCANÇOU";"NÃO ALCANÇOU"
"SC";"421590";"São Bonifácio";"ALCANÇOU";"ALCANÇOU";;"ALCANÇOU";"ALCANÇOU";"NÃO ALCANÇOU";"ALCANÇOU";"ALCANÇOU"
"SC";"421600";"São Carlos";"ALCANÇOU";"ALCANÇOU";;"NÃO ALCANÇOU";"ALCANÇOU";"NÃO ALCANÇOU";"ALCANÇOU";"NÃO ALCANÇOU"
"SC";"421605";"São Cristovão do Sul";"ALCANÇOU";"ALCANÇOU";;;"ALCANÇOU";"NÃO ALCANÇOU";"NÃO ALCANÇOU";"NÃO ALCANÇOU"
"SC";"421605";"São Cristóvão do Sul";;;;"ALCANÇOU";;;;
"SC";"421610";"São Domingos";"ALCANÇOU";"ALCANÇOU";;"NÃO ALCANÇOU";"NÃO ALCANÇOU";"NÃO ALCANÇOU";"ALCANÇOU";"ALCANÇOU"
"SC";"421620";"São Francisco do Sul";"ALCANÇOU";"ALCANÇOU";;"NÃO ALCANÇOU";"NÃO ALCANÇOU";"NÃO ALCANÇOU";"ALCANÇOU";"ALCANÇOU"
"SC";"421650";"São Joaquim";"ALCANÇOU";"ALCANÇOU";;"NÃO ALCANÇOU";"ALCANÇOU";"ALCANÇOU";"ALCANÇOU";"ALCANÇOU"
"SC";"421660";"São José";"ALCANÇOU";"ALCANÇOU";;"NÃO ALCANÇOU";"ALCANÇOU";"ALCANÇOU";"NÃO ALCANÇOU";"ALCANÇOU"
"SC";"421670";"São José do Cedro";"ALCANÇOU";"ALCANÇOU";;"ALCANÇOU";"ALCANÇOU";"NÃO ALCANÇOU";"NÃO ALCANÇOU";"ALCANÇOU"
"SC";"421680";"São José do Cerrito";"ALCANÇOU";"ALCANÇOU";;"NÃO ALCANÇOU";"ALCANÇOU";"NÃO ALCANÇOU";"ALCANÇOU";"ALCANÇOU"
"SC";"421630";"São João Batista";"ALCANÇOU";"ALCANÇOU";;"NÃO ALCANÇOU";"ALCANÇOU";"NÃO ALCANÇOU";"ALCANÇOU";"ALCANÇOU"
"SC";"421635";"São João do Itaperiú";"NÃO ALCANÇOU";"ALCANÇOU";;"NÃO ALCANÇOU";"NÃO ALCANÇOU";"NÃO ALCANÇOU";"ALCANÇOU";"ALCANÇOU"
"SC";"421625";"São João do Oeste";"ALCANÇOU";"ALCANÇOU";;"NÃO ALCANÇOU";"ALCANÇOU";"NÃO ALCANÇOU";"ALCANÇOU";"NÃO ALCANÇOU"
"SC";"421640";"São João do Sul";"ALCANÇOU";"ALCANÇOU";;"ALCANÇOU";"ALCANÇOU";"NÃO ALCANÇOU";"ALCANÇOU";"ALCANÇOU"
"SC";"421690";"São Lourenço do Oeste";"ALCANÇOU";"ALCANÇOU";;"NÃO ALCANÇOU";"ALCANÇOU";"ALCANÇOU";"ALCANÇOU";"ALCANÇOU"
"SC";"421700";"São Ludgero";"ALCANÇOU";"ALCANÇOU";;"ALCANÇOU";"ALCANÇOU";"NÃO ALCANÇOU";"ALCANÇOU";"ALCANÇOU"
"SC";"421710";"São Martinho";"ALCANÇOU";"NÃO ALCANÇOU";;"NÃO ALCANÇOU";"NÃO ALCANÇOU";"NÃO ALCANÇOU";"ALCANÇOU";"ALCANÇOU"
"SC";"421715";"São Miguel da Boa Vista";"ALCANÇOU";"ALCANÇOU";;"ALCANÇOU";"NÃO ALCANÇOU";"NÃO ALCANÇOU";"ALCANÇOU";"ALCANÇOU"
"SC";"421720";"São Miguel do Oeste";"ALCANÇOU";"ALCANÇOU";;"ALCANÇOU";"ALCANÇOU";"ALCANÇOU";"NÃO ALCANÇOU";"ALCANÇOU"
"SC";"421725";"São Pedro de Alcântara";"ALCANÇOU";"ALCANÇOU";;"ALCANÇOU";"ALCANÇOU";"NÃO ALCANÇOU";"NÃO ALCANÇOU";"ALCANÇOU"
"SC";"421780";"Taió";"ALCANÇOU";"NÃO ALCANÇOU";;"NÃO ALCANÇOU";"ALCANÇOU";"NÃO ALCANÇOU";"ALCANÇOU";"ALCANÇOU"
"SC";"421790";"Tangará";"ALCANÇOU";"ALCANÇOU";;"ALCANÇOU";"ALCANÇOU";"NÃO ALCANÇOU";"ALCANÇOU";"ALCANÇOU"
"SC";"421795";"Tigrinhos";"ALCANÇOU";"ALCANÇOU";;"ALCANÇOU";"ALCANÇOU";"NÃO ALCANÇOU";"ALCANÇOU";"ALCANÇOU"
"SC";"421800";"Tijucas";"ALCANÇOU";"ALCANÇOU";;"NÃO ALCANÇOU";"ALCANÇOU";"ALCANÇOU";"ALCANÇOU";"ALCANÇOU"
"SC";"421810";"Timbé do Sul";"ALCANÇOU";"ALCANÇOU";;"NÃO ALCANÇOU";"ALCANÇOU";"NÃO ALCANÇOU";"ALCANÇOU";"ALCANÇOU"
"SC";"421820";"Timbó";"ALCANÇOU";"ALCANÇOU";;"NÃO ALCANÇOU";"ALCANÇOU";"NÃO ALCANÇOU";"NÃO ALCANÇOU";"ALCANÇOU"
"SC";"421825";"Timbó Grande";"ALCANÇOU";"ALCANÇOU";;"NÃO ALCANÇOU";"NÃO ALCANÇOU";"NÃO ALCANÇOU";"ALCANÇOU";"ALCANÇOU"
"SC";"421835";"Treviso";"ALCANÇOU";"ALCANÇOU";;"ALCANÇOU";"ALCANÇOU";"NÃO ALCANÇOU";"ALCANÇOU";"ALCANÇOU"
"SC";"421850";"Treze Tílias";"ALCANÇOU";"ALCANÇOU";;"NÃO ALCANÇOU";"ALCANÇOU";"NÃO ALCANÇOU";"ALCANÇOU";"ALCANÇOU"
"SC";"421840";"Treze de Maio";"ALCANÇOU";"ALCANÇOU";;"NÃO ALCANÇOU";"NÃO ALCANÇOU";"NÃO ALCANÇOU";"ALCANÇOU";"ALCANÇOU"
"SC";"421860";"Trombudo Central";"ALCANÇOU";"ALCANÇOU";;"ALCANÇOU";"ALCANÇOU";"NÃO ALCANÇOU";"NÃO ALCANÇOU";"ALCANÇOU"
"SC";"421830";"Três Barras";"ALCANÇOU";"ALCANÇOU";;"NÃO ALCANÇOU";"ALCANÇOU";"NÃO ALCANÇOU";"ALCANÇOU";"ALCANÇOU"
"SC";"421870";"Tubarão";"ALCANÇOU";"ALCANÇOU";;"NÃO ALCANÇOU";"ALCANÇOU";"ALCANÇOU";"ALCANÇOU";"ALCANÇOU"
"SC";"421875";"Tunápolis";"ALCANÇOU";"ALCANÇOU";;"NÃO ALCANÇOU";"ALCANÇOU";"ALCANÇOU";"ALCANÇOU";"ALCANÇOU"
"SC";"421880";"Turvo";"ALCANÇOU";"ALCANÇOU";;"ALCANÇOU";"ALCANÇOU";"NÃO ALCANÇOU";"NÃO ALCANÇOU";"ALCANÇOU"
"SC";"421885";"União do Oeste";"ALCANÇOU";"ALCANÇOU";;"NÃO ALCANÇOU";"ALCANÇOU";"NÃO ALCANÇOU";"ALCANÇOU";"NÃO ALCANÇOU"
"SC";"421890";"Urubici";"NÃO ALCANÇOU";"ALCANÇOU";;"NÃO ALCANÇOU";"NÃO ALCANÇOU";"ALCANÇOU";"ALCANÇOU";"ALCANÇOU"
"SC";"421895";"Urupema";"ALCANÇOU";"ALCANÇOU";;"NÃO ALCANÇOU";"ALCANÇOU";"NÃO ALCANÇOU";"ALCANÇOU";"ALCANÇOU"
"SC";"421900";"Urussanga";"ALCANÇOU";"NÃO ALCANÇOU";;"NÃO ALCANÇOU";"ALCANÇOU";"ALCANÇOU";"ALCANÇOU";"ALCANÇOU"
"SC";"421915";"Vargem";"NÃO ALCANÇOU";"ALCANÇOU";;"ALCANÇOU";"NÃO ALCANÇOU";"NÃO ALCANÇOU";"ALCANÇOU";"ALCANÇOU"
"SC";"421917";"Vargem Bonita";"ALCANÇOU";"ALCANÇOU";;"ALCANÇOU";"ALCANÇOU";"NÃO ALCANÇOU";"ALCANÇOU";"ALCANÇOU"
"SC";"421910";"Vargeão";"ALCANÇOU";"ALCANÇOU";;"NÃO ALCANÇOU";"ALCANÇOU";"NÃO ALCANÇOU";"ALCANÇOU";"ALCANÇOU"
"SC";"421920";"Vidal Ramos";"ALCANÇOU";"ALCANÇOU";;"NÃO ALCANÇOU";"ALCANÇOU";"NÃO ALCANÇOU";"ALCANÇOU";"ALCANÇOU"
"SC";"421930";"Videira";"ALCANÇOU";"ALCANÇOU";;"NÃO ALCANÇOU";"ALCANÇOU";"ALCANÇOU";"ALCANÇOU";"ALCANÇOU"
"SC";"421935";"Vitor Meireles";"ALCANÇOU";"ALCANÇOU";;"NÃO ALCANÇOU";"ALCANÇOU";"NÃO ALCANÇOU";"ALCANÇOU";"ALCANÇOU"
"SC";"421940";"Witmarsum";"ALCANÇOU";"ALCANÇOU";;"ALCANÇOU";"ALCANÇOU";"NÃO ALCANÇOU";"ALCANÇOU";"ALCANÇOU"
"SC";"421950";"Xanxerê";"ALCANÇOU";"ALCANÇOU";;"NÃO ALCANÇOU";"ALCANÇOU";"NÃO ALCANÇOU";"ALCANÇOU";"ALCANÇOU"
"SC";"421960";"Xavantina";"ALCANÇOU";"ALCANÇOU";;"NÃO ALCANÇOU";"ALCANÇOU";"NÃO ALCANÇOU";"ALCANÇOU";"ALCANÇOU"
"SC";"421970";"Xaxim";"ALCANÇOU";"ALCANÇOU";;"NÃO ALCANÇOU";"ALCANÇOU";"ALCANÇOU";"NÃO ALCANÇOU";"ALCANÇOU"
"SC";"421985";"Zortéa";"NÃO ALCANÇOU";"ALCANÇOU";;"ALCANÇOU";"NÃO ALCANÇOU";"NÃO ALCANÇOU";"ALCANÇOU";"ALCANÇOU"
"SC";"420040";"Água Doce";"ALCANÇOU";"ALCANÇOU";;"NÃO ALCANÇOU";"ALCANÇOU";"NÃO ALCANÇOU";"ALCANÇOU";"ALCANÇOU"
"SC";"420055";"Águas Frias";"ALCANÇOU";"ALCANÇOU";;"NÃO ALCANÇOU";"ALCANÇOU";"NÃO ALCANÇOU";"ALCANÇOU";"ALCANÇOU"
"SC";"420060";"Águas Mornas";"ALCANÇOU";"ALCANÇOU";;"NÃO ALCANÇOU";"NÃO ALCANÇOU";"ALCANÇOU";"ALCANÇOU";"ALCANÇOU"
"SC";"420050";"Águas de Chapecó";"ALCANÇOU";"ALCANÇOU";;"NÃO ALCANÇOU";"ALCANÇOU";"NÃO ALCANÇOU";"ALCANÇOU";"ALCANÇOU"
"SC";"420005";;;;"ALCANÇOU";;;;;
"SC";"420010";;;;"ALCANÇOU";;;;;
"SC";"420020";;;;"ALCANÇOU";;;;;
"SC";"420030";;;;"ALCANÇOU";;;;;
"SC";"420040";;;;"ALCANÇOU";;;;;
"SC";"420050";;;;"ALCANÇOU";;;;;
"SC";"420055";;;;"ALCANÇOU";;;;;
"SC";"420060";;;;"ALCANÇOU";;;;;
"SC";"420070";;;;"ALCANÇOU";;;;;
"SC";"420075";;;;"ALCANÇOU";;;;;
"SC";"420080";;;;"ALCANÇOU";;;;;
"SC";"420090";;;;"ALCANÇOU";;;;;
"SC";"420100";;;;"ALCANÇOU";;;;;
"SC";"420110";;;;"ALCANÇOU";;;;;
"SC";"420120";;;;"ALCANÇOU";;;;;
"SC";"420125";;;;"ALCANÇOU";;;;;
"SC";"420127";;;;"ALCANÇOU";;;;;
"SC";"420130";;;;"ALCANÇOU";;;;;
"SC";"420140";;;;"ALCANÇOU";;;;;
"SC";"420150";;;;"ALCANÇOU";;;;;
"SC";"420160";;;;"ALCANÇOU";;;;;
"SC";"420165";;;;"ALCANÇOU";;;;;
"SC";"420170";;;;"NÃO ALCANÇOU";;;;;
"SC";"420180";;;;"ALCANÇOU";;;;;
"SC";"420190";;;;"ALCANÇOU";;;;;
"SC";"420195";;;;"ALCANÇOU";;;;;
"SC";"420200";;;;"ALCANÇOU";;;;;
"SC";"420205";;;;"NÃO ALCANÇOU";;;;;
"SC";"420207";;;;"ALCANÇOU";;;;;
"SC";"420208";;;;"ALCANÇOU";;;;;
"SC";"420209";;;;"ALCANÇOU";;;;;
"SC";"420210";;;;"ALCANÇOU";;;;;
"SC";"420213";;;;"ALCANÇOU";;;;;
"SC";"420215";;;;"ALCANÇOU";;;;;
"SC";"420220";;;;"ALCANÇOU";;;;;
"SC";"420230";;;;"ALCANÇOU";;;;;
"SC";"420240";;;;"ALCANÇOU";;;;;
"SC";"420243";;;;"ALCANÇOU";;;;;
"SC";"420245";;;;"ALCANÇOU";;;;;
"SC";"420250";;;;"ALCANÇOU";;;;;
"SC";"420253";;;;"ALCANÇOU";;;;;
"SC";"420257";;;;"ALCANÇOU";;;;;
"SC";"420260";;;;"ALCANÇOU";;;;;
"SC";"420270";;;;"ALCANÇOU";;;;;
"SC";"420280";;;;"ALCANÇOU";;;;;
"SC";"420285";;;;"ALCANÇOU";;;;;
"SC";"420287";;;;"ALCANÇOU";;;;;
"SC";"420290";;;;"ALCANÇOU";;;;;
"SC";"420300";;;;"ALCANÇOU";;;;;
"SC";"420310";;;;"ALCANÇOU";;;;;
"SC";"420315";;;;"ALCANÇOU";;;;;
"SC";"420320";;;;"ALCANÇOU";;;;;
"SC";"420325";;;;"ALCANÇOU";;;;;
"SC";"420330";;;;"ALCANÇOU";;;;;
"SC";"420340";;;;"ALCANÇOU";;;;;
"SC";"420350";;;;"ALCANÇOU";;;;;
"SC";"420360";;;;"ALCANÇOU";;;;;
"SC";"420370";;;;"ALCANÇOU";;;;;
"SC";"420380";;;;"ALCANÇOU";;;;;
"SC";"420390";;;;"ALCANÇOU";;;;;
"SC";"420395";;;;"ALCANÇOU";;;;;
"SC";"420400";;;;"NÃO ALCANÇOU";;;;;
"SC";"420410";;;;"ALCANÇOU";;;;;
"SC";"420415";;;;"NÃO ALCANÇOU";;;;;
"SC";"420417";;;;"ALCANÇOU";;;;;
"SC";"420419";;;;"ALCANÇOU";;;;;
"SC";"420420";;;;"ALCANÇOU";;;;;
"SC";"420425";;;;"ALCANÇOU";;;;;
"SC";"420430";;;;"ALCANÇOU";;;;;
"SC";"420435";;;;"ALCANÇOU";;;;;
"SC";"420440";;;;"ALCANÇOU";;;;;
"SC";"420445";;;;"ALCANÇOU";;;;;
"SC";"420450";;;;"ALCANÇOU";;;;;
"SC";"420455";;;;"ALCANÇOU";;;;;
"SC";"420460";;;;"ALCANÇOU";;;;;
"SC";"420470";;;;"ALCANÇOU";;;;;
"SC";"420475";;;;"ALCANÇOU";;;;;
"SC";"420480";;;;"ALCANÇOU";;;;;
"SC";"420490";;;;"ALCANÇOU";;;;;
"SC";"420500";;;;"ALCANÇOU";;;;;
"SC";"420510";;;;"ALCANÇOU";;;;;
"SC";"420515";;;;"NÃO ALCANÇOU";;;;;
"SC";"420517";;;;"ALCANÇOU";;;;;
"SC";"420519";;;;"ALCANÇOU";;;;;
"SC";"420520";;;;"ALCANÇOU";;;;;
"SC";"420530";;;;"ALCANÇOU";;;;;
"SC";"420535";;;;"ALCANÇOU";;;;;
"SC";"420540";;;;"ALCANÇOU";;;;;
"SC";"420543";;;;"ALCANÇOU";;;;;
"SC";"420545";;;;"ALCANÇOU";;;;;
"SC";"420550";;;;"ALCANÇOU";;;;;
"SC";"420555";;;;"ALCANÇOU";;;;;
"SC";"420560";;;;"ALCANÇOU";;;;;
"SC";"420570";;;;"ALCANÇOU";;;;;
"SC";"420580";;;;"ALCANÇOU";;;;;
"SC";"420590";;;;"ALCANÇOU";;;;;
"SC";"420600";;;;"ALCANÇOU";;;;;
"SC";"420610";;;;"ALCANÇOU";;;;;
"SC";"420620";;;;"ALCANÇOU";;;;;
"SC";"420630";;;;"ALCANÇOU";;;;;
"SC";"420640";;;;"ALCANÇOU";;;;;
"SC";"420650";;;;"ALCANÇOU";;;;;
"SC";"420660";;;;"ALCANÇOU";;;;;
"SC";"420665";;;;"ALCANÇOU";;;;;
"SC";"420670";;;;"ALCANÇOU";;;;;
"SC";"420675";;;;"ALCANÇOU";;;;;
"SC";"420680";;;;"ALCANÇOU";;;;;
"SC";"420690";;;;"ALCANÇOU";;;;;
"SC";"420700";;;;"ALCANÇOU";;;;;
"SC";"420710";;;;"ALCANÇOU";;;;;
"SC";"420720";;;;"ALCANÇOU";;;;;
"SC";"420730";;;;"ALCANÇOU";;;;;
"SC";"420740";;;;"ALCANÇOU";;;;;
"SC";"420750";;;;"ALCANÇOU";;;;;
"SC";"420757";;;;"ALCANÇOU";;;;;
"SC";"420760";;;;"ALCANÇOU";;;;;
"SC";"420765";;;;"ALCANÇOU";;;;;
"SC";"420768";;;;"ALCANÇOU";;;;;
"SC";"420770";;;;"NÃO ALCANÇOU";;;;;
"SC";"420775";;;;"ALCANÇOU";;;;;
"SC";"420780";;;;"NÃO ALCANÇOU";;;;;
"SC";"420785";;;;"ALCANÇOU";;;;;
"SC";"420790";;;;"ALCANÇOU";;;;;
"SC";"420800";;;;"ALCANÇOU";;;;;
"SC";"420810";;;;"ALCANÇOU";;;;;
"SC";"420820";;;;"ALCANÇOU";;;;;
"SC";"420830";;;;"ALCANÇOU";;;;;
"SC";"420840";;;;"ALCANÇOU";;;;;
"SC";"420845";;;;"ALCANÇOU";;;;;
"SC";"420850";;;;"ALCANÇOU";;;;;
"SC";"420860";;;;"ALCANÇOU";;;;;
"SC";"420870";;;;"NÃO ALCANÇOU";;;;;
"SC";"420880";;;;"ALCANÇOU";;;;;
"SC";"420890";;;;"ALCANÇOU";;;;;
"SC";"420895";;;;"ALCANÇOU";;;;;
"SC";"420900";;;;"ALCANÇOU";;;;;
"SC";"420910";;;;"ALCANÇOU";;;;;
"SC";"420915";;;;"ALCANÇOU";;;;;
"SC";"420917";;;;"ALCANÇOU";;;;;
"SC";"420920";;;;"ALCANÇOU";;;;;
"SC";"420930";;;;"NÃO ALCANÇOU";;;;;
"SC";"420940";;;;"ALCANÇOU";;;;;
"SC";"420945";;;;"ALCANÇOU";;;;;
"SC";"420950";;;;"ALCANÇOU";;;;;
"SC";"420960";;;;"ALCANÇOU";;;;;
"SC";"420970";;;;"NÃO ALCANÇOU";;;;;
"SC";"420980";;;;"ALCANÇOU";;;;;
"SC";"420985";;;;"ALCANÇOU";;;;;
"SC";"420990";;;;"ALCANÇOU";;;;;
"SC";"421000";;;;"ALCANÇOU";;;;;
"SC";"421003";;;;"NÃO ALCANÇOU";;;;;
"SC";"421005";;;;"ALCANÇOU";;;;;
"SC";"421010";;;;"ALCANÇOU";;;;;
"SC";"421020";;;;"ALCANÇOU";;;;;
"SC";"421030";;;;"ALCANÇOU";;;;;
"SC";"421040";;;;"ALCANÇOU";;;;;
"SC";"421050";;;;"NÃO ALCANÇOU";;;;;
"SC";"421055";;;;"ALCANÇOU";;;;;
"SC";"421060";;;;"ALCANÇOU";;;;;
"SC";"421070";;;;"ALCANÇOU";;;;;
"SC";"421080";;;;"ALCANÇOU";;;;;
"SC";"421085";;;;"ALCANÇOU";;;;;
"SC";"421090";;;;"ALCANÇOU";;;;;
"SC";"421100";;;;"ALCANÇOU";;;;;
"SC";"421105";;;;"ALCANÇOU";;;;;
"SC";"421110";;;;"NÃO ALCANÇOU";;;;;
"SC";"421120";;;;"ALCANÇOU";;;;;
"SC";"421125";;;;"ALCANÇOU";;;;;
"SC";"421130";;;;"ALCANÇOU";;;;;
"SC";"421140";;;;"ALCANÇOU";;;;;
"SC";"421145";;;;"ALCANÇOU";;;;;
"SC";"421150";;;;"ALCANÇOU";;;;;
"SC";"421160";;;;"ALCANÇOU";;;;;
"SC";"421165";;;;"ALCANÇOU";;;;;
"SC";"421170";;;;"ALCANÇOU";;;;;
"SC";"421175";;;;"ALCANÇOU";;;;;
"SC";"421180";;;;"ALCANÇOU";;;;;
"SC";"421185";;;;"ALCANÇOU";;;;;
"SC";"421187";;;;"ALCANÇOU";;;;;
"SC";"421189";;;;"ALCANÇOU";;;;;
"SC";"421190";;;;"ALCANÇOU";;;;;
"SC";"421200";;;;"ALCANÇOU";;;;;
"SC";"421205";;;;"ALCANÇOU";;;;;
"SC";"421210";;;;"NÃO ALCANÇOU";;;;;
"SC";"421220";;;;"ALCANÇOU";;;;;
"SC";"421223";;;;"ALCANÇOU";;;;;
"SC";"421225";;;;"ALCANÇOU";;;;;
"SC";"421227";;;;"ALCANÇOU";;;;;
"SC";"421230";;;;"ALCANÇOU";;;;;
"SC";"421240";;;;"ALCANÇOU";;;;;
"SC";"421250";;;;"ALCANÇOU";;;;;
"SC";"421260";;;;"ALCANÇOU";;;;;
"SC";"421265";;;;"ALCANÇOU";;;;;
"SC";"421270";;;;"ALCANÇOU";;;;;
"SC";"421280";;;;"ALCANÇOU";;;;;
"SC";"421290";;;;"ALCANÇOU";;;;;
"SC";"421300";;;;"ALCANÇOU";;;;;
"SC";"421310";;;;"NÃO ALCANÇOU";;;;;
"SC";"421315";;;;"ALCANÇOU";;;;;
"SC";"421320";;;;"ALCANÇOU";;;;;
"SC";"421330";;;;"ALCANÇOU";;;;;
"SC";"421335";;;;"NÃO ALCANÇOU";;;;;
"SC";"421340";;;;"ALCANÇOU";;;;;
"SC";"421350";;;;"ALCANÇOU";;;;;
"SC";"421360";;;;"ALCANÇOU";;;;;
"SC";"421370";;;;"ALCANÇOU";;;;;
"SC";"421380";;;;"ALCANÇOU";;;;;
"SC";"421390";;;;"ALCANÇOU";;;;;
"SC";"421400";;;;"NÃO ALCANÇOU";;;;;
"SC";"421410";;;;"ALCANÇOU";;;;;
"SC";"421415";;;;"ALCANÇOU";;;;;
"SC";"421420";;;;"NÃO ALCANÇOU";;;;;
"SC";"421430";;;;"NÃO ALCANÇOU";;;;;
"SC";"421440";;;;"NÃO ALCANÇOU";;;;;
"SC";"421450";;;;"ALCANÇOU";;;;;
"SC";"421460";;;;"ALCANÇOU";;;;;
"SC";"421470";;;;"ALCANÇOU";;;;;
"SC";"421480";;;;"ALCANÇOU";;;;;
"SC";"421490";;;;"ALCANÇOU";;;;;
"SC";"421500";;;;"ALCANÇOU";;;;;
"SC";"421505";;;;"ALCANÇOU";;;;;
"SC";"421507";;;;"ALCANÇOU";;;;;
"SC";"421510";;;;"ALCANÇOU";;;;;
"SC";"421520";;;;"ALCANÇOU";;;;;
"SC";"421530";;;;"ALCANÇOU";;;;;
"SC";"421535";;;;"ALCANÇOU";;;;;
"SC";"421540";;;;"ALCANÇOU";;;;;
"SC";"421545";;;;"ALCANÇOU";;;;;
"SC";"421550";;;;"ALCANÇOU";;;;;
"SC";"421555";;;;"ALCANÇOU";;;;;
"SC";"421560";;;;"ALCANÇOU";;;;;
"SC";"421565";;;;"ALCANÇOU";;;;;
"SC";"421567";;;;"ALCANÇOU";;;;;
"SC";"421568";;;;"ALCANÇOU";;;;;
"SC";"421569";;;;"ALCANÇOU";;;;;
"SC";"421570";;;;"ALCANÇOU";;;;;
"SC";"421575";;;;"ALCANÇOU";;;;;
"SC";"421580";;;;"ALCANÇOU";;;;;
"SC";"421590";;;;"ALCANÇOU";;;;;
"SC";"421600";;;;"ALCANÇOU";;;;;
"SC";"421605";;;;"ALCANÇOU";;;;;
"SC";"421610";;;;"ALCANÇOU";;;;;
"SC";"421620";;;;"ALCANÇOU";;;;;
"SC";"421625";;;;"ALCANÇOU";;;;;
"SC";"421630";;;;"ALCANÇOU";;;;;
"SC";"421635";;;;"ALCANÇOU";;;;;
"SC";"421640";;;;"ALCANÇOU";;;;;
"SC";"421650";;;;"ALCANÇOU";;;;;
"SC";"421660";;;;"ALCANÇOU";;;;;
"SC";"421670";;;;"ALCANÇOU";;;;;
"SC";"421680";;;;"NÃO ALCANÇOU";;;;;
"SC";"421690";;;;"ALCANÇOU";;;;;
"SC";"421700";;;;"ALCANÇOU";;;;;
"SC";"421710";;;;"ALCANÇOU";;;;;
"SC";"421715";;;;"ALCANÇOU";;;;;
"SC";"421720";;;;"NÃO ALCANÇOU";;;;;
"SC";"421725";;;;"ALCANÇOU";;;;;
"SC";"421730";;;;"ALCANÇOU";;;;;
"SC";"421740";;;;"ALCANÇOU";;;;;
"SC";"421750";;;;"ALCANÇOU";;;;;
"SC";"421755";;;;"ALCANÇOU";;;;;
"SC";"421760";;;;"ALCANÇOU";;;;;
"SC";"421770";;;;"ALCANÇOU";;;;;
"SC";"421775";;;;"ALCANÇOU";;;;;
"SC";"421780";;;;"ALCANÇOU";;;;;
"SC";"421790";;;;"ALCANÇOU";;;;;
"SC";"421795";;;;"ALCANÇOU";;;;;
"SC";"421800";;;;"NÃO ALCANÇOU";;;;;
"SC";"421810";;;;"ALCANÇOU";;;;;
"SC";"421820";;;;"ALCANÇOU";;;;;
"SC";"421825";;;;"ALCANÇOU";;;;;
"SC";"421830";;;;"ALCANÇOU";;;;;
"SC";"421835";;;;"ALCANÇOU";;;;;
"SC";"421840";;;;"ALCANÇOU";;;;;
"SC";"421850";;;;"ALCANÇOU";;;;;
"SC";"421860";;;;"ALCANÇOU";;;;;
"SC";"421870";;;;"ALCANÇOU";;;;;
"SC";"421875";;;;"ALCANÇOU";;;;;
"SC";"421880";;;;"NÃO ALCANÇOU";;;;;
"SC";"421885";;;;"ALCANÇOU";;;;;
"SC";"421890";;;;"ALCANÇOU";;;;;
"SC";"421895";;;;"ALCANÇOU";;;;;
"SC";"421900";;;;"NÃO ALCANÇOU";;;;;
"SC";"421910";;;;"ALCANÇOU";;;;;
"SC";"421915";;;;"NÃO ALCANÇOU";;;;;
"SC";"421917";;;;"ALCANÇOU";;;;;
"SC";"421920";;;;"ALCANÇOU";;;;;
"SC";"421930";;;;"NÃO ALCANÇOU";;;;;
"SC";"421935";;;;"NÃO ALCANÇOU";;;;;
"SC";"421940";;;;"ALCANÇOU";;;;;
"SC";"421950";;;;"ALCANÇOU";;;;;
"SC";"421960";;;;"ALCANÇOU";;;;;
"SC";"421970";;;;"NÃO ALCANÇOU";;;;;
"SC";"421985";;;;"ALCANÇOU";;;;;
"SC";"422000";;;;"ALCANÇOU";;;;;
"SE";"280010";"Amparo de São Francisco";"ALCANÇOU";"ALCANÇOU";;;"NÃO ALCANÇOU";"NÃO ALCANÇOU";"ALCANÇOU";"NÃO ALCANÇOU"
"SE";"280010";"Amparo do São Francisco";;;;"NÃO ALCANÇOU";;;;
"SE";"280020";"Aquidabã";"ALCANÇOU";"ALCANÇOU";;"NÃO ALCANÇOU";"NÃO ALCANÇOU";"ALCANÇOU";"ALCANÇOU";"ALCANÇOU"
"SE";"280030";"Aracaju";"ALCANÇOU";"ALCANÇOU";;"NÃO ALCANÇOU";"ALCANÇOU";"ALCANÇOU";"NÃO ALCANÇOU";"ALCANÇOU"
"SE";"280040";"Arauá";"ALCANÇOU";"ALCANÇOU";;"NÃO ALCANÇOU";"NÃO ALCANÇOU";"NÃO ALCANÇOU";"ALCANÇOU";"ALCANÇOU"
"SE";"280050";"Areia Branca";"ALCANÇOU";"ALCANÇOU";;"NÃO ALCANÇOU";"ALCANÇOU";"NÃO ALCANÇOU";"NÃO ALCANÇOU";"NÃO ALCANÇOU"
"SE";"280060";"Barra dos Coqueiros";"ALCANÇOU";"ALCANÇOU";;"ALCANÇOU";"ALCANÇOU";"ALCANÇOU";"NÃO ALCANÇOU";"NÃO ALCANÇOU"
"SE";"280067";"Boquim";"ALCANÇOU";"ALCANÇOU";;"NÃO ALCANÇOU";"NÃO ALCANÇOU";"NÃO ALCANÇOU";"NÃO ALCANÇOU";"ALCANÇOU"
"SE";"280070";"Brejo Grande";"ALCANÇOU";"ALCANÇOU";;"ALCANÇOU";"NÃO ALCANÇOU";"NÃO ALCANÇOU";"NÃO ALCANÇOU";"ALCANÇOU"
"SE";"280100";"Campo do Brito";"ALCANÇOU";"ALCANÇOU";;"ALCANÇOU";"NÃO ALCANÇOU";"NÃO ALCANÇOU";"ALCANÇOU";"NÃO ALCANÇOU"
"SE";"280110";"Canhoba";"ALCANÇOU";"ALCANÇOU";;"NÃO ALCANÇOU";"NÃO ALCANÇOU";"NÃO ALCANÇOU";"ALCANÇOU";"NÃO ALCANÇOU"
"SE";"280120";"Canindé de São Francisco";"ALCANÇOU";"ALCANÇOU";;"NÃO ALCANÇOU";"ALCANÇOU";"NÃO ALCANÇOU";"ALCANÇOU";"ALCANÇOU"
"SE";"280130";"Capela";"ALCANÇOU";"ALCANÇOU";;"ALCANÇOU";"NÃO ALCANÇOU";"ALCANÇOU";"ALCANÇOU";"NÃO ALCANÇOU"
"SE";"280140";"Carira";"ALCANÇOU";"ALCANÇOU";;"ALCANÇOU";"NÃO ALCANÇOU";"NÃO ALCANÇOU";"NÃO ALCANÇOU";"NÃO ALCANÇOU"
"SE";"280150";"Carmópolis";"ALCANÇOU";"ALCANÇOU";;"ALCANÇOU";"NÃO ALCANÇOU";"NÃO ALCANÇOU";"ALCANÇOU";"ALCANÇOU"
"SE";"280160";"Cedro de São João";"ALCANÇOU";"ALCANÇOU";;"ALCANÇOU";"NÃO ALCANÇOU";"NÃO ALCANÇOU";"NÃO ALCANÇOU";"ALCANÇOU"
"SE";"280170";"Cristinápolis";"ALCANÇOU";"ALCANÇOU";;"NÃO ALCANÇOU";"ALCANÇOU";"NÃO ALCANÇOU";"ALCANÇOU";"NÃO ALCANÇOU"
"SE";"280190";"Cumbe";"ALCANÇOU";"ALCANÇOU";;"ALCANÇOU";"NÃO ALCANÇOU";"NÃO ALCANÇOU";"ALCANÇOU";"ALCANÇOU"
"SE";"280200";"Divina Pastora";"ALCANÇOU";"ALCANÇOU";;"NÃO ALCANÇOU";"ALCANÇOU";"NÃO ALCANÇOU";"NÃO ALCANÇOU";"NÃO ALCANÇOU"
"SE";"280210";"Estância";"ALCANÇOU";"ALCANÇOU";;"NÃO ALCANÇOU";"NÃO ALCANÇOU";"NÃO ALCANÇOU";"ALCANÇOU";"ALCANÇOU"
"SE";"280220";"Feira Nova";"ALCANÇOU";"ALCANÇOU";;"NÃO ALCANÇOU";"NÃO ALCANÇOU";"NÃO ALCANÇOU";"ALCANÇOU";"ALCANÇOU"
"SE";"280230";"Frei Paulo";"ALCANÇOU";"ALCANÇOU";;"NÃO ALCANÇOU";"NÃO ALCANÇOU";"NÃO ALCANÇOU";"NÃO ALCANÇOU";"ALCANÇOU"
"SE";"280240";"Gararu";"ALCANÇOU";"ALCANÇOU";;"ALCANÇOU";"NÃO ALCANÇOU";"ALCANÇOU";"ALCANÇOU";"NÃO ALCANÇOU"
"SE";"280250";"General Maynard";"ALCANÇOU";"ALCANÇOU";;"ALCANÇOU";"NÃO ALCANÇOU";"NÃO ALCANÇOU";"NÃO ALCANÇOU";"ALCANÇOU"
"SE";"280260";"Gracho Cardoso";"NÃO ALCANÇOU";"ALCANÇOU";;"NÃO ALCANÇOU";"ALCANÇOU";"NÃO ALCANÇOU";"ALCANÇOU";"ALCANÇOU"
"SE";"280270";"Ilha das Flores";"ALCANÇOU";"ALCANÇOU";;"ALCANÇOU";"NÃO ALCANÇOU";"NÃO ALCANÇOU";"ALCANÇOU";"NÃO ALCANÇOU"
"SE";"280280";"Indiaroba";"ALCANÇOU";"ALCANÇOU";;"NÃO ALCANÇOU";"NÃO ALCANÇOU";"NÃO ALCANÇOU";"ALCANÇOU";"ALCANÇOU"
"SE";"280290";"Itabaiana";"ALCANÇOU";"ALCANÇOU";;"NÃO ALCANÇOU";"ALCANÇOU";"NÃO ALCANÇOU";"ALCANÇOU";"NÃO ALCANÇOU"
"SE";"280300";"Itabaianinha";"ALCANÇOU";"ALCANÇOU";;"ALCANÇOU";"ALCANÇOU";"NÃO ALCANÇOU";"NÃO ALCANÇOU";"ALCANÇOU"
"SE";"280310";"Itabi";"ALCANÇOU";"ALCANÇOU";;"NÃO ALCANÇOU";"NÃO ALCANÇOU";"NÃO ALCANÇOU";"ALCANÇOU";"NÃO ALCANÇOU"
"SE";"280320";"Itaporanga d'Ajuda";"ALCANÇOU";"ALCANÇOU";;"NÃO ALCANÇOU";"NÃO ALCANÇOU";"ALCANÇOU";"NÃO ALCANÇOU";
"SE";"280320";"Itaporanga dAjuda";;;;;;;;"NÃO ALCANÇOU"
"SE";"280330";"Japaratuba";"ALCANÇOU";"ALCANÇOU";;"NÃO ALCANÇOU";"NÃO ALCANÇOU";"NÃO ALCANÇOU";"ALCANÇOU";"NÃO ALCANÇOU"
"SE";"280340";"Japoatã";"ALCANÇOU";"ALCANÇOU";;"NÃO ALCANÇOU";"NÃO ALCANÇOU";"NÃO ALCANÇOU";"NÃO ALCANÇOU";"NÃO ALCANÇOU"
"SE";"280350";"Lagarto";"ALCANÇOU";"ALCANÇOU";;"NÃO ALCANÇOU";"NÃO ALCANÇOU";"NÃO ALCANÇOU";"NÃO ALCANÇOU";"ALCANÇOU"
"SE";"280360";"Laranjeiras";"ALCANÇOU";"ALCANÇOU";;"NÃO ALCANÇOU";"NÃO ALCANÇOU";"NÃO ALCANÇOU";"NÃO ALCANÇOU";"ALCANÇOU"
"SE";"280370";"Macambira";"ALCANÇOU";"ALCANÇOU";;"ALCANÇOU";"NÃO ALCANÇOU";"NÃO ALCANÇOU";"ALCANÇOU";"NÃO ALCANÇOU"
"SE";"280380";"Malhada dos Bois";"ALCANÇOU";"ALCANÇOU";;"NÃO ALCANÇOU";"NÃO ALCANÇOU";"NÃO ALCANÇOU";"ALCANÇOU";"ALCANÇOU"
"SE";"280390";"Malhador";"ALCANÇOU";"ALCANÇOU";;"NÃO ALCANÇOU";"ALCANÇOU";"NÃO ALCANÇOU";"ALCANÇOU";"NÃO ALCANÇOU"
"SE";"280400";"Maruim";"ALCANÇOU";"ALCANÇOU";;"ALCANÇOU";"NÃO ALCANÇOU";"NÃO ALCANÇOU";"ALCANÇOU";"ALCANÇOU"
"SE";"280410";"Moita Bonita";"ALCANÇOU";"ALCANÇOU";;"ALCANÇOU";"ALCANÇOU";"ALCANÇOU";"ALCANÇOU";"NÃO ALCANÇOU"
"SE";"280420";"Monte Alegre de Sergipe";"ALCANÇOU";"ALCANÇOU";;"ALCANÇOU";"ALCANÇOU";"NÃO ALCANÇOU";"ALCANÇOU";"ALCANÇOU"
"SE";"280430";"Muribeca";"ALCANÇOU";"ALCANÇOU";;"ALCANÇOU";"NÃO ALCANÇOU";"NÃO ALCANÇOU";"ALCANÇOU";"ALCANÇOU"
"SE";"280440";"Neópolis";"ALCANÇOU";"ALCANÇOU";;"NÃO ALCANÇOU";"NÃO ALCANÇOU";"NÃO ALCANÇOU";"NÃO ALCANÇOU";"ALCANÇOU"
"SE";"280445";"Nossa Senhora Aparecida";"ALCANÇOU";"ALCANÇOU";;"ALCANÇOU";"NÃO ALCANÇOU";"NÃO ALCANÇOU";"ALCANÇOU";"ALCANÇOU"
"SE";"280450";"Nossa Senhora da Glória";"ALCANÇOU";"ALCANÇOU";;"NÃO ALCANÇOU";"NÃO ALCANÇOU";"ALCANÇOU";"NÃO ALCANÇOU";"NÃO ALCANÇOU"
"SE";"280460";"Nossa Senhora das Dores";"ALCANÇOU";"ALCANÇOU";;"ALCANÇOU";"NÃO ALCANÇOU";"ALCANÇOU";"ALCANÇOU";"NÃO ALCANÇOU"
"SE";"280470";"Nossa Senhora de Lourdes";"ALCANÇOU";"ALCANÇOU";;"NÃO ALCANÇOU";"NÃO ALCANÇOU";"NÃO ALCANÇOU";"ALCANÇOU";"ALCANÇOU"
"SE";"280480";"Nossa Senhora do Socorro";"NÃO ALCANÇOU";"ALCANÇOU";;"NÃO ALCANÇOU";"ALCANÇOU";"NÃO ALCANÇOU";"NÃO ALCANÇOU";"NÃO ALCANÇOU"
"SE";"280490";"Pacatuba";"ALCANÇOU";"ALCANÇOU";;"ALCANÇOU";"NÃO ALCANÇOU";"NÃO ALCANÇOU";"ALCANÇOU";"ALCANÇOU"
"SE";"280500";"Pedra Mole";"ALCANÇOU";"ALCANÇOU";;"ALCANÇOU";"ALCANÇOU";"NÃO ALCANÇOU";"ALCANÇOU";"ALCANÇOU"
"SE";"280510";"Pedrinhas";"NÃO ALCANÇOU";"ALCANÇOU";;"ALCANÇOU";"NÃO ALCANÇOU";"NÃO ALCANÇOU";"NÃO ALCANÇOU";"NÃO ALCANÇOU"
"SE";"280520";"Pinhão";"ALCANÇOU";"ALCANÇOU";;"ALCANÇOU";"NÃO ALCANÇOU";"NÃO ALCANÇOU";"NÃO ALCANÇOU";"NÃO ALCANÇOU"
"SE";"280530";"Pirambu";"ALCANÇOU";"ALCANÇOU";;"NÃO ALCANÇOU";"NÃO ALCANÇOU";"NÃO ALCANÇOU";"ALCANÇOU";"NÃO ALCANÇOU"
"SE";"280560";"Porto da Folha";"ALCANÇOU";"ALCANÇOU";;"ALCANÇOU";"NÃO ALCANÇOU";"NÃO ALCANÇOU";"NÃO ALCANÇOU";"ALCANÇOU"
"SE";"280540";"Poço Redondo";"ALCANÇOU";"ALCANÇOU";;"ALCANÇOU";"NÃO ALCANÇOU";"ALCANÇOU";"ALCANÇOU";"ALCANÇOU"
"SE";"280550";"Poço Verde";"ALCANÇOU";"ALCANÇOU";;"NÃO ALCANÇOU";"ALCANÇOU";"NÃO ALCANÇOU";"NÃO ALCANÇOU";"ALCANÇOU"
"SE";"280570";"Propriá";"ALCANÇOU";"ALCANÇOU";;"NÃO ALCANÇOU";"NÃO ALCANÇOU";"NÃO ALCANÇOU";"NÃO ALCANÇOU";"NÃO ALCANÇOU"
"SE";"280590";"Riachuelo";"ALCANÇOU";"ALCANÇOU";;"NÃO ALCANÇOU";"NÃO ALCANÇOU";"NÃO ALCANÇOU";"ALCANÇOU";"ALCANÇOU"
"SE";"280580";"Riachão do Dantas";"ALCANÇOU";"ALCANÇOU";;"NÃO ALCANÇOU";"NÃO ALCANÇOU";"NÃO ALCANÇOU";"ALCANÇOU";"ALCANÇOU"
"SE";"280600";"Ribeirópolis";"ALCANÇOU";"ALCANÇOU";;"ALCANÇOU";"ALCANÇOU";"NÃO ALCANÇOU";"NÃO ALCANÇOU";"NÃO ALCANÇOU"
"SE";"280610";"Rosário do Catete";"ALCANÇOU";"ALCANÇOU";;"NÃO ALCANÇOU";"NÃO ALCANÇOU";"NÃO ALCANÇOU";"ALCANÇOU";"ALCANÇOU"
"SE";"280620";"Salgado";"ALCANÇOU";"ALCANÇOU";;"NÃO ALCANÇOU";"NÃO ALCANÇOU";"ALCANÇOU";"NÃO ALCANÇOU";"NÃO ALCANÇOU"
"SE";"280630";"Santa Luzia do Itanhy";"ALCANÇOU";"ALCANÇOU";;"ALCANÇOU";"ALCANÇOU";"ALCANÇOU";"ALCANÇOU";"ALCANÇOU"
"SE";"280650";"Santa Rosa de Lima";"ALCANÇOU";"ALCANÇOU";;"NÃO ALCANÇOU";"ALCANÇOU";"NÃO ALCANÇOU";"ALCANÇOU";"NÃO ALCANÇOU"
"SE";"280640";"Santana do São Francisco";"ALCANÇOU";"ALCANÇOU";;"ALCANÇOU";"NÃO ALCANÇOU";"NÃO ALCANÇOU";"ALCANÇOU";"NÃO ALCANÇOU"
"SE";"280660";"Santo Amaro das Brotas";"ALCANÇOU";"ALCANÇOU";;"ALCANÇOU";"NÃO ALCANÇOU";"NÃO ALCANÇOU";"ALCANÇOU";"NÃO ALCANÇOU"
"SE";"280710";"Simão Dias";"ALCANÇOU";"ALCANÇOU";;"NÃO ALCANÇOU";"ALCANÇOU";"NÃO ALCANÇOU";"NÃO ALCANÇOU";"ALCANÇOU"
"SE";"280720";"Siriri";"NÃO ALCANÇOU";"ALCANÇOU";;"ALCANÇOU";"NÃO ALCANÇOU";"ALCANÇOU";"NÃO ALCANÇOU";"ALCANÇOU"
"SE";"280670";"São Cristóvão";"ALCANÇOU";"ALCANÇOU";;"NÃO ALCANÇOU";"ALCANÇOU";"ALCANÇOU";"ALCANÇOU";"ALCANÇOU"
"SE";"280680";"São Domingos";"NÃO ALCANÇOU";"ALCANÇOU";;"ALCANÇOU";"ALCANÇOU";"NÃO ALCANÇOU";"ALCANÇOU";"ALCANÇOU"
"SE";"280690";"São Francisco";"ALCANÇOU";"ALCANÇOU";;"ALCANÇOU";"NÃO ALCANÇOU";"NÃO ALCANÇOU";"ALCANÇOU";"NÃO ALCANÇOU"
"SE";"280700";"São Miguel do Aleixo";"NÃO ALCANÇOU";"ALCANÇOU";;"NÃO ALCANÇOU";"NÃO ALCANÇOU";"NÃO ALCANÇOU";"NÃO ALCANÇOU";"ALCANÇOU"
"SE";"280730";"Telha";"NÃO ALCANÇOU";"ALCANÇOU";;"ALCANÇOU";"NÃO ALCANÇOU";"NÃO ALCANÇOU";"ALCANÇOU";"NÃO ALCANÇOU"
"SE";"280740";"Tobias Barreto";"ALCANÇOU";"ALCANÇOU";;"NÃO ALCANÇOU";"ALCANÇOU";"ALCANÇOU";"ALCANÇOU";"NÃO ALCANÇOU"
"SE";"280750";"Tomar do Geru";"ALCANÇOU";"ALCANÇOU";;"ALCANÇOU";"NÃO ALCANÇOU";"NÃO ALCANÇOU";"ALCANÇOU";"NÃO ALCANÇOU"
"SE";"280760";"Umbaúba";"ALCANÇOU";"ALCANÇOU";;"NÃO ALCANÇOU";"NÃO ALCANÇOU";"NÃO ALCANÇOU";"NÃO ALCANÇOU";"ALCANÇOU"
"SE";"280010";;;;"ALCANÇOU";;;;;
"SE";"280020";;;;"ALCANÇOU";;;;;
"SE";"280030";;;;"ALCANÇOU";;;;;
"SE";"280040";;;;"ALCANÇOU";;;;;
"SE";"280050";;;;"ALCANÇOU";;;;;
"SE";"280060";;;;"ALCANÇOU";;;;;
"SE";"280067";;;;"ALCANÇOU";;;;;
"SE";"280070";;;;"ALCANÇOU";;;;;
"SE";"280100";;;;"ALCANÇOU";;;;;
"SE";"280110";;;;"ALCANÇOU";;;;;
"SE";"280120";;;;"ALCANÇOU";;;;;
"SE";"280130";;;;"ALCANÇOU";;;;;
"SE";"280140";;;;"ALCANÇOU";;;;;
"SE";"280150";;;;"ALCANÇOU";;;;;
"SE";"280160";;;;"ALCANÇOU";;;;;
"SE";"280170";;;;"ALCANÇOU";;;;;
"SE";"280190";;;;"ALCANÇOU";;;;;
"SE";"280200";;;;"ALCANÇOU";;;;;
"SE";"280210";;;;"ALCANÇOU";;;;;
"SE";"280220";;;;"ALCANÇOU";;;;;
"SE";"280230";;;;"ALCANÇOU";;;;;
"SE";"280240";;;;"ALCANÇOU";;;;;
"SE";"280250";;;;"ALCANÇOU";;;;;
"SE";"280260";;;;"ALCANÇOU";;;;;
"SE";"280270";;;;"ALCANÇOU";;;;;
"SE";"280280";;;;"ALCANÇOU";;;;;
"SE";"280290";;;;"ALCANÇOU";;;;;
"SE";"280300";;;;"ALCANÇOU";;;;;
"SE";"280310";;;;"ALCANÇOU";;;;;
"SE";"280320";;;;"ALCANÇOU";;;;;
"SE";"280330";;;;"ALCANÇOU";;;;;
"SE";"280340";;;;"ALCANÇOU";;;;;
"SE";"280350";;;;"ALCANÇOU";;;;;
"SE";"280360";;;;"ALCANÇOU";;;;;
"SE";"280370";;;;"ALCANÇOU";;;;;
"SE";"280380";;;;"ALCANÇOU";;;;;
"SE";"280390";;;;"ALCANÇOU";;;;;
"SE";"280400";;;;"ALCANÇOU";;;;;
"SE";"280410";;;;"ALCANÇOU";;;;;
"SE";"280420";;;;"ALCANÇOU";;;;;
"SE";"280430";;;;"ALCANÇOU";;;;;
"SE";"280440";;;;"ALCANÇOU";;;;;
"SE";"280445";;;;"ALCANÇOU";;;;;
"SE";"280450";;;;"ALCANÇOU";;;;;
"SE";"280460";;;;"ALCANÇOU";;;;;
"SE";"280470";;;;"ALCANÇOU";;;;;
"SE";"280480";;;;"ALCANÇOU";;;;;
"SE";"280490";;;;"ALCANÇOU";;;;;
"SE";"280500";;;;"ALCANÇOU";;;;;
"SE";"280510";;;;"ALCANÇOU";;;;;
"SE";"280520";;;;"ALCANÇOU";;;;;
"SE";"280530";;;;"ALCANÇOU";;;;;
"SE";"280540";;;;"ALCANÇOU";;;;;
"SE";"280550";;;;"ALCANÇOU";;;;;
"SE";"280560";;;;"ALCANÇOU";;;;;
"SE";"280570";;;;"ALCANÇOU";;;;;
"SE";"280580";;;;"ALCANÇOU";;;;;
"SE";"280590";;;;"ALCANÇOU";;;;;
"SE";"280600";;;;"ALCANÇOU";;;;;
"SE";"280610";;;;"ALCANÇOU";;;;;
"SE";"280620";;;;"ALCANÇOU";;;;;
"SE";"280630";;;;"ALCANÇOU";;;;;
"SE";"280640";;;;"ALCANÇOU";;;;;
"SE";"280650";;;;"ALCANÇOU";;;;;
"SE";"280660";;;;"NÃO ALCANÇOU";;;;;
"SE";"280670";;;;"ALCANÇOU";;;;;
"SE";"280680";;;;"NÃO ALCANÇOU";;;;;
"SE";"280690";;;;"ALCANÇOU";;;;;
"SE";"280700";;;;"ALCANÇOU";;;;;
"SE";"280710";;;;"ALCANÇOU";;;;;
"SE";"280720";;;;"ALCANÇOU";;;;;
"SE";"280730";;;;"ALCANÇOU";;;;;
"SE";"280740";;;;"ALCANÇOU";;;;;
"SE";"280750";;;;"ALCANÇOU";;;;;
"SE";"280760";;;;"NÃO ALCANÇOU";;;;;
"SP";"350010";"Adamantina";"ALCANÇOU";"ALCANÇOU";;"NÃO ALCANÇOU";"NÃO ALCANÇOU";"NÃO ALCANÇOU";"ALCANÇOU";"ALCANÇOU"
"SP";"350020";"Adolfo";"ALCANÇOU";"ALCANÇOU";;"NÃO ALCANÇOU";"ALCANÇOU";"NÃO ALCANÇOU";"NÃO ALCANÇOU";"ALCANÇOU"
"SP";"350030";"Aguaí";"ALCANÇOU";"ALCANÇOU";;"ALCANÇOU";"ALCANÇOU";"ALCANÇOU";"ALCANÇOU";"ALCANÇOU"
"SP";"350070";"Agudos";"ALCANÇOU";"ALCANÇOU";;"NÃO ALCANÇOU";"ALCANÇOU";"NÃO ALCANÇOU";"NÃO ALCANÇOU";"ALCANÇOU"
"SP";"350075";"Alambari";"ALCANÇOU";"ALCANÇOU";;"NÃO ALCANÇOU";"ALCANÇOU";"ALCANÇOU";"ALCANÇOU";"NÃO ALCANÇOU"
"SP";"350080";"Alfredo Marcondes";"ALCANÇOU";"ALCANÇOU";;"ALCANÇOU";"ALCANÇOU";"ALCANÇOU";"ALCANÇOU";"ALCANÇOU"
"SP";"350090";"Altair";"ALCANÇOU";"ALCANÇOU";;"NÃO ALCANÇOU";"ALCANÇOU";"NÃO ALCANÇOU";"ALCANÇOU";"ALCANÇOU"
"SP";"350100";"Altinópolis";"ALCANÇOU";"ALCANÇOU";;"ALCANÇOU";"ALCANÇOU";"NÃO ALCANÇOU";"NÃO ALCANÇOU";"NÃO ALCANÇOU"
"SP";"350110";"Alto Alegre";"NÃO ALCANÇOU";"ALCANÇOU";;"NÃO ALCANÇOU";"ALCANÇOU";"NÃO ALCANÇOU";"ALCANÇOU";"ALCANÇOU"
"SP";"350115";"Alumínio";"ALCANÇOU";"ALCANÇOU";;"NÃO ALCANÇOU";"ALCANÇOU";"ALCANÇOU";"ALCANÇOU";"NÃO ALCANÇOU"
"SP";"350150";"Alvinlândia";"ALCANÇOU";"ALCANÇOU";;"NÃO ALCANÇOU";"NÃO ALCANÇOU";"ALCANÇOU";"ALCANÇOU";"ALCANÇOU"
"SP";"350160";"Americana";"ALCANÇOU";"ALCANÇOU";;"NÃO ALCANÇOU";"ALCANÇOU";"ALCANÇOU";"ALCANÇOU";"NÃO ALCANÇOU"
"SP";"350190";"Amparo";"ALCANÇOU";"ALCANÇOU";;"NÃO ALCANÇOU";"ALCANÇOU";"ALCANÇOU";"ALCANÇOU";"NÃO ALCANÇOU"
"SP";"350170";"Américo Brasiliense";"ALCANÇOU";"ALCANÇOU";;"NÃO ALCANÇOU";"ALCANÇOU";"NÃO ALCANÇOU";"ALCANÇOU";"NÃO ALCANÇOU"
"SP";"350180";"Américo de Campos";"ALCANÇOU";"ALCANÇOU";;"NÃO ALCANÇOU";"NÃO ALCANÇOU";"ALCANÇOU";"ALCANÇOU";"ALCANÇOU"
"SP";"350200";"Analândia";"ALCANÇOU";"ALCANÇOU";;"ALCANÇOU";"ALCANÇOU";"ALCANÇOU";"ALCANÇOU";"NÃO ALCANÇOU"
"SP";"350210";"Andradina";"ALCANÇOU";"ALCANÇOU";;"NÃO ALCANÇOU";"ALCANÇOU";"NÃO ALCANÇOU";"ALCANÇOU";"ALCANÇOU"
"SP";"350220";"Angatuba";"ALCANÇOU";"ALCANÇOU";;"NÃO ALCANÇOU";"ALCANÇOU";"ALCANÇOU";"NÃO ALCANÇOU";"ALCANÇOU"
"SP";"350230";"Anhembi";"ALCANÇOU";"ALCANÇOU";;"NÃO ALCANÇOU";"ALCANÇOU";"NÃO ALCANÇOU";"ALCANÇOU";"ALCANÇOU"
"SP";"350240";"Anhumas";"ALCANÇOU";"ALCANÇOU";;"NÃO ALCANÇOU";"ALCANÇOU";"ALCANÇOU";"ALCANÇOU";"ALCANÇOU"
"SP";"350250";"Aparecida";"ALCANÇOU";"ALCANÇOU";;"NÃO ALCANÇOU";"NÃO ALCANÇOU";"NÃO ALCANÇOU";"ALCANÇOU";"ALCANÇOU"
"SP";"350260";"Aparecida d'Oeste";"ALCANÇOU";"ALCANÇOU";;"ALCANÇOU";"ALCANÇOU";"NÃO ALCANÇOU";"ALCANÇOU";
"SP";"350260";"Aparecida dOeste";;;;;;;;"ALCANÇOU"
"SP";"350270";"Apiaí";"ALCANÇOU";"ALCANÇOU";;"ALCANÇOU";"ALCANÇOU";"ALCANÇOU";"ALCANÇOU";"ALCANÇOU"
"SP";"350300";"Aramina";"ALCANÇOU";"ALCANÇOU";;"NÃO ALCANÇOU";"ALCANÇOU";"NÃO ALCANÇOU";"ALCANÇOU";"NÃO ALCANÇOU"
"SP";"350310";"Arandu";"ALCANÇOU";"ALCANÇOU";;"ALCANÇOU";"ALCANÇOU";"NÃO ALCANÇOU";"NÃO ALCANÇOU";"ALCANÇOU"
"SP";"350315";"Arapeí";"NÃO ALCANÇOU";"ALCANÇOU";;"ALCANÇOU";"NÃO ALCANÇOU";"NÃO ALCANÇOU";"ALCANÇOU";"ALCANÇOU"
"SP";"350320";"Araraquara";"ALCANÇOU";"ALCANÇOU";;"NÃO ALCANÇOU";"ALCANÇOU";"NÃO ALCANÇOU";"NÃO ALCANÇOU";"ALCANÇOU"
"SP";"350330";"Araras";"ALCANÇOU";"ALCANÇOU";;"NÃO ALCANÇOU";"ALCANÇOU";"ALCANÇOU";"NÃO ALCANÇOU";"NÃO ALCANÇOU"
"SP";"350275";"Araçariguama";"ALCANÇOU";"ALCANÇOU";;"NÃO ALCANÇOU";"ALCANÇOU";"ALCANÇOU";"NÃO ALCANÇOU";"ALCANÇOU"
"SP";"350280";"Araçatuba";"ALCANÇOU";"ALCANÇOU";;"NÃO ALCANÇOU";"ALCANÇOU";"ALCANÇOU";"ALCANÇOU";"ALCANÇOU"
"SP";"350290";"Araçoiaba da Serra";"ALCANÇOU";"ALCANÇOU";;"ALCANÇOU";"ALCANÇOU";"NÃO ALCANÇOU";"NÃO ALCANÇOU";"NÃO ALCANÇOU"
"SP";"350335";"Arco-Íris";"NÃO ALCANÇOU";"ALCANÇOU";;"ALCANÇOU";"NÃO ALCANÇOU";"NÃO ALCANÇOU";"ALCANÇOU";"NÃO ALCANÇOU"
"SP";"350340";"Arealva";"ALCANÇOU";"NÃO ALCANÇOU";;"NÃO ALCANÇOU";"ALCANÇOU";"ALCANÇOU";"ALCANÇOU";"ALCANÇOU"
"SP";"350350";"Areias";"ALCANÇOU";"ALCANÇOU";;"ALCANÇOU";"ALCANÇOU";"NÃO ALCANÇOU";"ALCANÇOU";"ALCANÇOU"
"SP";"350360";"Areiópolis";"ALCANÇOU";"ALCANÇOU";;"ALCANÇOU";"ALCANÇOU";"NÃO ALCANÇOU";"NÃO ALCANÇOU";"NÃO ALCANÇOU"
"SP";"350370";"Ariranha";"ALCANÇOU";"ALCANÇOU";;"NÃO ALCANÇOU";"ALCANÇOU";"ALCANÇOU";"NÃO ALCANÇOU";"ALCANÇOU"
"SP";"350380";"Artur Nogueira";"ALCANÇOU";"ALCANÇOU";;"NÃO ALCANÇOU";"ALCANÇOU";"NÃO ALCANÇOU";"ALCANÇOU";"ALCANÇOU"
"SP";"350390";"Arujá";"ALCANÇOU";"ALCANÇOU";;"NÃO ALCANÇOU";"ALCANÇOU";"NÃO ALCANÇOU";"ALCANÇOU";"ALCANÇOU"
"SP";"350395";"Aspásia";"ALCANÇOU";"NÃO ALCANÇOU";;"NÃO ALCANÇOU";"ALCANÇOU";"NÃO ALCANÇOU";"ALCANÇOU";"ALCANÇOU"
"SP";"350400";"Assis";"ALCANÇOU";"ALCANÇOU";;"NÃO ALCANÇOU";"NÃO ALCANÇOU";"ALCANÇOU";"NÃO ALCANÇOU";"ALCANÇOU"
"SP";"350410";"Atibaia";"ALCANÇOU";"ALCANÇOU";;"NÃO ALCANÇOU";"ALCANÇOU";"NÃO ALCANÇOU";"ALCANÇOU";"NÃO ALCANÇOU"
"SP";"350420";"Auriflama";"ALCANÇOU";"ALCANÇOU";;"NÃO ALCANÇOU";"ALCANÇOU";"NÃO ALCANÇOU";"NÃO ALCANÇOU";"NÃO ALCANÇOU"
"SP";"350440";"Avanhandava";"NÃO ALCANÇOU";"ALCANÇOU";;"NÃO ALCANÇOU";"ALCANÇOU";"NÃO ALCANÇOU";"ALCANÇOU";"NÃO ALCANÇOU"
"SP";"350450";"Avaré";"ALCANÇOU";"ALCANÇOU";;"NÃO ALCANÇOU";"NÃO ALCANÇOU";"NÃO ALCANÇOU";"NÃO ALCANÇOU";"ALCANÇOU"
"SP";"350430";"Avaí";"ALCANÇOU";"NÃO ALCANÇOU";;"NÃO ALCANÇOU";"ALCANÇOU";"NÃO ALCANÇOU";"ALCANÇOU";"ALCANÇOU"
"SP";"350460";"Bady Bassitt";"ALCANÇOU";"ALCANÇOU";;"NÃO ALCANÇOU";"NÃO ALCANÇOU";"ALCANÇOU";"ALCANÇOU";"ALCANÇOU"
"SP";"350470";"Balbinos";"ALCANÇOU";"NÃO ALCANÇOU";;"ALCANÇOU";"ALCANÇOU";"NÃO ALCANÇOU";"NÃO ALCANÇOU";"NÃO ALCANÇOU"
"SP";"350490";"Bananal";"ALCANÇOU";"ALCANÇOU";;"NÃO ALCANÇOU";"ALCANÇOU";"NÃO ALCANÇOU";"ALCANÇOU";"ALCANÇOU"
"SP";"350510";"Barbosa";"ALCANÇOU";"ALCANÇOU";;"ALCANÇOU";"NÃO ALCANÇOU";"NÃO ALCANÇOU";"ALCANÇOU";"ALCANÇOU"
"SP";"350520";"Bariri";"ALCANÇOU";"ALCANÇOU";;"NÃO ALCANÇOU";"ALCANÇOU";"ALCANÇOU";"ALCANÇOU";"ALCANÇOU"
"SP";"350530";"Barra Bonita";"ALCANÇOU";"ALCANÇOU";;"ALCANÇOU";"NÃO ALCANÇOU";"NÃO ALCANÇOU";"NÃO ALCANÇOU";"ALCANÇOU"
"SP";"350535";"Barra do Chapéu";"ALCANÇOU";"ALCANÇOU";;"NÃO ALCANÇOU";"ALCANÇOU";"NÃO ALCANÇOU";"ALCANÇOU";"ALCANÇOU"
"SP";"350540";"Barra do Turvo";"ALCANÇOU";"ALCANÇOU";;"ALCANÇOU";"NÃO ALCANÇOU";"ALCANÇOU";"ALCANÇOU";"NÃO ALCANÇOU"
"SP";"350550";"Barretos";"ALCANÇOU";"ALCANÇOU";;"NÃO ALCANÇOU";"ALCANÇOU";"ALCANÇOU";"ALCANÇOU";"ALCANÇOU"
"SP";"350560";"Barrinha";"ALCANÇOU";"ALCANÇOU";;"NÃO ALCANÇOU";"ALCANÇOU";"NÃO ALCANÇOU";"ALCANÇOU";"NÃO ALCANÇOU"
"SP";"350570";"Barueri";"ALCANÇOU";"ALCANÇOU";;"NÃO ALCANÇOU";"ALCANÇOU";"ALCANÇOU";"ALCANÇOU";"ALCANÇOU"
"SP";"350500";"Barão de Antonina";"ALCANÇOU";"ALCANÇOU";;"NÃO ALCANÇOU";"ALCANÇOU";"NÃO ALCANÇOU";"ALCANÇOU";"ALCANÇOU"
"SP";"350580";"Bastos";"ALCANÇOU";"ALCANÇOU";;"NÃO ALCANÇOU";"NÃO ALCANÇOU";"ALCANÇOU";"NÃO ALCANÇOU";"ALCANÇOU"
"SP";"350590";"Batatais";"ALCANÇOU";"ALCANÇOU";;"NÃO ALCANÇOU";"ALCANÇOU";"NÃO ALCANÇOU";"NÃO ALCANÇOU";"ALCANÇOU"
"SP";"350600";"Bauru";"ALCANÇOU";"ALCANÇOU";;"NÃO ALCANÇOU";"ALCANÇOU";"ALCANÇOU";"ALCANÇOU";"NÃO ALCANÇOU"
"SP";"350610";"Bebedouro";"ALCANÇOU";"ALCANÇOU";;"NÃO ALCANÇOU";"ALCANÇOU";"ALCANÇOU";"NÃO ALCANÇOU";"ALCANÇOU"
"SP";"350620";"Bento de Abreu";"NÃO ALCANÇOU";"ALCANÇOU";;"NÃO ALCANÇOU";"ALCANÇOU";"NÃO ALCANÇOU";"ALCANÇOU";"ALCANÇOU"
"SP";"350630";"Bernardino de Campos";"ALCANÇOU";"NÃO ALCANÇOU";;"ALCANÇOU";"NÃO ALCANÇOU";"NÃO ALCANÇOU";"ALCANÇOU";"ALCANÇOU"
"SP";"350635";"Bertioga";"ALCANÇOU";"ALCANÇOU";;"NÃO ALCANÇOU";"ALCANÇOU";"NÃO ALCANÇOU";"NÃO ALCANÇOU";"ALCANÇOU"
"SP";"350640";"Bilac";"ALCANÇOU";"ALCANÇOU";;"NÃO ALCANÇOU";"ALCANÇOU";"NÃO ALCANÇOU";"ALCANÇOU";"NÃO ALCANÇOU"
"SP";"350650";"Birigui";"ALCANÇOU";"ALCANÇOU";;"ALCANÇOU";"ALCANÇOU";"ALCANÇOU";"NÃO ALCANÇOU";"ALCANÇOU"
"SP";"350660";"Biritiba Mirim";;;;"NÃO ALCANÇOU";;;;
"SP";"350660";"Biritiba-Mirim";"ALCANÇOU";"ALCANÇOU";;;"ALCANÇOU";"NÃO ALCANÇOU";"ALCANÇOU";"ALCANÇOU"
"SP";"350670";"Boa Esperança do Sul";"ALCANÇOU";"ALCANÇOU";;"NÃO ALCANÇOU";"ALCANÇOU";"NÃO ALCANÇOU";"ALCANÇOU";"NÃO ALCANÇOU"
"SP";"350680";"Bocaina";"ALCANÇOU";"ALCANÇOU";;"NÃO ALCANÇOU";"NÃO ALCANÇOU";"ALCANÇOU";"NÃO ALCANÇOU";"NÃO ALCANÇOU"
"SP";"350690";"Bofete";"ALCANÇOU";"ALCANÇOU";;"NÃO ALCANÇOU";"ALCANÇOU";"NÃO ALCANÇOU";"NÃO ALCANÇOU";"ALCANÇOU"
"SP";"350700";"Boituva";"ALCANÇOU";"ALCANÇOU";;"NÃO ALCANÇOU";"ALCANÇOU";"ALCANÇOU";"ALCANÇOU";"NÃO ALCANÇOU"
"SP";"350710";"Bom Jesus dos Perdões";"ALCANÇOU";"ALCANÇOU";;"NÃO ALCANÇOU";"ALCANÇOU";"NÃO ALCANÇOU";"ALCANÇOU";"ALCANÇOU"
"SP";"350715";"Bom Sucesso de Itararé";"ALCANÇOU";"ALCANÇOU";;"ALCANÇOU";"NÃO ALCANÇOU";"NÃO ALCANÇOU";"ALCANÇOU";"ALCANÇOU"
"SP";"350730";"Boracéia";"ALCANÇOU";"ALCANÇOU";;"ALCANÇOU";"ALCANÇOU";"NÃO ALCANÇOU";"ALCANÇOU";"ALCANÇOU"
"SP";"350740";"Borborema";"ALCANÇOU";"ALCANÇOU";;"ALCANÇOU";"ALCANÇOU";"ALCANÇOU";"ALCANÇOU";"ALCANÇOU"
"SP";"350745";"Borebi";"ALCANÇOU";"ALCANÇOU";;"ALCANÇOU";"ALCANÇOU";"NÃO ALCANÇOU";"ALCANÇOU";"ALCANÇOU"
"SP";"350720";"Borá";"ALCANÇOU";"NÃO ALCANÇOU";;"NÃO ALCANÇOU";"NÃO ALCANÇOU";"NÃO ALCANÇOU";"ALCANÇOU";"NÃO ALCANÇOU"
"SP";"350750";"Botucatu";"ALCANÇOU";"ALCANÇOU";;"NÃO ALCANÇOU";"NÃO ALCANÇOU";"ALCANÇOU";"ALCANÇOU";"ALCANÇOU"
"SP";"350760";"Bragança Paulista";"ALCANÇOU";"ALCANÇOU";;"NÃO ALCANÇOU";"ALCANÇOU";"ALCANÇOU";"ALCANÇOU";"ALCANÇOU"
"SP";"350770";"Braúna";"ALCANÇOU";"ALCANÇOU";;"NÃO ALCANÇOU";"ALCANÇOU";"NÃO ALCANÇOU";"ALCANÇOU";"ALCANÇOU"
"SP";"350775";"Brejo Alegre";"ALCANÇOU";"ALCANÇOU";;"NÃO ALCANÇOU";"ALCANÇOU";"NÃO ALCANÇOU";"ALCANÇOU";"NÃO ALCANÇOU"
"SP";"350780";"Brodowski";"ALCANÇOU";"ALCANÇOU";;"NÃO ALCANÇOU";"ALCANÇOU";"NÃO ALCANÇOU";"ALCANÇOU";"ALCANÇOU"
"SP";"350790";"Brotas";"ALCANÇOU";"ALCANÇOU";;"NÃO ALCANÇOU";"ALCANÇOU";"NÃO ALCANÇOU";"ALCANÇOU";"ALCANÇOU"
"SP";"350800";"Buri";"ALCANÇOU";"ALCANÇOU";;"ALCANÇOU";"ALCANÇOU";"ALCANÇOU";"ALCANÇOU";"ALCANÇOU"
"SP";"350810";"Buritama";"ALCANÇOU";"ALCANÇOU";;"NÃO ALCANÇOU";"ALCANÇOU";"NÃO ALCANÇOU";"ALCANÇOU";"ALCANÇOU"
"SP";"350820";"Buritizal";"ALCANÇOU";"ALCANÇOU";;"ALCANÇOU";"ALCANÇOU";"NÃO ALCANÇOU";"ALCANÇOU";"ALCANÇOU"
"SP";"350480";"Bálsamo";"ALCANÇOU";"ALCANÇOU";;"ALCANÇOU";"ALCANÇOU";"ALCANÇOU";"ALCANÇOU";"ALCANÇOU"
"SP";"350840";"Cabreúva";"ALCANÇOU";"ALCANÇOU";;"NÃO ALCANÇOU";"NÃO ALCANÇOU";"NÃO ALCANÇOU";"NÃO ALCANÇOU";"ALCANÇOU"
"SP";"350830";"Cabrália Paulista";"ALCANÇOU";"ALCANÇOU";;"NÃO ALCANÇOU";"ALCANÇOU";"NÃO ALCANÇOU";"ALCANÇOU";"ALCANÇOU"
"SP";"350860";"Cachoeira Paulista";"ALCANÇOU";"ALCANÇOU";;"NÃO ALCANÇOU";"ALCANÇOU";"NÃO ALCANÇOU";"NÃO ALCANÇOU";"ALCANÇOU"
"SP";"350870";"Caconde";"ALCANÇOU";"ALCANÇOU";;"NÃO ALCANÇOU";"ALCANÇOU";"ALCANÇOU";"ALCANÇOU";"ALCANÇOU"
"SP";"350880";"Cafelândia";"ALCANÇOU";"ALCANÇOU";;"NÃO ALCANÇOU";"ALCANÇOU";"NÃO ALCANÇOU";"ALCANÇOU";"ALCANÇOU"
"SP";"350890";"Caiabu";"ALCANÇOU";"ALCANÇOU";;"ALCANÇOU";"ALCANÇOU";"NÃO ALCANÇOU";"NÃO ALCANÇOU";"NÃO ALCANÇOU"
"SP";"350900";"Caieiras";"ALCANÇOU";"ALCANÇOU";;"NÃO ALCANÇOU";"ALCANÇOU";"ALCANÇOU";"ALCANÇOU";"ALCANÇOU"
"SP";"350910";"Caiuá";"ALCANÇOU";"ALCANÇOU";;"NÃO ALCANÇOU";"ALCANÇOU";"NÃO ALCANÇOU";"ALCANÇOU";"NÃO ALCANÇOU"
"SP";"350920";"Cajamar";"ALCANÇOU";"ALCANÇOU";;"ALCANÇOU";"ALCANÇOU";"ALCANÇOU";"NÃO ALCANÇOU";"ALCANÇOU"
"SP";"350925";"Cajati";"ALCANÇOU";"ALCANÇOU";;"NÃO ALCANÇOU";"ALCANÇOU";"ALCANÇOU";"NÃO ALCANÇOU";"NÃO ALCANÇOU"
"SP";"350930";"Cajobi";"NÃO ALCANÇOU";"ALCANÇOU";;"ALCANÇOU";"ALCANÇOU";"ALCANÇOU";"ALCANÇOU";"ALCANÇOU"
"SP";"350940";"Cajuru";"ALCANÇOU";"ALCANÇOU";;"NÃO ALCANÇOU";"ALCANÇOU";"NÃO ALCANÇOU";"NÃO ALCANÇOU";"ALCANÇOU"
"SP";"350945";"Campina do Monte Alegre";"ALCANÇOU";"ALCANÇOU";;"NÃO ALCANÇOU";"NÃO ALCANÇOU";"ALCANÇOU";"ALCANÇOU";"ALCANÇOU"
"SP";"350950";"Campinas";"ALCANÇOU";"ALCANÇOU";;"NÃO ALCANÇOU";"ALCANÇOU";"ALCANÇOU";"NÃO ALCANÇOU";"ALCANÇOU"
"SP";"350960";"Campo Limpo Paulista";"ALCANÇOU";"ALCANÇOU";;"ALCANÇOU";"NÃO ALCANÇOU";"ALCANÇOU";"ALCANÇOU";"ALCANÇOU"
"SP";"350980";"Campos Novos Paulista";"ALCANÇOU";"ALCANÇOU";;"ALCANÇOU";"NÃO ALCANÇOU";"ALCANÇOU";"ALCANÇOU";"ALCANÇOU"
"SP";"350970";"Campos do Jordão";"ALCANÇOU";"ALCANÇOU";;"NÃO ALCANÇOU";"NÃO ALCANÇOU";"NÃO ALCANÇOU";"ALCANÇOU";"ALCANÇOU"
"SP";"350990";"Cananéia";"ALCANÇOU";"ALCANÇOU";;"NÃO ALCANÇOU";"ALCANÇOU";"NÃO ALCANÇOU";"ALCANÇOU";"ALCANÇOU"
"SP";"350995";"Canas";"ALCANÇOU";"ALCANÇOU";;"NÃO ALCANÇOU";"NÃO ALCANÇOU";"NÃO ALCANÇOU";"NÃO ALCANÇOU";"NÃO ALCANÇOU"
"SP";"351015";"Canitar";"NÃO ALCANÇOU";"ALCANÇOU";;"NÃO ALCANÇOU";"NÃO ALCANÇOU";"ALCANÇOU";"ALCANÇOU";"ALCANÇOU"
"SP";"351030";"Capela do Alto";"ALCANÇOU";"ALCANÇOU";;"NÃO ALCANÇOU";"ALCANÇOU";"ALCANÇOU";"NÃO ALCANÇOU";"ALCANÇOU"
"SP";"351040";"Capivari";"ALCANÇOU";"ALCANÇOU";;"NÃO ALCANÇOU";"ALCANÇOU";"ALCANÇOU";"NÃO ALCANÇOU";"ALCANÇOU"
"SP";"351020";"Capão Bonito";"ALCANÇOU";"ALCANÇOU";;"NÃO ALCANÇOU";"ALCANÇOU";"ALCANÇOU";"ALCANÇOU";"ALCANÇOU"
"SP";"351050";"Caraguatatuba";"ALCANÇOU";"ALCANÇOU";;"NÃO ALCANÇOU";"NÃO ALCANÇOU";"ALCANÇOU";"ALCANÇOU";"NÃO ALCANÇOU"
"SP";"351060";"Carapicuíba";"ALCANÇOU";"ALCANÇOU";;"NÃO ALCANÇOU";"ALCANÇOU";"ALCANÇOU";"ALCANÇOU";"ALCANÇOU"
"SP";"351070";"Cardoso";"ALCANÇOU";"ALCANÇOU";;"NÃO ALCANÇOU";"ALCANÇOU";"ALCANÇOU";"NÃO ALCANÇOU";"ALCANÇOU"
"SP";"351080";"Casa Branca";"ALCANÇOU";"ALCANÇOU";;"NÃO ALCANÇOU";"ALCANÇOU";"ALCANÇOU";"NÃO ALCANÇOU";"ALCANÇOU"
"SP";"351100";"Castilho";"ALCANÇOU";"ALCANÇOU";;"NÃO ALCANÇOU";"ALCANÇOU";"ALCANÇOU";"NÃO ALCANÇOU";"ALCANÇOU"
"SP";"351110";"Catanduva";"ALCANÇOU";"ALCANÇOU";;"NÃO ALCANÇOU";"ALCANÇOU";"ALCANÇOU";"NÃO ALCANÇOU";"ALCANÇOU"
"SP";"351120";"Catiguá";"ALCANÇOU";"ALCANÇOU";;"ALCANÇOU";"ALCANÇOU";"ALCANÇOU";"ALCANÇOU";"ALCANÇOU"
"SP";"350850";"Caçapava";"ALCANÇOU";"ALCANÇOU";;"NÃO ALCANÇOU";"NÃO ALCANÇOU";"NÃO ALCANÇOU";"NÃO ALCANÇOU";"ALCANÇOU"
"SP";"351130";"Cedral";"ALCANÇOU";"ALCANÇOU";;"NÃO ALCANÇOU";"NÃO ALCANÇOU";"ALCANÇOU";"ALCANÇOU";"ALCANÇOU"
"SP";"351140";"Cerqueira César";"ALCANÇOU";"ALCANÇOU";;"NÃO ALCANÇOU";"ALCANÇOU";"NÃO ALCANÇOU";"ALCANÇOU";"ALCANÇOU"
"SP";"351150";"Cerquilho";"ALCANÇOU";"ALCANÇOU";;"ALCANÇOU";"ALCANÇOU";"ALCANÇOU";"NÃO ALCANÇOU";"ALCANÇOU"
"SP";"351160";"Cesário Lange";"ALCANÇOU";"ALCANÇOU";;"ALCANÇOU";"ALCANÇOU";"ALCANÇOU";"ALCANÇOU";"ALCANÇOU"
"SP";"351170";"Charqueada";"ALCANÇOU";"ALCANÇOU";;"NÃO ALCANÇOU";"ALCANÇOU";"NÃO ALCANÇOU";"NÃO ALCANÇOU";"NÃO ALCANÇOU"
"SP";"355720";"Chavantes";"ALCANÇOU";"ALCANÇOU";;"NÃO ALCANÇOU";"NÃO ALCANÇOU";"NÃO ALCANÇOU";"ALCANÇOU";"ALCANÇOU"
"SP";"351190";"Clementina";"ALCANÇOU";"ALCANÇOU";;"NÃO ALCANÇOU";"ALCANÇOU";"NÃO ALCANÇOU";"ALCANÇOU";"ALCANÇOU"
"SP";"351200";"Colina";"ALCANÇOU";"ALCANÇOU";;"NÃO ALCANÇOU";"NÃO ALCANÇOU";"NÃO ALCANÇOU";"NÃO ALCANÇOU";"ALCANÇOU"
"SP";"351210";"Colômbia";"ALCANÇOU";"ALCANÇOU";;"ALCANÇOU";"ALCANÇOU";"ALCANÇOU";"ALCANÇOU";"ALCANÇOU"
"SP";"351220";"Conchal";"ALCANÇOU";"ALCANÇOU";;"NÃO ALCANÇOU";"ALCANÇOU";"NÃO ALCANÇOU";"ALCANÇOU";"NÃO ALCANÇOU"
"SP";"351230";"Conchas";"ALCANÇOU";"ALCANÇOU";;"NÃO ALCANÇOU";"ALCANÇOU";"ALCANÇOU";"NÃO ALCANÇOU";"ALCANÇOU"
"SP";"351240";"Cordeirópolis";"ALCANÇOU";"ALCANÇOU";;"ALCANÇOU";"ALCANÇOU";"ALCANÇOU";"ALCANÇOU";"NÃO ALCANÇOU"
"SP";"351250";"Coroados";"ALCANÇOU";"ALCANÇOU";;"NÃO ALCANÇOU";"ALCANÇOU";"ALCANÇOU";"ALCANÇOU";"ALCANÇOU"
"SP";"351260";"Coronel Macedo";"ALCANÇOU";"ALCANÇOU";;"NÃO ALCANÇOU";"ALCANÇOU";"NÃO ALCANÇOU";"ALCANÇOU";"ALCANÇOU"
"SP";"351270";"Corumbataí";"ALCANÇOU";"ALCANÇOU";;"NÃO ALCANÇOU";"ALCANÇOU";"NÃO ALCANÇOU";"ALCANÇOU";"ALCANÇOU"
"SP";"351290";"Cosmorama";"ALCANÇOU";"ALCANÇOU";;"NÃO ALCANÇOU";"ALCANÇOU";"NÃO ALCANÇOU";"ALCANÇOU";"ALCANÇOU"
"SP";"351280";"Cosmópolis";"ALCANÇOU";"ALCANÇOU";;"ALCANÇOU";"ALCANÇOU";"NÃO ALCANÇOU";"NÃO ALCANÇOU";"ALCANÇOU"
"SP";"351300";"Cotia";"ALCANÇOU";"ALCANÇOU";;"NÃO ALCANÇOU";"ALCANÇOU";"ALCANÇOU";"ALCANÇOU";"ALCANÇOU"
"SP";"351310";"Cravinhos";"ALCANÇOU";"ALCANÇOU";;"NÃO ALCANÇOU";"NÃO ALCANÇOU";"NÃO ALCANÇOU";"ALCANÇOU";"ALCANÇOU"
"SP";"351320";"Cristais Paulista";"ALCANÇOU";"ALCANÇOU";;"NÃO ALCANÇOU";"NÃO ALCANÇOU";"NÃO ALCANÇOU";"ALCANÇOU";"NÃO ALCANÇOU"
"SP";"351340";"Cruzeiro";"NÃO ALCANÇOU";"ALCANÇOU";;"NÃO ALCANÇOU";"ALCANÇOU";"NÃO ALCANÇOU";"NÃO ALCANÇOU";"ALCANÇOU"
"SP";"351330";"Cruzália";"ALCANÇOU";"ALCANÇOU";;"NÃO ALCANÇOU";"NÃO ALCANÇOU";"NÃO ALCANÇOU";"ALCANÇOU";"ALCANÇOU"
"SP";"351350";"Cubatão";"ALCANÇOU";"ALCANÇOU";;"NÃO ALCANÇOU";"ALCANÇOU";"ALCANÇOU";"NÃO ALCANÇOU";"ALCANÇOU"
"SP";"351360";"Cunha";"ALCANÇOU";"ALCANÇOU";;"ALCANÇOU";"ALCANÇOU";"ALCANÇOU";"ALCANÇOU";"ALCANÇOU"
"SP";"351090";"Cássia dos Coqueiros";"ALCANÇOU";"ALCANÇOU";;"NÃO ALCANÇOU";"ALCANÇOU";"NÃO ALCANÇOU";"ALCANÇOU";"ALCANÇOU"
"SP";"351000";"Cândido Mota";"ALCANÇOU";"ALCANÇOU";;"NÃO ALCANÇOU";"NÃO ALCANÇOU";"ALCANÇOU";"ALCANÇOU";"ALCANÇOU"
"SP";"351010";"Cândido Rodrigues";"ALCANÇOU";"NÃO ALCANÇOU";;"NÃO ALCANÇOU";"NÃO ALCANÇOU";"NÃO ALCANÇOU";"ALCANÇOU";"ALCANÇOU"
"SP";"351370";"Descalvado";"ALCANÇOU";"ALCANÇOU";;"NÃO ALCANÇOU";"ALCANÇOU";"ALCANÇOU";"ALCANÇOU";"ALCANÇOU"
"SP";"351380";"Diadema";"ALCANÇOU";"ALCANÇOU";;"ALCANÇOU";"ALCANÇOU";"ALCANÇOU";"NÃO ALCANÇOU";"ALCANÇOU"
"SP";"351385";"Dirce Reis";"ALCANÇOU";"ALCANÇOU";;"NÃO ALCANÇOU";"NÃO ALCANÇOU";"NÃO ALCANÇOU";"ALCANÇOU";"NÃO ALCANÇOU"
"SP";"351390";"Divinolândia";"ALCANÇOU";"ALCANÇOU";;"NÃO ALCANÇOU";"ALCANÇOU";"ALCANÇOU";"ALCANÇOU";"NÃO ALCANÇOU"
"SP";"351400";"Dobrada";"ALCANÇOU";"ALCANÇOU";;"NÃO ALCANÇOU";"ALCANÇOU";"ALCANÇOU";"NÃO ALCANÇOU";"ALCANÇOU"
"SP";"351410";"Dois Córregos";"ALCANÇOU";"ALCANÇOU";;"NÃO ALCANÇOU";"ALCANÇOU";"NÃO ALCANÇOU";"ALCANÇOU";"ALCANÇOU"
"SP";"351420";"Dolcinópolis";"ALCANÇOU";"ALCANÇOU";;"ALCANÇOU";"ALCANÇOU";"NÃO ALCANÇOU";"ALCANÇOU";"ALCANÇOU"
"SP";"351430";"Dourado";"ALCANÇOU";"ALCANÇOU";;"NÃO ALCANÇOU";"NÃO ALCANÇOU";"NÃO ALCANÇOU";"NÃO ALCANÇOU";"ALCANÇOU"
"SP";"351440";"Dracena";"ALCANÇOU";"ALCANÇOU";;"NÃO ALCANÇOU";"ALCANÇOU";"ALCANÇOU";"NÃO ALCANÇOU";"ALCANÇOU"
"SP";"351450";"Duartina";"ALCANÇOU";"NÃO ALCANÇOU";;"NÃO ALCANÇOU";"NÃO ALCANÇOU";"NÃO ALCANÇOU";"ALCANÇOU";"ALCANÇOU"
"SP";"351460";"Dumont";"ALCANÇOU";"ALCANÇOU";;"NÃO ALCANÇOU";"NÃO ALCANÇOU";"NÃO ALCANÇOU";"ALCANÇOU";"ALCANÇOU"
"SP";"351470";"Echaporã";"ALCANÇOU";"ALCANÇOU";;"NÃO ALCANÇOU";"NÃO ALCANÇOU";"ALCANÇOU";"ALCANÇOU";"NÃO ALCANÇOU"
"SP";"351480";"Eldorado";"ALCANÇOU";"ALCANÇOU";;"NÃO ALCANÇOU";"NÃO ALCANÇOU";"NÃO ALCANÇOU";"ALCANÇOU";"NÃO ALCANÇOU"
"SP";"351490";"Elias Fausto";"ALCANÇOU";"ALCANÇOU";;"NÃO ALCANÇOU";"ALCANÇOU";"NÃO ALCANÇOU";"NÃO ALCANÇOU";"NÃO ALCANÇOU"
"SP";"351492";"Elisiário";"ALCANÇOU";"ALCANÇOU";;"ALCANÇOU";"ALCANÇOU";"NÃO ALCANÇOU";"ALCANÇOU";"ALCANÇOU"
"SP";"351495";"Embaúba";"ALCANÇOU";"NÃO ALCANÇOU";;"NÃO ALCANÇOU";"ALCANÇOU";"ALCANÇOU";"ALCANÇOU";"NÃO ALCANÇOU"
"SP";"351500";"Embu das Artes";"ALCANÇOU";"ALCANÇOU";;"NÃO ALCANÇOU";"ALCANÇOU";"ALCANÇOU";"NÃO ALCANÇOU";"ALCANÇOU"
"SP";"351510";"Embu-Guaçu";"NÃO ALCANÇOU";"ALCANÇOU";;"NÃO ALCANÇOU";"NÃO ALCANÇOU";"ALCANÇOU";"NÃO ALCANÇOU";"ALCANÇOU"
"SP";"351512";"Emilianópolis";"ALCANÇOU";"ALCANÇOU";;"ALCANÇOU";"ALCANÇOU";"NÃO ALCANÇOU";"NÃO ALCANÇOU";"NÃO ALCANÇOU"
"SP";"351515";"Engenheiro Coelho";"NÃO ALCANÇOU";"ALCANÇOU";;"ALCANÇOU";"ALCANÇOU";"ALCANÇOU";"ALCANÇOU";"ALCANÇOU"
"SP";"351518";"Espírito Santo do Pinhal";"ALCANÇOU";"ALCANÇOU";;"NÃO ALCANÇOU";"ALCANÇOU";"NÃO ALCANÇOU";"ALCANÇOU";"ALCANÇOU"
"SP";"351519";"Espírito Santo do Turvo";"ALCANÇOU";"ALCANÇOU";;"ALCANÇOU";"NÃO ALCANÇOU";"ALCANÇOU";"ALCANÇOU";"ALCANÇOU"
"SP";"355730";"Estiva Gerbi";"ALCANÇOU";"ALCANÇOU";;"NÃO ALCANÇOU";"ALCANÇOU";"ALCANÇOU";"ALCANÇOU";"ALCANÇOU"
"SP";"351520";"Estrela d'Oeste";"ALCANÇOU";"NÃO ALCANÇOU";;"ALCANÇOU";"ALCANÇOU";"NÃO ALCANÇOU";"ALCANÇOU";
"SP";"351520";"Estrela dOeste";;;;;;;;"ALCANÇOU"
"SP";"351530";"Estrela do Norte";"ALCANÇOU";"ALCANÇOU";;"NÃO ALCANÇOU";"ALCANÇOU";"NÃO ALCANÇOU";"ALCANÇOU";"ALCANÇOU"
"SP";"351535";"Euclides da Cunha Paulista";"NÃO ALCANÇOU";"ALCANÇOU";;"NÃO ALCANÇOU";"NÃO ALCANÇOU";"NÃO ALCANÇOU";"ALCANÇOU";"ALCANÇOU"
"SP";"351540";"Fartura";"ALCANÇOU";"ALCANÇOU";;"NÃO ALCANÇOU";"ALCANÇOU";"NÃO ALCANÇOU";"NÃO ALCANÇOU";"ALCANÇOU"
"SP";"351560";"Fernando Prestes";"ALCANÇOU";"ALCANÇOU";;"ALCANÇOU";"ALCANÇOU";"NÃO ALCANÇOU";"ALCANÇOU";"ALCANÇOU"
"SP";"351550";"Fernandópolis";"ALCANÇOU";"NÃO ALCANÇOU";;"NÃO ALCANÇOU";"ALCANÇOU";"NÃO ALCANÇOU";"NÃO ALCANÇOU";"ALCANÇOU"
"SP";"351565";"Fernão";"ALCANÇOU";"ALCANÇOU";;"ALCANÇOU";"NÃO ALCANÇOU";"NÃO ALCANÇOU";"ALCANÇOU";"ALCANÇOU"
"SP";"351570";"Ferraz de Vasconcelos";"ALCANÇOU";"ALCANÇOU";;"NÃO ALCANÇOU";"ALCANÇOU";"ALCANÇOU";"ALCANÇOU";"ALCANÇOU"
"SP";"351580";"Flora Rica";"ALCANÇOU";"ALCANÇOU";;"ALCANÇOU";"NÃO ALCANÇOU";"NÃO ALCANÇOU";"ALCANÇOU";"ALCANÇOU"
"SP";"351590";"Floreal";"ALCANÇOU";"ALCANÇOU";;"ALCANÇOU";"ALCANÇOU";"NÃO ALCANÇOU";"NÃO ALCANÇOU";"ALCANÇOU"
"SP";"351610";"Florínea";;;;"ALCANÇOU";;;;
"SP";"351610";"Florínia";"ALCANÇOU";"ALCANÇOU";;;"NÃO ALCANÇOU";"NÃO ALCANÇOU";"ALCANÇOU";"ALCANÇOU"
"SP";"351600";"Flórida Paulista";"ALCANÇOU";"NÃO ALCANÇOU";;"ALCANÇOU";"NÃO ALCANÇOU";"ALCANÇOU";"ALCANÇOU";"ALCANÇOU"
"SP";"351620";"Franca";"NÃO ALCANÇOU";"ALCANÇOU";;"NÃO ALCANÇOU";"ALCANÇOU";"ALCANÇOU";"NÃO ALCANÇOU";"NÃO ALCANÇOU"
"SP";"351630";"Francisco Morato";"ALCANÇOU";"ALCANÇOU";;"NÃO ALCANÇOU";"ALCANÇOU";"ALCANÇOU";"NÃO ALCANÇOU";"ALCANÇOU"
"SP";"351640";"Franco da Rocha";"ALCANÇOU";"ALCANÇOU";;"ALCANÇOU";"ALCANÇOU";"ALCANÇOU";"NÃO ALCANÇOU";"ALCANÇOU"
"SP";"351650";"Gabriel Monteiro";"ALCANÇOU";"ALCANÇOU";;"NÃO ALCANÇOU";"ALCANÇOU";"NÃO ALCANÇOU";"ALCANÇOU";"NÃO ALCANÇOU"
"SP";"351670";"Garça";"ALCANÇOU";"ALCANÇOU";;"NÃO ALCANÇOU";"NÃO ALCANÇOU";"ALCANÇOU";"NÃO ALCANÇOU";"ALCANÇOU"
"SP";"351680";"Gastão Vidigal";"ALCANÇOU";"ALCANÇOU";;"NÃO ALCANÇOU";"NÃO ALCANÇOU";"NÃO ALCANÇOU";"NÃO ALCANÇOU";"NÃO ALCANÇOU"
"SP";"351685";"Gavião Peixoto";"ALCANÇOU";"ALCANÇOU";;"NÃO ALCANÇOU";"ALCANÇOU";"ALCANÇOU";"ALCANÇOU";"ALCANÇOU"
"SP";"351690";"General Salgado";"ALCANÇOU";"ALCANÇOU";;"ALCANÇOU";"NÃO ALCANÇOU";"NÃO ALCANÇOU";"ALCANÇOU";"ALCANÇOU"
"SP";"351700";"Getulina";"ALCANÇOU";"ALCANÇOU";;"NÃO ALCANÇOU";"ALCANÇOU";"NÃO ALCANÇOU";"ALCANÇOU";"NÃO ALCANÇOU"
"SP";"351710";"Glicério";"ALCANÇOU";"ALCANÇOU";;"NÃO ALCANÇOU";"NÃO ALCANÇOU";"NÃO ALCANÇOU";"ALCANÇOU";"ALCANÇOU"
"SP";"351730";"Guaimbê";"ALCANÇOU";"ALCANÇOU";;"NÃO ALCANÇOU";"NÃO ALCANÇOU";"ALCANÇOU";"ALCANÇOU";"ALCANÇOU"
"SP";"351720";"Guaiçara";"ALCANÇOU";"ALCANÇOU";;"ALCANÇOU";"ALCANÇOU";"NÃO ALCANÇOU";"ALCANÇOU";"NÃO ALCANÇOU"
"SP";"351760";"Guapiara";"ALCANÇOU";"ALCANÇOU";;"NÃO ALCANÇOU";"ALCANÇOU";"NÃO ALCANÇOU";"ALCANÇOU";"ALCANÇOU"
"SP";"351750";"Guapiaçu";"ALCANÇOU";"ALCANÇOU";;"NÃO ALCANÇOU";"ALCANÇOU";"ALCANÇOU";"ALCANÇOU";"ALCANÇOU"
"SP";"351790";"Guaraci";"ALCANÇOU";"ALCANÇOU";;"ALCANÇOU";"ALCANÇOU";"NÃO ALCANÇOU";"ALCANÇOU";"NÃO ALCANÇOU"
"SP";"351800";"Guarani d'Oeste";"ALCANÇOU";"NÃO ALCANÇOU";;"NÃO ALCANÇOU";"ALCANÇOU";"NÃO ALCANÇOU";"ALCANÇOU";
"SP";"351800";"Guarani dOeste";;;;;;;;"NÃO ALCANÇOU"
"SP";"351810";"Guarantã";"ALCANÇOU";"ALCANÇOU";;"ALCANÇOU";"NÃO ALCANÇOU";"NÃO ALCANÇOU";"ALCANÇOU";"ALCANÇOU"
"SP";"351820";"Guararapes";"ALCANÇOU";"ALCANÇOU";;"NÃO ALCANÇOU";"ALCANÇOU";"ALCANÇOU";"ALCANÇOU";"ALCANÇOU"
"SP";"351830";"Guararema";"ALCANÇOU";"ALCANÇOU";;"NÃO ALCANÇOU";"ALCANÇOU";"ALCANÇOU";"ALCANÇOU";"ALCANÇOU"
"SP";"351840";"Guaratinguetá";"ALCANÇOU";"ALCANÇOU";;"NÃO ALCANÇOU";"ALCANÇOU";"ALCANÇOU";"NÃO ALCANÇOU";"ALCANÇOU"
"SP";"351780";"Guaraçaí";"ALCANÇOU";"ALCANÇOU";;"NÃO ALCANÇOU";"ALCANÇOU";"ALCANÇOU";"ALCANÇOU";"ALCANÇOU"
"SP";"351850";"Guareí";"ALCANÇOU";"ALCANÇOU";;"NÃO ALCANÇOU";"NÃO ALCANÇOU";"NÃO ALCANÇOU";"NÃO ALCANÇOU";"ALCANÇOU"
"SP";"351860";"Guariba";"ALCANÇOU";"ALCANÇOU";;"ALCANÇOU";"ALCANÇOU";"NÃO ALCANÇOU";"NÃO ALCANÇOU";"ALCANÇOU"
"SP";"351870";"Guarujá";"ALCANÇOU";"ALCANÇOU";;"NÃO ALCANÇOU";"ALCANÇOU";"ALCANÇOU";"ALCANÇOU";"NÃO ALCANÇOU"
"SP";"351880";"Guarulhos";"ALCANÇOU";"ALCANÇOU";;"NÃO ALCANÇOU";"ALCANÇOU";"ALCANÇOU";"NÃO ALCANÇOU";"ALCANÇOU"
"SP";"351770";"Guará";"ALCANÇOU";"ALCANÇOU";;"ALCANÇOU";"ALCANÇOU";"NÃO ALCANÇOU";"ALCANÇOU";"NÃO ALCANÇOU"
"SP";"351885";"Guatapará";"ALCANÇOU";"ALCANÇOU";;"NÃO ALCANÇOU";"ALCANÇOU";"ALCANÇOU";"ALCANÇOU";"ALCANÇOU"
"SP";"351740";"Guaíra";"ALCANÇOU";"ALCANÇOU";;"ALCANÇOU";"NÃO ALCANÇOU";"ALCANÇOU";"NÃO ALCANÇOU";"NÃO ALCANÇOU"
"SP";"351890";"Guzolândia";"ALCANÇOU";"ALCANÇOU";;"NÃO ALCANÇOU";"ALCANÇOU";"NÃO ALCANÇOU";"ALCANÇOU";"ALCANÇOU"
"SP";"351660";"Gália";"ALCANÇOU";"ALCANÇOU";;"NÃO ALCANÇOU";"NÃO ALCANÇOU";"ALCANÇOU";"ALCANÇOU";"ALCANÇOU"
"SP";"351900";"Herculândia";"ALCANÇOU";"ALCANÇOU";;"NÃO ALCANÇOU";"NÃO ALCANÇOU";"ALCANÇOU";"ALCANÇOU";"ALCANÇOU"
"SP";"351905";"Holambra";"ALCANÇOU";"ALCANÇOU";;"NÃO ALCANÇOU";"ALCANÇOU";"NÃO ALCANÇOU";"ALCANÇOU";"NÃO ALCANÇOU"
"SP";"351907";"Hortolândia";"ALCANÇOU";"ALCANÇOU";;"ALCANÇOU";"ALCANÇOU";"ALCANÇOU";"NÃO ALCANÇOU";"ALCANÇOU"
"SP";"351910";"Iacanga";"ALCANÇOU";"ALCANÇOU";;"ALCANÇOU";"ALCANÇOU";"ALCANÇOU";"NÃO ALCANÇOU";"ALCANÇOU"
"SP";"351920";"Iacri";"ALCANÇOU";"ALCANÇOU";;"NÃO ALCANÇOU";"NÃO ALCANÇOU";"NÃO ALCANÇOU";"ALCANÇOU";"ALCANÇOU"
"SP";"351925";"Iaras";"ALCANÇOU";"ALCANÇOU";;"ALCANÇOU";"ALCANÇOU";"NÃO ALCANÇOU";"ALCANÇOU";"ALCANÇOU"
"SP";"351930";"Ibaté";"ALCANÇOU";"ALCANÇOU";;"NÃO ALCANÇOU";"ALCANÇOU";"ALCANÇOU";"NÃO ALCANÇOU";"NÃO ALCANÇOU"
"SP";"351950";"Ibirarema";"ALCANÇOU";"ALCANÇOU";;"NÃO ALCANÇOU";"NÃO ALCANÇOU";"ALCANÇOU";"ALCANÇOU";"ALCANÇOU"
"SP";"351940";"Ibirá";"ALCANÇOU";"ALCANÇOU";;"ALCANÇOU";"ALCANÇOU";"ALCANÇOU";"ALCANÇOU";"ALCANÇOU"
"SP";"351960";"Ibitinga";"ALCANÇOU";"ALCANÇOU";;"NÃO ALCANÇOU";"ALCANÇOU";"ALCANÇOU";"ALCANÇOU";"NÃO ALCANÇOU"
"SP";"351970";"Ibiúna";"ALCANÇOU";"ALCANÇOU";;"NÃO ALCANÇOU";"ALCANÇOU";"ALCANÇOU";"NÃO ALCANÇOU";"ALCANÇOU"
"SP";"351980";"Icém";"ALCANÇOU";"ALCANÇOU";;"ALCANÇOU";"NÃO ALCANÇOU";"NÃO ALCANÇOU";"ALCANÇOU";"ALCANÇOU"
"SP";"351990";"Iepê";"ALCANÇOU";"ALCANÇOU";;"NÃO ALCANÇOU";"ALCANÇOU";"ALCANÇOU";"ALCANÇOU";"ALCANÇOU"
"SP";"352010";"Igarapava";"ALCANÇOU";"ALCANÇOU";;"NÃO ALCANÇOU";"ALCANÇOU";"NÃO ALCANÇOU";"NÃO ALCANÇOU";"NÃO ALCANÇOU"
"SP";"352020";"Igaratá";"ALCANÇOU";"ALCANÇOU";;"NÃO ALCANÇOU";"ALCANÇOU";"NÃO ALCANÇOU";"NÃO ALCANÇOU";"ALCANÇOU"
"SP";"352000";"Igaraçu do Tietê";"ALCANÇOU";"ALCANÇOU";;"ALCANÇOU";"NÃO ALCANÇOU";"ALCANÇOU";"ALCANÇOU";"ALCANÇOU"
"SP";"352030";"Iguape";"ALCANÇOU";"ALCANÇOU";;"NÃO ALCANÇOU";"ALCANÇOU";"ALCANÇOU";"NÃO ALCANÇOU";"ALCANÇOU"
"SP";"352042";"Ilha Comprida";"ALCANÇOU";"ALCANÇOU";;"ALCANÇOU";"ALCANÇOU";"NÃO ALCANÇOU";"ALCANÇOU";"NÃO ALCANÇOU"
"SP";"352044";"Ilha Solteira";"ALCANÇOU";"ALCANÇOU";;"NÃO ALCANÇOU";"ALCANÇOU";"NÃO ALCANÇOU";"ALCANÇOU";"ALCANÇOU"
"SP";"352040";"Ilhabela";"ALCANÇOU";"ALCANÇOU";;"NÃO ALCANÇOU";"ALCANÇOU";"ALCANÇOU";"NÃO ALCANÇOU";"ALCANÇOU"
"SP";"352050";"Indaiatuba";"ALCANÇOU";"ALCANÇOU";;"NÃO ALCANÇOU";"ALCANÇOU";"NÃO ALCANÇOU";"ALCANÇOU";"ALCANÇOU"
"SP";"352060";"Indiana";"ALCANÇOU";"ALCANÇOU";;"ALCANÇOU";"ALCANÇOU";"NÃO ALCANÇOU";"NÃO ALCANÇOU";"ALCANÇOU"
"SP";"352070";"Indiaporã";"ALCANÇOU";"ALCANÇOU";;"NÃO ALCANÇOU";"ALCANÇOU";"ALCANÇOU";"ALCANÇOU";"ALCANÇOU"
"SP";"352080";"Inúbia Paulista";"ALCANÇOU";"ALCANÇOU";;"ALCANÇOU";"NÃO ALCANÇOU";"NÃO ALCANÇOU";"ALCANÇOU";"NÃO ALCANÇOU"
"SP";"352090";"Ipaussu";"ALCANÇOU";"ALCANÇOU";;"NÃO ALCANÇOU";"NÃO ALCANÇOU";"NÃO ALCANÇOU";"ALCANÇOU";"ALCANÇOU"
"SP";"352100";"Iperó";"ALCANÇOU";"ALCANÇOU";;"NÃO ALCANÇOU";"ALCANÇOU";"ALCANÇOU";"ALCANÇOU";"ALCANÇOU"
"SP";"352110";"Ipeúna";"ALCANÇOU";"ALCANÇOU";;"ALCANÇOU";"ALCANÇOU";"ALCANÇOU";"NÃO ALCANÇOU";"ALCANÇOU"
"SP";"352115";"Ipiguá";"ALCANÇOU";"ALCANÇOU";;"ALCANÇOU";"NÃO ALCANÇOU";"ALCANÇOU";"NÃO ALCANÇOU";"ALCANÇOU"
"SP";"352120";"Iporanga";"ALCANÇOU";"ALCANÇOU";;"NÃO ALCANÇOU";"NÃO ALCANÇOU";"NÃO ALCANÇOU";"ALCANÇOU";"ALCANÇOU"
"SP";"352130";"Ipuã";"ALCANÇOU";"ALCANÇOU";;"ALCANÇOU";"ALCANÇOU";"ALCANÇOU";"NÃO ALCANÇOU";"ALCANÇOU"
"SP";"352140";"Iracemápolis";"ALCANÇOU";"ALCANÇOU";;"ALCANÇOU";"ALCANÇOU";"ALCANÇOU";"ALCANÇOU";"ALCANÇOU"
"SP";"352160";"Irapuru";"ALCANÇOU";"NÃO ALCANÇOU";;"ALCANÇOU";"ALCANÇOU";"NÃO ALCANÇOU";"NÃO ALCANÇOU";"ALCANÇOU"
"SP";"352150";"Irapuã";"ALCANÇOU";"ALCANÇOU";;"ALCANÇOU";"ALCANÇOU";"ALCANÇOU";"ALCANÇOU";"ALCANÇOU"
"SP";"352170";"Itaberá";"ALCANÇOU";"ALCANÇOU";;"NÃO ALCANÇOU";"ALCANÇOU";"ALCANÇOU";"ALCANÇOU";"ALCANÇOU"
"SP";"352190";"Itajobi";"ALCANÇOU";"ALCANÇOU";;"NÃO ALCANÇOU";"ALCANÇOU";"ALCANÇOU";"ALCANÇOU";"ALCANÇOU"
"SP";"352200";"Itaju";"ALCANÇOU";"ALCANÇOU";;"NÃO ALCANÇOU";"ALCANÇOU";"NÃO ALCANÇOU";"ALCANÇOU";"ALCANÇOU"
"SP";"352210";"Itanhaém";"ALCANÇOU";"ALCANÇOU";;"NÃO ALCANÇOU";"ALCANÇOU";"ALCANÇOU";"ALCANÇOU";"ALCANÇOU"
"SP";"352215";"Itaoca";;;;"NÃO ALCANÇOU";;;;
"SP";"352220";"Itapecerica da Serra";"ALCANÇOU";"ALCANÇOU";;"NÃO ALCANÇOU";"NÃO ALCANÇOU";"ALCANÇOU";"ALCANÇOU";"ALCANÇOU"
"SP";"352230";"Itapetininga";"ALCANÇOU";"ALCANÇOU";;"ALCANÇOU";"ALCANÇOU";"ALCANÇOU";"ALCANÇOU";"ALCANÇOU"
"SP";"352240";"Itapeva";"ALCANÇOU";"ALCANÇOU";;"ALCANÇOU";"ALCANÇOU";"ALCANÇOU";"NÃO ALCANÇOU";"ALCANÇOU"
"SP";"352250";"Itapevi";"ALCANÇOU";"ALCANÇOU";;"NÃO ALCANÇOU";"ALCANÇOU";"NÃO ALCANÇOU";"ALCANÇOU";"NÃO ALCANÇOU"
"SP";"352260";"Itapira";"ALCANÇOU";"ALCANÇOU";;"NÃO ALCANÇOU";"ALCANÇOU";"NÃO ALCANÇOU";"NÃO ALCANÇOU";"ALCANÇOU"
"SP";"352265";"Itapirapuã Paulista";"ALCANÇOU";"NÃO ALCANÇOU";;"NÃO ALCANÇOU";"ALCANÇOU";"NÃO ALCANÇOU";"ALCANÇOU";"ALCANÇOU"
"SP";"352280";"Itaporanga";"ALCANÇOU";"ALCANÇOU";;"NÃO ALCANÇOU";"ALCANÇOU";"ALCANÇOU";"ALCANÇOU";"ALCANÇOU"
"SP";"352300";"Itapura";"ALCANÇOU";"ALCANÇOU";;"NÃO ALCANÇOU";"NÃO ALCANÇOU";"NÃO ALCANÇOU";"NÃO ALCANÇOU";"ALCANÇOU"
"SP";"352290";"Itapuí";"ALCANÇOU";"ALCANÇOU";;"ALCANÇOU";"ALCANÇOU";"NÃO ALCANÇOU";"NÃO ALCANÇOU";"ALCANÇOU"
"SP";"352310";"Itaquaquecetuba";"ALCANÇOU";"ALCANÇOU";;"NÃO ALCANÇOU";"ALCANÇOU";"ALCANÇOU";"ALCANÇOU";"ALCANÇOU"
"SP";"352320";"Itararé";"ALCANÇOU";"ALCANÇOU";;"NÃO ALCANÇOU";"ALCANÇOU";"ALCANÇOU";"ALCANÇOU";"ALCANÇOU"
"SP";"352330";"Itariri";"ALCANÇOU";"ALCANÇOU";;"ALCANÇOU";"NÃO ALCANÇOU";"ALCANÇOU";"ALCANÇOU";"ALCANÇOU"
"SP";"352340";"Itatiba";"ALCANÇOU";"ALCANÇOU";;"NÃO ALCANÇOU";"ALCANÇOU";"ALCANÇOU";"ALCANÇOU";"NÃO ALCANÇOU"
"SP";"352350";"Itatinga";"NÃO ALCANÇOU";"ALCANÇOU";;"ALCANÇOU";"ALCANÇOU";"NÃO ALCANÇOU";"ALCANÇOU";"ALCANÇOU"
"SP";"352180";"Itaí";"ALCANÇOU";"ALCANÇOU";;"NÃO ALCANÇOU";"ALCANÇOU";"NÃO ALCANÇOU";"NÃO ALCANÇOU";"ALCANÇOU"
"SP";"352215";"Itaóca";"ALCANÇOU";"NÃO ALCANÇOU";;;"NÃO ALCANÇOU";"NÃO ALCANÇOU";"ALCANÇOU";"ALCANÇOU"
"SP";"352360";"Itirapina";"ALCANÇOU";"NÃO ALCANÇOU";;"NÃO ALCANÇOU";"NÃO ALCANÇOU";"NÃO ALCANÇOU";"ALCANÇOU";"NÃO ALCANÇOU"
"SP";"352370";"Itirapuã";"NÃO ALCANÇOU";"ALCANÇOU";;"ALCANÇOU";"NÃO ALCANÇOU";"ALCANÇOU";"ALCANÇOU";"ALCANÇOU"
"SP";"352380";"Itobi";"ALCANÇOU";"ALCANÇOU";;"NÃO ALCANÇOU";"ALCANÇOU";"NÃO ALCANÇOU";"NÃO ALCANÇOU";"NÃO ALCANÇOU"
"SP";"352390";"Itu";"ALCANÇOU";"ALCANÇOU";;"NÃO ALCANÇOU";"ALCANÇOU";"ALCANÇOU";"NÃO ALCANÇOU";"ALCANÇOU"
"SP";"352400";"Itupeva";"ALCANÇOU";"ALCANÇOU";;"NÃO ALCANÇOU";"ALCANÇOU";"ALCANÇOU";"ALCANÇOU";"NÃO ALCANÇOU"
"SP";"352410";"Ituverava";"ALCANÇOU";"ALCANÇOU";;"NÃO ALCANÇOU";"ALCANÇOU";"ALCANÇOU";"ALCANÇOU";"ALCANÇOU"
"SP";"352270";"Itápolis";"ALCANÇOU";"ALCANÇOU";;"NÃO ALCANÇOU";"ALCANÇOU";"NÃO ALCANÇOU";"NÃO ALCANÇOU";"NÃO ALCANÇOU"
"SP";"352420";"Jaborandi";"NÃO ALCANÇOU";"NÃO ALCANÇOU";;"NÃO ALCANÇOU";"ALCANÇOU";"NÃO ALCANÇOU";"ALCANÇOU";"ALCANÇOU"
"SP";"352430";"Jaboticabal";"ALCANÇOU";"ALCANÇOU";;"NÃO ALCANÇOU";"ALCANÇOU";"ALCANÇOU";"ALCANÇOU";"ALCANÇOU"
"SP";"352440";"Jacareí";"ALCANÇOU";"ALCANÇOU";;"NÃO ALCANÇOU";"ALCANÇOU";"ALCANÇOU";"ALCANÇOU";"ALCANÇOU"
"SP";"352450";"Jaci";"ALCANÇOU";"ALCANÇOU";;"NÃO ALCANÇOU";"ALCANÇOU";"ALCANÇOU";"ALCANÇOU";"ALCANÇOU"
"SP";"352460";"Jacupiranga";"ALCANÇOU";"ALCANÇOU";;"ALCANÇOU";"NÃO ALCANÇOU";"NÃO ALCANÇOU";"ALCANÇOU";"ALCANÇOU"
"SP";"352470";"Jaguariúna";"ALCANÇOU";"ALCANÇOU";;"NÃO ALCANÇOU";"ALCANÇOU";"NÃO ALCANÇOU";"ALCANÇOU";"NÃO ALCANÇOU"
"SP";"352480";"Jales";"ALCANÇOU";"ALCANÇOU";;"NÃO ALCANÇOU";"ALCANÇOU";"ALCANÇOU";"NÃO ALCANÇOU";"ALCANÇOU"
"SP";"352490";"Jambeiro";"ALCANÇOU";"ALCANÇOU";;"ALCANÇOU";"NÃO ALCANÇOU";"NÃO ALCANÇOU";"ALCANÇOU";"ALCANÇOU"
"SP";"352500";"Jandira";"ALCANÇOU";"ALCANÇOU";;"NÃO ALCANÇOU";"NÃO ALCANÇOU";"ALCANÇOU";"NÃO ALCANÇOU";"ALCANÇOU"
"SP";"352510";"Jardinópolis";"ALCANÇOU";"ALCANÇOU";;"NÃO ALCANÇOU";"ALCANÇOU";"ALCANÇOU";"ALCANÇOU";"NÃO ALCANÇOU"
"SP";"352520";"Jarinu";"ALCANÇOU";"ALCANÇOU";;"ALCANÇOU";"ALCANÇOU";"NÃO ALCANÇOU";"ALCANÇOU";"NÃO ALCANÇOU"
"SP";"352530";"Jaú";"ALCANÇOU";"ALCANÇOU";;"NÃO ALCANÇOU";"ALCANÇOU";"ALCANÇOU";"NÃO ALCANÇOU";"ALCANÇOU"
"SP";"352540";"Jeriquara";"ALCANÇOU";"ALCANÇOU";;"NÃO ALCANÇOU";"NÃO ALCANÇOU";"NÃO ALCANÇOU";"ALCANÇOU";"ALCANÇOU"
"SP";"352550";"Joanópolis";"ALCANÇOU";"ALCANÇOU";;"NÃO ALCANÇOU";"ALCANÇOU";"ALCANÇOU";"ALCANÇOU";"ALCANÇOU"
"SP";"352570";"José Bonifácio";"ALCANÇOU";"ALCANÇOU";;"NÃO ALCANÇOU";"ALCANÇOU";"ALCANÇOU";"NÃO ALCANÇOU";"ALCANÇOU"
"SP";"352560";"João Ramalho";"ALCANÇOU";"ALCANÇOU";;"NÃO ALCANÇOU";"ALCANÇOU";"ALCANÇOU";"ALCANÇOU";"ALCANÇOU"
"SP";"352585";"Jumirim";"NÃO ALCANÇOU";"NÃO ALCANÇOU";;"NÃO ALCANÇOU";"NÃO ALCANÇOU";"ALCANÇOU";"ALCANÇOU";"NÃO ALCANÇOU"
"SP";"352590";"Jundiaí";"ALCANÇOU";"ALCANÇOU";;"NÃO ALCANÇOU";"ALCANÇOU";"NÃO ALCANÇOU";"ALCANÇOU";"ALCANÇOU"
"SP";"352600";"Junqueirópolis";"ALCANÇOU";"ALCANÇOU";;"NÃO ALCANÇOU";"ALCANÇOU";"NÃO ALCANÇOU";"ALCANÇOU";"ALCANÇOU"
"SP";"352620";"Juquitiba";"ALCANÇOU";"ALCANÇOU";;"NÃO ALCANÇOU";"ALCANÇOU";"NÃO ALCANÇOU";"ALCANÇOU";"NÃO ALCANÇOU"
"SP";"352610";"Juquiá";"ALCANÇOU";"ALCANÇOU";;"NÃO ALCANÇOU";"ALCANÇOU";"ALCANÇOU";"NÃO ALCANÇOU";"ALCANÇOU"
"SP";"352580";"Júlio Mesquita";"ALCANÇOU";"NÃO ALCANÇOU";;"NÃO ALCANÇOU";"NÃO ALCANÇOU";"NÃO ALCANÇOU";"ALCANÇOU";"NÃO ALCANÇOU"
"SP";"352630";"Lagoinha";"ALCANÇOU";"NÃO ALCANÇOU";;"NÃO ALCANÇOU";"ALCANÇOU";"ALCANÇOU";"ALCANÇOU";"ALCANÇOU"
"SP";"352640";"Laranjal Paulista";"ALCANÇOU";"ALCANÇOU";;"NÃO ALCANÇOU";"ALCANÇOU";"NÃO ALCANÇOU";"NÃO ALCANÇOU";"NÃO ALCANÇOU"
"SP";"352660";"Lavrinhas";"ALCANÇOU";"ALCANÇOU";;"ALCANÇOU";"ALCANÇOU";"NÃO ALCANÇOU";"ALCANÇOU";"ALCANÇOU"
"SP";"352650";"Lavínia";"ALCANÇOU";"ALCANÇOU";;"NÃO ALCANÇOU";"ALCANÇOU";"ALCANÇOU";"ALCANÇOU";"NÃO ALCANÇOU"
"SP";"352670";"Leme";"ALCANÇOU";"ALCANÇOU";;"NÃO ALCANÇOU";"ALCANÇOU";"ALCANÇOU";"ALCANÇOU";"ALCANÇOU"
"SP";"352680";"Lençóis Paulista";"ALCANÇOU";"ALCANÇOU";;"ALCANÇOU";"NÃO ALCANÇOU";"ALCANÇOU";"ALCANÇOU";"ALCANÇOU"
"SP";"352690";"Limeira";"ALCANÇOU";"ALCANÇOU";;"NÃO ALCANÇOU";"ALCANÇOU";"NÃO ALCANÇOU";"ALCANÇOU";"NÃO ALCANÇOU"
"SP";"352700";"Lindóia";"ALCANÇOU";"ALCANÇOU";;"NÃO ALCANÇOU";"NÃO ALCANÇOU";"ALCANÇOU";"ALCANÇOU";"NÃO ALCANÇOU"
"SP";"352710";"Lins";"ALCANÇOU";"ALCANÇOU";;"NÃO ALCANÇOU";"ALCANÇOU";"ALCANÇOU";"NÃO ALCANÇOU";"ALCANÇOU"
"SP";"352720";"Lorena";"ALCANÇOU";"ALCANÇOU";;"ALCANÇOU";"ALCANÇOU";"ALCANÇOU";"NÃO ALCANÇOU";"ALCANÇOU"
"SP";"352725";"Lourdes";"ALCANÇOU";"NÃO ALCANÇOU";;"NÃO ALCANÇOU";"ALCANÇOU";"NÃO ALCANÇOU";"ALCANÇOU";"NÃO ALCANÇOU"
"SP";"352730";"Louveira";"ALCANÇOU";"ALCANÇOU";;"ALCANÇOU";"ALCANÇOU";"ALCANÇOU";"ALCANÇOU";"NÃO ALCANÇOU"
"SP";"352750";"Lucianópolis";"ALCANÇOU";"NÃO ALCANÇOU";;"NÃO ALCANÇOU";"ALCANÇOU";"NÃO ALCANÇOU";"ALCANÇOU";"ALCANÇOU"
"SP";"352740";"Lucélia";"NÃO ALCANÇOU";"ALCANÇOU";;"NÃO ALCANÇOU";"NÃO ALCANÇOU";"ALCANÇOU";"NÃO ALCANÇOU";"ALCANÇOU"
"SP";"352770";"Luiziânia";"ALCANÇOU";"ALCANÇOU";;"ALCANÇOU";"ALCANÇOU";"ALCANÇOU";"ALCANÇOU";"ALCANÇOU"
"SP";"352780";"Lupércio";"ALCANÇOU";"ALCANÇOU";;"NÃO ALCANÇOU";"NÃO ALCANÇOU";"NÃO ALCANÇOU";"ALCANÇOU";"NÃO ALCANÇOU"
"SP";"352790";"Lutécia";"ALCANÇOU";"ALCANÇOU";;"ALCANÇOU";"NÃO ALCANÇOU";"NÃO ALCANÇOU";"ALCANÇOU";"NÃO ALCANÇOU"
"SP";"352760";"Luís Antônio";"ALCANÇOU";"ALCANÇOU";;"ALCANÇOU";"ALCANÇOU";"NÃO ALCANÇOU";"ALCANÇOU";"NÃO ALCANÇOU"
"SP";"352800";"Macatuba";"ALCANÇOU";"ALCANÇOU";;"ALCANÇOU";"ALCANÇOU";"ALCANÇOU";"NÃO ALCANÇOU";"ALCANÇOU"
"SP";"352810";"Macaubal";"ALCANÇOU";"NÃO ALCANÇOU";;"NÃO ALCANÇOU";"ALCANÇOU";"NÃO ALCANÇOU";"ALCANÇOU";"ALCANÇOU"
"SP";"352820";"Macedônia";"ALCANÇOU";"ALCANÇOU";;"ALCANÇOU";"ALCANÇOU";"ALCANÇOU";"ALCANÇOU";"ALCANÇOU"
"SP";"352830";"Magda";"NÃO ALCANÇOU";"ALCANÇOU";;"ALCANÇOU";"ALCANÇOU";"ALCANÇOU";"ALCANÇOU";"ALCANÇOU"
"SP";"352840";"Mairinque";"ALCANÇOU";"ALCANÇOU";;"NÃO ALCANÇOU";"ALCANÇOU";"ALCANÇOU";"NÃO ALCANÇOU";"ALCANÇOU"
"SP";"352850";"Mairiporã";"ALCANÇOU";"ALCANÇOU";;"ALCANÇOU";"ALCANÇOU";"ALCANÇOU";"ALCANÇOU";"ALCANÇOU"
"SP";"352860";"Manduri";"ALCANÇOU";"ALCANÇOU";;"ALCANÇOU";"ALCANÇOU";"ALCANÇOU";"ALCANÇOU";"ALCANÇOU"
"SP";"352870";"Marabá Paulista";"NÃO ALCANÇOU";"NÃO ALCANÇOU";;"NÃO ALCANÇOU";"ALCANÇOU";"NÃO ALCANÇOU";"ALCANÇOU";"ALCANÇOU"
"SP";"352880";"Maracaí";"ALCANÇOU";"ALCANÇOU";;"NÃO ALCANÇOU";"NÃO ALCANÇOU";"ALCANÇOU";"ALCANÇOU";"ALCANÇOU"
"SP";"352885";"Marapoama";"ALCANÇOU";"ALCANÇOU";;"NÃO ALCANÇOU";"ALCANÇOU";"NÃO ALCANÇOU";"ALCANÇOU";"ALCANÇOU"
"SP";"352910";"Marinópolis";"ALCANÇOU";"ALCANÇOU";;"NÃO ALCANÇOU";"ALCANÇOU";"NÃO ALCANÇOU";"ALCANÇOU";"NÃO ALCANÇOU"
"SP";"352890";"Mariápolis";"ALCANÇOU";"ALCANÇOU";;"NÃO ALCANÇOU";"NÃO ALCANÇOU";"ALCANÇOU";"ALCANÇOU";"NÃO ALCANÇOU"
"SP";"352920";"Martinópolis";"ALCANÇOU";"ALCANÇOU";;"NÃO ALCANÇOU";"ALCANÇOU";"ALCANÇOU";"ALCANÇOU";"ALCANÇOU"
"SP";"352900";"Marília";"ALCANÇOU";"ALCANÇOU";;"NÃO ALCANÇOU";"ALCANÇOU";"ALCANÇOU";"NÃO ALCANÇOU";"ALCANÇOU"
"SP";"352930";"Matão";"ALCANÇOU";"ALCANÇOU";;"NÃO ALCANÇOU";"ALCANÇOU";"ALCANÇOU";"ALCANÇOU";"ALCANÇOU"
"SP";"352940";"Mauá";"ALCANÇOU";"ALCANÇOU";;"NÃO ALCANÇOU";"ALCANÇOU";"ALCANÇOU";"NÃO ALCANÇOU";"ALCANÇOU"
"SP";"352950";"Mendonça";"NÃO ALCANÇOU";"NÃO ALCANÇOU";;"NÃO ALCANÇOU";"ALCANÇOU";"ALCANÇOU";"ALCANÇOU";"ALCANÇOU"
"SP";"352960";"Meridiano";"ALCANÇOU";"ALCANÇOU";;"ALCANÇOU";"ALCANÇOU";"NÃO ALCANÇOU";"NÃO ALCANÇOU";"ALCANÇOU"
"SP";"352965";"Mesópolis";"ALCANÇOU";"ALCANÇOU";;"ALCANÇOU";"ALCANÇOU";"ALCANÇOU";"ALCANÇOU";"NÃO ALCANÇOU"
"SP";"352970";"Miguelópolis";"ALCANÇOU";"ALCANÇOU";;"NÃO ALCANÇOU";"ALCANÇOU";"ALCANÇOU";"NÃO ALCANÇOU";"NÃO ALCANÇOU"
"SP";"352980";"Mineiros do Tietê";"ALCANÇOU";"ALCANÇOU";;"NÃO ALCANÇOU";"ALCANÇOU";"NÃO ALCANÇOU";"ALCANÇOU";"ALCANÇOU"
"SP";"353000";"Mira Estrela";"ALCANÇOU";"ALCANÇOU";;"NÃO ALCANÇOU";"ALCANÇOU";"NÃO ALCANÇOU";"NÃO ALCANÇOU";"ALCANÇOU"
"SP";"352990";"Miracatu";"ALCANÇOU";"ALCANÇOU";;"NÃO ALCANÇOU";"ALCANÇOU";"ALCANÇOU";"ALCANÇOU";"NÃO ALCANÇOU"
"SP";"353010";"Mirandópolis";"ALCANÇOU";"ALCANÇOU";;"NÃO ALCANÇOU";"ALCANÇOU";"ALCANÇOU";"ALCANÇOU";"ALCANÇOU"
"SP";"353020";"Mirante do Paranapanema";"ALCANÇOU";"ALCANÇOU";;"ALCANÇOU";"ALCANÇOU";"ALCANÇOU";"ALCANÇOU";"ALCANÇOU"
"SP";"353030";"Mirassol";"ALCANÇOU";"ALCANÇOU";;"NÃO ALCANÇOU";"NÃO ALCANÇOU";"ALCANÇOU";"NÃO ALCANÇOU";"ALCANÇOU"
"SP";"353040";"Mirassolândia";"ALCANÇOU";"NÃO ALCANÇOU";;"NÃO ALCANÇOU";"NÃO ALCANÇOU";"NÃO ALCANÇOU";"ALCANÇOU";"ALCANÇOU"
"SP";"353050";"Mococa";"ALCANÇOU";"ALCANÇOU";;"NÃO ALCANÇOU";"ALCANÇOU";"ALCANÇOU";"NÃO ALCANÇOU";"ALCANÇOU"
"SP";"353070";"Mogi Guaçu";"ALCANÇOU";"ALCANÇOU";;"ALCANÇOU";"ALCANÇOU";"ALCANÇOU";"ALCANÇOU";"ALCANÇOU"
"SP";"353080";"Mogi Mirim";"ALCANÇOU";"ALCANÇOU";;"NÃO ALCANÇOU";"ALCANÇOU";"ALCANÇOU";"NÃO ALCANÇOU";"ALCANÇOU"
"SP";"353060";"Mogi das Cruzes";"ALCANÇOU";"ALCANÇOU";;"NÃO ALCANÇOU";"ALCANÇOU";"ALCANÇOU";"NÃO ALCANÇOU";"ALCANÇOU"
"SP";"353090";"Mombuca";"ALCANÇOU";"ALCANÇOU";;"ALCANÇOU";"ALCANÇOU";"NÃO ALCANÇOU";"ALCANÇOU";"ALCANÇOU"
"SP";"353110";"Mongaguá";"ALCANÇOU";"ALCANÇOU";;"NÃO ALCANÇOU";"ALCANÇOU";"NÃO ALCANÇOU";"ALCANÇOU";"ALCANÇOU"
"SP";"353120";"Monte Alegre do Sul";"ALCANÇOU";"ALCANÇOU";;"NÃO ALCANÇOU";"ALCANÇOU";"NÃO ALCANÇOU";"ALCANÇOU";"ALCANÇOU"
"SP";"353130";"Monte Alto";"ALCANÇOU";"ALCANÇOU";;"NÃO ALCANÇOU";"ALCANÇOU";"ALCANÇOU";"ALCANÇOU";"ALCANÇOU"
"SP";"353140";"Monte Aprazível";"ALCANÇOU";"ALCANÇOU";;"NÃO ALCANÇOU";"ALCANÇOU";"ALCANÇOU";"ALCANÇOU";"ALCANÇOU"
"SP";"353150";"Monte Azul Paulista";"ALCANÇOU";"ALCANÇOU";;"ALCANÇOU";"ALCANÇOU";"NÃO ALCANÇOU";"ALCANÇOU";"ALCANÇOU"
"SP";"353160";"Monte Castelo";"NÃO ALCANÇOU";"NÃO ALCANÇOU";;"NÃO ALCANÇOU";"ALCANÇOU";"NÃO ALCANÇOU";"ALCANÇOU";"NÃO ALCANÇOU"
"SP";"353180";"Monte Mor";"ALCANÇOU";"ALCANÇOU";;"ALCANÇOU";"NÃO ALCANÇOU";"ALCANÇOU";"NÃO ALCANÇOU";"ALCANÇOU"
"SP";"353170";"Monteiro Lobato";"ALCANÇOU";"ALCANÇOU";;"NÃO ALCANÇOU";"ALCANÇOU";"NÃO ALCANÇOU";"ALCANÇOU";"NÃO ALCANÇOU"
"SP";"353100";"Monções";"ALCANÇOU";"ALCANÇOU";;"ALCANÇOU";"NÃO ALCANÇOU";"ALCANÇOU";"ALCANÇOU";"ALCANÇOU"
"SP";"353190";"Morro Agudo";"ALCANÇOU";"ALCANÇOU";;"NÃO ALCANÇOU";"ALCANÇOU";"NÃO ALCANÇOU";"ALCANÇOU";"ALCANÇOU"
"SP";"353200";"Morungaba";"ALCANÇOU";"ALCANÇOU";;"NÃO ALCANÇOU";"NÃO ALCANÇOU";"ALCANÇOU";"ALCANÇOU";"ALCANÇOU"
"SP";"353205";"Motuca";"ALCANÇOU";"ALCANÇOU";;"NÃO ALCANÇOU";"NÃO ALCANÇOU";"NÃO ALCANÇOU";"ALCANÇOU";"ALCANÇOU"
"SP";"353210";"Murutinga do Sul";"ALCANÇOU";"NÃO ALCANÇOU";;"ALCANÇOU";"ALCANÇOU";"ALCANÇOU";"ALCANÇOU";"ALCANÇOU"
"SP";"353215";"Nantes";"ALCANÇOU";"ALCANÇOU";;"NÃO ALCANÇOU";"ALCANÇOU";"NÃO ALCANÇOU";"ALCANÇOU";"ALCANÇOU"
"SP";"353220";"Narandiba";"ALCANÇOU";"ALCANÇOU";;"NÃO ALCANÇOU";"ALCANÇOU";"NÃO ALCANÇOU";"NÃO ALCANÇOU";"ALCANÇOU"
"SP";"353230";"Natividade da Serra";"ALCANÇOU";"NÃO ALCANÇOU";;"NÃO ALCANÇOU";"ALCANÇOU";"NÃO ALCANÇOU";"ALCANÇOU";"ALCANÇOU"
"SP";"353240";"Nazaré Paulista";"ALCANÇOU";"ALCANÇOU";;"ALCANÇOU";"NÃO ALCANÇOU";"ALCANÇOU";"ALCANÇOU";"ALCANÇOU"
"SP";"353250";"Neves Paulista";"NÃO ALCANÇOU";"ALCANÇOU";;"ALCANÇOU";"ALCANÇOU";"ALCANÇOU";"ALCANÇOU";"ALCANÇOU"
"SP";"353260";"Nhandeara";"ALCANÇOU";"ALCANÇOU";;"NÃO ALCANÇOU";"ALCANÇOU";"NÃO ALCANÇOU";"ALCANÇOU";"ALCANÇOU"
"SP";"353270";"Nipoã";"ALCANÇOU";"ALCANÇOU";;"NÃO ALCANÇOU";"NÃO ALCANÇOU";"NÃO ALCANÇOU";"NÃO ALCANÇOU";"ALCANÇOU"
"SP";"353280";"Nova Aliança";"ALCANÇOU";"ALCANÇOU";;"ALCANÇOU";"NÃO ALCANÇOU";"ALCANÇOU";"ALCANÇOU";"ALCANÇOU"
"SP";"353282";"Nova Campina";"ALCANÇOU";"ALCANÇOU";;"ALCANÇOU";"ALCANÇOU";"NÃO ALCANÇOU";"ALCANÇOU";"ALCANÇOU"
"SP";"353284";"Nova Canaã Paulista";"ALCANÇOU";"NÃO ALCANÇOU";;"ALCANÇOU";"ALCANÇOU";"ALCANÇOU";"ALCANÇOU";"ALCANÇOU"
"SP";"353286";"Nova Castilho";"ALCANÇOU";"ALCANÇOU";;"NÃO ALCANÇOU";"ALCANÇOU";"NÃO ALCANÇOU";"ALCANÇOU";"NÃO ALCANÇOU"
"SP";"353290";"Nova Europa";"ALCANÇOU";"ALCANÇOU";;"ALCANÇOU";"ALCANÇOU";"ALCANÇOU";"ALCANÇOU";"NÃO ALCANÇOU"
"SP";"353300";"Nova Granada";"ALCANÇOU";"ALCANÇOU";;"NÃO ALCANÇOU";"ALCANÇOU";"ALCANÇOU";"ALCANÇOU";"ALCANÇOU"
"SP";"353310";"Nova Guataporanga";"ALCANÇOU";"NÃO ALCANÇOU";;"ALCANÇOU";"ALCANÇOU";"NÃO ALCANÇOU";"ALCANÇOU";"NÃO ALCANÇOU"
"SP";"353320";"Nova Independência";"ALCANÇOU";"ALCANÇOU";;"ALCANÇOU";"ALCANÇOU";"NÃO ALCANÇOU";"ALCANÇOU";"ALCANÇOU"
"SP";"353330";"Nova Luzitânia";"ALCANÇOU";"ALCANÇOU";;"NÃO ALCANÇOU";"ALCANÇOU";"NÃO ALCANÇOU";"ALCANÇOU";"ALCANÇOU"
"SP";"353340";"Nova Odessa";"ALCANÇOU";"ALCANÇOU";;"ALCANÇOU";"ALCANÇOU";"ALCANÇOU";"NÃO ALCANÇOU";"NÃO ALCANÇOU"
"SP";"353325";"Novais";"ALCANÇOU";"ALCANÇOU";;"ALCANÇOU";"ALCANÇOU";"NÃO ALCANÇOU";"ALCANÇOU";"NÃO ALCANÇOU"
"SP";"353350";"Novo Horizonte";"ALCANÇOU";"ALCANÇOU";;"NÃO ALCANÇOU";"NÃO ALCANÇOU";"ALCANÇOU";"ALCANÇOU";"ALCANÇOU"
"SP";"353360";"Nuporanga";"ALCANÇOU";"ALCANÇOU";;"NÃO ALCANÇOU";"NÃO ALCANÇOU";"NÃO ALCANÇOU";"NÃO ALCANÇOU";"NÃO ALCANÇOU"
"SP";"353370";"Ocauçu";"ALCANÇOU";"ALCANÇOU";;"NÃO ALCANÇOU";"NÃO ALCANÇOU";"ALCANÇOU";"ALCANÇOU";"NÃO ALCANÇOU"
"SP";"353390";"Olímpia";"ALCANÇOU";"ALCANÇOU";;"NÃO ALCANÇOU";"ALCANÇOU";"ALCANÇOU";"ALCANÇOU";"ALCANÇOU"
"SP";"353400";"Onda Verde";"ALCANÇOU";"ALCANÇOU";;"NÃO ALCANÇOU";"NÃO ALCANÇOU";"ALCANÇOU";"ALCANÇOU";"ALCANÇOU"
"SP";"353410";"Oriente";"ALCANÇOU";"ALCANÇOU";;"NÃO ALCANÇOU";"NÃO ALCANÇOU";"NÃO ALCANÇOU";"ALCANÇOU";"NÃO ALCANÇOU"
"SP";"353420";"Orindiúva";"ALCANÇOU";"ALCANÇOU";;"NÃO ALCANÇOU";"NÃO ALCANÇOU";"NÃO ALCANÇOU";"ALCANÇOU";"ALCANÇOU"
"SP";"353430";"Orlândia";"ALCANÇOU";"ALCANÇOU";;"NÃO ALCANÇOU";"NÃO ALCANÇOU";"NÃO ALCANÇOU";"NÃO ALCANÇOU";"NÃO ALCANÇOU"
"SP";"353440";"Osasco";"ALCANÇOU";"ALCANÇOU";;"NÃO ALCANÇOU";"ALCANÇOU";"ALCANÇOU";"NÃO ALCANÇOU";"ALCANÇOU"
"SP";"353450";"Oscar Bressane";"ALCANÇOU";"ALCANÇOU";;"ALCANÇOU";"NÃO ALCANÇOU";"NÃO ALCANÇOU";"ALCANÇOU";"NÃO ALCANÇOU"
"SP";"353460";"Osvaldo Cruz";"ALCANÇOU";"ALCANÇOU";;"NÃO ALCANÇOU";"NÃO ALCANÇOU";"ALCANÇOU";"ALCANÇOU";"ALCANÇOU"
"SP";"353470";"Ourinhos";"ALCANÇOU";"ALCANÇOU";;"NÃO ALCANÇOU";"NÃO ALCANÇOU";"ALCANÇOU";"ALCANÇOU";"ALCANÇOU"
"SP";"353480";"Ouro Verde";"ALCANÇOU";"ALCANÇOU";;"NÃO ALCANÇOU";"ALCANÇOU";"NÃO ALCANÇOU";"ALCANÇOU";"NÃO ALCANÇOU"
"SP";"353475";"Ouroeste";"ALCANÇOU";"ALCANÇOU";;"NÃO ALCANÇOU";"ALCANÇOU";"NÃO ALCANÇOU";"ALCANÇOU";"ALCANÇOU"
"SP";"353490";"Pacaembu";"ALCANÇOU";"NÃO ALCANÇOU";;"NÃO ALCANÇOU";"NÃO ALCANÇOU";"ALCANÇOU";"ALCANÇOU";"NÃO ALCANÇOU"
"SP";"353500";"Palestina";"ALCANÇOU";"ALCANÇOU";;"ALCANÇOU";"ALCANÇOU";"ALCANÇOU";"ALCANÇOU";"ALCANÇOU"
"SP";"353510";"Palmares Paulista";"ALCANÇOU";"ALCANÇOU";;"NÃO ALCANÇOU";"ALCANÇOU";"NÃO ALCANÇOU";"ALCANÇOU";"ALCANÇOU"
"SP";"353520";"Palmeira d'Oeste";"ALCANÇOU";"ALCANÇOU";;"NÃO ALCANÇOU";"ALCANÇOU";"ALCANÇOU";"ALCANÇOU";
"SP";"353520";"Palmeira dOeste";;;;;;;;"ALCANÇOU"
"SP";"353530";"Palmital";"ALCANÇOU";"ALCANÇOU";;"NÃO ALCANÇOU";"NÃO ALCANÇOU";"ALCANÇOU";"ALCANÇOU";"ALCANÇOU"
"SP";"353540";"Panorama";"ALCANÇOU";"ALCANÇOU";;"NÃO ALCANÇOU";"ALCANÇOU";"NÃO ALCANÇOU";"ALCANÇOU";"NÃO ALCANÇOU"
"SP";"353550";"Paraguaçu Paulista";"ALCANÇOU";"ALCANÇOU";;"NÃO ALCANÇOU";"NÃO ALCANÇOU";"ALCANÇOU";"ALCANÇOU";"ALCANÇOU"
"SP";"353560";"Paraibuna";"ALCANÇOU";"ALCANÇOU";;"ALCANÇOU";"NÃO ALCANÇOU";"NÃO ALCANÇOU";"ALCANÇOU";"ALCANÇOU"
"SP";"353580";"Paranapanema";"ALCANÇOU";"ALCANÇOU";;"NÃO ALCANÇOU";"NÃO ALCANÇOU";"NÃO ALCANÇOU";"ALCANÇOU";"ALCANÇOU"
"SP";"353590";"Paranapuã";"ALCANÇOU";"ALCANÇOU";;"NÃO ALCANÇOU";"ALCANÇOU";"NÃO ALCANÇOU";"ALCANÇOU";"ALCANÇOU"
"SP";"353600";"Parapuã";"ALCANÇOU";"ALCANÇOU";;"NÃO ALCANÇOU";"NÃO ALCANÇOU";"NÃO ALCANÇOU";"ALCANÇOU";"NÃO ALCANÇOU"
"SP";"353570";"Paraíso";"ALCANÇOU";"ALCANÇOU";;"NÃO ALCANÇOU";"ALCANÇOU";"ALCANÇOU";"ALCANÇOU";"ALCANÇOU"
"SP";"353610";"Pardinho";"ALCANÇOU";"ALCANÇOU";;"ALCANÇOU";"NÃO ALCANÇOU";"ALCANÇOU";"NÃO ALCANÇOU";"NÃO ALCANÇOU"
"SP";"353620";"Pariquera-Açu";"ALCANÇOU";"ALCANÇOU";;"NÃO ALCANÇOU";"ALCANÇOU";"NÃO ALCANÇOU";"ALCANÇOU";"ALCANÇOU"
"SP";"353625";"Parisi";"ALCANÇOU";"ALCANÇOU";;"ALCANÇOU";"ALCANÇOU";"ALCANÇOU";"ALCANÇOU";"ALCANÇOU"
"SP";"353630";"Patrocínio Paulista";"ALCANÇOU";"ALCANÇOU";;"NÃO ALCANÇOU";"ALCANÇOU";"NÃO ALCANÇOU";"ALCANÇOU";"NÃO ALCANÇOU"
"SP";"353640";"Paulicéia";"ALCANÇOU";"ALCANÇOU";;"NÃO ALCANÇOU";"ALCANÇOU";"NÃO ALCANÇOU";"ALCANÇOU";"ALCANÇOU"
"SP";"353657";"Paulistânia";"NÃO ALCANÇOU";"ALCANÇOU";;"ALCANÇOU";"NÃO ALCANÇOU";"NÃO ALCANÇOU";"ALCANÇOU";"ALCANÇOU"
"SP";"353660";"Paulo de Faria";"ALCANÇOU";"ALCANÇOU";;"ALCANÇOU";"NÃO ALCANÇOU";"NÃO ALCANÇOU";"NÃO ALCANÇOU";"ALCANÇOU"
"SP";"353650";"Paulínia";"ALCANÇOU";"ALCANÇOU";;"NÃO ALCANÇOU";"ALCANÇOU";"ALCANÇOU";"NÃO ALCANÇOU";"ALCANÇOU"
"SP";"353670";"Pederneiras";"ALCANÇOU";"ALCANÇOU";;"NÃO ALCANÇOU";"ALCANÇOU";"NÃO ALCANÇOU";"ALCANÇOU";"ALCANÇOU"
"SP";"353680";"Pedra Bela";"ALCANÇOU";"ALCANÇOU";;"NÃO ALCANÇOU";"NÃO ALCANÇOU";"NÃO ALCANÇOU";"NÃO ALCANÇOU";"ALCANÇOU"
"SP";"353690";"Pedranópolis";"ALCANÇOU";"ALCANÇOU";;"NÃO ALCANÇOU";"ALCANÇOU";"NÃO ALCANÇOU";"ALCANÇOU";"NÃO ALCANÇOU"
"SP";"353700";"Pedregulho";"ALCANÇOU";"ALCANÇOU";;"ALCANÇOU";"NÃO ALCANÇOU";"NÃO ALCANÇOU";"ALCANÇOU";"NÃO ALCANÇOU"
"SP";"353710";"Pedreira";"ALCANÇOU";"ALCANÇOU";;"NÃO ALCANÇOU";"ALCANÇOU";"ALCANÇOU";"NÃO ALCANÇOU";"ALCANÇOU"
"SP";"353715";"Pedrinhas Paulista";"ALCANÇOU";"NÃO ALCANÇOU";;"NÃO ALCANÇOU";"NÃO ALCANÇOU";"NÃO ALCANÇOU";"ALCANÇOU";"ALCANÇOU"
"SP";"353720";"Pedro de Toledo";"ALCANÇOU";"ALCANÇOU";;"NÃO ALCANÇOU";"NÃO ALCANÇOU";"ALCANÇOU";"ALCANÇOU";"ALCANÇOU"
"SP";"353730";"Penápolis";"ALCANÇOU";"ALCANÇOU";;"NÃO ALCANÇOU";"ALCANÇOU";"NÃO ALCANÇOU";"NÃO ALCANÇOU";"ALCANÇOU"
"SP";"353740";"Pereira Barreto";"ALCANÇOU";"ALCANÇOU";;"NÃO ALCANÇOU";"ALCANÇOU";"NÃO ALCANÇOU";"ALCANÇOU";"ALCANÇOU"
"SP";"353750";"Pereiras";"ALCANÇOU";"ALCANÇOU";;"ALCANÇOU";"NÃO ALCANÇOU";"NÃO ALCANÇOU";"ALCANÇOU";"ALCANÇOU"
"SP";"353760";"Peruíbe";"ALCANÇOU";"ALCANÇOU";;"NÃO ALCANÇOU";"NÃO ALCANÇOU";"ALCANÇOU";"ALCANÇOU";"NÃO ALCANÇOU"
"SP";"353770";"Piacatu";"ALCANÇOU";"NÃO ALCANÇOU";;"NÃO ALCANÇOU";"ALCANÇOU";"NÃO ALCANÇOU";"ALCANÇOU";"ALCANÇOU"
"SP";"353780";"Piedade";"ALCANÇOU";"ALCANÇOU";;"NÃO ALCANÇOU";"ALCANÇOU";"ALCANÇOU";"NÃO ALCANÇOU";"ALCANÇOU"
"SP";"353790";"Pilar do Sul";"NÃO ALCANÇOU";"NÃO ALCANÇOU";;"NÃO ALCANÇOU";"NÃO ALCANÇOU";"NÃO ALCANÇOU";"NÃO ALCANÇOU";"ALCANÇOU"
"SP";"353800";"Pindamonhangaba";"ALCANÇOU";"ALCANÇOU";;"NÃO ALCANÇOU";"ALCANÇOU";"ALCANÇOU";"ALCANÇOU";"ALCANÇOU"
"SP";"353810";"Pindorama";"ALCANÇOU";"ALCANÇOU";;"ALCANÇOU";"ALCANÇOU";"ALCANÇOU";"ALCANÇOU";"ALCANÇOU"
"SP";"353820";"Pinhalzinho";"ALCANÇOU";"ALCANÇOU";;"NÃO ALCANÇOU";"NÃO ALCANÇOU";"NÃO ALCANÇOU";"ALCANÇOU";"ALCANÇOU"
"SP";"353830";"Piquerobi";"ALCANÇOU";"ALCANÇOU";;"ALCANÇOU";"ALCANÇOU";"ALCANÇOU";"ALCANÇOU";"NÃO ALCANÇOU"
"SP";"353850";"Piquete";"ALCANÇOU";"ALCANÇOU";;"NÃO ALCANÇOU";"ALCANÇOU";"NÃO ALCANÇOU";"ALCANÇOU";"ALCANÇOU"
"SP";"353860";"Piracaia";"ALCANÇOU";"ALCANÇOU";;"ALCANÇOU";"ALCANÇOU";"ALCANÇOU";"NÃO ALCANÇOU";"ALCANÇOU"
"SP";"353870";"Piracicaba";"ALCANÇOU";"ALCANÇOU";;"NÃO ALCANÇOU";"ALCANÇOU";"ALCANÇOU";"NÃO ALCANÇOU";"ALCANÇOU"
"SP";"353880";"Piraju";"ALCANÇOU";"ALCANÇOU";;"NÃO ALCANÇOU";"ALCANÇOU";"ALCANÇOU";"ALCANÇOU";"ALCANÇOU"
"SP";"353890";"Pirajuí";"NÃO ALCANÇOU";"ALCANÇOU";;"NÃO ALCANÇOU";"ALCANÇOU";"ALCANÇOU";"NÃO ALCANÇOU";"ALCANÇOU"
"SP";"353900";"Pirangi";"ALCANÇOU";"NÃO ALCANÇOU";;"NÃO ALCANÇOU";"NÃO ALCANÇOU";"NÃO ALCANÇOU";"ALCANÇOU";"ALCANÇOU"
"SP";"353910";"Pirapora do Bom Jesus";"ALCANÇOU";"ALCANÇOU";;"NÃO ALCANÇOU";"ALCANÇOU";"NÃO ALCANÇOU";"ALCANÇOU";"ALCANÇOU"
"SP";"353920";"Pirapozinho";"ALCANÇOU";"ALCANÇOU";;"NÃO ALCANÇOU";"ALCANÇOU";"ALCANÇOU";"NÃO ALCANÇOU";"ALCANÇOU"
"SP";"353930";"Pirassununga";"ALCANÇOU";"ALCANÇOU";;"NÃO ALCANÇOU";"ALCANÇOU";"ALCANÇOU";"ALCANÇOU";"ALCANÇOU"
"SP";"353940";"Piratininga";"ALCANÇOU";"ALCANÇOU";;"ALCANÇOU";"ALCANÇOU";"NÃO ALCANÇOU";"NÃO ALCANÇOU";"NÃO ALCANÇOU"
"SP";"353950";"Pitangueiras";"ALCANÇOU";"ALCANÇOU";;"NÃO ALCANÇOU";"ALCANÇOU";"NÃO ALCANÇOU";"ALCANÇOU";"ALCANÇOU"
"SP";"353960";"Planalto";"NÃO ALCANÇOU";"ALCANÇOU";;"ALCANÇOU";"ALCANÇOU";"NÃO ALCANÇOU";"ALCANÇOU";"ALCANÇOU"
"SP";"353970";"Platina";"ALCANÇOU";"ALCANÇOU";;"NÃO ALCANÇOU";"NÃO ALCANÇOU";"NÃO ALCANÇOU";"ALCANÇOU";"ALCANÇOU"
"SP";"353990";"Poloni";"ALCANÇOU";"ALCANÇOU";;"NÃO ALCANÇOU";"ALCANÇOU";"ALCANÇOU";"ALCANÇOU";"ALCANÇOU"
"SP";"354000";"Pompéia";"ALCANÇOU";"ALCANÇOU";;"NÃO ALCANÇOU";"NÃO ALCANÇOU";"ALCANÇOU";"NÃO ALCANÇOU";"NÃO ALCANÇOU"
"SP";"354010";"Pongaí";"NÃO ALCANÇOU";"ALCANÇOU";;"ALCANÇOU";"ALCANÇOU";"NÃO ALCANÇOU";"ALCANÇOU";"NÃO ALCANÇOU"
"SP";"354020";"Pontal";"ALCANÇOU";"ALCANÇOU";;"NÃO ALCANÇOU";"ALCANÇOU";"NÃO ALCANÇOU";"NÃO ALCANÇOU";"NÃO ALCANÇOU"
"SP";"354025";"Pontalinda";"ALCANÇOU";"ALCANÇOU";;"ALCANÇOU";"ALCANÇOU";"ALCANÇOU";"ALCANÇOU";"ALCANÇOU"
"SP";"354030";"Pontes Gestal";"ALCANÇOU";"ALCANÇOU";;"ALCANÇOU";"ALCANÇOU";"ALCANÇOU";"ALCANÇOU";"ALCANÇOU"
"SP";"354040";"Populina";"ALCANÇOU";"ALCANÇOU";;"ALCANÇOU";"ALCANÇOU";"NÃO ALCANÇOU";"NÃO ALCANÇOU";"ALCANÇOU"
"SP";"354050";"Porangaba";"ALCANÇOU";"ALCANÇOU";;"ALCANÇOU";"ALCANÇOU";"NÃO ALCANÇOU";"ALCANÇOU";"ALCANÇOU"
"SP";"354060";"Porto Feliz";"ALCANÇOU";"ALCANÇOU";;"NÃO ALCANÇOU";"ALCANÇOU";"ALCANÇOU";"ALCANÇOU";"ALCANÇOU"
"SP";"354070";"Porto Ferreira";"ALCANÇOU";"ALCANÇOU";;"ALCANÇOU";"ALCANÇOU";"ALCANÇOU";"NÃO ALCANÇOU";"ALCANÇOU"
"SP";"354075";"Potim";"ALCANÇOU";"ALCANÇOU";;"ALCANÇOU";"ALCANÇOU";"NÃO ALCANÇOU";"NÃO ALCANÇOU";"ALCANÇOU"
"SP";"354080";"Potirendaba";"ALCANÇOU";"ALCANÇOU";;"NÃO ALCANÇOU";"ALCANÇOU";"ALCANÇOU";"NÃO ALCANÇOU";"ALCANÇOU"
"SP";"353980";"Poá";"ALCANÇOU";"ALCANÇOU";;"ALCANÇOU";"ALCANÇOU";"ALCANÇOU";"ALCANÇOU";"ALCANÇOU"
"SP";"354085";"Pracinha";"ALCANÇOU";"NÃO ALCANÇOU";;"NÃO ALCANÇOU";"NÃO ALCANÇOU";"NÃO ALCANÇOU";"NÃO ALCANÇOU";"NÃO ALCANÇOU"
"SP";"354090";"Pradópolis";"ALCANÇOU";"ALCANÇOU";;"NÃO ALCANÇOU";"ALCANÇOU";"ALCANÇOU";"NÃO ALCANÇOU";"NÃO ALCANÇOU"
"SP";"354100";"Praia Grande";"ALCANÇOU";"ALCANÇOU";;"NÃO ALCANÇOU";"NÃO ALCANÇOU";"ALCANÇOU";"NÃO ALCANÇOU";"ALCANÇOU"
"SP";"354105";"Pratânia";"NÃO ALCANÇOU";"ALCANÇOU";;"ALCANÇOU";"ALCANÇOU";"NÃO ALCANÇOU";"ALCANÇOU";"ALCANÇOU"
"SP";"354110";"Presidente Alves";"ALCANÇOU";"ALCANÇOU";;"ALCANÇOU";"ALCANÇOU";"NÃO ALCANÇOU";"ALCANÇOU";"NÃO ALCANÇOU"
"SP";"354120";"Presidente Bernardes";"ALCANÇOU";"NÃO ALCANÇOU";;"NÃO ALCANÇOU";"ALCANÇOU";"ALCANÇOU";"ALCANÇOU";"ALCANÇOU"
"SP";"354130";"Presidente Epitácio";"ALCANÇOU";"ALCANÇOU";;"NÃO ALCANÇOU";"ALCANÇOU";"NÃO ALCANÇOU";"ALCANÇOU";"ALCANÇOU"
"SP";"354140";"Presidente Prudente";"ALCANÇOU";"ALCANÇOU";;"NÃO ALCANÇOU";"ALCANÇOU";"ALCANÇOU";"NÃO ALCANÇOU";"ALCANÇOU"
"SP";"354150";"Presidente Venceslau";"ALCANÇOU";"ALCANÇOU";;"NÃO ALCANÇOU";"ALCANÇOU";"ALCANÇOU";"NÃO ALCANÇOU";"ALCANÇOU"
"SP";"354160";"Promissão";"ALCANÇOU";"ALCANÇOU";;"ALCANÇOU";"ALCANÇOU";"ALCANÇOU";"NÃO ALCANÇOU";"ALCANÇOU"
"SP";"354165";"Quadra";"ALCANÇOU";"NÃO ALCANÇOU";;"NÃO ALCANÇOU";"ALCANÇOU";"ALCANÇOU";"ALCANÇOU";"ALCANÇOU"
"SP";"354170";"Quatá";"ALCANÇOU";"ALCANÇOU";;"ALCANÇOU";"ALCANÇOU";"NÃO ALCANÇOU";"ALCANÇOU";"NÃO ALCANÇOU"
"SP";"354180";"Queiroz";"ALCANÇOU";"ALCANÇOU";;"ALCANÇOU";"NÃO ALCANÇOU";"NÃO ALCANÇOU";"NÃO ALCANÇOU";"ALCANÇOU"
"SP";"354190";"Queluz";"NÃO ALCANÇOU";"NÃO ALCANÇOU";;"NÃO ALCANÇOU";"ALCANÇOU";"NÃO ALCANÇOU";"ALCANÇOU";"ALCANÇOU"
"SP";"354200";"Quintana";"ALCANÇOU";"ALCANÇOU";;"ALCANÇOU";"NÃO ALCANÇOU";"ALCANÇOU";"ALCANÇOU";"ALCANÇOU"
"SP";"354210";"Rafard";"ALCANÇOU";"ALCANÇOU";;"NÃO ALCANÇOU";"ALCANÇOU";"ALCANÇOU";"ALCANÇOU";"ALCANÇOU"
"SP";"354220";"Rancharia";"ALCANÇOU";"ALCANÇOU";;"NÃO ALCANÇOU";"ALCANÇOU";"ALCANÇOU";"ALCANÇOU";"ALCANÇOU"
"SP";"354230";"Redenção da Serra";"ALCANÇOU";"ALCANÇOU";;"NÃO ALCANÇOU";"NÃO ALCANÇOU";"ALCANÇOU";"NÃO ALCANÇOU";"ALCANÇOU"
"SP";"354240";"Regente Feijó";"ALCANÇOU";"ALCANÇOU";;"ALCANÇOU";"ALCANÇOU";"ALCANÇOU";"NÃO ALCANÇOU";"ALCANÇOU"
"SP";"354250";"Reginópolis";"ALCANÇOU";"NÃO ALCANÇOU";;"NÃO ALCANÇOU";"ALCANÇOU";"ALCANÇOU";"ALCANÇOU";"ALCANÇOU"
"SP";"354260";"Registro";"ALCANÇOU";"ALCANÇOU";;"NÃO ALCANÇOU";"ALCANÇOU";"ALCANÇOU";"NÃO ALCANÇOU";"ALCANÇOU"
"SP";"354270";"Restinga";"ALCANÇOU";"ALCANÇOU";;"NÃO ALCANÇOU";"ALCANÇOU";"NÃO ALCANÇOU";"NÃO ALCANÇOU";"NÃO ALCANÇOU"
"SP";"354280";"Ribeira";"ALCANÇOU";"ALCANÇOU";;"NÃO ALCANÇOU";"ALCANÇOU";"NÃO ALCANÇOU";"ALCANÇOU";"ALCANÇOU"
"SP";"354290";"Ribeirão Bonito";"ALCANÇOU";"ALCANÇOU";;"NÃO ALCANÇOU";"NÃO ALCANÇOU";"ALCANÇOU";"ALCANÇOU";"NÃO ALCANÇOU"
"SP";"354300";"Ribeirão Branco";"ALCANÇOU";"ALCANÇOU";;"ALCANÇOU";"ALCANÇOU";"ALCANÇOU";"ALCANÇOU";"ALCANÇOU"
"SP";"354310";"Ribeirão Corrente";"ALCANÇOU";"ALCANÇOU";;"NÃO ALCANÇOU";"NÃO ALCANÇOU";"NÃO ALCANÇOU";"ALCANÇOU";"NÃO ALCANÇOU"
"SP";"354325";"Ribeirão Grande";"ALCANÇOU";"ALCANÇOU";;"ALCANÇOU";"NÃO ALCANÇOU";"NÃO ALCANÇOU";"ALCANÇOU";"NÃO ALCANÇOU"
"SP";"354330";"Ribeirão Pires";"ALCANÇOU";"NÃO ALCANÇOU";;"NÃO ALCANÇOU";"NÃO ALCANÇOU";"NÃO ALCANÇOU";"ALCANÇOU";"ALCANÇOU"
"SP";"354340";"Ribeirão Preto";"ALCANÇOU";"ALCANÇOU";;"NÃO ALCANÇOU";"ALCANÇOU";"ALCANÇOU";"ALCANÇOU";"ALCANÇOU"
"SP";"354320";"Ribeirão do Sul";"NÃO ALCANÇOU";"NÃO ALCANÇOU";;"NÃO ALCANÇOU";"NÃO ALCANÇOU";"NÃO ALCANÇOU";"ALCANÇOU";"ALCANÇOU"
"SP";"354323";"Ribeirão dos Índios";"ALCANÇOU";"NÃO ALCANÇOU";;"NÃO ALCANÇOU";"ALCANÇOU";"NÃO ALCANÇOU";"ALCANÇOU";"NÃO ALCANÇOU"
"SP";"354360";"Rifaina";"ALCANÇOU";"ALCANÇOU";;"NÃO ALCANÇOU";"NÃO ALCANÇOU";"NÃO ALCANÇOU";"ALCANÇOU";"ALCANÇOU"
"SP";"354370";"Rincão";"ALCANÇOU";"ALCANÇOU";;"ALCANÇOU";"ALCANÇOU";"ALCANÇOU";"ALCANÇOU";"ALCANÇOU"
"SP";"354380";"Rinópolis";"ALCANÇOU";"ALCANÇOU";;"NÃO ALCANÇOU";"NÃO ALCANÇOU";"ALCANÇOU";"NÃO ALCANÇOU";"ALCANÇOU"
"SP";"354390";"Rio Claro";"ALCANÇOU";"ALCANÇOU";;"NÃO ALCANÇOU";"ALCANÇOU";"ALCANÇOU";"ALCANÇOU";"NÃO ALCANÇOU"
"SP";"354410";"Rio Grande da Serra";"ALCANÇOU";"ALCANÇOU";;"NÃO ALCANÇOU";"NÃO ALCANÇOU";"NÃO ALCANÇOU";"NÃO ALCANÇOU";"NÃO ALCANÇOU"
"SP";"354400";"Rio das Pedras";"ALCANÇOU";"ALCANÇOU";;"NÃO ALCANÇOU";"ALCANÇOU";"ALCANÇOU";"ALCANÇOU";"NÃO ALCANÇOU"
"SP";"354420";"Riolândia";"ALCANÇOU";"ALCANÇOU";;"NÃO ALCANÇOU";"ALCANÇOU";"ALCANÇOU";"ALCANÇOU";"ALCANÇOU"
"SP";"354350";"Riversul";"ALCANÇOU";"ALCANÇOU";;"NÃO ALCANÇOU";"ALCANÇOU";"ALCANÇOU";"ALCANÇOU";"ALCANÇOU"
"SP";"354425";"Rosana";"ALCANÇOU";"ALCANÇOU";;"NÃO ALCANÇOU";"ALCANÇOU";"NÃO ALCANÇOU";"ALCANÇOU";"ALCANÇOU"
"SP";"354430";"Roseira";"ALCANÇOU";"ALCANÇOU";;"NÃO ALCANÇOU";"ALCANÇOU";"ALCANÇOU";"ALCANÇOU";"NÃO ALCANÇOU"
"SP";"354450";"Rubinéia";"ALCANÇOU";"ALCANÇOU";;"NÃO ALCANÇOU";"ALCANÇOU";"NÃO ALCANÇOU";"ALCANÇOU";"ALCANÇOU"
"SP";"354440";"Rubiácea";"ALCANÇOU";"ALCANÇOU";;"ALCANÇOU";"ALCANÇOU";"NÃO ALCANÇOU";"ALCANÇOU";"NÃO ALCANÇOU"
"SP";"354460";"Sabino";"ALCANÇOU";"ALCANÇOU";;"ALCANÇOU";"ALCANÇOU";"NÃO ALCANÇOU";"ALCANÇOU";"NÃO ALCANÇOU"
"SP";"354470";"Sagres";"ALCANÇOU";"NÃO ALCANÇOU";;"NÃO ALCANÇOU";"NÃO ALCANÇOU";"NÃO ALCANÇOU";"ALCANÇOU";"NÃO ALCANÇOU"
"SP";"354480";"Sales";"ALCANÇOU";"ALCANÇOU";;"NÃO ALCANÇOU";"ALCANÇOU";"ALCANÇOU";"NÃO ALCANÇOU";"ALCANÇOU"
"SP";"354490";"Sales Oliveira";"ALCANÇOU";"ALCANÇOU";;"ALCANÇOU";"ALCANÇOU";"ALCANÇOU";"ALCANÇOU";"ALCANÇOU"
"SP";"354500";"Salesópolis";"ALCANÇOU";"ALCANÇOU";;"ALCANÇOU";"ALCANÇOU";"NÃO ALCANÇOU";"NÃO ALCANÇOU";"ALCANÇOU"
"SP";"354510";"Salmourão";"ALCANÇOU";"ALCANÇOU";;"NÃO ALCANÇOU";"NÃO ALCANÇOU";"ALCANÇOU";"ALCANÇOU";"NÃO ALCANÇOU"
"SP";"354515";"Saltinho";"ALCANÇOU";"ALCANÇOU";;"ALCANÇOU";"NÃO ALCANÇOU";"NÃO ALCANÇOU";"ALCANÇOU";"ALCANÇOU"
"SP";"354520";"Salto";"ALCANÇOU";"ALCANÇOU";;"NÃO ALCANÇOU";"ALCANÇOU";"ALCANÇOU";"ALCANÇOU";"ALCANÇOU"
"SP";"354540";"Salto Grande";"ALCANÇOU";"ALCANÇOU";;"ALCANÇOU";"NÃO ALCANÇOU";"ALCANÇOU";"ALCANÇOU";"ALCANÇOU"
"SP";"354530";"Salto de Pirapora";"ALCANÇOU";"ALCANÇOU";;"NÃO ALCANÇOU";"ALCANÇOU";"NÃO ALCANÇOU";"NÃO ALCANÇOU";"ALCANÇOU"
"SP";"354550";"Sandovalina";"ALCANÇOU";"ALCANÇOU";;"NÃO ALCANÇOU";"NÃO ALCANÇOU";"NÃO ALCANÇOU";"ALCANÇOU";"ALCANÇOU"
"SP";"354560";"Santa Adélia";"ALCANÇOU";"ALCANÇOU";;"ALCANÇOU";"ALCANÇOU";"NÃO ALCANÇOU";"ALCANÇOU";"ALCANÇOU"
"SP";"354570";"Santa Albertina";"ALCANÇOU";"ALCANÇOU";;"NÃO ALCANÇOU";"ALCANÇOU";"NÃO ALCANÇOU";"ALCANÇOU";"ALCANÇOU"
"SP";"354600";"Santa Branca";"ALCANÇOU";"ALCANÇOU";;"NÃO ALCANÇOU";"ALCANÇOU";"NÃO ALCANÇOU";"ALCANÇOU";"ALCANÇOU"
"SP";"354580";"Santa Bárbara d'Oeste";"ALCANÇOU";"ALCANÇOU";;"NÃO ALCANÇOU";"ALCANÇOU";"ALCANÇOU";"NÃO ALCANÇOU";
"SP";"354580";"Santa Bárbara dOeste";;;;;;;;"ALCANÇOU"
"SP";"354610";"Santa Clara d'Oeste";"ALCANÇOU";"ALCANÇOU";;"ALCANÇOU";"ALCANÇOU";"NÃO ALCANÇOU";"NÃO ALCANÇOU";
"SP";"354610";"Santa Clara dOeste";;;;;;;;"ALCANÇOU"
"SP";"354620";"Santa Cruz da Conceição";"ALCANÇOU";"ALCANÇOU";;"NÃO ALCANÇOU";"ALCANÇOU";"NÃO ALCANÇOU";"ALCANÇOU";"ALCANÇOU"
"SP";"354625";"Santa Cruz da Esperança";"ALCANÇOU";"ALCANÇOU";;"NÃO ALCANÇOU";"ALCANÇOU";"ALCANÇOU";"ALCANÇOU";"ALCANÇOU"
"SP";"354630";"Santa Cruz das Palmeiras";"ALCANÇOU";"ALCANÇOU";;"ALCANÇOU";"ALCANÇOU";"NÃO ALCANÇOU";"ALCANÇOU";"ALCANÇOU"
"SP";"354640";"Santa Cruz do Rio Pardo";"ALCANÇOU";"ALCANÇOU";;"NÃO ALCANÇOU";"NÃO ALCANÇOU";"ALCANÇOU";"ALCANÇOU";"ALCANÇOU"
"SP";"354650";"Santa Ernestina";"ALCANÇOU";"ALCANÇOU";;"NÃO ALCANÇOU";"ALCANÇOU";"NÃO ALCANÇOU";"ALCANÇOU";"ALCANÇOU"
"SP";"354660";"Santa Fé do Sul";"ALCANÇOU";"ALCANÇOU";;"ALCANÇOU";"ALCANÇOU";"ALCANÇOU";"NÃO ALCANÇOU";"ALCANÇOU"
"SP";"354670";"Santa Gertrudes";"ALCANÇOU";"ALCANÇOU";;"NÃO ALCANÇOU";"ALCANÇOU";"NÃO ALCANÇOU";"NÃO ALCANÇOU";"NÃO ALCANÇOU"
"SP";"354680";"Santa Isabel";"ALCANÇOU";"ALCANÇOU";;"ALCANÇOU";"ALCANÇOU";"ALCANÇOU";"ALCANÇOU";"ALCANÇOU"
"SP";"354690";"Santa Lúcia";"ALCANÇOU";"ALCANÇOU";;"ALCANÇOU";"ALCANÇOU";"NÃO ALCANÇOU";"NÃO ALCANÇOU";"NÃO ALCANÇOU"
"SP";"354700";"Santa Maria da Serra";"ALCANÇOU";"ALCANÇOU";;"ALCANÇOU";"ALCANÇOU";"NÃO ALCANÇOU";"ALCANÇOU";"ALCANÇOU"
"SP";"354710";"Santa Mercedes";"ALCANÇOU";"ALCANÇOU";;"ALCANÇOU";"ALCANÇOU";"NÃO ALCANÇOU";"ALCANÇOU";"ALCANÇOU"
"SP";"354740";"Santa Rita d'Oeste";"ALCANÇOU";"ALCANÇOU";;"NÃO ALCANÇOU";"ALCANÇOU";"NÃO ALCANÇOU";"ALCANÇOU";
"SP";"354740";"Santa Rita dOeste";;;;;;;;"ALCANÇOU"
"SP";"354750";"Santa Rita do Passa Quatro";"ALCANÇOU";"NÃO ALCANÇOU";;"ALCANÇOU";"ALCANÇOU";"ALCANÇOU";"ALCANÇOU";"ALCANÇOU"
"SP";"354760";"Santa Rosa de Viterbo";"ALCANÇOU";"ALCANÇOU";;"NÃO ALCANÇOU";"ALCANÇOU";"ALCANÇOU";"NÃO ALCANÇOU";"NÃO ALCANÇOU"
"SP";"354765";"Santa Salete";"ALCANÇOU";"ALCANÇOU";;"ALCANÇOU";"ALCANÇOU";"NÃO ALCANÇOU";"ALCANÇOU";"ALCANÇOU"
"SP";"354720";"Santana da Ponte Pensa";"ALCANÇOU";"NÃO ALCANÇOU";;"ALCANÇOU";"ALCANÇOU";"NÃO ALCANÇOU";"ALCANÇOU";"NÃO ALCANÇOU"
"SP";"354730";"Santana de Parnaíba";"ALCANÇOU";"ALCANÇOU";;"NÃO ALCANÇOU";"ALCANÇOU";"ALCANÇOU";"NÃO ALCANÇOU";"ALCANÇOU"
"SP";"354770";"Santo Anastácio";"NÃO ALCANÇOU";"ALCANÇOU";;"ALCANÇOU";"ALCANÇOU";"ALCANÇOU";"NÃO ALCANÇOU";"ALCANÇOU"
"SP";"354780";"Santo André";"ALCANÇOU";"ALCANÇOU";;"NÃO ALCANÇOU";"ALCANÇOU";"ALCANÇOU";"ALCANÇOU";"ALCANÇOU"
"SP";"354790";"Santo Antônio da Alegria";"ALCANÇOU";"NÃO ALCANÇOU";;"NÃO ALCANÇOU";"ALCANÇOU";"ALCANÇOU";"ALCANÇOU";"ALCANÇOU"
"SP";"354800";"Santo Antônio de Posse";"ALCANÇOU";"ALCANÇOU";;"NÃO ALCANÇOU";"ALCANÇOU";"ALCANÇOU";"NÃO ALCANÇOU";"ALCANÇOU"
"SP";"354805";"Santo Antônio do Aracanguá";"ALCANÇOU";"ALCANÇOU";;"ALCANÇOU";"ALCANÇOU";"NÃO ALCANÇOU";"ALCANÇOU";"NÃO ALCANÇOU"
"SP";"354810";"Santo Antônio do Jardim";"ALCANÇOU";"ALCANÇOU";;"ALCANÇOU";"ALCANÇOU";"ALCANÇOU";"ALCANÇOU";"ALCANÇOU"
"SP";"354820";"Santo Antônio do Pinhal";"ALCANÇOU";"NÃO ALCANÇOU";;"NÃO ALCANÇOU";"NÃO ALCANÇOU";"ALCANÇOU";"ALCANÇOU";"ALCANÇOU"
"SP";"354830";"Santo Expedito";"ALCANÇOU";"ALCANÇOU";;"ALCANÇOU";"ALCANÇOU";"NÃO ALCANÇOU";"NÃO ALCANÇOU";"ALCANÇOU"
"SP";"354850";"Santos";"ALCANÇOU";"ALCANÇOU";;"NÃO ALCANÇOU";"NÃO ALCANÇOU";"ALCANÇOU";"NÃO ALCANÇOU";"ALCANÇOU"
"SP";"354840";"Santópolis do Aguapeí";"NÃO ALCANÇOU";"ALCANÇOU";;"NÃO ALCANÇOU";"ALCANÇOU";"NÃO ALCANÇOU";"ALCANÇOU";"NÃO ALCANÇOU"
"SP";"355110";"Sarapuí";"ALCANÇOU";"ALCANÇOU";;"NÃO ALCANÇOU";"ALCANÇOU";"ALCANÇOU";"ALCANÇOU";"NÃO ALCANÇOU"
"SP";"355120";"Sarutaiá";"ALCANÇOU";"ALCANÇOU";;"NÃO ALCANÇOU";"ALCANÇOU";"NÃO ALCANÇOU";"ALCANÇOU";"ALCANÇOU"
"SP";"355130";"Sebastianópolis do Sul";"ALCANÇOU";"ALCANÇOU";;"ALCANÇOU";"ALCANÇOU";"NÃO ALCANÇOU";"ALCANÇOU";"ALCANÇOU"
"SP";"355140";"Serra Azul";"NÃO ALCANÇOU";"NÃO ALCANÇOU";;"NÃO ALCANÇOU";"ALCANÇOU";"NÃO ALCANÇOU";"ALCANÇOU";"NÃO ALCANÇOU"
"SP";"355160";"Serra Negra";"ALCANÇOU";"ALCANÇOU";;"ALCANÇOU";"NÃO ALCANÇOU";"NÃO ALCANÇOU";"NÃO ALCANÇOU";"ALCANÇOU"
"SP";"355150";"Serrana";"ALCANÇOU";"ALCANÇOU";;"NÃO ALCANÇOU";"ALCANÇOU";"NÃO ALCANÇOU";"ALCANÇOU";"ALCANÇOU"
"SP";"355170";"Sertãozinho";"ALCANÇOU";"ALCANÇOU";;"NÃO ALCANÇOU";"ALCANÇOU";"ALCANÇOU";"ALCANÇOU";"NÃO ALCANÇOU"
"SP";"355180";"Sete Barras";"ALCANÇOU";"ALCANÇOU";;"ALCANÇOU";"ALCANÇOU";"NÃO ALCANÇOU";"ALCANÇOU";"NÃO ALCANÇOU"
"SP";"355190";"Severínia";"ALCANÇOU";"ALCANÇOU";;"ALCANÇOU";"ALCANÇOU";"ALCANÇOU";"ALCANÇOU";"ALCANÇOU"
"SP";"355200";"Silveiras";"ALCANÇOU";"ALCANÇOU";;"ALCANÇOU";"ALCANÇOU";"NÃO ALCANÇOU";"ALCANÇOU";"ALCANÇOU"
"SP";"355210";"Socorro";"ALCANÇOU";"NÃO ALCANÇOU";;"NÃO ALCANÇOU";"ALCANÇOU";"ALCANÇOU";"ALCANÇOU";"ALCANÇOU"
"SP";"355220";"Sorocaba";"ALCANÇOU";"ALCANÇOU";;"ALCANÇOU";"ALCANÇOU";"ALCANÇOU";"NÃO ALCANÇOU";"ALCANÇOU"
"SP";"355230";"Sud Mennucci";"ALCANÇOU";"ALCANÇOU";;"NÃO ALCANÇOU";"ALCANÇOU";"NÃO ALCANÇOU";"ALCANÇOU";"ALCANÇOU"
"SP";"355240";"Sumaré";"ALCANÇOU";"ALCANÇOU";;"NÃO ALCANÇOU";"ALCANÇOU";"ALCANÇOU";"NÃO ALCANÇOU";"ALCANÇOU"
"SP";"355250";"Suzano";"ALCANÇOU";"ALCANÇOU";;"NÃO ALCANÇOU";"ALCANÇOU";"ALCANÇOU";"NÃO ALCANÇOU";"ALCANÇOU"
"SP";"355255";"Suzanápolis";"ALCANÇOU";"ALCANÇOU";;"NÃO ALCANÇOU";"ALCANÇOU";"NÃO ALCANÇOU";"ALCANÇOU";"ALCANÇOU"
"SP";"354860";"São Bento do Sapucaí";"ALCANÇOU";"ALCANÇOU";;"ALCANÇOU";"ALCANÇOU";"NÃO ALCANÇOU";"ALCANÇOU";"ALCANÇOU"
"SP";"354870";"São Bernardo do Campo";"ALCANÇOU";"ALCANÇOU";;"NÃO ALCANÇOU";"ALCANÇOU";"ALCANÇOU";"NÃO ALCANÇOU";"ALCANÇOU"
"SP";"354880";"São Caetano do Sul";"ALCANÇOU";"ALCANÇOU";;"NÃO ALCANÇOU";"ALCANÇOU";"ALCANÇOU";"ALCANÇOU";"NÃO ALCANÇOU"
"SP";"354890";"São Carlos";"ALCANÇOU";"ALCANÇOU";;"NÃO ALCANÇOU";"ALCANÇOU";"ALCANÇOU";"ALCANÇOU";"ALCANÇOU"
"SP";"354900";"São Francisco";"ALCANÇOU";"ALCANÇOU";;"ALCANÇOU";"ALCANÇOU";"NÃO ALCANÇOU";"ALCANÇOU";"ALCANÇOU"
"SP";"354940";"São Joaquim da Barra";"ALCANÇOU";"ALCANÇOU";;"NÃO ALCANÇOU";"ALCANÇOU";"ALCANÇOU";"ALCANÇOU";"ALCANÇOU"
"SP";"354950";"São José da Bela Vista";"ALCANÇOU";"ALCANÇOU";;"NÃO ALCANÇOU";"NÃO ALCANÇOU";"NÃO ALCANÇOU";"ALCANÇOU";"NÃO ALCANÇOU"
"SP";"354960";"São José do Barreiro";"ALCANÇOU";"ALCANÇOU";;"NÃO ALCANÇOU";"NÃO ALCANÇOU";"NÃO ALCANÇOU";"ALCANÇOU";"NÃO ALCANÇOU"
"SP";"354970";"São José do Rio Pardo";"ALCANÇOU";"ALCANÇOU";;"ALCANÇOU";"ALCANÇOU";"NÃO ALCANÇOU";"ALCANÇOU";"ALCANÇOU"
"SP";"354980";"São José do Rio Preto";"ALCANÇOU";"ALCANÇOU";;"ALCANÇOU";"ALCANÇOU";"ALCANÇOU";"ALCANÇOU";"ALCANÇOU"
"SP";"354990";"São José dos Campos";"ALCANÇOU";"ALCANÇOU";;"NÃO ALCANÇOU";"ALCANÇOU";"ALCANÇOU";"ALCANÇOU";"ALCANÇOU"
"SP";"354910";"São João da Boa Vista";"ALCANÇOU";"ALCANÇOU";;"NÃO ALCANÇOU";"ALCANÇOU";"ALCANÇOU";"NÃO ALCANÇOU";"ALCANÇOU"
"SP";"354920";"São João das Duas Pontes";"ALCANÇOU";"ALCANÇOU";;"NÃO ALCANÇOU";"ALCANÇOU";"NÃO ALCANÇOU";"ALCANÇOU";"ALCANÇOU"
"SP";"354925";"São João de Iracema";"ALCANÇOU";"ALCANÇOU";;"NÃO ALCANÇOU";"ALCANÇOU";"NÃO ALCANÇOU";"ALCANÇOU";"ALCANÇOU"
"SP";"354930";"São João do Pau d'Alho";"NÃO ALCANÇOU";"ALCANÇOU";;"NÃO ALCANÇOU";"NÃO ALCANÇOU";"NÃO ALCANÇOU";"ALCANÇOU";
"SP";"354930";"São João do Pau dAlho";;;;;;;;"ALCANÇOU"
"SP";"354995";"São Lourenço da Serra";"ALCANÇOU";"ALCANÇOU";;"NÃO ALCANÇOU";"ALCANÇOU";"NÃO ALCANÇOU";"ALCANÇOU";"NÃO ALCANÇOU"
"SP";"355000";"São Luiz do Paraitinga";;;;"ALCANÇOU";;;;
"SP";"355000";"São Luís do Paraitinga";"ALCANÇOU";"ALCANÇOU";;;"NÃO ALCANÇOU";"NÃO ALCANÇOU";"ALCANÇOU";"ALCANÇOU"
"SP";"355010";"São Manuel";"ALCANÇOU";"ALCANÇOU";;"NÃO ALCANÇOU";"ALCANÇOU";"ALCANÇOU";"NÃO ALCANÇOU";"ALCANÇOU"
"SP";"355020";"São Miguel Arcanjo";"ALCANÇOU";"ALCANÇOU";;"NÃO ALCANÇOU";"NÃO ALCANÇOU";"NÃO ALCANÇOU";"ALCANÇOU";"ALCANÇOU"
"SP";"355030";"São Paulo";"ALCANÇOU";"ALCANÇOU";;"NÃO ALCANÇOU";"ALCANÇOU";"ALCANÇOU";"ALCANÇOU";"ALCANÇOU"
"SP";"355040";"São Pedro";"ALCANÇOU";"NÃO ALCANÇOU";;"NÃO ALCANÇOU";"ALCANÇOU";"ALCANÇOU";"NÃO ALCANÇOU";"ALCANÇOU"
"SP";"355050";"São Pedro do Turvo";"ALCANÇOU";"ALCANÇOU";;"ALCANÇOU";"NÃO ALCANÇOU";"ALCANÇOU";"NÃO ALCANÇOU";"ALCANÇOU"
"SP";"355060";"São Roque";"ALCANÇOU";"ALCANÇOU";;"NÃO ALCANÇOU";"ALCANÇOU";"ALCANÇOU";"ALCANÇOU";"ALCANÇOU"
"SP";"355070";"São Sebastião";"ALCANÇOU";"ALCANÇOU";;"NÃO ALCANÇOU";"ALCANÇOU";"NÃO ALCANÇOU";"ALCANÇOU";"NÃO ALCANÇOU"
"SP";"355080";"São Sebastião da Grama";"ALCANÇOU";"ALCANÇOU";;"NÃO ALCANÇOU";"ALCANÇOU";"ALCANÇOU";"NÃO ALCANÇOU";"ALCANÇOU"
"SP";"355090";"São Simão";"ALCANÇOU";"ALCANÇOU";;"NÃO ALCANÇOU";"ALCANÇOU";"NÃO ALCANÇOU";"ALCANÇOU";"NÃO ALCANÇOU"
"SP";"355100";"São Vicente";"ALCANÇOU";"ALCANÇOU";;"NÃO ALCANÇOU";"ALCANÇOU";"ALCANÇOU";"NÃO ALCANÇOU";"ALCANÇOU"
"SP";"355260";"Tabapuã";"ALCANÇOU";"ALCANÇOU";;"NÃO ALCANÇOU";"NÃO ALCANÇOU";"ALCANÇOU";"NÃO ALCANÇOU";"ALCANÇOU"
"SP";"355270";"Tabatinga";"ALCANÇOU";"ALCANÇOU";;"NÃO ALCANÇOU";"NÃO ALCANÇOU";"NÃO ALCANÇOU";"NÃO ALCANÇOU";"NÃO ALCANÇOU"
"SP";"355280";"Taboão da Serra";"ALCANÇOU";"ALCANÇOU";;"NÃO ALCANÇOU";"ALCANÇOU";"ALCANÇOU";"NÃO ALCANÇOU";"ALCANÇOU"
"SP";"355290";"Taciba";"ALCANÇOU";"ALCANÇOU";;"NÃO ALCANÇOU";"ALCANÇOU";"ALCANÇOU";"ALCANÇOU";"ALCANÇOU"
"SP";"355300";"Taguaí";"ALCANÇOU";"ALCANÇOU";;"ALCANÇOU";"ALCANÇOU";"NÃO ALCANÇOU";"ALCANÇOU";"ALCANÇOU"
"SP";"355310";"Taiaçu";"ALCANÇOU";"ALCANÇOU";;"ALCANÇOU";"NÃO ALCANÇOU";"NÃO ALCANÇOU";"ALCANÇOU";"ALCANÇOU"
"SP";"355320";"Taiúva";"ALCANÇOU";"ALCANÇOU";;"ALCANÇOU";"NÃO ALCANÇOU";"ALCANÇOU";"ALCANÇOU";"ALCANÇOU"
"SP";"355330";"Tambaú";"ALCANÇOU";"ALCANÇOU";;"NÃO ALCANÇOU";"ALCANÇOU";"ALCANÇOU";"NÃO ALCANÇOU";"ALCANÇOU"
"SP";"355340";"Tanabi";"ALCANÇOU";"ALCANÇOU";;"ALCANÇOU";"ALCANÇOU";"ALCANÇOU";"NÃO ALCANÇOU";"ALCANÇOU"
"SP";"355360";"Tapiratiba";"ALCANÇOU";"ALCANÇOU";;"NÃO ALCANÇOU";"ALCANÇOU";"NÃO ALCANÇOU";"ALCANÇOU";"ALCANÇOU"
"SP";"355350";"Tapiraí";"ALCANÇOU";"ALCANÇOU";;"NÃO ALCANÇOU";"ALCANÇOU";"NÃO ALCANÇOU";"ALCANÇOU";"ALCANÇOU"
"SP";"355365";"Taquaral";"NÃO ALCANÇOU";"ALCANÇOU";;"ALCANÇOU";"ALCANÇOU";"NÃO ALCANÇOU";"ALCANÇOU";"NÃO ALCANÇOU"
"SP";"355370";"Taquaritinga";"ALCANÇOU";"ALCANÇOU";;"NÃO ALCANÇOU";"ALCANÇOU";"ALCANÇOU";"NÃO ALCANÇOU";"ALCANÇOU"
"SP";"355380";"Taquarituba";"ALCANÇOU";"ALCANÇOU";;"NÃO ALCANÇOU";"ALCANÇOU";"NÃO ALCANÇOU";"NÃO ALCANÇOU";"ALCANÇOU"
"SP";"355385";"Taquarivaí";"ALCANÇOU";"ALCANÇOU";;"NÃO ALCANÇOU";"ALCANÇOU";"NÃO ALCANÇOU";"ALCANÇOU";"ALCANÇOU"
"SP";"355390";"Tarabai";"ALCANÇOU";"ALCANÇOU";;"NÃO ALCANÇOU";"ALCANÇOU";"NÃO ALCANÇOU";"NÃO ALCANÇOU";"ALCANÇOU"
"SP";"355395";"Tarumã";"ALCANÇOU";"ALCANÇOU";;"NÃO ALCANÇOU";"NÃO ALCANÇOU";"NÃO ALCANÇOU";"ALCANÇOU";"NÃO ALCANÇOU"
"SP";"355400";"Tatuí";"ALCANÇOU";"ALCANÇOU";;"NÃO ALCANÇOU";"ALCANÇOU";"ALCANÇOU";"NÃO ALCANÇOU";"ALCANÇOU"
"SP";"355410";"Taubaté";"ALCANÇOU";"ALCANÇOU";;"NÃO ALCANÇOU";"ALCANÇOU";"NÃO ALCANÇOU";"NÃO ALCANÇOU";"ALCANÇOU"
"SP";"355420";"Tejupá";"ALCANÇOU";"ALCANÇOU";;"NÃO ALCANÇOU";"ALCANÇOU";"NÃO ALCANÇOU";"ALCANÇOU";"ALCANÇOU"
"SP";"355430";"Teodoro Sampaio";"ALCANÇOU";"ALCANÇOU";;"ALCANÇOU";"ALCANÇOU";"ALCANÇOU";"ALCANÇOU";"ALCANÇOU"
"SP";"355440";"Terra Roxa";"ALCANÇOU";"ALCANÇOU";;"ALCANÇOU";"NÃO ALCANÇOU";"ALCANÇOU";"ALCANÇOU";"ALCANÇOU"
"SP";"355450";"Tietê";"ALCANÇOU";"ALCANÇOU";;"NÃO ALCANÇOU";"ALCANÇOU";"ALCANÇOU";"ALCANÇOU";"ALCANÇOU"
"SP";"355460";"Timburi";"ALCANÇOU";"ALCANÇOU";;"ALCANÇOU";"NÃO ALCANÇOU";"NÃO ALCANÇOU";"ALCANÇOU";"ALCANÇOU"
"SP";"355465";"Torre de Pedra";"ALCANÇOU";"ALCANÇOU";;"ALCANÇOU";"ALCANÇOU";"NÃO ALCANÇOU";"ALCANÇOU";"NÃO ALCANÇOU"
"SP";"355470";"Torrinha";"ALCANÇOU";"ALCANÇOU";;"NÃO ALCANÇOU";"ALCANÇOU";"NÃO ALCANÇOU";"ALCANÇOU";"ALCANÇOU"
"SP";"355475";"Trabiju";"ALCANÇOU";"ALCANÇOU";;"ALCANÇOU";"ALCANÇOU";"NÃO ALCANÇOU";"ALCANÇOU";"NÃO ALCANÇOU"
"SP";"355480";"Tremembé";"ALCANÇOU";"ALCANÇOU";;"ALCANÇOU";"ALCANÇOU";"ALCANÇOU";"NÃO ALCANÇOU";"ALCANÇOU"
"SP";"355490";"Três Fronteiras";"ALCANÇOU";"ALCANÇOU";;"NÃO ALCANÇOU";"ALCANÇOU";"NÃO ALCANÇOU";"ALCANÇOU";"ALCANÇOU"
"SP";"355495";"Tuiuti";"ALCANÇOU";"ALCANÇOU";;"NÃO ALCANÇOU";"NÃO ALCANÇOU";"NÃO ALCANÇOU";"ALCANÇOU";"NÃO ALCANÇOU"
"SP";"355510";"Tupi Paulista";"ALCANÇOU";"ALCANÇOU";;"NÃO ALCANÇOU";"ALCANÇOU";"NÃO ALCANÇOU";"NÃO ALCANÇOU";"ALCANÇOU"
"SP";"355500";"Tupã";"ALCANÇOU";"ALCANÇOU";;"NÃO ALCANÇOU";"NÃO ALCANÇOU";"NÃO ALCANÇOU";"NÃO ALCANÇOU";"ALCANÇOU"
"SP";"355520";"Turiúba";"ALCANÇOU";"NÃO ALCANÇOU";;"NÃO ALCANÇOU";"ALCANÇOU";"NÃO ALCANÇOU";"ALCANÇOU";"ALCANÇOU"
"SP";"355530";"Turmalina";"ALCANÇOU";"NÃO ALCANÇOU";;"ALCANÇOU";"ALCANÇOU";"ALCANÇOU";"ALCANÇOU";"NÃO ALCANÇOU"
"SP";"355535";"Ubarana";"ALCANÇOU";"ALCANÇOU";;"ALCANÇOU";"ALCANÇOU";"NÃO ALCANÇOU";"ALCANÇOU";"ALCANÇOU"
"SP";"355540";"Ubatuba";"ALCANÇOU";"ALCANÇOU";;"NÃO ALCANÇOU";"NÃO ALCANÇOU";"NÃO ALCANÇOU";"ALCANÇOU";"ALCANÇOU"
"SP";"355550";"Ubirajara";"ALCANÇOU";"ALCANÇOU";;"NÃO ALCANÇOU";"NÃO ALCANÇOU";"ALCANÇOU";"ALCANÇOU";"ALCANÇOU"
"SP";"355560";"Uchoa";"ALCANÇOU";"ALCANÇOU";;"ALCANÇOU";"ALCANÇOU";"NÃO ALCANÇOU";"NÃO ALCANÇOU";"ALCANÇOU"
"SP";"355570";"União Paulista";"ALCANÇOU";"ALCANÇOU";;"NÃO ALCANÇOU";"ALCANÇOU";"NÃO ALCANÇOU";"ALCANÇOU";"ALCANÇOU"
"SP";"355590";"Uru";"NÃO ALCANÇOU";"ALCANÇOU";;"NÃO ALCANÇOU";"ALCANÇOU";"NÃO ALCANÇOU";"ALCANÇOU";"NÃO ALCANÇOU"
"SP";"355600";"Urupês";"ALCANÇOU";"ALCANÇOU";;"ALCANÇOU";"ALCANÇOU";"NÃO ALCANÇOU";"NÃO ALCANÇOU";"ALCANÇOU"
"SP";"355580";"Urânia";"ALCANÇOU";"ALCANÇOU";;"ALCANÇOU";"ALCANÇOU";"ALCANÇOU";"ALCANÇOU";"ALCANÇOU"
"SP";"355610";"Valentim Gentil";"ALCANÇOU";"ALCANÇOU";;"ALCANÇOU";"ALCANÇOU";"ALCANÇOU";"NÃO ALCANÇOU";"ALCANÇOU"
"SP";"355620";"Valinhos";"ALCANÇOU";"ALCANÇOU";;"NÃO ALCANÇOU";"ALCANÇOU";"ALCANÇOU";"NÃO ALCANÇOU";"ALCANÇOU"
"SP";"355630";"Valparaíso";"ALCANÇOU";"ALCANÇOU";;"NÃO ALCANÇOU";"ALCANÇOU";"NÃO ALCANÇOU";"NÃO ALCANÇOU";"ALCANÇOU"
"SP";"355635";"Vargem";"ALCANÇOU";"ALCANÇOU";;"NÃO ALCANÇOU";"NÃO ALCANÇOU";"NÃO ALCANÇOU";"ALCANÇOU";"ALCANÇOU"
"SP";"355645";"Vargem Grande Paulista";"ALCANÇOU";"ALCANÇOU";;"ALCANÇOU";"ALCANÇOU";"ALCANÇOU";"NÃO ALCANÇOU";"ALCANÇOU"
"SP";"355640";"Vargem Grande do Sul";"ALCANÇOU";"ALCANÇOU";;"NÃO ALCANÇOU";"ALCANÇOU";"ALCANÇOU";"NÃO ALCANÇOU";"ALCANÇOU"
"SP";"355660";"Vera Cruz";"ALCANÇOU";"NÃO ALCANÇOU";;"NÃO ALCANÇOU";"NÃO ALCANÇOU";"ALCANÇOU";"ALCANÇOU";"ALCANÇOU"
"SP";"355670";"Vinhedo";"ALCANÇOU";"ALCANÇOU";;"ALCANÇOU";"NÃO ALCANÇOU";"ALCANÇOU";"NÃO ALCANÇOU";"ALCANÇOU"
"SP";"355680";"Viradouro";"ALCANÇOU";"ALCANÇOU";;"NÃO ALCANÇOU";"NÃO ALCANÇOU";"NÃO ALCANÇOU";"ALCANÇOU";"ALCANÇOU"
"SP";"355690";"Vista Alegre do Alto";"ALCANÇOU";"ALCANÇOU";;"ALCANÇOU";"NÃO ALCANÇOU";"ALCANÇOU";"ALCANÇOU";"ALCANÇOU"
"SP";"355695";"Vitória Brasil";"ALCANÇOU";"ALCANÇOU";;"NÃO ALCANÇOU";"ALCANÇOU";"NÃO ALCANÇOU";"ALCANÇOU";"NÃO ALCANÇOU"
"SP";"355700";"Votorantim";"ALCANÇOU";"ALCANÇOU";;"ALCANÇOU";"ALCANÇOU";"ALCANÇOU";"ALCANÇOU";"ALCANÇOU"
"SP";"355710";"Votuporanga";"ALCANÇOU";"ALCANÇOU";;"ALCANÇOU";"ALCANÇOU";"ALCANÇOU";"ALCANÇOU";"ALCANÇOU"
"SP";"355650";"Várzea Paulista";"ALCANÇOU";"ALCANÇOU";;"NÃO ALCANÇOU";"ALCANÇOU";"ALCANÇOU";"NÃO ALCANÇOU";"NÃO ALCANÇOU"
"SP";"355715";"Zacarias";"ALCANÇOU";"ALCANÇOU";;"NÃO ALCANÇOU";"NÃO ALCANÇOU";"NÃO ALCANÇOU";"ALCANÇOU";"ALCANÇOU"
"SP";"350040";"Águas da Prata";"ALCANÇOU";"NÃO ALCANÇOU";;"ALCANÇOU";"NÃO ALCANÇOU";"ALCANÇOU";"ALCANÇOU";"ALCANÇOU"
"SP";"350050";"Águas de Lindóia";"ALCANÇOU";"ALCANÇOU";;"NÃO ALCANÇOU";"ALCANÇOU";"NÃO ALCANÇOU";"NÃO ALCANÇOU";"NÃO ALCANÇOU"
"SP";"350055";"Águas de Santa Bárbara";"NÃO ALCANÇOU";"ALCANÇOU";;"ALCANÇOU";"ALCANÇOU";"NÃO ALCANÇOU";"ALCANÇOU";"ALCANÇOU"
"SP";"350060";"Águas de São Pedro";"ALCANÇOU";"ALCANÇOU";;"ALCANÇOU";"ALCANÇOU";"NÃO ALCANÇOU";"ALCANÇOU";"ALCANÇOU"
"SP";"350120";"Álvares Florence";"ALCANÇOU";"NÃO ALCANÇOU";;"ALCANÇOU";"ALCANÇOU";"ALCANÇOU";"ALCANÇOU";"ALCANÇOU"
"SP";"350130";"Álvares Machado";"ALCANÇOU";"ALCANÇOU";;"ALCANÇOU";"ALCANÇOU";"ALCANÇOU";"NÃO ALCANÇOU";"ALCANÇOU"
"SP";"350140";"Álvaro de Carvalho";"ALCANÇOU";"NÃO ALCANÇOU";;"NÃO ALCANÇOU";"NÃO ALCANÇOU";"ALCANÇOU";"NÃO ALCANÇOU";"ALCANÇOU"
"SP";"353380";"Óleo";"ALCANÇOU";"ALCANÇOU";;"ALCANÇOU";"ALCANÇOU";"NÃO ALCANÇOU";"ALCANÇOU";"NÃO ALCANÇOU"
"SP";"350010";;;;"ALCANÇOU";;;;;
"SP";"350020";;;;"ALCANÇOU";;;;;
"SP";"350030";;;;"ALCANÇOU";;;;;
"SP";"350040";;;;"ALCANÇOU";;;;;
"SP";"350050";;;;"ALCANÇOU";;;;;
"SP";"350055";;;;"NÃO ALCANÇOU";;;;;
"SP";"350060";;;;"ALCANÇOU";;;;;
"SP";"350070";;;;"ALCANÇOU";;;;;
"SP";"350075";;;;"ALCANÇOU";;;;;
"SP";"350080";;;;"ALCANÇOU";;;;;
"SP";"350090";;;;"ALCANÇOU";;;;;
"SP";"350100";;;;"ALCANÇOU";;;;;
"SP";"350110";;;;"ALCANÇOU";;;;;
"SP";"350115";;;;"NÃO ALCANÇOU";;;;;
"SP";"350120";;;;"ALCANÇOU";;;;;
"SP";"350130";;;;"ALCANÇOU";;;;;
"SP";"350140";;;;"ALCANÇOU";;;;;
"SP";"350150";;;;"ALCANÇOU";;;;;
"SP";"350160";;;;"ALCANÇOU";;;;;
"SP";"350170";;;;"ALCANÇOU";;;;;
"SP";"350180";;;;"ALCANÇOU";;;;;
"SP";"350190";;;;"ALCANÇOU";;;;;
"SP";"350200";;;;"ALCANÇOU";;;;;
"SP";"350210";;;;"ALCANÇOU";;;;;
"SP";"350220";;;;"NÃO ALCANÇOU";;;;;
"SP";"350230";;;;"ALCANÇOU";;;;;
"SP";"350240";;;;"ALCANÇOU";;;;;
"SP";"350250";;;;"ALCANÇOU";;;;;
"SP";"350260";;;;"ALCANÇOU";;;;;
"SP";"350270";;;;"ALCANÇOU";;;;;
"SP";"350275";;;;"NÃO ALCANÇOU";;;;;
"SP";"350280";;;;"ALCANÇOU";;;;;
"SP";"350290";;;;"ALCANÇOU";;;;;
"SP";"350300";;;;"NÃO ALCANÇOU";;;;;
"SP";"350310";;;;"ALCANÇOU";;;;;
"SP";"350315";;;;"NÃO ALCANÇOU";;;;;
"SP";"350320";;;;"ALCANÇOU";;;;;
"SP";"350330";;;;"ALCANÇOU";;;;;
"SP";"350335";;;;"ALCANÇOU";;;;;
"SP";"350340";;;;"NÃO ALCANÇOU";;;;;
"SP";"350350";;;;"NÃO ALCANÇOU";;;;;
"SP";"350360";;;;"ALCANÇOU";;;;;
"SP";"350370";;;;"ALCANÇOU";;;;;
"SP";"350380";;;;"NÃO ALCANÇOU";;;;;
"SP";"350390";;;;"ALCANÇOU";;;;;
"SP";"350395";;;;"ALCANÇOU";;;;;
"SP";"350400";;;;"ALCANÇOU";;;;;
"SP";"350410";;;;"ALCANÇOU";;;;;
"SP";"350420";;;;"NÃO ALCANÇOU";;;;;
"SP";"350430";;;;"ALCANÇOU";;;;;
"SP";"350440";;;;"ALCANÇOU";;;;;
"SP";"350450";;;;"ALCANÇOU";;;;;
"SP";"350460";;;;"ALCANÇOU";;;;;
"SP";"350470";;;;"ALCANÇOU";;;;;
"SP";"350480";;;;"ALCANÇOU";;;;;
"SP";"350490";;;;"ALCANÇOU";;;;;
"SP";"350500";;;;"ALCANÇOU";;;;;
"SP";"350510";;;;"ALCANÇOU";;;;;
"SP";"350520";;;;"ALCANÇOU";;;;;
"SP";"350530";;;;"ALCANÇOU";;;;;
"SP";"350535";;;;"ALCANÇOU";;;;;
"SP";"350540";;;;"NÃO ALCANÇOU";;;;;
"SP";"350550";;;;"ALCANÇOU";;;;;
"SP";"350560";;;;"NÃO ALCANÇOU";;;;;
"SP";"350570";;;;"ALCANÇOU";;;;;
"SP";"350580";;;;"ALCANÇOU";;;;;
"SP";"350590";;;;"ALCANÇOU";;;;;
"SP";"350600";;;;"ALCANÇOU";;;;;
"SP";"350610";;;;"ALCANÇOU";;;;;
"SP";"350620";;;;"ALCANÇOU";;;;;
"SP";"350630";;;;"ALCANÇOU";;;;;
"SP";"350635";;;;"ALCANÇOU";;;;;
"SP";"350640";;;;"ALCANÇOU";;;;;
"SP";"350650";;;;"ALCANÇOU";;;;;
"SP";"350660";;;;"ALCANÇOU";;;;;
"SP";"350670";;;;"ALCANÇOU";;;;;
"SP";"350680";;;;"ALCANÇOU";;;;;
"SP";"350690";;;;"ALCANÇOU";;;;;
"SP";"350700";;;;"ALCANÇOU";;;;;
"SP";"350710";;;;"ALCANÇOU";;;;;
"SP";"350715";;;;"ALCANÇOU";;;;;
"SP";"350720";;;;"ALCANÇOU";;;;;
"SP";"350730";;;;"NÃO ALCANÇOU";;;;;
"SP";"350740";;;;"ALCANÇOU";;;;;
"SP";"350745";;;;"ALCANÇOU";;;;;
"SP";"350750";;;;"ALCANÇOU";;;;;
"SP";"350760";;;;"ALCANÇOU";;;;;
"SP";"350770";;;;"ALCANÇOU";;;;;
"SP";"350775";;;;"ALCANÇOU";;;;;
"SP";"350780";;;;"ALCANÇOU";;;;;
"SP";"350790";;;;"ALCANÇOU";;;;;
"SP";"350800";;;;"ALCANÇOU";;;;;
"SP";"350810";;;;"NÃO ALCANÇOU";;;;;
"SP";"350820";;;;"NÃO ALCANÇOU";;;;;
"SP";"350830";;;;"ALCANÇOU";;;;;
"SP";"350840";;;;"ALCANÇOU";;;;;
"SP";"350850";;;;"ALCANÇOU";;;;;
"SP";"350860";;;;"NÃO ALCANÇOU";;;;;
"SP";"350870";;;;"NÃO ALCANÇOU";;;;;
"SP";"350880";;;;"ALCANÇOU";;;;;
"SP";"350890";;;;"ALCANÇOU";;;;;
"SP";"350900";;;;"NÃO ALCANÇOU";;;;;
"SP";"350910";;;;"NÃO ALCANÇOU";;;;;
"SP";"350920";;;;"ALCANÇOU";;;;;
"SP";"350925";;;;"ALCANÇOU";;;;;
"SP";"350930";;;;"NÃO ALCANÇOU";;;;;
"SP";"350940";;;;"ALCANÇOU";;;;;
"SP";"350945";;;;"ALCANÇOU";;;;;
"SP";"350950";;;;"ALCANÇOU";;;;;
"SP";"350960";;;;"ALCANÇOU";;;;;
"SP";"350970";;;;"ALCANÇOU";;;;;
"SP";"350980";;;;"ALCANÇOU";;;;;
"SP";"350990";;;;"NÃO ALCANÇOU";;;;;
"SP";"350995";;;;"NÃO ALCANÇOU";;;;;
"SP";"351000";;;;"ALCANÇOU";;;;;
"SP";"351010";;;;"ALCANÇOU";;;;;
"SP";"351015";;;;"ALCANÇOU";;;;;
"SP";"351020";;;;"ALCANÇOU";;;;;
"SP";"351030";;;;"NÃO ALCANÇOU";;;;;
"SP";"351040";;;;"ALCANÇOU";;;;;
"SP";"351050";;;;"ALCANÇOU";;;;;
"SP";"351060";;;;"ALCANÇOU";;;;;
"SP";"351070";;;;"ALCANÇOU";;;;;
"SP";"351080";;;;"ALCANÇOU";;;;;
"SP";"351090";;;;"ALCANÇOU";;;;;
"SP";"351100";;;;"ALCANÇOU";;;;;
"SP";"351110";;;;"ALCANÇOU";;;;;
"SP";"351120";;;;"NÃO ALCANÇOU";;;;;
"SP";"351130";;;;"ALCANÇOU";;;;;
"SP";"351140";;;;"NÃO ALCANÇOU";;;;;
"SP";"351150";;;;"ALCANÇOU";;;;;
"SP";"351160";;;;"NÃO ALCANÇOU";;;;;
"SP";"351170";;;;"ALCANÇOU";;;;;
"SP";"351190";;;;"ALCANÇOU";;;;;
"SP";"351200";;;;"ALCANÇOU";;;;;
"SP";"351210";;;;"NÃO ALCANÇOU";;;;;
"SP";"351220";;;;"ALCANÇOU";;;;;
"SP";"351230";;;;"ALCANÇOU";;;;;
"SP";"351240";;;;"ALCANÇOU";;;;;
"SP";"351250";;;;"ALCANÇOU";;;;;
"SP";"351260";;;;"ALCANÇOU";;;;;
"SP";"351270";;;;"ALCANÇOU";;;;;
"SP";"351280";;;;"ALCANÇOU";;;;;
"SP";"351290";;;;"ALCANÇOU";;;;;
"SP";"351300";;;;"ALCANÇOU";;;;;
"SP";"351310";;;;"ALCANÇOU";;;;;
"SP";"351320";;;;"NÃO ALCANÇOU";;;;;
"SP";"351330";;;;"ALCANÇOU";;;;;
"SP";"351340";;;;"ALCANÇOU";;;;;
"SP";"351350";;;;"ALCANÇOU";;;;;
"SP";"351360";;;;"ALCANÇOU";;;;;
"SP";"351370";;;;"NÃO ALCANÇOU";;;;;
"SP";"351380";;;;"ALCANÇOU";;;;;
"SP";"351385";;;;"ALCANÇOU";;;;;
"SP";"351390";;;;"ALCANÇOU";;;;;
"SP";"351400";;;;"ALCANÇOU";;;;;
"SP";"351410";;;;"ALCANÇOU";;;;;
"SP";"351420";;;;"ALCANÇOU";;;;;
"SP";"351430";;;;"NÃO ALCANÇOU";;;;;
"SP";"351440";;;;"ALCANÇOU";;;;;
"SP";"351450";;;;"NÃO ALCANÇOU";;;;;
"SP";"351460";;;;"ALCANÇOU";;;;;
"SP";"351470";;;;"ALCANÇOU";;;;;
"SP";"351480";;;;"ALCANÇOU";;;;;
"SP";"351490";;;;"NÃO ALCANÇOU";;;;;
"SP";"351492";;;;"ALCANÇOU";;;;;
"SP";"351495";;;;"ALCANÇOU";;;;;
"SP";"351500";;;;"ALCANÇOU";;;;;
"SP";"351510";;;;"ALCANÇOU";;;;;
"SP";"351512";;;;"ALCANÇOU";;;;;
"SP";"351515";;;;"NÃO ALCANÇOU";;;;;
"SP";"351518";;;;"ALCANÇOU";;;;;
"SP";"351519";;;;"NÃO ALCANÇOU";;;;;
"SP";"351520";;;;"ALCANÇOU";;;;;
"SP";"351530";;;;"ALCANÇOU";;;;;
"SP";"351535";;;;"NÃO ALCANÇOU";;;;;
"SP";"351540";;;;"ALCANÇOU";;;;;
"SP";"351550";;;;"ALCANÇOU";;;;;
"SP";"351560";;;;"ALCANÇOU";;;;;
"SP";"351565";;;;"ALCANÇOU";;;;;
"SP";"351570";;;;"ALCANÇOU";;;;;
"SP";"351580";;;;"ALCANÇOU";;;;;
"SP";"351590";;;;"ALCANÇOU";;;;;
"SP";"351600";;;;"ALCANÇOU";;;;;
"SP";"351610";;;;"ALCANÇOU";;;;;
"SP";"351620";;;;"ALCANÇOU";;;;;
"SP";"351630";;;;"ALCANÇOU";;;;;
"SP";"351640";;;;"NÃO ALCANÇOU";;;;;
"SP";"351650";;;;"ALCANÇOU";;;;;
"SP";"351660";;;;"NÃO ALCANÇOU";;;;;
"SP";"351670";;;;"ALCANÇOU";;;;;
"SP";"351680";;;;"ALCANÇOU";;;;;
"SP";"351685";;;;"ALCANÇOU";;;;;
"SP";"351690";;;;"ALCANÇOU";;;;;
"SP";"351700";;;;"ALCANÇOU";;;;;
"SP";"351710";;;;"NÃO ALCANÇOU";;;;;
"SP";"351720";;;;"ALCANÇOU";;;;;
"SP";"351730";;;;"ALCANÇOU";;;;;
"SP";"351740";;;;"ALCANÇOU";;;;;
"SP";"351750";;;;"ALCANÇOU";;;;;
"SP";"351760";;;;"ALCANÇOU";;;;;
"SP";"351770";;;;"NÃO ALCANÇOU";;;;;
"SP";"351780";;;;"ALCANÇOU";;;;;
"SP";"351790";;;;"ALCANÇOU";;;;;
"SP";"351800";;;;"ALCANÇOU";;;;;
"SP";"351810";;;;"ALCANÇOU";;;;;
"SP";"351820";;;;"ALCANÇOU";;;;;
"SP";"351830";;;;"ALCANÇOU";;;;;
"SP";"351840";;;;"ALCANÇOU";;;;;
"SP";"351850";;;;"NÃO ALCANÇOU";;;;;
"SP";"351860";;;;"NÃO ALCANÇOU";;;;;
"SP";"351870";;;;"ALCANÇOU";;;;;
"SP";"351880";;;;"ALCANÇOU";;;;;
"SP";"351885";;;;"NÃO ALCANÇOU";;;;;
"SP";"351890";;;;"ALCANÇOU";;;;;
"SP";"351900";;;;"ALCANÇOU";;;;;
"SP";"351905";;;;"NÃO ALCANÇOU";;;;;
"SP";"351907";;;;"ALCANÇOU";;;;;
"SP";"351910";;;;"NÃO ALCANÇOU";;;;;
"SP";"351920";;;;"ALCANÇOU";;;;;
"SP";"351925";;;;"ALCANÇOU";;;;;
"SP";"351930";;;;"NÃO ALCANÇOU";;;;;
"SP";"351940";;;;"ALCANÇOU";;;;;
"SP";"351950";;;;"ALCANÇOU";;;;;
"SP";"351960";;;;"NÃO ALCANÇOU";;;;;
"SP";"351970";;;;"NÃO ALCANÇOU";;;;;
"SP";"351980";;;;"ALCANÇOU";;;;;
"SP";"351990";;;;"ALCANÇOU";;;;;
"SP";"352000";;;;"ALCANÇOU";;;;;
"SP";"352010";;;;"NÃO ALCANÇOU";;;;;
"SP";"352020";;;;"NÃO ALCANÇOU";;;;;
"SP";"352030";;;;"ALCANÇOU";;;;;
"SP";"352040";;;;"ALCANÇOU";;;;;
"SP";"352042";;;;"NÃO ALCANÇOU";;;;;
"SP";"352044";;;;"ALCANÇOU";;;;;
"SP";"352050";;;;"ALCANÇOU";;;;;
"SP";"352060";;;;"ALCANÇOU";;;;;
"SP";"352070";;;;"ALCANÇOU";;;;;
"SP";"352080";;;;"ALCANÇOU";;;;;
"SP";"352090";;;;"ALCANÇOU";;;;;
"SP";"352100";;;;"ALCANÇOU";;;;;
"SP";"352110";;;;"NÃO ALCANÇOU";;;;;
"SP";"352115";;;;"ALCANÇOU";;;;;
"SP";"352120";;;;"NÃO ALCANÇOU";;;;;
"SP";"352130";;;;"ALCANÇOU";;;;;
"SP";"352140";;;;"ALCANÇOU";;;;;
"SP";"352150";;;;"ALCANÇOU";;;;;
"SP";"352160";;;;"NÃO ALCANÇOU";;;;;
"SP";"352170";;;;"ALCANÇOU";;;;;
"SP";"352180";;;;"NÃO ALCANÇOU";;;;;
"SP";"352190";;;;"ALCANÇOU";;;;;
"SP";"352200";;;;"ALCANÇOU";;;;;
"SP";"352210";;;;"ALCANÇOU";;;;;
"SP";"352215";;;;"ALCANÇOU";;;;;
"SP";"352220";;;;"ALCANÇOU";;;;;
"SP";"352230";;;;"ALCANÇOU";;;;;
"SP";"352240";;;;"ALCANÇOU";;;;;
"SP";"352250";;;;"ALCANÇOU";;;;;
"SP";"352260";;;;"ALCANÇOU";;;;;
"SP";"352265";;;;"ALCANÇOU";;;;;
"SP";"352270";;;;"NÃO ALCANÇOU";;;;;
"SP";"352280";;;;"ALCANÇOU";;;;;
"SP";"352290";;;;"NÃO ALCANÇOU";;;;;
"SP";"352300";;;;"ALCANÇOU";;;;;
"SP";"352310";;;;"ALCANÇOU";;;;;
"SP";"352320";;;;"ALCANÇOU";;;;;
"SP";"352330";;;;"ALCANÇOU";;;;;
"SP";"352340";;;;"ALCANÇOU";;;;;
"SP";"352350";;;;"NÃO ALCANÇOU";;;;;
"SP";"352360";;;;"ALCANÇOU";;;;;
"SP";"352370";;;;"NÃO ALCANÇOU";;;;;
"SP";"352380";;;;"ALCANÇOU";;;;;
"SP";"352390";;;;"ALCANÇOU";;;;;
"SP";"352400";;;;"ALCANÇOU";;;;;
"SP";"352410";;;;"ALCANÇOU";;;;;
"SP";"352420";;;;"NÃO ALCANÇOU";;;;;
"SP";"352430";;;;"ALCANÇOU";;;;;
"SP";"352440";;;;"ALCANÇOU";;;;;
"SP";"352450";;;;"ALCANÇOU";;;;;
"SP";"352460";;;;"ALCANÇOU";;;;;
"SP";"352470";;;;"NÃO ALCANÇOU";;;;;
"SP";"352480";;;;"ALCANÇOU";;;;;
"SP";"352490";;;;"NÃO ALCANÇOU";;;;;
"SP";"352500";;;;"ALCANÇOU";;;;;
"SP";"352510";;;;"NÃO ALCANÇOU";;;;;
"SP";"352520";;;;"ALCANÇOU";;;;;
"SP";"352530";;;;"NÃO ALCANÇOU";;;;;
"SP";"352540";;;;"ALCANÇOU";;;;;
"SP";"352550";;;;"ALCANÇOU";;;;;
"SP";"352560";;;;"ALCANÇOU";;;;;
"SP";"352570";;;;"ALCANÇOU";;;;;
"SP";"352580";;;;"ALCANÇOU";;;;;
"SP";"352585";;;;"NÃO ALCANÇOU";;;;;
"SP";"352590";;;;"ALCANÇOU";;;;;
"SP";"352600";;;;"ALCANÇOU";;;;;
"SP";"352610";;;;"ALCANÇOU";;;;;
"SP";"352620";;;;"ALCANÇOU";;;;;
"SP";"352630";;;;"ALCANÇOU";;;;;
"SP";"352640";;;;"ALCANÇOU";;;;;
"SP";"352650";;;;"NÃO ALCANÇOU";;;;;
"SP";"352660";;;;"ALCANÇOU";;;;;
"SP";"352670";;;;"NÃO ALCANÇOU";;;;;
"SP";"352680";;;;"ALCANÇOU";;;;;
"SP";"352690";;;;"ALCANÇOU";;;;;
"SP";"352700";;;;"ALCANÇOU";;;;;
"SP";"352710";;;;"ALCANÇOU";;;;;
"SP";"352720";;;;"ALCANÇOU";;;;;
"SP";"352725";;;;"ALCANÇOU";;;;;
"SP";"352730";;;;"ALCANÇOU";;;;;
"SP";"352740";;;;"NÃO ALCANÇOU";;;;;
"SP";"352750";;;;"ALCANÇOU";;;;;
"SP";"352760";;;;"ALCANÇOU";;;;;
"SP";"352770";;;;"ALCANÇOU";;;;;
"SP";"352780";;;;"ALCANÇOU";;;;;
"SP";"352790";;;;"ALCANÇOU";;;;;
"SP";"352800";;;;"ALCANÇOU";;;;;
"SP";"352810";;;;"ALCANÇOU";;;;;
"SP";"352820";;;;"ALCANÇOU";;;;;
"SP";"352830";;;;"ALCANÇOU";;;;;
"SP";"352840";;;;"ALCANÇOU";;;;;
"SP";"352850";;;;"ALCANÇOU";;;;;
"SP";"352860";;;;"ALCANÇOU";;;;;
"SP";"352870";;;;"ALCANÇOU";;;;;
"SP";"352880";;;;"ALCANÇOU";;;;;
"SP";"352885";;;;"ALCANÇOU";;;;;
"SP";"352890";;;;"ALCANÇOU";;;;;
"SP";"352900";;;;"ALCANÇOU";;;;;
"SP";"352910";;;;"ALCANÇOU";;;;;
"SP";"352920";;;;"ALCANÇOU";;;;;
"SP";"352930";;;;"NÃO ALCANÇOU";;;;;
"SP";"352940";;;;"ALCANÇOU";;;;;
"SP";"352950";;;;"ALCANÇOU";;;;;
"SP";"352960";;;;"ALCANÇOU";;;;;
"SP";"352965";;;;"ALCANÇOU";;;;;
"SP";"352970";;;;"NÃO ALCANÇOU";;;;;
"SP";"352980";;;;"NÃO ALCANÇOU";;;;;
"SP";"352990";;;;"ALCANÇOU";;;;;
"SP";"353000";;;;"ALCANÇOU";;;;;
"SP";"353010";;;;"ALCANÇOU";;;;;
"SP";"353020";;;;"ALCANÇOU";;;;;
"SP";"353030";;;;"ALCANÇOU";;;;;
"SP";"353040";;;;"ALCANÇOU";;;;;
"SP";"353050";;;;"ALCANÇOU";;;;;
"SP";"353060";;;;"ALCANÇOU";;;;;
"SP";"353070";;;;"ALCANÇOU";;;;;
"SP";"353080";;;;"ALCANÇOU";;;;;
"SP";"353090";;;;"ALCANÇOU";;;;;
"SP";"353100";;;;"ALCANÇOU";;;;;
"SP";"353110";;;;"ALCANÇOU";;;;;
"SP";"353120";;;;"ALCANÇOU";;;;;
"SP";"353130";;;;"NÃO ALCANÇOU";;;;;
"SP";"353140";;;;"ALCANÇOU";;;;;
"SP";"353150";;;;"NÃO ALCANÇOU";;;;;
"SP";"353160";;;;"ALCANÇOU";;;;;
"SP";"353170";;;;"ALCANÇOU";;;;;
"SP";"353180";;;;"ALCANÇOU";;;;;
"SP";"353190";;;;"ALCANÇOU";;;;;
"SP";"353200";;;;"ALCANÇOU";;;;;
"SP";"353205";;;;"ALCANÇOU";;;;;
"SP";"353210";;;;"ALCANÇOU";;;;;
"SP";"353215";;;;"ALCANÇOU";;;;;
"SP";"353220";;;;"ALCANÇOU";;;;;
"SP";"353230";;;;"ALCANÇOU";;;;;
"SP";"353240";;;;"NÃO ALCANÇOU";;;;;
"SP";"353250";;;;"ALCANÇOU";;;;;
"SP";"353260";;;;"ALCANÇOU";;;;;
"SP";"353270";;;;"ALCANÇOU";;;;;
"SP";"353280";;;;"ALCANÇOU";;;;;
"SP";"353282";;;;"ALCANÇOU";;;;;
"SP";"353284";;;;"ALCANÇOU";;;;;
"SP";"353286";;;;"ALCANÇOU";;;;;
"SP";"353290";;;;"NÃO ALCANÇOU";;;;;
"SP";"353300";;;;"ALCANÇOU";;;;;
"SP";"353310";;;;"ALCANÇOU";;;;;
"SP";"353320";;;;"ALCANÇOU";;;;;
"SP";"353325";;;;"ALCANÇOU";;;;;
"SP";"353330";;;;"ALCANÇOU";;;;;
"SP";"353340";;;;"ALCANÇOU";;;;;
"SP";"353350";;;;"ALCANÇOU";;;;;
"SP";"353360";;;;"ALCANÇOU";;;;;
"SP";"353370";;;;"ALCANÇOU";;;;;
"SP";"353380";;;;"ALCANÇOU";;;;;
"SP";"353390";;;;"ALCANÇOU";;;;;
"SP";"353400";;;;"ALCANÇOU";;;;;
"SP";"353410";;;;"ALCANÇOU";;;;;
"SP";"353420";;;;"ALCANÇOU";;;;;
"SP";"353430";;;;"ALCANÇOU";;;;;
"SP";"353440";;;;"ALCANÇOU";;;;;
"SP";"353450";;;;"ALCANÇOU";;;;;
"SP";"353460";;;;"ALCANÇOU";;;;;
"SP";"353470";;;;"ALCANÇOU";;;;;
"SP";"353475";;;;"ALCANÇOU";;;;;
"SP";"353480";;;;"ALCANÇOU";;;;;
"SP";"353490";;;;"NÃO ALCANÇOU";;;;;
"SP";"353500";;;;"ALCANÇOU";;;;;
"SP";"353510";;;;"ALCANÇOU";;;;;
"SP";"353520";;;;"ALCANÇOU";;;;;
"SP";"353530";;;;"ALCANÇOU";;;;;
"SP";"353540";;;;"ALCANÇOU";;;;;
"SP";"353550";;;;"ALCANÇOU";;;;;
"SP";"353560";;;;"NÃO ALCANÇOU";;;;;
"SP";"353570";;;;"ALCANÇOU";;;;;
"SP";"353580";;;;"NÃO ALCANÇOU";;;;;
"SP";"353590";;;;"ALCANÇOU";;;;;
"SP";"353600";;;;"NÃO ALCANÇOU";;;;;
"SP";"353610";;;;"ALCANÇOU";;;;;
"SP";"353620";;;;"ALCANÇOU";;;;;
"SP";"353625";;;;"ALCANÇOU";;;;;
"SP";"353630";;;;"NÃO ALCANÇOU";;;;;
"SP";"353640";;;;"ALCANÇOU";;;;;
"SP";"353650";;;;"ALCANÇOU";;;;;
"SP";"353657";;;;"ALCANÇOU";;;;;
"SP";"353660";;;;"ALCANÇOU";;;;;
"SP";"353670";;;;"ALCANÇOU";;;;;
"SP";"353680";;;;"ALCANÇOU";;;;;
"SP";"353690";;;;"ALCANÇOU";;;;;
"SP";"353700";;;;"ALCANÇOU";;;;;
"SP";"353710";;;;"ALCANÇOU";;;;;
"SP";"353715";;;;"ALCANÇOU";;;;;
"SP";"353720";;;;"ALCANÇOU";;;;;
"SP";"353730";;;;"ALCANÇOU";;;;;
"SP";"353740";;;;"ALCANÇOU";;;;;
"SP";"353750";;;;"ALCANÇOU";;;;;
"SP";"353760";;;;"NÃO ALCANÇOU";;;;;
"SP";"353770";;;;"ALCANÇOU";;;;;
"SP";"353780";;;;"ALCANÇOU";;;;;
"SP";"353790";;;;"NÃO ALCANÇOU";;;;;
"SP";"353800";;;;"ALCANÇOU";;;;;
"SP";"353810";;;;"ALCANÇOU";;;;;
"SP";"353820";;;;"ALCANÇOU";;;;;
"SP";"353830";;;;"ALCANÇOU";;;;;
"SP";"353850";;;;"ALCANÇOU";;;;;
"SP";"353860";;;;"ALCANÇOU";;;;;
"SP";"353870";;;;"ALCANÇOU";;;;;
"SP";"353880";;;;"ALCANÇOU";;;;;
"SP";"353890";;;;"ALCANÇOU";;;;;
"SP";"353900";;;;"ALCANÇOU";;;;;
"SP";"353910";;;;"ALCANÇOU";;;;;
"SP";"353920";;;;"ALCANÇOU";;;;;
"SP";"353930";;;;"ALCANÇOU";;;;;
"SP";"353940";;;;"ALCANÇOU";;;;;
"SP";"353950";;;;"ALCANÇOU";;;;;
"SP";"353960";;;;"ALCANÇOU";;;;;
"SP";"353970";;;;"ALCANÇOU";;;;;
"SP";"353980";;;;"ALCANÇOU";;;;;
"SP";"353990";;;;"ALCANÇOU";;;;;
"SP";"354000";;;;"ALCANÇOU";;;;;
"SP";"354010";;;;"ALCANÇOU";;;;;
"SP";"354020";;;;"NÃO ALCANÇOU";;;;;
"SP";"354025";;;;"ALCANÇOU";;;;;
"SP";"354030";;;;"ALCANÇOU";;;;;
"SP";"354040";;;;"ALCANÇOU";;;;;
"SP";"354050";;;;"ALCANÇOU";;;;;
"SP";"354060";;;;"NÃO ALCANÇOU";;;;;
"SP";"354070";;;;"NÃO ALCANÇOU";;;;;
"SP";"354075";;;;"ALCANÇOU";;;;;
"SP";"354080";;;;"NÃO ALCANÇOU";;;;;
"SP";"354085";;;;"ALCANÇOU";;;;;
"SP";"354090";;;;"NÃO ALCANÇOU";;;;;
"SP";"354100";;;;"ALCANÇOU";;;;;
"SP";"354105";;;;"ALCANÇOU";;;;;
"SP";"354110";;;;"ALCANÇOU";;;;;
"SP";"354120";;;;"ALCANÇOU";;;;;
"SP";"354130";;;;"NÃO ALCANÇOU";;;;;
"SP";"354140";;;;"ALCANÇOU";;;;;
"SP";"354150";;;;"NÃO ALCANÇOU";;;;;
"SP";"354160";;;;"NÃO ALCANÇOU";;;;;
"SP";"354165";;;;"ALCANÇOU";;;;;
"SP";"354170";;;;"ALCANÇOU";;;;;
"SP";"354180";;;;"ALCANÇOU";;;;;
"SP";"354190";;;;"NÃO ALCANÇOU";;;;;
"SP";"354200";;;;"ALCANÇOU";;;;;
"SP";"354210";;;;"ALCANÇOU";;;;;
"SP";"354220";;;;"ALCANÇOU";;;;;
"SP";"354230";;;;"ALCANÇOU";;;;;
"SP";"354240";;;;"ALCANÇOU";;;;;
"SP";"354250";;;;"ALCANÇOU";;;;;
"SP";"354260";;;;"ALCANÇOU";;;;;
"SP";"354270";;;;"ALCANÇOU";;;;;
"SP";"354280";;;;"ALCANÇOU";;;;;
"SP";"354290";;;;"ALCANÇOU";;;;;
"SP";"354300";;;;"ALCANÇOU";;;;;
"SP";"354310";;;;"NÃO ALCANÇOU";;;;;
"SP";"354320";;;;"ALCANÇOU";;;;;
"SP";"354323";;;;"ALCANÇOU";;;;;
"SP";"354325";;;;"ALCANÇOU";;;;;
"SP";"354330";;;;"ALCANÇOU";;;;;
"SP";"354340";;;;"ALCANÇOU";;;;;
"SP";"354350";;;;"ALCANÇOU";;;;;
"SP";"354360";;;;"ALCANÇOU";;;;;
"SP";"354370";;;;"ALCANÇOU";;;;;
"SP";"354380";;;;"ALCANÇOU";;;;;
"SP";"354390";;;;"ALCANÇOU";;;;;
"SP";"354400";;;;"ALCANÇOU";;;;;
"SP";"354410";;;;"ALCANÇOU";;;;;
"SP";"354420";;;;"ALCANÇOU";;;;;
"SP";"354425";;;;"ALCANÇOU";;;;;
"SP";"354430";;;;"NÃO ALCANÇOU";;;;;
"SP";"354440";;;;"ALCANÇOU";;;;;
"SP";"354450";;;;"ALCANÇOU";;;;;
"SP";"354460";;;;"NÃO ALCANÇOU";;;;;
"SP";"354470";;;;"ALCANÇOU";;;;;
"SP";"354480";;;;"ALCANÇOU";;;;;
"SP";"354490";;;;"NÃO ALCANÇOU";;;;;
"SP";"354500";;;;"ALCANÇOU";;;;;
"SP";"354510";;;;"ALCANÇOU";;;;;
"SP";"354515";;;;"ALCANÇOU";;;;;
"SP";"354520";;;;"ALCANÇOU";;;;;
"SP";"354530";;;;"ALCANÇOU";;;;;
"SP";"354540";;;;"ALCANÇOU";;;;;
"SP";"354550";;;;"ALCANÇOU";;;;;
"SP";"354560";;;;"ALCANÇOU";;;;;
"SP";"354570";;;;"ALCANÇOU";;;;;
"SP";"354580";;;;"ALCANÇOU";;;;;
"SP";"354600";;;;"ALCANÇOU";;;;;
"SP";"354610";;;;"ALCANÇOU";;;;;
"SP";"354620";;;;"ALCANÇOU";;;;;
"SP";"354625";;;;"NÃO ALCANÇOU";;;;;
"SP";"354630";;;;"NÃO ALCANÇOU";;;;;
"SP";"354640";;;;"ALCANÇOU";;;;;
"SP";"354650";;;;"ALCANÇOU";;;;;
"SP";"354660";;;;"ALCANÇOU";;;;;
"SP";"354670";;;;"ALCANÇOU";;;;;
"SP";"354680";;;;"ALCANÇOU";;;;;
"SP";"354690";;;;"ALCANÇOU";;;;;
"SP";"354700";;;;"ALCANÇOU";;;;;
"SP";"354710";;;;"ALCANÇOU";;;;;
"SP";"354720";;;;"ALCANÇOU";;;;;
"SP";"354730";;;;"ALCANÇOU";;;;;
"SP";"354740";;;;"ALCANÇOU";;;;;
"SP";"354750";;;;"ALCANÇOU";;;;;
"SP";"354760";;;;"ALCANÇOU";;;;;
"SP";"354765";;;;"ALCANÇOU";;;;;
"SP";"354770";;;;"ALCANÇOU";;;;;
"SP";"354780";;;;"ALCANÇOU";;;;;
"SP";"354790";;;;"ALCANÇOU";;;;;
"SP";"354800";;;;"ALCANÇOU";;;;;
"SP";"354805";;;;"NÃO ALCANÇOU";;;;;
"SP";"354810";;;;"ALCANÇOU";;;;;
"SP";"354820";;;;"ALCANÇOU";;;;;
"SP";"354830";;;;"ALCANÇOU";;;;;
"SP";"354840";;;;"ALCANÇOU";;;;;
"SP";"354850";;;;"ALCANÇOU";;;;;
"SP";"354860";;;;"ALCANÇOU";;;;;
"SP";"354870";;;;"ALCANÇOU";;;;;
"SP";"354880";;;;"NÃO ALCANÇOU";;;;;
"SP";"354890";;;;"ALCANÇOU";;;;;
"SP";"354900";;;;"ALCANÇOU";;;;;
"SP";"354910";;;;"ALCANÇOU";;;;;
"SP";"354920";;;;"ALCANÇOU";;;;;
"SP";"354925";;;;"ALCANÇOU";;;;;
"SP";"354930";;;;"ALCANÇOU";;;;;
"SP";"354940";;;;"ALCANÇOU";;;;;
"SP";"354950";;;;"NÃO ALCANÇOU";;;;;
"SP";"354960";;;;"NÃO ALCANÇOU";;;;;
"SP";"354970";;;;"ALCANÇOU";;;;;
"SP";"354980";;;;"ALCANÇOU";;;;;
"SP";"354990";;;;"ALCANÇOU";;;;;
"SP";"354995";;;;"ALCANÇOU";;;;;
"SP";"355000";;;;"ALCANÇOU";;;;;
"SP";"355010";;;;"ALCANÇOU";;;;;
"SP";"355020";;;;"ALCANÇOU";;;;;
"SP";"355030";;;;"ALCANÇOU";;;;;
"SP";"355040";;;;"ALCANÇOU";;;;;
"SP";"355050";;;;"ALCANÇOU";;;;;
"SP";"355060";;;;"ALCANÇOU";;;;;
"SP";"355070";;;;"ALCANÇOU";;;;;
"SP";"355080";;;;"NÃO ALCANÇOU";;;;;
"SP";"355090";;;;"ALCANÇOU";;;;;
"SP";"355100";;;;"ALCANÇOU";;;;;
"SP";"355110";;;;"NÃO ALCANÇOU";;;;;
"SP";"355120";;;;"ALCANÇOU";;;;;
"SP";"355130";;;;"ALCANÇOU";;;;;
"SP";"355140";;;;"ALCANÇOU";;;;;
"SP";"355150";;;;"NÃO ALCANÇOU";;;;;
"SP";"355160";;;;"ALCANÇOU";;;;;
"SP";"355170";;;;"ALCANÇOU";;;;;
"SP";"355180";;;;"NÃO ALCANÇOU";;;;;
"SP";"355190";;;;"ALCANÇOU";;;;;
"SP";"355200";;;;"ALCANÇOU";;;;;
"SP";"355210";;;;"ALCANÇOU";;;;;
"SP";"355220";;;;"ALCANÇOU";;;;;
"SP";"355230";;;;"NÃO ALCANÇOU";;;;;
"SP";"355240";;;;"NÃO ALCANÇOU";;;;;
"SP";"355250";;;;"ALCANÇOU";;;;;
"SP";"355255";;;;"NÃO ALCANÇOU";;;;;
"SP";"355260";;;;"ALCANÇOU";;;;;
"SP";"355270";;;;"NÃO ALCANÇOU";;;;;
"SP";"355280";;;;"ALCANÇOU";;;;;
"SP";"355290";;;;"ALCANÇOU";;;;;
"SP";"355300";;;;"ALCANÇOU";;;;;
"SP";"355310";;;;"ALCANÇOU";;;;;
"SP";"355320";;;;"ALCANÇOU";;;;;
"SP";"355330";;;;"ALCANÇOU";;;;;
"SP";"355340";;;;"ALCANÇOU";;;;;
"SP";"355350";;;;"ALCANÇOU";;;;;
"SP";"355360";;;;"ALCANÇOU";;;;;
"SP";"355365";;;;"NÃO ALCANÇOU";;;;;
"SP";"355370";;;;"NÃO ALCANÇOU";;;;;
"SP";"355380";;;;"ALCANÇOU";;;;;
"SP";"355385";;;;"ALCANÇOU";;;;;
"SP";"355390";;;;"ALCANÇOU";;;;;
"SP";"355395";;;;"ALCANÇOU";;;;;
"SP";"355400";;;;"ALCANÇOU";;;;;
"SP";"355410";;;;"ALCANÇOU";;;;;
"SP";"355420";;;;"ALCANÇOU";;;;;
"SP";"355430";;;;"ALCANÇOU";;;;;
"SP";"355440";;;;"ALCANÇOU";;;;;
"SP";"355450";;;;"NÃO ALCANÇOU";;;;;
"SP";"355460";;;;"ALCANÇOU";;;;;
"SP";"355465";;;;"ALCANÇOU";;;;;
"SP";"355470";;;;"NÃO ALCANÇOU";;;;;
"SP";"355475";;;;"ALCANÇOU";;;;;
"SP";"355480";;;;"ALCANÇOU";;;;;
"SP";"355490";;;;"NÃO ALCANÇOU";;;;;
"SP";"355495";;;;"ALCANÇOU";;;;;
"SP";"355500";;;;"ALCANÇOU";;;;;
"SP";"355510";;;;"ALCANÇOU";;;;;
"SP";"355520";;;;"ALCANÇOU";;;;;
"SP";"355530";;;;"ALCANÇOU";;;;;
"SP";"355535";;;;"ALCANÇOU";;;;;
"SP";"355540";;;;"ALCANÇOU";;;;;
"SP";"355550";;;;"ALCANÇOU";;;;;
"SP";"355560";;;;"ALCANÇOU";;;;;
"SP";"355570";;;;"ALCANÇOU";;;;;
"SP";"355580";;;;"ALCANÇOU";;;;;
"SP";"355590";;;;"ALCANÇOU";;;;;
"SP";"355600";;;;"ALCANÇOU";;;;;
"SP";"355610";;;;"ALCANÇOU";;;;;
"SP";"355620";;;;"ALCANÇOU";;;;;
"SP";"355630";;;;"NÃO ALCANÇOU";;;;;
"SP";"355635";;;;"ALCANÇOU";;;;;
"SP";"355640";;;;"NÃO ALCANÇOU";;;;;
"SP";"355645";;;;"ALCANÇOU";;;;;
"SP";"355650";;;;"ALCANÇOU";;;;;
"SP";"355660";;;;"ALCANÇOU";;;;;
"SP";"355670";;;;"ALCANÇOU";;;;;
"SP";"355680";;;;"ALCANÇOU";;;;;
"SP";"355690";;;;"ALCANÇOU";;;;;
"SP";"355695";;;;"ALCANÇOU";;;;;
"SP";"355700";;;;"ALCANÇOU";;;;;
"SP";"355710";;;;"ALCANÇOU";;;;;
"SP";"355715";;;;"ALCANÇOU";;;;;
"SP";"355720";;;;"ALCANÇOU";;;;;
"SP";"355730";;;;"ALCANÇOU";;;;;
"TO";"170025";"Abreulândia";"ALCANÇOU";"ALCANÇOU";;"ALCANÇOU";"NÃO ALCANÇOU";"NÃO ALCANÇOU";"ALCANÇOU";"ALCANÇOU"
"TO";"170030";"Aguiarnópolis";"ALCANÇOU";"ALCANÇOU";;"ALCANÇOU";"ALCANÇOU";"NÃO ALCANÇOU";"NÃO ALCANÇOU";"ALCANÇOU"
"TO";"170035";"Aliança do Tocantins";"ALCANÇOU";"ALCANÇOU";;"ALCANÇOU";"ALCANÇOU";"NÃO ALCANÇOU";"ALCANÇOU";"ALCANÇOU"
"TO";"170040";"Almas";"ALCANÇOU";"ALCANÇOU";;"ALCANÇOU";"NÃO ALCANÇOU";"NÃO ALCANÇOU";"ALCANÇOU";"NÃO ALCANÇOU"
"TO";"170070";"Alvorada";"ALCANÇOU";"ALCANÇOU";;"NÃO ALCANÇOU";"NÃO ALCANÇOU";"NÃO ALCANÇOU";"NÃO ALCANÇOU";"ALCANÇOU"
"TO";"170100";"Ananás";"ALCANÇOU";"ALCANÇOU";;"ALCANÇOU";"ALCANÇOU";"NÃO ALCANÇOU";"NÃO ALCANÇOU";"ALCANÇOU"
"TO";"170105";"Angico";"ALCANÇOU";"ALCANÇOU";;"NÃO ALCANÇOU";"NÃO ALCANÇOU";"ALCANÇOU";"ALCANÇOU";"ALCANÇOU"
"TO";"170110";"Aparecida do Rio Negro";"ALCANÇOU";"ALCANÇOU";;"NÃO ALCANÇOU";"NÃO ALCANÇOU";"NÃO ALCANÇOU";"ALCANÇOU";"ALCANÇOU"
"TO";"170130";"Aragominas";"ALCANÇOU";"NÃO ALCANÇOU";;"NÃO ALCANÇOU";"ALCANÇOU";"NÃO ALCANÇOU";"ALCANÇOU";"ALCANÇOU"
"TO";"170190";"Araguacema";"ALCANÇOU";"ALCANÇOU";;"NÃO ALCANÇOU";"ALCANÇOU";"NÃO ALCANÇOU";"ALCANÇOU";"ALCANÇOU"
"TO";"170215";"Araguanã";"NÃO ALCANÇOU";"ALCANÇOU";;"NÃO ALCANÇOU";"NÃO ALCANÇOU";"NÃO ALCANÇOU";"ALCANÇOU";"NÃO ALCANÇOU"
"TO";"170220";"Araguatins";"ALCANÇOU";"ALCANÇOU";;"NÃO ALCANÇOU";"NÃO ALCANÇOU";"NÃO ALCANÇOU";"NÃO ALCANÇOU";"ALCANÇOU"
"TO";"170200";"Araguaçu";"ALCANÇOU";"NÃO ALCANÇOU";;"ALCANÇOU";"ALCANÇOU";"NÃO ALCANÇOU";"NÃO ALCANÇOU";"ALCANÇOU"
"TO";"170210";"Araguaína";"ALCANÇOU";"ALCANÇOU";;"NÃO ALCANÇOU";"ALCANÇOU";"ALCANÇOU";"ALCANÇOU";"ALCANÇOU"
"TO";"170230";"Arapoema";"ALCANÇOU";"ALCANÇOU";;"NÃO ALCANÇOU";"ALCANÇOU";"NÃO ALCANÇOU";"ALCANÇOU";"ALCANÇOU"
"TO";"170240";"Arraias";"ALCANÇOU";"ALCANÇOU";;"NÃO ALCANÇOU";"NÃO ALCANÇOU";"NÃO ALCANÇOU";"ALCANÇOU";"ALCANÇOU"
"TO";"170255";"Augustinópolis";"ALCANÇOU";"ALCANÇOU";;"NÃO ALCANÇOU";"ALCANÇOU";"ALCANÇOU";"ALCANÇOU";"ALCANÇOU"
"TO";"170270";"Aurora do Tocantins";"ALCANÇOU";"NÃO ALCANÇOU";;"NÃO ALCANÇOU";"NÃO ALCANÇOU";"NÃO ALCANÇOU";"ALCANÇOU";"ALCANÇOU"
"TO";"170290";"Axixá do Tocantins";"ALCANÇOU";"ALCANÇOU";;"ALCANÇOU";"NÃO ALCANÇOU";"NÃO ALCANÇOU";"NÃO ALCANÇOU";"ALCANÇOU"
"TO";"170300";"Babaçulândia";"ALCANÇOU";"ALCANÇOU";;"NÃO ALCANÇOU";"NÃO ALCANÇOU";"ALCANÇOU";"NÃO ALCANÇOU";"ALCANÇOU"
"TO";"170305";"Bandeirantes do Tocantins";"NÃO ALCANÇOU";"ALCANÇOU";;"ALCANÇOU";"NÃO ALCANÇOU";"NÃO ALCANÇOU";"ALCANÇOU";"NÃO ALCANÇOU"
"TO";"170307";"Barra do Ouro";"ALCANÇOU";"ALCANÇOU";;"NÃO ALCANÇOU";"NÃO ALCANÇOU";"ALCANÇOU";"ALCANÇOU";"NÃO ALCANÇOU"
"TO";"170310";"Barrolândia";"ALCANÇOU";"ALCANÇOU";;"NÃO ALCANÇOU";"ALCANÇOU";"NÃO ALCANÇOU";"ALCANÇOU";"ALCANÇOU"
"TO";"170320";"Bernardo Sayão";"ALCANÇOU";"ALCANÇOU";;"NÃO ALCANÇOU";"NÃO ALCANÇOU";"NÃO ALCANÇOU";"ALCANÇOU";"ALCANÇOU"
"TO";"170330";"Bom Jesus do Tocantins";"ALCANÇOU";"ALCANÇOU";;"ALCANÇOU";"ALCANÇOU";"NÃO ALCANÇOU";"NÃO ALCANÇOU";"ALCANÇOU"
"TO";"170360";"Brasilândia do Tocantins";"NÃO ALCANÇOU";"ALCANÇOU";;"ALCANÇOU";"NÃO ALCANÇOU";"NÃO ALCANÇOU";"ALCANÇOU";"NÃO ALCANÇOU"
"TO";"170370";"Brejinho de Nazaré";"ALCANÇOU";"ALCANÇOU";;"NÃO ALCANÇOU";"ALCANÇOU";"NÃO ALCANÇOU";"ALCANÇOU";"ALCANÇOU"
"TO";"170380";"Buriti do Tocantins";"ALCANÇOU";"ALCANÇOU";;"ALCANÇOU";"ALCANÇOU";"ALCANÇOU";"NÃO ALCANÇOU";"ALCANÇOU"
"TO";"170382";"Cachoeirinha";"ALCANÇOU";"ALCANÇOU";;"ALCANÇOU";"NÃO ALCANÇOU";"ALCANÇOU";"ALCANÇOU";"ALCANÇOU"
"TO";"170384";"Campos Lindos";"ALCANÇOU";"ALCANÇOU";;"ALCANÇOU";"ALCANÇOU";"ALCANÇOU";"ALCANÇOU";"NÃO ALCANÇOU"
"TO";"170386";"Cariri do Tocantins";"ALCANÇOU";"NÃO ALCANÇOU";;"NÃO ALCANÇOU";"ALCANÇOU";"NÃO ALCANÇOU";"ALCANÇOU";"ALCANÇOU"
"TO";"170388";"Carmolândia";"ALCANÇOU";"ALCANÇOU";;"NÃO ALCANÇOU";"ALCANÇOU";"NÃO ALCANÇOU";"ALCANÇOU";"ALCANÇOU"
"TO";"170389";"Carrasco Bonito";"NÃO ALCANÇOU";"ALCANÇOU";;"ALCANÇOU";"ALCANÇOU";"NÃO ALCANÇOU";"ALCANÇOU";"NÃO ALCANÇOU"
"TO";"170390";"Caseara";"ALCANÇOU";"ALCANÇOU";;"NÃO ALCANÇOU";"NÃO ALCANÇOU";"NÃO ALCANÇOU";"ALCANÇOU";"NÃO ALCANÇOU"
"TO";"170410";"Centenário";"ALCANÇOU";"ALCANÇOU";;"ALCANÇOU";"ALCANÇOU";"NÃO ALCANÇOU";"ALCANÇOU";"ALCANÇOU"
"TO";"170510";"Chapada da Natividade";"ALCANÇOU";"ALCANÇOU";;"ALCANÇOU";"NÃO ALCANÇOU";"NÃO ALCANÇOU";"ALCANÇOU";"ALCANÇOU"
"TO";"170460";"Chapada de Areia";"ALCANÇOU";"ALCANÇOU";;"ALCANÇOU";"ALCANÇOU";"NÃO ALCANÇOU";"ALCANÇOU";"ALCANÇOU"
"TO";"170550";"Colinas do Tocantins";"ALCANÇOU";"ALCANÇOU";;"NÃO ALCANÇOU";"ALCANÇOU";"ALCANÇOU";"ALCANÇOU";"ALCANÇOU"
"TO";"171670";"Colméia";"ALCANÇOU";"ALCANÇOU";;"NÃO ALCANÇOU";"NÃO ALCANÇOU";"NÃO ALCANÇOU";"ALCANÇOU";"ALCANÇOU"
"TO";"170555";"Combinado";"ALCANÇOU";"ALCANÇOU";;"NÃO ALCANÇOU";"NÃO ALCANÇOU";"NÃO ALCANÇOU";"ALCANÇOU";"ALCANÇOU"
"TO";"170560";"Conceição do Tocantins";"NÃO ALCANÇOU";"ALCANÇOU";;"ALCANÇOU";"NÃO ALCANÇOU";"NÃO ALCANÇOU";"ALCANÇOU";"ALCANÇOU"
"TO";"170600";"Couto Magalhães";"ALCANÇOU";"ALCANÇOU";;"ALCANÇOU";"ALCANÇOU";"NÃO ALCANÇOU";"ALCANÇOU";"ALCANÇOU"
"TO";"170610";"Cristalândia";"ALCANÇOU";"NÃO ALCANÇOU";;"NÃO ALCANÇOU";"NÃO ALCANÇOU";"NÃO ALCANÇOU";"ALCANÇOU";"ALCANÇOU"
"TO";"170625";"Crixás do Tocantins";"ALCANÇOU";"NÃO ALCANÇOU";;"NÃO ALCANÇOU";"NÃO ALCANÇOU";"NÃO ALCANÇOU";"ALCANÇOU";"ALCANÇOU"
"TO";"170650";"Darcinópolis";"ALCANÇOU";"ALCANÇOU";;"NÃO ALCANÇOU";"NÃO ALCANÇOU";"NÃO ALCANÇOU";"ALCANÇOU";"ALCANÇOU"
"TO";"170700";"Dianópolis";"ALCANÇOU";"ALCANÇOU";;"NÃO ALCANÇOU";"ALCANÇOU";"NÃO ALCANÇOU";"ALCANÇOU";"ALCANÇOU"
"TO";"170710";"Divinópolis do Tocantins";"ALCANÇOU";"ALCANÇOU";;"NÃO ALCANÇOU";"ALCANÇOU";"NÃO ALCANÇOU";"ALCANÇOU";"ALCANÇOU"
"TO";"170720";"Dois Irmãos do Tocantins";"ALCANÇOU";"ALCANÇOU";;"ALCANÇOU";"NÃO ALCANÇOU";"ALCANÇOU";"ALCANÇOU";"ALCANÇOU"
"TO";"170730";"Dueré";"ALCANÇOU";"ALCANÇOU";;"ALCANÇOU";"ALCANÇOU";"NÃO ALCANÇOU";"NÃO ALCANÇOU";"ALCANÇOU"
"TO";"170740";"Esperantina";"NÃO ALCANÇOU";"ALCANÇOU";;"ALCANÇOU";"NÃO ALCANÇOU";"NÃO ALCANÇOU";"ALCANÇOU";"NÃO ALCANÇOU"
"TO";"170765";"Figueirópolis";"ALCANÇOU";"ALCANÇOU";;"NÃO ALCANÇOU";"NÃO ALCANÇOU";"NÃO ALCANÇOU";"NÃO ALCANÇOU";"ALCANÇOU"
"TO";"170770";"Filadélfia";"ALCANÇOU";"ALCANÇOU";;"NÃO ALCANÇOU";"ALCANÇOU";"ALCANÇOU";"NÃO ALCANÇOU";"ALCANÇOU"
"TO";"170820";"Formoso do Araguaia";"ALCANÇOU";"ALCANÇOU";;"NÃO ALCANÇOU";"NÃO ALCANÇOU";"NÃO ALCANÇOU";"ALCANÇOU";"ALCANÇOU"
"TO";"170825";"Fortaleza do Tabocão";"ALCANÇOU";"ALCANÇOU";;;"ALCANÇOU";"NÃO ALCANÇOU";"ALCANÇOU";"ALCANÇOU"
"TO";"170755";"Fátima";"NÃO ALCANÇOU";"ALCANÇOU";;"NÃO ALCANÇOU";"NÃO ALCANÇOU";"NÃO ALCANÇOU";"ALCANÇOU";"ALCANÇOU"
"TO";"170830";"Goianorte";"ALCANÇOU";"ALCANÇOU";;"ALCANÇOU";"NÃO ALCANÇOU";"NÃO ALCANÇOU";"ALCANÇOU";"ALCANÇOU"
"TO";"170900";"Goiatins";"ALCANÇOU";"ALCANÇOU";;"ALCANÇOU";"ALCANÇOU";"ALCANÇOU";"ALCANÇOU";"NÃO ALCANÇOU"
"TO";"170930";"Guaraí";"ALCANÇOU";"ALCANÇOU";;"NÃO ALCANÇOU";"NÃO ALCANÇOU";"NÃO ALCANÇOU";"NÃO ALCANÇOU";"ALCANÇOU"
"TO";"170950";"Gurupi";"ALCANÇOU";"ALCANÇOU";;"NÃO ALCANÇOU";"ALCANÇOU";"ALCANÇOU";"NÃO ALCANÇOU";"ALCANÇOU"
"TO";"170980";"Ipueiras";"NÃO ALCANÇOU";"ALCANÇOU";;"NÃO ALCANÇOU";"NÃO ALCANÇOU";"NÃO ALCANÇOU";"NÃO ALCANÇOU";"ALCANÇOU"
"TO";"171050";"Itacajá";"ALCANÇOU";"ALCANÇOU";;"NÃO ALCANÇOU";"ALCANÇOU";"NÃO ALCANÇOU";"ALCANÇOU";"ALCANÇOU"
"TO";"171070";"Itaguatins";"ALCANÇOU";"ALCANÇOU";;"NÃO ALCANÇOU";"NÃO ALCANÇOU";"NÃO ALCANÇOU";"NÃO ALCANÇOU";"ALCANÇOU"
"TO";"171090";"Itapiratins";"NÃO ALCANÇOU";"ALCANÇOU";;"ALCANÇOU";"NÃO ALCANÇOU";"NÃO ALCANÇOU";"ALCANÇOU";"ALCANÇOU"
"TO";"171110";"Itaporã do Tocantins";"ALCANÇOU";"ALCANÇOU";;"NÃO ALCANÇOU";"NÃO ALCANÇOU";"NÃO ALCANÇOU";"ALCANÇOU";"NÃO ALCANÇOU"
"TO";"171150";"Jaú do Tocantins";"ALCANÇOU";"ALCANÇOU";;"NÃO ALCANÇOU";"ALCANÇOU";"NÃO ALCANÇOU";"ALCANÇOU";"ALCANÇOU"
"TO";"171180";"Juarina";"ALCANÇOU";"ALCANÇOU";;"ALCANÇOU";"NÃO ALCANÇOU";"NÃO ALCANÇOU";"ALCANÇOU";"NÃO ALCANÇOU"
"TO";"171190";"Lagoa da Confusão";"ALCANÇOU";"ALCANÇOU";;"NÃO ALCANÇOU";"ALCANÇOU";"NÃO ALCANÇOU";"NÃO ALCANÇOU";"ALCANÇOU"
"TO";"171195";"Lagoa do Tocantins";"ALCANÇOU";"ALCANÇOU";;"ALCANÇOU";"NÃO ALCANÇOU";"NÃO ALCANÇOU";"ALCANÇOU";"NÃO ALCANÇOU"
"TO";"171200";"Lajeado";"ALCANÇOU";"ALCANÇOU";;"ALCANÇOU";"ALCANÇOU";"NÃO ALCANÇOU";"NÃO ALCANÇOU";"ALCANÇOU"
"TO";"171215";"Lavandeira";"NÃO ALCANÇOU";"ALCANÇOU";;"NÃO ALCANÇOU";"ALCANÇOU";"NÃO ALCANÇOU";"ALCANÇOU";"ALCANÇOU"
"TO";"171240";"Lizarda";"ALCANÇOU";"NÃO ALCANÇOU";;"NÃO ALCANÇOU";"NÃO ALCANÇOU";"NÃO ALCANÇOU";"ALCANÇOU";"ALCANÇOU"
"TO";"171245";"Luzinópolis";"ALCANÇOU";"ALCANÇOU";;"ALCANÇOU";"NÃO ALCANÇOU";"NÃO ALCANÇOU";"ALCANÇOU";"ALCANÇOU"
"TO";"171250";"Marianópolis do Tocantins";"ALCANÇOU";"ALCANÇOU";;"NÃO ALCANÇOU";"ALCANÇOU";"NÃO ALCANÇOU";"ALCANÇOU";"ALCANÇOU"
"TO";"171270";"Mateiros";"ALCANÇOU";"ALCANÇOU";;"NÃO ALCANÇOU";"NÃO ALCANÇOU";"NÃO ALCANÇOU";"ALCANÇOU";"ALCANÇOU"
"TO";"171280";"Maurilândia do Tocantins";"ALCANÇOU";"ALCANÇOU";;"NÃO ALCANÇOU";"NÃO ALCANÇOU";"NÃO ALCANÇOU";"ALCANÇOU";"ALCANÇOU"
"TO";"171320";"Miracema do Tocantins";"ALCANÇOU";"ALCANÇOU";;"NÃO ALCANÇOU";"ALCANÇOU";"NÃO ALCANÇOU";"ALCANÇOU";"ALCANÇOU"
"TO";"171330";"Miranorte";"ALCANÇOU";"ALCANÇOU";;"ALCANÇOU";"NÃO ALCANÇOU";"NÃO ALCANÇOU";"ALCANÇOU";"ALCANÇOU"
"TO";"171370";"Monte Santo do Tocantins";"ALCANÇOU";"ALCANÇOU";;"NÃO ALCANÇOU";"NÃO ALCANÇOU";"NÃO ALCANÇOU";"ALCANÇOU";"NÃO ALCANÇOU"
"TO";"171360";"Monte do Carmo";"ALCANÇOU";"ALCANÇOU";;"NÃO ALCANÇOU";"NÃO ALCANÇOU";"NÃO ALCANÇOU";"ALCANÇOU";"ALCANÇOU"
"TO";"171395";"Muricilândia";"ALCANÇOU";"ALCANÇOU";;"NÃO ALCANÇOU";"NÃO ALCANÇOU";"NÃO ALCANÇOU";"ALCANÇOU";"ALCANÇOU"
"TO";"171420";"Natividade";"ALCANÇOU";"ALCANÇOU";;"NÃO ALCANÇOU";"NÃO ALCANÇOU";"NÃO ALCANÇOU";"NÃO ALCANÇOU";"ALCANÇOU"
"TO";"171430";"Nazaré";"ALCANÇOU";"ALCANÇOU";;"NÃO ALCANÇOU";"NÃO ALCANÇOU";"NÃO ALCANÇOU";"ALCANÇOU";"ALCANÇOU"
"TO";"171488";"Nova Olinda";"ALCANÇOU";"ALCANÇOU";;"NÃO ALCANÇOU";"NÃO ALCANÇOU";"ALCANÇOU";"ALCANÇOU";"ALCANÇOU"
"TO";"171500";"Nova Rosalândia";"NÃO ALCANÇOU";"ALCANÇOU";;"NÃO ALCANÇOU";"ALCANÇOU";"ALCANÇOU";"ALCANÇOU";"ALCANÇOU"
"TO";"171510";"Novo Acordo";"ALCANÇOU";"ALCANÇOU";;"NÃO ALCANÇOU";"NÃO ALCANÇOU";"NÃO ALCANÇOU";"NÃO ALCANÇOU";"ALCANÇOU"
"TO";"171515";"Novo Alegre";"ALCANÇOU";"ALCANÇOU";;"ALCANÇOU";"NÃO ALCANÇOU";"NÃO ALCANÇOU";"ALCANÇOU";"ALCANÇOU"
"TO";"171525";"Novo Jardim";"ALCANÇOU";"ALCANÇOU";;"NÃO ALCANÇOU";"NÃO ALCANÇOU";"NÃO ALCANÇOU";"ALCANÇOU";"ALCANÇOU"
"TO";"171550";"Oliveira de Fátima";"ALCANÇOU";"ALCANÇOU";;"ALCANÇOU";"NÃO ALCANÇOU";"NÃO ALCANÇOU";"ALCANÇOU";"NÃO ALCANÇOU"
"TO";"172100";"Palmas";"ALCANÇOU";"ALCANÇOU";;"NÃO ALCANÇOU";"NÃO ALCANÇOU";"ALCANÇOU";"NÃO ALCANÇOU";"ALCANÇOU"
"TO";"171570";"Palmeirante";"NÃO ALCANÇOU";"ALCANÇOU";;"ALCANÇOU";"NÃO ALCANÇOU";"NÃO ALCANÇOU";"ALCANÇOU";"ALCANÇOU"
"TO";"171380";"Palmeiras do Tocantins";"ALCANÇOU";"ALCANÇOU";;"ALCANÇOU";"NÃO ALCANÇOU";"ALCANÇOU";"NÃO ALCANÇOU";"ALCANÇOU"
"TO";"171575";"Palmeirópolis";"ALCANÇOU";"ALCANÇOU";;"ALCANÇOU";"NÃO ALCANÇOU";"NÃO ALCANÇOU";"ALCANÇOU";"ALCANÇOU"
"TO";"171620";"Paranã";"ALCANÇOU";"ALCANÇOU";;"NÃO ALCANÇOU";"NÃO ALCANÇOU";"NÃO ALCANÇOU";"ALCANÇOU";"NÃO ALCANÇOU"
"TO";"171610";"Paraíso do Tocantins";"ALCANÇOU";"ALCANÇOU";;"NÃO ALCANÇOU";"ALCANÇOU";"NÃO ALCANÇOU";"NÃO ALCANÇOU";"ALCANÇOU"
"TO";"171630";"Pau D'Arco";"NÃO ALCANÇOU";"ALCANÇOU";;"NÃO ALCANÇOU";"NÃO ALCANÇOU";"ALCANÇOU";"ALCANÇOU";
"TO";"171630";"Pau DArco";;;;;;;;"ALCANÇOU"
"TO";"171650";"Pedro Afonso";"ALCANÇOU";"ALCANÇOU";;"NÃO ALCANÇOU";"NÃO ALCANÇOU";"NÃO ALCANÇOU";"ALCANÇOU";"ALCANÇOU"
"TO";"171660";"Peixe";"ALCANÇOU";"ALCANÇOU";;"NÃO ALCANÇOU";"ALCANÇOU";"ALCANÇOU";"NÃO ALCANÇOU";"ALCANÇOU"
"TO";"171665";"Pequizeiro";"ALCANÇOU";"ALCANÇOU";;"ALCANÇOU";"NÃO ALCANÇOU";"NÃO ALCANÇOU";"ALCANÇOU";"ALCANÇOU"
"TO";"171700";"Pindorama do Tocantins";"ALCANÇOU";"ALCANÇOU";;"ALCANÇOU";"NÃO ALCANÇOU";"NÃO ALCANÇOU";"ALCANÇOU";"ALCANÇOU"
"TO";"171720";"Piraquê";"ALCANÇOU";"ALCANÇOU";;"NÃO ALCANÇOU";"ALCANÇOU";"NÃO ALCANÇOU";"ALCANÇOU";"ALCANÇOU"
"TO";"171750";"Pium";"ALCANÇOU";"ALCANÇOU";;"NÃO ALCANÇOU";"ALCANÇOU";"NÃO ALCANÇOU";"NÃO ALCANÇOU";"ALCANÇOU"
"TO";"171780";"Ponte Alta do Bom Jesus";"ALCANÇOU";"ALCANÇOU";;"NÃO ALCANÇOU";"NÃO ALCANÇOU";"NÃO ALCANÇOU";"ALCANÇOU";"ALCANÇOU"
"TO";"171790";"Ponte Alta do Tocantins";"ALCANÇOU";"ALCANÇOU";;"NÃO ALCANÇOU";"NÃO ALCANÇOU";"NÃO ALCANÇOU";"ALCANÇOU";"ALCANÇOU"
"TO";"171800";"Porto Alegre do Tocantins";"ALCANÇOU";"ALCANÇOU";;"ALCANÇOU";"ALCANÇOU";"NÃO ALCANÇOU";"ALCANÇOU";"ALCANÇOU"
"TO";"171820";"Porto Nacional";"ALCANÇOU";"ALCANÇOU";;"NÃO ALCANÇOU";"ALCANÇOU";"ALCANÇOU";"NÃO ALCANÇOU";"ALCANÇOU"
"TO";"171830";"Praia Norte";"ALCANÇOU";"ALCANÇOU";;"NÃO ALCANÇOU";"NÃO ALCANÇOU";"ALCANÇOU";"ALCANÇOU";"NÃO ALCANÇOU"
"TO";"171840";"Presidente Kennedy";"ALCANÇOU";"ALCANÇOU";;"ALCANÇOU";"NÃO ALCANÇOU";"NÃO ALCANÇOU";"ALCANÇOU";"ALCANÇOU"
"TO";"171845";"Pugmil";"ALCANÇOU";"ALCANÇOU";;"NÃO ALCANÇOU";"NÃO ALCANÇOU";"NÃO ALCANÇOU";"ALCANÇOU";"ALCANÇOU"
"TO";"171850";"Recursolândia";"NÃO ALCANÇOU";"ALCANÇOU";;"ALCANÇOU";"ALCANÇOU";"NÃO ALCANÇOU";"ALCANÇOU";"ALCANÇOU"
"TO";"171855";"Riachinho";"ALCANÇOU";"ALCANÇOU";;"NÃO ALCANÇOU";"ALCANÇOU";"NÃO ALCANÇOU";"ALCANÇOU";"ALCANÇOU"
"TO";"171875";"Rio Sono";"ALCANÇOU";"ALCANÇOU";;"ALCANÇOU";"NÃO ALCANÇOU";"ALCANÇOU";"ALCANÇOU";"ALCANÇOU"
"TO";"171865";"Rio da Conceição";"ALCANÇOU";"ALCANÇOU";;"ALCANÇOU";"NÃO ALCANÇOU";"NÃO ALCANÇOU";"ALCANÇOU";"ALCANÇOU"
"TO";"171870";"Rio dos Bois";"ALCANÇOU";"ALCANÇOU";;"NÃO ALCANÇOU";"ALCANÇOU";"NÃO ALCANÇOU";"ALCANÇOU";"NÃO ALCANÇOU"
"TO";"171880";"Sampaio";"ALCANÇOU";"ALCANÇOU";;"ALCANÇOU";"NÃO ALCANÇOU";"ALCANÇOU";"ALCANÇOU";"ALCANÇOU"
"TO";"171884";"Sandolândia";"ALCANÇOU";"ALCANÇOU";;"ALCANÇOU";"NÃO ALCANÇOU";"NÃO ALCANÇOU";"ALCANÇOU";"ALCANÇOU"
"TO";"171886";"Santa Fé do Araguaia";"ALCANÇOU";"ALCANÇOU";;"NÃO ALCANÇOU";"ALCANÇOU";"NÃO ALCANÇOU";"ALCANÇOU";"ALCANÇOU"
"TO";"171888";"Santa Maria do Tocantins";"ALCANÇOU";"ALCANÇOU";;"NÃO ALCANÇOU";"NÃO ALCANÇOU";"NÃO ALCANÇOU";"ALCANÇOU";"NÃO ALCANÇOU"
"TO";"171889";"Santa Rita do Tocantins";"NÃO ALCANÇOU";"ALCANÇOU";;"ALCANÇOU";"ALCANÇOU";"NÃO ALCANÇOU";"ALCANÇOU";"ALCANÇOU"
"TO";"171890";"Santa Rosa do Tocantins";"ALCANÇOU";"ALCANÇOU";;"ALCANÇOU";"NÃO ALCANÇOU";"NÃO ALCANÇOU";"ALCANÇOU";"NÃO ALCANÇOU"
"TO";"171900";"Santa Tereza do Tocantins";"ALCANÇOU";"ALCANÇOU";;"NÃO ALCANÇOU";"NÃO ALCANÇOU";"NÃO ALCANÇOU";"ALCANÇOU";"NÃO ALCANÇOU"
"TO";"172000";"Santa Terezinha do Tocantins";"ALCANÇOU";"ALCANÇOU";;"NÃO ALCANÇOU";"ALCANÇOU";"NÃO ALCANÇOU";"ALCANÇOU";"ALCANÇOU"
"TO";"172065";"Silvanópolis";"ALCANÇOU";"ALCANÇOU";;"NÃO ALCANÇOU";"ALCANÇOU";"ALCANÇOU";"NÃO ALCANÇOU";"ALCANÇOU"
"TO";"172085";"Sucupira";"NÃO ALCANÇOU";"ALCANÇOU";;"ALCANÇOU";"NÃO ALCANÇOU";"NÃO ALCANÇOU";"ALCANÇOU";"NÃO ALCANÇOU"
"TO";"172010";"São Bento do Tocantins";"ALCANÇOU";"ALCANÇOU";;"NÃO ALCANÇOU";"NÃO ALCANÇOU";"NÃO ALCANÇOU";"ALCANÇOU";"ALCANÇOU"
"TO";"172015";"São Félix do Tocantins";"ALCANÇOU";"ALCANÇOU";;"NÃO ALCANÇOU";"NÃO ALCANÇOU";"NÃO ALCANÇOU";"ALCANÇOU";"ALCANÇOU"
"TO";"172020";"São Miguel do Tocantins";"ALCANÇOU";"ALCANÇOU";;"ALCANÇOU";"NÃO ALCANÇOU";"NÃO ALCANÇOU";"ALCANÇOU";"ALCANÇOU"
"TO";"172025";"São Salvador do Tocantins";"ALCANÇOU";"ALCANÇOU";;"ALCANÇOU";"ALCANÇOU";"NÃO ALCANÇOU";"ALCANÇOU";"ALCANÇOU"
"TO";"172030";"São Sebastião do Tocantins";"ALCANÇOU";"ALCANÇOU";;"NÃO ALCANÇOU";"ALCANÇOU";"NÃO ALCANÇOU";"ALCANÇOU";"ALCANÇOU"
"TO";"172049";"São Valério";"ALCANÇOU";"ALCANÇOU";;"NÃO ALCANÇOU";"NÃO ALCANÇOU";"NÃO ALCANÇOU";"NÃO ALCANÇOU";"ALCANÇOU"
"TO";"172080";"Sítio Novo do Tocantins";"ALCANÇOU";"ALCANÇOU";;"NÃO ALCANÇOU";"ALCANÇOU";"NÃO ALCANÇOU";"ALCANÇOU";"ALCANÇOU"
"TO";"170825";"Tabocão";;;;"ALCANÇOU";;;;
"TO";"172090";"Taguatinga";"ALCANÇOU";"ALCANÇOU";;"ALCANÇOU";"ALCANÇOU";"NÃO ALCANÇOU";"ALCANÇOU";"ALCANÇOU"
"TO";"172093";"Taipas do Tocantins";"ALCANÇOU";"ALCANÇOU";;"NÃO ALCANÇOU";"NÃO ALCANÇOU";"NÃO ALCANÇOU";"ALCANÇOU";"ALCANÇOU"
"TO";"172097";"Talismã";"ALCANÇOU";"NÃO ALCANÇOU";;"ALCANÇOU";"ALCANÇOU";"NÃO ALCANÇOU";"ALCANÇOU";"ALCANÇOU"
"TO";"172120";"Tocantinópolis";"ALCANÇOU";"ALCANÇOU";;"NÃO ALCANÇOU";"ALCANÇOU";"NÃO ALCANÇOU";"NÃO ALCANÇOU";"ALCANÇOU"
"TO";"172110";"Tocantínia";"ALCANÇOU";"ALCANÇOU";;"NÃO ALCANÇOU";"NÃO ALCANÇOU";"NÃO ALCANÇOU";"ALCANÇOU";"NÃO ALCANÇOU"
"TO";"172125";"Tupirama";"ALCANÇOU";"ALCANÇOU";;"NÃO ALCANÇOU";"NÃO ALCANÇOU";"NÃO ALCANÇOU";"ALCANÇOU";"NÃO ALCANÇOU"
"TO";"172130";"Tupiratins";"ALCANÇOU";"ALCANÇOU";;"NÃO ALCANÇOU";"NÃO ALCANÇOU";"NÃO ALCANÇOU";"ALCANÇOU";"NÃO ALCANÇOU"
"TO";"172208";"Wanderlândia";"ALCANÇOU";"ALCANÇOU";;"NÃO ALCANÇOU";"NÃO ALCANÇOU";"ALCANÇOU";"NÃO ALCANÇOU";"ALCANÇOU"
"TO";"172210";"Xambioá";"ALCANÇOU";"ALCANÇOU";;"NÃO ALCANÇOU";"ALCANÇOU";"ALCANÇOU";"NÃO ALCANÇOU";"ALCANÇOU"
"TO";"170025";;;;"ALCANÇOU";;;;;
"TO";"170030";;;;"NÃO ALCANÇOU";;;;;
"TO";"170035";;;;"ALCANÇOU";;;;;
"TO";"170040";;;;"NÃO ALCANÇOU";;;;;
"TO";"170070";;;;"NÃO ALCANÇOU";;;;;
"TO";"170100";;;;"NÃO ALCANÇOU";;;;;
"TO";"170105";;;;"ALCANÇOU";;;;;
"TO";"170110";;;;"NÃO ALCANÇOU";;;;;
"TO";"170130";;;;"NÃO ALCANÇOU";;;;;
"TO";"170190";;;;"ALCANÇOU";;;;;
"TO";"170200";;;;"ALCANÇOU";;;;;
"TO";"170210";;;;"ALCANÇOU";;;;;
"TO";"170215";;;;"ALCANÇOU";;;;;
"TO";"170220";;;;"NÃO ALCANÇOU";;;;;
"TO";"170230";;;;"NÃO ALCANÇOU";;;;;
"TO";"170240";;;;"NÃO ALCANÇOU";;;;;
"TO";"170255";;;;"ALCANÇOU";;;;;
"TO";"170270";;;;"NÃO ALCANÇOU";;;;;
"TO";"170290";;;;"ALCANÇOU";;;;;
"TO";"170300";;;;"ALCANÇOU";;;;;
"TO";"170305";;;;"ALCANÇOU";;;;;
"TO";"170307";;;;"NÃO ALCANÇOU";;;;;
"TO";"170310";;;;"NÃO ALCANÇOU";;;;;
"TO";"170320";;;;"NÃO ALCANÇOU";;;;;
"TO";"170330";;;;"ALCANÇOU";;;;;
"TO";"170360";;;;"NÃO ALCANÇOU";;;;;
"TO";"170370";;;;"NÃO ALCANÇOU";;;;;
"TO";"170380";;;;"ALCANÇOU";;;;;
"TO";"170382";;;;"NÃO ALCANÇOU";;;;;
"TO";"170384";;;;"NÃO ALCANÇOU";;;;;
"TO";"170386";;;;"ALCANÇOU";;;;;
"TO";"170388";;;;"ALCANÇOU";;;;;
"TO";"170389";;;;"ALCANÇOU";;;;;
"TO";"170390";;;;"ALCANÇOU";;;;;
"TO";"170410";;;;"ALCANÇOU";;;;;
"TO";"170460";;;;"ALCANÇOU";;;;;
"TO";"170510";;;;"NÃO ALCANÇOU";;;;;
"TO";"170550";;;;"ALCANÇOU";;;;;
"TO";"170555";;;;"ALCANÇOU";;;;;
"TO";"170560";;;;"NÃO ALCANÇOU";;;;;
"TO";"170600";;;;"NÃO ALCANÇOU";;;;;
"TO";"170610";;;;"NÃO ALCANÇOU";;;;;
"TO";"170625";;;;"NÃO ALCANÇOU";;;;;
"TO";"170650";;;;"NÃO ALCANÇOU";;;;;
"TO";"170700";;;;"NÃO ALCANÇOU";;;;;
"TO";"170710";;;;"ALCANÇOU";;;;;
"TO";"170720";;;;"NÃO ALCANÇOU";;;;;
"TO";"170730";;;;"NÃO ALCANÇOU";;;;;
"TO";"170740";;;;"NÃO ALCANÇOU";;;;;
"TO";"170755";;;;"NÃO ALCANÇOU";;;;;
"TO";"170765";;;;"NÃO ALCANÇOU";;;;;
"TO";"170770";;;;"NÃO ALCANÇOU";;;;;
"TO";"170820";;;;"ALCANÇOU";;;;;
"TO";"170825";;;;"ALCANÇOU";;;;;
"TO";"170830";;;;"ALCANÇOU";;;;;
"TO";"170900";;;;"ALCANÇOU";;;;;
"TO";"170930";;;;"NÃO ALCANÇOU";;;;;
"TO";"170950";;;;"NÃO ALCANÇOU";;;;;
"TO";"170980";;;;"NÃO ALCANÇOU";;;;;
"TO";"171050";;;;"ALCANÇOU";;;;;
"TO";"171070";;;;"NÃO ALCANÇOU";;;;;
"TO";"171090";;;;"NÃO ALCANÇOU";;;;;
"TO";"171110";;;;"ALCANÇOU";;;;;
"TO";"171150";;;;"NÃO ALCANÇOU";;;;;
"TO";"171180";;;;"NÃO ALCANÇOU";;;;;
"TO";"171190";;;;"NÃO ALCANÇOU";;;;;
"TO";"171195";;;;"ALCANÇOU";;;;;
"TO";"171200";;;;"ALCANÇOU";;;;;
"TO";"171215";;;;"ALCANÇOU";;;;;
"TO";"171240";;;;"NÃO ALCANÇOU";;;;;
"TO";"171245";;;;"NÃO ALCANÇOU";;;;;
"TO";"171250";;;;"NÃO ALCANÇOU";;;;;
"TO";"171270";;;;"NÃO ALCANÇOU";;;;;
"TO";"171280";;;;"ALCANÇOU";;;;;
"TO";"171320";;;;"NÃO ALCANÇOU";;;;;
"TO";"171330";;;;"ALCANÇOU";;;;;
"TO";"171360";;;;"NÃO ALCANÇOU";;;;;
"TO";"171370";;;;"ALCANÇOU";;;;;
"TO";"171380";;;;"ALCANÇOU";;;;;
"TO";"171395";;;;"ALCANÇOU";;;;;
"TO";"171420";;;;"ALCANÇOU";;;;;
"TO";"171430";;;;"ALCANÇOU";;;;;
"TO";"171488";;;;"ALCANÇOU";;;;;
"TO";"171500";;;;"ALCANÇOU";;;;;
"TO";"171510";;;;"ALCANÇOU";;;;;
"TO";"171515";;;;"ALCANÇOU";;;;;
"TO";"171525";;;;"NÃO ALCANÇOU";;;;;
"TO";"171550";;;;"ALCANÇOU";;;;;
"TO";"171570";;;;"ALCANÇOU";;;;;
"TO";"171575";;;;"ALCANÇOU";;;;;
"TO";"171610";;;;"NÃO ALCANÇOU";;;;;
"TO";"171620";;;;"NÃO ALCANÇOU";;;;;
"TO";"171630";;;;"ALCANÇOU";;;;;
"TO";"171650";;;;"NÃO ALCANÇOU";;;;;
"TO";"171660";;;;"NÃO ALCANÇOU";;;;;
"TO";"171665";;;;"NÃO ALCANÇOU";;;;;
"TO";"171670";;;;"ALCANÇOU";;;;;
"TO";"171700";;;;"NÃO ALCANÇOU";;;;;
"TO";"171720";;;;"NÃO ALCANÇOU";;;;;
"TO";"171750";;;;"NÃO ALCANÇOU";;;;;
"TO";"171780";;;;"NÃO ALCANÇOU";;;;;
"TO";"171790";;;;"NÃO ALCANÇOU";;;;;
"TO";"171800";;;;"ALCANÇOU";;;;;
"TO";"171820";;;;"ALCANÇOU";;;;;
"TO";"171830";;;;"NÃO ALCANÇOU";;;;;
"TO";"171840";;;;"NÃO ALCANÇOU";;;;;
"TO";"171845";;;;"ALCANÇOU";;;;;
"TO";"171850";;;;"ALCANÇOU";;;;;
"TO";"171855";;;;"NÃO ALCANÇOU";;;;;
"TO";"171865";;;;"ALCANÇOU";;;;;
"TO";"171870";;;;"ALCANÇOU";;;;;
"TO";"171875";;;;"ALCANÇOU";;;;;
"TO";"171880";;;;"ALCANÇOU";;;;;
"TO";"171884";;;;"ALCANÇOU";;;;;
"TO";"171886";;;;"ALCANÇOU";;;;;
"TO";"171888";;;;"ALCANÇOU";;;;;
"TO";"171889";;;;"NÃO ALCANÇOU";;;;;
"TO";"171890";;;;"ALCANÇOU";;;;;
"TO";"171900";;;;"ALCANÇOU";;;;;
"TO";"172000";;;;"ALCANÇOU";;;;;
"TO";"172010";;;;"NÃO ALCANÇOU";;;;;
"TO";"172015";;;;"NÃO ALCANÇOU";;;;;
"TO";"172020";;;;"ALCANÇOU";;;;;
"TO";"172025";;;;"NÃO ALCANÇOU";;;;;
"TO";"172030";;;;"ALCANÇOU";;;;;
"TO";"172049";;;;"ALCANÇOU";;;;;
"TO";"172065";;;;"ALCANÇOU";;;;;
"TO";"172080";;;;"NÃO ALCANÇOU";;;;;
"TO";"172085";;;;"NÃO ALCANÇOU";;;;;
"TO";"172090";;;;"NÃO ALCANÇOU";;;;;
"TO";"172093";;;;"NÃO ALCANÇOU";;;;;
"TO";"172097";;;;"ALCANÇOU";;;;;
"TO";"172100";;;;"ALCANÇOU";;;;;
"TO";"172110";;;;"ALCANÇOU";;;;;
"TO";"172120";;;;"NÃO ALCANÇOU";;;;;
"TO";"172125";;;;"ALCANÇOU";;;;;
"TO";"172130";;;;"NÃO ALCANÇOU";;;;;
"TO";"172208";;;;"ALCANÇOU";;;;;
"TO";"172210";;;;"ALCANÇOU";;;;;
